season,role,position,lead,column,delta_pp,nan_pos,nan_lead,n
20-21,FB,RWB,RB,Goals per 90,2.943529035354344,8.206686930091186,5.263157894736842,329
20-21,FB,RWB,RB,Red cards per 90,2.943529035354344,8.206686930091186,5.263157894736842,329
20-21,FB,RWB,RB,Yellow cards per 90,2.943529035354344,8.206686930091186,5.263157894736842,329
20-21,FB,RWB,RB,Duels per 90,2.893876602385128,8.206686930091186,5.312810327706058,329
20-21,FB,RWB,RB,"Accurate smart passes, %",2.893876602385128,8.206686930091186,5.312810327706058,329
20-21,FB,RWB,RB,Third assists per 90,2.893876602385128,8.206686930091186,5.312810327706058,329
20-21,FB,RWB,RB,Second assists per 90,2.893876602385128,8.206686930091186,5.312810327706058,329
20-21,FB,RWB,RB,Shot assists per 90,2.893876602385128,8.206686930091186,5.312810327706058,329
20-21,FB,RWB,RB,xA per 90,2.893876602385128,8.206686930091186,5.312810327706058,329
20-21,FB,RWB,RB,"Accurate long passes, %",2.893876602385128,8.206686930091186,5.312810327706058,329
20-21,FB,RWB,RB,Long passes per 90,2.893876602385128,8.206686930091186,5.312810327706058,329
20-21,FB,RWB,RB,"Accurate short / medium passes, %",2.893876602385128,8.206686930091186,5.312810327706058,329
20-21,FB,RWB,RB,Short / medium passes per 90,2.893876602385128,8.206686930091186,5.312810327706058,329
20-21,FB,RWB,RB,"Accurate lateral passes, %",2.893876602385128,8.206686930091186,5.312810327706058,329
20-21,FB,RWB,RB,Lateral passes per 90,2.893876602385128,8.206686930091186,5.312810327706058,329
20-21,FB,RWB,RB,"Accurate back passes, %",2.893876602385128,8.206686930091186,5.312810327706058,329
20-21,FB,RWB,RB,Back passes per 90,2.893876602385128,8.206686930091186,5.312810327706058,329
20-21,FB,RWB,RB,"Accurate forward passes, %",2.893876602385128,8.206686930091186,5.312810327706058,329
20-21,FB,RWB,RB,Forward passes per 90,2.893876602385128,8.206686930091186,5.312810327706058,329
20-21,FB,RWB,RB,Smart passes per 90,2.893876602385128,8.206686930091186,5.312810327706058,329
20-21,FB,RWB,RB,Passes to final third per 90,2.893876602385128,8.206686930091186,5.312810327706058,329
20-21,FB,RWB,RB,Key passes per 90,2.893876602385128,8.206686930091186,5.312810327706058,329
20-21,FB,RWB,RB,Progressive passes per 90,2.893876602385128,8.206686930091186,5.312810327706058,329
20-21,FB,RWB,RB,"Direct free kicks on target, %",2.893876602385128,8.206686930091186,5.312810327706058,329
20-21,FB,RWB,RB,Direct free kicks per 90,2.893876602385128,8.206686930091186,5.312810327706058,329
20-21,FB,RWB,RB,Free kicks per 90,2.893876602385128,8.206686930091186,5.312810327706058,329
20-21,FB,RWB,RB,Back passes received as GK per 90,2.893876602385128,8.206686930091186,5.312810327706058,329
20-21,FB,RWB,RB,xG against per 90,2.893876602385128,8.206686930091186,5.312810327706058,329
20-21,FB,RWB,RB,"Accurate progressive passes, %",2.893876602385128,8.206686930091186,5.312810327706058,329
20-21,FB,RWB,RB,Deep completed crosses per 90,2.893876602385128,8.206686930091186,5.312810327706058,329
20-21,FB,RWB,RB,Passes per 90,2.893876602385128,8.206686930091186,5.312810327706058,329
20-21,FB,RWB,RB,Deep completions per 90,2.893876602385128,8.206686930091186,5.312810327706058,329
20-21,FB,RWB,RB,"Accurate through passes, %",2.893876602385128,8.206686930091186,5.312810327706058,329
20-21,FB,RWB,RB,Through passes per 90,2.893876602385128,8.206686930091186,5.312810327706058,329
20-21,FB,RWB,RB,"Accurate passes to penalty area, %",2.893876602385128,8.206686930091186,5.312810327706058,329
20-21,FB,RWB,RB,Passes to penalty area per 90,2.893876602385128,8.206686930091186,5.312810327706058,329
20-21,FB,RWB,RB,"Accurate passes to final third, %",2.893876602385128,8.206686930091186,5.312810327706058,329
20-21,FB,RWB,RB,"Accurate passes, %",2.893876602385128,8.206686930091186,5.312810327706058,329
20-21,FB,RWB,RB,Received long passes per 90,2.893876602385128,8.206686930091186,5.312810327706058,329
20-21,FB,RWB,RB,Fouls suffered per 90,2.893876602385128,8.206686930091186,5.312810327706058,329
20-21,FB,RWB,RB,Interceptions per 90,2.893876602385128,8.206686930091186,5.312810327706058,329
20-21,FB,RWB,RB,Shots per 90,2.893876602385128,8.206686930091186,5.312810327706058,329
20-21,FB,RWB,RB,Head goals per 90,2.893876602385128,8.206686930091186,5.312810327706058,329
20-21,FB,RWB,RB,xG per 90,2.893876602385128,8.206686930091186,5.312810327706058,329
20-21,FB,RWB,RB,Non-penalty goals per 90,2.893876602385128,8.206686930091186,5.312810327706058,329
20-21,FB,RWB,RB,Successful attacking actions per 90,2.893876602385128,8.206686930091186,5.312810327706058,329
20-21,FB,RWB,RB,Fouls per 90,2.893876602385128,8.206686930091186,5.312810327706058,329
20-21,FB,RWB,RB,Shots blocked per 90,2.893876602385128,8.206686930091186,5.312810327706058,329
20-21,FB,RWB,RB,"Duels won, %",2.893876602385128,8.206686930091186,5.312810327706058,329
20-21,FB,RWB,RB,Sliding tackles per 90,2.893876602385128,8.206686930091186,5.312810327706058,329
20-21,FB,RWB,RB,"Aerial duels won, %",2.893876602385128,8.206686930091186,5.312810327706058,329
20-21,FB,RWB,RB,Aerial duels per 90,2.893876602385128,8.206686930091186,5.312810327706058,329
20-21,FB,RWB,RB,"Defensive duels won, %",2.893876602385128,8.206686930091186,5.312810327706058,329
20-21,FB,RWB,RB,Defensive duels per 90,2.893876602385128,8.206686930091186,5.312810327706058,329
20-21,FB,RWB,RB,Successful defensive actions per 90,2.893876602385128,8.206686930091186,5.312810327706058,329
20-21,FB,RWB,RB,"Shots on target, %",2.893876602385128,8.206686930091186,5.312810327706058,329
20-21,FB,RWB,RB,Assists per 90,2.893876602385128,8.206686930091186,5.312810327706058,329
20-21,FB,RWB,RB,Crosses per 90,2.893876602385128,8.206686930091186,5.312810327706058,329
20-21,FB,RWB,RB,"Accurate crosses, %",2.893876602385128,8.206686930091186,5.312810327706058,329
20-21,FB,RWB,RB,Crosses from left flank per 90,2.893876602385128,8.206686930091186,5.312810327706058,329
20-21,FB,RWB,RB,"Accurate crosses from left flank, %",2.893876602385128,8.206686930091186,5.312810327706058,329
20-21,FB,RWB,RB,Crosses from right flank per 90,2.893876602385128,8.206686930091186,5.312810327706058,329
20-21,FB,RWB,RB,"Accurate crosses from right flank, %",2.893876602385128,8.206686930091186,5.312810327706058,329
20-21,FB,RWB,RB,Crosses to goalie box per 90,2.893876602385128,8.206686930091186,5.312810327706058,329
20-21,FB,RWB,RB,Dribbles per 90,2.893876602385128,8.206686930091186,5.312810327706058,329
20-21,FB,RWB,RB,"Successful dribbles, %",2.893876602385128,8.206686930091186,5.312810327706058,329
20-21,FB,RWB,RB,Offensive duels per 90,2.893876602385128,8.206686930091186,5.312810327706058,329
20-21,FB,RWB,RB,"Offensive duels won, %",2.893876602385128,8.206686930091186,5.312810327706058,329
20-21,FB,RWB,RB,Touches in box per 90,2.893876602385128,8.206686930091186,5.312810327706058,329
20-21,FB,RWB,RB,Progressive runs per 90,2.893876602385128,8.206686930091186,5.312810327706058,329
20-21,FB,RWB,RB,Accelerations per 90,2.893876602385128,8.206686930091186,5.312810327706058,329
20-21,FB,RWB,RB,Received passes per 90,2.893876602385128,8.206686930091186,5.312810327706058,329
20-21,FB,RWB,RB,Corners per 90,2.893876602385128,8.206686930091186,5.312810327706058,329
20-21,FB,LWB,RB,Duels per 90,2.2107006440807764,7.523510971786834,5.312810327706058,319
20-21,FB,LWB,RB,Fouls suffered per 90,2.2107006440807764,7.523510971786834,5.312810327706058,319
20-21,FB,LWB,RB,Third assists per 90,2.2107006440807764,7.523510971786834,5.312810327706058,319
20-21,FB,LWB,RB,Second assists per 90,2.2107006440807764,7.523510971786834,5.312810327706058,319
20-21,FB,LWB,RB,Shot assists per 90,2.2107006440807764,7.523510971786834,5.312810327706058,319
20-21,FB,LWB,RB,xA per 90,2.2107006440807764,7.523510971786834,5.312810327706058,319
20-21,FB,LWB,RB,"Accurate long passes, %",2.2107006440807764,7.523510971786834,5.312810327706058,319
20-21,FB,LWB,RB,Long passes per 90,2.2107006440807764,7.523510971786834,5.312810327706058,319
20-21,FB,LWB,RB,"Accurate short / medium passes, %",2.2107006440807764,7.523510971786834,5.312810327706058,319
20-21,FB,LWB,RB,Short / medium passes per 90,2.2107006440807764,7.523510971786834,5.312810327706058,319
20-21,FB,LWB,RB,"Accurate lateral passes, %",2.2107006440807764,7.523510971786834,5.312810327706058,319
20-21,FB,LWB,RB,Lateral passes per 90,2.2107006440807764,7.523510971786834,5.312810327706058,319
20-21,FB,LWB,RB,"Accurate back passes, %",2.2107006440807764,7.523510971786834,5.312810327706058,319
20-21,FB,LWB,RB,Back passes per 90,2.2107006440807764,7.523510971786834,5.312810327706058,319
20-21,FB,LWB,RB,"Accurate forward passes, %",2.2107006440807764,7.523510971786834,5.312810327706058,319
20-21,FB,LWB,RB,Forward passes per 90,2.2107006440807764,7.523510971786834,5.312810327706058,319
20-21,FB,LWB,RB,"Accurate passes, %",2.2107006440807764,7.523510971786834,5.312810327706058,319
20-21,FB,LWB,RB,Smart passes per 90,2.2107006440807764,7.523510971786834,5.312810327706058,319
20-21,FB,LWB,RB,"Accurate smart passes, %",2.2107006440807764,7.523510971786834,5.312810327706058,319
20-21,FB,LWB,RB,Key passes per 90,2.2107006440807764,7.523510971786834,5.312810327706058,319
20-21,FB,LWB,RB,Progressive passes per 90,2.2107006440807764,7.523510971786834,5.312810327706058,319
20-21,FB,LWB,RB,"Direct free kicks on target, %",2.2107006440807764,7.523510971786834,5.312810327706058,319
20-21,FB,LWB,RB,Direct free kicks per 90,2.2107006440807764,7.523510971786834,5.312810327706058,319
20-21,FB,LWB,RB,Free kicks per 90,2.2107006440807764,7.523510971786834,5.312810327706058,319
20-21,FB,LWB,RB,Back passes received as GK per 90,2.2107006440807764,7.523510971786834,5.312810327706058,319
20-21,FB,LWB,RB,xG against per 90,2.2107006440807764,7.523510971786834,5.312810327706058,319
20-21,FB,LWB,RB,"Accurate progressive passes, %",2.2107006440807764,7.523510971786834,5.312810327706058,319
20-21,FB,LWB,RB,Deep completed crosses per 90,2.2107006440807764,7.523510971786834,5.312810327706058,319
20-21,FB,LWB,RB,Passes to final third per 90,2.2107006440807764,7.523510971786834,5.312810327706058,319
20-21,FB,LWB,RB,Deep completions per 90,2.2107006440807764,7.523510971786834,5.312810327706058,319
20-21,FB,LWB,RB,"Accurate through passes, %",2.2107006440807764,7.523510971786834,5.312810327706058,319
20-21,FB,LWB,RB,Through passes per 90,2.2107006440807764,7.523510971786834,5.312810327706058,319
20-21,FB,LWB,RB,"Accurate passes to penalty area, %",2.2107006440807764,7.523510971786834,5.312810327706058,319
20-21,FB,LWB,RB,Passes to penalty area per 90,2.2107006440807764,7.523510971786834,5.312810327706058,319
20-21,FB,LWB,RB,"Accurate passes to final third, %",2.2107006440807764,7.523510971786834,5.312810327706058,319
20-21,FB,LWB,RB,Passes per 90,2.2107006440807764,7.523510971786834,5.312810327706058,319
20-21,FB,LWB,RB,Received long passes per 90,2.2107006440807764,7.523510971786834,5.312810327706058,319
20-21,FB,LWB,RB,"Duels won, %",2.2107006440807764,7.523510971786834,5.312810327706058,319
20-21,FB,LWB,RB,"Shots on target, %",2.2107006440807764,7.523510971786834,5.312810327706058,319
20-21,FB,LWB,RB,Successful defensive actions per 90,2.2107006440807764,7.523510971786834,5.312810327706058,319
20-21,FB,LWB,RB,Defensive duels per 90,2.2107006440807764,7.523510971786834,5.312810327706058,319
20-21,FB,LWB,RB,"Defensive duels won, %",2.2107006440807764,7.523510971786834,5.312810327706058,319
20-21,FB,LWB,RB,Aerial duels per 90,2.2107006440807764,7.523510971786834,5.312810327706058,319
20-21,FB,LWB,RB,"Aerial duels won, %",2.2107006440807764,7.523510971786834,5.312810327706058,319
20-21,FB,LWB,RB,Sliding tackles per 90,2.2107006440807764,7.523510971786834,5.312810327706058,319
20-21,FB,LWB,RB,Shots blocked per 90,2.2107006440807764,7.523510971786834,5.312810327706058,319
20-21,FB,LWB,RB,Interceptions per 90,2.2107006440807764,7.523510971786834,5.312810327706058,319
20-21,FB,LWB,RB,Fouls per 90,2.2107006440807764,7.523510971786834,5.312810327706058,319
20-21,FB,LWB,RB,Successful attacking actions per 90,2.2107006440807764,7.523510971786834,5.312810327706058,319
20-21,FB,LWB,RB,Non-penalty goals per 90,2.2107006440807764,7.523510971786834,5.312810327706058,319
20-21,FB,LWB,RB,xG per 90,2.2107006440807764,7.523510971786834,5.312810327706058,319
20-21,FB,LWB,RB,Head goals per 90,2.2107006440807764,7.523510971786834,5.312810327706058,319
20-21,FB,LWB,RB,Received passes per 90,2.2107006440807764,7.523510971786834,5.312810327706058,319
20-21,FB,LWB,RB,Shots per 90,2.2107006440807764,7.523510971786834,5.312810327706058,319
20-21,FB,LWB,RB,Assists per 90,2.2107006440807764,7.523510971786834,5.312810327706058,319
20-21,FB,LWB,RB,Crosses to goalie box per 90,2.2107006440807764,7.523510971786834,5.312810327706058,319
20-21,FB,LWB,RB,Accelerations per 90,2.2107006440807764,7.523510971786834,5.312810327706058,319
20-21,FB,LWB,RB,Progressive runs per 90,2.2107006440807764,7.523510971786834,5.312810327706058,319
20-21,FB,LWB,RB,Touches in box per 90,2.2107006440807764,7.523510971786834,5.312810327706058,319
20-21,FB,LWB,RB,"Offensive duels won, %",2.2107006440807764,7.523510971786834,5.312810327706058,319
20-21,FB,LWB,RB,Offensive duels per 90,2.2107006440807764,7.523510971786834,5.312810327706058,319
20-21,FB,LWB,RB,"Successful dribbles, %",2.2107006440807764,7.523510971786834,5.312810327706058,319
20-21,FB,LWB,RB,Dribbles per 90,2.2107006440807764,7.523510971786834,5.312810327706058,319
20-21,FB,LWB,RB,"Accurate crosses from right flank, %",2.2107006440807764,7.523510971786834,5.312810327706058,319
20-21,FB,LWB,RB,Crosses per 90,2.2107006440807764,7.523510971786834,5.312810327706058,319
20-21,FB,LWB,RB,Crosses from right flank per 90,2.2107006440807764,7.523510971786834,5.312810327706058,319
20-21,FB,LWB,RB,"Accurate crosses from left flank, %",2.2107006440807764,7.523510971786834,5.312810327706058,319
20-21,FB,LWB,RB,Crosses from left flank per 90,2.2107006440807764,7.523510971786834,5.312810327706058,319
20-21,FB,LWB,RB,"Accurate crosses, %",2.2107006440807764,7.523510971786834,5.312810327706058,319
20-21,FB,LWB,RB,Corners per 90,2.2107006440807764,7.523510971786834,5.312810327706058,319
20-21,FB,LWB,RB,Yellow cards per 90,1.9468734532255407,7.210031347962382,5.263157894736842,319
20-21,FB,LWB,RB,Red cards per 90,1.9468734532255407,7.210031347962382,5.263157894736842,319
20-21,FB,LWB,RB,Goals per 90,1.9468734532255407,7.210031347962382,5.263157894736842,319
20-21,DM,RDMF,DMF,Duels per 90,4.977168949771689,11.643835616438356,6.666666666666667,438
20-21,DM,RDMF,DMF,Fouls suffered per 90,4.977168949771689,11.643835616438356,6.666666666666667,438
20-21,DM,RDMF,DMF,Third assists per 90,4.977168949771689,11.643835616438356,6.666666666666667,438
20-21,DM,RDMF,DMF,Second assists per 90,4.977168949771689,11.643835616438356,6.666666666666667,438
20-21,DM,RDMF,DMF,Shot assists per 90,4.977168949771689,11.643835616438356,6.666666666666667,438
20-21,DM,RDMF,DMF,xA per 90,4.977168949771689,11.643835616438356,6.666666666666667,438
20-21,DM,RDMF,DMF,"Accurate long passes, %",4.977168949771689,11.643835616438356,6.666666666666667,438
20-21,DM,RDMF,DMF,Long passes per 90,4.977168949771689,11.643835616438356,6.666666666666667,438
20-21,DM,RDMF,DMF,"Accurate short / medium passes, %",4.977168949771689,11.643835616438356,6.666666666666667,438
20-21,DM,RDMF,DMF,Short / medium passes per 90,4.977168949771689,11.643835616438356,6.666666666666667,438
20-21,DM,RDMF,DMF,"Accurate lateral passes, %",4.977168949771689,11.643835616438356,6.666666666666667,438
20-21,DM,RDMF,DMF,Lateral passes per 90,4.977168949771689,11.643835616438356,6.666666666666667,438
20-21,DM,RDMF,DMF,"Accurate back passes, %",4.977168949771689,11.643835616438356,6.666666666666667,438
20-21,DM,RDMF,DMF,Back passes per 90,4.977168949771689,11.643835616438356,6.666666666666667,438
20-21,DM,RDMF,DMF,"Accurate forward passes, %",4.977168949771689,11.643835616438356,6.666666666666667,438
20-21,DM,RDMF,DMF,Forward passes per 90,4.977168949771689,11.643835616438356,6.666666666666667,438
20-21,DM,RDMF,DMF,"Accurate passes, %",4.977168949771689,11.643835616438356,6.666666666666667,438
20-21,DM,RDMF,DMF,Smart passes per 90,4.977168949771689,11.643835616438356,6.666666666666667,438
20-21,DM,RDMF,DMF,"Accurate smart passes, %",4.977168949771689,11.643835616438356,6.666666666666667,438
20-21,DM,RDMF,DMF,Key passes per 90,4.977168949771689,11.643835616438356,6.666666666666667,438
20-21,DM,RDMF,DMF,Progressive passes per 90,4.977168949771689,11.643835616438356,6.666666666666667,438
20-21,DM,RDMF,DMF,"Direct free kicks on target, %",4.977168949771689,11.643835616438356,6.666666666666667,438
20-21,DM,RDMF,DMF,Direct free kicks per 90,4.977168949771689,11.643835616438356,6.666666666666667,438
20-21,DM,RDMF,DMF,Free kicks per 90,4.977168949771689,11.643835616438356,6.666666666666667,438
20-21,DM,RDMF,DMF,Back passes received as GK per 90,4.977168949771689,11.643835616438356,6.666666666666667,438
20-21,DM,RDMF,DMF,xG against per 90,4.977168949771689,11.643835616438356,6.666666666666667,438
20-21,DM,RDMF,DMF,"Accurate progressive passes, %",4.977168949771689,11.643835616438356,6.666666666666667,438
20-21,DM,RDMF,DMF,Deep completed crosses per 90,4.977168949771689,11.643835616438356,6.666666666666667,438
20-21,DM,RDMF,DMF,Passes to final third per 90,4.977168949771689,11.643835616438356,6.666666666666667,438
20-21,DM,RDMF,DMF,Deep completions per 90,4.977168949771689,11.643835616438356,6.666666666666667,438
20-21,DM,RDMF,DMF,"Accurate through passes, %",4.977168949771689,11.643835616438356,6.666666666666667,438
20-21,DM,RDMF,DMF,Through passes per 90,4.977168949771689,11.643835616438356,6.666666666666667,438
20-21,DM,RDMF,DMF,"Accurate passes to penalty area, %",4.977168949771689,11.643835616438356,6.666666666666667,438
20-21,DM,RDMF,DMF,Passes to penalty area per 90,4.977168949771689,11.643835616438356,6.666666666666667,438
20-21,DM,RDMF,DMF,"Accurate passes to final third, %",4.977168949771689,11.643835616438356,6.666666666666667,438
20-21,DM,RDMF,DMF,Passes per 90,4.977168949771689,11.643835616438356,6.666666666666667,438
20-21,DM,RDMF,DMF,Received long passes per 90,4.977168949771689,11.643835616438356,6.666666666666667,438
20-21,DM,RDMF,DMF,"Duels won, %",4.977168949771689,11.643835616438356,6.666666666666667,438
20-21,DM,RDMF,DMF,Received passes per 90,4.977168949771689,11.643835616438356,6.666666666666667,438
20-21,DM,RDMF,DMF,xG per 90,4.977168949771689,11.643835616438356,6.666666666666667,438
20-21,DM,RDMF,DMF,Non-penalty goals per 90,4.977168949771689,11.643835616438356,6.666666666666667,438
20-21,DM,RDMF,DMF,Goals per 90,4.977168949771689,11.643835616438356,6.666666666666667,438
20-21,DM,RDMF,DMF,Successful attacking actions per 90,4.977168949771689,11.643835616438356,6.666666666666667,438
20-21,DM,RDMF,DMF,Red cards per 90,4.977168949771689,11.643835616438356,6.666666666666667,438
20-21,DM,RDMF,DMF,Yellow cards per 90,4.977168949771689,11.643835616438356,6.666666666666667,438
20-21,DM,RDMF,DMF,Fouls per 90,4.977168949771689,11.643835616438356,6.666666666666667,438
20-21,DM,RDMF,DMF,Interceptions per 90,4.977168949771689,11.643835616438356,6.666666666666667,438
20-21,DM,RDMF,DMF,Shots blocked per 90,4.977168949771689,11.643835616438356,6.666666666666667,438
20-21,DM,RDMF,DMF,Sliding tackles per 90,4.977168949771689,11.643835616438356,6.666666666666667,438
20-21,DM,RDMF,DMF,"Aerial duels won, %",4.977168949771689,11.643835616438356,6.666666666666667,438
20-21,DM,RDMF,DMF,Aerial duels per 90,4.977168949771689,11.643835616438356,6.666666666666667,438
20-21,DM,RDMF,DMF,"Defensive duels won, %",4.977168949771689,11.643835616438356,6.666666666666667,438
20-21,DM,RDMF,DMF,Defensive duels per 90,4.977168949771689,11.643835616438356,6.666666666666667,438
20-21,DM,RDMF,DMF,Successful defensive actions per 90,4.977168949771689,11.643835616438356,6.666666666666667,438
20-21,DM,RDMF,DMF,Head goals per 90,4.977168949771689,11.643835616438356,6.666666666666667,438
20-21,DM,RDMF,DMF,Shots per 90,4.977168949771689,11.643835616438356,6.666666666666667,438
20-21,DM,RDMF,DMF,"Shots on target, %",4.977168949771689,11.643835616438356,6.666666666666667,438
20-21,DM,RDMF,DMF,Dribbles per 90,4.977168949771689,11.643835616438356,6.666666666666667,438
20-21,DM,RDMF,DMF,Accelerations per 90,4.977168949771689,11.643835616438356,6.666666666666667,438
20-21,DM,RDMF,DMF,Progressive runs per 90,4.977168949771689,11.643835616438356,6.666666666666667,438
20-21,DM,RDMF,DMF,Touches in box per 90,4.977168949771689,11.643835616438356,6.666666666666667,438
20-21,DM,RDMF,DMF,"Offensive duels won, %",4.977168949771689,11.643835616438356,6.666666666666667,438
20-21,DM,RDMF,DMF,Offensive duels per 90,4.977168949771689,11.643835616438356,6.666666666666667,438
20-21,DM,RDMF,DMF,"Successful dribbles, %",4.977168949771689,11.643835616438356,6.666666666666667,438
20-21,DM,RDMF,DMF,Crosses to goalie box per 90,4.977168949771689,11.643835616438356,6.666666666666667,438
20-21,DM,RDMF,DMF,Assists per 90,4.977168949771689,11.643835616438356,6.666666666666667,438
20-21,DM,RDMF,DMF,"Accurate crosses from right flank, %",4.977168949771689,11.643835616438356,6.666666666666667,438
20-21,DM,RDMF,DMF,Crosses from right flank per 90,4.977168949771689,11.643835616438356,6.666666666666667,438
20-21,DM,RDMF,DMF,"Accurate crosses from left flank, %",4.977168949771689,11.643835616438356,6.666666666666667,438
20-21,DM,RDMF,DMF,Crosses from left flank per 90,4.977168949771689,11.643835616438356,6.666666666666667,438
20-21,DM,RDMF,DMF,"Accurate crosses, %",4.977168949771689,11.643835616438356,6.666666666666667,438
20-21,DM,RDMF,DMF,Crosses per 90,4.977168949771689,11.643835616438356,6.666666666666667,438
20-21,DM,RDMF,DMF,Corners per 90,4.977168949771689,11.643835616438356,6.666666666666667,438
20-21,DM,LDMF,DMF,Duels per 90,4.529262086513994,11.195928753180661,6.666666666666667,393
20-21,DM,LDMF,DMF,Fouls suffered per 90,4.529262086513994,11.195928753180661,6.666666666666667,393
20-21,DM,LDMF,DMF,Third assists per 90,4.529262086513994,11.195928753180661,6.666666666666667,393
20-21,DM,LDMF,DMF,Second assists per 90,4.529262086513994,11.195928753180661,6.666666666666667,393
20-21,DM,LDMF,DMF,Shot assists per 90,4.529262086513994,11.195928753180661,6.666666666666667,393
20-21,DM,LDMF,DMF,xA per 90,4.529262086513994,11.195928753180661,6.666666666666667,393
20-21,DM,LDMF,DMF,"Accurate long passes, %",4.529262086513994,11.195928753180661,6.666666666666667,393
20-21,DM,LDMF,DMF,Long passes per 90,4.529262086513994,11.195928753180661,6.666666666666667,393
20-21,DM,LDMF,DMF,"Accurate short / medium passes, %",4.529262086513994,11.195928753180661,6.666666666666667,393
20-21,DM,LDMF,DMF,Short / medium passes per 90,4.529262086513994,11.195928753180661,6.666666666666667,393
20-21,DM,LDMF,DMF,"Accurate lateral passes, %",4.529262086513994,11.195928753180661,6.666666666666667,393
20-21,DM,LDMF,DMF,Lateral passes per 90,4.529262086513994,11.195928753180661,6.666666666666667,393
20-21,DM,LDMF,DMF,"Accurate back passes, %",4.529262086513994,11.195928753180661,6.666666666666667,393
20-21,DM,LDMF,DMF,Back passes per 90,4.529262086513994,11.195928753180661,6.666666666666667,393
20-21,DM,LDMF,DMF,"Accurate forward passes, %",4.529262086513994,11.195928753180661,6.666666666666667,393
20-21,DM,LDMF,DMF,Forward passes per 90,4.529262086513994,11.195928753180661,6.666666666666667,393
20-21,DM,LDMF,DMF,"Accurate passes, %",4.529262086513994,11.195928753180661,6.666666666666667,393
20-21,DM,LDMF,DMF,Smart passes per 90,4.529262086513994,11.195928753180661,6.666666666666667,393
20-21,DM,LDMF,DMF,"Accurate smart passes, %",4.529262086513994,11.195928753180661,6.666666666666667,393
20-21,DM,LDMF,DMF,Key passes per 90,4.529262086513994,11.195928753180661,6.666666666666667,393
20-21,DM,LDMF,DMF,Progressive passes per 90,4.529262086513994,11.195928753180661,6.666666666666667,393
20-21,DM,LDMF,DMF,"Direct free kicks on target, %",4.529262086513994,11.195928753180661,6.666666666666667,393
20-21,DM,LDMF,DMF,Direct free kicks per 90,4.529262086513994,11.195928753180661,6.666666666666667,393
20-21,DM,LDMF,DMF,Free kicks per 90,4.529262086513994,11.195928753180661,6.666666666666667,393
20-21,DM,LDMF,DMF,Back passes received as GK per 90,4.529262086513994,11.195928753180661,6.666666666666667,393
20-21,DM,LDMF,DMF,xG against per 90,4.529262086513994,11.195928753180661,6.666666666666667,393
20-21,DM,LDMF,DMF,"Accurate progressive passes, %",4.529262086513994,11.195928753180661,6.666666666666667,393
20-21,DM,LDMF,DMF,Deep completed crosses per 90,4.529262086513994,11.195928753180661,6.666666666666667,393
20-21,DM,LDMF,DMF,Passes to final third per 90,4.529262086513994,11.195928753180661,6.666666666666667,393
20-21,DM,LDMF,DMF,Deep completions per 90,4.529262086513994,11.195928753180661,6.666666666666667,393
20-21,DM,LDMF,DMF,"Accurate through passes, %",4.529262086513994,11.195928753180661,6.666666666666667,393
20-21,DM,LDMF,DMF,Through passes per 90,4.529262086513994,11.195928753180661,6.666666666666667,393
20-21,DM,LDMF,DMF,"Accurate passes to penalty area, %",4.529262086513994,11.195928753180661,6.666666666666667,393
20-21,DM,LDMF,DMF,Passes to penalty area per 90,4.529262086513994,11.195928753180661,6.666666666666667,393
20-21,DM,LDMF,DMF,"Accurate passes to final third, %",4.529262086513994,11.195928753180661,6.666666666666667,393
20-21,DM,LDMF,DMF,Passes per 90,4.529262086513994,11.195928753180661,6.666666666666667,393
20-21,DM,LDMF,DMF,Received long passes per 90,4.529262086513994,11.195928753180661,6.666666666666667,393
20-21,DM,LDMF,DMF,"Duels won, %",4.529262086513994,11.195928753180661,6.666666666666667,393
20-21,DM,LDMF,DMF,Received passes per 90,4.529262086513994,11.195928753180661,6.666666666666667,393
20-21,DM,LDMF,DMF,xG per 90,4.529262086513994,11.195928753180661,6.666666666666667,393
20-21,DM,LDMF,DMF,Non-penalty goals per 90,4.529262086513994,11.195928753180661,6.666666666666667,393
20-21,DM,LDMF,DMF,Goals per 90,4.529262086513994,11.195928753180661,6.666666666666667,393
20-21,DM,LDMF,DMF,Successful attacking actions per 90,4.529262086513994,11.195928753180661,6.666666666666667,393
20-21,DM,LDMF,DMF,Red cards per 90,4.529262086513994,11.195928753180661,6.666666666666667,393
20-21,DM,LDMF,DMF,Yellow cards per 90,4.529262086513994,11.195928753180661,6.666666666666667,393
20-21,DM,LDMF,DMF,Fouls per 90,4.529262086513994,11.195928753180661,6.666666666666667,393
20-21,DM,LDMF,DMF,Interceptions per 90,4.529262086513994,11.195928753180661,6.666666666666667,393
20-21,DM,LDMF,DMF,Shots blocked per 90,4.529262086513994,11.195928753180661,6.666666666666667,393
20-21,DM,LDMF,DMF,Sliding tackles per 90,4.529262086513994,11.195928753180661,6.666666666666667,393
20-21,DM,LDMF,DMF,"Aerial duels won, %",4.529262086513994,11.195928753180661,6.666666666666667,393
20-21,DM,LDMF,DMF,Aerial duels per 90,4.529262086513994,11.195928753180661,6.666666666666667,393
20-21,DM,LDMF,DMF,"Defensive duels won, %",4.529262086513994,11.195928753180661,6.666666666666667,393
20-21,DM,LDMF,DMF,Defensive duels per 90,4.529262086513994,11.195928753180661,6.666666666666667,393
20-21,DM,LDMF,DMF,Successful defensive actions per 90,4.529262086513994,11.195928753180661,6.666666666666667,393
20-21,DM,LDMF,DMF,Head goals per 90,4.529262086513994,11.195928753180661,6.666666666666667,393
20-21,DM,LDMF,DMF,Shots per 90,4.529262086513994,11.195928753180661,6.666666666666667,393
20-21,DM,LDMF,DMF,"Shots on target, %",4.529262086513994,11.195928753180661,6.666666666666667,393
20-21,DM,LDMF,DMF,Dribbles per 90,4.529262086513994,11.195928753180661,6.666666666666667,393
20-21,DM,LDMF,DMF,Accelerations per 90,4.529262086513994,11.195928753180661,6.666666666666667,393
20-21,DM,LDMF,DMF,Progressive runs per 90,4.529262086513994,11.195928753180661,6.666666666666667,393
20-21,DM,LDMF,DMF,Touches in box per 90,4.529262086513994,11.195928753180661,6.666666666666667,393
20-21,DM,LDMF,DMF,"Offensive duels won, %",4.529262086513994,11.195928753180661,6.666666666666667,393
20-21,DM,LDMF,DMF,Offensive duels per 90,4.529262086513994,11.195928753180661,6.666666666666667,393
20-21,DM,LDMF,DMF,"Successful dribbles, %",4.529262086513994,11.195928753180661,6.666666666666667,393
20-21,DM,LDMF,DMF,Crosses to goalie box per 90,4.529262086513994,11.195928753180661,6.666666666666667,393
20-21,DM,LDMF,DMF,Assists per 90,4.529262086513994,11.195928753180661,6.666666666666667,393
20-21,DM,LDMF,DMF,"Accurate crosses from right flank, %",4.529262086513994,11.195928753180661,6.666666666666667,393
20-21,DM,LDMF,DMF,Crosses from right flank per 90,4.529262086513994,11.195928753180661,6.666666666666667,393
20-21,DM,LDMF,DMF,"Accurate crosses from left flank, %",4.529262086513994,11.195928753180661,6.666666666666667,393
20-21,DM,LDMF,DMF,Crosses from left flank per 90,4.529262086513994,11.195928753180661,6.666666666666667,393
20-21,DM,LDMF,DMF,"Accurate crosses, %",4.529262086513994,11.195928753180661,6.666666666666667,393
20-21,DM,LDMF,DMF,Crosses per 90,4.529262086513994,11.195928753180661,6.666666666666667,393
20-21,DM,LDMF,DMF,Corners per 90,4.529262086513994,11.195928753180661,6.666666666666667,393
20-21,CM,LCMF,RCMF,Duels per 90,1.118349520493556,8.722222222222223,9.84057174271578,1800
20-21,CM,LCMF,RCMF,Fouls suffered per 90,1.118349520493556,8.722222222222223,9.84057174271578,1800
20-21,CM,LCMF,RCMF,Third assists per 90,1.118349520493556,8.722222222222223,9.84057174271578,1800
20-21,CM,LCMF,RCMF,Second assists per 90,1.118349520493556,8.722222222222223,9.84057174271578,1800
20-21,CM,LCMF,RCMF,Shot assists per 90,1.118349520493556,8.722222222222223,9.84057174271578,1800
20-21,CM,LCMF,RCMF,xA per 90,1.118349520493556,8.722222222222223,9.84057174271578,1800
20-21,CM,LCMF,RCMF,"Accurate long passes, %",1.118349520493556,8.722222222222223,9.84057174271578,1800
20-21,CM,LCMF,RCMF,Long passes per 90,1.118349520493556,8.722222222222223,9.84057174271578,1800
20-21,CM,LCMF,RCMF,"Accurate short / medium passes, %",1.118349520493556,8.722222222222223,9.84057174271578,1800
20-21,CM,LCMF,RCMF,Short / medium passes per 90,1.118349520493556,8.722222222222223,9.84057174271578,1800
20-21,CM,LCMF,RCMF,"Accurate lateral passes, %",1.118349520493556,8.722222222222223,9.84057174271578,1800
20-21,CM,LCMF,RCMF,Lateral passes per 90,1.118349520493556,8.722222222222223,9.84057174271578,1800
20-21,CM,LCMF,RCMF,"Accurate back passes, %",1.118349520493556,8.722222222222223,9.84057174271578,1800
20-21,CM,LCMF,RCMF,Back passes per 90,1.118349520493556,8.722222222222223,9.84057174271578,1800
20-21,CM,LCMF,RCMF,"Accurate forward passes, %",1.118349520493556,8.722222222222223,9.84057174271578,1800
20-21,CM,LCMF,RCMF,Forward passes per 90,1.118349520493556,8.722222222222223,9.84057174271578,1800
20-21,CM,LCMF,RCMF,"Accurate passes, %",1.118349520493556,8.722222222222223,9.84057174271578,1800
20-21,CM,LCMF,RCMF,Smart passes per 90,1.118349520493556,8.722222222222223,9.84057174271578,1800
20-21,CM,LCMF,RCMF,"Accurate smart passes, %",1.118349520493556,8.722222222222223,9.84057174271578,1800
20-21,CM,LCMF,RCMF,Key passes per 90,1.118349520493556,8.722222222222223,9.84057174271578,1800
20-21,CM,LCMF,RCMF,Progressive passes per 90,1.118349520493556,8.722222222222223,9.84057174271578,1800
20-21,CM,LCMF,RCMF,"Direct free kicks on target, %",1.118349520493556,8.722222222222223,9.84057174271578,1800
20-21,CM,LCMF,RCMF,Direct free kicks per 90,1.118349520493556,8.722222222222223,9.84057174271578,1800
20-21,CM,LCMF,RCMF,Free kicks per 90,1.118349520493556,8.722222222222223,9.84057174271578,1800
20-21,CM,LCMF,RCMF,Back passes received as GK per 90,1.118349520493556,8.722222222222223,9.84057174271578,1800
20-21,CM,LCMF,RCMF,xG against per 90,1.118349520493556,8.722222222222223,9.84057174271578,1800
20-21,CM,LCMF,RCMF,"Accurate progressive passes, %",1.118349520493556,8.722222222222223,9.84057174271578,1800
20-21,CM,LCMF,RCMF,Deep completed crosses per 90,1.118349520493556,8.722222222222223,9.84057174271578,1800
20-21,CM,LCMF,RCMF,Passes to final third per 90,1.118349520493556,8.722222222222223,9.84057174271578,1800
20-21,CM,LCMF,RCMF,Deep completions per 90,1.118349520493556,8.722222222222223,9.84057174271578,1800
20-21,CM,LCMF,RCMF,"Accurate through passes, %",1.118349520493556,8.722222222222223,9.84057174271578,1800
20-21,CM,LCMF,RCMF,Through passes per 90,1.118349520493556,8.722222222222223,9.84057174271578,1800
20-21,CM,LCMF,RCMF,"Accurate passes to penalty area, %",1.118349520493556,8.722222222222223,9.84057174271578,1800
20-21,CM,LCMF,RCMF,Passes to penalty area per 90,1.118349520493556,8.722222222222223,9.84057174271578,1800
20-21,CM,LCMF,RCMF,"Accurate passes to final third, %",1.118349520493556,8.722222222222223,9.84057174271578,1800
20-21,CM,LCMF,RCMF,Passes per 90,1.118349520493556,8.722222222222223,9.84057174271578,1800
20-21,CM,LCMF,RCMF,Received long passes per 90,1.118349520493556,8.722222222222223,9.84057174271578,1800
20-21,CM,LCMF,RCMF,"Duels won, %",1.118349520493556,8.722222222222223,9.84057174271578,1800
20-21,CM,LCMF,RCMF,"Shots on target, %",1.118349520493556,8.722222222222223,9.84057174271578,1800
20-21,CM,LCMF,RCMF,Successful defensive actions per 90,1.118349520493556,8.722222222222223,9.84057174271578,1800
20-21,CM,LCMF,RCMF,Defensive duels per 90,1.118349520493556,8.722222222222223,9.84057174271578,1800
20-21,CM,LCMF,RCMF,"Defensive duels won, %",1.118349520493556,8.722222222222223,9.84057174271578,1800
20-21,CM,LCMF,RCMF,Aerial duels per 90,1.118349520493556,8.722222222222223,9.84057174271578,1800
20-21,CM,LCMF,RCMF,"Aerial duels won, %",1.118349520493556,8.722222222222223,9.84057174271578,1800
20-21,CM,LCMF,RCMF,Sliding tackles per 90,1.118349520493556,8.722222222222223,9.84057174271578,1800
20-21,CM,LCMF,RCMF,Shots blocked per 90,1.118349520493556,8.722222222222223,9.84057174271578,1800
20-21,CM,LCMF,RCMF,Interceptions per 90,1.118349520493556,8.722222222222223,9.84057174271578,1800
20-21,CM,LCMF,RCMF,Fouls per 90,1.118349520493556,8.722222222222223,9.84057174271578,1800
20-21,CM,LCMF,RCMF,Successful attacking actions per 90,1.118349520493556,8.722222222222223,9.84057174271578,1800
20-21,CM,LCMF,RCMF,Non-penalty goals per 90,1.118349520493556,8.722222222222223,9.84057174271578,1800
20-21,CM,LCMF,RCMF,xG per 90,1.118349520493556,8.722222222222223,9.84057174271578,1800
20-21,CM,LCMF,RCMF,Head goals per 90,1.118349520493556,8.722222222222223,9.84057174271578,1800
20-21,CM,LCMF,RCMF,Received passes per 90,1.118349520493556,8.722222222222223,9.84057174271578,1800
20-21,CM,LCMF,RCMF,Shots per 90,1.118349520493556,8.722222222222223,9.84057174271578,1800
20-21,CM,LCMF,RCMF,Assists per 90,1.118349520493556,8.722222222222223,9.84057174271578,1800
20-21,CM,LCMF,RCMF,Crosses to goalie box per 90,1.118349520493556,8.722222222222223,9.84057174271578,1800
20-21,CM,LCMF,RCMF,Accelerations per 90,1.118349520493556,8.722222222222223,9.84057174271578,1800
20-21,CM,LCMF,RCMF,Progressive runs per 90,1.118349520493556,8.722222222222223,9.84057174271578,1800
20-21,CM,LCMF,RCMF,Touches in box per 90,1.118349520493556,8.722222222222223,9.84057174271578,1800
20-21,CM,LCMF,RCMF,"Offensive duels won, %",1.118349520493556,8.722222222222223,9.84057174271578,1800
20-21,CM,LCMF,RCMF,Offensive duels per 90,1.118349520493556,8.722222222222223,9.84057174271578,1800
20-21,CM,LCMF,RCMF,"Successful dribbles, %",1.118349520493556,8.722222222222223,9.84057174271578,1800
20-21,CM,LCMF,RCMF,Dribbles per 90,1.118349520493556,8.722222222222223,9.84057174271578,1800
20-21,CM,LCMF,RCMF,"Accurate crosses from right flank, %",1.118349520493556,8.722222222222223,9.84057174271578,1800
20-21,CM,LCMF,RCMF,Crosses per 90,1.118349520493556,8.722222222222223,9.84057174271578,1800
20-21,CM,LCMF,RCMF,Crosses from right flank per 90,1.118349520493556,8.722222222222223,9.84057174271578,1800
20-21,CM,LCMF,RCMF,"Accurate crosses from left flank, %",1.118349520493556,8.722222222222223,9.84057174271578,1800
20-21,CM,LCMF,RCMF,Crosses from left flank per 90,1.118349520493556,8.722222222222223,9.84057174271578,1800
20-21,CM,LCMF,RCMF,"Accurate crosses, %",1.118349520493556,8.722222222222223,9.84057174271578,1800
20-21,CM,LCMF,RCMF,Corners per 90,1.118349520493556,8.722222222222223,9.84057174271578,1800
20-21,CM,LCMF,RCMF,Yellow cards per 90,1.0633742593610638,8.722222222222223,9.785596481583287,1800
20-21,CM,LCMF,RCMF,Red cards per 90,1.0633742593610638,8.722222222222223,9.785596481583287,1800
20-21,CM,LCMF,RCMF,Goals per 90,1.0633742593610638,8.722222222222223,9.785596481583287,1800
20-21,W,LWF,RW,Goals per 90,6.2967349010319715,16.731517509727624,10.434782608695652,257
20-21,W,LWF,RW,Red cards per 90,6.2967349010319715,16.731517509727624,10.434782608695652,257
20-21,W,LWF,RW,Yellow cards per 90,6.2967349010319715,16.731517509727624,10.434782608695652,257
20-21,W,LWF,RW,Duels per 90,6.22427113291603,16.731517509727624,10.507246376811594,257
20-21,W,LWF,RW,"Accurate smart passes, %",6.22427113291603,16.731517509727624,10.507246376811594,257
20-21,W,LWF,RW,Third assists per 90,6.22427113291603,16.731517509727624,10.507246376811594,257
20-21,W,LWF,RW,Second assists per 90,6.22427113291603,16.731517509727624,10.507246376811594,257
20-21,W,LWF,RW,Shot assists per 90,6.22427113291603,16.731517509727624,10.507246376811594,257
20-21,W,LWF,RW,xA per 90,6.22427113291603,16.731517509727624,10.507246376811594,257
20-21,W,LWF,RW,"Accurate long passes, %",6.22427113291603,16.731517509727624,10.507246376811594,257
20-21,W,LWF,RW,Long passes per 90,6.22427113291603,16.731517509727624,10.507246376811594,257
20-21,W,LWF,RW,"Accurate short / medium passes, %",6.22427113291603,16.731517509727624,10.507246376811594,257
20-21,W,LWF,RW,Short / medium passes per 90,6.22427113291603,16.731517509727624,10.507246376811594,257
20-21,W,LWF,RW,"Accurate lateral passes, %",6.22427113291603,16.731517509727624,10.507246376811594,257
20-21,W,LWF,RW,Lateral passes per 90,6.22427113291603,16.731517509727624,10.507246376811594,257
20-21,W,LWF,RW,"Accurate back passes, %",6.22427113291603,16.731517509727624,10.507246376811594,257
20-21,W,LWF,RW,Back passes per 90,6.22427113291603,16.731517509727624,10.507246376811594,257
20-21,W,LWF,RW,"Accurate forward passes, %",6.22427113291603,16.731517509727624,10.507246376811594,257
20-21,W,LWF,RW,Forward passes per 90,6.22427113291603,16.731517509727624,10.507246376811594,257
20-21,W,LWF,RW,Smart passes per 90,6.22427113291603,16.731517509727624,10.507246376811594,257
20-21,W,LWF,RW,Passes to final third per 90,6.22427113291603,16.731517509727624,10.507246376811594,257
20-21,W,LWF,RW,Key passes per 90,6.22427113291603,16.731517509727624,10.507246376811594,257
20-21,W,LWF,RW,Progressive passes per 90,6.22427113291603,16.731517509727624,10.507246376811594,257
20-21,W,LWF,RW,"Direct free kicks on target, %",6.22427113291603,16.731517509727624,10.507246376811594,257
20-21,W,LWF,RW,Direct free kicks per 90,6.22427113291603,16.731517509727624,10.507246376811594,257
20-21,W,LWF,RW,Free kicks per 90,6.22427113291603,16.731517509727624,10.507246376811594,257
20-21,W,LWF,RW,Back passes received as GK per 90,6.22427113291603,16.731517509727624,10.507246376811594,257
20-21,W,LWF,RW,xG against per 90,6.22427113291603,16.731517509727624,10.507246376811594,257
20-21,W,LWF,RW,"Accurate progressive passes, %",6.22427113291603,16.731517509727624,10.507246376811594,257
20-21,W,LWF,RW,Deep completed crosses per 90,6.22427113291603,16.731517509727624,10.507246376811594,257
20-21,W,LWF,RW,Passes per 90,6.22427113291603,16.731517509727624,10.507246376811594,257
20-21,W,LWF,RW,Deep completions per 90,6.22427113291603,16.731517509727624,10.507246376811594,257
20-21,W,LWF,RW,"Accurate through passes, %",6.22427113291603,16.731517509727624,10.507246376811594,257
20-21,W,LWF,RW,Through passes per 90,6.22427113291603,16.731517509727624,10.507246376811594,257
20-21,W,LWF,RW,"Accurate passes to penalty area, %",6.22427113291603,16.731517509727624,10.507246376811594,257
20-21,W,LWF,RW,Passes to penalty area per 90,6.22427113291603,16.731517509727624,10.507246376811594,257
20-21,W,LWF,RW,"Accurate passes to final third, %",6.22427113291603,16.731517509727624,10.507246376811594,257
20-21,W,LWF,RW,"Accurate passes, %",6.22427113291603,16.731517509727624,10.507246376811594,257
20-21,W,LWF,RW,Received long passes per 90,6.22427113291603,16.731517509727624,10.507246376811594,257
20-21,W,LWF,RW,Fouls suffered per 90,6.22427113291603,16.731517509727624,10.507246376811594,257
20-21,W,LWF,RW,Interceptions per 90,6.22427113291603,16.731517509727624,10.507246376811594,257
20-21,W,LWF,RW,Shots per 90,6.22427113291603,16.731517509727624,10.507246376811594,257
20-21,W,LWF,RW,Head goals per 90,6.22427113291603,16.731517509727624,10.507246376811594,257
20-21,W,LWF,RW,xG per 90,6.22427113291603,16.731517509727624,10.507246376811594,257
20-21,W,LWF,RW,Non-penalty goals per 90,6.22427113291603,16.731517509727624,10.507246376811594,257
20-21,W,LWF,RW,Successful attacking actions per 90,6.22427113291603,16.731517509727624,10.507246376811594,257
20-21,W,LWF,RW,Fouls per 90,6.22427113291603,16.731517509727624,10.507246376811594,257
20-21,W,LWF,RW,Shots blocked per 90,6.22427113291603,16.731517509727624,10.507246376811594,257
20-21,W,LWF,RW,"Duels won, %",6.22427113291603,16.731517509727624,10.507246376811594,257
20-21,W,LWF,RW,Sliding tackles per 90,6.22427113291603,16.731517509727624,10.507246376811594,257
20-21,W,LWF,RW,"Aerial duels won, %",6.22427113291603,16.731517509727624,10.507246376811594,257
20-21,W,LWF,RW,Aerial duels per 90,6.22427113291603,16.731517509727624,10.507246376811594,257
20-21,W,LWF,RW,"Defensive duels won, %",6.22427113291603,16.731517509727624,10.507246376811594,257
20-21,W,LWF,RW,Defensive duels per 90,6.22427113291603,16.731517509727624,10.507246376811594,257
20-21,W,LWF,RW,Successful defensive actions per 90,6.22427113291603,16.731517509727624,10.507246376811594,257
20-21,W,LWF,RW,"Shots on target, %",6.22427113291603,16.731517509727624,10.507246376811594,257
20-21,W,LWF,RW,Assists per 90,6.22427113291603,16.731517509727624,10.507246376811594,257
20-21,W,LWF,RW,Crosses per 90,6.22427113291603,16.731517509727624,10.507246376811594,257
20-21,W,LWF,RW,"Accurate crosses, %",6.22427113291603,16.731517509727624,10.507246376811594,257
20-21,W,LWF,RW,Crosses from left flank per 90,6.22427113291603,16.731517509727624,10.507246376811594,257
20-21,W,LWF,RW,"Accurate crosses from left flank, %",6.22427113291603,16.731517509727624,10.507246376811594,257
20-21,W,LWF,RW,Crosses from right flank per 90,6.22427113291603,16.731517509727624,10.507246376811594,257
20-21,W,LWF,RW,"Accurate crosses from right flank, %",6.22427113291603,16.731517509727624,10.507246376811594,257
20-21,W,LWF,RW,Crosses to goalie box per 90,6.22427113291603,16.731517509727624,10.507246376811594,257
20-21,W,LWF,RW,Dribbles per 90,6.22427113291603,16.731517509727624,10.507246376811594,257
20-21,W,LWF,RW,"Successful dribbles, %",6.22427113291603,16.731517509727624,10.507246376811594,257
20-21,W,LWF,RW,Offensive duels per 90,6.22427113291603,16.731517509727624,10.507246376811594,257
20-21,W,LWF,RW,"Offensive duels won, %",6.22427113291603,16.731517509727624,10.507246376811594,257
20-21,W,LWF,RW,Touches in box per 90,6.22427113291603,16.731517509727624,10.507246376811594,257
20-21,W,LWF,RW,Progressive runs per 90,6.22427113291603,16.731517509727624,10.507246376811594,257
20-21,W,LWF,RW,Accelerations per 90,6.22427113291603,16.731517509727624,10.507246376811594,257
20-21,W,LWF,RW,Received passes per 90,6.22427113291603,16.731517509727624,10.507246376811594,257
20-21,W,LWF,RW,Corners per 90,6.22427113291603,16.731517509727624,10.507246376811594,257
20-21,W,RWF,RW,Goals per 90,1.5952925792742718,12.030075187969924,10.434782608695652,266
20-21,W,RWF,RW,Red cards per 90,1.5952925792742718,12.030075187969924,10.434782608695652,266
20-21,W,RWF,RW,Yellow cards per 90,1.5952925792742718,12.030075187969924,10.434782608695652,266
20-21,W,RWF,RW,Duels per 90,1.5228288111583304,12.030075187969924,10.507246376811594,266
20-21,W,RWF,RW,"Accurate smart passes, %",1.5228288111583304,12.030075187969924,10.507246376811594,266
20-21,W,RWF,RW,Third assists per 90,1.5228288111583304,12.030075187969924,10.507246376811594,266
20-21,W,RWF,RW,Second assists per 90,1.5228288111583304,12.030075187969924,10.507246376811594,266
20-21,W,RWF,RW,Shot assists per 90,1.5228288111583304,12.030075187969924,10.507246376811594,266
20-21,W,RWF,RW,xA per 90,1.5228288111583304,12.030075187969924,10.507246376811594,266
20-21,W,RWF,RW,"Accurate long passes, %",1.5228288111583304,12.030075187969924,10.507246376811594,266
20-21,W,RWF,RW,Long passes per 90,1.5228288111583304,12.030075187969924,10.507246376811594,266
20-21,W,RWF,RW,"Accurate short / medium passes, %",1.5228288111583304,12.030075187969924,10.507246376811594,266
20-21,W,RWF,RW,Short / medium passes per 90,1.5228288111583304,12.030075187969924,10.507246376811594,266
20-21,W,RWF,RW,"Accurate lateral passes, %",1.5228288111583304,12.030075187969924,10.507246376811594,266
20-21,W,RWF,RW,Lateral passes per 90,1.5228288111583304,12.030075187969924,10.507246376811594,266
20-21,W,RWF,RW,"Accurate back passes, %",1.5228288111583304,12.030075187969924,10.507246376811594,266
20-21,W,RWF,RW,Back passes per 90,1.5228288111583304,12.030075187969924,10.507246376811594,266
20-21,W,RWF,RW,"Accurate forward passes, %",1.5228288111583304,12.030075187969924,10.507246376811594,266
20-21,W,RWF,RW,Forward passes per 90,1.5228288111583304,12.030075187969924,10.507246376811594,266
20-21,W,RWF,RW,Smart passes per 90,1.5228288111583304,12.030075187969924,10.507246376811594,266
20-21,W,RWF,RW,Passes to final third per 90,1.5228288111583304,12.030075187969924,10.507246376811594,266
20-21,W,RWF,RW,Key passes per 90,1.5228288111583304,12.030075187969924,10.507246376811594,266
20-21,W,RWF,RW,Progressive passes per 90,1.5228288111583304,12.030075187969924,10.507246376811594,266
20-21,W,RWF,RW,"Direct free kicks on target, %",1.5228288111583304,12.030075187969924,10.507246376811594,266
20-21,W,RWF,RW,Direct free kicks per 90,1.5228288111583304,12.030075187969924,10.507246376811594,266
20-21,W,RWF,RW,Free kicks per 90,1.5228288111583304,12.030075187969924,10.507246376811594,266
20-21,W,RWF,RW,Back passes received as GK per 90,1.5228288111583304,12.030075187969924,10.507246376811594,266
20-21,W,RWF,RW,xG against per 90,1.5228288111583304,12.030075187969924,10.507246376811594,266
20-21,W,RWF,RW,"Accurate progressive passes, %",1.5228288111583304,12.030075187969924,10.507246376811594,266
20-21,W,RWF,RW,Deep completed crosses per 90,1.5228288111583304,12.030075187969924,10.507246376811594,266
20-21,W,RWF,RW,Passes per 90,1.5228288111583304,12.030075187969924,10.507246376811594,266
20-21,W,RWF,RW,Deep completions per 90,1.5228288111583304,12.030075187969924,10.507246376811594,266
20-21,W,RWF,RW,"Accurate through passes, %",1.5228288111583304,12.030075187969924,10.507246376811594,266
20-21,W,RWF,RW,Through passes per 90,1.5228288111583304,12.030075187969924,10.507246376811594,266
20-21,W,RWF,RW,"Accurate passes to penalty area, %",1.5228288111583304,12.030075187969924,10.507246376811594,266
20-21,W,RWF,RW,Passes to penalty area per 90,1.5228288111583304,12.030075187969924,10.507246376811594,266
20-21,W,RWF,RW,"Accurate passes to final third, %",1.5228288111583304,12.030075187969924,10.507246376811594,266
20-21,W,RWF,RW,"Accurate passes, %",1.5228288111583304,12.030075187969924,10.507246376811594,266
20-21,W,RWF,RW,Received long passes per 90,1.5228288111583304,12.030075187969924,10.507246376811594,266
20-21,W,RWF,RW,Fouls suffered per 90,1.5228288111583304,12.030075187969924,10.507246376811594,266
20-21,W,RWF,RW,Interceptions per 90,1.5228288111583304,12.030075187969924,10.507246376811594,266
20-21,W,RWF,RW,Shots per 90,1.5228288111583304,12.030075187969924,10.507246376811594,266
20-21,W,RWF,RW,Head goals per 90,1.5228288111583304,12.030075187969924,10.507246376811594,266
20-21,W,RWF,RW,xG per 90,1.5228288111583304,12.030075187969924,10.507246376811594,266
20-21,W,RWF,RW,Non-penalty goals per 90,1.5228288111583304,12.030075187969924,10.507246376811594,266
20-21,W,RWF,RW,Successful attacking actions per 90,1.5228288111583304,12.030075187969924,10.507246376811594,266
20-21,W,RWF,RW,Fouls per 90,1.5228288111583304,12.030075187969924,10.507246376811594,266
20-21,W,RWF,RW,Shots blocked per 90,1.5228288111583304,12.030075187969924,10.507246376811594,266
20-21,W,RWF,RW,"Duels won, %",1.5228288111583304,12.030075187969924,10.507246376811594,266
20-21,W,RWF,RW,Sliding tackles per 90,1.5228288111583304,12.030075187969924,10.507246376811594,266
20-21,W,RWF,RW,"Aerial duels won, %",1.5228288111583304,12.030075187969924,10.507246376811594,266
20-21,W,RWF,RW,Aerial duels per 90,1.5228288111583304,12.030075187969924,10.507246376811594,266
20-21,W,RWF,RW,"Defensive duels won, %",1.5228288111583304,12.030075187969924,10.507246376811594,266
20-21,W,RWF,RW,Defensive duels per 90,1.5228288111583304,12.030075187969924,10.507246376811594,266
20-21,W,RWF,RW,Successful defensive actions per 90,1.5228288111583304,12.030075187969924,10.507246376811594,266
20-21,W,RWF,RW,"Shots on target, %",1.5228288111583304,12.030075187969924,10.507246376811594,266
20-21,W,RWF,RW,Assists per 90,1.5228288111583304,12.030075187969924,10.507246376811594,266
20-21,W,RWF,RW,Crosses per 90,1.5228288111583304,12.030075187969924,10.507246376811594,266
20-21,W,RWF,RW,"Accurate crosses, %",1.5228288111583304,12.030075187969924,10.507246376811594,266
20-21,W,RWF,RW,Crosses from left flank per 90,1.5228288111583304,12.030075187969924,10.507246376811594,266
20-21,W,RWF,RW,"Accurate crosses from left flank, %",1.5228288111583304,12.030075187969924,10.507246376811594,266
20-21,W,RWF,RW,Crosses from right flank per 90,1.5228288111583304,12.030075187969924,10.507246376811594,266
20-21,W,RWF,RW,"Accurate crosses from right flank, %",1.5228288111583304,12.030075187969924,10.507246376811594,266
20-21,W,RWF,RW,Crosses to goalie box per 90,1.5228288111583304,12.030075187969924,10.507246376811594,266
20-21,W,RWF,RW,Dribbles per 90,1.5228288111583304,12.030075187969924,10.507246376811594,266
20-21,W,RWF,RW,"Successful dribbles, %",1.5228288111583304,12.030075187969924,10.507246376811594,266
20-21,W,RWF,RW,Offensive duels per 90,1.5228288111583304,12.030075187969924,10.507246376811594,266
20-21,W,RWF,RW,"Offensive duels won, %",1.5228288111583304,12.030075187969924,10.507246376811594,266
20-21,W,RWF,RW,Touches in box per 90,1.5228288111583304,12.030075187969924,10.507246376811594,266
20-21,W,RWF,RW,Progressive runs per 90,1.5228288111583304,12.030075187969924,10.507246376811594,266
20-21,W,RWF,RW,Accelerations per 90,1.5228288111583304,12.030075187969924,10.507246376811594,266
20-21,W,RWF,RW,Received passes per 90,1.5228288111583304,12.030075187969924,10.507246376811594,266
20-21,W,RWF,RW,Corners per 90,1.5228288111583304,12.030075187969924,10.507246376811594,266
20-21,W,RAMF,RW,Duels per 90,3.129117259552041,13.636363636363635,10.507246376811594,572
20-21,W,RAMF,RW,Fouls suffered per 90,3.129117259552041,13.636363636363635,10.507246376811594,572
20-21,W,RAMF,RW,Third assists per 90,3.129117259552041,13.636363636363635,10.507246376811594,572
20-21,W,RAMF,RW,Second assists per 90,3.129117259552041,13.636363636363635,10.507246376811594,572
20-21,W,RAMF,RW,Shot assists per 90,3.129117259552041,13.636363636363635,10.507246376811594,572
20-21,W,RAMF,RW,xA per 90,3.129117259552041,13.636363636363635,10.507246376811594,572
20-21,W,RAMF,RW,"Accurate long passes, %",3.129117259552041,13.636363636363635,10.507246376811594,572
20-21,W,RAMF,RW,Long passes per 90,3.129117259552041,13.636363636363635,10.507246376811594,572
20-21,W,RAMF,RW,"Accurate short / medium passes, %",3.129117259552041,13.636363636363635,10.507246376811594,572
20-21,W,RAMF,RW,Short / medium passes per 90,3.129117259552041,13.636363636363635,10.507246376811594,572
20-21,W,RAMF,RW,"Accurate lateral passes, %",3.129117259552041,13.636363636363635,10.507246376811594,572
20-21,W,RAMF,RW,Lateral passes per 90,3.129117259552041,13.636363636363635,10.507246376811594,572
20-21,W,RAMF,RW,"Accurate back passes, %",3.129117259552041,13.636363636363635,10.507246376811594,572
20-21,W,RAMF,RW,Back passes per 90,3.129117259552041,13.636363636363635,10.507246376811594,572
20-21,W,RAMF,RW,"Accurate forward passes, %",3.129117259552041,13.636363636363635,10.507246376811594,572
20-21,W,RAMF,RW,Forward passes per 90,3.129117259552041,13.636363636363635,10.507246376811594,572
20-21,W,RAMF,RW,"Accurate passes, %",3.129117259552041,13.636363636363635,10.507246376811594,572
20-21,W,RAMF,RW,Smart passes per 90,3.129117259552041,13.636363636363635,10.507246376811594,572
20-21,W,RAMF,RW,"Accurate smart passes, %",3.129117259552041,13.636363636363635,10.507246376811594,572
20-21,W,RAMF,RW,Key passes per 90,3.129117259552041,13.636363636363635,10.507246376811594,572
20-21,W,RAMF,RW,Progressive passes per 90,3.129117259552041,13.636363636363635,10.507246376811594,572
20-21,W,RAMF,RW,"Direct free kicks on target, %",3.129117259552041,13.636363636363635,10.507246376811594,572
20-21,W,RAMF,RW,Direct free kicks per 90,3.129117259552041,13.636363636363635,10.507246376811594,572
20-21,W,RAMF,RW,Free kicks per 90,3.129117259552041,13.636363636363635,10.507246376811594,572
20-21,W,RAMF,RW,Back passes received as GK per 90,3.129117259552041,13.636363636363635,10.507246376811594,572
20-21,W,RAMF,RW,xG against per 90,3.129117259552041,13.636363636363635,10.507246376811594,572
20-21,W,RAMF,RW,"Accurate progressive passes, %",3.129117259552041,13.636363636363635,10.507246376811594,572
20-21,W,RAMF,RW,Deep completed crosses per 90,3.129117259552041,13.636363636363635,10.507246376811594,572
20-21,W,RAMF,RW,Passes to final third per 90,3.129117259552041,13.636363636363635,10.507246376811594,572
20-21,W,RAMF,RW,Deep completions per 90,3.129117259552041,13.636363636363635,10.507246376811594,572
20-21,W,RAMF,RW,"Accurate through passes, %",3.129117259552041,13.636363636363635,10.507246376811594,572
20-21,W,RAMF,RW,Through passes per 90,3.129117259552041,13.636363636363635,10.507246376811594,572
20-21,W,RAMF,RW,"Accurate passes to penalty area, %",3.129117259552041,13.636363636363635,10.507246376811594,572
20-21,W,RAMF,RW,Passes to penalty area per 90,3.129117259552041,13.636363636363635,10.507246376811594,572
20-21,W,RAMF,RW,"Accurate passes to final third, %",3.129117259552041,13.636363636363635,10.507246376811594,572
20-21,W,RAMF,RW,Passes per 90,3.129117259552041,13.636363636363635,10.507246376811594,572
20-21,W,RAMF,RW,Received long passes per 90,3.129117259552041,13.636363636363635,10.507246376811594,572
20-21,W,RAMF,RW,"Duels won, %",3.129117259552041,13.636363636363635,10.507246376811594,572
20-21,W,RAMF,RW,"Shots on target, %",3.129117259552041,13.636363636363635,10.507246376811594,572
20-21,W,RAMF,RW,Successful defensive actions per 90,3.129117259552041,13.636363636363635,10.507246376811594,572
20-21,W,RAMF,RW,Defensive duels per 90,3.129117259552041,13.636363636363635,10.507246376811594,572
20-21,W,RAMF,RW,"Defensive duels won, %",3.129117259552041,13.636363636363635,10.507246376811594,572
20-21,W,RAMF,RW,Aerial duels per 90,3.129117259552041,13.636363636363635,10.507246376811594,572
20-21,W,RAMF,RW,"Aerial duels won, %",3.129117259552041,13.636363636363635,10.507246376811594,572
20-21,W,RAMF,RW,Sliding tackles per 90,3.129117259552041,13.636363636363635,10.507246376811594,572
20-21,W,RAMF,RW,Shots blocked per 90,3.129117259552041,13.636363636363635,10.507246376811594,572
20-21,W,RAMF,RW,Interceptions per 90,3.129117259552041,13.636363636363635,10.507246376811594,572
20-21,W,RAMF,RW,Fouls per 90,3.129117259552041,13.636363636363635,10.507246376811594,572
20-21,W,RAMF,RW,Successful attacking actions per 90,3.129117259552041,13.636363636363635,10.507246376811594,572
20-21,W,RAMF,RW,Non-penalty goals per 90,3.129117259552041,13.636363636363635,10.507246376811594,572
20-21,W,RAMF,RW,xG per 90,3.129117259552041,13.636363636363635,10.507246376811594,572
20-21,W,RAMF,RW,Head goals per 90,3.129117259552041,13.636363636363635,10.507246376811594,572
20-21,W,RAMF,RW,Received passes per 90,3.129117259552041,13.636363636363635,10.507246376811594,572
20-21,W,RAMF,RW,Shots per 90,3.129117259552041,13.636363636363635,10.507246376811594,572
20-21,W,RAMF,RW,Assists per 90,3.129117259552041,13.636363636363635,10.507246376811594,572
20-21,W,RAMF,RW,Crosses to goalie box per 90,3.129117259552041,13.636363636363635,10.507246376811594,572
20-21,W,RAMF,RW,Accelerations per 90,3.129117259552041,13.636363636363635,10.507246376811594,572
20-21,W,RAMF,RW,Progressive runs per 90,3.129117259552041,13.636363636363635,10.507246376811594,572
20-21,W,RAMF,RW,Touches in box per 90,3.129117259552041,13.636363636363635,10.507246376811594,572
20-21,W,RAMF,RW,"Offensive duels won, %",3.129117259552041,13.636363636363635,10.507246376811594,572
20-21,W,RAMF,RW,Offensive duels per 90,3.129117259552041,13.636363636363635,10.507246376811594,572
20-21,W,RAMF,RW,"Successful dribbles, %",3.129117259552041,13.636363636363635,10.507246376811594,572
20-21,W,RAMF,RW,Dribbles per 90,3.129117259552041,13.636363636363635,10.507246376811594,572
20-21,W,RAMF,RW,"Accurate crosses from right flank, %",3.129117259552041,13.636363636363635,10.507246376811594,572
20-21,W,RAMF,RW,Crosses per 90,3.129117259552041,13.636363636363635,10.507246376811594,572
20-21,W,RAMF,RW,Crosses from right flank per 90,3.129117259552041,13.636363636363635,10.507246376811594,572
20-21,W,RAMF,RW,"Accurate crosses from left flank, %",3.129117259552041,13.636363636363635,10.507246376811594,572
20-21,W,RAMF,RW,Crosses from left flank per 90,3.129117259552041,13.636363636363635,10.507246376811594,572
20-21,W,RAMF,RW,"Accurate crosses, %",3.129117259552041,13.636363636363635,10.507246376811594,572
20-21,W,RAMF,RW,Corners per 90,3.129117259552041,13.636363636363635,10.507246376811594,572
20-21,W,RAMF,RW,Yellow cards per 90,3.0267558528428093,13.461538461538462,10.434782608695652,572
20-21,W,RAMF,RW,Red cards per 90,3.0267558528428093,13.461538461538462,10.434782608695652,572
20-21,W,RAMF,RW,Goals per 90,3.0267558528428093,13.461538461538462,10.434782608695652,572
21-22,FB,LB,RB,Duels per 90,1.0681485332789666,4.982023626091422,6.050172159370389,1947
21-22,FB,LB,RB,"Accurate short / medium passes, %",1.0681485332789666,4.982023626091422,6.050172159370389,1947
21-22,FB,LB,RB,Third assists per 90,1.0681485332789666,4.982023626091422,6.050172159370389,1947
21-22,FB,LB,RB,Second assists per 90,1.0681485332789666,4.982023626091422,6.050172159370389,1947
21-22,FB,LB,RB,Shot assists per 90,1.0681485332789666,4.982023626091422,6.050172159370389,1947
21-22,FB,LB,RB,xA per 90,1.0681485332789666,4.982023626091422,6.050172159370389,1947
21-22,FB,LB,RB,"Accurate long passes, %",1.0681485332789666,4.982023626091422,6.050172159370389,1947
21-22,FB,LB,RB,Long passes per 90,1.0681485332789666,4.982023626091422,6.050172159370389,1947
21-22,FB,LB,RB,Short / medium passes per 90,1.0681485332789666,4.982023626091422,6.050172159370389,1947
21-22,FB,LB,RB,"Accurate smart passes, %",1.0681485332789666,4.982023626091422,6.050172159370389,1947
21-22,FB,LB,RB,"Accurate lateral passes, %",1.0681485332789666,4.982023626091422,6.050172159370389,1947
21-22,FB,LB,RB,Lateral passes per 90,1.0681485332789666,4.982023626091422,6.050172159370389,1947
21-22,FB,LB,RB,"Accurate back passes, %",1.0681485332789666,4.982023626091422,6.050172159370389,1947
21-22,FB,LB,RB,Back passes per 90,1.0681485332789666,4.982023626091422,6.050172159370389,1947
21-22,FB,LB,RB,"Accurate forward passes, %",1.0681485332789666,4.982023626091422,6.050172159370389,1947
21-22,FB,LB,RB,Forward passes per 90,1.0681485332789666,4.982023626091422,6.050172159370389,1947
21-22,FB,LB,RB,Smart passes per 90,1.0681485332789666,4.982023626091422,6.050172159370389,1947
21-22,FB,LB,RB,Key passes per 90,1.0681485332789666,4.982023626091422,6.050172159370389,1947
21-22,FB,LB,RB,"Duels won, %",1.0681485332789666,4.982023626091422,6.050172159370389,1947
21-22,FB,LB,RB,Progressive passes per 90,1.0681485332789666,4.982023626091422,6.050172159370389,1947
21-22,FB,LB,RB,"Direct free kicks on target, %",1.0681485332789666,4.982023626091422,6.050172159370389,1947
21-22,FB,LB,RB,Direct free kicks per 90,1.0681485332789666,4.982023626091422,6.050172159370389,1947
21-22,FB,LB,RB,Free kicks per 90,1.0681485332789666,4.982023626091422,6.050172159370389,1947
21-22,FB,LB,RB,Back passes received as GK per 90,1.0681485332789666,4.982023626091422,6.050172159370389,1947
21-22,FB,LB,RB,xG against per 90,1.0681485332789666,4.982023626091422,6.050172159370389,1947
21-22,FB,LB,RB,"Accurate progressive passes, %",1.0681485332789666,4.982023626091422,6.050172159370389,1947
21-22,FB,LB,RB,Deep completed crosses per 90,1.0681485332789666,4.982023626091422,6.050172159370389,1947
21-22,FB,LB,RB,Passes to final third per 90,1.0681485332789666,4.982023626091422,6.050172159370389,1947
21-22,FB,LB,RB,Deep completions per 90,1.0681485332789666,4.982023626091422,6.050172159370389,1947
21-22,FB,LB,RB,"Accurate through passes, %",1.0681485332789666,4.982023626091422,6.050172159370389,1947
21-22,FB,LB,RB,Through passes per 90,1.0681485332789666,4.982023626091422,6.050172159370389,1947
21-22,FB,LB,RB,"Accurate passes to penalty area, %",1.0681485332789666,4.982023626091422,6.050172159370389,1947
21-22,FB,LB,RB,Passes to penalty area per 90,1.0681485332789666,4.982023626091422,6.050172159370389,1947
21-22,FB,LB,RB,"Accurate passes to final third, %",1.0681485332789666,4.982023626091422,6.050172159370389,1947
21-22,FB,LB,RB,"Accurate passes, %",1.0681485332789666,4.982023626091422,6.050172159370389,1947
21-22,FB,LB,RB,Passes per 90,1.0681485332789666,4.982023626091422,6.050172159370389,1947
21-22,FB,LB,RB,Fouls suffered per 90,1.0681485332789666,4.982023626091422,6.050172159370389,1947
21-22,FB,LB,RB,Interceptions per 90,1.0681485332789666,4.982023626091422,6.050172159370389,1947
21-22,FB,LB,RB,Shots per 90,1.0681485332789666,4.982023626091422,6.050172159370389,1947
21-22,FB,LB,RB,Head goals per 90,1.0681485332789666,4.982023626091422,6.050172159370389,1947
21-22,FB,LB,RB,xG per 90,1.0681485332789666,4.982023626091422,6.050172159370389,1947
21-22,FB,LB,RB,Non-penalty goals per 90,1.0681485332789666,4.982023626091422,6.050172159370389,1947
21-22,FB,LB,RB,Successful attacking actions per 90,1.0681485332789666,4.982023626091422,6.050172159370389,1947
21-22,FB,LB,RB,Fouls per 90,1.0681485332789666,4.982023626091422,6.050172159370389,1947
21-22,FB,LB,RB,Shots blocked per 90,1.0681485332789666,4.982023626091422,6.050172159370389,1947
21-22,FB,LB,RB,Received long passes per 90,1.0681485332789666,4.982023626091422,6.050172159370389,1947
21-22,FB,LB,RB,Sliding tackles per 90,1.0681485332789666,4.982023626091422,6.050172159370389,1947
21-22,FB,LB,RB,"Aerial duels won, %",1.0681485332789666,4.982023626091422,6.050172159370389,1947
21-22,FB,LB,RB,Aerial duels per 90,1.0681485332789666,4.982023626091422,6.050172159370389,1947
21-22,FB,LB,RB,"Defensive duels won, %",1.0681485332789666,4.982023626091422,6.050172159370389,1947
21-22,FB,LB,RB,Defensive duels per 90,1.0681485332789666,4.982023626091422,6.050172159370389,1947
21-22,FB,LB,RB,Successful defensive actions per 90,1.0681485332789666,4.982023626091422,6.050172159370389,1947
21-22,FB,LB,RB,"Shots on target, %",1.0681485332789666,4.982023626091422,6.050172159370389,1947
21-22,FB,LB,RB,Assists per 90,1.0681485332789666,4.982023626091422,6.050172159370389,1947
21-22,FB,LB,RB,Crosses per 90,1.0681485332789666,4.982023626091422,6.050172159370389,1947
21-22,FB,LB,RB,"Accurate crosses, %",1.0681485332789666,4.982023626091422,6.050172159370389,1947
21-22,FB,LB,RB,Crosses from left flank per 90,1.0681485332789666,4.982023626091422,6.050172159370389,1947
21-22,FB,LB,RB,"Accurate crosses from left flank, %",1.0681485332789666,4.982023626091422,6.050172159370389,1947
21-22,FB,LB,RB,Crosses from right flank per 90,1.0681485332789666,4.982023626091422,6.050172159370389,1947
21-22,FB,LB,RB,"Accurate crosses from right flank, %",1.0681485332789666,4.982023626091422,6.050172159370389,1947
21-22,FB,LB,RB,Crosses to goalie box per 90,1.0681485332789666,4.982023626091422,6.050172159370389,1947
21-22,FB,LB,RB,Dribbles per 90,1.0681485332789666,4.982023626091422,6.050172159370389,1947
21-22,FB,LB,RB,"Successful dribbles, %",1.0681485332789666,4.982023626091422,6.050172159370389,1947
21-22,FB,LB,RB,Offensive duels per 90,1.0681485332789666,4.982023626091422,6.050172159370389,1947
21-22,FB,LB,RB,"Offensive duels won, %",1.0681485332789666,4.982023626091422,6.050172159370389,1947
21-22,FB,LB,RB,Touches in box per 90,1.0681485332789666,4.982023626091422,6.050172159370389,1947
21-22,FB,LB,RB,Progressive runs per 90,1.0681485332789666,4.982023626091422,6.050172159370389,1947
21-22,FB,LB,RB,Accelerations per 90,1.0681485332789666,4.982023626091422,6.050172159370389,1947
21-22,FB,LB,RB,Received passes per 90,1.0681485332789666,4.982023626091422,6.050172159370389,1947
21-22,FB,LB,RB,Corners per 90,1.0681485332789666,4.982023626091422,6.050172159370389,1947
21-22,FB,RWB,RB,Goals per 90,3.6602345453030454,9.562841530054644,5.902606984751599,366
21-22,FB,RWB,RB,Red cards per 90,3.6602345453030454,9.562841530054644,5.902606984751599,366
21-22,FB,RWB,RB,Yellow cards per 90,3.6602345453030454,9.562841530054644,5.902606984751599,366
21-22,FB,RWB,RB,Duels per 90,3.5126693706842556,9.562841530054644,6.050172159370389,366
21-22,FB,RWB,RB,"Accurate smart passes, %",3.5126693706842556,9.562841530054644,6.050172159370389,366
21-22,FB,RWB,RB,Third assists per 90,3.5126693706842556,9.562841530054644,6.050172159370389,366
21-22,FB,RWB,RB,Second assists per 90,3.5126693706842556,9.562841530054644,6.050172159370389,366
21-22,FB,RWB,RB,Shot assists per 90,3.5126693706842556,9.562841530054644,6.050172159370389,366
21-22,FB,RWB,RB,xA per 90,3.5126693706842556,9.562841530054644,6.050172159370389,366
21-22,FB,RWB,RB,"Accurate long passes, %",3.5126693706842556,9.562841530054644,6.050172159370389,366
21-22,FB,RWB,RB,Long passes per 90,3.5126693706842556,9.562841530054644,6.050172159370389,366
21-22,FB,RWB,RB,"Accurate short / medium passes, %",3.5126693706842556,9.562841530054644,6.050172159370389,366
21-22,FB,RWB,RB,Short / medium passes per 90,3.5126693706842556,9.562841530054644,6.050172159370389,366
21-22,FB,RWB,RB,"Accurate lateral passes, %",3.5126693706842556,9.562841530054644,6.050172159370389,366
21-22,FB,RWB,RB,Lateral passes per 90,3.5126693706842556,9.562841530054644,6.050172159370389,366
21-22,FB,RWB,RB,"Accurate back passes, %",3.5126693706842556,9.562841530054644,6.050172159370389,366
21-22,FB,RWB,RB,Back passes per 90,3.5126693706842556,9.562841530054644,6.050172159370389,366
21-22,FB,RWB,RB,"Accurate forward passes, %",3.5126693706842556,9.562841530054644,6.050172159370389,366
21-22,FB,RWB,RB,Forward passes per 90,3.5126693706842556,9.562841530054644,6.050172159370389,366
21-22,FB,RWB,RB,Smart passes per 90,3.5126693706842556,9.562841530054644,6.050172159370389,366
21-22,FB,RWB,RB,Passes to final third per 90,3.5126693706842556,9.562841530054644,6.050172159370389,366
21-22,FB,RWB,RB,Key passes per 90,3.5126693706842556,9.562841530054644,6.050172159370389,366
21-22,FB,RWB,RB,Progressive passes per 90,3.5126693706842556,9.562841530054644,6.050172159370389,366
21-22,FB,RWB,RB,"Direct free kicks on target, %",3.5126693706842556,9.562841530054644,6.050172159370389,366
21-22,FB,RWB,RB,Direct free kicks per 90,3.5126693706842556,9.562841530054644,6.050172159370389,366
21-22,FB,RWB,RB,Free kicks per 90,3.5126693706842556,9.562841530054644,6.050172159370389,366
21-22,FB,RWB,RB,Back passes received as GK per 90,3.5126693706842556,9.562841530054644,6.050172159370389,366
21-22,FB,RWB,RB,xG against per 90,3.5126693706842556,9.562841530054644,6.050172159370389,366
21-22,FB,RWB,RB,"Accurate progressive passes, %",3.5126693706842556,9.562841530054644,6.050172159370389,366
21-22,FB,RWB,RB,Deep completed crosses per 90,3.5126693706842556,9.562841530054644,6.050172159370389,366
21-22,FB,RWB,RB,Passes per 90,3.5126693706842556,9.562841530054644,6.050172159370389,366
21-22,FB,RWB,RB,Deep completions per 90,3.5126693706842556,9.562841530054644,6.050172159370389,366
21-22,FB,RWB,RB,"Accurate through passes, %",3.5126693706842556,9.562841530054644,6.050172159370389,366
21-22,FB,RWB,RB,Through passes per 90,3.5126693706842556,9.562841530054644,6.050172159370389,366
21-22,FB,RWB,RB,"Accurate passes to penalty area, %",3.5126693706842556,9.562841530054644,6.050172159370389,366
21-22,FB,RWB,RB,Passes to penalty area per 90,3.5126693706842556,9.562841530054644,6.050172159370389,366
21-22,FB,RWB,RB,"Accurate passes to final third, %",3.5126693706842556,9.562841530054644,6.050172159370389,366
21-22,FB,RWB,RB,"Accurate passes, %",3.5126693706842556,9.562841530054644,6.050172159370389,366
21-22,FB,RWB,RB,Received long passes per 90,3.5126693706842556,9.562841530054644,6.050172159370389,366
21-22,FB,RWB,RB,Fouls suffered per 90,3.5126693706842556,9.562841530054644,6.050172159370389,366
21-22,FB,RWB,RB,Interceptions per 90,3.5126693706842556,9.562841530054644,6.050172159370389,366
21-22,FB,RWB,RB,Shots per 90,3.5126693706842556,9.562841530054644,6.050172159370389,366
21-22,FB,RWB,RB,Head goals per 90,3.5126693706842556,9.562841530054644,6.050172159370389,366
21-22,FB,RWB,RB,xG per 90,3.5126693706842556,9.562841530054644,6.050172159370389,366
21-22,FB,RWB,RB,Non-penalty goals per 90,3.5126693706842556,9.562841530054644,6.050172159370389,366
21-22,FB,RWB,RB,Successful attacking actions per 90,3.5126693706842556,9.562841530054644,6.050172159370389,366
21-22,FB,RWB,RB,Fouls per 90,3.5126693706842556,9.562841530054644,6.050172159370389,366
21-22,FB,RWB,RB,Shots blocked per 90,3.5126693706842556,9.562841530054644,6.050172159370389,366
21-22,FB,RWB,RB,"Duels won, %",3.5126693706842556,9.562841530054644,6.050172159370389,366
21-22,FB,RWB,RB,Sliding tackles per 90,3.5126693706842556,9.562841530054644,6.050172159370389,366
21-22,FB,RWB,RB,"Aerial duels won, %",3.5126693706842556,9.562841530054644,6.050172159370389,366
21-22,FB,RWB,RB,Aerial duels per 90,3.5126693706842556,9.562841530054644,6.050172159370389,366
21-22,FB,RWB,RB,"Defensive duels won, %",3.5126693706842556,9.562841530054644,6.050172159370389,366
21-22,FB,RWB,RB,Defensive duels per 90,3.5126693706842556,9.562841530054644,6.050172159370389,366
21-22,FB,RWB,RB,Successful defensive actions per 90,3.5126693706842556,9.562841530054644,6.050172159370389,366
21-22,FB,RWB,RB,"Shots on target, %",3.5126693706842556,9.562841530054644,6.050172159370389,366
21-22,FB,RWB,RB,Assists per 90,3.5126693706842556,9.562841530054644,6.050172159370389,366
21-22,FB,RWB,RB,Crosses per 90,3.5126693706842556,9.562841530054644,6.050172159370389,366
21-22,FB,RWB,RB,"Accurate crosses, %",3.5126693706842556,9.562841530054644,6.050172159370389,366
21-22,FB,RWB,RB,Crosses from left flank per 90,3.5126693706842556,9.562841530054644,6.050172159370389,366
21-22,FB,RWB,RB,"Accurate crosses from left flank, %",3.5126693706842556,9.562841530054644,6.050172159370389,366
21-22,FB,RWB,RB,Crosses from right flank per 90,3.5126693706842556,9.562841530054644,6.050172159370389,366
21-22,FB,RWB,RB,"Accurate crosses from right flank, %",3.5126693706842556,9.562841530054644,6.050172159370389,366
21-22,FB,RWB,RB,Crosses to goalie box per 90,3.5126693706842556,9.562841530054644,6.050172159370389,366
21-22,FB,RWB,RB,Dribbles per 90,3.5126693706842556,9.562841530054644,6.050172159370389,366
21-22,FB,RWB,RB,"Successful dribbles, %",3.5126693706842556,9.562841530054644,6.050172159370389,366
21-22,FB,RWB,RB,Offensive duels per 90,3.5126693706842556,9.562841530054644,6.050172159370389,366
21-22,FB,RWB,RB,"Offensive duels won, %",3.5126693706842556,9.562841530054644,6.050172159370389,366
21-22,FB,RWB,RB,Touches in box per 90,3.5126693706842556,9.562841530054644,6.050172159370389,366
21-22,FB,RWB,RB,Progressive runs per 90,3.5126693706842556,9.562841530054644,6.050172159370389,366
21-22,FB,RWB,RB,Accelerations per 90,3.5126693706842556,9.562841530054644,6.050172159370389,366
21-22,FB,RWB,RB,Received passes per 90,3.5126693706842556,9.562841530054644,6.050172159370389,366
21-22,FB,RWB,RB,Corners per 90,3.5126693706842556,9.562841530054644,6.050172159370389,366
21-22,FB,LWB,RB,Goals per 90,4.097393015248401,10.0,5.902606984751599,360
21-22,FB,LWB,RB,Red cards per 90,4.097393015248401,10.0,5.902606984751599,360
21-22,FB,LWB,RB,Yellow cards per 90,4.097393015248401,10.0,5.902606984751599,360
21-22,FB,LWB,RB,Duels per 90,3.9498278406296112,10.0,6.050172159370389,360
21-22,FB,LWB,RB,"Accurate smart passes, %",3.9498278406296112,10.0,6.050172159370389,360
21-22,FB,LWB,RB,Third assists per 90,3.9498278406296112,10.0,6.050172159370389,360
21-22,FB,LWB,RB,Second assists per 90,3.9498278406296112,10.0,6.050172159370389,360
21-22,FB,LWB,RB,Shot assists per 90,3.9498278406296112,10.0,6.050172159370389,360
21-22,FB,LWB,RB,xA per 90,3.9498278406296112,10.0,6.050172159370389,360
21-22,FB,LWB,RB,"Accurate long passes, %",3.9498278406296112,10.0,6.050172159370389,360
21-22,FB,LWB,RB,Long passes per 90,3.9498278406296112,10.0,6.050172159370389,360
21-22,FB,LWB,RB,"Accurate short / medium passes, %",3.9498278406296112,10.0,6.050172159370389,360
21-22,FB,LWB,RB,Short / medium passes per 90,3.9498278406296112,10.0,6.050172159370389,360
21-22,FB,LWB,RB,"Accurate lateral passes, %",3.9498278406296112,10.0,6.050172159370389,360
21-22,FB,LWB,RB,Lateral passes per 90,3.9498278406296112,10.0,6.050172159370389,360
21-22,FB,LWB,RB,"Accurate back passes, %",3.9498278406296112,10.0,6.050172159370389,360
21-22,FB,LWB,RB,Back passes per 90,3.9498278406296112,10.0,6.050172159370389,360
21-22,FB,LWB,RB,"Accurate forward passes, %",3.9498278406296112,10.0,6.050172159370389,360
21-22,FB,LWB,RB,Forward passes per 90,3.9498278406296112,10.0,6.050172159370389,360
21-22,FB,LWB,RB,Smart passes per 90,3.9498278406296112,10.0,6.050172159370389,360
21-22,FB,LWB,RB,Passes to final third per 90,3.9498278406296112,10.0,6.050172159370389,360
21-22,FB,LWB,RB,Key passes per 90,3.9498278406296112,10.0,6.050172159370389,360
21-22,FB,LWB,RB,Progressive passes per 90,3.9498278406296112,10.0,6.050172159370389,360
21-22,FB,LWB,RB,"Direct free kicks on target, %",3.9498278406296112,10.0,6.050172159370389,360
21-22,FB,LWB,RB,Direct free kicks per 90,3.9498278406296112,10.0,6.050172159370389,360
21-22,FB,LWB,RB,Free kicks per 90,3.9498278406296112,10.0,6.050172159370389,360
21-22,FB,LWB,RB,Back passes received as GK per 90,3.9498278406296112,10.0,6.050172159370389,360
21-22,FB,LWB,RB,xG against per 90,3.9498278406296112,10.0,6.050172159370389,360
21-22,FB,LWB,RB,"Accurate progressive passes, %",3.9498278406296112,10.0,6.050172159370389,360
21-22,FB,LWB,RB,Deep completed crosses per 90,3.9498278406296112,10.0,6.050172159370389,360
21-22,FB,LWB,RB,Passes per 90,3.9498278406296112,10.0,6.050172159370389,360
21-22,FB,LWB,RB,Deep completions per 90,3.9498278406296112,10.0,6.050172159370389,360
21-22,FB,LWB,RB,"Accurate through passes, %",3.9498278406296112,10.0,6.050172159370389,360
21-22,FB,LWB,RB,Through passes per 90,3.9498278406296112,10.0,6.050172159370389,360
21-22,FB,LWB,RB,"Accurate passes to penalty area, %",3.9498278406296112,10.0,6.050172159370389,360
21-22,FB,LWB,RB,Passes to penalty area per 90,3.9498278406296112,10.0,6.050172159370389,360
21-22,FB,LWB,RB,"Accurate passes to final third, %",3.9498278406296112,10.0,6.050172159370389,360
21-22,FB,LWB,RB,"Accurate passes, %",3.9498278406296112,10.0,6.050172159370389,360
21-22,FB,LWB,RB,Received long passes per 90,3.9498278406296112,10.0,6.050172159370389,360
21-22,FB,LWB,RB,Fouls suffered per 90,3.9498278406296112,10.0,6.050172159370389,360
21-22,FB,LWB,RB,Interceptions per 90,3.9498278406296112,10.0,6.050172159370389,360
21-22,FB,LWB,RB,Shots per 90,3.9498278406296112,10.0,6.050172159370389,360
21-22,FB,LWB,RB,Head goals per 90,3.9498278406296112,10.0,6.050172159370389,360
21-22,FB,LWB,RB,xG per 90,3.9498278406296112,10.0,6.050172159370389,360
21-22,FB,LWB,RB,Non-penalty goals per 90,3.9498278406296112,10.0,6.050172159370389,360
21-22,FB,LWB,RB,Successful attacking actions per 90,3.9498278406296112,10.0,6.050172159370389,360
21-22,FB,LWB,RB,Fouls per 90,3.9498278406296112,10.0,6.050172159370389,360
21-22,FB,LWB,RB,Shots blocked per 90,3.9498278406296112,10.0,6.050172159370389,360
21-22,FB,LWB,RB,"Duels won, %",3.9498278406296112,10.0,6.050172159370389,360
21-22,FB,LWB,RB,Sliding tackles per 90,3.9498278406296112,10.0,6.050172159370389,360
21-22,FB,LWB,RB,"Aerial duels won, %",3.9498278406296112,10.0,6.050172159370389,360
21-22,FB,LWB,RB,Aerial duels per 90,3.9498278406296112,10.0,6.050172159370389,360
21-22,FB,LWB,RB,"Defensive duels won, %",3.9498278406296112,10.0,6.050172159370389,360
21-22,FB,LWB,RB,Defensive duels per 90,3.9498278406296112,10.0,6.050172159370389,360
21-22,FB,LWB,RB,Successful defensive actions per 90,3.9498278406296112,10.0,6.050172159370389,360
21-22,FB,LWB,RB,"Shots on target, %",3.9498278406296112,10.0,6.050172159370389,360
21-22,FB,LWB,RB,Assists per 90,3.9498278406296112,10.0,6.050172159370389,360
21-22,FB,LWB,RB,Crosses per 90,3.9498278406296112,10.0,6.050172159370389,360
21-22,FB,LWB,RB,"Accurate crosses, %",3.9498278406296112,10.0,6.050172159370389,360
21-22,FB,LWB,RB,Crosses from left flank per 90,3.9498278406296112,10.0,6.050172159370389,360
21-22,FB,LWB,RB,"Accurate crosses from left flank, %",3.9498278406296112,10.0,6.050172159370389,360
21-22,FB,LWB,RB,Crosses from right flank per 90,3.9498278406296112,10.0,6.050172159370389,360
21-22,FB,LWB,RB,"Accurate crosses from right flank, %",3.9498278406296112,10.0,6.050172159370389,360
21-22,FB,LWB,RB,Crosses to goalie box per 90,3.9498278406296112,10.0,6.050172159370389,360
21-22,FB,LWB,RB,Dribbles per 90,3.9498278406296112,10.0,6.050172159370389,360
21-22,FB,LWB,RB,"Successful dribbles, %",3.9498278406296112,10.0,6.050172159370389,360
21-22,FB,LWB,RB,Offensive duels per 90,3.9498278406296112,10.0,6.050172159370389,360
21-22,FB,LWB,RB,"Offensive duels won, %",3.9498278406296112,10.0,6.050172159370389,360
21-22,FB,LWB,RB,Touches in box per 90,3.9498278406296112,10.0,6.050172159370389,360
21-22,FB,LWB,RB,Progressive runs per 90,3.9498278406296112,10.0,6.050172159370389,360
21-22,FB,LWB,RB,Accelerations per 90,3.9498278406296112,10.0,6.050172159370389,360
21-22,FB,LWB,RB,Received passes per 90,3.9498278406296112,10.0,6.050172159370389,360
21-22,FB,LWB,RB,Corners per 90,3.9498278406296112,10.0,6.050172159370389,360
21-22,DM,RDMF,DMF,Duels per 90,4.597151775263363,9.318181818181818,4.721030042918455,440
21-22,DM,RDMF,DMF,Fouls suffered per 90,4.597151775263363,9.318181818181818,4.721030042918455,440
21-22,DM,RDMF,DMF,Third assists per 90,4.597151775263363,9.318181818181818,4.721030042918455,440
21-22,DM,RDMF,DMF,Second assists per 90,4.597151775263363,9.318181818181818,4.721030042918455,440
21-22,DM,RDMF,DMF,Shot assists per 90,4.597151775263363,9.318181818181818,4.721030042918455,440
21-22,DM,RDMF,DMF,xA per 90,4.597151775263363,9.318181818181818,4.721030042918455,440
21-22,DM,RDMF,DMF,"Accurate long passes, %",4.597151775263363,9.318181818181818,4.721030042918455,440
21-22,DM,RDMF,DMF,Long passes per 90,4.597151775263363,9.318181818181818,4.721030042918455,440
21-22,DM,RDMF,DMF,"Accurate short / medium passes, %",4.597151775263363,9.318181818181818,4.721030042918455,440
21-22,DM,RDMF,DMF,Short / medium passes per 90,4.597151775263363,9.318181818181818,4.721030042918455,440
21-22,DM,RDMF,DMF,"Accurate lateral passes, %",4.597151775263363,9.318181818181818,4.721030042918455,440
21-22,DM,RDMF,DMF,Lateral passes per 90,4.597151775263363,9.318181818181818,4.721030042918455,440
21-22,DM,RDMF,DMF,"Accurate back passes, %",4.597151775263363,9.318181818181818,4.721030042918455,440
21-22,DM,RDMF,DMF,Back passes per 90,4.597151775263363,9.318181818181818,4.721030042918455,440
21-22,DM,RDMF,DMF,"Accurate forward passes, %",4.597151775263363,9.318181818181818,4.721030042918455,440
21-22,DM,RDMF,DMF,Forward passes per 90,4.597151775263363,9.318181818181818,4.721030042918455,440
21-22,DM,RDMF,DMF,"Accurate passes, %",4.597151775263363,9.318181818181818,4.721030042918455,440
21-22,DM,RDMF,DMF,Smart passes per 90,4.597151775263363,9.318181818181818,4.721030042918455,440
21-22,DM,RDMF,DMF,"Accurate smart passes, %",4.597151775263363,9.318181818181818,4.721030042918455,440
21-22,DM,RDMF,DMF,Key passes per 90,4.597151775263363,9.318181818181818,4.721030042918455,440
21-22,DM,RDMF,DMF,Progressive passes per 90,4.597151775263363,9.318181818181818,4.721030042918455,440
21-22,DM,RDMF,DMF,"Direct free kicks on target, %",4.597151775263363,9.318181818181818,4.721030042918455,440
21-22,DM,RDMF,DMF,Direct free kicks per 90,4.597151775263363,9.318181818181818,4.721030042918455,440
21-22,DM,RDMF,DMF,Free kicks per 90,4.597151775263363,9.318181818181818,4.721030042918455,440
21-22,DM,RDMF,DMF,Back passes received as GK per 90,4.597151775263363,9.318181818181818,4.721030042918455,440
21-22,DM,RDMF,DMF,xG against per 90,4.597151775263363,9.318181818181818,4.721030042918455,440
21-22,DM,RDMF,DMF,"Accurate progressive passes, %",4.597151775263363,9.318181818181818,4.721030042918455,440
21-22,DM,RDMF,DMF,Deep completed crosses per 90,4.597151775263363,9.318181818181818,4.721030042918455,440
21-22,DM,RDMF,DMF,Passes to final third per 90,4.597151775263363,9.318181818181818,4.721030042918455,440
21-22,DM,RDMF,DMF,Deep completions per 90,4.597151775263363,9.318181818181818,4.721030042918455,440
21-22,DM,RDMF,DMF,"Accurate through passes, %",4.597151775263363,9.318181818181818,4.721030042918455,440
21-22,DM,RDMF,DMF,Through passes per 90,4.597151775263363,9.318181818181818,4.721030042918455,440
21-22,DM,RDMF,DMF,"Accurate passes to penalty area, %",4.597151775263363,9.318181818181818,4.721030042918455,440
21-22,DM,RDMF,DMF,Passes to penalty area per 90,4.597151775263363,9.318181818181818,4.721030042918455,440
21-22,DM,RDMF,DMF,"Accurate passes to final third, %",4.597151775263363,9.318181818181818,4.721030042918455,440
21-22,DM,RDMF,DMF,Passes per 90,4.597151775263363,9.318181818181818,4.721030042918455,440
21-22,DM,RDMF,DMF,Received long passes per 90,4.597151775263363,9.318181818181818,4.721030042918455,440
21-22,DM,RDMF,DMF,"Duels won, %",4.597151775263363,9.318181818181818,4.721030042918455,440
21-22,DM,RDMF,DMF,Received passes per 90,4.597151775263363,9.318181818181818,4.721030042918455,440
21-22,DM,RDMF,DMF,xG per 90,4.597151775263363,9.318181818181818,4.721030042918455,440
21-22,DM,RDMF,DMF,Non-penalty goals per 90,4.597151775263363,9.318181818181818,4.721030042918455,440
21-22,DM,RDMF,DMF,Goals per 90,4.597151775263363,9.318181818181818,4.721030042918455,440
21-22,DM,RDMF,DMF,Successful attacking actions per 90,4.597151775263363,9.318181818181818,4.721030042918455,440
21-22,DM,RDMF,DMF,Red cards per 90,4.597151775263363,9.318181818181818,4.721030042918455,440
21-22,DM,RDMF,DMF,Yellow cards per 90,4.597151775263363,9.318181818181818,4.721030042918455,440
21-22,DM,RDMF,DMF,Fouls per 90,4.597151775263363,9.318181818181818,4.721030042918455,440
21-22,DM,RDMF,DMF,Interceptions per 90,4.597151775263363,9.318181818181818,4.721030042918455,440
21-22,DM,RDMF,DMF,Shots blocked per 90,4.597151775263363,9.318181818181818,4.721030042918455,440
21-22,DM,RDMF,DMF,Sliding tackles per 90,4.597151775263363,9.318181818181818,4.721030042918455,440
21-22,DM,RDMF,DMF,"Aerial duels won, %",4.597151775263363,9.318181818181818,4.721030042918455,440
21-22,DM,RDMF,DMF,Aerial duels per 90,4.597151775263363,9.318181818181818,4.721030042918455,440
21-22,DM,RDMF,DMF,"Defensive duels won, %",4.597151775263363,9.318181818181818,4.721030042918455,440
21-22,DM,RDMF,DMF,Defensive duels per 90,4.597151775263363,9.318181818181818,4.721030042918455,440
21-22,DM,RDMF,DMF,Successful defensive actions per 90,4.597151775263363,9.318181818181818,4.721030042918455,440
21-22,DM,RDMF,DMF,Head goals per 90,4.597151775263363,9.318181818181818,4.721030042918455,440
21-22,DM,RDMF,DMF,Shots per 90,4.597151775263363,9.318181818181818,4.721030042918455,440
21-22,DM,RDMF,DMF,"Shots on target, %",4.597151775263363,9.318181818181818,4.721030042918455,440
21-22,DM,RDMF,DMF,Dribbles per 90,4.597151775263363,9.318181818181818,4.721030042918455,440
21-22,DM,RDMF,DMF,Accelerations per 90,4.597151775263363,9.318181818181818,4.721030042918455,440
21-22,DM,RDMF,DMF,Progressive runs per 90,4.597151775263363,9.318181818181818,4.721030042918455,440
21-22,DM,RDMF,DMF,Touches in box per 90,4.597151775263363,9.318181818181818,4.721030042918455,440
21-22,DM,RDMF,DMF,"Offensive duels won, %",4.597151775263363,9.318181818181818,4.721030042918455,440
21-22,DM,RDMF,DMF,Offensive duels per 90,4.597151775263363,9.318181818181818,4.721030042918455,440
21-22,DM,RDMF,DMF,"Successful dribbles, %",4.597151775263363,9.318181818181818,4.721030042918455,440
21-22,DM,RDMF,DMF,Crosses to goalie box per 90,4.597151775263363,9.318181818181818,4.721030042918455,440
21-22,DM,RDMF,DMF,Assists per 90,4.597151775263363,9.318181818181818,4.721030042918455,440
21-22,DM,RDMF,DMF,"Accurate crosses from right flank, %",4.597151775263363,9.318181818181818,4.721030042918455,440
21-22,DM,RDMF,DMF,Crosses from right flank per 90,4.597151775263363,9.318181818181818,4.721030042918455,440
21-22,DM,RDMF,DMF,"Accurate crosses from left flank, %",4.597151775263363,9.318181818181818,4.721030042918455,440
21-22,DM,RDMF,DMF,Crosses from left flank per 90,4.597151775263363,9.318181818181818,4.721030042918455,440
21-22,DM,RDMF,DMF,"Accurate crosses, %",4.597151775263363,9.318181818181818,4.721030042918455,440
21-22,DM,RDMF,DMF,Crosses per 90,4.597151775263363,9.318181818181818,4.721030042918455,440
21-22,DM,RDMF,DMF,Corners per 90,4.597151775263363,9.318181818181818,4.721030042918455,440
21-22,DM,LDMF,DMF,Duels per 90,3.2454269801423417,7.966457023060797,4.721030042918455,477
21-22,DM,LDMF,DMF,Fouls suffered per 90,3.2454269801423417,7.966457023060797,4.721030042918455,477
21-22,DM,LDMF,DMF,Third assists per 90,3.2454269801423417,7.966457023060797,4.721030042918455,477
21-22,DM,LDMF,DMF,Second assists per 90,3.2454269801423417,7.966457023060797,4.721030042918455,477
21-22,DM,LDMF,DMF,Shot assists per 90,3.2454269801423417,7.966457023060797,4.721030042918455,477
21-22,DM,LDMF,DMF,xA per 90,3.2454269801423417,7.966457023060797,4.721030042918455,477
21-22,DM,LDMF,DMF,"Accurate long passes, %",3.2454269801423417,7.966457023060797,4.721030042918455,477
21-22,DM,LDMF,DMF,Long passes per 90,3.2454269801423417,7.966457023060797,4.721030042918455,477
21-22,DM,LDMF,DMF,"Accurate short / medium passes, %",3.2454269801423417,7.966457023060797,4.721030042918455,477
21-22,DM,LDMF,DMF,Short / medium passes per 90,3.2454269801423417,7.966457023060797,4.721030042918455,477
21-22,DM,LDMF,DMF,"Accurate lateral passes, %",3.2454269801423417,7.966457023060797,4.721030042918455,477
21-22,DM,LDMF,DMF,Lateral passes per 90,3.2454269801423417,7.966457023060797,4.721030042918455,477
21-22,DM,LDMF,DMF,"Accurate back passes, %",3.2454269801423417,7.966457023060797,4.721030042918455,477
21-22,DM,LDMF,DMF,Back passes per 90,3.2454269801423417,7.966457023060797,4.721030042918455,477
21-22,DM,LDMF,DMF,"Accurate forward passes, %",3.2454269801423417,7.966457023060797,4.721030042918455,477
21-22,DM,LDMF,DMF,Forward passes per 90,3.2454269801423417,7.966457023060797,4.721030042918455,477
21-22,DM,LDMF,DMF,"Accurate passes, %",3.2454269801423417,7.966457023060797,4.721030042918455,477
21-22,DM,LDMF,DMF,Smart passes per 90,3.2454269801423417,7.966457023060797,4.721030042918455,477
21-22,DM,LDMF,DMF,"Accurate smart passes, %",3.2454269801423417,7.966457023060797,4.721030042918455,477
21-22,DM,LDMF,DMF,Key passes per 90,3.2454269801423417,7.966457023060797,4.721030042918455,477
21-22,DM,LDMF,DMF,Progressive passes per 90,3.2454269801423417,7.966457023060797,4.721030042918455,477
21-22,DM,LDMF,DMF,"Direct free kicks on target, %",3.2454269801423417,7.966457023060797,4.721030042918455,477
21-22,DM,LDMF,DMF,Direct free kicks per 90,3.2454269801423417,7.966457023060797,4.721030042918455,477
21-22,DM,LDMF,DMF,Free kicks per 90,3.2454269801423417,7.966457023060797,4.721030042918455,477
21-22,DM,LDMF,DMF,Back passes received as GK per 90,3.2454269801423417,7.966457023060797,4.721030042918455,477
21-22,DM,LDMF,DMF,xG against per 90,3.2454269801423417,7.966457023060797,4.721030042918455,477
21-22,DM,LDMF,DMF,"Accurate progressive passes, %",3.2454269801423417,7.966457023060797,4.721030042918455,477
21-22,DM,LDMF,DMF,Deep completed crosses per 90,3.2454269801423417,7.966457023060797,4.721030042918455,477
21-22,DM,LDMF,DMF,Passes to final third per 90,3.2454269801423417,7.966457023060797,4.721030042918455,477
21-22,DM,LDMF,DMF,Deep completions per 90,3.2454269801423417,7.966457023060797,4.721030042918455,477
21-22,DM,LDMF,DMF,"Accurate through passes, %",3.2454269801423417,7.966457023060797,4.721030042918455,477
21-22,DM,LDMF,DMF,Through passes per 90,3.2454269801423417,7.966457023060797,4.721030042918455,477
21-22,DM,LDMF,DMF,"Accurate passes to penalty area, %",3.2454269801423417,7.966457023060797,4.721030042918455,477
21-22,DM,LDMF,DMF,Passes to penalty area per 90,3.2454269801423417,7.966457023060797,4.721030042918455,477
21-22,DM,LDMF,DMF,"Accurate passes to final third, %",3.2454269801423417,7.966457023060797,4.721030042918455,477
21-22,DM,LDMF,DMF,Passes per 90,3.2454269801423417,7.966457023060797,4.721030042918455,477
21-22,DM,LDMF,DMF,Received long passes per 90,3.2454269801423417,7.966457023060797,4.721030042918455,477
21-22,DM,LDMF,DMF,"Duels won, %",3.2454269801423417,7.966457023060797,4.721030042918455,477
21-22,DM,LDMF,DMF,Received passes per 90,3.2454269801423417,7.966457023060797,4.721030042918455,477
21-22,DM,LDMF,DMF,xG per 90,3.2454269801423417,7.966457023060797,4.721030042918455,477
21-22,DM,LDMF,DMF,Non-penalty goals per 90,3.2454269801423417,7.966457023060797,4.721030042918455,477
21-22,DM,LDMF,DMF,Goals per 90,3.2454269801423417,7.966457023060797,4.721030042918455,477
21-22,DM,LDMF,DMF,Successful attacking actions per 90,3.2454269801423417,7.966457023060797,4.721030042918455,477
21-22,DM,LDMF,DMF,Red cards per 90,3.2454269801423417,7.966457023060797,4.721030042918455,477
21-22,DM,LDMF,DMF,Yellow cards per 90,3.2454269801423417,7.966457023060797,4.721030042918455,477
21-22,DM,LDMF,DMF,Fouls per 90,3.2454269801423417,7.966457023060797,4.721030042918455,477
21-22,DM,LDMF,DMF,Interceptions per 90,3.2454269801423417,7.966457023060797,4.721030042918455,477
21-22,DM,LDMF,DMF,Shots blocked per 90,3.2454269801423417,7.966457023060797,4.721030042918455,477
21-22,DM,LDMF,DMF,Sliding tackles per 90,3.2454269801423417,7.966457023060797,4.721030042918455,477
21-22,DM,LDMF,DMF,"Aerial duels won, %",3.2454269801423417,7.966457023060797,4.721030042918455,477
21-22,DM,LDMF,DMF,Aerial duels per 90,3.2454269801423417,7.966457023060797,4.721030042918455,477
21-22,DM,LDMF,DMF,"Defensive duels won, %",3.2454269801423417,7.966457023060797,4.721030042918455,477
21-22,DM,LDMF,DMF,Defensive duels per 90,3.2454269801423417,7.966457023060797,4.721030042918455,477
21-22,DM,LDMF,DMF,Successful defensive actions per 90,3.2454269801423417,7.966457023060797,4.721030042918455,477
21-22,DM,LDMF,DMF,Head goals per 90,3.2454269801423417,7.966457023060797,4.721030042918455,477
21-22,DM,LDMF,DMF,Shots per 90,3.2454269801423417,7.966457023060797,4.721030042918455,477
21-22,DM,LDMF,DMF,"Shots on target, %",3.2454269801423417,7.966457023060797,4.721030042918455,477
21-22,DM,LDMF,DMF,Dribbles per 90,3.2454269801423417,7.966457023060797,4.721030042918455,477
21-22,DM,LDMF,DMF,Accelerations per 90,3.2454269801423417,7.966457023060797,4.721030042918455,477
21-22,DM,LDMF,DMF,Progressive runs per 90,3.2454269801423417,7.966457023060797,4.721030042918455,477
21-22,DM,LDMF,DMF,Touches in box per 90,3.2454269801423417,7.966457023060797,4.721030042918455,477
21-22,DM,LDMF,DMF,"Offensive duels won, %",3.2454269801423417,7.966457023060797,4.721030042918455,477
21-22,DM,LDMF,DMF,Offensive duels per 90,3.2454269801423417,7.966457023060797,4.721030042918455,477
21-22,DM,LDMF,DMF,"Successful dribbles, %",3.2454269801423417,7.966457023060797,4.721030042918455,477
21-22,DM,LDMF,DMF,Crosses to goalie box per 90,3.2454269801423417,7.966457023060797,4.721030042918455,477
21-22,DM,LDMF,DMF,Assists per 90,3.2454269801423417,7.966457023060797,4.721030042918455,477
21-22,DM,LDMF,DMF,"Accurate crosses from right flank, %",3.2454269801423417,7.966457023060797,4.721030042918455,477
21-22,DM,LDMF,DMF,Crosses from right flank per 90,3.2454269801423417,7.966457023060797,4.721030042918455,477
21-22,DM,LDMF,DMF,"Accurate crosses from left flank, %",3.2454269801423417,7.966457023060797,4.721030042918455,477
21-22,DM,LDMF,DMF,Crosses from left flank per 90,3.2454269801423417,7.966457023060797,4.721030042918455,477
21-22,DM,LDMF,DMF,"Accurate crosses, %",3.2454269801423417,7.966457023060797,4.721030042918455,477
21-22,DM,LDMF,DMF,Crosses per 90,3.2454269801423417,7.966457023060797,4.721030042918455,477
21-22,DM,LDMF,DMF,Corners per 90,3.2454269801423417,7.966457023060797,4.721030042918455,477
21-22,W,LWF,RW,Duels per 90,1.1493739817439241,10.81081081081081,9.661436829066886,296
21-22,W,LWF,RW,Fouls suffered per 90,1.1493739817439241,10.81081081081081,9.661436829066886,296
21-22,W,LWF,RW,Third assists per 90,1.1493739817439241,10.81081081081081,9.661436829066886,296
21-22,W,LWF,RW,Second assists per 90,1.1493739817439241,10.81081081081081,9.661436829066886,296
21-22,W,LWF,RW,Shot assists per 90,1.1493739817439241,10.81081081081081,9.661436829066886,296
21-22,W,LWF,RW,xA per 90,1.1493739817439241,10.81081081081081,9.661436829066886,296
21-22,W,LWF,RW,"Accurate long passes, %",1.1493739817439241,10.81081081081081,9.661436829066886,296
21-22,W,LWF,RW,Long passes per 90,1.1493739817439241,10.81081081081081,9.661436829066886,296
21-22,W,LWF,RW,"Accurate short / medium passes, %",1.1493739817439241,10.81081081081081,9.661436829066886,296
21-22,W,LWF,RW,Short / medium passes per 90,1.1493739817439241,10.81081081081081,9.661436829066886,296
21-22,W,LWF,RW,"Accurate lateral passes, %",1.1493739817439241,10.81081081081081,9.661436829066886,296
21-22,W,LWF,RW,Lateral passes per 90,1.1493739817439241,10.81081081081081,9.661436829066886,296
21-22,W,LWF,RW,"Accurate back passes, %",1.1493739817439241,10.81081081081081,9.661436829066886,296
21-22,W,LWF,RW,Back passes per 90,1.1493739817439241,10.81081081081081,9.661436829066886,296
21-22,W,LWF,RW,"Accurate forward passes, %",1.1493739817439241,10.81081081081081,9.661436829066886,296
21-22,W,LWF,RW,Forward passes per 90,1.1493739817439241,10.81081081081081,9.661436829066886,296
21-22,W,LWF,RW,"Accurate passes, %",1.1493739817439241,10.81081081081081,9.661436829066886,296
21-22,W,LWF,RW,Smart passes per 90,1.1493739817439241,10.81081081081081,9.661436829066886,296
21-22,W,LWF,RW,"Accurate smart passes, %",1.1493739817439241,10.81081081081081,9.661436829066886,296
21-22,W,LWF,RW,Key passes per 90,1.1493739817439241,10.81081081081081,9.661436829066886,296
21-22,W,LWF,RW,Progressive passes per 90,1.1493739817439241,10.81081081081081,9.661436829066886,296
21-22,W,LWF,RW,"Direct free kicks on target, %",1.1493739817439241,10.81081081081081,9.661436829066886,296
21-22,W,LWF,RW,Direct free kicks per 90,1.1493739817439241,10.81081081081081,9.661436829066886,296
21-22,W,LWF,RW,Free kicks per 90,1.1493739817439241,10.81081081081081,9.661436829066886,296
21-22,W,LWF,RW,Back passes received as GK per 90,1.1493739817439241,10.81081081081081,9.661436829066886,296
21-22,W,LWF,RW,xG against per 90,1.1493739817439241,10.81081081081081,9.661436829066886,296
21-22,W,LWF,RW,"Accurate progressive passes, %",1.1493739817439241,10.81081081081081,9.661436829066886,296
21-22,W,LWF,RW,Deep completed crosses per 90,1.1493739817439241,10.81081081081081,9.661436829066886,296
21-22,W,LWF,RW,Passes to final third per 90,1.1493739817439241,10.81081081081081,9.661436829066886,296
21-22,W,LWF,RW,Deep completions per 90,1.1493739817439241,10.81081081081081,9.661436829066886,296
21-22,W,LWF,RW,"Accurate through passes, %",1.1493739817439241,10.81081081081081,9.661436829066886,296
21-22,W,LWF,RW,Through passes per 90,1.1493739817439241,10.81081081081081,9.661436829066886,296
21-22,W,LWF,RW,"Accurate passes to penalty area, %",1.1493739817439241,10.81081081081081,9.661436829066886,296
21-22,W,LWF,RW,Passes to penalty area per 90,1.1493739817439241,10.81081081081081,9.661436829066886,296
21-22,W,LWF,RW,"Accurate passes to final third, %",1.1493739817439241,10.81081081081081,9.661436829066886,296
21-22,W,LWF,RW,Passes per 90,1.1493739817439241,10.81081081081081,9.661436829066886,296
21-22,W,LWF,RW,Received long passes per 90,1.1493739817439241,10.81081081081081,9.661436829066886,296
21-22,W,LWF,RW,"Duels won, %",1.1493739817439241,10.81081081081081,9.661436829066886,296
21-22,W,LWF,RW,Received passes per 90,1.1493739817439241,10.81081081081081,9.661436829066886,296
21-22,W,LWF,RW,xG per 90,1.1493739817439241,10.81081081081081,9.661436829066886,296
21-22,W,LWF,RW,Non-penalty goals per 90,1.1493739817439241,10.81081081081081,9.661436829066886,296
21-22,W,LWF,RW,Goals per 90,1.1493739817439241,10.81081081081081,9.661436829066886,296
21-22,W,LWF,RW,Successful attacking actions per 90,1.1493739817439241,10.81081081081081,9.661436829066886,296
21-22,W,LWF,RW,Red cards per 90,1.1493739817439241,10.81081081081081,9.661436829066886,296
21-22,W,LWF,RW,Yellow cards per 90,1.1493739817439241,10.81081081081081,9.661436829066886,296
21-22,W,LWF,RW,Fouls per 90,1.1493739817439241,10.81081081081081,9.661436829066886,296
21-22,W,LWF,RW,Interceptions per 90,1.1493739817439241,10.81081081081081,9.661436829066886,296
21-22,W,LWF,RW,Shots blocked per 90,1.1493739817439241,10.81081081081081,9.661436829066886,296
21-22,W,LWF,RW,Sliding tackles per 90,1.1493739817439241,10.81081081081081,9.661436829066886,296
21-22,W,LWF,RW,"Aerial duels won, %",1.1493739817439241,10.81081081081081,9.661436829066886,296
21-22,W,LWF,RW,Aerial duels per 90,1.1493739817439241,10.81081081081081,9.661436829066886,296
21-22,W,LWF,RW,"Defensive duels won, %",1.1493739817439241,10.81081081081081,9.661436829066886,296
21-22,W,LWF,RW,Defensive duels per 90,1.1493739817439241,10.81081081081081,9.661436829066886,296
21-22,W,LWF,RW,Successful defensive actions per 90,1.1493739817439241,10.81081081081081,9.661436829066886,296
21-22,W,LWF,RW,Head goals per 90,1.1493739817439241,10.81081081081081,9.661436829066886,296
21-22,W,LWF,RW,Shots per 90,1.1493739817439241,10.81081081081081,9.661436829066886,296
21-22,W,LWF,RW,"Shots on target, %",1.1493739817439241,10.81081081081081,9.661436829066886,296
21-22,W,LWF,RW,Dribbles per 90,1.1493739817439241,10.81081081081081,9.661436829066886,296
21-22,W,LWF,RW,Accelerations per 90,1.1493739817439241,10.81081081081081,9.661436829066886,296
21-22,W,LWF,RW,Progressive runs per 90,1.1493739817439241,10.81081081081081,9.661436829066886,296
21-22,W,LWF,RW,Touches in box per 90,1.1493739817439241,10.81081081081081,9.661436829066886,296
21-22,W,LWF,RW,"Offensive duels won, %",1.1493739817439241,10.81081081081081,9.661436829066886,296
21-22,W,LWF,RW,Offensive duels per 90,1.1493739817439241,10.81081081081081,9.661436829066886,296
21-22,W,LWF,RW,"Successful dribbles, %",1.1493739817439241,10.81081081081081,9.661436829066886,296
21-22,W,LWF,RW,Crosses to goalie box per 90,1.1493739817439241,10.81081081081081,9.661436829066886,296
21-22,W,LWF,RW,Assists per 90,1.1493739817439241,10.81081081081081,9.661436829066886,296
21-22,W,LWF,RW,"Accurate crosses from right flank, %",1.1493739817439241,10.81081081081081,9.661436829066886,296
21-22,W,LWF,RW,Crosses from right flank per 90,1.1493739817439241,10.81081081081081,9.661436829066886,296
21-22,W,LWF,RW,"Accurate crosses from left flank, %",1.1493739817439241,10.81081081081081,9.661436829066886,296
21-22,W,LWF,RW,Crosses from left flank per 90,1.1493739817439241,10.81081081081081,9.661436829066886,296
21-22,W,LWF,RW,"Accurate crosses, %",1.1493739817439241,10.81081081081081,9.661436829066886,296
21-22,W,LWF,RW,Crosses per 90,1.1493739817439241,10.81081081081081,9.661436829066886,296
21-22,W,LWF,RW,Corners per 90,1.1493739817439241,10.81081081081081,9.661436829066886,296
21-22,W,RWF,RW,Duels per 90,2.9539477863177286,12.615384615384615,9.661436829066886,325
21-22,W,RWF,RW,Fouls suffered per 90,2.9539477863177286,12.615384615384615,9.661436829066886,325
21-22,W,RWF,RW,Third assists per 90,2.9539477863177286,12.615384615384615,9.661436829066886,325
21-22,W,RWF,RW,Second assists per 90,2.9539477863177286,12.615384615384615,9.661436829066886,325
21-22,W,RWF,RW,Shot assists per 90,2.9539477863177286,12.615384615384615,9.661436829066886,325
21-22,W,RWF,RW,xA per 90,2.9539477863177286,12.615384615384615,9.661436829066886,325
21-22,W,RWF,RW,"Accurate long passes, %",2.9539477863177286,12.615384615384615,9.661436829066886,325
21-22,W,RWF,RW,Long passes per 90,2.9539477863177286,12.615384615384615,9.661436829066886,325
21-22,W,RWF,RW,"Accurate short / medium passes, %",2.9539477863177286,12.615384615384615,9.661436829066886,325
21-22,W,RWF,RW,Short / medium passes per 90,2.9539477863177286,12.615384615384615,9.661436829066886,325
21-22,W,RWF,RW,"Accurate lateral passes, %",2.9539477863177286,12.615384615384615,9.661436829066886,325
21-22,W,RWF,RW,Lateral passes per 90,2.9539477863177286,12.615384615384615,9.661436829066886,325
21-22,W,RWF,RW,"Accurate back passes, %",2.9539477863177286,12.615384615384615,9.661436829066886,325
21-22,W,RWF,RW,Back passes per 90,2.9539477863177286,12.615384615384615,9.661436829066886,325
21-22,W,RWF,RW,"Accurate forward passes, %",2.9539477863177286,12.615384615384615,9.661436829066886,325
21-22,W,RWF,RW,Forward passes per 90,2.9539477863177286,12.615384615384615,9.661436829066886,325
21-22,W,RWF,RW,"Accurate passes, %",2.9539477863177286,12.615384615384615,9.661436829066886,325
21-22,W,RWF,RW,Smart passes per 90,2.9539477863177286,12.615384615384615,9.661436829066886,325
21-22,W,RWF,RW,"Accurate smart passes, %",2.9539477863177286,12.615384615384615,9.661436829066886,325
21-22,W,RWF,RW,Key passes per 90,2.9539477863177286,12.615384615384615,9.661436829066886,325
21-22,W,RWF,RW,Progressive passes per 90,2.9539477863177286,12.615384615384615,9.661436829066886,325
21-22,W,RWF,RW,"Direct free kicks on target, %",2.9539477863177286,12.615384615384615,9.661436829066886,325
21-22,W,RWF,RW,Direct free kicks per 90,2.9539477863177286,12.615384615384615,9.661436829066886,325
21-22,W,RWF,RW,Free kicks per 90,2.9539477863177286,12.615384615384615,9.661436829066886,325
21-22,W,RWF,RW,Back passes received as GK per 90,2.9539477863177286,12.615384615384615,9.661436829066886,325
21-22,W,RWF,RW,xG against per 90,2.9539477863177286,12.615384615384615,9.661436829066886,325
21-22,W,RWF,RW,"Accurate progressive passes, %",2.9539477863177286,12.615384615384615,9.661436829066886,325
21-22,W,RWF,RW,Deep completed crosses per 90,2.9539477863177286,12.615384615384615,9.661436829066886,325
21-22,W,RWF,RW,Passes to final third per 90,2.9539477863177286,12.615384615384615,9.661436829066886,325
21-22,W,RWF,RW,Deep completions per 90,2.9539477863177286,12.615384615384615,9.661436829066886,325
21-22,W,RWF,RW,"Accurate through passes, %",2.9539477863177286,12.615384615384615,9.661436829066886,325
21-22,W,RWF,RW,Through passes per 90,2.9539477863177286,12.615384615384615,9.661436829066886,325
21-22,W,RWF,RW,"Accurate passes to penalty area, %",2.9539477863177286,12.615384615384615,9.661436829066886,325
21-22,W,RWF,RW,Passes to penalty area per 90,2.9539477863177286,12.615384615384615,9.661436829066886,325
21-22,W,RWF,RW,"Accurate passes to final third, %",2.9539477863177286,12.615384615384615,9.661436829066886,325
21-22,W,RWF,RW,Passes per 90,2.9539477863177286,12.615384615384615,9.661436829066886,325
21-22,W,RWF,RW,Received long passes per 90,2.9539477863177286,12.615384615384615,9.661436829066886,325
21-22,W,RWF,RW,"Duels won, %",2.9539477863177286,12.615384615384615,9.661436829066886,325
21-22,W,RWF,RW,Received passes per 90,2.9539477863177286,12.615384615384615,9.661436829066886,325
21-22,W,RWF,RW,xG per 90,2.9539477863177286,12.615384615384615,9.661436829066886,325
21-22,W,RWF,RW,Non-penalty goals per 90,2.9539477863177286,12.615384615384615,9.661436829066886,325
21-22,W,RWF,RW,Goals per 90,2.9539477863177286,12.615384615384615,9.661436829066886,325
21-22,W,RWF,RW,Successful attacking actions per 90,2.9539477863177286,12.615384615384615,9.661436829066886,325
21-22,W,RWF,RW,Red cards per 90,2.9539477863177286,12.615384615384615,9.661436829066886,325
21-22,W,RWF,RW,Yellow cards per 90,2.9539477863177286,12.615384615384615,9.661436829066886,325
21-22,W,RWF,RW,Fouls per 90,2.9539477863177286,12.615384615384615,9.661436829066886,325
21-22,W,RWF,RW,Interceptions per 90,2.9539477863177286,12.615384615384615,9.661436829066886,325
21-22,W,RWF,RW,Shots blocked per 90,2.9539477863177286,12.615384615384615,9.661436829066886,325
21-22,W,RWF,RW,Sliding tackles per 90,2.9539477863177286,12.615384615384615,9.661436829066886,325
21-22,W,RWF,RW,"Aerial duels won, %",2.9539477863177286,12.615384615384615,9.661436829066886,325
21-22,W,RWF,RW,Aerial duels per 90,2.9539477863177286,12.615384615384615,9.661436829066886,325
21-22,W,RWF,RW,"Defensive duels won, %",2.9539477863177286,12.615384615384615,9.661436829066886,325
21-22,W,RWF,RW,Defensive duels per 90,2.9539477863177286,12.615384615384615,9.661436829066886,325
21-22,W,RWF,RW,Successful defensive actions per 90,2.9539477863177286,12.615384615384615,9.661436829066886,325
21-22,W,RWF,RW,Head goals per 90,2.9539477863177286,12.615384615384615,9.661436829066886,325
21-22,W,RWF,RW,Shots per 90,2.9539477863177286,12.615384615384615,9.661436829066886,325
21-22,W,RWF,RW,"Shots on target, %",2.9539477863177286,12.615384615384615,9.661436829066886,325
21-22,W,RWF,RW,Dribbles per 90,2.9539477863177286,12.615384615384615,9.661436829066886,325
21-22,W,RWF,RW,Accelerations per 90,2.9539477863177286,12.615384615384615,9.661436829066886,325
21-22,W,RWF,RW,Progressive runs per 90,2.9539477863177286,12.615384615384615,9.661436829066886,325
21-22,W,RWF,RW,Touches in box per 90,2.9539477863177286,12.615384615384615,9.661436829066886,325
21-22,W,RWF,RW,"Offensive duels won, %",2.9539477863177286,12.615384615384615,9.661436829066886,325
21-22,W,RWF,RW,Offensive duels per 90,2.9539477863177286,12.615384615384615,9.661436829066886,325
21-22,W,RWF,RW,"Successful dribbles, %",2.9539477863177286,12.615384615384615,9.661436829066886,325
21-22,W,RWF,RW,Crosses to goalie box per 90,2.9539477863177286,12.615384615384615,9.661436829066886,325
21-22,W,RWF,RW,Assists per 90,2.9539477863177286,12.615384615384615,9.661436829066886,325
21-22,W,RWF,RW,"Accurate crosses from right flank, %",2.9539477863177286,12.615384615384615,9.661436829066886,325
21-22,W,RWF,RW,Crosses from right flank per 90,2.9539477863177286,12.615384615384615,9.661436829066886,325
21-22,W,RWF,RW,"Accurate crosses from left flank, %",2.9539477863177286,12.615384615384615,9.661436829066886,325
21-22,W,RWF,RW,Crosses from left flank per 90,2.9539477863177286,12.615384615384615,9.661436829066886,325
21-22,W,RWF,RW,"Accurate crosses, %",2.9539477863177286,12.615384615384615,9.661436829066886,325
21-22,W,RWF,RW,Crosses per 90,2.9539477863177286,12.615384615384615,9.661436829066886,325
21-22,W,RWF,RW,Corners per 90,2.9539477863177286,12.615384615384615,9.661436829066886,325
21-22,W,LAMF,RW,Duels per 90,2.7049753846735705,12.366412213740457,9.661436829066886,655
21-22,W,LAMF,RW,Fouls suffered per 90,2.7049753846735705,12.366412213740457,9.661436829066886,655
21-22,W,LAMF,RW,Third assists per 90,2.7049753846735705,12.366412213740457,9.661436829066886,655
21-22,W,LAMF,RW,Second assists per 90,2.7049753846735705,12.366412213740457,9.661436829066886,655
21-22,W,LAMF,RW,Shot assists per 90,2.7049753846735705,12.366412213740457,9.661436829066886,655
21-22,W,LAMF,RW,xA per 90,2.7049753846735705,12.366412213740457,9.661436829066886,655
21-22,W,LAMF,RW,"Accurate long passes, %",2.7049753846735705,12.366412213740457,9.661436829066886,655
21-22,W,LAMF,RW,Long passes per 90,2.7049753846735705,12.366412213740457,9.661436829066886,655
21-22,W,LAMF,RW,"Accurate short / medium passes, %",2.7049753846735705,12.366412213740457,9.661436829066886,655
21-22,W,LAMF,RW,Short / medium passes per 90,2.7049753846735705,12.366412213740457,9.661436829066886,655
21-22,W,LAMF,RW,"Accurate lateral passes, %",2.7049753846735705,12.366412213740457,9.661436829066886,655
21-22,W,LAMF,RW,Lateral passes per 90,2.7049753846735705,12.366412213740457,9.661436829066886,655
21-22,W,LAMF,RW,"Accurate back passes, %",2.7049753846735705,12.366412213740457,9.661436829066886,655
21-22,W,LAMF,RW,Back passes per 90,2.7049753846735705,12.366412213740457,9.661436829066886,655
21-22,W,LAMF,RW,"Accurate forward passes, %",2.7049753846735705,12.366412213740457,9.661436829066886,655
21-22,W,LAMF,RW,Forward passes per 90,2.7049753846735705,12.366412213740457,9.661436829066886,655
21-22,W,LAMF,RW,"Accurate passes, %",2.7049753846735705,12.366412213740457,9.661436829066886,655
21-22,W,LAMF,RW,Smart passes per 90,2.7049753846735705,12.366412213740457,9.661436829066886,655
21-22,W,LAMF,RW,"Accurate smart passes, %",2.7049753846735705,12.366412213740457,9.661436829066886,655
21-22,W,LAMF,RW,Key passes per 90,2.7049753846735705,12.366412213740457,9.661436829066886,655
21-22,W,LAMF,RW,Progressive passes per 90,2.7049753846735705,12.366412213740457,9.661436829066886,655
21-22,W,LAMF,RW,"Direct free kicks on target, %",2.7049753846735705,12.366412213740457,9.661436829066886,655
21-22,W,LAMF,RW,Direct free kicks per 90,2.7049753846735705,12.366412213740457,9.661436829066886,655
21-22,W,LAMF,RW,Free kicks per 90,2.7049753846735705,12.366412213740457,9.661436829066886,655
21-22,W,LAMF,RW,Back passes received as GK per 90,2.7049753846735705,12.366412213740457,9.661436829066886,655
21-22,W,LAMF,RW,xG against per 90,2.7049753846735705,12.366412213740457,9.661436829066886,655
21-22,W,LAMF,RW,"Accurate progressive passes, %",2.7049753846735705,12.366412213740457,9.661436829066886,655
21-22,W,LAMF,RW,Deep completed crosses per 90,2.7049753846735705,12.366412213740457,9.661436829066886,655
21-22,W,LAMF,RW,Passes to final third per 90,2.7049753846735705,12.366412213740457,9.661436829066886,655
21-22,W,LAMF,RW,Deep completions per 90,2.7049753846735705,12.366412213740457,9.661436829066886,655
21-22,W,LAMF,RW,"Accurate through passes, %",2.7049753846735705,12.366412213740457,9.661436829066886,655
21-22,W,LAMF,RW,Through passes per 90,2.7049753846735705,12.366412213740457,9.661436829066886,655
21-22,W,LAMF,RW,"Accurate passes to penalty area, %",2.7049753846735705,12.366412213740457,9.661436829066886,655
21-22,W,LAMF,RW,Passes to penalty area per 90,2.7049753846735705,12.366412213740457,9.661436829066886,655
21-22,W,LAMF,RW,"Accurate passes to final third, %",2.7049753846735705,12.366412213740457,9.661436829066886,655
21-22,W,LAMF,RW,Passes per 90,2.7049753846735705,12.366412213740457,9.661436829066886,655
21-22,W,LAMF,RW,Received long passes per 90,2.7049753846735705,12.366412213740457,9.661436829066886,655
21-22,W,LAMF,RW,"Duels won, %",2.7049753846735705,12.366412213740457,9.661436829066886,655
21-22,W,LAMF,RW,"Shots on target, %",2.7049753846735705,12.366412213740457,9.661436829066886,655
21-22,W,LAMF,RW,Successful defensive actions per 90,2.7049753846735705,12.366412213740457,9.661436829066886,655
21-22,W,LAMF,RW,Defensive duels per 90,2.7049753846735705,12.366412213740457,9.661436829066886,655
21-22,W,LAMF,RW,"Defensive duels won, %",2.7049753846735705,12.366412213740457,9.661436829066886,655
21-22,W,LAMF,RW,Aerial duels per 90,2.7049753846735705,12.366412213740457,9.661436829066886,655
21-22,W,LAMF,RW,"Aerial duels won, %",2.7049753846735705,12.366412213740457,9.661436829066886,655
21-22,W,LAMF,RW,Sliding tackles per 90,2.7049753846735705,12.366412213740457,9.661436829066886,655
21-22,W,LAMF,RW,Shots blocked per 90,2.7049753846735705,12.366412213740457,9.661436829066886,655
21-22,W,LAMF,RW,Interceptions per 90,2.7049753846735705,12.366412213740457,9.661436829066886,655
21-22,W,LAMF,RW,Fouls per 90,2.7049753846735705,12.366412213740457,9.661436829066886,655
21-22,W,LAMF,RW,Successful attacking actions per 90,2.7049753846735705,12.366412213740457,9.661436829066886,655
21-22,W,LAMF,RW,Non-penalty goals per 90,2.7049753846735705,12.366412213740457,9.661436829066886,655
21-22,W,LAMF,RW,xG per 90,2.7049753846735705,12.366412213740457,9.661436829066886,655
21-22,W,LAMF,RW,Head goals per 90,2.7049753846735705,12.366412213740457,9.661436829066886,655
21-22,W,LAMF,RW,Received passes per 90,2.7049753846735705,12.366412213740457,9.661436829066886,655
21-22,W,LAMF,RW,Shots per 90,2.7049753846735705,12.366412213740457,9.661436829066886,655
21-22,W,LAMF,RW,Assists per 90,2.7049753846735705,12.366412213740457,9.661436829066886,655
21-22,W,LAMF,RW,Crosses to goalie box per 90,2.7049753846735705,12.366412213740457,9.661436829066886,655
21-22,W,LAMF,RW,Accelerations per 90,2.7049753846735705,12.366412213740457,9.661436829066886,655
21-22,W,LAMF,RW,Progressive runs per 90,2.7049753846735705,12.366412213740457,9.661436829066886,655
21-22,W,LAMF,RW,Touches in box per 90,2.7049753846735705,12.366412213740457,9.661436829066886,655
21-22,W,LAMF,RW,"Offensive duels won, %",2.7049753846735705,12.366412213740457,9.661436829066886,655
21-22,W,LAMF,RW,Offensive duels per 90,2.7049753846735705,12.366412213740457,9.661436829066886,655
21-22,W,LAMF,RW,"Successful dribbles, %",2.7049753846735705,12.366412213740457,9.661436829066886,655
21-22,W,LAMF,RW,Dribbles per 90,2.7049753846735705,12.366412213740457,9.661436829066886,655
21-22,W,LAMF,RW,"Accurate crosses from right flank, %",2.7049753846735705,12.366412213740457,9.661436829066886,655
21-22,W,LAMF,RW,Crosses per 90,2.7049753846735705,12.366412213740457,9.661436829066886,655
21-22,W,LAMF,RW,Crosses from right flank per 90,2.7049753846735705,12.366412213740457,9.661436829066886,655
21-22,W,LAMF,RW,"Accurate crosses from left flank, %",2.7049753846735705,12.366412213740457,9.661436829066886,655
21-22,W,LAMF,RW,Crosses from left flank per 90,2.7049753846735705,12.366412213740457,9.661436829066886,655
21-22,W,LAMF,RW,"Accurate crosses, %",2.7049753846735705,12.366412213740457,9.661436829066886,655
21-22,W,LAMF,RW,Corners per 90,2.7049753846735705,12.366412213740457,9.661436829066886,655
21-22,W,LAMF,RW,Yellow cards per 90,2.55230362894838,12.213740458015266,9.661436829066886,655
21-22,W,LAMF,RW,Red cards per 90,2.55230362894838,12.213740458015266,9.661436829066886,655
21-22,W,LAMF,RW,Goals per 90,2.55230362894838,12.213740458015266,9.661436829066886,655
22-23,FB,RWB,RB,Duels per 90,1.8097055012599057,8.093994778067886,6.28428927680798,383
22-23,FB,RWB,RB,Fouls suffered per 90,1.8097055012599057,8.093994778067886,6.28428927680798,383
22-23,FB,RWB,RB,Third assists per 90,1.8097055012599057,8.093994778067886,6.28428927680798,383
22-23,FB,RWB,RB,Second assists per 90,1.8097055012599057,8.093994778067886,6.28428927680798,383
22-23,FB,RWB,RB,Shot assists per 90,1.8097055012599057,8.093994778067886,6.28428927680798,383
22-23,FB,RWB,RB,xA per 90,1.8097055012599057,8.093994778067886,6.28428927680798,383
22-23,FB,RWB,RB,"Accurate long passes, %",1.8097055012599057,8.093994778067886,6.28428927680798,383
22-23,FB,RWB,RB,Long passes per 90,1.8097055012599057,8.093994778067886,6.28428927680798,383
22-23,FB,RWB,RB,"Accurate short / medium passes, %",1.8097055012599057,8.093994778067886,6.28428927680798,383
22-23,FB,RWB,RB,Short / medium passes per 90,1.8097055012599057,8.093994778067886,6.28428927680798,383
22-23,FB,RWB,RB,"Accurate lateral passes, %",1.8097055012599057,8.093994778067886,6.28428927680798,383
22-23,FB,RWB,RB,Lateral passes per 90,1.8097055012599057,8.093994778067886,6.28428927680798,383
22-23,FB,RWB,RB,"Accurate back passes, %",1.8097055012599057,8.093994778067886,6.28428927680798,383
22-23,FB,RWB,RB,Back passes per 90,1.8097055012599057,8.093994778067886,6.28428927680798,383
22-23,FB,RWB,RB,"Accurate forward passes, %",1.8097055012599057,8.093994778067886,6.28428927680798,383
22-23,FB,RWB,RB,Forward passes per 90,1.8097055012599057,8.093994778067886,6.28428927680798,383
22-23,FB,RWB,RB,"Accurate passes, %",1.8097055012599057,8.093994778067886,6.28428927680798,383
22-23,FB,RWB,RB,Smart passes per 90,1.8097055012599057,8.093994778067886,6.28428927680798,383
22-23,FB,RWB,RB,"Accurate smart passes, %",1.8097055012599057,8.093994778067886,6.28428927680798,383
22-23,FB,RWB,RB,Key passes per 90,1.8097055012599057,8.093994778067886,6.28428927680798,383
22-23,FB,RWB,RB,Progressive passes per 90,1.8097055012599057,8.093994778067886,6.28428927680798,383
22-23,FB,RWB,RB,"Direct free kicks on target, %",1.8097055012599057,8.093994778067886,6.28428927680798,383
22-23,FB,RWB,RB,Direct free kicks per 90,1.8097055012599057,8.093994778067886,6.28428927680798,383
22-23,FB,RWB,RB,Free kicks per 90,1.8097055012599057,8.093994778067886,6.28428927680798,383
22-23,FB,RWB,RB,Back passes received as GK per 90,1.8097055012599057,8.093994778067886,6.28428927680798,383
22-23,FB,RWB,RB,xG against per 90,1.8097055012599057,8.093994778067886,6.28428927680798,383
22-23,FB,RWB,RB,"Accurate progressive passes, %",1.8097055012599057,8.093994778067886,6.28428927680798,383
22-23,FB,RWB,RB,Deep completed crosses per 90,1.8097055012599057,8.093994778067886,6.28428927680798,383
22-23,FB,RWB,RB,Passes to final third per 90,1.8097055012599057,8.093994778067886,6.28428927680798,383
22-23,FB,RWB,RB,Deep completions per 90,1.8097055012599057,8.093994778067886,6.28428927680798,383
22-23,FB,RWB,RB,"Accurate through passes, %",1.8097055012599057,8.093994778067886,6.28428927680798,383
22-23,FB,RWB,RB,Through passes per 90,1.8097055012599057,8.093994778067886,6.28428927680798,383
22-23,FB,RWB,RB,"Accurate passes to penalty area, %",1.8097055012599057,8.093994778067886,6.28428927680798,383
22-23,FB,RWB,RB,Passes to penalty area per 90,1.8097055012599057,8.093994778067886,6.28428927680798,383
22-23,FB,RWB,RB,"Accurate passes to final third, %",1.8097055012599057,8.093994778067886,6.28428927680798,383
22-23,FB,RWB,RB,Passes per 90,1.8097055012599057,8.093994778067886,6.28428927680798,383
22-23,FB,RWB,RB,Received long passes per 90,1.8097055012599057,8.093994778067886,6.28428927680798,383
22-23,FB,RWB,RB,"Duels won, %",1.8097055012599057,8.093994778067886,6.28428927680798,383
22-23,FB,RWB,RB,Received passes per 90,1.8097055012599057,8.093994778067886,6.28428927680798,383
22-23,FB,RWB,RB,xG per 90,1.8097055012599057,8.093994778067886,6.28428927680798,383
22-23,FB,RWB,RB,Non-penalty goals per 90,1.8097055012599057,8.093994778067886,6.28428927680798,383
22-23,FB,RWB,RB,Goals per 90,1.8097055012599057,8.093994778067886,6.28428927680798,383
22-23,FB,RWB,RB,Successful attacking actions per 90,1.8097055012599057,8.093994778067886,6.28428927680798,383
22-23,FB,RWB,RB,Red cards per 90,1.8097055012599057,8.093994778067886,6.28428927680798,383
22-23,FB,RWB,RB,Yellow cards per 90,1.8097055012599057,8.093994778067886,6.28428927680798,383
22-23,FB,RWB,RB,Fouls per 90,1.8097055012599057,8.093994778067886,6.28428927680798,383
22-23,FB,RWB,RB,Interceptions per 90,1.8097055012599057,8.093994778067886,6.28428927680798,383
22-23,FB,RWB,RB,Shots blocked per 90,1.8097055012599057,8.093994778067886,6.28428927680798,383
22-23,FB,RWB,RB,Sliding tackles per 90,1.8097055012599057,8.093994778067886,6.28428927680798,383
22-23,FB,RWB,RB,"Aerial duels won, %",1.8097055012599057,8.093994778067886,6.28428927680798,383
22-23,FB,RWB,RB,Aerial duels per 90,1.8097055012599057,8.093994778067886,6.28428927680798,383
22-23,FB,RWB,RB,"Defensive duels won, %",1.8097055012599057,8.093994778067886,6.28428927680798,383
22-23,FB,RWB,RB,Defensive duels per 90,1.8097055012599057,8.093994778067886,6.28428927680798,383
22-23,FB,RWB,RB,Successful defensive actions per 90,1.8097055012599057,8.093994778067886,6.28428927680798,383
22-23,FB,RWB,RB,Head goals per 90,1.8097055012599057,8.093994778067886,6.28428927680798,383
22-23,FB,RWB,RB,Shots per 90,1.8097055012599057,8.093994778067886,6.28428927680798,383
22-23,FB,RWB,RB,"Shots on target, %",1.8097055012599057,8.093994778067886,6.28428927680798,383
22-23,FB,RWB,RB,Dribbles per 90,1.8097055012599057,8.093994778067886,6.28428927680798,383
22-23,FB,RWB,RB,Accelerations per 90,1.8097055012599057,8.093994778067886,6.28428927680798,383
22-23,FB,RWB,RB,Progressive runs per 90,1.8097055012599057,8.093994778067886,6.28428927680798,383
22-23,FB,RWB,RB,Touches in box per 90,1.8097055012599057,8.093994778067886,6.28428927680798,383
22-23,FB,RWB,RB,"Offensive duels won, %",1.8097055012599057,8.093994778067886,6.28428927680798,383
22-23,FB,RWB,RB,Offensive duels per 90,1.8097055012599057,8.093994778067886,6.28428927680798,383
22-23,FB,RWB,RB,"Successful dribbles, %",1.8097055012599057,8.093994778067886,6.28428927680798,383
22-23,FB,RWB,RB,Crosses to goalie box per 90,1.8097055012599057,8.093994778067886,6.28428927680798,383
22-23,FB,RWB,RB,Assists per 90,1.8097055012599057,8.093994778067886,6.28428927680798,383
22-23,FB,RWB,RB,"Accurate crosses from right flank, %",1.8097055012599057,8.093994778067886,6.28428927680798,383
22-23,FB,RWB,RB,Crosses from right flank per 90,1.8097055012599057,8.093994778067886,6.28428927680798,383
22-23,FB,RWB,RB,"Accurate crosses from left flank, %",1.8097055012599057,8.093994778067886,6.28428927680798,383
22-23,FB,RWB,RB,Crosses from left flank per 90,1.8097055012599057,8.093994778067886,6.28428927680798,383
22-23,FB,RWB,RB,"Accurate crosses, %",1.8097055012599057,8.093994778067886,6.28428927680798,383
22-23,FB,RWB,RB,Crosses per 90,1.8097055012599057,8.093994778067886,6.28428927680798,383
22-23,FB,RWB,RB,Corners per 90,1.8097055012599057,8.093994778067886,6.28428927680798,383
22-23,FB,LWB,RB,Duels per 90,3.130468992912121,9.414758269720101,6.28428927680798,393
22-23,FB,LWB,RB,Fouls suffered per 90,3.130468992912121,9.414758269720101,6.28428927680798,393
22-23,FB,LWB,RB,Third assists per 90,3.130468992912121,9.414758269720101,6.28428927680798,393
22-23,FB,LWB,RB,Second assists per 90,3.130468992912121,9.414758269720101,6.28428927680798,393
22-23,FB,LWB,RB,Shot assists per 90,3.130468992912121,9.414758269720101,6.28428927680798,393
22-23,FB,LWB,RB,xA per 90,3.130468992912121,9.414758269720101,6.28428927680798,393
22-23,FB,LWB,RB,"Accurate long passes, %",3.130468992912121,9.414758269720101,6.28428927680798,393
22-23,FB,LWB,RB,Long passes per 90,3.130468992912121,9.414758269720101,6.28428927680798,393
22-23,FB,LWB,RB,"Accurate short / medium passes, %",3.130468992912121,9.414758269720101,6.28428927680798,393
22-23,FB,LWB,RB,Short / medium passes per 90,3.130468992912121,9.414758269720101,6.28428927680798,393
22-23,FB,LWB,RB,"Accurate lateral passes, %",3.130468992912121,9.414758269720101,6.28428927680798,393
22-23,FB,LWB,RB,Lateral passes per 90,3.130468992912121,9.414758269720101,6.28428927680798,393
22-23,FB,LWB,RB,"Accurate back passes, %",3.130468992912121,9.414758269720101,6.28428927680798,393
22-23,FB,LWB,RB,Back passes per 90,3.130468992912121,9.414758269720101,6.28428927680798,393
22-23,FB,LWB,RB,"Accurate forward passes, %",3.130468992912121,9.414758269720101,6.28428927680798,393
22-23,FB,LWB,RB,Forward passes per 90,3.130468992912121,9.414758269720101,6.28428927680798,393
22-23,FB,LWB,RB,"Accurate passes, %",3.130468992912121,9.414758269720101,6.28428927680798,393
22-23,FB,LWB,RB,Smart passes per 90,3.130468992912121,9.414758269720101,6.28428927680798,393
22-23,FB,LWB,RB,"Accurate smart passes, %",3.130468992912121,9.414758269720101,6.28428927680798,393
22-23,FB,LWB,RB,Key passes per 90,3.130468992912121,9.414758269720101,6.28428927680798,393
22-23,FB,LWB,RB,Progressive passes per 90,3.130468992912121,9.414758269720101,6.28428927680798,393
22-23,FB,LWB,RB,"Direct free kicks on target, %",3.130468992912121,9.414758269720101,6.28428927680798,393
22-23,FB,LWB,RB,Direct free kicks per 90,3.130468992912121,9.414758269720101,6.28428927680798,393
22-23,FB,LWB,RB,Free kicks per 90,3.130468992912121,9.414758269720101,6.28428927680798,393
22-23,FB,LWB,RB,Back passes received as GK per 90,3.130468992912121,9.414758269720101,6.28428927680798,393
22-23,FB,LWB,RB,xG against per 90,3.130468992912121,9.414758269720101,6.28428927680798,393
22-23,FB,LWB,RB,"Accurate progressive passes, %",3.130468992912121,9.414758269720101,6.28428927680798,393
22-23,FB,LWB,RB,Deep completed crosses per 90,3.130468992912121,9.414758269720101,6.28428927680798,393
22-23,FB,LWB,RB,Passes to final third per 90,3.130468992912121,9.414758269720101,6.28428927680798,393
22-23,FB,LWB,RB,Deep completions per 90,3.130468992912121,9.414758269720101,6.28428927680798,393
22-23,FB,LWB,RB,"Accurate through passes, %",3.130468992912121,9.414758269720101,6.28428927680798,393
22-23,FB,LWB,RB,Through passes per 90,3.130468992912121,9.414758269720101,6.28428927680798,393
22-23,FB,LWB,RB,"Accurate passes to penalty area, %",3.130468992912121,9.414758269720101,6.28428927680798,393
22-23,FB,LWB,RB,Passes to penalty area per 90,3.130468992912121,9.414758269720101,6.28428927680798,393
22-23,FB,LWB,RB,"Accurate passes to final third, %",3.130468992912121,9.414758269720101,6.28428927680798,393
22-23,FB,LWB,RB,Passes per 90,3.130468992912121,9.414758269720101,6.28428927680798,393
22-23,FB,LWB,RB,Received long passes per 90,3.130468992912121,9.414758269720101,6.28428927680798,393
22-23,FB,LWB,RB,"Duels won, %",3.130468992912121,9.414758269720101,6.28428927680798,393
22-23,FB,LWB,RB,Received passes per 90,3.130468992912121,9.414758269720101,6.28428927680798,393
22-23,FB,LWB,RB,xG per 90,3.130468992912121,9.414758269720101,6.28428927680798,393
22-23,FB,LWB,RB,Non-penalty goals per 90,3.130468992912121,9.414758269720101,6.28428927680798,393
22-23,FB,LWB,RB,Goals per 90,3.130468992912121,9.414758269720101,6.28428927680798,393
22-23,FB,LWB,RB,Successful attacking actions per 90,3.130468992912121,9.414758269720101,6.28428927680798,393
22-23,FB,LWB,RB,Red cards per 90,3.130468992912121,9.414758269720101,6.28428927680798,393
22-23,FB,LWB,RB,Yellow cards per 90,3.130468992912121,9.414758269720101,6.28428927680798,393
22-23,FB,LWB,RB,Fouls per 90,3.130468992912121,9.414758269720101,6.28428927680798,393
22-23,FB,LWB,RB,Interceptions per 90,3.130468992912121,9.414758269720101,6.28428927680798,393
22-23,FB,LWB,RB,Shots blocked per 90,3.130468992912121,9.414758269720101,6.28428927680798,393
22-23,FB,LWB,RB,Sliding tackles per 90,3.130468992912121,9.414758269720101,6.28428927680798,393
22-23,FB,LWB,RB,"Aerial duels won, %",3.130468992912121,9.414758269720101,6.28428927680798,393
22-23,FB,LWB,RB,Aerial duels per 90,3.130468992912121,9.414758269720101,6.28428927680798,393
22-23,FB,LWB,RB,"Defensive duels won, %",3.130468992912121,9.414758269720101,6.28428927680798,393
22-23,FB,LWB,RB,Defensive duels per 90,3.130468992912121,9.414758269720101,6.28428927680798,393
22-23,FB,LWB,RB,Successful defensive actions per 90,3.130468992912121,9.414758269720101,6.28428927680798,393
22-23,FB,LWB,RB,Head goals per 90,3.130468992912121,9.414758269720101,6.28428927680798,393
22-23,FB,LWB,RB,Shots per 90,3.130468992912121,9.414758269720101,6.28428927680798,393
22-23,FB,LWB,RB,"Shots on target, %",3.130468992912121,9.414758269720101,6.28428927680798,393
22-23,FB,LWB,RB,Dribbles per 90,3.130468992912121,9.414758269720101,6.28428927680798,393
22-23,FB,LWB,RB,Accelerations per 90,3.130468992912121,9.414758269720101,6.28428927680798,393
22-23,FB,LWB,RB,Progressive runs per 90,3.130468992912121,9.414758269720101,6.28428927680798,393
22-23,FB,LWB,RB,Touches in box per 90,3.130468992912121,9.414758269720101,6.28428927680798,393
22-23,FB,LWB,RB,"Offensive duels won, %",3.130468992912121,9.414758269720101,6.28428927680798,393
22-23,FB,LWB,RB,Offensive duels per 90,3.130468992912121,9.414758269720101,6.28428927680798,393
22-23,FB,LWB,RB,"Successful dribbles, %",3.130468992912121,9.414758269720101,6.28428927680798,393
22-23,FB,LWB,RB,Crosses to goalie box per 90,3.130468992912121,9.414758269720101,6.28428927680798,393
22-23,FB,LWB,RB,Assists per 90,3.130468992912121,9.414758269720101,6.28428927680798,393
22-23,FB,LWB,RB,"Accurate crosses from right flank, %",3.130468992912121,9.414758269720101,6.28428927680798,393
22-23,FB,LWB,RB,Crosses from right flank per 90,3.130468992912121,9.414758269720101,6.28428927680798,393
22-23,FB,LWB,RB,"Accurate crosses from left flank, %",3.130468992912121,9.414758269720101,6.28428927680798,393
22-23,FB,LWB,RB,Crosses from left flank per 90,3.130468992912121,9.414758269720101,6.28428927680798,393
22-23,FB,LWB,RB,"Accurate crosses, %",3.130468992912121,9.414758269720101,6.28428927680798,393
22-23,FB,LWB,RB,Crosses per 90,3.130468992912121,9.414758269720101,6.28428927680798,393
22-23,FB,LWB,RB,Corners per 90,3.130468992912121,9.414758269720101,6.28428927680798,393
22-23,DM,LDMF,DMF,Duels per 90,2.5730737324940236,10.474308300395258,7.901234567901234,506
22-23,DM,LDMF,DMF,Fouls suffered per 90,2.5730737324940236,10.474308300395258,7.901234567901234,506
22-23,DM,LDMF,DMF,Third assists per 90,2.5730737324940236,10.474308300395258,7.901234567901234,506
22-23,DM,LDMF,DMF,Second assists per 90,2.5730737324940236,10.474308300395258,7.901234567901234,506
22-23,DM,LDMF,DMF,Shot assists per 90,2.5730737324940236,10.474308300395258,7.901234567901234,506
22-23,DM,LDMF,DMF,xA per 90,2.5730737324940236,10.474308300395258,7.901234567901234,506
22-23,DM,LDMF,DMF,"Accurate long passes, %",2.5730737324940236,10.474308300395258,7.901234567901234,506
22-23,DM,LDMF,DMF,Long passes per 90,2.5730737324940236,10.474308300395258,7.901234567901234,506
22-23,DM,LDMF,DMF,"Accurate short / medium passes, %",2.5730737324940236,10.474308300395258,7.901234567901234,506
22-23,DM,LDMF,DMF,Short / medium passes per 90,2.5730737324940236,10.474308300395258,7.901234567901234,506
22-23,DM,LDMF,DMF,"Accurate lateral passes, %",2.5730737324940236,10.474308300395258,7.901234567901234,506
22-23,DM,LDMF,DMF,Lateral passes per 90,2.5730737324940236,10.474308300395258,7.901234567901234,506
22-23,DM,LDMF,DMF,"Accurate back passes, %",2.5730737324940236,10.474308300395258,7.901234567901234,506
22-23,DM,LDMF,DMF,Back passes per 90,2.5730737324940236,10.474308300395258,7.901234567901234,506
22-23,DM,LDMF,DMF,"Accurate forward passes, %",2.5730737324940236,10.474308300395258,7.901234567901234,506
22-23,DM,LDMF,DMF,Forward passes per 90,2.5730737324940236,10.474308300395258,7.901234567901234,506
22-23,DM,LDMF,DMF,"Accurate passes, %",2.5730737324940236,10.474308300395258,7.901234567901234,506
22-23,DM,LDMF,DMF,Smart passes per 90,2.5730737324940236,10.474308300395258,7.901234567901234,506
22-23,DM,LDMF,DMF,"Accurate smart passes, %",2.5730737324940236,10.474308300395258,7.901234567901234,506
22-23,DM,LDMF,DMF,Key passes per 90,2.5730737324940236,10.474308300395258,7.901234567901234,506
22-23,DM,LDMF,DMF,Progressive passes per 90,2.5730737324940236,10.474308300395258,7.901234567901234,506
22-23,DM,LDMF,DMF,"Direct free kicks on target, %",2.5730737324940236,10.474308300395258,7.901234567901234,506
22-23,DM,LDMF,DMF,Direct free kicks per 90,2.5730737324940236,10.474308300395258,7.901234567901234,506
22-23,DM,LDMF,DMF,Free kicks per 90,2.5730737324940236,10.474308300395258,7.901234567901234,506
22-23,DM,LDMF,DMF,Back passes received as GK per 90,2.5730737324940236,10.474308300395258,7.901234567901234,506
22-23,DM,LDMF,DMF,xG against per 90,2.5730737324940236,10.474308300395258,7.901234567901234,506
22-23,DM,LDMF,DMF,"Accurate progressive passes, %",2.5730737324940236,10.474308300395258,7.901234567901234,506
22-23,DM,LDMF,DMF,Deep completed crosses per 90,2.5730737324940236,10.474308300395258,7.901234567901234,506
22-23,DM,LDMF,DMF,Passes to final third per 90,2.5730737324940236,10.474308300395258,7.901234567901234,506
22-23,DM,LDMF,DMF,Deep completions per 90,2.5730737324940236,10.474308300395258,7.901234567901234,506
22-23,DM,LDMF,DMF,"Accurate through passes, %",2.5730737324940236,10.474308300395258,7.901234567901234,506
22-23,DM,LDMF,DMF,Through passes per 90,2.5730737324940236,10.474308300395258,7.901234567901234,506
22-23,DM,LDMF,DMF,"Accurate passes to penalty area, %",2.5730737324940236,10.474308300395258,7.901234567901234,506
22-23,DM,LDMF,DMF,Passes to penalty area per 90,2.5730737324940236,10.474308300395258,7.901234567901234,506
22-23,DM,LDMF,DMF,"Accurate passes to final third, %",2.5730737324940236,10.474308300395258,7.901234567901234,506
22-23,DM,LDMF,DMF,Passes per 90,2.5730737324940236,10.474308300395258,7.901234567901234,506
22-23,DM,LDMF,DMF,Received long passes per 90,2.5730737324940236,10.474308300395258,7.901234567901234,506
22-23,DM,LDMF,DMF,"Duels won, %",2.5730737324940236,10.474308300395258,7.901234567901234,506
22-23,DM,LDMF,DMF,Received passes per 90,2.5730737324940236,10.474308300395258,7.901234567901234,506
22-23,DM,LDMF,DMF,xG per 90,2.5730737324940236,10.474308300395258,7.901234567901234,506
22-23,DM,LDMF,DMF,Non-penalty goals per 90,2.5730737324940236,10.474308300395258,7.901234567901234,506
22-23,DM,LDMF,DMF,Goals per 90,2.5730737324940236,10.474308300395258,7.901234567901234,506
22-23,DM,LDMF,DMF,Successful attacking actions per 90,2.5730737324940236,10.474308300395258,7.901234567901234,506
22-23,DM,LDMF,DMF,Red cards per 90,2.5730737324940236,10.474308300395258,7.901234567901234,506
22-23,DM,LDMF,DMF,Yellow cards per 90,2.5730737324940236,10.474308300395258,7.901234567901234,506
22-23,DM,LDMF,DMF,Fouls per 90,2.5730737324940236,10.474308300395258,7.901234567901234,506
22-23,DM,LDMF,DMF,Interceptions per 90,2.5730737324940236,10.474308300395258,7.901234567901234,506
22-23,DM,LDMF,DMF,Shots blocked per 90,2.5730737324940236,10.474308300395258,7.901234567901234,506
22-23,DM,LDMF,DMF,Sliding tackles per 90,2.5730737324940236,10.474308300395258,7.901234567901234,506
22-23,DM,LDMF,DMF,"Aerial duels won, %",2.5730737324940236,10.474308300395258,7.901234567901234,506
22-23,DM,LDMF,DMF,Aerial duels per 90,2.5730737324940236,10.474308300395258,7.901234567901234,506
22-23,DM,LDMF,DMF,"Defensive duels won, %",2.5730737324940236,10.474308300395258,7.901234567901234,506
22-23,DM,LDMF,DMF,Defensive duels per 90,2.5730737324940236,10.474308300395258,7.901234567901234,506
22-23,DM,LDMF,DMF,Successful defensive actions per 90,2.5730737324940236,10.474308300395258,7.901234567901234,506
22-23,DM,LDMF,DMF,Head goals per 90,2.5730737324940236,10.474308300395258,7.901234567901234,506
22-23,DM,LDMF,DMF,Shots per 90,2.5730737324940236,10.474308300395258,7.901234567901234,506
22-23,DM,LDMF,DMF,"Shots on target, %",2.5730737324940236,10.474308300395258,7.901234567901234,506
22-23,DM,LDMF,DMF,Dribbles per 90,2.5730737324940236,10.474308300395258,7.901234567901234,506
22-23,DM,LDMF,DMF,Accelerations per 90,2.5730737324940236,10.474308300395258,7.901234567901234,506
22-23,DM,LDMF,DMF,Progressive runs per 90,2.5730737324940236,10.474308300395258,7.901234567901234,506
22-23,DM,LDMF,DMF,Touches in box per 90,2.5730737324940236,10.474308300395258,7.901234567901234,506
22-23,DM,LDMF,DMF,"Offensive duels won, %",2.5730737324940236,10.474308300395258,7.901234567901234,506
22-23,DM,LDMF,DMF,Offensive duels per 90,2.5730737324940236,10.474308300395258,7.901234567901234,506
22-23,DM,LDMF,DMF,"Successful dribbles, %",2.5730737324940236,10.474308300395258,7.901234567901234,506
22-23,DM,LDMF,DMF,Crosses to goalie box per 90,2.5730737324940236,10.474308300395258,7.901234567901234,506
22-23,DM,LDMF,DMF,Assists per 90,2.5730737324940236,10.474308300395258,7.901234567901234,506
22-23,DM,LDMF,DMF,"Accurate crosses from right flank, %",2.5730737324940236,10.474308300395258,7.901234567901234,506
22-23,DM,LDMF,DMF,Crosses from right flank per 90,2.5730737324940236,10.474308300395258,7.901234567901234,506
22-23,DM,LDMF,DMF,"Accurate crosses from left flank, %",2.5730737324940236,10.474308300395258,7.901234567901234,506
22-23,DM,LDMF,DMF,Crosses from left flank per 90,2.5730737324940236,10.474308300395258,7.901234567901234,506
22-23,DM,LDMF,DMF,"Accurate crosses, %",2.5730737324940236,10.474308300395258,7.901234567901234,506
22-23,DM,LDMF,DMF,Crosses per 90,2.5730737324940236,10.474308300395258,7.901234567901234,506
22-23,DM,LDMF,DMF,Corners per 90,2.5730737324940236,10.474308300395258,7.901234567901234,506
22-23,W,LWF,LW,Duels per 90,1.7784042942928586,12.745098039215685,10.966693744922827,306
22-23,W,LWF,LW,Fouls suffered per 90,1.7784042942928586,12.745098039215685,10.966693744922827,306
22-23,W,LWF,LW,Third assists per 90,1.7784042942928586,12.745098039215685,10.966693744922827,306
22-23,W,LWF,LW,Second assists per 90,1.7784042942928586,12.745098039215685,10.966693744922827,306
22-23,W,LWF,LW,Shot assists per 90,1.7784042942928586,12.745098039215685,10.966693744922827,306
22-23,W,LWF,LW,xA per 90,1.7784042942928586,12.745098039215685,10.966693744922827,306
22-23,W,LWF,LW,"Accurate long passes, %",1.7784042942928586,12.745098039215685,10.966693744922827,306
22-23,W,LWF,LW,Long passes per 90,1.7784042942928586,12.745098039215685,10.966693744922827,306
22-23,W,LWF,LW,"Accurate short / medium passes, %",1.7784042942928586,12.745098039215685,10.966693744922827,306
22-23,W,LWF,LW,Short / medium passes per 90,1.7784042942928586,12.745098039215685,10.966693744922827,306
22-23,W,LWF,LW,"Accurate lateral passes, %",1.7784042942928586,12.745098039215685,10.966693744922827,306
22-23,W,LWF,LW,Lateral passes per 90,1.7784042942928586,12.745098039215685,10.966693744922827,306
22-23,W,LWF,LW,"Accurate back passes, %",1.7784042942928586,12.745098039215685,10.966693744922827,306
22-23,W,LWF,LW,Back passes per 90,1.7784042942928586,12.745098039215685,10.966693744922827,306
22-23,W,LWF,LW,"Accurate forward passes, %",1.7784042942928586,12.745098039215685,10.966693744922827,306
22-23,W,LWF,LW,Forward passes per 90,1.7784042942928586,12.745098039215685,10.966693744922827,306
22-23,W,LWF,LW,"Accurate passes, %",1.7784042942928586,12.745098039215685,10.966693744922827,306
22-23,W,LWF,LW,Smart passes per 90,1.7784042942928586,12.745098039215685,10.966693744922827,306
22-23,W,LWF,LW,"Accurate smart passes, %",1.7784042942928586,12.745098039215685,10.966693744922827,306
22-23,W,LWF,LW,Key passes per 90,1.7784042942928586,12.745098039215685,10.966693744922827,306
22-23,W,LWF,LW,Progressive passes per 90,1.7784042942928586,12.745098039215685,10.966693744922827,306
22-23,W,LWF,LW,"Direct free kicks on target, %",1.7784042942928586,12.745098039215685,10.966693744922827,306
22-23,W,LWF,LW,Direct free kicks per 90,1.7784042942928586,12.745098039215685,10.966693744922827,306
22-23,W,LWF,LW,Free kicks per 90,1.7784042942928586,12.745098039215685,10.966693744922827,306
22-23,W,LWF,LW,Back passes received as GK per 90,1.7784042942928586,12.745098039215685,10.966693744922827,306
22-23,W,LWF,LW,xG against per 90,1.7784042942928586,12.745098039215685,10.966693744922827,306
22-23,W,LWF,LW,"Accurate progressive passes, %",1.7784042942928586,12.745098039215685,10.966693744922827,306
22-23,W,LWF,LW,Deep completed crosses per 90,1.7784042942928586,12.745098039215685,10.966693744922827,306
22-23,W,LWF,LW,Passes to final third per 90,1.7784042942928586,12.745098039215685,10.966693744922827,306
22-23,W,LWF,LW,Deep completions per 90,1.7784042942928586,12.745098039215685,10.966693744922827,306
22-23,W,LWF,LW,"Accurate through passes, %",1.7784042942928586,12.745098039215685,10.966693744922827,306
22-23,W,LWF,LW,Through passes per 90,1.7784042942928586,12.745098039215685,10.966693744922827,306
22-23,W,LWF,LW,"Accurate passes to penalty area, %",1.7784042942928586,12.745098039215685,10.966693744922827,306
22-23,W,LWF,LW,Passes to penalty area per 90,1.7784042942928586,12.745098039215685,10.966693744922827,306
22-23,W,LWF,LW,"Accurate passes to final third, %",1.7784042942928586,12.745098039215685,10.966693744922827,306
22-23,W,LWF,LW,Passes per 90,1.7784042942928586,12.745098039215685,10.966693744922827,306
22-23,W,LWF,LW,Received long passes per 90,1.7784042942928586,12.745098039215685,10.966693744922827,306
22-23,W,LWF,LW,"Duels won, %",1.7784042942928586,12.745098039215685,10.966693744922827,306
22-23,W,LWF,LW,"Shots on target, %",1.7784042942928586,12.745098039215685,10.966693744922827,306
22-23,W,LWF,LW,Successful defensive actions per 90,1.7784042942928586,12.745098039215685,10.966693744922827,306
22-23,W,LWF,LW,Defensive duels per 90,1.7784042942928586,12.745098039215685,10.966693744922827,306
22-23,W,LWF,LW,"Defensive duels won, %",1.7784042942928586,12.745098039215685,10.966693744922827,306
22-23,W,LWF,LW,Aerial duels per 90,1.7784042942928586,12.745098039215685,10.966693744922827,306
22-23,W,LWF,LW,"Aerial duels won, %",1.7784042942928586,12.745098039215685,10.966693744922827,306
22-23,W,LWF,LW,Sliding tackles per 90,1.7784042942928586,12.745098039215685,10.966693744922827,306
22-23,W,LWF,LW,Shots blocked per 90,1.7784042942928586,12.745098039215685,10.966693744922827,306
22-23,W,LWF,LW,Interceptions per 90,1.7784042942928586,12.745098039215685,10.966693744922827,306
22-23,W,LWF,LW,Fouls per 90,1.7784042942928586,12.745098039215685,10.966693744922827,306
22-23,W,LWF,LW,Successful attacking actions per 90,1.7784042942928586,12.745098039215685,10.966693744922827,306
22-23,W,LWF,LW,Non-penalty goals per 90,1.7784042942928586,12.745098039215685,10.966693744922827,306
22-23,W,LWF,LW,xG per 90,1.7784042942928586,12.745098039215685,10.966693744922827,306
22-23,W,LWF,LW,Head goals per 90,1.7784042942928586,12.745098039215685,10.966693744922827,306
22-23,W,LWF,LW,Received passes per 90,1.7784042942928586,12.745098039215685,10.966693744922827,306
22-23,W,LWF,LW,Shots per 90,1.7784042942928586,12.745098039215685,10.966693744922827,306
22-23,W,LWF,LW,Assists per 90,1.7784042942928586,12.745098039215685,10.966693744922827,306
22-23,W,LWF,LW,Crosses to goalie box per 90,1.7784042942928586,12.745098039215685,10.966693744922827,306
22-23,W,LWF,LW,Accelerations per 90,1.7784042942928586,12.745098039215685,10.966693744922827,306
22-23,W,LWF,LW,Progressive runs per 90,1.7784042942928586,12.745098039215685,10.966693744922827,306
22-23,W,LWF,LW,Touches in box per 90,1.7784042942928586,12.745098039215685,10.966693744922827,306
22-23,W,LWF,LW,"Offensive duels won, %",1.7784042942928586,12.745098039215685,10.966693744922827,306
22-23,W,LWF,LW,Offensive duels per 90,1.7784042942928586,12.745098039215685,10.966693744922827,306
22-23,W,LWF,LW,"Successful dribbles, %",1.7784042942928586,12.745098039215685,10.966693744922827,306
22-23,W,LWF,LW,Dribbles per 90,1.7784042942928586,12.745098039215685,10.966693744922827,306
22-23,W,LWF,LW,"Accurate crosses from right flank, %",1.7784042942928586,12.745098039215685,10.966693744922827,306
22-23,W,LWF,LW,Crosses per 90,1.7784042942928586,12.745098039215685,10.966693744922827,306
22-23,W,LWF,LW,Crosses from right flank per 90,1.7784042942928586,12.745098039215685,10.966693744922827,306
22-23,W,LWF,LW,"Accurate crosses from left flank, %",1.7784042942928586,12.745098039215685,10.966693744922827,306
22-23,W,LWF,LW,Crosses from left flank per 90,1.7784042942928586,12.745098039215685,10.966693744922827,306
22-23,W,LWF,LW,"Accurate crosses, %",1.7784042942928586,12.745098039215685,10.966693744922827,306
22-23,W,LWF,LW,Corners per 90,1.7784042942928586,12.745098039215685,10.966693744922827,306
22-23,W,LWF,LW,Yellow cards per 90,1.5328416771528541,12.418300653594772,10.885458976441917,306
22-23,W,LWF,LW,Red cards per 90,1.5328416771528541,12.418300653594772,10.885458976441917,306
22-23,W,LWF,LW,Goals per 90,1.5328416771528541,12.418300653594772,10.885458976441917,306
22-23,W,RAMF,LW,Duels per 90,1.1352330707655227,9.831460674157304,10.966693744922827,712
22-23,W,RAMF,LW,Fouls suffered per 90,1.1352330707655227,9.831460674157304,10.966693744922827,712
22-23,W,RAMF,LW,Third assists per 90,1.1352330707655227,9.831460674157304,10.966693744922827,712
22-23,W,RAMF,LW,Second assists per 90,1.1352330707655227,9.831460674157304,10.966693744922827,712
22-23,W,RAMF,LW,Shot assists per 90,1.1352330707655227,9.831460674157304,10.966693744922827,712
22-23,W,RAMF,LW,xA per 90,1.1352330707655227,9.831460674157304,10.966693744922827,712
22-23,W,RAMF,LW,"Accurate long passes, %",1.1352330707655227,9.831460674157304,10.966693744922827,712
22-23,W,RAMF,LW,Long passes per 90,1.1352330707655227,9.831460674157304,10.966693744922827,712
22-23,W,RAMF,LW,"Accurate short / medium passes, %",1.1352330707655227,9.831460674157304,10.966693744922827,712
22-23,W,RAMF,LW,Short / medium passes per 90,1.1352330707655227,9.831460674157304,10.966693744922827,712
22-23,W,RAMF,LW,"Accurate lateral passes, %",1.1352330707655227,9.831460674157304,10.966693744922827,712
22-23,W,RAMF,LW,Lateral passes per 90,1.1352330707655227,9.831460674157304,10.966693744922827,712
22-23,W,RAMF,LW,"Accurate back passes, %",1.1352330707655227,9.831460674157304,10.966693744922827,712
22-23,W,RAMF,LW,Back passes per 90,1.1352330707655227,9.831460674157304,10.966693744922827,712
22-23,W,RAMF,LW,"Accurate forward passes, %",1.1352330707655227,9.831460674157304,10.966693744922827,712
22-23,W,RAMF,LW,Forward passes per 90,1.1352330707655227,9.831460674157304,10.966693744922827,712
22-23,W,RAMF,LW,"Accurate passes, %",1.1352330707655227,9.831460674157304,10.966693744922827,712
22-23,W,RAMF,LW,Smart passes per 90,1.1352330707655227,9.831460674157304,10.966693744922827,712
22-23,W,RAMF,LW,"Accurate smart passes, %",1.1352330707655227,9.831460674157304,10.966693744922827,712
22-23,W,RAMF,LW,Key passes per 90,1.1352330707655227,9.831460674157304,10.966693744922827,712
22-23,W,RAMF,LW,Progressive passes per 90,1.1352330707655227,9.831460674157304,10.966693744922827,712
22-23,W,RAMF,LW,"Direct free kicks on target, %",1.1352330707655227,9.831460674157304,10.966693744922827,712
22-23,W,RAMF,LW,Direct free kicks per 90,1.1352330707655227,9.831460674157304,10.966693744922827,712
22-23,W,RAMF,LW,Free kicks per 90,1.1352330707655227,9.831460674157304,10.966693744922827,712
22-23,W,RAMF,LW,Back passes received as GK per 90,1.1352330707655227,9.831460674157304,10.966693744922827,712
22-23,W,RAMF,LW,xG against per 90,1.1352330707655227,9.831460674157304,10.966693744922827,712
22-23,W,RAMF,LW,"Accurate progressive passes, %",1.1352330707655227,9.831460674157304,10.966693744922827,712
22-23,W,RAMF,LW,Deep completed crosses per 90,1.1352330707655227,9.831460674157304,10.966693744922827,712
22-23,W,RAMF,LW,Passes to final third per 90,1.1352330707655227,9.831460674157304,10.966693744922827,712
22-23,W,RAMF,LW,Deep completions per 90,1.1352330707655227,9.831460674157304,10.966693744922827,712
22-23,W,RAMF,LW,"Accurate through passes, %",1.1352330707655227,9.831460674157304,10.966693744922827,712
22-23,W,RAMF,LW,Through passes per 90,1.1352330707655227,9.831460674157304,10.966693744922827,712
22-23,W,RAMF,LW,"Accurate passes to penalty area, %",1.1352330707655227,9.831460674157304,10.966693744922827,712
22-23,W,RAMF,LW,Passes to penalty area per 90,1.1352330707655227,9.831460674157304,10.966693744922827,712
22-23,W,RAMF,LW,"Accurate passes to final third, %",1.1352330707655227,9.831460674157304,10.966693744922827,712
22-23,W,RAMF,LW,Passes per 90,1.1352330707655227,9.831460674157304,10.966693744922827,712
22-23,W,RAMF,LW,Received long passes per 90,1.1352330707655227,9.831460674157304,10.966693744922827,712
22-23,W,RAMF,LW,"Duels won, %",1.1352330707655227,9.831460674157304,10.966693744922827,712
22-23,W,RAMF,LW,"Shots on target, %",1.1352330707655227,9.831460674157304,10.966693744922827,712
22-23,W,RAMF,LW,Successful defensive actions per 90,1.1352330707655227,9.831460674157304,10.966693744922827,712
22-23,W,RAMF,LW,Defensive duels per 90,1.1352330707655227,9.831460674157304,10.966693744922827,712
22-23,W,RAMF,LW,"Defensive duels won, %",1.1352330707655227,9.831460674157304,10.966693744922827,712
22-23,W,RAMF,LW,Aerial duels per 90,1.1352330707655227,9.831460674157304,10.966693744922827,712
22-23,W,RAMF,LW,"Aerial duels won, %",1.1352330707655227,9.831460674157304,10.966693744922827,712
22-23,W,RAMF,LW,Sliding tackles per 90,1.1352330707655227,9.831460674157304,10.966693744922827,712
22-23,W,RAMF,LW,Shots blocked per 90,1.1352330707655227,9.831460674157304,10.966693744922827,712
22-23,W,RAMF,LW,Interceptions per 90,1.1352330707655227,9.831460674157304,10.966693744922827,712
22-23,W,RAMF,LW,Fouls per 90,1.1352330707655227,9.831460674157304,10.966693744922827,712
22-23,W,RAMF,LW,Successful attacking actions per 90,1.1352330707655227,9.831460674157304,10.966693744922827,712
22-23,W,RAMF,LW,Non-penalty goals per 90,1.1352330707655227,9.831460674157304,10.966693744922827,712
22-23,W,RAMF,LW,xG per 90,1.1352330707655227,9.831460674157304,10.966693744922827,712
22-23,W,RAMF,LW,Head goals per 90,1.1352330707655227,9.831460674157304,10.966693744922827,712
22-23,W,RAMF,LW,Received passes per 90,1.1352330707655227,9.831460674157304,10.966693744922827,712
22-23,W,RAMF,LW,Shots per 90,1.1352330707655227,9.831460674157304,10.966693744922827,712
22-23,W,RAMF,LW,Assists per 90,1.1352330707655227,9.831460674157304,10.966693744922827,712
22-23,W,RAMF,LW,Crosses to goalie box per 90,1.1352330707655227,9.831460674157304,10.966693744922827,712
22-23,W,RAMF,LW,Accelerations per 90,1.1352330707655227,9.831460674157304,10.966693744922827,712
22-23,W,RAMF,LW,Progressive runs per 90,1.1352330707655227,9.831460674157304,10.966693744922827,712
22-23,W,RAMF,LW,Touches in box per 90,1.1352330707655227,9.831460674157304,10.966693744922827,712
22-23,W,RAMF,LW,"Offensive duels won, %",1.1352330707655227,9.831460674157304,10.966693744922827,712
22-23,W,RAMF,LW,Offensive duels per 90,1.1352330707655227,9.831460674157304,10.966693744922827,712
22-23,W,RAMF,LW,"Successful dribbles, %",1.1352330707655227,9.831460674157304,10.966693744922827,712
22-23,W,RAMF,LW,Dribbles per 90,1.1352330707655227,9.831460674157304,10.966693744922827,712
22-23,W,RAMF,LW,"Accurate crosses from right flank, %",1.1352330707655227,9.831460674157304,10.966693744922827,712
22-23,W,RAMF,LW,Crosses per 90,1.1352330707655227,9.831460674157304,10.966693744922827,712
22-23,W,RAMF,LW,Crosses from right flank per 90,1.1352330707655227,9.831460674157304,10.966693744922827,712
22-23,W,RAMF,LW,"Accurate crosses from left flank, %",1.1352330707655227,9.831460674157304,10.966693744922827,712
22-23,W,RAMF,LW,Crosses from left flank per 90,1.1352330707655227,9.831460674157304,10.966693744922827,712
22-23,W,RAMF,LW,"Accurate crosses, %",1.1352330707655227,9.831460674157304,10.966693744922827,712
22-23,W,RAMF,LW,Corners per 90,1.1352330707655227,9.831460674157304,10.966693744922827,712
22-23,W,RAMF,LW,Yellow cards per 90,1.0539983022846133,9.831460674157304,10.885458976441917,712
22-23,W,RAMF,LW,Red cards per 90,1.0539983022846133,9.831460674157304,10.885458976441917,712
22-23,W,RAMF,LW,Goals per 90,1.0539983022846133,9.831460674157304,10.885458976441917,712
23-24,CB,RCB,CB,Duels per 90,2.0108227770261964,3.1914893617021276,5.202312138728324,2162
23-24,CB,RCB,CB,Fouls suffered per 90,2.0108227770261964,3.1914893617021276,5.202312138728324,2162
23-24,CB,RCB,CB,Third assists per 90,2.0108227770261964,3.1914893617021276,5.202312138728324,2162
23-24,CB,RCB,CB,Second assists per 90,2.0108227770261964,3.1914893617021276,5.202312138728324,2162
23-24,CB,RCB,CB,Shot assists per 90,2.0108227770261964,3.1914893617021276,5.202312138728324,2162
23-24,CB,RCB,CB,xA per 90,2.0108227770261964,3.1914893617021276,5.202312138728324,2162
23-24,CB,RCB,CB,"Accurate long passes, %",2.0108227770261964,3.1914893617021276,5.202312138728324,2162
23-24,CB,RCB,CB,Long passes per 90,2.0108227770261964,3.1914893617021276,5.202312138728324,2162
23-24,CB,RCB,CB,"Accurate short / medium passes, %",2.0108227770261964,3.1914893617021276,5.202312138728324,2162
23-24,CB,RCB,CB,Short / medium passes per 90,2.0108227770261964,3.1914893617021276,5.202312138728324,2162
23-24,CB,RCB,CB,"Accurate lateral passes, %",2.0108227770261964,3.1914893617021276,5.202312138728324,2162
23-24,CB,RCB,CB,Lateral passes per 90,2.0108227770261964,3.1914893617021276,5.202312138728324,2162
23-24,CB,RCB,CB,"Accurate back passes, %",2.0108227770261964,3.1914893617021276,5.202312138728324,2162
23-24,CB,RCB,CB,Back passes per 90,2.0108227770261964,3.1914893617021276,5.202312138728324,2162
23-24,CB,RCB,CB,"Accurate forward passes, %",2.0108227770261964,3.1914893617021276,5.202312138728324,2162
23-24,CB,RCB,CB,Forward passes per 90,2.0108227770261964,3.1914893617021276,5.202312138728324,2162
23-24,CB,RCB,CB,"Accurate passes, %",2.0108227770261964,3.1914893617021276,5.202312138728324,2162
23-24,CB,RCB,CB,Smart passes per 90,2.0108227770261964,3.1914893617021276,5.202312138728324,2162
23-24,CB,RCB,CB,"Accurate smart passes, %",2.0108227770261964,3.1914893617021276,5.202312138728324,2162
23-24,CB,RCB,CB,Key passes per 90,2.0108227770261964,3.1914893617021276,5.202312138728324,2162
23-24,CB,RCB,CB,Progressive passes per 90,2.0108227770261964,3.1914893617021276,5.202312138728324,2162
23-24,CB,RCB,CB,"Direct free kicks on target, %",2.0108227770261964,3.1914893617021276,5.202312138728324,2162
23-24,CB,RCB,CB,Direct free kicks per 90,2.0108227770261964,3.1914893617021276,5.202312138728324,2162
23-24,CB,RCB,CB,Free kicks per 90,2.0108227770261964,3.1914893617021276,5.202312138728324,2162
23-24,CB,RCB,CB,Back passes received as GK per 90,2.0108227770261964,3.1914893617021276,5.202312138728324,2162
23-24,CB,RCB,CB,xG against per 90,2.0108227770261964,3.1914893617021276,5.202312138728324,2162
23-24,CB,RCB,CB,"Accurate progressive passes, %",2.0108227770261964,3.1914893617021276,5.202312138728324,2162
23-24,CB,RCB,CB,Deep completed crosses per 90,2.0108227770261964,3.1914893617021276,5.202312138728324,2162
23-24,CB,RCB,CB,Passes to final third per 90,2.0108227770261964,3.1914893617021276,5.202312138728324,2162
23-24,CB,RCB,CB,Deep completions per 90,2.0108227770261964,3.1914893617021276,5.202312138728324,2162
23-24,CB,RCB,CB,"Accurate through passes, %",2.0108227770261964,3.1914893617021276,5.202312138728324,2162
23-24,CB,RCB,CB,Through passes per 90,2.0108227770261964,3.1914893617021276,5.202312138728324,2162
23-24,CB,RCB,CB,"Accurate passes to penalty area, %",2.0108227770261964,3.1914893617021276,5.202312138728324,2162
23-24,CB,RCB,CB,Passes to penalty area per 90,2.0108227770261964,3.1914893617021276,5.202312138728324,2162
23-24,CB,RCB,CB,"Accurate passes to final third, %",2.0108227770261964,3.1914893617021276,5.202312138728324,2162
23-24,CB,RCB,CB,Passes per 90,2.0108227770261964,3.1914893617021276,5.202312138728324,2162
23-24,CB,RCB,CB,Received long passes per 90,2.0108227770261964,3.1914893617021276,5.202312138728324,2162
23-24,CB,RCB,CB,"Duels won, %",2.0108227770261964,3.1914893617021276,5.202312138728324,2162
23-24,CB,RCB,CB,Received passes per 90,2.0108227770261964,3.1914893617021276,5.202312138728324,2162
23-24,CB,RCB,CB,xG per 90,2.0108227770261964,3.1914893617021276,5.202312138728324,2162
23-24,CB,RCB,CB,Non-penalty goals per 90,2.0108227770261964,3.1914893617021276,5.202312138728324,2162
23-24,CB,RCB,CB,Goals per 90,2.0108227770261964,3.1914893617021276,5.202312138728324,2162
23-24,CB,RCB,CB,Successful attacking actions per 90,2.0108227770261964,3.1914893617021276,5.202312138728324,2162
23-24,CB,RCB,CB,Red cards per 90,2.0108227770261964,3.1914893617021276,5.202312138728324,2162
23-24,CB,RCB,CB,Yellow cards per 90,2.0108227770261964,3.1914893617021276,5.202312138728324,2162
23-24,CB,RCB,CB,Fouls per 90,2.0108227770261964,3.1914893617021276,5.202312138728324,2162
23-24,CB,RCB,CB,Interceptions per 90,2.0108227770261964,3.1914893617021276,5.202312138728324,2162
23-24,CB,RCB,CB,Shots blocked per 90,2.0108227770261964,3.1914893617021276,5.202312138728324,2162
23-24,CB,RCB,CB,Sliding tackles per 90,2.0108227770261964,3.1914893617021276,5.202312138728324,2162
23-24,CB,RCB,CB,"Aerial duels won, %",2.0108227770261964,3.1914893617021276,5.202312138728324,2162
23-24,CB,RCB,CB,Aerial duels per 90,2.0108227770261964,3.1914893617021276,5.202312138728324,2162
23-24,CB,RCB,CB,"Defensive duels won, %",2.0108227770261964,3.1914893617021276,5.202312138728324,2162
23-24,CB,RCB,CB,Defensive duels per 90,2.0108227770261964,3.1914893617021276,5.202312138728324,2162
23-24,CB,RCB,CB,Successful defensive actions per 90,2.0108227770261964,3.1914893617021276,5.202312138728324,2162
23-24,CB,RCB,CB,Head goals per 90,2.0108227770261964,3.1914893617021276,5.202312138728324,2162
23-24,CB,RCB,CB,Shots per 90,2.0108227770261964,3.1914893617021276,5.202312138728324,2162
23-24,CB,RCB,CB,"Shots on target, %",2.0108227770261964,3.1914893617021276,5.202312138728324,2162
23-24,CB,RCB,CB,Dribbles per 90,2.0108227770261964,3.1914893617021276,5.202312138728324,2162
23-24,CB,RCB,CB,Accelerations per 90,2.0108227770261964,3.1914893617021276,5.202312138728324,2162
23-24,CB,RCB,CB,Progressive runs per 90,2.0108227770261964,3.1914893617021276,5.202312138728324,2162
23-24,CB,RCB,CB,Touches in box per 90,2.0108227770261964,3.1914893617021276,5.202312138728324,2162
23-24,CB,RCB,CB,"Offensive duels won, %",2.0108227770261964,3.1914893617021276,5.202312138728324,2162
23-24,CB,RCB,CB,Offensive duels per 90,2.0108227770261964,3.1914893617021276,5.202312138728324,2162
23-24,CB,RCB,CB,"Successful dribbles, %",2.0108227770261964,3.1914893617021276,5.202312138728324,2162
23-24,CB,RCB,CB,Crosses to goalie box per 90,2.0108227770261964,3.1914893617021276,5.202312138728324,2162
23-24,CB,RCB,CB,Assists per 90,2.0108227770261964,3.1914893617021276,5.202312138728324,2162
23-24,CB,RCB,CB,"Accurate crosses from right flank, %",2.0108227770261964,3.1914893617021276,5.202312138728324,2162
23-24,CB,RCB,CB,Crosses from right flank per 90,2.0108227770261964,3.1914893617021276,5.202312138728324,2162
23-24,CB,RCB,CB,"Accurate crosses from left flank, %",2.0108227770261964,3.1914893617021276,5.202312138728324,2162
23-24,CB,RCB,CB,Crosses from left flank per 90,2.0108227770261964,3.1914893617021276,5.202312138728324,2162
23-24,CB,RCB,CB,"Accurate crosses, %",2.0108227770261964,3.1914893617021276,5.202312138728324,2162
23-24,CB,RCB,CB,Crosses per 90,2.0108227770261964,3.1914893617021276,5.202312138728324,2162
23-24,CB,RCB,CB,Corners per 90,2.0108227770261964,3.1914893617021276,5.202312138728324,2162
23-24,CB,LCB,CB,Duels per 90,1.1425827873517491,4.059729351376575,5.202312138728324,2143
23-24,CB,LCB,CB,Fouls suffered per 90,1.1425827873517491,4.059729351376575,5.202312138728324,2143
23-24,CB,LCB,CB,Third assists per 90,1.1425827873517491,4.059729351376575,5.202312138728324,2143
23-24,CB,LCB,CB,Second assists per 90,1.1425827873517491,4.059729351376575,5.202312138728324,2143
23-24,CB,LCB,CB,Shot assists per 90,1.1425827873517491,4.059729351376575,5.202312138728324,2143
23-24,CB,LCB,CB,xA per 90,1.1425827873517491,4.059729351376575,5.202312138728324,2143
23-24,CB,LCB,CB,"Accurate long passes, %",1.1425827873517491,4.059729351376575,5.202312138728324,2143
23-24,CB,LCB,CB,Long passes per 90,1.1425827873517491,4.059729351376575,5.202312138728324,2143
23-24,CB,LCB,CB,"Accurate short / medium passes, %",1.1425827873517491,4.059729351376575,5.202312138728324,2143
23-24,CB,LCB,CB,Short / medium passes per 90,1.1425827873517491,4.059729351376575,5.202312138728324,2143
23-24,CB,LCB,CB,"Accurate lateral passes, %",1.1425827873517491,4.059729351376575,5.202312138728324,2143
23-24,CB,LCB,CB,Lateral passes per 90,1.1425827873517491,4.059729351376575,5.202312138728324,2143
23-24,CB,LCB,CB,"Accurate back passes, %",1.1425827873517491,4.059729351376575,5.202312138728324,2143
23-24,CB,LCB,CB,Back passes per 90,1.1425827873517491,4.059729351376575,5.202312138728324,2143
23-24,CB,LCB,CB,"Accurate forward passes, %",1.1425827873517491,4.059729351376575,5.202312138728324,2143
23-24,CB,LCB,CB,Forward passes per 90,1.1425827873517491,4.059729351376575,5.202312138728324,2143
23-24,CB,LCB,CB,"Accurate passes, %",1.1425827873517491,4.059729351376575,5.202312138728324,2143
23-24,CB,LCB,CB,Smart passes per 90,1.1425827873517491,4.059729351376575,5.202312138728324,2143
23-24,CB,LCB,CB,"Accurate smart passes, %",1.1425827873517491,4.059729351376575,5.202312138728324,2143
23-24,CB,LCB,CB,Key passes per 90,1.1425827873517491,4.059729351376575,5.202312138728324,2143
23-24,CB,LCB,CB,Progressive passes per 90,1.1425827873517491,4.059729351376575,5.202312138728324,2143
23-24,CB,LCB,CB,"Direct free kicks on target, %",1.1425827873517491,4.059729351376575,5.202312138728324,2143
23-24,CB,LCB,CB,Direct free kicks per 90,1.1425827873517491,4.059729351376575,5.202312138728324,2143
23-24,CB,LCB,CB,Free kicks per 90,1.1425827873517491,4.059729351376575,5.202312138728324,2143
23-24,CB,LCB,CB,Back passes received as GK per 90,1.1425827873517491,4.059729351376575,5.202312138728324,2143
23-24,CB,LCB,CB,xG against per 90,1.1425827873517491,4.059729351376575,5.202312138728324,2143
23-24,CB,LCB,CB,"Accurate progressive passes, %",1.1425827873517491,4.059729351376575,5.202312138728324,2143
23-24,CB,LCB,CB,Deep completed crosses per 90,1.1425827873517491,4.059729351376575,5.202312138728324,2143
23-24,CB,LCB,CB,Passes to final third per 90,1.1425827873517491,4.059729351376575,5.202312138728324,2143
23-24,CB,LCB,CB,Deep completions per 90,1.1425827873517491,4.059729351376575,5.202312138728324,2143
23-24,CB,LCB,CB,"Accurate through passes, %",1.1425827873517491,4.059729351376575,5.202312138728324,2143
23-24,CB,LCB,CB,Through passes per 90,1.1425827873517491,4.059729351376575,5.202312138728324,2143
23-24,CB,LCB,CB,"Accurate passes to penalty area, %",1.1425827873517491,4.059729351376575,5.202312138728324,2143
23-24,CB,LCB,CB,Passes to penalty area per 90,1.1425827873517491,4.059729351376575,5.202312138728324,2143
23-24,CB,LCB,CB,"Accurate passes to final third, %",1.1425827873517491,4.059729351376575,5.202312138728324,2143
23-24,CB,LCB,CB,Passes per 90,1.1425827873517491,4.059729351376575,5.202312138728324,2143
23-24,CB,LCB,CB,Received long passes per 90,1.1425827873517491,4.059729351376575,5.202312138728324,2143
23-24,CB,LCB,CB,"Duels won, %",1.1425827873517491,4.059729351376575,5.202312138728324,2143
23-24,CB,LCB,CB,Received passes per 90,1.1425827873517491,4.059729351376575,5.202312138728324,2143
23-24,CB,LCB,CB,xG per 90,1.1425827873517491,4.059729351376575,5.202312138728324,2143
23-24,CB,LCB,CB,Non-penalty goals per 90,1.1425827873517491,4.059729351376575,5.202312138728324,2143
23-24,CB,LCB,CB,Goals per 90,1.1425827873517491,4.059729351376575,5.202312138728324,2143
23-24,CB,LCB,CB,Successful attacking actions per 90,1.1425827873517491,4.059729351376575,5.202312138728324,2143
23-24,CB,LCB,CB,Red cards per 90,1.1425827873517491,4.059729351376575,5.202312138728324,2143
23-24,CB,LCB,CB,Yellow cards per 90,1.1425827873517491,4.059729351376575,5.202312138728324,2143
23-24,CB,LCB,CB,Fouls per 90,1.1425827873517491,4.059729351376575,5.202312138728324,2143
23-24,CB,LCB,CB,Interceptions per 90,1.1425827873517491,4.059729351376575,5.202312138728324,2143
23-24,CB,LCB,CB,Shots blocked per 90,1.1425827873517491,4.059729351376575,5.202312138728324,2143
23-24,CB,LCB,CB,Sliding tackles per 90,1.1425827873517491,4.059729351376575,5.202312138728324,2143
23-24,CB,LCB,CB,"Aerial duels won, %",1.1425827873517491,4.059729351376575,5.202312138728324,2143
23-24,CB,LCB,CB,Aerial duels per 90,1.1425827873517491,4.059729351376575,5.202312138728324,2143
23-24,CB,LCB,CB,"Defensive duels won, %",1.1425827873517491,4.059729351376575,5.202312138728324,2143
23-24,CB,LCB,CB,Defensive duels per 90,1.1425827873517491,4.059729351376575,5.202312138728324,2143
23-24,CB,LCB,CB,Successful defensive actions per 90,1.1425827873517491,4.059729351376575,5.202312138728324,2143
23-24,CB,LCB,CB,Head goals per 90,1.1425827873517491,4.059729351376575,5.202312138728324,2143
23-24,CB,LCB,CB,Shots per 90,1.1425827873517491,4.059729351376575,5.202312138728324,2143
23-24,CB,LCB,CB,"Shots on target, %",1.1425827873517491,4.059729351376575,5.202312138728324,2143
23-24,CB,LCB,CB,Dribbles per 90,1.1425827873517491,4.059729351376575,5.202312138728324,2143
23-24,CB,LCB,CB,Accelerations per 90,1.1425827873517491,4.059729351376575,5.202312138728324,2143
23-24,CB,LCB,CB,Progressive runs per 90,1.1425827873517491,4.059729351376575,5.202312138728324,2143
23-24,CB,LCB,CB,Touches in box per 90,1.1425827873517491,4.059729351376575,5.202312138728324,2143
23-24,CB,LCB,CB,"Offensive duels won, %",1.1425827873517491,4.059729351376575,5.202312138728324,2143
23-24,CB,LCB,CB,Offensive duels per 90,1.1425827873517491,4.059729351376575,5.202312138728324,2143
23-24,CB,LCB,CB,"Successful dribbles, %",1.1425827873517491,4.059729351376575,5.202312138728324,2143
23-24,CB,LCB,CB,Crosses to goalie box per 90,1.1425827873517491,4.059729351376575,5.202312138728324,2143
23-24,CB,LCB,CB,Assists per 90,1.1425827873517491,4.059729351376575,5.202312138728324,2143
23-24,CB,LCB,CB,"Accurate crosses from right flank, %",1.1425827873517491,4.059729351376575,5.202312138728324,2143
23-24,CB,LCB,CB,Crosses from right flank per 90,1.1425827873517491,4.059729351376575,5.202312138728324,2143
23-24,CB,LCB,CB,"Accurate crosses from left flank, %",1.1425827873517491,4.059729351376575,5.202312138728324,2143
23-24,CB,LCB,CB,Crosses from left flank per 90,1.1425827873517491,4.059729351376575,5.202312138728324,2143
23-24,CB,LCB,CB,"Accurate crosses, %",1.1425827873517491,4.059729351376575,5.202312138728324,2143
23-24,CB,LCB,CB,Crosses per 90,1.1425827873517491,4.059729351376575,5.202312138728324,2143
23-24,CB,LCB,CB,Corners per 90,1.1425827873517491,4.059729351376575,5.202312138728324,2143
23-24,FB,RWB,RB,Goals per 90,1.825655154287162,8.638743455497382,6.81308830121022,382
23-24,FB,RWB,RB,Red cards per 90,1.825655154287162,8.638743455497382,6.81308830121022,382
23-24,FB,RWB,RB,Yellow cards per 90,1.825655154287162,8.638743455497382,6.81308830121022,382
23-24,FB,RWB,RB,Duels per 90,1.780832204937096,8.638743455497382,6.857911250560286,382
23-24,FB,RWB,RB,"Accurate smart passes, %",1.780832204937096,8.638743455497382,6.857911250560286,382
23-24,FB,RWB,RB,Third assists per 90,1.780832204937096,8.638743455497382,6.857911250560286,382
23-24,FB,RWB,RB,Second assists per 90,1.780832204937096,8.638743455497382,6.857911250560286,382
23-24,FB,RWB,RB,Shot assists per 90,1.780832204937096,8.638743455497382,6.857911250560286,382
23-24,FB,RWB,RB,xA per 90,1.780832204937096,8.638743455497382,6.857911250560286,382
23-24,FB,RWB,RB,"Accurate long passes, %",1.780832204937096,8.638743455497382,6.857911250560286,382
23-24,FB,RWB,RB,Long passes per 90,1.780832204937096,8.638743455497382,6.857911250560286,382
23-24,FB,RWB,RB,"Accurate short / medium passes, %",1.780832204937096,8.638743455497382,6.857911250560286,382
23-24,FB,RWB,RB,Short / medium passes per 90,1.780832204937096,8.638743455497382,6.857911250560286,382
23-24,FB,RWB,RB,"Accurate lateral passes, %",1.780832204937096,8.638743455497382,6.857911250560286,382
23-24,FB,RWB,RB,Lateral passes per 90,1.780832204937096,8.638743455497382,6.857911250560286,382
23-24,FB,RWB,RB,"Accurate back passes, %",1.780832204937096,8.638743455497382,6.857911250560286,382
23-24,FB,RWB,RB,Back passes per 90,1.780832204937096,8.638743455497382,6.857911250560286,382
23-24,FB,RWB,RB,"Accurate forward passes, %",1.780832204937096,8.638743455497382,6.857911250560286,382
23-24,FB,RWB,RB,Forward passes per 90,1.780832204937096,8.638743455497382,6.857911250560286,382
23-24,FB,RWB,RB,Smart passes per 90,1.780832204937096,8.638743455497382,6.857911250560286,382
23-24,FB,RWB,RB,Passes to final third per 90,1.780832204937096,8.638743455497382,6.857911250560286,382
23-24,FB,RWB,RB,Key passes per 90,1.780832204937096,8.638743455497382,6.857911250560286,382
23-24,FB,RWB,RB,Progressive passes per 90,1.780832204937096,8.638743455497382,6.857911250560286,382
23-24,FB,RWB,RB,"Direct free kicks on target, %",1.780832204937096,8.638743455497382,6.857911250560286,382
23-24,FB,RWB,RB,Direct free kicks per 90,1.780832204937096,8.638743455497382,6.857911250560286,382
23-24,FB,RWB,RB,Free kicks per 90,1.780832204937096,8.638743455497382,6.857911250560286,382
23-24,FB,RWB,RB,Back passes received as GK per 90,1.780832204937096,8.638743455497382,6.857911250560286,382
23-24,FB,RWB,RB,xG against per 90,1.780832204937096,8.638743455497382,6.857911250560286,382
23-24,FB,RWB,RB,"Accurate progressive passes, %",1.780832204937096,8.638743455497382,6.857911250560286,382
23-24,FB,RWB,RB,Deep completed crosses per 90,1.780832204937096,8.638743455497382,6.857911250560286,382
23-24,FB,RWB,RB,Passes per 90,1.780832204937096,8.638743455497382,6.857911250560286,382
23-24,FB,RWB,RB,Deep completions per 90,1.780832204937096,8.638743455497382,6.857911250560286,382
23-24,FB,RWB,RB,"Accurate through passes, %",1.780832204937096,8.638743455497382,6.857911250560286,382
23-24,FB,RWB,RB,Through passes per 90,1.780832204937096,8.638743455497382,6.857911250560286,382
23-24,FB,RWB,RB,"Accurate passes to penalty area, %",1.780832204937096,8.638743455497382,6.857911250560286,382
23-24,FB,RWB,RB,Passes to penalty area per 90,1.780832204937096,8.638743455497382,6.857911250560286,382
23-24,FB,RWB,RB,"Accurate passes to final third, %",1.780832204937096,8.638743455497382,6.857911250560286,382
23-24,FB,RWB,RB,"Accurate passes, %",1.780832204937096,8.638743455497382,6.857911250560286,382
23-24,FB,RWB,RB,Received long passes per 90,1.780832204937096,8.638743455497382,6.857911250560286,382
23-24,FB,RWB,RB,Fouls suffered per 90,1.780832204937096,8.638743455497382,6.857911250560286,382
23-24,FB,RWB,RB,Interceptions per 90,1.780832204937096,8.638743455497382,6.857911250560286,382
23-24,FB,RWB,RB,Shots per 90,1.780832204937096,8.638743455497382,6.857911250560286,382
23-24,FB,RWB,RB,Head goals per 90,1.780832204937096,8.638743455497382,6.857911250560286,382
23-24,FB,RWB,RB,xG per 90,1.780832204937096,8.638743455497382,6.857911250560286,382
23-24,FB,RWB,RB,Non-penalty goals per 90,1.780832204937096,8.638743455497382,6.857911250560286,382
23-24,FB,RWB,RB,Successful attacking actions per 90,1.780832204937096,8.638743455497382,6.857911250560286,382
23-24,FB,RWB,RB,Fouls per 90,1.780832204937096,8.638743455497382,6.857911250560286,382
23-24,FB,RWB,RB,Shots blocked per 90,1.780832204937096,8.638743455497382,6.857911250560286,382
23-24,FB,RWB,RB,"Duels won, %",1.780832204937096,8.638743455497382,6.857911250560286,382
23-24,FB,RWB,RB,Sliding tackles per 90,1.780832204937096,8.638743455497382,6.857911250560286,382
23-24,FB,RWB,RB,"Aerial duels won, %",1.780832204937096,8.638743455497382,6.857911250560286,382
23-24,FB,RWB,RB,Aerial duels per 90,1.780832204937096,8.638743455497382,6.857911250560286,382
23-24,FB,RWB,RB,"Defensive duels won, %",1.780832204937096,8.638743455497382,6.857911250560286,382
23-24,FB,RWB,RB,Defensive duels per 90,1.780832204937096,8.638743455497382,6.857911250560286,382
23-24,FB,RWB,RB,Successful defensive actions per 90,1.780832204937096,8.638743455497382,6.857911250560286,382
23-24,FB,RWB,RB,"Shots on target, %",1.780832204937096,8.638743455497382,6.857911250560286,382
23-24,FB,RWB,RB,Assists per 90,1.780832204937096,8.638743455497382,6.857911250560286,382
23-24,FB,RWB,RB,Crosses per 90,1.780832204937096,8.638743455497382,6.857911250560286,382
23-24,FB,RWB,RB,"Accurate crosses, %",1.780832204937096,8.638743455497382,6.857911250560286,382
23-24,FB,RWB,RB,Crosses from left flank per 90,1.780832204937096,8.638743455497382,6.857911250560286,382
23-24,FB,RWB,RB,"Accurate crosses from left flank, %",1.780832204937096,8.638743455497382,6.857911250560286,382
23-24,FB,RWB,RB,Crosses from right flank per 90,1.780832204937096,8.638743455497382,6.857911250560286,382
23-24,FB,RWB,RB,"Accurate crosses from right flank, %",1.780832204937096,8.638743455497382,6.857911250560286,382
23-24,FB,RWB,RB,Crosses to goalie box per 90,1.780832204937096,8.638743455497382,6.857911250560286,382
23-24,FB,RWB,RB,Dribbles per 90,1.780832204937096,8.638743455497382,6.857911250560286,382
23-24,FB,RWB,RB,"Successful dribbles, %",1.780832204937096,8.638743455497382,6.857911250560286,382
23-24,FB,RWB,RB,Offensive duels per 90,1.780832204937096,8.638743455497382,6.857911250560286,382
23-24,FB,RWB,RB,"Offensive duels won, %",1.780832204937096,8.638743455497382,6.857911250560286,382
23-24,FB,RWB,RB,Touches in box per 90,1.780832204937096,8.638743455497382,6.857911250560286,382
23-24,FB,RWB,RB,Progressive runs per 90,1.780832204937096,8.638743455497382,6.857911250560286,382
23-24,FB,RWB,RB,Accelerations per 90,1.780832204937096,8.638743455497382,6.857911250560286,382
23-24,FB,RWB,RB,Received passes per 90,1.780832204937096,8.638743455497382,6.857911250560286,382
23-24,FB,RWB,RB,Corners per 90,1.780832204937096,8.638743455497382,6.857911250560286,382
23-24,FB,LWB,RB,Goals per 90,3.293294677513183,10.106382978723403,6.81308830121022,376
23-24,FB,LWB,RB,Red cards per 90,3.293294677513183,10.106382978723403,6.81308830121022,376
23-24,FB,LWB,RB,Yellow cards per 90,3.293294677513183,10.106382978723403,6.81308830121022,376
23-24,FB,LWB,RB,Duels per 90,3.248471728163117,10.106382978723403,6.857911250560286,376
23-24,FB,LWB,RB,"Accurate smart passes, %",3.248471728163117,10.106382978723403,6.857911250560286,376
23-24,FB,LWB,RB,Third assists per 90,3.248471728163117,10.106382978723403,6.857911250560286,376
23-24,FB,LWB,RB,Second assists per 90,3.248471728163117,10.106382978723403,6.857911250560286,376
23-24,FB,LWB,RB,Shot assists per 90,3.248471728163117,10.106382978723403,6.857911250560286,376
23-24,FB,LWB,RB,xA per 90,3.248471728163117,10.106382978723403,6.857911250560286,376
23-24,FB,LWB,RB,"Accurate long passes, %",3.248471728163117,10.106382978723403,6.857911250560286,376
23-24,FB,LWB,RB,Long passes per 90,3.248471728163117,10.106382978723403,6.857911250560286,376
23-24,FB,LWB,RB,"Accurate short / medium passes, %",3.248471728163117,10.106382978723403,6.857911250560286,376
23-24,FB,LWB,RB,Short / medium passes per 90,3.248471728163117,10.106382978723403,6.857911250560286,376
23-24,FB,LWB,RB,"Accurate lateral passes, %",3.248471728163117,10.106382978723403,6.857911250560286,376
23-24,FB,LWB,RB,Lateral passes per 90,3.248471728163117,10.106382978723403,6.857911250560286,376
23-24,FB,LWB,RB,"Accurate back passes, %",3.248471728163117,10.106382978723403,6.857911250560286,376
23-24,FB,LWB,RB,Back passes per 90,3.248471728163117,10.106382978723403,6.857911250560286,376
23-24,FB,LWB,RB,"Accurate forward passes, %",3.248471728163117,10.106382978723403,6.857911250560286,376
23-24,FB,LWB,RB,Forward passes per 90,3.248471728163117,10.106382978723403,6.857911250560286,376
23-24,FB,LWB,RB,Smart passes per 90,3.248471728163117,10.106382978723403,6.857911250560286,376
23-24,FB,LWB,RB,Passes to final third per 90,3.248471728163117,10.106382978723403,6.857911250560286,376
23-24,FB,LWB,RB,Key passes per 90,3.248471728163117,10.106382978723403,6.857911250560286,376
23-24,FB,LWB,RB,Progressive passes per 90,3.248471728163117,10.106382978723403,6.857911250560286,376
23-24,FB,LWB,RB,"Direct free kicks on target, %",3.248471728163117,10.106382978723403,6.857911250560286,376
23-24,FB,LWB,RB,Direct free kicks per 90,3.248471728163117,10.106382978723403,6.857911250560286,376
23-24,FB,LWB,RB,Free kicks per 90,3.248471728163117,10.106382978723403,6.857911250560286,376
23-24,FB,LWB,RB,Back passes received as GK per 90,3.248471728163117,10.106382978723403,6.857911250560286,376
23-24,FB,LWB,RB,xG against per 90,3.248471728163117,10.106382978723403,6.857911250560286,376
23-24,FB,LWB,RB,"Accurate progressive passes, %",3.248471728163117,10.106382978723403,6.857911250560286,376
23-24,FB,LWB,RB,Deep completed crosses per 90,3.248471728163117,10.106382978723403,6.857911250560286,376
23-24,FB,LWB,RB,Passes per 90,3.248471728163117,10.106382978723403,6.857911250560286,376
23-24,FB,LWB,RB,Deep completions per 90,3.248471728163117,10.106382978723403,6.857911250560286,376
23-24,FB,LWB,RB,"Accurate through passes, %",3.248471728163117,10.106382978723403,6.857911250560286,376
23-24,FB,LWB,RB,Through passes per 90,3.248471728163117,10.106382978723403,6.857911250560286,376
23-24,FB,LWB,RB,"Accurate passes to penalty area, %",3.248471728163117,10.106382978723403,6.857911250560286,376
23-24,FB,LWB,RB,Passes to penalty area per 90,3.248471728163117,10.106382978723403,6.857911250560286,376
23-24,FB,LWB,RB,"Accurate passes to final third, %",3.248471728163117,10.106382978723403,6.857911250560286,376
23-24,FB,LWB,RB,"Accurate passes, %",3.248471728163117,10.106382978723403,6.857911250560286,376
23-24,FB,LWB,RB,Received long passes per 90,3.248471728163117,10.106382978723403,6.857911250560286,376
23-24,FB,LWB,RB,Fouls suffered per 90,3.248471728163117,10.106382978723403,6.857911250560286,376
23-24,FB,LWB,RB,Interceptions per 90,3.248471728163117,10.106382978723403,6.857911250560286,376
23-24,FB,LWB,RB,Shots per 90,3.248471728163117,10.106382978723403,6.857911250560286,376
23-24,FB,LWB,RB,Head goals per 90,3.248471728163117,10.106382978723403,6.857911250560286,376
23-24,FB,LWB,RB,xG per 90,3.248471728163117,10.106382978723403,6.857911250560286,376
23-24,FB,LWB,RB,Non-penalty goals per 90,3.248471728163117,10.106382978723403,6.857911250560286,376
23-24,FB,LWB,RB,Successful attacking actions per 90,3.248471728163117,10.106382978723403,6.857911250560286,376
23-24,FB,LWB,RB,Fouls per 90,3.248471728163117,10.106382978723403,6.857911250560286,376
23-24,FB,LWB,RB,Shots blocked per 90,3.248471728163117,10.106382978723403,6.857911250560286,376
23-24,FB,LWB,RB,"Duels won, %",3.248471728163117,10.106382978723403,6.857911250560286,376
23-24,FB,LWB,RB,Sliding tackles per 90,3.248471728163117,10.106382978723403,6.857911250560286,376
23-24,FB,LWB,RB,"Aerial duels won, %",3.248471728163117,10.106382978723403,6.857911250560286,376
23-24,FB,LWB,RB,Aerial duels per 90,3.248471728163117,10.106382978723403,6.857911250560286,376
23-24,FB,LWB,RB,"Defensive duels won, %",3.248471728163117,10.106382978723403,6.857911250560286,376
23-24,FB,LWB,RB,Defensive duels per 90,3.248471728163117,10.106382978723403,6.857911250560286,376
23-24,FB,LWB,RB,Successful defensive actions per 90,3.248471728163117,10.106382978723403,6.857911250560286,376
23-24,FB,LWB,RB,"Shots on target, %",3.248471728163117,10.106382978723403,6.857911250560286,376
23-24,FB,LWB,RB,Assists per 90,3.248471728163117,10.106382978723403,6.857911250560286,376
23-24,FB,LWB,RB,Crosses per 90,3.248471728163117,10.106382978723403,6.857911250560286,376
23-24,FB,LWB,RB,"Accurate crosses, %",3.248471728163117,10.106382978723403,6.857911250560286,376
23-24,FB,LWB,RB,Crosses from left flank per 90,3.248471728163117,10.106382978723403,6.857911250560286,376
23-24,FB,LWB,RB,"Accurate crosses from left flank, %",3.248471728163117,10.106382978723403,6.857911250560286,376
23-24,FB,LWB,RB,Crosses from right flank per 90,3.248471728163117,10.106382978723403,6.857911250560286,376
23-24,FB,LWB,RB,"Accurate crosses from right flank, %",3.248471728163117,10.106382978723403,6.857911250560286,376
23-24,FB,LWB,RB,Crosses to goalie box per 90,3.248471728163117,10.106382978723403,6.857911250560286,376
23-24,FB,LWB,RB,Dribbles per 90,3.248471728163117,10.106382978723403,6.857911250560286,376
23-24,FB,LWB,RB,"Successful dribbles, %",3.248471728163117,10.106382978723403,6.857911250560286,376
23-24,FB,LWB,RB,Offensive duels per 90,3.248471728163117,10.106382978723403,6.857911250560286,376
23-24,FB,LWB,RB,"Offensive duels won, %",3.248471728163117,10.106382978723403,6.857911250560286,376
23-24,FB,LWB,RB,Touches in box per 90,3.248471728163117,10.106382978723403,6.857911250560286,376
23-24,FB,LWB,RB,Progressive runs per 90,3.248471728163117,10.106382978723403,6.857911250560286,376
23-24,FB,LWB,RB,Accelerations per 90,3.248471728163117,10.106382978723403,6.857911250560286,376
23-24,FB,LWB,RB,Received passes per 90,3.248471728163117,10.106382978723403,6.857911250560286,376
23-24,FB,LWB,RB,Corners per 90,3.248471728163117,10.106382978723403,6.857911250560286,376
23-24,DM,RDMF,DMF,Duels per 90,3.2102466025487777,9.165302782324058,5.955056179775281,611
23-24,DM,RDMF,DMF,Fouls suffered per 90,3.2102466025487777,9.165302782324058,5.955056179775281,611
23-24,DM,RDMF,DMF,Third assists per 90,3.2102466025487777,9.165302782324058,5.955056179775281,611
23-24,DM,RDMF,DMF,Second assists per 90,3.2102466025487777,9.165302782324058,5.955056179775281,611
23-24,DM,RDMF,DMF,Shot assists per 90,3.2102466025487777,9.165302782324058,5.955056179775281,611
23-24,DM,RDMF,DMF,xA per 90,3.2102466025487777,9.165302782324058,5.955056179775281,611
23-24,DM,RDMF,DMF,"Accurate long passes, %",3.2102466025487777,9.165302782324058,5.955056179775281,611
23-24,DM,RDMF,DMF,Long passes per 90,3.2102466025487777,9.165302782324058,5.955056179775281,611
23-24,DM,RDMF,DMF,"Accurate short / medium passes, %",3.2102466025487777,9.165302782324058,5.955056179775281,611
23-24,DM,RDMF,DMF,Short / medium passes per 90,3.2102466025487777,9.165302782324058,5.955056179775281,611
23-24,DM,RDMF,DMF,"Accurate lateral passes, %",3.2102466025487777,9.165302782324058,5.955056179775281,611
23-24,DM,RDMF,DMF,Lateral passes per 90,3.2102466025487777,9.165302782324058,5.955056179775281,611
23-24,DM,RDMF,DMF,"Accurate back passes, %",3.2102466025487777,9.165302782324058,5.955056179775281,611
23-24,DM,RDMF,DMF,Back passes per 90,3.2102466025487777,9.165302782324058,5.955056179775281,611
23-24,DM,RDMF,DMF,"Accurate forward passes, %",3.2102466025487777,9.165302782324058,5.955056179775281,611
23-24,DM,RDMF,DMF,Forward passes per 90,3.2102466025487777,9.165302782324058,5.955056179775281,611
23-24,DM,RDMF,DMF,"Accurate passes, %",3.2102466025487777,9.165302782324058,5.955056179775281,611
23-24,DM,RDMF,DMF,Smart passes per 90,3.2102466025487777,9.165302782324058,5.955056179775281,611
23-24,DM,RDMF,DMF,"Accurate smart passes, %",3.2102466025487777,9.165302782324058,5.955056179775281,611
23-24,DM,RDMF,DMF,Key passes per 90,3.2102466025487777,9.165302782324058,5.955056179775281,611
23-24,DM,RDMF,DMF,Progressive passes per 90,3.2102466025487777,9.165302782324058,5.955056179775281,611
23-24,DM,RDMF,DMF,"Direct free kicks on target, %",3.2102466025487777,9.165302782324058,5.955056179775281,611
23-24,DM,RDMF,DMF,Direct free kicks per 90,3.2102466025487777,9.165302782324058,5.955056179775281,611
23-24,DM,RDMF,DMF,Free kicks per 90,3.2102466025487777,9.165302782324058,5.955056179775281,611
23-24,DM,RDMF,DMF,Back passes received as GK per 90,3.2102466025487777,9.165302782324058,5.955056179775281,611
23-24,DM,RDMF,DMF,xG against per 90,3.2102466025487777,9.165302782324058,5.955056179775281,611
23-24,DM,RDMF,DMF,"Accurate progressive passes, %",3.2102466025487777,9.165302782324058,5.955056179775281,611
23-24,DM,RDMF,DMF,Deep completed crosses per 90,3.2102466025487777,9.165302782324058,5.955056179775281,611
23-24,DM,RDMF,DMF,Passes to final third per 90,3.2102466025487777,9.165302782324058,5.955056179775281,611
23-24,DM,RDMF,DMF,Deep completions per 90,3.2102466025487777,9.165302782324058,5.955056179775281,611
23-24,DM,RDMF,DMF,"Accurate through passes, %",3.2102466025487777,9.165302782324058,5.955056179775281,611
23-24,DM,RDMF,DMF,Through passes per 90,3.2102466025487777,9.165302782324058,5.955056179775281,611
23-24,DM,RDMF,DMF,"Accurate passes to penalty area, %",3.2102466025487777,9.165302782324058,5.955056179775281,611
23-24,DM,RDMF,DMF,Passes to penalty area per 90,3.2102466025487777,9.165302782324058,5.955056179775281,611
23-24,DM,RDMF,DMF,"Accurate passes to final third, %",3.2102466025487777,9.165302782324058,5.955056179775281,611
23-24,DM,RDMF,DMF,Passes per 90,3.2102466025487777,9.165302782324058,5.955056179775281,611
23-24,DM,RDMF,DMF,Received long passes per 90,3.2102466025487777,9.165302782324058,5.955056179775281,611
23-24,DM,RDMF,DMF,"Duels won, %",3.2102466025487777,9.165302782324058,5.955056179775281,611
23-24,DM,RDMF,DMF,Received passes per 90,3.2102466025487777,9.165302782324058,5.955056179775281,611
23-24,DM,RDMF,DMF,xG per 90,3.2102466025487777,9.165302782324058,5.955056179775281,611
23-24,DM,RDMF,DMF,Non-penalty goals per 90,3.2102466025487777,9.165302782324058,5.955056179775281,611
23-24,DM,RDMF,DMF,Goals per 90,3.2102466025487777,9.165302782324058,5.955056179775281,611
23-24,DM,RDMF,DMF,Successful attacking actions per 90,3.2102466025487777,9.165302782324058,5.955056179775281,611
23-24,DM,RDMF,DMF,Red cards per 90,3.2102466025487777,9.165302782324058,5.955056179775281,611
23-24,DM,RDMF,DMF,Yellow cards per 90,3.2102466025487777,9.165302782324058,5.955056179775281,611
23-24,DM,RDMF,DMF,Fouls per 90,3.2102466025487777,9.165302782324058,5.955056179775281,611
23-24,DM,RDMF,DMF,Interceptions per 90,3.2102466025487777,9.165302782324058,5.955056179775281,611
23-24,DM,RDMF,DMF,Shots blocked per 90,3.2102466025487777,9.165302782324058,5.955056179775281,611
23-24,DM,RDMF,DMF,Sliding tackles per 90,3.2102466025487777,9.165302782324058,5.955056179775281,611
23-24,DM,RDMF,DMF,"Aerial duels won, %",3.2102466025487777,9.165302782324058,5.955056179775281,611
23-24,DM,RDMF,DMF,Aerial duels per 90,3.2102466025487777,9.165302782324058,5.955056179775281,611
23-24,DM,RDMF,DMF,"Defensive duels won, %",3.2102466025487777,9.165302782324058,5.955056179775281,611
23-24,DM,RDMF,DMF,Defensive duels per 90,3.2102466025487777,9.165302782324058,5.955056179775281,611
23-24,DM,RDMF,DMF,Successful defensive actions per 90,3.2102466025487777,9.165302782324058,5.955056179775281,611
23-24,DM,RDMF,DMF,Head goals per 90,3.2102466025487777,9.165302782324058,5.955056179775281,611
23-24,DM,RDMF,DMF,Shots per 90,3.2102466025487777,9.165302782324058,5.955056179775281,611
23-24,DM,RDMF,DMF,"Shots on target, %",3.2102466025487777,9.165302782324058,5.955056179775281,611
23-24,DM,RDMF,DMF,Dribbles per 90,3.2102466025487777,9.165302782324058,5.955056179775281,611
23-24,DM,RDMF,DMF,Accelerations per 90,3.2102466025487777,9.165302782324058,5.955056179775281,611
23-24,DM,RDMF,DMF,Progressive runs per 90,3.2102466025487777,9.165302782324058,5.955056179775281,611
23-24,DM,RDMF,DMF,Touches in box per 90,3.2102466025487777,9.165302782324058,5.955056179775281,611
23-24,DM,RDMF,DMF,"Offensive duels won, %",3.2102466025487777,9.165302782324058,5.955056179775281,611
23-24,DM,RDMF,DMF,Offensive duels per 90,3.2102466025487777,9.165302782324058,5.955056179775281,611
23-24,DM,RDMF,DMF,"Successful dribbles, %",3.2102466025487777,9.165302782324058,5.955056179775281,611
23-24,DM,RDMF,DMF,Crosses to goalie box per 90,3.2102466025487777,9.165302782324058,5.955056179775281,611
23-24,DM,RDMF,DMF,Assists per 90,3.2102466025487777,9.165302782324058,5.955056179775281,611
23-24,DM,RDMF,DMF,"Accurate crosses from right flank, %",3.2102466025487777,9.165302782324058,5.955056179775281,611
23-24,DM,RDMF,DMF,Crosses from right flank per 90,3.2102466025487777,9.165302782324058,5.955056179775281,611
23-24,DM,RDMF,DMF,"Accurate crosses from left flank, %",3.2102466025487777,9.165302782324058,5.955056179775281,611
23-24,DM,RDMF,DMF,Crosses from left flank per 90,3.2102466025487777,9.165302782324058,5.955056179775281,611
23-24,DM,RDMF,DMF,"Accurate crosses, %",3.2102466025487777,9.165302782324058,5.955056179775281,611
23-24,DM,RDMF,DMF,Crosses per 90,3.2102466025487777,9.165302782324058,5.955056179775281,611
23-24,DM,RDMF,DMF,Corners per 90,3.2102466025487777,9.165302782324058,5.955056179775281,611
23-24,DM,LDMF,DMF,Duels per 90,4.5002557932432685,10.45531197301855,5.955056179775281,593
23-24,DM,LDMF,DMF,Fouls suffered per 90,4.5002557932432685,10.45531197301855,5.955056179775281,593
23-24,DM,LDMF,DMF,Third assists per 90,4.5002557932432685,10.45531197301855,5.955056179775281,593
23-24,DM,LDMF,DMF,Second assists per 90,4.5002557932432685,10.45531197301855,5.955056179775281,593
23-24,DM,LDMF,DMF,Shot assists per 90,4.5002557932432685,10.45531197301855,5.955056179775281,593
23-24,DM,LDMF,DMF,xA per 90,4.5002557932432685,10.45531197301855,5.955056179775281,593
23-24,DM,LDMF,DMF,"Accurate long passes, %",4.5002557932432685,10.45531197301855,5.955056179775281,593
23-24,DM,LDMF,DMF,Long passes per 90,4.5002557932432685,10.45531197301855,5.955056179775281,593
23-24,DM,LDMF,DMF,"Accurate short / medium passes, %",4.5002557932432685,10.45531197301855,5.955056179775281,593
23-24,DM,LDMF,DMF,Short / medium passes per 90,4.5002557932432685,10.45531197301855,5.955056179775281,593
23-24,DM,LDMF,DMF,"Accurate lateral passes, %",4.5002557932432685,10.45531197301855,5.955056179775281,593
23-24,DM,LDMF,DMF,Lateral passes per 90,4.5002557932432685,10.45531197301855,5.955056179775281,593
23-24,DM,LDMF,DMF,"Accurate back passes, %",4.5002557932432685,10.45531197301855,5.955056179775281,593
23-24,DM,LDMF,DMF,Back passes per 90,4.5002557932432685,10.45531197301855,5.955056179775281,593
23-24,DM,LDMF,DMF,"Accurate forward passes, %",4.5002557932432685,10.45531197301855,5.955056179775281,593
23-24,DM,LDMF,DMF,Forward passes per 90,4.5002557932432685,10.45531197301855,5.955056179775281,593
23-24,DM,LDMF,DMF,"Accurate passes, %",4.5002557932432685,10.45531197301855,5.955056179775281,593
23-24,DM,LDMF,DMF,Smart passes per 90,4.5002557932432685,10.45531197301855,5.955056179775281,593
23-24,DM,LDMF,DMF,"Accurate smart passes, %",4.5002557932432685,10.45531197301855,5.955056179775281,593
23-24,DM,LDMF,DMF,Key passes per 90,4.5002557932432685,10.45531197301855,5.955056179775281,593
23-24,DM,LDMF,DMF,Progressive passes per 90,4.5002557932432685,10.45531197301855,5.955056179775281,593
23-24,DM,LDMF,DMF,"Direct free kicks on target, %",4.5002557932432685,10.45531197301855,5.955056179775281,593
23-24,DM,LDMF,DMF,Direct free kicks per 90,4.5002557932432685,10.45531197301855,5.955056179775281,593
23-24,DM,LDMF,DMF,Free kicks per 90,4.5002557932432685,10.45531197301855,5.955056179775281,593
23-24,DM,LDMF,DMF,Back passes received as GK per 90,4.5002557932432685,10.45531197301855,5.955056179775281,593
23-24,DM,LDMF,DMF,xG against per 90,4.5002557932432685,10.45531197301855,5.955056179775281,593
23-24,DM,LDMF,DMF,"Accurate progressive passes, %",4.5002557932432685,10.45531197301855,5.955056179775281,593
23-24,DM,LDMF,DMF,Deep completed crosses per 90,4.5002557932432685,10.45531197301855,5.955056179775281,593
23-24,DM,LDMF,DMF,Passes to final third per 90,4.5002557932432685,10.45531197301855,5.955056179775281,593
23-24,DM,LDMF,DMF,Deep completions per 90,4.5002557932432685,10.45531197301855,5.955056179775281,593
23-24,DM,LDMF,DMF,"Accurate through passes, %",4.5002557932432685,10.45531197301855,5.955056179775281,593
23-24,DM,LDMF,DMF,Through passes per 90,4.5002557932432685,10.45531197301855,5.955056179775281,593
23-24,DM,LDMF,DMF,"Accurate passes to penalty area, %",4.5002557932432685,10.45531197301855,5.955056179775281,593
23-24,DM,LDMF,DMF,Passes to penalty area per 90,4.5002557932432685,10.45531197301855,5.955056179775281,593
23-24,DM,LDMF,DMF,"Accurate passes to final third, %",4.5002557932432685,10.45531197301855,5.955056179775281,593
23-24,DM,LDMF,DMF,Passes per 90,4.5002557932432685,10.45531197301855,5.955056179775281,593
23-24,DM,LDMF,DMF,Received long passes per 90,4.5002557932432685,10.45531197301855,5.955056179775281,593
23-24,DM,LDMF,DMF,"Duels won, %",4.5002557932432685,10.45531197301855,5.955056179775281,593
23-24,DM,LDMF,DMF,"Shots on target, %",4.5002557932432685,10.45531197301855,5.955056179775281,593
23-24,DM,LDMF,DMF,Successful defensive actions per 90,4.5002557932432685,10.45531197301855,5.955056179775281,593
23-24,DM,LDMF,DMF,Defensive duels per 90,4.5002557932432685,10.45531197301855,5.955056179775281,593
23-24,DM,LDMF,DMF,"Defensive duels won, %",4.5002557932432685,10.45531197301855,5.955056179775281,593
23-24,DM,LDMF,DMF,Aerial duels per 90,4.5002557932432685,10.45531197301855,5.955056179775281,593
23-24,DM,LDMF,DMF,"Aerial duels won, %",4.5002557932432685,10.45531197301855,5.955056179775281,593
23-24,DM,LDMF,DMF,Sliding tackles per 90,4.5002557932432685,10.45531197301855,5.955056179775281,593
23-24,DM,LDMF,DMF,Shots blocked per 90,4.5002557932432685,10.45531197301855,5.955056179775281,593
23-24,DM,LDMF,DMF,Interceptions per 90,4.5002557932432685,10.45531197301855,5.955056179775281,593
23-24,DM,LDMF,DMF,Fouls per 90,4.5002557932432685,10.45531197301855,5.955056179775281,593
23-24,DM,LDMF,DMF,Successful attacking actions per 90,4.5002557932432685,10.45531197301855,5.955056179775281,593
23-24,DM,LDMF,DMF,Non-penalty goals per 90,4.5002557932432685,10.45531197301855,5.955056179775281,593
23-24,DM,LDMF,DMF,xG per 90,4.5002557932432685,10.45531197301855,5.955056179775281,593
23-24,DM,LDMF,DMF,Head goals per 90,4.5002557932432685,10.45531197301855,5.955056179775281,593
23-24,DM,LDMF,DMF,Received passes per 90,4.5002557932432685,10.45531197301855,5.955056179775281,593
23-24,DM,LDMF,DMF,Shots per 90,4.5002557932432685,10.45531197301855,5.955056179775281,593
23-24,DM,LDMF,DMF,Assists per 90,4.5002557932432685,10.45531197301855,5.955056179775281,593
23-24,DM,LDMF,DMF,Crosses to goalie box per 90,4.5002557932432685,10.45531197301855,5.955056179775281,593
23-24,DM,LDMF,DMF,Accelerations per 90,4.5002557932432685,10.45531197301855,5.955056179775281,593
23-24,DM,LDMF,DMF,Progressive runs per 90,4.5002557932432685,10.45531197301855,5.955056179775281,593
23-24,DM,LDMF,DMF,Touches in box per 90,4.5002557932432685,10.45531197301855,5.955056179775281,593
23-24,DM,LDMF,DMF,"Offensive duels won, %",4.5002557932432685,10.45531197301855,5.955056179775281,593
23-24,DM,LDMF,DMF,Offensive duels per 90,4.5002557932432685,10.45531197301855,5.955056179775281,593
23-24,DM,LDMF,DMF,"Successful dribbles, %",4.5002557932432685,10.45531197301855,5.955056179775281,593
23-24,DM,LDMF,DMF,Dribbles per 90,4.5002557932432685,10.45531197301855,5.955056179775281,593
23-24,DM,LDMF,DMF,"Accurate crosses from right flank, %",4.5002557932432685,10.45531197301855,5.955056179775281,593
23-24,DM,LDMF,DMF,Crosses per 90,4.5002557932432685,10.45531197301855,5.955056179775281,593
23-24,DM,LDMF,DMF,Crosses from right flank per 90,4.5002557932432685,10.45531197301855,5.955056179775281,593
23-24,DM,LDMF,DMF,"Accurate crosses from left flank, %",4.5002557932432685,10.45531197301855,5.955056179775281,593
23-24,DM,LDMF,DMF,Crosses from left flank per 90,4.5002557932432685,10.45531197301855,5.955056179775281,593
23-24,DM,LDMF,DMF,"Accurate crosses, %",4.5002557932432685,10.45531197301855,5.955056179775281,593
23-24,DM,LDMF,DMF,Corners per 90,4.5002557932432685,10.45531197301855,5.955056179775281,593
23-24,DM,LDMF,DMF,Yellow cards per 90,4.3316217291623245,10.286677908937605,5.955056179775281,593
23-24,DM,LDMF,DMF,Red cards per 90,4.3316217291623245,10.286677908937605,5.955056179775281,593
23-24,DM,LDMF,DMF,Goals per 90,4.3316217291623245,10.286677908937605,5.955056179775281,593
23-24,W,RW,LW,Duels per 90,4.072002325781721,12.664473684210526,8.592471358428805,1216
23-24,W,RW,LW,Fouls suffered per 90,4.072002325781721,12.664473684210526,8.592471358428805,1216
23-24,W,RW,LW,Third assists per 90,4.072002325781721,12.664473684210526,8.592471358428805,1216
23-24,W,RW,LW,Second assists per 90,4.072002325781721,12.664473684210526,8.592471358428805,1216
23-24,W,RW,LW,Shot assists per 90,4.072002325781721,12.664473684210526,8.592471358428805,1216
23-24,W,RW,LW,xA per 90,4.072002325781721,12.664473684210526,8.592471358428805,1216
23-24,W,RW,LW,"Accurate long passes, %",4.072002325781721,12.664473684210526,8.592471358428805,1216
23-24,W,RW,LW,Long passes per 90,4.072002325781721,12.664473684210526,8.592471358428805,1216
23-24,W,RW,LW,"Accurate short / medium passes, %",4.072002325781721,12.664473684210526,8.592471358428805,1216
23-24,W,RW,LW,Short / medium passes per 90,4.072002325781721,12.664473684210526,8.592471358428805,1216
23-24,W,RW,LW,"Accurate lateral passes, %",4.072002325781721,12.664473684210526,8.592471358428805,1216
23-24,W,RW,LW,Lateral passes per 90,4.072002325781721,12.664473684210526,8.592471358428805,1216
23-24,W,RW,LW,"Accurate back passes, %",4.072002325781721,12.664473684210526,8.592471358428805,1216
23-24,W,RW,LW,Back passes per 90,4.072002325781721,12.664473684210526,8.592471358428805,1216
23-24,W,RW,LW,"Accurate forward passes, %",4.072002325781721,12.664473684210526,8.592471358428805,1216
23-24,W,RW,LW,Forward passes per 90,4.072002325781721,12.664473684210526,8.592471358428805,1216
23-24,W,RW,LW,"Accurate passes, %",4.072002325781721,12.664473684210526,8.592471358428805,1216
23-24,W,RW,LW,Smart passes per 90,4.072002325781721,12.664473684210526,8.592471358428805,1216
23-24,W,RW,LW,"Accurate smart passes, %",4.072002325781721,12.664473684210526,8.592471358428805,1216
23-24,W,RW,LW,Key passes per 90,4.072002325781721,12.664473684210526,8.592471358428805,1216
23-24,W,RW,LW,Progressive passes per 90,4.072002325781721,12.664473684210526,8.592471358428805,1216
23-24,W,RW,LW,"Direct free kicks on target, %",4.072002325781721,12.664473684210526,8.592471358428805,1216
23-24,W,RW,LW,Direct free kicks per 90,4.072002325781721,12.664473684210526,8.592471358428805,1216
23-24,W,RW,LW,Free kicks per 90,4.072002325781721,12.664473684210526,8.592471358428805,1216
23-24,W,RW,LW,Back passes received as GK per 90,4.072002325781721,12.664473684210526,8.592471358428805,1216
23-24,W,RW,LW,xG against per 90,4.072002325781721,12.664473684210526,8.592471358428805,1216
23-24,W,RW,LW,"Accurate progressive passes, %",4.072002325781721,12.664473684210526,8.592471358428805,1216
23-24,W,RW,LW,Deep completed crosses per 90,4.072002325781721,12.664473684210526,8.592471358428805,1216
23-24,W,RW,LW,Passes to final third per 90,4.072002325781721,12.664473684210526,8.592471358428805,1216
23-24,W,RW,LW,Deep completions per 90,4.072002325781721,12.664473684210526,8.592471358428805,1216
23-24,W,RW,LW,"Accurate through passes, %",4.072002325781721,12.664473684210526,8.592471358428805,1216
23-24,W,RW,LW,Through passes per 90,4.072002325781721,12.664473684210526,8.592471358428805,1216
23-24,W,RW,LW,"Accurate passes to penalty area, %",4.072002325781721,12.664473684210526,8.592471358428805,1216
23-24,W,RW,LW,Passes to penalty area per 90,4.072002325781721,12.664473684210526,8.592471358428805,1216
23-24,W,RW,LW,"Accurate passes to final third, %",4.072002325781721,12.664473684210526,8.592471358428805,1216
23-24,W,RW,LW,Passes per 90,4.072002325781721,12.664473684210526,8.592471358428805,1216
23-24,W,RW,LW,Received long passes per 90,4.072002325781721,12.664473684210526,8.592471358428805,1216
23-24,W,RW,LW,"Duels won, %",4.072002325781721,12.664473684210526,8.592471358428805,1216
23-24,W,RW,LW,Received passes per 90,4.072002325781721,12.664473684210526,8.592471358428805,1216
23-24,W,RW,LW,xG per 90,4.072002325781721,12.664473684210526,8.592471358428805,1216
23-24,W,RW,LW,Non-penalty goals per 90,4.072002325781721,12.664473684210526,8.592471358428805,1216
23-24,W,RW,LW,Goals per 90,4.072002325781721,12.664473684210526,8.592471358428805,1216
23-24,W,RW,LW,Successful attacking actions per 90,4.072002325781721,12.664473684210526,8.592471358428805,1216
23-24,W,RW,LW,Red cards per 90,4.072002325781721,12.664473684210526,8.592471358428805,1216
23-24,W,RW,LW,Yellow cards per 90,4.072002325781721,12.664473684210526,8.592471358428805,1216
23-24,W,RW,LW,Fouls per 90,4.072002325781721,12.664473684210526,8.592471358428805,1216
23-24,W,RW,LW,Interceptions per 90,4.072002325781721,12.664473684210526,8.592471358428805,1216
23-24,W,RW,LW,Shots blocked per 90,4.072002325781721,12.664473684210526,8.592471358428805,1216
23-24,W,RW,LW,Sliding tackles per 90,4.072002325781721,12.664473684210526,8.592471358428805,1216
23-24,W,RW,LW,"Aerial duels won, %",4.072002325781721,12.664473684210526,8.592471358428805,1216
23-24,W,RW,LW,Aerial duels per 90,4.072002325781721,12.664473684210526,8.592471358428805,1216
23-24,W,RW,LW,"Defensive duels won, %",4.072002325781721,12.664473684210526,8.592471358428805,1216
23-24,W,RW,LW,Defensive duels per 90,4.072002325781721,12.664473684210526,8.592471358428805,1216
23-24,W,RW,LW,Successful defensive actions per 90,4.072002325781721,12.664473684210526,8.592471358428805,1216
23-24,W,RW,LW,Head goals per 90,4.072002325781721,12.664473684210526,8.592471358428805,1216
23-24,W,RW,LW,Shots per 90,4.072002325781721,12.664473684210526,8.592471358428805,1216
23-24,W,RW,LW,"Shots on target, %",4.072002325781721,12.664473684210526,8.592471358428805,1216
23-24,W,RW,LW,Dribbles per 90,4.072002325781721,12.664473684210526,8.592471358428805,1216
23-24,W,RW,LW,Accelerations per 90,4.072002325781721,12.664473684210526,8.592471358428805,1216
23-24,W,RW,LW,Progressive runs per 90,4.072002325781721,12.664473684210526,8.592471358428805,1216
23-24,W,RW,LW,Touches in box per 90,4.072002325781721,12.664473684210526,8.592471358428805,1216
23-24,W,RW,LW,"Offensive duels won, %",4.072002325781721,12.664473684210526,8.592471358428805,1216
23-24,W,RW,LW,Offensive duels per 90,4.072002325781721,12.664473684210526,8.592471358428805,1216
23-24,W,RW,LW,"Successful dribbles, %",4.072002325781721,12.664473684210526,8.592471358428805,1216
23-24,W,RW,LW,Crosses to goalie box per 90,4.072002325781721,12.664473684210526,8.592471358428805,1216
23-24,W,RW,LW,Assists per 90,4.072002325781721,12.664473684210526,8.592471358428805,1216
23-24,W,RW,LW,"Accurate crosses from right flank, %",4.072002325781721,12.664473684210526,8.592471358428805,1216
23-24,W,RW,LW,Crosses from right flank per 90,4.072002325781721,12.664473684210526,8.592471358428805,1216
23-24,W,RW,LW,"Accurate crosses from left flank, %",4.072002325781721,12.664473684210526,8.592471358428805,1216
23-24,W,RW,LW,Crosses from left flank per 90,4.072002325781721,12.664473684210526,8.592471358428805,1216
23-24,W,RW,LW,"Accurate crosses, %",4.072002325781721,12.664473684210526,8.592471358428805,1216
23-24,W,RW,LW,Crosses per 90,4.072002325781721,12.664473684210526,8.592471358428805,1216
23-24,W,RW,LW,Corners per 90,4.072002325781721,12.664473684210526,8.592471358428805,1216
23-24,W,LWF,LW,Duels per 90,3.6026505927907078,12.195121951219512,8.592471358428805,328
23-24,W,LWF,LW,Fouls suffered per 90,3.6026505927907078,12.195121951219512,8.592471358428805,328
23-24,W,LWF,LW,Third assists per 90,3.6026505927907078,12.195121951219512,8.592471358428805,328
23-24,W,LWF,LW,Second assists per 90,3.6026505927907078,12.195121951219512,8.592471358428805,328
23-24,W,LWF,LW,Shot assists per 90,3.6026505927907078,12.195121951219512,8.592471358428805,328
23-24,W,LWF,LW,xA per 90,3.6026505927907078,12.195121951219512,8.592471358428805,328
23-24,W,LWF,LW,"Accurate long passes, %",3.6026505927907078,12.195121951219512,8.592471358428805,328
23-24,W,LWF,LW,Long passes per 90,3.6026505927907078,12.195121951219512,8.592471358428805,328
23-24,W,LWF,LW,"Accurate short / medium passes, %",3.6026505927907078,12.195121951219512,8.592471358428805,328
23-24,W,LWF,LW,Short / medium passes per 90,3.6026505927907078,12.195121951219512,8.592471358428805,328
23-24,W,LWF,LW,"Accurate lateral passes, %",3.6026505927907078,12.195121951219512,8.592471358428805,328
23-24,W,LWF,LW,Lateral passes per 90,3.6026505927907078,12.195121951219512,8.592471358428805,328
23-24,W,LWF,LW,"Accurate back passes, %",3.6026505927907078,12.195121951219512,8.592471358428805,328
23-24,W,LWF,LW,Back passes per 90,3.6026505927907078,12.195121951219512,8.592471358428805,328
23-24,W,LWF,LW,"Accurate forward passes, %",3.6026505927907078,12.195121951219512,8.592471358428805,328
23-24,W,LWF,LW,Forward passes per 90,3.6026505927907078,12.195121951219512,8.592471358428805,328
23-24,W,LWF,LW,"Accurate passes, %",3.6026505927907078,12.195121951219512,8.592471358428805,328
23-24,W,LWF,LW,Smart passes per 90,3.6026505927907078,12.195121951219512,8.592471358428805,328
23-24,W,LWF,LW,"Accurate smart passes, %",3.6026505927907078,12.195121951219512,8.592471358428805,328
23-24,W,LWF,LW,Key passes per 90,3.6026505927907078,12.195121951219512,8.592471358428805,328
23-24,W,LWF,LW,Progressive passes per 90,3.6026505927907078,12.195121951219512,8.592471358428805,328
23-24,W,LWF,LW,"Direct free kicks on target, %",3.6026505927907078,12.195121951219512,8.592471358428805,328
23-24,W,LWF,LW,Direct free kicks per 90,3.6026505927907078,12.195121951219512,8.592471358428805,328
23-24,W,LWF,LW,Free kicks per 90,3.6026505927907078,12.195121951219512,8.592471358428805,328
23-24,W,LWF,LW,Back passes received as GK per 90,3.6026505927907078,12.195121951219512,8.592471358428805,328
23-24,W,LWF,LW,xG against per 90,3.6026505927907078,12.195121951219512,8.592471358428805,328
23-24,W,LWF,LW,"Accurate progressive passes, %",3.6026505927907078,12.195121951219512,8.592471358428805,328
23-24,W,LWF,LW,Deep completed crosses per 90,3.6026505927907078,12.195121951219512,8.592471358428805,328
23-24,W,LWF,LW,Passes to final third per 90,3.6026505927907078,12.195121951219512,8.592471358428805,328
23-24,W,LWF,LW,Deep completions per 90,3.6026505927907078,12.195121951219512,8.592471358428805,328
23-24,W,LWF,LW,"Accurate through passes, %",3.6026505927907078,12.195121951219512,8.592471358428805,328
23-24,W,LWF,LW,Through passes per 90,3.6026505927907078,12.195121951219512,8.592471358428805,328
23-24,W,LWF,LW,"Accurate passes to penalty area, %",3.6026505927907078,12.195121951219512,8.592471358428805,328
23-24,W,LWF,LW,Passes to penalty area per 90,3.6026505927907078,12.195121951219512,8.592471358428805,328
23-24,W,LWF,LW,"Accurate passes to final third, %",3.6026505927907078,12.195121951219512,8.592471358428805,328
23-24,W,LWF,LW,Passes per 90,3.6026505927907078,12.195121951219512,8.592471358428805,328
23-24,W,LWF,LW,Received long passes per 90,3.6026505927907078,12.195121951219512,8.592471358428805,328
23-24,W,LWF,LW,"Duels won, %",3.6026505927907078,12.195121951219512,8.592471358428805,328
23-24,W,LWF,LW,Received passes per 90,3.6026505927907078,12.195121951219512,8.592471358428805,328
23-24,W,LWF,LW,xG per 90,3.6026505927907078,12.195121951219512,8.592471358428805,328
23-24,W,LWF,LW,Non-penalty goals per 90,3.6026505927907078,12.195121951219512,8.592471358428805,328
23-24,W,LWF,LW,Goals per 90,3.6026505927907078,12.195121951219512,8.592471358428805,328
23-24,W,LWF,LW,Successful attacking actions per 90,3.6026505927907078,12.195121951219512,8.592471358428805,328
23-24,W,LWF,LW,Red cards per 90,3.6026505927907078,12.195121951219512,8.592471358428805,328
23-24,W,LWF,LW,Yellow cards per 90,3.6026505927907078,12.195121951219512,8.592471358428805,328
23-24,W,LWF,LW,Fouls per 90,3.6026505927907078,12.195121951219512,8.592471358428805,328
23-24,W,LWF,LW,Interceptions per 90,3.6026505927907078,12.195121951219512,8.592471358428805,328
23-24,W,LWF,LW,Shots blocked per 90,3.6026505927907078,12.195121951219512,8.592471358428805,328
23-24,W,LWF,LW,Sliding tackles per 90,3.6026505927907078,12.195121951219512,8.592471358428805,328
23-24,W,LWF,LW,"Aerial duels won, %",3.6026505927907078,12.195121951219512,8.592471358428805,328
23-24,W,LWF,LW,Aerial duels per 90,3.6026505927907078,12.195121951219512,8.592471358428805,328
23-24,W,LWF,LW,"Defensive duels won, %",3.6026505927907078,12.195121951219512,8.592471358428805,328
23-24,W,LWF,LW,Defensive duels per 90,3.6026505927907078,12.195121951219512,8.592471358428805,328
23-24,W,LWF,LW,Successful defensive actions per 90,3.6026505927907078,12.195121951219512,8.592471358428805,328
23-24,W,LWF,LW,Head goals per 90,3.6026505927907078,12.195121951219512,8.592471358428805,328
23-24,W,LWF,LW,Shots per 90,3.6026505927907078,12.195121951219512,8.592471358428805,328
23-24,W,LWF,LW,"Shots on target, %",3.6026505927907078,12.195121951219512,8.592471358428805,328
23-24,W,LWF,LW,Dribbles per 90,3.6026505927907078,12.195121951219512,8.592471358428805,328
23-24,W,LWF,LW,Accelerations per 90,3.6026505927907078,12.195121951219512,8.592471358428805,328
23-24,W,LWF,LW,Progressive runs per 90,3.6026505927907078,12.195121951219512,8.592471358428805,328
23-24,W,LWF,LW,Touches in box per 90,3.6026505927907078,12.195121951219512,8.592471358428805,328
23-24,W,LWF,LW,"Offensive duels won, %",3.6026505927907078,12.195121951219512,8.592471358428805,328
23-24,W,LWF,LW,Offensive duels per 90,3.6026505927907078,12.195121951219512,8.592471358428805,328
23-24,W,LWF,LW,"Successful dribbles, %",3.6026505927907078,12.195121951219512,8.592471358428805,328
23-24,W,LWF,LW,Crosses to goalie box per 90,3.6026505927907078,12.195121951219512,8.592471358428805,328
23-24,W,LWF,LW,Assists per 90,3.6026505927907078,12.195121951219512,8.592471358428805,328
23-24,W,LWF,LW,"Accurate crosses from right flank, %",3.6026505927907078,12.195121951219512,8.592471358428805,328
23-24,W,LWF,LW,Crosses from right flank per 90,3.6026505927907078,12.195121951219512,8.592471358428805,328
23-24,W,LWF,LW,"Accurate crosses from left flank, %",3.6026505927907078,12.195121951219512,8.592471358428805,328
23-24,W,LWF,LW,Crosses from left flank per 90,3.6026505927907078,12.195121951219512,8.592471358428805,328
23-24,W,LWF,LW,"Accurate crosses, %",3.6026505927907078,12.195121951219512,8.592471358428805,328
23-24,W,LWF,LW,Crosses per 90,3.6026505927907078,12.195121951219512,8.592471358428805,328
23-24,W,LWF,LW,Corners per 90,3.6026505927907078,12.195121951219512,8.592471358428805,328
23-24,W,RWF,LW,Duels per 90,4.828581273150142,13.421052631578947,8.592471358428805,380
23-24,W,RWF,LW,Fouls suffered per 90,4.828581273150142,13.421052631578947,8.592471358428805,380
23-24,W,RWF,LW,Third assists per 90,4.828581273150142,13.421052631578947,8.592471358428805,380
23-24,W,RWF,LW,Second assists per 90,4.828581273150142,13.421052631578947,8.592471358428805,380
23-24,W,RWF,LW,Shot assists per 90,4.828581273150142,13.421052631578947,8.592471358428805,380
23-24,W,RWF,LW,xA per 90,4.828581273150142,13.421052631578947,8.592471358428805,380
23-24,W,RWF,LW,"Accurate long passes, %",4.828581273150142,13.421052631578947,8.592471358428805,380
23-24,W,RWF,LW,Long passes per 90,4.828581273150142,13.421052631578947,8.592471358428805,380
23-24,W,RWF,LW,"Accurate short / medium passes, %",4.828581273150142,13.421052631578947,8.592471358428805,380
23-24,W,RWF,LW,Short / medium passes per 90,4.828581273150142,13.421052631578947,8.592471358428805,380
23-24,W,RWF,LW,"Accurate lateral passes, %",4.828581273150142,13.421052631578947,8.592471358428805,380
23-24,W,RWF,LW,Lateral passes per 90,4.828581273150142,13.421052631578947,8.592471358428805,380
23-24,W,RWF,LW,"Accurate back passes, %",4.828581273150142,13.421052631578947,8.592471358428805,380
23-24,W,RWF,LW,Back passes per 90,4.828581273150142,13.421052631578947,8.592471358428805,380
23-24,W,RWF,LW,"Accurate forward passes, %",4.828581273150142,13.421052631578947,8.592471358428805,380
23-24,W,RWF,LW,Forward passes per 90,4.828581273150142,13.421052631578947,8.592471358428805,380
23-24,W,RWF,LW,"Accurate passes, %",4.828581273150142,13.421052631578947,8.592471358428805,380
23-24,W,RWF,LW,Smart passes per 90,4.828581273150142,13.421052631578947,8.592471358428805,380
23-24,W,RWF,LW,"Accurate smart passes, %",4.828581273150142,13.421052631578947,8.592471358428805,380
23-24,W,RWF,LW,Key passes per 90,4.828581273150142,13.421052631578947,8.592471358428805,380
23-24,W,RWF,LW,Progressive passes per 90,4.828581273150142,13.421052631578947,8.592471358428805,380
23-24,W,RWF,LW,"Direct free kicks on target, %",4.828581273150142,13.421052631578947,8.592471358428805,380
23-24,W,RWF,LW,Direct free kicks per 90,4.828581273150142,13.421052631578947,8.592471358428805,380
23-24,W,RWF,LW,Free kicks per 90,4.828581273150142,13.421052631578947,8.592471358428805,380
23-24,W,RWF,LW,Back passes received as GK per 90,4.828581273150142,13.421052631578947,8.592471358428805,380
23-24,W,RWF,LW,xG against per 90,4.828581273150142,13.421052631578947,8.592471358428805,380
23-24,W,RWF,LW,"Accurate progressive passes, %",4.828581273150142,13.421052631578947,8.592471358428805,380
23-24,W,RWF,LW,Deep completed crosses per 90,4.828581273150142,13.421052631578947,8.592471358428805,380
23-24,W,RWF,LW,Passes to final third per 90,4.828581273150142,13.421052631578947,8.592471358428805,380
23-24,W,RWF,LW,Deep completions per 90,4.828581273150142,13.421052631578947,8.592471358428805,380
23-24,W,RWF,LW,"Accurate through passes, %",4.828581273150142,13.421052631578947,8.592471358428805,380
23-24,W,RWF,LW,Through passes per 90,4.828581273150142,13.421052631578947,8.592471358428805,380
23-24,W,RWF,LW,"Accurate passes to penalty area, %",4.828581273150142,13.421052631578947,8.592471358428805,380
23-24,W,RWF,LW,Passes to penalty area per 90,4.828581273150142,13.421052631578947,8.592471358428805,380
23-24,W,RWF,LW,"Accurate passes to final third, %",4.828581273150142,13.421052631578947,8.592471358428805,380
23-24,W,RWF,LW,Passes per 90,4.828581273150142,13.421052631578947,8.592471358428805,380
23-24,W,RWF,LW,Received long passes per 90,4.828581273150142,13.421052631578947,8.592471358428805,380
23-24,W,RWF,LW,"Duels won, %",4.828581273150142,13.421052631578947,8.592471358428805,380
23-24,W,RWF,LW,Received passes per 90,4.828581273150142,13.421052631578947,8.592471358428805,380
23-24,W,RWF,LW,xG per 90,4.828581273150142,13.421052631578947,8.592471358428805,380
23-24,W,RWF,LW,Non-penalty goals per 90,4.828581273150142,13.421052631578947,8.592471358428805,380
23-24,W,RWF,LW,Goals per 90,4.828581273150142,13.421052631578947,8.592471358428805,380
23-24,W,RWF,LW,Successful attacking actions per 90,4.828581273150142,13.421052631578947,8.592471358428805,380
23-24,W,RWF,LW,Red cards per 90,4.828581273150142,13.421052631578947,8.592471358428805,380
23-24,W,RWF,LW,Yellow cards per 90,4.828581273150142,13.421052631578947,8.592471358428805,380
23-24,W,RWF,LW,Fouls per 90,4.828581273150142,13.421052631578947,8.592471358428805,380
23-24,W,RWF,LW,Interceptions per 90,4.828581273150142,13.421052631578947,8.592471358428805,380
23-24,W,RWF,LW,Shots blocked per 90,4.828581273150142,13.421052631578947,8.592471358428805,380
23-24,W,RWF,LW,Sliding tackles per 90,4.828581273150142,13.421052631578947,8.592471358428805,380
23-24,W,RWF,LW,"Aerial duels won, %",4.828581273150142,13.421052631578947,8.592471358428805,380
23-24,W,RWF,LW,Aerial duels per 90,4.828581273150142,13.421052631578947,8.592471358428805,380
23-24,W,RWF,LW,"Defensive duels won, %",4.828581273150142,13.421052631578947,8.592471358428805,380
23-24,W,RWF,LW,Defensive duels per 90,4.828581273150142,13.421052631578947,8.592471358428805,380
23-24,W,RWF,LW,Successful defensive actions per 90,4.828581273150142,13.421052631578947,8.592471358428805,380
23-24,W,RWF,LW,Head goals per 90,4.828581273150142,13.421052631578947,8.592471358428805,380
23-24,W,RWF,LW,Shots per 90,4.828581273150142,13.421052631578947,8.592471358428805,380
23-24,W,RWF,LW,"Shots on target, %",4.828581273150142,13.421052631578947,8.592471358428805,380
23-24,W,RWF,LW,Dribbles per 90,4.828581273150142,13.421052631578947,8.592471358428805,380
23-24,W,RWF,LW,Accelerations per 90,4.828581273150142,13.421052631578947,8.592471358428805,380
23-24,W,RWF,LW,Progressive runs per 90,4.828581273150142,13.421052631578947,8.592471358428805,380
23-24,W,RWF,LW,Touches in box per 90,4.828581273150142,13.421052631578947,8.592471358428805,380
23-24,W,RWF,LW,"Offensive duels won, %",4.828581273150142,13.421052631578947,8.592471358428805,380
23-24,W,RWF,LW,Offensive duels per 90,4.828581273150142,13.421052631578947,8.592471358428805,380
23-24,W,RWF,LW,"Successful dribbles, %",4.828581273150142,13.421052631578947,8.592471358428805,380
23-24,W,RWF,LW,Crosses to goalie box per 90,4.828581273150142,13.421052631578947,8.592471358428805,380
23-24,W,RWF,LW,Assists per 90,4.828581273150142,13.421052631578947,8.592471358428805,380
23-24,W,RWF,LW,"Accurate crosses from right flank, %",4.828581273150142,13.421052631578947,8.592471358428805,380
23-24,W,RWF,LW,Crosses from right flank per 90,4.828581273150142,13.421052631578947,8.592471358428805,380
23-24,W,RWF,LW,"Accurate crosses from left flank, %",4.828581273150142,13.421052631578947,8.592471358428805,380
23-24,W,RWF,LW,Crosses from left flank per 90,4.828581273150142,13.421052631578947,8.592471358428805,380
23-24,W,RWF,LW,"Accurate crosses, %",4.828581273150142,13.421052631578947,8.592471358428805,380
23-24,W,RWF,LW,Crosses per 90,4.828581273150142,13.421052631578947,8.592471358428805,380
23-24,W,RWF,LW,Corners per 90,4.828581273150142,13.421052631578947,8.592471358428805,380
23-24,W,LAMF,LW,Duels per 90,2.185971755343651,10.778443113772456,8.592471358428805,835
23-24,W,LAMF,LW,Fouls suffered per 90,2.185971755343651,10.778443113772456,8.592471358428805,835
23-24,W,LAMF,LW,Third assists per 90,2.185971755343651,10.778443113772456,8.592471358428805,835
23-24,W,LAMF,LW,Second assists per 90,2.185971755343651,10.778443113772456,8.592471358428805,835
23-24,W,LAMF,LW,Shot assists per 90,2.185971755343651,10.778443113772456,8.592471358428805,835
23-24,W,LAMF,LW,xA per 90,2.185971755343651,10.778443113772456,8.592471358428805,835
23-24,W,LAMF,LW,"Accurate long passes, %",2.185971755343651,10.778443113772456,8.592471358428805,835
23-24,W,LAMF,LW,Long passes per 90,2.185971755343651,10.778443113772456,8.592471358428805,835
23-24,W,LAMF,LW,"Accurate short / medium passes, %",2.185971755343651,10.778443113772456,8.592471358428805,835
23-24,W,LAMF,LW,Short / medium passes per 90,2.185971755343651,10.778443113772456,8.592471358428805,835
23-24,W,LAMF,LW,"Accurate lateral passes, %",2.185971755343651,10.778443113772456,8.592471358428805,835
23-24,W,LAMF,LW,Lateral passes per 90,2.185971755343651,10.778443113772456,8.592471358428805,835
23-24,W,LAMF,LW,"Accurate back passes, %",2.185971755343651,10.778443113772456,8.592471358428805,835
23-24,W,LAMF,LW,Back passes per 90,2.185971755343651,10.778443113772456,8.592471358428805,835
23-24,W,LAMF,LW,"Accurate forward passes, %",2.185971755343651,10.778443113772456,8.592471358428805,835
23-24,W,LAMF,LW,Forward passes per 90,2.185971755343651,10.778443113772456,8.592471358428805,835
23-24,W,LAMF,LW,"Accurate passes, %",2.185971755343651,10.778443113772456,8.592471358428805,835
23-24,W,LAMF,LW,Smart passes per 90,2.185971755343651,10.778443113772456,8.592471358428805,835
23-24,W,LAMF,LW,"Accurate smart passes, %",2.185971755343651,10.778443113772456,8.592471358428805,835
23-24,W,LAMF,LW,Key passes per 90,2.185971755343651,10.778443113772456,8.592471358428805,835
23-24,W,LAMF,LW,Progressive passes per 90,2.185971755343651,10.778443113772456,8.592471358428805,835
23-24,W,LAMF,LW,"Direct free kicks on target, %",2.185971755343651,10.778443113772456,8.592471358428805,835
23-24,W,LAMF,LW,Direct free kicks per 90,2.185971755343651,10.778443113772456,8.592471358428805,835
23-24,W,LAMF,LW,Free kicks per 90,2.185971755343651,10.778443113772456,8.592471358428805,835
23-24,W,LAMF,LW,Back passes received as GK per 90,2.185971755343651,10.778443113772456,8.592471358428805,835
23-24,W,LAMF,LW,xG against per 90,2.185971755343651,10.778443113772456,8.592471358428805,835
23-24,W,LAMF,LW,"Accurate progressive passes, %",2.185971755343651,10.778443113772456,8.592471358428805,835
23-24,W,LAMF,LW,Deep completed crosses per 90,2.185971755343651,10.778443113772456,8.592471358428805,835
23-24,W,LAMF,LW,Passes to final third per 90,2.185971755343651,10.778443113772456,8.592471358428805,835
23-24,W,LAMF,LW,Deep completions per 90,2.185971755343651,10.778443113772456,8.592471358428805,835
23-24,W,LAMF,LW,"Accurate through passes, %",2.185971755343651,10.778443113772456,8.592471358428805,835
23-24,W,LAMF,LW,Through passes per 90,2.185971755343651,10.778443113772456,8.592471358428805,835
23-24,W,LAMF,LW,"Accurate passes to penalty area, %",2.185971755343651,10.778443113772456,8.592471358428805,835
23-24,W,LAMF,LW,Passes to penalty area per 90,2.185971755343651,10.778443113772456,8.592471358428805,835
23-24,W,LAMF,LW,"Accurate passes to final third, %",2.185971755343651,10.778443113772456,8.592471358428805,835
23-24,W,LAMF,LW,Passes per 90,2.185971755343651,10.778443113772456,8.592471358428805,835
23-24,W,LAMF,LW,Received long passes per 90,2.185971755343651,10.778443113772456,8.592471358428805,835
23-24,W,LAMF,LW,"Duels won, %",2.185971755343651,10.778443113772456,8.592471358428805,835
23-24,W,LAMF,LW,Received passes per 90,2.185971755343651,10.778443113772456,8.592471358428805,835
23-24,W,LAMF,LW,xG per 90,2.185971755343651,10.778443113772456,8.592471358428805,835
23-24,W,LAMF,LW,Non-penalty goals per 90,2.185971755343651,10.778443113772456,8.592471358428805,835
23-24,W,LAMF,LW,Goals per 90,2.185971755343651,10.778443113772456,8.592471358428805,835
23-24,W,LAMF,LW,Successful attacking actions per 90,2.185971755343651,10.778443113772456,8.592471358428805,835
23-24,W,LAMF,LW,Red cards per 90,2.185971755343651,10.778443113772456,8.592471358428805,835
23-24,W,LAMF,LW,Yellow cards per 90,2.185971755343651,10.778443113772456,8.592471358428805,835
23-24,W,LAMF,LW,Fouls per 90,2.185971755343651,10.778443113772456,8.592471358428805,835
23-24,W,LAMF,LW,Interceptions per 90,2.185971755343651,10.778443113772456,8.592471358428805,835
23-24,W,LAMF,LW,Shots blocked per 90,2.185971755343651,10.778443113772456,8.592471358428805,835
23-24,W,LAMF,LW,Sliding tackles per 90,2.185971755343651,10.778443113772456,8.592471358428805,835
23-24,W,LAMF,LW,"Aerial duels won, %",2.185971755343651,10.778443113772456,8.592471358428805,835
23-24,W,LAMF,LW,Aerial duels per 90,2.185971755343651,10.778443113772456,8.592471358428805,835
23-24,W,LAMF,LW,"Defensive duels won, %",2.185971755343651,10.778443113772456,8.592471358428805,835
23-24,W,LAMF,LW,Defensive duels per 90,2.185971755343651,10.778443113772456,8.592471358428805,835
23-24,W,LAMF,LW,Successful defensive actions per 90,2.185971755343651,10.778443113772456,8.592471358428805,835
23-24,W,LAMF,LW,Head goals per 90,2.185971755343651,10.778443113772456,8.592471358428805,835
23-24,W,LAMF,LW,Shots per 90,2.185971755343651,10.778443113772456,8.592471358428805,835
23-24,W,LAMF,LW,"Shots on target, %",2.185971755343651,10.778443113772456,8.592471358428805,835
23-24,W,LAMF,LW,Dribbles per 90,2.185971755343651,10.778443113772456,8.592471358428805,835
23-24,W,LAMF,LW,Accelerations per 90,2.185971755343651,10.778443113772456,8.592471358428805,835
23-24,W,LAMF,LW,Progressive runs per 90,2.185971755343651,10.778443113772456,8.592471358428805,835
23-24,W,LAMF,LW,Touches in box per 90,2.185971755343651,10.778443113772456,8.592471358428805,835
23-24,W,LAMF,LW,"Offensive duels won, %",2.185971755343651,10.778443113772456,8.592471358428805,835
23-24,W,LAMF,LW,Offensive duels per 90,2.185971755343651,10.778443113772456,8.592471358428805,835
23-24,W,LAMF,LW,"Successful dribbles, %",2.185971755343651,10.778443113772456,8.592471358428805,835
23-24,W,LAMF,LW,Crosses to goalie box per 90,2.185971755343651,10.778443113772456,8.592471358428805,835
23-24,W,LAMF,LW,Assists per 90,2.185971755343651,10.778443113772456,8.592471358428805,835
23-24,W,LAMF,LW,"Accurate crosses from right flank, %",2.185971755343651,10.778443113772456,8.592471358428805,835
23-24,W,LAMF,LW,Crosses from right flank per 90,2.185971755343651,10.778443113772456,8.592471358428805,835
23-24,W,LAMF,LW,"Accurate crosses from left flank, %",2.185971755343651,10.778443113772456,8.592471358428805,835
23-24,W,LAMF,LW,Crosses from left flank per 90,2.185971755343651,10.778443113772456,8.592471358428805,835
23-24,W,LAMF,LW,"Accurate crosses, %",2.185971755343651,10.778443113772456,8.592471358428805,835
23-24,W,LAMF,LW,Crosses per 90,2.185971755343651,10.778443113772456,8.592471358428805,835
23-24,W,LAMF,LW,Corners per 90,2.185971755343651,10.778443113772456,8.592471358428805,835
23-24,W,RAMF,LW,Duels per 90,3.2072902625485504,11.799761620977355,8.592471358428805,839
23-24,W,RAMF,LW,Fouls suffered per 90,3.2072902625485504,11.799761620977355,8.592471358428805,839
23-24,W,RAMF,LW,Third assists per 90,3.2072902625485504,11.799761620977355,8.592471358428805,839
23-24,W,RAMF,LW,Second assists per 90,3.2072902625485504,11.799761620977355,8.592471358428805,839
23-24,W,RAMF,LW,Shot assists per 90,3.2072902625485504,11.799761620977355,8.592471358428805,839
23-24,W,RAMF,LW,xA per 90,3.2072902625485504,11.799761620977355,8.592471358428805,839
23-24,W,RAMF,LW,"Accurate long passes, %",3.2072902625485504,11.799761620977355,8.592471358428805,839
23-24,W,RAMF,LW,Long passes per 90,3.2072902625485504,11.799761620977355,8.592471358428805,839
23-24,W,RAMF,LW,"Accurate short / medium passes, %",3.2072902625485504,11.799761620977355,8.592471358428805,839
23-24,W,RAMF,LW,Short / medium passes per 90,3.2072902625485504,11.799761620977355,8.592471358428805,839
23-24,W,RAMF,LW,"Accurate lateral passes, %",3.2072902625485504,11.799761620977355,8.592471358428805,839
23-24,W,RAMF,LW,Lateral passes per 90,3.2072902625485504,11.799761620977355,8.592471358428805,839
23-24,W,RAMF,LW,"Accurate back passes, %",3.2072902625485504,11.799761620977355,8.592471358428805,839
23-24,W,RAMF,LW,Back passes per 90,3.2072902625485504,11.799761620977355,8.592471358428805,839
23-24,W,RAMF,LW,"Accurate forward passes, %",3.2072902625485504,11.799761620977355,8.592471358428805,839
23-24,W,RAMF,LW,Forward passes per 90,3.2072902625485504,11.799761620977355,8.592471358428805,839
23-24,W,RAMF,LW,"Accurate passes, %",3.2072902625485504,11.799761620977355,8.592471358428805,839
23-24,W,RAMF,LW,Smart passes per 90,3.2072902625485504,11.799761620977355,8.592471358428805,839
23-24,W,RAMF,LW,"Accurate smart passes, %",3.2072902625485504,11.799761620977355,8.592471358428805,839
23-24,W,RAMF,LW,Key passes per 90,3.2072902625485504,11.799761620977355,8.592471358428805,839
23-24,W,RAMF,LW,Progressive passes per 90,3.2072902625485504,11.799761620977355,8.592471358428805,839
23-24,W,RAMF,LW,"Direct free kicks on target, %",3.2072902625485504,11.799761620977355,8.592471358428805,839
23-24,W,RAMF,LW,Direct free kicks per 90,3.2072902625485504,11.799761620977355,8.592471358428805,839
23-24,W,RAMF,LW,Free kicks per 90,3.2072902625485504,11.799761620977355,8.592471358428805,839
23-24,W,RAMF,LW,Back passes received as GK per 90,3.2072902625485504,11.799761620977355,8.592471358428805,839
23-24,W,RAMF,LW,xG against per 90,3.2072902625485504,11.799761620977355,8.592471358428805,839
23-24,W,RAMF,LW,"Accurate progressive passes, %",3.2072902625485504,11.799761620977355,8.592471358428805,839
23-24,W,RAMF,LW,Deep completed crosses per 90,3.2072902625485504,11.799761620977355,8.592471358428805,839
23-24,W,RAMF,LW,Passes to final third per 90,3.2072902625485504,11.799761620977355,8.592471358428805,839
23-24,W,RAMF,LW,Deep completions per 90,3.2072902625485504,11.799761620977355,8.592471358428805,839
23-24,W,RAMF,LW,"Accurate through passes, %",3.2072902625485504,11.799761620977355,8.592471358428805,839
23-24,W,RAMF,LW,Through passes per 90,3.2072902625485504,11.799761620977355,8.592471358428805,839
23-24,W,RAMF,LW,"Accurate passes to penalty area, %",3.2072902625485504,11.799761620977355,8.592471358428805,839
23-24,W,RAMF,LW,Passes to penalty area per 90,3.2072902625485504,11.799761620977355,8.592471358428805,839
23-24,W,RAMF,LW,"Accurate passes to final third, %",3.2072902625485504,11.799761620977355,8.592471358428805,839
23-24,W,RAMF,LW,Passes per 90,3.2072902625485504,11.799761620977355,8.592471358428805,839
23-24,W,RAMF,LW,Received long passes per 90,3.2072902625485504,11.799761620977355,8.592471358428805,839
23-24,W,RAMF,LW,"Duels won, %",3.2072902625485504,11.799761620977355,8.592471358428805,839
23-24,W,RAMF,LW,Received passes per 90,3.2072902625485504,11.799761620977355,8.592471358428805,839
23-24,W,RAMF,LW,xG per 90,3.2072902625485504,11.799761620977355,8.592471358428805,839
23-24,W,RAMF,LW,Non-penalty goals per 90,3.2072902625485504,11.799761620977355,8.592471358428805,839
23-24,W,RAMF,LW,Goals per 90,3.2072902625485504,11.799761620977355,8.592471358428805,839
23-24,W,RAMF,LW,Successful attacking actions per 90,3.2072902625485504,11.799761620977355,8.592471358428805,839
23-24,W,RAMF,LW,Red cards per 90,3.2072902625485504,11.799761620977355,8.592471358428805,839
23-24,W,RAMF,LW,Yellow cards per 90,3.2072902625485504,11.799761620977355,8.592471358428805,839
23-24,W,RAMF,LW,Fouls per 90,3.2072902625485504,11.799761620977355,8.592471358428805,839
23-24,W,RAMF,LW,Interceptions per 90,3.2072902625485504,11.799761620977355,8.592471358428805,839
23-24,W,RAMF,LW,Shots blocked per 90,3.2072902625485504,11.799761620977355,8.592471358428805,839
23-24,W,RAMF,LW,Sliding tackles per 90,3.2072902625485504,11.799761620977355,8.592471358428805,839
23-24,W,RAMF,LW,"Aerial duels won, %",3.2072902625485504,11.799761620977355,8.592471358428805,839
23-24,W,RAMF,LW,Aerial duels per 90,3.2072902625485504,11.799761620977355,8.592471358428805,839
23-24,W,RAMF,LW,"Defensive duels won, %",3.2072902625485504,11.799761620977355,8.592471358428805,839
23-24,W,RAMF,LW,Defensive duels per 90,3.2072902625485504,11.799761620977355,8.592471358428805,839
23-24,W,RAMF,LW,Successful defensive actions per 90,3.2072902625485504,11.799761620977355,8.592471358428805,839
23-24,W,RAMF,LW,Head goals per 90,3.2072902625485504,11.799761620977355,8.592471358428805,839
23-24,W,RAMF,LW,Shots per 90,3.2072902625485504,11.799761620977355,8.592471358428805,839
23-24,W,RAMF,LW,"Shots on target, %",3.2072902625485504,11.799761620977355,8.592471358428805,839
23-24,W,RAMF,LW,Dribbles per 90,3.2072902625485504,11.799761620977355,8.592471358428805,839
23-24,W,RAMF,LW,Accelerations per 90,3.2072902625485504,11.799761620977355,8.592471358428805,839
23-24,W,RAMF,LW,Progressive runs per 90,3.2072902625485504,11.799761620977355,8.592471358428805,839
23-24,W,RAMF,LW,Touches in box per 90,3.2072902625485504,11.799761620977355,8.592471358428805,839
23-24,W,RAMF,LW,"Offensive duels won, %",3.2072902625485504,11.799761620977355,8.592471358428805,839
23-24,W,RAMF,LW,Offensive duels per 90,3.2072902625485504,11.799761620977355,8.592471358428805,839
23-24,W,RAMF,LW,"Successful dribbles, %",3.2072902625485504,11.799761620977355,8.592471358428805,839
23-24,W,RAMF,LW,Crosses to goalie box per 90,3.2072902625485504,11.799761620977355,8.592471358428805,839
23-24,W,RAMF,LW,Assists per 90,3.2072902625485504,11.799761620977355,8.592471358428805,839
23-24,W,RAMF,LW,"Accurate crosses from right flank, %",3.2072902625485504,11.799761620977355,8.592471358428805,839
23-24,W,RAMF,LW,Crosses from right flank per 90,3.2072902625485504,11.799761620977355,8.592471358428805,839
23-24,W,RAMF,LW,"Accurate crosses from left flank, %",3.2072902625485504,11.799761620977355,8.592471358428805,839
23-24,W,RAMF,LW,Crosses from left flank per 90,3.2072902625485504,11.799761620977355,8.592471358428805,839
23-24,W,RAMF,LW,"Accurate crosses, %",3.2072902625485504,11.799761620977355,8.592471358428805,839
23-24,W,RAMF,LW,Crosses per 90,3.2072902625485504,11.799761620977355,8.592471358428805,839
23-24,W,RAMF,LW,Corners per 90,3.2072902625485504,11.799761620977355,8.592471358428805,839
24-25,FB,RWB,RB,Duels per 90,3.048451003523109,9.294320137693632,6.245869134170523,581
24-25,FB,RWB,RB,Fouls suffered per 90,3.048451003523109,9.294320137693632,6.245869134170523,581
24-25,FB,RWB,RB,Third assists per 90,3.048451003523109,9.294320137693632,6.245869134170523,581
24-25,FB,RWB,RB,Second assists per 90,3.048451003523109,9.294320137693632,6.245869134170523,581
24-25,FB,RWB,RB,Shot assists per 90,3.048451003523109,9.294320137693632,6.245869134170523,581
24-25,FB,RWB,RB,xA per 90,3.048451003523109,9.294320137693632,6.245869134170523,581
24-25,FB,RWB,RB,"Accurate long passes, %",3.048451003523109,9.294320137693632,6.245869134170523,581
24-25,FB,RWB,RB,Long passes per 90,3.048451003523109,9.294320137693632,6.245869134170523,581
24-25,FB,RWB,RB,"Accurate short / medium passes, %",3.048451003523109,9.294320137693632,6.245869134170523,581
24-25,FB,RWB,RB,Short / medium passes per 90,3.048451003523109,9.294320137693632,6.245869134170523,581
24-25,FB,RWB,RB,"Accurate lateral passes, %",3.048451003523109,9.294320137693632,6.245869134170523,581
24-25,FB,RWB,RB,Lateral passes per 90,3.048451003523109,9.294320137693632,6.245869134170523,581
24-25,FB,RWB,RB,"Accurate back passes, %",3.048451003523109,9.294320137693632,6.245869134170523,581
24-25,FB,RWB,RB,Back passes per 90,3.048451003523109,9.294320137693632,6.245869134170523,581
24-25,FB,RWB,RB,"Accurate forward passes, %",3.048451003523109,9.294320137693632,6.245869134170523,581
24-25,FB,RWB,RB,Forward passes per 90,3.048451003523109,9.294320137693632,6.245869134170523,581
24-25,FB,RWB,RB,"Accurate passes, %",3.048451003523109,9.294320137693632,6.245869134170523,581
24-25,FB,RWB,RB,Smart passes per 90,3.048451003523109,9.294320137693632,6.245869134170523,581
24-25,FB,RWB,RB,"Accurate smart passes, %",3.048451003523109,9.294320137693632,6.245869134170523,581
24-25,FB,RWB,RB,Key passes per 90,3.048451003523109,9.294320137693632,6.245869134170523,581
24-25,FB,RWB,RB,Progressive passes per 90,3.048451003523109,9.294320137693632,6.245869134170523,581
24-25,FB,RWB,RB,"Direct free kicks on target, %",3.048451003523109,9.294320137693632,6.245869134170523,581
24-25,FB,RWB,RB,Direct free kicks per 90,3.048451003523109,9.294320137693632,6.245869134170523,581
24-25,FB,RWB,RB,Free kicks per 90,3.048451003523109,9.294320137693632,6.245869134170523,581
24-25,FB,RWB,RB,Back passes received as GK per 90,3.048451003523109,9.294320137693632,6.245869134170523,581
24-25,FB,RWB,RB,xG against per 90,3.048451003523109,9.294320137693632,6.245869134170523,581
24-25,FB,RWB,RB,"Accurate progressive passes, %",3.048451003523109,9.294320137693632,6.245869134170523,581
24-25,FB,RWB,RB,Deep completed crosses per 90,3.048451003523109,9.294320137693632,6.245869134170523,581
24-25,FB,RWB,RB,Passes to final third per 90,3.048451003523109,9.294320137693632,6.245869134170523,581
24-25,FB,RWB,RB,Deep completions per 90,3.048451003523109,9.294320137693632,6.245869134170523,581
24-25,FB,RWB,RB,"Accurate through passes, %",3.048451003523109,9.294320137693632,6.245869134170523,581
24-25,FB,RWB,RB,Through passes per 90,3.048451003523109,9.294320137693632,6.245869134170523,581
24-25,FB,RWB,RB,"Accurate passes to penalty area, %",3.048451003523109,9.294320137693632,6.245869134170523,581
24-25,FB,RWB,RB,Passes to penalty area per 90,3.048451003523109,9.294320137693632,6.245869134170523,581
24-25,FB,RWB,RB,"Accurate passes to final third, %",3.048451003523109,9.294320137693632,6.245869134170523,581
24-25,FB,RWB,RB,Passes per 90,3.048451003523109,9.294320137693632,6.245869134170523,581
24-25,FB,RWB,RB,Received long passes per 90,3.048451003523109,9.294320137693632,6.245869134170523,581
24-25,FB,RWB,RB,"Duels won, %",3.048451003523109,9.294320137693632,6.245869134170523,581
24-25,FB,RWB,RB,Received passes per 90,3.048451003523109,9.294320137693632,6.245869134170523,581
24-25,FB,RWB,RB,xG per 90,3.048451003523109,9.294320137693632,6.245869134170523,581
24-25,FB,RWB,RB,Non-penalty goals per 90,3.048451003523109,9.294320137693632,6.245869134170523,581
24-25,FB,RWB,RB,Goals per 90,3.048451003523109,9.294320137693632,6.245869134170523,581
24-25,FB,RWB,RB,Successful attacking actions per 90,3.048451003523109,9.294320137693632,6.245869134170523,581
24-25,FB,RWB,RB,Red cards per 90,3.048451003523109,9.294320137693632,6.245869134170523,581
24-25,FB,RWB,RB,Yellow cards per 90,3.048451003523109,9.294320137693632,6.245869134170523,581
24-25,FB,RWB,RB,Fouls per 90,3.048451003523109,9.294320137693632,6.245869134170523,581
24-25,FB,RWB,RB,Interceptions per 90,3.048451003523109,9.294320137693632,6.245869134170523,581
24-25,FB,RWB,RB,Shots blocked per 90,3.048451003523109,9.294320137693632,6.245869134170523,581
24-25,FB,RWB,RB,Sliding tackles per 90,3.048451003523109,9.294320137693632,6.245869134170523,581
24-25,FB,RWB,RB,"Aerial duels won, %",3.048451003523109,9.294320137693632,6.245869134170523,581
24-25,FB,RWB,RB,Aerial duels per 90,3.048451003523109,9.294320137693632,6.245869134170523,581
24-25,FB,RWB,RB,"Defensive duels won, %",3.048451003523109,9.294320137693632,6.245869134170523,581
24-25,FB,RWB,RB,Defensive duels per 90,3.048451003523109,9.294320137693632,6.245869134170523,581
24-25,FB,RWB,RB,Successful defensive actions per 90,3.048451003523109,9.294320137693632,6.245869134170523,581
24-25,FB,RWB,RB,Head goals per 90,3.048451003523109,9.294320137693632,6.245869134170523,581
24-25,FB,RWB,RB,Shots per 90,3.048451003523109,9.294320137693632,6.245869134170523,581
24-25,FB,RWB,RB,"Shots on target, %",3.048451003523109,9.294320137693632,6.245869134170523,581
24-25,FB,RWB,RB,Dribbles per 90,3.048451003523109,9.294320137693632,6.245869134170523,581
24-25,FB,RWB,RB,Accelerations per 90,3.048451003523109,9.294320137693632,6.245869134170523,581
24-25,FB,RWB,RB,Progressive runs per 90,3.048451003523109,9.294320137693632,6.245869134170523,581
24-25,FB,RWB,RB,Touches in box per 90,3.048451003523109,9.294320137693632,6.245869134170523,581
24-25,FB,RWB,RB,"Offensive duels won, %",3.048451003523109,9.294320137693632,6.245869134170523,581
24-25,FB,RWB,RB,Offensive duels per 90,3.048451003523109,9.294320137693632,6.245869134170523,581
24-25,FB,RWB,RB,"Successful dribbles, %",3.048451003523109,9.294320137693632,6.245869134170523,581
24-25,FB,RWB,RB,Crosses to goalie box per 90,3.048451003523109,9.294320137693632,6.245869134170523,581
24-25,FB,RWB,RB,Assists per 90,3.048451003523109,9.294320137693632,6.245869134170523,581
24-25,FB,RWB,RB,"Accurate crosses from right flank, %",3.048451003523109,9.294320137693632,6.245869134170523,581
24-25,FB,RWB,RB,Crosses from right flank per 90,3.048451003523109,9.294320137693632,6.245869134170523,581
24-25,FB,RWB,RB,"Accurate crosses from left flank, %",3.048451003523109,9.294320137693632,6.245869134170523,581
24-25,FB,RWB,RB,Crosses from left flank per 90,3.048451003523109,9.294320137693632,6.245869134170523,581
24-25,FB,RWB,RB,"Accurate crosses, %",3.048451003523109,9.294320137693632,6.245869134170523,581
24-25,FB,RWB,RB,Crosses per 90,3.048451003523109,9.294320137693632,6.245869134170523,581
24-25,FB,RWB,RB,Corners per 90,3.048451003523109,9.294320137693632,6.245869134170523,581
24-25,FB,LWB,RB,Duels per 90,3.205926707039307,9.45179584120983,6.245869134170523,529
24-25,FB,LWB,RB,Fouls suffered per 90,3.205926707039307,9.45179584120983,6.245869134170523,529
24-25,FB,LWB,RB,Third assists per 90,3.205926707039307,9.45179584120983,6.245869134170523,529
24-25,FB,LWB,RB,Second assists per 90,3.205926707039307,9.45179584120983,6.245869134170523,529
24-25,FB,LWB,RB,Shot assists per 90,3.205926707039307,9.45179584120983,6.245869134170523,529
24-25,FB,LWB,RB,xA per 90,3.205926707039307,9.45179584120983,6.245869134170523,529
24-25,FB,LWB,RB,"Accurate long passes, %",3.205926707039307,9.45179584120983,6.245869134170523,529
24-25,FB,LWB,RB,Long passes per 90,3.205926707039307,9.45179584120983,6.245869134170523,529
24-25,FB,LWB,RB,"Accurate short / medium passes, %",3.205926707039307,9.45179584120983,6.245869134170523,529
24-25,FB,LWB,RB,Short / medium passes per 90,3.205926707039307,9.45179584120983,6.245869134170523,529
24-25,FB,LWB,RB,"Accurate lateral passes, %",3.205926707039307,9.45179584120983,6.245869134170523,529
24-25,FB,LWB,RB,Lateral passes per 90,3.205926707039307,9.45179584120983,6.245869134170523,529
24-25,FB,LWB,RB,"Accurate back passes, %",3.205926707039307,9.45179584120983,6.245869134170523,529
24-25,FB,LWB,RB,Back passes per 90,3.205926707039307,9.45179584120983,6.245869134170523,529
24-25,FB,LWB,RB,"Accurate forward passes, %",3.205926707039307,9.45179584120983,6.245869134170523,529
24-25,FB,LWB,RB,Forward passes per 90,3.205926707039307,9.45179584120983,6.245869134170523,529
24-25,FB,LWB,RB,"Accurate passes, %",3.205926707039307,9.45179584120983,6.245869134170523,529
24-25,FB,LWB,RB,Smart passes per 90,3.205926707039307,9.45179584120983,6.245869134170523,529
24-25,FB,LWB,RB,"Accurate smart passes, %",3.205926707039307,9.45179584120983,6.245869134170523,529
24-25,FB,LWB,RB,Key passes per 90,3.205926707039307,9.45179584120983,6.245869134170523,529
24-25,FB,LWB,RB,Progressive passes per 90,3.205926707039307,9.45179584120983,6.245869134170523,529
24-25,FB,LWB,RB,"Direct free kicks on target, %",3.205926707039307,9.45179584120983,6.245869134170523,529
24-25,FB,LWB,RB,Direct free kicks per 90,3.205926707039307,9.45179584120983,6.245869134170523,529
24-25,FB,LWB,RB,Free kicks per 90,3.205926707039307,9.45179584120983,6.245869134170523,529
24-25,FB,LWB,RB,Back passes received as GK per 90,3.205926707039307,9.45179584120983,6.245869134170523,529
24-25,FB,LWB,RB,xG against per 90,3.205926707039307,9.45179584120983,6.245869134170523,529
24-25,FB,LWB,RB,"Accurate progressive passes, %",3.205926707039307,9.45179584120983,6.245869134170523,529
24-25,FB,LWB,RB,Deep completed crosses per 90,3.205926707039307,9.45179584120983,6.245869134170523,529
24-25,FB,LWB,RB,Passes to final third per 90,3.205926707039307,9.45179584120983,6.245869134170523,529
24-25,FB,LWB,RB,Deep completions per 90,3.205926707039307,9.45179584120983,6.245869134170523,529
24-25,FB,LWB,RB,"Accurate through passes, %",3.205926707039307,9.45179584120983,6.245869134170523,529
24-25,FB,LWB,RB,Through passes per 90,3.205926707039307,9.45179584120983,6.245869134170523,529
24-25,FB,LWB,RB,"Accurate passes to penalty area, %",3.205926707039307,9.45179584120983,6.245869134170523,529
24-25,FB,LWB,RB,Passes to penalty area per 90,3.205926707039307,9.45179584120983,6.245869134170523,529
24-25,FB,LWB,RB,"Accurate passes to final third, %",3.205926707039307,9.45179584120983,6.245869134170523,529
24-25,FB,LWB,RB,Passes per 90,3.205926707039307,9.45179584120983,6.245869134170523,529
24-25,FB,LWB,RB,Received long passes per 90,3.205926707039307,9.45179584120983,6.245869134170523,529
24-25,FB,LWB,RB,"Duels won, %",3.205926707039307,9.45179584120983,6.245869134170523,529
24-25,FB,LWB,RB,Received passes per 90,3.205926707039307,9.45179584120983,6.245869134170523,529
24-25,FB,LWB,RB,xG per 90,3.205926707039307,9.45179584120983,6.245869134170523,529
24-25,FB,LWB,RB,Non-penalty goals per 90,3.205926707039307,9.45179584120983,6.245869134170523,529
24-25,FB,LWB,RB,Goals per 90,3.205926707039307,9.45179584120983,6.245869134170523,529
24-25,FB,LWB,RB,Successful attacking actions per 90,3.205926707039307,9.45179584120983,6.245869134170523,529
24-25,FB,LWB,RB,Red cards per 90,3.205926707039307,9.45179584120983,6.245869134170523,529
24-25,FB,LWB,RB,Yellow cards per 90,3.205926707039307,9.45179584120983,6.245869134170523,529
24-25,FB,LWB,RB,Fouls per 90,3.205926707039307,9.45179584120983,6.245869134170523,529
24-25,FB,LWB,RB,Interceptions per 90,3.205926707039307,9.45179584120983,6.245869134170523,529
24-25,FB,LWB,RB,Shots blocked per 90,3.205926707039307,9.45179584120983,6.245869134170523,529
24-25,FB,LWB,RB,Sliding tackles per 90,3.205926707039307,9.45179584120983,6.245869134170523,529
24-25,FB,LWB,RB,"Aerial duels won, %",3.205926707039307,9.45179584120983,6.245869134170523,529
24-25,FB,LWB,RB,Aerial duels per 90,3.205926707039307,9.45179584120983,6.245869134170523,529
24-25,FB,LWB,RB,"Defensive duels won, %",3.205926707039307,9.45179584120983,6.245869134170523,529
24-25,FB,LWB,RB,Defensive duels per 90,3.205926707039307,9.45179584120983,6.245869134170523,529
24-25,FB,LWB,RB,Successful defensive actions per 90,3.205926707039307,9.45179584120983,6.245869134170523,529
24-25,FB,LWB,RB,Head goals per 90,3.205926707039307,9.45179584120983,6.245869134170523,529
24-25,FB,LWB,RB,Shots per 90,3.205926707039307,9.45179584120983,6.245869134170523,529
24-25,FB,LWB,RB,"Shots on target, %",3.205926707039307,9.45179584120983,6.245869134170523,529
24-25,FB,LWB,RB,Dribbles per 90,3.205926707039307,9.45179584120983,6.245869134170523,529
24-25,FB,LWB,RB,Accelerations per 90,3.205926707039307,9.45179584120983,6.245869134170523,529
24-25,FB,LWB,RB,Progressive runs per 90,3.205926707039307,9.45179584120983,6.245869134170523,529
24-25,FB,LWB,RB,Touches in box per 90,3.205926707039307,9.45179584120983,6.245869134170523,529
24-25,FB,LWB,RB,"Offensive duels won, %",3.205926707039307,9.45179584120983,6.245869134170523,529
24-25,FB,LWB,RB,Offensive duels per 90,3.205926707039307,9.45179584120983,6.245869134170523,529
24-25,FB,LWB,RB,"Successful dribbles, %",3.205926707039307,9.45179584120983,6.245869134170523,529
24-25,FB,LWB,RB,Crosses to goalie box per 90,3.205926707039307,9.45179584120983,6.245869134170523,529
24-25,FB,LWB,RB,Assists per 90,3.205926707039307,9.45179584120983,6.245869134170523,529
24-25,FB,LWB,RB,"Accurate crosses from right flank, %",3.205926707039307,9.45179584120983,6.245869134170523,529
24-25,FB,LWB,RB,Crosses from right flank per 90,3.205926707039307,9.45179584120983,6.245869134170523,529
24-25,FB,LWB,RB,"Accurate crosses from left flank, %",3.205926707039307,9.45179584120983,6.245869134170523,529
24-25,FB,LWB,RB,Crosses from left flank per 90,3.205926707039307,9.45179584120983,6.245869134170523,529
24-25,FB,LWB,RB,"Accurate crosses, %",3.205926707039307,9.45179584120983,6.245869134170523,529
24-25,FB,LWB,RB,Crosses per 90,3.205926707039307,9.45179584120983,6.245869134170523,529
24-25,FB,LWB,RB,Corners per 90,3.205926707039307,9.45179584120983,6.245869134170523,529
24-25,DM,RDMF,DMF,Duels per 90,1.7551580568761533,8.053691275167784,6.298533218291631,894
24-25,DM,RDMF,DMF,Fouls suffered per 90,1.7551580568761533,8.053691275167784,6.298533218291631,894
24-25,DM,RDMF,DMF,Third assists per 90,1.7551580568761533,8.053691275167784,6.298533218291631,894
24-25,DM,RDMF,DMF,Second assists per 90,1.7551580568761533,8.053691275167784,6.298533218291631,894
24-25,DM,RDMF,DMF,Shot assists per 90,1.7551580568761533,8.053691275167784,6.298533218291631,894
24-25,DM,RDMF,DMF,xA per 90,1.7551580568761533,8.053691275167784,6.298533218291631,894
24-25,DM,RDMF,DMF,"Accurate long passes, %",1.7551580568761533,8.053691275167784,6.298533218291631,894
24-25,DM,RDMF,DMF,Long passes per 90,1.7551580568761533,8.053691275167784,6.298533218291631,894
24-25,DM,RDMF,DMF,"Accurate short / medium passes, %",1.7551580568761533,8.053691275167784,6.298533218291631,894
24-25,DM,RDMF,DMF,Short / medium passes per 90,1.7551580568761533,8.053691275167784,6.298533218291631,894
24-25,DM,RDMF,DMF,"Accurate lateral passes, %",1.7551580568761533,8.053691275167784,6.298533218291631,894
24-25,DM,RDMF,DMF,Lateral passes per 90,1.7551580568761533,8.053691275167784,6.298533218291631,894
24-25,DM,RDMF,DMF,"Accurate back passes, %",1.7551580568761533,8.053691275167784,6.298533218291631,894
24-25,DM,RDMF,DMF,Back passes per 90,1.7551580568761533,8.053691275167784,6.298533218291631,894
24-25,DM,RDMF,DMF,"Accurate forward passes, %",1.7551580568761533,8.053691275167784,6.298533218291631,894
24-25,DM,RDMF,DMF,Forward passes per 90,1.7551580568761533,8.053691275167784,6.298533218291631,894
24-25,DM,RDMF,DMF,"Accurate passes, %",1.7551580568761533,8.053691275167784,6.298533218291631,894
24-25,DM,RDMF,DMF,Smart passes per 90,1.7551580568761533,8.053691275167784,6.298533218291631,894
24-25,DM,RDMF,DMF,"Accurate smart passes, %",1.7551580568761533,8.053691275167784,6.298533218291631,894
24-25,DM,RDMF,DMF,Key passes per 90,1.7551580568761533,8.053691275167784,6.298533218291631,894
24-25,DM,RDMF,DMF,Progressive passes per 90,1.7551580568761533,8.053691275167784,6.298533218291631,894
24-25,DM,RDMF,DMF,"Direct free kicks on target, %",1.7551580568761533,8.053691275167784,6.298533218291631,894
24-25,DM,RDMF,DMF,Direct free kicks per 90,1.7551580568761533,8.053691275167784,6.298533218291631,894
24-25,DM,RDMF,DMF,Free kicks per 90,1.7551580568761533,8.053691275167784,6.298533218291631,894
24-25,DM,RDMF,DMF,Back passes received as GK per 90,1.7551580568761533,8.053691275167784,6.298533218291631,894
24-25,DM,RDMF,DMF,xG against per 90,1.7551580568761533,8.053691275167784,6.298533218291631,894
24-25,DM,RDMF,DMF,"Accurate progressive passes, %",1.7551580568761533,8.053691275167784,6.298533218291631,894
24-25,DM,RDMF,DMF,Deep completed crosses per 90,1.7551580568761533,8.053691275167784,6.298533218291631,894
24-25,DM,RDMF,DMF,Passes to final third per 90,1.7551580568761533,8.053691275167784,6.298533218291631,894
24-25,DM,RDMF,DMF,Deep completions per 90,1.7551580568761533,8.053691275167784,6.298533218291631,894
24-25,DM,RDMF,DMF,"Accurate through passes, %",1.7551580568761533,8.053691275167784,6.298533218291631,894
24-25,DM,RDMF,DMF,Through passes per 90,1.7551580568761533,8.053691275167784,6.298533218291631,894
24-25,DM,RDMF,DMF,"Accurate passes to penalty area, %",1.7551580568761533,8.053691275167784,6.298533218291631,894
24-25,DM,RDMF,DMF,Passes to penalty area per 90,1.7551580568761533,8.053691275167784,6.298533218291631,894
24-25,DM,RDMF,DMF,"Accurate passes to final third, %",1.7551580568761533,8.053691275167784,6.298533218291631,894
24-25,DM,RDMF,DMF,Passes per 90,1.7551580568761533,8.053691275167784,6.298533218291631,894
24-25,DM,RDMF,DMF,Received long passes per 90,1.7551580568761533,8.053691275167784,6.298533218291631,894
24-25,DM,RDMF,DMF,"Duels won, %",1.7551580568761533,8.053691275167784,6.298533218291631,894
24-25,DM,RDMF,DMF,Received passes per 90,1.7551580568761533,8.053691275167784,6.298533218291631,894
24-25,DM,RDMF,DMF,xG per 90,1.7551580568761533,8.053691275167784,6.298533218291631,894
24-25,DM,RDMF,DMF,Non-penalty goals per 90,1.7551580568761533,8.053691275167784,6.298533218291631,894
24-25,DM,RDMF,DMF,Goals per 90,1.7551580568761533,8.053691275167784,6.298533218291631,894
24-25,DM,RDMF,DMF,Successful attacking actions per 90,1.7551580568761533,8.053691275167784,6.298533218291631,894
24-25,DM,RDMF,DMF,Red cards per 90,1.7551580568761533,8.053691275167784,6.298533218291631,894
24-25,DM,RDMF,DMF,Yellow cards per 90,1.7551580568761533,8.053691275167784,6.298533218291631,894
24-25,DM,RDMF,DMF,Fouls per 90,1.7551580568761533,8.053691275167784,6.298533218291631,894
24-25,DM,RDMF,DMF,Interceptions per 90,1.7551580568761533,8.053691275167784,6.298533218291631,894
24-25,DM,RDMF,DMF,Shots blocked per 90,1.7551580568761533,8.053691275167784,6.298533218291631,894
24-25,DM,RDMF,DMF,Sliding tackles per 90,1.7551580568761533,8.053691275167784,6.298533218291631,894
24-25,DM,RDMF,DMF,"Aerial duels won, %",1.7551580568761533,8.053691275167784,6.298533218291631,894
24-25,DM,RDMF,DMF,Aerial duels per 90,1.7551580568761533,8.053691275167784,6.298533218291631,894
24-25,DM,RDMF,DMF,"Defensive duels won, %",1.7551580568761533,8.053691275167784,6.298533218291631,894
24-25,DM,RDMF,DMF,Defensive duels per 90,1.7551580568761533,8.053691275167784,6.298533218291631,894
24-25,DM,RDMF,DMF,Successful defensive actions per 90,1.7551580568761533,8.053691275167784,6.298533218291631,894
24-25,DM,RDMF,DMF,Head goals per 90,1.7551580568761533,8.053691275167784,6.298533218291631,894
24-25,DM,RDMF,DMF,Shots per 90,1.7551580568761533,8.053691275167784,6.298533218291631,894
24-25,DM,RDMF,DMF,"Shots on target, %",1.7551580568761533,8.053691275167784,6.298533218291631,894
24-25,DM,RDMF,DMF,Dribbles per 90,1.7551580568761533,8.053691275167784,6.298533218291631,894
24-25,DM,RDMF,DMF,Accelerations per 90,1.7551580568761533,8.053691275167784,6.298533218291631,894
24-25,DM,RDMF,DMF,Progressive runs per 90,1.7551580568761533,8.053691275167784,6.298533218291631,894
24-25,DM,RDMF,DMF,Touches in box per 90,1.7551580568761533,8.053691275167784,6.298533218291631,894
24-25,DM,RDMF,DMF,"Offensive duels won, %",1.7551580568761533,8.053691275167784,6.298533218291631,894
24-25,DM,RDMF,DMF,Offensive duels per 90,1.7551580568761533,8.053691275167784,6.298533218291631,894
24-25,DM,RDMF,DMF,"Successful dribbles, %",1.7551580568761533,8.053691275167784,6.298533218291631,894
24-25,DM,RDMF,DMF,Crosses to goalie box per 90,1.7551580568761533,8.053691275167784,6.298533218291631,894
24-25,DM,RDMF,DMF,Assists per 90,1.7551580568761533,8.053691275167784,6.298533218291631,894
24-25,DM,RDMF,DMF,"Accurate crosses from right flank, %",1.7551580568761533,8.053691275167784,6.298533218291631,894
24-25,DM,RDMF,DMF,Crosses from right flank per 90,1.7551580568761533,8.053691275167784,6.298533218291631,894
24-25,DM,RDMF,DMF,"Accurate crosses from left flank, %",1.7551580568761533,8.053691275167784,6.298533218291631,894
24-25,DM,RDMF,DMF,Crosses from left flank per 90,1.7551580568761533,8.053691275167784,6.298533218291631,894
24-25,DM,RDMF,DMF,"Accurate crosses, %",1.7551580568761533,8.053691275167784,6.298533218291631,894
24-25,DM,RDMF,DMF,Crosses per 90,1.7551580568761533,8.053691275167784,6.298533218291631,894
24-25,DM,RDMF,DMF,Corners per 90,1.7551580568761533,8.053691275167784,6.298533218291631,894
24-25,DM,LDMF,DMF,Duels per 90,1.8886012846323457,8.187134502923977,6.298533218291631,855
24-25,DM,LDMF,DMF,Fouls suffered per 90,1.8886012846323457,8.187134502923977,6.298533218291631,855
24-25,DM,LDMF,DMF,Third assists per 90,1.8886012846323457,8.187134502923977,6.298533218291631,855
24-25,DM,LDMF,DMF,Second assists per 90,1.8886012846323457,8.187134502923977,6.298533218291631,855
24-25,DM,LDMF,DMF,Shot assists per 90,1.8886012846323457,8.187134502923977,6.298533218291631,855
24-25,DM,LDMF,DMF,xA per 90,1.8886012846323457,8.187134502923977,6.298533218291631,855
24-25,DM,LDMF,DMF,"Accurate long passes, %",1.8886012846323457,8.187134502923977,6.298533218291631,855
24-25,DM,LDMF,DMF,Long passes per 90,1.8886012846323457,8.187134502923977,6.298533218291631,855
24-25,DM,LDMF,DMF,"Accurate short / medium passes, %",1.8886012846323457,8.187134502923977,6.298533218291631,855
24-25,DM,LDMF,DMF,Short / medium passes per 90,1.8886012846323457,8.187134502923977,6.298533218291631,855
24-25,DM,LDMF,DMF,"Accurate lateral passes, %",1.8886012846323457,8.187134502923977,6.298533218291631,855
24-25,DM,LDMF,DMF,Lateral passes per 90,1.8886012846323457,8.187134502923977,6.298533218291631,855
24-25,DM,LDMF,DMF,"Accurate back passes, %",1.8886012846323457,8.187134502923977,6.298533218291631,855
24-25,DM,LDMF,DMF,Back passes per 90,1.8886012846323457,8.187134502923977,6.298533218291631,855
24-25,DM,LDMF,DMF,"Accurate forward passes, %",1.8886012846323457,8.187134502923977,6.298533218291631,855
24-25,DM,LDMF,DMF,Forward passes per 90,1.8886012846323457,8.187134502923977,6.298533218291631,855
24-25,DM,LDMF,DMF,"Accurate passes, %",1.8886012846323457,8.187134502923977,6.298533218291631,855
24-25,DM,LDMF,DMF,Smart passes per 90,1.8886012846323457,8.187134502923977,6.298533218291631,855
24-25,DM,LDMF,DMF,"Accurate smart passes, %",1.8886012846323457,8.187134502923977,6.298533218291631,855
24-25,DM,LDMF,DMF,Key passes per 90,1.8886012846323457,8.187134502923977,6.298533218291631,855
24-25,DM,LDMF,DMF,Progressive passes per 90,1.8886012846323457,8.187134502923977,6.298533218291631,855
24-25,DM,LDMF,DMF,"Direct free kicks on target, %",1.8886012846323457,8.187134502923977,6.298533218291631,855
24-25,DM,LDMF,DMF,Direct free kicks per 90,1.8886012846323457,8.187134502923977,6.298533218291631,855
24-25,DM,LDMF,DMF,Free kicks per 90,1.8886012846323457,8.187134502923977,6.298533218291631,855
24-25,DM,LDMF,DMF,Back passes received as GK per 90,1.8886012846323457,8.187134502923977,6.298533218291631,855
24-25,DM,LDMF,DMF,xG against per 90,1.8886012846323457,8.187134502923977,6.298533218291631,855
24-25,DM,LDMF,DMF,"Accurate progressive passes, %",1.8886012846323457,8.187134502923977,6.298533218291631,855
24-25,DM,LDMF,DMF,Deep completed crosses per 90,1.8886012846323457,8.187134502923977,6.298533218291631,855
24-25,DM,LDMF,DMF,Passes to final third per 90,1.8886012846323457,8.187134502923977,6.298533218291631,855
24-25,DM,LDMF,DMF,Deep completions per 90,1.8886012846323457,8.187134502923977,6.298533218291631,855
24-25,DM,LDMF,DMF,"Accurate through passes, %",1.8886012846323457,8.187134502923977,6.298533218291631,855
24-25,DM,LDMF,DMF,Through passes per 90,1.8886012846323457,8.187134502923977,6.298533218291631,855
24-25,DM,LDMF,DMF,"Accurate passes to penalty area, %",1.8886012846323457,8.187134502923977,6.298533218291631,855
24-25,DM,LDMF,DMF,Passes to penalty area per 90,1.8886012846323457,8.187134502923977,6.298533218291631,855
24-25,DM,LDMF,DMF,"Accurate passes to final third, %",1.8886012846323457,8.187134502923977,6.298533218291631,855
24-25,DM,LDMF,DMF,Passes per 90,1.8886012846323457,8.187134502923977,6.298533218291631,855
24-25,DM,LDMF,DMF,Received long passes per 90,1.8886012846323457,8.187134502923977,6.298533218291631,855
24-25,DM,LDMF,DMF,"Duels won, %",1.8886012846323457,8.187134502923977,6.298533218291631,855
24-25,DM,LDMF,DMF,Received passes per 90,1.8886012846323457,8.187134502923977,6.298533218291631,855
24-25,DM,LDMF,DMF,xG per 90,1.8886012846323457,8.187134502923977,6.298533218291631,855
24-25,DM,LDMF,DMF,Non-penalty goals per 90,1.8886012846323457,8.187134502923977,6.298533218291631,855
24-25,DM,LDMF,DMF,Goals per 90,1.8886012846323457,8.187134502923977,6.298533218291631,855
24-25,DM,LDMF,DMF,Successful attacking actions per 90,1.8886012846323457,8.187134502923977,6.298533218291631,855
24-25,DM,LDMF,DMF,Red cards per 90,1.8886012846323457,8.187134502923977,6.298533218291631,855
24-25,DM,LDMF,DMF,Yellow cards per 90,1.8886012846323457,8.187134502923977,6.298533218291631,855
24-25,DM,LDMF,DMF,Fouls per 90,1.8886012846323457,8.187134502923977,6.298533218291631,855
24-25,DM,LDMF,DMF,Interceptions per 90,1.8886012846323457,8.187134502923977,6.298533218291631,855
24-25,DM,LDMF,DMF,Shots blocked per 90,1.8886012846323457,8.187134502923977,6.298533218291631,855
24-25,DM,LDMF,DMF,Sliding tackles per 90,1.8886012846323457,8.187134502923977,6.298533218291631,855
24-25,DM,LDMF,DMF,"Aerial duels won, %",1.8886012846323457,8.187134502923977,6.298533218291631,855
24-25,DM,LDMF,DMF,Aerial duels per 90,1.8886012846323457,8.187134502923977,6.298533218291631,855
24-25,DM,LDMF,DMF,"Defensive duels won, %",1.8886012846323457,8.187134502923977,6.298533218291631,855
24-25,DM,LDMF,DMF,Defensive duels per 90,1.8886012846323457,8.187134502923977,6.298533218291631,855
24-25,DM,LDMF,DMF,Successful defensive actions per 90,1.8886012846323457,8.187134502923977,6.298533218291631,855
24-25,DM,LDMF,DMF,Head goals per 90,1.8886012846323457,8.187134502923977,6.298533218291631,855
24-25,DM,LDMF,DMF,Shots per 90,1.8886012846323457,8.187134502923977,6.298533218291631,855
24-25,DM,LDMF,DMF,"Shots on target, %",1.8886012846323457,8.187134502923977,6.298533218291631,855
24-25,DM,LDMF,DMF,Dribbles per 90,1.8886012846323457,8.187134502923977,6.298533218291631,855
24-25,DM,LDMF,DMF,Accelerations per 90,1.8886012846323457,8.187134502923977,6.298533218291631,855
24-25,DM,LDMF,DMF,Progressive runs per 90,1.8886012846323457,8.187134502923977,6.298533218291631,855
24-25,DM,LDMF,DMF,Touches in box per 90,1.8886012846323457,8.187134502923977,6.298533218291631,855
24-25,DM,LDMF,DMF,"Offensive duels won, %",1.8886012846323457,8.187134502923977,6.298533218291631,855
24-25,DM,LDMF,DMF,Offensive duels per 90,1.8886012846323457,8.187134502923977,6.298533218291631,855
24-25,DM,LDMF,DMF,"Successful dribbles, %",1.8886012846323457,8.187134502923977,6.298533218291631,855
24-25,DM,LDMF,DMF,Crosses to goalie box per 90,1.8886012846323457,8.187134502923977,6.298533218291631,855
24-25,DM,LDMF,DMF,Assists per 90,1.8886012846323457,8.187134502923977,6.298533218291631,855
24-25,DM,LDMF,DMF,"Accurate crosses from right flank, %",1.8886012846323457,8.187134502923977,6.298533218291631,855
24-25,DM,LDMF,DMF,Crosses from right flank per 90,1.8886012846323457,8.187134502923977,6.298533218291631,855
24-25,DM,LDMF,DMF,"Accurate crosses from left flank, %",1.8886012846323457,8.187134502923977,6.298533218291631,855
24-25,DM,LDMF,DMF,Crosses from left flank per 90,1.8886012846323457,8.187134502923977,6.298533218291631,855
24-25,DM,LDMF,DMF,"Accurate crosses, %",1.8886012846323457,8.187134502923977,6.298533218291631,855
24-25,DM,LDMF,DMF,Crosses per 90,1.8886012846323457,8.187134502923977,6.298533218291631,855
24-25,DM,LDMF,DMF,Corners per 90,1.8886012846323457,8.187134502923977,6.298533218291631,855
24-25,CM,LCMF,RCMF,Duels per 90,1.2609626535930207,8.746948738812042,10.007911392405063,2458
24-25,CM,LCMF,RCMF,Fouls suffered per 90,1.2609626535930207,8.746948738812042,10.007911392405063,2458
24-25,CM,LCMF,RCMF,Third assists per 90,1.2609626535930207,8.746948738812042,10.007911392405063,2458
24-25,CM,LCMF,RCMF,Second assists per 90,1.2609626535930207,8.746948738812042,10.007911392405063,2458
24-25,CM,LCMF,RCMF,Shot assists per 90,1.2609626535930207,8.746948738812042,10.007911392405063,2458
24-25,CM,LCMF,RCMF,xA per 90,1.2609626535930207,8.746948738812042,10.007911392405063,2458
24-25,CM,LCMF,RCMF,"Accurate long passes, %",1.2609626535930207,8.746948738812042,10.007911392405063,2458
24-25,CM,LCMF,RCMF,Long passes per 90,1.2609626535930207,8.746948738812042,10.007911392405063,2458
24-25,CM,LCMF,RCMF,"Accurate short / medium passes, %",1.2609626535930207,8.746948738812042,10.007911392405063,2458
24-25,CM,LCMF,RCMF,Short / medium passes per 90,1.2609626535930207,8.746948738812042,10.007911392405063,2458
24-25,CM,LCMF,RCMF,"Accurate lateral passes, %",1.2609626535930207,8.746948738812042,10.007911392405063,2458
24-25,CM,LCMF,RCMF,Lateral passes per 90,1.2609626535930207,8.746948738812042,10.007911392405063,2458
24-25,CM,LCMF,RCMF,"Accurate back passes, %",1.2609626535930207,8.746948738812042,10.007911392405063,2458
24-25,CM,LCMF,RCMF,Back passes per 90,1.2609626535930207,8.746948738812042,10.007911392405063,2458
24-25,CM,LCMF,RCMF,"Accurate forward passes, %",1.2609626535930207,8.746948738812042,10.007911392405063,2458
24-25,CM,LCMF,RCMF,Forward passes per 90,1.2609626535930207,8.746948738812042,10.007911392405063,2458
24-25,CM,LCMF,RCMF,"Accurate passes, %",1.2609626535930207,8.746948738812042,10.007911392405063,2458
24-25,CM,LCMF,RCMF,Smart passes per 90,1.2609626535930207,8.746948738812042,10.007911392405063,2458
24-25,CM,LCMF,RCMF,"Accurate smart passes, %",1.2609626535930207,8.746948738812042,10.007911392405063,2458
24-25,CM,LCMF,RCMF,Key passes per 90,1.2609626535930207,8.746948738812042,10.007911392405063,2458
24-25,CM,LCMF,RCMF,Progressive passes per 90,1.2609626535930207,8.746948738812042,10.007911392405063,2458
24-25,CM,LCMF,RCMF,"Direct free kicks on target, %",1.2609626535930207,8.746948738812042,10.007911392405063,2458
24-25,CM,LCMF,RCMF,Direct free kicks per 90,1.2609626535930207,8.746948738812042,10.007911392405063,2458
24-25,CM,LCMF,RCMF,Free kicks per 90,1.2609626535930207,8.746948738812042,10.007911392405063,2458
24-25,CM,LCMF,RCMF,Back passes received as GK per 90,1.2609626535930207,8.746948738812042,10.007911392405063,2458
24-25,CM,LCMF,RCMF,xG against per 90,1.2609626535930207,8.746948738812042,10.007911392405063,2458
24-25,CM,LCMF,RCMF,"Accurate progressive passes, %",1.2609626535930207,8.746948738812042,10.007911392405063,2458
24-25,CM,LCMF,RCMF,Deep completed crosses per 90,1.2609626535930207,8.746948738812042,10.007911392405063,2458
24-25,CM,LCMF,RCMF,Passes to final third per 90,1.2609626535930207,8.746948738812042,10.007911392405063,2458
24-25,CM,LCMF,RCMF,Deep completions per 90,1.2609626535930207,8.746948738812042,10.007911392405063,2458
24-25,CM,LCMF,RCMF,"Accurate through passes, %",1.2609626535930207,8.746948738812042,10.007911392405063,2458
24-25,CM,LCMF,RCMF,Through passes per 90,1.2609626535930207,8.746948738812042,10.007911392405063,2458
24-25,CM,LCMF,RCMF,"Accurate passes to penalty area, %",1.2609626535930207,8.746948738812042,10.007911392405063,2458
24-25,CM,LCMF,RCMF,Passes to penalty area per 90,1.2609626535930207,8.746948738812042,10.007911392405063,2458
24-25,CM,LCMF,RCMF,"Accurate passes to final third, %",1.2609626535930207,8.746948738812042,10.007911392405063,2458
24-25,CM,LCMF,RCMF,Passes per 90,1.2609626535930207,8.746948738812042,10.007911392405063,2458
24-25,CM,LCMF,RCMF,Received long passes per 90,1.2609626535930207,8.746948738812042,10.007911392405063,2458
24-25,CM,LCMF,RCMF,"Duels won, %",1.2609626535930207,8.746948738812042,10.007911392405063,2458
24-25,CM,LCMF,RCMF,Received passes per 90,1.2609626535930207,8.746948738812042,10.007911392405063,2458
24-25,CM,LCMF,RCMF,xG per 90,1.2609626535930207,8.746948738812042,10.007911392405063,2458
24-25,CM,LCMF,RCMF,Non-penalty goals per 90,1.2609626535930207,8.746948738812042,10.007911392405063,2458
24-25,CM,LCMF,RCMF,Goals per 90,1.2609626535930207,8.746948738812042,10.007911392405063,2458
24-25,CM,LCMF,RCMF,Successful attacking actions per 90,1.2609626535930207,8.746948738812042,10.007911392405063,2458
24-25,CM,LCMF,RCMF,Red cards per 90,1.2609626535930207,8.746948738812042,10.007911392405063,2458
24-25,CM,LCMF,RCMF,Yellow cards per 90,1.2609626535930207,8.746948738812042,10.007911392405063,2458
24-25,CM,LCMF,RCMF,Fouls per 90,1.2609626535930207,8.746948738812042,10.007911392405063,2458
24-25,CM,LCMF,RCMF,Interceptions per 90,1.2609626535930207,8.746948738812042,10.007911392405063,2458
24-25,CM,LCMF,RCMF,Shots blocked per 90,1.2609626535930207,8.746948738812042,10.007911392405063,2458
24-25,CM,LCMF,RCMF,Sliding tackles per 90,1.2609626535930207,8.746948738812042,10.007911392405063,2458
24-25,CM,LCMF,RCMF,"Aerial duels won, %",1.2609626535930207,8.746948738812042,10.007911392405063,2458
24-25,CM,LCMF,RCMF,Aerial duels per 90,1.2609626535930207,8.746948738812042,10.007911392405063,2458
24-25,CM,LCMF,RCMF,"Defensive duels won, %",1.2609626535930207,8.746948738812042,10.007911392405063,2458
24-25,CM,LCMF,RCMF,Defensive duels per 90,1.2609626535930207,8.746948738812042,10.007911392405063,2458
24-25,CM,LCMF,RCMF,Successful defensive actions per 90,1.2609626535930207,8.746948738812042,10.007911392405063,2458
24-25,CM,LCMF,RCMF,Head goals per 90,1.2609626535930207,8.746948738812042,10.007911392405063,2458
24-25,CM,LCMF,RCMF,Shots per 90,1.2609626535930207,8.746948738812042,10.007911392405063,2458
24-25,CM,LCMF,RCMF,"Shots on target, %",1.2609626535930207,8.746948738812042,10.007911392405063,2458
24-25,CM,LCMF,RCMF,Dribbles per 90,1.2609626535930207,8.746948738812042,10.007911392405063,2458
24-25,CM,LCMF,RCMF,Accelerations per 90,1.2609626535930207,8.746948738812042,10.007911392405063,2458
24-25,CM,LCMF,RCMF,Progressive runs per 90,1.2609626535930207,8.746948738812042,10.007911392405063,2458
24-25,CM,LCMF,RCMF,Touches in box per 90,1.2609626535930207,8.746948738812042,10.007911392405063,2458
24-25,CM,LCMF,RCMF,"Offensive duels won, %",1.2609626535930207,8.746948738812042,10.007911392405063,2458
24-25,CM,LCMF,RCMF,Offensive duels per 90,1.2609626535930207,8.746948738812042,10.007911392405063,2458
24-25,CM,LCMF,RCMF,"Successful dribbles, %",1.2609626535930207,8.746948738812042,10.007911392405063,2458
24-25,CM,LCMF,RCMF,Crosses to goalie box per 90,1.2609626535930207,8.746948738812042,10.007911392405063,2458
24-25,CM,LCMF,RCMF,Assists per 90,1.2609626535930207,8.746948738812042,10.007911392405063,2458
24-25,CM,LCMF,RCMF,"Accurate crosses from right flank, %",1.2609626535930207,8.746948738812042,10.007911392405063,2458
24-25,CM,LCMF,RCMF,Crosses from right flank per 90,1.2609626535930207,8.746948738812042,10.007911392405063,2458
24-25,CM,LCMF,RCMF,"Accurate crosses from left flank, %",1.2609626535930207,8.746948738812042,10.007911392405063,2458
24-25,CM,LCMF,RCMF,Crosses from left flank per 90,1.2609626535930207,8.746948738812042,10.007911392405063,2458
24-25,CM,LCMF,RCMF,"Accurate crosses, %",1.2609626535930207,8.746948738812042,10.007911392405063,2458
24-25,CM,LCMF,RCMF,Crosses per 90,1.2609626535930207,8.746948738812042,10.007911392405063,2458
24-25,CM,LCMF,RCMF,Corners per 90,1.2609626535930207,8.746948738812042,10.007911392405063,2458
24-25,W,LW,RW,Duels per 90,3.3251468350118394,9.75896531452087,13.084112149532709,1701
24-25,W,LW,RW,Fouls suffered per 90,3.3251468350118394,9.75896531452087,13.084112149532709,1701
24-25,W,LW,RW,Third assists per 90,3.3251468350118394,9.75896531452087,13.084112149532709,1701
24-25,W,LW,RW,Second assists per 90,3.3251468350118394,9.75896531452087,13.084112149532709,1701
24-25,W,LW,RW,Shot assists per 90,3.3251468350118394,9.75896531452087,13.084112149532709,1701
24-25,W,LW,RW,xA per 90,3.3251468350118394,9.75896531452087,13.084112149532709,1701
24-25,W,LW,RW,"Accurate long passes, %",3.3251468350118394,9.75896531452087,13.084112149532709,1701
24-25,W,LW,RW,Long passes per 90,3.3251468350118394,9.75896531452087,13.084112149532709,1701
24-25,W,LW,RW,"Accurate short / medium passes, %",3.3251468350118394,9.75896531452087,13.084112149532709,1701
24-25,W,LW,RW,Short / medium passes per 90,3.3251468350118394,9.75896531452087,13.084112149532709,1701
24-25,W,LW,RW,"Accurate lateral passes, %",3.3251468350118394,9.75896531452087,13.084112149532709,1701
24-25,W,LW,RW,Lateral passes per 90,3.3251468350118394,9.75896531452087,13.084112149532709,1701
24-25,W,LW,RW,"Accurate back passes, %",3.3251468350118394,9.75896531452087,13.084112149532709,1701
24-25,W,LW,RW,Back passes per 90,3.3251468350118394,9.75896531452087,13.084112149532709,1701
24-25,W,LW,RW,"Accurate forward passes, %",3.3251468350118394,9.75896531452087,13.084112149532709,1701
24-25,W,LW,RW,Forward passes per 90,3.3251468350118394,9.75896531452087,13.084112149532709,1701
24-25,W,LW,RW,"Accurate passes, %",3.3251468350118394,9.75896531452087,13.084112149532709,1701
24-25,W,LW,RW,Smart passes per 90,3.3251468350118394,9.75896531452087,13.084112149532709,1701
24-25,W,LW,RW,"Accurate smart passes, %",3.3251468350118394,9.75896531452087,13.084112149532709,1701
24-25,W,LW,RW,Key passes per 90,3.3251468350118394,9.75896531452087,13.084112149532709,1701
24-25,W,LW,RW,Progressive passes per 90,3.3251468350118394,9.75896531452087,13.084112149532709,1701
24-25,W,LW,RW,"Direct free kicks on target, %",3.3251468350118394,9.75896531452087,13.084112149532709,1701
24-25,W,LW,RW,Direct free kicks per 90,3.3251468350118394,9.75896531452087,13.084112149532709,1701
24-25,W,LW,RW,Free kicks per 90,3.3251468350118394,9.75896531452087,13.084112149532709,1701
24-25,W,LW,RW,Back passes received as GK per 90,3.3251468350118394,9.75896531452087,13.084112149532709,1701
24-25,W,LW,RW,xG against per 90,3.3251468350118394,9.75896531452087,13.084112149532709,1701
24-25,W,LW,RW,"Accurate progressive passes, %",3.3251468350118394,9.75896531452087,13.084112149532709,1701
24-25,W,LW,RW,Deep completed crosses per 90,3.3251468350118394,9.75896531452087,13.084112149532709,1701
24-25,W,LW,RW,Passes to final third per 90,3.3251468350118394,9.75896531452087,13.084112149532709,1701
24-25,W,LW,RW,Deep completions per 90,3.3251468350118394,9.75896531452087,13.084112149532709,1701
24-25,W,LW,RW,"Accurate through passes, %",3.3251468350118394,9.75896531452087,13.084112149532709,1701
24-25,W,LW,RW,Through passes per 90,3.3251468350118394,9.75896531452087,13.084112149532709,1701
24-25,W,LW,RW,"Accurate passes to penalty area, %",3.3251468350118394,9.75896531452087,13.084112149532709,1701
24-25,W,LW,RW,Passes to penalty area per 90,3.3251468350118394,9.75896531452087,13.084112149532709,1701
24-25,W,LW,RW,"Accurate passes to final third, %",3.3251468350118394,9.75896531452087,13.084112149532709,1701
24-25,W,LW,RW,Passes per 90,3.3251468350118394,9.75896531452087,13.084112149532709,1701
24-25,W,LW,RW,Received long passes per 90,3.3251468350118394,9.75896531452087,13.084112149532709,1701
24-25,W,LW,RW,"Duels won, %",3.3251468350118394,9.75896531452087,13.084112149532709,1701
24-25,W,LW,RW,Received passes per 90,3.3251468350118394,9.75896531452087,13.084112149532709,1701
24-25,W,LW,RW,xG per 90,3.3251468350118394,9.75896531452087,13.084112149532709,1701
24-25,W,LW,RW,Non-penalty goals per 90,3.3251468350118394,9.75896531452087,13.084112149532709,1701
24-25,W,LW,RW,Goals per 90,3.3251468350118394,9.75896531452087,13.084112149532709,1701
24-25,W,LW,RW,Successful attacking actions per 90,3.3251468350118394,9.75896531452087,13.084112149532709,1701
24-25,W,LW,RW,Red cards per 90,3.3251468350118394,9.75896531452087,13.084112149532709,1701
24-25,W,LW,RW,Yellow cards per 90,3.3251468350118394,9.75896531452087,13.084112149532709,1701
24-25,W,LW,RW,Fouls per 90,3.3251468350118394,9.75896531452087,13.084112149532709,1701
24-25,W,LW,RW,Interceptions per 90,3.3251468350118394,9.75896531452087,13.084112149532709,1701
24-25,W,LW,RW,Shots blocked per 90,3.3251468350118394,9.75896531452087,13.084112149532709,1701
24-25,W,LW,RW,Sliding tackles per 90,3.3251468350118394,9.75896531452087,13.084112149532709,1701
24-25,W,LW,RW,"Aerial duels won, %",3.3251468350118394,9.75896531452087,13.084112149532709,1701
24-25,W,LW,RW,Aerial duels per 90,3.3251468350118394,9.75896531452087,13.084112149532709,1701
24-25,W,LW,RW,"Defensive duels won, %",3.3251468350118394,9.75896531452087,13.084112149532709,1701
24-25,W,LW,RW,Defensive duels per 90,3.3251468350118394,9.75896531452087,13.084112149532709,1701
24-25,W,LW,RW,Successful defensive actions per 90,3.3251468350118394,9.75896531452087,13.084112149532709,1701
24-25,W,LW,RW,Head goals per 90,3.3251468350118394,9.75896531452087,13.084112149532709,1701
24-25,W,LW,RW,Shots per 90,3.3251468350118394,9.75896531452087,13.084112149532709,1701
24-25,W,LW,RW,"Shots on target, %",3.3251468350118394,9.75896531452087,13.084112149532709,1701
24-25,W,LW,RW,Dribbles per 90,3.3251468350118394,9.75896531452087,13.084112149532709,1701
24-25,W,LW,RW,Accelerations per 90,3.3251468350118394,9.75896531452087,13.084112149532709,1701
24-25,W,LW,RW,Progressive runs per 90,3.3251468350118394,9.75896531452087,13.084112149532709,1701
24-25,W,LW,RW,Touches in box per 90,3.3251468350118394,9.75896531452087,13.084112149532709,1701
24-25,W,LW,RW,"Offensive duels won, %",3.3251468350118394,9.75896531452087,13.084112149532709,1701
24-25,W,LW,RW,Offensive duels per 90,3.3251468350118394,9.75896531452087,13.084112149532709,1701
24-25,W,LW,RW,"Successful dribbles, %",3.3251468350118394,9.75896531452087,13.084112149532709,1701
24-25,W,LW,RW,Crosses to goalie box per 90,3.3251468350118394,9.75896531452087,13.084112149532709,1701
24-25,W,LW,RW,Assists per 90,3.3251468350118394,9.75896531452087,13.084112149532709,1701
24-25,W,LW,RW,"Accurate crosses from right flank, %",3.3251468350118394,9.75896531452087,13.084112149532709,1701
24-25,W,LW,RW,Crosses from right flank per 90,3.3251468350118394,9.75896531452087,13.084112149532709,1701
24-25,W,LW,RW,"Accurate crosses from left flank, %",3.3251468350118394,9.75896531452087,13.084112149532709,1701
24-25,W,LW,RW,Crosses from left flank per 90,3.3251468350118394,9.75896531452087,13.084112149532709,1701
24-25,W,LW,RW,"Accurate crosses, %",3.3251468350118394,9.75896531452087,13.084112149532709,1701
24-25,W,LW,RW,Crosses per 90,3.3251468350118394,9.75896531452087,13.084112149532709,1701
24-25,W,LW,RW,Corners per 90,3.3251468350118394,9.75896531452087,13.084112149532709,1701
24-25,W,LWF,RW,Duels per 90,1.122015984172025,14.206128133704734,13.084112149532709,359
24-25,W,LWF,RW,Fouls suffered per 90,1.122015984172025,14.206128133704734,13.084112149532709,359
24-25,W,LWF,RW,Third assists per 90,1.122015984172025,14.206128133704734,13.084112149532709,359
24-25,W,LWF,RW,Second assists per 90,1.122015984172025,14.206128133704734,13.084112149532709,359
24-25,W,LWF,RW,Shot assists per 90,1.122015984172025,14.206128133704734,13.084112149532709,359
24-25,W,LWF,RW,xA per 90,1.122015984172025,14.206128133704734,13.084112149532709,359
24-25,W,LWF,RW,"Accurate long passes, %",1.122015984172025,14.206128133704734,13.084112149532709,359
24-25,W,LWF,RW,Long passes per 90,1.122015984172025,14.206128133704734,13.084112149532709,359
24-25,W,LWF,RW,"Accurate short / medium passes, %",1.122015984172025,14.206128133704734,13.084112149532709,359
24-25,W,LWF,RW,Short / medium passes per 90,1.122015984172025,14.206128133704734,13.084112149532709,359
24-25,W,LWF,RW,"Accurate lateral passes, %",1.122015984172025,14.206128133704734,13.084112149532709,359
24-25,W,LWF,RW,Lateral passes per 90,1.122015984172025,14.206128133704734,13.084112149532709,359
24-25,W,LWF,RW,"Accurate back passes, %",1.122015984172025,14.206128133704734,13.084112149532709,359
24-25,W,LWF,RW,Back passes per 90,1.122015984172025,14.206128133704734,13.084112149532709,359
24-25,W,LWF,RW,"Accurate forward passes, %",1.122015984172025,14.206128133704734,13.084112149532709,359
24-25,W,LWF,RW,Forward passes per 90,1.122015984172025,14.206128133704734,13.084112149532709,359
24-25,W,LWF,RW,"Accurate passes, %",1.122015984172025,14.206128133704734,13.084112149532709,359
24-25,W,LWF,RW,Smart passes per 90,1.122015984172025,14.206128133704734,13.084112149532709,359
24-25,W,LWF,RW,"Accurate smart passes, %",1.122015984172025,14.206128133704734,13.084112149532709,359
24-25,W,LWF,RW,Key passes per 90,1.122015984172025,14.206128133704734,13.084112149532709,359
24-25,W,LWF,RW,Progressive passes per 90,1.122015984172025,14.206128133704734,13.084112149532709,359
24-25,W,LWF,RW,"Direct free kicks on target, %",1.122015984172025,14.206128133704734,13.084112149532709,359
24-25,W,LWF,RW,Direct free kicks per 90,1.122015984172025,14.206128133704734,13.084112149532709,359
24-25,W,LWF,RW,Free kicks per 90,1.122015984172025,14.206128133704734,13.084112149532709,359
24-25,W,LWF,RW,Back passes received as GK per 90,1.122015984172025,14.206128133704734,13.084112149532709,359
24-25,W,LWF,RW,xG against per 90,1.122015984172025,14.206128133704734,13.084112149532709,359
24-25,W,LWF,RW,"Accurate progressive passes, %",1.122015984172025,14.206128133704734,13.084112149532709,359
24-25,W,LWF,RW,Deep completed crosses per 90,1.122015984172025,14.206128133704734,13.084112149532709,359
24-25,W,LWF,RW,Passes to final third per 90,1.122015984172025,14.206128133704734,13.084112149532709,359
24-25,W,LWF,RW,Deep completions per 90,1.122015984172025,14.206128133704734,13.084112149532709,359
24-25,W,LWF,RW,"Accurate through passes, %",1.122015984172025,14.206128133704734,13.084112149532709,359
24-25,W,LWF,RW,Through passes per 90,1.122015984172025,14.206128133704734,13.084112149532709,359
24-25,W,LWF,RW,"Accurate passes to penalty area, %",1.122015984172025,14.206128133704734,13.084112149532709,359
24-25,W,LWF,RW,Passes to penalty area per 90,1.122015984172025,14.206128133704734,13.084112149532709,359
24-25,W,LWF,RW,"Accurate passes to final third, %",1.122015984172025,14.206128133704734,13.084112149532709,359
24-25,W,LWF,RW,Passes per 90,1.122015984172025,14.206128133704734,13.084112149532709,359
24-25,W,LWF,RW,Received long passes per 90,1.122015984172025,14.206128133704734,13.084112149532709,359
24-25,W,LWF,RW,"Duels won, %",1.122015984172025,14.206128133704734,13.084112149532709,359
24-25,W,LWF,RW,Received passes per 90,1.122015984172025,14.206128133704734,13.084112149532709,359
24-25,W,LWF,RW,xG per 90,1.122015984172025,14.206128133704734,13.084112149532709,359
24-25,W,LWF,RW,Non-penalty goals per 90,1.122015984172025,14.206128133704734,13.084112149532709,359
24-25,W,LWF,RW,Goals per 90,1.122015984172025,14.206128133704734,13.084112149532709,359
24-25,W,LWF,RW,Successful attacking actions per 90,1.122015984172025,14.206128133704734,13.084112149532709,359
24-25,W,LWF,RW,Red cards per 90,1.122015984172025,14.206128133704734,13.084112149532709,359
24-25,W,LWF,RW,Yellow cards per 90,1.122015984172025,14.206128133704734,13.084112149532709,359
24-25,W,LWF,RW,Fouls per 90,1.122015984172025,14.206128133704734,13.084112149532709,359
24-25,W,LWF,RW,Interceptions per 90,1.122015984172025,14.206128133704734,13.084112149532709,359
24-25,W,LWF,RW,Shots blocked per 90,1.122015984172025,14.206128133704734,13.084112149532709,359
24-25,W,LWF,RW,Sliding tackles per 90,1.122015984172025,14.206128133704734,13.084112149532709,359
24-25,W,LWF,RW,"Aerial duels won, %",1.122015984172025,14.206128133704734,13.084112149532709,359
24-25,W,LWF,RW,Aerial duels per 90,1.122015984172025,14.206128133704734,13.084112149532709,359
24-25,W,LWF,RW,"Defensive duels won, %",1.122015984172025,14.206128133704734,13.084112149532709,359
24-25,W,LWF,RW,Defensive duels per 90,1.122015984172025,14.206128133704734,13.084112149532709,359
24-25,W,LWF,RW,Successful defensive actions per 90,1.122015984172025,14.206128133704734,13.084112149532709,359
24-25,W,LWF,RW,Head goals per 90,1.122015984172025,14.206128133704734,13.084112149532709,359
24-25,W,LWF,RW,Shots per 90,1.122015984172025,14.206128133704734,13.084112149532709,359
24-25,W,LWF,RW,"Shots on target, %",1.122015984172025,14.206128133704734,13.084112149532709,359
24-25,W,LWF,RW,Dribbles per 90,1.122015984172025,14.206128133704734,13.084112149532709,359
24-25,W,LWF,RW,Accelerations per 90,1.122015984172025,14.206128133704734,13.084112149532709,359
24-25,W,LWF,RW,Progressive runs per 90,1.122015984172025,14.206128133704734,13.084112149532709,359
24-25,W,LWF,RW,Touches in box per 90,1.122015984172025,14.206128133704734,13.084112149532709,359
24-25,W,LWF,RW,"Offensive duels won, %",1.122015984172025,14.206128133704734,13.084112149532709,359
24-25,W,LWF,RW,Offensive duels per 90,1.122015984172025,14.206128133704734,13.084112149532709,359
24-25,W,LWF,RW,"Successful dribbles, %",1.122015984172025,14.206128133704734,13.084112149532709,359
24-25,W,LWF,RW,Crosses to goalie box per 90,1.122015984172025,14.206128133704734,13.084112149532709,359
24-25,W,LWF,RW,Assists per 90,1.122015984172025,14.206128133704734,13.084112149532709,359
24-25,W,LWF,RW,"Accurate crosses from right flank, %",1.122015984172025,14.206128133704734,13.084112149532709,359
24-25,W,LWF,RW,Crosses from right flank per 90,1.122015984172025,14.206128133704734,13.084112149532709,359
24-25,W,LWF,RW,"Accurate crosses from left flank, %",1.122015984172025,14.206128133704734,13.084112149532709,359
24-25,W,LWF,RW,Crosses from left flank per 90,1.122015984172025,14.206128133704734,13.084112149532709,359
24-25,W,LWF,RW,"Accurate crosses, %",1.122015984172025,14.206128133704734,13.084112149532709,359
24-25,W,LWF,RW,Crosses per 90,1.122015984172025,14.206128133704734,13.084112149532709,359
24-25,W,LWF,RW,Corners per 90,1.122015984172025,14.206128133704734,13.084112149532709,359
24-25,W,LAMF,RW,Duels per 90,2.4767554343915634,10.607356715141146,13.084112149532709,1169
24-25,W,LAMF,RW,Fouls suffered per 90,2.4767554343915634,10.607356715141146,13.084112149532709,1169
24-25,W,LAMF,RW,Third assists per 90,2.4767554343915634,10.607356715141146,13.084112149532709,1169
24-25,W,LAMF,RW,Second assists per 90,2.4767554343915634,10.607356715141146,13.084112149532709,1169
24-25,W,LAMF,RW,Shot assists per 90,2.4767554343915634,10.607356715141146,13.084112149532709,1169
24-25,W,LAMF,RW,xA per 90,2.4767554343915634,10.607356715141146,13.084112149532709,1169
24-25,W,LAMF,RW,"Accurate long passes, %",2.4767554343915634,10.607356715141146,13.084112149532709,1169
24-25,W,LAMF,RW,Long passes per 90,2.4767554343915634,10.607356715141146,13.084112149532709,1169
24-25,W,LAMF,RW,"Accurate short / medium passes, %",2.4767554343915634,10.607356715141146,13.084112149532709,1169
24-25,W,LAMF,RW,Short / medium passes per 90,2.4767554343915634,10.607356715141146,13.084112149532709,1169
24-25,W,LAMF,RW,"Accurate lateral passes, %",2.4767554343915634,10.607356715141146,13.084112149532709,1169
24-25,W,LAMF,RW,Lateral passes per 90,2.4767554343915634,10.607356715141146,13.084112149532709,1169
24-25,W,LAMF,RW,"Accurate back passes, %",2.4767554343915634,10.607356715141146,13.084112149532709,1169
24-25,W,LAMF,RW,Back passes per 90,2.4767554343915634,10.607356715141146,13.084112149532709,1169
24-25,W,LAMF,RW,"Accurate forward passes, %",2.4767554343915634,10.607356715141146,13.084112149532709,1169
24-25,W,LAMF,RW,Forward passes per 90,2.4767554343915634,10.607356715141146,13.084112149532709,1169
24-25,W,LAMF,RW,"Accurate passes, %",2.4767554343915634,10.607356715141146,13.084112149532709,1169
24-25,W,LAMF,RW,Smart passes per 90,2.4767554343915634,10.607356715141146,13.084112149532709,1169
24-25,W,LAMF,RW,"Accurate smart passes, %",2.4767554343915634,10.607356715141146,13.084112149532709,1169
24-25,W,LAMF,RW,Key passes per 90,2.4767554343915634,10.607356715141146,13.084112149532709,1169
24-25,W,LAMF,RW,Progressive passes per 90,2.4767554343915634,10.607356715141146,13.084112149532709,1169
24-25,W,LAMF,RW,"Direct free kicks on target, %",2.4767554343915634,10.607356715141146,13.084112149532709,1169
24-25,W,LAMF,RW,Direct free kicks per 90,2.4767554343915634,10.607356715141146,13.084112149532709,1169
24-25,W,LAMF,RW,Free kicks per 90,2.4767554343915634,10.607356715141146,13.084112149532709,1169
24-25,W,LAMF,RW,Back passes received as GK per 90,2.4767554343915634,10.607356715141146,13.084112149532709,1169
24-25,W,LAMF,RW,xG against per 90,2.4767554343915634,10.607356715141146,13.084112149532709,1169
24-25,W,LAMF,RW,"Accurate progressive passes, %",2.4767554343915634,10.607356715141146,13.084112149532709,1169
24-25,W,LAMF,RW,Deep completed crosses per 90,2.4767554343915634,10.607356715141146,13.084112149532709,1169
24-25,W,LAMF,RW,Passes to final third per 90,2.4767554343915634,10.607356715141146,13.084112149532709,1169
24-25,W,LAMF,RW,Deep completions per 90,2.4767554343915634,10.607356715141146,13.084112149532709,1169
24-25,W,LAMF,RW,"Accurate through passes, %",2.4767554343915634,10.607356715141146,13.084112149532709,1169
24-25,W,LAMF,RW,Through passes per 90,2.4767554343915634,10.607356715141146,13.084112149532709,1169
24-25,W,LAMF,RW,"Accurate passes to penalty area, %",2.4767554343915634,10.607356715141146,13.084112149532709,1169
24-25,W,LAMF,RW,Passes to penalty area per 90,2.4767554343915634,10.607356715141146,13.084112149532709,1169
24-25,W,LAMF,RW,"Accurate passes to final third, %",2.4767554343915634,10.607356715141146,13.084112149532709,1169
24-25,W,LAMF,RW,Passes per 90,2.4767554343915634,10.607356715141146,13.084112149532709,1169
24-25,W,LAMF,RW,Received long passes per 90,2.4767554343915634,10.607356715141146,13.084112149532709,1169
24-25,W,LAMF,RW,"Duels won, %",2.4767554343915634,10.607356715141146,13.084112149532709,1169
24-25,W,LAMF,RW,Received passes per 90,2.4767554343915634,10.607356715141146,13.084112149532709,1169
24-25,W,LAMF,RW,xG per 90,2.4767554343915634,10.607356715141146,13.084112149532709,1169
24-25,W,LAMF,RW,Non-penalty goals per 90,2.4767554343915634,10.607356715141146,13.084112149532709,1169
24-25,W,LAMF,RW,Goals per 90,2.4767554343915634,10.607356715141146,13.084112149532709,1169
24-25,W,LAMF,RW,Successful attacking actions per 90,2.4767554343915634,10.607356715141146,13.084112149532709,1169
24-25,W,LAMF,RW,Red cards per 90,2.4767554343915634,10.607356715141146,13.084112149532709,1169
24-25,W,LAMF,RW,Yellow cards per 90,2.4767554343915634,10.607356715141146,13.084112149532709,1169
24-25,W,LAMF,RW,Fouls per 90,2.4767554343915634,10.607356715141146,13.084112149532709,1169
24-25,W,LAMF,RW,Interceptions per 90,2.4767554343915634,10.607356715141146,13.084112149532709,1169
24-25,W,LAMF,RW,Shots blocked per 90,2.4767554343915634,10.607356715141146,13.084112149532709,1169
24-25,W,LAMF,RW,Sliding tackles per 90,2.4767554343915634,10.607356715141146,13.084112149532709,1169
24-25,W,LAMF,RW,"Aerial duels won, %",2.4767554343915634,10.607356715141146,13.084112149532709,1169
24-25,W,LAMF,RW,Aerial duels per 90,2.4767554343915634,10.607356715141146,13.084112149532709,1169
24-25,W,LAMF,RW,"Defensive duels won, %",2.4767554343915634,10.607356715141146,13.084112149532709,1169
24-25,W,LAMF,RW,Defensive duels per 90,2.4767554343915634,10.607356715141146,13.084112149532709,1169
24-25,W,LAMF,RW,Successful defensive actions per 90,2.4767554343915634,10.607356715141146,13.084112149532709,1169
24-25,W,LAMF,RW,Head goals per 90,2.4767554343915634,10.607356715141146,13.084112149532709,1169
24-25,W,LAMF,RW,Shots per 90,2.4767554343915634,10.607356715141146,13.084112149532709,1169
24-25,W,LAMF,RW,"Shots on target, %",2.4767554343915634,10.607356715141146,13.084112149532709,1169
24-25,W,LAMF,RW,Dribbles per 90,2.4767554343915634,10.607356715141146,13.084112149532709,1169
24-25,W,LAMF,RW,Accelerations per 90,2.4767554343915634,10.607356715141146,13.084112149532709,1169
24-25,W,LAMF,RW,Progressive runs per 90,2.4767554343915634,10.607356715141146,13.084112149532709,1169
24-25,W,LAMF,RW,Touches in box per 90,2.4767554343915634,10.607356715141146,13.084112149532709,1169
24-25,W,LAMF,RW,"Offensive duels won, %",2.4767554343915634,10.607356715141146,13.084112149532709,1169
24-25,W,LAMF,RW,Offensive duels per 90,2.4767554343915634,10.607356715141146,13.084112149532709,1169
24-25,W,LAMF,RW,"Successful dribbles, %",2.4767554343915634,10.607356715141146,13.084112149532709,1169
24-25,W,LAMF,RW,Crosses to goalie box per 90,2.4767554343915634,10.607356715141146,13.084112149532709,1169
24-25,W,LAMF,RW,Assists per 90,2.4767554343915634,10.607356715141146,13.084112149532709,1169
24-25,W,LAMF,RW,"Accurate crosses from right flank, %",2.4767554343915634,10.607356715141146,13.084112149532709,1169
24-25,W,LAMF,RW,Crosses from right flank per 90,2.4767554343915634,10.607356715141146,13.084112149532709,1169
24-25,W,LAMF,RW,"Accurate crosses from left flank, %",2.4767554343915634,10.607356715141146,13.084112149532709,1169
24-25,W,LAMF,RW,Crosses from left flank per 90,2.4767554343915634,10.607356715141146,13.084112149532709,1169
24-25,W,LAMF,RW,"Accurate crosses, %",2.4767554343915634,10.607356715141146,13.084112149532709,1169
24-25,W,LAMF,RW,Crosses per 90,2.4767554343915634,10.607356715141146,13.084112149532709,1169
24-25,W,LAMF,RW,Corners per 90,2.4767554343915634,10.607356715141146,13.084112149532709,1169
24-25,W,RAMF,RW,Duels per 90,3.917445482866043,9.166666666666666,13.084112149532709,1200
24-25,W,RAMF,RW,Fouls suffered per 90,3.917445482866043,9.166666666666666,13.084112149532709,1200
24-25,W,RAMF,RW,Third assists per 90,3.917445482866043,9.166666666666666,13.084112149532709,1200
24-25,W,RAMF,RW,Second assists per 90,3.917445482866043,9.166666666666666,13.084112149532709,1200
24-25,W,RAMF,RW,Shot assists per 90,3.917445482866043,9.166666666666666,13.084112149532709,1200
24-25,W,RAMF,RW,xA per 90,3.917445482866043,9.166666666666666,13.084112149532709,1200
24-25,W,RAMF,RW,"Accurate long passes, %",3.917445482866043,9.166666666666666,13.084112149532709,1200
24-25,W,RAMF,RW,Long passes per 90,3.917445482866043,9.166666666666666,13.084112149532709,1200
24-25,W,RAMF,RW,"Accurate short / medium passes, %",3.917445482866043,9.166666666666666,13.084112149532709,1200
24-25,W,RAMF,RW,Short / medium passes per 90,3.917445482866043,9.166666666666666,13.084112149532709,1200
24-25,W,RAMF,RW,"Accurate lateral passes, %",3.917445482866043,9.166666666666666,13.084112149532709,1200
24-25,W,RAMF,RW,Lateral passes per 90,3.917445482866043,9.166666666666666,13.084112149532709,1200
24-25,W,RAMF,RW,"Accurate back passes, %",3.917445482866043,9.166666666666666,13.084112149532709,1200
24-25,W,RAMF,RW,Back passes per 90,3.917445482866043,9.166666666666666,13.084112149532709,1200
24-25,W,RAMF,RW,"Accurate forward passes, %",3.917445482866043,9.166666666666666,13.084112149532709,1200
24-25,W,RAMF,RW,Forward passes per 90,3.917445482866043,9.166666666666666,13.084112149532709,1200
24-25,W,RAMF,RW,"Accurate passes, %",3.917445482866043,9.166666666666666,13.084112149532709,1200
24-25,W,RAMF,RW,Smart passes per 90,3.917445482866043,9.166666666666666,13.084112149532709,1200
24-25,W,RAMF,RW,"Accurate smart passes, %",3.917445482866043,9.166666666666666,13.084112149532709,1200
24-25,W,RAMF,RW,Key passes per 90,3.917445482866043,9.166666666666666,13.084112149532709,1200
24-25,W,RAMF,RW,Progressive passes per 90,3.917445482866043,9.166666666666666,13.084112149532709,1200
24-25,W,RAMF,RW,"Direct free kicks on target, %",3.917445482866043,9.166666666666666,13.084112149532709,1200
24-25,W,RAMF,RW,Direct free kicks per 90,3.917445482866043,9.166666666666666,13.084112149532709,1200
24-25,W,RAMF,RW,Free kicks per 90,3.917445482866043,9.166666666666666,13.084112149532709,1200
24-25,W,RAMF,RW,Back passes received as GK per 90,3.917445482866043,9.166666666666666,13.084112149532709,1200
24-25,W,RAMF,RW,xG against per 90,3.917445482866043,9.166666666666666,13.084112149532709,1200
24-25,W,RAMF,RW,"Accurate progressive passes, %",3.917445482866043,9.166666666666666,13.084112149532709,1200
24-25,W,RAMF,RW,Deep completed crosses per 90,3.917445482866043,9.166666666666666,13.084112149532709,1200
24-25,W,RAMF,RW,Passes to final third per 90,3.917445482866043,9.166666666666666,13.084112149532709,1200
24-25,W,RAMF,RW,Deep completions per 90,3.917445482866043,9.166666666666666,13.084112149532709,1200
24-25,W,RAMF,RW,"Accurate through passes, %",3.917445482866043,9.166666666666666,13.084112149532709,1200
24-25,W,RAMF,RW,Through passes per 90,3.917445482866043,9.166666666666666,13.084112149532709,1200
24-25,W,RAMF,RW,"Accurate passes to penalty area, %",3.917445482866043,9.166666666666666,13.084112149532709,1200
24-25,W,RAMF,RW,Passes to penalty area per 90,3.917445482866043,9.166666666666666,13.084112149532709,1200
24-25,W,RAMF,RW,"Accurate passes to final third, %",3.917445482866043,9.166666666666666,13.084112149532709,1200
24-25,W,RAMF,RW,Passes per 90,3.917445482866043,9.166666666666666,13.084112149532709,1200
24-25,W,RAMF,RW,Received long passes per 90,3.917445482866043,9.166666666666666,13.084112149532709,1200
24-25,W,RAMF,RW,"Duels won, %",3.917445482866043,9.166666666666666,13.084112149532709,1200
24-25,W,RAMF,RW,Received passes per 90,3.917445482866043,9.166666666666666,13.084112149532709,1200
24-25,W,RAMF,RW,xG per 90,3.917445482866043,9.166666666666666,13.084112149532709,1200
24-25,W,RAMF,RW,Non-penalty goals per 90,3.917445482866043,9.166666666666666,13.084112149532709,1200
24-25,W,RAMF,RW,Goals per 90,3.917445482866043,9.166666666666666,13.084112149532709,1200
24-25,W,RAMF,RW,Successful attacking actions per 90,3.917445482866043,9.166666666666666,13.084112149532709,1200
24-25,W,RAMF,RW,Red cards per 90,3.917445482866043,9.166666666666666,13.084112149532709,1200
24-25,W,RAMF,RW,Yellow cards per 90,3.917445482866043,9.166666666666666,13.084112149532709,1200
24-25,W,RAMF,RW,Fouls per 90,3.917445482866043,9.166666666666666,13.084112149532709,1200
24-25,W,RAMF,RW,Interceptions per 90,3.917445482866043,9.166666666666666,13.084112149532709,1200
24-25,W,RAMF,RW,Shots blocked per 90,3.917445482866043,9.166666666666666,13.084112149532709,1200
24-25,W,RAMF,RW,Sliding tackles per 90,3.917445482866043,9.166666666666666,13.084112149532709,1200
24-25,W,RAMF,RW,"Aerial duels won, %",3.917445482866043,9.166666666666666,13.084112149532709,1200
24-25,W,RAMF,RW,Aerial duels per 90,3.917445482866043,9.166666666666666,13.084112149532709,1200
24-25,W,RAMF,RW,"Defensive duels won, %",3.917445482866043,9.166666666666666,13.084112149532709,1200
24-25,W,RAMF,RW,Defensive duels per 90,3.917445482866043,9.166666666666666,13.084112149532709,1200
24-25,W,RAMF,RW,Successful defensive actions per 90,3.917445482866043,9.166666666666666,13.084112149532709,1200
24-25,W,RAMF,RW,Head goals per 90,3.917445482866043,9.166666666666666,13.084112149532709,1200
24-25,W,RAMF,RW,Shots per 90,3.917445482866043,9.166666666666666,13.084112149532709,1200
24-25,W,RAMF,RW,"Shots on target, %",3.917445482866043,9.166666666666666,13.084112149532709,1200
24-25,W,RAMF,RW,Dribbles per 90,3.917445482866043,9.166666666666666,13.084112149532709,1200
24-25,W,RAMF,RW,Accelerations per 90,3.917445482866043,9.166666666666666,13.084112149532709,1200
24-25,W,RAMF,RW,Progressive runs per 90,3.917445482866043,9.166666666666666,13.084112149532709,1200
24-25,W,RAMF,RW,Touches in box per 90,3.917445482866043,9.166666666666666,13.084112149532709,1200
24-25,W,RAMF,RW,"Offensive duels won, %",3.917445482866043,9.166666666666666,13.084112149532709,1200
24-25,W,RAMF,RW,Offensive duels per 90,3.917445482866043,9.166666666666666,13.084112149532709,1200
24-25,W,RAMF,RW,"Successful dribbles, %",3.917445482866043,9.166666666666666,13.084112149532709,1200
24-25,W,RAMF,RW,Crosses to goalie box per 90,3.917445482866043,9.166666666666666,13.084112149532709,1200
24-25,W,RAMF,RW,Assists per 90,3.917445482866043,9.166666666666666,13.084112149532709,1200
24-25,W,RAMF,RW,"Accurate crosses from right flank, %",3.917445482866043,9.166666666666666,13.084112149532709,1200
24-25,W,RAMF,RW,Crosses from right flank per 90,3.917445482866043,9.166666666666666,13.084112149532709,1200
24-25,W,RAMF,RW,"Accurate crosses from left flank, %",3.917445482866043,9.166666666666666,13.084112149532709,1200
24-25,W,RAMF,RW,Crosses from left flank per 90,3.917445482866043,9.166666666666666,13.084112149532709,1200
24-25,W,RAMF,RW,"Accurate crosses, %",3.917445482866043,9.166666666666666,13.084112149532709,1200
24-25,W,RAMF,RW,Crosses per 90,3.917445482866043,9.166666666666666,13.084112149532709,1200
24-25,W,RAMF,RW,Corners per 90,3.917445482866043,9.166666666666666,13.084112149532709,1200
