Player,Team,Team within selected timeframe,Position,Age,Market value,Contract expires,Matches played,Minutes played,Goals,xG,Assists,xA,Duels per 90,"Duels won, %",Birth country,Passport country,Foot,Height,Weight,On loan,Successful defensive actions per 90,Defensive duels per 90,"Defensive duels won, %",Aerial duels per 90,"Aerial duels won, %",Sliding tackles per 90,PAdj Sliding tackles,Shots blocked per 90,Interceptions per 90,PAdj Interceptions,Fouls per 90,Yellow cards,Yellow cards per 90,Red cards,Red cards per 90,Successful attacking actions per 90,Goals per 90,Non-penalty goals,Non-penalty goals per 90,xG per 90,Head goals,Head goals per 90,Shots,Shots per 90,"Shots on target, %","Goal conversion, %",Assists per 90,Crosses per 90,"Accurate crosses, %",Crosses from left flank per 90,"Accurate crosses from left flank, %",Crosses from right flank per 90,"Accurate crosses from right flank, %",Crosses to goalie box per 90,Dribbles per 90,"Successful dribbles, %",Offensive duels per 90,"Offensive duels won, %",Touches in box per 90,Progressive runs per 90,Accelerations per 90,Received passes per 90,Received long passes per 90,Fouls suffered per 90,Passes per 90,"Accurate passes, %",Forward passes per 90,"Accurate forward passes, %",Back passes per 90,"Accurate back passes, %",Lateral passes per 90,"Accurate lateral passes, %",Short / medium passes per 90,"Accurate short / medium passes, %",Long passes per 90,"Accurate long passes, %","Average pass length, m","Average long pass length, m",xA per 90,Shot assists per 90,Second assists per 90,Third assists per 90,Smart passes per 90,"Accurate smart passes, %",Key passes per 90,Passes to final third per 90,"Accurate passes to final third, %",Passes to penalty area per 90,"Accurate passes to penalty area, %",Through passes per 90,"Accurate through passes, %",Deep completions per 90,Deep completed crosses per 90,Progressive passes per 90,"Accurate progressive passes, %",Conceded goals,Conceded goals per 90,Shots against,Shots against per 90,Clean sheets,"Save rate, %",xG against,xG against per 90,Prevented goals,Prevented goals per 90,Back passes received as GK per 90,Exits per 90,Aerial duels per 90.1,Free kicks per 90,Direct free kicks per 90,"Direct free kicks on target, %",Corners per 90,Penalties taken,"Penalty conversion, %"
R. Hranáč,Hoffenheim,Tatran Liptovský Mikuláš,"RCB, LCB",26,5000000,2028-06-30,18,1679,1,1.79,0,0.31,16.03,60.54,Czech Republic,Czech Republic,right,190,77,no,12.6,6.86,67.19,4.61,53.49,0.43,0.51,0.96,7.56,8.91,0.96,2,0.11,1,0.05,0.59,0.05,1,0.05,0.1,1,0.05,8,0.43,50.0,12.5,0.0,0.0,0.0,0.0,0.0,0.0,0.0,0.0,0.43,87.5,1.39,61.54,0.7,0.59,0.21,18.76,0.21,0.32,34.68,84.23,15.28,73.33,1.66,93.55,15.12,94.68,27.77,90.73,6.91,58.14,23.5,37.95,0.02,0.11,0.0,0.0,0.0,0.0,0.05,3.86,55.56,0.32,0.0,0.32,16.67,0.05,0.0,6.65,63.71,0,,0,,0,0.0,0.0,0.0,,,1.07,,,0.0,0.0,0.0,0.0,0,0
A. Schäfer,Union Berlin,DAC,"LCMF, RCMF",27,5000000,2027-06-30,17,1577,3,3.57,1,1.19,23.91,50.6,Hungary,Hungary,right,178,72,no,8.73,7.08,56.45,2.45,55.81,0.68,1.07,0.29,4.05,6.34,1.37,3,0.17,0,0.0,4.39,0.17,3,0.17,0.2,0,0.0,42,2.4,30.95,7.143,0.06,1.37,29.17,0.57,40.0,0.74,23.08,0.23,5.36,58.51,9.93,48.28,2.34,2.63,0.86,34.76,0.8,1.71,49.88,87.64,12.5,71.69,9.36,94.51,17.98,91.75,45.88,90.17,2.74,70.83,16.7,39.68,0.07,0.8,0.0,0.0,0.46,25.0,0.51,6.11,83.18,2.68,59.57,0.34,33.33,1.31,0.4,4.91,77.91,0,,0,,0,0.0,0.0,0.0,,,0.4,,,0.06,0.06,0.0,0.74,0,0
D. Strelec,Middlesbrough,Slovan Bratislava,CF,25,2800000,2030-06-30,4,308,0,1.29,0,0.11,17.82,36.07,Slovakia,Slovakia,left,185,73,no,2.05,1.17,75.0,3.21,45.45,0.0,0.0,0.0,1.17,1.69,0.29,0,0.0,0,0.0,1.75,0.0,0,0.0,0.38,0,0.0,9,2.63,11.11,0.0,0.0,0.58,0.0,0.29,0.0,0.29,0.0,0.0,3.51,41.67,8.77,40.0,3.51,2.05,1.46,12.56,0.58,0.88,18.7,70.31,7.01,50.0,3.8,100.0,3.51,66.67,16.36,76.79,1.75,33.33,17.19,38.64,0.03,0.29,0.0,0.0,1.17,0.0,0.0,4.09,35.71,1.46,60.0,1.17,0.0,0.88,0.0,2.63,66.67,0,,0,,0,0.0,0.0,0.0,,,0.0,,,0.29,0.29,0.0,0.0,0,0
M. Divković,Brøndby,DAC,"RAMF, CF, RW",27,2000000,2028-06-30,6,518,0,1.04,1,1.81,20.68,47.06,Croatia,Croatia,left,181,74,no,4.86,3.65,61.9,0.87,0.0,0.52,0.9,0.0,2.08,3.6,0.52,1,0.17,0,0.0,7.12,0.0,0,0.0,0.18,0,0.0,13,2.26,23.08,0.0,0.17,3.82,36.36,0.35,100.0,3.3,31.58,0.52,7.99,65.22,14.77,48.24,3.47,2.26,0.69,20.33,1.56,1.22,30.93,75.84,5.73,72.73,7.99,91.3,9.56,72.73,23.8,85.4,3.47,50.0,18.91,40.63,0.32,1.39,0.0,0.0,0.35,0.0,0.35,2.78,62.5,2.61,53.33,1.04,0.0,0.69,1.22,3.47,90.0,0,,0,,0,0.0,0.0,0.0,,,0.0,,,1.04,0.17,0.0,0.87,0,0
A. Kaprálik,Holstein Kiel,Žilina,"RW, RWF, CF",24,1500000,2029-06-30,25,1491,3,4.89,1,2.02,29.22,38.02,Slovakia,Slovakia,right,175,63,no,6.58,7.18,50.42,3.14,25.0,0.91,1.31,0.0,2.05,2.97,2.11,1,0.06,0,0.0,4.89,0.18,4,0.24,0.29,2,0.12,35,2.11,25.71,11.429,0.06,2.35,20.51,0.18,33.33,2.17,19.44,0.12,7.61,49.21,13.82,35.81,3.8,2.41,1.15,13.46,2.23,1.81,16.24,72.86,3.02,60.0,3.32,94.55,4.89,69.14,13.46,82.96,0.66,27.27,17.61,17.11,0.12,0.91,0.0,0.0,0.3,40.0,0.42,1.27,52.38,1.63,44.44,0.18,0.0,0.66,0.6,1.93,90.63,0,,0,,0,0.0,0.0,0.0,,,0.0,,,0.0,0.0,0.0,0.0,0,0
T. Verlinden,OH Leuven,DAC,"LW, RW",26,1300000,2028-06-30,16,893,1,2.16,3,1.99,23.28,53.25,Belgium,"Belgium, France",right,174,69,no,5.54,5.74,57.89,0.81,25.0,0.1,0.13,0.1,2.12,2.81,1.01,1,0.1,0,0.0,9.47,0.1,1,0.1,0.22,0,0.0,27,2.72,22.22,3.704,0.3,6.25,30.65,4.54,28.89,1.71,35.29,0.91,9.68,70.83,14.61,55.86,3.43,2.82,1.31,16.02,1.11,0.5,26.41,65.27,7.16,54.93,5.95,93.22,8.97,64.04,17.94,80.34,2.92,41.38,24.71,30.43,0.2,1.01,0.0,0.2,0.2,50.0,0.71,2.02,65.0,4.33,39.53,0.3,33.33,0.5,1.21,5.44,66.67,0,,0,,0,0.0,0.0,0.0,,,0.0,,,0.1,0.1,0.0,0.91,0,0
M. Sauer,Toulouse,Žilina,"LCMF, RCMF",22,1300000,2028-06-30,10,555,1,1.38,0,0.17,12.97,46.25,Slovakia,Slovakia,right,180,60,no,7.95,6.49,62.5,1.3,12.5,0.16,0.23,0.0,3.73,5.35,0.65,0,0.0,0,0.0,1.3,0.16,1,0.16,0.22,0,0.0,15,2.43,26.67,6.667,0.0,0.81,0.0,0.32,0.0,0.49,0.0,0.16,1.62,40.0,3.08,36.84,3.89,1.14,1.14,20.76,0.97,0.81,27.57,72.35,11.35,58.57,4.86,93.33,6.81,76.19,24.97,75.32,1.78,63.64,17.64,27.44,0.03,0.97,0.0,0.0,1.14,0.0,0.16,4.86,63.33,1.78,36.36,0.81,0.0,0.97,0.0,4.22,73.08,0,,0,,0,0.0,0.0,0.0,,,0.16,,,0.0,0.0,0.0,0.0,0,0
L. Belko,Viking,Žilina,GK,24,1300000,2029-12-31,19,1802,0,0.0,0,0.0,0.7,78.57,Slovakia,Slovakia,right,189,80,no,2.1,0.0,0.0,0.3,100.0,0.0,0.0,0.0,2.1,3.11,0.0,0,0.0,0,0.0,0.0,0.0,0,0.0,0.0,0,0.0,0,0.0,0.0,0.0,0.0,0.0,0.0,0.0,0.0,0.0,0.0,0.0,0.1,0.0,0.35,71.43,0.0,0.0,0.0,19.48,0.6,0.3,27.07,85.61,15.38,76.95,0.05,100.0,10.54,97.16,18.53,97.57,8.44,59.76,31.16,52.58,0.0,0.0,0.0,0.0,0.0,0.0,0.0,2.85,38.6,0.6,16.67,0.3,16.67,0.1,0.0,5.29,74.53,32,1.6,113,5.64,1,71.68,38.11,1.9,6.11,0.305,0.05,1.5,0.3,,,,0.0,0,0
C. Blackman,Slovan Bratislava,DAC,RB,28,1200000,2028-06-30,18,1519,0,0.84,0,1.96,23.58,53.27,Panama,Panama,right,174,70,no,10.61,9.89,63.47,1.36,60.87,0.41,0.58,0.12,3.91,5.47,1.24,2,0.12,0,0.0,4.03,0.0,0,0.0,0.05,0,0.0,10,0.59,50.0,0.0,0.0,2.43,34.15,0.0,0.0,2.37,35.0,0.18,5.33,52.22,9.42,48.43,1.3,2.67,0.89,25.71,2.55,2.25,36.08,79.64,13.81,73.82,5.75,95.88,9.54,77.02,31.05,86.45,2.73,41.3,18.11,30.37,0.12,0.77,0.06,0.0,0.18,66.67,0.36,4.56,66.23,2.13,47.22,0.3,20.0,0.65,0.77,7.76,74.05,0,,0,,0,0.0,0.0,0.0,,,1.07,,,0.0,0.0,0.0,0.0,0,0
H. Ravas,Cracovia Kraków,Senica,GK,29,1200000,2028-06-30,24,2252,0,0.0,0,0.0,0.56,64.29,Slovakia,Slovakia,right,195,87,no,2.04,0.08,0.0,0.24,100.0,0.0,0.0,0.0,2.04,2.3,0.0,1,0.04,0,0.0,0.0,0.0,0,0.0,0.0,0,0.0,0,0.0,0.0,0.0,0.0,0.0,0.0,0.0,0.0,0.0,0.0,0.0,0.0,0.0,0.12,33.33,0.04,0.0,0.0,7.91,0.12,0.12,17.18,76.74,11.87,69.7,0.08,0.0,4.6,94.78,6.63,95.78,10.55,64.77,42.51,54.43,0.0,0.0,0.0,0.04,0.0,0.0,0.0,4.28,59.81,0.24,16.67,0.08,0.0,0.04,0.0,8.03,81.59,35,1.4,154,6.15,6,77.27,42.52,1.7,7.52,0.301,0.0,1.4,0.24,,,,0.0,0,0
V. Bichakhchyan,Legia Warszawa,Žilina,"RCMF, AMF",26,1000000,2027-12-31,15,1190,6,4.31,7,4.09,21.78,47.57,Armenia,Armenia,left,172,67,no,6.96,6.66,53.41,1.51,55.0,0.45,0.77,0.15,2.95,5.02,1.74,1,0.08,1,0.08,5.82,0.45,5,0.38,0.33,0,0.0,56,4.24,41.07,10.714,0.53,1.21,50.0,0.38,20.0,0.68,55.56,0.15,5.14,55.88,9.91,48.09,3.4,2.8,1.36,25.26,1.74,1.29,32.82,81.8,8.24,66.97,6.73,94.38,11.19,87.16,29.19,85.75,2.42,50.0,17.63,32.92,0.31,2.87,0.0,0.08,1.51,40.0,0.98,4.99,65.15,2.87,52.63,1.51,30.0,1.89,0.45,5.37,76.06,0,,0,,0,0.0,0.0,0.0,,,0.15,,,1.74,0.23,66.67,3.48,1,100
M. Abena,Gaziantep,Slovan Bratislava,"RCB, LCB",31,1000000,2027-06-30,21,1373,1,1.7,1,0.65,15.93,62.14,Suriname,"Suriname, Netherlands",right,191,90,no,9.57,6.82,80.77,3.74,52.63,0.2,0.28,0.72,3.87,5.46,0.85,1,0.07,0,0.0,0.52,0.07,1,0.07,0.11,0,0.0,9,0.59,22.22,11.111,0.07,0.33,40.0,0.0,0.0,0.33,40.0,0.07,0.66,40.0,2.16,30.3,1.25,0.92,0.0,33.63,0.39,0.59,47.0,92.75,16.85,85.6,3.54,98.15,20.98,97.81,44.9,95.04,1.84,46.43,18.0,22.62,0.04,0.39,0.0,0.0,0.0,0.0,0.2,4.39,85.07,0.52,37.5,0.2,0.0,0.33,0.07,5.51,75.0,0,,0,,0,0.0,0.0,0.0,,,2.36,,,0.0,0.0,0.0,0.0,0,0
I. Nicolăescu,Maccabi Tel Aviv,DAC,CF,27,1000000,2028-06-30,8,422,0,1.52,0,0.3,30.5,30.77,Moldova,"Moldova, Romania",right,184,83,no,2.77,2.13,60.0,7.68,36.11,0.21,0.36,0.0,1.28,2.17,1.49,1,0.21,0,0.0,2.35,0.0,0,0.0,0.32,0,0.0,13,2.77,23.08,0.0,0.0,1.28,16.67,0.43,0.0,0.85,25.0,0.0,3.41,37.5,13.86,24.62,4.05,1.07,0.21,10.45,1.71,0.64,18.98,76.4,2.99,64.29,6.18,93.1,4.69,72.73,17.06,80.0,1.07,60.0,15.09,19.85,0.06,0.64,0.0,0.0,0.64,33.33,0.43,0.64,66.67,2.35,36.36,0.43,0.0,1.28,0.21,1.92,77.78,0,,0,,0,0.0,0.0,0.0,,,0.0,,,0.0,0.0,0.0,0.0,0,0
D. Lamkel Zé,Kazma,DAC,"LW, LAMF, CF",29,1000000,2026-06-30,7,657,2,2.45,2,0.98,24.25,50.28,Cameroon,Cameroon,right,192,78,no,4.11,3.01,72.73,2.74,50.0,0.14,0.21,0.0,1.78,2.79,0.68,1,0.14,0,0.0,9.18,0.27,2,0.27,0.34,0,0.0,22,3.01,50.0,9.091,0.27,4.52,54.55,3.84,53.57,0.55,75.0,0.68,6.85,74.0,14.79,50.0,4.52,3.84,1.92,26.16,2.05,2.05,37.12,79.34,7.81,59.65,6.58,93.75,15.48,80.53,30.27,83.71,2.74,65.0,18.96,32.41,0.13,1.64,0.0,0.14,0.27,50.0,1.1,5.21,71.05,3.15,69.57,0.0,0.0,0.68,2.33,6.3,80.43,0,,0,,0,0.0,0.0,0.0,,,0.0,,,0.0,0.0,0.0,0.27,0,0
M. Kmet,Minnesota United,Trenčín,"RW, LW, RCMF",26,1000000,2029-06-30,17,675,0,0.62,0,0.64,22.8,43.86,Slovakia,Slovakia,right,173,64,no,5.73,6.4,47.92,0.93,42.86,0.27,0.48,0.0,2.4,4.35,1.2,0,0.0,0,0.0,4.13,0.0,0,0.0,0.08,0,0.0,14,1.87,21.43,0.0,0.0,2.13,25.0,0.53,0.0,1.6,33.33,0.0,6.53,48.98,12.27,41.3,1.47,2.8,1.73,22.53,2.0,1.33,32.67,77.14,8.67,60.0,8.8,89.39,9.87,87.84,29.33,82.73,1.2,33.33,16.64,12.02,0.09,0.53,0.13,0.0,0.4,0.0,0.13,2.93,72.73,2.4,55.56,0.4,0.0,0.4,0.53,6.0,64.44,0,,0,,0,0.0,0.0,0.0,,,0.27,,,0.93,0.13,0.0,1.33,0,0
K. Savvidis,Wisła Płock,Spartak Trnava,DMF,31,1000000,2027-05-31,28,2519,3,2.78,1,0.58,20.54,56.35,Greece,Greece,right,181,73,no,10.5,7.72,64.81,3.79,60.38,0.46,0.64,0.11,5.04,6.92,1.68,7,0.25,0,0.0,1.54,0.11,2,0.07,0.1,0,0.0,22,0.79,31.82,13.636,0.04,0.32,55.56,0.21,50.0,0.11,66.67,0.0,1.75,53.06,5.29,48.65,0.61,0.93,0.04,25.37,0.18,1.93,41.73,87.5,14.01,76.02,5.39,99.34,14.58,94.36,39.05,89.75,2.39,55.22,16.89,30.4,0.02,0.32,0.0,0.04,0.39,45.45,0.14,6.04,79.29,1.07,66.67,0.46,53.85,0.61,0.14,5.54,76.77,0,,0,,0,0.0,0.0,0.0,,,0.25,,,0.07,0.07,0.0,0.0,1,100
Lucas Lovat,CRB,Slovan Bratislava,"LB, LCB",29,900000,2026-12-31,6,397,0,0.0,0,0.7,18.14,48.75,Brazil,Brazil,left,183,83,no,9.52,7.03,54.84,0.45,50.0,0.23,0.31,0.0,5.44,7.5,1.81,3,0.68,0,0.0,4.08,0.0,0,0.0,0.0,0,0.0,3,0.68,0.0,0.0,0.0,3.4,40.0,3.17,42.86,0.23,0.0,0.45,3.63,75.0,8.39,48.65,0.0,0.68,0.23,24.26,1.36,1.81,38.54,80.59,14.51,75.0,6.8,96.67,12.24,77.78,31.06,89.78,4.31,47.37,18.27,33.36,0.16,1.36,0.0,0.0,0.0,0.0,0.45,5.67,60.0,4.31,42.11,0.68,0.0,0.45,1.59,6.57,75.86,0,,0,,0,0.0,0.0,0.0,,,1.81,,,0.68,0.23,0.0,0.45,0,0
J. Kadák,Dukla Praha,Trenčín,"RCMF, LCMF",25,900000,2028-06-30,28,2354,13,11.07,6,5.8,18.01,42.89,Slovakia,Slovakia,right,177,68,no,4.82,4.4,51.3,1.68,25.0,0.27,0.46,0.11,2.29,3.94,1.26,3,0.11,0,0.0,4.09,0.5,10,0.38,0.42,0,0.0,81,3.1,46.91,16.049,0.23,1.15,26.67,0.57,26.67,0.57,26.67,0.08,4.13,52.78,9.1,44.54,2.22,1.07,0.65,21.56,0.99,1.41,28.6,85.29,7.72,78.71,6.92,95.58,9.1,86.13,25.92,88.94,1.53,67.5,17.65,22.21,0.22,2.1,0.0,0.0,0.27,57.14,0.38,3.59,76.6,1.61,45.24,0.31,37.5,0.54,0.31,3.67,77.08,0,,0,,0,0.0,0.0,0.0,,,0.19,,,1.91,0.46,50.0,4.44,4,75
D. Beskorovaynyi,Sumqayıt,DAC,"LCB, CB",27,900000,2027-06-30,11,896,1,0.77,0,0.36,14.67,58.9,Ukraine,Ukraine,left,194,87,yes,7.83,5.12,56.86,4.12,70.73,0.4,0.68,0.9,4.52,7.67,1.1,3,0.3,0,0.0,0.5,0.1,1,0.1,0.08,1,0.1,5,0.5,60.0,20.0,0.0,0.0,0.0,0.0,0.0,0.0,0.0,0.0,0.4,50.0,2.41,54.17,0.4,1.71,0.7,35.46,0.3,1.1,50.63,90.87,16.07,78.75,1.91,94.74,28.23,97.51,45.8,94.08,4.82,60.42,20.35,33.62,0.04,0.1,0.0,0.0,0.0,0.0,0.0,3.92,76.92,0.2,100.0,0.4,75.0,0.3,0.0,6.73,64.18,0,,0,,0,0.0,0.0,0.0,,,1.51,,,0.0,0.0,0.0,0.0,0,0
A. Ghali,Sigma Olomouc,Trenčín,"RW, LW, RWF",25,850000,2028-06-30,15,524,0,0.65,0,1.48,28.0,49.08,Nigeria,Nigeria,right,170,63,no,4.81,4.64,59.26,2.23,38.46,0.0,0.0,0.0,2.06,3.75,1.55,1,0.17,0,0.0,8.42,0.0,0,0.0,0.11,0,0.0,10,1.72,20.0,0.0,0.0,4.29,36.0,1.89,54.55,2.4,21.43,1.55,10.65,56.45,17.69,48.54,4.29,3.26,2.23,23.02,1.55,1.72,37.27,80.18,7.73,75.56,10.48,93.44,10.31,65.0,31.95,87.1,1.72,50.0,16.82,13.95,0.25,1.89,0.0,0.17,0.86,60.0,0.86,2.4,57.14,3.44,55.0,0.34,50.0,1.55,1.2,5.67,84.85,0,,0,,0,0.0,0.0,0.0,,,0.0,,,0.0,0.0,0.0,0.17,0,0
D. Hrnčár,Dender,Slovan Bratislava,"RB, RAMF, RW",28,800000,2027-06-30,24,1754,0,1.77,3,4.45,14.68,52.45,Slovakia,Slovakia,right,187,74,no,7.29,4.87,62.11,2.98,67.24,0.41,0.58,0.21,3.85,5.41,0.82,1,0.05,0,0.0,3.28,0.0,0,0.0,0.09,0,0.0,17,0.87,23.53,0.0,0.15,4.36,45.88,0.05,0.0,4.31,46.43,0.21,1.85,55.56,4.1,38.75,1.69,1.33,0.92,24.63,1.9,0.41,34.22,74.06,9.95,54.64,7.34,94.41,11.13,75.58,26.84,83.37,3.39,31.82,21.58,36.86,0.23,1.23,0.0,0.0,0.31,16.67,0.92,4.21,56.1,4.31,52.38,0.51,30.0,0.67,1.95,7.23,74.47,0,,0,,0,0.0,0.0,0.0,,,0.77,,,0.46,0.1,0.0,1.49,0,0
C. Badolo,Sumqayıt,Pohronie,"LW, RW, CF",27,750000,2027-06-30,19,1490,2,2.09,0,0.57,28.45,43.95,Burkina Faso,Burkina Faso,right,178,72,no,5.74,4.83,56.25,2.96,26.53,0.18,0.23,0.06,2.84,3.62,1.33,3,0.18,0,0.0,6.1,0.12,2,0.12,0.13,0,0.0,38,2.3,26.32,5.263,0.0,2.48,14.63,0.79,7.69,1.69,17.86,0.36,8.03,63.91,16.55,45.99,2.17,1.99,0.91,14.5,1.81,2.66,26.64,68.25,7.73,55.47,5.38,89.89,7.67,66.14,22.59,75.4,1.63,48.15,17.05,28.04,0.03,0.79,0.06,0.0,0.91,0.0,0.06,3.2,58.49,3.38,33.93,1.15,0.0,0.97,0.3,4.23,71.43,0,,0,,0,0.0,0.0,0.0,,,0.12,,,0.0,0.0,0.0,0.0,0,0
M. Brunetti,Shimizu S-Pulse,DAC,"LCB, RCB",26,750000,2026-06-30,15,1368,0,0.76,0,0.23,19.47,65.54,Brazil,"Brazil, Italy",left,182,77,no,9.74,6.97,67.92,5.07,62.34,0.13,0.19,0.33,4.87,7.18,0.66,2,0.13,0,0.0,1.97,0.0,0,0.0,0.05,0,0.0,4,0.26,75.0,0.0,0.0,0.26,0.0,0.26,0.0,0.0,0.0,0.0,2.3,71.43,4.87,64.86,0.26,1.18,0.26,35.07,0.99,2.76,47.17,89.68,18.68,80.28,2.5,97.37,21.78,97.28,41.25,95.37,5.66,52.33,20.83,37.46,0.02,0.07,0.0,0.0,0.2,66.67,0.07,6.05,68.48,0.72,18.18,0.13,50.0,0.13,0.0,7.37,75.0,0,,0,,0,0.0,0.0,0.0,,,1.58,,,0.0,0.0,0.0,0.0,0,0
D. Yusuf,Ferencváros,Spartak Trnava,"LW, LAMF",25,700000,2027-06-30,30,2052,3,3.95,3,3.5,27.63,46.67,Nigeria,Nigeria,right,180,75,no,5.53,4.82,59.09,5.83,50.38,0.09,0.12,0.18,2.59,3.58,1.23,8,0.35,0,0.0,5.39,0.13,3,0.13,0.17,0,0.0,41,1.8,39.02,7.317,0.13,4.3,29.59,4.17,29.47,0.09,0.0,0.61,5.26,60.0,13.11,43.81,4.17,3.82,1.54,14.87,2.15,0.79,26.27,65.11,6.8,55.48,6.32,89.58,7.85,59.22,20.31,75.59,1.75,27.5,17.6,25.57,0.15,0.96,0.0,0.0,0.57,46.15,0.39,2.24,50.98,3.51,45.0,0.35,25.0,1.23,1.1,4.39,64.0,0,,0,,0,0.0,0.0,0.0,,,0.0,,,0.0,0.0,0.0,0.04,0,0
T. Frühwald,Bohemians 1905,Ružomberok,GK,23,650000,2028-06-30,1,91,0,0.0,0,0.0,2.97,66.67,Slovakia,Slovakia,right,193,90,no,0.0,0.99,0.0,0.0,0.0,0.0,0.0,0.0,0.0,0.0,0.99,0,0.0,0,0.0,0.0,0.0,0,0.0,0.0,0,0.0,0,0.0,0.0,0.0,0.0,0.0,0.0,0.0,0.0,0.0,0.0,0.0,0.0,0.0,0.0,0.0,0.0,0.0,0.0,14.84,0.0,0.0,26.7,92.59,12.86,92.31,0.0,0.0,12.86,92.31,19.78,100.0,6.92,71.43,27.6,43.76,0.0,0.0,0.0,0.0,0.0,0.0,0.0,2.97,66.67,0.0,0.0,0.0,0.0,0.0,0.0,2.97,100.0,1,0.99,4,3.96,0,75.0,1.11,1.1,0.11,0.109,0.0,0.0,0.0,,,,0.0,0,0
Y. Andzouana,Konyaspor,DAC,"RW, LW",29,650000,2028-06-30,26,1525,4,3.59,2,1.54,18.35,46.62,Congo,"Congo, France",right,179,71,no,6.37,5.31,61.11,1.42,45.83,0.06,0.08,0.06,3.07,4.38,0.83,2,0.12,0,0.0,4.01,0.24,4,0.24,0.21,0,0.0,30,1.77,23.33,13.333,0.12,2.01,32.35,0.59,50.0,1.42,25.0,0.06,4.66,53.16,9.38,42.14,2.95,1.89,1.18,20.48,1.3,0.71,28.98,80.04,7.14,73.55,6.73,93.86,8.68,78.23,25.44,85.15,1.65,53.57,17.34,29.93,0.09,0.59,0.06,0.0,0.65,72.73,0.59,2.77,65.96,2.36,55.0,0.71,58.33,1.48,0.65,3.95,82.09,0,,0,,0,0.0,0.0,0.0,,,0.06,,,0.0,0.0,0.0,0.06,0,0
M. Rymarenko,Zbrojovka Brno,Ružomberok,"RAMF, RW, LW",27,600000,2026-06-30,28,1651,4,4.69,1,1.65,26.27,37.14,Slovakia,Slovakia,right,178,75,no,5.18,6.16,50.44,2.78,35.29,0.05,0.07,0.05,2.02,2.77,1.69,0,0.0,0,0.0,3.87,0.22,4,0.22,0.26,0,0.0,40,2.18,35.0,10.0,0.05,1.96,25.0,0.82,26.67,1.09,20.0,0.16,5.4,46.46,13.57,32.53,3.05,1.8,1.25,13.36,1.64,1.8,19.62,70.0,6.05,56.76,4.63,90.59,5.07,73.12,15.97,75.77,1.85,64.71,17.09,25.38,0.09,0.6,0.05,0.05,0.38,28.57,0.27,2.29,78.57,1.8,36.36,0.22,25.0,0.49,0.44,3.33,77.05,0,,0,,0,0.0,0.0,0.0,,,0.0,,,0.55,0.27,20.0,0.6,0,0
Alex Pinto,Farense,DAC,RB,27,600000,,10,961,0,0.13,0,1.12,15.64,61.08,Portugal,Portugal,right,187,81,no,11.8,7.96,63.53,1.59,47.06,0.37,0.48,0.28,6.37,8.23,0.84,5,0.47,0,0.0,3.0,0.0,0,0.0,0.01,0,0.0,4,0.37,25.0,0.0,0.0,3.28,37.14,0.09,100.0,3.18,35.29,0.66,2.06,77.27,4.68,64.0,1.78,1.87,1.03,28.19,2.81,1.22,40.08,75.7,17.42,71.51,5.15,87.27,12.27,77.86,31.65,83.14,5.34,52.63,21.78,35.96,0.11,1.22,0.0,0.0,0.28,33.33,0.75,7.21,74.03,3.28,48.57,0.56,33.33,0.75,1.31,10.77,78.26,0,,0,,0,0.0,0.0,0.0,,,0.75,,,0.0,0.0,0.0,0.0,0,0
M. Cobnan,Levadiakos,Sereď,"CF, RWF",23,600000,2028-06-30,9,441,1,1.22,0,0.1,33.06,35.19,Nigeria,Nigeria,right,178,74,yes,4.08,5.1,60.0,2.86,14.29,0.0,0.0,0.41,1.02,1.13,2.24,1,0.2,0,0.0,3.88,0.2,1,0.2,0.25,0,0.0,9,1.84,55.56,11.111,0.0,1.02,20.0,0.41,0.0,0.61,33.33,0.0,4.49,59.09,17.35,35.29,2.86,2.24,1.22,9.8,1.63,1.84,20.61,77.23,4.08,70.0,5.71,96.43,6.73,60.61,19.39,81.05,0.2,0.0,12.39,2.06,0.02,0.2,0.0,0.0,0.61,0.0,0.2,1.84,33.33,1.63,50.0,0.41,0.0,1.22,0.2,1.02,40.0,0,,0,,0,0.0,0.0,0.0,,,0.0,,,0.0,0.0,0.0,0.0,0,0
A. Fábry,Corvinul Hunedoara,Sereď,"AMF, CF, RAMF",29,600000,2027-06-30,16,946,1,2.39,2,1.7,16.84,41.24,Slovakia,Slovakia,left,177,68,no,5.8,6.66,54.29,1.52,25.0,0.29,0.33,0.0,1.9,2.21,1.81,1,0.1,1,0.1,2.0,0.1,0,0.0,0.23,0,0.0,25,2.38,20.0,4.0,0.19,1.24,30.77,0.57,33.33,0.67,28.57,0.1,2.09,36.36,6.18,30.77,0.67,1.05,0.67,29.3,1.05,0.48,37.58,83.54,9.61,77.23,7.71,95.06,15.22,85.63,32.44,88.27,3.9,60.98,18.95,32.97,0.16,1.71,0.0,0.0,0.48,80.0,0.38,5.71,76.67,1.9,50.0,0.86,77.78,0.86,0.19,5.42,80.7,0,,0,,0,0.0,0.0,0.0,,,0.57,,,0.95,0.1,100.0,3.42,1,100
T. Nemčík,Rosenborg,Žilina,LCB,25,600000,2028-12-31,22,1881,1,1.0,0,0.21,19.09,57.39,Slovakia,Slovakia,left,189,83,no,11.96,7.66,67.5,5.5,50.43,0.43,0.64,0.53,6.36,9.43,1.2,5,0.24,0,0.0,0.81,0.05,1,0.05,0.05,0,0.0,6,0.29,50.0,16.667,0.0,0.14,100.0,0.14,100.0,0.0,0.0,0.0,0.67,78.57,1.67,57.14,0.57,1.15,0.43,52.92,0.29,0.72,73.01,88.93,29.81,78.65,3.59,100.0,34.83,96.43,64.31,94.2,8.56,49.16,22.73,42.07,0.01,0.29,0.0,0.0,0.05,0.0,0.14,9.19,66.67,0.96,20.0,1.05,9.09,0.1,0.14,11.96,76.8,0,,0,,0,0.0,0.0,0.0,,,2.78,,,0.0,0.0,0.0,0.0,0,0
D. Ďuriš,Rosenborg,Žilina,"LWF, LW, LAMF",27,600000,2029-12-31,30,2195,5,3.64,2,2.08,20.87,45.97,Slovakia,Slovakia,right,186,78,no,6.77,5.7,61.87,2.83,43.48,0.45,0.66,0.08,2.79,4.09,0.9,0,0.0,0,0.0,4.63,0.21,5,0.21,0.15,0,0.0,49,2.01,34.69,10.204,0.08,2.42,33.9,1.68,39.02,0.7,23.53,0.12,5.86,49.65,9.64,38.72,3.08,1.64,0.49,19.11,2.26,0.74,25.75,77.71,6.11,67.79,6.23,90.79,6.93,73.96,22.51,82.88,1.03,64.0,15.79,23.16,0.09,1.03,0.08,0.0,0.41,50.0,0.53,2.13,65.38,2.26,50.91,0.33,50.0,0.86,0.78,3.36,75.61,0,,0,,0,0.0,0.0,0.0,,,0.12,,,0.04,0.04,0.0,0.25,0,0
A. Selecký,Ružomberok,Ružomberok,"LB, LAMF, LW",23,550000,2027-06-30,7,276,0,0.01,0,0.59,20.22,53.23,Slovakia,Slovakia,left,180,72,no,10.43,6.2,73.68,3.91,50.0,0.65,0.92,0.0,5.22,7.38,0.33,0,0.0,0,0.0,1.96,0.0,0,0.0,0.0,0,0.0,1,0.33,0.0,0.0,0.0,2.93,22.22,2.93,22.22,0.0,0.0,0.0,2.28,57.14,7.5,34.78,0.98,0.33,0.0,17.93,0.65,1.96,28.7,62.5,12.72,46.15,4.24,92.31,7.83,62.5,23.15,70.42,2.61,37.5,17.22,22.13,0.19,0.65,0.0,0.0,0.33,0.0,0.33,4.89,46.67,3.26,20.0,0.33,0.0,0.33,0.65,5.87,55.56,0,,0,,0,0.0,0.0,0.0,,,0.0,,,0.0,0.0,0.0,0.0,0,0
D. Javorček,Slavia Praha,Žilina,"LB, LWB",23,550000,2029-06-30,2,173,0,0.12,0,0.03,22.89,52.27,Slovakia,Slovakia,left,183,75,no,8.84,7.28,64.29,4.68,66.67,1.04,1.94,0.52,3.12,5.81,0.52,0,0.0,0,0.0,2.08,0.0,0,0.0,0.06,0,0.0,2,1.04,0.0,0.0,0.0,5.2,10.0,5.2,10.0,0.0,0.0,0.52,2.6,60.0,6.76,38.46,1.56,2.6,1.04,46.3,2.6,1.56,57.23,75.45,20.81,67.5,11.97,95.65,16.13,77.42,46.3,88.76,5.72,27.27,20.96,36.7,0.02,1.04,0.0,0.0,0.52,0.0,0.0,8.32,68.75,3.64,14.29,0.52,0.0,0.0,0.52,10.92,61.9,0,,0,,0,0.0,0.0,0.0,,,1.04,,,0.0,0.0,0.0,0.0,0,0
M. Dimun,FC Košice,DAC,"RCMF, DMF, LCMF",29,550000,2028-06-30,27,2213,2,2.25,1,1.02,16.59,53.68,Slovakia,Slovakia,right,188,84,no,11.27,8.22,62.87,3.01,56.76,0.08,0.11,0.28,6.02,8.31,1.63,7,0.28,0,0.0,1.1,0.08,2,0.08,0.09,1,0.04,22,0.89,22.73,9.091,0.04,0.98,16.67,0.12,33.33,0.81,15.0,0.0,1.06,50.0,2.6,43.75,1.1,0.45,0.2,30.91,0.2,0.49,48.19,80.34,18.06,66.22,4.72,94.83,17.45,90.68,40.95,84.71,6.34,60.9,19.22,38.61,0.04,0.45,0.0,0.0,0.69,29.41,0.33,8.42,69.57,1.95,41.67,0.77,10.53,0.57,0.28,9.07,68.61,0,,0,,0,0.0,0.0,0.0,,,0.45,,,0.0,0.0,0.0,0.0,0,0
T. Oshima,Noah,Zemplín Michalovce,"RCMF, LCMF, LDMF",28,550000,2028-06-30,31,2792,2,0.78,1,0.76,23.22,44.48,Japan,Japan,right,175,71,no,7.19,5.93,61.8,1.4,38.1,0.8,1.03,0.17,2.73,3.51,1.5,5,0.16,1,0.03,2.2,0.06,2,0.07,0.03,0,0.0,26,0.87,15.38,7.692,0.03,0.57,17.65,0.37,18.18,0.2,16.67,0.07,3.56,47.66,11.29,37.17,1.0,1.27,0.63,28.48,0.37,1.7,43.6,86.86,12.46,79.14,7.99,95.0,15.39,90.48,40.24,89.98,2.86,55.81,17.28,35.02,0.03,0.53,0.03,0.03,0.57,47.06,0.13,6.33,76.32,1.37,41.46,0.6,27.78,0.73,0.13,5.53,76.51,0,,0,,0,0.0,0.0,0.0,,,0.37,,,0.0,0.0,0.0,0.03,0,0
A. Stojcevski,Slovácko,Žilina,"LDMF, DMF",23,500000,2028-06-30,3,180,0,0.0,0,0.09,12.0,45.83,North Macedonia,North Macedonia,right,186,75,no,9.5,5.5,63.64,2.5,40.0,0.0,0.0,0.5,6.0,8.78,1.0,1,0.5,0,0.0,0.0,0.0,0,0.0,0.0,0,0.0,0,0.0,0.0,0.0,0.0,0.5,0.0,0.5,0.0,0.0,0.0,0.0,0.5,0.0,2.5,20.0,0.5,1.0,0.5,30.5,0.0,0.0,44.0,88.64,12.0,75.0,8.5,100.0,19.0,94.74,41.0,91.46,2.5,60.0,14.72,19.32,0.04,1.0,0.0,0.0,0.0,0.0,0.5,5.5,90.91,0.0,0.0,0.0,0.0,0.0,0.0,6.0,41.67,0,,0,,0,0.0,0.0,0.0,,,1.0,,,0.0,0.0,0.0,0.0,0,0
A. Paluszek,Katowice,Pohronie,"RCB, LCB",25,500000,2027-06-30,10,831,0,0.22,0,0.0,17.0,60.51,Poland,Poland,right,191,81,no,9.96,7.15,63.64,5.63,61.54,0.11,0.14,0.22,5.31,6.62,1.3,1,0.11,0,0.0,0.22,0.0,0,0.0,0.02,0,0.0,2,0.22,0.0,0.0,0.0,0.0,0.0,0.0,0.0,0.0,0.0,0.0,0.22,100.0,1.19,54.55,0.54,0.32,0.76,19.82,0.22,0.76,30.76,77.46,15.38,61.27,1.73,100.0,11.26,95.19,24.04,86.49,6.71,45.16,21.77,36.45,0.0,0.0,0.0,0.0,0.11,0.0,0.0,4.77,52.27,0.43,25.0,0.54,0.0,0.32,0.0,7.69,60.56,0,,0,,0,0.0,0.0,0.0,,,1.41,,,0.0,0.0,0.0,0.0,0,0
D. Dražić,Goa,Slovan Bratislava,"RW, AMF, LAMF",30,500000,,13,509,4,2.13,0,0.12,16.8,34.74,Serbia,Serbia,right,178,65,no,5.83,4.6,50.0,1.94,9.09,0.18,0.23,0.0,3.36,4.45,0.88,0,0.0,0,0.0,3.54,0.71,3,0.53,0.38,0,0.0,12,2.12,58.33,33.333,0.0,2.48,28.57,1.41,25.0,1.06,33.33,0.53,2.83,43.75,7.43,35.71,3.01,1.59,0.53,21.57,1.77,0.53,30.77,77.01,7.78,61.36,6.37,97.22,9.72,85.45,27.23,83.77,1.06,16.67,20.0,12.46,0.02,0.53,0.0,0.18,1.24,28.57,0.18,3.36,68.42,3.54,55.0,1.24,14.29,1.41,0.53,5.48,74.19,0,,0,,0,0.0,0.0,0.0,,,0.0,,,0.0,0.0,0.0,0.0,1,100
I. Šaponjić,Diósgyőr,Slovan Bratislava,CF,28,500000,,11,771,4,5.16,2,0.77,24.98,37.85,Serbia,Serbia,right,190,84,no,1.75,3.04,23.08,7.35,47.62,0.47,0.7,0.0,0.58,0.88,2.68,2,0.23,0,0.0,2.22,0.47,4,0.47,0.6,2,0.23,30,3.5,40.0,13.333,0.23,0.35,0.0,0.0,0.0,0.35,0.0,0.12,0.93,50.0,10.86,39.78,4.67,0.23,0.23,15.76,1.87,2.8,19.84,75.29,2.92,72.0,5.6,89.58,4.67,77.5,18.91,76.54,0.58,80.0,14.19,17.23,0.09,0.82,0.0,0.0,0.47,75.0,0.23,1.52,76.92,0.58,60.0,0.35,66.67,1.05,0.0,1.17,50.0,0,,0,,0,0.0,0.0,0.0,,,0.0,,,0.0,0.0,0.0,0.0,0,0
A. Green,AVS ,Slovan Bratislava,"LW, LAMF, RAMF",27,500000,2026-06-30,26,1471,5,5.0,3,2.86,20.68,44.38,England,England,right,180,71,no,4.77,3.79,53.23,2.26,43.24,0.06,0.08,0.06,2.69,3.69,0.98,1,0.06,0,0.0,5.45,0.31,5,0.31,0.31,1,0.06,46,2.81,34.78,10.87,0.18,3.12,31.37,2.57,33.33,0.55,22.22,0.18,5.75,59.57,12.05,45.69,3.12,2.51,1.28,22.76,1.59,1.1,31.26,76.91,8.44,62.32,7.77,92.13,8.14,73.68,26.98,83.22,1.41,47.83,15.88,22.26,0.17,1.41,0.18,0.0,0.55,11.11,0.55,3.37,67.27,2.69,45.45,0.61,10.0,1.04,0.86,4.83,74.68,0,,0,,0,0.0,0.0,0.0,,,0.06,,,0.24,0.0,0.0,2.39,0,0
J. Zmrhal,Zbrojovka Brno,Slovan Bratislava,"LAMF, RAMF, LW",32,500000,2027-06-30,27,1767,8,4.35,4,3.66,12.02,48.73,Czech Republic,Czech Republic,left,189,82,no,5.25,4.69,57.61,1.99,61.54,0.1,0.14,0.05,2.44,3.34,0.76,1,0.05,0,0.0,3.11,0.41,8,0.41,0.22,0,0.0,37,1.88,56.76,21.622,0.2,2.75,37.04,1.99,41.03,0.71,28.57,0.31,1.02,35.0,3.31,35.38,3.26,1.12,0.76,25.93,2.19,0.36,33.77,71.95,12.22,60.42,5.96,94.87,9.07,70.22,27.76,80.0,3.36,31.82,18.67,32.42,0.19,1.58,0.05,0.15,1.27,52.0,0.61,4.48,53.41,4.02,43.04,1.88,37.84,1.43,0.97,6.52,74.22,0,,0,,0,0.0,0.0,0.0,,,0.1,,,0.41,0.1,0.0,1.17,0,0
V. De Marco,Omonia Aradippou,Slovan Bratislava,"LB, LCB",33,500000,2027-06-30,26,2051,1,1.37,2,1.95,19.26,57.63,Argentina,"Argentina, Slovakia",left,182,73,no,8.91,7.68,59.43,4.04,60.87,0.31,0.44,0.26,4.04,5.75,1.4,5,0.22,0,0.0,2.46,0.04,1,0.04,0.06,1,0.04,17,0.75,29.41,5.882,0.09,3.29,33.33,3.25,32.43,0.0,0.0,0.35,1.54,60.0,4.08,51.61,1.45,0.88,0.22,30.85,1.49,1.4,43.22,77.36,19.7,70.38,4.56,94.23,13.43,81.7,34.4,87.5,5.57,40.16,20.15,32.93,0.09,0.57,0.13,0.0,0.39,55.56,0.53,7.94,65.19,3.47,37.97,1.4,37.5,0.48,1.14,11.19,75.69,0,,0,,0,0.0,0.0,0.0,,,0.61,,,0.04,0.04,0.0,0.0,0,0
R. Sanusi,Žilina,Sereď,"RW, RAMF, CF",23,500000,2027-06-30,8,127,0,0.0,0,0.04,23.39,45.45,Nigeria,Nigeria,,0,0,no,6.38,7.8,45.45,5.67,25.0,0.0,0.0,0.0,2.83,4.29,2.83,0,0.0,0,0.0,0.0,0.0,0,0.0,0.0,0,0.0,0,0.0,0.0,0.0,0.0,0.71,0.0,0.0,0.0,0.71,0.0,0.0,0.71,0.0,7.8,54.55,2.83,2.13,0.0,17.72,0.0,2.13,24.8,85.71,2.83,50.0,9.21,100.0,5.67,100.0,24.09,88.24,0.0,0.0,11.93,0.0,0.03,2.83,0.0,0.0,0.0,0.0,0.0,0.0,0.0,0.0,0.0,0.0,0.0,0.0,0.0,0.0,0.0,0,,0,,0,0.0,0.0,0.0,,,0.0,,,0.0,0.0,0.0,0.0,0,0
P. Mićin,Sogdiana,Sereď,"LCMF, LDMF, AMF",27,500000,,13,779,1,0.71,0,0.19,16.98,51.7,Serbia,Serbia,right,189,81,no,9.01,7.63,56.06,1.39,41.67,0.69,0.76,0.12,4.04,4.41,1.73,2,0.23,0,0.0,2.43,0.12,1,0.12,0.08,0,0.0,15,1.73,20.0,6.667,0.0,0.46,25.0,0.12,100.0,0.35,0.0,0.12,2.54,59.09,5.55,56.25,0.58,1.5,1.16,22.99,0.69,1.27,34.31,78.79,11.44,63.64,5.55,97.92,10.63,85.87,31.54,81.32,2.31,55.0,17.31,25.83,0.02,0.35,0.0,0.0,0.92,50.0,0.12,5.43,61.7,1.39,41.67,0.92,12.5,0.35,0.12,4.51,64.1,0,,0,,0,0.0,0.0,0.0,,,0.23,,,0.0,0.0,0.0,0.0,0,0
A. Ramadan,DAC,Spartak Trnava,"AMF, LCMF",25,450000,2028-06-30,12,376,0,1.69,0,0.6,30.88,55.81,Syria,Syria,left,174,73,no,9.1,6.94,79.31,3.59,40.0,0.96,1.5,0.0,2.63,4.13,0.0,0,0.0,0,0.0,7.18,0.0,0,0.0,0.4,0,0.0,14,3.35,21.43,0.0,0.0,2.87,25.0,0.96,50.0,1.68,14.29,0.96,9.34,53.85,18.19,47.37,3.35,2.63,0.96,22.02,0.96,2.39,35.9,78.0,7.42,64.52,6.46,92.59,15.32,82.81,31.6,83.33,1.44,66.67,17.66,15.97,0.14,2.39,0.0,0.24,2.15,33.33,0.48,4.31,66.67,3.11,38.46,1.44,33.33,1.2,0.48,2.63,90.91,0,,0,,0,0.0,0.0,0.0,,,0.24,,,0.48,0.0,0.0,0.72,0,0
D. Hollý,Jablonec,Trenčín,"RCMF, LCMF",22,450000,2026-06-30,19,1375,3,5.11,0,0.61,25.33,45.22,Slovakia,Slovakia,right,181,73,yes,8.31,6.87,55.24,4.45,48.53,0.59,0.99,0.39,3.93,6.59,2.68,5,0.33,0,0.0,2.09,0.2,3,0.2,0.33,1,0.07,34,2.23,26.47,8.824,0.0,0.52,37.5,0.2,33.33,0.33,40.0,0.07,2.68,46.34,8.97,39.42,3.14,0.52,0.13,18.92,0.52,2.75,26.57,82.76,6.68,70.59,6.68,90.2,8.25,86.51,24.28,85.18,1.77,62.96,16.48,30.14,0.04,0.52,0.0,0.0,0.13,50.0,0.2,3.34,68.63,0.39,50.0,0.26,25.0,0.26,0.26,3.53,61.11,0,,0,,0,0.0,0.0,0.0,,,0.2,,,0.0,0.0,0.0,0.0,0,0
S. Nebyla,Jablonec,DAC,"RCMF, LCMF",24,450000,2027-06-30,18,1142,1,1.41,0,0.42,17.42,47.51,Slovakia,Slovakia,right,183,75,no,10.17,8.98,57.02,2.29,41.38,1.02,1.37,0.39,4.02,5.39,1.65,3,0.24,0,0.0,0.71,0.08,1,0.08,0.11,0,0.0,8,0.63,12.5,12.5,0.0,0.47,16.67,0.24,33.33,0.24,0.0,0.16,0.95,50.0,3.39,41.86,0.79,0.16,0.24,18.36,0.24,0.87,28.69,84.34,8.51,66.67,5.28,91.04,10.48,91.73,25.69,88.34,2.52,56.25,18.15,19.57,0.03,0.55,0.0,0.08,0.32,25.0,0.16,3.7,74.47,0.87,36.36,0.47,16.67,0.32,0.16,4.65,62.71,0,,0,,0,0.0,0.0,0.0,,,0.24,,,0.0,0.0,0.0,0.0,0,0
M. Malý,Sigma Olomouc,DAC,RCB,24,450000,2028-06-30,4,305,0,0.28,0,0.0,17.11,60.34,Slovakia,Slovakia,right,193,90,no,10.33,8.56,58.62,5.9,75.0,0.89,1.29,0.59,4.43,6.43,1.18,0,0.0,0,0.0,0.3,0.0,0,0.0,0.08,0,0.0,2,0.59,50.0,0.0,0.0,0.0,0.0,0.0,0.0,0.0,0.0,0.0,0.0,0.0,0.89,0.0,1.18,0.0,0.0,31.28,0.89,0.0,45.74,84.52,20.95,71.83,1.77,83.33,21.54,97.26,39.54,92.54,6.2,33.33,22.53,35.31,0.0,0.0,0.0,0.0,0.0,0.0,0.0,5.31,55.56,0.59,0.0,0.3,100.0,0.0,0.0,9.44,62.5,0,,0,,0,0.0,0.0,0.0,,,1.18,,,0.0,0.0,0.0,0.0,0,0
D. Horák,Hradec Králové,Pohronie,"LB, LAMF, LW",26,450000,2028-06-30,6,249,0,0.0,0,0.0,16.27,44.44,Czech Republic,Czech Republic,left,185,75,no,6.51,6.51,61.11,4.7,30.77,0.36,0.43,0.36,2.17,2.57,1.08,1,0.36,0,0.0,1.08,0.0,0,0.0,0.0,0,0.0,0,0.0,0.0,0.0,0.0,1.45,50.0,1.45,50.0,0.0,0.0,0.0,1.08,33.33,3.25,33.33,1.81,0.0,0.0,12.65,0.36,0.72,20.24,67.86,8.67,50.0,3.98,90.91,3.98,81.82,15.9,72.73,2.89,50.0,14.73,15.58,0.0,0.0,0.0,0.0,0.0,0.0,0.0,3.98,36.36,0.72,0.0,0.0,0.0,0.0,0.72,6.51,77.78,0,,0,,0,0.0,0.0,0.0,,,0.36,,,0.0,0.0,0.0,0.0,0,0
S. Mráz,Servette,Slovan Bratislava,CF,29,450000,2027-06-30,18,864,7,7.22,1,1.12,21.67,32.21,Slovakia,Slovakia,right,183,75,no,3.23,3.85,51.35,6.77,32.31,0.0,0.0,0.0,1.25,1.71,1.04,0,0.0,0,0.0,2.5,0.73,7,0.73,0.75,1,0.1,31,3.23,38.71,22.581,0.1,0.31,0.0,0.1,0.0,0.1,0.0,0.0,1.67,31.25,6.98,23.88,4.79,0.31,0.21,16.77,1.98,0.21,23.12,80.63,5.1,67.35,7.71,85.14,5.63,88.89,21.88,81.43,0.94,88.89,15.72,16.0,0.12,1.15,0.0,0.1,0.83,87.5,0.42,2.5,75.0,1.35,69.23,0.73,85.71,1.04,0.0,2.5,87.5,0,,0,,0,0.0,0.0,0.0,,,0.0,,,0.0,0.0,0.0,0.0,1,0
P. Azango,Spartak Trnava,Trenčín,"LW, RW",29,450000,2027-06-30,33,2869,11,4.12,5,5.35,28.04,43.06,Nigeria,Nigeria,left,167,75,no,5.83,6.05,55.44,1.85,25.42,0.16,0.27,0.0,2.32,4.07,1.94,6,0.19,0,0.0,6.59,0.35,11,0.35,0.13,1,0.03,58,1.82,50.0,18.966,0.16,4.05,24.03,3.61,20.87,0.38,41.67,1.0,7.84,58.0,16.91,41.93,4.33,5.27,2.32,25.16,3.36,1.1,35.64,77.99,7.22,73.04,9.63,93.16,9.63,66.78,31.02,85.64,1.0,40.63,15.56,25.97,0.17,1.76,0.06,0.06,0.35,45.45,0.82,1.76,76.79,3.89,48.39,0.31,50.0,1.73,0.88,4.27,80.88,0,,0,,0,0.0,0.0,0.0,,,0.0,,,0.0,0.0,0.0,0.22,0,0
M. Rusnák,Podbrezová,Žilina,"RB, RWF",26,450000,2028-06-30,27,1946,1,2.01,0,1.81,23.59,44.9,Slovakia,Slovakia,right,180,73,yes,9.67,8.88,59.9,2.22,33.33,0.79,1.19,0.28,3.56,5.4,0.79,3,0.14,0,0.0,4.16,0.05,1,0.05,0.09,0,0.0,35,1.62,20.0,2.857,0.0,3.01,33.85,0.14,66.67,2.82,32.79,0.14,5.73,43.55,9.48,35.61,1.85,2.87,1.43,27.75,3.19,1.11,37.46,75.43,13.64,67.46,7.03,91.45,10.82,76.92,31.03,83.16,3.65,43.04,18.67,31.45,0.08,0.6,0.09,0.05,0.79,41.18,0.23,5.27,57.89,3.28,33.8,1.02,22.73,0.69,0.74,7.26,72.61,0,,0,,0,0.0,0.0,0.0,,,1.2,,,0.0,0.0,0.0,0.0,0,0
O. Luterán,Ružomberok,Ružomberok,"RDMF, RCMF",24,400000,2027-05-31,29,2033,0,0.29,1,0.53,20.72,56.62,Slovakia,Slovakia,right,179,73,no,14.12,12.13,59.49,1.68,47.37,0.13,0.16,0.22,6.77,8.3,1.59,9,0.4,0,0.0,1.06,0.0,0,0.0,0.01,0,0.0,15,0.66,33.33,0.0,0.04,0.31,42.86,0.0,0.0,0.27,50.0,0.0,1.2,59.26,4.16,56.38,0.13,0.66,0.13,17.09,0.4,1.82,31.43,79.01,11.51,63.46,4.96,97.32,10.93,88.26,26.52,84.81,4.6,48.08,20.64,34.56,0.02,0.27,0.0,0.0,0.04,0.0,0.18,5.22,62.71,0.71,43.75,0.4,11.11,0.27,0.13,5.76,67.69,0,,0,,0,0.0,0.0,0.0,,,0.75,,,0.0,0.0,0.0,0.0,0,0
A. Mojžiš,Ružomberok,Ružomberok,LCB,27,400000,2027-05-31,28,2605,1,1.23,0,0.3,17.52,69.43,Slovakia,Slovakia,left,183,85,no,10.88,5.56,79.5,4.98,70.83,0.07,0.09,0.38,6.39,7.97,0.59,2,0.07,0,0.0,1.14,0.03,1,0.03,0.04,1,0.03,6,0.21,33.33,16.667,0.0,0.03,0.0,0.03,0.0,0.0,0.0,0.0,1.62,61.7,3.45,53.0,0.35,1.62,0.62,23.74,0.14,0.73,41.6,81.31,17.79,67.96,3.7,95.33,16.76,92.58,33.65,88.71,7.91,50.22,23.86,39.52,0.01,0.07,0.0,0.03,0.28,25.0,0.03,6.32,51.37,0.69,15.0,0.59,11.76,0.1,0.0,8.02,61.21,0,,0,,0,0.0,0.0,0.0,,,2.59,,,0.0,0.0,0.0,0.0,0,0
Eynel Soares,Trenčín,Trenčín,LW,27,400000,2027-06-30,12,564,2,1.81,3,1.47,28.88,40.88,Cape Verde Islands,Cape Verde Islands,right,173,69,yes,7.5,5.27,57.58,2.07,30.77,0.16,0.29,0.0,4.31,7.79,0.64,0,0.0,0,0.0,8.46,0.32,2,0.32,0.29,0,0.0,16,2.55,37.5,12.5,0.48,4.79,26.67,4.63,27.59,0.16,0.0,0.8,12.29,50.65,19.63,39.84,3.67,5.74,3.19,21.38,2.87,1.6,32.87,73.3,7.66,62.5,7.34,93.48,11.01,68.12,27.93,81.71,0.48,0.0,17.38,9.89,0.23,0.8,0.32,0.0,0.16,0.0,0.96,2.07,61.54,4.63,37.93,0.32,0.0,1.6,1.28,5.9,78.38,0,,0,,0,0.0,0.0,0.0,,,0.0,,,0.0,0.0,0.0,0.0,0,0
H. Hurtado,Turan-T,Sereď,LCB,30,400000,2027-06-30,12,1056,0,1.26,0,0.08,21.05,67.21,Colombia,Colombia,left,185,89,no,14.66,8.44,74.75,7.93,66.67,0.85,1.05,1.02,7.5,9.2,0.94,3,0.26,0,0.0,0.34,0.0,0,0.0,0.11,0,0.0,9,0.77,33.33,0.0,0.0,0.0,0.0,0.0,0.0,0.0,0.0,0.0,0.09,100.0,1.7,55.0,1.19,0.17,0.17,18.49,0.09,1.02,31.79,81.77,14.49,70.59,1.79,100.0,12.53,91.84,25.99,88.52,5.8,51.47,22.97,35.67,0.01,0.09,0.0,0.0,0.0,0.0,0.09,3.49,56.1,0.43,20.0,0.34,25.0,0.26,0.0,7.07,63.86,0,,0,,0,0.0,0.0,0.0,,,1.28,,,0.0,0.0,0.0,0.0,0,0
A. Cigaņiks,Luzern,DAC,"LB, LW",29,400000,2027-06-30,31,2287,2,2.49,1,1.85,16.72,53.41,Latvia,Latvia,left,174,68,no,9.8,8.03,63.24,1.77,42.22,0.83,1.15,0.12,3.9,5.44,1.18,2,0.08,0,0.0,2.75,0.08,2,0.08,0.1,0,0.0,31,1.22,25.81,6.452,0.04,2.79,40.85,2.44,37.1,0.31,62.5,0.2,1.93,55.1,4.68,45.38,1.34,1.14,0.63,28.77,1.69,0.91,40.26,75.66,15.51,63.96,5.51,92.86,12.59,81.56,32.15,83.97,5.67,43.75,19.81,38.71,0.07,0.63,0.04,0.0,0.71,33.33,0.43,6.14,62.82,3.46,37.5,0.67,29.41,0.51,0.98,8.85,72.44,0,,0,,0,0.0,0.0,0.0,,,0.16,,,0.24,0.04,0.0,0.12,0,0
J. Medvedev,Tatran Prešov,Slovan Bratislava,RB,30,400000,2027-06-30,10,757,0,0.27,0,0.81,18.67,59.87,Kazakhstan,"Kazakhstan, Czech Republic",right,180,74,yes,10.34,6.18,73.08,2.26,78.95,0.95,1.31,0.36,4.87,6.72,0.0,0,0.0,0,0.0,3.33,0.0,0,0.0,0.03,0,0.0,4,0.48,0.0,0.0,0.0,2.38,45.0,0.0,0.0,2.38,45.0,0.24,2.73,56.52,6.9,53.45,1.66,1.07,0.59,31.15,2.26,1.78,42.32,81.74,14.03,72.88,8.2,92.75,11.65,83.67,36.97,86.82,3.09,50.0,18.15,33.57,0.1,1.19,0.24,0.0,1.07,66.67,0.36,5.47,71.74,3.33,53.57,1.19,40.0,1.19,0.83,9.39,75.95,0,,0,,0,0.0,0.0,0.0,,,0.83,,,0.12,0.0,0.0,0.36,0,0
M. Kozak,Śląsk Wrocław,Spartak Trnava,"LW, LB, CF",29,400000,2027-06-30,11,597,0,0.92,0,1.49,30.6,47.29,Poland,Poland,left,176,76,no,7.54,7.54,64.0,2.26,33.33,0.45,0.58,0.0,2.26,2.88,1.51,0,0.0,0,0.0,6.93,0.0,0,0.0,0.14,0,0.0,10,1.51,30.0,0.0,0.0,5.13,35.29,4.67,35.48,0.45,33.33,0.3,8.59,52.63,16.88,44.64,2.71,3.62,1.81,19.6,2.11,2.26,30.15,72.5,8.59,73.68,5.88,89.74,8.89,64.41,23.37,81.29,1.81,66.67,20.11,21.8,0.22,1.81,0.0,0.0,0.15,100.0,0.45,3.17,85.71,4.37,51.72,0.6,75.0,1.36,1.36,6.63,77.27,0,,0,,0,0.0,0.0,0.0,,,0.45,,,1.81,0.15,0.0,3.62,0,0
A. Muhamedbegovic,Olimpija,DAC,LCB,27,400000,,24,2059,0,0.68,0,0.08,12.15,67.27,Austria,Austria,left,186,78,no,9.49,6.47,76.35,2.54,63.79,0.17,0.24,0.52,4.37,5.95,0.52,3,0.13,0,0.0,0.35,0.0,0,0.0,0.03,0,0.0,4,0.17,25.0,0.0,0.0,0.17,50.0,0.09,50.0,0.09,50.0,0.0,0.09,50.0,0.83,47.37,0.22,0.79,0.26,36.24,0.7,0.48,53.15,87.99,23.25,78.2,1.97,97.78,24.39,96.77,46.86,92.82,6.12,52.14,20.94,35.35,0.0,0.17,0.0,0.0,0.22,80.0,0.09,7.87,65.56,0.79,33.33,0.57,30.77,0.13,0.09,10.18,73.82,0,,0,,0,0.0,0.0,0.0,,,1.53,,,0.04,0.0,0.0,0.0,0,0
S. Lavrinčík,Jablonec,Trenčín,DMF,24,400000,,27,2140,2,2.43,3,0.88,18.71,51.91,Slovakia,Slovakia,right,178,74,no,8.29,5.68,62.96,2.73,47.69,0.21,0.37,0.21,4.5,7.99,0.93,4,0.17,1,0.04,1.89,0.08,2,0.08,0.1,0,0.0,38,1.6,21.05,5.263,0.13,0.34,12.5,0.13,0.0,0.21,20.0,0.08,2.31,56.36,6.98,45.78,0.71,0.88,0.34,33.18,0.17,2.1,49.37,87.22,14.8,74.43,6.6,98.09,21.24,92.87,44.03,90.45,5.05,64.17,19.07,37.96,0.04,0.67,0.08,0.04,0.46,45.45,0.25,8.29,80.71,1.51,41.67,0.8,42.11,0.63,0.0,6.52,79.35,0,,0,,0,0.0,0.0,0.0,,,0.55,,,0.13,0.0,0.0,0.63,0,0
J. Hahn,Paksi FC,DAC,CF,31,400000,,18,1108,3,4.81,3,1.27,23.8,33.11,Hungary,Hungary,right,183,73,no,6.01,6.82,57.14,3.17,28.21,0.16,0.23,0.16,1.95,2.72,1.79,2,0.16,0,0.0,2.11,0.24,3,0.24,0.39,0,0.0,20,1.62,55.0,15.0,0.24,0.81,30.0,0.16,50.0,0.57,28.57,0.16,2.44,30.0,9.02,25.23,3.98,0.73,0.08,9.58,1.14,1.14,14.86,72.13,4.71,65.52,3.25,82.5,3.98,65.31,13.0,78.13,1.14,28.57,15.93,28.08,0.1,0.81,0.08,0.0,0.49,50.0,0.49,1.87,56.52,1.06,53.85,0.41,40.0,0.81,0.24,1.54,68.42,0,,0,,0,0.0,0.0,0.0,,,0.0,,,0.0,0.0,0.0,0.24,1,0
D. Kružliak,FC Košice,DAC,RCB,29,400000,2027-06-30,25,2362,3,2.77,0,0.13,11.66,63.4,Slovakia,Slovakia,right,185,79,no,7.54,4.61,57.85,5.18,69.85,0.34,0.47,0.57,4.53,6.21,1.18,4,0.15,0,0.0,0.5,0.11,2,0.08,0.11,1,0.04,17,0.65,41.18,17.647,0.0,0.23,33.33,0.08,0.0,0.15,50.0,0.0,0.11,100.0,0.57,60.0,0.84,0.61,0.04,32.46,0.57,0.27,47.4,89.47,17.49,79.08,2.17,89.47,24.88,97.55,41.3,93.82,5.87,61.04,22.71,39.13,0.0,0.08,0.0,0.0,0.08,50.0,0.04,5.14,73.33,0.42,54.55,0.3,25.0,0.23,0.08,7.51,71.07,0,,0,,0,0.0,0.0,0.0,,,1.45,,,0.0,0.0,0.0,0.0,1,100
P. Blahút,Slovácko,Pohronie,"RB, RW, RAMF",28,400000,2029-06-30,29,2698,0,1.58,1,1.75,17.57,43.03,Slovakia,Slovakia,right,172,66,no,7.18,5.63,57.67,1.86,20.37,0.38,0.49,0.07,3.55,4.56,0.45,3,0.1,0,0.0,3.49,0.0,0,0.0,0.05,0,0.0,23,0.79,30.43,0.0,0.03,3.35,24.74,0.17,60.0,3.17,22.83,0.59,4.42,53.13,8.08,41.45,1.97,1.86,1.28,19.12,1.41,1.38,30.64,72.41,10.73,66.56,5.63,87.73,9.25,68.66,22.95,83.91,4.49,47.69,19.99,35.68,0.06,0.93,0.03,0.0,0.1,66.67,0.31,4.11,63.03,3.49,44.55,0.35,40.0,1.0,0.83,6.94,72.64,0,,0,,0,0.0,0.0,0.0,,,0.55,,,0.38,0.03,0.0,0.31,0,0
M. Ristovski,Bhayangkara F.C.,Spartak Trnava,CF,28,400000,,29,2124,8,11.81,1,1.38,27.16,29.17,North Macedonia,North Macedonia,right,188,84,no,3.31,2.84,53.73,5.21,31.71,0.17,0.23,0.17,1.61,2.2,1.06,4,0.17,0,0.0,2.25,0.34,8,0.34,0.5,2,0.08,69,2.92,39.13,11.594,0.04,0.3,28.57,0.04,0.0,0.25,33.33,0.0,2.67,33.33,12.75,25.91,3.69,0.47,0.25,10.68,1.19,1.53,17.25,83.54,2.71,59.38,4.66,90.91,5.47,85.27,16.36,85.49,0.59,57.14,14.71,14.18,0.06,0.76,0.08,0.0,0.42,30.0,0.21,1.48,74.29,0.81,47.37,0.38,22.22,0.47,0.08,0.76,94.44,0,,0,,0,0.0,0.0,0.0,,,0.0,,,0.08,0.08,50.0,0.0,2,0
T. Todoroski,Flamurtari Vlorë,Sereď,"RB, RW",27,400000,,13,671,0,0.1,0,0.31,18.24,41.91,North Macedonia,North Macedonia,right,180,70,no,12.21,8.45,58.73,1.48,9.09,0.54,0.59,0.27,6.71,7.32,0.54,1,0.13,0,0.0,1.74,0.0,0,0.0,0.01,0,0.0,2,0.27,0.0,0.0,0.0,1.74,23.08,0.0,0.0,1.74,23.08,0.4,3.76,32.14,7.24,29.63,1.07,1.34,0.67,21.19,1.61,0.8,29.24,80.28,11.27,73.81,4.69,94.29,7.91,83.05,25.35,88.36,2.15,31.25,17.85,25.04,0.04,0.54,0.0,0.0,0.4,33.33,0.27,2.55,57.89,2.01,33.33,0.27,0.0,0.4,0.4,4.16,58.06,0,,0,,0,0.0,0.0,0.0,,,0.27,,,0.13,0.0,0.0,0.0,0,0
P. Myslovič,Tirana,Žilina,"RCMF, LCMF",25,400000,,22,1014,3,3.82,1,1.36,17.57,42.42,Slovakia,Slovakia,left,180,72,no,8.79,8.08,51.65,1.69,21.05,0.27,0.4,0.09,4.35,6.48,1.24,2,0.18,0,0.0,2.57,0.27,2,0.18,0.34,0,0.0,31,2.75,38.71,9.677,0.09,0.98,9.09,0.44,20.0,0.44,0.0,0.0,2.66,43.33,5.06,42.11,0.98,0.44,0.36,24.94,0.36,0.71,34.62,79.74,11.54,65.38,7.37,93.98,8.43,85.26,31.07,84.57,2.57,48.28,16.73,24.37,0.12,0.71,0.09,0.09,0.62,42.86,0.36,5.15,70.69,2.22,48.0,0.71,37.5,0.98,0.18,6.3,70.42,0,,0,,0,0.0,0.0,0.0,,,0.53,,,1.15,0.18,0.0,1.6,1,100
P. Leitner,Ružomberok,Žilina,"RCB, LCB",24,375000,2028-06-30,5,376,0,0.0,0,0.02,14.6,55.74,Slovakia,Slovakia,right,184,78,no,10.53,8.38,65.71,2.87,33.33,0.24,0.33,0.0,4.79,6.67,1.2,1,0.24,0,0.0,0.24,0.0,0,0.0,0.0,0,0.0,0,0.0,0.0,0.0,0.0,0.48,0.0,0.0,0.0,0.48,0.0,0.0,0.24,100.0,1.44,50.0,0.24,0.96,0.0,42.61,0.72,0.48,61.52,87.55,21.54,80.0,5.51,91.3,26.81,92.86,54.81,93.45,6.22,42.31,19.88,37.46,0.0,0.24,0.0,0.0,0.24,0.0,0.0,6.7,60.71,0.72,0.0,0.72,33.33,0.0,0.0,8.38,71.43,0,,0,,0,0.0,0.0,0.0,,,3.35,,,0.0,0.0,0.0,0.0,0,0
J. Minárik,Žilina,Žilina,"RCB, LCB",29,375000,2028-06-30,20,1789,3,1.66,1,0.54,12.38,65.85,Slovakia,Slovakia,right,192,84,no,9.11,4.02,62.5,4.83,70.83,0.3,0.47,0.75,6.29,9.79,0.45,1,0.05,0,0.0,0.96,0.15,3,0.15,0.08,2,0.1,17,0.86,35.29,17.647,0.05,0.2,75.0,0.15,66.67,0.05,100.0,0.0,0.65,61.54,1.16,69.57,0.75,1.51,0.15,54.94,0.75,0.25,78.03,90.01,28.32,81.35,4.38,94.25,41.3,95.49,66.61,94.41,11.22,64.13,24.32,45.51,0.03,0.35,0.0,0.0,0.15,66.67,0.05,12.68,73.02,1.26,48.0,1.21,37.5,0.5,0.15,15.09,85.0,0,,0,,0,0.0,0.0,0.0,,,3.57,,,0.05,0.05,0.0,0.05,0,0
I. Krajčírik,Slovan Liberec,Ružomberok,GK,26,350000,2028-06-30,31,2944,0,0.0,0,0.03,0.67,77.27,Slovakia,Slovakia,left,189,83,no,1.83,0.09,66.67,0.34,90.91,0.0,0.0,0.03,1.77,2.24,0.03,4,0.12,0,0.0,0.09,0.0,0,0.0,0.0,0,0.0,0,0.0,0.0,0.0,0.0,0.0,0.0,0.0,0.0,0.0,0.0,0.0,0.09,100.0,0.18,66.67,0.0,0.0,0.0,11.49,0.21,0.15,18.77,82.08,11.16,72.33,0.0,0.0,7.18,97.87,10.18,98.2,8.5,63.67,35.45,49.55,0.0,0.03,0.0,0.03,0.0,0.0,0.03,2.75,44.44,0.21,0.0,0.15,20.0,0.0,0.0,5.81,75.79,22,0.67,100,3.06,16,78.0,22.48,0.69,0.48,0.015,0.0,1.1,0.34,,,,0.0,0,0
N. Kupusović,Radnik Bijeljina,Trenčín,CF,25,350000,2027-05-31,13,793,8,4.39,1,0.43,20.2,29.78,Bosnia and Herzegovina,"Bosnia and Herzegovina, Serbia",right,179,75,no,3.52,3.4,46.67,4.77,19.05,0.68,1.22,0.34,1.25,2.24,1.25,0,0.0,0,0.0,2.72,0.91,8,0.91,0.5,1,0.11,32,3.63,43.75,25.0,0.11,0.79,14.29,0.34,33.33,0.45,0.0,0.0,2.61,39.13,8.06,29.58,5.11,0.34,0.11,8.28,1.13,1.36,10.55,79.57,1.48,76.92,3.86,97.06,3.29,65.52,9.53,85.71,0.34,66.67,16.92,7.92,0.05,0.45,0.0,0.0,0.11,0.0,0.23,0.79,71.43,0.79,42.86,0.11,0.0,0.45,0.0,1.02,77.78,0,,0,,0,0.0,0.0,0.0,,,0.11,,,0.0,0.0,0.0,0.0,0,0
K. Koštrna,Spartak Trnava,Spartak Trnava,RB,32,350000,2027-06-30,16,1244,0,0.29,1,0.76,14.61,54.95,Slovakia,Slovakia,right,178,75,no,9.33,6.58,65.93,1.66,52.17,0.65,0.9,0.36,4.34,5.98,0.87,4,0.29,0,0.0,1.81,0.0,0,0.0,0.02,0,0.0,9,0.65,11.11,0.0,0.07,3.04,35.71,0.0,0.0,3.04,35.71,0.14,1.3,50.0,4.12,49.12,0.87,1.74,1.37,30.24,0.51,1.45,44.28,76.47,21.85,67.88,5.5,97.37,11.86,81.71,34.51,86.16,6.87,44.21,18.65,35.86,0.06,0.65,0.0,0.07,0.07,0.0,0.36,9.04,69.6,3.26,44.44,0.22,33.33,0.43,1.09,11.43,76.58,0,,0,,0,0.0,0.0,0.0,,,0.65,,,0.14,0.07,0.0,0.0,0,0
A. Chovan,Nieciecza,Slovan Bratislava,GK,30,350000,2028-06-30,20,1905,0,0.0,0,0.0,0.66,85.71,Slovakia,Slovakia,right,192,90,no,1.51,0.05,0.0,0.43,100.0,0.0,0.0,0.0,1.51,2.16,0.0,0,0.0,0,0.0,0.05,0.0,0,0.0,0.0,0,0.0,0,0.0,0.0,0.0,0.0,0.0,0.0,0.0,0.0,0.0,0.0,0.0,0.05,100.0,0.09,100.0,0.0,0.0,0.0,10.63,0.14,0.19,18.9,85.75,10.06,77.46,0.0,0.0,8.13,95.93,13.04,95.29,5.81,65.04,32.25,49.91,0.0,0.0,0.0,0.0,0.0,0.0,0.0,1.56,45.45,0.19,25.0,0.14,0.0,0.05,0.0,5.15,69.72,16,0.76,75,3.54,8,78.67,16.01,0.76,0.01,0.0,0.0,1.32,0.43,,,,0.0,0,0
A. Taiwo,Riga FC,DAC,CF,27,350000,,4,264,2,1.76,0,0.41,37.5,29.09,Nigeria,Nigeria,right,178,80,no,1.7,2.39,42.86,6.48,31.58,0.34,0.71,0.0,0.34,0.71,1.7,0,0.0,0,0.0,4.77,0.68,2,0.68,0.6,1,0.34,10,3.41,40.0,20.0,0.0,1.02,66.67,0.34,100.0,0.68,50.0,0.0,7.5,36.36,22.84,28.36,6.14,1.7,0.0,7.5,0.34,3.07,14.32,85.71,2.39,71.43,4.09,91.67,3.07,88.89,12.95,86.84,0.34,100.0,11.98,4.29,0.14,1.7,0.0,0.0,0.0,0.0,0.34,1.02,66.67,1.7,80.0,0.34,100.0,1.36,0.68,1.02,100.0,0,,0,,0,0.0,0.0,0.0,,,0.0,,,0.0,0.0,0.0,0.0,0,0
S. Kozlovský,Slovan Bratislava,Trenčín,LB,26,350000,2029-06-30,11,778,1,0.07,0,0.37,20.82,56.11,Slovakia,Slovakia,left,182,76,no,10.3,8.1,68.57,3.24,57.14,0.0,0.0,0.35,4.74,8.37,0.35,1,0.12,0,0.0,3.01,0.12,1,0.12,0.01,1,0.12,2,0.23,50.0,50.0,0.0,2.89,44.0,2.89,44.0,0.0,0.0,0.46,2.66,60.87,6.36,40.0,0.81,2.54,1.5,34.24,1.5,0.58,47.43,77.07,21.29,69.57,6.13,84.91,14.0,83.47,38.29,85.5,6.48,41.07,20.27,29.9,0.04,0.69,0.0,0.0,0.23,0.0,0.35,6.59,61.4,2.78,45.83,0.23,0.0,0.35,1.04,10.76,67.74,0,,0,,0,0.0,0.0,0.0,,,0.58,,,0.0,0.0,0.0,0.12,0,0
F. Bainović,Panionios,Trenčín,DMF,30,350000,2027-06-30,15,1376,1,0.51,1,0.8,12.69,63.92,Serbia,Serbia,right,179,76,no,8.11,5.36,71.95,1.57,45.83,0.33,0.59,0.13,3.92,7.03,0.39,3,0.2,0,0.0,1.64,0.07,1,0.07,0.03,0,0.0,19,1.24,15.79,5.263,0.07,0.33,60.0,0.13,100.0,0.2,33.33,0.13,1.5,65.22,3.53,59.26,0.13,1.44,0.33,44.35,0.07,0.72,62.27,89.18,17.07,76.63,7.91,96.69,28.19,93.97,54.75,92.11,7.26,68.47,20.49,41.01,0.05,0.98,0.07,0.07,0.59,44.44,0.2,12.69,77.32,1.31,65.0,0.85,30.77,0.72,0.2,10.92,86.83,0,,0,,0,0.0,0.0,0.0,,,0.92,,,0.33,0.13,50.0,0.2,0,0
Alex Méndez,Asteras Tripolis,Zemplín Michalovce,"LB, LWB",25,350000,2028-06-30,28,2412,0,0.33,1,2.12,23.88,56.49,Spain,Spain,left,182,73,no,12.4,9.73,65.74,2.44,61.9,1.09,1.37,0.19,4.92,6.23,0.93,5,0.19,0,0.0,3.22,0.0,0,0.0,0.01,0,0.0,9,0.35,0.0,0.0,0.04,3.06,35.44,3.06,35.44,0.0,0.0,0.23,3.22,66.27,8.45,48.62,0.66,2.33,1.28,26.24,1.05,1.82,40.39,76.49,16.55,64.87,7.25,94.12,9.88,77.25,33.14,83.74,4.38,46.9,18.7,31.21,0.08,0.62,0.04,0.0,0.08,0.0,0.35,5.19,64.18,2.98,50.65,0.23,16.67,0.54,1.09,9.53,63.41,0,,0,,0,0.0,0.0,0.0,,,0.54,,,0.35,0.0,0.0,0.47,0,0
M. Šulek,Ružomberok,Sereď,"LCB, RB, RCB",28,350000,2027-06-30,14,1160,0,0.35,1,0.8,12.1,64.74,Slovakia,Slovakia,right,179,65,no,8.61,5.43,70.0,2.48,56.25,0.0,0.0,0.39,4.81,5.69,0.7,2,0.16,0,0.0,1.09,0.0,0,0.0,0.03,0,0.0,12,0.93,8.33,0.0,0.08,0.31,25.0,0.08,0.0,0.23,33.33,0.0,1.16,73.33,2.09,70.37,0.78,1.63,0.31,27.7,0.78,0.7,42.44,86.11,17.22,75.68,2.72,94.29,17.15,95.48,37.09,91.0,5.04,53.85,21.23,30.15,0.06,0.31,0.0,0.0,0.08,100.0,0.08,6.21,67.5,0.93,8.33,0.39,40.0,0.08,0.08,7.45,70.83,0,,0,,0,0.0,0.0,0.0,,,1.63,,,0.0,0.0,0.0,0.0,0,0
P. Iľko,Žilina,Žilina,"CF, LCMF, LWF",25,350000,2027-12-31,24,1500,3,2.94,2,1.73,26.22,42.33,Slovakia,Slovakia,right,180,72,no,7.26,6.24,70.19,2.58,30.23,0.0,0.0,0.12,2.88,4.02,0.42,0,0.0,0,0.0,4.68,0.18,3,0.18,0.18,1,0.06,25,1.5,36.0,12.0,0.12,1.62,25.93,0.84,21.43,0.6,30.0,0.18,6.18,52.43,14.28,36.55,3.6,1.86,1.02,14.76,1.02,1.68,23.7,79.75,5.52,65.22,5.04,90.48,7.98,81.2,21.48,84.64,0.72,41.67,15.5,13.72,0.1,1.32,0.0,0.0,0.6,80.0,0.42,1.86,83.87,1.32,50.0,0.42,57.14,0.6,0.36,2.64,70.45,0,,0,,0,0.0,0.0,0.0,,,0.0,,,0.0,0.0,0.0,0.18,0,0
L. Stojsavljević,Spartak Trnava,Trenčín,LCB,28,325000,,15,1282,0,0.93,1,0.12,16.64,67.51,England,"England, Serbia",left,191,78,no,9.48,5.9,64.29,5.97,75.29,0.14,0.24,0.56,5.55,9.52,1.33,5,0.35,0,0.0,0.42,0.0,0,0.0,0.07,0,0.0,3,0.21,33.33,0.0,0.07,0.07,0.0,0.07,0.0,0.0,0.0,0.0,0.42,66.67,1.83,46.15,0.35,1.47,0.28,40.16,0.35,0.35,57.15,88.7,21.55,75.9,3.23,97.83,29.2,95.91,50.55,94.44,6.53,45.16,22.91,41.01,0.01,0.14,0.0,0.07,0.21,33.33,0.07,7.44,59.43,0.84,8.33,0.49,28.57,0.07,0.0,9.06,71.32,0,,0,,0,0.0,0.0,0.0,,,2.95,,,0.0,0.0,0.0,0.0,0,0
F. Lichy,Slovan Bratislava,Ružomberok,"LCMF, RCMF, RDMF",25,325000,2027-06-30,22,1517,3,2.65,2,1.44,16.79,58.3,Slovakia,Slovakia,right,187,67,no,8.78,6.7,63.72,2.73,52.17,0.83,1.15,0.53,3.68,5.1,1.07,2,0.12,0,0.0,1.96,0.18,3,0.18,0.16,0,0.0,24,1.42,29.17,12.5,0.12,0.89,20.0,0.36,0.0,0.53,33.33,0.06,1.96,66.67,4.51,55.26,1.72,1.48,0.18,25.69,0.24,1.31,39.33,82.35,12.76,69.77,6.29,95.28,15.43,86.54,33.76,88.05,4.81,51.85,21.24,30.96,0.09,0.71,0.0,0.0,0.24,25.0,0.42,6.7,68.14,1.6,51.85,0.65,45.45,0.65,0.18,6.94,67.52,0,,0,,0,0.0,0.0,0.0,,,1.31,,,0.0,0.0,0.0,0.06,0,0
E. Ikoba,Zemun,Trenčín,CF,28,325000,2027-06-30,22,921,4,7.07,1,0.24,29.02,26.94,United States,"United States, Nigeria",right,193,101,no,3.62,3.42,51.43,7.82,40.0,0.1,0.18,0.0,1.76,3.29,2.44,2,0.2,0,0.0,2.25,0.39,4,0.39,0.69,3,0.29,34,3.32,41.18,11.765,0.1,0.59,16.67,0.39,0.0,0.1,100.0,0.0,1.86,36.84,11.73,13.33,4.1,0.68,0.2,6.84,2.15,0.68,12.9,69.7,3.42,57.14,3.03,90.32,3.91,70.0,12.02,73.17,0.29,33.33,20.32,4.19,0.02,0.39,0.0,0.0,0.29,33.33,0.1,1.86,57.89,0.39,50.0,0.39,25.0,0.2,0.1,0.88,77.78,0,,0,,0,0.0,0.0,0.0,,,0.0,,,0.0,0.0,0.0,0.0,1,0
L. Fabiš,Skalica,Ružomberok,RB,28,300000,2027-06-30,32,3035,1,1.15,4,2.78,14.68,52.93,Slovakia,Slovakia,right,185,84,no,12.93,8.18,56.88,2.19,39.19,0.95,1.19,0.47,7.32,9.2,0.71,3,0.09,0,0.0,2.73,0.03,1,0.03,0.03,0,0.0,20,0.59,20.0,5.0,0.12,3.47,36.75,0.09,66.67,3.35,36.28,0.36,1.57,69.81,2.58,58.62,0.74,1.33,0.74,21.94,1.57,0.47,37.48,72.15,18.44,66.88,4.09,95.65,10.47,76.77,27.7,82.33,6.52,46.82,22.55,38.82,0.08,0.68,0.03,0.09,0.39,61.54,0.53,6.41,58.8,3.2,43.52,0.68,34.78,0.44,1.16,10.59,74.23,0,,0,,0,0.0,0.0,0.0,,,0.74,,,0.18,0.18,16.67,0.06,0,0
M. Zsigmund,FC Košice,Ružomberok,"RCMF, RDMF, LCMF",29,300000,2027-06-30,6,351,0,0.06,0,0.33,17.95,50.0,Slovakia,Slovakia,right,175,78,no,10.51,8.72,50.0,1.79,57.14,0.51,0.7,0.0,5.64,7.67,0.77,1,0.26,0,0.0,0.26,0.0,0,0.0,0.01,0,0.0,2,0.51,0.0,0.0,0.0,0.26,0.0,0.0,0.0,0.26,0.0,0.0,1.03,25.0,5.64,50.0,0.26,0.77,1.54,18.21,0.26,2.31,34.1,82.71,13.85,74.07,5.13,95.0,10.77,92.86,30.26,86.44,3.59,57.14,18.82,21.66,0.08,0.77,0.0,0.0,0.26,0.0,0.0,6.41,76.0,0.77,66.67,0.26,100.0,0.26,0.0,6.67,73.08,0,,0,,0,0.0,0.0,0.0,,,0.77,,,0.0,0.0,0.0,0.0,0,0
L. Pauschek,Zemplín Michalovce,Slovan Bratislava,RB,33,300000,2027-06-30,13,892,0,0.12,0,0.08,13.62,52.59,Slovakia,Slovakia,right,180,80,no,6.46,4.44,52.27,3.33,63.64,0.2,0.3,0.4,3.93,5.91,0.81,2,0.2,0,0.0,1.31,0.0,0,0.0,0.01,0,0.0,1,0.1,100.0,0.0,0.0,0.91,22.22,0.0,0.0,0.91,22.22,0.1,2.02,50.0,4.24,40.48,0.5,0.61,0.3,22.6,1.21,1.01,30.57,78.88,13.62,66.67,6.05,93.33,6.26,80.65,26.84,85.34,2.93,37.93,17.37,26.51,0.01,0.3,0.2,0.0,0.2,0.0,0.0,4.74,55.32,1.41,28.57,0.4,0.0,0.4,0.1,6.05,71.67,0,,0,,0,0.0,0.0,0.0,,,0.81,,,0.0,0.0,0.0,0.0,0,0
D. Iliev,Rapid Bucureşti,Trenčín,GK,31,300000,2027-06-30,14,1340,0,0.0,0,0.0,1.41,80.95,North Macedonia,"North Macedonia, England",right,195,87,no,2.49,0.27,0.0,0.81,100.0,0.07,0.11,0.0,2.42,3.79,0.07,3,0.2,0,0.0,0.0,0.0,0,0.0,0.0,0,0.0,0,0.0,0.0,0.0,0.0,0.0,0.0,0.0,0.0,0.0,0.0,0.0,0.0,0.0,0.34,100.0,0.0,0.0,0.0,13.1,0.07,0.34,23.51,83.71,12.69,73.02,0.0,0.0,9.87,95.92,15.51,97.4,7.93,57.63,35.01,54.17,0.0,0.07,0.0,0.0,0.0,0.0,0.0,4.03,51.67,0.67,0.0,0.54,12.5,0.0,0.0,4.97,75.68,15,1.01,51,3.43,5,70.59,15.02,1.01,0.02,0.001,0.0,2.22,0.81,,,,0.0,0,0
E. Henty,Hapoel Ramat Gan,Slovan Bratislava,CF,33,300000,,17,1155,9,5.97,2,1.1,29.92,42.71,Nigeria,Nigeria,right,185,90,no,3.27,3.04,53.85,5.77,50.0,0.0,0.0,0.0,1.64,2.33,1.64,2,0.16,0,0.0,6.23,0.7,9,0.7,0.47,1,0.08,50,3.9,44.0,18.0,0.16,1.09,35.71,0.7,44.44,0.31,25.0,0.31,5.45,64.29,15.27,43.37,6.16,2.18,1.32,17.92,2.18,1.25,27.27,80.86,6.47,73.49,7.25,90.32,6.78,79.31,25.01,83.49,1.32,58.82,14.25,17.95,0.09,1.09,0.08,0.08,0.94,66.67,0.55,2.65,82.35,1.95,68.0,0.86,63.64,1.25,0.39,2.57,84.85,0,,0,,0,0.0,0.0,0.0,,,0.08,,,0.0,0.0,0.0,0.08,0,0
M. Vojtko,Lechia Gdańsk,Slovan Bratislava,LB,25,300000,2028-06-30,13,1103,0,0.41,0,1.02,18.77,54.35,Slovakia,Slovakia,left,181,76,no,11.59,10.04,69.92,3.26,50.0,0.41,0.55,0.16,4.16,5.65,1.47,0,0.0,0,0.0,2.04,0.0,0,0.0,0.03,0,0.0,9,0.73,11.11,0.0,0.0,4.24,34.62,4.24,34.62,0.0,0.0,0.65,0.98,50.0,2.53,29.03,0.73,0.73,0.33,30.6,2.12,0.33,41.29,76.48,15.34,65.96,7.67,92.55,12.81,78.34,33.7,85.47,3.43,38.1,20.34,38.68,0.08,0.73,0.0,0.08,0.16,0.0,0.41,5.3,67.69,3.92,41.67,0.41,20.0,0.41,1.47,9.14,71.43,0,,0,,0,0.0,0.0,0.0,,,0.82,,,0.24,0.08,0.0,0.57,0,0
A. Mustafić,Komárno,Slovan Bratislava,"LCMF, RDMF, AMF",26,300000,2027-06-30,16,1092,2,1.55,2,1.15,21.59,51.15,Bosnia and Herzegovina,Bosnia and Herzegovina,right,185,76,no,11.79,9.64,62.39,2.97,50.0,0.99,1.4,0.49,4.78,6.77,2.23,4,0.33,0,0.0,2.06,0.16,2,0.16,0.13,0,0.0,10,0.82,20.0,20.0,0.16,0.41,40.0,0.08,0.0,0.16,100.0,0.0,1.73,57.14,5.27,37.5,1.15,0.49,0.0,30.16,0.58,0.82,43.52,82.77,14.67,70.79,6.59,92.5,15.49,90.43,39.97,86.19,3.13,44.74,18.88,37.03,0.1,0.74,0.0,0.08,1.4,52.94,0.41,6.18,65.33,1.81,59.09,2.06,48.0,0.99,0.16,6.76,75.61,0,,0,,0,0.0,0.0,0.0,,,0.66,,,0.0,0.0,0.0,0.08,0,0
V. Weiss,Slovan Bratislava,Slovan Bratislava,"AMF, LAMF, CF",36,300000,,20,1446,7,4.96,1,4.48,26.95,45.27,Slovakia,Slovakia,right,175,72,no,4.73,5.04,54.32,0.31,40.0,0.37,0.53,0.0,1.62,2.3,1.56,6,0.37,1,0.06,6.66,0.44,4,0.25,0.31,0,0.0,33,2.05,48.48,21.212,0.06,2.68,39.53,1.49,41.67,1.18,36.84,0.62,6.1,56.12,18.36,44.75,2.86,3.42,1.31,33.67,1.12,4.17,46.49,77.64,16.43,71.21,5.85,90.43,15.19,77.05,41.08,81.67,2.86,56.52,16.28,31.15,0.28,2.37,0.25,0.0,2.3,51.35,0.87,7.41,71.43,5.23,47.62,2.43,38.46,1.99,1.0,8.96,90.97,0,,0,,0,0.0,0.0,0.0,,,0.12,,,1.93,0.37,33.33,2.61,3,100
Adler,Slovan Bratislava,Slovan Bratislava,"CF, AMF",27,300000,,22,902,0,1.77,4,1.04,23.85,41.84,Switzerland,"Switzerland, Brazil",right,187,84,no,3.49,3.89,53.85,3.39,32.35,0.0,0.0,0.1,1.4,2.02,0.7,0,0.0,0,0.0,4.49,0.0,0,0.0,0.18,0,0.0,22,2.2,36.36,0.0,0.4,1.1,27.27,0.4,25.0,0.6,16.67,0.4,4.89,63.27,12.97,45.38,2.59,1.8,1.3,14.97,1.5,1.2,23.05,73.16,6.39,65.63,3.99,85.0,6.88,68.12,20.75,76.44,1.4,50.0,13.65,16.37,0.1,1.0,0.1,0.0,0.8,37.5,0.5,3.19,59.38,1.9,57.89,0.6,16.67,0.8,0.3,3.19,87.5,0,,0,,0,0.0,0.0,0.0,,,0.0,,,0.0,0.0,0.0,0.0,0,0
M. Bukata,Zlaté Moravce,Spartak Trnava,"LCMF, RCMF",32,300000,2027-06-30,27,2147,4,4.06,2,3.25,19.79,48.31,Slovakia,Slovakia,right,174,72,no,9.77,7.17,61.4,1.63,48.72,0.63,0.82,0.04,4.74,6.21,1.3,6,0.25,0,0.0,2.47,0.17,4,0.17,0.17,1,0.04,36,1.51,30.56,11.111,0.08,0.67,25.0,0.38,22.22,0.21,40.0,0.08,3.02,51.39,7.5,40.78,1.59,1.13,0.17,23.18,0.38,1.38,34.54,82.52,9.35,66.37,6.54,93.59,12.7,87.46,30.06,86.61,3.9,59.14,18.38,34.53,0.14,1.17,0.04,0.0,0.71,41.18,0.29,5.7,69.85,2.05,53.06,0.8,31.58,0.75,0.17,4.82,80.0,0,,0,,0,0.0,0.0,0.0,,,0.17,,,0.67,0.08,0.0,1.97,0,0
Izuchukwu Anthony,,Spartak Trnava,RCB,28,300000,,3,219,0,0.12,0,0.03,18.9,65.22,Nigeria,Nigeria,both,187,87,no,12.74,9.86,79.17,5.34,61.54,0.82,1.2,0.41,4.11,6.0,0.41,1,0.41,0,0.0,0.41,0.0,0,0.0,0.05,0,0.0,1,0.41,0.0,0.0,0.0,0.0,0.0,0.0,0.0,0.0,0.0,0.0,0.82,50.0,2.47,16.67,0.41,0.0,0.0,27.12,0.0,0.0,42.74,89.42,16.44,75.0,4.52,100.0,19.73,97.92,35.34,96.51,7.4,55.56,22.4,39.08,0.01,0.82,0.0,0.0,0.0,0.0,0.0,3.29,37.5,0.41,0.0,0.0,0.0,0.0,0.0,5.75,78.57,0,,0,,0,0.0,0.0,0.0,,,3.7,,,0.0,0.0,0.0,0.0,0,0
R. Jureškin,Tenerife,Sereď,LB,25,300000,,30,2553,5,2.9,4,5.05,14.67,48.56,Croatia,Croatia,left,188,82,no,9.62,6.35,55.56,2.36,55.22,0.35,0.41,0.21,5.75,6.67,0.78,4,0.14,0,0.0,2.57,0.18,4,0.14,0.1,0,0.0,35,1.23,31.43,14.286,0.14,3.98,29.2,3.81,29.63,0.18,20.0,0.32,1.66,55.32,3.56,34.65,0.85,1.13,0.74,15.97,1.48,0.21,25.95,65.9,9.2,61.69,3.42,88.66,9.66,63.5,18.58,75.9,3.84,55.05,22.23,39.99,0.18,1.45,0.0,0.07,0.35,30.0,0.46,3.07,57.47,3.63,35.92,0.6,47.06,0.42,1.06,6.59,61.5,0,,0,,0,0.0,0.0,0.0,,,0.6,,,0.71,0.21,50.0,2.15,1,100
Dani Iglesias,Sepsi,Sereď,"RCMF, RDMF",31,300000,,24,1953,0,1.11,1,2.45,23.55,51.86,Spain,Spain,right,173,70,no,12.35,11.38,61.13,1.71,48.65,0.83,0.96,0.18,4.56,5.27,1.98,6,0.28,0,0.0,1.8,0.0,0,0.0,0.05,0,0.0,19,0.88,21.05,0.0,0.05,0.78,41.18,0.18,50.0,0.6,38.46,0.09,1.98,53.49,7.42,39.75,0.83,1.11,0.46,26.54,0.09,1.15,43.0,87.25,15.44,78.81,6.13,98.5,14.65,91.82,40.6,89.22,1.66,58.33,16.49,23.67,0.11,1.34,0.0,0.0,0.51,45.45,0.32,6.87,83.89,1.43,48.39,0.55,41.67,0.55,0.32,6.04,72.52,0,,0,,0,0.0,0.0,0.0,,,0.28,,,0.32,0.0,0.0,0.88,0,0
A. Kozhukhar,Asia Talas,Zemplín Michalovce,GK,27,300000,2027-06-30,15,1421,0,0.0,0,0.0,1.08,68.75,Moldova,"Moldova, Ukraine",right,197,0,yes,1.56,0.27,25.0,0.47,85.71,0.07,0.09,0.0,1.42,1.79,0.07,1,0.06,1,0.06,0.0,0.0,0,0.0,0.0,0,0.0,0,0.0,0.0,0.0,0.0,0.0,0.0,0.0,0.0,0.0,0.0,0.0,0.0,0.0,0.0,0.0,0.0,0.0,0.0,9.53,0.41,0.14,16.16,74.48,11.7,67.05,0.0,0.0,3.99,93.22,7.03,96.15,9.13,57.78,42.16,55.01,0.0,0.0,0.0,0.0,0.0,0.0,0.0,3.65,59.26,0.07,100.0,0.0,0.0,0.0,0.0,6.56,76.29,21,1.42,50,3.38,3,58.0,18.91,1.28,-2.09,-0.141,0.0,1.35,0.47,,,,0.0,0,0
E. Mashike,Zemplín Michalovce,Žilina,CF,32,300000,,19,1601,7,8.45,1,0.53,28.73,29.75,Congo DR,Congo DR,right,186,79,no,2.75,2.98,49.06,7.48,24.81,0.0,0.0,0.11,1.29,1.43,1.52,3,0.17,0,0.0,2.7,0.39,5,0.28,0.47,1,0.06,40,2.25,42.5,17.5,0.06,0.96,23.53,0.28,40.0,0.67,16.67,0.0,2.92,46.15,12.82,27.19,2.75,1.18,0.79,9.22,1.74,0.9,17.93,72.1,3.88,62.32,5.12,87.91,5.17,72.83,16.53,75.85,0.56,30.0,14.42,23.23,0.03,0.06,0.0,0.0,0.67,25.0,0.06,2.14,63.16,0.9,37.5,0.56,30.0,0.28,0.22,1.8,68.75,0,,0,,0,0.0,0.0,0.0,,,0.0,,,0.0,0.0,0.0,0.0,2,100
B. Karrica,Vora,Sereď,"LW, CF, LAMF",25,275000,,11,647,2,1.59,0,0.58,30.19,37.79,Kosovo,"Kosovo, Albania",right,184,0,no,4.87,6.4,41.3,4.59,30.3,0.97,1.24,0.14,1.25,1.6,1.67,2,0.28,0,0.0,6.4,0.28,2,0.28,0.22,0,0.0,26,3.62,34.62,7.692,0.0,2.78,30.0,2.36,29.41,0.28,50.0,0.56,7.51,55.56,14.05,40.59,3.34,3.2,1.39,15.72,1.67,1.11,24.06,66.47,6.12,54.55,5.15,91.89,7.37,64.15,19.06,75.91,2.5,33.33,19.79,25.24,0.08,0.83,0.0,0.0,0.42,33.33,0.28,2.78,55.0,3.2,30.43,0.97,14.29,0.28,0.97,3.2,73.91,0,,0,,0,0.0,0.0,0.0,,,0.28,,,0.0,0.0,0.0,0.56,0,0
M. Regáli,Tatran Prešov,Ružomberok,"LW, LAMF, CF",32,275000,2027-06-30,30,2550,10,9.93,5,2.72,22.76,44.34,Slovakia,Slovakia,right,180,71,no,5.47,4.94,57.14,2.19,30.65,0.11,0.13,0.07,2.54,3.23,1.02,8,0.28,0,0.0,5.75,0.35,10,0.35,0.35,0,0.0,73,2.58,32.88,13.699,0.18,2.68,32.89,2.01,26.32,0.64,50.0,0.39,6.85,54.12,12.6,44.26,5.61,3.21,1.73,18.56,2.65,1.59,26.82,73.29,5.72,64.81,7.48,89.62,6.99,69.19,23.47,78.35,0.81,47.83,15.4,16.51,0.1,1.09,0.14,0.0,0.67,47.37,0.49,1.8,62.75,3.0,49.41,0.32,33.33,1.41,0.95,3.95,78.57,0,,0,,0,0.0,0.0,0.0,,,0.11,,,0.04,0.04,0.0,0.0,0,0
M. Chrien,Ružomberok,Pohronie,"AMF, LCMF, RCMF",30,275000,,7,314,0,0.67,0,0.05,18.65,47.62,Slovakia,Slovakia,right,191,83,no,7.11,5.03,58.82,4.74,50.0,0.59,0.85,0.59,3.55,5.07,0.89,0,0.0,0,0.0,1.78,0.0,0,0.0,0.2,0,0.0,2,0.59,0.0,0.0,0.0,1.78,33.33,0.0,0.0,1.78,33.33,0.3,2.07,57.14,7.11,33.33,1.48,0.59,0.0,17.17,2.37,1.78,29.31,75.76,10.07,76.47,3.26,90.91,10.36,74.29,25.76,78.16,1.78,83.33,17.57,18.0,0.01,0.3,0.0,0.0,0.0,0.0,0.0,3.55,75.0,3.26,45.45,0.0,0.0,1.48,0.59,5.92,75.0,0,,0,,0,0.0,0.0,0.0,,,0.0,,,0.3,0.0,0.0,0.3,0,0
A. Kadlec,Nitra,Sereď,RB,30,275000,,16,1465,4,0.91,2,1.74,16.59,49.26,Slovakia,Slovakia,right,177,77,no,10.26,8.6,54.29,1.47,37.5,0.61,0.78,0.37,4.98,6.34,1.04,4,0.25,0,0.0,3.26,0.25,4,0.25,0.06,1,0.06,15,0.92,53.33,26.667,0.12,3.38,52.73,0.0,0.0,3.38,52.73,0.12,1.72,53.57,3.69,43.33,1.35,1.17,1.17,20.89,1.47,0.55,32.19,78.24,12.1,74.62,4.67,93.42,9.95,79.01,25.99,82.74,3.13,62.75,18.66,35.6,0.11,1.23,0.12,0.0,0.18,33.33,0.61,3.44,75.0,3.32,66.67,0.12,50.0,0.74,1.72,7.8,80.31,0,,0,,0,0.0,0.0,0.0,,,0.25,,,0.06,0.0,0.0,0.0,0,0
D. Veselovský,Dukla Banská Bystrica,DAC,"RW, AMF, CF",23,275000,2027-06-30,11,396,0,0.41,1,0.44,15.45,38.24,Czech Republic,"Czech Republic, Slovakia",right,170,70,no,4.32,5.23,52.17,1.36,16.67,0.0,0.0,0.0,1.59,2.16,1.36,0,0.0,0,0.0,3.18,0.0,0,0.0,0.09,0,0.0,7,1.59,71.43,0.0,0.23,2.27,30.0,0.0,0.0,2.27,30.0,0.45,2.05,55.56,4.77,33.33,2.27,0.91,0.23,14.32,0.68,0.23,20.68,74.73,4.32,52.63,4.32,100.0,6.14,70.37,18.18,80.0,0.45,100.0,17.72,6.44,0.1,0.68,0.0,0.0,0.45,50.0,0.45,2.05,88.89,2.95,46.15,0.0,0.0,0.91,0.68,3.18,64.29,0,,0,,0,0.0,0.0,0.0,,,0.0,,,0.0,0.0,0.0,1.14,0,0
Saymon Cabral,Dibba Al Fujairah,Spartak Trnava,"RW, RAMF",24,250000,2026-06-30,14,925,5,2.97,2,1.57,16.35,50.6,Brazil,Brazil,right,170,70,no,5.84,3.6,72.97,1.26,23.08,0.29,0.4,0.1,2.92,3.98,0.68,0,0.0,0,0.0,4.77,0.49,5,0.49,0.29,0,0.0,19,1.85,68.42,26.316,0.19,4.18,16.28,0.1,0.0,3.99,17.07,0.19,4.18,60.47,8.46,50.57,5.45,2.53,2.04,17.42,2.14,0.78,24.42,72.11,5.35,76.36,6.23,95.31,8.46,60.92,19.56,84.58,0.68,57.14,16.8,11.61,0.15,0.97,0.0,0.0,0.49,60.0,0.58,1.65,70.59,3.02,32.26,0.39,50.0,1.07,0.97,3.5,66.67,0,,0,,0,0.0,0.0,0.0,,,0.1,,,0.0,0.0,0.0,0.0,0,0
M. Madleňák,FC Košice,Ružomberok,LB,27,250000,2028-06-30,30,2800,3,3.44,1,2.94,25.36,57.29,Slovakia,Slovakia,left,175,74,no,12.66,10.16,63.29,4.24,65.91,0.39,0.48,0.16,5.85,7.24,1.61,8,0.26,0,0.0,3.41,0.1,3,0.1,0.11,2,0.06,21,0.68,33.33,14.286,0.03,2.6,30.86,2.57,30.0,0.03,100.0,0.55,3.7,61.74,7.75,49.79,1.7,1.9,0.74,22.82,2.12,1.96,37.9,74.3,18.03,68.81,5.5,91.23,8.78,75.46,30.54,82.74,4.79,44.3,19.63,40.09,0.09,0.87,0.03,0.03,0.19,50.0,0.35,6.4,63.32,2.57,51.25,0.35,54.55,0.77,0.8,9.71,70.53,0,,0,,0,0.0,0.0,0.0,,,0.39,,,0.13,0.03,100.0,0.0,0,0
J. Pirinen,Oulu,Trenčín,"LCB, RCB",34,250000,2027-12-31,29,2721,1,1.03,0,0.06,17.53,64.15,Finland,Finland,left,185,81,no,10.02,6.81,73.3,5.56,59.52,0.3,0.53,0.33,4.73,8.35,1.03,5,0.17,0,0.0,0.33,0.03,1,0.03,0.03,1,0.03,7,0.23,42.86,14.286,0.0,0.07,50.0,0.07,50.0,0.0,0.0,0.03,0.36,54.55,1.55,48.94,0.3,1.29,0.43,42.04,0.5,1.16,61.79,90.42,24.81,83.07,3.61,98.17,28.21,96.6,55.4,94.33,6.35,56.77,22.28,42.14,0.0,0.1,0.03,0.03,0.0,0.0,0.0,6.48,74.49,0.5,26.67,0.3,33.33,0.1,0.0,11.25,75.88,0,,0,,0,0.0,0.0,0.0,,,2.68,,,0.0,0.0,0.0,0.0,0,0
G. Kashia,Slovan Bratislava,Slovan Bratislava,RCB,38,250000,2026-06-30,23,1813,2,1.55,0,0.14,13.5,68.38,Georgia,Georgia,right,185,85,no,11.07,6.4,72.09,4.17,66.67,0.69,0.97,0.79,5.76,8.02,0.79,2,0.1,0,0.0,0.45,0.1,2,0.1,0.08,1,0.05,10,0.5,50.0,20.0,0.0,0.0,0.0,0.0,0.0,0.0,0.0,0.0,0.2,75.0,1.04,61.9,0.84,1.39,0.3,32.61,0.79,0.65,49.1,85.95,25.27,78.19,1.69,97.06,17.72,95.52,41.1,91.43,7.99,57.76,20.35,35.96,0.01,0.1,0.0,0.05,0.25,20.0,0.0,8.44,72.35,0.89,33.33,1.09,40.91,0.35,0.0,11.57,74.25,0,,0,,0,0.0,0.0,0.0,,,0.89,,,0.0,0.0,0.0,0.0,0,0
M. Pintér,Veľké Ludince,Zlaté Moravce,LCB,32,250000,,14,986,0,0.55,1,0.9,19.26,62.56,Slovakia,Slovakia,left,182,78,no,13.14,7.58,73.49,4.02,59.09,0.91,1.1,0.91,6.66,8.02,1.0,4,0.37,0,0.0,1.19,0.0,0,0.0,0.05,0,0.0,5,0.46,20.0,0.0,0.09,0.37,75.0,0.37,75.0,0.0,0.0,0.09,1.0,72.73,2.19,66.67,0.73,1.1,0.27,22.55,0.46,1.55,39.52,79.68,20.81,70.61,1.37,100.0,14.88,93.87,31.49,85.51,7.76,56.47,23.55,36.52,0.08,0.27,0.0,0.0,0.18,50.0,0.27,5.29,56.9,0.91,40.0,0.46,60.0,0.27,0.18,9.95,68.81,0,,0,,0,0.0,0.0,0.0,,,0.73,,,0.0,0.0,0.0,0.0,0,0
M. Kukučka,Koper,Trenčín,GK,24,250000,2026-06-30,25,2383,0,0.0,0,0.0,0.6,68.75,Slovakia,Slovakia,left,191,77,yes,1.47,0.08,50.0,0.42,72.73,0.04,0.06,0.0,1.4,2.4,0.08,1,0.04,1,0.04,0.04,0.0,0,0.0,0.0,0,0.0,0,0.0,0.0,0.0,0.0,0.0,0.0,0.0,0.0,0.0,0.0,0.0,0.08,50.0,0.11,66.67,0.0,0.0,0.0,17.64,0.19,0.11,25.34,89.42,10.57,76.79,0.04,100.0,13.63,98.61,19.07,99.01,6.23,60.61,28.41,48.43,0.0,0.0,0.0,0.0,0.0,0.0,0.04,1.36,38.89,0.08,0.0,0.15,50.0,0.0,0.0,4.42,65.81,33,1.25,98,3.7,7,66.33,28.35,1.07,-4.65,-0.176,0.0,0.91,0.42,,,,0.0,0,0
M. Gamboš,Komárno,Zlaté Moravce,"LCMF, AMF, CF",28,250000,,15,988,0,2.3,0,0.12,21.41,45.96,Slovakia,Slovakia,right,182,76,no,8.93,8.47,53.76,2.91,40.63,0.46,0.57,0.27,3.92,4.92,2.91,5,0.46,0,0.0,2.1,0.0,0,0.0,0.21,0,0.0,22,2.0,9.09,0.0,0.0,1.73,47.37,0.73,37.5,1.0,54.55,0.09,0.64,42.86,4.74,48.08,1.82,0.64,0.09,23.41,1.37,2.28,35.53,76.15,12.57,63.04,7.65,92.86,10.75,76.27,28.69,82.22,5.19,52.63,19.78,33.34,0.01,0.46,0.09,0.0,1.28,64.29,0.09,6.19,66.18,2.82,54.84,1.09,50.0,1.18,0.73,7.01,71.43,0,,0,,0,0.0,0.0,0.0,,,0.55,,,0.09,0.0,0.0,0.36,0,0
R. Szánthó,Žilina,DAC,"RW, LW",25,250000,,7,383,1,1.15,0,1.13,22.09,39.36,Hungary,Hungary,left,186,77,no,7.52,7.75,54.55,2.11,22.22,0.0,0.0,0.0,3.29,3.89,1.64,0,0.0,0,0.0,3.76,0.23,1,0.23,0.27,0,0.0,11,2.58,27.27,9.091,0.0,1.17,60.0,0.0,0.0,1.17,60.0,0.47,3.99,47.06,8.46,30.56,1.88,1.41,0.47,19.03,1.64,0.23,27.02,72.17,9.4,62.5,5.64,79.17,7.05,76.67,23.73,73.27,2.11,66.67,16.13,27.48,0.27,2.11,0.47,0.0,1.17,40.0,0.47,3.99,58.82,3.05,69.23,0.7,66.67,1.41,0.7,6.81,72.41,0,,0,,0,0.0,0.0,0.0,,,0.23,,,0.47,0.23,0.0,1.64,0,0
D. Takáč,Podbeskidzie Bielsko-Biała,Ružomberok,"AMF, CF, LDMF",28,250000,2027-06-30,16,1298,1,2.15,5,2.65,14.28,47.09,Slovakia,Slovakia,right,178,75,no,5.55,3.61,63.46,0.69,40.0,0.35,0.43,0.28,2.91,3.6,0.9,0,0.0,0,0.0,3.47,0.07,1,0.07,0.15,0,0.0,32,2.22,34.38,3.125,0.35,1.94,32.14,0.62,33.33,1.32,31.58,0.28,3.54,47.06,7.77,43.75,1.59,2.08,0.83,31.9,0.55,1.53,43.2,80.1,14.21,70.24,7.56,97.25,15.6,81.78,34.25,87.85,7.14,55.34,20.1,36.69,0.18,1.53,0.21,0.0,0.83,50.0,0.62,9.85,69.01,3.61,44.23,1.87,33.33,1.53,0.55,8.6,87.1,0,,0,,0,0.0,0.0,0.0,,,0.21,,,1.53,0.0,0.0,3.74,0,0
T. Kostadinov,Slovácko,Ružomberok,"LAMF, AMF, CF",30,250000,2028-06-30,9,568,1,1.59,1,1.34,21.23,37.31,North Macedonia,North Macedonia,right,180,75,no,6.5,5.7,47.22,3.17,45.0,0.32,0.4,0.0,3.49,4.43,0.95,2,0.32,0,0.0,2.69,0.16,1,0.16,0.25,0,0.0,10,1.58,20.0,10.0,0.16,2.22,35.71,0.63,0.0,1.58,50.0,0.48,3.64,26.09,8.87,25.0,2.69,0.79,0.79,22.98,1.43,1.27,33.27,76.67,10.14,62.5,9.03,85.96,9.51,83.33,29.15,82.07,1.9,41.67,17.68,27.31,0.21,2.22,0.0,0.0,1.58,40.0,0.79,3.33,71.43,3.64,47.83,0.95,50.0,2.22,0.95,5.07,81.25,0,,0,,0,0.0,0.0,0.0,,,0.32,,,0.63,0.0,0.0,0.16,0,0
B. Anang,,Žilina,"RB, LB",26,250000,,22,1616,1,0.85,1,0.95,14.59,56.11,Ghana,Ghana,right,174,65,no,9.97,6.35,67.54,2.34,47.62,0.56,0.88,0.28,5.12,8.12,0.56,5,0.28,0,0.0,2.67,0.06,1,0.06,0.05,0,0.0,17,0.95,29.41,5.882,0.06,2.28,46.34,0.45,37.5,1.84,48.48,0.39,1.84,51.52,3.62,47.69,1.0,1.5,1.0,44.44,2.9,1.11,60.71,86.15,21.44,74.55,9.36,96.43,22.39,92.04,52.35,92.77,6.18,44.14,21.03,39.77,0.05,0.72,0.11,0.0,0.5,77.78,0.45,8.19,72.11,3.51,49.21,0.78,7.14,0.84,1.06,11.86,76.53,0,,0,,0,0.0,0.0,0.0,,,3.12,,,0.0,0.0,0.0,0.0,0,0
K. Boateng,Austria Wien,Spartak Trnava,"CF, LW",26,250000,2029-06-30,18,863,4,5.31,0,1.0,25.45,38.93,Ghana,Ghana,right,184,79,no,5.11,3.44,54.55,6.26,35.0,0.0,0.0,0.1,3.23,4.35,1.15,1,0.1,0,0.0,3.02,0.42,4,0.42,0.55,0,0.0,27,2.82,37.04,14.815,0.0,0.31,0.0,0.21,0.0,0.1,0.0,0.1,3.86,48.65,12.83,33.33,4.38,1.36,0.73,12.51,1.36,1.98,19.29,81.08,3.44,66.67,5.53,83.02,5.42,84.62,18.56,83.71,0.42,25.0,13.94,6.61,0.1,0.73,0.0,0.0,0.31,33.33,0.42,1.46,57.14,0.73,57.14,0.52,20.0,1.04,0.0,1.25,50.0,0,,0,,0,0.0,0.0,0.0,,,0.0,,,0.0,0.0,0.0,0.0,0,0
J. Grič,Chrobry Głogów,Spartak Trnava,RCMF,30,250000,2027-06-30,29,2342,0,4.85,3,3.85,21.75,46.47,Slovakia,Slovakia,right,181,78,no,8.45,8.15,57.55,2.23,48.28,0.31,0.41,0.19,3.46,4.61,1.88,3,0.12,0,0.0,3.27,0.0,0,0.0,0.19,0,0.0,57,2.19,33.33,0.0,0.12,3.04,40.51,0.31,37.5,2.69,41.43,0.35,2.27,49.15,7.07,35.87,2.77,1.15,0.31,22.44,1.42,1.19,33.55,75.26,11.64,67.66,5.23,89.71,10.88,78.8,27.36,82.3,3.5,46.15,18.32,37.91,0.15,1.08,0.0,0.0,0.46,41.67,0.54,5.34,71.22,3.84,51.0,0.81,38.1,1.15,1.19,5.88,76.47,0,,0,,0,0.0,0.0,0.0,,,0.5,,,0.12,0.0,0.0,0.0,0,0
M. Marcin,,Zemplín Michalovce,"CF, RW, RAMF",32,250000,,23,1875,5,6.3,0,1.52,24.35,40.37,Slovakia,Slovakia,right,178,77,no,7.51,6.25,57.26,5.8,36.52,0.71,0.95,0.05,3.23,4.33,1.82,5,0.24,0,0.0,2.92,0.24,4,0.2,0.32,0,0.0,45,2.27,40.0,8.889,0.0,2.87,24.56,1.41,10.71,1.41,35.71,0.25,2.92,43.1,8.62,33.92,4.64,1.21,0.61,16.89,1.97,1.06,26.02,68.99,6.55,56.15,5.95,83.9,7.16,64.79,22.18,75.91,1.06,42.86,16.95,25.33,0.08,0.86,0.0,0.0,0.15,33.33,0.5,2.17,62.79,2.12,47.62,0.2,25.0,0.66,0.66,3.58,60.56,0,,0,,0,0.0,0.0,0.0,,,0.15,,,0.0,0.0,0.0,0.0,0,0
G. Niarchos,Slovácko,Senica,CF,24,250000,2029-06-30,26,1269,4,3.05,4,1.07,41.91,33.5,Greece,Greece,right,188,71,no,5.82,6.52,55.43,10.43,28.57,0.5,0.62,0.07,1.7,2.11,1.56,3,0.21,0,0.0,2.34,0.28,3,0.21,0.22,0,0.0,17,1.21,52.94,23.529,0.28,0.57,25.0,0.21,0.0,0.28,50.0,0.21,4.26,36.67,16.88,29.83,2.84,1.13,0.78,10.14,2.27,2.48,17.02,76.67,1.77,60.0,4.61,80.0,5.82,80.49,16.17,78.95,0.35,60.0,14.4,7.7,0.08,0.64,0.0,0.07,0.07,0.0,0.5,1.13,50.0,0.57,37.5,0.14,0.0,0.5,0.14,1.06,53.33,0,,0,,0,0.0,0.0,0.0,,,0.0,,,0.0,0.0,0.0,0.0,1,100
W. Sulaeman,Persija,Senica,"LAMF, RAMF, LW",24,250000,2029-06-30,8,610,2,0.95,0,0.4,21.25,40.28,Indonesia,Indonesia,left,170,67,no,6.2,7.38,48.0,1.33,44.44,0.15,0.19,0.15,2.51,3.23,1.18,3,0.44,0,0.0,2.66,0.3,2,0.3,0.14,0,0.0,6,0.89,66.67,33.333,0.0,0.59,0.0,0.3,0.0,0.3,0.0,0.15,3.84,50.0,9.59,32.31,3.25,0.89,0.3,22.43,1.03,0.89,31.13,76.3,9.44,53.13,7.23,93.88,8.7,83.05,28.18,79.58,2.36,56.25,15.01,36.09,0.06,1.18,0.0,0.0,1.03,14.29,0.89,3.84,46.15,1.62,36.36,1.18,25.0,1.33,0.0,3.1,66.67,0,,0,,0,0.0,0.0,0.0,,,0.15,,,0.0,0.0,0.0,0.0,0,0
E. Maulana Vikri,Dewa United,Senica,"RAMF, RW, LW",26,250000,,20,1147,2,1.94,1,0.85,20.71,42.8,Indonesia,Indonesia,left,170,65,no,6.36,6.04,58.44,1.8,21.74,0.0,0.0,0.24,2.82,3.33,1.49,1,0.08,0,0.0,3.53,0.16,2,0.16,0.15,0,0.0,20,1.57,45.0,10.0,0.08,1.57,20.0,0.63,25.0,0.86,18.18,0.0,4.47,49.12,9.57,36.89,1.41,1.33,0.47,19.38,1.02,0.86,27.7,77.34,9.49,74.38,4.86,88.71,7.14,75.82,24.32,82.26,1.96,56.0,15.9,23.68,0.07,0.55,0.0,0.0,0.39,80.0,0.24,3.3,61.9,2.59,66.67,0.47,50.0,1.26,0.39,5.02,73.44,0,,0,,0,0.0,0.0,0.0,,,0.0,,,0.16,0.08,100.0,0.94,0,0
D. Toševski,Dender,Zemplín Michalovce,CF,25,250000,2027-06-30,7,284,0,0.73,0,0.14,41.38,37.5,North Macedonia,North Macedonia,right,186,76,no,4.48,6.21,50.0,12.76,48.65,0.34,0.48,0.0,1.03,1.45,4.14,4,1.27,0,0.0,3.79,0.0,0,0.0,0.25,0,0.0,6,2.07,16.67,0.0,0.0,0.69,50.0,0.34,100.0,0.34,0.0,0.0,5.86,47.06,14.83,34.88,4.48,0.34,0.0,10.69,1.38,1.38,16.9,79.59,4.14,58.33,5.86,88.24,4.14,91.67,14.83,83.72,1.72,60.0,18.26,28.04,0.05,1.03,0.0,0.0,0.34,100.0,0.34,2.07,66.67,1.38,50.0,1.03,66.67,1.38,0.0,1.72,80.0,0,,0,,0,0.0,0.0,0.0,,,0.0,,,0.0,0.0,0.0,0.0,0,0
Samuel Petras,Győri ETO,Žilina,GK,27,250000,2027-06-30,14,1317,0,0.0,0,0.0,0.55,100.0,Slovakia,Slovakia,right,193,89,no,2.26,0.14,100.0,0.27,100.0,0.0,0.0,0.07,2.12,3.3,0.0,0,0.0,0,0.0,0.0,0.0,0,0.0,0.0,0,0.0,0,0.0,0.0,0.0,0.0,0.0,0.0,0.0,0.0,0.0,0.0,0.0,0.0,0.0,0.07,100.0,0.0,0.0,0.0,22.07,0.62,0.14,32.94,90.25,16.74,82.04,0.0,0.0,15.17,99.1,24.94,98.63,8.0,64.1,27.95,48.21,0.0,0.0,0.0,0.0,0.0,0.0,0.0,2.32,47.06,0.21,0.0,0.21,0.0,0.07,0.0,5.13,70.67,22,1.5,65,4.44,2,66.15,19.35,1.32,-2.65,-0.181,0.0,1.3,0.27,,,,0.0,0,0
K. Domonkos,Komárno,Ružomberok,"AMF, RCMF",27,225000,2027-06-30,12,935,0,1.29,3,2.22,22.33,40.95,Slovakia,Slovakia,right,179,73,no,7.51,8.18,57.65,2.41,44.0,0.29,0.36,0.1,2.5,3.13,1.06,2,0.19,0,0.0,1.54,0.0,0,0.0,0.12,0,0.0,14,1.35,35.71,0.0,0.29,1.44,40.0,0.67,57.14,0.77,25.0,0.29,1.93,25.0,8.28,27.91,1.44,0.77,0.48,17.81,0.87,1.93,27.14,76.24,9.05,69.15,5.39,91.07,8.47,75.0,21.95,85.09,3.75,38.46,18.05,35.02,0.21,1.25,0.1,0.1,0.0,0.0,0.58,5.58,58.62,1.73,50.0,0.48,60.0,0.58,0.67,3.27,70.59,0,,0,,0,0.0,0.0,0.0,,,0.19,,,1.16,0.0,0.0,3.85,1,0
А. Tučný,Ružomberok,Trenčín,"RW, LW",24,225000,2027-05-31,22,973,3,1.33,2,3.8,25.71,42.45,Slovakia,Slovakia,left,178,72,no,8.79,6.57,67.61,1.76,36.84,0.0,0.0,0.09,4.35,8.34,1.2,0,0.0,0,0.0,5.55,0.28,3,0.28,0.12,0,0.0,18,1.66,38.89,16.667,0.18,4.99,38.89,2.31,36.0,2.68,41.38,0.37,6.1,46.97,13.6,32.65,1.02,1.94,0.83,19.42,1.2,1.39,25.71,75.18,4.81,69.23,8.6,91.4,8.05,65.52,19.61,85.85,1.94,52.38,16.55,23.72,0.35,2.59,0.0,0.0,0.09,100.0,0.65,0.92,60.0,3.98,44.19,0.28,66.67,0.37,1.48,3.88,69.05,0,,0,,0,0.0,0.0,0.0,,,0.09,,,1.48,0.18,50.0,3.33,0,0
A. Hrdina,Zbrojovka Brno,Slovan Bratislava,GK,22,225000,,1,92,0,0.0,0,0.0,0.0,0.0,Slovakia,Slovakia,right,194,78,no,0.98,0.0,0.0,0.0,0.0,0.0,0.0,0.0,0.98,1.3,0.0,0,0.0,0,0.0,0.0,0.0,0,0.0,0.0,0,0.0,0,0.0,0.0,0.0,0.0,0.0,0.0,0.0,0.0,0.0,0.0,0.0,0.0,0.0,0.0,0.0,0.0,0.0,0.0,14.67,0.0,0.0,21.52,90.91,13.7,85.71,0.0,0.0,7.83,100.0,17.61,100.0,3.91,50.0,25.97,48.29,0.0,0.0,0.0,0.0,0.0,0.0,0.0,0.98,0.0,0.0,0.0,0.0,0.0,0.0,0.0,2.93,66.67,0,0.0,3,2.93,1,100.0,0.41,0.4,0.41,0.401,0.0,0.98,0.0,,,,0.0,0,0
U. Agbo,,Slovan Bratislava,"RCMF, RDMF, DMF",30,225000,,19,1122,0,0.38,2,0.15,20.21,57.14,Nigeria,Nigeria,right,186,77,no,10.35,8.02,66.0,2.73,58.82,0.0,0.0,0.32,5.05,7.3,1.6,1,0.08,0,0.0,1.68,0.0,0,0.0,0.03,0,0.0,9,0.72,55.56,0.0,0.16,0.24,33.33,0.0,0.0,0.24,33.33,0.0,1.52,73.68,6.18,48.05,0.48,0.72,0.4,44.84,0.24,0.96,61.04,90.28,19.25,82.5,7.46,92.47,24.55,95.1,57.59,92.34,3.21,57.5,16.43,22.67,0.01,0.32,0.16,0.0,0.32,25.0,0.16,8.26,78.64,0.72,44.44,0.8,50.0,0.48,0.08,7.86,84.69,0,,0,,0,0.0,0.0,0.0,,,0.64,,,0.0,0.0,0.0,0.0,0,0
T. Záhumenský,Zlaté Moravce,Pohronie,LB,30,225000,,16,1099,1,0.59,1,1.62,24.57,54.67,Slovakia,Slovakia,left,184,83,no,14.41,10.07,73.17,2.87,45.71,0.25,0.33,0.16,6.8,9.05,1.64,0,0.0,0,0.0,3.28,0.08,1,0.08,0.05,0,0.0,10,0.82,20.0,10.0,0.08,3.93,35.42,3.93,35.42,0.0,0.0,0.49,3.11,55.26,7.94,36.08,1.31,1.23,1.23,18.92,0.9,1.06,34.72,65.09,17.2,61.9,2.95,91.67,10.32,67.46,24.32,74.07,6.72,48.78,21.23,26.69,0.13,0.98,0.0,0.0,0.16,0.0,0.25,7.29,61.8,3.6,50.0,0.16,0.0,0.98,1.23,10.32,71.43,0,,0,,0,0.0,0.0,0.0,,,0.41,,,0.08,0.0,0.0,0.08,0,0
T. Múdry,Ružomberok,Ružomberok,"AMF, RCMF, LCMF",26,225000,,17,392,0,0.02,0,0.15,20.89,41.76,Slovakia,Slovakia,right,178,70,no,8.04,8.27,50.0,2.3,50.0,0.92,1.22,0.23,2.98,3.98,1.38,0,0.0,0,0.0,1.84,0.0,0,0.0,0.0,0,0.0,1,0.23,0.0,0.0,0.0,0.92,0.0,0.69,0.0,0.23,0.0,0.0,2.3,50.0,8.04,34.29,0.92,0.69,0.92,16.76,0.23,1.15,26.17,74.56,7.81,58.82,3.9,94.12,8.95,82.05,22.73,82.83,2.53,27.27,15.24,9.18,0.04,0.46,0.0,0.0,1.15,60.0,0.23,4.13,66.67,1.15,40.0,1.15,40.0,0.46,0.0,4.82,61.9,0,,0,,0,0.0,0.0,0.0,,,0.69,,,0.23,0.0,0.0,0.69,0,0
S. Suľa,Skalica,Zlaté Moravce,"RB, LB, LAMF",26,225000,,16,1144,1,0.23,0,0.01,20.38,52.9,Slovakia,Slovakia,right,178,74,no,12.74,9.91,65.08,3.38,37.21,0.16,0.22,0.16,6.14,8.73,0.87,3,0.24,0,0.0,1.73,0.08,1,0.08,0.02,0,0.0,2,0.16,50.0,50.0,0.0,1.18,13.33,0.24,33.33,0.94,8.33,0.16,1.81,69.57,4.8,42.62,0.79,1.1,0.47,25.33,1.26,0.94,38.0,73.29,16.84,62.62,5.82,90.54,11.41,82.07,31.55,81.55,5.35,38.24,19.76,33.58,0.0,0.08,0.08,0.0,0.47,50.0,0.0,5.43,59.42,1.73,31.82,0.47,33.33,0.55,0.0,8.58,60.55,0,,0,,0,0.0,0.0,0.0,,,0.39,,,0.0,0.0,0.0,0.08,0,0
S. Šefčík,Petržalka Akadémia,Ružomberok,"RAMF, LAMF, RW",29,200000,2026-06-30,5,295,2,0.3,0,0.29,21.97,38.89,Slovakia,Slovakia,right,181,76,no,7.93,4.27,64.29,3.66,33.33,0.0,0.0,0.0,5.19,6.07,1.22,2,0.61,0,0.0,3.97,0.61,2,0.61,0.09,0,0.0,3,0.92,66.67,66.667,0.0,1.83,66.67,0.92,66.67,0.92,66.67,0.31,4.27,50.0,9.76,28.13,1.83,1.53,0.61,14.64,0.0,0.61,24.41,76.25,9.46,61.29,5.19,100.0,5.19,88.24,20.44,80.6,2.14,42.86,18.25,32.67,0.09,0.61,0.0,0.0,0.31,0.0,0.61,2.75,66.67,2.44,75.0,0.61,50.0,0.92,1.22,4.58,80.0,0,,0,,0,0.0,0.0,0.0,,,0.0,,,0.31,0.31,0.0,0.0,0,0
M. Boďa,Komárno,Ružomberok,CF,29,200000,,23,1472,7,4.13,2,0.14,29.78,35.93,Slovakia,Slovakia,right,193,85,yes,4.52,2.69,59.09,9.6,50.96,0.0,0.0,0.06,2.93,3.81,0.79,1,0.06,0,0.0,1.83,0.43,7,0.43,0.25,0,0.0,30,1.83,50.0,23.333,0.12,0.24,0.0,0.0,0.0,0.24,0.0,0.06,2.32,28.95,12.11,23.23,3.06,0.37,0.31,13.08,2.87,1.59,19.38,71.92,4.83,63.29,5.26,84.88,5.26,66.28,18.59,74.01,0.55,33.33,16.02,8.61,0.01,0.43,0.06,0.0,0.55,44.44,0.18,2.45,65.0,0.55,33.33,0.43,28.57,0.37,0.0,1.71,64.29,0,,0,,0,0.0,0.0,0.0,,,0.06,,,0.0,0.0,0.0,0.0,0,0
Z. Jones,Komárno,Spartak Trnava,"RW, LW, LAMF",25,200000,2027-06-30,7,206,0,0.25,0,0.2,39.76,39.56,United States,United States,left,181,72,no,10.49,13.98,46.88,3.06,28.57,1.31,1.73,0.0,2.62,3.46,3.5,1,0.44,1,0.44,5.68,0.0,0,0.0,0.11,0,0.0,2,0.87,50.0,0.0,0.0,2.62,0.0,1.31,0.0,1.31,0.0,0.44,6.99,56.25,18.35,35.71,2.18,4.37,1.31,17.04,1.31,2.62,29.27,71.64,9.17,66.67,6.55,100.0,7.86,50.0,25.34,79.31,1.31,66.67,16.74,10.94,0.09,0.87,0.0,0.0,2.18,60.0,0.0,2.62,66.67,3.5,25.0,1.75,75.0,1.31,0.0,4.81,81.82,0,,0,,0,0.0,0.0,0.0,,,0.0,,,0.0,0.0,0.0,0.0,0,0
K. Bolaji,Dukla Banská Bystrica,Spartak Trnava,"LWB, LB",23,200000,,4,156,0,0.17,0,0.01,27.69,45.83,Nigeria,Nigeria,left,173,69,no,9.81,7.5,61.54,4.04,57.14,0.0,0.0,0.0,5.19,7.5,1.15,1,0.58,0,0.0,3.46,0.0,0,0.0,0.1,0,0.0,2,1.15,0.0,0.0,0.0,1.73,0.0,1.73,0.0,0.0,0.0,0.0,6.35,54.55,12.69,45.45,1.73,1.73,1.15,13.85,1.73,1.15,24.23,78.57,11.54,80.0,2.88,100.0,5.19,66.67,20.19,85.71,2.31,75.0,12.96,16.51,0.01,0.58,0.0,0.0,0.0,0.0,0.0,4.62,62.5,2.31,25.0,0.0,0.0,0.0,0.0,4.04,85.71,0,,0,,0,0.0,0.0,0.0,,,0.0,,,0.0,0.0,0.0,0.0,0,0
Kelvin Pires,SJK,Trenčín,RCB,26,200000,2026-12-31,23,2153,0,1.73,0,0.05,15.72,61.97,Cape Verde Islands,Cape Verde Islands,right,193,87,no,10.03,5.77,67.39,5.85,61.43,0.54,0.93,0.46,5.6,9.59,1.09,5,0.21,0,0.0,0.33,0.0,0,0.0,0.07,0,0.0,16,0.67,12.5,0.0,0.0,0.04,100.0,0.0,0.0,0.04,100.0,0.0,0.25,50.0,1.05,56.0,0.71,0.46,0.38,39.63,0.21,0.42,57.94,86.58,21.53,73.01,2.88,98.55,29.6,95.48,50.87,91.87,7.02,48.21,23.87,43.77,0.0,0.04,0.0,0.0,0.21,40.0,0.04,5.39,48.06,0.63,6.67,0.46,9.09,0.0,0.04,8.69,63.94,0,,0,,0,0.0,0.0,0.0,,,2.26,,,0.0,0.0,0.0,0.0,0,0
L. Letenay,Slovan Liberec,Trenčín,CF,25,200000,2030-06-30,14,375,0,0.88,0,0.0,22.08,36.96,Slovakia,Slovakia,left,190,85,no,3.36,3.6,53.33,5.76,50.0,0.48,0.9,0.24,0.96,1.79,1.44,1,0.24,0,0.0,1.68,0.0,0,0.0,0.21,0,0.0,8,1.92,25.0,0.0,0.0,1.2,20.0,0.96,25.0,0.24,0.0,0.0,2.64,36.36,8.16,20.59,3.36,0.24,0.0,11.04,1.2,1.44,15.84,74.24,1.68,42.86,6.24,88.46,3.12,53.85,14.64,78.69,0.24,100.0,15.21,4.6,0.0,0.24,0.0,0.0,0.0,0.0,0.0,0.96,25.0,0.72,33.33,0.0,0.0,0.48,0.24,0.24,100.0,0,,0,,0,0.0,0.0,0.0,,,0.0,,,0.0,0.0,0.0,0.0,0,0
J. Kankava,Dinamo Tbilisi,Slovan Bratislava,"LDMF, LCMF, RDMF",40,200000,,24,1670,1,0.72,2,0.39,22.53,54.55,Georgia,Georgia,right,176,83,no,13.04,10.94,62.07,2.1,58.97,0.43,0.59,0.43,5.82,8.0,2.37,6,0.32,0,0.0,1.78,0.05,1,0.05,0.04,0,0.0,20,1.08,30.0,5.0,0.11,0.81,33.33,0.22,50.0,0.59,27.27,0.16,1.56,68.97,6.57,45.9,0.38,0.32,0.11,31.58,0.27,2.1,49.26,89.17,14.28,76.23,5.66,97.14,21.02,94.62,43.71,93.46,4.85,60.0,19.82,34.29,0.02,0.38,0.0,0.05,0.22,50.0,0.11,7.98,77.7,1.62,36.67,1.08,35.0,0.49,0.16,6.9,75.0,0,,0,,0,0.0,0.0,0.0,,,0.43,,,0.05,0.05,0.0,0.05,0,0
D. Holman,Szeged 2011,Slovan Bratislava,"AMF, LW, CF",33,200000,,7,276,0,0.62,1,0.42,22.17,44.12,Hungary,Hungary,right,188,83,no,6.52,7.5,56.52,2.28,42.86,0.33,0.48,0.0,1.96,2.86,1.96,1,0.33,0,0.0,1.96,0.0,0,0.0,0.2,0,0.0,9,2.93,33.33,0.0,0.33,0.98,0.0,0.98,0.0,0.0,0.0,0.0,0.65,50.0,7.83,29.17,2.93,0.98,0.33,32.93,0.33,0.98,43.7,81.34,11.74,61.11,9.46,96.55,14.02,88.37,40.43,84.68,2.28,57.14,16.74,16.38,0.14,0.98,0.0,0.33,1.3,50.0,0.33,6.52,60.0,2.93,33.33,1.63,40.0,1.3,0.0,6.52,80.0,0,,0,,0,0.0,0.0,0.0,,,0.0,,,0.65,0.65,50.0,3.26,0,0
J. de Kamps,Sepsi,Slovan Bratislava,"LCMF, DMF, RDMF",34,200000,2026-06-30,6,405,0,0.12,0,0.34,24.89,56.25,Netherlands,Netherlands,left,176,69,no,15.11,12.67,63.16,2.67,41.67,1.78,2.53,0.44,5.33,7.58,1.78,0,0.0,0,0.0,1.11,0.0,0,0.0,0.03,0,0.0,4,0.89,25.0,0.0,0.0,0.67,33.33,0.67,33.33,0.0,0.0,0.0,1.11,60.0,4.44,40.0,0.44,0.0,0.0,32.89,0.0,0.67,53.33,89.58,15.78,78.87,6.44,100.0,25.33,92.98,46.0,93.24,6.67,70.0,21.24,37.09,0.08,0.44,0.0,0.0,0.22,0.0,0.44,10.67,81.25,2.0,55.56,0.44,50.0,1.11,0.22,10.44,82.98,0,,0,,0,0.0,0.0,0.0,,,0.44,,,0.0,0.0,0.0,0.22,0,0
P. Le Giang,Hồ Chí Minh City,Pohronie,GK,33,200000,2027-06-30,10,939,0,0.0,0,0.0,0.95,88.89,Slovakia,"Slovakia, Vietnam",both,185,85,no,1.91,0.0,0.0,0.53,100.0,0.0,0.0,0.0,1.91,2.62,0.0,0,0.0,0,0.0,0.11,0.0,0,0.0,0.0,0,0.0,0,0.0,0.0,0.0,0.0,0.0,0.0,0.0,0.0,0.0,0.0,0.0,0.21,50.0,0.32,66.67,0.0,0.0,0.0,11.55,0.21,0.32,21.31,78.61,12.08,64.91,0.11,100.0,9.01,96.47,13.46,96.85,7.84,47.3,35.97,54.09,0.0,0.0,0.0,0.0,0.0,0.0,0.0,2.86,40.74,0.32,0.0,0.11,0.0,0.0,0.0,5.72,66.67,11,1.17,33,3.5,1,66.67,10.95,1.16,-0.05,-0.005,0.11,2.12,0.53,,,,0.0,0,0
D. Krčík,Viktoria Plzeň,Tatran Liptovský Mikuláš,"RCB, CB",26,200000,2029-06-30,17,1307,1,0.57,0,0.18,16.32,57.81,Slovakia,Slovakia,right,189,86,no,11.57,8.47,62.6,3.1,57.78,0.83,1.01,0.34,5.44,6.62,1.51,2,0.14,0,0.0,0.69,0.07,1,0.07,0.04,1,0.07,7,0.48,14.29,14.286,0.0,0.07,100.0,0.0,0.0,0.07,100.0,0.0,0.9,61.54,2.2,56.25,0.41,0.76,0.41,23.76,0.48,0.62,40.63,82.2,18.73,70.22,3.44,98.0,15.84,93.04,31.12,91.15,9.43,52.55,22.57,32.09,0.01,0.07,0.07,0.0,0.07,0.0,0.0,8.13,55.93,0.83,33.33,0.34,20.0,0.28,0.07,9.64,72.14,0,,0,,0,0.0,0.0,0.0,,,2.07,,,0.14,0.14,0.0,0.0,0,0
A. Kyziridis,Hearts,Zlaté Moravce,"LW, LAMF",25,200000,2028-05-31,31,2782,6,7.66,2,5.22,27.34,40.47,Greece,Greece,right,179,72,no,6.18,6.05,55.08,2.69,26.51,0.23,0.3,0.06,2.62,3.45,1.26,5,0.16,0,0.0,6.66,0.19,6,0.19,0.25,1,0.03,69,2.23,39.13,8.696,0.06,3.79,28.21,3.04,27.66,0.61,36.84,1.0,7.89,53.69,14.85,40.96,3.3,3.62,1.33,22.19,2.46,1.36,33.35,74.49,7.51,64.66,8.35,94.19,11.26,67.82,26.88,83.51,2.85,48.86,19.05,36.81,0.17,1.23,0.03,0.06,0.81,60.0,0.74,3.56,65.45,3.95,44.26,0.61,31.58,1.1,1.29,5.56,71.51,0,,0,,0,0.0,0.0,0.0,,,0.19,,,0.58,0.13,50.0,1.62,1,0
A. Krčík,Komárno,Tatran Liptovský Mikuláš,RB,30,200000,2027-06-30,32,2883,0,0.47,7,3.99,15.73,56.15,Slovakia,Slovakia,right,180,73,no,10.3,9.18,61.9,1.34,51.16,0.66,0.79,0.28,3.96,4.76,0.81,2,0.06,0,0.0,2.31,0.0,0,0.0,0.01,0,0.0,10,0.31,20.0,0.0,0.22,3.09,35.35,0.0,0.0,3.09,35.35,0.41,1.69,66.67,3.37,50.0,0.44,1.9,1.65,23.1,1.09,0.47,35.65,77.58,14.73,71.61,6.09,94.87,9.43,74.5,27.32,85.94,5.46,58.86,20.24,36.78,0.12,0.56,0.0,0.03,0.16,20.0,0.37,5.31,68.24,3.12,41.0,0.5,43.75,0.31,1.03,9.08,75.26,0,,0,,0,0.0,0.0,0.0,,,1.34,,,0.03,0.0,0.0,0.0,0,0
A. Balić,Dugopolje,DAC,"LCMF, RCMF",28,200000,,17,1306,2,1.21,3,1.94,13.16,48.17,Croatia,Croatia,right,180,80,no,6.41,4.27,64.52,0.69,50.0,0.48,0.68,0.28,3.17,4.47,0.41,5,0.34,0,0.0,2.76,0.14,2,0.14,0.08,0,0.0,24,1.65,29.17,8.333,0.21,1.79,46.15,0.9,38.46,0.9,53.85,0.28,2.76,50.0,6.0,36.78,0.96,1.31,0.62,28.25,0.55,0.62,42.93,83.47,11.09,64.6,7.99,96.55,18.12,90.49,34.8,89.9,6.34,58.7,21.7,43.07,0.13,1.52,0.0,0.0,0.83,8.33,0.41,7.03,65.69,2.69,46.15,0.96,21.43,0.62,0.83,7.1,78.64,0,,0,,0,0.0,0.0,0.0,,,0.83,,,1.03,0.21,33.33,3.72,0,0
A. Slávik,Ružomberok,Trenčín,RB,27,200000,2027-06-30,9,681,0,0.1,1,0.22,21.15,50.0,Slovakia,Slovakia,right,178,77,no,12.69,8.19,74.19,2.51,42.11,1.45,2.43,0.26,5.15,8.6,1.19,4,0.53,0,0.0,2.91,0.0,0,0.0,0.01,0,0.0,5,0.66,20.0,0.0,0.13,3.7,35.71,0.0,0.0,3.7,35.71,0.66,3.96,33.33,6.08,26.09,0.79,2.51,2.25,30.93,1.19,0.53,44.93,79.71,17.58,72.93,8.72,98.48,12.42,80.85,38.33,85.86,3.04,52.17,18.16,25.67,0.03,0.79,0.0,0.0,0.26,50.0,0.53,6.87,69.23,3.44,46.15,0.26,50.0,0.4,1.32,7.93,68.33,0,,0,,0,0.0,0.0,0.0,,,1.19,,,0.0,0.0,0.0,0.0,0,0
M. Šimčák,,Pohronie,LB,30,200000,,27,2357,1,0.99,1,3.4,21.31,59.5,Slovakia,Slovakia,left,176,70,no,14.66,10.69,68.21,2.71,56.34,0.84,0.97,0.23,6.53,7.56,1.22,8,0.31,1,0.04,2.44,0.04,1,0.04,0.04,0,0.0,14,0.53,35.71,7.143,0.04,2.67,37.14,2.48,33.85,0.11,100.0,0.38,1.87,63.27,4.51,41.53,0.61,0.95,0.34,18.9,0.61,0.57,36.27,70.95,18.44,63.35,4.16,91.74,8.48,73.87,27.65,79.28,6.15,48.45,20.87,37.42,0.13,0.84,0.04,0.04,0.19,40.0,0.31,5.23,56.93,2.94,49.35,0.27,42.86,0.57,1.07,10.04,61.22,0,,0,,0,0.0,0.0,0.0,,,0.76,,,0.57,0.04,100.0,0.57,0,0
N. Balogh,,DAC,"CF, AMF",30,200000,,12,787,2,3.32,1,1.19,30.19,34.47,Hungary,Hungary,right,196,78,no,6.75,5.49,50.0,2.74,37.5,1.37,1.8,0.11,2.63,3.45,2.17,3,0.34,0,0.0,3.09,0.23,2,0.23,0.38,1,0.11,17,1.94,23.53,11.765,0.11,0.69,50.0,0.0,0.0,0.57,40.0,0.11,4.57,42.5,17.5,28.76,4.0,1.37,0.34,11.89,1.49,1.49,21.61,84.13,5.95,75.0,5.49,97.92,6.29,81.82,19.9,85.63,1.03,77.78,15.49,17.88,0.14,0.8,0.0,0.0,0.57,60.0,0.57,1.94,70.59,1.83,62.5,0.57,60.0,1.26,0.23,3.09,85.19,0,,0,,0,0.0,0.0,0.0,,,0.11,,,0.0,0.0,0.0,0.0,0,0
D. Špiriak,Komárno,Pohronie,"RB, RCB",27,200000,,8,551,0,0.0,0,0.0,22.87,47.86,Slovakia,Slovakia,right,184,71,no,13.56,11.43,58.57,4.57,25.0,0.82,1.06,0.65,6.04,7.82,3.59,5,0.82,2,0.33,0.98,0.0,0,0.0,0.0,0,0.0,1,0.16,0.0,0.0,0.0,1.8,36.36,0.0,0.0,1.8,36.36,0.49,0.65,50.0,2.12,61.54,0.16,0.0,0.16,13.72,0.33,1.47,24.34,67.79,13.23,56.79,2.78,88.24,7.02,76.74,17.64,80.56,5.06,35.48,21.15,31.67,0.0,0.0,0.0,0.0,0.16,0.0,0.0,3.92,54.17,1.96,25.0,0.16,0.0,0.0,0.65,6.21,57.89,0,,0,,0,0.0,0.0,0.0,,,1.14,,,0.0,0.0,0.0,0.0,0,0
J. Menich,Tatran Prešov,Zlaté Moravce,LCB,31,200000,2027-06-30,30,2840,2,1.81,0,0.0,15.69,57.98,Slovakia,Slovakia,right,184,81,no,11.06,6.18,72.82,4.6,44.83,0.13,0.17,0.95,6.43,8.49,0.7,4,0.13,0,0.0,0.6,0.06,2,0.06,0.06,0,0.0,7,0.22,28.57,28.571,0.0,0.06,0.0,0.03,0.0,0.03,0.0,0.0,0.82,65.38,2.22,50.0,0.44,0.89,0.44,19.65,0.22,0.98,32.8,81.64,14.04,66.82,1.52,91.67,15.02,94.51,26.75,88.39,6.02,52.11,23.76,38.75,0.0,0.0,0.03,0.0,0.0,0.0,0.0,4.12,60.0,0.22,57.14,0.29,44.44,0.13,0.03,6.62,57.42,0,,0,,0,0.0,0.0,0.0,,,1.01,,,0.0,0.0,0.0,0.0,0,0
D. Veszelinov,Szeged 2011,DAC,GK,25,200000,2028-06-30,9,857,0,0.0,0,0.0,0.95,66.67,Hungary,Hungary,right,186,79,no,0.95,0.11,100.0,0.53,60.0,0.0,0.0,0.0,0.84,1.09,0.0,0,0.0,0,0.0,0.0,0.0,0,0.0,0.0,0,0.0,0,0.0,0.0,0.0,0.0,0.0,0.0,0.0,0.0,0.0,0.0,0.0,0.0,0.0,0.11,100.0,0.0,0.0,0.0,7.46,0.0,0.21,14.6,89.21,5.67,77.78,0.0,0.0,7.56,95.83,11.34,97.22,3.26,61.29,25.92,42.82,0.0,0.0,0.0,0.0,0.0,0.0,0.0,0.42,75.0,0.0,0.0,0.0,0.0,0.0,0.0,2.52,62.5,10,1.05,45,4.73,4,77.78,10.18,1.07,0.18,0.019,0.0,0.84,0.53,,,,0.0,0,0
F. Vaško,Slovácko,Zemplín Michalovce,"LCB, RCB",27,200000,2027-06-30,29,2444,1,0.86,1,0.0,16.44,64.42,Slovakia,Slovakia,right,191,86,no,10.51,7.26,74.21,5.24,60.58,0.08,0.1,0.65,5.05,6.51,1.15,7,0.26,1,0.04,0.34,0.04,1,0.04,0.03,1,0.04,4,0.15,25.0,25.0,0.04,0.08,50.0,0.04,0.0,0.04,100.0,0.04,0.27,85.71,1.22,43.75,0.61,0.23,0.15,22.79,0.38,0.27,38.19,85.09,18.01,79.19,2.33,93.44,14.38,90.96,34.03,88.43,4.09,57.94,20.26,34.7,0.0,0.0,0.0,0.0,0.04,100.0,0.04,4.51,71.19,0.42,9.09,0.08,100.0,0.15,0.04,7.61,66.33,0,,0,,0,0.0,0.0,0.0,,,1.61,,,0.08,0.0,0.0,0.0,0,0
D. Magda,FC Košice,Zemplín Michalovce,"RB, RW, RAMF",28,200000,2027-06-30,26,1353,0,0.93,1,1.39,22.55,51.49,Slovakia,Slovakia,right,184,80,no,11.88,9.93,60.81,5.44,58.02,0.4,0.51,0.47,5.44,6.85,1.41,1,0.07,0,0.0,1.95,0.0,0,0.0,0.06,0,0.0,12,0.81,25.0,0.0,0.07,3.15,25.53,0.47,14.29,2.68,27.5,0.4,1.61,54.17,4.36,35.38,1.48,0.54,0.27,19.93,1.21,0.54,30.07,68.97,13.56,64.85,4.43,86.36,7.52,65.18,23.02,79.01,3.96,44.07,20.43,29.75,0.09,0.81,0.0,0.0,0.07,100.0,0.27,4.63,55.07,3.09,36.96,0.07,0.0,0.74,0.74,7.05,74.29,0,,0,,0,0.0,0.0,0.0,,,0.27,,,0.0,0.0,0.0,0.0,0,0
A. Kopas,,Žilina,"RCB, CB",27,200000,,24,2117,2,2.48,2,2.2,12.12,59.65,Slovakia,Slovakia,right,190,78,no,9.74,5.02,64.41,3.32,60.26,0.13,0.19,0.85,6.38,9.39,1.11,3,0.13,0,0.0,0.85,0.09,0,0.0,0.11,0,0.0,28,1.19,39.29,7.143,0.09,0.3,42.86,0.04,100.0,0.26,33.33,0.17,0.43,60.0,1.4,42.42,0.21,0.38,0.34,50.59,0.26,0.34,70.7,89.72,21.85,74.71,3.4,98.75,42.34,97.09,58.54,96.08,11.86,59.5,25.21,47.82,0.09,0.77,0.0,0.04,0.09,0.0,0.17,10.33,63.79,0.77,44.44,0.72,29.41,0.17,0.13,11.27,79.62,0,,0,,0,0.0,0.0,0.0,,,2.51,,,1.02,0.34,62.5,3.36,2,100
M. Ujlaky,Skalica,Spartak Trnava,"LCB, RCB",22,175000,2027-06-30,1,58,0,0.0,1,0.25,21.72,71.43,Slovakia,Slovakia,right,181,77,yes,10.86,6.21,75.0,6.21,25.0,0.0,0.0,0.0,6.21,8.0,1.55,1,1.55,0,0.0,0.0,0.0,0,0.0,0.0,0,0.0,0,0.0,0.0,0.0,1.55,0.0,0.0,0.0,0.0,0.0,0.0,0.0,0.0,0.0,4.66,100.0,0.0,3.1,1.55,26.38,0.0,3.1,45.0,79.31,26.38,76.47,1.55,100.0,15.52,80.0,37.24,87.5,7.76,40.0,24.27,53.42,0.38,1.55,0.0,0.0,0.0,0.0,1.55,9.31,66.67,3.1,50.0,1.55,100.0,1.55,0.0,10.86,71.43,0,,0,,0,0.0,0.0,0.0,,,1.55,,,0.0,0.0,0.0,0.0,0,0
M. Sanneh,,Pohronie,RB,26,175000,,11,971,0,0.61,0,0.34,22.37,59.82,Gambia,Gambia,right,180,72,no,15.63,11.75,71.3,3.88,42.11,1.84,2.36,0.2,5.41,6.94,0.82,1,0.09,0,0.0,2.25,0.0,0,0.0,0.06,0,0.0,6,0.61,16.67,0.0,0.0,2.66,26.92,0.0,0.0,2.55,28.0,0.31,1.94,73.68,4.19,51.22,1.53,1.23,0.2,18.39,1.33,0.92,29.52,69.9,13.69,61.94,3.37,96.97,8.27,72.84,23.29,78.51,3.68,44.44,20.52,38.55,0.03,0.31,0.0,0.0,0.1,0.0,0.1,5.11,62.0,3.17,32.26,0.31,0.0,0.51,0.82,7.76,65.79,0,,0,,0,0.0,0.0,0.0,,,1.12,,,0.2,0.0,0.0,0.0,0,0
D. Kříž,Hanácká,Sereď,"LDMF, LW, LCMF",26,175000,,9,187,0,0.04,0,0.09,18.29,52.63,Czech Republic,Czech Republic,left,177,68,no,7.7,7.7,56.25,2.41,60.0,0.0,0.0,0.0,3.37,3.96,1.93,0,0.0,0,0.0,2.41,0.0,0,0.0,0.02,0,0.0,3,1.44,33.33,0.0,0.0,2.89,33.33,2.41,40.0,0.48,0.0,0.48,1.44,33.33,6.26,46.15,0.96,0.96,0.0,22.62,1.44,2.89,32.73,82.35,12.51,76.92,6.26,92.31,8.66,77.78,26.47,89.09,3.85,62.5,17.87,28.6,0.04,0.96,0.0,0.0,1.44,33.33,0.48,7.7,68.75,3.85,37.5,0.96,0.0,0.0,0.96,6.74,85.71,0,,0,,0,0.0,0.0,0.0,,,0.0,,,0.0,0.0,0.0,0.0,0,0
M. Bednár,Zemplín Michalovce,Zlaté Moravce,"RCB, LCMF, LDMF",27,175000,2028-05-31,28,2659,0,1.74,0,0.63,13.54,53.25,Slovakia,Slovakia,right,190,79,no,8.9,5.99,64.97,3.11,38.04,0.3,0.4,0.58,4.7,6.21,0.78,4,0.14,0,0.0,0.41,0.0,0,0.0,0.06,0,0.0,16,0.54,18.75,0.0,0.0,0.3,22.22,0.0,0.0,0.27,25.0,0.0,0.44,30.77,2.03,45.0,0.64,0.47,0.03,21.93,0.41,0.71,36.18,77.64,13.81,60.29,4.33,96.88,14.49,88.32,28.74,85.39,7.14,48.82,23.08,40.38,0.02,0.24,0.0,0.0,0.17,60.0,0.1,5.99,52.54,0.68,50.0,0.37,27.27,0.24,0.1,7.78,67.39,0,,0,,0,0.0,0.0,0.0,,,1.15,,,0.03,0.0,0.0,0.0,0,0
Andrezinho,Oţelul,DAC,"CF, LCMF, RW",29,175000,2027-06-30,12,610,0,1.05,0,1.33,17.7,47.5,Portugal,Portugal,right,174,64,no,4.72,4.28,55.17,1.33,33.33,0.0,0.0,0.0,2.36,3.06,0.89,1,0.15,0,0.0,3.54,0.0,0,0.0,0.15,0,0.0,12,1.77,16.67,0.0,0.0,3.54,41.67,1.33,44.44,2.07,35.71,0.74,2.8,47.37,8.7,45.76,2.66,1.62,0.59,24.79,1.62,3.39,33.64,78.51,9.0,65.57,5.46,94.59,14.02,81.05,27.44,84.95,2.95,60.0,16.91,27.5,0.2,1.33,0.0,0.15,0.89,50.0,0.44,4.43,73.33,3.39,43.48,1.03,42.86,1.03,1.18,7.23,75.51,0,,0,,0,0.0,0.0,0.0,,,0.0,,,1.18,0.0,0.0,1.18,0,0
A. Gaži,Skalica,Trenčín,RW,23,175000,2029-06-30,22,1005,2,1.95,1,2.51,22.03,48.78,Slovakia,Slovakia,right,170,70,no,6.27,5.46,68.85,2.15,20.83,0.09,0.15,0.0,2.42,4.11,0.9,1,0.09,0,0.0,5.46,0.18,2,0.18,0.17,0,0.0,11,0.99,45.45,18.182,0.09,3.49,25.64,0.09,0.0,3.4,26.32,0.63,7.25,55.56,11.37,49.61,3.4,3.31,2.51,19.16,2.06,1.16,27.22,72.37,5.82,64.62,7.43,95.18,7.25,56.79,23.46,80.15,0.63,14.29,16.66,16.57,0.22,1.34,0.09,0.0,0.45,20.0,0.9,1.34,53.33,2.69,30.0,0.45,0.0,0.9,0.72,4.21,70.21,0,,0,,0,0.0,0.0,0.0,,,0.0,,,0.0,0.0,0.0,0.72,0,0
K. Twardek,Galway United,Senica,"RB, RAMF, RCB",29,175000,2027-11-30,18,1460,0,0.78,0,1.33,26.88,45.87,Canada,"Canada, Czech Republic",right,186,82,no,11.16,7.83,59.06,6.35,48.54,0.25,0.26,0.31,6.29,6.74,0.8,0,0.0,0,0.0,3.21,0.0,0,0.0,0.05,0,0.0,8,0.49,12.5,0.0,0.0,2.77,31.11,0.37,33.33,2.4,30.77,0.43,4.13,53.73,8.69,39.01,1.36,1.48,1.23,12.08,0.92,0.74,26.45,62.47,11.28,53.55,4.13,86.57,6.9,64.29,19.42,72.38,4.38,36.62,20.27,26.17,0.08,0.43,0.06,0.0,0.18,33.33,0.37,4.38,53.52,2.59,33.33,0.49,25.0,0.25,0.92,7.21,58.97,0,,0,,0,0.0,0.0,0.0,,,0.86,,,0.0,0.0,0.0,0.0,0,0
G. Neofytidis,PAEEK,Zlaté Moravce,"LCMF, DMF, RDMF",25,175000,2027-05-31,18,1398,0,0.09,1,0.55,20.34,49.05,Greece,Greece,both,183,80,no,12.75,9.08,56.74,4.18,49.23,2.51,3.08,0.26,5.09,6.24,1.8,5,0.32,1,0.06,0.45,0.0,0,0.0,0.01,0,0.0,5,0.32,20.0,0.0,0.06,0.52,37.5,0.13,0.0,0.26,75.0,0.06,0.39,50.0,3.54,36.36,0.19,0.58,0.13,24.27,0.06,0.9,39.53,83.71,12.75,65.66,5.86,92.31,16.29,94.07,34.7,88.68,4.31,49.25,19.58,35.34,0.04,0.26,0.06,0.0,0.13,0.0,0.13,7.08,68.18,1.35,47.62,0.52,12.5,0.45,0.19,5.86,69.23,0,,0,,0,0.0,0.0,0.0,,,0.71,,,0.0,0.0,0.0,0.0,0,0
B. Sluka,Púchov,Žilina,LB,27,175000,,16,1451,1,0.31,3,2.31,18.55,50.84,Slovakia,Slovakia,left,181,72,no,10.42,7.82,56.35,2.29,48.65,0.31,0.52,0.12,5.71,9.55,0.62,2,0.12,0,0.0,3.29,0.06,1,0.06,0.02,0,0.0,14,0.87,21.43,7.143,0.19,3.72,36.67,3.72,36.67,0.0,0.0,0.5,2.79,55.56,5.46,47.73,1.24,2.29,1.12,41.74,4.09,1.67,53.65,80.35,19.97,75.47,7.75,93.6,18.42,82.49,44.1,87.06,6.02,56.7,19.96,39.33,0.14,0.93,0.06,0.0,0.37,50.0,0.37,6.64,71.96,4.22,57.35,0.87,35.71,0.99,1.43,12.84,77.78,0,,0,,0,0.0,0.0,0.0,,,0.99,,,0.0,0.0,0.0,0.19,0,0
A. Iván,Gyirmót,Spartak Trnava,"RW, RAMF",29,175000,,24,1079,0,1.41,1,1.53,24.27,45.02,Slovakia,Slovakia,right,184,76,no,5.67,5.76,65.22,1.17,21.43,0.17,0.23,0.0,1.75,2.44,1.0,0,0.0,0,0.0,7.01,0.0,0,0.0,0.12,0,0.0,20,1.67,25.0,0.0,0.08,5.67,32.35,0.08,0.0,5.51,33.33,0.92,10.09,44.63,14.68,39.77,2.5,3.59,1.25,20.35,2.5,1.17,28.28,67.26,8.09,61.86,5.42,92.31,9.26,59.46,21.44,77.82,1.75,42.86,19.49,23.62,0.13,1.25,0.17,0.08,0.83,30.0,0.83,2.59,54.84,5.51,43.94,0.5,16.67,1.08,1.75,6.09,84.93,0,,0,,0,0.0,0.0,0.0,,,0.17,,,0.17,0.17,50.0,0.0,0,0
A. Morong,Skalica,Sereď,"RW, RAMF, RB",33,175000,2027-06-30,25,2194,3,2.84,4,2.97,19.69,45.83,Slovakia,Slovakia,right,178,78,no,5.99,4.92,55.0,2.75,43.28,0.37,0.42,0.08,2.91,3.33,1.27,3,0.12,1,0.04,4.1,0.12,3,0.12,0.12,0,0.0,18,0.74,38.89,16.667,0.16,3.32,40.74,0.98,45.83,2.34,38.6,0.66,4.8,48.72,8.82,42.79,1.68,1.39,0.94,17.02,2.05,1.07,26.01,68.3,8.7,59.91,3.69,86.67,8.25,67.16,20.63,75.75,2.17,37.74,18.06,28.6,0.12,1.03,0.08,0.0,0.29,42.86,0.45,3.36,58.54,3.49,47.06,0.33,25.0,0.49,1.44,5.99,67.12,0,,0,,0,0.0,0.0,0.0,,,0.08,,,0.0,0.0,0.0,0.04,0,0
A. Macejko,Tatran Liptovský Mikuláš,Ružomberok,"LW, RAMF",23,150000,,3,41,0,0.77,0,0.32,,,Slovakia,Slovakia,right,177,69,no,,,,,,,0.0,,,3.33,,0,,0,,,,0,,,0,,1,,,0.0,,,,,,,,,,,,,,,,,,,,,,,,,,,,,,,19.24,17.85,,,,,,,,,,,,,,,,,,0,,0,,0,0.0,0.0,,,,,,,,,,,0,0
Š. Gerec,Dukla Banská Bystrica,Ružomberok,"CF, RW, RAMF",33,150000,2026-06-30,28,1713,4,4.04,3,1.95,23.59,46.99,Slovakia,Slovakia,right,176,72,no,8.72,7.15,58.09,4.52,33.72,0.21,0.27,0.16,4.36,5.53,1.26,2,0.11,0,0.0,2.42,0.21,4,0.21,0.21,2,0.11,27,1.42,37.04,14.815,0.16,1.21,39.13,0.16,66.67,1.05,35.0,0.05,2.73,44.23,7.51,52.45,3.31,1.21,0.63,14.87,1.89,2.73,22.12,72.68,7.04,61.94,4.05,88.31,6.36,75.21,19.39,76.96,1.63,45.16,14.8,16.49,0.1,0.95,0.0,0.0,0.42,50.0,0.47,2.26,46.51,1.79,52.94,0.21,50.0,0.68,0.42,3.57,67.65,0,,0,,0,0.0,0.0,0.0,,,0.05,,,0.0,0.0,0.0,0.0,0,0
A. Brenkus,Sandecja Nowy Sącz,Ružomberok,"AMF, CF",27,150000,2027-06-30,10,442,3,2.85,0,0.73,20.97,47.57,Slovakia,Slovakia,right,179,76,no,5.29,3.87,57.89,2.85,21.43,0.61,0.81,0.0,2.44,3.24,1.02,0,0.0,0,0.0,6.31,0.61,2,0.41,0.58,0,0.0,19,3.87,42.11,15.789,0.0,1.43,14.29,0.61,0.0,0.81,25.0,0.0,5.9,65.52,9.98,55.1,1.63,2.65,0.61,15.88,1.02,0.41,25.66,72.22,9.57,59.57,3.87,100.0,8.76,74.42,22.4,79.09,1.83,33.33,19.09,20.12,0.15,1.63,0.2,0.0,1.63,37.5,0.41,5.09,56.0,3.05,40.0,1.22,33.33,1.02,0.2,4.07,95.0,0,,0,,0,0.0,0.0,0.0,,,0.0,,,3.26,0.81,50.0,5.09,2,50
J. Tancík,Považská Bystrica,Ružomberok,"RAMF, LW, LAMF",26,150000,,8,188,0,0.59,0,0.22,22.5,31.91,Slovakia,Slovakia,right,177,73,no,7.18,7.66,62.5,3.35,14.29,0.0,0.0,0.0,2.39,3.66,2.39,1,0.48,0,0.0,2.39,0.0,0,0.0,0.28,0,0.0,4,1.91,25.0,0.0,0.0,3.35,28.57,0.96,50.0,2.39,20.0,0.0,3.35,28.57,8.14,17.65,3.35,2.39,0.96,12.45,2.39,0.0,15.32,46.88,3.83,50.0,2.39,80.0,7.18,46.67,9.57,65.0,3.35,0.0,21.09,23.31,0.11,1.44,0.0,0.0,0.0,0.0,0.96,1.91,25.0,3.83,50.0,0.0,0.0,0.96,0.96,3.83,75.0,0,,0,,0,0.0,0.0,0.0,,,0.0,,,0.0,0.0,0.0,0.0,0,0
S. Zuberu,Slovan Bratislava,DAC,"CF, RW, LW",26,150000,2028-05-31,31,1121,4,3.0,3,1.23,28.82,44.29,Ghana,Ghana,left,185,78,no,8.03,5.7,67.61,8.35,42.31,0.16,0.23,0.32,4.01,5.77,1.36,3,0.24,0,0.0,3.53,0.32,4,0.32,0.24,1,0.08,16,1.28,56.25,25.0,0.24,1.53,36.84,0.64,25.0,0.88,45.45,0.08,3.85,54.17,10.28,37.5,3.69,2.09,0.96,11.24,2.33,1.2,18.71,70.39,4.09,54.9,5.06,90.48,5.62,61.43,16.38,74.02,0.88,54.55,15.75,9.21,0.1,1.36,0.0,0.08,0.56,28.57,0.64,1.61,55.0,1.85,43.48,0.64,25.0,1.2,0.48,2.57,59.38,0,,0,,0,0.0,0.0,0.0,,,0.16,,,0.0,0.0,0.0,0.0,0,0
D. Ožvolda,Komárno,Pohronie,"RDMF, LCMF, CF",29,150000,,12,1030,1,0.72,0,0.3,21.26,49.55,Czech Republic,Czech Republic,right,180,70,no,9.1,8.62,60.0,3.35,45.71,0.19,0.24,0.19,3.73,4.76,1.05,2,0.17,0,0.0,1.15,0.09,1,0.1,0.07,0,0.0,7,0.67,14.29,14.286,0.0,0.86,22.22,0.0,0.0,0.86,22.22,0.0,1.63,52.94,5.36,41.07,1.44,0.48,0.1,16.85,0.19,0.96,33.13,83.24,9.77,70.59,5.55,94.83,12.54,88.55,29.3,89.87,2.97,35.48,17.42,26.74,0.03,0.57,0.0,0.1,0.19,0.0,0.19,5.07,73.58,0.86,11.11,0.1,0.0,0.19,0.1,4.4,73.91,0,,0,,0,0.0,0.0,0.0,,,0.67,,,0.1,0.0,0.0,0.29,0,0
M. Švec,WSPG Wels,Zlaté Moravce,CF,22,150000,2027-06-30,23,997,3,3.9,0,0.15,24.91,33.7,Slovakia,Slovakia,right,178,69,no,5.51,5.24,68.97,6.5,18.06,0.45,0.6,0.18,1.44,1.93,1.35,1,0.09,0,0.0,0.9,0.27,3,0.27,0.35,1,0.09,16,1.44,43.75,18.75,0.0,0.18,0.0,0.0,0.0,0.18,0.0,0.0,0.9,20.0,5.87,26.15,2.53,0.18,0.18,8.49,0.81,1.17,14.44,78.13,1.9,42.86,6.32,90.0,2.35,65.38,13.63,82.78,0.63,0.0,15.3,9.75,0.01,0.36,0.0,0.0,0.09,100.0,0.0,0.72,62.5,0.36,25.0,0.09,100.0,0.18,0.0,1.08,25.0,0,,0,,0,0.0,0.0,0.0,,,0.09,,,0.0,0.0,0.0,0.0,0,0
T. Grozdanovski,Pelister,Zlaté Moravce,"LCMF, RCMF, LDMF",26,150000,,13,957,0,0.72,1,0.65,21.25,47.35,North Macedonia,North Macedonia,right,182,69,no,8.46,8.46,55.56,2.63,32.14,0.56,0.73,0.28,3.2,4.16,1.5,2,0.19,0,0.0,1.69,0.0,0,0.0,0.07,0,0.0,6,0.56,33.33,0.0,0.09,0.66,42.86,0.47,40.0,0.19,50.0,0.19,2.16,52.17,6.21,40.91,1.32,1.03,0.38,13.82,0.47,1.88,26.05,76.53,7.81,60.24,3.29,88.57,9.4,81.0,23.61,81.27,1.88,25.0,17.04,27.49,0.06,0.66,0.0,0.0,0.28,33.33,0.09,3.29,54.29,1.41,53.33,0.28,0.0,0.85,0.09,3.29,48.57,0,,0,,0,0.0,0.0,0.0,,,0.0,,,0.0,0.0,0.0,0.0,0,0
Roberto Dias,Al Jubail,Sereď,"RCB, LCB",37,150000,2026-06-30,27,2416,1,2.36,0,0.03,12.74,57.6,Brazil,"Brazil, Portugal",right,188,86,no,9.83,5.03,66.67,4.06,57.8,0.52,0.63,0.97,5.96,7.17,0.63,4,0.15,1,0.04,0.41,0.04,1,0.04,0.09,1,0.04,15,0.56,40.0,6.667,0.0,0.07,0.0,0.0,0.0,0.07,0.0,0.0,0.37,50.0,1.01,40.74,0.86,0.19,0.0,23.47,0.52,0.41,38.74,86.63,18.55,80.32,1.49,92.5,15.57,93.54,32.3,91.7,6.37,61.99,22.73,42.21,0.0,0.11,0.0,0.11,0.0,0.0,0.0,4.4,66.95,0.34,0.0,0.15,0.0,0.11,0.0,8.75,72.34,0,,0,,0,0.0,0.0,0.0,,,0.93,,,0.0,0.0,0.0,0.0,0,0
P. Pinte,Honvéd,Tatran Liptovský Mikuláš,"RW, LW, CF",29,150000,2027-06-30,30,2047,2,2.55,1,1.71,26.16,39.33,Slovakia,"Slovakia, Hungary",right,178,76,no,6.73,6.95,55.06,2.55,31.03,0.13,0.16,0.09,2.77,3.26,1.54,3,0.13,0,0.0,3.56,0.09,2,0.09,0.11,1,0.04,32,1.41,40.63,6.25,0.04,3.08,25.71,1.1,20.0,1.93,27.27,0.4,4.57,46.15,11.91,32.1,1.63,2.29,1.41,13.1,1.71,1.32,22.34,64.17,7.61,52.02,5.1,92.24,5.32,57.85,17.15,73.85,2.24,41.18,19.48,25.7,0.08,0.62,0.13,0.04,0.18,50.0,0.4,2.68,45.9,2.15,36.73,0.18,25.0,0.31,0.84,4.13,59.57,0,,0,,0,0.0,0.0,0.0,,,0.35,,,0.0,0.0,0.0,0.0,0,0
M. Chobot,Ružomberok,Zlaté Moravce,"RW, LW, LAMF",26,150000,2027-05-31,6,318,1,0.3,0,0.43,28.3,35.0,Slovakia,Slovakia,left,178,70,no,5.94,4.81,76.47,4.81,17.65,0.0,0.0,0.0,2.26,2.93,0.28,0,0.0,0,0.0,5.09,0.28,1,0.28,0.09,0,0.0,6,1.7,50.0,16.667,0.0,3.11,36.36,2.26,37.5,0.85,33.33,0.28,5.66,55.0,14.15,34.0,1.7,2.55,1.13,13.87,2.83,2.26,19.25,67.65,4.81,52.94,5.38,89.47,5.94,57.14,15.0,75.47,1.42,60.0,18.46,30.42,0.12,0.28,0.0,0.0,0.0,0.0,0.28,1.13,100.0,2.55,44.44,0.0,0.0,0.28,1.13,3.96,57.14,0,,0,,0,0.0,0.0,0.0,,,0.0,,,0.28,0.0,0.0,0.0,0,0
Éric Davis,Plaza Amador,DAC,LB,35,150000,2026-12-31,24,1957,0,0.17,1,3.04,18.17,54.18,Panama,Panama,left,180,80,no,10.72,6.99,65.79,2.25,53.06,0.51,0.71,0.18,5.61,7.9,0.78,1,0.05,0,0.0,3.22,0.0,0,0.0,0.01,0,0.0,10,0.46,10.0,0.0,0.05,3.5,40.79,3.36,38.36,0.14,100.0,0.37,2.44,64.15,5.93,46.51,0.55,1.2,0.41,36.38,2.67,0.87,51.51,76.07,21.52,67.52,5.93,93.8,17.89,79.95,38.86,83.79,9.43,56.59,22.66,40.1,0.14,1.61,0.14,0.0,0.41,44.44,0.55,10.03,65.6,4.64,43.56,1.06,30.43,0.83,1.38,14.9,76.54,0,,0,,0,0.0,0.0,0.0,,,0.55,,,1.89,0.23,0.0,2.71,0,0
Z. Záhradník,Šamorín,Zemplín Michalovce,CF,20,150000,,7,95,0,0.19,0,0.0,23.68,36.0,Slovakia,Slovakia,right,184,72,no,4.74,7.58,37.5,5.68,50.0,0.95,1.76,0.0,0.95,1.76,2.84,0,0.0,0,0.0,0.95,0.0,0,0.0,0.18,0,0.0,1,0.95,100.0,0.0,0.0,0.0,0.0,0.0,0.0,0.0,0.0,0.0,0.0,0.0,3.79,25.0,3.79,0.0,0.0,17.05,0.95,1.89,21.79,65.22,3.79,25.0,4.74,80.0,11.37,83.33,20.84,68.18,0.95,0.0,11.08,6.47,0.0,0.0,0.0,0.0,0.95,0.0,0.0,3.79,0.0,0.95,0.0,0.95,0.0,1.89,0.0,0.95,100.0,0,,0,,0,0.0,0.0,0.0,,,0.0,,,0.0,0.0,0.0,0.0,0,0
K. Madu,Zemplín Michalovce,Trenčín,LB,30,150000,,26,2373,1,1.73,1,1.87,20.06,54.44,Nigeria,Nigeria,left,174,81,no,9.9,7.43,64.8,3.79,61.0,0.08,0.14,0.19,5.01,8.92,1.14,1,0.04,0,0.0,3.41,0.04,1,0.04,0.07,0,0.0,18,0.68,22.22,5.556,0.04,3.49,33.7,3.45,34.07,0.0,0.0,0.61,2.77,65.75,6.14,42.59,0.83,1.67,1.1,40.66,1.4,0.38,56.93,80.95,25.64,72.49,6.22,94.51,17.45,87.61,47.29,88.13,6.3,52.41,20.82,42.62,0.07,0.72,0.04,0.0,0.57,46.67,0.34,10.35,69.23,4.7,41.94,1.1,37.93,0.91,1.14,14.45,77.69,0,,0,,0,0.0,0.0,0.0,,,0.91,,,0.11,0.0,0.0,0.0,0,0
D. Duga,Zlaté Moravce,Zlaté Moravce,"RCMF, RDMF",31,150000,,3,175,0,0.0,0,0.0,23.66,60.87,Slovakia,Slovakia,right,177,74,no,14.4,12.86,64.0,2.57,20.0,0.51,0.73,0.0,5.66,8.05,2.57,1,0.51,0,0.0,0.51,0.0,0,0.0,0.0,0,0.0,1,0.51,0.0,0.0,0.0,0.51,0.0,0.51,0.0,0.0,0.0,0.0,0.51,100.0,5.14,70.0,1.03,0.51,0.0,23.66,0.0,3.6,43.2,75.0,14.91,51.72,6.69,92.31,15.94,90.32,37.03,79.17,5.66,54.55,19.56,35.37,0.0,0.0,0.0,0.0,0.51,0.0,0.0,8.23,62.5,1.54,0.0,0.51,0.0,0.0,0.0,5.66,36.36,0,,0,,0,0.0,0.0,0.0,,,0.51,,,0.0,0.0,0.0,0.0,0,0
D. Sváček,Zbrojovka Brno,Tatran Liptovský Mikuláš,GK,29,150000,,17,1600,0,0.0,0,0.0,0.79,71.43,Czech Republic,Czech Republic,right,190,77,no,2.48,0.28,40.0,0.23,100.0,0.17,0.2,0.0,2.19,2.62,0.0,2,0.11,0,0.0,0.06,0.0,0,0.0,0.0,0,0.0,0,0.0,0.0,0.0,0.0,0.0,0.0,0.0,0.0,0.0,0.0,0.0,0.06,100.0,0.11,100.0,0.0,0.0,0.0,12.21,0.34,0.11,20.25,83.06,11.87,73.46,0.0,0.0,7.48,98.5,12.38,97.73,7.71,61.31,33.7,49.84,0.0,0.0,0.0,0.11,0.0,0.0,0.0,2.93,44.23,0.28,20.0,0.06,0.0,0.06,0.0,5.79,76.7,30,1.69,86,4.84,2,65.12,27.57,1.55,-2.43,-0.137,0.0,0.9,0.23,,,,0.0,0,0
A. Zubairu,Zemplín Michalovce,Trenčín,LCMF,27,150000,,25,1608,0,0.78,3,2.06,24.63,46.82,Nigeria,Nigeria,left,166,64,no,6.38,7.5,55.97,1.18,28.57,0.28,0.5,0.11,1.9,3.41,1.68,2,0.11,0,0.0,3.02,0.0,0,0.0,0.04,0,0.0,12,0.67,16.67,0.0,0.17,1.23,27.27,1.18,23.81,0.06,100.0,0.17,4.03,52.78,11.08,46.46,1.74,1.74,1.4,31.9,0.34,2.29,46.79,83.85,16.4,75.09,8.28,93.24,12.76,87.28,42.09,88.83,3.58,42.19,17.24,29.09,0.12,1.68,0.11,0.06,1.06,42.11,0.62,8.62,70.78,2.91,50.0,0.9,25.0,1.51,0.39,7.0,78.4,0,,0,,0,0.0,0.0,0.0,,,0.73,,,0.0,0.0,0.0,0.0,0,0
J. Švec,Stal Stalowa Wola,Tatran Liptovský Mikuláš,"LW, LAMF",25,150000,,27,1258,4,3.63,3,1.93,29.62,43.48,Slovakia,Slovakia,right,177,70,no,6.22,7.15,55.0,1.07,20.0,0.07,0.09,0.0,2.22,2.86,0.93,0,0.0,0,0.0,6.65,0.29,4,0.29,0.26,0,0.0,47,3.36,38.3,8.511,0.21,1.43,30.0,0.79,36.36,0.5,14.29,0.14,9.44,50.76,17.38,43.21,2.86,3.36,1.57,15.95,1.5,2.43,22.25,73.63,5.01,61.43,7.23,86.14,5.08,70.42,20.1,77.22,0.72,60.0,13.19,12.6,0.14,1.29,0.14,0.0,0.57,25.0,0.07,1.5,66.67,1.5,52.38,0.57,37.5,0.5,0.43,2.29,68.75,0,,0,,0,0.0,0.0,0.0,,,0.14,,,1.5,0.29,0.0,2.0,0,0
B. Száraz,Komárno,Zemplín Michalovce,GK,28,150000,,18,1608,0,0.0,0,0.0,0.95,88.24,Slovakia,Slovakia,right,189,84,no,1.34,0.06,100.0,0.56,90.0,0.0,0.0,0.0,1.29,1.66,0.0,0,0.0,0,0.0,0.0,0.0,0,0.0,0.0,0,0.0,0,0.0,0.0,0.0,0.0,0.0,0.0,0.0,0.0,0.0,0.0,0.0,0.0,0.0,0.06,0.0,0.0,0.0,0.0,9.91,0.11,0.11,18.36,82.01,12.09,74.07,0.06,0.0,5.99,98.13,8.84,96.2,9.4,69.64,36.35,49.57,0.0,0.0,0.0,0.0,0.0,0.0,0.0,2.8,52.0,0.17,0.0,0.22,50.0,0.0,0.0,7.44,77.44,21,1.18,71,3.97,5,70.42,19.56,1.09,-1.44,-0.081,0.0,1.62,0.56,,,,0.0,0,0
R. Križan,Trenčín,Slovan Bratislava,"LCB, RCB",28,150000,2028-06-30,7,654,1,0.39,0,0.0,14.59,63.21,Slovakia,Slovakia,right,190,87,no,8.94,6.33,63.04,3.99,75.86,0.55,0.79,0.55,4.4,6.36,1.1,3,0.41,0,0.0,0.28,0.14,1,0.14,0.05,1,0.14,3,0.41,66.67,33.333,0.0,0.0,0.0,0.0,0.0,0.0,0.0,0.0,0.0,0.0,0.55,75.0,0.69,0.14,0.0,26.28,0.28,0.55,39.5,90.59,16.79,81.97,2.75,100.0,16.65,97.52,36.33,95.08,3.17,39.13,20.45,35.82,0.0,0.0,0.14,0.28,0.0,0.0,0.0,3.58,61.54,0.28,50.0,0.0,0.0,0.14,0.0,5.23,68.42,0,,0,,0,0.0,0.0,0.0,,,2.61,,,0.0,0.0,0.0,0.0,0,0
Á. Szendrei,Debrecen,DAC,"CF, LW",23,150000,2029-06-30,2,36,0,0.94,0,0.13,,,Hungary,Hungary,right,184,72,no,,,,,,,0.0,,,8.57,,0,,0,,,,0,,,0,,4,,,0.0,,,,,,,,,,,,,,,,,,,,,,,,,,,,,,,17.48,23.71,,,,,,,,,,,,,,,,,,0,,0,,0,0.0,0.0,,,,,,,,,,,0,0
A. Goljan,Petržalka Akadémia,Žilina,"LWF, RWF, LW",25,150000,,12,518,0,0.94,0,0.65,24.32,51.43,Slovakia,Slovakia,left,185,0,no,5.39,6.6,57.89,1.22,0.0,0.35,0.71,0.0,1.22,2.47,1.56,1,0.17,0,0.0,8.17,0.0,0,0.0,0.16,0,0.0,10,1.74,30.0,0.0,0.0,2.43,50.0,2.08,50.0,0.35,50.0,0.35,9.38,68.52,13.38,58.44,2.78,3.13,0.69,24.5,1.39,2.08,35.79,81.55,6.43,67.57,9.21,100.0,11.81,85.29,32.14,85.41,1.39,37.5,16.05,18.64,0.11,1.04,0.0,0.17,0.69,0.0,0.87,2.61,73.33,2.61,53.33,0.17,0.0,0.52,1.04,5.21,80.0,0,,0,,0,0.0,0.0,0.0,,,0.17,,,0.0,0.0,0.0,0.87,0,0
M. Čurma,Zemplín Michalovce,Spartak Trnava,"RB, RCB, CB",30,150000,,18,1111,1,0.49,0,0.17,14.42,61.24,Slovakia,Slovakia,right,181,78,no,10.21,7.45,72.83,2.35,55.17,0.49,0.65,0.24,4.29,5.78,0.57,0,0.0,0,0.0,0.73,0.08,1,0.08,0.04,0,0.0,1,0.08,100.0,100.0,0.0,1.13,35.71,0.0,0.0,1.13,35.71,0.08,0.32,75.0,2.27,42.86,0.73,1.22,0.49,22.76,0.65,0.65,35.08,82.22,12.88,76.1,4.13,94.12,14.1,84.48,29.89,88.08,4.13,50.98,20.57,32.07,0.01,0.08,0.0,0.0,0.0,0.0,0.08,5.75,74.65,1.05,53.85,0.16,100.0,0.08,0.41,8.26,73.53,0,,0,,0,0.0,0.0,0.0,,,0.89,,,0.0,0.0,0.0,0.0,0,0
E. Fazlagić,,Žilina,DMF,26,150000,,16,1345,0,1.54,1,0.88,20.21,54.3,North Macedonia,North Macedonia,left,188,82,no,12.25,8.7,59.23,3.35,52.0,1.14,1.91,0.67,5.96,10.0,1.61,5,0.33,0,0.0,1.94,0.0,0,0.0,0.1,0,0.0,14,0.94,21.43,0.0,0.07,0.54,62.5,0.54,62.5,0.0,0.0,0.13,1.67,64.0,5.29,54.43,1.0,1.54,0.67,38.74,0.07,1.47,53.73,87.17,16.33,71.31,8.97,97.01,20.61,96.1,48.25,90.57,4.95,56.76,18.93,39.1,0.06,0.87,0.0,0.0,0.8,41.67,0.27,9.03,74.81,2.41,58.33,1.54,43.48,1.2,0.27,8.57,78.13,0,,0,,0,0.0,0.0,0.0,,,1.07,,,0.13,0.07,0.0,0.0,0,0
J. Kotula,,Zemplín Michalovce,"RB, RWB",30,150000,,27,2410,0,1.08,3,3.67,16.14,54.09,Slovakia,Slovakia,right,183,83,no,9.47,7.91,66.67,2.29,49.15,0.16,0.2,0.23,4.03,5.11,0.93,0,0.0,0,0.0,1.71,0.0,0,0.0,0.04,0,0.0,13,0.5,30.77,0.0,0.12,2.72,28.57,0.08,50.0,2.64,27.94,0.5,1.51,41.03,3.03,39.74,0.66,1.28,0.7,20.17,1.82,0.54,30.38,72.54,14.39,68.19,3.34,90.7,8.34,73.49,23.31,81.86,4.5,50.0,21.38,34.69,0.14,0.89,0.04,0.0,0.19,80.0,0.19,5.35,66.67,2.87,41.89,0.23,16.67,0.47,0.81,8.53,75.91,0,,0,,0,0.0,0.0,0.0,,,0.78,,,0.47,0.0,0.0,1.13,0,0
Y. Yao,Mornar,Sereď,"LW, LAMF",29,150000,2028-06-01,30,1788,2,2.57,1,2.32,23.31,47.3,Côte d'Ivoire,Côte d'Ivoire,left,179,72,no,8.31,7.3,62.76,2.92,55.17,0.4,0.48,0.2,3.32,3.92,0.91,0,0.0,0,0.0,3.52,0.1,2,0.1,0.13,1,0.05,31,1.56,32.26,6.452,0.05,2.47,24.49,2.21,25.0,0.2,25.0,0.3,3.98,55.7,9.82,40.0,3.02,1.61,0.6,16.06,1.96,0.65,26.58,71.97,8.2,64.42,4.38,89.66,8.66,71.51,22.2,79.37,2.06,51.22,18.23,19.38,0.12,1.36,0.0,0.0,0.4,50.0,0.5,3.22,60.94,2.06,39.02,0.4,37.5,0.76,0.55,5.79,67.83,0,,0,,0,0.0,0.0,0.0,,,0.1,,,0.05,0.0,0.0,0.0,0,0
M. Begala,Tychy 71,Zemplín Michalovce,"RCMF, DMF, LCMF",25,150000,2027-06-30,28,2204,1,0.98,1,1.02,28.77,53.49,Slovakia,Slovakia,right,186,75,no,12.84,10.04,60.42,7.28,60.34,1.09,1.34,0.25,5.69,7.03,2.22,5,0.2,0,0.0,1.42,0.04,1,0.04,0.04,0,0.0,18,0.75,16.67,5.556,0.04,0.46,18.18,0.08,0.0,0.33,25.0,0.04,2.13,49.02,6.98,41.32,0.46,0.54,0.17,19.2,0.33,2.01,33.67,78.63,11.42,67.03,5.94,91.55,11.75,82.92,29.11,83.91,4.1,47.96,18.54,33.82,0.04,0.38,0.04,0.0,0.46,36.36,0.25,6.06,62.07,1.51,44.44,0.79,36.84,0.75,0.08,5.86,70.71,0,,0,,0,0.0,0.0,0.0,,,0.38,,,0.04,0.0,0.0,0.0,0,0
M. Gono,Lokomotíva Zvolen,Žilina,"DMF, LDMF, LCMF",25,150000,,23,1414,0,1.3,1,0.84,17.89,44.13,Slovakia,Slovakia,right,181,75,no,7.0,7.13,62.5,1.21,21.05,0.38,0.57,0.25,2.16,3.21,1.02,1,0.06,0,0.0,2.29,0.0,0,0.0,0.08,0,0.0,17,1.08,47.06,0.0,0.06,0.95,53.33,0.32,20.0,0.64,70.0,0.13,2.74,39.53,7.07,30.63,1.4,1.08,0.57,29.85,0.45,0.7,41.12,84.83,9.42,66.22,9.55,94.67,15.4,90.5,36.09,89.95,4.14,47.69,17.42,34.75,0.05,0.95,0.0,0.0,0.45,42.86,0.32,5.28,61.45,1.97,61.29,0.83,30.77,0.89,0.45,4.46,71.43,0,,0,,0,0.0,0.0,0.0,,,0.76,,,0.06,0.06,100.0,0.45,0,0
J. Paur,Trenčín,Žilina,CF,34,150000,2027-06-30,15,1010,4,3.11,1,0.93,24.33,45.79,Slovakia,Slovakia,right,185,77,no,6.15,6.33,50.7,7.04,49.37,0.36,0.57,0.36,2.58,4.16,1.6,6,0.53,1,0.09,2.14,0.36,3,0.27,0.28,1,0.09,21,1.87,33.33,14.286,0.09,0.98,18.18,0.45,20.0,0.53,16.67,0.27,1.78,65.0,7.04,40.51,4.19,0.89,0.53,19.69,2.14,1.34,30.48,78.07,7.04,67.09,7.31,91.46,9.62,76.85,27.71,82.64,1.78,40.0,14.64,19.44,0.08,0.71,0.18,0.09,0.53,33.33,0.27,3.48,58.97,1.78,45.0,0.62,28.57,1.78,0.09,2.85,87.5,0,,0,,0,0.0,0.0,0.0,,,0.36,,,0.09,0.09,0.0,0.0,0,0
C. Steinhübel,SKA Rostov,Pohronie,"AMF, CF, LW",31,125000,,12,915,1,1.78,2,1.58,27.6,45.85,Slovakia,Slovakia,left,183,80,no,9.27,10.25,61.7,2.73,56.0,0.33,0.43,0.22,2.62,3.46,1.64,2,0.2,1,0.1,3.49,0.1,1,0.11,0.19,1,0.11,16,1.75,56.25,6.25,0.22,1.53,28.57,0.87,25.0,0.65,33.33,0.44,4.04,45.95,11.24,33.98,2.84,1.64,0.87,12.98,1.09,1.42,20.84,71.73,7.85,58.33,3.82,94.29,4.8,72.73,17.89,79.27,1.42,23.08,16.24,23.17,0.17,1.42,0.11,0.0,0.33,66.67,0.11,2.84,42.31,1.96,50.0,0.33,33.33,0.76,0.44,3.27,76.67,0,,0,,0,0.0,0.0,0.0,,,0.22,,,0.87,0.11,100.0,2.51,0,0
M. Adamec,,Pohronie,"LCMF, LDMF",27,125000,,14,860,0,0.41,1,0.93,13.71,49.62,Slovakia,Slovakia,right,178,70,no,7.85,4.71,60.0,2.93,28.57,0.42,0.56,0.21,4.6,6.11,0.84,0,0.0,0,0.0,1.47,0.0,0,0.0,0.04,0,0.0,13,1.36,23.08,0.0,0.1,0.73,28.57,0.0,0.0,0.73,28.57,0.0,1.88,44.44,3.35,46.88,0.94,0.73,0.52,18.52,0.21,1.15,34.53,77.27,13.19,62.7,5.13,93.88,11.09,87.74,29.83,83.51,3.98,39.47,18.39,33.27,0.1,1.05,0.0,0.0,0.1,100.0,0.1,6.38,63.93,1.36,46.15,0.42,25.0,0.31,0.21,6.38,60.66,0,,0,,0,0.0,0.0,0.0,,,0.42,,,1.26,0.1,0.0,1.57,0,0
R. Bartoš,Tatran Liptovský Mikuláš,Tatran Liptovský Mikuláš,"CF, AMF",33,125000,,19,1691,6,6.44,2,2.33,37.68,39.97,Slovakia,Slovakia,right,182,75,no,6.33,5.85,58.18,9.63,40.88,0.64,0.79,0.21,2.29,2.84,1.81,4,0.21,1,0.05,4.2,0.32,6,0.32,0.34,4,0.21,31,1.65,58.06,19.355,0.11,1.7,40.63,0.48,44.44,1.17,36.36,0.11,3.3,56.45,14.74,33.94,2.34,1.06,0.69,25.76,1.54,1.92,43.11,78.64,14.96,68.33,7.03,86.36,13.09,85.77,38.64,81.54,2.82,62.26,17.02,35.27,0.12,1.7,0.11,0.0,1.33,52.0,0.96,6.87,69.77,3.78,54.93,1.33,48.0,1.76,0.48,7.61,80.42,0,,0,,0,0.0,0.0,0.0,,,0.05,,,0.0,0.0,0.0,0.05,1,0
M. Kira,FC Košice,Zlaté Moravce,GK,31,125000,2027-06-30,17,1580,0,0.0,0,0.0,0.85,73.33,Slovakia,Slovakia,right,186,73,no,2.68,0.06,100.0,0.23,75.0,0.0,0.0,0.0,2.62,3.32,0.0,0,0.0,0,0.0,0.0,0.0,0,0.0,0.0,0,0.0,0,0.0,0.0,0.0,0.0,0.0,0.0,0.0,0.0,0.0,0.0,0.0,0.0,0.0,0.06,100.0,0.0,0.0,0.0,13.78,0.17,0.23,23.75,78.9,15.95,72.14,0.06,0.0,7.23,95.28,10.82,92.63,12.93,67.4,40.59,53.21,0.0,0.0,0.0,0.0,0.0,0.0,0.0,3.08,42.59,0.28,0.0,0.11,0.0,0.0,0.0,10.37,78.02,26,1.48,94,5.35,4,72.34,25.85,1.47,-0.15,-0.009,0.0,1.42,0.23,,,,0.0,0,0
T. Staš,Tatran Liptovský Mikuláš,Tatran Liptovský Mikuláš,"LCMF, AMF",29,125000,,32,2533,5,6.64,3,4.82,13.86,45.38,Slovakia,Slovakia,left,178,73,no,7.32,5.54,53.85,2.17,40.98,0.89,1.07,0.21,3.45,4.17,0.89,3,0.11,0,0.0,1.17,0.18,3,0.11,0.24,1,0.04,38,1.35,50.0,13.158,0.11,0.6,47.06,0.43,41.67,0.18,60.0,0.07,0.57,25.0,3.62,36.27,0.96,0.28,0.18,18.8,0.64,0.92,29.77,80.91,8.74,66.26,5.72,91.93,9.56,89.22,25.83,85.28,3.34,53.19,18.27,30.58,0.17,1.6,0.0,0.0,0.36,20.0,0.21,4.62,65.38,0.78,59.09,0.46,30.77,0.43,0.28,4.76,67.91,0,,0,,0,0.0,0.0,0.0,,,0.21,,,1.46,0.04,0.0,3.55,4,50
L. Laura,Tatran Liptovský Mikuláš,Tatran Liptovský Mikuláš,"RW, RAMF",31,125000,,24,1683,5,2.24,3,3.06,19.36,36.19,Slovakia,Slovakia,right,184,72,no,7.11,4.55,49.41,3.32,22.58,0.48,0.6,0.05,4.39,5.43,0.96,2,0.11,0,0.0,4.55,0.27,5,0.27,0.12,1,0.05,26,1.39,50.0,19.231,0.16,4.65,39.08,0.11,0.0,4.55,40.0,0.27,3.37,57.14,7.75,43.45,3.64,1.18,0.75,22.41,2.94,1.28,31.18,71.87,8.02,66.0,7.11,89.47,9.09,66.47,24.22,80.57,2.41,46.67,18.12,28.49,0.16,1.23,0.05,0.0,0.43,25.0,0.8,3.21,66.67,4.12,49.35,0.43,50.0,0.8,1.93,6.84,75.78,0,,0,,0,0.0,0.0,0.0,,,0.16,,,0.0,0.0,0.0,0.0,0,0
M. Luksch,,Tatran Liptovský Mikuláš,GK,28,125000,,16,1514,0,0.0,0,0.0,0.77,76.92,Czech Republic,Czech Republic,right,193,83,no,2.14,0.06,0.0,0.54,88.89,0.0,0.0,0.0,2.14,2.63,0.06,1,0.06,0,0.0,0.0,0.0,0,0.0,0.0,0,0.0,0,0.0,0.0,0.0,0.0,0.0,0.0,0.0,0.0,0.0,0.0,0.0,0.0,0.0,0.12,100.0,0.0,0.0,0.0,11.35,0.12,0.24,19.38,80.98,11.41,70.83,0.0,0.0,7.07,95.8,10.28,97.11,9.04,63.16,36.73,51.51,0.0,0.0,0.0,0.0,0.0,0.0,0.0,2.85,60.42,0.18,33.33,0.18,33.33,0.0,0.0,6.9,76.72,31,1.84,74,4.4,2,58.11,22.64,1.35,-8.36,-0.497,0.0,1.49,0.54,,,,0.0,0,0
L. Jendrek,Stará Ľubovňa,Spartak Trnava,LW,23,125000,,1,12,0,0.15,0,0.0,,,Slovakia,Slovakia,right,170,64,no,,,,,,,0.0,,,30.0,,0,,0,,,,0,,,0,,1,,,0.0,,,,,,,,,,,,,,,,,,,,,,,,,,,,,,,14.64,0.0,,,,,,,,,,,,,,,,,,0,,0,,0,0.0,0.0,,,,,,,,,,,0,0
K. Mondek,Zlaté Moravce,Zlaté Moravce,"RW, RAMF",35,125000,,30,2528,4,4.92,5,4.69,21.04,46.02,Slovakia,Slovakia,right,168,65,no,7.58,6.44,64.09,1.71,33.33,0.43,0.55,0.21,3.03,3.91,0.93,5,0.18,0,0.0,4.52,0.14,4,0.14,0.18,0,0.0,53,1.89,37.74,7.547,0.18,3.35,45.74,0.18,40.0,3.17,46.07,0.61,4.27,50.83,9.33,38.93,1.92,2.17,1.32,18.33,1.92,0.93,26.45,73.62,6.59,62.16,6.52,90.71,8.08,73.13,21.36,81.17,1.78,36.0,17.45,25.93,0.17,1.21,0.04,0.0,0.21,50.0,0.61,2.24,63.49,3.1,54.02,0.46,15.38,0.46,1.53,4.52,74.8,0,,0,,0,0.0,0.0,0.0,,,0.28,,,0.0,0.0,0.0,0.0,1,0
B. Moumou,1860 München,DAC,"LW, AMF, RWB",25,125000,2027-06-30,20,668,2,1.52,2,1.68,28.7,44.13,Germany,"Germany, Morocco",right,179,70,no,8.22,8.22,52.46,2.69,35.0,0.67,1.1,0.0,3.23,5.29,1.62,2,0.27,0,0.0,5.25,0.27,2,0.27,0.2,0,0.0,13,1.75,30.77,15.385,0.27,2.96,27.27,1.21,44.44,1.75,15.38,0.67,6.87,49.02,13.07,40.21,2.96,2.69,1.35,19.4,1.21,0.81,30.72,73.68,8.08,71.67,4.99,91.89,11.05,70.73,25.73,81.15,2.16,50.0,17.07,16.87,0.23,1.89,0.0,0.0,1.08,50.0,1.21,4.31,68.75,4.31,56.25,0.54,75.0,2.29,0.81,6.87,80.39,0,,0,,0,0.0,0.0,0.0,,,0.0,,,0.13,0.0,0.0,0.13,0,0
T. Jambor,Rapid Bucureşti,Žilina,CF,23,125000,2027-06-30,21,853,4,3.78,0,0.1,15.19,27.08,Slovakia,Slovakia,right,183,73,no,3.27,2.43,52.17,4.33,14.63,0.32,0.54,0.11,1.69,2.86,0.63,1,0.11,0,0.0,1.37,0.42,4,0.42,0.4,0,0.0,16,1.69,43.75,25.0,0.0,0.53,20.0,0.0,0.0,0.53,20.0,0.11,0.95,44.44,5.06,22.92,2.64,0.63,0.11,11.92,0.95,0.84,17.09,80.86,1.69,56.25,5.8,92.73,5.28,70.0,16.25,82.47,0.42,100.0,11.71,6.3,0.01,0.42,0.0,0.11,0.11,100.0,0.21,1.16,90.91,0.95,33.33,0.0,0.0,0.21,0.0,1.16,36.36,0,,0,,0,0.0,0.0,0.0,,,0.11,,,0.0,0.0,0.0,0.0,0,0
T. Jibril,,Zlaté Moravce,CF,28,125000,,24,1438,2,3.87,0,0.32,23.16,36.49,Nigeria,"Nigeria, Portugal",right,181,75,no,3.13,3.19,60.78,8.01,33.59,0.0,0.0,0.0,1.19,1.74,1.13,1,0.06,0,0.0,2.0,0.13,2,0.13,0.24,1,0.06,28,1.75,28.57,7.143,0.0,0.69,18.18,0.38,16.67,0.31,20.0,0.13,2.44,48.72,8.26,31.82,3.38,0.69,0.25,9.51,2.0,1.44,13.89,73.87,2.5,50.0,4.26,86.76,3.94,73.02,12.77,77.94,0.5,37.5,18.77,13.69,0.02,0.44,0.13,0.06,0.38,50.0,0.0,1.19,57.89,1.06,47.06,0.19,33.33,0.56,0.13,1.38,68.18,0,,0,,0,0.0,0.0,0.0,,,0.06,,,0.0,0.0,0.0,0.0,0,0
R. Procházka,Spartak Trnava,Spartak Trnava,"RB, LCMF, DMF",37,125000,2027-06-30,24,1685,2,1.99,1,3.48,19.66,51.36,Slovakia,Slovakia,right,182,78,no,10.42,9.03,65.68,2.67,44.0,0.53,0.7,0.16,3.95,5.15,1.18,4,0.21,0,0.0,2.35,0.11,2,0.11,0.11,0,0.0,24,1.28,37.5,8.333,0.05,2.72,33.33,0.27,20.0,2.46,34.78,0.43,1.12,66.67,4.54,36.47,1.34,1.5,0.43,26.17,0.8,0.96,39.85,78.42,15.01,70.82,5.13,94.79,13.78,81.78,32.53,86.7,4.59,46.51,18.67,30.9,0.19,1.71,0.05,0.0,0.43,50.0,0.32,5.72,70.09,3.26,40.98,0.53,20.0,0.8,0.96,9.13,73.1,0,,0,,0,0.0,0.0,0.0,,,0.53,,,1.82,0.21,25.0,3.2,0,0
M. Mikovič,Spartak Trnava,Spartak Trnava,LB,35,125000,2027-06-30,19,1555,0,0.57,0,2.15,14.06,55.14,Slovakia,Slovakia,left,167,70,no,9.09,6.71,56.9,1.74,33.33,0.64,0.84,0.17,4.63,6.12,1.1,4,0.23,0,0.0,3.7,0.0,0,0.0,0.03,0,0.0,16,0.93,6.25,0.0,0.0,3.24,44.64,3.24,44.64,0.0,0.0,0.35,2.6,77.78,3.82,68.18,1.1,1.5,0.46,25.41,0.98,0.58,38.49,71.73,19.5,64.39,3.7,90.63,9.43,77.91,28.24,81.35,7.0,45.45,20.71,33.31,0.12,0.87,0.0,0.06,0.41,42.86,0.35,8.16,60.99,3.76,53.85,0.81,28.57,0.69,1.5,10.01,78.61,0,,0,,0,0.0,0.0,0.0,,,0.58,,,0.06,0.0,0.0,0.0,0,0
D. Trajkovski,Prishtina e Re,Spartak Trnava,LB,34,125000,,10,685,1,0.22,1,0.7,16.55,61.11,Slovenia,Slovenia,left,175,65,no,8.8,6.18,70.21,3.68,57.14,0.39,0.56,0.13,4.07,5.74,0.26,1,0.13,0,0.0,2.1,0.13,1,0.13,0.03,0,0.0,2,0.26,50.0,50.0,0.13,3.68,32.14,3.68,32.14,0.0,0.0,0.53,1.05,75.0,3.94,60.0,0.66,0.92,0.66,21.55,1.45,1.97,35.47,70.0,16.29,61.29,4.73,94.44,8.41,71.88,25.62,83.59,6.31,37.5,23.24,27.28,0.09,0.79,0.0,0.0,0.0,0.0,0.39,5.65,58.14,3.28,44.0,0.66,20.0,0.79,1.18,9.2,72.86,0,,0,,0,0.0,0.0,0.0,,,0.66,,,0.13,0.0,0.0,0.0,0,0
M. Ranko,,Zemplín Michalovce,"RCB, CB, LCB",32,125000,,32,2808,1,2.6,0,0.02,12.09,62.19,Slovakia,Slovakia,right,189,76,no,8.94,4.9,66.89,3.54,62.62,0.36,0.47,0.99,5.3,6.81,0.96,3,0.1,0,0.0,0.2,0.03,1,0.03,0.09,0,0.0,18,0.6,11.11,5.556,0.0,0.0,0.0,0.0,0.0,0.0,0.0,0.0,0.13,100.0,0.93,50.0,0.46,0.36,0.03,17.19,0.17,0.63,31.26,87.18,12.55,73.61,2.48,98.67,14.14,97.19,27.05,92.17,4.21,55.12,20.65,34.52,0.0,0.03,0.03,0.0,0.03,0.0,0.0,3.84,62.07,0.46,21.43,0.33,20.0,0.13,0.0,4.8,68.28,0,,0,,0,0.0,0.0,0.0,,,1.69,,,0.03,0.03,0.0,0.0,0,0
G. Halabrín,Spartak Myjava,Senica,"RDMF, LDMF, RCMF",23,125000,,25,1676,1,0.44,0,0.86,25.4,50.74,Slovakia,Slovakia,right,170,76,no,13.42,12.3,59.83,3.06,42.11,1.18,1.33,0.38,4.89,5.5,2.79,7,0.38,0,0.0,1.13,0.05,1,0.05,0.02,0,0.0,8,0.43,37.5,12.5,0.0,0.16,33.33,0.05,0.0,0.11,50.0,0.0,2.09,43.59,5.85,35.78,0.48,1.02,0.43,13.21,0.32,0.97,26.58,74.14,10.15,53.44,4.13,89.61,7.68,88.11,23.74,78.51,2.68,38.0,17.41,27.91,0.05,0.27,0.0,0.05,0.21,0.0,0.11,4.3,52.5,0.64,25.0,0.54,20.0,0.21,0.05,4.19,46.15,0,,0,,0,0.0,0.0,0.0,,,0.43,,,0.0,0.0,0.0,0.0,0,0
L. Jánošík,,Žilina,"LW, CF, RAMF",32,125000,,16,980,2,1.62,1,3.47,23.6,42.02,Slovakia,Slovakia,right,178,76,no,6.06,6.34,55.07,1.65,16.67,0.09,0.14,0.0,2.48,3.82,1.1,2,0.18,0,0.0,5.69,0.18,2,0.18,0.15,0,0.0,20,1.84,30.0,10.0,0.09,5.69,38.71,1.93,33.33,3.77,41.46,0.83,5.42,45.76,12.49,41.91,2.94,1.84,0.73,25.9,2.2,1.47,35.63,68.04,8.72,50.53,8.17,94.38,10.56,60.87,28.74,74.12,1.47,56.25,16.37,19.23,0.32,2.39,0.09,0.0,1.29,35.71,1.29,2.57,67.86,6.89,48.0,0.83,44.44,1.38,2.2,7.62,75.9,0,,0,,0,0.0,0.0,0.0,,,0.09,,,0.28,0.0,0.0,0.92,0,0
J. Rakyta,,Ružomberok,AMF,23,100000,,2,22,0,0.0,0,0.0,,,Slovakia,Slovakia,left,180,69,no,,,,,,,0.0,,,20.0,,1,,0,,,,0,,,0,,0,,,0.0,,,,,,,,,,,,,,,,,,,,,,,,,,,,,,,10.32,0.0,,,,,,,,,,,,,,,,,,0,,0,,0,0.0,0.0,,,,,,,,,,,0,0
J. Luka,Podbrezová,Ružomberok,"RCB, LCB",22,100000,,8,752,0,0.45,0,0.0,13.28,68.47,Slovakia,Slovakia,right,193,88,no,8.26,5.27,72.73,5.63,70.21,0.12,0.16,0.48,4.31,5.81,1.08,1,0.12,0,0.0,0.12,0.0,0,0.0,0.05,0,0.0,3,0.36,33.33,0.0,0.0,0.0,0.0,0.0,0.0,0.0,0.0,0.0,0.12,0.0,0.72,33.33,0.72,0.84,0.12,32.79,0.24,0.24,47.15,85.53,19.87,74.7,2.87,87.5,22.98,94.79,41.41,92.2,5.74,37.5,22.94,42.8,0.0,0.0,0.0,0.0,0.0,0.0,0.0,5.51,50.0,0.6,0.0,0.72,0.0,0.12,0.0,7.78,63.08,0,,0,,0,0.0,0.0,0.0,,,2.15,,,0.0,0.0,0.0,0.0,0,0
S. Olejník,Tatran Prešov,Spartak Trnava,CF,24,100000,,9,289,1,2.11,0,0.76,19.93,34.38,Slovakia,Slovakia,right,178,72,no,6.54,5.92,68.42,6.23,30.0,0.93,1.32,0.31,1.56,2.21,1.25,1,0.31,0,0.0,1.25,0.31,1,0.31,0.66,0,0.0,4,1.25,75.0,25.0,0.0,1.25,0.0,0.31,0.0,0.93,0.0,0.0,1.25,25.0,5.61,11.11,4.05,0.62,0.0,10.9,1.87,0.0,14.64,72.34,2.8,44.44,3.43,81.82,3.11,70.0,12.77,78.05,0.62,100.0,11.73,5.04,0.24,1.25,0.0,0.0,0.0,0.0,0.93,0.93,66.67,1.25,75.0,0.31,100.0,1.25,0.0,0.93,66.67,0,,0,,0,0.0,0.0,0.0,,,0.0,,,0.0,0.0,0.0,0.0,1,0
L. Demitra,,Trenčín,RW,23,100000,,1,30,0,0.0,0,0.0,,,United States,"United States, Slovakia",right,181,74,no,,,,,,,0.0,,,0.0,,0,,0,,,,0,,,0,,0,,,0.0,,,,,,,,,,,,,,,,,,,,,,,,,,,,,,,14.33,0.0,,,,,,,,,,,,,,,,,,0,,0,,0,0.0,0.0,,,,,,,,,,,0,0
I. Rabiu,,Slovan Bratislava,"LDMF, LCMF, RCMF",35,100000,,25,1604,4,2.25,7,1.94,20.7,52.3,Nigeria,Nigeria,left,167,60,no,10.21,8.42,53.33,1.57,39.29,0.84,1.28,0.17,4.88,7.41,1.8,7,0.39,0,0.0,2.47,0.22,4,0.22,0.13,0,0.0,18,1.01,33.33,22.222,0.39,0.67,58.33,0.45,50.0,0.22,75.0,0.06,2.41,62.79,7.01,56.0,1.18,1.18,0.39,45.22,0.56,2.36,64.47,85.2,22.44,72.0,7.97,94.37,24.74,92.74,55.83,90.75,7.97,48.59,18.07,30.48,0.11,1.23,0.06,0.11,0.79,28.57,0.79,13.3,72.57,4.1,42.47,2.92,30.77,1.46,0.45,11.56,81.07,0,,0,,0,0.0,0.0,0.0,,,0.39,,,0.0,0.0,0.0,0.17,0,0
A. Tahrić,,Sereď,"RCMF, CF",24,100000,,3,23,0,0.0,0,0.0,,,Bosnia and Herzegovina,Bosnia and Herzegovina,right,0,0,no,,,,,,,0.0,,,0.0,,0,,0,,,,0,,,0,,0,,,0.0,,,,,,,,,,,,,,,,,,,,,,,,,,,,,,,11.8,14.28,,,,,,,,,,,,,,,,,,0,,0,,0,0.0,0.0,,,,,,,,,,,0,0
L. Malle,Hapoel Hadera,Pohronie,"LW, RW, RAMF",24,100000,2027-05-30,23,1257,2,1.6,1,1.02,21.69,40.26,Mali,Mali,left,0,0,no,7.45,6.09,54.12,2.08,20.69,0.43,0.55,0.0,3.72,4.77,0.93,1,0.07,0,0.0,4.87,0.14,2,0.14,0.11,0,0.0,32,2.29,40.63,6.25,0.07,3.22,26.67,1.72,25.0,1.5,28.57,0.21,6.16,44.19,10.95,37.25,1.65,1.93,1.07,15.32,1.43,1.22,26.42,67.75,5.8,56.79,5.08,90.14,8.66,62.81,20.41,78.25,3.08,39.53,22.68,32.29,0.07,0.79,0.0,0.0,0.64,55.56,0.07,3.15,50.0,3.01,40.48,1.0,35.71,0.57,0.79,4.51,63.49,0,,0,,0,0.0,0.0,0.0,,,0.21,,,0.72,0.21,100.0,1.5,0,0
T. Gerát,Tatran Liptovský Mikuláš,Tatran Liptovský Mikuláš,"RCMF, RDMF, LCMF",33,100000,,26,2211,3,3.1,1,1.64,23.24,52.19,Slovakia,Slovakia,right,179,78,no,10.01,8.06,66.67,4.31,45.28,0.53,0.63,0.16,4.11,4.92,1.67,4,0.16,0,0.0,1.59,0.12,3,0.12,0.13,3,0.12,22,0.9,27.27,13.636,0.04,0.94,39.13,0.41,50.0,0.53,30.77,0.08,1.55,57.89,6.76,40.96,1.34,0.53,0.45,21.49,0.53,2.48,37.57,83.53,13.47,72.21,6.39,93.63,9.61,91.95,34.07,87.1,2.56,52.38,15.93,35.34,0.07,0.65,0.04,0.04,0.24,33.33,0.24,5.74,69.5,1.26,64.52,0.37,11.11,0.57,0.37,5.82,79.72,0,,0,,0,0.0,0.0,0.0,,,0.33,,,0.04,0.0,0.0,0.0,0,0
D. Rusov,,Spartak Trnava,GK,33,100000,,1,96,0,0.0,0,0.0,0.0,0.0,Slovakia,Slovakia,right,190,91,no,1.88,0.0,0.0,0.0,0.0,0.0,0.0,0.0,1.88,2.61,0.0,0,0.0,0,0.0,0.0,0.0,0,0.0,0.0,0,0.0,0,0.0,0.0,0.0,0.0,0.0,0.0,0.0,0.0,0.0,0.0,0.0,0.0,0.0,0.0,0.0,0.0,0.0,0.0,9.38,0.0,0.0,15.0,87.5,8.44,77.78,0.0,0.0,6.56,100.0,9.38,100.0,5.63,66.67,34.61,48.56,0.0,0.0,0.0,0.0,0.0,0.0,0.0,0.0,0.0,0.0,0.0,0.0,0.0,0.0,0.0,4.69,60.0,1,0.94,3,2.81,0,66.67,1.15,1.07,0.15,0.141,0.0,0.0,0.0,,,,0.0,0,0
M. Babka,Opava,Trenčín,GK,24,100000,2029-06-30,1,96,0,0.0,0,0.0,0.0,0.0,Czech Republic,Czech Republic,right,192,81,no,0.94,0.0,0.0,0.0,0.0,0.0,0.0,0.0,0.94,1.88,0.0,0,0.0,0,0.0,0.0,0.0,0,0.0,0.0,0,0.0,0,0.0,0.0,0.0,0.0,0.0,0.0,0.0,0.0,0.0,0.0,0.0,0.0,0.0,0.0,0.0,0.0,0.0,0.0,16.88,0.0,0.0,28.13,90.0,13.13,78.57,0.0,0.0,15.0,100.0,22.5,100.0,5.63,50.0,27.19,41.87,0.0,0.0,0.0,0.0,0.0,0.0,0.0,0.0,0.0,0.0,0.0,0.0,0.0,0.0,0.0,2.81,66.67,1,0.94,5,4.69,0,80.0,0.93,0.87,-0.07,-0.066,0.0,0.94,0.0,,,,0.0,0,0
P. Lukáč,Zemplín Michalovce,Zlaté Moravce,GK,31,100000,2027-06-30,16,1466,0,0.0,1,0.05,0.68,72.73,Slovakia,Slovakia,right,191,87,no,1.66,0.12,100.0,0.31,60.0,0.06,0.08,0.0,1.47,2.01,0.06,0,0.0,0,0.0,0.0,0.0,0,0.0,0.0,0,0.0,0,0.0,0.0,0.0,0.06,0.0,0.0,0.0,0.0,0.0,0.0,0.0,0.0,0.0,0.12,100.0,0.0,0.0,0.0,9.09,0.18,0.25,17.31,78.37,10.93,69.1,0.06,100.0,6.02,95.92,9.33,98.68,7.86,55.47,37.62,53.04,0.0,0.06,0.0,0.0,0.0,0.0,0.06,2.52,48.78,0.25,0.0,0.25,25.0,0.06,0.0,5.89,73.96,24,1.47,76,4.67,4,68.42,23.95,1.47,-0.05,-0.003,0.0,1.29,0.31,,,,0.0,0,0
G. Tumma,,Spartak Trnava,"LCB, RCB",26,100000,,19,1293,0,0.6,1,0.49,13.99,64.68,Slovakia,Slovakia,right,190,82,no,9.4,5.57,80.0,5.78,57.83,0.63,0.84,0.7,4.32,5.79,0.63,1,0.07,0,0.0,0.14,0.0,0,0.0,0.04,0,0.0,7,0.49,14.29,0.0,0.07,0.14,50.0,0.07,0.0,0.07,100.0,0.07,0.0,0.0,0.42,66.67,0.42,0.49,0.0,25.06,0.42,0.42,40.02,83.48,14.55,68.42,2.44,88.57,19.91,94.76,32.92,91.54,6.96,46.0,24.74,37.11,0.03,0.07,0.0,0.0,0.07,0.0,0.07,5.36,51.95,0.77,9.09,0.21,33.33,0.14,0.07,7.45,60.75,0,,0,,0,0.0,0.0,0.0,,,1.95,,,0.0,0.0,0.0,0.0,0,0
D. Potoma,Rekord Bielsko-Biała,Sereď,"LCMF, LDMF",26,100000,2028-06-30,28,1835,0,1.58,0,0.95,15.69,50.63,Slovakia,Slovakia,right,175,65,no,6.82,5.25,58.88,1.47,46.67,0.54,0.66,0.05,3.19,3.91,0.98,2,0.1,0,0.0,2.21,0.0,0,0.0,0.08,0,0.0,23,1.13,13.04,0.0,0.0,0.83,35.29,0.49,20.0,0.29,50.0,0.15,2.75,55.36,5.84,47.06,0.98,1.03,0.54,18.15,0.44,1.37,30.9,84.13,10.54,74.42,4.86,92.93,9.96,88.18,28.01,87.92,2.06,52.38,16.84,28.1,0.05,0.59,0.1,0.05,0.54,45.45,0.15,5.74,76.92,1.32,40.74,0.69,35.71,0.44,0.54,5.3,74.07,0,,0,,0,0.0,0.0,0.0,,,0.29,,,0.05,0.05,0.0,0.0,0,0
M. Chropovský,Hodonín,Senica,GK,24,100000,,6,565,0,0.0,0,0.0,0.8,80.0,Slovakia,Slovakia,right,193,85,no,2.07,0.0,0.0,0.48,66.67,0.0,0.0,0.0,2.07,2.24,0.16,1,0.16,0,0.0,0.0,0.0,0,0.0,0.0,0,0.0,0,0.0,0.0,0.0,0.0,0.0,0.0,0.0,0.0,0.0,0.0,0.0,0.0,0.0,0.16,100.0,0.0,0.0,0.0,6.37,0.0,0.16,12.58,75.95,9.88,69.35,0.16,100.0,2.39,100.0,5.1,100.0,7.49,59.57,42.48,54.61,0.0,0.0,0.0,0.0,0.0,0.0,0.0,2.87,44.44,0.16,0.0,0.0,0.0,0.0,0.0,5.89,78.38,12,1.91,29,4.62,1,58.62,7.45,1.19,-4.55,-0.725,0.16,1.75,0.48,,,,0.0,0,0
R. Anaba,,Senica,LB,26,100000,,8,489,0,0.11,1,0.67,24.29,48.48,Cameroon,Cameroon,left,176,62,no,13.25,10.49,68.42,0.55,66.67,0.18,0.24,0.37,5.89,7.56,1.66,1,0.18,0,0.0,2.02,0.0,0,0.0,0.02,0,0.0,4,0.74,25.0,0.0,0.18,2.58,14.29,2.58,14.29,0.0,0.0,0.0,3.68,35.0,10.67,31.03,0.55,0.74,0.37,22.45,2.02,1.84,35.71,69.59,14.54,60.76,7.18,87.18,8.83,66.67,27.79,78.81,5.71,45.16,20.17,39.4,0.12,0.55,0.0,0.0,0.18,100.0,0.18,4.23,56.52,2.58,7.14,0.37,100.0,0.0,0.92,7.18,43.59,0,,0,,0,0.0,0.0,0.0,,,0.55,,,0.18,0.0,0.0,1.1,0,0
F. Oršula,Wimpassing,Senica,"LAMF, RB, RAMF",33,100000,,20,1564,0,0.52,1,0.35,27.85,42.15,Slovakia,Slovakia,right,183,80,no,10.24,8.46,59.86,3.11,31.48,0.0,0.0,0.23,5.18,6.0,1.38,1,0.06,0,0.0,3.28,0.0,0,0.0,0.03,0,0.0,10,0.58,10.0,0.0,0.06,1.73,23.33,0.81,21.43,0.92,25.0,0.23,5.12,53.93,12.54,33.94,1.38,0.81,0.86,14.27,1.61,1.09,26.3,73.3,8.17,57.04,5.29,95.65,6.96,71.07,22.44,80.51,2.13,37.84,15.93,20.32,0.02,0.4,0.0,0.0,0.12,50.0,0.17,3.16,61.82,1.73,36.67,0.29,40.0,0.4,0.46,4.78,56.63,0,,0,,0,0.0,0.0,0.0,,,0.35,,,0.17,0.12,0.0,0.46,0,0
T. Fryšták,Slovácko,Trenčín,GK,38,75000,,3,283,0,0.0,0,0.0,0.64,100.0,Czech Republic,Czech Republic,right,193,83,no,1.59,0.0,0.0,0.32,100.0,0.0,0.0,0.0,1.59,2.54,0.0,0,0.0,0,0.0,0.0,0.0,0,0.0,0.0,0,0.0,0,0.0,0.0,0.0,0.0,0.0,0.0,0.0,0.0,0.0,0.0,0.0,0.0,0.0,0.32,100.0,0.0,0.0,0.0,11.77,0.32,0.32,18.76,93.22,6.04,84.21,0.0,0.0,12.4,97.44,16.22,94.12,2.54,87.5,26.19,52.39,0.0,0.0,0.0,0.0,0.0,0.0,0.0,0.64,50.0,0.0,0.0,0.0,0.0,0.0,0.0,3.18,70.0,5,1.59,14,4.45,1,64.29,3.74,1.19,-1.26,-0.401,0.0,0.32,0.32,,,,0.0,0,0
M. Šulla,Inter Bratislava,Slovan Bratislava,GK,34,75000,,9,846,0,0.0,0,0.0,0.64,83.33,Slovakia,Slovakia,right,188,86,no,1.7,0.0,0.0,0.53,100.0,0.0,0.0,0.0,1.7,2.27,0.0,0,0.0,0,0.0,0.0,0.0,0,0.0,0.0,0,0.0,0,0.0,0.0,0.0,0.0,0.0,0.0,0.0,0.0,0.0,0.0,0.0,0.0,0.0,0.0,0.0,0.0,0.0,0.0,11.06,0.11,0.21,19.57,86.41,10.74,79.21,0.0,0.0,7.87,95.95,12.02,97.35,7.55,69.01,33.73,50.57,0.0,0.0,0.0,0.0,0.0,0.0,0.0,1.49,57.14,0.0,0.0,0.0,0.0,0.0,0.0,6.06,75.44,6,0.64,37,3.94,4,83.78,7.4,0.79,1.4,0.149,0.0,1.6,0.53,,,,0.0,0,0
P. Mazáň,Petržalka Akadémia,Pohronie,"RB, RCMF",36,75000,2028-06-30,19,1778,2,3.75,0,0.75,18.98,50.4,Slovakia,Slovakia,right,173,68,no,8.81,6.83,56.3,1.77,40.0,0.51,0.65,0.35,4.45,5.71,1.27,1,0.05,0,0.0,2.48,0.1,1,0.05,0.19,1,0.05,21,1.06,9.52,9.524,0.0,2.38,23.4,0.15,33.33,2.18,23.26,0.2,2.33,65.22,6.68,46.97,1.57,1.72,1.32,22.78,0.86,1.92,37.05,77.87,14.07,69.78,6.02,90.76,11.59,82.97,30.22,85.59,4.61,52.75,19.39,35.52,0.04,0.76,0.05,0.0,0.35,85.71,0.05,6.38,72.22,2.73,53.7,0.61,50.0,0.76,0.66,7.59,81.33,0,,0,,0,0.0,0.0,0.0,,,0.56,,,1.01,0.0,0.0,1.52,2,50
D. Bangala,,Pohronie,"RCMF, LDMF, DMF",29,75000,,12,742,0,0.01,2,0.5,28.97,50.0,Congo DR,"Congo DR, France",right,185,76,no,14.62,13.28,59.6,4.02,50.0,0.54,0.71,0.4,6.17,8.21,3.89,4,0.49,0,0.0,1.21,0.0,0,0.0,0.0,0,0.0,1,0.13,0.0,0.0,0.27,0.54,50.0,0.0,0.0,0.54,50.0,0.0,1.61,50.0,5.9,38.64,1.07,0.13,0.13,15.83,0.0,1.74,31.65,70.76,11.4,57.65,4.43,90.91,11.13,74.7,28.17,75.24,2.95,31.82,17.56,30.03,0.07,0.67,0.13,0.0,0.27,50.0,0.4,4.96,56.76,0.67,40.0,0.54,75.0,0.4,0.13,5.63,50.0,0,,0,,0,0.0,0.0,0.0,,,0.54,,,0.0,0.0,0.0,0.0,0,0
M. Kvocera,,Zemplín Michalovce,"RCMF, CF, RW",28,75000,,11,162,0,0.43,0,0.27,33.33,36.67,Slovakia,Slovakia,right,175,70,no,6.67,7.22,69.23,5.0,11.11,0.0,0.0,0.56,1.67,2.65,2.22,1,0.56,0,0.0,6.11,0.0,0,0.0,0.24,0,0.0,4,2.22,75.0,0.0,0.0,3.33,50.0,1.11,50.0,2.22,50.0,0.56,4.44,62.5,11.11,40.0,7.22,1.67,1.11,7.78,0.56,0.56,20.56,75.68,1.67,33.33,8.33,86.67,6.11,72.73,16.67,80.0,0.56,100.0,13.19,4.5,0.15,0.56,0.0,0.0,0.56,0.0,0.56,0.0,0.0,1.67,33.33,0.56,0.0,0.56,1.11,1.67,66.67,0,,0,,0,0.0,0.0,0.0,,,0.0,,,0.0,0.0,0.0,0.0,0,0
P. Voško,NKP Podhale,Tatran Liptovský Mikuláš,"CF, LCB",25,75000,2027-06-30,30,1086,5,5.94,1,0.74,26.19,27.53,Slovakia,Slovakia,right,183,77,no,5.14,4.56,49.09,9.61,21.55,0.08,0.1,0.17,2.82,3.48,0.91,1,0.08,0,0.0,2.49,0.41,5,0.41,0.49,1,0.08,35,2.9,57.14,14.286,0.08,0.5,16.67,0.0,0.0,0.5,16.67,0.17,1.74,42.86,7.13,20.93,3.48,0.66,0.25,13.34,2.4,0.58,18.81,63.88,6.71,46.91,3.73,88.89,4.31,69.23,15.58,68.62,2.82,44.12,14.4,12.84,0.06,0.41,0.0,0.0,0.33,0.0,0.08,2.15,42.31,0.83,30.0,0.5,16.67,0.25,0.08,3.23,46.15,0,,0,,0,0.0,0.0,0.0,,,0.17,,,0.08,0.0,0.0,0.0,0,0
M. Chudý,Malženice,Sereď,GK,37,75000,2027-06-30,18,1690,0,0.0,1,0.3,0.37,85.71,Slovakia,Slovakia,left,187,90,no,1.92,0.11,100.0,0.11,100.0,0.0,0.0,0.0,1.81,2.03,0.0,1,0.05,0,0.0,0.0,0.0,0,0.0,0.0,0,0.0,0,0.0,0.0,0.0,0.05,0.0,0.0,0.0,0.0,0.0,0.0,0.0,0.05,0.0,0.16,66.67,0.05,0.0,0.0,10.07,0.16,0.0,18.75,79.55,12.3,71.43,0.0,0.0,5.7,95.33,9.8,98.37,8.89,59.28,36.15,52.62,0.02,0.05,0.0,0.0,0.0,0.0,0.05,2.61,38.78,0.16,0.0,0.27,0.0,0.0,0.0,6.71,72.22,27,1.44,93,4.95,4,70.97,28.65,1.53,1.65,0.088,0.0,1.12,0.11,,,,0.0,0,0
K. Yilmaz,Erbaaspor,Zemplín Michalovce,CF,30,75000,,24,1209,1,5.68,1,1.21,30.6,33.09,Türkiye,"Türkiye, Austria",right,184,82,no,3.5,3.5,59.57,6.92,29.03,0.3,0.4,0.0,1.12,1.5,1.04,2,0.15,0,0.0,3.57,0.07,1,0.07,0.42,1,0.07,38,2.83,34.21,2.632,0.07,0.89,41.67,0.3,50.0,0.45,33.33,0.22,3.57,54.17,14.07,31.22,5.81,1.27,0.37,10.05,1.94,1.49,14.67,70.05,3.5,55.32,3.57,87.5,3.5,72.34,13.33,72.07,0.45,66.67,14.14,7.26,0.09,0.82,0.0,0.0,0.89,33.33,0.37,1.49,55.0,1.34,50.0,0.74,30.0,1.27,0.37,1.41,78.95,0,,0,,0,0.0,0.0,0.0,,,0.0,,,0.0,0.0,0.0,0.0,0,0
M. Kochan,,Ružomberok,"LDMF, LCMF",33,50000,,23,2004,6,4.47,3,0.88,18.5,51.94,Slovakia,Slovakia,right,185,73,no,10.96,8.08,58.33,2.74,60.66,0.49,0.63,0.27,5.75,7.3,1.84,4,0.18,0,0.0,1.39,0.27,1,0.04,0.2,0,0.0,21,0.94,38.1,28.571,0.13,0.27,50.0,0.18,75.0,0.09,0.0,0.04,0.85,63.16,4.76,40.57,0.36,0.81,0.18,28.02,0.27,1.03,49.45,84.38,18.59,71.98,7.9,96.02,17.65,91.86,43.92,89.06,5.25,47.01,19.72,37.24,0.04,0.63,0.04,0.04,0.49,72.73,0.27,11.14,70.16,1.66,43.24,1.03,39.13,0.54,0.13,9.57,82.16,0,,0,,0,0.0,0.0,0.0,,,0.49,,,0.04,0.0,0.0,0.0,5,100
Dyjan Azevedo,,Spartak Trnava,"RW, RAMF",34,50000,,13,710,0,2.44,0,0.76,23.83,37.77,Brazil,Brazil,both,168,71,no,6.59,6.08,60.42,2.92,26.09,0.0,0.0,0.0,2.92,4.04,1.52,1,0.13,0,0.0,2.79,0.0,0,0.0,0.31,0,0.0,10,1.27,60.0,0.0,0.0,3.42,25.93,0.13,0.0,3.3,26.92,0.51,3.04,33.33,11.15,27.27,2.28,1.65,1.01,30.3,2.66,1.27,43.1,76.76,10.52,71.08,9.13,84.72,14.83,76.07,36.51,84.03,3.55,42.86,18.13,40.12,0.1,1.39,0.13,0.0,0.13,100.0,0.76,4.69,75.68,3.3,42.31,0.13,0.0,0.51,0.89,6.85,79.63,0,,0,,0,0.0,0.0,0.0,,,0.0,,,0.13,0.0,0.0,0.63,1,0
A. Fofana,Amiens SC II,Pohronie,CF,26,50000,,6,373,0,0.0,0,0.01,33.79,30.91,Côte d'Ivoire,Côte d'Ivoire,right,199,89,no,2.15,3.38,36.36,14.44,42.55,0.0,0.0,0.31,0.92,1.17,3.07,1,0.24,0,0.0,1.54,0.0,0,0.0,0.0,0,0.0,0,0.0,0.0,0.0,0.0,0.92,33.33,0.0,0.0,0.92,33.33,0.0,4.3,28.57,10.44,17.65,1.23,1.54,0.31,5.22,0.92,0.31,14.13,60.87,3.69,41.67,3.07,80.0,5.22,52.94,11.67,71.05,1.54,0.0,17.41,22.45,0.0,0.31,0.0,0.0,0.0,0.0,0.0,2.46,37.5,1.84,33.33,0.31,0.0,0.31,0.31,1.84,33.33,0,,0,,0,0.0,0.0,0.0,,,0.0,,,0.0,0.0,0.0,0.0,0,0
S. Prachar,,Pohronie,CF,23,50000,,7,171,0,0.0,0,0.0,26.32,26.0,Slovakia,Slovakia,right,191,81,no,4.21,6.32,50.0,6.32,25.0,0.0,0.0,0.0,1.05,1.62,1.58,0,0.0,0,0.0,0.53,0.0,0,0.0,0.0,0,0.0,0,0.0,0.0,0.0,0.0,1.05,50.0,0.0,0.0,1.05,50.0,0.0,1.05,0.0,8.42,12.5,0.53,0.53,0.53,5.26,3.16,1.05,11.05,66.67,2.11,25.0,5.79,81.82,1.05,50.0,9.47,72.22,0.53,0.0,10.48,4.85,0.0,0.0,0.0,0.0,0.0,0.0,0.0,0.53,0.0,1.58,66.67,0.0,0.0,0.53,0.53,1.05,50.0,0,,0,,0,0.0,0.0,0.0,,,0.53,,,0.0,0.0,0.0,0.0,0,0
A. Sloboda,Považská Bystrica,Zlaté Moravce,"RCMF, LDMF, RDMF",38,50000,,22,1947,1,0.62,3,1.71,23.81,48.35,Slovakia,Slovakia,right,179,71,no,12.53,10.17,56.36,3.56,51.95,0.88,1.15,0.42,5.92,7.73,2.08,5,0.23,0,0.0,0.92,0.05,1,0.05,0.03,0,0.0,11,0.51,18.18,9.091,0.14,0.51,27.27,0.09,0.0,0.42,33.33,0.23,1.39,43.33,5.45,34.75,0.74,0.69,0.09,19.55,0.92,1.71,40.68,81.02,14.7,66.67,6.19,91.04,13.82,89.3,36.61,85.86,3.56,38.96,17.91,30.77,0.08,0.55,0.05,0.0,0.46,20.0,0.23,6.66,65.97,1.43,38.71,0.46,20.0,0.65,0.18,7.3,71.52,0,,0,,0,0.0,0.0,0.0,,,0.55,,,0.0,0.0,0.0,0.05,0,0
M. Čonka,Boleráz,Zlaté Moravce,LB,35,50000,,25,2291,2,1.02,2,1.62,16.54,55.34,Slovakia,Slovakia,left,174,79,no,10.65,6.68,68.24,3.3,50.0,0.24,0.3,0.31,5.85,7.47,0.98,6,0.24,0,0.0,2.71,0.08,2,0.08,0.04,0,0.0,4,0.16,50.0,50.0,0.08,3.42,41.38,3.26,42.17,0.16,25.0,0.55,1.77,62.22,4.05,41.75,0.43,1.22,0.43,27.42,1.96,0.35,43.61,72.7,23.02,66.38,4.48,94.74,10.92,78.78,31.11,84.22,9.35,45.8,23.16,40.42,0.06,0.71,0.0,0.12,0.16,75.0,0.39,7.9,57.21,3.26,45.78,0.71,38.89,0.39,1.34,13.32,67.85,0,,0,,0,0.0,0.0,0.0,,,0.9,,,0.27,0.0,0.0,0.59,0,0
M. Šindelář,Prostějov,Tatran Liptovský Mikuláš,"RCB, LCB",35,50000,,14,1317,0,1.65,0,0.35,14.08,56.31,Czech Republic,Czech Republic,right,193,81,no,8.2,3.83,55.36,6.15,54.44,0.27,0.35,0.68,5.81,7.46,0.62,1,0.07,0,0.0,0.27,0.0,0,0.0,0.11,0,0.0,10,0.68,10.0,0.0,0.0,0.07,0.0,0.0,0.0,0.07,0.0,0.0,0.27,75.0,0.96,57.14,2.05,0.41,0.0,20.57,0.48,0.07,37.31,80.22,17.7,70.66,3.14,95.65,13.94,89.71,30.75,86.22,6.49,52.63,23.31,37.82,0.02,0.27,0.0,0.0,0.0,0.0,0.21,5.6,59.76,0.55,0.0,0.27,25.0,0.34,0.0,7.72,71.68,0,,0,,0,0.0,0.0,0.0,,,2.05,,,0.0,0.0,0.0,0.0,0,0
D. Filinský,,Tatran Liptovský Mikuláš,"DMF, RCB",27,50000,,16,1232,0,0.06,0,0.09,16.51,47.79,Slovakia,Slovakia,right,185,78,no,9.2,7.74,49.06,3.43,55.32,0.44,0.52,0.66,4.97,5.85,1.31,1,0.07,0,0.0,0.8,0.0,0,0.0,0.0,0,0.0,3,0.22,33.33,0.0,0.0,0.44,33.33,0.15,50.0,0.29,25.0,0.0,0.8,54.55,1.97,37.04,0.07,0.22,0.07,20.02,0.15,0.29,35.87,79.23,15.19,67.31,3.87,94.34,12.27,86.9,30.54,84.69,4.97,48.53,18.95,33.87,0.01,0.29,0.07,0.0,0.15,100.0,0.07,6.21,67.06,0.73,40.0,0.22,66.67,0.15,0.15,7.23,63.64,0,,0,,0,0.0,0.0,0.0,,,1.17,,,0.0,0.0,0.0,0.07,0,0
F. Mráz,Teplička nad Váhom,Žilina,"DMF, RDMF, RCMF",25,50000,,20,1414,0,0.29,0,0.31,24.25,49.87,Slovakia,Slovakia,right,183,70,no,12.79,11.33,58.43,3.63,31.58,0.45,0.64,0.25,5.73,8.28,2.61,6,0.38,0,0.0,1.21,0.0,0,0.0,0.02,0,0.0,8,0.51,12.5,0.0,0.0,0.13,50.0,0.06,100.0,0.06,0.0,0.0,2.04,50.0,5.22,45.12,0.45,0.45,0.51,27.81,0.13,1.59,42.33,83.01,10.76,58.58,8.4,96.97,17.31,91.54,37.11,87.65,5.09,50.0,18.28,33.69,0.02,0.64,0.0,0.0,0.13,50.0,0.06,5.6,67.05,0.45,57.14,0.19,0.0,0.13,0.06,4.84,52.63,0,,0,,0,0.0,0.0,0.0,,,1.02,,,0.0,0.0,0.0,0.0,0,0
J. Vlasko,,Spartak Trnava,"AMF, LCMF, RCMF",36,50000,,16,888,0,0.56,0,2.26,24.43,46.06,Slovakia,Slovakia,left,179,74,no,6.89,7.7,50.0,2.64,30.77,0.61,0.85,0.0,2.43,3.4,2.74,2,0.2,0,0.0,2.53,0.0,0,0.0,0.06,0,0.0,15,1.52,13.33,0.0,0.0,2.23,22.73,1.32,23.08,0.91,22.22,0.41,2.74,55.56,9.93,47.96,2.13,1.52,0.1,22.4,1.01,3.04,34.16,80.71,11.76,75.86,6.69,89.39,9.32,78.26,29.59,86.99,2.33,56.52,16.99,30.1,0.23,2.23,0.1,0.0,0.51,60.0,0.1,4.76,70.21,3.04,50.0,0.91,33.33,1.62,0.61,5.78,82.46,0,,0,,0,0.0,0.0,0.0,,,0.0,,,1.42,0.3,0.0,3.75,0,0
M. Ljubičić,,Sereď,"RCB, LCMF",38,50000,,22,1970,1,1.15,1,0.16,13.8,58.94,Croatia,Croatia,right,186,85,no,10.69,5.03,60.0,3.34,60.27,1.19,1.42,0.82,6.49,7.75,1.46,10,0.46,0,0.0,0.91,0.05,1,0.05,0.05,0,0.0,19,0.87,15.79,5.263,0.05,0.23,80.0,0.14,66.67,0.09,100.0,0.05,0.46,80.0,2.33,52.94,0.73,0.37,0.09,27.09,0.32,1.46,42.44,80.95,19.23,69.12,2.79,98.36,17.31,89.71,31.71,89.19,10.6,56.47,24.76,41.82,0.01,0.32,0.0,0.0,0.41,55.56,0.14,8.91,57.95,1.32,44.83,1.37,36.67,0.5,0.18,10.92,72.38,0,,0,,0,0.0,0.0,0.0,,,1.37,,,0.09,0.09,0.0,0.0,0,0
M. Katunský,,Sereď,"RCB, RB",25,50000,,4,173,0,0.0,0,0.0,13.53,34.62,Slovakia,Slovakia,right,183,78,no,4.16,5.72,36.36,1.56,0.0,0.52,0.54,0.0,1.56,1.61,1.56,2,1.04,0,0.0,1.04,0.0,0,0.0,0.0,0,0.0,0,0.0,0.0,0.0,0.0,0.52,100.0,0.0,0.0,0.52,100.0,0.0,0.52,100.0,2.08,75.0,0.0,0.0,0.0,21.33,1.56,0.52,33.82,84.62,11.45,63.64,3.64,85.71,13.53,96.15,30.17,89.66,3.12,33.33,24.05,43.82,0.0,0.0,0.0,0.0,0.0,0.0,0.0,1.56,0.0,1.56,66.67,0.0,0.0,0.52,0.52,5.72,63.64,0,,0,,0,0.0,0.0,0.0,,,2.6,,,0.0,0.0,0.0,0.0,0,0
J. Maslo,,Ružomberok,RCB,40,25000,,20,1804,4,2.01,0,0.93,10.98,66.36,Slovakia,Slovakia,right,198,97,no,8.43,4.64,67.74,4.39,69.32,0.8,0.99,0.55,4.49,5.59,0.85,0,0.0,1,0.05,0.3,0.2,4,0.2,0.1,1,0.05,14,0.7,42.86,28.571,0.0,0.0,0.0,0.0,0.0,0.0,0.0,0.0,0.0,0.0,0.25,20.0,0.75,0.1,0.0,23.7,0.35,0.05,38.71,86.73,17.16,75.0,1.6,100.0,18.46,96.49,31.83,92.79,6.88,58.7,25.97,43.91,0.05,0.1,0.0,0.0,0.05,0.0,0.1,5.44,59.63,0.3,0.0,0.3,0.0,0.2,0.0,8.13,75.46,0,,0,,0,0.0,0.0,0.0,,,1.5,,,0.3,0.3,66.67,0.0,0,0
T. Ďubek,,Zlaté Moravce,"AMF, CF",39,25000,,30,1793,7,5.79,3,5.27,13.9,38.99,Slovakia,Slovakia,left,180,84,no,3.87,3.41,55.88,2.71,31.48,0.15,0.21,0.2,1.81,2.49,0.95,2,0.1,0,0.0,1.86,0.35,5,0.25,0.29,0,0.0,34,1.71,32.35,20.588,0.15,1.96,35.9,1.51,40.0,0.3,16.67,0.4,1.0,45.0,4.82,33.33,1.41,0.45,0.2,20.63,1.86,1.05,31.92,74.53,11.09,61.09,5.97,89.92,9.04,73.89,26.6,81.7,3.36,40.3,18.85,28.28,0.26,1.76,0.05,0.0,0.4,37.5,0.35,6.58,61.83,3.71,45.95,0.75,40.0,1.15,0.75,5.32,80.19,0,,0,,0,0.0,0.0,0.0,,,0.2,,,1.71,0.25,20.0,3.36,2,100
Ľ. Kamenár,Boleráz,Spartak Trnava,GK,39,25000,,2,190,0,0.0,0,0.0,0.0,0.0,Slovakia,Slovakia,right,193,93,no,0.0,0.0,0.0,0.0,0.0,0.0,0.0,0.0,0.0,0.0,0.0,0,0.0,0,0.0,0.0,0.0,0,0.0,0.0,0,0.0,0,0.0,0.0,0.0,0.0,0.0,0.0,0.0,0.0,0.0,0.0,0.0,0.0,0.0,0.0,0.0,0.0,0.0,0.0,5.21,0.0,0.0,8.53,61.11,7.58,56.25,0.0,0.0,0.95,100.0,2.84,83.33,5.68,50.0,41.54,49.65,0.0,0.0,0.0,0.0,0.0,0.0,0.0,0.47,0.0,0.0,0.0,0.0,0.0,0.0,0.0,3.79,62.5,0,0.0,5,2.37,2,100.0,0.36,0.17,0.36,0.171,0.0,0.0,0.0,,,,0.0,0,0
I. Žofčák,,Zemplín Michalovce,"LW, LAMF, LWF",43,25000,,30,2148,4,2.1,6,6.41,13.17,42.24,Slovakia,Slovakia,right,176,74,no,5.3,3.96,63.74,1.52,28.57,0.26,0.34,0.13,2.52,3.27,0.52,1,0.04,0,0.0,3.13,0.17,4,0.17,0.09,1,0.04,28,1.22,32.14,14.286,0.26,3.7,35.29,1.83,33.33,1.87,37.21,0.61,1.65,44.74,5.39,33.06,1.78,1.3,0.48,33.57,1.48,0.7,46.61,77.05,17.83,70.73,6.7,94.16,14.39,79.46,38.57,83.88,4.39,51.49,19.06,33.22,0.28,1.78,0.04,0.0,1.17,59.26,0.57,8.39,68.39,5.35,46.34,1.04,37.5,1.35,1.3,11.13,81.64,0,,0,,0,0.0,0.0,0.0,,,0.0,,,1.43,0.3,42.86,3.7,0,0
K. Bari,Žilina,Žilina,LB,25,0,2028-12-31,1,92,0,0.0,1,0.18,22.5,56.52,Slovakia,Slovakia,left,173,61,no,11.74,10.76,45.45,0.0,0.0,0.98,1.5,0.0,5.87,9.0,2.93,0,0.0,0,0.0,3.91,0.0,0,0.0,0.0,0,0.0,0,0.0,0.0,0.0,0.98,1.96,50.0,1.96,50.0,0.0,0.0,0.0,2.93,100.0,7.83,50.0,0.0,2.93,0.98,45.98,6.85,0.98,63.59,81.54,19.57,55.0,19.57,100.0,18.59,89.47,53.8,89.09,7.83,37.5,22.01,41.07,0.18,0.98,0.0,0.98,0.0,0.0,0.98,8.8,66.67,1.96,50.0,1.96,0.0,0.0,0.98,10.76,54.55,0,,0,,0,0.0,0.0,0.0,,,1.96,,,0.0,0.0,0.0,0.0,0,0
T. Diviš,Podbrezová,Tatran Liptovský Mikuláš,"CF, RW, RAMF",22,0,,3,15,0,0.0,0,0.0,,,Slovakia,Slovakia,right,178,74,no,,,,,,,0.0,,,0.0,,0,,0,,,,0,,,0,,0,,,0.0,,,,,,,,,,,,,,,,,,,,,,,,,,,,,,,17.15,17.15,,,,,,,,,,,,,,,,,,0,,0,,0,0.0,0.0,,,,,,,,,,,0,0
A. Aremeyaw,Humenné,Žilina,"RCB, LCB, CB",22,0,,4,156,0,0.0,0,0.0,22.5,61.54,Ghana,Ghana,right,192,74,no,12.69,7.5,69.23,8.65,80.0,1.15,1.67,1.15,6.35,9.17,1.73,0,0.0,0,0.0,0.58,0.0,0,0.0,0.0,0,0.0,1,0.58,0.0,0.0,0.0,0.0,0.0,0.0,0.0,0.0,0.0,0.0,0.58,100.0,3.46,33.33,1.15,0.0,0.58,34.04,0.0,1.15,51.35,88.76,16.73,72.41,4.04,100.0,28.27,97.96,47.88,92.77,3.46,33.33,19.46,29.36,0.0,0.0,0.0,0.0,0.0,0.0,0.0,3.46,66.67,0.0,0.0,0.0,0.0,0.0,0.0,6.35,63.64,0,,0,,0,0.0,0.0,0.0,,,2.88,,,0.0,0.0,0.0,0.0,0,0
V. Úradník,Lokomotíva Zvolen,Ružomberok,"RW, AMF",21,0,2026-06-30,2,39,0,0.59,0,0.0,,,Slovakia,Slovakia,right,180,82,no,,,,,,,0.0,,,0.0,,0,,0,,,,0,,,0,,2,,,0.0,,,,,,,,,,,,,,,,,,,,,,,,,,,,,,,14.73,19.67,,,,,,,,,,,,,,,,,,0,,0,,0,0.0,0.0,,,,,,,,,,,0,0
M. Matej,,Ružomberok,AMF,22,0,,2,22,0,0.0,0,0.0,,,Slovakia,Slovakia,,190,0,no,,,,,,,0.0,,,0.0,,0,,0,,,,0,,,0,,0,,,0.0,,,,,,,,,,,,,,,,,,,,,,,,,,,,,,,6.29,0.0,,,,,,,,,,,,,,,,,,0,,0,,0,0.0,0.0,,,,,,,,,,,0,0
T. Kubík,,Ružomberok,LW,24,0,,1,25,0,0.0,0,0.0,,,Slovakia,Slovakia,right,177,70,no,,,,,,,0.0,,,7.5,,0,,0,,,,0,,,0,,0,,,0.0,,,,,,,,,,,,,,,,,,,,,,,,,,,,,,,18.04,0.0,,,,,,,,,,,,,,,,,,0,,0,,0,0.0,0.0,,,,,,,,,,,0,0
M. Dopater,Oravské Veselé,Ružomberok,"AMF, CF, LAMF",25,0,,7,149,1,0.78,0,0.0,25.37,47.62,Slovakia,Slovakia,right,179,0,no,8.46,7.85,76.92,1.21,0.0,0.0,0.0,0.0,2.42,3.33,0.0,0,0.0,0,0.0,3.62,0.6,1,0.6,0.47,0,0.0,4,2.42,75.0,25.0,0.0,0.6,0.0,0.0,0.0,0.6,0.0,0.0,4.83,25.0,13.29,31.82,1.21,1.81,1.21,10.87,0.0,3.02,15.7,84.62,1.81,66.67,5.44,88.89,5.44,88.89,14.5,87.5,0.6,100.0,14.82,6.33,0.0,0.0,0.0,0.0,0.6,100.0,0.0,1.21,100.0,0.6,0.0,0.0,0.0,0.6,0.0,1.21,50.0,0,,0,,0,0.0,0.0,0.0,,,0.0,,,0.0,0.0,0.0,0.0,0,0
M. Mrva,Zlaté Moravce,Ružomberok,"RCB, LCB",27,0,2026-12-31,13,899,1,0.66,0,0.02,10.21,58.82,Slovakia,Slovakia,right,189,85,yes,9.61,6.51,63.08,1.5,46.67,0.3,0.39,0.4,5.21,6.7,0.8,1,0.1,0,0.0,0.5,0.1,1,0.1,0.07,0,0.0,2,0.2,50.0,50.0,0.0,0.0,0.0,0.0,0.0,0.0,0.0,0.0,0.7,57.14,0.9,44.44,0.3,0.9,0.2,20.22,0.3,0.2,31.23,79.17,14.22,62.68,1.4,85.71,14.42,95.14,23.83,89.08,7.41,47.3,25.04,31.78,0.0,0.1,0.0,0.0,0.0,0.0,0.0,4.91,55.1,0.6,50.0,0.4,25.0,0.3,0.0,7.81,61.54,0,,0,,0,0.0,0.0,0.0,,,1.1,,,0.0,0.0,0.0,0.0,0,0
P. Ďungel,Fomat Martin,Ružomberok,"LW, RAMF, RB",32,0,,13,225,0,0.19,1,0.53,18.8,53.19,Slovakia,Slovakia,right,188,85,no,7.6,5.2,76.92,2.4,33.33,0.4,0.48,0.0,3.2,3.87,0.4,0,0.0,0,0.0,2.8,0.0,0,0.0,0.08,0,0.0,3,1.2,66.67,0.0,0.4,2.4,16.67,0.4,0.0,2.0,20.0,0.8,2.8,57.14,6.4,37.5,1.6,1.6,0.8,10.8,3.2,0.8,21.2,54.72,8.0,45.0,2.8,85.71,4.0,40.0,16.4,65.85,2.8,28.57,20.16,17.15,0.21,0.4,0.0,0.0,0.0,0.0,0.4,2.4,16.67,1.2,33.33,0.4,0.0,0.8,0.0,2.8,42.86,0,,0,,0,0.0,0.0,0.0,,,0.0,,,0.0,0.0,0.0,0.0,0,0
P. Kolesár,,Zlaté Moravce,"RW, LCMF",27,0,,26,880,0,0.64,1,1.48,18.92,41.08,Slovakia,Slovakia,right,170,0,no,7.26,7.36,61.11,1.02,20.0,0.41,0.57,0.2,2.35,3.25,1.23,0,0.0,0,0.0,3.27,0.0,0,0.0,0.06,0,0.0,15,1.53,20.0,0.0,0.1,3.89,34.21,0.61,50.0,3.27,31.25,0.72,3.27,37.5,7.36,29.17,1.94,1.84,0.82,21.38,1.23,0.92,34.98,74.56,11.15,64.22,7.06,94.2,10.53,76.7,28.13,83.27,3.17,45.16,19.23,16.17,0.15,0.72,0.0,0.0,0.82,50.0,0.51,4.09,60.0,3.58,54.29,0.72,71.43,0.82,1.33,5.32,71.15,0,,0,,0,0.0,0.0,0.0,,,0.2,,,0.72,0.0,0.0,0.41,0,0
T. Bobček,Lechia Gdańsk,Ružomberok,CF,24,0,2030-06-30,24,1042,5,4.53,2,0.61,33.17,33.85,Slovakia,Slovakia,right,186,76,no,7.17,8.55,42.42,8.03,35.48,0.35,0.42,0.09,3.2,3.89,3.97,4,0.35,0,0.0,2.68,0.43,5,0.43,0.39,1,0.09,29,2.5,44.83,17.241,0.17,0.86,10.0,0.35,0.0,0.43,20.0,0.0,4.32,32.0,11.4,26.52,3.8,1.73,1.12,12.44,1.9,1.64,19.35,67.41,4.32,48.0,5.27,86.89,5.96,56.52,17.36,72.14,1.12,38.46,14.4,16.15,0.05,0.52,0.0,0.09,0.26,33.33,0.26,2.42,50.0,1.38,37.5,0.17,50.0,0.6,0.09,2.07,50.0,0,,0,,0,0.0,0.0,0.0,,,0.0,,,0.0,0.0,0.0,0.0,0,0
M. Schlossár,,Slovan Bratislava,RCMF,27,0,,1,9,0,0.15,0,0.0,,,Slovakia,Slovakia,unknown,0,0,no,,,,,,,0.0,,,0.0,,0,,0,,,,0,,,0,,1,,,0.0,,,,,,,,,,,,,,,,,,,,,,,,,,,,,,,7.58,0.0,,,,,,,,,,,,,,,,,,0,,0,,0,0.0,0.0,,,,,,,,,,,0,0
R. Ibrahim,Slovan Bratislava,Trenčín,"CF, RCMF, LCMF",25,0,,23,806,0,3.16,1,0.89,32.61,34.93,Ghana,Ghana,right,185,88,no,4.91,5.47,46.94,5.92,41.51,0.11,0.2,0.11,2.23,4.0,3.13,1,0.11,0,0.0,2.23,0.0,0,0.0,0.35,0,0.0,21,2.34,23.81,0.0,0.11,0.33,33.33,0.22,50.0,0.11,0.0,0.0,3.13,46.43,15.41,31.88,3.8,0.78,0.45,14.52,1.23,1.45,23.56,82.46,3.24,68.97,8.49,84.21,5.58,86.0,22.89,83.41,0.33,66.67,13.24,5.09,0.1,0.89,0.0,0.0,0.11,100.0,0.22,1.23,81.82,0.67,66.67,0.0,0.0,0.78,0.11,1.9,47.06,0,,0,,0,0.0,0.0,0.0,,,0.0,,,0.0,0.0,0.0,0.0,0,0
S. Njie,,DAC,"DMF, LCMF, RDMF",24,0,,15,923,0,0.48,0,0.0,20.28,54.81,Gambia,Gambia,right,185,75,no,9.95,6.83,54.29,4.68,54.17,0.88,1.26,0.29,5.36,7.67,1.66,3,0.29,0,0.0,1.76,0.0,0,0.0,0.05,0,0.0,5,0.49,0.0,0.0,0.0,0.1,0.0,0.0,0.0,0.1,0.0,0.0,2.15,72.73,5.85,58.33,0.59,0.59,0.0,21.26,0.1,2.24,34.71,83.99,10.82,72.07,4.0,97.56,15.5,89.31,31.59,88.27,3.02,41.94,20.83,29.75,0.0,0.0,0.0,0.0,0.29,66.67,0.0,6.24,64.06,0.98,20.0,0.49,0.0,0.39,0.0,5.95,75.41,0,,0,,0,0.0,0.0,0.0,,,0.1,,,0.0,0.0,0.0,0.0,0,0
A. Gajdoš,Slovan Bratislava,Trenčín,"LCMF, RCMF",22,0,2028-06-30,6,175,0,0.08,0,0.15,20.06,46.15,Slovakia,Slovakia,right,170,68,no,7.71,6.17,33.33,2.06,50.0,1.54,2.5,1.03,4.11,6.67,2.06,0,0.0,0,0.0,3.6,0.0,0,0.0,0.04,0,0.0,2,1.03,0.0,0.0,0.0,0.51,0.0,0.0,0.0,0.51,0.0,0.0,3.6,85.71,7.2,57.14,1.54,1.54,1.03,29.83,0.51,2.06,37.54,80.82,10.8,66.67,7.2,100.0,11.83,91.3,34.46,80.6,2.57,100.0,17.53,18.69,0.08,0.51,0.51,0.0,1.54,33.33,0.0,4.63,77.78,3.6,85.71,1.54,33.33,2.06,0.0,5.14,80.0,0,,0,,0,0.0,0.0,0.0,,,0.51,,,1.03,0.0,0.0,6.17,0,0
D. Jovičić,Botev Vratsa,Trenčín,RCB,24,0,,2,189,0,0.03,0,0.0,17.62,67.57,Serbia,"Serbia, Bosnia and Herzegovina",right,193,81,no,12.38,7.62,81.25,7.14,60.0,0.0,0.0,0.48,6.19,9.51,0.48,0,0.0,0,0.0,0.0,0.0,0,0.0,0.01,0,0.0,1,0.48,0.0,0.0,0.0,0.0,0.0,0.0,0.0,0.0,0.0,0.0,0.48,0.0,1.9,25.0,0.48,2.86,0.0,48.57,0.95,0.0,63.33,83.46,29.05,73.77,1.9,100.0,30.48,95.31,54.76,86.96,8.57,61.11,24.07,40.62,0.0,0.0,0.0,0.0,0.0,0.0,0.0,11.9,60.0,0.48,0.0,0.48,0.0,0.0,0.0,17.14,75.0,0,,0,,0,0.0,0.0,0.0,,,1.43,,,0.0,0.0,0.0,0.0,0,0
R. Yem,Lobi Stars,Trenčín,RB,28,0,,28,2555,2,0.6,2,1.82,22.26,52.22,Nigeria,Nigeria,right,171,77,no,13.95,10.11,65.85,2.92,34.94,0.25,0.44,0.39,7.05,12.47,1.59,6,0.21,0,0.0,2.64,0.07,2,0.07,0.02,0,0.0,16,0.56,31.25,12.5,0.07,2.89,29.27,0.0,0.0,2.85,28.4,0.56,2.57,56.16,5.67,39.75,0.7,2.82,1.66,34.27,1.37,0.63,51.32,80.92,19.27,73.31,8.59,95.08,16.2,85.0,41.6,89.75,6.97,48.99,20.61,39.89,0.06,0.6,0.07,0.07,0.18,100.0,0.39,7.64,65.44,3.1,44.32,0.56,31.25,0.49,0.85,10.67,78.88,0,,0,,0,0.0,0.0,0.0,,,1.37,,,0.0,0.0,0.0,0.0,0,0
L. Vera,Tirana,DAC,"RB, RWB",24,0,,7,411,1,0.76,0,0.01,26.06,46.22,Argentina,Argentina,right,169,59,no,10.51,12.48,50.88,2.63,33.33,0.88,1.43,0.0,3.28,5.36,0.88,1,0.22,0,0.0,3.28,0.22,1,0.22,0.17,0,0.0,3,0.66,33.33,33.333,0.0,4.38,25.0,0.66,33.33,3.72,23.53,1.09,3.07,64.29,5.91,59.26,0.88,0.44,0.22,26.72,3.94,1.75,38.32,71.43,15.99,63.01,4.82,95.45,13.36,70.49,27.81,85.04,6.57,43.33,22.91,36.87,0.0,0.22,0.0,0.0,0.0,0.0,0.0,7.66,54.29,5.69,46.15,0.0,0.0,1.09,1.31,10.51,79.17,0,,0,,0,0.0,0.0,0.0,,,0.66,,,0.0,0.0,0.0,0.0,0,0
E. Jendrišek,,Trenčín,CF,39,0,,17,854,3,4.04,0,1.33,17.6,38.32,Slovakia,Slovakia,left,176,74,no,4.95,4.43,59.52,2.85,48.15,0.32,0.58,0.21,2.0,3.68,1.05,0,0.0,0,0.0,2.85,0.32,2,0.21,0.43,0,0.0,30,3.16,30.0,10.0,0.0,0.95,55.56,0.63,33.33,0.21,100.0,0.11,3.06,44.83,7.9,28.0,3.9,0.42,0.42,15.18,1.9,0.74,21.39,75.37,4.53,41.86,5.16,89.8,6.85,83.08,19.81,77.13,0.74,57.14,14.37,12.22,0.14,1.05,0.0,0.0,0.11,0.0,0.53,2.42,43.48,0.84,12.5,0.21,0.0,0.53,0.42,1.16,63.64,0,,0,,0,0.0,0.0,0.0,,,0.0,,,0.11,0.11,0.0,0.0,1,100
V. Bozhikov,,Slovan Bratislava,LCB,38,0,,18,1514,1,0.57,0,0.17,13.55,61.4,Bulgaria,Bulgaria,left,185,80,no,8.03,4.87,65.85,5.05,64.71,0.0,0.0,0.48,4.82,6.92,0.54,1,0.06,0,0.0,0.42,0.06,1,0.06,0.03,0,0.0,11,0.65,18.18,9.091,0.0,0.54,44.44,0.48,37.5,0.06,100.0,0.0,0.3,20.0,1.19,35.0,1.13,1.13,0.06,30.38,0.3,0.77,45.18,85.92,19.68,77.64,2.97,96.0,18.31,94.16,37.57,93.2,7.13,50.83,22.29,40.31,0.01,0.12,0.0,0.0,0.0,0.0,0.06,7.25,63.93,0.77,38.46,0.71,16.67,0.0,0.24,8.5,71.33,0,,0,,0,0.0,0.0,0.0,,,2.26,,,0.0,0.0,0.0,0.0,0,0
T. Barseghyan,Slovan Bratislava,Slovan Bratislava,"RW, RAMF, RDMF",32,0,2027-06-30,10,631,4,1.87,1,1.52,25.82,47.51,Armenia,Armenia,left,179,77,no,6.28,5.56,53.85,3.28,69.57,0.57,0.88,0.0,2.71,4.19,1.0,0,0.0,0,0.0,5.56,0.57,4,0.57,0.27,0,0.0,20,2.85,35.0,20.0,0.14,2.57,33.33,0.14,0.0,2.42,35.29,0.57,6.42,51.11,14.55,40.2,3.28,2.42,1.14,28.1,0.57,2.14,39.79,74.91,9.98,67.14,8.99,90.48,14.12,68.69,34.66,80.25,2.57,44.44,18.25,26.66,0.22,1.57,0.14,0.0,1.43,30.0,0.57,4.56,59.38,3.99,39.29,1.85,23.08,1.28,1.0,4.85,76.47,0,,0,,0,0.0,0.0,0.0,,,0.0,,,0.57,0.14,100.0,2.42,0,0
P. Hounlete,Gareji,Pohronie,LDMF,23,0,2026-12-31,1,47,0,0.0,0,0.0,21.06,54.55,Togo,"Togo, Benin",right,180,0,no,9.57,13.4,71.43,3.83,0.0,0.0,0.0,0.0,0.0,0.0,3.83,0,0.0,0,0.0,1.91,0.0,0,0.0,0.0,0,0.0,1,1.91,0.0,0.0,0.0,0.0,0.0,0.0,0.0,0.0,0.0,0.0,1.91,100.0,1.91,100.0,0.0,0.0,0.0,17.23,0.0,0.0,32.55,82.35,17.23,66.67,5.74,100.0,7.66,100.0,28.72,86.67,3.83,50.0,21.13,40.02,0.0,0.0,0.0,0.0,0.0,0.0,0.0,9.57,60.0,0.0,0.0,0.0,0.0,0.0,0.0,9.57,80.0,0,,0,,0,0.0,0.0,0.0,,,3.83,,,0.0,0.0,0.0,0.0,0,0
I. Diomandé,FK RFS,Pohronie,"RW, RAMF",22,0,2027-12-31,2,63,0,0.0,0,0.0,24.29,23.53,Côte d'Ivoire,Côte d'Ivoire,right,0,0,no,4.29,7.14,20.0,0.0,0.0,0.0,0.0,1.43,2.86,5.0,1.43,0,0.0,0,0.0,2.86,0.0,0,0.0,0.0,0,0.0,0,0.0,0.0,0.0,0.0,2.86,0.0,0.0,0.0,2.86,0.0,0.0,2.86,100.0,12.86,33.33,4.29,1.43,1.43,7.14,1.43,1.43,11.43,37.5,2.86,0.0,0.0,0.0,4.29,33.33,8.57,50.0,0.0,0.0,11.93,0.0,0.0,0.0,0.0,0.0,0.0,0.0,0.0,0.0,0.0,1.43,0.0,0.0,0.0,0.0,0.0,0.0,0.0,0,,0,,0,0.0,0.0,0.0,,,0.0,,,0.0,0.0,0.0,0.0,0,0
M. Netolický,,Pohronie,"RW, RCMF, LB",23,0,,2,37,0,0.0,0,0.0,,,Slovakia,Slovakia,,0,0,no,,,,,,,3.0,,,0.0,,0,,0,,,,0,,,0,,0,,,0.0,,,,,,,,,,,,,,,,,,,,,,,,,,,,,,,18.99,0.0,,,,,,,,,,,,,,,,,,0,,0,,0,0.0,0.0,,,,,,,,,,,0,0
F. Mastiš,,Pohronie,LCMF,23,0,,1,11,0,0.0,0,0.0,,,Slovakia,Slovakia,right,179,0,no,,,,,,,0.0,,,0.0,,0,,0,,,,0,,,0,,0,,,0.0,,,,,,,,,,,,,,,,,,,,,,,,,,,,,,,0.0,0.0,,,,,,,,,,,,,,,,,,0,,0,,0,0.0,0.0,,,,,,,,,,,0,0
D. Ściślak,Rekord Bielsko-Biała,Pohronie,"RCMF, RDMF, AMF",26,0,2027-06-30,13,743,0,0.94,1,1.97,16.47,48.53,Poland,Poland,right,177,71,no,6.42,6.54,59.26,2.06,23.53,0.0,0.0,0.0,2.54,3.33,1.21,0,0.0,0,0.0,1.45,0.0,0,0.0,0.11,0,0.0,12,1.45,8.33,0.0,0.12,0.85,28.57,0.36,33.33,0.36,33.33,0.24,1.7,35.71,5.33,38.64,1.7,1.45,0.97,26.53,1.57,0.97,44.09,80.49,18.9,72.44,5.94,93.88,11.02,86.81,40.09,83.99,3.15,50.0,16.25,19.23,0.24,1.7,0.0,0.0,0.85,57.14,0.36,6.54,72.22,2.79,43.48,0.85,42.86,1.33,0.24,7.51,87.1,0,,0,,0,0.0,0.0,0.0,,,0.24,,,0.61,0.0,0.0,1.33,0,0
Raffael,,Pohronie,AMF,41,0,,3,78,0,0.15,0,0.19,12.69,45.45,Brazil,Brazil,right,174,69,no,2.31,4.62,0.0,0.0,0.0,0.0,0.0,0.0,2.31,4.29,0.0,0,0.0,0,0.0,5.77,0.0,0,0.0,0.18,0,0.0,2,2.31,50.0,0.0,0.0,0.0,0.0,0.0,0.0,0.0,0.0,0.0,5.77,80.0,6.92,66.67,4.62,1.15,0.0,17.31,1.15,0.0,31.15,88.89,3.46,100.0,6.92,83.33,11.54,90.0,30.0,92.31,1.15,0.0,16.22,23.63,0.22,2.31,0.0,0.0,0.0,0.0,0.0,2.31,50.0,1.15,100.0,0.0,0.0,0.0,0.0,3.46,33.33,0,,0,,0,0.0,0.0,0.0,,,0.0,,,4.62,1.15,0.0,0.0,0,0
M. Klabník,,Pohronie,LCB,34,0,,12,1071,2,0.62,0,0.0,12.02,64.12,Slovakia,Slovakia,right,190,84,no,8.26,3.85,78.57,5.69,61.29,0.09,0.12,0.92,5.14,6.86,0.92,1,0.08,0,0.0,0.73,0.17,2,0.18,0.06,2,0.18,8,0.73,62.5,25.0,0.0,0.55,16.67,0.37,0.0,0.18,50.0,0.09,0.18,0.0,0.46,40.0,1.1,0.83,0.0,16.06,0.64,0.09,26.42,77.78,12.48,68.38,1.56,94.12,9.72,89.62,21.47,86.75,4.4,41.67,23.57,39.66,0.0,0.0,0.0,0.0,0.18,100.0,0.0,4.22,60.87,0.73,37.5,0.37,50.0,0.18,0.09,5.05,63.64,0,,0,,0,0.0,0.0,0.0,,,1.1,,,0.09,0.0,0.0,0.0,0,0
J. Mihalík,,Pohronie,"LW, LAMF, CF",31,0,,11,908,2,2.77,3,1.0,20.57,39.04,Slovakia,Slovakia,right,180,79,no,5.17,3.19,68.97,1.98,27.78,0.0,0.0,0.0,2.97,3.73,0.22,0,0.0,0,0.0,3.52,0.2,0,0.0,0.3,0,0.0,18,1.98,22.22,11.111,0.33,3.3,26.67,2.42,13.64,0.88,62.5,0.44,4.51,41.46,12.1,31.82,2.09,1.32,0.77,17.38,0.99,0.66,29.93,71.32,10.78,66.33,4.07,94.59,9.46,67.44,22.89,80.77,3.74,52.94,19.14,26.92,0.11,1.1,0.0,0.0,0.77,42.86,0.66,5.72,63.46,4.84,40.91,0.99,33.33,1.76,1.54,8.25,69.33,0,,0,,0,0.0,0.0,0.0,,,0.11,,,0.11,0.11,0.0,0.22,2,100
R. Lásik,,Pohronie,"RCMF, DMF, RDMF",33,0,,8,685,0,0.36,0,0.03,21.15,47.2,Slovakia,Slovakia,right,184,77,no,11.56,7.62,62.07,3.28,40.0,0.92,1.21,0.39,5.91,7.8,1.45,2,0.26,0,0.0,0.79,0.0,0,0.0,0.05,0,0.0,5,0.66,0.0,0.0,0.0,0.79,16.67,0.26,50.0,0.26,0.0,0.0,1.58,41.67,6.04,36.96,1.18,0.53,0.39,20.63,0.0,0.66,37.31,80.63,13.01,70.71,6.44,89.8,12.22,90.32,33.37,85.04,3.28,48.0,17.46,34.43,0.0,0.66,0.0,0.13,0.26,0.0,0.13,7.36,73.21,1.45,54.55,0.53,0.0,0.53,0.13,4.86,91.89,0,,0,,0,0.0,0.0,0.0,,,0.26,,,0.13,0.13,0.0,0.0,0,0
A. Pajer,,Pohronie,"RCB, LCMF, LDMF",31,0,,26,2186,0,0.81,0,0.58,18.9,57.08,Czech Republic,Czech Republic,right,191,79,no,11.82,7.49,64.84,4.41,60.75,0.62,0.78,0.74,6.34,8.02,1.85,8,0.33,1,0.04,1.4,0.0,0,0.0,0.03,0,0.0,22,0.91,36.36,0.0,0.0,0.29,42.86,0.0,0.0,0.25,33.33,0.04,1.11,81.48,3.58,44.83,0.45,0.78,0.45,17.99,0.21,1.4,33.43,71.67,15.97,55.93,2.72,92.42,11.57,87.54,25.61,80.87,7.58,41.3,23.41,40.5,0.02,0.12,0.0,0.04,0.08,50.0,0.04,7.95,48.19,1.15,17.86,0.54,30.77,0.12,0.08,7.33,61.8,0,,0,,0,0.0,0.0,0.0,,,0.99,,,0.04,0.04,0.0,0.0,0,0
A. Štrba,,Pohronie,"LCB, RCB, RB",28,0,,20,1687,1,1.13,0,0.2,13.07,66.81,Slovakia,Slovakia,right,0,0,no,11.21,6.2,76.36,3.61,60.94,0.34,0.44,0.68,6.14,7.94,0.56,2,0.11,0,0.0,0.39,0.05,1,0.06,0.06,0,0.0,5,0.28,20.0,20.0,0.0,0.39,28.57,0.06,0.0,0.34,33.33,0.11,0.34,66.67,1.52,48.15,0.34,0.62,0.11,19.05,0.39,0.68,33.81,82.67,14.2,73.02,2.93,94.23,13.36,92.83,29.3,88.46,4.17,45.95,21.24,29.92,0.01,0.06,0.06,0.0,0.0,0.0,0.0,4.0,66.2,0.39,42.86,0.0,0.0,0.11,0.23,7.1,64.29,0,,0,,0,0.0,0.0,0.0,,,2.03,,,0.0,0.0,0.0,0.06,0,0
M. Kapor,,Pohronie,RCB,34,0,,4,353,0,0.13,0,0.0,14.28,48.21,Canada,"Canada, Serbia",right,186,77,no,10.96,5.86,60.87,5.61,22.73,0.51,0.58,0.76,6.88,7.79,2.04,2,0.51,0,0.0,0.0,0.0,0,0.0,0.03,0,0.0,3,0.76,0.0,0.0,0.0,0.0,0.0,0.0,0.0,0.0,0.0,0.0,0.0,0.0,0.51,100.0,0.76,0.0,0.0,10.2,0.25,0.76,23.2,68.13,15.04,59.32,2.04,100.0,4.08,81.25,13.51,79.25,9.69,52.63,28.92,42.63,0.0,0.0,0.0,0.0,0.0,0.0,0.25,6.12,45.83,0.51,0.0,0.25,0.0,0.0,0.0,8.41,63.64,0,,0,,0,0.0,0.0,0.0,,,1.78,,,0.76,0.0,0.0,0.0,0,0
F. Hašek,FS Jelgava,Pohronie,"CF, LAMF, RW",29,0,,8,311,0,0.56,0,0.16,12.33,42.5,Czech Republic,Czech Republic,right,176,66,no,6.47,3.08,50.0,1.85,16.67,0.62,0.77,0.31,4.32,5.38,1.23,1,0.29,0,0.0,2.16,0.0,0,0.0,0.17,0,0.0,5,1.54,0.0,0.0,0.0,1.54,60.0,0.31,0.0,1.23,75.0,0.31,2.47,50.0,5.55,44.44,2.77,1.23,0.62,18.49,0.92,1.54,26.51,79.07,4.93,62.5,6.16,90.0,10.79,80.0,23.12,82.67,1.85,50.0,17.81,12.06,0.05,0.31,0.0,0.0,0.0,0.0,0.62,1.85,66.67,1.23,50.0,0.0,0.0,0.31,0.92,2.77,66.67,0,,0,,0,0.0,0.0,0.0,,,0.92,,,0.31,0.0,0.0,0.31,0,0
M. Nguer,,Pohronie,"LAMF, LW",28,0,,3,103,0,0.12,0,0.06,15.73,22.22,Senegal,Senegal,right,176,61,no,0.87,4.37,20.0,0.87,0.0,0.0,0.0,0.0,0.0,0.0,3.5,0,0.0,0,0.0,1.75,0.0,0,0.0,0.11,0,0.0,2,1.75,0.0,0.0,0.0,6.99,12.5,6.12,14.29,0.87,0.0,0.87,1.75,50.0,6.99,12.5,5.24,0.87,0.87,17.48,0.87,0.0,27.96,75.0,5.24,83.33,6.99,100.0,9.61,63.64,20.97,95.83,0.0,0.0,19.47,0.0,0.05,1.75,0.87,0.0,0.0,0.0,0.0,0.87,100.0,4.37,20.0,0.0,0.0,0.87,0.87,4.37,80.0,0,,0,,0,0.0,0.0,0.0,,,0.87,,,0.0,0.0,0.0,0.0,0,0
D. Sandal,Komárom,Pohronie,"LW, LAMF",28,0,,4,132,1,0.92,0,0.19,21.14,48.39,Slovakia,Slovakia,right,171,66,no,7.5,5.45,37.5,1.36,50.0,1.36,2.4,0.0,4.09,7.2,3.41,0,0.0,0,0.0,9.55,0.68,1,0.68,0.62,0,0.0,6,4.09,50.0,16.667,0.0,2.05,100.0,2.05,100.0,0.0,0.0,0.0,7.5,72.73,12.27,61.11,8.18,2.05,1.36,32.05,1.36,0.68,38.86,91.23,9.55,85.71,9.55,100.0,13.64,90.0,36.14,90.57,0.68,100.0,12.01,9.21,0.13,2.73,0.0,0.0,0.68,0.0,0.0,2.73,75.0,2.05,100.0,0.68,0.0,2.73,1.36,2.73,75.0,0,,0,,0,0.0,0.0,0.0,,,0.68,,,0.0,0.0,0.0,0.0,0,0
A. Slančík,Tatran Liptovský Mikuláš,Pohronie,GK,26,0,,10,931,0,0.0,0,0.0,0.58,66.67,Slovakia,Slovakia,right,188,83,no,1.64,0.19,100.0,0.29,66.67,0.0,0.0,0.0,1.45,1.85,0.0,0,0.0,0,0.0,0.0,0.0,0,0.0,0.0,0,0.0,0,0.0,0.0,0.0,0.0,0.0,0.0,0.0,0.0,0.0,0.0,0.0,0.0,0.0,0.0,0.0,0.0,0.0,0.0,9.28,0.1,0.0,17.21,81.46,11.41,72.88,0.0,0.0,5.51,100.0,8.89,96.74,8.22,65.88,36.99,49.08,0.0,0.0,0.0,0.1,0.0,0.0,0.0,1.74,50.0,0.1,0.0,0.0,0.0,0.0,0.0,6.86,76.06,22,2.13,52,5.03,1,57.69,16.54,1.6,-5.46,-0.528,0.0,1.55,0.29,,,,0.0,0,0
Y. Shimamura,Irtysh,Zemplín Michalovce,"LDMF, LCMF, AMF",26,0,2026-12-31,2,125,0,0.0,0,0.13,18.0,40.0,Japan,Japan,right,174,70,no,6.48,3.6,40.0,3.6,60.0,0.72,0.77,0.0,4.32,4.62,1.44,0,0.0,0,0.0,1.44,0.0,0,0.0,0.0,0,0.0,0,0.0,0.0,0.0,0.0,0.0,0.0,0.0,0.0,0.0,0.0,0.0,2.16,66.67,6.48,44.44,0.72,1.44,0.0,23.76,0.72,0.72,38.16,88.68,5.04,85.71,10.8,80.0,12.24,100.0,38.16,88.68,0.0,0.0,16.44,0.0,0.09,0.72,0.0,0.0,0.0,0.0,0.0,2.16,100.0,0.0,0.0,0.0,0.0,0.72,0.0,3.6,60.0,0,,0,,0,0.0,0.0,0.0,,,0.72,,,0.0,0.0,0.0,0.0,0,0
T. Horák,Galanta,Zlaté Moravce,CF,27,0,,11,518,2,1.59,0,0.22,33.01,35.79,Slovakia,Slovakia,right,184,78,no,3.47,3.65,47.62,13.38,37.66,0.0,0.0,0.0,1.74,2.46,1.39,2,0.35,1,0.17,3.3,0.35,2,0.35,0.28,1,0.17,13,2.26,38.46,15.385,0.0,0.17,0.0,0.17,0.0,0.0,0.0,0.0,3.82,59.09,12.51,30.56,4.17,0.52,0.17,8.69,1.04,0.69,17.72,75.49,4.69,59.26,4.86,89.29,4.34,88.0,17.55,76.24,0.0,0.0,12.98,0.0,0.04,0.87,0.0,0.0,0.35,50.0,0.0,1.39,75.0,1.22,57.14,0.17,100.0,0.69,0.0,1.39,37.5,0,,0,,0,0.0,0.0,0.0,,,0.0,,,0.0,0.0,0.0,0.0,0,0
S. Rák,,Zlaté Moravce,"RW, LAMF",22,0,,2,23,0,0.0,0,0.0,,,Slovakia,Slovakia,right,170,65,no,,,,,,,0.0,,,0.0,,0,,0,,,,0,,,0,,0,,,0.0,,,,,,,,,,,,,,,,,,,,,,,,,,,,,,,8.61,0.0,,,,,,,,,,,,,,,,,,0,,0,,0,0.0,0.0,,,,,,,,,,,0,0
D. Petrík,Slávia TU Košice,Zemplín Michalovce,"RWB, LB",21,0,2027-06-30,2,18,0,0.0,0,0.0,,,Slovakia,Slovakia,right,175,66,yes,,,,,,,0.0,,,0.0,,0,,0,,,,0,,,0,,0,,,0.0,,,,,,,,,,,,,,,,,,,,,,,,,,,,,,,9.99,0.0,,,,,,,,,,,,,,,,,,0,,0,,0,0.0,0.0,,,,,,,,,,,0,0
M. Výbošťok,Nitra,Pohronie,"RW, LW",24,0,,3,43,0,0.0,1,0.04,,,Slovakia,Slovakia,right,172,0,no,,,,,,,0.0,,,6.0,,1,,0,,,,0,,,0,,0,,,0.0,,,,,,,,,,,,,,,,,,,,,,,,,,,,,,,22.52,32.52,,,,,,,,,,,,,,,,,,0,,0,,0,0.0,0.0,,,,,,,,,,,0,0
A. Bartoš,,Tatran Liptovský Mikuláš,LCB,28,0,,2,12,0,0.0,0,0.0,,,Slovakia,Slovakia,left,0,0,no,,,,,,,0.0,,,0.0,,0,,0,,,,0,,,0,,0,,,0.0,,,,,,,,,,,,,,,,,,,,,,,,,,,,,,,25.13,0.0,,,,,,,,,,,,,,,,,,0,,0,,0,0.0,0.0,,,,,,,,,,,0,0
C. Kim,,Tatran Liptovský Mikuláš,"RCMF, LCMF",25,0,,6,174,0,0.1,0,0.0,26.38,43.14,Korea Republic,Korea Republic,right,167,0,no,13.45,11.9,65.22,2.59,0.0,1.03,1.4,0.0,4.66,6.28,0.52,0,0.0,0,0.0,2.07,0.0,0,0.0,0.05,0,0.0,2,1.03,50.0,0.0,0.0,0.0,0.0,0.0,0.0,0.0,0.0,0.0,5.69,27.27,7.24,28.57,0.0,0.52,0.52,15.0,0.0,0.0,25.34,71.43,8.28,56.25,4.66,88.89,7.24,78.57,23.79,76.09,1.55,0.0,14.32,19.22,0.0,0.0,0.0,0.0,0.0,0.0,0.0,3.62,42.86,0.0,0.0,0.0,0.0,0.0,0.0,4.66,55.56,0,,0,,0,0.0,0.0,0.0,,,0.52,,,0.0,0.0,0.0,0.0,0,0
M. Yakubu,Dukla Banská Bystrica,Sereď,GK,27,0,2026-06-30,4,382,0,0.0,0,0.0,1.18,40.0,Nigeria,Nigeria,right,183,83,no,2.59,0.0,0.0,0.47,50.0,0.0,0.0,0.0,2.59,2.6,0.0,0,0.0,0,0.0,0.0,0.0,0,0.0,0.0,0,0.0,0,0.0,0.0,0.0,0.0,0.0,0.0,0.0,0.0,0.0,0.0,0.0,0.0,0.0,0.0,0.0,0.0,0.0,0.0,8.01,0.24,0.0,16.73,74.65,11.31,62.5,0.0,0.0,5.42,100.0,7.77,93.94,8.95,57.89,38.12,52.51,0.0,0.0,0.0,0.0,0.0,0.0,0.0,2.83,50.0,0.71,0.0,0.0,0.0,0.0,0.0,6.13,65.38,7,1.65,20,4.71,0,65.0,5.78,1.36,-1.22,-0.287,0.0,1.41,0.47,,,,0.0,0,0
M. Šmatlák,Banik Lehota pod Vtacnikom,Pohronie,"AMF, RDMF, CF",23,0,,17,567,0,0.97,0,0.54,22.86,45.14,Slovakia,Slovakia,right,180,67,no,9.84,7.94,66.0,4.44,35.71,0.32,0.47,0.16,4.29,6.38,1.75,1,0.16,0,0.0,2.22,0.0,0,0.0,0.15,0,0.0,10,1.59,20.0,0.0,0.0,2.22,28.57,0.32,50.0,1.9,25.0,0.16,2.38,40.0,6.03,34.21,2.7,0.32,0.0,20.63,1.11,0.63,34.92,70.91,11.75,51.35,7.14,93.33,9.68,77.05,29.84,76.6,2.86,44.44,22.26,28.16,0.09,0.95,0.0,0.0,0.32,100.0,0.32,4.76,56.67,2.54,43.75,0.32,100.0,0.95,0.63,6.67,54.76,0,,0,,0,0.0,0.0,0.0,,,0.63,,,0.0,0.0,0.0,1.11,0,0
S. Jenat,Baník Kalinovo,Pohronie,RCB,25,0,,2,100,0,0.0,0,0.0,11.7,53.85,Slovakia,Slovakia,right,192,0,no,9.9,4.5,80.0,3.6,25.0,0.0,0.0,0.0,6.3,7.5,0.9,0,0.0,0,0.0,0.0,0.0,0,0.0,0.0,0,0.0,0,0.0,0.0,0.0,0.0,0.0,0.0,0.0,0.0,0.0,0.0,0.0,0.0,0.0,2.7,66.67,0.9,0.9,0.0,21.6,0.0,0.9,35.1,69.23,18.0,50.0,1.8,100.0,9.9,100.0,23.4,73.08,11.7,61.54,12.03,19.56,0.0,0.0,0.0,0.0,0.0,0.0,0.0,9.0,60.0,1.8,50.0,0.0,0.0,0.9,0.0,11.7,69.23,0,,0,,0,0.0,0.0,0.0,,,1.8,,,0.0,0.0,0.0,0.0,0,0
D. Haspra,Lokomotíva Kozárovce,Zlaté Moravce,RW,25,0,,3,23,0,0.0,0,0.0,,,Slovakia,Slovakia,right,181,70,no,,,,,,,0.0,,,6.0,,0,,0,,,,0,,,0,,0,,,0.0,,,,,,,,,,,,,,,,,,,,,,,,,,,,,,,6.92,11.6,,,,,,,,,,,,,,,,,,0,,0,,0,0.0,0.0,,,,,,,,,,,0,0
A. Matoš,,Tatran Liptovský Mikuláš,"AMF, CF",24,0,,5,39,0,0.0,0,0.0,,,Slovakia,Slovakia,right,178,74,no,,,,,,,0.0,,,4.29,,0,,0,,,,0,,,0,,0,,,0.0,,,,,,,,,,,,,,,,,,,,,,,,,,,,,,,6.27,0.0,,,,,,,,,,,,,,,,,,0,,0,,0,0.0,0.0,,,,,,,,,,,0,0
Ľ. Michalík,Nové Zámky,Sereď,"RCB, CB",42,0,,4,78,0,0.44,0,0.0,20.77,66.67,Slovakia,Slovakia,right,193,98,no,11.54,6.92,33.33,12.69,81.82,2.31,5.0,2.31,6.92,15.0,2.31,0,0.0,0,0.0,1.15,0.0,0,0.0,0.51,0,0.0,4,4.62,25.0,0.0,0.0,1.15,0.0,0.0,0.0,1.15,0.0,0.0,0.0,0.0,0.0,0.0,4.62,0.0,0.0,35.77,0.0,0.0,54.23,91.49,13.85,75.0,1.15,100.0,36.92,100.0,45.0,97.44,8.08,71.43,10.32,10.83,0.0,0.0,0.0,0.0,0.0,0.0,0.0,3.46,66.67,0.0,0.0,0.0,0.0,0.0,0.0,5.77,100.0,0,,0,,0,0.0,0.0,0.0,,,1.15,,,0.0,0.0,0.0,0.0,0,0
M. Tóth,,Zlaté Moravce,RCB,39,0,,22,1858,0,0.05,0,0.0,16.52,59.24,Slovakia,Slovakia,right,183,75,no,12.5,6.93,72.03,5.28,49.54,1.36,1.8,1.07,6.15,8.18,1.02,5,0.24,0,0.0,0.24,0.0,0,0.0,0.0,0,0.0,1,0.05,0.0,0.0,0.0,0.15,33.33,0.0,0.0,0.15,33.33,0.0,0.24,60.0,0.92,57.89,0.44,0.58,0.05,23.59,0.82,0.44,39.96,83.27,15.16,65.81,3.05,95.24,18.79,95.62,32.41,91.63,7.41,47.71,24.11,39.86,0.0,0.0,0.0,0.0,0.05,100.0,0.0,5.33,59.09,0.73,40.0,0.68,21.43,0.29,0.05,8.23,69.41,0,,0,,0,0.0,0.0,0.0,,,2.18,,,0.0,0.0,0.0,0.0,0,0
M. Chren,,Zlaté Moravce,"LB, LCB, RB",42,0,,19,816,0,0.27,0,0.19,19.74,58.1,Slovakia,Slovakia,left,180,75,no,11.36,7.17,73.85,5.96,53.7,0.44,0.59,0.44,5.63,7.57,0.66,0,0.0,0,0.0,1.88,0.0,0,0.0,0.03,0,0.0,4,0.44,25.0,0.0,0.0,1.65,33.33,0.99,33.33,0.66,33.33,0.22,1.21,72.73,2.76,48.0,1.21,0.66,0.66,22.83,1.76,1.1,39.26,73.6,20.51,60.75,1.99,94.44,11.47,86.54,28.35,84.44,9.38,47.06,24.07,26.57,0.02,0.44,0.0,0.0,0.44,75.0,0.11,7.39,58.21,2.21,45.0,1.32,50.0,0.55,0.55,12.02,71.56,0,,0,,0,0.0,0.0,0.0,,,0.66,,,0.0,0.0,0.0,0.0,0,0
M. Lačný,Spišská Nová Ves,Pohronie,CF,38,0,,29,2475,8,7.61,0,0.86,21.7,38.96,Slovakia,Slovakia,right,183,77,no,2.68,1.62,48.84,10.19,42.96,0.11,0.15,0.15,1.77,2.3,1.09,8,0.29,0,0.0,1.74,0.29,8,0.3,0.29,1,0.04,42,1.58,47.62,19.048,0.0,0.23,16.67,0.04,100.0,0.19,0.0,0.04,1.81,47.92,6.26,36.75,2.34,0.6,0.42,8.79,2.23,1.77,13.02,69.86,3.55,53.19,3.28,87.36,3.74,65.66,11.77,74.04,1.06,32.14,15.34,13.59,0.03,0.38,0.0,0.0,0.23,33.33,0.08,2.04,53.7,0.45,33.33,0.23,33.33,0.23,0.04,1.25,66.67,0,,0,,0,0.0,0.0,0.0,,,0.08,,,0.3,0.3,25.0,0.0,2,0
L. Hrdlička,,Pohronie,GK,40,0,,12,1138,0,0.0,0,0.0,0.63,87.5,Slovakia,Slovakia,right,191,84,no,1.11,0.0,0.0,0.4,80.0,0.0,0.0,0.0,1.11,1.37,0.0,0,0.0,0,0.0,0.0,0.0,0,0.0,0.0,0,0.0,0,0.0,0.0,0.0,0.0,0.0,0.0,0.0,0.0,0.0,0.0,0.0,0.0,0.0,0.0,0.0,0.0,0.0,0.0,11.39,0.32,0.08,20.17,78.82,12.26,67.1,0.0,0.0,7.67,96.91,12.73,95.65,7.43,50.0,36.7,53.52,0.0,0.0,0.0,0.0,0.0,0.0,0.0,2.61,45.45,0.16,0.0,0.0,0.0,0.0,0.0,5.54,71.43,25,1.98,72,5.69,1,65.28,20.6,1.63,-4.4,-0.348,0.0,2.06,0.4,,,,0.0,0,0
I. Kotora,Oravské Veselé,Tatran Liptovský Mikuláš,"LB, RB",34,0,,14,666,0,0.18,1,0.13,18.11,55.22,Slovakia,Slovakia,right,178,71,no,10.95,7.84,68.97,3.11,47.83,0.0,0.0,0.14,5.54,7.28,0.54,1,0.14,0,0.0,2.16,0.0,0,0.0,0.02,0,0.0,5,0.68,0.0,0.0,0.14,2.3,41.18,1.49,45.45,0.81,33.33,0.54,1.49,81.82,3.92,55.17,0.41,0.54,0.41,13.92,1.89,0.68,24.59,69.78,11.89,65.91,3.78,89.29,5.54,60.98,17.97,79.7,4.59,41.18,23.65,17.0,0.02,0.27,0.0,0.0,0.0,0.0,0.27,3.51,46.15,2.43,55.56,0.14,0.0,0.54,0.95,6.49,64.58,0,,0,,0,0.0,0.0,0.0,,,0.14,,,0.14,0.0,0.0,0.0,0,0
L. Bielák,Závažná Poruba,Tatran Liptovský Mikuláš,"LDMF, RCMF, CB",39,0,,13,394,0,0.16,0,0.05,21.24,66.67,Slovakia,Slovakia,right,184,77,no,10.74,7.54,75.76,7.08,64.52,0.23,0.34,0.69,4.8,7.24,1.37,0,0.0,0,0.0,0.69,0.0,0,0.0,0.04,0,0.0,4,0.91,0.0,0.0,0.0,0.23,0.0,0.0,0.0,0.23,0.0,0.0,0.69,33.33,3.43,60.0,0.91,0.23,0.0,19.19,0.0,1.83,34.95,84.97,12.79,73.21,5.94,92.31,10.74,95.74,31.75,89.21,2.97,46.15,13.79,14.41,0.01,0.46,0.0,0.23,0.46,100.0,0.0,7.31,78.13,1.83,25.0,0.91,50.0,0.69,0.0,4.34,78.95,0,,0,,0,0.0,0.0,0.0,,,1.14,,,0.0,0.0,0.0,0.0,0,0
P. Čmovš,,Pohronie,LCB,35,0,,12,999,0,0.26,0,0.03,11.98,58.65,Czech Republic,Czech Republic,right,188,82,no,10.0,5.05,66.07,3.69,65.85,0.54,0.71,1.17,6.13,8.0,0.9,2,0.18,0,0.0,0.27,0.0,0,0.0,0.02,0,0.0,3,0.27,66.67,0.0,0.0,0.18,0.0,0.18,0.0,0.0,0.0,0.0,0.18,50.0,1.08,25.0,0.36,0.18,0.45,16.58,0.27,0.45,31.62,79.49,14.14,66.88,1.17,100.0,14.14,91.72,25.14,88.53,6.31,45.71,24.05,39.75,0.0,0.09,0.0,0.0,0.0,0.0,0.0,4.5,44.0,0.54,33.33,0.0,0.0,0.18,0.0,6.22,62.32,0,,0,,0,0.0,0.0,0.0,,,1.17,,,0.0,0.0,0.0,0.0,0,0
M. Janec,Závažná Poruba,Tatran Liptovský Mikuláš,LB,34,0,,9,724,0,0.0,2,0.28,20.51,49.7,Slovakia,Slovakia,left,0,0,no,12.06,10.19,56.1,2.73,40.91,0.62,0.7,0.12,5.72,6.48,1.86,3,0.37,0,0.0,0.99,0.0,0,0.0,0.0,0,0.0,1,0.12,0.0,0.0,0.25,1.86,26.67,1.86,26.67,0.0,0.0,0.12,0.87,57.14,3.85,41.94,0.0,0.99,0.75,18.15,1.12,1.24,30.08,67.77,16.66,62.69,3.36,92.59,5.97,66.67,20.39,79.27,8.08,49.23,23.07,38.81,0.03,0.25,0.0,0.0,0.0,0.0,0.25,6.96,53.57,1.99,31.25,0.75,16.67,0.12,0.37,8.45,64.71,0,,0,,0,0.0,0.0,0.0,,,0.75,,,0.0,0.0,0.0,0.0,0,0
P. Čögley,,Zlaté Moravce,"RB, RCMF",37,0,,29,2683,2,3.18,0,2.06,19.29,54.26,Slovakia,Slovakia,right,174,79,no,10.83,6.17,67.93,4.9,53.42,0.57,0.75,0.4,6.07,7.99,0.67,5,0.17,0,0.0,2.01,0.07,2,0.07,0.11,1,0.03,19,0.64,36.84,10.526,0.0,1.81,38.89,0.1,66.67,1.71,37.25,0.17,1.44,60.47,4.73,47.52,1.24,1.07,0.54,25.73,1.31,1.24,40.79,75.0,17.88,62.85,5.23,94.23,12.24,82.74,32.44,82.83,6.68,47.24,21.02,38.74,0.07,0.5,0.1,0.03,0.37,54.55,0.27,7.98,62.18,2.55,31.58,0.84,28.0,0.6,0.6,10.26,67.32,0,,0,,0,0.0,0.0,0.0,,,0.67,,,0.0,0.0,0.0,0.0,0,0
F. Pavúk,,Tatran Liptovský Mikuláš,LB,32,0,,14,1289,0,1.41,2,0.5,18.92,53.51,Slovakia,Slovakia,left,187,80,no,10.05,7.4,60.38,3.77,55.56,0.77,0.99,0.07,4.82,6.2,0.84,1,0.07,0,0.0,3.07,0.0,0,0.0,0.1,0,0.0,17,1.19,23.53,0.0,0.14,3.56,39.22,3.49,40.0,0.07,0.0,0.56,2.86,46.34,4.82,42.03,1.26,0.91,0.28,18.01,1.26,0.98,29.39,67.7,14.94,60.28,3.0,97.67,7.82,71.43,19.76,78.09,6.28,50.0,23.54,39.0,0.03,0.63,0.0,0.0,0.21,33.33,0.42,6.21,57.3,3.63,48.08,0.35,0.0,0.56,1.33,8.8,72.22,0,,0,,0,0.0,0.0,0.0,,,0.42,,,0.35,0.21,0.0,0.14,0,0
N. Gatarić,Trnje,Sereď,"AMF, RCMF",34,0,,18,1153,2,2.44,1,2.28,27.01,43.35,Croatia,Croatia,left,178,70,no,7.73,8.74,59.82,2.58,21.21,0.62,0.81,0.16,1.87,2.44,2.26,2,0.16,0,0.0,3.04,0.16,0,0.0,0.19,0,0.0,19,1.48,26.32,10.526,0.08,1.17,6.67,0.86,9.09,0.31,0.0,0.16,4.68,51.67,10.07,39.53,1.48,2.11,1.56,19.67,1.41,1.48,27.63,77.97,9.29,69.75,4.37,94.64,9.52,80.33,24.74,82.02,1.8,65.22,17.85,32.09,0.18,1.64,0.0,0.08,0.55,28.57,0.08,3.98,80.39,2.26,44.83,0.62,37.5,0.94,0.08,4.14,81.13,0,,0,,0,0.0,0.0,0.0,,,0.0,,,1.33,0.16,0.0,3.12,2,100
D. Andrič,,Tatran Liptovský Mikuláš,CF,36,0,,18,1025,7,4.65,0,0.75,31.43,32.68,Serbia,"Serbia, North Macedonia",both,181,0,no,3.25,3.16,55.56,9.31,32.08,0.35,0.46,0.18,1.14,1.49,0.97,0,0.0,0,0.0,1.93,0.61,6,0.53,0.41,2,0.18,28,2.46,39.29,25.0,0.0,0.35,25.0,0.09,100.0,0.26,0.0,0.0,1.58,50.0,12.38,29.08,4.65,0.26,0.09,10.36,2.2,1.76,18.88,70.23,4.21,45.83,5.27,88.33,4.57,76.92,18.26,71.63,0.26,33.33,12.95,4.97,0.07,0.53,0.0,0.0,0.35,25.0,0.09,1.58,44.44,0.44,60.0,0.26,0.0,0.88,0.0,1.05,41.67,0,,0,,0,0.0,0.0,0.0,,,0.0,,,0.0,0.0,0.0,0.0,1,100
D. Mujiri,Gagra,Zlaté Moravce,CF,27,0,2026-12-31,2,47,0,0.0,0,0.0,28.72,33.33,Georgia,Georgia,,194,0,no,5.74,5.74,66.67,15.32,37.5,0.0,0.0,0.0,1.91,2.73,5.74,0,0.0,0,0.0,0.0,0.0,0,0.0,0.0,0,0.0,0,0.0,0.0,0.0,0.0,0.0,0.0,0.0,0.0,0.0,0.0,0.0,0.0,0.0,7.66,0.0,0.0,1.91,0.0,3.83,0.0,0.0,9.57,60.0,0.0,0.0,5.74,33.33,1.91,100.0,9.57,60.0,0.0,0.0,5.83,0.0,0.0,0.0,0.0,0.0,0.0,0.0,0.0,0.0,0.0,0.0,0.0,0.0,0.0,0.0,0.0,1.91,0.0,0,,0,,0,0.0,0.0,0.0,,,0.0,,,0.0,0.0,0.0,0.0,0,0
Mateus,Snina,Sereď,"LDMF, LCMF, RDMF",31,0,,7,190,1,0.09,0,0.01,19.42,39.02,Brazil,Brazil,right,175,72,no,8.05,6.16,38.46,1.89,0.0,0.47,0.56,0.0,5.21,6.11,1.42,1,0.47,0,0.0,1.42,0.47,1,0.47,0.04,0,0.0,2,0.95,50.0,50.0,0.0,0.0,0.0,0.0,0.0,0.0,0.0,0.0,2.84,33.33,9.0,42.11,0.0,0.95,0.0,34.58,0.0,1.89,46.89,88.89,13.26,78.57,8.53,100.0,15.16,96.88,44.05,92.47,2.84,33.33,17.89,18.83,0.01,0.47,0.0,0.0,0.47,0.0,0.0,5.68,58.33,0.47,0.0,0.0,0.0,0.0,0.0,5.21,54.55,0,,0,,0,0.0,0.0,0.0,,,0.47,,,0.0,0.0,0.0,0.0,0,0
R. Václavík,NKP Podhale,Tatran Liptovský Mikuláš,"DMF, LDMF, RCMF",29,0,,21,1673,1,1.56,1,1.13,19.9,51.89,Slovakia,Slovakia,right,175,70,no,13.83,9.52,59.32,3.93,57.53,1.34,1.52,0.43,6.83,7.71,1.51,4,0.22,0,0.0,0.81,0.05,0,0.0,0.08,0,0.0,15,0.81,33.33,6.667,0.05,0.38,0.0,0.11,0.0,0.27,0.0,0.16,0.38,71.43,2.47,41.3,0.86,0.27,0.0,24.37,0.05,0.54,43.57,74.94,22.43,66.91,3.34,91.94,12.32,84.72,36.26,81.45,6.94,44.96,18.02,29.41,0.06,0.86,0.05,0.05,0.43,62.5,0.11,9.52,63.28,1.45,44.44,0.86,50.0,0.7,0.0,10.76,73.0,0,,0,,0,0.0,0.0,0.0,,,0.22,,,0.05,0.0,0.0,0.0,1,100
O. Machuča,Třinec,Sereď,"RDMF, RCMF, LDMF",30,0,,11,302,0,0.13,0,0.0,15.2,37.25,Czech Republic,Czech Republic,right,180,73,no,7.75,7.45,40.0,2.09,42.86,0.6,0.86,0.0,4.17,6.0,2.38,1,0.3,0,0.0,0.3,0.0,0,0.0,0.04,0,0.0,2,0.6,0.0,0.0,0.0,0.6,0.0,0.0,0.0,0.6,0.0,0.0,0.3,0.0,2.09,0.0,0.3,0.6,0.3,11.92,0.0,0.3,21.46,83.33,7.15,66.67,4.47,100.0,6.26,90.48,19.67,87.88,1.19,50.0,11.74,6.05,0.0,0.0,0.0,0.0,0.3,100.0,0.0,1.19,100.0,0.89,66.67,0.3,100.0,0.6,0.0,4.47,53.33,0,,0,,0,0.0,0.0,0.0,,,0.3,,,0.0,0.0,0.0,0.3,0,0
M. Mikušiak,Liptovská Štiavnica,Tatran Liptovský Mikuláš,GK,27,0,,1,9,0,0.0,0,0.0,,,Slovakia,Slovakia,right,0,0,no,,,,,,,0.0,,,0.0,,0,,0,,,,0,,,0,,0,,,0.0,,,,,,,,,,,,,,,,,,,,,,,,,,,,,,,24.09,0.0,,,,,,,,,,,,,,,,,,0,,0,,0,0.0,0.0,,0.0,,,,,,,,,0,0
A. Ikuepamitan,Bramberg,Sereď,GK,29,0,,1,95,0,0.0,0,0.0,0.0,0.0,Nigeria,Nigeria,right,196,0,no,1.89,0.0,0.0,0.0,0.0,0.0,0.0,0.0,1.89,2.4,0.0,0,0.0,0,0.0,0.0,0.0,0,0.0,0.0,0,0.0,0,0.0,0.0,0.0,0.0,0.0,0.0,0.0,0.0,0.0,0.0,0.0,0.0,0.0,0.0,0.0,0.0,0.0,0.0,7.58,0.95,0.0,15.16,100.0,6.63,100.0,0.0,0.0,8.53,100.0,13.26,100.0,1.89,100.0,26.74,47.03,0.0,0.0,0.0,0.0,0.0,0.0,0.0,0.0,0.0,0.0,0.0,0.0,0.0,0.0,0.0,1.89,100.0,3,2.84,7,6.63,0,57.14,2.77,2.63,-0.23,-0.218,0.0,0.95,0.0,,,,0.0,0,0
K. Flak,,Tatran Liptovský Mikuláš,"LB, LAMF, LW",26,0,,27,1442,2,1.32,0,1.24,23.9,46.74,Czech Republic,Czech Republic,left,174,66,no,6.18,5.87,55.32,2.0,34.38,0.25,0.32,0.0,2.68,3.46,1.06,2,0.12,0,0.0,5.55,0.12,2,0.12,0.08,0,0.0,25,1.56,36.0,8.0,0.0,3.0,39.58,2.06,33.33,0.94,53.33,0.25,6.24,59.0,12.79,47.32,1.69,1.81,1.5,16.23,0.87,2.0,28.02,73.27,9.3,67.11,4.43,91.55,7.93,70.08,23.09,79.73,2.0,46.88,16.04,18.49,0.08,0.94,0.31,0.0,0.5,25.0,0.37,3.31,58.49,3.0,56.25,0.44,0.0,0.62,1.19,4.93,77.22,0,,0,,0,0.0,0.0,0.0,,,0.31,,,0.94,0.0,0.0,1.56,0,0
E. Osmanović,Željezničar,Sereď,LCB,24,0,2027-05-31,4,200,0,0.0,0,0.0,11.7,53.85,Luxembourg,Luxembourg,left,191,84,no,10.35,7.65,64.71,1.8,50.0,0.0,0.0,0.9,5.4,6.21,2.25,0,0.0,1,0.45,0.0,0.0,0,0.0,0.0,0,0.0,0,0.0,0.0,0.0,0.0,0.0,0.0,0.0,0.0,0.0,0.0,0.0,0.0,0.0,0.0,0.0,0.0,0.0,0.0,29.25,0.0,0.0,41.4,83.7,18.0,70.0,1.8,100.0,18.9,92.86,37.35,87.95,4.05,44.44,15.2,30.16,0.0,0.0,0.0,0.0,0.0,0.0,0.0,3.15,42.86,0.45,0.0,0.0,0.0,0.0,0.0,5.85,46.15,0,,0,,0,0.0,0.0,0.0,,,1.35,,,0.0,0.0,0.0,0.0,0,0
A. Keznikl,Senica,Senica,LDMF,20,0,,1,7,0,0.0,0,0.0,,,Slovakia,Slovakia,,0,0,no,,,,,,,0.0,,,0.0,,0,,0,,,,0,,,0,,0,,,0.0,,,,,,,,,,,,,,,,,,,,,,,,,,,,,,,24.29,0.0,,,,,,,,,,,,,,,,,,0,,0,,0,0.0,0.0,,,,,,,,,,,0,0
P. Chlupík,Senica,Senica,"RDMF, RB",20,0,,1,30,0,0.0,0,0.17,,,Slovakia,Slovakia,,0,0,no,,,,,,,0.0,,,6.67,,0,,0,,,,0,,,0,,0,,,0.0,,,,,,,,,,,,,,,,,,,,,,,,,,,,,,,22.55,25.21,,,,,,,,,,,,,,,,,,0,,0,,0,0.0,0.0,,,,,,,,,,,0,0
J. Halcin,Senica,Senica,RAMF,22,0,,1,92,0,0.01,0,0.0,21.52,45.45,Slovakia,Slovakia,,0,0,no,6.85,8.8,44.44,1.96,50.0,0.0,0.0,0.98,2.93,2.73,0.0,0,0.0,0,0.0,0.0,0.0,0,0.0,0.01,0,0.0,1,0.98,0.0,0.0,0.0,0.0,0.0,0.0,0.0,0.0,0.0,0.0,0.98,0.0,7.83,37.5,0.0,0.0,0.0,6.85,0.0,3.91,11.74,58.33,2.93,66.67,1.96,100.0,1.96,50.0,10.76,63.64,0.98,0.0,16.79,48.07,0.0,0.0,0.0,0.0,0.0,0.0,0.0,0.98,100.0,0.0,0.0,0.0,0.0,0.0,0.0,2.93,33.33,0,,0,,0,0.0,0.0,0.0,,,0.0,,,0.0,0.0,0.0,0.0,0,0
Daniel,,Senica,LAMF,22,0,,1,32,0,0.0,0,0.0,,,Spain,Spain,unknown,0,0,no,,,,,,,0.0,,,0.0,,0,,0,,,,0,,,0,,0,,,0.0,,,,,,,,,,,,,,,,,,,,,,,,,,,,,,,19.41,0.0,,,,,,,,,,,,,,,,,,0,,0,,0,0.0,0.0,,,,,,,,,,,0,0
L. Jurka,,Senica,LB,22,0,,2,98,0,0.0,0,0.0,11.94,61.54,Slovakia,Slovakia,,0,0,no,15.61,6.43,85.71,0.92,0.0,0.92,0.88,1.84,9.18,8.82,0.0,0,0.0,0,0.0,0.0,0.0,0,0.0,0.0,0,0.0,0,0.0,0.0,0.0,0.0,0.0,0.0,0.0,0.0,0.0,0.0,0.0,0.92,0.0,3.67,50.0,0.0,0.0,0.0,12.86,0.0,0.92,17.45,68.42,10.1,63.64,2.76,100.0,2.76,66.67,16.53,72.22,0.92,0.0,8.81,31.73,0.0,0.0,0.0,0.0,0.0,0.0,0.0,0.92,0.0,0.0,0.0,0.0,0.0,0.0,0.0,8.27,55.56,0,,0,,0,0.0,0.0,0.0,,,0.0,,,0.0,0.0,0.0,0.0,0,0
T. Odráska,Hodonín,Senica,GK,23,0,,1,92,0,0.0,0,0.0,1.96,100.0,Slovakia,Slovakia,,0,0,no,1.96,0.0,0.0,1.96,100.0,0.0,0.0,0.0,1.96,1.82,0.0,0,0.0,0,0.0,0.0,0.0,0,0.0,0.0,0,0.0,0,0.0,0.0,0.0,0.0,0.0,0.0,0.0,0.0,0.0,0.0,0.0,0.0,0.0,0.0,0.0,0.0,0.0,0.0,6.85,0.0,0.0,19.57,85.0,8.8,66.67,0.0,0.0,7.83,100.0,12.72,100.0,6.85,57.14,29.29,54.0,0.0,0.0,0.0,0.0,0.0,0.0,0.0,1.96,0.0,0.98,0.0,0.0,0.0,0.0,0.0,3.91,75.0,1,0.98,6,5.87,0,83.33,1.57,1.54,0.57,0.558,0.0,0.98,1.96,,,,0.0,0,0
D. Surovy,,Senica,LAMF,22,0,,2,107,0,0.15,0,0.0,21.87,34.62,Slovakia,Slovakia,,0,0,no,8.41,10.93,61.54,2.52,0.0,0.0,0.0,0.0,1.68,1.54,3.36,0,0.0,0,0.0,0.0,0.0,0,0.0,0.12,0,0.0,1,0.84,0.0,0.0,0.0,0.0,0.0,0.0,0.0,0.0,0.0,0.0,0.0,0.0,6.73,0.0,0.84,0.0,0.0,8.41,0.0,0.84,8.41,60.0,2.52,33.33,4.21,80.0,0.84,0.0,7.57,66.67,0.84,0.0,22.96,28.49,0.0,0.0,0.0,0.0,0.0,0.0,0.0,1.68,0.0,0.84,0.0,0.0,0.0,0.0,0.0,1.68,0.0,0,,0,,0,0.0,0.0,0.0,,,0.0,,,0.0,0.0,0.0,0.0,0,0
N. Hegyi,Senica,Senica,CF,21,0,,1,85,0,0.0,0,0.15,15.88,0.0,Slovakia,Slovakia,,0,0,no,0.0,1.06,0.0,5.29,0.0,0.0,0.0,0.0,0.0,0.0,0.0,0,0.0,0,0.0,0.0,0.0,0,0.0,0.0,0,0.0,0,0.0,0.0,0.0,0.0,0.0,0.0,0.0,0.0,0.0,0.0,0.0,0.0,0.0,8.47,0.0,0.0,0.0,0.0,7.41,1.06,0.0,9.53,100.0,0.0,0.0,3.18,100.0,3.18,100.0,9.53,100.0,0.0,0.0,12.53,0.0,0.16,1.06,0.0,0.0,0.0,0.0,0.0,0.0,0.0,1.06,100.0,0.0,0.0,1.06,0.0,2.12,100.0,0,,0,,0,0.0,0.0,0.0,,,0.0,,,0.0,0.0,0.0,0.0,0,0
T. Ravas,Sokol Lanžhot,Senica,LW,21,0,,1,5,0,0.0,0,0.0,,,Slovakia,Slovakia,,0,0,no,,,,,,,0.0,,,0.0,,0,,0,,,,0,,,0,,0,,,0.0,,,,,,,,,,,,,,,,,,,,,,,,,,,,,,,0.0,0.0,,,,,,,,,,,,,,,,,,0,,0,,0,0.0,0.0,,,,,,,,,,,0,0
A. Barcaj,,Senica,"LAMF, RW, LB",22,0,,2,14,0,0.0,0,0.0,,,Slovakia,Slovakia,,0,0,no,,,,,,,0.0,,,10.0,,0,,0,,,,0,,,0,,0,,,0.0,,,,,,,,,,,,,,,,,,,,,,,,,,,,,,,7.19,0.0,,,,,,,,,,,,,,,,,,0,,0,,0,0.0,0.0,,,,,,,,,,,0,0
O. Osvald,Union St. Florian,Senica,"RDMF, RB",22,0,,2,95,0,0.0,0,0.0,21.79,56.52,Slovakia,Slovakia,,0,0,no,9.47,9.47,80.0,4.74,60.0,0.95,0.94,0.0,0.95,0.94,1.89,1,0.95,0,0.0,0.95,0.0,0,0.0,0.0,0,0.0,0,0.0,0.0,0.0,0.0,0.0,0.0,0.0,0.0,0.0,0.0,0.0,1.89,50.0,4.74,20.0,0.0,0.95,0.95,7.58,0.0,0.95,14.21,73.33,7.58,62.5,2.84,66.67,0.95,100.0,13.26,78.57,0.95,0.0,19.65,22.44,0.0,0.0,0.0,0.0,0.0,0.0,0.0,2.84,33.33,0.95,0.0,0.0,0.0,0.0,0.0,2.84,100.0,0,,0,,0,0.0,0.0,0.0,,,0.0,,,0.95,0.0,0.0,0.0,0,0
N. Stachovic,,Senica,"RB, RCB, RAMF",22,0,,3,133,0,0.28,0,0.0,16.92,44.0,Slovakia,Slovakia,,0,0,no,14.21,11.5,41.18,0.68,0.0,1.35,1.25,2.71,8.12,7.5,1.35,0,0.0,0,0.0,0.68,0.0,0,0.0,0.19,0,0.0,1,0.68,0.0,0.0,0.0,0.0,0.0,0.0,0.0,0.0,0.0,0.0,0.68,100.0,4.06,66.67,0.68,0.0,0.0,14.21,0.0,1.35,20.98,64.52,12.18,55.56,4.06,66.67,3.38,80.0,17.59,69.23,3.38,40.0,18.4,26.4,0.0,0.0,0.0,0.0,0.0,0.0,0.0,0.68,0.0,0.0,0.0,0.0,0.0,0.0,0.0,5.41,12.5,0,,0,,0,0.0,0.0,0.0,,,0.68,,,0.0,0.0,0.0,0.0,0,0
P. Skodacek,,Senica,"DMF, RDMF, AMF",22,0,,3,185,0,0.0,0,0.0,18.49,44.74,Slovakia,Slovakia,,0,0,no,11.19,12.16,52.0,0.49,100.0,0.49,0.46,0.0,4.38,4.15,0.0,0,0.0,0,0.0,0.49,0.0,0,0.0,0.0,0,0.0,0,0.0,0.0,0.0,0.0,0.0,0.0,0.0,0.0,0.0,0.0,0.0,0.97,50.0,4.86,30.0,0.49,0.0,0.0,11.68,0.0,0.49,22.38,73.91,6.32,69.23,2.92,83.33,7.78,81.25,20.92,74.42,1.46,66.67,14.18,7.96,0.0,0.0,0.0,0.0,0.0,0.0,0.0,0.49,0.0,0.0,0.0,0.0,0.0,0.0,0.0,3.41,14.29,0,,0,,0,0.0,0.0,0.0,,,0.49,,,0.0,0.0,0.0,0.0,0,0
A. Prelec,Nové Mesto nad Váhom,Senica,"LB, RB",22,0,,2,149,0,0.0,0,0.0,22.35,43.24,Slovakia,Slovakia,,0,0,no,12.08,13.89,43.48,3.02,40.0,0.6,0.55,1.21,5.44,4.91,0.6,0,0.0,0,0.0,0.0,0.0,0,0.0,0.0,0,0.0,0,0.0,0.0,0.0,0.0,0.6,0.0,0.0,0.0,0.6,0.0,0.0,0.0,0.0,3.02,40.0,0.0,0.0,0.0,6.64,0.0,1.21,10.87,44.44,6.64,36.36,0.0,0.0,1.81,66.67,9.66,43.75,0.6,100.0,17.77,15.17,0.0,0.0,0.0,0.0,0.0,0.0,0.0,0.0,0.0,0.6,0.0,0.0,0.0,0.0,0.0,4.23,14.29,0,,0,,0,0.0,0.0,0.0,,,0.0,,,0.0,0.0,0.0,0.0,0,0
A. Bily,Malacky,Senica,"AMF, RDMF, RCMF",21,0,,4,285,0,0.0,0,0.11,12.32,58.97,Slovakia,Slovakia,,0,0,no,7.58,6.95,59.09,0.32,0.0,0.0,0.0,0.0,3.47,3.14,0.32,0,0.0,0,0.0,1.26,0.0,0,0.0,0.0,0,0.0,0,0.0,0.0,0.0,0.0,0.0,0.0,0.0,0.0,0.0,0.0,0.0,2.21,57.14,4.42,64.29,0.0,0.0,0.0,8.84,0.32,1.26,16.42,80.77,6.63,66.67,3.47,100.0,3.79,91.67,15.79,84.0,0.63,0.0,15.37,22.02,0.03,0.32,0.0,0.0,0.0,0.0,0.0,1.58,40.0,0.0,0.0,0.0,0.0,0.0,0.0,2.53,37.5,0,,0,,0,0.0,0.0,0.0,,,0.32,,,0.0,0.0,0.0,0.32,0,0
D. Kudláč,Sokol Lanžhot,Senica,"LAMF, CF, AMF",21,0,,4,314,0,0.0,0,0.0,28.38,37.37,Slovakia,Slovakia,,0,0,no,10.03,14.33,46.0,0.86,0.0,1.15,1.03,0.0,2.29,2.07,0.86,0,0.0,0,0.0,2.01,0.0,0,0.0,0.0,0,0.0,0,0.0,0.0,0.0,0.0,0.29,0.0,0.29,0.0,0.0,0.0,0.0,3.73,53.85,8.6,30.0,0.0,1.72,0.86,11.46,0.29,1.15,19.49,66.18,5.16,55.56,5.45,78.95,2.29,37.5,18.92,68.18,0.57,0.0,11.69,19.47,0.0,0.0,0.0,0.0,0.29,0.0,0.0,1.15,25.0,0.29,0.0,0.0,0.0,0.0,0.0,2.58,11.11,0,,0,,0,0.0,0.0,0.0,,,0.0,,,0.0,0.0,0.0,0.0,0,0
M. Macho,,Senica,"CF, RAMF, LAMF",21,0,,5,260,0,0.0,0,0.0,26.31,26.32,Slovakia,Slovakia,,0,0,no,5.54,6.23,55.56,6.23,16.67,0.69,0.63,0.35,1.38,1.26,1.04,0,0.0,0,0.0,0.0,0.0,0,0.0,0.0,0,0.0,0,0.0,0.0,0.0,0.0,0.35,0.0,0.0,0.0,0.35,0.0,0.0,0.69,0.0,7.27,28.57,0.0,0.35,0.0,7.62,1.38,1.38,14.19,51.22,4.15,8.33,4.85,92.86,1.73,60.0,12.46,58.33,1.38,0.0,13.08,14.14,0.0,0.0,0.0,0.0,0.0,0.0,0.0,1.04,0.0,0.35,0.0,0.35,0.0,0.0,0.0,1.73,0.0,0,,0,,0,0.0,0.0,0.0,,,0.0,,,0.0,0.0,0.0,0.0,0,0
D. Čermák,,Senica,GK,21,0,,1,91,0,0.0,0,0.0,1.98,50.0,Slovakia,Slovakia,,0,0,no,1.98,0.0,0.0,0.99,0.0,0.0,0.0,0.0,1.98,1.82,0.0,0,0.0,0,0.0,0.0,0.0,0,0.0,0.0,0,0.0,0,0.0,0.0,0.0,0.0,0.0,0.0,0.0,0.0,0.0,0.0,0.0,0.0,0.0,0.0,0.0,0.0,0.0,0.0,2.97,0.0,0.0,10.88,54.55,6.92,42.86,0.0,0.0,3.96,75.0,3.96,75.0,6.92,42.86,40.88,49.54,0.0,0.0,0.0,0.0,0.0,0.0,0.0,1.98,50.0,0.0,0.0,0.0,0.0,0.0,0.0,4.95,60.0,3,2.97,10,9.89,0,70.0,3.06,3.02,0.06,0.059,0.0,1.98,0.99,,,,0.0,0,0
L. Koprna,,Senica,"RB, LB, RCB",22,0,,5,368,0,0.02,0,0.0,23.72,44.33,Slovakia,Slovakia,,180,70,no,10.52,8.07,69.7,4.4,33.33,0.0,0.0,0.24,4.89,4.55,0.98,0,0.0,0,0.0,1.47,0.0,0,0.0,0.01,0,0.0,1,0.24,100.0,0.0,0.0,0.24,0.0,0.0,0.0,0.24,0.0,0.24,2.93,41.67,7.83,31.25,0.24,0.98,0.49,6.85,0.24,1.22,15.16,72.58,7.58,54.84,1.96,100.0,1.71,71.43,12.23,80.0,2.69,45.45,19.14,28.34,0.0,0.0,0.0,0.0,0.0,0.0,0.0,1.22,40.0,0.24,0.0,0.49,50.0,0.24,0.0,2.93,50.0,0,,0,,0,0.0,0.0,0.0,,,0.49,,,0.0,0.0,0.0,0.0,0,0
M. Ladislav,,Senica,RCB,22,0,,1,22,0,0.0,0,0.0,,,Slovakia,Slovakia,unknown,0,0,no,,,,,,,0.0,,,0.0,,0,,0,,,,0,,,0,,0,,,0.0,,,,,,,,,,,,,,,,,,,,,,,,,,,,,,,25.12,0.0,,,,,,,,,,,,,,,,,,0,,0,,0,0.0,0.0,,,,,,,,,,,0,0
J. Buchel,Spartak Myjava,Senica,"RAMF, AMF, LW",23,0,,17,478,0,1.05,0,0.31,30.13,33.13,Slovakia,Slovakia,right,182,69,no,9.79,13.18,44.29,3.39,27.78,0.0,0.0,0.0,3.95,4.81,2.82,3,0.56,0,0.0,1.51,0.0,0,0.0,0.2,0,0.0,4,0.75,25.0,0.0,0.0,1.32,14.29,0.19,0.0,1.13,16.67,0.19,3.58,31.58,9.79,21.15,2.26,0.94,0.75,9.98,1.13,0.56,18.08,66.67,5.08,51.85,4.52,87.5,3.58,78.95,15.82,73.81,0.94,20.0,13.14,14.04,0.06,0.38,0.0,0.0,0.0,0.0,0.19,1.69,44.44,1.32,42.86,0.56,0.0,0.56,0.19,2.64,50.0,0,,0,,0,0.0,0.0,0.0,,,0.0,,,0.0,0.0,0.0,0.19,0,0
J. Vrablic,,Senica,CF,23,0,,4,178,0,0.0,0,0.28,30.34,25.0,Czech Republic,Czech Republic,,0,0,no,6.07,7.08,42.86,7.08,21.43,0.0,0.0,0.0,3.03,2.9,1.52,0,0.0,0,0.0,0.51,0.0,0,0.0,0.0,0,0.0,0,0.0,0.0,0.0,0.0,0.0,0.0,0.0,0.0,0.0,0.0,0.0,1.01,50.0,10.11,20.0,1.01,0.51,0.0,4.04,0.51,2.53,13.65,81.48,3.54,71.43,3.54,85.71,4.04,87.5,12.64,84.0,1.01,50.0,11.81,17.34,0.14,0.51,0.0,0.0,0.0,0.0,0.51,1.01,50.0,0.0,0.0,0.0,0.0,0.51,0.0,1.01,50.0,0,,0,,0,0.0,0.0,0.0,,,0.0,,,0.0,0.0,0.0,0.0,0,0
M. Repa,,Senica,"RAMF, LAMF, LW",23,0,,7,156,0,0.17,0,0.0,35.19,44.26,Slovakia,Slovakia,left,184,81,no,9.23,6.92,66.67,4.04,0.0,0.0,0.0,0.0,4.62,6.32,0.0,0,0.0,0,0.0,5.19,0.0,0,0.0,0.1,0,0.0,3,1.73,33.33,0.0,0.0,1.15,0.0,0.58,0.0,0.58,0.0,0.0,8.08,57.14,16.73,41.38,1.15,1.73,1.15,5.19,0.58,0.58,12.12,52.38,5.19,44.44,0.0,0.0,2.31,75.0,9.81,64.71,1.15,0.0,10.99,13.35,0.0,0.0,0.0,0.0,0.58,0.0,0.0,1.15,0.0,2.31,0.0,0.58,0.0,0.0,0.0,1.15,0.0,0,,0,,0,0.0,0.0,0.0,,,0.0,,,0.0,0.0,0.0,0.0,0,0
M. Trusa,DAC,Zemplín Michalovce,CF,25,0,2027-06-30,18,1378,6,6.37,2,0.54,32.79,37.05,Slovakia,Slovakia,right,186,80,no,4.44,4.83,54.05,8.23,34.13,0.26,0.33,0.07,1.57,1.97,1.89,2,0.13,0,0.0,3.07,0.39,6,0.39,0.42,4,0.26,41,2.68,46.34,14.634,0.13,0.91,42.86,0.33,40.0,0.59,44.44,0.07,2.74,52.38,12.67,34.54,3.79,0.91,0.33,12.02,2.09,2.81,18.22,75.63,3.46,60.38,5.81,80.9,4.05,83.87,16.98,77.69,0.39,50.0,14.33,10.73,0.04,0.85,0.0,0.0,0.0,0.0,0.39,1.18,66.67,1.11,47.06,0.07,0.0,0.52,0.33,1.57,50.0,0,,0,,0,0.0,0.0,0.0,,,0.07,,,0.0,0.0,0.0,0.0,1,0
F. Buchel,Spartak Myjava,Senica,"RW, RAMF, LAMF",23,0,,8,219,0,0.07,0,0.0,33.29,38.27,Slovakia,Slovakia,right,182,66,no,10.68,11.92,48.28,6.58,50.0,0.82,0.94,0.0,4.11,4.69,1.23,0,0.0,0,0.0,1.23,0.0,0,0.0,0.03,0,0.0,2,0.82,0.0,0.0,0.0,0.82,0.0,0.41,0.0,0.41,0.0,0.41,4.11,30.0,9.86,20.83,0.82,0.82,0.82,9.04,2.88,1.64,12.33,60.0,5.34,46.15,2.05,60.0,4.11,80.0,10.27,64.0,1.64,50.0,14.37,19.76,0.0,0.0,0.0,0.0,0.0,0.0,0.0,1.23,33.33,0.82,0.0,0.41,100.0,0.0,0.41,4.52,36.36,0,,0,,0,0.0,0.0,0.0,,,0.0,,,0.0,0.0,0.0,0.0,0,0
F. Bögi,,DAC,"LCMF, LW",24,0,,2,19,0,0.0,0,0.0,,,Slovakia,Slovakia,left,165,51,no,,,,,,,0.0,,,22.5,,0,,0,,,,0,,,0,,0,,,0.0,,,,,,,,,,,,,,,,,,,,,,,,,,,,,,,14.35,0.0,,,,,,,,,,,,,,,,,,0,,0,,0,0.0,0.0,,,,,,,,,,,0,0
Ricardo Ferreira,,DAC,GK,36,0,,6,584,0,0.0,0,0.0,0.62,100.0,Portugal,Portugal,right,187,82,no,1.23,0.0,0.0,0.46,100.0,0.0,0.0,0.0,1.23,1.67,0.0,0,0.0,0,0.0,0.15,0.0,0,0.0,0.0,0,0.0,0,0.0,0.0,0.0,0.0,0.0,0.0,0.0,0.0,0.0,0.0,0.0,0.15,100.0,0.15,100.0,0.0,0.0,0.0,10.02,0.46,0.31,16.64,76.85,11.1,66.67,0.0,0.0,5.24,97.06,9.09,98.31,7.55,51.02,35.84,49.52,0.0,0.0,0.0,0.0,0.0,0.0,0.0,2.16,42.86,0.0,0.0,0.0,0.0,0.0,0.0,6.01,66.67,11,1.7,31,4.78,0,64.52,9.74,1.5,-1.26,-0.194,0.0,0.77,0.46,,,,0.0,0,0
M. Ružinský,Gabčíkovo,Slovan Bratislava,GK,34,0,,1,94,0,0.0,0,0.0,1.91,50.0,Slovakia,Slovakia,right,195,92,no,1.91,0.96,0.0,0.0,0.0,0.0,0.0,0.0,1.91,3.75,0.96,0,0.0,0,0.0,0.0,0.0,0,0.0,0.0,0,0.0,0,0.0,0.0,0.0,0.0,0.0,0.0,0.0,0.0,0.0,0.0,0.0,0.0,0.0,0.96,100.0,0.0,0.0,0.0,3.83,0.0,0.96,13.4,85.71,7.66,75.0,0.0,0.0,5.74,100.0,11.49,100.0,1.91,0.0,25.66,47.19,0.0,0.0,0.0,0.0,0.0,0.0,0.0,0.0,0.0,0.0,0.0,0.0,0.0,0.0,0.0,0.0,0.0,3,2.87,4,3.83,0,25.0,2.58,2.47,-0.42,-0.402,0.0,0.0,0.0,,,,0.0,0,0
A. Čavrić,Kashima Antlers,Slovan Bratislava,"RW, CF, LW",32,0,,24,1177,3,1.74,0,0.56,22.1,46.37,Croatia,"Croatia, Serbia",right,186,82,no,5.58,4.51,66.1,2.91,55.26,0.15,0.23,0.15,2.45,3.66,0.92,0,0.0,0,0.0,3.21,0.23,3,0.23,0.13,0,0.0,13,0.99,38.46,23.077,0.0,2.06,37.04,0.76,50.0,1.22,25.0,0.54,5.28,37.68,11.85,35.48,2.68,1.68,0.84,17.13,1.45,2.14,23.25,76.32,5.51,62.5,5.81,88.16,6.12,73.75,20.65,81.11,0.54,42.86,16.69,8.82,0.04,0.69,0.0,0.0,0.23,33.33,0.23,2.06,77.78,2.06,55.56,0.15,0.0,0.76,0.76,3.9,70.59,0,,0,,0,0.0,0.0,0.0,,,0.08,,,0.08,0.0,0.0,0.84,0,0
Rafael Ratão,Shanghai Shenhua,Slovan Bratislava,"CF, RAMF, RW",30,0,2028-12-31,3,117,1,0.43,0,0.22,25.38,45.45,Brazil,Brazil,right,177,71,no,6.15,5.38,71.43,4.62,33.33,0.0,0.0,0.0,2.31,3.6,0.77,0,0.0,0,0.0,3.85,0.77,1,0.77,0.33,0,0.0,1,0.77,100.0,100.0,0.0,1.54,50.0,0.0,0.0,1.54,50.0,0.0,3.85,60.0,13.08,41.18,5.38,2.31,2.31,21.54,1.54,2.31,30.0,76.92,8.46,63.64,3.85,100.0,6.15,75.0,27.69,80.56,0.77,0.0,12.3,6.3,0.17,1.54,0.77,0.0,1.54,0.0,0.0,4.62,50.0,1.54,100.0,1.54,0.0,1.54,0.77,3.85,100.0,0,,0,,0,0.0,0.0,0.0,,,0.0,,,0.0,0.0,0.0,0.0,0,0
José Casado,Kuppenheim,Zemplín Michalovce,"LB, RCMF, DMF",38,0,,4,121,0,0.0,0,0.0,15.62,47.62,Spain,Spain,right,185,80,no,5.95,4.46,33.33,4.46,16.67,0.0,0.0,0.0,4.46,5.45,0.74,0,0.0,0,0.0,0.0,0.0,0,0.0,0.0,0,0.0,1,0.74,0.0,0.0,0.0,0.0,0.0,0.0,0.0,0.0,0.0,0.0,0.74,0.0,2.98,75.0,0.0,0.74,0.0,17.85,0.0,0.0,33.47,75.56,11.16,60.0,4.46,83.33,13.39,88.89,31.98,79.07,1.49,0.0,13.02,12.15,0.0,0.0,0.0,0.0,0.74,0.0,0.0,2.98,50.0,0.74,0.0,0.74,0.0,0.0,0.0,4.46,66.67,0,,0,,0,0.0,0.0,0.0,,,0.74,,,0.0,0.0,0.0,0.0,0,0
S. Šumbera,,Senica,"LAMF, LCMF, LDMF",35,0,,18,1624,3,1.71,2,1.16,21.28,47.92,Czech Republic,Czech Republic,left,179,78,no,8.31,7.76,54.29,3.05,52.73,0.5,0.54,0.22,3.6,3.92,2.0,6,0.33,0,0.0,2.11,0.17,3,0.17,0.1,0,0.0,16,0.89,37.5,18.75,0.11,1.44,19.23,1.39,16.0,0.06,100.0,0.22,2.11,55.26,6.04,43.12,0.78,0.67,0.44,18.57,0.44,1.66,33.64,65.57,16.57,56.19,3.99,83.33,8.48,75.16,25.71,74.78,6.54,39.83,19.92,35.48,0.06,0.78,0.0,0.06,0.94,35.29,0.22,6.98,51.59,2.83,27.45,1.5,18.52,0.72,0.39,8.7,63.06,0,,0,,0,0.0,0.0,0.0,,,0.17,,,0.78,0.0,0.0,1.16,0,0
E. Šuľa,Edinburgh City,Zemplín Michalovce,CB,31,0,,5,101,0,0.0,0,0.0,14.26,87.5,Slovakia,Slovakia,right,193,87,no,12.48,3.56,75.0,8.91,100.0,0.0,0.0,2.67,9.8,11.0,0.0,0,0.0,0,0.0,0.0,0.0,0,0.0,0.0,0,0.0,0,0.0,0.0,0.0,0.0,0.0,0.0,0.0,0.0,0.0,0.0,0.0,0.0,0.0,0.89,0.0,0.0,0.0,0.0,13.37,0.89,0.89,24.95,71.43,13.37,66.67,1.78,50.0,7.13,87.5,18.71,71.43,6.24,71.43,6.97,9.59,0.0,0.0,0.0,0.0,0.0,0.0,0.0,4.46,60.0,0.0,0.0,0.0,0.0,0.0,0.0,9.8,36.36,0,,0,,0,0.0,0.0,0.0,,,0.89,,,0.0,0.0,0.0,0.0,0,0
T. Egert,,Senica,"LDMF, DMF, LCMF",31,0,,10,562,0,0.09,0,0.0,22.58,59.57,Czech Republic,Czech Republic,right,192,85,no,12.97,8.17,60.78,6.89,67.44,1.44,1.53,0.48,6.57,6.99,2.08,2,0.32,1,0.16,1.28,0.0,0,0.0,0.01,0,0.0,1,0.16,100.0,0.0,0.0,0.16,0.0,0.0,0.0,0.16,0.0,0.0,1.6,60.0,4.16,38.46,0.48,0.8,0.16,12.01,0.16,0.8,24.98,70.51,11.05,56.52,3.36,85.71,6.89,83.72,20.02,79.2,4.8,36.67,20.13,36.16,0.0,0.0,0.0,0.0,0.32,50.0,0.16,4.96,32.26,0.8,40.0,0.48,33.33,0.32,0.16,5.28,54.55,0,,0,,0,0.0,0.0,0.0,,,0.8,,,0.0,0.0,0.0,0.0,0,0
N. Krstović,Atalanta,DAC,CF,26,0,2030-06-30,26,1615,8,6.83,3,2.44,30.54,36.68,Serbia,"Serbia, Montenegro",right,185,87,no,2.84,2.95,52.83,6.13,41.82,0.0,0.0,0.06,1.28,1.79,1.56,4,0.22,0,0.0,4.46,0.45,8,0.45,0.38,1,0.06,65,3.62,38.46,12.308,0.17,1.11,15.0,0.45,12.5,0.67,16.67,0.17,4.18,60.0,15.83,34.86,4.74,2.79,1.17,12.48,2.23,1.23,21.85,69.9,5.07,63.74,5.46,79.59,5.18,66.67,20.23,74.1,0.56,20.0,13.22,11.25,0.14,1.28,0.06,0.0,1.0,38.89,0.5,2.06,67.57,2.67,56.25,0.67,33.33,1.23,0.22,2.51,68.89,0,,0,,0,0.0,0.0,0.0,,,0.0,,,0.0,0.0,0.0,0.0,0,0
P. Hezoucky,,Senica,RAMF,26,0,,2,97,0,0.0,0,0.0,31.55,35.29,Czech Republic,Czech Republic,right,173,64,no,7.42,10.21,45.45,7.42,25.0,0.0,0.0,0.0,2.78,3.0,3.71,0,0.0,0,0.0,2.78,0.0,0,0.0,0.0,0,0.0,0,0.0,0.0,0.0,0.0,0.0,0.0,0.0,0.0,0.0,0.0,0.0,5.57,50.0,10.21,36.36,0.0,0.93,0.93,10.21,2.78,0.93,12.99,64.29,5.57,33.33,5.57,100.0,0.93,0.0,11.13,75.0,1.86,0.0,15.09,37.39,0.0,0.0,0.0,0.0,0.0,0.0,0.0,0.93,0.0,0.0,0.0,0.0,0.0,0.0,0.0,0.93,0.0,0,,0,,0,0.0,0.0,0.0,,,0.0,,,0.0,0.0,0.0,0.0,0,0
C. Goslin,,Senica,"RDMF, RCMF",26,0,,6,466,0,0.02,0,0.0,18.15,44.68,Jamaica,"Jamaica, United States",right,172,70,no,8.88,6.18,53.13,0.39,50.0,1.35,1.37,1.35,4.25,4.31,0.77,0,0.0,0,0.0,2.12,0.0,0,0.0,0.0,0,0.0,1,0.19,0.0,0.0,0.0,0.39,0.0,0.19,0.0,0.19,0.0,0.0,3.28,64.71,7.73,50.0,0.0,1.16,0.39,16.03,0.0,0.58,29.94,87.1,9.46,75.51,3.48,100.0,12.17,92.06,26.85,89.93,2.7,71.43,19.12,40.55,0.0,0.0,0.0,0.0,0.0,0.0,0.0,5.02,84.62,0.97,60.0,0.39,0.0,0.39,0.0,5.21,88.89,0,,0,,0,0.0,0.0,0.0,,,0.0,,,0.58,0.0,0.0,0.0,0,0
L. Kučera,Senica,Senica,RB,26,0,,14,668,0,0.0,0,0.34,17.38,48.84,Slovakia,Slovakia,right,175,71,no,11.18,8.76,50.77,3.64,55.56,0.4,0.49,0.27,6.33,7.62,1.48,4,0.54,0,0.0,1.21,0.0,0,0.0,0.0,0,0.0,0,0.0,0.0,0.0,0.0,1.48,27.27,0.0,0.0,1.48,27.27,0.13,1.48,54.55,2.96,45.45,0.27,0.4,0.27,19.67,0.67,0.81,32.74,59.67,20.07,53.69,2.83,90.48,4.72,65.71,24.25,69.44,7.01,32.69,21.48,28.87,0.05,0.4,0.0,0.0,0.13,0.0,0.13,7.14,47.17,2.56,26.32,0.54,0.0,0.4,0.54,11.18,56.63,0,,0,,0,0.0,0.0,0.0,,,0.4,,,0.0,0.0,0.0,0.0,0,0
D. Gáč,,Senica,"LCB, RCB",28,0,,18,1603,0,0.67,0,0.0,14.49,62.4,Czech Republic,Czech Republic,right,192,80,no,10.72,6.63,63.56,5.05,63.33,0.34,0.36,0.84,6.18,6.68,1.29,3,0.17,1,0.06,0.22,0.0,0,0.0,0.04,0,0.0,5,0.28,20.0,0.0,0.0,0.0,0.0,0.0,0.0,0.0,0.0,0.0,0.22,75.0,0.67,66.67,0.39,0.28,0.0,11.57,0.34,0.28,23.75,78.25,12.86,67.69,1.46,92.31,8.14,92.41,17.01,87.13,6.74,55.83,24.2,37.41,0.0,0.0,0.0,0.0,0.0,0.0,0.0,4.15,51.35,0.11,0.0,0.22,25.0,0.06,0.0,5.73,66.67,0,,0,,0,0.0,0.0,0.0,,,1.01,,,0.0,0.0,0.0,0.0,0,0
M. Boledovič,Šamorín,Spartak Trnava,LB,23,0,,1,3,0,0.0,0,0.0,,,Slovakia,Slovakia,right,175,67,no,,,,,,,0.0,,,30.0,,0,,0,,,,0,,,0,,0,,,0.0,,,,,,,,,,,,,,,,,,,,,,,,,,,,,,,0.0,0.0,,,,,,,,,,,,,,,,,,0,,0,,0,0.0,0.0,,,,,,,,,,,0,0
F. Skrtel,Banik Lehota pod Vtacnikom,Pohronie,"RWF, CF",23,0,,2,12,0,0.0,0,0.0,,,Slovakia,Slovakia,,187,0,no,,,,,,,0.0,,,0.0,,0,,0,,,,0,,,0,,0,,,0.0,,,,,,,,,,,,,,,,,,,,,,,,,,,,,,,24.89,0.0,,,,,,,,,,,,,,,,,,0,,0,,0,0.0,0.0,,,,,,,,,,,0,0
A. Kačerík,Chojniczanka Chojnice,Tatran Liptovský Mikuláš,"LW, LWF, LAMF",28,0,,27,1070,1,1.42,0,0.87,27.42,39.57,Slovakia,Slovakia,right,0,0,no,6.98,7.23,61.63,3.03,22.22,0.42,0.48,0.08,2.1,2.4,0.84,2,0.17,0,0.0,4.04,0.08,1,0.08,0.12,0,0.0,26,2.19,26.92,3.846,0.0,3.7,29.55,2.44,41.38,1.26,6.67,0.59,5.21,45.16,12.11,33.33,1.85,1.68,1.6,12.03,1.51,1.51,19.77,66.81,5.38,62.5,4.79,87.72,5.21,48.39,14.8,76.7,1.35,56.25,18.74,14.54,0.07,0.76,0.0,0.0,0.0,0.0,0.17,1.68,70.0,2.44,37.93,0.0,0.0,0.17,0.93,3.87,60.87,0,,0,,0,0.0,0.0,0.0,,,0.17,,,0.08,0.0,0.0,0.42,0,0
D. Šnajder,Stará Ľubovňa,Žilina,LCMF,22,0,,1,48,0,0.02,0,0.04,20.63,54.55,Slovakia,Slovakia,right,169,64,no,5.63,11.25,50.0,0.0,0.0,0.0,0.0,0.0,0.0,0.0,5.63,0,0.0,0,0.0,1.88,0.0,0,0.0,0.05,0,0.0,1,1.88,100.0,0.0,0.0,0.0,0.0,0.0,0.0,0.0,0.0,0.0,0.0,0.0,7.5,75.0,1.88,0.0,0.0,11.25,1.88,1.88,15.0,87.5,3.75,50.0,3.75,100.0,1.88,100.0,15.0,87.5,0.0,0.0,9.5,0.0,0.08,1.88,0.0,0.0,0.0,0.0,0.0,0.0,0.0,0.0,0.0,0.0,0.0,0.0,0.0,0.0,0.0,0,,0,,0,0.0,0.0,0.0,,,0.0,,,0.0,0.0,0.0,0.0,0,0
R. Nagy,Podbeskidzie Bielsko-Biała,Tatran Liptovský Mikuláš,LCB,25,0,,9,847,1,0.41,0,0.01,16.58,73.08,Slovakia,Slovakia,left,189,79,no,10.09,7.33,82.61,5.84,69.09,0.21,0.29,0.64,3.83,5.22,0.85,2,0.21,0,0.0,0.85,0.11,1,0.11,0.04,1,0.11,3,0.32,66.67,33.333,0.0,0.0,0.0,0.0,0.0,0.0,0.0,0.0,0.74,85.71,0.96,77.78,0.53,0.32,0.0,21.57,0.0,0.11,36.45,81.34,17.85,68.45,2.66,100.0,14.13,95.49,28.16,92.45,8.29,43.59,25.35,40.89,0.0,0.11,0.0,0.0,0.0,0.0,0.0,6.59,48.39,0.85,37.5,0.64,50.0,0.43,0.0,7.44,74.29,0,,0,,0,0.0,0.0,0.0,,,2.44,,,0.0,0.0,0.0,0.0,0,0
S. Kokovas,Phönix Lübeck,Pohronie,LB,25,0,2028-06-30,11,795,0,0.04,0,0.12,18.45,59.51,Greece,Greece,left,186,78,no,15.17,9.74,68.6,3.17,64.29,0.45,0.56,0.23,8.04,9.91,0.79,1,0.11,0,0.0,1.13,0.0,0,0.0,0.0,0,0.0,5,0.57,0.0,0.0,0.0,1.92,35.29,1.92,35.29,0.0,0.0,0.34,1.36,33.33,2.83,24.0,0.23,0.34,0.34,16.98,0.57,1.02,28.75,64.96,14.26,51.59,2.83,100.0,8.94,70.89,18.45,83.44,8.6,31.58,24.58,40.84,0.01,0.23,0.0,0.0,0.0,0.0,0.11,6.68,44.07,1.92,29.41,0.57,40.0,0.23,0.57,6.68,62.71,0,,0,,0,0.0,0.0,0.0,,,0.45,,,0.34,0.11,0.0,0.68,0,0
M. Jedlička,Baník Ostrava,DAC,GK,28,0,2029-06-30,19,1826,0,0.0,0,0.0,0.39,100.0,Czech Republic,Czech Republic,right,187,83,no,1.58,0.05,100.0,0.3,100.0,0.0,0.0,0.0,1.53,2.27,0.0,0,0.0,0,0.0,0.0,0.0,0,0.0,0.0,0,0.0,0,0.0,0.0,0.0,0.0,0.0,0.0,0.0,0.0,0.0,0.0,0.0,0.0,0.0,0.0,0.0,0.05,0.0,0.0,11.09,0.1,0.0,18.73,88.95,8.82,78.77,0.0,0.0,9.36,97.89,13.26,98.51,5.42,66.36,31.11,50.49,0.0,0.0,0.0,0.0,0.0,0.0,0.0,1.38,50.0,0.15,33.33,0.0,0.0,0.0,0.0,3.89,83.54,19,0.94,80,3.94,8,76.25,20.53,1.01,1.53,0.075,0.0,0.79,0.3,,,,0.0,0,0
S. Kóša,FC Košice,Spartak Trnava,"LCB, RCB",22,0,2028-06-30,19,1374,0,0.13,0,0.48,14.61,59.64,Slovakia,Slovakia,right,190,82,yes,9.56,7.47,66.67,3.41,59.62,0.39,0.53,0.2,4.19,5.63,0.85,2,0.13,0,0.0,0.46,0.0,0,0.0,0.01,0,0.0,4,0.26,25.0,0.0,0.0,0.13,50.0,0.0,0.0,0.13,50.0,0.0,0.33,100.0,1.77,55.56,0.66,0.72,0.07,29.08,0.46,0.33,43.95,83.61,15.85,69.83,2.36,91.67,23.52,91.92,36.81,91.28,7.01,43.93,23.16,37.57,0.03,0.2,0.0,0.0,0.0,0.0,0.13,6.62,57.43,0.52,37.5,0.52,25.0,0.26,0.07,7.99,66.39,0,,0,,0,0.0,0.0,0.0,,,1.7,,,0.0,0.0,0.0,0.0,0,0
F. Twardzik,,Spartak Trnava,"LCB, LB",33,0,,13,1227,3,3.12,0,0.44,19.44,62.64,Czech Republic,Czech Republic,left,186,85,no,12.03,7.11,69.07,6.01,70.73,0.81,1.05,0.44,6.31,8.22,0.73,2,0.15,0,0.0,1.91,0.22,0,0.0,0.23,0,0.0,17,1.25,41.18,17.647,0.0,1.1,33.33,0.95,23.08,0.15,100.0,0.0,1.69,60.87,3.45,46.81,0.44,1.98,0.51,29.85,0.29,0.88,45.77,78.04,19.8,67.41,1.83,84.0,20.46,88.89,34.69,87.1,10.12,51.45,26.06,44.22,0.03,0.37,0.0,0.0,0.44,0.0,0.15,11.3,61.04,2.2,36.67,0.88,25.0,0.59,0.29,12.69,73.41,0,,0,,0,0.0,0.0,0.0,,,0.73,,,0.22,0.15,0.0,0.51,3,100
D. Takáč,Slovan Bratislava,Spartak Trnava,GK,27,0,2027-06-30,28,2659,0,0.04,0,0.0,0.68,85.0,Slovakia,Slovakia,left,195,90,no,0.98,0.03,100.0,0.37,90.91,0.03,0.05,0.0,0.91,1.23,0.0,0,0.0,0,0.0,0.0,0.0,0,0.0,0.0,0,0.0,1,0.03,0.0,0.0,0.0,0.0,0.0,0.0,0.0,0.0,0.0,0.0,0.0,0.0,0.14,75.0,0.03,0.03,0.0,8.19,0.17,0.17,16.25,79.79,9.71,68.64,0.03,100.0,5.86,97.69,10.02,97.97,6.16,51.1,36.76,56.74,0.0,0.0,0.03,0.0,0.0,0.0,0.0,3.28,47.42,0.14,0.0,0.14,75.0,0.0,0.0,4.4,75.38,13,0.44,74,2.5,18,82.43,18.86,0.64,5.86,0.198,0.03,0.98,0.37,,,,0.0,0,0
J. Kiwior,Porto,Žilina,"LCB, CB",26,0,2030-06-30,3,201,1,0.1,0,0.04,18.81,59.52,Poland,Poland,left,189,75,no,8.96,6.27,50.0,6.72,46.67,0.45,0.86,1.79,5.37,10.29,1.34,1,0.45,0,0.0,0.9,0.45,1,0.45,0.05,1,0.45,1,0.45,100.0,100.0,0.0,0.45,100.0,0.45,100.0,0.0,0.0,0.45,0.0,0.0,0.45,100.0,0.9,0.9,0.9,55.97,0.45,0.9,72.54,91.36,28.66,79.69,4.93,100.0,37.61,98.81,64.03,97.2,8.06,44.44,20.01,35.65,0.02,0.45,0.0,0.0,0.0,0.0,0.0,9.4,61.9,1.79,50.0,0.45,0.0,0.9,0.45,10.75,83.33,0,,0,,0,0.0,0.0,0.0,,,3.13,,,0.0,0.0,0.0,0.0,0,0
P. Volanakis,Zemplín Michalovce,Zemplín Michalovce,LCB,23,0,2028-06-30,3,287,1,0.22,0,0.21,19.13,54.1,Greece,Greece,left,189,79,no,10.66,10.66,58.82,3.14,50.0,0.0,0.0,0.31,4.39,5.12,2.2,1,0.31,0,0.0,0.63,0.31,1,0.31,0.07,1,0.31,2,0.63,50.0,50.0,0.0,0.31,0.0,0.31,0.0,0.0,0.0,0.0,0.63,50.0,1.25,25.0,0.31,0.63,0.63,26.97,1.25,0.0,42.33,75.56,22.89,64.38,2.82,100.0,13.48,90.7,33.24,79.25,8.78,64.29,25.77,45.55,0.06,0.63,0.0,0.0,0.31,0.0,0.31,10.03,56.25,1.25,50.0,0.94,66.67,0.31,0.0,15.37,69.39,0,,0,,0,0.0,0.0,0.0,,,2.2,,,0.0,0.0,0.0,0.0,0,0
V. Dotis,Episkopi,Zemplín Michalovce,"AMF, RCMF, LW",24,0,2027-06-30,11,242,0,0.14,0,0.01,21.52,30.91,Greece,Greece,left,175,0,no,6.26,6.65,41.18,1.57,0.0,0.0,0.0,0.0,3.52,6.0,2.35,2,0.74,0,0.0,1.17,0.0,0,0.0,0.06,0,0.0,4,1.57,0.0,0.0,0.0,0.78,0.0,0.39,0.0,0.39,0.0,0.0,3.13,37.5,9.78,32.0,2.74,0.78,0.39,24.26,0.78,1.17,32.48,83.13,7.83,70.0,6.65,94.12,10.17,92.31,30.52,87.18,1.17,33.33,11.41,8.8,0.0,0.78,0.0,0.0,0.0,0.0,0.39,1.96,60.0,1.17,66.67,0.0,0.0,0.78,0.0,3.13,62.5,0,,0,,0,0.0,0.0,0.0,,,0.0,,,0.0,0.0,0.0,0.39,0,0
Brian Peña,FK Auda,Zemplín Michalovce,"LCMF, AMF, LAMF",24,0,2027-06-30,13,423,1,1.29,0,0.08,31.7,44.97,Spain,Spain,right,0,0,no,11.49,11.06,63.46,0.43,0.0,2.55,4.19,0.0,1.91,3.14,1.49,1,0.21,0,0.0,4.89,0.21,1,0.21,0.27,0,0.0,11,2.34,18.18,9.091,0.0,1.06,20.0,0.64,33.33,0.43,0.0,0.21,8.3,51.28,17.45,40.24,2.98,2.13,1.06,26.17,0.21,1.91,38.72,86.26,7.23,70.59,13.19,93.55,11.28,88.68,35.53,91.02,2.13,40.0,17.27,20.8,0.02,0.43,0.0,0.0,0.21,0.0,0.0,3.62,58.82,1.91,33.33,0.64,0.0,0.85,0.43,3.19,80.0,0,,0,,0,0.0,0.0,0.0,,,0.0,,,0.0,0.0,0.0,0.0,0,0
T. Hučko,Slovan Duslo Šaľa,Sereď,"LCB, LB, LCMF",40,0,,11,612,0,0.25,0,0.11,15.44,45.71,Slovakia,Slovakia,left,182,78,no,10.74,6.91,55.32,4.41,40.0,0.74,0.89,0.29,6.18,7.5,1.32,2,0.29,0,0.0,0.88,0.0,0,0.0,0.04,0,0.0,4,0.59,50.0,0.0,0.0,1.03,28.57,0.88,16.67,0.15,100.0,0.15,0.74,20.0,1.47,40.0,0.74,0.44,0.15,16.03,1.03,0.44,29.56,76.12,13.82,71.28,2.5,88.24,8.97,75.41,22.79,83.23,5.88,55.0,22.21,33.55,0.02,0.59,0.0,0.0,0.15,100.0,0.29,5.74,64.1,1.32,55.56,0.15,100.0,0.15,0.29,7.65,71.15,0,,0,,0,0.0,0.0,0.0,,,0.88,,,0.0,0.0,0.0,0.0,0,0
M. Popović,,Sereď,"RB, LB, RW",33,0,,29,1636,0,0.44,0,0.83,18.15,54.24,Serbia,Serbia,right,180,77,no,9.35,7.32,60.15,2.37,48.84,0.44,0.56,0.11,4.51,5.79,1.76,4,0.22,0,0.0,2.53,0.0,0,0.0,0.02,0,0.0,13,0.72,15.38,0.0,0.0,3.14,35.09,1.16,33.33,1.98,36.11,0.11,1.82,63.64,5.06,50.0,1.1,0.72,0.06,18.48,1.71,1.82,29.98,67.71,13.15,58.58,3.91,91.55,7.98,74.48,21.78,76.77,5.17,48.94,18.98,25.71,0.05,0.61,0.06,0.0,0.28,60.0,0.17,5.12,55.91,2.59,44.68,0.33,50.0,0.55,0.99,8.58,69.87,0,,0,,0,0.0,0.0,0.0,,,0.44,,,0.06,0.0,0.0,0.0,0,0
Alfonso Artabe,,Zemplín Michalovce,RCB,38,0,,22,1576,1,1.17,2,0.2,17.79,64.8,Spain,Spain,right,188,80,no,12.0,7.31,64.8,5.91,71.29,0.53,0.69,0.7,6.73,8.76,1.76,6,0.34,0,0.0,0.88,0.06,1,0.06,0.07,1,0.06,13,0.76,38.46,7.692,0.12,0.7,50.0,0.0,0.0,0.64,45.45,0.06,0.47,50.0,1.52,53.85,1.11,0.7,0.12,22.24,0.41,0.99,36.75,76.59,19.95,67.45,2.05,97.14,12.46,87.79,28.32,85.54,7.78,45.86,22.18,31.91,0.01,0.23,0.0,0.0,0.0,0.0,0.18,8.66,53.38,1.35,26.09,0.82,28.57,0.29,0.29,9.48,73.46,0,,0,,0,0.0,0.0,0.0,,,1.35,,,0.18,0.18,33.33,0.06,0,0
D. Popovic,Kavala,Zemplín Michalovce,"RW, CF, LW",31,0,2027-06-30,26,1184,1,1.68,1,0.8,25.06,44.37,Greece,"Greece, Serbia",left,168,69,no,6.53,4.51,62.5,2.26,25.0,0.81,1.12,0.08,2.9,4.03,0.73,0,0.0,0,0.0,6.37,0.08,1,0.08,0.14,0,0.0,23,1.85,21.74,4.348,0.08,3.46,32.56,2.18,18.52,1.29,56.25,0.89,8.06,52.0,14.26,45.76,2.42,2.18,1.85,19.82,1.61,1.61,31.02,65.45,12.01,61.07,5.56,81.16,7.49,62.37,25.14,72.12,2.5,41.94,16.63,17.46,0.06,0.56,0.0,0.08,1.29,50.0,0.24,5.08,60.32,5.72,40.85,1.37,17.65,1.37,1.29,7.09,73.86,0,,0,,0,0.0,0.0,0.0,,,0.24,,,0.0,0.0,0.0,0.56,0,0
R. Haša,Start Brno,Sereď,"CF, AMF",33,0,,31,2461,4,7.5,2,1.62,24.25,46.0,Czech Republic,Czech Republic,right,179,80,no,4.35,2.38,55.38,10.17,47.84,0.07,0.09,0.15,2.96,3.54,1.1,8,0.29,0,0.0,2.3,0.15,4,0.15,0.27,0,0.0,76,2.78,38.16,5.263,0.07,1.06,27.59,0.26,28.57,0.77,28.57,0.11,0.84,56.52,6.66,40.66,3.07,0.44,0.26,18.65,2.67,2.74,27.43,68.67,9.87,51.48,5.45,86.58,7.24,71.21,22.6,75.24,3.88,40.57,18.76,32.71,0.06,0.88,0.11,0.0,1.13,41.94,0.44,5.78,50.63,2.71,36.49,1.54,45.24,0.99,0.33,4.46,67.21,0,,0,,0,0.0,0.0,0.0,,,0.07,,,0.04,0.04,0.0,0.0,0,0
M. Košťál,,Sereď,"LAMF, LW, RW",30,0,,10,516,0,0.96,0,0.31,21.8,38.4,Slovakia,Slovakia,right,179,65,no,7.67,8.02,52.17,0.7,25.0,0.0,0.0,0.0,3.49,3.8,1.22,1,0.17,0,0.0,2.97,0.0,0,0.0,0.17,0,0.0,11,1.92,36.36,0.0,0.0,1.57,44.44,0.87,60.0,0.7,25.0,0.17,4.36,36.0,10.81,30.65,2.97,1.57,0.52,14.48,1.92,1.57,21.98,77.78,6.45,64.86,5.58,90.63,5.23,76.67,18.66,83.18,2.09,50.0,15.26,28.87,0.05,0.35,0.0,0.0,0.7,0.0,0.35,2.44,50.0,1.74,40.0,0.7,25.0,0.52,0.7,3.31,52.63,0,,0,,0,0.0,0.0,0.0,,,0.17,,,0.17,0.0,0.0,0.17,0,0
D. Radić,HK,Sereď,CF,30,0,2028-12-31,27,1090,5,5.71,0,0.48,27.17,32.22,Germany,"Germany, Croatia",right,188,83,no,5.45,3.96,64.58,8.42,36.27,0.17,0.21,0.17,2.72,3.45,1.49,1,0.08,0,0.0,1.57,0.41,5,0.41,0.47,2,0.17,31,2.56,35.48,16.129,0.0,0.58,42.86,0.08,100.0,0.5,33.33,0.17,1.57,26.32,9.91,22.5,5.04,0.33,0.33,9.74,1.49,1.07,16.6,72.14,2.97,63.89,4.29,82.69,4.29,73.08,15.61,72.49,0.41,100.0,14.7,4.73,0.04,0.58,0.0,0.0,0.0,0.0,0.17,1.24,66.67,0.83,60.0,0.0,0.0,0.66,0.25,1.65,55.0,0,,0,,0,0.0,0.0,0.0,,,0.0,,,0.0,0.0,0.0,0.0,0,0
W. Kanu,,Zemplín Michalovce,"CF, LCMF, AMF",32,0,,29,2082,4,3.17,1,2.43,22.54,41.24,Nigeria,Nigeria,right,175,65,no,7.19,5.75,64.06,2.74,18.03,0.09,0.12,0.04,3.41,4.38,1.3,1,0.04,0,0.0,3.68,0.17,4,0.18,0.14,0,0.0,35,1.57,37.14,11.429,0.04,0.99,36.36,0.27,33.33,0.72,37.5,0.09,4.58,51.96,9.79,37.61,2.74,1.21,0.27,25.42,1.89,0.67,37.28,78.92,10.28,61.14,7.32,90.18,11.9,86.79,34.31,81.81,2.11,51.06,16.84,25.32,0.11,1.17,0.04,0.04,0.72,50.0,0.49,4.76,63.21,2.29,41.18,0.67,40.0,1.53,0.36,5.88,72.52,0,,0,,0,0.0,0.0,0.0,,,0.36,,,0.18,0.0,0.0,0.27,0,0
M. Mihál,Euratsfeld,Senica,"LCB, RCB",25,0,,12,1122,0,0.53,1,0.03,16.52,64.08,Slovakia,Slovakia,right,194,77,no,13.8,6.34,78.48,4.97,61.29,0.64,0.72,1.12,8.18,9.22,0.48,2,0.16,0,0.0,0.72,0.0,0,0.0,0.04,0,0.0,5,0.4,40.0,0.0,0.08,0.08,100.0,0.0,0.0,0.08,100.0,0.0,0.56,85.71,2.01,48.0,0.48,0.24,0.0,16.68,0.0,0.72,31.28,78.21,14.28,64.04,2.17,92.59,12.11,92.72,27.11,83.14,4.09,45.1,21.79,38.68,0.0,0.08,0.08,0.0,0.0,0.0,0.08,2.89,58.33,0.16,50.0,0.08,0.0,0.0,0.08,7.86,47.96,0,,0,,0,0.0,0.0,0.0,,,1.28,,,0.0,0.0,0.0,0.0,0,0
D. Duda,,Senica,"LDMF, AMF, LCMF",31,0,,23,1187,0,0.33,0,1.15,27.3,42.5,Czech Republic,Czech Republic,right,175,78,no,8.26,8.04,53.77,3.26,51.16,0.0,0.0,0.08,3.94,4.03,1.14,2,0.15,0,0.0,1.21,0.0,0,0.0,0.03,0,0.0,8,0.61,12.5,0.0,0.0,0.91,16.67,0.53,14.29,0.38,20.0,0.23,2.43,40.63,11.68,33.77,0.45,0.53,0.15,12.74,0.53,1.82,27.52,70.52,10.69,65.96,4.93,81.54,7.2,67.37,24.26,76.88,2.35,25.81,15.94,19.75,0.09,0.53,0.0,0.0,0.08,0.0,0.15,3.87,64.71,1.67,54.55,0.3,0.0,0.53,0.23,5.38,54.93,0,,0,,0,0.0,0.0,0.0,,,0.23,,,0.45,0.08,0.0,1.29,0,0
A. Ouattara,Vancouver FC,Senica,"LDMF, RDMF, AMF",21,0,,6,265,0,0.02,0,0.0,33.62,44.44,France,"France, Côte d'Ivoire",right,180,72,no,11.55,12.91,55.26,4.42,30.77,0.34,0.48,1.02,4.08,5.71,1.7,0,0.0,0,0.0,2.38,0.0,0,0.0,0.01,0,0.0,1,0.34,0.0,0.0,0.0,0.0,0.0,0.0,0.0,0.0,0.0,0.0,4.75,42.86,11.21,33.33,0.0,0.34,0.0,27.17,0.0,2.38,38.04,88.39,12.91,78.95,6.45,100.0,13.25,89.74,36.68,88.89,1.36,75.0,17.4,20.54,0.0,0.0,0.0,0.0,0.68,50.0,0.0,3.4,70.0,0.34,0.0,0.68,50.0,0.34,0.0,2.38,85.71,0,,0,,0,0.0,0.0,0.0,,,0.68,,,0.0,0.0,0.0,0.0,0,0
M. Totka,Šamorín,Senica,"RDMF, RB, LB",25,0,,11,914,0,0.07,0,0.01,18.91,51.04,Slovakia,Slovakia,right,173,64,no,12.21,10.93,58.56,1.67,52.94,1.28,1.5,0.49,4.53,5.31,1.87,4,0.39,0,0.0,0.79,0.0,0,0.0,0.01,0,0.0,2,0.2,0.0,0.0,0.0,0.2,0.0,0.0,0.0,0.2,0.0,0.0,1.38,57.14,3.94,40.0,0.3,0.39,0.1,26.09,0.69,0.89,39.39,80.25,16.35,67.47,5.32,90.74,11.91,90.91,34.86,84.75,4.33,47.73,18.19,33.46,0.0,0.1,0.0,0.0,0.1,0.0,0.0,5.81,67.8,0.59,33.33,0.49,0.0,0.39,0.0,8.17,55.42,0,,0,,0,0.0,0.0,0.0,,,0.39,,,0.1,0.0,0.0,0.1,0,0
V. Svoboda,Jiskra Domažlice,Senica,"RB, LB",26,0,,18,1199,2,0.74,0,0.0,15.91,54.72,Czech Republic,Czech Republic,right,178,77,no,11.33,8.18,53.21,3.53,65.96,0.3,0.33,0.15,6.68,7.42,0.9,2,0.15,0,0.0,0.83,0.15,2,0.15,0.06,0,0.0,4,0.3,50.0,50.0,0.0,0.75,30.0,0.45,33.33,0.3,25.0,0.23,0.75,60.0,2.1,42.86,0.38,0.53,0.3,16.81,0.83,0.3,25.37,63.31,16.06,58.88,1.95,80.77,4.8,64.06,17.19,74.24,7.58,41.58,20.75,30.17,0.0,0.0,0.0,0.0,0.0,0.0,0.0,6.31,53.57,1.2,25.0,0.15,0.0,0.08,0.23,8.41,62.5,0,,0,,0,0.0,0.0,0.0,,,0.15,,,0.0,0.0,0.0,0.0,0,0
J. Piroska,Inter Bratislava,Senica,"AMF, LCMF, LDMF",39,0,,11,867,1,1.81,1,2.24,13.91,51.49,Slovakia,Slovakia,right,179,77,no,6.54,4.57,61.36,0.73,42.86,0.42,0.51,0.21,3.32,4.09,1.14,2,0.21,1,0.1,2.28,0.1,0,0.0,0.19,0,0.0,14,1.45,28.57,7.143,0.1,1.45,35.71,0.83,50.0,0.62,16.67,0.21,1.25,50.0,4.57,40.91,1.04,0.62,0.0,29.48,0.1,0.83,49.62,74.06,19.83,59.69,8.93,94.19,9.65,79.57,40.59,81.84,7.68,40.54,17.93,34.91,0.23,1.76,0.31,0.0,1.66,43.75,0.1,10.48,52.48,4.05,48.72,2.6,40.0,1.87,0.31,9.97,72.92,0,,0,,0,0.0,0.0,0.0,,,0.0,,,2.18,0.42,25.0,2.28,1,100
P. Pavlík,,Senica,"RCB, LCB",39,0,,26,2441,2,0.41,1,0.15,12.43,62.31,Czech Republic,Czech Republic,right,189,83,no,12.17,3.98,66.67,4.61,60.0,0.33,0.38,0.77,9.18,10.63,0.55,2,0.07,0,0.0,0.41,0.07,2,0.07,0.01,1,0.04,5,0.18,40.0,40.0,0.04,0.29,12.5,0.04,0.0,0.26,14.29,0.0,0.37,70.0,1.11,60.0,0.41,0.26,0.11,14.75,0.11,0.7,29.5,73.75,15.49,62.86,1.36,89.19,10.95,86.53,21.61,84.64,7.6,45.15,25.3,39.22,0.01,0.04,0.0,0.0,0.07,50.0,0.04,4.98,42.96,0.63,5.88,0.22,16.67,0.04,0.07,7.04,57.59,0,,0,,0,0.0,0.0,0.0,,,1.03,,,0.0,0.0,0.0,0.0,0,0
M. Jurdík,Vorwärts Steyr,Senica,"AMF, CF",34,0,2027-06-30,20,1081,5,3.06,2,0.72,21.98,33.33,Czech Republic,"Czech Republic, Slovakia",right,186,73,no,5.83,6.83,45.12,4.83,25.86,0.25,0.29,0.17,2.5,2.89,2.41,2,0.17,0,0.0,1.75,0.42,5,0.42,0.25,0,0.0,21,1.75,33.33,23.81,0.17,0.83,20.0,0.17,0.0,0.67,25.0,0.08,1.75,42.86,5.25,28.57,2.66,0.5,0.25,15.32,1.33,1.17,25.64,71.1,8.08,59.79,6.16,90.54,5.49,74.24,23.15,75.18,1.67,40.0,16.62,15.75,0.06,0.58,0.17,0.0,0.25,100.0,0.42,4.08,53.06,1.08,38.46,0.42,60.0,0.42,0.25,3.33,67.5,0,,0,,0,0.0,0.0,0.0,,,0.0,,,0.17,0.17,50.0,0.0,0,0
D. Mašulovič,,Senica,"LCB, RCMF, LDMF",28,0,,22,952,0,0.07,1,0.43,17.68,50.8,Slovakia,Slovakia,left,182,71,no,11.16,6.71,61.97,3.78,55.0,1.32,1.46,0.57,5.67,6.25,0.76,4,0.38,0,0.0,0.76,0.0,0,0.0,0.01,0,0.0,2,0.19,0.0,0.0,0.09,0.38,0.0,0.28,0.0,0.09,0.0,0.0,1.32,50.0,4.25,42.22,0.0,0.38,0.09,14.37,0.19,1.32,29.68,78.66,11.34,64.17,3.31,97.14,9.74,86.41,25.43,85.87,3.88,39.02,16.29,18.5,0.04,0.47,0.0,0.0,0.09,100.0,0.0,3.69,66.67,0.57,0.0,0.09,0.0,0.0,0.09,5.96,42.86,0,,0,,0,0.0,0.0,0.0,,,0.66,,,0.76,0.0,0.0,0.85,0,0
M. Kolesár,,Zemplín Michalovce,"LB, RDMF",28,0,,2,4,0,0.0,0,0.0,,,Slovakia,Slovakia,right,185,72,no,,,,,,,0.0,,,0.0,,0,,0,,,,0,,,0,,0,,,0.0,,,,,,,,,,,,,,,,,,,,,,,,,,,,,,,4.59,0.0,,,,,,,,,,,,,,,,,,0,,0,,0,0.0,0.0,,,,,,,,,,,0,0
S. Gembický,Rimavská Sobota,Zemplín Michalovce,"CF, LWF",25,0,,9,143,0,0.17,0,0.0,25.8,36.59,Slovakia,Slovakia,right,174,70,no,3.78,5.66,44.44,3.78,16.67,0.0,0.0,0.0,1.26,1.88,0.0,0,0.0,0,0.0,2.52,0.0,0,0.0,0.11,0,0.0,2,1.26,50.0,0.0,0.0,1.89,0.0,1.26,0.0,0.63,0.0,0.0,4.41,42.86,11.96,31.58,3.15,0.63,0.0,12.59,0.63,3.15,18.88,73.33,1.89,66.67,2.52,100.0,6.92,81.82,16.99,81.48,0.0,0.0,9.31,0.0,0.0,0.0,0.0,0.0,0.0,0.0,0.0,1.26,50.0,1.89,0.0,0.0,0.0,0.63,0.0,1.26,0.0,0,,0,,0,0.0,0.0,0.0,,,0.0,,,0.63,0.0,0.0,1.89,0,0
C. Mayounga,,Senica,"LCB, LDMF",25,0,,7,347,0,0.0,0,0.0,9.6,59.46,France,"France, Central African Republic",left,188,80,no,8.56,4.15,62.5,1.56,66.67,0.52,0.68,0.0,5.45,7.16,0.78,0,0.0,0,0.0,1.04,0.0,0,0.0,0.0,0,0.0,0,0.0,0.0,0.0,0.0,0.26,0.0,0.0,0.0,0.26,0.0,0.0,1.82,57.14,2.85,36.36,0.0,1.04,0.26,28.79,0.0,0.52,43.31,85.03,21.79,78.57,3.63,100.0,14.52,91.07,38.39,90.54,4.93,42.11,18.41,28.03,0.0,0.0,0.0,0.0,0.0,0.0,0.0,7.0,70.37,1.04,25.0,1.3,40.0,0.26,0.26,10.63,65.85,0,,0,,0,0.0,0.0,0.0,,,2.07,,,0.0,0.0,0.0,0.0,0,0
R. Owusu,Riga Mariners,Žilina,"LB, LWB",23,0,,13,776,0,0.13,0,0.63,19.37,49.1,Ghana,Ghana,left,183,74,no,10.67,8.23,56.34,1.74,46.67,0.35,0.46,0.12,5.68,7.58,0.81,1,0.12,0,0.0,3.48,0.0,0,0.0,0.01,0,0.0,3,0.35,33.33,0.0,0.0,3.94,32.35,3.94,32.35,0.0,0.0,0.46,3.94,47.06,6.26,48.15,0.58,1.62,1.51,28.07,1.62,0.7,41.98,77.35,16.01,62.32,8.23,95.77,12.53,81.48,34.21,87.12,4.18,38.89,20.9,37.95,0.07,0.7,0.0,0.0,0.35,66.67,0.46,6.73,51.72,3.6,41.94,0.58,80.0,0.81,1.16,7.42,75.0,0,,0,,0,0.0,0.0,0.0,,,1.39,,,0.12,0.0,0.0,0.0,0,0
S. Kopásek,Lechia Gdańsk,Žilina,"RB, RWB, LB",23,0,2030-06-30,4,318,0,0.02,0,0.02,19.81,44.29,Slovakia,Slovakia,right,175,72,yes,8.77,8.77,54.84,1.42,20.0,0.28,0.37,0.0,3.68,4.76,0.57,0,0.0,0,0.0,0.28,0.0,0,0.0,0.0,0,0.0,2,0.57,0.0,0.0,0.0,0.85,0.0,0.28,0.0,0.57,0.0,0.28,1.42,20.0,6.51,34.78,0.0,0.28,0.28,20.38,3.11,1.42,26.32,72.04,9.62,67.65,5.38,94.74,6.23,68.18,23.77,75.0,1.7,66.67,16.73,23.04,0.01,0.28,0.0,0.0,0.0,0.0,0.0,2.26,75.0,0.57,0.0,0.0,0.0,0.0,0.28,8.21,44.83,0,,0,,0,0.0,0.0,0.0,,,0.28,,,0.28,0.28,0.0,0.0,0,0
T. Slebodník,Dukla Banská Bystrica,Žilina,"LCMF, RCMF",25,0,2027-06-30,27,1526,0,2.16,0,1.35,27.01,46.07,Slovakia,Slovakia,right,178,76,no,7.61,8.61,50.0,1.77,36.67,0.88,1.38,0.35,2.42,3.76,2.01,5,0.29,0,0.0,4.54,0.0,0,0.0,0.13,0,0.0,32,1.89,34.38,0.0,0.0,0.83,42.86,0.29,40.0,0.47,50.0,0.0,5.54,59.57,12.86,48.62,1.06,1.77,1.12,23.83,1.06,1.95,36.21,81.11,11.68,65.66,7.2,95.9,10.26,88.51,31.91,85.58,3.54,48.33,16.62,28.47,0.08,1.24,0.06,0.06,0.88,26.67,0.24,5.43,70.65,2.24,50.0,1.24,19.05,0.94,0.29,5.78,77.55,0,,0,,0,0.0,0.0,0.0,,,0.35,,,0.12,0.0,0.0,1.0,0,0
H. Addo,,Žilina,"RW, CF",23,0,,4,123,0,0.27,0,0.0,27.8,34.21,Ghana,Ghana,right,180,77,no,3.66,5.12,28.57,4.39,33.33,0.73,1.11,0.73,1.46,2.22,4.39,1,0.73,0,0.0,5.12,0.0,0,0.0,0.2,0,0.0,2,1.46,0.0,0.0,0.0,0.73,0.0,0.73,0.0,0.0,0.0,0.0,9.51,53.85,13.17,50.0,3.66,2.2,0.0,8.78,1.46,2.2,15.37,71.43,4.39,33.33,4.39,100.0,3.66,80.0,13.17,83.33,1.46,0.0,17.3,28.35,0.0,0.0,0.0,0.0,0.73,0.0,0.0,2.2,33.33,0.0,0.0,0.73,0.0,0.0,0.0,0.73,100.0,0,,0,,0,0.0,0.0,0.0,,,0.0,,,0.0,0.0,0.0,0.0,0,0
