Player,Team,Team within selected timeframe,Position,Age,Market value,Contract expires,Matches played,Minutes played,Goals,xG,Assists,xA,Duels per 90,"Duels won, %",Birth country,Passport country,Foot,Height,Weight,On loan,Successful defensive actions per 90,Defensive duels per 90,"Defensive duels won, %",Aerial duels per 90,"Aerial duels won, %",Sliding tackles per 90,PAdj Sliding tackles,Shots blocked per 90,Interceptions per 90,PAdj Interceptions,Fouls per 90,Yellow cards,Yellow cards per 90,Red cards,Red cards per 90,Successful attacking actions per 90,Goals per 90,Non-penalty goals,Non-penalty goals per 90,xG per 90,Head goals,Head goals per 90,Shots,Shots per 90,"Shots on target, %","Goal conversion, %",Assists per 90,Crosses per 90,"Accurate crosses, %",Crosses from left flank per 90,"Accurate crosses from left flank, %",Crosses from right flank per 90,"Accurate crosses from right flank, %",Crosses to goalie box per 90,Dribbles per 90,"Successful dribbles, %",Offensive duels per 90,"Offensive duels won, %",Touches in box per 90,Progressive runs per 90,Accelerations per 90,Received passes per 90,Received long passes per 90,Fouls suffered per 90,Passes per 90,"Accurate passes, %",Forward passes per 90,"Accurate forward passes, %",Back passes per 90,"Accurate back passes, %",Lateral passes per 90,"Accurate lateral passes, %",Short / medium passes per 90,"Accurate short / medium passes, %",Long passes per 90,"Accurate long passes, %","Average pass length, m","Average long pass length, m",xA per 90,Shot assists per 90,Second assists per 90,Third assists per 90,Smart passes per 90,"Accurate smart passes, %",Key passes per 90,Passes to final third per 90,"Accurate passes to final third, %",Passes to penalty area per 90,"Accurate passes to penalty area, %",Through passes per 90,"Accurate through passes, %",Deep completions per 90,Deep completed crosses per 90,Progressive passes per 90,"Accurate progressive passes, %",Conceded goals,Conceded goals per 90,Shots against,Shots against per 90,Clean sheets,"Save rate, %",xG against,xG against per 90,Prevented goals,Prevented goals per 90,Back passes received as GK per 90,Exits per 90,Aerial duels per 90.1,Free kicks per 90,Direct free kicks per 90,"Direct free kicks on target, %",Corners per 90,Penalties taken,"Penalty conversion, %"
M. Mudryk,Chelsea,Shakhtar Donetsk,"LW, LAMF",25,35000000,2031-06-30,11,664,2,1.63,4,2.63,23.58,43.1,Ukraine,Ukraine,right,175,61,no,5.69,4.88,47.22,0.95,28.57,0.68,1.46,0.0,2.71,5.83,1.36,1,0.14,0,0.0,10.17,0.27,2,0.27,0.22,0,0.0,16,2.17,43.75,12.5,0.54,5.56,34.15,5.29,33.33,0.14,0.0,0.95,10.44,58.44,14.91,46.36,5.83,3.66,2.17,29.95,0.95,0.95,40.39,73.83,7.59,60.71,9.08,89.55,13.96,73.79,32.39,81.59,2.58,57.89,16.61,34.33,0.36,2.17,0.14,0.0,2.17,56.25,1.36,2.17,75.0,7.59,51.79,1.49,36.36,2.44,1.9,5.83,83.72,0,,0,,0,0.0,0.0,0.0,,,0.14,,,0.81,0.14,0.0,2.03,0,0.0
V. Tsygankov,Girona,Dynamo Kyiv,"RAMF, RW",28,30000000,2027-06-30,18,1550,11,12.2,1,3.31,16.95,49.66,Israel,"Israel, Ukraine",left,178,72,no,4.06,3.72,65.63,1.51,34.62,0.12,0.19,0.0,1.51,2.52,0.64,1,0.06,0,0.0,5.34,0.64,6,0.35,0.71,0,0.0,62,3.6,43.55,17.742,0.06,2.79,35.42,1.05,27.78,1.74,40.0,0.64,4.3,51.35,9.7,47.31,5.52,2.26,1.34,32.28,1.28,1.57,41.75,82.75,9.81,71.01,9.87,94.71,11.55,84.42,38.38,86.38,0.58,70.0,15.33,16.78,0.19,1.74,0.06,0.0,1.68,34.48,0.7,3.25,82.14,5.92,56.86,1.22,19.05,3.14,1.05,4.99,88.37,0,,0,,0,0.0,0.0,0.0,,,0.0,,,0.64,0.35,33.33,4.01,6,83.333
V. Mykolenko,Everton,Dynamo Kyiv,LB,27,28000000,2029-06-30,15,1360,0,0.7,3,1.73,12.38,65.24,Ukraine,Ukraine,left,180,71,no,7.15,4.37,69.7,1.26,63.16,0.13,0.23,0.2,3.97,6.95,0.79,1,0.07,0,0.0,2.32,0.0,0,0.0,0.05,0,0.0,15,0.99,26.67,0.0,0.2,3.11,31.91,3.11,31.91,0.0,0.0,0.4,1.59,58.33,4.24,64.06,2.12,1.79,0.66,43.15,2.45,1.13,54.26,86.34,16.08,78.6,10.06,94.74,18.26,86.96,47.05,92.41,4.63,52.86,17.71,36.51,0.11,0.6,0.13,0.07,0.33,40.0,0.33,5.82,80.68,3.04,65.22,0.6,33.33,0.93,0.86,10.79,81.6,0,,0,,0,0.0,0.0,0.0,,,0.66,,,0.0,0.0,0.0,0.0,0,0.0
Dodô,Fiorentina,Shakhtar Donetsk,RB,27,17000000,2027-06-30,14,1317,0,0.83,4,3.93,16.81,51.63,Brazil,Brazil,right,166,68,no,6.29,5.19,63.16,1.57,43.48,0.14,0.27,0.07,2.87,5.73,1.03,1,0.07,1,0.07,3.83,0.0,0,0.0,0.06,0,0.0,16,1.09,18.75,0.0,0.27,4.51,21.21,0.07,100.0,4.37,20.31,1.23,3.9,57.89,6.63,52.58,4.37,2.94,1.23,37.93,1.03,1.37,49.95,85.36,11.55,82.84,8.27,96.69,17.49,83.59,44.15,92.57,1.37,60.0,16.8,28.67,0.27,1.57,0.0,0.14,0.68,60.0,0.75,4.92,81.94,3.08,40.0,0.68,70.0,1.78,1.23,5.74,73.81,0,,0,,0,0.0,0.0,0.0,,,0.62,,,0.0,0.0,0.0,0.0,0,0.0
M. Solomon,Fiorentina,Shakhtar Donetsk,"LW, LAMF",26,13000000,2028-06-30,16,915,4,4.52,1,2.81,22.52,51.09,Israel,"Israel, Portugal",right,170,65,yes,5.11,4.03,73.17,0.39,25.0,0.0,0.0,0.0,2.16,4.29,0.49,0,0.0,0,0.0,7.77,0.39,4,0.39,0.44,0,0.0,39,3.84,33.33,10.256,0.1,1.57,43.75,1.38,42.86,0.2,50.0,0.69,8.46,62.79,15.84,48.45,6.89,4.72,1.28,31.97,1.48,0.98,41.21,89.98,5.51,71.43,10.92,99.1,16.43,92.22,38.46,92.07,1.18,83.33,15.64,18.09,0.28,1.67,0.3,0.0,1.08,45.45,0.79,1.67,100.0,3.44,68.57,0.89,44.44,3.44,0.69,4.52,91.3,0,,0,,0,0.0,0.0,0.0,,,0.1,,,0.3,0.3,33.33,2.36,0,0.0
Tetê,Grêmio,Shakhtar Donetsk,"RW, RAMF, RWF",26,10000000,2029-12-31,17,1018,9,6.1,1,1.74,23.87,44.81,Brazil,Brazil,left,175,70,no,3.8,4.95,53.57,1.15,23.08,0.18,0.36,0.0,0.97,2.0,1.86,3,0.27,0,0.0,9.11,0.8,8,0.71,0.54,2,0.18,39,3.45,48.72,23.077,0.09,3.98,35.56,0.09,0.0,3.8,34.88,1.06,9.28,58.1,15.47,46.29,7.69,3.89,1.59,31.3,2.48,1.59,39.08,83.94,7.34,79.52,10.08,94.74,14.41,85.89,34.48,89.23,0.8,100.0,18.27,18.75,0.15,1.15,0.27,0.09,1.06,58.33,0.8,0.97,54.55,5.3,78.33,0.44,60.0,3.8,1.24,5.66,90.63,0,,0,,0,0.0,0.0,0.0,,,0.0,,,0.18,0.0,0.0,0.27,1,100.0
Y. Yarmoliuk,Brentford,Dnipro-1,"RW, CF, AMF",22,10000000,2031-06-30,7,159,0,0.81,0,0.03,27.74,48.98,Ukraine,Ukraine,right,180,72,no,4.53,4.53,75.0,3.4,66.67,0.0,0.0,0.0,1.13,1.82,1.13,0,0.0,0,0.0,3.4,0.0,0,0.0,0.46,0,0.0,4,2.26,25.0,0.0,0.0,0.57,0.0,0.0,0.0,0.57,0.0,0.0,6.79,41.67,11.89,38.1,3.4,2.26,0.0,23.77,1.13,2.26,29.43,80.77,6.79,66.67,7.92,92.86,7.36,100.0,28.3,82.0,0.57,100.0,12.17,7.88,0.02,0.57,0.0,0.0,0.57,0.0,0.0,3.96,85.71,0.0,0.0,0.0,0.0,0.0,0.0,2.26,100.0,0,,0,,0,0.0,0.0,0.0,,,0.0,,,0.0,0.0,0.0,0.0,0,0.0
D. Sikan,Anderlecht,Shakhtar Donetsk,CF,25,7000000,2030-06-30,11,448,2,2.86,0,0.33,18.28,29.67,Ukraine,Ukraine,right,187,74,no,3.42,2.41,58.33,2.41,16.67,0.2,0.45,0.2,1.81,4.09,1.21,2,0.4,0,0.0,2.81,0.4,2,0.4,0.57,0,0.0,12,2.41,33.33,16.667,0.0,0.4,50.0,0.2,0.0,0.2,100.0,0.0,2.01,70.0,9.44,23.4,5.63,0.2,0.2,12.86,0.6,0.8,15.87,74.68,2.01,70.0,3.62,83.33,4.82,91.67,15.47,75.32,0.0,0.0,13.17,0.0,0.07,0.4,0.2,0.2,1.21,33.33,0.2,0.2,100.0,1.0,100.0,0.6,33.33,1.0,0.2,0.2,100.0,0,,0,,0,0.0,0.0,0.0,,,0.0,,,0.0,0.0,0.0,0.0,0,0.0
Vitinho,Internacional,Dynamo Kyiv,"LW, LAMF, CF",27,7000000,2030-06-30,8,381,3,2.54,0,0.48,24.33,39.81,Brazil,Brazil,right,181,75,no,3.78,5.67,41.67,4.49,31.58,0.24,0.32,0.0,1.18,1.58,1.65,3,0.71,0,0.0,4.96,0.71,3,0.71,0.6,0,0.0,17,4.02,35.29,17.647,0.0,3.07,23.08,2.6,18.18,0.47,50.0,0.24,4.96,52.38,11.57,44.9,7.8,2.83,1.18,25.28,2.13,2.36,30.0,81.89,4.25,77.78,10.39,97.73,7.56,78.13,26.46,89.29,0.47,50.0,13.26,5.44,0.11,1.18,0.0,0.0,0.47,50.0,0.71,0.94,75.0,3.31,57.14,0.24,100.0,1.65,0.71,2.36,60.0,0,,0,,0,0.0,0.0,0.0,,,0.24,,,0.0,0.0,0.0,0.0,0,0.0
D. Riznyk,Shakhtar Donetsk,Vorskla,GK,27,7000000,2031-07-31,17,1633,0,0.0,0,0.0,1.43,73.08,Ukraine,Ukraine,right,191,85,no,1.38,0.0,0.0,0.99,94.44,0.11,0.16,0.0,1.27,1.87,0.0,2,0.11,0,0.0,0.0,0.0,0,0.0,0.0,0,0.0,0,0.0,0.0,0.0,0.0,0.0,0.0,0.0,0.0,0.0,0.0,0.0,0.11,0.0,0.22,0.0,0.0,0.0,0.0,16.86,0.22,0.22,22.43,84.28,15.05,78.02,0.0,0.0,6.78,97.56,12.18,97.29,10.25,68.82,34.17,48.47,0.0,0.0,0.0,0.0,0.0,0.0,0.0,2.09,57.89,0.17,0.0,0.06,100.0,0.0,0.0,8.21,75.84,17,0.94,83,4.57,7,79.52,23.79,1.31,6.79,0.374,0.0,2.31,0.99,,,,0.0,0,0.0
Fernando,Red Bull Bragantino,Shakhtar Donetsk,"CF, LAMF, LW",27,5000000,2027-12-31,7,443,5,3.63,1,0.39,24.18,41.18,Brazil,Brazil,right,176,72,no,4.06,3.66,55.56,2.84,64.29,0.2,0.4,0.0,1.83,3.6,1.42,2,0.41,0,0.0,4.67,1.02,5,1.02,0.74,0,0.0,24,4.88,45.83,20.833,0.2,0.2,100.0,0.0,0.0,0.2,100.0,0.0,4.67,43.48,13.61,32.84,7.31,2.23,1.83,14.42,1.63,2.23,16.05,83.54,0.81,50.0,7.31,86.11,4.88,83.33,15.64,83.12,0.2,100.0,13.97,6.53,0.08,0.81,0.2,0.2,0.2,100.0,0.41,0.41,100.0,1.02,80.0,0.2,100.0,1.83,0.0,0.81,50.0,0,,0,,0,0.0,0.0,0.0,,,0.0,,,0.0,0.0,0.0,0.0,0,0.0
O. Pikhalyonok,Dynamo Kyiv,Dnipro-1,"RCMF, AMF",29,5000000,2029-06-30,14,1210,5,3.73,2,3.29,11.83,46.54,Ukraine,Ukraine,left,179,72,no,3.27,2.23,63.33,0.89,25.0,0.37,0.56,0.22,1.49,2.22,0.37,4,0.3,1,0.07,3.27,0.37,4,0.3,0.28,0,0.0,28,2.08,28.57,17.857,0.15,1.19,31.25,0.67,33.33,0.52,28.57,0.15,2.31,54.84,7.36,42.42,1.93,1.86,0.89,44.93,0.89,0.97,57.05,90.09,14.13,77.37,12.35,96.99,21.05,93.99,51.77,93.39,4.09,65.45,17.71,40.0,0.24,2.23,0.15,0.0,1.49,70.0,0.74,8.26,80.18,3.79,56.86,1.79,41.67,1.93,0.37,7.21,91.75,0,,0,,0,0.0,0.0,0.0,,,0.3,,,1.12,0.15,0.0,3.12,1,100.0
Maycon,Atlético Mineiro,Shakhtar Donetsk,"RCMF, RDMF, LDMF",28,4500000,2028-12-31,15,1045,0,0.76,1,1.06,10.68,50.0,Brazil,Brazil,left,178,72,no,4.13,4.56,50.94,1.55,61.11,0.09,0.17,0.0,1.72,3.31,0.95,1,0.09,0,0.0,0.26,0.0,0,0.0,0.07,0,0.0,15,1.29,6.67,0.0,0.09,0.34,25.0,0.17,50.0,0.17,0.0,0.0,0.34,0.0,1.89,40.91,0.09,0.52,0.17,71.66,0.17,0.26,81.73,93.68,17.91,85.1,11.97,97.84,33.16,96.36,77.77,95.68,3.62,57.14,16.5,36.21,0.09,0.69,0.17,0.09,0.69,12.5,0.17,13.44,85.9,2.41,42.86,1.29,33.33,0.69,0.09,8.35,85.57,0,,0,,0,0.0,0.0,0.0,,,0.6,,,0.86,0.09,0.0,2.07,0,0.0
O. Tymchyk,Dynamo Kyiv,Dynamo Kyiv,RB,29,4000000,2028-06-30,12,734,1,0.25,2,1.19,14.1,57.39,Ukraine,Ukraine,right,180,67,no,7.97,6.13,72.0,1.59,38.46,0.25,0.39,0.12,3.31,5.23,1.1,1,0.12,0,0.0,3.07,0.12,1,0.12,0.03,0,0.0,3,0.37,33.33,33.333,0.25,4.29,42.86,0.0,0.0,4.17,44.12,0.25,1.47,66.67,3.31,44.44,2.82,3.31,2.21,42.55,2.82,0.74,54.56,84.49,15.08,82.11,12.63,94.17,16.68,83.09,48.8,89.2,1.72,57.14,15.83,17.56,0.15,0.98,0.0,0.0,0.49,25.0,0.61,5.76,76.6,4.54,56.76,0.37,33.33,1.35,1.72,10.05,86.59,0,,0,,0,0.0,0.0,0.0,,,0.37,,,0.0,0.0,0.0,0.0,0,0.0
Alan Patrick,Internacional,Shakhtar Donetsk,"AMF, CF",35,4000000,2027-12-31,11,796,2,2.21,4,2.42,20.69,44.81,Brazil,Brazil,right,177,70,no,4.07,4.3,57.89,0.68,50.0,0.11,0.2,0.0,1.47,2.65,1.24,1,0.11,0,0.0,4.3,0.23,2,0.23,0.25,0,0.0,18,2.04,55.56,11.111,0.45,0.34,0.0,0.0,0.0,0.23,0.0,0.0,4.07,55.56,12.89,40.35,4.75,1.92,1.47,42.96,0.23,1.7,53.14,87.66,15.83,77.86,10.74,97.89,17.64,94.23,51.11,88.27,1.7,86.67,16.47,26.69,0.27,2.49,0.11,0.0,1.81,50.0,0.9,6.9,85.25,4.97,75.0,1.58,57.14,4.3,0.0,6.44,98.25,0,,0,,0,0.0,0.0,0.0,,,0.0,,,0.68,0.11,0.0,1.24,0,0.0
I. Shkurin,Katowice,Dynamo Kyiv,CF,26,2500000,2028-06-30,8,347,0,1.22,3,1.18,17.12,43.94,Belarus,Belarus,right,188,80,no,1.3,1.3,60.0,4.15,37.5,0.0,0.0,0.0,0.52,0.85,0.26,0,0.0,0,0.0,2.85,0.0,0,0.0,0.32,0,0.0,6,1.56,33.33,0.0,0.78,0.26,0.0,0.0,0.0,0.26,0.0,0.0,2.33,66.67,7.26,46.43,3.89,0.26,0.26,11.93,1.82,1.3,17.12,81.82,1.56,50.0,5.97,95.65,4.15,87.5,15.82,83.61,1.04,75.0,12.43,22.45,0.31,2.07,0.0,0.26,1.3,60.0,1.56,0.78,100.0,2.07,75.0,0.78,66.67,3.11,0.0,0.78,66.67,0,,0,,0,0.0,0.0,0.0,,,0.0,,,0.0,0.0,0.0,0.0,0,0.0
O. Gutsulyak,Polissya,Dnipro-1,"RW, LW, RAMF",28,2500000,2026-06-30,15,1198,4,3.02,0,2.16,19.76,47.15,Ukraine,Ukraine,left,188,81,no,5.93,3.98,60.38,3.91,63.46,0.23,0.32,0.0,3.31,4.73,0.98,1,0.08,0,0.0,3.61,0.3,4,0.3,0.23,0,0.0,20,1.5,50.0,20.0,0.0,1.2,37.5,0.6,50.0,0.6,25.0,0.08,4.51,51.67,8.34,41.44,3.68,2.03,0.9,19.83,1.43,1.5,25.99,82.95,4.66,67.74,8.49,92.04,8.26,82.73,23.59,86.31,1.2,62.5,15.81,24.38,0.16,1.58,0.0,0.08,0.38,20.0,0.75,1.5,80.0,1.73,65.22,0.45,33.33,1.2,0.53,2.48,81.82,0,,0,,0,0.0,0.0,0.0,,,0.08,,,0.08,0.0,0.0,0.45,0,0.0
V. Dubinchak,Dynamo Kyiv,Dnipro-1,LB,27,2500000,2028-06-30,16,1535,1,0.63,1,1.86,19.0,52.16,Ukraine,Ukraine,left,173,62,no,9.26,8.03,54.74,2.35,50.0,0.88,1.29,0.23,3.99,5.86,1.99,5,0.29,0,0.0,5.39,0.06,1,0.06,0.04,0,0.0,14,0.82,50.0,7.143,0.06,6.1,42.31,5.98,42.16,0.12,50.0,0.29,3.64,61.29,6.51,54.95,1.47,2.99,1.82,41.39,1.52,1.64,52.89,82.82,15.77,76.95,9.73,97.59,18.94,83.9,42.27,90.98,4.87,59.04,19.92,36.52,0.11,1.11,0.06,0.06,0.29,60.0,0.53,6.74,72.17,5.28,48.89,0.47,37.5,0.64,2.58,12.31,83.81,0,,0,,0,0.0,0.0,0.0,,,0.7,,,0.0,0.0,0.0,0.12,0,0.0
T. Stepanenko,Kolos Kovalivka,Shakhtar Donetsk,"LCMF, LDMF, RDMF",36,2500000,,13,1100,2,0.94,1,1.07,13.83,50.3,Ukraine,Ukraine,left,181,76,no,5.48,5.07,46.77,2.54,74.19,0.74,1.45,0.08,2.37,4.68,1.15,1,0.08,0,0.0,1.55,0.16,2,0.16,0.08,0,0.0,9,0.74,44.44,22.222,0.08,1.39,23.53,1.31,25.0,0.08,0.0,0.33,1.06,38.46,2.78,41.18,1.06,0.98,0.25,64.64,0.25,0.82,77.07,91.4,23.81,84.54,8.18,96.0,30.68,93.33,72.57,94.36,3.27,52.5,16.41,33.28,0.09,0.9,0.25,0.0,0.98,50.0,0.41,16.94,92.75,3.35,51.22,1.8,40.91,1.39,0.33,9.49,87.93,0,,0,,0,0.0,0.0,0.0,,,0.41,,,0.0,0.0,0.0,0.0,0,0.0
T. Kędziora,Dynamo Kyiv,Dynamo Kyiv,"RB, RCB, LCB",32,2500000,2028-06-30,15,1202,1,1.1,0,0.44,11.38,53.29,Poland,Poland,right,184,76,no,6.06,5.02,58.21,2.4,59.38,0.15,0.24,0.22,3.0,4.71,1.12,1,0.07,0,0.0,0.9,0.07,1,0.07,0.08,1,0.07,5,0.37,40.0,20.0,0.0,1.65,27.27,0.0,0.0,1.65,27.27,0.07,0.15,100.0,1.35,44.44,1.72,1.05,0.6,48.82,2.02,0.45,61.25,88.63,21.41,83.57,5.47,95.89,26.06,92.24,55.86,91.96,3.82,64.71,19.08,31.49,0.03,0.52,0.15,0.0,0.45,33.33,0.22,8.91,83.19,1.87,48.0,0.15,0.0,0.6,0.52,11.01,83.67,0,,0,,0,0.0,0.0,0.0,,,1.35,,,0.0,0.0,0.0,0.0,0,0.0
A. Batagov,Trabzonspor,Dnipro-1,"DMF, LB, LCMF",24,2000000,2028-06-30,3,103,0,0.0,0,0.0,17.48,45.0,Ukraine,Ukraine,left,185,75,no,8.74,6.99,50.0,4.37,60.0,1.75,2.31,0.0,3.5,4.62,3.5,2,1.75,0,0.0,0.0,0.0,0,0.0,0.0,0,0.0,0,0.0,0.0,0.0,0.0,0.0,0.0,0.0,0.0,0.0,0.0,0.0,0.0,0.0,0.87,0.0,0.0,0.0,0.0,38.45,0.87,0.0,45.44,86.54,15.73,77.78,10.49,100.0,15.73,94.44,38.45,93.18,6.99,50.0,23.64,18.43,0.0,0.0,0.0,0.0,0.0,0.0,0.0,3.5,75.0,0.0,0.0,1.75,50.0,0.0,0.0,7.86,66.67,0,,0,,0,0.0,0.0,0.0,,,0.87,,,0.0,0.0,0.0,0.0,0,0.0
O. Svatok,Austin FC,Dnipro-1,"RCB, LCB",31,2000000,2027-12-31,18,1715,0,0.13,0,0.12,12.02,61.14,Ukraine,Ukraine,right,186,84,no,9.45,5.93,63.72,2.57,53.06,0.1,0.15,0.52,5.56,7.89,1.31,3,0.16,0,0.0,0.16,0.0,0,0.0,0.01,0,0.0,3,0.16,33.33,0.0,0.0,0.16,0.0,0.0,0.0,0.16,0.0,0.0,0.16,66.67,0.68,69.23,0.26,0.37,0.1,52.01,0.73,0.37,68.06,93.37,19.52,82.8,3.36,98.44,38.78,98.65,63.34,95.61,4.57,65.52,20.67,34.61,0.01,0.1,0.0,0.0,0.0,0.0,0.1,4.15,68.35,0.31,16.67,0.21,50.0,0.1,0.0,6.4,75.41,0,,0,,0,0.0,0.0,0.0,,,2.68,,,0.0,0.0,0.0,0.0,0,0.0
O. Syrota,Dynamo Kyiv,Dynamo Kyiv,LCB,26,2000000,2027-06-30,12,1109,1,0.62,0,0.0,13.15,57.41,Ukraine,Ukraine,left,193,78,no,6.65,6.01,67.57,3.25,52.5,0.08,0.13,0.49,2.52,4.08,1.06,0,0.0,0,0.0,0.41,0.08,1,0.08,0.05,1,0.08,3,0.24,66.67,33.333,0.0,0.08,100.0,0.08,100.0,0.0,0.0,0.0,0.16,0.0,0.89,45.45,0.49,2.52,0.49,50.07,0.32,0.49,64.11,94.68,25.97,90.94,2.68,96.97,29.38,98.9,58.84,96.41,5.19,75.0,20.04,33.98,0.0,0.0,0.0,0.08,0.24,66.67,0.0,7.47,86.96,0.24,66.67,0.41,40.0,0.16,0.08,9.17,83.19,0,,0,,0,0.0,0.0,0.0,,,2.19,,,0.0,0.0,0.0,0.0,0,0.0
N. Rusyn,Karpaty,Dnipro-1,"CF, LW, RAMF",27,2000000,2029-06-30,8,234,1,1.1,0,0.03,23.08,45.0,Ukraine,Ukraine,right,177,74,no,7.31,6.54,70.59,2.69,28.57,1.15,1.48,0.0,1.54,1.97,0.38,0,0.0,0,0.0,3.46,0.38,1,0.38,0.42,1,0.38,7,2.69,42.86,14.286,0.0,0.38,0.0,0.38,0.0,0.0,0.0,0.0,4.62,50.0,11.15,44.83,5.0,2.69,2.31,13.08,0.0,1.54,17.31,84.44,3.85,100.0,5.38,92.86,3.85,90.0,16.92,86.36,0.0,0.0,14.69,0.0,0.01,0.77,0.0,0.0,0.0,0.0,0.0,0.38,100.0,0.38,100.0,0.0,0.0,1.15,0.0,2.31,66.67,0,,0,,0,0.0,0.0,0.0,,,0.0,,,0.0,0.0,0.0,0.0,0,0.0
S. Sydorchuk,Westerlo,Dynamo Kyiv,"RDMF, RCMF",35,2000000,2027-06-30,15,1197,2,1.43,2,0.53,17.29,56.52,Ukraine,Ukraine,right,189,80,no,7.22,6.47,51.16,2.56,64.71,0.08,0.13,0.23,3.83,6.43,1.43,4,0.3,0,0.0,2.33,0.15,2,0.15,0.11,0,0.0,26,1.95,26.92,7.692,0.15,0.15,100.0,0.0,0.0,0.15,100.0,0.0,1.95,73.08,5.64,53.33,1.05,0.68,0.38,52.33,0.23,1.73,66.02,91.8,19.1,83.46,7.52,95.0,26.84,95.24,62.11,94.19,3.76,52.0,16.67,32.47,0.04,0.98,0.0,0.0,0.6,37.5,0.15,10.3,78.83,1.95,57.69,1.05,14.29,1.13,0.15,7.29,86.6,0,,0,,0,0.0,0.0,0.0,,,0.23,,,0.0,0.0,0.0,0.0,0,0.0
B. Verbič,Celje,Dynamo Kyiv,"LAMF, CF",32,2000000,2030-06-30,9,434,2,1.36,1,0.48,24.47,52.54,Slovenia,Slovenia,right,183,70,no,4.77,4.77,56.52,2.7,61.54,0.21,0.4,0.41,1.87,3.6,1.87,2,0.41,0,0.0,4.56,0.41,2,0.41,0.28,0,0.0,12,2.49,25.0,16.667,0.21,0.83,25.0,0.62,33.33,0.21,0.0,0.21,5.18,72.0,12.44,60.0,5.81,2.07,0.83,22.19,0.83,2.9,30.69,87.16,4.35,76.19,11.41,94.55,5.39,84.62,29.65,88.81,0.21,100.0,11.67,5.04,0.1,1.45,0.41,0.0,0.41,0.0,0.41,1.04,100.0,1.66,62.5,0.41,0.0,2.49,0.41,1.24,66.67,0,,0,,0,0.0,0.0,0.0,,,0.21,,,0.0,0.0,0.0,0.0,0,0.0
Ismaily,,Shakhtar Donetsk,LB,36,1800000,,12,796,0,1.06,1,0.81,18.32,56.79,Brazil,Brazil,left,177,82,no,7.91,7.01,72.58,1.81,43.75,0.0,0.0,0.34,2.83,5.51,0.9,1,0.11,0,0.0,3.28,0.0,0,0.0,0.12,0,0.0,5,0.57,20.0,0.0,0.11,1.7,26.67,1.58,28.57,0.0,0.0,0.34,3.28,65.52,6.44,49.12,4.07,1.81,1.13,29.85,1.7,1.13,40.48,84.92,14.13,76.8,7.8,91.3,10.85,89.58,37.42,89.12,1.36,41.67,16.44,23.24,0.09,0.68,0.0,0.11,0.57,100.0,0.45,4.18,86.49,1.47,53.85,0.57,80.0,0.9,0.45,6.56,68.97,0,,0,,0,0.0,0.0,0.0,,,1.24,,,0.0,0.0,0.0,0.0,0,0.0
V. Shepelev,Polissya,Dynamo Kyiv,"RDMF, RCMF",29,1800000,2027-06-30,11,483,0,0.43,1,0.41,15.65,52.38,Ukraine,Ukraine,right,184,73,no,7.08,5.4,65.52,2.05,54.55,0.19,0.3,0.19,3.35,5.4,0.93,0,0.0,0,0.0,3.73,0.0,0,0.0,0.08,0,0.0,5,0.93,40.0,0.0,0.19,2.8,46.67,0.75,50.0,2.05,45.45,0.93,2.05,63.64,5.03,51.85,2.05,1.3,2.8,56.46,0.37,0.75,70.06,90.16,18.07,83.51,14.35,97.4,25.34,91.91,63.17,94.1,4.1,59.09,17.15,24.13,0.08,0.75,0.0,0.0,1.49,50.0,0.75,10.99,83.05,2.98,50.0,1.68,33.33,1.12,0.93,7.64,82.93,0,,0,,0,0.0,0.0,0.0,,,0.56,,,0.0,0.0,0.0,2.42,0,0.0
V. Kabaev,Dynamo Kyiv,Zorya,"RCMF, AMF, RAMF",30,1800000,2028-06-30,11,788,1,1.35,1,0.99,28.9,44.66,Ukraine,Ukraine,right,176,55,no,6.97,7.54,50.0,1.6,14.29,0.34,0.56,0.0,2.86,4.66,1.94,5,0.57,0,0.0,6.62,0.11,1,0.11,0.15,0,0.0,19,2.17,42.11,5.263,0.11,2.4,38.1,0.91,25.0,1.48,46.15,0.23,7.42,60.0,15.08,50.0,4.23,4.11,2.06,30.27,0.69,2.17,42.03,84.78,10.05,78.41,7.77,94.12,15.19,87.97,37.8,89.12,2.06,55.56,17.54,30.16,0.11,1.6,0.11,0.23,1.37,25.0,0.57,4.11,83.33,2.74,62.5,1.94,29.41,1.48,0.69,5.71,88.0,0,,0,,0,0.0,0.0,0.0,,,0.57,,,0.0,0.0,0.0,0.0,0,0.0
A. Sayyadmanesh,Lech Poznań,Zorya,"CF, RW, RWF",25,1800000,2029-06-30,16,1206,7,3.17,3,1.85,27.99,40.0,Iran,Iran,right,182,74,no,4.55,4.55,47.54,5.0,44.78,0.22,0.33,0.15,2.16,3.2,1.87,4,0.3,0,0.0,5.52,0.52,7,0.52,0.24,0,0.0,29,2.16,44.83,24.138,0.22,1.87,52.0,0.97,84.62,0.9,16.67,0.22,6.49,51.72,13.96,37.97,4.25,2.31,1.34,10.6,1.87,0.9,20.0,68.28,5.67,57.89,4.03,74.07,6.27,76.19,16.79,71.56,1.42,47.37,17.53,29.43,0.14,1.12,0.22,0.0,0.45,50.0,0.67,1.72,69.57,2.84,63.16,0.6,50.0,2.01,0.97,3.88,80.77,0,,0,,0,0.0,0.0,0.0,,,0.07,,,0.0,0.0,0.0,0.0,0,0.0
O. Karavaev,Shakhtar Donetsk,Dynamo Kyiv,"LB, RB, RAMF",34,1800000,2028-06-30,18,855,0,1.84,2,1.3,13.89,53.03,Ukraine,Ukraine,right,175,71,no,5.37,3.37,46.88,2.74,65.38,0.32,0.49,0.0,3.47,5.38,0.74,0,0.0,0,0.0,5.05,0.0,0,0.0,0.19,0,0.0,19,2.0,52.63,0.0,0.21,3.89,32.43,0.63,16.67,3.16,33.33,0.21,4.0,60.53,5.89,50.0,4.95,3.05,1.79,35.68,3.16,1.16,45.79,79.54,12.32,69.23,7.05,95.52,17.16,77.91,38.74,85.05,3.37,65.63,18.78,26.86,0.14,1.58,0.11,0.0,0.53,60.0,1.05,4.84,67.39,4.21,52.5,0.21,0.0,2.11,0.95,8.74,86.75,0,,0,,0,0.0,0.0,0.0,,,0.21,,,0.0,0.0,0.0,0.11,0,0.0
S. Kryvtsov,,Shakhtar Donetsk,"RCB, LCB",35,1500000,,7,531,0,0.55,1,0.2,14.41,69.41,Ukraine,Ukraine,right,186,83,no,6.27,5.08,73.33,6.27,64.86,0.17,0.29,0.34,2.37,4.12,1.02,3,0.51,0,0.0,0.0,0.0,0,0.0,0.09,0,0.0,2,0.34,0.0,0.0,0.17,0.0,0.0,0.0,0.0,0.0,0.0,0.0,0.0,0.0,0.51,66.67,0.68,1.53,0.17,63.9,0.17,0.85,80.0,94.28,28.14,87.95,2.37,92.86,40.34,98.74,76.61,96.24,3.39,50.0,18.8,29.12,0.03,0.17,0.0,0.0,0.17,0.0,0.17,14.75,83.91,1.02,33.33,1.02,33.33,0.51,0.0,12.03,90.14,0,,0,,0,0.0,0.0,0.0,,,1.36,,,0.0,0.0,0.0,0.0,0,0.0
O. Andriyevskyi,Polissya,Dynamo Kyiv,"LDMF, LCMF",31,1500000,2026-12-31,8,625,0,0.68,1,0.96,11.23,56.41,Ukraine,Ukraine,left,179,75,no,5.76,4.61,50.0,0.72,40.0,0.0,0.0,0.14,3.46,5.71,1.01,2,0.29,0,0.0,1.44,0.0,0,0.0,0.1,0,0.0,10,1.44,20.0,0.0,0.14,0.72,40.0,0.43,0.0,0.29,100.0,0.0,1.44,60.0,3.46,58.33,0.58,2.02,1.01,53.14,0.14,1.01,69.41,89.21,16.99,69.49,12.1,98.81,28.08,95.9,62.06,92.81,6.77,61.7,17.59,38.01,0.14,0.72,0.0,0.14,0.72,0.0,0.58,10.94,75.0,3.6,44.0,2.88,50.0,1.87,0.14,7.34,88.24,0,,0,,0,0.0,0.0,0.0,,,0.86,,,0.14,0.14,100.0,0.0,0,0.0
V. Kochergin,Raków Częstochowa,Zorya,LCMF,30,1500000,2027-06-30,10,925,5,3.17,2,1.97,15.86,43.56,Ukraine,Ukraine,right,178,70,no,5.74,4.67,47.92,0.78,25.0,0.0,0.0,0.0,3.5,5.54,0.78,3,0.29,0,0.0,4.77,0.49,5,0.49,0.31,0,0.0,36,3.5,41.67,13.889,0.19,1.75,33.33,0.78,12.5,0.97,50.0,0.29,4.57,48.94,7.2,45.95,3.7,2.92,1.85,34.05,0.78,1.46,44.76,75.65,16.05,67.27,4.48,95.65,15.76,79.63,36.78,80.16,6.42,62.12,19.26,39.11,0.19,1.46,0.1,0.1,1.56,31.25,0.88,9.44,71.13,4.77,55.1,1.95,30.0,3.02,0.58,10.41,81.31,0,,0,,0,0.0,0.0,0.0,,,0.49,,,0.0,0.0,0.0,0.0,0,0.0
B. Lednev,Polissya,Dynamo Kyiv,"AMF, LCMF, RW",28,1200000,2026-06-30,8,137,0,0.4,0,0.23,23.65,61.11,Ukraine,Ukraine,left,173,70,no,3.28,3.28,80.0,0.66,0.0,0.0,0.0,0.0,0.66,1.3,0.0,0,0.0,0,0.0,8.54,0.0,0,0.0,0.26,0,0.0,5,3.28,40.0,0.0,0.0,1.97,33.33,0.66,100.0,1.31,0.0,0.0,8.54,69.23,16.42,68.0,6.57,2.63,1.31,17.74,0.0,2.63,28.25,86.05,5.91,66.67,5.91,100.0,8.54,92.31,25.62,89.74,0.66,100.0,13.3,5.99,0.15,1.31,0.66,0.0,1.31,50.0,0.66,3.94,66.67,2.63,75.0,0.66,0.0,1.31,0.66,3.28,100.0,0,,0,,0,0.0,0.0,0.0,,,0.0,,,0.0,0.0,0.0,1.97,0,0.0
S. Buletsa,Oleksandria,Zorya,"AMF, RCMF, LCMF",27,1200000,2027-06-30,16,1407,2,3.94,1,3.58,16.76,43.89,Ukraine,Ukraine,right,172,64,no,5.57,4.8,53.33,1.6,24.0,0.38,0.62,0.0,2.62,4.21,0.77,0,0.0,0,0.0,3.52,0.13,2,0.13,0.25,0,0.0,32,2.05,34.38,6.25,0.06,1.86,31.03,0.51,25.0,1.34,33.33,0.32,4.16,50.77,8.19,41.41,2.69,2.37,1.54,25.46,1.34,0.77,36.72,80.66,9.53,69.13,7.74,96.69,12.79,86.0,33.13,85.33,1.79,42.86,17.93,31.87,0.23,1.79,0.19,0.06,0.96,13.33,0.32,4.35,75.0,2.56,47.5,1.28,10.0,0.96,0.64,4.09,75.0,0,,0,,0,0.0,0.0,0.0,,,0.45,,,1.47,0.26,25.0,4.09,1,0.0
O. Kozhushko,Bukovyna,Oleksandria,"RW, LW, LAMF",28,1200000,2027-06-30,14,559,2,1.15,0,1.14,26.57,43.64,Ukraine,Ukraine,right,173,73,no,7.08,4.67,62.07,2.25,28.57,1.45,2.23,0.0,2.74,4.21,1.61,1,0.16,1,0.16,7.25,0.32,2,0.32,0.19,1,0.16,14,2.25,57.14,14.286,0.0,3.54,40.91,1.77,45.45,1.61,30.0,0.16,7.25,60.0,14.49,45.56,3.7,1.77,1.61,12.72,1.77,1.61,25.12,75.64,7.25,62.22,5.64,94.29,7.25,80.0,20.29,84.13,1.77,45.45,20.06,21.02,0.18,1.29,0.16,0.0,0.64,25.0,0.48,1.77,54.55,2.9,55.56,0.48,0.0,1.61,0.97,4.19,80.77,0,,0,,0,0.0,0.0,0.0,,,0.48,,,0.0,0.0,0.0,0.0,0,0.0
O. Petrusenko,Osijek,Minaj,"RCMF, LCMF, DMF",28,1000000,2028-06-30,18,1675,0,0.04,0,0.38,18.97,56.66,Ukraine,Ukraine,right,181,71,no,10.85,9.03,60.12,1.34,44.0,1.29,1.51,0.16,4.14,4.83,1.67,3,0.16,0,0.0,1.29,0.0,0,0.0,0.0,0,0.0,4,0.21,25.0,0.0,0.0,0.16,66.67,0.05,0.0,0.11,100.0,0.05,1.24,78.26,4.67,55.17,0.0,0.7,0.16,21.39,0.21,1.72,35.57,89.43,8.49,74.68,5.75,94.39,16.93,94.6,32.88,91.5,2.53,63.83,19.09,30.86,0.02,0.32,0.0,0.0,0.27,60.0,0.11,3.28,73.77,0.43,37.5,0.54,60.0,0.11,0.16,4.08,65.79,0,,0,,0,0.0,0.0,0.0,,,0.21,,,0.21,0.05,0.0,0.0,0,0.0
V. Kornienko,Shakhtar Donetsk,Shakhtar Donetsk,LB,27,1000000,2027-12-31,10,596,1,1.49,2,0.94,11.33,64.0,Ukraine,Ukraine,left,178,75,no,6.34,4.53,70.0,1.66,54.55,0.0,0.0,0.0,3.17,7.24,0.45,1,0.15,0,0.0,3.93,0.15,1,0.15,0.23,0,0.0,13,1.96,38.46,7.692,0.3,4.68,41.94,4.53,43.33,0.15,0.0,0.15,1.36,77.78,3.62,58.33,4.68,0.45,0.15,50.44,1.96,1.06,61.46,87.96,10.42,79.71,11.93,96.2,23.71,89.81,55.87,93.24,1.21,12.5,16.15,23.16,0.14,1.21,0.0,0.15,0.15,100.0,0.6,4.23,85.71,3.78,60.0,0.15,0.0,1.36,1.96,6.34,92.86,0,,0,,0,0.0,0.0,0.0,,,0.6,,,0.76,0.45,66.67,0.91,0,0.0
T. Stetskov,Karpaty,Oleksandria,"LAMF, LW",28,1000000,2027-12-31,3,46,0,0.0,0,0.15,27.39,50.0,Ukraine,Ukraine,left,184,78,no,1.96,13.7,14.29,7.83,100.0,0.0,0.0,0.0,0.0,0.0,3.91,0,0.0,0,0.0,1.96,0.0,0,0.0,0.0,0,0.0,0,0.0,0.0,0.0,0.0,0.0,0.0,0.0,0.0,0.0,0.0,0.0,1.96,100.0,1.96,100.0,5.87,1.96,0.0,7.83,0.0,0.0,17.61,55.56,7.83,25.0,3.91,100.0,3.91,50.0,15.65,62.5,1.96,0.0,10.5,18.7,0.29,3.91,0.0,0.0,1.96,0.0,1.96,0.0,0.0,1.96,100.0,1.96,0.0,3.91,0.0,3.91,100.0,0,,0,,0,0.0,0.0,0.0,,,0.0,,,0.0,0.0,0.0,0.0,0,0.0
O. Sych,Dynamo Kyiv,Rukh Lviv,"RB, RCMF",25,1000000,2029-06-30,12,819,0,1.14,0,0.93,18.68,49.41,Ukraine,Ukraine,right,186,78,no,10.0,7.36,61.19,3.41,48.39,0.66,0.75,0.22,4.84,5.52,1.76,4,0.44,0,0.0,2.31,0.0,0,0.0,0.13,0,0.0,8,0.88,12.5,0.0,0.0,2.2,50.0,0.0,0.0,2.2,50.0,0.0,1.98,50.0,3.85,45.71,1.1,1.32,1.32,16.15,1.1,1.43,25.27,73.48,9.12,59.04,5.38,91.84,6.15,85.71,20.11,79.78,3.08,50.0,15.1,24.36,0.1,0.55,0.0,0.0,0.22,50.0,0.33,2.86,50.0,1.98,55.56,0.44,0.0,0.55,0.88,6.15,60.71,0,,0,,0,0.0,0.0,0.0,,,0.22,,,0.0,0.0,0.0,0.0,0,0.0
D. Miroshnichenko,Karpaty,Oleksandria,RB,31,900000,2027-06-30,18,1737,0,0.72,1,1.83,19.33,52.82,Ukraine,Ukraine,right,178,71,no,9.74,6.89,54.14,2.23,53.49,0.98,1.29,0.16,5.03,6.58,1.09,3,0.16,0,0.0,3.73,0.0,0,0.0,0.04,0,0.0,22,1.14,27.27,0.0,0.05,2.38,39.13,0.0,0.0,2.38,39.13,0.16,3.83,63.51,6.37,52.85,0.73,1.97,1.35,25.75,1.76,1.5,38.81,77.17,17.93,72.83,4.51,89.66,10.57,78.92,31.97,82.17,4.46,61.63,18.44,29.67,0.1,0.88,0.21,0.0,0.31,16.67,0.57,6.42,75.81,3.06,47.46,0.41,25.0,0.62,0.88,11.4,75.0,0,,0,,0,0.0,0.0,0.0,,,0.62,,,0.31,0.1,0.0,0.05,0,0.0
Y. Klymchuk,Kolos Kovalivka,Rukh Lviv,"LW, CF, RW",29,900000,2027-06-30,15,1346,5,4.3,0,0.6,24.47,42.35,Ukraine,Ukraine,right,178,69,no,5.01,4.68,54.29,5.15,37.66,0.0,0.0,0.2,2.47,2.89,1.27,1,0.07,0,0.0,3.88,0.33,4,0.27,0.29,0,0.0,33,2.21,42.42,15.152,0.0,0.4,16.67,0.2,33.33,0.13,0.0,0.0,5.01,53.33,10.5,42.04,2.67,2.07,2.27,12.57,1.54,1.6,17.65,81.44,3.34,56.0,6.69,95.0,4.28,85.94,16.38,84.49,0.94,57.14,15.71,23.09,0.04,0.67,0.0,0.0,0.33,60.0,0.13,1.6,54.17,0.47,28.57,0.27,25.0,0.2,0.0,1.47,72.73,0,,0,,0,0.0,0.0,0.0,,,0.07,,,0.0,0.0,0.0,0.0,2,50.0
K. Fesyun,Shakhtar Donetsk,Kolos Kovalivka,GK,23,900000,2029-06-30,5,475,0,0.0,0,0.0,1.14,100.0,Ukraine,Ukraine,right,191,80,no,2.08,0.0,0.0,0.76,100.0,0.0,0.0,0.0,2.08,2.19,0.0,0,0.0,0,0.0,0.0,0.0,0,0.0,0.0,0,0.0,0,0.0,0.0,0.0,0.0,0.0,0.0,0.0,0.0,0.0,0.0,0.0,0.0,0.0,0.19,100.0,0.0,0.0,0.0,7.01,0.0,0.38,14.02,79.73,8.91,70.21,0.0,0.0,4.55,95.83,7.58,92.5,6.44,64.71,35.29,43.97,0.0,0.0,0.0,0.0,0.0,0.0,0.0,0.95,80.0,0.0,0.0,0.0,0.0,0.0,0.0,4.93,69.23,5,0.95,31,5.87,1,83.87,7.13,1.35,2.13,0.404,0.0,2.08,0.76,,,,0.0,0,0.0
V. Cojocaru,Pogoń Szczecin,Dnipro-1,GK,30,900000,2027-06-30,14,1342,0,0.0,0,0.0,0.67,90.0,Romania,Romania,right,195,89,no,1.34,0.07,0.0,0.54,100.0,0.0,0.0,0.0,1.34,1.88,0.0,2,0.13,0,0.0,0.07,0.0,0,0.0,0.0,0,0.0,0,0.0,0.0,0.0,0.0,0.0,0.0,0.0,0.0,0.0,0.0,0.0,0.07,100.0,0.07,100.0,0.0,0.0,0.0,15.02,0.2,0.07,21.33,87.74,11.47,79.53,0.0,0.0,8.92,97.74,13.95,99.04,7.38,66.36,29.75,47.32,0.0,0.0,0.0,0.0,0.0,0.0,0.0,1.61,41.67,0.07,0.0,0.0,0.0,0.0,0.0,5.37,76.25,12,0.8,45,3.02,7,73.33,12.66,0.85,0.66,0.044,0.0,0.6,0.54,,,,0.0,0,0.0
S. Zahedi,Johor Darul Ta'zim,Zorya,"CF, LWF, RW",30,900000,2028-06-30,16,958,6,4.0,4,1.95,26.12,36.33,Iran,Iran,left,187,78,no,5.73,4.7,50.0,5.64,28.33,0.38,0.58,0.09,3.01,4.62,2.25,4,0.38,0,0.0,4.6,0.56,6,0.56,0.38,0,0.0,28,2.63,39.29,21.429,0.38,1.97,38.1,1.41,40.0,0.56,33.33,0.28,4.6,55.1,9.58,42.16,4.51,1.41,0.85,12.96,2.07,1.5,18.32,73.85,3.38,61.11,5.07,88.89,6.48,78.26,14.19,79.47,2.25,70.83,19.18,30.12,0.18,0.75,0.09,0.0,0.38,75.0,0.75,1.78,47.37,1.13,58.33,0.75,50.0,1.22,0.75,2.54,74.07,0,,0,,0,0.0,0.0,0.0,,,0.09,,,0.19,0.09,0.0,0.0,0,0.0
M. Zaderaka,Bukovyna,Metalist 1925 Kharkiv,"RCMF, AMF, LCMF",31,900000,2027-06-30,10,364,0,0.59,0,0.98,22.5,47.25,Ukraine,Ukraine,right,171,72,no,4.45,5.44,40.91,2.97,25.0,1.24,1.79,0.0,0.99,1.43,2.47,1,0.25,0,0.0,5.44,0.0,0,0.0,0.15,0,0.0,10,2.47,40.0,0.0,0.0,5.93,16.67,0.49,0.0,5.44,18.18,0.74,5.69,60.87,10.63,58.14,2.97,2.72,1.73,23.74,0.74,1.24,38.57,71.79,11.37,78.26,5.93,95.83,13.85,69.64,27.94,85.84,4.7,57.89,19.6,21.12,0.24,2.23,0.0,0.0,0.0,0.0,1.24,5.93,70.83,4.95,40.0,0.49,100.0,1.48,1.24,6.68,70.37,0,,0,,0,0.0,0.0,0.0,,,0.49,,,0.0,0.0,0.0,0.0,0,0.0
Y. Pavlyuk,Metalist 1925 Kharkiv,Vorskla,"RCMF, RB, RCB",23,800000,2028-06-30,4,67,0,0.0,0,0.03,10.75,12.5,Ukraine,Ukraine,right,186,77,no,1.34,5.37,0.0,2.69,50.0,0.0,0.0,0.0,1.34,2.14,1.34,1,1.34,0,0.0,0.0,0.0,0,0.0,0.0,0,0.0,0,0.0,0.0,0.0,0.0,0.0,0.0,0.0,0.0,0.0,0.0,0.0,0.0,0.0,1.34,0.0,1.34,0.0,0.0,42.99,0.0,0.0,49.7,86.49,8.06,66.67,6.72,100.0,30.9,91.3,45.67,88.24,4.03,66.67,14.89,33.23,0.04,1.34,0.0,0.0,0.0,0.0,0.0,2.69,50.0,0.0,0.0,1.34,0.0,0.0,0.0,5.37,50.0,0,,0,,0,0.0,0.0,0.0,,,0.0,,,0.0,0.0,0.0,0.0,0,0.0
M. Mampassi,Turan-T,Mariupol,"LCB, RCB",23,800000,2026-12-31,15,1228,0,0.17,1,0.26,13.85,62.96,Russia,"Russia, Congo",right,185,76,no,8.87,5.86,67.5,4.76,56.92,0.07,0.09,0.51,4.84,5.89,0.95,6,0.44,0,0.0,0.44,0.0,0,0.0,0.01,0,0.0,2,0.15,50.0,0.0,0.07,0.07,100.0,0.0,0.0,0.07,100.0,0.0,0.37,80.0,1.47,65.0,0.29,0.66,0.29,35.55,0.15,0.73,51.74,86.83,21.91,76.92,1.83,88.0,24.92,95.88,44.63,92.45,7.04,51.04,22.2,32.2,0.02,0.15,0.0,0.0,0.15,0.0,0.07,4.91,65.67,0.37,60.0,0.51,28.57,0.15,0.07,9.53,65.38,0,,0,,0,0.0,0.0,0.0,,,1.03,,,0.0,0.0,0.0,0.0,0,0.0
G. Tsitaishvili,Metz,Chornomorets,"RW, LW",25,800000,2026-06-30,13,1163,1,2.23,0,2.19,22.29,44.44,Georgia,"Georgia, Ukraine",left,171,63,yes,3.87,3.87,50.0,1.39,22.22,0.31,0.38,0.0,1.63,2.01,0.93,3,0.23,0,0.0,8.13,0.08,1,0.08,0.17,0,0.0,39,3.02,30.77,2.564,0.0,4.18,42.59,1.47,42.11,2.71,42.86,0.62,9.98,52.71,14.39,46.77,3.25,3.56,1.55,16.72,2.32,2.09,21.82,73.05,5.8,69.33,4.88,98.41,8.67,62.5,15.48,83.5,2.79,55.56,21.44,39.6,0.17,0.93,0.08,0.0,0.85,18.18,0.39,2.17,46.43,4.1,47.17,1.08,28.57,0.77,1.39,3.87,82.0,0,,0,,0,0.0,0.0,0.0,,,0.08,,,0.85,0.23,33.33,2.4,0,0.0
A. Chelyadin,Kolos Kovalivka,Vorskla,"RCMF, LWB, RDMF",26,800000,2027-06-30,18,1346,0,1.28,0,1.52,20.93,59.74,Ukraine,Ukraine,left,184,77,no,11.3,7.89,67.8,2.67,47.5,0.87,1.3,0.4,5.08,7.6,0.87,3,0.2,0,0.0,2.01,0.0,0,0.0,0.09,0,0.0,10,0.67,30.0,0.0,0.0,1.07,31.25,0.8,41.67,0.27,0.0,0.2,1.67,60.0,6.75,55.45,1.6,1.27,0.6,28.35,0.8,3.14,41.79,88.96,11.57,75.72,10.1,95.36,13.37,93.0,37.44,93.75,3.34,54.0,17.95,31.99,0.1,0.87,0.07,0.07,0.87,53.85,0.13,4.75,76.06,1.87,60.71,1.0,46.67,0.74,0.27,5.48,79.27,0,,0,,0,0.0,0.0,0.0,,,1.34,,,0.87,0.13,50.0,1.34,0,0.0
I. Kane,Kolos Kovalivka,Vorskla,"LWF, LWB, LW",25,800000,2028-06-30,17,1510,2,3.07,1,3.14,18.66,47.92,Mali,Mali,left,175,60,no,6.44,4.95,63.86,1.13,31.58,0.3,0.43,0.06,2.98,4.29,0.89,2,0.12,0,0.0,4.05,0.12,2,0.12,0.18,0,0.0,30,1.79,46.67,6.667,0.06,2.86,43.75,2.38,40.0,0.48,62.5,0.24,3.81,42.19,10.07,44.97,2.62,1.97,1.19,22.59,1.31,2.56,32.6,78.79,10.97,72.83,7.15,95.83,8.11,73.53,27.48,85.25,2.32,46.15,16.67,27.59,0.19,1.19,0.0,0.0,0.83,42.86,0.48,3.4,68.42,3.1,51.92,0.6,50.0,0.95,1.13,5.72,76.04,0,,0,,0,0.0,0.0,0.0,,,0.18,,,0.12,0.0,0.0,0.18,0,0.0
D. Antyukh,Metalist 1925 Kharkiv,Dynamo Kyiv,"LW, RW",28,800000,2027-06-30,3,109,0,0.1,0,0.29,12.39,40.0,Ukraine,Ukraine,left,180,76,no,4.13,2.48,66.67,0.0,0.0,0.83,1.25,0.0,1.65,2.5,0.83,0,0.0,0,0.0,3.3,0.0,0,0.0,0.09,0,0.0,1,0.83,100.0,0.0,0.0,4.13,20.0,3.3,25.0,0.83,0.0,0.0,3.3,25.0,6.61,37.5,2.48,2.48,0.83,38.81,0.0,0.83,54.5,86.36,6.61,75.0,15.69,94.74,24.77,83.33,45.41,90.91,4.95,100.0,14.7,24.16,0.24,1.65,0.0,0.83,0.83,100.0,0.83,2.48,100.0,5.78,57.14,1.65,100.0,3.3,0.83,5.78,71.43,0,,0,,0,0.0,0.0,0.0,,,1.65,,,0.0,0.0,0.0,0.0,0,0.0
L. Cvek,Voluntari,Zorya,"RCB, LCB, DMF",30,800000,,14,1245,0,0.81,0,0.1,20.24,59.64,Croatia,Croatia,right,183,79,no,12.51,9.04,65.6,4.27,50.85,0.43,0.66,0.51,6.14,9.34,1.59,3,0.22,0,0.0,0.51,0.0,0,0.0,0.06,0,0.0,6,0.43,0.0,0.0,0.0,0.29,0.0,0.14,0.0,0.14,0.0,0.0,0.58,87.5,2.24,54.84,0.29,1.73,0.14,35.06,0.51,1.23,51.98,86.51,21.9,77.56,3.18,97.73,22.92,94.01,42.87,92.41,8.82,60.66,21.42,33.71,0.01,0.22,0.0,0.0,0.07,0.0,0.0,9.9,72.26,0.94,7.69,1.23,29.41,0.07,0.0,10.05,77.7,0,,0,,0,0.0,0.0,0.0,,,1.59,,,0.0,0.0,0.0,0.0,0,0.0
Y. Volynets,Polissya,Kolos Kovalivka,GK,32,800000,2028-06-30,10,966,0,0.0,0,0.0,0.75,75.0,Ukraine,Ukraine,right,188,81,no,1.4,0.09,100.0,0.47,80.0,0.0,0.0,0.0,1.3,1.7,0.0,0,0.0,0,0.0,0.0,0.0,0,0.0,0.0,0,0.0,0,0.0,0.0,0.0,0.0,0.0,0.0,0.0,0.0,0.0,0.0,0.0,0.0,0.0,0.0,0.0,0.0,0.0,0.0,9.5,0.19,0.09,14.53,92.31,7.64,86.59,0.0,0.0,6.52,100.0,10.16,98.17,4.38,78.72,27.85,44.49,0.0,0.0,0.0,0.0,0.0,0.0,0.0,0.65,71.43,0.09,0.0,0.0,0.0,0.0,0.0,3.35,86.11,7,0.65,35,3.26,5,80.0,9.22,0.86,2.22,0.207,0.0,1.12,0.47,,,,0.0,0,0.0
R. Didyk,LNZ Cherkasy,Rukh Lviv,"LCB, LB",23,800000,2029-06-30,9,818,0,0.59,0,0.48,13.64,59.68,Ukraine,Ukraine,right,185,72,no,10.34,6.71,62.3,3.63,60.61,0.77,0.98,0.99,5.39,6.87,0.99,3,0.33,0,0.0,0.11,0.0,0,0.0,0.06,0,0.0,4,0.44,25.0,0.0,0.0,0.0,0.0,0.0,0.0,0.0,0.0,0.0,0.11,0.0,1.21,54.55,0.66,0.44,0.22,42.47,0.55,1.32,55.45,91.87,20.79,82.01,3.19,96.55,27.07,97.97,51.6,94.67,3.85,54.29,22.41,28.43,0.05,0.11,0.0,0.0,0.0,0.0,0.11,5.17,78.72,0.11,0.0,0.0,0.0,0.11,0.0,8.14,78.38,0,,0,,0,0.0,0.0,0.0,,,2.31,,,0.0,0.0,0.0,0.0,0,0.0
M. Sapuga,Karpaty,Rukh Lviv,RCMF,23,800000,2029-06-30,4,322,0,0.21,0,0.43,19.29,50.72,Ukraine,Ukraine,right,194,79,no,11.46,8.94,62.5,5.03,33.33,0.0,0.0,0.28,5.87,7.16,1.68,1,0.28,0,0.0,0.28,0.0,0,0.0,0.06,0,0.0,4,1.12,0.0,0.0,0.0,1.68,16.67,0.0,0.0,1.4,0.0,0.28,0.0,0.0,1.68,83.33,1.68,0.28,0.56,24.6,0.28,0.84,36.34,83.85,11.18,67.5,5.87,95.24,12.86,91.3,31.02,88.29,3.63,76.92,17.86,29.85,0.12,1.12,0.0,0.0,0.56,0.0,0.28,6.15,81.82,1.96,28.57,0.56,0.0,1.12,0.84,5.31,68.42,0,,0,,0,0.0,0.0,0.0,,,0.28,,,0.0,0.0,0.0,0.0,0,0.0
N. Djurasek,Zrinjski,Dnipro-1,"LCMF, RDMF",27,800000,2027-06-30,18,1435,0,1.05,1,0.8,14.74,48.09,Croatia,Croatia,right,173,67,no,6.33,6.08,49.48,1.25,50.0,0.13,0.18,0.19,3.2,4.66,1.19,3,0.19,0,0.0,1.82,0.0,0,0.0,0.07,0,0.0,20,1.25,30.0,0.0,0.06,0.31,20.0,0.19,0.0,0.06,0.0,0.06,2.26,55.56,4.7,45.33,0.69,1.44,1.32,37.57,0.38,1.44,49.11,92.46,13.92,85.14,8.78,97.14,17.18,95.99,46.79,94.24,2.01,62.5,16.3,30.96,0.05,0.5,0.13,0.0,0.25,50.0,0.13,6.77,84.26,1.32,47.62,0.56,44.44,0.75,0.13,5.96,86.32,0,,0,,0,0.0,0.0,0.0,,,0.69,,,0.06,0.06,0.0,0.06,0,0.0
M. Bragaru,Polissya,Chornomorets,"RW, RCMF",23,800000,2029-06-30,14,663,0,1.24,0,0.98,22.53,48.8,Ukraine,Ukraine,right,175,70,no,7.87,8.96,59.09,1.9,28.57,0.54,0.61,0.0,2.04,2.27,2.04,3,0.41,0,0.0,2.85,0.0,0,0.0,0.17,0,0.0,14,1.9,7.14,0.0,0.0,0.95,14.29,0.0,0.0,0.95,14.29,0.0,4.21,54.84,7.87,48.28,1.9,2.71,1.9,13.98,1.49,1.76,21.31,80.25,5.57,60.98,6.65,91.84,5.16,86.84,19.55,84.03,0.81,66.67,15.49,10.02,0.13,1.22,0.0,0.0,0.68,40.0,0.41,1.22,77.78,1.49,54.55,0.54,50.0,0.81,0.14,3.67,55.56,0,,0,,0,0.0,0.0,0.0,,,0.14,,,0.0,0.0,0.0,0.41,0,0.0
O. Thill,IMT Novi Beograd,Vorskla,"AMF, RCMF, LCMF",29,800000,2028-06-30,16,1345,8,6.02,4,2.8,20.21,41.39,Luxembourg,Luxembourg,right,176,76,no,5.55,5.69,47.06,1.94,24.14,0.07,0.1,0.2,2.81,4.16,1.61,3,0.2,1,0.07,3.28,0.54,6,0.4,0.4,0,0.0,38,2.54,44.74,21.053,0.27,0.94,21.43,0.47,0.0,0.47,42.86,0.07,3.28,53.06,9.03,38.52,2.14,1.87,0.8,30.71,1.07,1.61,43.03,84.6,11.98,73.18,9.64,97.92,14.32,86.92,39.21,87.37,2.88,67.44,18.58,37.0,0.19,1.81,0.13,0.07,0.94,21.43,0.27,5.75,66.28,2.14,56.25,0.74,18.18,1.14,0.27,6.42,73.96,0,,0,,0,0.0,0.0,0.0,,,0.54,,,1.67,0.47,14.29,3.21,2,100.0
I. Putrya,LNZ Cherkasy,Chornomorets,RB,28,800000,2028-06-30,14,1180,1,2.11,1,1.68,13.65,53.63,Ukraine,Ukraine,right,180,71,no,10.07,6.71,59.09,1.83,37.5,0.84,1.02,0.38,5.26,6.43,0.99,5,0.38,0,0.0,3.58,0.08,0,0.0,0.16,0,0.0,7,0.53,71.43,14.286,0.08,4.42,39.66,0.0,0.0,4.42,39.66,0.31,1.91,60.0,3.28,53.49,1.07,2.21,1.22,27.53,1.68,0.76,38.97,77.69,14.42,66.67,6.25,95.12,11.97,83.44,29.9,87.76,4.96,49.23,20.96,32.54,0.13,0.99,0.0,0.0,0.46,66.67,1.07,4.42,62.07,3.36,56.82,0.84,36.36,0.53,1.6,9.38,71.54,0,,0,,0,0.0,0.0,0.0,,,1.07,,,0.0,0.0,0.0,0.0,2,50.0
I. Kyryukhantsev,Epitsentr Kamyanets-Podilskyi,Oleksandria,"RAMF, RW",30,800000,2027-06-30,10,510,1,0.42,1,1.27,24.35,42.75,Ukraine,Ukraine,right,170,73,no,6.0,6.88,51.28,1.94,9.09,0.18,0.24,0.0,2.29,3.07,1.59,1,0.18,1,0.18,5.65,0.18,1,0.18,0.07,0,0.0,7,1.24,71.43,14.286,0.18,5.29,26.67,0.71,25.0,4.41,24.0,1.06,6.0,50.0,12.35,45.71,3.71,1.24,0.71,23.82,1.76,1.59,33.88,73.44,7.06,70.0,7.94,88.89,9.35,60.38,27.18,84.42,1.76,40.0,13.93,15.19,0.22,1.24,0.0,0.0,0.53,66.67,0.71,2.29,61.54,5.12,41.38,0.53,33.33,1.59,1.24,4.24,79.17,0,,0,,0,0.0,0.0,0.0,,,0.18,,,0.0,0.0,0.0,0.0,0,0.0
A. Shtogrin,Neftchi,Chornomorets,"LW, LAMF",27,700000,2027-06-30,4,227,0,0.0,0,0.0,21.41,29.63,Ukraine,Ukraine,right,182,67,no,5.55,6.74,29.41,5.55,35.71,0.0,0.0,0.0,3.57,3.6,0.4,0,0.0,0,0.0,1.59,0.0,0,0.0,0.0,0,0.0,0,0.0,0.0,0.0,0.0,1.59,25.0,1.59,25.0,0.0,0.0,0.0,4.76,25.0,8.33,28.57,0.4,2.38,3.17,7.93,0.79,1.19,14.27,80.56,1.59,50.0,6.34,100.0,3.96,60.0,12.29,87.1,0.4,100.0,15.92,12.01,0.0,0.0,0.0,0.0,0.0,0.0,0.0,0.79,100.0,1.59,25.0,0.0,0.0,0.0,0.4,2.78,57.14,0,,0,,0,0.0,0.0,0.0,,,0.0,,,0.0,0.0,0.0,0.0,0,0.0
D. Topalov,Aktobe,Mariupol,"LW, LAMF",28,700000,2026-12-31,17,1367,3,1.69,3,3.14,16.72,49.21,Ukraine,Ukraine,left,173,63,no,7.18,5.33,60.49,0.92,21.43,0.99,1.21,0.07,2.96,3.63,1.32,1,0.07,0,0.0,4.48,0.2,3,0.2,0.11,0,0.0,20,1.32,55.0,15.0,0.2,4.02,32.79,3.62,30.91,0.4,50.0,0.66,3.82,60.34,7.7,44.44,2.5,2.17,2.17,17.71,1.32,1.58,25.08,76.64,4.61,64.29,6.72,94.12,9.02,72.26,19.49,89.19,1.98,40.0,18.5,34.33,0.21,1.12,0.0,0.0,0.4,33.33,0.72,1.78,74.07,3.09,44.68,0.33,0.0,0.66,1.32,4.41,65.67,0,,0,,0,0.0,0.0,0.0,,,0.07,,,0.46,0.07,0.0,0.92,0,0.0
B. Kushnirenko,Zorya,Vorskla,"LCMF, LCB",30,700000,2027-06-30,6,171,0,0.2,0,0.0,12.11,43.48,Ukraine,Ukraine,right,187,82,no,8.42,2.11,50.0,4.74,55.56,0.53,0.79,1.05,6.84,10.26,0.53,1,0.53,0,0.0,0.0,0.0,0,0.0,0.1,0,0.0,2,1.05,0.0,0.0,0.0,0.0,0.0,0.0,0.0,0.0,0.0,0.0,0.53,0.0,4.21,37.5,1.05,0.0,0.0,21.05,1.58,1.05,34.21,70.77,14.74,42.86,5.79,90.91,10.53,95.0,29.47,76.79,4.74,33.33,12.71,19.18,0.0,0.0,0.0,0.0,0.53,0.0,0.0,3.16,16.67,1.05,50.0,0.53,0.0,0.53,0.0,5.26,40.0,0,,0,,0,0.0,0.0,0.0,,,1.58,,,0.0,0.0,0.0,0.0,0,0.0
E. Ramírez,Carabobo,Dynamo Kyiv,CF,27,700000,2026-12-31,4,223,1,0.92,1,0.35,20.58,33.33,Venezuela,Venezuela,right,190,82,yes,2.02,3.23,62.5,2.02,40.0,0.0,0.0,0.0,0.0,0.0,2.42,0,0.0,0,0.0,2.02,0.4,1,0.4,0.37,0,0.0,8,3.23,25.0,12.5,0.4,0.81,0.0,0.0,0.0,0.81,0.0,0.0,2.42,33.33,10.9,25.93,5.65,1.61,1.61,11.3,2.02,2.02,14.93,59.46,4.44,63.64,4.04,70.0,4.04,30.0,14.13,62.86,0.0,0.0,18.17,0.0,0.14,1.21,0.0,0.0,1.21,33.33,0.81,1.21,66.67,2.83,57.14,0.81,0.0,2.42,0.0,1.21,66.67,0,,0,,0,0.0,0.0,0.0,,,0.0,,,0.4,0.4,0.0,0.0,0,0.0
V. Baboglo,Karpaty,Oleksandria,RCB,27,700000,2027-06-30,16,1481,2,2.18,0,0.0,19.69,63.27,Moldova,"Moldova, Ukraine",right,188,81,no,11.12,7.35,70.25,7.47,54.47,0.18,0.24,0.79,5.77,7.64,1.4,8,0.49,0,0.0,0.73,0.12,2,0.12,0.13,1,0.06,18,1.09,38.89,11.111,0.0,0.3,20.0,0.12,50.0,0.18,0.0,0.12,0.36,66.67,1.52,68.0,1.64,0.97,0.18,22.0,0.97,1.58,35.73,86.56,15.86,78.93,2.8,93.48,14.16,94.85,30.81,90.93,4.62,61.84,21.69,37.31,0.0,0.0,0.0,0.0,0.12,0.0,0.0,6.02,74.75,0.67,27.27,0.18,33.33,0.12,0.06,7.9,80.0,0,,0,,0,0.0,0.0,0.0,,,2.37,,,0.0,0.0,0.0,0.0,0,0.0
S. Kvirkvelia,Toktogul,Metalist 1925 Kharkiv,RCB,34,700000,2027-12-31,6,406,0,0.14,0,0.02,13.52,63.93,Georgia,Georgia,right,196,87,no,12.41,6.21,64.29,3.99,61.11,0.22,0.29,0.67,8.2,10.67,0.67,0,0.0,0,0.0,0.22,0.0,0,0.0,0.03,0,0.0,3,0.67,33.33,0.0,0.0,0.0,0.0,0.0,0.0,0.0,0.0,0.0,0.0,0.0,1.11,40.0,0.44,1.33,0.0,39.46,0.44,0.22,50.76,83.84,19.29,63.22,2.44,100.0,27.04,96.72,40.79,95.11,9.98,37.78,22.86,24.55,0.0,0.22,0.0,0.0,0.0,0.0,0.0,7.32,54.55,0.0,0.0,0.44,0.0,0.0,0.0,11.08,64.0,0,,0,,0,0.0,0.0,0.0,,,1.33,,,0.0,0.0,0.0,0.0,0,0.0
Sidcley,Ratchaburi,Dynamo Kyiv,"LW, LB",33,700000,,2,37,0,0.31,0,0.0,,,Brazil,Brazil,left,176,70,no,,,,,,,0.0,,,18.75,,0,,0,,,,0,,,0,,3,,,0.0,,,,,,,,,,,,,,,,,,,,,,,,,,,,,,,20.12,0.0,,,,,,,,,,,,,,,,,,0,,0,,0,0.0,0.0,,,,,,,,,,,0,0.0
M. Lunyov,Chornomorets,Zorya,RCMF,28,700000,,10,314,1,0.24,2,0.76,20.64,34.72,Ukraine,Ukraine,left,183,73,no,6.88,6.02,47.62,3.73,30.77,0.0,0.0,0.29,4.01,6.56,1.72,1,0.29,0,0.0,3.73,0.29,1,0.29,0.07,0,0.0,3,0.86,33.33,33.333,0.57,1.15,75.0,0.29,0.0,0.86,100.0,0.0,4.59,43.75,8.6,36.67,2.29,0.86,0.57,17.77,0.29,1.15,26.94,85.11,8.03,82.14,4.59,93.75,9.46,87.88,22.93,87.5,2.87,70.0,17.9,18.42,0.22,2.01,0.0,0.0,0.86,66.67,0.57,3.15,63.64,2.58,88.89,0.57,50.0,1.72,0.86,5.16,88.89,0,,0,,0,0.0,0.0,0.0,,,0.0,,,0.57,0.0,0.0,2.01,0,0.0
R. Vantukh,Karpaty,Chornomorets,LB,28,700000,2029-06-30,9,655,0,0.23,1,0.78,18.69,47.06,Ukraine,Ukraine,left,176,73,no,10.58,6.73,57.14,4.53,30.3,0.55,0.73,0.0,6.18,8.18,1.37,2,0.27,0,0.0,2.2,0.0,0,0.0,0.03,0,0.0,3,0.41,33.33,0.0,0.14,3.02,27.27,3.02,27.27,0.0,0.0,0.41,1.92,57.14,4.81,51.43,0.55,1.92,1.24,31.88,2.61,0.96,48.5,79.89,15.94,69.83,7.42,90.74,17.59,84.38,40.12,86.3,5.36,61.54,19.63,35.04,0.11,1.37,0.14,0.0,0.55,25.0,0.69,6.73,77.55,3.71,48.15,0.69,60.0,0.82,0.96,9.89,73.61,0,,0,,0,0.0,0.0,0.0,,,1.1,,,0.27,0.0,0.0,0.14,0,0.0
J. Tamm,Sepsi,Vorskla,"CB, LCB, RCB",34,700000,2027-06-30,15,1434,1,1.16,0,0.07,14.94,63.03,Estonia,Estonia,right,192,90,no,7.59,5.84,66.67,4.46,63.38,0.25,0.37,0.31,3.45,5.11,1.19,3,0.19,0,0.0,0.56,0.06,1,0.06,0.07,1,0.06,8,0.5,37.5,12.5,0.0,0.0,0.0,0.0,0.0,0.0,0.0,0.0,0.44,85.71,1.44,52.17,0.82,0.44,0.19,29.12,0.19,0.44,40.04,89.97,13.87,77.38,2.82,97.78,19.71,96.82,34.71,93.13,5.33,69.41,21.05,36.95,0.0,0.06,0.0,0.0,0.0,0.0,0.0,2.7,72.09,0.13,50.0,0.31,40.0,0.25,0.0,6.28,63.0,0,,0,,0,0.0,0.0,0.0,,,1.95,,,0.0,0.0,0.0,0.0,0,0.0
I. Nesterenko,Obolon,Vorskla,LCMF,22,600000,2027-12-31,1,9,0,0.0,0,0.0,,,Ukraine,Ukraine,right,178,67,yes,,,,,,,0.0,,,0.0,,0,,0,,,,0,,,0,,0,,,0.0,,,,,,,,,,,,,,,,,,,,,,,,,,,,,,,9.58,0.0,,,,,,,,,,,,,,,,,,0,,0,,0,0.0,0.0,,,,,,,,,,,0,0.0
B. Viunnyk,Lechia Gdańsk,Mariupol,CF,24,600000,2028-06-30,11,477,1,1.38,1,0.07,25.66,30.15,Ukraine,Ukraine,both,185,80,no,3.4,3.58,26.32,6.04,28.13,0.19,0.32,0.38,2.26,3.83,2.45,2,0.38,0,0.0,1.89,0.19,1,0.19,0.26,0,0.0,9,1.7,11.11,11.111,0.19,0.57,33.33,0.0,0.0,0.57,33.33,0.0,4.53,29.17,9.81,36.54,3.21,2.26,1.7,10.19,1.51,1.7,14.72,66.67,5.28,46.43,3.02,93.75,3.02,75.0,13.77,69.86,0.38,0.0,14.0,5.33,0.01,0.38,0.0,0.0,0.57,33.33,0.38,1.7,44.44,1.7,33.33,0.75,0.0,0.57,0.19,1.13,83.33,0,,0,,0,0.0,0.0,0.0,,,0.0,,,0.0,0.0,0.0,0.0,0,0.0
V. Supryaga,Epitsentr Kamyanets-Podilskyi,Dynamo Kyiv,CF,26,600000,2027-06-30,3,126,0,0.78,0,0.0,19.29,22.22,Ukraine,Ukraine,right,185,75,yes,2.14,5.0,28.57,1.43,0.0,0.71,1.5,0.0,0.0,0.0,2.86,1,0.71,0,0.0,1.43,0.0,0,0.0,0.56,0,0.0,3,2.14,0.0,0.0,0.0,1.43,0.0,0.0,0.0,1.43,0.0,0.71,0.71,100.0,6.43,44.44,5.71,1.43,0.0,14.29,1.43,1.43,18.57,76.92,2.14,100.0,7.14,80.0,3.57,60.0,17.14,83.33,0.0,0.0,10.99,0.0,0.0,0.0,0.0,0.0,0.71,100.0,0.0,0.0,0.0,0.0,0.0,0.71,100.0,0.0,0.0,0.0,0.0,0,,0,,0,0.0,0.0,0.0,,,0.0,,,0.0,0.0,0.0,0.0,0,0.0
I. Snurnitsyn,Metalist 1925 Kharkiv,Zorya,LB,26,600000,2026-06-30,9,322,0,0.27,0,0.0,17.33,50.0,Ukraine,Ukraine,left,184,74,no,9.22,6.99,48.0,2.24,37.5,0.56,0.85,0.28,5.31,8.03,2.24,1,0.28,0,0.0,2.24,0.0,0,0.0,0.07,0,0.0,4,1.12,0.0,0.0,0.0,3.91,21.43,3.91,21.43,0.0,0.0,0.28,2.24,62.5,5.03,55.56,0.84,2.24,0.84,28.23,0.56,0.84,43.32,74.84,17.05,72.13,4.19,86.67,16.21,79.31,34.38,83.74,5.87,52.38,15.32,17.92,0.0,0.0,0.0,0.0,0.0,0.0,0.0,8.94,81.25,2.8,30.0,0.56,0.0,0.0,0.84,13.42,79.17,0,,0,,0,0.0,0.0,0.0,,,1.96,,,0.0,0.0,0.0,0.0,0,0.0
O. Demchenko,Kolos Kovalivka,Oleksandria,"RCMF, RDMF, LCMF",30,600000,2027-06-30,14,823,0,0.15,1,0.09,15.75,54.86,Ukraine,Ukraine,right,181,75,no,9.84,6.89,50.79,3.5,59.38,0.22,0.28,0.98,6.12,7.96,1.53,2,0.22,0,0.0,0.98,0.0,0,0.0,0.02,0,0.0,7,0.77,28.57,0.0,0.11,1.2,9.09,0.44,0.0,0.77,14.29,0.44,1.09,60.0,2.52,60.87,0.33,0.11,0.22,18.48,0.22,0.98,31.82,77.66,10.72,60.2,4.37,95.0,12.69,87.07,26.68,84.43,3.94,52.78,17.29,28.66,0.01,0.11,0.0,0.0,0.0,0.0,0.0,5.58,70.59,1.86,11.76,0.55,20.0,0.11,0.11,4.16,50.0,0,,0,,0,0.0,0.0,0.0,,,0.44,,,0.22,0.0,0.0,0.77,0,0.0
V. Kalitvintsev,Metalist 1925 Kharkiv,Desna,"RW, RAMF",33,600000,2026-06-30,16,1438,3,2.19,4,4.17,17.84,46.32,Ukraine,Ukraine,left,178,65,no,4.13,3.88,45.16,1.75,39.29,0.25,0.33,0.0,2.13,2.79,0.81,4,0.25,0,0.0,6.45,0.19,3,0.19,0.14,0,0.0,39,2.44,25.64,7.692,0.25,5.82,39.78,1.5,45.83,4.26,38.24,0.63,5.13,63.41,9.64,49.35,1.38,2.88,1.06,34.11,1.63,1.56,44.06,76.56,12.45,63.82,7.26,97.41,17.09,73.26,31.61,88.32,6.88,52.73,20.6,37.25,0.26,2.0,0.06,0.06,0.69,36.36,0.81,8.07,72.09,7.95,42.52,2.19,28.57,1.0,2.44,9.95,81.76,0,,0,,0,0.0,0.0,0.0,,,0.0,,,2.07,0.19,0.0,2.75,0,0.0
V. Yurchenko,Metalist 1925 Kharkiv,Desna,"AMF, LCMF, RCMF",32,600000,2026-12-31,7,505,1,0.57,2,0.32,15.5,49.43,Ukraine,Ukraine,right,182,75,no,6.77,4.1,60.87,2.32,38.46,1.07,1.48,0.36,3.21,4.43,0.89,0,0.0,0,0.0,2.14,0.18,1,0.18,0.1,0,0.0,9,1.6,55.56,11.111,0.36,0.53,33.33,0.18,0.0,0.36,50.0,0.0,0.89,100.0,6.24,51.43,0.89,1.78,1.25,33.68,1.07,1.78,46.51,86.59,9.62,66.67,10.87,93.44,20.67,91.38,40.99,90.43,4.99,60.71,18.4,33.98,0.06,0.71,0.0,0.0,0.71,25.0,0.36,7.31,75.61,1.6,22.22,1.78,10.0,0.18,0.18,4.1,86.96,0,,0,,0,0.0,0.0,0.0,,,0.36,,,0.89,0.18,100.0,0.0,0,0.0
A. Nuriyev,Zira,Kolos Kovalivka,"AMF, LCMF, RCMF",30,600000,2026-06-30,13,552,1,1.49,1,1.01,22.99,42.55,Ukraine,"Ukraine, Azerbaijan",right,182,76,no,6.85,4.73,44.83,4.4,33.33,1.14,1.53,0.0,3.59,4.82,1.63,1,0.16,0,0.0,3.26,0.16,1,0.16,0.24,0,0.0,13,2.12,46.15,7.692,0.16,0.98,16.67,0.33,50.0,0.65,0.0,0.16,2.93,72.22,7.83,56.25,2.61,2.12,1.47,16.47,2.28,1.96,27.72,75.29,11.9,69.86,4.57,82.14,7.01,79.07,23.8,81.51,2.93,44.44,17.48,21.51,0.16,0.65,0.0,0.0,0.0,0.0,0.33,4.89,73.33,1.3,50.0,0.49,0.0,0.65,0.16,4.4,74.07,0,,0,,0,0.0,0.0,0.0,,,0.0,,,0.65,0.49,66.67,0.16,0,0.0
M. Kravchenko,Polissya,Dnipro-1,RB,29,600000,2028-06-30,14,1090,0,0.09,3,2.43,14.2,60.47,Ukraine,Ukraine,right,181,77,no,8.92,6.36,67.53,2.15,53.85,0.83,1.24,0.17,3.8,5.73,0.83,3,0.25,0,0.0,2.15,0.0,0,0.0,0.01,0,0.0,6,0.5,16.67,0.0,0.25,3.14,26.32,0.08,100.0,3.06,24.32,0.08,1.65,55.0,3.39,56.1,0.41,1.4,0.66,40.13,1.16,1.65,50.53,83.82,12.47,66.89,10.24,96.77,19.49,87.71,41.37,91.82,6.03,58.9,19.67,31.17,0.2,1.57,0.08,0.0,0.33,100.0,0.5,5.45,59.09,3.3,45.0,0.25,33.33,0.66,0.83,6.77,86.59,0,,0,,0,0.0,0.0,0.0,,,0.99,,,0.5,0.08,0.0,2.48,0,0.0
V. Bondarenko,Kolos Kovalivka,Vorskla,LCB,32,600000,,4,288,0,0.0,0,0.0,12.19,69.23,Ukraine,Ukraine,right,194,89,no,7.81,4.06,61.54,5.63,77.78,0.63,1.09,0.94,4.69,8.18,0.94,1,0.31,0,0.0,0.0,0.0,0,0.0,0.0,0,0.0,0,0.0,0.0,0.0,0.0,0.63,0.0,0.63,0.0,0.0,0.0,0.0,0.31,0.0,0.63,50.0,0.63,1.88,0.0,49.06,0.31,0.31,60.63,89.18,23.75,81.58,5.63,100.0,24.69,94.94,54.06,93.64,5.94,57.89,23.8,29.39,0.0,0.0,0.0,0.0,0.0,0.0,0.0,5.0,81.25,0.63,0.0,0.63,50.0,0.0,0.0,9.38,73.33,0,,0,,0,0.0,0.0,0.0,,,2.81,,,0.0,0.0,0.0,0.0,0,0.0
Talles,LNZ Cherkasy,Rukh Lviv,"AMF, RCMF",28,600000,2028-06-30,9,717,1,1.61,0,0.4,22.47,38.55,Brazil,Brazil,right,172,66,no,6.53,6.15,48.98,2.76,18.18,0.0,0.0,0.25,3.51,4.04,1.51,1,0.13,0,0.0,2.89,0.13,1,0.13,0.2,1,0.13,13,1.63,23.08,7.692,0.0,0.5,25.0,0.0,0.0,0.5,25.0,0.25,3.89,54.84,10.42,34.94,2.01,1.26,0.63,25.61,1.0,0.75,36.65,85.27,10.67,76.47,4.9,84.62,15.44,92.68,33.39,88.35,2.76,59.09,19.26,31.24,0.05,0.88,0.13,0.0,0.63,40.0,0.0,5.52,79.55,1.76,57.14,0.5,25.0,1.26,0.0,6.15,87.76,0,,0,,0,0.0,0.0,0.0,,,0.13,,,0.0,0.0,0.0,0.25,0,0.0
Y. Kopyna,Oleksandria,Oleksandria,"RDMF, RCMF, LDMF",30,600000,2027-06-30,7,215,0,0.0,0,0.0,21.77,40.38,Ukraine,Ukraine,right,182,72,no,12.14,9.63,52.17,3.35,25.0,2.51,2.95,1.26,4.6,5.41,2.09,1,0.42,0,0.0,1.67,0.0,0,0.0,0.0,0,0.0,0,0.0,0.0,0.0,0.0,1.26,33.33,0.0,0.0,1.26,33.33,0.84,2.51,50.0,5.02,41.67,1.67,0.0,0.84,16.74,0.42,0.42,30.14,83.33,9.21,77.27,5.44,84.62,9.63,86.96,25.53,88.52,3.77,66.67,17.62,27.65,0.0,0.0,0.42,0.0,0.0,0.0,0.0,4.19,70.0,0.84,50.0,0.42,0.0,0.42,0.42,5.02,75.0,0,,0,,0,0.0,0.0,0.0,,,0.42,,,0.0,0.0,0.0,0.0,0,0.0
V. Luchkevych,Epitsentr Kamyanets-Podilskyi,Dnipro-1,"RB, RAMF",30,600000,2027-06-30,13,638,0,0.38,2,1.08,17.63,41.6,Ukraine,Ukraine,right,176,65,no,7.05,6.77,50.0,2.4,41.18,0.42,0.54,0.0,3.24,4.16,1.27,1,0.14,0,0.0,2.54,0.0,0,0.0,0.05,0,0.0,4,0.56,0.0,0.0,0.28,1.41,30.0,0.0,0.0,1.41,30.0,0.0,2.54,55.56,4.94,40.0,1.13,1.55,1.13,25.82,1.41,1.13,35.13,81.93,8.89,74.6,8.04,91.23,12.98,83.7,32.02,85.9,1.69,50.0,16.31,19.47,0.15,1.27,0.0,0.0,0.85,83.33,0.85,3.1,68.18,2.26,56.25,0.71,80.0,1.55,0.28,5.78,78.05,0,,0,,0,0.0,0.0,0.0,,,0.42,,,0.0,0.0,0.0,0.0,0,0.0
E. Mustafaev,,Oleksandria,"AMF, CF, LW",24,600000,,4,149,0,0.21,1,0.14,32.62,38.89,Azerbaijan,"Azerbaijan, Ukraine",left,174,69,no,10.27,10.27,58.82,3.62,0.0,0.0,0.0,0.0,4.23,6.56,3.62,0,0.0,0,0.0,4.83,0.0,0,0.0,0.13,0,0.0,6,3.62,50.0,0.0,0.6,2.42,50.0,0.6,100.0,1.81,33.33,0.6,4.23,14.29,14.5,33.33,3.02,1.81,1.81,21.74,1.81,1.21,33.22,74.55,9.66,68.75,4.23,100.0,15.1,76.0,25.97,79.07,4.83,62.5,20.9,30.82,0.09,1.21,0.0,0.0,3.02,40.0,1.81,6.04,50.0,6.64,54.55,3.62,50.0,2.42,0.6,6.64,100.0,0,,0,,0,0.0,0.0,0.0,,,0.0,,,1.81,0.6,0.0,3.02,0,0.0
M. Mykhaylenko,Dynamo Kyiv,Chornomorets,"RCMF, DMF, RCB",25,500000,2027-06-30,15,1332,2,0.43,2,0.79,13.24,43.37,Ukraine,Ukraine,right,183,65,no,8.04,6.35,50.0,2.3,23.53,0.47,0.56,0.61,4.39,5.16,1.35,2,0.14,0,0.0,1.08,0.14,2,0.14,0.03,0,0.0,8,0.54,50.0,25.0,0.14,0.54,37.5,0.07,100.0,0.47,28.57,0.07,0.68,50.0,2.57,50.0,0.68,1.22,0.61,28.18,0.61,0.2,43.24,83.59,14.93,66.97,6.08,95.56,17.23,92.94,38.38,87.68,4.39,52.31,19.14,32.55,0.05,0.47,0.07,0.0,0.74,36.36,0.27,6.89,65.69,1.01,53.33,1.15,35.29,0.2,0.2,7.16,63.21,0,,0,,0,0.0,0.0,0.0,,,0.95,,,0.0,0.0,0.0,0.0,0,0.0
O. Drambayev,LNZ Cherkasy,Mariupol,LB,25,500000,2028-12-31,14,933,0,0.65,1,0.95,19.87,44.17,Ukraine,Ukraine,left,186,74,no,8.1,7.43,45.45,2.8,51.72,0.39,0.47,0.19,4.34,5.25,2.03,2,0.19,1,0.1,2.7,0.0,0,0.0,0.06,0,0.0,7,0.68,14.29,0.0,0.1,3.38,25.71,3.09,28.13,0.29,0.0,0.48,2.7,53.57,6.46,41.79,1.25,2.8,2.51,26.53,1.25,1.16,36.37,78.78,11.19,71.55,8.01,95.18,11.0,83.33,30.87,85.94,2.32,58.33,19.46,26.68,0.09,0.77,0.0,0.1,0.68,42.86,0.29,3.28,67.65,2.6,48.15,0.58,50.0,0.68,0.96,7.23,65.33,0,,0,,0,0.0,0.0,0.0,,,0.29,,,0.0,0.0,0.0,0.0,0,0.0
D. Skorko,Oleksandria,Chornomorets,RB,24,500000,2027-05-31,10,463,0,0.11,0,0.02,17.3,42.7,Ukraine,Ukraine,right,180,72,no,10.69,9.14,53.19,3.89,20.0,0.78,0.81,0.39,5.05,5.23,1.94,1,0.19,0,0.0,0.97,0.0,0,0.0,0.02,0,0.0,2,0.39,0.0,0.0,0.0,2.14,18.18,0.0,0.0,2.14,18.18,0.19,0.97,60.0,2.33,50.0,0.58,1.17,0.78,21.97,1.17,0.39,31.1,72.5,14.0,61.11,4.86,92.0,7.58,76.92,24.69,80.31,4.28,54.55,18.19,28.39,0.0,0.19,0.0,0.0,0.39,0.0,0.0,3.5,44.44,1.36,14.29,0.19,0.0,0.0,0.39,5.64,55.17,0,,0,,0,0.0,0.0,0.0,,,0.19,,,0.19,0.19,0.0,0.0,0,0.0
A. Avagimyan,Chornomorets,Chornomorets,LW,29,500000,2026-12-31,18,1333,5,3.9,0,1.92,22.48,45.05,Ukraine,"Ukraine, Armenia",right,172,67,no,5.2,4.59,52.94,1.69,24.0,0.41,0.47,0.0,2.36,2.73,0.95,3,0.2,0,0.0,5.6,0.34,5,0.34,0.26,0,0.0,38,2.57,44.74,13.158,0.0,1.89,42.86,1.62,41.67,0.2,66.67,0.14,4.79,64.79,12.42,46.2,2.43,1.89,0.95,19.17,1.08,2.5,28.83,78.92,8.03,62.18,7.16,92.45,9.79,81.38,23.5,84.48,3.44,60.78,18.16,31.65,0.13,1.15,0.14,0.07,1.01,53.33,0.61,3.44,58.82,2.77,56.1,1.28,42.11,0.81,0.81,5.27,78.21,0,,0,,0,0.0,0.0,0.0,,,0.2,,,0.41,0.07,100.0,1.89,0,0.0
A. Kulakov,,Mariupol,CF,27,500000,,11,899,6,4.21,0,0.0,18.52,31.35,Ukraine,Ukraine,right,183,70,no,2.1,2.3,43.48,6.21,30.65,0.2,0.24,0.1,0.9,1.07,1.4,3,0.3,0,0.0,2.0,0.6,6,0.6,0.42,0,0.0,26,2.6,30.77,23.077,0.0,0.4,0.0,0.1,0.0,0.3,0.0,0.0,2.3,52.17,5.41,42.59,3.8,0.8,0.7,7.11,0.8,1.3,8.81,68.18,1.4,42.86,2.7,88.89,1.9,63.16,8.11,72.84,0.4,25.0,16.18,11.29,0.0,0.0,0.0,0.0,0.4,0.0,0.1,1.1,63.64,0.1,0.0,0.3,0.0,0.2,0.0,0.4,25.0,0,,0,,0,0.0,0.0,0.0,,,0.0,,,0.0,0.0,0.0,0.0,0,0.0
N. Yakubu,Persijap,Vorskla,"LB, LWB, LCB",26,500000,,16,1225,0,0.1,0,0.32,21.75,53.38,Ghana,"Ghana, Niger",right,182,72,no,9.18,6.91,55.32,2.35,59.38,0.15,0.2,0.22,5.22,7.27,1.1,3,0.22,0,0.0,3.01,0.0,0,0.0,0.01,0,0.0,2,0.15,0.0,0.0,0.0,1.4,31.58,1.4,31.58,0.0,0.0,0.15,4.11,60.71,9.7,48.48,0.44,1.25,0.96,22.63,1.47,2.72,34.68,80.08,13.3,69.06,5.73,92.31,9.18,89.6,32.47,83.48,0.96,23.08,15.66,17.41,0.02,0.15,0.0,0.0,0.29,25.0,0.07,2.79,65.79,1.4,47.37,0.37,20.0,0.29,0.66,5.51,53.33,0,,0,,0,0.0,0.0,0.0,,,0.81,,,0.0,0.0,0.0,0.0,0,0.0
H. Pasich,LNZ Cherkasy,Veres,LW,32,500000,2027-06-30,17,1525,3,2.9,2,1.17,17.0,48.26,Ukraine,Ukraine,right,176,71,no,6.67,5.08,59.3,2.01,58.82,0.3,0.32,0.0,3.36,3.69,0.94,7,0.41,0,0.0,3.36,0.18,3,0.18,0.17,0,0.0,30,1.77,40.0,10.0,0.12,2.3,25.64,2.12,27.78,0.12,0.0,0.41,3.66,46.77,6.43,43.12,1.89,1.83,1.65,19.06,1.42,1.12,28.33,72.71,9.68,66.46,7.2,92.62,6.08,67.96,23.13,80.1,2.95,52.0,17.89,37.18,0.07,0.59,0.0,0.0,0.41,85.71,0.18,2.77,63.83,2.42,39.02,0.77,38.46,0.59,0.59,6.43,68.81,0,,0,,0,0.0,0.0,0.0,,,0.12,,,0.3,0.0,0.0,0.18,0,0.0
Y. Pasich,Obolon,Veres,RW,32,500000,2026-06-30,14,989,1,0.91,1,0.43,17.47,45.31,Ukraine,Ukraine,right,175,73,yes,5.46,4.28,59.57,4.55,42.0,0.18,0.2,0.0,2.73,2.93,0.64,0,0.0,0,0.0,2.37,0.09,1,0.09,0.08,0,0.0,9,0.82,33.33,11.111,0.09,2.0,31.82,0.0,0.0,2.0,31.82,0.36,2.55,57.14,5.92,43.08,1.0,0.82,0.46,16.11,1.91,0.64,27.21,71.91,7.37,59.26,8.37,90.22,6.37,70.0,23.02,75.89,2.28,68.0,18.67,28.53,0.04,0.46,0.0,0.0,0.36,0.0,0.18,2.37,73.08,1.73,36.84,0.36,0.0,0.09,0.64,4.82,60.38,0,,0,,0,0.0,0.0,0.0,,,0.27,,,0.0,0.0,0.0,0.0,0,0.0
D. Bezborodko,Chernihiv,Desna,"CF, LW, LAMF",32,500000,2026-12-31,18,1092,7,4.06,2,1.26,24.07,37.33,Ukraine,Ukraine,right,183,79,no,3.87,3.46,45.24,5.77,34.29,0.33,0.44,0.16,1.98,2.63,1.65,1,0.08,0,0.0,2.47,0.58,7,0.58,0.33,2,0.16,31,2.55,32.26,22.581,0.16,1.73,28.57,1.07,23.08,0.58,28.57,0.25,2.14,53.85,8.32,44.55,5.19,1.32,0.99,13.6,2.06,2.23,19.04,66.23,3.3,55.0,5.36,81.54,5.36,55.38,16.65,71.78,0.66,25.0,15.1,13.75,0.1,0.99,0.0,0.0,0.66,0.0,0.33,1.15,57.14,2.14,26.92,0.66,0.0,0.74,0.41,1.4,58.82,0,,0,,0,0.0,0.0,0.0,,,0.0,,,0.08,0.08,0.0,0.0,0,0.0
Juninho,Zorya,Zorya,LB,30,500000,2026-12-31,11,909,0,0.09,1,1.2,19.5,57.36,Brazil,Brazil,left,175,67,no,8.32,7.52,59.21,2.77,53.57,0.2,0.32,0.2,3.66,5.84,1.09,2,0.2,0,0.0,4.16,0.0,0,0.0,0.01,0,0.0,2,0.2,100.0,0.0,0.1,2.67,70.37,2.67,70.37,0.0,0.0,0.3,3.07,64.52,6.63,59.7,0.5,1.49,0.69,23.86,1.39,2.18,35.15,84.23,11.39,70.43,5.54,96.43,11.88,90.0,29.6,88.63,2.97,53.33,17.31,28.55,0.12,0.99,0.0,0.0,0.5,20.0,0.59,4.85,73.47,3.17,68.75,0.59,33.33,0.3,1.78,8.02,83.95,0,,0,,0,0.0,0.0,0.0,,,0.0,,,0.0,0.0,0.0,0.0,0,0.0
K. Dryshlyuk,Zorya,Oleksandria,"LCMF, LDMF, RDMF",26,500000,2028-12-31,14,986,0,0.28,0,0.51,19.99,52.05,Ukraine,Ukraine,right,185,72,no,13.24,11.04,54.55,2.83,48.39,1.83,2.45,0.55,5.39,7.22,2.01,5,0.46,0,0.0,0.46,0.0,0,0.0,0.03,0,0.0,10,0.91,10.0,0.0,0.0,0.55,33.33,0.46,40.0,0.09,0.0,0.09,0.09,0.0,1.83,30.0,0.18,0.37,0.18,22.27,0.18,1.19,37.06,83.5,12.51,75.18,5.2,91.23,13.6,88.59,30.49,88.02,6.02,65.15,18.41,31.9,0.05,0.46,0.09,0.0,0.27,66.67,0.09,8.22,75.56,1.1,58.33,0.37,50.0,0.37,0.09,6.3,75.36,0,,0,,0,0.0,0.0,0.0,,,0.37,,,0.64,0.09,0.0,0.82,0,0.0
D. Matsapura,Kolos Kovalivka,Zorya,GK,26,500000,2027-06-30,14,1287,0,0.0,0,0.12,0.84,66.67,Ukraine,Ukraine,right,180,72,no,1.89,0.14,0.0,0.49,100.0,0.07,0.1,0.0,1.82,2.7,0.07,2,0.14,0,0.0,0.0,0.0,0,0.0,0.0,0,0.0,0,0.0,0.0,0.0,0.0,0.0,0.0,0.0,0.0,0.0,0.0,0.0,0.0,0.0,0.21,33.33,0.0,0.0,0.0,14.97,0.56,0.28,21.61,84.47,15.31,79.0,0.0,0.0,5.94,97.65,11.4,98.16,10.14,68.97,36.9,49.66,0.01,0.07,0.0,0.0,0.0,0.0,0.07,2.24,71.88,0.14,100.0,0.14,50.0,0.14,0.0,8.88,77.95,13,0.91,60,4.2,8,78.33,14.24,1.0,1.24,0.087,0.0,1.05,0.49,,,,0.0,0,0.0
P. Budkivskyi,Zorya,Desna,CF,34,500000,2027-12-31,18,1018,1,4.1,1,0.57,19.27,44.5,Ukraine,Ukraine,right,196,87,no,3.01,1.59,50.0,6.98,51.9,0.09,0.13,0.09,2.12,3.17,0.8,2,0.18,0,0.0,1.06,0.09,1,0.09,0.36,0,0.0,18,1.59,44.44,5.556,0.09,0.27,0.0,0.0,0.0,0.27,0.0,0.0,0.62,42.86,6.81,35.06,3.62,0.35,0.09,14.94,2.92,2.39,21.93,76.61,4.69,60.38,5.3,88.33,4.77,79.63,21.04,78.57,0.62,42.86,12.94,11.94,0.05,0.8,0.09,0.0,0.18,50.0,0.0,0.53,50.0,0.88,60.0,0.09,0.0,0.8,0.0,1.33,46.67,0,,0,,0,0.0,0.0,0.0,,,0.0,,,0.0,0.0,0.0,0.0,1,0.0
O. Kuzyk,,Rukh Lviv,"LW, LAMF",31,500000,,9,303,1,0.66,0,0.34,23.17,34.62,Ukraine,Ukraine,right,174,66,no,5.64,5.35,50.0,2.67,22.22,0.59,0.83,0.0,2.38,3.33,1.19,1,0.3,1,0.3,2.97,0.3,1,0.3,0.19,0,0.0,5,1.49,60.0,20.0,0.0,1.19,50.0,0.59,50.0,0.59,50.0,0.0,5.05,29.41,10.99,29.73,2.67,2.38,0.89,13.96,1.78,1.78,18.71,79.37,3.86,61.54,8.91,93.33,3.86,61.54,16.63,83.93,0.89,33.33,12.93,10.52,0.1,0.3,0.0,0.0,0.3,0.0,0.3,0.59,50.0,1.78,50.0,0.3,0.0,0.3,0.59,2.08,57.14,0,,0,,0,0.0,0.0,0.0,,,0.0,,,0.0,0.0,0.0,0.89,0,0.0
O. Ilyin,Bukovyna,Kolos Kovalivka,"RW, RWB",29,500000,2027-06-30,16,1330,2,1.63,1,1.61,20.91,45.31,Ukraine,Ukraine,right,175,60,no,9.0,7.04,55.77,1.96,20.69,1.02,1.25,0.07,4.06,4.99,1.22,2,0.14,0,0.0,4.13,0.14,2,0.14,0.11,0,0.0,21,1.42,57.14,9.524,0.07,4.06,30.0,0.14,50.0,3.92,29.31,0.47,3.38,58.0,8.05,43.7,1.83,1.62,1.29,15.02,1.56,2.1,23.28,65.99,5.89,56.32,3.99,84.75,7.78,60.87,17.73,74.43,1.89,57.14,18.05,27.39,0.11,0.47,0.0,0.0,0.34,40.0,0.2,2.03,60.0,3.05,37.78,0.47,28.57,0.27,1.29,5.41,68.75,0,,0,,0,0.0,0.0,0.0,,,0.14,,,0.14,0.0,0.0,0.0,0,0.0
V. Runich,Rukh Lviv,Rukh Lviv,"RW, LW",26,500000,2027-06-30,9,315,0,0.39,0,0.0,25.71,32.22,Ukraine,Ukraine,right,171,63,no,5.71,7.43,30.77,3.71,23.08,0.29,0.34,0.0,3.14,3.75,2.29,2,0.57,0,0.0,1.43,0.0,0,0.0,0.11,0,0.0,6,1.71,33.33,0.0,0.0,0.57,0.0,0.0,0.0,0.57,0.0,0.0,3.71,23.08,9.43,36.36,2.57,0.86,0.86,6.57,1.14,2.0,13.14,80.43,3.71,61.54,3.71,100.0,4.29,80.0,12.57,84.09,0.0,0.0,14.59,0.0,0.0,0.0,0.0,0.0,0.0,0.0,0.0,1.43,60.0,0.86,33.33,0.0,0.0,0.29,0.0,1.14,50.0,0,,0,,0,0.0,0.0,0.0,,,0.0,,,0.0,0.0,0.0,0.0,0,0.0
Nélson Monte,Almería,Dnipro-1,"LCB, CB, LB",30,500000,2028-06-30,8,627,0,0.16,0,0.34,13.21,66.3,Portugal,Portugal,right,187,78,no,9.9,6.6,63.04,3.44,70.83,0.29,0.38,0.57,5.45,7.26,1.0,2,0.29,0,0.0,0.86,0.0,0,0.0,0.02,0,0.0,2,0.29,50.0,0.0,0.0,0.43,66.67,0.29,100.0,0.14,0.0,0.0,0.29,50.0,0.72,40.0,0.72,0.29,0.43,50.53,0.72,0.57,63.3,93.42,21.53,83.33,4.31,100.0,32.73,98.68,57.27,95.74,5.6,71.79,21.69,31.04,0.05,0.14,0.0,0.0,0.43,66.67,0.0,3.88,66.67,0.57,50.0,0.14,100.0,0.14,0.29,7.75,87.04,0,,0,,0,0.0,0.0,0.0,,,2.3,,,0.0,0.0,0.0,0.0,0,0.0
I. Kogut,Metalist 1925 Kharkiv,Dnipro-1,"AMF, CF, RCMF",30,500000,2026-06-30,13,564,0,1.5,0,0.34,17.71,45.95,Ukraine,Ukraine,right,189,79,no,9.1,6.86,44.19,3.19,60.0,2.55,3.56,0.16,3.51,4.89,2.87,2,0.32,1,0.16,1.76,0.0,0,0.0,0.24,0,0.0,10,1.6,20.0,0.0,0.0,1.12,42.86,0.48,66.67,0.64,25.0,0.0,0.64,75.0,3.51,45.45,3.03,0.8,0.64,18.67,1.28,1.44,25.37,75.47,7.18,57.78,5.74,91.67,6.86,86.05,23.14,79.31,1.12,28.57,15.38,15.64,0.05,0.8,0.0,0.0,0.96,50.0,0.48,3.35,57.14,2.07,53.85,0.8,40.0,1.28,0.48,2.23,92.86,0,,0,,0,0.0,0.0,0.0,,,0.0,,,0.0,0.0,0.0,0.0,0,0.0
K. Kovalets,Epitsentr Kamyanets-Podilskyi,Oleksandria,"AMF, CF",33,500000,,11,918,1,2.18,1,1.93,20.49,41.15,Ukraine,Ukraine,right,178,81,no,3.24,4.02,39.02,2.25,47.83,0.2,0.24,0.1,1.47,1.84,1.96,2,0.2,0,0.0,4.61,0.1,1,0.1,0.21,0,0.0,29,2.84,37.93,3.448,0.1,1.76,33.33,0.78,37.5,0.98,30.0,0.0,4.9,52.0,11.27,39.13,3.43,1.96,1.18,17.94,0.78,0.98,27.45,74.64,9.22,64.89,5.88,83.33,6.67,77.94,24.02,79.59,1.67,47.06,17.2,32.49,0.19,1.96,0.0,0.0,1.18,33.33,0.69,4.31,59.09,2.84,58.62,1.18,33.33,1.47,0.29,4.22,83.72,0,,0,,0,0.0,0.0,0.0,,,0.2,,,0.88,0.1,0.0,0.98,0,0.0
P. Orikhovskyi,FSC Mariupol,Rukh Lviv,"RCMF, AMF",30,500000,,5,318,0,0.1,1,0.26,15.28,46.3,Ukraine,Ukraine,right,181,72,no,3.4,2.83,30.0,3.4,33.33,0.0,0.0,0.0,2.55,3.18,1.13,0,0.0,0,0.0,1.7,0.0,0,0.0,0.03,0,0.0,3,0.85,33.33,0.0,0.28,1.13,25.0,0.0,0.0,1.13,25.0,0.0,1.42,80.0,5.38,68.42,0.0,1.98,1.13,26.04,0.57,1.42,40.47,87.41,8.49,76.67,7.92,100.0,18.4,86.15,36.79,90.77,2.83,60.0,19.89,28.93,0.07,0.85,0.0,0.0,0.28,0.0,0.28,4.81,88.24,1.7,50.0,0.28,0.0,0.57,0.28,5.09,83.33,0,,0,,0,0.0,0.0,0.0,,,0.28,,,1.13,0.0,0.0,0.85,0,0.0
B. Boychuk,Bukovyna,Rukh Lviv,"LW, RW",30,500000,2027-06-30,15,1021,0,1.53,1,0.29,20.98,39.92,Ukraine,Ukraine,right,170,59,no,4.58,4.05,47.83,2.12,20.83,0.09,0.1,0.09,2.56,2.88,1.06,2,0.18,0,0.0,4.05,0.0,0,0.0,0.14,0,0.0,18,1.59,22.22,0.0,0.09,2.29,38.46,0.44,20.0,1.85,42.86,0.53,5.11,51.72,11.11,42.86,2.12,1.59,1.5,18.95,1.15,1.76,28.21,78.13,8.46,66.67,7.23,93.9,7.14,79.01,24.06,84.98,1.94,40.91,16.39,24.36,0.03,0.35,0.0,0.0,0.71,25.0,0.09,3.26,72.97,2.03,52.17,0.71,12.5,0.62,0.71,4.76,70.37,0,,0,,0,0.0,0.0,0.0,,,0.18,,,0.09,0.0,0.0,0.09,0,0.0
Y. Smyrnyi,Oleksandria,Chornomorets,LCMF,27,500000,2027-06-30,9,758,2,3.35,1,0.15,13.42,46.02,Ukraine,Ukraine,left,187,80,no,3.92,3.21,48.15,2.49,33.33,0.24,0.3,0.12,2.14,2.7,1.42,4,0.47,0,0.0,1.42,0.24,2,0.24,0.4,0,0.0,18,2.14,33.33,11.111,0.12,0.59,20.0,0.47,25.0,0.12,0.0,0.0,0.95,62.5,4.04,47.06,3.21,0.83,0.36,24.93,0.95,1.42,31.58,84.96,7.01,71.19,4.87,92.68,14.49,91.8,29.21,87.8,1.78,60.0,19.23,34.17,0.02,0.71,0.0,0.12,0.59,0.0,0.12,4.87,70.73,1.54,23.08,0.71,16.67,0.12,0.12,3.09,69.23,0,,0,,0,0.0,0.0,0.0,,,0.12,,,0.0,0.0,0.0,0.0,0,0.0
M. Tretyakov,Obolon,Oleksandria,"LW, LAMF, RW",30,500000,2028-05-31,17,1446,5,2.6,2,2.42,20.29,40.18,Ukraine,Ukraine,right,174,71,no,4.17,4.05,56.92,1.68,37.04,0.0,0.0,0.06,1.87,2.36,1.06,3,0.19,0,0.0,4.11,0.31,4,0.25,0.16,0,0.0,20,1.24,55.0,25.0,0.12,3.05,44.9,1.62,46.15,1.43,43.48,0.25,4.54,42.47,10.52,36.69,1.8,2.43,2.43,17.74,1.12,1.37,30.0,80.5,6.97,75.89,8.28,93.23,10.77,78.61,25.64,84.95,1.43,73.91,18.32,28.75,0.15,1.24,0.12,0.06,0.37,33.33,0.81,2.99,75.0,3.05,57.14,0.44,57.14,0.56,1.43,5.29,82.35,0,,0,,0,0.0,0.0,0.0,,,0.37,,,0.75,0.19,66.67,1.93,1,100.0
D. Myshnov,Oleksandria,Mariupol,"LCMF, AMF, LDMF",32,500000,2027-06-30,15,1374,2,2.76,0,0.87,17.49,46.07,Ukraine,Ukraine,right,170,69,no,6.62,5.24,55.0,2.03,38.71,0.66,0.79,0.2,3.08,3.73,1.24,5,0.33,0,0.0,2.36,0.13,0,0.0,0.18,0,0.0,30,1.97,33.33,6.667,0.0,1.05,43.75,0.72,54.55,0.26,25.0,0.0,1.7,42.31,6.42,46.94,1.7,0.85,0.46,29.67,0.92,1.83,42.84,85.17,13.23,72.28,6.68,95.1,15.0,91.7,37.47,89.69,4.32,56.06,18.03,33.03,0.06,0.98,0.13,0.0,1.18,44.44,0.26,6.09,67.74,2.42,59.46,1.77,33.33,1.11,0.52,7.4,79.65,0,,0,,0,0.0,0.0,0.0,,,0.46,,,0.85,0.26,50.0,1.7,2,100.0
V. Adamyuk,Oleksandria,Dnipro-1,"RCB, RB",34,500000,2027-06-30,11,990,1,1.21,0,0.0,20.36,58.04,Ukraine,Ukraine,right,186,84,no,11.09,9.64,61.32,5.18,59.65,0.45,0.64,0.55,4.73,6.67,1.45,2,0.18,0,0.0,0.91,0.09,1,0.09,0.11,0,0.0,6,0.55,50.0,16.667,0.0,0.55,16.67,0.09,0.0,0.45,20.0,0.27,0.55,100.0,2.55,53.57,0.73,0.36,0.09,42.18,0.55,0.82,56.45,86.96,23.73,74.71,3.09,100.0,24.91,97.81,50.0,91.82,5.91,52.31,20.14,32.94,0.0,0.0,0.0,0.09,0.09,0.0,0.0,6.27,72.46,0.73,37.5,0.18,50.0,0.18,0.09,9.27,74.51,0,,0,,0,0.0,0.0,0.0,,,1.82,,,0.0,0.0,0.0,0.0,0,0.0
P. Stasyuk,Bukovyna,Mariupol,"RB, LB",31,500000,2027-06-30,17,1638,0,1.38,0,2.27,17.03,49.68,Ukraine,Ukraine,right,176,72,no,9.18,7.42,56.3,2.31,26.19,0.22,0.27,0.22,4.78,5.81,1.04,3,0.16,0,0.0,2.53,0.0,0,0.0,0.08,0,0.0,13,0.71,30.77,0.0,0.0,2.42,45.45,0.6,54.55,1.81,42.42,0.16,1.43,73.08,4.23,53.25,1.15,0.82,0.44,21.59,1.26,1.43,32.8,81.07,11.04,71.14,5.33,94.85,11.92,84.79,27.36,87.95,3.08,46.43,18.66,29.19,0.12,1.15,0.05,0.0,0.38,42.86,0.49,3.13,78.95,2.14,51.28,0.44,37.5,0.22,0.99,6.15,59.82,0,,0,,0,0.0,0.0,0.0,,,0.33,,,0.0,0.0,0.0,0.05,0,0.0
A. Gabelok,Nyva Ternopil,FC Kharkiv,"DMF, RCMF",31,500000,2027-06-30,18,1677,1,1.32,0,0.59,12.93,51.04,Ukraine,Ukraine,left,177,72,no,7.94,5.69,55.66,1.34,32.0,0.43,0.5,0.54,4.35,5.11,1.07,2,0.11,0,0.0,1.07,0.05,0,0.0,0.07,0,0.0,11,0.59,36.36,9.091,0.0,0.16,33.33,0.05,100.0,0.11,0.0,0.0,0.75,64.29,2.47,41.3,0.16,0.75,0.43,43.52,0.11,0.64,59.89,93.64,11.97,87.0,9.23,97.09,30.05,96.79,55.76,95.19,4.03,73.33,19.4,37.67,0.03,0.48,0.0,0.0,0.43,75.0,0.0,5.53,86.41,1.18,54.55,0.81,60.0,0.43,0.05,5.58,71.15,0,,0,,0,0.0,0.0,0.0,,,1.29,,,0.97,0.21,25.0,0.54,1,100.0
D. Shostak,Oleksandria,Mariupol,"RCMF, LCMF, AMF",23,400000,2028-06-30,13,673,0,0.65,0,0.14,20.86,46.15,Ukraine,Ukraine,right,190,73,no,9.49,9.49,46.48,1.74,38.46,2.67,3.41,0.4,2.41,3.07,3.48,6,0.8,0,0.0,1.87,0.0,0,0.0,0.09,0,0.0,6,0.8,0.0,0.0,0.0,0.0,0.0,0.0,0.0,0.0,0.0,0.0,2.41,61.11,5.88,54.55,0.8,1.2,1.34,18.19,0.27,0.67,27.55,85.92,8.56,70.31,6.02,88.89,8.69,93.85,26.48,87.88,1.07,37.5,14.67,11.74,0.02,0.53,0.0,0.0,0.67,60.0,0.13,2.94,81.82,1.2,66.67,0.67,60.0,0.8,0.0,3.61,59.26,0,,0,,0,0.0,0.0,0.0,,,0.4,,,0.0,0.0,0.0,0.0,0,0.0
R. Stepanyuk,,Vorskla,CF,34,400000,,16,1374,6,3.1,2,1.94,18.6,43.66,Ukraine,Ukraine,both,181,77,no,5.24,3.93,46.67,3.47,33.96,0.2,0.29,0.07,3.21,4.73,0.92,3,0.2,0,0.0,3.8,0.39,6,0.39,0.2,0,0.0,24,1.57,33.33,25.0,0.13,2.69,36.59,1.38,33.33,1.31,40.0,0.33,3.41,55.77,8.06,46.34,3.6,1.7,1.05,19.26,2.16,2.42,26.72,71.32,8.45,63.57,5.11,93.59,7.79,70.59,22.73,77.81,1.38,33.33,17.95,25.04,0.13,0.92,0.2,0.13,1.05,37.5,0.46,3.47,60.38,3.01,56.52,1.11,29.41,1.24,0.79,4.0,73.77,0,,0,,0,0.0,0.0,0.0,,,0.0,,,0.07,0.07,100.0,0.0,0,0.0
D. Puclin,Varaždin,Vorskla,"LCMF, LDMF, DMF",34,400000,2027-05-31,14,1250,1,0.69,1,0.15,18.58,50.78,Croatia,Croatia,right,177,76,no,7.92,5.9,51.22,1.8,52.0,0.5,0.76,0.58,4.39,6.65,0.94,4,0.29,0,0.0,2.59,0.07,1,0.07,0.05,0,0.0,17,1.22,23.53,5.882,0.07,0.29,25.0,0.22,33.33,0.07,0.0,0.0,3.46,60.42,7.85,50.46,0.65,1.58,1.08,29.66,0.22,1.87,42.19,86.18,13.54,72.34,7.13,92.93,16.99,93.64,36.72,90.2,5.18,61.11,19.94,37.42,0.01,0.22,0.0,0.07,0.58,25.0,0.07,6.7,72.04,1.3,33.33,0.79,18.18,0.58,0.07,6.48,70.0,0,,0,,0,0.0,0.0,0.0,,,0.72,,,0.14,0.0,0.0,0.0,0,0.0
O. Kudryk,Polissya,Mariupol,GK,29,400000,2027-06-30,12,1152,0,0.0,0,0.0,1.02,84.62,Ukraine,Ukraine,right,189,76,no,2.19,0.16,50.0,0.7,100.0,0.08,0.09,0.0,2.03,2.39,0.0,0,0.0,0,0.0,0.0,0.0,0,0.0,0.0,0,0.0,0,0.0,0.0,0.0,0.0,0.0,0.0,0.0,0.0,0.0,0.0,0.0,0.0,0.0,0.0,0.0,0.0,0.0,0.0,12.66,0.08,0.39,20.31,85.38,9.3,73.95,0.0,0.0,10.39,94.74,14.84,96.84,5.47,54.29,30.01,50.02,0.0,0.0,0.0,0.0,0.0,0.0,0.0,1.95,36.0,0.31,0.0,0.31,0.0,0.0,0.0,4.14,60.38,29,2.27,78,6.09,0,62.82,23.94,1.87,-5.06,-0.395,0.0,1.95,0.7,,,,0.0,0,0.0
S. Gorbunov,Polissya Stavky,Mariupol,"RW, LB",32,400000,,3,244,0,0.06,0,0.1,20.29,41.82,Ukraine,Ukraine,left,181,76,no,5.9,6.64,44.44,2.21,50.0,0.0,0.0,0.0,2.95,3.29,0.37,0,0.0,0,0.0,3.69,0.0,0,0.0,0.02,0,0.0,4,1.48,50.0,0.0,0.0,1.84,20.0,0.74,0.0,1.11,33.33,0.37,4.43,50.0,10.7,37.93,1.84,2.21,1.11,18.44,0.37,1.48,26.19,78.87,8.11,59.09,4.8,92.31,8.85,91.67,21.39,82.76,2.95,87.5,19.63,41.47,0.04,0.74,0.0,0.0,1.11,33.33,0.74,3.32,77.78,1.48,25.0,1.11,33.33,0.0,0.37,3.69,80.0,0,,0,,0,0.0,0.0,0.0,,,0.37,,,0.37,0.37,0.0,1.84,0,0.0
Luizão,CRB,Vorskla,"LWF, CF, AMF",28,400000,2026-11-30,2,48,0,0.04,0,0.0,22.5,58.33,Brazil,Brazil,right,184,66,no,11.25,5.63,100.0,5.63,66.67,0.0,0.0,0.0,5.63,15.0,0.0,0,0.0,0,0.0,5.63,0.0,0,0.0,0.07,0,0.0,1,1.88,100.0,0.0,0.0,3.75,100.0,0.0,0.0,3.75,100.0,0.0,1.88,0.0,7.5,0.0,9.38,0.0,0.0,22.5,0.0,0.0,31.88,82.35,7.5,75.0,5.63,66.67,11.25,100.0,28.13,80.0,0.0,0.0,17.6,0.0,0.0,0.0,0.0,0.0,0.0,0.0,1.88,3.75,100.0,5.63,100.0,0.0,0.0,1.88,3.75,11.25,66.67,0,,0,,0,0.0,0.0,0.0,,,0.0,,,0.0,0.0,0.0,0.0,0,0.0
S. Bolbat,,Desna,"RB, LB, LW",33,400000,,13,1127,0,0.7,0,2.64,22.76,47.02,Ukraine,Ukraine,right,175,70,no,10.46,9.18,60.0,1.12,21.43,1.04,1.43,0.0,3.91,5.4,1.52,3,0.24,0,0.0,3.27,0.0,0,0.0,0.06,0,0.0,5,0.4,60.0,0.0,0.0,2.4,43.33,0.72,22.22,1.68,52.38,0.32,4.07,43.14,8.62,39.81,2.08,1.92,1.76,32.66,2.32,2.0,44.32,85.41,10.54,75.0,9.9,95.97,14.85,84.95,39.37,90.47,2.72,47.06,16.73,29.7,0.21,1.44,0.0,0.08,0.72,33.33,0.96,3.43,74.42,2.87,61.11,1.04,46.15,0.96,1.28,7.51,75.53,0,,0,,0,0.0,0.0,0.0,,,0.64,,,0.4,0.0,0.0,0.96,0,0.0
E. Mahmutovic,NAC Breda,Lviv,"CB, LCB, RCB",29,400000,2026-06-30,12,978,0,0.34,0,0.0,9.85,57.94,Luxembourg,"Luxembourg, Kosovo",right,190,86,no,8.93,3.59,74.36,2.67,58.62,0.55,0.6,0.55,5.71,6.16,0.64,3,0.28,1,0.09,0.18,0.0,0,0.0,0.03,0,0.0,3,0.28,0.0,0.0,0.0,0.0,0.0,0.0,0.0,0.0,0.0,0.0,0.37,50.0,1.29,35.71,0.28,0.0,0.09,13.99,0.28,0.55,22.36,88.89,8.19,75.28,1.75,94.74,10.4,97.35,19.23,92.82,3.13,64.71,20.67,26.43,0.0,0.0,0.0,0.0,0.0,0.0,0.0,2.3,64.0,0.09,0.0,0.09,0.0,0.0,0.0,3.68,72.5,0,,0,,0,0.0,0.0,0.0,,,1.38,,,0.0,0.0,0.0,0.0,0,0.0
O. Safronov,Unirea Slobozia,Desna,"RCB, RB",27,400000,2026-06-30,16,1324,0,0.99,0,0.04,15.23,62.5,Ukraine,Ukraine,right,186,67,no,9.65,7.75,64.04,3.94,70.69,0.34,0.46,0.54,4.35,5.93,1.43,3,0.2,0,0.0,0.2,0.0,0,0.0,0.07,0,0.0,5,0.34,40.0,0.0,0.0,0.2,33.33,0.0,0.0,0.2,33.33,0.0,0.07,0.0,0.88,38.46,0.27,0.2,0.07,30.39,0.41,0.82,41.06,90.89,15.16,82.51,2.72,100.0,19.71,96.21,34.6,95.28,6.25,68.48,22.29,34.77,0.0,0.07,0.0,0.0,0.0,0.0,0.07,3.19,61.7,0.27,50.0,0.41,33.33,0.14,0.07,6.93,77.45,0,,0,,0,0.0,0.0,0.0,,,1.84,,,0.0,0.0,0.0,0.0,0,0.0
M. Shevchenko,,Zorya,GK,33,400000,,5,433,0,0.0,0,0.0,1.45,71.43,Ukraine,Ukraine,right,187,80,no,2.08,0.42,0.0,1.04,100.0,0.42,0.67,0.0,1.66,2.7,0.0,0,0.0,0,0.0,0.0,0.0,0,0.0,0.0,0,0.0,0,0.0,0.0,0.0,0.0,0.0,0.0,0.0,0.0,0.0,0.0,0.0,0.0,0.0,0.0,0.0,0.0,0.0,0.0,10.81,0.21,0.21,17.46,86.9,11.02,79.25,0.0,0.0,6.03,100.0,11.43,96.36,6.03,68.97,30.26,44.19,0.0,0.0,0.0,0.0,0.0,0.0,0.0,0.62,66.67,0.0,0.0,0.0,0.0,0.0,0.0,4.57,72.73,6,1.25,23,4.78,0,73.91,7.41,1.54,1.41,0.293,0.0,1.66,1.04,,,,0.0,0,0.0
V. Churko,Metalist 1925 Kharkiv,Kolos Kovalivka,"LW, RW, RWF",33,400000,2026-06-30,16,1346,1,2.16,0,0.74,22.0,43.77,Ukraine,"Ukraine, Hungary",left,180,70,no,6.82,4.35,60.0,2.81,54.76,0.67,0.82,0.13,3.54,4.37,0.8,1,0.07,0,0.0,3.41,0.07,1,0.07,0.14,0,0.0,18,1.2,33.33,5.556,0.0,2.41,25.0,1.74,23.08,0.67,30.0,0.07,4.01,48.33,10.56,42.41,1.67,2.74,1.4,16.85,1.74,2.21,25.48,70.08,7.29,59.63,5.82,90.8,6.55,63.27,21.33,77.43,1.81,40.74,16.82,26.38,0.05,0.8,0.0,0.0,1.0,46.67,0.2,2.74,63.41,3.68,47.27,0.8,50.0,1.2,0.74,4.21,74.6,0,,0,,0,0.0,0.0,0.0,,,0.0,,,0.27,0.07,0.0,1.07,1,0.0
P. Polegenko,Obolon,Inhulets,"RB, RW",31,400000,2027-06-30,17,1534,1,1.15,2,2.02,13.85,52.54,Ukraine,Ukraine,right,182,0,no,7.69,5.63,61.46,2.52,60.47,0.35,0.38,0.18,3.87,4.22,0.29,0,0.0,0,0.0,2.7,0.06,1,0.06,0.07,0,0.0,14,0.82,21.43,7.143,0.12,4.05,42.03,0.35,50.0,3.7,41.27,0.29,1.64,42.86,3.34,33.33,1.53,0.94,0.41,22.59,2.58,0.59,34.5,75.85,12.44,73.11,6.4,91.74,9.92,73.96,27.57,83.4,3.17,53.7,17.97,26.64,0.12,1.0,0.12,0.0,0.23,50.0,0.59,3.87,68.18,3.87,50.0,0.41,28.57,0.76,1.58,8.1,71.01,0,,0,,0,0.0,0.0,0.0,,,0.82,,,0.47,0.06,100.0,0.76,0,0.0
Y. Karabin,Karpaty,Rukh Lviv,CF,23,400000,2028-06-30,2,13,0,0.0,0,0.0,,,Ukraine,Ukraine,right,182,70,no,,,,,,,0.0,,,30.0,,0,,1,,,,0,,,0,,0,,,0.0,,,,,,,,,,,,,,,,,,,,,,,,,,,,,,,11.82,31.51,,,,,,,,,,,,,,,,,,0,,0,,0,0.0,0.0,,,,,,,,,,,0,0.0
R. Lyakh,Karpaty,Rukh Lviv,"LB, LWF, LW",25,400000,2028-06-30,7,255,0,0.0,0,0.06,15.18,39.53,Ukraine,Ukraine,left,181,70,no,5.65,7.41,38.1,4.94,42.86,0.71,0.88,0.35,2.12,2.65,2.12,0,0.0,0,0.0,1.76,0.0,0,0.0,0.0,0,0.0,0,0.0,0.0,0.0,0.0,3.18,44.44,2.82,50.0,0.35,0.0,0.35,1.06,33.33,1.76,40.0,1.06,0.71,0.0,25.76,1.76,0.71,32.47,81.52,10.24,68.97,5.65,87.5,9.88,85.71,26.47,90.67,2.82,37.5,13.26,16.32,0.02,0.71,0.0,0.0,0.71,0.0,0.35,3.88,81.82,3.88,72.73,0.71,50.0,1.41,1.41,8.82,76.0,0,,0,,0,0.0,0.0,0.0,,,0.0,,,1.06,0.0,0.0,0.0,0,0.0
M. Zhychykov,Avangard Lozova,Metalist 1925 Kharkiv,RB,33,400000,,3,277,0,0.0,0,0.0,16.57,60.78,Ukraine,Ukraine,right,179,77,no,11.05,5.85,66.67,1.3,50.0,0.97,1.2,0.0,6.17,7.6,0.32,0,0.0,0,0.0,3.25,0.0,0,0.0,0.0,0,0.0,0,0.0,0.0,0.0,0.0,4.87,20.0,0.0,0.0,4.87,20.0,0.97,2.6,75.0,6.5,65.0,0.65,0.65,0.0,35.09,1.62,1.62,47.76,76.19,15.27,72.34,8.77,88.89,18.84,74.14,38.66,85.71,4.55,57.14,20.74,40.83,0.0,0.0,0.0,0.0,0.65,50.0,0.0,7.8,75.0,3.57,18.18,0.65,0.0,0.0,0.65,11.05,73.53,0,,0,,0,0.0,0.0,0.0,,,0.97,,,0.0,0.0,0.0,0.65,0,0.0
M. Shershen,Vorskla,Metalist 1925 Kharkiv,"LCB, RCB",31,400000,2026-06-30,17,1606,0,0.6,0,0.17,13.79,59.35,Ukraine,Ukraine,right,187,76,no,9.36,6.11,61.47,4.76,63.53,0.39,0.46,0.5,5.21,6.12,0.78,4,0.22,1,0.06,0.28,0.0,0,0.0,0.03,0,0.0,5,0.28,20.0,0.0,0.0,0.17,33.33,0.11,50.0,0.06,0.0,0.0,0.17,66.67,0.78,42.86,0.56,0.22,0.0,39.96,0.34,0.5,55.65,89.83,22.19,81.82,2.07,100.0,27.01,96.06,49.54,94.46,6.0,52.34,21.4,37.85,0.01,0.11,0.0,0.0,0.06,100.0,0.11,6.16,66.36,0.45,25.0,0.28,20.0,0.11,0.06,8.91,72.33,0,,0,,0,0.0,0.0,0.0,,,1.12,,,0.0,0.0,0.0,0.0,0,0.0
M. Turbaevskyi,Zorya,Mariupol,GK,24,400000,,6,578,0,0.0,0,0.0,0.16,0.0,Ukraine,Ukraine,right,193,83,no,2.02,0.0,0.0,0.0,0.0,0.0,0.0,0.0,2.02,2.41,0.0,0,0.0,0,0.0,0.0,0.0,0,0.0,0.0,0,0.0,0,0.0,0.0,0.0,0.0,0.0,0.0,0.0,0.0,0.0,0.0,0.0,0.0,0.0,0.0,0.0,0.0,0.0,0.0,13.86,0.0,0.0,18.06,92.24,9.65,88.71,0.0,0.0,8.1,96.15,13.39,100.0,4.67,70.0,25.46,37.28,0.0,0.0,0.0,0.0,0.0,0.0,0.0,0.93,50.0,0.0,0.0,0.16,100.0,0.0,0.0,3.27,76.19,15,2.34,35,5.45,1,57.14,12.02,1.87,-2.98,-0.464,0.0,1.09,0.0,,,,0.0,0,0.0
V. Kulach,Chornomorets,Dynamo Kyiv,CF,33,400000,,5,100,1,0.79,0,0.07,18.9,52.38,Ukraine,Ukraine,right,178,74,no,2.7,2.7,66.67,6.3,28.57,0.0,0.0,0.0,0.9,1.88,0.0,0,0.0,0,0.0,5.4,0.9,1,0.9,0.71,1,0.9,5,4.5,60.0,20.0,0.0,0.9,0.0,0.0,0.0,0.9,0.0,0.0,1.8,100.0,7.2,75.0,9.0,0.9,0.0,17.1,1.8,0.9,22.5,80.0,3.6,100.0,9.0,80.0,5.4,83.33,20.7,86.96,0.9,0.0,17.64,10.43,0.07,0.9,0.0,0.0,0.9,100.0,0.0,1.8,100.0,2.7,100.0,0.9,100.0,2.7,0.0,2.7,100.0,0,,0,,0,0.0,0.0,0.0,,,0.0,,,0.0,0.0,0.0,0.0,0,0.0
V. Kucherov,FSC Mariupol,Veres,"RCMF, LCMF",32,400000,,16,1346,1,0.25,1,0.57,20.33,54.61,Ukraine,Ukraine,right,175,70,no,9.96,9.49,62.68,3.01,44.44,0.67,0.74,0.27,3.34,3.7,1.6,5,0.33,1,0.07,1.2,0.07,1,0.07,0.02,0,0.0,4,0.27,50.0,25.0,0.07,0.47,42.86,0.0,0.0,0.4,50.0,0.2,1.2,50.0,4.15,51.61,0.6,0.47,0.27,17.32,0.27,1.94,29.82,84.08,7.76,71.55,5.01,96.0,11.63,91.38,26.55,87.15,2.81,61.9,17.34,26.07,0.04,0.47,0.07,0.07,0.33,80.0,0.27,3.01,75.56,0.87,69.23,0.33,60.0,0.47,0.2,3.61,55.56,0,,0,,0,0.0,0.0,0.0,,,0.33,,,0.0,0.0,0.0,0.4,0,0.0
V. Makhankov,Kryvbas KR,Kolos Kovalivka,GK,28,400000,,3,287,0,0.0,0,0.0,1.25,50.0,Ukraine,Ukraine,right,196,87,no,0.94,0.31,0.0,0.63,50.0,0.0,0.0,0.0,0.94,1.22,0.0,0,0.0,0,0.0,0.31,0.0,0,0.0,0.0,0,0.0,0,0.0,0.0,0.0,0.0,0.0,0.0,0.0,0.0,0.0,0.0,0.0,0.31,100.0,0.31,100.0,0.0,0.0,0.0,9.09,0.63,0.31,14.43,84.78,5.64,72.22,0.0,0.0,7.84,92.0,8.47,96.3,5.96,68.42,32.2,44.53,0.0,0.0,0.0,0.0,0.0,0.0,0.0,0.94,33.33,0.31,100.0,0.0,0.0,0.31,0.0,4.08,76.92,11,3.45,21,6.59,0,47.62,7.41,2.32,-3.59,-1.126,0.0,1.88,0.63,,,,0.0,0,0.0
V. Voloshyn,Livyi Bereh,Desna,"AMF, LAMF, RW",25,400000,,11,350,2,0.78,1,0.49,20.57,52.5,Ukraine,Ukraine,left,179,76,no,3.86,4.89,36.84,1.29,40.0,0.26,0.37,0.0,1.8,2.56,1.54,2,0.51,0,0.0,5.14,0.51,2,0.51,0.2,0,0.0,13,3.34,30.77,15.385,0.26,2.31,22.22,1.54,16.67,0.77,33.33,0.26,5.14,70.0,12.09,59.57,5.4,1.8,2.06,18.77,0.51,4.11,29.31,80.7,7.2,71.43,5.91,91.3,9.51,83.78,26.23,87.25,0.77,33.33,16.35,11.96,0.13,0.77,0.0,0.0,0.51,0.0,0.77,2.83,90.91,1.29,20.0,0.51,0.0,0.77,0.51,2.57,90.0,0,,0,,0,0.0,0.0,0.0,,,0.0,,,0.0,0.0,0.0,0.26,0,0.0
A. Totovytskyi,Kudrivka,Desna,"AMF, CF, LCMF",33,400000,,13,1119,3,4.3,1,0.94,21.72,49.26,Ukraine,Ukraine,right,187,77,no,5.31,3.38,64.29,3.46,53.49,0.88,1.18,0.0,2.25,3.01,0.48,0,0.0,0,0.0,4.99,0.24,3,0.24,0.35,1,0.08,32,2.57,34.38,9.375,0.08,1.61,25.0,0.97,25.0,0.48,33.33,0.48,6.43,52.5,12.39,44.81,4.99,3.78,2.01,34.5,1.37,1.05,45.12,81.11,13.43,73.65,6.35,92.41,15.68,83.59,40.7,84.19,2.9,66.67,16.68,33.76,0.08,1.05,0.0,0.0,1.21,26.67,0.4,5.95,75.68,2.41,43.33,1.21,20.0,1.53,0.4,6.11,73.68,0,,0,,0,0.0,0.0,0.0,,,0.08,,,0.32,0.24,0.0,0.56,0,0.0
H. Penkov,Bukovyna,Minaj,GK,32,400000,2027-06-30,3,269,0,0.0,0,0.0,0.67,50.0,Ukraine,Ukraine,right,187,82,no,2.34,0.33,0.0,0.33,100.0,0.0,0.0,0.0,2.34,2.76,0.0,0,0.0,0,0.0,0.0,0.0,0,0.0,0.0,0,0.0,0,0.0,0.0,0.0,0.0,0.0,0.0,0.0,0.0,0.0,0.0,0.0,0.0,0.0,0.0,0.0,0.0,0.0,0.0,11.71,0.0,0.0,16.39,85.71,10.71,78.13,0.0,0.0,5.02,100.0,9.03,92.59,7.36,77.27,35.86,49.78,0.0,0.0,0.0,0.0,0.0,0.0,0.0,0.67,100.0,0.0,0.0,0.0,0.0,0.0,0.0,6.02,77.78,6,2.01,20,6.69,0,70.0,5.69,1.9,-0.31,-0.104,0.0,1.0,0.33,,,,0.0,0,0.0
I. Kalyuzhnyi,Metalist 1925 Kharkiv,Oleksandria,"AMF, LCMF, RCMF",28,400000,2030-06-30,16,1381,2,2.21,2,0.82,24.57,48.01,Ukraine,Ukraine,left,189,83,no,8.8,7.82,56.67,3.71,54.39,0.07,0.09,0.2,4.3,5.74,2.02,6,0.39,0,0.0,2.93,0.13,2,0.13,0.14,0,0.0,18,1.17,27.78,11.111,0.13,1.3,30.0,0.52,25.0,0.72,36.36,0.2,3.0,60.87,8.6,43.18,1.89,1.63,0.91,17.73,1.04,1.37,32.39,77.87,11.73,69.44,4.56,91.43,9.32,83.22,27.83,82.2,3.32,58.82,17.53,37.57,0.05,0.85,0.07,0.0,0.91,42.86,0.26,4.63,71.83,2.22,52.94,1.5,43.48,1.04,0.33,6.06,69.89,0,,0,,0,0.0,0.0,0.0,,,0.33,,,0.0,0.0,0.0,0.07,0,0.0
A. Boryachuk,Nyva Ternopil,Rukh Lviv,CF,30,400000,2027-06-30,13,890,4,3.43,0,0.41,29.22,28.03,Ukraine,Ukraine,right,179,74,no,3.13,2.73,62.96,4.04,22.5,0.3,0.34,0.1,1.11,1.24,1.31,2,0.2,0,0.0,3.24,0.4,4,0.4,0.35,1,0.1,18,1.82,44.44,22.222,0.0,0.3,66.67,0.1,100.0,0.2,50.0,0.0,4.96,34.69,17.09,26.63,2.43,1.72,1.01,13.15,2.33,1.92,20.93,81.16,4.15,70.73,7.08,92.86,5.56,81.82,19.52,82.38,1.11,63.64,14.34,13.44,0.04,0.4,0.0,0.0,0.71,71.43,0.2,0.91,55.56,1.52,86.67,0.71,71.43,0.91,0.2,2.12,80.95,0,,0,,0,0.0,0.0,0.0,,,0.0,,,0.0,0.0,0.0,0.0,1,0.0
V. Dubko,Metalist 1925 Kharkiv,Chornomorets,LCB,25,350000,2028-12-31,18,1501,0,0.26,0,0.01,16.73,57.35,Ukraine,Ukraine,left,184,83,no,11.33,7.2,58.33,5.76,62.5,0.24,0.28,0.6,6.9,8.1,1.44,3,0.18,0,0.0,0.3,0.0,0,0.0,0.02,0,0.0,3,0.18,0.0,0.0,0.0,0.06,0.0,0.06,0.0,0.0,0.0,0.0,0.48,62.5,1.56,46.15,0.24,0.96,0.36,27.16,0.36,0.3,42.15,84.21,19.73,71.73,2.16,94.44,17.33,95.85,34.48,89.91,7.61,59.06,22.05,35.44,0.0,0.12,0.06,0.0,0.06,0.0,0.0,4.62,66.23,0.3,40.0,0.18,0.0,0.12,0.0,8.21,60.58,0,,0,,0,0.0,0.0,0.0,,,1.32,,,0.0,0.0,0.0,0.0,0,0.0
B. Vachiberadze,Ulytau,Chornomorets,"DMF, LCMF",30,350000,2026-12-31,14,700,0,0.47,0,0.46,13.89,50.93,Georgia,"Georgia, Ukraine",left,172,70,no,10.54,4.63,47.22,2.19,70.59,0.51,0.59,1.03,7.84,8.93,1.54,4,0.51,0,0.0,1.29,0.0,0,0.0,0.06,0,0.0,5,0.64,20.0,0.0,0.0,0.39,66.67,0.39,66.67,0.0,0.0,0.0,1.16,66.67,3.99,41.94,0.13,0.39,0.26,27.0,0.0,1.03,40.89,88.68,12.09,75.53,5.4,100.0,18.77,92.47,37.29,92.07,3.21,52.0,18.51,26.26,0.06,1.03,0.0,0.0,0.13,100.0,0.26,4.89,78.95,1.29,50.0,0.9,57.14,0.26,0.26,5.79,77.78,0,,0,,0,0.0,0.0,0.0,,,1.03,,,1.16,0.13,0.0,0.39,0,0.0
V. Klymenko,Chornomorets,Mariupol,"RB, RCMF",32,350000,2027-01-15,6,261,1,0.24,0,0.15,21.38,54.84,Ukraine,Ukraine,right,175,0,no,13.1,10.69,58.06,3.1,55.56,1.03,1.22,0.34,5.86,6.89,1.38,2,0.69,0,0.0,1.72,0.34,1,0.34,0.08,0,0.0,2,0.69,50.0,50.0,0.0,0.34,0.0,0.34,0.0,0.0,0.0,0.0,1.72,80.0,3.45,60.0,1.03,0.34,0.0,14.48,1.38,1.38,27.59,71.25,12.07,65.71,6.21,72.22,6.21,66.67,23.79,75.36,3.45,50.0,18.05,29.03,0.05,0.34,0.0,0.0,0.0,0.0,0.34,2.41,42.86,1.03,33.33,0.0,0.0,0.34,0.0,4.83,50.0,0,,0,,0,0.0,0.0,0.0,,,0.34,,,0.0,0.0,0.0,0.0,0,0.0
M. Kadiri,Asta Mingachevir,Chornomorets,"RCB, LCB, CB",30,350000,,13,909,0,0.31,0,0.0,14.85,56.67,Ghana,Ghana,right,186,76,no,10.0,4.26,65.12,4.75,54.17,0.79,0.94,1.29,6.44,7.62,0.79,1,0.1,0,0.0,1.19,0.0,0,0.0,0.03,0,0.0,5,0.5,60.0,0.0,0.0,0.0,0.0,0.0,0.0,0.0,0.0,0.0,1.39,64.29,3.07,48.39,0.5,1.09,0.2,30.89,0.4,1.09,44.46,86.64,14.36,68.28,4.75,93.75,21.58,96.79,40.1,91.6,4.36,40.91,21.5,39.47,0.0,0.0,0.1,0.0,0.1,0.0,0.0,5.54,69.64,0.1,0.0,0.4,25.0,0.0,0.0,7.03,53.52,0,,0,,0,0.0,0.0,0.0,,,3.47,,,0.0,0.0,0.0,0.0,0,0.0
D. Ustymenko,Obolon,Oleksandria,CF,27,350000,2027-06-30,14,604,1,1.37,0,0.05,28.91,35.05,Ukraine,Ukraine,right,187,81,no,4.02,3.73,56.0,9.69,36.92,0.3,0.44,0.15,1.64,2.43,2.24,2,0.3,0,0.0,2.24,0.15,1,0.15,0.2,0,0.0,14,2.09,21.43,7.143,0.0,0.3,50.0,0.0,0.0,0.3,50.0,0.0,3.13,52.38,9.54,34.38,3.73,1.34,0.75,10.13,2.24,1.79,12.22,70.73,2.38,37.5,3.28,95.45,2.68,83.33,11.77,72.15,0.15,0.0,13.01,2.59,0.01,0.3,0.0,0.0,0.0,0.0,0.15,0.89,0.0,0.75,20.0,0.15,0.0,0.45,0.15,0.45,66.67,0,,0,,0,0.0,0.0,0.0,,,0.0,,,0.0,0.0,0.0,0.0,0,0.0
M. Melnychuk,Kudrivka,Inhulets,LB,26,350000,2026-06-30,4,121,0,0.0,0,0.0,17.85,41.67,Ukraine,Ukraine,left,181,76,no,2.98,3.72,20.0,2.23,100.0,0.0,0.0,0.0,2.23,3.6,3.72,0,0.0,0,0.0,3.72,0.0,0,0.0,0.0,0,0.0,0,0.0,0.0,0.0,0.0,3.72,60.0,2.98,75.0,0.0,0.0,0.0,2.23,66.67,8.18,45.45,2.23,1.49,2.23,20.83,2.23,2.23,31.98,88.37,11.16,93.33,7.44,90.0,10.41,85.71,23.8,90.63,4.46,100.0,21.0,33.65,0.0,0.0,0.0,0.0,0.0,0.0,0.0,5.21,85.71,2.23,33.33,0.0,0.0,0.74,0.74,8.93,91.67,0,,0,,0,0.0,0.0,0.0,,,0.0,,,0.0,0.0,0.0,0.0,0,0.0
T. Sakiv,Bukovyna,Kolos Kovalivka,"LB, LWB",28,350000,2026-06-30,6,432,0,0.09,0,0.47,19.38,49.46,Ukraine,Ukraine,left,186,0,no,11.67,10.21,53.06,3.13,60.0,1.04,1.38,0.21,5.21,6.88,2.29,0,0.0,0,0.0,2.29,0.0,0,0.0,0.02,0,0.0,1,0.21,0.0,0.0,0.0,6.25,30.0,6.04,31.03,0.21,0.0,0.83,0.63,33.33,2.29,54.55,0.42,0.42,0.42,28.13,0.83,1.04,38.33,68.48,16.25,67.95,4.17,95.0,11.67,62.5,25.21,77.69,6.88,69.7,20.56,29.03,0.1,1.46,0.0,0.0,0.21,100.0,0.21,9.79,68.09,5.0,37.5,0.21,100.0,0.21,2.08,12.71,83.61,0,,0,,0,0.0,0.0,0.0,,,0.42,,,2.29,0.0,0.0,2.5,0,0.0
O. Kozak,Kudrivka,Inhulets,"LW, RW",31,350000,2028-05-31,16,917,1,1.64,0,0.99,21.3,41.94,Ukraine,Ukraine,left,174,70,no,8.15,7.07,56.94,3.44,17.14,0.49,0.55,0.2,3.63,4.07,1.57,1,0.1,0,0.0,2.55,0.1,1,0.1,0.16,1,0.1,11,1.08,18.18,9.091,0.0,2.16,31.82,1.08,45.45,1.08,18.18,0.29,2.45,60.0,6.38,46.15,2.65,1.57,1.57,17.37,2.36,2.16,26.89,76.64,5.89,63.33,7.85,90.0,6.77,71.01,23.26,81.43,1.57,62.5,15.26,16.72,0.1,0.59,0.0,0.1,0.39,50.0,0.29,1.96,70.0,1.57,43.75,0.29,66.67,0.69,0.69,3.44,60.0,0,,0,,0,0.0,0.0,0.0,,,0.0,,,0.59,0.0,0.0,1.28,0,0.0
A. Mykytyshyn,LNZ Cherkasy,Mariupol,"LW, RW",22,300000,2029-06-30,11,297,1,0.16,1,0.4,24.85,47.56,Ukraine,Ukraine,right,177,66,no,8.48,7.27,58.33,2.12,28.57,1.82,2.43,0.3,2.42,3.24,2.42,1,0.3,0,0.0,4.85,0.3,1,0.3,0.05,0,0.0,3,0.91,66.67,33.333,0.3,3.33,18.18,3.03,20.0,0.3,0.0,0.0,5.76,57.89,12.42,46.34,1.82,3.03,2.73,11.52,0.61,3.33,19.09,66.67,3.03,50.0,3.94,100.0,7.27,58.33,14.24,76.6,1.52,80.0,20.69,13.92,0.12,1.21,0.0,0.0,0.61,50.0,0.3,0.91,0.0,1.82,16.67,0.3,0.0,0.61,0.91,2.42,50.0,0,,0,,0,0.0,0.0,0.0,,,0.3,,,0.0,0.0,0.0,1.21,0,0.0
V. Bugay,,Chornomorets,CF,28,300000,,16,639,2,1.82,1,0.62,31.69,32.44,Ukraine,Ukraine,right,186,83,no,2.25,2.82,40.0,8.87,36.51,0.28,0.33,0.0,0.85,1.0,1.83,1,0.14,0,0.0,2.54,0.28,2,0.28,0.26,0,0.0,16,2.25,37.5,12.5,0.14,0.14,0.0,0.0,0.0,0.14,0.0,0.0,3.1,54.55,14.79,29.52,4.65,1.13,0.7,6.48,1.69,2.11,14.65,80.77,2.39,64.71,5.21,86.49,4.08,86.21,14.23,82.18,0.28,50.0,12.51,2.38,0.09,0.28,0.0,0.0,0.28,0.0,0.42,0.99,71.43,0.99,42.86,0.42,33.33,0.7,0.0,1.27,77.78,0,,0,,0,0.0,0.0,0.0,,,0.0,,,0.0,0.0,0.0,0.0,0,0.0
V. Vakula,Zorya,Vorskla,"CF, RWF, LW",27,300000,2027-06-30,6,154,0,0.27,0,0.07,23.38,35.0,Ukraine,Ukraine,right,173,68,no,4.09,5.26,44.44,1.75,33.33,0.58,1.2,0.0,1.17,2.4,0.58,0,0.0,0,0.0,3.51,0.0,0,0.0,0.16,0,0.0,4,2.34,25.0,0.0,0.0,0.58,0.0,0.58,0.0,0.0,0.0,0.0,7.6,38.46,13.44,34.78,2.34,3.51,2.92,16.36,0.58,2.92,27.47,78.72,5.84,80.0,6.43,90.91,8.18,85.71,26.3,82.22,0.58,0.0,13.87,3.34,0.04,0.58,0.0,0.0,0.0,0.0,0.58,2.92,80.0,1.17,50.0,0.58,0.0,1.17,0.0,4.09,42.86,0,,0,,0,0.0,0.0,0.0,,,0.58,,,0.0,0.0,0.0,0.0,0,0.0
S. Petko,UCSA,Veres,"RCMF, LCMF",32,300000,2027-06-30,12,794,0,0.53,0,0.0,23.69,45.93,Ukraine,Ukraine,right,183,74,no,9.18,6.46,43.86,9.07,52.5,0.91,1.09,0.0,5.44,6.55,3.29,3,0.34,0,0.0,0.57,0.0,0,0.0,0.06,0,0.0,6,0.68,16.67,0.0,0.0,0.11,100.0,0.0,0.0,0.11,100.0,0.0,0.34,66.67,2.72,37.5,0.45,0.0,0.11,11.34,0.23,1.25,23.8,75.71,7.82,55.07,4.19,97.3,8.16,84.72,20.18,82.02,3.51,38.71,16.51,25.43,0.0,0.11,0.0,0.0,0.34,33.33,0.0,4.08,58.33,0.79,57.14,0.57,40.0,0.23,0.11,3.74,45.45,0,,0,,0,0.0,0.0,0.0,,,0.57,,,0.11,0.11,100.0,0.0,0,0.0
O. Khakhlyov,,Minaj,"LCMF, AMF",27,300000,,15,883,0,0.33,1,1.0,19.47,47.12,Ukraine,Ukraine,left,179,68,no,8.56,8.56,57.14,3.06,53.33,0.41,0.49,0.0,3.26,3.93,1.53,4,0.41,0,0.0,0.92,0.0,0,0.0,0.03,0,0.0,4,0.41,0.0,0.0,0.1,0.92,44.44,0.61,33.33,0.31,66.67,0.2,0.82,50.0,4.08,35.0,0.41,0.1,0.2,23.24,0.51,1.02,34.25,83.93,8.97,69.32,6.52,96.88,12.13,88.24,30.58,87.33,2.75,59.26,18.16,29.63,0.1,0.82,0.0,0.0,0.51,20.0,0.1,5.2,70.59,1.83,44.44,0.71,14.29,0.51,0.61,5.61,70.91,0,,0,,0,0.0,0.0,0.0,,,0.1,,,1.12,0.31,0.0,1.73,0,0.0
M. Ghecev,,Veres,"CF, LW",28,300000,,11,192,0,0.06,0,0.0,25.31,25.93,Moldova,"Moldova, Romania",right,178,72,no,4.69,3.28,42.86,5.16,9.09,0.47,0.6,0.0,2.81,3.6,2.34,2,0.94,0,0.0,3.28,0.0,0,0.0,0.03,0,0.0,3,1.41,66.67,0.0,0.0,2.81,16.67,1.88,0.0,0.94,50.0,0.0,5.16,36.36,12.66,29.63,3.28,2.81,1.41,9.84,2.81,2.81,12.66,51.85,0.94,100.0,4.22,66.67,3.28,42.86,9.84,61.9,0.0,0.0,13.07,0.0,0.0,0.0,0.0,0.0,0.0,0.0,0.0,0.47,0.0,0.94,0.0,0.0,0.0,0.0,0.0,0.0,0.0,0,,0,,0,0.0,0.0,0.0,,,0.0,,,0.0,0.0,0.0,0.47,0,0.0
V. Dakhnovskyi,Bukovyna,Veres,RW,27,300000,2027-06-30,15,624,0,1.11,0,0.11,26.11,46.41,Ukraine,Ukraine,right,176,72,no,7.21,8.51,54.24,2.74,21.05,0.29,0.34,0.14,2.31,2.7,2.74,3,0.43,1,0.14,4.47,0.0,0,0.0,0.16,0,0.0,9,1.3,55.56,0.0,0.0,1.3,33.33,0.0,0.0,1.3,33.33,0.29,4.9,67.65,10.24,53.52,3.03,2.16,1.59,10.67,2.31,2.45,18.17,68.25,4.9,47.06,4.04,100.0,3.03,76.19,16.15,73.21,0.72,20.0,9.87,7.64,0.02,0.58,0.0,0.0,0.0,0.0,0.29,1.59,72.73,1.15,25.0,0.0,0.0,0.14,0.43,2.16,46.67,0,,0,,0,0.0,0.0,0.0,,,0.0,,,0.0,0.0,0.0,0.0,0,0.0
D. Boyko,,Dynamo Kyiv,GK,38,300000,,3,287,0,0.0,0,0.0,0.31,100.0,Ukraine,Ukraine,right,194,85,no,0.94,0.31,100.0,0.0,0.0,0.0,0.0,0.0,0.63,1.09,0.0,0,0.0,0,0.0,0.0,0.0,0,0.0,0.0,0,0.0,0,0.0,0.0,0.0,0.0,0.0,0.0,0.0,0.0,0.0,0.0,0.0,0.0,0.0,0.0,0.0,0.0,0.0,0.0,13.8,0.63,0.0,19.13,98.36,7.84,96.0,0.0,0.0,10.66,100.0,17.25,100.0,1.88,83.33,24.98,36.65,0.0,0.0,0.0,0.0,0.0,0.0,0.0,0.63,50.0,0.0,0.0,0.0,0.0,0.0,0.0,1.88,100.0,0,0.0,9,2.82,3,100.0,1.26,0.39,1.26,0.395,0.0,0.94,0.0,,,,0.0,0,0.0
D. Garmash,Lisne,Dynamo Kyiv,"CF, AMF",36,300000,2026-06-30,17,960,7,6.49,2,1.5,22.5,50.0,Ukraine,Ukraine,right,186,72,no,4.97,4.59,61.22,4.13,50.0,0.47,0.82,0.19,1.69,2.97,1.31,2,0.19,0,0.0,3.66,0.66,7,0.66,0.61,1,0.09,43,4.03,37.21,16.279,0.19,1.5,25.0,0.19,50.0,1.13,16.67,0.28,3.47,51.35,9.28,48.48,6.84,0.94,0.56,21.38,1.5,1.88,27.66,77.63,5.06,74.07,6.75,87.5,8.81,77.66,25.59,80.59,0.56,83.33,13.6,9.26,0.14,1.59,0.0,0.0,0.28,0.0,0.84,2.72,68.97,1.5,50.0,0.38,0.0,1.59,0.38,2.16,82.61,0,,0,,0,0.0,0.0,0.0,,,0.09,,,0.0,0.0,0.0,0.0,0,0.0
I. Gonchar,Muras United,Minaj,"RB, RCB",33,300000,2026-12-31,18,1492,0,1.78,0,0.85,14.96,48.39,Ukraine,Ukraine,right,181,75,no,10.01,6.21,59.22,2.71,28.89,0.36,0.41,0.6,5.97,6.84,0.97,2,0.12,0,0.0,2.35,0.0,0,0.0,0.11,0,0.0,7,0.42,28.57,0.0,0.0,2.29,39.47,0.06,0.0,2.23,40.54,0.18,2.05,55.88,3.38,48.21,0.84,1.39,0.97,18.94,0.72,0.66,30.95,74.07,13.69,64.76,5.07,88.1,8.63,82.52,24.37,81.44,4.46,50.0,20.28,31.06,0.05,0.48,0.0,0.0,0.54,33.33,0.3,4.1,51.47,2.23,45.95,0.66,27.27,0.42,0.78,7.54,62.4,0,,0,,0,0.0,0.0,0.0,,,0.54,,,0.12,0.06,0.0,0.06,1,0.0
A. Shabanov,Metalist 1925 Kharkiv,Dynamo Kyiv,LCB,34,300000,2026-06-30,6,420,0,0.0,0,0.02,11.36,66.04,Ukraine,Ukraine,left,190,83,no,7.71,5.79,70.37,2.36,63.64,0.21,0.4,0.43,3.43,6.4,0.86,1,0.21,0,0.0,0.21,0.0,0,0.0,0.0,0,0.0,0,0.0,0.0,0.0,0.0,0.21,0.0,0.21,0.0,0.0,0.0,0.0,0.21,100.0,0.64,66.67,0.21,1.5,0.21,73.5,1.07,0.86,88.71,96.14,26.14,93.44,3.64,94.12,50.79,98.31,85.5,97.99,3.0,50.0,23.28,27.75,0.0,0.21,0.0,0.0,0.21,0.0,0.0,7.5,85.71,0.0,0.0,0.21,0.0,0.0,0.0,10.5,85.71,0,,0,,0,0.0,0.0,0.0,,,2.79,,,0.0,0.0,0.0,0.0,0,0.0
V. Odaryuk,SK Poltava,Oleksandria,"RW, RAMF",32,300000,2027-06-30,16,800,0,2.44,0,0.25,24.19,36.74,Ukraine,Ukraine,right,183,75,no,5.63,6.19,47.27,4.84,39.53,0.34,0.43,0.0,2.36,3.04,2.03,2,0.23,0,0.0,3.15,0.0,0,0.0,0.28,0,0.0,15,1.69,26.67,0.0,0.0,2.7,37.5,0.68,16.67,2.03,44.44,0.11,3.04,51.85,9.11,29.63,3.83,0.9,1.24,12.94,1.91,1.13,21.49,68.59,5.51,59.18,4.39,92.31,5.63,60.0,17.33,75.32,1.58,42.86,17.29,14.86,0.03,0.56,0.11,0.0,0.11,100.0,0.0,2.03,55.56,2.36,42.86,0.11,0.0,0.68,0.9,3.04,59.26,0,,0,,0,0.0,0.0,0.0,,,0.0,,,0.0,0.0,0.0,0.11,0,0.0
Y. Tsymbalyuk,Urartu,Desna,"LCB, RCB, CB",30,300000,,15,1167,0,0.22,0,0.0,12.88,63.47,Ukraine,Ukraine,right,185,75,no,10.26,5.63,63.01,4.4,57.89,0.31,0.4,0.69,6.4,8.3,0.62,3,0.23,0,0.0,0.39,0.0,0,0.0,0.02,0,0.0,2,0.15,100.0,0.0,0.0,0.0,0.0,0.0,0.0,0.0,0.0,0.0,0.15,100.0,0.62,75.0,0.23,0.15,0.0,35.63,0.15,1.0,47.66,90.61,16.43,80.75,2.01,84.62,23.37,97.69,44.65,92.92,3.01,56.41,18.13,32.72,0.0,0.0,0.0,0.0,0.08,100.0,0.0,2.54,72.73,0.0,0.0,0.15,100.0,0.0,0.0,5.63,61.64,0,,0,,0,0.0,0.0,0.0,,,1.16,,,0.0,0.0,0.0,0.0,0,0.0
D. Semeniv,Dordoi Bishkek,Lviv,"CF, RWB, LW",27,300000,2026-12-31,13,307,0,0.37,0,0.3,28.14,48.96,Ukraine,Ukraine,right,182,72,no,9.09,9.09,64.52,3.81,38.46,1.17,1.45,0.29,2.05,2.53,2.35,0,0.0,0,0.0,3.81,0.0,0,0.0,0.11,0,0.0,4,1.17,50.0,0.0,0.0,2.93,30.0,0.88,66.67,1.76,16.67,0.29,4.4,53.33,9.67,45.45,2.05,1.17,2.35,9.38,1.47,1.76,15.83,62.96,3.81,69.23,2.35,100.0,6.74,60.87,12.02,70.73,1.17,75.0,17.39,7.94,0.09,1.17,0.0,0.0,0.0,0.0,0.88,1.47,60.0,2.35,50.0,0.29,100.0,0.59,0.88,3.81,61.54,0,,0,,0,0.0,0.0,0.0,,,0.0,,,0.0,0.0,0.0,0.0,0,0.0
Cristian,Al Sailiya,Zorya,"AMF, RCMF, CF",26,300000,,13,268,1,0.64,1,0.21,28.88,32.56,Brazil,Brazil,right,178,70,yes,6.72,3.69,45.45,3.02,22.22,0.34,0.51,0.34,4.7,7.12,1.01,0,0.0,0,0.0,4.37,0.34,1,0.34,0.21,0,0.0,5,1.68,40.0,20.0,0.34,2.01,33.33,1.01,33.33,1.01,33.33,0.34,7.72,39.13,16.46,36.73,2.69,2.69,2.01,14.44,1.34,0.67,22.84,77.94,6.04,61.11,6.38,89.47,4.7,85.71,20.82,82.26,0.0,0.0,12.08,0.0,0.07,2.01,0.0,0.0,0.0,0.0,0.34,1.34,75.0,1.34,25.0,0.0,0.0,1.34,0.34,1.68,80.0,0,,0,,0,0.0,0.0,0.0,,,0.0,,,0.0,0.0,0.0,0.0,0,0.0
A. Tsurikov,Kolos Kovalivka,Oleksandria,LB,33,300000,2027-06-30,18,1737,0,1.22,3,1.2,14.82,52.1,Ukraine,Ukraine,left,185,83,no,7.15,5.65,50.46,3.47,55.22,0.41,0.54,0.21,3.89,5.09,0.98,1,0.05,0,0.0,2.69,0.0,0,0.0,0.06,0,0.0,17,0.88,29.41,0.0,0.16,3.16,42.62,3.16,42.62,0.0,0.0,0.31,1.71,63.64,3.37,49.23,1.5,1.55,0.52,24.4,2.12,0.98,35.28,75.18,16.06,69.68,5.13,92.93,8.65,78.44,28.19,81.43,4.15,56.25,19.41,31.24,0.06,0.73,0.0,0.05,0.16,0.0,0.41,5.03,65.98,3.11,56.67,0.31,16.67,0.57,1.19,8.76,74.56,0,,0,,0,0.0,0.0,0.0,,,0.47,,,0.0,0.0,0.0,0.0,0,0.0
A. Pavlovets,Dynamo Brest,Kolos Kovalivka,RCB,29,300000,2026-12-31,11,975,0,0.56,0,0.08,13.38,52.41,Belarus,Belarus,right,188,80,no,8.68,6.18,53.73,3.42,45.95,0.83,1.02,0.92,4.52,5.57,1.75,4,0.37,0,0.0,0.55,0.0,0,0.0,0.05,0,0.0,5,0.46,0.0,0.0,0.0,0.28,33.33,0.0,0.0,0.28,33.33,0.0,0.65,71.43,1.66,50.0,0.83,0.65,0.09,25.94,0.55,0.65,39.88,83.1,16.71,72.38,2.03,100.0,17.91,90.72,30.46,93.33,9.23,50.0,23.57,34.74,0.01,0.09,0.0,0.0,0.09,0.0,0.0,6.09,50.0,0.74,25.0,0.83,33.33,0.28,0.09,8.68,70.21,0,,0,,0,0.0,0.0,0.0,,,1.2,,,0.0,0.0,0.0,0.0,0,0.0
M. Ben Salem,Al Hilal,Inhulets,"RCB, LCB",30,300000,,13,1117,0,1.14,0,0.0,17.24,58.41,Tunisia,Tunisia,right,181,0,no,10.39,7.25,68.89,5.72,43.66,0.48,0.55,0.73,4.91,5.63,1.05,2,0.16,0,0.0,0.16,0.0,0,0.0,0.09,0,0.0,5,0.4,0.0,0.0,0.0,0.16,0.0,0.0,0.0,0.16,0.0,0.08,0.24,66.67,1.29,62.5,0.48,0.4,0.24,21.92,0.56,0.81,32.95,83.13,12.73,65.19,4.11,98.04,13.78,95.91,27.31,90.86,5.48,47.06,22.65,37.36,0.0,0.0,0.08,0.0,0.08,0.0,0.0,4.19,50.0,0.16,50.0,0.24,0.0,0.16,0.0,5.72,60.56,0,,0,,0,0.0,0.0,0.0,,,3.14,,,0.0,0.0,0.0,0.0,0,0.0
N. Zolotov,Zimbru,Kolos Kovalivka,"RB, LB, LWB",31,300000,2026-12-31,12,1080,0,0.06,0,0.66,21.0,57.54,Belarus,Belarus,right,177,65,no,13.17,9.0,62.96,2.92,48.57,0.75,0.95,0.33,6.75,8.56,2.08,3,0.25,0,0.0,1.75,0.0,0,0.0,0.0,0,0.0,3,0.25,0.0,0.0,0.0,1.42,52.94,1.0,50.0,0.42,60.0,0.17,1.67,60.0,5.08,55.74,0.75,1.0,0.17,17.75,1.67,1.42,29.5,75.42,12.75,62.09,4.58,96.36,7.17,82.56,23.5,81.56,4.58,50.91,20.47,34.25,0.05,0.75,0.0,0.0,0.08,0.0,0.17,4.25,60.78,1.83,40.91,0.17,0.0,0.25,0.75,6.92,74.7,0,,0,,0,0.0,0.0,0.0,,,0.5,,,0.0,0.0,0.0,0.0,0,0.0
V. Sharay,Veres,Inhulets,"LW, LAMF",29,300000,2026-06-30,15,1106,2,2.1,0,0.55,20.83,44.92,Ukraine,Ukraine,left,174,70,no,7.49,7.24,50.56,3.5,27.91,1.22,1.42,0.08,2.6,3.02,1.46,3,0.24,0,0.0,3.25,0.16,2,0.16,0.17,1,0.08,23,1.87,39.13,8.696,0.0,1.95,29.17,1.79,27.27,0.08,100.0,0.16,3.42,47.62,7.16,46.59,2.12,1.63,1.22,12.78,1.38,2.12,18.96,73.82,5.37,57.58,5.05,91.94,4.8,69.49,16.03,81.22,1.22,40.0,17.36,20.33,0.04,0.49,0.0,0.0,0.49,66.67,0.41,1.71,52.38,2.03,52.0,0.24,66.67,0.65,0.49,3.34,68.29,0,,0,,0,0.0,0.0,0.0,,,0.0,,,0.08,0.0,0.0,0.24,0,0.0
V. Dmytrenko,,Metalist 1925 Kharkiv,LW,26,300000,,6,211,0,0.34,0,0.13,29.43,40.58,Ukraine,Ukraine,right,170,61,no,6.4,7.25,58.82,2.56,66.67,0.43,0.45,0.0,1.71,1.82,0.85,0,0.0,0,0.0,3.41,0.0,0,0.0,0.15,0,0.0,5,2.13,0.0,0.0,0.0,1.71,0.0,1.28,0.0,0.0,0.0,0.43,8.1,36.84,13.65,34.38,5.12,5.97,2.56,18.34,2.13,1.71,25.17,83.05,5.12,75.0,10.66,96.0,5.55,69.23,23.46,89.09,0.0,0.0,16.74,0.0,0.06,0.85,0.0,0.0,0.43,100.0,0.43,0.85,100.0,0.85,50.0,0.0,0.0,1.28,0.43,1.71,25.0,0,,0,,0,0.0,0.0,0.0,,,0.0,,,0.0,0.0,0.0,0.0,0,0.0
M. Gayduchyk,Veres,Veres,CF,24,300000,2026-06-30,2,16,0,0.0,0,0.03,,,Ukraine,Ukraine,left,187,80,no,,,,,,,0.0,,,0.0,,0,,0,,,,0,,,0,,0,,,0.0,,,,,,,,,,,,,,,,,,,,,,,,,,,,,,,9.38,0.0,,,,,,,,,,,,,,,,,,0,,0,,0,0.0,0.0,,,,,,,,,,,0,0.0
A. Salabay,Kolos Kovalivka,Kolos Kovalivka,CF,24,300000,,1,13,0,0.0,0,0.0,,,Ukraine,Ukraine,right,189,77,no,,,,,,,0.0,,,0.0,,0,,0,,,,0,,,0,,0,,,0.0,,,,,,,,,,,,,,,,,,,,,,,,,,,,,,,0.0,0.0,,,,,,,,,,,,,,,,,,0,,0,,0,0.0,0.0,,,,,,,,,,,0,0.0
O. Chornomorets,FSC Mariupol,Kolos Kovalivka,"LB, LCB",33,300000,,15,1347,2,0.53,1,0.51,15.03,47.56,Ukraine,Ukraine,left,181,74,no,8.69,7.75,58.62,3.07,39.13,0.6,0.71,0.27,3.54,4.2,1.07,3,0.2,0,0.0,1.94,0.13,2,0.13,0.04,1,0.07,6,0.4,33.33,33.333,0.07,2.61,48.72,2.61,48.72,0.0,0.0,0.0,0.6,66.67,2.14,31.25,0.27,1.0,0.2,26.79,0.87,0.13,41.69,78.37,16.84,71.03,5.81,96.55,13.7,85.37,31.94,84.31,7.22,62.04,21.13,32.36,0.03,0.53,0.0,0.0,0.27,50.0,0.27,6.35,71.58,2.54,50.0,0.47,14.29,0.27,1.4,10.62,74.21,0,,0,,0,0.0,0.0,0.0,,,0.67,,,0.33,0.2,33.33,0.0,0,0.0
A. Kukharuk,FSC Mariupol,Rukh Lviv,"RCMF, LCMF",30,300000,,7,155,0,0.07,0,0.0,23.23,50.0,Ukraine,Ukraine,right,176,74,no,9.29,6.97,50.0,5.23,66.67,0.58,0.97,0.58,5.23,8.71,2.9,0,0.0,0,0.0,2.9,0.0,0,0.0,0.04,0,0.0,2,1.16,50.0,0.0,0.0,1.16,50.0,0.0,0.0,1.16,50.0,0.0,1.74,100.0,5.23,44.44,1.74,1.16,0.0,23.23,1.16,1.74,33.68,81.03,8.13,78.57,10.45,88.89,8.71,80.0,30.19,84.62,2.32,50.0,14.67,16.52,0.0,0.0,0.0,0.0,0.58,0.0,0.0,6.97,91.67,0.58,100.0,0.58,0.0,0.0,0.58,2.9,80.0,0,,0,,0,0.0,0.0,0.0,,,0.58,,,0.0,0.0,0.0,1.16,0,0.0
A. Remenyak,FSC Mariupol,Lviv,"RW, RWB",25,300000,,11,506,2,0.81,0,0.44,23.3,41.98,Ukraine,Ukraine,right,181,71,no,7.29,7.29,56.1,3.38,31.58,0.18,0.2,0.18,3.02,3.47,1.6,1,0.18,0,0.0,4.45,0.36,2,0.36,0.14,1,0.18,8,1.42,75.0,25.0,0.0,3.2,22.22,0.0,0.0,3.2,22.22,0.0,3.56,75.0,8.36,44.68,1.42,2.13,2.31,10.14,1.07,1.6,19.57,62.73,5.34,60.0,4.09,86.96,5.16,51.72,15.47,72.41,1.07,33.33,18.33,15.11,0.08,0.53,0.18,0.0,0.18,0.0,0.36,1.6,55.56,2.67,33.33,0.18,0.0,0.53,0.71,3.02,47.06,0,,0,,0,0.0,0.0,0.0,,,0.18,,,0.0,0.0,0.0,0.0,0,0.0
Diego Carioca,Ayutthaya United,Kolos Kovalivka,"LW, LAMF, LWF",28,300000,2027-06-30,11,590,1,1.63,0,0.61,26.24,43.6,Brazil,Brazil,right,177,75,no,4.73,3.81,40.0,1.22,12.5,0.0,0.0,0.0,3.2,4.26,2.29,3,0.46,1,0.15,7.02,0.15,1,0.15,0.25,0,0.0,18,2.75,27.78,5.556,0.0,1.83,25.0,1.53,20.0,0.31,50.0,0.15,7.32,72.92,17.08,50.0,4.12,2.14,0.76,18.46,2.14,1.83,27.46,73.89,6.71,72.73,8.69,80.7,5.8,78.95,25.17,77.58,0.46,66.67,13.98,10.53,0.09,1.53,0.0,0.0,1.22,37.5,0.31,1.53,50.0,2.9,57.89,0.46,66.67,1.53,0.46,3.97,80.77,0,,0,,0,0.0,0.0,0.0,,,0.0,,,0.15,0.0,0.0,0.46,0,0.0
O. Pritula,Rukh Lviv U21,Rukh Lviv,"RCMF, LCMF",26,300000,2029-05-31,12,582,0,0.41,0,0.19,18.71,43.8,Ukraine,Ukraine,,174,60,no,8.66,7.58,48.98,3.56,21.74,1.24,1.37,0.31,3.71,4.11,1.7,2,0.31,0,0.0,2.01,0.0,0,0.0,0.06,0,0.0,9,1.39,33.33,0.0,0.0,0.93,33.33,0.46,0.0,0.46,66.67,0.0,1.7,54.55,4.18,59.26,2.01,0.62,0.62,21.8,0.46,1.7,31.08,80.1,9.43,67.21,6.8,90.91,8.97,82.76,26.29,86.47,3.87,48.0,17.62,19.75,0.03,0.46,0.0,0.0,0.46,66.67,0.15,4.79,64.52,2.01,46.15,0.62,50.0,0.62,0.31,4.79,80.65,0,,0,,0,0.0,0.0,0.0,,,0.31,,,0.93,0.0,0.0,0.77,0,0.0
D. Kucher,Altay,Minaj,GK,29,300000,2026-12-31,16,1470,0,0.0,0,0.0,0.49,100.0,Ukraine,Ukraine,left,193,83,no,2.02,0.06,100.0,0.31,100.0,0.0,0.0,0.0,1.96,2.25,0.06,2,0.12,0,0.0,0.0,0.0,0,0.0,0.0,0,0.0,0,0.0,0.0,0.0,0.0,0.0,0.0,0.0,0.0,0.0,0.0,0.0,0.0,0.0,0.06,100.0,0.0,0.0,0.0,9.31,0.24,0.0,13.71,82.14,9.06,73.65,0.0,0.0,4.35,98.59,6.43,99.05,7.22,67.8,37.97,49.98,0.0,0.0,0.0,0.0,0.0,0.0,0.06,1.84,50.0,0.18,0.0,0.06,0.0,0.0,0.0,5.51,77.78,24,1.47,68,4.16,2,64.71,22.13,1.35,-1.87,-0.114,0.0,1.29,0.31,,,,0.0,0,0.0
R. Goncharenko,Kolos Kovalivka,Veres,LCB,32,300000,2027-06-30,18,1683,0,1.28,0,0.0,12.73,67.65,Ukraine,Ukraine,both,183,71,no,10.96,5.67,79.25,3.16,59.32,0.32,0.36,0.37,6.15,6.89,0.53,1,0.05,0,0.0,0.21,0.0,0,0.0,0.07,0,0.0,10,0.53,30.0,0.0,0.0,0.05,0.0,0.0,0.0,0.05,0.0,0.0,0.11,50.0,1.12,38.1,0.27,0.21,0.0,24.44,0.27,0.64,40.21,81.91,18.24,70.38,1.98,89.19,17.91,92.54,30.11,91.12,10.11,54.5,26.58,42.35,0.0,0.0,0.0,0.05,0.05,0.0,0.05,6.42,60.83,0.43,25.0,0.53,50.0,0.05,0.0,9.09,68.24,0,,0,,0,0.0,0.0,0.0,,,1.5,,,0.16,0.16,33.33,0.0,0,0.0
S. Myakushko,Lokomotiv Kyiv,Minaj,"RW, AMF",33,300000,2027-06-30,3,189,0,0.3,0,0.47,23.81,38.0,Ukraine,Ukraine,right,170,68,no,5.71,5.71,50.0,1.43,0.0,0.0,0.0,0.0,2.86,3.33,1.9,0,0.0,0,0.0,6.67,0.0,0,0.0,0.15,0,0.0,4,1.9,50.0,0.0,0.0,1.9,50.0,0.95,50.0,0.95,50.0,0.0,7.62,43.75,10.95,39.13,2.38,2.38,2.86,14.29,1.43,0.95,23.33,75.51,5.71,58.33,4.76,90.0,9.05,78.95,19.52,80.49,1.9,50.0,17.95,28.94,0.22,1.43,0.48,0.0,1.9,75.0,0.95,3.33,28.57,2.86,66.67,0.95,50.0,1.9,0.95,4.76,80.0,0,,0,,0,0.0,0.0,0.0,,,0.0,,,1.43,0.48,100.0,2.38,0,0.0
D. Kravchuk,LNZ Cherkasy,Vorskla,"CF, RWB",24,250000,2027-06-30,9,163,1,0.45,0,0.02,25.4,34.78,Ukraine,Ukraine,right,180,0,no,3.87,4.97,22.22,8.28,60.0,2.21,3.87,0.0,0.55,0.97,4.42,2,1.1,2,1.1,2.76,0.55,1,0.55,0.25,0,0.0,3,1.66,66.67,33.333,0.0,2.76,20.0,0.0,0.0,2.76,20.0,0.0,2.76,40.0,6.63,25.0,5.52,2.21,0.0,13.25,1.1,0.55,19.33,68.57,5.52,30.0,6.63,100.0,3.87,57.14,15.46,78.57,1.1,50.0,12.55,9.2,0.01,0.55,0.0,0.0,0.0,0.0,0.0,1.1,0.0,2.76,20.0,0.0,0.0,1.1,1.1,2.76,40.0,0,,0,,0,0.0,0.0,0.0,,,0.55,,,0.0,0.0,0.0,0.55,0,0.0
O. Palamarchuk,LNZ Cherkasy,Chornomorets,GK,34,250000,2027-06-30,1,93,0,0.0,0,0.0,1.94,100.0,Ukraine,Ukraine,right,195,86,no,2.9,0.97,100.0,0.97,100.0,0.0,0.0,0.0,1.94,2.14,0.0,0,0.0,0,0.0,0.0,0.0,0,0.0,0.0,0,0.0,0,0.0,0.0,0.0,0.0,0.0,0.0,0.0,0.0,0.0,0.0,0.0,0.0,0.0,0.0,0.0,0.0,0.0,0.0,32.9,0.0,0.0,40.65,76.19,27.1,67.86,0.97,100.0,11.61,91.67,21.29,95.45,19.35,55.0,33.1,46.67,0.0,0.0,0.0,0.0,0.0,0.0,0.0,1.94,50.0,0.97,0.0,0.97,0.0,0.0,0.0,15.48,68.75,3,2.9,5,4.84,0,40.0,1.92,1.86,-1.08,-1.045,0.97,1.94,0.97,,,,0.0,0,0.0
P. Bosančić,Žalgiris,Mariupol,LCB,30,250000,2026-12-31,5,247,0,0.0,0,0.0,14.21,51.28,Croatia,"Croatia, Bosnia and Herzegovina",left,190,80,no,8.38,6.56,50.0,4.37,58.33,0.0,0.0,0.36,5.1,6.27,2.19,2,0.73,0,0.0,0.0,0.0,0,0.0,0.0,0,0.0,0,0.0,0.0,0.0,0.0,0.0,0.0,0.0,0.0,0.0,0.0,0.0,0.0,0.0,1.09,33.33,0.73,0.0,0.0,24.05,0.0,0.73,37.89,85.58,16.03,77.27,3.28,88.89,16.4,95.56,32.79,90.0,5.1,57.14,19.88,19.23,0.0,0.0,0.0,0.0,0.36,0.0,0.0,4.37,66.67,1.09,66.67,0.0,0.0,1.09,0.0,8.02,72.73,0,,0,,0,0.0,0.0,0.0,,,2.55,,,0.0,0.0,0.0,0.0,0,0.0
B. Biloshevskyi,SK Poltava,Chornomorets,"RCMF, RDMF, LCMF",26,250000,2026-06-30,7,217,0,0.12,0,0.07,9.95,54.17,Ukraine,Ukraine,right,187,80,no,7.47,3.32,50.0,2.49,66.67,0.83,0.85,0.41,4.98,5.07,1.66,1,0.41,2,0.83,1.66,0.0,0,0.0,0.05,0,0.0,3,1.24,0.0,0.0,0.0,0.83,50.0,0.0,0.0,0.83,50.0,0.0,1.66,50.0,2.49,33.33,0.41,1.24,0.83,22.81,0.41,0.0,33.59,83.95,6.22,60.0,6.64,93.75,15.76,86.84,31.11,88.0,1.66,25.0,17.45,16.17,0.03,0.41,0.0,0.0,0.83,50.0,0.41,2.07,20.0,1.66,50.0,0.83,0.0,0.0,0.41,2.9,71.43,0,,0,,0,0.0,0.0,0.0,,,1.24,,,0.0,0.0,0.0,0.0,0,0.0
D. Sukhoruchko,SK Poltava,Chornomorets,CF,26,250000,2026-06-30,1,9,0,0.0,0,0.0,,,Ukraine,Ukraine,right,191,80,no,,,,,,,0.0,,,0.0,,1,,0,,,,0,,,0,,0,,,0.0,,,,,,,,,,,,,,,,,,,,,,,,,,,,,,,17.63,0.0,,,,,,,,,,,,,,,,,,0,,0,,0,0.0,0.0,,,,,,,,,,,0,0.0
F. Čirjak,,Lviv,"LCMF, RCMF",30,250000,,15,960,1,1.32,1,1.36,11.81,47.62,Croatia,Croatia,left,180,72,no,7.31,5.16,49.09,1.31,35.71,0.47,0.52,0.38,4.31,4.74,0.56,3,0.28,0,0.0,1.5,0.09,0,0.0,0.12,0,0.0,9,0.84,22.22,11.111,0.09,0.47,20.0,0.19,0.0,0.19,0.0,0.19,1.78,63.16,3.66,48.72,0.19,0.56,0.28,17.44,0.0,1.03,30.47,81.23,13.03,68.35,3.28,94.29,10.78,90.43,24.66,87.07,5.34,59.65,21.2,37.39,0.13,1.22,0.0,0.0,0.75,12.5,0.38,6.75,65.28,1.88,30.0,1.22,30.77,0.47,0.19,6.47,73.91,0,,0,,0,0.0,0.0,0.0,,,0.28,,,2.44,0.47,20.0,2.25,1,100.0
A. Alibekov,,Zorya,"DMF, LCMF, RAMF",28,250000,,3,29,1,0.32,0,0.0,,,Ukraine,Ukraine,right,182,73,no,,,,,,,0.0,,,0.0,,0,,0,,,,1,,,0,,3,,,33.333,,,,,,,,,,,,,,,,,,,,,,,,,,,,,,,19.3,0.0,,,,,,,,,,,,,,,,,,0,,0,,0,0.0,0.0,,,,,,,,,,,0,0.0
A. Dombrovskyi,,Desna,"DMF, LCMF, RCMF",30,250000,,16,1450,0,0.05,0,0.2,13.1,55.92,Ukraine,Ukraine,right,173,65,no,10.74,6.46,61.54,0.99,25.0,0.74,0.95,0.43,6.02,7.7,1.3,4,0.25,0,0.0,0.56,0.0,0,0.0,0.0,0,0.0,2,0.12,0.0,0.0,0.0,0.06,100.0,0.0,0.0,0.06,100.0,0.0,0.74,66.67,3.04,57.14,0.06,0.62,1.12,28.8,0.12,1.06,45.0,91.45,11.17,81.67,5.34,95.35,19.86,96.25,43.39,92.42,1.55,64.0,16.44,30.66,0.01,0.31,0.0,0.06,0.0,0.0,0.0,4.03,84.62,0.56,88.89,0.06,0.0,0.43,0.06,5.46,63.64,0,,0,,0,0.0,0.0,0.0,,,0.68,,,0.0,0.0,0.0,0.0,0,0.0
S. Sorokin,,Lviv,"AMF, RAMF",26,250000,,3,49,0,0.0,0,0.0,12.86,0.0,Ukraine,Ukraine,left,174,64,no,0.0,5.51,0.0,1.84,0.0,0.0,0.0,0.0,0.0,0.0,3.67,0,0.0,0,0.0,0.0,0.0,0,0.0,0.0,0,0.0,0,0.0,0.0,0.0,0.0,0.0,0.0,0.0,0.0,0.0,0.0,0.0,0.0,0.0,3.67,0.0,0.0,1.84,0.0,23.88,0.0,0.0,36.73,85.0,9.18,60.0,5.51,100.0,9.18,100.0,36.73,85.0,0.0,0.0,16.13,0.0,0.0,1.84,0.0,0.0,1.84,0.0,0.0,3.67,50.0,0.0,0.0,1.84,0.0,0.0,0.0,1.84,100.0,0,,0,,0,0.0,0.0,0.0,,,0.0,,,0.0,0.0,0.0,3.67,0,0.0
M. Imerekov,,Zorya,"LCB, RCB",35,250000,,18,1635,1,1.09,1,0.12,16.57,62.46,Ukraine,Ukraine,right,186,85,no,8.59,6.28,64.91,5.83,65.09,0.33,0.5,0.55,4.18,6.37,1.82,3,0.17,0,0.0,0.22,0.06,1,0.06,0.06,0,0.0,7,0.39,14.29,14.286,0.06,0.06,100.0,0.06,100.0,0.0,0.0,0.0,0.17,66.67,1.21,45.45,0.66,0.55,0.11,30.61,0.22,0.94,45.25,92.7,16.57,86.38,4.24,93.51,21.91,97.49,42.39,95.19,2.81,54.9,22.35,38.52,0.01,0.06,0.0,0.0,0.0,0.0,0.06,5.5,82.0,0.17,66.67,0.11,0.0,0.17,0.06,6.61,80.0,0,,0,,0,0.0,0.0,0.0,,,3.14,,,0.0,0.0,0.0,0.0,0,0.0
D. Shastal,Livyi Bereh,Oleksandria,"LW, RW",30,250000,2026-12-31,1,47,0,0.01,0,0.0,28.72,20.0,Ukraine,Ukraine,right,179,73,no,7.66,13.4,28.57,0.0,0.0,1.91,3.0,0.0,1.91,3.0,3.83,1,1.91,0,0.0,1.91,0.0,0,0.0,0.01,0,0.0,1,1.91,0.0,0.0,0.0,1.91,100.0,1.91,100.0,0.0,0.0,0.0,3.83,0.0,11.49,0.0,0.0,0.0,0.0,13.4,0.0,1.91,21.06,90.91,1.91,0.0,9.57,100.0,5.74,100.0,19.15,90.0,0.0,0.0,16.36,0.0,0.0,0.0,0.0,0.0,0.0,0.0,0.0,0.0,0.0,1.91,100.0,0.0,0.0,0.0,1.91,3.83,50.0,0,,0,,0,0.0,0.0,0.0,,,0.0,,,0.0,0.0,0.0,0.0,0,0.0
D. Kondrakov,Tom' Tomsk,Rukh Lviv,CF,28,250000,2026-12-31,10,281,0,0.92,0,0.0,31.39,27.55,Ukraine,Ukraine,right,182,77,no,3.2,4.48,28.57,7.69,25.0,0.96,1.22,0.0,0.96,1.22,2.88,2,0.64,0,0.0,1.92,0.0,0,0.0,0.29,0,0.0,5,1.6,20.0,0.0,0.0,0.96,0.0,0.64,0.0,0.32,0.0,0.0,3.84,41.67,11.53,27.78,2.88,0.64,0.32,9.93,1.92,2.24,13.13,75.61,2.88,77.78,2.88,88.89,5.12,68.75,11.53,83.33,0.64,50.0,14.69,5.19,0.0,0.0,0.0,0.0,0.32,0.0,0.0,1.92,100.0,0.96,0.0,0.32,0.0,0.0,0.0,1.6,80.0,0,,0,,0,0.0,0.0,0.0,,,0.0,,,0.0,0.0,0.0,0.0,0,0.0
D. Kostyshyn,Athletic Club Boise,Kolos Kovalivka,"AMF, LW, CF",28,250000,2026-12-31,16,672,1,0.71,0,0.39,27.05,44.55,Ukraine,Ukraine,left,178,70,no,7.1,6.83,52.94,3.08,43.48,0.8,0.98,0.0,2.68,3.26,2.14,3,0.4,0,0.0,5.22,0.13,1,0.13,0.09,0,0.0,10,1.34,70.0,10.0,0.0,1.74,30.77,1.07,50.0,0.67,0.0,0.0,6.29,55.32,12.59,42.55,1.88,1.34,0.94,13.79,0.8,2.54,20.63,77.92,4.55,67.65,4.82,88.89,6.83,82.35,18.08,81.48,1.21,77.78,18.42,16.2,0.05,0.8,0.13,0.0,0.67,40.0,0.27,1.74,100.0,1.47,36.36,0.4,33.33,0.54,0.4,3.62,70.37,0,,0,,0,0.0,0.0,0.0,,,0.0,,,0.27,0.0,0.0,0.67,0,0.0
R. Gagun,FSC Mariupol,Rukh Lviv,RB,32,250000,,7,607,0,0.01,0,0.09,21.8,55.1,Ukraine,Ukraine,right,172,65,no,12.45,10.23,62.32,3.26,40.91,0.44,0.51,0.74,5.63,6.4,0.59,1,0.15,0,0.0,1.78,0.0,0,0.0,0.0,0,0.0,1,0.15,0.0,0.0,0.0,1.19,25.0,0.0,0.0,1.19,25.0,0.15,1.93,76.92,5.04,58.82,0.3,0.74,0.44,23.72,1.63,1.63,37.22,80.08,15.57,73.33,6.82,93.48,10.53,87.32,32.32,84.4,3.71,60.0,18.91,27.14,0.01,0.3,0.0,0.0,0.15,0.0,0.15,4.0,74.07,1.19,37.5,0.3,0.0,0.3,0.3,9.04,68.85,0,,0,,0,0.0,0.0,0.0,,,1.33,,,0.0,0.0,0.0,0.0,0,0.0
M. Chekh,Obolon,Mariupol,"RCMF, RDMF, DMF",27,250000,,11,994,0,0.31,0,0.0,18.74,57.0,Ukraine,Ukraine,right,175,62,no,10.23,8.78,62.89,1.9,38.1,0.54,0.67,0.54,4.16,5.17,1.36,4,0.36,0,0.0,0.81,0.0,0,0.0,0.03,0,0.0,8,0.72,0.0,0.0,0.0,0.0,0.0,0.0,0.0,0.0,0.0,0.0,1.0,72.73,4.62,62.75,0.27,0.27,0.54,28.52,0.09,3.35,41.11,91.19,10.59,74.36,8.69,100.0,16.03,96.61,37.94,93.56,3.17,62.86,17.15,30.36,0.0,0.0,0.0,0.0,0.18,50.0,0.0,4.26,80.85,0.45,20.0,0.45,20.0,0.09,0.0,5.07,69.64,0,,0,,0,0.0,0.0,0.0,,,1.18,,,0.09,0.0,0.0,0.0,0,0.0
M. Grysyo,Obolon,Lviv,"RWB, RW, RB",30,250000,2027-06-30,14,796,1,0.21,0,0.16,24.99,42.08,Ukraine,Ukraine,right,172,62,no,12.44,11.31,54.0,2.94,26.92,0.79,0.9,0.23,5.54,6.31,3.62,6,0.68,0,0.0,1.92,0.11,1,0.11,0.02,0,0.0,4,0.45,50.0,25.0,0.0,1.24,54.55,0.0,0.0,1.24,54.55,0.23,2.94,30.77,6.78,36.67,0.57,0.68,0.79,10.18,1.36,1.36,17.3,77.12,6.11,59.26,4.41,97.44,4.07,83.33,15.26,78.52,0.79,85.71,15.28,16.37,0.02,0.34,0.0,0.0,0.23,50.0,0.11,1.7,86.67,1.92,52.94,0.11,0.0,0.34,0.68,3.51,64.52,0,,0,,0,0.0,0.0,0.0,,,0.23,,,0.0,0.0,0.0,0.0,0,0.0
Y. Zaporozhets,Epitsentr Kamyanets-Podilskyi,Inhulets,"AMF, RCMF",31,250000,2027-06-30,17,1589,0,0.52,1,1.35,21.86,40.93,Ukraine,Ukraine,right,182,72,no,7.53,7.48,50.0,3.34,44.07,1.13,1.24,0.11,2.66,2.93,2.49,2,0.11,0,0.0,2.44,0.0,0,0.0,0.03,0,0.0,7,0.4,14.29,0.0,0.06,1.19,42.86,0.28,0.0,0.85,53.33,0.11,2.44,58.14,5.95,41.9,1.42,1.47,1.08,28.89,1.7,1.02,44.75,78.35,15.63,63.77,8.61,96.05,14.9,84.79,35.0,84.79,8.67,56.86,19.82,35.49,0.08,1.02,0.06,0.0,0.91,50.0,0.45,7.99,58.87,3.62,43.75,2.27,37.5,1.42,0.57,8.21,76.55,0,,0,,0,0.0,0.0,0.0,,,0.68,,,0.28,0.0,0.0,0.68,0,0.0
I. Perduta,Zorya,Vorskla,"RWB, RB",35,250000,2027-06-30,18,1607,0,0.71,3,2.62,16.3,59.45,Ukraine,Ukraine,right,176,67,no,10.64,6.5,67.24,3.14,62.5,0.67,0.99,0.5,5.6,8.26,0.95,3,0.17,0,0.0,3.36,0.0,0,0.0,0.04,0,0.0,6,0.34,16.67,0.0,0.17,3.75,47.76,0.0,0.0,3.75,47.76,0.39,1.85,63.64,3.86,52.17,1.85,1.29,0.45,28.34,1.9,1.01,39.6,83.73,13.27,78.06,7.0,95.2,12.38,83.71,33.77,89.88,2.13,50.0,17.37,26.76,0.15,1.29,0.06,0.0,0.5,66.67,0.9,3.14,66.07,3.81,64.71,0.39,42.86,1.34,1.57,8.12,77.93,0,,0,,0,0.0,0.0,0.0,,,1.46,,,0.06,0.0,0.0,0.34,0,0.0
D. Khomchenovskyi,Kulykiv,Zorya,"LB, DMF, RB",36,250000,2027-06-30,14,1126,0,0.17,0,0.49,16.15,56.44,Ukraine,Ukraine,right,183,78,no,9.11,6.87,58.14,1.76,59.09,0.24,0.35,0.08,4.88,7.2,1.92,6,0.48,0,0.0,2.48,0.0,0,0.0,0.01,0,0.0,6,0.48,0.0,0.0,0.0,1.6,20.0,0.96,25.0,0.64,12.5,0.08,3.12,66.67,5.04,58.73,0.08,1.68,0.88,26.54,1.12,0.96,43.8,83.94,14.55,72.53,8.63,97.22,15.11,88.36,37.09,90.3,5.12,57.81,20.3,36.86,0.04,0.4,0.16,0.16,0.32,25.0,0.32,6.07,77.63,2.0,36.0,0.64,25.0,0.4,0.32,8.39,77.14,0,,0,,0,0.0,0.0,0.0,,,1.68,,,0.0,0.0,0.0,0.0,0,0.0
O. Horin,LNZ Cherkasy,Minaj,RCB,26,250000,2030-06-30,13,1085,2,1.08,0,0.0,19.24,71.98,Ukraine,Ukraine,right,188,80,no,14.93,8.88,77.57,5.97,80.56,0.83,0.98,0.75,7.22,8.53,1.33,3,0.25,0,0.0,0.91,0.17,2,0.17,0.09,2,0.17,10,0.83,50.0,20.0,0.0,0.0,0.0,0.0,0.0,0.0,0.0,0.0,0.5,83.33,1.82,59.09,0.58,1.0,0.17,24.97,0.66,1.24,37.58,83.66,15.26,68.48,4.06,97.96,15.01,93.92,31.02,90.37,6.55,51.9,21.89,34.76,0.0,0.0,0.0,0.0,0.25,33.33,0.08,4.65,53.57,0.5,16.67,0.5,16.67,0.08,0.0,6.8,63.41,0,,0,,0,0.0,0.0,0.0,,,2.24,,,0.17,0.17,50.0,0.0,0,0.0
R. Plaksa,Kudrivka,Mariupol,"AMF, CF",24,250000,2027-06-30,2,138,0,0.0,0,0.0,31.96,51.02,Ukraine,Ukraine,left,173,57,no,14.35,15.0,60.87,2.61,25.0,0.0,0.0,0.0,5.22,4.21,3.26,0,0.0,0,0.0,0.65,0.0,0,0.0,0.0,0,0.0,0,0.0,0.0,0.0,0.0,1.3,0.0,0.0,0.0,0.65,0.0,0.65,1.3,50.0,13.04,45.0,0.65,0.65,0.0,9.78,0.65,3.91,14.35,68.18,3.26,60.0,2.61,75.0,7.17,72.73,13.04,75.0,0.0,0.0,19.27,0.0,0.0,0.0,0.0,0.0,0.0,0.0,0.0,0.65,100.0,0.65,0.0,0.0,0.0,0.0,0.0,2.61,25.0,0,,0,,0,0.0,0.0,0.0,,,0.0,,,0.0,0.0,0.0,0.65,0,0.0
V. Yermakov,Obolon,FC Kharkiv,RB,34,250000,2027-06-30,16,1114,0,0.51,0,0.01,18.26,49.56,Ukraine,Ukraine,right,185,79,no,9.86,10.18,49.21,2.83,54.29,0.08,0.09,0.65,4.77,5.46,1.86,0,0.0,0,0.0,2.02,0.0,0,0.0,0.04,0,0.0,7,0.57,28.57,0.0,0.0,1.78,22.73,0.0,0.0,1.78,22.73,0.16,1.94,70.83,3.8,55.32,1.37,1.05,0.24,26.82,1.29,0.48,37.89,80.17,13.98,65.9,5.57,100.0,13.17,82.82,32.48,87.81,3.8,40.43,17.22,31.26,0.0,0.08,0.0,0.0,0.24,33.33,0.0,4.44,61.82,1.78,31.82,0.57,14.29,0.16,0.65,7.03,57.47,0,,0,,0,0.0,0.0,0.0,,,1.21,,,0.0,0.0,0.0,0.0,0,0.0
O. Sklyar,UCSA,Vorskla,"RCMF, RAMF, RWF",35,250000,2027-06-30,12,1013,1,1.98,4,1.02,19.81,42.15,Ukraine,Ukraine,right,175,68,no,6.49,4.53,45.1,3.55,42.5,0.62,1.0,0.27,3.82,6.14,1.69,3,0.27,0,0.0,1.15,0.09,1,0.09,0.18,0,0.0,9,0.8,11.11,11.111,0.36,0.8,55.56,0.27,66.67,0.53,50.0,0.18,1.24,35.71,6.93,39.74,1.33,1.15,0.98,22.21,0.98,1.15,36.07,82.76,9.51,71.96,10.04,93.81,10.93,88.62,31.81,86.03,3.46,58.97,17.9,32.72,0.09,0.71,0.09,0.0,0.8,22.22,0.62,3.82,62.79,1.87,57.14,1.42,25.0,0.89,0.44,5.51,62.9,0,,0,,0,0.0,0.0,0.0,,,0.8,,,0.0,0.0,0.0,0.0,0,0.0
K. Dubra,,Oleksandria,LCB,35,225000,,14,1354,2,0.74,0,0.26,13.56,63.73,Latvia,Latvia,right,190,87,no,8.18,4.65,72.86,4.25,62.5,0.2,0.27,0.4,4.59,6.11,0.86,4,0.27,0,0.0,0.33,0.13,2,0.13,0.05,2,0.13,8,0.53,50.0,25.0,0.0,0.0,0.0,0.0,0.0,0.0,0.0,0.0,0.27,25.0,1.06,31.25,0.8,0.2,0.13,24.46,0.13,0.6,38.75,88.51,13.89,75.6,2.13,100.0,21.47,95.98,33.23,92.0,5.52,67.47,25.17,39.45,0.02,0.13,0.07,0.0,0.0,0.0,0.07,3.86,72.41,0.27,50.0,0.4,33.33,0.2,0.0,6.58,70.71,0,,0,,0,0.0,0.0,0.0,,,1.86,,,0.0,0.0,0.0,0.0,0,0.0
M. Rom,Xorazm,Kolos Kovalivka,"RB, RCB",27,225000,2026-12-31,11,758,0,0.07,0,0.6,14.96,61.11,Slovenia,Slovenia,right,184,79,no,8.19,6.65,76.79,2.73,60.87,0.59,0.79,0.0,2.49,3.32,0.71,3,0.36,1,0.12,0.83,0.0,0,0.0,0.01,0,0.0,3,0.36,0.0,0.0,0.0,1.78,20.0,0.0,0.0,1.78,20.0,0.24,0.71,66.67,2.49,47.62,0.83,0.83,0.59,22.68,1.19,0.83,34.67,79.79,14.25,71.67,6.89,89.66,8.79,82.43,29.45,84.27,3.56,70.0,18.14,35.82,0.07,0.59,0.0,0.0,0.0,0.0,0.0,4.39,75.68,1.66,35.71,0.0,0.0,0.24,0.36,8.19,71.01,0,,0,,0,0.0,0.0,0.0,,,1.31,,,0.0,0.0,0.0,0.0,0,0.0
A. Korobenko,FK Liepāja,Inhulets,"LCMF, RCMF",29,225000,2027-12-31,11,667,0,0.15,0,0.06,16.46,49.18,Ukraine,Ukraine,right,184,76,no,9.85,8.1,65.0,2.16,37.5,1.08,1.2,0.13,3.51,3.9,1.48,2,0.27,0,0.0,0.81,0.0,0,0.0,0.02,0,0.0,2,0.27,50.0,0.0,0.0,0.0,0.0,0.0,0.0,0.0,0.0,0.0,0.94,71.43,2.97,45.45,0.27,0.81,0.54,25.37,0.27,0.67,35.35,88.55,7.69,75.44,7.29,96.3,15.11,91.07,32.79,90.53,2.56,63.16,16.51,19.88,0.01,0.13,0.0,0.0,0.0,0.0,0.0,3.78,71.43,0.67,60.0,0.4,66.67,0.4,0.0,4.05,56.67,0,,0,,0,0.0,0.0,0.0,,,0.81,,,0.0,0.0,0.0,0.0,0,0.0
O. Vyshnevskyi,Uzhhorod,Minaj,CF,30,200000,2026-06-30,13,557,3,1.73,1,0.2,24.08,26.17,Ukraine,Ukraine,right,179,79,no,3.07,2.91,38.89,6.46,30.0,0.16,0.19,0.16,1.78,2.13,0.97,0,0.0,0,0.0,2.1,0.48,3,0.48,0.28,0,0.0,11,1.78,54.55,27.273,0.16,0.97,33.33,0.32,0.0,0.65,50.0,0.32,2.26,35.71,9.37,17.24,2.75,0.32,0.32,7.59,1.94,0.97,11.8,69.86,3.55,63.64,2.42,73.33,2.91,66.67,10.5,73.85,0.32,50.0,14.1,4.65,0.03,0.48,0.0,0.0,0.0,0.0,0.32,1.78,63.64,1.13,28.57,0.16,0.0,0.32,0.48,2.42,73.33,0,,0,,0,0.0,0.0,0.0,,,0.0,,,0.0,0.0,0.0,0.0,0,0.0
M. Meskhi,Kazincbarcika,Minaj,"RCMF, LCMF",29,200000,2026-06-30,13,844,0,1.15,1,0.46,16.74,49.68,Ukraine,"Ukraine, Georgia",right,187,83,no,10.45,6.18,60.34,1.81,58.82,1.39,1.54,0.43,5.33,5.93,1.92,4,0.43,1,0.11,1.6,0.0,0,0.0,0.12,0,0.0,4,0.43,0.0,0.0,0.11,0.21,50.0,0.0,0.0,0.21,50.0,0.0,1.81,70.59,5.33,44.0,0.64,0.32,0.21,13.22,0.43,0.96,24.74,82.33,8.74,74.39,3.52,100.0,8.42,83.54,22.93,84.19,1.71,56.25,17.47,31.14,0.05,0.53,0.0,0.0,0.43,50.0,0.11,3.41,75.0,0.75,85.71,0.32,66.67,0.43,0.11,3.95,62.16,0,,0,,0,0.0,0.0,0.0,,,0.21,,,0.0,0.0,0.0,0.0,0,0.0
M. Polyulyakh,Avangard Lozova,Veres,"LCMF, RCMF",33,200000,,16,704,0,0.01,0,0.27,17.0,54.14,Ukraine,Ukraine,right,184,70,no,8.69,9.33,50.68,2.56,60.0,0.77,0.91,0.13,3.2,3.81,2.43,3,0.38,0,0.0,0.64,0.0,0,0.0,0.0,0,0.0,1,0.13,0.0,0.0,0.0,0.77,33.33,0.13,0.0,0.64,40.0,0.13,0.77,50.0,3.2,56.0,1.15,0.13,0.13,13.93,0.38,1.66,26.08,77.94,9.46,60.81,5.24,90.24,7.54,86.44,22.5,84.09,2.81,40.91,15.75,17.53,0.03,0.26,0.0,0.0,0.13,0.0,0.26,3.07,58.33,0.89,28.57,0.64,0.0,0.26,0.26,4.09,65.63,0,,0,,0,0.0,0.0,0.0,,,0.26,,,0.13,0.0,0.0,0.0,0,0.0
D. Bilonoh,Istiqlol,Minaj,"LW, CF, RW",31,200000,2026-12-31,15,995,1,2.23,0,0.27,13.12,46.9,Ukraine,Ukraine,right,183,81,no,2.26,0.9,80.0,2.26,24.0,0.36,0.41,0.0,1.18,1.34,0.36,0,0.0,0,0.0,4.16,0.09,1,0.09,0.2,0,0.0,19,1.72,21.05,5.263,0.0,2.53,35.71,1.36,40.0,1.18,30.77,0.18,4.52,64.0,8.59,52.63,2.98,2.89,1.9,11.67,1.54,1.81,17.37,70.31,2.53,60.71,5.25,87.93,5.34,69.49,14.38,76.73,0.54,66.67,17.55,10.48,0.02,0.18,0.09,0.0,0.0,0.0,0.18,0.81,77.78,1.54,35.29,0.09,0.0,0.27,0.81,1.36,53.33,0,,0,,0,0.0,0.0,0.0,,,0.09,,,0.0,0.0,0.0,0.0,1,0.0
V. Yakimets,,Lviv,"LWB, LB",28,200000,,18,1687,1,0.83,1,0.85,13.39,54.58,Ukraine,Ukraine,right,173,62,no,8.0,5.12,61.46,1.87,42.86,0.37,0.41,0.11,4.48,4.97,0.75,3,0.16,0,0.0,3.57,0.05,1,0.05,0.04,0,0.0,18,0.96,50.0,5.556,0.05,2.24,45.24,2.19,46.34,0.05,0.0,0.21,2.67,74.0,4.59,54.65,0.59,2.19,1.6,17.29,0.64,0.48,28.01,75.43,10.46,62.76,5.39,91.09,8.7,84.66,22.19,80.77,3.68,62.32,20.27,34.53,0.05,0.37,0.0,0.05,0.27,40.0,0.32,4.37,74.39,2.88,40.74,0.75,28.57,0.32,1.07,6.83,65.63,0,,0,,0,0.0,0.0,0.0,,,0.48,,,0.16,0.0,0.0,0.37,0,0.0
D. Pospelov,UTA Arad,Inhulets,RCB,34,200000,2027-06-30,10,758,1,0.38,0,0.23,13.06,62.73,Ukraine,Ukraine,right,187,80,no,9.74,5.34,73.33,5.46,60.87,0.0,0.0,0.47,5.82,6.07,0.95,2,0.24,0,0.0,0.47,0.12,1,0.12,0.05,1,0.12,2,0.24,100.0,50.0,0.0,0.0,0.0,0.0,0.0,0.0,0.0,0.0,0.24,100.0,0.71,50.0,0.83,0.12,0.12,23.15,0.12,0.47,35.15,86.15,13.54,72.81,3.21,92.59,16.03,97.78,29.09,91.84,6.06,58.82,18.35,26.05,0.03,0.12,0.0,0.0,0.12,0.0,0.12,2.85,62.5,0.0,0.0,0.12,0.0,0.24,0.0,6.29,64.15,0,,0,,0,0.0,0.0,0.0,,,2.37,,,0.0,0.0,0.0,0.0,0,0.0
M. Mysyk,Nyva Ternopil,Rukh Lviv,LB,29,200000,2028-12-31,14,1132,0,0.19,1,0.86,18.84,48.52,Ukraine,Ukraine,left,174,61,no,8.43,8.83,51.35,2.62,60.61,0.24,0.27,0.0,3.66,4.18,2.15,3,0.24,0,0.0,1.91,0.0,0,0.0,0.02,0,0.0,10,0.8,0.0,0.0,0.08,2.07,23.08,1.99,24.0,0.08,0.0,0.08,1.75,63.64,4.53,38.6,0.64,0.8,0.8,26.95,3.02,1.27,38.48,74.79,16.14,61.58,8.98,93.81,8.51,76.64,29.42,84.59,7.16,47.78,20.98,35.51,0.07,0.8,0.0,0.0,0.87,36.36,0.24,7.63,60.42,2.78,28.57,1.75,31.82,0.56,0.56,9.86,68.55,0,,0,,0,0.0,0.0,0.0,,,0.8,,,0.8,0.0,0.0,0.8,0,0.0
F. Alvarenga,,Rukh Lviv,"RW, RB",30,200000,,9,516,1,0.45,0,0.29,23.9,41.61,Argentina,Argentina,right,178,76,no,9.24,7.5,55.81,4.71,29.63,1.74,2.0,0.0,3.31,3.8,2.62,3,0.52,0,0.0,4.01,0.17,1,0.17,0.08,0,0.0,9,1.57,33.33,11.111,0.0,3.14,22.22,0.17,100.0,2.97,17.65,0.17,3.84,68.18,7.33,40.48,1.92,0.87,1.4,14.83,1.4,0.17,25.81,74.32,5.58,65.63,6.63,89.47,8.37,68.75,20.58,81.36,2.44,71.43,18.32,29.89,0.05,0.7,0.0,0.0,0.52,33.33,0.0,1.22,71.43,2.27,23.08,0.35,0.0,0.0,0.52,3.14,77.78,0,,0,,0,0.0,0.0,0.0,,,0.17,,,0.7,0.17,100.0,2.27,0,0.0
F. Di Franco,Deportivo Capiatá,Dnipro-1,"LDMF, LCMF, DMF",31,200000,2026-12-31,16,669,0,0.29,0,0.38,24.08,54.75,Argentina,"Argentina, Italy",right,175,73,no,10.09,10.36,51.95,1.21,55.56,0.4,0.53,0.27,4.3,5.68,2.83,4,0.54,1,0.13,2.69,0.0,0,0.0,0.04,0,0.0,3,0.4,66.67,0.0,0.0,0.27,100.0,0.0,0.0,0.27,100.0,0.0,2.83,71.43,9.01,62.69,0.81,0.94,0.4,32.29,0.54,2.96,46.01,91.81,13.59,79.21,5.92,97.73,17.49,97.69,44.66,92.77,1.08,50.0,16.0,10.86,0.05,0.67,0.13,0.0,0.27,50.0,0.27,5.25,76.92,1.21,77.78,0.54,25.0,0.4,0.27,4.57,76.47,0,,0,,0,0.0,0.0,0.0,,,0.0,,,0.0,0.0,0.0,0.0,0,0.0
Y. Kartushov,Chernihiv,Desna,"LB, LW",35,200000,,15,1305,0,0.26,2,2.39,14.69,54.46,Ukraine,Ukraine,left,182,0,no,6.34,4.83,61.43,2.07,53.33,0.14,0.18,0.0,3.24,4.18,0.21,1,0.07,0,0.0,5.17,0.0,0,0.0,0.02,0,0.0,7,0.48,28.57,0.0,0.14,5.31,48.05,5.24,47.37,0.0,0.0,0.69,3.17,73.91,5.59,58.02,1.1,1.66,0.97,28.9,2.21,0.69,41.31,79.3,11.52,67.07,7.66,97.3,15.03,81.65,32.0,87.72,4.28,50.0,20.0,36.9,0.16,1.17,0.07,0.0,0.34,40.0,0.69,4.55,68.18,5.03,58.9,0.62,22.22,0.69,2.55,10.97,76.73,0,,0,,0,0.0,0.0,0.0,,,0.41,,,0.0,0.0,0.0,0.14,0,0.0
A. Rufati,Gorica,Zorya,RB,27,200000,,4,51,0,0.05,0,0.0,21.18,58.33,Croatia,"Croatia, North Macedonia",right,183,77,no,14.12,7.06,100.0,1.76,0.0,3.53,7.5,0.0,3.53,7.5,1.76,0,0.0,0,0.0,0.0,0.0,0,0.0,0.09,0,0.0,1,1.76,0.0,0.0,0.0,3.53,0.0,0.0,0.0,3.53,0.0,1.76,0.0,0.0,5.29,33.33,3.53,0.0,0.0,24.71,3.53,1.76,26.47,40.0,12.35,28.57,5.29,100.0,5.29,33.33,22.94,46.15,0.0,0.0,9.74,0.0,0.0,0.0,0.0,0.0,0.0,0.0,0.0,5.29,33.33,1.76,0.0,0.0,0.0,0.0,0.0,3.53,50.0,0,,0,,0,0.0,0.0,0.0,,,0.0,,,0.0,0.0,0.0,0.0,0,0.0
N. Nych,Ahrobiznes Volochysk,Lviv,CF,27,200000,,18,1016,0,1.17,0,0.21,25.25,29.47,Ukraine,Ukraine,left,181,74,no,1.77,1.51,70.59,6.64,28.0,0.09,0.1,0.0,0.62,0.67,1.68,3,0.27,0,0.0,1.59,0.0,0,0.0,0.1,0,0.0,11,0.97,36.36,0.0,0.0,0.71,0.0,0.71,0.0,0.0,0.0,0.09,3.45,35.9,11.52,28.46,2.04,1.15,0.71,4.96,1.77,0.89,9.66,70.64,0.97,54.55,3.01,91.18,2.66,66.67,8.42,77.89,0.62,42.86,16.39,6.07,0.02,0.27,0.0,0.0,0.0,0.0,0.09,0.44,40.0,0.8,22.22,0.0,0.0,0.18,0.09,0.8,44.44,0,,0,,0,0.0,0.0,0.0,,,0.0,,,0.0,0.0,0.0,0.0,0,0.0
D. Klyots,Veres,Veres,"LCMF, DMF, RCMF",30,200000,2027-06-30,8,464,1,0.78,0,0.36,14.16,57.53,Ukraine,Ukraine,right,175,73,no,7.95,8.34,65.12,0.58,33.33,0.58,0.61,0.0,1.94,2.03,1.75,1,0.19,0,0.0,1.16,0.19,0,0.0,0.15,0,0.0,2,0.39,100.0,50.0,0.0,0.97,20.0,0.39,0.0,0.58,33.33,0.19,1.55,37.5,2.91,46.67,0.19,0.58,0.0,21.53,0.19,0.58,32.78,89.35,9.7,86.0,4.27,100.0,13.77,90.14,30.26,92.95,1.55,62.5,19.13,28.21,0.07,0.78,0.0,0.19,0.0,0.0,0.0,2.72,92.86,0.58,33.33,0.0,0.0,0.0,0.19,2.72,71.43,0,,0,,0,0.0,0.0,0.0,,,0.78,,,0.58,0.0,0.0,1.55,1,100.0
Y. Galchuk,,Inhulets,GK,34,200000,,12,1139,0,0.0,0,0.0,0.47,100.0,Ukraine,Ukraine,right,184,69,no,1.34,0.08,100.0,0.32,100.0,0.0,0.0,0.0,1.26,1.45,0.0,0,0.0,0,0.0,0.0,0.0,0,0.0,0.0,0,0.0,0,0.0,0.0,0.0,0.0,0.0,0.0,0.0,0.0,0.0,0.0,0.0,0.0,0.0,0.0,0.0,0.0,0.0,0.0,16.12,0.24,0.0,23.94,84.49,14.93,78.31,0.08,100.0,8.22,94.23,12.72,96.27,11.22,71.13,35.69,48.69,0.0,0.0,0.0,0.0,0.0,0.0,0.0,3.4,62.79,0.32,25.0,0.24,33.33,0.08,0.0,9.88,82.4,21,1.66,60,4.74,2,65.0,20.69,1.64,-0.31,-0.024,0.08,2.05,0.32,,,,0.0,0,0.0
R. Owusu,FC Kharkiv,Zorya,"CF, AMF, RW",24,200000,2027-06-30,13,156,4,1.42,0,0.41,27.12,42.55,Ghana,Ghana,right,178,69,no,6.92,8.08,64.29,5.77,40.0,0.0,0.0,0.0,1.73,3.91,2.31,1,0.58,0,0.0,3.46,2.31,4,2.31,0.82,0,0.0,5,2.88,80.0,80.0,0.0,1.15,0.0,0.58,0.0,0.58,0.0,0.0,4.04,28.57,9.81,29.41,6.35,0.58,0.0,8.65,2.31,0.58,12.12,85.71,0.58,100.0,4.04,100.0,4.04,100.0,10.96,94.74,0.0,0.0,11.34,0.0,0.24,1.73,0.0,0.0,0.0,0.0,0.0,1.15,100.0,1.15,50.0,0.0,0.0,2.31,0.0,0.58,100.0,0,,0,,0,0.0,0.0,0.0,,,0.0,,,0.0,0.0,0.0,0.0,0,0.0
A. Bogdanov,Trostianets,Kolos Kovalivka,LCMF,36,200000,2027-06-30,14,1095,0,2.3,0,2.12,19.56,45.8,Ukraine,Ukraine,right,182,75,no,8.3,7.32,50.56,2.55,41.94,1.32,1.52,0.16,3.29,3.8,1.48,4,0.33,0,0.0,2.47,0.0,0,0.0,0.19,0,0.0,30,2.47,40.0,0.0,0.0,0.49,50.0,0.49,50.0,0.0,0.0,0.08,2.14,50.0,6.33,46.75,0.66,1.48,0.58,27.45,0.49,1.89,38.14,83.62,16.19,74.11,5.18,96.83,12.66,91.56,30.9,88.83,6.74,62.2,19.82,33.45,0.17,1.23,0.0,0.0,0.41,40.0,0.25,9.45,72.17,2.14,57.69,1.4,41.18,0.82,0.25,8.88,85.19,0,,0,,0,0.0,0.0,0.0,,,0.16,,,2.63,0.58,28.57,3.12,0,0.0
L. Arveladze,,Desna,"LCMF, LDMF, RCMF",33,175000,,15,1070,1,0.46,0,1.22,18.34,50.46,Georgia,"Georgia, Ukraine",right,181,75,no,7.57,7.07,58.33,2.52,46.67,0.25,0.34,0.08,3.2,4.3,1.09,1,0.08,0,0.0,2.52,0.08,1,0.08,0.04,0,0.0,9,0.76,33.33,11.111,0.0,1.43,35.29,0.5,16.67,0.93,45.45,0.17,2.19,76.92,6.39,42.11,1.09,1.51,1.09,36.34,0.42,0.42,51.22,89.0,14.13,79.17,7.74,98.91,19.93,91.98,45.0,94.21,4.96,55.93,18.47,34.7,0.1,0.76,0.08,0.08,0.17,50.0,0.25,8.16,78.35,1.85,50.0,0.5,33.33,0.84,0.42,6.22,82.43,0,,0,,0,0.0,0.0,0.0,,,0.34,,,0.5,0.08,0.0,1.51,0,0.0
E. Antwi,Al Rams,Lviv,"LW, CF",30,175000,,17,1387,2,2.16,2,1.44,29.13,43.88,Ghana,Ghana,left,175,70,no,4.74,4.41,54.41,6.23,41.67,0.06,0.07,0.06,2.27,2.55,2.21,7,0.45,0,0.0,4.8,0.13,2,0.13,0.14,0,0.0,30,1.95,26.67,6.667,0.13,2.34,22.22,2.14,21.21,0.19,33.33,0.39,6.36,57.14,13.04,46.27,2.27,1.88,1.82,9.73,1.95,1.88,16.09,67.34,3.24,58.0,4.28,86.36,4.8,66.22,13.24,75.98,0.71,36.36,17.34,18.21,0.09,0.52,0.06,0.0,0.19,66.67,0.32,1.75,70.37,1.75,40.74,0.13,50.0,0.65,0.58,2.08,75.0,0,,0,,0,0.0,0.0,0.0,,,0.0,,,0.06,0.0,0.0,0.0,0,0.0
V. Khamelyuk,Viktoriya Sumy,Lviv,CF,28,175000,2026-06-30,2,35,0,0.04,0,0.0,,,Ukraine,Ukraine,left,178,67,no,,,,,,,0.0,,,3.33,,0,,0,,,,0,,,0,,1,,,0.0,,,,,,,,,,,,,,,,,,,,,,,,,,,,,,,8.01,0.0,,,,,,,,,,,,,,,,,,0,,0,,0,0.0,0.0,,,,,,,,,,,0,0.0
A. Savin,Podillya Khmelnytskyi,Metalist 1925 Kharkiv,"RW, LW",36,175000,2026-06-30,16,739,0,1.05,0,1.23,16.08,53.03,Ukraine,Ukraine,right,177,70,no,7.67,4.87,62.5,2.19,22.22,0.85,1.01,0.0,3.78,4.49,0.73,2,0.24,0,0.0,6.33,0.0,0,0.0,0.13,0,0.0,21,2.56,28.57,0.0,0.0,4.99,56.1,0.73,66.67,4.14,55.88,0.24,4.99,51.22,7.79,53.13,2.68,2.19,1.34,19.73,1.71,1.46,29.23,70.0,7.67,57.14,6.21,82.35,10.72,73.86,20.34,78.44,4.02,42.42,22.51,27.93,0.15,1.46,0.0,0.0,0.61,40.0,0.61,4.51,51.35,4.75,61.54,1.71,35.71,0.85,2.8,7.79,84.38,0,,0,,0,0.0,0.0,0.0,,,0.0,,,0.61,0.12,0.0,2.31,0,0.0
V. Kucheruk,Viktoriya Sumy,Chornomorets,GK,27,150000,2026-06-30,15,1430,0,0.0,0,0.0,0.88,64.29,Ukraine,Ukraine,right,191,80,no,1.38,0.0,0.0,0.76,66.67,0.0,0.0,0.0,1.38,1.65,0.06,1,0.06,0,0.0,0.0,0.0,0,0.0,0.0,0,0.0,0,0.0,0.0,0.0,0.0,0.0,0.0,0.0,0.0,0.0,0.0,0.0,0.0,0.0,0.06,0.0,0.0,0.0,0.0,13.97,0.31,0.25,20.08,86.52,10.51,77.84,0.06,100.0,8.87,96.45,13.28,96.68,6.8,66.67,30.32,43.25,0.0,0.0,0.0,0.0,0.0,0.0,0.0,0.94,46.67,0.0,0.0,0.0,0.0,0.0,0.0,5.03,71.25,28,1.76,109,6.86,1,74.31,29.2,1.84,1.2,0.076,0.0,2.64,0.76,,,,0.0,0,0.0
Y. Isaenko,Metalist Kharkiv,Chornomorets,"RCMF, CF",25,150000,2027-06-30,18,1051,2,2.6,1,0.73,17.55,37.07,Ukraine,Ukraine,left,169,57,no,4.8,4.97,43.1,3.17,35.14,1.2,1.51,0.0,1.46,1.83,1.11,2,0.17,0,0.0,1.88,0.17,2,0.17,0.22,1,0.09,20,1.71,15.0,10.0,0.09,0.6,14.29,0.09,0.0,0.51,16.67,0.09,3.08,50.0,5.65,36.36,3.6,1.03,0.6,13.19,0.77,0.43,19.78,78.35,3.85,62.22,6.59,89.61,5.74,85.07,18.92,80.54,0.26,66.67,13.89,5.45,0.06,0.86,0.0,0.0,0.26,0.0,0.43,2.31,70.37,0.51,33.33,0.34,0.0,0.51,0.09,1.97,69.57,0,,0,,0,0.0,0.0,0.0,,,0.09,,,0.0,0.0,0.0,0.0,0,0.0
D. Knysh,Viktoriya Sumy,Minaj,"RB, LB, AMF",30,150000,,14,848,1,0.8,0,0.24,19.85,44.92,Ukraine,Ukraine,right,176,69,no,5.41,4.99,55.32,3.71,28.57,0.64,0.75,0.11,2.02,2.37,1.7,7,0.74,0,0.0,3.93,0.11,0,0.0,0.08,0,0.0,4,0.42,25.0,25.0,0.0,1.7,37.5,0.74,42.86,0.96,33.33,0.11,4.99,57.45,8.6,50.62,0.32,2.87,1.91,20.38,1.06,2.02,32.9,74.19,13.58,67.97,5.31,80.0,8.49,82.5,27.81,79.77,3.4,46.88,18.27,25.68,0.03,0.42,0.0,0.0,0.74,42.86,0.11,4.25,60.0,2.02,52.63,0.85,12.5,0.53,0.64,7.11,62.69,0,,0,,0,0.0,0.0,0.0,,,0.21,,,0.74,0.11,0.0,0.96,1,100.0
B. Veklyak,Kudrivka,Minaj,"RCB, CB",26,150000,2026-12-31,10,868,0,0.0,0,0.0,12.24,64.41,Ukraine,Ukraine,right,186,0,no,9.54,5.81,64.29,3.63,65.71,0.1,0.11,0.52,5.7,6.32,0.93,0,0.0,0,0.0,0.1,0.0,0,0.0,0.0,0,0.0,0,0.0,0.0,0.0,0.0,0.1,0.0,0.0,0.0,0.1,0.0,0.0,0.1,100.0,1.14,63.64,0.0,0.83,0.0,27.27,0.21,0.62,41.37,80.95,17.42,64.88,2.49,100.0,19.29,92.47,32.66,90.79,8.61,44.58,24.03,39.42,0.0,0.0,0.0,0.0,0.1,0.0,0.0,5.81,46.43,0.93,0.0,1.04,10.0,0.0,0.0,8.4,69.14,0,,0,,0,0.0,0.0,0.0,,,1.87,,,0.0,0.0,0.0,0.0,0,0.0
I. Soldat,Lisne,Veres,RB,35,150000,2026-06-30,18,1714,2,0.43,1,0.75,13.18,52.59,Ukraine,Ukraine,right,181,73,no,7.61,5.57,61.32,1.84,37.14,0.37,0.41,0.16,3.83,4.26,0.79,0,0.0,0,0.0,1.84,0.11,2,0.11,0.02,2,0.11,7,0.37,42.86,28.571,0.05,1.68,56.25,0.16,33.33,1.52,58.62,0.11,1.52,44.83,2.99,38.6,0.63,0.63,0.21,20.11,1.47,0.68,31.45,76.79,15.65,71.14,3.94,97.33,8.45,79.5,23.1,84.55,6.88,55.73,21.46,35.26,0.04,0.37,0.0,0.05,0.16,33.33,0.37,5.88,65.18,1.79,61.76,0.74,35.71,0.37,0.89,9.61,72.13,0,,0,,0,0.0,0.0,0.0,,,0.37,,,0.05,0.0,0.0,0.0,0,0.0
O. Bilyk,Epitsentr Kamyanets-Podilskyi,Oleksandria,GK,28,150000,2027-06-30,18,1737,0,0.0,0,0.0,0.88,82.35,Ukraine,Ukraine,right,187,83,no,1.09,0.16,66.67,0.26,100.0,0.0,0.0,0.0,0.98,1.29,0.0,2,0.1,0,0.0,0.16,0.0,0,0.0,0.0,0,0.0,0,0.0,0.0,0.0,0.0,0.0,0.0,0.0,0.0,0.0,0.0,0.0,0.16,100.0,0.26,100.0,0.0,0.0,0.0,12.18,0.1,0.31,17.82,84.88,11.81,78.95,0.0,0.0,5.8,96.43,9.22,97.75,8.6,71.08,37.39,50.89,0.0,0.0,0.0,0.0,0.0,0.0,0.0,2.85,67.27,0.31,0.0,0.1,0.0,0.0,0.0,6.74,80.0,16,0.83,83,4.3,7,80.72,19.81,1.03,3.81,0.197,0.0,1.04,0.26,,,,0.0,0,0.0
M. Mihoubi,,Lviv,CF,26,150000,,1,10,0,0.0,0,0.0,,,France,"France, Tunisia",left,186,81,no,,,,,,,15.0,,,0.0,,0,,0,,,,0,,,0,,0,,,0.0,,,,,,,,,,,,,,,,,,,,,,,,,,,,,,,18.7,0.0,,,,,,,,,,,,,,,,,,0,,0,,0,0.0,0.0,,,,,,,,,,,0,0.0
A. Busko,Bukovyna,Lviv,"RB, RWB, RCB",29,150000,2027-06-30,14,1001,0,0.4,0,0.51,16.36,57.14,Ukraine,Ukraine,right,177,0,no,10.7,7.01,60.26,2.43,51.85,1.17,1.24,0.27,5.3,5.62,0.63,2,0.18,0,0.0,2.34,0.0,0,0.0,0.04,0,0.0,8,0.72,25.0,0.0,0.0,2.34,26.92,0.09,0.0,2.25,28.0,0.27,2.25,68.0,4.41,65.31,0.81,0.9,1.08,11.33,1.26,1.44,20.23,64.0,8.81,52.04,2.88,87.5,5.48,67.21,14.3,78.62,3.78,28.57,21.82,28.36,0.05,0.99,0.0,0.0,0.0,0.0,0.36,3.06,44.12,1.71,36.84,0.09,0.0,0.27,0.63,5.03,62.5,0,,0,,0,0.0,0.0,0.0,,,0.72,,,0.0,0.0,0.0,0.0,0,0.0
O. Ilyushchenkov,,Lviv,GK,36,150000,,14,1348,0,0.0,0,0.0,1.14,52.94,Ukraine,Ukraine,right,187,0,no,1.87,0.27,50.0,0.8,58.33,0.0,0.0,0.0,1.74,1.99,0.0,1,0.07,0,0.0,0.0,0.0,0,0.0,0.0,0,0.0,0,0.0,0.0,0.0,0.0,0.0,0.0,0.0,0.0,0.0,0.0,0.0,0.0,0.0,0.07,0.0,0.0,0.0,0.0,8.28,0.07,0.2,13.22,85.35,9.15,78.83,0.0,0.0,3.74,100.0,6.21,97.85,7.01,74.29,37.96,48.27,0.0,0.0,0.0,0.0,0.0,0.0,0.0,2.2,72.73,0.0,0.0,0.07,100.0,0.0,0.0,5.94,82.02,18,1.2,55,3.67,3,67.27,16.35,1.09,-1.65,-0.11,0.0,1.47,0.8,,,,0.0,0,0.0
A. Ngamba,,Kolos Kovalivka,"LCMF, LDMF, RCMF",27,150000,,4,258,0,0.17,0,0.0,22.33,45.31,Cameroon,"Cameroon, France",right,173,73,no,11.16,10.47,50.0,2.44,57.14,0.7,0.92,0.0,5.23,6.92,3.14,3,1.05,0,0.0,1.4,0.0,0,0.0,0.06,0,0.0,5,1.74,0.0,0.0,0.0,0.0,0.0,0.0,0.0,0.0,0.0,0.0,2.79,37.5,5.58,50.0,0.35,1.05,1.4,19.88,0.0,0.7,31.05,83.15,10.47,70.0,6.98,85.0,8.37,95.83,28.26,86.42,2.79,50.0,17.85,30.32,0.0,0.0,0.0,0.0,0.35,100.0,0.0,3.84,81.82,0.35,0.0,0.35,0.0,0.0,0.0,5.23,46.67,0,,0,,0,0.0,0.0,0.0,,,0.35,,,0.0,0.0,0.0,0.0,0,0.0
M. Stephen,Toktogul,Inhulets,CF,26,150000,2026-12-31,16,799,2,3.3,0,0.52,26.36,35.04,Nigeria,Nigeria,right,184,0,no,4.06,4.39,46.15,7.32,36.92,0.45,0.48,0.0,1.58,1.69,2.59,2,0.23,0,0.0,2.7,0.23,2,0.23,0.37,0,0.0,22,2.48,22.73,9.091,0.0,0.79,28.57,0.23,50.0,0.56,20.0,0.11,3.72,51.52,9.35,33.73,3.83,0.79,0.68,8.79,2.59,1.01,13.97,75.81,2.7,62.5,4.17,86.49,3.6,81.25,12.84,78.95,0.56,60.0,13.92,7.33,0.06,0.79,0.0,0.0,0.11,0.0,0.34,1.24,63.64,0.68,50.0,0.0,0.0,1.01,0.11,1.46,69.23,0,,0,,0,0.0,0.0,0.0,,,0.0,,,0.0,0.0,0.0,0.0,0,0.0
M. Danfa,,Kolos Kovalivka,"LW, CF",25,150000,,2,60,0,0.29,0,0.0,30.0,45.0,Senegal,Senegal,right,190,85,no,9.0,9.0,50.0,4.5,33.33,0.0,0.0,0.0,4.5,4.09,4.5,2,3.0,0,0.0,1.5,0.0,0,0.0,0.43,0,0.0,2,3.0,0.0,0.0,0.0,1.5,0.0,0.0,0.0,1.5,0.0,0.0,7.5,20.0,12.0,37.5,4.5,0.0,0.0,10.5,0.0,1.5,22.5,73.33,4.5,33.33,6.0,100.0,7.5,80.0,16.5,90.91,4.5,33.33,29.02,17.65,0.0,0.0,0.0,0.0,0.0,0.0,0.0,1.5,100.0,0.0,0.0,0.0,0.0,0.0,0.0,3.0,50.0,0,,0,,0,0.0,0.0,0.0,,,0.0,,,0.0,0.0,0.0,0.0,0,0.0
O. Bandura,,Rukh Lviv,GK,40,150000,,3,288,0,0.0,0,0.0,0.31,100.0,Ukraine,Ukraine,right,186,76,no,0.94,0.0,0.0,0.31,100.0,0.0,0.0,0.0,0.94,1.36,0.0,0,0.0,0,0.0,0.0,0.0,0,0.0,0.0,0,0.0,0,0.0,0.0,0.0,0.0,0.0,0.0,0.0,0.0,0.0,0.0,0.0,0.0,0.0,0.0,0.0,0.0,0.0,0.0,8.13,0.31,0.0,15.94,92.16,8.75,85.71,0.0,0.0,6.56,100.0,11.25,97.22,4.69,80.0,28.17,41.72,0.0,0.0,0.0,0.0,0.0,0.0,0.0,0.0,0.0,0.0,0.0,0.0,0.0,0.0,0.0,4.69,73.33,6,1.88,13,4.06,0,53.85,5.06,1.58,-0.94,-0.294,0.0,0.94,0.31,,,,0.0,0,0.0
S. Rybalka,Lisne,Oleksandria,"LDMF, RCMF, LCMF",36,150000,2026-06-30,13,704,0,0.78,4,1.83,21.48,55.95,Ukraine,Ukraine,right,178,68,no,10.36,8.57,64.18,2.43,52.63,0.51,0.69,0.0,4.35,5.9,1.92,5,0.64,0,0.0,1.79,0.0,0,0.0,0.1,0,0.0,12,1.53,16.67,0.0,0.51,0.64,40.0,0.13,0.0,0.51,50.0,0.13,2.05,50.0,7.03,50.91,1.02,0.38,0.51,29.91,0.26,2.81,46.02,87.78,14.83,81.9,5.5,97.67,18.66,89.04,41.16,92.24,4.22,51.52,16.56,23.75,0.23,1.79,0.0,0.13,0.26,100.0,0.26,7.8,83.61,1.28,50.0,0.64,40.0,0.77,0.26,8.31,80.0,0,,0,,0,0.0,0.0,0.0,,,0.0,,,2.56,0.38,33.33,3.2,0,0.0
S. Lohinov,,Dnipro-1,LCB,35,150000,,10,613,1,0.25,0,0.0,15.56,53.77,Ukraine,Ukraine,right,191,83,no,9.25,7.78,50.94,3.96,48.15,0.29,0.42,0.73,4.99,7.08,1.76,3,0.44,1,0.15,0.44,0.15,1,0.15,0.04,1,0.15,3,0.44,66.67,33.333,0.0,0.15,0.0,0.15,0.0,0.0,0.0,0.0,0.15,100.0,0.59,75.0,0.73,0.29,0.0,51.39,0.59,1.03,66.51,91.17,22.46,79.08,2.06,100.0,37.0,97.62,59.9,95.1,6.46,56.82,20.29,26.31,0.0,0.0,0.0,0.0,0.15,0.0,0.0,7.05,64.58,0.59,25.0,0.0,0.0,0.0,0.0,8.96,80.33,0,,0,,0,0.0,0.0,0.0,,,1.62,,,0.0,0.0,0.0,0.0,0,0.0
Y. Tkachuk,,Metalist 1925 Kharkiv,RCB,34,150000,,12,1088,0,0.78,0,0.01,14.15,60.82,Ukraine,Ukraine,right,193,85,no,10.09,5.63,61.76,4.22,64.71,0.58,0.67,0.99,6.04,6.97,0.83,2,0.17,0,0.0,0.66,0.0,0,0.0,0.06,0,0.0,8,0.66,50.0,0.0,0.0,0.08,0.0,0.0,0.0,0.08,0.0,0.0,0.33,75.0,1.08,76.92,0.91,0.5,0.08,35.16,0.66,0.66,48.97,86.82,20.76,78.88,2.23,100.0,19.94,95.02,42.77,92.46,6.12,48.65,21.47,36.91,0.0,0.08,0.0,0.0,0.08,100.0,0.08,5.87,61.97,0.41,0.0,0.66,25.0,0.08,0.0,8.69,70.48,0,,0,,0,0.0,0.0,0.0,,,1.9,,,0.0,0.0,0.0,0.0,0,0.0
I. Zubkov,Lokomotiv Kyiv,Metalist 1925 Kharkiv,CF,28,150000,,10,244,1,0.43,0,0.17,30.25,39.02,Ukraine,Ukraine,left,186,80,no,3.32,3.69,60.0,8.11,50.0,0.74,1.0,0.37,0.37,0.5,2.21,0,0.0,0,0.0,2.58,0.37,1,0.37,0.16,1,0.37,4,1.48,50.0,25.0,0.0,0.0,0.0,0.0,0.0,0.0,0.0,0.0,2.95,50.0,12.91,31.43,4.06,1.11,0.37,11.07,0.74,3.69,15.86,74.42,2.58,42.86,4.06,81.82,5.16,85.71,15.86,74.42,0.0,0.0,13.11,0.0,0.06,0.37,0.0,0.0,0.74,50.0,0.37,0.74,50.0,0.74,50.0,0.74,50.0,0.74,0.0,1.11,33.33,0,,0,,0,0.0,0.0,0.0,,,0.0,,,0.0,0.0,0.0,0.0,0,0.0
Marlyson,Noroeste,Metalist 1925 Kharkiv,CF,28,150000,2026-11-30,14,981,5,3.36,0,0.27,26.7,31.62,Brazil,Brazil,right,185,84,no,2.02,2.66,24.14,4.86,30.19,0.09,0.11,0.18,1.28,1.6,1.38,2,0.18,0,0.0,1.93,0.46,4,0.37,0.31,0,0.0,22,2.02,40.91,22.727,0.0,0.18,50.0,0.09,0.0,0.09,100.0,0.0,1.93,42.86,12.29,35.82,3.12,0.18,0.09,8.99,1.83,3.3,11.47,83.2,1.38,53.33,4.86,92.45,2.84,77.42,11.1,84.3,0.18,50.0,13.8,5.39,0.03,0.46,0.18,0.0,0.18,100.0,0.0,0.73,50.0,0.55,66.67,0.18,100.0,0.55,0.09,0.92,40.0,0,,0,,0,0.0,0.0,0.0,,,0.0,,,0.0,0.0,0.0,0.0,1,100.0
A. Sitalo,Metalurh Zaporizhya,Inhulets,CF,36,150000,,13,973,2,3.84,0,0.99,28.21,43.28,Ukraine,Ukraine,right,188,85,no,4.44,3.42,56.76,9.16,56.57,0.09,0.11,0.18,2.4,2.76,1.39,2,0.18,0,0.0,2.31,0.18,2,0.18,0.36,0,0.0,27,2.5,44.44,7.407,0.0,0.28,66.67,0.18,50.0,0.09,100.0,0.0,1.94,47.62,8.6,30.11,3.7,0.92,0.55,7.95,1.48,1.94,12.39,68.66,3.7,47.5,2.59,96.43,3.33,63.89,11.75,70.08,0.37,25.0,13.92,8.07,0.09,0.74,0.0,0.09,0.55,16.67,0.37,1.2,46.15,1.2,69.23,0.55,16.67,0.92,0.18,1.76,68.42,0,,0,,0,0.0,0.0,0.0,,,0.0,,,0.0,0.0,0.0,0.0,0,0.0
I. Pešić,AGMK,Vorskla,"RWB, RW, CF",34,150000,2027-06-30,15,587,1,0.8,1,1.34,18.86,39.02,Croatia,Croatia,right,184,74,no,3.99,3.83,52.0,2.91,47.37,0.31,0.42,0.0,1.69,2.31,1.07,3,0.46,0,0.0,3.07,0.15,1,0.15,0.12,0,0.0,10,1.53,50.0,10.0,0.15,1.38,55.56,0.0,0.0,1.38,55.56,0.31,2.3,53.33,7.67,36.0,1.69,1.84,1.53,22.39,1.99,1.07,30.2,80.71,7.82,64.71,8.43,92.73,9.05,81.36,26.83,85.14,2.15,42.86,15.67,9.53,0.21,1.99,0.0,0.15,1.23,25.0,0.92,2.15,71.43,3.07,55.0,1.38,11.11,1.07,0.77,4.6,73.33,0,,0,,0,0.0,0.0,0.0,,,0.46,,,0.46,0.15,100.0,0.77,0,0.0
K. Melichenko,Dinamo Batumi,Mariupol,"RCB, RB",27,125000,,12,1083,0,0.13,0,0.15,17.45,55.24,Ukraine,Ukraine,right,178,67,no,12.55,8.14,62.24,3.07,45.95,0.66,0.81,0.83,6.81,8.26,0.75,2,0.17,0,0.0,1.66,0.0,0,0.0,0.01,0,0.0,1,0.08,0.0,0.0,0.0,0.83,60.0,0.08,100.0,0.75,55.56,0.0,1.66,65.0,3.16,50.0,0.75,0.83,0.08,32.41,0.75,1.0,49.36,81.31,22.27,68.28,3.32,90.0,19.86,96.23,39.72,90.17,8.89,43.93,20.95,35.26,0.01,0.17,0.0,0.0,0.17,50.0,0.08,7.65,52.17,1.91,39.13,1.83,13.64,0.33,0.42,11.14,66.42,0,,0,,0,0.0,0.0,0.0,,,1.25,,,0.0,0.0,0.0,0.0,0,0.0
O. Kostyk,Muras United,Lviv,GK,27,125000,2026-12-31,4,387,0,0.0,0,0.0,0.0,0.0,Ukraine,Ukraine,right,189,78,no,0.7,0.0,0.0,0.0,0.0,0.0,0.0,0.0,0.7,0.7,0.0,0,0.0,0,0.0,0.0,0.0,0,0.0,0.0,0,0.0,0,0.0,0.0,0.0,0.0,0.0,0.0,0.0,0.0,0.0,0.0,0.0,0.0,0.0,0.0,0.0,0.0,0.0,0.0,8.84,0.0,0.0,13.26,87.72,9.07,82.05,0.0,0.0,4.19,100.0,6.51,96.43,6.74,79.31,36.95,51.03,0.0,0.0,0.0,0.0,0.0,0.0,0.0,1.63,71.43,0.23,0.0,0.0,0.0,0.0,0.0,6.28,85.19,12,2.79,24,5.58,0,50.0,7.02,1.63,-4.98,-1.158,0.0,0.0,0.0,,,,0.0,0,0.0
Y. Opanasenko,,Inhulets,LB,35,125000,,13,1108,0,0.68,2,0.88,11.37,50.71,Ukraine,Ukraine,right,181,75,no,7.39,6.01,55.41,2.27,28.57,0.41,0.45,0.16,3.66,4.03,1.14,4,0.32,1,0.08,1.95,0.0,0,0.0,0.05,0,0.0,11,0.89,36.36,0.0,0.16,1.71,61.9,1.62,60.0,0.0,0.0,0.0,0.73,77.78,1.46,66.67,1.3,0.49,0.24,19.66,1.3,0.65,28.1,76.01,10.8,63.16,6.17,94.74,6.58,81.48,22.91,80.14,3.49,55.81,18.73,30.26,0.07,0.65,0.0,0.0,0.41,0.0,0.32,3.41,47.62,1.95,54.17,0.49,16.67,0.73,0.97,5.93,63.01,0,,0,,0,0.0,0.0,0.0,,,0.49,,,0.24,0.16,0.0,0.0,0,0.0
S. Spirovski,Pelister,Mariupol,"LCMF, DMF",35,125000,2027-06-30,6,154,1,0.53,0,0.0,11.1,31.58,North Macedonia,North Macedonia,right,185,74,no,5.26,4.09,57.14,1.17,0.0,0.0,0.0,0.0,2.92,3.26,1.75,0,0.0,0,0.0,1.75,0.58,1,0.58,0.31,1,0.58,1,0.58,100.0,100.0,0.0,0.0,0.0,0.0,0.0,0.0,0.0,0.0,1.75,66.67,2.92,40.0,0.58,0.0,0.58,26.88,0.0,0.0,35.65,81.97,14.61,76.0,4.09,100.0,11.69,90.0,30.39,84.62,5.26,66.67,16.2,27.23,0.0,0.0,0.0,0.0,0.58,0.0,0.0,5.84,70.0,0.58,0.0,1.17,50.0,0.0,0.0,6.43,63.64,0,,0,,0,0.0,0.0,0.0,,,0.0,,,0.0,0.0,0.0,0.0,0,0.0
D. Svityukha,Kudrivka,Mariupol,"RW, CF, LW",24,100000,2026-06-30,9,277,1,0.85,0,0.18,30.87,51.58,Ukraine,Ukraine,left,186,76,no,8.12,7.8,62.5,7.15,45.45,1.95,2.73,0.0,1.3,1.82,1.3,0,0.0,0,0.0,4.55,0.32,1,0.32,0.28,0,0.0,9,2.92,33.33,11.111,0.0,2.6,12.5,1.3,25.0,1.3,0.0,0.32,4.87,66.67,13.32,48.78,3.25,2.92,1.3,12.02,1.62,2.92,17.55,74.07,2.6,62.5,4.87,100.0,5.2,68.75,14.62,84.44,0.65,50.0,14.6,10.17,0.06,0.97,0.0,0.0,0.0,0.0,0.32,1.3,100.0,0.97,0.0,0.0,0.0,0.0,0.0,1.95,50.0,0,,0,,0,0.0,0.0,0.0,,,0.0,,,0.0,0.0,0.0,0.0,0,0.0
I. Koshkosh,Tauras,Mariupol,"LCMF, LB",25,100000,2026-12-31,1,92,0,0.0,0,0.0,16.63,52.94,Ukraine,Ukraine,left,177,64,no,6.85,8.8,44.44,0.0,0.0,0.0,0.0,0.0,2.93,2.31,0.0,0,0.0,0,0.0,0.98,0.0,0,0.0,0.0,0,0.0,0,0.0,0.0,0.0,0.0,0.98,0.0,0.98,0.0,0.0,0.0,0.0,0.98,100.0,7.83,62.5,0.0,1.96,0.0,22.5,0.0,0.0,28.37,72.41,13.7,64.29,3.91,100.0,6.85,71.43,24.46,80.0,2.93,33.33,22.31,45.44,0.0,0.0,0.0,0.0,0.98,0.0,0.0,0.98,0.0,0.98,0.0,0.98,0.0,0.0,0.0,7.83,50.0,0,,0,,0,0.0,0.0,0.0,,,0.98,,,0.0,0.0,0.0,0.0,0,0.0
D. Udod,Shakhtar Donetsk,Mariupol,"RCB, LCB",22,100000,2028-06-30,6,388,0,0.11,0,0.0,19.72,58.82,Ukraine,Ukraine,right,181,70,no,11.83,6.73,68.97,8.58,51.35,0.7,0.85,1.62,6.49,7.92,1.39,1,0.23,0,0.0,0.0,0.0,0,0.0,0.02,0,0.0,1,0.23,0.0,0.0,0.0,0.0,0.0,0.0,0.0,0.0,0.0,0.0,0.0,0.0,0.46,50.0,0.23,0.46,0.7,34.33,0.0,1.16,48.71,86.19,16.01,65.22,2.32,90.0,27.37,98.31,43.38,91.98,5.34,39.13,21.98,37.75,0.0,0.0,0.0,0.0,0.0,0.0,0.0,4.18,61.11,0.23,0.0,0.7,66.67,0.0,0.0,6.49,50.0,0,,0,,0,0.0,0.0,0.0,,,1.62,,,0.0,0.0,0.0,0.0,0,0.0
D. Makhnev,,Veres,"RCB, LCB",30,100000,,4,140,0,0.17,0,0.0,14.14,63.64,Ukraine,Ukraine,right,194,0,no,7.71,5.79,44.44,3.86,83.33,0.64,0.7,1.29,4.5,4.88,2.57,1,0.64,0,0.0,0.64,0.0,0,0.0,0.11,0,0.0,1,0.64,100.0,0.0,0.0,0.0,0.0,0.0,0.0,0.0,0.0,0.0,0.0,0.0,1.93,66.67,1.29,0.64,0.0,32.14,0.0,0.0,48.86,85.53,18.64,68.97,5.14,100.0,23.14,94.44,40.5,92.06,8.36,53.85,18.17,17.27,0.0,0.0,0.0,0.0,0.0,0.0,0.0,8.36,69.23,1.29,50.0,1.29,50.0,0.64,0.0,10.29,68.75,0,,0,,0,0.0,0.0,0.0,,,3.21,,,0.0,0.0,0.0,0.0,0,0.0
B. Kogut,,Veres,GK,38,100000,,18,1714,0,0.0,0,0.0,0.63,83.33,Ukraine,Ukraine,right,190,89,no,1.73,0.21,50.0,0.32,100.0,0.05,0.06,0.0,1.58,1.75,0.0,1,0.05,0,0.0,0.0,0.0,0,0.0,0.0,0,0.0,0,0.0,0.0,0.0,0.0,0.0,0.0,0.0,0.0,0.0,0.0,0.0,0.0,0.0,0.0,0.0,0.0,0.0,0.0,9.19,0.16,0.05,14.12,86.62,7.09,78.52,0.0,0.0,6.56,95.2,8.4,92.5,5.72,77.98,35.65,50.09,0.0,0.0,0.0,0.0,0.0,0.0,0.0,1.52,68.97,0.0,0.0,0.11,0.0,0.0,0.0,5.25,81.0,20,1.05,69,3.62,9,71.01,18.64,0.98,-1.36,-0.071,0.0,1.05,0.32,,,,0.0,0,0.0
O. Melnyk,,Oleksandria,"RCB, LCB",26,100000,,5,448,0,0.11,0,0.0,11.25,62.5,Ukraine,Ukraine,right,194,85,no,9.24,6.23,70.97,2.01,50.0,0.6,0.76,0.4,4.22,5.34,1.0,1,0.2,0,0.0,0.0,0.0,0,0.0,0.02,0,0.0,1,0.2,0.0,0.0,0.0,0.0,0.0,0.0,0.0,0.0,0.0,0.0,0.0,0.0,0.4,0.0,0.4,0.4,0.0,22.7,1.41,0.2,35.56,88.14,13.26,74.24,4.02,95.0,16.67,96.39,30.94,92.86,4.62,56.52,22.58,39.83,0.0,0.0,0.0,0.0,0.0,0.0,0.0,4.82,62.5,0.2,0.0,0.2,0.0,0.0,0.0,7.03,77.14,0,,0,,0,0.0,0.0,0.0,,,3.62,,,0.0,0.0,0.0,0.0,0,0.0
R. Mysak,Karpaty,Desna,GK,34,100000,2027-06-30,5,473,0,0.0,0,0.0,0.57,100.0,Ukraine,Ukraine,right,189,83,no,2.66,0.38,100.0,0.19,100.0,0.19,0.26,0.0,2.09,2.87,0.0,1,0.19,0,0.0,0.0,0.0,0,0.0,0.0,0,0.0,0,0.0,0.0,0.0,0.0,0.0,0.0,0.0,0.0,0.0,0.0,0.0,0.0,0.0,0.0,0.0,0.0,0.0,0.0,11.42,0.0,0.0,16.55,87.36,11.23,83.05,0.0,0.0,5.33,96.43,8.37,100.0,8.18,74.42,33.14,42.89,0.0,0.0,0.0,0.0,0.0,0.0,0.0,1.14,33.33,0.19,0.0,0.0,0.0,0.0,0.0,5.52,82.76,6,1.14,12,2.28,2,50.0,3.74,0.71,-2.26,-0.43,0.0,1.14,0.19,,,,0.0,0,0.0
M. Leca,CS Dinamo București,Lviv,"LCB, CB",34,100000,,8,767,0,0.24,0,0.0,10.33,56.82,Romania,Romania,right,192,83,no,7.51,4.46,65.79,3.64,48.39,0.12,0.12,0.59,4.46,4.71,1.17,0,0.0,0,0.0,0.0,0.0,0,0.0,0.03,0,0.0,2,0.23,0.0,0.0,0.0,0.23,0.0,0.23,0.0,0.0,0.0,0.12,0.0,0.0,0.23,0.0,0.35,0.23,0.12,17.25,0.12,0.12,26.28,81.7,11.73,69.0,1.06,100.0,11.26,92.71,19.83,91.12,6.22,54.72,23.85,36.97,0.0,0.0,0.0,0.0,0.0,0.0,0.0,4.34,54.05,0.35,0.0,0.23,50.0,0.0,0.0,6.45,76.36,0,,0,,0,0.0,0.0,0.0,,,1.06,,,0.0,0.0,0.0,0.0,0,0.0
A. Kvakić,,Metalist 1925 Kharkiv,LCB,23,100000,,1,13,0,0.0,0,0.0,,,Austria,"Austria, Bosnia and Herzegovina",right,192,85,no,,,,,,,0.0,,,0.0,,0,,0,,,,0,,,0,,0,,,0.0,,,,,,,,,,,,,,,,,,,,,,,,,,,,,,,21.75,36.75,,,,,,,,,,,,,,,,,,0,,0,,0,0.0,0.0,,,,,,,,,,,0,0.0
I. Golovkin,Zorya,Inhulets,"RW, LW, CF",26,100000,2027-06-30,7,104,0,0.01,0,0.0,32.02,24.32,Ukraine,Ukraine,left,179,71,no,6.92,10.38,50.0,2.6,0.0,0.0,0.0,0.0,1.73,2.31,3.46,1,0.87,0,0.0,0.0,0.0,0,0.0,0.01,0,0.0,2,1.73,0.0,0.0,0.0,0.87,0.0,0.87,0.0,0.0,0.0,0.0,3.46,0.0,15.58,11.11,1.73,1.73,1.73,13.85,0.87,0.0,23.37,85.19,0.87,0.0,11.25,92.31,4.33,100.0,21.63,88.0,0.87,100.0,17.94,3.84,0.0,0.0,0.0,0.0,0.0,0.0,0.0,0.87,0.0,0.0,0.0,0.0,0.0,0.0,0.0,0.87,0.0,0,,0,,0,0.0,0.0,0.0,,,0.0,,,0.87,0.0,0.0,1.73,0,0.0
Y. Zadoya,Polissya Stavky,Kolos Kovalivka,"LCMF, RCMF, AMF",35,100000,,12,617,0,0.5,0,0.12,16.19,48.65,Ukraine,Ukraine,right,179,75,no,8.02,6.42,52.27,2.48,58.82,1.46,1.59,0.15,3.21,3.49,1.9,2,0.29,0,0.0,0.29,0.0,0,0.0,0.07,0,0.0,7,1.02,14.29,0.0,0.0,0.0,0.0,0.0,0.0,0.0,0.0,0.0,0.58,25.0,2.48,41.18,0.29,0.15,0.29,16.34,0.29,0.58,28.15,84.46,6.86,59.57,4.81,90.91,10.65,93.15,26.26,87.22,1.9,46.15,16.72,15.19,0.02,0.44,0.0,0.0,0.0,0.0,0.15,4.23,62.07,0.29,0.0,0.0,0.0,0.0,0.0,2.63,72.22,0,,0,,0,0.0,0.0,0.0,,,0.0,,,0.73,0.15,0.0,0.15,0,0.0
R. Karasyuk,Orlęta Radzyń Podlaski,Rukh Lviv,DMF,35,100000,2026-06-30,14,1063,0,0.0,1,0.09,13.55,50.0,Ukraine,Ukraine,right,182,77,no,7.28,5.08,53.33,3.89,43.48,0.25,0.27,0.42,4.32,4.65,1.52,3,0.25,0,0.0,0.42,0.0,0,0.0,0.0,0,0.0,0,0.0,0.0,0.0,0.08,0.0,0.0,0.0,0.0,0.0,0.0,0.0,0.25,100.0,1.52,55.56,0.25,0.17,0.08,29.46,0.0,0.85,43.1,87.82,10.75,68.5,4.4,92.31,22.44,95.47,38.44,91.85,4.66,54.55,19.29,29.32,0.01,0.25,0.0,0.0,0.51,33.33,0.08,4.91,74.14,0.42,60.0,0.76,22.22,0.17,0.0,5.08,61.67,0,,0,,0,0.0,0.0,0.0,,,0.93,,,0.0,0.0,0.0,0.0,0,0.0
Y. Past,,Dnipro-1,GK,38,100000,,4,387,0,0.0,0,0.0,0.93,100.0,Ukraine,Ukraine,left,188,82,no,1.86,0.23,100.0,0.7,100.0,0.0,0.0,0.0,1.63,2.41,0.0,0,0.0,0,0.0,0.0,0.0,0,0.0,0.0,0,0.0,0,0.0,0.0,0.0,0.0,0.0,0.0,0.0,0.0,0.0,0.0,0.0,0.0,0.0,0.0,0.0,0.0,0.0,0.0,9.3,0.0,0.0,14.65,90.48,8.14,85.71,0.0,0.0,5.81,96.0,8.37,100.0,6.28,77.78,28.39,41.68,0.0,0.0,0.0,0.0,0.0,0.0,0.0,0.23,100.0,0.0,0.0,0.0,0.0,0.0,0.0,4.19,77.78,5,1.16,15,3.49,1,66.67,2.88,0.67,-2.12,-0.493,0.0,0.93,0.7,,,,0.0,0,0.0
D. Kravchenko,,Metalist 1925 Kharkiv,"LCMF, RCMF, DMF",31,100000,,6,305,1,0.4,0,0.06,14.46,46.94,Ukraine,Ukraine,right,177,65,no,12.69,5.9,65.0,2.36,37.5,1.18,1.56,0.3,7.67,10.13,1.18,1,0.3,0,0.0,0.89,0.3,1,0.3,0.12,0,0.0,3,0.89,33.33,33.333,0.0,0.3,100.0,0.0,0.0,0.3,100.0,0.0,0.3,100.0,2.95,40.0,1.18,0.59,0.3,23.9,1.48,0.89,39.54,78.36,6.79,52.17,11.51,87.18,14.46,91.84,37.48,78.74,1.77,66.67,16.99,16.32,0.02,0.59,0.0,0.0,0.0,0.0,0.3,3.25,90.91,0.59,100.0,0.0,0.0,0.3,0.3,4.13,42.86,0,,0,,0,0.0,0.0,0.0,,,1.18,,,0.89,0.0,0.0,0.3,0,0.0
I. Kovalenko,,Metalist 1925 Kharkiv,LB,27,100000,,1,6,0,0.0,0,0.0,,,Ukraine,Ukraine,left,179,74,no,,,,,,,0.0,,,0.0,,0,,0,,,,0,,,0,,0,,,0.0,,,,,,,,,,,,,,,,,,,,,,,,,,,,,,,11.05,0.0,,,,,,,,,,,,,,,,,,0,,0,,0,0.0,0.0,,,,,,,,,,,0,0.0
I. Lytovka,Varnsdorf,Desna,GK,38,100000,,13,1242,0,0.0,0,0.0,0.8,45.45,Ukraine,Ukraine,right,193,76,no,2.17,0.22,66.67,0.22,66.67,0.14,0.19,0.0,1.88,2.49,0.07,1,0.07,0,0.0,0.0,0.0,0,0.0,0.0,0,0.0,0,0.0,0.0,0.0,0.0,0.0,0.0,0.0,0.0,0.0,0.0,0.0,0.0,0.0,0.14,0.0,0.0,0.0,0.0,8.26,0.07,0.22,13.26,86.34,7.9,80.73,0.07,100.0,4.71,95.38,8.48,94.02,4.78,72.73,30.95,45.34,0.0,0.0,0.0,0.0,0.0,0.0,0.0,0.58,62.5,0.07,0.0,0.14,50.0,0.0,0.0,4.06,75.0,21,1.52,67,4.86,4,68.66,21.11,1.53,0.11,0.008,0.0,1.01,0.22,,,,0.0,0,0.0
Y. Tlumak,SK Poltava,Chornomorets,LCMF,24,100000,2029-06-30,13,406,1,0.72,0,0.56,13.3,41.67,Ukraine,Ukraine,left,184,73,no,4.88,6.43,37.93,1.33,33.33,0.22,0.28,0.0,2.22,2.8,0.67,0,0.0,0,0.0,2.44,0.22,1,0.22,0.16,0,0.0,10,2.22,40.0,10.0,0.0,1.33,16.67,1.11,20.0,0.22,0.0,0.22,2.44,54.55,4.21,42.11,0.89,0.89,0.44,26.16,0.44,0.67,36.13,79.14,10.42,61.7,6.65,100.0,13.97,82.54,32.14,84.83,2.88,38.46,17.64,25.87,0.12,1.33,0.0,0.0,0.22,0.0,0.67,4.66,57.14,2.22,40.0,0.44,0.0,0.89,0.22,4.21,52.63,0,,0,,0,0.0,0.0,0.0,,,0.44,,,0.67,0.0,0.0,1.77,0,0.0
A. Baydal,FK Grobiņa,Minaj,"LW, RW, RCMF",26,100000,2026-12-31,12,506,2,1.07,0,0.03,16.72,32.98,Ukraine,Ukraine,right,182,75,no,4.09,4.27,41.67,1.78,10.0,0.89,1.12,0.0,1.42,1.79,1.78,1,0.18,0,0.0,1.78,0.36,1,0.18,0.19,0,0.0,7,1.25,57.14,28.571,0.0,0.89,20.0,0.36,0.0,0.53,33.33,0.0,1.78,40.0,7.47,30.95,1.78,0.71,0.36,21.52,0.89,0.89,30.06,79.29,7.11,72.5,9.07,90.2,6.23,80.0,27.92,81.53,1.42,62.5,15.76,10.83,0.01,0.18,0.0,0.0,1.07,16.67,0.18,2.31,61.54,1.07,50.0,0.89,20.0,0.71,0.18,3.38,52.63,0,,0,,0,0.0,0.0,0.0,,,0.18,,,0.36,0.18,0.0,0.18,1,100.0
S. Shestakov,,Veres,"RB, CF",36,100000,,3,185,0,0.02,1,0.18,27.73,42.11,Ukraine,Ukraine,right,172,71,no,10.22,9.73,75.0,4.86,20.0,0.0,0.0,0.0,2.92,2.9,0.97,0,0.0,0,0.0,2.43,0.0,0,0.0,0.01,0,0.0,1,0.49,0.0,0.0,0.49,2.92,50.0,0.49,0.0,2.43,60.0,0.49,1.95,50.0,8.27,23.53,1.46,1.95,1.95,9.24,0.49,1.46,21.41,68.18,8.27,70.59,6.32,84.62,4.86,50.0,15.57,71.88,3.41,71.43,16.91,21.04,0.09,0.97,0.0,0.0,0.49,0.0,0.49,1.46,100.0,1.46,33.33,0.49,0.0,0.0,1.46,5.35,54.55,0,,0,,0,0.0,0.0,0.0,,,0.0,,,0.0,0.0,0.0,0.0,0,0.0
A. Kholod,FK Grobiņa,Mariupol,"CF, RB",26,75000,2026-12-31,4,247,0,0.96,0,0.24,18.58,37.25,Ukraine,Ukraine,right,182,70,no,4.01,5.1,28.57,2.55,57.14,0.73,0.75,0.0,1.82,1.88,1.09,0,0.0,0,0.0,0.36,0.0,0,0.0,0.35,0,0.0,3,1.09,0.0,0.0,0.0,0.36,0.0,0.0,0.0,0.36,0.0,0.0,0.73,0.0,4.01,36.36,1.46,0.73,1.09,10.93,0.36,1.82,15.67,79.07,8.02,72.73,3.64,90.0,3.28,77.78,14.94,82.93,0.36,0.0,15.28,8.93,0.09,0.36,0.0,0.0,0.36,100.0,0.36,1.09,66.67,1.46,75.0,0.36,100.0,0.36,0.0,3.64,70.0,0,,0,,0,0.0,0.0,0.0,,,0.36,,,0.0,0.0,0.0,0.0,0,0.0
O. Kovtun,Fach-Donaufeld,Desna,RCB,31,75000,,4,226,0,0.51,0,0.0,12.74,50.0,Ukraine,Ukraine,right,186,81,no,6.77,5.18,61.54,4.38,36.36,0.8,1.11,0.8,2.79,3.89,1.19,1,0.4,0,0.0,1.19,0.0,0,0.0,0.2,0,0.0,2,0.8,100.0,0.0,0.0,0.0,0.0,0.0,0.0,0.0,0.0,0.0,0.8,50.0,1.19,66.67,1.19,0.0,0.0,38.63,0.4,0.4,46.99,94.92,11.95,90.0,2.79,100.0,25.09,98.41,44.2,96.4,2.79,71.43,17.98,16.28,0.0,0.0,0.0,0.0,0.0,0.0,0.0,3.58,88.89,0.4,0.0,0.4,0.0,0.0,0.0,6.77,76.47,0,,0,,0,0.0,0.0,0.0,,,1.99,,,0.0,0.0,0.0,0.0,0,0.0
M. Degtyarov,,Desna,"CF, RAMF, LAMF",33,75000,,11,189,1,0.81,0,0.0,17.62,29.73,Ukraine,Ukraine,right,185,79,no,3.33,1.43,0.0,4.76,20.0,0.0,0.0,0.95,3.33,6.18,2.38,2,0.95,0,0.0,3.33,0.48,1,0.48,0.38,0,0.0,3,1.43,66.67,33.333,0.0,1.43,33.33,0.95,50.0,0.48,0.0,0.48,2.86,66.67,9.52,40.0,2.38,0.0,0.48,10.95,1.43,2.86,16.67,71.43,3.33,57.14,5.24,81.82,3.81,62.5,15.24,75.0,0.48,0.0,6.4,5.15,0.0,0.48,0.0,0.0,0.0,0.0,0.0,0.95,0.0,1.43,66.67,0.0,0.0,0.48,0.48,1.43,66.67,0,,0,,0,0.0,0.0,0.0,,,0.0,,,0.0,0.0,0.0,0.0,0,0.0
M. Plokhotnyuk,,Inhulets,CF,27,75000,,9,262,1,0.32,0,0.02,26.11,34.21,Ukraine,Ukraine,right,182,75,no,5.15,3.44,50.0,9.27,14.81,0.69,0.91,0.34,2.75,3.64,1.03,0,0.0,0,0.0,2.4,0.34,1,0.34,0.11,0,0.0,3,1.03,100.0,33.333,0.0,0.34,0.0,0.0,0.0,0.34,0.0,0.0,2.06,66.67,8.24,41.67,2.75,0.0,0.0,8.24,2.06,2.06,13.74,70.0,3.78,54.55,4.47,76.92,2.75,75.0,13.4,71.79,0.0,0.0,13.18,0.0,0.01,0.34,0.0,0.0,0.0,0.0,0.34,1.37,50.0,0.34,0.0,0.0,0.0,0.0,0.0,1.03,33.33,0,,0,,0,0.0,0.0,0.0,,,0.0,,,0.0,0.0,0.0,0.0,0,0.0
D. Shelikhov,Slavia,Metalist 1925 Kharkiv,GK,36,75000,2026-12-31,2,192,0,0.0,0,0.0,1.41,66.67,Ukraine,Ukraine,right,188,83,no,0.94,0.0,0.0,1.41,66.67,0.0,0.0,0.0,0.94,1.25,0.0,0,0.0,0,0.0,0.0,0.0,0,0.0,0.0,0,0.0,0,0.0,0.0,0.0,0.0,0.0,0.0,0.0,0.0,0.0,0.0,0.0,0.0,0.0,0.0,0.0,0.0,0.0,0.0,13.13,0.0,0.0,19.22,87.8,12.19,80.77,0.0,0.0,6.56,100.0,13.13,100.0,6.09,61.54,29.53,53.0,0.0,0.0,0.0,0.0,0.0,0.0,0.0,1.41,33.33,0.47,0.0,0.47,0.0,0.0,0.0,3.75,87.5,2,0.94,11,5.16,1,81.82,3.53,1.66,1.53,0.717,0.0,2.81,1.41,,,,0.0,0,0.0
A. Novikov,Chernihiv,Oleksandria,"CF, AMF",27,75000,2029-06-30,3,58,0,0.35,0,0.0,20.17,38.46,Ukraine,Ukraine,right,183,80,no,3.1,3.1,50.0,7.76,40.0,0.0,0.0,1.55,1.55,2.0,0.0,0,0.0,0,0.0,1.55,0.0,0,0.0,0.54,0,0.0,3,4.66,0.0,0.0,0.0,3.1,50.0,1.55,0.0,1.55,100.0,0.0,0.0,0.0,7.76,20.0,4.66,0.0,0.0,9.31,3.1,0.0,27.93,66.67,7.76,20.0,9.31,83.33,4.66,100.0,23.28,73.33,3.1,50.0,14.45,30.96,0.0,0.0,0.0,0.0,0.0,0.0,0.0,1.55,0.0,3.1,0.0,1.55,0.0,0.0,0.0,4.66,0.0,0,,0,,0,0.0,0.0,0.0,,,0.0,,,0.0,0.0,0.0,0.0,0,0.0
A. Codjovi,Halkanoras,Vorskla,"LW, LWB, RW",24,50000,,7,112,1,0.37,0,0.07,22.5,50.0,Spain,"Spain, England",left,182,0,no,9.64,8.84,63.64,3.21,50.0,0.8,1.15,0.0,3.21,4.62,1.61,1,0.8,0,0.0,5.63,0.8,1,0.8,0.3,0,0.0,4,3.21,50.0,25.0,0.0,3.21,50.0,1.61,0.0,1.61,100.0,0.8,4.82,50.0,8.04,40.0,2.41,2.41,2.41,15.27,2.41,0.8,24.11,83.33,5.63,71.43,6.43,100.0,8.04,80.0,20.09,92.0,0.8,0.0,11.35,7.36,0.05,0.8,0.0,0.0,0.0,0.0,0.8,0.8,0.0,4.02,60.0,0.0,0.0,0.8,1.61,2.41,100.0,0,,0,,0,0.0,0.0,0.0,,,0.0,,,0.0,0.0,0.0,0.0,0,0.0
O. Synyogub,UCSA,Minaj,"LB, LCB",37,50000,2026-06-30,15,1238,0,0.15,1,0.69,15.41,57.55,Ukraine,Ukraine,left,183,76,no,8.8,5.82,57.5,4.14,56.14,0.22,0.25,0.29,5.23,5.95,0.8,1,0.07,0,0.0,1.16,0.0,0,0.0,0.01,0,0.0,6,0.44,16.67,0.0,0.07,1.09,53.33,1.09,53.33,0.0,0.0,0.15,0.8,63.64,2.62,61.11,0.22,0.44,0.22,20.21,1.02,1.38,31.99,78.18,14.98,68.45,4.8,95.45,9.01,88.71,25.23,85.3,5.74,50.63,20.29,33.92,0.05,0.44,0.07,0.07,0.29,0.0,0.15,4.22,62.07,1.89,50.0,0.51,14.29,0.29,0.58,8.14,64.29,0,,0,,0,0.0,0.0,0.0,,,1.24,,,0.0,0.0,0.0,0.07,0,0.0
Álvaro Vieira,Petrolina,Lviv,"CF, AMF",31,50000,,12,574,0,0.96,0,0.35,31.2,44.22,Brazil,Brazil,right,172,68,no,5.33,5.49,65.71,2.67,11.76,0.0,0.0,0.16,1.72,2.08,1.57,1,0.16,0,0.0,4.08,0.0,0,0.0,0.15,0,0.0,6,0.94,50.0,0.0,0.0,1.88,25.0,1.41,33.33,0.31,0.0,0.31,5.8,45.95,16.62,41.51,1.41,2.51,1.57,17.72,1.88,3.61,29.48,73.4,6.9,50.0,7.37,89.36,9.88,77.78,26.34,77.98,1.41,44.44,17.73,17.34,0.05,0.63,0.0,0.0,1.1,42.86,0.16,3.45,54.55,2.67,41.18,0.94,0.0,1.1,0.63,2.82,77.78,0,,0,,0,0.0,0.0,0.0,,,0.0,,,0.31,0.0,0.0,0.78,1,0.0
O. Dovgyi,,Lviv,RCMF,36,50000,,15,1236,2,2.12,0,1.17,18.28,49.0,Ukraine,Ukraine,left,186,80,no,8.37,5.97,56.1,6.41,46.59,0.58,0.66,0.73,4.44,5.04,2.18,8,0.58,0,0.0,0.66,0.15,2,0.15,0.15,1,0.07,18,1.31,22.22,11.111,0.0,0.36,60.0,0.0,0.0,0.29,50.0,0.15,0.44,33.33,2.04,50.0,1.75,0.15,0.07,9.54,0.29,0.95,20.1,78.26,7.28,66.0,2.77,94.74,6.12,85.71,17.99,79.35,1.75,70.83,16.41,24.97,0.09,0.51,0.07,0.0,0.07,0.0,0.15,2.62,55.56,0.66,55.56,0.07,0.0,0.44,0.22,2.77,71.05,0,,0,,0,0.0,0.0,0.0,,,0.15,,,0.0,0.0,0.0,0.0,0,0.0
K. Petrov,,Kolos Kovalivka,"LCB, CB",35,50000,,13,1185,0,1.33,0,0.0,16.18,64.79,Ukraine,Ukraine,right,186,85,no,10.1,6.3,66.27,5.92,65.38,0.53,0.65,0.68,5.39,6.55,1.29,4,0.3,0,0.0,0.23,0.0,0,0.0,0.1,0,0.0,5,0.38,20.0,0.0,0.0,0.0,0.0,0.0,0.0,0.0,0.0,0.0,0.23,66.67,0.84,90.91,0.53,1.59,0.15,23.62,0.15,0.46,40.71,87.31,16.48,80.65,2.58,94.12,18.0,93.67,33.04,92.41,7.67,65.35,23.04,36.69,0.0,0.0,0.0,0.0,0.0,0.0,0.0,6.0,81.01,0.3,75.0,0.08,100.0,0.08,0.0,9.87,78.46,0,,0,,0,0.0,0.0,0.0,,,1.14,,,0.0,0.0,0.0,0.0,1,0.0
M. Stamenković,,Rukh Lviv,"RCB, LCB",36,50000,,4,296,0,0.01,0,0.0,12.77,66.67,Serbia,Serbia,right,186,80,no,9.43,4.56,66.67,4.26,78.57,0.61,0.64,1.22,5.78,6.06,1.22,2,0.61,0,0.0,0.61,0.0,0,0.0,0.0,0,0.0,1,0.3,0.0,0.0,0.0,0.0,0.0,0.0,0.0,0.0,0.0,0.0,0.61,100.0,1.22,50.0,0.3,0.0,0.0,20.37,0.0,0.91,31.32,86.41,12.47,80.49,2.13,100.0,13.38,90.91,27.06,89.89,4.26,64.29,22.12,23.47,0.0,0.0,0.0,0.3,0.0,0.0,0.0,2.43,50.0,0.0,0.0,0.3,0.0,0.0,0.0,6.39,71.43,0,,0,,0,0.0,0.0,0.0,,,1.82,,,0.0,0.0,0.0,0.0,0,0.0
S. Gryn,,Oleksandria,"CF, RAMF",32,50000,,5,292,1,0.98,0,0.21,22.81,21.62,Ukraine,Ukraine,right,178,0,no,2.47,2.77,33.33,4.32,14.29,0.0,0.0,0.0,1.54,1.9,2.77,0,0.0,0,0.0,2.16,0.31,1,0.31,0.3,0,0.0,7,2.16,42.86,14.286,0.0,1.54,20.0,0.31,0.0,0.92,0.0,0.0,1.23,75.0,11.71,26.32,5.86,2.47,0.92,18.8,4.01,1.85,23.73,66.23,4.01,38.46,9.86,84.38,5.55,55.56,21.88,70.42,0.31,0.0,13.44,7.08,0.06,1.23,0.0,0.0,0.92,0.0,0.92,1.54,60.0,3.08,20.0,0.92,0.0,1.23,0.31,0.92,66.67,0,,0,,0,0.0,0.0,0.0,,,0.0,,,0.0,0.0,0.0,0.31,0,0.0
I. Kovalenko,Agrotekh,Inhulets,"RW, AMF, LW",36,50000,,13,622,1,1.22,1,0.84,25.9,41.9,Ukraine,Ukraine,right,178,77,no,6.22,7.52,46.15,4.34,36.67,0.58,0.69,0.0,2.17,2.57,2.75,2,0.29,0,0.0,3.62,0.14,1,0.14,0.18,0,0.0,9,1.3,55.56,11.111,0.14,1.88,23.08,0.72,20.0,1.16,25.0,0.14,3.47,54.17,10.13,45.71,2.46,1.88,1.59,14.18,2.17,2.89,22.28,74.03,6.95,72.92,4.05,89.29,6.51,66.67,17.94,80.65,2.46,64.71,17.97,18.56,0.12,1.16,0.0,0.0,0.58,100.0,0.58,2.46,64.71,2.32,68.75,0.58,100.0,1.3,0.43,4.92,67.65,0,,0,,0,0.0,0.0,0.0,,,0.0,,,0.43,0.0,0.0,0.87,0,0.0
M. Kazakov,Kolos Kovalivka II,Zorya,RB,30,25000,2026-06-30,1,95,0,0.0,0,0.26,17.05,50.0,Ukraine,Ukraine,right,178,74,no,13.26,12.32,69.23,0.95,0.0,0.95,1.11,0.95,3.79,4.44,1.89,0,0.0,0,0.0,1.89,0.0,0,0.0,0.0,0,0.0,0,0.0,0.0,0.0,0.0,1.89,100.0,0.0,0.0,1.89,100.0,0.95,0.95,0.0,1.89,0.0,0.0,0.0,0.0,10.42,0.0,0.0,21.79,69.57,8.53,55.56,4.74,80.0,5.68,100.0,17.05,66.67,2.84,66.67,20.36,37.42,0.25,0.95,0.0,0.0,0.0,0.0,0.95,1.89,50.0,1.89,100.0,0.0,0.0,0.0,1.89,8.53,44.44,0,,0,,0,0.0,0.0,0.0,,,2.84,,,0.0,0.0,0.0,0.0,0,0.0
M. Khromey,Probiy Horodenka,Mariupol,"AMF, LCMF, RCMF",22,25000,,11,361,1,0.8,1,0.52,12.96,55.77,Ukraine,Ukraine,right,173,68,no,4.74,3.99,62.5,1.99,37.5,0.0,0.0,0.25,2.24,3.25,0.75,0,0.0,0,0.0,2.49,0.25,1,0.25,0.2,0,0.0,7,1.75,14.29,14.286,0.25,1.25,20.0,0.0,0.0,1.0,25.0,0.0,2.74,63.64,4.49,61.11,1.75,0.5,0.25,22.69,0.5,1.25,34.16,80.29,7.23,58.62,8.48,91.18,14.71,86.44,29.92,84.17,3.24,61.54,18.79,27.75,0.13,0.5,0.0,0.0,1.25,20.0,0.25,4.49,66.67,1.5,16.67,1.5,16.67,0.0,0.25,4.74,52.63,0,,0,,0,0.0,0.0,0.0,,,0.25,,,0.5,0.25,0.0,0.75,0,0.0
A. Bondarenko,Shakhtar Donetsk,Shakhtar Donetsk,"RCMF, DMF, LCMF",25,0,2028-12-31,6,292,1,0.38,1,0.37,16.95,58.18,Ukraine,Ukraine,left,186,67,no,7.4,6.16,75.0,0.62,100.0,0.0,0.0,0.0,2.77,5.63,0.62,1,0.31,0,0.0,2.47,0.31,1,0.31,0.12,0,0.0,2,0.62,50.0,50.0,0.31,0.0,0.0,0.0,0.0,0.0,0.0,0.0,2.16,57.14,7.09,47.83,1.23,1.23,0.92,50.86,0.0,2.16,65.34,93.4,18.18,81.36,12.02,97.44,25.58,98.8,63.49,93.69,1.85,83.33,14.43,12.4,0.11,0.62,0.0,0.62,2.77,33.33,0.31,9.25,86.67,3.39,63.64,2.47,25.0,2.16,0.0,7.4,83.33,0,,0,,0,0.0,0.0,0.0,,,0.31,,,0.0,0.0,0.0,0.62,0,0.0
L. Traoré,Shakhtar Donetsk,Shakhtar Donetsk,CF,25,0,2031-06-30,7,460,6,3.12,0,0.21,15.65,37.5,Burkina Faso,Burkina Faso,right,183,75,no,0.78,0.78,0.0,4.89,44.0,0.0,0.0,0.0,0.78,1.52,1.17,1,0.2,0,0.0,2.74,1.17,5,0.98,0.61,2,0.39,14,2.74,50.0,42.857,0.0,0.2,0.0,0.0,0.0,0.2,0.0,0.0,2.35,50.0,8.61,36.36,6.65,0.2,0.0,9.2,0.39,1.57,13.5,78.26,1.17,50.0,3.91,85.0,3.52,72.22,13.3,79.41,0.0,0.0,11.68,0.0,0.04,0.59,0.0,0.0,0.39,50.0,0.39,0.78,75.0,0.78,75.0,0.39,50.0,1.37,0.0,0.39,100.0,0,,0,,0,0.0,0.0,0.0,,,0.0,,,0.0,0.0,0.0,0.0,1,100.0
O. Stepanenko,Mariupol' U19,Mariupol,LCMF,21,0,,1,31,0,0.0,0,0.0,,,Ukraine,Ukraine,,0,0,no,,,,,,,0.0,,,2.73,,0,,0,,,,0,,,0,,0,,,0.0,,,,,,,,,,,,,,,,,,,,,,,,,,,,,,,17.1,0.0,,,,,,,,,,,,,,,,,,0,,0,,0,0.0,0.0,,,,,,,,,,,0,0.0
I. Krupskyi,Metalist 1925 Kharkiv,Vorskla,RW,21,0,2028-12-31,1,3,0,0.0,0,0.0,,,Ukraine,Ukraine,both,180,70,no,,,,,,,0.0,,,0.0,,0,,0,,,,0,,,0,,0,,,0.0,,,,,,,,,,,,,,,,,,,,,,,,,,,,,,,0.0,0.0,,,,,,,,,,,,,,,,,,0,,0,,0,0.0,0.0,,,,,,,,,,,0,0.0
O. Filonov,Mariupol' U19,Mariupol,RCMF,21,0,,1,26,0,0.0,0,0.0,,,Ukraine,Ukraine,,0,0,no,,,,,,,0.0,,,0.0,,0,,0,,,,0,,,0,,0,,,0.0,,,,,,,,,,,,,,,,,,,,,,,,,,,,,,,14.38,0.0,,,,,,,,,,,,,,,,,,0,,0,,0,0.0,0.0,,,,,,,,,,,0,0.0
M. Kozytskyi,Mariupol' U19,Mariupol,RW,24,0,,1,92,0,0.04,0,0.0,14.67,40.0,Ukraine,Ukraine,,180,71,no,6.85,3.91,100.0,0.0,0.0,0.0,0.0,0.0,2.93,2.31,0.98,0,0.0,0,0.0,0.98,0.0,0,0.0,0.04,0,0.0,1,0.98,0.0,0.0,0.0,0.0,0.0,0.0,0.0,0.0,0.0,0.0,3.91,25.0,9.78,20.0,0.98,1.96,0.98,11.74,2.93,0.98,12.72,69.23,5.87,50.0,0.0,0.0,2.93,66.67,12.72,69.23,0.0,0.0,10.45,0.0,0.0,0.0,0.0,0.0,0.0,0.0,0.0,0.0,0.0,0.0,0.0,0.0,0.0,0.0,0.0,2.93,0.0,0,,0,,0,0.0,0.0,0.0,,,0.0,,,0.0,0.0,0.0,0.0,0,0.0
I. Tsariuk,Mariupol' U19,Mariupol,LB,24,0,,1,45,0,0.0,0,0.0,22.0,45.45,Ukraine,Ukraine,,178,67,no,16.0,16.0,62.5,0.0,0.0,0.0,0.0,0.0,6.0,4.09,2.0,0,0.0,0,0.0,0.0,0.0,0,0.0,0.0,0,0.0,0,0.0,0.0,0.0,0.0,0.0,0.0,0.0,0.0,0.0,0.0,0.0,2.0,0.0,6.0,0.0,0.0,0.0,0.0,12.0,0.0,0.0,18.0,77.78,8.0,50.0,0.0,0.0,8.0,100.0,18.0,77.78,0.0,0.0,14.05,0.0,0.0,0.0,0.0,0.0,0.0,0.0,0.0,2.0,0.0,0.0,0.0,0.0,0.0,0.0,0.0,2.0,0.0,0,,0,,0,0.0,0.0,0.0,,,0.0,,,0.0,0.0,0.0,0.0,0,0.0
B. Potalov,Asia Talas,Mariupol,"RB, LB",23,0,2026-12-31,1,47,0,0.0,0,0.0,13.4,85.71,Ukraine,Ukraine,both,185,65,no,13.4,7.66,100.0,0.0,0.0,1.91,1.76,0.0,3.83,3.53,0.0,0,0.0,0,0.0,0.0,0.0,0,0.0,0.0,0,0.0,0,0.0,0.0,0.0,0.0,0.0,0.0,0.0,0.0,0.0,0.0,0.0,0.0,0.0,1.91,100.0,0.0,1.91,0.0,11.49,0.0,0.0,17.23,55.56,13.4,42.86,1.91,100.0,1.91,100.0,15.32,50.0,1.91,100.0,22.59,38.45,0.0,0.0,0.0,0.0,0.0,0.0,0.0,3.83,100.0,0.0,0.0,0.0,0.0,0.0,0.0,5.74,33.33,0,,0,,0,0.0,0.0,0.0,,,1.91,,,0.0,0.0,0.0,0.0,0,0.0
O. Kozishkurt,,Mariupol,"CF, RB",22,0,,1,61,0,0.0,0,0.0,16.23,45.45,Ukraine,Ukraine,,185,74,no,8.85,10.33,28.57,0.0,0.0,1.48,1.07,0.0,4.43,3.21,4.43,0,0.0,0,0.0,0.0,0.0,0,0.0,0.0,0,0.0,0,0.0,0.0,0.0,0.0,0.0,0.0,0.0,0.0,0.0,0.0,0.0,0.0,0.0,0.0,0.0,0.0,0.0,0.0,17.7,0.0,1.48,22.13,80.0,7.38,40.0,2.95,100.0,5.9,100.0,19.18,92.31,2.95,0.0,17.71,40.58,0.0,0.0,0.0,0.0,0.0,0.0,0.0,2.95,50.0,0.0,0.0,0.0,0.0,0.0,0.0,2.95,50.0,0,,0,,0,0.0,0.0,0.0,,,0.0,,,0.0,0.0,0.0,0.0,0,0.0
M. Makhynya,,Mariupol,LW,23,0,,1,92,0,0.0,0,0.0,24.46,36.0,Ukraine,Ukraine,right,181,0,no,8.8,11.74,50.0,0.0,0.0,0.98,0.77,0.0,1.96,1.54,2.93,0,0.0,0,0.0,0.98,0.0,0,0.0,0.0,0,0.0,0,0.0,0.0,0.0,0.0,0.0,0.0,0.0,0.0,0.0,0.0,0.0,4.89,20.0,11.74,25.0,0.0,0.98,0.98,8.8,0.98,0.98,12.72,84.62,0.98,100.0,4.89,100.0,0.98,0.0,12.72,84.62,0.0,0.0,9.75,0.0,0.0,0.0,0.0,0.0,0.0,0.0,0.0,0.0,0.0,0.0,0.0,0.0,0.0,0.0,0.0,0.98,0.0,0,,0,,0,0.0,0.0,0.0,,,0.0,,,0.0,0.0,0.0,0.0,0,0.0
S. Yavorskyi,Lok Stendal,Vorskla,"LCB, CB",36,0,,15,1151,0,0.79,0,0.0,12.43,65.41,Ukraine,Ukraine,right,192,86,no,8.99,4.93,69.84,3.68,68.09,1.25,1.7,0.7,4.3,5.85,0.63,2,0.16,0,0.0,0.16,0.0,0,0.0,0.06,0,0.0,9,0.7,0.0,0.0,0.0,0.08,0.0,0.0,0.0,0.08,0.0,0.0,0.08,100.0,0.63,50.0,0.78,0.23,0.08,30.03,0.55,0.31,43.55,90.31,18.61,83.61,1.8,91.3,20.1,97.28,38.08,93.63,5.4,68.12,22.82,35.12,0.0,0.0,0.0,0.0,0.08,100.0,0.0,3.83,77.55,0.23,33.33,0.31,50.0,0.08,0.0,7.9,73.27,0,,0,,0,0.0,0.0,0.0,,,1.25,,,0.0,0.0,0.0,0.0,0,0.0
V. Chesnakov,,Vorskla,RCB,38,0,,15,1262,1,0.62,0,0.51,11.05,52.26,Ukraine,Ukraine,right,182,67,no,6.85,5.06,53.52,4.35,57.38,0.78,1.25,0.64,3.35,5.32,0.71,0,0.0,0,0.0,0.36,0.07,1,0.07,0.04,0,0.0,7,0.5,42.86,14.286,0.0,0.5,14.29,0.0,0.0,0.5,14.29,0.14,0.21,33.33,0.29,25.0,0.86,0.57,0.07,42.22,1.0,0.07,55.41,89.58,20.97,80.61,4.06,100.0,25.03,95.44,48.64,94.28,6.28,59.09,20.55,40.07,0.04,0.29,0.0,0.07,0.0,0.0,0.07,5.56,67.95,0.93,15.38,0.57,12.5,0.29,0.07,8.2,74.78,0,,0,,0,0.0,0.0,0.0,,,3.14,,,0.0,0.0,0.0,0.0,0,0.0
D. Varakuta,Metalist 1925 Kharkiv,Chornomorets,GK,24,0,2029-06-30,2,195,0,0.0,0,0.0,1.85,75.0,Ukraine,Ukraine,right,190,84,no,3.23,0.46,100.0,0.92,100.0,0.0,0.0,0.0,2.77,2.81,0.0,0,0.0,0,0.0,0.0,0.0,0,0.0,0.0,0,0.0,0,0.0,0.0,0.0,0.0,0.0,0.0,0.0,0.0,0.0,0.0,0.0,0.0,0.0,0.46,0.0,0.0,0.0,0.0,12.0,0.0,0.46,16.15,77.14,9.69,66.67,0.0,0.0,6.46,92.86,9.23,95.0,6.92,53.33,28.67,41.7,0.0,0.0,0.0,0.0,0.0,0.0,0.0,0.0,0.0,0.0,0.0,0.0,0.0,0.0,0.0,5.54,50.0,9,4.15,16,7.38,0,43.75,5.16,2.38,-3.84,-1.772,0.0,1.38,0.92,,,,0.0,0,0.0
P. Nedes,Mariupol' U19,Mariupol,RCB,23,0,,1,92,0,0.0,0,0.0,9.78,80.0,Ukraine,Ukraine,,177,63,no,13.7,8.8,88.89,0.0,0.0,0.0,0.0,0.98,5.87,4.62,0.0,0,0.0,0,0.0,0.0,0.0,0,0.0,0.0,0,0.0,0,0.0,0.0,0.0,0.0,0.0,0.0,0.0,0.0,0.0,0.0,0.0,0.0,0.0,0.0,0.0,0.0,0.0,0.0,15.65,0.0,0.0,28.37,72.41,11.74,41.67,1.96,100.0,10.76,100.0,24.46,76.0,3.91,50.0,14.42,21.2,0.0,0.0,0.0,0.0,0.0,0.0,0.0,0.0,0.0,0.0,0.0,0.0,0.0,0.0,0.0,6.85,0.0,0,,0,,0,0.0,0.0,0.0,,,0.98,,,0.0,0.0,0.0,0.0,0,0.0
O. Ocheretko,Shakhtar Donetsk,Mariupol,"AMF, CF",23,0,2030-12-31,10,677,0,0.93,0,0.48,14.89,41.07,Ukraine,Ukraine,left,181,75,no,6.25,5.58,50.0,1.86,28.57,0.66,0.77,0.13,2.79,3.23,1.99,0,0.0,1,0.13,1.99,0.0,0,0.0,0.12,0,0.0,6,0.8,16.67,0.0,0.0,0.93,28.57,0.66,20.0,0.27,50.0,0.13,1.6,58.33,4.92,32.43,1.46,0.93,0.93,22.6,0.93,0.66,32.04,76.35,9.97,61.33,5.32,87.5,11.83,86.52,26.72,82.09,4.39,51.52,18.45,30.45,0.06,0.93,0.0,0.0,1.6,41.67,0.66,6.78,66.67,1.6,58.33,2.26,41.18,0.8,0.13,6.78,76.47,0,,0,,0,0.0,0.0,0.0,,,0.13,,,0.0,0.0,0.0,0.0,0,0.0
V. Vanat,Girona,Chornomorets,CF,24,0,2030-06-30,17,1132,3,3.58,1,0.48,21.47,28.15,Ukraine,Ukraine,left,182,69,no,2.23,1.75,40.91,5.33,25.37,0.0,0.0,0.24,1.51,1.76,1.27,5,0.4,0,0.0,1.99,0.24,3,0.24,0.28,0,0.0,21,1.67,47.62,14.286,0.08,0.32,25.0,0.08,0.0,0.16,50.0,0.0,2.46,41.94,8.98,31.86,2.94,0.95,0.64,7.95,1.51,1.43,12.16,69.28,1.91,50.0,4.21,83.02,3.34,66.67,11.53,70.34,0.4,80.0,13.65,13.12,0.04,0.16,0.0,0.0,0.16,50.0,0.16,1.03,46.15,0.4,20.0,0.16,100.0,0.4,0.0,0.72,66.67,0,,0,,0,0.0,0.0,0.0,,,0.0,,,0.0,0.0,0.0,0.0,0,0.0
D. Kuzyk,LNZ Cherkasy,Chornomorets,LB,23,0,2028-06-30,14,1170,0,0.17,2,1.02,10.77,43.57,Ukraine,Ukraine,left,180,74,no,8.77,5.54,44.44,2.46,40.63,0.77,0.86,0.54,5.54,6.19,0.46,1,0.08,0,0.0,1.31,0.0,0,0.0,0.01,0,0.0,7,0.54,0.0,0.0,0.15,2.38,35.48,2.23,34.48,0.15,50.0,0.23,0.85,45.45,1.54,50.0,0.54,0.46,0.08,19.92,1.92,0.46,28.77,74.33,10.62,62.32,4.08,96.23,9.0,78.63,21.69,85.11,4.77,43.55,20.13,32.2,0.08,0.85,0.0,0.0,0.08,100.0,0.46,3.85,64.0,2.31,43.33,0.69,66.67,0.46,0.85,7.08,61.96,0,,0,,0,0.0,0.0,0.0,,,0.54,,,0.0,0.0,0.0,0.0,0,0.0
Júnior Moraes,,Shakhtar Donetsk,CF,39,0,,1,21,1,0.21,0,0.0,,,Brazil,"Brazil, Ukraine",right,176,70,no,,,,,,,10.0,,,10.0,,0,,0,,,,1,,,0,,1,,,100.0,,,,,,,,,,,,,,,,,,,,,,,,,,,,,,,5.64,0.0,,,,,,,,,,,,,,,,,,0,,0,,0,0.0,0.0,,,,,,,,,,,0,0.0
S. Kravchenko,,Chornomorets,"LCMF, RCMF, DMF",43,0,,12,570,1,0.23,0,0.61,13.11,54.22,Ukraine,Ukraine,right,182,74,no,9.16,7.26,52.17,2.05,69.23,0.63,0.72,0.63,4.74,5.42,2.05,2,0.32,0,0.0,0.63,0.16,1,0.16,0.04,0,0.0,5,0.79,40.0,20.0,0.0,0.32,0.0,0.16,0.0,0.16,0.0,0.0,0.16,100.0,1.42,44.44,0.0,0.47,0.0,38.84,0.16,0.63,52.42,88.55,13.89,81.82,7.58,97.92,23.84,90.73,44.37,92.17,7.74,71.43,20.75,36.42,0.1,1.42,0.0,0.16,0.16,100.0,0.47,9.63,81.97,1.58,70.0,1.11,71.43,0.63,0.0,10.11,84.38,0,,0,,0,0.0,0.0,0.0,,,2.05,,,2.05,0.16,0.0,1.42,0,0.0
S. Mykytsey,,Mariupol,"RCB, RB, LCB",36,0,,7,447,0,0.16,0,0.0,11.28,51.79,Ukraine,Ukraine,right,182,79,no,10.67,5.44,62.96,2.82,42.86,1.01,1.1,0.6,6.24,6.84,0.81,3,0.6,0,0.0,0.2,0.0,0,0.0,0.03,0,0.0,2,0.4,0.0,0.0,0.0,0.2,0.0,0.0,0.0,0.2,0.0,0.0,0.2,100.0,0.6,66.67,0.6,0.81,0.4,23.56,0.81,0.4,37.45,76.88,19.33,64.58,2.62,100.0,12.89,93.75,30.4,84.77,6.85,44.12,20.91,39.7,0.0,0.0,0.0,0.0,0.2,0.0,0.0,4.63,47.83,0.0,0.0,0.6,0.0,0.4,0.0,8.05,55.0,0,,0,,0,0.0,0.0,0.0,,,1.41,,,0.0,0.0,0.0,0.0,0,0.0
O. Tkachenko,FK Přepeře,Vorskla,GK,33,0,,1,99,0,0.0,0,0.0,0.0,0.0,Ukraine,Ukraine,right,192,86,no,0.0,0.0,0.0,0.0,0.0,0.0,0.0,0.0,0.0,0.0,0.0,0,0.0,0,0.0,0.0,0.0,0,0.0,0.0,0,0.0,0,0.0,0.0,0.0,0.0,0.0,0.0,0.0,0.0,0.0,0.0,0.0,0.0,0.0,0.0,0.0,0.0,0.0,0.0,4.55,0.0,0.0,8.18,88.89,3.64,75.0,0.0,0.0,3.64,100.0,6.36,85.71,1.82,100.0,37.16,43.49,0.0,0.0,0.0,0.0,0.0,0.0,0.0,0.0,0.0,0.0,0.0,0.0,0.0,0.0,0.0,2.73,66.67,1,0.91,6,5.45,0,83.33,1.22,1.11,0.22,0.2,0.0,3.64,0.0,,,,0.0,0,0.0
E. Martynenko,Fana,Chornomorets,"RCB, LCB",32,0,,1,95,0,0.0,0,0.0,9.47,40.0,Ukraine,Ukraine,right,196,82,no,8.53,3.79,100.0,2.84,0.0,0.0,0.0,0.0,4.74,4.84,0.95,0,0.0,0,0.0,0.0,0.0,0,0.0,0.0,0,0.0,0,0.0,0.0,0.0,0.0,0.0,0.0,0.0,0.0,0.0,0.0,0.0,0.0,0.0,0.95,0.0,0.0,0.95,0.0,12.32,0.0,0.0,27.47,82.76,11.37,58.33,4.74,100.0,9.47,100.0,18.0,94.74,9.47,60.0,23.14,35.4,0.0,0.0,0.0,0.0,0.0,0.0,0.0,1.89,50.0,0.95,0.0,1.89,0.0,0.0,0.0,6.63,57.14,0,,0,,0,0.0,0.0,0.0,,,3.79,,,0.0,0.0,0.0,0.0,0,0.0
S. Chobotenko,Polissya,Mariupol,LCB,29,0,2029-06-30,5,472,0,0.0,0,0.0,16.02,59.52,Ukraine,Ukraine,right,193,81,no,8.2,5.53,68.97,5.53,48.28,0.38,0.48,0.95,4.0,5.0,0.57,2,0.38,0,0.0,0.38,0.0,0,0.0,0.0,0,0.0,0,0.0,0.0,0.0,0.0,0.0,0.0,0.0,0.0,0.0,0.0,0.0,0.76,50.0,1.53,50.0,0.19,1.53,0.76,40.42,0.57,0.76,54.34,92.63,21.17,85.59,1.33,100.0,28.03,97.96,50.15,95.44,4.19,59.09,21.06,44.88,0.0,0.0,0.0,0.0,0.38,0.0,0.0,4.19,68.18,0.19,0.0,0.38,0.0,0.19,0.0,6.67,71.43,0,,0,,0,0.0,0.0,0.0,,,0.95,,,0.0,0.0,0.0,0.0,0,0.0
Rangel,SJK,Vorskla,"CF, RWF",31,0,2026-12-31,12,1025,4,3.55,1,0.84,29.06,36.86,Brazil,Brazil,right,185,76,no,4.39,3.51,57.5,10.01,41.23,0.09,0.12,0.09,2.28,3.13,1.4,2,0.18,0,0.0,2.55,0.35,4,0.35,0.31,3,0.26,21,1.84,38.1,19.048,0.09,0.88,30.0,0.18,50.0,0.7,25.0,0.18,2.9,51.52,11.24,31.25,3.34,0.7,0.61,17.91,2.72,2.02,24.41,83.09,4.13,65.96,7.11,91.36,7.02,85.0,22.48,87.11,1.05,41.67,15.22,23.87,0.07,0.7,0.18,0.09,0.09,100.0,0.53,2.02,73.91,1.32,46.67,0.0,0.0,0.97,0.26,2.81,75.0,0,,0,,0,0.0,0.0,0.0,,,0.0,,,0.0,0.0,0.0,0.0,0,0.0
A. Eseola,,Vorskla,CF,34,0,,2,33,0,0.23,0,0.0,,,Ukraine,"Ukraine, Nigeria",right,188,84,no,,,,,,,0.0,,,0.0,,0,,0,,,,0,,,0,,1,,,0.0,,,,,,,,,,,,,,,,,,,,,,,,,,,,,,,7.19,0.0,,,,,,,,,,,,,,,,,,0,,0,,0,0.0,0.0,,,,,,,,,,,0,0.0
O. Kashchuk,Qarabag,Mariupol,"RW, RAMF",25,0,2027-06-30,15,1034,4,3.69,1,1.41,18.1,41.83,Ukraine,Ukraine,left,180,67,no,5.48,4.0,45.65,1.65,36.84,1.04,1.27,0.09,2.61,3.18,0.87,5,0.44,2,0.17,5.48,0.35,3,0.26,0.32,0,0.0,22,1.91,45.45,18.182,0.09,1.91,50.0,0.0,0.0,1.91,50.0,0.09,6.01,53.62,10.36,46.22,2.35,3.05,2.18,17.76,1.83,2.44,23.68,76.1,6.7,67.53,3.92,93.33,8.01,77.17,20.72,78.99,1.13,69.23,16.83,22.42,0.12,1.04,0.0,0.0,1.04,41.67,0.61,2.52,65.52,2.7,67.74,0.96,36.36,1.22,0.87,5.05,77.59,0,,0,,0,0.0,0.0,0.0,,,0.0,,,1.04,0.35,25.0,0.52,1,100.0
M. Peterman,Bishkek City,Mariupol,"RCMF, LCMF, CF",27,0,2026-12-31,13,559,0,0.09,1,0.37,21.09,51.15,Ukraine,Ukraine,,189,70,no,10.14,9.5,49.15,3.22,60.0,0.97,1.06,0.32,4.51,4.94,2.42,0,0.0,1,0.16,0.81,0.0,0,0.0,0.01,0,0.0,2,0.32,0.0,0.0,0.16,0.48,0.0,0.0,0.0,0.48,0.0,0.0,1.29,50.0,4.19,38.46,0.81,0.64,0.32,24.31,0.16,1.61,38.16,85.65,8.69,64.81,7.73,95.83,14.49,94.44,35.26,89.95,2.42,40.0,17.29,30.87,0.06,0.48,0.0,0.0,0.16,100.0,0.32,4.35,70.37,1.13,57.14,0.32,0.0,1.13,0.0,4.03,60.0,0,,0,,0,0.0,0.0,0.0,,,1.13,,,0.0,0.0,0.0,0.0,0,0.0
V. Mashchenko,Ogre United,Chornomorets,RAMF,25,0,2026-11-30,1,20,0,0.0,0,0.02,,,Ukraine,Ukraine,right,185,0,no,,,,,,,0.0,,,0.0,,0,,0,,,,0,,,0,,0,,,0.0,,,,,,,,,,,,,,,,,,,,,,,,,,,,,,,15.05,0.0,,,,,,,,,,,,,,,,,,0,,0,,0,0.0,0.0,,,,,,,,,,,0,0.0
K. Bilovar,Dynamo Kyiv,Chornomorets,RCB,25,0,2028-06-30,9,766,0,0.59,0,0.0,16.33,59.71,Hungary,"Hungary, Ukraine",right,191,71,no,13.39,7.75,72.73,5.29,46.67,0.35,0.41,0.94,7.4,8.59,1.06,0,0.0,0,0.0,0.12,0.0,0,0.0,0.07,0,0.0,4,0.47,0.0,0.0,0.0,0.12,100.0,0.12,100.0,0.0,0.0,0.0,0.12,0.0,0.59,20.0,0.47,0.59,0.12,35.48,1.29,0.47,50.4,86.01,16.68,70.42,2.35,90.0,25.97,95.93,44.53,91.82,5.76,40.82,20.93,36.27,0.0,0.0,0.0,0.0,0.0,0.0,0.0,6.11,59.62,0.47,25.0,0.7,0.0,0.0,0.12,7.87,62.69,0,,0,,0,0.0,0.0,0.0,,,1.76,,,0.0,0.0,0.0,0.0,0,0.0
Marlon,Shakhtar Donetsk,Shakhtar Donetsk,"LCB, RCB",30,0,2028-06-30,12,957,0,0.09,0,0.26,9.59,56.86,Brazil,Brazil,right,182,80,no,4.7,3.39,63.89,2.82,53.33,0.0,0.0,0.75,2.54,4.97,1.03,3,0.28,1,0.09,0.47,0.0,0,0.0,0.01,0,0.0,2,0.19,100.0,0.0,0.0,0.0,0.0,0.0,0.0,0.0,0.0,0.0,0.66,42.86,1.32,35.71,0.38,2.54,0.0,76.83,0.28,0.28,93.01,94.94,33.2,89.8,1.88,100.0,44.95,97.91,89.62,96.85,3.39,44.44,17.42,32.65,0.02,0.19,0.0,0.0,0.28,0.0,0.19,19.94,87.74,1.5,37.5,1.69,22.22,0.47,0.0,11.47,91.8,0,,0,,0,0.0,0.0,0.0,,,1.41,,,0.0,0.0,0.0,0.0,0,0.0
M. Matvienko,Shakhtar Donetsk,Shakhtar Donetsk,"LCB, LB",30,0,2027-12-31,14,1180,1,0.55,1,0.45,14.11,61.62,Ukraine,Ukraine,left,182,74,no,7.86,4.65,75.41,5.03,69.7,0.31,0.62,0.61,4.04,8.2,0.38,0,0.0,0,0.0,1.07,0.08,1,0.08,0.04,0,0.0,4,0.31,75.0,25.0,0.08,0.53,42.86,0.53,42.86,0.0,0.0,0.0,0.84,45.45,1.45,31.58,0.69,2.52,0.08,68.19,0.53,0.38,86.64,91.55,31.65,82.89,3.89,98.04,37.45,96.33,79.4,95.39,6.71,50.0,17.82,34.66,0.03,0.69,0.0,0.08,0.38,60.0,0.08,19.45,86.27,2.44,34.38,1.3,17.65,0.61,0.23,11.9,83.33,0,,0,,0,0.0,0.0,0.0,,,1.83,,,0.0,0.0,0.0,0.0,0,0.0
M. Shaparenko,Dynamo Kyiv,Dynamo Kyiv,"LDMF, LCMF",27,0,2030-12-31,13,1115,3,1.84,3,1.81,24.94,50.49,Ukraine,Ukraine,right,178,72,no,10.17,10.9,56.3,1.45,44.44,0.16,0.26,0.08,3.87,6.26,2.58,8,0.65,0,0.0,3.79,0.24,3,0.24,0.15,0,0.0,23,1.86,47.83,13.043,0.24,1.86,47.83,0.57,14.29,1.29,62.5,0.4,4.2,44.23,9.04,41.96,1.61,4.04,3.39,54.81,0.4,1.7,72.65,90.33,18.81,81.55,12.83,96.23,26.64,93.64,67.0,92.77,3.79,68.09,16.9,45.51,0.15,1.61,0.16,0.24,0.73,22.22,0.73,9.69,83.33,3.31,63.41,0.57,28.57,1.53,1.05,8.07,89.0,0,,0,,0,0.0,0.0,0.0,,,1.21,,,0.97,0.24,0.0,3.07,0,0.0
A. Semenko,,Minaj,"LCB, CB",32,0,,6,525,0,0.0,0,0.0,14.23,45.78,Ukraine,Ukraine,right,184,82,no,7.71,4.46,50.0,5.31,48.39,0.51,0.62,1.03,4.97,5.96,0.86,1,0.17,0,0.0,0.0,0.0,0,0.0,0.0,0,0.0,0,0.0,0.0,0.0,0.0,0.0,0.0,0.0,0.0,0.0,0.0,0.0,0.0,0.0,0.69,0.0,0.17,0.17,0.0,19.03,0.17,0.86,30.69,89.39,11.49,80.6,2.23,100.0,15.26,97.75,26.4,95.45,4.29,52.0,21.25,30.24,0.0,0.0,0.0,0.0,0.0,0.0,0.0,1.37,50.0,0.0,0.0,0.0,0.0,0.0,0.0,3.94,52.17,0,,0,,0,0.0,0.0,0.0,,,2.06,,,0.0,0.0,0.0,0.0,0,0.0
S. Bagayoko,,Minaj,LB,27,0,,10,501,0,0.11,0,0.59,20.48,53.51,Mali,Mali,left,172,70,no,10.78,7.19,57.5,4.31,54.17,0.54,0.66,0.0,6.11,7.45,1.62,2,0.36,0,0.0,3.23,0.0,0,0.0,0.02,0,0.0,2,0.36,0.0,0.0,0.0,3.41,47.37,3.41,47.37,0.0,0.0,0.54,2.16,66.67,6.83,55.26,1.08,0.72,0.0,21.38,2.51,1.62,33.77,74.47,12.57,67.14,5.03,75.0,8.98,82.0,27.13,81.46,3.23,44.44,19.06,31.01,0.11,0.9,0.0,0.0,0.36,50.0,0.36,4.31,62.5,3.23,50.0,0.9,20.0,0.18,1.8,9.7,64.81,0,,0,,0,0.0,0.0,0.0,,,0.18,,,0.0,0.0,0.0,0.0,0,0.0
D. Popov,Dynamo Kyiv,Dynamo Kyiv,RCB,27,0,2030-12-31,1,34,1,0.2,0,0.0,,,Ukraine,Ukraine,right,185,81,no,,,,,,,0.0,,,0.0,,0,,0,,,,1,,,1,,1,,,100.0,,,,,,,,,,,,,,,,,,,,,,,,,,,,,,,19.43,31.49,,,,,,,,,,,,,,,,,,0,,0,,0,0.0,0.0,,,,,,,,,,,0,0.0
Vitão,Flamengo,Shakhtar Donetsk,"RCB, LCB",26,0,2029-12-31,9,572,0,0.21,0,0.0,10.23,47.69,Brazil,Brazil,right,185,78,no,7.08,3.15,75.0,4.88,41.94,0.63,1.24,0.31,4.09,8.04,0.94,0,0.0,0,0.0,0.31,0.0,0,0.0,0.03,0,0.0,1,0.16,100.0,0.0,0.0,0.0,0.0,0.0,0.0,0.0,0.0,0.0,0.16,0.0,0.63,25.0,0.47,2.52,0.0,62.31,0.63,0.0,76.31,94.43,20.3,82.17,2.2,100.0,46.26,98.64,73.32,96.35,2.99,47.37,18.89,31.76,0.0,0.0,0.0,0.0,0.16,100.0,0.0,10.38,80.3,0.63,50.0,0.79,60.0,0.31,0.0,7.87,82.0,0,,0,,0,0.0,0.0,0.0,,,1.89,,,0.0,0.0,0.0,0.0,0,0.0
Marcos Antônio,São Paulo,Shakhtar Donetsk,"LCMF, RCMF, LDMF",26,0,2030-12-31,17,969,1,0.37,1,1.31,12.26,53.79,Brazil,Brazil,right,166,66,no,6.22,4.55,69.39,1.3,35.71,0.09,0.2,0.28,2.97,6.36,0.65,2,0.19,0,0.0,1.11,0.09,1,0.09,0.03,0,0.0,8,0.74,25.0,12.5,0.09,0.56,16.67,0.09,0.0,0.37,25.0,0.19,1.21,38.46,4.55,42.86,0.65,0.74,0.74,69.66,0.19,1.49,83.68,92.45,19.97,79.53,11.42,97.56,35.2,96.83,80.06,94.43,3.07,54.55,16.36,21.84,0.12,1.58,0.19,0.09,1.49,25.0,0.37,13.37,84.03,3.16,52.94,2.23,29.17,1.76,0.09,8.27,87.64,0,,0,,0,0.0,0.0,0.0,,,1.02,,,0.0,0.0,0.0,0.0,0,0.0
Pedrinho,Shakhtar Donetsk,Shakhtar Donetsk,"CF, RW, AMF",28,0,2029-06-30,11,686,3,2.77,2,1.51,17.97,39.42,Brazil,Brazil,left,172,65,no,2.36,1.97,66.67,1.31,30.0,0.0,0.0,0.13,1.05,2.05,0.66,2,0.26,0,0.0,4.72,0.39,3,0.39,0.36,0,0.0,23,3.02,30.43,13.043,0.26,2.23,35.29,0.79,33.33,1.31,40.0,0.0,4.46,47.06,11.55,34.09,4.59,1.31,0.79,28.99,1.18,1.31,37.92,86.51,8.79,76.12,8.92,94.12,11.68,86.52,34.11,90.77,1.71,61.54,15.29,19.42,0.2,1.57,0.13,0.0,1.31,70.0,1.18,3.15,79.17,6.17,65.96,1.71,61.54,3.41,0.92,5.77,90.91,0,,0,,0,0.0,0.0,0.0,,,0.0,,,0.0,0.0,0.0,0.0,0,0.0
A. Trubin,Benfica,Shakhtar Donetsk,GK,24,0,2028-06-30,12,1146,0,0.0,0,0.0,0.71,77.78,Ukraine,Ukraine,right,199,86,no,1.02,0.08,0.0,0.47,83.33,0.0,0.0,0.0,1.02,2.12,0.0,0,0.0,0,0.0,0.0,0.0,0,0.0,0.0,0,0.0,0,0.0,0.0,0.0,0.0,0.0,0.0,0.0,0.0,0.0,0.0,0.0,0.0,0.0,0.08,100.0,0.0,0.0,0.0,10.84,0.16,0.16,14.21,85.64,9.9,84.13,0.0,0.0,3.22,87.8,10.76,96.35,3.46,52.27,24.65,34.45,0.0,0.0,0.0,0.0,0.0,0.0,0.0,0.71,66.67,0.16,0.0,0.08,0.0,0.0,0.0,3.53,57.78,8,0.63,32,2.51,5,75.0,9.78,0.77,1.78,0.14,0.0,0.86,0.47,,,,0.0,0,0.0
B. Kovalenko,OFK Pirin,Minaj,"LW, LAMF, LCMF",29,0,,12,531,0,0.52,1,0.87,20.0,45.76,Ukraine,Ukraine,both,170,68,no,5.25,4.58,51.85,0.68,0.0,0.51,0.62,0.0,2.37,2.9,0.17,3,0.51,0,0.0,4.24,0.0,0,0.0,0.09,0,0.0,10,1.69,30.0,0.0,0.17,2.2,30.77,1.53,22.22,0.68,50.0,0.34,5.76,52.94,12.2,48.61,0.68,3.05,1.69,17.46,1.19,2.2,26.1,78.57,4.92,62.07,7.29,93.02,7.97,78.72,22.88,83.7,1.19,57.14,15.91,15.38,0.15,1.02,0.0,0.17,0.51,0.0,0.17,1.86,72.73,2.54,40.0,0.51,0.0,0.68,1.02,2.71,62.5,0,,0,,0,0.0,0.0,0.0,,,0.0,,,1.19,0.0,0.0,1.53,0,0.0
R. Ahmadzada,Sumqayıt,Minaj,"RW, CF",25,0,2027-06-30,12,769,2,0.85,0,0.6,31.72,37.64,Ukraine,"Ukraine, Azerbaijan",right,184,78,no,5.5,4.8,48.78,5.15,36.36,0.7,0.82,0.12,2.46,2.86,1.52,4,0.47,1,0.12,3.86,0.23,2,0.23,0.1,2,0.23,6,0.7,33.33,33.333,0.0,0.94,12.5,0.12,0.0,0.82,14.29,0.12,7.26,46.77,16.97,37.93,2.81,1.87,2.11,9.25,1.87,2.22,14.98,71.88,3.75,75.0,3.75,81.25,2.57,68.18,13.58,75.86,0.47,75.0,16.24,13.89,0.07,0.12,0.0,0.0,0.35,33.33,0.12,1.29,63.64,1.29,36.36,0.23,0.0,0.7,0.0,1.17,80.0,0,,0,,0,0.0,0.0,0.0,,,0.0,,,0.0,0.0,0.0,0.0,0,0.0
M. Matić,Vardar,Minaj,"LCB, CB",26,0,2028-06-30,11,842,0,0.28,0,0.0,13.04,61.48,Croatia,Croatia,right,195,87,no,8.34,5.88,60.0,4.38,65.85,0.11,0.12,0.75,4.7,5.43,1.39,4,0.43,0,0.0,0.0,0.0,0,0.0,0.03,0,0.0,2,0.21,0.0,0.0,0.0,0.11,0.0,0.0,0.0,0.11,0.0,0.0,0.0,0.0,0.64,33.33,0.43,0.43,0.32,22.87,0.53,0.21,35.49,85.54,14.32,71.64,1.92,100.0,15.18,97.89,29.82,91.4,5.56,55.77,20.74,31.51,0.0,0.0,0.0,0.0,0.0,0.0,0.0,3.42,50.0,0.53,20.0,0.21,0.0,0.11,0.0,5.67,58.49,0,,0,,0,0.0,0.0,0.0,,,1.39,,,0.0,0.0,0.0,0.0,0,0.0
I. Zabarnyi,PSG,Dynamo Kyiv,RCB,23,0,2030-06-30,15,1414,0,1.15,0,0.0,11.71,66.3,Ukraine,Ukraine,right,189,81,no,7.96,4.96,74.36,2.16,58.82,0.32,0.52,0.45,3.95,6.39,0.76,3,0.19,0,0.0,0.64,0.0,0,0.0,0.07,0,0.0,7,0.45,14.29,0.0,0.0,0.06,0.0,0.0,0.0,0.06,0.0,0.0,0.57,100.0,2.04,71.88,0.76,1.78,0.57,47.67,0.38,1.15,63.97,92.04,18.27,79.44,4.65,95.89,34.31,98.33,58.68,95.23,5.22,57.32,20.71,35.69,0.0,0.0,0.0,0.0,0.06,0.0,0.0,7.89,79.84,0.19,66.67,0.19,0.0,0.13,0.0,8.59,74.81,0,,0,,0,0.0,0.0,0.0,,,3.5,,,0.0,0.0,0.0,0.0,0,0.0
E. Kobak,Vilkhivtsi,Minaj,"RW, RAMF",24,0,2027-06-30,10,272,0,0.25,0,0.0,29.45,39.33,Ukraine,Ukraine,left,175,66,no,9.6,6.62,75.0,0.99,0.0,1.32,1.82,0.0,3.31,4.55,1.65,1,0.33,0,0.0,2.32,0.0,0,0.0,0.08,0,0.0,7,2.32,14.29,0.0,0.0,0.0,0.0,0.0,0.0,0.0,0.0,0.0,5.96,27.78,17.54,30.19,1.99,1.65,1.65,16.54,1.99,2.65,19.52,88.14,2.32,57.14,5.29,93.75,6.29,84.21,17.87,90.74,1.65,60.0,18.13,14.23,0.0,0.0,0.0,0.0,0.33,100.0,0.0,1.32,100.0,0.99,33.33,0.0,0.0,0.66,0.0,1.99,66.67,0,,0,,0,0.0,0.0,0.0,,,0.33,,,0.0,0.0,0.0,0.33,0,0.0
M. Haiduchyk,Polissya,Veres,CF,26,0,2028-06-30,2,16,0,0.0,0,0.03,,,Ukraine,Ukraine,left,187,80,no,,,,,,,0.0,,,0.0,,0,,0,,,,0,,,0,,0,,,0.0,,,,,,,,,,,,,,,,,,,,,,,,,,,,,,,9.38,0.0,,,,,,,,,,,,,,,,,,0,,0,,0,0.0,0.0,,,,,,,,,,,0,0.0
A. Pyatov,,Shakhtar Donetsk,GK,41,0,,6,573,0,0.0,0,0.0,0.0,0.0,Ukraine,Ukraine,right,190,90,no,0.63,0.0,0.0,0.0,0.0,0.0,0.0,0.0,0.63,1.13,0.0,0,0.0,0,0.0,0.0,0.0,0,0.0,0.0,0,0.0,0,0.0,0.0,0.0,0.0,0.0,0.0,0.0,0.0,0.0,0.0,0.0,0.0,0.0,0.0,0.0,0.0,0.0,0.0,8.17,0.16,0.0,11.94,90.79,7.07,84.44,0.0,0.0,3.93,100.0,9.27,98.31,2.67,64.71,22.36,27.3,0.0,0.0,0.0,0.16,0.0,0.0,0.0,0.0,0.0,0.0,0.0,0.0,0.0,0.0,0.0,2.04,53.85,2,0.31,12,1.88,4,83.33,2.22,0.35,0.22,0.035,0.0,0.31,0.0,,,,0.0,0,0.0
Dentinho,,Shakhtar Donetsk,CF,37,0,,4,81,1,0.75,0,0.0,14.44,38.46,Brazil,Brazil,right,176,75,no,3.33,2.22,100.0,1.11,100.0,0.0,0.0,1.11,1.11,2.14,0.0,0,0.0,0,0.0,4.44,1.11,1,1.11,0.83,0,0.0,3,3.33,100.0,33.333,0.0,0.0,0.0,0.0,0.0,0.0,0.0,0.0,3.33,33.33,10.0,11.11,7.78,0.0,0.0,11.11,1.11,0.0,14.44,92.31,1.11,100.0,5.56,100.0,4.44,75.0,14.44,92.31,0.0,0.0,14.77,0.0,0.0,0.0,1.11,0.0,0.0,0.0,0.0,0.0,0.0,1.11,100.0,0.0,0.0,1.11,0.0,0.0,0.0,0,,0,,0,0.0,0.0,0.0,,,0.0,,,0.0,0.0,0.0,0.0,0,0.0
Marlos,,Shakhtar Donetsk,"RW, RAMF, AMF",38,0,,14,816,2,2.73,4,2.29,17.54,44.03,Brazil,"Brazil, Ukraine",left,174,77,no,3.2,3.86,51.43,0.22,0.0,0.11,0.22,0.0,1.1,2.16,1.32,2,0.22,0,0.0,3.64,0.22,0,0.0,0.3,0,0.0,11,1.21,54.55,18.182,0.44,0.99,22.22,0.22,0.0,0.77,28.57,0.22,3.86,54.29,11.8,42.99,4.08,4.3,1.65,39.38,0.99,1.65,50.96,87.88,11.14,79.21,10.04,95.6,16.1,89.04,48.53,90.0,1.43,61.54,14.57,19.1,0.25,1.88,0.33,0.33,1.65,40.0,0.88,4.52,87.8,4.96,64.44,1.76,31.25,4.96,0.33,5.4,85.71,0,,0,,0,0.0,0.0,0.0,,,0.11,,,0.0,0.0,0.0,0.77,2,100.0
Y. Seleznyov,,Minaj,CF,40,0,,16,850,1,3.7,1,0.65,26.58,34.26,Ukraine,Ukraine,right,185,81,no,3.07,2.22,42.86,7.09,46.27,0.53,0.61,0.11,1.59,1.83,2.75,4,0.42,0,0.0,1.8,0.11,1,0.11,0.39,0,0.0,13,1.38,30.77,7.692,0.11,0.11,100.0,0.0,0.0,0.11,100.0,0.0,1.59,46.67,10.59,26.0,2.22,0.74,0.53,10.48,0.95,3.39,16.73,77.22,3.81,55.56,3.39,90.63,5.51,80.77,15.88,78.0,0.74,57.14,16.08,9.79,0.07,0.32,0.0,0.0,1.16,45.45,0.21,2.75,65.38,0.74,42.86,0.74,28.57,0.42,0.11,1.69,87.5,0,,0,,0,0.0,0.0,0.0,,,0.0,,,0.0,0.0,0.0,0.0,0,0.0
V. Lykhovydko,Cosmos Nowotaniec,Minaj,LCB,34,0,,7,605,0,0.16,0,0.0,20.98,68.79,Ukraine,Ukraine,left,184,78,no,12.35,8.48,75.44,2.83,63.16,0.6,0.72,1.04,5.36,6.51,0.3,0,0.0,0,0.0,1.79,0.0,0,0.0,0.02,0,0.0,1,0.15,0.0,0.0,0.0,0.3,50.0,0.3,50.0,0.0,0.0,0.15,2.38,62.5,5.36,66.67,0.3,2.08,0.89,21.42,0.3,3.72,32.88,81.9,13.98,67.02,4.17,92.86,10.71,97.22,27.67,88.17,4.91,48.48,19.43,35.97,0.0,0.0,0.0,0.0,0.15,100.0,0.0,3.72,64.0,0.89,50.0,0.3,50.0,0.3,0.15,6.69,60.0,0,,0,,0,0.0,0.0,0.0,,,1.49,,,0.0,0.0,0.0,0.0,0,0.0
V. Buyalskyi,Dynamo Kyiv,Dynamo Kyiv,"AMF, CF",33,0,2027-06-30,16,1455,9,4.91,0,5.0,13.92,49.78,Ukraine,Ukraine,right,175,61,no,3.84,3.03,69.39,1.11,27.78,0.56,0.91,0.06,1.18,1.91,0.62,3,0.19,0,0.0,3.96,0.56,8,0.49,0.3,0,0.0,33,2.04,51.52,27.273,0.0,1.79,44.83,0.43,28.57,1.3,47.62,0.49,2.29,51.35,7.36,48.74,6.12,1.24,0.8,24.12,0.99,1.92,29.63,83.72,8.35,80.0,7.24,90.6,7.98,86.05,26.85,86.41,0.99,81.25,16.07,27.03,0.31,1.98,0.19,0.0,2.04,45.45,0.99,2.54,87.8,3.4,65.45,1.61,42.31,2.41,0.87,4.02,92.31,0,,0,,0,0.0,0.0,0.0,,,0.12,,,0.12,0.06,100.0,0.68,1,100.0
R. Gegedosh,,Veres,"CF, AMF",33,0,,14,553,1,0.73,1,0.95,17.9,36.36,Ukraine,Ukraine,left,180,68,no,1.63,1.95,33.33,7.81,43.75,0.0,0.0,0.0,0.98,1.18,0.49,0,0.0,0,0.0,2.77,0.16,1,0.16,0.12,0,0.0,6,0.98,33.33,16.667,0.16,1.79,45.45,1.79,45.45,0.0,0.0,0.33,1.63,80.0,4.88,33.33,1.46,1.3,0.49,15.3,3.74,1.46,20.51,71.43,4.72,68.97,3.91,79.17,7.16,77.27,17.41,73.83,1.3,75.0,15.69,8.92,0.15,1.46,0.0,0.0,1.14,28.57,0.0,2.77,52.94,3.09,68.42,1.46,33.33,1.46,0.81,3.25,90.0,0,,0,,0,0.0,0.0,0.0,,,0.16,,,1.63,0.0,0.0,3.58,0,0.0
C. de Pena,Sport Recife,Dynamo Kyiv,"LAMF, LW",34,0,2026-11-30,16,797,2,2.52,3,2.4,12.76,52.21,Uruguay,"Uruguay, Italy",left,177,69,no,6.78,3.95,68.57,2.94,46.15,0.45,0.71,0.11,3.61,5.68,0.68,2,0.23,0,0.0,4.63,0.23,2,0.23,0.28,0,0.0,19,2.15,42.11,10.526,0.34,6.1,31.48,5.87,32.69,0.23,0.0,0.9,1.36,83.33,3.95,51.43,2.71,0.68,0.45,34.55,2.37,1.24,45.85,74.14,10.95,67.01,11.29,90.0,15.24,68.15,38.39,81.18,1.58,64.29,17.86,23.73,0.27,2.15,0.23,0.0,1.13,60.0,1.36,4.74,76.19,7.0,46.77,1.24,45.45,1.58,1.92,7.45,78.79,0,,0,,0,0.0,0.0,0.0,,,0.34,,,0.79,0.11,100.0,0.68,1,0.0
M. Sergiychuk,Trostianets,Veres,CF,34,0,,17,1063,1,2.44,0,0.84,33.36,27.66,Ukraine,Ukraine,right,174,78,no,2.79,3.3,33.33,6.94,31.71,0.59,0.69,0.08,1.1,1.27,4.23,2,0.17,1,0.08,1.86,0.08,1,0.08,0.21,0,0.0,16,1.35,25.0,6.25,0.0,0.85,30.0,0.42,40.0,0.42,20.0,0.0,2.88,41.18,15.75,26.88,3.3,1.27,0.59,7.96,1.44,3.13,13.55,70.63,2.29,37.04,4.49,84.91,3.13,67.57,12.36,75.34,0.51,0.0,14.73,8.96,0.07,0.59,0.08,0.0,0.42,20.0,0.34,1.1,69.23,1.02,50.0,0.42,20.0,0.68,0.25,0.59,100.0,0,,0,,0,0.0,0.0,0.0,,,0.0,,,0.0,0.0,0.0,0.0,1,0.0
V. Tymofienko,Peremoga Dnipro,Veres,"LW, RW",33,0,,12,228,0,0.08,0,0.41,21.71,52.73,Ukraine,Ukraine,both,178,68,no,7.11,6.32,50.0,3.16,75.0,0.39,0.52,0.0,3.55,4.66,2.37,1,0.39,0,0.0,4.74,0.0,0,0.0,0.03,0,0.0,7,2.76,42.86,0.0,0.0,1.58,25.0,1.18,33.33,0.39,0.0,0.0,3.55,88.89,8.29,52.38,0.0,0.39,0.0,15.0,1.18,1.18,24.87,69.84,6.71,64.71,6.32,93.75,5.92,60.0,19.34,75.51,3.95,60.0,20.5,20.33,0.16,0.39,0.0,0.0,0.0,0.0,0.0,3.95,50.0,0.79,0.0,0.79,0.0,0.0,0.0,5.13,61.54,0,,0,,0,0.0,0.0,0.0,,,0.39,,,1.18,0.0,0.0,3.16,0,0.0
D. Favorov,,Zorya,RB,35,0,,16,1428,1,2.24,2,1.63,18.84,50.5,Ukraine,Ukraine,right,183,75,no,11.72,8.26,58.02,3.72,52.54,0.82,1.22,0.63,6.11,9.09,1.89,4,0.25,0,0.0,2.96,0.06,1,0.06,0.14,0,0.0,9,0.57,44.44,11.111,0.13,3.84,36.07,0.0,0.0,3.84,36.07,0.25,1.58,60.0,3.72,37.29,1.89,1.07,0.44,23.95,1.89,0.38,37.12,74.7,10.78,69.01,5.36,94.12,14.94,76.37,27.42,82.99,5.99,60.0,21.24,31.47,0.1,1.32,0.06,0.0,0.63,60.0,0.63,4.47,70.42,4.73,58.67,1.13,44.44,1.76,1.45,10.15,78.88,0,,0,,0,0.0,0.0,0.0,,,1.26,,,0.06,0.0,0.0,0.0,1,0.0
I. Brikner,Fratria,Lviv,"LCB, RCMF",32,0,2027-06-30,16,1233,0,0.76,0,0.29,15.47,47.64,Ukraine,Ukraine,left,184,78,no,7.88,5.18,49.3,3.14,46.51,0.07,0.08,0.22,5.26,5.87,2.12,5,0.36,0,0.0,1.31,0.0,0,0.0,0.06,0,0.0,20,1.46,20.0,0.0,0.0,1.46,25.0,1.24,29.41,0.22,0.0,0.22,1.02,57.14,2.77,47.37,0.66,0.51,0.22,23.36,0.51,1.24,39.49,74.86,18.91,66.02,3.28,93.33,14.23,84.62,30.51,83.01,7.66,50.48,23.73,37.32,0.02,0.29,0.0,0.07,0.36,20.0,0.22,7.45,60.78,1.31,38.89,0.51,14.29,0.07,0.51,11.09,65.13,0,,0,,0,0.0,0.0,0.0,,,1.31,,,0.15,0.15,100.0,0.0,0,0.0
A. Masalov,Dinamo Vologda,Desna,LB,29,0,2026-12-31,6,205,0,0.0,0,0.0,11.85,55.56,Ukraine,Ukraine,left,187,75,no,10.98,6.15,64.29,1.32,33.33,0.0,0.0,0.0,7.02,9.41,0.0,0,0.0,0,0.0,0.88,0.0,0,0.0,0.0,0,0.0,1,0.44,0.0,0.0,0.0,1.32,0.0,1.32,0.0,0.0,0.0,0.0,0.44,100.0,1.76,25.0,0.44,0.88,0.44,23.71,0.44,0.88,35.56,82.72,16.24,75.68,5.27,100.0,9.66,81.82,28.54,90.77,6.15,57.14,22.13,34.32,0.0,0.0,0.0,0.0,0.44,100.0,0.0,4.39,80.0,1.32,33.33,0.88,50.0,0.0,0.0,6.15,71.43,0,,0,,0,0.0,0.0,0.0,,,0.44,,,0.44,0.0,0.0,0.0,0,0.0
I. Shevtsov,Chornomorets,Desna,"LW, LAMF",26,0,,12,269,0,0.57,1,0.22,28.77,52.33,Ukraine,Ukraine,right,0,0,no,9.03,7.7,69.57,3.68,45.45,0.67,1.03,0.33,3.01,4.66,2.01,0,0.0,0,0.0,4.68,0.0,0,0.0,0.19,0,0.0,7,2.34,42.86,0.0,0.33,2.01,33.33,0.33,0.0,1.67,40.0,0.33,5.35,43.75,11.38,47.06,4.01,3.68,2.34,24.09,2.01,2.34,32.12,76.04,9.37,67.86,8.03,83.33,8.03,66.67,28.77,79.07,1.34,75.0,14.57,10.26,0.07,1.34,0.0,0.0,1.67,40.0,0.33,3.35,90.0,3.35,50.0,2.01,33.33,2.01,0.67,6.69,70.0,0,,0,,0,0.0,0.0,0.0,,,0.0,,,0.0,0.0,0.0,0.0,0,0.0
E. Nazaryna,Shakhtar Donetsk,Zorya,"DMF, LCMF",28,0,2027-06-30,13,1103,1,0.55,0,0.0,21.13,48.65,Ukraine,Ukraine,right,184,75,no,9.22,8.73,54.21,3.83,53.19,0.65,0.95,0.08,3.83,5.6,1.8,4,0.33,0,0.0,0.98,0.08,1,0.08,0.04,0,0.0,9,0.73,33.33,11.111,0.0,0.49,16.67,0.16,0.0,0.33,25.0,0.08,1.55,36.84,5.06,41.94,0.57,0.57,0.33,24.56,0.24,1.31,39.66,88.07,12.16,72.48,5.14,95.24,16.97,97.12,36.96,91.39,2.28,46.43,18.59,20.38,0.0,0.0,0.0,0.08,0.16,50.0,0.0,5.96,86.3,0.49,66.67,0.16,100.0,0.24,0.08,5.87,75.0,0,,0,,0,0.0,0.0,0.0,,,0.33,,,0.73,0.24,0.0,1.06,0,0.0
C. Spinelli,Vasco da Gama,Oleksandria,CF,29,0,2028-12-31,17,869,2,2.35,0,0.56,31.69,35.62,Argentina,"Argentina, Italy",right,180,80,no,5.39,3.62,68.57,9.63,35.48,0.31,0.41,0.21,2.59,3.41,1.24,1,0.1,0,0.0,2.17,0.21,2,0.21,0.24,1,0.1,22,2.28,36.36,9.091,0.0,0.41,0.0,0.1,0.0,0.31,0.0,0.21,2.28,50.0,11.5,27.03,3.21,0.52,0.62,7.56,1.14,1.55,12.74,78.05,2.28,68.18,3.62,88.57,3.73,77.78,12.32,80.67,0.0,0.0,13.42,0.0,0.06,0.52,0.0,0.1,0.31,66.67,0.41,0.83,62.5,0.52,60.0,0.21,100.0,0.41,0.0,1.45,42.86,0,,0,,0,0.0,0.0,0.0,,,0.1,,,0.0,0.0,0.0,0.0,0,0.0
China,Công An Hà Nội,Lviv,"CF, RW, AMF",29,0,,15,726,2,4.01,0,0.03,27.27,38.18,Brazil,Brazil,right,179,74,no,5.08,5.7,54.35,4.59,29.73,0.0,0.0,0.0,1.98,2.12,1.12,0,0.0,0,0.0,4.46,0.25,2,0.25,0.5,0,0.0,24,2.98,54.17,8.333,0.0,1.36,9.09,0.0,0.0,1.36,9.09,0.25,5.45,47.73,11.03,38.2,3.47,1.24,1.74,11.65,1.24,1.74,16.24,73.28,4.09,69.7,3.1,92.0,4.71,68.42,14.13,82.46,0.74,16.67,18.21,11.13,0.0,0.12,0.0,0.0,0.5,25.0,0.0,1.86,46.67,1.24,40.0,0.62,20.0,0.5,0.25,1.74,85.71,0,,0,,0,0.0,0.0,0.0,,,0.0,,,0.12,0.0,0.0,0.25,0,0.0
O. Romanchuk,Universitatea Craiova,Lviv,"RCB, CB",26,0,2028-06-30,14,1308,1,1.68,1,0.24,15.41,62.05,Ukraine,Ukraine,right,193,76,no,12.18,7.22,65.71,3.23,65.96,1.31,1.5,0.55,6.12,7.01,0.89,6,0.41,1,0.07,0.83,0.07,1,0.07,0.12,0,0.0,13,0.89,15.38,7.692,0.07,0.48,28.57,0.0,0.0,0.48,28.57,0.07,1.03,53.33,1.79,50.0,1.24,1.03,0.55,19.33,0.41,0.34,33.65,77.71,15.41,64.73,1.86,100.0,13.62,89.39,25.8,86.4,7.5,49.54,25.75,42.79,0.02,0.21,0.0,0.0,0.07,0.0,0.07,6.26,48.35,1.38,35.0,0.76,36.36,0.41,0.21,7.22,72.38,0,,0,,0,0.0,0.0,0.0,,,1.24,,,0.0,0.0,0.0,0.0,0,0.0
R. Mykhayliv,,Lviv,CF,23,0,,1,5,0,0.0,0,0.0,,,Ukraine,Ukraine,right,165,59,no,,,,,,,0.0,,,0.0,,0,,0,,,,0,,,0,,0,,,0.0,,,,,,,,,,,,,,,,,,,,,,,,,,,,,,,0.0,0.0,,,,,,,,,,,,,,,,,,0,,0,,0,0.0,0.0,,,,,,,,,,,0,0.0
D. Nagnoynyi,Kudrivka,Zorya,RCMF,24,0,2028-06-30,2,27,0,0.0,0,0.0,,,Ukraine,Ukraine,right,175,68,yes,,,,,,,0.0,,,5.0,,0,,0,,,,0,,,0,,0,,,0.0,,,,,,,,,,,,,,,,,,,,,,,,,,,,,,,23.84,0.0,,,,,,,,,,,,,,,,,,0,,0,,0,0.0,0.0,,,,,,,,,,,0,0.0
B. Krushynskyi,Polissya,Lviv,"LCB, RCMF",24,0,2027-12-31,12,406,0,0.0,0,0.0,17.73,50.0,Ukraine,Ukraine,left,190,79,no,7.09,6.87,58.06,3.55,43.75,0.0,0.0,0.44,3.1,3.89,1.55,1,0.22,0,0.0,1.33,0.0,0,0.0,0.0,0,0.0,2,0.44,0.0,0.0,0.0,0.67,0.0,0.22,0.0,0.44,0.0,0.0,2.88,46.15,4.66,47.62,0.22,1.55,0.89,17.07,0.0,1.33,28.82,76.15,13.3,66.67,2.0,88.89,10.86,89.8,22.83,82.52,5.32,58.33,18.2,23.04,0.0,0.0,0.0,0.0,0.0,0.0,0.0,3.99,77.78,0.67,33.33,0.22,100.0,0.22,0.0,8.42,57.89,0,,0,,0,0.0,0.0,0.0,,,0.67,,,0.0,0.0,0.0,0.0,0,0.0
D. Khrypchuk,Kolos Kovalivka,Vorskla,"LCMF, RCMF",22,0,2027-06-30,2,24,0,0.0,0,0.0,,,Ukraine,Ukraine,right,192,78,no,,,,,,,0.0,,,4.29,,0,,0,,,,0,,,0,,0,,,0.0,,,,,,,,,,,,,,,,,,,,,,,,,,,,,,,18.86,22.96,,,,,,,,,,,,,,,,,,0,,0,,0,0.0,0.0,,,,,,,,,,,0,0.0
Oleksandr Gladkyi,Avangard Lozova,Zorya,CF,38,0,,16,1160,5,4.88,3,1.45,22.97,30.74,Ukraine,Ukraine,both,188,85,no,3.1,2.17,28.57,8.22,38.68,0.16,0.23,0.08,2.33,3.5,2.56,2,0.16,0,0.0,1.47,0.39,4,0.31,0.38,1,0.08,25,1.94,40.0,20.0,0.23,0.16,0.0,0.08,0.0,0.08,0.0,0.0,1.24,31.25,6.36,25.61,5.28,0.31,0.08,12.41,1.86,0.85,18.39,73.84,3.57,58.7,5.12,87.88,4.89,69.84,16.99,76.26,1.24,50.0,14.83,18.6,0.11,0.93,0.08,0.0,0.7,44.44,0.47,2.09,59.26,0.78,70.0,0.54,14.29,1.4,0.0,1.63,66.67,0,,0,,0,0.0,0.0,0.0,,,0.0,,,0.0,0.0,0.0,0.0,1,100.0
S. Politylo,,Lviv,"LCMF, AMF",37,0,,18,1336,0,0.08,0,1.57,9.5,45.39,Ukraine,Ukraine,left,165,63,no,6.6,3.5,59.62,0.88,30.77,0.27,0.3,0.07,4.24,4.71,0.61,2,0.13,0,0.0,0.74,0.0,0,0.0,0.01,0,0.0,2,0.13,0.0,0.0,0.0,1.21,33.33,0.88,38.46,0.34,20.0,0.0,0.54,62.5,2.83,42.86,0.2,0.74,0.74,17.78,0.61,0.88,32.4,83.58,9.77,71.72,5.86,89.66,11.86,90.91,28.16,87.56,3.03,66.67,17.59,26.33,0.11,1.41,0.07,0.0,0.13,0.0,0.27,5.25,76.92,1.15,41.18,0.2,33.33,0.34,0.4,5.52,71.95,0,,0,,0,0.0,0.0,0.0,,,0.2,,,1.75,0.07,0.0,2.9,0,0.0
Y. Selin,Avangard Lozova,Desna,"LCB, LB",38,0,,15,1226,0,0.37,0,0.39,13.73,59.89,Ukraine,Ukraine,left,189,85,no,8.44,5.21,56.34,4.55,64.52,0.22,0.3,0.73,5.29,7.08,1.62,5,0.37,1,0.07,0.44,0.0,0,0.0,0.03,0,0.0,3,0.22,33.33,0.0,0.0,0.22,33.33,0.22,33.33,0.0,0.0,0.0,0.22,66.67,0.95,23.08,0.29,1.62,0.44,36.92,0.59,0.44,52.49,86.99,23.78,78.4,2.72,97.3,21.44,94.18,45.51,92.74,6.9,48.94,21.58,36.87,0.03,0.22,0.0,0.0,0.22,66.67,0.0,7.85,66.36,0.66,33.33,0.66,22.22,0.22,0.07,10.64,77.93,0,,0,,0,0.0,0.0,0.0,,,1.39,,,0.0,0.0,0.0,0.0,0,0.0
V. Vernydub,,Zorya,RCB,38,0,,12,999,0,0.51,0,0.49,16.4,63.19,Ukraine,Ukraine,right,194,88,no,10.99,8.38,65.59,4.59,68.63,0.81,1.22,0.99,4.68,7.06,1.62,6,0.54,0,0.0,0.54,0.0,0,0.0,0.05,0,0.0,4,0.36,0.0,0.0,0.0,0.45,60.0,0.0,0.0,0.45,60.0,0.0,0.18,100.0,0.81,55.56,0.45,1.26,0.0,33.42,0.63,0.63,47.66,86.01,18.83,78.47,3.51,100.0,22.07,91.84,40.72,90.93,6.49,56.94,22.99,34.32,0.04,0.36,0.0,0.09,0.45,20.0,0.18,10.27,75.44,1.26,64.29,1.26,64.29,0.63,0.27,10.99,76.23,0,,0,,0,0.0,0.0,0.0,,,3.15,,,0.36,0.09,0.0,0.0,0,0.0
A. Gromov,Union Mauer,Zorya,"CF, RCMF, LCMF",36,0,,14,1041,1,2.21,2,1.28,21.44,38.31,Ukraine,Ukraine,right,178,72,no,4.24,3.72,51.16,2.94,52.94,0.09,0.13,0.09,2.25,3.29,1.38,1,0.09,0,0.0,2.68,0.09,1,0.09,0.19,0,0.0,17,1.47,41.18,5.882,0.17,0.86,20.0,0.43,0.0,0.35,50.0,0.09,3.98,47.83,10.46,29.75,3.54,1.21,0.86,12.28,0.95,1.82,16.86,76.41,4.5,63.46,4.5,92.31,4.5,75.0,15.13,80.57,0.86,60.0,13.07,6.72,0.11,0.95,0.0,0.0,0.43,0.0,0.69,1.12,69.23,1.73,40.0,0.52,0.0,1.12,0.17,1.56,66.67,0,,0,,0,0.0,0.0,0.0,,,0.17,,,0.0,0.0,0.0,0.0,0,0.0
V. Zhuk,Bayern Hof,Desna,"RB, RCB",35,0,,6,377,0,0.03,0,0.0,15.76,50.0,Ukraine,Ukraine,right,173,70,no,9.07,7.88,60.61,3.58,33.33,0.48,0.51,0.0,3.82,4.07,1.91,1,0.24,0,0.0,0.72,0.0,0,0.0,0.01,0,0.0,2,0.48,0.0,0.0,0.0,1.19,40.0,0.0,0.0,1.19,40.0,0.0,0.95,25.0,1.43,33.33,0.24,0.24,0.0,24.83,1.19,0.48,34.85,83.56,15.52,75.38,6.68,92.86,8.83,89.19,29.12,89.34,4.54,57.89,17.41,23.17,0.0,0.0,0.24,0.0,0.0,0.0,0.0,3.34,85.71,1.67,57.14,0.48,0.0,0.24,0.24,6.68,75.0,0,,0,,0,0.0,0.0,0.0,,,0.95,,,0.0,0.0,0.0,0.0,0,0.0
Z. Taras Mykhailovych,Slávia TU Košice,Desna,"RB, RCMF",31,0,,18,1497,3,1.64,3,1.5,14.61,42.39,Ukraine,Ukraine,both,182,81,no,9.02,5.65,47.87,2.1,40.0,0.24,0.33,0.06,6.07,8.37,1.26,3,0.18,0,0.0,1.92,0.18,3,0.18,0.1,2,0.12,20,1.2,35.0,15.0,0.18,1.56,38.46,0.06,0.0,1.44,41.67,0.06,1.68,50.0,4.63,35.06,1.62,0.9,0.84,26.81,0.6,0.84,39.98,83.91,12.02,71.5,9.02,96.0,12.2,87.19,35.23,89.59,3.37,46.43,17.58,28.82,0.09,0.66,0.0,0.0,0.18,33.33,0.48,4.69,67.95,1.38,47.83,0.6,20.0,0.66,0.3,5.83,60.82,0,,0,,0,0.0,0.0,0.0,,,1.08,,,0.06,0.0,0.0,0.06,0,0.0
O. Zozulya,Denhoff Denykhivka,Lviv,"RCB, RB, RWB",34,0,,12,754,0,0.79,0,1.43,11.7,46.94,Ukraine,Ukraine,right,177,68,no,9.43,6.33,47.17,2.03,35.29,1.67,1.99,0.36,4.77,5.69,2.03,4,0.48,0,0.0,2.15,0.0,0,0.0,0.09,0,0.0,3,0.36,33.33,0.0,0.0,2.51,47.62,0.12,0.0,2.39,50.0,0.12,0.84,71.43,1.55,76.92,1.31,2.27,1.67,20.77,0.24,0.36,32.47,82.35,12.65,79.25,5.73,95.83,11.22,82.98,26.5,88.74,3.7,58.06,19.41,29.47,0.17,1.31,0.0,0.0,0.6,40.0,0.6,4.18,71.43,2.03,52.94,0.6,20.0,0.0,1.07,8.24,81.16,0,,0,,0,0.0,0.0,0.0,,,0.84,,,0.0,0.0,0.0,0.0,0,0.0
Y. Pankiv,,Rukh Lviv,GK,41,0,,14,1337,0,0.0,0,0.0,0.81,83.33,Ukraine,Ukraine,right,186,80,no,1.28,0.13,0.0,0.4,100.0,0.07,0.07,0.0,1.21,1.34,0.0,1,0.07,0,0.0,0.0,0.0,0,0.0,0.0,0,0.0,0,0.0,0.0,0.0,0.0,0.0,0.0,0.0,0.0,0.0,0.0,0.0,0.0,0.0,0.07,100.0,0.0,0.0,0.0,12.59,0.34,0.34,17.91,84.59,11.65,78.03,0.0,0.0,6.13,96.7,9.02,98.51,8.89,70.45,36.09,46.57,0.0,0.0,0.0,0.0,0.0,0.0,0.0,1.08,50.0,0.0,0.0,0.0,0.0,0.0,0.0,7.34,78.9,15,1.01,61,4.11,5,75.41,16.94,1.14,1.94,0.131,0.0,1.75,0.4,,,,0.0,0,0.0
M. Kovalev,,Inhulets,"LCB, CB",37,0,,15,1355,1,1.08,0,0.0,10.69,60.87,Ukraine,Ukraine,right,185,78,no,8.5,5.45,68.29,2.66,52.5,0.6,0.68,0.66,4.18,4.76,0.6,2,0.13,0,0.0,0.66,0.07,1,0.07,0.07,0,0.0,7,0.46,42.86,14.286,0.0,0.33,80.0,0.2,66.67,0.07,100.0,0.0,0.27,75.0,0.73,45.45,0.86,0.73,0.2,33.48,0.73,0.13,46.36,90.97,17.6,84.15,2.79,97.62,22.32,96.13,39.25,95.09,6.84,67.96,22.63,40.39,0.0,0.07,0.0,0.0,0.0,0.0,0.0,4.45,65.67,0.2,66.67,0.2,0.0,0.07,0.2,6.64,77.0,0,,0,,0,0.0,0.0,0.0,,,1.66,,,0.07,0.07,100.0,0.0,0,0.0
M. Bilyi,,Rukh Lviv,RCB,35,0,,15,1434,0,0.15,0,0.72,10.73,63.16,Ukraine,Ukraine,right,195,88,no,9.23,4.9,69.23,2.07,57.58,0.82,0.93,0.69,5.02,5.74,0.88,5,0.31,0,0.0,0.38,0.0,0,0.0,0.01,0,0.0,8,0.5,12.5,0.0,0.0,0.19,66.67,0.0,0.0,0.19,66.67,0.0,0.06,100.0,0.69,54.55,0.13,1.69,0.63,34.77,0.56,0.82,49.77,86.89,19.14,74.1,3.33,98.11,23.03,95.37,42.24,92.27,7.34,56.41,21.83,34.25,0.04,0.25,0.0,0.06,0.25,50.0,0.06,7.47,71.43,0.82,38.46,0.94,33.33,0.13,0.13,8.41,72.39,0,,0,,0,0.0,0.0,0.0,,,2.64,,,0.5,0.25,25.0,0.06,0,0.0
M. Shyshka,Naftovyk Dolyna,Inhulets,"RCMF, LCMF",31,0,,14,1000,0,0.29,0,0.48,14.94,57.23,Ukraine,Ukraine,right,175,73,no,12.87,8.28,68.48,2.88,43.75,1.89,1.94,0.54,5.31,5.46,1.71,2,0.18,1,0.09,0.27,0.0,0,0.0,0.03,0,0.0,7,0.63,14.29,0.0,0.0,0.36,50.0,0.0,0.0,0.36,50.0,0.0,0.09,0.0,0.54,50.0,0.54,0.0,0.0,22.77,0.18,0.36,32.67,85.4,10.8,67.5,6.66,97.3,10.08,91.07,27.45,91.8,4.86,51.85,18.72,35.76,0.04,0.36,0.0,0.0,0.09,0.0,0.18,6.03,67.16,0.99,63.64,0.54,33.33,0.72,0.27,5.49,65.57,0,,0,,0,0.0,0.0,0.0,,,1.08,,,0.0,0.0,0.0,0.0,0,0.0
G. Bukhal,Ulytau,Oleksandria,LCB,30,0,2026-12-31,2,191,0,0.06,0,0.0,22.15,70.21,Ukraine,Ukraine,left,190,75,no,9.9,7.07,80.0,11.31,70.83,0.94,1.13,0.0,3.3,3.96,1.88,0,0.0,0,0.0,0.0,0.0,0,0.0,0.03,0,0.0,2,0.94,0.0,0.0,0.0,0.0,0.0,0.0,0.0,0.0,0.0,0.0,0.0,0.0,0.0,0.0,0.0,0.47,0.0,17.91,0.94,0.47,33.93,87.5,18.85,80.0,0.94,50.0,12.25,100.0,27.8,93.22,6.13,61.54,24.18,35.22,0.0,0.0,0.0,0.0,0.0,0.0,0.0,5.18,72.73,0.0,0.0,0.0,0.0,0.0,0.0,10.84,86.96,0,,0,,0,0.0,0.0,0.0,,,0.47,,,0.47,0.47,0.0,0.0,0,0.0
N. Sichinava,Haka,Kolos Kovalivka,CF,31,0,2026-12-31,17,810,1,2.27,2,1.01,34.67,32.37,Georgia,"Georgia, Russia",right,185,68,no,4.22,3.89,45.71,8.78,31.65,0.56,0.74,0.11,1.89,2.52,3.11,3,0.33,0,0.0,3.67,0.11,1,0.11,0.25,0,0.0,16,1.78,18.75,6.25,0.22,1.56,35.71,1.0,33.33,0.44,50.0,0.11,5.22,48.94,14.22,34.38,5.56,1.22,0.78,10.89,2.44,1.89,20.56,71.89,3.33,56.67,5.44,91.84,6.44,68.97,18.89,75.29,0.22,50.0,13.39,5.19,0.11,1.44,0.0,0.0,0.22,100.0,0.33,1.56,64.29,1.0,55.56,0.11,100.0,0.78,0.33,0.78,85.71,0,,0,,0,0.0,0.0,0.0,,,0.0,,,0.0,0.0,0.0,0.0,0,0.0
H. Asmelash,Milsami,Inhulets,"RB, LB",26,0,2026-12-31,12,934,0,0.07,3,0.6,17.92,54.84,Netherlands,"Netherlands, Eritrea",right,177,75,no,9.54,8.58,60.67,2.51,46.15,0.77,0.92,0.29,3.57,4.27,0.87,0,0.0,0,0.0,2.02,0.0,0,0.0,0.01,0,0.0,3,0.29,33.33,0.0,0.29,2.6,33.33,0.48,40.0,2.12,31.82,0.19,1.83,47.37,3.08,50.0,0.29,1.25,1.06,19.27,2.51,0.58,29.39,77.38,10.5,66.97,5.01,100.0,10.12,76.19,22.07,86.9,4.82,56.0,21.29,28.73,0.06,0.77,0.0,0.19,0.29,66.67,0.48,4.34,68.89,3.57,54.05,0.67,57.14,0.77,1.06,7.13,72.97,0,,0,,0,0.0,0.0,0.0,,,0.96,,,0.0,0.0,0.0,0.0,0,0.0
O. De Rosario,Seattle Sounders,Rukh Lviv,CF,24,0,2029-06-30,2,79,0,0.0,0,0.06,21.65,36.84,Guyana,Guyana,,187,0,no,3.42,2.28,50.0,6.84,0.0,0.0,0.0,0.0,2.28,3.33,0.0,0,0.0,0,0.0,1.14,0.0,0,0.0,0.0,0,0.0,0,0.0,0.0,0.0,0.0,0.0,0.0,0.0,0.0,0.0,0.0,0.0,3.42,33.33,5.7,40.0,4.56,0.0,0.0,10.25,3.42,1.14,15.95,78.57,0.0,0.0,6.84,50.0,2.28,100.0,15.95,78.57,0.0,0.0,13.16,0.0,0.06,2.28,0.0,0.0,0.0,0.0,0.0,0.0,0.0,0.0,0.0,0.0,0.0,1.14,0.0,0.0,0.0,0,,0,,0,0.0,0.0,0.0,,,0.0,,,0.0,0.0,0.0,0.0,0,0.0
A. Smolyakov,Los Angeles FC,Inhulets,LB,23,0,2028-12-31,2,58,0,0.0,0,0.0,10.86,57.14,Ukraine,Ukraine,left,180,70,no,13.97,4.66,100.0,1.55,0.0,0.0,0.0,0.0,9.31,8.18,0.0,0,0.0,0,0.0,1.55,0.0,0,0.0,0.0,0,0.0,0,0.0,0.0,0.0,0.0,1.55,0.0,1.55,0.0,0.0,0.0,0.0,1.55,100.0,4.66,33.33,0.0,0.0,1.55,3.1,0.0,0.0,20.17,61.54,7.76,40.0,1.55,100.0,9.31,66.67,12.41,75.0,6.21,50.0,27.64,36.57,0.0,0.0,0.0,0.0,0.0,0.0,0.0,1.55,100.0,1.55,0.0,0.0,0.0,0.0,0.0,6.21,25.0,0,,0,,0,0.0,0.0,0.0,,,0.0,,,0.0,0.0,0.0,0.0,0,0.0
V. Veleten,Polissya,Kolos Kovalivka,"LAMF, RAMF, LW",23,0,2029-06-30,2,42,0,0.01,0,0.0,,,Ukraine,Ukraine,right,176,76,no,,,,,,,2.73,,,0.0,,0,,0,,,,0,,,0,,2,,,0.0,,,,,,,,,,,,,,,,,,,,,,,,,,,,,,,18.02,0.0,,,,,,,,,,,,,,,,,,0,,0,,0,0.0,0.0,,,,,,,,,,,0,0.0
Fabinho,Amazonas,Metalist 1925 Kharkiv,"CF, RB, LCMF",29,0,2026-06-30,15,931,0,0.75,2,1.52,29.39,44.08,Brazil,Brazil,right,186,79,no,10.05,9.86,56.86,3.09,28.13,0.58,0.69,0.29,3.87,4.62,2.61,5,0.48,0,0.0,3.48,0.0,0,0.0,0.07,0,0.0,6,0.58,0.0,0.0,0.19,1.26,38.46,0.19,0.0,1.06,45.45,0.1,4.83,56.0,12.86,41.35,1.16,1.06,0.48,23.1,1.64,1.64,33.83,84.57,8.12,72.62,7.64,89.87,10.92,92.92,30.84,87.77,1.74,61.11,17.81,20.02,0.15,0.68,0.0,0.1,0.68,42.86,0.48,3.58,83.78,1.16,75.0,0.29,33.33,0.48,0.48,4.54,70.21,0,,0,,0,0.0,0.0,0.0,,,0.1,,,0.0,0.0,0.0,0.0,0,0.0
Y. Protasov,Vitebsk,Metalist 1925 Kharkiv,RW,28,0,2026-12-31,15,943,0,1.56,1,0.26,15.27,41.88,Ukraine,Ukraine,left,168,0,no,3.63,3.82,50.0,1.34,28.57,0.0,0.0,0.1,1.72,2.07,0.57,1,0.1,0,0.0,2.48,0.0,0,0.0,0.15,0,0.0,15,1.43,20.0,0.0,0.1,1.15,33.33,0.29,66.67,0.76,25.0,0.0,3.15,54.55,7.16,45.33,2.58,3.24,2.0,18.9,1.34,1.24,27.01,81.63,5.44,63.16,8.97,96.81,7.06,83.78,24.81,85.77,1.24,38.46,15.44,18.17,0.02,0.38,0.1,0.0,0.38,25.0,0.19,2.1,72.73,2.2,69.57,0.19,0.0,1.24,0.29,4.2,77.27,0,,0,,0,0.0,0.0,0.0,,,0.19,,,0.0,0.0,0.0,1.05,0,0.0
B. Shust,,Inhulets,GK,40,0,,5,476,0,0.0,0,0.0,2.65,92.86,Ukraine,Ukraine,right,190,83,no,0.57,0.0,0.0,2.27,91.67,0.0,0.0,0.0,0.57,0.58,0.0,0,0.0,0,0.0,0.0,0.0,0,0.0,0.0,0,0.0,0,0.0,0.0,0.0,0.0,0.0,0.0,0.0,0.0,0.0,0.0,0.0,0.0,0.0,0.0,0.0,0.0,0.0,0.19,11.34,0.0,0.38,16.64,76.14,12.86,73.53,0.0,0.0,3.59,89.47,6.62,94.29,10.02,64.15,40.14,46.8,0.0,0.0,0.0,0.0,0.0,0.0,0.0,1.7,55.56,0.0,0.0,0.0,0.0,0.0,0.0,8.51,73.33,7,1.32,27,5.11,0,74.07,10.18,1.92,3.18,0.601,0.0,4.16,2.27,,,,0.0,0,0.0
V. Lysenko,Shturm Ivankiv,Kolos Kovalivka,CF,38,0,,16,852,2,3.51,0,0.19,27.46,33.08,Ukraine,Ukraine,left,185,82,no,3.59,2.43,43.48,8.66,28.05,0.53,0.64,0.11,2.01,2.43,1.37,4,0.42,0,0.0,1.58,0.21,2,0.21,0.37,0,0.0,25,2.64,36.0,8.0,0.0,0.21,0.0,0.21,0.0,0.0,0.0,0.0,1.27,50.0,11.09,37.14,3.38,0.21,0.0,10.56,2.32,2.43,19.54,78.38,3.8,61.11,5.92,87.5,4.33,82.93,18.59,80.68,0.74,42.86,13.73,11.9,0.02,1.16,0.0,0.0,0.11,0.0,0.0,1.58,73.33,0.42,50.0,0.11,0.0,0.21,0.0,1.69,56.25,0,,0,,0,0.0,0.0,0.0,,,0.0,,,0.11,0.11,0.0,0.0,0,0.0
M. Bartulović,,Inhulets,"LCMF, DMF, LDMF",39,0,,12,497,1,1.19,0,0.54,24.27,50.75,Bosnia and Herzegovina,"Bosnia and Herzegovina, Croatia",left,184,82,no,10.87,9.05,48.0,4.35,58.33,2.35,2.81,0.36,4.16,4.96,2.54,4,0.72,0,0.0,3.26,0.18,0,0.0,0.22,0,0.0,8,1.45,25.0,12.5,0.0,1.99,54.55,1.27,42.86,0.54,100.0,0.0,1.81,60.0,7.06,53.85,0.54,1.27,0.54,19.74,0.18,3.08,32.41,82.12,11.23,67.74,6.34,94.29,11.23,90.32,25.71,88.73,4.89,59.26,20.68,27.29,0.1,1.09,0.0,0.0,0.72,100.0,0.36,4.89,70.37,1.99,63.64,0.72,50.0,0.0,0.91,6.88,78.95,0,,0,,0,0.0,0.0,0.0,,,1.45,,,1.63,0.36,50.0,2.17,1,100.0
Y. Martynyuk,,Rukh Lviv,"LCB, DMF",37,0,,14,1185,1,0.12,0,0.0,13.06,62.79,Ukraine,Ukraine,left,181,74,no,9.34,5.39,70.42,3.19,64.29,0.68,0.75,0.84,4.86,5.36,0.84,3,0.23,0,0.0,0.68,0.08,1,0.08,0.01,0,0.0,3,0.23,100.0,33.333,0.0,0.08,100.0,0.08,100.0,0.0,0.0,0.0,0.61,50.0,1.9,44.0,0.08,0.53,0.08,34.33,0.3,0.99,46.86,83.63,18.53,69.26,3.95,88.46,20.51,95.93,37.9,90.38,8.89,54.7,22.89,42.43,0.0,0.0,0.08,0.0,0.08,100.0,0.08,7.67,57.43,0.76,40.0,0.84,27.27,0.23,0.08,8.51,72.32,0,,0,,0,0.0,0.0,0.0,,,1.9,,,0.08,0.08,100.0,0.0,0,0.0
V. Milko,,Kolos Kovalivka,"RCMF, DMF",39,0,,18,1499,1,1.93,0,0.04,11.17,52.69,Ukraine,Ukraine,right,182,76,no,6.54,3.54,52.54,2.52,54.76,1.2,1.53,0.3,3.48,4.43,0.72,1,0.06,0,0.0,0.66,0.06,0,0.0,0.12,0,0.0,12,0.72,33.33,8.333,0.0,0.42,28.57,0.06,0.0,0.36,33.33,0.06,0.48,50.0,2.04,47.06,0.66,0.48,0.06,23.48,0.3,1.2,37.22,85.48,11.53,73.44,5.28,94.32,14.41,90.83,32.66,90.99,4.2,48.57,18.5,27.43,0.0,0.18,0.0,0.0,0.24,25.0,0.06,6.3,67.62,0.9,20.0,0.36,16.67,0.12,0.06,5.22,81.61,0,,0,,0,0.0,0.0,0.0,,,0.48,,,0.0,0.0,0.0,0.0,1,100.0
D. Sydorenko,,Metalist 1925 Kharkiv,GK,37,0,,15,1438,0,0.0,0,0.0,1.0,100.0,Ukraine,Ukraine,right,190,85,no,1.88,0.19,100.0,0.5,100.0,0.0,0.0,0.0,1.69,1.98,0.0,1,0.06,0,0.0,0.0,0.0,0,0.0,0.0,0,0.0,0,0.0,0.0,0.0,0.0,0.0,0.0,0.0,0.0,0.0,0.0,0.0,0.0,0.0,0.06,100.0,0.06,0.0,0.0,10.45,0.44,0.38,15.21,84.36,8.26,78.03,0.06,100.0,6.32,92.08,10.64,96.47,4.57,56.16,29.77,42.95,0.0,0.0,0.0,0.06,0.0,0.0,0.0,0.81,30.77,0.06,0.0,0.06,0.0,0.0,0.0,3.38,59.26,25,1.56,78,4.88,2,67.95,21.03,1.32,-3.97,-0.248,0.0,1.56,0.5,,,,0.0,0,0.0
V. Gavrysh,,Kolos Kovalivka,"RCB, LCB",40,0,,6,491,0,0.22,0,0.22,12.46,58.82,Ukraine,Ukraine,right,182,78,no,8.8,6.05,60.61,3.3,61.11,0.18,0.22,0.0,4.95,5.91,0.92,1,0.18,0,0.0,0.18,0.0,0,0.0,0.04,0,0.0,3,0.55,0.0,0.0,0.0,0.18,100.0,0.18,100.0,0.0,0.0,0.0,0.0,0.0,0.37,50.0,0.37,1.83,0.55,30.06,0.18,0.37,43.08,85.96,19.06,76.92,1.47,75.0,18.88,95.15,35.01,91.1,7.88,62.79,23.71,34.46,0.04,0.37,0.0,0.0,0.0,0.0,0.18,8.43,71.74,0.37,50.0,0.0,0.0,0.0,0.18,11.91,81.54,0,,0,,0,0.0,0.0,0.0,,,0.92,,,0.18,0.18,0.0,0.0,0,0.0
V. Fedorchuk,,Rukh Lviv,LCMF,37,0,,15,1288,2,0.37,0,1.29,15.51,51.8,Ukraine,Ukraine,right,178,70,no,7.55,4.68,58.21,3.84,52.73,1.12,1.37,0.28,3.7,4.54,1.61,5,0.35,0,0.0,1.47,0.14,2,0.14,0.03,0,0.0,11,0.77,36.36,18.182,0.0,1.05,40.0,0.56,50.0,0.49,28.57,0.07,0.84,50.0,3.07,50.0,0.63,0.98,0.42,36.06,1.33,1.54,51.01,83.56,15.86,67.4,8.52,94.26,20.82,90.6,44.3,89.59,5.73,45.12,19.09,34.46,0.09,1.05,0.0,0.0,0.7,50.0,0.35,8.8,66.67,2.73,33.33,1.82,23.08,0.84,0.35,6.36,79.12,0,,0,,0,0.0,0.0,0.0,,,0.7,,,0.42,0.28,25.0,0.49,0,0.0
V. Pavlov,,Inhulets,"LCB, RCB",37,0,,3,229,0,0.01,0,0.0,11.4,68.97,Ukraine,Ukraine,right,185,79,no,7.47,5.11,84.62,2.36,50.0,0.0,0.0,0.39,3.14,2.7,0.39,1,0.39,0,0.0,0.39,0.0,0,0.0,0.01,0,0.0,1,0.39,100.0,0.0,0.0,0.0,0.0,0.0,0.0,0.0,0.0,0.0,0.0,0.0,1.18,33.33,0.39,0.0,0.0,12.97,0.39,1.57,24.37,82.26,8.25,66.67,3.93,100.0,9.04,91.3,20.04,86.27,4.32,63.64,20.44,37.39,0.0,0.0,0.0,0.0,0.0,0.0,0.0,1.57,25.0,0.0,0.0,0.0,0.0,0.0,0.0,4.32,54.55,0,,0,,0,0.0,0.0,0.0,,,2.36,,,0.0,0.0,0.0,0.0,0,0.0
V. Lupashko,,Inhulets,"RCMF, DMF",39,0,,4,332,0,0.02,0,0.04,17.08,73.02,Ukraine,Ukraine,right,178,71,no,13.01,10.03,78.38,1.08,50.0,0.27,0.26,0.0,4.88,4.7,1.63,0,0.0,0,0.0,0.0,0.0,0,0.0,0.0,0,0.0,1,0.27,0.0,0.0,0.0,0.27,0.0,0.27,0.0,0.0,0.0,0.0,0.0,0.0,2.17,62.5,0.27,0.0,0.0,15.72,0.54,2.17,28.19,85.58,9.22,67.65,4.34,100.0,7.32,88.89,24.67,90.11,3.52,53.85,16.36,28.77,0.01,0.27,0.0,0.0,0.0,0.0,0.0,2.44,55.56,0.54,0.0,0.0,0.0,0.0,0.0,2.71,70.0,0,,0,,0,0.0,0.0,0.0,,,2.17,,,0.0,0.0,0.0,0.0,0,0.0
Y. Novak,,Kolos Kovalivka,"LCB, RCB",37,0,,9,716,1,0.5,0,0.02,10.81,59.3,Ukraine,Ukraine,right,186,79,no,7.16,4.65,62.16,4.15,63.64,0.0,0.0,0.75,4.27,4.64,0.75,1,0.13,0,0.0,0.25,0.13,1,0.13,0.06,0,0.0,1,0.13,100.0,100.0,0.0,0.0,0.0,0.0,0.0,0.0,0.0,0.0,0.25,50.0,0.5,75.0,0.63,0.38,0.13,21.37,0.25,0.5,32.05,89.41,10.94,71.26,1.63,100.0,17.22,99.27,27.28,93.09,4.78,68.42,20.91,27.57,0.0,0.13,0.0,0.0,0.25,0.0,0.0,3.02,54.17,0.38,0.0,0.38,33.33,0.0,0.0,5.41,67.44,0,,0,,0,0.0,0.0,0.0,,,1.13,,,0.0,0.0,0.0,0.0,0,0.0
Y. Potimkov,Kudrivka,Metalist 1925 Kharkiv,LCB,23,0,2027-06-30,1,12,0,0.0,0,0.0,,,Ukraine,Ukraine,right,192,82,no,,,,,,,0.0,,,0.0,,0,,0,,,,0,,,0,,0,,,0.0,,,,,,,,,,,,,,,,,,,,,,,,,,,,,,,23.07,37.5,,,,,,,,,,,,,,,,,,0,,0,,0,0.0,0.0,,,,,,,,,,,0,0.0
V. Ostrovskyi,Kolkheti Poti,Metalist 1925 Kharkiv,CF,21,0,2026-12-31,1,7,0,0.25,0,0.0,,,Ukraine,Ukraine,right,185,74,no,,,,,,,0.0,,,0.0,,0,,0,,,,0,,,0,,2,,,0.0,,,,,,,,,,,,,,,,,,,,,,,,,,,,,,,0.0,0.0,,,,,,,,,,,,,,,,,,0,,0,,0,0.0,0.0,,,,,,,,,,,0,0.0
O. Golodyuk,,Metalist 1925 Kharkiv,LCMF,38,0,,12,852,1,0.87,0,0.11,10.67,43.56,Ukraine,Ukraine,right,180,73,no,6.23,4.75,42.22,1.16,36.36,1.27,1.46,0.21,2.96,3.41,1.16,4,0.42,0,0.0,0.74,0.11,1,0.11,0.09,0,0.0,5,0.53,60.0,20.0,0.0,0.21,0.0,0.21,0.0,0.0,0.0,0.0,0.53,80.0,1.37,53.85,1.27,0.21,0.21,23.87,0.63,0.74,31.9,83.44,8.45,71.25,8.66,92.68,9.19,82.76,30.11,86.32,1.58,40.0,15.74,23.56,0.01,0.42,0.0,0.0,0.32,0.0,0.0,2.11,55.0,0.85,25.0,0.32,0.0,0.21,0.0,2.43,69.57,0,,0,,0,0.0,0.0,0.0,,,0.42,,,0.21,0.21,50.0,0.21,0,0.0
A. Zapadnya,,Metalist 1925 Kharkiv,LB,36,0,,12,1073,1,0.24,0,0.6,17.36,52.17,Ukraine,Ukraine,left,183,75,no,10.32,7.47,60.67,2.43,55.17,0.59,0.68,0.34,5.2,6.04,1.26,4,0.34,0,0.0,1.26,0.08,1,0.08,0.02,0,0.0,2,0.17,50.0,50.0,0.0,1.43,35.29,1.43,35.29,0.0,0.0,0.34,1.09,46.15,3.44,43.9,0.59,0.42,0.08,30.28,1.68,0.5,41.1,79.18,16.27,74.23,6.79,92.59,11.16,81.2,36.23,83.56,3.77,51.11,17.53,32.97,0.05,0.25,0.0,0.0,0.34,50.0,0.17,5.87,65.71,2.01,62.5,0.5,50.0,0.75,0.42,9.23,68.18,0,,0,,0,0.0,0.0,0.0,,,0.34,,,0.0,0.0,0.0,0.0,0,0.0
V. Ponomar,,Metalist 1925 Kharkiv,CF,36,0,,1,14,0,0.0,0,0.0,,,Ukraine,Ukraine,both,183,82,no,,,,,,,0.0,,,0.0,,0,,0,,,,0,,,0,,0,,,0.0,,,,,,,,,,,,,,,,,,,,,,,,,,,,,,,0.0,0.0,,,,,,,,,,,,,,,,,,0,,0,,0,0.0,0.0,,,,,,,,,,,0,0.0
Y. Batyushyn,Sokół Sieniawa,Metalist 1925 Kharkiv,"LW, LCMF, AMF",33,0,,15,936,3,1.61,2,1.41,17.79,47.03,Ukraine,Ukraine,right,180,64,no,5.96,5.67,66.1,1.44,26.67,0.0,0.0,0.1,2.21,2.6,0.58,1,0.1,0,0.0,2.98,0.29,3,0.29,0.16,0,0.0,13,1.25,69.23,23.077,0.19,0.96,20.0,0.67,28.57,0.29,0.0,0.0,1.83,73.68,6.06,41.27,1.92,1.63,1.44,29.23,1.92,1.54,37.31,75.52,12.21,62.2,8.46,92.05,11.35,77.97,33.56,80.23,2.79,37.93,17.0,21.05,0.14,1.25,0.0,0.0,1.44,40.0,0.48,5.58,68.97,2.5,53.85,1.44,40.0,1.25,0.1,7.5,66.67,0,,0,,0,0.0,0.0,0.0,,,0.38,,,0.38,0.1,0.0,1.83,1,0.0
S. Chenbay,Atlet Kyiv,Metalist 1925 Kharkiv,"LB, LCB",33,0,2026-06-30,12,1058,0,0.36,0,0.31,17.52,56.8,Ukraine,Ukraine,left,185,80,no,10.63,7.57,67.42,1.96,52.17,1.11,1.38,0.51,4.42,5.51,0.94,4,0.34,0,0.0,2.04,0.0,0,0.0,0.03,0,0.0,3,0.26,33.33,0.0,0.0,1.36,43.75,1.28,46.67,0.09,0.0,0.09,2.13,60.0,4.68,50.91,0.17,2.3,0.77,38.28,1.11,1.79,49.42,82.44,20.67,72.02,4.76,91.07,17.52,92.23,41.77,89.0,6.29,47.3,18.97,33.5,0.03,0.34,0.0,0.0,0.17,50.0,0.26,7.74,58.24,2.04,54.17,1.02,33.33,1.02,0.6,9.02,67.92,0,,0,,0,0.0,0.0,0.0,,,0.68,,,0.0,0.0,0.0,0.0,0,0.0
A. Dovbyk,Roma,Dnipro-1,CF,28,0,2029-06-30,17,1598,13,15.42,4,2.02,23.65,34.05,Ukraine,Ukraine,left,189,88,no,2.76,1.91,70.59,5.13,41.76,0.0,0.0,0.11,1.41,2.03,1.86,2,0.11,0,0.0,4.28,0.73,10,0.56,0.87,1,0.06,81,4.56,53.09,16.049,0.23,0.39,0.0,0.23,0.0,0.17,0.0,0.11,3.04,53.7,11.38,26.24,6.36,1.3,1.07,12.67,2.93,0.62,19.54,73.49,3.21,57.89,5.41,83.33,5.18,71.74,19.09,75.22,0.06,0.0,13.12,3.14,0.11,1.18,0.06,0.0,0.68,33.33,0.62,1.41,48.0,1.01,61.11,0.51,44.44,1.41,0.0,1.46,57.69,0,,0,,0,0.0,0.0,0.0,,,0.0,,,0.28,0.28,60.0,0.0,4,75.0
D. Ignatenko,Slovan Bratislava,Dnipro-1,"DMF, RCMF, RDMF",29,0,2027-06-30,14,1104,3,1.37,0,0.25,15.24,54.01,Ukraine,Ukraine,right,189,84,no,10.03,5.63,49.28,3.34,70.73,1.88,2.74,0.33,5.38,7.86,1.39,5,0.41,0,0.0,1.47,0.24,3,0.24,0.11,0,0.0,21,1.71,42.86,14.286,0.0,0.08,100.0,0.0,0.0,0.08,100.0,0.0,0.98,58.33,2.53,51.61,0.49,0.49,0.41,39.78,0.24,1.14,53.32,87.77,14.27,68.57,8.64,97.17,24.7,95.05,49.4,89.6,3.83,63.83,19.54,29.96,0.02,0.24,0.08,0.08,0.24,33.33,0.0,7.17,62.5,0.65,50.0,0.82,30.0,0.33,0.0,5.79,74.65,0,,0,,0,0.0,0.0,0.0,,,0.82,,,0.08,0.0,0.0,0.0,0,0.0
O. Nazarenko,Polissya,Dnipro-1,"LW, LAMF, RW",26,0,2028-06-30,16,1028,2,1.81,3,0.97,15.93,39.01,Ukraine,Ukraine,left,173,57,no,5.25,3.85,52.27,2.28,42.31,0.88,1.32,0.26,2.36,3.57,0.79,3,0.26,0,0.0,3.59,0.18,2,0.18,0.16,0,0.0,24,2.1,29.17,8.333,0.26,3.24,32.43,2.63,33.33,0.61,28.57,0.35,4.03,45.65,7.18,39.02,3.33,1.58,1.14,22.76,1.4,1.05,27.32,76.92,5.25,65.0,9.63,95.45,7.88,74.44,23.2,84.15,1.14,46.15,18.68,12.91,0.08,0.79,0.09,0.0,0.09,100.0,0.61,2.28,65.38,2.45,57.14,0.09,100.0,0.88,1.14,3.94,86.67,0,,0,,0,0.0,0.0,0.0,,,0.26,,,0.09,0.0,0.0,0.53,0,0.0
D. Kryskiv,Shakhtar Donetsk,Metalist 1925 Kharkiv,RCMF,25,0,2030-12-31,16,1416,2,2.34,0,0.52,16.46,46.72,Ukraine,Ukraine,right,180,67,no,6.23,6.55,54.37,1.4,27.27,0.25,0.3,0.13,2.42,2.88,1.4,2,0.13,0,0.0,2.22,0.13,2,0.13,0.15,0,0.0,17,1.08,35.29,11.765,0.0,0.76,41.67,0.06,100.0,0.7,36.36,0.06,1.78,71.43,5.91,46.24,1.33,1.4,1.59,23.96,0.57,1.27,34.19,84.2,7.94,68.0,5.91,94.62,13.54,91.55,31.59,86.12,2.1,66.67,17.33,36.19,0.03,0.57,0.0,0.0,1.02,25.0,0.13,3.88,73.77,1.4,50.0,0.95,13.33,0.38,0.19,3.88,72.13,0,,0,,0,0.0,0.0,0.0,,,0.0,,,0.06,0.0,0.0,0.0,0,0.0
O. Prytula,Rukh Lviv,Rukh Lviv,"RCMF, LCMF",25,0,,12,582,0,0.41,0,0.19,18.71,43.8,Ukraine,Ukraine,left,174,60,no,8.66,7.58,48.98,3.56,21.74,1.24,1.37,0.31,3.71,4.11,1.7,2,0.31,0,0.0,2.01,0.0,0,0.0,0.06,0,0.0,9,1.39,33.33,0.0,0.0,0.93,33.33,0.46,0.0,0.46,66.67,0.0,1.7,54.55,4.18,59.26,2.01,0.62,0.62,21.8,0.46,1.7,31.08,80.1,9.43,67.21,6.8,90.91,8.97,82.76,26.29,86.47,3.87,48.0,17.62,19.75,0.03,0.46,0.0,0.0,0.46,66.67,0.15,4.79,64.52,2.01,46.15,0.62,50.0,0.62,0.31,4.79,80.65,0,,0,,0,0.0,0.0,0.0,,,0.31,,,0.93,0.0,0.0,0.77,0,0.0
V. Roman,Rukh Lviv,Rukh Lviv,"LB, RB",23,0,2028-06-30,6,503,0,0.32,0,0.31,18.07,57.43,Ukraine,Ukraine,right,179,72,no,10.56,8.95,64.0,2.15,41.67,0.36,0.4,0.54,4.47,5.03,0.89,0,0.0,0,0.0,2.33,0.0,0,0.0,0.06,0,0.0,6,1.07,16.67,0.0,0.0,1.43,50.0,0.72,50.0,0.72,50.0,0.18,2.86,43.75,5.55,48.39,0.72,0.89,1.61,15.03,1.07,1.07,24.16,76.3,9.48,62.26,5.73,93.75,5.73,81.25,19.32,80.56,3.4,63.16,20.0,20.51,0.06,0.89,0.0,0.0,0.72,25.0,0.36,3.22,50.0,1.25,57.14,0.18,0.0,0.18,0.89,4.65,61.54,0,,0,,0,0.0,0.0,0.0,,,0.18,,,0.0,0.0,0.0,0.0,0,0.0
E. Kuliev,Iberia 1999,Minaj,"CF, AMF, LW",24,0,2026-12-31,16,1314,0,1.9,0,1.32,26.51,38.5,Ukraine,"Ukraine, Azerbaijan",right,176,71,no,7.47,6.58,50.0,3.15,36.96,1.37,1.57,0.07,2.81,3.21,2.33,6,0.41,1,0.07,3.15,0.0,0,0.0,0.13,0,0.0,18,1.23,38.89,0.0,0.0,1.71,24.0,0.89,7.69,0.82,41.67,0.07,4.18,49.18,11.51,36.9,1.71,2.67,1.58,12.88,1.37,1.51,23.49,72.89,6.85,59.0,5.0,89.04,6.58,80.21,21.1,78.25,0.82,33.33,16.49,19.57,0.09,0.68,0.0,0.0,0.75,27.27,0.41,2.19,62.5,1.92,35.71,0.62,22.22,0.41,0.41,3.01,52.27,0,,0,,0,0.0,0.0,0.0,,,0.07,,,0.07,0.0,0.0,0.68,0,0.0
D. Alefirenko,Kolos Kovalivka,Zorya,LWF,26,0,2028-06-30,1,3,0,0.0,0,0.0,,,Ukraine,Ukraine,right,176,70,no,,,,,,,0.0,,,0.0,,0,,0,,,,0,,,0,,0,,,0.0,,,,,,,,,,,,,,,,,,,,,,,,,,,,,,,0.0,0.0,,,,,,,,,,,,,,,,,,0,,0,,0,0.0,0.0,,,,,,,,,,,0,0.0
Y. Belych,,Desna,AMF,25,0,,1,6,0,0.0,0,0.0,,,Ukraine,Ukraine,,174,66,no,,,,,,,0.0,,,0.0,,0,,0,,,,0,,,0,,0,,,0.0,,,,,,,,,,,,,,,,,,,,,,,,,,,,,,,11.08,0.0,,,,,,,,,,,,,,,,,,0,,0,,0,0.0,0.0,,,,,,,,,,,0,0.0
Y. Konoplya,Shakhtar Donetsk,Shakhtar Donetsk,RB,26,0,2029-06-30,9,434,1,1.52,4,1.55,14.93,61.11,Ukraine,Ukraine,right,175,70,no,7.67,7.05,70.59,1.04,60.0,0.41,0.83,0.21,2.28,4.58,1.24,0,0.0,0,0.0,4.35,0.21,1,0.21,0.31,1,0.21,8,1.66,37.5,12.5,0.83,6.01,31.03,0.0,0.0,5.81,32.14,0.83,2.28,81.82,3.11,60.0,6.22,1.24,1.04,34.84,0.62,0.62,44.79,83.8,7.67,75.68,9.33,93.33,16.18,83.33,38.16,92.39,0.83,50.0,16.54,10.87,0.32,1.45,0.0,0.21,0.41,0.0,1.24,3.11,86.67,3.73,50.0,0.21,0.0,2.28,1.87,4.15,80.0,0,,0,,0,0.0,0.0,0.0,,,0.41,,,0.0,0.0,0.0,0.0,0,0.0
Bill,Nova Iguaçu,Dnipro-1,"LW, LAMF",27,0,,11,223,1,0.89,0,0.04,32.69,49.38,Brazil,Brazil,right,175,68,no,11.3,11.3,57.14,2.42,50.0,0.81,1.25,0.0,4.04,6.25,2.42,0,0.0,0,0.0,8.07,0.4,1,0.4,0.36,0,0.0,13,5.25,61.54,7.692,0.0,1.61,0.0,1.21,0.0,0.0,0.0,0.4,10.09,48.0,16.14,42.5,4.04,4.04,1.61,23.41,4.04,1.21,28.25,81.43,8.88,81.82,5.25,100.0,8.88,81.82,23.81,93.22,2.83,28.57,16.79,14.21,0.01,0.81,0.0,0.0,0.0,0.0,0.4,3.63,100.0,2.02,80.0,0.81,0.0,1.21,0.0,6.86,82.35,0,,0,,0,0.0,0.0,0.0,,,0.0,,,1.61,0.4,100.0,1.61,0,0.0
Renan Oliveira,Kauno Žalgiris,Kolos Kovalivka,"CF, LWF",29,0,2027-12-31,17,785,2,2.08,1,1.37,19.72,31.98,Brazil,Brazil,left,186,88,no,3.9,3.1,62.96,6.99,24.59,0.0,0.0,0.23,1.95,2.45,1.61,2,0.23,0,0.0,2.52,0.23,2,0.23,0.24,1,0.11,21,2.41,33.33,9.524,0.11,1.49,30.77,0.8,14.29,0.69,50.0,0.23,2.06,55.56,6.08,33.96,3.67,0.8,0.57,11.12,2.06,0.57,18.34,68.75,3.67,50.0,4.59,82.5,6.08,71.7,16.05,73.57,0.92,37.5,15.62,17.04,0.16,0.69,0.0,0.11,0.11,100.0,0.34,1.83,68.75,1.15,40.0,0.11,100.0,0.46,0.34,2.41,61.9,0,,0,,0,0.0,0.0,0.0,,,0.0,,,0.23,0.23,50.0,0.0,0,0.0
Gerson Rodrigues,Vardar,Dynamo Kyiv,"LAMF, LW",31,0,2027-06-30,3,149,0,0.4,0,0.12,25.97,32.56,Portugal,"Portugal, Luxembourg",right,188,82,no,4.23,3.62,66.67,1.81,33.33,0.6,1.25,0.0,1.21,2.5,0.0,0,0.0,0,0.0,4.83,0.0,0,0.0,0.24,0,0.0,5,3.02,20.0,0.0,0.0,2.42,25.0,2.42,25.0,0.0,0.0,0.6,6.64,45.45,16.91,25.0,2.42,4.23,2.42,19.33,1.21,0.6,33.83,80.36,4.83,50.0,9.06,93.33,13.89,82.61,27.79,86.96,3.62,66.67,20.85,41.48,0.07,1.81,0.0,0.0,0.6,100.0,0.6,1.21,50.0,5.44,44.44,1.81,33.33,3.02,0.6,5.44,88.89,0,,0,,0,0.0,0.0,0.0,,,0.6,,,0.0,0.0,0.0,0.6,0,0.0
M. Shestakov,Vilkhivtsi,Veres,CF,36,0,2027-06-30,14,532,3,1.89,0,0.18,34.34,30.05,Ukraine,Ukraine,right,175,72,no,4.4,5.08,46.67,8.8,34.62,0.34,0.39,0.17,1.69,1.95,2.71,1,0.17,0,0.0,1.69,0.51,3,0.51,0.32,1,0.17,8,1.35,50.0,37.5,0.0,0.51,0.0,0.17,0.0,0.17,0.0,0.0,2.71,37.5,13.2,24.36,3.55,1.18,1.35,9.14,1.35,1.35,16.75,79.8,4.4,61.54,4.74,92.86,2.54,80.0,16.24,82.29,0.0,0.0,13.13,0.0,0.03,0.34,0.17,0.0,0.0,0.0,0.0,1.69,50.0,0.51,0.0,0.0,0.0,0.85,0.0,0.68,100.0,0,,0,,0,0.0,0.0,0.0,,,0.0,,,0.0,0.0,0.0,0.0,0,0.0
M. Ćuže,Zrinjski,Dnipro-1,"LW, LAMF, RW",27,0,2027-06-30,14,600,2,3.55,2,0.95,15.3,37.25,Croatia,"Croatia, Bosnia and Herzegovina",right,188,80,no,3.9,3.3,50.0,1.65,63.64,0.0,0.0,0.0,2.25,3.33,0.6,0,0.0,0,0.0,2.4,0.3,1,0.15,0.53,0,0.0,17,2.55,29.41,11.765,0.3,0.75,40.0,0.6,50.0,0.15,0.0,0.0,3.3,31.82,7.5,26.0,3.45,2.25,1.35,21.0,1.2,0.15,27.75,75.14,6.45,60.47,5.25,88.57,10.35,79.71,26.4,75.57,0.75,80.0,14.93,9.26,0.14,0.75,0.0,0.15,0.6,50.0,0.3,3.6,70.83,1.35,66.67,0.45,33.33,0.9,0.3,4.05,74.07,0,,0,,0,0.0,0.0,0.0,,,0.15,,,0.0,0.0,0.0,0.0,1,100.0
A. Remenyuk,Avia Świdnik,FC Kharkiv,"LW, RW",27,0,2029-06-30,17,1002,1,0.79,1,1.28,20.66,46.52,Ukraine,Ukraine,right,169,64,no,7.54,6.83,57.89,2.34,19.23,0.27,0.33,0.0,3.32,4.05,0.81,4,0.36,0,0.0,4.31,0.09,1,0.09,0.07,0,0.0,14,1.26,28.57,7.143,0.09,4.04,28.89,2.69,23.33,1.35,40.0,0.45,4.67,57.69,8.53,51.58,1.98,2.69,1.71,24.88,2.25,0.54,37.1,74.33,7.99,69.66,8.62,91.67,11.59,71.32,31.44,80.57,1.62,66.67,20.59,18.02,0.11,1.62,0.0,0.0,0.63,14.29,0.72,2.6,65.52,3.86,48.84,0.54,16.67,0.99,1.26,6.47,68.06,0,,0,,0,0.0,0.0,0.0,,,0.0,,,0.0,0.0,0.0,0.45,0,0.0
H. Sudakov,Benfica,Shakhtar Donetsk,"AMF, RCMF",23,0,2029-06-30,10,523,4,1.03,1,1.15,14.8,40.7,Ukraine,Ukraine,right,177,63,no,3.1,3.27,57.89,1.38,25.0,0.0,0.0,0.0,1.2,2.73,1.72,0,0.0,0,0.0,2.93,0.69,4,0.69,0.18,0,0.0,14,2.41,28.57,28.571,0.17,0.86,40.0,0.86,40.0,0.0,0.0,0.0,2.41,50.0,6.88,32.5,4.65,1.55,1.2,40.96,0.52,0.17,50.25,86.3,9.64,66.07,11.53,95.52,15.83,88.04,48.87,88.03,0.52,0.0,14.51,10.64,0.2,1.38,0.0,0.0,2.58,26.67,0.52,2.93,76.47,4.47,50.0,1.72,0.0,2.58,0.34,4.13,87.5,0,,0,,0,0.0,0.0,0.0,,,0.0,,,0.52,0.0,0.0,2.58,0,0.0
S. Panasenko,Vilkhivtsi,Veres,"AMF, LCMF, CF",34,0,2027-06-30,16,1069,1,0.9,0,1.83,16.75,40.7,Ukraine,Ukraine,left,172,66,no,5.81,4.04,50.0,1.52,33.33,0.84,0.91,0.17,2.95,3.19,1.52,5,0.42,0,0.0,2.1,0.08,1,0.08,0.08,0,0.0,15,1.26,26.67,6.667,0.0,1.01,50.0,0.84,50.0,0.17,50.0,0.51,2.61,45.16,6.99,40.96,1.09,1.09,1.09,15.32,0.84,1.26,26.18,75.24,8.42,65.0,5.14,86.89,8.0,80.0,22.23,79.17,2.95,54.29,17.63,32.3,0.15,1.35,0.17,0.0,0.42,20.0,0.17,4.04,64.58,2.1,52.0,0.84,40.0,0.59,0.51,4.97,67.8,0,,0,,0,0.0,0.0,0.0,,,0.17,,,1.35,0.25,0.0,1.6,0,0.0
D. Nemchaninov,Vilkhivtsi,Veres,LB,36,0,2027-06-30,17,1613,1,0.68,2,0.73,13.73,57.72,Ukraine,Ukraine,left,189,82,no,9.82,5.64,63.37,3.52,71.43,0.78,0.86,0.33,5.47,6.05,0.95,3,0.17,1,0.06,0.95,0.06,1,0.06,0.04,0,0.0,11,0.61,27.27,9.091,0.11,1.56,25.0,1.56,25.0,0.0,0.0,0.11,0.56,50.0,1.56,39.29,1.23,0.22,0.22,21.15,0.78,0.28,32.31,75.99,15.18,70.22,5.86,94.29,7.03,73.81,24.77,84.68,6.19,53.15,20.48,36.34,0.04,0.28,0.06,0.0,0.17,66.67,0.11,4.3,64.94,1.39,36.0,0.73,46.15,0.28,0.39,7.87,63.83,0,,0,,0,0.0,0.0,0.0,,,0.84,,,0.0,0.0,0.0,0.0,0,0.0
M. Kovalenko,Probiy Horodenka,FC Kharkiv,GK,24,0,2027-06-30,1,99,0,0.0,0,0.0,0.91,0.0,Ukraine,Ukraine,right,192,83,no,0.0,0.91,0.0,0.0,0.0,0.0,0.0,0.0,0.0,0.0,0.91,1,0.91,0,0.0,0.0,0.0,0,0.0,0.0,0,0.0,0,0.0,0.0,0.0,0.0,0.0,0.0,0.0,0.0,0.0,0.0,0.0,0.0,0.0,0.0,0.0,0.0,0.0,0.0,17.27,0.0,0.0,20.0,81.82,7.27,75.0,0.0,0.0,10.91,83.33,14.55,93.75,5.45,50.0,28.81,46.11,0.0,0.0,0.0,0.0,0.0,0.0,0.0,0.91,0.0,0.0,0.0,0.0,0.0,0.0,0.0,3.64,25.0,2,1.82,8,7.27,0,75.0,2.23,2.03,0.23,0.209,0.0,0.91,0.0,,,,0.0,0,0.0
D. Savin,Bukovyna Chernivtsi II,Mariupol,CF,21,0,2027-06-30,1,47,0,0.0,0,0.0,15.32,37.5,Ukraine,Ukraine,right,181,68,no,1.91,1.91,100.0,3.83,0.0,0.0,0.0,0.0,0.0,0.0,0.0,0,0.0,0,0.0,0.0,0.0,0,0.0,0.0,0,0.0,0,0.0,0.0,0.0,0.0,0.0,0.0,0.0,0.0,0.0,0.0,0.0,1.91,0.0,1.91,0.0,0.0,0.0,0.0,1.91,0.0,1.91,3.83,50.0,0.0,0.0,3.83,50.0,0.0,0.0,3.83,50.0,0.0,0.0,18.48,0.0,0.0,0.0,0.0,0.0,0.0,0.0,0.0,0.0,0.0,0.0,0.0,0.0,0.0,0.0,0.0,1.91,0.0,0,,0,,0,0.0,0.0,0.0,,,0.0,,,0.0,0.0,0.0,0.0,0,0.0
P. Dolgov,,Chornomorets,RB,26,0,,2,81,0,0.09,0,0.0,24.44,59.09,Ukraine,Ukraine,right,178,0,no,10.0,11.11,50.0,3.33,33.33,0.0,0.0,0.0,4.44,5.45,3.33,0,0.0,0,0.0,3.33,0.0,0,0.0,0.1,0,0.0,1,1.11,0.0,0.0,0.0,3.33,0.0,0.0,0.0,3.33,0.0,0.0,5.56,60.0,6.67,66.67,3.33,2.22,2.22,17.78,2.22,2.22,23.33,76.19,7.78,85.71,3.33,66.67,7.78,85.71,17.78,93.75,2.22,50.0,25.0,18.21,0.0,0.0,0.0,0.0,0.0,0.0,0.0,1.11,100.0,1.11,0.0,0.0,0.0,0.0,0.0,5.56,80.0,0,,0,,0,0.0,0.0,0.0,,,1.11,,,0.0,0.0,0.0,0.0,0,0.0
H. Bushchan,Polissya,Dynamo Kyiv,GK,32,0,2028-06-30,15,1449,0,0.0,0,0.0,0.31,80.0,Ukraine,Ukraine,right,196,84,no,0.99,0.0,0.0,0.25,100.0,0.0,0.0,0.0,0.99,1.6,0.0,1,0.06,0,0.0,0.0,0.0,0,0.0,0.0,0,0.0,0,0.0,0.0,0.0,0.0,0.0,0.0,0.0,0.0,0.0,0.0,0.0,0.06,0.0,0.06,0.0,0.0,0.0,0.0,14.66,0.19,0.12,19.25,91.61,10.5,86.98,0.0,0.0,8.32,97.76,14.16,97.37,5.09,75.61,28.93,47.78,0.0,0.0,0.0,0.0,0.0,0.0,0.0,1.18,52.63,0.0,0.0,0.06,0.0,0.0,0.0,4.53,80.82,9,0.56,28,1.74,8,67.86,8.6,0.53,-0.4,-0.025,0.0,0.68,0.25,,,,0.0,0,0.0
R. Miroshnyk,,Veres,RCB,32,0,,17,1617,0,0.66,0,0.07,11.19,61.69,Ukraine,Ukraine,right,183,78,no,8.91,3.84,66.67,4.01,54.17,0.28,0.31,0.61,6.07,6.74,0.61,1,0.06,0,0.0,0.11,0.0,0,0.0,0.04,0,0.0,5,0.28,40.0,0.0,0.0,0.0,0.0,0.0,0.0,0.0,0.0,0.0,0.0,0.0,0.61,54.55,0.28,0.22,0.0,17.14,0.11,0.89,28.44,80.82,12.52,62.67,2.17,97.44,11.74,96.21,22.37,89.55,6.07,48.62,22.47,35.55,0.0,0.06,0.0,0.0,0.06,0.0,0.0,3.51,58.73,0.45,12.5,0.28,40.0,0.0,0.0,5.45,53.06,0,,0,,0,0.0,0.0,0.0,,,1.89,,,0.0,0.0,0.0,0.0,0,0.0
V. Bondar,Shakhtar Donetsk U21,Shakhtar Donetsk,RCB,27,0,2031-07-31,7,447,0,0.56,0,0.0,15.1,61.33,Ukraine,Ukraine,right,186,73,no,8.46,5.23,73.08,5.64,50.0,0.6,1.23,1.01,4.03,8.22,2.01,1,0.2,0,0.0,0.2,0.0,0,0.0,0.11,0,0.0,2,0.4,0.0,0.0,0.0,0.0,0.0,0.0,0.0,0.0,0.0,0.0,0.2,100.0,0.6,66.67,0.81,2.82,0.0,56.58,0.2,0.0,71.68,96.35,27.18,95.56,2.01,90.0,32.01,98.11,71.48,96.62,0.2,0.0,15.14,4.76,0.0,0.0,0.0,0.0,0.2,0.0,0.0,15.91,96.2,0.0,0.0,0.2,0.0,0.0,0.0,9.87,83.67,0,,0,,0,0.0,0.0,0.0,,,1.61,,,0.0,0.0,0.0,0.0,0,0.0
