Player,Team,Team within selected timeframe,Position,Age,Market value,Contract expires,Matches played,Minutes played,Goals,xG,Assists,xA,Duels per 90,"Duels won, %",Birth country,Passport country,Foot,Height,Weight,On loan,Successful defensive actions per 90,Defensive duels per 90,"Defensive duels won, %",Aerial duels per 90,"Aerial duels won, %",Sliding tackles per 90,PAdj Sliding tackles,Shots blocked per 90,Interceptions per 90,PAdj Interceptions,Fouls per 90,Yellow cards,Yellow cards per 90,Red cards,Red cards per 90,Successful attacking actions per 90,Goals per 90,Non-penalty goals,Non-penalty goals per 90,xG per 90,Head goals,Head goals per 90,Shots,Shots per 90,"Shots on target, %","Goal conversion, %",Assists per 90,Crosses per 90,"Accurate crosses, %",Crosses from left flank per 90,"Accurate crosses from left flank, %",Crosses from right flank per 90,"Accurate crosses from right flank, %",Crosses to goalie box per 90,Dribbles per 90,"Successful dribbles, %",Offensive duels per 90,"Offensive duels won, %",Touches in box per 90,Progressive runs per 90,Accelerations per 90,Received passes per 90,Received long passes per 90,Fouls suffered per 90,Passes per 90,"Accurate passes, %",Forward passes per 90,"Accurate forward passes, %",Back passes per 90,"Accurate back passes, %",Lateral passes per 90,"Accurate lateral passes, %",Short / medium passes per 90,"Accurate short / medium passes, %",Long passes per 90,"Accurate long passes, %","Average pass length, m","Average long pass length, m",xA per 90,Shot assists per 90,Second assists per 90,Third assists per 90,Smart passes per 90,"Accurate smart passes, %",Key passes per 90,Passes to final third per 90,"Accurate passes to final third, %",Passes to penalty area per 90,"Accurate passes to penalty area, %",Through passes per 90,"Accurate through passes, %",Deep completions per 90,Deep completed crosses per 90,Progressive passes per 90,"Accurate progressive passes, %",Conceded goals,Conceded goals per 90,Shots against,Shots against per 90,Clean sheets,"Save rate, %",xG against,xG against per 90,Prevented goals,Prevented goals per 90,Back passes received as GK per 90,Exits per 90,Aerial duels per 90.1,Free kicks per 90,Direct free kicks per 90,"Direct free kicks on target, %",Corners per 90,Penalties taken,"Penalty conversion, %"
Cho Gue-Sung,Midtjylland,Jeonbuk Motors,CF,28,4500000,2028-06-30,12,974,5,4.48,0,1.29,26.33,38.25,Korea Republic,Korea Republic,right,189,82,no,3.7,2.96,56.25,10.72,48.28,0.09,0.14,0.09,1.94,3.01,1.66,0,0.0,0,0.0,2.86,0.46,4,0.37,0.41,2,0.18,28,2.59,46.43,17.857,0.0,1.2,53.85,0.74,62.5,0.46,40.0,0.0,1.85,50.0,7.11,27.27,4.62,0.55,0.28,14.23,2.13,0.83,20.7,78.13,3.6,58.97,7.11,88.31,4.71,84.31,19.4,80.0,0.18,50.0,15.13,7.74,0.12,1.48,0.09,0.0,0.37,25.0,0.55,1.48,62.5,1.76,68.42,0.37,25.0,1.02,0.55,1.57,82.35,0,,0,,0,0.0,0.0,0.0,,,0.18,,,0.0,0.0,0.0,0.0,1,100.0
Yang Hyun-Jun,Celtic,Gangwon,"CF, RW, RWF",24,2000000,2030-06-30,21,1809,1,3.14,1,0.92,25.52,42.11,Korea Republic,Korea Republic,right,179,69,no,7.11,6.47,61.54,4.38,35.23,0.6,0.67,0.05,2.54,2.86,1.29,1,0.05,0,0.0,2.89,0.05,1,0.05,0.16,0,0.0,24,1.19,20.83,4.167,0.05,0.95,26.32,0.4,37.5,0.55,18.18,0.1,4.38,51.14,11.09,34.98,2.04,1.34,1.04,19.25,1.19,1.44,28.36,76.84,6.42,62.02,7.41,88.59,7.36,77.03,27.01,78.82,0.55,54.55,14.33,20.91,0.05,0.7,0.0,0.05,0.25,60.0,0.35,2.44,71.43,1.29,50.0,0.25,40.0,0.55,0.25,2.49,64.0,0,,0,,0,0.0,0.0,0.0,,,0.1,,,0.0,0.0,0.0,0.05,0,0.0
V. Qazaishvili,Shandong Taishan,Ulsan Hyundai,"LAMF, AMF, LW",33,1800000,,35,2472,11,9.78,1,3.07,23.19,39.09,Georgia,Georgia,right,174,74,no,4.62,4.19,66.09,1.27,37.14,0.0,0.0,0.07,1.86,2.91,0.4,1,0.04,0,0.0,4.41,0.4,10,0.36,0.36,0,0.0,80,2.91,42.5,13.75,0.04,1.27,31.43,0.62,29.41,0.58,25.0,0.11,4.62,53.54,14.64,34.58,3.39,3.02,0.76,33.5,1.35,1.02,42.85,87.85,7.83,73.95,10.96,95.68,13.47,90.0,40.19,90.67,1.49,56.1,15.54,20.79,0.11,0.95,0.04,0.0,0.73,40.0,0.51,3.6,77.78,2.62,59.72,0.87,37.5,1.78,0.4,3.39,82.8,0,,0,,0,0.0,0.0,0.0,,,0.0,,,0.0,0.0,0.0,0.11,1,100.0
Jung Seung-Hyun,Ulsan Hyundai,Ulsan Hyundai,RCB,32,1800000,,23,1923,1,1.18,0,0.05,12.07,61.63,Korea Republic,Korea Republic,right,188,74,no,8.47,4.49,68.75,4.63,61.62,0.37,0.54,0.84,5.01,7.17,0.7,4,0.19,0,0.0,0.56,0.05,1,0.05,0.06,0,0.0,8,0.37,50.0,12.5,0.0,0.47,40.0,0.05,0.0,0.42,44.44,0.05,0.37,50.0,1.22,42.31,0.37,1.54,0.42,47.69,0.51,0.33,61.73,90.6,22.75,81.89,2.71,94.83,30.09,96.27,54.38,94.41,6.93,64.19,19.77,36.76,0.0,0.05,0.0,0.05,0.0,0.0,0.0,9.17,78.06,0.98,28.57,0.47,30.0,0.14,0.14,10.9,78.54,0,,0,,0,0.0,0.0,0.0,,,1.97,,,0.0,0.0,0.0,0.0,0,0.0
Hwang Ui-Jo,Alanyaspor,Seoul,CF,33,1800000,2027-06-30,18,1545,4,4.71,2,0.84,15.55,36.7,Korea Republic,Korea Republic,right,185,75,no,3.15,2.74,59.57,2.1,27.78,0.0,0.0,0.12,1.51,2.1,0.58,1,0.06,0,0.0,3.09,0.23,3,0.17,0.27,0,0.0,41,2.39,43.9,9.756,0.12,1.05,22.22,0.12,0.0,0.87,20.0,0.06,2.74,57.45,7.75,39.1,3.32,0.93,0.58,18.87,1.34,1.17,23.3,82.25,4.02,60.87,8.16,96.43,6.93,80.67,21.26,86.85,1.11,47.37,17.48,27.76,0.05,0.64,0.06,0.0,0.47,50.0,0.35,2.27,56.41,1.11,42.11,0.58,30.0,0.52,0.17,1.75,76.67,0,,0,,0,0.0,0.0,0.0,,,0.06,,,0.0,0.0,0.0,0.0,1,100.0
N. Boateng,,Jeonbuk Motors,"RCMF, RDMF, DMF",32,1700000,,13,1093,1,1.28,0,0.6,19.43,56.36,Ghana,Ghana,right,180,72,no,11.94,8.98,74.31,2.55,32.26,1.07,1.45,0.49,4.2,5.69,0.91,1,0.08,0,0.0,2.55,0.08,1,0.08,0.11,0,0.0,12,0.99,25.0,8.333,0.0,0.66,62.5,0.16,50.0,0.49,66.67,0.0,1.89,78.26,5.52,44.78,0.58,0.99,0.25,42.82,0.16,0.58,60.03,85.6,20.01,75.31,7.82,97.89,24.7,92.0,52.62,89.98,6.92,54.76,19.79,38.74,0.05,0.74,0.0,0.08,0.82,50.0,0.16,13.34,72.22,2.22,51.85,1.73,33.33,1.24,0.16,10.46,84.25,0,,0,,0,0.0,0.0,0.0,,,0.41,,,0.0,0.0,0.0,0.0,0,0.0
Cho Yu-Min,,Daejeon Citizen,"CB, RCB",29,1500000,,21,1954,2,1.46,1,1.01,15.52,58.16,Korea Republic,Korea Republic,right,182,78,no,10.64,5.02,64.22,6.59,60.14,0.32,0.43,0.6,7.09,9.45,0.74,5,0.23,0,0.0,0.74,0.09,2,0.09,0.07,2,0.09,12,0.55,50.0,16.667,0.05,0.0,0.0,0.0,0.0,0.0,0.0,0.0,0.69,60.0,1.61,37.14,0.64,1.2,0.05,38.14,0.32,0.32,55.23,87.41,23.86,76.83,3.59,98.72,22.15,96.26,47.03,92.75,8.2,56.74,20.94,36.16,0.05,0.23,0.09,0.0,0.18,25.0,0.09,6.54,67.61,0.74,43.75,0.64,42.86,0.37,0.0,10.04,73.85,0,,0,,0,0.0,0.0,0.0,,,2.35,,,0.0,0.0,0.0,0.0,0,0.0
Young-Jun Goh,Gangwon,Pohang Steelers,"AMF, CF",25,1500000,2028-06-30,28,2200,8,6.63,1,2.07,15.42,45.89,Korea Republic,Korea Republic,right,172,69,no,4.99,3.93,64.58,1.72,23.81,0.08,0.12,0.16,2.37,3.37,0.57,0,0.0,0,0.0,3.23,0.33,8,0.33,0.27,0,0.0,50,2.05,54.0,16.0,0.04,1.35,24.24,0.49,25.0,0.78,26.32,0.2,2.74,58.21,7.08,45.09,3.03,1.06,0.7,17.26,1.06,1.55,23.15,74.91,5.65,60.87,6.1,90.6,5.2,74.8,20.99,79.14,0.9,50.0,15.03,17.58,0.08,0.82,0.04,0.0,0.49,41.67,0.2,2.25,65.45,1.76,41.86,0.65,37.5,0.78,0.25,2.29,62.5,0,,0,,0,0.0,0.0,0.0,,,0.04,,,0.57,0.04,0.0,1.23,0,0.0
Park Yong-Woo,,Ulsan Hyundai,"RDMF, LDMF, RCMF",32,1500000,,19,1534,1,1.06,1,0.66,21.12,52.78,Korea Republic,Korea Republic,right,188,79,no,9.45,7.74,63.64,5.16,51.14,0.06,0.08,0.23,4.46,6.2,1.17,3,0.18,0,0.0,0.82,0.06,1,0.06,0.06,1,0.06,9,0.53,11.11,11.111,0.06,0.47,50.0,0.12,50.0,0.35,50.0,0.06,0.82,50.0,4.4,40.0,0.53,1.17,0.23,58.32,0.23,1.11,77.56,89.11,21.83,78.23,11.38,94.33,30.74,94.08,70.17,91.47,6.92,67.8,18.28,35.08,0.04,0.41,0.0,0.0,0.35,33.33,0.18,11.97,80.88,1.29,36.36,0.7,33.33,0.47,0.23,10.44,73.03,0,,0,,0,0.0,0.0,0.0,,,0.59,,,0.0,0.0,0.0,0.0,0,0.0
D. Bojanić,Ulsan Hyundai,Ulsan Hyundai,"LDMF, LCMF",31,1400000,2027-12-31,9,396,0,0.29,1,0.54,19.32,51.76,Sweden,"Sweden, Bosnia and Herzegovina",right,186,74,no,11.59,8.41,67.57,1.14,0.0,1.59,2.23,0.0,4.32,6.06,1.36,0,0.0,0,0.0,2.5,0.0,0,0.0,0.07,0,0.0,3,0.68,33.33,0.0,0.23,1.14,40.0,0.23,100.0,0.91,25.0,0.23,2.73,33.33,5.91,46.15,0.45,1.36,0.68,71.82,1.14,1.14,89.55,90.61,20.45,83.33,15.45,98.53,38.86,92.4,83.86,92.95,4.55,60.0,17.25,28.1,0.12,2.05,0.0,0.0,1.59,57.14,0.91,10.91,81.25,3.18,71.43,2.05,33.33,1.82,0.45,9.55,73.81,0,,0,,0,0.0,0.0,0.0,,,0.45,,,0.91,0.23,100.0,3.64,0,0.0
Seol Young-Woo,Crvena Zvezda,Ulsan Hyundai,"RB, LB",27,1400000,2027-06-30,32,2814,3,2.6,3,3.96,14.81,54.64,Korea Republic,Korea Republic,right,182,72,no,7.61,4.93,61.04,1.54,52.08,0.32,0.46,0.19,4.29,6.2,0.45,6,0.19,0,0.0,3.29,0.1,3,0.1,0.08,0,0.0,26,0.83,42.31,11.538,0.1,2.11,48.48,0.29,55.56,1.76,45.45,0.22,2.94,64.13,6.56,52.2,1.79,1.79,0.7,47.94,3.07,1.57,61.12,89.95,15.35,78.96,13.3,96.88,20.57,94.25,55.14,93.79,3.9,58.2,17.3,34.26,0.13,0.86,0.06,0.06,0.16,20.0,0.45,5.63,82.39,2.27,71.83,0.26,62.5,1.06,0.9,7.45,73.82,0,,0,,0,0.0,0.0,0.0,,,1.12,,,0.0,0.0,0.0,0.0,0,0.0
G. Ludwigson,Daejeon Citizen,Ulsan Hyundai,"LAMF, RAMF, LW",32,1300000,2026-12-31,27,1779,6,4.88,3,1.09,23.58,38.84,Sweden,Sweden,right,182,75,no,8.75,7.34,64.83,5.01,33.33,0.1,0.14,0.2,3.9,5.35,1.32,3,0.15,0,0.0,2.48,0.3,6,0.3,0.25,0,0.0,36,1.82,50.0,16.667,0.15,1.97,38.46,1.16,34.78,0.81,43.75,0.15,2.38,31.91,7.49,24.32,4.1,1.21,0.46,19.12,1.72,0.25,27.22,73.23,6.12,51.24,8.3,89.63,6.37,71.43,24.38,77.59,0.96,36.84,15.46,16.47,0.06,0.4,0.05,0.05,0.35,14.29,0.3,0.96,42.11,2.02,55.0,0.3,16.67,0.91,0.66,3.04,55.0,0,,0,,0,0.0,0.0,0.0,,,0.1,,,0.0,0.0,0.0,0.0,0,0.0
Um Won-Sang,Daejeon Citizen,Ulsan Hyundai,"RAMF, RW",27,1200000,,28,1944,4,5.3,4,3.29,14.21,43.0,Korea Republic,Korea Republic,right,173,63,no,4.26,3.47,65.33,2.41,28.85,0.0,0.0,0.09,1.99,2.96,0.42,1,0.05,0,0.0,3.47,0.19,4,0.19,0.25,0,0.0,39,1.81,35.9,10.256,0.19,2.59,30.36,0.0,0.0,2.5,29.63,0.37,3.66,48.1,6.3,39.71,4.4,2.45,1.25,20.6,1.57,0.83,25.19,77.39,4.63,70.0,7.55,91.41,6.02,71.54,22.22,83.13,0.56,50.0,14.36,13.36,0.15,1.16,0.0,0.0,0.51,54.55,0.79,0.74,62.5,2.22,60.42,0.23,40.0,1.11,0.93,2.78,61.67,0,,0,,0,0.0,0.0,0.0,,,0.05,,,0.0,0.0,0.0,0.0,0,0.0
Song Min-Kyu,Seoul,Jeonbuk Motors,"LW, CF, LAMF",26,1200000,,30,2103,7,5.14,3,4.76,24.35,38.49,Korea Republic,Korea Republic,right,179,72,no,5.44,5.73,57.46,2.1,32.65,0.17,0.22,0.04,1.97,2.56,1.07,2,0.09,0,0.0,3.51,0.3,7,0.3,0.22,0,0.0,34,1.46,47.06,20.588,0.13,2.14,42.0,1.71,32.5,0.39,77.78,0.43,3.89,45.05,12.24,33.22,2.78,1.54,0.86,17.46,1.24,1.03,26.32,74.63,6.98,65.64,5.91,89.13,7.7,71.11,22.0,79.57,2.27,56.6,17.09,34.66,0.2,1.33,0.09,0.0,0.6,28.57,0.73,2.87,58.21,3.08,52.78,0.9,38.1,1.24,0.86,3.68,80.23,0,,0,,0,0.0,0.0,0.0,,,0.0,,,0.0,0.0,0.0,0.17,0,0.0
J. Asani,,Gwangju,RW,31,1000000,,33,2328,7,2.82,3,4.46,22.85,36.89,North Macedonia,"North Macedonia, Albania",left,175,68,no,6.15,6.57,53.53,1.28,30.3,0.0,0.0,0.0,2.63,3.66,1.28,6,0.23,0,0.0,4.72,0.27,7,0.27,0.11,0,0.0,67,2.59,34.33,10.448,0.12,2.78,38.89,0.15,0.0,2.63,41.18,0.58,6.8,36.36,12.56,30.77,2.51,2.32,0.93,20.68,1.78,1.16,26.4,80.97,4.18,67.59,7.69,94.47,9.66,80.4,22.54,86.79,1.12,65.52,17.82,20.3,0.17,1.51,0.04,0.08,0.5,53.85,0.43,1.7,72.73,3.02,57.69,0.7,44.44,1.01,1.16,3.75,84.54,0,,0,,0,0.0,0.0,0.0,,,0.23,,,1.31,0.39,40.0,3.02,0,0.0
Tiago Orobó,Jeonbuk Motors,Daejeon Citizen,CF,32,1000000,,36,2844,17,12.8,5,2.29,26.33,37.98,Brazil,Brazil,right,190,75,no,3.7,2.72,60.47,12.28,41.75,0.28,0.37,0.16,1.77,2.28,1.39,4,0.13,0,0.0,1.61,0.54,15,0.47,0.41,4,0.13,71,2.25,35.21,23.944,0.16,0.22,28.57,0.13,50.0,0.09,0.0,0.0,1.36,51.16,5.57,27.84,3.32,0.6,0.25,9.68,2.25,0.73,15.41,66.53,3.54,58.93,4.4,79.86,3.89,65.85,14.97,67.23,0.22,57.14,15.24,9.0,0.07,0.51,0.09,0.0,0.32,20.0,0.32,1.68,54.72,0.95,46.67,0.28,11.11,0.66,0.06,1.42,66.67,0,,0,,0,0.0,0.0,0.0,,,0.0,,,0.13,0.13,0.0,0.0,2,100.0
Lee Han-Beom,Club Brugge,Seoul,RCB,24,1000000,2027-06-30,18,1654,0,1.13,1,0.53,17.58,55.11,Korea Republic,Korea Republic,right,190,84,no,9.47,6.64,58.2,5.55,56.86,0.6,0.93,0.44,5.01,7.77,1.25,5,0.27,0,0.0,0.22,0.0,0,0.0,0.06,0,0.0,7,0.38,14.29,0.0,0.05,0.11,0.0,0.0,0.0,0.11,0.0,0.0,0.22,50.0,1.36,44.0,0.65,0.54,0.0,67.31,0.44,0.44,82.55,93.34,35.26,87.65,2.29,97.62,37.65,98.41,77.54,95.86,4.9,55.56,19.92,41.04,0.03,0.05,0.0,0.0,0.11,50.0,0.05,8.65,79.25,0.38,28.57,0.27,20.0,0.16,0.0,12.52,83.04,0,,0,,0,0.0,0.0,0.0,,,1.74,,,0.0,0.0,0.0,0.05,0,0.0
Na Sang-Ho,Fagiano Okayama,Seoul,"RW, RAMF, LW",30,1000000,2027-01-31,38,3263,12,8.21,3,4.32,20.74,36.97,Korea Republic,Korea Republic,right,173,70,no,4.8,4.41,56.88,2.57,32.26,0.19,0.27,0.03,2.1,2.97,0.77,1,0.03,0,0.0,3.64,0.33,10,0.28,0.23,0,0.0,74,2.04,31.08,16.216,0.08,2.51,40.66,0.86,48.39,1.65,36.67,0.17,4.77,41.04,11.09,30.1,2.98,2.26,1.71,20.74,1.6,1.08,26.12,76.87,4.99,58.56,8.05,94.18,6.79,73.98,23.06,81.82,0.61,36.36,15.28,14.86,0.12,1.02,0.03,0.0,0.28,10.0,0.58,1.93,60.0,2.4,50.57,0.25,11.11,0.83,0.97,3.03,76.36,0,,0,,0,0.0,0.0,0.0,,,0.08,,,0.19,0.14,40.0,0.25,3,66.667
Lee Dong-Gyeong,Ulsan Hyundai,Ulsan Hyundai,"AMF, LDMF, RDMF",28,1000000,,9,551,2,1.15,1,1.42,15.19,51.61,Korea Republic,Korea Republic,left,175,68,no,8.82,7.02,72.09,1.31,12.5,0.65,1.0,0.0,3.1,4.75,0.98,1,0.16,0,0.0,3.59,0.33,2,0.33,0.19,0,0.0,16,2.61,43.75,12.5,0.16,1.47,44.44,0.65,50.0,0.65,50.0,0.16,2.29,64.29,5.23,40.63,2.12,0.98,0.33,30.05,0.65,0.16,36.75,87.11,8.17,76.0,8.33,94.12,12.74,92.31,33.16,90.15,2.12,69.23,17.48,26.4,0.23,1.14,0.16,0.16,0.33,100.0,0.16,3.76,82.61,1.63,70.0,0.16,100.0,0.82,0.65,4.74,75.86,0,,0,,0,0.0,0.0,0.0,,,0.33,,,1.31,0.0,0.0,3.1,0,0.0
Paik Seung-Ho,Birmingham City,Jeonbuk Motors,"RCMF, LCMF, LDMF",29,1000000,2028-06-30,27,2324,3,2.02,1,4.57,15.22,53.69,Korea Republic,Korea Republic,right,182,78,no,7.36,5.38,67.63,2.87,51.35,0.58,0.75,0.46,3.14,4.06,0.81,3,0.12,0,0.0,2.4,0.12,3,0.12,0.08,0,0.0,31,1.2,41.94,9.677,0.04,1.36,42.86,0.81,42.86,0.5,38.46,0.08,1.74,64.44,5.03,45.38,0.77,1.05,0.54,35.86,0.54,0.7,48.37,86.63,13.44,74.93,8.29,94.86,18.32,92.18,43.57,90.58,3.56,54.35,18.47,34.64,0.18,1.47,0.04,0.04,0.46,41.67,0.39,7.9,78.92,3.02,52.56,1.43,45.95,1.08,0.5,6.47,82.04,0,,0,,0,0.0,0.0,0.0,,,0.31,,,1.9,0.27,85.71,3.6,0,0.0
Park Seung-Wook,Shimizu S-Pulse,Pohang Steelers,RB,29,900000,,32,3007,1,0.8,1,1.41,15.53,56.45,Korea Republic,Korea Republic,right,184,78,no,8.59,7.27,71.19,2.72,41.76,0.21,0.29,0.09,3.2,4.46,0.78,5,0.15,0,0.0,1.29,0.03,1,0.03,0.02,1,0.03,10,0.3,20.0,10.0,0.03,1.98,43.94,0.12,75.0,1.86,41.94,0.12,0.45,80.0,2.87,46.88,0.45,1.14,0.48,46.03,2.33,1.02,57.53,84.6,19.04,71.54,6.67,96.41,24.45,90.94,48.37,90.84,7.3,53.28,20.7,37.0,0.04,0.6,0.0,0.03,0.06,0.0,0.21,7.93,64.91,2.27,47.37,0.75,52.0,0.39,0.84,10.36,74.57,0,,0,,0,0.0,0.0,0.0,,,0.69,,,0.0,0.0,0.0,0.0,0,0.0
Ha Chang-Rae,Daejeon Citizen,Pohang Steelers,RCB,31,900000,2026-12-31,29,2534,2,0.76,0,0.04,13.28,58.56,Korea Republic,Korea Republic,right,188,82,no,9.66,5.47,66.23,4.37,55.28,0.28,0.39,0.67,5.75,7.86,1.17,6,0.21,2,0.07,0.36,0.07,2,0.07,0.03,2,0.07,6,0.21,33.33,33.333,0.0,0.11,66.67,0.0,0.0,0.11,66.67,0.0,0.28,75.0,1.28,33.33,0.39,0.43,0.04,43.61,0.5,0.39,57.36,91.33,18.75,79.92,2.27,95.31,30.15,98.23,51.36,95.3,5.93,57.49,22.05,40.34,0.0,0.07,0.04,0.0,0.04,0.0,0.0,4.12,61.21,0.32,11.11,0.21,16.67,0.0,0.0,7.07,68.34,0,,0,,0,0.0,0.0,0.0,,,1.6,,,0.0,0.0,0.0,0.0,0,0.0
Jo Hyeon-Woo,Ulsan Hyundai,Ulsan Hyundai,GK,34,900000,,36,3572,0,0.0,0,0.13,0.58,73.91,Korea Republic,Korea Republic,right,189,75,no,0.86,0.15,66.67,0.35,85.71,0.03,0.04,0.0,0.73,1.04,0.0,1,0.03,0,0.0,0.0,0.0,0,0.0,0.0,0,0.0,0,0.0,0.0,0.0,0.0,0.0,0.0,0.0,0.0,0.0,0.0,0.0,0.0,0.0,0.0,0.0,0.0,0.0,0.0,12.7,0.13,0.08,16.63,93.94,7.16,88.38,0.0,0.0,8.82,98.57,13.48,98.32,3.15,75.2,26.5,39.04,0.0,0.03,0.0,0.0,0.0,0.0,0.03,0.66,61.54,0.05,50.0,0.08,0.0,0.03,0.0,2.19,78.16,38,0.96,148,3.73,13,74.32,37.64,0.95,-0.36,-0.009,0.0,0.96,0.35,,,,0.0,0,0.0
Kim Moon-Hwan,Daejeon Citizen,Jeonbuk Motors,"RB, RWB",31,850000,2027-12-31,11,942,0,0.08,0,0.41,11.85,47.58,Korea Republic,Korea Republic,right,173,64,no,7.45,4.78,62.0,1.05,54.55,0.38,0.53,0.29,4.11,5.66,0.67,1,0.1,1,0.1,1.53,0.0,0,0.0,0.01,0,0.0,2,0.19,0.0,0.0,0.0,1.82,52.63,0.0,0.0,1.82,52.63,0.1,1.05,54.55,3.44,27.78,0.76,0.86,0.48,29.43,2.1,0.48,39.08,84.11,11.75,71.54,9.27,91.75,10.41,88.99,34.01,88.2,3.63,60.53,17.24,37.37,0.04,0.38,0.1,0.0,0.0,0.0,0.19,4.68,77.55,1.91,55.0,0.38,25.0,0.48,0.86,7.17,77.33,0,,0,,0,0.0,0.0,0.0,,,0.86,,,0.0,0.0,0.0,0.0,0,0.0
Joo Min-Kyu,Daejeon Citizen,Ulsan Hyundai,CF,36,850000,2026-12-31,36,2641,17,14.76,2,1.85,21.5,33.28,Korea Republic,Korea Republic,right,183,79,no,2.39,2.28,53.73,5.83,33.33,0.14,0.2,0.14,1.02,1.49,0.92,5,0.17,0,0.0,2.04,0.58,14,0.48,0.5,2,0.07,70,2.39,51.43,24.286,0.07,0.07,0.0,0.0,0.0,0.07,0.0,0.0,1.4,56.1,9.17,30.11,3.99,0.34,0.07,10.53,1.29,1.47,15.3,79.96,2.9,57.65,5.21,91.5,3.37,76.77,14.76,80.37,0.48,78.57,13.66,10.1,0.06,0.48,0.03,0.03,0.37,9.09,0.17,1.33,64.1,0.75,63.64,0.48,21.43,0.99,0.0,1.09,62.5,0,,0,,0,0.0,0.0,0.0,,,0.0,,,0.0,0.0,0.0,0.0,4,75.0
Gustavo,Henan,Jeonbuk Motors,CF,32,850000,,30,1548,6,8.27,0,1.51,33.02,40.32,Brazil,Brazil,right,189,83,no,5.23,4.3,54.05,14.42,47.98,0.81,1.03,0.23,2.09,2.64,1.63,2,0.12,0,0.0,2.5,0.35,3,0.17,0.48,1,0.06,38,2.21,50.0,15.789,0.0,0.64,36.36,0.17,33.33,0.41,42.86,0.12,2.15,43.24,8.55,27.89,3.6,0.64,0.17,10.0,2.09,1.16,16.34,66.55,4.24,47.95,3.95,92.65,4.24,64.38,15.29,68.44,0.58,40.0,16.34,14.41,0.09,0.58,0.0,0.0,0.52,44.44,0.23,1.92,39.39,1.51,42.31,0.29,40.0,0.7,0.17,1.45,60.0,0,,0,,0,0.0,0.0,0.0,,,0.0,,,0.0,0.0,0.0,0.0,3,100.0
P. M'Poku,Al Batin,Incheon United,"CF, RCMF, RWF",34,800000,,24,1459,3,4.71,2,1.25,22.21,46.39,Congo DR,"Congo DR, Belgium",right,180,79,no,6.17,3.82,69.35,4.63,42.67,0.56,0.67,0.19,2.96,3.58,0.62,5,0.31,0,0.0,3.82,0.19,2,0.12,0.29,0,0.0,27,1.67,33.33,11.111,0.12,1.54,40.0,0.31,40.0,1.23,40.0,0.06,3.7,56.67,11.1,41.11,1.85,1.79,0.43,33.13,1.3,1.6,47.5,82.47,15.05,70.08,9.81,94.34,13.14,87.79,42.56,85.65,3.52,61.4,15.94,31.87,0.08,0.86,0.0,0.0,0.93,60.0,0.56,7.46,72.73,3.08,56.0,1.48,54.17,1.54,0.56,7.83,81.89,0,,0,,0,0.0,0.0,0.0,,,0.12,,,0.31,0.12,50.0,0.25,1,100.0
V. Gutkovskis,Arka Gdynia,Daejeon Citizen,CF,31,800000,2028-06-30,3,193,0,0.47,0,0.0,29.84,29.69,Latvia,Latvia,left,187,82,no,3.73,0.93,50.0,10.73,43.48,0.47,0.79,0.0,2.8,4.74,2.33,1,0.47,0,0.0,1.4,0.0,0,0.0,0.22,0,0.0,3,1.4,33.33,0.0,0.0,0.47,0.0,0.0,0.0,0.47,0.0,0.0,3.73,25.0,11.19,16.67,4.66,0.47,0.0,4.2,0.47,2.33,8.86,73.68,0.93,100.0,5.13,81.82,1.87,75.0,7.93,82.35,0.47,0.0,14.15,0.45,0.0,0.0,0.0,0.0,0.0,0.0,0.0,0.93,50.0,0.0,0.0,0.0,0.0,0.0,0.0,0.0,0.0,0,,0,,0,0.0,0.0,0.0,,,0.0,,,0.0,0.0,0.0,0.0,0,0.0
D. Kim,Gangwon,Gangwon,"LW, RW, LWF",29,800000,,35,2746,4,3.52,4,7.28,15.08,38.91,Korea Republic,Korea Republic,right,171,65,no,4.92,4.33,59.09,1.64,12.0,0.07,0.08,0.0,2.29,2.73,0.69,1,0.03,0,0.0,3.31,0.13,4,0.13,0.12,0,0.0,45,1.47,46.67,8.889,0.13,2.75,32.14,1.7,32.69,1.05,31.25,0.62,3.05,50.54,6.42,35.2,1.87,1.87,1.15,23.47,2.0,0.46,32.28,74.31,7.93,63.22,8.16,91.97,9.41,73.17,28.02,80.0,1.67,43.14,17.51,30.78,0.24,1.93,0.03,0.0,0.43,46.15,0.43,2.72,54.22,3.18,56.7,0.56,23.53,1.11,1.02,5.18,70.25,0,,0,,0,0.0,0.0,0.0,,,0.03,,,1.61,0.16,40.0,3.74,0,0.0
M. Ádám,,Ulsan Hyundai,CF,31,800000,,30,1405,5,6.3,3,1.68,25.43,34.26,Hungary,Hungary,left,190,95,no,2.31,2.18,35.29,9.99,39.1,0.13,0.19,0.13,1.41,2.14,1.73,7,0.45,0,0.0,1.99,0.32,4,0.26,0.4,2,0.13,40,2.56,42.5,12.5,0.19,0.0,0.0,0.0,0.0,0.0,0.0,0.0,0.9,71.43,7.62,29.41,3.52,0.38,0.06,12.17,1.09,0.9,17.36,77.86,3.59,57.14,4.61,93.06,4.42,76.81,17.17,77.61,0.19,100.0,13.12,3.71,0.11,0.83,0.0,0.06,0.45,57.14,0.51,1.15,66.67,1.15,72.22,0.45,57.14,1.09,0.0,1.54,66.67,0,,0,,0,0.0,0.0,0.0,,,0.06,,,0.06,0.06,0.0,0.0,1,100.0
A. Esaka,Fagiano Okayama,Ulsan Hyundai,"AMF, RAMF",34,800000,,21,1445,3,2.16,3,1.91,17.07,47.08,Japan,Japan,right,175,68,no,6.48,6.91,63.96,2.93,44.68,0.06,0.08,0.0,1.99,2.71,1.0,0,0.0,0,0.0,2.55,0.19,3,0.19,0.13,1,0.06,24,1.49,45.83,12.5,0.19,2.43,30.77,1.18,36.84,1.18,26.32,0.37,1.87,46.67,5.23,29.76,2.62,0.69,0.12,29.09,1.12,0.56,37.68,76.2,11.15,65.36,7.47,92.5,11.46,75.0,32.82,82.35,2.62,38.1,17.17,31.64,0.12,0.93,0.0,0.0,0.69,36.36,0.56,5.73,63.04,3.8,47.54,1.12,27.78,1.43,0.69,5.79,81.72,0,,0,,0,0.0,0.0,0.0,,,0.19,,,0.25,0.0,0.0,0.44,0,0.0
Ju-sung Kim,Sanfrecce Hiroshima,Seoul,LCB,25,800000,,37,3601,2,2.44,1,0.06,13.52,60.07,Korea Republic,Korea Republic,left,189,76,no,7.97,5.2,65.38,5.3,60.38,0.22,0.31,0.62,4.35,6.06,0.7,4,0.1,0,0.0,0.25,0.05,2,0.05,0.06,1,0.02,13,0.32,53.85,15.385,0.02,0.1,25.0,0.1,25.0,0.0,0.0,0.02,0.1,50.0,0.9,36.11,0.57,0.32,0.1,51.59,0.47,0.32,65.96,94.13,22.54,89.02,3.0,93.33,32.94,98.25,62.28,95.71,3.6,68.06,18.92,34.69,0.0,0.07,0.0,0.0,0.0,0.0,0.0,4.77,85.86,0.12,40.0,0.02,0.0,0.07,0.02,7.2,65.28,0,,0,,0,0.0,0.0,0.0,,,1.65,,,0.0,0.0,0.0,0.0,0,0.0
André Luis,Vila Nova,Jeonbuk Motors,"CF, RAMF, RW",29,800000,2026-11-30,13,596,0,1.81,0,0.5,22.05,36.99,Brazil,Brazil,left,179,70,no,3.93,3.62,70.83,4.23,28.57,0.3,0.43,0.0,1.06,1.5,0.91,2,0.3,0,0.0,2.57,0.0,0,0.0,0.27,0,0.0,11,1.66,45.45,0.0,0.0,1.06,14.29,0.76,0.0,0.3,50.0,0.3,3.62,37.5,9.66,31.25,1.96,1.51,0.45,16.31,1.51,1.36,22.8,77.48,5.44,77.78,5.59,100.0,5.89,69.23,20.39,82.22,1.36,55.56,16.01,17.21,0.08,0.45,0.0,0.0,0.45,66.67,0.3,2.11,64.29,1.51,50.0,0.45,33.33,1.06,0.15,3.02,70.0,0,,0,,0,0.0,0.0,0.0,,,0.0,,,0.0,0.0,0.0,0.15,0,0.0
Oberdan,Fagiano Okayama,Pohang Steelers,"LDMF, LCMF, RDMF",31,750000,2026-12-31,33,3242,1,2.6,2,1.9,18.66,53.87,Brazil,Brazil,right,175,74,no,9.33,6.41,69.26,1.5,44.44,0.31,0.42,0.33,4.58,6.35,0.56,4,0.11,0,0.0,2.19,0.03,1,0.03,0.07,0,0.0,42,1.17,28.57,2.381,0.06,0.61,22.73,0.33,33.33,0.22,12.5,0.03,3.14,52.21,8.19,42.71,0.44,1.55,1.0,44.31,0.31,1.67,60.19,89.71,13.94,75.9,10.47,95.76,28.95,94.63,56.66,91.72,2.94,64.15,18.95,31.84,0.05,0.5,0.08,0.0,0.33,25.0,0.14,7.88,78.52,1.17,28.57,0.53,15.79,0.31,0.19,6.0,74.54,0,,0,,0,0.0,0.0,0.0,,,0.86,,,0.08,0.0,0.0,0.06,0,0.0
Zeca,Shandong Taishan,Pohang Steelers,CF,29,750000,2026-12-31,37,2631,12,11.77,4,3.91,30.03,34.4,Brazil,Brazil,right,190,83,no,4.48,4.69,44.53,6.91,43.56,0.07,0.1,0.14,2.33,3.29,2.22,4,0.14,0,0.0,2.84,0.41,8,0.27,0.4,4,0.14,73,2.5,38.36,16.438,0.14,0.68,30.0,0.34,20.0,0.34,40.0,0.07,2.7,46.84,13.07,27.49,3.63,1.3,0.72,13.82,2.19,0.79,20.7,71.07,4.45,60.77,5.82,82.94,4.82,71.63,19.26,72.65,0.82,62.5,13.52,16.41,0.13,1.23,0.0,0.0,0.72,57.14,0.58,1.57,67.39,1.98,58.62,0.89,65.38,1.47,0.21,2.57,76.0,0,,0,,0,0.0,0.0,0.0,,,0.0,,,0.0,0.0,0.0,0.0,4,100.0
Jae-Hyun Go,Gimcheon Sangmu,Daegu,"RW, RWF, RCMF",27,750000,2026-10-06,37,3299,9,10.68,1,1.15,19.21,39.49,Korea Republic,Korea Republic,right,180,67,no,5.78,5.46,61.0,2.35,20.93,0.22,0.21,0.16,2.24,2.12,0.76,6,0.16,0,0.0,2.62,0.25,9,0.25,0.29,3,0.08,66,1.8,34.85,13.636,0.03,1.42,26.92,0.22,12.5,1.2,29.55,0.05,3.22,47.46,8.35,33.33,2.78,1.36,0.63,9.85,0.98,0.82,15.03,74.77,3.71,66.91,3.22,86.44,4.39,75.16,13.12,82.12,0.6,18.18,15.65,15.41,0.03,0.41,0.03,0.03,0.16,50.0,0.11,0.95,62.86,1.01,48.65,0.16,50.0,0.33,0.3,2.1,50.65,0,,0,,0,0.0,0.0,0.0,,,0.08,,,0.0,0.0,0.0,0.0,0,0.0
Lee Gyu-Sung,Ulsan Hyundai,Ulsan Hyundai,"LDMF, RDMF, LCMF",32,750000,2027-12-31,32,2278,0,0.43,2,2.06,13.75,50.57,Korea Republic,Korea Republic,right,174,68,no,6.56,6.83,54.34,0.4,20.0,0.16,0.22,0.12,2.69,3.81,0.83,4,0.16,0,0.0,2.33,0.0,0,0.0,0.02,0,0.0,12,0.47,8.33,0.0,0.08,0.75,42.11,0.24,50.0,0.47,41.67,0.0,1.66,73.81,4.62,50.43,0.47,1.7,0.24,54.28,0.2,0.75,69.06,89.87,20.62,79.12,11.34,95.12,22.88,94.82,63.57,92.54,4.78,61.16,15.63,28.04,0.08,0.79,0.16,0.0,1.22,61.29,0.28,10.63,82.16,2.88,53.42,1.62,31.71,1.42,0.32,8.22,85.1,0,,0,,0,0.0,0.0,0.0,,,0.67,,,0.55,0.0,0.0,1.54,0,0.0
A. Paločević,Imabari,Seoul,"RCMF, AMF, LCMF",32,750000,2027-12-31,35,2722,4,3.37,1,2.14,13.92,48.22,Serbia,Serbia,left,180,70,no,7.6,5.32,61.49,1.26,34.21,0.56,0.8,0.26,3.77,5.35,0.66,4,0.13,0,0.0,2.18,0.13,4,0.13,0.11,0,0.0,39,1.29,41.03,10.256,0.03,1.52,45.65,0.73,40.91,0.79,50.0,0.13,1.49,53.33,5.42,40.85,1.29,1.06,0.3,39.05,0.6,0.86,52.24,85.82,17.33,74.05,9.82,96.97,16.66,89.88,48.01,89.12,2.84,50.0,17.25,32.9,0.07,0.93,0.03,0.03,0.5,33.33,0.33,9.65,78.08,2.55,54.55,0.76,21.74,0.93,0.63,8.3,80.08,0,,0,,0,0.0,0.0,0.0,,,0.23,,,0.73,0.2,66.67,1.06,0,0.0
Park Jin-Seob,Zhejiang Professional,Jeonbuk Motors,"LCB, LCMF",30,750000,2027-12-31,32,3016,1,2.5,2,2.14,14.77,62.02,Korea Republic,Korea Republic,right,184,80,no,9.7,5.97,63.0,4.63,71.61,0.39,0.49,0.9,5.55,7.03,1.28,3,0.09,0,0.0,0.75,0.03,1,0.03,0.07,1,0.03,29,0.87,31.03,3.448,0.06,0.39,61.54,0.27,66.67,0.09,66.67,0.03,0.18,83.33,1.43,47.92,0.9,1.19,0.09,38.76,0.36,0.54,54.58,88.96,20.14,79.85,4.92,95.15,22.56,95.37,48.67,92.4,5.52,60.54,19.78,35.87,0.06,0.36,0.03,0.0,0.18,50.0,0.21,7.79,72.41,1.07,61.11,0.6,35.0,0.63,0.24,8.56,72.82,0,,0,,0,0.0,0.0,0.0,,,0.95,,,0.0,0.0,0.0,0.0,0,0.0
Cesinha,Daegu,Daegu,CF,36,750000,,23,2014,8,5.72,5,7.4,21.36,38.7,Brazil,Brazil,right,177,74,no,3.22,3.35,52.0,1.3,10.34,0.13,0.13,0.0,1.34,1.34,1.07,4,0.18,0,0.0,4.51,0.36,5,0.22,0.26,1,0.04,67,2.99,37.31,11.94,0.22,1.74,43.59,0.85,57.89,0.89,30.0,0.22,4.6,50.49,13.32,39.6,1.56,2.41,1.34,22.84,1.61,2.55,31.55,81.59,9.03,74.75,4.78,96.26,11.66,81.99,26.68,86.1,3.17,63.38,18.99,37.57,0.33,2.37,0.09,0.04,0.63,50.0,0.71,5.45,74.59,3.4,56.58,1.07,45.83,1.74,0.89,5.72,81.25,0,,0,,0,0.0,0.0,0.0,,,0.04,,,2.28,0.45,20.0,3.57,3,100.0
Jin-Hyuk Kim,Busan I'Park,Daegu,RCB,33,750000,2026-12-31,38,3614,1,2.08,1,0.23,14.79,56.23,Korea Republic,Korea Republic,right,187,82,yes,8.32,5.33,69.63,5.48,44.09,0.12,0.12,0.72,4.48,4.22,0.77,3,0.07,0,0.0,0.57,0.02,1,0.02,0.05,0,0.0,22,0.55,31.82,4.545,0.02,0.32,15.38,0.02,0.0,0.27,18.18,0.07,0.57,56.52,1.42,54.39,0.67,0.07,0.02,12.3,0.37,0.6,21.44,79.79,10.19,71.39,1.69,86.76,7.4,89.9,17.78,85.71,3.39,53.68,21.58,41.29,0.01,0.05,0.0,0.02,0.05,50.0,0.02,2.64,61.32,0.37,33.33,0.15,16.67,0.12,0.05,4.68,53.19,0,,0,,0,0.0,0.0,0.0,,,0.65,,,0.02,0.0,0.0,0.0,0,0.0
Seung-Beom Ko,Suwon Bluewings,Suwon Bluewings,"LCMF, RCMF",32,750000,2027-12-31,32,2741,2,1.65,0,1.38,18.88,48.35,Korea Republic,Korea Republic,right,173,70,no,9.65,7.03,66.82,2.17,46.97,0.56,0.71,0.43,4.4,5.62,0.82,4,0.13,0,0.0,1.48,0.07,2,0.07,0.05,0,0.0,27,0.89,37.04,7.407,0.0,0.72,40.91,0.43,46.15,0.3,33.33,0.07,1.38,59.52,5.58,37.06,1.15,1.02,0.26,37.73,0.39,0.92,51.45,87.05,13.33,74.88,9.26,95.39,17.04,91.91,48.0,89.06,2.76,63.1,15.66,32.44,0.05,0.43,0.0,0.0,0.16,20.0,0.16,5.16,80.25,1.64,56.0,0.56,52.94,0.69,0.3,5.94,61.88,0,,0,,0,0.0,0.0,0.0,,,0.03,,,0.03,0.0,0.0,0.1,0,0.0
Lee Seung-Woo,Jeonbuk Motors,Suwon,"CF, LW, LAMF",28,700000,,34,2797,10,13.49,3,4.43,19.6,43.35,Korea Republic,Korea Republic,right,173,63,no,4.05,4.34,51.11,1.9,20.34,0.06,0.08,0.16,1.77,2.28,1.42,5,0.16,1,0.03,4.25,0.32,10,0.32,0.43,1,0.03,80,2.57,41.25,12.5,0.1,1.54,29.17,0.9,28.57,0.64,30.0,0.1,4.22,58.02,10.07,48.56,3.54,1.71,0.84,25.61,0.93,2.03,32.5,83.07,8.69,70.0,7.53,95.3,9.2,83.92,28.9,87.64,2.12,59.09,16.2,29.31,0.14,1.38,0.0,0.03,0.71,40.91,0.71,3.51,72.48,2.67,57.83,0.93,44.83,1.51,0.45,3.99,82.26,0,,0,,0,0.0,0.0,0.0,,,0.03,,,0.0,0.0,0.0,0.06,0,0.0
Lee Yeong-Jae,Jeonbuk Motors,Suwon,"RCMF, LCMF",31,700000,,13,1270,1,1.82,3,1.29,15.38,47.93,Korea Republic,Korea Republic,left,174,60,no,7.72,6.09,58.14,0.99,42.86,0.28,0.38,0.0,3.9,5.19,0.57,1,0.07,0,0.0,2.34,0.07,1,0.07,0.13,0,0.0,24,1.7,29.17,4.167,0.21,1.28,72.22,0.64,66.67,0.64,77.78,0.07,1.63,52.17,5.39,40.79,0.57,1.49,0.07,47.69,0.07,1.13,61.8,87.73,17.5,76.11,8.43,95.8,27.07,91.36,54.0,90.81,6.52,65.22,19.58,42.51,0.09,1.06,0.07,0.0,0.21,33.33,0.35,12.4,77.71,2.48,54.29,1.06,33.33,0.71,0.92,10.28,84.14,0,,0,,0,0.0,0.0,0.0,,,0.07,,,1.28,0.21,33.33,1.35,0,0.0
Welinton Júnior,Portimonense,Gangwon,"LW, RWF, LAMF",33,700000,,9,576,0,2.44,1,0.98,21.09,42.96,Brazil,Brazil,right,175,67,no,4.84,5.31,61.76,2.97,42.11,0.16,0.17,0.0,1.41,1.53,1.72,1,0.16,0,0.0,1.88,0.0,0,0.0,0.38,0,0.0,18,2.81,11.11,0.0,0.16,1.56,40.0,0.78,20.0,0.78,60.0,0.0,2.81,33.33,9.84,36.51,2.66,1.25,0.78,14.06,2.34,3.28,19.38,69.35,5.0,56.25,5.0,90.63,5.78,70.27,16.09,73.79,1.72,54.55,20.88,22.6,0.15,0.94,0.0,0.16,0.31,0.0,0.47,2.97,63.16,1.41,66.67,0.47,33.33,0.47,0.47,4.22,66.67,0,,0,,0,0.0,0.0,0.0,,,0.0,,,0.16,0.16,0.0,0.0,0,0.0
Gerso,Incheon United,Incheon United,"LWF, CF, LW",35,700000,,34,2258,7,6.68,4,2.68,23.72,42.02,Guinea-Bissau,"Guinea-Bissau, Portugal",left,172,62,no,4.78,5.38,57.78,1.12,7.14,0.12,0.15,0.12,1.55,1.91,1.67,2,0.08,0,0.0,5.14,0.28,7,0.28,0.27,0,0.0,45,1.79,46.67,15.556,0.16,2.23,35.71,1.75,31.82,0.44,45.45,0.56,5.62,60.28,13.39,42.26,3.83,2.51,1.32,13.91,1.83,1.55,19.89,76.95,3.47,66.67,5.74,88.19,5.7,72.73,17.22,83.56,0.6,40.0,15.52,13.59,0.11,0.92,0.04,0.04,0.28,42.86,0.56,1.16,55.17,1.87,53.19,0.4,20.0,0.96,0.68,1.83,80.43,0,,0,,0,0.0,0.0,0.0,,,0.0,,,0.0,0.0,0.0,0.2,0,0.0
Bong-Soo Kim,Daejeon Citizen,Jeju SK,"LCMF, RCMF, LCB",26,700000,,35,2826,2,1.8,0,0.86,16.82,55.3,Korea Republic,Korea Republic,right,182,78,no,8.34,6.27,61.42,2.77,51.72,0.54,0.73,0.25,3.95,5.33,0.83,3,0.1,0,0.0,1.59,0.06,2,0.06,0.06,0,0.0,17,0.54,29.41,11.765,0.0,0.64,45.0,0.19,66.67,0.45,35.71,0.06,1.46,73.91,5.22,56.71,0.51,1.15,0.22,35.29,0.13,1.24,48.85,87.55,14.46,75.77,7.36,93.51,18.73,93.2,43.89,90.78,4.36,61.31,17.42,31.47,0.03,0.41,0.03,0.0,0.35,18.18,0.13,7.39,77.59,1.78,46.43,0.64,30.0,0.64,0.29,6.62,76.92,0,,0,,0,0.0,0.0,0.0,,,0.45,,,0.0,0.0,0.0,0.0,0,0.0
Reis,Suwon Bluewings,Jeju SK,"RW, LWF, LW",33,700000,,36,3092,9,9.95,6,7.11,24.8,44.48,Brazil,Brazil,right,175,75,no,6.08,5.59,58.33,4.66,39.38,0.2,0.27,0.03,2.62,3.52,1.19,5,0.15,0,0.0,4.83,0.26,6,0.17,0.29,1,0.03,81,2.36,49.38,11.111,0.17,2.56,30.68,1.4,31.25,1.16,30.0,0.12,5.27,53.04,11.38,45.27,2.88,2.3,1.14,19.5,1.72,1.95,28.7,77.08,5.97,61.46,7.51,91.09,9.02,77.1,25.12,82.97,1.08,45.95,16.23,21.66,0.21,2.18,0.09,0.06,0.41,21.43,0.32,2.5,63.95,2.62,48.89,0.49,35.29,0.84,0.82,4.16,68.53,0,,0,,0,0.0,0.0,0.0,,,0.09,,,1.95,0.15,40.0,4.16,3,100.0
Eom Ji-Sung,Swansea City,Gwangju,"LW, LWF",24,700000,2028-06-30,28,2168,5,8.04,2,2.81,22.33,48.14,Korea Republic,Korea Republic,right,176,70,no,5.19,4.44,62.62,3.86,36.56,0.21,0.29,0.0,2.2,3.09,0.75,2,0.08,1,0.04,5.19,0.21,5,0.21,0.33,0,0.0,62,2.57,41.94,8.065,0.08,1.95,36.17,1.91,36.96,0.04,0.0,0.29,5.6,57.78,11.67,47.69,4.28,3.28,0.91,20.84,1.79,2.08,26.44,78.96,4.94,57.14,7.1,96.49,8.68,77.99,23.04,83.96,1.49,55.56,16.88,19.85,0.12,0.83,0.08,0.0,0.54,30.77,0.42,1.95,68.09,3.11,52.0,0.91,40.91,1.37,0.71,3.45,77.11,0,,0,,0,0.0,0.0,0.0,,,0.0,,,0.04,0.0,0.0,0.0,0,0.0
Willyan,Cheonan City,Seoul,"RW, LAMF, LW",32,700000,2027-12-31,33,1838,8,4.43,2,2.12,23.65,45.76,Brazil,"Brazil, Italy",right,170,69,no,5.78,5.88,67.5,2.06,23.81,0.05,0.07,0.0,1.76,2.69,0.88,4,0.2,0,0.0,4.85,0.39,8,0.39,0.22,0,0.0,45,2.2,28.89,17.778,0.1,1.76,41.67,0.64,30.77,1.08,45.45,0.2,5.39,59.09,12.58,41.25,2.89,2.84,1.13,18.66,1.42,1.37,24.58,77.69,5.73,62.39,8.08,94.55,6.95,75.35,21.3,82.76,1.62,48.48,17.57,25.0,0.1,0.78,0.05,0.0,0.59,50.0,0.34,2.3,65.96,2.4,57.14,0.69,35.71,0.83,0.78,3.62,78.38,0,,0,,0,0.0,0.0,0.0,,,0.05,,,0.0,0.0,0.0,0.1,0,0.0
Jeong Tae-Wook,Uthai Thani,Jeonbuk Motors,RCB,29,700000,,31,2988,1,1.58,0,0.4,14.31,62.32,Korea Republic,Korea Republic,right,195,92,no,8.25,4.67,68.39,5.21,68.79,0.18,0.23,0.75,4.88,6.3,1.11,5,0.15,0,0.0,0.45,0.03,1,0.03,0.05,1,0.03,14,0.42,50.0,7.143,0.0,0.09,66.67,0.0,0.0,0.09,66.67,0.03,0.24,62.5,1.08,41.67,0.6,0.48,0.09,33.67,0.24,0.45,46.45,88.85,17.83,78.55,2.68,97.75,20.39,96.01,41.63,93.05,4.73,52.23,19.63,34.84,0.01,0.15,0.0,0.0,0.03,100.0,0.09,5.66,72.87,0.42,35.71,0.36,33.33,0.15,0.06,6.75,66.52,0,,0,,0,0.0,0.0,0.0,,,1.87,,,0.03,0.0,0.0,0.0,0,0.0
Vitor Gabriel,Bucheon 1995,Gangwon,CF,26,650000,2026-12-31,14,1018,3,5.62,1,0.71,31.03,39.89,Brazil,Brazil,right,184,78,no,3.8,3.89,59.09,9.64,38.53,0.09,0.1,0.09,1.41,1.61,1.94,4,0.35,1,0.09,3.45,0.27,3,0.27,0.5,0,0.0,34,3.01,38.24,8.824,0.09,1.24,28.57,0.53,33.33,0.71,25.0,0.09,3.18,58.33,12.2,34.06,4.24,1.24,0.35,8.93,2.65,2.39,11.67,63.64,3.27,51.35,2.48,82.14,3.62,68.29,10.17,68.7,0.35,50.0,16.94,6.6,0.06,0.53,0.0,0.0,0.18,50.0,0.44,1.06,50.0,0.8,33.33,0.18,100.0,0.62,0.18,1.06,50.0,0,,0,,0,0.0,0.0,0.0,,,0.0,,,0.0,0.0,0.0,0.0,0,0.0
Han Kook-Young,Daegu,Gangwon,"LCMF, RCMF",36,650000,,35,3127,1,1.35,3,1.7,16.26,55.58,Korea Republic,Korea Republic,right,183,76,no,9.84,7.63,67.92,2.24,43.59,0.72,0.77,0.29,3.94,4.23,0.95,3,0.09,0,0.0,0.92,0.03,1,0.03,0.04,0,0.0,15,0.43,20.0,6.667,0.09,0.49,35.29,0.29,30.0,0.2,42.86,0.14,1.15,57.5,3.45,47.5,0.95,0.32,0.12,26.59,0.23,0.86,38.8,88.35,10.88,77.78,6.04,96.19,16.06,94.27,36.26,90.32,2.07,65.28,18.02,31.84,0.05,0.37,0.0,0.0,0.14,0.0,0.17,4.52,81.53,1.09,52.63,0.2,0.0,0.52,0.23,4.89,74.71,0,,0,,0,0.0,0.0,0.0,,,0.17,,,0.0,0.0,0.0,0.0,0,0.0
Hong Jeong-Ho,Suwon Bluewings,Jeonbuk Motors,"LCB, CB, RCB",37,650000,,22,1669,0,0.26,0,0.16,12.29,60.09,Korea Republic,Korea Republic,right,186,77,no,8.79,4.1,63.16,5.01,62.37,0.32,0.44,0.92,5.88,7.94,0.97,4,0.22,2,0.11,0.32,0.0,0,0.0,0.01,0,0.0,3,0.16,66.67,0.0,0.0,0.11,50.0,0.05,0.0,0.05,100.0,0.0,0.22,50.0,0.92,52.94,0.38,0.81,0.11,35.16,0.22,0.7,51.66,90.81,20.38,84.39,2.16,95.0,24.16,96.21,45.62,94.09,5.93,66.36,20.28,32.78,0.01,0.22,0.0,0.0,0.11,50.0,0.05,6.96,78.29,1.08,60.0,0.49,44.44,0.65,0.05,8.79,76.07,0,,0,,0,0.0,0.0,0.0,,,1.24,,,0.27,0.0,0.0,0.0,0,0.0
Ahn Hyun-Beom,Busan I'Park,Jeonbuk Motors,"RWB, RB",31,650000,2026-12-31,26,2194,2,3.88,4,3.58,14.97,48.22,Korea Republic,Korea Republic,right,179,74,no,5.37,4.96,66.94,1.8,45.45,0.08,0.1,0.04,1.97,2.46,0.49,1,0.04,0,0.0,2.13,0.08,2,0.08,0.16,1,0.04,30,1.23,26.67,6.667,0.16,2.17,30.19,0.04,100.0,2.13,28.85,0.41,1.97,56.25,5.74,40.71,2.09,2.09,0.98,21.95,2.17,1.19,28.47,80.98,6.81,64.46,7.79,97.37,8.12,80.3,24.28,87.67,2.05,54.0,16.87,31.55,0.15,0.82,0.0,0.0,0.16,25.0,0.49,1.89,65.22,2.17,47.17,0.41,30.0,0.82,0.7,4.47,76.15,0,,0,,0,0.0,0.0,0.0,,,0.45,,,0.08,0.08,0.0,0.16,0,0.0
T. Letschert,AFC,Gwangju,"RCB, LCB",33,650000,,27,2471,3,1.71,1,1.05,13.26,58.52,Netherlands,Netherlands,right,188,84,no,7.83,4.73,68.46,3.68,58.42,0.36,0.48,0.69,4.23,5.61,0.76,7,0.25,0,0.0,0.66,0.11,3,0.11,0.06,1,0.04,18,0.66,27.78,16.667,0.04,0.07,50.0,0.0,0.0,0.07,50.0,0.04,0.62,70.59,1.97,42.59,0.8,2.11,0.07,43.82,0.18,0.47,59.95,91.31,21.02,83.71,3.42,95.74,28.77,97.09,53.36,94.47,6.52,65.92,19.82,36.49,0.04,0.18,0.0,0.04,0.04,0.0,0.11,7.54,73.91,0.87,58.33,0.66,50.0,0.58,0.04,9.36,77.82,0,,0,,0,0.0,0.0,0.0,,,1.75,,,0.07,0.07,0.0,0.0,0,0.0
Kim Tae-Hwan,Jeonbuk Motors,Ulsan Hyundai,RB,37,650000,2026-12-31,21,1819,1,0.18,1,1.38,13.36,42.22,Korea Republic,Korea Republic,right,177,72,no,5.34,4.7,56.84,1.09,45.45,0.25,0.33,0.15,2.42,3.27,1.04,5,0.25,0,0.0,2.23,0.05,1,0.05,0.01,0,0.0,4,0.2,75.0,25.0,0.05,3.22,33.85,0.0,0.0,3.22,33.85,0.64,2.33,40.43,5.29,26.17,0.54,1.24,0.54,33.45,3.17,0.45,45.92,85.02,14.25,76.39,9.65,95.38,13.8,86.74,38.64,91.93,4.35,57.95,19.52,36.65,0.07,0.69,0.05,0.0,0.15,33.33,0.3,3.27,69.7,2.62,49.06,0.1,0.0,0.49,0.94,6.78,74.45,0,,0,,0,0.0,0.0,0.0,,,1.14,,,0.0,0.0,0.0,0.05,0,0.0
Min-Duk Kim,Daejeon Citizen,Daejeon Citizen,"RCB, LCB",30,650000,,26,2346,1,0.54,0,0.17,12.58,49.39,Korea Republic,Korea Republic,right,183,78,no,7.6,4.68,58.2,3.41,51.69,0.27,0.35,0.54,4.6,5.95,0.5,4,0.15,0,0.0,0.69,0.04,1,0.04,0.02,0,0.0,7,0.27,14.29,14.286,0.0,0.31,37.5,0.04,100.0,0.27,28.57,0.0,0.96,56.0,2.26,35.59,0.27,0.73,0.31,24.4,0.54,0.35,36.79,82.17,15.19,68.43,4.18,93.58,12.54,94.5,31.04,89.12,5.49,44.76,20.47,36.06,0.01,0.19,0.0,0.04,0.04,0.0,0.08,4.91,60.94,0.58,33.33,0.15,0.0,0.08,0.12,6.52,66.47,0,,0,,0,0.0,0.0,0.0,,,1.99,,,0.0,0.0,0.0,0.0,0,0.0
Yoon Bit-Garam,Bucheon 1995,Suwon,"RCMF, LCMF",36,650000,2027-12-31,35,3329,8,5.33,5,7.88,13.73,50.0,Korea Republic,Korea Republic,right,178,75,no,6.46,4.19,65.81,1.87,49.28,0.35,0.42,0.11,3.35,4.04,0.87,4,0.11,1,0.03,1.78,0.22,8,0.22,0.14,1,0.03,53,1.43,32.08,15.094,0.14,0.68,36.0,0.32,41.67,0.35,30.77,0.11,1.57,60.34,5.49,42.36,1.0,1.19,0.11,38.15,0.7,1.08,50.15,87.76,14.82,76.09,9.16,96.46,18.09,92.08,45.58,90.81,3.92,60.69,18.29,37.47,0.21,1.73,0.11,0.11,0.49,27.78,0.27,7.84,75.17,1.97,58.9,1.11,36.59,1.19,0.16,7.41,78.83,0,,0,,0,0.0,0.0,0.0,,,0.3,,,1.6,0.22,25.0,2.27,0,0.0
Jin-Yong Lee,Anyang,Daegu,"RCMF, LCMF",25,650000,2028-12-31,31,2076,0,0.83,1,0.45,17.04,51.65,Korea Republic,Korea Republic,right,180,73,no,10.45,8.89,59.51,1.26,34.48,1.56,1.38,0.35,3.6,3.18,2.08,8,0.35,0,0.0,0.61,0.0,0,0.0,0.04,0,0.0,9,0.39,0.0,0.0,0.04,0.48,27.27,0.13,33.33,0.35,25.0,0.04,0.74,47.06,3.21,43.24,0.43,0.39,0.17,15.82,0.13,0.78,26.05,79.7,10.32,71.01,3.47,92.5,8.54,83.76,22.98,84.34,2.6,48.33,17.63,27.84,0.02,0.35,0.04,0.0,0.26,50.0,0.22,4.34,71.0,1.0,39.13,0.39,11.11,0.43,0.17,5.03,65.52,0,,0,,0,0.0,0.0,0.0,,,0.26,,,0.0,0.0,0.0,0.0,0,0.0
Jeong-Un Hong,Paju Citizen,Daegu,CB,31,650000,,33,3223,0,1.45,1,0.05,11.98,65.03,Korea Republic,Korea Republic,right,187,76,no,10.33,5.14,73.37,4.02,59.03,0.31,0.3,0.87,6.26,6.02,0.39,2,0.06,0,0.0,0.17,0.0,0,0.0,0.04,0,0.0,13,0.36,7.69,0.0,0.03,0.0,0.0,0.0,0.0,0.0,0.0,0.0,0.2,71.43,0.67,50.0,0.61,0.06,0.0,12.15,0.11,0.34,23.96,81.47,10.58,70.45,0.84,100.0,10.42,91.69,19.71,87.39,4.24,53.95,21.86,34.37,0.0,0.06,0.03,0.0,0.0,0.0,0.0,2.37,54.12,0.2,28.57,0.17,0.0,0.06,0.0,5.19,52.15,0,,0,,0,0.0,0.0,0.0,,,0.45,,,0.03,0.0,0.0,0.0,0,0.0
S. Mugoša,Incheon United,Incheon United,CF,34,600000,,9,653,3,3.49,1,0.13,16.68,33.06,Montenegro,Montenegro,right,188,81,no,2.48,1.65,50.0,7.72,39.29,0.14,0.15,0.0,1.52,1.64,0.55,1,0.14,0,0.0,1.38,0.41,2,0.28,0.48,0,0.0,20,2.76,35.0,15.0,0.14,0.14,0.0,0.0,0.0,0.14,0.0,0.0,0.83,16.67,4.69,11.76,3.17,0.55,0.0,11.72,1.93,0.28,16.13,61.54,5.51,40.0,3.45,88.0,3.31,66.67,14.33,66.35,1.65,25.0,15.49,26.11,0.02,0.28,0.0,0.0,0.55,50.0,0.28,3.03,40.91,0.83,16.67,0.69,40.0,0.14,0.0,1.79,53.85,0,,0,,0,0.0,0.0,0.0,,,0.0,,,0.0,0.0,0.0,0.0,1,100.0
Young-Jun Choi,Yongin,Jeju SK,"RCMF, LCMF, RDMF",34,600000,,9,694,0,0.04,1,0.07,14.91,53.04,Korea Republic,Korea Republic,right,181,76,no,11.41,5.84,66.67,1.82,35.71,1.43,1.81,0.13,6.1,7.75,0.78,2,0.26,0,0.0,1.17,0.0,0,0.0,0.0,0,0.0,1,0.13,0.0,0.0,0.13,0.78,33.33,0.26,0.0,0.52,50.0,0.0,1.04,87.5,3.76,44.83,0.65,0.65,0.26,39.42,0.13,1.04,57.19,85.71,20.75,77.5,8.17,93.65,20.23,89.74,50.84,89.29,5.71,61.36,18.36,37.19,0.01,0.13,0.0,0.0,0.0,0.0,0.13,10.37,72.5,1.04,37.5,0.13,0.0,0.65,0.13,10.37,80.0,0,,0,,0,0.0,0.0,0.0,,,0.52,,,0.0,0.0,0.0,0.0,0,0.0
H. Delbridge,Melbourne City,Incheon United,LCB,34,600000,2027-06-30,25,2157,0,2.5,0,0.03,18.44,65.61,Australia,"Australia, United States",right,193,89,no,10.22,7.13,71.93,6.93,68.07,0.46,0.56,0.63,4.63,5.67,1.04,4,0.17,0,0.0,0.5,0.0,0,0.0,0.1,0,0.0,20,0.83,20.0,0.0,0.0,0.25,50.0,0.25,50.0,0.0,0.0,0.0,0.67,31.25,1.67,30.0,1.08,0.83,0.0,35.22,0.79,0.63,50.07,83.75,24.24,74.18,2.0,95.83,19.19,93.7,42.27,89.73,7.55,51.38,20.56,34.25,0.0,0.08,0.04,0.04,0.04,0.0,0.0,7.97,69.11,1.04,28.0,0.25,50.0,0.33,0.13,9.72,65.67,0,,0,,0,0.0,0.0,0.0,,,0.67,,,0.0,0.0,0.0,0.0,0,0.0
Hyeon-Sik Lee,Daejeon Citizen,Daejeon Citizen,"RWB, RB, RCMF",30,600000,,29,2402,2,0.82,1,1.04,25.18,48.07,Korea Republic,Korea Republic,right,175,64,no,9.37,8.39,62.05,2.55,52.94,0.3,0.4,0.19,3.86,5.13,1.61,8,0.3,1,0.04,2.66,0.07,2,0.07,0.03,0,0.0,12,0.45,25.0,16.667,0.04,1.91,31.37,0.45,16.67,1.46,35.9,0.19,3.15,55.95,10.19,38.24,0.71,1.61,0.67,21.96,1.01,2.21,34.96,80.71,8.32,62.16,8.39,97.32,10.23,85.35,30.46,86.47,2.7,48.61,17.33,29.85,0.04,0.6,0.0,0.07,0.34,55.56,0.37,2.7,68.06,2.7,50.0,0.6,56.25,0.71,0.56,4.87,67.69,0,,0,,0,0.0,0.0,0.0,,,0.64,,,0.07,0.0,0.0,0.22,0,0.0
Dong-Jun Kim,Jeju SK,Jeju SK,GK,31,600000,,37,3618,0,0.0,0,0.0,0.55,68.18,Korea Republic,Korea Republic,right,189,85,no,1.87,0.07,33.33,0.27,90.91,0.02,0.03,0.0,1.82,2.39,0.02,1,0.02,0,0.0,0.02,0.0,0,0.0,0.0,0,0.0,0,0.0,0.0,0.0,0.0,0.0,0.0,0.0,0.0,0.0,0.0,0.0,0.02,100.0,0.07,100.0,0.0,0.02,0.0,10.05,0.1,0.12,16.32,84.15,10.22,76.64,0.0,0.0,5.62,96.9,9.78,98.22,6.52,63.36,35.48,50.87,0.0,0.0,0.0,0.0,0.0,0.0,0.0,2.71,57.8,0.27,27.27,0.27,36.36,0.07,0.0,4.88,81.12,48,1.19,179,4.45,10,73.18,48.59,1.21,0.59,0.015,0.0,1.44,0.27,,,,0.0,0,0.0
Hernandes,Viettel,Incheon United,"CF, RWF",26,600000,2027-06-30,33,2467,6,5.33,4,2.93,18.39,40.67,Brazil,Brazil,right,183,0,no,3.43,3.1,55.29,2.41,25.76,0.04,0.05,0.04,1.68,2.13,0.8,4,0.15,0,0.0,3.61,0.22,6,0.22,0.19,0,0.0,66,2.41,21.21,9.091,0.15,1.35,21.62,0.51,7.14,0.84,30.43,0.22,3.65,62.0,10.29,42.55,3.1,2.48,1.42,21.23,2.19,1.2,30.35,77.76,7.77,64.32,8.17,92.41,7.48,78.05,27.8,81.89,1.39,39.47,15.34,25.61,0.11,0.99,0.07,0.04,1.13,48.39,0.55,3.17,63.22,2.52,46.38,1.61,38.64,1.57,0.33,3.9,76.64,0,,0,,0,0.0,0.0,0.0,,,0.04,,,0.18,0.15,0.0,0.0,2,0.0
Chang-Geun Lee,Daejeon Citizen,Daejeon Citizen,GK,32,600000,,38,3797,0,0.0,0,0.52,0.55,91.3,Korea Republic,Korea Republic,right,186,80,no,1.59,0.02,100.0,0.36,93.33,0.0,0.0,0.0,1.56,2.05,0.0,1,0.02,0,0.0,0.0,0.0,0,0.0,0.0,0,0.0,0,0.0,0.0,0.0,0.0,0.0,0.0,0.0,0.0,0.0,0.0,0.0,0.0,0.0,0.05,100.0,0.0,0.0,0.0,10.71,0.36,0.09,16.19,81.84,12.25,77.37,0.0,0.0,3.46,95.89,7.09,97.66,9.05,69.9,39.05,52.29,0.01,0.02,0.0,0.02,0.0,0.0,0.0,3.01,63.78,0.19,25.0,0.05,0.0,0.07,0.0,7.61,80.69,58,1.37,201,4.76,7,71.14,62.0,1.47,4.0,0.095,0.0,1.19,0.36,,,,0.0,0,0.0
Lee Soon-Min,Daejeon Citizen,Gwangju,"LCMF, DMF, LB",32,600000,2027-12-31,35,3102,1,1.88,1,0.93,16.02,50.36,Korea Republic,Korea Republic,right,179,73,no,9.05,5.51,61.58,2.96,40.2,0.64,0.85,0.52,5.02,6.67,1.07,10,0.29,0,0.0,1.48,0.03,1,0.03,0.05,1,0.03,32,0.93,18.75,3.125,0.03,0.64,50.0,0.41,64.29,0.23,25.0,0.0,1.48,52.94,4.61,45.28,0.44,2.26,0.7,34.53,0.52,0.9,46.62,87.62,13.58,77.35,5.63,94.85,21.06,92.98,41.95,90.46,4.06,64.29,19.85,40.64,0.03,0.46,0.03,0.0,0.29,70.0,0.15,7.31,82.14,1.31,60.0,0.55,57.89,0.49,0.29,5.86,67.82,0,,0,,0,0.0,0.0,0.0,,,0.55,,,0.0,0.0,0.0,0.0,0,0.0
Victor Bobsin,Daejeon Citizen,Daegu,LCMF,26,600000,,11,899,1,0.23,0,0.57,17.22,45.35,Brazil,Brazil,left,185,73,no,7.41,6.41,70.31,1.4,35.71,0.3,0.29,0.1,2.6,2.52,1.2,3,0.3,1,0.1,2.0,0.1,1,0.1,0.02,0,0.0,7,0.7,28.57,14.286,0.0,0.8,50.0,0.7,42.86,0.1,100.0,0.1,2.7,40.74,7.01,30.0,0.4,0.9,0.3,25.33,0.3,0.4,41.05,83.17,13.52,74.07,6.01,95.0,13.92,86.33,36.94,86.45,3.3,54.55,17.76,35.28,0.06,0.9,0.0,0.0,0.6,50.0,0.2,7.71,72.73,2.1,52.38,0.6,50.0,1.1,0.3,6.71,74.63,0,,0,,0,0.0,0.0,0.0,,,0.0,,,0.0,0.0,0.0,0.0,0,0.0
Lee Myung-Jae,Daejeon Citizen,Ulsan Hyundai,LB,32,600000,2028-12-31,30,2687,0,1.01,4,4.99,10.95,59.63,Korea Republic,Korea Republic,left,182,68,no,6.56,4.89,67.81,1.11,57.58,0.23,0.35,0.27,3.01,4.49,0.4,2,0.07,0,0.0,3.05,0.0,0,0.0,0.03,0,0.0,17,0.57,35.29,0.0,0.13,4.35,39.23,4.15,39.52,0.2,33.33,0.27,1.57,63.83,3.62,49.07,0.33,1.41,0.64,41.33,1.94,0.54,51.65,83.14,13.46,72.39,10.08,97.34,18.89,83.87,42.54,90.31,5.12,58.82,19.83,37.79,0.17,1.41,0.03,0.03,0.23,57.14,0.47,6.1,70.88,4.12,44.72,0.47,28.57,0.54,1.51,10.01,77.93,0,,0,,0,0.0,0.0,0.0,,,0.6,,,0.87,0.13,75.0,2.88,0,0.0
S. Ilyuchenko,Hwaseong,Seoul,CF,35,600000,,24,1102,5,3.8,0,1.23,19.93,41.8,Russia,"Russia, Germany",right,189,82,no,3.43,2.53,67.74,6.7,39.02,0.33,0.45,0.08,1.39,1.9,0.74,0,0.0,0,0.0,1.23,0.41,5,0.41,0.31,2,0.16,25,2.04,48.0,20.0,0.0,0.08,0.0,0.0,0.0,0.08,0.0,0.0,0.74,33.33,5.8,36.62,3.51,0.16,0.16,12.5,1.31,1.23,20.17,71.66,4.74,48.28,4.98,88.52,5.55,80.88,19.68,72.2,0.41,60.0,12.73,5.73,0.1,1.14,0.08,0.08,0.08,0.0,0.33,2.12,50.0,0.98,58.33,0.0,0.0,0.82,0.0,1.31,75.0,0,,0,,0,0.0,0.0,0.0,,,0.0,,,0.0,0.0,0.0,0.0,1,0.0
Kim Jin-Su,Seoul,Jeonbuk Motors,LB,34,600000,2026-12-31,19,1873,0,0.75,1,2.15,13.02,47.23,Korea Republic,Korea Republic,left,177,68,no,6.68,4.76,56.57,2.21,39.13,0.24,0.32,0.38,3.75,5.05,1.15,8,0.38,0,0.0,2.64,0.0,0,0.0,0.04,0,0.0,21,1.01,19.05,0.0,0.05,3.7,41.56,3.46,40.28,0.19,50.0,0.43,1.73,52.78,3.56,43.24,0.58,1.06,0.48,26.72,1.44,0.72,37.0,77.79,13.41,68.82,6.44,94.78,12.21,80.31,28.11,87.35,5.24,51.38,21.47,38.43,0.1,0.96,0.05,0.0,0.24,0.0,0.53,5.43,60.18,4.23,51.14,1.01,33.33,0.72,1.59,8.26,77.91,0,,0,,0,0.0,0.0,0.0,,,0.72,,,0.77,0.1,0.0,0.77,0,0.0
Han Kyo-Won,Chungnam Asan,Jeonbuk Motors,"RW, RAMF, RWF",36,600000,,28,1556,5,5.87,2,1.66,18.51,35.0,Korea Republic,Korea Republic,right,182,73,no,5.73,4.11,52.11,2.95,39.22,0.29,0.39,0.29,3.3,4.41,1.21,1,0.06,0,0.0,2.2,0.29,5,0.29,0.34,1,0.06,28,1.62,35.71,17.857,0.12,2.02,34.29,0.06,0.0,1.97,35.29,0.17,2.54,36.36,8.1,27.86,3.93,0.81,0.4,12.26,1.56,0.81,18.45,71.79,3.64,66.67,4.74,89.02,4.97,69.77,15.96,77.54,0.58,40.0,14.16,11.38,0.1,0.75,0.0,0.06,0.06,0.0,0.46,1.04,61.11,1.62,39.29,0.06,0.0,0.64,0.64,2.02,71.43,0,,0,,0,0.0,0.0,0.0,,,0.0,,,0.0,0.0,0.0,0.0,0,0.0
Moon Seon-Min,Seoul,Jeonbuk Motors,"LW, LAMF",34,600000,,34,1958,6,4.58,1,3.36,21.37,42.15,Korea Republic,Korea Republic,right,172,68,no,4.69,4.5,59.18,1.61,22.86,0.14,0.19,0.0,1.88,2.61,1.2,4,0.18,0,0.0,4.96,0.28,6,0.28,0.21,0,0.0,49,2.25,34.69,12.245,0.05,2.85,43.55,2.34,47.06,0.46,20.0,0.28,5.52,49.17,12.13,38.64,2.9,3.36,1.7,18.75,1.52,1.29,25.19,77.01,4.23,61.96,6.89,91.33,8.55,76.34,21.65,82.17,0.97,52.38,16.35,14.53,0.15,1.06,0.05,0.05,0.46,50.0,0.64,1.47,65.63,3.31,54.17,0.55,41.67,1.29,1.1,3.77,78.05,0,,0,,0,0.0,0.0,0.0,,,0.0,,,0.05,0.05,0.0,0.23,0,0.0
J. Amano,Yokohama F. Marinos,Jeonbuk Motors,"AMF, RCMF, LCMF",35,600000,,25,1410,1,1.59,3,1.64,19.91,44.55,Japan,Japan,left,175,67,no,6.96,5.68,64.04,2.43,34.21,0.19,0.24,0.13,3.13,3.92,1.4,1,0.06,0,0.0,2.55,0.06,1,0.06,0.1,0,0.0,23,1.47,30.43,4.348,0.19,1.85,37.93,0.89,28.57,0.89,42.86,0.32,3.26,37.25,8.49,41.35,2.04,0.83,0.45,25.79,0.64,1.79,34.21,83.96,10.85,71.76,5.94,94.62,10.15,88.68,28.91,90.51,3.45,53.7,17.05,25.22,0.1,1.09,0.06,0.0,0.38,50.0,0.19,4.85,80.26,2.94,47.83,1.21,15.79,0.7,0.83,5.43,77.65,0,,0,,0,0.0,0.0,0.0,,,0.06,,,1.47,0.19,33.33,2.3,0,0.0
Yago Cariello,Ulsan Hyundai,Gangwon,"CF, RW",27,550000,,11,498,1,3.26,1,0.04,28.19,38.46,Brazil,Brazil,left,187,82,no,5.42,3.8,76.19,9.4,42.31,0.0,0.0,0.18,2.53,2.94,1.08,0,0.0,0,0.0,1.45,0.18,1,0.18,0.59,0,0.0,10,1.81,30.0,10.0,0.18,0.0,0.0,0.0,0.0,0.0,0.0,0.0,1.99,45.45,9.04,30.0,2.35,0.72,0.36,7.05,1.99,1.45,15.9,69.32,3.25,44.44,4.16,78.26,4.52,88.0,15.72,68.97,0.18,100.0,12.0,3.61,0.01,0.36,0.0,0.0,0.36,0.0,0.18,1.81,60.0,0.36,50.0,0.18,0.0,0.0,0.0,1.81,20.0,0,,0,,0,0.0,0.0,0.0,,,0.0,,,0.0,0.0,0.0,0.18,1,0.0
Kim Young-Bin,Jeonbuk Motors,Gangwon,"CB, LCB",34,550000,,38,3760,0,2.28,1,0.19,14.05,61.33,Korea Republic,Korea Republic,right,184,79,no,8.83,5.1,74.18,5.63,55.74,0.26,0.29,0.77,4.79,5.36,0.74,5,0.12,0,0.0,0.17,0.0,0,0.0,0.05,0,0.0,15,0.36,20.0,0.0,0.02,0.1,25.0,0.02,0.0,0.07,33.33,0.0,0.07,33.33,0.55,34.78,0.57,0.36,0.02,27.19,0.31,0.19,41.22,88.68,13.67,74.26,1.96,97.56,22.84,96.54,36.6,92.87,4.52,56.08,21.88,39.78,0.0,0.07,0.0,0.0,0.05,100.0,0.05,2.82,51.69,0.36,20.0,0.22,11.11,0.14,0.05,5.55,59.91,0,,0,,0,0.0,0.0,0.0,,,1.32,,,0.0,0.0,0.0,0.0,0,0.0
A. Ian Grant,Newcastle Jets,Pohang Steelers,LCB,32,550000,2027-06-30,32,3069,4,3.55,0,0.45,14.81,61.58,England,"England, Australia",left,191,82,no,9.09,4.34,70.95,5.92,63.37,0.09,0.12,0.82,5.92,7.95,0.38,6,0.18,0,0.0,0.59,0.12,4,0.12,0.1,4,0.12,31,0.91,41.94,12.903,0.0,0.15,60.0,0.15,60.0,0.0,0.0,0.0,0.32,27.27,1.55,32.08,0.91,1.03,0.06,42.49,0.67,0.44,58.77,90.42,23.4,83.71,2.05,92.86,28.21,95.53,53.02,93.53,5.6,61.78,21.41,41.14,0.01,0.12,0.03,0.03,0.09,33.33,0.06,6.3,76.74,0.65,36.36,0.32,9.09,0.26,0.06,9.59,78.59,0,,0,,0,0.0,0.0,0.0,,,1.11,,,0.0,0.0,0.0,0.0,0,0.0
Park Chan-Yong,Pohang Steelers,Pohang Steelers,"RCB, LCB",30,550000,,26,1890,0,0.2,0,0.0,14.38,61.26,Korea Republic,Korea Republic,right,188,80,no,7.29,6.24,67.18,5.62,60.17,0.1,0.14,0.38,3.0,4.53,0.71,3,0.14,0,0.0,0.1,0.0,0,0.0,0.01,0,0.0,5,0.24,0.0,0.0,0.0,0.0,0.0,0.0,0.0,0.0,0.0,0.0,0.1,100.0,0.57,50.0,0.52,0.71,0.1,43.05,0.62,0.29,55.48,91.42,18.9,83.38,1.52,93.75,29.71,96.31,50.05,95.43,5.43,54.39,17.34,30.66,0.0,0.0,0.05,0.0,0.0,0.0,0.0,5.19,72.48,0.33,42.86,0.14,66.67,0.14,0.0,7.52,68.35,0,,0,,0,0.0,0.0,0.0,,,0.95,,,0.0,0.0,0.0,0.0,0,0.0
Hwang In-Jae,Pohang Steelers,Pohang Steelers,GK,32,550000,,38,3794,0,0.0,0,0.0,0.74,83.87,Korea Republic,Korea Republic,right,187,73,no,1.0,0.07,66.67,0.45,100.0,0.0,0.0,0.0,0.95,1.32,0.0,3,0.07,0,0.0,0.07,0.0,0,0.0,0.0,0,0.0,0,0.0,0.0,0.0,0.0,0.0,0.0,0.0,0.0,0.0,0.0,0.0,0.12,60.0,0.14,50.0,0.0,0.0,0.0,8.4,0.21,0.14,13.33,83.63,7.73,73.93,0.0,0.0,4.93,97.12,8.21,97.98,5.1,60.93,33.41,48.61,0.0,0.0,0.0,0.0,0.0,0.0,0.02,1.45,42.62,0.12,0.0,0.09,25.0,0.0,0.0,3.84,69.75,40,0.95,138,3.27,12,71.01,32.44,0.77,-7.56,-0.179,0.0,1.45,0.45,,,,0.0,0,0.0
A. Krivotsyuk,Daejeon Citizen,Daejeon Citizen,LCB,27,550000,2027-12-31,33,3042,1,1.1,1,0.41,17.34,55.12,Ukraine,"Ukraine, Azerbaijan",left,186,76,no,9.08,6.09,63.11,4.67,58.86,0.33,0.43,0.21,4.91,6.45,0.89,9,0.27,1,0.03,0.59,0.03,1,0.03,0.03,0,0.0,8,0.24,37.5,12.5,0.03,0.5,35.29,0.38,46.15,0.12,0.0,0.12,1.07,30.56,3.17,38.32,0.59,0.8,0.12,25.89,0.36,0.8,40.24,86.03,16.12,76.88,3.52,95.8,14.79,93.4,35.27,90.77,4.5,53.95,18.92,33.03,0.01,0.3,0.0,0.03,0.03,0.0,0.09,5.83,70.05,0.92,48.39,0.44,33.33,0.3,0.18,6.66,70.67,0,,0,,0,0.0,0.0,0.0,,,1.15,,,0.0,0.0,0.0,0.0,0,0.0
L. Jackson,Perth Glory,Suwon,LCB,31,550000,,23,2023,0,1.51,0,0.0,12.9,62.76,Australia,Australia,left,196,90,no,8.72,4.49,63.37,5.03,61.95,0.18,0.2,0.31,5.69,6.3,0.53,4,0.18,1,0.04,0.22,0.0,0,0.0,0.07,0,0.0,11,0.49,18.18,0.0,0.0,0.0,0.0,0.0,0.0,0.0,0.0,0.0,0.18,75.0,0.85,52.63,0.67,0.62,0.18,27.85,0.27,0.22,41.77,86.26,20.15,78.59,2.14,95.83,15.88,94.4,36.26,91.66,5.52,50.81,20.82,37.93,0.0,0.0,0.0,0.04,0.0,0.0,0.0,4.54,62.75,0.53,8.33,0.36,12.5,0.22,0.0,7.21,67.9,0,,0,,0,0.0,0.0,0.0,,,1.2,,,0.04,0.0,0.0,0.0,0,0.0
Sung-Yueng Ki,Pohang Steelers,Seoul,"LCMF, RCMF, LDMF",37,550000,,35,2943,2,1.85,4,5.69,11.93,51.79,Korea Republic,Korea Republic,right,189,75,no,5.96,4.59,60.0,1.04,50.0,0.31,0.43,0.15,2.91,4.09,0.92,5,0.15,0,0.0,2.23,0.06,2,0.06,0.06,0,0.0,46,1.41,32.61,4.348,0.12,1.56,43.14,0.37,33.33,1.16,44.74,0.0,1.41,71.74,4.65,47.37,0.67,2.05,0.95,54.22,0.55,0.92,67.28,91.55,16.24,84.93,10.61,94.52,30.58,94.2,60.67,94.51,5.17,69.23,19.25,44.29,0.17,1.62,0.12,0.09,0.31,30.0,0.15,9.69,83.91,2.87,52.13,1.01,30.3,0.76,0.67,8.53,84.23,0,,0,,0,0.0,0.0,0.0,,,0.73,,,1.28,0.0,0.0,3.88,0,0.0
Jeong-Hoon Kim,Anyang,Jeonbuk Motors,GK,25,550000,2028-12-31,29,2915,0,0.0,0,0.0,0.83,74.07,Korea Republic,Korea Republic,right,188,80,no,1.88,0.19,66.67,0.46,93.33,0.06,0.08,0.0,1.7,2.15,0.0,2,0.06,0,0.0,0.0,0.0,0,0.0,0.0,0,0.0,0,0.0,0.0,0.0,0.0,0.0,0.0,0.0,0.0,0.0,0.0,0.0,0.0,0.0,0.06,100.0,0.0,0.0,0.0,8.92,0.19,0.12,13.62,88.66,8.12,84.03,0.0,0.0,4.91,96.86,9.26,97.33,4.32,70.71,30.71,50.76,0.0,0.0,0.0,0.0,0.0,0.0,0.0,1.39,75.56,0.12,0.0,0.03,0.0,0.0,0.0,3.92,77.95,25,0.77,127,3.92,10,80.31,29.98,0.93,4.98,0.154,0.0,1.33,0.46,,,,0.0,0,0.0
Seung-Won Jeong,Seoul,Suwon Bluewings,"RWB, RB",29,550000,,17,1280,0,0.82,0,0.57,13.57,38.86,Korea Republic,Korea Republic,right,173,68,no,8.09,5.34,56.58,2.25,28.13,0.63,0.78,0.35,4.43,5.45,0.98,4,0.28,0,0.0,1.62,0.0,0,0.0,0.06,0,0.0,13,0.91,15.38,0.0,0.0,3.16,31.11,0.07,100.0,3.09,29.55,0.35,1.34,36.84,3.87,25.45,0.98,0.91,0.49,23.34,2.95,0.63,34.52,78.21,13.15,73.8,5.34,90.79,10.41,76.35,27.56,85.46,4.15,59.32,18.52,27.52,0.04,0.49,0.07,0.0,0.14,0.0,0.28,4.92,72.86,2.95,42.86,0.42,66.67,0.35,1.13,8.16,73.28,0,,0,,0,0.0,0.0,0.0,,,0.14,,,0.0,0.0,0.0,0.0,0,0.0
Jin-Ho Shin,Yongin,Incheon United,"LCMF, RCMF",37,500000,,17,1528,1,0.95,2,3.11,14.73,42.8,Korea Republic,Korea Republic,right,177,72,no,6.89,5.77,47.96,1.83,32.26,1.0,1.34,0.0,3.12,4.16,1.65,5,0.29,0,0.0,1.88,0.06,1,0.06,0.06,0,0.0,13,0.77,30.77,7.692,0.12,1.88,53.13,0.65,45.45,1.18,60.0,0.06,1.06,61.11,3.59,44.26,0.41,1.12,0.18,53.84,0.59,0.88,72.45,87.8,18.02,74.84,11.31,95.31,30.57,92.29,63.08,91.6,7.54,64.84,18.68,37.94,0.18,1.77,0.0,0.18,0.18,0.0,0.41,11.07,71.81,3.48,54.24,1.18,35.0,1.0,0.88,8.84,78.67,0,,0,,0,0.0,0.0,0.0,,,0.71,,,1.77,0.29,20.0,5.01,0,0.0
Seung-Mo Lee,Seoul,Seoul,"RDMF, LCMF, RCMF",28,500000,2026-12-31,20,1113,2,1.64,0,0.18,17.3,49.53,Korea Republic,Korea Republic,right,185,70,no,9.78,7.28,61.11,2.99,37.84,0.97,1.48,0.16,4.37,6.67,1.13,4,0.32,0,0.0,1.54,0.16,2,0.16,0.13,0,0.0,20,1.62,20.0,10.0,0.0,1.37,52.94,0.49,66.67,0.89,45.45,0.16,0.73,55.56,2.91,44.44,1.13,0.49,0.08,47.39,0.4,0.81,63.4,89.41,15.04,79.57,12.05,93.96,28.71,92.68,57.98,91.63,4.12,70.59,18.74,28.14,0.01,0.4,0.0,0.0,0.16,50.0,0.24,6.39,78.48,1.78,50.0,0.24,66.67,0.57,0.65,8.57,81.13,0,,0,,0,0.0,0.0,0.0,,,0.4,,,0.0,0.0,0.0,0.0,0,0.0
J. Ring,Västerås SK,Jeju SK,"RW, RWF, RAMF",34,500000,2027-12-31,11,605,0,0.76,0,2.38,15.32,40.78,Sweden,Sweden,left,182,74,no,4.17,3.57,62.5,2.23,33.33,0.0,0.0,0.15,1.93,2.83,0.45,0,0.0,0,0.0,3.12,0.0,0,0.0,0.11,0,0.0,10,1.49,50.0,0.0,0.0,2.38,37.5,0.6,25.0,1.64,45.45,0.45,2.08,57.14,8.48,35.09,3.27,1.93,0.6,25.88,0.74,1.04,36.0,79.34,9.22,64.52,8.93,95.0,9.37,82.54,31.83,84.58,1.79,41.67,16.31,24.21,0.35,2.38,0.0,0.0,0.6,50.0,0.89,2.98,65.0,4.17,57.14,1.19,37.5,2.23,0.89,4.91,84.85,0,,0,,0,0.0,0.0,0.0,,,0.3,,,0.74,0.15,0.0,2.08,0,0.0
Walterson,Paju Citizen,Suwon,"LW, LWF, RW",31,500000,,10,481,1,0.46,0,0.68,21.89,38.46,Brazil,Brazil,right,180,67,no,4.68,3.93,52.38,0.94,0.0,0.0,0.0,0.0,2.62,4.04,1.87,2,0.37,0,0.0,5.61,0.19,1,0.19,0.09,0,0.0,9,1.68,55.56,11.111,0.0,2.99,31.25,1.68,22.22,1.31,42.86,0.56,7.86,45.24,14.41,40.26,2.25,3.18,0.94,20.4,0.56,1.5,26.57,78.17,5.8,54.84,7.67,100.0,7.67,73.17,21.7,86.21,1.87,60.0,15.93,18.38,0.13,0.75,0.19,0.0,0.37,50.0,0.75,3.74,55.0,2.99,43.75,0.75,25.0,1.87,0.75,4.3,86.96,0,,0,,0,0.0,0.0,0.0,,,0.19,,,0.0,0.0,0.0,0.19,0,0.0
Seo Min-Woo,Gangwon,Gangwon,"RCMF, DMF, LCMF",28,500000,,32,2877,2,1.63,1,0.86,20.3,56.09,Korea Republic,Korea Republic,right,184,75,no,12.76,10.04,66.67,2.88,46.74,0.88,0.96,0.28,5.19,5.68,1.6,7,0.22,0,0.0,0.72,0.06,2,0.06,0.05,0,0.0,12,0.38,41.67,16.667,0.03,0.47,20.0,0.06,0.0,0.41,23.08,0.06,0.59,57.89,3.32,39.62,0.47,0.5,0.13,24.06,0.22,0.56,39.26,82.15,12.14,67.78,6.57,94.76,13.64,87.61,35.47,85.89,3.35,50.47,17.55,36.62,0.03,0.44,0.0,0.03,0.19,66.67,0.16,5.63,67.22,0.88,46.43,0.53,41.18,0.41,0.03,5.22,62.28,0,,0,,0,0.0,0.0,0.0,,,0.41,,,0.0,0.0,0.0,0.0,0,0.0
B. Mikeltadze,Gimhae City,Gwangju,"CF, RCMF, LCMF",28,500000,2027-12-31,10,571,2,0.58,0,0.03,18.44,40.17,Georgia,Georgia,right,185,77,no,7.57,5.67,50.0,2.21,50.0,0.95,1.18,0.16,3.78,4.74,1.1,0,0.0,0,0.0,1.58,0.32,2,0.32,0.09,0,0.0,7,1.1,57.14,28.571,0.0,0.63,0.0,0.63,0.0,0.0,0.0,0.16,2.05,38.46,8.67,30.91,0.95,0.47,0.32,20.33,1.26,0.95,28.84,83.61,7.09,68.89,6.62,95.24,9.77,88.71,26.64,88.76,1.58,30.0,16.35,11.22,0.0,0.16,0.16,0.0,0.32,50.0,0.32,3.47,68.18,1.1,42.86,0.63,75.0,0.63,0.0,4.1,76.92,0,,0,,0,0.0,0.0,0.0,,,0.16,,,0.0,0.0,0.0,0.0,0,0.0
Chang-Woo Rim,Jeju SK,Jeju SK,"RCB, RB",34,500000,,21,1821,0,0.63,2,2.6,16.8,56.18,Korea Republic,Korea Republic,right,183,72,no,8.01,5.83,65.25,5.14,49.04,0.35,0.43,0.25,3.86,4.81,0.79,2,0.1,0,0.0,3.51,0.0,0,0.0,0.03,0,0.0,10,0.49,70.0,0.0,0.1,3.46,54.29,0.0,0.0,3.46,54.29,0.35,1.68,73.53,3.41,55.07,0.94,1.04,0.54,28.17,1.33,0.74,40.58,82.22,13.69,72.2,4.89,93.94,16.66,88.13,31.63,90.16,5.88,52.94,19.76,36.4,0.13,0.84,0.0,0.05,0.1,50.0,0.49,5.39,77.98,2.82,64.91,0.25,40.0,0.44,1.83,9.64,73.85,0,,0,,0,0.0,0.0,0.0,,,0.84,,,0.05,0.05,100.0,0.0,0,0.0
D. Bulthuis,,Suwon Bluewings,LCB,36,500000,,18,1241,1,0.78,1,0.32,15.16,66.03,Netherlands,Netherlands,left,192,78,no,10.01,5.22,65.28,5.58,79.22,0.8,1.05,0.65,5.8,7.62,0.65,1,0.07,1,0.07,0.73,0.07,1,0.07,0.06,1,0.07,5,0.36,20.0,20.0,0.07,0.22,33.33,0.22,33.33,0.0,0.0,0.0,0.65,77.78,1.89,38.46,0.44,0.65,0.07,34.01,0.22,0.22,49.1,88.63,18.93,77.78,3.19,90.91,22.41,96.76,42.57,92.67,6.31,63.22,21.78,31.67,0.02,0.22,0.0,0.07,0.07,100.0,0.07,3.99,67.27,1.31,61.11,1.09,60.0,0.8,0.07,7.32,68.32,0,,0,,0,0.0,0.0,0.0,,,2.25,,,0.0,0.0,0.0,0.0,0,0.0
L. Ribeiro,,Daejeon Citizen,"CF, LW, LWF",31,500000,,24,1296,2,2.1,6,2.88,15.49,43.5,Brazil,Brazil,right,178,65,no,2.92,2.29,69.7,2.99,34.88,0.0,0.0,0.0,1.32,1.64,0.28,0,0.0,0,0.0,3.54,0.14,2,0.14,0.15,0,0.0,17,1.18,41.18,11.765,0.42,2.15,29.03,0.9,30.77,1.25,27.78,0.42,3.75,55.56,8.47,40.98,3.4,3.13,0.97,20.42,1.94,1.04,26.46,73.23,3.68,49.06,6.18,89.89,10.69,75.32,22.85,78.12,1.67,58.33,18.19,28.39,0.2,1.25,0.0,0.07,0.42,83.33,0.83,1.32,52.63,2.85,48.78,0.28,50.0,1.53,0.56,3.13,64.44,0,,0,,0,0.0,0.0,0.0,,,0.14,,,0.0,0.0,0.0,0.42,0,0.0
Il-Lok Yun,Gyeongnam,Gangwon,"CF, AMF, LAMF",34,500000,,6,266,0,0.65,0,0.06,26.73,46.84,Korea Republic,Korea Republic,right,178,65,no,11.84,6.77,85.0,3.05,22.22,1.02,1.29,0.0,5.08,6.43,0.68,1,0.34,0,0.0,1.69,0.0,0,0.0,0.22,0,0.0,5,1.69,20.0,0.0,0.0,2.37,14.29,1.02,0.0,1.35,25.0,0.34,2.71,37.5,11.5,35.29,2.03,1.35,0.68,17.93,0.34,1.35,33.5,74.75,6.77,65.0,10.15,86.67,8.46,72.0,29.1,83.72,2.03,16.67,14.21,14.36,0.02,0.34,0.0,0.0,0.0,0.0,0.34,3.72,54.55,1.35,50.0,0.0,0.0,0.68,0.34,5.41,75.0,0,,0,,0,0.0,0.0,0.0,,,0.0,,,0.0,0.0,0.0,0.0,0,0.0
Osmar Barba,Seoul E-Land,Seoul,"RCB, DMF, LDMF",38,500000,2026-12-31,35,3303,2,2.07,1,2.63,15.07,54.07,Spain,Spain,left,192,86,no,9.81,5.37,62.44,3.79,53.96,0.19,0.26,0.49,6.27,8.52,0.76,5,0.14,1,0.03,0.71,0.05,2,0.05,0.06,2,0.05,25,0.68,20.0,8.0,0.03,0.44,25.0,0.3,27.27,0.11,25.0,0.08,0.82,53.33,2.89,41.51,0.71,0.41,0.08,48.47,0.22,0.35,66.95,90.44,25.34,83.23,5.75,97.16,28.42,95.69,61.58,93.63,4.93,56.35,18.82,35.51,0.07,0.68,0.0,0.0,0.11,25.0,0.27,8.8,77.4,1.04,31.58,0.57,23.81,0.3,0.11,9.56,74.64,0,,0,,0,0.0,0.0,0.0,,,1.39,,,0.03,0.03,100.0,0.0,0,0.0
Wan-Kyu Kwon,Siheung Citizen,Seoul,"RCB, LCB",34,500000,,8,352,0,0.52,0,0.1,17.13,50.75,Korea Republic,Korea Republic,right,183,80,no,10.48,7.41,55.17,4.35,58.82,0.26,0.35,1.28,6.14,8.37,1.53,2,0.51,1,0.26,1.28,0.0,0,0.0,0.13,0,0.0,2,0.51,50.0,0.0,0.0,1.53,50.0,0.0,0.0,1.53,50.0,0.0,1.02,25.0,1.53,33.33,0.51,0.0,0.0,50.63,1.28,0.51,64.94,84.25,26.59,75.0,5.37,85.71,26.34,92.23,56.25,91.82,7.41,31.03,15.25,27.49,0.03,0.26,0.0,0.0,0.0,0.0,0.26,7.16,46.43,2.3,33.33,0.51,0.0,0.0,0.77,7.67,63.33,0,,0,,0,0.0,0.0,0.0,,,1.79,,,0.0,0.0,0.0,0.0,0,0.0
Jin-Ya Kim,Daejeon Citizen,Seoul,RB,28,500000,,29,1970,0,1.55,1,1.02,15.94,49.28,Korea Republic,Korea Republic,right,177,63,no,7.81,6.72,64.63,1.51,30.3,0.14,0.19,0.0,3.34,4.6,0.55,1,0.05,0,0.0,2.33,0.0,0,0.0,0.07,0,0.0,11,0.5,27.27,0.0,0.05,2.15,36.17,0.23,20.0,1.92,38.1,0.27,2.56,53.57,4.98,40.37,0.82,1.74,1.1,24.72,1.83,0.55,32.85,79.0,10.51,67.39,7.17,91.08,9.37,86.34,27.64,84.63,3.15,59.42,18.03,25.82,0.05,0.64,0.05,0.0,0.05,100.0,0.32,2.97,67.69,1.78,53.85,0.14,100.0,0.41,0.69,6.76,63.51,0,,0,,0,0.0,0.0,0.0,,,0.23,,,0.0,0.0,0.0,0.0,0,0.0
Kang-San Kim,Daegu,Daegu,"LCB, RCB",27,500000,,25,1479,1,1.35,0,0.07,15.7,60.47,Korea Republic,Korea Republic,right,184,77,no,9.86,6.27,68.93,5.72,62.77,0.12,0.11,0.37,5.42,5.06,0.85,3,0.18,0,0.0,0.67,0.06,1,0.06,0.08,1,0.06,11,0.67,45.45,9.091,0.0,0.24,50.0,0.18,33.33,0.06,100.0,0.0,0.67,27.27,2.19,36.11,0.49,0.49,0.06,20.26,0.37,0.67,34.26,84.9,15.03,76.92,1.76,93.1,12.54,93.69,28.42,90.79,5.66,56.99,18.07,24.1,0.0,0.12,0.0,0.0,0.06,100.0,0.06,3.77,69.35,0.61,60.0,0.37,50.0,0.24,0.06,7.42,65.57,0,,0,,0,0.0,0.0,0.0,,,0.49,,,0.0,0.0,0.0,0.0,0,0.0
Jin-Woo Jo,Suwon,Daegu,"LCB, CB",26,500000,,33,3100,0,2.64,1,0.93,15.36,64.08,Korea Republic,Korea Republic,right,189,81,no,10.02,5.6,71.5,6.74,64.22,0.2,0.19,0.64,5.81,5.48,0.84,7,0.2,1,0.03,0.38,0.0,0,0.0,0.08,0,0.0,27,0.78,25.93,0.0,0.03,0.2,42.86,0.12,25.0,0.09,66.67,0.03,0.12,75.0,0.7,29.17,0.81,0.23,0.06,13.12,0.26,0.23,24.88,79.81,12.43,69.16,1.22,90.48,9.17,91.77,20.58,86.46,4.12,47.89,21.65,37.05,0.03,0.12,0.0,0.03,0.0,0.0,0.03,2.9,56.0,0.46,25.0,0.2,57.14,0.2,0.12,5.69,60.2,0,,0,,0,0.0,0.0,0.0,,,0.32,,,0.03,0.03,0.0,0.0,0,0.0
Kim Young-Gwon,Ulsan Hyundai,Ulsan Hyundai,LCB,36,500000,,32,2989,1,0.37,0,0.6,9.61,61.76,Korea Republic,Korea Republic,left,185,78,no,7.56,4.16,68.84,2.44,55.56,0.15,0.22,0.54,4.55,6.52,0.78,7,0.21,0,0.0,0.69,0.03,1,0.03,0.01,0,0.0,7,0.21,28.57,14.286,0.0,0.48,56.25,0.39,69.23,0.03,0.0,0.0,0.36,75.0,1.23,65.85,0.21,2.26,0.18,58.41,0.54,0.6,73.8,89.76,33.0,83.21,3.67,98.36,29.69,96.15,63.77,94.33,9.58,61.01,21.53,39.61,0.02,0.15,0.03,0.03,0.18,50.0,0.09,13.97,76.29,2.23,44.59,1.35,37.78,0.9,0.24,15.66,86.15,0,,0,,0,0.0,0.0,0.0,,,2.5,,,0.09,0.03,0.0,0.0,0,0.0
Ryu Jae-Moon,Daegu,Jeonbuk Motors,"RCMF, LCMF, DMF",32,500000,,14,1077,1,0.2,2,0.27,15.96,52.88,Korea Republic,Korea Republic,right,185,72,no,8.86,5.93,59.15,2.76,60.61,0.58,0.76,0.17,4.76,6.17,0.58,0,0.0,0,0.0,0.75,0.08,1,0.08,0.02,0,0.0,8,0.67,25.0,12.5,0.17,0.08,100.0,0.0,0.0,0.08,100.0,0.0,1.0,50.0,3.76,42.22,0.25,0.67,0.0,34.26,0.08,0.75,47.38,89.59,12.12,77.93,7.52,96.67,19.3,93.51,43.7,91.78,3.59,62.79,16.94,31.8,0.02,0.42,0.0,0.0,0.25,0.0,0.25,5.35,75.0,1.09,46.15,0.84,20.0,0.33,0.08,6.02,72.22,0,,0,,0,0.0,0.0,0.0,,,0.42,,,0.0,0.0,0.0,0.0,0,0.0
Geon-Ung Kim,Jeju SK,Jeju SK,"LCMF, CB, RCMF",28,500000,,23,1602,2,0.82,0,0.79,11.97,47.42,Korea Republic,Korea Republic,right,185,81,no,6.57,5.56,57.58,1.74,41.94,0.17,0.22,0.28,3.2,4.27,1.4,6,0.34,0,0.0,0.67,0.11,2,0.11,0.05,0,0.0,13,0.73,23.08,15.385,0.0,0.73,46.15,0.11,50.0,0.62,45.45,0.17,0.56,30.0,1.74,22.58,0.73,0.34,0.0,36.69,0.22,0.11,48.48,89.92,15.06,84.33,6.07,98.15,20.9,91.94,43.31,92.74,4.49,70.0,18.66,33.12,0.04,0.51,0.11,0.0,0.17,0.0,0.11,6.46,73.04,1.69,50.0,0.67,25.0,0.84,0.28,6.97,83.87,0,,0,,0,0.0,0.0,0.0,,,0.79,,,0.0,0.0,0.0,0.0,0,0.0
Tae-Hwan Kim,Gimcheon Sangmu,Suwon Bluewings,"RB, LB, RWB",26,500000,2026-12-31,24,1740,0,0.41,0,0.71,19.66,54.47,Korea Republic,Korea Republic,right,179,73,yes,10.66,8.28,73.75,3.57,36.23,0.16,0.2,0.16,4.4,5.53,0.93,1,0.05,0,0.0,1.5,0.0,0,0.0,0.02,0,0.0,11,0.57,9.09,0.0,0.0,1.81,31.43,0.52,40.0,1.24,29.17,0.31,1.6,48.39,4.81,45.16,1.03,0.72,0.52,26.02,1.4,1.29,37.71,78.05,15.0,73.79,6.0,87.07,10.66,79.13,31.09,85.69,4.86,46.81,16.93,28.99,0.04,0.52,0.0,0.0,0.16,66.67,0.21,5.59,75.0,2.12,51.22,0.47,44.44,0.47,0.57,8.12,64.97,0,,0,,0,0.0,0.0,0.0,,,0.52,,,0.0,0.0,0.0,0.0,0,0.0
Lee Myung-Joo,Incheon United,Incheon United,"RCMF, LCMF",36,450000,,25,2132,2,0.87,1,2.62,14.77,52.29,Korea Republic,Korea Republic,right,176,72,no,8.15,7.47,57.63,1.44,55.88,0.34,0.37,0.0,3.5,3.87,1.22,5,0.21,0,0.0,1.14,0.08,2,0.08,0.04,0,0.0,11,0.46,45.45,18.182,0.04,1.18,28.57,0.38,44.44,0.8,21.05,0.25,0.84,55.0,3.42,43.21,0.84,0.38,0.13,30.86,0.21,0.76,43.52,84.19,11.99,70.77,8.06,89.01,14.82,90.88,38.12,88.93,4.26,57.43,18.55,34.11,0.11,1.27,0.0,0.04,0.38,33.33,0.3,5.19,69.92,1.73,60.98,0.68,43.75,0.59,0.3,5.57,69.7,0,,0,,0,0.0,0.0,0.0,,,0.25,,,0.68,0.04,0.0,2.7,0,0.0
K. Kozuka,Shimizu S-Pulse,Suwon Bluewings,"RCMF, DMF, RWF",31,450000,,16,1426,1,1.13,2,2.17,11.61,53.26,Japan,Japan,right,173,68,no,5.3,5.05,61.25,0.88,28.57,0.44,0.54,0.06,1.77,2.16,1.14,2,0.13,1,0.06,1.33,0.06,1,0.06,0.07,0,0.0,14,0.88,21.43,7.143,0.13,0.38,50.0,0.06,0.0,0.32,60.0,0.0,0.82,76.92,3.72,61.02,0.57,0.57,0.06,31.24,0.69,1.7,40.27,82.92,13.95,70.14,5.93,93.62,11.99,90.0,35.6,85.82,4.29,61.76,16.62,31.76,0.14,1.14,0.06,0.0,0.69,45.45,0.38,6.75,70.09,2.46,53.85,1.33,38.1,1.2,0.19,6.12,77.32,0,,0,,0,0.0,0.0,0.0,,,0.19,,,0.19,0.0,0.0,1.01,0,0.0
Sung-Dong Paik,Chungbuk Cheongju,Pohang Steelers,"LAMF, LW",34,450000,,26,1776,4,2.99,7,4.28,9.93,41.84,Korea Republic,Korea Republic,right,171,66,no,3.34,2.48,55.1,1.17,30.43,0.2,0.28,0.05,1.77,2.45,0.51,1,0.05,0,0.0,2.64,0.2,4,0.2,0.15,0,0.0,33,1.67,33.33,12.121,0.35,1.77,40.0,1.52,33.33,0.25,80.0,0.35,2.28,48.89,4.76,40.43,2.69,0.61,0.2,19.46,0.86,0.81,25.39,82.83,5.93,74.36,7.3,96.53,7.45,80.95,22.25,87.47,1.42,60.71,16.83,22.46,0.22,1.62,0.0,0.05,0.35,71.43,0.56,2.28,82.22,1.57,45.16,0.3,66.67,0.71,0.61,3.34,77.27,0,,0,,0,0.0,0.0,0.0,,,0.1,,,1.62,0.2,50.0,2.18,0,0.0
Maeng Seong-Ung,Jeonbuk Motors,Jeonbuk Motors,"LCMF, RCMF",28,450000,,17,814,0,0.78,1,0.17,21.78,46.7,Korea Republic,Korea Republic,right,183,70,no,9.18,8.96,50.62,3.87,42.86,0.11,0.15,0.66,4.53,6.21,1.99,5,0.55,0,0.0,1.33,0.0,0,0.0,0.09,0,0.0,8,0.88,12.5,0.0,0.11,0.77,42.86,0.0,0.0,0.66,33.33,0.11,1.66,46.67,6.08,47.27,0.66,1.0,0.11,30.96,0.44,2.21,42.57,85.45,11.28,69.61,9.51,100.0,14.82,86.57,36.71,88.86,5.09,67.39,18.11,29.47,0.02,0.33,0.0,0.0,0.22,50.0,0.44,6.41,77.59,1.55,50.0,0.77,57.14,0.44,0.33,6.74,73.77,0,,0,,0,0.0,0.0,0.0,,,0.66,,,0.11,0.0,0.0,0.11,0,0.0
F. Mulić,Novi Pazar,Suwon Bluewings,CF,31,450000,2027-06-30,22,1064,4,5.41,1,0.89,26.31,36.33,Serbia,Serbia,right,203,84,no,1.95,1.44,58.82,9.56,47.79,0.0,0.0,0.0,1.1,1.48,0.76,2,0.17,0,0.0,3.3,0.34,4,0.34,0.46,0,0.0,49,4.14,40.82,8.163,0.08,0.34,50.0,0.08,100.0,0.25,33.33,0.0,2.2,65.38,10.15,29.17,4.4,0.85,0.17,9.73,2.28,0.85,12.77,71.52,2.2,57.69,2.71,78.13,4.4,76.92,12.01,73.94,0.42,20.0,14.49,5.82,0.08,0.59,0.0,0.0,0.0,0.0,0.25,0.93,45.45,0.85,50.0,0.08,0.0,0.59,0.17,1.35,50.0,0,,0,,0,0.0,0.0,0.0,,,0.0,,,0.42,0.42,80.0,0.0,0,0.0
Kim In-Sung,Ansan Greeners,Pohang Steelers,"RAMF, RW, LAMF",36,450000,,35,1661,1,2.81,1,1.94,19.18,35.88,Korea Republic,Korea Republic,right,180,78,no,5.36,5.26,54.64,1.9,22.86,0.05,0.07,0.22,2.44,3.29,1.25,5,0.27,1,0.05,3.2,0.05,1,0.05,0.15,0,0.0,32,1.73,43.75,3.125,0.05,2.06,31.58,0.27,60.0,1.68,29.03,0.38,3.58,46.97,9.75,31.11,2.17,1.79,0.87,21.62,2.38,1.19,28.39,82.25,4.98,69.57,11.81,92.66,6.83,80.16,25.52,88.32,0.92,29.41,16.29,10.63,0.11,0.92,0.0,0.0,0.16,66.67,0.22,1.63,66.67,1.84,55.88,0.16,66.67,0.81,0.54,3.74,69.57,0,,0,,0,0.0,0.0,0.0,,,0.16,,,0.0,0.0,0.0,0.0,0,0.0
Lee Soo-Bin,Gimcheon Sangmu,Jeonbuk Motors,"LCMF, RCMF, LDMF",26,450000,2026-10-06,14,907,0,0.09,0,0.37,16.97,47.95,Korea Republic,Korea Republic,right,180,70,yes,8.04,6.95,60.0,2.08,38.1,0.4,0.52,0.1,3.47,4.55,1.19,4,0.4,0,0.0,0.89,0.0,0,0.0,0.01,0,0.0,8,0.79,12.5,0.0,0.0,0.5,20.0,0.3,0.0,0.2,50.0,0.0,1.59,43.75,4.37,34.09,0.2,0.99,0.6,38.4,0.3,0.4,52.19,82.7,16.17,66.26,8.24,96.39,20.04,88.61,46.04,87.93,5.66,45.61,17.91,34.79,0.04,0.6,0.0,0.0,0.3,0.0,0.1,9.82,73.74,1.89,36.84,0.99,0.0,0.79,0.2,9.82,61.62,0,,0,,0,0.0,0.0,0.0,,,0.3,,,0.0,0.0,0.0,0.3,0,0.0
Ja-Cheol Koo,,Jeju SK,"LCMF, RCMF",37,450000,,16,1287,0,1.56,1,0.43,20.21,42.56,Korea Republic,Korea Republic,right,183,74,no,6.78,4.06,55.17,3.5,38.0,1.19,1.55,0.14,3.36,4.36,0.98,5,0.35,0,0.0,1.61,0.0,0,0.0,0.11,0,0.0,15,1.05,46.67,0.0,0.07,0.49,57.14,0.35,40.0,0.14,100.0,0.0,2.03,34.48,9.02,37.98,1.47,0.35,0.21,24.97,0.28,1.96,35.17,87.87,7.83,69.64,8.81,98.41,11.12,90.57,32.17,90.65,2.52,58.33,15.57,34.13,0.03,0.56,0.0,0.07,0.42,33.33,0.14,3.57,66.67,0.98,28.57,0.91,15.38,0.35,0.28,3.43,69.39,0,,0,,0,0.0,0.0,0.0,,,0.21,,,0.0,0.0,0.0,0.0,0,0.0
Kyung-Min Kim,Gwangju,Gwangju,GK,34,450000,,26,2538,0,0.0,0,0.0,1.13,75.0,Korea Republic,Korea Republic,right,190,78,no,1.1,0.18,40.0,0.85,79.17,0.0,0.0,0.0,1.03,1.39,0.04,1,0.04,0,0.0,0.0,0.0,0,0.0,0.0,0,0.0,0,0.0,0.0,0.0,0.0,0.0,0.0,0.0,0.0,0.0,0.0,0.0,0.0,0.0,0.07,100.0,0.0,0.0,0.0,8.76,0.28,0.11,13.23,89.28,7.91,82.96,0.0,0.0,4.75,99.25,9.5,98.51,3.72,65.71,28.41,43.2,0.0,0.0,0.0,0.0,0.0,0.0,0.0,0.82,43.48,0.11,0.0,0.18,20.0,0.0,0.0,2.77,74.36,22,0.78,104,3.69,12,78.85,29.03,1.03,7.03,0.249,0.0,1.84,0.85,,,,0.0,0,0.0
Kim Dong-Heon,Incheon United,Incheon United,GK,29,450000,,24,2428,0,0.0,0,0.0,1.15,74.19,Korea Republic,Korea Republic,left,186,87,no,1.63,0.07,0.0,0.67,94.44,0.0,0.0,0.0,1.63,1.72,0.07,1,0.04,0,0.0,0.0,0.0,0,0.0,0.0,0,0.0,0,0.0,0.0,0.0,0.0,0.04,0.0,0.0,0.0,0.04,0.0,0.0,0.0,0.0,0.19,40.0,0.07,0.0,0.0,5.41,0.15,0.3,10.93,75.59,7.78,69.05,0.0,0.0,2.82,92.11,4.86,96.95,6.04,58.9,40.17,52.65,0.0,0.0,0.0,0.0,0.0,0.0,0.0,2.0,51.85,0.19,20.0,0.07,50.0,0.04,0.0,4.45,73.33,26,0.96,94,3.48,8,72.34,29.91,1.11,3.91,0.145,0.0,2.56,0.67,,,,0.0,0,0.0
Kim Do-Hyeok,Gimpo Citizen,Incheon United,"LCMF, LWB",34,450000,,32,2324,1,1.7,3,4.36,16.73,47.69,Korea Republic,Korea Republic,left,173,70,no,8.33,5.81,68.0,1.63,42.86,0.66,0.72,0.12,3.72,4.05,0.54,3,0.12,0,0.0,2.56,0.04,1,0.04,0.07,0,0.0,22,0.85,50.0,4.545,0.12,1.86,39.58,1.7,38.64,0.12,66.67,0.15,2.71,41.43,7.36,36.84,1.28,1.16,0.27,33.23,1.36,0.97,46.67,81.08,13.52,67.05,9.49,96.33,14.79,81.68,38.49,87.02,6.51,55.36,19.39,34.13,0.17,1.2,0.04,0.0,0.46,58.33,0.66,7.24,62.03,2.79,51.39,1.24,37.5,1.01,0.66,8.6,74.32,0,,0,,0,0.0,0.0,0.0,,,0.31,,,0.12,0.0,0.0,0.89,0,0.0
Kim Bo-Sub,Yongin,Incheon United,"LW, CF, LWF",28,450000,,33,2108,3,4.99,3,2.03,22.29,40.23,Korea Republic,Korea Republic,right,183,74,no,5.42,5.42,68.5,2.82,31.82,0.04,0.05,0.04,1.67,1.82,1.32,2,0.09,0,0.0,3.29,0.13,3,0.13,0.21,0,0.0,54,2.31,35.19,5.556,0.13,1.84,13.95,1.32,19.35,0.51,0.0,0.13,4.27,47.0,10.76,32.14,2.78,2.31,1.15,17.5,1.62,0.94,23.78,78.64,4.48,64.76,6.28,93.88,7.0,76.22,21.3,85.37,0.68,37.5,16.97,11.91,0.09,0.81,0.13,0.04,0.47,45.45,0.3,1.84,67.44,1.96,43.48,0.43,40.0,0.94,0.3,2.82,63.64,0,,0,,0,0.0,0.0,0.0,,,0.13,,,0.0,0.0,0.0,0.0,0,0.0
Kang-Hyun Yu,Daejeon Citizen,Daejeon Citizen,CF,30,450000,,26,1131,1,3.87,2,0.61,31.11,33.76,Korea Republic,Korea Republic,right,186,78,no,4.93,3.98,60.0,10.82,25.74,0.0,0.0,0.24,2.55,3.49,1.11,2,0.16,0,0.0,3.1,0.08,1,0.08,0.31,0,0.0,30,2.39,43.33,3.333,0.16,1.03,15.38,0.56,14.29,0.4,20.0,0.16,3.42,51.16,10.27,32.56,3.34,0.4,0.32,13.93,2.15,1.11,21.49,74.81,3.9,48.98,5.57,94.29,5.49,66.67,19.89,79.2,0.64,25.0,12.23,8.43,0.05,0.88,0.0,0.0,0.32,50.0,0.48,1.59,60.0,1.51,21.05,0.48,16.67,0.4,0.16,1.35,58.82,0,,0,,0,0.0,0.0,0.0,,,0.08,,,0.0,0.0,0.0,0.0,0,0.0
Yool Heo,Ulsan Hyundai,Gwangju,CF,25,450000,,33,1777,3,4.68,3,0.7,20.66,34.8,Korea Republic,Korea Republic,left,193,87,no,4.61,3.14,62.9,6.23,42.28,0.81,1.12,0.2,1.82,2.52,1.47,6,0.3,0,0.0,1.22,0.15,3,0.15,0.24,1,0.05,25,1.27,48.0,12.0,0.15,0.1,50.0,0.1,50.0,0.0,0.0,0.0,1.47,31.03,6.94,22.63,2.48,0.2,0.1,7.75,1.11,0.56,11.65,76.52,1.77,51.43,3.49,89.86,3.65,80.56,11.29,77.58,0.25,40.0,14.89,3.42,0.04,0.81,0.0,0.0,0.15,66.67,0.61,0.86,52.94,0.56,72.73,0.2,50.0,0.46,0.05,1.22,29.17,0,,0,,0,0.0,0.0,0.0,,,0.05,,,0.0,0.0,0.0,0.0,0,0.0
Hyeon-Seok Doo,Geoje Citizen,Gwangju,"RB, LB",30,450000,,37,3340,2,1.22,6,4.03,12.45,50.22,Korea Republic,Korea Republic,left,169,65,no,6.04,5.31,59.39,1.16,39.53,0.05,0.07,0.24,2.83,3.86,0.59,2,0.05,0,0.0,2.51,0.05,2,0.05,0.03,0,0.0,21,0.57,42.86,9.524,0.16,2.4,35.96,0.59,27.27,1.78,37.88,0.27,2.1,57.69,4.34,44.72,0.78,1.94,0.51,41.25,1.32,0.73,51.17,86.89,17.03,81.01,7.54,94.29,19.62,89.42,44.33,92.04,4.53,62.5,18.49,32.91,0.11,1.29,0.03,0.05,0.32,58.33,0.38,6.39,81.86,4.2,50.0,1.19,40.91,1.24,0.86,7.9,78.5,0,,0,,0,0.0,0.0,0.0,,,0.73,,,0.89,0.05,100.0,2.1,0,0.0
Jong-Beom Baek,Gimcheon Sangmu,Seoul,GK,25,450000,2026-10-06,26,2596,0,0.0,0,0.0,0.76,77.27,Korea Republic,Korea Republic,right,190,85,yes,1.84,0.14,75.0,0.42,91.67,0.03,0.05,0.0,1.7,2.47,0.0,2,0.07,0,0.0,0.0,0.0,0,0.0,0.0,0,0.0,0,0.0,0.0,0.0,0.0,0.0,0.0,0.0,0.0,0.0,0.0,0.0,0.0,0.0,0.1,33.33,0.0,0.03,0.0,12.72,0.07,0.1,18.37,88.49,8.84,79.61,0.0,0.0,8.67,97.2,13.38,97.93,4.99,63.19,28.95,47.73,0.0,0.0,0.0,0.0,0.0,0.0,0.0,0.9,46.15,0.0,0.0,0.0,0.0,0.0,0.0,3.71,72.9,37,1.28,108,3.74,5,65.74,36.16,1.25,-0.84,-0.029,0.0,1.32,0.42,,,,0.0,0,0.0
Su-Il Park,Seoul,Seoul,"RB, LB",30,450000,,36,2949,1,0.87,3,1.02,14.98,49.29,Korea Republic,Korea Republic,right,178,72,no,8.06,6.35,63.46,2.5,32.93,0.46,0.65,0.24,3.57,5.06,0.79,3,0.09,0,0.0,1.89,0.03,1,0.03,0.03,0,0.0,16,0.49,50.0,6.25,0.09,2.53,28.92,0.49,37.5,2.04,26.87,0.37,1.8,44.07,3.94,43.41,0.7,2.04,0.49,36.56,1.8,0.92,47.37,81.57,14.65,69.17,8.88,94.85,16.05,83.46,39.86,89.59,5.19,44.71,18.68,34.27,0.03,0.46,0.06,0.03,0.31,40.0,0.12,6.38,66.03,3.02,42.42,0.73,50.0,0.52,0.64,8.48,74.46,0,,0,,0,0.0,0.0,0.0,,,0.37,,,0.03,0.0,0.0,0.0,0,0.0
Lee Ki-Je,Bangkok United,Suwon Bluewings,"LB, LWB",35,450000,2027-06-30,31,2780,2,0.99,4,5.91,10.55,57.06,Korea Republic,Korea Republic,left,175,68,no,5.86,5.34,66.67,1.72,45.28,0.13,0.17,0.1,2.17,2.87,0.74,5,0.16,0,0.0,2.01,0.06,2,0.06,0.03,0,0.0,20,0.65,40.0,10.0,0.13,2.75,42.35,2.53,39.74,0.23,71.43,0.32,0.71,63.64,1.65,52.94,0.45,1.23,0.16,34.9,1.75,0.45,44.16,82.77,14.89,71.74,7.87,94.65,13.73,83.49,34.09,90.12,7.54,62.66,19.88,38.4,0.19,1.55,0.0,0.0,0.29,44.44,0.36,6.73,65.38,3.85,51.26,1.62,50.0,0.94,1.2,9.26,79.72,0,,0,,0,0.0,0.0,0.0,,,0.45,,,2.01,0.36,45.45,3.01,0,0.0
Dae-Won Park,Suwon Bluewings,Suwon Bluewings,"LCB, LB",28,450000,,31,2671,0,0.59,0,0.52,13.01,56.74,Korea Republic,Korea Republic,left,178,76,no,8.05,5.9,65.71,3.87,53.04,0.2,0.25,0.54,3.98,4.9,1.01,8,0.27,1,0.03,0.27,0.0,0,0.0,0.02,0,0.0,5,0.17,20.0,0.0,0.0,0.2,50.0,0.17,60.0,0.03,0.0,0.0,0.54,25.0,1.11,24.24,0.2,1.68,0.3,34.2,0.47,0.37,47.41,88.06,19.81,80.44,3.4,95.05,18.13,94.98,41.88,92.12,5.36,57.86,19.65,34.4,0.02,0.24,0.0,0.0,0.13,0.0,0.03,5.93,75.57,0.71,52.38,0.54,43.75,0.34,0.1,8.22,68.03,0,,0,,0,0.0,0.0,0.0,,,1.25,,,0.07,0.0,0.0,0.0,0,0.0
Kang Seong-Jin,Suwon Bluewings,Seoul,RW,23,400000,2028-12-31,7,265,2,0.83,0,0.78,25.81,38.16,Korea Republic,Korea Republic,left,180,76,no,3.06,6.45,42.11,1.36,25.0,0.0,0.0,0.0,0.34,0.45,0.34,1,0.34,0,0.0,7.13,0.68,2,0.68,0.28,0,0.0,5,1.7,60.0,40.0,0.0,3.74,45.45,0.0,0.0,3.74,45.45,0.0,8.15,54.17,14.94,38.64,4.08,1.36,0.0,20.38,1.36,1.36,26.49,79.49,4.75,64.29,8.15,95.83,7.13,76.19,22.08,87.69,0.68,0.0,19.26,7.36,0.26,2.04,0.0,0.0,0.0,0.0,1.02,1.7,60.0,2.72,62.5,0.0,0.0,0.0,2.04,5.43,75.0,0,,0,,0,0.0,0.0,0.0,,,0.0,,,0.0,0.0,0.0,0.34,0,0.0
S. Min,Gwangju,Suwon Bluewings,RCB,34,400000,,1,15,0,0.0,0,0.0,,,Korea Republic,Korea Republic,right,184,77,no,,,,,,,0.0,,,10.0,,0,,0,,,,0,,,0,,0,,,0.0,,,,,,,,,,,,,,,,,,,,,,,,,,,,,,,19.34,0.0,,,,,,,,,,,,,,,,,,0,,0,,0,0.0,0.0,,,,,,,,,,,0,0.0
M. Acosty,,Suwon Bluewings,"LW, RW, LWF",34,400000,,25,1657,4,3.31,3,2.33,19.5,45.4,Ghana,"Ghana, Italy",right,178,76,no,3.58,3.69,48.53,3.96,49.32,0.11,0.15,0.05,1.68,2.26,1.25,1,0.05,0,0.0,3.91,0.22,4,0.22,0.18,1,0.05,42,2.28,38.1,9.524,0.16,1.74,37.5,0.33,0.0,1.41,46.15,0.22,3.31,60.66,9.4,43.35,3.86,2.77,0.81,19.55,2.88,1.52,26.29,79.13,6.46,68.07,7.33,88.89,6.68,79.67,24.12,82.21,0.65,66.67,15.56,18.01,0.13,1.3,0.0,0.0,0.81,46.67,0.65,2.28,80.95,2.61,70.83,0.81,40.0,1.96,0.6,4.67,77.91,0,,0,,0,0.0,0.0,0.0,,,0.11,,,0.0,0.0,0.0,0.0,0,0.0
Yun-Seong Kang,Daejeon Citizen,Daejeon Citizen,"RB, LB",28,400000,2027-12-31,13,1103,1,0.19,1,0.56,17.71,46.08,Korea Republic,Korea Republic,right,172,65,no,8.81,7.91,57.73,3.02,51.35,0.16,0.23,0.41,4.08,5.81,1.31,2,0.16,0,0.0,1.88,0.08,1,0.08,0.02,0,0.0,4,0.33,50.0,25.0,0.08,2.12,38.46,0.9,27.27,1.22,46.67,0.16,2.37,31.03,5.22,28.13,0.82,1.71,0.49,25.7,1.71,0.49,35.9,83.64,11.59,76.76,5.71,94.29,11.5,83.69,31.99,88.27,1.96,54.17,17.19,25.2,0.05,0.24,0.0,0.08,0.33,50.0,0.24,4.24,80.77,2.53,45.16,0.33,25.0,0.41,0.73,6.28,79.22,0,,0,,0,0.0,0.0,0.0,,,0.57,,,0.0,0.0,0.0,0.0,0,0.0
Jin-Woo Jeon,Oxford United,Suwon Bluewings,"LWF, RW, LW",26,400000,,21,1129,1,2.31,1,0.5,21.52,45.56,Korea Republic,Korea Republic,right,181,69,no,7.41,5.98,64.0,4.46,42.86,0.16,0.21,0.24,3.43,4.51,0.88,2,0.16,0,0.0,2.47,0.08,1,0.08,0.18,1,0.08,25,1.99,20.0,4.0,0.08,2.31,17.24,1.83,13.04,0.48,33.33,0.0,3.59,46.67,8.21,41.75,3.67,2.55,0.8,22.08,2.55,1.43,28.14,80.74,4.07,66.67,10.04,92.86,7.89,75.76,24.95,88.18,1.2,33.33,16.11,17.21,0.04,0.4,0.08,0.08,0.0,0.0,0.16,1.12,64.29,2.07,30.77,0.0,0.0,0.8,0.24,1.67,57.14,0,,0,,0,0.0,0.0,0.0,,,0.0,,,0.0,0.0,0.0,0.0,0,0.0
Hyun-Soo Hwang,Ayutthaya United,Seoul,"RCB, LCB",31,400000,,14,419,0,0.0,0,0.0,12.89,53.33,Korea Republic,Korea Republic,right,183,80,no,5.58,4.3,70.0,6.44,40.0,0.0,0.0,0.21,2.58,3.21,0.64,1,0.21,0,0.0,0.0,0.0,0,0.0,0.0,0,0.0,0,0.0,0.0,0.0,0.0,0.0,0.0,0.0,0.0,0.0,0.0,0.0,0.0,0.0,0.43,50.0,0.21,0.64,0.0,32.86,0.64,0.0,47.68,87.39,19.76,82.61,3.22,100.0,20.19,90.43,42.74,91.46,4.94,52.17,17.57,20.86,0.0,0.0,0.0,0.0,0.0,0.0,0.0,5.16,62.5,0.0,0.0,0.21,0.0,0.21,0.0,8.38,66.67,0,,0,,0,0.0,0.0,0.0,,,1.5,,,0.0,0.0,0.0,0.0,0,0.0
Je-Woon Yeon,Jeonbuk Motors,Jeju SK,"RCB, LCB",31,400000,,13,1223,2,0.73,0,0.05,8.83,59.17,Korea Republic,Korea Republic,right,185,78,no,6.18,3.24,72.73,3.39,58.7,0.0,0.0,0.74,3.83,5.29,0.29,0,0.0,0,0.0,0.37,0.15,2,0.15,0.05,2,0.15,6,0.44,50.0,33.333,0.0,0.0,0.0,0.0,0.0,0.0,0.0,0.0,0.15,100.0,0.96,30.77,0.44,0.59,0.0,43.05,0.22,0.44,57.55,93.22,19.65,84.64,4.27,98.28,27.01,97.82,52.32,95.5,5.22,70.42,19.62,39.36,0.0,0.15,0.0,0.0,0.0,0.0,0.07,6.7,76.92,0.66,55.56,0.37,40.0,0.37,0.0,7.58,79.61,0,,0,,0,0.0,0.0,0.0,,,2.94,,,0.07,0.0,0.0,0.0,0,0.0
Kim Dong-Min,Gimpo Citizen,Incheon United,"CB, RCB",31,400000,,27,2643,0,0.23,0,0.0,14.68,59.63,Korea Republic,Korea Republic,right,180,75,no,12.36,6.67,74.49,3.34,44.9,0.27,0.31,0.82,7.12,8.21,0.75,5,0.17,2,0.07,0.51,0.0,0,0.0,0.01,0,0.0,9,0.31,0.0,0.0,0.0,0.37,18.18,0.07,0.0,0.31,22.22,0.0,0.75,59.09,2.28,37.31,0.2,0.65,0.14,31.74,0.58,0.58,46.72,88.19,16.55,78.19,2.93,96.51,22.24,94.79,42.05,92.87,4.32,48.03,19.88,38.25,0.0,0.0,0.0,0.03,0.0,0.0,0.0,4.02,68.64,0.51,40.0,0.27,25.0,0.14,0.07,6.5,61.26,0,,0,,0,0.0,0.0,0.0,,,1.16,,,0.0,0.0,0.0,0.0,0,0.0
Kim Seung-Dae,,Pohang Steelers,"RAMF, RW, LAMF",35,400000,,35,2594,3,3.02,4,5.65,10.1,40.89,Korea Republic,Korea Republic,right,176,64,no,3.12,3.26,55.32,1.28,24.32,0.14,0.19,0.07,1.18,1.66,0.52,2,0.07,0,0.0,1.39,0.1,3,0.1,0.1,0,0.0,16,0.56,56.25,18.75,0.14,1.84,39.62,0.62,44.44,1.18,38.24,0.17,0.94,37.04,3.68,38.68,2.19,0.42,0.17,20.75,1.56,0.73,27.41,81.9,4.86,67.14,8.92,92.22,8.43,83.13,24.22,85.53,1.39,72.5,15.38,19.88,0.2,1.28,0.0,0.07,0.21,0.0,0.69,1.91,69.09,2.08,53.33,0.35,30.0,1.14,0.76,4.02,71.55,0,,0,,0,0.0,0.0,0.0,,,0.1,,,0.03,0.0,0.0,0.1,0,0.0
K. Höög Jansson,Estrela Amadora,Gangwon,LCMF,25,400000,2028-06-30,1,12,0,0.0,0,0.0,,,Belgium,"Belgium, Sweden",left,189,81,no,,,,,,,0.0,,,15.0,,0,,0,,,,0,,,0,,1,,,0.0,,,,,,,,,,,,,,,,,,,,,,,,,,,,,,,10.75,0.0,,,,,,,,,,,,,,,,,,0,,0,,0,0.0,0.0,,,,,,,,,,,0,0.0
D. Islamović,Rosenborg,Gangwon,CF,32,400000,2027-12-31,8,454,0,0.82,0,0.05,30.53,34.42,Sweden,"Sweden, Montenegro",left,190,87,no,3.96,2.18,54.55,13.08,36.36,0.0,0.0,0.4,2.78,3.11,1.39,0,0.0,0,0.0,1.39,0.0,0,0.0,0.16,0,0.0,9,1.78,22.22,0.0,0.0,0.59,33.33,0.59,33.33,0.0,0.0,0.4,1.39,57.14,7.33,32.43,2.97,0.0,0.0,13.28,2.18,1.19,22.2,65.18,6.15,38.71,6.54,78.79,5.15,61.54,21.41,65.74,0.4,50.0,14.54,6.13,0.01,0.4,0.0,0.0,0.2,0.0,0.2,2.18,63.64,1.19,33.33,0.0,0.0,0.59,0.2,2.38,41.67,0,,0,,0,0.0,0.0,0.0,,,0.0,,,0.0,0.0,0.0,0.0,0,0.0
I. Alibaev,Neftchi,Gangwon,"LCMF, RCMF",32,400000,2027-12-31,23,1290,1,0.51,0,1.27,21.98,53.02,Uzbekistan,Uzbekistan,right,173,65,no,12.84,10.81,70.32,2.23,34.38,0.7,0.86,0.14,4.53,5.57,1.19,1,0.07,0,0.0,1.74,0.07,1,0.07,0.04,0,0.0,17,1.19,23.53,5.882,0.0,1.47,38.1,1.12,43.75,0.35,20.0,0.49,1.26,61.11,5.37,32.47,1.19,1.05,0.21,29.44,0.21,0.63,44.23,83.12,12.98,72.58,6.77,96.91,17.51,86.06,37.4,87.69,5.37,63.64,18.55,29.29,0.09,0.56,0.0,0.0,0.42,33.33,0.28,7.6,76.15,1.88,62.96,0.63,44.44,0.77,0.63,7.4,81.13,0,,0,,0,0.0,0.0,0.0,,,0.35,,,0.49,0.0,0.0,0.56,0,0.0
Bo-Kyung Kim,Anyang,Suwon Bluewings,"RCMF, LW, AMF",36,400000,,23,1607,0,2.35,2,2.29,20.05,42.18,Korea Republic,Korea Republic,left,176,72,no,8.23,5.71,62.75,1.85,24.24,0.56,0.72,0.0,4.09,5.28,1.06,3,0.17,0,0.0,2.41,0.0,0,0.0,0.13,0,0.0,18,1.01,27.78,0.0,0.11,1.4,40.0,0.56,30.0,0.84,46.67,0.17,3.42,34.43,8.9,35.85,1.96,2.13,0.45,27.44,1.18,1.23,37.75,83.83,10.25,73.77,8.79,94.9,9.97,88.76,34.44,86.83,1.96,60.0,15.7,26.56,0.13,0.95,0.06,0.06,0.67,58.33,0.5,4.09,73.97,1.96,57.14,0.73,61.54,0.84,0.62,4.37,74.36,0,,0,,0,0.0,0.0,0.0,,,0.28,,,0.22,0.0,0.0,0.62,0,0.0
Jin-Su Seo,Daejeon Citizen,Jeju SK,"CF, LW, LWF",25,400000,,34,2503,5,7.82,2,1.92,24.38,37.46,Korea Republic,Korea Republic,right,183,71,no,4.75,3.42,72.63,3.99,28.83,0.36,0.47,0.14,1.91,2.5,0.68,1,0.04,0,0.0,3.49,0.18,3,0.11,0.28,0,0.0,48,1.73,43.75,10.417,0.07,1.11,12.9,0.61,11.76,0.5,14.29,0.32,4.67,47.69,12.87,31.56,2.59,1.51,0.72,14.56,1.4,1.26,21.21,74.07,5.75,66.25,5.21,88.97,5.47,71.71,18.95,77.8,1.15,71.88,16.28,25.21,0.07,0.65,0.07,0.04,0.83,43.48,0.25,2.23,69.35,2.09,43.1,0.9,40.0,1.01,0.11,2.77,74.03,0,,0,,0,0.0,0.0,0.0,,,0.07,,,0.0,0.0,0.0,0.0,2,100.0
M. Ishida,Daejeon Citizen,Daejeon Citizen,"AMF, RCMF, CF",31,400000,,25,1492,6,4.82,3,2.15,18.04,44.15,Japan,Japan,right,180,68,no,7.0,6.39,57.55,1.81,30.0,0.06,0.08,0.24,3.26,4.31,1.15,0,0.0,0,0.0,2.9,0.36,6,0.36,0.29,0,0.0,36,2.17,52.78,16.667,0.18,0.54,44.44,0.3,60.0,0.18,0.0,0.06,3.14,44.23,6.76,41.07,2.71,1.39,0.6,14.42,0.24,0.9,22.92,80.0,7.18,70.59,4.58,92.11,6.15,80.39,21.47,82.02,1.09,50.0,14.62,17.86,0.13,1.15,0.06,0.0,0.3,40.0,0.6,2.77,80.43,1.09,44.44,0.48,37.5,0.97,0.18,3.32,65.45,0,,0,,0,0.0,0.0,0.0,,,0.18,,,0.06,0.06,100.0,0.0,0,0.0
Jin-Hyun Lee,Ulsan Hyundai,Daejeon Citizen,LCMF,28,400000,2027-12-31,28,2071,3,2.44,4,3.91,18.17,46.41,Korea Republic,Korea Republic,left,173,63,no,7.69,7.0,60.87,1.56,33.33,0.22,0.29,0.13,3.22,4.32,1.26,3,0.13,0,0.0,3.04,0.13,3,0.13,0.11,0,0.0,36,1.56,33.33,8.333,0.17,2.52,31.03,1.04,37.5,1.43,27.27,0.35,3.3,46.05,7.3,41.07,1.56,1.22,0.43,33.72,0.91,1.26,46.89,80.26,11.95,65.82,9.91,92.54,16.12,85.44,40.33,85.99,4.13,53.68,17.74,34.34,0.17,1.3,0.13,0.04,0.52,41.67,0.43,6.52,70.67,3.91,41.11,1.13,38.46,1.0,0.78,6.43,73.65,0,,0,,0,0.0,0.0,0.0,,,0.17,,,1.87,0.39,11.11,3.09,0,0.0
Hui-Kyun Lee,Ulsan Hyundai,Gwangju,"LCMF, CF, RCMF",28,400000,2026-12-31,34,2302,2,2.85,0,2.8,20.41,46.36,Korea Republic,Korea Republic,right,168,63,no,7.35,5.51,67.38,1.41,16.67,0.2,0.27,0.31,3.44,4.74,0.82,6,0.23,0,0.0,4.54,0.08,2,0.08,0.11,0,0.0,43,1.68,39.53,4.651,0.0,1.37,31.43,0.9,30.43,0.43,36.36,0.23,5.94,51.97,10.67,39.93,2.78,3.44,1.45,28.31,1.41,0.94,38.39,83.71,8.44,68.06,9.38,93.33,12.82,88.11,35.5,86.89,1.52,56.41,16.43,24.26,0.11,0.9,0.12,0.08,0.55,64.29,0.43,3.13,82.5,2.19,55.36,0.74,63.16,1.06,0.51,4.03,66.99,0,,0,,0,0.0,0.0,0.0,,,0.27,,,0.0,0.0,0.0,0.04,0,0.0
Kim Ji-Hyun,Suwon Bluewings,Ulsan Hyundai,"CF, RCMF",30,400000,,5,163,0,0.32,0,0.01,25.4,41.3,Korea Republic,Korea Republic,right,184,80,no,4.97,5.52,50.0,7.18,61.54,0.0,0.0,0.0,2.21,3.53,1.1,0,0.0,0,0.0,3.87,0.0,0,0.0,0.18,0,0.0,4,2.21,50.0,0.0,0.0,1.1,50.0,0.0,0.0,1.1,50.0,0.0,2.76,80.0,12.15,22.73,4.42,0.0,0.0,14.36,2.21,1.1,23.19,76.19,2.76,80.0,8.28,86.67,6.07,72.73,21.53,76.92,0.55,100.0,13.49,7.99,0.01,0.55,0.0,0.0,0.0,0.0,0.0,2.21,75.0,1.66,66.67,0.0,0.0,0.55,0.55,3.31,66.67,0,,0,,0,0.0,0.0,0.0,,,0.0,,,0.0,0.0,0.0,0.0,0,0.0
Cho Hyun-Taek,Ulsan Hyundai,Ulsan Hyundai,"LAMF, LB",25,400000,,30,685,0,1.24,0,1.1,18.39,47.86,Korea Republic,Korea Republic,left,180,76,no,9.33,7.62,58.62,2.36,50.0,0.66,0.96,0.53,4.2,6.15,1.84,0,0.0,0,0.0,1.84,0.0,0,0.0,0.16,0,0.0,8,1.05,37.5,0.0,0.0,2.1,25.0,2.1,25.0,0.0,0.0,0.66,1.84,42.86,5.39,34.15,1.71,1.18,1.05,17.08,0.92,1.18,23.91,76.92,5.91,66.67,6.31,93.75,6.44,69.39,20.5,84.62,1.71,38.46,18.12,15.51,0.14,1.18,0.13,0.0,0.26,50.0,0.39,2.36,72.22,1.84,42.86,0.13,0.0,1.05,0.39,4.6,71.43,0,,0,,0,0.0,0.0,0.0,,,0.26,,,0.26,0.13,100.0,1.31,0,0.0
Kim Kee-Hee,Seattle Sounders,Ulsan Hyundai,"RCB, LCB",37,400000,2026-12-31,27,2483,0,0.28,0,0.46,14.32,63.04,Korea Republic,Korea Republic,right,188,80,no,8.66,6.13,75.15,5.15,58.45,0.43,0.61,0.51,3.62,5.09,0.72,7,0.25,0,0.0,0.47,0.0,0,0.0,0.01,0,0.0,6,0.22,16.67,0.0,0.0,0.43,50.0,0.14,50.0,0.25,42.86,0.11,0.25,57.14,0.8,50.0,0.47,0.98,0.04,45.67,0.51,0.29,58.18,89.72,20.3,79.82,2.1,89.66,30.19,96.04,51.07,94.46,6.71,55.68,22.25,39.51,0.02,0.14,0.0,0.04,0.07,100.0,0.11,9.03,75.5,1.38,42.11,0.87,29.17,0.54,0.22,9.79,76.67,0,,0,,0,0.0,0.0,0.0,,,1.12,,,0.0,0.0,0.0,0.0,0,0.0
Murilo Henrique,,Suwon,"AMF, LW, LCMF",31,400000,,15,1078,4,2.92,1,1.91,20.12,43.15,Brazil,Brazil,right,177,76,no,5.26,5.68,57.35,2.34,32.14,0.5,0.62,0.0,1.5,1.85,0.75,2,0.17,0,0.0,3.01,0.33,4,0.33,0.24,1,0.08,24,2.0,41.67,16.667,0.08,0.92,63.64,0.67,50.0,0.25,100.0,0.08,2.84,50.0,9.02,39.81,1.92,0.5,0.08,26.88,0.67,1.59,35.82,85.55,10.19,72.95,6.26,92.0,11.1,91.73,32.56,87.95,2.42,58.62,15.59,32.55,0.16,1.5,0.08,0.0,0.42,40.0,0.42,4.76,84.21,2.34,67.86,0.92,36.36,0.92,0.58,5.34,79.69,0,,0,,0,0.0,0.0,0.0,,,0.0,,,0.17,0.17,50.0,2.34,0,0.0
Kim Min-Hyeok,Busan I'Park,Ulsan Hyundai,"LDMF, RCMF, AMF",33,400000,,32,2166,2,4.08,2,0.83,20.32,45.81,Korea Republic,Korea Republic,right,182,70,no,7.48,5.98,63.19,5.24,47.62,0.58,0.85,0.37,3.12,4.57,1.2,7,0.29,0,0.0,1.25,0.08,2,0.08,0.17,1,0.04,26,1.08,34.62,7.692,0.08,0.21,40.0,0.04,0.0,0.17,50.0,0.0,1.79,37.21,5.98,30.56,2.16,0.91,0.37,32.2,0.66,1.2,43.55,90.74,8.77,78.2,10.43,97.61,15.37,94.05,42.47,91.88,0.87,47.62,14.3,17.36,0.03,0.37,0.08,0.0,0.25,50.0,0.25,3.91,77.66,0.96,56.52,0.33,12.5,0.87,0.08,3.2,61.04,0,,0,,0,0.0,0.0,0.0,,,0.33,,,0.0,0.0,0.0,0.0,0,0.0
Jeong Min-Ki,Suwon,Jeonbuk Motors,GK,30,400000,2026-12-31,9,902,0,0.0,0,0.39,0.3,100.0,Korea Republic,Korea Republic,right,190,78,no,1.7,0.0,0.0,0.3,100.0,0.0,0.0,0.0,1.7,2.44,0.0,0,0.0,0,0.0,0.0,0.0,0,0.0,0.0,0,0.0,0,0.0,0.0,0.0,0.0,0.0,0.0,0.0,0.0,0.0,0.0,0.0,0.0,0.0,0.0,0.0,0.0,0.0,0.0,6.59,0.1,0.0,10.78,86.11,6.19,75.81,0.0,0.0,4.39,100.0,6.78,100.0,3.99,62.5,32.35,49.11,0.04,0.1,0.0,0.0,0.0,0.0,0.0,1.3,76.92,0.0,0.0,0.1,100.0,0.1,0.0,3.39,73.53,10,1.0,47,4.69,4,78.72,8.81,0.88,-1.19,-0.119,0.0,0.8,0.3,,,,0.0,0,0.0
Rafa Silva,Vila Nova,Jeonbuk Motors,CF,34,400000,2026-11-30,25,1419,3,5.4,1,0.71,20.61,32.62,Brazil,Brazil,right,179,73,no,3.62,2.98,51.06,5.39,22.35,0.44,0.6,0.0,1.65,2.23,1.21,4,0.25,1,0.06,2.6,0.19,3,0.19,0.34,1,0.06,43,2.73,34.88,6.977,0.06,0.63,0.0,0.32,0.0,0.32,0.0,0.0,2.73,53.49,8.56,32.59,3.55,0.95,0.63,13.95,1.08,0.63,18.84,82.83,3.87,65.57,4.82,92.11,5.96,87.23,17.76,87.5,0.44,14.29,15.98,9.95,0.05,0.32,0.0,0.0,0.44,42.86,0.06,2.35,67.57,0.7,36.36,0.51,37.5,0.57,0.0,1.21,73.68,0,,0,,0,0.0,0.0,0.0,,,0.06,,,0.0,0.0,0.0,0.0,0,0.0
Jeong Woo-Jae,Chungnam Asan,Jeonbuk Motors,"LB, RB",34,400000,,26,2150,0,0.15,1,0.66,14.15,52.37,Korea Republic,Korea Republic,right,179,70,no,7.7,5.65,60.0,2.97,56.34,0.21,0.27,0.21,4.1,5.28,0.42,1,0.04,0,0.0,1.72,0.0,0,0.0,0.01,0,0.0,2,0.08,50.0,0.0,0.04,1.42,52.94,0.88,61.9,0.54,38.46,0.04,1.67,52.5,3.89,46.24,0.25,1.8,0.75,27.04,1.05,0.42,38.13,81.34,13.06,72.44,5.86,92.14,11.85,89.75,33.49,85.0,3.27,55.13,16.57,31.51,0.03,0.5,0.0,0.04,0.25,16.67,0.08,4.27,71.57,1.72,65.85,0.33,37.5,0.5,0.75,8.33,69.85,0,,0,,0,0.0,0.0,0.0,,,0.25,,,0.0,0.0,0.0,0.0,0,0.0
Lee Dong-Jun,Jeonbuk Motors,Jeonbuk Motors,"RW, RWF, RAMF",29,400000,,23,1222,0,1.74,2,1.94,19.52,45.66,Korea Republic,Korea Republic,right,173,65,no,5.38,4.93,55.22,3.02,46.34,0.07,0.09,0.07,2.58,3.29,1.25,0,0.0,0,0.0,3.24,0.0,0,0.0,0.13,0,0.0,13,0.96,15.38,0.0,0.15,3.39,23.91,0.0,0.0,3.31,24.44,0.59,3.98,53.7,8.84,42.5,2.58,1.33,0.66,16.06,1.62,2.14,20.62,67.86,2.95,60.0,6.85,91.4,5.6,56.58,16.35,78.38,0.96,38.46,17.35,13.19,0.14,0.74,0.07,0.0,0.37,40.0,0.37,1.1,53.33,2.8,42.11,0.44,33.33,0.59,0.88,2.5,64.71,0,,0,,0,0.0,0.0,0.0,,,0.07,,,0.07,0.0,0.0,0.15,0,0.0
Chul Hong,,Daegu,"LB, LWB",35,400000,,29,2279,0,0.35,6,4.68,11.69,51.01,Korea Republic,Korea Republic,left,177,70,no,7.46,5.96,62.25,0.99,32.0,0.28,0.25,0.2,3.48,3.2,0.67,2,0.08,0,0.0,1.46,0.0,0,0.0,0.01,0,0.0,7,0.28,14.29,0.0,0.24,2.21,41.07,1.97,38.0,0.16,100.0,0.36,0.99,44.0,3.12,43.04,0.63,0.83,0.59,24.17,0.79,0.83,34.95,77.97,16.27,70.39,3.99,91.09,9.87,84.0,26.77,84.81,6.0,61.18,20.8,33.85,0.18,1.58,0.04,0.0,0.24,33.33,0.43,5.77,66.44,2.41,52.46,0.39,30.0,0.47,0.91,9.6,74.07,0,,0,,0,0.0,0.0,0.0,,,0.12,,,1.58,0.2,20.0,1.46,0,0.0
Myeong-Seok Ko,Buriram United,Suwon Bluewings,RCB,30,400000,,22,1608,0,1.32,0,0.02,15.5,58.84,Korea Republic,Korea Republic,right,189,80,no,10.52,6.27,75.0,5.88,49.52,0.56,0.76,0.45,5.26,7.16,0.5,3,0.17,0,0.0,0.34,0.0,0,0.0,0.07,0,0.0,6,0.34,50.0,0.0,0.0,0.11,50.0,0.06,0.0,0.06,100.0,0.0,0.17,66.67,0.73,53.85,0.39,0.28,0.06,31.85,0.34,0.45,47.41,85.36,18.02,70.81,2.57,95.65,22.67,94.81,40.47,91.42,6.83,50.0,21.05,30.96,0.0,0.06,0.0,0.0,0.06,0.0,0.0,5.49,61.22,0.67,25.0,0.9,37.5,0.06,0.06,8.28,62.16,0,,0,,0,0.0,0.0,0.0,,,1.9,,,0.0,0.0,0.0,0.0,0,0.0
Ho-Ik Jang,Busan I'Park,Suwon Bluewings,"RCB, RB",32,400000,,17,1232,0,0.04,0,0.77,18.48,67.59,Korea Republic,Korea Republic,right,173,62,no,12.71,8.4,78.26,3.73,74.51,1.02,1.26,0.44,5.11,6.31,0.51,1,0.07,0,0.0,1.1,0.0,0,0.0,0.0,0,0.0,2,0.15,0.0,0.0,0.0,1.1,33.33,0.0,0.0,1.1,33.33,0.07,1.02,71.43,3.36,52.17,0.15,1.02,0.22,32.29,1.24,1.31,44.71,86.27,18.41,77.38,3.8,96.15,14.83,91.13,38.72,91.32,5.04,56.52,17.95,31.7,0.06,0.58,0.0,0.07,0.0,0.0,0.29,5.84,68.75,1.53,47.62,0.22,33.33,0.51,0.37,7.6,73.08,0,,0,,0,0.0,0.0,0.0,,,0.66,,,0.0,0.0,0.0,0.15,0,0.0
Seung-Gyu Han,,Seoul,"LCMF, CF, RCMF",29,375000,,17,864,1,2.04,1,0.79,14.58,50.0,Korea Republic,Korea Republic,right,173,65,no,5.42,5.21,64.0,1.46,21.43,0.52,0.74,0.0,1.56,2.22,0.94,2,0.21,0,0.0,2.5,0.1,1,0.1,0.21,0,0.0,17,1.77,29.41,5.882,0.1,1.56,26.67,0.83,25.0,0.63,33.33,0.21,2.08,75.0,5.94,45.61,2.29,0.94,0.83,39.06,0.83,0.52,49.48,87.58,10.42,79.0,13.75,95.45,16.46,87.34,44.9,91.88,3.02,55.17,15.67,21.65,0.08,0.94,0.0,0.1,0.1,0.0,0.31,5.21,78.0,1.77,52.94,0.21,0.0,1.25,0.31,4.9,63.83,0,,0,,0,0.0,0.0,0.0,,,0.52,,,0.31,0.1,0.0,0.42,0,0.0
M. Tuci,Gangwon,Gangwon,"RCB, CB",27,375000,,16,1455,1,0.88,0,0.0,12.87,62.5,Montenegro,Montenegro,,0,0,no,9.65,4.76,76.62,5.63,53.85,0.25,0.27,0.62,5.75,6.19,0.56,3,0.19,0,0.0,0.12,0.06,1,0.06,0.05,1,0.06,7,0.43,14.29,14.286,0.0,0.12,50.0,0.0,0.0,0.12,50.0,0.0,0.12,0.0,0.74,25.0,0.56,0.25,0.0,25.24,0.37,0.06,35.81,88.6,14.04,77.09,2.1,97.06,17.75,96.17,30.25,94.07,5.44,59.09,22.84,38.44,0.0,0.06,0.0,0.0,0.0,0.0,0.0,4.02,67.69,0.43,57.14,0.25,75.0,0.25,0.06,6.37,67.96,0,,0,,0,0.0,0.0,0.0,,,1.67,,,0.0,0.0,0.0,0.0,0,0.0
Chae-Min Lim,Yongin,Jeju SK,"CB, RCB, LCB",35,375000,,26,2423,1,1.63,0,0.31,12.78,62.21,Korea Republic,Korea Republic,right,188,82,no,7.65,5.09,67.88,4.01,53.7,0.07,0.1,0.56,4.12,5.41,1.0,6,0.22,0,0.0,0.78,0.04,1,0.04,0.06,0,0.0,17,0.63,23.53,5.882,0.0,0.11,33.33,0.04,0.0,0.07,50.0,0.0,0.74,75.0,1.89,52.94,0.59,0.48,0.04,37.55,0.26,0.67,50.74,89.68,19.24,80.89,2.19,94.92,24.14,96.0,45.24,93.76,5.42,56.16,20.95,40.07,0.01,0.19,0.0,0.0,0.07,50.0,0.0,6.05,69.94,0.26,71.43,0.33,55.56,0.19,0.04,8.62,71.12,0,,0,,0,0.0,0.0,0.0,,,1.52,,,0.11,0.11,33.33,0.0,0,0.0
Se-Jong Ju,Gwangju,Daejeon Citizen,"DMF, RCMF, LCMF",35,375000,,30,2259,1,0.5,2,2.85,15.02,51.72,Korea Republic,Korea Republic,right,176,72,no,7.81,5.82,64.38,1.12,35.71,0.44,0.57,0.12,3.63,4.75,1.12,4,0.16,1,0.04,1.79,0.04,1,0.04,0.02,1,0.04,19,0.76,10.53,5.263,0.08,1.39,42.86,0.88,45.45,0.52,38.46,0.2,1.35,55.88,5.06,48.03,0.08,0.8,0.32,50.32,0.24,1.27,66.73,84.12,23.98,71.76,7.69,96.89,28.09,90.07,55.26,90.12,10.08,56.92,21.6,39.7,0.11,1.12,0.04,0.04,0.8,45.0,0.16,13.51,68.73,3.51,36.36,1.79,33.33,0.6,0.56,11.91,78.6,0,,0,,0,0.0,0.0,0.0,,,0.96,,,1.75,0.04,0.0,1.71,0,0.0
Ju-Hun Song,Suwon Bluewings,Jeju SK,"LCB, CB",32,375000,,13,948,1,1.59,0,0.0,16.42,68.21,Korea Republic,Korea Republic,left,190,83,no,10.35,5.32,71.43,5.98,71.43,0.0,0.0,0.95,6.55,9.12,0.38,1,0.09,0,0.0,0.66,0.09,1,0.09,0.15,0,0.0,12,1.14,16.67,8.333,0.0,0.19,100.0,0.09,100.0,0.09,100.0,0.0,0.19,100.0,1.9,60.0,1.04,1.04,0.09,34.56,0.76,1.04,51.65,87.13,21.65,78.51,2.47,100.0,21.84,95.22,45.09,90.95,6.36,59.7,19.96,33.2,0.0,0.0,0.0,0.0,0.09,100.0,0.0,6.65,72.86,1.23,53.85,0.76,37.5,0.28,0.19,10.35,78.9,0,,0,,0,0.0,0.0,0.0,,,1.61,,,0.09,0.0,0.0,0.0,0,0.0
Yuri Jonathan,Criciúma,Jeju SK,CF,28,375000,2026-12-31,33,2109,10,9.92,4,1.15,29.91,41.23,Brazil,Brazil,right,185,78,no,2.86,2.26,56.6,14.34,49.4,0.09,0.12,0.13,1.49,2.06,1.62,3,0.13,0,0.0,2.13,0.43,9,0.38,0.42,3,0.13,54,2.3,42.59,18.519,0.17,0.51,25.0,0.26,16.67,0.26,33.33,0.13,1.54,58.33,7.85,28.8,3.33,0.6,0.13,10.75,1.66,1.07,17.97,73.4,3.24,47.37,5.25,90.24,5.25,69.92,16.81,75.63,0.68,50.0,15.51,10.85,0.05,0.51,0.04,0.0,0.26,50.0,0.21,2.13,54.0,0.68,43.75,0.17,25.0,0.51,0.13,1.37,65.63,0,,0,,0,0.0,0.0,0.0,,,0.04,,,0.0,0.0,0.0,0.0,3,33.333
Yeon-Soo Kim,,Incheon United,RCB,32,375000,,22,1948,0,0.69,0,0.04,15.25,57.58,Korea Republic,Korea Republic,right,187,78,no,9.01,5.36,67.24,5.78,56.8,0.09,0.1,0.28,5.31,5.58,0.97,3,0.14,0,0.0,0.23,0.0,0,0.0,0.03,0,0.0,7,0.32,14.29,0.0,0.0,0.09,50.0,0.0,0.0,0.09,50.0,0.0,0.23,20.0,1.16,16.0,0.46,0.23,0.14,26.43,0.42,0.18,40.01,85.57,17.7,78.07,2.17,87.23,15.2,94.22,35.11,90.79,4.8,48.08,19.24,34.26,0.0,0.05,0.05,0.0,0.09,100.0,0.0,3.37,60.27,0.37,25.0,0.32,42.86,0.09,0.05,6.84,53.38,0,,0,,0,0.0,0.0,0.0,,,0.79,,,0.0,0.0,0.0,0.0,0,0.0
Deok-Geun Lim,Gimcheon Sangmu,Daejeon Citizen,"RCMF, LCMF, DMF",26,375000,2026-12-01,20,1273,0,0.47,0,0.0,15.62,44.34,Korea Republic,Korea Republic,right,183,77,yes,8.77,4.52,60.94,3.68,34.62,0.78,0.95,0.21,5.23,6.38,1.27,1,0.07,0,0.0,2.19,0.0,0,0.0,0.03,0,0.0,11,0.78,27.27,0.0,0.0,1.56,36.36,0.35,60.0,1.2,29.41,0.07,2.19,58.06,4.52,43.75,0.71,1.06,0.07,32.24,0.57,0.57,46.73,84.27,13.36,68.25,6.01,96.47,18.03,90.59,40.79,88.73,4.45,60.32,19.57,30.43,0.0,0.07,0.07,0.0,0.21,66.67,0.07,7.14,78.22,1.77,40.0,0.92,46.15,0.42,0.42,7.42,74.29,0,,0,,0,0.0,0.0,0.0,,,0.85,,,0.28,0.0,0.0,0.0,0,0.0
A. Calver,Hume City,Gwangju,RCB,30,375000,2027-06-30,20,1384,0,0.68,0,0.39,17.17,58.33,Australia,Australia,right,186,76,no,9.1,5.85,75.56,6.96,55.14,0.2,0.27,0.72,4.49,6.27,0.91,3,0.2,0,0.0,0.59,0.0,0,0.0,0.04,0,0.0,8,0.52,62.5,0.0,0.0,0.78,8.33,0.0,0.0,0.78,8.33,0.2,0.52,37.5,1.63,36.0,1.24,0.91,0.13,45.2,0.59,0.33,58.72,88.82,21.33,81.4,2.73,92.86,27.77,93.44,54.56,92.73,3.38,44.23,19.78,31.38,0.03,0.26,0.07,0.0,0.0,0.0,0.0,7.67,76.27,1.24,42.11,0.85,38.46,0.46,0.07,7.61,78.63,0,,0,,0,0.0,0.0,0.0,,,1.11,,,0.0,0.0,0.0,0.07,0,0.0
Jong-Sung Lee,Hwaseong,Suwon Bluewings,"RCMF, DMF",34,375000,,21,1710,0,0.28,1,0.89,16.05,55.41,Korea Republic,Korea Republic,right,187,72,no,9.63,6.68,63.78,2.37,55.56,0.89,1.16,0.21,4.47,5.78,1.16,8,0.42,1,0.05,0.68,0.0,0,0.0,0.01,0,0.0,9,0.47,22.22,0.0,0.05,0.26,60.0,0.05,100.0,0.21,50.0,0.0,0.53,60.0,3.42,46.15,0.16,0.68,0.21,38.16,0.32,1.32,56.42,84.14,19.21,73.97,7.53,95.1,20.84,92.68,49.74,87.83,6.42,56.56,18.1,33.08,0.05,0.42,0.0,0.0,0.37,28.57,0.21,9.84,72.19,2.11,50.0,1.58,30.0,0.84,0.16,9.89,74.47,0,,0,,0,0.0,0.0,0.0,,,0.53,,,0.05,0.0,0.0,0.0,0,0.0
Jae-Hee Jeong,Daejeon Citizen,Pohang Steelers,"RAMF, RW",32,350000,,7,409,2,1.04,0,0.55,17.6,42.5,Korea Republic,Korea Republic,right,174,70,no,5.06,5.28,50.0,3.52,50.0,0.22,0.36,0.22,2.2,3.61,0.88,1,0.22,0,0.0,2.42,0.44,2,0.44,0.23,0,0.0,3,0.66,100.0,66.667,0.0,3.3,13.33,0.44,0.0,2.86,15.38,0.22,2.64,50.0,6.38,31.03,2.2,1.1,1.54,23.99,2.2,0.22,30.81,70.71,6.38,58.62,8.58,100.0,7.26,54.55,25.53,79.31,1.98,55.56,16.24,28.35,0.12,1.1,0.0,0.0,0.44,0.0,0.44,3.52,50.0,3.08,21.43,0.66,33.33,0.88,0.44,3.74,82.35,0,,0,,0,0.0,0.0,0.0,,,0.0,,,0.0,0.0,0.0,0.0,0,0.0
H. Aiesh,,Seoul,RW,31,350000,,3,73,0,0.08,0,0.0,22.19,44.44,Sweden,"Sweden, Syria",right,180,72,no,9.86,6.16,40.0,0.0,0.0,0.0,0.0,0.0,7.4,9.47,2.47,0,0.0,0,0.0,6.16,0.0,0,0.0,0.09,0,0.0,2,2.47,0.0,0.0,0.0,8.63,28.57,0.0,0.0,8.63,28.57,1.23,6.16,60.0,13.56,45.45,2.47,7.4,0.0,46.85,2.47,0.0,55.48,75.56,11.1,66.67,16.03,100.0,17.26,78.57,45.62,83.78,3.7,33.33,22.06,21.03,0.0,0.0,0.0,0.0,0.0,0.0,0.0,7.4,50.0,4.93,100.0,0.0,0.0,2.47,2.47,7.4,100.0,0,,0,,0,0.0,0.0,0.0,,,0.0,,,0.0,0.0,0.0,0.0,0,0.0
Werik Popó,Fagiano Okayama,Suwon Bluewings,"CF, LWF",24,350000,2026-06-30,7,364,0,0.46,0,0.04,26.7,32.41,Brazil,Brazil,right,190,86,no,4.45,3.96,50.0,5.19,19.05,0.0,0.0,0.25,2.47,2.68,1.24,1,0.25,0,0.0,3.21,0.0,0,0.0,0.11,0,0.0,6,1.48,16.67,0.0,0.0,1.73,14.29,1.48,0.0,0.25,100.0,0.0,3.71,73.33,13.35,37.04,2.47,1.73,0.25,7.91,1.48,0.74,14.84,73.33,1.98,50.0,4.7,89.47,4.45,72.22,12.86,82.69,0.49,0.0,16.46,12.81,0.01,0.74,0.0,0.0,0.0,0.0,0.0,0.74,66.67,1.73,42.86,0.0,0.0,0.25,0.25,0.99,50.0,0,,0,,0,0.0,0.0,0.0,,,0.0,,,0.0,0.0,0.0,0.0,0,0.0
Lee Gwang-Yeon,Seongnam,Gangwon,GK,26,350000,,18,1803,0,0.0,0,0.0,0.9,88.89,Korea Republic,Korea Republic,right,184,85,no,1.35,0.05,100.0,0.7,100.0,0.0,0.0,0.0,1.3,1.39,0.0,1,0.05,0,0.0,0.0,0.0,0,0.0,0.0,0,0.0,0,0.0,0.0,0.0,0.0,0.0,0.0,0.0,0.0,0.0,0.0,0.0,0.0,0.0,0.0,0.0,0.0,0.0,0.0,6.74,0.35,0.0,11.58,78.02,8.44,71.6,0.0,0.0,2.9,96.55,4.89,95.92,6.64,65.41,40.85,53.68,0.0,0.0,0.05,0.0,0.0,0.0,0.0,2.75,56.36,0.25,20.0,0.15,66.67,0.1,0.0,5.39,79.63,17,0.85,71,3.54,7,76.06,17.26,0.86,0.26,0.013,0.0,1.9,0.7,,,,0.0,0,0.0
Mun Ji-Hwan,Incheon United,Incheon United,"RCMF, DMF",32,350000,2026-12-31,27,1652,2,0.51,0,0.34,14.87,49.08,Korea Republic,Korea Republic,right,185,77,no,8.17,5.39,57.58,2.78,50.98,0.54,0.61,0.22,4.52,5.1,1.09,8,0.44,0,0.0,0.87,0.11,2,0.11,0.03,1,0.05,11,0.6,27.27,18.182,0.0,0.27,40.0,0.0,0.0,0.27,40.0,0.0,0.76,64.29,3.81,37.14,0.54,0.44,0.11,35.14,0.22,0.82,49.47,85.46,14.49,69.55,6.32,97.41,20.05,91.85,41.95,90.26,7.25,59.4,20.76,40.51,0.02,0.27,0.0,0.0,0.27,40.0,0.11,8.06,68.24,0.82,60.0,0.54,30.0,0.49,0.11,7.79,71.33,0,,0,,0,0.0,0.0,0.0,,,0.33,,,0.0,0.0,0.0,0.0,0,0.0
Woo-Seok Kim,Jincheon HR,Gangwon,"RCB, LCB",30,350000,,13,847,0,0.0,0,0.04,11.58,55.96,Korea Republic,Korea Republic,right,184,74,no,7.65,5.21,63.27,3.61,55.88,0.43,0.47,0.21,3.93,4.37,0.74,0,0.0,0,0.0,0.43,0.0,0,0.0,0.0,0,0.0,0,0.0,0.0,0.0,0.0,0.21,100.0,0.11,100.0,0.11,100.0,0.0,0.32,66.67,0.64,50.0,0.11,0.96,0.11,32.41,0.0,0.53,44.2,88.7,20.08,77.78,1.91,100.0,18.6,97.71,38.89,91.8,5.1,64.58,20.46,34.22,0.0,0.11,0.11,0.0,0.0,0.0,0.0,5.74,57.41,0.96,44.44,0.53,20.0,0.11,0.21,8.82,79.52,0,,0,,0,0.0,0.0,0.0,,,0.85,,,0.11,0.0,0.0,0.0,0,0.0
Rodrigo Bassani,Bucheon 1995,Suwon Bluewings,"RW, LCMF, RWF",28,350000,2026-12-31,22,1524,3,4.75,1,1.08,23.21,43.51,Brazil,Brazil,left,177,79,no,6.97,5.67,59.38,3.13,39.62,0.3,0.36,0.35,3.31,3.98,0.89,4,0.24,0,0.0,3.31,0.18,3,0.18,0.28,0,0.0,41,2.42,29.27,7.317,0.06,0.59,10.0,0.24,0.0,0.35,16.67,0.12,4.07,55.07,10.75,40.66,1.95,1.54,0.65,18.25,0.71,1.06,27.93,80.13,7.8,67.42,5.79,90.82,8.74,83.11,25.45,83.29,1.89,59.38,15.58,23.63,0.06,0.59,0.06,0.0,0.65,45.45,0.3,3.84,75.38,1.71,44.83,1.0,41.18,0.65,0.06,3.84,81.54,0,,0,,0,0.0,0.0,0.0,,,0.06,,,0.41,0.0,0.0,0.77,1,0.0
Ju-Gong Kim,Daegu,Jeju SK,"RWF, RW, LCMF",30,350000,,28,1983,3,6.08,1,0.68,20.74,38.95,Korea Republic,Korea Republic,right,180,66,no,5.58,5.31,55.56,2.63,46.55,0.5,0.66,0.05,2.13,2.82,0.95,2,0.09,0,0.0,3.18,0.14,3,0.14,0.28,2,0.09,46,2.09,50.0,6.522,0.05,1.95,20.93,0.68,26.67,1.23,18.52,0.14,3.72,46.34,10.03,30.32,2.86,1.27,0.64,17.79,1.04,1.0,24.6,79.34,5.36,67.8,6.17,92.65,7.62,77.98,22.33,85.16,0.5,36.36,16.74,12.47,0.03,0.36,0.0,0.05,0.18,0.0,0.27,2.13,82.98,2.13,44.68,0.18,0.0,0.73,0.45,2.59,73.68,0,,0,,0,0.0,0.0,0.0,,,0.05,,,0.14,0.14,0.0,0.27,0,0.0
Oh-Kyu Kim,Seoul E-Land,Jeju SK,RCB,37,350000,,30,2789,1,0.46,0,0.07,12.42,55.06,Korea Republic,Korea Republic,right,183,75,no,8.65,4.52,59.29,3.71,54.78,0.35,0.46,0.35,5.61,7.35,0.68,8,0.26,0,0.0,0.55,0.03,1,0.03,0.01,0,0.0,9,0.29,11.11,11.111,0.0,0.29,44.44,0.0,0.0,0.29,44.44,0.0,0.61,63.16,1.71,47.17,0.26,0.71,0.13,35.08,0.65,0.58,50.31,83.96,22.2,73.26,2.81,93.1,19.59,92.26,41.47,90.89,8.55,51.7,21.91,40.7,0.0,0.03,0.0,0.0,0.0,0.0,0.03,8.87,63.27,1.29,42.5,0.77,33.33,0.32,0.13,10.42,74.3,0,,0,,0,0.0,0.0,0.0,,,1.55,,,0.1,0.0,0.0,0.0,0,0.0
Hyun-Woo Kim,Gimcheon Sangmu,Daejeon Citizen,"RCB, CB",27,350000,2026-12-31,26,2046,0,0.55,1,0.14,14.78,61.31,Korea Republic,Korea Republic,right,183,78,yes,10.73,6.69,74.34,5.01,54.39,0.44,0.56,0.44,5.32,6.79,0.57,3,0.13,0,0.0,0.4,0.0,0,0.0,0.02,0,0.0,5,0.22,20.0,0.0,0.04,0.31,28.57,0.04,0.0,0.26,33.33,0.09,0.57,46.15,1.01,26.09,0.31,0.31,0.04,29.25,0.53,0.13,42.62,88.65,14.69,78.74,3.61,97.56,19.49,94.58,37.65,92.64,4.66,60.38,19.67,31.26,0.01,0.09,0.0,0.0,0.0,0.0,0.0,3.91,69.66,0.26,33.33,0.22,60.0,0.09,0.04,6.25,68.31,0,,0,,0,0.0,0.0,0.0,,,1.54,,,0.0,0.0,0.0,0.0,0,0.0
Han-Gil Kim,Yongin,Gwangju,"RW, LB, LW",31,350000,2028-12-31,29,1628,3,1.35,0,1.34,19.63,43.66,Korea Republic,Korea Republic,left,178,65,no,6.25,5.58,54.46,2.16,48.72,0.55,0.74,0.17,2.65,3.53,1.0,4,0.22,0,0.0,3.76,0.17,3,0.17,0.07,1,0.06,17,0.94,41.18,17.647,0.0,2.54,41.3,1.11,35.0,1.44,46.15,0.06,4.53,43.9,9.73,36.36,1.38,2.38,1.33,22.22,1.71,0.83,30.79,79.53,8.07,69.18,7.91,97.2,10.01,78.45,26.59,85.45,1.82,42.42,16.68,18.32,0.07,0.55,0.06,0.06,0.55,60.0,0.44,2.71,63.27,3.26,64.41,0.66,41.67,1.16,1.05,6.03,66.06,0,,0,,0,0.0,0.0,0.0,,,0.06,,,0.11,0.06,0.0,0.28,0,0.0
Lee Chung-Yong,Incheon United,Ulsan Hyundai,"RAMF, RDMF, LDMF",38,350000,,34,1710,1,1.23,1,1.96,16.26,51.78,Korea Republic,Korea Republic,right,180,70,no,7.32,5.32,68.32,1.53,34.48,0.68,1.05,0.16,3.0,4.58,0.53,5,0.26,0,0.0,3.0,0.05,1,0.05,0.06,0,0.0,11,0.58,18.18,9.091,0.05,2.95,39.29,1.0,36.84,1.89,38.89,0.42,2.63,50.0,7.16,44.12,1.58,3.53,0.84,55.95,1.0,1.53,71.32,88.12,21.05,82.75,10.84,96.6,25.53,89.28,63.89,92.34,4.68,58.43,16.35,24.95,0.1,0.89,0.0,0.05,0.84,50.0,0.26,10.79,83.9,5.0,51.58,1.11,28.57,1.95,1.0,11.0,90.43,0,,0,,0,0.0,0.0,0.0,,,0.84,,,0.32,0.0,0.0,1.68,0,0.0
Ku Ja-Ryong,Brisbane City,Jeonbuk Motors,"LCB, RB, RCB",34,350000,,23,2003,0,0.35,0,0.13,12.9,58.89,Korea Republic,Korea Republic,right,182,75,no,7.91,5.75,57.03,3.59,65.0,0.18,0.23,0.4,4.45,5.8,0.76,5,0.22,0,0.0,0.45,0.0,0,0.0,0.02,0,0.0,4,0.18,50.0,0.0,0.0,0.27,33.33,0.09,50.0,0.18,25.0,0.0,0.49,54.55,1.62,52.78,0.45,0.63,0.13,32.71,0.36,0.54,45.29,89.78,17.84,81.36,3.5,96.15,18.96,96.68,41.29,93.25,3.73,55.42,19.51,31.77,0.01,0.09,0.0,0.04,0.0,0.0,0.0,4.99,72.07,0.58,46.15,0.36,37.5,0.18,0.13,6.43,70.63,0,,0,,0,0.0,0.0,0.0,,,1.53,,,0.13,0.0,0.0,0.0,0,0.0
Sung-Won Jang,Daegu,Daegu,"RB, RWB, LB",29,350000,,29,1618,1,0.61,3,0.96,16.52,49.49,Korea Republic,Korea Republic,right,175,70,no,7.4,6.4,57.39,1.5,40.74,0.11,0.11,0.17,3.62,3.6,0.78,3,0.17,0,0.0,2.95,0.06,1,0.06,0.03,0,0.0,10,0.56,20.0,10.0,0.17,2.45,31.82,0.28,20.0,2.17,33.33,0.0,4.06,50.68,7.18,44.96,0.56,2.45,1.0,16.74,0.89,1.33,24.98,75.06,8.57,66.23,4.84,93.1,6.29,78.76,19.69,83.05,3.11,55.36,19.76,27.44,0.05,0.78,0.11,0.06,0.0,0.0,0.39,2.61,61.7,1.78,43.75,0.17,33.33,0.39,0.67,6.01,65.74,0,,0,,0,0.0,0.0,0.0,,,0.28,,,0.0,0.0,0.0,0.0,0,0.0
Seok-Jong Han,,Suwon Bluewings,"DMF, RCMF, LCMF",34,350000,,6,528,0,0.16,0,0.0,16.19,51.58,Korea Republic,Korea Republic,right,184,72,no,9.72,8.01,70.21,1.36,25.0,0.51,0.59,0.0,3.58,4.14,0.85,1,0.17,0,0.0,0.85,0.0,0,0.0,0.03,0,0.0,3,0.51,0.0,0.0,0.0,0.34,50.0,0.0,0.0,0.34,50.0,0.0,1.19,57.14,4.77,46.43,0.17,0.34,0.0,38.69,0.34,0.85,52.84,88.39,11.25,74.24,9.38,94.55,21.48,92.86,50.8,90.27,1.88,45.45,17.06,33.6,0.0,0.0,0.0,0.0,0.0,0.0,0.0,5.45,65.63,0.17,0.0,0.17,0.0,0.0,0.0,4.43,53.85,0,,0,,0,0.0,0.0,0.0,,,0.85,,,0.0,0.0,0.0,0.0,0,0.0
Hyung-Mo Yang,Suwon Bluewings,Suwon Bluewings,GK,35,350000,,36,3565,0,0.0,0,0.0,0.58,86.96,Korea Republic,Korea Republic,left,185,84,no,1.62,0.08,66.67,0.33,92.31,0.03,0.03,0.0,1.54,1.91,0.0,0,0.0,0,0.0,0.0,0.0,0,0.0,0.0,0,0.0,0,0.0,0.0,0.0,0.0,0.0,0.0,0.0,0.0,0.0,0.0,0.0,0.0,0.0,0.08,66.67,0.0,0.0,0.0,9.69,0.2,0.15,14.67,86.06,8.28,77.13,0.0,0.0,5.88,99.14,8.23,98.77,6.36,70.63,34.07,48.62,0.0,0.0,0.0,0.0,0.0,0.0,0.0,1.41,53.57,0.03,0.0,0.03,0.0,0.0,0.0,4.87,77.72,54,1.36,168,4.24,6,67.86,50.25,1.27,-3.75,-0.095,0.0,0.98,0.33,,,,0.0,0,0.0
Young-Wook Kim,,Daejeon Citizen,"RCMF, DMF",35,325000,,22,1133,0,0.15,0,1.42,18.67,54.89,Korea Republic,Korea Republic,right,177,70,no,10.72,8.58,68.52,2.3,41.38,0.71,0.88,0.0,4.13,5.08,1.43,2,0.16,0,0.0,1.03,0.0,0,0.0,0.01,0,0.0,8,0.64,12.5,0.0,0.0,0.95,25.0,0.16,0.0,0.79,30.0,0.08,1.19,60.0,4.45,46.43,0.08,0.4,0.24,23.91,0.24,1.11,34.4,82.22,8.26,56.73,7.07,97.75,13.27,87.43,30.58,88.83,2.86,30.56,18.14,32.94,0.11,0.95,0.16,0.0,0.0,0.0,0.16,4.13,65.38,1.27,18.75,0.48,16.67,0.08,0.24,4.37,54.55,0,,0,,0,0.0,0.0,0.0,,,0.4,,,0.64,0.0,0.0,1.35,0,0.0
Shi-Yeong Lee,Suwon,Seoul,"LB, LCB, RCMF",29,325000,,15,692,0,0.23,2,0.51,17.95,52.9,Korea Republic,Korea Republic,right,173,65,no,9.49,7.41,66.67,3.12,37.5,0.26,0.36,0.26,4.29,5.96,0.65,2,0.26,0,0.0,1.82,0.0,0,0.0,0.03,0,0.0,4,0.52,25.0,0.0,0.26,2.73,28.57,0.78,0.0,1.95,40.0,0.39,2.34,38.89,5.07,41.03,0.39,2.08,0.52,33.82,2.6,0.78,44.35,86.22,11.05,83.53,10.01,97.4,16.39,80.16,39.67,91.15,1.95,66.67,17.95,18.05,0.07,0.52,0.0,0.0,0.0,0.0,0.26,3.12,79.17,3.64,35.71,0.13,0.0,0.52,0.78,7.54,72.41,0,,0,,0,0.0,0.0,0.0,,,0.0,,,0.0,0.0,0.0,0.0,0,0.0
Min-Ki Lee,Gwangju,Gwangju,LB,33,325000,,28,2249,1,0.93,2,1.04,17.69,50.23,Korea Republic,Korea Republic,left,175,71,no,7.6,6.4,63.75,2.04,43.14,0.16,0.22,0.12,3.36,4.61,1.0,5,0.2,0,0.0,1.72,0.04,1,0.04,0.04,0,0.0,16,0.64,31.25,6.25,0.08,1.72,37.21,1.68,38.1,0.04,0.0,0.24,1.88,44.68,5.96,36.91,0.56,2.84,1.04,35.46,1.32,0.8,48.54,89.12,15.57,83.29,7.08,97.74,17.89,90.83,44.34,92.78,2.48,59.68,17.7,32.29,0.04,0.36,0.04,0.0,0.16,25.0,0.16,5.12,82.03,2.24,44.64,0.52,23.08,0.4,0.64,7.32,77.6,0,,0,,0,0.0,0.0,0.0,,,0.64,,,0.0,0.0,0.0,0.0,0,0.0
Woon Jeong,Jeju SK,Jeju SK,"LCB, LB",37,325000,,25,2163,2,1.14,0,1.09,10.49,51.59,Korea Republic,Korea Republic,left,180,73,no,6.91,3.66,59.09,3.04,52.05,0.42,0.53,0.42,4.33,5.56,0.71,6,0.25,0,0.0,0.79,0.08,2,0.08,0.05,1,0.04,8,0.33,62.5,25.0,0.0,1.17,42.86,1.12,44.44,0.04,0.0,0.0,0.08,100.0,0.96,47.83,0.67,1.12,0.29,36.57,0.46,0.62,48.52,88.51,16.89,82.27,4.45,97.2,19.51,90.62,41.9,93.05,5.49,62.88,19.47,35.81,0.05,0.37,0.0,0.0,0.0,0.0,0.08,6.16,78.38,1.58,44.74,0.37,33.33,0.37,0.46,9.74,80.34,0,,0,,0,0.0,0.0,0.0,,,1.08,,,0.0,0.0,0.0,0.0,0,0.0
Dong-Su Lee,Busan I'Park,Incheon United,"RCMF, LCMF",32,325000,,6,249,0,0.09,0,0.37,19.88,56.36,Korea Republic,Korea Republic,right,185,72,no,7.23,7.59,61.9,4.34,66.67,0.0,0.0,0.0,2.53,3.75,2.53,1,0.36,0,0.0,1.45,0.0,0,0.0,0.03,0,0.0,1,0.36,100.0,0.0,0.0,0.0,0.0,0.0,0.0,0.0,0.0,0.0,0.72,100.0,4.34,41.67,1.45,1.08,0.36,43.37,1.45,0.36,60.72,92.26,19.16,77.36,7.23,100.0,23.49,100.0,57.83,93.13,2.89,75.0,16.55,28.96,0.13,1.45,0.36,0.0,0.72,50.0,0.72,9.76,85.19,0.72,50.0,0.72,50.0,1.08,0.0,7.23,75.0,0,,0,,0,0.0,0.0,0.0,,,0.0,,,0.0,0.0,0.0,0.0,0,0.0
Yun Suk-Young,Chungbuk Cheongju,Gangwon,"LCB, LB",36,325000,,30,2649,0,0.44,0,1.29,11.82,54.89,Korea Republic,Korea Republic,left,182,74,no,8.09,5.06,62.42,2.45,44.44,0.31,0.34,0.37,4.62,5.21,0.31,4,0.14,0,0.0,1.43,0.0,0,0.0,0.02,0,0.0,5,0.17,20.0,0.0,0.0,1.49,36.36,1.22,27.78,0.27,75.0,0.07,1.02,73.33,2.34,59.42,0.41,0.92,0.24,31.66,0.51,0.68,44.41,83.55,20.55,76.2,3.4,93.0,16.0,91.72,36.86,91.89,6.08,44.69,21.86,38.25,0.04,0.37,0.0,0.0,0.14,75.0,0.17,7.41,68.35,1.43,52.38,0.51,33.33,0.24,0.54,9.17,70.0,0,,0,,0,0.0,0.0,0.0,,,0.88,,,0.24,0.1,33.33,0.07,0,0.0
Seung-Yong Jung,Seongnam,Gangwon,"LB, LWB",35,325000,,22,1809,1,0.37,0,0.9,16.47,48.94,Korea Republic,Korea Republic,left,182,83,no,8.81,6.62,60.15,3.18,45.31,0.3,0.33,0.1,4.53,4.95,0.95,2,0.1,0,0.0,1.49,0.05,1,0.05,0.02,0,0.0,12,0.6,16.67,8.333,0.0,1.99,22.5,1.99,22.5,0.0,0.0,0.1,2.04,39.02,4.18,38.1,0.8,1.34,0.5,22.19,1.24,1.0,32.74,74.16,14.88,66.89,4.63,94.62,7.91,72.33,25.77,82.82,5.12,51.46,18.98,33.29,0.04,0.5,0.0,0.0,0.25,60.0,0.25,4.83,63.92,2.39,33.33,0.75,33.33,0.55,0.3,8.51,67.84,0,,0,,0,0.0,0.0,0.0,,,0.05,,,0.5,0.0,0.0,0.6,0,0.0
Hwang Mun-Ki,Pyeongchang United,Gangwon,"RB, RCMF",29,325000,,20,855,0,0.12,0,0.91,22.53,52.34,Korea Republic,Korea Republic,right,176,70,no,12.0,9.68,71.74,3.47,36.36,0.42,0.52,0.21,4.63,5.67,1.16,0,0.0,0,0.0,1.89,0.0,0,0.0,0.01,0,0.0,3,0.32,33.33,0.0,0.0,2.95,25.0,0.21,0.0,2.74,26.92,0.42,1.37,69.23,5.79,41.82,1.26,1.16,0.42,27.05,1.79,1.05,40.11,79.0,14.63,70.5,5.79,94.55,12.95,80.49,32.84,87.82,4.74,46.67,17.28,19.6,0.1,1.05,0.11,0.0,0.11,100.0,0.42,7.05,62.69,2.84,44.44,0.53,40.0,0.63,0.53,7.68,75.34,0,,0,,0,0.0,0.0,0.0,,,0.11,,,0.63,0.11,0.0,0.53,0,0.0
Hong Yun-Sang,Gimcheon Sangmu,Pohang Steelers,"LAMF, LW",24,325000,2027-05-16,11,734,2,2.05,0,0.56,17.17,45.0,Korea Republic,Korea Republic,right,177,68,yes,6.25,5.64,58.7,1.84,13.33,0.0,0.0,0.0,2.94,4.47,0.61,0,0.0,0,0.0,2.94,0.25,2,0.25,0.25,1,0.12,12,1.47,66.67,16.667,0.0,1.72,28.57,1.72,28.57,0.0,0.0,0.12,2.33,63.16,6.62,42.59,2.94,1.72,0.49,23.42,1.72,1.47,30.16,76.42,6.99,64.91,8.95,86.3,7.23,72.88,27.71,80.09,0.86,42.86,14.34,9.73,0.07,0.61,0.0,0.0,0.0,0.0,0.0,1.84,60.0,2.08,41.18,0.0,0.0,0.61,0.49,4.29,62.86,0,,0,,0,0.0,0.0,0.0,,,0.0,,,0.0,0.0,0.0,0.0,0,0.0
Kim Jong-Woo,Bucheon 1995,Pohang Steelers,"LDMF, LCMF, RCMF",32,325000,,20,1348,0,1.99,1,2.3,18.29,55.84,Korea Republic,Korea Republic,right,181,70,no,8.35,7.95,68.91,1.54,30.43,0.2,0.3,0.0,2.67,3.99,1.4,0,0.0,0,0.0,2.2,0.0,0,0.0,0.13,0,0.0,17,1.14,23.53,0.0,0.07,0.87,46.15,0.33,60.0,0.47,42.86,0.0,1.94,65.52,6.28,51.06,0.93,1.87,0.33,43.0,0.53,1.47,55.15,89.83,13.55,77.83,11.95,94.41,21.5,95.03,51.34,92.2,3.0,60.0,18.02,24.76,0.15,1.4,0.07,0.0,0.67,40.0,0.4,8.28,80.65,2.47,51.35,0.87,53.85,1.07,0.4,6.41,79.17,0,,0,,0,0.0,0.0,0.0,,,0.4,,,1.07,0.2,0.0,2.54,1,0.0
Han Chan-Hee,Suwon,Pohang Steelers,"RCMF, RDMF, LCMF",29,325000,,27,1470,3,1.87,0,0.55,12.8,51.2,Korea Republic,Korea Republic,right,181,75,no,8.39,5.51,65.56,1.47,45.83,0.86,1.21,0.37,3.92,5.52,1.04,5,0.31,0,0.0,1.53,0.18,3,0.18,0.11,0,0.0,28,1.71,32.14,10.714,0.0,0.92,33.33,0.24,50.0,0.67,27.27,0.0,1.16,52.63,3.92,45.31,0.43,0.67,0.31,48.67,0.18,0.73,61.53,88.86,15.06,75.2,9.49,94.84,28.96,93.45,54.98,91.43,5.63,72.83,19.66,32.45,0.03,0.37,0.0,0.0,0.12,50.0,0.18,9.61,77.71,1.71,50.0,0.67,45.45,0.43,0.31,7.53,81.3,0,,0,,0,0.0,0.0,0.0,,,0.67,,,0.18,0.0,0.0,0.61,0,0.0
Seung-Sub Kim,Jeonbuk Motors,Jeju SK,"LW, LWB, LWF",29,325000,,29,1464,2,2.35,1,1.6,15.86,44.96,Korea Republic,Korea Republic,right,177,65,no,4.92,4.3,50.0,1.6,61.54,0.0,0.0,0.06,2.77,4.04,0.55,3,0.18,0,0.0,4.18,0.12,2,0.12,0.14,1,0.06,24,1.48,45.83,8.333,0.06,3.69,36.67,3.07,36.0,0.55,33.33,0.25,4.24,50.72,8.11,41.67,2.4,2.95,1.41,21.09,2.77,0.49,29.88,81.69,5.78,71.28,9.04,96.6,8.05,74.81,25.2,89.76,1.11,44.44,16.8,15.43,0.1,1.05,0.0,0.06,0.12,0.0,0.43,1.41,73.91,2.83,50.0,0.12,50.0,0.74,1.23,4.06,80.3,0,,0,,0,0.0,0.0,0.0,,,0.31,,,0.25,0.0,0.0,0.68,0,0.0
Ju-Yong Lee,Incheon United,Jeju SK,"LWB, LB",33,325000,,33,2516,0,1.05,1,1.59,16.71,49.89,Korea Republic,Korea Republic,left,180,78,no,8.76,6.08,64.71,1.79,44.0,0.29,0.38,0.14,4.54,6.09,0.75,5,0.18,1,0.04,2.61,0.0,0,0.0,0.04,0,0.0,23,0.82,17.39,0.0,0.04,2.54,29.58,2.54,29.58,0.0,0.0,0.29,2.9,59.26,6.76,41.27,1.25,2.15,0.82,28.9,1.65,0.64,41.1,82.25,13.52,75.66,7.66,94.86,11.66,83.13,34.59,89.35,4.08,53.51,17.96,34.33,0.06,0.57,0.0,0.0,0.07,0.0,0.29,4.54,74.02,2.43,42.65,0.47,30.77,0.75,0.72,7.15,72.0,0,,0,,0,0.0,0.0,0.0,,,0.36,,,0.07,0.04,0.0,0.04,0,0.0
Han-Bin Park,Geoje Citizen,Gwangju,"LCMF, CF, RCMF",28,325000,,12,450,1,1.89,0,0.39,18.4,43.48,Korea Republic,Korea Republic,right,183,80,no,5.8,4.8,66.67,2.0,20.0,0.0,0.0,0.4,2.6,3.98,1.2,2,0.4,0,0.0,2.6,0.2,1,0.2,0.38,0,0.0,13,2.6,30.77,7.692,0.0,0.8,50.0,0.0,0.0,0.8,50.0,0.2,1.8,77.78,7.2,38.89,3.6,2.2,1.0,24.0,0.6,0.8,31.8,84.28,6.8,76.47,6.8,88.24,11.6,87.93,29.4,87.07,1.6,50.0,15.37,12.53,0.08,1.4,0.0,0.0,0.2,0.0,0.8,2.8,50.0,1.2,66.67,0.2,0.0,1.0,0.4,3.2,87.5,0,,0,,0,0.0,0.0,0.0,,,0.6,,,0.0,0.0,0.0,0.0,0,0.0
Kim Seon-Min,Chungbuk Cheongju,Suwon,"DMF, RCMF, LDMF",34,325000,,29,2024,0,0.77,0,0.43,16.19,59.34,Korea Republic,Korea Republic,right,167,65,no,11.61,8.89,63.0,1.65,54.05,0.18,0.21,0.36,5.83,6.83,2.0,6,0.27,0,0.0,0.49,0.0,0,0.0,0.03,0,0.0,13,0.58,23.08,0.0,0.0,0.18,50.0,0.0,0.0,0.18,50.0,0.0,0.36,75.0,1.6,55.56,0.09,0.22,0.04,31.75,0.09,0.62,47.49,89.23,12.98,77.05,7.03,96.2,19.7,94.13,42.42,91.93,4.89,67.27,18.56,33.29,0.02,0.31,0.0,0.04,0.04,0.0,0.09,4.71,79.25,0.8,50.0,0.18,25.0,0.31,0.09,5.74,64.34,0,,0,,0,0.0,0.0,0.0,,,0.84,,,0.0,0.0,0.0,0.0,0,0.0
Young-Eun Choi,Dangjin Citizen,Daegu,GK,30,325000,,18,1728,0,0.0,0,0.0,0.68,69.23,Korea Republic,Korea Republic,right,189,78,no,1.2,0.0,0.0,0.47,66.67,0.0,0.0,0.0,1.2,1.08,0.0,3,0.16,0,0.0,0.0,0.0,0,0.0,0.0,0,0.0,0,0.0,0.0,0.0,0.0,0.0,0.0,0.0,0.0,0.0,0.0,0.0,0.0,0.0,0.1,100.0,0.0,0.0,0.0,3.54,0.05,0.21,9.01,76.3,7.24,72.66,0.0,0.0,1.67,96.88,3.07,94.92,5.89,67.26,44.95,53.05,0.0,0.0,0.0,0.0,0.0,0.0,0.0,1.51,75.86,0.05,0.0,0.05,0.0,0.0,0.0,4.74,78.02,18,0.94,59,3.07,7,69.49,14.74,0.77,-3.26,-0.17,0.0,1.72,0.47,,,,0.0,0,0.0
Ho-Gang Han,Vegalta Sendai,Suwon Bluewings,"RCB, CB",32,325000,,23,1973,3,0.89,0,0.18,14.55,55.17,Korea Republic,Korea Republic,right,186,80,no,8.53,5.34,66.67,5.84,47.66,0.27,0.31,0.55,4.7,5.4,1.0,3,0.14,1,0.05,0.36,0.14,3,0.14,0.04,3,0.14,6,0.27,83.33,50.0,0.0,0.09,50.0,0.05,0.0,0.05,100.0,0.0,0.14,66.67,1.05,34.78,0.41,0.18,0.05,27.73,0.55,0.27,40.51,85.47,15.28,74.63,2.01,95.45,19.39,93.18,35.17,90.4,5.25,53.04,20.46,39.67,0.01,0.18,0.05,0.05,0.05,0.0,0.09,4.2,58.7,0.64,28.57,0.32,14.29,0.23,0.05,6.71,62.59,0,,0,,0,0.0,0.0,0.0,,,0.87,,,0.0,0.0,0.0,0.0,0,0.0
B. Johnsen,Ordabasy,Seoul,CF,34,300000,2026-12-31,9,142,1,1.24,0,0.35,31.69,42.0,Norway,Norway,right,195,0,no,6.34,6.34,50.0,13.31,38.1,0.0,0.0,0.0,3.17,5.77,1.9,0,0.0,0,0.0,0.63,0.63,1,0.63,0.79,0,0.0,4,2.54,25.0,25.0,0.0,0.0,0.0,0.0,0.0,0.0,0.0,0.0,0.0,0.0,6.34,20.0,5.7,0.63,0.0,9.51,2.54,0.0,16.48,69.23,3.8,66.67,3.17,100.0,4.44,71.43,16.48,69.23,0.0,0.0,12.12,0.0,0.22,0.63,0.0,0.0,0.0,0.0,0.63,0.0,0.0,0.0,0.0,0.0,0.0,1.27,0.0,1.9,100.0,0,,0,,0,0.0,0.0,0.0,,,0.0,,,0.0,0.0,0.0,0.0,0,0.0
Ricardo Lopes,,Suwon,"CF, LWF, LW",35,300000,,14,876,3,4.15,1,0.95,25.68,35.2,Brazil,Brazil,right,184,77,no,5.24,4.83,48.94,5.86,29.82,0.0,0.0,0.21,2.88,3.84,1.23,1,0.1,1,0.1,3.8,0.31,1,0.1,0.43,0,0.0,30,3.08,36.67,10.0,0.1,1.95,42.11,1.13,36.36,0.82,50.0,0.1,4.11,40.0,11.51,33.93,4.11,2.88,0.82,19.52,1.44,0.72,27.12,78.41,6.88,68.66,6.37,95.16,7.29,73.24,24.35,82.7,0.82,37.5,14.33,9.88,0.1,1.23,0.1,0.0,0.41,50.0,0.51,1.85,66.67,2.57,60.0,0.51,40.0,1.44,0.72,2.67,61.54,0,,0,,0,0.0,0.0,0.0,,,0.0,,,0.0,0.0,0.0,0.0,2,100.0
Jae-Won Lee,Suwon,Gangwon,"DMF, LCMF",29,300000,,2,32,0,0.0,0,0.05,,,Korea Republic,Korea Republic,right,173,66,no,,,,,,,0.0,,,0.0,,0,,0,,,,0,,,0,,0,,,0.0,,,,,,,,,,,,,,,,,,,,,,,,,,,,,,,17.68,12.04,,,,,,,,,,,,,,,,,,0,,0,,0,0.0,0.0,,,,,,,,,,,0,0.0
In-Soo Yu,Jeju SK,Gangwon,"RB, LW, RWB",31,300000,,25,1515,1,1.47,0,0.75,20.44,49.13,Korea Republic,Korea Republic,right,178,70,no,10.4,8.79,59.46,3.62,45.9,0.18,0.19,0.24,4.99,5.37,1.19,0,0.0,0,0.0,1.49,0.06,1,0.06,0.09,1,0.06,16,0.95,12.5,6.25,0.0,1.43,29.17,0.36,16.67,1.07,33.33,0.18,1.66,57.14,5.58,42.55,1.49,1.07,0.65,19.43,1.37,1.19,30.36,72.99,10.81,57.14,8.32,91.43,5.23,73.86,26.02,79.45,2.91,36.73,17.98,29.54,0.04,0.71,0.06,0.0,0.06,0.0,0.3,3.98,58.21,1.49,52.0,0.18,66.67,0.77,0.36,5.82,64.29,0,,0,,0,0.0,0.0,0.0,,,0.24,,,0.12,0.06,0.0,0.0,0,0.0
Kim Hyun,Seoul E-Land,Suwon,CF,33,300000,,20,1224,2,4.92,3,2.42,26.18,38.48,Korea Republic,Korea Republic,right,190,87,no,2.5,1.76,62.5,12.87,44.0,0.15,0.19,0.22,1.25,1.61,0.44,1,0.07,0,0.0,1.47,0.15,2,0.15,0.36,2,0.15,32,2.35,40.63,6.25,0.22,0.22,33.33,0.0,0.0,0.15,50.0,0.0,0.66,33.33,6.18,27.38,3.75,0.0,0.07,11.99,1.62,1.18,16.76,76.32,3.46,63.83,4.41,98.33,3.82,65.38,16.03,77.52,0.51,57.14,13.23,10.34,0.18,0.96,0.07,0.07,0.37,60.0,0.81,1.84,68.0,1.03,64.29,0.37,60.0,0.88,0.07,1.47,65.0,0,,0,,0,0.0,0.0,0.0,,,0.0,,,0.0,0.0,0.0,0.0,1,0.0
Lee Gwang-Hyeok,Geoje Citizen,Suwon,"RW, RAMF, RWF",30,300000,,25,1599,2,3.9,3,3.05,19.87,44.76,Korea Republic,Korea Republic,left,169,60,no,5.35,4.62,57.32,2.42,27.91,0.45,0.56,0.11,2.25,2.78,0.96,6,0.34,0,0.0,6.19,0.11,2,0.11,0.22,1,0.06,32,1.8,37.5,6.25,0.17,4.28,50.0,0.34,33.33,3.83,50.0,0.79,5.12,61.54,10.3,44.81,3.32,3.49,1.18,25.89,2.03,1.91,33.26,84.26,4.95,73.86,11.99,94.84,10.75,76.44,27.41,91.99,1.63,41.38,17.23,21.79,0.17,1.52,0.06,0.0,0.34,66.67,0.84,1.35,70.83,4.05,55.56,0.28,60.0,0.79,2.2,4.05,75.0,0,,0,,0,0.0,0.0,0.0,,,0.11,,,0.06,0.0,0.0,0.06,0,0.0
Park Byung-Hyun,Gimpo Citizen,Suwon,"RCB, CB",33,300000,2027-12-31,10,800,0,0.7,0,0.44,15.08,56.72,Korea Republic,Korea Republic,right,184,83,no,7.65,5.96,54.72,3.83,52.94,0.23,0.25,0.56,4.16,4.7,1.46,1,0.11,0,0.0,1.01,0.0,0,0.0,0.08,0,0.0,4,0.45,0.0,0.0,0.0,0.23,100.0,0.0,0.0,0.23,100.0,0.0,1.13,70.0,2.81,60.0,0.68,0.23,0.11,32.74,0.56,1.01,42.86,87.66,16.76,76.51,2.14,94.74,20.36,94.48,36.45,92.59,6.19,58.18,21.52,35.97,0.05,0.11,0.0,0.0,0.0,0.0,0.11,4.61,65.85,0.45,75.0,0.23,50.0,0.34,0.23,7.76,81.16,0,,0,,0,0.0,0.0,0.0,,,1.24,,,0.0,0.0,0.0,0.0,0,0.0
Seong-Jun Min,Seoul E-Land,Incheon United,GK,27,300000,,5,495,0,0.0,0,0.0,1.27,100.0,Korea Republic,Korea Republic,right,189,82,no,1.45,0.0,0.0,1.09,100.0,0.0,0.0,0.0,1.45,1.9,0.0,0,0.0,0,0.0,0.0,0.0,0,0.0,0.0,0,0.0,0,0.0,0.0,0.0,0.0,0.0,0.0,0.0,0.0,0.0,0.0,0.0,0.0,0.0,0.18,100.0,0.0,0.0,0.0,9.45,0.36,0.55,14.55,77.5,9.27,70.59,0.0,0.0,4.55,92.0,6.36,97.14,8.0,63.64,36.44,47.15,0.0,0.0,0.0,0.0,0.0,0.0,0.0,1.64,44.44,0.0,0.0,0.0,0.0,0.0,0.0,6.73,70.27,4,0.73,14,2.55,2,71.43,4.68,0.85,0.68,0.124,0.0,2.18,1.09,,,,0.0,0,0.0
Yeo Reum,,Incheon United,LCMF,37,300000,,2,87,0,0.0,0,0.07,11.38,54.55,Korea Republic,Korea Republic,right,176,69,no,12.41,5.17,60.0,2.07,50.0,0.0,0.0,0.0,9.31,10.0,0.0,0,0.0,0,0.0,0.0,0.0,0,0.0,0.0,0,0.0,0,0.0,0.0,0.0,0.0,0.0,0.0,0.0,0.0,0.0,0.0,0.0,0.0,0.0,4.14,50.0,0.0,1.03,1.03,36.21,0.0,1.03,50.69,79.59,19.66,63.16,7.24,100.0,12.41,100.0,45.52,81.82,5.17,60.0,13.42,19.96,0.07,1.03,0.0,0.0,0.0,0.0,0.0,11.38,63.64,1.03,0.0,3.1,33.33,0.0,0.0,5.17,40.0,0,,0,,0,0.0,0.0,0.0,,,0.0,,,3.1,0.0,0.0,2.07,0,0.0
Lee Ho-Jae,Darmstadt 98,Pohang Steelers,CF,25,300000,2027-12-31,37,1349,8,6.97,0,1.14,30.69,36.96,Korea Republic,Korea Republic,right,192,85,no,5.8,4.27,59.38,9.41,36.88,0.47,0.7,0.13,2.8,4.17,1.07,1,0.07,1,0.07,2.27,0.53,6,0.4,0.46,1,0.07,40,2.67,40.0,20.0,0.0,0.73,18.18,0.47,14.29,0.27,25.0,0.0,2.27,41.18,11.68,30.86,3.34,0.53,0.2,13.21,1.93,2.27,20.82,76.28,4.14,58.06,5.87,87.5,6.14,84.78,19.55,79.86,0.67,30.0,14.64,7.6,0.08,0.87,0.0,0.07,0.13,100.0,0.47,1.67,52.0,1.6,37.5,0.07,100.0,1.27,0.07,2.27,52.94,0,,0,,0,0.0,0.0,0.0,,,0.0,,,0.0,0.0,0.0,0.0,2,100.0
Tae-Hyun An,Bucheon 1995,Jeju SK,"RWB, RB",33,300000,,24,1466,1,0.99,1,1.16,19.46,49.84,Korea Republic,Korea Republic,right,174,70,no,9.88,8.35,66.18,2.21,41.67,0.49,0.66,0.18,3.87,5.18,0.92,2,0.12,0,0.0,2.7,0.06,1,0.06,0.06,0,0.0,10,0.61,20.0,10.0,0.06,2.33,44.74,0.31,60.0,1.96,43.75,0.18,2.95,50.0,6.02,39.8,1.23,1.66,0.61,25.35,2.82,0.86,36.16,82.34,9.64,70.7,8.47,96.38,10.93,84.83,31.74,87.62,2.21,41.67,17.09,24.68,0.07,0.68,0.0,0.0,0.06,100.0,0.49,3.19,65.38,2.15,60.0,0.18,33.33,0.61,0.98,6.14,67.0,0,,0,,0,0.0,0.0,0.0,,,0.55,,,0.0,0.0,0.0,0.0,0,0.0
Young-Kyu Ahn,Gwangju,Gwangju,LCB,36,300000,,32,3059,2,1.42,2,0.58,12.18,57.73,Korea Republic,Korea Republic,right,185,79,no,7.12,4.12,65.71,4.41,51.33,0.21,0.27,0.56,4.21,5.55,0.53,7,0.21,0,0.0,0.35,0.06,2,0.06,0.04,1,0.03,11,0.32,27.27,18.182,0.06,0.15,40.0,0.03,0.0,0.09,33.33,0.0,0.18,100.0,0.82,57.14,0.47,1.41,0.0,45.54,0.35,0.5,60.28,91.36,22.15,83.0,1.56,90.57,30.6,97.31,55.37,94.26,4.77,59.26,19.73,36.3,0.02,0.12,0.06,0.0,0.06,50.0,0.09,6.41,83.03,0.38,53.85,0.24,37.5,0.24,0.06,8.06,71.17,0,,0,,0,0.0,0.0,0.0,,,0.71,,,0.0,0.0,0.0,0.0,0,0.0
Cheon Seong-Hoon,Seoul,Incheon United,CF,25,300000,,18,993,6,3.17,0,0.13,23.93,31.06,Korea Republic,Korea Republic,right,190,84,no,2.9,1.99,68.18,9.43,39.42,0.0,0.0,0.09,1.54,1.55,0.45,1,0.09,0,0.0,1.72,0.54,6,0.54,0.29,2,0.18,21,1.9,47.62,28.571,0.0,0.27,0.0,0.09,0.0,0.18,0.0,0.0,1.63,50.0,7.52,16.87,1.99,0.45,0.36,13.87,2.54,0.36,17.4,78.13,2.72,66.67,4.98,83.64,5.17,75.44,16.95,79.68,0.18,50.0,13.66,4.63,0.01,0.36,0.0,0.09,0.09,0.0,0.09,1.18,61.54,0.18,0.0,0.09,0.0,0.09,0.0,1.18,46.15,0,,0,,0,0.0,0.0,0.0,,,0.0,,,0.0,0.0,0.0,0.0,0,0.0
Dong-Yun Jeong,Suwon Bluewings,Incheon United,"RWB, LB, LWB",32,300000,,28,1435,0,1.38,1,0.98,15.8,52.38,Korea Republic,Korea Republic,right,174,68,no,8.34,6.46,66.99,2.07,48.48,0.19,0.24,0.0,3.83,4.92,0.88,3,0.19,0,0.0,2.13,0.0,0,0.0,0.09,0,0.0,9,0.56,0.0,0.0,0.06,2.13,26.47,1.19,26.32,0.94,26.67,0.5,2.51,57.5,5.39,41.86,1.57,2.2,0.56,30.04,1.94,0.69,40.01,82.13,11.23,65.92,9.41,93.33,11.85,88.36,33.68,87.9,4.33,63.77,19.0,29.52,0.06,0.5,0.0,0.0,0.31,40.0,0.25,3.07,69.39,1.82,51.72,0.44,42.86,0.69,0.69,6.21,63.64,0,,0,,0,0.0,0.0,0.0,,,0.25,,,0.0,0.0,0.0,0.19,0,0.0
Thomás Bedinelli,,Gwangju,CF,33,300000,,28,1723,2,1.5,1,0.91,20.27,52.06,Brazil,"Brazil, Italy",right,180,76,no,5.17,5.22,60.0,1.36,0.0,0.52,0.7,0.21,1.51,2.03,0.99,4,0.21,0,0.0,5.12,0.1,2,0.1,0.08,0,0.0,19,0.99,26.32,10.526,0.05,2.04,30.77,0.89,41.18,1.15,22.73,0.47,5.59,75.7,11.18,60.28,1.57,2.87,1.72,19.74,0.94,2.77,26.27,83.9,3.5,80.6,8.2,96.18,9.25,79.66,23.92,88.86,0.31,50.0,16.84,6.99,0.05,0.57,0.0,0.0,0.05,0.0,0.31,1.98,78.95,2.19,50.0,0.1,0.0,0.57,0.68,2.04,79.49,0,,0,,0,0.0,0.0,0.0,,,0.05,,,0.1,0.0,0.0,0.1,0,0.0
Park Cheol-Woo,Gimcheon Sangmu,Suwon,"LB, LWB",28,300000,2026-10-06,29,1907,0,0.43,0,1.53,21.0,53.26,Korea Republic,Korea Republic,left,176,70,yes,11.61,9.44,61.0,2.78,59.32,0.57,0.67,0.33,5.29,6.23,0.85,2,0.09,0,0.0,2.27,0.0,0,0.0,0.02,0,0.0,9,0.42,11.11,0.0,0.0,2.22,38.3,2.17,36.96,0.05,100.0,0.19,2.69,49.12,6.18,45.04,0.52,1.84,1.13,22.13,2.03,1.32,33.41,78.81,11.09,69.36,7.6,95.65,8.5,74.44,28.27,85.48,3.02,45.31,18.16,29.78,0.07,0.61,0.09,0.05,0.09,50.0,0.52,3.4,68.06,2.64,48.21,0.38,12.5,0.66,0.76,6.51,66.67,0,,0,,0,0.0,0.0,0.0,,,0.47,,,0.0,0.0,0.0,0.0,0,0.0
L. Veldwijk,Emirates,Suwon,CF,34,300000,,22,1984,9,7.12,4,3.37,30.8,43.74,Netherlands,"Netherlands, South Africa",both,197,94,no,3.54,1.81,70.0,12.84,53.0,0.14,0.16,0.23,2.13,2.51,0.77,2,0.09,0,0.0,1.77,0.41,8,0.36,0.32,3,0.14,49,2.22,32.65,18.367,0.18,0.68,13.33,0.14,0.0,0.54,16.67,0.0,2.49,32.73,8.07,30.34,3.99,1.22,0.36,11.43,3.36,0.73,16.83,67.65,3.77,57.83,3.4,81.33,5.04,66.67,15.7,69.94,0.5,72.73,14.32,12.81,0.15,0.91,0.0,0.05,0.36,37.5,0.5,1.86,56.1,1.36,40.0,0.36,37.5,1.32,0.05,1.27,67.86,0,,0,,0,0.0,0.0,0.0,,,0.0,,,0.0,0.0,0.0,0.0,1,100.0
Sang-Hyub Lim,,Seoul,"LW, LAMF",38,300000,,22,1544,3,2.63,1,0.88,15.74,45.93,Korea Republic,Korea Republic,right,180,73,no,6.7,4.55,73.08,2.16,37.84,0.93,1.24,0.06,2.45,3.26,0.82,2,0.12,0,0.0,3.09,0.17,3,0.17,0.15,0,0.0,20,1.17,55.0,15.0,0.06,2.1,36.11,1.81,32.26,0.29,60.0,0.23,3.56,47.54,6.94,34.45,2.27,1.92,1.28,19.99,1.75,0.82,26.52,78.46,4.95,63.53,9.33,94.38,7.17,74.8,23.2,84.17,1.52,38.46,17.76,23.32,0.05,0.7,0.0,0.0,0.06,0.0,0.35,1.46,64.0,1.46,52.0,0.12,0.0,0.52,0.76,2.91,66.0,0,,0,,0,0.0,0.0,0.0,,,0.23,,,0.0,0.0,0.0,0.0,0,0.0
Park Dong-Jin,Gimpo Citizen,Seoul,"CF, AMF",31,300000,,15,549,3,2.65,2,0.91,22.13,32.59,Korea Republic,Korea Republic,right,185,73,no,5.41,5.41,42.42,7.21,27.27,0.49,0.72,0.0,2.62,3.84,2.46,4,0.66,0,0.0,2.79,0.49,3,0.49,0.44,2,0.33,16,2.62,31.25,18.75,0.33,0.98,16.67,0.33,50.0,0.66,0.0,0.16,2.46,53.33,5.25,37.5,4.1,1.15,1.15,7.54,1.15,0.98,12.79,70.51,2.95,55.56,2.79,94.12,3.61,77.27,11.48,75.71,0.49,33.33,17.06,6.64,0.15,0.98,0.0,0.0,0.49,100.0,0.98,1.31,50.0,0.49,66.67,0.33,100.0,1.31,0.16,1.15,85.71,0,,0,,0,0.0,0.0,0.0,,,0.0,,,0.0,0.0,0.0,0.0,0,0.0
Seung-Hoon Oh,,Daegu,GK,38,300000,,21,2034,0,0.0,0,0.0,0.62,92.86,Korea Republic,Korea Republic,right,192,75,no,1.15,0.0,0.0,0.49,100.0,0.0,0.0,0.0,1.15,1.14,0.0,3,0.13,0,0.0,0.0,0.0,0,0.0,0.0,0,0.0,0,0.0,0.0,0.0,0.0,0.0,0.0,0.0,0.0,0.0,0.0,0.0,0.0,0.0,0.04,100.0,0.0,0.0,0.0,4.38,0.09,0.09,8.5,83.33,6.19,77.86,0.0,0.0,2.17,97.96,3.76,98.82,4.69,71.7,39.44,49.59,0.0,0.0,0.0,0.0,0.0,0.0,0.0,0.88,80.0,0.0,0.0,0.0,0.0,0.0,0.0,4.2,76.84,25,1.11,77,3.41,6,67.53,22.86,1.01,-2.14,-0.095,0.0,1.81,0.49,,,,0.0,0,0.0
Lee Jeong-Hyeop,Prachuap,Gangwon,CF,35,300000,2027-06-30,18,1024,2,1.46,1,0.78,19.16,29.36,Korea Republic,Korea Republic,right,186,76,no,2.55,1.85,61.9,7.73,26.14,0.35,0.43,0.0,1.05,1.29,0.7,2,0.18,0,0.0,0.7,0.18,2,0.18,0.13,1,0.09,13,1.14,23.08,15.385,0.09,0.62,42.86,0.62,42.86,0.0,0.0,0.0,0.35,25.0,3.87,22.73,2.2,0.18,0.09,12.66,2.29,0.7,19.51,75.23,3.96,60.0,6.33,84.72,4.22,79.17,18.46,77.14,0.53,33.33,14.87,13.0,0.07,0.7,0.0,0.0,0.18,50.0,0.35,1.49,58.82,0.97,45.45,0.18,50.0,0.62,0.26,1.67,63.16,0,,0,,0,0.0,0.0,0.0,,,0.0,,,0.0,0.0,0.0,0.0,0,0.0
Sung-Geun Choi,,Suwon Bluewings,DMF,34,275000,,1,19,0,0.0,0,0.0,,,Korea Republic,Korea Republic,right,182,73,no,,,,,,,6.0,,,0.0,,0,,0,,,,0,,,0,,0,,,0.0,,,,,,,,,,,,,,,,,,,,,,,,,,,,,,,13.37,0.0,,,,,,,,,,,,,,,,,,0,,0,,0,0.0,0.0,,,,,,,,,,,0,0.0
Dae-Woo Kim,Daegu,Gangwon,RCMF,25,275000,,11,492,0,0.81,0,0.02,22.5,48.78,Korea Republic,Korea Republic,left,179,78,no,11.52,9.88,62.96,3.29,61.11,0.55,0.57,0.37,4.76,4.94,1.28,2,0.37,0,0.0,0.91,0.0,0,0.0,0.15,0,0.0,10,1.83,10.0,0.0,0.0,0.91,0.0,0.18,0.0,0.73,0.0,0.0,2.56,28.57,6.59,25.0,1.65,0.37,0.0,21.4,1.1,0.73,31.65,76.3,9.7,60.38,5.12,92.86,10.43,80.7,28.9,81.01,1.83,40.0,14.93,19.13,0.0,0.18,0.0,0.0,0.0,0.0,0.0,4.94,51.85,1.46,12.5,0.0,0.0,0.73,0.0,3.48,84.21,0,,0,,0,0.0,0.0,0.0,,,0.18,,,0.0,0.0,0.0,0.0,0,0.0
Ji-Sol Lee,Suwon,Gangwon,RCB,27,275000,,6,367,1,0.72,0,0.0,12.51,56.86,Korea Republic,Korea Republic,right,185,65,no,9.32,4.17,64.71,5.15,33.33,0.25,0.28,0.98,6.38,7.29,0.98,1,0.25,0,0.0,0.74,0.25,1,0.25,0.18,1,0.25,3,0.74,66.67,33.333,0.0,0.25,0.0,0.0,0.0,0.25,0.0,0.0,0.25,100.0,0.98,100.0,0.98,0.49,0.0,32.62,0.0,0.49,45.12,84.24,16.68,70.59,1.47,100.0,25.01,91.18,39.24,90.63,5.64,43.48,23.93,21.92,0.0,0.0,0.0,0.0,0.0,0.0,0.0,4.41,33.33,0.49,0.0,0.0,0.0,0.0,0.0,5.15,52.38,0,,0,,0,0.0,0.0,0.0,,,0.98,,,0.0,0.0,0.0,0.0,0,0.0
Sang-Ki Lee,Incheon United,Gwangju,RB,30,275000,,19,782,0,0.28,0,0.05,13.35,42.24,Korea Republic,Korea Republic,right,179,78,no,5.41,4.6,55.0,2.65,26.09,0.12,0.15,0.0,2.76,3.71,0.92,0,0.0,0,0.0,1.04,0.0,0,0.0,0.03,0,0.0,4,0.46,75.0,0.0,0.0,1.38,16.67,0.0,0.0,1.38,16.67,0.23,1.15,40.0,3.34,31.03,0.69,1.84,0.23,27.05,0.92,0.35,37.06,80.75,12.31,72.9,4.03,97.14,14.16,87.8,32.46,87.23,3.22,42.86,17.33,19.78,0.01,0.12,0.0,0.0,0.23,0.0,0.12,3.91,76.47,1.27,27.27,0.46,25.0,0.12,0.46,4.83,61.9,0,,0,,0,0.0,0.0,0.0,,,0.23,,,0.0,0.0,0.0,0.0,0,0.0
Gi-hyuk Lee,Gangwon,Jeju SK,"RCMF, LCMF, RDMF",26,275000,2027-12-31,19,1016,0,0.22,1,0.85,23.92,51.48,Korea Republic,Korea Republic,right,184,72,no,10.01,8.33,63.83,4.07,58.7,0.62,0.9,0.18,4.07,5.9,1.86,3,0.27,0,0.0,2.83,0.0,0,0.0,0.02,0,0.0,7,0.62,14.29,0.0,0.09,1.59,38.89,0.62,28.57,0.89,50.0,0.35,3.54,57.5,9.04,41.18,0.8,2.04,0.35,35.61,0.71,1.33,49.69,84.85,14.08,71.7,9.92,96.43,17.54,90.4,42.79,89.44,5.31,61.67,19.0,34.87,0.08,0.71,0.0,0.0,0.27,33.33,0.35,6.82,72.73,3.28,45.95,1.06,16.67,1.24,0.71,7.44,86.9,0,,0,,0,0.0,0.0,0.0,,,0.53,,,0.09,0.0,0.0,0.0,0,0.0
Si-Hoo Hong,Gimcheon Sangmu,Incheon United,RB,25,275000,2027-05-16,12,479,2,2.11,1,0.03,16.35,43.68,Korea Republic,Korea Republic,right,175,65,yes,6.58,5.45,62.07,1.69,44.44,0.19,0.2,0.0,3.01,3.24,0.56,2,0.38,0,0.0,2.44,0.38,2,0.38,0.4,0,0.0,9,1.69,77.78,22.222,0.19,1.32,14.29,0.56,33.33,0.75,0.0,0.38,1.88,50.0,7.52,30.0,3.01,1.69,0.75,16.72,0.75,0.75,20.29,79.63,6.95,62.16,4.7,100.0,3.95,76.19,17.1,86.81,1.88,60.0,14.36,16.61,0.0,0.19,0.0,0.0,0.19,0.0,0.19,1.32,28.57,0.94,0.0,0.0,0.0,0.19,0.19,1.69,66.67,0,,0,,0,0.0,0.0,0.0,,,0.0,,,0.0,0.0,0.0,0.0,0,0.0
Min-Hyun Gong,Siheung Citizen,Daejeon Citizen,CF,36,275000,,10,327,0,0.15,0,0.2,24.5,40.45,Korea Republic,Korea Republic,right,182,70,no,5.5,6.06,54.55,6.06,40.91,0.55,0.95,0.0,1.65,2.86,2.48,1,0.28,0,0.0,1.65,0.0,0,0.0,0.04,0,0.0,2,0.55,100.0,0.0,0.0,0.83,66.67,0.28,100.0,0.55,50.0,0.0,1.65,33.33,5.78,33.33,3.58,0.28,0.28,19.27,1.65,1.1,26.97,73.47,7.98,41.38,5.23,94.74,6.61,79.17,25.05,74.73,1.1,50.0,14.17,14.06,0.06,0.83,0.0,0.0,0.0,0.0,0.0,2.2,62.5,2.75,40.0,0.28,0.0,1.1,0.28,3.3,75.0,0,,0,,0,0.0,0.0,0.0,,,0.0,,,0.0,0.0,0.0,0.0,0,0.0
Kang-Hyun Lee,Gimcheon Sangmu,Gwangju,"LCMF, RCMF",28,275000,2027-07-04,27,1354,1,0.25,1,0.74,13.49,52.71,Korea Republic,Korea Republic,right,181,77,yes,8.64,6.65,61.0,1.4,52.38,0.13,0.19,0.2,4.45,6.5,1.26,4,0.27,0,0.0,0.93,0.07,1,0.07,0.02,0,0.0,8,0.53,12.5,12.5,0.07,0.53,25.0,0.0,0.0,0.53,25.0,0.0,0.53,87.5,3.32,44.0,0.47,0.6,0.13,35.89,0.27,0.6,49.45,89.25,12.96,74.87,8.04,97.52,22.53,93.81,45.86,92.03,3.06,58.7,19.08,25.41,0.05,0.66,0.0,0.0,0.33,80.0,0.33,6.38,79.17,1.99,53.33,0.6,55.56,1.0,0.13,6.45,75.26,0,,0,,0,0.0,0.0,0.0,,,0.53,,,0.0,0.0,0.0,0.07,0,0.0
T. Petrášek,Hradec Králové,Jeonbuk Motors,"RCB, LCB",34,275000,2027-06-30,7,432,0,0.63,0,0.0,15.83,64.47,Czech Republic,Czech Republic,right,199,99,no,8.13,2.5,75.0,11.25,61.11,0.42,0.61,0.83,5.83,8.48,0.42,1,0.21,0,0.0,0.21,0.0,0,0.0,0.13,0,0.0,3,0.63,33.33,0.0,0.0,0.0,0.0,0.0,0.0,0.0,0.0,0.0,0.0,0.0,0.0,0.0,1.04,0.21,0.0,30.83,0.42,0.0,44.17,86.32,17.5,73.81,1.67,87.5,22.71,95.41,35.63,91.23,8.54,65.85,23.89,32.86,0.0,0.0,0.0,0.0,0.0,0.0,0.0,7.71,72.97,0.83,0.0,0.83,25.0,0.63,0.0,8.96,79.07,0,,0,,0,0.0,0.0,0.0,,,0.63,,,0.0,0.0,0.0,0.0,0,0.0
Si-Woo Song,,Incheon United,"RW, RWF, CF",32,250000,,7,215,0,1.55,0,0.07,24.28,37.93,Korea Republic,Korea Republic,left,174,72,no,5.02,4.6,45.45,3.77,22.22,0.42,0.81,0.0,2.51,4.86,1.26,0,0.0,0,0.0,2.93,0.0,0,0.0,0.65,0,0.0,6,2.51,33.33,0.0,0.0,0.42,0.0,0.0,0.0,0.42,0.0,0.0,4.19,50.0,11.3,44.44,3.77,1.67,0.42,11.3,0.84,3.35,12.56,76.67,3.35,62.5,2.93,85.71,4.19,90.0,11.72,82.14,0.42,0.0,15.18,4.36,0.03,0.84,0.0,0.0,0.0,0.0,0.0,1.67,50.0,2.51,50.0,0.42,0.0,1.67,0.0,0.84,50.0,0,,0,,0,0.0,0.0,0.0,,,0.0,,,0.0,0.0,0.0,0.0,0,0.0
Yu Sang-Hun,Seongnam,Gangwon,GK,37,250000,,20,1989,0,0.0,0,0.0,0.59,69.23,Korea Republic,Korea Republic,right,194,84,no,1.45,0.18,50.0,0.18,75.0,0.0,0.0,0.0,1.36,1.57,0.0,0,0.0,0,0.0,0.0,0.0,0,0.0,0.0,0,0.0,0,0.0,0.0,0.0,0.0,0.0,0.0,0.0,0.0,0.0,0.0,0.0,0.0,0.0,0.14,100.0,0.0,0.05,0.05,6.24,0.14,0.14,11.45,81.82,8.73,77.2,0.0,0.0,2.4,100.0,4.52,96.0,6.92,72.55,41.96,55.28,0.0,0.0,0.0,0.0,0.0,0.0,0.0,3.57,69.62,0.32,42.86,0.09,50.0,0.09,0.0,5.52,88.52,24,1.09,76,3.44,1,68.42,18.26,0.83,-5.74,-0.26,0.0,1.31,0.18,,,,0.0,0,0.0
Cheol-Won Choi,Gyeongju HNP,Seoul,GK,32,250000,,11,1108,0,0.0,0,0.0,0.57,100.0,Korea Republic,Korea Republic,right,194,87,no,0.81,0.0,0.0,0.49,100.0,0.0,0.0,0.0,0.81,1.05,0.08,0,0.0,0,0.0,0.0,0.0,0,0.0,0.0,0,0.0,0,0.0,0.0,0.0,0.0,0.0,0.0,0.0,0.0,0.0,0.0,0.0,0.0,0.0,0.0,0.0,0.0,0.0,0.0,10.97,0.0,0.16,14.95,86.41,8.29,76.47,0.0,0.0,6.17,98.68,8.69,100.0,6.25,67.53,32.74,51.25,0.0,0.0,0.0,0.0,0.0,0.0,0.0,0.65,50.0,0.0,0.0,0.08,0.0,0.0,0.0,4.55,71.43,10,0.81,38,3.09,3,73.68,11.59,0.94,1.59,0.129,0.0,1.3,0.49,,,,0.0,0,0.0
Marcos Serrato,FC Tulsa,Daegu,"LCMF, DMF",32,250000,2026-11-30,11,347,0,0.05,0,0.0,19.97,53.25,Brazil,"Brazil, Italy",right,175,75,no,11.41,10.12,66.67,3.37,46.15,1.04,0.94,0.26,3.63,3.28,1.82,1,0.26,0,0.0,1.3,0.0,0,0.0,0.01,0,0.0,2,0.52,50.0,0.0,0.0,0.52,0.0,0.52,0.0,0.0,0.0,0.26,1.04,75.0,3.63,28.57,0.52,0.78,0.0,23.34,0.0,0.52,40.2,74.19,16.08,59.68,4.41,88.24,14.27,85.45,34.24,78.79,5.45,52.38,18.02,23.32,0.0,0.0,0.0,0.0,0.26,100.0,0.0,5.97,60.87,3.11,33.33,1.3,40.0,1.04,0.0,7.0,66.67,0,,0,,0,0.0,0.0,0.0,,,0.78,,,0.26,0.0,0.0,0.26,0,0.0
Jeong Dong-Ho,,Suwon,"LB, RB",36,250000,,28,2479,0,0.3,2,2.06,13.76,59.63,Korea Republic,Korea Republic,right,174,68,no,9.15,7.12,67.86,1.23,41.18,0.18,0.22,0.07,4.14,4.96,0.54,5,0.18,0,0.0,2.18,0.0,0,0.0,0.01,0,0.0,13,0.47,30.77,0.0,0.07,2.51,34.78,1.78,32.65,0.73,40.0,0.29,1.96,57.41,4.28,54.24,0.33,1.02,0.18,31.15,2.14,1.09,40.92,84.92,14.01,77.46,7.08,96.92,13.54,86.06,33.69,91.81,4.83,61.65,19.36,38.25,0.07,0.62,0.0,0.0,0.11,33.33,0.44,5.26,75.86,2.54,48.57,0.84,52.17,0.69,0.84,8.28,80.26,0,,0,,0,0.0,0.0,0.0,,,0.4,,,0.0,0.0,0.0,0.04,0,0.0
Seung-Woo Ryu,Ansan Greeners,Suwon Bluewings,"LAMF, LCMF, RW",32,250000,,8,385,0,0.58,0,0.25,21.51,41.3,Korea Republic,Korea Republic,right,174,68,no,8.42,7.01,56.67,2.81,33.33,1.17,1.28,0.0,3.27,3.59,1.4,1,0.23,0,0.0,2.57,0.0,0,0.0,0.14,0,0.0,6,1.4,16.67,0.0,0.0,2.1,33.33,1.17,40.0,0.94,25.0,0.0,2.57,63.64,9.12,33.33,2.57,0.7,0.23,14.49,1.4,0.47,20.81,75.28,1.87,50.0,8.65,91.89,5.84,72.0,18.0,81.82,1.17,60.0,16.73,24.59,0.06,0.23,0.0,0.0,0.0,0.0,0.0,0.94,75.0,1.17,20.0,0.0,0.0,0.23,0.23,2.34,50.0,0,,0,,0,0.0,0.0,0.0,,,0.0,,,0.0,0.0,0.0,0.0,0,0.0
Wanderson,Pohang Steelers,Pohang Steelers,LB,37,225000,2026-12-31,20,1716,2,1.32,2,1.82,17.83,52.65,Brazil,Brazil,right,172,62,no,9.6,7.71,66.67,2.05,51.28,0.31,0.43,0.1,4.14,5.66,0.79,3,0.16,0,0.0,2.83,0.1,1,0.05,0.07,0,0.0,14,0.73,14.29,14.286,0.1,3.36,40.63,3.3,41.27,0.05,0.0,0.21,2.73,44.23,6.35,38.84,0.63,2.94,1.15,37.55,2.62,0.84,47.52,82.34,16.26,68.71,7.97,96.05,15.89,87.79,39.23,89.84,5.24,53.0,20.04,34.09,0.1,0.73,0.05,0.05,0.42,37.5,0.21,7.66,65.75,3.93,45.33,1.15,36.36,0.84,1.21,9.76,82.26,0,,0,,0,0.0,0.0,0.0,,,1.0,,,0.37,0.05,0.0,0.31,1,100.0
Moo-Yol Go,,Suwon Bluewings,"CF, LWF, AMF",35,225000,,6,238,0,0.19,0,0.39,12.48,51.52,Korea Republic,Korea Republic,right,186,80,no,3.78,2.65,85.71,3.03,37.5,0.0,0.0,0.0,1.51,2.31,0.0,0,0.0,0,0.0,2.27,0.0,0,0.0,0.07,0,0.0,4,1.51,50.0,0.0,0.0,1.51,25.0,1.13,33.33,0.38,0.0,0.38,1.89,60.0,5.67,46.67,1.89,1.13,0.0,24.2,4.16,0.76,31.39,89.16,5.67,73.33,10.21,96.3,8.7,91.3,29.5,92.31,0.38,100.0,14.5,5.64,0.15,1.89,0.0,0.0,0.0,0.0,1.13,2.27,83.33,3.03,75.0,0.0,0.0,3.03,0.38,4.16,81.82,0,,0,,0,0.0,0.0,0.0,,,0.0,,,0.0,0.0,0.0,0.0,0,0.0
Jong-Hyun Lee,Gyeongju HNP,Daejeon Citizen,"LCMF, LDMF",29,225000,,1,49,0,0.0,0,0.17,20.2,45.45,Korea Republic,Korea Republic,,176,71,no,5.51,7.35,25.0,0.0,0.0,0.0,0.0,0.0,3.67,6.67,3.67,0,0.0,0,0.0,3.67,0.0,0,0.0,0.0,0,0.0,0,0.0,0.0,0.0,0.0,3.67,50.0,3.67,50.0,0.0,0.0,0.0,1.84,100.0,5.51,100.0,0.0,1.84,0.0,47.76,0.0,1.84,64.29,85.71,12.86,71.43,9.18,100.0,31.22,88.24,51.43,96.43,9.18,40.0,21.4,43.83,0.31,1.84,0.0,0.0,0.0,0.0,0.0,12.86,71.43,5.51,33.33,1.84,0.0,0.0,1.84,9.18,100.0,0,,0,,0,0.0,0.0,0.0,,,0.0,,,1.84,0.0,0.0,11.02,0,0.0
Se-Gye Shin,,Suwon,"RCB, LCB",35,225000,,30,2693,0,0.48,0,0.12,12.43,60.48,Korea Republic,Korea Republic,right,178,75,no,8.59,5.65,73.96,3.64,51.38,0.13,0.17,0.4,4.28,5.4,0.67,2,0.07,0,0.0,0.33,0.0,0,0.0,0.02,0,0.0,8,0.27,25.0,0.0,0.0,0.17,60.0,0.03,100.0,0.13,50.0,0.0,0.37,45.45,1.2,41.67,0.13,0.6,0.03,36.83,0.33,0.37,48.73,88.96,19.15,81.68,2.97,95.51,22.06,93.94,42.34,93.29,6.25,59.89,20.77,34.44,0.0,0.1,0.07,0.07,0.0,0.0,0.07,4.01,70.83,0.5,53.33,0.33,10.0,0.17,0.1,8.15,66.39,0,,0,,0,0.0,0.0,0.0,,,1.7,,,0.0,0.0,0.0,0.0,0,0.0
Ji-Hun Kang,Anyang,Gangwon,"RB, RWB",29,225000,,16,1257,0,0.36,0,0.83,14.61,51.96,Korea Republic,Korea Republic,right,177,64,no,10.02,7.09,65.66,2.86,50.0,0.93,1.03,0.21,4.44,4.91,0.93,3,0.21,0,0.0,1.58,0.0,0,0.0,0.03,0,0.0,8,0.57,25.0,0.0,0.0,2.22,25.81,0.0,0.0,2.22,25.81,0.36,1.36,52.63,2.79,30.77,0.64,0.93,0.57,22.63,1.0,0.36,32.86,75.6,13.25,70.81,5.01,88.57,7.59,76.42,25.78,82.22,4.87,63.24,18.0,32.2,0.06,0.5,0.07,0.0,0.14,100.0,0.43,4.87,66.18,2.29,40.63,0.43,66.67,0.5,0.72,8.02,68.75,0,,0,,0,0.0,0.0,0.0,,,0.64,,,0.0,0.0,0.0,0.07,0,0.0
Jun-Yub Kim,,Incheon United,"RWB, RB",38,225000,,28,2417,1,1.04,1,1.25,12.85,47.54,Korea Republic,Korea Republic,right,178,76,no,6.07,4.99,55.22,2.9,42.31,0.52,0.57,0.0,2.79,3.03,0.71,3,0.11,0,0.0,2.23,0.04,1,0.04,0.04,0,0.0,8,0.3,25.0,12.5,0.04,2.68,43.06,0.07,50.0,2.57,42.03,0.26,1.9,43.14,3.54,43.16,0.86,1.53,0.48,27.44,1.86,0.45,34.41,79.0,9.79,66.54,7.82,94.76,10.02,74.35,28.9,85.7,3.13,46.43,16.47,27.48,0.05,0.41,0.04,0.0,0.34,55.56,0.26,3.2,58.14,3.09,44.58,0.41,27.27,0.71,0.97,6.14,67.88,0,,0,,0,0.0,0.0,0.0,,,0.3,,,0.0,0.0,0.0,0.0,0,0.0
Ban-Suk Oh,,Incheon United,"LCB, RCB",38,225000,,27,2605,3,0.72,0,0.56,14.61,62.41,Korea Republic,Korea Republic,right,189,81,no,9.36,5.56,70.81,5.63,63.8,0.41,0.47,0.76,5.01,5.63,0.59,1,0.03,0,0.0,0.35,0.1,3,0.1,0.02,2,0.07,8,0.28,62.5,37.5,0.0,0.1,33.33,0.0,0.0,0.1,33.33,0.0,0.24,42.86,1.17,29.41,0.59,0.38,0.0,26.81,0.38,0.62,37.73,84.43,17.72,75.83,2.11,88.52,12.64,93.44,32.17,89.9,5.46,53.16,18.3,34.84,0.02,0.14,0.0,0.0,0.07,50.0,0.07,4.28,54.84,0.48,14.29,0.31,0.0,0.17,0.07,6.56,63.16,0,,0,,0,0.0,0.0,0.0,,,0.66,,,0.07,0.0,0.0,0.0,0,0.0
Jun Lee,Geoje Citizen,Gwangju,GK,29,225000,,13,1218,0,0.0,0,0.0,0.74,90.0,Korea Republic,Korea Republic,right,188,79,no,1.11,0.0,0.0,0.59,87.5,0.07,0.1,0.0,1.03,1.42,0.0,2,0.15,0,0.0,0.0,0.0,0,0.0,0.0,0,0.0,0,0.0,0.0,0.0,0.0,0.0,0.0,0.0,0.0,0.0,0.0,0.0,0.0,0.0,0.07,100.0,0.0,0.0,0.0,7.46,0.22,0.07,9.9,85.07,4.66,73.02,0.0,0.0,4.29,98.28,7.91,92.52,2.0,55.56,27.74,39.99,0.0,0.0,0.0,0.0,0.0,0.0,0.0,0.52,28.57,0.0,0.0,0.0,0.0,0.0,0.0,1.7,39.13,13,0.96,45,3.33,3,71.11,12.0,0.89,-1.0,-0.074,0.0,1.26,0.59,,,,0.0,0,0.0
Jong-Eun Lim,Daejeon Citizen,Ulsan Hyundai,"CB, RCB",36,225000,2026-12-31,5,285,0,0.12,0,0.51,16.11,64.71,Korea Republic,Korea Republic,right,192,88,no,11.05,5.37,88.24,6.95,54.55,0.63,0.83,0.32,5.68,7.5,0.0,0,0.0,0,0.0,0.95,0.0,0,0.0,0.04,0,0.0,1,0.32,100.0,0.0,0.0,0.63,50.0,0.0,0.0,0.63,50.0,0.0,0.63,50.0,1.26,50.0,1.26,0.95,0.0,29.05,0.32,0.95,41.05,93.85,15.47,87.76,1.58,100.0,20.84,98.48,36.95,94.87,3.47,90.91,21.24,26.63,0.16,0.63,0.0,0.0,0.0,0.0,0.32,2.21,85.71,0.32,0.0,0.0,0.0,0.32,0.32,5.68,88.89,0,,0,,0,0.0,0.0,0.0,,,1.26,,,0.0,0.0,0.0,0.0,0,0.0
Kang Yun-Gu,Gangwon,Ulsan Hyundai,"RAMF, AMF, CF",24,225000,,19,610,1,0.81,1,0.56,20.51,51.8,Korea Republic,Korea Republic,left,177,73,no,9.89,9.3,63.49,1.92,38.46,0.44,0.65,0.0,3.54,5.18,2.36,3,0.44,0,0.0,1.48,0.15,1,0.15,0.12,0,0.0,9,1.33,33.33,11.111,0.15,0.3,50.0,0.15,0.0,0.15,100.0,0.0,1.18,50.0,5.75,48.72,2.21,0.89,0.0,27.44,1.03,1.92,34.08,84.85,5.61,65.79,11.8,97.5,8.56,81.03,32.75,86.94,1.03,28.57,15.24,11.05,0.08,0.59,0.15,0.3,0.3,100.0,0.44,2.21,66.67,2.07,42.86,0.3,50.0,0.74,0.15,2.21,86.67,0,,0,,0,0.0,0.0,0.0,,,0.3,,,0.0,0.0,0.0,0.15,0,0.0
Dong-Won Ji,Macarthur,Seoul,"CF, LCMF",35,200000,2026-06-30,10,463,1,1.67,0,0.84,16.91,44.83,Korea Republic,Korea Republic,right,187,81,no,4.47,3.5,61.11,4.28,40.91,0.78,1.09,0.0,1.56,2.18,0.97,1,0.19,0,0.0,3.3,0.19,1,0.19,0.33,1,0.19,12,2.33,58.33,8.333,0.0,0.78,75.0,0.39,50.0,0.39,100.0,0.19,1.75,55.56,5.83,43.33,2.92,1.36,0.19,20.99,2.33,1.17,27.21,85.71,5.83,73.33,9.72,90.0,7.0,88.89,25.66,87.12,0.78,50.0,16.22,12.29,0.16,0.97,0.19,0.0,0.58,66.67,0.58,2.33,83.33,1.56,87.5,0.78,50.0,0.78,0.58,3.3,64.71,0,,0,,0,0.0,0.0,0.0,,,0.0,,,0.19,0.0,0.0,0.0,0,0.0
Seong-Uk Jin,Gyeongju HNP,Jeju SK,"LWB, CF",32,200000,,2,91,0,0.09,0,0.18,10.88,36.36,Korea Republic,Korea Republic,right,183,82,no,2.97,1.98,50.0,1.98,50.0,0.0,0.0,0.0,1.98,3.33,1.98,0,0.0,0,0.0,1.98,0.0,0,0.0,0.09,0,0.0,1,0.99,0.0,0.0,0.0,3.96,25.0,3.96,25.0,0.0,0.0,0.99,1.98,50.0,5.93,33.33,2.97,2.97,0.99,28.68,7.91,0.99,39.56,82.5,5.93,83.33,12.86,100.0,10.88,63.64,33.63,88.24,1.98,100.0,14.87,17.59,0.18,1.98,0.0,0.0,0.0,0.0,0.0,1.98,100.0,3.96,50.0,0.0,0.0,1.98,0.99,4.95,100.0,0,,0,,0,0.0,0.0,0.0,,,0.99,,,0.0,0.0,0.0,0.0,0,0.0
Hyun-Cheol Jung,,Seoul,"DMF, RCMF, LDMF",33,200000,,3,75,0,0.17,0,0.0,16.8,64.29,Korea Republic,Korea Republic,right,187,72,no,15.6,10.8,100.0,3.6,0.0,0.0,0.0,0.0,4.8,7.06,0.0,0,0.0,0,0.0,0.0,0.0,0,0.0,0.21,0,0.0,1,1.2,0.0,0.0,0.0,0.0,0.0,0.0,0.0,0.0,0.0,0.0,0.0,0.0,0.0,0.0,1.2,3.6,0.0,54.0,1.2,0.0,64.8,88.89,18.0,73.33,8.4,100.0,21.6,94.44,60.0,92.0,4.8,50.0,16.18,38.93,0.0,0.0,0.0,0.0,0.0,0.0,0.0,14.4,83.33,2.4,50.0,0.0,0.0,1.2,0.0,13.2,81.82,0,,0,,0,0.0,0.0,0.0,,,0.0,,,0.0,0.0,0.0,0.0,0,0.0
Sandro Lima,Alverca,Gwangju,CF,35,200000,2026-06-30,12,795,1,2.44,1,0.35,21.74,25.52,Brazil,Brazil,right,186,86,no,3.06,3.62,25.0,5.89,32.69,0.34,0.49,0.11,1.81,2.59,1.47,1,0.11,0,0.0,1.58,0.11,1,0.11,0.28,0,0.0,18,2.04,22.22,5.556,0.11,0.34,66.67,0.11,0.0,0.23,100.0,0.11,2.72,29.17,8.15,22.22,2.72,0.79,0.91,15.4,2.38,0.91,20.26,81.01,3.51,58.06,5.89,90.38,7.13,84.13,19.13,83.43,0.79,28.57,16.95,13.2,0.04,1.02,0.0,0.11,0.34,33.33,0.23,2.04,66.67,1.36,58.33,0.45,25.0,0.91,0.23,2.26,70.0,0,,0,,0,0.0,0.0,0.0,,,0.11,,,0.11,0.11,0.0,0.0,1,0.0
No Dong-Geon,Chungbuk Cheongju,Suwon,GK,34,200000,,23,2292,0,0.0,0,0.12,0.94,87.5,Korea Republic,Korea Republic,right,191,88,no,1.49,0.08,50.0,0.75,89.47,0.04,0.05,0.0,1.41,1.73,0.0,1,0.04,0,0.0,0.0,0.0,0,0.0,0.0,0,0.0,0,0.0,0.0,0.0,0.0,0.0,0.0,0.0,0.0,0.0,0.0,0.0,0.0,0.0,0.08,100.0,0.0,0.0,0.0,10.13,0.04,0.12,15.04,82.77,9.11,74.14,0.0,0.0,5.62,97.2,8.52,96.31,6.52,65.06,35.75,51.68,0.0,0.04,0.0,0.0,0.0,0.0,0.0,1.92,42.86,0.12,0.0,0.12,0.0,0.0,0.0,4.99,75.59,43,1.69,120,4.71,3,64.17,38.47,1.51,-4.53,-0.178,0.0,2.04,0.75,,,,0.0,0,0.0
Yong-Hwan Kim,Jeonnam Dragons,Pohang Steelers,RB,33,200000,,10,434,0,0.05,0,0.15,12.24,55.93,Korea Republic,Korea Republic,right,175,67,no,6.84,4.98,70.83,1.66,62.5,0.21,0.34,0.21,3.11,5.11,0.41,0,0.0,0,0.0,2.9,0.0,0,0.0,0.01,0,0.0,2,0.41,0.0,0.0,0.0,5.6,37.04,0.21,0.0,5.39,38.46,0.21,1.24,66.67,3.32,50.0,0.0,0.41,0.21,38.78,3.32,0.83,53.5,76.74,21.57,68.27,5.39,92.31,20.12,77.32,37.74,86.81,10.99,60.38,21.08,31.31,0.03,0.41,0.21,0.0,0.0,0.0,0.41,9.54,60.87,5.18,52.0,0.62,0.0,1.24,2.07,15.35,75.68,0,,0,,0,0.0,0.0,0.0,,,0.83,,,0.0,0.0,0.0,0.0,0,0.0
Jefferson Galego, K-League XI,Gangwon,"RW, RWF, LW",29,200000,,33,1675,2,5.36,0,1.3,27.99,36.85,Brazil,Brazil,left,176,71,no,5.96,5.32,59.6,4.24,25.32,0.27,0.32,0.0,2.53,3.03,1.02,4,0.21,0,0.0,5.1,0.11,1,0.05,0.29,0,0.0,55,2.96,29.09,3.636,0.0,2.2,29.27,0.86,37.5,1.34,24.0,0.21,7.15,49.62,14.4,36.57,3.28,2.96,1.56,18.38,1.24,1.18,23.91,74.83,4.89,62.64,6.88,89.06,6.72,75.2,21.06,80.36,0.97,50.0,16.73,18.48,0.07,0.48,0.05,0.0,0.16,33.33,0.27,2.04,76.32,1.99,40.54,0.16,0.0,0.48,0.64,3.39,69.84,0,,0,,0,0.0,0.0,0.0,,,0.05,,,0.11,0.11,0.0,0.43,1,100.0
Kyeong-Jung Kim,,Suwon Bluewings,"LW, RW, RWF",35,200000,,15,714,2,0.7,1,0.66,17.9,46.48,Korea Republic,Korea Republic,right,179,69,no,4.54,5.04,55.0,2.39,36.84,0.5,0.65,0.0,1.26,1.61,1.01,3,0.38,0,0.0,4.92,0.25,2,0.25,0.09,1,0.13,5,0.63,60.0,40.0,0.13,3.91,41.94,0.88,28.57,3.03,45.83,0.63,5.42,48.84,8.57,47.06,1.26,2.27,0.63,21.55,1.89,1.26,30.13,76.15,6.81,59.26,9.71,90.91,8.07,78.13,24.83,83.25,1.51,50.0,18.28,24.51,0.08,0.88,0.0,0.0,0.25,100.0,0.63,1.76,57.14,3.28,53.85,0.0,0.0,0.38,1.51,4.66,72.97,0,,0,,0,0.0,0.0,0.0,,,0.38,,,0.0,0.0,0.0,0.0,0,0.0
Joo-Won Kim,Daegu,Suwon Bluewings,"CB, LCB, RCB",35,200000,,28,2574,0,0.38,1,0.08,13.36,59.69,Korea Republic,Korea Republic,right,185,83,no,7.62,4.23,61.98,4.93,65.25,0.1,0.13,0.31,4.9,5.87,1.15,8,0.28,0,0.0,0.1,0.0,0,0.0,0.01,0,0.0,4,0.14,25.0,0.0,0.03,0.03,0.0,0.0,0.0,0.03,0.0,0.03,0.1,33.33,0.94,48.15,0.28,0.21,0.07,24.41,0.21,0.91,37.34,87.36,12.31,75.0,1.68,91.67,18.22,95.78,32.8,91.79,4.51,55.81,18.85,31.57,0.0,0.07,0.0,0.0,0.03,100.0,0.03,2.55,57.53,0.35,60.0,0.1,100.0,0.21,0.0,5.1,52.05,0,,0,,0,0.0,0.0,0.0,,,0.98,,,0.0,0.0,0.0,0.0,0,0.0
Jae-Suk Oh,Daejeon Citizen,Daejeon Citizen,"RWB, RB, LB",36,200000,,25,2118,0,0.15,0,0.97,14.83,51.29,Korea Republic,Korea Republic,right,178,76,no,9.77,7.27,63.16,3.14,41.89,0.93,1.17,0.3,4.25,5.34,0.89,6,0.25,0,0.0,1.19,0.0,0,0.0,0.01,0,0.0,4,0.17,50.0,0.0,0.0,1.87,36.36,0.47,45.45,1.4,33.33,0.04,0.72,58.82,2.17,35.29,0.17,0.25,0.13,20.61,1.61,0.64,29.28,77.65,10.16,65.69,5.06,93.28,8.33,84.18,23.67,84.92,3.87,51.65,18.96,33.1,0.04,0.47,0.04,0.04,0.08,0.0,0.21,4.04,69.47,1.91,46.67,0.34,50.0,0.3,0.64,6.5,69.28,0,,0,,0,0.0,0.0,0.0,,,0.68,,,0.0,0.0,0.0,0.0,0,0.0
Gyeong-Jae Kim,Jeonnam Dragons,Gwangju,"LCB, RCB",33,200000,,3,38,0,0.0,0,0.0,,,Korea Republic,Korea Republic,right,183,73,no,,,,,,,0.0,,,11.25,,0,,0,,,,0,,,0,,0,,,0.0,,,,,,,,,,,,,,,,,,,,,,,,,,,,,,,19.3,11.35,,,,,,,,,,,,,,,,,,0,,0,,0,0.0,0.0,,,,,,,,,,,0,0.0
Seung-Un Ha,Gwangju,Gwangju,"LW, CF, LWF",28,200000,,18,675,2,1.29,1,0.56,20.4,41.83,Korea Republic,Korea Republic,right,177,74,no,4.67,5.87,61.36,1.47,18.18,0.0,0.0,0.13,1.07,1.51,0.93,1,0.13,0,0.0,3.2,0.27,2,0.27,0.17,0,0.0,11,1.47,54.55,18.182,0.13,2.53,21.05,2.53,21.05,0.0,0.0,0.53,4.27,43.75,10.0,36.0,2.67,1.6,1.07,21.87,1.33,0.93,31.07,77.25,6.13,60.87,7.47,92.86,10.67,72.5,27.6,83.09,0.93,57.14,14.35,9.24,0.08,0.53,0.13,0.0,0.13,0.0,0.27,1.6,83.33,3.33,32.0,0.13,0.0,0.93,0.53,4.67,57.14,0,,0,,0,0.0,0.0,0.0,,,0.0,,,0.0,0.0,0.0,0.0,0,0.0
Oh In-Pyo,Seoul E-Land,Suwon,"RB, RW, RWB",29,200000,,30,1408,2,2.02,2,2.22,15.53,43.21,Korea Republic,Korea Republic,right,178,63,no,6.84,5.82,51.65,1.66,38.46,0.32,0.4,0.32,3.52,4.45,0.96,1,0.06,0,0.0,3.32,0.13,2,0.13,0.13,1,0.06,17,1.09,35.29,11.765,0.13,1.92,43.33,0.32,20.0,1.53,45.83,0.26,3.26,60.78,6.14,39.58,2.11,1.6,0.38,21.48,1.73,0.13,31.83,79.92,8.12,67.72,8.12,92.13,9.52,83.89,28.51,84.53,1.47,39.13,16.44,18.32,0.14,0.83,0.0,0.0,0.45,28.57,0.45,2.17,67.65,2.17,55.88,0.45,28.57,0.77,0.89,5.56,63.22,0,,0,,0,0.0,0.0,0.0,,,0.58,,,0.0,0.0,0.0,0.0,0,0.0
Soon-Min Hwang,,Suwon,LB,35,200000,,8,397,0,0.02,0,0.04,12.7,51.79,Korea Republic,Korea Republic,left,178,69,no,12.47,7.93,57.14,1.13,80.0,0.91,1.06,1.13,7.03,8.23,0.45,1,0.23,0,0.0,0.45,0.0,0,0.0,0.0,0,0.0,1,0.23,0.0,0.0,0.0,1.13,20.0,1.13,20.0,0.0,0.0,0.0,0.23,100.0,1.59,42.86,0.45,0.91,0.23,28.11,1.36,0.23,39.22,78.61,13.15,62.07,8.61,94.74,11.56,88.24,34.91,82.47,3.4,53.33,16.41,31.53,0.01,0.45,0.0,0.0,0.0,0.0,0.0,3.4,60.0,1.59,28.57,0.45,50.0,0.68,0.23,7.25,56.25,0,,0,,0,0.0,0.0,0.0,,,0.45,,,0.0,0.0,0.0,0.0,0,0.0
Hee-Seung Kim,Busan I'Park,Daegu,LCMF,23,175000,,2,20,0,0.0,0,0.0,,,Korea Republic,Korea Republic,right,184,81,no,,,,,,,0.0,,,0.0,,1,,0,,,,0,,,0,,0,,,0.0,,,,,,,,,,,,,,,,,,,,,,,,,,,,,,,15.07,0.0,,,,,,,,,,,,,,,,,,0,,0,,0,0.0,0.0,,,,,,,,,,,0,0.0
Jun-Jae Myung,,Suwon Bluewings,"CF, AMF",31,175000,,8,431,0,0.38,0,0.06,15.03,33.33,Korea Republic,Korea Republic,right,178,68,no,3.13,1.88,66.67,4.39,28.57,0.63,0.83,0.0,1.25,1.65,0.84,3,0.63,0,0.0,1.04,0.0,0,0.0,0.08,0,0.0,7,1.46,14.29,0.0,0.0,1.25,33.33,0.0,0.0,1.04,40.0,0.21,1.67,25.0,6.06,24.14,3.13,1.04,0.21,18.17,2.09,0.63,23.18,77.48,3.55,76.47,7.31,91.43,5.85,64.29,20.26,82.47,1.67,50.0,15.69,18.66,0.01,0.42,0.21,0.0,0.0,0.0,0.0,2.09,60.0,1.25,50.0,0.0,0.0,1.04,0.42,2.3,81.82,0,,0,,0,0.0,0.0,0.0,,,0.42,,,0.0,0.0,0.0,0.0,0,0.0
Sang-Hoon Paik,Seosan Pioneer,Seoul,LCMF,24,175000,2026-12-31,2,92,0,0.02,0,0.0,13.7,28.57,Korea Republic,Korea Republic,right,173,70,yes,3.91,4.89,20.0,0.98,0.0,0.0,0.0,0.0,2.93,3.6,1.96,0,0.0,0,0.0,1.96,0.0,0,0.0,0.02,0,0.0,1,0.98,100.0,0.0,0.0,0.0,0.0,0.0,0.0,0.0,0.0,0.0,1.96,50.0,4.89,20.0,0.98,0.0,0.0,22.5,0.0,0.0,29.35,83.33,5.87,83.33,5.87,100.0,10.76,81.82,29.35,83.33,0.0,0.0,14.56,0.0,0.0,0.0,0.0,0.0,0.98,0.0,0.0,0.98,100.0,0.0,0.0,0.98,0.0,0.0,0.0,4.89,60.0,0,,0,,0,0.0,0.0,0.0,,,0.0,,,0.0,0.0,0.0,0.0,0,0.0
Jae-Yong Jeong,,Suwon,"LCMF, RCMF, RDMF",35,175000,,14,630,0,0.7,0,0.4,12.14,54.12,Korea Republic,Korea Republic,right,188,83,no,7.57,5.43,65.79,2.29,43.75,0.29,0.33,0.29,3.71,4.24,0.86,0,0.0,0,0.0,1.29,0.0,0,0.0,0.1,0,0.0,10,1.43,10.0,0.0,0.0,0.57,50.0,0.29,50.0,0.29,50.0,0.0,1.0,42.86,2.71,31.58,0.71,0.29,0.29,35.43,0.43,0.71,46.57,88.04,13.71,79.17,7.0,93.88,18.29,93.75,42.57,91.95,3.43,45.83,18.36,27.6,0.06,0.57,0.0,0.0,0.71,60.0,0.29,7.0,77.55,1.43,70.0,0.86,50.0,0.86,0.29,7.71,75.93,0,,0,,0,0.0,0.0,0.0,,,0.0,,,0.0,0.0,0.0,0.0,0,0.0
Eu-Ddeum Lee,,Gwangju,"LB, RW",36,175000,,2,23,0,0.01,0,0.0,,,Korea Republic,Korea Republic,left,177,73,no,,,,,,,0.0,,,0.0,,0,,0,,,,0,,,0,,1,,,0.0,,,,,,,,,,,,,,,,,,,,,,,,,,,,,,,27.05,20.7,,,,,,,,,,,,,,,,,,0,,0,,0,0.0,0.0,,,,,,,,,,,0,0.0
Shin Kwang-Hoon,Pohang Steelers,Pohang Steelers,"RB, RDMF, RCMF",39,175000,,22,1155,0,0.05,0,0.37,16.05,55.34,Korea Republic,Korea Republic,right,178,73,no,8.03,6.23,65.0,2.65,61.76,0.62,0.85,0.16,3.35,4.59,1.25,6,0.47,0,0.0,2.42,0.0,0,0.0,0.0,0,0.0,2,0.16,0.0,0.0,0.0,3.04,56.41,0.0,0.0,3.04,56.41,0.0,1.09,64.29,3.97,47.06,0.39,1.09,0.08,42.62,1.87,1.01,56.18,82.94,20.73,71.8,7.25,92.47,21.19,90.44,43.95,89.89,9.19,58.47,20.72,31.8,0.03,0.62,0.08,0.0,0.08,0.0,0.31,10.68,72.99,3.58,58.7,1.25,37.5,0.7,1.64,12.39,77.36,0,,0,,0,0.0,0.0,0.0,,,0.94,,,0.16,0.0,0.0,0.0,0,0.0
Kwon Han-Jin,,Incheon United,CB,38,175000,,18,1590,1,0.98,0,0.0,11.32,55.0,Korea Republic,Korea Republic,right,187,80,no,8.26,4.42,73.08,3.74,39.39,0.06,0.07,0.85,4.98,5.79,0.62,1,0.06,0,0.0,0.28,0.06,1,0.06,0.06,0,0.0,5,0.28,60.0,20.0,0.0,0.06,0.0,0.06,0.0,0.0,0.0,0.0,0.23,50.0,0.85,26.67,0.45,0.51,0.06,28.3,0.34,0.17,40.47,90.21,12.57,77.03,1.64,96.55,22.13,97.44,37.13,94.05,3.28,48.28,17.98,27.34,0.0,0.0,0.0,0.0,0.0,0.0,0.0,2.26,62.5,0.11,0.0,0.06,100.0,0.0,0.0,4.36,51.95,0,,0,,0,0.0,0.0,0.0,,,0.91,,,0.0,0.0,0.0,0.0,0,0.0
Hyun-Hun Kim,,Suwon,RCB,35,175000,,10,785,0,0.17,0,0.0,10.66,53.76,Korea Republic,Korea Republic,right,184,82,no,7.22,4.7,60.98,3.21,46.43,0.11,0.11,0.57,4.24,4.05,0.34,1,0.11,0,0.0,0.11,0.0,0,0.0,0.02,0,0.0,1,0.11,0.0,0.0,0.0,0.11,0.0,0.0,0.0,0.11,0.0,0.0,0.11,100.0,0.69,16.67,0.46,0.0,0.0,27.4,0.0,0.23,37.95,88.52,16.28,80.28,1.83,87.5,15.25,97.74,32.33,91.84,5.5,70.83,20.34,34.54,0.0,0.0,0.0,0.0,0.0,0.0,0.0,3.44,70.0,0.0,0.0,0.23,0.0,0.11,0.0,6.88,65.0,0,,0,,0,0.0,0.0,0.0,,,1.03,,,0.0,0.0,0.0,0.0,0,0.0
Edgar Bruno,Daegu,Daegu,CF,39,175000,2026-12-31,34,2825,9,8.58,2,2.56,31.92,37.03,Brazil,Brazil,right,191,87,no,3.7,2.8,56.82,9.46,52.53,0.13,0.12,0.0,1.98,1.91,1.53,4,0.13,1,0.03,2.17,0.29,9,0.29,0.27,8,0.25,69,2.2,42.03,13.043,0.06,0.13,25.0,0.06,50.0,0.06,0.0,0.0,2.64,42.17,12.33,23.51,2.87,0.57,0.13,11.02,2.23,1.27,18.92,74.58,5.16,61.73,4.17,80.92,5.16,82.1,18.03,75.44,0.8,64.0,15.35,19.92,0.08,0.83,0.03,0.0,0.29,33.33,0.32,2.04,56.25,0.92,48.28,0.32,30.0,0.86,0.0,2.61,62.2,0,,0,,0,0.0,0.0,0.0,,,0.03,,,0.0,0.0,0.0,0.0,0,0.0
Choi Chul-Soon,Jeonbuk Motors,Jeonbuk Motors,"RB, LB",39,175000,,19,969,0,0.0,1,0.35,16.35,50.0,Korea Republic,Korea Republic,right,175,68,no,9.94,7.89,67.06,2.97,43.75,0.74,0.94,0.0,3.9,4.96,0.74,1,0.09,0,0.0,1.02,0.0,0,0.0,0.0,0,0.0,1,0.09,0.0,0.0,0.09,1.21,53.85,0.09,0.0,1.11,58.33,0.0,0.65,42.86,3.16,29.41,0.65,0.28,0.19,25.82,0.84,0.46,36.22,83.33,13.28,75.52,4.83,98.08,10.77,88.79,30.46,88.41,4.55,57.14,19.38,29.85,0.03,0.46,0.0,0.0,0.09,100.0,0.37,6.5,77.14,2.14,60.87,0.37,50.0,0.56,0.65,7.52,76.54,0,,0,,0,0.0,0.0,0.0,,,0.19,,,0.0,0.0,0.0,0.0,0,0.0
Kyeong-Min Kim,Suwon,Seoul,"RWF, LW, CF",29,150000,,9,176,2,1.83,0,0.0,18.41,27.78,Korea Republic,Korea Republic,right,185,78,no,6.14,5.63,45.45,1.53,0.0,0.51,0.68,0.0,3.07,4.09,1.53,0,0.0,0,0.0,2.56,1.02,2,1.02,0.93,0,0.0,5,2.56,60.0,40.0,0.0,1.02,0.0,0.0,0.0,1.02,0.0,0.0,5.63,18.18,9.72,15.79,4.6,2.05,1.02,15.34,2.05,0.0,20.45,70.0,8.18,68.75,4.6,88.89,4.6,55.56,18.41,72.22,1.02,100.0,14.64,4.03,0.0,0.0,0.51,0.0,0.51,0.0,0.0,1.02,100.0,1.02,0.0,0.0,0.0,0.0,0.0,4.6,44.44,0,,0,,0,0.0,0.0,0.0,,,0.0,,,0.0,0.0,0.0,0.0,0,0.0
Chan-Gi An,Jeju SK,Suwon Bluewings,GK,28,150000,,3,256,0,0.0,0,0.0,0.7,100.0,Korea Republic,Korea Republic,right,187,80,no,1.05,0.35,100.0,0.0,0.0,0.0,0.0,0.0,0.7,0.88,0.0,1,0.35,0,0.0,0.0,0.0,0,0.0,0.0,0,0.0,0,0.0,0.0,0.0,0.0,0.0,0.0,0.0,0.0,0.0,0.0,0.0,0.0,0.0,0.0,0.0,0.0,0.0,0.0,7.38,0.0,0.35,9.14,76.92,5.63,62.5,0.0,0.0,2.81,100.0,4.57,100.0,4.57,53.85,36.68,51.56,0.0,0.0,0.0,0.0,0.0,0.0,0.0,1.05,0.0,0.35,0.0,0.0,0.0,0.0,0.0,3.87,63.64,3,1.05,8,2.81,0,62.5,2.36,0.83,-0.64,-0.225,0.0,0.7,0.0,,,,0.0,0,0.0
Jae-Sung Lee,,Suwon,"RCB, CB, LCB",37,150000,,7,650,0,0.0,0,0.0,17.31,67.2,Korea Republic,Korea Republic,right,187,81,no,7.48,5.12,70.27,9.42,67.65,0.28,0.34,0.28,3.6,4.43,0.42,0,0.0,0,0.0,0.42,0.0,0,0.0,0.0,0,0.0,0,0.0,0.0,0.0,0.0,0.0,0.0,0.0,0.0,0.0,0.0,0.0,0.55,75.0,1.25,55.56,0.14,0.0,0.0,26.17,0.14,0.28,37.38,86.67,14.4,71.15,1.38,100.0,18.69,100.0,33.23,92.5,4.15,40.0,22.25,43.36,0.0,0.0,0.0,0.0,0.0,0.0,0.0,2.22,37.5,0.14,0.0,0.0,0.0,0.0,0.0,5.12,40.54,0,,0,,0,0.0,0.0,0.0,,,0.97,,,0.0,0.0,0.0,0.0,0,0.0
Hyung-Geun Kim,Bucheon 1995,Jeju SK,GK,32,150000,,1,15,0,0.0,0,0.0,,,Korea Republic,Korea Republic,right,188,78,no,,,,,,,0.0,,,0.0,,0,,0,,,,0,,,0,,0,,,0.0,,,,,,,,,,,,,,,,,,,,,,,,,,,,,,,62.19,62.19,,,,,,,,,,,,,,,,,,0,,0,,0,0.0,0.0,,0.0,,,,,,,,,0,0.0
Sang-Hyeok Park,Gangwon,Gangwon,CF,24,150000,,24,828,4,2.94,0,0.45,34.02,30.35,Korea Republic,Korea Republic,right,185,75,no,4.78,5.33,51.02,13.91,24.22,0.0,0.0,0.0,2.07,2.13,1.52,1,0.11,0,0.0,1.41,0.43,4,0.43,0.32,0,0.0,17,1.85,29.41,23.529,0.0,0.87,37.5,0.22,50.0,0.65,33.33,0.11,1.09,40.0,7.17,33.33,2.39,0.22,0.0,13.7,1.74,1.85,20.0,75.54,3.7,58.82,5.76,90.57,4.78,65.91,18.59,78.36,0.54,40.0,12.93,4.62,0.05,0.65,0.0,0.0,0.11,100.0,0.11,1.74,50.0,0.87,62.5,0.11,100.0,0.43,0.22,1.3,50.0,0,,0,,0,0.0,0.0,0.0,,,0.0,,,0.0,0.0,0.0,0.0,0,0.0
Ju-Yeop Kim,Jeonnam Dragons,Suwon,"RB, RW, RCB",26,150000,2026-12-31,9,463,0,0.27,0,0.99,17.11,52.27,Korea Republic,Korea Republic,right,180,76,no,7.19,5.64,65.52,3.3,41.18,0.0,0.0,0.39,3.5,4.7,0.78,0,0.0,0,0.0,3.89,0.0,0,0.0,0.05,0,0.0,3,0.58,33.33,0.0,0.0,2.53,46.15,0.0,0.0,2.53,46.15,0.19,3.69,63.16,7.19,51.35,1.17,2.33,1.36,21.38,3.5,0.39,29.94,79.87,10.11,67.31,7.58,89.74,7.58,84.62,25.46,85.5,2.33,50.0,18.64,30.38,0.19,0.97,0.19,0.0,0.19,100.0,0.58,1.94,50.0,2.72,57.14,0.39,50.0,0.97,0.78,5.25,62.96,0,,0,,0,0.0,0.0,0.0,,,0.0,,,0.0,0.0,0.0,0.0,0,0.0
Woong-Hee Lee,,Gangwon,RCB,38,150000,,11,910,1,0.94,0,0.05,13.35,63.7,Korea Republic,Korea Republic,right,182,82,no,7.62,5.14,75.0,4.65,57.45,0.4,0.41,0.59,3.36,3.47,0.79,2,0.2,0,0.0,0.4,0.1,1,0.1,0.09,0,0.0,5,0.49,20.0,20.0,0.0,0.2,0.0,0.0,0.0,0.2,0.0,0.0,0.59,50.0,1.09,54.55,0.59,0.89,0.0,26.51,0.49,0.3,37.78,84.03,17.9,76.8,2.67,92.59,12.07,90.98,32.44,91.77,5.14,38.46,18.69,34.64,0.0,0.1,0.0,0.0,0.0,0.0,0.0,5.54,66.07,0.59,33.33,0.49,40.0,0.2,0.0,7.81,68.35,0,,0,,0,0.0,0.0,0.0,,,0.79,,,0.0,0.0,0.0,0.0,0,0.0
Hu-Seong Oh,Incheon United,Gwangju,"CF, LW, LCMF",26,150000,,6,142,0,0.09,0,0.01,23.45,32.43,Korea Republic,Korea Republic,right,173,64,no,3.8,3.17,40.0,2.54,50.0,0.0,0.0,0.0,2.54,4.0,2.54,0,0.0,0,0.0,1.27,0.0,0,0.0,0.06,0,0.0,2,1.27,0.0,0.0,0.0,0.63,0.0,0.63,0.0,0.0,0.0,0.0,4.44,28.57,11.41,22.22,1.9,4.44,3.17,17.11,2.54,1.9,24.08,86.84,4.44,100.0,8.87,85.71,6.34,70.0,23.45,89.19,0.0,0.0,12.04,0.0,0.01,0.63,0.0,0.0,0.63,0.0,0.0,2.54,100.0,3.8,50.0,0.63,0.0,1.9,0.0,2.54,100.0,0,,0,,0,0.0,0.0,0.0,,,0.63,,,0.0,0.0,0.0,0.0,0,0.0
Yeong-Jun Kim,Geoje Citizen,Daegu,"CF, LW",26,150000,2026-12-31,9,240,0,0.59,0,0.0,35.63,44.21,Korea Republic,Korea Republic,right,184,77,yes,9.75,9.38,56.0,9.0,25.0,0.75,0.67,0.38,3.75,3.33,2.25,2,0.75,0,0.0,2.63,0.0,0,0.0,0.22,0,0.0,3,1.13,33.33,0.0,0.0,1.13,0.0,0.38,0.0,0.75,0.0,0.0,3.38,66.67,12.0,46.88,2.63,1.13,0.0,9.0,0.38,1.88,17.25,67.39,5.25,78.57,2.63,71.43,5.25,57.14,15.38,75.61,0.75,0.0,24.6,9.73,0.0,0.0,0.38,0.0,0.0,0.0,0.0,1.13,66.67,1.13,0.0,0.0,0.0,0.0,0.38,3.0,50.0,0,,0,,0,0.0,0.0,0.0,,,0.0,,,0.0,0.0,0.0,0.0,0,0.0
Bo-Kyeong Choi,Chungnam Asan,Suwon,"CB, LCB",38,150000,,13,568,0,0.0,0,0.02,11.25,56.34,Korea Republic,Korea Republic,left,184,79,no,6.34,3.64,56.52,3.96,40.0,0.32,0.35,0.63,3.96,4.39,0.48,0,0.0,0,0.0,0.16,0.0,0,0.0,0.0,0,0.0,0,0.0,0.0,0.0,0.0,0.0,0.0,0.0,0.0,0.0,0.0,0.0,0.16,100.0,0.63,100.0,0.0,0.48,0.0,47.85,0.16,1.11,63.86,92.8,20.44,81.4,2.69,100.0,33.75,98.59,56.88,97.21,6.97,56.82,22.58,27.66,0.0,0.16,0.0,0.0,0.0,0.0,0.0,4.6,75.86,0.32,50.0,0.32,50.0,0.16,0.0,7.45,65.96,0,,0,,0,0.0,0.0,0.0,,,2.38,,,0.0,0.0,0.0,0.0,0,0.0
Park Bae-Jong,,Suwon,GK,36,150000,,12,1190,0,0.0,0,0.0,0.83,72.73,Korea Republic,Korea Republic,right,185,78,no,2.04,0.08,0.0,0.61,87.5,0.0,0.0,0.0,2.04,2.38,0.0,1,0.08,0,0.0,0.0,0.0,0,0.0,0.0,0,0.0,0,0.0,0.0,0.0,0.0,0.0,0.0,0.0,0.0,0.0,0.0,0.0,0.0,0.0,0.0,0.0,0.0,0.0,0.0,9.0,0.38,0.0,14.52,87.5,8.47,81.25,0.0,0.0,5.6,95.95,9.76,96.9,4.76,68.25,32.16,44.87,0.0,0.0,0.0,0.0,0.0,0.0,0.0,0.91,33.33,0.15,0.0,0.08,0.0,0.0,0.0,3.55,78.72,24,1.82,65,4.92,1,63.08,17.34,1.31,-6.66,-0.504,0.0,1.82,0.61,,,,0.0,0,0.0
Seong-Min Hwang,Yongin,Seoul,GK,35,150000,,1,103,0,0.0,0,0.0,0.0,0.0,Korea Republic,Korea Republic,right,188,83,no,0.87,0.0,0.0,0.0,0.0,0.0,0.0,0.0,0.87,1.03,0.0,1,0.87,0,0.0,0.0,0.0,0,0.0,0.0,0,0.0,0,0.0,0.0,0.0,0.0,0.0,0.0,0.0,0.0,0.0,0.0,0.0,0.0,0.0,0.0,0.0,0.0,0.0,0.0,13.11,0.0,0.0,20.1,78.26,11.36,61.54,0.0,0.0,8.74,100.0,12.23,92.86,7.86,55.56,34.04,52.58,0.0,0.0,0.0,0.0,0.0,0.0,0.0,1.75,50.0,0.0,0.0,0.0,0.0,0.0,0.0,6.99,50.0,2,1.75,7,6.12,0,71.43,1.15,1.0,-0.85,-0.743,0.0,0.87,0.0,,,,0.0,0,0.0
Ho-Jun Son,Gyeongnam,Suwon Bluewings,"RB, RWB",24,150000,,12,469,0,0.05,0,0.09,17.27,48.89,Korea Republic,Korea Republic,right,175,65,no,9.79,7.1,67.57,1.73,33.33,0.38,0.41,0.19,4.61,4.93,0.19,0,0.0,0,0.0,2.49,0.0,0,0.0,0.01,0,0.0,1,0.19,0.0,0.0,0.0,3.26,35.29,0.0,0.0,3.26,35.29,0.38,3.07,43.75,6.52,35.29,0.96,0.58,0.19,20.15,1.34,0.96,30.32,72.15,9.98,61.54,5.18,92.59,10.55,69.09,22.64,82.2,4.61,50.0,20.55,28.88,0.02,0.38,0.0,0.0,0.0,0.0,0.58,2.88,46.67,2.3,25.0,0.77,25.0,0.19,1.34,5.57,65.52,0,,0,,0,0.0,0.0,0.0,,,0.19,,,0.0,0.0,0.0,0.0,0,0.0
Yun Young-Sun,,Jeonbuk Motors,LCB,37,125000,,1,28,0,0.0,0,0.0,,,Korea Republic,Korea Republic,right,185,78,no,,,,,,,0.0,,,12.0,,0,,0,,,,0,,,0,,0,,,0.0,,,,,,,,,,,,,,,,,,,,,,,,,,,,,,,15.89,24.55,,,,,,,,,,,,,,,,,,0,,0,,0,0.0,0.0,,,,,,,,,,,0,0.0
Seong-Jin Jeon,Busan I'Park,Jeju SK,"LCMF, CF, LB",24,125000,,5,124,0,0.2,0,0.0,19.6,44.44,Korea Republic,Korea Republic,left,176,72,no,4.35,5.08,85.71,2.18,0.0,0.0,0.0,0.0,0.0,0.0,0.0,0,0.0,0,0.0,3.63,0.0,0,0.0,0.15,0,0.0,2,1.45,50.0,0.0,0.0,0.73,0.0,0.73,0.0,0.0,0.0,0.0,2.9,100.0,10.89,40.0,2.9,1.45,0.0,28.31,2.9,0.73,39.92,80.0,6.53,66.67,10.16,92.86,13.79,68.42,36.29,84.0,2.9,50.0,16.77,26.93,0.0,0.0,0.0,0.0,0.0,0.0,0.0,5.08,42.86,2.9,25.0,0.0,0.0,0.0,0.0,3.63,100.0,0,,0,,0,0.0,0.0,0.0,,,0.0,,,0.0,0.0,0.0,0.0,0,0.0
Kang-Han Lee,Chungbuk Cheongju,Gangwon,"LB, RB",26,125000,,3,51,0,0.0,0,0.0,24.71,50.0,Korea Republic,Korea Republic,,176,68,no,17.65,15.88,55.56,5.29,33.33,0.0,0.0,0.0,8.82,11.54,0.0,0,0.0,0,0.0,0.0,0.0,0,0.0,0.0,0,0.0,0,0.0,0.0,0.0,0.0,3.53,0.0,3.53,0.0,0.0,0.0,3.53,1.76,0.0,3.53,50.0,0.0,0.0,0.0,8.82,0.0,0.0,26.47,53.33,15.88,55.56,1.76,0.0,3.53,0.0,22.94,61.54,0.0,0.0,12.7,0.0,0.0,0.0,0.0,0.0,0.0,0.0,0.0,7.06,100.0,3.53,0.0,0.0,0.0,0.0,3.53,8.82,20.0,0,,0,,0,0.0,0.0,0.0,,,0.0,,,0.0,0.0,0.0,0.0,0,0.0
Dong-Hyuk Lim,,Jeju SK,"CF, RCB",33,125000,,5,47,0,0.01,0,0.0,44.04,39.13,Korea Republic,Korea Republic,right,190,86,no,3.83,0.0,0.0,30.64,50.0,0.0,0.0,0.0,3.83,6.67,1.91,1,1.91,0,0.0,1.91,0.0,0,0.0,0.03,0,0.0,1,1.91,100.0,0.0,0.0,0.0,0.0,0.0,0.0,0.0,0.0,0.0,0.0,0.0,9.57,20.0,1.91,1.91,0.0,9.57,1.91,0.0,13.4,71.43,3.83,100.0,1.91,100.0,5.74,33.33,13.4,71.43,0.0,0.0,12.1,0.0,0.0,0.0,0.0,0.0,0.0,0.0,0.0,0.0,0.0,0.0,0.0,0.0,0.0,0.0,0.0,1.91,0.0,0,,0,,0,0.0,0.0,0.0,,,0.0,,,0.0,0.0,0.0,0.0,0,0.0
Chang-Moo Shin,Gwangju,Gwangju,"RW, CF",33,125000,2026-12-31,9,147,0,0.42,0,0.18,23.27,34.21,Korea Republic,Korea Republic,left,170,70,no,6.12,7.35,66.67,4.29,28.57,0.0,0.0,0.0,1.22,2.22,1.22,1,0.61,0,0.0,2.45,0.0,0,0.0,0.26,0,0.0,3,1.84,33.33,0.0,0.0,1.84,33.33,0.61,0.0,1.22,50.0,0.0,3.67,33.33,7.96,15.38,1.22,0.61,0.0,22.04,0.61,0.0,27.55,86.67,4.29,85.71,8.57,92.86,7.96,100.0,24.49,90.0,1.22,100.0,19.66,5.08,0.11,0.61,0.0,0.0,0.0,0.0,0.61,2.45,75.0,1.22,100.0,0.61,100.0,1.22,0.61,3.67,83.33,0,,0,,0,0.0,0.0,0.0,,,0.0,,,1.22,0.61,100.0,2.45,0,0.0
Seung-Woo Kim,Seoul Jungnang,Gwangju,"RCB, LCB",28,125000,,5,347,0,0.0,0,0.0,17.12,48.48,Korea Republic,Korea Republic,right,184,70,no,8.3,5.45,61.9,6.48,48.0,0.0,0.0,1.04,4.93,8.14,0.52,1,0.26,0,0.0,0.0,0.0,0,0.0,0.0,0,0.0,0,0.0,0.0,0.0,0.0,0.0,0.0,0.0,0.0,0.0,0.0,0.0,0.0,0.0,2.33,22.22,0.0,2.07,0.52,43.83,0.0,0.26,59.14,90.35,17.9,79.71,3.37,100.0,31.9,94.31,54.99,94.34,4.15,37.5,16.18,33.27,0.0,0.0,0.0,0.0,0.0,0.0,0.0,6.48,72.0,0.52,0.0,0.0,0.0,0.0,0.0,7.26,75.0,0,,0,,0,0.0,0.0,0.0,,,1.3,,,0.0,0.0,0.0,0.0,0,0.0
Jae-hwan Hwang,Pohang Steelers,Ulsan Hyundai,AMF,25,125000,,11,270,2,0.48,0,0.0,21.67,35.38,Korea Republic,Korea Republic,right,170,60,no,7.0,7.67,52.17,2.33,14.29,1.0,1.45,0.0,2.0,2.9,1.67,0,0.0,0,0.0,2.67,0.67,2,0.67,0.16,0,0.0,2,0.67,100.0,100.0,0.0,0.67,0.0,0.0,0.0,0.67,0.0,0.0,3.0,66.67,9.0,25.93,2.67,1.0,0.0,18.33,1.0,0.0,23.67,74.65,1.67,40.0,9.67,86.21,5.67,76.47,22.67,77.94,0.33,0.0,12.08,1.51,0.0,0.0,0.0,0.0,0.33,0.0,0.0,0.33,0.0,1.33,25.0,0.33,0.0,0.33,0.0,1.33,25.0,0,,0,,0,0.0,0.0,0.0,,,0.0,,,0.0,0.0,0.0,0.0,0,0.0
Jo Su-Hyeok,,Ulsan Hyundai,GK,39,125000,,2,208,0,0.0,0,0.05,0.0,0.0,Korea Republic,Korea Republic,right,187,83,no,0.0,0.0,0.0,0.0,0.0,0.0,0.0,0.0,0.0,0.0,0.0,0,0.0,0,0.0,0.0,0.0,0,0.0,0.0,0,0.0,0,0.0,0.0,0.0,0.0,0.0,0.0,0.0,0.0,0.0,0.0,0.0,0.0,0.0,0.0,0.0,0.0,0.0,0.0,14.28,0.43,0.0,19.9,86.96,9.09,76.19,0.0,0.0,9.52,95.45,15.58,100.0,4.33,40.0,26.02,48.14,0.02,0.43,0.0,0.0,0.0,0.0,0.0,1.73,50.0,0.0,0.0,0.0,0.0,0.0,0.0,3.03,57.14,4,1.73,12,5.19,0,66.67,4.7,2.03,0.7,0.303,0.0,0.0,0.0,,,,0.0,0,0.0
Kim Dae-Jung,,Incheon United,"CF, RWF",33,100000,,6,109,0,0.71,0,0.0,28.07,41.18,Korea Republic,Korea Republic,right,188,85,no,0.83,0.0,0.0,18.99,43.48,0.0,0.0,0.83,0.83,1.43,0.83,0,0.0,0,0.0,4.95,0.0,0,0.0,0.58,0,0.0,4,3.3,75.0,0.0,0.0,0.83,100.0,0.0,0.0,0.83,100.0,0.0,1.65,100.0,4.95,33.33,4.13,0.0,0.0,9.08,4.95,1.65,10.73,92.31,2.48,100.0,0.0,0.0,4.95,83.33,9.91,91.67,0.0,0.0,12.79,0.0,0.0,0.0,0.0,0.0,0.0,0.0,0.0,0.83,100.0,0.83,100.0,0.0,0.0,0.0,0.83,0.0,0.0,0,,0,,0,0.0,0.0,0.0,,,0.0,,,0.0,0.0,0.0,0.0,0,0.0
Jin-Sung Kim,,Seoul,LCB,26,100000,,1,104,0,0.0,0,0.0,11.25,69.23,Korea Republic,Korea Republic,right,175,67,no,6.92,6.06,85.71,4.33,60.0,0.87,1.67,0.87,0.87,1.67,0.0,0,0.0,0,0.0,0.0,0.0,0,0.0,0.0,0,0.0,0,0.0,0.0,0.0,0.0,0.0,0.0,0.0,0.0,0.0,0.0,0.0,0.0,0.0,0.0,0.0,0.0,0.87,0.0,50.19,0.0,0.0,66.63,96.1,16.44,94.74,3.46,100.0,40.67,95.74,62.31,98.61,4.33,60.0,19.13,37.45,0.0,0.0,0.0,0.0,0.0,0.0,0.0,0.87,0.0,0.0,0.0,0.87,0.0,0.0,0.0,3.46,100.0,0,,0,,0,0.0,0.0,0.0,,,1.73,,,0.0,0.0,0.0,0.0,0,0.0
Ji-Hoon Kim,Suwon,Daejeon Citizen,"RWB, RB",25,100000,,5,359,0,0.0,1,0.46,15.79,53.97,Korea Republic,Korea Republic,right,177,70,no,7.77,7.02,71.43,2.51,50.0,1.0,1.33,0.0,1.75,2.33,0.0,0,0.0,0,0.0,1.25,0.0,0,0.0,0.0,0,0.0,0,0.0,0.0,0.0,0.25,1.75,14.29,0.0,0.0,1.75,14.29,0.25,2.26,44.44,3.51,42.86,0.0,2.01,0.5,24.32,1.5,0.5,33.59,76.87,14.79,66.1,5.52,100.0,8.27,75.76,26.82,88.79,5.01,35.0,17.1,22.47,0.12,0.25,0.0,0.0,0.5,0.0,0.25,2.76,63.64,2.51,10.0,1.25,0.0,0.0,0.25,6.27,56.0,0,,0,,0,0.0,0.0,0.0,,,0.5,,,0.0,0.0,0.0,0.0,0,0.0
Gyu-Hyeong Kim,,Suwon,"LW, RW, RAMF",27,100000,,5,170,0,0.29,0,0.0,20.12,18.42,Korea Republic,Korea Republic,right,168,63,no,5.29,7.41,28.57,2.65,20.0,0.0,0.0,0.0,3.18,3.46,0.53,0,0.0,0,0.0,0.0,0.0,0,0.0,0.15,0,0.0,2,1.06,0.0,0.0,0.0,0.53,0.0,0.0,0.0,0.53,0.0,0.0,0.53,0.0,7.94,6.67,2.65,1.06,0.0,20.12,0.53,0.53,24.35,80.43,3.18,50.0,7.41,85.71,9.53,88.89,22.76,83.72,1.06,50.0,17.94,17.15,0.0,0.0,0.0,0.0,0.0,0.0,0.0,0.53,100.0,0.0,0.0,0.0,0.0,0.0,0.0,2.65,40.0,0,,0,,0,0.0,0.0,0.0,,,0.53,,,0.0,0.0,0.0,0.0,0,0.0
Keun-Bae Kim,,Jeju SK,GK,40,100000,,2,151,0,0.0,0,0.16,0.0,0.0,Korea Republic,Korea Republic,right,187,80,no,1.19,0.0,0.0,0.0,0.0,0.0,0.0,0.0,1.19,1.43,0.0,0,0.0,0,0.0,0.0,0.0,0,0.0,0.0,0,0.0,0,0.0,0.0,0.0,0.0,0.0,0.0,0.0,0.0,0.0,0.0,0.0,0.0,0.0,0.0,0.0,0.0,0.0,0.0,6.56,0.0,0.0,16.09,92.59,10.13,88.24,0.0,0.0,5.36,100.0,13.11,100.0,2.98,60.0,24.48,26.49,0.09,0.6,0.0,0.0,0.0,0.0,0.0,1.79,100.0,0.0,0.0,0.0,0.0,0.0,0.0,3.58,66.67,1,0.6,5,2.98,1,80.0,0.66,0.4,-0.34,-0.203,0.0,0.6,0.0,,,,0.0,0,0.0
Kim Sung-Joon,Gimpo Citizen,Ulsan Hyundai,"RDMF, LCMF, DMF",38,100000,2026-12-31,6,383,0,0.0,0,0.77,14.8,49.21,Korea Republic,Korea Republic,right,174,71,no,6.58,5.17,63.64,1.88,25.0,0.23,0.32,0.0,3.05,4.19,0.7,0,0.0,0,0.0,1.41,0.0,0,0.0,0.0,0,0.0,0,0.0,0.0,0.0,0.0,0.7,66.67,0.23,100.0,0.47,50.0,0.23,0.7,66.67,4.23,38.89,0.23,1.64,0.94,61.33,0.23,0.7,75.9,88.54,17.15,72.6,11.98,98.04,34.07,95.17,72.38,90.26,2.82,50.0,16.4,23.61,0.18,0.94,0.0,0.0,0.47,100.0,0.7,8.69,86.49,2.11,66.67,0.7,66.67,0.94,0.47,7.52,81.25,0,,0,,0,0.0,0.0,0.0,,,0.47,,,0.0,0.0,0.0,0.0,0,0.0
Gang Yun-Koo,Suwon,Incheon United,"LWB, LB",33,0,,6,350,0,0.0,0,0.12,13.11,62.75,Korea Republic,Korea Republic,left,169,70,no,9.77,6.94,74.07,1.29,60.0,0.0,0.0,0.26,4.63,5.45,0.26,0,0.0,0,0.0,2.06,0.0,0,0.0,0.0,0,0.0,0,0.0,0.0,0.0,0.0,3.34,38.46,3.34,38.46,0.0,0.0,0.26,1.03,25.0,1.8,28.57,1.29,1.8,0.51,32.4,3.34,0.0,38.31,69.8,11.31,50.0,8.74,94.12,9.51,64.86,30.6,82.35,4.89,10.53,21.02,42.34,0.03,0.26,0.0,0.0,0.51,100.0,0.26,2.83,45.45,2.83,45.45,1.03,50.0,0.77,1.03,6.17,62.5,0,,0,,0,0.0,0.0,0.0,,,0.26,,,0.0,0.0,0.0,0.26,0,0.0
Se-Hoon Kim,Busan I'Park,Incheon United,RB,22,0,,1,14,0,0.0,0,0.0,,,Korea Republic,Korea Republic,,177,62,no,,,,,,,0.0,,,6.0,,0,,0,,,,0,,,0,,0,,,0.0,,,,,,,,,,,,,,,,,,,,,,,,,,,,,,,32.95,43.97,,,,,,,,,,,,,,,,,,0,,0,,0,0.0,0.0,,,,,,,,,,,0,0.0
Hyung-Jin Lim,Yongin,Incheon United,RCB,24,0,,1,101,0,0.0,0,0.0,8.91,60.0,Korea Republic,Korea Republic,,190,83,no,8.91,6.24,71.43,1.78,50.0,0.0,0.0,0.0,4.46,3.57,0.89,0,0.0,0,0.0,0.0,0.0,0,0.0,0.0,0,0.0,0,0.0,0.0,0.0,0.0,0.0,0.0,0.0,0.0,0.0,0.0,0.0,0.0,0.0,0.89,0.0,0.0,0.0,0.0,13.37,0.0,0.0,19.6,72.73,11.58,61.54,0.0,0.0,7.13,100.0,15.15,82.35,4.46,40.0,22.21,29.71,0.0,0.0,0.0,0.0,0.0,0.0,0.0,2.67,66.67,0.0,0.0,0.0,0.0,0.0,0.0,8.02,44.44,0,,0,,0,0.0,0.0,0.0,,,0.0,,,0.0,0.0,0.0,0.0,0,0.0
Sang-Yun Kang,Jeonbuk Motors,Jeonbuk Motors,AMF,22,0,,1,14,0,0.0,0,0.0,,,Korea Republic,Korea Republic,right,171,64,no,,,,,,,0.0,,,15.0,,0,,0,,,,0,,,0,,0,,,0.0,,,,,,,,,,,,,,,,,,,,,,,,,,,,,,,8.51,0.0,,,,,,,,,,,,,,,,,,0,,0,,0,0.0,0.0,,,,,,,,,,,0,0.0
Min-Hyeok Lee,Ulsan Hyundai,Jeonbuk Motors,"LCMF, LWF",24,0,,3,168,0,0.06,0,0.11,24.11,48.89,Korea Republic,Korea Republic,left,179,71,no,11.79,9.11,58.82,3.75,57.14,2.68,2.54,0.0,3.75,3.56,1.61,0,0.0,0,0.0,0.54,0.0,0,0.0,0.03,0,0.0,1,0.54,0.0,0.0,0.0,2.14,25.0,1.07,0.0,1.07,50.0,0.0,1.07,0.0,7.5,21.43,0.54,1.07,1.07,20.36,0.0,1.07,28.39,79.25,9.11,58.82,6.96,100.0,5.36,70.0,25.71,83.33,1.07,50.0,12.95,36.68,0.06,0.54,0.54,0.0,0.54,0.0,0.54,2.14,50.0,3.21,33.33,0.54,0.0,1.07,0.54,4.29,62.5,0,,0,,0,0.0,0.0,0.0,,,0.0,,,0.0,0.0,0.0,0.0,0,0.0
Yo-Han Go,,Seoul,"CF, LCMF, LB",38,0,,6,245,0,0.03,0,0.0,17.27,34.04,Korea Republic,Korea Republic,right,170,65,no,4.41,5.88,37.5,2.57,14.29,0.0,0.0,0.0,2.2,3.21,1.84,1,0.37,0,0.0,0.73,0.0,0,0.0,0.01,0,0.0,1,0.37,0.0,0.0,0.0,0.73,0.0,0.37,0.0,0.37,0.0,0.0,0.73,100.0,4.78,46.15,1.1,0.73,0.0,29.02,0.73,1.47,36.0,82.65,9.18,68.0,9.92,96.3,9.55,88.46,33.8,84.78,1.47,75.0,13.81,8.52,0.0,0.0,0.0,0.0,0.0,0.0,0.0,2.57,57.14,1.84,60.0,0.37,100.0,1.1,0.0,3.67,80.0,0,,0,,0,0.0,0.0,0.0,,,0.0,,,0.0,0.0,0.0,0.37,0,0.0
Yong-Hui Park,Gimcheon Sangmu,Daegu,LW,24,0,2027-06-14,1,7,0,0.0,0,0.0,,,Korea Republic,Korea Republic,right,180,72,yes,,,,,,,0.0,,,0.0,,0,,0,,,,0,,,0,,0,,,0.0,,,,,,,,,,,,,,,,,,,,,,,,,,,,,,,6.65,0.0,,,,,,,,,,,,,,,,,,0,,0,,0,0.0,0.0,,,,,,,,,,,0,0.0
Hyeon-Woong Choi,Chungnam Asan,Pohang Steelers,"CF, AMF",22,0,,2,11,0,0.0,0,0.0,,,Korea Republic,Korea Republic,right,188,80,no,,,,,,,0.0,,,0.0,,0,,0,,,,0,,,0,,0,,,0.0,,,,,,,,,,,,,,,,,,,,,,,,,,,,,,,0.0,0.0,,,,,,,,,,,,,,,,,,0,,0,,0,0.0,0.0,,,,,,,,,,,0,0.0
Bak Keon-Woo,Chungbuk Cheongju,Pohang Steelers,"RB, AMF",24,0,2027-12-31,2,58,0,0.0,0,0.1,34.14,40.91,Korea Republic,Korea Republic,right,171,70,no,10.86,7.76,60.0,4.66,33.33,1.55,3.0,0.0,4.66,9.0,1.55,0,0.0,0,0.0,6.21,0.0,0,0.0,0.0,0,0.0,0,0.0,0.0,0.0,0.0,6.21,25.0,0.0,0.0,6.21,25.0,0.0,9.31,50.0,15.52,40.0,3.1,4.66,0.0,72.93,4.66,0.0,88.45,78.95,29.48,57.89,13.97,88.89,26.38,94.12,72.93,87.23,9.31,50.0,14.4,18.75,0.16,1.55,0.0,0.0,0.0,0.0,0.0,17.07,72.73,3.1,50.0,0.0,0.0,0.0,1.55,12.41,75.0,0,,0,,0,0.0,0.0,0.0,,,0.0,,,0.0,0.0,0.0,0.0,0,0.0
Cho Jae-Hun,Yongin,Pohang Steelers,"LW, LAMF, RCMF",22,0,,13,288,0,0.87,0,0.04,32.81,42.86,Korea Republic,Korea Republic,right,178,65,no,11.25,8.44,59.26,4.69,26.67,2.19,3.18,0.0,4.06,5.91,2.5,2,0.63,0,0.0,3.75,0.0,0,0.0,0.27,0,0.0,6,1.88,33.33,0.0,0.0,1.25,25.0,0.94,33.33,0.31,0.0,0.31,6.56,42.86,15.31,36.73,2.5,1.56,0.63,15.0,0.31,2.81,21.56,81.16,4.06,61.54,6.56,100.0,5.63,77.78,19.69,85.71,0.63,50.0,14.07,3.14,0.01,0.63,0.0,0.0,0.0,0.0,0.31,1.25,50.0,2.19,57.14,0.31,0.0,1.56,0.31,2.5,75.0,0,,0,,0,0.0,0.0,0.0,,,0.0,,,0.0,0.0,0.0,0.31,0,0.0
M. Yoon,Jeonnam Dragons,Pohang Steelers,"AMF, CF",26,0,,6,255,0,0.24,1,0.37,19.41,50.91,Korea Republic,Korea Republic,right,171,63,no,7.76,6.71,68.42,2.12,0.0,1.06,1.53,0.0,2.12,3.05,1.41,1,0.35,0,0.0,2.47,0.0,0,0.0,0.08,0,0.0,4,1.41,50.0,0.0,0.35,0.35,100.0,0.0,0.0,0.35,100.0,0.0,2.12,66.67,7.41,52.38,1.41,0.35,0.0,15.18,2.47,1.76,19.41,76.36,4.24,41.67,4.94,85.71,6.71,84.21,18.35,76.92,0.71,50.0,13.81,6.7,0.13,0.35,0.0,0.0,0.71,0.0,0.0,1.41,100.0,1.76,40.0,0.71,0.0,0.0,0.35,1.41,50.0,0,,0,,0,0.0,0.0,0.0,,,0.0,,,1.76,0.0,0.0,1.06,0,0.0
Young-Jae Seo,Daejeon Citizen,Daejeon Citizen,"LWB, LB",31,0,,23,1842,0,0.27,0,1.02,13.97,47.55,Korea Republic,Korea Republic,left,182,74,no,8.26,6.16,65.08,1.47,26.67,0.39,0.54,0.24,3.86,5.31,0.73,2,0.1,0,0.0,2.2,0.0,0,0.0,0.01,0,0.0,5,0.24,20.0,0.0,0.0,2.93,40.0,2.93,40.0,0.0,0.0,0.34,1.56,59.38,4.89,35.0,0.24,1.17,0.54,24.82,1.27,0.59,36.89,77.22,13.63,67.03,7.33,93.33,10.5,76.74,28.09,86.78,6.11,49.6,20.11,36.89,0.05,0.34,0.05,0.05,0.05,100.0,0.29,5.81,64.71,2.79,45.61,0.83,35.29,0.29,0.98,8.21,80.36,0,,0,,0,0.0,0.0,0.0,,,0.64,,,0.0,0.0,0.0,0.0,0,0.0
Lee Gyu-Seok,Mokpo City,Suwon Bluewings,"RCB, RB",25,0,2026-12-31,5,209,0,0.03,0,0.0,15.93,51.35,Korea Republic,Korea Republic,right,185,0,no,8.18,6.03,71.43,4.74,27.27,0.43,0.6,0.86,3.44,4.8,0.86,0,0.0,0,0.0,0.43,0.0,0,0.0,0.01,0,0.0,1,0.43,0.0,0.0,0.0,0.0,0.0,0.0,0.0,0.0,0.0,0.0,0.43,100.0,2.15,60.0,0.43,0.43,0.0,31.0,2.15,1.29,41.34,86.46,17.22,75.0,3.88,100.0,15.07,94.29,37.89,90.91,3.44,37.5,26.85,38.12,0.0,0.0,0.0,0.0,0.0,0.0,0.0,6.03,78.57,0.86,100.0,0.86,50.0,0.86,0.0,8.61,65.0,0,,0,,0,0.0,0.0,0.0,,,1.29,,,0.0,0.0,0.0,0.0,0,0.0
Dong-Han Seo,Paju Citizen,Suwon Bluewings,"RW, RCMF",25,0,,3,62,0,0.43,0,0.0,26.13,44.44,Korea Republic,Korea Republic,,172,66,no,8.71,14.52,60.0,0.0,0.0,0.0,0.0,0.0,0.0,0.0,0.0,0,0.0,0,0.0,2.9,0.0,0,0.0,0.63,0,0.0,1,1.45,100.0,0.0,0.0,0.0,0.0,0.0,0.0,0.0,0.0,0.0,2.9,50.0,10.16,28.57,2.9,0.0,0.0,11.61,1.45,1.45,13.06,88.89,4.35,100.0,2.9,100.0,2.9,100.0,13.06,88.89,0.0,0.0,14.92,0.0,0.0,0.0,0.0,0.0,0.0,0.0,0.0,4.35,100.0,0.0,0.0,0.0,0.0,1.45,0.0,1.45,100.0,0,,0,,0,0.0,0.0,0.0,,,0.0,,,0.0,0.0,0.0,0.0,0,0.0
Jae-Min Ahn,Seoul,Seoul,RW,23,0,,1,7,0,0.0,0,0.0,,,Korea Republic,Korea Republic,,175,73,no,,,,,,,0.0,,,0.0,,0,,0,,,,0,,,0,,0,,,0.0,,,,,,,,,,,,,,,,,,,,,,,,,,,,,,,36.25,52.86,,,,,,,,,,,,,,,,,,0,,0,,0,0.0,0.0,,,,,,,,,,,0,0.0
Do-Yoon Hwang,Seoul,Seoul,DMF,23,0,,1,50,0,0.0,0,0.05,21.6,33.33,Korea Republic,Korea Republic,,176,74,no,7.2,12.6,42.86,0.0,0.0,0.0,0.0,0.0,1.8,2.14,1.8,0,0.0,0,0.0,0.0,0.0,0,0.0,0.0,0,0.0,0,0.0,0.0,0.0,0.0,0.0,0.0,0.0,0.0,0.0,0.0,0.0,1.8,0.0,9.0,20.0,0.0,1.8,0.0,39.6,0.0,0.0,59.4,81.82,18.0,60.0,10.8,100.0,23.4,84.62,59.4,81.82,0.0,0.0,17.43,0.0,0.1,1.8,0.0,0.0,0.0,0.0,0.0,10.8,50.0,0.0,0.0,0.0,0.0,0.0,0.0,3.6,100.0,0,,0,,0,0.0,0.0,0.0,,,3.6,,,0.0,0.0,0.0,0.0,0,0.0
Yoo-Seok Lim,Seoul Jungnang,Daejeon Citizen,"LCB, LCMF",25,0,2026-12-31,3,215,0,0.0,0,0.0,22.19,45.28,Korea Republic,Korea Republic,left,190,83,yes,14.23,10.05,66.67,2.93,14.29,0.84,1.05,0.0,6.7,8.42,2.51,1,0.42,0,0.0,1.26,0.0,0,0.0,0.0,0,0.0,1,0.42,0.0,0.0,0.0,1.26,33.33,1.26,33.33,0.0,0.0,0.42,1.67,50.0,5.02,25.0,0.0,0.84,0.42,23.86,0.42,0.84,41.02,82.65,15.07,69.44,5.44,100.0,13.4,90.63,36.0,89.53,3.77,33.33,19.09,19.49,0.0,0.0,0.0,0.0,0.0,0.0,0.0,5.02,75.0,1.26,33.33,0.0,0.0,0.0,0.42,6.28,46.67,0,,0,,0,0.0,0.0,0.0,,,0.84,,,0.0,0.0,0.0,0.0,0,0.0
Seong-Hun Park,Seoul,Seoul,RCB,23,0,,1,103,0,0.0,0,0.0,15.73,66.67,Korea Republic,Korea Republic,right,183,72,no,12.23,4.37,80.0,5.24,66.67,0.0,0.0,1.75,8.74,10.34,0.0,0,0.0,0,0.0,0.0,0.0,0,0.0,0.0,0,0.0,0,0.0,0.0,0.0,0.0,0.0,0.0,0.0,0.0,0.0,0.0,0.0,0.87,0.0,0.87,0.0,0.0,0.0,0.0,29.71,0.0,0.87,38.45,86.36,15.73,83.33,3.5,100.0,16.6,94.74,34.95,90.0,3.5,50.0,18.73,38.71,0.0,0.0,0.0,0.0,0.0,0.0,0.0,0.87,100.0,0.0,0.0,0.0,0.0,0.0,0.0,5.24,33.33,0,,0,,0,0.0,0.0,0.0,,,3.5,,,0.0,0.0,0.0,0.0,0,0.0
Hee-Jun Park,,Suwon Bluewings,"CF, LWF",24,0,,8,263,0,0.25,0,0.04,33.19,30.93,Korea Republic,Korea Republic,right,191,80,no,6.5,3.42,60.0,11.63,26.47,2.05,3.05,0.34,2.4,3.56,2.4,1,0.34,0,0.0,0.68,0.0,0,0.0,0.08,0,0.0,4,1.37,0.0,0.0,0.0,0.34,0.0,0.0,0.0,0.34,0.0,0.0,1.71,40.0,9.24,25.93,1.71,1.03,0.34,6.84,1.71,0.68,10.61,70.97,2.4,57.14,4.11,91.67,1.37,75.0,10.27,73.33,0.0,0.0,10.01,0.0,0.01,0.34,0.0,0.0,0.0,0.0,0.0,1.71,100.0,0.0,0.0,0.0,0.0,0.0,0.0,1.03,100.0,0,,0,,0,0.0,0.0,0.0,,,0.0,,,0.0,0.0,0.0,0.0,0,0.0
Sang-Eun Shin,Jeju SK,Daejeon Citizen,"RW, RWF, CF",26,0,,19,766,4,2.49,0,0.8,15.51,35.61,Korea Republic,Korea Republic,right,185,72,no,4.11,3.29,57.14,2.82,20.83,0.12,0.16,0.0,2.11,2.89,0.7,1,0.12,0,0.0,2.7,0.47,4,0.47,0.29,0,0.0,13,1.53,46.15,30.769,0.0,1.64,42.86,0.35,0.0,1.29,54.55,0.23,2.58,45.45,6.23,35.85,2.58,1.53,0.82,12.22,1.76,1.41,16.57,76.6,3.05,53.85,5.4,93.48,5.05,74.42,14.69,80.0,0.35,66.67,17.38,6.72,0.09,0.47,0.12,0.0,0.12,100.0,0.23,0.59,40.0,1.76,60.0,0.12,100.0,0.82,0.7,2.58,72.73,0,,0,,0,0.0,0.0,0.0,,,0.12,,,0.0,0.0,0.0,0.0,0,0.0
In-Gyun Kim,Gimcheon Sangmu,Daejeon Citizen,"LW, CF, LWF",27,0,2026-12-31,29,1669,8,4.54,6,2.71,18.5,40.52,Korea Republic,Korea Republic,left,174,66,yes,4.15,3.61,65.67,4.53,33.33,0.22,0.3,0.05,1.56,2.2,0.59,2,0.11,0,0.0,4.53,0.43,8,0.43,0.24,0,0.0,30,1.62,56.67,26.667,0.32,2.91,35.19,2.7,36.0,0.22,25.0,0.27,4.69,52.87,7.66,39.44,2.7,1.89,1.4,14.72,2.0,0.86,19.04,76.2,3.83,61.97,4.85,92.22,5.99,69.37,15.31,84.86,1.02,52.63,16.97,20.85,0.15,1.02,0.11,0.0,0.22,50.0,0.7,1.67,54.84,2.37,50.0,0.16,33.33,0.49,1.02,2.75,78.43,0,,0,,0,0.0,0.0,0.0,,,0.11,,,0.16,0.0,0.0,0.49,0,0.0
Kim Do-Yoon,Suwon,Suwon,"CF, AMF, RAMF",21,0,,7,130,0,0.01,0,0.0,27.0,43.59,Korea Republic,Korea Republic,,171,0,no,7.62,7.62,72.73,6.92,40.0,0.69,0.79,0.0,1.38,1.58,1.38,0,0.0,0,0.0,3.46,0.0,0,0.0,0.01,0,0.0,1,0.69,100.0,0.0,0.0,0.0,0.0,0.0,0.0,0.0,0.0,0.0,2.77,100.0,6.92,40.0,2.08,1.38,0.69,5.54,0.69,0.69,9.0,84.62,1.38,100.0,2.77,100.0,1.38,100.0,8.31,83.33,0.69,100.0,13.32,3.74,0.0,0.0,0.0,0.0,0.0,0.0,0.0,0.0,0.0,0.0,0.0,0.0,0.0,0.0,0.0,0.0,0.0,0,,0,,0,0.0,0.0,0.0,,,0.0,,,0.0,0.0,0.0,0.0,0,0.0
Sun-Ho Kwon,Gangneung City,Jeju SK,"LW, CF",23,0,,12,363,0,0.46,0,0.22,24.05,22.68,Korea Republic,Korea Republic,,0,0,no,5.45,6.69,37.04,3.97,6.25,0.99,1.15,0.0,1.98,2.31,1.74,1,0.25,0,0.0,1.74,0.0,0,0.0,0.11,0,0.0,5,1.24,40.0,0.0,0.0,1.74,28.57,1.49,33.33,0.25,0.0,0.0,3.22,23.08,9.92,17.5,1.49,0.74,1.24,16.36,2.23,1.24,23.06,80.65,4.21,58.82,8.18,96.97,5.95,75.0,20.83,85.71,0.5,50.0,14.57,3.38,0.05,0.99,0.0,0.0,0.25,0.0,0.5,1.24,80.0,1.74,42.86,0.25,0.0,0.74,0.5,2.48,50.0,0,,0,,0,0.0,0.0,0.0,,,0.0,,,0.0,0.0,0.0,0.0,0,0.0
Min-Sung Kang,Yeoju Citizen,Suwon,"CF, LAMF, LWF",21,0,2026-12-31,12,275,0,0.21,0,0.26,29.78,34.07,Korea Republic,Korea Republic,,0,0,yes,5.89,8.18,60.0,5.24,37.5,0.65,0.81,0.0,0.33,0.41,0.98,0,0.0,0,0.0,3.93,0.0,0,0.0,0.07,0,0.0,4,1.31,0.0,0.0,0.0,1.64,80.0,1.64,80.0,0.0,0.0,0.0,4.25,61.54,11.78,25.0,1.31,1.31,0.65,5.24,0.98,0.65,9.49,75.86,1.31,100.0,3.6,72.73,2.62,75.0,7.85,75.0,0.0,0.0,14.41,0.0,0.08,0.65,0.0,0.0,0.0,0.0,0.33,0.98,66.67,1.64,100.0,0.0,0.0,0.0,1.31,2.29,71.43,0,,0,,0,0.0,0.0,0.0,,,0.0,,,0.0,0.0,0.0,0.0,0,0.0
Chi-Woo An,Busan Transportation,Suwon,"RWF, RW",20,0,2028-12-31,3,74,0,0.13,0,0.03,18.24,33.33,Korea Republic,Korea Republic,,0,0,yes,4.86,7.3,50.0,2.43,50.0,0.0,0.0,0.0,1.22,2.14,2.43,0,0.0,0,0.0,1.22,0.0,0,0.0,0.16,0,0.0,1,1.22,100.0,0.0,0.0,0.0,0.0,0.0,0.0,0.0,0.0,0.0,0.0,0.0,3.65,33.33,2.43,0.0,0.0,12.16,2.43,1.22,14.59,75.0,2.43,0.0,7.3,100.0,2.43,100.0,13.38,72.73,1.22,100.0,16.49,10.98,0.04,1.22,0.0,0.0,0.0,0.0,1.22,0.0,0.0,0.0,0.0,0.0,0.0,0.0,0.0,3.65,33.33,0,,0,,0,0.0,0.0,0.0,,,0.0,,,0.0,0.0,0.0,0.0,0,0.0
Jae-Hyun Kim,,Suwon,LW,22,0,,1,11,0,0.0,0,0.0,,,Korea Republic,Korea Republic,,179,0,no,,,,,,,0.0,,,0.0,,1,,0,,,,0,,,0,,0,,,0.0,,,,,,,,,,,,,,,,,,,,,,,,,,,,,,,8.06,0.0,,,,,,,,,,,,,,,,,,0,,0,,0,0.0,0.0,,,,,,,,,,,0,0.0
Ye-Sung Kim,Yangpyeong,Suwon,"LWF, LW",25,0,,5,86,0,0.0,0,0.0,19.88,47.37,Korea Republic,Korea Republic,,176,71,no,8.37,3.14,100.0,4.19,25.0,0.0,0.0,0.0,5.23,5.77,0.0,0,0.0,0,0.0,3.14,0.0,0,0.0,0.0,0,0.0,0,0.0,0.0,0.0,0.0,0.0,0.0,0.0,0.0,0.0,0.0,0.0,4.19,75.0,5.23,60.0,1.05,0.0,0.0,12.56,1.05,3.14,10.47,90.0,0.0,0.0,7.33,100.0,1.05,100.0,10.47,90.0,0.0,0.0,6.53,0.0,0.0,0.0,0.0,0.0,0.0,0.0,0.0,0.0,0.0,0.0,0.0,0.0,0.0,0.0,0.0,0.0,0.0,0,,0,,0,0.0,0.0,0.0,,,0.0,,,0.0,0.0,0.0,0.0,0,0.0
Seung-Min Kwak,Sejong SA,Jeju SK,CF,21,0,,8,136,0,0.07,0,0.18,19.19,24.14,Korea Republic,Korea Republic,,186,80,no,4.63,2.65,75.0,5.29,25.0,0.66,0.77,0.0,1.99,2.31,0.66,0,0.0,0,0.0,0.66,0.0,0,0.0,0.05,0,0.0,1,0.66,100.0,0.0,0.0,0.66,0.0,0.0,0.0,0.66,0.0,0.0,0.66,0.0,3.97,0.0,2.65,0.66,0.66,17.21,1.99,0.66,23.16,62.86,3.97,16.67,6.62,70.0,6.62,70.0,22.5,64.71,0.0,0.0,11.44,0.0,0.12,0.66,0.0,0.0,0.0,0.0,0.66,1.32,50.0,0.66,0.0,0.0,0.0,0.66,0.0,0.0,0.0,0,,0,,0,0.0,0.0,0.0,,,0.0,,,0.0,0.0,0.0,0.0,0,0.0
Jo Hyun-Tae,Gangwon,Gangwon,"CB, RCB",21,0,2027-12-31,8,151,0,0.0,0,0.0,20.86,45.71,Korea Republic,Korea Republic,right,187,83,no,9.54,6.56,72.73,10.73,27.78,0.0,0.0,2.38,4.77,7.5,0.0,0,0.0,0,0.0,0.0,0.0,0,0.0,0.0,0,0.0,0,0.0,0.0,0.0,0.0,0.0,0.0,0.0,0.0,0.0,0.0,0.0,0.6,0.0,1.19,0.0,0.0,0.6,0.0,22.05,0.0,0.0,32.19,83.33,6.56,54.55,0.6,100.0,22.65,92.11,28.61,89.58,3.58,33.33,17.65,20.63,0.0,0.0,0.0,0.0,0.0,0.0,0.0,2.98,20.0,0.0,0.0,0.6,0.0,0.0,0.0,4.77,37.5,0,,0,,0,0.0,0.0,0.0,,,0.0,,,0.0,0.0,0.0,0.0,0,0.0
Jae-Yun Jung,,Suwon,"LAMF, LW, RW",24,0,,8,96,0,0.0,0,0.0,25.31,14.81,Korea Republic,Korea Republic,right,180,75,no,6.56,11.25,25.0,0.0,0.0,0.0,0.0,0.0,3.75,4.62,3.75,0,0.0,0,0.0,0.0,0.0,0,0.0,0.0,0,0.0,0,0.0,0.0,0.0,0.0,0.94,0.0,0.94,0.0,0.0,0.0,0.0,5.63,0.0,9.38,0.0,0.0,0.0,0.0,8.44,0.94,0.0,10.31,81.82,0.94,0.0,1.88,100.0,3.75,75.0,9.38,90.0,0.0,0.0,16.35,0.0,0.0,0.0,0.0,0.0,0.0,0.0,0.0,0.0,0.0,0.94,0.0,0.0,0.0,0.0,0.0,0.94,100.0,0,,0,,0,0.0,0.0,0.0,,,0.0,,,0.0,0.0,0.0,0.0,0,0.0
Dong-Hyeon Yang,,Suwon,CF,40,0,,1,49,0,0.07,0,0.19,16.53,44.44,Korea Republic,Korea Republic,right,186,80,no,1.84,1.84,100.0,5.51,33.33,0.0,0.0,0.0,0.0,0.0,0.0,0,0.0,0,0.0,1.84,0.0,0,0.0,0.13,0,0.0,2,3.67,0.0,0.0,0.0,0.0,0.0,0.0,0.0,0.0,0.0,0.0,1.84,0.0,7.35,50.0,3.67,0.0,0.0,14.69,0.0,1.84,18.37,100.0,3.67,100.0,3.67,100.0,5.51,100.0,18.37,100.0,0.0,0.0,10.76,0.0,0.36,1.84,0.0,0.0,1.84,100.0,1.84,1.84,100.0,1.84,100.0,1.84,100.0,3.67,0.0,3.67,100.0,0,,0,,0,0.0,0.0,0.0,,,0.0,,,0.0,0.0,0.0,0.0,0,0.0
Hugo Gomes,Công An Hà Nội,Suwon,"LCB, RCB",31,0,2026-06-30,15,1376,1,0.85,0,0.0,15.89,64.61,Brazil,Brazil,right,187,81,no,9.61,5.36,76.83,6.34,62.89,0.52,0.66,0.46,4.97,6.28,0.59,3,0.2,1,0.07,0.52,0.07,1,0.07,0.06,1,0.07,11,0.72,18.18,9.091,0.0,0.26,75.0,0.0,0.0,0.26,75.0,0.0,0.26,75.0,1.57,58.33,0.85,0.72,0.0,36.63,1.11,0.78,50.04,86.14,19.1,71.23,2.62,97.5,24.53,96.27,41.73,93.26,8.05,49.59,23.29,37.11,0.0,0.07,0.07,0.0,0.07,0.0,0.0,6.02,63.04,0.39,50.0,0.46,0.0,0.0,0.2,9.09,67.63,0,,0,,0,0.0,0.0,0.0,,,1.96,,,0.07,0.07,0.0,0.0,0,0.0
Luan Ferreira,Monsoon FC,Suwon,"RAMF, LAMF",30,0,,3,144,0,0.36,1,0.48,29.38,51.06,Brazil,Brazil,left,175,71,no,5.63,6.88,63.64,1.88,0.0,1.25,2.07,0.0,0.0,0.0,1.25,0,0.0,0,0.0,9.38,0.0,0,0.0,0.23,0,0.0,3,1.88,33.33,0.0,0.63,3.75,0.0,1.25,0.0,2.5,0.0,0.63,10.0,68.75,16.88,55.56,2.5,5.0,1.25,23.12,0.0,3.13,32.5,75.0,10.63,76.47,6.88,90.91,8.75,64.29,28.13,84.44,0.63,100.0,18.7,7.75,0.3,1.88,0.0,0.0,2.5,75.0,1.25,6.25,70.0,4.38,42.86,3.13,80.0,3.13,0.0,6.25,80.0,0,,0,,0,0.0,0.0,0.0,,,0.0,,,0.0,0.0,0.0,0.0,0,0.0
Young-Jae Joo,Geoje Citizen,Gwangju,"LW, RW",23,0,,8,279,1,0.26,0,0.05,22.26,33.33,Korea Republic,Korea Republic,right,173,60,no,2.58,4.52,28.57,3.23,40.0,0.32,0.48,0.32,0.97,1.45,1.29,0,0.0,0,0.0,4.19,0.32,1,0.32,0.08,0,0.0,4,1.29,75.0,25.0,0.0,0.97,33.33,0.65,50.0,0.32,0.0,0.0,4.52,57.14,9.68,43.33,1.61,1.29,0.97,14.19,0.97,1.61,19.03,77.97,3.55,54.55,4.19,92.31,8.06,84.0,17.42,79.63,0.65,100.0,16.94,11.61,0.02,0.32,0.0,0.0,0.65,50.0,0.0,0.97,66.67,0.97,66.67,0.65,50.0,0.32,0.32,4.19,61.54,0,,0,,0,0.0,0.0,0.0,,,0.32,,,0.0,0.0,0.0,0.32,0,0.0
Ji-Hoon Kim,Daejeon Citizen,Daejeon Citizen,RB,30,0,,1,70,0,0.0,0,0.0,10.29,50.0,Korea Republic,Korea Republic,,185,78,no,3.86,5.14,50.0,1.29,0.0,0.0,0.0,0.0,1.29,1.43,0.0,0,0.0,0,0.0,1.29,0.0,0,0.0,0.0,0,0.0,0,0.0,0.0,0.0,0.0,0.0,0.0,0.0,0.0,0.0,0.0,0.0,1.29,100.0,2.57,50.0,0.0,3.86,0.0,28.29,0.0,1.29,34.71,66.67,15.43,33.33,5.14,100.0,3.86,100.0,29.57,78.26,5.14,0.0,14.69,30.89,0.0,0.0,0.0,0.0,1.29,0.0,0.0,2.57,50.0,5.14,0.0,3.86,0.0,0.0,0.0,2.57,0.0,0,,0,,0,0.0,0.0,0.0,,,0.0,,,0.0,0.0,0.0,0.0,0,0.0
Ji-Hun Jung,,Gwangju,LW,28,0,,1,48,0,0.0,0,0.0,22.5,33.33,Korea Republic,Korea Republic,,181,75,no,5.63,5.63,100.0,7.5,25.0,0.0,0.0,0.0,0.0,0.0,0.0,0,0.0,0,0.0,1.88,0.0,0,0.0,0.0,0,0.0,0,0.0,0.0,0.0,0.0,0.0,0.0,0.0,0.0,0.0,0.0,0.0,0.0,0.0,5.63,0.0,0.0,1.88,0.0,33.75,1.88,0.0,37.5,85.0,3.75,50.0,11.25,83.33,15.0,87.5,35.63,84.21,1.88,100.0,13.6,15.61,0.0,0.0,0.0,0.0,1.88,100.0,0.0,1.88,100.0,3.75,100.0,1.88,100.0,3.75,0.0,9.38,80.0,0,,0,,0,0.0,0.0,0.0,,,0.0,,,0.0,0.0,0.0,0.0,0,0.0
D. Lima,,Daejeon Citizen,RB,33,0,,1,28,0,0.0,0,0.0,,,Uruguay,Uruguay,right,167,0,no,,,,,,,0.0,,,4.29,,0,,0,,,,0,,,0,,0,,,0.0,,,,,,,,,,,,,,,,,,,,,,,,,,,,,,,21.3,36.77,,,,,,,,,,,,,,,,,,0,,0,,0,0.0,0.0,,,,,,,,,,,0,0.0
Geon-hui Lee,Goyang KH,Gwangju,,24,0,,1,6,0,0.0,0,0.0,,,Korea Republic,Korea Republic,unknown,185,0,no,,,,,,,0.0,,,0.0,,0,,0,,,,0,,,0,,0,,,0.0,,,,,,,,,,,,,,,,,,,,,,,,,,,,,,,0.0,0.0,,,,,,,,,,,,,,,,,,0,,0,,0,0.0,0.0,,,,,,,,,,,0,0.0
Cheong-ung Lee,,Jeju United,,30,0,,1,90,0,0.0,0,0.0,,,Korea Republic,Korea Republic,right,186,78,no,,,,,,,0.0,,,0.0,,0,0.0,0,0.0,,0.0,0,,,0,,0,,,0.0,,,,,,,,,,,,,,,,,,,,,,,,,,,,,,,0.0,0.0,,,,,,,,,,,,,,,,,,0,,0,,0,0.0,0.0,,,,,,,,,,,0,0.0
Kim Min-Hyeok,Daejeon Korail,Ulsan Hyundai,RDMF,23,0,,1,97,0,0.0,0,0.0,13.92,66.67,Korea Republic,Korea Republic,unknown,180,0,no,6.49,4.64,60.0,3.71,75.0,0.93,2.31,0.0,2.78,6.92,0.93,1,0.93,0,0.0,0.93,0.0,0,0.0,0.0,0,0.0,0,0.0,0.0,0.0,0.0,0.0,0.0,0.0,0.0,0.0,0.0,0.0,0.93,100.0,2.78,66.67,0.0,0.0,0.0,80.72,0.0,1.86,89.07,95.83,11.13,75.0,21.34,100.0,38.04,97.56,89.07,95.83,0.0,0.0,15.08,0.0,0.0,0.0,0.0,0.0,0.0,0.0,0.0,7.42,100.0,0.93,0.0,0.0,0.0,0.0,0.0,2.78,66.67,0,,0,,0,0.0,0.0,0.0,,,0.93,,,0.0,0.0,0.0,0.0,0,0.0
Kyung-Hyun Min,,Incheon United,"LWB, LB",25,0,,5,499,0,0.14,0,0.8,10.64,49.15,Korea Republic,Korea Republic,,189,77,no,6.49,4.15,69.57,0.72,0.0,0.0,0.0,0.18,3.61,3.9,0.54,0,0.0,0,0.0,1.98,0.0,0,0.0,0.03,0,0.0,2,0.36,50.0,0.0,0.0,1.8,50.0,1.62,44.44,0.18,100.0,0.36,1.26,42.86,3.97,27.27,0.72,1.8,1.44,24.71,1.08,0.18,36.79,77.45,11.72,64.62,9.2,92.16,7.76,67.44,30.66,84.12,4.69,42.31,16.41,32.65,0.14,0.54,0.18,0.0,0.54,66.67,0.36,3.97,59.09,1.62,55.56,0.9,20.0,0.54,0.72,7.39,63.41,0,,0,,0,0.0,0.0,0.0,,,0.36,,,0.0,0.0,0.0,0.0,0,0.0
Se-Jin Park,Daegu,Daegu,"LCMF, RCMF",19,0,,33,1729,1,0.53,1,1.5,19.1,46.32,Korea Republic,Korea Republic,right,171,67,no,8.22,7.29,64.29,0.68,38.46,0.26,0.26,0.1,3.28,3.33,1.04,4,0.21,0,0.0,1.82,0.05,1,0.05,0.03,0,0.0,11,0.57,18.18,9.091,0.05,0.83,37.5,0.36,28.57,0.42,50.0,0.05,1.77,58.82,7.29,33.57,0.99,0.94,0.36,19.42,0.16,0.62,30.87,85.5,9.84,76.19,5.41,89.42,9.27,92.7,28.84,88.27,1.2,52.17,15.27,14.3,0.08,0.73,0.05,0.0,0.52,70.0,0.26,3.44,77.27,1.61,54.84,0.47,66.67,0.73,0.26,4.37,69.05,0,,0,,0,0.0,0.0,0.0,,,0.0,,,0.0,0.0,0.0,0.0,0,0.0
Kwang-Hyun Ryu,Jeonnam Dragons,Gangwon,LB,22,0,,11,921,0,0.38,0,1.86,16.42,57.14,Korea Republic,Korea Republic,left,181,0,no,9.28,9.67,62.63,1.37,78.57,0.49,0.54,0.2,2.74,3.03,0.88,2,0.2,0,0.0,2.35,0.0,0,0.0,0.04,0,0.0,6,0.59,16.67,0.0,0.0,3.22,45.45,3.03,41.94,0.2,100.0,0.29,1.95,40.0,3.71,44.74,0.2,0.88,0.2,21.5,0.68,0.59,30.1,69.81,11.82,57.02,4.59,95.74,9.67,79.8,22.48,78.7,4.98,45.1,21.69,37.55,0.18,0.78,0.0,0.0,0.0,0.0,0.1,4.3,50.0,2.83,48.28,0.2,50.0,0.1,1.27,7.52,61.04,0,,0,,0,0.0,0.0,0.0,,,0.1,,,0.49,0.2,0.0,0.88,0,0.0
Lee Seung-Won,Gangwon,Gangwon,"CF, RCMF, AMF",23,0,,13,518,0,0.14,0,0.23,14.77,38.82,Korea Republic,Korea Republic,right,174,66,no,7.64,4.86,57.14,1.22,28.57,0.69,0.68,0.52,4.17,4.07,1.22,0,0.0,0,0.0,1.04,0.0,0,0.0,0.02,0,0.0,3,0.52,33.33,0.0,0.0,1.22,0.0,0.87,0.0,0.17,0.0,0.17,0.87,80.0,5.39,29.03,1.39,1.22,0.52,27.1,0.87,1.56,37.53,81.02,9.73,67.86,6.95,95.0,13.2,85.53,33.53,86.01,2.95,52.94,17.02,17.99,0.04,0.52,0.0,0.0,0.52,33.33,0.17,4.86,71.43,1.74,20.0,0.87,0.0,0.35,0.17,4.69,62.96,0,,0,,0,0.0,0.0,0.0,,,0.0,,,0.0,0.0,0.0,0.35,0,0.0
Ji-hoon Jeong,Gwangju,Gwangju,"LW, LWF",22,0,2027-12-31,12,464,0,0.39,0,0.01,20.56,39.62,Korea Republic,Korea Republic,right,175,65,no,6.4,6.21,59.38,2.33,33.33,0.19,0.27,0.19,2.52,3.48,0.39,0,0.0,0,0.0,2.72,0.0,0,0.0,0.08,0,0.0,7,1.36,57.14,0.0,0.0,0.58,33.33,0.39,0.0,0.19,100.0,0.19,3.69,42.11,9.89,31.37,1.75,1.16,0.39,18.81,0.97,1.36,22.11,81.58,3.1,50.0,5.24,92.59,7.18,81.08,19.98,85.44,1.55,50.0,13.68,17.35,0.0,0.19,0.0,0.0,0.39,50.0,0.0,1.94,70.0,1.36,42.86,0.78,25.0,0.39,0.39,3.88,70.0,0,,0,,0,0.0,0.0,0.0,,,0.0,,,0.0,0.0,0.0,0.0,0,0.0
Jeong Eun-Woo,Yeoju Citizen,Suwon,RW,23,0,,1,17,0,0.0,0,0.0,,,Korea Republic,Korea Republic,,172,64,no,,,,,,,0.0,,,0.0,,0,,0,,,,0,,,0,,0,,,0.0,,,,,,,,,,,,,,,,,,,,,,,,,,,,,,,16.63,29.92,,,,,,,,,,,,,,,,,,0,,0,,0,0.0,0.0,,,,,,,,,,,0,0.0
Dae-Hwan Kim,Hwaseong,Jeju SK,"RWF, RW, LW",21,0,,20,281,0,0.15,0,0.02,26.9,36.9,Korea Republic,Korea Republic,right,172,67,no,9.61,8.97,60.71,3.84,8.33,0.32,0.37,0.0,3.84,4.44,3.2,0,0.0,0,0.0,1.92,0.0,0,0.0,0.05,0,0.0,2,0.64,0.0,0.0,0.0,2.24,0.0,0.0,0.0,2.24,0.0,0.0,3.2,60.0,9.93,29.03,1.6,1.6,1.6,12.49,2.24,0.32,16.33,74.51,3.2,70.0,4.8,100.0,4.48,57.14,13.77,88.37,0.32,0.0,11.02,0.87,0.01,0.32,0.0,0.0,0.0,0.0,0.0,0.96,66.67,1.92,33.33,0.0,0.0,0.64,0.0,1.6,60.0,0,,0,,0,0.0,0.0,0.0,,,0.0,,,0.0,0.0,0.0,0.0,0,0.0
Min Gyeong-Hyeon,Gimcheon Sangmu,Incheon United,"LWB, LB",24,0,2026-12-01,27,1907,0,1.26,1,1.64,13.92,51.19,Korea Republic,Korea Republic,right,174,66,yes,7.74,5.52,70.94,1.13,25.0,0.47,0.5,0.09,3.35,3.57,0.71,1,0.05,0,0.0,2.31,0.0,0,0.0,0.06,0,0.0,10,0.47,20.0,0.0,0.05,1.93,43.9,1.75,45.95,0.19,25.0,0.28,2.27,52.08,5.8,36.59,0.57,1.46,0.9,24.92,1.51,0.71,36.1,78.43,12.65,64.18,8.5,93.89,7.88,76.05,30.06,84.77,4.34,46.74,16.71,29.36,0.08,0.57,0.09,0.0,0.28,66.67,0.24,3.78,53.75,1.89,50.0,0.52,27.27,0.33,0.9,7.13,60.26,0,,0,,0,0.0,0.0,0.0,,,0.52,,,0.0,0.0,0.0,0.0,0,0.0
Bae Jun-Ho,Stoke City,Daejeon Citizen,"RCMF, LCMF, AMF",22,0,2027-06-30,17,1134,2,1.84,0,1.27,25.48,46.11,Korea Republic,Korea Republic,right,178,70,no,8.97,6.43,69.14,2.54,37.5,0.24,0.33,0.16,4.29,5.89,0.16,0,0.0,0,0.0,2.38,0.16,2,0.16,0.15,1,0.08,14,1.11,28.57,14.286,0.0,1.59,15.0,0.48,0.0,1.11,21.43,0.0,4.29,37.04,12.38,33.97,1.83,1.11,0.63,19.37,0.79,1.43,30.71,82.17,8.49,73.83,6.9,94.25,7.54,84.21,28.25,87.08,0.87,45.45,14.11,13.11,0.1,1.19,0.08,0.0,0.56,42.86,0.56,3.02,71.05,1.98,52.0,0.4,20.0,1.27,0.24,2.86,72.22,0,,0,,0,0.0,0.0,0.0,,,0.0,,,0.0,0.0,0.0,0.08,0,0.0
Kim Jin-Ho,Gwangju,Gangwon,"RB, RWB, LB",26,0,2026-12-31,23,1083,2,2.56,2,1.51,22.94,47.83,Korea Republic,Korea Republic,right,178,74,no,9.72,7.81,56.38,3.16,39.47,0.58,0.75,0.33,4.74,6.09,1.41,2,0.17,0,0.0,3.99,0.17,2,0.17,0.21,0,0.0,12,1.0,50.0,16.667,0.17,3.07,21.62,1.25,26.67,1.83,18.18,0.5,5.57,47.76,9.47,44.74,2.24,2.08,1.16,22.35,1.5,2.16,32.16,74.68,9.39,60.18,7.89,96.84,8.14,64.29,25.84,85.53,3.49,40.48,17.81,21.4,0.13,0.75,0.0,0.0,0.25,66.67,0.33,3.66,61.36,2.83,29.41,0.42,20.0,0.66,0.66,4.99,60.0,0,,0,,0,0.0,0.0,0.0,,,0.33,,,0.0,0.0,0.0,0.08,0,0.0
Jin-Hyuk Cho,Gyeongnam,Gangwon,CF,26,0,,2,11,0,0.04,0,0.0,,,Korea Republic,Korea Republic,right,180,76,no,,,,,,,15.0,,,0.0,,0,,0,,,,0,,,0,,1,,,0.0,,,,,,,,,,,,,,,,,,,,,,,,,,,,,,,27.64,17.94,,,,,,,,,,,,,,,,,,0,,0,,0,0.0,0.0,,,,,,,,,,,0,0.0
Chang-Min Lee,Jeju SK,Jeju SK,RCMF,32,0,,13,1268,0,0.51,0,1.62,11.85,48.5,Korea Republic,Korea Republic,right,179,77,no,7.74,4.54,62.5,0.85,58.33,0.28,0.35,0.0,4.61,5.75,0.5,2,0.14,0,0.0,1.85,0.0,0,0.0,0.04,0,0.0,18,1.28,16.67,0.0,0.0,1.28,38.89,0.21,0.0,1.06,46.67,0.07,2.2,41.94,4.54,31.25,0.35,0.71,0.14,39.32,0.28,0.43,52.38,78.46,16.82,61.6,8.73,91.87,17.96,84.58,42.8,86.4,8.3,43.59,20.01,40.07,0.12,1.21,0.35,0.0,0.57,37.5,0.28,10.79,54.61,3.34,51.06,2.13,46.67,1.06,0.5,8.23,72.41,0,,0,,0,0.0,0.0,0.0,,,0.43,,,0.78,0.28,0.0,0.85,0,0.0
Joo-Chan Kim, K-League XI,Suwon Bluewings,"LW, LWF, RWF",22,0,2026-10-06,25,1195,5,1.38,0,0.2,17.02,39.38,Korea Republic,Korea Republic,right,174,71,no,4.97,4.82,56.25,2.41,12.5,0.08,0.08,0.08,2.18,2.46,0.38,0,0.0,0,0.0,2.33,0.38,5,0.38,0.1,0,0.0,14,1.05,50.0,35.714,0.0,0.6,25.0,0.53,28.57,0.08,0.0,0.15,3.39,46.67,7.61,35.64,1.58,2.03,1.05,14.99,1.43,0.68,20.71,78.91,3.92,67.31,6.48,90.7,4.82,79.69,19.81,80.61,0.3,75.0,13.92,3.28,0.02,0.23,0.08,0.0,0.15,50.0,0.08,1.13,93.33,0.9,41.67,0.15,50.0,0.23,0.08,2.64,48.57,0,,0,,0,0.0,0.0,0.0,,,0.08,,,0.08,0.0,0.0,0.23,0,0.0
Hyeong-Woo Park,,Pohang Steelers,"RAMF, LW",21,0,,2,73,0,0.03,0,0.0,12.33,60.0,Korea Republic,Korea Republic,,173,71,no,8.63,4.93,100.0,0.0,0.0,0.0,0.0,0.0,3.7,6.92,0.0,0,0.0,0,0.0,1.23,0.0,0,0.0,0.03,0,0.0,1,1.23,0.0,0.0,0.0,1.23,0.0,1.23,0.0,0.0,0.0,0.0,2.47,50.0,7.4,33.33,0.0,1.23,2.47,17.26,2.47,1.23,24.66,75.0,6.16,60.0,3.7,66.67,3.7,66.67,23.42,78.95,0.0,0.0,13.14,0.0,0.0,0.0,0.0,0.0,0.0,0.0,0.0,0.0,0.0,1.23,0.0,0.0,0.0,0.0,0.0,4.93,50.0,0,,0,,0,0.0,0.0,0.0,,,0.0,,,0.0,0.0,0.0,0.0,0,0.0
Hyeon-Je Kang,Seoul E-Land,Pohang Steelers,"AMF, CF",23,0,,2,160,1,0.74,0,0.09,20.25,27.78,Korea Republic,Korea Republic,,183,75,no,7.87,5.63,80.0,5.06,0.0,0.0,0.0,0.0,3.38,4.5,0.56,0,0.0,0,0.0,1.13,0.56,1,0.56,0.42,0,0.0,5,2.81,40.0,20.0,0.0,0.56,0.0,0.0,0.0,0.56,0.0,0.0,1.69,0.0,7.87,14.29,3.94,0.0,0.56,29.25,2.81,0.56,33.19,79.66,8.44,60.0,8.44,86.67,8.44,93.33,32.63,81.03,0.0,0.0,13.11,0.0,0.05,0.56,0.0,0.0,0.56,0.0,0.56,2.81,40.0,1.69,33.33,0.56,0.0,1.69,0.0,2.81,60.0,0,,0,,0,0.0,0.0,0.0,,,0.0,,,0.0,0.0,0.0,0.0,0,0.0
Jae-Woon Yoon,Gimpo Citizen,Pohang Steelers,"RW, RAMF, CF",24,0,,6,258,0,0.43,1,0.47,20.93,58.33,Korea Republic,Korea Republic,right,177,77,no,10.81,9.42,77.78,2.44,57.14,0.7,0.79,0.0,2.79,3.16,1.05,0,0.0,0,0.0,2.79,0.0,0,0.0,0.15,0,0.0,3,1.05,100.0,0.0,0.35,1.4,25.0,0.7,0.0,0.7,50.0,0.35,2.44,57.14,7.67,36.36,2.09,1.05,0.7,15.35,1.4,1.05,24.77,70.42,5.23,40.0,8.02,95.65,3.14,77.78,22.67,75.38,0.7,0.0,17.71,5.25,0.17,0.7,0.0,0.0,0.0,0.0,0.35,1.05,66.67,0.35,100.0,0.0,0.0,0.35,0.35,4.19,25.0,0,,0,,0,0.0,0.0,0.0,,,0.35,,,0.0,0.0,0.0,0.0,0,0.0
Kim Jun-Ho,Gyeongnam,Pohang Steelers,"RDMF, RCMF",23,0,,25,1150,0,0.48,1,1.31,14.56,51.61,Korea Republic,Korea Republic,right,182,70,no,9.86,8.22,63.81,2.27,34.48,0.55,0.76,0.55,4.07,5.61,1.33,0,0.0,0,0.0,1.33,0.0,0,0.0,0.04,0,0.0,11,0.86,45.45,0.0,0.08,0.78,40.0,0.08,0.0,0.63,50.0,0.0,1.02,53.85,2.27,44.83,0.23,0.31,0.08,45.63,0.23,0.47,58.46,89.56,15.03,79.17,8.3,95.28,28.02,93.85,52.43,91.94,5.24,73.13,18.56,28.06,0.1,0.78,0.0,0.08,0.08,100.0,0.47,10.57,77.78,1.72,50.0,0.7,44.44,0.94,0.31,8.69,81.08,0,,0,,0,0.0,0.0,0.0,,,0.16,,,0.7,0.0,0.0,0.55,0,0.0
Sim Sang-Min,Ulsan Hyundai,Pohang Steelers,LB,33,0,,21,1909,0,0.1,2,1.58,13.15,53.41,Korea Republic,Korea Republic,left,172,70,no,6.98,5.14,71.56,1.46,48.39,0.28,0.39,0.24,3.02,4.16,0.47,0,0.0,0,0.0,1.79,0.0,0,0.0,0.0,0,0.0,4,0.19,0.0,0.0,0.09,2.92,33.87,2.92,33.87,0.0,0.0,0.47,1.51,46.88,4.62,39.8,0.24,1.23,0.52,38.85,3.21,1.27,49.03,80.29,17.26,67.49,8.06,94.15,15.79,84.78,37.67,89.36,8.67,54.89,19.6,34.11,0.07,0.85,0.05,0.0,0.28,33.33,0.33,7.02,59.73,3.82,41.98,1.08,26.09,0.66,0.99,10.89,70.56,0,,0,,0,0.0,0.0,0.0,,,0.47,,,0.05,0.0,0.0,0.0,0,0.0
Park Chae-Joon,Ansan Greeners,Jeonbuk Motors,CF,23,0,,1,10,0,0.0,0,0.0,,,Korea Republic,Korea Republic,unknown,175,0,no,,,,,,,0.0,,,0.0,,0,,0,,,,0,,,0,,0,,,0.0,,,,,,,,,,,,,,,,,,,,,,,,,,,,,,,7.94,0.0,,,,,,,,,,,,,,,,,,0,,0,,0,0.0,0.0,,,,,,,,,,,0,0.0
Lee Jun-ho,Cheonan City,Jeonbuk Motors,CF,23,0,,8,296,0,0.47,1,0.36,24.93,32.93,Korea Republic,Korea Republic,unknown,186,0,no,5.47,3.04,50.0,7.91,38.46,0.3,0.43,0.3,3.65,5.14,0.61,1,0.3,0,0.0,1.22,0.0,0,0.0,0.14,0,0.0,2,0.61,50.0,0.0,0.3,0.3,100.0,0.3,100.0,0.0,0.0,0.0,0.91,33.33,8.51,35.71,3.04,0.3,0.0,10.64,1.82,1.52,17.33,68.42,4.86,43.75,4.56,93.33,3.04,90.0,16.72,69.09,0.3,0.0,11.88,2.96,0.11,0.61,0.0,0.0,0.61,50.0,0.3,2.43,50.0,0.3,100.0,0.61,50.0,0.61,0.0,3.04,60.0,0,,0,,0,0.0,0.0,0.0,,,0.0,,,0.0,0.0,0.0,0.0,0,0.0
Jong-Mu Han,Daegu,Jeju SK,"RCMF, LCMF, CF",23,0,,17,394,0,0.02,0,0.03,13.71,48.33,Korea Republic,Korea Republic,right,179,70,no,5.94,4.57,70.0,2.74,33.33,0.23,0.28,0.0,2.51,3.08,1.14,1,0.23,0,0.0,0.69,0.0,0,0.0,0.0,0,0.0,1,0.23,0.0,0.0,0.0,0.0,0.0,0.0,0.0,0.0,0.0,0.0,1.37,50.0,3.88,35.29,0.91,0.46,0.46,23.98,0.69,0.69,32.44,75.35,6.85,46.67,7.31,90.63,10.74,87.23,30.84,75.56,1.6,71.43,15.28,7.56,0.01,0.23,0.0,0.0,0.0,0.0,0.0,5.25,56.52,1.14,20.0,0.0,0.0,0.23,0.0,2.97,69.23,0,,0,,0,0.0,0.0,0.0,,,0.0,,,0.0,0.0,0.0,0.0,0,0.0
Sang-Wook Gi,Dangjin Citizen,Jeju SK,"LWF, RWF, LW",23,0,,9,122,0,0.08,0,0.0,27.3,43.24,Korea Republic,Korea Republic,right,182,72,no,13.28,11.07,60.0,0.74,100.0,1.48,1.76,0.0,5.16,6.18,2.95,0,0.0,0,0.0,2.21,0.0,0,0.0,0.06,0,0.0,1,0.74,100.0,0.0,0.0,2.21,33.33,2.21,33.33,0.0,0.0,0.0,3.69,20.0,10.33,21.43,1.48,0.0,0.0,18.44,5.16,0.74,21.39,65.52,2.95,25.0,4.43,100.0,8.11,63.64,19.18,69.23,0.0,0.0,17.54,0.0,0.0,0.0,0.0,0.0,0.74,0.0,0.0,2.95,50.0,1.48,50.0,0.74,0.0,0.0,0.74,2.95,50.0,0,,0,,0,0.0,0.0,0.0,,,0.74,,,0.0,0.0,0.0,0.0,0,0.0
Kim Geon-Hui,Incheon United,Incheon United,"LCB, CB",23,0,,9,335,0,0.08,0,0.0,13.7,64.71,Korea Republic,Korea Republic,right,192,84,no,9.67,6.18,65.22,5.37,75.0,0.81,0.78,0.27,4.84,4.66,0.54,1,0.27,0,0.0,0.0,0.0,0,0.0,0.02,0,0.0,1,0.27,0.0,0.0,0.0,0.27,0.0,0.27,0.0,0.0,0.0,0.0,0.0,0.0,1.07,0.0,0.54,0.81,0.0,23.1,0.27,0.0,34.39,79.69,16.12,66.67,1.61,83.33,14.51,92.59,28.48,85.85,5.64,52.38,17.26,23.03,0.0,0.0,0.0,0.0,0.0,0.0,0.0,5.37,65.0,0.81,0.0,0.27,0.0,0.27,0.0,9.4,57.14,0,,0,,0,0.0,0.0,0.0,,,0.81,,,0.0,0.0,0.0,0.0,0,0.0
Hyun-Seo Kim,,Incheon United,"LCMF, LW",22,0,,1,25,0,0.06,0,0.0,,,Korea Republic,Korea Republic,,174,66,no,,,,,,,0.0,,,0.0,,0,,0,,,,0,,,0,,1,,,0.0,,,,,,,,,,,,,,,,,,,,,,,,,,,,,,,21.94,57.75,,,,,,,,,,,,,,,,,,0,,0,,0,0.0,0.0,,,,,,,,,,,0,0.0
Jin-Hong Park,Changwon City,Incheon United,RCMF,21,0,,2,81,0,0.16,0,0.05,11.11,80.0,Korea Republic,Korea Republic,,183,75,no,5.56,4.44,75.0,3.33,100.0,0.0,0.0,0.0,2.22,1.71,2.22,0,0.0,0,0.0,0.0,0.0,0,0.0,0.17,0,0.0,1,1.11,0.0,0.0,0.0,0.0,0.0,0.0,0.0,0.0,0.0,0.0,0.0,0.0,0.0,0.0,1.11,0.0,0.0,8.89,0.0,1.11,17.78,81.25,3.33,100.0,2.22,100.0,6.67,66.67,15.56,85.71,2.22,50.0,7.3,6.24,0.05,1.11,0.0,0.0,0.0,0.0,0.0,2.22,0.0,0.0,0.0,0.0,0.0,0.0,0.0,0.0,0.0,0,,0,,0,0.0,0.0,0.0,,,0.0,,,0.0,0.0,0.0,0.0,0,0.0
Seung-Ho Park,Incheon United,Incheon United,"RW, RWF, LWF",22,0,2027-12-31,9,565,1,0.48,0,0.54,21.5,39.26,Korea Republic,Korea Republic,right,180,72,no,7.33,7.65,52.08,4.62,34.48,0.32,0.31,0.32,3.03,2.95,0.96,1,0.16,0,0.0,1.59,0.16,1,0.16,0.08,0,0.0,8,1.27,50.0,12.5,0.0,0.8,20.0,0.16,0.0,0.64,25.0,0.0,2.07,38.46,6.21,30.77,1.59,0.64,0.48,18.16,1.43,1.27,23.26,75.34,5.1,43.75,6.21,87.18,4.62,72.41,22.14,76.98,0.32,100.0,11.8,7.19,0.09,0.64,0.0,0.16,0.32,0.0,0.16,1.59,80.0,1.12,28.57,0.32,0.0,0.32,0.32,3.35,57.14,0,,0,,0,0.0,0.0,0.0,,,0.0,,,0.16,0.0,0.0,0.48,0,0.0
Woo-Jin Choi,Jeonbuk Motors,Incheon United,"LB, LWB",22,0,,5,353,1,0.08,1,0.21,17.34,48.53,Korea Republic,Korea Republic,,175,66,no,6.37,6.88,55.56,1.02,50.0,0.0,0.0,0.25,2.55,2.5,0.0,0,0.0,0,0.0,2.55,0.25,1,0.25,0.02,0,0.0,2,0.51,100.0,50.0,0.25,1.02,25.0,1.02,25.0,0.0,0.0,0.0,2.29,77.78,6.12,41.67,1.02,3.57,2.55,21.93,1.02,1.02,28.3,82.88,8.41,69.7,5.35,95.24,7.9,87.1,26.77,84.76,0.51,100.0,15.41,9.02,0.05,0.51,0.0,0.0,0.25,0.0,0.25,2.29,44.44,1.27,40.0,0.0,0.0,0.76,0.25,4.33,64.71,0,,0,,0,0.0,0.0,0.0,,,0.25,,,0.25,0.0,0.0,0.0,0,0.0
Lee Jae-Wook,Seongnam,Ulsan Hyundai,"LCMF, LDMF, RDMF",25,0,,2,85,0,0.0,0,0.0,26.47,60.0,Korea Republic,Korea Republic,,170,65,no,18.0,12.71,66.67,1.06,0.0,3.18,4.74,0.0,6.35,9.47,1.06,0,0.0,0,0.0,0.0,0.0,0,0.0,0.0,0,0.0,0,0.0,0.0,0.0,0.0,1.06,0.0,0.0,0.0,1.06,0.0,1.06,0.0,0.0,3.18,0.0,1.06,0.0,0.0,64.59,0.0,0.0,90.0,90.59,16.94,68.75,10.59,100.0,37.06,94.29,84.71,95.0,4.24,25.0,14.64,16.79,0.0,0.0,0.0,0.0,0.0,0.0,0.0,12.71,75.0,2.12,0.0,0.0,0.0,0.0,0.0,7.41,57.14,0,,0,,0,0.0,0.0,0.0,,,1.06,,,0.0,0.0,0.0,0.0,0,0.0
Hyun-Bin Park,Suwon Bluewings,Incheon United,"RCMF, LCMF",23,0,,5,291,0,0.1,0,0.02,23.81,58.44,Korea Republic,Korea Republic,left,177,70,no,17.01,12.37,77.5,0.62,0.0,1.24,1.09,0.62,6.19,5.45,1.86,2,0.62,0,0.0,0.93,0.0,0,0.0,0.03,0,0.0,2,0.62,0.0,0.0,0.0,0.0,0.0,0.0,0.0,0.0,0.0,0.0,1.24,75.0,6.19,35.0,0.62,0.62,0.0,25.36,0.31,0.93,39.28,80.31,11.13,69.44,6.19,95.0,13.61,84.09,32.78,86.79,6.49,47.62,17.93,34.38,0.01,0.31,0.0,0.0,0.0,0.0,0.0,6.19,60.0,1.86,50.0,0.62,50.0,0.31,0.0,4.64,66.67,0,,0,,0,0.0,0.0,0.0,,,0.62,,,0.0,0.0,0.0,0.31,0,0.0
Kim Min-seog,Gimpo Citizen,Incheon United,"LW, RWF, RW",23,0,,18,534,2,2.17,0,0.76,19.38,44.35,Korea Republic,Korea Republic,right,180,72,no,5.56,5.06,63.33,3.71,22.73,0.0,0.0,0.34,2.36,2.47,0.17,0,0.0,0,0.0,3.54,0.34,2,0.34,0.37,0,0.0,11,1.85,54.55,18.182,0.0,1.01,50.0,0.34,50.0,0.67,50.0,0.17,4.04,45.83,9.44,42.86,3.03,2.53,1.52,14.49,2.02,0.84,19.72,79.49,3.37,60.0,7.75,91.3,3.88,86.96,18.2,82.41,0.51,33.33,13.76,4.03,0.13,0.67,0.17,0.0,0.17,100.0,0.51,0.84,40.0,1.18,71.43,0.17,100.0,1.18,0.51,2.7,68.75,0,,0,,0,0.0,0.0,0.0,,,0.0,,,0.0,0.0,0.0,0.0,0,0.0
Lee Tae-Hui,Incheon United,Incheon United,GK,31,0,,9,883,0,0.0,1,0.15,0.61,100.0,Korea Republic,Korea Republic,right,189,85,no,0.61,0.0,0.0,0.41,100.0,0.0,0.0,0.0,0.61,0.78,0.0,0,0.0,0,0.0,0.0,0.0,0,0.0,0.0,0,0.0,0,0.0,0.0,0.0,0.1,0.0,0.0,0.0,0.0,0.0,0.0,0.0,0.0,0.0,0.1,100.0,0.0,0.0,0.0,5.4,0.31,0.2,8.87,71.26,6.83,64.18,0.0,0.0,1.73,94.12,3.67,97.22,5.2,52.94,37.93,52.7,0.02,0.1,0.0,0.0,0.0,0.0,0.1,1.73,41.18,0.1,0.0,0.2,100.0,0.0,0.0,3.57,71.43,12,1.22,40,4.08,2,70.0,10.66,1.09,-1.34,-0.137,0.0,1.02,0.41,,,,0.0,0,0.0
Dong-Won Lee,Chungbuk Cheongju,Daejeon Citizen,"LCMF, RCMF",23,0,2026-12-31,8,401,0,0.56,0,0.02,20.65,39.13,Korea Republic,Korea Republic,unknown,0,0,no,7.41,7.18,46.88,3.59,25.0,0.45,0.61,0.22,3.59,4.9,2.02,1,0.22,0,0.0,2.69,0.0,0,0.0,0.13,0,0.0,9,2.02,44.44,0.0,0.0,0.45,0.0,0.22,0.0,0.22,0.0,0.0,4.49,40.0,7.41,42.42,1.57,0.45,0.22,17.51,0.67,1.35,23.12,73.79,6.06,51.85,6.06,88.89,6.51,75.86,21.32,76.84,1.35,50.0,14.72,20.22,0.0,0.45,0.0,0.0,0.0,0.0,0.0,3.59,50.0,1.12,20.0,0.22,0.0,0.45,0.0,2.47,72.73,0,,0,,0,0.0,0.0,0.0,,,0.22,,,0.0,0.0,0.0,0.0,0,0.0
Jeon Byung-Kwan,Gimcheon Sangmu,Daejeon Citizen,"RW, CF",23,0,2026-12-31,23,1031,2,2.92,2,0.72,23.83,34.07,Korea Republic,Korea Republic,right,178,72,yes,6.55,7.42,50.59,2.53,13.79,0.09,0.11,0.09,2.71,3.37,2.1,2,0.17,0,0.0,4.45,0.17,2,0.17,0.25,0,0.0,30,2.62,53.33,6.667,0.17,3.14,27.78,0.61,28.57,2.53,27.59,0.44,4.54,48.08,9.69,35.14,3.4,1.83,1.05,15.1,1.75,0.87,19.82,69.6,3.49,55.0,6.72,88.31,5.15,61.02,16.15,78.92,0.79,44.44,19.35,10.19,0.06,0.7,0.0,0.0,0.0,0.0,0.44,0.96,63.64,2.18,40.0,0.0,0.0,0.52,0.87,2.53,58.62,0,,0,,0,0.0,0.0,0.0,,,0.09,,,0.0,0.0,0.0,0.09,0,0.0
Seo-Joon Byeon,Gimcheon Sangmu,Daejeon Citizen,RCB,24,0,2027-07-18,15,585,1,1.18,0,0.03,20.77,58.52,Korea Republic,Korea Republic,right,190,85,yes,11.08,8.0,63.46,6.62,55.81,0.31,0.44,0.92,5.69,8.22,1.38,3,0.46,0,0.0,0.62,0.15,1,0.15,0.18,1,0.15,6,0.92,16.67,16.667,0.0,0.92,50.0,0.0,0.0,0.92,50.0,0.0,0.31,0.0,1.54,30.0,0.92,0.46,0.0,29.69,0.46,0.92,42.15,82.12,19.08,72.58,2.0,100.0,17.69,88.7,34.0,90.95,7.54,42.86,22.08,32.26,0.0,0.15,0.15,0.0,0.0,0.0,0.15,7.54,65.31,1.08,42.86,0.46,33.33,0.0,0.46,9.38,73.77,0,,0,,0,0.0,0.0,0.0,,,0.92,,,0.0,0.0,0.0,0.0,0,0.0
Jun-Yeong Min,Jeonnam Dragons,Daejeon Citizen,LB,30,0,,1,35,0,0.0,0,0.0,,,Korea Republic,Korea Republic,left,170,66,no,,,,,,,0.0,,,4.29,,0,,0,,,,0,,,0,,0,,,0.0,,,,,,,,,,,,,,,,,,,,,,,,,,,,,,,31.61,61.09,,,,,,,,,,,,,,,,,,0,,0,,0,0.0,0.0,,,,,,,,,,,0,0.0
Eun-Su Lim,Gyeongnam,Daejeon Citizen,"CB, RCMF",30,0,,10,775,0,0.32,1,0.06,14.17,57.38,Korea Republic,Korea Republic,right,182,68,no,12.08,5.69,59.18,4.53,66.67,1.05,1.41,0.46,7.66,10.37,1.28,3,0.35,0,0.0,0.35,0.0,0,0.0,0.04,0,0.0,5,0.58,20.0,0.0,0.12,0.0,0.0,0.0,0.0,0.0,0.0,0.0,0.58,20.0,1.28,27.27,0.35,0.93,0.12,39.6,0.23,0.46,52.61,90.07,17.77,83.66,3.83,90.91,24.62,94.81,47.73,94.16,4.88,50.0,18.3,35.83,0.01,0.23,0.0,0.12,0.12,100.0,0.23,7.08,68.85,0.93,37.5,0.35,33.33,0.35,0.0,6.5,80.36,0,,0,,0,0.0,0.0,0.0,,,2.44,,,0.0,0.0,0.0,0.0,0,0.0
Ho-Yeon Jeong,Suwon Bluewings,Gwangju,"RCMF, LCMF",25,0,2027-12-31,34,3078,2,1.14,1,2.12,17.81,46.63,Korea Republic,Korea Republic,right,180,73,no,7.75,6.14,55.71,1.99,32.35,0.41,0.56,0.38,3.92,5.4,1.61,5,0.15,0,0.0,1.64,0.06,2,0.06,0.03,0,0.0,21,0.61,33.33,9.524,0.03,0.82,35.71,0.2,28.57,0.61,38.1,0.12,1.81,58.06,7.16,41.22,1.11,1.67,0.56,33.07,0.26,1.81,45.09,90.66,10.64,84.07,8.04,95.27,19.01,94.62,42.95,92.44,1.37,63.83,17.88,32.24,0.06,0.76,0.03,0.03,0.32,27.27,0.23,5.35,87.98,1.23,69.05,0.32,27.27,0.88,0.32,5.2,74.16,0,,0,,0,0.0,0.0,0.0,,,0.38,,,0.06,0.0,0.0,0.2,0,0.0
Gun-Hee Lee,Gimcheon Sangmu,Gwangju,CF,28,0,2026-10-06,26,857,5,3.78,0,0.43,23.52,33.04,Korea Republic,Korea Republic,right,186,78,yes,3.26,2.73,69.23,6.72,34.38,0.21,0.3,0.11,1.16,1.67,0.84,0,0.0,0,0.0,1.37,0.53,5,0.53,0.4,2,0.21,19,2.0,47.37,26.316,0.0,0.32,0.0,0.0,0.0,0.32,0.0,0.0,1.26,25.0,8.93,23.53,3.57,0.11,0.11,12.71,1.47,1.05,17.75,73.96,3.47,48.48,5.25,92.0,4.83,65.22,16.7,76.1,0.74,57.14,14.59,9.32,0.04,0.42,0.0,0.0,0.32,33.33,0.11,1.26,58.33,0.63,33.33,0.42,25.0,0.63,0.0,1.26,16.67,0,,0,,0,0.0,0.0,0.0,,,0.11,,,0.0,0.0,0.0,0.0,0,0.0
Jang See-Young,Ulsan Hyundai,Ulsan Hyundai,"LAMF, LW, RAMF",24,0,2027-12-31,10,259,1,0.88,0,0.32,25.71,45.95,Korea Republic,Korea Republic,right,174,69,no,11.12,8.34,70.83,2.08,33.33,1.74,2.54,0.35,3.47,5.08,2.08,2,0.69,0,0.0,3.82,0.35,1,0.35,0.31,0,0.0,4,1.39,50.0,25.0,0.0,0.35,0.0,0.0,0.0,0.35,0.0,0.0,5.56,50.0,10.42,40.0,2.43,1.74,1.39,19.81,0.69,1.04,26.06,80.0,4.52,69.23,9.73,78.57,6.25,94.44,25.37,82.19,0.35,0.0,13.89,3.43,0.11,0.35,0.0,0.0,0.35,100.0,0.0,1.74,80.0,0.69,50.0,0.35,100.0,0.35,0.0,2.08,50.0,0,,0,,0,0.0,0.0,0.0,,,0.0,,,0.0,0.0,0.0,0.0,0,0.0
Won-Woo Lee,Daegu,Daegu,"CB, LB",23,0,,2,38,0,0.0,0,0.0,,,Korea Republic,Korea Republic,left,191,75,no,,,,,,,0.0,,,2.31,,0,,0,,,,0,,,0,,0,,,0.0,,,,,,,,,,,,,,,,,,,,,,,,,,,,,,,19.61,36.14,,,,,,,,,,,,,,,,,,0,,0,,0,0.0,0.0,,,,,,,,,,,0,0.0
Lee Dae-Gwang,Paju Citizen,Suwon,"CF, RAMF",23,0,,10,200,0,0.89,0,0.0,34.65,25.97,Korea Republic,Korea Republic,right,182,81,no,6.75,6.3,42.86,9.0,30.0,0.9,0.81,0.9,3.15,2.84,1.35,1,0.45,0,0.0,2.7,0.0,0,0.0,0.4,0,0.0,5,2.25,40.0,0.0,0.0,0.0,0.0,0.0,0.0,0.0,0.0,0.0,2.7,66.67,13.95,19.35,1.8,0.9,0.0,14.4,2.25,1.35,22.95,78.43,2.7,33.33,10.35,78.26,4.05,88.89,22.05,81.63,0.9,0.0,14.13,5.53,0.0,0.0,0.0,0.0,0.0,0.0,0.0,1.35,33.33,0.45,0.0,0.45,0.0,0.0,0.0,1.8,0.0,0,,0,,0,0.0,0.0,0.0,,,0.0,,,0.0,0.0,0.0,0.0,0,0.0
Seo Seung-Woo,Gyeongju HNP,Suwon,"LW, LCMF",23,0,2027-06-30,2,63,0,0.24,0,0.11,14.29,40.0,Korea Republic,Korea Republic,,185,81,no,10.0,5.71,75.0,1.43,0.0,1.43,1.25,0.0,4.29,3.75,0.0,0,0.0,0,0.0,2.86,0.0,0,0.0,0.34,0,0.0,2,2.86,0.0,0.0,0.0,2.86,50.0,2.86,50.0,0.0,0.0,1.43,5.71,25.0,7.14,20.0,4.29,0.0,0.0,27.14,0.0,0.0,28.57,75.0,8.57,50.0,2.86,100.0,12.86,77.78,22.86,81.25,2.86,50.0,20.83,17.74,0.16,1.43,0.0,0.0,0.0,0.0,1.43,5.71,50.0,5.71,50.0,0.0,0.0,2.86,2.86,7.14,80.0,0,,0,,0,0.0,0.0,0.0,,,0.0,,,0.0,0.0,0.0,0.0,0,0.0
Jang Jae-Woong,,Suwon,"RW, RAMF, CF",25,0,,27,583,0,0.2,2,0.75,21.77,43.26,Korea Republic,Korea Republic,right,176,70,no,7.56,8.03,61.54,4.17,33.33,0.31,0.34,0.0,2.32,2.54,2.01,2,0.31,0,0.0,0.77,0.0,0,0.0,0.03,0,0.0,5,0.77,20.0,0.0,0.31,0.62,25.0,0.31,0.0,0.31,50.0,0.0,1.08,42.86,5.71,27.03,0.77,0.31,0.15,15.44,1.23,0.77,20.53,67.67,4.63,46.67,7.1,73.91,4.63,76.67,17.44,72.57,2.62,41.18,15.16,13.48,0.12,0.93,0.0,0.0,0.0,0.0,0.46,2.32,53.33,0.77,20.0,0.31,0.0,0.15,0.15,2.62,64.71,0,,0,,0,0.0,0.0,0.0,,,0.31,,,0.0,0.0,0.0,0.0,0,0.0
Bum-Young Lee,,Suwon,GK,37,0,,3,305,0,0.0,0,0.0,0.89,66.67,Korea Republic,Korea Republic,right,197,95,no,2.07,0.59,50.0,0.3,100.0,0.3,0.32,0.0,1.48,1.61,0.3,0,0.0,0,0.0,0.0,0.0,0,0.0,0.0,0,0.0,0,0.0,0.0,0.0,0.0,0.0,0.0,0.0,0.0,0.0,0.0,0.0,0.0,0.0,0.0,0.0,0.0,0.0,0.0,6.49,0.3,0.0,10.03,88.24,7.08,83.33,0.0,0.0,2.66,100.0,4.72,93.75,5.31,83.33,35.23,34.06,0.0,0.0,0.0,0.0,0.0,0.0,0.0,0.89,66.67,0.0,0.0,0.0,0.0,0.0,0.0,5.02,88.24,9,2.66,23,6.79,1,60.87,7.83,2.31,-1.17,-0.345,0.0,0.59,0.3,,,,0.0,0,0.0
Ju-Ho Park,,Suwon,"LCMF, LDMF, RDMF",39,0,,14,904,0,0.01,0,0.02,15.63,60.51,Korea Republic,Korea Republic,left,175,71,no,9.66,7.27,71.23,2.99,53.33,0.6,0.64,0.0,3.88,4.15,0.9,2,0.2,0,0.0,0.3,0.0,0,0.0,0.0,0,0.0,1,0.1,0.0,0.0,0.0,0.3,33.33,0.1,0.0,0.2,50.0,0.0,0.2,50.0,2.59,53.85,0.3,0.4,0.1,30.46,0.3,1.0,44.9,86.47,13.24,76.69,7.67,94.81,17.62,89.83,40.42,90.15,4.18,54.76,18.24,32.4,0.0,0.2,0.0,0.1,0.2,50.0,0.0,5.67,77.19,1.1,36.36,0.6,16.67,0.4,0.1,5.87,72.88,0,,0,,0,0.0,0.0,0.0,,,0.3,,,0.0,0.0,0.0,0.0,0,0.0
Shin-Jin Kim,Jeju SK,Seoul,"CF, RCMF",25,0,,27,1670,5,4.0,1,0.39,21.56,39.0,Korea Republic,Korea Republic,right,186,82,no,5.82,5.28,61.22,5.93,40.91,0.16,0.21,0.11,2.43,3.22,1.35,4,0.22,0,0.0,1.99,0.27,5,0.27,0.22,1,0.05,34,1.83,35.29,14.706,0.05,0.92,47.06,0.27,80.0,0.65,33.33,0.11,1.46,59.26,6.84,24.41,2.26,0.54,0.22,15.79,0.86,0.81,23.17,82.56,4.74,67.05,7.28,88.89,6.31,88.03,21.93,85.01,0.38,28.57,14.91,10.51,0.02,0.32,0.0,0.0,0.16,33.33,0.16,1.94,75.0,1.08,45.0,0.27,20.0,0.38,0.27,2.16,60.0,0,,0,,0,0.0,0.0,0.0,,,0.05,,,0.11,0.11,100.0,0.0,0,0.0
Tae-Seok Lee,Austria Wien,Seoul,LB,24,0,2029-06-30,30,2379,0,0.17,1,1.32,14.0,51.89,Korea Republic,Korea Republic,left,174,70,no,8.55,5.94,59.24,2.53,43.28,0.57,0.82,0.61,4.46,6.42,1.06,4,0.15,0,0.0,2.23,0.0,0,0.0,0.01,0,0.0,11,0.42,27.27,0.0,0.04,3.37,32.58,3.33,32.95,0.04,0.0,0.11,1.17,67.74,2.84,52.0,0.15,1.48,0.68,40.4,1.4,0.68,52.77,77.49,17.97,63.58,9.27,94.29,17.36,80.39,43.13,86.14,6.62,40.57,20.08,36.38,0.05,0.79,0.08,0.08,0.45,50.0,0.38,7.34,61.34,4.16,41.82,1.25,45.45,0.76,1.1,11.24,67.34,0,,0,,0,0.0,0.0,0.0,,,0.3,,,0.04,0.0,0.0,0.0,0,0.0
Park Jae-Yong,Seoul E-Land,Jeonbuk Motors,CF,26,0,2028-12-31,7,444,2,0.93,0,0.11,27.16,35.07,Korea Republic,Korea Republic,unknown,193,0,no,3.65,3.24,75.0,11.35,42.86,0.2,0.24,0.0,1.01,1.19,0.61,0,0.0,0,0.0,1.01,0.41,2,0.41,0.19,1,0.2,6,1.22,66.67,33.333,0.0,0.2,0.0,0.0,0.0,0.2,0.0,0.0,0.2,100.0,5.88,20.69,3.45,0.0,0.0,7.5,1.62,0.61,12.57,74.19,2.43,50.0,4.66,86.96,3.24,68.75,12.16,75.0,0.2,100.0,13.02,2.28,0.02,0.61,0.0,0.0,0.0,0.0,0.2,1.01,20.0,0.2,0.0,0.0,0.0,0.41,0.0,0.61,33.33,0,,0,,0,0.0,0.0,0.0,,,0.0,,,0.0,0.0,0.0,0.0,0,0.0
Chang-Woo Park,Cheonan City,Jeonbuk Motors,"LB, RB, RWB",23,0,2027-12-31,15,490,0,0.03,0,0.0,16.16,39.77,Korea Republic,Korea Republic,right,178,69,no,8.82,8.63,48.94,1.65,11.11,0.18,0.24,0.18,4.41,5.67,0.92,1,0.18,0,0.0,1.29,0.0,0,0.0,0.01,0,0.0,2,0.37,0.0,0.0,0.0,2.76,13.33,1.29,14.29,1.47,12.5,0.37,1.47,62.5,4.04,40.91,0.18,1.1,0.0,26.27,1.29,0.37,37.47,73.53,14.88,65.43,6.8,97.3,8.63,63.83,29.76,83.33,4.96,48.15,16.91,23.32,0.0,0.0,0.0,0.0,0.18,0.0,0.0,5.33,75.86,3.49,26.32,0.55,33.33,0.37,0.73,9.18,62.0,0,,0,,0,0.0,0.0,0.0,,,0.0,,,0.0,0.0,0.0,0.0,0,0.0
Hwang Jae-Won,Daegu,Daegu,"RB, RWB, RCMF",23,0,2026-12-31,33,3095,1,1.09,3,2.77,18.26,50.16,Korea Republic,Korea Republic,right,180,73,no,8.81,7.27,66.0,1.92,36.36,0.29,0.28,0.2,3.72,3.52,0.81,8,0.23,0,0.0,3.14,0.03,1,0.03,0.03,0,0.0,12,0.35,25.0,8.333,0.09,3.29,46.9,0.09,66.67,3.17,45.87,0.35,3.11,47.66,6.57,38.5,0.61,1.72,0.87,22.42,1.02,0.61,34.49,77.99,10.61,66.03,6.48,94.17,11.43,81.42,26.87,85.61,4.45,54.9,20.18,37.51,0.08,0.81,0.03,0.03,0.09,33.33,0.38,5.55,64.4,2.91,56.0,0.44,46.67,0.41,1.37,7.94,72.89,0,,0,,0,0.0,0.0,0.0,,,0.47,,,0.15,0.0,0.0,0.32,0,0.0
Se-Jin Park,Gimcheon Sangmu,Daegu,"LCMF, RCMF",22,0,2026-10-06,33,1729,1,0.53,1,1.5,19.1,46.32,Korea Republic,Korea Republic,right,171,67,no,8.22,7.29,64.29,0.68,38.46,0.26,0.26,0.1,3.28,3.33,1.04,4,0.21,0,0.0,1.82,0.05,1,0.05,0.03,0,0.0,11,0.57,18.18,9.091,0.05,0.83,37.5,0.36,28.57,0.42,50.0,0.05,1.77,58.82,7.29,33.57,0.99,0.94,0.36,19.42,0.16,0.62,30.87,85.5,9.84,76.19,5.41,89.42,9.27,92.7,28.84,88.27,1.2,52.17,15.27,14.3,0.08,0.73,0.05,0.0,0.52,70.0,0.26,3.44,77.27,1.61,54.84,0.47,66.67,0.73,0.26,4.37,69.05,0,,0,,0,0.0,0.0,0.0,,,0.0,,,0.0,0.0,0.0,0.0,0,0.0
Lucas Barcelos,Tokushima Vortis,Daegu,"LW, LWF",28,0,2027-06-30,31,1927,5,7.33,0,2.99,26.15,41.07,Brazil,Brazil,right,182,82,no,6.21,6.54,62.14,2.24,25.0,0.14,0.13,0.14,2.01,1.9,1.91,3,0.14,0,0.0,4.86,0.23,4,0.19,0.34,0,0.0,63,2.94,41.27,7.937,0.0,1.59,32.35,1.35,34.48,0.23,20.0,0.14,5.98,48.44,13.08,37.5,3.18,3.6,1.87,15.69,1.07,2.06,21.34,72.65,4.95,66.04,5.46,86.32,5.93,69.29,19.1,76.77,0.7,53.33,14.91,8.73,0.14,0.89,0.05,0.05,0.37,62.5,0.47,1.82,61.54,1.59,52.94,0.37,62.5,0.79,0.47,3.64,67.95,0,,0,,0,0.0,0.0,0.0,,,0.05,,,0.0,0.0,0.0,0.05,1,100.0
Keun-Ho Lee,,Daegu,"LW, CF, RW",41,0,,32,987,2,2.66,1,1.17,24.8,34.19,Korea Republic,Korea Republic,right,176,74,no,6.11,5.2,50.88,4.1,28.89,0.46,0.43,0.0,3.01,2.84,1.28,1,0.09,0,0.0,2.92,0.18,2,0.18,0.24,1,0.09,10,0.91,50.0,20.0,0.09,2.46,25.93,1.09,25.0,1.37,26.67,0.18,4.01,45.45,11.49,31.75,2.64,1.64,1.19,15.78,2.28,1.55,24.89,65.93,5.38,61.02,5.84,78.13,6.93,64.47,21.25,71.67,1.19,46.15,15.74,9.01,0.11,1.09,0.09,0.0,0.36,0.0,0.91,1.46,68.75,1.91,47.62,0.55,16.67,0.64,0.82,4.47,51.02,0,,0,,0,0.0,0.0,0.0,,,0.0,,,0.0,0.0,0.0,0.0,0,0.0
Lee Jong-Hun,Changwon City,Daegu,"AMF, CF",24,0,2026-12-31,2,34,0,0.0,0,0.0,,,Korea Republic,Korea Republic,,173,0,no,,,,,,,0.0,,,0.0,,0,,0,,,,0,,,0,,0,,,0.0,,,,,,,,,,,,,,,,,,,,,,,,,,,,,,,19.24,0.0,,,,,,,,,,,,,,,,,,0,,0,,0,0.0,0.0,,,,,,,,,,,0,0.0
K. Suzuki,,Daegu,"LB, LWB, LW",28,0,,26,1332,2,1.19,0,0.91,20.61,45.9,Japan,Japan,left,172,70,no,10.0,8.04,59.66,2.09,25.81,0.47,0.47,0.14,4.73,4.7,0.74,5,0.34,0,0.0,2.36,0.14,2,0.14,0.08,0,0.0,11,0.74,45.45,18.182,0.0,1.35,20.0,1.22,16.67,0.14,50.0,0.14,3.38,50.0,6.96,37.86,0.88,1.15,0.47,13.11,0.54,1.08,23.45,75.5,10.07,69.13,2.97,97.73,5.81,76.74,18.78,84.89,3.31,44.9,17.89,21.79,0.06,0.54,0.0,0.0,0.07,100.0,0.14,3.72,70.91,1.42,47.62,0.34,40.0,0.47,0.27,5.81,68.6,0,,0,,0,0.0,0.0,0.0,,,0.2,,,0.61,0.0,0.0,1.01,0,0.0
Oh Jae-Hyeok,Jeju SK,Jeonbuk Motors,"RCMF, LCMF",24,0,2028-02-02,4,154,0,0.59,0,0.1,22.21,60.53,Korea Republic,Korea Republic,right,170,69,no,14.03,15.78,70.37,0.58,100.0,0.0,0.0,0.0,2.92,3.75,1.75,0,0.0,0,0.0,2.34,0.0,0,0.0,0.35,0,0.0,4,2.34,0.0,0.0,0.0,1.75,100.0,0.58,100.0,1.17,100.0,0.0,1.75,33.33,4.09,14.29,1.17,0.0,0.58,47.34,0.0,0.0,54.94,92.55,8.77,80.0,11.1,100.0,17.53,93.33,51.43,93.18,1.75,66.67,15.69,32.08,0.06,0.58,0.0,0.0,0.0,0.0,0.0,4.09,100.0,2.34,100.0,0.0,0.0,1.17,1.17,4.09,85.71,0,,0,,0,0.0,0.0,0.0,,,0.0,,,0.0,0.0,0.0,0.0,0,0.0
Je-Ho Yu,Gwangju,Suwon Bluewings,"LCMF, RCMF",25,0,,22,1002,1,0.19,0,0.11,18.59,47.34,Korea Republic,Korea Republic,right,178,72,no,8.35,7.72,55.81,2.43,44.44,0.81,1.02,0.09,3.23,4.08,2.34,2,0.18,0,0.0,0.99,0.09,1,0.09,0.02,0,0.0,6,0.54,33.33,16.667,0.0,0.45,0.0,0.18,0.0,0.27,0.0,0.0,1.17,53.85,5.3,40.68,0.54,0.81,0.09,27.22,0.45,1.35,36.92,89.54,7.81,78.16,8.26,96.74,13.92,92.26,33.59,91.98,2.96,72.73,17.81,30.03,0.01,0.18,0.0,0.0,0.27,66.67,0.09,5.21,81.03,1.53,52.94,0.81,55.56,0.99,0.09,4.4,73.47,0,,0,,0,0.0,0.0,0.0,,,0.63,,,0.0,0.0,0.0,0.0,0,0.0
Sang-Min Lee,Suwon Bluewings,Suwon Bluewings,"LW, RWB, RWF",22,0,,22,908,0,0.31,3,1.13,20.62,37.98,Korea Republic,Korea Republic,left,175,73,no,5.75,5.35,53.7,2.97,36.67,0.69,0.87,0.0,2.18,2.73,1.09,2,0.2,0,0.0,2.78,0.0,0,0.0,0.03,0,0.0,4,0.4,0.0,0.0,0.3,2.78,35.71,1.98,35.0,0.79,37.5,0.4,3.37,52.94,8.33,34.52,1.88,2.38,0.89,19.53,1.29,0.5,26.96,77.94,5.85,62.71,9.22,92.47,8.03,75.31,23.29,82.98,1.09,81.82,16.92,16.62,0.11,0.89,0.0,0.0,0.1,0.0,0.69,1.49,86.67,2.28,56.52,0.1,0.0,0.79,0.99,4.26,62.79,0,,0,,0,0.0,0.0,0.0,,,0.2,,,0.0,0.0,0.0,0.0,0,0.0
Ki-Hun Yeom,,Suwon Bluewings,"CF, AMF",43,0,,3,199,0,0.09,0,0.11,33.47,37.84,Korea Republic,Korea Republic,left,182,80,no,4.52,3.62,50.0,7.24,50.0,0.0,0.0,0.0,2.71,3.4,0.0,0,0.0,0,0.0,4.07,0.0,0,0.0,0.04,0,0.0,2,0.9,0.0,0.0,0.0,0.45,100.0,0.45,100.0,0.0,0.0,0.0,3.17,85.71,18.09,35.0,0.9,1.36,0.0,28.04,1.81,1.81,39.35,87.36,8.59,84.21,10.4,86.96,16.28,91.67,37.54,87.95,1.36,66.67,14.3,17.4,0.05,0.9,0.0,0.0,1.36,66.67,0.45,7.24,81.25,0.9,100.0,2.26,80.0,0.9,0.45,7.69,88.24,0,,0,,0,0.0,0.0,0.0,,,0.0,,,0.0,0.0,0.0,0.45,0,0.0
Seung-Beom Son,Hwaseong,Seoul,LW,22,0,,1,44,0,0.0,0,0.0,,,Korea Republic,Korea Republic,,180,66,yes,,,,,,,0.0,,,0.0,,1,,0,,,,0,,,0,,0,,,0.0,,,,,,,,,,,,,,,,,,,,,,,,,,,,,,,14.44,0.0,,,,,,,,,,,,,,,,,,0,,0,,0,0.0,0.0,,,,,,,,,,,0,0.0
Seung-Joon Lee,Saarbrücken,Seoul,"LW, AMF",21,0,,2,62,0,0.0,0,0.0,27.58,26.32,Korea Republic,Korea Republic,right,174,65,no,5.81,0.0,0.0,4.35,0.0,0.0,0.0,0.0,5.81,8.0,0.0,0,0.0,0,0.0,5.81,0.0,0,0.0,0.0,0,0.0,0,0.0,0.0,0.0,0.0,1.45,0.0,0.0,0.0,1.45,0.0,1.45,14.52,40.0,18.87,30.77,1.45,2.9,0.0,21.77,2.9,2.9,26.13,88.89,4.35,100.0,8.71,100.0,10.16,71.43,24.68,94.12,0.0,0.0,15.78,0.0,0.0,0.0,0.0,0.0,0.0,0.0,0.0,0.0,0.0,1.45,100.0,0.0,0.0,0.0,0.0,4.35,100.0,0,,0,,0,0.0,0.0,0.0,,,0.0,,,0.0,0.0,0.0,0.0,0,0.0
Seon-Yu Lee,Siheung Citizen,Daejeon Citizen,"LWF, RWF, RW",25,0,2026-12-31,2,64,0,0.08,0,0.0,33.75,29.17,Korea Republic,Korea Republic,unknown,175,0,yes,5.63,5.63,75.0,1.41,0.0,0.0,0.0,1.41,1.41,3.0,1.41,0,0.0,0,0.0,2.81,0.0,0,0.0,0.12,0,0.0,2,2.81,0.0,0.0,0.0,7.03,20.0,1.41,0.0,5.63,25.0,0.0,12.66,11.11,19.69,14.29,5.63,1.41,0.0,26.72,2.81,0.0,35.16,64.0,9.84,57.14,5.63,75.0,11.25,50.0,26.72,73.68,1.41,100.0,15.2,10.85,0.0,0.0,0.0,0.0,1.41,0.0,0.0,1.41,100.0,4.22,33.33,1.41,0.0,0.0,1.41,4.22,66.67,0,,0,,0,0.0,0.0,0.0,,,0.0,,,0.0,0.0,0.0,0.0,0,0.0
