Player,Team,Team within selected timeframe,Position,Age,Market value,Contract expires,Matches played,Minutes played,Goals,xG,Assists,xA,Duels per 90,"Duels won, %",Birth country,Passport country,Foot,Height,Weight,On loan,Successful defensive actions per 90,Defensive duels per 90,"Defensive duels won, %",Aerial duels per 90,"Aerial duels won, %",Sliding tackles per 90,PAdj Sliding tackles,Shots blocked per 90,Interceptions per 90,PAdj Interceptions,Fouls per 90,Yellow cards,Yellow cards per 90,Red cards,Red cards per 90,Successful attacking actions per 90,Goals per 90,Non-penalty goals,Non-penalty goals per 90,xG per 90,Head goals,Head goals per 90,Shots,Shots per 90,"Shots on target, %","Goal conversion, %",Assists per 90,Crosses per 90,"Accurate crosses, %",Crosses from left flank per 90,"Accurate crosses from left flank, %",Crosses from right flank per 90,"Accurate crosses from right flank, %",Crosses to goalie box per 90,Dribbles per 90,"Successful dribbles, %",Offensive duels per 90,"Offensive duels won, %",Touches in box per 90,Progressive runs per 90,Accelerations per 90,Received passes per 90,Received long passes per 90,Fouls suffered per 90,Passes per 90,"Accurate passes, %",Forward passes per 90,"Accurate forward passes, %",Back passes per 90,"Accurate back passes, %",Lateral passes per 90,"Accurate lateral passes, %",Short / medium passes per 90,"Accurate short / medium passes, %",Long passes per 90,"Accurate long passes, %","Average pass length, m","Average long pass length, m",xA per 90,Shot assists per 90,Second assists per 90,Third assists per 90,Smart passes per 90,"Accurate smart passes, %",Key passes per 90,Passes to final third per 90,"Accurate passes to final third, %",Passes to penalty area per 90,"Accurate passes to penalty area, %",Through passes per 90,"Accurate through passes, %",Deep completions per 90,Deep completed crosses per 90,Progressive passes per 90,"Accurate progressive passes, %",Conceded goals,Conceded goals per 90,Shots against,Shots against per 90,Clean sheets,"Save rate, %",xG against,xG against per 90,Prevented goals,Prevented goals per 90,Back passes received as GK per 90,Exits per 90,Aerial duels per 90.1,Free kicks per 90,Direct free kicks per 90,"Direct free kicks on target, %",Corners per 90,Penalties taken,"Penalty conversion, %"
D. Marczuk,Real Salt Lake,Stal Rzeszów,RB,22,3500000,2027-12-31,18,1342,2,0.5,0,0.93,13.82,50.0,Poland,Poland,both,177,74,no,8.79,5.23,55.13,1.61,45.83,0.07,0.11,0.07,5.83,9.49,0.54,2,0.13,0,0.0,2.28,0.13,2,0.13,0.03,0,0.0,16,1.07,37.5,12.5,0.0,1.68,40.0,0.0,0.0,1.61,41.67,0.2,1.94,58.62,4.96,47.3,1.07,2.21,1.61,29.51,1.74,1.34,46.61,80.0,21.86,71.47,4.02,96.67,15.89,88.19,38.29,87.22,6.77,48.51,23.33,36.89,0.06,0.2,0.0,0.07,0.27,25.0,0.13,7.71,65.22,2.55,44.74,0.47,0.0,0.67,0.67,10.06,70.67,0,,0,,0,0.0,0.0,0.0,,,1.81,,,0.0,0.0,0.0,0.0,0,0.0
A. Bobek,Łódzki KS,Łódzki KS,GK,22,1000000,2026-06-30,24,2314,0,0.01,0,0.0,0.47,75.0,Poland,Poland,right,192,81,no,0.86,0.04,100.0,0.31,87.5,0.0,0.0,0.0,0.82,1.29,0.0,2,0.08,0,0.0,0.0,0.0,0,0.0,0.0,0,0.0,1,0.04,0.0,0.0,0.0,0.0,0.0,0.0,0.0,0.0,0.0,0.0,0.0,0.0,0.04,0.0,0.04,0.0,0.0,10.11,0.19,0.04,14.7,85.45,6.88,72.32,0.0,0.0,7.2,96.76,9.84,95.65,4.82,65.32,30.86,46.84,0.0,0.0,0.0,0.0,0.0,0.0,0.0,0.82,38.1,0.12,0.0,0.04,0.0,0.0,0.0,3.62,61.29,26,1.01,93,3.62,4,72.04,28.37,1.1,2.37,0.092,0.0,1.32,0.31,,,,0.0,0,0.0
R. Yakuba,Zagłębie Lubin,Puszcza Niepołomice,"LCB, LB",24,800000,2027-06-30,18,1662,0,1.56,1,0.78,17.17,56.15,Ukraine,Ukraine,left,191,81,no,9.86,6.44,62.18,6.93,60.16,0.49,0.69,0.6,5.36,7.6,1.41,2,0.11,0,0.0,0.65,0.0,0,0.0,0.08,0,0.0,19,1.03,15.79,0.0,0.05,0.97,33.33,0.92,35.29,0.05,0.0,0.0,0.7,23.08,1.73,28.13,1.84,0.27,0.0,11.26,0.54,0.22,21.28,69.47,10.72,64.14,1.41,92.31,7.36,75.0,14.84,77.37,5.52,53.92,23.8,39.05,0.04,0.32,0.05,0.0,0.05,0.0,0.32,4.17,57.14,1.52,25.0,0.27,0.0,0.22,0.27,5.85,66.67,0,,0,,0,0.0,0.0,0.0,,,0.6,,,0.11,0.05,0.0,0.0,0,0.0
M. Pingot,Łódzki KS,Odra Opole,LCB,23,700000,2028-06-30,11,1071,0,0.25,0,0.01,12.94,46.1,Poland,Poland,left,188,78,yes,6.89,4.71,60.71,4.37,36.54,0.08,0.11,0.5,3.95,5.13,0.92,1,0.08,0,0.0,0.42,0.0,0,0.0,0.02,0,0.0,6,0.5,33.33,0.0,0.0,0.0,0.0,0.0,0.0,0.0,0.0,0.0,0.5,50.0,1.09,30.77,0.25,0.67,0.34,14.2,0.08,0.25,21.93,80.08,10.5,65.6,1.6,94.74,7.9,92.55,16.55,88.32,5.38,54.69,23.39,37.7,0.0,0.08,0.08,0.0,0.0,0.0,0.0,3.36,52.5,0.25,33.33,0.5,0.0,0.08,0.0,5.55,65.15,0,,0,,0,0.0,0.0,0.0,,,0.76,,,0.0,0.0,0.0,0.0,0,0.0
Ángel Rodado,Wisła Kraków,Wisła Kraków,CF,29,700000,2030-06-30,28,2470,8,13.77,2,2.1,23.98,36.47,Spain,Spain,left,179,74,no,4.48,4.08,51.79,4.92,35.56,0.15,0.25,0.0,2.22,3.75,1.06,1,0.04,0,0.0,3.1,0.29,8,0.29,0.5,0,0.0,89,3.24,38.2,8.989,0.07,0.66,22.22,0.33,33.33,0.33,11.11,0.15,2.55,60.0,10.13,34.89,4.85,0.84,0.18,9.91,1.13,0.91,15.16,75.48,2.84,70.51,3.61,85.86,4.19,79.13,13.85,78.42,0.73,70.0,14.98,18.44,0.08,0.77,0.07,0.0,0.51,35.71,0.33,1.24,73.53,0.69,63.16,0.47,30.77,0.73,0.07,1.71,70.21,0,,0,,0,0.0,0.0,0.0,,,0.0,,,0.0,0.0,0.0,0.0,0,0.0
T. Wójtowicz,Lechia Gdańsk,Ruch Chorzów,"RWB, LWB",22,650000,2027-06-30,34,3045,3,2.07,5,5.68,19.89,49.48,Poland,Poland,right,180,73,no,8.07,5.29,60.89,2.63,33.71,0.18,0.28,0.06,4.67,7.34,0.62,4,0.12,0,0.0,4.91,0.09,3,0.09,0.06,0,0.0,23,0.68,43.48,13.043,0.15,4.14,32.86,1.66,32.14,2.45,32.53,0.53,5.38,58.24,9.43,49.53,1.51,1.6,0.47,20.39,2.1,1.18,32.31,66.97,10.26,55.04,5.26,91.01,10.7,68.23,25.12,76.47,3.13,35.85,19.42,31.81,0.17,1.3,0.03,0.06,0.24,50.0,0.65,3.31,58.04,4.73,43.75,0.33,27.27,1.21,1.42,7.89,64.42,0,,0,,0,0.0,0.0,0.0,,,0.62,,,0.41,0.0,0.0,0.56,0,0.0
A. Klimek,Śląsk Wrocław,Odra Opole,"LB, LWB, LAMF",23,650000,2027-06-30,18,699,0,0.34,0,0.35,18.41,47.55,Poland,Poland,both,172,70,yes,8.11,5.67,59.09,1.55,50.0,0.39,0.51,0.39,4.38,5.76,0.39,0,0.0,0,0.0,4.51,0.0,0,0.0,0.04,0,0.0,11,1.42,9.09,0.0,0.0,4.25,24.24,3.73,24.14,0.26,0.0,0.9,5.41,59.52,9.01,42.86,1.8,1.55,0.64,13.91,1.55,0.9,25.49,61.62,7.85,50.82,5.41,88.1,8.88,57.97,18.41,72.03,2.96,47.83,19.69,26.4,0.04,0.52,0.0,0.0,0.13,100.0,0.0,2.32,72.22,3.73,31.03,0.39,33.33,0.52,0.9,4.76,56.76,0,,0,,0,0.0,0.0,0.0,,,0.0,,,0.0,0.0,0.0,0.13,0,0.0
T. Neugebauer,Lechia Gdańsk,Podbeskidzie Bielsko-Biała,"LCMF, RCMF",23,600000,2027-06-30,15,1113,2,0.73,0,1.47,19.08,51.69,Poland,Poland,right,181,75,no,9.14,8.25,59.8,2.59,28.13,0.4,0.66,0.16,3.8,6.21,2.02,5,0.4,0,0.0,1.78,0.16,2,0.16,0.06,0,0.0,16,1.29,18.75,12.5,0.0,1.37,11.76,0.4,0.0,0.97,16.67,0.49,1.78,59.09,5.42,50.75,1.05,0.97,0.49,29.6,0.24,2.26,43.67,82.59,13.67,69.82,5.01,95.16,19.33,90.38,39.06,86.96,3.32,58.54,19.8,41.41,0.12,1.21,0.0,0.0,0.49,66.67,0.16,6.95,76.74,2.43,43.33,0.65,37.5,0.81,0.24,7.28,71.11,0,,0,,0,0.0,0.0,0.0,,,0.32,,,0.16,0.0,0.0,1.94,0,0.0
K. Czubak,Motor Lublin,Arka Gdynia,CF,26,600000,2027-06-30,33,3034,21,18.77,4,2.55,22.57,38.9,Poland,Poland,right,193,86,no,2.79,1.96,53.03,9.14,44.81,0.3,0.47,0.09,1.45,2.31,1.01,6,0.18,0,0.0,2.31,0.62,21,0.62,0.56,3,0.09,93,2.76,51.61,22.581,0.12,0.53,33.33,0.27,55.56,0.21,14.29,0.12,1.22,51.22,6.44,31.34,4.45,0.62,0.12,9.37,1.84,1.07,14.95,67.06,4.18,48.23,3.29,84.68,3.62,69.67,13.85,69.16,0.59,50.0,15.22,17.89,0.08,0.59,0.12,0.09,0.24,37.5,0.42,1.81,45.9,1.13,42.11,0.21,42.86,0.92,0.15,1.28,62.79,0,,0,,0,0.0,0.0,0.0,,,0.0,,,0.0,0.0,0.0,0.0,0,0.0
Tachi,Real Zaragoza,Wisła Kraków,"RCMF, RDMF, LDMF",28,600000,2027-06-30,14,901,1,0.55,1,0.43,24.07,44.81,Spain,Spain,right,184,76,no,10.99,8.29,56.63,5.49,38.18,1.3,2.32,0.2,4.99,8.93,2.6,3,0.3,0,0.0,0.9,0.1,1,0.1,0.06,0,0.0,7,0.7,14.29,14.286,0.1,0.4,25.0,0.1,0.0,0.3,33.33,0.1,1.1,54.55,4.89,42.86,0.7,0.5,0.1,31.27,0.0,1.5,46.95,83.83,15.68,70.06,4.59,97.83,20.88,91.39,41.35,87.2,5.19,61.54,20.69,35.98,0.04,0.6,0.1,0.1,0.4,25.0,0.0,8.39,72.62,1.2,41.67,0.6,16.67,0.4,0.1,6.89,75.36,0,,0,,0,0.0,0.0,0.0,,,0.7,,,0.0,0.0,0.0,0.0,0,0.0
K. Lukoszek,Górnik Zabrze,SKRA Częstochowa,"LWB, LB",24,600000,2028-06-30,26,2293,2,2.75,1,1.87,17.94,47.7,Poland,Poland,left,177,70,no,10.05,6.87,64.57,1.77,28.89,0.16,0.19,0.43,5.46,6.68,1.06,3,0.12,0,0.0,3.02,0.08,2,0.08,0.11,0,0.0,43,1.69,20.93,4.651,0.04,2.43,25.81,2.32,27.12,0.08,0.0,0.35,3.92,49.0,6.67,41.76,1.65,1.18,0.39,18.05,2.04,1.33,26.02,72.25,7.46,51.05,6.67,94.71,6.95,72.32,20.65,83.65,3.06,32.05,18.63,27.74,0.07,0.67,0.0,0.0,0.31,37.5,0.27,2.98,47.37,2.24,42.11,0.43,36.36,0.47,0.59,4.28,60.55,0,,0,,0,0.0,0.0,0.0,,,0.67,,,0.75,0.12,33.33,0.27,0,0.0
N. Tekijaški,Jablonec,Nieciecza,RCB,29,550000,,29,2639,0,1.33,1,2.24,14.46,65.57,Serbia,Serbia,right,186,80,no,10.33,5.05,71.62,5.32,62.18,0.2,0.35,0.51,6.51,11.24,1.23,8,0.27,1,0.03,0.99,0.0,0,0.0,0.05,0,0.0,11,0.38,18.18,0.0,0.03,1.06,38.71,0.17,40.0,0.82,37.5,0.2,0.48,78.57,1.64,64.58,0.89,1.3,0.41,30.25,0.89,1.09,48.33,83.91,18.89,72.2,3.72,91.74,21.55,92.88,40.89,89.99,6.38,52.41,21.04,35.21,0.08,0.38,0.07,0.0,0.27,50.0,0.27,5.29,59.35,1.43,42.86,0.51,26.67,0.34,0.38,8.12,68.49,0,,0,,0,0.0,0.0,0.0,,,2.28,,,0.0,0.0,0.0,0.0,0,0.0
S. Bergier,Widzew Łódź,Katowice,CF,26,450000,2029-06-30,15,842,6,5.32,4,1.38,24.05,31.11,Poland,Poland,right,184,76,no,3.42,1.82,52.94,6.41,28.33,0.21,0.31,0.32,2.24,3.3,1.82,1,0.11,0,0.0,3.53,0.64,5,0.53,0.57,0,0.0,24,2.57,54.17,25.0,0.43,0.96,66.67,0.11,0.0,0.86,75.0,0.11,2.14,60.0,9.94,33.33,4.49,0.43,0.32,6.52,1.28,0.53,12.61,68.64,2.57,54.17,2.78,92.31,3.85,66.67,11.12,70.19,0.53,40.0,17.46,10.43,0.15,1.07,0.11,0.0,0.53,40.0,0.64,1.39,30.77,0.96,77.78,0.53,40.0,0.53,0.53,0.64,66.67,0,,0,,0,0.0,0.0,0.0,,,0.0,,,0.0,0.0,0.0,0.0,2,50.0
M. Mróz,Polonia Warszawa,Resovia Rzeszów,"LCMF, AMF",27,450000,2027-06-30,28,2557,9,5.06,1,4.36,17.11,50.41,Poland,Poland,right,179,74,no,5.98,5.17,63.27,1.06,40.0,0.28,0.39,0.21,2.43,3.39,0.63,4,0.14,0,0.0,3.27,0.32,8,0.28,0.18,0,0.0,48,1.69,37.5,18.75,0.04,0.46,30.77,0.25,28.57,0.21,33.33,0.07,3.94,52.68,8.9,43.87,1.41,1.76,0.6,21.68,0.81,1.37,33.93,84.44,10.77,75.16,6.41,95.05,10.91,88.39,31.22,86.92,2.25,60.94,17.55,32.46,0.15,1.97,0.07,0.04,0.74,57.14,0.32,4.61,77.1,1.65,63.83,0.77,40.91,0.99,0.14,4.61,74.81,0,,0,,0,0.0,0.0,0.0,,,0.07,,,1.2,0.28,37.5,2.85,1,100.0
D. Szczepan,Ruch Chorzów,Ruch Chorzów,CF,31,450000,2027-06-30,32,2944,14,16.79,2,2.78,33.75,35.69,Poland,Poland,right,179,78,no,4.31,4.04,55.3,8.77,33.8,0.24,0.37,0.12,1.83,2.8,2.08,11,0.34,0,0.0,3.88,0.43,10,0.31,0.51,1,0.03,89,2.72,44.94,15.73,0.06,0.7,39.13,0.24,37.5,0.43,35.71,0.15,4.65,46.05,15.19,32.39,4.25,1.25,0.52,11.01,2.32,2.17,17.46,73.38,4.28,60.71,4.16,88.97,3.67,75.0,16.08,75.67,0.67,54.55,13.78,18.36,0.08,0.73,0.12,0.0,0.4,61.54,0.34,1.53,72.0,1.59,57.69,0.34,45.45,1.07,0.31,2.14,70.0,0,,0,,0,0.0,0.0,0.0,,,0.03,,,0.09,0.09,0.0,0.0,5,80.0
W. Hajda,Puszcza Niepołomice,Puszcza Niepołomice,"RDMF, LDMF, RCMF",26,450000,2028-06-30,29,2241,0,0.53,1,1.41,18.27,57.14,Poland,Poland,right,182,75,yes,9.88,8.23,58.54,4.18,56.73,0.52,0.76,0.4,4.54,6.58,2.33,12,0.48,1,0.04,1.2,0.0,0,0.0,0.02,0,0.0,14,0.56,21.43,0.0,0.04,1.29,46.88,0.28,28.57,1.0,52.0,0.16,0.8,60.0,2.73,60.29,0.6,0.44,0.32,9.92,0.2,2.21,20.4,76.77,7.11,67.23,3.73,96.77,6.59,79.88,16.63,82.37,2.57,56.25,18.31,31.18,0.06,0.56,0.0,0.0,0.0,0.0,0.16,3.25,65.43,1.85,56.52,0.24,33.33,0.44,0.64,4.26,72.64,0,,0,,0,0.0,0.0,0.0,,,0.68,,,0.0,0.0,0.0,0.0,0,0.0
Álex Serrano,Turan-T,Górnik Łęczna,"RCMF, RWF",31,425000,2027-06-30,7,590,0,0.18,0,0.18,21.2,43.17,Spain,Spain,left,184,80,no,8.54,7.32,56.25,3.05,65.0,0.31,0.47,0.46,4.12,6.28,1.68,1,0.15,0,0.0,1.68,0.0,0,0.0,0.03,0,0.0,6,0.92,16.67,0.0,0.0,1.53,30.0,0.76,20.0,0.76,40.0,0.0,2.9,31.58,9.0,23.73,0.46,1.22,0.46,29.59,0.46,1.22,39.97,85.88,12.66,74.7,5.03,100.0,16.63,90.83,33.71,90.95,4.73,67.74,19.33,34.37,0.03,0.46,0.0,0.0,0.76,20.0,0.46,5.34,65.71,2.29,26.67,0.61,25.0,0.15,0.46,5.64,86.49,0,,0,,0,0.0,0.0,0.0,,,0.61,,,0.61,0.0,0.0,1.07,0,0.0
A. Vitelli,Sochaux,Podbeskidzie Bielsko-Biała,"RCB, CB",26,400000,2027-06-30,14,1282,0,0.02,0,0.02,13.48,63.54,France,France,right,186,77,no,11.44,7.51,70.09,2.11,43.33,0.14,0.22,0.56,6.04,9.49,0.84,4,0.28,2,0.14,0.77,0.0,0,0.0,0.0,0,0.0,1,0.07,0.0,0.0,0.0,0.14,0.0,0.0,0.0,0.14,0.0,0.0,0.84,83.33,2.04,62.07,0.0,0.84,0.07,38.05,0.56,0.35,56.93,90.38,21.06,80.33,4.84,95.65,25.69,96.99,52.3,94.5,4.49,45.31,20.19,39.96,0.0,0.07,0.0,0.0,0.07,100.0,0.07,6.32,81.11,0.84,16.67,0.28,50.0,0.07,0.0,8.56,72.13,0,,0,,0,0.0,0.0,0.0,,,1.83,,,0.0,0.0,0.0,0.0,0,0.0
B. Wolski,Katowice,Stal Rzeszów,"LDMF, LCMF",29,400000,2029-06-30,34,3042,2,1.52,1,0.85,15.62,52.46,Poland,Poland,right,177,77,no,8.7,5.24,64.97,1.63,47.27,0.47,0.75,0.27,4.82,7.59,0.71,5,0.15,0,0.0,2.1,0.06,2,0.06,0.04,0,0.0,23,0.68,47.83,8.696,0.03,1.07,47.22,0.77,46.15,0.24,37.5,0.06,1.51,70.59,6.24,49.76,0.36,2.4,0.59,27.37,0.33,1.39,43.67,82.25,15.18,69.4,5.56,94.68,16.78,89.42,36.92,86.62,5.74,60.31,19.63,37.93,0.03,0.47,0.03,0.0,0.68,30.43,0.12,7.01,70.04,2.9,48.98,1.07,22.22,0.74,0.5,7.07,76.99,0,,0,,0,0.0,0.0,0.0,,,0.36,,,0.0,0.0,0.0,0.03,0,0.0
P. Pavlyuchenko,Maxline,Nieciecza,GK,28,400000,2027-12-31,1,99,0,0.0,0,0.0,0.0,0.0,Belarus,Belarus,right,194,88,no,1.82,0.0,0.0,0.0,0.0,0.0,0.0,0.0,1.82,3.53,0.0,0,0.0,0,0.0,0.0,0.0,0,0.0,0.0,0,0.0,0,0.0,0.0,0.0,0.0,0.0,0.0,0.0,0.0,0.0,0.0,0.0,0.0,0.0,0.0,0.0,0.0,0.0,0.0,9.09,0.0,0.0,16.36,94.44,8.18,88.89,0.0,0.0,8.18,100.0,10.0,100.0,6.36,85.71,32.2,43.99,0.0,0.0,0.0,0.0,0.0,0.0,0.0,0.91,100.0,0.0,0.0,0.0,0.0,0.0,0.0,4.55,80.0,2,1.82,7,6.36,0,71.43,2.23,2.03,0.23,0.209,0.0,0.91,0.0,,,,0.0,0,0.0
K. Skóra,Zagłębie Sosnowiec,Arka Gdynia,"RAMF, AMF, RW",22,400000,2027-06-30,23,1858,4,4.82,5,4.29,15.79,42.64,Poland,Poland,right,177,74,no,4.94,4.6,52.63,2.08,39.53,0.39,0.62,0.05,2.13,3.43,1.31,5,0.24,0,0.0,2.66,0.19,4,0.19,0.23,2,0.1,37,1.79,48.65,10.811,0.24,1.02,33.33,0.29,33.33,0.73,33.33,0.34,2.37,59.18,6.44,40.6,3.15,0.97,0.24,10.27,1.6,1.65,14.68,66.67,5.38,54.95,3.34,84.06,3.25,61.19,12.5,71.71,1.21,44.0,15.51,21.64,0.21,1.26,0.05,0.0,0.15,33.33,0.53,1.65,64.71,1.45,53.33,0.29,33.33,1.07,0.34,3.0,59.68,0,,0,,0,0.0,0.0,0.0,,,0.05,,,0.63,0.15,33.33,1.99,0,0.0
M. Kozak,Śląsk Wrocław,Górnik Łęczna,"RAMF, RW",29,400000,2027-06-30,15,1410,2,1.57,1,4.1,26.68,44.98,Poland,Poland,left,176,76,no,6.32,7.34,52.17,1.28,20.0,0.13,0.17,0.06,2.36,3.18,1.15,4,0.26,0,0.0,5.36,0.13,2,0.13,0.1,0,0.0,37,2.36,18.92,5.405,0.06,3.64,40.35,0.96,33.33,2.68,42.86,0.32,6.96,47.71,15.0,44.68,1.47,3.45,1.85,17.68,2.04,2.68,29.43,64.43,9.0,57.45,6.51,85.29,8.81,63.77,21.26,73.57,4.6,41.67,20.42,35.66,0.26,1.79,0.06,0.0,0.57,22.22,0.57,4.09,54.69,4.47,48.57,1.53,25.0,0.7,1.34,6.38,72.0,0,,0,,0,0.0,0.0,0.0,,,0.32,,,3.83,0.51,25.0,3.13,0,0.0
O. Repka,Raków Częstochowa,Katowice,"LCMF, RCMF",27,400000,2030-06-30,23,1647,1,0.66,1,0.17,17.1,48.88,Poland,Poland,right,190,88,no,8.03,4.59,59.52,4.7,46.51,0.49,0.68,0.27,4.81,6.62,1.42,5,0.27,2,0.11,1.26,0.05,1,0.05,0.04,0,0.0,8,0.44,37.5,12.5,0.05,0.77,42.86,0.27,60.0,0.44,37.5,0.0,1.26,52.17,4.7,43.02,1.04,0.55,0.05,24.04,0.38,1.09,38.58,83.0,11.42,65.07,4.7,96.51,15.63,91.61,35.08,86.6,2.84,46.15,18.04,27.95,0.01,0.38,0.05,0.05,0.33,33.33,0.22,5.63,69.9,0.98,33.33,0.33,50.0,0.22,0.22,4.86,60.67,0,,0,,0,0.0,0.0,0.0,,,0.05,,,0.0,0.0,0.0,0.0,0,0.0
M. Igonen,Degerfors,Podbeskidzie Bielsko-Biała,GK,29,400000,2027-12-31,29,2840,0,0.0,0,0.0,0.79,80.0,Estonia,Estonia,right,188,78,no,1.43,0.06,50.0,0.51,93.75,0.0,0.0,0.0,1.39,2.12,0.03,2,0.06,0,0.0,0.0,0.0,0,0.0,0.0,0,0.0,0,0.0,0.0,0.0,0.0,0.0,0.0,0.0,0.0,0.0,0.0,0.0,0.0,0.0,0.06,50.0,0.0,0.0,0.0,13.66,0.22,0.03,20.15,87.58,9.44,76.51,0.0,0.0,9.98,97.14,14.48,96.72,5.67,64.25,29.4,42.52,0.0,0.0,0.0,0.0,0.0,0.0,0.0,1.14,38.89,0.16,0.0,0.03,0.0,0.0,0.0,3.71,68.38,37,1.17,125,3.96,8,70.4,39.33,1.25,2.33,0.074,0.0,1.3,0.51,,,,0.0,0,0.0
K. Komar,AEK Larnaca ,Puszcza Niepołomice,GK,22,400000,2027-05-31,27,2643,0,0.0,1,0.02,0.89,96.15,Poland,Poland,left,193,75,no,1.26,0.0,0.0,0.61,94.44,0.0,0.0,0.0,1.26,1.81,0.0,4,0.14,0,0.0,0.0,0.0,0,0.0,0.0,0,0.0,0,0.0,0.0,0.0,0.03,0.0,0.0,0.0,0.0,0.0,0.0,0.0,0.0,0.0,0.14,100.0,0.0,0.0,0.0,7.25,0.1,0.37,13.96,75.61,11.88,73.07,0.0,0.0,1.87,90.91,3.06,91.11,10.9,71.25,46.43,52.27,0.0,0.03,0.0,0.03,0.0,0.0,0.0,4.26,61.6,0.24,28.57,0.1,33.33,0.1,0.0,8.99,84.47,29,0.99,109,3.71,7,73.39,26.6,0.91,-2.4,-0.082,0.0,1.63,0.61,,,,0.0,0,0.0
M. Pięczek,Korona Kielce,Puszcza Niepołomice,"RB, LDMF",25,400000,2028-06-30,31,2760,0,0.64,8,3.35,13.47,53.75,Poland,Poland,left,185,84,no,7.63,5.58,67.84,1.96,48.33,0.1,0.15,0.26,3.75,5.59,0.65,3,0.1,0,0.0,1.11,0.0,0,0.0,0.02,0,0.0,13,0.42,0.0,0.0,0.26,1.27,35.9,0.95,41.38,0.29,22.22,0.16,1.47,44.44,3.72,38.6,0.42,0.65,0.39,8.93,0.75,0.72,20.38,75.36,9.26,69.72,3.2,94.9,5.41,80.72,16.01,81.87,3.23,56.57,20.58,31.02,0.11,1.47,0.07,0.03,0.03,0.0,0.23,3.75,65.22,1.79,65.45,0.16,40.0,0.62,0.42,5.09,72.44,0,,0,,0,0.0,0.0,0.0,,,0.78,,,0.98,0.1,0.0,2.41,0,0.0
J. Serafin,Miedź Legnica,Puszcza Niepołomice,"LDMF, RDMF",30,400000,2028-06-30,34,3391,2,1.23,1,4.28,17.52,59.7,Poland,Poland,right,181,69,no,11.78,7.62,63.41,2.31,59.77,0.74,1.08,0.48,6.21,9.05,1.7,11,0.29,0,0.0,1.7,0.05,2,0.05,0.03,0,0.0,34,0.9,20.59,5.882,0.03,0.98,54.05,0.37,35.71,0.56,66.67,0.05,1.51,63.16,4.7,56.5,0.5,0.61,0.19,13.75,0.24,1.99,26.81,80.79,11.28,71.53,3.8,93.71,8.23,87.74,22.35,86.1,3.53,54.89,19.4,34.82,0.11,1.25,0.05,0.0,0.11,25.0,0.16,5.23,64.47,1.54,56.9,0.16,33.33,0.48,0.48,5.47,71.84,0,,0,,0,0.0,0.0,0.0,,,0.37,,,1.8,0.08,0.0,2.07,0,0.0
K. Palacz,Odra Opole,Sandecja Nowy Sącz,"LB, LWB",22,350000,2028-06-30,10,622,0,0.05,0,0.35,13.46,60.22,Poland,Poland,left,180,65,no,8.54,6.8,70.21,0.58,25.0,0.14,0.18,0.0,3.62,4.44,0.43,1,0.14,0,0.0,3.04,0.0,0,0.0,0.01,0,0.0,2,0.29,0.0,0.0,0.0,3.91,37.04,3.91,37.04,0.0,0.0,0.72,3.04,47.62,4.05,46.43,0.87,0.87,0.29,26.05,0.58,0.43,36.75,74.8,14.61,72.28,4.77,90.91,12.44,73.26,27.78,84.38,5.21,52.78,18.72,27.19,0.05,0.72,0.0,0.0,0.14,100.0,0.29,5.5,57.89,3.76,42.31,0.43,66.67,0.43,1.3,9.41,70.77,0,,0,,0,0.0,0.0,0.0,,,0.29,,,0.29,0.0,0.0,0.0,0,0.0
T. Loska,Górnik Zabrze,Nieciecza,GK,30,350000,2028-06-30,33,3245,0,0.0,0,0.0,1.16,73.81,Poland,Poland,right,190,85,no,1.3,0.11,25.0,0.61,95.45,0.03,0.05,0.0,1.25,2.13,0.0,2,0.06,0,0.0,0.06,0.0,0,0.0,0.0,0,0.0,0,0.0,0.0,0.0,0.0,0.03,100.0,0.03,100.0,0.0,0.0,0.0,0.06,50.0,0.17,83.33,0.0,0.0,0.0,18.92,0.42,0.31,26.02,87.85,15.45,81.15,0.0,0.0,9.73,98.29,15.25,97.82,10.71,73.83,30.93,44.15,0.0,0.0,0.0,0.0,0.0,0.0,0.0,1.28,60.87,0.08,33.33,0.03,0.0,0.0,0.03,8.99,75.62,36,1.0,139,3.86,11,74.1,41.04,1.14,5.04,0.14,0.0,1.86,0.61,,,,0.0,0,0.0
P. Sikora,Ruch Chorzów,Ruch Chorzów,"LCMF, RCMF",26,350000,,28,2383,3,2.3,2,1.2,19.6,54.14,Poland,Poland,right,187,80,no,11.67,7.86,59.13,5.29,54.29,1.1,1.7,0.38,5.93,9.22,1.59,5,0.19,0,0.0,0.94,0.11,3,0.11,0.09,0,0.0,22,0.83,31.82,13.636,0.08,0.26,71.43,0.11,66.67,0.11,100.0,0.04,0.6,50.0,3.02,43.75,1.06,0.83,0.19,22.36,0.45,1.02,38.22,84.78,13.52,73.74,4.27,95.58,15.07,92.23,34.67,87.58,3.32,56.82,18.31,27.99,0.05,0.34,0.04,0.0,0.26,71.43,0.23,6.04,71.25,0.76,70.0,0.23,50.0,0.45,0.15,5.7,73.51,0,,0,,0,0.0,0.0,0.0,,,0.19,,,0.0,0.0,0.0,0.0,0,0.0
K. Karasek,Motor Lublin,Nieciecza,"LW, RAMF, LAMF",24,350000,2028-06-30,29,1884,7,4.08,6,4.31,19.11,48.75,Poland,Poland,right,183,75,no,7.69,6.88,63.19,3.11,38.46,0.33,0.58,0.1,3.01,5.21,1.58,6,0.29,1,0.05,3.25,0.33,7,0.33,0.2,1,0.05,38,1.82,34.21,18.421,0.29,2.29,29.17,0.91,26.32,1.34,28.57,0.38,2.96,61.29,6.02,46.03,2.44,1.43,0.57,15.81,1.24,1.1,24.6,71.07,7.02,59.18,4.87,87.25,7.93,71.08,21.11,76.47,1.19,56.0,17.92,19.04,0.21,1.96,0.1,0.05,0.48,30.0,0.76,2.44,62.75,2.53,41.51,0.53,36.36,0.81,0.72,4.11,58.14,0,,0,,0,0.0,0.0,0.0,,,0.19,,,1.29,0.1,50.0,2.58,0,0.0
G. Rogala,Górnik Łęczna,Katowice,"LWB, LB",30,350000,2028-06-30,32,2958,2,1.74,6,5.29,11.47,43.77,Poland,Poland,left,185,79,no,6.27,4.05,53.38,1.64,40.74,0.15,0.21,0.12,3.96,5.4,0.49,2,0.06,0,0.0,2.98,0.06,2,0.06,0.05,0,0.0,27,0.82,44.44,7.407,0.18,4.75,30.13,4.62,28.95,0.06,50.0,0.67,1.92,57.14,4.11,40.0,1.73,1.34,0.58,21.88,2.22,0.76,29.54,71.47,9.01,64.19,7.0,93.91,8.52,65.71,22.33,82.56,2.71,48.31,20.41,35.15,0.16,0.79,0.0,0.06,0.18,50.0,0.58,3.1,69.61,3.8,43.2,0.37,33.33,0.49,1.46,6.6,71.89,0,,0,,0,0.0,0.0,0.0,,,0.46,,,0.0,0.0,0.0,0.09,0,0.0
M. Walski,Górnik Łęczna,Sandecja Nowy Sącz,"RDMF, RCMF, LDMF",29,350000,2028-06-30,28,2052,4,3.83,0,2.44,13.33,49.67,Poland,Poland,right,169,62,no,8.2,5.92,60.0,1.05,50.0,0.26,0.36,0.31,4.39,6.05,0.83,7,0.31,0,0.0,1.58,0.18,2,0.09,0.17,0,0.0,33,1.45,21.21,12.121,0.0,1.75,25.0,0.83,26.32,0.88,25.0,0.31,1.23,60.71,4.34,39.39,0.75,0.75,0.48,24.43,0.57,0.61,40.48,77.14,15.22,61.96,5.61,92.19,14.56,88.55,31.05,86.16,7.89,52.22,23.01,38.46,0.11,1.14,0.0,0.0,0.18,50.0,0.35,7.19,62.2,2.76,46.03,0.79,44.44,1.1,0.48,9.34,70.89,0,,0,,0,0.0,0.0,0.0,,,1.1,,,1.49,0.18,25.0,1.27,3,66.667
A. Komor,Ruch Chorzów,Resovia Rzeszów,RCB,31,350000,2027-06-30,15,1328,0,1.11,0,0.05,12.47,60.33,Poland,Poland,right,190,82,no,8.4,3.46,64.71,5.35,68.35,0.14,0.19,1.29,6.03,8.27,0.47,3,0.2,2,0.14,0.41,0.0,0,0.0,0.08,0,0.0,11,0.75,18.18,0.0,0.0,0.07,0.0,0.0,0.0,0.07,0.0,0.07,0.47,57.14,1.63,41.67,0.68,0.75,0.41,21.48,0.41,0.2,36.94,84.59,16.88,72.29,2.24,93.94,15.93,95.32,30.29,91.5,6.57,53.61,23.58,42.68,0.0,0.14,0.0,0.0,0.0,0.0,0.0,4.13,68.85,0.27,75.0,0.14,100.0,0.14,0.0,8.2,61.98,0,,0,,0,0.0,0.0,0.0,,,1.56,,,0.07,0.0,0.0,0.0,0,0.0
M. Kałahur,Lechia Gdańsk,Resovia Rzeszów,LB,26,350000,2026-06-30,21,1604,1,1.0,2,1.42,14.36,47.27,Poland,Poland,left,175,70,no,8.75,5.55,57.58,2.08,45.95,0.17,0.23,0.28,5.39,7.4,1.29,2,0.11,0,0.0,2.08,0.06,1,0.06,0.06,0,0.0,10,0.56,40.0,10.0,0.11,2.36,40.48,2.02,38.89,0.28,40.0,0.28,1.68,53.33,4.04,37.5,0.56,0.9,0.5,16.83,1.57,1.29,25.42,76.16,10.77,68.23,4.66,95.18,6.34,74.34,20.37,84.57,2.92,44.23,19.79,31.29,0.08,0.73,0.0,0.0,0.11,0.0,0.34,2.19,58.97,1.91,47.06,0.22,0.0,0.11,0.95,4.94,62.5,0,,0,,0,0.0,0.0,0.0,,,0.28,,,0.0,0.0,0.0,0.28,0,0.0
S. Milewski,Katowice,Arka Gdynia,"RCMF, LDMF, RDMF",28,350000,2029-06-30,31,2472,2,1.35,5,1.69,22.65,46.14,Poland,Poland,right,175,75,no,9.9,8.85,55.97,2.04,28.57,0.15,0.23,0.44,4.81,7.7,2.58,7,0.25,0,0.0,1.67,0.07,2,0.07,0.05,0,0.0,21,0.76,23.81,9.524,0.18,0.44,8.33,0.15,0.0,0.25,14.29,0.07,2.18,51.67,7.86,43.06,0.84,0.76,0.22,24.58,0.4,2.4,39.72,82.4,13.87,71.13,4.59,94.44,15.11,90.6,36.12,86.9,3.17,41.38,17.81,29.16,0.06,0.55,0.04,0.07,0.62,52.94,0.33,7.61,70.33,1.71,53.19,0.8,27.27,1.17,0.04,6.12,70.83,0,,0,,0,0.0,0.0,0.0,,,0.29,,,0.07,0.0,0.0,0.04,0,0.0
A. Haluch,Odra Opole,Odra Opole,GK,30,350000,2027-06-30,20,1960,0,0.0,0,0.0,0.6,92.31,Poland,Poland,right,192,77,no,1.65,0.05,0.0,0.32,100.0,0.05,0.06,0.0,1.61,2.0,0.0,2,0.09,0,0.0,0.05,0.0,0,0.0,0.0,0,0.0,0,0.0,0.0,0.0,0.0,0.0,0.0,0.0,0.0,0.0,0.0,0.0,0.05,100.0,0.09,100.0,0.0,0.0,0.0,5.33,0.14,0.18,11.48,78.4,8.45,71.74,0.0,0.0,2.76,98.33,4.36,98.95,7.07,66.23,38.25,48.99,0.0,0.0,0.0,0.0,0.0,0.0,0.0,2.57,64.29,0.0,0.0,0.05,0.0,0.0,0.0,5.33,86.21,22,1.01,78,3.58,7,71.79,22.37,1.03,0.37,0.017,0.0,1.7,0.32,,,,0.0,0,0.0
D. Tkacz,Górnik Łęczna,Górnik Łęczna,"RW, AMF, RAMF",21,350000,2027-06-30,30,1784,5,2.21,1,1.92,16.9,45.97,Poland,Poland,left,181,67,no,6.51,6.56,56.15,4.19,46.99,0.1,0.13,0.25,2.72,3.63,1.21,1,0.05,0,0.0,1.61,0.25,5,0.25,0.11,4,0.2,27,1.36,33.33,18.519,0.05,0.81,56.25,0.35,42.86,0.45,66.67,0.05,0.91,55.56,3.58,30.99,1.87,0.4,0.2,11.6,1.61,0.76,18.21,72.85,5.6,51.35,4.19,89.16,5.6,81.08,15.34,77.3,2.12,45.24,18.51,21.05,0.1,0.66,0.0,0.05,0.3,66.67,0.15,2.27,64.44,1.51,60.0,0.3,50.0,0.71,0.45,3.58,67.61,0,,0,,0,0.0,0.0,0.0,,,0.15,,,0.35,0.0,0.0,0.3,0,0.0
Luis Fernández,,Wisła Kraków,"AMF, CF",32,350000,,30,2658,20,18.61,6,4.71,20.15,44.71,Spain,Spain,right,175,72,no,4.0,2.67,64.56,1.52,35.56,0.14,0.24,0.07,2.13,3.74,0.61,4,0.14,1,0.03,4.91,0.68,12,0.41,0.63,1,0.03,121,4.1,36.36,16.529,0.2,1.56,34.78,0.85,40.0,0.64,26.32,0.41,3.66,66.67,13.31,44.78,3.49,1.76,0.64,20.42,1.22,3.18,28.07,82.15,5.96,74.43,6.03,91.57,10.7,85.44,24.75,86.32,1.79,64.15,17.83,29.3,0.16,1.52,0.14,0.0,0.64,68.42,0.54,3.12,75.0,2.23,57.58,0.78,60.87,0.95,0.71,3.62,78.5,0,,0,,0,0.0,0.0,0.0,,,0.2,,,1.25,0.58,35.29,2.03,9,88.889
J. Biegański,Pogoń Szczecin,Tychy 71,"RCMF, DMF, LCMF",23,350000,2027-06-30,19,1424,3,0.62,0,0.59,19.85,50.64,Poland,Poland,left,183,80,no,9.67,7.96,56.35,3.86,63.93,0.76,0.96,0.13,4.42,5.59,2.28,3,0.19,0,0.0,1.52,0.19,2,0.13,0.04,0,0.0,27,1.71,14.81,7.407,0.0,0.7,63.64,0.38,66.67,0.32,60.0,0.13,1.39,54.55,5.12,33.33,0.25,1.07,0.19,24.33,0.13,1.07,40.96,84.1,12.83,68.47,5.25,97.59,15.86,89.24,36.03,87.72,4.23,56.72,16.47,31.17,0.04,0.7,0.0,0.0,0.25,25.0,0.25,5.37,72.94,1.96,54.84,0.32,80.0,0.63,0.51,6.13,62.89,0,,0,,0,0.0,0.0,0.0,,,0.06,,,0.13,0.0,0.0,0.25,0,0.0
M. Scalet,Motor Lublin,Podbeskidzie Bielsko-Biała,"DMF, RDMF, LDMF",29,300000,2028-06-30,8,275,0,0.08,0,0.23,18.0,70.91,France,"France, Poland",both,186,75,no,9.49,6.55,70.0,3.93,75.0,0.33,0.43,0.33,4.58,6.09,0.98,0,0.0,0,0.0,2.29,0.0,0,0.0,0.03,0,0.0,2,0.65,50.0,0.0,0.0,0.33,100.0,0.0,0.0,0.33,100.0,0.0,1.31,100.0,6.55,70.0,0.33,0.65,0.0,24.87,0.33,0.98,43.53,84.96,12.44,71.05,4.58,100.0,17.67,90.74,41.24,87.3,1.96,33.33,14.52,13.96,0.07,0.33,0.0,0.0,0.98,33.33,0.33,3.93,58.33,2.29,42.86,1.64,40.0,0.98,0.33,5.24,68.75,0,,0,,0,0.0,0.0,0.0,,,0.33,,,0.65,0.0,0.0,0.0,0,0.0
M. Błachewicz,Tychy 71,Nieciecza,"LB, LAMF",23,300000,2028-06-30,26,1034,2,3.01,1,0.73,15.32,50.0,Poland,Poland,left,186,76,no,9.57,6.18,70.42,3.74,41.86,0.44,0.73,0.17,4.79,8.05,0.78,2,0.17,0,0.0,2.44,0.17,2,0.17,0.26,1,0.09,22,1.91,36.36,9.091,0.09,2.79,37.5,2.44,35.71,0.35,50.0,0.35,1.31,53.33,2.7,25.81,2.79,0.52,0.26,15.58,1.57,0.09,22.28,69.14,7.57,58.62,3.83,90.91,7.31,73.81,17.06,78.57,2.52,41.38,17.87,14.91,0.06,0.52,0.0,0.0,0.09,0.0,0.52,2.09,50.0,2.7,54.84,0.26,0.0,0.44,0.87,5.22,65.0,0,,0,,0,0.0,0.0,0.0,,,0.44,,,0.0,0.0,0.0,0.17,0,0.0
D. Kudła,Katowice,Katowice,GK,34,300000,2029-06-30,29,2825,0,0.0,0,0.0,0.61,84.21,Poland,Poland,right,189,84,no,1.08,0.1,66.67,0.48,86.67,0.0,0.0,0.0,1.02,1.4,0.0,0,0.0,0,0.0,0.0,0.0,0,0.0,0.0,0,0.0,0,0.0,0.0,0.0,0.0,0.0,0.0,0.0,0.0,0.0,0.0,0.0,0.0,0.0,0.03,100.0,0.0,0.0,0.0,7.87,0.13,0.06,13.54,82.59,8.67,75.37,0.0,0.0,4.81,96.03,7.3,97.82,6.24,64.8,35.47,48.43,0.0,0.0,0.0,0.0,0.0,0.0,0.0,1.85,63.79,0.1,33.33,0.16,20.0,0.0,0.0,4.78,74.0,27,0.86,113,3.6,11,76.11,31.29,1.0,4.29,0.137,0.0,1.72,0.48,,,,0.0,0,0.0
M. Marcjanik,Polonia Warszawa,Arka Gdynia,"RCB, CB",31,300000,2028-06-30,28,2647,1,1.69,1,0.49,12.65,59.95,Poland,Poland,right,188,82,no,9.89,5.44,73.75,4.35,48.44,0.24,0.38,0.61,5.64,8.94,1.02,7,0.24,1,0.03,0.24,0.03,1,0.03,0.06,0,0.0,17,0.58,17.65,5.882,0.03,0.07,50.0,0.03,0.0,0.03,100.0,0.0,0.14,50.0,0.58,41.18,0.82,0.58,0.0,26.42,0.17,0.31,42.26,85.2,15.44,67.84,3.23,96.84,20.84,96.08,35.77,90.97,6.43,53.44,22.8,39.39,0.02,0.17,0.0,0.03,0.03,100.0,0.07,4.79,60.99,0.37,36.36,0.27,37.5,0.31,0.03,7.62,63.84,0,,0,,0,0.0,0.0,0.0,,,2.69,,,0.0,0.0,0.0,0.0,0,0.0
K. Zapolnik,Nieciecza,Puszcza Niepołomice,"AMF, CF, LAMF",33,300000,2026-06-30,15,1029,2,3.47,1,0.4,27.2,36.98,Poland,Poland,both,182,77,no,5.69,6.65,39.47,10.58,44.63,0.44,0.62,0.17,2.62,3.72,2.97,5,0.44,0,0.0,1.66,0.17,2,0.17,0.3,1,0.09,19,1.66,26.32,10.526,0.09,0.26,100.0,0.09,100.0,0.17,100.0,0.0,1.22,64.29,5.6,23.44,3.24,0.44,0.17,10.32,1.49,0.79,20.03,67.69,7.08,51.85,3.15,88.89,5.95,69.12,18.72,69.63,1.05,25.0,14.83,16.12,0.03,0.7,0.0,0.0,0.44,40.0,0.26,2.8,40.63,1.4,62.5,0.79,33.33,0.96,0.26,2.97,70.59,0,,0,,0,0.0,0.0,0.0,,,0.0,,,0.0,0.0,0.0,0.0,0,0.0
M. Fornalczyk,Widzew Łódź,Nieciecza,"LAMF, LW, RW",23,300000,2029-06-30,14,579,0,1.03,1,1.31,23.47,50.33,Poland,Poland,right,172,68,no,3.73,5.44,51.43,1.4,66.67,0.0,0.0,0.16,0.93,1.88,1.24,2,0.31,1,0.16,7.46,0.0,0,0.0,0.16,0,0.0,18,2.8,16.67,0.0,0.16,4.82,29.03,2.33,46.67,2.49,12.5,1.09,9.48,57.38,15.23,48.98,4.66,4.51,3.11,13.83,0.78,1.87,20.21,67.69,4.2,55.56,4.97,90.63,7.62,57.14,14.15,80.22,1.55,70.0,19.52,22.64,0.2,1.71,0.0,0.0,0.16,100.0,0.62,1.24,75.0,3.58,47.83,0.16,100.0,1.09,1.55,3.26,85.71,0,,0,,0,0.0,0.0,0.0,,,0.16,,,0.31,0.0,0.0,1.4,0,0.0
A. Radwański,Zagłębie Lubin,Nieciecza,"LB, RAMF, AMF",28,300000,2026-06-30,33,2904,7,7.16,6,6.01,20.92,46.81,Poland,Poland,right,170,63,no,7.25,5.58,57.78,2.54,43.9,0.37,0.63,0.03,3.66,6.24,1.39,6,0.19,0,0.0,4.99,0.22,6,0.19,0.22,1,0.03,78,2.42,30.77,8.974,0.19,3.29,45.28,1.64,41.51,1.61,48.08,0.68,4.4,52.11,9.79,42.72,2.54,3.19,1.12,26.78,1.46,1.74,38.74,75.44,13.79,65.62,6.04,95.38,13.02,76.67,30.12,81.79,5.49,58.76,20.24,37.75,0.19,1.61,0.06,0.03,1.05,44.12,0.68,6.2,64.0,5.08,54.88,1.43,30.43,1.52,1.49,8.77,81.27,0,,0,,0,0.0,0.0,0.0,,,0.93,,,0.77,0.06,50.0,1.08,1,100.0
M. Ambrosiewicz,Nieciecza,Nieciecza,"LDMF, LCMF, RDMF",27,300000,2027-06-30,31,2721,3,3.21,4,1.51,15.55,51.7,Poland,Poland,right,184,75,no,8.8,5.95,63.33,3.54,50.47,0.43,0.73,0.23,4.6,7.79,1.55,10,0.33,0,0.0,1.55,0.1,3,0.1,0.11,1,0.03,31,1.03,16.13,9.677,0.13,1.09,54.55,0.3,33.33,0.69,61.9,0.13,0.93,53.57,3.61,41.28,1.29,1.03,0.17,30.1,0.43,1.19,42.57,86.79,14.69,77.25,5.76,94.83,16.87,93.14,37.48,90.47,4.0,61.16,20.04,35.32,0.05,0.56,0.03,0.0,0.4,75.0,0.3,7.05,76.53,1.62,63.27,0.6,61.11,0.76,0.6,8.0,77.27,0,,0,,0,0.0,0.0,0.0,,,0.79,,,0.0,0.0,0.0,0.0,0,0.0
R. Hoogenhout,,Resovia Rzeszów,LCB,27,300000,,25,2298,1,1.25,0,0.21,10.14,51.74,Netherlands,Netherlands,right,190,86,no,7.44,4.15,59.43,3.05,50.0,0.35,0.48,0.78,4.62,6.25,0.7,6,0.23,1,0.04,0.23,0.04,1,0.04,0.05,0,0.0,10,0.39,20.0,10.0,0.0,0.43,18.18,0.23,33.33,0.2,0.0,0.04,0.16,50.0,1.02,26.92,0.43,0.63,0.59,24.13,0.2,0.27,38.69,83.0,17.94,72.49,1.61,95.12,17.78,93.17,30.55,91.54,7.75,52.53,26.24,45.55,0.01,0.16,0.04,0.0,0.08,0.0,0.08,5.76,61.22,1.06,25.93,0.43,9.09,0.2,0.12,8.26,66.35,0,,0,,0,0.0,0.0,0.0,,,1.21,,,0.0,0.0,0.0,0.0,0,0.0
F. Borowski,Piast Gliwice,Zagłębie Sosnowiec,"RB, RWB",22,300000,2027-06-30,30,2142,0,0.4,5,1.86,19.16,45.83,Poland,Poland,right,181,68,no,9.03,7.98,61.05,2.73,21.54,0.17,0.24,0.13,3.99,5.77,1.05,3,0.13,1,0.04,2.02,0.0,0,0.0,0.02,0,0.0,14,0.59,14.29,0.0,0.21,2.06,26.53,0.0,0.0,2.06,26.53,0.42,2.14,62.75,5.29,39.68,0.5,1.13,0.38,17.94,1.22,0.84,29.5,71.51,11.26,57.46,5.21,94.35,8.24,78.06,23.32,81.8,4.24,35.64,18.77,29.29,0.08,0.67,0.0,0.0,0.13,33.33,0.34,4.54,61.11,2.52,43.33,0.17,0.0,0.67,0.5,6.09,60.0,0,,0,,0,0.0,0.0,0.0,,,0.84,,,0.0,0.0,0.0,0.0,0,0.0
W. Kamiński,Korona Kielce,Odra Opole,"RDMF, RCMF, LDMF",25,300000,2027-06-30,16,1475,1,0.32,0,0.99,16.84,54.71,Poland,Poland,right,186,85,no,10.49,7.99,63.36,3.05,56.0,1.1,1.35,0.37,4.33,5.32,1.95,3,0.18,0,0.0,1.04,0.06,1,0.06,0.02,0,0.0,13,0.79,15.38,7.692,0.0,0.31,20.0,0.12,0.0,0.12,50.0,0.06,1.34,59.09,3.36,43.64,0.49,0.43,0.06,14.22,0.06,0.61,24.65,79.46,9.34,69.93,2.38,92.31,8.42,86.96,22.39,82.29,1.95,56.25,17.03,31.19,0.06,0.18,0.0,0.0,0.06,100.0,0.12,3.6,69.49,0.67,27.27,0.24,75.0,0.24,0.06,3.54,67.24,0,,0,,0,0.0,0.0,0.0,,,0.06,,,0.0,0.0,0.0,0.0,0,0.0
Borja Galán,Katowice,Odra Opole,"LAMF, CF, AMF",33,300000,2028-06-30,13,1238,4,2.62,2,2.08,31.77,49.66,Spain,Spain,right,182,76,no,6.62,5.89,58.02,5.53,47.37,0.29,0.37,0.07,2.91,3.68,0.95,3,0.22,1,0.07,6.03,0.29,4,0.29,0.19,1,0.07,30,2.18,36.67,13.333,0.15,1.89,23.08,1.24,23.53,0.65,22.22,0.51,7.63,54.29,17.37,48.12,2.11,2.84,1.16,14.25,2.25,3.63,22.97,69.94,7.42,62.75,4.8,86.36,6.47,69.66,19.77,75.74,1.31,50.0,17.6,22.5,0.15,1.38,0.22,0.0,0.95,69.23,0.44,2.84,58.97,2.33,43.75,0.65,44.44,0.58,0.44,2.76,81.58,0,,0,,0,0.0,0.0,0.0,,,0.07,,,3.34,0.51,42.86,2.62,0,0.0
P. Stolc,Olimpia Grudziądz,Arka Gdynia,"LB, RB, LCB",31,300000,2026-06-30,29,2136,1,2.8,1,0.98,18.46,53.65,Poland,Poland,right,186,76,no,9.73,8.13,62.18,3.24,54.55,0.17,0.26,0.42,4.51,7.07,1.47,6,0.25,0,0.0,1.22,0.04,1,0.04,0.12,0,0.0,16,0.67,12.5,6.25,0.04,1.43,38.24,0.63,13.33,0.8,57.89,0.21,0.97,43.48,3.62,39.53,1.47,0.84,0.29,23.89,0.67,0.84,36.83,78.38,15.76,66.58,4.47,93.4,11.76,87.81,30.84,84.84,4.59,47.71,18.55,32.15,0.04,0.46,0.04,0.08,0.17,100.0,0.21,4.8,68.42,1.52,55.56,0.25,66.67,0.67,0.38,7.88,65.78,0,,0,,0,0.0,0.0,0.0,,,0.97,,,0.0,0.0,0.0,0.0,0,0.0
H. Adamczyk,Pogoń Grod. Mazowiecki,Arka Gdynia,"AMF, RAMF",28,300000,2026-06-30,29,2088,7,9.71,1,5.83,13.23,47.23,Poland,Poland,right,174,71,no,3.15,2.8,60.0,0.39,11.11,0.09,0.14,0.17,1.38,2.2,0.6,4,0.17,0,0.0,6.21,0.3,3,0.13,0.42,0,0.0,48,2.07,41.67,14.583,0.04,3.88,41.11,1.25,55.17,2.54,35.59,0.86,5.0,60.34,8.19,46.84,4.91,2.59,0.78,22.8,0.91,0.3,33.06,79.27,11.16,74.9,6.34,95.24,9.18,79.34,27.8,86.05,1.42,51.52,17.39,25.05,0.25,1.9,0.09,0.0,1.16,62.96,0.78,4.18,68.04,4.48,62.5,0.69,62.5,2.33,1.55,5.52,85.94,0,,0,,0,0.0,0.0,0.0,,,0.17,,,0.26,0.04,100.0,1.25,5,80.0
D. Gojny,Arka Gdynia,Arka Gdynia,"LB, LWB",31,300000,2028-06-30,31,2966,1,1.53,1,8.13,18.27,61.46,Poland,Poland,left,178,76,no,8.34,5.7,66.49,3.76,65.32,0.27,0.43,0.18,4.28,6.8,0.7,4,0.12,0,0.0,3.34,0.03,1,0.03,0.05,0,0.0,31,0.94,16.13,3.226,0.03,3.91,28.68,3.46,26.32,0.42,50.0,0.49,2.94,63.92,6.58,55.3,1.27,1.18,0.46,21.27,0.91,2.03,32.95,71.92,12.44,59.51,6.01,96.97,9.5,73.16,24.34,82.92,4.89,50.31,21.1,37.32,0.25,2.09,0.06,0.09,0.36,50.0,0.61,4.61,57.89,3.76,47.58,0.73,41.67,0.85,1.18,7.53,71.37,0,,0,,0,0.0,0.0,0.0,,,0.58,,,1.4,0.09,33.33,2.73,0,0.0
M. Spychała,Odra Opole,Odra Opole,"RB, RWB",28,300000,2027-06-30,27,2392,0,0.26,2,1.9,15.65,57.69,Poland,Poland,right,169,63,no,8.43,6.7,64.04,2.07,50.91,0.41,0.54,0.19,3.72,4.85,1.24,8,0.3,0,0.0,2.07,0.0,0,0.0,0.01,0,0.0,4,0.15,0.0,0.0,0.08,1.84,26.53,0.04,100.0,1.81,25.0,0.3,1.96,69.23,4.21,61.61,0.87,1.47,0.83,22.27,0.94,1.84,31.08,74.21,13.62,63.54,5.12,92.65,6.4,79.41,24.8,83.76,4.44,40.68,19.01,29.41,0.07,0.49,0.04,0.0,0.23,100.0,0.26,5.49,64.38,1.51,50.0,0.34,33.33,0.49,0.53,6.77,63.89,0,,0,,0,0.0,0.0,0.0,,,0.38,,,0.0,0.0,0.0,0.0,0,0.0
J. Szrek,Odra Opole,Odra Opole,"LB, RB, LWB",28,300000,2027-06-30,25,1664,1,1.3,3,1.29,14.22,55.89,Poland,Poland,right,177,66,no,8.49,5.79,69.16,2.6,52.08,0.27,0.37,0.43,4.22,5.78,0.54,4,0.22,1,0.05,1.84,0.05,1,0.05,0.07,0,0.0,12,0.65,50.0,8.333,0.16,1.95,33.33,0.97,33.33,0.97,33.33,0.27,1.73,40.63,3.41,38.1,1.35,1.19,0.76,17.69,1.46,1.3,27.53,74.26,10.44,64.77,4.65,95.35,8.28,76.47,22.82,81.52,2.92,44.44,18.22,27.05,0.07,0.65,0.11,0.05,0.22,75.0,0.38,3.46,62.5,2.33,48.84,0.27,40.0,0.7,0.65,5.35,56.57,0,,0,,0,0.0,0.0,0.0,,,0.59,,,0.05,0.0,0.0,0.0,0,0.0
D. Szot,Zagłębie Sosnowiec,Wisła Kraków,"LB, RB, LCB",25,300000,2027-06-30,13,710,3,0.93,1,0.85,16.35,51.94,Poland,Poland,right,183,75,no,11.03,8.75,50.72,3.42,51.85,1.01,1.66,0.51,5.58,9.1,0.89,3,0.38,0,0.0,1.77,0.38,3,0.38,0.12,1,0.13,6,0.76,66.67,50.0,0.13,0.76,16.67,0.25,50.0,0.51,0.0,0.0,1.14,88.89,2.03,62.5,1.01,1.65,0.13,29.54,1.01,0.51,40.31,85.22,19.9,79.62,5.83,95.65,10.52,93.98,36.76,88.28,2.92,60.87,18.94,26.48,0.11,0.38,0.0,0.0,0.25,50.0,0.38,5.2,70.73,1.39,36.36,0.76,50.0,0.38,0.13,6.72,75.47,0,,0,,0,0.0,0.0,0.0,,,0.89,,,0.0,0.0,0.0,0.0,0,0.0
S. Cissé,Polonia Warszawa,Górnik Łęczna,"LCB, RCB",27,300000,2026-06-30,20,1790,1,0.69,0,0.0,14.93,58.25,Senegal,Senegal,right,190,80,no,9.3,4.63,77.17,5.83,43.1,0.2,0.26,0.55,5.53,7.28,1.01,4,0.2,0,0.0,0.4,0.05,1,0.05,0.03,1,0.05,6,0.3,16.67,16.667,0.0,0.0,0.0,0.0,0.0,0.0,0.0,0.0,0.35,100.0,1.36,51.85,0.8,0.4,0.1,27.1,0.15,0.65,42.03,86.96,16.94,77.74,2.97,94.92,18.4,96.17,37.41,91.26,4.63,52.17,20.88,33.12,0.0,0.0,0.05,0.0,0.0,0.0,0.0,5.28,74.29,0.3,16.67,0.25,40.0,0.25,0.0,7.44,70.95,0,,0,,0,0.0,0.0,0.0,,,2.21,,,0.0,0.0,0.0,0.0,0,0.0
J. Colley,Wisła Kraków,Wisła Kraków,"LCB, RCB",27,300000,2026-06-30,16,1377,0,0.1,0,0.0,12.22,57.22,Gambia,"Gambia, Sweden",right,187,87,no,8.5,4.97,69.74,2.88,47.73,0.72,1.19,0.39,4.31,7.15,0.65,3,0.2,0,0.0,0.46,0.0,0,0.0,0.01,0,0.0,1,0.07,100.0,0.0,0.0,0.07,0.0,0.0,0.0,0.07,0.0,0.0,0.39,100.0,2.09,59.38,0.39,0.46,0.0,24.18,0.33,1.11,34.44,91.46,12.03,84.24,1.96,93.33,17.91,96.35,32.09,94.5,2.29,51.43,20.6,26.65,0.0,0.07,0.0,0.0,0.0,0.0,0.0,1.76,74.07,0.13,50.0,0.0,0.0,0.07,0.0,4.31,62.12,0,,0,,0,0.0,0.0,0.0,,,1.5,,,0.0,0.0,0.0,0.0,0,0.0
E. Kryeziu,Górnik Łęczna,Górnik Łęczna,"LCMF, LDMF",26,300000,2026-06-30,32,2982,4,3.04,0,0.24,10.93,50.55,Slovenia,Slovenia,right,180,70,no,6.85,3.59,55.46,2.38,53.16,0.33,0.46,0.24,4.53,6.34,0.6,8,0.24,1,0.03,0.88,0.12,4,0.12,0.09,0,0.0,32,0.97,21.88,12.5,0.0,0.09,33.33,0.0,0.0,0.09,33.33,0.0,0.85,64.29,3.47,46.09,0.78,0.57,0.33,24.63,0.18,1.03,40.17,88.58,9.87,75.54,5.16,92.98,19.71,94.64,37.09,91.54,2.99,53.54,19.9,42.23,0.01,0.27,0.03,0.0,0.24,37.5,0.03,5.16,72.51,0.66,36.36,0.27,22.22,0.21,0.03,4.23,60.71,0,,0,,0,0.0,0.0,0.0,,,0.48,,,0.0,0.0,0.0,0.0,0,0.0
S. Krykun,Łódzki KS,Górnik Łęczna,"LAMF, LW, RWB",29,300000,2027-06-30,33,2963,7,6.39,3,3.13,20.29,44.46,Ukraine,"Ukraine, Poland",right,175,70,no,5.74,4.5,60.81,1.31,20.93,0.15,0.21,0.3,2.86,3.94,1.21,0,0.0,0,0.0,4.95,0.21,7,0.21,0.19,2,0.06,74,2.25,32.43,9.459,0.09,3.07,33.66,1.94,29.69,1.03,41.18,0.33,6.32,48.56,11.91,40.82,3.64,3.46,1.49,15.55,1.4,1.28,23.08,73.16,7.02,66.23,5.19,92.4,6.53,69.77,18.29,81.56,1.88,53.23,18.31,29.58,0.1,0.76,0.0,0.03,0.18,66.67,0.36,2.55,75.0,2.52,51.81,0.24,50.0,0.97,0.88,4.5,68.24,0,,0,,0,0.0,0.0,0.0,,,0.46,,,0.0,0.0,0.0,0.03,0,0.0
J. Igbekeme,Wisła Kraków,Wisła Kraków,"LDMF, LCMF, RDMF",30,300000,2027-06-30,14,916,1,1.1,1,0.38,22.4,49.12,Nigeria,Nigeria,left,170,66,no,8.45,7.07,61.11,2.85,20.69,0.1,0.18,0.0,4.03,7.41,1.47,1,0.1,0,0.0,3.44,0.1,1,0.1,0.11,0,0.0,20,1.97,20.0,5.0,0.1,0.69,28.57,0.39,50.0,0.29,0.0,0.2,3.64,64.86,7.96,51.85,1.08,1.47,0.59,32.91,0.39,2.36,48.93,86.35,16.51,78.57,6.19,92.06,19.75,92.04,44.51,89.18,3.83,61.54,17.44,29.52,0.04,0.29,0.29,0.0,1.08,45.45,0.29,8.55,81.61,1.67,47.06,1.47,46.67,0.49,0.2,8.35,83.53,0,,0,,0,0.0,0.0,0.0,,,0.49,,,0.0,0.0,0.0,0.0,0,0.0
M. Wasielewski,Katowice,Katowice,"RWB, RB",31,300000,2028-06-30,33,3028,0,0.77,1,2.75,16.23,52.01,Poland,Poland,right,172,73,no,7.28,4.79,60.87,1.13,50.0,0.24,0.33,0.15,4.13,5.68,0.98,6,0.18,0,0.0,3.75,0.0,0,0.0,0.02,0,0.0,13,0.39,7.69,0.0,0.03,3.8,36.72,0.39,30.77,3.42,37.39,0.42,3.63,60.66,7.85,48.86,1.43,1.19,0.54,22.59,1.37,2.02,32.25,74.93,9.57,58.07,7.49,94.05,10.82,77.75,25.06,84.93,3.6,43.8,20.11,34.23,0.08,1.07,0.06,0.03,0.24,50.0,0.39,3.51,56.78,3.39,45.61,0.3,20.0,0.36,1.31,6.36,71.03,0,,0,,0,0.0,0.0,0.0,,,0.48,,,0.03,0.0,0.0,0.03,0,0.0
W. Biedrzycki,Wisła Kraków,Nieciecza,"LCB, RCB",28,300000,2027-06-30,31,2957,7,5.54,3,1.34,15.92,63.86,Poland,Poland,right,192,74,no,10.65,4.87,64.38,6.57,66.2,0.73,1.21,0.52,6.79,11.28,1.49,13,0.4,0,0.0,1.1,0.21,3,0.09,0.17,2,0.06,24,0.73,62.5,29.167,0.09,0.4,38.46,0.06,50.0,0.33,36.36,0.06,0.79,50.0,2.22,57.53,0.79,0.97,0.12,29.4,0.37,1.46,47.69,84.3,21.97,74.52,2.34,93.51,20.33,94.31,38.78,91.29,8.52,54.64,23.81,39.48,0.04,0.27,0.0,0.0,0.12,75.0,0.21,8.1,64.66,1.03,50.0,0.52,47.06,0.61,0.15,10.17,71.86,0,,0,,0,0.0,0.0,0.0,,,1.7,,,0.03,0.03,100.0,0.0,4,100.0
A. Siemaszko,Olimpia Grudziądz,Puszcza Niepołomice,"RAMF, LAMF, CF",29,300000,2027-06-30,28,1498,4,2.92,0,2.39,22.35,40.86,Poland,Poland,right,181,74,no,5.65,5.71,62.11,3.97,37.88,0.06,0.09,0.0,2.04,3.11,1.32,3,0.18,0,0.0,3.06,0.24,4,0.24,0.18,1,0.06,27,1.62,44.44,14.815,0.0,2.22,29.73,0.72,41.67,1.38,21.74,0.18,3.91,41.54,8.23,34.31,2.82,1.08,0.72,8.95,1.38,1.26,15.68,58.24,5.23,48.28,2.64,84.09,4.57,64.47,11.84,65.48,1.74,41.38,19.18,17.28,0.14,0.72,0.18,0.0,0.06,100.0,0.36,1.98,57.58,1.8,36.67,0.18,66.67,0.72,0.66,3.24,59.26,0,,0,,0,0.0,0.0,0.0,,,0.18,,,0.0,0.0,0.0,0.0,0,0.0
K. Wołkowicz,Polonia Bytom,Tychy 71,"LWB, LB",31,300000,2027-06-30,31,2981,8,7.15,6,7.97,15.13,52.1,Poland,Poland,left,180,72,no,8.12,6.13,58.13,3.26,52.78,0.42,0.56,0.12,4.14,5.44,1.54,11,0.33,0,0.0,3.65,0.24,2,0.06,0.22,1,0.03,45,1.36,42.22,17.778,0.18,4.92,36.81,4.53,35.33,0.36,58.33,0.66,1.93,59.38,3.65,47.11,1.06,1.51,0.63,22.31,2.69,0.72,33.57,68.88,11.9,61.93,5.95,92.89,10.99,64.56,23.61,79.8,5.4,46.93,21.13,34.96,0.24,1.9,0.12,0.03,0.18,66.67,0.54,4.86,66.46,4.59,42.76,0.24,62.5,0.51,2.08,9.0,69.13,0,,0,,0,0.0,0.0,0.0,,,0.3,,,2.39,0.33,18.18,3.62,7,85.714
S. Szymański,Ruch Chorzów,SKRA Częstochowa,"RCB, LCB, CB",30,300000,2027-06-30,28,2658,2,1.28,1,1.91,17.51,58.03,Poland,Poland,right,185,80,no,9.75,5.55,67.07,5.35,61.39,0.3,0.38,0.41,5.72,7.09,1.15,10,0.34,1,0.03,1.22,0.07,2,0.07,0.04,1,0.03,26,0.88,23.08,7.692,0.03,0.91,37.04,0.41,33.33,0.51,40.0,0.03,1.02,56.67,3.15,53.76,0.91,0.88,0.17,30.17,0.44,1.29,46.96,82.12,17.88,67.23,3.52,93.27,20.01,92.55,38.3,90.36,7.86,46.12,21.45,39.12,0.06,0.51,0.0,0.0,0.1,100.0,0.2,6.5,58.85,1.52,44.44,0.61,27.78,0.58,0.3,9.31,63.27,0,,0,,0,0.0,0.0,0.0,,,1.22,,,0.1,0.1,33.33,0.0,0,0.0
A. Jędrych,Katowice,Katowice,CB,34,300000,2028-06-30,33,3206,6,6.58,1,1.1,14.32,60.0,Poland,Poland,right,193,90,no,8.67,4.44,68.35,6.01,61.21,0.11,0.16,0.79,5.53,7.68,0.81,4,0.11,0,0.0,0.45,0.17,2,0.06,0.18,2,0.06,28,0.79,42.86,21.429,0.03,0.03,0.0,0.03,0.0,0.0,0.0,0.0,0.11,100.0,0.84,46.67,1.29,0.67,0.03,24.59,0.2,0.51,42.16,87.02,14.43,72.37,1.66,91.53,22.77,96.55,38.23,91.26,3.9,46.04,21.52,37.56,0.03,0.17,0.0,0.0,0.0,0.0,0.03,3.85,64.96,0.2,71.43,0.17,16.67,0.31,0.0,6.23,69.82,0,,0,,0,0.0,0.0,0.0,,,1.18,,,0.0,0.0,0.0,0.0,5,80.0
A. Kadlec,Nitra,Nieciecza,"RB, RWB",30,275000,,28,2320,1,1.16,2,2.5,16.06,49.52,Slovakia,Slovakia,right,177,77,no,9.08,8.15,55.71,2.99,49.35,0.27,0.45,0.27,4.27,7.02,1.78,9,0.35,0,0.0,1.55,0.04,1,0.04,0.05,0,0.0,15,0.58,20.0,6.667,0.08,2.79,41.67,0.19,60.0,2.6,40.3,0.27,0.78,35.0,2.48,35.94,1.67,1.13,0.39,21.84,2.21,1.01,31.07,73.91,11.44,64.07,5.74,95.27,8.84,75.88,24.87,80.66,3.57,53.26,18.6,33.01,0.1,0.81,0.08,0.0,0.08,0.0,0.47,3.76,63.92,2.79,48.61,0.23,0.0,0.54,0.93,6.79,74.29,0,,0,,0,0.0,0.0,0.0,,,0.5,,,0.0,0.0,0.0,0.0,0,0.0
S. Lewkot,Chrobry Głogów,Górnik Łęczna,"RCMF, RDMF, LDMF",27,250000,2028-06-30,22,1226,0,0.99,0,0.37,22.83,54.66,Poland,Poland,right,187,85,no,12.7,8.3,68.14,5.58,59.21,0.81,1.09,0.81,6.24,8.42,1.54,4,0.29,0,0.0,1.1,0.0,0,0.0,0.07,0,0.0,12,0.88,41.67,0.0,0.0,0.51,14.29,0.15,50.0,0.37,0.0,0.07,1.32,50.0,5.95,40.74,0.95,0.66,0.22,21.88,0.29,1.91,38.54,79.05,12.85,64.0,6.24,89.41,15.42,87.62,33.62,83.19,4.48,54.1,18.81,28.42,0.03,0.37,0.07,0.0,0.07,0.0,0.0,4.85,65.15,1.1,46.67,0.59,25.0,0.51,0.07,6.83,55.91,0,,0,,0,0.0,0.0,0.0,,,1.03,,,0.0,0.0,0.0,0.0,0,0.0
D. Olejarka,Wisła Kraków,Stal Rzeszów,"AMF, CF, RCMF",24,250000,,34,2100,5,6.67,2,2.01,16.67,38.56,Poland,Poland,right,180,74,no,3.21,3.0,52.86,1.93,33.33,0.09,0.14,0.21,1.54,2.53,1.03,3,0.13,0,0.0,3.34,0.21,5,0.21,0.29,0,0.0,51,2.19,31.37,9.804,0.09,2.31,14.81,0.21,40.0,2.1,12.24,0.17,3.13,58.9,8.7,39.9,3.51,1.76,0.94,17.57,1.76,1.24,23.74,69.31,7.93,69.19,3.56,86.75,7.59,59.32,20.19,77.49,1.33,38.71,16.76,18.88,0.09,0.86,0.17,0.04,0.77,61.11,0.47,3.64,67.06,3.13,53.42,0.56,53.85,1.5,0.51,4.24,71.72,0,,0,,0,0.0,0.0,0.0,,,0.0,,,0.51,0.17,0.0,0.04,0,0.0
J. Tecław,Chojniczanka Chojnice,Tychy 71,"CB, LCB",27,250000,2028-06-30,16,1405,0,0.32,0,0.07,13.52,57.35,Poland,Poland,both,190,0,no,7.75,4.87,63.16,3.33,53.85,0.06,0.09,0.64,4.61,6.15,0.83,1,0.06,0,0.0,1.41,0.0,0,0.0,0.02,0,0.0,5,0.32,20.0,0.0,0.0,0.19,66.67,0.06,100.0,0.13,50.0,0.0,1.41,86.36,2.88,66.67,0.32,0.77,0.51,22.68,0.26,1.02,36.7,85.51,13.39,71.29,1.47,86.96,18.77,95.9,30.23,91.95,6.28,55.1,22.68,40.66,0.0,0.26,0.0,0.0,0.0,0.0,0.06,5.12,61.25,0.9,42.86,0.58,33.33,0.19,0.13,6.41,63.0,0,,0,,0,0.0,0.0,0.0,,,0.83,,,0.0,0.0,0.0,0.0,0,0.0
K. Bąkowski,KFUM,Stal Rzeszów,GK,23,250000,2028-06-30,14,1362,0,0.0,0,0.0,1.12,82.35,Poland,Poland,both,190,75,yes,2.44,0.2,100.0,0.59,88.89,0.0,0.0,0.0,2.25,3.26,0.0,0,0.0,0,0.0,0.13,0.0,0,0.0,0.0,0,0.0,0,0.0,0.0,0.0,0.0,0.0,0.0,0.0,0.0,0.0,0.0,0.0,0.2,66.67,0.33,60.0,0.0,0.0,0.0,16.45,0.13,0.0,25.51,88.6,9.19,71.94,0.0,0.0,15.53,98.3,20.02,97.69,5.48,55.42,28.84,41.14,0.0,0.0,0.0,0.0,0.0,0.0,0.0,0.99,33.33,0.0,0.0,0.07,0.0,0.0,0.0,4.03,57.38,17,1.12,69,4.56,3,75.36,19.21,1.27,2.21,0.146,0.0,1.52,0.59,,,,0.0,0,0.0
Álex Mula,Lincoln Red Imps,Wisła Kraków,LAMF,29,250000,2027-06-30,12,717,2,1.43,3,2.04,17.45,52.52,Spain,Spain,right,178,70,no,3.14,3.26,57.69,0.63,20.0,0.25,0.48,0.0,1.0,1.92,0.38,0,0.0,0,0.0,9.92,0.25,2,0.25,0.18,0,0.0,31,3.89,38.71,6.452,0.38,5.52,36.36,3.64,34.48,1.88,40.0,1.0,9.04,65.28,12.18,54.64,3.26,4.77,1.88,30.25,1.88,0.5,43.56,76.66,10.04,65.0,7.78,96.77,18.33,74.66,32.51,88.03,5.77,47.83,19.77,33.54,0.26,1.88,0.0,0.25,0.88,57.14,1.0,4.39,57.14,6.65,47.17,1.38,36.36,1.38,2.26,7.53,85.0,0,,0,,0,0.0,0.0,0.0,,,0.0,,,0.0,0.0,0.0,1.26,0,0.0
W. Żytek,Widzew Łódź II,Tychy 71,"LCMF, DMF, LDMF",32,250000,2027-06-30,32,2826,5,1.88,2,0.76,15.86,59.44,Poland,Poland,left,185,81,no,8.89,4.87,67.32,6.27,67.51,0.38,0.49,0.64,5.22,6.75,1.02,5,0.16,0,0.0,1.05,0.16,5,0.16,0.06,3,0.1,23,0.73,39.13,21.739,0.06,0.41,38.46,0.35,36.36,0.06,50.0,0.06,0.76,66.67,2.42,39.47,0.7,0.13,0.03,18.12,0.45,0.48,33.47,79.35,13.22,66.02,3.95,91.13,11.56,88.15,28.09,84.24,5.0,54.78,20.32,34.38,0.02,0.35,0.03,0.0,0.32,30.0,0.16,5.89,60.0,1.37,39.53,0.38,25.0,0.48,0.16,6.5,71.57,0,,0,,0,0.0,0.0,0.0,,,0.25,,,0.03,0.0,0.0,0.0,0,0.0
B. Jaroszek,Katowice,Katowice,RCB,32,250000,2027-06-30,29,2696,0,1.51,1,2.07,14.42,55.79,Poland,Poland,right,189,83,no,9.15,5.74,66.28,5.04,51.66,0.57,0.81,0.47,4.77,6.79,1.37,9,0.3,2,0.07,0.5,0.0,0,0.0,0.05,0,0.0,13,0.43,15.38,0.0,0.03,0.3,55.56,0.0,0.0,0.3,55.56,0.17,0.37,63.64,1.5,37.78,0.63,0.73,0.13,29.44,0.23,0.37,42.9,81.95,20.13,70.65,3.04,97.8,14.02,93.57,36.72,89.0,5.88,39.2,19.23,35.31,0.07,0.2,0.0,0.03,0.1,33.33,0.1,5.81,67.82,1.07,31.25,0.37,45.45,0.23,0.17,8.61,65.12,0,,0,,0,0.0,0.0,0.0,,,1.17,,,0.0,0.0,0.0,0.0,0,0.0
D. Gąska,Unia Skierniewice,Górnik Łęczna,"CF, AMF",29,250000,2027-06-30,26,2105,4,7.66,2,4.22,13.21,49.19,Poland,Poland,both,176,65,no,4.62,4.28,64.0,1.84,20.93,0.3,0.43,0.09,1.58,2.27,0.56,4,0.17,0,0.0,2.86,0.17,1,0.04,0.33,0,0.0,48,2.05,43.75,8.333,0.09,2.14,40.0,0.94,59.09,1.2,25.0,0.21,1.97,50.0,5.3,53.23,2.48,1.37,0.68,20.78,1.67,1.41,28.39,78.46,7.65,65.36,5.81,91.18,10.0,82.05,24.37,84.21,1.97,47.83,17.96,29.55,0.18,1.8,0.04,0.0,0.38,33.33,0.6,3.98,69.89,2.35,43.64,0.38,22.22,0.6,0.81,4.49,77.14,0,,0,,0,0.0,0.0,0.0,,,0.09,,,1.28,0.04,0.0,2.01,4,75.0
P. Mucha,Zagłębie Sosnowiec,Chrobry Głogów,"RCMF, RDMF, LDMF",28,250000,2028-06-30,30,2512,4,3.36,1,1.04,17.2,49.79,Poland,Poland,right,178,65,no,11.79,8.13,58.15,3.15,35.23,0.14,0.19,0.18,6.91,9.23,1.15,8,0.29,0,0.0,1.15,0.14,3,0.11,0.12,2,0.07,17,0.61,47.06,23.529,0.04,0.75,23.81,0.18,20.0,0.57,25.0,0.0,0.97,59.26,3.3,48.91,0.82,1.18,0.32,25.9,0.64,1.11,42.49,82.63,15.01,72.08,6.59,95.65,13.61,87.63,37.66,86.87,4.16,54.31,18.57,38.68,0.04,0.68,0.04,0.07,0.18,60.0,0.14,6.59,75.0,1.79,42.0,0.68,36.84,0.75,0.25,7.45,67.31,0,,0,,0,0.0,0.0,0.0,,,0.75,,,0.61,0.04,100.0,1.76,1,100.0
D. Hugi,Maccabi Netanya,Wisła Kraków,"LAMF, RW, RAMF",30,250000,2028-06-30,8,511,0,0.97,1,1.4,17.44,46.46,Israel,Israel,right,180,78,no,7.4,4.23,62.5,2.29,38.46,1.41,2.26,0.18,3.35,5.38,1.23,0,0.0,0,0.0,4.4,0.0,0,0.0,0.17,0,0.0,11,1.94,27.27,0.0,0.18,3.35,26.32,1.23,14.29,2.11,33.33,0.0,4.23,58.33,7.93,48.89,2.99,1.59,1.23,20.43,2.29,0.35,30.12,70.76,9.16,65.38,5.81,93.94,8.45,72.92,25.36,76.39,1.59,66.67,17.05,35.02,0.25,1.76,0.0,0.0,1.06,50.0,0.88,2.29,76.92,4.23,54.17,0.88,40.0,1.76,0.88,5.28,76.67,0,,0,,0,0.0,0.0,0.0,,,0.0,,,0.88,0.0,0.0,4.05,0,0.0
A. Polyarus,Urartu,Nieciecza,"LAMF, LW, RW",33,250000,2027-06-30,24,1156,2,1.05,2,3.16,17.21,47.96,Ukraine,Ukraine,right,182,71,no,4.83,3.5,55.56,1.56,45.0,0.47,0.8,0.0,2.41,4.12,1.09,0,0.0,0,0.0,6.15,0.16,2,0.16,0.08,2,0.16,20,1.56,25.0,10.0,0.16,5.76,36.49,3.81,42.86,1.87,25.0,0.7,6.15,58.23,10.74,46.38,3.89,3.81,1.87,24.76,2.34,1.25,37.29,69.73,11.06,54.23,7.16,89.13,13.39,74.42,27.64,78.31,3.97,58.82,19.79,27.16,0.25,2.65,0.08,0.08,0.31,25.0,0.86,3.58,58.7,5.06,40.0,0.39,20.0,1.25,1.95,7.01,77.78,0,,0,,0,0.0,0.0,0.0,,,0.16,,,1.25,0.16,0.0,3.35,0,0.0
A. Dombrovskyi,,Nieciecza,"RCMF, RDMF, LDMF",30,250000,,29,2609,1,0.88,1,1.52,12.07,52.86,Ukraine,Ukraine,right,173,65,no,8.83,5.55,70.19,0.55,37.5,0.66,1.11,0.14,4.28,7.22,0.59,2,0.07,0,0.0,0.83,0.03,1,0.03,0.03,0,0.0,20,0.69,15.0,5.0,0.03,0.45,46.15,0.1,66.67,0.34,40.0,0.0,0.97,46.43,4.0,37.93,0.1,1.0,0.41,29.84,0.21,0.86,45.64,90.63,9.8,76.41,7.55,96.8,22.01,95.77,42.74,92.82,2.52,58.9,18.54,27.65,0.05,0.48,0.0,0.07,0.21,33.33,0.17,4.73,79.56,0.72,61.9,0.21,66.67,0.34,0.21,5.35,72.26,0,,0,,0,0.0,0.0,0.0,,,1.38,,,0.03,0.0,0.0,0.0,0,0.0
M. Grabowski,Kalisz,Nieciecza,LB,25,250000,,18,942,1,0.5,0,1.39,8.12,41.18,Poland,Poland,left,177,65,no,4.97,2.68,53.57,2.2,26.09,0.19,0.36,0.19,3.34,6.21,0.57,3,0.29,0,0.0,3.25,0.1,1,0.1,0.05,0,0.0,10,0.96,40.0,10.0,0.0,4.68,40.82,4.39,43.48,0.19,0.0,0.67,1.05,54.55,2.29,37.5,0.86,1.05,0.0,28.47,2.96,0.57,36.02,77.45,13.57,72.54,5.73,96.67,10.89,78.95,26.46,88.45,4.87,52.94,21.18,24.91,0.13,1.24,0.0,0.0,0.38,100.0,0.38,4.78,60.0,4.97,55.77,0.96,30.0,0.76,2.01,9.55,83.0,0,,0,,0,0.0,0.0,0.0,,,0.48,,,1.72,0.48,60.0,2.39,0,0.0
K. Antonik,Miedź Legnica,Resovia Rzeszów,"RW, RAMF, LW",27,250000,2028-06-30,33,1504,7,3.4,2,1.49,25.91,41.57,Poland,Poland,right,184,66,no,7.12,6.4,48.6,3.95,39.39,0.66,0.91,0.06,3.35,4.63,1.74,5,0.3,0,0.0,5.03,0.42,7,0.42,0.2,0,0.0,46,2.75,36.96,15.217,0.12,2.21,18.92,0.9,13.33,1.32,22.73,0.54,6.88,52.17,11.91,41.71,2.75,2.21,1.08,12.57,1.32,1.44,17.77,61.28,5.03,61.9,3.23,79.63,5.39,54.44,14.48,68.18,1.26,47.62,19.27,18.61,0.09,1.02,0.0,0.0,0.06,0.0,0.48,1.44,62.5,1.97,45.45,0.12,50.0,0.72,0.42,3.23,59.26,0,,0,,0,0.0,0.0,0.0,,,0.24,,,0.36,0.18,66.67,0.18,0,0.0
M. Bochnak,Miedź Legnica,Chrobry Głogów,"RAMF, RW",28,250000,2027-06-30,18,1606,8,3.33,2,3.36,13.0,42.67,Poland,Poland,right,179,65,no,3.42,3.14,55.36,1.68,30.0,0.06,0.08,0.06,1.63,2.27,0.28,0,0.0,0,0.0,3.47,0.45,8,0.45,0.19,0,0.0,28,1.57,42.86,28.571,0.11,2.91,38.46,0.22,50.0,2.69,37.5,0.39,3.14,53.57,6.11,45.87,3.87,2.58,1.29,17.37,2.8,0.73,23.26,76.14,5.27,65.96,4.43,87.34,8.07,81.25,20.06,81.84,0.45,50.0,16.54,15.42,0.19,1.57,0.06,0.0,0.22,0.0,1.01,1.68,76.67,3.03,68.52,0.17,0.0,1.91,1.06,4.26,75.0,0,,0,,0,0.0,0.0,0.0,,,0.06,,,0.0,0.0,0.0,0.06,0,0.0
M. Stępień,Puszcza Niepołomice,Arka Gdynia,"RWB, RAMF",24,250000,2026-06-30,26,1579,2,1.94,2,2.41,21.77,47.91,Poland,Poland,right,184,76,no,8.15,7.98,60.0,1.65,31.03,0.46,0.75,0.06,2.91,4.8,1.6,5,0.28,0,0.0,5.19,0.11,2,0.11,0.11,0,0.0,27,1.54,25.93,7.407,0.11,3.25,35.09,0.74,23.08,2.45,39.53,0.57,6.27,50.91,9.35,42.07,2.79,2.91,1.14,16.59,1.48,0.34,25.71,73.17,7.69,65.19,6.04,92.45,6.38,67.86,21.09,80.81,1.42,48.0,16.2,16.68,0.14,0.91,0.0,0.0,0.68,66.67,0.8,1.94,70.59,3.42,55.0,0.4,57.14,1.2,1.14,5.19,78.02,0,,0,,0,0.0,0.0,0.0,,,0.4,,,0.0,0.0,0.0,0.06,0,0.0
P. Żemło,Stal Stalowa Wola,Odra Opole,"LCB, RCB",30,250000,2027-06-30,13,1117,0,1.37,0,0.12,17.0,64.93,Poland,Poland,both,190,85,no,11.04,6.93,69.77,6.37,68.35,0.08,0.1,0.97,6.12,7.81,1.85,4,0.32,0,0.0,0.24,0.0,0,0.0,0.11,0,0.0,10,0.81,10.0,0.0,0.0,0.08,100.0,0.0,0.0,0.08,100.0,0.0,0.16,50.0,0.89,45.45,0.97,0.16,0.08,18.05,0.08,0.48,29.49,84.43,12.09,70.0,0.97,100.0,14.1,97.71,26.19,88.0,3.22,55.0,22.21,46.23,0.01,0.08,0.0,0.08,0.0,0.0,0.08,2.9,61.11,0.4,40.0,0.0,0.0,0.08,0.08,5.08,61.9,0,,0,,0,0.0,0.0,0.0,,,0.48,,,0.0,0.0,0.0,0.0,0,0.0
A. Purzycki,Odra Opole,Arka Gdynia,"RDMF, LCMF",28,250000,2026-06-30,16,643,0,0.36,0,0.5,13.72,51.02,Poland,"Poland, England",right,183,70,no,6.44,5.46,58.97,2.38,58.82,0.14,0.25,0.42,3.08,5.45,1.54,4,0.56,0,0.0,1.54,0.0,0,0.0,0.05,0,0.0,7,0.98,14.29,0.0,0.0,0.98,57.14,0.56,50.0,0.42,66.67,0.0,1.12,75.0,3.64,42.31,1.12,0.56,0.42,20.86,0.42,0.84,35.27,83.33,11.76,65.48,5.88,92.86,12.88,92.39,30.37,88.02,3.92,53.57,18.08,25.46,0.07,0.56,0.14,0.0,0.0,0.0,0.0,5.74,63.41,1.68,50.0,0.42,0.0,0.14,0.56,5.6,82.5,0,,0,,0,0.0,0.0,0.0,,,0.42,,,0.98,0.0,0.0,1.12,0,0.0
Omran Haydary,Sūduva,Arka Gdynia,"LAMF, AMF, LW",28,250000,2026-12-31,29,2254,9,8.62,4,5.26,20.84,43.3,Netherlands,"Netherlands, Afghanistan",right,172,61,no,4.95,5.15,65.89,1.6,20.0,0.04,0.06,0.0,1.52,2.47,1.04,6,0.24,0,0.0,3.91,0.36,9,0.36,0.34,0,0.0,60,2.4,40.0,15.0,0.16,1.44,25.0,0.64,37.5,0.76,15.79,0.12,3.95,54.55,11.58,38.28,3.51,1.88,0.72,19.29,1.48,1.88,27.27,76.72,8.23,67.48,5.63,87.23,6.83,79.53,25.04,80.22,0.88,54.55,14.89,20.05,0.21,1.72,0.08,0.04,0.92,47.83,0.6,2.56,67.19,3.15,67.09,0.68,41.18,2.24,0.36,4.63,81.03,0,,0,,0,0.0,0.0,0.0,,,0.16,,,0.48,0.04,0.0,1.72,1,0.0
M. Młyński,Polonia Warszawa,Wisła Kraków,"LAMF, LW",25,250000,2026-12-31,28,1536,3,1.8,1,2.25,27.71,46.72,Poland,Poland,right,178,67,no,8.91,8.73,61.07,2.23,23.68,0.41,0.7,0.06,3.16,5.44,2.17,6,0.35,0,0.0,5.27,0.18,3,0.18,0.11,0,0.0,24,1.41,41.67,12.5,0.06,2.29,43.59,1.7,48.28,0.59,30.0,0.41,6.39,55.96,12.89,45.45,2.34,2.7,1.29,15.88,1.7,2.23,23.03,78.88,5.16,62.5,7.32,94.4,5.8,75.76,20.57,82.62,0.29,100.0,15.14,9.09,0.13,1.11,0.0,0.0,0.59,20.0,0.47,1.17,60.0,2.17,45.95,0.47,25.0,0.64,0.88,2.75,76.6,0,,0,,0,0.0,0.0,0.0,,,0.12,,,0.18,0.0,0.0,1.23,0,0.0
B. Jaroch,Wisła Kraków,Wisła Kraków,"RB, LB",31,250000,2026-12-31,33,3020,4,4.0,3,2.97,17.76,57.72,Poland,Poland,right,185,80,no,9.33,6.29,69.19,3.22,61.11,0.51,0.87,0.3,4.47,7.65,0.92,7,0.21,0,0.0,3.37,0.12,4,0.12,0.12,2,0.06,47,1.4,29.79,8.511,0.09,3.7,33.87,0.27,44.44,3.4,33.33,0.54,2.56,62.79,5.84,48.47,1.97,1.79,0.51,32.33,2.06,1.31,43.6,78.4,18.86,74.57,4.44,93.29,14.99,81.71,34.12,87.25,5.9,53.54,21.14,37.98,0.09,0.83,0.06,0.06,0.36,25.0,0.48,6.71,69.78,3.75,49.21,0.63,23.81,0.77,1.16,10.91,78.42,0,,0,,0,0.0,0.0,0.0,,,0.48,,,0.03,0.03,0.0,0.0,0,0.0
J. Arak,Polonia Bytom,Katowice,"CF, AMF",31,250000,2027-06-30,32,1990,8,15.45,1,1.9,20.94,42.98,Poland,Poland,right,183,78,no,3.8,3.21,47.89,5.79,50.0,0.14,0.19,0.23,2.13,3.02,2.35,2,0.09,1,0.05,2.62,0.36,6,0.27,0.7,0,0.0,72,3.26,41.67,11.111,0.05,0.54,41.67,0.41,55.56,0.14,0.0,0.09,1.45,59.38,7.82,43.93,4.07,0.72,0.32,8.19,1.22,2.58,12.8,73.14,2.85,53.97,3.39,93.33,4.07,80.0,11.8,74.33,0.45,80.0,14.26,6.91,0.09,0.77,0.05,0.0,0.41,44.44,0.5,1.4,64.52,1.09,58.33,0.41,44.44,0.59,0.27,1.45,59.38,0,,0,,0,0.0,0.0,0.0,,,0.05,,,0.05,0.05,100.0,0.0,3,66.667
Miki Villar,Wieczysta Kraków,Wisła Kraków,"RAMF, RW, LWB",29,250000,2027-06-30,17,1401,4,2.31,3,3.41,20.11,50.16,Spain,Spain,right,173,69,no,6.1,5.14,65.0,2.38,27.03,0.0,0.0,0.32,2.76,5.02,0.64,3,0.19,0,0.0,5.85,0.26,4,0.26,0.15,1,0.06,20,1.28,45.0,20.0,0.19,4.43,26.09,0.51,0.0,3.92,29.51,0.39,6.1,64.21,9.96,54.84,4.43,3.47,1.22,22.42,1.93,1.03,32.89,76.17,5.97,58.06,8.54,90.23,11.31,78.41,27.69,85.38,1.03,31.25,17.78,28.06,0.22,2.25,0.13,0.06,0.51,37.5,0.77,2.76,79.07,3.73,48.28,0.45,28.57,1.48,0.96,4.37,73.53,0,,0,,0,0.0,0.0,0.0,,,0.06,,,0.0,0.0,0.0,2.63,0,0.0
B. Moltenis,Ponferradina,Wisła Kraków,LCB,27,250000,2027-06-30,23,2073,4,4.17,1,0.02,15.5,58.54,France,"France, Martinique",right,184,77,no,8.16,5.64,73.85,5.64,51.54,0.17,0.29,0.56,3.82,6.49,0.82,4,0.17,1,0.04,0.56,0.17,4,0.17,0.18,3,0.13,14,0.61,35.71,28.571,0.04,0.09,50.0,0.09,50.0,0.0,0.0,0.0,0.78,38.89,1.69,43.59,1.04,0.74,0.26,35.95,0.43,0.56,50.32,88.87,18.76,79.63,1.78,97.56,26.09,96.17,43.98,92.79,6.25,61.81,21.55,33.38,0.0,0.04,0.0,0.0,0.0,0.0,0.09,4.25,74.49,0.43,10.0,0.13,33.33,0.04,0.04,7.51,63.58,0,,0,,0,0.0,0.0,0.0,,,1.17,,,0.0,0.0,0.0,0.0,0,0.0
K. Dankowski,Wieczysta Kraków,Łódzki KS,RB,29,250000,2027-06-30,33,2928,4,1.86,4,4.63,11.5,54.81,Poland,Poland,right,177,67,no,8.18,5.13,61.08,1.91,48.39,0.28,0.43,0.37,4.76,7.4,0.61,5,0.15,0,0.0,2.89,0.12,4,0.12,0.06,0,0.0,31,0.95,41.94,12.903,0.12,5.13,29.94,0.0,0.0,5.1,29.52,0.55,1.08,80.0,2.55,56.63,1.01,1.38,0.55,27.02,2.18,0.86,37.1,74.07,13.59,69.68,5.84,92.63,12.14,71.9,26.86,86.16,5.44,53.67,21.66,39.26,0.14,0.8,0.12,0.03,0.22,42.86,0.49,5.29,69.19,4.3,43.57,0.37,16.67,0.58,1.48,8.85,71.88,0,,0,,0,0.0,0.0,0.0,,,0.58,,,0.89,0.37,58.33,0.83,0,0.0
K. Drzazga,,Podbeskidzie Bielsko-Biała,"AMF, CF, RWF",30,250000,,30,1425,3,4.56,3,2.64,14.65,40.09,Poland,Poland,right,180,69,no,3.41,3.09,57.14,3.03,43.75,0.25,0.4,0.13,1.39,2.19,0.88,3,0.19,0,0.0,2.84,0.19,3,0.19,0.29,1,0.06,32,2.02,46.88,9.375,0.19,1.77,35.71,0.38,33.33,1.39,36.36,0.19,2.34,37.84,6.51,29.13,2.72,1.71,1.01,27.47,1.45,1.2,35.37,78.21,10.74,68.24,6.76,87.85,10.55,82.04,32.46,81.32,1.33,57.14,15.97,18.24,0.17,1.83,0.13,0.06,1.33,28.57,0.69,4.8,77.63,3.28,65.38,1.2,26.32,1.77,0.38,4.99,83.54,0,,0,,0,0.0,0.0,0.0,,,0.13,,,0.69,0.25,50.0,1.07,0,0.0
M. Marzec,Katowice,Katowice,"AMF, LWF, CF",31,250000,2027-06-30,31,1861,5,3.96,0,2.7,17.12,44.92,Poland,Poland,right,178,70,no,4.45,3.63,60.0,1.93,17.5,0.0,0.0,0.1,2.27,3.25,0.92,2,0.1,0,0.0,4.21,0.24,5,0.24,0.19,1,0.05,39,1.89,30.77,12.821,0.0,3.14,27.69,1.64,23.53,1.45,33.33,0.73,4.35,61.11,9.24,47.12,2.32,2.08,1.74,20.8,0.97,1.5,29.74,75.77,7.4,69.93,6.63,90.51,10.93,73.01,24.08,83.33,2.66,61.82,17.31,26.27,0.13,0.68,0.1,0.05,0.34,28.57,0.44,3.77,67.95,3.34,43.48,0.77,37.5,0.77,0.87,4.74,70.41,0,,0,,0,0.0,0.0,0.0,,,0.15,,,0.34,0.1,50.0,0.1,0,0.0
N. Nedić,Kolding IF,Tychy 71,"CB, LCB, RCB",31,250000,2026-06-30,25,2478,1,1.84,1,0.69,13.87,54.45,Montenegro,Montenegro,right,195,87,no,8.83,4.32,59.66,5.45,56.0,0.58,0.81,0.73,5.67,7.87,1.49,3,0.11,0,0.0,0.54,0.04,0,0.0,0.07,0,0.0,9,0.33,55.56,11.111,0.04,0.04,0.0,0.04,0.0,0.0,0.0,0.0,0.62,58.82,1.82,40.0,0.65,0.62,0.47,21.32,0.22,0.51,35.48,84.65,13.69,74.01,1.85,94.12,16.78,93.51,30.94,88.15,4.5,61.29,21.58,39.4,0.03,0.22,0.04,0.07,0.0,0.0,0.07,3.92,69.44,0.4,9.09,0.22,50.0,0.18,0.0,6.46,62.92,0,,0,,0,0.0,0.0,0.0,,,1.05,,,0.0,0.0,0.0,0.0,1,100.0
Antonio Domínguez,Recreativo Huelva,Tychy 71,"RCMF, AMF",33,250000,2026-06-30,29,2096,2,2.68,3,2.28,11.68,41.91,Spain,Spain,left,178,70,no,4.59,3.56,56.63,1.12,30.77,0.09,0.12,0.09,2.49,3.52,0.52,2,0.09,0,0.0,2.28,0.09,2,0.09,0.11,0,0.0,58,2.49,24.14,3.448,0.13,2.02,34.04,0.64,33.33,1.25,34.48,0.3,1.37,53.13,5.32,37.1,0.56,0.43,0.09,23.49,1.03,1.2,36.46,77.39,9.96,63.36,5.24,92.62,15.5,81.99,29.28,83.87,5.15,57.5,20.53,33.9,0.1,1.07,0.21,0.04,0.52,50.0,0.21,5.24,65.57,3.05,43.66,0.69,43.75,0.47,0.69,6.18,70.83,0,,0,,0,0.0,0.0,0.0,,,0.3,,,1.12,0.17,50.0,0.99,0,0.0
D. Rumin,Tychy 71,Tychy 71,CF,29,250000,2026-06-30,31,2328,5,7.82,1,1.1,23.16,34.72,Poland,Poland,right,178,71,no,3.56,3.83,55.56,6.53,33.73,0.15,0.21,0.08,1.28,1.74,1.97,3,0.12,0,0.0,1.39,0.19,5,0.19,0.3,3,0.12,51,1.97,35.29,9.804,0.04,0.43,18.18,0.15,0.0,0.27,28.57,0.04,1.43,43.24,7.04,28.57,3.4,0.62,0.5,7.77,1.47,1.47,11.98,73.23,2.28,62.71,3.83,86.87,2.94,71.05,11.17,75.43,0.39,70.0,14.49,9.77,0.04,0.54,0.0,0.0,0.12,0.0,0.12,1.39,55.56,0.5,53.85,0.08,0.0,0.43,0.08,1.2,67.74,0,,0,,0,0.0,0.0,0.0,,,0.0,,,0.04,0.04,0.0,0.08,0,0.0
P. Starzyński,,Wisła Kraków,"RAMF, LAMF, RW",22,250000,,12,402,0,0.36,0,0.5,13.88,33.87,Poland,Poland,right,173,67,no,5.82,4.25,63.16,1.34,33.33,0.22,0.39,0.0,2.91,5.06,0.45,0,0.0,0,0.0,2.24,0.0,0,0.0,0.08,0,0.0,2,0.45,50.0,0.0,0.0,3.36,40.0,0.22,100.0,3.13,35.71,0.22,2.01,33.33,4.93,27.27,2.24,0.45,0.0,17.46,0.22,0.45,23.06,74.76,4.25,52.63,8.28,91.89,6.49,68.97,19.7,80.68,0.0,0.0,13.87,0.0,0.11,1.34,0.22,0.0,0.22,0.0,0.45,1.79,50.0,2.69,50.0,0.22,0.0,0.22,1.34,3.36,93.33,0,,0,,0,0.0,0.0,0.0,,,0.0,,,0.0,0.0,0.0,0.45,0,0.0
S. Kobusiński,Pogoń Siedlce,Ruch Chorzów,"CF, RWF, RW",28,250000,2027-06-30,13,728,2,3.17,1,0.65,21.26,41.28,Poland,Poland,right,183,78,no,4.7,3.83,41.94,4.95,42.5,0.25,0.38,0.37,2.84,4.37,2.47,4,0.49,0,0.0,2.6,0.25,2,0.25,0.39,0,0.0,16,1.98,31.25,12.5,0.12,1.11,44.44,0.12,0.0,0.99,50.0,0.0,2.47,60.0,9.27,42.67,3.59,0.87,0.12,9.52,1.48,2.35,15.82,64.84,3.83,41.94,3.71,90.0,4.08,72.73,12.86,67.31,1.85,60.0,17.64,18.32,0.08,0.49,0.0,0.12,0.0,0.0,0.25,1.73,50.0,1.48,50.0,0.25,0.0,0.74,0.37,2.35,73.68,0,,0,,0,0.0,0.0,0.0,,,0.0,,,0.0,0.0,0.0,0.0,0,0.0
P. Janczukowicz,Sandecja Nowy Sącz,Łódzki KS,"CF, LWF, LAMF",26,250000,2028-06-30,32,1502,6,4.66,2,0.5,23.67,35.19,Poland,Poland,right,183,76,no,4.13,3.66,54.1,4.37,32.88,0.54,0.87,0.06,1.62,2.61,1.38,4,0.24,0,0.0,2.34,0.36,6,0.36,0.28,0,0.0,21,1.26,57.14,28.571,0.12,0.36,0.0,0.18,0.0,0.12,0.0,0.06,3.18,43.4,10.91,34.62,3.06,1.2,0.6,9.35,1.32,1.62,14.92,78.71,3.18,66.04,5.45,94.51,3.42,84.21,14.08,80.85,0.48,75.0,15.64,8.69,0.03,0.3,0.0,0.06,0.48,50.0,0.06,1.2,90.0,0.48,87.5,0.36,33.33,0.6,0.0,1.32,77.27,0,,0,,0,0.0,0.0,0.0,,,0.0,,,0.0,0.0,0.0,0.06,0,0.0
K. Stępień,Puszcza Niepołomice,Puszcza Niepołomice,"RB, RW",33,250000,2027-06-30,9,376,1,0.25,0,0.03,20.59,51.16,Poland,Poland,right,185,80,no,13.4,6.46,62.96,5.03,52.38,0.24,0.34,0.96,9.1,13.1,0.48,1,0.24,0,0.0,1.91,0.24,1,0.24,0.06,1,0.24,2,0.48,50.0,50.0,0.0,1.91,37.5,0.0,0.0,1.91,37.5,0.0,1.44,66.67,4.31,38.89,0.72,0.48,0.48,6.94,0.96,0.48,16.76,57.14,9.1,52.63,2.63,100.0,2.87,58.33,11.25,70.21,3.59,26.67,14.02,18.57,0.01,0.24,0.0,0.0,0.0,0.0,0.24,2.39,50.0,1.68,57.14,0.0,0.0,0.0,0.72,5.51,52.17,0,,0,,0,0.0,0.0,0.0,,,0.96,,,0.0,0.0,0.0,0.0,0,0.0
D. Niepsuj,,Chojniczanka Chojnice,"RB, RWB",30,200000,,19,1355,0,0.35,1,1.22,17.47,52.85,Germany,"Germany, Poland",right,183,76,no,9.76,6.44,62.89,3.45,48.08,0.13,0.19,0.46,5.58,7.8,0.8,4,0.27,0,0.0,2.72,0.0,0,0.0,0.02,0,0.0,8,0.53,12.5,0.0,0.07,3.39,23.53,0.07,0.0,3.25,22.45,0.53,2.79,66.67,5.71,45.35,1.46,2.19,1.79,19.13,1.26,0.8,33.01,72.43,12.69,71.2,5.25,93.67,7.04,70.75,27.43,80.63,2.26,44.12,15.63,24.01,0.08,0.6,0.0,0.0,0.0,0.0,0.27,3.32,58.0,2.66,45.0,0.07,0.0,0.6,1.06,6.38,58.33,0,,0,,0,0.0,0.0,0.0,,,0.86,,,0.0,0.0,0.0,0.0,0,0.0
K. Gruszkowski,Katowice,Wisła Kraków,"RB, RAMF",25,200000,2028-06-30,15,688,1,0.8,0,0.35,17.14,50.38,Poland,Poland,right,183,74,no,10.07,7.85,70.0,1.83,42.86,0.13,0.21,0.0,4.45,7.13,1.44,1,0.13,0,0.0,1.44,0.13,1,0.13,0.11,1,0.13,9,1.18,11.11,11.111,0.0,2.09,25.0,0.0,0.0,2.09,25.0,0.13,1.7,30.77,3.4,30.77,2.35,1.31,0.39,25.12,1.83,0.26,36.63,75.36,17.53,66.42,6.02,97.83,9.29,76.06,31.13,81.51,3.4,50.0,18.56,18.1,0.05,0.26,0.0,0.0,0.39,66.67,0.39,6.15,80.85,2.35,27.78,0.78,33.33,0.78,0.39,9.03,65.22,0,,0,,0,0.0,0.0,0.0,,,0.52,,,0.0,0.0,0.0,0.0,0,0.0
M. Biegański,Widzew Łódź,Wisła Kraków,GK,24,200000,,31,3065,0,0.0,0,0.0,0.53,77.78,Poland,Poland,right,190,84,no,1.17,0.12,50.0,0.32,90.91,0.0,0.0,0.0,1.12,1.95,0.0,2,0.06,0,0.0,0.0,0.0,0,0.0,0.0,0,0.0,0,0.0,0.0,0.0,0.0,0.0,0.0,0.0,0.0,0.0,0.0,0.0,0.03,0.0,0.06,50.0,0.0,0.0,0.0,8.99,0.32,0.06,13.8,87.23,7.08,78.01,0.03,100.0,6.17,97.14,8.84,98.01,4.93,68.45,30.64,45.85,0.0,0.0,0.0,0.0,0.0,0.0,0.0,1.26,74.42,0.0,0.0,0.0,0.0,0.0,0.0,3.91,72.18,35,1.03,108,3.17,11,67.59,34.84,1.02,-0.16,-0.005,0.0,0.88,0.32,,,,0.0,0,0.0
K. Michalski,Polonia Bytom,Ruch Chorzów,"RWB, RB",26,200000,2027-06-30,29,1615,2,1.62,3,2.84,18.84,50.3,Poland,Poland,right,187,76,no,8.75,6.35,57.89,4.57,46.34,0.39,0.59,0.33,4.68,7.1,1.23,3,0.17,0,0.0,3.62,0.11,2,0.11,0.09,0,0.0,14,0.78,28.57,14.286,0.17,4.85,36.78,0.17,66.67,4.68,35.71,0.45,2.51,64.44,5.35,55.21,2.23,1.28,0.45,19.0,1.73,1.84,29.48,66.73,9.59,56.4,5.24,90.43,9.03,63.58,21.46,75.06,3.51,57.14,21.0,26.79,0.16,1.0,0.0,0.0,0.0,0.0,0.61,2.62,59.57,3.79,54.41,0.06,100.0,0.72,1.67,6.97,68.0,0,,0,,0,0.0,0.0,0.0,,,0.39,,,0.0,0.0,0.0,0.0,0,0.0
D. Arndt,Chrobry Głogów,Łódzki KS,GK,24,200000,2028-06-30,10,925,0,0.0,0,0.0,0.97,90.0,Poland,Poland,right,187,80,no,0.78,0.0,0.0,0.88,88.89,0.0,0.0,0.0,0.78,1.17,0.0,0,0.0,0,0.0,0.0,0.0,0,0.0,0.0,0,0.0,0,0.0,0.0,0.0,0.0,0.0,0.0,0.0,0.0,0.0,0.0,0.0,0.0,0.0,0.1,100.0,0.0,0.0,0.0,11.68,0.19,0.19,16.74,86.63,9.92,77.45,0.0,0.0,6.42,100.0,10.12,98.08,6.62,69.12,35.39,52.43,0.0,0.0,0.0,0.0,0.0,0.0,0.1,1.17,66.67,0.0,0.0,0.0,0.0,0.0,0.0,5.55,77.19,8,0.78,32,3.11,3,75.0,8.08,0.79,0.08,0.008,0.0,1.85,0.88,,,,0.0,0,0.0
M. Lehaire,Gloria Bistriţa,Resovia Rzeszów,"RCMF, LCMF",26,200000,2027-06-30,14,1036,0,0.63,1,0.61,22.33,45.91,Belgium,"Belgium, France",right,185,76,no,7.73,6.17,60.56,1.82,52.38,0.43,0.62,0.17,3.56,5.08,0.78,1,0.09,0,0.0,2.69,0.0,0,0.0,0.05,0,0.0,11,0.96,18.18,0.0,0.09,0.69,25.0,0.43,20.0,0.26,33.33,0.09,4.26,55.1,10.69,38.21,1.48,0.96,0.52,23.46,0.43,0.69,36.4,88.54,9.38,81.48,7.21,95.18,12.25,91.49,33.97,90.28,1.82,76.19,16.22,26.05,0.05,0.87,0.0,0.0,0.26,0.0,0.26,3.47,87.5,1.04,75.0,0.35,25.0,0.43,0.17,4.52,76.92,0,,0,,0,0.0,0.0,0.0,,,0.17,,,0.09,0.0,0.0,0.78,0,0.0
O. Bykov,Marsaxlokk,Zagłębie Sosnowiec,"LCB, LB",28,200000,2027-06-30,19,1654,0,0.59,0,0.0,15.4,71.02,Ukraine,Ukraine,left,187,73,no,10.34,6.69,79.67,4.73,67.82,0.33,0.47,0.33,4.68,6.68,0.93,2,0.11,2,0.11,0.33,0.0,0,0.0,0.03,0,0.0,8,0.44,12.5,0.0,0.0,0.16,33.33,0.16,33.33,0.0,0.0,0.0,0.16,100.0,1.14,52.38,0.38,0.6,0.05,21.44,0.49,0.6,34.17,86.46,14.2,77.78,2.67,97.96,14.09,95.37,30.8,89.75,3.26,58.33,20.93,37.08,0.0,0.0,0.0,0.0,0.05,100.0,0.0,3.54,64.62,0.49,22.22,0.27,20.0,0.05,0.0,5.77,62.26,0,,0,,0,0.0,0.0,0.0,,,1.2,,,0.0,0.0,0.0,0.0,0,0.0
Sergio Benito,Ourense CF,Wisła Kraków,CF,27,200000,2027-06-30,10,230,0,0.01,0,0.3,15.26,23.08,Spain,Spain,both,174,73,no,1.96,4.3,27.27,1.57,50.0,0.0,0.0,0.0,0.78,1.43,1.57,1,0.39,0,0.0,0.39,0.0,0,0.0,0.0,0,0.0,1,0.39,0.0,0.0,0.0,0.0,0.0,0.0,0.0,0.0,0.0,0.0,0.78,50.0,7.83,20.0,0.78,0.39,0.39,7.83,1.17,0.39,12.13,74.19,1.57,75.0,2.35,50.0,5.09,84.62,12.13,74.19,0.0,0.0,14.09,0.0,0.12,0.78,0.0,0.0,0.39,0.0,0.39,0.78,50.0,0.78,50.0,0.39,0.0,0.39,0.0,1.96,80.0,0,,0,,0,0.0,0.0,0.0,,,0.0,,,0.0,0.0,0.0,0.0,0,0.0
M. Sitek,Podbeskidzie Bielsko-Biała,Podbeskidzie Bielsko-Biała,"AMF, RAMF, RWB",25,200000,2028-06-30,29,1810,3,3.7,2,2.01,25.41,51.66,Poland,Poland,right,174,66,no,6.56,6.31,62.2,2.29,26.09,0.1,0.16,0.2,2.54,4.03,1.34,3,0.15,0,0.0,6.27,0.15,3,0.15,0.18,0,0.0,45,2.24,26.67,6.667,0.1,2.83,38.6,0.5,40.0,2.34,38.3,0.25,6.17,69.35,13.57,53.48,3.18,4.03,1.74,21.53,2.29,3.23,28.94,80.24,5.77,66.38,6.66,93.28,9.7,80.0,25.26,86.02,0.94,52.63,16.35,17.66,0.1,0.9,0.0,0.05,0.4,75.0,0.5,2.24,62.22,2.49,54.0,0.4,75.0,1.14,0.9,3.38,75.0,0,,0,,0,0.0,0.0,0.0,,,0.05,,,0.05,0.0,0.0,0.1,0,0.0
B. Kwiecień,Miedź Legnica,Resovia Rzeszów,"LCB, RDMF, DMF",32,200000,2027-06-30,14,974,2,1.02,0,0.67,22.27,51.87,Poland,Poland,right,189,87,no,11.83,9.89,57.94,4.62,62.0,1.2,1.73,0.09,4.9,7.04,2.03,8,0.74,0,0.0,1.66,0.18,2,0.18,0.09,1,0.09,14,1.29,50.0,14.286,0.0,0.18,100.0,0.09,100.0,0.09,100.0,0.0,1.39,53.33,3.79,39.02,1.29,0.65,0.09,20.61,0.46,0.55,36.04,81.79,13.95,68.87,3.7,97.5,13.31,90.97,29.85,85.45,6.01,63.08,20.63,33.98,0.06,0.37,0.0,0.0,0.28,33.33,0.09,5.64,54.1,0.74,50.0,0.83,22.22,0.55,0.18,7.58,70.73,0,,0,,0,0.0,0.0,0.0,,,0.55,,,0.0,0.0,0.0,0.0,0,0.0
P. Mroziński,Puszcza Niepołomice,Puszcza Niepołomice,"RB, LB",33,200000,2026-06-30,28,2430,8,5.11,1,1.88,13.3,55.43,Poland,Poland,right,181,74,no,9.93,6.19,70.66,3.19,44.19,0.37,0.53,0.22,5.19,7.42,1.07,4,0.15,0,0.0,2.11,0.3,8,0.3,0.19,2,0.07,39,1.44,41.03,20.513,0.04,2.22,45.0,0.67,22.22,1.56,54.76,0.63,0.7,63.16,1.85,48.0,2.04,0.3,0.15,12.74,1.04,0.37,23.44,66.51,12.37,62.57,2.48,80.6,5.48,64.19,15.96,74.48,5.52,51.01,20.67,30.66,0.07,0.37,0.0,0.04,0.19,40.0,0.19,4.44,53.33,2.19,44.07,0.19,20.0,0.37,0.96,7.59,69.27,0,,0,,0,0.0,0.0,0.0,,,0.63,,,0.0,0.0,0.0,0.04,0,0.0
J. Bielecki,Ruch Chorzów,Ruch Chorzów,GK,25,200000,2028-06-30,34,3345,0,0.0,0,0.0,0.48,83.33,Poland,Poland,right,191,91,no,0.89,0.05,50.0,0.38,85.71,0.0,0.0,0.0,0.86,1.33,0.03,1,0.03,0,0.0,0.03,0.0,0,0.0,0.0,0,0.0,0,0.0,0.0,0.0,0.0,0.0,0.0,0.0,0.0,0.0,0.0,0.0,0.03,100.0,0.03,100.0,0.0,0.0,0.03,8.74,0.19,0.08,13.78,80.08,10.04,74.53,0.0,0.0,3.55,94.7,6.27,94.85,7.51,67.74,35.86,47.34,0.0,0.0,0.0,0.0,0.0,0.0,0.0,1.61,60.0,0.11,50.0,0.05,100.0,0.05,0.0,6.0,73.99,33,0.89,149,4.01,15,77.85,45.53,1.23,12.53,0.337,0.0,1.1,0.38,,,,0.0,0,0.0
D. Michalik,Chojniczanka Chojnice,Stal Rzeszów,"RAMF, RWF",33,200000,2027-06-30,33,2464,10,10.29,8,8.26,19.98,43.69,Poland,Poland,right,180,77,no,7.23,4.35,58.82,1.97,37.04,0.33,0.53,0.0,4.35,6.96,0.55,2,0.07,0,0.0,5.77,0.37,10,0.37,0.38,0,0.0,77,2.81,36.36,12.987,0.29,4.97,30.88,0.11,0.0,4.86,31.58,1.24,5.22,59.44,11.18,43.14,5.33,3.03,1.17,24.44,3.36,1.31,34.33,72.98,6.72,67.39,8.33,92.11,12.78,67.14,27.94,81.7,1.75,45.83,18.07,27.89,0.3,1.61,0.07,0.07,0.33,33.33,0.95,1.79,69.39,4.31,46.61,0.37,30.0,1.46,1.61,5.63,72.73,0,,0,,0,0.0,0.0,0.0,,,0.44,,,0.0,0.0,0.0,0.15,0,0.0
D. Bilonoh,Istiqlol,Chrobry Głogów,"LAMF, RAMF",31,200000,2026-12-31,4,66,0,0.0,0,0.0,17.73,53.85,Ukraine,Ukraine,right,183,81,no,6.82,1.36,100.0,1.36,100.0,1.36,2.0,0.0,4.09,6.0,0.0,0,0.0,0,0.0,4.09,0.0,0,0.0,0.0,0,0.0,0,0.0,0.0,0.0,0.0,8.18,16.67,1.36,0.0,6.82,20.0,1.36,2.73,100.0,13.64,50.0,1.36,4.09,1.36,24.55,6.82,2.73,31.36,73.91,2.73,100.0,10.91,100.0,13.64,50.0,19.09,92.86,5.45,75.0,18.28,14.56,0.01,1.36,0.0,0.0,0.0,0.0,0.0,0.0,0.0,5.45,0.0,0.0,0.0,0.0,2.73,2.73,0.0,0,,0,,0,0.0,0.0,0.0,,,0.0,,,0.0,0.0,0.0,0.0,0,0.0
B. Poczobut,Pogoń Siedlce,Stal Rzeszów,"RDMF, DMF",32,200000,2026-06-30,32,2944,8,5.63,4,1.86,20.27,52.04,Poland,Poland,right,179,82,no,8.5,8.01,57.25,1.38,42.22,0.58,0.91,0.28,3.33,5.23,1.5,9,0.28,1,0.03,2.78,0.24,4,0.12,0.17,0,0.0,38,1.16,44.74,21.053,0.12,1.53,38.0,0.55,50.0,0.98,31.25,0.24,2.69,51.14,7.8,52.16,1.28,3.15,0.95,32.71,0.73,2.72,46.28,80.18,18.98,71.34,4.31,93.62,17.46,88.09,39.83,85.03,5.01,53.66,19.79,36.24,0.06,1.01,0.03,0.03,1.22,25.0,0.28,9.35,66.99,3.79,50.81,1.41,28.26,1.31,0.52,9.72,79.25,0,,0,,0,0.0,0.0,0.0,,,0.15,,,0.58,0.03,0.0,1.68,4,100.0
K. Pajnowski,Wigry Suwałki,Stal Rzeszów,"LCB, RCB",28,200000,2026-06-30,11,795,1,0.43,0,0.0,11.32,65.0,Poland,Poland,left,186,81,no,8.6,4.42,76.92,2.26,45.0,0.57,0.97,0.34,4.64,7.94,0.45,1,0.11,0,0.0,0.45,0.11,1,0.11,0.05,0,0.0,5,0.57,60.0,20.0,0.0,0.11,0.0,0.0,0.0,0.11,0.0,0.0,0.34,33.33,1.36,58.33,1.25,1.13,0.45,30.91,0.45,1.58,46.53,87.59,16.53,78.08,1.81,93.75,23.43,93.72,41.89,91.35,4.53,55.0,18.21,30.44,0.0,0.0,0.0,0.0,0.0,0.0,0.0,4.42,69.23,0.68,16.67,0.11,0.0,0.23,0.0,7.47,62.12,0,,0,,0,0.0,0.0,0.0,,,0.91,,,0.0,0.0,0.0,0.0,0,0.0
S. Sobczak,Zagłębie Sosnowiec,Zagłębie Sosnowiec,CF,33,200000,2028-06-30,29,2311,9,13.1,0,1.41,27.46,33.19,Poland,Poland,right,181,74,no,2.96,3.31,57.65,4.21,25.0,0.16,0.23,0.19,0.9,1.34,1.6,7,0.27,0,0.0,2.92,0.35,3,0.12,0.51,1,0.04,61,2.38,40.98,14.754,0.0,0.31,25.0,0.04,0.0,0.27,28.57,0.0,2.96,60.53,13.79,31.36,3.58,0.93,0.47,6.08,1.71,2.65,9.62,74.9,1.48,52.63,2.69,92.75,2.38,80.33,9.15,76.6,0.19,80.0,13.96,7.8,0.05,0.78,0.0,0.0,0.16,50.0,0.19,0.9,69.57,0.55,35.71,0.19,40.0,0.55,0.08,0.78,60.0,0,,0,,0,0.0,0.0,0.0,,,0.0,,,0.0,0.0,0.0,0.0,7,85.714
M. Spremo,Dinamo,Łódzki KS,LB,31,200000,,10,827,0,0.5,0,0.31,19.15,57.95,Serbia,Serbia,left,175,73,no,9.79,7.51,66.67,1.85,41.18,0.44,0.71,0.11,4.35,7.14,1.31,1,0.11,0,0.0,4.14,0.0,0,0.0,0.05,0,0.0,8,0.87,37.5,0.0,0.0,3.48,18.75,3.48,18.75,0.0,0.0,0.65,4.79,65.91,8.05,56.76,0.76,3.26,1.09,24.27,1.41,0.65,39.94,74.66,14.8,69.12,5.99,96.36,14.04,70.54,32.0,85.37,4.57,40.48,20.33,35.04,0.03,0.22,0.0,0.0,0.33,0.0,0.0,5.33,65.31,5.22,31.25,0.76,42.86,1.31,0.76,8.81,76.54,0,,0,,0,0.0,0.0,0.0,,,0.98,,,0.11,0.11,0.0,0.11,0,0.0
A. Błąd,Katowice,Katowice,AMF,35,200000,2027-06-30,31,2233,5,5.56,4,2.94,11.12,40.58,Poland,Poland,right,169,70,no,4.03,3.91,51.55,0.73,44.44,0.16,0.22,0.08,1.85,2.57,0.6,1,0.04,0,0.0,3.39,0.2,5,0.2,0.22,1,0.04,51,2.06,43.14,9.804,0.16,3.59,38.2,1.65,39.02,1.93,37.5,0.44,1.73,44.19,4.84,35.0,1.89,1.25,0.73,20.52,1.13,0.56,28.9,71.41,8.75,58.53,5.48,94.85,10.16,74.6,22.77,79.12,2.58,48.44,20.49,31.95,0.12,1.21,0.08,0.04,0.77,47.37,0.48,3.59,66.29,4.15,50.49,0.81,40.0,0.81,1.25,5.28,76.34,0,,0,,0,0.0,0.0,0.0,,,0.08,,,1.05,0.04,0.0,2.22,0,0.0
David Juncà,Santa Coloma,Wisła Kraków,LB,32,200000,2026-06-30,13,1162,1,0.21,1,3.36,14.95,59.59,Spain,Spain,left,178,67,no,8.13,6.51,66.67,1.32,47.06,0.08,0.14,0.08,3.72,6.82,1.01,3,0.23,0,0.0,4.65,0.08,1,0.08,0.02,0,0.0,5,0.39,40.0,20.0,0.08,4.72,42.62,4.49,44.83,0.23,0.0,0.62,3.33,67.44,5.27,57.35,0.93,2.17,0.15,41.67,2.32,1.16,56.62,81.53,20.22,70.5,9.68,96.8,19.91,86.38,46.24,90.28,6.04,42.31,19.25,36.58,0.26,1.94,0.08,0.0,0.46,50.0,0.77,7.67,73.74,4.49,43.1,1.01,38.46,0.31,1.78,12.7,69.51,0,,0,,0,0.0,0.0,0.0,,,0.23,,,0.54,0.0,0.0,2.09,0,0.0
M. Roginić,Žilina,Katowice,CF,30,200000,2027-12-31,28,1213,2,3.71,1,1.43,22.33,38.87,Croatia,Croatia,right,188,80,no,3.64,3.71,58.0,5.79,35.9,0.22,0.32,0.15,1.26,1.82,2.45,5,0.37,0,0.0,2.52,0.15,2,0.15,0.28,1,0.07,27,2.0,25.93,7.407,0.07,0.82,36.36,0.15,50.0,0.67,33.33,0.07,2.23,63.33,6.97,38.3,3.34,0.82,0.22,9.2,2.37,1.78,11.8,66.67,2.89,48.72,2.67,83.33,3.56,66.67,10.76,69.66,0.3,25.0,18.01,5.87,0.11,0.52,0.0,0.0,0.37,80.0,0.52,1.34,61.11,1.11,66.67,0.22,100.0,0.96,0.3,2.0,74.07,0,,0,,0,0.0,0.0,0.0,,,0.0,,,0.0,0.0,0.0,0.0,0,0.0
J. Bednarczyk,Górnik Łęczna,Górnik Łęczna,"RAMF, LW, LAMF",27,200000,2027-06-30,3,23,0,0.0,0,0.0,,,Poland,"Poland, Germany",right,184,68,no,,,,,,,0.0,,,10.0,,0,,0,,,,0,,,0,,0,,,0.0,,,,,,,,,,,,,,,,,,,,,,,,,,,,,,,2.88,0.0,,,,,,,,,,,,,,,,,,0,,0,,0,0.0,0.0,,,,,,,,,,,0,0.0
B. Szeliga,Stal Mielec,Łódzki KS,"LWF, LB, LAMF",33,200000,2026-06-30,27,2116,6,4.76,3,3.17,16.12,44.85,Poland,Poland,right,184,74,no,5.4,3.79,57.3,4.47,40.95,0.17,0.26,0.17,3.06,4.77,0.98,1,0.04,0,0.0,3.23,0.26,6,0.26,0.2,1,0.04,33,1.4,45.45,18.182,0.13,1.96,39.13,1.57,40.54,0.38,33.33,0.26,3.1,57.53,6.29,43.92,2.55,1.7,0.85,17.91,2.17,0.98,25.14,76.99,7.95,63.64,5.53,97.69,7.7,78.45,21.14,84.31,2.13,40.0,18.71,24.2,0.13,0.68,0.0,0.0,0.21,20.0,0.43,3.1,64.38,1.83,46.51,0.6,7.14,0.55,0.68,4.59,72.22,0,,0,,0,0.0,0.0,0.0,,,0.38,,,0.0,0.0,0.0,0.0,0,0.0
J. Rodríguez,Real Avilés,Podbeskidzie Bielsko-Biała,"CB, RCB, LCB",30,200000,2027-06-30,23,1994,1,0.77,0,0.0,12.41,58.18,Spain,Spain,right,194,86,no,8.44,5.15,63.16,4.74,53.33,0.18,0.28,0.86,5.01,7.67,0.81,3,0.14,1,0.05,0.41,0.05,1,0.05,0.03,0,0.0,12,0.54,50.0,8.333,0.0,0.23,20.0,0.18,25.0,0.05,0.0,0.0,0.18,50.0,0.72,50.0,0.68,1.08,0.18,39.18,0.54,0.59,55.88,86.03,17.96,69.35,2.71,91.67,32.59,95.98,47.84,91.23,7.81,56.07,23.26,39.88,0.0,0.0,0.0,0.0,0.05,0.0,0.0,6.36,63.83,0.72,25.0,0.27,16.67,0.23,0.05,9.16,60.59,0,,0,,0,0.0,0.0,0.0,,,1.94,,,0.0,0.0,0.0,0.0,0,0.0
I. Markov,Montana,Podbeskidzie Bielsko-Biała,LCB,29,200000,2026-06-30,21,1827,0,0.6,0,0.08,14.33,58.42,Bulgaria,Bulgaria,left,188,70,no,9.46,6.65,68.15,3.6,56.16,0.44,0.65,0.54,4.48,6.55,1.48,4,0.2,0,0.0,0.49,0.0,0,0.0,0.03,0,0.0,7,0.34,42.86,0.0,0.0,0.25,40.0,0.25,40.0,0.0,0.0,0.0,0.34,71.43,1.92,51.28,0.39,1.53,0.49,35.96,0.69,0.64,49.75,86.83,21.08,76.64,3.74,92.11,19.61,95.73,42.91,92.77,6.65,50.37,21.24,36.85,0.0,0.15,0.0,0.0,0.05,0.0,0.0,5.47,71.17,0.59,33.33,0.25,20.0,0.1,0.1,9.16,70.43,0,,0,,0,0.0,0.0,0.0,,,2.02,,,0.0,0.0,0.0,0.0,0,0.0
E. Bonifacio,Independiente Rivadavia,Podbeskidzie Bielsko-Biała,"RWB, LDMF, LCMF",32,200000,2026-12-31,28,2354,1,1.06,0,1.23,16.13,49.29,Argentina,"Argentina, Italy",right,169,69,no,8.11,5.24,60.58,2.75,47.22,0.08,0.11,0.42,4.86,7.27,1.11,5,0.19,2,0.08,2.22,0.04,1,0.04,0.04,0,0.0,21,0.8,4.76,4.762,0.0,1.22,43.75,0.27,28.57,0.92,50.0,0.04,2.45,62.5,5.81,44.74,0.99,1.91,0.46,32.88,2.06,1.07,47.64,84.11,16.25,72.0,6.54,92.98,18.77,90.02,40.79,88.57,5.7,59.73,19.99,36.31,0.05,0.46,0.0,0.04,0.46,25.0,0.23,5.85,70.59,2.14,51.79,0.65,29.41,0.8,0.54,8.11,69.34,0,,0,,0,0.0,0.0,0.0,,,0.76,,,0.04,0.0,0.0,0.04,0,0.0
Nacho Monsalve,Hércules,Łódzki KS,"RCB, LCB",32,200000,2026-06-30,29,2721,2,1.97,0,0.0,11.51,58.91,Spain,Spain,both,189,81,no,8.63,4.4,66.17,3.8,51.3,0.3,0.45,0.83,5.42,8.26,0.83,8,0.26,0,0.0,0.89,0.07,2,0.07,0.07,1,0.03,14,0.46,57.14,14.286,0.0,0.1,33.33,0.07,50.0,0.03,0.0,0.0,0.73,81.82,1.79,53.7,0.86,1.19,0.4,33.64,0.33,0.36,50.01,86.84,21.63,76.45,2.41,90.41,22.52,96.33,42.57,93.08,7.34,51.35,23.23,39.32,0.0,0.0,0.0,0.0,0.0,0.0,0.0,4.4,51.88,0.6,38.89,0.43,15.38,0.13,0.03,8.6,66.54,0,,0,,0,0.0,0.0,0.0,,,1.85,,,0.0,0.0,0.0,0.0,0,0.0
M. Radecki,Stal Stalowa Wola,Tychy 71,"RCMF, AMF, RDMF",33,200000,2027-06-30,21,1752,0,2.24,1,1.77,26.35,45.61,Poland,Poland,right,187,74,no,6.88,5.03,54.08,5.8,54.87,0.1,0.14,0.21,4.06,5.56,2.21,8,0.41,2,0.1,2.21,0.0,0,0.0,0.11,0,0.0,27,1.39,14.81,0.0,0.05,0.72,50.0,0.21,75.0,0.51,40.0,0.1,3.44,41.79,10.58,39.32,1.59,1.49,0.77,17.36,0.82,2.0,29.64,79.03,10.43,60.59,4.11,97.5,9.5,86.49,26.1,83.07,2.88,50.0,16.93,30.88,0.09,0.92,0.0,0.05,0.36,57.14,0.41,4.42,67.44,1.8,57.14,0.46,33.33,0.92,0.31,4.37,77.65,0,,0,,0,0.0,0.0,0.0,,,0.1,,,0.0,0.0,0.0,0.0,0,0.0
T. Malec,,Tychy 71,"CF, RCMF",33,200000,,9,198,0,0.6,0,0.09,20.0,36.36,Slovakia,Slovakia,right,199,93,no,1.36,1.82,25.0,6.82,53.33,0.0,0.0,0.0,0.91,1.54,1.82,1,0.45,0,0.0,0.91,0.0,0,0.0,0.27,0,0.0,3,1.36,33.33,0.0,0.0,0.45,0.0,0.0,0.0,0.45,0.0,0.0,0.91,50.0,7.27,31.25,1.82,0.91,0.91,5.0,0.45,1.82,12.73,75.0,2.73,66.67,1.82,100.0,2.27,60.0,11.36,76.0,0.91,100.0,12.66,5.68,0.04,0.45,0.0,0.0,0.0,0.0,0.0,1.36,33.33,0.45,0.0,0.0,0.0,0.45,0.0,0.91,50.0,0,,0,,0,0.0,0.0,0.0,,,0.0,,,0.0,0.0,0.0,0.0,0,0.0
D. Hilbrycht,Nieciecza,Nieciecza,"AMF, RAMF, RW",28,200000,2028-06-30,28,1646,1,3.6,1,2.41,15.91,47.42,Poland,Poland,left,182,70,no,5.25,4.48,62.2,2.46,44.44,0.22,0.27,0.11,2.24,2.75,1.2,4,0.22,0,0.0,2.08,0.05,1,0.05,0.2,0,0.0,31,1.7,35.48,3.226,0.05,2.02,18.92,1.04,21.05,0.87,18.75,0.55,2.3,42.86,5.74,40.95,2.02,0.82,0.55,11.97,1.64,1.86,16.9,63.43,4.81,52.27,3.06,94.64,4.98,56.04,13.29,72.84,1.64,43.33,18.31,24.02,0.13,1.42,0.05,0.0,0.11,100.0,0.27,1.97,47.22,1.64,30.0,0.11,50.0,0.44,0.38,2.35,62.79,0,,0,,0,0.0,0.0,0.0,,,0.11,,,1.37,0.0,0.0,2.52,0,0.0
B. Baranowicz,Wigry Suwałki,SKRA Częstochowa,"RCMF, LCMF",23,200000,2027-06-30,25,1708,0,0.5,0,0.55,16.76,53.77,Poland,Poland,right,175,64,no,7.96,6.9,59.54,2.11,45.0,0.37,0.44,0.26,3.48,4.18,1.42,3,0.16,0,0.0,1.58,0.0,0,0.0,0.03,0,0.0,18,0.95,22.22,0.0,0.0,0.47,11.11,0.0,0.0,0.47,11.11,0.0,1.74,66.67,5.59,52.83,0.11,1.48,0.58,24.5,0.26,2.21,37.04,81.37,12.75,67.36,5.48,95.19,13.81,88.55,31.83,87.58,4.74,46.67,18.52,32.95,0.03,0.53,0.05,0.0,0.32,50.0,0.11,6.9,63.36,1.53,31.03,0.69,15.38,0.58,0.05,5.64,71.03,0,,0,,0,0.0,0.0,0.0,,,0.74,,,0.0,0.0,0.0,0.0,0,0.0
K. Wachowiak,Ruch Chorzów,Stal Rzeszów,LB,24,200000,2027-06-30,19,1185,0,0.33,0,0.79,20.51,51.48,Poland,Poland,left,175,67,no,7.97,7.75,62.75,1.37,27.78,0.15,0.26,0.08,2.96,5.13,0.99,1,0.08,0,0.0,4.41,0.0,0,0.0,0.03,0,0.0,14,1.06,7.14,0.0,0.0,3.57,31.91,3.57,31.91,0.0,0.0,0.53,4.94,60.0,9.04,49.58,1.14,2.28,0.53,28.33,1.22,0.99,39.11,79.42,15.27,73.13,6.15,92.59,12.76,82.74,32.2,88.21,3.49,45.65,18.8,26.77,0.06,0.76,0.08,0.08,0.46,50.0,0.38,4.63,80.33,3.95,48.08,0.68,33.33,0.76,1.06,8.2,77.78,0,,0,,0,0.0,0.0,0.0,,,0.46,,,0.53,0.0,0.0,0.46,0,0.0
O. Azatskyi,Warta Poznań,Arka Gdynia,"LCB, CB",32,200000,2027-06-30,16,1548,1,1.7,0,0.12,14.07,65.29,Ukraine,Ukraine,left,190,89,no,10.76,5.58,68.75,4.71,71.6,0.29,0.49,0.64,6.63,11.18,0.87,3,0.17,0,0.0,0.41,0.06,1,0.06,0.1,1,0.06,12,0.7,25.0,8.333,0.0,0.12,100.0,0.06,100.0,0.0,0.0,0.0,0.12,100.0,1.1,42.11,1.16,0.17,0.0,26.86,0.12,0.52,47.03,82.69,22.5,72.87,2.09,88.89,17.97,93.85,39.53,87.94,7.38,54.33,21.33,38.03,0.01,0.17,0.0,0.06,0.06,0.0,0.0,4.53,64.1,0.41,42.86,0.35,16.67,0.23,0.12,9.42,59.88,0,,0,,0,0.0,0.0,0.0,,,1.34,,,0.0,0.0,0.0,0.0,0,0.0
M. Hubínek,České Budějovice,Nieciecza,"RCMF, LCMF, RDMF",31,175000,2026-06-30,22,1295,0,0.93,0,0.4,14.8,50.23,Czech Republic,Czech Republic,left,181,81,no,7.78,7.02,66.34,3.2,39.13,0.14,0.25,0.28,2.99,5.4,1.25,2,0.14,0,0.0,0.9,0.0,0,0.0,0.06,0,0.0,10,0.69,10.0,0.0,0.0,0.9,46.15,0.28,25.0,0.56,50.0,0.07,0.63,55.56,2.5,38.89,0.69,1.04,0.63,29.4,0.56,0.42,42.39,84.1,13.76,67.68,5.14,93.24,19.53,92.88,36.21,88.68,5.28,59.21,19.08,33.17,0.03,0.56,0.07,0.0,0.56,12.5,0.28,7.23,69.23,1.6,39.13,0.69,0.0,0.28,0.49,6.19,78.65,0,,0,,0,0.0,0.0,0.0,,,0.9,,,0.0,0.0,0.0,0.0,0,0.0
L. Sołowiej,Puszcza Niepołomice,Puszcza Niepołomice,"LCB, RCB",37,150000,2026-06-30,30,2946,6,4.1,0,0.19,8.62,57.45,Poland,Poland,right,189,84,no,6.81,3.02,68.69,3.39,53.15,0.15,0.22,0.7,4.58,6.72,0.67,3,0.09,1,0.03,0.49,0.18,3,0.09,0.13,2,0.06,19,0.58,47.37,31.579,0.0,0.18,66.67,0.15,80.0,0.03,0.0,0.03,0.12,75.0,0.49,56.25,0.98,0.24,0.09,10.33,0.06,0.24,19.8,77.93,9.29,64.8,1.28,92.86,8.07,92.05,14.63,84.13,4.98,60.12,24.89,39.76,0.01,0.12,0.0,0.03,0.0,0.0,0.0,3.45,60.18,0.34,36.36,0.12,25.0,0.21,0.09,5.1,63.47,0,,0,,0,0.0,0.0,0.0,,,1.01,,,0.03,0.0,0.0,0.0,3,100.0
R. Niziołek,Kluczbork,Odra Opole,"LDMF, RDMF, LCMF",37,150000,2027-06-30,30,2430,4,3.94,1,2.08,12.93,47.85,Poland,Poland,right,178,68,no,7.11,4.93,55.64,2.07,41.07,0.22,0.29,0.26,4.15,5.34,1.37,8,0.3,0,0.0,1.85,0.15,0,0.0,0.15,0,0.0,28,1.04,25.0,14.286,0.04,1.04,35.71,0.26,28.57,0.78,38.1,0.19,1.3,65.71,3.44,47.31,0.56,1.11,0.19,28.15,0.3,0.74,43.15,85.58,15.26,80.1,4.96,91.79,17.19,88.79,37.41,89.01,4.78,68.99,18.84,34.19,0.08,0.63,0.07,0.0,0.78,47.62,0.22,6.48,77.71,1.78,50.0,0.63,35.29,0.63,0.33,7.44,76.12,0,,0,,0,0.0,0.0,0.0,,,0.56,,,0.3,0.0,0.0,0.44,4,100.0
I. Nekić,Holstein Kiel,Sandecja Nowy Sącz,"LCB, RCB",24,150000,2029-06-30,14,1260,0,0.44,1,0.14,14.29,59.5,Croatia,Croatia,right,185,72,no,10.0,5.86,70.73,4.64,50.77,0.43,0.58,0.64,5.43,7.35,1.29,3,0.21,1,0.07,0.64,0.0,0,0.0,0.03,0,0.0,6,0.43,66.67,0.0,0.07,0.43,33.33,0.0,0.0,0.43,33.33,0.07,0.29,75.0,0.86,66.67,0.36,0.5,0.0,24.14,0.57,0.64,39.21,84.88,19.07,75.28,4.14,100.0,12.29,95.35,32.57,91.45,6.29,54.55,21.16,33.32,0.01,0.14,0.0,0.0,0.0,0.0,0.07,5.71,58.75,0.79,45.45,0.21,33.33,0.14,0.07,8.21,65.22,0,,0,,0,0.0,0.0,0.0,,,2.64,,,0.0,0.0,0.0,0.0,0,0.0
A. Mehremić,Oedt,Wisła Kraków,LCB,34,150000,,6,552,0,0.3,0,0.09,12.88,46.84,Bosnia and Herzegovina,Bosnia and Herzegovina,left,189,85,no,7.01,4.73,55.17,4.24,46.15,0.33,0.61,0.49,4.08,7.65,1.47,1,0.16,0,0.0,0.98,0.0,0,0.0,0.05,0,0.0,6,0.98,50.0,0.0,0.0,0.16,0.0,0.16,0.0,0.0,0.0,0.16,1.3,37.5,2.12,38.46,0.82,1.47,0.16,30.49,0.16,0.33,47.12,85.81,19.08,76.07,3.26,90.0,21.52,93.18,40.11,91.87,6.85,52.38,22.55,34.1,0.01,0.16,0.0,0.0,0.0,0.0,0.0,7.66,70.21,0.49,33.33,0.16,0.0,0.33,0.0,11.09,67.65,0,,0,,0,0.0,0.0,0.0,,,1.79,,,0.0,0.0,0.0,0.0,0,0.0
E. Fazlagić,Vora,Wisła Kraków,RDMF,26,150000,,2,71,0,0.0,0,0.0,21.55,29.41,North Macedonia,North Macedonia,left,188,82,no,6.34,8.87,42.86,5.07,0.0,0.0,0.0,0.0,2.54,3.53,2.54,0,0.0,0,0.0,0.0,0.0,0,0.0,0.0,0,0.0,0,0.0,0.0,0.0,0.0,0.0,0.0,0.0,0.0,0.0,0.0,0.0,0.0,0.0,3.8,0.0,0.0,0.0,1.27,16.48,1.27,0.0,27.89,68.18,11.41,55.56,1.27,100.0,8.87,57.14,20.28,81.25,7.61,33.33,14.27,15.41,0.0,0.0,0.0,0.0,0.0,0.0,0.0,3.8,66.67,2.54,0.0,1.27,0.0,0.0,0.0,2.54,50.0,0,,0,,0,0.0,0.0,0.0,,,0.0,,,0.0,0.0,0.0,0.0,0,0.0
P. Pyrdoł,Mławianka Mława,SKRA Częstochowa,"AMF, LW, LWF",27,150000,,22,1057,0,0.7,0,0.69,16.94,38.69,Poland,Poland,right,178,0,no,3.75,3.92,50.0,2.64,32.26,0.0,0.0,0.0,1.79,2.28,1.53,3,0.26,0,0.0,2.13,0.0,0,0.0,0.06,0,0.0,11,0.94,27.27,0.0,0.0,0.85,20.0,0.43,20.0,0.34,25.0,0.09,3.24,47.37,8.09,33.68,1.53,0.85,0.68,15.58,0.6,1.53,23.42,87.27,5.88,85.51,6.3,90.54,6.22,89.04,22.22,90.04,0.43,80.0,14.76,9.0,0.06,0.77,0.09,0.0,0.17,100.0,0.17,2.47,89.66,1.53,50.0,0.34,75.0,0.77,0.09,1.96,91.3,0,,0,,0,0.0,0.0,0.0,,,0.0,,,0.0,0.0,0.0,0.0,0,0.0
K. Podliński,Łódzki KS,Górnik Łęczna,CF,28,150000,2028-06-30,32,1932,2,4.46,2,1.46,29.35,35.71,Poland,Poland,right,194,90,no,4.15,3.63,52.56,10.43,36.61,0.19,0.27,0.14,2.05,2.94,1.54,3,0.14,0,0.0,1.3,0.09,2,0.09,0.21,1,0.05,29,1.35,41.38,6.897,0.09,0.28,33.33,0.05,0.0,0.19,25.0,0.09,1.21,53.85,9.46,33.0,2.19,0.65,0.19,6.48,1.91,2.05,12.39,68.05,3.07,46.97,3.17,86.76,3.26,67.14,11.55,69.76,0.56,50.0,14.92,12.8,0.07,0.37,0.0,0.05,0.14,0.0,0.14,1.63,57.14,0.61,30.77,0.14,0.0,0.23,0.09,1.07,60.87,0,,0,,0,0.0,0.0,0.0,,,0.0,,,0.0,0.0,0.0,0.0,0,0.0
A. Trubeha,Puszcza Niepołomice,Nieciecza,"AMF, CF",28,150000,2028-06-30,17,1211,3,4.5,1,0.93,27.57,44.47,Ukraine,"Ukraine, Poland",both,186,75,no,6.39,4.68,52.38,9.29,46.4,0.82,1.42,0.3,3.12,5.43,1.71,4,0.3,0,0.0,3.34,0.22,3,0.22,0.33,1,0.07,29,2.16,31.03,10.345,0.07,0.74,40.0,0.22,33.33,0.52,42.86,0.22,4.16,53.57,9.51,38.28,4.16,1.26,0.37,14.05,1.93,2.01,23.19,75.0,7.21,56.7,4.91,95.45,5.72,79.22,21.55,76.9,0.89,58.33,15.99,20.59,0.07,0.59,0.0,0.0,0.52,28.57,0.52,2.38,46.88,1.41,63.16,0.45,33.33,0.97,0.3,3.2,62.79,0,,0,,0,0.0,0.0,0.0,,,0.07,,,0.0,0.0,0.0,0.0,0,0.0
V. Okhronchuk,Znicz Pruszków,Łódzki KS,"DMF, RDMF, LDMF",28,150000,2027-06-30,22,1151,1,0.73,2,1.59,20.88,50.19,Ukraine,Ukraine,right,190,77,no,11.73,10.32,53.79,2.58,45.45,1.25,1.94,0.16,4.93,7.62,3.52,3,0.23,0,0.0,1.95,0.08,1,0.08,0.06,0,0.0,5,0.39,20.0,20.0,0.16,0.7,44.44,0.16,0.0,0.47,50.0,0.23,2.27,65.52,5.47,51.43,0.94,1.02,0.16,22.52,0.23,1.72,37.45,80.79,12.82,67.07,5.86,89.33,13.06,92.22,33.47,83.18,3.44,63.64,18.49,26.61,0.12,0.63,0.0,0.0,0.39,20.0,0.31,6.41,79.27,1.17,33.33,0.63,25.0,0.23,0.23,6.72,61.63,0,,0,,0,0.0,0.0,0.0,,,0.16,,,0.0,0.0,0.0,0.0,0,0.0
P. Szur,Pogoń Siedlce,Ruch Chorzów,"CB, LCB",30,150000,2027-06-30,26,1953,1,2.0,0,0.16,15.58,63.31,Poland,Poland,right,189,85,no,9.77,5.58,73.55,6.59,60.84,0.14,0.22,0.69,5.53,8.78,1.15,4,0.18,0,0.0,0.23,0.05,1,0.05,0.09,1,0.05,10,0.46,30.0,10.0,0.0,0.18,25.0,0.05,0.0,0.09,0.0,0.0,0.05,100.0,0.65,35.71,0.97,0.14,0.09,22.9,0.23,0.6,37.1,84.47,13.55,71.09,1.34,79.31,19.22,94.96,32.53,88.95,4.38,53.68,20.71,26.29,0.01,0.09,0.0,0.0,0.0,0.0,0.09,2.72,54.24,0.28,16.67,0.05,100.0,0.05,0.05,6.36,60.14,0,,0,,0,0.0,0.0,0.0,,,0.69,,,0.0,0.0,0.0,0.0,0,0.0
J. Piątek,,Ruch Chorzów,"RCMF, LCMF",28,150000,,27,1626,0,2.07,0,0.21,17.77,51.4,Poland,Poland,right,179,77,no,9.69,6.64,70.83,2.32,33.33,0.72,1.12,0.06,4.26,6.66,1.11,3,0.17,0,0.0,1.33,0.0,0,0.0,0.11,0,0.0,15,0.83,26.67,0.0,0.0,0.89,25.0,0.44,25.0,0.44,25.0,0.17,1.83,45.45,5.87,43.4,1.11,1.27,0.55,29.56,0.55,1.16,46.33,85.3,12.79,71.43,8.86,95.0,17.32,89.78,42.51,89.45,2.93,43.4,17.91,24.7,0.01,0.44,0.0,0.0,0.11,50.0,0.22,5.81,69.52,1.38,36.0,0.17,33.33,0.39,0.28,4.93,66.29,0,,0,,0,0.0,0.0,0.0,,,0.77,,,0.0,0.0,0.0,0.06,0,0.0
T. Wojcinowicz,Warta Poznań,Puszcza Niepołomice,RCB,30,150000,2027-06-30,33,3122,2,3.21,1,0.22,18.31,58.11,Poland,Poland,right,186,80,no,10.41,6.02,66.99,9.43,57.49,0.35,0.5,0.78,6.02,8.74,1.3,10,0.29,0,0.0,0.37,0.06,2,0.06,0.09,0,0.0,32,0.92,25.0,6.25,0.03,0.23,12.5,0.06,0.0,0.17,16.67,0.03,0.12,75.0,0.63,36.36,1.96,0.06,0.0,11.91,0.61,0.4,22.63,71.97,11.04,61.62,1.35,95.74,7.81,85.61,16.52,80.45,5.88,50.49,23.46,39.77,0.01,0.17,0.03,0.0,0.06,50.0,0.12,3.69,51.56,0.63,36.36,0.14,20.0,0.55,0.09,6.2,53.02,0,,0,,0,0.0,0.0,0.0,,,1.12,,,0.03,0.0,0.0,0.0,0,0.0
M. Bougaidis,Ilioupoli,Chrobry Głogów,"LCB, RCB",33,150000,2027-06-30,23,2084,0,1.33,0,0.47,11.96,59.21,Greece,Greece,left,190,77,no,9.93,3.45,61.25,5.36,56.45,0.56,0.74,1.3,7.26,9.56,0.73,7,0.3,1,0.04,0.22,0.0,0,0.0,0.06,0,0.0,10,0.43,0.0,0.0,0.0,0.04,100.0,0.04,100.0,0.0,0.0,0.0,0.22,80.0,0.82,57.89,0.99,0.22,0.04,19.61,0.26,0.73,31.96,82.03,14.64,68.73,1.6,83.78,13.39,95.81,25.05,89.83,6.87,53.46,23.59,38.98,0.02,0.13,0.04,0.0,0.04,0.0,0.09,3.2,52.7,0.48,9.09,0.17,25.0,0.17,0.04,7.21,58.68,0,,0,,0,0.0,0.0,0.0,,,0.99,,,0.0,0.0,0.0,0.0,0,0.0
M. Banaszewski,,Zagłębie Sosnowiec,"LW, LAMF",31,150000,,25,1874,4,3.61,1,3.26,24.88,40.35,Poland,Poland,right,175,65,no,5.57,5.28,62.73,2.31,29.17,0.05,0.07,0.1,2.21,3.04,1.34,2,0.1,0,0.0,3.84,0.19,4,0.19,0.17,0,0.0,32,1.54,28.13,12.5,0.05,0.96,40.0,0.82,41.18,0.14,33.33,0.19,5.96,45.16,13.83,36.11,2.4,1.78,0.86,15.56,1.82,2.45,23.39,82.34,6.44,69.4,6.82,97.18,4.27,82.02,21.42,85.2,1.01,61.9,14.65,18.54,0.16,1.82,0.0,0.05,0.72,46.67,0.62,2.21,60.87,2.64,61.82,0.86,33.33,1.54,0.38,3.65,76.32,0,,0,,0,0.0,0.0,0.0,,,0.05,,,0.14,0.05,0.0,1.58,0,0.0
M. Pawlik,Znicz Pruszków,Górnik Łęczna,"RDMF, RCMF",31,150000,2027-06-30,8,527,0,0.02,0,0.0,22.37,51.15,Poland,Poland,both,186,81,no,14.0,8.71,68.63,5.29,35.48,0.51,0.7,0.85,7.51,10.31,1.54,2,0.34,0,0.0,1.02,0.0,0,0.0,0.0,0,0.0,2,0.34,0.0,0.0,0.0,0.0,0.0,0.0,0.0,0.0,0.0,0.0,2.05,50.0,4.78,32.14,0.34,0.0,0.17,13.32,0.0,1.2,26.98,75.32,7.69,57.78,4.1,100.0,11.1,76.92,23.91,80.0,3.07,38.89,17.15,22.94,0.0,0.0,0.0,0.0,0.0,0.0,0.0,4.1,50.0,0.34,0.0,0.17,0.0,0.17,0.0,3.07,38.89,0,,0,,0,0.0,0.0,0.0,,,0.17,,,0.0,0.0,0.0,0.0,0,0.0
D. Węglarz,Łódzki KS,Chrobry Głogów,GK,30,150000,2028-06-30,12,1164,0,0.0,0,0.0,0.7,88.89,Poland,Poland,right,189,81,no,1.08,0.0,0.0,0.46,100.0,0.0,0.0,0.0,1.08,1.3,0.08,1,0.08,0,0.0,0.0,0.0,0,0.0,0.0,0,0.0,0,0.0,0.0,0.0,0.0,0.0,0.0,0.0,0.0,0.0,0.0,0.0,0.0,0.0,0.0,0.0,0.0,0.0,0.0,8.35,0.0,0.23,14.92,78.24,9.2,68.07,0.0,0.0,5.18,94.03,7.65,95.96,7.27,59.57,36.94,51.26,0.0,0.0,0.0,0.0,0.0,0.0,0.0,2.94,57.89,0.08,0.0,0.08,0.0,0.0,0.0,5.1,77.27,17,1.31,66,5.1,4,74.24,19.22,1.49,2.22,0.172,0.0,1.01,0.46,,,,0.0,0,0.0
W. Błyszko,Sandecja Nowy Sącz,Chojniczanka Chojnice,"CB, LCB",26,150000,2027-06-30,5,395,0,0.39,0,0.0,12.53,56.36,Poland,Poland,right,196,89,no,8.66,4.56,65.0,5.47,45.83,0.0,0.0,0.68,5.7,8.15,1.59,1,0.23,0,0.0,0.23,0.0,0,0.0,0.09,0,0.0,3,0.68,0.0,0.0,0.0,0.0,0.0,0.0,0.0,0.0,0.0,0.0,0.23,100.0,0.68,100.0,0.68,0.68,0.46,24.15,0.0,0.46,39.19,87.21,14.13,77.42,1.14,100.0,21.65,95.79,34.18,91.33,5.01,59.09,18.62,31.29,0.0,0.0,0.0,0.0,0.0,0.0,0.0,2.73,41.67,0.23,0.0,0.0,0.0,0.0,0.0,6.61,58.62,0,,0,,0,0.0,0.0,0.0,,,0.91,,,0.0,0.0,0.0,0.0,0,0.0
D. Pawłowski,Rekord Bielsko-Biała,Sandecja Nowy Sącz,"RB, LB, RWB",26,150000,2027-06-30,16,1196,0,0.48,1,0.77,12.27,52.76,Poland,Poland,right,184,71,no,9.33,5.42,58.33,1.2,31.25,0.08,0.09,0.45,6.1,7.5,0.38,1,0.08,0,0.0,2.11,0.0,0,0.0,0.04,0,0.0,13,0.98,23.08,0.0,0.08,2.93,17.95,0.98,15.38,1.96,19.23,0.3,1.88,64.0,3.69,55.1,0.75,1.35,0.68,23.78,1.66,0.38,37.7,70.26,16.25,63.43,4.97,93.94,12.19,70.37,29.05,81.61,5.94,37.97,22.62,36.43,0.06,0.68,0.08,0.0,0.15,100.0,0.3,5.12,52.94,2.93,33.33,0.68,33.33,0.83,0.53,9.18,55.74,0,,0,,0,0.0,0.0,0.0,,,0.75,,,0.0,0.0,0.0,0.0,0,0.0
M. Mešanović,Dukla Praha,Nieciecza,"CF, AMF",35,150000,,33,1985,9,10.35,1,0.58,15.96,42.33,Bosnia and Herzegovina,Bosnia and Herzegovina,right,177,75,no,2.95,2.95,69.23,3.49,32.47,0.09,0.16,0.0,0.82,1.43,1.13,5,0.23,0,0.0,2.72,0.41,8,0.36,0.47,0,0.0,57,2.58,47.37,15.789,0.05,1.09,41.67,0.5,63.64,0.59,23.08,0.23,2.13,42.55,6.8,38.0,3.31,0.59,0.27,13.1,1.63,1.0,20.36,79.73,3.99,67.05,6.57,96.55,5.17,74.56,18.09,84.71,1.18,38.46,17.42,22.5,0.03,0.45,0.05,0.09,0.32,42.86,0.27,1.63,77.78,1.18,50.0,0.32,0.0,0.73,0.41,1.95,72.09,0,,0,,0,0.0,0.0,0.0,,,0.09,,,0.05,0.05,0.0,0.05,1,100.0
E. Çeltik,Kayserispor,Podbeskidzie Bielsko-Biała,"AMF, RWF",23,150000,2027-06-30,22,732,1,1.59,1,1.28,20.04,29.45,Türkiye,Türkiye,left,164,62,no,3.44,4.06,36.36,4.3,8.57,0.0,0.0,0.0,1.97,3.43,1.35,2,0.25,0,0.0,2.46,0.12,1,0.12,0.2,0,0.0,9,1.11,22.22,11.111,0.12,2.34,47.37,1.23,70.0,1.11,22.22,0.37,1.72,50.0,9.1,35.14,2.46,1.11,0.49,20.29,0.86,1.48,28.03,79.39,7.25,69.49,6.52,92.45,7.87,85.94,25.08,83.33,0.86,57.14,16.23,10.72,0.16,1.48,0.12,0.0,0.86,28.57,0.61,1.48,58.33,3.69,63.33,0.49,25.0,1.48,0.86,4.06,81.82,0,,0,,0,0.0,0.0,0.0,,,0.0,,,0.49,0.0,0.0,0.86,0,0.0
Ł. Góra,Legia Warszawa II,Stal Rzeszów,RCB,32,150000,2027-06-30,33,3178,2,2.83,0,0.18,11.13,56.23,Poland,Poland,right,185,79,no,9.09,4.73,62.28,2.52,52.81,0.34,0.54,0.59,5.81,9.15,0.88,7,0.2,1,0.03,0.48,0.06,2,0.06,0.08,1,0.03,23,0.65,39.13,8.696,0.0,0.11,25.0,0.0,0.0,0.11,25.0,0.03,0.37,53.85,1.39,53.06,1.05,1.42,0.37,22.46,0.08,0.71,37.13,86.5,11.92,72.21,2.75,98.97,19.77,93.7,31.69,92.49,5.32,52.13,22.24,36.51,0.01,0.11,0.03,0.0,0.0,0.0,0.06,3.6,62.2,0.45,18.75,0.2,0.0,0.14,0.03,5.58,60.91,0,,0,,0,0.0,0.0,0.0,,,2.04,,,0.0,0.0,0.0,0.0,0,0.0
J. Kuzdra,Chelmianka Chelm,Chrobry Głogów,"RB, RWB, LB",28,150000,2027-06-30,32,2867,0,0.92,3,3.01,14.44,52.39,Poland,Poland,right,178,71,no,9.13,6.59,56.67,1.85,44.07,0.16,0.2,0.47,5.24,6.68,1.0,11,0.35,0,0.0,2.01,0.0,0,0.0,0.03,0,0.0,12,0.38,25.0,0.0,0.09,2.39,27.63,0.09,33.33,2.29,27.4,0.38,1.85,67.8,4.02,50.78,0.85,1.48,0.5,16.23,1.29,1.1,24.55,71.87,9.7,60.19,4.27,97.79,7.09,72.12,18.58,82.09,3.7,48.31,19.73,32.11,0.09,0.63,0.0,0.0,0.09,0.0,0.31,3.14,61.0,2.1,35.82,0.13,0.0,0.44,0.57,5.37,59.65,0,,0,,0,0.0,0.0,0.0,,,0.72,,,0.0,0.0,0.0,0.0,0,0.0
R. Mikulec,Wisła Kraków,Resovia Rzeszów,"RB, RW, RWF",28,150000,2027-06-30,32,2842,4,2.75,3,4.18,24.51,46.25,Poland,Poland,right,178,71,no,10.32,8.33,57.41,3.86,41.8,0.7,0.97,0.41,4.85,6.75,2.03,10,0.32,0,0.0,3.14,0.13,4,0.13,0.09,1,0.03,30,0.95,40.0,13.333,0.1,2.69,27.06,0.29,55.56,2.41,23.68,0.16,3.42,50.93,8.58,40.22,1.43,1.33,0.44,17.45,1.93,2.12,27.17,71.33,9.6,61.72,4.34,91.24,7.76,69.39,21.88,81.04,2.79,34.09,18.06,34.33,0.13,1.05,0.06,0.03,0.41,69.23,0.48,2.88,57.14,3.01,45.26,0.44,42.86,0.92,0.76,5.32,62.5,0,,0,,0,0.0,0.0,0.0,,,0.73,,,0.03,0.0,0.0,0.03,0,0.0
V. Dalić,Opatija,Zagłębie Sosnowiec,"RCB, LCB, CB",30,150000,,23,1678,0,1.42,0,0.43,10.35,51.81,Croatia,Croatia,right,186,71,no,7.4,3.92,60.27,3.22,46.67,0.27,0.41,0.8,4.77,7.22,0.75,3,0.16,0,0.0,0.21,0.0,0,0.0,0.08,0,0.0,8,0.43,12.5,0.0,0.0,0.38,42.86,0.05,0.0,0.32,50.0,0.05,0.21,0.0,0.8,26.67,0.48,0.75,0.05,21.62,0.38,0.38,33.9,81.8,14.91,67.27,1.98,89.19,15.45,94.79,24.24,92.92,9.28,54.34,26.52,41.54,0.02,0.27,0.0,0.0,0.0,0.0,0.11,5.26,52.04,0.7,30.77,0.38,28.57,0.0,0.16,8.31,65.16,0,,0,,0,0.0,0.0,0.0,,,1.5,,,0.0,0.0,0.0,0.0,0,0.0
M. Fábry,Malženice,Zagłębie Sosnowiec,CF,27,150000,2026-06-30,28,1196,6,5.45,0,0.31,20.77,30.07,Slovakia,Slovakia,right,191,86,no,3.69,2.71,52.78,8.65,28.7,0.38,0.58,0.0,1.88,2.9,1.96,5,0.38,0,0.0,1.73,0.45,5,0.38,0.41,0,0.0,26,1.96,61.54,23.077,0.0,0.08,0.0,0.08,0.0,0.0,0.0,0.08,0.6,62.5,4.06,24.07,3.91,0.3,0.08,8.95,2.86,0.68,13.92,70.27,2.56,38.24,4.52,86.67,3.69,65.31,13.32,72.32,0.53,28.57,14.81,8.94,0.02,0.45,0.0,0.0,0.23,66.67,0.15,1.35,38.89,0.68,44.44,0.3,25.0,0.45,0.08,1.13,46.67,0,,0,,0,0.0,0.0,0.0,,,0.0,,,0.0,0.0,0.0,0.0,2,50.0
D. Dudziński,Sokół Kleczew,Katowice,"RCMF, LCMF, AMF",24,150000,2027-06-30,28,1786,0,1.21,1,1.68,16.23,45.96,Poland,Poland,right,181,72,yes,6.7,5.09,49.5,1.41,35.71,0.55,0.75,0.55,3.63,4.9,1.81,8,0.4,0,0.0,1.97,0.0,0,0.0,0.06,0,0.0,21,1.06,19.05,0.0,0.05,1.16,30.43,0.4,25.0,0.76,33.33,0.1,2.22,59.09,7.41,45.58,0.71,1.11,0.71,16.88,0.25,1.71,27.41,81.62,8.31,69.09,3.33,87.88,9.68,90.1,24.19,86.04,2.07,58.54,18.06,24.69,0.08,1.01,0.0,0.0,0.2,50.0,0.25,4.03,73.75,1.61,50.0,0.35,71.43,0.45,0.35,3.88,79.22,0,,0,,0,0.0,0.0,0.0,,,0.05,,,0.91,0.1,0.0,2.02,0,0.0
I. Łasicki,Tychy 71,Wisła Kraków,"RCB, CB",30,150000,2027-06-30,32,3097,2,4.19,1,0.78,14.33,61.05,Poland,Poland,right,184,75,no,7.73,5.32,74.32,4.77,46.95,0.49,0.85,0.64,3.28,5.63,0.81,9,0.26,0,0.0,0.32,0.06,2,0.06,0.12,1,0.03,21,0.61,28.57,9.524,0.03,0.2,14.29,0.03,0.0,0.17,16.67,0.03,0.32,36.36,1.19,56.1,1.16,0.44,0.09,30.02,0.2,1.34,44.4,89.4,11.89,72.37,1.66,91.23,27.58,96.73,39.32,94.9,4.88,48.21,22.91,42.65,0.02,0.17,0.0,0.0,0.0,0.0,0.06,4.1,65.96,0.23,25.0,0.2,28.57,0.17,0.03,5.06,63.79,0,,0,,0,0.0,0.0,0.0,,,1.05,,,0.0,0.0,0.0,0.0,0,0.0
I. Sapała,,Wisła Kraków,"LDMF, LCMF, RCMF",30,150000,,7,390,0,0.56,1,0.22,18.0,55.13,Poland,Poland,right,187,77,no,10.62,8.77,50.0,1.15,40.0,0.69,1.14,0.46,5.54,9.11,2.54,2,0.46,0,0.0,1.15,0.0,0,0.0,0.13,0,0.0,2,0.46,0.0,0.0,0.23,0.46,50.0,0.0,0.0,0.46,50.0,0.0,1.15,60.0,5.54,75.0,0.23,0.92,0.0,33.23,0.23,2.54,52.15,88.94,17.31,80.0,6.69,96.55,21.69,93.62,47.31,92.2,4.38,57.89,18.0,23.52,0.05,0.69,0.0,0.23,0.46,50.0,0.46,5.08,81.82,1.15,60.0,0.46,50.0,0.46,0.23,9.0,76.92,0,,0,,0,0.0,0.0,0.0,,,0.46,,,0.92,0.0,0.0,1.15,0,0.0
F. Hartherz,Koper,Podbeskidzie Bielsko-Biała,LWB,33,150000,2027-05-31,15,1265,1,2.29,1,1.35,12.45,48.0,Germany,Germany,left,187,83,no,8.54,4.55,57.81,1.99,57.14,0.21,0.33,0.14,5.69,8.92,0.71,2,0.14,0,0.0,3.06,0.07,1,0.07,0.16,0,0.0,17,1.21,29.41,5.882,0.07,4.34,34.43,4.34,34.43,0.0,0.0,0.57,2.42,50.0,3.98,39.29,3.34,2.21,0.5,36.78,3.06,0.36,47.45,81.26,12.31,71.1,12.81,95.56,14.87,80.86,40.41,87.68,2.99,64.29,19.27,36.47,0.1,0.78,0.07,0.07,0.21,0.0,0.28,4.2,67.8,3.42,50.0,0.21,33.33,1.42,1.0,8.61,76.03,0,,0,,0,0.0,0.0,0.0,,,0.43,,,0.21,0.0,0.0,1.07,0,0.0
Ł. Moneta,Olimpia Grudziądz,Ruch Chorzów,LWB,32,150000,,30,1467,2,1.75,2,3.94,15.46,48.41,Poland,Poland,left,173,75,no,7.98,5.83,63.16,2.21,36.11,0.06,0.1,0.06,4.23,6.68,1.35,2,0.12,0,0.0,4.72,0.12,2,0.12,0.11,0,0.0,19,1.17,31.58,10.526,0.12,6.13,38.0,5.77,39.36,0.37,16.67,0.8,2.76,66.67,5.21,49.41,1.72,1.41,0.86,21.29,2.09,0.61,30.06,62.86,10.43,55.29,4.48,90.41,10.31,60.71,20.98,72.22,3.13,49.02,20.23,23.32,0.24,1.72,0.06,0.0,0.25,75.0,0.86,3.5,49.12,5.71,43.01,0.18,33.33,0.49,2.33,7.85,78.91,0,,0,,0,0.0,0.0,0.0,,,0.37,,,0.43,0.06,100.0,1.29,0,0.0
J. Simonsen,Fremad Amager,Podbeskidzie Bielsko-Biała,"RWB, LWB, RB",30,150000,,33,3108,4,4.52,5,3.56,15.72,51.57,Denmark,"Denmark, Haiti",right,184,76,no,8.75,5.94,68.29,3.3,47.37,0.17,0.27,0.23,4.52,6.89,1.01,3,0.09,0,0.0,1.59,0.12,4,0.12,0.13,0,0.0,24,0.69,37.5,16.667,0.14,1.45,30.0,0.72,32.0,0.72,28.0,0.17,1.71,50.85,4.26,41.5,2.35,1.85,0.52,28.96,2.06,0.41,40.16,81.4,13.23,69.8,6.75,94.42,12.77,88.44,35.99,86.4,2.78,41.67,17.68,32.56,0.1,0.81,0.03,0.03,0.12,25.0,0.41,3.79,70.23,1.91,53.03,0.2,28.57,1.01,0.55,7.18,64.11,0,,0,,0,0.0,0.0,0.0,,,0.46,,,0.0,0.0,0.0,0.0,0,0.0
S. Jurić,Varaždin,Łódzki KS,CF,27,150000,2028-05-31,20,777,5,3.98,0,0.55,21.54,33.87,Bosnia and Herzegovina,"Bosnia and Herzegovina, Croatia",right,185,79,no,3.47,3.13,59.26,6.72,39.66,0.46,0.76,0.12,1.16,1.9,0.58,2,0.23,0,0.0,1.97,0.58,5,0.58,0.46,1,0.12,19,2.2,42.11,26.316,0.0,0.69,50.0,0.23,50.0,0.46,50.0,0.0,1.39,50.0,8.69,21.33,3.13,1.04,0.69,11.7,2.32,1.16,16.45,77.46,3.36,48.28,6.6,91.23,3.47,76.67,14.83,79.69,0.93,62.5,15.14,16.51,0.06,0.58,0.0,0.0,0.12,0.0,0.23,1.04,55.56,0.81,42.86,0.23,50.0,0.35,0.23,1.27,54.55,0,,0,,0,0.0,0.0,0.0,,,0.0,,,0.0,0.0,0.0,0.0,0,0.0
K. Wełniak,Tychy 71,Podbeskidzie Bielsko-Biała,"CF, LAMF",26,150000,2027-06-30,6,122,0,0.0,0,0.0,17.7,16.67,Poland,Poland,both,185,80,no,2.21,2.21,33.33,5.9,25.0,0.0,0.0,0.0,1.48,2.86,2.95,1,0.74,0,0.0,0.0,0.0,0,0.0,0.0,0,0.0,0,0.0,0.0,0.0,0.0,0.74,0.0,0.0,0.0,0.74,0.0,0.0,0.0,0.0,7.38,10.0,0.74,0.0,0.0,8.85,0.0,0.74,16.97,47.83,3.69,40.0,4.43,50.0,4.43,50.0,13.28,55.56,2.95,25.0,15.55,11.49,0.0,0.0,0.0,0.0,0.0,0.0,0.0,0.74,100.0,0.0,0.0,0.0,0.0,0.0,0.0,3.69,20.0,0,,0,,0,0.0,0.0,0.0,,,0.0,,,0.0,0.0,0.0,0.0,0,0.0
K. Skibicki,Kalisz,Tychy 71,"RW, AMF, RAMF",24,150000,2026-06-30,15,784,0,0.96,0,0.53,24.11,42.86,Poland,Poland,right,174,64,no,9.64,8.38,58.9,1.72,26.67,1.15,1.4,0.23,3.56,4.35,1.84,4,0.46,0,0.0,2.98,0.0,0,0.0,0.11,0,0.0,16,1.84,18.75,0.0,0.0,1.84,18.75,0.0,0.0,1.84,18.75,0.0,5.28,43.48,9.3,38.27,2.07,2.07,1.26,14.01,1.38,1.72,19.74,68.02,5.05,63.64,3.1,88.89,6.31,65.45,16.76,73.97,1.38,50.0,17.83,18.09,0.06,0.69,0.0,0.11,0.11,0.0,0.23,1.26,63.64,1.61,50.0,0.23,0.0,0.69,0.46,3.33,62.07,0,,0,,0,0.0,0.0,0.0,,,0.34,,,0.0,0.0,0.0,0.0,0,0.0
M. Kuchta,Polonia Warszawa,Chojniczanka Chojnice,GK,30,150000,2027-06-30,27,2620,0,0.0,0,0.0,0.65,89.47,Poland,Poland,right,190,86,no,1.55,0.0,0.0,0.38,100.0,0.0,0.0,0.0,1.55,2.16,0.0,1,0.03,0,0.0,0.0,0.0,0,0.0,0.0,0,0.0,0,0.0,0.0,0.0,0.0,0.0,0.0,0.0,0.0,0.0,0.0,0.0,0.0,0.0,0.14,50.0,0.0,0.0,0.0,8.48,0.1,0.03,15.73,86.24,9.52,80.14,0.0,0.0,5.94,96.53,8.79,98.44,6.87,71.5,35.81,47.98,0.0,0.0,0.0,0.0,0.0,0.0,0.0,1.55,80.0,0.03,100.0,0.0,0.0,0.03,0.0,6.01,78.29,43,1.48,138,4.74,7,68.84,41.82,1.44,-1.18,-0.041,0.0,1.85,0.38,,,,0.0,0,0.0
Ł. Wolsztyński,Tatran Prešov,Chojniczanka Chojnice,"CF, RCMF",31,150000,2027-06-30,11,457,0,1.58,0,0.17,25.4,41.86,Poland,Poland,right,183,73,no,6.89,5.32,59.26,5.91,46.67,0.79,1.14,0.2,2.95,4.29,1.97,3,0.59,1,0.2,2.17,0.0,0,0.0,0.31,0,0.0,11,2.17,9.09,0.0,0.0,1.18,33.33,0.0,0.0,0.98,40.0,0.0,2.36,58.33,10.04,33.33,2.76,0.79,0.39,19.5,0.98,2.17,32.69,68.67,10.83,67.27,4.73,62.5,10.24,71.15,29.54,73.33,1.97,20.0,16.91,24.54,0.03,0.98,0.0,0.0,0.79,25.0,0.39,5.12,73.08,2.56,38.46,0.39,0.0,0.59,0.39,5.91,56.67,0,,0,,0,0.0,0.0,0.0,,,0.0,,,0.0,0.0,0.0,0.0,0,0.0
M. Surzyn,Stal Stalowa Wola,Sandecja Nowy Sącz,"RAMF, LW, LB",22,150000,,10,362,0,0.58,0,0.1,21.63,37.93,Poland,Poland,left,175,67,no,6.96,8.7,57.14,2.49,50.0,0.25,0.33,0.0,1.74,2.28,1.74,1,0.25,0,0.0,1.74,0.0,0,0.0,0.14,0,0.0,6,1.49,0.0,0.0,0.0,1.49,50.0,0.25,0.0,1.24,60.0,0.25,3.73,26.67,7.46,16.67,2.49,0.75,0.0,15.41,0.75,0.5,22.87,76.09,8.7,74.29,4.48,77.78,5.47,77.27,19.39,79.49,1.99,62.5,13.82,12.17,0.02,0.75,0.0,0.0,0.25,0.0,0.5,4.48,72.22,1.49,50.0,0.75,66.67,0.75,0.5,4.72,84.21,0,,0,,0,0.0,0.0,0.0,,,0.0,,,0.0,0.0,0.0,0.0,0,0.0
H. Tomalski,Stal Stalowa Wola,Puszcza Niepołomice,"AMF, LAMF, RAMF",32,150000,2026-06-30,27,1717,3,2.58,3,1.85,20.18,40.78,Poland,Poland,right,171,70,no,5.98,5.92,54.87,1.78,32.35,0.31,0.47,0.21,2.41,3.61,1.73,8,0.42,0,0.0,3.09,0.16,3,0.16,0.14,0,0.0,28,1.47,25.0,10.714,0.16,2.36,42.22,1.15,22.73,1.1,57.14,0.26,3.41,49.23,9.07,36.99,1.26,2.46,1.78,14.99,1.42,1.62,25.11,75.78,8.12,63.23,4.67,95.51,7.91,80.79,20.34,81.7,2.57,61.22,19.23,35.24,0.1,1.0,0.1,0.0,0.42,12.5,0.47,3.62,68.12,3.04,53.45,0.58,18.18,0.94,1.0,4.14,78.48,0,,0,,0,0.0,0.0,0.0,,,0.31,,,0.05,0.0,0.0,0.0,0,0.0
J. Bartosz,Odra Opole,Puszcza Niepołomice,"RAMF, LAMF",29,150000,2026-06-30,23,1319,2,1.07,1,1.43,18.7,40.15,Poland,Poland,right,183,76,no,5.6,4.91,45.83,2.87,28.57,0.14,0.21,0.2,3.21,5.02,1.71,1,0.07,0,0.0,2.93,0.14,2,0.14,0.07,0,0.0,20,1.36,15.0,10.0,0.07,3.0,31.82,0.82,50.0,2.18,25.0,0.61,3.14,56.52,7.03,43.69,1.57,0.75,0.48,6.76,1.23,0.75,13.24,57.22,4.3,42.86,2.52,86.49,3.96,55.17,8.8,69.77,1.57,34.78,25.56,24.57,0.1,1.5,0.07,0.14,0.2,0.0,0.14,1.84,70.37,2.59,44.74,0.48,42.86,0.41,1.02,3.75,69.09,0,,0,,0,0.0,0.0,0.0,,,0.14,,,0.0,0.0,0.0,0.07,0,0.0
D. Połap,Stal Rzeszów,Tychy 71,"RB, RWB, LWB",26,150000,2026-06-30,22,976,0,0.17,0,0.38,22.22,44.81,Poland,Poland,right,173,63,no,12.63,9.68,54.29,2.67,31.03,1.75,2.63,0.09,5.63,8.43,2.03,8,0.74,0,0.0,2.31,0.0,0,0.0,0.02,0,0.0,8,0.74,0.0,0.0,0.0,2.77,40.0,0.28,66.67,2.49,37.04,0.37,2.12,56.52,5.53,43.33,0.65,1.75,1.11,19.36,1.38,1.11,32.92,73.11,12.26,60.15,4.7,88.24,9.22,75.0,27.02,80.2,3.69,47.5,16.74,19.11,0.04,0.55,0.0,0.0,0.0,0.0,0.46,4.8,71.15,2.77,26.67,0.37,25.0,0.18,0.74,7.38,51.25,0,,0,,0,0.0,0.0,0.0,,,0.09,,,0.0,0.0,0.0,0.0,0,0.0
M. Czyżycki,Resovia Rzeszów,Tychy 71,"LCMF, AMF, LW",28,150000,2027-06-30,31,2393,9,4.93,3,1.21,19.44,49.52,Poland,Poland,right,175,73,no,7.56,6.77,57.78,1.43,23.68,0.15,0.2,0.38,3.5,4.73,1.47,7,0.26,0,0.0,2.37,0.34,9,0.34,0.19,2,0.08,42,1.58,40.48,21.429,0.11,0.79,23.81,0.3,25.0,0.49,23.08,0.04,2.37,60.32,7.52,50.0,1.28,1.13,0.49,17.83,0.75,2.44,26.67,77.01,8.24,67.12,5.75,84.97,7.11,84.13,24.48,79.57,1.43,60.53,15.77,26.22,0.05,0.64,0.0,0.0,0.26,42.86,0.19,2.97,68.35,1.43,44.74,0.41,27.27,0.6,0.19,4.4,64.96,0,,0,,0,0.0,0.0,0.0,,,0.15,,,0.04,0.0,0.0,0.0,0,0.0
J. Bieroński,Unia Skierniewice,Podbeskidzie Bielsko-Biała,"LCMF, RCMF",23,150000,2027-06-30,14,468,1,1.09,0,0.74,17.5,51.65,Poland,Poland,right,188,85,no,9.04,8.85,58.7,2.88,53.33,0.19,0.29,0.38,3.65,5.48,1.92,1,0.19,0,0.0,1.73,0.19,1,0.19,0.21,0,0.0,11,2.12,27.27,9.091,0.0,0.77,50.0,0.19,0.0,0.58,66.67,0.19,0.96,40.0,3.46,33.33,1.73,0.96,0.38,27.88,0.38,0.38,40.0,84.13,14.04,72.6,3.85,95.0,16.92,90.91,35.58,87.57,3.65,57.89,18.51,21.13,0.14,1.35,0.19,0.0,0.58,66.67,0.19,8.65,77.78,1.92,60.0,0.96,40.0,1.54,0.38,5.96,83.87,0,,0,,0,0.0,0.0,0.0,,,0.38,,,0.0,0.0,0.0,0.0,0,0.0
Pirulo,St Joseph's,Łódzki KS,"RWF, RAMF",34,150000,2027-06-30,31,2645,16,12.77,6,4.3,21.5,47.78,Spain,Spain,left,177,70,no,6.29,6.6,58.76,1.36,25.0,0.41,0.63,0.03,2.01,3.08,1.91,8,0.27,1,0.03,5.14,0.54,11,0.37,0.43,2,0.07,76,2.59,46.05,21.053,0.2,1.29,36.84,0.51,46.67,0.71,28.57,0.27,5.31,57.05,11.5,45.56,2.99,1.84,0.61,21.2,1.33,2.42,29.53,77.53,8.47,65.46,5.65,89.76,9.39,79.71,25.66,81.96,2.62,53.25,16.86,34.75,0.15,1.02,0.0,0.07,0.85,52.0,0.37,3.71,71.56,2.55,49.33,0.99,27.59,1.16,0.54,4.56,73.13,0,,0,,0,0.0,0.0,0.0,,,0.0,,,0.78,0.24,42.86,2.45,5,100.0
M. Gostomski,Stal Mielec,Górnik Łęczna,GK,37,125000,2027-06-30,32,3121,0,0.0,0,0.0,0.52,88.89,Poland,Poland,both,195,90,no,0.98,0.0,0.0,0.26,100.0,0.0,0.0,0.0,0.98,1.35,0.0,0,0.0,0,0.0,0.0,0.0,0,0.0,0.0,0,0.0,0,0.0,0.0,0.0,0.0,0.0,0.0,0.0,0.0,0.0,0.0,0.0,0.0,0.0,0.09,100.0,0.0,0.0,0.0,10.47,0.14,0.17,16.96,85.88,10.93,78.63,0.0,0.0,5.74,98.99,9.14,98.42,7.81,71.22,36.02,48.38,0.0,0.0,0.0,0.0,0.0,0.0,0.0,1.5,63.46,0.06,0.0,0.0,0.0,0.0,0.0,6.37,78.73,43,1.24,158,4.56,7,72.78,44.07,1.27,1.07,0.031,0.0,1.73,0.26,,,,0.0,0,0.0
K. Ibe-Torti,Chrobry Głogów,Łódzki KS,"LWF, RWF, LW",24,125000,2027-06-30,20,573,0,0.89,1,0.76,25.92,43.03,Nigeria,"Nigeria, Poland",right,174,67,no,6.44,5.18,54.55,2.83,33.33,0.16,0.25,0.0,3.46,5.41,1.41,0,0.0,0,0.0,6.6,0.0,0,0.0,0.14,0,0.0,15,2.36,13.33,0.0,0.16,2.67,23.53,2.36,20.0,0.31,50.0,0.47,8.8,62.5,14.76,45.74,4.24,4.08,1.73,13.98,1.1,0.63,21.83,76.26,4.4,71.43,5.65,94.44,6.13,89.74,18.69,84.87,0.63,25.0,13.81,6.38,0.12,0.79,0.0,0.0,0.47,33.33,0.31,2.04,69.23,2.04,46.15,0.31,50.0,1.1,0.63,2.67,70.59,0,,0,,0,0.0,0.0,0.0,,,0.0,,,0.0,0.0,0.0,0.0,0,0.0
Pedro Vieira,Bylis Ballsh,Resovia Rzeszów,"RAMF, RW, LAMF",24,125000,2026-06-30,22,1112,1,3.91,1,1.4,20.64,42.35,Portugal,Portugal,right,190,83,no,5.34,5.1,55.56,1.94,50.0,0.24,0.32,0.08,2.27,2.97,1.54,3,0.24,0,0.0,3.88,0.08,1,0.08,0.32,0,0.0,20,1.62,40.0,5.0,0.08,2.35,24.14,0.65,25.0,1.7,23.81,0.4,6.15,42.11,10.68,36.36,3.32,2.19,1.78,12.3,2.19,1.78,17.64,64.22,5.42,56.72,3.56,97.73,4.13,58.82,14.81,72.13,0.65,25.0,14.93,11.51,0.11,0.65,0.0,0.0,0.24,33.33,0.24,1.05,76.92,2.02,36.0,0.08,0.0,0.49,0.49,2.91,63.89,0,,0,,0,0.0,0.0,0.0,,,0.08,,,0.0,0.0,0.0,0.32,0,0.0
D. Czapliński,Kluczbork,Odra Opole,"CF, AMF",33,125000,2027-06-30,29,2516,3,5.3,1,1.05,34.27,44.78,Poland,Poland,right,186,80,no,7.76,7.51,58.1,11.12,45.66,0.29,0.36,0.14,3.11,3.94,2.93,12,0.43,0,0.0,2.4,0.11,3,0.11,0.19,1,0.04,29,1.04,24.14,10.345,0.04,0.79,22.73,0.11,33.33,0.68,21.05,0.14,3.0,58.33,10.7,39.8,2.72,0.97,0.43,11.95,1.07,2.61,20.53,73.52,5.29,57.43,4.04,90.27,6.4,80.45,18.6,76.54,1.18,60.61,16.14,23.15,0.04,0.47,0.04,0.11,0.47,46.15,0.21,1.86,57.69,1.04,55.17,0.36,40.0,0.57,0.18,1.82,64.71,0,,0,,0,0.0,0.0,0.0,,,0.0,,,0.0,0.0,0.0,0.0,0,0.0
Z. Ondrášek,Viktoria Žižkov,Wisła Kraków,AMF,37,100000,,1,11,0,0.0,0,0.0,,,Czech Republic,Czech Republic,right,186,79,no,,,,,,,0.0,,,0.0,,0,,0,,,,0,,,0,,0,,,0.0,,,,,,,,,,,,,,,,,,,,,,,,,,,,,,,9.4,0.0,,,,,,,,,,,,,,,,,,0,,0,,0,0.0,0.0,,,,,,,,,,,0,0.0
Jonathan De Amo,,Górnik Łęczna,"LCB, RCB",36,100000,,18,1670,1,0.76,0,0.21,13.42,60.64,Spain,Spain,right,190,81,no,9.54,5.71,68.87,3.45,56.25,0.38,0.55,0.92,5.23,7.58,0.75,6,0.32,0,0.0,0.11,0.05,1,0.05,0.04,0,0.0,5,0.27,20.0,20.0,0.0,0.27,0.0,0.05,0.0,0.22,0.0,0.0,0.38,14.29,1.89,31.43,0.97,0.49,0.27,24.36,0.32,0.59,39.18,87.48,14.5,79.55,2.26,88.1,19.08,95.76,35.68,91.39,3.23,51.67,20.01,30.22,0.01,0.11,0.05,0.0,0.0,0.0,0.0,2.8,67.31,0.32,16.67,0.05,0.0,0.11,0.0,5.12,60.0,0,,0,,0,0.0,0.0,0.0,,,1.78,,,0.0,0.0,0.0,0.0,0,0.0
M. Machaj,Chrobry Głogów U19,Chrobry Głogów,"AMF, LW",36,100000,,22,1216,7,5.59,2,1.87,11.69,37.97,Poland,Poland,right,176,67,no,4.0,3.63,42.86,2.0,18.52,0.22,0.31,0.15,2.22,3.06,1.26,0,0.0,0,0.0,2.81,0.52,1,0.07,0.41,0,0.0,31,2.29,45.16,22.581,0.15,2.0,18.52,0.96,23.08,1.04,14.29,0.22,1.48,65.0,3.33,46.67,1.11,0.44,0.15,22.13,0.81,0.74,31.97,68.98,13.25,60.34,4.44,90.0,10.36,70.0,23.83,77.02,6.14,54.22,21.84,32.84,0.14,1.33,0.07,0.0,0.81,54.55,0.3,6.44,65.52,3.18,37.21,1.41,47.37,0.59,0.52,7.03,74.74,0,,0,,0,0.0,0.0,0.0,,,0.07,,,1.04,0.37,40.0,5.18,6,100.0
M. Sadlok,,Ruch Chorzów,"LCB, LB, CB",36,100000,,22,2050,1,2.57,0,2.07,13.83,54.92,Poland,Poland,left,187,83,no,8.12,4.92,66.96,3.38,53.25,0.44,0.71,0.48,4.39,7.14,1.1,5,0.22,0,0.0,1.62,0.04,1,0.04,0.11,0,0.0,18,0.79,22.22,5.556,0.0,1.54,48.57,1.27,48.28,0.26,50.0,0.18,0.92,71.43,2.81,45.31,0.66,0.92,0.04,27.44,0.79,0.83,43.6,83.48,20.63,77.02,2.5,91.23,16.07,89.62,34.11,89.19,7.99,65.93,21.85,39.74,0.09,0.7,0.0,0.0,0.13,33.33,0.18,7.46,77.65,1.67,50.0,0.4,33.33,0.31,0.66,11.37,79.15,0,,0,,0,0.0,0.0,0.0,,,0.48,,,1.23,0.18,75.0,1.14,0,0.0
A. Prokić,Shinnik,Stal Rzeszów,"LAMF, LWF",37,100000,2027-06-30,35,2972,9,9.76,7,8.5,18.71,41.42,Serbia,"Serbia, Poland",left,178,74,no,4.24,4.45,55.78,2.88,43.16,0.06,0.1,0.09,1.7,2.69,0.97,1,0.03,0,0.0,3.27,0.27,9,0.27,0.3,2,0.06,54,1.64,44.44,16.667,0.21,3.21,22.64,3.06,21.78,0.06,0.0,0.58,3.6,46.22,8.99,37.37,4.36,1.97,0.7,18.53,3.3,1.64,23.77,73.12,4.15,69.34,5.6,87.57,8.69,67.6,19.59,81.45,1.12,64.86,17.79,25.31,0.26,1.39,0.03,0.0,0.27,55.56,0.79,1.21,67.5,3.15,51.92,0.27,55.56,1.64,0.67,3.21,82.08,0,,0,,0,0.0,0.0,0.0,,,0.09,,,0.0,0.0,0.0,0.06,0,0.0
J. Manzorro,,Sandecja Nowy Sącz,"AMF, CF, RCMF",33,100000,,5,221,0,0.59,0,0.06,16.29,45.0,France,France,right,173,68,no,4.48,5.29,53.85,1.22,33.33,0.81,1.11,0.0,0.81,1.11,0.41,0,0.0,0,0.0,2.44,0.0,0,0.0,0.24,0,0.0,3,1.22,33.33,0.0,0.0,1.22,66.67,0.41,100.0,0.81,50.0,0.41,1.63,75.0,7.33,50.0,0.41,0.41,1.22,25.66,0.0,2.44,35.84,82.95,15.07,64.86,5.29,100.0,12.22,96.67,27.69,91.18,6.92,52.94,18.12,25.15,0.03,0.81,0.0,0.0,0.81,0.0,0.0,8.96,59.09,3.67,22.22,3.26,0.0,0.0,0.81,6.52,87.5,0,,0,,0,0.0,0.0,0.0,,,0.0,,,3.67,0.41,0.0,1.22,0,0.0
D. Szelągowski,,Chojniczanka Chojnice,"RAMF, LW, LWF",22,100000,,5,315,0,0.39,1,0.39,14.0,34.69,Poland,Poland,right,176,70,no,4.57,4.57,56.25,1.43,0.0,0.29,0.45,0.0,1.71,2.73,1.71,2,0.57,0,0.0,3.14,0.0,0,0.0,0.11,0,0.0,8,2.29,12.5,0.0,0.29,3.71,30.77,1.71,0.0,2.0,57.14,0.57,4.0,35.71,6.57,30.43,2.57,2.0,0.57,22.29,4.57,0.0,28.0,76.53,6.0,61.9,4.29,93.33,10.0,71.43,22.29,85.9,2.29,50.0,16.31,27.32,0.11,1.14,0.0,0.0,0.57,50.0,0.29,2.0,71.43,3.43,41.67,0.86,33.33,1.14,0.86,4.29,66.67,0,,0,,0,0.0,0.0,0.0,,,0.0,,,0.0,0.0,0.0,0.0,0,0.0
M. Vasil,Nuova Sondrio,Nieciecza,"RWF, LW, CF",24,100000,2026-06-30,3,95,0,0.39,0,0.04,12.32,30.77,Slovakia,Slovakia,right,179,71,no,3.79,3.79,50.0,1.89,0.0,0.0,0.0,0.0,1.89,3.33,0.95,0,0.0,0,0.0,0.95,0.0,0,0.0,0.37,0,0.0,3,2.84,0.0,0.0,0.0,0.0,0.0,0.0,0.0,0.0,0.0,0.0,1.89,50.0,3.79,25.0,2.84,1.89,0.95,11.37,0.95,0.0,18.0,68.42,7.58,50.0,4.74,100.0,4.74,60.0,16.11,70.59,1.89,50.0,19.79,19.02,0.04,0.95,0.0,0.0,0.95,0.0,0.0,3.79,50.0,0.95,0.0,1.89,0.0,0.0,0.0,4.74,80.0,0,,0,,0,0.0,0.0,0.0,,,0.0,,,0.95,0.0,0.0,0.95,0,0.0
F. Purece,Unirea Slobozia,Nieciecza,"RDMF, RCMF",34,100000,2026-06-30,2,44,0,0.0,0,0.06,,,Romania,Romania,left,182,75,no,,,,,,,0.0,,,12.0,,1,,0,,,,0,,,0,,0,,,0.0,,,,,,,,,,,,,,,,,,,,,,,,,,,,,,,18.06,24.15,,,,,,,,,,,,,,,,,,0,,0,,0,0.0,0.0,,,,,,,,,,,0,0.0
B. Talar,Wisła Kraków,Wisła Kraków,"RW, RAMF, LDMF",23,100000,,13,480,0,0.47,1,1.0,21.38,46.49,Poland,Poland,right,176,66,no,9.0,7.87,66.67,2.44,46.15,0.19,0.29,0.0,3.56,5.43,0.75,0,0.0,0,0.0,4.13,0.0,0,0.0,0.09,0,0.0,5,0.94,20.0,0.0,0.19,2.81,60.0,0.94,40.0,1.88,70.0,0.19,4.5,45.83,8.25,34.09,2.81,0.0,0.0,21.0,1.5,0.94,32.06,73.1,9.75,63.46,4.69,92.0,12.19,75.38,25.69,78.83,3.56,42.11,18.88,23.78,0.19,1.13,0.0,0.0,0.94,20.0,0.56,4.69,72.0,4.13,54.55,1.88,20.0,1.5,1.5,6.19,75.76,0,,0,,0,0.0,0.0,0.0,,,0.0,,,0.0,0.0,0.0,0.56,0,0.0
K. Jałocha,Stal Mielec,Tychy 71,GK,35,100000,,20,1925,0,0.0,0,0.0,0.7,80.0,Poland,Poland,right,201,92,no,1.17,0.05,100.0,0.47,90.0,0.0,0.0,0.0,1.12,1.48,0.0,3,0.14,0,0.0,0.0,0.0,0,0.0,0.0,0,0.0,0,0.0,0.0,0.0,0.0,0.0,0.0,0.0,0.0,0.0,0.0,0.0,0.0,0.0,0.05,100.0,0.0,0.0,0.0,7.25,0.05,0.05,11.78,79.37,8.56,73.77,0.0,0.0,3.04,95.38,4.91,95.24,6.87,68.03,38.48,47.53,0.0,0.0,0.0,0.0,0.0,0.0,0.0,1.36,55.17,0.05,0.0,0.05,0.0,0.0,0.0,5.24,80.36,32,1.5,100,4.68,4,68.0,32.93,1.54,0.93,0.043,0.0,1.36,0.47,,,,0.0,0,0.0
K. Krzepisz,Arka Gdynia,Arka Gdynia,GK,26,100000,2027-06-30,23,2231,0,0.0,0,0.0,0.36,77.78,Poland,Poland,right,190,86,no,0.73,0.0,0.0,0.2,80.0,0.0,0.0,0.0,0.73,1.14,0.0,2,0.08,0,0.0,0.04,0.0,0,0.0,0.0,0,0.0,0,0.0,0.0,0.0,0.0,0.0,0.0,0.0,0.0,0.0,0.0,0.0,0.04,100.0,0.12,100.0,0.0,0.0,0.0,15.09,0.2,0.08,22.23,82.94,12.55,75.24,0.0,0.0,8.83,93.15,13.8,96.49,8.39,61.06,32.89,48.94,0.0,0.0,0.0,0.0,0.0,0.0,0.0,2.06,56.86,0.08,0.0,0.08,0.0,0.0,0.0,6.94,70.35,31,1.25,95,3.83,5,67.37,26.42,1.07,-4.58,-0.185,0.0,0.69,0.2,,,,0.0,0,0.0
Thiago,Cracovia Kraków II,Puszcza Niepołomice,"AMF, LAMF, RAMF",29,100000,2027-06-30,4,392,0,0.36,1,1.13,18.83,48.78,Brazil,Brazil,both,177,60,no,8.49,5.28,65.22,1.61,57.14,1.15,1.63,0.0,3.9,5.54,0.92,1,0.23,0,0.0,3.44,0.0,0,0.0,0.08,0,0.0,9,2.07,44.44,0.0,0.23,1.38,66.67,0.92,75.0,0.46,50.0,0.46,3.9,41.18,7.81,41.18,1.84,3.21,2.76,13.78,1.84,0.69,28.93,69.05,8.95,69.23,4.59,80.0,8.95,56.41,25.26,72.73,2.3,30.0,16.11,30.89,0.26,1.38,0.0,0.0,0.0,0.0,1.38,4.59,45.0,1.84,75.0,0.46,50.0,0.69,0.92,5.28,60.87,0,,0,,0,0.0,0.0,0.0,,,0.0,,,1.61,0.23,100.0,0.46,0,0.0
D. Potoma,Považská Bystrica,Sandecja Nowy Sącz,"AMF, RCMF, LCMF",26,100000,2028-06-30,16,1185,0,0.63,0,0.3,17.09,46.67,Slovakia,Slovakia,right,175,65,no,6.46,6.0,49.37,1.59,42.86,0.08,0.09,0.38,3.42,4.13,1.14,2,0.15,0,0.0,2.73,0.0,0,0.0,0.05,0,0.0,9,0.68,22.22,0.0,0.0,0.76,30.0,0.53,28.57,0.23,33.33,0.08,3.34,65.91,7.52,50.51,1.06,1.29,0.61,19.67,0.53,1.29,31.29,84.47,9.19,75.21,6.76,93.26,10.78,87.32,29.32,88.08,1.22,31.25,16.95,20.52,0.02,0.46,0.0,0.0,0.3,50.0,0.15,3.8,76.0,1.37,55.56,0.3,50.0,0.84,0.15,4.1,74.07,0,,0,,0,0.0,0.0,0.0,,,0.08,,,0.0,0.0,0.0,0.08,0,0.0
Javi Moreno,,Łódzki KS,"RW, RWF, LWF",29,100000,,5,107,0,0.04,0,0.05,20.19,54.17,Spain,Spain,left,175,67,no,7.57,5.89,57.14,0.84,0.0,0.84,1.67,0.0,3.36,6.67,0.0,0,0.0,0,0.0,6.73,0.0,0,0.0,0.03,0,0.0,1,0.84,100.0,0.0,0.0,5.05,33.33,1.68,0.0,3.36,50.0,0.0,6.73,62.5,12.62,53.33,0.84,7.57,1.68,22.71,0.84,1.68,31.12,83.78,10.93,84.62,3.36,100.0,12.62,73.33,26.07,93.55,0.0,0.0,20.69,0.0,0.04,0.84,0.0,0.0,0.0,0.0,0.84,1.68,100.0,6.73,50.0,0.0,0.0,3.36,2.52,5.89,71.43,0,,0,,0,0.0,0.0,0.0,,,0.0,,,0.0,0.0,0.0,2.52,0,0.0
R. Kidrič,,Puszcza Niepołomice,CF,30,100000,,17,942,7,4.96,0,0.68,36.11,41.27,Slovenia,Slovenia,left,194,86,no,4.59,3.54,48.65,14.62,52.94,0.76,1.11,0.29,2.1,3.04,1.53,4,0.38,0,0.0,1.62,0.67,3,0.29,0.47,1,0.1,17,1.62,70.59,41.176,0.0,0.38,0.0,0.29,0.0,0.1,0.0,0.0,1.53,31.25,10.41,24.77,2.96,0.29,0.0,7.74,1.72,1.53,15.19,71.07,3.73,69.23,5.25,89.09,2.96,38.71,14.33,74.0,0.48,40.0,13.62,9.02,0.07,0.76,0.1,0.19,0.1,0.0,0.29,1.62,35.29,0.67,42.86,0.19,50.0,0.67,0.1,1.24,30.77,0,,0,,0,0.0,0.0,0.0,,,0.0,,,0.0,0.0,0.0,0.0,4,100.0
K. Śpiewak,Stal Stalowa Wola,Nieciecza,CF,25,100000,2026-06-30,25,881,1,1.05,1,1.16,27.99,35.77,Poland,Poland,right,185,75,no,3.27,2.66,69.23,6.74,25.76,0.31,0.58,0.1,1.12,2.12,1.53,4,0.41,0,0.0,3.37,0.1,1,0.1,0.11,0,0.0,8,0.82,50.0,12.5,0.1,1.53,53.33,0.31,33.33,1.12,54.55,0.0,3.27,62.5,13.79,38.52,2.55,1.33,0.72,6.84,1.12,2.45,12.97,68.5,3.98,61.54,2.35,78.26,3.27,65.63,11.34,70.27,0.2,100.0,12.95,2.02,0.12,0.51,0.0,0.0,0.31,33.33,0.51,1.23,66.67,1.74,52.94,0.2,50.0,0.51,0.61,2.35,73.91,0,,0,,0,0.0,0.0,0.0,,,0.0,,,0.0,0.0,0.0,0.0,0,0.0
N. Balongo,,Łódzki KS,CF,27,100000,,23,1320,0,2.97,0,0.53,23.73,35.06,Belgium,"Belgium, Congo DR",right,187,75,no,3.75,3.2,55.32,6.89,36.63,0.07,0.11,0.07,1.91,2.99,1.7,2,0.14,0,0.0,1.84,0.0,0,0.0,0.2,0,0.0,23,1.57,43.48,0.0,0.0,0.27,25.0,0.14,50.0,0.14,0.0,0.0,2.11,51.61,8.32,32.79,2.66,0.55,0.34,9.14,1.64,1.16,12.55,79.89,2.8,70.73,3.89,91.23,3.61,77.36,12.14,80.9,0.14,100.0,14.2,2.05,0.04,0.41,0.0,0.0,0.14,0.0,0.27,1.02,60.0,0.41,50.0,0.07,0.0,0.61,0.07,0.68,50.0,0,,0,,0,0.0,0.0,0.0,,,0.07,,,0.0,0.0,0.0,0.0,0,0.0
P. Oleksy,,Stal Rzeszów,LCB,35,100000,,25,2185,1,2.63,0,0.29,10.01,54.32,Poland,Poland,left,183,82,no,6.63,3.91,56.84,3.5,52.94,0.08,0.13,0.45,4.32,6.85,0.37,2,0.08,0,0.0,0.41,0.04,1,0.04,0.11,0,0.0,13,0.54,30.77,7.692,0.0,0.16,75.0,0.12,66.67,0.04,100.0,0.04,0.21,40.0,0.99,50.0,0.86,0.41,0.08,22.41,0.25,0.62,33.94,85.56,12.4,73.42,1.73,90.48,16.64,94.31,29.04,90.92,4.74,53.04,21.15,36.05,0.01,0.08,0.0,0.0,0.08,50.0,0.08,3.34,61.73,0.66,68.75,0.25,33.33,0.29,0.12,6.22,64.24,0,,0,,0,0.0,0.0,0.0,,,0.86,,,0.0,0.0,0.0,0.0,0,0.0
R. Mandrysz,Chrobry Głogów,Chrobry Głogów,"RCB, LDMF",35,100000,2027-06-30,25,2422,0,1.15,0,0.49,11.0,53.72,Poland,Poland,right,180,72,no,8.62,4.5,56.2,3.2,55.81,0.15,0.2,0.97,5.95,8.0,1.3,8,0.3,0,0.0,0.37,0.0,0,0.0,0.04,0,0.0,14,0.52,7.14,0.0,0.0,0.37,40.0,0.04,0.0,0.3,50.0,0.04,0.26,42.86,1.75,42.55,0.63,0.37,0.15,26.9,0.15,0.78,42.96,87.2,15.68,75.83,2.94,96.2,20.66,94.24,37.35,92.04,5.28,56.34,21.6,39.48,0.02,0.15,0.0,0.0,0.15,50.0,0.11,4.98,70.15,0.63,47.06,0.37,40.0,0.3,0.11,7.13,71.35,0,,0,,0,0.0,0.0,0.0,,,0.97,,,0.0,0.0,0.0,0.04,0,0.0
P. Głowacki,Łódzki KS,Stal Rzeszów,LB,34,100000,2026-06-30,33,3208,2,3.49,5,3.69,13.27,51.59,Poland,Poland,left,182,79,no,8.19,5.75,58.54,1.51,40.74,0.11,0.18,0.2,4.71,7.47,0.98,8,0.22,0,0.0,2.38,0.06,0,0.0,0.1,0,0.0,23,0.65,30.43,8.696,0.14,3.03,31.48,2.44,31.03,0.56,35.0,0.45,1.91,61.76,3.79,47.41,0.56,2.38,1.35,34.98,1.37,0.81,50.98,81.34,22.39,73.56,5.72,95.1,17.45,86.98,41.75,90.46,6.31,44.89,21.33,37.86,0.1,1.15,0.03,0.03,0.25,22.22,0.25,7.15,69.8,2.95,36.19,0.48,29.41,0.34,0.81,9.43,63.99,0,,0,,0,0.0,0.0,0.0,,,1.26,,,0.93,0.11,50.0,3.59,3,66.667
K. Danielewicz,Pogoń Siedlce,Stal Rzeszów,"RCMF, AMF, RDMF",34,100000,2026-06-30,28,1707,2,2.44,0,0.58,19.67,49.33,Poland,Poland,right,182,81,no,7.91,7.01,56.39,5.59,48.11,0.58,0.93,0.21,3.37,5.39,2.58,4,0.21,1,0.05,1.53,0.11,2,0.11,0.13,0,0.0,34,1.79,35.29,5.882,0.0,0.63,16.67,0.21,25.0,0.32,16.67,0.11,0.74,64.29,3.06,46.55,2.53,1.48,0.21,19.46,1.32,1.16,29.1,71.2,12.6,58.58,3.64,89.86,8.8,80.24,25.41,75.52,3.06,46.55,17.08,25.69,0.03,0.42,0.0,0.0,0.9,35.29,0.26,5.96,61.95,2.11,27.5,1.42,33.33,0.69,0.11,5.38,76.47,0,,0,,0,0.0,0.0,0.0,,,0.05,,,0.05,0.05,0.0,0.0,0,0.0
D. Guezen,Westchester SC,Zagłębie Sosnowiec,"AMF, RCMF, RAMF",27,100000,2026-11-30,11,631,0,0.7,0,0.27,21.11,41.22,Netherlands,Netherlands,left,177,70,no,6.13,5.71,52.5,2.42,5.88,0.14,0.23,0.14,3.0,4.77,2.0,3,0.43,1,0.14,2.42,0.0,0,0.0,0.1,0,0.0,14,2.0,7.14,0.0,0.0,1.28,55.56,0.57,75.0,0.71,40.0,0.14,4.14,34.48,10.13,39.44,1.71,1.0,0.86,18.26,0.86,1.57,27.67,82.47,8.99,63.49,7.56,100.0,8.13,85.96,24.25,87.06,2.14,46.67,17.95,23.35,0.04,0.86,0.0,0.0,0.71,20.0,0.0,4.71,69.7,2.28,56.25,0.57,25.0,0.0,0.71,4.56,78.13,0,,0,,0,0.0,0.0,0.0,,,0.86,,,1.0,0.14,0.0,1.43,0,0.0
B. Guzdek,Wigry Suwałki,Odra Opole,CF,23,100000,2026-06-30,24,1001,2,2.97,1,0.43,21.76,32.64,Poland,Poland,,190,85,no,2.79,2.25,56.0,5.84,26.15,0.09,0.12,0.18,1.44,1.92,1.71,1,0.09,0,0.0,2.43,0.18,2,0.18,0.27,0,0.0,13,1.17,53.85,15.385,0.09,0.9,40.0,0.09,0.0,0.72,50.0,0.09,2.97,48.48,8.27,32.61,3.42,0.81,0.18,4.77,0.54,1.35,10.25,68.42,1.89,61.9,2.61,82.76,3.24,77.78,9.17,72.55,0.27,0.0,15.57,3.36,0.04,0.27,0.0,0.0,0.09,0.0,0.18,1.26,64.29,0.45,40.0,0.18,0.0,0.09,0.45,1.08,58.33,0,,0,,0,0.0,0.0,0.0,,,0.0,,,0.0,0.0,0.0,0.0,1,0.0
Luan Capanni,Nova Iguaçu,Arka Gdynia,"AMF, CF",26,100000,2027-03-31,15,741,2,4.18,1,0.96,25.75,44.81,Brazil,"Brazil, Italy",right,190,81,no,8.02,6.32,53.85,6.19,58.82,0.24,0.45,0.0,4.37,8.06,3.4,4,0.49,0,0.0,2.06,0.24,1,0.12,0.51,0,0.0,20,2.43,35.0,10.0,0.12,0.49,25.0,0.0,0.0,0.36,33.33,0.0,1.58,61.54,7.41,32.79,2.55,0.49,0.12,19.8,0.73,0.97,28.3,75.54,9.96,64.63,3.77,80.65,8.14,80.6,26.36,78.8,1.58,30.77,15.69,19.54,0.12,0.85,0.0,0.12,0.36,33.33,0.24,4.74,69.23,1.34,63.64,0.49,25.0,0.73,0.12,4.62,73.68,0,,0,,0,0.0,0.0,0.0,,,0.0,,,0.0,0.0,0.0,0.0,2,50.0
A. Pikk,,Odra Opole,"LB, LWB",33,100000,,11,1027,1,0.69,1,0.35,14.11,54.04,Estonia,Estonia,left,180,72,no,8.68,6.4,67.12,1.84,47.62,0.09,0.11,0.09,4.29,5.33,0.79,1,0.09,0,0.0,1.93,0.09,1,0.09,0.06,0,0.0,4,0.35,25.0,25.0,0.09,2.19,36.0,2.19,36.0,0.0,0.0,0.26,1.49,52.94,3.15,38.89,1.23,0.88,0.18,13.23,0.88,0.53,23.49,68.28,9.64,54.55,4.21,93.75,5.08,75.86,18.93,76.39,2.63,33.33,19.16,31.87,0.03,0.53,0.0,0.0,0.53,50.0,0.26,3.51,52.5,1.67,57.89,0.53,50.0,0.44,0.7,5.7,56.92,0,,0,,0,0.0,0.0,0.0,,,0.18,,,0.0,0.0,0.0,0.0,0,0.0
K. Nowak,Odra Opole,Odra Opole,"LAMF, RAMF, LW",31,100000,2026-06-30,32,2159,1,3.3,3,3.01,16.59,43.47,Poland,Poland,right,175,69,no,4.59,3.54,56.47,3.0,41.67,0.5,0.63,0.08,2.08,2.64,0.63,3,0.13,1,0.04,3.38,0.04,1,0.04,0.14,1,0.04,38,1.58,26.32,2.632,0.13,1.42,44.12,0.79,42.11,0.63,46.67,0.17,3.96,55.79,7.75,42.47,2.04,2.63,1.58,19.26,1.33,0.71,27.39,83.41,5.71,71.53,6.92,95.18,8.92,84.58,24.84,86.74,1.21,58.62,15.34,18.82,0.13,1.21,0.0,0.0,0.46,27.27,0.63,2.17,65.38,1.5,52.78,0.42,20.0,0.79,0.54,2.88,62.32,0,,0,,0,0.0,0.0,0.0,,,0.08,,,0.0,0.0,0.0,0.0,0,0.0
D. Kajzer,,Arka Gdynia,GK,34,100000,,11,1067,0,0.0,0,0.0,0.67,75.0,Poland,Poland,right,189,84,no,1.27,0.08,100.0,0.34,100.0,0.0,0.0,0.0,1.18,1.95,0.0,0,0.0,0,0.0,0.0,0.0,0,0.0,0.0,0,0.0,0,0.0,0.0,0.0,0.0,0.0,0.0,0.0,0.0,0.0,0.0,0.0,0.0,0.0,0.08,0.0,0.0,0.0,0.0,7.25,0.08,0.25,12.65,79.33,7.68,72.53,0.0,0.0,4.72,92.86,6.24,94.59,6.33,65.33,34.39,43.34,0.0,0.0,0.0,0.0,0.0,0.0,0.0,1.18,50.0,0.0,0.0,0.0,0.0,0.0,0.0,4.81,66.67,14,1.18,45,3.8,2,68.89,17.37,1.47,3.37,0.284,0.0,0.84,0.34,,,,0.0,0,0.0
S. Bonecki,Chrobry Głogów,Zagłębie Sosnowiec,"LDMF, RDMF, RCMF",31,100000,2026-06-30,24,2101,0,0.83,0,0.61,21.85,49.41,Poland,Poland,right,180,72,no,10.84,8.18,59.16,3.43,51.25,0.6,0.9,0.43,5.4,8.09,1.97,7,0.3,1,0.04,1.76,0.0,0,0.0,0.04,0,0.0,32,1.37,21.88,0.0,0.0,0.9,14.29,0.21,20.0,0.64,13.33,0.13,2.01,61.7,6.13,44.06,0.51,1.33,0.47,21.5,0.43,1.84,37.23,80.9,12.89,62.79,5.44,93.7,13.15,91.53,32.56,86.58,3.77,47.73,19.14,34.56,0.03,0.39,0.0,0.0,0.39,22.22,0.04,5.57,60.0,1.33,29.03,0.9,42.86,0.26,0.17,5.48,67.97,0,,0,,0,0.0,0.0,0.0,,,0.39,,,0.73,0.47,9.09,0.0,0,0.0
B. Petrák,Lokomotíva Zvolen,Odra Opole,"LB, LWB",26,100000,,4,153,0,0.0,0,0.0,16.47,53.57,Russia,"Russia, Slovakia",left,178,77,no,7.65,5.88,80.0,4.12,28.57,0.59,1.0,0.0,2.35,4.0,1.18,2,1.18,0,0.0,1.76,0.0,0,0.0,0.0,0,0.0,1,0.59,0.0,0.0,0.0,2.35,50.0,2.35,50.0,0.0,0.0,0.59,1.76,33.33,1.76,33.33,0.59,1.18,1.18,21.18,0.0,0.0,28.24,79.17,11.18,63.16,5.88,100.0,7.06,83.33,23.53,82.5,2.35,75.0,24.24,18.32,0.0,0.59,0.0,0.0,0.0,0.0,0.0,3.53,50.0,1.76,66.67,0.0,0.0,0.0,1.18,4.71,62.5,0,,0,,0,0.0,0.0,0.0,,,0.0,,,0.0,0.0,0.0,0.0,0,0.0
D. Jończy,,Zagłębie Sosnowiec,RCB,29,100000,,24,2172,1,0.64,0,0.55,11.89,63.41,Poland,Poland,right,190,83,no,7.91,4.06,63.27,4.27,62.14,0.37,0.55,0.46,4.97,7.36,1.08,8,0.33,2,0.08,0.37,0.04,1,0.04,0.03,1,0.04,6,0.25,50.0,16.667,0.0,0.41,30.0,0.17,25.0,0.25,33.33,0.0,0.21,60.0,1.04,68.0,0.58,1.95,0.25,24.32,0.33,0.91,38.33,84.97,16.78,75.31,3.19,97.4,16.08,92.78,31.78,91.53,6.17,54.36,24.05,39.91,0.02,0.21,0.08,0.0,0.17,0.0,0.12,7.0,73.37,1.28,38.71,0.83,35.0,0.5,0.17,8.62,71.63,0,,0,,0,0.0,0.0,0.0,,,2.4,,,0.0,0.0,0.0,0.0,0,0.0
M. Kołodziejski,Pogoń Siedlce,Katowice,LCB,33,100000,2026-06-30,22,1685,1,1.2,0,0.45,14.21,59.4,Poland,Poland,left,185,81,no,9.56,4.86,53.85,5.66,66.98,0.05,0.07,0.53,6.89,9.04,1.44,7,0.37,1,0.05,1.23,0.05,1,0.05,0.06,0,0.0,6,0.32,33.33,16.667,0.0,2.14,32.5,1.87,28.57,0.27,60.0,0.43,0.48,77.78,1.28,58.33,0.96,0.69,0.27,30.39,0.32,0.53,45.51,75.94,21.26,64.32,4.17,96.15,15.33,85.37,35.2,86.95,8.33,39.74,22.06,30.38,0.02,0.27,0.0,0.0,0.11,50.0,0.27,7.74,60.69,2.46,41.3,0.32,33.33,0.43,0.69,11.27,69.19,0,,0,,0,0.0,0.0,0.0,,,1.66,,,0.0,0.0,0.0,0.0,0,0.0
P. Banaszak,Śląsk Wrocław,Górnik Łęczna,CF,29,100000,2027-06-30,2,138,0,0.09,0,0.0,17.61,29.63,Poland,Poland,right,188,0,no,1.96,1.3,50.0,6.52,30.0,0.0,0.0,0.0,1.3,3.53,0.65,0,0.0,0,0.0,1.3,0.0,0,0.0,0.06,0,0.0,1,0.65,100.0,0.0,0.0,0.0,0.0,0.0,0.0,0.0,0.0,0.0,1.3,50.0,5.22,12.5,0.65,0.65,0.65,3.26,0.0,0.0,3.91,83.33,2.61,100.0,1.3,50.0,0.0,0.0,3.91,83.33,0.0,0.0,8.91,0.0,0.0,0.0,0.0,0.0,0.0,0.0,0.0,0.0,0.0,0.0,0.0,0.0,0.0,0.0,0.0,0.65,100.0,0,,0,,0,0.0,0.0,0.0,,,0.0,,,0.0,0.0,0.0,0.0,0,0.0
B. Biel,,Łódzki KS,"LWF, RCMF, LW",32,100000,,19,858,0,0.14,0,0.41,20.87,36.68,Poland,Poland,right,169,68,no,6.92,6.5,46.77,2.2,38.1,0.31,0.46,0.1,3.57,5.2,2.52,0,0.0,0,0.0,2.94,0.0,0,0.0,0.01,0,0.0,4,0.42,0.0,0.0,0.0,3.25,25.81,2.83,25.93,0.42,25.0,0.31,3.25,64.52,8.6,34.15,1.78,1.26,0.1,15.31,1.57,1.15,23.18,76.92,4.83,67.39,6.61,98.41,7.24,69.57,18.46,87.5,1.57,53.33,17.0,14.8,0.04,0.42,0.0,0.0,0.1,0.0,0.21,1.57,60.0,1.78,41.18,0.42,25.0,0.52,0.94,2.83,74.07,0,,0,,0,0.0,0.0,0.0,,,0.1,,,0.0,0.0,0.0,0.0,0,0.0
T. Milašius,Sūduva,Podbeskidzie Bielsko-Biała,"LWB, LB, LAMF",25,100000,2026-11-30,26,929,0,1.01,1,1.05,18.12,45.45,Lithuania,Lithuania,left,178,69,no,6.68,5.52,56.14,2.52,34.62,0.19,0.34,0.29,3.39,6.03,1.65,5,0.48,0,0.0,4.84,0.0,0,0.0,0.1,0,0.0,16,1.55,31.25,0.0,0.1,3.29,35.29,3.29,35.29,0.0,0.0,0.48,4.55,63.83,7.36,48.68,3.29,2.13,0.48,19.96,2.71,1.26,26.16,70.0,6.88,54.93,5.23,96.3,9.01,65.59,20.44,79.62,2.91,36.67,17.4,20.62,0.1,1.26,0.0,0.0,0.68,42.86,0.68,2.71,53.57,2.81,55.17,0.78,37.5,1.45,0.78,5.13,69.81,0,,0,,0,0.0,0.0,0.0,,,0.1,,,0.29,0.0,0.0,0.58,0,0.0
E. Thiakane,,Puszcza Niepołomice,"AMF, RAMF, CF",34,100000,,34,2457,3,6.29,3,2.95,27.11,42.3,Senegal,"Senegal, Poland",left,190,78,no,6.48,6.23,60.59,7.58,39.13,0.15,0.21,0.22,2.56,3.74,2.16,8,0.29,0,0.0,3.22,0.11,3,0.11,0.23,1,0.04,43,1.58,39.53,6.977,0.11,1.72,31.91,1.25,29.41,0.48,38.46,0.33,3.3,61.11,9.27,36.36,2.75,1.21,0.44,13.3,1.21,1.14,22.38,72.18,7.4,62.87,4.32,90.68,6.12,69.46,19.01,78.61,1.76,39.58,17.71,27.12,0.11,0.66,0.15,0.0,0.22,16.67,0.44,3.37,64.13,1.65,55.56,0.15,25.0,0.7,0.55,3.7,69.31,0,,0,,0,0.0,0.0,0.0,,,0.07,,,0.04,0.04,0.0,0.0,1,0.0
A. Kostrzewski,,Tychy 71,GK,27,100000,,8,793,0,0.0,0,0.0,1.13,80.0,Poland,Poland,right,190,80,no,2.16,0.11,100.0,0.57,80.0,0.0,0.0,0.0,2.04,2.76,0.0,0,0.0,0,0.0,0.0,0.0,0,0.0,0.0,0,0.0,0,0.0,0.0,0.0,0.0,0.0,0.0,0.0,0.0,0.0,0.0,0.0,0.0,0.0,0.23,100.0,0.0,0.0,0.0,4.99,0.0,0.45,12.14,84.11,8.51,86.67,0.0,0.0,2.95,84.62,6.58,96.55,5.33,72.34,35.62,50.64,0.0,0.0,0.0,0.0,0.0,0.0,0.0,1.25,72.73,0.0,0.0,0.0,0.0,0.0,0.0,4.54,72.5,13,1.48,33,3.75,2,60.61,10.67,1.21,-2.33,-0.264,0.0,1.7,0.57,,,,0.0,0,0.0
F. Kozłowski,Zawisza Bydgoszcz,SKRA Częstochowa,CF,30,100000,,28,2119,3,4.52,2,1.17,27.86,32.32,Poland,Poland,right,185,0,no,3.31,1.91,53.33,7.31,35.47,0.34,0.4,0.17,1.95,2.32,1.74,3,0.13,0,0.0,1.61,0.13,3,0.13,0.19,1,0.04,35,1.49,37.14,8.571,0.08,0.42,10.0,0.04,0.0,0.38,11.11,0.13,2.17,45.1,11.3,32.33,2.63,0.55,0.21,5.39,2.08,2.25,10.75,69.17,2.38,46.43,3.1,91.78,2.55,70.0,10.02,72.88,0.3,28.57,14.14,8.19,0.05,0.51,0.0,0.0,0.13,33.33,0.34,1.15,55.56,0.51,33.33,0.08,50.0,0.47,0.08,1.06,44.0,0,,0,,0,0.0,0.0,0.0,,,0.04,,,0.0,0.0,0.0,0.0,0,0.0
M. Śliwa,Stal Stalowa Wola,Łódzki KS,"LWF, LAMF, RWF",25,100000,2028-06-30,12,454,1,0.93,1,0.48,22.8,50.43,Poland,Poland,right,175,69,no,7.14,8.33,61.9,1.98,30.0,0.0,0.0,0.2,1.98,3.49,1.19,0,0.0,0,0.0,4.36,0.2,1,0.2,0.18,0,0.0,7,1.39,71.43,14.286,0.2,0.79,0.0,0.79,0.0,0.0,0.0,0.0,6.15,54.84,9.91,46.0,3.96,2.97,1.78,18.04,0.99,1.19,25.97,75.57,5.95,63.33,7.33,86.49,6.34,75.0,23.99,78.51,1.19,66.67,17.36,14.75,0.1,0.79,0.2,0.0,0.4,0.0,0.2,1.98,80.0,2.38,41.67,0.4,0.0,1.98,0.0,1.98,40.0,0,,0,,0,0.0,0.0,0.0,,,0.2,,,0.2,0.2,100.0,0.2,0,0.0
D. Sovsic,,Sandecja Nowy Sącz,"AMF, CF",36,75000,,11,841,0,1.83,0,2.11,18.51,50.87,Croatia,"Croatia, Bosnia and Herzegovina",left,177,72,no,3.96,3.53,72.73,1.07,30.0,0.64,0.86,0.0,0.75,1.0,1.07,5,0.54,1,0.11,4.92,0.0,0,0.0,0.2,0,0.0,8,0.86,12.5,0.0,0.0,3.1,24.14,1.07,20.0,1.82,23.53,0.64,3.75,71.43,10.92,51.96,0.96,2.68,1.39,36.49,1.71,1.93,54.68,75.15,20.44,66.49,5.99,92.86,20.12,78.72,46.02,81.16,5.67,52.83,21.22,34.63,0.23,2.14,0.11,0.0,2.89,48.15,0.86,11.77,60.91,5.67,45.28,2.25,33.33,1.93,0.75,10.92,81.37,0,,0,,0,0.0,0.0,0.0,,,0.21,,,0.32,0.0,0.0,2.46,1,0.0
M. Kamiński,,Odra Opole,"RCB, CB",38,75000,,31,3008,4,2.82,1,0.24,13.08,62.93,Poland,Poland,right,190,79,no,9.34,4.37,67.81,6.46,61.57,0.12,0.15,1.08,6.25,7.92,1.14,7,0.21,0,0.0,0.33,0.12,4,0.12,0.08,3,0.09,23,0.69,34.78,17.391,0.03,0.03,0.0,0.0,0.0,0.03,0.0,0.03,0.09,100.0,0.21,71.43,1.17,0.21,0.0,17.38,0.3,0.36,29.47,83.05,12.09,67.57,1.14,97.37,14.45,95.03,25.37,88.56,4.07,49.26,21.99,39.71,0.01,0.06,0.0,0.0,0.0,0.0,0.03,2.81,51.06,0.24,12.5,0.21,14.29,0.12,0.03,5.09,58.82,0,,0,,0,0.0,0.0,0.0,,,0.9,,,0.0,0.0,0.0,0.0,0,0.0
T. Poznar,Zlín,Nieciecza,CF,37,75000,2027-06-30,33,2213,9,9.1,0,2.76,24.93,38.5,Czech Republic,Czech Republic,right,194,81,no,2.97,3.01,51.35,9.03,45.05,0.12,0.21,0.08,1.3,2.29,2.32,5,0.2,0,0.0,1.55,0.37,9,0.37,0.37,3,0.12,49,1.99,34.69,18.367,0.0,0.57,35.71,0.24,33.33,0.28,28.57,0.0,1.06,61.54,8.13,31.5,4.39,0.41,0.08,9.03,2.44,2.03,15.74,68.48,4.43,58.72,3.42,91.67,4.07,67.0,14.4,70.34,0.77,57.89,14.8,13.68,0.11,0.53,0.08,0.04,0.24,0.0,0.28,1.87,52.17,0.77,47.37,0.24,16.67,0.73,0.2,1.83,80.0,0,,0,,0,0.0,0.0,0.0,,,0.0,,,0.0,0.0,0.0,0.0,0,0.0
D. Zbozień,Avia Świdnik,Górnik Łęczna,"RB, RCB",37,75000,,31,2963,0,0.47,2,2.76,13.85,51.54,Poland,Poland,right,186,80,no,6.99,5.68,55.61,4.01,50.76,0.06,0.08,0.27,3.77,5.15,1.03,2,0.06,0,0.0,1.97,0.0,0,0.0,0.01,0,0.0,10,0.3,0.0,0.0,0.06,2.64,48.28,0.24,75.0,2.37,46.15,0.33,1.15,57.89,2.31,44.74,0.7,0.73,0.3,22.75,1.15,0.36,33.44,74.39,15.07,65.93,3.64,95.83,10.39,78.95,26.06,81.59,4.89,49.07,21.03,34.04,0.08,1.4,0.09,0.03,0.03,100.0,0.27,5.38,63.28,2.25,58.11,0.33,45.45,0.24,1.21,8.93,70.75,0,,0,,0,0.0,0.0,0.0,,,0.52,,,0.0,0.0,0.0,0.0,0,0.0
R. Kirss,Levadia,Sandecja Nowy Sącz,"CF, AMF",31,75000,2026-12-31,9,262,0,0.09,0,0.08,18.55,33.33,Estonia,Estonia,right,184,79,no,4.81,4.47,69.23,3.09,22.22,0.69,1.25,0.0,1.03,1.88,0.69,1,0.34,0,0.0,1.03,0.0,0,0.0,0.03,0,0.0,2,0.69,0.0,0.0,0.0,0.69,0.0,0.69,0.0,0.0,0.0,0.0,2.06,33.33,8.24,16.67,0.69,0.34,0.0,9.62,2.4,0.69,15.8,80.43,4.47,84.62,6.18,94.44,1.72,60.0,14.77,83.72,0.34,100.0,17.1,3.64,0.03,0.69,0.0,0.0,0.34,100.0,0.0,1.72,80.0,1.37,75.0,0.0,0.0,0.69,0.0,1.72,100.0,0,,0,,0,0.0,0.0,0.0,,,0.0,,,0.0,0.0,0.0,0.0,0,0.0
B. Kukułowicz,Stal Stalowa Wola,Nieciecza,"RB, LB",25,75000,2026-06-30,7,339,0,0.07,0,0.03,14.34,50.0,Poland,Poland,right,181,72,no,7.96,5.04,63.16,1.59,50.0,1.33,2.38,0.0,3.45,6.19,1.33,1,0.27,0,0.0,2.65,0.0,0,0.0,0.02,0,0.0,2,0.53,0.0,0.0,0.0,4.78,27.78,1.33,40.0,3.45,23.08,1.06,1.86,71.43,3.98,40.0,1.06,1.06,1.33,33.45,4.25,1.33,48.05,72.38,16.46,62.9,8.23,87.1,17.79,71.64,39.29,80.41,5.04,36.84,17.15,19.23,0.01,0.27,0.0,0.0,0.27,0.0,0.0,5.58,61.9,3.72,35.71,0.53,50.0,0.27,1.59,10.09,68.42,0,,0,,0,0.0,0.0,0.0,,,0.53,,,0.8,0.0,0.0,1.06,0,0.0
K. Wróblewski,Chrobry Głogów,Puszcza Niepołomice,GK,24,75000,2027-06-30,10,958,0,0.0,1,0.09,0.66,85.71,Poland,Poland,right,188,77,no,1.22,0.0,0.0,0.19,100.0,0.0,0.0,0.0,1.22,1.89,0.0,2,0.19,0,0.0,0.0,0.0,0,0.0,0.0,0,0.0,0,0.0,0.0,0.0,0.09,0.0,0.0,0.0,0.0,0.0,0.0,0.0,0.0,0.0,0.19,100.0,0.0,0.0,0.0,6.29,0.09,0.38,10.71,74.56,8.36,69.66,0.0,0.0,1.69,94.44,2.82,93.33,7.89,67.86,41.77,48.35,0.01,0.09,0.0,0.0,0.0,0.0,0.09,2.82,70.0,0.09,0.0,0.0,0.0,0.09,0.0,5.73,86.89,10,0.94,38,3.57,2,73.68,8.72,0.82,-1.28,-0.12,0.0,0.94,0.19,,,,0.0,0,0.0
M. Karwot,Zhetysu,Zagłębie Sosnowiec,"LCMF, LDMF, LCB",33,75000,,11,851,1,0.84,0,0.91,19.67,50.0,Germany,Germany,left,191,80,no,8.57,5.5,69.23,5.71,42.59,0.42,0.59,0.53,4.34,6.03,0.95,1,0.11,0,0.0,2.12,0.11,1,0.11,0.09,0,0.0,6,0.63,16.67,16.667,0.0,1.48,28.57,1.37,23.08,0.11,100.0,0.0,2.64,56.0,5.71,48.15,0.95,0.53,0.21,20.09,0.42,0.42,34.48,80.37,16.92,76.88,3.17,93.33,10.05,86.32,28.13,87.97,4.86,52.17,18.99,26.39,0.1,1.06,0.11,0.0,0.32,33.33,0.53,6.56,77.42,2.22,52.38,1.06,40.0,1.37,0.42,8.46,73.75,0,,0,,0,0.0,0.0,0.0,,,0.0,,,0.32,0.0,0.0,0.42,0,0.0
P. Plewka,Znicz Pruszków,Wisła Kraków,"RDMF, LDMF, RCMF",26,75000,2026-06-30,12,848,0,0.04,1,0.48,10.83,54.9,Poland,Poland,right,174,66,no,7.54,4.03,78.95,1.7,37.5,0.0,0.0,0.21,4.35,7.45,0.42,0,0.0,0,0.0,0.74,0.0,0,0.0,0.0,0,0.0,2,0.21,50.0,0.0,0.11,0.21,0.0,0.0,0.0,0.21,0.0,0.0,1.38,38.46,3.29,45.16,0.32,1.27,0.42,18.25,0.0,0.96,32.26,88.49,8.49,78.75,5.41,94.12,14.96,94.33,30.99,89.73,1.06,70.0,18.71,18.22,0.05,0.64,0.0,0.0,0.11,100.0,0.32,5.2,85.71,0.74,42.86,0.0,0.0,0.53,0.0,4.56,74.42,0,,0,,0,0.0,0.0,0.0,,,0.64,,,0.0,0.0,0.0,0.0,0,0.0
J. Gol,,Arka Gdynia,"LCMF, RDMF, LDMF",40,50000,,32,2949,2,4.08,4,2.78,24.17,53.03,Poland,Poland,right,182,77,no,10.86,9.64,60.44,3.48,59.65,0.34,0.52,0.34,4.7,7.32,2.23,11,0.34,0,0.0,2.59,0.06,1,0.03,0.12,1,0.03,33,1.01,24.24,6.061,0.12,0.85,53.57,0.52,47.06,0.31,60.0,0.21,2.32,61.84,6.74,44.8,1.28,1.04,0.15,28.72,0.4,1.4,46.27,81.86,18.56,74.18,5.43,92.7,15.87,89.62,41.32,85.82,4.12,48.15,18.41,35.7,0.08,0.76,0.12,0.03,0.7,65.22,0.31,8.06,72.73,2.26,55.41,0.73,54.17,1.1,0.4,8.88,78.35,0,,0,,0,0.0,0.0,0.0,,,0.15,,,0.18,0.0,0.0,0.03,1,100.0
A. Putivtsev,Nieciecza,Nieciecza,LCB,37,50000,2027-06-30,19,1416,0,0.59,0,0.0,14.49,64.04,Ukraine,"Ukraine, Poland",left,188,85,no,7.82,3.81,70.0,7.06,65.77,0.51,0.88,0.76,4.64,7.99,1.02,7,0.44,0,0.0,0.38,0.0,0,0.0,0.04,0,0.0,7,0.44,42.86,0.0,0.0,0.13,0.0,0.13,0.0,0.0,0.0,0.06,0.25,75.0,1.46,47.83,0.38,1.02,0.51,30.51,0.25,1.4,44.17,85.61,20.15,74.13,3.37,94.34,18.05,96.48,37.75,92.09,6.29,48.48,21.79,37.44,0.0,0.0,0.0,0.0,0.06,0.0,0.0,6.1,64.58,0.51,0.0,0.44,0.0,0.0,0.0,7.37,67.24,0,,0,,0,0.0,0.0,0.0,,,2.35,,,0.19,0.19,33.33,0.0,0,0.0
J. Sylvestr,Lokomotíva Zvolen,Resovia Rzeszów,CF,37,50000,2027-06-30,13,442,1,2.51,2,1.26,26.06,31.25,Slovakia,Slovakia,right,178,72,no,5.09,5.09,48.0,5.5,25.93,0.0,0.0,0.0,2.65,3.86,2.04,1,0.2,0,0.0,1.83,0.2,1,0.2,0.51,0,0.0,7,1.43,42.86,14.286,0.41,0.2,0.0,0.2,0.0,0.0,0.0,0.2,3.05,33.33,10.79,28.3,4.48,1.22,0.2,13.85,1.43,1.63,20.77,77.45,4.07,45.0,4.68,78.26,5.9,93.1,20.57,78.22,0.0,0.0,13.87,0.0,0.26,1.22,0.2,0.0,0.81,25.0,0.61,2.85,64.29,1.02,60.0,0.61,33.33,1.02,0.0,1.43,100.0,0,,0,,0,0.0,0.0,0.0,,,0.0,,,0.0,0.0,0.0,0.0,0,0.0
B. Wacławek,Nieciecza,Nieciecza,"LB, LWB, LAMF",24,50000,2027-06-30,6,377,1,1.9,0,0.11,15.99,55.22,Poland,Poland,,179,0,no,7.4,6.68,64.29,0.72,33.33,0.24,0.45,0.48,2.86,5.45,0.95,1,0.24,0,0.0,4.77,0.24,1,0.24,0.45,0,0.0,8,1.91,50.0,12.5,0.0,2.15,33.33,1.91,37.5,0.0,0.0,0.24,5.25,59.09,7.64,50.0,3.34,1.43,0.24,19.81,1.67,1.67,27.21,77.19,10.74,64.44,4.54,94.74,7.64,87.5,23.4,83.67,1.91,50.0,21.13,19.23,0.03,0.72,0.24,0.0,0.0,0.0,0.48,4.3,55.56,1.19,20.0,0.0,0.0,0.24,0.48,5.73,75.0,0,,0,,0,0.0,0.0,0.0,,,0.24,,,0.0,0.0,0.0,0.72,0,0.0
H. Sobol,Chojniczanka Chojnice,Górnik Łęczna,"CF, AMF",26,50000,2028-06-30,16,430,2,1.6,0,0.42,20.3,39.18,Poland,Poland,right,183,80,no,3.14,2.3,63.64,6.49,45.16,0.0,0.0,0.0,1.67,2.55,1.67,4,0.84,0,0.0,1.67,0.42,2,0.42,0.33,1,0.21,14,2.93,42.86,14.286,0.0,0.42,0.0,0.21,0.0,0.21,0.0,0.0,0.42,0.0,6.7,28.13,4.19,0.84,0.63,9.84,3.14,2.3,16.53,77.22,2.72,53.85,5.23,92.0,4.81,69.57,15.49,79.73,0.63,66.67,14.01,8.15,0.09,0.63,0.0,0.0,0.63,66.67,0.42,2.3,54.55,1.47,42.86,0.63,66.67,0.63,0.0,1.26,66.67,0,,0,,0,0.0,0.0,0.0,,,0.0,,,0.0,0.0,0.0,0.0,0,0.0
M. Wszołek,,Łódzki KS,RB,24,50000,,7,298,0,0.01,1,0.44,15.7,48.08,Poland,Poland,right,180,71,no,12.38,6.34,61.9,3.62,41.67,0.3,0.45,0.3,8.15,12.27,0.91,0,0.0,0,0.0,2.11,0.0,0,0.0,0.0,0,0.0,1,0.3,0.0,0.0,0.3,3.93,46.15,0.0,0.0,3.93,46.15,0.3,0.91,33.33,3.02,20.0,0.91,0.6,0.6,24.46,2.72,0.3,38.36,81.1,12.08,67.5,6.34,95.24,14.8,81.63,32.62,89.81,2.42,25.0,17.45,29.71,0.13,0.3,0.0,0.0,0.0,0.0,0.3,3.32,45.45,3.02,30.0,0.0,0.0,0.3,1.51,4.53,46.67,0,,0,,0,0.0,0.0,0.0,,,0.6,,,0.0,0.0,0.0,0.0,0,0.0
M. Szymański,Broń Radom,Arka Gdynia,"LWF, CF, RAMF",21,50000,2026-06-30,3,40,0,0.79,0,0.0,,,Poland,Poland,right,180,70,no,,,,,,,0.0,,,0.0,,0,,0,,,,0,,,0,,3,,,0.0,,,,,,,,,,,,,,,,,,,,,,,,,,,,,,,13.59,0.0,,,,,,,,,,,,,,,,,,0,,0,,0,0.0,0.0,,,,,,,,,,,0,0.0
K. Broda,Wisła Kraków,Wisła Kraków,GK,24,50000,2026-06-30,4,390,0,0.0,0,0.0,1.15,80.0,Poland,Poland,right,189,81,no,1.85,0.0,0.0,1.15,80.0,0.0,0.0,0.0,1.85,2.67,0.0,0,0.0,0,0.0,0.0,0.0,0,0.0,0.0,0,0.0,0,0.0,0.0,0.0,0.0,0.0,0.0,0.0,0.0,0.0,0.0,0.0,0.0,0.0,0.0,0.0,0.0,0.0,0.0,10.62,0.0,0.23,16.15,82.86,9.69,80.95,0.0,0.0,5.54,87.5,7.85,91.18,8.31,75.0,36.1,48.47,0.0,0.0,0.0,0.0,0.0,0.0,0.0,1.15,40.0,0.0,0.0,0.0,0.0,0.0,0.0,6.0,76.92,7,1.62,20,4.62,0,65.0,4.25,0.98,-2.75,-0.635,0.0,1.85,1.15,,,,0.0,0,0.0
T. Woźniak,Górnik Łęczna,Górnik Łęczna,GK,24,50000,,2,192,0,0.0,0,0.0,0.47,0.0,Poland,Poland,right,195,90,no,1.41,0.47,0.0,0.0,0.0,0.0,0.0,0.0,1.41,2.2,0.47,0,0.0,0,0.0,0.0,0.0,0,0.0,0.0,0,0.0,0,0.0,0.0,0.0,0.0,0.0,0.0,0.0,0.0,0.0,0.0,0.0,0.0,0.0,0.0,0.0,0.0,0.0,0.0,7.03,0.0,0.0,13.13,71.43,8.91,57.89,0.0,0.0,3.75,100.0,6.56,100.0,6.56,42.86,37.16,48.83,0.0,0.0,0.0,0.0,0.0,0.0,0.0,1.88,50.0,0.0,0.0,0.0,0.0,0.0,0.0,6.09,53.85,2,0.94,9,4.22,0,77.78,2.44,1.14,0.44,0.206,0.0,0.47,0.0,,,,0.0,0,0.0
I. Jelić Balta,Mura,Wisła Kraków,"LDMF, LCMF",33,50000,2027-05-31,16,1243,0,0.96,2,0.34,30.56,51.42,Croatia,"Croatia, Bosnia and Herzegovina",left,193,85,no,12.89,8.91,57.72,9.85,55.88,0.51,0.85,0.36,7.24,12.2,3.04,6,0.43,0,0.0,2.1,0.0,0,0.0,0.07,0,0.0,15,1.09,20.0,0.0,0.14,0.8,45.45,0.72,40.0,0.07,100.0,0.22,2.24,61.29,6.95,46.88,1.16,0.72,0.29,25.05,0.14,2.1,41.78,80.07,15.42,66.67,5.29,94.52,15.28,90.52,36.56,84.16,4.49,51.61,19.37,36.51,0.02,0.43,0.07,0.07,0.36,40.0,0.14,8.69,66.67,1.38,42.11,0.65,33.33,0.22,0.36,8.91,72.36,0,,0,,0,0.0,0.0,0.0,,,0.43,,,0.0,0.0,0.0,0.0,0,0.0
J. Sedlák,Artis Brno,Ruch Chorzów,"DMF, LCMF, RCMF",31,50000,,16,1306,0,0.8,0,0.23,14.4,52.15,Czech Republic,Czech Republic,right,181,75,no,11.16,7.58,60.0,2.55,54.05,0.76,1.17,0.21,5.86,9.07,1.52,2,0.14,0,0.0,0.34,0.0,0,0.0,0.06,0,0.0,7,0.48,0.0,0.0,0.0,0.21,33.33,0.0,0.0,0.21,33.33,0.0,0.48,57.14,1.86,29.63,0.21,0.21,0.07,16.68,0.21,0.28,33.35,78.51,12.61,67.76,4.75,91.3,11.09,86.96,29.7,82.83,3.45,44.0,17.97,32.81,0.02,0.14,0.07,0.0,0.07,0.0,0.07,4.82,70.0,0.69,20.0,0.28,50.0,0.07,0.07,6.48,57.45,0,,0,,0,0.0,0.0,0.0,,,0.9,,,0.0,0.0,0.0,0.0,0,0.0
O. Koprowski,Znicz Pruszków,Łódzki KS,LB,27,50000,2026-06-30,16,750,0,0.29,0,0.55,18.36,55.56,Poland,Poland,left,185,85,no,11.16,7.32,59.02,5.76,56.25,0.24,0.38,0.6,6.6,10.58,1.68,2,0.24,0,0.0,1.08,0.0,0,0.0,0.03,0,0.0,2,0.24,50.0,0.0,0.0,1.92,25.0,1.92,25.0,0.0,0.0,0.72,0.36,100.0,2.52,57.14,1.2,1.2,0.24,22.44,1.8,1.2,35.28,72.45,12.84,63.55,5.04,100.0,11.4,72.63,30.0,77.6,3.48,55.17,19.08,26.93,0.07,0.84,0.12,0.0,0.36,33.33,0.36,4.08,44.12,2.28,52.63,0.6,80.0,1.08,0.36,8.16,55.88,0,,0,,0,0.0,0.0,0.0,,,0.48,,,0.0,0.0,0.0,0.0,0,0.0
Ł. Kosakiewicz,Łomża,Sandecja Nowy Sącz,"RB, RAMF, RWB",35,50000,,16,1379,0,0.48,2,2.98,13.05,37.5,Poland,Poland,right,176,71,no,6.07,4.05,56.45,3.85,40.68,0.07,0.09,0.07,3.72,5.34,1.44,5,0.33,0,0.0,1.57,0.0,0,0.0,0.03,0,0.0,8,0.52,0.0,0.0,0.13,3.79,32.76,0.0,0.0,3.79,32.76,0.65,0.72,27.27,2.55,10.26,1.17,0.72,0.26,18.27,1.5,0.2,28.0,68.3,8.48,50.77,4.5,92.75,9.99,70.59,21.02,80.43,3.33,31.37,19.94,26.63,0.19,1.83,0.0,0.0,0.33,40.0,0.33,2.55,35.9,3.26,38.0,0.59,33.33,0.33,1.17,5.29,59.26,0,,0,,0,0.0,0.0,0.0,,,0.13,,,1.17,0.0,0.0,1.96,0,0.0
D. Kościelniak,,Katowice,"AMF, RWF, LWF",31,50000,,23,1055,2,1.9,0,1.65,13.82,40.74,Poland,Poland,both,177,66,no,3.92,2.47,51.72,1.54,16.67,0.26,0.36,0.0,2.39,3.33,0.26,0,0.0,0,0.0,3.5,0.17,2,0.17,0.16,0,0.0,18,1.54,27.78,11.111,0.0,2.47,41.38,0.85,30.0,1.62,47.37,0.43,3.16,54.05,7.51,44.32,1.96,1.28,0.6,20.82,0.68,1.45,28.92,78.47,7.25,67.06,6.14,94.44,8.7,76.47,25.0,84.3,1.54,38.89,14.24,19.69,0.14,0.94,0.0,0.0,0.77,44.44,0.6,2.47,65.52,3.5,53.66,0.51,33.33,1.02,1.02,4.09,72.92,0,,0,,0,0.0,0.0,0.0,,,0.09,,,0.0,0.0,0.0,0.0,0,0.0
B. Pindroch,Komárno,Resovia Rzeszów,GK,34,50000,2027-06-30,28,2689,0,0.0,0,0.0,0.74,77.27,Slovakia,Slovakia,right,194,90,no,1.2,0.0,0.0,0.6,88.89,0.0,0.0,0.0,1.2,1.65,0.0,3,0.1,0,0.0,0.0,0.0,0,0.0,0.0,0,0.0,0,0.0,0.0,0.0,0.0,0.0,0.0,0.0,0.0,0.0,0.0,0.0,0.0,0.0,0.0,0.0,0.0,0.0,0.0,10.98,0.13,0.03,17.57,87.05,9.47,78.09,0.0,0.0,7.66,97.82,9.87,98.64,7.7,72.17,35.23,50.63,0.0,0.0,0.0,0.0,0.0,0.0,0.0,1.91,66.67,0.1,0.0,0.1,0.0,0.0,0.0,5.32,82.39,43,1.44,142,4.75,3,69.72,43.82,1.47,0.82,0.027,0.0,1.87,0.6,,,,0.0,0,0.0
M. Kozioł,Stal Rzeszów,Łódzki KS,GK,38,25000,2027-06-30,1,96,0,0.0,0,0.0,0.94,100.0,Poland,Poland,right,199,91,no,3.75,0.0,0.0,0.94,100.0,0.0,0.0,0.0,3.75,4.8,0.0,0,0.0,0,0.0,0.0,0.0,0,0.0,0.0,0,0.0,0,0.0,0.0,0.0,0.0,0.0,0.0,0.0,0.0,0.0,0.0,0.0,0.0,0.0,0.0,0.0,0.0,0.0,0.0,17.81,0.0,0.0,26.25,82.14,14.06,66.67,0.0,0.0,10.31,100.0,13.13,92.86,13.13,71.43,39.48,55.22,0.0,0.0,0.0,0.0,0.0,0.0,0.0,7.5,75.0,0.94,0.0,0.0,0.0,0.0,0.0,11.25,75.0,2,1.88,4,3.75,0,50.0,0.6,0.56,-1.4,-1.312,0.0,1.88,0.94,,,,0.0,0,0.0
D. Ryndak,Zagłębie Sosnowiec II,Zagłębie Sosnowiec,"RB, LB",37,25000,,15,1178,0,0.9,0,1.33,16.2,51.42,Poland,Poland,right,177,68,no,10.24,7.79,64.71,2.22,27.59,0.23,0.37,0.23,4.97,7.99,0.92,3,0.23,0,0.0,1.83,0.0,0,0.0,0.07,0,0.0,14,1.07,0.0,0.0,0.0,2.29,43.33,0.31,25.0,1.99,46.15,0.38,1.07,64.29,3.29,44.19,1.3,1.76,1.07,23.53,1.99,0.31,34.46,78.05,14.9,70.77,5.35,94.29,9.78,81.25,27.96,84.97,4.2,50.91,19.28,32.28,0.1,0.61,0.0,0.0,0.46,33.33,0.31,5.27,69.57,2.83,51.35,0.69,22.22,0.61,0.99,8.17,70.09,0,,0,,0,0.0,0.0,0.0,,,0.69,,,0.0,0.0,0.0,0.0,0,0.0
M. Dobrotka,Pohronie,Arka Gdynia,"LCB, RCB",41,25000,,24,2093,0,1.62,0,0.24,14.23,60.73,Slovakia,Slovakia,right,183,82,no,9.5,5.25,64.75,5.16,60.83,0.22,0.33,0.26,5.89,9.15,1.08,5,0.22,0,0.0,0.6,0.0,0,0.0,0.07,0,0.0,10,0.43,20.0,0.0,0.0,0.04,0.0,0.0,0.0,0.04,0.0,0.0,0.65,73.33,2.02,55.32,0.82,0.95,0.09,27.99,0.22,0.69,45.24,84.79,18.79,73.68,2.67,93.55,20.25,94.27,39.3,90.15,5.89,49.64,22.36,38.36,0.01,0.13,0.0,0.04,0.09,50.0,0.0,5.68,59.85,0.43,70.0,0.13,33.33,0.34,0.0,8.56,63.82,0,,0,,0,0.0,0.0,0.0,,,1.46,,,0.0,0.0,0.0,0.0,0,0.0
F. Karbowy,Sokół Kleczew,Chojniczanka Chojnice,"LCMF, RW",28,25000,2026-06-30,29,1712,1,2.73,0,3.09,25.44,51.03,Poland,Poland,right,178,67,no,7.46,7.68,63.01,2.05,53.85,0.16,0.23,0.05,2.47,3.58,1.42,6,0.32,0,0.0,4.52,0.05,1,0.05,0.14,0,0.0,59,3.1,28.81,1.695,0.0,1.47,21.43,0.74,14.29,0.68,30.77,0.32,5.41,59.22,12.04,46.72,0.89,2.05,1.1,18.03,0.74,2.47,29.6,78.51,10.09,72.4,5.2,89.9,8.88,83.43,26.44,83.1,1.68,56.25,17.48,24.32,0.16,1.16,0.05,0.05,0.37,28.57,0.05,4.36,71.08,1.73,33.33,0.37,28.57,0.53,0.26,4.84,66.3,0,,0,,0,0.0,0.0,0.0,,,0.16,,,1.79,0.74,28.57,2.16,0,0.0
J. Wróbel,Nieciecza II,Sandecja Nowy Sącz,CF,32,25000,,29,2214,7,6.32,2,2.56,22.85,40.21,Poland,Poland,left,178,74,no,3.33,2.03,46.0,9.43,42.67,0.2,0.27,0.08,2.2,2.9,1.02,5,0.2,0,0.0,1.75,0.28,5,0.2,0.26,3,0.12,43,1.75,39.53,16.279,0.08,0.57,21.43,0.45,18.18,0.12,33.33,0.08,1.46,50.0,7.03,35.84,2.89,0.28,0.0,10.81,2.85,2.4,16.38,62.03,4.76,46.15,2.89,77.46,4.63,71.93,14.76,64.74,1.1,48.15,15.4,25.01,0.1,0.45,0.0,0.0,0.69,29.41,0.16,2.11,48.08,1.14,50.0,0.77,26.32,0.73,0.08,2.07,52.94,0,,0,,0,0.0,0.0,0.0,,,0.0,,,0.08,0.08,0.0,0.0,2,100.0
E. Čikoš,,Puszcza Niepołomice,RB,36,0,,6,352,0,0.15,0,0.0,15.34,45.0,Slovakia,Slovakia,right,182,77,no,8.69,5.11,50.0,4.35,52.94,0.77,1.08,0.51,5.37,7.59,1.28,1,0.26,0,0.0,0.0,0.0,0,0.0,0.04,0,0.0,2,0.51,0.0,0.0,0.0,0.77,0.0,0.0,0.0,0.77,0.0,0.51,1.28,0.0,3.58,35.71,1.02,0.26,0.51,7.93,0.77,1.02,14.06,60.0,6.9,44.44,2.05,100.0,3.32,61.54,10.48,70.73,2.81,36.36,19.44,22.05,0.0,0.0,0.0,0.0,0.0,0.0,0.0,2.05,37.5,1.02,25.0,0.0,0.0,0.26,0.0,4.86,47.37,0,,0,,0,0.0,0.0,0.0,,,0.51,,,0.0,0.0,0.0,0.0,0,0.0
M. Mańka,,Tychy 71,"LCB, RCB, RB",36,0,,17,1271,1,1.05,1,0.77,13.95,53.3,Poland,Poland,right,182,77,no,8.0,6.3,62.92,2.62,56.76,0.42,0.63,0.21,3.61,5.31,1.84,9,0.64,1,0.07,1.13,0.07,1,0.07,0.07,0,0.0,6,0.42,33.33,16.667,0.07,1.27,44.44,0.35,40.0,0.92,46.15,0.14,0.92,46.15,2.48,37.14,1.06,0.71,0.35,19.69,0.78,0.78,28.75,77.59,13.6,68.23,2.48,91.43,9.13,89.92,21.67,87.25,5.81,48.78,21.72,33.78,0.05,0.21,0.0,0.0,0.14,0.0,0.14,4.67,56.06,1.42,50.0,0.28,25.0,0.5,0.5,6.66,61.7,0,,0,,0,0.0,0.0,0.0,,,0.42,,,0.07,0.07,0.0,0.0,0,0.0
T. Mikołajczak,,Chojniczanka Chojnice,"CF, AMF",38,0,,30,1661,8,6.76,1,1.63,29.1,44.32,Poland,Poland,right,188,0,no,5.91,4.71,62.07,6.29,41.38,0.43,0.63,0.11,2.55,3.72,1.73,5,0.27,0,0.0,4.23,0.43,6,0.33,0.37,3,0.16,37,2.0,45.95,21.622,0.05,1.79,45.45,0.6,45.45,1.14,47.62,0.05,4.17,55.84,14.03,43.63,2.71,1.3,0.6,20.86,1.84,3.47,33.16,79.41,8.24,69.08,7.31,91.11,10.24,82.54,30.45,81.85,0.98,61.11,15.12,14.59,0.09,0.98,0.05,0.05,0.38,42.86,0.38,3.58,72.73,1.73,56.25,0.22,25.0,0.6,0.7,3.74,82.61,0,,0,,0,0.0,0.0,0.0,,,0.0,,,0.11,0.11,0.0,0.0,2,100.0
M. Mikołajczyk,Gwardia Koszalin,Chojniczanka Chojnice,"LB, LWB, LCB",36,0,,31,2645,0,0.8,3,3.83,12.79,57.18,Poland,Poland,both,180,0,no,9.19,6.09,63.13,2.45,56.94,0.68,0.94,0.44,4.66,6.47,1.16,8,0.27,0,0.0,2.08,0.0,0,0.0,0.03,0,0.0,12,0.41,25.0,0.0,0.1,3.2,41.49,2.96,42.53,0.2,33.33,0.44,0.95,60.71,2.38,55.71,0.75,0.51,0.2,21.61,1.02,0.68,32.29,74.5,14.63,65.81,4.56,92.54,8.37,75.2,24.29,82.35,5.14,56.29,20.38,36.06,0.13,1.33,0.0,0.0,0.17,40.0,0.24,5.27,66.45,3.37,44.44,0.34,30.0,0.54,1.22,8.85,71.92,0,,0,,0,0.0,0.0,0.0,,,0.34,,,1.09,0.0,0.0,2.11,0,0.0
S. Skrzypczak,Miedź Legnica II,Chojniczanka Chojnice,CF,36,0,,32,1851,9,7.18,1,1.05,16.24,30.54,Poland,Poland,right,183,70,no,2.53,1.94,50.0,5.3,33.03,0.1,0.14,0.0,1.46,2.14,1.02,2,0.1,0,0.0,1.65,0.44,4,0.19,0.35,0,0.0,35,1.7,34.29,25.714,0.05,0.88,16.67,0.29,0.0,0.58,25.0,0.15,2.04,35.71,6.37,23.66,2.53,0.68,0.29,9.58,1.56,0.58,17.02,73.14,2.92,60.0,5.25,87.96,5.3,72.48,15.22,76.04,0.92,78.95,13.54,15.27,0.05,0.53,0.05,0.0,0.24,80.0,0.1,0.92,73.68,1.07,36.36,0.29,83.33,0.63,0.15,1.8,62.16,0,,0,,0,0.0,0.0,0.0,,,0.05,,,0.0,0.0,0.0,0.0,5,100.0
R. Boguski,,Puszcza Niepołomice,"LAMF, RAMF",42,0,,15,775,1,1.6,1,0.39,16.03,50.0,Poland,Poland,right,173,70,no,8.94,6.5,69.64,2.79,33.33,0.23,0.35,0.23,4.18,6.35,0.46,0,0.0,0,0.0,1.51,0.12,1,0.12,0.19,0,0.0,12,1.39,33.33,8.333,0.12,0.93,50.0,0.12,100.0,0.7,33.33,0.0,0.93,62.5,3.72,40.63,1.16,0.58,0.58,10.22,1.05,1.51,21.02,74.59,7.66,63.64,4.65,97.5,5.34,78.26,18.0,76.77,2.21,63.16,18.54,19.23,0.05,0.58,0.0,0.12,0.12,0.0,0.23,3.37,58.62,2.32,75.0,0.12,100.0,1.51,0.46,4.53,71.79,0,,0,,0,0.0,0.0,0.0,,,0.58,,,0.0,0.0,0.0,0.0,0,0.0
D. Szufryn,,Sandecja Nowy Sącz,"RCB, CB",40,0,,18,1507,0,0.08,0,0.0,13.26,57.21,Poland,Poland,right,191,82,no,8.96,6.45,61.11,3.28,50.91,0.18,0.24,0.66,4.84,6.45,2.39,7,0.42,0,0.0,0.06,0.0,0,0.0,0.0,0,0.0,1,0.06,0.0,0.0,0.0,0.0,0.0,0.0,0.0,0.0,0.0,0.0,0.06,100.0,0.78,46.15,0.12,0.12,0.0,18.39,0.12,0.36,30.16,81.78,12.54,64.29,2.69,97.78,12.24,93.66,24.19,89.38,5.97,51.0,23.22,37.4,0.0,0.0,0.0,0.0,0.0,0.0,0.06,4.18,45.71,0.6,20.0,0.72,8.33,0.12,0.0,5.91,59.6,0,,0,,0,0.0,0.0,0.0,,,2.27,,,0.0,0.0,0.0,0.0,0,0.0
D. Chmiel,Podbeskidzie Bielsko-Biała II,Sandecja Nowy Sącz,"RAMF, LAMF, LW",39,0,,26,1978,2,4.01,3,2.64,21.2,44.64,Poland,Poland,right,174,73,no,7.87,7.14,57.96,2.41,20.75,0.64,0.87,0.05,3.09,4.22,2.32,7,0.32,0,0.0,2.87,0.09,2,0.09,0.18,0,0.0,28,1.27,32.14,7.143,0.14,2.5,30.91,0.82,33.33,1.64,30.56,0.5,3.28,47.22,7.96,42.29,2.87,1.27,0.32,13.92,1.55,2.05,22.11,72.22,6.32,62.59,5.73,92.06,6.01,70.45,18.02,80.3,1.68,43.24,17.49,26.25,0.12,1.37,0.0,0.0,0.32,42.86,0.46,1.96,48.84,2.18,39.58,0.32,28.57,0.46,0.73,3.64,66.25,0,,0,,0,0.0,0.0,0.0,,,0.14,,,0.91,0.0,0.0,2.87,0,0.0
D. Pietrzkiewicz,,Sandecja Nowy Sącz,GK,38,0,,11,1085,0,0.0,0,0.0,1.0,83.33,Poland,Poland,right,189,84,no,2.16,0.08,100.0,0.66,87.5,0.0,0.0,0.0,2.07,3.13,0.08,1,0.08,0,0.0,0.0,0.0,0,0.0,0.0,0,0.0,0,0.0,0.0,0.0,0.0,0.0,0.0,0.0,0.0,0.0,0.0,0.0,0.0,0.0,0.0,0.0,0.0,0.0,0.0,14.6,0.08,0.17,22.48,80.44,12.94,70.51,0.17,100.0,8.71,95.24,12.36,97.99,10.04,59.5,36.62,51.83,0.0,0.0,0.0,0.0,0.0,0.0,0.0,3.24,48.72,0.41,20.0,0.41,40.0,0.08,0.0,7.71,74.19,18,1.49,44,3.65,4,59.09,15.59,1.29,-2.41,-0.2,0.08,1.33,0.66,,,,0.0,0,0.0
B. Babiarz,,SKRA Częstochowa,"LCMF, AMF",37,0,,30,2119,0,0.98,0,2.09,13.8,46.46,Poland,Poland,right,171,68,no,7.43,6.58,56.13,1.83,27.91,0.13,0.17,0.55,3.61,4.68,2.25,4,0.17,0,0.0,0.68,0.0,0,0.0,0.04,0,0.0,15,0.64,26.67,0.0,0.0,0.55,46.15,0.3,42.86,0.25,50.0,0.0,0.42,30.0,2.25,41.51,0.3,1.06,0.04,31.85,0.25,1.19,44.89,80.7,15.46,62.91,4.33,98.04,18.94,90.81,38.35,88.26,5.99,35.46,19.22,30.7,0.09,1.23,0.0,0.04,0.25,50.0,0.3,9.6,57.52,2.34,40.0,0.98,30.43,0.72,0.25,6.58,73.55,0,,0,,0,0.0,0.0,0.0,,,0.3,,,1.23,0.04,100.0,1.49,0,0.0
R. Brusiło,Stal Brzeg,SKRA Częstochowa,"RWB, LCB, RB",37,0,,20,1429,0,0.6,0,0.43,13.41,46.48,Poland,Poland,right,179,72,no,6.55,4.35,50.72,3.28,51.92,0.06,0.07,0.44,4.28,4.95,1.2,3,0.19,0,0.0,1.26,0.0,0,0.0,0.04,0,0.0,3,0.19,0.0,0.0,0.0,1.89,33.33,0.06,0.0,1.83,34.48,0.19,1.2,47.37,3.72,49.15,0.63,0.69,0.0,19.4,1.07,0.88,30.29,79.21,10.01,64.15,5.42,94.19,10.64,85.21,25.07,87.19,3.53,44.64,18.27,28.04,0.03,0.38,0.0,0.0,0.13,50.0,0.19,3.28,63.46,2.33,32.43,0.25,25.0,0.31,0.63,5.86,56.99,0,,0,,0,0.0,0.0,0.0,,,0.5,,,0.0,0.0,0.0,0.0,0,0.0
Ł. Grzeszczyk,,Górnik Łęczna,"CF, AMF, RWF",38,0,,22,1418,2,3.18,3,1.68,15.42,38.27,Poland,Poland,right,181,76,no,2.86,2.98,57.45,2.35,24.32,0.19,0.26,0.06,0.95,1.28,1.46,4,0.25,0,0.0,2.73,0.13,2,0.13,0.2,2,0.13,34,2.16,35.29,5.882,0.19,3.11,24.49,1.65,30.77,1.4,18.18,0.57,2.03,46.88,7.24,37.72,3.05,2.03,0.95,16.76,1.97,1.4,24.31,74.15,7.24,65.79,5.27,98.8,7.81,72.36,19.23,83.5,2.16,61.76,18.56,25.56,0.11,1.21,0.06,0.0,0.51,50.0,0.38,3.43,68.52,3.36,41.51,0.63,40.0,1.14,0.63,3.81,80.0,0,,0,,0,0.0,0.0,0.0,,,0.0,,,1.84,0.0,0.0,1.59,0,0.0
M. Pereira,,Wisła Kraków,RAMF,38,0,,5,180,0,0.0,0,0.98,18.5,40.54,France,"France, Cape Verde Islands",left,180,80,no,3.0,3.0,50.0,3.5,14.29,0.0,0.0,0.0,1.5,3.0,2.0,1,0.5,0,0.0,4.5,0.0,0,0.0,0.0,0,0.0,0,0.0,0.0,0.0,0.0,3.0,50.0,0.0,0.0,2.5,40.0,0.0,5.0,50.0,9.0,50.0,2.0,2.0,0.5,24.0,4.0,1.0,29.0,77.59,13.5,77.78,6.0,100.0,6.0,75.0,24.0,85.42,2.0,25.0,23.39,34.26,0.49,3.5,0.5,0.0,0.5,100.0,0.5,5.5,63.64,3.0,66.67,1.0,50.0,1.5,1.5,5.5,90.91,0,,0,,0,0.0,0.0,0.0,,,0.0,,,2.0,0.0,0.0,4.0,0,0.0
D. Kubowicz,,Resovia Rzeszów,"CB, RCB, LCB",38,0,,10,805,0,0.89,0,0.14,15.43,59.42,Poland,Poland,right,188,85,no,7.27,4.02,63.89,6.26,57.14,0.45,0.67,0.45,4.25,6.37,1.34,3,0.34,1,0.11,0.67,0.0,0,0.0,0.1,0,0.0,7,0.78,0.0,0.0,0.0,0.22,0.0,0.0,0.0,0.0,0.0,0.0,0.89,75.0,2.12,52.63,1.12,0.89,0.11,19.9,0.22,1.12,35.33,80.7,16.88,70.2,1.79,93.75,14.42,93.8,28.06,84.86,7.04,66.67,22.93,34.82,0.02,0.11,0.0,0.0,0.11,0.0,0.0,6.37,68.42,0.89,12.5,0.34,0.0,0.11,0.11,8.5,69.74,0,,0,,0,0.0,0.0,0.0,,,1.01,,,0.0,0.0,0.0,0.0,0,0.0
G. Merebashvili,,Sandecja Nowy Sącz,"AMF, CF, RW",39,0,,9,485,0,0.58,0,0.05,26.35,36.62,Georgia,Georgia,right,180,75,no,2.78,5.01,44.44,1.86,20.0,0.0,0.0,0.0,0.56,0.87,1.3,1,0.19,0,0.0,5.38,0.0,0,0.0,0.11,0,0.0,14,2.6,35.71,0.0,0.0,2.41,7.69,1.48,12.5,0.93,0.0,0.19,6.12,66.67,15.59,35.71,1.86,2.78,1.48,9.65,1.11,2.78,16.89,64.84,4.08,72.73,3.53,94.74,5.94,50.0,13.55,78.08,0.93,20.0,21.25,11.7,0.01,0.56,0.0,0.0,0.56,33.33,0.0,2.6,71.43,3.34,33.33,0.56,33.33,0.37,0.37,3.71,80.0,0,,0,,0,0.0,0.0,0.0,,,0.0,,,1.3,0.0,0.0,0.93,0,0.0
P. Wojciechowski,Ślęza Wrocław,Resovia Rzeszów,"CF, AMF",36,0,,16,664,0,1.36,1,0.7,21.69,30.0,Poland,Poland,right,181,79,no,2.03,1.49,36.36,7.86,25.86,0.0,0.0,0.0,1.49,2.29,1.08,2,0.27,0,0.0,1.76,0.0,0,0.0,0.18,0,0.0,11,1.49,18.18,0.0,0.14,0.95,42.86,0.41,33.33,0.54,50.0,0.41,2.03,53.33,8.81,33.85,1.49,0.68,0.14,14.64,1.36,1.22,23.45,80.35,5.02,78.38,5.29,94.87,8.81,81.54,21.01,82.58,1.49,72.73,16.96,19.08,0.1,1.49,0.0,0.0,0.14,0.0,0.54,2.85,61.9,2.03,60.0,0.27,50.0,0.95,0.27,2.17,62.5,0,,0,,0,0.0,0.0,0.0,,,0.14,,,1.49,0.14,0.0,2.44,0,0.0
T. Jodłowiec,,Podbeskidzie Bielsko-Biała,"LCMF, RDMF, LDMF",40,0,,18,1310,1,0.85,1,0.27,17.66,55.64,Poland,Poland,right,189,86,no,9.48,5.98,67.82,4.67,58.82,0.41,0.62,0.41,5.02,7.53,0.96,0,0.0,0,0.0,1.1,0.07,1,0.07,0.06,0,0.0,10,0.69,30.0,10.0,0.07,0.34,60.0,0.14,100.0,0.21,33.33,0.0,0.96,64.29,4.88,45.07,1.17,1.17,0.41,23.91,0.41,0.82,36.48,85.5,10.17,71.62,6.94,98.02,13.53,92.39,34.9,87.2,1.24,44.44,16.43,20.76,0.02,0.48,0.0,0.0,0.21,33.33,0.27,3.57,75.0,1.1,87.5,0.07,100.0,0.96,0.21,4.05,64.41,0,,0,,0,0.0,0.0,0.0,,,0.96,,,0.0,0.0,0.0,0.0,0,0.0
A. Marciniak,,Łódzki KS,LCB,37,0,,24,2131,0,1.06,0,0.15,12.42,59.18,Poland,Poland,left,186,78,no,7.1,3.76,77.53,5.15,53.28,0.25,0.4,0.3,3.93,6.19,0.89,4,0.17,0,0.0,0.42,0.0,0,0.0,0.04,0,0.0,10,0.42,10.0,0.0,0.0,0.55,38.46,0.51,41.67,0.04,0.0,0.08,0.25,50.0,0.93,45.45,0.63,0.89,0.13,29.69,0.76,0.21,45.02,84.52,19.64,70.97,2.07,95.92,20.57,96.1,37.8,91.06,6.72,50.94,24.37,41.57,0.01,0.13,0.0,0.0,0.04,100.0,0.04,4.22,63.0,0.68,31.25,0.17,25.0,0.08,0.17,8.49,65.17,0,,0,,0,0.0,0.0,0.0,,,1.14,,,0.0,0.0,0.0,0.0,0,0.0
L. Janoszka,,Ruch Chorzów,"AMF, CF",39,0,,29,1635,1,2.79,0,3.66,18.72,40.88,Poland,Poland,left,180,0,no,4.4,3.8,59.42,4.07,33.78,0.17,0.27,0.06,1.98,3.22,0.88,2,0.11,0,0.0,2.15,0.06,1,0.06,0.15,0,0.0,28,1.54,17.86,3.571,0.0,1.76,25.0,1.05,21.05,0.72,30.77,0.17,1.98,61.11,8.59,35.9,2.31,0.77,0.33,21.58,1.32,1.76,30.72,78.14,10.02,70.33,5.72,93.27,7.93,79.17,27.74,82.74,1.21,50.0,17.64,19.82,0.2,1.93,0.06,0.06,0.55,40.0,0.33,3.74,73.53,2.75,52.0,0.55,40.0,1.27,0.44,4.62,78.57,0,,0,,0,0.0,0.0,0.0,,,0.06,,,1.98,0.22,25.0,3.25,1,0.0
M. Dąbrowski,,Łódzki KS,RCB,39,0,,23,1936,1,1.08,0,0.15,11.48,65.18,Poland,Poland,right,194,88,no,8.09,4.74,67.65,3.53,68.42,0.28,0.42,0.74,4.6,6.97,1.44,7,0.33,0,0.0,0.56,0.05,1,0.05,0.05,1,0.05,7,0.33,28.57,14.286,0.0,0.05,100.0,0.0,0.0,0.05,100.0,0.0,0.56,75.0,1.49,68.75,0.46,0.88,0.09,27.29,0.23,0.6,42.58,85.92,18.69,76.12,1.95,100.0,19.62,94.55,33.94,91.64,8.6,63.24,22.98,39.01,0.01,0.09,0.0,0.0,0.0,0.0,0.09,6.14,66.67,0.56,41.67,0.46,60.0,0.23,0.05,9.58,75.24,0,,0,,0,0.0,0.0,0.0,,,1.67,,,0.0,0.0,0.0,0.0,0,0.0
T. Foszmańczyk,,Ruch Chorzów,AMF,40,0,,30,1282,4,5.03,2,0.87,10.88,45.81,Poland,Poland,right,173,69,no,3.86,2.74,51.28,0.98,35.71,0.28,0.45,0.0,2.18,3.51,0.77,4,0.28,0,0.0,1.97,0.28,1,0.07,0.35,0,0.0,26,1.83,26.92,15.385,0.14,0.98,71.43,0.49,71.43,0.49,71.43,0.14,1.05,53.33,4.91,42.86,1.9,0.35,0.07,21.69,0.28,1.47,31.17,79.05,10.88,69.03,6.11,91.95,8.63,84.55,28.43,81.73,1.83,42.31,15.32,17.07,0.06,0.84,0.07,0.0,0.63,33.33,0.35,4.49,75.0,2.39,64.71,0.77,27.27,1.33,0.56,4.35,82.26,0,,0,,0,0.0,0.0,0.0,,,0.0,,,0.0,0.0,0.0,0.07,3,100.0
M. Ilków-Gołąb,,Chrobry Głogów,"CF, AMF",41,0,,3,12,0,0.02,0,0.0,,,Poland,Poland,right,183,0,no,,,,,,,15.0,,,0.0,,1,,0,,,,0,,,0,,1,,,0.0,,,,,,,,,,,,,,,,,,,,,,,,,,,,,,,6.46,0.0,,,,,,,,,,,,,,,,,,0,,0,,0,0.0,0.0,,,,,,,,,,,0,0.0
M. Michalec,,Chrobry Głogów,"LCB, RCB",38,0,,23,1767,0,0.86,0,0.18,12.48,57.55,Poland,Poland,right,184,78,no,9.88,4.02,63.29,4.99,54.08,0.41,0.54,1.38,6.93,9.19,0.92,6,0.31,0,0.0,0.36,0.0,0,0.0,0.04,0,0.0,13,0.66,23.08,0.0,0.0,0.1,0.0,0.05,0.0,0.05,0.0,0.05,0.25,80.0,1.07,57.14,0.56,0.15,0.0,22.67,0.15,0.56,36.16,81.41,17.32,70.88,1.22,79.17,15.28,92.67,28.17,88.43,7.89,57.42,23.64,36.6,0.01,0.05,0.0,0.0,0.0,0.0,0.05,3.46,52.94,0.56,9.09,0.15,0.0,0.05,0.0,7.39,60.69,0,,0,,0,0.0,0.0,0.0,,,0.66,,,0.0,0.0,0.0,0.0,0,0.0
M. Bodzioch,,Zagłębie Sosnowiec,LCB,36,0,,14,1073,1,2.07,0,0.02,14.09,59.52,Poland,Poland,left,190,82,no,8.64,5.79,69.57,5.37,56.25,0.42,0.64,0.75,4.19,6.36,0.84,1,0.08,0,0.0,0.59,0.08,1,0.08,0.17,0,0.0,12,1.01,50.0,8.333,0.0,0.0,0.0,0.0,0.0,0.0,0.0,0.0,0.17,50.0,0.59,14.29,1.01,1.01,0.08,26.76,0.67,0.17,42.53,82.84,20.72,72.47,1.17,78.57,18.03,95.81,34.14,90.91,8.39,50.0,21.81,32.71,0.0,0.08,0.0,0.08,0.08,0.0,0.0,5.2,54.84,0.34,25.0,0.75,22.22,0.0,0.0,9.98,63.87,0,,0,,0,0.0,0.0,0.0,,,0.92,,,0.0,0.0,0.0,0.0,0,0.0
B. Rymaniak,,Arka Gdynia,"RB, LCB",36,0,,16,1324,1,0.27,0,0.54,15.29,42.67,Poland,Poland,right,189,80,no,6.05,4.89,45.83,4.21,46.77,0.27,0.45,0.68,3.53,5.86,1.29,5,0.34,0,0.0,1.97,0.07,1,0.07,0.02,0,0.0,5,0.34,40.0,20.0,0.0,2.92,37.21,0.0,0.0,2.92,37.21,0.61,1.36,55.0,3.67,37.04,0.88,1.36,0.61,27.46,1.29,0.88,39.77,76.07,15.84,65.24,4.21,95.16,16.72,82.11,30.45,86.61,6.59,45.36,22.31,37.09,0.04,0.34,0.0,0.0,0.14,0.0,0.27,5.78,63.53,3.47,37.25,0.27,75.0,0.41,0.95,9.58,70.21,0,,0,,0,0.0,0.0,0.0,,,1.36,,,0.0,0.0,0.0,0.0,0,0.0
P. Bryła,,Zagłębie Sosnowiec,"RAMF, RW",36,0,,24,1286,1,1.16,0,1.14,17.71,44.27,Poland,Poland,right,178,67,no,8.19,8.05,47.83,2.66,31.58,0.49,0.73,0.07,3.85,5.77,1.96,2,0.14,0,0.0,3.08,0.07,1,0.07,0.08,0,0.0,22,1.54,27.27,4.545,0.0,3.15,26.67,0.84,25.0,2.31,27.27,0.35,2.1,76.67,4.69,53.73,1.61,0.42,0.28,16.8,1.61,0.77,27.64,66.33,8.75,51.2,4.9,88.57,8.26,71.19,21.07,76.41,3.5,40.0,18.75,30.29,0.08,0.91,0.0,0.0,0.49,42.86,0.28,2.73,58.97,3.78,48.15,0.56,37.5,0.98,0.77,6.02,63.95,0,,0,,0,0.0,0.0,0.0,,,0.07,,,0.0,0.0,0.0,0.0,0,0.0
Marcus Vinícius,,Arka Gdynia,"AMF, RCMF, LCMF",42,0,,4,48,0,0.03,0,0.0,16.88,55.56,Brazil,"Brazil, Poland",right,182,72,no,3.75,1.88,0.0,7.5,75.0,0.0,0.0,0.0,3.75,12.0,1.88,0,0.0,1,1.88,0.0,0.0,0,0.0,0.05,0,0.0,1,1.88,0.0,0.0,0.0,0.0,0.0,0.0,0.0,0.0,0.0,0.0,1.88,0.0,3.75,0.0,0.0,0.0,0.0,15.0,0.0,5.63,22.5,66.67,5.63,33.33,9.38,80.0,1.88,100.0,20.63,72.73,1.88,0.0,8.36,1.35,0.0,0.0,0.0,0.0,1.88,0.0,0.0,3.75,0.0,1.88,0.0,1.88,0.0,0.0,0.0,1.88,0.0,0,,0,,0,0.0,0.0,0.0,,,0.0,,,3.75,0.0,0.0,0.0,0,0.0
M. Masłowski,Gwardia Koszalin,Zagłębie Sosnowiec,"RCMF, LDMF, RDMF",36,0,,16,784,1,1.21,0,1.49,14.46,38.89,Poland,Poland,right,178,76,no,7.12,5.97,34.62,4.13,55.56,0.11,0.18,0.46,4.94,7.72,2.53,5,0.57,0,0.0,1.49,0.11,1,0.11,0.14,0,0.0,11,1.26,27.27,9.091,0.0,0.8,71.43,0.34,66.67,0.46,75.0,0.11,0.69,33.33,2.53,27.27,1.15,0.57,0.11,24.11,0.57,0.23,36.85,79.75,15.73,66.42,3.79,96.97,11.94,89.42,31.91,85.25,4.13,38.89,16.83,19.18,0.17,1.61,0.0,0.0,0.57,60.0,0.57,7.81,66.18,2.3,60.0,1.03,55.56,0.69,0.57,8.38,71.23,0,,0,,0,0.0,0.0,0.0,,,0.0,,,1.84,0.11,0.0,3.44,0,0.0
M. Kos,Zagłębie Sosnowiec,Zagłębie Sosnowiec,GK,39,0,,11,1072,0,0.0,0,0.0,0.76,77.78,Poland,Poland,right,190,90,no,1.01,0.0,0.0,0.5,83.33,0.0,0.0,0.0,1.01,1.38,0.0,0,0.0,0,0.0,0.0,0.0,0,0.0,0.0,0,0.0,0,0.0,0.0,0.0,0.0,0.0,0.0,0.0,0.0,0.0,0.0,0.0,0.0,0.0,0.08,0.0,0.0,0.0,0.0,10.83,0.42,0.17,15.2,78.45,10.83,71.32,0.0,0.0,4.2,96.0,6.55,98.72,8.65,63.11,38.84,50.07,0.0,0.0,0.0,0.0,0.0,0.0,0.0,2.94,62.86,0.0,0.0,0.0,0.0,0.0,0.0,6.21,78.38,11,0.92,39,3.27,6,71.79,8.89,0.75,-2.11,-0.177,0.0,1.6,0.5,,,,0.0,0,0.0
M. Gliwa,,Zagłębie Sosnowiec,GK,38,0,,23,2260,0,0.04,0,0.01,0.44,72.73,Poland,Poland,right,188,76,no,1.55,0.08,100.0,0.24,66.67,0.0,0.0,0.0,1.47,2.25,0.0,0,0.0,0,0.0,0.0,0.0,0,0.0,0.0,0,0.0,1,0.04,0.0,0.0,0.0,0.0,0.0,0.0,0.0,0.0,0.0,0.0,0.0,0.0,0.0,0.0,0.04,0.0,0.0,9.8,0.12,0.08,15.89,83.21,9.08,71.05,0.0,0.0,6.61,99.4,9.8,99.19,6.09,57.52,34.59,46.19,0.0,0.04,0.0,0.0,0.0,0.0,0.0,1.59,52.5,0.08,0.0,0.12,33.33,0.04,0.0,4.46,71.43,32,1.27,96,3.82,4,66.67,29.37,1.17,-2.63,-0.105,0.0,0.72,0.24,,,,0.0,0,0.0
S. Pawłowski,,Zagłębie Sosnowiec,"AMF, CF, RCMF",39,0,,18,1580,2,3.43,1,2.26,18.46,42.9,Poland,Poland,right,175,70,no,3.99,3.53,59.68,1.54,22.22,0.17,0.26,0.0,1.71,2.6,0.51,0,0.0,0,0.0,4.56,0.11,2,0.11,0.2,0,0.0,49,2.79,34.69,4.082,0.06,2.62,26.09,1.08,21.05,1.42,28.0,0.23,4.9,48.84,11.05,42.27,2.45,2.51,0.97,16.69,1.31,1.08,25.41,67.94,9.8,59.3,3.59,87.3,6.84,71.67,20.91,74.66,2.05,47.22,18.47,33.27,0.13,1.14,0.0,0.0,1.14,45.0,0.51,4.27,60.0,3.82,52.24,1.2,38.1,1.59,0.68,5.18,74.73,0,,0,,0,0.0,0.0,0.0,,,0.06,,,0.11,0.06,100.0,0.0,0,0.0
M. Piter-Bučko,Tatran Liptovský Mikuláš,Sandecja Nowy Sącz,"RCB, LCB",39,0,,19,1438,0,1.23,1,0.0,12.14,64.43,Slovakia,Slovakia,right,188,82,no,8.39,5.19,74.7,4.38,62.86,0.31,0.43,0.69,4.19,5.81,0.69,4,0.25,0,0.0,0.25,0.0,0,0.0,0.08,0,0.0,7,0.44,42.86,0.0,0.06,0.19,33.33,0.13,50.0,0.06,0.0,0.06,0.06,0.0,0.38,33.33,0.81,0.13,0.0,26.66,0.5,0.31,38.37,87.93,16.34,80.08,1.82,96.55,18.21,94.5,31.92,93.33,6.32,61.39,23.07,31.23,0.0,0.0,0.0,0.0,0.0,0.0,0.0,3.82,62.3,0.44,28.57,0.44,28.57,0.06,0.06,6.2,64.65,0,,0,,0,0.0,0.0,0.0,,,1.31,,,0.0,0.0,0.0,0.0,0,0.0
M. Putnocký,,Sandecja Nowy Sącz,GK,40,0,,8,777,0,0.21,0,0.0,0.93,75.0,Slovakia,Slovakia,right,195,83,no,1.04,0.0,0.0,0.69,100.0,0.0,0.0,0.0,1.04,1.36,0.0,0,0.0,0,0.0,0.0,0.0,0,0.0,0.02,0,0.0,1,0.12,0.0,0.0,0.0,0.0,0.0,0.0,0.0,0.0,0.0,0.0,0.12,0.0,0.12,0.0,0.23,0.0,0.0,8.34,0.0,0.12,14.83,88.28,9.27,81.25,0.0,0.0,5.21,100.0,6.6,94.74,8.22,83.1,34.9,44.56,0.0,0.0,0.0,0.0,0.0,0.0,0.0,1.85,75.0,0.12,100.0,0.12,0.0,0.12,0.0,7.18,85.48,10,1.16,29,3.36,1,65.52,9.37,1.09,-0.63,-0.073,0.0,1.27,0.69,,,,0.0,0,0.0
M. Czarny,Gwardia Koszalin,Puszcza Niepołomice,RCB,36,0,,8,132,0,0.33,0,0.0,16.36,54.17,Poland,Poland,right,189,79,no,6.82,4.09,83.33,10.91,50.0,0.0,0.0,0.68,3.41,7.14,2.05,1,0.68,0,0.0,0.0,0.0,0,0.0,0.23,0,0.0,2,1.36,0.0,0.0,0.0,0.0,0.0,0.0,0.0,0.0,0.0,0.0,0.0,0.0,0.0,0.0,2.05,0.0,0.0,19.09,0.0,0.0,30.0,86.36,5.45,62.5,1.36,100.0,19.77,89.66,23.86,97.14,6.14,44.44,20.0,22.37,0.0,0.0,0.0,0.0,0.0,0.0,0.0,2.05,33.33,0.68,100.0,0.0,0.0,0.68,0.0,3.41,40.0,0,,0,,0,0.0,0.0,0.0,,,1.36,,,0.0,0.0,0.0,0.0,0,0.0
D. Tanżyna,Widzew Łódź II,Katowice,LCB,36,0,2027-06-30,5,328,0,0.06,0,0.06,14.27,57.69,Poland,Poland,both,187,78,no,11.25,4.39,56.25,3.57,61.54,1.65,2.28,1.37,7.13,9.87,0.55,0,0.0,0,0.0,1.1,0.0,0,0.0,0.02,0,0.0,1,0.27,100.0,0.0,0.0,0.0,0.0,0.0,0.0,0.0,0.0,0.0,1.92,42.86,3.57,53.85,1.1,1.92,0.55,20.03,0.0,1.1,32.38,76.27,15.64,64.91,1.92,100.0,9.88,86.11,29.09,82.08,3.29,25.0,16.95,28.82,0.02,0.27,0.0,0.0,0.0,0.0,0.27,4.66,29.41,0.82,33.33,0.27,0.0,0.27,0.0,6.86,60.0,0,,0,,0,0.0,0.0,0.0,,,0.27,,,0.0,0.0,0.0,0.0,0,0.0
K. Biliński,,Podbeskidzie Bielsko-Biała,CF,38,0,,34,2765,16,14.01,4,1.83,19.2,36.27,Poland,Poland,right,181,79,no,3.16,3.12,54.17,5.57,33.92,0.13,0.2,0.13,1.33,2.01,1.11,2,0.07,0,0.0,2.57,0.52,15,0.49,0.46,3,0.1,86,2.8,47.67,18.605,0.13,0.68,19.05,0.36,27.27,0.33,10.0,0.1,1.69,48.08,7.52,31.17,4.13,0.65,0.36,11.85,1.82,0.94,16.8,74.61,3.06,59.57,4.95,89.47,4.56,75.0,15.72,77.43,0.46,57.14,14.56,12.08,0.06,0.65,0.07,0.03,0.55,52.94,0.42,1.11,58.82,1.11,52.94,0.42,46.15,0.81,0.13,1.5,73.91,0,,0,,0,0.0,0.0,0.0,,,0.0,,,0.0,0.0,0.0,0.0,2,50.0
P. Małecki,Avia Świdnik,Stal Rzeszów,"CF, AMF",37,0,2027-06-30,29,2006,2,3.98,2,7.09,15.25,38.53,Poland,Poland,right,171,79,no,2.96,3.9,51.72,1.21,33.33,0.13,0.22,0.0,0.81,1.33,1.08,4,0.18,0,0.0,4.44,0.09,2,0.09,0.18,0,0.0,56,2.51,19.64,3.571,0.09,5.02,29.46,2.96,27.27,2.06,32.61,1.21,3.95,48.86,7.67,36.26,3.99,1.53,0.72,14.49,1.12,0.85,22.57,60.04,6.6,51.7,3.9,91.95,8.26,55.98,15.3,72.73,2.38,39.62,21.85,28.29,0.32,1.62,0.09,0.0,1.12,48.0,0.85,3.05,44.12,4.94,45.45,1.26,42.86,1.12,1.62,4.13,80.43,0,,0,,0,0.0,0.0,0.0,,,0.04,,,0.76,0.0,0.0,1.79,0,0.0
P. Tuszyński,,Chojniczanka Chojnice,CF,36,0,,32,2187,5,6.08,2,2.09,31.07,37.88,Poland,Poland,right,184,77,no,2.63,2.3,58.93,9.14,40.09,0.08,0.12,0.21,1.19,1.68,1.15,3,0.12,0,0.0,2.22,0.21,5,0.21,0.25,3,0.12,33,1.36,51.52,15.152,0.08,1.36,24.24,0.33,25.0,0.91,27.27,0.08,2.18,52.83,14.36,34.38,3.42,0.49,0.16,12.67,1.77,2.96,22.8,77.44,4.07,68.69,5.35,91.54,6.58,75.0,20.45,81.09,1.07,69.23,15.28,20.48,0.09,0.82,0.0,0.04,0.16,25.0,0.29,1.32,75.0,0.99,58.33,0.16,25.0,1.03,0.33,1.48,72.22,0,,0,,0,0.0,0.0,0.0,,,0.04,,,0.0,0.0,0.0,0.0,0,0.0
M. Grolik,Szombierki Bytom,Chojniczanka Chojnice,RCB,37,0,2027-06-30,29,2734,2,1.95,1,1.02,15.08,58.95,Poland,Poland,right,184,81,no,9.15,5.5,59.28,4.77,54.48,0.03,0.05,0.43,5.86,8.3,1.78,8,0.26,0,0.0,0.95,0.07,2,0.07,0.06,2,0.07,17,0.56,29.41,11.765,0.03,1.22,40.54,0.13,25.0,0.95,41.38,0.23,0.49,53.33,1.98,58.33,0.76,0.49,0.2,23.08,0.49,1.74,39.34,74.73,22.02,66.37,2.44,86.49,12.11,86.68,27.88,83.59,10.4,54.75,23.54,37.27,0.03,0.23,0.0,0.0,0.07,50.0,0.1,8.03,63.93,1.48,46.67,0.2,33.33,0.43,0.43,11.09,70.03,0,,0,,0,0.0,0.0,0.0,,,0.82,,,0.1,0.0,0.0,0.0,0,0.0
M. Górski,Podbeskidzie Bielsko-Biała,Resovia Rzeszów,CF,36,0,2027-06-30,32,2249,4,9.25,0,0.41,22.69,32.45,Poland,Poland,right,183,75,no,3.08,3.4,51.76,6.12,27.45,0.2,0.27,0.24,1.12,1.51,1.88,4,0.16,0,0.0,1.68,0.16,4,0.16,0.37,1,0.04,56,2.24,39.29,7.143,0.0,0.4,20.0,0.28,28.57,0.12,0.0,0.04,1.0,52.0,8.28,31.4,3.84,0.48,0.16,8.92,1.04,2.0,14.85,75.2,3.6,65.56,4.4,89.09,3.68,75.0,13.37,77.84,1.08,62.96,13.99,15.17,0.02,0.48,0.04,0.04,0.24,83.33,0.12,1.4,85.71,0.76,63.16,0.2,60.0,0.48,0.08,1.96,63.27,0,,0,,0,0.0,0.0,0.0,,,0.04,,,0.0,0.0,0.0,0.0,0,0.0
M. Makuszewski,,Odra Opole,"RAMF, LAMF, AMF",36,0,,24,1478,3,2.19,5,3.08,22.47,40.92,Poland,Poland,right,176,70,no,6.33,7.12,51.28,3.29,37.04,0.24,0.33,0.12,2.44,3.26,2.01,3,0.18,0,0.0,4.63,0.18,3,0.18,0.13,1,0.06,21,1.28,33.33,14.286,0.3,3.9,53.13,1.34,45.45,2.56,57.14,0.73,3.53,50.0,9.38,37.66,2.31,1.83,0.61,16.38,1.58,1.64,25.27,77.83,6.03,73.74,6.21,96.08,7.43,71.31,20.22,82.83,1.4,73.91,18.52,24.46,0.19,1.58,0.06,0.0,0.49,75.0,0.91,1.95,71.88,3.53,60.34,0.55,77.78,0.67,1.83,4.02,77.27,0,,0,,0,0.0,0.0,0.0,,,0.06,,,1.46,0.12,50.0,1.95,0,0.0
T. Boczek,Rekord Bielsko-Biała,Sandecja Nowy Sącz,"LCB, RCB, CB",36,0,2027-06-30,28,2326,3,1.96,1,0.83,14.43,59.52,Poland,Poland,,190,0,no,8.36,4.91,74.02,5.53,58.74,0.31,0.4,0.46,4.41,5.66,1.01,7,0.27,1,0.04,0.5,0.12,3,0.12,0.08,1,0.04,20,0.77,45.0,15.0,0.04,0.15,50.0,0.0,0.0,0.15,50.0,0.0,0.27,28.57,1.82,38.3,1.24,0.35,0.0,20.93,0.39,0.54,37.03,85.68,16.29,72.68,2.71,97.14,14.82,98.17,31.19,92.06,5.73,52.03,21.72,36.13,0.03,0.19,0.0,0.0,0.0,0.0,0.08,3.99,58.25,0.58,40.0,0.19,40.0,0.46,0.08,5.73,65.54,0,,0,,0,0.0,0.0,0.0,,,2.05,,,0.04,0.0,0.0,0.0,0,0.0
O. Krawczyk,SKRA Częstochowa,SKRA Częstochowa,RCB,18,0,,2,195,1,0.75,0,0.02,16.62,61.11,Poland,Poland,right,182,74,no,12.46,5.08,63.64,8.77,63.16,0.46,0.53,0.92,8.77,10.0,0.92,0,0.0,0,0.0,1.38,0.46,1,0.46,0.35,0,0.0,3,1.38,66.67,33.333,0.0,0.46,100.0,0.0,0.0,0.46,100.0,0.0,0.0,0.0,1.38,33.33,1.38,0.92,0.0,23.08,0.46,0.46,37.38,69.14,18.46,55.0,2.31,80.0,12.0,92.31,25.38,80.0,11.54,44.0,22.78,39.75,0.01,0.46,0.0,0.0,0.0,0.0,0.0,8.31,55.56,1.38,66.67,0.0,0.0,0.46,0.46,11.54,52.0,0,,0,,0,0.0,0.0,0.0,,,0.92,,,0.0,0.0,0.0,0.0,0,0.0
K. Talar,Sandecja Nowy Sącz,Sandecja Nowy Sącz,CF,20,0,,1,19,0,0.0,0,0.0,,,Poland,Poland,,0,0,no,,,,,,,0.0,,,0.0,,0,,0,,,,0,,,0,,0,,,0.0,,,,,,,,,,,,,,,,,,,,,,,,,,,,,,,25.27,46.96,,,,,,,,,,,,,,,,,,0,,0,,0,0.0,0.0,,,,,,,,,,,0,0.0
P. Gruszecki,,Puszcza Niepołomice,"LB, LWB",21,0,,2,22,0,0.0,0,0.0,,,Poland,Poland,,0,0,no,,,,,,,10.0,,,10.0,,0,,0,,,,0,,,0,,0,,,0.0,,,,,,,,,,,,,,,,,,,,,,,,,,,,,,,7.37,0.0,,,,,,,,,,,,,,,,,,0,,0,,0,0.0,0.0,,,,,,,,,,,0,0.0
S. Zimnicki,,Chojniczanka Chojnice,"LB, LWB",21,0,,3,74,0,0.0,0,0.0,12.16,10.0,Poland,Poland,left,0,0,no,4.86,6.08,20.0,0.0,0.0,0.0,0.0,0.0,3.65,8.18,1.22,0,0.0,0,0.0,0.0,0.0,0,0.0,0.0,0,0.0,0,0.0,0.0,0.0,0.0,2.43,0.0,2.43,0.0,0.0,0.0,0.0,1.22,0.0,4.86,0.0,0.0,2.43,1.22,18.24,0.0,0.0,30.41,92.0,7.3,100.0,3.65,100.0,13.38,81.82,27.97,100.0,0.0,0.0,14.66,0.0,0.0,0.0,0.0,0.0,0.0,0.0,0.0,0.0,0.0,3.65,33.33,0.0,0.0,0.0,0.0,2.43,100.0,0,,0,,0,0.0,0.0,0.0,,,1.22,,,0.0,0.0,0.0,0.0,0,0.0
S. Golak,,Chojniczanka Chojnice,RCB,25,0,,2,190,0,0.19,0,0.0,9.47,70.0,Poland,Poland,,190,0,no,8.05,2.37,80.0,3.32,71.43,0.0,0.0,1.89,6.16,10.26,0.0,0,0.0,0,0.0,0.95,0.0,0,0.0,0.09,0,0.0,1,0.47,0.0,0.0,0.0,0.95,0.0,0.0,0.0,0.95,0.0,0.0,0.47,100.0,1.89,75.0,1.42,1.42,0.0,25.11,0.0,0.95,36.95,64.1,18.47,51.28,2.37,100.0,11.84,80.0,24.63,76.92,11.37,41.67,24.43,40.14,0.0,0.0,0.0,0.0,0.47,100.0,0.0,7.11,40.0,2.37,0.0,0.47,0.0,0.0,0.0,9.0,52.63,0,,0,,0,0.0,0.0,0.0,,,1.42,,,0.0,0.0,0.0,0.0,0,0.0
S. Michalski,Warta Poznań,SKRA Częstochowa,"RCMF, LCMF, RCB",21,0,,6,195,0,0.19,0,0.43,28.62,62.9,Poland,Poland,right,193,83,no,11.54,8.77,52.63,11.54,72.0,0.46,0.47,0.0,6.46,6.56,3.23,0,0.0,0,0.0,1.85,0.0,0,0.0,0.09,0,0.0,2,0.92,0.0,0.0,0.0,0.0,0.0,0.0,0.0,0.0,0.0,0.0,1.85,75.0,3.69,62.5,1.38,0.92,0.0,22.62,1.38,0.92,39.23,80.0,14.31,74.19,4.62,100.0,12.92,85.71,30.92,82.09,8.31,72.22,23.59,37.27,0.2,0.92,0.0,0.0,0.46,100.0,0.46,7.85,76.47,3.69,75.0,1.85,75.0,2.77,0.0,10.15,72.73,0,,0,,0,0.0,0.0,0.0,,,0.0,,,0.0,0.0,0.0,0.0,0,0.0
B. Burman,,SKRA Częstochowa,RWB,24,0,,1,19,0,0.0,0,0.0,,,Poland,Poland,right,184,0,no,,,,,,,0.0,,,10.0,,0,,0,,,,0,,,0,,0,,,0.0,,,,,,,,,,,,,,,,,,,,,,,,,,,,,,,35.16,42.01,,,,,,,,,,,,,,,,,,0,,0,,0,0.0,0.0,,,,,,,,,,,0,0.0
K. Dana,,Tychy 71,GK,24,0,,1,57,0,0.0,0,0.0,0.0,0.0,Poland,Poland,right,190,77,no,0.0,0.0,0.0,0.0,0.0,0.0,0.0,0.0,0.0,0.0,0.0,0,0.0,0,0.0,0.0,0.0,0,0.0,0.0,0,0.0,0,0.0,0.0,0.0,0.0,0.0,0.0,0.0,0.0,0.0,0.0,0.0,0.0,0.0,0.0,0.0,0.0,0.0,0.0,6.32,0.0,0.0,11.05,85.71,4.74,66.67,0.0,0.0,6.32,100.0,6.32,100.0,4.74,66.67,34.1,42.73,0.0,0.0,0.0,0.0,0.0,0.0,0.0,0.0,0.0,0.0,0.0,0.0,0.0,0.0,0.0,3.16,50.0,2,3.16,2,3.16,0,0.0,0.07,0.11,-1.93,-3.047,0.0,4.74,0.0,,,,0.0,0,0.0
M. Cegiełka,,Chojniczanka Chojnice,RCMF,23,0,,1,11,1,0.01,0,0.0,,,Poland,Poland,both,189,0,no,,,,,,,0.0,,,7.5,,0,,0,,,,1,,,0,,1,,,100.0,,,,,,,,,,,,,,,,,,,,,,,,,,,,,,,19.79,50.86,,,,,,,,,,,,,,,,,,0,,0,,0,0.0,0.0,,,,,,,,,,,0,0.0
A. Pralat,,Chojniczanka Chojnice,LW,21,0,,1,14,0,0.0,0,0.0,,,Poland,Poland,right,183,0,no,,,,,,,0.0,,,30.0,,0,,0,,,,0,,,0,,0,,,0.0,,,,,,,,,,,,,,,,,,,,,,,,,,,,,,,24.57,0.0,,,,,,,,,,,,,,,,,,0,,0,,0,0.0,0.0,,,,,,,,,,,0,0.0
M. Jakóbowski,Polonia Środa,Chojniczanka Chojnice,"LAMF, LWF",32,0,,7,359,0,0.19,0,0.36,21.06,47.62,Poland,Poland,both,170,65,no,2.76,3.26,61.54,3.01,33.33,0.0,0.0,0.0,0.75,1.17,1.0,3,0.75,0,0.0,3.51,0.0,0,0.0,0.05,0,0.0,1,0.25,0.0,0.0,0.0,2.01,25.0,1.25,20.0,0.75,33.33,0.75,5.52,50.0,10.28,43.9,3.51,1.25,0.25,8.52,2.26,3.76,14.04,66.07,4.26,70.59,2.51,70.0,3.76,66.67,11.78,72.34,0.5,50.0,13.05,5.42,0.09,1.0,0.0,0.0,0.25,100.0,0.0,1.25,80.0,1.0,50.0,0.25,100.0,0.5,0.5,1.75,71.43,0,,0,,0,0.0,0.0,0.0,,,0.0,,,0.25,0.0,0.0,0.5,0,0.0
I. Maślanka,,Sandecja Nowy Sącz,"AMF, LCMF, LDMF",19,0,,4,225,0,0.02,0,0.03,20.0,32.0,Poland,Poland,right,179,67,no,7.2,9.2,34.78,2.0,0.0,0.4,0.55,0.8,3.6,4.91,2.0,0,0.0,0,0.0,0.4,0.0,0,0.0,0.01,0,0.0,1,0.4,0.0,0.0,0.0,0.4,0.0,0.0,0.0,0.0,0.0,0.0,1.2,33.33,4.8,33.33,0.0,0.4,0.0,11.6,0.8,1.2,18.4,71.74,6.0,26.67,5.6,100.0,4.0,90.0,16.8,73.81,1.2,66.67,13.4,12.01,0.01,0.4,0.0,0.0,0.0,0.0,0.0,4.0,20.0,0.8,0.0,0.0,0.0,0.0,0.0,2.4,33.33,0,,0,,0,0.0,0.0,0.0,,,0.8,,,0.0,0.0,0.0,0.4,0,0.0
M. Košťál,,Sandecja Nowy Sącz,"LAMF, LW, LWF",29,0,,11,637,0,0.83,1,1.24,18.37,40.0,Slovakia,Slovakia,right,179,65,no,6.92,5.23,56.76,0.71,0.0,0.0,0.0,0.0,3.96,5.19,0.99,1,0.14,0,0.0,5.09,0.0,0,0.0,0.12,0,0.0,15,2.12,40.0,0.0,0.14,2.68,42.11,2.4,47.06,0.28,0.0,0.57,4.8,58.82,10.17,38.89,2.83,1.41,0.71,18.65,1.41,0.99,30.09,72.77,9.61,60.29,6.78,91.67,7.91,73.21,24.44,80.35,3.11,40.91,17.65,30.39,0.18,1.13,0.0,0.0,0.42,66.67,0.57,3.25,69.57,2.97,57.14,0.71,20.0,0.99,1.27,5.37,57.89,0,,0,,0,0.0,0.0,0.0,,,0.0,,,0.99,0.28,50.0,0.57,0,0.0
K. Nõmm,Kuressaare,Sandecja Nowy Sącz,GK,27,0,2026-12-31,10,975,0,0.0,0,0.43,0.46,100.0,Estonia,Estonia,right,199,89,no,1.94,0.0,0.0,0.18,100.0,0.0,0.0,0.0,1.94,2.55,0.0,3,0.28,0,0.0,0.0,0.0,0,0.0,0.0,0,0.0,0,0.0,0.0,0.0,0.0,0.0,0.0,0.0,0.0,0.0,0.0,0.0,0.0,0.0,0.09,100.0,0.0,0.0,0.0,12.83,0.28,0.28,21.6,82.91,11.45,68.55,0.09,100.0,9.23,99.0,12.65,97.81,8.95,61.86,34.27,49.09,0.04,0.09,0.0,0.0,0.0,0.0,0.09,2.49,55.56,0.37,25.0,0.09,0.0,0.09,0.0,6.55,70.42,18,1.66,58,5.35,2,68.97,12.91,1.19,-5.09,-0.47,0.09,1.2,0.18,,,,0.0,0,0.0
K. Formela,Chojniczanka Chojnice,Chojniczanka Chojnice,LAMF,20,0,,1,10,0,0.0,0,0.0,,,Poland,Poland,,181,0,no,,,,,,,0.0,,,0.0,,0,,0,,,,0,,,0,,0,,,0.0,,,,,,,,,,,,,,,,,,,,,,,,,,,,,,,0.0,0.0,,,,,,,,,,,,,,,,,,0,,0,,0,0.0,0.0,,,,,,,,,,,0,0.0
J. Wójcik,,Puszcza Niepołomice,"AMF, RAMF, RCMF",19,0,,3,34,0,0.0,0,0.0,,,Poland,Poland,,0,0,no,,,,,,,0.0,,,0.0,,0,,0,,,,0,,,0,,1,,,0.0,,,,,,,,,,,,,,,,,,,,,,,,,,,,,,,8.93,0.0,,,,,,,,,,,,,,,,,,0,,0,,0,0.0,0.0,,,,,,,,,,,0,0.0
F. Jania,Legia Warszawa II,Nieciecza,LWB,21,0,,1,22,0,0.0,0,0.0,,,Poland,Poland,,0,0,no,,,,,,,15.0,,,15.0,,0,,0,,,,0,,,0,,0,,,0.0,,,,,,,,,,,,,,,,,,,,,,,,,,,,,,,11.88,0.0,,,,,,,,,,,,,,,,,,0,,0,,0,0.0,0.0,,,,,,,,,,,0,0.0
K. Cichoń,Olimpia Grudziądz,Puszcza Niepołomice,AMF,24,0,2027-06-30,9,312,0,0.46,0,0.24,28.85,35.0,Poland,Poland,right,180,66,no,7.21,7.21,52.0,6.92,37.5,0.58,0.88,0.0,2.88,4.41,1.73,1,0.29,0,0.0,1.44,0.0,0,0.0,0.13,0,0.0,6,1.73,33.33,0.0,0.0,0.29,0.0,0.0,0.0,0.29,0.0,0.0,3.75,23.08,9.52,18.18,1.73,1.73,1.44,7.79,0.58,1.73,15.87,67.27,5.19,50.0,2.88,90.0,3.46,66.67,14.13,73.47,1.44,20.0,19.02,17.52,0.07,0.58,0.0,0.0,0.0,0.0,0.29,1.73,33.33,0.58,50.0,0.0,0.0,0.29,0.0,2.88,50.0,0,,0,,0,0.0,0.0,0.0,,,0.29,,,0.0,0.0,0.0,0.0,0,0.0
K. Zabinski,Polonia Bytom,Górnik Łęczna,CF,20,0,,2,16,0,0.0,0,0.0,,,Poland,Poland,right,191,0,no,,,,,,,0.0,,,10.0,,0,,0,,,,0,,,0,,0,,,0.0,,,,,,,,,,,,,,,,,,,,,,,,,,,,,,,0.0,0.0,,,,,,,,,,,,,,,,,,0,,0,,0,0.0,0.0,,,,,,,,,,,0,0.0
K. Przyborowski,Cartusia Kartuzy,Arka Gdynia,RAMF,23,0,,1,9,0,0.0,0,0.0,,,Poland,Poland,right,182,82,no,,,,,,,0.0,,,0.0,,0,,0,,,,0,,,0,,0,,,0.0,,,,,,,,,,,,,,,,,,,,,,,,,,,,,,,22.45,67.82,,,,,,,,,,,,,,,,,,0,,0,,0,0.0,0.0,,,,,,,,,,,0,0.0
M. Misztal,,Podbeskidzie Bielsko-Biała,"RCMF, RDMF",22,0,,29,1746,2,1.39,1,1.8,17.53,46.47,Poland,Poland,both,187,70,no,7.16,8.97,55.17,2.27,36.36,0.31,0.47,0.05,1.91,2.9,1.6,8,0.41,0,0.0,1.29,0.1,2,0.1,0.07,0,0.0,19,0.98,21.05,10.526,0.05,0.88,23.53,0.1,50.0,0.72,21.43,0.15,1.49,48.28,3.97,33.77,0.77,0.46,0.05,23.04,0.36,0.46,33.45,82.59,10.15,72.08,5.1,91.92,13.25,89.49,29.74,86.48,2.84,60.0,17.49,28.44,0.09,0.82,0.05,0.05,0.36,42.86,0.36,3.76,76.71,1.8,48.57,0.52,40.0,0.88,0.26,5.36,66.35,0,,0,,0,0.0,0.0,0.0,,,0.15,,,0.21,0.0,0.0,0.88,0,0.0
F. Nawrocki,Polonia Środa,Ruch Chorzów,"CB, LCB",28,0,2029-06-30,7,586,0,0.18,0,0.03,12.59,57.32,Poland,Poland,right,187,0,no,10.9,6.45,73.81,3.07,40.0,0.46,0.68,0.15,5.68,8.41,0.77,2,0.31,0,0.0,0.46,0.0,0,0.0,0.03,0,0.0,2,0.31,50.0,0.0,0.0,0.0,0.0,0.0,0.0,0.0,0.0,0.0,0.31,100.0,1.23,37.5,0.61,0.61,0.0,20.89,0.15,0.15,35.48,83.55,14.28,66.67,1.54,100.0,17.97,96.58,30.1,88.78,5.38,54.29,22.6,38.4,0.0,0.15,0.0,0.0,0.0,0.0,0.0,3.07,55.0,0.61,25.0,0.15,0.0,0.0,0.0,6.76,50.0,0,,0,,0,0.0,0.0,0.0,,,1.23,,,0.0,0.0,0.0,0.0,0,0.0
A. Bogusz,,Chrobry Głogów,"LB, RB",33,0,,27,2141,1,0.98,1,1.54,14.75,50.71,Poland,Poland,right,181,74,no,8.03,5.3,56.35,2.82,56.72,0.25,0.34,0.25,4.79,6.43,1.39,6,0.25,0,0.0,2.02,0.04,1,0.04,0.04,1,0.04,12,0.5,33.33,8.333,0.04,1.6,42.11,0.97,30.43,0.63,60.0,0.17,1.93,60.87,4.25,46.53,1.09,1.68,0.42,26.48,1.56,0.76,41.53,79.35,17.95,71.19,6.6,92.36,11.18,83.46,35.35,85.61,4.67,44.14,18.33,29.59,0.06,0.63,0.0,0.0,0.04,0.0,0.21,4.67,63.06,1.98,55.32,0.25,50.0,0.59,0.59,8.91,62.26,0,,0,,0,0.0,0.0,0.0,,,0.13,,,0.0,0.0,0.0,0.13,0,0.0
D. Polkowski,Jagiellonia Białystok II,Podbeskidzie Bielsko-Biała,"LDMF, LCMF, RCMF",27,0,,6,288,0,0.0,0,0.0,12.19,43.59,Spain,"Spain, Poland",left,185,76,no,4.69,5.0,56.25,1.56,20.0,0.0,0.0,0.0,1.88,3.16,0.63,0,0.0,0,0.0,0.63,0.0,0,0.0,0.0,0,0.0,1,0.31,100.0,0.0,0.0,0.63,0.0,0.31,0.0,0.31,0.0,0.31,0.63,50.0,3.44,36.36,0.0,0.31,0.31,26.25,0.0,0.63,37.81,80.17,10.94,51.43,7.5,100.0,15.31,89.8,32.5,84.62,4.69,60.0,18.47,24.54,0.0,0.0,0.63,0.0,0.63,0.0,0.0,6.56,66.67,2.5,37.5,0.63,0.0,0.63,0.0,6.88,59.09,0,,0,,0,0.0,0.0,0.0,,,2.19,,,0.31,0.0,0.0,1.25,0,0.0
M. Kitliński,SKRA Częstochowa,SKRA Częstochowa,CF,31,0,,5,72,0,0.0,0,0.08,32.5,38.46,Poland,Poland,right,185,0,no,2.5,5.0,25.0,8.75,57.14,0.0,0.0,0.0,1.25,1.88,5.0,0,0.0,0,0.0,0.0,0.0,0,0.0,0.0,0,0.0,0,0.0,0.0,0.0,0.0,0.0,0.0,0.0,0.0,0.0,0.0,0.0,0.0,0.0,8.75,28.57,5.0,1.25,0.0,11.25,1.25,2.5,22.5,66.67,2.5,50.0,11.25,66.67,5.0,75.0,21.25,64.71,1.25,100.0,8.29,5.37,0.1,1.25,0.0,0.0,0.0,0.0,1.25,0.0,0.0,2.5,0.0,0.0,0.0,1.25,0.0,0.0,0.0,0,,0,,0,0.0,0.0,0.0,,,0.0,,,0.0,0.0,0.0,0.0,0,0.0
Bruno Garcia,Satun,Resovia Rzeszów,"CF, RW, RWF",29,0,,7,291,2,0.79,0,0.32,21.03,41.18,Brazil,Brazil,left,179,70,no,4.33,3.71,41.67,0.62,0.0,0.0,0.0,0.31,2.78,4.82,1.86,1,0.31,1,0.31,4.02,0.62,2,0.62,0.24,0,0.0,8,2.47,25.0,25.0,0.0,1.86,50.0,0.31,0.0,1.55,60.0,0.0,4.95,43.75,12.68,48.78,0.93,0.93,0.31,13.61,0.0,3.71,22.58,90.41,3.71,83.33,5.88,100.0,10.82,85.71,18.87,93.44,1.86,100.0,21.84,28.58,0.1,0.62,0.0,0.0,0.62,50.0,0.0,3.71,100.0,2.16,42.86,0.31,0.0,0.0,0.93,4.02,100.0,0,,0,,0,0.0,0.0,0.0,,,0.31,,,3.4,0.62,0.0,4.02,0,0.0
W. Kaczorowski,Rekord Bielsko-Biała,Podbeskidzie Bielsko-Biała,GK,24,0,2027-06-30,6,595,0,0.0,0,0.0,0.91,83.33,Poland,Poland,right,185,78,no,1.06,0.0,0.0,0.76,80.0,0.0,0.0,0.0,1.06,1.67,0.0,0,0.0,0,0.0,0.0,0.0,0,0.0,0.0,0,0.0,0,0.0,0.0,0.0,0.0,0.0,0.0,0.0,0.0,0.0,0.0,0.0,0.0,0.0,0.15,100.0,0.0,0.0,0.0,14.82,0.3,0.3,19.97,85.61,8.62,68.42,0.15,0.0,10.89,98.61,14.07,100.0,5.9,51.28,27.75,37.36,0.0,0.0,0.0,0.0,0.0,0.0,0.0,0.3,100.0,0.0,0.0,0.0,0.0,0.0,0.0,3.48,34.78,13,1.97,22,3.33,0,40.91,10.7,1.62,-2.3,-0.348,0.0,2.12,0.76,,,,0.0,0,0.0
O. Sewerzyński,Olimpia Grudziądz,Chrobry Głogów,"LCMF, RDMF",24,0,2027-06-30,6,257,0,0.0,0,0.0,17.86,49.02,Poland,Poland,right,186,82,no,8.05,7.35,61.9,2.1,66.67,0.0,0.0,1.05,3.5,4.41,1.4,0,0.0,0,0.0,0.35,0.0,0,0.0,0.0,0,0.0,1,0.35,0.0,0.0,0.0,0.35,0.0,0.0,0.0,0.35,0.0,0.0,1.75,20.0,4.9,35.71,0.0,0.35,0.0,30.12,0.0,2.1,41.67,86.55,9.11,73.08,7.35,95.24,19.96,89.47,37.82,91.67,3.5,40.0,15.76,24.88,0.0,0.0,0.0,0.0,0.0,0.0,0.0,4.2,66.67,1.4,0.0,0.0,0.0,0.0,0.0,4.55,61.54,0,,0,,0,0.0,0.0,0.0,,,0.7,,,0.0,0.0,0.0,0.0,0,0.0
O. Krzyżak,Polonia Bytom,SKRA Częstochowa,RCB,24,0,2027-06-30,11,1061,0,0.67,0,0.13,17.39,55.61,Poland,Poland,right,186,83,no,8.74,4.84,59.65,7.3,60.47,0.42,0.61,0.17,5.43,7.8,0.42,3,0.25,0,0.0,1.1,0.0,0,0.0,0.06,0,0.0,10,0.85,40.0,0.0,0.0,0.93,45.45,0.0,0.0,0.93,45.45,0.0,0.42,40.0,1.87,31.82,1.02,0.93,0.17,34.95,0.25,0.85,53.86,80.94,22.48,65.66,3.65,93.02,21.29,92.03,43.94,89.0,9.08,44.86,21.52,38.84,0.01,0.34,0.0,0.0,0.17,100.0,0.17,8.91,49.52,2.12,28.0,0.68,0.0,0.51,0.42,9.75,65.22,0,,0,,0,0.0,0.0,0.0,,,1.27,,,0.0,0.0,0.0,0.0,0,0.0
S. Łapiński,Wisła Płock II,Odra Opole,"RAMF, AMF, LAMF",25,0,2027-06-30,9,331,2,0.3,0,0.22,20.12,41.89,Poland,Poland,both,181,71,no,4.89,6.8,56.0,1.9,42.86,0.0,0.0,0.0,1.09,1.56,1.09,0,0.0,0,0.0,3.53,0.54,2,0.54,0.08,0,0.0,8,2.18,37.5,25.0,0.0,2.45,66.67,0.27,100.0,1.9,57.14,0.0,3.26,33.33,9.79,30.56,0.82,1.36,0.0,14.68,0.0,0.27,20.94,75.32,6.53,50.0,2.72,90.0,7.61,82.14,16.86,80.65,2.18,37.5,18.95,16.43,0.06,0.82,0.0,0.0,0.54,0.0,0.54,2.72,90.0,2.72,60.0,0.27,0.0,0.54,1.9,5.98,68.18,0,,0,,0,0.0,0.0,0.0,,,0.0,,,1.09,0.82,33.33,0.27,0,0.0
K. Gach,Podbeskidzie Bielsko-Biała,Sandecja Nowy Sącz,"LB, LW",27,0,2027-06-30,5,155,0,0.0,0,0.0,15.68,51.85,Poland,Poland,left,178,78,no,8.71,5.81,70.0,2.32,50.0,0.0,0.0,0.0,4.65,9.6,1.16,0,0.0,0,0.0,0.58,0.0,0,0.0,0.0,0,0.0,0,0.0,0.0,0.0,0.0,1.74,0.0,1.74,0.0,0.0,0.0,0.58,1.16,50.0,6.97,33.33,1.16,1.16,0.0,16.84,0.58,2.32,27.29,82.98,12.19,80.95,5.23,100.0,5.23,77.78,23.81,92.68,1.74,33.33,15.23,5.22,0.0,0.0,0.0,0.0,0.0,0.0,0.0,2.9,80.0,0.58,0.0,0.58,0.0,0.0,0.0,4.06,71.43,0,,0,,0,0.0,0.0,0.0,,,1.74,,,0.0,0.0,0.0,0.0,0,0.0
S. Kądziołka,Stal Rzeszów,Stal Rzeszów,LCMF,20,0,2028-06-30,1,12,0,0.0,0,0.0,,,Poland,Poland,right,174,67,no,,,,,,,0.0,,,15.0,,0,,0,,,,0,,,0,,0,,,0.0,,,,,,,,,,,,,,,,,,,,,,,,,,,,,,,17.05,0.0,,,,,,,,,,,,,,,,,,0,,0,,0,0.0,0.0,,,,,,,,,,,0,0.0
S. Bartlewicz,Chrobry Głogów,Chrobry Głogów,LDMF,20,0,2029-06-30,1,13,0,0.0,0,0.0,,,Poland,Poland,both,180,0,no,,,,,,,0.0,,,0.0,,0,,0,,,,0,,,0,,0,,,0.0,,,,,,,,,,,,,,,,,,,,,,,,,,,,,,,28.3,46.86,,,,,,,,,,,,,,,,,,0,,0,,0,0.0,0.0,,,,,,,,,,,0,0.0
D. Pietraszkiewicz,Sandecja Nowy Sącz,Nieciecza,"RW, LCMF, RAMF",24,0,2028-06-30,12,336,1,0.42,0,0.08,23.57,48.86,Poland,Poland,right,178,71,no,5.09,4.02,46.67,1.61,16.67,0.27,0.53,0.0,2.95,5.79,1.34,3,0.8,1,0.27,7.23,0.27,1,0.27,0.11,0,0.0,8,2.14,37.5,12.5,0.0,4.02,46.67,0.8,100.0,2.95,36.36,0.54,6.7,64.0,14.46,55.56,2.41,2.41,1.07,16.61,1.61,2.95,28.39,69.81,6.96,38.46,7.5,89.29,8.57,84.38,22.77,75.29,1.88,42.86,20.4,15.57,0.02,0.54,0.0,0.0,0.8,33.33,0.27,2.68,20.0,4.55,52.94,0.54,0.0,1.34,1.88,4.82,66.67,0,,0,,0,0.0,0.0,0.0,,,0.27,,,0.0,0.0,0.0,0.27,0,0.0
L. Klisiewicz,Podbeskidzie Bielsko-Biała,Puszcza Niepołomice,CF,24,0,2028-06-30,32,1984,8,6.04,2,0.85,26.95,34.68,Poland,Poland,right,193,74,no,4.85,3.49,59.74,11.52,32.28,0.36,0.53,0.32,2.4,3.54,2.13,4,0.18,1,0.05,1.09,0.36,6,0.27,0.27,1,0.05,36,1.63,36.11,22.222,0.09,0.59,7.69,0.18,0.0,0.41,11.11,0.05,1.0,45.45,6.17,27.21,2.18,0.59,0.14,7.39,1.54,1.86,14.11,64.31,4.76,56.19,3.49,81.82,3.04,56.72,13.11,67.47,0.45,40.0,15.06,9.35,0.04,0.23,0.05,0.05,0.14,0.0,0.18,2.13,46.81,1.04,39.13,0.14,33.33,0.45,0.05,1.63,61.11,0,,0,,0,0.0,0.0,0.0,,,0.0,,,0.0,0.0,0.0,0.0,2,100.0
M. Kozina,Chojniczanka Chojnice,Tychy 71,"RW, CF, LW",25,0,2028-06-30,22,1031,2,0.68,0,1.19,20.43,42.31,Poland,Poland,,184,0,no,5.59,4.02,54.35,4.54,32.69,0.44,0.57,0.26,2.97,3.91,1.05,2,0.17,0,0.0,4.19,0.17,2,0.17,0.06,1,0.09,11,0.96,36.36,18.182,0.0,3.06,34.29,1.05,33.33,1.92,31.82,0.87,5.41,50.0,9.34,41.12,1.75,2.01,1.13,12.57,2.36,1.13,21.21,65.02,5.94,55.88,2.36,92.59,8.21,64.89,16.67,73.82,1.75,30.0,17.53,14.92,0.1,1.22,0.0,0.09,0.17,50.0,0.17,2.01,52.17,2.62,43.33,0.26,0.0,0.79,0.96,4.98,57.89,0,,0,,0,0.0,0.0,0.0,,,0.0,,,0.0,0.0,0.0,0.0,0,0.0
A. Kramarz,Czarni Połaniec,Puszcza Niepołomice,"LAMF, RAMF",23,0,2027-06-30,17,557,1,0.17,0,0.1,18.74,50.86,Poland,Poland,right,175,67,no,5.66,6.14,55.26,1.78,54.55,0.32,0.55,0.0,1.94,3.3,0.48,1,0.16,0,0.0,4.2,0.16,1,0.16,0.03,0,0.0,5,0.81,20.0,20.0,0.0,2.75,47.06,0.81,20.0,1.94,58.33,0.16,3.72,73.91,8.73,57.41,1.45,2.1,1.13,8.24,0.32,2.75,15.67,74.23,5.17,68.75,3.07,73.68,4.2,80.77,10.99,80.88,2.1,76.92,21.1,27.17,0.02,0.32,0.0,0.0,0.0,0.0,0.16,1.94,75.0,1.94,66.67,0.0,0.0,0.48,1.13,3.07,89.47,0,,0,,0,0.0,0.0,0.0,,,0.65,,,0.0,0.0,0.0,0.0,0,0.0
P. Sajdak,,SKRA Częstochowa,"LCMF, RCMF, AMF",26,0,,23,1240,1,0.37,1,1.06,13.06,52.22,Poland,Poland,right,182,0,no,7.04,3.99,63.64,1.6,18.18,0.15,0.17,0.22,4.35,5.08,0.65,2,0.15,0,0.0,1.23,0.07,1,0.07,0.03,0,0.0,16,1.16,12.5,6.25,0.07,0.51,42.86,0.15,50.0,0.36,40.0,0.0,1.16,62.5,5.23,52.78,0.51,0.8,0.29,17.49,0.22,2.1,28.81,82.87,9.15,73.02,5.23,94.44,10.23,88.65,25.04,86.38,3.27,62.22,19.13,28.89,0.08,0.58,0.0,0.0,0.15,100.0,0.15,5.3,76.71,1.31,50.0,0.58,62.5,0.36,0.22,4.79,74.24,0,,0,,0,0.0,0.0,0.0,,,0.29,,,0.94,0.44,16.67,0.8,0,0.0
J. Niewiadomski,Pogoń Grod. Mazowiecki,Wisła Kraków,LB,24,0,2027-06-30,3,124,0,0.0,0,0.09,13.06,66.67,Poland,Poland,left,183,75,no,10.16,4.35,100.0,5.81,62.5,0.73,1.3,0.0,5.08,9.13,0.73,1,0.73,0,0.0,0.73,0.0,0,0.0,0.0,0,0.0,0,0.0,0.0,0.0,0.0,3.63,20.0,3.63,20.0,0.0,0.0,0.0,0.0,0.0,0.73,0.0,0.0,0.73,0.0,26.13,1.45,0.0,33.39,60.87,18.87,46.15,2.9,100.0,8.71,83.33,23.95,75.76,5.81,25.0,21.6,26.92,0.06,0.73,0.0,0.0,0.73,0.0,0.0,8.71,41.67,3.63,20.0,0.73,0.0,0.0,0.73,7.98,54.55,0,,0,,0,0.0,0.0,0.0,,,0.0,,,0.73,0.0,0.0,0.0,0,0.0
B. Farbiszewski,Pogoń Grod. Mazowiecki,Nieciecza,"LCB, LB",23,0,2028-06-30,12,623,0,0.18,0,0.0,19.07,58.33,Poland,Poland,left,189,0,no,10.83,7.37,70.59,6.36,52.27,0.58,1.11,0.43,5.06,9.72,2.02,3,0.43,1,0.14,1.3,0.0,0,0.0,0.03,0,0.0,5,0.72,20.0,0.0,0.0,0.43,100.0,0.43,100.0,0.0,0.0,0.0,1.44,50.0,2.89,50.0,0.87,1.16,0.14,25.86,0.72,0.43,37.27,81.78,17.05,68.64,3.9,100.0,12.42,94.19,31.06,90.23,5.92,36.59,20.66,29.27,0.0,0.0,0.0,0.0,0.14,0.0,0.0,4.77,45.45,1.59,45.45,0.29,0.0,0.43,0.43,6.65,71.74,0,,0,,0,0.0,0.0,0.0,,,2.31,,,0.0,0.0,0.0,0.0,0,0.0
A. Zarówny,Chrobry Głogów,Chrobry Głogów,"RCB, CB",21,0,2028-06-30,15,1369,0,1.32,0,0.0,13.35,50.74,Poland,Poland,right,188,81,no,9.93,5.33,70.37,4.67,36.62,0.13,0.16,1.12,6.05,7.48,1.05,1,0.07,0,0.0,0.33,0.0,0,0.0,0.09,0,0.0,11,0.72,27.27,0.0,0.0,0.0,0.0,0.0,0.0,0.0,0.0,0.0,0.46,28.57,0.99,33.33,0.99,0.07,0.0,15.12,0.39,0.39,24.46,80.65,10.19,71.61,1.91,89.66,10.32,88.54,18.8,89.86,5.65,50.0,22.89,34.17,0.0,0.0,0.0,0.0,0.0,0.0,0.0,1.45,45.45,0.2,0.0,0.07,0.0,0.0,0.0,5.46,44.58,0,,0,,0,0.0,0.0,0.0,,,1.31,,,0.0,0.0,0.0,0.0,0,0.0
K. Kasolik,Puszcza Niepołomice,Ruch Chorzów,RCB,28,0,2027-06-30,30,2780,3,4.27,2,0.71,15.73,57.41,Poland,Poland,right,193,84,no,11.17,7.19,68.02,4.95,52.29,0.19,0.31,1.23,6.09,9.64,1.07,9,0.29,0,0.0,0.97,0.1,3,0.1,0.14,1,0.03,32,1.04,37.5,9.375,0.06,0.52,43.75,0.06,50.0,0.45,42.86,0.06,0.55,58.82,1.72,41.51,1.26,0.71,0.32,24.38,0.74,0.45,38.91,79.45,18.68,68.28,3.59,97.3,13.05,90.82,31.5,86.33,6.9,50.7,20.74,31.85,0.02,0.19,0.0,0.03,0.03,100.0,0.06,5.79,67.04,0.94,48.28,0.49,40.0,0.23,0.23,8.58,66.04,0,,0,,0,0.0,0.0,0.0,,,2.1,,,0.0,0.0,0.0,0.0,0,0.0
K. Skrobański,Wisła Kraków,Wisła Kraków,"RCB, LCB, CB",21,0,2027-06-30,3,184,0,0.09,0,0.0,8.32,76.47,Poland,Poland,right,188,0,no,10.76,3.91,100.0,2.45,40.0,0.0,0.0,0.49,6.85,11.35,0.49,0,0.0,0,0.0,0.49,0.0,0,0.0,0.04,0,0.0,1,0.49,0.0,0.0,0.0,0.0,0.0,0.0,0.0,0.0,0.0,0.0,0.49,100.0,0.98,50.0,0.49,0.0,0.0,18.59,0.0,0.49,35.71,87.67,15.16,80.65,1.96,100.0,16.63,97.06,33.75,88.41,1.96,75.0,19.44,8.58,0.0,0.0,0.0,0.0,0.0,0.0,0.0,2.45,80.0,0.0,0.0,0.0,0.0,0.0,0.0,6.85,57.14,0,,0,,0,0.0,0.0,0.0,,,1.96,,,0.0,0.0,0.0,0.0,0,0.0
S. Jopek,Hutnik Kraków,Puszcza Niepołomice,"AMF, LDMF",27,0,2027-06-30,5,113,0,0.0,0,0.0,25.49,40.63,Poland,Poland,right,182,78,no,5.58,5.58,42.86,11.15,28.57,0.8,1.25,0.0,2.39,3.75,2.39,0,0.0,0,0.0,0.0,0.0,0,0.0,0.0,0,0.0,0,0.0,0.0,0.0,0.0,0.8,0.0,0.8,0.0,0.0,0.0,0.0,0.8,0.0,3.98,60.0,0.0,0.0,0.0,11.95,0.8,2.39,22.3,75.0,9.56,66.67,2.39,66.67,7.17,77.78,19.12,83.33,2.39,33.33,16.61,17.24,0.0,0.0,0.0,0.0,0.0,0.0,0.0,3.19,50.0,0.8,0.0,0.0,0.0,0.0,0.0,0.8,100.0,0,,0,,0,0.0,0.0,0.0,,,0.0,,,0.0,0.0,0.0,0.0,0,0.0
J. Bursztyn,,SKRA Częstochowa,GK,28,0,,31,2992,0,0.0,0,0.0,1.26,90.48,Poland,Poland,left,186,0,no,1.83,0.12,50.0,0.9,96.67,0.0,0.0,0.0,1.77,2.19,0.03,1,0.03,0,0.0,0.0,0.0,0,0.0,0.0,0,0.0,0,0.0,0.0,0.0,0.0,0.0,0.0,0.0,0.0,0.0,0.0,0.0,0.0,0.0,0.12,75.0,0.0,0.03,0.0,6.92,0.03,0.27,13.24,75.23,8.54,64.44,0.0,0.0,4.42,94.56,6.71,95.07,6.47,55.35,38.14,52.63,0.0,0.0,0.0,0.0,0.0,0.0,0.0,2.83,46.81,0.15,0.0,0.09,0.0,0.0,0.0,4.63,76.62,45,1.35,134,4.03,9,66.42,40.6,1.22,-4.4,-0.132,0.0,1.86,0.9,,,,0.0,0,0.0
R. Szywacz,Polonia Bytom,Ruch Chorzów,LCB,30,0,2027-06-30,22,1816,1,2.01,0,0.36,10.66,61.4,Poland,Poland,left,189,85,no,7.53,5.15,65.38,3.37,58.82,0.4,0.58,0.25,3.77,5.53,0.69,6,0.3,0,0.0,0.79,0.05,1,0.05,0.1,0,0.0,10,0.5,10.0,10.0,0.0,0.69,57.14,0.69,57.14,0.0,0.0,0.0,0.4,75.0,0.89,55.56,0.5,0.74,0.05,28.69,0.35,0.3,44.11,82.36,22.5,74.23,1.93,100.0,16.21,92.97,35.78,87.95,7.68,58.71,20.64,32.29,0.02,0.25,0.0,0.0,0.1,50.0,0.1,9.12,71.74,1.29,34.62,0.3,50.0,0.3,0.35,12.74,77.04,0,,0,,0,0.0,0.0,0.0,,,0.94,,,0.0,0.0,0.0,0.0,0,0.0
K. Wrona,Rekord Bielsko-Biała,Stal Rzeszów,LCB,32,0,2027-06-30,12,818,1,1.09,0,0.05,13.2,55.0,Poland,Poland,right,184,80,no,8.8,6.38,56.9,3.85,45.71,0.55,0.87,0.77,4.62,7.33,1.1,3,0.33,1,0.11,0.11,0.11,1,0.11,0.12,0,0.0,3,0.33,33.33,33.333,0.0,0.11,0.0,0.11,0.0,0.0,0.0,0.0,0.0,0.0,0.44,25.0,0.88,0.33,0.0,21.78,0.22,0.55,34.44,86.9,11.88,75.0,1.76,93.75,18.59,93.49,30.92,91.1,3.41,51.61,20.19,31.02,0.01,0.22,0.0,0.0,0.0,0.0,0.0,1.76,75.0,0.11,100.0,0.0,0.0,0.33,0.0,5.72,50.0,0,,0,,0,0.0,0.0,0.0,,,1.32,,,0.0,0.0,0.0,0.0,0,0.0
G. Szymusik,Polonia Bytom,Chojniczanka Chojnice,"RB, LB",28,0,2027-06-30,6,438,0,0.09,0,0.0,15.0,61.64,Poland,Poland,right,182,0,no,6.78,3.7,61.11,5.75,64.29,0.21,0.31,0.41,4.32,6.49,0.82,2,0.41,0,0.0,0.82,0.0,0,0.0,0.02,0,0.0,5,1.03,0.0,0.0,0.0,1.64,12.5,0.0,0.0,1.64,12.5,0.0,0.41,100.0,2.67,69.23,2.05,0.41,0.0,13.56,1.44,1.64,21.58,67.62,10.68,69.23,4.52,86.36,2.88,50.0,17.05,75.9,2.88,50.0,18.1,28.93,0.0,0.0,0.0,0.0,0.21,100.0,0.0,4.52,68.18,1.85,33.33,0.62,33.33,0.41,0.41,4.93,66.67,0,,0,,0,0.0,0.0,0.0,,,1.64,,,0.0,0.0,0.0,0.0,0,0.0
C. Alemán,Bolívar,Arka Gdynia,"AMF, RCMF, CF",30,0,2027-06-30,11,720,0,1.62,1,1.34,16.38,43.51,Ecuador,Ecuador,left,170,72,no,3.75,4.38,54.29,2.25,33.33,0.25,0.38,0.13,1.13,1.71,1.13,3,0.38,1,0.13,2.0,0.0,0,0.0,0.2,0,0.0,12,1.5,16.67,0.0,0.13,1.5,16.67,1.0,25.0,0.38,0.0,0.25,2.13,47.06,7.75,41.94,2.38,1.88,0.75,21.0,0.63,0.63,32.0,84.38,9.5,76.32,6.25,94.0,10.75,89.53,29.13,87.55,1.38,90.91,17.05,20.9,0.17,1.25,0.0,0.13,1.25,40.0,0.38,4.25,85.29,2.5,85.0,0.88,42.86,2.25,0.38,5.88,91.49,0,,0,,0,0.0,0.0,0.0,,,0.13,,,1.13,0.25,0.0,1.88,1,0.0
M. Rozwandowicz,Łódzki KS II,Zagłębie Sosnowiec,"DMF, RCMF, RCB",32,0,2028-06-30,32,2864,2,2.43,1,0.88,16.12,55.36,Poland,Poland,right,184,80,no,8.92,5.78,62.5,6.79,56.48,0.28,0.42,0.22,5.03,7.51,0.88,5,0.16,2,0.06,0.75,0.06,2,0.06,0.08,1,0.03,30,0.94,33.33,6.667,0.03,0.22,28.57,0.06,0.0,0.16,40.0,0.06,0.38,91.67,1.57,64.0,0.63,0.66,0.16,24.17,0.09,0.94,38.84,82.52,13.73,67.96,3.49,92.79,16.88,91.06,33.53,87.82,5.15,50.0,20.93,38.45,0.03,0.31,0.03,0.0,0.13,25.0,0.13,5.78,67.39,0.66,38.1,0.44,14.29,0.16,0.06,6.69,60.56,0,,0,,0,0.0,0.0,0.0,,,0.6,,,0.03,0.03,100.0,0.0,1,0.0
M. Trąbka,Tychy 71,Łódzki KS,"RCMF, LCMF, AMF",29,0,2028-06-30,34,2811,3,2.26,4,4.39,21.16,42.66,Poland,Poland,right,173,67,no,6.95,5.64,60.8,2.4,37.33,0.1,0.15,0.06,3.43,5.39,1.25,3,0.1,0,0.0,2.56,0.1,3,0.1,0.07,1,0.03,37,1.18,27.03,8.108,0.13,1.63,37.25,0.7,45.45,0.93,31.03,0.32,2.59,46.91,10.02,35.14,2.5,3.01,0.74,28.94,0.83,0.96,44.09,81.63,13.45,70.0,6.92,93.06,16.55,87.62,39.38,84.96,3.14,62.24,18.48,30.57,0.14,1.25,0.13,0.13,0.77,54.17,0.61,5.67,77.97,3.43,60.75,0.9,42.86,1.92,0.67,6.72,75.24,0,,0,,0,0.0,0.0,0.0,,,0.19,,,0.06,0.0,0.0,0.54,0,0.0
Ł. Seweryn,NKP Podhale,Resovia Rzeszów,RB,24,0,2027-06-30,10,800,0,0.59,0,0.84,16.2,49.31,Poland,Poland,both,179,74,no,10.8,7.09,47.62,3.04,51.85,1.01,1.51,0.68,6.41,9.55,2.14,2,0.23,0,0.0,1.8,0.0,0,0.0,0.07,0,0.0,4,0.45,50.0,0.0,0.0,2.25,35.0,0.0,0.0,2.25,35.0,0.45,1.01,66.67,2.7,58.33,1.13,0.9,0.11,20.59,1.24,1.35,29.93,75.56,11.25,67.0,5.06,93.33,7.76,79.71,24.41,80.65,3.26,65.52,16.89,29.73,0.09,0.79,0.11,0.0,0.11,100.0,0.45,2.36,80.95,2.14,52.63,0.23,50.0,0.79,0.9,6.53,56.9,0,,0,,0,0.0,0.0,0.0,,,1.46,,,0.0,0.0,0.0,0.0,0,0.0
B. Czajka,Olimpia Grudziądz,SKRA Częstochowa,LCB,26,0,2028-06-30,20,1868,0,0.38,0,0.02,14.94,62.9,Poland,Poland,left,191,86,no,8.91,5.69,66.95,5.44,64.6,0.14,0.17,0.39,4.96,5.79,1.25,4,0.19,0,0.0,0.48,0.0,0,0.0,0.02,0,0.0,6,0.29,50.0,0.0,0.0,0.53,27.27,0.53,27.27,0.0,0.0,0.05,0.34,57.14,1.16,58.33,0.34,0.92,0.0,25.97,0.14,0.53,39.7,76.7,18.93,64.12,3.04,95.24,13.35,88.09,31.99,85.54,7.28,41.06,20.7,37.51,0.0,0.14,0.0,0.05,0.0,0.0,0.0,4.82,48.0,0.72,20.0,0.29,33.33,0.1,0.1,8.67,60.0,0,,0,,0,0.0,0.0,0.0,,,0.63,,,0.0,0.0,0.0,0.0,0,0.0
A. Odyjewski,Radunia Stężyca,Tychy 71,GK,28,0,,7,582,0,0.0,0,0.0,0.77,60.0,Poland,Poland,right,195,91,no,2.01,0.31,0.0,0.46,100.0,0.0,0.0,0.0,2.01,2.62,0.0,1,0.15,0,0.0,0.0,0.0,0,0.0,0.0,0,0.0,0,0.0,0.0,0.0,0.0,0.0,0.0,0.0,0.0,0.0,0.0,0.0,0.0,0.0,0.0,0.0,0.0,0.0,0.0,6.8,0.0,0.0,13.61,84.09,7.73,74.0,0.0,0.0,5.41,97.14,6.8,100.0,6.8,68.18,35.49,47.59,0.0,0.0,0.0,0.0,0.0,0.0,0.0,0.46,66.67,0.0,0.0,0.0,0.0,0.0,0.0,5.72,75.68,5,0.77,17,2.63,2,70.59,6.48,1.0,1.48,0.229,0.0,1.7,0.46,,,,0.0,0,0.0
K. Szymura,Pawłowice Śląskie,Tychy 71,LCB,35,0,,13,911,1,1.01,0,0.04,11.46,64.66,Poland,Poland,left,186,76,no,7.71,3.56,69.44,5.73,65.52,0.2,0.24,0.69,5.04,6.17,0.69,2,0.2,0,0.0,0.69,0.1,1,0.1,0.1,1,0.1,6,0.59,16.67,16.667,0.0,0.2,100.0,0.2,100.0,0.0,0.0,0.0,0.4,100.0,0.49,100.0,1.09,0.49,0.1,25.88,0.49,0.69,38.63,84.14,19.56,76.26,1.78,100.0,13.73,93.53,32.01,90.12,6.42,53.85,21.45,33.88,0.0,0.2,0.0,0.1,0.0,0.0,0.0,5.43,56.36,0.79,50.0,0.4,25.0,0.3,0.2,6.82,68.12,0,,0,,0,0.0,0.0,0.0,,,0.49,,,0.2,0.0,0.0,0.0,0,0.0
R. Rep,,Nieciecza,"AMF, CF, LCMF",35,0,,10,508,1,0.64,0,0.15,12.58,47.89,Slovenia,Slovenia,right,177,73,no,3.72,3.54,45.0,1.24,42.86,0.18,0.29,0.0,1.95,3.24,1.06,0,0.0,0,0.0,2.48,0.18,1,0.18,0.11,0,0.0,13,2.3,30.77,7.692,0.0,1.77,30.0,0.89,40.0,0.89,20.0,0.18,1.77,60.0,6.56,54.05,1.95,0.53,0.89,29.06,0.53,1.77,40.93,80.09,11.52,66.15,6.2,91.43,17.19,81.44,32.78,89.19,6.56,45.95,21.61,31.6,0.03,0.53,0.0,0.0,0.18,100.0,0.0,7.26,75.61,3.01,47.06,0.89,40.0,1.06,0.53,6.91,58.97,0,,0,,0,0.0,0.0,0.0,,,0.0,,,0.18,0.18,0.0,1.06,0,0.0
C. Raburski,,Chojniczanka Chojnice,RB,22,0,,10,702,0,0.07,0,0.26,19.74,44.16,Poland,Poland,right,183,0,no,9.23,9.62,53.33,2.18,41.18,0.26,0.4,0.51,3.85,5.96,1.41,1,0.13,0,0.0,2.31,0.0,0,0.0,0.01,0,0.0,2,0.26,50.0,0.0,0.0,2.05,50.0,0.0,0.0,1.92,46.67,0.13,2.56,45.0,5.51,34.88,0.51,0.77,0.64,22.44,1.92,1.03,33.59,74.05,15.51,61.98,4.1,96.88,9.36,84.93,26.03,82.27,5.77,44.44,20.13,28.63,0.03,0.51,0.0,0.0,0.26,0.0,0.13,5.77,57.78,2.31,61.11,0.26,0.0,0.26,1.03,8.33,61.54,0,,0,,0,0.0,0.0,0.0,,,0.51,,,0.0,0.0,0.0,0.0,0,0.0
K. Korczyc,,Chojniczanka Chojnice,"RWF, RAMF, LAMF",20,0,,9,248,0,0.01,1,0.44,25.04,36.23,Poland,Poland,,183,0,no,6.9,9.44,34.62,2.18,16.67,0.0,0.0,0.36,3.63,6.52,2.54,2,0.73,0,0.0,4.35,0.0,0,0.0,0.0,0,0.0,1,0.36,0.0,0.0,0.36,2.9,50.0,1.45,75.0,1.45,25.0,0.36,5.44,46.67,10.89,40.0,1.45,2.18,1.09,14.88,0.36,1.45,26.13,79.17,7.98,63.64,4.72,92.31,8.35,82.61,22.86,82.54,0.36,100.0,17.89,2.11,0.16,1.09,0.36,0.0,0.36,100.0,0.73,3.99,63.64,3.27,77.78,0.36,100.0,1.45,1.81,5.08,85.71,0,,0,,0,0.0,0.0,0.0,,,0.0,,,0.36,0.0,0.0,0.0,0,0.0
P. Kolodziejczyk,SKRA Częstochowa,SKRA Częstochowa,RCMF,21,0,,1,2,0,0.0,0,0.0,,,Poland,Poland,,176,0,no,,,,,,,0.0,,,0.0,,0,,0,,,,0,,,0,,0,,,0.0,,,,,,,,,,,,,,,,,,,,,,,,,,,,,,,0.0,0.0,,,,,,,,,,,,,,,,,,0,,0,,0,0.0,0.0,,,,,,,,,,,0,0.0
D. Gojko,Stomil Olsztyn,SKRA Częstochowa,RWB,28,0,,3,58,0,0.01,0,0.0,20.17,46.15,Poland,Poland,,176,0,no,9.31,7.76,60.0,0.0,0.0,0.0,0.0,0.0,4.66,9.0,3.1,0,0.0,0,0.0,6.21,0.0,0,0.0,0.01,0,0.0,1,1.55,0.0,0.0,0.0,3.1,100.0,0.0,0.0,3.1,100.0,0.0,4.66,66.67,7.76,60.0,1.55,3.1,1.55,18.62,4.66,0.0,29.48,68.42,9.31,33.33,3.1,100.0,10.86,71.43,23.28,73.33,3.1,0.0,20.94,19.85,0.0,0.0,0.0,0.0,0.0,0.0,0.0,4.66,33.33,6.21,75.0,0.0,0.0,1.55,3.1,9.31,50.0,0,,0,,0,0.0,0.0,0.0,,,0.0,,,0.0,0.0,0.0,0.0,0,0.0
J. Stec,Puszcza Niepołomice,Puszcza Niepołomice,"LDMF, LCMF",21,0,2026-06-30,9,125,0,0.5,0,0.0,20.88,51.72,Poland,Poland,right,191,75,no,15.12,9.36,61.54,7.92,54.55,1.44,2.5,0.72,7.92,13.75,2.16,0,0.0,0,0.0,2.88,0.0,0,0.0,0.36,0,0.0,3,2.16,66.67,0.0,0.0,1.44,50.0,0.72,0.0,0.72,100.0,0.0,0.72,100.0,1.44,50.0,0.72,0.0,0.0,12.96,0.0,0.0,25.2,71.43,9.36,53.85,3.6,100.0,7.2,80.0,22.32,74.19,1.44,50.0,11.0,7.47,0.0,0.72,0.0,0.0,0.0,0.0,0.72,2.16,33.33,3.6,60.0,0.72,100.0,1.44,0.72,5.04,42.86,0,,0,,0,0.0,0.0,0.0,,,0.0,,,0.0,0.0,0.0,0.0,0,0.0
D. Frelek,Olimpia Grudziądz,Puszcza Niepołomice,"AMF, RDMF, LDMF",24,0,2028-06-30,15,799,1,0.84,0,0.84,23.2,42.72,Poland,Poland,right,183,70,no,8.9,9.46,53.57,4.06,41.67,0.68,1.02,0.23,3.15,4.77,3.04,5,0.56,0,0.0,2.03,0.11,1,0.11,0.09,0,0.0,5,0.56,40.0,20.0,0.0,1.24,54.55,0.79,71.43,0.45,25.0,0.0,2.48,31.82,6.08,25.93,1.01,0.45,0.11,11.6,0.56,1.58,23.2,75.24,7.32,70.77,3.04,85.19,8.34,78.38,20.39,79.01,1.58,42.86,17.69,17.66,0.09,0.56,0.0,0.0,0.56,60.0,0.34,3.49,83.87,1.8,62.5,0.45,75.0,0.68,0.45,3.83,70.59,0,,0,,0,0.0,0.0,0.0,,,0.45,,,0.45,0.0,0.0,0.11,0,0.0
D. Primel,Chojniczanka Chojnice,Chojniczanka Chojnice,GK,33,0,2027-06-30,2,193,0,0.0,0,0.0,1.4,66.67,Poland,Poland,right,191,0,no,0.47,0.47,0.0,0.47,100.0,0.47,0.73,0.0,0.0,0.0,0.0,0,0.0,0,0.0,0.0,0.0,0,0.0,0.0,0,0.0,0,0.0,0.0,0.0,0.0,0.0,0.0,0.0,0.0,0.0,0.0,0.0,0.0,0.0,0.0,0.0,0.0,0.0,0.0,7.93,0.0,0.0,11.19,87.5,6.06,76.92,0.0,0.0,5.13,100.0,7.93,100.0,3.26,57.14,29.82,52.88,0.0,0.0,0.0,0.0,0.0,0.0,0.0,0.93,0.0,0.0,0.0,0.0,0.0,0.0,0.0,2.33,80.0,4,1.87,10,4.66,0,60.0,3.85,1.8,-0.15,-0.07,0.0,0.93,0.47,,,,0.0,0,0.0
G. Bukhal,Ulytau,Chojniczanka Chojnice,LCB,30,0,2026-12-31,14,1334,0,0.84,0,0.24,9.31,55.8,Ukraine,Ukraine,left,190,75,no,7.89,3.98,66.1,3.37,50.0,0.4,0.61,0.47,4.86,7.37,0.81,4,0.27,0,0.0,0.4,0.0,0,0.0,0.06,0,0.0,7,0.47,57.14,0.0,0.0,0.13,50.0,0.13,50.0,0.0,0.0,0.0,0.07,100.0,0.34,60.0,0.54,0.27,0.0,25.97,0.27,0.07,43.72,81.33,22.53,71.56,2.29,94.12,16.8,91.97,33.73,90.2,9.85,51.37,24.01,38.04,0.02,0.2,0.0,0.0,0.07,0.0,0.0,6.0,64.04,0.67,40.0,0.47,14.29,0.34,0.07,11.67,69.94,0,,0,,0,0.0,0.0,0.0,,,1.62,,,0.81,0.2,66.67,0.4,0,0.0
S. Van Huffel,Spakenburg,Chojniczanka Chojnice,"RCMF, LDMF",27,0,2027-06-30,25,1330,0,2.76,1,1.8,23.89,52.41,Netherlands,Netherlands,both,176,70,no,8.86,7.51,62.16,1.89,39.29,0.47,0.7,0.47,3.72,5.5,1.29,4,0.27,0,0.0,5.14,0.0,0,0.0,0.19,0,0.0,33,2.23,21.21,0.0,0.07,2.64,38.46,0.54,62.5,2.03,33.33,0.41,5.28,65.38,10.76,52.2,1.76,1.08,1.08,22.4,0.34,1.96,33.36,78.5,9.34,71.01,6.16,93.41,12.25,80.66,27.74,84.63,3.32,53.06,18.69,26.45,0.12,0.81,0.0,0.0,0.47,42.86,0.14,4.26,73.02,2.77,48.78,0.41,16.67,0.54,0.95,4.94,69.86,0,,0,,0,0.0,0.0,0.0,,,0.27,,,0.27,0.0,0.0,0.81,0,0.0
K. Bartoszek,,Nieciecza,GK,23,0,,2,195,0,0.0,0,0.0,1.38,100.0,Poland,Poland,right,189,78,no,0.46,0.46,100.0,0.92,100.0,0.0,0.0,0.0,0.0,0.0,0.0,0,0.0,0,0.0,0.0,0.0,0,0.0,0.0,0,0.0,0,0.0,0.0,0.0,0.0,0.0,0.0,0.0,0.0,0.0,0.0,0.0,0.0,0.0,0.0,0.0,0.0,0.0,0.0,12.46,0.92,0.46,18.46,87.5,10.15,81.82,0.0,0.0,7.38,100.0,11.54,100.0,6.92,66.67,31.09,47.23,0.0,0.0,0.0,0.0,0.0,0.0,0.0,1.38,66.67,0.0,0.0,0.0,0.0,0.0,0.0,5.08,72.73,2,0.92,12,5.54,0,83.33,2.57,1.19,0.57,0.263,0.0,2.77,0.92,,,,0.0,0,0.0
T. Zaviyskyi,Slávia TU Košice,Nieciecza,"RB, LDMF, RWB",31,0,,24,1632,0,0.85,2,2.92,13.51,46.53,Ukraine,Ukraine,both,182,81,no,9.1,5.68,57.28,3.14,38.6,0.33,0.57,0.39,5.51,9.46,0.99,3,0.17,0,0.0,2.43,0.0,0,0.0,0.05,0,0.0,12,0.66,25.0,0.0,0.11,3.31,48.33,0.17,33.33,3.09,48.21,0.61,1.49,29.63,2.76,36.0,1.71,0.88,0.28,25.92,1.88,0.94,38.49,79.51,12.13,66.36,7.28,92.42,12.57,79.82,32.26,84.79,3.03,56.36,17.25,24.35,0.16,1.1,0.06,0.0,0.39,57.14,0.72,4.19,71.05,3.31,50.0,0.44,37.5,0.61,1.6,7.72,70.0,0,,0,,0,0.0,0.0,0.0,,,1.05,,,0.0,0.0,0.0,0.06,0,0.0
I. Stasiński,,Ruch Chorzów,CF,21,0,,2,25,0,0.0,0,0.0,,,Poland,Poland,,187,76,no,,,,,,,0.0,,,0.0,,0,,0,,,,0,,,0,,0,,,0.0,,,,,,,,,,,,,,,,,,,,,,,,,,,,,,,2.11,0.0,,,,,,,,,,,,,,,,,,0,,0,,0,0.0,0.0,,,,,,,,,,,0,0.0
G. Glapka,,Łódzki KS,"RAMF, RB, LWF",23,0,,3,34,0,0.01,0,0.0,,,Poland,Poland,left,182,75,no,,,,,,,0.0,,,12.0,,0,,0,,,,0,,,0,,1,,,0.0,,,,,,,,,,,,,,,,,,,,,,,,,,,,,,,14.17,3.26,,,,,,,,,,,,,,,,,,0,,0,,0,0.0,0.0,,,,,,,,,,,0,0.0
B. Bernard,Wisła Puławy,Podbeskidzie Bielsko-Biała,"RB, RAMF, LB",23,0,,10,566,1,0.94,0,0.25,16.7,44.76,Poland,Poland,,170,71,no,7.95,7.0,65.91,1.75,18.18,0.48,0.81,0.0,2.86,4.86,1.43,0,0.0,0,0.0,1.91,0.16,1,0.16,0.15,0,0.0,6,0.95,16.67,16.667,0.0,2.54,37.5,0.95,0.0,1.59,60.0,0.16,1.27,62.5,5.57,25.71,2.39,1.27,0.16,23.85,2.07,0.32,31.96,83.08,9.06,73.68,7.31,100.0,10.34,80.0,27.51,88.44,2.07,69.23,15.38,20.34,0.04,0.64,0.0,0.0,0.16,0.0,0.16,2.39,60.0,1.75,54.55,0.32,0.0,0.95,0.64,4.93,77.42,0,,0,,0,0.0,0.0,0.0,,,0.64,,,0.0,0.0,0.0,0.0,0,0.0
M. Willmann,Castellón,Podbeskidzie Bielsko-Biała,"RWB, RAMF, RB",21,0,2029-06-30,3,108,0,0.36,0,0.0,24.17,34.48,Poland,Poland,right,170,70,no,10.0,6.67,50.0,2.5,66.67,0.83,1.11,0.0,5.83,7.78,0.83,0,0.0,0,0.0,2.5,0.0,0,0.0,0.3,0,0.0,2,1.67,50.0,0.0,0.0,1.67,0.0,0.0,0.0,1.67,0.0,0.0,3.33,50.0,9.17,18.18,0.83,3.33,2.5,10.0,0.83,0.83,20.83,64.0,12.5,66.67,1.67,100.0,3.33,50.0,15.0,83.33,4.17,20.0,16.75,28.92,0.0,0.0,0.0,0.0,0.0,0.0,0.0,4.17,40.0,1.67,50.0,0.0,0.0,0.83,0.0,5.0,83.33,0,,0,,0,0.0,0.0,0.0,,,0.0,,,0.0,0.0,0.0,0.0,0,0.0
B. Barański,Tychy 71,Ruch Chorzów,AMF,19,0,2029-06-30,2,22,0,0.0,0,0.0,,,Poland,Poland,right,178,72,yes,,,,,,,0.0,,,0.0,,0,,0,,,,0,,,0,,0,,,0.0,,,,,,,,,,,,,,,,,,,,,,,,,,,,,,,14.42,0.0,,,,,,,,,,,,,,,,,,0,,0,,0,0.0,0.0,,,,,,,,,,,0,0.0
M. Roguła,,Ruch Chorzów,RWB,23,0,,1,27,0,0.0,0,0.0,,,Poland,Poland,,174,0,no,,,,,,,0.0,,,0.0,,0,,0,,,,0,,,0,,0,,,0.0,,,,,,,,,,,,,,,,,,,,,,,,,,,,,,,21.96,50.01,,,,,,,,,,,,,,,,,,0,,0,,0,0.0,0.0,,,,,,,,,,,0,0.0
M. Kowalczyk,Katowice,Łódzki KS,"RCMF, LCMF, DMF",22,0,2028-06-30,25,2043,6,6.09,3,2.34,24.89,52.04,Poland,Poland,right,181,72,no,11.23,9.34,59.91,2.29,53.85,0.93,1.41,0.18,4.71,7.17,2.03,8,0.35,0,0.0,2.69,0.26,6,0.26,0.27,1,0.04,31,1.37,32.26,19.355,0.13,0.44,40.0,0.18,75.0,0.26,16.67,0.09,3.0,61.76,10.13,48.26,2.03,1.85,1.19,17.36,0.26,2.73,29.21,82.35,9.96,72.57,5.02,92.98,9.52,88.43,27.27,84.01,1.5,64.71,16.77,23.32,0.1,0.75,0.04,0.0,0.35,62.5,0.44,3.66,74.7,1.5,58.82,0.44,50.0,1.1,0.18,4.58,70.19,0,,0,,0,0.0,0.0,0.0,,,0.18,,,0.0,0.0,0.0,0.0,0,0.0
B. Bieroński,Podbeskidzie Bielsko-Biała,Podbeskidzie Bielsko-Biała,"RCMF, LCMF",20,0,2026-06-30,2,112,0,0.0,0,0.0,13.66,41.18,Poland,Poland,right,176,65,no,7.23,2.41,100.0,1.61,100.0,0.8,0.91,0.8,4.02,4.55,1.61,1,0.8,0,0.0,1.61,0.0,0,0.0,0.0,0,0.0,0,0.0,0.0,0.0,0.0,0.8,100.0,0.8,100.0,0.0,0.0,0.0,0.0,0.0,4.82,16.67,0.0,1.61,1.61,16.88,0.0,1.61,30.54,73.68,14.46,66.67,1.61,100.0,9.64,83.33,23.3,72.41,6.43,75.0,23.61,41.45,0.0,0.0,0.0,0.0,1.61,50.0,0.0,10.45,69.23,2.41,66.67,0.8,100.0,0.8,0.8,9.64,75.0,0,,0,,0,0.0,0.0,0.0,,,0.0,,,0.0,0.0,0.0,0.0,0,0.0
P. Kukulski,Motor Lublin,Katowice,GK,21,0,2027-06-30,1,91,0,0.0,0,0.0,0.99,0.0,Poland,Poland,right,193,84,no,0.99,0.99,0.0,0.0,0.0,0.0,0.0,0.0,0.99,1.03,0.0,0,0.0,0,0.0,0.0,0.0,0,0.0,0.0,0,0.0,0,0.0,0.0,0.0,0.0,0.0,0.0,0.0,0.0,0.0,0.0,0.0,0.0,0.0,0.0,0.0,0.0,0.0,0.0,5.93,0.0,0.0,7.91,75.0,3.96,75.0,0.0,0.0,3.96,75.0,3.96,75.0,3.96,75.0,31.91,41.08,0.0,0.0,0.0,0.0,0.0,0.0,0.0,0.0,0.0,0.0,0.0,0.0,0.0,0.0,0.0,2.97,66.67,5,4.95,7,6.92,0,28.57,3.26,3.22,-1.74,-1.721,0.0,0.0,0.0,,,,0.0,0,0.0
K. Skwierczyński,,Ruch Chorzów,LWB,23,0,,1,26,0,0.0,0,0.0,,,Poland,Poland,right,177,70,no,,,,,,,0.0,,,0.0,,0,,0,,,,0,,,0,,0,,,0.0,,,,,,,,,,,,,,,,,,,,,,,,,,,,,,,10.16,0.0,,,,,,,,,,,,,,,,,,0,,0,,0,0.0,0.0,,,,,,,,,,,0,0.0
M. Bąkowicz,Chojniczanka Chojnice,Łódzki KS,LCMF,24,0,2027-06-30,1,98,0,0.01,0,0.0,29.39,62.5,Poland,Poland,both,179,70,no,22.96,13.78,86.67,1.84,100.0,0.92,1.3,0.0,10.1,14.35,0.92,0,0.0,0,0.0,0.0,0.0,0,0.0,0.0,0,0.0,1,0.92,0.0,0.0,0.0,0.0,0.0,0.0,0.0,0.0,0.0,0.0,3.67,0.0,9.18,20.0,0.92,0.92,1.84,7.35,0.0,1.84,25.71,71.43,7.35,62.5,7.35,100.0,8.27,55.56,22.96,76.0,2.76,33.33,15.45,29.24,0.0,0.0,0.0,0.0,0.92,0.0,0.0,2.76,33.33,0.92,100.0,0.0,0.0,0.92,0.0,3.67,50.0,0,,0,,0,0.0,0.0,0.0,,,0.0,,,0.0,0.0,0.0,0.0,0,0.0
J. Witek,Wigry Suwałki,Ruch Chorzów,"LCMF, RCMF",23,0,,18,493,0,0.05,0,0.04,19.72,56.48,Poland,Poland,right,185,78,no,12.23,10.77,59.32,4.38,58.33,0.37,0.55,0.37,5.48,8.18,1.64,1,0.18,0,0.0,0.55,0.0,0,0.0,0.01,0,0.0,3,0.55,33.33,0.0,0.0,0.37,0.0,0.0,0.0,0.37,0.0,0.0,0.37,50.0,1.64,44.44,0.73,0.73,0.37,23.37,0.37,1.46,37.61,79.61,12.6,63.77,4.2,91.3,15.7,88.37,34.14,82.89,3.1,52.94,18.83,19.49,0.01,0.18,0.0,0.0,0.18,100.0,0.0,7.48,63.41,1.1,50.0,0.37,50.0,0.37,0.0,7.12,74.36,0,,0,,0,0.0,0.0,0.0,,,0.73,,,0.0,0.0,0.0,0.0,0,0.0
J. Kuźma,,Łódzki KS,"DMF, LCMF",23,0,,9,367,0,0.0,0,0.01,19.13,51.28,Poland,Poland,right,186,73,no,8.34,6.62,55.56,3.92,68.75,0.25,0.37,0.0,4.41,6.59,1.96,1,0.25,0,0.0,1.23,0.0,0,0.0,0.0,0,0.0,0,0.0,0.0,0.0,0.0,0.49,0.0,0.0,0.0,0.49,0.0,0.0,1.96,62.5,5.15,42.86,0.74,0.49,0.25,12.51,0.25,0.98,25.75,83.81,5.89,66.67,5.89,100.0,9.07,94.59,24.03,86.73,1.23,60.0,17.33,11.23,0.0,0.25,0.0,0.0,0.25,0.0,0.0,2.7,72.73,0.98,0.0,0.25,0.0,0.25,0.0,3.19,46.15,0,,0,,0,0.0,0.0,0.0,,,0.49,,,0.0,0.0,0.0,0.0,0,0.0
A. Kozubal,Lech Poznań,Katowice,"RCMF, LCMF",21,0,2028-06-30,8,436,1,0.17,1,0.32,13.42,49.23,Poland,Poland,right,176,68,no,8.67,5.78,60.71,1.86,22.22,0.21,0.33,0.83,4.95,7.83,1.44,2,0.41,0,0.0,1.44,0.21,1,0.21,0.03,0,0.0,4,0.83,75.0,25.0,0.21,0.41,50.0,0.0,0.0,0.41,50.0,0.0,0.41,50.0,2.48,41.67,1.65,0.0,0.41,24.77,0.0,0.62,42.11,83.33,12.39,65.0,6.81,93.94,14.04,91.18,39.43,85.34,2.27,54.55,15.93,19.41,0.07,0.83,0.0,0.0,0.41,100.0,0.41,6.4,58.06,1.65,62.5,0.41,100.0,0.62,0.21,4.54,81.82,0,,0,,0,0.0,0.0,0.0,,,1.24,,,0.83,0.0,0.0,2.27,0,0.0
M. Nowak,,Podbeskidzie Bielsko-Biała,AMF,21,0,,1,10,0,0.0,0,0.22,,,Poland,Poland,,0,0,no,,,,,,,0.0,,,0.0,,0,,0,,,,0,,,0,,0,,,0.0,,,,,,,,,,,,,,,,,,,,,,,,,,,,,,,20.34,0.0,,,,,,,,,,,,,,,,,,0,,0,,0,0.0,0.0,,,,,,,,,,,0,0.0
M. Winciersz,SKRA Częstochowa,SKRA Częstochowa,"RWB, LWB",25,0,2026-06-30,16,686,0,0.79,1,0.92,18.76,48.25,Poland,Poland,left,178,73,no,10.63,7.22,72.73,1.71,23.08,0.0,0.0,0.13,5.38,7.19,0.79,2,0.26,0,0.0,3.94,0.0,0,0.0,0.1,0,0.0,9,1.18,44.44,0.0,0.13,4.59,40.0,3.28,48.0,1.18,11.11,0.66,3.67,42.86,6.3,35.42,2.23,1.18,0.66,16.4,1.97,0.92,25.85,68.02,7.35,53.57,6.17,95.74,8.66,65.15,18.5,80.85,2.89,31.82,20.05,22.13,0.12,1.18,0.0,0.0,0.0,0.0,0.66,2.76,33.33,4.33,36.36,0.13,0.0,0.39,1.97,4.99,71.05,0,,0,,0,0.0,0.0,0.0,,,0.66,,,0.66,0.0,0.0,1.31,0,0.0
A. Tutyškinas,Celje,Łódzki KS,LB,22,0,2028-06-30,14,1045,0,0.37,0,0.03,18.26,57.08,Lithuania,Lithuania,left,190,82,no,10.51,8.78,60.78,4.39,52.94,0.17,0.27,0.17,5.0,7.7,1.98,5,0.43,0,0.0,0.52,0.0,0,0.0,0.03,0,0.0,7,0.6,0.0,0.0,0.0,1.03,16.67,1.03,16.67,0.0,0.0,0.52,0.95,36.36,2.93,50.0,0.34,1.29,0.6,24.11,1.55,1.29,34.71,78.16,15.59,65.19,6.2,98.61,8.87,79.61,28.68,84.98,5.08,50.85,18.38,29.15,0.0,0.09,0.0,0.0,0.34,0.0,0.0,4.82,53.57,1.72,20.0,0.34,25.0,0.17,0.17,6.37,60.81,0,,0,,0,0.0,0.0,0.0,,,1.12,,,0.09,0.09,0.0,0.26,0,0.0
L. Abate,Podbrezová,Podbeskidzie Bielsko-Biała,CF,25,0,2027-06-30,1,11,0,0.0,0,0.0,,,Cameroon,Cameroon,right,180,75,no,,,,,,,0.0,,,0.0,,0,,0,,,,0,,,0,,0,,,0.0,,,,,,,,,,,,,,,,,,,,,,,,,,,,,,,6.62,0.0,,,,,,,,,,,,,,,,,,0,,0,,0,0.0,0.0,,,,,,,,,,,0,0.0
M. Feliks,Odra Opole,Ruch Chorzów,"LW, CF",27,0,2027-06-30,12,785,1,1.64,0,0.17,28.55,41.37,Poland,Poland,right,186,84,no,8.03,7.8,55.88,4.47,51.28,0.34,0.54,0.23,3.32,5.18,3.78,2,0.23,0,0.0,2.64,0.11,1,0.11,0.19,0,0.0,14,1.61,35.71,7.143,0.0,1.26,27.27,0.8,42.86,0.34,0.0,0.34,3.78,42.42,11.81,37.86,3.78,0.57,0.34,12.38,1.61,2.98,20.52,73.18,6.08,60.38,5.73,92.0,4.47,74.36,18.34,76.88,0.92,62.5,14.69,8.92,0.02,0.57,0.0,0.0,0.23,50.0,0.34,1.83,62.5,0.8,42.86,0.23,50.0,0.69,0.34,2.52,63.64,0,,0,,0,0.0,0.0,0.0,,,0.11,,,0.0,0.0,0.0,0.0,0,0.0
Ł. Ostrowski,,Resovia Rzeszów,LAMF,21,0,,1,27,0,0.05,0,0.0,,,Poland,Poland,left,186,75,no,,,,,,,0.0,,,5.0,,0,,0,,,,0,,,0,,2,,,0.0,,,,,,,,,,,,,,,,,,,,,,,,,,,,,,,13.2,0.0,,,,,,,,,,,,,,,,,,0,,0,,0,0.0,0.0,,,,,,,,,,,0,0.0
M. Ozimek,Chrobry Głogów,Chrobry Głogów,"RAMF, RW, CF",25,0,2027-06-30,9,371,0,0.54,0,0.1,23.53,32.99,Poland,Poland,right,179,70,no,6.31,7.04,44.83,3.4,7.14,0.0,0.0,0.49,3.15,4.11,2.18,1,0.24,0,0.0,3.88,0.0,0,0.0,0.13,0,0.0,6,1.46,33.33,0.0,0.0,3.15,23.08,0.24,0.0,2.91,25.0,0.24,4.37,61.11,8.25,38.24,2.67,1.46,0.73,10.43,0.49,0.73,19.65,61.73,5.34,45.45,3.15,100.0,5.82,45.83,15.04,74.19,1.7,28.57,18.71,11.75,0.03,0.49,0.0,0.0,0.49,0.0,0.0,1.94,62.5,3.4,35.71,0.49,0.0,1.21,0.73,3.15,53.85,0,,0,,0,0.0,0.0,0.0,,,0.0,,,0.0,0.0,0.0,0.0,0,0.0
J. Górski,Sandecja Nowy Sącz,Chrobry Głogów,"LAMF, AMF, LW",24,0,,25,1192,1,0.57,0,0.51,19.03,39.29,Poland,Poland,right,178,73,no,5.44,5.13,48.53,2.42,18.75,0.15,0.21,0.08,2.79,3.8,1.36,2,0.15,0,0.0,2.42,0.08,1,0.08,0.04,1,0.08,13,0.98,30.77,7.692,0.0,1.21,37.5,0.6,37.5,0.6,37.5,0.08,2.72,58.33,9.29,40.65,0.76,1.36,0.53,12.31,1.36,2.04,19.33,75.0,4.68,56.45,4.68,87.1,6.12,79.01,17.29,79.91,0.83,27.27,16.6,10.73,0.04,0.53,0.0,0.0,0.23,33.33,0.15,1.96,57.69,1.51,45.0,0.3,50.0,0.23,0.38,3.1,60.98,0,,0,,0,0.0,0.0,0.0,,,0.15,,,0.15,0.08,0.0,0.0,0,0.0
M. Jóźwiak,,Chrobry Głogów,"LAMF, LW, RW",23,0,,22,903,1,2.03,0,0.21,21.03,38.39,Poland,Poland,right,178,72,no,5.98,6.18,54.84,4.39,29.55,0.2,0.26,0.0,2.39,3.08,1.69,3,0.3,0,0.0,1.79,0.1,1,0.1,0.2,0,0.0,20,1.99,35.0,5.0,0.0,0.6,33.33,0.2,50.0,0.4,25.0,0.0,2.79,28.57,6.28,33.33,2.59,1.2,0.5,8.77,0.9,1.79,12.56,73.02,4.09,60.98,3.49,88.57,2.29,86.96,11.16,78.57,0.9,33.33,17.07,14.53,0.02,0.2,0.0,0.0,0.1,100.0,0.1,1.2,75.0,0.5,100.0,0.1,100.0,0.7,0.2,2.19,54.55,0,,0,,0,0.0,0.0,0.0,,,0.2,,,0.2,0.0,0.0,0.0,0,0.0
P. Tupaj,Chrobry Głogów,Chrobry Głogów,"RB, LB",26,0,,10,395,0,0.45,1,0.39,18.0,62.03,Poland,Poland,right,174,70,no,12.53,7.75,73.53,3.19,42.86,0.46,0.65,0.46,6.38,9.13,1.14,2,0.46,0,0.0,2.05,0.0,0,0.0,0.1,0,0.0,3,0.68,0.0,0.0,0.23,2.96,30.77,0.23,0.0,2.73,33.33,0.23,2.28,50.0,4.78,57.14,0.91,0.68,0.46,16.41,1.14,2.28,25.97,78.07,10.03,79.55,2.51,90.91,11.16,77.55,19.37,90.59,3.87,52.94,18.67,31.53,0.09,0.91,0.0,0.0,0.0,0.0,0.68,2.51,36.36,3.87,41.18,0.23,0.0,0.91,0.68,5.47,79.17,0,,0,,0,0.0,0.0,0.0,,,0.23,,,0.0,0.0,0.0,0.0,0,0.0
I. Lawrynowicz,Unia Skierniewice,Stal Rzeszów,LAMF,23,0,2026-06-30,1,4,0,0.0,0,0.0,,,Poland,Poland,left,178,0,no,,,,,,,0.0,,,0.0,,0,,0,,,,0,,,0,,0,,,0.0,,,,,,,,,,,,,,,,,,,,,,,,,,,,,,,0.0,0.0,,,,,,,,,,,,,,,,,,0,,0,,0,0.0,0.0,,,,,,,,,,,0,0.0
K. Krasa,,Resovia Rzeszów,"DMF, RCMF",24,0,,11,569,1,0.17,0,0.04,19.14,57.02,Poland,Poland,both,180,0,no,10.76,6.96,72.73,2.53,56.25,1.27,2.11,0.63,4.43,7.37,0.79,1,0.16,0,0.0,0.79,0.16,1,0.16,0.03,0,0.0,3,0.47,33.33,33.333,0.0,0.16,100.0,0.0,0.0,0.16,100.0,0.16,0.95,50.0,5.38,47.06,0.63,0.16,0.16,19.77,0.16,1.27,35.43,83.48,10.12,64.06,6.01,94.74,15.18,94.79,30.84,85.64,4.43,67.86,17.3,26.36,0.01,0.47,0.16,0.0,0.0,0.0,0.0,5.22,72.73,1.27,50.0,0.63,25.0,0.32,0.16,4.9,67.74,0,,0,,0,0.0,0.0,0.0,,,0.95,,,0.0,0.0,0.0,0.16,0,0.0
N. Niski,Korona Kielce,Resovia Rzeszów,RB,24,0,2027-06-30,1,11,0,0.0,0,0.0,,,Poland,Poland,right,178,70,no,,,,,,,0.0,,,30.0,,0,,0,,,,0,,,0,,0,,,0.0,,,,,,,,,,,,,,,,,,,,,,,,,,,,,,,23.18,0.0,,,,,,,,,,,,,,,,,,0,,0,,0,0.0,0.0,,,,,,,,,,,0,0.0
K. Piątek,Podbeskidzie Bielsko-Biała,Stal Rzeszów,"CF, AMF",25,0,2027-06-30,26,822,1,1.41,0,0.17,20.47,43.32,Poland,Poland,right,178,76,no,6.79,5.26,70.83,1.97,22.22,0.33,0.59,0.33,2.74,4.9,0.44,3,0.33,0,0.0,2.19,0.11,1,0.11,0.15,0,0.0,7,0.77,57.14,14.286,0.0,1.75,25.0,0.99,33.33,0.77,14.29,0.11,2.74,48.0,10.62,36.08,2.52,1.75,0.88,20.15,1.09,2.52,29.89,82.42,6.13,71.43,9.31,95.29,7.66,78.57,27.59,86.11,0.55,80.0,12.98,7.1,0.02,0.88,0.0,0.0,0.0,0.0,0.22,2.52,78.26,2.74,48.0,0.0,0.0,0.88,0.44,2.96,81.48,0,,0,,0,0.0,0.0,0.0,,,0.22,,,0.0,0.0,0.0,0.11,0,0.0
M. Fall,Gimhae City,Sandecja Nowy Sącz,"LDMF, RDMF, RCMF",31,0,,23,1811,2,2.84,0,0.41,24.05,52.69,Senegal,"Senegal, Italy",right,193,87,no,11.78,6.96,67.86,6.31,56.69,0.35,0.47,0.4,6.71,9.04,1.49,8,0.4,0,0.0,1.49,0.1,2,0.1,0.14,1,0.05,31,1.54,22.58,6.452,0.0,0.6,25.0,0.2,25.0,0.4,25.0,0.05,1.74,48.57,6.86,38.41,1.29,1.14,0.25,21.22,0.6,1.19,37.17,78.88,12.92,61.54,6.01,95.87,12.47,84.86,32.9,83.23,3.83,48.05,18.22,28.19,0.02,0.3,0.0,0.0,0.35,42.86,0.05,6.11,60.98,1.84,29.73,0.7,14.29,0.4,0.1,5.47,63.64,0,,0,,0,0.0,0.0,0.0,,,0.3,,,0.0,0.0,0.0,0.0,0,0.0
D. Morys,Garbarnia Kraków,Resovia Rzeszów,"RW, LW, RWB",25,0,2026-06-30,14,677,0,0.4,0,0.01,18.74,51.77,Poland,Poland,right,176,65,no,7.71,6.51,65.31,2.39,27.78,0.27,0.41,0.4,3.19,4.93,1.46,4,0.53,1,0.13,2.53,0.0,0,0.0,0.05,0,0.0,7,0.93,42.86,0.0,0.0,1.33,20.0,0.4,0.0,0.8,33.33,0.4,3.06,60.87,6.12,56.52,1.2,1.2,1.2,12.9,1.06,2.53,20.34,69.28,6.78,49.02,3.46,84.62,6.38,79.17,16.88,78.74,2.13,25.0,18.24,24.07,0.0,0.27,0.0,0.0,0.0,0.0,0.0,2.92,50.0,1.2,22.22,0.27,0.0,0.27,0.27,3.86,51.72,0,,0,,0,0.0,0.0,0.0,,,0.27,,,0.0,0.0,0.0,0.13,0,0.0
D. Pieniążek,Resovia Rzeszów,Resovia Rzeszów,"LW, DMF",20,0,2026-06-30,2,29,0,0.0,0,0.0,,,Poland,Poland,,178,0,no,,,,,,,0.0,,,12.86,,0,,0,,,,0,,,0,,0,,,0.0,,,,,,,,,,,,,,,,,,,,,,,,,,,,,,,6.15,0.0,,,,,,,,,,,,,,,,,,0,,0,,0,0.0,0.0,,,,,,,,,,,0,0.0
J. Cieślicki,,Chrobry Głogów,LW,22,0,,1,36,0,0.0,0,0.0,,,Poland,Poland,right,0,0,no,,,,,,,0.0,,,0.0,,0,,0,,,,0,,,0,,1,,,0.0,,,,,,,,,,,,,,,,,,,,,,,,,,,,,,,17.48,0.0,,,,,,,,,,,,,,,,,,0,,0,,0,0.0,0.0,,,,,,,,,,,0,0.0
R. Bąk,Chrobry Głogów,Resovia Rzeszów,"RCMF, RDMF, AMF",21,0,2028-06-30,17,1010,1,1.9,1,0.43,13.63,33.99,Poland,Poland,right,187,0,no,5.52,5.61,49.21,3.56,32.5,0.62,0.76,0.09,2.14,2.61,1.51,4,0.36,0,0.0,0.89,0.09,1,0.09,0.17,0,0.0,15,1.34,33.33,6.667,0.09,0.36,25.0,0.18,0.0,0.18,50.0,0.0,0.98,27.27,3.03,14.71,1.51,0.0,0.0,14.7,0.53,0.18,22.46,78.97,6.42,68.06,3.65,85.37,8.47,85.26,20.23,83.7,1.87,38.1,18.59,19.67,0.04,0.27,0.09,0.0,0.18,50.0,0.18,2.76,54.84,0.53,16.67,0.18,50.0,0.18,0.09,3.39,65.79,0,,0,,0,0.0,0.0,0.0,,,0.09,,,0.0,0.0,0.0,0.0,0,0.0
H. Karpiński,,Resovia Rzeszów,CF,23,0,,5,243,0,0.51,0,0.0,12.96,22.86,Poland,Poland,right,184,76,no,1.11,1.11,100.0,3.33,11.11,0.0,0.0,0.0,0.0,0.0,0.37,0,0.0,0,0.0,0.74,0.0,0,0.0,0.19,0,0.0,1,0.37,100.0,0.0,0.0,0.37,100.0,0.0,0.0,0.37,100.0,0.0,0.0,0.0,3.7,20.0,1.11,0.37,0.0,4.44,0.0,1.11,7.41,85.0,0.74,50.0,1.85,100.0,2.22,100.0,6.3,88.24,0.74,50.0,14.49,7.9,0.0,0.0,0.0,0.0,0.0,0.0,0.0,0.74,50.0,0.37,0.0,0.0,0.0,0.0,0.37,0.74,100.0,0,,0,,0,0.0,0.0,0.0,,,0.0,,,0.0,0.0,0.0,0.0,0,0.0
P. Kapica,,Sandecja Nowy Sącz,"RW, RAMF",24,0,,4,139,0,0.01,0,0.01,18.78,34.48,Poland,Poland,,0,0,no,5.18,8.42,46.15,0.65,0.0,0.65,1.0,0.0,0.65,1.0,2.59,1,0.65,0,0.0,0.0,0.0,0,0.0,0.0,0,0.0,1,0.65,0.0,0.0,0.0,0.0,0.0,0.0,0.0,0.0,0.0,0.0,0.65,0.0,5.83,22.22,0.65,1.29,0.0,9.06,0.65,0.65,12.3,73.68,2.59,50.0,3.24,60.0,2.59,100.0,11.65,77.78,0.65,0.0,11.8,4.17,0.01,0.65,0.0,0.0,0.0,0.0,0.0,1.29,100.0,0.0,0.0,0.0,0.0,0.65,0.0,0.65,0.0,0,,0,,0,0.0,0.0,0.0,,,0.0,,,0.0,0.0,0.0,0.0,0,0.0
F. Mikrut,,Resovia Rzeszów,"RAMF, RW, RWF",22,0,,8,232,0,0.21,0,0.49,14.74,36.84,Poland,Poland,,174,0,no,6.21,5.82,66.67,2.72,0.0,0.0,0.0,0.0,2.33,3.27,1.16,0,0.0,0,0.0,2.72,0.0,0,0.0,0.08,0,0.0,3,1.16,66.67,0.0,0.0,2.33,33.33,0.39,100.0,1.94,20.0,0.0,1.55,75.0,3.88,30.0,1.55,1.94,0.39,10.09,1.94,0.39,17.07,68.18,6.21,56.25,3.1,87.5,4.66,58.33,14.35,75.68,0.78,50.0,17.7,14.41,0.19,1.16,0.0,0.0,0.39,0.0,0.78,2.72,28.57,3.1,50.0,0.39,0.0,1.16,0.78,2.33,66.67,0,,0,,0,0.0,0.0,0.0,,,0.39,,,0.0,0.0,0.0,0.0,0,0.0
K. Chuchro,Resovia Rzeszów,Resovia Rzeszów,"RCB, LCB",23,0,,16,1239,1,1.05,0,0.0,12.49,54.65,Poland,Poland,both,197,84,no,8.93,5.81,63.75,4.0,50.91,0.29,0.43,0.65,4.94,7.29,1.38,5,0.36,0,0.0,0.15,0.07,1,0.07,0.08,0,0.0,6,0.44,33.33,16.667,0.0,0.0,0.0,0.0,0.0,0.0,0.0,0.0,0.15,0.0,0.65,11.11,0.51,0.29,0.29,16.85,0.29,0.36,30.8,80.42,14.53,66.0,2.83,94.87,10.97,96.69,25.64,85.55,5.16,54.93,22.1,33.2,0.0,0.0,0.0,0.0,0.0,0.0,0.0,4.5,66.13,0.36,20.0,0.22,33.33,0.0,0.0,6.68,63.04,0,,0,,0,0.0,0.0,0.0,,,2.25,,,0.0,0.0,0.0,0.0,0,0.0
F. Polowiec,Wisła Puławy,Stal Rzeszów,RB,23,0,2026-06-30,18,1628,0,0.27,0,0.09,19.51,58.92,Poland,Poland,right,176,73,no,12.83,10.45,66.67,1.6,44.83,0.55,0.87,0.17,5.31,8.32,0.77,3,0.17,1,0.06,1.55,0.0,0,0.0,0.02,0,0.0,3,0.17,33.33,0.0,0.0,0.72,30.77,0.06,0.0,0.66,33.33,0.28,1.99,61.11,5.42,54.08,0.28,2.1,0.28,32.84,1.38,0.61,50.97,83.3,22.06,73.43,4.92,94.38,16.47,92.62,47.05,86.96,3.26,40.68,18.55,35.01,0.01,0.28,0.0,0.0,0.17,33.33,0.11,7.68,79.14,1.16,42.86,0.22,50.0,0.22,0.22,9.4,66.47,0,,0,,0,0.0,0.0,0.0,,,1.49,,,0.0,0.0,0.0,0.0,0,0.0
K. Szymkiewicz,,Resovia Rzeszów,"RDMF, AMF",23,0,,2,55,0,0.0,0,0.05,6.55,50.0,Poland,Poland,right,177,70,no,3.27,1.64,0.0,3.27,100.0,0.0,0.0,0.0,3.27,5.0,0.0,0,0.0,0,0.0,0.0,0.0,0,0.0,0.0,0,0.0,0,0.0,0.0,0.0,0.0,1.64,0.0,1.64,0.0,0.0,0.0,0.0,0.0,0.0,1.64,0.0,0.0,1.64,1.64,11.45,0.0,0.0,27.82,70.59,9.82,66.67,4.91,66.67,8.18,80.0,21.27,69.23,4.91,100.0,19.06,27.26,0.08,1.64,0.0,0.0,0.0,0.0,0.0,1.64,0.0,1.64,0.0,1.64,100.0,1.64,0.0,3.27,100.0,0,,0,,0,0.0,0.0,0.0,,,0.0,,,0.0,0.0,0.0,0.0,0,0.0
P. Pęksa,Spartakos Kitiou,Stal Rzeszów,GK,24,0,,20,1964,0,0.0,0,0.03,1.05,69.57,Poland,Poland,right,184,79,no,3.21,0.18,0.0,0.41,88.89,0.05,0.08,0.0,3.16,5.35,0.18,3,0.14,0,0.0,0.0,0.0,0,0.0,0.0,0,0.0,0,0.0,0.0,0.0,0.0,0.0,0.0,0.0,0.0,0.0,0.0,0.0,0.0,0.0,0.27,83.33,0.0,0.0,0.0,15.99,0.27,0.23,27.13,85.98,12.83,74.29,0.0,0.0,13.15,97.21,19.06,97.6,8.07,58.52,28.93,42.77,0.0,0.05,0.0,0.0,0.0,0.0,0.0,1.19,34.62,0.05,0.0,0.0,0.0,0.0,0.0,5.41,56.78,26,1.19,85,3.9,7,69.41,26.13,1.2,0.13,0.006,0.0,0.87,0.41,,,,0.0,0,0.0
K. Toporkiewicz,Unia Skierniewice,Sandecja Nowy Sącz,"AMF, LAMF, RAMF",24,0,2027-06-30,22,1253,1,1.17,0,1.61,28.08,39.9,Poland,Poland,right,176,70,no,7.97,9.19,50.78,3.02,21.43,0.36,0.54,0.07,2.94,4.46,2.8,5,0.36,0,0.0,3.16,0.07,1,0.07,0.08,0,0.0,16,1.15,31.25,6.25,0.0,1.15,37.5,0.57,50.0,0.57,25.0,0.14,4.45,45.16,12.14,36.69,1.72,0.86,0.79,12.86,1.01,2.94,20.76,73.36,6.9,59.38,3.59,90.0,6.03,79.76,18.53,77.13,1.29,44.44,17.26,21.2,0.12,0.93,0.0,0.0,0.72,50.0,0.29,2.23,58.06,1.87,50.0,0.86,41.67,0.65,0.29,3.23,66.67,0,,0,,0,0.0,0.0,0.0,,,0.0,,,0.0,0.0,0.0,0.29,0,0.0
O. Práznovský,Elinkwijk,Chrobry Głogów,"RCB, LCB",35,0,,11,739,0,0.25,0,0.0,9.5,62.82,Slovakia,Slovakia,right,187,81,no,6.7,2.44,60.0,3.9,68.75,0.24,0.32,0.61,4.99,6.54,0.49,2,0.24,0,0.0,0.12,0.0,0,0.0,0.03,0,0.0,1,0.12,0.0,0.0,0.0,0.0,0.0,0.0,0.0,0.0,0.0,0.0,0.24,50.0,0.97,37.5,0.49,0.0,0.0,18.27,0.0,0.24,29.23,85.83,12.06,73.74,2.44,100.0,13.15,93.52,24.97,90.24,4.26,60.0,20.96,30.69,0.0,0.0,0.0,0.0,0.0,0.0,0.0,1.95,68.75,0.12,0.0,0.12,0.0,0.0,0.0,5.48,62.22,0,,0,,0,0.0,0.0,0.0,,,1.58,,,0.0,0.0,0.0,0.0,0,0.0
M. Kotwica,,Stal Rzeszów,"RDMF, LCMF, CF",35,0,,3,29,0,0.0,0,0.0,,,Poland,Poland,right,185,77,no,,,,,,,7.5,,,7.5,,0,,0,,,,0,,,0,,0,,,0.0,,,,,,,,,,,,,,,,,,,,,,,,,,,,,,,9.75,0.0,,,,,,,,,,,,,,,,,,0,,0,,0,0.0,0.0,,,,,,,,,,,0,0.0
J. Kolenc,N.K. Kras Repen,Chrobry Głogów,"LCMF, LDMF, RCMF",32,0,,32,2595,0,1.19,1,0.65,13.14,52.51,Slovenia,Slovenia,right,181,76,no,7.6,6.83,58.38,1.42,53.66,0.42,0.53,0.24,3.19,4.06,1.56,6,0.21,0,0.0,0.83,0.0,0,0.0,0.04,0,0.0,18,0.62,27.78,0.0,0.03,0.31,33.33,0.14,25.0,0.14,50.0,0.0,0.83,54.17,2.84,50.0,0.55,0.52,0.07,20.88,0.35,0.87,32.18,81.57,10.72,67.31,5.06,93.15,12.9,89.78,27.88,85.32,4.02,58.62,20.65,37.89,0.02,0.24,0.0,0.0,0.24,42.86,0.1,5.69,71.95,0.87,44.0,0.55,18.75,0.24,0.1,5.86,72.19,0,,0,,0,0.0,0.0,0.0,,,0.42,,,0.14,0.03,0.0,0.1,0,0.0
S. Górski,Zielona Góra,Chrobry Głogów,"LWB, LB",34,0,,15,953,0,0.1,0,1.05,7.74,51.22,Poland,Poland,left,187,75,no,5.95,2.83,63.33,1.42,53.33,0.09,0.12,0.38,4.06,5.22,0.57,0,0.0,0,0.0,1.51,0.0,0,0.0,0.01,0,0.0,2,0.19,0.0,0.0,0.0,3.4,33.33,2.64,35.71,0.66,14.29,0.28,1.04,36.36,2.36,40.0,0.47,0.85,0.38,15.49,1.51,0.47,25.69,71.32,11.14,68.64,4.63,93.88,6.23,63.64,19.45,82.04,3.31,45.71,18.76,30.91,0.1,1.23,0.0,0.0,0.0,0.0,0.19,2.83,70.0,2.64,39.29,0.19,0.0,0.09,0.85,6.89,65.75,0,,0,,0,0.0,0.0,0.0,,,0.09,,,0.66,0.0,0.0,1.89,0,0.0
K. Wojtyra,Polonia Bytom,Chrobry Głogów,CF,28,0,2027-06-30,23,1048,7,6.75,0,0.36,25.59,26.85,Poland,Poland,both,188,82,no,2.4,3.18,27.03,8.59,25.0,0.0,0.0,0.17,1.55,2.02,2.83,5,0.43,0,0.0,1.89,0.6,4,0.34,0.58,0,0.0,27,2.32,55.56,25.926,0.0,0.17,50.0,0.0,0.0,0.17,50.0,0.0,1.8,28.57,9.02,29.52,2.83,0.94,0.26,8.76,1.98,1.89,15.11,71.02,3.52,65.85,4.55,84.91,3.95,56.52,14.43,72.62,0.52,33.33,14.77,9.55,0.03,0.26,0.0,0.0,0.0,0.0,0.26,2.32,66.67,0.94,72.73,0.17,0.0,0.77,0.09,1.8,80.95,0,,0,,0,0.0,0.0,0.0,,,0.0,,,0.0,0.0,0.0,0.0,3,100.0
B. Wasiluk,Zagłębie Sosnowiec,Resovia Rzeszów,"DMF, LDMF, LCMF",30,0,2026-06-30,32,2593,5,5.53,1,0.44,16.87,46.3,Poland,Poland,right,179,79,no,9.06,6.84,53.3,2.39,37.68,0.49,0.69,0.66,4.93,6.98,1.6,8,0.28,1,0.03,0.9,0.17,0,0.0,0.19,0,0.0,63,2.19,23.81,7.937,0.03,0.21,33.33,0.07,50.0,0.14,25.0,0.07,0.83,37.5,3.89,41.07,0.56,0.45,0.1,17.46,0.21,1.39,29.16,86.19,9.2,72.45,3.82,92.73,12.46,94.15,26.76,89.49,2.19,50.79,18.76,31.98,0.02,0.28,0.03,0.0,0.0,0.0,0.03,4.82,77.7,0.31,33.33,0.14,50.0,0.17,0.07,4.03,65.52,0,,0,,0,0.0,0.0,0.0,,,0.17,,,0.28,0.24,28.57,0.0,5,100.0
R. Wolsztyński,Górnik Łęczna,Chrobry Głogów,CF,31,0,2027-06-30,31,2115,5,6.08,2,1.57,25.19,36.66,Poland,Poland,left,180,70,no,3.79,3.36,56.96,5.96,36.43,0.26,0.34,0.21,1.62,2.16,1.62,2,0.09,0,0.0,3.15,0.21,4,0.17,0.26,2,0.09,49,2.09,32.65,10.204,0.09,0.68,43.75,0.3,57.14,0.38,33.33,0.13,4.51,44.34,11.4,32.84,2.81,1.11,0.34,12.77,1.74,1.57,19.74,67.24,6.51,60.13,3.91,83.7,4.94,68.1,17.79,69.62,1.36,46.88,16.92,25.97,0.07,0.98,0.0,0.0,0.72,23.53,0.43,3.79,64.04,1.7,47.5,0.68,25.0,0.81,0.21,3.7,80.46,0,,0,,0,0.0,0.0,0.0,,,0.0,,,0.72,0.43,30.0,1.06,1,100.0
M. Bondarenko,Zagłębie Lubin II,Resovia Rzeszów,"RCB, LCB",26,0,2026-06-30,13,1088,0,0.24,0,0.0,12.66,63.4,Poland,Poland,right,191,75,no,8.6,5.79,71.43,5.05,54.1,0.5,0.66,0.41,3.97,5.27,0.99,3,0.25,0,0.0,0.0,0.0,0,0.0,0.02,0,0.0,2,0.17,0.0,0.0,0.0,0.0,0.0,0.0,0.0,0.0,0.0,0.0,0.0,0.0,0.33,50.0,0.25,0.41,0.0,19.69,0.25,0.33,31.35,78.89,15.22,62.5,1.74,100.0,13.48,95.09,24.57,90.24,6.78,37.8,25.88,40.9,0.0,0.0,0.0,0.0,0.0,0.0,0.0,3.97,52.08,0.17,0.0,0.25,0.0,0.0,0.0,6.37,62.34,0,,0,,0,0.0,0.0,0.0,,,1.49,,,0.0,0.0,0.0,0.0,0,0.0
R. Kanach,Podbeskidzie Bielsko-Biała,Resovia Rzeszów,"DMF, RDMF, LDMF",27,0,2026-06-30,12,573,0,0.51,0,0.0,19.32,46.34,Poland,Poland,right,181,73,no,10.84,6.28,55.0,5.5,51.43,0.94,1.25,0.79,6.44,8.54,2.83,1,0.16,0,0.0,0.47,0.0,0,0.0,0.08,0,0.0,6,0.94,16.67,0.0,0.0,0.16,0.0,0.0,0.0,0.16,0.0,0.0,0.63,50.0,4.24,33.33,0.94,0.16,0.0,15.86,0.94,1.41,27.49,79.43,9.9,65.08,4.08,88.46,7.85,90.0,23.87,84.21,3.46,50.0,16.77,28.33,0.0,0.0,0.0,0.0,0.16,0.0,0.0,4.55,62.07,0.63,50.0,0.47,66.67,0.47,0.0,4.87,54.84,0,,0,,0,0.0,0.0,0.0,,,0.16,,,0.0,0.0,0.0,0.0,0,0.0
K. Dybowski,,Chrobry Głogów,GK,29,0,,22,2147,0,0.0,0,0.0,1.05,92.0,Poland,Poland,right,186,80,no,1.68,0.04,100.0,0.8,100.0,0.0,0.0,0.0,1.63,2.26,0.0,2,0.08,0,0.0,0.0,0.0,0,0.0,0.0,0,0.0,0,0.0,0.0,0.0,0.0,0.0,0.0,0.0,0.0,0.0,0.0,0.0,0.0,0.0,0.08,50.0,0.0,0.0,0.0,8.64,0.13,0.17,14.97,78.99,8.13,64.95,0.0,0.0,6.46,95.45,6.96,97.59,8.01,62.83,37.3,48.77,0.0,0.0,0.0,0.0,0.0,0.0,0.0,2.35,44.64,0.17,0.0,0.04,0.0,0.0,0.0,5.32,75.59,36,1.51,104,4.36,5,65.38,33.18,1.39,-2.82,-0.118,0.0,1.55,0.8,,,,0.0,0,0.0
R. Adamski,,Resovia Rzeszów,"LB, RB",33,0,,30,2644,1,1.29,3,3.13,22.13,49.54,Poland,Poland,right,184,81,no,10.93,8.82,57.14,3.57,39.05,0.34,0.47,0.24,5.55,7.68,1.26,7,0.24,1,0.03,3.57,0.03,1,0.03,0.04,0,0.0,27,0.92,29.63,3.704,0.1,3.54,26.92,2.11,24.19,1.43,30.95,0.54,3.88,59.65,7.11,48.33,1.63,2.38,1.23,21.14,1.8,1.19,33.66,68.66,15.25,58.71,4.36,94.53,9.57,74.38,24.85,80.0,5.41,42.77,21.31,32.23,0.11,0.68,0.0,0.0,0.17,20.0,0.41,4.43,56.92,2.96,33.33,0.31,11.11,0.65,0.99,8.71,64.84,0,,0,,0,0.0,0.0,0.0,,,0.58,,,0.03,0.0,0.0,0.03,0,0.0
P. Łakota,Wisła Puławy,Resovia Rzeszów,GK,25,0,,6,590,0,0.0,0,0.0,1.07,71.43,Poland,Poland,left,188,79,no,1.22,0.0,0.0,1.07,71.43,0.0,0.0,0.0,1.22,1.79,0.0,0,0.0,0,0.0,0.0,0.0,0,0.0,0.0,0,0.0,0,0.0,0.0,0.0,0.0,0.0,0.0,0.0,0.0,0.0,0.0,0.0,0.0,0.0,0.0,0.0,0.0,0.0,0.0,10.22,0.0,0.0,16.32,79.44,7.93,57.69,0.0,0.0,7.32,100.0,10.22,95.52,6.1,52.5,32.26,53.07,0.0,0.0,0.0,0.0,0.0,0.0,0.0,1.68,36.36,0.0,0.0,0.0,0.0,0.0,0.0,5.03,60.61,6,0.92,29,4.42,3,79.31,11.68,1.78,5.68,0.866,0.0,2.9,1.07,,,,0.0,0,0.0
M. Sliwinski,Zagłębie Sosnowiec,Zagłębie Sosnowiec,"RAMF, LAMF",20,0,,1,24,0,0.0,0,0.0,,,Poland,Poland,,0,0,no,,,,,,,0.0,,,0.0,,0,,0,,,,0,,,0,,0,,,0.0,,,,,,,,,,,,,,,,,,,,,,,,,,,,,,,41.23,0.0,,,,,,,,,,,,,,,,,,0,,0,,0,0.0,0.0,,,,,,,,,,,0,0.0
A. Kulawiak,Sokół Kleczew,Zagłębie Sosnowiec,"AMF, LWF, RCMF",21,0,,6,92,0,0.0,1,0.1,20.54,38.1,Poland,Poland,right,185,77,no,5.87,4.89,60.0,5.87,16.67,0.0,0.0,0.0,2.93,6.92,0.98,0,0.0,0,0.0,2.93,0.0,0,0.0,0.0,0,0.0,0,0.0,0.0,0.0,0.98,0.98,100.0,0.98,100.0,0.0,0.0,0.98,2.93,66.67,5.87,33.33,0.98,0.0,0.0,11.74,0.98,0.98,12.72,53.85,2.93,33.33,0.98,100.0,6.85,71.43,10.76,45.45,0.98,100.0,15.77,8.18,0.1,0.98,0.0,0.0,0.0,0.0,0.98,3.91,25.0,0.98,100.0,0.0,0.0,0.0,0.98,2.93,66.67,0,,0,,0,0.0,0.0,0.0,,,0.0,,,0.0,0.0,0.0,0.0,0,0.0
D. Hanc,Resovia Rzeszów,Chrobry Głogów,"LB, LAMF, LW",23,0,2026-06-30,20,786,0,0.14,0,0.91,15.0,42.75,Poland,Poland,left,175,72,no,5.84,5.73,46.0,1.6,14.29,0.0,0.0,0.23,3.21,4.67,1.26,1,0.11,1,0.11,3.21,0.0,0,0.0,0.02,0,0.0,3,0.34,0.0,0.0,0.0,4.81,23.81,4.58,22.5,0.23,50.0,0.57,3.21,64.29,6.3,49.09,1.15,1.26,0.34,20.15,1.72,1.03,31.26,71.79,11.45,67.0,4.24,86.49,10.99,72.92,24.16,82.94,2.4,57.14,19.22,18.22,0.1,0.69,0.11,0.0,0.0,0.0,0.11,2.86,64.0,3.44,36.67,0.0,0.0,0.23,0.8,5.95,63.46,0,,0,,0,0.0,0.0,0.0,,,0.23,,,0.23,0.0,0.0,0.8,0,0.0
M. Ziółkowski,,Zagłębie Sosnowiec,"RB, RW",22,0,,11,559,0,0.17,0,0.31,20.13,52.0,Poland,Poland,right,177,73,no,9.82,8.69,55.56,2.09,46.15,0.64,0.99,0.16,4.35,6.69,1.61,2,0.32,0,0.0,2.25,0.0,0,0.0,0.03,0,0.0,2,0.32,50.0,0.0,0.0,1.93,41.67,0.0,0.0,1.93,41.67,0.48,2.09,53.85,5.8,58.33,0.48,0.81,0.0,16.1,1.13,2.74,24.31,74.83,8.37,59.62,5.96,94.59,6.12,78.95,20.13,82.4,2.25,35.71,20.24,24.63,0.05,0.97,0.0,0.0,0.16,100.0,0.48,2.58,56.25,3.22,45.0,0.32,0.0,0.32,0.81,4.83,80.0,0,,0,,0,0.0,0.0,0.0,,,0.81,,,0.0,0.0,0.0,0.0,0,0.0
M. Niemiec,,Zagłębie Sosnowiec,"LAMF, LW, LDMF",23,0,,4,252,0,0.08,1,0.26,15.36,39.53,Poland,Poland,right,173,65,no,6.79,6.43,55.56,2.14,16.67,0.0,0.0,0.0,3.21,4.91,1.07,0,0.0,0,0.0,1.43,0.0,0,0.0,0.03,0,0.0,2,0.71,50.0,0.0,0.36,2.14,33.33,2.14,33.33,0.0,0.0,0.36,1.43,25.0,4.29,33.33,1.43,1.07,0.0,15.0,1.79,0.36,18.93,64.15,5.71,37.5,7.14,85.0,4.64,76.92,13.93,71.79,3.21,55.56,21.94,39.34,0.09,0.71,0.36,0.0,0.0,0.0,1.07,2.86,50.0,1.79,40.0,0.0,0.0,0.0,0.71,5.0,57.14,0,,0,,0,0.0,0.0,0.0,,,0.36,,,0.0,0.0,0.0,0.0,0,0.0
W. Zieliński,Wikielec,Arka Gdynia,"RWB, RCMF, LCMF",21,0,2027-06-30,4,38,0,0.0,0,0.0,,,Poland,Poland,,180,74,yes,,,,,,,20.0,,,20.0,,1,,1,,,,0,,,0,,0,,,0.0,,,,,,,,,,,,,,,,,,,,,,,,,,,,,,,13.36,9.88,,,,,,,,,,,,,,,,,,0,,0,,0,0.0,0.0,,,,,,,,,,,0,0.0
E. Pieczarka,Broń Radom,Chrobry Głogów,"AMF, RAMF, RDMF",21,0,2026-06-30,7,75,0,0.01,0,0.0,21.6,38.89,Poland,Poland,right,178,71,no,14.4,9.6,50.0,6.0,20.0,2.4,4.0,0.0,7.2,12.0,1.2,1,1.2,0,0.0,2.4,0.0,0,0.0,0.01,0,0.0,2,2.4,0.0,0.0,0.0,2.4,100.0,1.2,100.0,1.2,100.0,0.0,1.2,0.0,3.6,66.67,0.0,3.6,0.0,30.0,0.0,1.2,45.6,71.05,16.8,64.29,12.0,90.0,10.8,77.78,38.4,71.88,4.8,50.0,19.04,10.06,0.0,0.0,0.0,0.0,1.2,0.0,0.0,8.4,71.43,3.6,100.0,1.2,100.0,1.2,2.4,10.8,66.67,0,,0,,0,0.0,0.0,0.0,,,2.4,,,0.0,0.0,0.0,1.2,0,0.0
A. Troć,Francs Borains,Zagłębie Sosnowiec,"LW, AMF, LAMF",23,0,,11,744,1,1.06,1,0.48,19.84,35.98,Poland,Poland,right,184,65,no,5.56,5.32,47.73,2.42,35.0,0.24,0.38,0.36,2.78,4.37,1.33,0,0.0,0,0.0,2.54,0.12,1,0.12,0.13,0,0.0,11,1.33,27.27,9.091,0.12,0.48,50.0,0.36,33.33,0.12,100.0,0.12,4.35,41.67,9.44,32.05,1.21,1.33,0.85,11.13,1.21,1.69,15.0,72.58,4.35,52.78,3.87,90.63,3.63,83.33,13.19,77.98,1.33,27.27,16.81,20.59,0.06,0.48,0.0,0.0,0.12,100.0,0.24,1.81,46.67,1.45,50.0,0.48,50.0,0.36,0.24,2.9,58.33,0,,0,,0,0.0,0.0,0.0,,,0.36,,,0.73,0.0,0.0,1.57,0,0.0
M. Łabojko,Polonia Bytom,Odra Opole,"RDMF, RCMF, DMF",25,0,2028-06-30,16,817,0,0.39,0,0.37,17.63,44.38,Poland,Poland,,176,0,no,8.37,5.73,63.46,2.53,47.83,0.33,0.47,0.55,4.41,6.28,0.44,0,0.0,0,0.0,1.43,0.0,0,0.0,0.04,0,0.0,6,0.66,16.67,0.0,0.0,1.32,41.67,0.44,75.0,0.77,14.29,0.22,2.2,35.0,5.62,29.41,0.88,1.1,0.11,28.42,0.77,0.11,42.3,82.81,12.56,66.67,6.06,94.55,17.41,88.61,37.45,87.94,3.75,41.18,18.21,33.96,0.04,0.55,0.11,0.0,0.22,0.0,0.22,6.39,74.14,2.42,31.82,0.66,16.67,0.55,0.66,7.16,66.15,0,,0,,0,0.0,0.0,0.0,,,0.33,,,0.0,0.0,0.0,0.0,0,0.0
Ł. Kędziora,Hutnik Kraków,Odra Opole,"RCB, LCB",28,0,,14,953,0,0.61,0,0.08,15.39,57.67,Poland,Poland,right,189,82,no,10.2,5.67,71.67,5.86,58.06,0.09,0.12,0.57,6.04,7.87,0.94,2,0.19,1,0.09,0.57,0.0,0,0.0,0.06,0,0.0,5,0.47,60.0,0.0,0.0,0.09,100.0,0.0,0.0,0.09,100.0,0.0,0.38,50.0,1.7,27.78,0.94,0.47,0.19,23.33,0.57,0.09,36.64,82.73,15.02,69.18,2.17,100.0,16.72,94.35,30.98,89.02,5.57,47.46,21.18,34.41,0.01,0.09,0.0,0.0,0.19,0.0,0.09,5.38,64.91,0.38,50.0,0.19,50.0,0.09,0.09,7.65,60.49,0,,0,,0,0.0,0.0,0.0,,,1.13,,,0.0,0.0,0.0,0.0,0,0.0
B. Sapielak,Värnamo,Odra Opole,GK,22,0,,3,296,0,0.0,0,0.0,0.61,100.0,Poland,Poland,right,195,83,no,1.22,0.0,0.0,0.61,100.0,0.0,0.0,0.0,1.22,1.52,0.0,0,0.0,0,0.0,0.0,0.0,0,0.0,0.0,0,0.0,0,0.0,0.0,0.0,0.0,0.0,0.0,0.0,0.0,0.0,0.0,0.0,0.0,0.0,0.0,0.0,0.0,0.0,0.0,8.21,0.61,0.0,11.55,71.05,7.3,58.33,0.0,0.0,3.95,92.31,5.78,94.74,5.78,47.37,34.69,46.47,0.0,0.0,0.0,0.0,0.0,0.0,0.0,0.91,33.33,0.0,0.0,0.0,0.0,0.0,0.0,3.95,61.54,8,2.43,18,5.47,0,55.56,4.67,1.42,-3.33,-1.013,0.0,1.82,0.61,,,,0.0,0,0.0
P. Kusztal,Warta Poznań,Chrobry Głogów,"LAMF, LW",23,0,2027-06-30,16,886,1,2.74,1,0.54,21.74,42.99,Poland,Poland,right,176,71,yes,6.91,5.99,54.24,2.64,26.92,0.1,0.14,0.0,3.56,5.0,2.03,1,0.1,0,0.0,4.16,0.1,1,0.1,0.28,0,0.0,29,2.95,24.14,3.448,0.1,2.13,23.81,1.63,25.0,0.41,0.0,0.3,4.37,65.12,9.14,47.78,3.25,1.73,0.71,18.59,1.73,1.32,26.41,75.0,7.01,66.67,5.69,82.14,6.4,73.02,23.36,81.74,1.02,20.0,15.73,11.74,0.06,0.3,0.0,0.0,0.2,50.0,0.2,1.93,63.16,1.83,61.11,0.3,33.33,0.61,0.71,3.25,53.13,0,,0,,0,0.0,0.0,0.0,,,0.0,,,0.1,0.0,0.0,0.0,0,0.0
M. Tkocz,Chojniczanka Chojnice,Odra Opole,"LCB, LB",24,0,2027-06-30,19,1525,1,1.07,1,0.49,14.64,56.45,Poland,Poland,left,187,79,no,9.62,6.26,61.32,3.48,44.07,0.24,0.32,1.0,5.55,7.48,1.3,5,0.3,0,0.0,0.89,0.06,1,0.06,0.06,0,0.0,10,0.59,40.0,10.0,0.06,0.83,28.57,0.83,28.57,0.0,0.0,0.18,0.41,85.71,2.01,50.0,0.65,1.0,0.24,25.26,0.35,0.94,37.3,81.65,16.94,70.38,2.18,97.3,15.52,92.02,30.75,88.87,5.72,50.52,20.37,35.84,0.03,0.18,0.0,0.0,0.18,33.33,0.06,5.31,62.22,1.18,25.0,0.35,50.0,0.18,0.3,6.9,64.96,0,,0,,0,0.0,0.0,0.0,,,0.35,,,0.0,0.0,0.0,0.0,0,0.0
J. Tomal,Jastrzębie,Arka Gdynia,RB,23,0,2027-06-30,22,1145,0,0.55,0,0.26,17.69,56.44,Poland,Poland,right,180,74,no,9.28,8.02,64.71,2.67,52.94,0.31,0.48,0.24,3.77,5.76,1.02,2,0.16,0,0.0,1.81,0.0,0,0.0,0.04,0,0.0,7,0.55,28.57,0.0,0.0,0.86,27.27,0.08,0.0,0.79,30.0,0.08,2.28,58.62,5.11,50.77,1.34,0.63,0.0,20.04,0.94,1.41,30.73,76.73,12.42,61.39,6.05,92.21,7.55,86.46,26.17,83.48,3.69,40.43,16.07,22.27,0.02,0.31,0.08,0.0,0.24,33.33,0.08,3.38,58.14,1.73,40.91,0.24,0.0,0.79,0.24,5.82,60.81,0,,0,,0,0.0,0.0,0.0,,,0.79,,,0.0,0.0,0.0,0.0,0,0.0
M. Bednarski,Podbeskidzie Bielsko-Biała,Arka Gdynia,"LDMF, RAMF, RCMF",26,0,2026-06-30,8,219,0,0.34,0,0.36,26.71,53.85,Poland,Poland,right,186,72,no,11.1,12.33,63.33,4.93,41.67,0.0,0.0,0.41,3.29,6.32,3.29,2,0.82,0,0.0,3.29,0.0,0,0.0,0.14,0,0.0,3,1.23,33.33,0.0,0.0,0.41,0.0,0.0,0.0,0.41,0.0,0.0,3.7,77.78,7.4,50.0,2.05,0.82,0.0,19.32,0.82,1.23,33.7,85.37,11.92,82.76,8.22,90.0,6.99,88.24,32.47,87.34,0.82,50.0,13.77,8.57,0.15,1.23,0.0,0.0,0.0,0.0,0.0,4.52,90.91,0.0,0.0,0.0,0.0,0.41,0.0,4.11,80.0,0,,0,,0,0.0,0.0,0.0,,,0.41,,,0.0,0.0,0.0,0.0,0,0.0
D. Kalinowski,,Odra Opole,GK,28,0,,11,1075,0,0.0,0,0.0,0.42,60.0,Poland,Poland,right,190,78,no,2.01,0.08,0.0,0.33,75.0,0.0,0.0,0.0,2.01,2.82,0.0,1,0.08,0,0.0,0.0,0.0,0,0.0,0.0,0,0.0,0,0.0,0.0,0.0,0.0,0.0,0.0,0.0,0.0,0.0,0.0,0.0,0.0,0.0,0.0,0.0,0.0,0.0,0.0,8.29,0.0,0.0,14.4,83.72,7.7,72.83,0.0,0.0,6.11,95.89,7.95,97.89,6.45,66.23,34.08,48.19,0.0,0.0,0.0,0.0,0.0,0.0,0.0,1.93,56.52,0.25,0.0,0.08,0.0,0.0,0.0,5.27,79.37,18,1.51,58,4.86,1,68.97,16.66,1.39,-1.34,-0.112,0.0,1.17,0.33,,,,0.0,0,0.0
T. Klupś,Unia Swarzędz,Zagłębie Sosnowiec,"RW, LW, LAMF",26,0,2027-06-30,18,481,1,0.83,0,0.03,22.45,54.17,Poland,Poland,right,179,77,no,8.23,8.61,56.52,2.25,50.0,0.19,0.34,0.0,3.18,5.8,1.87,1,0.19,0,0.0,4.86,0.19,1,0.19,0.16,0,0.0,13,2.43,30.77,7.692,0.0,0.94,80.0,0.0,0.0,0.94,80.0,0.19,5.8,58.06,9.73,53.85,2.81,1.87,0.94,14.59,0.75,2.62,24.14,83.72,5.61,70.0,4.3,95.65,8.61,86.96,22.45,84.17,0.94,80.0,14.84,9.7,0.01,0.37,0.0,0.0,0.0,0.0,0.19,2.62,85.71,1.12,33.33,0.19,0.0,0.19,0.56,4.68,68.0,0,,0,,0,0.0,0.0,0.0,,,0.0,,,0.0,0.0,0.0,0.19,0,0.0
T. Mikinič,,Odra Opole,"RAMF, RB, AMF",33,0,,28,1475,3,4.02,2,2.58,15.86,39.62,Slovakia,Slovakia,right,173,72,no,5.19,3.72,55.74,4.15,23.53,0.31,0.4,0.06,2.81,3.67,1.16,2,0.12,0,0.0,3.29,0.18,1,0.06,0.25,0,0.0,26,1.59,50.0,11.538,0.12,1.95,46.88,0.24,75.0,1.71,42.86,0.06,2.32,52.63,5.61,41.3,2.14,0.61,0.24,19.46,2.01,1.04,27.09,77.93,8.42,69.57,5.19,88.24,7.38,80.17,23.25,83.73,1.95,40.63,15.44,16.73,0.16,1.4,0.0,0.06,0.43,85.71,0.61,2.2,66.67,2.87,65.96,0.31,20.0,1.1,0.98,5.19,70.59,0,,0,,0,0.0,0.0,0.0,,,0.24,,,1.34,0.06,100.0,2.93,3,66.667
M. Kuzimski,,Arka Gdynia,"AMF, CF, LW",34,0,,10,357,1,1.18,0,0.36,16.64,37.88,Poland,Poland,right,179,70,no,3.03,2.52,50.0,4.54,50.0,0.25,0.39,0.5,1.51,2.37,0.76,0,0.0,0,0.0,1.76,0.25,0,0.0,0.3,0,0.0,7,1.76,42.86,14.286,0.0,1.01,25.0,0.76,0.0,0.25,100.0,0.25,1.51,50.0,6.55,30.77,2.52,0.76,0.5,10.59,1.26,1.76,14.37,77.19,3.03,66.67,2.52,100.0,5.55,77.27,13.11,80.77,0.5,50.0,16.11,9.07,0.09,1.01,0.25,0.0,0.0,0.0,0.25,1.01,100.0,1.76,71.43,0.0,0.0,1.26,0.25,2.27,88.89,0,,0,,0,0.0,0.0,0.0,,,0.0,,,0.25,0.25,0.0,0.0,1,100.0
M. Bednarski,,Odra Opole,CF,30,0,,12,703,1,1.2,0,0.0,22.28,35.06,Poland,Poland,right,186,76,no,2.56,2.05,56.25,8.96,38.57,0.51,0.63,0.0,0.9,1.11,1.28,1,0.13,0,0.0,1.15,0.13,1,0.13,0.15,1,0.13,7,0.9,42.86,14.286,0.0,0.26,50.0,0.0,0.0,0.26,50.0,0.0,1.54,41.67,7.81,29.51,1.79,0.38,0.13,6.27,1.66,1.54,10.75,80.95,1.54,58.33,4.22,93.94,1.66,84.62,10.37,82.72,0.13,0.0,11.87,2.19,0.0,0.0,0.13,0.0,0.0,0.0,0.0,0.77,66.67,0.51,50.0,0.0,0.0,0.0,0.13,0.9,71.43,0,,0,,0,0.0,0.0,0.0,,,0.0,,,0.0,0.0,0.0,0.0,0,0.0
K. Wrzesiński,,Zagłębie Sosnowiec,"RW, LWB, RAMF",32,0,,13,1021,1,0.44,0,0.35,15.51,34.66,Poland,Poland,right,177,65,no,5.82,4.94,48.21,2.56,31.03,0.26,0.38,0.18,3.17,4.54,1.5,2,0.18,0,0.0,1.32,0.09,1,0.09,0.04,0,0.0,6,0.53,50.0,16.667,0.0,1.5,29.41,0.44,20.0,1.06,33.33,0.09,2.03,30.43,5.55,28.57,1.76,1.32,0.71,13.05,0.71,0.79,20.71,68.94,7.4,58.33,4.32,89.8,4.14,55.32,16.66,77.25,2.56,37.93,19.05,23.85,0.03,0.71,0.0,0.0,0.09,0.0,0.18,2.47,42.86,1.59,33.33,0.26,0.0,0.35,0.44,3.44,53.85,0,,0,,0,0.0,0.0,0.0,,,0.35,,,0.0,0.0,0.0,0.0,0,0.0
M. Żebrowski,,Arka Gdynia,"AMF, LAMF, RWB",30,0,,23,653,0,0.97,2,0.72,22.19,42.24,Poland,Poland,right,187,73,no,5.24,5.65,51.22,4.55,33.33,0.0,0.0,0.0,2.34,3.83,2.07,1,0.14,0,0.0,3.31,0.0,0,0.0,0.13,0,0.0,16,2.21,18.75,0.0,0.28,2.21,18.75,1.1,0.0,1.1,37.5,0.69,3.31,70.83,8.82,42.19,2.62,1.38,0.0,16.13,2.34,1.38,22.19,73.29,5.79,64.29,6.2,91.11,6.06,65.91,18.88,82.48,1.1,25.0,15.65,8.85,0.1,0.41,0.0,0.14,0.41,33.33,0.41,2.34,58.82,2.89,33.33,0.83,33.33,0.96,0.55,4.27,80.65,0,,0,,0,0.0,0.0,0.0,,,0.0,,,0.0,0.0,0.0,0.0,0,0.0
M. Urbańczyk,Hutnik Kraków,Odra Opole,"LDMF, RCMF, LCMF",31,0,2026-06-30,25,1269,1,1.98,2,0.44,13.48,50.0,Poland,Poland,right,172,67,no,8.65,5.74,49.38,1.63,30.43,0.64,0.85,0.5,5.18,6.91,1.7,2,0.14,0,0.0,1.06,0.07,1,0.07,0.14,0,0.0,10,0.71,30.0,10.0,0.14,0.5,28.57,0.07,0.0,0.35,20.0,0.07,0.85,66.67,3.76,64.15,0.57,0.35,0.0,26.6,0.21,1.91,39.86,85.05,15.39,72.81,4.33,98.36,15.53,91.78,36.03,89.17,3.33,48.94,17.33,22.87,0.03,0.35,0.0,0.07,0.28,50.0,0.07,6.31,71.91,1.28,38.89,0.85,66.67,0.57,0.14,5.67,76.25,0,,0,,0,0.0,0.0,0.0,,,0.35,,,0.43,0.07,100.0,1.28,1,0.0
M. Klec,Nitra,Odra Opole,"AMF, CF",30,0,,13,373,2,1.01,1,0.42,13.99,44.83,Slovakia,Slovakia,right,185,77,no,2.65,3.38,57.14,2.65,36.36,0.24,0.38,0.24,0.48,0.75,0.72,0,0.0,0,0.0,0.97,0.48,2,0.48,0.24,0,0.0,8,1.93,25.0,25.0,0.24,1.45,33.33,0.0,0.0,1.45,33.33,0.0,0.72,0.0,3.86,25.0,2.65,0.72,0.72,21.96,0.72,0.72,27.75,80.87,6.27,61.54,7.24,93.33,9.41,84.62,24.61,83.33,1.69,85.71,15.73,9.02,0.1,1.21,0.0,0.0,0.0,0.0,0.24,2.41,90.0,2.9,58.33,0.48,100.0,1.45,0.24,3.86,75.0,0,,0,,0,0.0,0.0,0.0,,,0.0,,,0.48,0.0,0.0,0.72,0,0.0
M. Ziemann,,Zagłębie Sosnowiec,LB,30,0,,23,1844,0,0.57,1,2.65,18.35,50.27,Germany,"Germany, Poland",right,177,72,no,9.47,7.42,61.18,2.1,41.86,0.15,0.22,0.2,4.78,7.03,0.73,3,0.15,0,0.0,3.12,0.0,0,0.0,0.03,0,0.0,16,0.78,6.25,0.0,0.05,2.78,35.09,2.64,37.04,0.15,0.0,0.44,4.0,48.78,6.88,43.97,1.07,1.37,0.68,22.6,1.46,0.93,35.53,73.21,16.69,62.87,5.76,92.37,8.35,77.78,28.26,82.73,4.49,36.96,20.33,34.92,0.13,0.88,0.0,0.0,0.39,37.5,0.44,5.61,54.78,3.37,43.48,0.54,18.18,0.44,0.98,10.3,72.51,0,,0,,0,0.0,0.0,0.0,,,0.98,,,0.0,0.0,0.0,0.0,0,0.0
W. Szumilas,Podbeskidzie Bielsko-Biała,Zagłębie Sosnowiec,"AMF, LCMF",29,0,2026-06-30,27,1626,1,1.54,4,2.2,20.09,43.53,Poland,Poland,left,176,68,no,8.25,6.97,55.56,2.49,40.0,0.17,0.23,0.28,4.21,5.95,1.83,2,0.11,0,0.0,1.99,0.06,1,0.06,0.09,0,0.0,46,2.55,23.91,2.174,0.22,1.05,21.05,0.55,30.0,0.5,11.11,0.22,2.32,45.24,7.53,34.56,0.83,1.0,0.11,19.93,0.66,1.27,31.11,79.72,9.24,64.07,5.81,93.33,11.62,83.33,26.24,85.86,3.87,54.29,18.68,29.31,0.12,1.38,0.11,0.0,0.28,40.0,0.17,5.2,68.09,1.99,36.11,0.66,8.33,0.66,0.22,4.1,71.62,0,,0,,0,0.0,0.0,0.0,,,0.33,,,2.32,0.72,38.46,2.88,0,0.0
M. Mokrzycki,Śląsk Wrocław,Łódzki KS,"DMF, RDMF, LCMF",28,0,2029-06-30,16,1484,1,0.73,3,2.24,21.23,55.14,Poland,Poland,right,182,75,no,10.43,7.7,58.27,2.67,54.55,0.3,0.5,0.36,5.64,9.3,1.33,3,0.18,0,0.0,3.15,0.06,1,0.06,0.04,0,0.0,17,1.03,35.29,5.882,0.18,1.15,47.37,0.36,50.0,0.79,46.15,0.18,3.27,51.85,7.1,56.41,0.97,2.85,0.85,28.69,0.49,2.3,46.82,82.64,19.16,75.63,5.46,95.56,14.98,92.31,42.15,86.04,3.52,53.45,18.3,31.15,0.14,1.33,0.06,0.06,0.85,64.29,0.49,7.34,71.07,2.24,59.46,0.91,46.67,1.09,0.49,8.25,75.0,0,,0,,0,0.0,0.0,0.0,,,0.55,,,1.46,0.24,25.0,1.76,0,0.0
O. Paprzycki,,Odra Opole,"LDMF, LCMF, RCMF",27,0,,14,1044,0,0.17,0,0.36,18.97,57.27,Poland,Poland,,186,0,no,9.48,7.67,59.55,5.17,58.33,0.17,0.22,0.26,4.74,6.11,1.47,4,0.34,0,0.0,0.95,0.0,0,0.0,0.01,0,0.0,4,0.34,0.0,0.0,0.0,0.52,50.0,0.26,66.67,0.26,33.33,0.17,0.86,80.0,3.1,52.78,0.34,0.43,0.0,19.57,0.17,0.95,32.07,78.76,10.52,59.02,4.74,92.73,12.59,91.1,28.19,83.18,3.36,46.15,18.41,34.45,0.03,0.43,0.0,0.09,0.09,0.0,0.0,3.97,45.65,1.21,50.0,0.43,20.0,0.26,0.34,4.48,48.08,0,,0,,0,0.0,0.0,0.0,,,0.17,,,0.0,0.0,0.0,0.0,0,0.0
k. Kostrzycki,,Odra Opole,RCB,29,0,,2,128,0,0.0,0,0.01,16.88,58.33,Poland,Poland,right,196,87,no,11.95,11.95,76.47,0.7,0.0,0.7,0.77,0.0,2.11,2.31,1.41,0,0.0,0,0.0,1.41,0.0,0,0.0,0.0,0,0.0,0,0.0,0.0,0.0,0.0,1.41,50.0,0.0,0.0,1.41,50.0,0.0,1.41,50.0,2.81,25.0,0.7,2.11,0.0,24.61,0.0,0.0,36.56,76.92,20.39,65.52,0.7,100.0,13.36,94.74,30.23,83.72,4.92,42.86,24.43,46.43,0.01,0.7,0.0,0.0,0.0,0.0,0.0,4.22,16.67,1.41,100.0,0.0,0.0,0.7,0.7,9.84,64.29,0,,0,,0,0.0,0.0,0.0,,,0.0,,,0.0,0.0,0.0,0.0,0,0.0
A. Bród,Katowice,Katowice,"AMF, RW",21,0,,16,654,0,0.57,0,0.36,14.31,39.42,Poland,Poland,right,0,0,no,4.82,5.23,55.26,0.28,0.0,0.55,0.71,0.0,1.38,1.76,0.41,1,0.14,0,0.0,2.34,0.0,0,0.0,0.08,0,0.0,10,1.38,50.0,0.0,0.0,1.1,25.0,0.55,25.0,0.55,25.0,0.14,2.34,52.94,7.02,37.25,1.51,0.96,0.41,12.11,0.55,0.96,17.89,69.23,5.5,42.5,4.68,94.12,4.4,71.88,16.1,75.21,0.69,0.0,20.31,12.66,0.05,0.28,0.0,0.0,0.14,100.0,0.14,2.89,42.86,1.1,25.0,0.14,100.0,0.28,0.41,2.2,62.5,0,,0,,0,0.0,0.0,0.0,,,0.0,,,0.14,0.0,0.0,0.0,0,0.0
D. Brzozowski,,Katowice,"RB, RWB",22,0,,7,333,0,0.12,0,0.09,19.19,47.89,Poland,Poland,right,180,72,no,11.62,8.92,69.7,1.08,25.0,1.08,1.76,0.0,4.32,7.06,1.62,2,0.54,0,0.0,2.43,0.0,0,0.0,0.03,0,0.0,5,1.35,20.0,0.0,0.0,2.16,25.0,0.0,0.0,2.16,25.0,0.81,4.05,40.0,6.76,32.0,1.08,1.89,0.81,23.78,1.08,1.35,28.11,78.85,7.03,65.38,6.22,100.0,10.54,71.79,24.32,86.67,1.62,33.33,18.96,14.44,0.02,0.27,0.0,0.0,0.0,0.0,0.0,3.78,35.71,3.24,33.33,0.27,100.0,0.54,0.54,4.05,73.33,0,,0,,0,0.0,0.0,0.0,,,0.0,,,0.0,0.0,0.0,0.27,0,0.0
P. Pierzak,Pelikan Łowicz,Górnik Łęczna,"RW, RDMF, RCMF",23,0,2026-06-30,28,917,1,0.79,2,0.48,14.92,40.79,Poland,Poland,right,179,68,no,7.36,5.5,39.29,3.04,45.16,0.49,0.73,0.2,4.71,6.99,2.06,6,0.59,0,0.0,1.57,0.1,1,0.1,0.08,0,0.0,6,0.59,50.0,16.667,0.2,1.18,8.33,0.0,0.0,1.18,8.33,0.1,1.57,68.75,3.93,40.0,1.18,0.59,0.49,15.9,0.79,0.88,24.93,76.38,6.97,69.01,4.91,92.0,8.83,74.44,21.79,80.63,2.06,66.67,19.22,15.72,0.05,0.59,0.1,0.1,0.29,33.33,0.2,3.14,75.0,1.47,26.67,0.29,66.67,0.39,0.39,4.32,47.73,0,,0,,0,0.0,0.0,0.0,,,0.59,,,0.29,0.0,0.0,0.2,0,0.0
M. Bartoń,,Wisła Kraków,AMF,22,0,,1,3,0,0.0,0,0.0,,,Poland,Poland,,186,0,no,,,,,,,0.0,,,0.0,,0,,0,,,,0,,,0,,0,,,0.0,,,,,,,,,,,,,,,,,,,,,,,,,,,,,,,0.0,0.0,,,,,,,,,,,,,,,,,,0,,0,,0,0.0,0.0,,,,,,,,,,,0,0.0
K. Duda,Wisła Kraków,Wisła Kraków,"RDMF, AMF, LCMF",22,0,2027-06-30,34,2080,0,1.67,1,1.07,22.15,51.76,Poland,Poland,right,170,65,no,10.17,8.22,63.16,1.6,29.73,1.3,2.31,0.3,3.68,6.54,1.3,8,0.35,0,0.0,2.16,0.0,0,0.0,0.07,0,0.0,25,1.08,20.0,0.0,0.04,0.65,53.33,0.17,75.0,0.48,45.45,0.09,2.34,61.11,9.13,49.76,1.77,1.69,0.3,22.2,0.56,2.42,36.26,82.58,11.12,71.6,6.66,94.16,10.9,90.48,33.27,85.44,2.38,49.09,16.03,19.0,0.05,0.78,0.13,0.0,0.48,36.36,0.3,4.54,72.38,1.82,66.67,0.3,28.57,1.04,0.35,5.37,75.81,0,,0,,0,0.0,0.0,0.0,,,0.17,,,0.26,0.0,0.0,0.95,0,0.0
J. Kwiatkowski,Wigry Suwałki,Górnik Łęczna,"RB, RWB, LB",23,0,2026-06-30,9,178,0,0.09,0,0.34,15.67,29.03,Poland,Poland,right,177,68,no,7.08,7.58,40.0,3.03,16.67,0.0,0.0,0.0,4.04,6.15,0.51,0,0.0,0,0.0,3.54,0.0,0,0.0,0.04,0,0.0,1,0.51,100.0,0.0,0.0,4.04,62.5,0.51,0.0,3.54,71.43,0.0,2.53,20.0,4.55,22.22,2.02,0.51,0.51,13.15,1.01,1.01,21.74,72.09,7.58,66.67,2.53,100.0,10.11,70.0,13.65,74.07,4.04,75.0,15.26,11.23,0.17,1.52,0.0,0.0,0.51,0.0,1.52,2.02,75.0,3.54,57.14,1.01,50.0,1.01,2.02,4.55,66.67,0,,0,,0,0.0,0.0,0.0,,,1.01,,,0.0,0.0,0.0,0.0,0,0.0
P. Szwedzik,Ruch Chorzów,Katowice,"AMF, CF, RWF",24,0,2027-06-30,16,788,3,2.56,2,0.91,15.99,36.43,Poland,Poland,right,185,73,no,3.31,4.34,42.11,1.6,42.86,0.11,0.15,0.0,1.37,1.81,1.94,1,0.11,0,0.0,1.48,0.34,3,0.34,0.29,0,0.0,11,1.26,45.45,27.273,0.23,0.8,14.29,0.11,0.0,0.69,16.67,0.0,2.06,27.78,7.99,30.0,3.31,1.83,1.03,11.65,1.71,0.8,17.93,74.52,4.8,66.67,3.65,81.25,5.71,80.0,16.68,77.4,0.57,60.0,14.47,9.15,0.1,1.37,0.0,0.0,0.57,40.0,0.8,1.37,83.33,1.71,60.0,0.69,33.33,1.14,0.11,2.28,65.0,0,,0,,0,0.0,0.0,0.0,,,0.0,,,0.0,0.0,0.0,0.23,0,0.0
Z. Wojciechowski,,Katowice,"RWB, LWB",26,0,,10,262,0,0.02,0,0.16,18.55,40.74,Poland,Poland,right,176,0,no,5.15,5.84,58.82,3.44,20.0,0.0,0.0,0.0,1.72,2.94,0.69,1,0.34,0,0.0,2.4,0.0,0,0.0,0.01,0,0.0,1,0.34,0.0,0.0,0.0,2.75,37.5,0.34,0.0,2.4,42.86,0.69,2.06,66.67,6.53,31.58,1.03,0.69,0.34,16.15,1.03,1.03,26.79,64.1,8.93,46.15,3.44,100.0,8.59,64.0,21.3,70.97,3.09,33.33,13.52,17.61,0.05,1.37,0.0,0.0,0.0,0.0,0.34,1.72,40.0,3.44,50.0,0.0,0.0,0.69,1.03,4.47,61.54,0,,0,,0,0.0,0.0,0.0,,,0.0,,,0.0,0.0,0.0,0.0,0,0.0
P. Szczuka,Katowice,Katowice,GK,24,0,2027-06-30,4,389,0,0.0,0,0.0,0.23,100.0,Poland,Poland,right,189,76,no,0.93,0.0,0.0,0.23,100.0,0.0,0.0,0.0,0.93,1.54,0.0,0,0.0,0,0.0,0.0,0.0,0,0.0,0.0,0,0.0,0,0.0,0.0,0.0,0.0,0.0,0.0,0.0,0.0,0.0,0.0,0.0,0.0,0.0,0.0,0.0,0.0,0.0,0.0,6.94,0.0,0.0,11.34,85.71,6.48,75.0,0.0,0.0,3.93,100.0,7.17,100.0,4.16,61.11,27.98,45.27,0.0,0.0,0.0,0.0,0.0,0.0,0.0,0.69,66.67,0.0,0.0,0.0,0.0,0.0,0.0,3.01,69.23,7,1.62,13,3.01,0,46.15,5.41,1.25,-1.59,-0.368,0.0,0.69,0.23,,,,0.0,0,0.0
M. Cissé,,Wisła Kraków,"LW, LAMF, RAMF",23,0,,14,605,0,0.55,0,0.88,23.36,47.77,Guinea,"Guinea, France",right,178,64,no,5.21,6.4,55.81,2.08,50.0,0.3,0.55,0.0,1.34,2.48,1.64,1,0.15,0,0.0,5.06,0.0,0,0.0,0.08,0,0.0,8,1.19,25.0,0.0,0.0,2.68,22.22,1.79,25.0,0.89,16.67,0.74,6.4,60.47,12.35,42.17,2.53,1.49,0.89,14.73,1.34,1.93,22.76,73.86,2.98,75.0,5.8,84.62,9.52,76.56,19.79,81.2,0.3,50.0,17.96,3.07,0.13,1.04,0.15,0.0,0.45,66.67,0.74,1.34,33.33,1.93,53.85,0.15,100.0,1.19,0.45,2.53,58.82,0,,0,,0,0.0,0.0,0.0,,,0.0,,,0.0,0.0,0.0,0.0,0,0.0
Ł. Szramowski,Stomil Olsztyn,Górnik Łęczna,"AMF, RCMF, LWF",24,0,,21,748,1,0.32,0,0.33,21.3,40.68,Poland,Poland,right,174,67,no,6.5,6.86,50.88,1.93,31.25,0.6,0.95,0.24,2.41,3.8,1.2,1,0.12,0,0.0,1.68,0.12,1,0.12,0.04,0,0.0,7,0.84,14.29,14.286,0.0,1.08,77.78,0.48,50.0,0.6,100.0,0.24,2.29,31.58,9.63,38.75,0.36,1.8,1.32,20.45,0.12,2.41,30.8,82.81,8.78,65.75,4.45,94.59,12.39,92.23,25.99,85.19,3.73,67.74,20.74,21.84,0.04,0.72,0.0,0.0,0.0,0.0,0.48,5.78,72.92,1.32,81.82,0.36,33.33,0.24,0.84,4.81,75.0,0,,0,,0,0.0,0.0,0.0,,,0.12,,,0.0,0.0,0.0,0.12,0,0.0
V. Basha,,Wisła Kraków,"RCMF, RDMF, LDMF",35,0,,21,1030,1,0.33,0,0.25,15.47,54.24,Switzerland,"Switzerland, Albania",right,176,71,no,9.52,7.34,63.1,2.62,40.0,0.09,0.14,0.09,4.81,7.71,2.01,5,0.44,0,0.0,1.05,0.09,1,0.09,0.03,0,0.0,6,0.52,33.33,16.667,0.0,0.7,62.5,0.17,100.0,0.44,40.0,0.0,0.44,80.0,2.71,51.61,0.35,0.52,0.26,28.83,0.17,0.79,44.13,85.74,14.16,65.43,4.11,95.74,20.45,95.73,37.14,90.82,6.29,58.33,20.63,28.97,0.02,0.44,0.0,0.09,0.17,50.0,0.35,8.3,70.53,1.83,47.62,0.61,28.57,0.35,0.44,7.34,80.95,0,,0,,0,0.0,0.0,0.0,,,0.35,,,0.0,0.0,0.0,0.0,0,0.0
M. Żyro,,Wisła Kraków,"CF, RAMF",33,0,,27,1323,4,3.96,1,0.54,22.04,40.12,Poland,Poland,left,189,86,no,4.08,3.4,56.0,6.05,47.19,0.14,0.24,0.14,2.04,3.56,1.16,3,0.2,0,0.0,3.06,0.27,3,0.2,0.27,0,0.0,32,2.18,46.88,12.5,0.07,1.09,12.5,0.48,0.0,0.61,22.22,0.14,2.65,56.41,9.66,35.21,2.45,0.82,0.34,11.63,1.09,1.16,18.16,72.28,5.58,59.76,3.61,94.34,6.26,72.83,15.37,76.11,1.7,76.0,16.39,20.26,0.04,0.34,0.0,0.0,0.82,50.0,0.14,2.45,63.89,1.77,30.77,0.82,33.33,0.61,0.14,2.18,87.5,0,,0,,0,0.0,0.0,0.0,,,0.0,,,0.2,0.14,0.0,0.2,1,100.0
V. Lykhovydko,Cosmos Nowotaniec,Górnik Łęczna,"RCMF, LCB",34,0,,24,1632,1,1.02,0,0.71,20.79,50.66,Ukraine,Ukraine,left,184,78,no,10.2,8.0,58.62,5.68,39.81,0.33,0.47,0.66,5.18,7.31,1.32,4,0.22,0,0.0,1.32,0.06,1,0.06,0.06,0,0.0,12,0.66,33.33,8.333,0.0,0.66,50.0,0.39,28.57,0.22,75.0,0.06,1.32,50.0,4.36,55.7,0.88,1.38,0.61,21.78,0.39,1.99,35.74,80.56,14.34,68.85,4.08,95.95,13.62,90.69,31.6,84.99,3.47,46.03,20.38,32.32,0.04,0.39,0.0,0.0,0.33,33.33,0.11,4.74,67.44,1.21,45.45,0.55,30.0,0.39,0.28,6.23,56.64,0,,0,,0,0.0,0.0,0.0,,,1.16,,,0.0,0.0,0.0,0.0,0,0.0
R. Figiel,Lechia Zielona Góra,Katowice,"RCMF, LCMF, DMF",35,0,,21,1677,0,1.03,0,3.39,14.38,50.37,Poland,Poland,right,176,78,no,6.28,4.19,64.1,1.07,35.0,0.48,0.67,0.21,3.11,4.29,1.02,7,0.38,0,0.0,1.88,0.0,0,0.0,0.06,0,0.0,18,0.97,22.22,0.0,0.0,1.56,27.59,0.81,33.33,0.75,21.43,0.21,1.29,58.33,6.6,45.53,0.43,0.97,0.27,37.73,0.16,1.93,53.61,84.38,15.72,67.24,7.78,95.86,23.99,91.72,46.58,90.21,5.47,50.98,20.55,34.84,0.18,1.66,0.05,0.05,1.23,39.13,0.16,9.93,74.59,2.9,42.59,1.93,30.56,0.75,0.54,8.8,81.1,0,,0,,0,0.0,0.0,0.0,,,0.64,,,2.15,0.11,100.0,3.54,0,0.0
S. Drewniak,Górnik Polkowice,Chojniczanka Chojnice,"DMF, RDMF",32,0,2027-06-30,27,2165,0,0.49,2,1.67,12.14,54.11,Poland,Poland,right,179,70,no,8.77,5.03,66.94,2.41,46.55,0.54,0.76,0.37,4.86,6.87,0.46,5,0.21,0,0.0,0.58,0.0,0,0.0,0.02,0,0.0,16,0.67,25.0,0.0,0.08,0.42,30.0,0.08,50.0,0.29,28.57,0.04,0.58,42.86,2.79,46.27,0.17,0.67,0.08,25.23,0.21,0.83,41.53,88.39,15.17,79.18,4.99,93.33,15.84,94.49,37.87,91.77,3.28,55.7,18.11,28.05,0.07,1.08,0.08,0.0,0.08,50.0,0.12,6.11,76.19,0.91,54.55,0.37,44.44,0.5,0.12,6.82,80.49,0,,0,,0,0.0,0.0,0.0,,,0.46,,,1.0,0.04,100.0,1.16,0,0.0
M. Stromecki,Łomża,Katowice,LCMF,32,0,,2,71,0,0.23,0,0.0,19.01,73.33,Poland,Poland,right,182,77,no,6.34,6.34,60.0,6.34,100.0,0.0,0.0,0.0,2.54,3.53,2.54,1,1.27,0,0.0,1.27,0.0,0,0.0,0.29,0,0.0,1,1.27,0.0,0.0,0.0,0.0,0.0,0.0,0.0,0.0,0.0,0.0,2.54,50.0,5.07,50.0,2.54,2.54,0.0,20.28,0.0,2.54,30.42,75.0,5.07,75.0,2.54,100.0,19.01,66.67,26.62,85.71,3.8,0.0,26.21,19.37,0.0,0.0,0.0,0.0,0.0,0.0,0.0,3.8,0.0,0.0,0.0,0.0,0.0,0.0,0.0,1.27,0.0,0,,0,,0,0.0,0.0,0.0,,,0.0,,,0.0,0.0,0.0,1.27,0,0.0
D. Dziwniel,Podbeskidzie Bielsko-Biała,Górnik Łęczna,"LB, LCB",33,0,2026-06-30,30,2764,0,0.46,2,1.42,16.12,52.12,Germany,"Germany, Poland",left,178,72,no,7.88,7.29,57.59,2.05,52.38,0.07,0.09,0.39,3.61,4.85,1.34,6,0.2,0,0.0,1.76,0.0,0,0.0,0.01,0,0.0,10,0.33,20.0,0.0,0.07,2.93,31.11,2.93,31.11,0.0,0.0,0.29,1.2,64.86,4.4,40.0,0.13,1.17,0.52,24.03,0.81,1.4,34.52,70.28,17.03,61.38,4.17,93.75,9.83,75.83,23.74,83.4,8.17,45.82,22.51,34.25,0.05,0.39,0.0,0.0,0.07,0.0,0.23,6.51,55.0,2.9,33.71,0.49,26.67,0.23,0.72,8.99,71.74,0,,0,,0,0.0,0.0,0.0,,,0.49,,,0.23,0.0,0.0,0.49,0,0.0
M. Biernat,Podbeskidzie Bielsko-Biała,Górnik Łęczna,"RCB, CB",34,0,2028-06-30,26,2311,3,3.61,2,0.06,17.25,57.34,Poland,Poland,right,190,78,no,6.78,4.05,71.15,8.18,50.48,0.16,0.22,0.47,3.74,5.28,1.6,13,0.51,0,0.0,0.86,0.12,3,0.12,0.14,1,0.04,30,1.17,30.0,10.0,0.08,0.0,0.0,0.0,0.0,0.0,0.0,0.0,0.58,80.0,1.99,58.82,1.44,0.82,0.43,18.34,0.19,1.05,29.56,88.27,10.63,77.66,2.26,94.83,13.51,95.97,26.33,92.6,3.23,53.01,20.16,31.21,0.0,0.08,0.0,0.04,0.08,50.0,0.04,2.92,69.33,0.23,16.67,0.04,100.0,0.08,0.0,4.32,63.06,0,,0,,0,0.0,0.0,0.0,,,1.67,,,0.0,0.0,0.0,0.0,0,0.0
G. Janiszewski,Zagłębie Sosnowiec,Katowice,"LCB, RCB",30,0,2026-06-30,22,1874,0,1.64,0,0.21,16.62,56.07,Poland,Poland,right,192,86,no,10.33,5.52,67.83,6.53,50.0,0.14,0.2,0.58,6.44,9.12,1.06,6,0.29,0,0.0,0.86,0.0,0,0.0,0.08,0,0.0,11,0.53,45.45,0.0,0.0,0.14,33.33,0.1,50.0,0.05,0.0,0.0,0.67,64.29,1.97,51.22,1.06,1.63,0.24,27.04,0.1,0.77,41.11,84.35,19.11,74.62,3.65,93.42,12.82,93.26,38.32,87.22,2.64,45.45,18.23,30.38,0.01,0.19,0.1,0.05,0.34,42.86,0.0,5.43,74.34,0.48,20.0,0.1,50.0,0.1,0.05,7.01,65.07,0,,0,,0,0.0,0.0,0.0,,,0.58,,,0.0,0.0,0.0,0.0,0,0.0
Rubén Lobato,Villanovense,Górnik Łęczna,LWB,32,0,,6,162,0,0.02,0,0.01,21.11,63.16,Spain,Spain,left,180,73,no,5.0,3.89,85.71,0.0,0.0,0.0,0.0,0.0,1.67,4.29,0.0,1,0.56,0,0.0,5.0,0.0,0,0.0,0.01,0,0.0,1,0.56,0.0,0.0,0.0,7.22,23.08,7.22,23.08,0.0,0.0,0.56,5.56,60.0,13.89,60.0,1.11,0.56,0.0,21.67,1.11,3.33,35.0,71.43,12.22,59.09,5.56,90.0,11.67,71.43,24.44,88.64,4.44,50.0,16.58,24.31,0.0,0.56,0.0,0.0,0.0,0.0,0.0,6.11,81.82,4.44,25.0,0.56,0.0,0.0,1.67,9.44,70.59,0,,0,,0,0.0,0.0,0.0,,,0.0,,,0.0,0.0,0.0,0.0,0,0.0
P. Baranowski,,Ruch Chorzów,"CB, RCB",35,0,,11,880,0,0.06,0,0.0,14.22,53.24,Poland,Poland,right,191,87,no,9.0,5.42,58.49,5.42,52.83,0.51,0.77,0.41,5.32,8.04,1.23,4,0.41,0,0.0,0.0,0.0,0,0.0,0.01,0,0.0,1,0.1,0.0,0.0,0.0,0.2,0.0,0.1,0.0,0.1,0.0,0.0,0.0,0.0,0.82,25.0,0.61,0.0,0.0,21.17,0.61,0.2,35.49,83.29,12.17,63.03,1.94,94.74,18.72,95.08,29.25,88.81,6.03,59.32,22.4,35.4,0.0,0.0,0.0,0.0,0.0,0.0,0.1,3.38,63.64,0.41,50.0,0.2,100.0,0.2,0.1,5.83,56.14,0,,0,,0,0.0,0.0,0.0,,,1.53,,,0.0,0.0,0.0,0.0,0,0.0
M. Janota,,Podbeskidzie Bielsko-Biała,"AMF, LCMF, RCMF",35,0,,24,1747,1,1.15,7,4.32,17.21,42.51,Poland,Poland,left,171,74,no,6.39,6.13,52.94,1.08,28.57,0.21,0.31,0.15,2.94,4.43,1.8,7,0.36,1,0.05,2.68,0.05,1,0.05,0.06,0,0.0,26,1.34,26.92,3.846,0.36,1.39,59.26,0.62,50.0,0.72,64.29,0.21,2.42,44.68,7.57,36.05,1.03,0.82,0.21,36.53,0.77,1.08,50.18,85.11,14.22,69.93,7.06,95.62,21.53,92.34,44.51,88.89,4.28,54.22,18.48,29.42,0.22,1.55,0.05,0.0,1.03,40.0,0.77,7.32,72.54,3.09,53.33,0.88,29.41,1.24,0.82,8.09,81.53,0,,0,,0,0.0,0.0,0.0,,,0.46,,,0.46,0.05,0.0,2.94,0,0.0
A. Pląskowski,,Ruch Chorzów,"CF, AMF",32,0,,29,974,4,5.43,2,0.78,23.1,35.6,Poland,Poland,right,189,88,no,4.16,2.86,58.06,7.3,34.18,0.28,0.47,0.18,2.22,3.75,1.29,1,0.09,0,0.0,1.29,0.37,4,0.37,0.5,1,0.09,29,2.68,31.03,13.793,0.18,0.65,14.29,0.28,0.0,0.37,25.0,0.0,1.39,26.67,7.67,25.3,2.86,0.74,0.18,11.83,1.29,1.48,17.19,69.89,6.38,59.42,3.6,89.74,3.42,54.05,15.43,73.65,1.29,42.86,13.08,13.47,0.07,0.55,0.09,0.0,0.0,0.0,0.37,2.22,54.17,1.48,68.75,0.18,50.0,1.29,0.09,2.49,74.07,0,,0,,0,0.0,0.0,0.0,,,0.0,,,0.0,0.0,0.0,0.0,0,0.0
T. Swędrowski,Wieczysta Kraków,Ruch Chorzów,"LCMF, AMF, RCMF",32,0,2026-06-30,26,2076,5,4.21,1,3.74,16.04,44.86,Poland,Poland,right,172,71,no,5.72,4.77,57.27,2.3,24.53,0.26,0.41,0.13,2.73,4.32,1.65,3,0.13,0,0.0,2.38,0.22,5,0.22,0.18,1,0.04,46,1.99,36.96,10.87,0.04,1.39,31.25,0.74,29.41,0.56,30.77,0.17,1.99,52.17,5.85,46.67,2.04,1.13,0.26,16.13,0.43,1.52,29.83,78.49,10.53,67.9,4.94,93.86,9.49,82.65,25.32,83.9,3.12,55.56,17.74,32.74,0.16,1.04,0.04,0.04,0.43,40.0,0.17,4.12,69.47,1.6,37.84,0.65,26.67,0.56,0.48,3.99,71.74,0,,0,,0,0.0,0.0,0.0,,,0.39,,,1.21,0.17,25.0,2.12,0,0.0
D. Kort,Świt Skolwin,Łódzki KS,"LCMF, RCMF, AMF",31,0,2027-06-30,23,1159,1,1.59,2,1.26,16.07,42.03,Poland,Poland,right,176,65,no,4.58,4.66,51.67,1.4,22.22,0.23,0.35,0.16,1.94,2.94,0.78,3,0.23,0,0.0,2.17,0.08,1,0.08,0.12,0,0.0,18,1.4,33.33,5.556,0.16,1.32,41.18,0.54,14.29,0.7,55.56,0.16,1.86,33.33,7.38,43.16,1.48,1.4,0.08,27.88,1.4,2.41,35.64,81.05,10.95,70.92,6.6,90.59,12.5,85.09,31.29,85.86,3.03,48.72,18.78,27.7,0.1,0.7,0.0,0.0,1.24,43.75,0.31,6.6,72.94,2.1,40.74,1.16,33.33,0.93,0.47,6.76,77.01,0,,0,,0,0.0,0.0,0.0,,,0.08,,,1.24,0.23,0.0,2.8,0,0.0
M. Kwietniewski,,Ruch Chorzów,"AMF, RWB",27,0,,18,852,0,1.39,1,1.4,17.32,39.63,Poland,Poland,left,174,69,no,4.65,4.01,52.63,1.8,11.76,0.11,0.16,0.11,2.43,3.73,0.95,1,0.11,0,0.0,4.12,0.0,0,0.0,0.15,0,0.0,19,2.01,47.37,0.0,0.11,2.43,43.48,1.37,46.15,1.06,40.0,0.21,3.38,59.38,8.87,41.67,0.74,2.11,1.06,23.35,0.85,2.22,31.9,81.13,8.77,71.08,7.5,94.37,10.25,83.51,27.78,86.69,2.01,47.37,17.44,24.91,0.15,1.48,0.0,0.0,0.42,25.0,0.32,3.38,71.88,3.49,51.52,0.42,25.0,0.85,0.85,4.54,79.07,0,,0,,0,0.0,0.0,0.0,,,0.11,,,1.48,0.11,100.0,2.11,0,0.0
D. Mikołajewski,Wieczysta Kraków,Podbeskidzie Bielsko-Biała,"RCB, LCB",26,0,2026-06-30,22,1762,1,0.9,0,0.05,15.17,55.56,Poland,Poland,right,188,83,no,9.19,6.08,61.34,4.39,51.16,0.46,0.71,0.72,5.01,7.72,1.43,4,0.2,0,0.0,0.92,0.05,1,0.05,0.05,0,0.0,7,0.36,14.29,14.286,0.0,0.26,20.0,0.05,100.0,0.2,0.0,0.05,0.66,76.92,1.84,69.44,0.61,1.12,0.2,37.9,0.66,1.38,54.6,85.41,25.03,76.33,2.4,93.62,22.58,95.02,46.17,91.04,8.22,55.28,23.13,38.54,0.0,0.26,0.05,0.05,0.41,75.0,0.0,9.45,75.14,1.17,34.78,0.61,50.0,0.36,0.05,13.08,74.61,0,,0,,0,0.0,0.0,0.0,,,1.33,,,0.0,0.0,0.0,0.0,0,0.0
M. Wypych,Kalisz,Podbeskidzie Bielsko-Biała,"CB, LCB",28,0,,17,1534,0,0.55,0,0.0,14.32,58.61,Poland,Poland,right,194,83,no,8.51,5.51,68.09,4.99,56.47,0.41,0.62,0.41,4.34,6.57,1.29,3,0.18,0,0.0,0.12,0.0,0,0.0,0.03,0,0.0,2,0.12,0.0,0.0,0.0,0.0,0.0,0.0,0.0,0.0,0.0,0.0,0.18,33.33,0.94,25.0,0.59,0.76,0.29,34.79,0.41,0.47,51.34,87.2,19.54,75.98,2.11,88.89,26.93,96.51,45.53,91.75,5.81,51.52,21.98,34.12,0.0,0.0,0.0,0.0,0.06,100.0,0.0,5.51,73.4,0.35,33.33,0.12,100.0,0.18,0.0,8.51,66.21,0,,0,,0,0.0,0.0,0.0,,,1.23,,,0.0,0.0,0.0,0.0,0,0.0
M. Radaszkiewicz,Wasilków,Łódzki KS,CF,28,0,2027-06-30,3,159,0,0.1,0,0.0,19.81,42.86,Poland,Poland,both,188,80,no,3.96,4.53,37.5,4.53,62.5,0.0,0.0,0.0,2.26,3.33,1.7,0,0.0,0,0.0,1.7,0.0,0,0.0,0.06,0,0.0,2,1.13,50.0,0.0,0.0,0.0,0.0,0.0,0.0,0.0,0.0,0.0,1.13,100.0,7.92,35.71,2.26,0.57,0.0,8.49,2.26,1.7,13.02,78.26,2.83,80.0,2.83,100.0,3.96,57.14,12.45,77.27,0.57,100.0,15.93,10.27,0.0,0.57,0.0,0.0,0.57,0.0,0.0,1.7,66.67,0.0,0.0,0.0,0.0,0.0,0.0,2.83,60.0,0,,0,,0,0.0,0.0,0.0,,,0.0,,,0.0,0.0,0.0,0.0,0,0.0
D. Nowacki,Chojniczanka Chojnice,Łódzki KS,"LDMF, LCMF, RDMF",28,0,2028-06-30,7,289,0,0.47,0,0.0,26.16,55.95,Poland,Poland,right,177,0,no,9.65,6.54,66.67,7.47,66.67,0.93,1.73,0.0,4.36,8.08,3.11,3,0.93,0,0.0,2.18,0.0,0,0.0,0.15,0,0.0,3,0.93,33.33,0.0,0.0,0.62,0.0,0.31,0.0,0.31,0.0,0.0,3.43,54.55,9.34,46.67,0.93,1.25,0.0,22.42,0.31,1.87,34.26,88.18,10.59,85.29,5.92,100.0,12.77,90.24,29.27,91.49,4.36,78.57,23.65,24.26,0.0,0.0,0.0,0.0,0.0,0.0,0.0,4.36,78.57,1.25,0.0,0.31,100.0,0.0,0.0,4.67,73.33,0,,0,,0,0.0,0.0,0.0,,,0.62,,,0.0,0.0,0.0,0.0,0,0.0
M. Lorenc,Legia Warszawa II,Łódzki KS,"DMF, LDMF",24,0,2027-06-30,11,775,1,0.13,0,0.8,18.23,54.14,Poland,Poland,right,189,85,no,14.75,10.1,62.07,3.14,51.85,0.93,1.35,1.16,7.55,10.96,1.86,3,0.35,0,0.0,0.93,0.12,1,0.12,0.01,0,0.0,5,0.58,20.0,20.0,0.0,0.35,33.33,0.12,0.0,0.23,50.0,0.0,0.58,80.0,1.97,35.29,0.35,0.46,0.35,25.55,0.12,0.23,46.92,79.21,20.32,65.71,5.34,91.3,16.61,90.21,38.44,85.8,8.13,50.0,21.68,30.26,0.09,0.7,0.12,0.0,0.81,28.57,0.23,10.92,68.09,1.63,35.71,1.39,25.0,0.58,0.23,10.22,71.59,0,,0,,0,0.0,0.0,0.0,,,0.7,,,0.0,0.0,0.0,0.0,0,0.0
M. Urynowicz,Podbeskidzie Bielsko-Biała,Katowice,"LCMF, RCMF",30,0,2028-06-30,29,1469,2,1.46,1,0.92,13.48,55.0,Poland,Poland,right,187,82,no,6.56,3.61,69.49,4.29,50.0,0.55,0.8,0.49,3.49,5.09,0.98,5,0.31,0,0.0,0.92,0.12,2,0.12,0.09,1,0.06,21,1.29,28.57,9.524,0.06,0.49,37.5,0.06,100.0,0.43,28.57,0.0,0.37,50.0,3.37,47.27,0.92,0.61,0.0,27.2,0.0,1.53,38.84,85.8,10.91,68.54,5.33,100.0,17.52,92.31,34.43,90.93,4.04,46.97,20.82,27.62,0.06,0.49,0.06,0.0,0.49,37.5,0.18,6.68,66.97,1.59,50.0,0.86,28.57,0.98,0.12,4.96,76.54,0,,0,,0,0.0,0.0,0.0,,,0.37,,,0.49,0.06,0.0,0.37,0,0.0
H. Sadowski,SKRA Częstochowa,SKRA Częstochowa,"RCB, LCB",26,0,,2,187,0,0.53,0,0.33,18.77,41.03,Poland,Poland,right,0,0,no,8.66,7.22,46.67,8.18,29.41,0.96,1.2,1.44,4.33,5.4,2.41,0,0.0,0,0.0,0.96,0.0,0,0.0,0.26,0,0.0,1,0.48,0.0,0.0,0.0,2.41,40.0,1.44,33.33,0.96,50.0,0.48,0.0,0.0,1.44,66.67,0.48,0.0,0.0,28.88,0.48,0.96,45.24,71.28,18.29,44.74,2.41,100.0,19.73,90.24,35.61,83.78,7.22,20.0,21.87,38.45,0.16,0.48,0.0,0.0,0.0,0.0,0.48,6.26,30.77,3.37,28.57,0.0,0.0,0.0,0.96,8.66,50.0,0,,0,,0,0.0,0.0,0.0,,,1.93,,,0.0,0.0,0.0,0.0,0,0.0
D. Niedbała,,SKRA Częstochowa,"RWB, RB",31,0,,7,387,0,0.01,0,0.38,16.05,43.48,Poland,Poland,right,170,65,no,6.28,6.98,46.67,2.56,36.36,0.0,0.0,0.23,3.02,3.64,0.93,3,0.7,0,0.0,1.16,0.0,0,0.0,0.0,0,0.0,1,0.23,0.0,0.0,0.0,2.33,30.0,0.0,0.0,2.09,33.33,0.23,1.86,25.0,3.72,31.25,0.0,0.93,0.47,15.35,1.4,1.16,24.88,69.16,8.14,51.43,4.65,100.0,8.14,74.29,19.77,76.47,3.02,46.15,18.99,29.44,0.09,0.93,0.0,0.0,0.0,0.0,0.23,1.86,37.5,2.56,27.27,0.23,0.0,0.23,0.7,5.58,66.67,0,,0,,0,0.0,0.0,0.0,,,0.47,,,0.0,0.0,0.0,0.0,0,0.0
A. Mesjasz,Legia Warszawa II,SKRA Częstochowa,CB,33,0,,29,2722,2,3.88,0,0.07,14.05,63.06,Poland,Poland,left,188,0,no,10.42,4.93,77.85,6.08,54.35,0.2,0.24,0.79,6.38,7.67,0.66,4,0.13,0,0.0,0.3,0.07,0,0.0,0.13,0,0.0,23,0.76,21.74,8.696,0.0,0.07,0.0,0.07,0.0,0.0,0.0,0.03,0.26,50.0,0.69,52.38,0.79,0.17,0.0,25.33,0.17,0.3,41.3,80.78,18.42,64.09,0.93,92.86,18.78,94.72,33.66,88.21,7.57,48.47,22.87,39.02,0.0,0.07,0.03,0.0,0.0,0.0,0.0,5.46,49.7,0.56,23.53,0.23,14.29,0.2,0.03,8.3,59.76,0,,0,,0,0.0,0.0,0.0,,,0.73,,,0.13,0.13,0.0,0.0,2,100.0
S. Stróżyński,,Chojniczanka Chojnice,"RAMF, LWB, RW",23,0,,16,821,1,0.34,0,0.01,21.49,38.27,Poland,Poland,right,174,71,no,7.02,6.03,58.18,2.85,23.08,0.22,0.3,0.33,3.29,4.55,1.64,0,0.0,0,0.0,1.75,0.11,1,0.11,0.04,0,0.0,4,0.44,50.0,25.0,0.0,0.77,28.57,0.33,66.67,0.44,0.0,0.22,3.4,38.71,9.21,39.29,0.88,0.66,0.66,7.24,0.77,2.63,10.52,72.92,3.62,63.64,2.63,91.67,1.97,61.11,8.66,78.48,1.1,60.0,14.99,7.08,0.0,0.22,0.0,0.0,0.0,0.0,0.0,1.21,72.73,0.99,33.33,0.0,0.0,0.0,0.33,2.3,47.62,0,,0,,0,0.0,0.0,0.0,,,0.33,,,0.0,0.0,0.0,0.0,0,0.0
K. Kasperowicz,Flota Świnoujście,Chojniczanka Chojnice,LCB,23,0,2026-06-30,15,1266,0,0.22,0,0.04,12.51,54.55,Poland,Poland,left,191,0,no,8.82,6.04,63.53,3.98,57.14,0.21,0.28,0.71,4.76,6.28,1.07,4,0.28,1,0.07,0.36,0.0,0,0.0,0.02,0,0.0,3,0.21,66.67,0.0,0.0,0.43,33.33,0.43,33.33,0.0,0.0,0.14,0.14,50.0,1.07,33.33,0.36,0.57,0.07,20.69,0.21,0.57,32.99,80.82,16.35,70.87,2.35,90.91,11.52,89.51,27.44,87.82,5.12,47.22,21.02,37.72,0.0,0.07,0.07,0.0,0.0,0.0,0.07,3.98,60.71,0.64,33.33,0.21,0.0,0.07,0.14,7.25,61.76,0,,0,,0,0.0,0.0,0.0,,,0.92,,,0.0,0.0,0.0,0.0,0,0.0
D. Byrtek,,Chojniczanka Chojnice,"CB, RCB",35,0,,6,449,0,0.0,0,0.0,16.24,61.73,Poland,Poland,right,195,84,no,9.82,6.21,67.74,4.41,54.55,1.0,1.35,1.4,4.61,6.22,1.6,1,0.2,0,0.0,0.4,0.0,0,0.0,0.0,0,0.0,0,0.0,0.0,0.0,0.0,0.2,0.0,0.0,0.0,0.2,0.0,0.0,0.4,100.0,2.0,50.0,0.4,0.0,0.0,23.45,0.4,0.8,34.28,88.3,13.43,76.12,2.41,100.0,16.24,96.3,31.67,92.41,2.41,41.67,18.12,24.98,0.0,0.0,0.0,0.0,0.0,0.0,0.0,1.2,50.0,0.0,0.0,0.0,0.0,0.0,0.0,5.61,71.43,0,,0,,0,0.0,0.0,0.0,,,2.2,,,0.0,0.0,0.0,0.0,0,0.0
K. Mazek,,Chojniczanka Chojnice,"RWB, LW",31,0,,30,1883,4,2.68,1,1.69,17.02,45.79,Poland,Poland,both,174,65,no,5.31,4.25,48.31,1.39,44.83,0.05,0.07,0.14,3.2,4.54,0.76,2,0.1,0,0.0,3.92,0.19,4,0.19,0.13,0,0.0,30,1.43,33.33,13.333,0.05,3.06,29.69,1.48,22.58,1.53,37.5,0.53,3.73,65.38,8.32,52.3,2.68,2.77,1.77,22.18,1.43,1.53,31.07,78.92,7.93,72.89,7.36,94.16,8.13,70.0,27.53,85.07,0.62,53.85,15.56,12.34,0.08,0.62,0.05,0.05,0.33,28.57,0.24,2.49,84.62,2.34,40.82,0.33,28.57,0.53,0.91,4.21,71.59,0,,0,,0,0.0,0.0,0.0,,,0.29,,,0.0,0.0,0.0,0.0,0,0.0
B. Kalinkowski,,Chojniczanka Chojnice,"LCMF, RCMF, DMF",31,0,,28,1455,0,1.35,2,0.95,17.01,51.27,Poland,Poland,right,184,74,no,7.24,7.24,61.54,2.1,44.12,0.49,0.7,0.06,2.29,3.24,1.55,4,0.25,0,0.0,1.24,0.0,0,0.0,0.08,0,0.0,18,1.11,38.89,0.0,0.12,0.87,35.71,0.37,0.0,0.49,62.5,0.25,0.8,38.46,4.33,41.43,1.42,1.36,0.68,20.85,0.74,1.48,30.49,79.51,11.13,69.44,4.45,94.44,9.65,82.05,27.4,83.3,2.23,50.0,16.23,20.77,0.06,0.62,0.0,0.0,0.49,37.5,0.19,4.76,66.23,1.61,42.31,0.74,41.67,0.56,0.31,4.39,70.42,0,,0,,0,0.0,0.0,0.0,,,0.0,,,0.06,0.0,0.0,0.0,0,0.0
R. Janicki,Wisła Puławy,Chojniczanka Chojnice,"CF, AMF, RCMF",29,0,,10,304,1,0.27,1,0.7,13.91,44.68,Poland,Poland,right,176,0,no,8.29,5.33,61.11,2.37,37.5,1.18,1.97,0.0,3.85,6.39,1.18,0,0.0,0,0.0,2.37,0.3,1,0.3,0.08,0,0.0,3,0.89,66.67,33.333,0.3,2.96,20.0,1.18,25.0,1.78,16.67,0.3,1.48,60.0,4.14,28.57,1.78,1.18,0.59,28.72,1.78,0.3,40.86,78.99,11.55,66.67,10.66,97.22,12.43,73.81,35.23,85.71,2.66,55.56,17.75,14.7,0.21,2.07,0.0,0.0,0.59,50.0,0.59,2.96,40.0,4.44,53.33,0.3,0.0,2.37,0.59,5.03,82.35,0,,0,,0,0.0,0.0,0.0,,,0.0,,,0.3,0.0,0.0,2.07,0,0.0
P. Czajkowski,,Chojniczanka Chojnice,"DMF, LDMF",31,0,,25,1763,2,1.54,0,0.07,21.44,53.81,Poland,Poland,right,185,83,no,11.74,9.14,63.13,4.75,52.69,0.61,0.89,0.56,5.36,7.82,2.5,9,0.46,0,0.0,1.07,0.1,2,0.1,0.08,1,0.05,16,0.82,43.75,12.5,0.0,0.2,25.0,0.1,0.0,0.1,50.0,0.05,1.02,50.0,4.24,49.4,0.77,0.46,0.26,18.38,0.15,1.48,31.91,84.96,10.06,71.07,4.44,96.55,11.74,93.04,29.66,87.44,2.04,55.0,16.06,23.83,0.0,0.1,0.0,0.0,0.2,75.0,0.05,3.88,71.05,0.41,25.0,0.05,0.0,0.15,0.05,4.85,68.42,0,,0,,0,0.0,0.0,0.0,,,0.1,,,0.0,0.0,0.0,0.0,0,0.0
M. Mas,Olimpia Grudziądz,Sandecja Nowy Sącz,CF,25,0,2026-06-30,26,1218,3,5.14,0,0.59,26.53,37.88,Poland,Poland,right,196,85,no,2.81,2.59,48.57,10.79,43.84,0.0,0.0,0.07,1.55,2.06,1.18,0,0.0,0,0.0,2.14,0.22,3,0.22,0.38,0,0.0,33,2.44,36.36,9.091,0.0,0.81,27.27,0.44,16.67,0.37,40.0,0.07,2.44,39.39,9.09,31.71,3.99,0.59,0.0,6.13,1.26,1.92,9.75,59.85,2.36,34.38,2.66,86.11,2.81,55.26,8.65,63.25,0.3,50.0,14.3,3.06,0.04,0.22,0.0,0.0,0.22,33.33,0.15,1.11,53.33,0.96,23.08,0.3,25.0,0.44,0.22,0.74,50.0,0,,0,,0,0.0,0.0,0.0,,,0.0,,,0.0,0.0,0.0,0.0,1,0.0
S. Tokarz,,Sandecja Nowy Sącz,GK,25,0,,5,482,0,0.0,0,0.0,0.37,100.0,Poland,Poland,right,187,72,no,1.68,0.19,100.0,0.0,0.0,0.0,0.0,0.0,1.49,1.68,0.0,0,0.0,0,0.0,0.0,0.0,0,0.0,0.0,0,0.0,0,0.0,0.0,0.0,0.0,0.0,0.0,0.0,0.0,0.0,0.0,0.0,0.0,0.0,0.19,100.0,0.0,0.0,0.0,8.59,0.0,0.19,13.07,80.0,7.28,69.23,0.0,0.0,5.41,96.55,6.54,97.14,6.54,62.86,36.16,49.32,0.0,0.0,0.0,0.0,0.0,0.0,0.0,1.49,50.0,0.0,0.0,0.0,0.0,0.0,0.0,5.04,74.07,8,1.49,21,3.92,0,61.9,4.22,0.79,-3.78,-0.706,0.0,0.75,0.0,,,,0.0,0,0.0
J. Iskra,,Sandecja Nowy Sącz,RB,23,0,,21,1455,1,0.35,2,1.24,18.56,50.33,Poland,Poland,right,183,71,no,11.26,7.86,70.08,2.35,31.58,0.25,0.32,0.31,5.51,7.08,1.3,4,0.25,1,0.06,3.15,0.06,1,0.06,0.02,0,0.0,9,0.56,22.22,11.111,0.12,3.46,44.64,0.0,0.0,3.4,43.64,0.12,3.09,48.0,5.88,34.74,1.24,1.3,0.62,12.12,1.11,0.68,22.95,67.12,10.27,65.06,2.78,91.11,6.37,69.9,16.39,73.58,3.34,55.56,20.03,22.56,0.08,0.68,0.0,0.0,0.19,0.0,0.43,1.98,53.13,3.28,47.17,0.19,0.0,0.25,1.42,6.99,61.95,0,,0,,0,0.0,0.0,0.0,,,0.12,,,0.0,0.0,0.0,0.0,0,0.0
K. Słaby,Sandecja Nowy Sącz,Sandecja Nowy Sącz,"LB, LCB",32,0,2027-06-30,29,2699,2,1.88,0,0.48,14.81,58.11,Poland,Poland,left,186,78,no,9.0,6.94,66.83,3.6,60.19,0.23,0.32,0.17,4.13,5.62,1.53,8,0.27,0,0.0,1.17,0.07,2,0.07,0.06,0,0.0,15,0.5,26.67,13.333,0.0,1.7,39.22,1.7,39.22,0.0,0.0,0.1,0.6,61.11,2.27,41.18,0.73,0.77,0.23,26.78,0.87,0.7,40.95,80.78,18.24,73.49,3.37,94.06,13.1,86.26,32.68,89.29,6.74,48.02,20.67,35.04,0.02,0.3,0.03,0.0,0.0,0.0,0.1,6.27,63.3,1.5,42.22,0.37,27.27,0.2,0.7,9.8,68.03,0,,0,,0,0.0,0.0,0.0,,,0.7,,,0.03,0.0,0.0,0.0,0,0.0
B. Kasprzak,Sandecja Nowy Sącz,Sandecja Nowy Sącz,"LDMF, LCMF, RDMF",33,0,2026-06-30,20,1462,0,1.79,0,0.4,21.3,56.65,Poland,Poland,right,172,65,no,10.47,8.5,60.87,2.52,56.1,0.68,0.85,0.68,4.62,5.83,1.85,8,0.49,0,0.0,2.52,0.0,0,0.0,0.11,0,0.0,18,1.11,38.89,0.0,0.0,1.48,33.33,0.98,31.25,0.49,37.5,0.18,2.71,54.55,7.02,52.63,1.6,0.62,0.37,23.33,0.62,2.22,40.38,79.57,13.73,68.61,6.71,93.58,13.48,85.84,33.73,85.4,5.17,54.76,19.04,31.48,0.02,0.55,0.0,0.0,0.25,50.0,0.12,6.77,66.36,2.46,52.5,0.31,60.0,0.68,0.43,7.14,75.0,0,,0,,0,0.0,0.0,0.0,,,0.12,,,0.0,0.0,0.0,0.0,0,0.0
M. Gabrych,,Sandecja Nowy Sącz,CF,32,0,,12,554,0,1.5,0,0.1,24.86,31.37,Poland,Poland,right,186,75,no,3.41,4.06,40.0,5.04,25.81,0.0,0.0,0.16,1.79,2.5,2.92,2,0.32,0,0.0,1.46,0.0,0,0.0,0.24,0,0.0,11,1.79,18.18,0.0,0.0,0.16,0.0,0.0,0.0,0.16,0.0,0.0,2.11,53.85,11.37,31.43,3.41,1.14,0.32,5.2,1.95,1.79,8.61,73.58,2.92,66.67,2.11,76.92,2.27,57.14,8.29,76.47,0.16,0.0,16.82,4.46,0.02,0.32,0.0,0.0,0.0,0.0,0.16,0.97,66.67,0.32,100.0,0.0,0.0,0.49,0.0,1.3,50.0,0,,0,,0,0.0,0.0,0.0,,,0.0,,,0.0,0.0,0.0,0.0,0,0.0
T. Nawotka,Sandecja Nowy Sącz,Sandecja Nowy Sącz,"LAMF, LWB, RW",29,0,2026-06-30,23,1221,0,0.95,0,1.8,19.46,49.24,Poland,Poland,right,178,72,no,6.71,5.97,61.73,1.92,23.08,0.29,0.42,0.07,2.73,3.88,1.62,2,0.15,0,0.0,2.43,0.0,0,0.0,0.07,0,0.0,14,1.03,14.29,0.0,0.0,2.95,25.0,1.84,24.0,1.03,28.57,0.44,2.87,53.85,8.33,50.44,1.62,1.62,0.59,21.52,2.43,2.87,30.88,71.84,8.03,52.29,6.56,94.38,10.32,75.0,24.32,81.52,3.76,47.06,19.8,27.98,0.13,0.96,0.0,0.0,0.15,0.0,0.37,3.02,48.78,3.91,37.74,0.81,27.27,0.66,0.74,5.31,68.06,0,,0,,0,0.0,0.0,0.0,,,0.22,,,0.0,0.0,0.0,0.07,0,0.0
S. Lusiusz,,Sandecja Nowy Sącz,"LCMF, LDMF, RDMF",26,0,,15,869,1,1.78,0,0.17,19.88,51.56,Poland,Poland,right,185,80,no,9.53,9.84,60.0,2.17,28.57,0.31,0.43,0.52,3.31,4.59,2.49,4,0.41,0,0.0,1.04,0.1,1,0.1,0.18,0,0.0,8,0.83,12.5,12.5,0.0,0.52,20.0,0.1,0.0,0.41,25.0,0.0,1.35,61.54,4.45,44.19,0.52,0.62,0.1,23.92,0.21,0.83,37.91,82.24,11.7,69.03,6.84,93.94,15.22,89.12,32.52,85.67,4.87,65.96,20.12,34.05,0.02,0.21,0.0,0.0,0.21,0.0,0.0,5.7,69.09,1.55,26.67,0.72,42.86,0.41,0.21,6.01,70.69,0,,0,,0,0.0,0.0,0.0,,,0.62,,,0.0,0.0,0.0,0.0,0,0.0
M. Adisa,,Puszcza Niepołomice,RAMF,30,0,,1,7,0,0.0,0,0.0,,,Nigeria,"Nigeria, Poland",,0,0,no,,,,,,,0.0,,,0.0,,0,,0,,,,0,,,0,,0,,,0.0,,,,,,,,,,,,,,,,,,,,,,,,,,,,,,,25.55,0.0,,,,,,,,,,,,,,,,,,0,,0,,0,0.0,0.0,,,,,,,,,,,0,0.0
G. Aftyka,Świt Skolwin,Puszcza Niepołomice,LAMF,28,0,,5,206,0,0.1,1,0.09,15.29,42.86,Poland,Poland,right,178,59,no,4.81,4.37,50.0,2.18,40.0,0.44,0.75,0.0,2.18,3.75,0.44,1,0.44,0,0.0,3.5,0.0,0,0.0,0.04,0,0.0,2,0.87,0.0,0.0,0.44,1.75,25.0,0.87,0.0,0.87,50.0,0.0,4.81,63.64,7.43,47.06,1.31,0.87,0.44,14.42,1.31,1.31,20.1,69.57,4.37,70.0,6.55,86.67,5.68,69.23,17.91,73.17,0.87,50.0,15.64,18.6,0.04,0.44,0.0,0.0,0.0,0.0,0.44,0.87,100.0,1.75,50.0,0.0,0.0,0.44,0.87,2.62,50.0,0,,0,,0,0.0,0.0,0.0,,,0.0,,,0.44,0.0,0.0,0.0,0,0.0
M. Ploch,Pawłowice Śląskie,Tychy 71,"AMF, RCMF",22,0,,2,31,0,0.0,0,0.0,,,Poland,Poland,right,178,70,no,,,,,,,0.0,,,6.67,,0,,0,,,,0,,,0,,0,,,0.0,,,,,,,,,,,,,,,,,,,,,,,,,,,,,,,3.79,0.0,,,,,,,,,,,,,,,,,,0,,0,,0,0.0,0.0,,,,,,,,,,,0,0.0
K. Machowski,Tychy 71,Tychy 71,"RWB, RB",22,0,2027-06-30,31,2461,0,0.89,0,1.17,17.7,53.31,Poland,Poland,right,171,65,no,9.76,6.4,69.71,2.41,40.91,0.33,0.43,0.26,4.97,6.54,0.48,4,0.15,0,0.0,2.34,0.0,0,0.0,0.03,0,0.0,23,0.84,8.7,0.0,0.0,1.57,25.58,0.0,0.0,1.54,23.81,0.15,3.15,54.65,5.92,46.3,1.35,1.54,0.48,16.42,1.57,1.13,24.79,76.11,8.26,72.57,4.53,86.29,7.09,77.84,21.25,82.44,2.08,50.88,17.16,26.43,0.04,0.59,0.07,0.07,0.26,57.14,0.15,3.11,72.94,1.65,42.22,0.37,50.0,0.69,0.29,4.72,65.12,0,,0,,0,0.0,0.0,0.0,,,0.51,,,0.04,0.0,0.0,0.0,0,0.0
N. Dzięgielewski,Wieczysta Kraków,Tychy 71,"CF, RAMF, LW",21,0,2028-06-30,15,554,0,0.63,0,0.04,18.84,46.55,Poland,Poland,right,180,73,yes,6.17,4.71,68.97,4.87,43.33,0.16,0.28,0.16,2.76,4.68,0.32,0,0.0,0,0.0,2.44,0.0,0,0.0,0.1,0,0.0,7,1.14,28.57,0.0,0.0,1.62,40.0,0.65,75.0,0.97,16.67,0.0,3.41,42.86,6.01,35.14,2.6,1.62,0.49,9.42,1.14,0.49,15.27,67.02,2.76,47.06,4.55,85.71,4.39,70.37,13.32,70.73,0.32,50.0,17.85,2.01,0.01,0.32,0.16,0.0,0.49,0.0,0.16,1.3,25.0,1.46,22.22,0.49,0.0,0.16,0.65,1.62,50.0,0,,0,,0,0.0,0.0,0.0,,,0.32,,,0.0,0.0,0.0,0.81,0,0.0
P. Buchta,Sokol Lanžhot,Tychy 71,"RCB, LCB",33,0,,30,2804,0,0.81,1,0.86,11.75,60.66,Czech Republic,Czech Republic,right,185,78,no,9.31,5.07,70.25,4.98,57.42,0.32,0.42,0.74,5.42,7.03,0.71,7,0.22,0,0.0,0.35,0.0,0,0.0,0.03,0,0.0,7,0.22,14.29,0.0,0.03,0.45,35.71,0.03,0.0,0.42,38.46,0.06,0.22,71.43,0.45,57.14,0.8,0.67,0.1,20.09,0.55,0.35,34.6,81.26,15.95,69.01,3.05,94.74,12.36,92.99,26.45,89.2,7.7,56.67,22.72,37.72,0.03,0.19,0.0,0.0,0.03,0.0,0.1,5.78,59.44,0.8,56.0,0.13,25.0,0.39,0.16,8.02,74.8,0,,0,,0,0.0,0.0,0.0,,,1.67,,,0.0,0.0,0.0,0.0,0,0.0
P. Mikita,,Tychy 71,"CF, LW, LAMF",32,0,,33,2546,5,6.12,3,1.82,23.05,36.2,Poland,Poland,right,185,73,no,3.78,3.89,44.55,3.46,37.76,0.04,0.05,0.14,2.01,2.64,1.87,5,0.18,0,0.0,3.08,0.18,5,0.18,0.22,2,0.07,52,1.84,30.77,9.615,0.11,2.26,34.38,1.34,36.84,0.88,32.0,0.53,3.39,47.92,9.97,34.04,3.18,1.41,0.88,14.32,1.94,1.56,23.37,72.31,5.83,61.21,5.87,87.95,6.96,69.54,19.58,78.88,1.52,44.19,17.95,24.95,0.06,0.85,0.14,0.07,0.32,33.33,0.42,2.3,55.38,2.58,39.73,0.53,20.0,0.95,0.71,3.43,70.1,0,,0,,0,0.0,0.0,0.0,,,0.04,,,0.0,0.0,0.0,0.21,0,0.0
G. Jaroch,Resovia Rzeszów,SKRA Częstochowa,"AMF, CF",28,0,2027-06-30,23,854,1,1.56,2,0.31,20.02,39.47,Poland,Poland,,172,0,no,4.53,3.69,60.0,1.9,44.44,0.11,0.14,0.0,2.21,2.99,0.63,2,0.21,0,0.0,2.53,0.11,1,0.11,0.16,0,0.0,13,1.37,38.46,7.692,0.21,0.95,22.22,0.42,25.0,0.53,20.0,0.11,2.95,60.71,10.64,34.65,1.69,1.26,0.74,9.17,1.58,1.16,16.33,77.42,3.69,74.29,4.32,85.37,4.53,76.74,14.54,84.06,0.95,22.22,13.75,14.29,0.03,0.53,0.11,0.0,0.11,0.0,0.53,2.0,73.68,0.95,66.67,0.21,0.0,0.63,0.21,1.37,84.62,0,,0,,0,0.0,0.0,0.0,,,0.11,,,0.0,0.0,0.0,0.11,0,0.0
K. Szymkowiak,Sandecja Nowy Sącz,SKRA Częstochowa,GK,26,0,2027-06-30,3,303,0,0.0,0,0.0,1.49,100.0,Poland,Poland,right,189,0,no,0.59,0.0,0.0,1.19,100.0,0.0,0.0,0.0,0.59,0.67,0.0,0,0.0,0,0.0,0.0,0.0,0,0.0,0.0,0,0.0,0,0.0,0.0,0.0,0.0,0.0,0.0,0.0,0.0,0.0,0.0,0.0,0.0,0.0,0.0,0.0,0.0,0.0,0.0,9.5,0.0,0.59,13.96,74.47,9.8,69.7,0.0,0.0,3.27,90.91,5.64,84.21,8.32,67.86,36.5,48.07,0.0,0.0,0.0,0.0,0.0,0.0,0.0,0.89,66.67,0.3,0.0,0.3,0.0,0.0,0.0,8.02,66.67,4,1.19,11,3.27,0,63.64,3.77,1.12,-0.23,-0.068,0.0,2.38,1.19,,,,0.0,0,0.0
K. Łukasiak,Katowice,SKRA Częstochowa,AMF,22,0,2027-06-30,12,372,0,1.03,0,0.2,18.15,44.0,Poland,Poland,right,180,73,no,4.11,5.08,57.14,1.94,50.0,0.24,0.33,0.0,0.97,1.32,0.24,0,0.0,0,0.0,1.45,0.0,0,0.0,0.25,0,0.0,7,1.69,0.0,0.0,0.0,0.97,25.0,0.24,0.0,0.73,33.33,0.24,1.69,57.14,6.77,39.29,1.45,0.73,0.0,11.85,0.48,1.21,16.69,72.46,6.05,60.0,3.15,84.62,4.6,89.47,15.24,76.19,0.48,50.0,17.43,1.4,0.05,0.73,0.0,0.0,0.24,100.0,0.0,2.18,77.78,2.18,55.56,0.24,100.0,0.97,0.24,2.9,66.67,0,,0,,0,0.0,0.0,0.0,,,0.0,,,0.0,0.0,0.0,0.0,0,0.0
J. Flak,Kalisz,SKRA Częstochowa,"RWB, RB",24,0,2026-06-30,24,1580,1,0.84,2,1.67,19.2,51.63,Germany,"Germany, Poland",right,183,78,no,8.43,6.55,67.83,3.76,39.39,0.51,0.67,0.06,3.47,4.55,1.08,6,0.34,0,0.0,3.13,0.06,1,0.06,0.05,0,0.0,8,0.46,12.5,12.5,0.11,3.13,38.18,0.0,0.0,3.08,38.89,0.28,2.56,68.89,6.04,47.17,1.37,1.25,0.17,15.21,2.05,0.46,23.7,70.91,8.03,59.57,4.16,90.41,7.58,72.93,18.11,78.93,2.51,52.27,18.99,24.34,0.1,1.2,0.0,0.0,0.23,50.0,0.63,2.34,56.1,2.73,47.92,0.28,40.0,0.63,1.2,6.15,68.52,0,,0,,0,0.0,0.0,0.0,,,0.06,,,0.0,0.0,0.0,0.0,0,0.0
J. Sangowski,Sokół Kleczew,SKRA Częstochowa,CF,24,0,,24,957,1,1.92,1,1.14,23.98,28.24,Poland,Poland,right,189,77,no,3.57,3.2,47.06,7.43,20.25,0.09,0.11,0.19,1.97,2.38,1.32,0,0.0,0,0.0,2.07,0.09,1,0.09,0.18,0,0.0,13,1.22,23.08,7.692,0.09,0.66,28.57,0.38,50.0,0.28,0.0,0.0,3.39,41.67,8.46,27.78,2.26,1.22,0.0,10.06,2.45,0.56,15.42,64.02,3.29,51.43,4.14,75.0,4.42,65.96,14.48,66.23,0.28,33.33,14.6,2.89,0.11,0.56,0.0,0.0,0.56,33.33,0.47,1.69,44.44,0.56,33.33,0.47,40.0,0.19,0.28,1.6,47.06,0,,0,,0,0.0,0.0,0.0,,,0.0,,,0.09,0.0,0.0,0.0,0,0.0
R. Gołębiowski,,SKRA Częstochowa,"AMF, LWB, RWB",24,0,,20,982,1,1.42,0,1.04,20.53,40.63,Poland,Poland,left,178,67,no,7.7,6.69,60.27,1.65,11.11,0.18,0.26,0.09,3.48,4.98,1.65,5,0.46,0,0.0,3.12,0.09,1,0.09,0.13,0,0.0,23,2.11,30.43,4.348,0.0,2.02,31.82,1.47,37.5,0.46,20.0,0.09,3.48,50.0,8.62,41.49,1.65,1.47,0.46,20.16,1.28,1.1,27.49,73.33,7.52,64.63,6.42,87.14,7.97,74.71,24.56,76.87,1.1,75.0,14.18,14.56,0.1,0.82,0.0,0.0,0.27,33.33,0.37,2.38,61.54,2.02,36.36,0.27,33.33,0.27,0.55,3.3,77.78,0,,0,,0,0.0,0.0,0.0,,,0.09,,,0.92,0.18,50.0,1.74,0,0.0
P. Nocoń,SKRA Częstochowa,SKRA Częstochowa,AMF,35,0,,20,1917,2,3.35,0,0.8,16.1,37.9,Poland,Poland,,179,0,no,6.24,4.51,50.0,2.68,35.09,0.23,0.31,0.14,3.76,4.92,1.6,7,0.33,1,0.05,1.5,0.09,2,0.09,0.16,1,0.05,44,2.07,18.18,4.545,0.0,0.99,33.33,0.75,37.5,0.23,20.0,0.09,1.55,39.39,6.38,36.03,2.02,1.13,0.09,18.59,0.99,1.36,25.45,74.91,7.42,60.13,5.35,88.6,7.51,77.5,22.02,78.46,2.54,59.26,16.89,27.56,0.04,0.7,0.0,0.0,0.7,26.67,0.19,3.8,64.2,2.44,50.0,0.66,28.57,1.13,0.33,3.99,76.47,0,,0,,0,0.0,0.0,0.0,,,0.0,,,0.19,0.0,0.0,0.09,0,0.0
A. Olejnik,,SKRA Częstochowa,"RCMF, LCMF",34,0,,28,2010,1,0.78,0,0.48,12.67,45.23,Poland,Poland,,177,0,no,6.22,5.15,57.39,1.39,32.26,0.27,0.33,0.18,3.0,3.69,1.43,2,0.09,0,0.0,0.72,0.04,1,0.04,0.03,0,0.0,15,0.67,20.0,6.667,0.0,0.22,60.0,0.09,0.0,0.09,100.0,0.0,0.63,64.29,3.63,34.57,0.4,0.72,0.18,22.21,0.27,0.58,35.64,88.82,9.49,74.53,5.46,96.72,13.57,95.38,33.36,90.87,2.06,58.7,15.47,21.4,0.02,0.45,0.0,0.04,0.09,50.0,0.09,4.39,79.59,0.94,57.14,0.31,42.86,0.45,0.13,4.57,76.47,0,,0,,0,0.0,0.0,0.0,,,0.22,,,0.0,0.0,0.0,0.0,0,0.0
Ł. Winiarczyk,,SKRA Częstochowa,"LWB, LB",35,0,,11,494,0,0.1,1,0.71,15.49,49.41,Poland,Poland,left,175,68,no,8.2,7.65,64.29,1.82,60.0,0.55,0.6,0.36,2.73,3.02,0.91,1,0.18,0,0.0,1.09,0.0,0,0.0,0.02,0,0.0,3,0.55,0.0,0.0,0.18,2.91,25.0,2.73,20.0,0.18,100.0,0.73,1.09,33.33,4.01,27.27,0.91,1.28,0.0,19.31,1.46,0.36,26.05,68.53,9.47,55.77,3.46,94.74,8.2,60.0,18.95,82.69,4.19,34.78,24.48,35.86,0.13,0.91,0.0,0.0,0.0,0.0,0.55,3.46,47.37,2.73,26.67,0.0,0.0,0.55,0.91,6.19,70.59,0,,0,,0,0.0,0.0,0.0,,,0.18,,,0.18,0.0,0.0,0.18,0,0.0
K. Ropski,Świt Skolwin,SKRA Częstochowa,CF,29,0,2027-06-30,7,238,0,0.28,0,0.0,22.69,40.0,Poland,Poland,,188,80,no,4.92,3.03,87.5,10.97,41.38,0.38,0.48,0.0,1.89,2.42,1.51,0,0.0,0,0.0,0.38,0.0,0,0.0,0.11,0,0.0,1,0.38,0.0,0.0,0.0,0.38,0.0,0.38,0.0,0.0,0.0,0.0,0.38,100.0,3.03,12.5,1.51,0.38,0.0,6.81,1.89,0.38,12.48,60.61,3.03,37.5,3.78,60.0,3.03,62.5,11.34,63.33,0.76,50.0,12.88,10.79,0.0,0.0,0.0,0.0,0.38,0.0,0.0,1.89,40.0,0.38,0.0,0.38,0.0,0.0,0.0,0.76,50.0,0,,0,,0,0.0,0.0,0.0,,,0.0,,,0.0,0.0,0.0,0.0,0,0.0
B. Eizenchart,Chojniczanka Chojnice,Resovia Rzeszów,"LW, LWF, LAMF",24,0,2027-06-30,23,1594,1,2.38,3,4.54,12.99,42.61,Poland,Poland,left,182,80,no,5.03,4.23,54.67,2.43,41.86,0.23,0.32,0.11,2.48,3.47,0.45,4,0.23,0,0.0,3.05,0.06,1,0.06,0.13,0,0.0,21,1.19,57.14,4.762,0.17,3.9,40.58,3.44,40.98,0.45,37.5,0.51,1.13,50.0,4.18,40.54,1.92,1.19,0.73,19.71,2.37,0.51,28.06,66.2,7.85,57.55,4.8,89.41,10.9,65.28,21.62,74.15,2.82,40.0,19.97,33.95,0.26,1.81,0.0,0.0,0.34,66.67,0.56,3.44,50.82,4.35,51.95,0.28,40.0,1.19,1.58,7.11,74.6,0,,0,,0,0.0,0.0,0.0,,,0.23,,,1.3,0.28,100.0,2.99,0,0.0
K. Kargulewicz,Pogoń Grod. Mazowiecki,Tychy 71,"RWB, AMF, RB",25,0,2027-06-30,4,103,0,0.0,0,0.04,20.97,16.67,Poland,Poland,,172,0,no,6.99,11.36,30.77,0.87,0.0,0.0,0.0,0.0,3.5,4.14,2.62,0,0.0,0,0.0,0.0,0.0,0,0.0,0.0,0,0.0,0,0.0,0.0,0.0,0.0,0.87,0.0,0.0,0.0,0.87,0.0,0.0,3.5,0.0,5.24,0.0,0.87,0.87,0.0,9.61,1.75,0.0,13.98,81.25,6.12,71.43,2.62,100.0,1.75,50.0,13.11,86.67,0.0,0.0,7.34,0.0,0.04,0.87,0.0,0.0,0.0,0.0,0.0,0.87,100.0,0.87,0.0,0.0,0.0,0.87,0.0,2.62,33.33,0,,0,,0,0.0,0.0,0.0,,,0.0,,,0.0,0.0,0.0,0.0,0,0.0
B. Neugebauer,Jastrzębie,Chojniczanka Chojnice,GK,24,0,2027-06-30,5,496,0,0.0,0,0.0,0.91,100.0,Poland,Poland,right,188,83,no,1.27,0.36,100.0,0.36,100.0,0.0,0.0,0.0,0.91,1.39,0.0,0,0.0,0,0.0,0.0,0.0,0,0.0,0.0,0,0.0,0,0.0,0.0,0.0,0.0,0.0,0.0,0.0,0.0,0.0,0.0,0.0,0.0,0.0,0.0,0.0,0.0,0.0,0.0,6.9,0.18,0.0,11.43,73.02,7.62,59.52,0.0,0.0,3.27,100.0,5.63,96.77,5.81,50.0,34.38,50.01,0.0,0.0,0.0,0.0,0.0,0.0,0.0,1.09,33.33,0.18,0.0,0.0,0.0,0.0,0.0,4.17,65.22,10,1.81,17,3.08,0,41.18,5.91,1.07,-4.09,-0.742,0.0,1.45,0.36,,,,0.0,0,0.0
K. Sadłocha,Stal Mielec,Stal Rzeszów,"CF, AMF",23,0,2027-06-30,23,557,2,1.7,0,0.31,19.07,33.9,Poland,Poland,both,172,78,no,5.49,5.98,64.86,2.42,6.67,0.32,0.59,0.16,1.29,2.35,2.42,4,0.65,0,0.0,1.45,0.32,2,0.32,0.27,0,0.0,18,2.91,33.33,11.111,0.0,0.48,33.33,0.0,0.0,0.48,33.33,0.0,1.94,16.67,6.95,20.93,2.75,0.0,0.16,11.31,0.48,0.81,16.97,76.19,4.04,64.0,4.2,88.46,4.52,71.43,15.67,78.35,0.97,50.0,13.66,8.21,0.05,0.65,0.0,0.0,0.16,0.0,0.32,1.94,50.0,0.16,0.0,0.16,0.0,0.65,0.0,1.94,50.0,0,,0,,0,0.0,0.0,0.0,,,0.0,,,0.48,0.32,0.0,0.48,0,0.0
W. Szywacz,Wisła Kraków II,Wisła Kraków,"LAMF, AMF, LCMF",24,0,2027-06-30,13,248,0,0.24,0,0.57,20.69,42.11,Poland,Poland,left,184,70,no,6.9,7.26,45.0,2.9,25.0,0.36,0.67,0.36,3.27,6.0,2.54,1,0.36,0,0.0,3.27,0.0,0,0.0,0.09,0,0.0,4,1.45,25.0,0.0,0.0,4.72,30.77,3.27,22.22,1.45,50.0,1.45,1.81,60.0,7.26,45.0,2.18,0.73,1.09,19.96,0.36,1.81,31.94,67.05,14.15,56.41,5.81,87.5,6.9,73.68,26.49,73.97,1.09,33.33,14.9,9.63,0.21,2.18,0.0,0.0,2.9,12.5,1.09,6.17,64.71,4.72,38.46,2.9,12.5,0.0,2.18,5.81,68.75,0,,0,,0,0.0,0.0,0.0,,,0.0,,,0.36,0.0,0.0,2.9,0,0.0
M. Predenkiewicz,Zagłębie Sosnowiec,Arka Gdynia,"LAMF, RW, RAMF",22,0,2028-06-30,2,99,0,0.39,0,0.34,30.0,42.42,Poland,Poland,right,0,0,no,10.91,9.09,80.0,5.45,50.0,0.91,1.43,0.0,2.73,4.29,1.82,0,0.0,0,0.0,6.36,0.0,0,0.0,0.35,0,0.0,2,1.82,100.0,0.0,0.0,3.64,50.0,1.82,50.0,1.82,50.0,1.82,9.09,30.0,13.64,20.0,1.82,0.91,0.0,19.09,2.73,0.0,27.27,76.67,9.09,80.0,7.27,87.5,6.36,57.14,20.0,86.36,4.55,40.0,19.9,37.26,0.31,2.73,0.0,0.0,0.0,0.0,0.91,1.82,50.0,5.45,100.0,0.0,0.0,3.64,1.82,6.36,85.71,0,,0,,0,0.0,0.0,0.0,,,0.91,,,0.0,0.0,0.0,0.0,0,0.0
M. Barć,Zagłębie Sosnowiec,Zagłębie Sosnowiec,LW,22,0,2029-06-30,1,2,0,0.0,0,0.0,,,Poland,Poland,,170,62,no,,,,,,,0.0,,,0.0,,0,,0,,,,0,,,0,,0,,,0.0,,,,,,,,,,,,,,,,,,,,,,,,,,,,,,,0.0,0.0,,,,,,,,,,,,,,,,,,0,,0,,0,0.0,0.0,,,,,,,,,,,0,0.0
P. Maj,,Ruch Chorzów,"RWB, RB",23,0,,3,90,0,0.0,1,0.1,25.0,48.0,Poland,Poland,right,175,71,no,18.0,12.0,50.0,5.0,20.0,2.0,3.0,1.0,10.0,15.0,3.0,0,0.0,0,0.0,6.0,0.0,0,0.0,0.0,0,0.0,0,0.0,0.0,0.0,1.0,4.0,50.0,0.0,0.0,4.0,50.0,0.0,4.0,100.0,5.0,80.0,1.0,1.0,0.0,10.0,0.0,2.0,19.0,57.89,8.0,62.5,1.0,100.0,7.0,42.86,14.0,64.29,1.0,0.0,23.48,13.1,0.1,1.0,0.0,0.0,0.0,0.0,2.0,4.0,75.0,5.0,40.0,1.0,0.0,0.0,2.0,6.0,83.33,0,,0,,0,0.0,0.0,0.0,,,0.0,,,0.0,0.0,0.0,0.0,0,0.0
W. Kłos,,Stal Rzeszów,"RAMF, RWF, RW",26,0,,29,958,2,0.88,0,0.52,20.95,39.91,Poland,Poland,right,178,68,no,5.17,6.11,50.77,1.6,11.76,0.19,0.31,0.0,1.88,3.13,1.5,3,0.28,0,0.0,3.95,0.19,2,0.19,0.08,0,0.0,11,1.03,27.27,18.182,0.0,3.57,28.95,0.09,100.0,3.48,27.03,0.75,4.51,56.25,9.68,39.81,2.91,1.22,0.47,18.13,1.97,2.54,23.96,74.9,6.2,75.76,7.14,94.74,6.2,60.61,19.07,86.21,1.5,37.5,15.37,10.2,0.05,0.75,0.09,0.0,0.09,100.0,0.28,1.5,75.0,2.44,53.85,0.19,0.0,0.66,1.03,4.04,74.42,0,,0,,0,0.0,0.0,0.0,,,0.56,,,0.0,0.0,0.0,0.0,0,0.0
M. Machała,Wigry Suwałki,SKRA Częstochowa,RCB,26,0,2027-06-30,5,480,0,0.1,0,0.0,17.81,56.84,Poland,Poland,right,183,79,no,11.81,8.06,60.47,6.0,62.5,0.94,1.01,0.75,6.0,6.49,1.69,2,0.38,0,0.0,0.0,0.0,0,0.0,0.02,0,0.0,2,0.38,0.0,0.0,0.0,0.19,0.0,0.0,0.0,0.19,0.0,0.0,0.0,0.0,0.75,50.0,0.19,0.19,0.0,13.5,0.0,0.38,24.19,68.99,13.31,52.11,1.69,88.89,5.81,87.1,19.31,76.7,4.69,40.0,19.62,34.91,0.0,0.0,0.0,0.0,0.0,0.0,0.0,3.75,55.0,0.56,0.0,0.19,0.0,0.0,0.0,5.44,48.28,0,,0,,0,0.0,0.0,0.0,,,0.94,,,0.0,0.0,0.0,0.0,0,0.0
K. Turek,Górnik Łęczna,Górnik Łęczna,"LWB, LB, LCMF",26,0,2028-06-30,13,400,1,1.06,0,0.15,23.18,44.66,Poland,Poland,left,185,71,no,12.15,7.65,55.88,4.5,50.0,0.68,1.11,0.68,7.2,11.85,2.7,1,0.23,0,0.0,2.7,0.23,1,0.23,0.24,0,0.0,6,1.35,50.0,16.667,0.0,3.15,14.29,2.7,8.33,0.45,50.0,0.23,3.38,46.67,8.1,38.89,2.7,0.68,1.13,15.75,1.8,1.35,25.87,67.83,10.13,68.89,3.38,80.0,8.33,72.97,20.25,78.89,2.7,41.67,16.16,13.48,0.03,0.68,0.0,0.0,0.0,0.0,0.23,3.6,56.25,2.03,11.11,0.23,0.0,0.0,0.45,5.63,56.0,0,,0,,0,0.0,0.0,0.0,,,0.0,,,0.0,0.0,0.0,0.0,0,0.0
Mateusz Bartosiak,KSZO,Chojniczanka Chojnice,"CB, RCB, LCB",26,0,2027-06-30,19,1606,0,0.15,0,0.01,14.68,56.49,Poland,Poland,right,188,0,no,8.29,6.05,67.59,4.2,54.67,0.11,0.15,0.28,4.09,5.63,0.95,4,0.22,1,0.06,0.56,0.0,0,0.0,0.01,0,0.0,2,0.11,0.0,0.0,0.0,0.45,25.0,0.0,0.0,0.39,14.29,0.06,0.62,54.55,2.07,43.24,0.22,0.78,0.39,25.5,0.34,0.39,39.28,86.02,16.7,76.85,2.63,95.74,15.69,94.29,34.74,91.77,4.09,43.84,19.83,33.13,0.0,0.06,0.0,0.0,0.28,40.0,0.0,4.03,63.89,0.9,37.5,0.56,30.0,0.22,0.11,5.94,66.04,0,,0,,0,0.0,0.0,0.0,,,1.23,,,0.0,0.0,0.0,0.0,0,0.0
A. Ryczkowski,Legia Warszawa II,Chojniczanka Chojnice,"RWB, LAMF, LWB",29,0,2027-06-30,28,1373,1,2.45,0,1.36,16.98,47.1,Poland,Poland,right,178,69,no,6.69,5.64,58.14,2.1,43.75,0.13,0.2,0.07,3.28,4.9,0.59,3,0.2,0,0.0,3.61,0.07,1,0.07,0.16,0,0.0,22,1.44,40.91,4.545,0.0,2.23,38.24,1.05,25.0,1.11,47.06,0.33,3.67,55.36,7.21,46.36,1.7,2.03,1.25,17.76,1.38,0.72,29.69,76.82,10.16,70.97,4.72,87.5,9.31,75.35,24.71,82.23,2.75,59.52,15.87,19.03,0.09,0.98,0.07,0.0,0.39,33.33,0.39,3.54,61.11,2.69,56.1,0.46,0.0,0.79,0.92,4.92,72.0,0,,0,,0,0.0,0.0,0.0,,,0.07,,,0.2,0.07,0.0,0.52,0,0.0
B. Chęciński,Zagłębie Sosnowiec,Zagłębie Sosnowiec,"LCMF, RCMF, CB",22,0,2027-06-30,4,97,0,0.03,0,0.0,26.91,48.28,Poland,Poland,right,183,73,no,15.77,10.21,72.73,6.49,28.57,0.0,0.0,0.0,8.35,15.0,2.78,0,0.0,0,0.0,0.93,0.0,0,0.0,0.03,0,0.0,1,0.93,0.0,0.0,0.0,0.93,0.0,0.93,0.0,0.0,0.0,0.0,0.93,0.0,4.64,40.0,0.0,0.93,0.0,21.34,0.93,1.86,39.9,79.07,12.99,50.0,4.64,100.0,17.63,94.74,32.47,82.86,6.49,71.43,16.03,14.82,0.0,0.0,0.0,0.0,0.93,100.0,0.0,2.78,33.33,1.86,50.0,0.93,0.0,0.93,0.0,4.64,40.0,0,,0,,0,0.0,0.0,0.0,,,0.93,,,0.0,0.0,0.0,0.0,0,0.0
T. Grabowski,Wikielec,Resovia Rzeszów,GK,23,0,2027-06-30,1,55,0,0.0,0,0.0,0.0,0.0,Poland,Poland,,0,0,no,1.64,0.0,0.0,0.0,0.0,0.0,0.0,0.0,1.64,2.5,0.0,0,0.0,0,0.0,0.0,0.0,0,0.0,0.0,0,0.0,0,0.0,0.0,0.0,0.0,0.0,0.0,0.0,0.0,0.0,0.0,0.0,0.0,0.0,0.0,0.0,0.0,0.0,0.0,16.36,1.64,0.0,26.18,87.5,14.73,88.89,0.0,0.0,11.45,85.71,16.36,90.0,9.82,83.33,30.51,42.36,0.0,0.0,0.0,0.0,0.0,0.0,0.0,1.64,100.0,0.0,0.0,0.0,0.0,0.0,0.0,9.82,66.67,2,3.27,4,6.55,0,50.0,1.47,2.4,-0.53,-0.867,0.0,0.0,0.0,,,,0.0,0,0.0
R. Mustafaev,Chojniczanka Chojnice,Stal Rzeszów,"CF, RB, LAMF",22,0,2027-06-30,24,1266,0,1.67,0,0.34,17.35,34.02,Russia,Russia,right,183,70,no,4.69,4.12,41.38,1.78,16.0,0.36,0.53,0.07,2.63,3.94,1.78,2,0.14,0,0.0,1.78,0.0,0,0.0,0.12,0,0.0,16,1.14,12.5,0.0,0.0,0.85,16.67,0.14,0.0,0.71,20.0,0.0,3.2,46.67,8.25,37.07,1.71,1.14,1.14,14.0,0.92,1.56,22.89,78.57,8.39,65.25,5.9,97.59,5.83,81.71,19.55,85.09,2.56,47.22,16.46,17.43,0.02,0.43,0.07,0.0,0.0,0.0,0.21,3.06,72.09,1.28,66.67,0.14,0.0,0.71,0.14,4.69,60.61,0,,0,,0,0.0,0.0,0.0,,,0.78,,,0.0,0.0,0.0,0.0,0,0.0
M. Koj,Wieczysta Kraków,Puszcza Niepołomice,LB,33,0,2027-06-30,24,2227,3,1.75,1,0.85,16.89,55.02,Poland,Poland,left,188,81,no,11.23,8.04,64.32,4.36,50.0,0.32,0.49,0.48,5.74,8.71,1.86,9,0.36,0,0.0,1.17,0.12,3,0.12,0.07,1,0.04,22,0.89,31.82,13.636,0.04,1.7,42.86,1.7,42.86,0.0,0.0,0.16,0.16,75.0,1.29,62.5,1.45,0.24,0.04,12.33,1.13,1.13,22.07,64.29,11.32,55.36,2.38,83.05,5.98,73.65,15.68,72.68,4.69,43.97,22.55,36.29,0.03,0.44,0.0,0.04,0.16,25.0,0.2,4.73,49.57,2.18,42.59,0.4,30.0,0.44,0.69,6.47,69.38,0,,0,,0,0.0,0.0,0.0,,,0.36,,,0.0,0.0,0.0,0.04,0,0.0
Joan Román,,Podbeskidzie Bielsko-Biała,"AMF, LWF, LAMF",33,0,,31,2608,16,11.44,8,6.2,18.43,40.82,Spain,Spain,both,175,65,no,3.69,3.45,62.0,1.04,13.33,0.03,0.05,0.0,1.52,2.39,0.66,4,0.14,0,0.0,4.97,0.55,13,0.45,0.39,0,0.0,93,3.21,41.94,17.204,0.28,1.14,39.39,0.59,29.41,0.45,53.85,0.21,4.76,52.17,11.97,37.75,4.59,3.11,1.9,27.57,1.31,1.1,37.06,78.03,12.01,67.82,7.11,89.32,10.25,84.18,33.99,80.81,1.97,52.63,15.86,31.19,0.21,2.0,0.03,0.03,1.62,42.55,1.04,4.21,62.3,3.8,67.27,1.45,33.33,2.62,0.41,5.38,78.85,0,,0,,0,0.0,0.0,0.0,,,0.0,,,0.24,0.07,0.0,0.79,3,100.0
S. Steblecki,Warta Poznań,Chrobry Głogów,"AMF, CF",34,0,2027-06-30,33,2543,7,5.13,2,2.67,20.07,45.5,Poland,Poland,right,187,75,no,4.99,4.14,61.54,3.43,39.18,0.42,0.56,0.04,2.02,2.68,0.67,6,0.21,1,0.04,4.71,0.25,6,0.21,0.18,0,0.0,49,1.73,36.73,14.286,0.07,2.09,30.51,0.99,25.0,1.1,35.48,0.39,4.88,60.87,10.19,44.1,3.01,2.58,0.32,20.53,1.84,1.1,30.44,77.91,10.44,69.49,5.52,94.87,8.74,79.35,26.22,83.27,2.16,57.38,18.12,32.67,0.09,0.74,0.04,0.04,0.88,52.0,0.46,4.85,72.26,2.87,50.62,1.03,41.38,1.06,0.64,5.56,84.71,0,,0,,0,0.0,0.0,0.0,,,0.04,,,0.0,0.0,0.0,0.11,1,100.0
