Player,Team,Team within selected timeframe,Position,Age,Market value,Contract expires,Matches played,Minutes played,Goals,xG,Assists,xA,Duels per 90,"Duels won, %",Birth country,Passport country,Foot,Height,Weight,On loan,Successful defensive actions per 90,Defensive duels per 90,"Defensive duels won, %",Aerial duels per 90,"Aerial duels won, %",Sliding tackles per 90,PAdj Sliding tackles,Shots blocked per 90,Interceptions per 90,PAdj Interceptions,Fouls per 90,Yellow cards,Yellow cards per 90,Red cards,Red cards per 90,Successful attacking actions per 90,Goals per 90,Non-penalty goals,Non-penalty goals per 90,xG per 90,Head goals,Head goals per 90,Shots,Shots per 90,"Shots on target, %","Goal conversion, %",Assists per 90,Crosses per 90,"Accurate crosses, %",Crosses from left flank per 90,"Accurate crosses from left flank, %",Crosses from right flank per 90,"Accurate crosses from right flank, %",Crosses to goalie box per 90,Dribbles per 90,"Successful dribbles, %",Offensive duels per 90,"Offensive duels won, %",Touches in box per 90,Progressive runs per 90,Accelerations per 90,Received passes per 90,Received long passes per 90,Fouls suffered per 90,Passes per 90,"Accurate passes, %",Forward passes per 90,"Accurate forward passes, %",Back passes per 90,"Accurate back passes, %",Lateral passes per 90,"Accurate lateral passes, %",Short / medium passes per 90,"Accurate short / medium passes, %",Long passes per 90,"Accurate long passes, %","Average pass length, m","Average long pass length, m",xA per 90,Shot assists per 90,Second assists per 90,Third assists per 90,Smart passes per 90,"Accurate smart passes, %",Key passes per 90,Passes to final third per 90,"Accurate passes to final third, %",Passes to penalty area per 90,"Accurate passes to penalty area, %",Through passes per 90,"Accurate through passes, %",Deep completions per 90,Deep completed crosses per 90,Progressive passes per 90,"Accurate progressive passes, %",Conceded goals,Conceded goals per 90,Shots against,Shots against per 90,Clean sheets,"Save rate, %",xG against,xG against per 90,Prevented goals,Prevented goals per 90,Back passes received as GK per 90,Exits per 90,Aerial duels per 90.1,Free kicks per 90,Direct free kicks per 90,"Direct free kicks on target, %",Corners per 90,Penalties taken,"Penalty conversion, %"
S. Nanasi,Strasbourg,Malmö FF,"LW, LAMF, LCMF",24,8000000,2029-06-30,17,1427,6,4.52,9,6.18,17.41,52.54,Sweden,"Sweden, Hungary",right,178,71,no,4.6,3.91,69.35,0.88,21.43,0.0,0.0,0.0,1.89,3.03,0.25,1,0.06,0,0.0,5.49,0.38,6,0.38,0.28,0,0.0,42,2.65,42.86,14.286,0.57,2.33,48.65,1.77,46.43,0.57,55.56,0.38,4.98,53.16,11.16,48.02,6.05,4.23,0.95,40.68,0.63,1.2,50.33,83.08,16.33,76.06,10.91,91.91,11.54,88.52,45.6,85.34,2.46,74.36,15.16,27.01,0.39,3.03,0.19,0.06,1.14,50.0,1.2,6.24,79.8,4.48,67.61,1.07,41.18,3.53,1.01,8.14,89.15,0,,0,,0,0.0,0.0,0.0,,,0.06,,,0.38,0.06,0.0,4.04,0,0
E. Botheim,Malmö FF,Malmö FF,"CF, AMF",26,3500000,2027-12-31,30,2297,13,12.05,5,3.8,17.0,38.25,Norway,Norway,right,187,70,no,2.7,2.94,58.67,3.57,37.36,0.08,0.13,0.12,0.9,1.46,0.94,1,0.04,0,0.0,1.96,0.51,12,0.47,0.47,2,0.08,58,2.27,50.0,22.414,0.2,0.39,50.0,0.08,50.0,0.31,50.0,0.04,1.14,48.28,6.97,30.34,3.92,0.71,0.24,18.26,0.86,1.18,23.08,83.7,3.88,63.64,7.88,93.03,6.27,84.38,22.41,85.14,0.31,25.0,12.91,7.47,0.15,1.1,0.16,0.16,0.08,100.0,0.47,1.29,66.67,0.98,64.0,0.08,100.0,1.18,0.16,1.88,75.0,0,,0,,0,0.0,0.0,0.0,,,0.0,,,0.0,0.0,0.0,0.0,1,100
M. Baidoo,Umm Salal,Elfsborg,"CF, AMF",27,3000000,2028-06-30,27,2276,10,3.95,2,2.17,14.47,40.44,Ghana,Ghana,right,174,70,no,4.82,4.98,56.35,1.11,32.14,0.0,0.0,0.4,2.02,2.21,1.3,3,0.12,1,0.04,2.17,0.4,9,0.36,0.16,0,0.0,41,1.62,51.22,24.39,0.08,0.67,35.29,0.36,44.44,0.32,25.0,0.16,1.66,50.0,6.21,30.57,2.53,1.62,0.59,21.23,1.46,0.79,29.66,84.27,7.43,75.0,7.55,95.29,10.08,86.67,27.25,88.39,1.82,39.13,17.57,32.89,0.09,1.11,0.0,0.08,0.4,70.0,0.36,3.28,77.11,2.53,67.19,0.47,58.33,1.82,0.24,3.84,76.29,0,,0,,0,0.0,0.0,0.0,,,0.83,,,0.0,0.0,0.0,0.0,1,100
J. Erabi,Genk,Hammarby,CF,23,3000000,2029-06-30,23,1806,8,7.24,2,1.8,23.07,28.08,Sweden,"Sweden, Afghanistan",right,183,84,no,3.14,1.84,48.65,5.63,25.66,0.05,0.07,0.2,2.19,3.28,0.9,1,0.05,0,0.0,1.5,0.4,8,0.4,0.36,4,0.2,37,1.84,43.24,21.622,0.1,0.15,0.0,0.0,0.0,0.15,0.0,0.05,1.4,46.43,11.41,23.14,3.14,0.65,0.0,8.62,1.74,1.64,12.41,82.73,1.25,68.0,4.63,89.25,3.89,84.62,11.91,84.52,0.35,57.14,14.66,6.75,0.09,0.35,0.0,0.05,0.05,100.0,0.25,0.55,81.82,0.4,37.5,0.05,100.0,0.4,0.05,1.0,50.0,0,,0,,0,0.0,0.0,0.0,,,0.1,,,0.1,0.1,0.0,0.0,0,0
D. Cornelius,Olympique Marseille,Malmö FF,LCB,28,2800000,2028-06-30,12,1146,2,1.41,0,0.19,15.0,69.63,Canada,"Canada, Jamaica",left,187,86,no,10.37,5.5,72.86,4.63,64.41,0.47,0.7,0.79,5.89,8.75,0.55,1,0.08,0,0.0,1.1,0.16,2,0.16,0.11,2,0.16,12,0.94,41.67,16.667,0.0,0.0,0.0,0.0,0.0,0.0,0.0,0.0,0.94,75.0,2.43,77.42,1.18,0.55,0.08,50.26,0.16,1.34,66.44,94.09,25.84,89.36,3.38,95.35,27.33,98.56,63.14,95.77,3.3,61.9,16.99,39.25,0.02,0.24,0.0,0.16,0.0,0.0,0.0,3.61,78.26,0.08,0.0,0.0,0.0,0.08,0.0,7.93,72.28,0,,0,,0,0.0,0.0,0.0,,,0.79,,,0.08,0.08,0.0,0.0,0,0
J. Widell Zetterström,Derby County,Djurgården,GK,28,2500000,2027-06-30,17,1705,0,0.0,0,0.0,1.11,80.95,Sweden,Sweden,right,197,84,no,1.9,0.16,66.67,0.58,81.82,0.05,0.07,0.0,1.74,2.17,0.0,0,0.0,0,0.0,0.05,0.0,0,0.0,0.0,0,0.0,0,0.0,0.0,0.0,0.0,0.0,0.0,0.0,0.0,0.0,0.0,0.0,0.05,100.0,0.16,100.0,0.0,0.0,0.0,9.55,0.26,0.21,15.57,83.39,8.92,73.96,0.0,0.0,5.75,96.33,10.35,96.43,5.17,58.16,32.92,53.75,0.0,0.0,0.0,0.0,0.0,0.0,0.0,1.85,45.71,0.11,0.0,0.21,25.0,0.0,0.0,3.7,67.14,16,0.84,56,2.96,7,71.43,15.53,0.82,-0.47,-0.025,0.0,2.32,0.58,,,,0.0,0,0
I. Pittas,CSKA Sofia,AIK,CF,30,2500000,2028-06-30,30,2824,14,12.6,1,1.03,19.54,37.03,Cyprus,Cyprus,right,180,72,no,4.78,4.53,67.61,3.35,25.71,0.41,0.52,0.03,1.31,1.63,0.86,2,0.06,0,0.0,2.71,0.45,14,0.45,0.4,2,0.06,90,2.87,43.33,15.556,0.03,0.8,16.0,0.41,15.38,0.38,16.67,0.1,2.71,48.24,7.49,27.23,3.76,1.34,0.76,9.82,1.72,0.76,13.32,80.14,1.63,74.51,4.56,93.71,3.76,71.19,12.08,85.49,0.48,53.33,14.96,15.93,0.03,0.54,0.03,0.0,0.06,50.0,0.19,0.8,72.0,0.96,43.33,0.13,50.0,0.73,0.1,1.12,62.86,0,,0,,0,0.0,0.0,0.0,,,0.13,,,0.0,0.0,0.0,0.03,0,0
O. Dovin,Coventry City,Hammarby,GK,24,2500000,2028-06-30,13,1282,0,0.0,0,0.18,1.19,82.35,England,"England, Sweden",right,187,77,no,1.83,0.0,0.0,0.77,90.91,0.0,0.0,0.0,1.83,2.61,0.0,0,0.0,0,0.0,0.07,0.0,0,0.0,0.0,0,0.0,0,0.0,0.0,0.0,0.0,0.0,0.0,0.0,0.0,0.0,0.0,0.0,0.14,50.0,0.21,66.67,0.0,0.0,0.0,11.37,0.07,0.14,21.76,87.1,9.48,74.81,0.07,100.0,10.53,96.67,16.5,97.45,5.27,54.67,25.45,46.92,0.01,0.07,0.0,0.0,0.0,0.0,0.07,1.26,38.89,0.0,0.0,0.35,20.0,0.0,0.0,4.0,64.91,15,1.05,56,3.93,4,73.21,14.33,1.01,-0.67,-0.047,0.0,1.4,0.77,,,,0.0,0,0
I. Kiese Thelin,,Malmö FF,CF,34,2200000,,26,1989,15,12.64,4,0.96,21.04,31.61,Sweden,"Sweden, Congo DR",right,189,83,no,2.81,2.08,39.13,6.7,45.27,0.14,0.22,0.09,1.86,2.96,1.9,3,0.14,0,0.0,1.63,0.68,15,0.68,0.57,4,0.18,63,2.85,50.79,23.81,0.18,0.45,30.0,0.09,50.0,0.32,14.29,0.05,0.45,10.0,6.65,21.09,4.98,0.45,0.18,7.65,1.58,0.68,12.4,68.61,2.9,59.38,3.03,83.58,1.95,65.12,11.9,69.96,0.14,33.33,11.68,4.8,0.04,0.41,0.14,0.09,0.09,0.0,0.32,0.68,40.0,0.9,50.0,0.09,0.0,1.22,0.14,0.77,52.94,0,,0,,0,0.0,0.0,0.0,,,0.0,,,0.0,0.0,0.0,0.0,0,0
A. Salétros,Chicago Fire,AIK,"RCMF, LCMF",30,2200000,2028-12-31,27,2535,3,1.11,1,2.89,17.75,55.0,Sweden,Sweden,left,183,73,no,9.3,8.91,62.15,1.74,51.02,0.25,0.3,0.21,3.51,4.29,1.31,4,0.14,0,0.0,2.13,0.11,3,0.11,0.04,1,0.04,28,0.99,32.14,10.714,0.04,2.13,26.67,1.1,22.58,0.96,29.63,0.25,1.85,57.69,4.76,46.27,0.82,1.6,0.75,37.24,0.36,1.21,52.51,85.33,18.11,78.43,8.95,96.43,15.3,85.38,44.88,91.69,5.57,56.05,16.98,34.8,0.1,1.17,0.11,0.04,0.21,83.33,0.32,8.52,78.33,3.69,53.85,0.78,54.55,1.35,0.53,8.31,78.63,0,,0,,0,0.0,0.0,0.0,,,0.67,,,1.31,0.32,44.44,2.66,0,0
S. Gustafson,Korona Kielce,Häcken,"DMF, RDMF, RCMF",31,2000000,2027-06-30,28,2734,6,4.02,3,3.46,17.15,57.01,Sweden,Sweden,left,185,80,no,9.12,6.55,69.85,1.84,48.21,0.2,0.28,0.23,4.35,6.2,0.63,7,0.23,0,0.0,1.68,0.2,4,0.13,0.13,1,0.03,24,0.79,45.83,25.0,0.1,1.05,34.38,0.56,35.29,0.49,33.33,0.07,0.79,75.0,6.65,50.99,2.21,1.98,0.3,51.16,0.56,1.84,68.37,88.83,20.61,81.63,10.34,96.82,27.42,92.44,62.81,91.67,4.54,62.32,18.82,39.79,0.11,1.35,0.1,0.07,0.49,73.33,0.13,12.81,79.69,3.26,58.59,0.72,36.36,1.81,0.4,11.13,86.69,0,,0,,0,0.0,0.0,0.0,,,1.05,,,0.07,0.03,0.0,0.95,2,100
Z. Inoussa,Swansea City,Häcken,"LWF, LW, LAMF",24,2000000,2030-06-30,22,1787,6,4.19,2,2.88,25.53,42.8,Sweden,"Sweden, Benin",right,177,67,no,5.89,6.14,52.46,1.01,20.0,0.25,0.36,0.0,2.42,3.49,1.31,3,0.15,0,0.0,5.04,0.3,6,0.3,0.21,1,0.05,37,1.86,40.54,16.216,0.1,2.42,18.75,1.91,18.42,0.45,22.22,0.45,6.55,56.92,15.06,43.14,5.54,3.63,1.01,24.58,2.47,2.57,31.78,83.04,6.55,73.85,9.42,95.72,9.27,82.07,28.76,88.97,0.65,53.85,16.36,17.64,0.15,1.41,0.1,0.05,0.1,100.0,0.55,1.66,81.82,2.67,56.6,0.15,66.67,2.42,0.6,3.98,68.35,0,,0,,0,0.0,0.0,0.0,,,0.05,,,0.1,0.0,0.0,0.96,0,0
A. Zeneli,Elfsborg,Elfsborg,"LW, LAMF, RW",31,2000000,2027-12-31,27,1735,5,3.75,7,4.72,20.28,39.13,Sweden,"Sweden, Kosovo",right,176,72,no,4.62,4.98,59.38,0.99,15.79,0.1,0.11,0.1,1.56,1.63,0.36,0,0.0,0,0.0,4.88,0.26,5,0.26,0.19,0,0.0,39,2.02,38.46,12.821,0.36,2.75,32.08,1.82,25.71,0.93,44.44,0.31,5.71,54.55,11.78,35.68,3.32,2.44,0.57,21.01,1.87,0.73,29.2,76.38,7.0,65.93,7.88,92.76,7.57,76.03,25.11,82.23,1.76,55.88,16.97,30.25,0.24,1.92,0.16,0.0,0.36,28.57,0.67,1.82,68.57,4.05,55.13,0.73,28.57,1.92,0.67,4.51,79.31,0,,0,,0,0.0,0.0,0.0,,,0.16,,,0.99,0.21,50.0,3.22,0,0
Rui Modesto,Udinese,AIK,RW,26,2000000,2029-06-30,20,1879,6,3.75,7,4.61,20.55,36.83,Angola,"Angola, Portugal",right,180,78,no,6.51,5.56,57.76,5.13,29.91,0.43,0.53,0.19,2.87,3.53,1.05,0,0.0,0,0.0,3.02,0.29,6,0.29,0.18,2,0.1,29,1.39,37.93,20.69,0.34,3.69,42.86,0.14,66.67,3.54,41.89,0.29,1.58,57.58,6.47,32.59,4.65,1.53,0.43,19.78,4.26,0.57,27.83,72.12,6.61,58.7,6.95,95.17,7.86,65.24,22.18,79.05,2.35,55.1,17.42,32.68,0.22,1.48,0.05,0.05,0.1,0.0,1.01,2.11,70.45,3.16,45.45,0.29,33.33,1.2,1.25,4.74,67.68,0,,0,,0,0.0,0.0,0.0,,,0.19,,,0.0,0.0,0.0,0.0,0,0
S. Vecchia,Malmö FF,Malmö FF,"CF, LW, LAMF",31,1800000,2026-12-31,2,49,1,0.7,0,0.19,23.88,38.46,Sweden,"Sweden, Italy",right,182,80,no,5.51,3.67,100.0,1.84,0.0,0.0,0.0,0.0,1.84,2.73,0.0,0,0.0,0,0.0,1.84,1.84,1,1.84,1.29,0,0.0,1,1.84,100.0,100.0,0.0,0.0,0.0,0.0,0.0,0.0,0.0,0.0,0.0,0.0,14.69,25.0,7.35,0.0,0.0,14.69,0.0,1.84,25.71,100.0,3.67,100.0,11.02,100.0,0.0,0.0,25.71,100.0,0.0,0.0,7.66,0.0,0.34,3.67,0.0,0.0,0.0,0.0,0.0,0.0,0.0,0.0,0.0,0.0,0.0,5.51,0.0,0.0,0.0,0,,0,,0,0.0,0.0,0.0,,,0.0,,,0.0,0.0,0.0,0.0,0,0
A. Baldursson,Kasımpaşa,Elfsborg,"LCMF, LDMF, RCMF",24,1800000,2028-06-30,24,1539,0,0.38,0,0.77,20.0,60.23,Iceland,Iceland,right,187,79,no,11.05,9.18,68.79,3.51,63.33,0.29,0.32,0.29,4.44,4.91,2.16,4,0.23,0,0.0,1.05,0.0,0,0.0,0.02,0,0.0,12,0.7,8.33,0.0,0.0,0.64,18.18,0.47,12.5,0.12,0.0,0.06,1.35,60.87,4.04,49.28,0.47,0.58,0.0,19.06,0.29,1.05,32.05,78.83,12.16,65.87,3.39,94.83,13.57,87.5,25.96,87.39,5.61,43.75,21.8,34.49,0.05,0.53,0.06,0.06,0.29,20.0,0.18,7.6,68.46,1.7,27.59,0.82,7.14,0.64,0.29,7.13,74.59,0,,0,,0,0.0,0.0,0.0,,,0.76,,,0.0,0.0,0.0,0.23,0,0
A. Qasem,Nashville SC,Elfsborg,"CF, LWF, LW",23,1800000,2027-12-31,27,1913,5,5.8,4,2.04,24.42,39.31,Sweden,"Sweden, Iraq",left,178,72,no,6.07,6.02,59.38,4.42,26.6,0.19,0.21,0.05,2.31,2.63,1.32,4,0.19,1,0.05,3.01,0.24,4,0.19,0.27,1,0.05,43,2.02,30.23,11.628,0.19,2.12,22.22,1.83,20.51,0.19,25.0,0.33,3.67,50.0,11.2,34.87,4.05,2.59,0.8,16.18,1.51,0.66,22.25,80.34,4.38,76.34,6.35,92.59,7.57,76.4,19.29,88.05,0.99,52.38,18.45,16.6,0.1,0.99,0.09,0.0,0.14,66.67,0.61,1.69,80.56,2.16,50.0,0.19,50.0,1.13,0.42,2.78,77.97,0,,0,,0,0.0,0.0,0.0,,,0.24,,,0.0,0.0,0.0,0.19,1,100
B. Celina,,AIK,"LW, RCMF, LCMF",29,1800000,,30,2639,4,3.52,3,2.43,15.21,52.24,Kosovo,"Kosovo, Norway",right,181,66,no,6.92,6.07,67.42,0.99,51.72,0.07,0.08,0.03,2.76,3.44,0.75,4,0.14,0,0.0,3.31,0.14,4,0.14,0.12,0,0.0,54,1.84,35.19,7.407,0.1,2.42,38.03,1.94,43.86,0.48,14.29,0.44,3.07,54.44,6.14,43.33,1.43,2.11,0.48,37.38,0.99,0.78,49.14,82.58,14.8,68.2,10.67,96.17,15.24,85.68,41.1,89.21,5.76,53.85,18.04,36.04,0.08,0.82,0.07,0.0,0.41,16.67,0.31,6.55,68.75,4.26,45.6,1.26,24.32,1.3,0.89,7.09,76.92,0,,0,,0,0.0,0.0,0.0,,,0.58,,,0.85,0.14,50.0,1.09,0,0
S. Hrstić,Rheindorf Altach,Häcken,CF,23,1800000,2029-06-30,25,1000,5,3.17,0,0.66,14.04,39.1,Serbia,"Serbia, Croatia",right,192,85,no,4.41,2.61,65.52,3.96,40.91,0.27,0.4,0.36,2.43,3.6,1.17,2,0.18,0,0.0,1.17,0.45,5,0.45,0.29,3,0.27,17,1.53,41.18,29.412,0.0,0.27,66.67,0.0,0.0,0.27,66.67,0.0,0.54,50.0,4.68,32.69,3.15,0.27,0.09,7.83,1.71,0.72,12.6,78.57,1.35,86.67,4.05,93.33,4.5,68.0,11.43,78.74,0.99,72.73,15.3,14.13,0.06,0.63,0.09,0.0,0.09,100.0,0.27,0.81,66.67,0.72,87.5,0.09,100.0,0.63,0.18,1.35,60.0,0,,0,,0,0.0,0.0,0.0,,,0.18,,,0.0,0.0,0.0,0.0,0,0
T. Ali,PAOK,Malmö FF,"LAMF, RAMF, RW",28,1800000,2029-06-30,28,1627,1,4.49,7,4.3,25.33,48.25,Sweden,"Sweden, Somalia",right,174,63,no,5.14,5.26,64.21,0.22,0.0,0.0,0.0,0.06,1.77,2.82,0.44,4,0.22,0,0.0,7.63,0.06,1,0.06,0.25,0,0.0,36,1.99,33.33,2.778,0.39,2.99,27.78,2.05,27.03,0.94,29.41,0.44,9.96,59.44,18.09,45.87,6.86,7.85,2.1,30.04,1.71,1.83,37.28,78.93,8.08,69.18,11.17,93.56,9.02,75.46,33.8,84.29,0.66,33.33,14.6,13.82,0.24,2.1,0.17,0.0,0.39,57.14,0.72,1.27,78.26,4.92,67.42,0.39,57.14,3.65,0.72,4.76,76.74,0,,0,,0,0.0,0.0,0.0,,,0.11,,,0.0,0.0,0.0,0.11,0,0
A. Mucolli,IFK Göteborg,IFK Göteborg,"CF, AMF, LWF",26,1500000,2026-12-31,13,1085,2,2.63,0,1.18,28.95,42.69,Denmark,"Denmark, Albania",left,175,70,no,6.06,7.8,53.19,1.08,7.69,0.08,0.12,0.17,1.82,2.55,2.16,4,0.33,0,0.0,4.89,0.17,2,0.17,0.22,0,0.0,35,2.9,22.86,5.714,0.0,3.73,22.22,2.24,18.52,1.49,27.78,0.17,6.8,50.0,16.51,43.72,4.65,2.24,0.75,21.24,1.08,2.82,30.77,72.78,8.38,61.39,5.81,97.14,10.12,69.67,25.47,81.11,1.91,52.17,17.14,27.15,0.1,0.75,0.08,0.0,0.33,0.0,0.41,4.15,60.0,3.98,35.42,0.41,20.0,1.24,0.83,4.15,74.0,0,,0,,0,0.0,0.0,0.0,,,0.0,,,0.83,0.08,0.0,0.83,1,0
V. Lunddal Fridriksson,Fortuna Düsseldorf,Häcken,RB,24,1500000,2028-06-30,10,744,3,2.18,0,0.8,12.94,51.4,Iceland,Iceland,right,191,82,no,8.95,6.53,59.26,1.21,60.0,0.12,0.16,0.85,4.96,6.61,0.97,2,0.24,0,0.0,2.54,0.36,3,0.36,0.26,0,0.0,9,1.09,66.67,33.333,0.0,2.18,33.33,0.0,0.0,2.18,33.33,0.0,1.94,50.0,3.27,37.04,2.3,2.54,0.36,36.65,3.75,0.36,44.52,83.15,14.4,70.59,10.16,96.43,13.91,86.09,38.47,90.88,4.23,37.14,20.46,40.22,0.1,1.09,0.0,0.0,0.12,100.0,0.73,5.32,68.18,1.81,53.33,0.48,25.0,1.33,0.6,7.14,69.49,0,,0,,0,0.0,0.0,0.0,,,0.73,,,0.12,0.0,0.0,0.0,0,0
E. Chilufya,Midtjylland,Häcken,CF,26,1500000,2028-12-31,11,635,2,1.73,1,0.92,16.16,26.32,Zambia,Zambia,right,171,65,no,2.27,2.98,57.14,2.27,31.25,0.0,0.0,0.0,0.57,0.76,0.85,1,0.14,0,0.0,1.28,0.28,2,0.28,0.24,0,0.0,10,1.42,40.0,20.0,0.14,0.57,0.0,0.14,0.0,0.43,0.0,0.14,1.42,40.0,7.37,15.38,4.39,1.56,1.13,9.64,1.56,0.43,12.47,80.68,1.56,81.82,4.68,93.94,3.12,72.73,11.62,85.37,0.28,50.0,14.58,3.44,0.13,0.71,0.0,0.0,0.28,50.0,0.28,0.43,66.67,0.57,75.0,0.14,100.0,0.85,0.0,1.28,44.44,0,,0,,0,0.0,0.0,0.0,,,0.0,,,0.0,0.0,0.0,0.0,0,0
P. Jansson,Malmö FF,Malmö FF,"RCB, CB",35,1200000,2027-12-31,26,2564,1,1.63,0,1.7,11.02,65.92,Sweden,Sweden,right,194,86,no,8.42,3.02,75.58,5.05,70.14,0.11,0.17,0.74,6.04,9.54,0.53,2,0.07,0,0.0,0.39,0.04,1,0.04,0.06,1,0.04,17,0.6,23.53,5.882,0.0,0.07,50.0,0.04,0.0,0.04,100.0,0.04,0.21,83.33,1.16,45.45,1.3,0.28,0.07,43.32,0.35,0.56,58.16,93.0,20.04,86.51,2.18,96.77,28.57,98.16,55.32,95.18,2.77,50.63,18.92,36.78,0.06,0.14,0.0,0.04,0.04,100.0,0.11,3.72,73.58,0.21,16.67,0.11,0.0,0.21,0.04,6.21,71.19,0,,0,,0,0.0,0.0,0.0,,,1.19,,,0.0,0.0,0.0,0.0,0,0
S. Pinas,Al Kholood,Hammarby,LB,28,1200000,2028-06-30,28,2668,4,2.18,3,1.77,14.24,54.27,Netherlands,"Netherlands, Suriname",left,182,73,no,9.85,6.75,62.5,1.62,45.83,0.13,0.2,0.57,5.5,8.16,0.74,7,0.24,0,0.0,1.18,0.13,4,0.13,0.07,0,0.0,29,0.98,24.14,13.793,0.1,1.32,33.33,1.21,33.33,0.1,33.33,0.27,0.91,48.15,3.64,42.59,1.32,1.89,0.57,41.93,0.94,0.51,54.65,81.42,24.83,71.88,6.65,94.42,14.1,89.71,46.82,87.61,6.61,46.43,19.37,39.74,0.06,0.61,0.07,0.07,0.27,25.0,0.3,10.56,63.9,2.26,41.79,1.11,30.3,0.88,0.37,11.06,74.39,0,,0,,0,0.0,0.0,0.0,,,0.57,,,0.1,0.03,0.0,0.64,0,0
F. Hammar,Mechelen,Hammarby,"LDMF, RDMF, DMF",25,1200000,2028-06-30,25,1617,0,0.43,0,0.35,23.1,61.45,Sweden,Sweden,right,175,70,no,14.3,10.3,68.11,2.95,73.58,1.06,1.57,0.45,6.23,9.23,2.45,4,0.22,0,0.0,0.72,0.0,0,0.0,0.02,0,0.0,12,0.67,16.67,0.0,0.0,0.78,14.29,0.17,0.0,0.61,18.18,0.11,0.61,81.82,6.57,55.93,0.33,0.56,0.17,41.35,0.06,2.5,58.05,86.29,19.42,75.36,7.96,95.1,19.04,92.69,53.27,90.07,4.12,48.65,16.29,34.36,0.02,0.39,0.11,0.0,0.06,0.0,0.11,8.07,76.55,1.45,30.77,0.72,30.77,0.33,0.06,7.96,66.43,0,,0,,0,0.0,0.0,0.0,,,0.33,,,0.0,0.0,0.0,0.0,0,0
S. Skrabb,Polonia Warszawa,Kalmar,"CF, LCMF",31,1200000,2027-06-30,28,2486,6,3.62,3,3.8,18.39,43.9,Finland,Finland,left,174,75,no,7.6,7.24,57.5,2.57,26.76,0.94,1.13,0.18,2.5,3.0,1.81,5,0.18,0,0.0,2.28,0.22,5,0.18,0.13,0,0.0,29,1.05,44.83,20.69,0.11,2.46,47.06,2.03,46.43,0.43,50.0,0.43,0.76,66.67,5.61,30.97,1.77,0.83,0.07,34.36,0.98,0.87,44.89,82.18,11.73,66.05,10.17,96.09,15.49,82.94,37.58,88.82,4.96,48.91,18.22,35.25,0.14,0.98,0.04,0.04,0.14,100.0,0.4,5.32,61.9,3.48,45.83,0.43,33.33,0.94,1.09,6.55,69.61,0,,0,,0,0.0,0.0,0.0,,,0.51,,,0.18,0.04,0.0,0.36,1,100
T. Santos,Motor Lublin,IFK Göteborg,"RB, RWF, RW",27,1200000,2027-06-30,20,1874,2,1.39,4,2.06,20.55,49.3,Denmark,"Denmark, Brazil",right,178,68,no,8.45,7.11,70.95,1.2,52.0,0.53,0.71,0.1,2.88,3.89,0.86,1,0.05,0,0.0,4.18,0.1,2,0.1,0.07,0,0.0,29,1.39,27.59,6.897,0.19,4.03,32.14,0.53,36.36,3.51,31.51,0.48,4.37,57.14,9.27,38.86,3.27,2.88,1.06,19.5,2.31,0.86,27.76,75.09,7.06,68.03,6.68,94.24,8.31,68.79,22.33,84.73,1.54,46.88,18.04,30.2,0.1,0.82,0.0,0.05,0.14,0.0,0.48,1.78,62.16,3.17,43.94,0.19,0.0,0.96,1.2,4.27,64.04,0,,0,,0,0.0,0.0,0.0,,,0.43,,,0.0,0.0,0.0,0.0,0,0
P. Abraham,Hammarby,IFK Göteborg,"LW, LAMF, LWF",24,1200000,2028-12-31,22,1797,7,4.87,0,2.35,27.55,47.64,Sweden,"Sweden, Eritrea",right,176,69,no,8.81,8.51,59.41,1.85,35.14,0.15,0.2,0.1,3.61,4.77,1.25,2,0.1,0,0.0,5.76,0.35,7,0.35,0.24,0,0.0,51,2.55,43.14,13.725,0.0,3.31,24.24,3.06,24.59,0.15,0.0,0.75,7.06,53.9,14.47,42.91,4.31,3.06,0.45,18.03,1.55,1.6,26.14,73.56,8.01,63.75,5.56,98.2,6.31,69.05,22.14,81.9,0.95,47.37,15.71,17.74,0.12,1.1,0.15,0.05,0.2,25.0,0.3,2.2,63.64,3.51,51.43,0.3,0.0,1.4,0.8,4.56,71.43,0,,0,,0,0.0,0.0,0.0,,,0.25,,,0.15,0.0,0.0,0.35,0,0
T. Prica,IFK Norrköping,IFK Norrköping,"CF, AMF",24,1200000,2027-12-31,26,1562,4,6.08,3,2.55,21.49,40.21,Sweden,Sweden,left,183,75,no,4.67,5.7,54.55,3.0,42.31,0.23,0.29,0.0,1.33,1.66,1.73,5,0.29,0,0.0,2.82,0.23,4,0.23,0.35,0,0.0,53,3.05,28.3,7.547,0.17,1.84,37.5,0.52,55.56,1.33,30.43,0.52,2.77,43.75,9.05,31.21,3.11,1.21,0.12,9.16,1.09,0.86,14.06,68.44,3.11,44.44,3.63,88.89,4.21,68.49,11.35,75.13,0.92,50.0,17.47,16.08,0.15,0.86,0.0,0.12,0.23,25.0,0.29,1.84,53.13,1.56,48.15,0.12,0.0,0.58,0.63,2.02,74.29,0,,0,,0,0.0,0.0,0.0,,,0.12,,,0.86,0.23,50.0,2.48,1,0
E. Edh,AIK,AIK,"LB, LWB",23,1200000,2027-12-31,22,1849,3,0.73,0,0.54,17.62,56.91,Norway,Norway,right,181,79,no,11.34,8.47,68.97,2.82,53.45,0.83,1.03,0.24,4.67,5.84,1.07,2,0.1,0,0.0,1.56,0.15,3,0.15,0.04,0,0.0,10,0.49,30.0,30.0,0.0,1.56,37.5,0.88,27.78,0.68,50.0,0.05,1.36,57.14,4.33,40.45,1.22,1.41,0.44,26.58,1.9,0.68,40.4,80.84,16.4,72.11,7.89,95.06,9.49,81.54,33.49,88.95,5.45,42.86,17.5,31.36,0.03,0.54,0.0,0.0,0.1,50.0,0.1,5.65,59.48,2.14,43.18,0.63,23.08,0.49,0.54,7.3,69.33,0,,0,,0,0.0,0.0,0.0,,,0.73,,,0.0,0.0,0.0,0.0,0,0
O. Faraj,Halmstad,AIK,CF,24,1200000,2028-06-30,13,801,1,1.76,1,1.61,32.13,44.76,Sweden,"Sweden, Palestine",right,182,65,no,5.96,6.52,63.79,2.47,36.36,0.0,0.0,0.0,1.8,2.26,2.13,0,0.0,0,0.0,3.37,0.11,1,0.11,0.2,0,0.0,21,2.36,33.33,4.762,0.11,0.34,33.33,0.11,0.0,0.22,50.0,0.0,3.26,55.17,16.74,41.61,2.02,3.15,1.01,14.61,1.35,2.92,23.37,80.77,7.42,71.21,4.72,90.48,5.39,83.33,21.91,83.08,1.12,50.0,13.99,17.36,0.18,2.02,0.11,0.0,1.24,54.55,0.56,3.15,75.0,1.91,70.59,1.01,44.44,1.46,0.11,3.93,85.71,0,,0,,0,0.0,0.0,0.0,,,0.0,,,0.0,0.0,0.0,0.0,0,0
S. Jørgensen,AGF,Malmö FF,"RW, RAMF, AMF",26,1200000,2030-06-30,15,557,1,0.66,1,0.71,13.41,44.58,Denmark,Denmark,left,178,68,no,5.82,5.66,62.86,0.65,0.0,0.0,0.0,0.0,2.26,3.93,0.65,0,0.0,0,0.0,1.78,0.16,1,0.16,0.11,0,0.0,5,0.81,40.0,20.0,0.16,2.59,18.75,0.81,0.0,1.78,27.27,0.65,2.42,40.0,5.17,37.5,3.23,1.13,0.0,31.18,1.13,0.48,39.91,85.02,7.92,79.59,13.9,96.51,10.5,78.46,36.68,89.87,0.65,75.0,15.98,10.95,0.11,1.13,0.32,0.16,0.16,0.0,0.32,1.62,80.0,2.26,64.29,0.32,50.0,1.13,0.48,5.33,63.64,0,,0,,0,0.0,0.0,0.0,,,0.16,,,0.0,0.0,0.0,1.62,0,0
N. Milleskog,Sirius,Sirius,"RAMF, LAMF, CF",24,1200000,2028-12-31,29,2177,9,6.17,2,1.46,16.87,41.91,Sweden,Sweden,left,178,70,no,5.37,5.79,56.43,2.4,41.38,0.0,0.0,0.17,2.11,2.72,1.74,2,0.08,0,0.0,2.98,0.37,9,0.37,0.25,1,0.04,52,2.15,44.23,17.308,0.08,2.07,24.0,1.16,17.86,0.91,31.82,0.25,3.02,50.68,6.2,37.33,3.97,1.86,0.37,14.14,1.94,0.66,17.82,76.8,3.1,70.67,6.45,91.67,4.63,72.32,15.21,85.05,0.66,37.5,17.41,16.37,0.06,0.66,0.04,0.04,0.0,0.0,0.29,0.79,73.68,1.49,63.89,0.04,100.0,0.79,0.58,2.11,72.55,0,,0,,0,0.0,0.0,0.0,,,0.04,,,0.0,0.0,0.0,0.29,0,0
J. Stryger Larsen,Malmö FF,Malmö FF,RB,35,1200000,2027-12-31,24,2190,0,1.53,1,2.88,11.01,47.76,Denmark,Denmark,right,180,82,no,5.96,5.14,59.2,1.68,41.46,0.08,0.13,0.37,2.84,4.44,0.62,4,0.16,0,0.0,1.64,0.0,0,0.0,0.06,0,0.0,10,0.41,20.0,0.0,0.04,2.75,43.28,0.21,80.0,2.55,40.32,0.33,0.86,38.1,2.3,30.36,1.44,1.15,0.21,45.62,1.36,0.41,55.44,88.58,18.04,85.65,9.0,95.89,19.64,89.12,49.11,92.55,3.78,67.39,17.56,32.33,0.12,0.74,0.08,0.08,0.08,50.0,0.41,5.26,79.69,2.88,47.14,0.21,60.0,0.53,1.15,8.34,79.8,0,,0,,0,0.0,0.0,0.0,,,0.9,,,0.16,0.04,0.0,0.12,0,0
O. Berg,Brommapojkarna,Malmö FF,"AMF, LCMF, RW",32,1000000,2026-12-31,17,1060,0,2.05,3,1.89,14.35,50.3,Norway,Norway,right,178,74,no,6.28,6.11,69.44,1.1,46.15,0.0,0.0,0.17,2.04,3.4,0.51,0,0.0,0,0.0,1.53,0.0,0,0.0,0.17,0,0.0,14,1.19,28.57,0.0,0.25,1.36,50.0,0.42,60.0,0.85,50.0,0.25,0.76,55.56,5.35,30.16,2.89,1.27,0.17,36.76,0.34,1.02,47.72,87.19,12.23,77.78,11.97,97.16,13.25,88.46,45.0,89.25,1.36,56.25,15.33,19.09,0.16,1.61,0.17,0.0,0.08,100.0,0.85,4.42,75.0,2.55,86.67,0.17,50.0,1.78,0.68,5.35,73.02,0,,0,,0,0.0,0.0,0.0,,,0.0,,,0.51,0.17,50.0,0.51,0,0
P. Vagić,Liaoning Tieren,Hammarby,"LCB, RCB",26,1000000,2026-12-31,23,1990,0,0.31,0,0.14,15.2,65.18,Sweden,"Sweden, Serbia",right,188,80,no,8.73,6.24,73.19,2.44,57.41,0.09,0.14,0.59,4.07,6.12,0.77,2,0.09,0,0.0,0.45,0.0,0,0.0,0.01,0,0.0,2,0.09,50.0,0.0,0.0,0.05,100.0,0.0,0.0,0.05,100.0,0.0,0.5,63.64,3.44,63.16,0.18,0.23,0.05,43.51,0.18,1.76,57.03,93.34,20.62,86.18,2.31,98.04,26.28,97.76,54.54,95.27,2.44,50.0,17.53,35.09,0.01,0.05,0.0,0.05,0.05,100.0,0.0,4.34,80.21,0.23,40.0,0.14,66.67,0.14,0.05,6.42,67.61,0,,0,,0,0.0,0.0,0.0,,,0.9,,,0.0,0.0,0.0,0.0,0,0
T. Nguen,Tochigi City,Djurgården,"AMF, LAMF",32,1000000,,22,1276,6,6.84,3,1.93,18.62,43.94,Kenya,"Kenya, Norway",right,174,60,no,5.22,4.51,54.69,1.27,11.11,0.0,0.0,0.07,2.75,3.49,1.06,2,0.14,1,0.07,4.87,0.42,6,0.42,0.48,0,0.0,61,4.3,45.9,9.836,0.21,1.62,30.43,0.42,50.0,1.13,25.0,0.35,3.81,57.41,10.65,45.03,5.71,2.19,0.28,24.26,1.9,1.76,27.79,80.71,8.11,70.43,5.78,98.78,7.76,83.64,25.18,84.87,1.06,53.33,16.78,13.3,0.14,1.27,0.07,0.0,0.42,50.0,0.71,2.4,73.53,3.03,58.14,0.56,25.0,2.4,0.49,3.88,90.91,0,,0,,0,0.0,0.0,0.0,,,0.07,,,0.0,0.0,0.0,0.21,0,0
S. Leach Holm,Fredrikstad,Häcken,"RDMF, LDMF, DMF",28,1000000,2028-12-31,26,1700,3,0.83,2,1.52,14.61,56.16,Sweden,"Sweden, Israel",right,185,75,no,7.99,7.25,66.42,1.54,55.17,0.21,0.29,0.11,2.96,4.1,1.16,4,0.21,0,0.0,1.38,0.16,3,0.16,0.04,0,0.0,31,1.64,29.03,9.677,0.11,1.64,25.81,0.9,35.29,0.69,15.38,0.16,0.48,88.89,3.71,45.71,0.58,1.11,0.05,56.49,0.32,0.58,74.54,87.0,21.07,76.13,12.92,97.54,31.82,89.85,65.12,91.87,7.78,59.18,20.43,41.65,0.08,0.9,0.05,0.05,0.16,33.33,0.21,11.33,67.29,2.65,42.0,0.74,35.71,0.9,0.42,10.43,80.2,0,,0,,0,0.0,0.0,0.0,,,0.48,,,1.54,0.53,50.0,3.6,0,0
A. Eriksson,IFK Norrköping,IFK Norrköping,"RCB, LCB, RB",26,1000000,2026-12-31,24,1800,0,0.45,0,0.15,12.65,54.55,Sweden,Sweden,right,188,78,no,8.35,4.9,76.53,4.2,42.86,0.15,0.18,0.65,4.45,5.24,0.65,2,0.1,0,0.0,0.2,0.0,0,0.0,0.02,0,0.0,5,0.25,0.0,0.0,0.0,0.15,66.67,0.0,0.0,0.15,66.67,0.0,0.25,40.0,1.8,27.78,0.55,0.8,0.25,34.85,0.05,0.35,49.4,89.98,18.1,79.56,4.35,96.55,21.0,96.43,43.5,93.79,5.75,61.74,19.85,35.15,0.01,0.1,0.0,0.0,0.1,0.0,0.05,4.65,73.12,0.55,45.45,0.2,50.0,0.2,0.1,6.95,69.06,0,,0,,0,0.0,0.0,0.0,,,1.75,,,0.0,0.0,0.0,0.0,0,0
M. Thychosen,AIK,AIK,"RB, RCB",29,1000000,2027-12-31,26,2424,1,0.77,2,2.58,19.08,54.67,Denmark,Denmark,right,178,65,no,9.43,7.8,65.24,2.93,58.23,0.33,0.43,0.22,4.01,5.12,0.89,4,0.15,2,0.07,2.67,0.04,1,0.04,0.03,0,0.0,21,0.78,23.81,4.762,0.07,3.45,37.63,0.37,50.0,3.08,36.14,0.33,2.0,55.56,5.42,47.26,1.08,1.78,0.63,33.86,2.08,0.89,47.3,77.94,17.9,70.54,6.87,95.14,14.22,78.59,37.02,87.06,6.94,49.2,19.05,36.0,0.1,0.97,0.04,0.04,0.19,40.0,0.41,7.05,66.84,3.86,43.27,0.74,30.0,0.82,1.37,10.84,73.97,0,,0,,0,0.0,0.0,0.0,,,0.67,,,0.07,0.04,0.0,0.0,0,0
N. Mohammed,Chungnam Asan,Halmstad,CF,29,1000000,,13,999,5,3.53,2,0.93,26.13,30.34,Ghana,Ghana,right,175,77,no,2.7,3.6,55.0,4.95,9.09,0.09,0.08,0.0,0.63,0.59,1.53,2,0.18,0,0.0,2.97,0.45,4,0.36,0.32,0,0.0,13,1.17,69.23,38.462,0.18,0.63,57.14,0.45,60.0,0.18,50.0,0.18,3.6,47.5,11.71,31.54,1.98,1.08,0.72,7.12,1.35,1.71,12.52,76.26,2.16,70.83,4.68,88.46,3.15,74.29,11.62,77.52,0.27,66.67,14.85,9.67,0.08,0.36,0.09,0.09,0.27,33.33,0.36,0.72,50.0,0.81,66.67,0.18,0.0,0.36,0.27,1.26,78.57,0,,0,,0,0.0,0.0,0.0,,,0.0,,,0.0,0.0,0.0,0.0,1,100
M. Heier,Sirius,Sirius,"LAMF, AMF, RAMF",25,1000000,2027-06-30,30,2366,4,2.62,5,4.32,16.39,45.24,Sweden,Sweden,right,181,75,no,5.02,5.52,51.72,0.49,53.85,0.04,0.05,0.23,2.13,2.84,0.87,3,0.11,0,0.0,2.85,0.15,4,0.15,0.1,0,0.0,33,1.26,33.33,12.121,0.19,2.13,37.5,1.26,45.45,0.87,26.09,0.46,3.5,43.48,8.6,41.15,2.59,2.85,0.68,25.11,1.1,1.48,32.49,85.36,6.92,79.12,8.94,95.32,10.35,85.29,29.18,89.83,1.29,58.82,16.77,20.39,0.16,1.64,0.04,0.0,0.19,60.0,0.84,2.74,86.11,2.05,59.26,0.23,33.33,1.14,0.61,4.11,78.7,0,,0,,0,0.0,0.0,0.0,,,0.34,,,0.0,0.0,0.0,0.57,0,0
I. Coulibaly,La Louvière,AIK,"LCMF, LW",25,1000000,2028-06-30,10,734,2,1.79,0,0.18,18.39,46.67,Mali,Mali,right,183,68,no,8.83,5.4,59.09,3.07,44.0,0.98,1.16,0.0,4.66,5.51,0.61,2,0.25,1,0.12,2.08,0.25,2,0.25,0.22,0,0.0,18,2.21,22.22,11.111,0.0,0.0,0.0,0.0,0.0,0.0,0.0,0.0,1.96,75.0,7.85,43.75,1.1,0.37,0.12,35.44,0.25,1.47,47.33,92.49,9.07,70.27,11.28,98.91,19.99,97.55,43.04,94.59,4.29,71.43,18.36,35.72,0.02,0.61,0.0,0.12,0.12,100.0,0.25,4.17,76.47,1.23,60.0,0.25,100.0,0.74,0.0,4.17,76.47,0,,0,,0,0.0,0.0,0.0,,,0.37,,,0.0,0.0,0.0,0.0,0,0
J. Rinne,Djurgården,Djurgården,GK,33,900000,2028-12-31,9,738,0,0.0,0,0.0,0.98,87.5,Sweden,Sweden,left,188,86,no,1.46,0.0,0.0,0.85,100.0,0.0,0.0,0.0,1.46,1.75,0.0,2,0.24,0,0.0,0.0,0.0,0,0.0,0.0,0,0.0,0,0.0,0.0,0.0,0.0,0.0,0.0,0.0,0.0,0.0,0.0,0.0,0.0,0.0,0.12,0.0,0.0,0.0,0.0,11.46,0.0,0.0,19.63,80.75,12.32,71.29,0.0,0.0,6.83,96.43,11.22,96.74,8.41,59.42,33.61,49.73,0.0,0.0,0.0,0.0,0.0,0.0,0.0,2.93,50.0,0.0,0.0,0.24,50.0,0.0,0.0,6.83,69.64,13,1.59,39,4.76,1,66.67,10.32,1.26,-2.68,-0.327,0.0,1.71,0.85,,,,0.0,0,0
P. Johansson,Djurgården,Djurgården,RB,31,900000,2027-12-31,12,1041,0,0.04,1,0.89,13.49,58.97,Poland,"Poland, Sweden",right,185,80,no,10.03,7.69,69.66,1.3,46.67,0.0,0.0,0.61,4.67,5.79,0.78,1,0.09,0,0.0,1.3,0.0,0,0.0,0.0,0,0.0,2,0.17,0.0,0.0,0.09,2.51,17.24,0.0,0.0,2.51,17.24,0.17,1.38,62.5,3.11,55.56,1.3,1.56,0.61,37.18,3.63,1.04,50.32,84.02,18.5,80.37,6.66,94.81,17.98,83.65,42.02,91.98,5.79,55.22,19.43,36.67,0.08,0.69,0.0,0.09,0.0,0.0,0.35,7.09,75.61,2.59,46.67,0.09,0.0,1.04,0.43,9.08,77.14,0,,0,,0,0.0,0.0,0.0,,,0.78,,,0.0,0.0,0.0,0.0,0,0
R. Lundqvist,IFK Göteborg,IFK Göteborg,"AMF, CF",29,900000,2027-12-31,13,1282,3,2.11,2,1.91,16.92,43.15,Sweden,"Sweden, Nicaragua",right,183,74,no,4.07,3.09,54.55,3.58,52.94,0.21,0.27,0.0,2.18,2.76,0.49,1,0.07,0,0.0,2.95,0.21,3,0.21,0.15,0,0.0,18,1.26,38.89,16.667,0.14,4.0,28.07,1.26,38.89,2.74,23.08,0.28,2.32,57.58,7.51,33.64,1.97,0.84,0.28,14.74,1.47,0.84,25.2,69.92,6.95,64.65,5.2,91.89,7.58,62.04,19.73,78.65,1.54,63.64,18.57,32.03,0.13,1.33,0.0,0.0,0.14,0.0,0.49,3.16,64.44,4.28,44.26,0.21,33.33,1.05,1.12,4.28,83.61,0,,0,,0,0.0,0.0,0.0,,,0.28,,,1.47,0.14,50.0,1.26,1,0
A. Pyndt,Sirius,Sirius,"DMF, LDMF, RCMF",25,900000,2027-06-30,20,1221,0,0.41,0,1.97,10.98,60.4,Denmark,Denmark,right,175,68,no,7.96,6.27,68.24,0.37,20.0,0.15,0.2,0.07,3.54,4.72,0.44,2,0.15,0,0.0,2.21,0.0,0,0.0,0.03,0,0.0,13,0.96,30.77,0.0,0.0,1.33,44.44,0.37,20.0,0.81,45.45,0.22,1.55,71.43,3.39,52.17,0.59,1.25,0.22,45.55,0.0,0.88,59.04,89.01,20.57,78.49,9.07,95.93,20.2,94.53,52.19,93.08,5.53,61.33,17.46,25.36,0.15,1.25,0.0,0.07,0.37,60.0,0.15,8.55,80.17,2.87,56.41,0.37,60.0,1.25,0.52,9.07,85.37,0,,0,,0,0.0,0.0,0.0,,,0.59,,,1.11,0.15,0.0,2.73,0,0
P. Åslund,Djurgården,Djurgården,"LCMF, AMF, RCMF",23,900000,2028-12-31,21,1483,3,3.42,1,1.46,17.84,45.24,Sweden,Sweden,right,183,75,no,6.43,7.04,56.03,0.61,20.0,0.0,0.0,0.18,2.49,3.17,1.03,1,0.06,0,0.0,3.4,0.18,3,0.18,0.21,1,0.06,36,2.18,30.56,8.333,0.06,1.52,32.0,0.55,33.33,0.97,31.25,0.18,3.7,59.02,8.13,42.54,2.85,1.94,0.85,28.34,1.27,1.34,36.23,77.39,9.53,66.24,7.16,91.53,12.68,80.86,32.35,81.8,2.55,45.24,16.62,25.0,0.09,0.97,0.0,0.0,0.24,25.0,0.61,4.31,64.79,1.76,37.93,0.42,42.86,0.67,0.42,4.55,64.0,0,,0,,0,0.0,0.0,0.0,,,0.3,,,0.06,0.06,0.0,0.0,0,0
A. Carlén,Excelsior,IFK Göteborg,"LCB, LDMF, RCMF",26,900000,2027-06-30,27,1761,0,1.59,0,0.19,25.2,55.38,Sweden,Sweden,right,193,85,no,10.27,8.28,63.58,7.82,47.06,0.31,0.4,0.31,4.7,6.11,1.64,2,0.1,0,0.0,1.53,0.0,0,0.0,0.08,0,0.0,18,0.92,33.33,0.0,0.0,0.61,41.67,0.15,33.33,0.46,44.44,0.05,1.23,79.17,5.37,50.48,0.97,0.61,0.15,25.2,0.31,1.33,43.44,80.35,17.79,65.8,3.22,96.83,16.41,90.34,37.16,85.69,5.67,49.55,19.23,29.16,0.01,0.26,0.0,0.05,0.1,0.0,0.05,6.7,54.96,1.84,38.89,0.36,14.29,0.41,0.26,6.24,65.57,0,,0,,0,0.0,0.0,0.0,,,1.07,,,0.0,0.0,0.0,0.0,0,0
A. Lundkvist,Häcken,Häcken,LB,32,900000,2026-12-31,27,2184,0,0.6,3,1.78,17.06,57.0,Sweden,Sweden,left,175,65,no,11.91,8.78,67.14,1.44,34.29,0.99,1.37,0.12,5.03,6.97,1.48,6,0.25,0,0.0,2.55,0.0,0,0.0,0.02,0,0.0,13,0.54,15.38,0.0,0.12,3.79,41.3,3.71,42.22,0.0,0.0,0.25,1.32,59.38,4.57,45.95,1.15,2.43,0.29,38.37,3.38,1.07,50.27,85.9,16.03,82.78,10.38,97.22,16.57,83.83,42.53,92.44,4.41,57.94,20.37,38.02,0.07,0.7,0.0,0.0,0.16,75.0,0.37,5.23,82.68,3.5,62.35,0.21,60.0,0.95,1.57,10.3,75.6,0,,0,,0,0.0,0.0,0.0,,,0.62,,,0.04,0.0,0.0,0.0,0,0
G. Engvall,KuPS,Värnamo,"CF, LW, RW",30,900000,2026-12-31,26,2146,3,6.06,2,1.98,19.67,36.89,Sweden,Sweden,right,185,85,no,3.69,3.94,57.45,1.38,18.18,0.08,0.1,0.0,1.34,1.55,1.3,4,0.17,0,0.0,2.81,0.13,3,0.13,0.25,0,0.0,45,1.89,33.33,6.667,0.08,1.38,12.12,0.67,6.25,0.71,17.65,0.04,4.07,44.33,11.37,34.32,3.1,1.64,0.84,14.22,1.55,1.34,19.59,76.23,4.36,57.69,5.28,94.44,5.03,77.5,17.7,82.94,0.55,23.08,17.14,12.54,0.08,0.75,0.08,0.0,0.42,50.0,0.25,2.14,68.63,1.64,46.15,0.42,50.0,1.13,0.13,2.05,79.59,0,,0,,0,0.0,0.0,0.0,,,0.0,,,0.0,0.0,0.0,0.04,0,0
A. Traustason,KR,IFK Norrköping,"RCMF, RDMF, LW",33,900000,2028-12-31,26,2404,6,4.83,1,2.42,16.85,47.56,Iceland,Iceland,right,183,75,no,8.46,5.73,58.82,2.88,36.36,0.3,0.36,0.56,4.79,5.71,0.9,2,0.07,0,0.0,2.43,0.22,6,0.22,0.18,1,0.04,48,1.8,33.33,12.5,0.04,2.36,34.92,0.71,52.63,1.61,25.58,0.22,1.87,50.0,5.65,42.38,1.42,1.2,0.45,27.63,0.75,1.53,38.97,82.8,11.23,68.33,9.66,96.51,11.34,85.81,32.95,90.11,3.78,47.52,18.03,38.24,0.09,0.82,0.0,0.04,0.15,50.0,0.19,5.09,64.71,2.47,45.45,0.82,31.82,0.67,0.79,6.14,77.44,0,,0,,0,0.0,0.0,0.0,,,0.71,,,1.2,0.26,28.57,2.02,1,0
J. Lindberg,Häcken,Häcken,"RB, LWF",27,900000,2027-12-31,27,2100,5,3.91,3,2.96,24.09,53.38,Sweden,Sweden,right,182,71,no,9.3,8.7,66.01,1.76,53.66,0.13,0.19,0.09,3.43,4.94,1.29,5,0.21,0,0.0,3.69,0.21,5,0.21,0.17,0,0.0,50,2.14,40.0,10.0,0.13,1.84,25.58,0.21,0.0,1.63,28.95,0.43,3.69,61.63,11.79,48.36,3.21,3.6,0.69,28.89,2.1,1.97,36.56,83.0,11.23,75.57,8.44,94.92,10.63,86.29,33.43,87.44,1.37,50.0,16.43,23.1,0.13,0.9,0.09,0.0,0.39,22.22,0.34,3.99,75.27,2.79,52.31,0.47,36.36,1.46,0.56,6.13,77.62,0,,0,,0,0.0,0.0,0.0,,,0.56,,,0.3,0.09,50.0,0.64,0,0
Alexander Jensen,Elfsborg,Brommapojkarna,"RB, RWB",24,900000,2030-06-30,30,2928,3,1.78,2,6.19,15.55,51.98,Denmark,Denmark,right,180,78,no,7.99,6.09,68.69,1.32,51.16,0.06,0.07,0.09,3.75,4.14,0.43,2,0.06,0,0.0,2.83,0.09,3,0.09,0.05,0,0.0,25,0.77,36.0,12.0,0.06,4.21,44.53,0.43,42.86,3.66,44.54,0.4,1.2,56.41,6.21,40.1,1.05,1.66,0.49,41.71,1.48,1.2,54.38,85.3,15.06,75.92,11.71,96.59,19.76,85.07,44.78,92.59,5.72,55.91,19.25,40.55,0.19,1.44,0.06,0.03,0.03,0.0,0.49,6.76,75.91,4.33,53.19,0.49,43.75,0.77,1.88,9.65,75.8,0,,0,,0,0.0,0.0,0.0,,,0.49,,,1.08,0.15,40.0,3.01,0,0
N. Besara,Hammarby,Hammarby,"AMF, CF",35,800000,2027-12-31,28,2655,10,7.42,6,4.44,12.41,46.72,Sweden,Sweden,right,182,76,no,3.36,3.32,60.2,0.58,29.41,0.1,0.15,0.03,1.25,1.88,0.64,0,0.0,0,0.0,3.19,0.34,9,0.31,0.25,0,0.0,93,3.15,32.26,10.753,0.2,1.73,31.37,0.71,23.81,0.98,37.93,0.27,2.34,52.17,6.78,45.0,1.9,1.56,0.47,37.86,0.47,1.66,48.34,87.31,12.17,75.77,13.76,95.32,14.03,89.37,44.92,90.79,1.8,54.72,16.77,28.54,0.15,1.73,0.03,0.03,1.02,40.0,0.64,4.81,78.17,3.8,47.32,1.32,35.9,1.86,0.41,5.56,80.49,0,,0,,0,0.0,0.0,0.0,,,0.61,,,1.73,0.61,22.22,3.73,1,100
O. Johansson,Hammarby,Hammarby,"RAMF, RW",31,800000,2026-12-31,29,2417,4,6.57,2,1.84,14.19,50.13,Sweden,Sweden,right,178,73,no,6.55,6.26,66.67,1.41,50.0,0.0,0.0,0.3,2.38,3.53,0.78,1,0.04,0,0.0,2.16,0.15,3,0.11,0.24,0,0.0,41,1.53,39.02,9.756,0.07,2.23,28.33,0.07,100.0,2.09,25.0,0.37,1.53,46.34,4.17,33.04,2.31,1.86,0.74,30.98,1.12,0.45,38.95,79.92,9.98,67.91,9.46,91.73,10.87,80.14,35.9,84.13,0.93,36.0,15.23,21.66,0.07,0.71,0.07,0.0,0.3,75.0,0.37,3.54,66.32,3.09,53.01,0.3,50.0,1.27,0.56,4.77,70.31,0,,0,,0,0.0,0.0,0.0,,,0.11,,,0.07,0.0,0.0,0.3,1,100
T. Tekie,Hammarby,Hammarby,"LDMF, RDMF, LCMF",29,800000,2026-12-31,29,2432,4,1.2,2,1.76,16.06,47.24,Sweden,"Sweden, Eritrea",right,175,65,no,7.33,6.96,57.45,0.33,11.11,0.19,0.27,0.22,3.15,4.62,0.81,5,0.19,0,0.0,2.29,0.15,4,0.15,0.04,0,0.0,29,1.07,41.38,13.793,0.07,1.74,31.91,0.52,28.57,1.22,33.33,0.44,2.33,52.38,6.81,36.96,0.78,2.15,0.85,55.81,0.0,0.93,70.76,88.34,21.24,77.0,10.92,96.61,25.72,92.95,63.84,93.51,5.25,42.96,17.15,32.99,0.07,1.07,0.0,0.15,0.19,40.0,0.26,10.84,75.43,3.22,42.53,1.26,29.41,1.11,0.59,9.92,79.1,0,,0,,0,0.0,0.0,0.0,,,0.56,,,0.0,0.0,0.0,0.0,0,0
C. Rösler,Malmö FF,Malmö FF,"CB, LCB, RCB",26,800000,2027-12-31,25,2360,0,0.19,1,0.38,9.84,62.02,Germany,"Germany, Norway",right,186,72,no,7.74,4.42,77.59,3.09,51.85,0.11,0.16,0.65,4.19,5.76,0.69,3,0.11,0,0.0,0.19,0.0,0,0.0,0.01,0,0.0,1,0.04,100.0,0.0,0.04,0.19,60.0,0.04,100.0,0.15,50.0,0.0,0.08,50.0,0.72,57.89,0.23,1.07,0.0,40.5,0.27,0.38,53.28,91.84,20.06,82.13,3.28,98.84,24.75,97.84,48.05,95.79,5.03,55.3,20.85,40.36,0.01,0.19,0.0,0.04,0.0,0.0,0.08,5.38,75.89,0.42,27.27,0.23,16.67,0.11,0.11,7.63,72.0,0,,0,,0,0.0,0.0,0.0,,,1.22,,,0.0,0.0,0.0,0.04,0,0
M. Tenho,Djurgården,Djurgården,RCB,31,800000,2026-12-31,27,2283,1,1.36,0,0.23,11.35,62.5,Finland,Finland,right,188,82,no,6.98,4.53,73.91,3.98,65.35,0.08,0.1,0.67,3.55,4.45,1.02,0,0.0,0,0.0,0.16,0.04,1,0.04,0.05,0,0.0,13,0.51,23.08,7.692,0.0,0.12,33.33,0.0,0.0,0.12,33.33,0.04,0.04,0.0,0.63,62.5,0.47,0.75,0.04,34.69,0.2,0.32,47.82,88.87,17.82,76.77,2.52,100.0,22.47,95.79,42.58,94.35,5.12,44.62,21.3,41.01,0.01,0.08,0.08,0.0,0.04,0.0,0.08,5.99,68.42,0.63,43.75,0.32,12.5,0.24,0.04,7.53,72.25,0,,0,,0,0.0,0.0,0.0,,,1.85,,,0.0,0.0,0.0,0.0,0,0
J. Bager,IFK Göteborg,IFK Göteborg,"RB, LCB",29,800000,2027-12-31,12,982,0,0.29,0,0.02,16.96,52.43,Denmark,Denmark,right,182,79,no,12.56,8.71,57.89,3.57,43.59,0.64,0.8,0.27,6.87,8.52,2.84,5,0.46,0,0.0,0.82,0.0,0,0.0,0.03,0,0.0,7,0.64,28.57,0.0,0.0,1.1,41.67,0.09,0.0,1.01,45.45,0.09,0.18,100.0,1.19,53.85,0.82,0.82,0.0,23.46,0.46,0.55,37.67,76.16,16.77,65.57,4.95,92.59,12.65,86.96,32.08,82.29,4.49,40.82,19.72,35.04,0.0,0.09,0.0,0.0,0.0,0.0,0.0,6.78,59.46,1.01,45.45,0.09,100.0,0.46,0.37,8.89,65.98,0,,0,,0,0.0,0.0,0.0,,,1.74,,,0.0,0.0,0.0,0.0,0,0
B. Sabović,Austin FC,Djurgården,"LDMF, RDMF, RCMF",28,800000,2027-12-31,27,2207,3,1.28,0,2.33,17.58,54.76,Sweden,"Sweden, North Macedonia",right,186,77,no,8.56,7.83,56.25,1.39,50.0,0.29,0.36,0.37,3.87,4.91,2.49,10,0.41,0,0.0,1.3,0.12,3,0.12,0.05,0,0.0,18,0.73,27.78,16.667,0.0,0.69,41.18,0.33,37.5,0.33,37.5,0.04,1.22,56.67,5.3,53.85,0.49,0.41,0.0,36.01,0.08,2.08,49.63,85.21,16.68,73.35,7.05,97.11,19.13,90.62,41.84,90.74,7.1,56.9,19.49,38.19,0.09,1.1,0.08,0.04,0.33,37.5,0.29,9.87,72.73,2.32,45.61,0.82,15.0,0.86,0.37,8.73,79.44,0,,0,,0,0.0,0.0,0.0,,,0.37,,,0.82,0.2,40.0,0.98,0,0
O. Pettersson,GAIS,IFK Göteborg,"RAMF, RW, CF",26,800000,2029-12-31,23,1195,2,2.8,0,2.31,9.79,41.54,Sweden,Sweden,right,178,74,no,4.07,3.46,52.17,0.98,30.77,0.23,0.3,0.0,2.03,2.71,1.05,3,0.23,0,0.0,3.99,0.15,2,0.15,0.21,0,0.0,31,2.33,35.48,6.452,0.0,4.44,42.37,1.81,45.83,2.56,41.18,0.75,2.03,62.96,3.77,44.0,3.54,0.6,0.08,13.56,2.03,0.38,18.45,69.39,3.01,57.5,4.29,91.23,7.68,65.69,11.97,81.76,2.33,54.84,17.5,18.78,0.17,1.81,0.08,0.08,0.0,0.0,0.53,1.21,50.0,3.62,50.0,0.15,0.0,0.38,1.81,4.07,83.33,0,,0,,0,0.0,0.0,0.0,,,0.08,,,1.05,0.15,50.0,2.18,0,0
O. Fallenius,Djurgården,Djurgården,"RAMF, LAMF, RW",24,800000,2026-12-31,23,1305,2,2.4,1,1.41,24.41,43.22,Sweden,Sweden,right,182,71,no,8.69,8.14,66.1,2.28,24.24,0.07,0.09,0.0,3.24,4.08,1.38,1,0.07,0,0.0,3.24,0.14,2,0.14,0.17,1,0.07,19,1.31,31.58,10.526,0.07,2.69,25.64,0.21,0.0,2.48,27.78,0.21,4.76,43.48,10.41,35.1,3.45,2.21,0.97,18.76,2.21,0.97,25.24,75.68,5.03,67.12,7.79,94.69,6.28,70.33,22.14,82.87,0.55,37.5,16.02,11.7,0.1,1.1,0.07,0.07,0.21,33.33,0.28,1.38,70.0,2.41,42.86,0.21,0.0,1.1,0.55,2.97,65.12,0,,0,,0,0.0,0.0,0.0,,,0.21,,,0.0,0.0,0.0,0.07,0,0
A. Layouni,AEK Larnaca ,Häcken,"RWF, RW",33,800000,2028-05-31,19,1499,6,4.97,2,1.77,16.87,50.18,Sweden,"Sweden, Tunisia",right,191,81,no,3.96,4.08,63.24,1.32,40.91,0.06,0.08,0.06,1.32,1.8,1.02,4,0.24,0,0.0,5.1,0.36,6,0.36,0.3,0,0.0,39,2.34,41.03,15.385,0.12,4.5,16.0,0.96,18.75,3.54,15.25,0.72,5.7,58.95,9.91,49.09,4.74,2.34,0.66,16.69,2.52,0.36,23.24,70.8,3.42,61.4,6.9,93.04,6.96,58.62,18.13,85.43,0.66,36.36,20.06,20.57,0.11,0.78,0.0,0.0,0.18,33.33,0.3,0.48,50.0,3.66,39.34,0.06,0.0,1.08,0.9,2.34,82.05,0,,0,,0,0.0,0.0,0.0,,,0.0,,,0.0,0.0,0.0,0.12,0,0
C. Nyman,IFK Norrköping,IFK Norrköping,CF,33,800000,2030-12-31,25,2205,11,7.8,2,1.94,21.71,40.23,Sweden,Sweden,right,185,82,no,3.47,3.06,60.0,6.78,46.39,0.08,0.1,0.12,1.55,1.83,1.31,2,0.08,0,0.0,1.88,0.45,11,0.45,0.32,3,0.12,47,1.92,53.19,23.404,0.08,0.53,15.38,0.2,20.0,0.29,14.29,0.04,1.27,58.06,7.22,31.07,3.63,0.57,0.53,8.73,1.84,1.39,13.76,70.92,3.51,55.81,3.76,86.96,3.55,71.26,12.9,74.05,0.33,37.5,14.38,9.2,0.08,0.57,0.0,0.0,0.16,25.0,0.24,1.14,50.0,0.98,41.67,0.12,33.33,0.78,0.08,1.47,63.89,0,,0,,0,0.0,0.0,0.0,,,0.0,,,0.0,0.0,0.0,0.0,1,0
V. Eriksson,Hammarby,Hammarby,"LCB, RCB",25,800000,2028-12-31,17,1677,0,1.67,0,0.0,15.83,66.78,Sweden,Sweden,right,192,82,no,9.45,6.76,78.57,4.72,61.36,0.21,0.34,0.27,3.92,6.13,0.97,3,0.16,0,0.0,0.32,0.0,0,0.0,0.09,0,0.0,8,0.43,50.0,0.0,0.0,0.16,33.33,0.11,50.0,0.05,0.0,0.11,0.16,33.33,1.56,44.83,0.54,0.54,0.05,41.32,0.11,0.54,56.08,90.53,20.77,81.4,3.7,100.0,23.13,95.36,52.65,94.5,3.27,29.51,17.48,31.95,0.0,0.05,0.0,0.0,0.0,0.0,0.0,5.04,68.09,0.43,25.0,0.38,0.0,0.05,0.05,6.33,63.56,0,,0,,0,0.0,0.0,0.0,,,1.93,,,0.0,0.0,0.0,0.0,0,0
F. Winther,Hammarby,Hammarby,LCB,25,800000,2027-12-31,2,184,0,0.0,0,0.0,10.76,63.64,Denmark,Denmark,left,190,83,no,10.27,4.4,55.56,2.93,50.0,0.0,0.0,0.49,7.83,9.8,0.49,0,0.0,0,0.0,0.49,0.0,0,0.0,0.0,0,0.0,0,0.0,0.0,0.0,0.0,0.0,0.0,0.0,0.0,0.0,0.0,0.0,0.49,100.0,1.47,100.0,0.0,1.47,0.98,48.91,0.0,0.49,61.14,86.4,18.59,68.42,4.89,90.0,29.35,93.33,55.27,91.15,5.87,41.67,20.25,39.59,0.0,0.0,0.0,0.0,0.0,0.0,0.0,2.93,50.0,0.0,0.0,0.49,0.0,0.0,0.0,9.29,42.11,0,,0,,0,0.0,0.0,0.0,,,1.47,,,0.0,0.0,0.0,0.0,0,0
A. Christiansen,Malmö FF,Malmö FF,"RAMF, AMF, RW",36,750000,2026-12-31,19,847,5,3.35,1,1.5,14.13,53.38,Denmark,Denmark,right,175,68,no,5.1,4.14,58.97,1.28,58.33,0.53,0.91,0.11,2.13,3.64,1.7,4,0.43,0,0.0,3.61,0.53,5,0.53,0.36,0,0.0,26,2.76,50.0,19.231,0.11,1.91,38.89,0.96,44.44,0.96,33.33,0.43,1.81,76.47,6.8,53.13,4.14,1.49,0.53,45.48,1.81,1.91,55.25,83.85,11.26,61.32,16.04,96.03,14.98,83.69,51.43,87.4,1.91,33.33,16.52,20.77,0.16,1.81,0.11,0.0,0.85,12.5,0.43,4.36,70.73,4.89,45.65,0.85,12.5,1.81,0.74,4.89,71.74,0,,0,,0,0.0,0.0,0.0,,,0.11,,,0.64,0.32,33.33,1.59,0,0
A. Ståhl,Djurgården,Djurgården,"RB, RCB, RWB",31,750000,2027-12-31,29,2735,3,3.48,7,3.65,16.68,56.8,Sweden,"Sweden, Finland",right,187,75,no,7.83,6.15,66.31,3.55,53.7,0.07,0.08,0.1,3.69,4.61,1.09,3,0.1,0,0.0,1.91,0.1,1,0.03,0.11,1,0.03,17,0.56,23.53,17.647,0.23,1.81,36.36,0.2,50.0,1.58,33.33,0.2,1.81,60.0,4.44,46.67,1.91,2.2,0.63,27.81,2.04,0.92,39.29,79.9,14.18,67.98,7.83,95.38,10.04,83.28,34.42,85.66,3.09,40.43,17.47,33.77,0.12,0.72,0.03,0.0,0.2,16.67,0.59,4.11,66.4,2.3,42.86,0.36,18.18,0.69,0.72,7.17,59.63,0,,0,,0,0.0,0.0,0.0,,,0.63,,,0.0,0.0,0.0,0.07,2,100
D. Moberg Karlsson,,IFK Norrköping,"RAMF, LAMF, LW",32,750000,,9,457,1,0.44,1,0.84,17.13,52.87,Sweden,Sweden,left,179,74,no,4.92,4.73,50.0,0.79,25.0,0.98,1.22,0.2,1.58,1.95,0.39,1,0.2,0,0.0,7.88,0.2,1,0.2,0.09,0,0.0,10,1.97,30.0,10.0,0.2,5.71,48.28,1.77,55.56,3.94,45.0,1.18,6.5,69.7,11.03,57.14,2.36,2.76,0.79,23.04,1.38,0.79,32.1,69.94,9.65,51.02,6.7,94.12,11.03,69.64,22.06,83.93,4.33,27.27,21.73,33.53,0.17,0.98,0.2,0.0,0.0,0.0,0.79,4.92,56.0,4.73,62.5,0.59,0.0,0.59,2.95,7.29,72.97,0,,0,,0,0.0,0.0,0.0,,,0.39,,,1.58,0.39,0.0,1.97,0,0
I. Lushaku,Västerås SK,IFK Norrköping,"LCMF, LDMF",25,750000,2027-12-31,16,1397,1,0.82,0,0.88,14.37,56.05,Sweden,"Sweden, Kosovo",right,177,78,no,7.02,6.38,61.62,0.97,60.0,0.32,0.4,0.26,2.77,3.42,0.77,3,0.19,0,0.0,2.71,0.06,1,0.06,0.05,0,0.0,14,0.9,35.71,7.143,0.0,2.38,45.95,1.42,50.0,0.97,40.0,0.19,1.22,78.95,5.28,51.22,0.26,0.9,0.32,33.95,0.26,0.9,47.16,85.11,14.5,71.11,7.15,97.3,17.2,90.26,39.17,91.78,5.6,55.17,19.04,41.11,0.06,0.64,0.13,0.06,0.64,50.0,0.32,7.41,69.57,3.74,51.72,1.8,35.71,1.1,1.03,7.92,73.98,0,,0,,0,0.0,0.0,0.0,,,0.39,,,0.06,0.0,0.0,0.13,0,0
S. Holmén,Elfsborg,Elfsborg,RCB,34,750000,2026-12-31,24,2154,2,0.84,1,0.84,11.53,60.87,Sweden,Sweden,right,188,77,no,8.31,5.18,63.71,2.8,58.21,0.5,0.56,0.71,4.51,5.08,1.13,7,0.29,0,0.0,0.58,0.08,2,0.08,0.04,2,0.08,8,0.33,50.0,25.0,0.04,0.46,36.36,0.08,50.0,0.38,33.33,0.04,0.33,50.0,1.3,54.84,0.54,0.5,0.0,29.21,0.29,1.13,42.37,86.98,18.01,79.12,1.8,95.35,19.55,94.23,34.89,93.29,7.06,58.58,24.04,41.59,0.04,0.21,0.0,0.04,0.13,66.67,0.13,7.31,73.71,1.21,44.83,0.71,41.18,0.29,0.17,8.86,75.94,0,,0,,0,0.0,0.0,0.0,,,1.38,,,0.0,0.0,0.0,0.0,0,0
J. Une-Larsson,Djurgården,Djurgården,"LCB, RCB",32,700000,2026-12-31,22,1717,0,0.94,0,0.0,13.63,65.0,Sweden,Sweden,right,181,80,no,10.17,6.39,72.95,4.25,64.2,0.21,0.25,0.42,5.29,6.33,1.21,6,0.31,0,0.0,0.16,0.0,0,0.0,0.05,0,0.0,5,0.26,20.0,0.0,0.0,0.16,33.33,0.0,0.0,0.16,33.33,0.0,0.05,100.0,0.68,46.15,0.68,0.21,0.0,38.58,0.16,0.31,54.25,89.37,22.12,80.33,2.46,95.74,24.53,96.15,47.38,94.8,6.71,52.34,20.86,35.07,0.0,0.05,0.0,0.0,0.0,0.0,0.0,6.92,68.18,0.63,33.33,0.1,50.0,0.21,0.05,8.65,67.27,0,,0,,0,0.0,0.0,0.0,,,1.31,,,0.05,0.0,0.0,0.0,0,0
J. Karlström,Anorthosis,IFK Göteborg,GK,29,700000,2027-05-31,14,1421,0,0.0,0,0.0,0.95,100.0,Norway,Norway,right,200,90,no,1.08,0.06,100.0,0.7,100.0,0.0,0.0,0.0,1.01,1.31,0.0,0,0.0,0,0.0,0.0,0.0,0,0.0,0.0,0,0.0,0,0.0,0.0,0.0,0.0,0.0,0.0,0.0,0.0,0.0,0.0,0.0,0.0,0.0,0.19,100.0,0.0,0.0,0.0,17.1,0.19,0.25,25.02,81.77,14.19,71.88,0.0,0.0,9.63,95.39,14.19,95.09,10.77,64.71,35.07,51.43,0.0,0.0,0.0,0.0,0.0,0.0,0.0,5.83,59.78,0.32,20.0,0.44,71.43,0.06,0.0,7.73,79.51,17,1.08,72,4.56,3,76.39,19.12,1.21,2.12,0.134,0.0,2.03,0.7,,,,0.0,0,0
K. Thórdarson,IFK Göteborg,IFK Göteborg,"LCMF, LDMF, RDMF",26,700000,2028-12-31,27,2509,3,3.5,3,1.83,20.59,47.74,Iceland,Iceland,right,177,77,no,9.36,6.6,58.15,3.23,41.11,0.57,0.73,0.43,4.95,6.29,1.58,8,0.29,1,0.04,2.55,0.11,3,0.11,0.13,2,0.07,39,1.4,41.03,7.692,0.11,1.9,33.96,1.33,37.84,0.54,26.67,0.39,2.62,49.32,7.96,45.5,1.87,0.86,0.36,24.54,0.25,2.22,38.06,81.81,10.94,64.59,7.96,96.4,13.09,87.12,32.21,88.98,4.02,46.43,18.34,35.5,0.07,0.57,0.0,0.0,0.07,50.0,0.18,4.91,68.61,2.26,42.86,0.5,28.57,0.57,0.65,5.13,69.93,0,,0,,0,0.0,0.0,0.0,,,0.72,,,0.22,0.11,0.0,0.11,0,0
S. Hausner,Horsens,IFK Göteborg,"LCB, RB",26,700000,2028-06-30,13,1043,0,0.5,0,0.01,15.45,56.98,Denmark,Denmark,right,188,79,no,8.46,6.04,62.86,5.26,59.02,0.35,0.43,0.52,4.31,5.42,1.21,2,0.17,0,0.0,0.6,0.0,0,0.0,0.04,0,0.0,4,0.35,0.0,0.0,0.0,0.78,44.44,0.43,60.0,0.35,25.0,0.0,0.26,100.0,1.64,63.16,1.04,0.69,0.09,36.85,0.69,0.26,51.6,85.79,18.9,72.6,6.47,98.67,20.28,93.62,44.7,91.12,6.3,50.68,19.34,43.31,0.0,0.09,0.0,0.0,0.0,0.0,0.0,5.35,58.06,1.12,53.85,0.52,16.67,0.35,0.26,7.85,65.93,0,,0,,0,0.0,0.0,0.0,,,4.14,,,0.0,0.0,0.0,0.0,0,0
D. Kruse,IFK Göteborg,IFK Göteborg,"RCMF, RDMF, LDMF",24,700000,2028-12-31,11,650,0,0.5,0,0.29,17.17,46.77,Denmark,Denmark,right,185,80,no,8.72,8.58,59.68,1.52,27.27,0.55,0.73,0.14,3.05,4.02,1.8,2,0.28,0,0.0,1.38,0.0,0,0.0,0.07,0,0.0,6,0.83,0.0,0.0,0.0,1.11,62.5,0.55,25.0,0.55,100.0,0.14,1.11,50.0,4.57,33.33,0.83,0.42,0.0,21.88,0.14,0.28,32.54,85.53,6.51,74.47,6.92,96.0,13.43,90.72,29.63,89.25,2.08,46.67,18.46,24.36,0.04,0.55,0.14,0.0,0.14,100.0,0.14,2.91,66.67,1.52,54.55,0.28,50.0,0.55,0.69,3.18,52.17,0,,0,,0,0.0,0.0,0.0,,,1.38,,,0.0,0.0,0.0,0.0,0,0
M. Rygaard,Häcken,Häcken,"RCMF, AMF",35,700000,2026-12-31,26,1920,3,2.86,8,4.52,15.7,42.69,Denmark,Denmark,left,176,69,no,5.39,4.92,54.29,1.13,45.83,0.09,0.13,0.33,2.63,3.56,0.89,4,0.19,0,0.0,1.59,0.14,3,0.14,0.13,0,0.0,41,1.92,21.95,7.317,0.38,1.45,38.71,0.84,38.89,0.61,38.46,0.05,1.36,34.48,7.55,37.27,2.2,1.88,0.19,46.03,0.84,1.59,55.78,86.05,15.98,77.42,11.2,93.31,19.73,89.07,49.36,89.46,5.06,66.67,18.84,38.01,0.21,1.83,0.09,0.05,0.33,42.86,0.47,8.02,80.7,3.19,63.24,0.89,47.37,1.88,0.38,8.02,87.72,0,,0,,0,0.0,0.0,0.0,,,0.7,,,0.75,0.23,20.0,4.08,0,0
J. Barrett Laursen,,Häcken,"LB, LCB",31,700000,,21,840,0,0.24,0,0.47,14.79,51.45,Denmark,Denmark,left,179,77,no,8.79,6.54,65.57,2.04,36.84,0.11,0.17,0.21,4.39,7.03,1.5,1,0.11,0,0.0,2.36,0.0,0,0.0,0.03,0,0.0,7,0.75,14.29,0.0,0.0,3.43,37.5,3.43,37.5,0.0,0.0,0.21,1.39,69.23,4.29,42.5,0.86,1.5,0.21,47.89,1.93,0.86,58.93,88.55,18.43,81.98,10.39,96.91,21.43,91.5,53.14,93.15,2.68,60.0,20.44,24.16,0.05,0.75,0.11,0.0,0.0,0.0,0.21,5.79,83.33,2.68,56.0,0.21,100.0,0.43,1.18,10.93,76.47,0,,0,,0,0.0,0.0,0.0,,,1.5,,,0.11,0.0,0.0,0.54,0,0
S. Sandberg,Sirius,Häcken,RB,32,700000,2026-12-31,1,9,0,0.0,0,0.0,,,Sweden,Sweden,right,186,77,no,,,,,,,0.0,,,15.0,,0,,0,,,,0,,,0,,0,,,0.0,,,,,,,,,,,,,,,,,,,,,,,,,,,,,,,13.72,0.0,,,,,,,,,,,,,,,,,,0,,0,,0,0.0,0.0,,,,,,,,,,,0,0
H. Castegren,Sirius,Sirius,"RB, RCB",30,700000,2027-12-31,28,2765,1,1.91,1,1.09,13.87,62.91,Sweden,Sweden,right,185,70,no,9.96,7.42,68.86,3.16,58.76,0.13,0.17,0.59,4.72,6.34,0.85,7,0.23,0,0.0,1.04,0.03,1,0.03,0.06,1,0.03,18,0.59,22.22,5.556,0.03,1.79,38.18,0.03,100.0,1.73,35.85,0.16,0.33,70.0,1.56,50.0,0.94,1.24,0.07,46.87,1.89,0.36,59.21,87.47,23.89,80.25,6.93,97.65,21.94,92.58,50.97,93.1,6.48,56.78,21.68,40.68,0.04,0.59,0.1,0.03,0.0,0.0,0.26,9.21,79.15,2.31,49.3,0.75,39.13,0.55,0.62,12.3,79.37,0,,0,,0,0.0,0.0,0.0,,,1.46,,,0.0,0.0,0.0,0.0,0,0
I. Abdulrazak,Värnamo,Häcken,"RCMF, LB",24,700000,2027-12-31,2,42,0,0.0,0,0.0,,,Nigeria,Nigeria,right,165,74,no,,,,,,,2.31,,,2.31,,1,,0,,,,0,,,0,,0,,,0.0,,,,,,,,,,,,,,,,,,,,,,,,,,,,,,,8.21,12.92,,,,,,,,,,,,,,,,,,0,,0,,0,0.0,0.0,,,,,,,,,,,0,0
M. Watson,,IFK Norrköping,"LCB, RCB, CB",30,700000,,28,2709,0,0.24,1,0.22,12.49,60.64,Sweden,"Sweden, England",right,184,74,no,9.57,4.32,73.08,4.95,56.38,0.27,0.33,0.9,6.15,7.52,0.56,5,0.17,0,0.0,0.33,0.0,0,0.0,0.01,0,0.0,4,0.13,0.0,0.0,0.03,0.2,50.0,0.07,50.0,0.13,50.0,0.07,0.3,44.44,1.43,32.56,0.47,0.63,0.0,34.52,0.1,0.6,51.56,89.88,18.17,79.71,2.59,96.15,26.28,96.46,46.81,93.33,4.55,56.2,20.39,32.49,0.01,0.27,0.0,0.0,0.13,75.0,0.03,4.85,68.49,0.3,33.33,0.1,0.0,0.07,0.1,6.91,64.42,0,,0,,0,0.0,0.0,0.0,,,1.83,,,0.0,0.0,0.0,0.0,0,0
D. Eid,Fredrikstad,IFK Norrköping,RB,27,700000,2027-07-31,12,1130,0,0.79,0,0.88,15.13,56.84,Norway,Norway,right,183,73,no,8.12,7.09,62.92,2.39,50.0,0.08,0.1,0.32,3.58,4.33,1.12,5,0.4,0,0.0,1.67,0.0,0,0.0,0.06,0,0.0,10,0.8,30.0,0.0,0.0,3.11,25.64,0.0,0.0,3.11,25.64,0.16,0.56,71.43,2.95,45.95,1.35,1.59,0.24,36.32,2.47,1.19,47.07,76.82,21.98,67.03,6.69,98.81,12.9,83.33,38.47,85.3,5.58,45.71,20.48,40.65,0.07,0.48,0.16,0.0,0.32,75.0,0.32,6.29,65.82,2.95,29.73,0.56,42.86,0.24,0.88,11.79,66.89,0,,0,,0,0.0,0.0,0.0,,,0.4,,,0.08,0.0,0.0,0.0,0,0
S. Gefvert,Västerås SK,Västerås SK,RWB,29,700000,2026-12-31,10,965,1,1.7,0,4.82,18.47,49.49,Sweden,Sweden,right,175,72,no,7.83,7.37,58.23,1.4,26.67,0.09,0.13,0.28,3.45,4.81,0.75,0,0.0,0,0.0,6.9,0.09,1,0.09,0.16,0,0.0,10,0.93,40.0,10.0,0.0,7.74,48.19,0.56,33.33,7.18,49.35,1.49,4.38,63.83,8.02,48.84,3.45,3.17,0.93,41.32,1.21,0.56,52.51,80.11,15.02,77.02,11.38,98.36,16.51,75.14,41.5,88.31,3.45,51.35,17.58,37.67,0.45,2.61,0.0,0.0,0.0,0.0,1.4,4.76,74.51,6.16,57.58,0.19,50.0,1.12,3.54,12.31,84.85,0,,0,,0,0.0,0.0,0.0,,,0.56,,,1.59,0.0,0.0,4.85,1,0
L. Bergström,Mallorca,Brommapojkarna,GK,23,700000,2027-06-30,3,286,0,0.0,0,0.0,1.57,100.0,Finland,Finland,right,200,84,no,1.57,0.0,0.0,1.26,100.0,0.0,0.0,0.0,1.57,1.61,0.0,0,0.0,0,0.0,0.0,0.0,0,0.0,0.0,0,0.0,0,0.0,0.0,0.0,0.0,0.0,0.0,0.0,0.0,0.0,0.0,0.0,0.0,0.0,0.31,100.0,0.0,0.0,0.0,8.18,0.0,0.63,15.73,80.0,10.38,72.73,0.0,0.0,4.41,92.86,8.18,96.15,7.24,65.22,36.0,53.3,0.0,0.0,0.0,0.0,0.0,0.0,0.0,3.46,45.45,0.63,0.0,0.63,0.0,0.0,0.0,6.29,70.0,6,1.89,14,4.41,1,57.14,3.75,1.18,-2.25,-0.708,0.0,1.57,1.26,,,,0.0,0,0
L. Fritzson,Degerfors,Brommapojkarna,"RCMF, AMF",30,700000,2028-12-31,29,2771,4,4.77,2,2.25,24.26,51.81,Sweden,Sweden,right,187,77,no,10.17,7.76,61.92,7.47,52.61,0.71,0.78,0.78,4.64,5.1,1.3,4,0.13,0,0.0,1.33,0.13,4,0.13,0.15,1,0.03,38,1.23,44.74,10.526,0.06,0.55,17.65,0.13,25.0,0.39,16.67,0.1,1.33,51.22,5.68,39.43,2.24,0.88,0.1,16.99,1.4,1.4,27.19,84.23,6.72,70.53,7.57,96.14,7.63,84.68,24.78,87.94,1.85,54.39,16.13,31.59,0.07,0.58,0.03,0.03,0.0,0.0,0.16,3.12,70.83,0.81,52.0,0.1,0.0,0.52,0.13,3.25,59.0,0,,0,,0,0.0,0.0,0.0,,,0.16,,,0.0,0.0,0.0,0.0,0,0
Amir Al Ammari,Cracovia Kraków,Halmstad,LCMF,29,700000,2028-06-30,13,1236,1,0.72,2,1.35,16.67,48.91,Sweden,"Sweden, Iraq",left,184,70,no,9.9,8.59,60.17,1.46,45.0,0.58,0.54,0.36,4.15,3.88,1.17,3,0.22,0,0.0,1.38,0.07,1,0.07,0.05,0,0.0,11,0.8,36.36,9.091,0.15,0.95,38.46,0.8,36.36,0.15,50.0,0.22,0.95,38.46,4.15,26.32,0.44,1.02,0.15,20.1,0.36,0.66,32.11,78.46,10.92,61.33,6.63,96.7,9.68,86.47,26.5,85.44,4.73,46.15,19.55,36.32,0.1,0.66,0.07,0.0,0.58,62.5,0.29,6.19,57.65,2.18,43.33,1.09,26.67,0.44,0.36,6.77,70.97,0,,0,,0,0.0,0.0,0.0,,,0.15,,,0.87,0.15,50.0,1.38,0,0
O. Uddenäs,Öster,AIK,"LW, RW, RAMF",23,650000,2027-12-31,3,72,0,0.04,0,0.0,26.25,42.86,Sweden,Sweden,left,186,75,no,10.0,8.75,85.71,6.25,20.0,0.0,0.0,0.0,2.5,4.62,1.25,0,0.0,0,0.0,2.5,0.0,0,0.0,0.04,0,0.0,1,1.25,100.0,0.0,0.0,2.5,0.0,1.25,0.0,1.25,0.0,1.25,3.75,33.33,5.0,25.0,3.75,0.0,0.0,22.5,3.75,1.25,28.75,86.96,1.25,100.0,10.0,100.0,6.25,80.0,26.25,95.24,0.0,0.0,9.81,0.0,0.0,0.0,0.0,0.0,0.0,0.0,0.0,0.0,0.0,1.25,0.0,0.0,0.0,0.0,0.0,1.25,100.0,0,,0,,0,0.0,0.0,0.0,,,0.0,,,0.0,0.0,0.0,0.0,0,0
G. Wikheim,Strømsgodset,Djurgården,"RAMF, LAMF",33,600000,2027-12-31,24,1355,2,2.96,2,1.68,24.77,37.53,Norway,Norway,right,182,70,no,4.45,5.51,53.01,1.53,17.39,0.07,0.08,0.0,1.46,1.82,1.33,5,0.33,0,0.0,4.18,0.13,2,0.13,0.2,0,0.0,20,1.33,25.0,10.0,0.13,2.72,26.83,0.73,27.27,1.86,21.43,0.33,5.45,57.32,15.08,34.8,3.65,3.25,1.13,15.01,2.06,1.59,21.12,74.21,4.25,75.0,5.18,79.49,6.44,73.2,18.07,81.99,0.46,28.57,15.08,11.15,0.11,0.8,0.07,0.0,0.07,0.0,0.53,1.26,73.68,2.46,54.05,0.07,0.0,1.66,0.66,3.12,87.23,0,,0,,0,0.0,0.0,0.0,,,0.0,,,0.07,0.0,0.0,0.07,0,0
G. Norlin,Łódzki KS,IFK Göteborg,"CF, RAMF, LAMF",29,600000,2028-06-30,26,1733,4,2.04,0,1.1,17.45,42.56,Sweden,Sweden,left,183,73,no,5.19,4.36,65.48,3.58,33.33,0.26,0.34,0.05,2.08,2.7,0.83,1,0.05,0,0.0,1.56,0.21,4,0.21,0.11,1,0.05,12,0.62,58.33,33.333,0.0,1.97,26.32,1.19,17.39,0.73,42.86,0.26,1.19,52.17,5.35,37.86,3.06,0.88,0.16,12.2,1.4,1.14,18.02,70.61,4.62,59.55,4.47,84.88,4.83,75.27,15.01,77.51,1.04,55.0,19.66,16.71,0.06,0.78,0.05,0.0,0.05,100.0,0.05,0.99,73.68,1.61,48.39,0.0,0.0,0.68,0.52,2.7,67.31,0,,0,,0,0.0,0.0,0.0,,,0.16,,,0.0,0.0,0.0,0.0,0,0
A. Erlingmark,IFK Göteborg,IFK Göteborg,"LCB, RDMF",28,600000,2028-12-31,14,1117,0,1.01,0,0.16,13.94,58.96,Sweden,Sweden,right,189,80,no,8.94,6.28,69.23,5.0,50.0,0.08,0.11,0.64,4.51,5.89,0.89,3,0.24,0,0.0,0.56,0.0,0,0.0,0.08,0,0.0,7,0.56,14.29,0.0,0.0,0.4,40.0,0.24,33.33,0.16,50.0,0.0,0.32,100.0,0.89,63.64,0.81,0.81,0.16,29.33,0.4,0.32,46.09,88.46,17.24,78.5,4.43,89.09,20.63,96.48,40.13,91.97,5.64,67.14,20.02,34.23,0.01,0.08,0.0,0.0,0.0,0.0,0.08,6.37,78.48,0.73,33.33,0.0,0.0,0.16,0.16,9.35,71.55,0,,0,,0,0.0,0.0,0.0,,,2.34,,,0.0,0.0,0.0,0.0,0,0
N. Baden Frederiksen,WSG Swarovski Tirol,IFK Göteborg,CF,26,600000,,3,154,0,0.06,0,0.33,14.03,25.0,Denmark,Denmark,left,179,70,no,3.51,5.26,22.22,2.92,40.0,0.58,0.71,1.17,1.75,2.14,3.51,1,0.58,0,0.0,0.58,0.0,0,0.0,0.04,0,0.0,2,1.17,50.0,0.0,0.0,0.0,0.0,0.0,0.0,0.0,0.0,0.0,0.0,0.0,3.51,0.0,1.75,0.0,0.0,6.43,1.17,0.0,9.94,52.94,2.92,20.0,0.58,100.0,4.68,62.5,8.77,60.0,1.17,0.0,20.95,30.28,0.19,1.17,0.0,0.0,0.0,0.0,0.58,1.75,0.0,0.58,100.0,0.0,0.0,1.75,0.0,2.34,50.0,0,,0,,0,0.0,0.0,0.0,,,0.0,,,0.0,0.0,0.0,0.0,0,0
M. Qurbanli,Qarabag,Djurgården,CF,24,600000,2027-06-30,2,45,0,0.09,0,0.0,36.0,22.22,Azerbaijan,Azerbaijan,right,185,78,no,2.0,6.0,0.0,6.0,0.0,0.0,0.0,0.0,2.0,3.0,4.0,0,0.0,0,0.0,8.0,0.0,0,0.0,0.19,0,0.0,1,2.0,0.0,0.0,0.0,0.0,0.0,0.0,0.0,0.0,0.0,0.0,8.0,100.0,14.0,57.14,2.0,2.0,0.0,4.0,0.0,0.0,4.0,100.0,0.0,0.0,2.0,100.0,2.0,100.0,4.0,100.0,0.0,0.0,18.01,0.0,0.0,0.0,0.0,0.0,0.0,0.0,0.0,0.0,0.0,0.0,0.0,0.0,0.0,0.0,0.0,0.0,0.0,0,,0,,0,0.0,0.0,0.0,,,0.0,,,0.0,0.0,0.0,0.0,0,0
L. Le Roux,Portsmouth,Värnamo,"DMF, LCMF, RCMF",26,600000,2028-06-30,16,1264,1,0.69,0,1.14,13.53,53.68,South Africa,South Africa,right,184,68,no,7.33,6.27,64.77,1.99,57.14,0.21,0.25,0.14,3.06,3.52,1.5,2,0.14,0,0.0,0.93,0.07,1,0.07,0.05,0,0.0,10,0.71,10.0,10.0,0.0,0.85,50.0,0.07,100.0,0.78,45.45,0.21,0.5,71.43,3.2,37.78,0.71,0.21,0.0,31.83,0.36,0.57,45.43,90.44,13.74,82.38,7.9,95.5,16.73,94.47,42.15,92.91,2.49,60.0,16.72,20.9,0.08,0.85,0.0,0.0,0.07,100.0,0.07,4.7,81.82,1.07,53.33,0.0,0.0,0.28,0.5,5.77,85.19,0,,0,,0,0.0,0.0,0.0,,,0.5,,,0.0,0.0,0.0,0.0,0,0
E. Grozdanić,,Värnamo,"LCB, LB",27,600000,,20,1705,0,0.63,1,0.74,11.93,55.75,Sweden,Sweden,left,184,81,no,8.34,5.44,71.84,2.32,31.82,0.37,0.44,0.53,4.06,4.84,0.53,1,0.05,0,0.0,0.95,0.0,0,0.0,0.03,0,0.0,15,0.79,20.0,0.0,0.05,1.53,24.14,1.53,24.14,0.0,0.0,0.21,0.42,100.0,1.69,62.5,0.53,1.0,0.05,40.12,0.37,0.53,57.43,85.94,23.91,78.81,4.91,94.62,20.96,91.69,49.09,93.33,6.91,45.8,19.63,36.09,0.04,0.21,0.0,0.0,0.0,0.0,0.11,7.5,69.72,1.58,33.33,0.37,14.29,0.21,0.37,9.71,72.83,0,,0,,0,0.0,0.0,0.0,,,0.95,,,0.05,0.0,0.0,0.16,0,0
Wenderson,Avaí,Värnamo,"RCMF, LCMF, DMF",27,600000,2029-06-30,28,2661,1,1.38,1,1.29,21.88,49.3,Brazil,Brazil,right,174,75,yes,8.22,7.17,68.4,1.76,40.38,0.0,0.0,0.27,3.31,3.86,0.91,6,0.2,0,0.0,1.59,0.03,1,0.03,0.05,0,0.0,33,1.12,9.09,3.03,0.03,0.91,33.33,0.34,20.0,0.57,41.18,0.1,2.2,52.31,10.38,38.11,0.61,1.42,0.3,30.57,0.17,1.59,42.07,87.06,11.67,77.1,6.46,95.81,17.42,91.46,37.24,91.1,3.99,60.17,19.18,40.85,0.04,0.74,0.03,0.0,0.1,33.33,0.24,6.63,77.55,1.52,42.22,0.54,12.5,0.34,0.34,5.99,75.14,0,,0,,0,0.0,0.0,0.0,,,0.44,,,0.03,0.03,0.0,0.0,0,0
D. Widgren,Östersunds FK,Sirius,LB,32,600000,2028-12-31,26,2403,0,0.35,0,1.4,12.28,50.61,Sweden,Sweden,left,180,75,no,8.99,6.74,61.11,1.42,31.58,0.07,0.1,0.11,4.79,6.43,0.49,2,0.07,0,0.0,1.05,0.0,0,0.0,0.01,0,0.0,7,0.26,14.29,0.0,0.0,2.28,31.15,2.25,31.67,0.04,0.0,0.26,0.45,50.0,2.7,38.89,0.49,1.12,0.07,38.65,2.21,0.52,50.52,85.03,16.85,75.56,7.0,94.65,20.3,89.85,41.95,91.52,6.44,61.63,21.05,40.74,0.05,0.67,0.11,0.0,0.07,100.0,0.22,6.29,67.86,2.66,50.7,0.6,68.75,0.82,0.6,11.46,78.1,0,,0,,0,0.0,0.0,0.0,,,0.97,,,0.04,0.0,0.0,0.19,0,0
A. Linde,Häcken,Häcken,GK,32,600000,2026-12-31,18,1756,0,0.0,0,0.0,0.62,83.33,Sweden,Sweden,right,200,93,no,1.03,0.0,0.0,0.41,87.5,0.0,0.0,0.0,1.03,1.44,0.0,1,0.05,0,0.0,0.05,0.0,0,0.0,0.0,0,0.0,0,0.0,0.0,0.0,0.0,0.0,0.0,0.0,0.0,0.0,0.0,0.0,0.0,0.0,0.1,50.0,0.0,0.0,0.0,15.99,0.36,0.05,25.17,89.82,13.17,82.1,0.0,0.0,11.07,98.15,19.27,97.34,5.84,65.79,26.51,44.6,0.0,0.0,0.0,0.0,0.05,100.0,0.0,1.18,39.13,0.05,0.0,0.15,33.33,0.0,0.0,4.66,70.33,31,1.59,94,4.82,3,67.02,31.77,1.63,0.77,0.039,0.0,1.18,0.41,,,,0.0,0,0
T. Carlsson,FH,Sirius,"RCB, LCB",30,600000,2029-12-31,3,135,0,0.0,0,0.0,12.0,61.11,Sweden,Sweden,right,187,75,no,7.33,8.67,53.85,3.33,80.0,0.0,0.0,0.67,2.67,4.29,2.67,1,0.67,0,0.0,0.0,0.0,0,0.0,0.0,0,0.0,0,0.0,0.0,0.0,0.0,0.0,0.0,0.0,0.0,0.0,0.0,0.0,0.0,0.0,0.0,0.0,0.0,0.0,0.0,48.67,0.0,0.0,59.33,91.01,30.0,84.44,2.67,100.0,22.0,96.97,53.33,96.25,6.0,44.44,21.34,29.04,0.0,0.0,0.0,0.0,0.0,0.0,0.0,6.67,60.0,1.33,0.0,0.67,0.0,0.0,0.0,16.0,79.17,0,,0,,0,0.0,0.0,0.0,,,0.67,,,0.0,0.0,0.0,0.0,0,0
N. Røjkjær,Nordsjælland,Mjällby,LCMF,27,600000,2029-06-30,28,2605,3,4.42,0,4.14,16.45,44.54,Denmark,Denmark,right,179,74,no,5.6,5.32,56.49,0.93,14.81,0.0,0.0,0.24,2.59,3.38,0.55,2,0.07,0,0.0,3.14,0.1,3,0.1,0.15,0,0.0,40,1.38,30.0,7.5,0.0,1.62,48.94,1.04,50.0,0.52,40.0,0.45,3.11,53.33,8.02,41.38,1.42,2.28,0.41,35.48,0.97,1.14,50.37,88.68,13.2,80.1,11.75,97.94,15.03,90.34,46.23,91.18,2.56,68.92,16.13,32.67,0.14,1.38,0.1,0.03,0.45,61.54,0.41,5.11,77.7,2.42,64.29,0.62,44.44,1.14,0.73,7.36,81.22,0,,0,,0,0.0,0.0,0.0,,,0.28,,,1.35,0.21,33.33,2.31,1,0
A. Zeljković,Aktobe,Värnamo,"CF, LW, LWF",28,600000,2026-12-31,29,2212,7,7.04,1,1.06,14.2,42.69,Sweden,"Sweden, Bosnia and Herzegovina",right,181,79,no,4.43,3.42,61.9,1.46,33.33,0.24,0.29,0.04,2.08,2.48,0.53,2,0.08,0,0.0,2.85,0.28,4,0.16,0.29,0,0.0,73,2.97,38.36,9.589,0.04,0.94,30.43,0.49,25.0,0.41,40.0,0.37,2.69,53.03,7.12,37.14,2.2,1.3,0.41,22.58,1.26,1.34,28.89,84.79,4.31,64.15,8.99,95.02,9.64,83.54,26.37,88.73,1.75,51.16,16.44,33.72,0.04,0.57,0.0,0.0,0.16,0.0,0.2,2.03,74.0,1.59,48.72,0.28,0.0,0.61,0.28,2.73,67.16,0,,0,,0,0.0,0.0,0.0,,,0.16,,,0.28,0.24,16.67,0.53,3,100
L. Olden Larsen,Tromsø,Häcken,"LAMF, LCMF, LW",27,600000,2027-12-31,11,695,1,0.65,0,0.0,15.8,45.08,Norway,Norway,right,175,74,no,4.27,3.24,56.0,2.85,31.82,0.0,0.0,0.13,2.46,3.52,0.65,0,0.0,0,0.0,2.98,0.13,1,0.13,0.08,0,0.0,21,2.72,28.57,4.762,0.0,2.72,9.52,2.46,10.53,0.26,0.0,0.91,2.98,65.22,7.9,45.9,2.2,1.68,0.26,24.47,1.17,1.17,31.73,78.78,6.86,71.7,8.03,93.55,9.84,76.32,27.84,87.44,1.29,40.0,17.0,18.9,0.0,0.0,0.0,0.0,0.0,0.0,0.0,1.17,77.78,2.98,26.09,0.26,50.0,0.78,0.26,4.14,62.5,0,,0,,0,0.0,0.0,0.0,,,0.26,,,0.0,0.0,0.0,0.13,0,0
J. Ortmark,Örebro,IFK Norrköping,"LDMF, RDMF, RCMF",28,600000,2026-12-31,5,256,0,0.32,0,0.0,16.88,62.5,Sweden,Sweden,right,176,77,no,13.01,7.73,86.36,1.05,66.67,0.7,0.8,0.35,5.63,6.4,1.05,0,0.0,0,0.0,2.11,0.0,0,0.0,0.11,0,0.0,4,1.41,25.0,0.0,0.0,1.41,50.0,1.05,66.67,0.35,0.0,0.0,1.05,66.67,6.68,42.11,0.35,1.76,0.0,39.38,0.0,1.76,56.25,91.88,15.12,83.72,8.79,96.0,23.91,94.12,50.98,95.17,4.22,58.33,20.63,23.72,0.0,0.0,0.0,0.0,0.35,100.0,0.0,7.03,95.0,2.46,42.86,0.0,0.0,0.7,1.05,7.38,66.67,0,,0,,0,0.0,0.0,0.0,,,0.0,,,0.35,0.35,100.0,0.0,0,0
A. Milošević,,AIK,"RCB, CB",34,600000,,15,1134,0,0.19,0,0.09,13.41,62.72,Sweden,"Sweden, Serbia",right,192,82,no,7.94,4.37,76.36,6.83,56.98,0.4,0.56,0.48,4.21,5.93,0.95,5,0.4,0,0.0,0.0,0.0,0,0.0,0.02,0,0.0,3,0.24,0.0,0.0,0.0,0.16,0.0,0.0,0.0,0.16,0.0,0.08,0.16,0.0,0.79,50.0,0.79,0.71,0.08,33.25,0.24,0.56,47.94,88.58,20.56,78.38,2.94,94.59,19.13,98.34,41.43,93.68,6.35,57.5,20.8,30.1,0.01,0.16,0.0,0.0,0.0,0.0,0.08,6.35,73.75,0.48,16.67,0.4,20.0,0.24,0.0,7.14,75.56,0,,0,,0,0.0,0.0,0.0,,,1.35,,,0.0,0.0,0.0,0.0,0,0
B. Tiedemann Hansen,AaB,AIK,"RCB, LCB",32,600000,2028-06-30,30,2913,3,2.42,0,0.14,10.38,60.71,Denmark,Denmark,right,189,78,no,7.85,3.18,82.52,4.29,56.83,0.4,0.5,0.65,4.82,5.95,0.56,2,0.06,0,0.0,0.15,0.09,3,0.09,0.07,3,0.09,14,0.43,35.71,21.429,0.0,0.03,0.0,0.0,0.0,0.03,0.0,0.0,0.0,0.0,0.56,50.0,0.71,0.15,0.0,35.59,0.34,0.56,50.92,89.08,21.04,80.47,2.16,95.71,23.33,95.89,44.09,93.9,6.8,58.18,21.89,39.55,0.0,0.06,0.09,0.0,0.03,0.0,0.03,6.98,69.47,0.49,12.5,0.28,22.22,0.15,0.0,8.68,75.8,0,,0,,0,0.0,0.0,0.0,,,1.51,,,0.03,0.0,0.0,0.0,0,0
G. Henriksson,Cracovia Kraków,Elfsborg,"CB, LCB, RCB",28,600000,2027-06-30,21,1878,0,0.64,0,0.26,10.83,60.62,Sweden,Sweden,right,188,80,no,8.82,4.74,72.73,4.27,56.18,0.58,0.62,1.29,4.79,5.15,0.96,1,0.05,0,0.0,0.1,0.0,0,0.0,0.03,0,0.0,6,0.29,33.33,0.0,0.0,0.0,0.0,0.0,0.0,0.0,0.0,0.0,0.0,0.0,0.62,30.77,0.34,0.1,0.1,27.12,0.24,0.24,37.04,93.27,10.69,84.3,1.44,86.67,23.48,98.37,34.36,95.82,2.68,60.71,21.68,33.84,0.01,0.05,0.14,0.0,0.0,0.0,0.0,3.12,75.38,0.29,50.0,0.19,0.0,0.05,0.0,4.65,75.26,0,,0,,0,0.0,0.0,0.0,,,1.05,,,0.0,0.0,0.0,0.0,0,0
V. Larsson,Kalmar,Värnamo,"RB, RCB",26,600000,2027-12-31,29,2758,2,1.75,0,1.2,14.23,52.52,Sweden,Sweden,right,183,76,no,9.23,5.87,65.56,3.39,44.23,0.13,0.15,0.36,5.25,5.99,0.69,1,0.03,0,0.0,1.21,0.07,2,0.07,0.06,1,0.03,11,0.36,36.36,18.182,0.0,1.31,35.0,0.0,0.0,1.27,33.33,0.03,0.88,70.37,2.87,47.73,1.53,2.19,0.39,38.57,1.04,0.59,52.6,84.12,23.72,76.75,6.2,94.74,15.63,89.77,47.09,89.33,4.24,40.77,18.13,32.44,0.04,0.33,0.0,0.0,0.07,0.0,0.16,6.13,76.6,1.5,45.65,0.29,11.11,0.55,0.36,9.99,66.01,0,,0,,0,0.0,0.0,0.0,,,1.14,,,0.0,0.0,0.0,0.0,0,0
D. Collander,GAIS,Hammarby,RB,24,600000,2026-12-31,7,152,0,0.3,0,0.14,20.72,42.86,Sweden,Sweden,right,178,70,no,3.55,6.51,45.45,3.55,33.33,0.0,0.0,0.0,0.59,1.0,0.0,0,0.0,0,0.0,1.18,0.0,0,0.0,0.18,0,0.0,2,1.18,0.0,0.0,0.0,4.74,0.0,0.0,0.0,4.74,0.0,0.59,2.37,50.0,8.88,40.0,2.96,2.96,1.18,41.45,1.18,1.18,49.74,83.33,12.43,80.95,10.66,100.0,15.39,73.08,43.22,93.15,1.78,66.67,16.18,12.33,0.08,0.59,0.0,0.0,0.0,0.0,0.0,2.37,75.0,3.55,0.0,0.0,0.0,1.18,0.0,5.33,100.0,0,,0,,0,0.0,0.0,0.0,,,1.78,,,0.0,0.0,0.0,0.0,0,0
V. Gustafson,Mjällby,Mjällby,"RCMF, RW, RWF",31,600000,2030-12-31,27,2013,3,1.26,2,2.0,18.64,47.0,Sweden,Sweden,right,181,71,no,7.91,7.2,61.49,1.88,42.86,0.09,0.12,0.31,3.4,4.38,1.61,4,0.18,0,0.0,1.92,0.13,3,0.13,0.06,1,0.04,19,0.85,26.32,15.789,0.09,2.24,30.0,0.18,25.0,2.01,28.89,0.36,1.65,54.05,6.21,39.57,1.34,1.61,0.8,24.37,0.54,1.39,34.61,76.87,12.34,68.84,5.63,93.65,9.57,77.1,29.82,82.91,2.55,47.37,17.06,32.57,0.09,0.72,0.04,0.0,0.63,21.43,0.27,4.07,60.44,3.85,39.53,0.76,29.41,1.03,0.8,5.99,68.66,0,,0,,0,0.0,0.0,0.0,,,0.0,,,0.0,0.0,0.0,0.04,0,0
Viktor Granath,Skara,Västerås SK,CF,32,500000,2027-12-31,27,1960,7,5.01,2,0.44,25.35,32.79,Sweden,Sweden,left,194,85,no,3.08,2.85,54.84,10.06,35.16,0.32,0.36,0.14,1.19,1.33,0.96,1,0.05,0,0.0,0.83,0.32,7,0.32,0.23,4,0.18,22,1.01,59.09,31.818,0.09,0.0,0.0,0.0,0.0,0.0,0.0,0.0,0.64,35.71,6.89,26.67,2.07,0.14,0.05,6.06,1.29,1.29,11.66,68.5,2.62,50.88,2.71,91.53,2.43,58.49,11.43,68.27,0.23,80.0,12.77,4.31,0.02,0.37,0.0,0.0,0.05,0.0,0.05,0.78,47.06,0.32,14.29,0.05,0.0,0.18,0.0,1.19,26.92,0,,0,,0,0.0,0.0,0.0,,,0.0,,,0.0,0.0,0.0,0.0,0,0
Rasmus Schüller,Vendsyssel,Djurgården,"LDMF, LCMF",35,500000,2027-06-30,14,898,0,0.2,0,0.71,14.23,52.11,Finland,Finland,left,177,67,no,8.92,6.82,70.59,2.31,52.17,0.3,0.38,0.5,3.81,4.83,1.4,2,0.2,0,0.0,0.6,0.0,0,0.0,0.02,0,0.0,6,0.6,0.0,0.0,0.0,0.7,57.14,0.3,33.33,0.2,50.0,0.0,0.7,14.29,3.21,31.25,0.6,0.6,0.0,43.0,0.7,0.6,59.23,85.28,15.73,68.15,11.02,96.36,24.25,92.98,52.72,88.97,6.01,55.0,17.92,36.38,0.07,0.5,0.1,0.0,0.2,50.0,0.3,9.42,78.72,1.8,55.56,0.8,50.0,0.7,0.3,8.12,62.96,0,,0,,0,0.0,0.0,0.0,,,1.0,,,0.0,0.0,0.0,0.0,0,0
J. Ring,Västerås SK,Kalmar,"CF, RW, RWF",34,500000,2027-12-31,29,2072,4,2.53,3,3.0,19.2,42.99,Sweden,Sweden,left,182,74,no,4.82,5.08,64.1,2.43,32.14,0.04,0.05,0.04,1.52,1.86,1.04,4,0.17,0,0.0,2.3,0.17,4,0.17,0.11,1,0.04,19,0.83,36.84,21.053,0.13,1.69,28.21,1.22,21.43,0.48,45.45,0.17,2.61,53.33,9.47,36.7,2.69,1.65,0.65,23.76,1.26,0.78,32.66,78.19,6.99,59.63,8.43,93.81,9.77,77.78,29.62,82.26,1.43,48.48,15.97,25.35,0.13,1.48,0.04,0.0,0.39,33.33,0.35,2.56,66.1,2.35,42.59,0.22,0.0,0.96,0.52,3.82,61.36,0,,0,,0,0.0,0.0,0.0,,,0.09,,,0.69,0.04,100.0,1.04,0,0
S. Ohlsson,Degerfors,IFK Göteborg,RB,33,500000,2026-12-31,26,1845,1,1.43,1,1.82,20.49,48.81,Sweden,Sweden,right,184,77,no,9.41,8.88,58.24,2.63,35.19,0.29,0.38,0.29,3.95,5.16,2.05,5,0.24,0,0.0,1.22,0.05,1,0.05,0.07,0,0.0,13,0.63,15.38,7.692,0.05,1.41,24.14,0.2,0.0,1.22,28.0,0.2,0.98,75.0,5.66,42.24,1.76,0.98,0.05,18.34,1.02,1.32,26.63,76.19,10.78,67.42,5.32,95.41,6.15,80.95,22.05,82.96,3.27,50.75,18.18,29.38,0.09,0.68,0.05,0.0,0.1,50.0,0.39,3.95,60.49,2.29,57.45,0.49,70.0,1.22,0.44,5.56,73.68,0,,0,,0,0.0,0.0,0.0,,,0.59,,,0.0,0.0,0.0,0.0,0,0
V. Bergh,Karlsruher SC,Djurgården,LB,26,500000,2027-12-31,22,1829,2,1.91,3,2.82,16.68,47.79,Sweden,Sweden,left,172,73,no,8.07,5.86,59.66,2.46,50.0,0.25,0.3,0.2,4.33,5.26,0.89,2,0.1,0,0.0,1.77,0.1,2,0.1,0.09,0,0.0,17,0.84,35.29,11.765,0.15,1.67,50.0,1.62,48.48,0.05,100.0,0.25,1.18,50.0,4.63,43.62,1.38,0.98,0.34,23.77,1.77,1.72,31.64,79.78,10.28,66.51,6.94,96.45,8.86,84.44,28.2,84.29,1.77,36.11,16.79,23.12,0.14,0.98,0.05,0.0,0.05,100.0,0.39,2.66,74.07,1.87,63.16,0.15,33.33,0.44,0.84,5.41,63.64,0,,0,,0,0.0,0.0,0.0,,,0.44,,,0.54,0.05,0.0,1.33,0,0
S. Haarala,HJK,Djurgården,"RAMF, RWF, AMF",26,500000,2028-12-31,11,808,1,3.35,2,1.42,21.72,36.41,Finland,Finland,right,180,75,no,5.57,5.79,55.77,1.45,7.69,0.0,0.0,0.0,2.34,2.81,1.0,0,0.0,0,0.0,4.34,0.11,1,0.11,0.37,0,0.0,27,3.01,44.44,3.704,0.22,3.68,33.33,1.11,60.0,2.34,23.81,0.78,3.79,41.18,12.48,32.14,5.9,2.0,0.22,22.05,1.23,1.34,28.96,68.08,7.02,52.38,6.68,90.0,8.58,70.13,23.5,74.88,1.89,52.94,18.23,30.71,0.16,1.45,0.0,0.33,0.33,66.67,0.67,2.56,56.52,2.67,45.83,0.56,60.0,0.67,1.23,4.12,62.16,0,,0,,0,0.0,0.0,0.0,,,0.0,,,0.45,0.0,0.0,1.23,0,0
L. Kåhed,,IFK Göteborg,"RCMF, AMF",23,500000,,11,478,0,0.34,1,0.38,18.08,35.42,Sweden,Sweden,right,167,57,no,4.33,4.14,59.09,2.82,13.33,0.0,0.0,0.0,1.88,2.75,0.94,0,0.0,0,0.0,1.13,0.0,0,0.0,0.06,0,0.0,8,1.51,0.0,0.0,0.19,1.69,22.22,0.94,20.0,0.75,25.0,0.56,1.69,33.33,7.72,34.15,1.88,0.75,0.56,16.57,0.56,1.69,24.29,77.52,7.91,80.95,3.01,81.25,7.53,70.0,21.65,82.61,1.13,66.67,16.84,14.39,0.07,0.56,0.0,0.0,0.19,100.0,0.19,2.82,66.67,1.69,33.33,0.38,50.0,0.56,0.38,4.52,66.67,0,,0,,0,0.0,0.0,0.0,,,0.19,,,0.0,0.0,0.0,0.19,0,0
J. Bergström,Mjällby,Mjällby,CF,31,500000,2026-12-31,26,2384,8,11.36,0,0.51,21.67,33.8,Sweden,Sweden,right,195,95,no,3.7,3.36,53.93,6.83,36.46,0.15,0.2,0.11,1.74,2.29,1.36,3,0.11,0,0.0,1.06,0.3,8,0.3,0.43,2,0.08,38,1.43,50.0,21.053,0.0,0.26,14.29,0.04,0.0,0.23,16.67,0.0,0.98,26.92,6.68,22.03,2.6,0.42,0.04,9.7,2.83,0.98,13.78,77.26,2.34,67.74,4.27,85.84,3.59,71.58,13.25,78.92,0.26,57.14,13.83,9.32,0.02,0.45,0.0,0.0,0.04,100.0,0.08,0.83,68.18,0.3,37.5,0.0,0.0,0.38,0.04,1.32,40.0,0,,0,,0,0.0,0.0,0.0,,,0.0,,,0.0,0.0,0.0,0.0,0,0
F. Nsabiyumva,Västerås SK,Västerås SK,CB,31,500000,2026-12-31,26,2561,0,1.49,0,0.25,15.18,61.11,Burundi,Burundi,right,190,78,no,9.73,4.92,71.43,6.78,62.18,0.28,0.36,1.05,5.94,7.53,1.05,5,0.18,0,0.0,0.35,0.0,0,0.0,0.05,0,0.0,13,0.46,30.77,0.0,0.0,0.04,100.0,0.0,0.0,0.04,100.0,0.0,0.25,71.43,1.16,33.33,0.81,0.18,0.0,28.64,0.14,0.39,42.49,90.32,13.88,80.25,2.32,98.48,22.88,96.01,39.01,92.79,3.44,62.24,20.66,34.95,0.01,0.14,0.0,0.04,0.0,0.0,0.0,4.04,80.87,0.18,40.0,0.04,100.0,0.21,0.04,6.33,68.89,0,,0,,0,0.0,0.0,0.0,,,1.86,,,0.0,0.0,0.0,0.0,0,0
G. Granath,Panetolikos FC,Västerås SK,"RCB, LCB",29,500000,2027-06-30,16,1498,0,1.03,0,0.98,13.58,62.83,Sweden,Sweden,right,191,82,no,8.71,5.53,69.57,4.15,66.67,0.0,0.0,0.6,4.87,6.45,0.84,0,0.0,0,0.0,0.84,0.0,0,0.0,0.06,0,0.0,8,0.48,62.5,0.0,0.0,0.54,66.67,0.12,100.0,0.42,57.14,0.06,0.18,100.0,1.8,43.33,1.02,0.78,0.06,34.49,0.6,0.66,49.81,87.33,22.65,79.05,4.27,91.55,17.3,95.14,41.88,91.25,7.39,66.67,20.72,40.32,0.06,0.48,0.0,0.06,0.0,0.0,0.12,9.19,75.16,1.2,60.0,0.24,25.0,0.42,0.36,9.91,75.15,0,,0,,0,0.0,0.0,0.0,,,1.62,,,0.0,0.0,0.0,0.0,0,0
J. Ceesay,Empoli,IFK Norrköping,"RW, RAMF, RB",28,500000,2027-06-30,6,505,0,0.16,1,0.69,21.21,33.61,Sweden,"Sweden, Gambia",right,184,78,no,5.17,6.06,41.18,1.43,37.5,0.36,0.43,0.18,2.32,2.77,2.67,1,0.18,0,0.0,3.21,0.0,0,0.0,0.03,0,0.0,3,0.53,0.0,0.0,0.18,3.39,31.58,0.0,0.0,3.39,31.58,0.0,3.39,63.16,11.76,33.33,2.32,2.67,0.53,18.89,2.5,1.07,26.02,72.6,7.66,53.49,8.38,100.0,4.99,75.0,20.32,82.46,2.85,43.75,19.3,39.79,0.12,1.07,0.0,0.0,0.0,0.0,0.18,1.43,62.5,1.43,37.5,0.18,0.0,0.71,0.53,3.39,68.42,0,,0,,0,0.0,0.0,0.0,,,0.0,,,0.0,0.0,0.0,0.0,0,0
W. Milovanović,GAIS,GAIS,"LCMF, RCMF",24,500000,2027-12-31,25,2061,2,3.54,2,1.84,21.27,44.97,Sweden,"Sweden, Serbia",right,181,75,no,8.38,8.12,53.23,3.01,43.48,0.39,0.43,0.31,3.67,3.97,2.01,7,0.31,0,0.0,1.75,0.09,2,0.09,0.15,0,0.0,33,1.44,21.21,6.061,0.09,1.05,33.33,0.66,33.33,0.35,37.5,0.13,1.88,55.81,7.64,40.57,2.53,1.4,0.61,13.36,0.66,1.27,22.49,77.28,6.55,68.67,4.54,92.31,5.76,75.76,19.69,81.82,1.75,52.5,15.64,26.18,0.08,0.74,0.09,0.0,0.22,20.0,0.26,2.53,67.24,1.83,50.0,0.39,33.33,1.0,0.35,3.36,67.53,0,,0,,0,0.0,0.0,0.0,,,0.13,,,0.0,0.0,0.0,0.0,0,0
M. Linday,Heerenveen,Västerås SK,"RCMF, LCMF",23,500000,2029-06-30,28,2633,0,0.76,0,2.03,17.64,56.78,Sweden,Sweden,right,186,77,no,9.26,8.07,67.8,1.4,39.02,0.27,0.35,0.1,3.52,4.52,0.41,3,0.1,0,0.0,1.33,0.0,0,0.0,0.03,0,0.0,17,0.58,29.41,0.0,0.0,0.55,37.5,0.14,50.0,0.34,40.0,0.0,1.47,62.79,6.36,49.46,0.68,3.08,1.03,36.88,0.17,1.74,54.28,90.81,13.88,83.25,7.73,94.25,23.55,94.48,51.14,92.85,2.6,61.84,17.8,30.24,0.07,0.89,0.0,0.0,0.07,50.0,0.17,6.49,86.84,1.47,58.14,0.17,40.0,0.75,0.24,6.15,75.56,0,,0,,0,0.0,0.0,0.0,,,1.09,,,0.0,0.0,0.0,0.0,0,0
T. Isherwood,Elfsborg,AIK,LCB,28,500000,2028-12-31,4,209,0,0.0,0,0.0,17.66,56.1,Sweden,"Sweden, England",left,195,87,no,7.75,4.74,63.64,6.89,50.0,0.0,0.0,1.29,4.74,5.69,1.29,0,0.0,0,0.0,0.43,0.0,0,0.0,0.0,0,0.0,0,0.0,0.0,0.0,0.0,0.0,0.0,0.0,0.0,0.0,0.0,0.0,0.43,100.0,2.58,50.0,0.43,0.0,0.0,17.22,0.0,0.43,27.56,82.81,15.93,72.97,1.29,100.0,8.18,100.0,22.82,88.68,4.74,54.55,21.22,19.04,0.0,0.0,0.0,0.0,0.0,0.0,0.0,2.15,80.0,0.0,0.0,0.0,0.0,0.0,0.0,6.89,62.5,0,,0,,0,0.0,0.0,0.0,,,1.29,,,0.0,0.0,0.0,0.0,0,0
I. Pettersson,Elfsborg,Elfsborg,GK,29,500000,2026-12-31,19,1825,0,0.0,0,0.0,0.64,76.92,Sweden,Sweden,left,181,84,no,1.23,0.0,0.0,0.49,80.0,0.0,0.0,0.0,1.23,1.39,0.0,0,0.0,0,0.0,0.0,0.0,0,0.0,0.0,0,0.0,0,0.0,0.0,0.0,0.0,0.0,0.0,0.0,0.0,0.0,0.0,0.0,0.0,0.0,0.05,100.0,0.0,0.0,0.0,15.04,0.15,0.05,22.78,81.39,12.43,67.86,0.0,0.0,9.32,97.88,12.28,98.8,10.45,61.32,36.97,53.69,0.0,0.0,0.05,0.0,0.0,0.0,0.0,3.95,53.75,0.35,14.29,0.2,0.0,0.05,0.0,7.4,78.67,31,1.53,76,3.75,4,59.21,19.05,0.94,-11.95,-0.589,0.0,1.28,0.49,,,,0.0,0,0
D. Irandust,Shaanxi Union,Brommapojkarna,"CF, AMF",28,500000,,19,835,1,1.35,2,2.66,21.23,46.7,Sweden,"Sweden, Iran",left,185,73,no,7.01,7.65,50.7,1.19,27.27,0.43,0.49,0.32,2.69,3.09,1.4,0,0.0,0,0.0,3.56,0.11,1,0.11,0.15,0,0.0,20,2.16,35.0,5.0,0.22,1.83,47.06,1.08,60.0,0.43,50.0,0.11,3.13,55.17,9.92,47.83,3.34,3.02,0.43,23.71,0.75,1.4,32.87,82.62,7.44,73.91,8.73,88.89,10.24,86.32,29.64,86.18,1.51,57.14,19.31,21.79,0.29,1.83,0.0,0.11,0.22,100.0,0.65,4.42,75.61,2.69,64.0,0.32,66.67,1.72,0.86,5.28,79.59,0,,0,,0,0.0,0.0,0.0,,,0.0,,,1.19,0.0,0.0,1.4,0,0
T. Heggem,Bologna,Brommapojkarna,"LCB, LB",27,500000,2029-06-30,12,1165,1,1.66,0,1.47,15.45,62.0,Norway,Norway,left,185,73,no,10.27,5.95,70.13,3.32,72.09,0.31,0.34,0.46,5.79,6.34,0.62,0,0.0,0,0.0,1.93,0.08,1,0.08,0.13,1,0.08,14,1.08,21.43,7.143,0.0,1.93,52.0,1.93,52.0,0.0,0.0,0.23,1.24,56.25,3.4,45.45,1.93,1.78,0.77,36.62,1.31,0.54,49.52,85.18,19.31,75.6,5.87,93.42,19.16,92.74,41.87,91.7,5.79,48.0,22.1,49.46,0.11,0.46,0.0,0.08,0.0,0.0,0.31,6.88,67.42,2.01,53.85,0.62,25.0,0.23,1.0,9.27,70.83,0,,0,,0,0.0,0.0,0.0,,,1.16,,,0.0,0.0,0.0,0.0,0,0
M. Bundgaard Sørensen,Sønderjyske,Elfsborg,GK,24,500000,2028-06-30,12,1150,0,0.0,0,0.0,0.78,80.0,Denmark,Denmark,right,197,81,no,1.33,0.0,0.0,0.47,100.0,0.0,0.0,0.0,1.33,1.4,0.0,1,0.08,0,0.0,0.0,0.0,0,0.0,0.0,0,0.0,0,0.0,0.0,0.0,0.0,0.0,0.0,0.0,0.0,0.0,0.0,0.0,0.0,0.0,0.08,0.0,0.0,0.0,0.0,16.28,0.39,0.08,25.75,82.07,15.26,71.28,0.0,0.0,9.7,97.58,12.83,98.17,12.83,66.46,34.88,48.42,0.0,0.0,0.0,0.0,0.0,0.0,0.0,4.62,55.93,0.08,0.0,0.16,0.0,0.08,0.0,8.92,82.46,13,1.02,44,3.44,4,70.45,11.81,0.92,-1.19,-0.093,0.0,2.43,0.47,,,,0.0,0,0
F. Christensen,MSV Duisburg,Brommapojkarna,"LWB, LB, LW",24,500000,2029-06-30,25,1715,2,1.96,5,3.56,11.76,48.66,Denmark,Denmark,left,180,66,no,5.88,5.35,66.67,1.42,29.63,0.16,0.17,0.05,2.15,2.37,0.89,0,0.0,0,0.0,3.57,0.1,2,0.1,0.1,1,0.05,13,0.68,53.85,15.385,0.26,5.72,44.04,5.3,43.56,0.37,42.86,0.42,1.26,50.0,2.99,40.35,1.99,1.1,0.26,25.5,2.68,0.47,33.22,77.57,7.29,71.22,10.34,94.92,9.71,68.11,25.77,88.59,2.15,29.27,18.47,28.07,0.19,1.31,0.0,0.05,0.05,100.0,0.94,2.52,75.0,4.72,52.22,0.16,0.0,0.84,2.47,6.77,74.42,0,,0,,0,0.0,0.0,0.0,,,0.37,,,0.37,0.0,0.0,1.68,0,0
M. Lode,Sarpsborg 08,Häcken,LCB,33,500000,2027-07-31,28,2565,0,0.36,0,0.28,10.77,63.52,Norway,Norway,right,185,77,no,7.23,4.28,68.03,2.63,68.0,0.14,0.2,0.91,4.18,5.96,0.7,1,0.04,0,0.0,0.53,0.0,0,0.0,0.01,0,0.0,3,0.11,0.0,0.0,0.0,0.0,0.0,0.0,0.0,0.0,0.0,0.0,0.6,88.24,1.79,58.82,0.18,2.32,0.04,49.26,0.56,0.53,67.58,93.09,23.82,89.25,3.23,95.65,33.51,96.13,62.6,94.9,4.98,70.42,20.39,40.49,0.01,0.11,0.04,0.04,0.04,0.0,0.04,8.35,89.5,0.25,14.29,0.11,0.0,0.07,0.0,10.81,74.68,0,,0,,0,0.0,0.0,0.0,,,2.07,,,0.0,0.0,0.0,0.0,0,0
J. Cooper-Love,Emmen,GAIS,CF,24,500000,2028-06-30,9,355,4,2.0,1,0.39,22.56,26.97,Sweden,"Sweden, England",right,184,77,no,4.82,3.3,53.85,8.11,18.75,0.25,0.32,0.25,2.79,3.47,1.27,0,0.0,0,0.0,2.79,1.01,4,1.01,0.51,1,0.25,9,2.28,66.67,44.444,0.25,0.51,50.0,0.0,0.0,0.51,50.0,0.25,2.03,50.0,6.85,25.93,4.56,1.01,0.51,9.38,2.79,1.01,11.66,76.09,2.79,54.55,3.55,92.86,3.04,75.0,10.9,76.74,0.25,100.0,12.75,5.21,0.1,0.51,0.0,0.0,0.0,0.0,0.25,1.52,83.33,0.25,0.0,0.0,0.0,0.25,0.25,2.03,75.0,0,,0,,0,0.0,0.0,0.0,,,0.0,,,0.0,0.0,0.0,0.0,0,0
J. Baffo,Al Karkh,Halmstad,"LCB, RCB",33,450000,,24,1879,1,0.64,1,0.2,10.35,53.7,Ghana,"Ghana, Sweden",right,183,79,no,8.24,4.17,65.52,3.21,52.24,0.05,0.05,0.91,5.46,5.29,0.77,9,0.43,0,0.0,0.24,0.05,1,0.05,0.03,0,0.0,6,0.29,33.33,16.667,0.05,0.19,0.0,0.0,0.0,0.19,0.0,0.05,0.1,100.0,0.86,38.89,0.57,0.24,0.0,25.29,0.05,0.48,37.89,85.08,15.76,73.86,1.44,93.33,17.77,94.88,32.28,91.25,5.41,51.33,22.09,36.24,0.01,0.05,0.0,0.05,0.1,50.0,0.05,4.89,59.8,0.48,20.0,0.38,50.0,0.14,0.0,7.04,65.99,0,,0,,0,0.0,0.0,0.0,,,1.1,,,0.0,0.0,0.0,0.0,0,0
A. Boudah,Västerås SK,Västerås SK,"LWF, CF, LCMF",26,450000,2027-06-30,28,2100,8,8.36,1,0.89,21.6,35.91,Sweden,"Sweden, Algeria",right,186,76,yes,4.41,3.21,64.0,3.47,33.33,0.0,0.0,0.09,2.36,3.06,0.47,3,0.13,0,0.0,3.51,0.34,7,0.3,0.36,2,0.09,83,3.56,33.73,9.639,0.04,1.46,23.53,1.24,20.69,0.13,33.33,0.21,4.07,45.26,12.47,32.3,3.64,1.93,0.47,23.1,1.97,0.99,30.34,80.08,6.69,68.59,8.06,90.96,8.19,78.01,27.64,84.81,1.24,41.38,15.2,17.9,0.04,0.77,0.13,0.04,0.26,50.0,0.13,2.53,69.49,2.31,50.0,0.21,20.0,1.33,0.3,3.43,77.5,0,,0,,0,0.0,0.0,0.0,,,0.17,,,0.13,0.13,33.33,0.0,1,100
J. Karlsson,Malmö FF,Kalmar,"LB, RB, RWB",25,450000,2028-12-31,17,1516,0,0.39,1,1.31,15.85,54.68,Sweden,Sweden,right,172,68,no,9.62,7.06,69.75,1.48,40.0,0.18,0.22,0.18,4.51,5.47,0.42,1,0.06,0,0.0,2.55,0.0,0,0.0,0.02,0,0.0,8,0.47,12.5,0.0,0.06,2.2,56.76,0.77,46.15,1.31,59.09,0.06,1.84,58.06,4.99,40.48,0.71,1.42,0.06,31.05,2.26,0.95,41.91,82.86,14.84,68.8,7.66,97.67,11.81,88.94,36.09,87.01,3.68,58.06,17.05,32.63,0.08,0.65,0.0,0.0,0.24,75.0,0.3,4.04,75.0,2.79,59.57,0.24,50.0,0.59,1.13,7.96,64.18,0,,0,,0,0.0,0.0,0.0,,,0.95,,,0.0,0.0,0.0,0.06,0,0
R. Gojani,Kalmar,Kalmar,"LCMF, RCMF, DMF",33,450000,2027-12-31,24,2141,1,1.42,0,0.87,13.79,44.82,Sweden,"Sweden, Kosovo",right,174,71,no,7.02,6.73,58.13,1.39,15.15,0.13,0.15,0.29,2.98,3.56,1.56,6,0.25,0,0.0,0.71,0.04,1,0.04,0.06,0,0.0,17,0.71,5.88,5.882,0.0,0.67,31.25,0.17,50.0,0.46,27.27,0.04,0.76,55.56,3.78,33.33,0.46,0.67,0.04,34.51,0.17,0.5,46.16,84.97,15.81,75.53,5.55,91.67,17.99,89.49,40.14,89.84,5.38,55.47,18.37,35.95,0.04,0.67,0.0,0.04,0.13,33.33,0.08,8.49,74.26,1.77,28.57,0.92,27.27,0.42,0.17,8.16,74.74,0,,0,,0,0.0,0.0,0.0,,,0.55,,,0.13,0.0,0.0,0.13,0,0
M. Hallberg,Kalmar,Kalmar,"RB, RCMF, RCB",30,450000,2026-12-31,27,2198,3,2.09,3,3.53,13.84,45.27,Sweden,Sweden,right,180,68,no,7.29,5.61,58.39,3.03,41.89,0.33,0.38,0.2,3.69,4.26,1.11,3,0.12,0,0.0,1.6,0.12,3,0.12,0.09,0,0.0,19,0.78,31.58,15.789,0.12,2.25,41.82,0.78,36.84,1.47,44.44,0.16,0.53,53.85,3.23,31.65,0.94,1.06,0.12,32.68,2.01,0.53,43.73,84.36,12.78,71.15,9.09,95.5,15.52,87.07,37.75,90.89,3.93,43.75,18.27,29.72,0.14,1.15,0.04,0.04,0.16,75.0,0.25,3.69,67.78,2.83,56.52,0.37,44.44,0.82,0.9,7.53,71.74,0,,0,,0,0.0,0.0,0.0,,,0.9,,,0.49,0.16,25.0,1.84,0,0
M. Nilsson Säfqvist,Djurgården,Djurgården,GK,32,450000,2027-12-31,1,68,0,0.0,0,0.0,1.32,100.0,Sweden,Sweden,right,193,89,no,0.0,0.0,0.0,1.32,100.0,0.0,0.0,0.0,0.0,0.0,0.0,0,0.0,0,0.0,0.0,0.0,0,0.0,0.0,0,0.0,0,0.0,0.0,0.0,0.0,0.0,0.0,0.0,0.0,0.0,0.0,0.0,0.0,0.0,0.0,0.0,0.0,0.0,0.0,7.94,0.0,0.0,10.59,75.0,5.29,50.0,0.0,0.0,5.29,100.0,5.29,100.0,5.29,50.0,38.72,54.99,0.0,0.0,0.0,0.0,0.0,0.0,0.0,0.0,0.0,0.0,0.0,0.0,0.0,0.0,0.0,5.29,50.0,1,1.32,1,1.32,0,0.0,0.25,0.33,-0.75,-0.993,0.0,1.32,1.32,,,,0.0,0,0
S. Brolin,Kalmar,Kalmar,GK,25,450000,2026-12-31,24,2372,0,0.0,0,0.0,0.61,87.5,Sweden,Sweden,right,202,85,no,1.9,0.08,0.0,0.46,100.0,0.0,0.0,0.0,1.9,2.31,0.04,0,0.0,1,0.04,0.0,0.0,0,0.0,0.0,0,0.0,0,0.0,0.0,0.0,0.0,0.0,0.0,0.0,0.0,0.0,0.0,0.0,0.0,0.0,0.0,0.0,0.0,0.0,0.0,16.09,0.15,0.04,22.92,85.6,12.9,77.94,0.0,0.0,9.03,95.38,14.42,97.11,8.5,66.07,30.84,46.73,0.0,0.0,0.0,0.0,0.0,0.0,0.0,1.78,51.06,0.11,0.0,0.0,0.0,0.04,0.0,5.84,75.97,43,1.63,137,5.2,0,68.61,40.73,1.55,-2.27,-0.086,0.0,1.56,0.46,,,,0.0,0,0
J. Gustavsson,Mjällby,Mjällby,"RCMF, DMF, LCMF",31,450000,2028-12-31,29,2811,0,0.09,0,0.37,16.52,54.65,Sweden,Sweden,right,174,74,no,10.15,7.46,62.66,2.59,44.44,0.29,0.38,0.51,5.19,6.81,1.15,5,0.16,0,0.0,0.32,0.0,0,0.0,0.0,0,0.0,6,0.19,16.67,0.0,0.0,0.29,44.44,0.13,100.0,0.13,0.0,0.0,0.26,62.5,3.04,49.47,0.16,0.38,0.03,28.4,0.19,1.31,44.98,85.84,14.63,71.33,7.75,96.69,15.5,94.21,39.64,91.11,5.09,46.54,17.97,32.95,0.01,0.22,0.0,0.0,0.0,0.0,0.03,7.49,71.37,0.99,54.84,0.32,10.0,0.38,0.16,6.02,73.4,0,,0,,0,0.0,0.0,0.0,,,1.41,,,0.03,0.0,0.0,0.03,0,0
R. Wikström,Elfsborg,Mjällby,RCB,25,450000,2029-12-31,23,2018,1,0.84,0,0.88,13.2,65.54,Sweden,Sweden,right,189,76,no,9.05,4.95,71.17,4.06,67.03,0.22,0.29,0.8,5.31,7.01,0.89,3,0.13,0,0.0,1.03,0.04,1,0.04,0.04,1,0.04,7,0.31,14.29,14.286,0.0,0.85,52.63,0.04,100.0,0.8,50.0,0.22,0.67,80.0,1.61,63.89,0.76,1.16,0.13,31.44,0.71,0.94,42.86,83.56,17.97,72.46,4.46,95.0,15.52,93.68,35.23,90.0,6.82,54.25,20.23,37.53,0.04,0.31,0.0,0.0,0.0,0.0,0.22,5.71,69.53,1.38,51.61,0.4,66.67,0.27,0.45,9.32,67.94,0,,0,,0,0.0,0.0,0.0,,,1.34,,,0.09,0.0,0.0,0.04,0,0
M. Kusu,Örebro,Mjällby,"LCMF, DMF, RCMF",24,450000,2028-12-31,5,253,0,0.04,0,0.04,18.85,52.83,Sweden,"Sweden, Congo DR",right,178,70,yes,7.83,8.54,70.83,2.49,57.14,0.0,0.0,0.36,1.78,2.68,1.07,1,0.36,0,0.0,0.71,0.0,0,0.0,0.01,0,0.0,4,1.42,0.0,0.0,0.0,0.71,0.0,0.0,0.0,0.71,0.0,0.71,2.13,33.33,6.76,31.58,0.71,1.07,0.0,41.98,0.36,1.07,51.58,94.48,13.87,87.18,6.4,100.0,22.41,96.83,46.6,96.95,4.27,83.33,17.35,31.43,0.01,0.36,0.0,0.36,0.0,0.0,0.36,8.54,87.5,0.71,0.0,0.0,0.0,0.0,0.0,5.34,86.67,0,,0,,0,0.0,0.0,0.0,,,0.71,,,0.0,0.0,0.0,0.0,0,0
Jesper Ceesay,Antalyaspor,IFK Norrköping,"RCMF, LDMF, RDMF",24,450000,2028-06-30,21,1346,0,1.34,0,0.19,15.38,50.0,Sweden,"Sweden, Gambia",right,193,80,no,7.49,5.22,60.26,3.28,53.06,0.4,0.49,0.33,3.95,4.86,1.0,3,0.2,0,0.0,1.34,0.0,0,0.0,0.09,0,0.0,8,0.53,37.5,0.0,0.0,0.6,33.33,0.07,0.0,0.53,37.5,0.07,1.34,55.0,3.95,38.98,1.14,0.94,0.2,33.37,0.4,1.27,47.54,90.86,11.77,81.25,7.62,96.49,20.26,93.4,44.87,93.14,2.14,59.38,15.95,18.91,0.01,0.6,0.0,0.0,0.2,100.0,0.13,6.55,85.71,1.07,50.0,0.27,25.0,0.53,0.2,4.68,80.0,0,,0,,0,0.0,0.0,0.0,,,0.2,,,0.0,0.0,0.0,0.0,0,0
D. Beširović,AIK,AIK,"CF, LCMF, RCMF",32,450000,2027-12-31,20,1158,4,1.99,0,0.87,19.66,41.9,Portugal,"Portugal, Bosnia and Herzegovina",right,180,67,no,7.54,7.38,51.58,3.26,42.86,0.78,1.12,0.0,2.95,4.27,2.72,8,0.62,0,0.0,1.87,0.31,4,0.31,0.16,2,0.16,17,1.32,41.18,23.529,0.0,1.79,26.09,0.62,37.5,1.09,21.43,0.08,1.94,44.0,6.37,36.59,2.49,0.54,0.23,23.86,0.78,1.48,32.8,83.89,8.63,74.77,7.46,93.75,9.87,83.46,28.21,90.63,2.8,52.78,15.59,27.91,0.07,0.47,0.08,0.0,0.16,0.0,0.16,3.89,84.0,2.02,34.62,0.62,25.0,0.54,0.47,3.65,76.6,0,,0,,0,0.0,0.0,0.0,,,0.31,,,0.16,0.0,0.0,0.23,0,0
J. Thomasen,Lyngby,Elfsborg,"LCMF, RCMF, LDMF",30,450000,2027-06-30,16,874,0,0.55,1,0.83,12.25,52.1,Denmark,Denmark,right,177,65,no,8.65,7.83,60.53,0.93,33.33,0.1,0.12,0.41,3.81,4.29,1.34,0,0.0,0,0.0,0.72,0.0,0,0.0,0.06,0,0.0,11,1.13,18.18,0.0,0.1,1.54,26.67,0.93,22.22,0.62,33.33,0.31,0.21,50.0,1.24,41.67,0.82,0.72,0.21,27.29,0.1,0.21,43.87,84.04,13.49,67.18,6.69,92.31,17.09,90.96,39.13,88.68,3.3,56.25,18.11,28.06,0.09,1.34,0.0,0.0,0.0,0.0,0.21,6.18,75.0,2.37,47.83,0.21,50.0,0.51,0.51,7.11,65.22,0,,0,,0,0.0,0.0,0.0,,,0.72,,,0.31,0.0,0.0,1.13,0,0
N. Söderberg,Öster,Halmstad,"RDMF, LCMF, RCMF",24,450000,2027-12-31,17,872,1,0.86,1,0.15,17.96,47.7,Sweden,Sweden,right,182,78,no,12.08,10.01,61.86,3.2,35.48,0.41,0.41,0.93,5.47,5.45,1.44,2,0.21,0,0.0,1.24,0.1,1,0.1,0.09,0,0.0,13,1.34,46.15,7.692,0.1,0.52,60.0,0.31,66.67,0.21,50.0,0.21,0.93,22.22,2.37,17.39,1.03,0.52,0.41,27.66,0.41,0.31,37.26,82.83,10.11,66.33,6.5,95.24,16.62,88.82,32.0,88.06,4.75,50.0,19.44,27.57,0.02,0.21,0.0,0.1,0.31,33.33,0.1,7.43,75.0,1.65,56.25,0.62,16.67,0.72,0.31,6.09,69.49,0,,0,,0,0.0,0.0,0.0,,,0.62,,,0.0,0.0,0.0,0.0,0,0
Marc Llinares,Śląsk Wrocław,Hammarby,"LB, LWB",26,450000,2028-06-30,10,383,1,0.22,0,0.36,20.68,52.27,Spain,Spain,left,180,75,no,7.52,7.28,70.97,3.76,37.5,0.0,0.0,0.23,2.35,3.61,0.47,0,0.0,0,0.0,3.52,0.23,1,0.23,0.05,0,0.0,3,0.7,66.67,33.333,0.0,3.52,33.33,2.82,33.33,0.47,50.0,0.0,2.82,66.67,6.34,51.85,2.35,2.58,0.94,24.44,1.88,2.11,32.43,76.09,10.81,69.57,7.05,93.33,7.75,66.67,25.61,86.24,3.99,41.18,16.54,27.44,0.08,0.94,0.0,0.0,0.0,0.0,0.23,3.52,40.0,2.35,60.0,0.23,0.0,0.23,0.94,5.4,65.22,0,,0,,0,0.0,0.0,0.0,,,0.47,,,0.47,0.0,0.0,1.41,0,0
I. Jagne,IFK Göteborg,Mjällby,"LW, RWF, LWF",22,425000,2028-12-31,26,1422,3,2.66,3,0.65,23.29,41.58,Sweden,"Sweden, Gambia",right,184,76,no,4.87,5.82,54.35,1.27,25.0,0.13,0.16,0.13,1.58,2.05,1.39,3,0.19,0,0.0,3.54,0.19,3,0.19,0.17,0,0.0,30,1.9,30.0,10.0,0.19,1.9,26.67,1.01,43.75,0.82,7.69,0.44,5.0,44.3,13.67,37.5,1.9,3.16,1.33,20.13,0.44,1.52,27.41,74.36,8.35,63.64,6.27,92.93,7.28,73.04,23.92,80.69,1.58,36.0,17.36,28.8,0.04,0.57,0.06,0.13,0.57,44.44,0.32,2.85,66.67,2.97,42.55,0.51,25.0,0.76,0.76,4.62,65.75,0,,0,,0,0.0,0.0,0.0,,,0.32,,,0.0,0.0,0.0,0.51,0,0
A. Tinnerholm,,Malmö FF,RB,35,400000,,3,52,0,0.02,0,0.1,22.5,53.85,Sweden,Sweden,right,178,68,no,10.38,10.38,66.67,3.46,50.0,0.0,0.0,1.73,3.46,8.57,0.0,1,1.73,0,0.0,3.46,0.0,0,0.0,0.03,0,0.0,1,1.73,0.0,0.0,0.0,5.19,66.67,0.0,0.0,5.19,66.67,0.0,3.46,0.0,6.92,50.0,3.46,1.73,0.0,53.65,1.73,1.73,62.31,86.11,20.77,83.33,3.46,100.0,22.5,84.62,55.38,90.63,3.46,50.0,21.62,11.01,0.17,1.73,0.0,0.0,0.0,0.0,0.0,5.19,100.0,5.19,33.33,1.73,0.0,1.73,1.73,12.12,71.43,0,,0,,0,0.0,0.0,0.0,,,0.0,,,0.0,0.0,0.0,0.0,0,0
O. Lewicki,,Malmö FF,"RCMF, CF",34,400000,,2,46,0,0.0,0,0.0,13.7,42.86,Sweden,"Sweden, Poland",right,170,67,no,7.83,3.91,100.0,3.91,0.0,0.0,0.0,0.0,3.91,5.0,0.0,0,0.0,0,0.0,0.0,0.0,0,0.0,0.0,0,0.0,0,0.0,0.0,0.0,0.0,0.0,0.0,0.0,0.0,0.0,0.0,0.0,0.0,0.0,0.0,0.0,0.0,0.0,0.0,15.65,1.96,0.0,27.39,78.57,13.7,71.43,1.96,100.0,5.87,66.67,21.52,81.82,5.87,66.67,17.51,33.1,0.0,0.0,0.0,0.0,0.0,0.0,0.0,1.96,100.0,1.96,0.0,0.0,0.0,0.0,0.0,5.87,66.67,0,,0,,0,0.0,0.0,0.0,,,0.0,,,0.0,0.0,0.0,0.0,0,0
B. Turgott,PAE Chania,Halmstad,CF,32,400000,2027-06-30,20,884,1,2.4,0,0.3,19.14,30.85,England,"England, Jamaica",right,183,77,no,4.07,3.67,63.89,3.46,14.71,0.1,0.11,0.31,1.63,1.73,0.81,0,0.0,0,0.0,1.93,0.1,1,0.1,0.24,0,0.0,19,1.93,36.84,5.263,0.0,0.51,0.0,0.1,0.0,0.41,0.0,0.0,2.24,54.55,9.16,27.78,3.05,0.92,0.31,8.55,0.92,0.81,11.61,79.82,1.83,66.67,2.75,92.59,3.16,77.42,10.79,84.91,0.31,33.33,11.92,2.48,0.03,0.51,0.0,0.0,0.1,0.0,0.0,0.71,85.71,0.51,20.0,0.0,0.0,0.51,0.0,0.92,55.56,0,,0,,0,0.0,0.0,0.0,,,0.0,,,0.0,0.0,0.0,0.0,0,0
S. Strand,Brommapojkarna,Hammarby,"RB, LAMF, LWB",33,400000,2027-12-31,14,306,0,0.05,0,0.07,18.82,53.13,Sweden,Sweden,right,175,70,no,9.41,6.76,73.91,3.24,54.55,0.0,0.0,0.0,4.41,7.26,1.18,3,0.88,1,0.29,1.76,0.0,0,0.0,0.01,0,0.0,1,0.29,100.0,0.0,0.0,2.06,28.57,0.88,0.0,0.88,66.67,0.59,1.18,75.0,4.71,37.5,0.88,2.06,1.18,22.94,0.29,2.06,32.65,81.98,12.65,76.74,6.47,95.45,7.35,80.0,27.94,88.42,2.65,55.56,15.7,14.85,0.02,0.29,0.0,0.0,0.0,0.0,0.59,4.71,68.75,1.76,50.0,0.59,0.0,0.29,0.59,4.12,71.43,0,,0,,0,0.0,0.0,0.0,,,0.29,,,0.0,0.0,0.0,0.0,0,0
L. Sætra,Kalmar,Kalmar,"RCB, CB",34,400000,2026-12-31,28,2655,3,2.63,1,0.6,10.64,62.1,Norway,Norway,right,195,90,no,7.53,3.32,62.24,4.2,68.55,0.17,0.2,0.92,5.29,6.33,0.61,5,0.17,0,0.0,0.41,0.1,3,0.1,0.09,3,0.1,16,0.54,56.25,18.75,0.03,0.07,0.0,0.0,0.0,0.07,0.0,0.0,0.1,66.67,0.78,52.17,0.61,0.34,0.03,40.81,0.27,0.44,54.44,90.54,18.34,80.22,3.12,96.74,27.56,96.19,48.64,94.63,5.76,56.47,20.49,38.6,0.02,0.1,0.03,0.07,0.03,100.0,0.07,6.17,64.84,0.54,37.5,0.2,50.0,0.27,0.0,7.9,70.39,0,,0,,0,0.0,0.0,0.0,,,2.24,,,0.0,0.0,0.0,0.0,0,0
D. Islamović,Rosenborg,Kalmar,CF,32,400000,2027-12-31,29,2471,12,11.41,0,1.37,25.06,39.68,Sweden,"Sweden, Montenegro",left,190,87,no,3.79,3.75,52.43,8.89,46.31,0.07,0.09,0.11,1.75,2.16,2.15,5,0.18,0,0.0,1.49,0.44,12,0.44,0.42,6,0.22,65,2.37,36.92,18.462,0.0,0.47,7.69,0.44,8.33,0.04,0.0,0.04,1.27,42.86,7.87,33.8,3.31,0.44,0.18,13.51,2.11,1.78,19.89,74.36,5.03,56.52,5.46,87.33,5.43,78.52,18.54,76.82,0.95,57.69,15.97,19.18,0.05,0.47,0.07,0.0,0.15,25.0,0.0,2.33,59.38,0.91,36.0,0.15,25.0,0.73,0.0,1.82,56.0,0,,0,,0,0.0,0.0,0.0,,,0.0,,,0.0,0.0,0.0,0.0,0,0
P. Therkildsen,OB,Djurgården,"RB, RAMF",28,400000,2029-06-30,13,698,0,0.29,0,0.46,16.76,58.46,Denmark,Denmark,right,190,76,no,10.19,9.67,68.0,1.55,66.67,0.13,0.16,0.26,3.48,4.33,0.9,1,0.13,0,0.0,1.29,0.0,0,0.0,0.04,0,0.0,5,0.64,40.0,0.0,0.0,1.81,35.71,0.0,0.0,1.81,35.71,0.13,1.03,37.5,3.61,35.71,1.55,0.52,0.0,25.4,2.45,0.64,35.46,76.73,12.89,58.0,9.15,97.18,8.51,84.85,30.3,82.55,3.48,48.15,17.77,24.65,0.06,0.39,0.0,0.0,0.0,0.0,0.13,5.29,63.41,1.93,33.33,0.26,0.0,0.64,0.52,6.83,67.92,0,,0,,0,0.0,0.0,0.0,,,1.16,,,0.0,0.0,0.0,0.26,0,0
M. Svensson,Helsingborg,Kalmar,"LW, LWF, CF",28,400000,2026-12-31,13,615,0,0.84,0,0.94,19.17,34.35,Sweden,Sweden,right,176,68,no,6.15,5.56,50.0,3.37,43.48,0.0,0.0,0.15,3.37,4.51,2.05,1,0.15,0,0.0,1.9,0.0,0,0.0,0.12,0,0.0,8,1.17,25.0,0.0,0.0,2.78,21.05,2.78,21.05,0.0,0.0,0.59,2.49,41.18,8.05,21.82,2.78,2.2,0.59,19.02,1.61,0.44,27.95,66.49,8.93,45.9,6.44,95.45,6.88,61.7,23.27,75.47,2.05,21.43,17.28,22.93,0.14,0.29,0.15,0.0,0.15,0.0,0.0,2.93,45.0,3.22,31.82,0.29,0.0,1.17,0.73,4.39,70.0,0,,0,,0,0.0,0.0,0.0,,,0.0,,,0.15,0.0,0.0,0.0,0,0
K. Jensen,Landskrona,Kalmar,"LWB, LWF",25,400000,2026-12-31,23,886,2,0.78,2,1.35,18.49,41.21,Sweden,Sweden,right,173,64,no,7.92,7.42,56.16,2.54,28.0,0.3,0.38,0.1,3.45,4.36,1.52,1,0.1,0,0.0,2.13,0.2,2,0.2,0.08,0,0.0,10,1.02,60.0,20.0,0.2,2.23,31.82,1.73,29.41,0.41,50.0,0.3,1.93,42.11,5.79,35.09,2.54,1.42,0.41,20.93,2.13,0.71,29.56,71.48,9.04,61.8,7.11,91.43,7.62,65.33,24.89,78.37,2.64,34.62,16.78,19.49,0.14,1.22,0.0,0.0,0.1,0.0,0.61,2.95,58.62,2.64,65.38,0.1,0.0,1.12,0.81,6.09,58.33,0,,0,,0,0.0,0.0,0.0,,,0.41,,,0.0,0.0,0.0,0.2,0,0
A. Motaraghebjafarpour,,Kalmar,"RB, RCB, LB",23,400000,,23,1500,0,1.43,1,0.59,17.1,51.23,Sweden,"Sweden, Iran",right,183,80,no,8.46,7.56,62.7,2.16,50.0,0.36,0.43,0.3,3.36,4.05,1.2,2,0.12,0,0.0,1.32,0.0,0,0.0,0.09,0,0.0,14,0.84,21.43,0.0,0.06,1.86,22.58,0.42,57.14,1.44,12.5,0.06,1.62,44.44,4.2,41.43,1.32,1.14,0.36,35.7,1.68,0.6,47.28,83.63,14.16,72.46,9.54,96.23,15.6,86.54,41.28,89.24,4.26,56.34,19.08,34.41,0.04,0.36,0.06,0.0,0.0,0.0,0.12,3.72,75.81,1.74,37.93,0.06,100.0,0.6,0.36,7.32,55.74,0,,0,,0,0.0,0.0,0.0,,,1.74,,,0.0,0.0,0.0,0.0,0,0
J. Voelkerling Persson,Rosengård,Värnamo,"CF, RWF, RCMF",23,400000,2028-12-31,7,113,0,0.03,1,0.32,16.73,52.38,Sweden,Sweden,right,181,65,no,3.98,4.78,83.33,8.76,54.55,0.0,0.0,0.0,0.0,0.0,1.59,0,0.0,0,0.0,0.8,0.0,0,0.0,0.03,0,0.0,1,0.8,0.0,0.0,0.8,3.19,25.0,0.8,0.0,2.39,33.33,0.0,1.59,0.0,1.59,0.0,3.19,0.0,0.0,11.15,3.19,0.0,8.76,36.36,1.59,0.0,0.0,0.0,5.58,57.14,4.78,50.0,0.8,0.0,17.29,6.09,0.25,1.59,0.0,0.0,0.0,0.0,0.8,1.59,0.0,2.39,33.33,0.0,0.0,0.8,0.8,0.8,100.0,0,,0,,0,0.0,0.0,0.0,,,0.0,,,0.0,0.0,0.0,0.0,0,0
Alexander Johansson,Marko,Mjällby,"CF, LWF",30,400000,2027-06-30,29,1144,1,3.01,2,2.24,19.75,37.45,Sweden,Sweden,left,189,79,no,5.51,4.8,44.26,2.12,29.63,0.39,0.53,0.16,2.99,4.04,2.05,1,0.08,0,0.0,2.75,0.08,1,0.08,0.24,0,0.0,25,1.97,24.0,4.0,0.16,2.36,30.0,1.65,28.57,0.71,33.33,0.47,2.99,50.0,8.58,36.7,2.52,1.57,0.39,18.09,1.26,1.97,22.89,73.2,7.08,64.44,6.22,88.61,6.29,70.0,18.65,80.17,2.28,51.72,20.92,20.49,0.18,0.79,0.08,0.0,0.08,100.0,0.24,2.67,47.06,2.2,46.43,0.16,50.0,0.55,0.71,4.09,69.23,0,,0,,0,0.0,0.0,0.0,,,0.16,,,0.39,0.0,0.0,0.71,1,0
M. Lindberg,Sirius,Sirius,AMF,26,400000,2028-06-30,26,1410,3,3.32,1,0.99,21.19,45.18,Denmark,Denmark,right,181,74,no,7.79,8.43,55.3,2.62,46.34,0.26,0.36,0.06,2.87,4.05,1.4,3,0.19,0,0.0,2.55,0.19,3,0.19,0.21,1,0.06,40,2.55,35.0,7.5,0.06,1.15,50.0,0.57,44.44,0.51,50.0,0.06,2.11,51.52,7.72,33.06,2.49,0.96,0.26,25.28,1.4,1.4,32.55,82.16,8.43,65.91,8.49,95.49,8.62,83.7,30.0,84.68,1.47,52.17,16.57,24.47,0.06,0.7,0.0,0.19,0.13,0.0,0.38,4.4,69.57,2.3,58.33,0.26,50.0,0.83,0.64,4.53,74.65,0,,0,,0,0.0,0.0,0.0,,,0.13,,,0.0,0.0,0.0,0.19,0,0
A. Brorsson,Monza,Mjällby,"CB, RCB, RCMF",27,400000,2027-06-30,28,2155,2,2.32,2,0.78,15.54,55.91,Sweden,Sweden,right,194,89,no,10.23,5.89,56.74,5.72,60.58,0.08,0.11,0.96,6.81,9.28,1.29,4,0.17,0,0.0,0.42,0.08,2,0.08,0.1,2,0.08,14,0.58,50.0,14.286,0.08,0.17,50.0,0.04,0.0,0.08,100.0,0.0,0.08,50.0,1.09,50.0,1.71,0.17,0.04,37.88,0.25,0.63,55.5,86.98,19.55,76.71,4.01,96.88,26.23,93.79,48.53,92.0,6.81,52.15,19.35,34.03,0.03,0.33,0.13,0.0,0.04,0.0,0.08,6.1,67.81,0.71,35.29,0.42,40.0,0.5,0.08,8.56,60.49,0,,0,,0,0.0,0.0,0.0,,,1.46,,,0.04,0.0,0.0,0.0,0,0
A. Ahl Holmström,Magdeburg,GAIS,CF,27,400000,2029-06-30,29,2097,10,8.44,1,0.94,20.94,35.45,Sweden,Sweden,right,191,82,no,2.36,1.97,56.52,8.07,45.21,0.0,0.0,0.17,1.24,1.41,1.03,4,0.17,0,0.0,1.72,0.43,10,0.43,0.36,3,0.13,53,2.27,39.62,18.868,0.04,0.39,33.33,0.09,50.0,0.3,28.57,0.0,1.2,53.57,6.91,26.09,3.22,0.3,0.13,5.41,1.42,0.73,9.36,75.23,1.46,58.82,2.7,92.06,2.53,71.19,8.71,78.33,0.26,33.33,15.28,8.16,0.04,0.26,0.04,0.04,0.04,100.0,0.09,0.6,71.43,0.52,75.0,0.0,0.0,0.34,0.13,0.77,50.0,0,,0,,0,0.0,0.0,0.0,,,0.0,,,0.0,0.0,0.0,0.0,0,0
H. Magnusson,Västerås SK,Västerås SK,"RCB, LCB, LCMF",28,400000,2026-12-31,18,1627,1,0.56,0,0.48,13.05,55.51,Sweden,Sweden,right,183,80,no,9.68,7.08,62.5,1.49,37.04,0.39,0.5,0.44,4.87,6.29,0.83,2,0.11,0,0.0,1.27,0.06,1,0.06,0.03,0,0.0,11,0.61,27.27,9.091,0.0,1.16,66.67,0.33,66.67,0.83,66.67,0.06,0.5,66.67,2.49,51.11,0.44,0.44,0.0,47.52,0.5,0.66,66.44,89.01,29.48,82.36,5.64,95.1,25.22,94.52,56.7,92.98,8.68,66.24,21.22,38.39,0.03,0.22,0.0,0.0,0.11,0.0,0.11,12.67,79.48,2.32,52.38,0.89,31.25,0.44,0.66,15.49,85.71,0,,0,,0,0.0,0.0,0.0,,,1.88,,,0.17,0.11,0.0,0.11,0,0
V. Hammershøy-Mistrati,B.93,IFK Norrköping,"CF, AMF",34,400000,2027-06-30,21,1069,5,3.63,0,0.4,13.55,41.61,Denmark,"Denmark, Italy",right,177,76,no,5.98,4.71,64.29,2.36,21.43,0.42,0.55,0.42,2.53,3.27,0.67,0,0.0,0,0.0,1.77,0.42,5,0.42,0.31,1,0.08,18,1.52,44.44,27.778,0.0,1.77,14.29,0.25,33.33,1.52,11.11,0.42,1.52,44.44,4.29,27.45,2.61,0.42,0.17,18.02,1.85,0.51,25.26,76.67,6.65,65.82,5.39,95.31,8.17,69.07,20.8,87.85,2.78,33.33,19.03,21.62,0.03,0.42,0.08,0.0,0.25,66.67,0.25,4.29,66.67,1.77,33.33,0.42,60.0,1.01,0.17,3.87,69.57,0,,0,,0,0.0,0.0,0.0,,,0.42,,,0.08,0.08,100.0,0.25,0,0
S. Johansson,,Västerås SK,"RWF, AMF",33,400000,,24,1423,1,2.38,3,4.07,23.02,40.66,Sweden,Sweden,right,184,83,no,6.2,7.4,61.54,1.26,20.0,0.0,0.0,0.06,1.64,2.18,1.01,0,0.0,0,0.0,4.11,0.06,1,0.06,0.15,0,0.0,28,1.77,35.71,3.571,0.19,4.81,39.47,0.13,100.0,4.68,37.84,1.08,3.23,49.02,12.27,33.51,3.61,2.28,0.7,26.5,1.9,1.08,37.63,73.61,11.13,62.5,8.48,94.03,10.94,68.21,30.61,80.99,2.53,47.5,17.8,24.7,0.26,1.71,0.0,0.0,0.63,0.0,0.82,3.92,62.9,5.76,50.55,0.82,7.69,1.9,1.64,5.88,75.27,0,,0,,0,0.0,0.0,0.0,,,0.06,,,0.06,0.06,0.0,0.0,0,0
D. Ask,Öster,Västerås SK,"RCMF, LWB",27,400000,2027-12-31,18,1534,0,1.05,1,1.83,11.56,46.7,Sweden,Sweden,right,0,0,no,5.81,5.28,62.22,0.82,42.86,0.06,0.07,0.06,2.46,3.14,0.82,2,0.12,0,0.0,1.99,0.0,0,0.0,0.06,0,0.0,13,0.76,30.77,0.0,0.06,3.7,30.16,1.64,35.71,1.94,21.21,0.82,1.23,38.1,4.46,36.84,1.41,1.82,0.18,40.6,1.06,0.65,53.98,85.43,14.78,77.38,9.39,95.0,22.18,87.04,44.12,93.09,6.51,63.06,20.76,40.9,0.11,1.35,0.0,0.18,0.18,100.0,0.41,9.15,77.56,4.58,38.46,0.65,27.27,1.06,0.94,9.04,88.31,0,,0,,0,0.0,0.0,0.0,,,0.29,,,1.06,0.0,0.0,2.29,0,0
K. Höög Jansson,Estrela Amadora,IFK Norrköping,"LCB, LDMF",25,400000,2028-06-30,14,737,1,0.58,1,0.3,12.58,66.02,Belgium,"Belgium, Sweden",left,189,81,no,8.79,5.86,70.83,3.42,53.57,0.85,1.11,0.73,3.79,4.89,0.85,3,0.37,0,0.0,1.59,0.12,1,0.12,0.07,0,0.0,6,0.73,66.67,16.667,0.12,0.61,60.0,0.49,50.0,0.12,100.0,0.0,0.61,100.0,2.2,66.67,0.37,0.61,0.24,39.93,0.61,0.98,54.34,85.17,22.71,76.34,5.25,97.67,19.29,89.24,43.11,93.77,10.62,51.72,21.61,29.55,0.04,0.37,0.0,0.0,0.24,50.0,0.12,10.14,67.47,2.32,26.32,1.95,18.75,0.24,0.37,10.99,81.11,0,,0,,0,0.0,0.0,0.0,,,0.85,,,0.0,0.0,0.0,0.12,0,0
I. Diawara,Sirius,AIK,GK,31,400000,2027-12-31,3,226,0,0.0,0,0.0,0.4,100.0,Sweden,"Sweden, Mali",right,194,93,no,0.0,0.0,0.0,0.0,0.0,0.0,0.0,0.0,0.0,0.0,0.0,1,0.4,0,0.0,0.0,0.0,0,0.0,0.0,0,0.0,0,0.0,0.0,0.0,0.0,0.0,0.0,0.0,0.0,0.0,0.0,0.0,0.0,0.0,0.4,100.0,0.0,0.0,0.0,11.55,0.4,0.0,14.73,86.49,8.76,77.27,0.0,0.0,5.58,100.0,8.36,100.0,6.37,68.75,35.97,47.41,0.0,0.0,0.0,0.0,0.0,0.0,0.0,1.19,66.67,0.0,0.0,0.0,0.0,0.0,0.0,4.38,72.73,6,2.39,9,3.58,0,33.33,2.7,1.07,-3.3,-1.314,0.0,0.8,0.0,,,,0.0,0,0
R. Örqvist,Brommapojkarna,Brommapojkarna,"AMF, CF, LWF",27,400000,2026-12-31,16,636,1,1.02,0,0.73,23.21,40.24,Sweden,Sweden,right,184,81,no,7.36,8.49,50.0,4.53,43.75,0.0,0.0,0.42,3.11,3.57,2.26,2,0.28,0,0.0,1.42,0.14,1,0.14,0.14,0,0.0,8,1.13,25.0,12.5,0.0,1.7,33.33,1.42,40.0,0.14,0.0,0.0,1.42,30.0,6.93,26.53,2.83,0.42,0.57,21.23,1.42,0.99,31.84,81.33,8.35,72.88,6.93,89.8,10.33,87.67,28.16,86.93,1.98,42.86,16.0,20.03,0.1,1.13,0.0,0.0,0.14,100.0,0.57,3.54,76.0,1.56,45.45,0.0,0.0,0.71,0.71,4.95,77.14,0,,0,,0,0.0,0.0,0.0,,,0.0,,,0.0,0.0,0.0,0.0,0,0
A. Timossi Andersson,Śląsk Wrocław,Brommapojkarna,"RW, RAMF, RWF",25,400000,2028-06-30,29,2791,5,5.11,1,4.04,20.73,44.63,Sweden,Sweden,right,170,65,no,6.16,6.64,59.71,1.58,30.61,0.19,0.21,0.03,2.0,2.21,1.0,4,0.13,0,0.0,4.84,0.16,5,0.16,0.16,3,0.1,40,1.29,35.0,12.5,0.03,5.26,34.97,0.29,44.44,4.93,34.64,0.68,4.71,52.74,9.67,40.0,2.55,2.58,0.71,17.03,2.23,1.0,24.77,76.04,4.39,70.59,7.67,96.22,7.87,63.52,18.61,89.25,1.03,40.63,18.25,24.95,0.13,1.0,0.0,0.0,0.16,40.0,0.87,1.29,72.5,4.45,44.2,0.16,20.0,0.58,1.84,3.9,80.99,0,,0,,0,0.0,0.0,0.0,,,0.06,,,0.03,0.03,0.0,0.03,0,0
E. Ring,Kilmarnock,AIK,"RW, RWF, CF",24,400000,2028-06-30,6,156,0,0.12,0,0.0,16.15,42.86,Sweden,Sweden,right,187,76,no,3.46,2.88,40.0,2.31,75.0,0.0,0.0,0.0,2.31,2.93,0.58,0,0.0,0,0.0,3.46,0.0,0,0.0,0.07,0,0.0,2,1.15,0.0,0.0,0.0,2.88,20.0,0.0,0.0,2.88,20.0,0.0,4.62,62.5,8.65,40.0,2.88,1.15,0.0,15.0,1.73,2.31,18.46,78.13,2.31,75.0,6.92,91.67,4.62,75.0,15.58,88.89,0.58,0.0,12.92,10.91,0.0,0.0,0.0,0.0,0.0,0.0,0.0,0.58,100.0,0.58,100.0,0.0,0.0,0.58,0.58,0.58,0.0,0,,0,,0,0.0,0.0,0.0,,,0.0,,,0.0,0.0,0.0,0.0,0,0
J. Svedberg,Mariehamn,Halmstad,"RCMF, DMF",27,375000,,29,2645,2,0.66,1,0.84,15.92,52.14,Sweden,Sweden,right,179,73,no,9.7,8.3,60.66,2.31,41.18,0.2,0.2,0.41,4.46,4.28,1.43,4,0.14,0,0.0,0.61,0.07,2,0.07,0.02,0,0.0,15,0.51,33.33,13.333,0.03,1.33,25.64,0.24,28.57,1.05,25.81,0.17,0.51,20.0,2.48,34.25,0.44,0.31,0.14,25.69,0.2,0.51,39.88,82.85,12.69,69.97,5.92,95.4,15.24,88.62,33.65,89.59,4.93,51.72,19.54,34.96,0.03,0.41,0.0,0.0,0.0,0.0,0.07,6.23,63.93,1.97,44.83,0.51,33.33,0.48,0.34,6.02,69.49,0,,0,,0,0.0,0.0,0.0,,,0.17,,,0.75,0.07,0.0,1.67,0,0
W. Hahn,Hammarby,Hammarby,GK,34,350000,2027-12-31,15,1468,0,0.0,0,0.0,0.92,80.0,Netherlands,"Netherlands, Suriname",right,190,88,no,1.59,0.12,100.0,0.43,100.0,0.06,0.09,0.0,1.41,2.12,0.0,0,0.0,0,0.0,0.0,0.0,0,0.0,0.0,0,0.0,0,0.0,0.0,0.0,0.0,0.0,0.0,0.0,0.0,0.0,0.0,0.0,0.0,0.0,0.06,100.0,0.0,0.0,0.0,10.73,0.12,0.06,18.51,79.47,11.77,71.88,0.06,0.0,5.89,92.71,11.59,96.3,6.87,51.79,32.28,51.27,0.0,0.0,0.0,0.0,0.0,0.0,0.0,2.7,45.45,0.18,0.0,0.31,60.0,0.0,0.0,5.27,61.63,8,0.49,56,3.43,10,85.71,13.77,0.84,5.77,0.354,0.0,1.53,0.43,,,,0.0,0,0
T. Rönning,Halmstad,Halmstad,GK,27,350000,2027-12-31,15,1458,0,0.0,0,0.0,1.23,90.0,Sweden,Sweden,right,201,88,no,3.58,0.06,100.0,0.86,100.0,0.0,0.0,0.0,3.52,3.47,0.06,1,0.06,0,0.0,0.0,0.0,0,0.0,0.0,0,0.0,0,0.0,0.0,0.0,0.0,0.0,0.0,0.0,0.0,0.0,0.0,0.0,0.0,0.0,0.0,0.0,0.0,0.0,0.06,6.05,0.19,0.25,13.83,73.66,11.3,68.85,0.0,0.0,2.28,97.3,4.69,96.05,9.07,62.59,40.62,50.31,0.0,0.0,0.0,0.0,0.0,0.0,0.0,3.77,63.93,0.12,0.0,0.0,0.0,0.0,0.0,6.36,84.47,23,1.42,76,4.69,4,69.74,23.62,1.46,0.62,0.038,0.0,2.04,0.86,,,,0.0,0,0
M. Danielson,,Djurgården,"LCB, CB",37,350000,,23,2153,2,2.56,1,0.3,13.5,62.85,Sweden,Sweden,right,192,81,no,8.86,4.89,69.23,4.47,65.42,0.04,0.05,0.79,5.43,6.68,0.59,2,0.08,0,0.0,0.25,0.08,0,0.0,0.11,0,0.0,12,0.5,33.33,16.667,0.04,0.0,0.0,0.0,0.0,0.0,0.0,0.0,0.17,50.0,1.46,40.0,0.79,0.71,0.04,36.41,0.29,0.54,50.96,91.22,20.52,83.5,2.51,98.33,23.7,96.12,46.27,94.58,4.68,58.04,20.24,35.83,0.01,0.17,0.0,0.0,0.0,0.0,0.04,6.56,79.62,0.25,33.33,0.17,50.0,0.33,0.0,8.15,74.36,0,,0,,0,0.0,0.0,0.0,,,1.46,,,0.0,0.0,0.0,0.0,2,100
Alex Gersbach,Western Sydney Wanderers,Kalmar,"LB, LWB",29,350000,2027-06-30,19,1140,0,0.21,2,0.88,13.74,56.32,Australia,"Australia, Greece",left,183,73,no,8.45,6.0,71.05,2.45,38.71,0.16,0.18,0.16,4.03,4.51,0.47,0,0.0,0,0.0,1.74,0.0,0,0.0,0.02,0,0.0,5,0.39,40.0,0.0,0.16,3.39,32.56,3.32,33.33,0.08,0.0,0.55,0.87,54.55,3.39,46.51,0.71,2.53,0.87,34.42,3.55,0.87,45.79,75.52,17.37,61.36,11.13,97.87,11.37,72.92,38.37,83.54,4.18,33.96,18.58,30.11,0.07,0.55,0.0,0.0,0.08,0.0,0.32,4.42,35.71,3.32,47.62,0.39,0.0,0.55,1.18,9.16,62.07,0,,0,,0,0.0,0.0,0.0,,,1.03,,,0.16,0.0,0.0,0.0,0,0
A. Magashy,Kalmar,Kalmar,"AMF, DMF, RCMF",28,350000,2026-12-31,25,1162,1,1.89,0,1.01,23.39,39.07,Nigeria,Nigeria,right,171,74,no,7.98,8.06,52.88,1.78,30.43,0.0,0.0,0.15,3.72,4.21,2.56,3,0.23,0,0.0,1.78,0.08,1,0.08,0.15,1,0.08,11,0.85,63.64,9.091,0.0,0.46,50.0,0.0,0.0,0.39,40.0,0.08,2.71,37.14,9.91,32.03,1.47,2.17,0.46,20.45,1.32,0.93,32.45,84.01,7.44,67.71,7.98,91.26,9.84,87.4,30.21,86.41,1.78,52.17,16.47,22.74,0.08,0.85,0.0,0.0,0.08,0.0,0.23,2.71,82.86,1.63,66.67,0.0,0.0,0.85,0.31,3.56,52.17,0,,0,,0,0.0,0.0,0.0,,,0.23,,,0.0,0.0,0.0,0.0,0,0
S. Thern,Värnamo,Värnamo,"CF, LCMF, AMF",33,350000,2027-12-31,23,1808,3,2.52,1,2.08,12.99,47.51,Sweden,Sweden,right,181,76,no,4.28,3.29,72.73,2.14,39.53,0.05,0.06,0.1,1.84,2.19,0.15,1,0.05,0,0.0,2.29,0.15,3,0.15,0.13,0,0.0,24,1.19,29.17,12.5,0.05,1.74,51.43,0.45,55.56,1.24,52.0,0.15,1.84,56.76,5.72,42.61,1.64,2.24,0.5,32.41,0.85,1.44,39.33,78.73,12.84,64.73,7.52,92.05,12.25,83.74,32.95,84.74,4.68,46.81,18.4,36.69,0.1,1.1,0.0,0.05,0.25,0.0,0.25,6.37,55.47,3.48,45.71,1.29,19.23,0.8,0.8,6.57,80.3,0,,0,,0,0.0,0.0,0.0,,,0.05,,,1.64,0.05,100.0,2.54,0,0
Y. Kalley,Estrela Amadora,IFK Norrköping,LB,25,350000,2028-06-30,26,2111,0,0.47,0,0.65,18.42,45.83,Sweden,"Sweden, Gambia",left,185,75,no,7.21,6.27,53.74,1.53,52.78,0.81,0.96,0.13,3.03,3.59,1.36,6,0.26,0,0.0,2.43,0.0,0,0.0,0.02,0,0.0,7,0.3,28.57,0.0,0.0,1.41,33.33,1.41,33.33,0.0,0.0,0.09,3.24,56.58,8.65,42.86,0.47,1.66,0.68,22.6,0.85,2.09,29.25,86.15,7.5,68.75,9.25,96.77,8.02,88.83,25.75,93.87,2.34,29.09,18.58,29.83,0.03,0.17,0.0,0.0,0.13,33.33,0.09,2.05,66.67,1.11,38.46,0.3,28.57,0.13,0.43,3.33,57.69,0,,0,,0,0.0,0.0,0.0,,,0.81,,,0.09,0.04,0.0,0.13,0,0
H. Offia,Niki Volos,Västerås SK,"AMF, RWF, LWF",26,350000,,17,613,3,1.97,0,0.71,20.85,38.03,Nigeria,Nigeria,right,175,81,no,4.26,5.14,54.29,2.79,42.11,0.0,0.0,0.0,1.47,1.91,1.62,0,0.0,0,0.0,2.64,0.44,3,0.44,0.29,1,0.15,13,1.91,46.15,23.077,0.0,2.06,28.57,1.32,33.33,0.73,20.0,0.29,3.08,38.1,8.96,24.59,2.64,0.44,0.59,12.63,1.32,1.03,18.65,80.31,2.2,66.67,8.37,94.74,5.58,65.79,16.3,88.29,0.44,0.0,15.65,8.09,0.1,1.03,0.0,0.0,0.0,0.0,0.44,0.29,100.0,1.62,45.45,0.0,0.0,1.03,0.73,1.91,46.15,0,,0,,0,0.0,0.0,0.0,,,0.0,,,0.0,0.0,0.0,0.0,0,0
E. Hovland,Sogndal,Häcken,RCB,37,350000,2028-12-31,26,2046,1,1.93,0,0.15,10.16,59.74,Norway,Norway,right,191,90,no,9.24,4.13,65.96,3.34,59.21,0.4,0.55,1.32,6.11,8.51,0.44,1,0.04,0,0.0,0.26,0.04,1,0.04,0.08,1,0.04,9,0.4,44.44,11.111,0.0,0.22,40.0,0.0,0.0,0.22,40.0,0.04,0.0,0.0,0.57,69.23,0.62,0.84,0.0,40.51,0.4,0.4,56.52,89.88,22.65,83.69,2.38,100.0,28.11,94.68,48.83,93.51,7.52,67.84,23.06,42.19,0.01,0.13,0.0,0.0,0.09,0.0,0.09,9.81,83.86,0.48,36.36,0.31,14.29,0.09,0.04,12.14,76.81,0,,0,,0,0.0,0.0,0.0,,,1.94,,,0.0,0.0,0.0,0.0,0,0
R. Frej,GAIS,GAIS,"LCB, LB, RCB",28,350000,2026-12-31,15,1315,0,0.5,0,0.05,12.8,59.36,Sweden,Sweden,right,184,80,no,8.9,4.45,58.46,3.49,62.75,0.34,0.38,0.68,5.95,6.57,0.41,2,0.14,0,0.0,0.68,0.0,0,0.0,0.03,0,0.0,3,0.21,33.33,0.0,0.0,0.55,75.0,0.41,66.67,0.07,100.0,0.0,0.34,60.0,1.98,34.48,0.48,0.75,0.0,31.0,0.55,0.82,45.24,88.8,14.44,73.93,3.97,93.1,21.42,97.76,38.87,93.49,5.82,58.82,19.6,34.51,0.0,0.07,0.07,0.0,0.0,0.0,0.0,4.86,70.42,1.1,56.25,0.34,20.0,0.14,0.41,7.32,68.22,0,,0,,0,0.0,0.0,0.0,,,2.19,,,0.0,0.0,0.0,0.0,0,0
M. Ahlinvi,,Västerås SK,"RWF, LWF, AMF",27,350000,,26,1433,3,3.82,2,2.83,21.23,44.08,France,"France, Benin",left,183,68,no,5.34,6.66,52.83,2.01,50.0,0.19,0.24,0.0,1.63,2.11,1.63,3,0.19,0,0.0,4.02,0.19,3,0.19,0.24,1,0.06,35,2.2,37.14,8.571,0.13,2.32,37.84,0.94,40.0,1.32,33.33,0.5,4.08,56.92,9.61,37.25,3.83,2.45,0.75,22.61,0.63,1.19,29.2,85.81,6.85,82.57,8.6,96.35,8.16,87.69,26.13,90.63,0.75,66.67,15.38,13.38,0.18,0.63,0.0,0.0,0.0,0.0,0.44,2.89,84.78,1.76,64.29,0.0,0.0,0.69,0.88,2.83,77.78,0,,0,,0,0.0,0.0,0.0,,,0.25,,,0.0,0.0,0.0,0.06,0,0
A. Norén,Mjällby,GAIS,RCB,27,350000,2027-12-31,27,2501,2,1.34,0,0.36,14.39,61.75,Sweden,Sweden,right,184,80,no,12.88,5.54,68.83,4.68,50.77,1.3,1.46,0.9,7.77,8.76,0.76,5,0.18,0,0.0,0.61,0.07,2,0.07,0.05,2,0.07,12,0.43,25.0,16.667,0.0,0.18,40.0,0.0,0.0,0.18,40.0,0.0,0.61,70.59,1.48,68.29,0.61,0.29,0.11,26.2,0.11,0.76,42.36,85.39,17.96,74.15,2.91,96.3,17.52,95.07,37.21,90.72,4.97,47.1,19.73,38.53,0.01,0.11,0.04,0.0,0.0,0.0,0.04,5.29,56.46,0.65,22.22,0.22,33.33,0.14,0.07,6.48,63.33,0,,0,,0,0.0,0.0,0.0,,,2.09,,,0.0,0.0,0.0,0.0,0,0
Amadeus Sögaard,Sarasota Paradise,IFK Norrköping,"RCB, LCB",28,350000,2027-11-30,14,1022,0,0.4,0,0.01,11.45,61.54,Sweden,Sweden,right,183,77,no,9.16,3.87,79.55,4.05,50.0,0.18,0.21,1.06,5.9,7.15,0.62,0,0.0,0,0.0,0.26,0.0,0,0.0,0.04,0,0.0,1,0.09,0.0,0.0,0.0,0.09,100.0,0.0,0.0,0.09,100.0,0.0,0.18,100.0,1.76,55.0,0.18,1.23,0.0,35.23,0.18,0.88,49.93,85.71,20.34,75.32,3.52,85.0,20.96,94.12,42.36,92.72,7.57,46.51,19.47,32.43,0.0,0.09,0.0,0.0,0.0,0.0,0.0,6.69,61.84,0.53,33.33,0.35,50.0,0.18,0.0,8.01,67.03,0,,0,,0,0.0,0.0,0.0,,,1.32,,,0.0,0.0,0.0,0.0,0,0
Í. Sigurgeirsson,IFK Norrköping,IFK Norrköping,"LW, LAMF, CF",22,350000,2027-06-30,20,1149,4,3.31,0,1.14,19.35,39.27,Iceland,Iceland,right,175,72,no,4.7,4.54,46.55,1.64,38.1,0.08,0.1,0.23,2.51,3.23,1.33,0,0.0,0,0.0,3.92,0.31,4,0.31,0.26,0,0.0,20,1.57,50.0,20.0,0.0,2.27,20.69,1.96,24.0,0.23,0.0,0.47,4.46,54.39,10.42,38.35,4.54,2.35,0.16,14.33,2.11,1.33,19.82,78.26,4.07,73.08,6.97,93.26,5.56,70.42,17.08,87.16,0.55,28.57,15.75,11.23,0.09,0.86,0.0,0.0,0.39,60.0,0.23,1.02,69.23,1.72,63.64,0.23,0.0,1.1,0.63,2.19,60.71,0,,0,,0,0.0,0.0,0.0,,,0.23,,,0.0,0.0,0.0,0.08,0,0
J. Guidetti,,AIK,CF,34,350000,,17,365,1,1.07,1,0.36,25.64,50.0,Sweden,Sweden,right,185,81,no,2.96,2.71,63.64,8.88,50.0,0.25,0.37,0.0,0.99,1.46,0.99,0,0.0,0,0.0,1.97,0.25,1,0.25,0.26,0,0.0,7,1.73,42.86,14.286,0.25,0.99,0.0,0.0,0.0,0.99,0.0,0.25,1.73,71.43,5.67,43.48,3.95,0.49,0.0,10.11,1.97,1.73,18.25,60.81,6.41,50.0,2.96,100.0,2.47,60.0,16.77,66.18,0.49,0.0,13.12,4.65,0.09,0.74,0.0,0.0,0.25,0.0,0.49,0.99,50.0,1.23,40.0,0.25,0.0,0.74,0.25,2.47,30.0,0,,0,,0,0.0,0.0,0.0,,,0.0,,,0.0,0.0,0.0,0.0,0,0
A. Björnström,Värnamo,AIK,LB,30,350000,2027-12-31,24,1499,0,0.36,0,0.39,14.89,49.19,Sweden,Sweden,left,176,68,no,7.26,6.12,62.75,1.44,50.0,0.24,0.29,0.18,3.18,3.84,0.66,0,0.0,0,0.0,1.38,0.0,0,0.0,0.02,0,0.0,10,0.6,20.0,0.0,0.0,1.8,16.67,1.74,17.24,0.06,0.0,0.18,2.22,43.24,5.22,31.03,1.38,1.38,0.66,27.2,1.2,0.9,36.56,83.09,12.79,71.36,6.84,95.61,10.57,87.5,32.0,90.06,2.94,42.86,17.11,23.97,0.02,0.3,0.0,0.0,0.12,0.0,0.12,2.76,78.26,1.74,37.93,0.3,20.0,0.66,0.42,6.12,58.82,0,,0,,0,0.0,0.0,0.0,,,0.12,,,0.0,0.0,0.0,0.3,0,0
C. Jebara,Lillestrøm,Västerås SK,"RWF, LWF, RW",23,350000,2029-12-31,16,722,0,1.23,1,1.02,21.69,41.95,Sweden,"Sweden, Palestine",right,180,75,no,3.99,5.36,51.16,2.49,30.0,0.12,0.16,0.0,1.12,1.4,1.62,5,0.62,0,0.0,5.98,0.0,0,0.0,0.15,0,0.0,18,2.24,22.22,0.0,0.12,4.99,32.5,2.49,25.0,2.37,42.11,0.37,6.36,58.82,11.47,43.48,5.48,2.87,0.62,18.57,1.5,0.87,26.3,74.41,4.86,71.79,8.23,92.42,7.35,69.49,20.94,85.12,0.62,40.0,19.5,10.4,0.13,1.25,0.0,0.0,0.12,100.0,0.62,0.87,85.71,3.37,51.85,0.0,0.0,0.75,1.37,2.99,87.5,0,,0,,0,0.0,0.0,0.0,,,0.0,,,0.0,0.0,0.0,0.12,0,0
K. Barslund,Brommapojkarna,Brommapojkarna,"RCB, LB, LCB",22,350000,2027-06-30,22,1640,1,0.65,0,0.14,13.17,58.33,Denmark,Denmark,right,182,75,no,8.51,5.49,66.0,2.3,50.0,0.16,0.18,0.6,4.72,5.23,0.71,2,0.11,0,0.0,1.04,0.05,1,0.05,0.04,0,0.0,4,0.22,50.0,25.0,0.0,0.49,22.22,0.27,20.0,0.22,25.0,0.0,1.21,68.18,2.96,51.85,0.6,0.88,0.11,41.21,1.32,0.6,56.85,89.48,19.92,80.72,5.16,94.68,24.48,95.74,51.04,93.12,5.38,61.22,19.76,33.26,0.01,0.11,0.05,0.0,0.16,0.0,0.05,6.42,79.49,1.1,40.0,0.44,25.0,0.22,0.05,8.45,64.94,0,,0,,0,0.0,0.0,0.0,,,0.99,,,0.0,0.0,0.0,0.0,0,0
A. Boman,Halmstad,Halmstad,"RB, RWB",24,350000,2027-12-31,21,1926,0,0.76,2,1.4,17.38,56.45,Sweden,Sweden,right,184,74,no,9.02,6.68,70.63,1.73,45.95,0.19,0.19,0.37,4.11,4.21,0.51,1,0.05,0,0.0,2.1,0.0,0,0.0,0.04,0,0.0,6,0.28,16.67,0.0,0.09,2.8,28.33,0.05,0.0,2.76,28.81,0.23,1.82,66.67,7.38,46.84,0.93,2.1,0.42,20.51,2.2,1.31,30.56,73.09,10.33,55.2,7.1,94.74,8.55,76.5,24.58,82.7,3.18,38.24,19.11,33.73,0.07,0.75,0.0,0.0,0.05,100.0,0.42,4.44,49.47,2.57,38.18,0.09,0.0,0.33,0.75,6.21,70.68,0,,0,,0,0.0,0.0,0.0,,,0.23,,,0.0,0.0,0.0,0.0,0,0
A. Wikman,Sirius,Sirius,"LDMF, RDMF, RCMF",22,350000,2029-12-31,24,1881,3,0.53,2,1.6,10.1,55.92,Sweden,Sweden,left,178,66,no,7.03,5.98,60.8,0.81,35.29,0.19,0.24,0.1,3.21,4.07,1.0,4,0.19,0,0.0,0.96,0.14,3,0.14,0.03,0,0.0,9,0.43,33.33,33.333,0.1,0.91,36.84,0.57,33.33,0.33,42.86,0.19,0.43,88.89,1.53,50.0,0.38,0.67,0.1,40.62,0.19,0.43,52.82,89.95,14.45,79.8,7.89,97.58,24.5,93.16,48.13,93.24,3.88,59.26,19.58,32.09,0.08,0.81,0.0,0.0,0.19,50.0,0.29,8.76,83.06,1.67,37.14,0.48,50.0,0.33,0.29,7.7,80.75,0,,0,,0,0.0,0.0,0.0,,,0.86,,,0.19,0.0,0.0,1.39,0,0
E. Hasić,Osijek,Värnamo,"LCB, CB",23,350000,2027-06-30,11,830,0,0.26,0,0.12,17.24,54.09,Sweden,"Sweden, Bosnia and Herzegovina",right,191,78,no,8.57,6.83,65.08,5.53,49.02,0.0,0.0,0.76,4.12,4.67,0.98,3,0.33,0,0.0,0.22,0.0,0,0.0,0.03,0,0.0,1,0.11,0.0,0.0,0.0,0.0,0.0,0.0,0.0,0.0,0.0,0.0,0.33,66.67,1.63,40.0,0.54,0.87,0.22,37.84,0.0,0.43,53.35,86.18,17.24,65.41,5.1,93.62,22.99,97.17,49.45,90.57,3.9,30.56,19.16,33.59,0.01,0.11,0.0,0.0,0.0,0.0,0.0,4.34,55.0,0.22,0.0,0.22,50.0,0.11,0.0,6.94,40.63,0,,0,,0,0.0,0.0,0.0,,,1.84,,,0.0,0.0,0.0,0.0,0,0
P. Nwadike,Spartak Trnava,Sirius,RCB,27,350000,2027-06-30,22,1675,0,0.92,0,0.0,17.09,62.58,Sweden,Sweden,right,190,87,no,9.13,5.75,71.03,5.05,56.38,0.05,0.07,0.75,5.0,6.69,1.29,4,0.21,0,0.0,0.59,0.0,0,0.0,0.05,0,0.0,9,0.48,11.11,0.0,0.0,0.0,0.0,0.0,0.0,0.0,0.0,0.0,0.75,71.43,3.17,55.93,0.7,0.81,0.11,36.11,0.64,0.97,49.7,90.92,18.05,82.14,2.15,100.0,25.95,96.69,45.46,93.97,4.24,58.23,21.25,27.94,0.0,0.0,0.0,0.0,0.0,0.0,0.0,4.19,70.51,0.16,66.67,0.11,0.0,0.05,0.0,5.86,67.89,0,,0,,0,0.0,0.0,0.0,,,1.34,,,0.0,0.0,0.0,0.0,0,0
Alexander Abrahamsson,Győri ETO,Brommapojkarna,"RCB, LCB",26,325000,2027-06-30,29,2417,0,0.06,1,0.44,13.29,62.75,Sweden,Sweden,right,189,75,no,11.39,6.37,68.42,3.35,65.56,0.11,0.12,0.67,6.93,7.64,0.48,2,0.07,0,0.0,0.3,0.0,0,0.0,0.0,0,0.0,4,0.15,0.0,0.0,0.04,0.3,50.0,0.11,66.67,0.19,40.0,0.0,0.37,30.0,1.23,36.36,0.07,0.41,0.0,51.42,0.52,0.74,68.48,87.33,27.96,77.5,3.69,89.9,31.76,96.01,57.34,93.7,10.87,54.79,23.27,41.64,0.02,0.15,0.07,0.11,0.07,50.0,0.04,9.27,62.25,1.38,35.14,0.82,40.91,0.41,0.15,12.25,70.21,0,,0,,0,0.0,0.0,0.0,,,1.97,,,0.0,0.0,0.0,0.0,0,0
D. Blažević,Brommapojkarna,Hammarby,GK,33,300000,2027-12-31,2,207,0,0.0,0,0.0,0.43,100.0,Sweden,"Sweden, Croatia",right,190,88,no,0.87,0.0,0.0,0.43,100.0,0.0,0.0,0.0,0.87,1.43,0.0,0,0.0,0,0.0,0.0,0.0,0,0.0,0.0,0,0.0,0,0.0,0.0,0.0,0.0,0.0,0.0,0.0,0.0,0.0,0.0,0.0,0.0,0.0,0.0,0.0,0.0,0.0,0.0,17.83,0.43,0.43,28.7,83.33,15.65,77.78,0.0,0.0,12.61,89.66,20.87,93.75,7.83,55.56,27.54,45.59,0.0,0.0,0.0,0.0,0.0,0.0,0.0,2.61,50.0,0.0,0.0,0.0,0.0,0.0,0.0,6.96,62.5,2,0.87,11,4.78,0,81.82,2.61,1.13,0.61,0.265,0.0,3.04,0.43,,,,0.0,0,0
T. Erlandsson,Elfsborg,Halmstad,GK,29,300000,2027-12-31,15,1488,0,0.0,0,0.0,1.21,80.0,Sweden,Sweden,right,194,91,no,1.63,0.06,100.0,0.79,84.62,0.0,0.0,0.0,1.57,1.52,0.06,1,0.06,0,0.0,0.06,0.0,0,0.0,0.0,0,0.0,0,0.0,0.0,0.0,0.0,0.0,0.0,0.0,0.0,0.0,0.0,0.0,0.06,100.0,0.18,66.67,0.0,0.0,0.0,7.74,0.06,0.42,13.79,75.88,9.31,66.23,0.0,0.0,3.93,96.92,6.53,92.59,7.26,60.83,36.6,48.51,0.0,0.0,0.0,0.0,0.0,0.0,0.0,2.3,44.74,0.06,0.0,0.12,0.0,0.0,0.0,5.5,73.63,27,1.63,87,5.26,4,68.97,25.95,1.57,-1.05,-0.064,0.0,2.6,0.79,,,,0.0,0,0
M. Eriksson,,Djurgården,"LDMF, AMF, RDMF",36,300000,,17,466,0,0.25,0,0.62,17.38,54.44,Sweden,Sweden,left,181,79,no,9.08,7.34,65.79,1.35,0.0,0.0,0.0,0.39,4.25,6.23,1.74,1,0.19,0,0.0,4.25,0.0,0,0.0,0.05,0,0.0,4,0.77,0.0,0.0,0.0,3.67,84.21,1.55,87.5,2.12,81.82,0.77,1.16,83.33,5.79,53.33,0.77,0.39,0.19,35.54,0.39,1.74,50.02,81.47,17.58,64.84,11.01,91.23,15.26,92.41,38.82,86.07,7.92,58.54,20.36,30.02,0.12,1.55,0.0,0.0,0.39,50.0,0.19,9.08,61.7,5.02,76.92,0.77,75.0,0.97,3.09,10.82,85.71,0,,0,,0,0.0,0.0,0.0,,,0.58,,,3.09,0.0,0.0,4.06,0,0
A. Trondsen,HamKam,IFK Göteborg,LB,31,300000,2026-12-31,26,1725,0,0.73,2,1.66,14.92,54.2,Norway,Norway,left,183,78,no,8.3,5.9,67.26,2.66,60.78,0.16,0.2,0.16,4.17,5.3,0.68,1,0.05,1,0.05,2.03,0.0,0,0.0,0.04,0,0.0,10,0.52,10.0,0.0,0.1,2.45,44.68,2.3,43.18,0.16,66.67,0.47,1.88,47.22,4.64,39.33,1.1,1.93,0.16,23.53,1.3,0.73,34.33,79.64,13.88,71.43,7.77,95.97,7.46,74.13,27.23,86.4,4.85,59.14,18.04,30.54,0.09,0.52,0.05,0.0,0.05,0.0,0.21,4.28,67.07,2.35,48.89,0.16,0.0,0.26,1.04,7.2,65.22,0,,0,,0,0.0,0.0,0.0,,,0.42,,,0.31,0.05,0.0,0.47,0,0
A. Ekdal,,Djurgården,"RDMF, LDMF, RCMF",36,300000,,17,770,0,0.57,0,0.19,22.44,65.1,Sweden,Sweden,right,188,82,no,12.04,11.1,69.47,2.45,66.67,0.23,0.29,0.35,4.09,5.12,1.64,2,0.23,0,0.0,1.64,0.0,0,0.0,0.07,0,0.0,5,0.58,20.0,0.0,0.0,0.82,42.86,0.0,0.0,0.7,50.0,0.0,1.75,66.67,5.84,62.0,1.4,0.47,0.0,23.61,0.58,1.4,36.12,80.91,13.56,68.1,6.43,96.36,9.58,84.15,32.14,84.73,3.16,51.85,15.82,23.57,0.02,0.47,0.12,0.12,0.0,0.0,0.0,4.68,67.5,1.29,36.36,0.47,50.0,0.47,0.35,5.73,65.31,0,,0,,0,0.0,0.0,0.0,,,0.47,,,0.0,0.0,0.0,0.0,0,0
M. Steinwender,Bochum,Värnamo,"RCB, CB",26,300000,2029-06-30,17,1538,1,0.46,0,0.17,12.05,63.59,Austria,Austria,right,190,77,no,10.3,4.27,63.01,4.97,67.06,0.12,0.14,0.99,7.49,8.91,0.76,3,0.18,0,0.0,0.23,0.06,1,0.06,0.03,1,0.06,5,0.29,40.0,20.0,0.0,0.06,0.0,0.0,0.0,0.06,0.0,0.0,0.23,50.0,0.88,60.0,0.82,0.64,0.0,38.5,0.12,0.64,57.76,89.87,21.65,77.57,4.1,100.0,26.16,97.32,53.6,93.67,4.1,41.43,19.72,36.13,0.01,0.12,0.0,0.0,0.0,0.0,0.0,5.91,72.28,0.53,22.22,0.29,20.0,0.18,0.0,8.6,68.03,0,,0,,0,0.0,0.0,0.0,,,2.57,,,0.0,0.0,0.0,0.0,0,0
J. Voelkerling Persson,Helsingborg,Sirius,"RB, LB",25,300000,2029-06-30,19,1374,2,1.59,2,0.91,16.64,52.76,Sweden,Sweden,right,192,81,no,10.74,7.47,58.77,3.41,63.46,0.13,0.17,0.79,6.22,8.05,1.31,4,0.26,0,0.0,2.29,0.13,2,0.13,0.1,0,0.0,12,0.79,50.0,16.667,0.13,2.29,54.29,0.13,50.0,2.16,54.55,0.26,0.79,58.33,3.67,35.71,1.51,1.7,0.26,29.8,2.55,0.79,38.78,79.05,12.12,58.92,11.27,95.93,10.94,85.63,32.03,85.48,4.59,47.14,21.45,33.7,0.06,0.52,0.07,0.0,0.26,75.0,0.33,4.85,60.81,2.62,52.5,0.39,50.0,0.59,1.05,7.93,59.5,0,,0,,0,0.0,0.0,0.0,,,1.05,,,0.0,0.0,0.0,0.0,0,0
S. Mamatsashvili,Žalgiris,Sirius,LB,23,300000,2029-06-30,6,237,0,0.13,0,0.06,18.99,42.0,Georgia,Georgia,,0,0,no,9.49,9.11,50.0,1.52,50.0,0.0,0.0,0.0,4.94,7.65,1.52,1,0.38,0,0.0,3.42,0.0,0,0.0,0.05,0,0.0,6,2.28,0.0,0.0,0.0,5.32,50.0,4.94,46.15,0.38,100.0,0.38,2.28,33.33,7.22,26.32,1.14,4.18,0.0,45.57,3.04,0.38,58.86,79.35,15.95,66.67,11.39,93.33,22.03,86.21,47.47,85.6,6.08,56.25,18.22,22.07,0.02,1.14,0.0,0.0,0.0,0.0,0.0,7.22,68.42,4.94,53.85,0.38,0.0,0.0,2.66,13.29,80.0,0,,0,,0,0.0,0.0,0.0,,,0.0,,,0.0,0.0,0.0,1.14,0,0
A. Lindahl,Öster,Häcken,RB,31,300000,2027-12-31,11,487,0,0.01,0,0.2,21.62,52.99,Sweden,Sweden,right,180,70,no,9.43,7.39,52.5,1.66,55.56,0.0,0.0,0.92,5.54,8.04,1.48,2,0.37,0,0.0,7.39,0.0,0,0.0,0.0,0,0.0,1,0.18,0.0,0.0,0.0,6.84,27.03,0.0,0.0,6.84,27.03,0.74,6.65,80.56,9.79,62.26,1.29,4.25,1.48,35.67,3.51,0.74,46.94,77.56,15.34,78.31,8.5,93.48,14.78,77.5,38.81,87.14,1.66,55.56,19.04,13.68,0.04,0.55,0.0,0.0,0.74,25.0,0.18,4.62,80.0,5.91,46.88,0.55,33.33,0.92,1.29,7.39,85.0,0,,0,,0,0.0,0.0,0.0,,,0.74,,,0.0,0.0,0.0,0.0,0,0
Hampus Näsström,KÍ,Värnamo,"RCMF, LCMF",31,300000,,24,1393,1,1.08,1,0.81,18.03,42.65,Sweden,Sweden,right,190,85,no,8.08,5.04,56.41,4.97,48.05,0.32,0.38,0.39,4.91,5.74,1.23,1,0.06,0,0.0,0.19,0.06,1,0.06,0.07,1,0.06,7,0.45,14.29,14.286,0.06,0.0,0.0,0.0,0.0,0.0,0.0,0.0,0.45,14.29,3.88,21.67,0.78,0.32,0.06,24.94,0.52,0.39,37.99,86.73,9.37,73.79,6.91,95.33,12.99,92.54,36.31,88.26,1.68,53.85,14.86,15.73,0.05,0.45,0.0,0.06,0.06,100.0,0.19,3.17,77.55,0.71,54.55,0.32,20.0,0.52,0.0,4.39,55.88,0,,0,,0,0.0,0.0,0.0,,,0.26,,,0.0,0.0,0.0,0.0,0,0
A. Al Sanati,Al Mosul,Sirius,AMF,26,300000,2027-06-30,6,252,0,0.31,0,0.13,13.57,36.84,Sweden,"Sweden, Iraq",left,165,60,no,2.5,5.36,46.67,0.0,0.0,0.0,0.0,0.0,0.0,0.0,0.71,0,0.0,0,0.0,3.21,0.0,0,0.0,0.11,0,0.0,4,1.43,50.0,0.0,0.0,1.79,60.0,0.71,100.0,1.07,33.33,0.0,2.5,57.14,6.43,33.33,1.43,0.71,0.71,21.07,0.71,0.71,27.5,84.42,5.36,80.0,5.71,93.75,9.29,88.46,25.36,85.92,0.36,100.0,15.08,6.24,0.05,0.71,0.0,0.0,0.36,0.0,0.36,2.5,100.0,3.21,55.56,0.36,0.0,1.07,1.07,2.5,85.71,0,,0,,0,0.0,0.0,0.0,,,0.0,,,0.0,0.0,0.0,1.43,0,0
J. Fagerjord,GAIS,GAIS,DMF,27,300000,2030-12-31,23,1598,0,0.57,0,0.94,11.04,51.53,Sweden,Sweden,left,188,80,no,7.15,4.67,62.65,1.46,38.46,0.62,0.73,0.39,3.6,4.24,1.13,4,0.23,0,0.0,0.79,0.0,0,0.0,0.03,0,0.0,6,0.34,33.33,0.0,0.0,0.62,72.73,0.34,50.0,0.28,100.0,0.11,0.23,75.0,2.7,50.0,0.62,0.62,0.17,31.43,0.17,1.01,47.08,88.76,13.18,79.06,7.55,97.01,17.07,93.73,42.75,90.65,3.72,69.7,16.75,28.78,0.05,0.56,0.0,0.0,0.11,50.0,0.17,6.42,80.7,1.13,60.0,0.39,28.57,0.56,0.45,6.48,69.57,0,,0,,0,0.0,0.0,0.0,,,0.34,,,0.0,0.0,0.0,0.0,0,0
A. Wängberg,GAIS,GAIS,RB,32,300000,2028-12-31,30,2980,0,0.68,1,2.9,17.4,57.99,Sweden,Sweden,right,180,75,no,11.02,7.64,70.75,2.39,49.37,0.3,0.34,0.33,5.32,6.0,0.88,2,0.06,0,0.0,2.51,0.0,0,0.0,0.02,0,0.0,21,0.63,19.05,0.0,0.03,3.11,40.78,0.0,0.0,3.05,40.59,0.27,1.9,58.73,4.95,46.34,1.06,1.72,0.45,28.93,0.48,1.06,42.43,78.36,19.09,69.3,5.41,96.65,11.66,83.16,32.62,87.59,6.98,50.65,20.54,40.02,0.09,0.82,0.0,0.0,0.06,0.0,0.36,6.8,64.0,3.23,46.73,0.69,30.43,0.57,1.24,9.91,69.82,0,,0,,0,0.0,0.0,0.0,,,0.63,,,0.03,0.0,0.0,0.0,0,0
C. Björk,,IFK Norrköping,"CF, RW, LAMF",26,300000,,26,1050,1,1.05,1,0.73,26.31,42.02,Sweden,Sweden,right,188,74,no,6.43,7.11,55.42,3.77,25.0,0.0,0.0,0.0,2.49,3.45,1.54,3,0.26,0,0.0,3.26,0.09,1,0.09,0.09,0,0.0,12,1.03,33.33,8.333,0.09,1.89,18.18,1.03,16.67,0.86,20.0,0.26,4.8,53.57,11.06,37.21,3.26,2.31,0.86,12.43,1.8,1.63,18.26,76.53,2.91,61.76,6.94,98.77,4.37,74.51,16.03,84.49,0.51,16.67,16.21,8.3,0.06,0.69,0.09,0.0,0.0,0.0,0.51,0.69,50.0,1.03,58.33,0.09,0.0,0.51,0.43,1.37,50.0,0,,0,,0,0.0,0.0,0.0,,,0.26,,,0.09,0.0,0.0,1.37,0,0
J. Ali,Östersunds FK,Västerås SK,CF,27,300000,2027-12-31,13,703,1,6.63,0,0.34,29.19,31.58,Sweden,Sweden,right,202,85,no,1.28,1.02,62.5,4.86,31.58,0.13,0.18,0.0,0.51,0.73,2.18,0,0.0,0,0.0,1.66,0.13,1,0.13,0.85,0,0.0,29,3.71,20.69,3.448,0.0,0.0,0.0,0.0,0.0,0.0,0.0,0.0,1.54,50.0,13.19,32.04,4.61,0.77,0.0,10.11,0.9,1.15,17.03,75.94,3.58,64.29,3.33,92.31,6.02,70.21,16.64,77.69,0.38,0.0,13.8,4.66,0.04,0.38,0.0,0.0,0.38,33.33,0.13,2.3,66.67,1.15,44.44,0.38,0.0,1.02,0.0,1.02,75.0,0,,0,,0,0.0,0.0,0.0,,,0.0,,,0.0,0.0,0.0,0.0,1,0
K. Khazeni,,IFK Norrköping,"CF, AMF",31,300000,,15,615,0,0.79,0,0.99,20.78,43.66,Sweden,"Sweden, Iran",right,185,77,no,4.24,4.98,61.76,1.46,60.0,0.0,0.0,0.29,1.17,1.36,1.46,0,0.0,0,0.0,2.78,0.0,0,0.0,0.12,0,0.0,9,1.32,44.44,0.0,0.0,1.32,22.22,0.44,0.0,0.88,33.33,0.44,3.8,50.0,12.0,35.37,2.49,2.2,0.44,14.05,1.02,1.32,20.49,70.71,5.85,60.0,4.54,87.1,4.83,84.85,17.12,74.36,2.05,71.43,19.6,22.55,0.14,1.32,0.15,0.0,0.59,0.0,0.44,2.93,60.0,2.93,45.0,1.32,33.33,1.61,0.29,3.37,69.57,0,,0,,0,0.0,0.0,0.0,,,0.73,,,0.29,0.15,0.0,0.29,0,0
N. Hult,Elfsborg,Elfsborg,"LB, LWB",36,300000,2026-12-31,25,2184,0,2.27,3,2.37,15.16,53.53,Sweden,Sweden,left,173,63,no,9.19,7.21,65.71,1.36,36.36,0.04,0.05,0.21,4.41,4.87,1.28,4,0.16,0,0.0,1.9,0.0,0,0.0,0.09,0,0.0,14,0.58,28.57,0.0,0.12,2.88,35.71,2.88,35.71,0.0,0.0,0.25,1.48,47.22,4.29,39.42,2.1,2.23,0.45,28.27,2.02,1.2,38.57,82.16,13.6,76.06,8.49,96.12,10.01,79.42,32.47,88.71,3.3,57.5,18.4,32.33,0.1,0.74,0.0,0.0,0.04,0.0,0.33,4.29,72.12,2.97,51.39,0.37,55.56,0.91,0.87,7.58,79.89,0,,0,,0,0.0,0.0,0.0,,,1.4,,,0.0,0.0,0.0,0.0,0,0
S. Papagiannopoulos,AIK,AIK,"LCB, CB, RCB",35,300000,2027-12-31,25,2269,0,0.39,0,0.38,13.72,66.18,Sweden,"Sweden, Greece",right,187,85,no,8.49,4.8,76.03,3.69,65.59,0.0,0.0,0.95,4.84,5.68,0.79,1,0.04,0,0.0,0.12,0.0,0,0.0,0.02,0,0.0,8,0.32,12.5,0.0,0.0,0.0,0.0,0.0,0.0,0.0,0.0,0.0,0.12,66.67,2.02,47.06,0.4,0.24,0.12,29.07,0.36,0.99,43.63,90.09,14.95,79.58,2.38,96.67,22.37,97.16,37.96,94.78,5.67,58.74,21.28,40.61,0.02,0.16,0.0,0.08,0.0,0.0,0.04,4.2,74.53,0.36,33.33,0.2,40.0,0.16,0.0,5.63,61.27,0,,0,,0,0.0,0.0,0.0,,,1.67,,,0.0,0.0,0.0,0.0,0,0
T. Waker,,Brommapojkarna,"LWB, LB, LWF",32,300000,,9,405,0,0.1,1,1.58,23.56,50.94,Sweden,Sweden,right,189,77,no,10.0,6.0,62.96,0.89,25.0,0.22,0.27,0.44,6.0,7.3,1.11,0,0.0,0,0.0,5.56,0.0,0,0.0,0.02,0,0.0,2,0.44,0.0,0.0,0.22,3.78,35.29,3.56,37.5,0.22,0.0,0.67,7.11,59.38,14.89,49.25,1.56,4.0,1.56,18.22,2.22,0.89,33.33,77.33,10.0,75.56,6.44,93.1,11.11,74.0,27.56,83.06,2.67,66.67,17.22,18.67,0.35,1.11,0.0,0.0,0.0,0.0,0.89,3.56,81.25,3.56,50.0,0.0,0.0,1.33,1.11,6.44,72.41,0,,0,,0,0.0,0.0,0.0,,,0.44,,,0.0,0.0,0.0,0.0,0,0
N. Vasić,GAIS,Brommapojkarna,CF,34,300000,2026-12-31,29,2476,17,16.56,3,0.84,20.65,39.79,Sweden,Sweden,right,197,91,no,2.76,2.65,50.68,8.25,46.7,0.11,0.12,0.18,1.31,1.45,1.64,3,0.11,0,0.0,2.07,0.62,17,0.62,0.6,3,0.11,81,2.94,44.44,20.988,0.11,0.55,53.33,0.29,37.5,0.22,83.33,0.15,0.84,56.52,5.27,33.79,4.29,0.4,0.18,6.94,1.24,1.42,10.36,78.25,2.0,56.36,2.91,95.0,3.24,75.28,9.41,81.08,0.4,45.45,16.15,15.29,0.03,0.36,0.0,0.0,0.0,0.0,0.22,1.13,64.52,0.44,50.0,0.0,0.0,0.33,0.25,1.24,47.06,0,,0,,0,0.0,0.0,0.0,,,0.0,,,0.0,0.0,0.0,0.0,1,0
R. Kaib,Halmstad,Elfsborg,"LB, LWB, RWB",29,300000,2028-12-31,17,1056,2,1.05,1,1.01,15.68,46.2,Sweden,"Sweden, Tunisia",left,178,63,no,7.5,5.88,53.62,2.47,37.93,0.09,0.1,0.26,4.26,4.9,1.19,2,0.17,0,0.0,3.07,0.17,2,0.17,0.09,0,0.0,12,1.02,50.0,16.667,0.09,4.94,31.03,4.52,26.42,0.43,80.0,0.34,1.96,52.17,4.26,38.0,1.79,1.45,0.51,29.74,2.22,1.11,40.48,73.68,15.09,67.23,6.65,94.87,12.19,74.13,30.26,86.76,5.54,41.54,21.69,36.79,0.09,1.11,0.0,0.0,0.0,0.0,0.09,4.86,52.63,5.03,38.98,0.43,0.0,0.94,1.45,9.8,68.7,0,,0,,0,0.0,0.0,0.0,,,0.6,,,0.85,0.09,100.0,2.47,0,0
H. Ibrahim,Häcken,GAIS,"DMF, LB",23,300000,2026-11-30,27,2076,0,0.51,1,1.14,19.38,47.43,Sweden,"Sweden, Ethiopia",right,185,76,yes,11.49,8.84,59.8,1.34,51.61,0.74,0.83,0.13,5.46,6.16,1.65,7,0.3,0,0.0,1.52,0.0,0,0.0,0.02,0,0.0,12,0.52,25.0,0.0,0.04,1.04,29.17,0.52,8.33,0.52,50.0,0.17,1.91,52.27,6.89,31.45,0.61,1.65,0.65,26.84,0.22,1.08,40.75,86.17,12.1,72.04,7.72,97.75,13.61,93.63,37.8,90.25,1.95,37.78,17.0,27.81,0.05,0.65,0.0,0.0,0.22,40.0,0.22,3.86,71.91,1.69,51.28,0.35,50.0,0.52,0.39,5.03,62.07,0,,0,,0,0.0,0.0,0.0,,,0.74,,,0.0,0.0,0.0,0.13,0,0
P. Ofosu-Ayeh,PSS Sleman,Halmstad,RB,34,275000,,12,1190,2,1.29,0,1.3,13.69,49.17,Germany,"Germany, Ghana",right,183,81,no,7.56,6.35,54.76,1.59,33.33,0.61,0.57,0.23,3.48,3.29,0.83,2,0.15,0,0.0,2.27,0.15,2,0.15,0.1,1,0.08,4,0.3,75.0,50.0,0.0,2.19,34.48,0.0,0.0,2.19,34.48,0.08,2.19,58.62,4.69,43.55,0.68,0.98,0.38,19.51,1.89,0.61,28.06,73.58,10.89,54.17,6.66,96.59,6.66,77.27,21.93,83.1,4.08,40.74,19.74,34.96,0.1,0.83,0.08,0.08,0.08,0.0,0.3,3.25,58.14,2.57,41.18,0.38,20.0,0.38,0.83,6.81,60.0,0,,0,,0,0.0,0.0,0.0,,,0.61,,,0.0,0.0,0.0,0.08,0,0
Villiam Granath,Mjällby,Halmstad,"LW, CF, RW",27,275000,2029-06-30,29,2096,3,4.31,1,1.89,26.15,44.17,Sweden,Sweden,right,189,78,no,9.7,8.63,60.2,5.8,53.33,0.47,0.46,0.26,4.04,3.91,1.03,2,0.09,0,0.0,1.59,0.13,3,0.13,0.19,0,0.0,31,1.33,32.26,9.677,0.04,0.73,23.53,0.21,0.0,0.47,27.27,0.04,2.4,35.71,7.51,24.0,2.15,0.73,0.26,13.53,1.67,0.86,20.83,76.7,5.32,58.87,6.23,90.34,5.07,78.81,19.02,79.91,1.16,51.85,15.37,18.88,0.08,0.64,0.0,0.0,0.17,75.0,0.26,2.19,66.67,0.86,40.0,0.09,50.0,0.52,0.09,2.66,56.45,0,,0,,0,0.0,0.0,0.0,,,0.0,,,0.0,0.0,0.0,0.04,0,0
R. Wiedesheim-Paul,Örebro,Halmstad,"CF, LW",27,275000,,18,449,1,2.67,0,0.0,19.04,41.05,Sweden,Sweden,right,187,77,no,5.01,4.41,77.27,3.41,35.29,0.2,0.25,0.0,1.4,1.74,0.6,1,0.2,0,0.0,1.6,0.2,1,0.2,0.53,0,0.0,13,2.61,23.08,7.692,0.0,1.0,0.0,0.6,0.0,0.4,0.0,0.2,2.81,35.71,7.62,28.95,4.01,1.8,0.4,11.83,2.0,0.6,13.43,65.67,1.4,57.14,3.61,77.78,5.41,70.37,11.63,72.41,0.8,50.0,18.22,4.41,0.0,0.0,0.0,0.0,0.2,0.0,0.0,1.2,50.0,1.6,37.5,0.2,0.0,0.6,0.2,2.2,45.45,0,,0,,0,0.0,0.0,0.0,,,0.0,,,0.0,0.0,0.0,0.0,1,0
R. Sjöstedt,,Kalmar,"LCB, CB",34,275000,,25,2045,0,0.5,0,0.05,8.71,62.12,Sweden,Sweden,right,184,75,no,7.61,4.62,69.52,1.76,52.5,0.13,0.16,0.7,4.27,5.23,0.48,2,0.09,0,0.0,0.26,0.0,0,0.0,0.02,0,0.0,5,0.22,60.0,0.0,0.0,0.13,33.33,0.0,0.0,0.13,33.33,0.0,0.18,50.0,0.48,45.45,0.31,0.31,0.0,43.83,0.4,0.09,57.43,93.18,17.56,85.21,2.86,98.46,30.28,97.38,53.16,95.86,4.14,60.64,19.7,35.01,0.0,0.09,0.04,0.0,0.0,0.0,0.0,3.39,79.22,0.4,55.56,0.13,66.67,0.13,0.04,6.51,66.22,0,,0,,0,0.0,0.0,0.0,,,1.54,,,0.0,0.0,0.0,0.0,0,0
A. Fagerström,Västerås SK,Västerås SK,GK,34,275000,2026-12-31,15,1495,0,0.0,0,0.0,0.42,85.71,Sweden,Sweden,right,185,78,no,1.26,0.12,50.0,0.24,100.0,0.06,0.08,0.0,1.14,1.44,0.0,0,0.0,0,0.0,0.0,0.0,0,0.0,0.0,0,0.0,0,0.0,0.0,0.0,0.0,0.0,0.0,0.0,0.0,0.0,0.0,0.0,0.0,0.0,0.06,100.0,0.0,0.0,0.0,13.12,0.42,0.18,18.9,90.76,8.13,79.26,0.0,0.0,10.05,99.4,14.09,99.57,4.82,65.0,29.62,46.58,0.0,0.0,0.0,0.0,0.0,0.0,0.0,1.02,76.47,0.0,0.0,0.06,0.0,0.0,0.0,3.97,71.21,20,1.2,72,4.33,2,72.22,21.84,1.31,1.84,0.111,0.0,1.26,0.24,,,,0.0,0,0
Alexander Johansson,Helsingborg,Brommapojkarna,"CF, LAMF",26,275000,2028-06-30,6,132,0,0.74,0,0.01,15.68,43.48,Sweden,Sweden,right,183,75,no,4.77,4.77,57.14,0.0,0.0,0.0,0.0,0.0,2.05,2.81,0.0,0,0.0,0,0.0,1.36,0.0,0,0.0,0.5,0,0.0,4,2.73,25.0,0.0,0.0,1.36,0.0,0.68,0.0,0.68,0.0,0.0,1.36,50.0,8.86,38.46,4.77,0.68,0.68,14.32,1.36,2.05,14.32,80.95,2.05,100.0,6.82,90.0,2.73,50.0,12.95,89.47,0.0,0.0,11.75,0.0,0.01,0.68,0.0,0.0,0.0,0.0,0.0,0.68,100.0,1.36,0.0,0.0,0.0,0.0,0.68,2.05,33.33,0,,0,,0,0.0,0.0,0.0,,,0.0,,,0.0,0.0,0.0,0.0,0,0
G. Wallentin,Halmstad,Halmstad,"RCB, CB",25,275000,2027-12-31,28,2313,2,1.51,0,0.04,11.36,53.42,Sweden,Sweden,right,189,80,no,7.67,3.77,57.73,4.94,51.18,0.39,0.38,0.66,5.1,4.97,0.86,5,0.19,1,0.04,0.35,0.08,2,0.08,0.06,0,0.0,7,0.27,28.57,28.571,0.0,0.39,30.0,0.0,0.0,0.39,30.0,0.04,0.16,75.0,0.86,31.82,0.43,0.12,0.0,29.81,0.35,0.39,40.54,82.73,16.38,65.08,2.14,92.73,19.38,95.18,31.83,92.54,8.44,47.47,22.69,37.78,0.0,0.04,0.0,0.0,0.04,100.0,0.0,6.11,52.87,1.05,25.93,0.47,16.67,0.16,0.04,7.47,66.15,0,,0,,0,0.0,0.0,0.0,,,1.01,,,0.0,0.0,0.0,0.0,0,0
H. Sjögrell,Jaro,Sirius,"RAMF, RW, RWF",25,275000,2026-12-31,14,594,0,1.0,0,1.87,25.61,40.83,Sweden,Sweden,left,179,75,no,4.7,4.39,55.17,1.52,20.0,0.15,0.2,0.0,2.12,2.82,1.06,2,0.3,0,0.0,8.48,0.0,0,0.0,0.15,0,0.0,14,2.12,28.57,0.0,0.0,6.21,36.59,0.76,20.0,5.45,38.89,1.21,8.94,59.32,16.67,42.73,3.33,1.97,0.3,18.03,2.73,2.27,28.48,68.09,5.91,58.97,6.52,93.02,11.67,63.64,18.94,81.6,3.94,46.15,26.08,34.94,0.28,1.67,0.3,0.0,0.76,40.0,1.06,3.18,61.9,6.21,51.22,1.67,54.55,1.36,1.97,6.67,79.55,0,,0,,0,0.0,0.0,0.0,,,0.15,,,1.36,0.45,33.33,1.21,0,0
J. Dahlin,Malmö FF,Malmö FF,GK,39,250000,2026-12-31,20,1986,0,0.0,0,0.0,0.41,100.0,Sweden,Sweden,right,192,94,no,1.13,0.0,0.0,0.36,100.0,0.0,0.0,0.0,1.13,1.78,0.0,2,0.09,0,0.0,0.0,0.0,0,0.0,0.0,0,0.0,0,0.0,0.0,0.0,0.0,0.0,0.0,0.0,0.0,0.0,0.0,0.0,0.0,0.0,0.05,100.0,0.0,0.0,0.05,11.01,0.41,0.09,15.95,87.22,7.84,76.88,0.0,0.0,7.16,96.84,10.2,99.56,5.76,65.35,31.51,49.11,0.0,0.0,0.0,0.0,0.0,0.0,0.0,1.4,45.16,0.09,0.0,0.05,0.0,0.0,0.0,4.53,79.0,14,0.63,57,2.58,10,75.44,15.49,0.7,1.49,0.068,0.0,0.91,0.36,,,,0.0,0,0
N. Moisander,,Malmö FF,LCB,40,250000,,2,101,0,0.15,1,0.11,13.37,66.67,Finland,Finland,left,183,77,no,8.91,7.13,62.5,2.67,66.67,0.89,1.58,0.89,3.56,6.32,1.78,1,0.89,0,0.0,0.89,0.0,0,0.0,0.14,0,0.0,1,0.89,0.0,0.0,0.89,0.0,0.0,0.0,0.0,0.0,0.0,0.0,0.89,100.0,1.78,50.0,0.89,0.89,0.0,53.47,0.0,0.0,72.18,98.77,27.62,100.0,0.0,0.0,38.32,100.0,68.61,98.7,3.56,100.0,21.0,45.05,0.09,0.89,0.0,0.0,0.0,0.0,0.89,5.35,100.0,1.78,100.0,0.89,100.0,0.89,0.0,7.13,87.5,0,,0,,0,0.0,0.0,0.0,,,0.0,,,0.0,0.0,0.0,0.0,0,0
M. Fenger,,Hammarby,"LCB, RCB",35,250000,,13,564,0,0.18,0,0.0,13.24,59.04,Denmark,Denmark,right,185,81,no,9.1,7.02,52.27,3.03,63.16,0.16,0.23,0.48,5.27,7.67,0.64,0,0.0,0,0.0,0.16,0.0,0,0.0,0.03,0,0.0,2,0.32,0.0,0.0,0.0,0.16,0.0,0.0,0.0,0.16,0.0,0.0,0.16,100.0,0.64,50.0,0.8,0.48,0.16,50.43,0.16,0.48,72.77,92.32,27.29,85.38,7.18,95.56,26.17,97.56,67.18,95.72,5.43,52.94,17.17,24.6,0.0,0.0,0.16,0.0,0.0,0.0,0.16,5.27,75.76,0.32,0.0,0.32,100.0,0.16,0.0,7.82,71.43,0,,0,,0,0.0,0.0,0.0,,,2.23,,,0.0,0.0,0.0,0.0,0,0
J. Allansson,Halmstad,Halmstad,"LCMF, RCMF",33,250000,2027-12-31,28,1689,0,0.55,0,0.65,12.68,46.64,Sweden,Sweden,right,174,69,no,7.3,7.14,54.48,1.07,35.0,0.21,0.21,0.11,3.2,3.16,0.75,1,0.05,0,0.0,0.53,0.0,0,0.0,0.03,0,0.0,11,0.59,9.09,0.0,0.0,0.43,50.0,0.05,100.0,0.32,33.33,0.05,0.27,80.0,2.4,40.0,0.53,0.21,0.11,17.05,0.21,0.69,28.83,85.77,7.46,75.0,6.29,94.92,10.02,89.89,25.04,88.51,3.36,69.84,17.07,25.54,0.03,0.48,0.0,0.05,0.05,100.0,0.21,4.05,76.32,0.85,56.25,0.05,100.0,0.32,0.21,3.94,70.27,0,,0,,0,0.0,0.0,0.0,,,0.27,,,0.32,0.0,0.0,0.05,0,0
J. Westermark,Halmstad,Halmstad,"CF, AMF",32,250000,2026-12-31,3,70,0,0.0,0,0.0,24.43,42.11,Sweden,Sweden,right,183,75,no,2.57,3.86,33.33,9.0,28.57,1.29,2.14,0.0,0.0,0.0,2.57,1,1.29,0,0.0,0.0,0.0,0,0.0,0.0,0,0.0,0,0.0,0.0,0.0,0.0,0.0,0.0,0.0,0.0,0.0,0.0,0.0,1.29,0.0,7.71,33.33,3.86,0.0,0.0,9.0,5.14,2.57,11.57,77.78,2.57,100.0,6.43,80.0,1.29,0.0,11.57,77.78,0.0,0.0,9.51,0.0,0.0,0.0,0.0,0.0,0.0,0.0,0.0,0.0,0.0,1.29,0.0,0.0,0.0,0.0,0.0,0.0,0.0,0,,0,,0,0.0,0.0,0.0,,,0.0,,,0.0,0.0,0.0,0.0,0,0
G. Eyjólfsson,ÍA,Halmstad,"RW, RCMF, RWF",32,250000,2028-12-31,27,1687,1,1.51,2,1.23,18.03,45.86,Iceland,Iceland,right,180,77,no,7.68,7.31,56.93,1.76,42.42,0.05,0.05,0.05,3.47,3.42,0.85,1,0.05,0,0.0,1.81,0.05,1,0.05,0.08,0,0.0,20,1.07,15.0,5.0,0.11,1.44,40.74,0.05,0.0,1.39,42.31,0.27,2.24,47.62,6.83,35.16,1.12,0.91,0.16,14.3,0.8,1.12,23.42,77.45,6.51,63.93,6.83,95.31,5.55,80.77,20.59,83.68,1.49,28.57,16.94,17.25,0.07,0.59,0.05,0.0,0.16,0.0,0.16,2.29,72.09,1.55,48.28,0.37,14.29,0.48,0.43,3.2,61.67,0,,0,,0,0.0,0.0,0.0,,,0.11,,,0.0,0.0,0.0,0.16,0,0
N. Mäenpää,Halmstad,Halmstad,"LWF, LCMF",28,250000,2026-12-31,14,786,1,0.93,0,0.49,18.21,43.4,Finland,Finland,right,182,75,no,7.79,6.64,62.07,3.89,29.41,0.34,0.36,0.11,3.32,3.47,0.69,0,0.0,0,0.0,0.92,0.11,1,0.11,0.11,0,0.0,12,1.37,25.0,8.333,0.0,1.03,11.11,0.8,14.29,0.23,0.0,0.0,0.8,42.86,4.01,37.14,1.49,0.57,0.11,21.87,1.26,0.8,30.57,77.53,11.68,62.75,5.15,93.33,8.24,81.94,27.82,82.3,1.72,40.0,16.72,13.95,0.06,0.69,0.0,0.0,0.11,100.0,0.23,4.47,64.1,2.06,22.22,0.23,50.0,0.69,0.11,4.81,66.67,0,,0,,0,0.0,0.0,0.0,,,0.0,,,0.0,0.0,0.0,0.11,0,0
O. Jansson,Häcken,Djurgården,GK,35,250000,,18,1675,0,0.0,0,0.0,0.7,76.92,Sweden,Sweden,right,188,82,no,1.67,0.16,66.67,0.38,100.0,0.05,0.07,0.0,1.5,1.86,0.0,0,0.0,0,0.0,0.0,0.0,0,0.0,0.0,0,0.0,0,0.0,0.0,0.0,0.0,0.0,0.0,0.0,0.0,0.0,0.0,0.0,0.0,0.0,0.05,100.0,0.0,0.0,0.0,11.55,0.21,0.11,17.09,86.16,9.3,75.72,0.0,0.0,6.99,98.46,11.12,97.1,5.96,65.77,32.55,45.85,0.0,0.0,0.0,0.0,0.0,0.0,0.0,1.45,66.67,0.11,0.0,0.05,0.0,0.0,0.0,4.89,69.23,37,1.99,90,4.84,1,58.89,32.9,1.77,-4.1,-0.22,0.0,0.97,0.38,,,,0.0,0,0
S. Abdullahi,,IFK Göteborg,CF,29,250000,,2,36,0,0.02,0,0.0,,,Nigeria,Nigeria,right,185,86,no,,,,,,,0.0,,,0.0,,0,,0,,,,0,,,0,,1,,,0.0,,,,,,,,,,,,,,,,,,,,,,,,,,,,,,,12.62,0.0,,,,,,,,,,,,,,,,,,0,,0,,0,0.0,0.0,,,,,,,,,,,0,0
L. Skjellerup,Sassuolo,IFK Göteborg,CF,23,250000,2029-06-30,19,1385,4,4.47,0,0.63,21.7,38.02,Denmark,Denmark,right,195,81,no,2.08,2.4,43.24,8.19,45.24,0.19,0.25,0.0,0.84,1.06,1.23,1,0.06,0,0.0,1.56,0.26,4,0.26,0.29,0,0.0,24,1.56,54.17,16.667,0.0,0.45,42.86,0.06,0.0,0.39,50.0,0.13,0.71,72.73,6.5,31.0,2.4,1.04,0.13,6.3,3.12,1.43,9.49,70.55,1.56,50.0,2.14,81.82,3.31,66.67,8.97,72.46,0.06,0.0,14.44,2.71,0.04,0.32,0.0,0.0,0.0,0.0,0.06,1.04,62.5,0.78,41.67,0.0,0.0,0.19,0.19,0.91,57.14,0,,0,,0,0.0,0.0,0.0,,,0.0,,,0.0,0.0,0.0,0.0,0,0
O. Wendt,,IFK Göteborg,"LB, LCB",40,250000,,15,1053,1,0.37,0,1.21,10.85,51.97,Sweden,Sweden,left,181,82,no,8.63,5.21,63.93,1.88,40.91,0.17,0.23,0.26,5.13,6.95,1.2,1,0.09,0,0.0,1.03,0.09,1,0.09,0.03,0,0.0,6,0.51,33.33,16.667,0.0,1.28,53.33,1.2,57.14,0.09,0.0,0.17,0.34,50.0,2.05,29.17,0.94,0.94,0.09,24.27,0.94,0.34,35.04,83.41,15.47,74.59,5.56,98.46,10.77,89.68,28.03,92.68,5.9,44.93,21.5,38.61,0.1,1.37,0.09,0.0,0.0,0.0,0.09,5.47,70.31,1.28,53.33,0.26,66.67,0.17,0.68,8.29,78.35,0,,0,,0,0.0,0.0,0.0,,,2.05,,,0.6,0.09,0.0,3.25,0,0
J. Rapp,Värnamo,Värnamo,RCB,25,250000,2027-06-30,7,292,0,0.0,0,0.0,10.17,57.58,Sweden,Sweden,right,187,79,no,8.94,4.62,66.67,2.77,44.44,0.62,0.73,0.31,5.24,6.22,0.92,1,0.31,0,0.0,0.0,0.0,0,0.0,0.0,0,0.0,0,0.0,0.0,0.0,0.0,0.0,0.0,0.0,0.0,0.0,0.0,0.0,0.31,0.0,1.54,80.0,0.0,0.92,0.31,54.86,0.0,1.23,72.12,97.44,18.18,93.22,4.93,93.75,39.76,99.22,70.27,97.81,1.85,83.33,12.43,9.83,0.0,0.0,0.0,0.0,0.0,0.0,0.0,4.01,100.0,0.0,0.0,0.0,0.0,0.0,0.0,5.86,78.95,0,,0,,0,0.0,0.0,0.0,,,2.77,,,0.0,0.0,0.0,0.0,0,0
T. Pettersson,Mjällby,Mjällby,LCB,36,250000,2027-12-31,25,1989,2,3.09,1,0.09,12.94,56.29,Sweden,Sweden,left,190,83,no,7.42,3.03,59.7,5.61,61.29,0.18,0.24,0.59,5.43,7.19,0.95,1,0.05,0,0.0,0.63,0.09,2,0.09,0.14,1,0.05,22,1.0,40.91,9.091,0.05,0.68,13.33,0.68,13.33,0.0,0.0,0.09,0.27,50.0,1.72,55.26,1.76,0.95,0.05,35.52,0.45,1.13,48.46,86.65,21.95,80.21,4.52,97.0,16.06,91.55,42.44,91.58,5.43,55.83,18.3,35.4,0.0,0.14,0.0,0.09,0.0,0.0,0.0,4.03,75.28,0.63,35.71,0.14,33.33,0.32,0.09,8.37,64.86,0,,0,,0,0.0,0.0,0.0,,,1.13,,,0.0,0.0,0.0,0.0,0,0
M. Bustos,Pacific FC,Värnamo,"CF, RW, RWF",30,250000,2026-12-31,19,525,0,0.21,0,0.74,18.34,49.53,Canada,"Canada, Italy",left,168,68,no,5.14,4.97,68.97,2.4,50.0,0.34,0.44,0.0,1.37,1.75,1.2,2,0.34,0,0.0,4.29,0.0,0,0.0,0.04,0,0.0,5,0.86,20.0,0.0,0.0,4.46,30.77,0.17,0.0,4.29,32.0,1.03,4.63,59.26,8.74,45.1,2.74,2.23,0.69,30.86,1.54,1.03,39.26,81.66,8.57,72.0,11.66,98.53,13.03,68.42,31.71,91.89,3.26,47.37,17.57,19.65,0.13,1.54,0.0,0.0,0.0,0.0,0.34,3.77,54.55,4.97,51.72,0.51,66.67,1.37,1.37,4.63,85.19,0,,0,,0,0.0,0.0,0.0,,,0.17,,,0.69,0.0,0.0,3.94,0,0
C. Johansson,Värnamo,Värnamo,"RW, CF, RWF",28,250000,2026-12-31,23,735,1,0.57,1,0.23,28.16,42.17,Sweden,Sweden,right,173,64,no,8.45,7.22,57.63,3.43,46.43,0.12,0.17,0.0,4.16,5.76,1.84,1,0.12,0,0.0,4.16,0.12,1,0.12,0.07,0,0.0,11,1.35,18.18,9.091,0.12,3.31,33.33,0.98,37.5,2.33,31.58,0.12,5.39,50.0,13.84,38.94,3.43,2.94,0.73,20.45,1.47,2.2,30.61,74.4,7.1,67.24,9.31,92.11,7.84,70.31,25.59,80.86,2.2,50.0,17.38,20.04,0.03,0.98,0.12,0.0,0.37,33.33,0.12,2.94,58.33,2.57,57.14,0.24,0.0,0.86,0.86,4.65,78.95,0,,0,,0,0.0,0.0,0.0,,,0.24,,,0.0,0.0,0.0,0.0,0,0
M. Martin,SGV Freiberg,Sirius,"LCMF, DMF, AMF",26,250000,2028-12-31,4,46,0,0.0,0,0.0,11.74,50.0,Germany,Germany,right,180,72,no,7.83,5.87,66.67,0.0,0.0,0.0,0.0,0.0,3.91,6.0,1.96,0,0.0,0,0.0,0.0,0.0,0,0.0,0.0,0,0.0,0,0.0,0.0,0.0,0.0,0.0,0.0,0.0,0.0,0.0,0.0,0.0,0.0,0.0,3.91,0.0,0.0,3.91,0.0,29.35,0.0,0.0,37.17,84.21,9.78,60.0,9.78,80.0,7.83,100.0,37.17,84.21,0.0,0.0,14.51,0.0,0.0,0.0,0.0,0.0,1.96,0.0,0.0,9.78,60.0,0.0,0.0,1.96,0.0,0.0,0.0,5.87,66.67,0,,0,,0,0.0,0.0,0.0,,,0.0,,,0.0,0.0,0.0,0.0,0,0
M. Krasniqi,GAIS,GAIS,GK,33,250000,2027-12-31,21,2041,0,0.01,0,0.0,0.84,73.68,Sweden,"Sweden, Kosovo",left,187,81,no,1.94,0.22,40.0,0.57,92.31,0.04,0.05,0.0,1.81,2.01,0.13,3,0.13,1,0.04,0.0,0.0,0,0.0,0.0,0,0.0,1,0.04,0.0,0.0,0.0,0.0,0.0,0.0,0.0,0.0,0.0,0.0,0.0,0.0,0.0,0.0,0.04,0.0,0.0,14.11,0.0,0.13,22.44,80.75,13.1,69.36,0.0,0.0,8.2,96.24,11.82,96.64,10.63,63.07,36.1,51.88,0.0,0.0,0.0,0.0,0.0,0.0,0.0,4.63,60.95,0.35,25.0,0.4,66.67,0.09,0.0,8.03,78.02,21,0.93,79,3.48,8,73.42,22.31,0.98,1.31,0.058,0.0,2.2,0.57,,,,0.0,0,0
J. Brattberg,Helsingborg,Västerås SK,GK,29,250000,2027-12-31,15,1500,0,0.0,0,0.0,0.6,70.0,Sweden,Sweden,right,198,93,no,2.46,0.06,100.0,0.48,62.5,0.0,0.0,0.0,2.4,3.13,0.0,1,0.06,0,0.0,0.0,0.0,0,0.0,0.0,0,0.0,0,0.0,0.0,0.0,0.0,0.0,0.0,0.0,0.0,0.0,0.0,0.0,0.0,0.0,0.0,0.0,0.0,0.0,0.0,15.48,0.24,0.0,23.22,86.05,12.6,75.71,0.0,0.0,10.08,98.21,14.46,99.17,8.76,64.38,32.78,50.99,0.0,0.0,0.0,0.0,0.0,0.0,0.0,2.58,74.42,0.06,0.0,0.0,0.0,0.0,0.0,7.38,73.17,23,1.38,79,4.74,2,70.89,23.32,1.4,0.32,0.019,0.0,2.28,0.48,,,,0.0,0,0
L. Hedlund,GAIS,GAIS,CF,27,250000,2027-12-31,11,471,0,2.13,0,0.35,23.31,31.97,Sweden,Sweden,,181,68,no,3.82,5.73,43.33,6.11,21.88,0.19,0.25,0.0,1.15,1.49,4.01,3,0.57,0,0.0,1.15,0.0,0,0.0,0.41,0,0.0,11,2.1,9.09,0.0,0.0,0.57,33.33,0.19,0.0,0.38,50.0,0.19,1.53,50.0,6.88,44.44,3.63,0.38,0.19,4.39,0.96,1.91,7.45,84.62,0.76,100.0,2.1,90.91,2.1,72.73,6.88,88.89,0.19,100.0,16.79,4.56,0.07,0.38,0.0,0.0,0.0,0.0,0.0,0.38,100.0,0.38,50.0,0.0,0.0,0.38,0.19,0.57,66.67,0,,0,,0,0.0,0.0,0.0,,,0.0,,,0.0,0.0,0.0,0.0,0,0
V. Wernersson,Västerås SK,Västerås SK,LWB,31,250000,2026-12-31,6,131,0,0.0,0,0.05,10.31,46.67,Sweden,Sweden,left,180,70,no,4.81,3.44,80.0,4.12,50.0,0.0,0.0,0.0,2.06,4.09,0.0,0,0.0,0,0.0,1.37,0.0,0,0.0,0.0,0,0.0,0,0.0,0.0,0.0,0.0,4.12,33.33,4.12,33.33,0.0,0.0,0.69,0.69,0.0,1.37,0.0,1.37,0.0,0.0,21.98,2.75,0.0,34.35,82.0,8.93,76.92,10.31,100.0,9.62,57.14,24.05,94.29,6.18,66.67,22.2,28.88,0.03,0.69,0.0,0.0,0.0,0.0,0.0,4.12,66.67,2.75,50.0,0.0,0.0,0.0,1.37,4.81,85.71,0,,0,,0,0.0,0.0,0.0,,,0.69,,,0.0,0.0,0.0,0.0,0,0
L. Shabani,Partizani Tirana,IFK Norrköping,"LAMF, LW, RW",26,250000,2027-06-30,16,610,0,0.27,2,1.08,20.21,41.61,Sweden,"Sweden, Albania",right,175,71,no,6.2,6.2,61.9,1.92,15.38,0.3,0.34,0.15,2.07,2.41,0.59,0,0.0,0,0.0,3.98,0.0,0,0.0,0.04,0,0.0,5,0.74,60.0,0.0,0.3,3.25,31.82,1.77,33.33,1.18,25.0,0.3,4.57,51.61,9.59,33.85,1.62,3.54,1.18,19.77,1.18,0.89,28.18,79.58,7.52,70.59,7.23,89.8,7.97,74.07,23.02,86.54,1.92,76.92,16.1,14.41,0.16,1.18,0.0,0.0,0.15,100.0,0.59,2.51,70.59,3.54,41.67,0.0,0.0,0.59,1.18,3.54,66.67,0,,0,,0,0.0,0.0,0.0,,,0.3,,,0.15,0.0,0.0,0.59,0,0
D. Salihović,Örebro,IFK Norrköping,RB,23,250000,2026-12-31,25,1843,0,0.22,0,0.24,23.34,43.93,Sweden,"Sweden, Bosnia and Herzegovina",right,178,71,no,10.06,9.72,55.78,1.66,35.29,0.39,0.47,0.29,4.25,5.09,1.47,3,0.15,0,0.0,1.47,0.0,0,0.0,0.01,0,0.0,6,0.29,0.0,0.0,0.0,1.42,24.14,0.05,0.0,1.37,25.0,0.15,1.9,56.41,8.59,35.23,0.83,1.95,0.44,32.08,0.93,1.32,44.44,85.6,14.5,74.41,10.45,97.2,11.77,87.55,39.6,91.0,3.52,47.22,16.86,28.04,0.01,0.24,0.0,0.0,0.2,25.0,0.2,4.88,66.0,1.76,36.11,0.2,50.0,0.39,0.39,6.15,67.46,0,,0,,0,0.0,0.0,0.0,,,0.59,,,0.0,0.0,0.0,0.0,0,0
K. Nordfeldt,AIK,AIK,GK,37,250000,2026-12-31,28,2737,0,0.0,0,0.08,0.53,93.75,Sweden,Sweden,right,188,85,no,1.09,0.03,100.0,0.3,100.0,0.0,0.0,0.0,1.05,1.32,0.0,2,0.07,0,0.0,0.0,0.0,0,0.0,0.0,0,0.0,0,0.0,0.0,0.0,0.0,0.0,0.0,0.0,0.0,0.0,0.0,0.0,0.0,0.0,0.1,100.0,0.0,0.0,0.0,12.46,0.33,0.13,18.81,84.27,10.42,73.82,0.0,0.0,7.79,97.05,11.51,98.0,7.3,62.61,33.1,50.88,0.0,0.03,0.0,0.0,0.0,0.0,0.03,1.97,40.0,0.16,0.0,0.23,28.57,0.0,0.0,5.1,71.61,35,1.15,105,3.45,9,66.67,30.05,0.99,-4.95,-0.163,0.0,0.95,0.3,,,,0.0,0,0
P. Frick,Elfsborg,Elfsborg,"CF, RWF",34,250000,2026-12-31,16,622,3,2.28,1,0.52,25.76,31.46,Sweden,Sweden,right,182,81,no,4.92,5.64,38.46,7.52,32.69,0.29,0.35,0.14,2.46,2.95,4.49,3,0.43,0,0.0,1.01,0.43,3,0.43,0.33,1,0.14,13,1.88,46.15,23.077,0.14,0.14,100.0,0.0,0.0,0.14,100.0,0.0,0.0,0.0,5.5,34.21,3.47,0.43,0.0,9.26,0.87,1.74,14.32,68.69,4.05,57.14,3.04,85.71,4.34,73.33,13.02,70.0,1.16,50.0,14.5,15.14,0.07,0.72,0.29,0.0,0.14,0.0,0.29,1.59,63.64,1.3,22.22,0.14,0.0,0.29,0.14,1.45,50.0,0,,0,,0,0.0,0.0,0.0,,,0.0,,,0.14,0.0,0.0,0.0,0,0
E. Björkander,,Brommapojkarna,"CB, RCB",30,250000,,15,825,0,0.0,0,0.14,10.91,56.0,Sweden,Sweden,right,185,75,no,7.96,3.93,66.67,3.82,48.57,0.22,0.24,0.87,5.13,5.64,0.65,2,0.22,1,0.11,0.11,0.0,0,0.0,0.0,0,0.0,0,0.0,0.0,0.0,0.0,0.11,100.0,0.0,0.0,0.11,100.0,0.0,0.11,0.0,0.55,60.0,0.33,0.11,0.0,31.85,0.33,0.33,41.67,87.7,12.55,65.22,2.4,100.0,22.15,98.03,35.45,94.15,6.11,50.0,20.62,26.35,0.01,0.11,0.11,0.0,0.0,0.0,0.0,3.82,57.14,0.65,33.33,0.33,100.0,0.22,0.11,5.13,70.21,0,,0,,0,0.0,0.0,0.0,,,2.07,,,0.0,0.0,0.0,0.0,0,0
S. Clemmensen,IFK Göteborg,Hammarby,"LAMF, LWF",22,250000,2028-12-31,3,91,0,0.09,0,0.0,17.8,66.67,Denmark,Denmark,left,183,0,no,3.96,3.96,100.0,1.98,50.0,0.0,0.0,0.0,0.0,0.0,0.0,0,0.0,0,0.0,1.98,0.0,0,0.0,0.09,0,0.0,2,1.98,50.0,0.0,0.0,0.0,0.0,0.0,0.0,0.0,0.0,0.0,3.96,25.0,8.9,44.44,0.99,2.97,0.0,24.73,1.98,1.98,27.69,92.86,2.97,33.33,16.81,100.0,3.96,100.0,27.69,92.86,0.0,0.0,21.63,0.0,0.0,0.0,0.0,0.0,0.0,0.0,0.0,0.99,0.0,0.0,0.0,0.0,0.0,0.0,0.0,0.0,0.0,0,,0,,0,0.0,0.0,0.0,,,0.0,,,0.0,0.0,0.0,0.0,0,0
I. Fofana,Hammarby,Hammarby,"RCB, RB",23,250000,2029-12-31,13,836,0,0.75,1,0.33,14.96,58.27,Guinea,Guinea,right,182,75,no,7.43,4.52,66.67,4.84,55.56,0.0,0.0,0.43,4.41,6.41,0.75,1,0.11,0,0.0,1.18,0.0,0,0.0,0.08,0,0.0,5,0.54,20.0,0.0,0.11,0.97,55.56,0.0,0.0,0.97,55.56,0.22,0.75,71.43,2.8,50.0,1.08,1.83,0.65,39.62,0.11,1.18,53.83,90.4,19.59,82.42,7.21,100.0,18.41,92.98,49.09,94.96,3.77,40.0,17.36,35.19,0.04,0.22,0.0,0.0,0.0,0.0,0.11,4.41,65.85,0.97,55.56,0.11,0.0,0.11,0.54,5.81,74.07,0,,0,,0,0.0,0.0,0.0,,,2.58,,,0.0,0.0,0.0,0.0,0,0
M. Olsson,Malmö FF,Malmö FF,"LB, LCB",38,250000,,15,566,0,0.46,0,0.82,15.9,58.0,Sweden,Sweden,left,180,78,no,7.31,4.45,67.86,5.09,68.75,0.16,0.32,0.32,4.13,8.21,0.64,1,0.16,0,0.0,2.86,0.0,0,0.0,0.07,0,0.0,7,1.11,0.0,0.0,0.0,4.29,44.44,4.29,44.44,0.0,0.0,0.16,1.27,62.5,4.13,46.15,2.07,4.61,0.64,55.18,1.59,0.95,69.17,89.89,23.53,85.81,13.04,98.78,20.51,88.37,62.65,94.42,2.39,46.67,17.48,20.12,0.13,1.27,0.0,0.32,0.16,100.0,0.16,7.47,93.62,4.13,57.69,0.32,50.0,1.11,1.75,11.61,73.97,0,,0,,0,0.0,0.0,0.0,,,1.11,,,0.64,0.16,0.0,2.07,0,0
Birnir Snaer Ingason,Stjarnan,Halmstad,"CF, LW, AMF",29,225000,2028-12-31,26,1457,4,3.26,0,1.0,21.43,37.18,Iceland,Iceland,right,186,78,no,3.64,3.34,57.41,2.16,14.29,0.06,0.06,0.06,1.67,1.59,0.86,1,0.06,0,0.0,4.2,0.25,3,0.19,0.2,0,0.0,32,1.98,31.25,12.5,0.0,1.85,36.67,1.36,36.36,0.49,37.5,0.12,5.0,58.02,12.66,38.05,2.53,1.61,0.37,11.86,1.36,1.54,17.36,77.58,3.15,72.55,5.0,93.83,5.56,73.33,14.95,82.64,0.68,72.73,18.03,14.67,0.06,0.86,0.06,0.0,0.0,0.0,0.25,1.11,66.67,1.17,63.16,0.0,0.0,0.37,0.68,2.35,71.05,0,,0,,0,0.0,0.0,0.0,,,0.06,,,0.0,0.0,0.0,0.0,1,100
J. Tånnander,Farense,Sirius,GK,25,225000,2027-06-30,22,2173,0,0.0,1,0.29,0.54,92.31,Sweden,Sweden,left,191,80,no,1.41,0.04,100.0,0.33,87.5,0.0,0.0,0.0,1.37,1.85,0.0,0,0.0,0,0.0,0.0,0.0,0,0.0,0.0,0,0.0,0,0.0,0.0,0.0,0.04,0.0,0.0,0.0,0.0,0.0,0.0,0.0,0.0,0.0,0.12,100.0,0.0,0.0,0.04,15.86,0.17,0.12,23.61,82.46,14.21,73.76,0.0,0.0,8.95,95.83,14.21,96.79,9.4,60.79,33.0,48.92,0.01,0.04,0.0,0.0,0.0,0.0,0.04,1.57,39.47,0.17,0.0,0.17,50.0,0.0,0.0,7.29,67.05,35,1.45,107,4.43,2,67.29,28.98,1.2,-6.02,-0.249,0.0,1.78,0.33,,,,0.0,0,0
C. Amatkarijo,FK Liepāja,GAIS,"LWF, RWF",27,225000,2026-11-15,25,1423,1,2.81,1,1.21,15.5,41.63,Netherlands,"Netherlands, Sint Maarten",right,175,65,no,4.81,5.06,61.25,1.39,13.64,0.13,0.15,0.06,1.58,1.83,0.63,1,0.06,0,0.0,2.97,0.06,1,0.06,0.18,0,0.0,25,1.58,32.0,4.0,0.06,2.09,27.27,1.01,12.5,1.08,41.18,0.13,3.54,51.79,7.02,36.94,2.72,1.45,0.63,10.56,1.77,1.08,15.12,76.99,2.97,80.85,4.11,92.31,4.24,65.67,12.97,84.88,0.19,66.67,16.12,5.99,0.08,0.63,0.0,0.0,0.06,100.0,0.38,0.89,78.57,1.58,56.0,0.06,100.0,0.57,0.51,1.83,82.76,0,,0,,0,0.0,0.0,0.0,,,0.0,,,0.13,0.13,0.0,0.06,0,0
R. Friday,Surkhon,GAIS,"RWF, RCMF",26,225000,2026-12-31,4,137,0,0.17,0,0.0,14.45,45.45,Nigeria,Nigeria,right,175,73,no,2.63,2.63,50.0,0.66,0.0,0.0,0.0,0.0,1.31,1.76,0.0,0,0.0,0,0.0,3.28,0.0,0,0.0,0.11,0,0.0,3,1.97,0.0,0.0,0.0,4.6,28.57,0.0,0.0,4.6,28.57,0.66,1.97,100.0,9.2,50.0,3.28,2.63,0.0,15.11,1.31,1.31,20.36,61.29,1.31,50.0,7.23,72.73,3.94,66.67,15.11,69.57,1.31,50.0,24.15,29.58,0.0,0.0,0.0,0.0,0.0,0.0,0.0,1.97,66.67,1.97,66.67,0.66,100.0,0.66,0.66,2.63,75.0,0,,0,,0,0.0,0.0,0.0,,,0.0,,,0.0,0.0,0.0,0.66,0,0
P. Pichkah,Bryne,Brommapojkarna,"DMF, LCMF, RCMF",26,225000,2026-12-31,16,366,0,0.24,0,0.16,17.21,42.86,Iran,"Iran, Sweden",right,190,78,no,7.87,7.62,48.39,1.97,37.5,0.49,0.6,0.0,3.69,4.5,0.98,0,0.0,0,0.0,0.98,0.0,0,0.0,0.06,0,0.0,5,1.23,20.0,0.0,0.0,1.23,40.0,0.25,100.0,0.98,25.0,0.0,0.98,25.0,3.2,30.77,0.25,0.49,0.0,33.69,0.25,0.49,48.69,84.34,15.0,75.41,8.36,94.12,19.43,86.08,43.28,89.2,4.18,47.06,17.75,20.5,0.04,0.49,0.0,0.0,0.0,0.0,0.25,7.62,64.52,2.95,41.67,0.74,33.33,0.49,0.49,7.38,66.67,0,,0,,0,0.0,0.0,0.0,,,0.74,,,0.0,0.0,0.0,0.0,0,0
S. Rieks,,Malmö FF,"CF, RW, RAMF",39,200000,,20,848,3,2.95,1,1.07,18.36,42.77,Denmark,Denmark,right,185,76,no,3.82,5.09,45.83,1.59,46.67,0.32,0.5,0.11,1.17,1.82,1.38,4,0.42,0,0.0,3.08,0.32,3,0.32,0.31,1,0.11,18,1.91,38.89,16.667,0.11,2.44,26.09,0.96,11.11,1.38,38.46,0.32,2.97,57.14,8.6,41.98,3.71,1.17,0.11,26.53,1.49,1.49,33.22,81.47,7.32,73.91,10.4,90.82,7.54,76.06,30.14,86.97,0.74,42.86,14.79,13.7,0.11,0.96,0.21,0.21,0.11,0.0,0.53,1.8,70.59,3.29,64.52,0.0,0.0,1.8,0.64,4.14,76.92,0,,0,,0,0.0,0.0,0.0,,,0.0,,,0.0,0.0,0.0,0.21,0,0
M. Johansson,,IFK Göteborg,LB,34,200000,,7,229,0,0.37,0,0.0,17.69,60.0,Sweden,Sweden,right,174,66,no,10.61,6.29,75.0,2.36,83.33,0.39,0.6,0.39,5.5,8.4,0.79,0,0.0,0,0.0,1.57,0.0,0,0.0,0.15,0,0.0,1,0.39,0.0,0.0,0.0,0.39,0.0,0.39,0.0,0.0,0.0,0.0,1.57,100.0,5.5,35.71,1.57,1.18,0.39,28.69,0.39,1.18,44.02,83.04,16.11,70.73,6.29,87.5,11.79,96.67,41.27,85.71,2.36,50.0,17.77,19.59,0.0,0.0,0.0,0.0,0.0,0.0,0.0,4.32,54.55,1.18,33.33,0.0,0.0,0.39,0.0,6.68,64.71,0,,0,,0,0.0,0.0,0.0,,,0.39,,,0.0,0.0,0.0,0.0,0,0
Romário,,Kalmar,"RCMF, LCMF, RDMF",40,200000,,29,2040,0,0.9,1,0.27,19.63,55.73,Brazil,"Brazil, Sweden",right,173,72,no,9.26,6.09,62.32,2.34,52.83,1.15,1.41,0.4,4.32,5.31,1.5,3,0.13,1,0.04,1.37,0.0,0,0.0,0.04,0,0.0,20,0.88,35.0,0.0,0.04,0.22,20.0,0.09,50.0,0.13,0.0,0.0,1.54,62.86,8.12,54.35,0.44,0.75,0.09,33.4,0.09,3.13,47.51,89.32,12.44,77.66,10.06,97.81,16.54,93.6,43.63,92.11,3.66,60.24,16.68,27.93,0.01,0.09,0.0,0.04,0.09,50.0,0.0,5.51,73.6,1.01,65.22,0.31,57.14,0.49,0.04,5.6,70.87,0,,0,,0,0.0,0.0,0.0,,,0.66,,,0.0,0.0,0.0,0.0,0,0
D. Stensson,Djurgården,Djurgården,"RDMF, LDMF, LCMF",29,200000,2027-12-31,23,1689,0,0.27,2,1.85,19.13,51.81,Sweden,Sweden,left,178,70,no,8.47,9.06,59.41,1.97,40.54,0.48,0.63,0.27,2.61,3.4,1.81,3,0.16,0,0.0,1.07,0.0,0,0.0,0.01,0,0.0,12,0.64,8.33,0.0,0.11,1.97,24.32,1.23,30.43,0.75,14.29,0.32,0.69,38.46,4.9,46.74,0.32,1.17,0.11,43.96,0.53,1.44,58.19,85.44,15.19,71.58,12.63,96.2,22.06,88.65,52.11,91.21,4.16,42.31,18.98,28.5,0.1,0.8,0.11,0.11,0.43,62.5,0.32,7.94,73.15,2.98,41.07,0.91,35.29,0.64,0.53,8.15,72.55,0,,0,,0,0.0,0.0,0.0,,,0.96,,,0.8,0.05,0.0,1.07,0,0
G. Svensson,,IFK Göteborg,RCB,39,200000,,30,3015,2,2.58,1,0.19,10.87,57.42,Sweden,Sweden,right,184,77,no,9.01,4.06,70.59,3.4,51.75,0.63,0.81,0.84,5.52,7.13,0.54,2,0.06,0,0.0,0.42,0.06,2,0.06,0.08,2,0.06,14,0.42,64.29,14.286,0.03,0.21,42.86,0.0,0.0,0.21,42.86,0.06,0.12,50.0,1.13,36.84,0.69,0.18,0.03,29.7,0.18,0.51,44.42,89.65,20.0,81.94,2.24,98.67,19.07,96.56,39.1,94.12,5.1,57.31,20.65,39.2,0.01,0.09,0.03,0.03,0.03,0.0,0.06,6.24,72.73,0.45,46.67,0.24,37.5,0.24,0.06,7.55,77.08,0,,0,,0,0.0,0.0,0.0,,,1.76,,,0.06,0.0,0.0,0.0,0,0
E. Salomonsson,,IFK Göteborg,"RB, LB, RW",37,200000,,16,724,0,0.42,3,0.96,14.17,49.12,Sweden,Sweden,right,182,75,no,8.83,6.46,61.54,2.36,26.32,0.62,0.84,0.12,4.23,5.73,0.99,1,0.12,0,0.0,1.86,0.0,0,0.0,0.05,0,0.0,8,0.99,12.5,0.0,0.37,2.98,25.0,1.12,33.33,1.74,21.43,0.5,1.24,80.0,3.36,44.44,1.49,0.99,0.62,19.14,0.99,0.62,28.84,68.1,11.31,60.44,3.98,84.38,9.2,67.57,22.75,76.5,3.23,46.15,18.16,22.94,0.12,0.99,0.0,0.0,0.12,0.0,0.25,4.1,60.61,3.36,29.63,0.0,0.0,0.5,0.75,5.72,65.22,0,,0,,0,0.0,0.0,0.0,,,0.12,,,0.37,0.0,0.0,2.36,0,0
J. Rasheed,IFK Göteborg,Värnamo,GK,34,200000,2026-12-31,15,1484,0,0.0,0,0.0,0.97,68.75,Sweden,"Sweden, Norway",right,191,88,no,1.03,0.06,100.0,0.42,71.43,0.0,0.0,0.0,0.97,1.16,0.0,0,0.0,0,0.0,0.0,0.0,0,0.0,0.0,0,0.0,0,0.0,0.0,0.0,0.0,0.0,0.0,0.0,0.0,0.0,0.0,0.0,0.0,0.0,0.12,100.0,0.0,0.0,0.0,9.95,0.0,0.24,17.04,78.65,10.8,66.85,0.0,0.0,5.09,98.81,10.31,98.82,6.73,47.75,30.72,47.5,0.0,0.0,0.0,0.06,0.0,0.0,0.0,1.03,41.18,0.06,0.0,0.12,0.0,0.0,0.0,5.34,55.68,21,1.27,66,4.0,4,68.18,21.48,1.3,0.48,0.029,0.0,0.85,0.42,,,,0.0,0,0
T. Stavitski,Mjällby,Mjällby,"RWB, LWB, LB",26,200000,2028-12-31,11,649,1,1.34,3,2.66,20.25,51.37,Finland,"Finland, Russia",right,180,70,no,7.21,6.24,68.89,2.08,20.0,0.55,0.84,0.0,2.36,3.57,1.66,0,0.0,0,0.0,5.27,0.14,1,0.14,0.19,0,0.0,16,2.22,31.25,6.25,0.42,4.58,36.36,1.8,23.08,2.63,42.11,1.25,4.3,67.74,9.01,49.23,2.63,3.61,0.83,25.1,1.53,1.39,30.51,76.36,5.69,78.05,6.93,86.0,10.68,72.73,24.55,85.31,1.39,50.0,17.46,15.65,0.37,1.53,0.0,0.0,0.0,0.0,0.97,2.08,73.33,3.74,55.56,0.0,0.0,0.97,1.66,4.71,76.47,0,,0,,0,0.0,0.0,0.0,,,0.0,,,0.0,0.0,0.0,0.14,0,0
A. Lohikangas,,Värnamo,"LB, LCB",27,200000,,22,1250,0,0.39,0,0.44,18.5,51.75,Sweden,Sweden,left,180,75,no,11.66,9.43,64.12,2.45,44.12,0.29,0.32,0.22,5.33,5.94,1.58,3,0.22,0,0.0,1.15,0.0,0,0.0,0.03,0,0.0,7,0.5,14.29,0.0,0.0,1.87,26.92,1.58,27.27,0.29,25.0,0.36,0.86,66.67,3.96,43.64,1.15,1.15,0.07,30.6,0.79,0.94,43.06,80.1,16.06,68.16,8.06,94.64,12.17,84.02,37.22,86.07,3.96,49.09,18.57,24.75,0.03,0.43,0.0,0.0,0.0,0.0,0.07,5.4,70.67,2.3,43.75,0.36,40.0,0.79,0.43,7.56,68.57,0,,0,,0,0.0,0.0,0.0,,,0.36,,,0.0,0.0,0.0,0.0,0,0
J. Kiilerich,Zulte-Waregem,Mjällby,"LCB, CB",26,200000,2027-06-30,20,1092,2,2.72,0,0.04,13.1,52.83,Denmark,Denmark,left,187,78,no,9.64,4.78,63.79,4.2,56.86,0.58,0.76,0.25,6.02,7.96,0.66,2,0.16,0,0.0,0.91,0.16,2,0.16,0.22,2,0.16,9,0.74,66.67,22.222,0.0,0.58,28.57,0.58,28.57,0.0,0.0,0.16,0.41,60.0,1.32,31.25,1.57,0.33,0.0,36.43,0.25,0.25,51.18,86.96,22.34,81.92,3.96,91.67,19.29,94.02,44.01,90.82,6.59,66.25,19.85,31.13,0.0,0.25,0.0,0.08,0.08,0.0,0.0,4.29,75.0,0.66,62.5,0.08,0.0,0.16,0.16,10.71,66.92,0,,0,,0,0.0,0.0,0.0,,,1.48,,,0.0,0.0,0.0,0.0,0,0
P. Abrahamsson,,Häcken,GK,37,200000,,12,1183,0,0.0,0,0.0,0.68,100.0,Sweden,Sweden,right,190,90,no,1.98,0.0,0.0,0.61,100.0,0.0,0.0,0.0,1.98,2.82,0.0,1,0.08,0,0.0,0.08,0.0,0,0.0,0.0,0,0.0,0,0.0,0.0,0.0,0.0,0.0,0.0,0.0,0.0,0.0,0.0,0.0,0.08,100.0,0.08,100.0,0.0,0.0,0.0,14.0,0.23,0.08,22.37,87.07,11.03,76.55,0.0,0.0,9.05,98.32,15.82,97.6,6.47,62.35,26.61,41.02,0.0,0.0,0.0,0.0,0.0,0.0,0.0,0.76,20.0,0.0,0.0,0.0,0.0,0.0,0.0,5.33,58.57,20,1.52,72,5.48,2,72.22,23.29,1.77,3.29,0.25,0.0,1.52,0.61,,,,0.0,0,0
D. Mitov Nilsson,IFK Norrköping,IFK Norrköping,GK,35,200000,2027-12-31,25,2471,0,0.0,1,0.1,0.76,90.48,Sweden,"Sweden, North Macedonia",right,191,87,no,1.17,0.04,100.0,0.51,92.86,0.0,0.0,0.0,1.13,1.37,0.0,2,0.07,0,0.0,0.0,0.0,0,0.0,0.0,0,0.0,0,0.0,0.0,0.0,0.04,0.0,0.0,0.0,0.0,0.0,0.0,0.0,0.0,0.0,0.15,100.0,0.0,0.0,0.0,12.64,0.25,0.15,18.21,84.4,11.25,77.35,0.0,0.0,6.08,96.41,10.34,96.83,7.87,68.06,32.61,46.9,0.0,0.04,0.0,0.0,0.0,0.0,0.04,2.22,65.57,0.0,0.0,0.04,0.0,0.0,0.0,6.52,73.74,34,1.24,110,4.01,7,69.09,28.74,1.05,-5.26,-0.192,0.0,1.46,0.51,,,,0.0,0,0
E. Binaku,,GAIS,LB,30,200000,,2,23,0,0.0,0,0.15,,,Sweden,"Sweden, Albania",left,182,74,no,,,,,,,0.0,,,5.0,,0,,0,,,,0,,,0,,0,,,0.0,,,,,,,,,,,,,,,,,,,,,,,,,,,,,,,11.7,16.56,,,,,,,,,,,,,,,,,,0,,0,,0,0.0,0.0,,,,,,,,,,,0,0
I. Jönsson,Egersund,Västerås SK,"LCB, CB, RCB",27,200000,2027-12-31,15,578,1,0.27,0,0.0,15.88,59.8,Sweden,Sweden,right,194,85,no,9.5,4.98,71.88,7.32,59.57,0.47,0.6,0.78,5.45,7.0,1.09,1,0.16,0,0.0,0.47,0.16,1,0.16,0.04,0,0.0,4,0.62,75.0,25.0,0.0,0.16,0.0,0.0,0.0,0.16,0.0,0.0,0.47,0.0,1.25,25.0,2.02,0.62,0.0,18.69,0.62,0.62,28.18,88.95,9.81,77.78,2.18,92.86,13.86,97.75,27.4,89.77,0.78,60.0,15.23,9.09,0.0,0.0,0.0,0.0,0.0,0.0,0.0,3.58,78.26,0.0,0.0,0.0,0.0,0.62,0.0,3.74,66.67,0,,0,,0,0.0,0.0,0.0,,,0.78,,,0.0,0.0,0.0,0.0,0,0
S. Ngouali,Brommapojkarna,Brommapojkarna,"LDMF, LCMF, RDMF",34,200000,,9,819,0,0.4,0,0.19,15.93,50.34,Sweden,"Sweden, Gabon",right,175,73,no,11.87,6.92,58.73,1.54,42.86,0.33,0.37,1.32,7.47,8.33,1.43,1,0.11,0,0.0,1.32,0.0,0,0.0,0.04,0,0.0,6,0.66,16.67,0.0,0.0,0.66,83.33,0.44,75.0,0.22,100.0,0.0,1.1,60.0,5.16,46.81,0.55,0.44,0.0,38.68,0.11,1.87,53.85,88.16,17.47,76.73,9.45,100.0,17.47,90.57,46.81,91.78,6.37,62.07,17.51,31.71,0.02,0.44,0.11,0.0,0.11,0.0,0.0,8.57,76.92,1.76,68.75,0.77,71.43,0.66,0.55,8.79,81.25,0,,0,,0,0.0,0.0,0.0,,,0.33,,,0.0,0.0,0.0,0.0,0,0
F. Mrozek,Cincinnati,Brommapojkarna,GK,22,200000,2026-12-31,5,503,0,0.0,0,0.0,0.89,60.0,Poland,Poland,right,192,83,yes,0.54,0.36,0.0,0.54,100.0,0.0,0.0,0.0,0.54,0.61,0.0,0,0.0,0,0.0,0.0,0.0,0,0.0,0.0,0,0.0,0,0.0,0.0,0.0,0.0,0.0,0.0,0.0,0.0,0.0,0.0,0.0,0.0,0.0,0.0,0.0,0.0,0.0,0.0,9.66,0.0,0.0,14.85,79.52,7.34,60.98,0.0,0.0,6.8,100.0,9.13,98.04,5.73,50.0,31.85,47.36,0.0,0.0,0.0,0.0,0.0,0.0,0.0,1.43,37.5,0.36,0.0,0.0,0.0,0.0,0.0,3.94,68.18,12,2.15,29,5.19,0,58.62,9.16,1.64,-2.84,-0.508,0.0,1.25,0.54,,,,0.0,0,0
S. Ylätupa,Gnistan,Kalmar,"LAMF, LWF, CF",26,200000,,8,193,0,0.0,0,0.0,21.45,19.57,Finland,Finland,left,170,67,no,1.87,5.13,36.36,1.4,0.0,0.0,0.0,0.0,0.0,0.0,2.8,1,0.47,0,0.0,0.47,0.0,0,0.0,0.0,0,0.0,0,0.0,0.0,0.0,0.0,2.8,0.0,2.8,0.0,0.0,0.0,0.0,4.2,11.11,12.59,14.81,2.8,0.47,0.0,13.52,2.33,1.4,19.59,69.05,3.26,85.71,8.39,83.33,2.33,60.0,16.32,82.86,0.47,0.0,15.07,4.13,0.0,0.0,0.0,0.0,0.0,0.0,0.0,0.0,0.0,0.93,50.0,0.0,0.0,0.93,0.0,1.4,0.0,0,,0,,0,0.0,0.0,0.0,,,0.47,,,0.47,0.0,0.0,0.47,0,0
W. Kenndal,Örgryte,Värnamo,"RCMF, LCMF",30,175000,2027-12-31,4,152,0,0.0,0,0.0,10.07,70.59,Sweden,Sweden,right,173,65,no,4.14,3.55,66.67,0.0,0.0,0.0,0.0,0.0,1.78,2.2,0.59,0,0.0,0,0.0,1.18,0.0,0,0.0,0.0,0,0.0,0,0.0,0.0,0.0,0.0,0.0,0.0,0.0,0.0,0.0,0.0,0.0,1.18,50.0,5.33,66.67,0.0,1.78,0.59,48.55,0.0,2.96,65.13,88.18,24.28,75.61,8.29,100.0,24.87,97.62,58.62,91.92,6.51,54.55,17.13,25.14,0.0,1.18,0.0,0.0,0.59,100.0,0.0,12.43,85.71,1.18,50.0,2.37,50.0,0.59,0.0,11.84,65.0,0,,0,,0,0.0,0.0,0.0,,,0.0,,,0.59,0.0,0.0,0.0,0,0
A. Murbeck,Landskrona,Sirius,"RCB, CB",28,175000,2026-12-31,16,549,0,0.09,0,0.0,18.36,58.04,Sweden,"Sweden, Denmark",right,192,92,no,6.56,4.92,60.0,6.56,57.5,0.0,0.0,0.82,3.61,5.2,1.97,3,0.49,0,0.0,0.0,0.0,0,0.0,0.01,0,0.0,1,0.16,0.0,0.0,0.0,0.0,0.0,0.0,0.0,0.0,0.0,0.0,0.0,0.0,1.48,22.22,0.82,0.0,0.0,26.07,0.33,0.82,36.07,90.91,10.33,77.78,2.79,94.12,20.16,97.56,33.61,92.68,2.46,66.67,13.19,16.88,0.0,0.0,0.0,0.0,0.0,0.0,0.0,1.15,71.43,0.0,0.0,0.0,0.0,0.0,0.0,4.59,60.71,0,,0,,0,0.0,0.0,0.0,,,1.97,,,0.0,0.0,0.0,0.0,0,0
L. Hägg-Johansson,Elfsborg,Brommapojkarna,GK,32,175000,2026-12-31,8,777,0,0.0,0,0.0,0.58,100.0,Sweden,Sweden,right,189,79,no,1.16,0.0,0.0,0.58,100.0,0.0,0.0,0.0,1.16,1.29,0.0,0,0.0,0,0.0,0.0,0.0,0,0.0,0.0,0,0.0,0,0.0,0.0,0.0,0.0,0.0,0.0,0.0,0.0,0.0,0.0,0.0,0.0,0.0,0.0,0.0,0.0,0.0,0.0,11.12,0.35,0.12,15.75,77.94,8.46,63.01,0.0,0.0,6.02,94.23,9.15,96.2,6.6,52.63,30.31,46.42,0.0,0.0,0.0,0.0,0.0,0.0,0.0,1.51,53.85,0.0,0.0,0.12,0.0,0.0,0.0,4.4,68.42,10,1.16,33,3.82,2,69.7,6.46,0.75,-3.54,-0.41,0.0,1.51,0.58,,,,0.0,0,0
F. Olsson,Öster,Sirius,"AMF, RCMF, LCMF",27,175000,2027-12-31,15,301,1,1.89,1,0.87,19.14,43.75,Sweden,Sweden,right,188,80,no,3.89,5.08,35.29,4.19,57.14,0.0,0.0,0.0,2.09,3.56,2.69,2,0.6,0,0.0,3.59,0.3,1,0.3,0.57,0,0.0,10,2.99,40.0,10.0,0.3,2.39,50.0,1.2,0.0,1.2,100.0,0.9,2.09,57.14,5.98,50.0,3.59,0.3,0.3,14.05,2.09,2.09,21.53,75.0,5.98,60.0,5.38,100.0,6.58,72.73,18.54,79.03,0.6,50.0,18.2,4.31,0.26,1.2,0.0,0.0,0.6,0.0,0.6,3.89,69.23,1.79,50.0,0.6,0.0,0.6,1.2,4.19,71.43,0,,0,,0,0.0,0.0,0.0,,,0.0,,,0.0,0.0,0.0,0.0,0,0
J. Kindberg,Kalmar,Kalmar,GK,32,150000,2026-12-31,7,593,0,0.0,0,0.0,0.3,100.0,Sweden,Sweden,right,184,80,no,2.73,0.0,0.0,0.15,100.0,0.0,0.0,0.0,2.73,3.09,0.0,0,0.0,0,0.0,0.0,0.0,0,0.0,0.0,0,0.0,0,0.0,0.0,0.0,0.0,0.0,0.0,0.0,0.0,0.0,0.0,0.0,0.0,0.0,0.15,100.0,0.0,0.0,0.0,17.3,0.0,0.15,24.44,89.44,14.42,83.16,0.0,0.0,9.87,98.46,15.78,100.0,8.65,70.18,35.4,50.9,0.0,0.0,0.0,0.0,0.0,0.0,0.0,1.97,53.85,0.15,100.0,0.15,0.0,0.15,0.0,5.46,83.33,15,2.28,36,5.46,1,58.33,13.98,2.12,-1.02,-0.155,0.0,1.52,0.15,,,,0.0,0,0
A. Kristiansen,,IFK Göteborg,GK,36,150000,,1,64,0,0.0,0,0.0,1.41,100.0,Norway,Norway,right,183,81,no,0.0,0.0,0.0,1.41,100.0,0.0,0.0,0.0,0.0,0.0,0.0,0,0.0,0,0.0,0.0,0.0,0,0.0,0.0,0,0.0,0,0.0,0.0,0.0,0.0,0.0,0.0,0.0,0.0,0.0,0.0,0.0,0.0,0.0,0.0,0.0,0.0,0.0,0.0,15.47,0.0,1.41,25.31,88.89,23.91,88.24,0.0,0.0,1.41,100.0,8.44,100.0,16.88,83.33,38.48,50.64,0.0,0.0,0.0,0.0,0.0,0.0,0.0,8.44,66.67,0.0,0.0,4.22,100.0,0.0,0.0,12.66,100.0,4,5.63,8,11.25,0,50.0,2.8,3.93,-1.2,-1.688,0.0,2.81,1.41,,,,0.0,0,0
H. Radetinac,Åtvidaberg,Djurgården,"LAMF, RW, RB",40,150000,,17,635,0,0.37,1,0.43,22.11,48.08,Bosnia and Herzegovina,"Bosnia and Herzegovina, Sweden",right,187,73,no,8.08,6.24,68.18,3.69,46.15,0.57,0.78,0.28,3.26,4.51,0.85,2,0.28,0,0.0,1.42,0.0,0,0.0,0.05,0,0.0,5,0.71,20.0,0.0,0.14,0.85,0.0,0.14,0.0,0.71,0.0,0.0,1.7,58.33,7.51,37.74,2.55,1.42,0.0,20.41,1.56,1.28,30.76,79.72,9.07,75.0,6.66,91.49,8.93,79.37,27.64,85.13,2.27,43.75,17.24,13.44,0.06,1.42,0.0,0.14,0.28,100.0,0.28,3.12,77.27,1.7,41.67,0.14,100.0,0.99,0.0,5.53,79.49,0,,0,,0,0.0,0.0,0.0,,,0.14,,,0.0,0.0,0.0,0.0,0,0
F. Winsth,,Värnamo,"RB, RWB",36,150000,,20,1436,0,0.0,0,1.26,13.41,55.14,Sweden,Sweden,right,176,67,no,9.34,7.33,64.1,1.44,56.52,0.69,0.78,0.25,3.95,4.46,0.94,1,0.06,0,0.0,1.0,0.0,0,0.0,0.0,0,0.0,0,0.0,0.0,0.0,0.0,1.94,35.48,0.0,0.0,1.94,35.48,0.06,0.31,80.0,2.07,48.48,0.81,1.0,0.06,29.83,0.56,0.88,41.68,76.69,17.17,68.25,6.96,91.89,10.22,82.21,35.72,82.63,4.32,46.38,17.4,27.74,0.08,0.63,0.06,0.0,0.19,33.33,0.06,5.01,71.25,2.26,44.44,0.5,37.5,0.81,0.5,8.21,65.65,0,,0,,0,0.0,0.0,0.0,,,0.44,,,0.0,0.0,0.0,0.63,0,0
E. Bećirović,Marko,GAIS,"CF, LWF, RWF",26,150000,2027-06-30,17,502,1,1.72,0,0.33,19.54,36.7,Sweden,Sweden,right,181,76,no,6.27,7.35,48.78,2.87,18.75,0.18,0.21,0.18,2.51,2.94,1.97,1,0.18,0,0.0,3.05,0.18,1,0.18,0.31,0,0.0,10,1.79,40.0,10.0,0.0,2.87,43.75,0.54,0.0,2.33,53.85,0.9,1.61,66.67,5.56,35.48,4.3,1.79,0.9,10.94,0.9,1.25,13.8,71.43,2.15,33.33,4.84,96.3,3.41,63.16,10.4,82.76,0.72,0.0,13.82,8.86,0.06,0.54,0.0,0.0,0.0,0.0,0.18,0.54,33.33,1.25,42.86,0.0,0.0,0.36,1.43,2.51,57.14,0,,0,,0,0.0,0.0,0.0,,,0.18,,,0.0,0.0,0.0,0.0,0,0
A. Calisir,,Brommapojkarna,"CB, RCB, LCB",36,150000,,24,1592,0,0.52,0,0.13,14.53,56.42,Sweden,"Sweden, Armenia",right,187,76,no,11.25,7.18,70.08,2.88,50.98,0.23,0.25,0.73,5.99,6.65,1.13,3,0.17,0,0.0,0.17,0.0,0,0.0,0.03,0,0.0,6,0.34,16.67,0.0,0.0,0.11,0.0,0.0,0.0,0.11,0.0,0.0,0.23,50.0,2.15,31.58,0.51,0.34,0.11,37.37,0.34,0.45,50.71,92.08,12.72,79.56,5.54,94.9,26.34,97.64,46.47,94.53,4.18,66.22,18.84,29.64,0.01,0.17,0.0,0.0,0.0,0.0,0.06,4.69,75.9,0.57,50.0,0.17,33.33,0.4,0.0,5.94,71.43,0,,0,,0,0.0,0.0,0.0,,,1.13,,,0.0,0.0,0.0,0.0,0,0
L. Zuta,Slaven Belupo,Brommapojkarna,"LWB, LB, LCB",33,150000,2026-12-31,8,121,0,0.0,0,0.15,13.39,66.67,Sweden,"Sweden, North Macedonia",left,183,72,no,5.21,7.44,70.0,2.98,75.0,0.0,0.0,0.0,0.0,0.0,1.49,0,0.0,0,0.0,3.72,0.0,0,0.0,0.0,0,0.0,0,0.0,0.0,0.0,0.0,4.46,50.0,4.46,50.0,0.0,0.0,0.74,1.49,100.0,2.23,66.67,0.74,1.49,0.0,27.52,2.23,0.0,32.73,86.36,9.67,76.92,8.18,100.0,9.67,76.92,26.78,94.44,2.23,66.67,17.19,11.71,0.11,0.74,0.74,0.0,0.0,0.0,0.74,2.98,75.0,4.46,33.33,0.74,0.0,0.74,1.49,5.21,71.43,0,,0,,0,0.0,0.0,0.0,,,0.0,,,0.0,0.0,0.0,1.49,0,0
E. Holten,Hansa Rostock,Elfsborg,"CF, RWF",29,150000,2028-12-31,8,489,2,1.77,0,0.01,24.66,35.07,Denmark,Denmark,right,195,84,no,4.23,3.68,55.0,11.96,35.38,0.0,0.0,0.18,2.21,2.57,1.29,0,0.0,0,0.0,1.47,0.37,2,0.37,0.33,0,0.0,8,1.47,62.5,25.0,0.0,0.55,0.0,0.0,0.0,0.55,0.0,0.0,1.1,50.0,4.42,33.33,3.13,0.18,0.0,14.54,3.68,0.74,17.67,64.58,2.94,43.75,4.23,95.65,6.44,68.57,16.2,64.77,0.92,100.0,16.01,17.4,0.0,0.18,0.0,0.0,0.0,0.0,0.0,2.76,53.33,1.47,25.0,0.0,0.0,0.18,0.0,1.47,50.0,0,,0,,0,0.0,0.0,0.0,,,0.0,,,0.0,0.0,0.0,0.0,0,0
D. Čelić,Sirius,Sirius,GK,23,150000,2027-12-31,1,100,0,0.0,0,0.0,0.9,100.0,Sweden,"Sweden, Croatia",right,188,83,no,0.9,0.0,0.0,0.9,100.0,0.0,0.0,0.0,0.9,1.5,0.0,0,0.0,0,0.0,0.0,0.0,0,0.0,0.0,0,0.0,0,0.0,0.0,0.0,0.0,0.0,0.0,0.0,0.0,0.0,0.0,0.0,0.0,0.0,0.0,0.0,0.0,0.0,0.0,10.8,0.0,0.0,15.3,94.12,8.1,88.89,0.0,0.0,7.2,100.0,9.9,100.0,4.5,80.0,31.88,43.87,0.0,0.0,0.0,0.0,0.0,0.0,0.0,1.8,100.0,0.0,0.0,0.0,0.0,0.0,0.0,4.5,80.0,2,1.8,3,2.7,0,33.33,1.42,1.28,-0.58,-0.522,0.0,1.8,0.9,,,,0.0,0,0
A. Johansson,,Halmstad,"CB, RCB",44,125000,,17,1565,0,0.17,0,0.0,8.86,52.6,Sweden,Sweden,right,184,78,no,9.95,4.03,57.14,2.19,44.74,0.12,0.11,1.09,7.53,7.37,0.4,1,0.06,0,0.0,0.29,0.0,0,0.0,0.01,0,0.0,3,0.17,0.0,0.0,0.0,0.17,33.33,0.06,0.0,0.12,50.0,0.0,0.23,100.0,0.92,62.5,0.12,0.58,0.12,29.56,0.12,0.35,43.42,89.14,14.78,81.71,1.38,100.0,23.69,95.15,38.76,92.58,4.49,61.54,20.75,33.72,0.0,0.0,0.0,0.0,0.0,0.0,0.0,4.26,72.97,0.52,55.56,0.29,80.0,0.29,0.06,5.87,62.75,0,,0,,0,0.0,0.0,0.0,,,1.21,,,0.0,0.0,0.0,0.0,0,0
A. Lundin,Mjällby,Mjällby,GK,33,125000,2026-12-31,4,349,0,0.0,0,0.0,1.55,83.33,Sweden,Sweden,right,187,86,no,1.55,0.0,0.0,1.03,100.0,0.0,0.0,0.0,1.55,1.82,0.0,0,0.0,0,0.0,0.26,0.0,0,0.0,0.0,0,0.0,0,0.0,0.0,0.0,0.0,0.0,0.0,0.0,0.0,0.0,0.0,0.0,0.52,50.0,0.52,50.0,0.0,0.0,0.0,13.67,0.26,0.0,23.47,78.02,15.21,72.88,0.0,0.0,7.22,89.29,14.44,92.86,8.77,55.88,29.21,46.84,0.0,0.0,0.0,0.0,0.0,0.0,0.0,2.84,27.27,0.0,0.0,0.0,0.0,0.0,0.0,7.48,65.52,6,1.55,13,3.35,0,53.85,4.35,1.12,-1.65,-0.426,0.0,2.32,1.03,,,,0.0,0,0
M. Çelik,,GAIS,LWF,36,125000,,26,1500,0,2.56,2,1.32,16.68,35.25,Sweden,"Sweden, Türkiye",right,178,68,no,4.98,5.16,50.0,2.28,26.32,0.66,0.73,0.12,1.74,1.92,1.56,1,0.06,0,0.0,2.22,0.0,0,0.0,0.15,0,0.0,28,1.68,39.29,0.0,0.12,1.98,30.3,1.86,29.03,0.12,50.0,0.24,2.64,36.36,7.02,28.21,2.94,1.26,0.18,12.6,1.44,0.72,18.96,81.01,4.2,65.71,7.08,96.61,4.44,71.62,15.96,89.85,1.08,44.44,15.87,17.28,0.08,0.78,0.0,0.06,0.06,0.0,0.36,1.44,70.83,2.28,39.47,0.18,0.0,0.78,0.6,2.46,73.17,0,,0,,0,0.0,0.0,0.0,,,0.0,,,0.12,0.06,100.0,0.42,0,0
Ü. Aras,Sollentuna,Västerås SK,"RCB, LCB",31,125000,,1,49,0,0.0,0,0.0,12.86,57.14,Sweden,Sweden,right,183,78,no,14.69,3.67,50.0,1.84,0.0,0.0,0.0,1.84,12.86,14.0,0.0,0,0.0,0,0.0,1.84,0.0,0,0.0,0.0,0,0.0,0,0.0,0.0,0.0,0.0,0.0,0.0,0.0,0.0,0.0,0.0,0.0,1.84,100.0,3.67,50.0,1.84,1.84,0.0,23.88,1.84,3.67,33.06,94.44,12.86,85.71,5.51,100.0,12.86,100.0,29.39,100.0,3.67,50.0,20.07,41.93,0.0,0.0,0.0,0.0,0.0,0.0,0.0,5.51,66.67,0.0,0.0,0.0,0.0,0.0,0.0,3.67,100.0,0,,0,,0,0.0,0.0,0.0,,,1.84,,,0.0,0.0,0.0,0.0,0,0
M. Olsson,,Halmstad,LCB,38,100000,,22,1674,1,0.8,0,0.02,11.29,52.38,Sweden,Sweden,left,180,68,no,6.83,4.09,67.11,4.52,44.05,0.0,0.0,0.43,4.09,3.97,0.7,4,0.22,0,0.0,0.48,0.05,1,0.05,0.04,0,0.0,14,0.75,42.86,7.143,0.0,0.38,14.29,0.32,16.67,0.0,0.0,0.0,0.05,100.0,0.91,35.29,0.86,0.22,0.0,27.2,0.43,0.38,38.87,86.72,15.38,73.08,2.47,100.0,17.37,96.9,33.06,92.36,5.43,57.43,22.03,36.18,0.0,0.05,0.0,0.0,0.05,100.0,0.0,5.54,59.22,0.75,28.57,0.38,57.14,0.16,0.0,6.83,73.23,0,,0,,0,0.0,0.0,0.0,,,1.13,,,0.05,0.0,0.0,0.0,0,0
J. Lindberg,GAIS,GAIS,"LCMF, RCMF",37,100000,2026-12-31,20,643,2,1.66,1,1.36,21.98,38.85,Sweden,Sweden,left,177,70,no,7.7,7.56,53.7,2.38,23.53,0.56,0.69,0.14,3.08,3.82,2.38,4,0.56,0,0.0,2.52,0.28,2,0.28,0.23,1,0.14,20,2.8,30.0,10.0,0.14,3.22,21.74,2.24,18.75,0.84,33.33,0.56,2.66,26.32,8.12,36.21,3.08,0.98,0.14,35.27,0.84,1.82,44.23,80.06,13.3,70.53,7.14,98.04,15.12,79.63,37.51,89.55,3.5,32.0,17.6,24.49,0.19,1.82,0.14,0.0,0.42,66.67,0.98,7.42,58.49,4.2,50.0,0.98,57.14,1.4,0.98,6.44,76.09,0,,0,,0,0.0,0.0,0.0,,,0.14,,,1.4,0.14,0.0,1.4,0,0
Pedro Ribeiro,Skiljebo,Västerås SK,"LCMF, RCMF, LCB",36,100000,2027-12-31,25,552,1,1.4,0,0.92,22.34,51.82,Brazil,"Brazil, Sweden",left,193,94,no,10.92,6.68,75.61,5.38,54.55,0.33,0.5,0.98,5.54,8.5,0.98,1,0.16,0,0.0,2.93,0.16,1,0.16,0.23,0,0.0,7,1.14,57.14,14.286,0.0,1.96,33.33,1.47,44.44,0.49,0.0,0.16,1.96,75.0,7.17,31.82,1.14,1.47,0.33,29.35,1.3,0.49,44.84,81.82,17.61,77.78,4.08,92.0,16.3,85.0,39.62,86.42,3.42,57.14,16.22,12.82,0.15,1.63,0.0,0.0,0.16,100.0,0.49,7.66,80.85,2.28,57.14,0.33,50.0,0.98,0.65,9.29,73.68,0,,0,,0,0.0,0.0,0.0,,,0.65,,,0.0,0.0,0.0,0.16,0,0
H. Karlsson,Brommapojkarna,Brommapojkarna,"LCB, CB",22,100000,2026-12-31,13,950,0,0.6,1,0.33,9.09,59.38,Iceland,Iceland,right,174,73,no,7.39,2.75,58.62,3.13,57.58,0.09,0.1,0.85,5.68,6.08,0.19,0,0.0,0,0.0,0.28,0.0,0,0.0,0.06,0,0.0,2,0.19,50.0,0.0,0.09,0.28,0.0,0.19,0.0,0.09,0.0,0.09,0.09,100.0,1.04,72.73,0.47,0.0,0.0,39.32,0.38,0.66,50.97,91.08,16.86,83.15,1.61,100.0,28.33,95.99,42.92,96.25,7.77,65.85,21.09,31.72,0.03,0.28,0.09,0.09,0.09,100.0,0.09,3.79,65.0,0.85,66.67,0.38,75.0,0.47,0.0,8.05,71.76,0,,0,,0,0.0,0.0,0.0,,,1.14,,,0.0,0.0,0.0,0.0,0,0
Y. Agnero,Lech Poznań,Halmstad,CF,23,100000,2030-06-30,11,766,4,2.18,0,0.3,37.13,26.58,Côte d'Ivoire,Côte d'Ivoire,right,184,75,no,3.64,5.29,44.44,8.11,34.78,0.47,0.48,0.0,0.82,0.83,3.17,3,0.35,0,0.0,2.23,0.47,4,0.47,0.26,0,0.0,20,2.35,35.0,20.0,0.0,0.35,66.67,0.35,66.67,0.0,0.0,0.12,4.11,28.57,16.45,20.71,2.7,1.53,0.12,6.58,2.0,2.0,9.52,72.84,2.11,61.11,2.11,83.33,2.94,64.0,8.46,76.39,0.82,28.57,16.99,17.56,0.04,0.47,0.0,0.12,0.0,0.0,0.12,0.94,37.5,0.23,100.0,0.0,0.0,0.23,0.23,1.17,80.0,0,,0,,0,0.0,0.0,0.0,,,0.0,,,0.0,0.0,0.0,0.0,0,0
T. Hartzell,Ansan Greeners,Västerås SK,LWF,24,50000,,1,39,0,0.0,0,0.0,,,Sweden,Sweden,right,194,0,no,,,,,,,0.0,,,6.0,,0,,0,,,,0,,,0,,0,,,0.0,,,,,,,,,,,,,,,,,,,,,,,,,,,,,,,20.52,39.35,,,,,,,,,,,,,,,,,,0,,0,,0,0.0,0.0,,,,,,,,,,,0,0
J. Johansson,Norrby,Västerås SK,"LWF, LWB",26,50000,,2,43,0,0.03,0,0.11,,,Sweden,Sweden,right,176,70,no,,,,,,,0.0,,,3.75,,0,,0,,,,0,,,0,,1,,,0.0,,,,,,,,,,,,,,,,,,,,,,,,,,,,,,,19.6,58.53,,,,,,,,,,,,,,,,,,0,,0,,0,0.0,0.0,,,,,,,,,,,0,0
M. Vetkal,Dordrecht,Brommapojkarna,"RCMF, LCMF, LAMF",22,50000,2028-06-30,3,185,0,0.64,0,0.0,21.41,29.55,Estonia,Estonia,right,181,0,no,4.38,10.7,31.82,0.97,50.0,0.0,0.0,0.0,0.97,0.97,1.46,0,0.0,0,0.0,1.95,0.0,0,0.0,0.31,0,0.0,2,0.97,50.0,0.0,0.0,0.97,50.0,0.0,0.0,0.97,50.0,0.0,3.41,28.57,5.35,18.18,1.46,0.97,0.0,20.92,0.97,0.49,29.68,80.33,6.32,61.54,8.76,100.0,10.7,81.82,27.24,82.14,1.46,66.67,19.32,26.56,0.0,0.0,0.0,0.0,0.0,0.0,0.0,3.89,37.5,0.97,100.0,0.49,0.0,0.49,0.49,2.43,80.0,0,,0,,0,0.0,0.0,0.0,,,0.0,,,0.0,0.0,0.0,0.0,0,0
A. Manneh,Avarta,Mjällby,"CF, AMF",24,0,,3,47,0,0.42,0,0.0,38.3,45.0,Gambia,Gambia,right,0,0,no,13.4,13.4,57.14,1.91,0.0,1.91,2.14,1.91,3.83,4.29,1.91,1,1.91,0,0.0,9.57,0.0,0,0.0,0.81,0,0.0,3,5.74,100.0,0.0,0.0,1.91,0.0,0.0,0.0,1.91,0.0,0.0,7.66,50.0,17.23,44.44,7.66,0.0,3.83,17.23,3.83,1.91,22.98,66.67,0.0,0.0,9.57,100.0,5.74,0.0,19.15,70.0,1.91,100.0,12.65,15.12,0.0,0.0,0.0,0.0,0.0,0.0,0.0,0.0,0.0,3.83,0.0,0.0,0.0,0.0,0.0,0.0,0.0,0,,0,,0,0.0,0.0,0.0,,,1.91,,,0.0,0.0,0.0,0.0,0,0
E. Frost Holten,Elfsborg,Elfsborg,RWF,28,0,,1,64,0,0.13,0,0.0,19.69,35.71,Denmark,Denmark,,195,78,no,2.81,2.81,50.0,15.47,36.36,0.0,0.0,0.0,1.41,1.58,1.41,0,0.0,0,0.0,0.0,0.0,0,0.0,0.18,0,0.0,1,1.41,0.0,0.0,0.0,0.0,0.0,0.0,0.0,0.0,0.0,0.0,0.0,0.0,0.0,0.0,4.22,0.0,0.0,12.66,4.22,0.0,11.25,75.0,2.81,100.0,2.81,100.0,4.22,66.67,9.84,71.43,1.41,100.0,13.46,21.49,0.0,0.0,0.0,0.0,0.0,0.0,0.0,1.41,100.0,0.0,0.0,0.0,0.0,0.0,0.0,0.0,0.0,0,,0,,0,0.0,0.0,0.0,,,0.0,,,0.0,0.0,0.0,0.0,0,0
T. Boakye,Ängelholm,Halmstad,"LB, CF",33,0,,5,111,0,0.0,0,0.0,11.35,7.14,Ghana,Ghana,right,172,74,no,6.49,8.11,10.0,0.0,0.0,0.0,0.0,0.81,5.68,6.56,1.62,0,0.0,0,0.0,0.0,0.0,0,0.0,0.0,0,0.0,0,0.0,0.0,0.0,0.0,0.81,0.0,0.81,0.0,0.0,0.0,0.0,0.0,0.0,1.62,0.0,0.0,0.0,0.0,12.16,2.43,0.0,14.59,77.78,6.49,62.5,3.24,100.0,3.24,75.0,11.35,85.71,2.43,66.67,20.12,21.73,0.0,0.0,0.0,0.0,0.0,0.0,0.0,0.81,100.0,0.81,0.0,0.0,0.0,0.0,0.0,1.62,100.0,0,,0,,0,0.0,0.0,0.0,,,0.0,,,0.0,0.0,0.0,0.0,0,0
Ricardo Friedrich,Malmö FF,Malmö FF,GK,33,0,2026-12-31,10,976,0,0.0,0,0.0,0.09,100.0,Brazil,"Brazil, Germany",right,188,83,no,1.29,0.0,0.0,0.0,0.0,0.0,0.0,0.0,1.29,2.03,0.0,0,0.0,0,0.0,0.0,0.0,0,0.0,0.0,0,0.0,0,0.0,0.0,0.0,0.0,0.0,0.0,0.0,0.0,0.0,0.0,0.0,0.0,0.0,0.0,0.0,0.0,0.0,0.09,11.62,0.18,0.09,18.9,89.27,9.13,84.85,0.0,0.0,8.85,93.75,12.91,97.14,5.9,73.44,28.54,44.68,0.0,0.0,0.0,0.0,0.0,0.0,0.0,0.83,44.44,0.09,0.0,0.0,0.0,0.0,0.0,3.41,70.27,11,1.01,37,3.41,4,70.27,10.66,0.98,-0.34,-0.031,0.0,0.83,0.0,,,,0.0,0,0
I. Inzoudine,,Kalmar,LB,29,0,,4,118,0,0.0,0,0.0,16.78,59.09,France,France,left,175,70,no,12.2,6.1,87.5,0.0,0.0,0.76,0.94,0.0,6.1,7.5,0.76,1,0.76,0,0.0,2.29,0.0,0,0.0,0.0,0,0.0,0,0.0,0.0,0.0,0.0,2.29,33.33,2.29,33.33,0.0,0.0,0.0,4.58,33.33,5.34,42.86,0.0,0.76,0.0,21.36,0.76,1.53,31.27,92.68,3.05,100.0,12.2,100.0,12.2,87.5,28.98,97.37,0.0,0.0,18.94,0.0,0.0,0.76,0.0,0.0,0.0,0.0,0.0,0.76,100.0,2.29,33.33,0.0,0.0,0.0,0.76,3.05,75.0,0,,0,,0,0.0,0.0,0.0,,,0.76,,,0.0,0.0,0.0,0.0,0,0
D. Hümmet,Gamba Osaka,Djurgården,CF,29,0,2027-06-30,30,2484,14,8.12,4,1.47,14.17,31.71,Sweden,"Sweden, Türkiye",right,189,80,no,3.3,2.61,63.89,3.04,21.43,0.04,0.05,0.14,1.59,1.99,0.62,1,0.04,0,0.0,1.63,0.51,13,0.47,0.29,2,0.07,59,2.14,47.46,23.729,0.14,0.4,27.27,0.22,33.33,0.14,0.0,0.11,1.34,35.14,5.69,24.84,2.75,0.36,0.18,10.04,1.49,0.76,15.0,84.54,3.19,69.32,4.2,93.97,3.99,87.27,13.8,86.09,0.8,86.36,15.84,19.31,0.05,0.36,0.04,0.0,0.07,50.0,0.14,1.23,79.41,0.72,55.0,0.11,66.67,0.43,0.14,1.81,78.0,0,,0,,0,0.0,0.0,0.0,,,0.04,,,0.07,0.0,0.0,0.04,1,100
M. Koliqi,Utsikten,IFK Göteborg,RW,19,0,,1,22,0,0.0,0,0.0,,,Albania,Albania,right,172,0,no,,,,,,,0.0,,,0.0,,0,,0,,,,0,,,0,,0,,,0.0,,,,,,,,,,,,,,,,,,,,,,,,,,,,,,,10.89,0.0,,,,,,,,,,,,,,,,,,0,,0,,0,0.0,0.0,,,,,,,,,,,0,0
L. Beqiri,Falkenberg,IFK Göteborg,"LAMF, RWF, RW",20,0,2029-12-31,4,54,0,0.13,0,0.0,20.0,58.33,Sweden,"Sweden, Kosovo",right,177,67,no,8.33,6.67,100.0,1.67,0.0,0.0,0.0,0.0,1.67,3.33,0.0,0,0.0,0,0.0,6.67,0.0,0,0.0,0.22,0,0.0,3,5.0,33.33,0.0,0.0,3.33,50.0,0.0,0.0,3.33,50.0,0.0,6.67,50.0,8.33,40.0,3.33,0.0,0.0,10.0,0.0,1.67,8.33,80.0,0.0,0.0,1.67,100.0,1.67,100.0,5.0,100.0,0.0,0.0,8.1,0.0,0.0,0.0,0.0,0.0,0.0,0.0,0.0,0.0,0.0,1.67,100.0,0.0,0.0,0.0,1.67,1.67,100.0,0,,0,,0,0.0,0.0,0.0,,,0.0,,,0.0,0.0,0.0,0.0,0,0
K. Kosugi,Eintracht Frankfurt,Djurgården,"LB, LWB",20,0,2031-06-30,14,1116,1,0.74,0,0.98,18.95,55.32,Japan,Japan,left,168,64,no,9.19,7.34,64.84,2.74,41.18,0.08,0.1,0.16,4.35,5.29,0.89,1,0.08,0,0.0,2.18,0.08,1,0.08,0.06,0,0.0,9,0.73,33.33,11.111,0.0,2.26,35.71,2.18,37.04,0.08,0.0,0.4,2.18,51.85,6.37,45.57,1.05,1.69,0.16,27.82,2.18,1.69,39.11,81.24,15.65,71.65,7.34,96.7,10.08,86.4,32.42,90.3,4.52,39.29,17.65,27.01,0.08,0.56,0.0,0.0,0.0,0.0,0.16,4.6,56.14,1.94,33.33,0.32,0.0,0.08,0.89,7.18,65.17,0,,0,,0,0.0,0.0,0.0,,,0.32,,,0.16,0.0,0.0,0.4,0,0
M. Yalcouyé,Swansea City,IFK Göteborg,"RCMF, LCMF",20,0,2029-06-30,11,1054,1,1.08,0,0.33,28.35,54.82,Côte d'Ivoire,"Côte d'Ivoire, Mali",right,171,69,no,9.14,7.77,70.33,1.71,35.0,0.85,1.12,0.0,2.82,3.68,1.45,3,0.26,0,0.0,5.29,0.09,1,0.09,0.09,1,0.09,10,0.85,50.0,10.0,0.0,2.56,23.33,0.26,0.0,2.31,25.93,0.17,7.43,57.47,16.22,51.58,2.05,2.22,0.94,29.8,0.77,4.44,42.87,85.06,12.55,76.19,8.37,94.9,14.35,87.5,39.28,90.65,1.11,23.08,16.85,20.36,0.03,0.94,0.0,0.0,0.17,0.0,0.09,5.98,72.86,2.99,51.43,0.43,0.0,1.02,0.6,5.46,78.13,0,,0,,0,0.0,0.0,0.0,,,0.51,,,0.0,0.0,0.0,0.09,0,0
L. Bergvall,Tottenham Hotspur,Djurgården,"AMF, RDMF, CF",20,0,2031-06-30,12,991,3,3.92,1,0.86,22.16,43.03,Sweden,Sweden,right,186,74,no,5.81,5.99,56.06,2.63,44.83,0.54,0.67,0.0,1.91,2.36,1.0,2,0.18,0,0.0,3.72,0.27,3,0.27,0.36,1,0.09,29,2.63,34.48,10.345,0.09,0.82,44.44,0.18,0.0,0.64,57.14,0.18,3.54,56.41,10.53,38.79,2.18,2.54,1.45,31.51,0.45,1.36,40.96,90.02,9.45,83.65,10.17,94.64,14.53,91.88,37.69,91.81,2.45,77.78,16.69,38.52,0.08,0.45,0.18,0.09,0.64,71.43,0.09,4.45,89.8,1.91,76.19,0.73,75.0,1.09,0.27,4.27,91.49,0,,0,,0,0.0,0.0,0.0,,,0.27,,,0.18,0.09,100.0,0.0,0,0
E. Bishesari,IFK Göteborg,IFK Göteborg,GK,21,0,2027-12-31,16,1551,0,0.0,0,0.0,0.99,76.47,Sweden,"Sweden, Iran",left,0,0,no,1.68,0.17,33.33,0.7,91.67,0.0,0.0,0.0,1.62,2.12,0.0,1,0.06,0,0.0,0.0,0.0,0,0.0,0.0,0,0.0,0,0.0,0.0,0.0,0.0,0.0,0.0,0.0,0.0,0.0,0.0,0.0,0.0,0.0,0.06,100.0,0.0,0.0,0.0,17.93,0.12,0.23,26.34,90.97,12.71,82.19,0.0,0.0,11.55,98.99,20.14,99.14,6.21,64.49,26.63,46.79,0.0,0.0,0.0,0.0,0.0,0.0,0.0,2.09,41.67,0.17,0.0,0.17,0.0,0.0,0.0,4.29,78.38,22,1.28,67,3.89,5,67.16,19.4,1.13,-2.6,-0.151,0.0,1.68,0.7,,,,0.0,0,0
A. Kujundžić,Värnamo,Kalmar,"RDMF, RCMF",20,0,2027-12-31,2,53,0,0.15,0,0.0,11.89,71.43,Sweden,"Sweden, Croatia",right,0,0,no,11.89,8.49,80.0,0.0,0.0,1.7,2.5,0.0,3.4,5.0,1.7,0,0.0,0,0.0,0.0,0.0,0,0.0,0.26,0,0.0,1,1.7,0.0,0.0,0.0,0.0,0.0,0.0,0.0,0.0,0.0,0.0,0.0,0.0,3.4,50.0,1.7,1.7,0.0,33.96,0.0,1.7,49.25,93.1,16.98,80.0,11.89,100.0,13.58,100.0,47.55,92.86,1.7,100.0,13.11,11.27,0.0,0.0,0.0,0.0,0.0,0.0,0.0,1.7,100.0,0.0,0.0,0.0,0.0,1.7,0.0,6.79,50.0,0,,0,,0,0.0,0.0,0.0,,,0.0,,,0.0,0.0,0.0,0.0,0,0
H. Carneil,Halmstad,IFK Göteborg,LW,23,0,,2,68,0,0.05,0,0.24,25.15,42.11,Sweden,"Sweden, Afghanistan",right,176,74,no,6.62,7.94,83.33,3.97,0.0,0.0,0.0,0.0,0.0,0.0,0.0,0,0.0,1,1.32,1.32,0.0,0,0.0,0.06,0,0.0,1,1.32,0.0,0.0,0.0,3.97,33.33,3.97,33.33,0.0,0.0,0.0,5.29,0.0,10.59,12.5,1.32,0.0,0.0,17.21,1.32,1.32,27.79,52.38,11.91,66.67,5.29,50.0,7.94,33.33,22.5,58.82,1.32,0.0,20.92,35.12,0.32,2.65,0.0,0.0,1.32,0.0,1.32,2.65,0.0,5.29,25.0,1.32,0.0,0.0,1.32,7.94,66.67,0,,0,,0,0.0,0.0,0.0,,,0.0,,,1.32,0.0,0.0,2.65,0,0
D. Krasniqi,Elfsborg,Kalmar,"CF, LWF",22,0,2028-12-31,14,487,0,0.84,1,0.16,24.02,29.23,Sweden,"Sweden, Kosovo",right,184,78,no,4.25,6.1,42.42,4.62,24.0,0.0,0.0,0.0,1.66,2.09,2.22,0,0.0,0,0.0,2.4,0.0,0,0.0,0.16,0,0.0,11,2.03,9.09,0.0,0.18,0.55,33.33,0.18,100.0,0.18,0.0,0.0,4.25,47.83,10.9,28.81,3.14,1.11,0.0,9.06,0.92,0.37,14.05,81.58,3.51,68.42,3.7,85.0,2.77,86.67,13.49,83.56,0.0,0.0,12.22,0.0,0.03,0.37,0.0,0.0,0.0,0.0,0.18,0.74,75.0,0.37,100.0,0.0,0.0,0.37,0.0,2.22,41.67,0,,0,,0,0.0,0.0,0.0,,,0.37,,,0.0,0.0,0.0,0.0,0,0
R. Jansson,Kalmar,Kalmar,"RB, RCB, LB",22,0,2027-08-31,16,931,0,0.0,0,0.01,14.5,53.33,Finland,Finland,right,183,72,no,9.86,8.12,64.29,2.03,42.86,0.1,0.12,0.29,4.54,5.66,0.39,2,0.19,0,0.0,0.87,0.0,0,0.0,0.0,0,0.0,0,0.0,0.0,0.0,0.0,0.68,28.57,0.39,0.0,0.29,66.67,0.1,1.06,63.64,2.8,44.83,0.1,0.97,0.19,43.31,1.55,0.58,54.62,87.43,16.82,76.44,9.96,99.03,18.56,91.67,51.24,91.13,2.9,36.67,17.54,24.77,0.0,0.19,0.0,0.1,0.0,0.0,0.0,4.06,66.67,0.97,20.0,0.19,0.0,0.19,0.1,7.25,60.0,0,,0,,0,0.0,0.0,0.0,,,1.35,,,0.1,0.0,0.0,0.0,0,0
T. Gulliksen,Rapid Wien,Djurgården,"LAMF, AMF, LW",23,0,2029-06-30,26,2169,5,2.87,5,2.47,23.36,41.74,Norway,Norway,right,177,70,no,5.19,7.47,53.89,0.79,10.53,0.25,0.32,0.04,0.91,1.16,1.99,4,0.17,0,0.0,4.15,0.21,5,0.21,0.12,0,0.0,39,1.62,41.03,12.821,0.21,2.66,28.13,1.87,22.22,0.75,44.44,0.46,4.81,54.31,12.53,37.75,2.57,2.78,0.46,25.35,1.54,1.95,33.24,83.4,7.55,78.57,8.63,94.71,10.33,79.12,29.54,89.47,1.12,55.56,17.42,26.59,0.1,1.2,0.04,0.08,0.17,75.0,0.46,2.66,75.0,3.03,54.79,0.29,28.57,1.2,0.71,4.07,79.59,0,,0,,0,0.0,0.0,0.0,,,0.04,,,0.12,0.0,0.0,0.95,0,0
A. Priske,Birmingham City,Djurgården,CF,22,0,2031-06-30,8,525,0,0.54,0,0.13,23.14,39.26,Denmark,Denmark,right,187,79,no,3.26,3.09,61.11,7.03,31.71,0.0,0.0,0.17,1.37,1.68,1.54,3,0.51,0,0.0,0.51,0.0,0,0.0,0.09,0,0.0,6,1.03,0.0,0.0,0.0,0.51,33.33,0.17,0.0,0.34,50.0,0.0,0.51,66.67,6.51,39.47,1.71,0.69,0.0,8.23,1.89,1.54,11.66,73.53,2.4,57.14,3.6,90.48,3.77,72.73,10.97,75.0,0.17,100.0,18.75,7.21,0.02,0.34,0.0,0.0,0.0,0.0,0.0,1.37,75.0,1.2,42.86,0.0,0.0,0.51,0.0,1.37,62.5,0,,0,,0,0.0,0.0,0.0,,,0.0,,,0.0,0.0,0.0,0.0,0,0
S. Dahl,Benfica,Djurgården,LB,23,0,2029-06-30,15,1504,0,0.23,1,3.65,20.11,57.74,Sweden,Sweden,left,174,72,no,12.27,10.05,67.86,1.62,37.04,0.18,0.22,0.12,5.27,6.55,0.6,1,0.06,0,0.0,2.69,0.0,0,0.0,0.01,0,0.0,6,0.36,16.67,0.0,0.06,3.29,36.36,3.05,35.29,0.18,66.67,0.42,2.21,64.86,6.58,50.91,1.38,2.15,0.9,37.7,2.15,1.2,51.46,83.37,17.41,79.04,8.8,91.84,15.8,85.23,45.12,89.39,3.11,44.23,17.63,37.39,0.22,1.38,0.0,0.06,0.06,0.0,0.48,5.68,72.63,3.47,48.28,0.12,0.0,0.78,1.38,9.45,72.78,0,,0,,0,0.0,0.0,0.0,,,0.66,,,0.3,0.06,0.0,1.08,0,0
L. Isa,Norrby,Kalmar,CF,21,0,2027-12-31,3,28,0,0.0,0,0.0,,,Sweden,Sweden,left,0,0,no,,,,,,,0.0,,,0.0,,0,,0,,,,0,,,0,,0,,,0.0,,,,,,,,,,,,,,,,,,,,,,,,,,,,,,,8.65,0.0,,,,,,,,,,,,,,,,,,0,,0,,0,0.0,0.0,,,,,,,,,,,0,0
V. Nilsson,Kalmar,Kalmar,CF,22,0,,1,13,0,0.0,0,0.0,,,Sweden,Sweden,,0,0,no,,,,,,,0.0,,,3.75,,0,,0,,,,0,,,0,,0,,,0.0,,,,,,,,,,,,,,,,,,,,,,,,,,,,,,,8.32,0.0,,,,,,,,,,,,,,,,,,0,,0,,0,0.0,0.0,,,,,,,,,,,0,0
T. Bergvall,Lausanne Sport,Brommapojkarna,"RB, LB",21,0,2029-06-30,10,451,1,0.5,0,0.0,16.36,48.78,Sweden,Sweden,right,185,75,no,10.58,7.78,66.67,1.6,37.5,0.2,0.23,0.2,5.19,6.05,1.2,1,0.2,0,0.0,1.0,0.2,1,0.2,0.1,0,0.0,6,1.2,16.67,16.667,0.0,2.0,0.0,0.2,0.0,1.6,0.0,0.4,2.0,40.0,5.59,25.0,1.6,1.0,0.0,25.94,2.2,0.2,37.52,79.79,11.97,66.67,8.98,100.0,10.58,79.25,33.53,86.9,2.0,40.0,17.3,18.82,0.0,0.0,0.0,0.0,0.0,0.0,0.0,2.99,53.33,2.0,20.0,0.0,0.0,0.2,0.2,5.59,57.14,0,,0,,0,0.0,0.0,0.0,,,0.2,,,0.2,0.0,0.0,0.4,0,0
J. Trenskow,Heerenveen,Kalmar,"RWF, RAMF, CF",25,0,2028-06-30,17,1617,5,4.43,7,4.78,14.53,44.06,Denmark,Denmark,right,178,64,no,4.62,3.9,62.86,1.5,25.93,0.0,0.0,0.11,2.17,2.64,0.5,0,0.0,0,0.0,3.06,0.28,5,0.28,0.25,0,0.0,35,1.95,42.86,14.286,0.39,1.34,33.33,0.56,20.0,0.78,42.86,0.39,2.89,57.69,7.12,41.41,3.01,1.67,0.95,15.47,1.95,0.89,21.04,78.84,4.01,66.67,6.23,92.86,5.96,75.7,19.04,82.75,0.72,61.54,15.02,19.61,0.27,1.22,0.0,0.06,0.22,50.0,0.61,1.0,66.67,1.73,64.52,0.17,33.33,1.22,0.39,2.62,57.45,0,,0,,0,0.0,0.0,0.0,,,0.17,,,0.33,0.0,0.0,1.67,0,0
N. Tolf,IFK Göteborg,IFK Göteborg,"LB, LCMF",20,0,2029-06-30,2,24,0,0.0,0,0.07,,,Sweden,Sweden,,0,0,no,,,,,,,0.0,,,12.0,,0,,0,,,,0,,,0,,0,,,0.0,,,,,,,,,,,,,,,,,,,,,,,,,,,,,,,19.02,27.92,,,,,,,,,,,,,,,,,,0,,0,,0,0.0,0.0,,,,,,,,,,,0,0
V. Osuji,Club Brugge,Kalmar,"LCB, RCB",20,0,2029-06-30,15,1362,1,1.45,0,0.0,16.72,60.08,Nigeria,Nigeria,,0,0,no,10.84,7.47,61.06,3.3,66.0,0.53,0.64,0.59,5.75,6.98,1.19,6,0.4,0,0.0,0.46,0.07,1,0.07,0.1,0,0.0,13,0.86,15.38,7.692,0.0,0.0,0.0,0.0,0.0,0.0,0.0,0.0,0.53,62.5,3.9,55.93,0.79,0.46,0.0,35.55,0.13,1.39,49.36,90.09,18.44,81.72,3.11,95.74,22.47,96.47,44.6,93.04,4.76,62.5,19.29,33.88,0.0,0.0,0.0,0.0,0.0,0.0,0.07,3.44,71.15,0.07,0.0,0.2,66.67,0.13,0.0,6.41,59.79,0,,0,,0,0.0,0.0,0.0,,,2.05,,,0.0,0.0,0.0,0.0,0,0
H. Johansson,Dallas,Mjällby,"RWB, RB",28,0,2029-06-30,26,2042,5,3.3,2,3.72,22.65,51.75,Sweden,Sweden,right,190,82,no,10.53,8.68,58.38,4.05,66.3,0.18,0.23,0.13,5.29,6.99,2.12,4,0.18,0,0.0,2.42,0.22,5,0.22,0.15,2,0.09,25,1.1,44.0,20.0,0.09,2.29,30.77,0.0,0.0,2.29,30.77,0.18,2.12,56.25,7.01,38.36,2.6,1.15,0.13,21.64,1.94,1.41,30.63,77.84,6.66,58.28,9.52,94.44,8.15,75.68,26.53,85.38,1.98,26.67,18.31,35.2,0.16,0.88,0.0,0.0,0.09,50.0,0.62,2.56,56.9,2.12,41.67,0.26,0.0,0.88,0.62,4.45,64.36,0,,0,,0,0.0,0.0,0.0,,,0.35,,,0.0,0.0,0.0,0.04,0,0
F. Ljungberg,,Sirius,LW,27,0,,2,42,0,0.11,0,0.0,,,Sweden,Sweden,,0,0,no,,,,,,,0.0,,,0.0,,0,,0,,,,0,,,0,,1,,,0.0,,,,,,,,,,,,,,,,,,,,,,,,,,,,,,,10.05,0.0,,,,,,,,,,,,,,,,,,0,,0,,0,0.0,0.0,,,,,,,,,,,0,0
Y. Salech,Cardiff City,Sirius,CF,24,0,2030-06-30,27,2457,11,16.66,1,0.76,21.25,40.0,Denmark,"Denmark, Palestine",right,195,83,no,3.08,2.34,46.88,5.9,53.42,0.0,0.0,0.22,1.98,2.71,1.58,1,0.04,0,0.0,1.54,0.4,11,0.4,0.61,2,0.07,71,2.6,38.03,15.493,0.04,0.33,22.22,0.11,33.33,0.22,16.67,0.0,1.36,35.14,7.99,32.11,3.52,0.84,0.26,8.61,2.27,1.76,12.01,68.29,2.31,46.03,2.86,82.05,3.7,69.31,10.95,70.57,0.77,57.14,17.3,19.19,0.03,0.44,0.0,0.0,0.07,0.0,0.07,1.47,57.5,0.77,57.14,0.11,0.0,0.66,0.04,1.47,50.0,0,,0,,0,0.0,0.0,0.0,,,0.0,,,0.0,0.0,0.0,0.04,1,0
J. Hammar,Häcken,Häcken,RCB,32,0,,18,940,0,0.43,0,0.0,12.06,53.17,Sweden,Sweden,right,197,84,no,7.56,3.73,61.54,4.98,59.62,0.0,0.0,0.86,5.27,7.64,0.86,0,0.0,0,0.0,0.38,0.0,0,0.0,0.04,0,0.0,4,0.38,25.0,0.0,0.0,0.19,50.0,0.1,100.0,0.1,0.0,0.0,0.29,66.67,1.05,27.27,0.96,0.86,0.0,49.12,1.05,0.1,62.71,92.67,22.69,87.76,5.07,96.23,29.3,95.75,57.93,94.38,4.69,71.43,22.82,35.3,0.0,0.0,0.0,0.0,0.0,0.0,0.0,9.48,88.89,0.1,100.0,0.0,0.0,0.1,0.0,8.81,75.0,0,,0,,0,0.0,0.0,0.0,,,3.54,,,0.0,0.0,0.0,0.0,0,0
A. Youssef,Mjällby,Häcken,"CF, LWF",25,0,2027-05-31,23,1431,10,6.94,0,0.46,13.71,41.28,Tunisia,"Tunisia, Sweden",right,182,74,yes,2.64,3.02,60.42,1.07,41.18,0.0,0.0,0.06,0.82,1.23,0.75,2,0.13,0,0.0,3.27,0.63,8,0.5,0.44,1,0.06,53,3.33,41.51,18.868,0.0,0.5,50.0,0.25,50.0,0.25,50.0,0.0,3.21,49.02,8.24,36.64,3.21,2.26,0.5,10.44,0.44,0.69,12.58,82.0,1.82,72.41,4.84,90.91,3.02,85.42,11.95,83.68,0.25,25.0,14.53,7.01,0.03,0.38,0.0,0.0,0.13,50.0,0.25,0.69,72.73,0.69,63.64,0.06,0.0,0.5,0.13,1.13,66.67,0,,0,,0,0.0,0.0,0.0,,,0.0,,,0.13,0.13,50.0,0.0,2,100
S. Asoma,Helsingborg,Västerås SK,LCMF,24,0,2028-12-31,1,24,0,0.0,0,0.0,,,Ghana,"Ghana, Belgium",right,173,65,no,,,,,,,0.0,,,0.0,,0,,0,,,,0,,,0,,0,,,0.0,,,,,,,,,,,,,,,,,,,,,,,,,,,,,,,16.23,0.0,,,,,,,,,,,,,,,,,,0,,0,,0,0.0,0.0,,,,,,,,,,,0,0
I. Ssewankambo,Vancouver FC,IFK Norrköping,"RCMF, RCB",30,0,2026-12-31,13,931,0,0.33,0,0.38,14.31,49.32,Sweden,"Sweden, Uganda",right,179,80,no,6.57,6.96,52.78,2.22,30.43,0.1,0.12,0.39,2.8,3.4,1.74,2,0.19,0,0.0,1.06,0.0,0,0.0,0.03,0,0.0,2,0.19,50.0,0.0,0.0,0.48,20.0,0.29,33.33,0.19,0.0,0.0,0.48,80.0,3.09,56.25,0.48,0.58,0.0,35.67,0.1,0.68,48.92,89.13,18.46,82.2,5.41,94.64,18.75,93.3,43.98,94.07,4.54,46.81,18.62,38.26,0.04,0.29,0.0,0.0,0.77,62.5,0.1,7.73,75.0,1.06,45.45,0.48,20.0,0.29,0.1,8.02,77.11,0,,0,,0,0.0,0.0,0.0,,,1.16,,,0.1,0.0,0.0,0.0,0,0
G. Lundgren,GAIS,GAIS,"RWF, RCMF",31,0,2029-12-31,30,2979,3,2.48,7,6.76,25.14,43.87,Sweden,Sweden,left,190,80,no,7.95,6.4,64.15,1.63,24.07,0.06,0.07,0.21,3.78,4.28,0.88,2,0.06,0,0.0,5.17,0.09,3,0.09,0.07,0,0.0,36,1.09,27.78,8.333,0.21,3.17,48.57,0.27,44.44,2.84,47.87,0.45,5.41,58.66,14.53,38.88,1.78,2.69,0.6,23.72,1.39,0.85,35.74,73.37,12.18,64.76,6.44,86.38,10.15,74.7,29.24,78.1,3.38,56.25,17.03,32.53,0.2,1.66,0.12,0.0,0.24,62.5,0.73,3.99,61.36,4.98,60.0,0.73,50.0,1.93,1.6,8.25,78.39,0,,0,,0,0.0,0.0,0.0,,,0.15,,,0.66,0.03,100.0,1.99,0,0
A. Douglas,Lech Poznań,Västerås SK,LCB,24,0,2027-06-30,12,1104,0,0.91,0,0.33,20.05,62.2,Sweden,Sweden,right,189,88,no,10.35,7.58,72.04,3.67,46.67,0.08,0.11,0.33,4.81,6.25,1.3,2,0.16,0,0.0,1.14,0.0,0,0.0,0.07,0,0.0,7,0.57,14.29,0.0,0.0,0.49,33.33,0.49,33.33,0.0,0.0,0.0,1.14,78.57,4.81,62.71,1.06,1.88,0.24,37.09,0.57,0.49,55.19,90.25,24.62,86.42,3.75,95.65,19.16,93.62,51.36,93.33,3.34,51.22,17.85,36.3,0.03,0.24,0.0,0.0,0.0,0.0,0.08,7.09,90.8,0.41,0.0,0.08,0.0,0.08,0.16,8.89,73.39,0,,0,,0,0.0,0.0,0.0,,,1.39,,,0.0,0.0,0.0,0.0,0,0
Y. Sanyang,Slavia Praha,Västerås SK,"RWF, AMF",20,0,2030-06-30,6,242,0,0.33,0,0.07,33.1,43.82,Gambia,"Gambia, Senegal",left,175,0,no,9.3,9.3,52.0,2.98,62.5,1.49,2.18,0.0,2.98,4.36,1.86,0,0.0,0,0.0,4.09,0.0,0,0.0,0.12,0,0.0,6,2.23,0.0,0.0,0.0,2.98,12.5,0.37,0.0,2.6,14.29,0.37,4.83,76.92,16.36,40.91,1.49,3.35,0.37,20.45,1.12,1.86,31.61,71.76,8.93,66.67,4.83,100.0,11.16,70.0,27.52,79.73,1.12,33.33,15.17,19.77,0.03,0.37,0.37,0.0,0.0,0.0,0.0,3.35,77.78,4.46,25.0,0.0,0.0,0.74,0.37,5.21,71.43,0,,0,,0,0.0,0.0,0.0,,,0.37,,,0.0,0.0,0.0,0.74,0,0
Å. Andersson,IFK Norrköping,IFK Norrköping,"RCMF, CF",19,0,2029-12-31,2,15,0,0.0,0,0.0,,,Sweden,Sweden,right,0,0,no,,,,,,,0.0,,,0.0,,0,,0,,,,0,,,0,,0,,,0.0,,,,,,,,,,,,,,,,,,,,,,,,,,,,,,,14.22,0.0,,,,,,,,,,,,,,,,,,0,,0,,0,0.0,0.0,,,,,,,,,,,0,0
S. Jansson,Värnamo,Häcken,RB,20,0,2028-12-31,1,65,0,0.0,0,0.0,13.85,40.0,Sweden,Sweden,right,184,70,no,8.31,5.54,50.0,2.77,100.0,0.0,0.0,0.0,5.54,6.32,0.0,0,0.0,0,0.0,0.0,0.0,0,0.0,0.0,0,0.0,0,0.0,0.0,0.0,0.0,1.38,0.0,0.0,0.0,1.38,0.0,0.0,0.0,0.0,5.54,0.0,1.38,1.38,0.0,36.0,1.38,0.0,52.62,86.84,11.08,87.5,16.62,100.0,19.38,78.57,49.85,88.89,1.38,100.0,20.84,47.38,0.0,0.0,0.0,0.0,0.0,0.0,0.0,0.0,0.0,0.0,0.0,0.0,0.0,0.0,0.0,6.92,20.0,0,,0,,0,0.0,0.0,0.0,,,2.77,,,0.0,0.0,0.0,0.0,0,0
A. Thongla-Iad Warneryd,Tromsø,Västerås SK,"RWB, LWB",20,0,2029-12-31,24,1407,0,0.38,3,2.53,20.47,47.19,Sweden,"Sweden, Thailand",right,174,68,no,6.4,6.27,46.94,1.15,44.44,0.13,0.16,0.19,3.33,4.06,1.02,4,0.26,0,0.0,3.97,0.0,0,0.0,0.02,0,0.0,14,0.9,28.57,0.0,0.19,3.01,46.81,1.34,47.62,1.66,46.15,0.26,4.35,52.94,11.13,50.57,1.86,3.33,0.06,28.46,1.92,2.3,37.29,81.3,10.81,71.6,7.74,96.69,12.35,84.97,31.79,86.72,2.56,55.0,18.16,31.32,0.16,1.09,0.13,0.0,0.26,0.0,0.58,3.26,68.63,3.58,66.07,0.32,0.0,1.09,1.41,8.19,67.19,0,,0,,0,0.0,0.0,0.0,,,0.26,,,0.0,0.0,0.0,0.0,0,0
N. Zecević,Radnički Niš,Häcken,RCB,22,0,2027-12-31,5,326,0,0.0,0,0.03,13.25,70.83,Serbia,Serbia,right,190,78,yes,12.7,6.9,80.0,1.93,85.71,1.1,1.74,1.1,6.07,9.57,1.38,0,0.0,0,0.0,0.28,0.0,0,0.0,0.0,0,0.0,0,0.0,0.0,0.0,0.0,0.0,0.0,0.0,0.0,0.0,0.0,0.0,0.28,100.0,1.66,33.33,0.0,0.28,0.0,41.41,0.0,0.28,59.08,89.72,21.81,83.54,3.31,100.0,28.44,96.12,53.28,92.23,5.8,66.67,21.11,30.4,0.01,0.28,0.0,0.0,0.0,0.0,0.0,6.9,72.0,0.28,0.0,0.28,0.0,0.0,0.0,9.66,74.29,0,,0,,0,0.0,0.0,0.0,,,2.21,,,0.0,0.0,0.0,0.0,0,0
A. Čardaklija,GAIS,GAIS,LCB,21,0,2028-12-31,17,1013,0,0.69,0,0.0,11.82,64.66,Sweden,Sweden,right,194,79,no,9.06,4.8,81.48,4.09,52.17,0.27,0.31,0.62,4.89,5.67,0.44,1,0.09,0,0.0,0.53,0.0,0,0.0,0.06,0,0.0,5,0.44,40.0,0.0,0.0,0.18,50.0,0.18,50.0,0.0,0.0,0.0,0.27,100.0,1.6,55.56,0.53,1.07,0.09,38.2,0.62,0.44,51.0,88.33,15.73,70.62,2.58,100.0,27.36,97.08,45.4,93.74,5.42,44.26,17.05,27.7,0.0,0.0,0.0,0.0,0.0,0.0,0.0,5.15,58.62,0.62,14.29,0.18,0.0,0.0,0.09,5.69,54.69,0,,0,,0,0.0,0.0,0.0,,,1.69,,,0.0,0.0,0.0,0.0,0,0
K. Gunnarsson,Västerås SK,Västerås SK,"LCMF, RCMF",20,0,2027-12-31,7,341,0,0.16,0,0.0,19.79,48.0,Sweden,Sweden,,0,0,no,8.45,8.97,76.47,1.85,14.29,0.0,0.0,0.26,1.58,2.34,1.85,1,0.26,0,0.0,0.53,0.0,0,0.0,0.04,0,0.0,4,1.06,0.0,0.0,0.0,1.06,0.0,0.53,0.0,0.53,0.0,0.0,1.32,40.0,6.6,20.0,1.06,1.58,0.26,23.75,0.53,0.79,36.69,83.45,8.97,67.65,9.5,100.0,10.29,87.18,33.52,87.4,2.38,55.56,17.2,21.73,0.0,0.0,0.0,0.0,0.0,0.0,0.0,4.22,68.75,1.32,60.0,0.0,0.0,0.53,0.0,5.28,55.0,0,,0,,0,0.0,0.0,0.0,,,0.79,,,0.0,0.0,0.0,0.0,0,0
E. Krantz,Torslanda,GAIS,GK,30,0,,3,233,0,0.0,0,0.0,1.16,100.0,Sweden,Sweden,right,193,91,no,3.48,0.0,0.0,1.16,100.0,0.0,0.0,0.0,3.48,4.43,0.0,0,0.0,0,0.0,0.0,0.0,0,0.0,0.0,0,0.0,0,0.0,0.0,0.0,0.0,0.0,0.0,0.0,0.0,0.0,0.0,0.0,0.0,0.0,0.0,0.0,0.0,0.0,0.0,15.06,0.39,0.0,24.33,84.13,11.97,74.19,0.0,0.0,10.82,96.43,15.45,92.5,8.5,72.73,27.41,40.27,0.0,0.0,0.0,0.0,0.0,0.0,0.0,1.55,25.0,0.0,0.0,0.0,0.0,0.0,0.0,7.34,73.68,2,0.77,7,2.7,1,71.43,2.18,0.84,0.18,0.07,0.0,1.55,1.16,,,,0.0,0,0
J. Magnusson,Västerås SK,Västerås SK,"AMF, LCMF, LWB",21,0,2027-12-31,11,305,0,0.18,0,0.2,21.84,41.89,Sweden,Sweden,left,0,0,no,8.56,9.15,64.52,1.48,80.0,0.0,0.0,0.59,2.66,3.42,0.59,0,0.0,0,0.0,2.07,0.0,0,0.0,0.05,0,0.0,2,0.59,0.0,0.0,0.0,4.13,28.57,1.77,16.67,2.36,37.5,0.59,2.36,25.0,9.15,16.13,2.36,1.18,0.0,23.31,0.3,0.59,31.57,78.5,10.33,80.0,7.38,96.0,9.15,67.74,24.49,90.36,3.25,45.45,16.17,21.55,0.06,0.89,0.0,0.3,0.3,100.0,0.3,3.84,69.23,5.02,52.94,1.18,100.0,1.77,0.89,7.08,91.67,0,,0,,0,0.0,0.0,0.0,,,0.0,,,0.0,0.0,0.0,1.18,0,0
F. Beckman,GAIS,GAIS,LCB,23,0,2027-12-31,16,1382,1,0.66,0,0.16,13.09,57.71,Sweden,Sweden,left,198,94,no,9.77,3.84,84.75,5.67,48.28,0.2,0.22,0.59,6.32,7.26,0.59,4,0.26,0,0.0,0.39,0.07,1,0.07,0.04,1,0.07,8,0.52,25.0,12.5,0.0,0.26,50.0,0.2,33.33,0.0,0.0,0.07,0.26,25.0,1.56,29.17,0.65,0.39,0.0,23.7,0.2,0.26,35.36,84.9,12.83,68.53,2.08,93.75,16.8,94.19,29.83,92.79,5.27,41.98,21.86,45.17,0.01,0.07,0.0,0.0,0.07,100.0,0.07,4.3,56.06,0.52,25.0,0.2,66.67,0.07,0.2,5.54,63.53,0,,0,,0,0.0,0.0,0.0,,,1.76,,,0.0,0.0,0.0,0.0,0,0
M. Larsson,Djurgården,Västerås SK,"LWB, LB",23,0,2029-12-31,26,2085,0,2.96,1,4.49,16.1,53.89,Sweden,Sweden,left,184,70,no,9.24,6.82,60.13,2.07,45.83,0.78,1.0,0.3,4.36,5.63,0.82,3,0.13,0,0.0,3.45,0.0,0,0.0,0.13,0,0.0,28,1.21,17.86,0.0,0.04,5.09,38.14,4.66,37.04,0.43,50.0,0.39,2.12,57.14,4.75,50.0,1.94,2.07,0.78,35.53,2.24,1.17,47.65,71.2,20.46,62.66,9.45,95.89,12.0,68.71,33.58,81.11,9.41,53.21,21.12,36.89,0.19,1.77,0.04,0.09,0.17,50.0,0.43,8.12,62.77,5.14,45.38,0.82,36.84,1.08,1.68,12.56,72.85,0,,0,,0,0.0,0.0,0.0,,,0.43,,,0.52,0.0,0.0,2.12,1,0
A. Lindelöv,,Västerås SK,CF,21,0,,1,4,0,0.0,0,0.0,,,Sweden,Sweden,right,182,74,no,,,,,,,0.0,,,0.0,,0,,0,,,,0,,,0,,0,,,0.0,,,,,,,,,,,,,,,,,,,,,,,,,,,,,,,15.0,0.0,,,,,,,,,,,,,,,,,,0,,0,,0,0.0,0.0,,,,,,,,,,,0,0
A. Henriksson,Blackburn Rovers,GAIS,RCMF,24,0,2029-06-30,26,1732,8,4.17,2,1.75,20.27,50.0,Sweden,Sweden,right,189,78,no,8.57,6.76,54.62,4.42,51.76,1.04,1.24,0.42,3.85,4.59,2.34,12,0.62,0,0.0,3.9,0.42,8,0.42,0.22,3,0.16,33,1.71,60.61,24.242,0.1,3.01,31.03,0.05,0.0,2.91,32.14,0.47,2.44,74.47,6.03,45.69,4.36,1.2,0.16,17.82,1.3,0.99,27.02,71.15,8.26,66.04,5.14,86.87,7.9,70.39,22.24,79.44,1.97,42.11,17.68,26.05,0.09,0.73,0.0,0.1,0.1,100.0,0.42,3.53,66.18,2.6,52.0,0.31,33.33,1.3,0.94,5.09,72.45,0,,0,,0,0.0,0.0,0.0,,,0.1,,,0.0,0.0,0.0,0.0,0,0
M. Marqués,Djurgården,Västerås SK,"RCB, LCB, CB",24,0,,14,1121,0,0.4,0,0.0,16.78,58.85,Sweden,"Sweden, Brazil",right,183,75,no,10.12,6.74,65.48,2.97,45.95,0.16,0.19,0.56,5.54,6.66,0.64,0,0.0,0,0.0,1.12,0.0,0,0.0,0.03,0,0.0,7,0.56,57.14,0.0,0.0,0.32,50.0,0.0,0.0,0.24,33.33,0.0,0.96,66.67,3.53,56.82,0.88,1.45,0.4,34.76,0.4,0.96,52.27,90.02,21.6,82.53,3.45,95.35,22.08,95.64,46.97,94.87,4.98,46.77,19.69,35.38,0.0,0.08,0.0,0.0,0.08,0.0,0.0,7.15,79.78,0.48,66.67,0.32,25.0,0.16,0.16,8.19,71.57,0,,0,,0,0.0,0.0,0.0,,,1.36,,,0.0,0.0,0.0,0.0,0,0
M. Baggesen,Västerås SK,IFK Norrköping,LB,22,0,,14,640,0,0.26,0,0.72,16.31,46.55,Denmark,Denmark,left,177,70,no,8.02,7.87,58.93,1.97,28.57,0.28,0.36,0.0,3.09,3.91,0.98,1,0.14,0,0.0,2.25,0.0,0,0.0,0.04,0,0.0,4,0.56,25.0,0.0,0.0,3.38,41.67,3.38,41.67,0.0,0.0,0.56,1.13,62.5,3.52,44.0,0.56,1.13,0.56,23.77,1.27,0.7,32.2,76.86,11.53,63.41,7.45,98.11,8.02,78.95,25.59,87.36,3.52,36.0,18.85,28.05,0.1,0.56,0.0,0.0,0.14,0.0,0.14,3.52,48.0,2.95,38.1,0.42,0.0,0.14,1.27,5.48,66.67,0,,0,,0,0.0,0.0,0.0,,,0.42,,,0.0,0.0,0.0,0.14,0,0
L. Jonsson,Assyriska,IFK Norrköping,CF,22,0,,1,9,0,0.0,0,0.0,,,Sweden,Sweden,right,185,85,no,,,,,,,0.0,,,0.0,,0,,0,,,,0,,,0,,0,,,0.0,,,,,,,,,,,,,,,,,,,,,,,,,,,,,,,0.0,0.0,,,,,,,,,,,,,,,,,,0,,0,,0,0.0,0.0,,,,,,,,,,,0,0
F. Smand,Eldense,Västerås SK,"LCB, RCB",23,0,2028-06-30,6,470,0,0.23,0,0.0,10.53,60.0,Netherlands,Netherlands,right,185,77,no,7.85,4.98,65.38,2.68,64.29,0.0,0.0,0.38,4.6,5.95,0.38,0,0.0,0,0.0,0.0,0.0,0,0.0,0.04,0,0.0,3,0.57,0.0,0.0,0.0,0.19,0.0,0.0,0.0,0.19,0.0,0.0,0.0,0.0,1.34,14.29,0.19,1.72,0.0,46.91,0.77,0.19,63.38,93.66,22.98,90.0,5.94,96.77,23.36,97.54,60.51,95.57,2.68,57.14,17.7,42.48,0.0,0.0,0.0,0.0,0.0,0.0,0.0,6.7,91.43,0.19,0.0,0.0,0.0,0.0,0.0,7.47,74.36,0,,0,,0,0.0,0.0,0.0,,,2.49,,,0.19,0.0,0.0,0.0,0,0
E. Bouzaiene,ES Tunis,Västerås SK,RWB,28,0,2027-06-30,17,1055,0,0.91,2,2.81,15.1,50.28,Sweden,"Sweden, Tunisia",right,180,76,no,7.42,5.12,71.67,1.36,18.75,0.17,0.22,0.26,3.58,4.53,0.51,3,0.26,0,0.0,4.27,0.0,0,0.0,0.08,0,0.0,7,0.6,57.14,0.0,0.17,6.74,40.51,0.26,33.33,6.4,41.33,1.36,1.71,65.0,6.14,48.61,1.96,2.47,0.77,29.6,3.07,1.02,39.07,75.33,11.69,70.07,9.38,93.64,11.43,62.69,28.75,85.76,4.27,60.0,19.7,30.91,0.24,1.54,0.26,0.0,0.17,50.0,0.77,3.84,66.67,6.31,44.59,0.34,50.0,0.94,2.56,9.13,80.37,0,,0,,0,0.0,0.0,0.0,,,0.09,,,1.28,0.0,0.0,2.99,0,0
R. Wendin Thomasson,GAIS,GAIS,LB,27,0,2028-12-31,25,1750,0,0.61,7,4.37,12.45,52.89,Sweden,Sweden,left,185,78,no,7.92,5.3,62.14,2.47,50.0,0.36,0.41,0.36,4.27,4.83,0.36,1,0.05,0,0.0,1.85,0.0,0,0.0,0.03,0,0.0,17,0.87,23.53,0.0,0.36,2.11,31.71,1.9,32.43,0.21,25.0,0.26,1.65,59.38,3.6,47.14,0.36,2.01,0.67,27.82,0.26,0.62,38.16,80.59,13.01,61.26,7.61,98.65,12.6,88.57,31.32,90.8,4.89,34.74,21.02,39.34,0.22,1.44,0.0,0.05,0.05,0.0,0.26,4.17,48.15,2.16,40.48,0.51,30.0,0.41,0.77,5.19,56.44,0,,0,,0,0.0,0.0,0.0,,,1.03,,,1.39,0.26,60.0,3.34,0,0
R. Amane,Rapid Wien,Häcken,"LCMF, LDMF",23,0,2029-06-30,28,2313,1,1.85,2,2.09,19.61,51.79,Côte d'Ivoire,Côte d'Ivoire,right,176,67,no,7.43,5.91,67.11,1.25,28.13,0.12,0.16,0.43,3.35,4.52,1.01,1,0.04,0,0.0,2.37,0.04,1,0.04,0.07,0,0.0,29,1.13,27.59,3.448,0.08,0.43,36.36,0.35,33.33,0.08,50.0,0.0,2.72,67.14,10.12,48.46,1.32,2.45,0.93,38.4,0.66,1.83,51.71,87.89,14.4,77.03,10.74,96.01,17.74,92.11,49.46,89.14,1.87,66.67,16.85,31.84,0.08,0.89,0.04,0.08,0.51,15.38,0.31,6.38,81.71,2.33,56.67,0.82,19.05,1.52,0.12,7.12,74.86,0,,0,,0,0.0,0.0,0.0,,,0.58,,,0.0,0.0,0.0,0.0,0,0
K. Sims,GAIS,GAIS,GK,23,0,2028-12-31,8,725,0,0.0,0,0.0,0.99,62.5,New Zealand,"New Zealand, Netherlands",right,194,87,no,1.61,0.12,0.0,0.62,60.0,0.0,0.0,0.0,1.61,1.87,0.12,0,0.0,1,0.12,0.12,0.0,0,0.0,0.0,0,0.0,0,0.0,0.0,0.0,0.0,0.0,0.0,0.0,0.0,0.0,0.0,0.0,0.12,100.0,0.12,100.0,0.0,0.0,0.0,10.06,0.0,0.25,16.51,78.2,10.92,67.05,0.0,0.0,4.97,100.0,8.07,95.38,8.44,61.76,39.92,55.83,0.0,0.0,0.0,0.0,0.0,0.0,0.0,3.35,48.15,0.74,0.0,0.37,0.0,0.0,0.0,6.58,75.47,11,1.37,30,3.72,0,63.33,9.14,1.14,-1.86,-0.231,0.0,1.37,0.62,,,,0.0,0,0
A. Jakobsen,Castellón,Brommapojkarna,"LW, CF, LAMF",27,0,2030-06-30,18,1582,2,3.58,6,4.92,26.62,43.8,Denmark,Denmark,right,185,81,no,6.2,5.75,61.39,2.33,34.15,0.4,0.44,0.06,2.28,2.54,1.02,2,0.11,0,0.0,5.8,0.11,2,0.11,0.2,0,0.0,44,2.5,31.82,4.545,0.34,4.1,36.11,3.87,36.76,0.23,25.0,0.68,6.71,50.0,15.64,39.27,4.66,4.32,0.97,24.29,1.93,1.37,34.3,78.44,6.66,72.65,8.53,90.67,11.83,74.52,28.56,85.26,1.71,66.67,18.1,28.78,0.28,1.59,0.11,0.06,0.17,100.0,0.91,3.07,68.52,4.15,53.42,0.23,75.0,1.65,1.42,5.29,78.49,0,,0,,0,0.0,0.0,0.0,,,0.11,,,0.0,0.0,0.0,0.34,0,0
S. Hedlund,Elfsborg,Elfsborg,"RWB, RB, RW",33,0,2026-12-31,29,2183,7,4.0,3,2.52,15.05,42.47,Sweden,Sweden,right,173,66,no,6.64,6.93,58.93,1.4,26.47,0.08,0.09,0.12,2.47,2.75,1.44,1,0.04,0,0.0,1.73,0.29,6,0.25,0.16,1,0.04,24,0.99,54.17,29.167,0.12,2.76,22.39,0.08,50.0,2.68,21.54,0.29,1.28,41.94,3.88,31.91,2.23,1.03,0.12,16.24,2.47,0.58,23.33,73.5,5.73,64.75,4.99,93.39,8.49,69.9,18.88,83.41,1.81,45.45,18.5,25.35,0.1,0.87,0.08,0.04,0.08,50.0,0.37,2.35,68.42,2.68,35.38,0.12,66.67,1.03,0.74,4.58,63.96,0,,0,,0,0.0,0.0,0.0,,,0.49,,,0.0,0.0,0.0,0.08,1,100
O. Valakari,San Diego,AIK,"AMF, RCMF, RW",26,0,2028-12-31,10,863,2,0.45,3,1.69,22.63,48.85,Scotland,"Scotland, Finland",left,187,82,no,9.7,8.24,65.82,3.44,48.48,0.31,0.39,0.21,3.96,4.98,1.15,1,0.1,0,0.0,1.77,0.21,2,0.21,0.05,1,0.1,7,0.73,57.14,28.571,0.31,1.25,16.67,0.21,0.0,1.04,20.0,0.21,2.4,34.78,7.51,40.28,2.29,1.25,0.0,20.34,1.77,1.46,28.68,72.36,11.26,61.11,4.8,84.78,6.47,79.03,24.61,80.51,2.82,25.93,16.82,31.62,0.18,1.56,0.1,0.0,0.63,50.0,0.73,3.44,54.55,2.82,33.33,1.04,20.0,1.15,0.31,4.17,60.0,0,,0,,0,0.0,0.0,0.0,,,0.1,,,0.63,0.1,100.0,2.61,0,0
Stanley Wilson,AIK,AIK,RCMF,19,0,2027-12-31,2,55,0,0.01,0,0.0,22.91,50.0,Kenya,Kenya,,0,0,no,13.09,11.45,57.14,3.27,50.0,0.0,0.0,0.0,6.55,7.5,4.91,0,0.0,0,0.0,1.64,0.0,0,0.0,0.01,0,0.0,1,1.64,0.0,0.0,0.0,0.0,0.0,0.0,0.0,0.0,0.0,0.0,1.64,100.0,4.91,33.33,0.0,0.0,0.0,6.55,0.0,1.64,6.55,100.0,0.0,0.0,1.64,100.0,4.91,100.0,6.55,100.0,0.0,0.0,10.41,0.0,0.0,0.0,0.0,0.0,0.0,0.0,0.0,0.0,0.0,0.0,0.0,0.0,0.0,0.0,0.0,0.0,0.0,0,,0,,0,0.0,0.0,0.0,,,0.0,,,0.0,0.0,0.0,0.0,0,0
L. Östman,Elfsborg,Elfsborg,"CF, RWF",20,0,2027-12-31,2,37,0,0.0,0,0.0,,,Sweden,Sweden,right,179,0,no,,,,,,,0.0,,,0.0,,0,,0,,,,0,,,0,,0,,,0.0,,,,,,,,,,,,,,,,,,,,,,,,,,,,,,,7.0,0.0,,,,,,,,,,,,,,,,,,0,,0,,0,0.0,0.0,,,,,,,,,,,0,0
K. Sever,Brommapojkarna,Brommapojkarna,"CF, LWF",19,0,,5,172,0,0.16,0,0.0,21.45,31.71,Sweden,Sweden,,0,0,no,3.14,3.66,57.14,6.8,23.08,0.0,0.0,0.0,1.05,1.25,2.09,0,0.0,0,0.0,2.09,0.0,0,0.0,0.08,0,0.0,3,1.57,66.67,0.0,0.0,1.05,50.0,0.52,0.0,0.52,100.0,0.0,1.57,33.33,6.28,25.0,1.57,1.57,0.52,7.85,2.62,1.05,10.99,80.95,1.05,50.0,3.14,83.33,4.71,88.89,9.42,88.89,0.52,0.0,10.29,6.22,0.0,0.0,0.0,0.0,0.0,0.0,0.0,0.52,100.0,0.52,100.0,0.0,0.0,0.0,0.52,2.09,50.0,0,,0,,0,0.0,0.0,0.0,,,0.0,,,0.0,0.0,0.0,0.0,0,0
L. Richtnér,Elfsborg,Elfsborg,RWF,21,0,2027-12-31,2,54,0,0.04,0,0.0,26.67,31.25,Sweden,Sweden,right,191,76,no,8.33,11.67,42.86,6.67,50.0,0.0,0.0,0.0,3.33,3.53,0.0,0,0.0,0,0.0,1.67,0.0,0,0.0,0.07,0,0.0,1,1.67,0.0,0.0,0.0,3.33,50.0,1.67,0.0,1.67,100.0,0.0,3.33,0.0,3.33,0.0,0.0,0.0,0.0,10.0,1.67,0.0,21.67,69.23,8.33,60.0,1.67,100.0,6.67,75.0,13.33,100.0,5.0,0.0,33.08,70.14,0.0,0.0,0.0,0.0,0.0,0.0,1.67,8.33,60.0,6.67,50.0,0.0,0.0,1.67,1.67,13.33,62.5,0,,0,,0,0.0,0.0,0.0,,,1.67,,,0.0,0.0,0.0,0.0,0,0
A. Lohake,Hammarby Talang,Brommapojkarna,LCMF,19,0,,1,1,0,0.0,0,0.0,,,Sweden,Sweden,right,179,74,no,,,,,,,0.0,,,0.0,,0,,0,,,,0,,,0,,0,,,0.0,,,,,,,,,,,,,,,,,,,,,,,,,,,,,,,11.98,0.0,,,,,,,,,,,,,,,,,,0,,0,,0,0.0,0.0,,,,,,,,,,,0,0
J. Abdulai,Molde,Elfsborg,"CF, LWF",21,0,2029-12-31,24,1415,5,4.89,0,0.75,28.81,37.09,Ghana,Ghana,right,186,80,no,3.94,5.72,44.44,5.22,29.27,0.06,0.07,0.0,1.34,1.54,3.5,7,0.45,0,0.0,3.88,0.32,5,0.32,0.31,1,0.06,33,2.1,33.33,15.152,0.0,2.1,24.24,0.57,22.22,1.53,25.0,0.13,4.64,57.53,11.96,37.77,3.5,1.65,1.02,6.81,1.72,1.65,11.07,56.9,1.84,62.07,1.91,73.33,4.01,58.73,8.14,65.63,0.89,57.14,21.12,16.75,0.05,0.57,0.13,0.0,0.0,0.0,0.32,1.14,61.11,1.65,50.0,0.13,50.0,0.83,0.45,1.59,68.0,0,,0,,0,0.0,0.0,0.0,,,0.0,,,0.0,0.0,0.0,0.0,0,0
Lamine Fanne Dabo,Venezia,AIK,"DMF, LCMF, RCMF",22,0,2030-06-30,20,1708,0,1.84,3,1.13,20.08,51.97,Senegal,"Senegal, Spain",right,185,78,no,7.8,6.22,64.41,2.74,42.31,0.53,0.69,0.42,3.27,4.28,1.63,3,0.16,0,0.0,1.69,0.0,0,0.0,0.1,0,0.0,13,0.69,23.08,0.0,0.16,0.21,75.0,0.11,100.0,0.11,50.0,0.0,2.32,59.09,6.9,53.44,1.21,1.32,0.16,25.77,0.42,1.74,39.26,85.1,10.06,70.68,6.01,95.61,15.07,90.21,37.1,86.79,1.95,54.05,16.14,30.51,0.06,0.47,0.05,0.0,0.11,0.0,0.26,4.64,71.59,0.84,50.0,0.26,40.0,0.58,0.16,4.27,64.2,0,,0,,0,0.0,0.0,0.0,,,0.05,,,0.0,0.0,0.0,0.0,0,0
E. Gono,Oddevold,AIK,CF,20,0,2028-12-31,1,31,0,0.12,0,0.0,,,Liberia,Liberia,,0,0,yes,,,,,,,0.0,,,0.0,,0,,0,,,,0,,,0,,1,,,0.0,,,,,,,,,,,,,,,,,,,,,,,,,,,,,,,0.0,0.0,,,,,,,,,,,,,,,,,,0,,0,,0,0.0,0.0,,,,,,,,,,,0,0
E. Botchway,Brommapojkarna,Brommapojkarna,"CF, RW",20,0,,9,136,1,0.35,0,0.16,31.1,44.68,Ghana,Ghana,both,173,0,no,7.94,7.28,72.73,3.97,33.33,0.0,0.0,0.0,2.65,3.87,0.0,0,0.0,0,0.0,7.28,0.66,1,0.66,0.23,0,0.0,3,1.99,100.0,33.333,0.0,1.99,33.33,1.32,0.0,0.66,100.0,0.66,7.94,58.33,17.21,38.46,5.29,1.99,1.99,9.93,1.32,1.99,13.9,85.71,2.65,100.0,4.63,100.0,3.31,60.0,11.91,94.44,0.0,0.0,11.42,0.0,0.11,1.32,0.66,0.0,0.0,0.0,0.66,0.0,0.0,2.65,100.0,0.0,0.0,2.65,0.66,2.65,100.0,0,,0,,0,0.0,0.0,0.0,,,0.0,,,0.0,0.0,0.0,0.0,0,0
S. Bolma,IFK Norrköping,IFK Norrköping,"RAMF, LW",21,0,2026-12-31,4,80,0,0.02,0,0.0,21.38,36.84,Ghana,Ghana,right,178,68,no,6.75,5.63,100.0,2.25,0.0,0.0,0.0,0.0,1.13,1.36,0.0,0,0.0,0,0.0,1.13,0.0,0,0.0,0.02,0,0.0,1,1.13,0.0,0.0,0.0,1.13,0.0,0.0,0.0,1.13,0.0,0.0,2.25,50.0,10.13,22.22,0.0,0.0,1.13,9.0,0.0,1.13,13.5,75.0,1.13,0.0,2.25,100.0,4.5,75.0,11.25,90.0,1.13,0.0,13.4,12.85,0.0,0.0,0.0,0.0,0.0,0.0,0.0,1.13,0.0,1.13,0.0,0.0,0.0,0.0,0.0,0.0,0.0,0,,0,,0,0.0,0.0,0.0,,,0.0,,,0.0,0.0,0.0,0.0,0,0
T. Sandberg,IFK Norrköping,IFK Norrköping,"LCMF, RW, RCMF",21,0,,12,430,1,0.41,1,0.09,16.12,49.35,Sweden,Sweden,right,0,0,no,10.05,8.37,62.5,1.05,40.0,0.21,0.27,0.42,4.6,5.89,1.47,1,0.21,0,0.0,0.63,0.21,1,0.21,0.09,1,0.21,4,0.84,25.0,25.0,0.21,1.26,16.67,0.63,33.33,0.63,0.0,0.21,0.42,50.0,3.14,33.33,0.84,2.09,0.21,23.65,0.63,1.05,34.74,78.92,11.93,66.67,4.81,86.96,11.51,81.82,30.14,86.11,3.35,37.5,17.61,28.61,0.02,0.63,0.0,0.0,0.0,0.0,0.21,5.65,81.48,2.09,40.0,0.0,0.0,0.84,0.0,4.4,57.14,0,,0,,0,0.0,0.0,0.0,,,0.63,,,0.0,0.0,0.0,0.0,0,0
C. Nildén,Sirius,Brommapojkarna,LCMF,19,0,2030-06-30,1,28,0,0.0,0,0.0,,,Sweden,Sweden,right,0,0,no,,,,,,,0.0,,,0.0,,0,,0,,,,0,,,0,,0,,,0.0,,,,,,,,,,,,,,,,,,,,,,,,,,,,,,,23.11,42.87,,,,,,,,,,,,,,,,,,0,,0,,0,0.0,0.0,,,,,,,,,,,0,0
M. Neffati,IFK Norrköping,IFK Norrköping,"RW, RAMF",21,0,2028-12-31,16,1439,0,1.24,3,3.04,27.71,40.63,Sweden,Sweden,right,182,74,no,9.63,8.01,59.38,3.56,33.33,0.56,0.65,0.19,4.32,5.01,1.88,1,0.06,0,0.0,3.0,0.0,0,0.0,0.08,0,0.0,13,0.81,23.08,0.0,0.19,2.88,34.78,0.5,37.5,2.38,34.21,0.31,3.0,60.42,12.82,32.68,1.81,0.88,0.19,19.39,0.94,1.69,29.52,72.03,8.44,57.04,7.94,94.49,8.07,63.57,24.58,78.12,2.19,48.57,17.46,31.66,0.19,1.06,0.0,0.06,0.25,0.0,0.69,3.0,56.25,3.63,41.38,0.88,42.86,0.94,1.13,5.88,64.89,0,,0,,0,0.0,0.0,0.0,,,0.25,,,0.0,0.0,0.0,0.0,0,0
N. Sernelius,IFK Norrköping,IFK Norrköping,RAMF,19,0,2027-12-31,1,10,0,0.0,0,0.0,,,Sweden,Sweden,,181,70,no,,,,,,,0.0,,,30.0,,0,,0,,,,0,,,0,,0,,,0.0,,,,,,,,,,,,,,,,,,,,,,,,,,,,,,,9.8,0.0,,,,,,,,,,,,,,,,,,0,,0,,0,0.0,0.0,,,,,,,,,,,0,0
T. Yegbe,Lech Poznań,Elfsborg,LCB,25,0,2030-06-30,22,2148,3,2.85,1,0.59,10.47,56.0,Ghana,Ghana,left,195,87,no,7.46,3.94,61.7,3.1,54.05,0.08,0.09,0.46,4.94,5.41,0.96,2,0.08,1,0.04,0.96,0.13,3,0.13,0.12,2,0.08,17,0.71,29.41,17.647,0.04,1.05,36.0,1.05,36.0,0.0,0.0,0.08,0.54,69.23,1.59,50.0,0.71,0.38,0.04,34.86,0.29,0.21,50.36,82.95,22.33,70.17,3.56,92.94,20.91,94.99,41.52,91.42,7.92,44.44,23.39,40.85,0.02,0.34,0.0,0.04,0.0,0.0,0.17,7.63,62.64,1.72,43.9,0.54,46.15,0.5,0.29,10.6,68.38,0,,0,,0,0.0,0.0,0.0,,,2.14,,,0.04,0.0,0.0,0.0,0,0
A. Ali,AIK,AIK,LCMF,24,0,,3,114,1,0.09,0,0.09,16.58,47.62,Sweden,"Sweden, Somalia",right,178,70,no,11.84,7.89,40.0,3.16,25.0,1.58,1.94,0.0,7.11,8.71,1.58,0,0.0,0,0.0,3.95,0.79,1,0.79,0.07,0,0.0,2,1.58,50.0,50.0,0.0,3.16,50.0,3.16,50.0,0.0,0.0,0.0,2.37,66.67,3.16,75.0,0.0,0.79,2.37,30.79,0.0,0.0,49.74,79.37,16.58,66.67,3.95,100.0,18.95,87.5,42.63,83.33,3.95,60.0,17.86,26.77,0.07,0.79,0.0,0.0,0.0,0.0,1.58,3.16,50.0,3.95,60.0,0.79,0.0,1.58,1.58,8.68,72.73,0,,0,,0,0.0,0.0,0.0,,,0.0,,,0.0,0.0,0.0,0.0,0,0
B. Zeneli,Union Saint-Gilloise,Elfsborg,"RCMF, LCMF",23,0,2030-06-30,25,1336,1,1.89,3,3.97,24.25,49.44,Kosovo,"Kosovo, Sweden",right,187,71,no,9.09,9.43,60.0,0.88,38.46,0.27,0.33,0.2,3.17,3.82,2.02,2,0.13,0,0.0,3.17,0.07,1,0.07,0.13,0,0.0,24,1.62,29.17,4.167,0.2,2.02,33.33,1.08,43.75,0.74,18.18,0.4,4.38,44.62,10.85,44.72,2.02,2.76,0.4,25.13,0.47,1.62,38.4,84.04,9.7,72.22,9.3,97.83,12.46,86.49,33.82,89.04,2.63,56.41,17.61,27.71,0.27,1.48,0.0,0.07,0.13,50.0,0.54,4.65,82.61,2.49,48.65,0.47,57.14,0.94,0.74,5.66,71.43,0,,0,,0,0.0,0.0,0.0,,,0.74,,,1.41,0.0,0.0,4.38,0,0
T. Ouma,,Elfsborg,"RCMF, LCMF",22,0,,23,1575,1,0.91,1,0.79,19.31,52.37,Kenya,Kenya,right,183,75,no,10.34,8.69,63.16,2.06,50.0,0.23,0.24,0.06,4.63,4.85,1.49,5,0.29,1,0.06,1.77,0.06,1,0.06,0.05,0,0.0,19,1.09,15.79,5.263,0.06,1.31,30.43,0.34,16.67,0.91,37.5,0.23,1.66,65.52,5.31,39.78,0.4,0.74,0.17,19.83,0.57,0.8,33.66,79.29,11.54,68.81,3.83,91.04,13.83,86.78,28.74,83.7,3.66,62.5,20.83,33.98,0.05,0.69,0.0,0.06,0.4,28.57,0.34,7.37,75.19,2.17,47.37,0.8,42.86,0.63,0.57,7.03,73.17,0,,0,,0,0.0,0.0,0.0,,,0.57,,,0.0,0.0,0.0,0.0,0,0
A. Stoch Rydell,Karlberg,AIK,"RW, LW",19,0,2026-12-31,2,19,0,0.0,0,0.0,,,Sweden,"Sweden, South Africa",right,0,0,yes,,,,,,,0.0,,,7.5,,0,,0,,,,0,,,0,,0,,,0.0,,,,,,,,,,,,,,,,,,,,,,,,,,,,,,,3.54,0.0,,,,,,,,,,,,,,,,,,0,,0,,0,0.0,0.0,,,,,,,,,,,0,0
O. Ekperuoh,,Brommapojkarna,GK,21,0,,2,196,0,0.0,0,0.0,0.92,100.0,Sweden,"Sweden, Nigeria",,0,0,no,2.3,0.0,0.0,0.92,100.0,0.0,0.0,0.0,2.3,2.24,0.0,0,0.0,0,0.0,0.0,0.0,0,0.0,0.0,0,0.0,0,0.0,0.0,0.0,0.0,0.0,0.0,0.0,0.0,0.0,0.0,0.0,0.0,0.0,0.0,0.0,0.0,0.0,0.0,10.56,0.46,0.0,16.99,86.49,10.1,81.82,0.0,0.0,6.89,93.33,11.48,92.0,5.51,75.0,30.2,52.52,0.0,0.0,0.0,0.0,0.0,0.0,0.0,1.84,75.0,0.46,0.0,0.46,0.0,0.0,0.0,5.05,81.82,5,2.3,14,6.43,0,64.29,6.02,2.76,1.02,0.468,0.0,2.76,0.92,,,,0.0,0,0
G. Rapp,Stabæk,Elfsborg,"RWF, RW",20,0,2029-12-31,6,246,0,0.11,0,0.14,18.66,37.25,Sweden,Sweden,right,182,78,yes,5.12,5.85,31.25,1.83,0.0,0.0,0.0,0.0,3.29,3.6,1.83,0,0.0,0,0.0,3.66,0.0,0,0.0,0.04,0,0.0,4,1.46,25.0,0.0,0.0,1.46,25.0,0.37,0.0,1.1,33.33,0.0,5.12,57.14,8.78,50.0,1.83,2.93,0.0,10.61,1.83,0.73,13.17,69.44,2.2,83.33,5.49,80.0,2.2,100.0,11.71,75.0,0.37,100.0,16.66,8.39,0.05,1.1,0.37,0.0,0.0,0.0,0.73,0.37,100.0,1.1,66.67,0.0,0.0,1.46,0.0,1.83,60.0,0,,0,,0,0.0,0.0,0.0,,,0.0,,,0.0,0.0,0.0,0.0,0,0
T. Ayari,AIK,AIK,"LW, RW, CF",21,0,2028-12-31,15,730,0,0.55,2,0.35,28.6,41.38,Sweden,"Sweden, Tunisia",right,177,70,no,8.51,9.62,58.97,1.85,20.0,0.0,0.0,0.0,2.84,3.25,2.1,1,0.12,0,0.0,2.47,0.0,0,0.0,0.07,0,0.0,7,0.86,28.57,0.0,0.25,0.49,0.0,0.25,0.0,0.25,0.0,0.0,4.93,45.0,12.7,33.98,2.1,1.85,0.74,17.14,0.62,2.1,26.38,78.04,8.75,61.97,6.04,93.88,5.79,78.72,24.16,80.1,1.73,71.43,15.17,20.17,0.04,0.49,0.0,0.0,0.37,0.0,0.37,2.96,66.67,2.71,59.09,0.49,25.0,1.6,0.0,4.44,69.44,0,,0,,0,0.0,0.0,0.0,,,0.0,,,0.0,0.0,0.0,0.12,0,0
V. Andersson,AIK,AIK,"CF, LW, LAMF",21,0,2027-12-31,18,524,0,0.63,0,0.22,29.89,41.38,Sweden,"Sweden, Guatemala",right,174,67,no,6.35,7.9,41.3,2.4,50.0,0.69,0.82,0.0,2.4,2.86,1.72,1,0.17,0,0.0,4.64,0.0,0,0.0,0.11,0,0.0,12,2.06,16.67,0.0,0.0,3.44,25.0,1.55,11.11,1.72,30.0,0.52,6.7,51.28,15.46,38.89,4.29,3.95,0.86,19.06,1.89,1.72,24.73,71.53,5.32,48.39,6.18,94.44,5.67,63.64,20.27,81.36,1.2,42.86,10.67,13.97,0.04,0.52,0.0,0.0,0.52,0.0,0.52,1.89,54.55,2.92,41.18,0.86,0.0,0.86,0.69,2.06,83.33,0,,0,,0,0.0,0.0,0.0,,,0.0,,,0.17,0.17,100.0,0.17,0,0
F. Sidklev,Al Bidda,Brommapojkarna,GK,21,0,2028-06-30,12,1172,0,0.0,0,0.0,0.84,81.82,Sweden,Sweden,right,190,77,no,1.77,0.15,50.0,0.54,100.0,0.0,0.0,0.0,1.69,1.9,0.08,0,0.0,0,0.0,0.0,0.0,0,0.0,0.0,0,0.0,0,0.0,0.0,0.0,0.0,0.0,0.0,0.0,0.0,0.0,0.0,0.0,0.0,0.0,0.0,0.0,0.0,0.0,0.0,12.06,0.0,0.08,18.89,86.99,10.67,79.86,0.0,0.0,6.83,96.63,11.06,99.31,7.76,70.3,33.61,47.32,0.0,0.0,0.0,0.0,0.0,0.0,0.0,1.92,44.0,0.23,0.0,0.15,0.0,0.0,0.0,6.14,82.5,20,1.54,63,4.84,2,68.25,16.17,1.24,-3.83,-0.294,0.0,2.07,0.54,,,,0.0,0,0
E. Gudmundsson,Brann,Elfsborg,"RWF, LWF, CF",22,0,2028-12-31,7,233,1,0.69,0,0.07,19.7,33.33,Iceland,Iceland,right,175,73,no,4.64,3.86,60.0,1.93,20.0,0.0,0.0,0.0,2.32,2.61,0.77,0,0.0,0,0.0,2.7,0.39,1,0.39,0.27,0,0.0,4,1.55,50.0,25.0,0.0,1.55,0.0,0.77,0.0,0.77,0.0,0.39,4.25,45.45,11.2,31.03,4.64,2.32,0.0,15.84,0.39,1.55,28.2,69.86,5.79,60.0,6.95,83.33,10.04,69.23,23.56,75.41,3.09,62.5,15.32,20.76,0.03,0.39,0.0,0.0,0.0,0.0,0.77,1.55,100.0,1.93,0.0,0.0,0.0,1.16,0.0,3.48,55.56,0,,0,,0,0.0,0.0,0.0,,,0.0,,,0.0,0.0,0.0,0.0,0,0
W. Odefalk,Brommapojkarna,Brommapojkarna,"LCMF, AMF, DMF",21,0,2026-12-31,28,2252,3,3.76,3,2.22,16.39,54.15,Sweden,Sweden,right,177,70,no,8.95,7.35,71.2,1.04,19.23,0.24,0.26,0.36,3.48,3.78,0.72,1,0.04,0,0.0,2.4,0.12,3,0.12,0.15,0,0.0,42,1.68,30.95,7.143,0.12,1.32,42.42,0.72,38.89,0.44,45.45,0.16,1.96,59.18,5.75,42.36,1.24,1.72,0.32,31.17,0.52,0.8,42.8,80.95,14.35,70.19,6.87,94.77,15.67,84.69,35.21,86.38,6.27,58.6,19.47,35.13,0.09,0.6,0.12,0.04,0.4,40.0,0.36,7.51,71.81,2.84,56.34,0.68,29.41,1.04,0.6,7.91,70.2,0,,0,,0,0.0,0.0,0.0,,,0.48,,,0.0,0.0,0.0,0.08,0,0
L. Tahwildaran,Assyriska,Brommapojkarna,RB,22,0,,1,6,0,0.0,0,0.0,,,Sweden,"Sweden, Iran",right,178,75,no,,,,,,,0.0,,,0.0,,0,,0,,,,0,,,0,,0,,,0.0,,,,,,,,,,,,,,,,,,,,,,,,,,,,,,,96.44,0.0,,,,,,,,,,,,,,,,,,0,,0,,0,0.0,0.0,,,,,,,,,,,0,0
N. Zätterström,Sheffield United,Malmö FF,"LCB, LB, CB",21,0,2029-06-30,14,1062,2,0.26,0,0.0,16.53,64.1,Sweden,Sweden,left,192,80,no,10.17,6.61,74.36,3.9,60.87,0.0,0.0,0.51,5.25,8.53,0.42,1,0.08,0,0.0,0.85,0.17,2,0.17,0.02,0,0.0,2,0.17,100.0,100.0,0.0,0.25,0.0,0.25,0.0,0.0,0.0,0.0,0.93,72.73,3.05,44.44,0.17,1.69,0.25,42.46,0.08,0.34,57.63,90.44,24.32,83.62,3.14,94.59,20.25,94.98,53.47,93.82,3.9,50.0,16.11,30.35,0.0,0.0,0.08,0.0,0.0,0.0,0.0,4.92,84.48,0.59,0.0,0.25,0.0,0.0,0.0,7.46,70.45,0,,0,,0,0.0,0.0,0.0,,,1.02,,,0.0,0.0,0.0,0.0,0,0
A. Hall,Hässleholms IF,Halmstad,CF,20,0,2026-12-31,3,62,0,0.12,0,0.0,30.48,23.81,Sweden,Sweden,right,185,71,no,2.9,2.9,50.0,11.61,12.5,0.0,0.0,0.0,1.45,1.88,0.0,0,0.0,0,0.0,1.45,0.0,0,0.0,0.18,0,0.0,2,2.9,50.0,0.0,0.0,0.0,0.0,0.0,0.0,0.0,0.0,0.0,0.0,0.0,5.81,50.0,0.0,2.9,1.45,1.45,0.0,2.9,7.26,20.0,5.81,25.0,0.0,0.0,1.45,0.0,7.26,20.0,0.0,0.0,10.93,0.0,0.0,0.0,0.0,0.0,0.0,0.0,0.0,1.45,0.0,0.0,0.0,0.0,0.0,0.0,0.0,2.9,0.0,0,,0,,0,0.0,0.0,0.0,,,0.0,,,0.0,0.0,0.0,0.0,0,0
K. Gyamfi,Öster,Hammarby,"RCB, LCB",22,0,2028-12-31,4,53,0,0.0,0,0.0,11.89,71.43,Ghana,Ghana,right,185,77,no,1.7,1.7,100.0,1.7,100.0,0.0,0.0,0.0,0.0,0.0,0.0,0,0.0,0,0.0,0.0,0.0,0,0.0,0.0,0,0.0,0,0.0,0.0,0.0,0.0,1.7,0.0,0.0,0.0,1.7,0.0,0.0,0.0,0.0,1.7,100.0,0.0,3.4,0.0,47.55,0.0,0.0,73.02,83.72,20.38,50.0,8.49,100.0,27.17,93.75,66.23,89.74,5.09,33.33,18.31,23.39,0.0,0.0,0.0,0.0,0.0,0.0,0.0,8.49,60.0,1.7,0.0,0.0,0.0,0.0,1.7,10.19,50.0,0,,0,,0,0.0,0.0,0.0,,,3.4,,,0.0,0.0,0.0,0.0,0,0
E. Andersson,Karlskrona,Kalmar,"LCMF, RAMF, RCMF",20,0,,4,34,0,0.0,0,0.0,,,Sweden,Sweden,unknown,0,0,yes,,,,,,,0.0,,,3.33,,0,,0,,,,0,,,0,,0,,,0.0,,,,,,,,,,,,,,,,,,,,,,,,,,,,,,,11.63,0.0,,,,,,,,,,,,,,,,,,0,,0,,0,0.0,0.0,,,,,,,,,,,0,0
D. Gül,Porto,Hammarby,"CF, LWF",22,0,2029-06-30,18,1014,3,2.62,1,1.15,19.88,43.75,Sweden,"Sweden, Türkiye",right,190,82,no,3.2,2.84,56.25,2.04,39.13,0.09,0.13,0.18,1.51,2.24,0.89,2,0.18,0,0.0,3.37,0.27,3,0.27,0.23,0,0.0,23,2.04,30.43,13.043,0.09,0.62,0.0,0.09,0.0,0.44,0.0,0.09,4.97,55.36,12.34,41.01,3.02,3.2,1.07,12.69,1.78,0.62,16.6,81.28,2.4,70.37,5.95,89.55,4.53,82.35,15.71,85.31,0.36,25.0,13.14,8.88,0.1,0.62,0.0,0.0,0.09,0.0,0.27,0.98,90.91,0.53,83.33,0.09,0.0,1.07,0.0,1.51,58.82,0,,0,,0,0.0,0.0,0.0,,,0.0,,,0.0,0.0,0.0,0.0,0,0
Z. Loukili,Landskrona,Malmö FF,"AMF, RW",20,0,2028-12-31,6,201,0,0.3,0,0.1,21.94,42.86,Sweden,"Sweden, Morocco",right,175,65,yes,6.72,7.61,58.82,0.0,0.0,0.0,0.0,0.0,2.24,3.13,1.79,1,0.45,0,0.0,4.03,0.0,0,0.0,0.13,0,0.0,2,0.9,50.0,0.0,0.0,1.79,25.0,0.9,0.0,0.9,50.0,0.9,4.93,54.55,10.75,37.5,3.13,1.79,0.9,34.03,0.9,0.0,46.12,90.29,17.46,84.62,8.96,100.0,8.06,83.33,41.64,94.62,2.69,66.67,13.41,9.81,0.05,1.34,0.45,0.0,0.45,100.0,0.0,4.93,100.0,3.13,57.14,0.45,100.0,2.69,0.45,6.72,86.67,0,,0,,0,0.0,0.0,0.0,,,0.0,,,0.0,0.0,0.0,0.0,0,0
K. Busuladžić,Malmö FF,Malmö FF,RCMF,19,0,2028-12-31,1,10,0,0.0,0,0.0,,,Sweden,"Sweden, Bosnia and Herzegovina",right,0,0,no,,,,,,,0.0,,,0.0,,0,,0,,,,0,,,0,,0,,,0.0,,,,,,,,,,,,,,,,,,,,,,,,,,,,,,,13.97,0.0,,,,,,,,,,,,,,,,,,0,,0,,0,0.0,0.0,,,,,,,,,,,0,0
A. Skogmar,Malmö FF,Malmö FF,"RWB, RW, RB",20,0,2028-12-31,8,369,0,0.13,0,0.27,25.37,43.27,Thailand,"Thailand, Sweden",right,172,70,no,7.56,9.51,43.59,1.46,50.0,0.24,0.35,0.0,3.17,4.59,2.93,1,0.24,0,0.0,3.17,0.0,0,0.0,0.03,0,0.0,2,0.49,50.0,0.0,0.0,1.46,50.0,0.0,0.0,1.46,50.0,0.0,4.63,47.37,10.98,46.67,0.73,1.95,0.73,22.68,1.22,0.98,29.76,91.8,3.9,75.0,12.93,98.11,5.61,91.3,28.29,93.97,0.0,0.0,13.36,0.0,0.06,0.24,0.0,0.0,0.0,0.0,0.24,1.22,100.0,0.73,66.67,0.0,0.0,0.0,0.73,1.71,71.43,0,,0,,0,0.0,0.0,0.0,,,0.49,,,0.0,0.0,0.0,0.0,0,0
D. Teah,Slavia Praha,Hammarby,"LAMF, LWF, RAMF",20,0,2029-12-31,7,72,0,0.0,0,0.01,21.25,64.71,Liberia,Liberia,unknown,0,0,no,8.75,10.0,62.5,1.25,100.0,0.0,0.0,0.0,2.5,7.5,1.25,0,0.0,0,0.0,3.75,0.0,0,0.0,0.0,0,0.0,0,0.0,0.0,0.0,0.0,3.75,33.33,3.75,33.33,0.0,0.0,0.0,5.0,25.0,10.0,62.5,3.75,5.0,0.0,42.5,1.25,3.75,52.5,83.33,17.5,78.57,10.0,100.0,20.0,87.5,46.25,89.19,2.5,50.0,19.36,9.07,0.01,1.25,0.0,0.0,1.25,100.0,0.0,8.75,71.43,8.75,71.43,0.0,0.0,5.0,1.25,15.0,91.67,0,,0,,0,0.0,0.0,0.0,,,0.0,,,1.25,0.0,0.0,0.0,0,0
G. Elezaj,Landskrona,Hammarby,AMF,21,0,2028-12-31,1,3,0,0.0,0,0.0,,,Sweden,Sweden,,0,0,no,,,,,,,0.0,,,0.0,,0,,0,,,,0,,,0,,0,,,0.0,,,,,,,,,,,,,,,,,,,,,,,,,,,,,,,12.6,0.0,,,,,,,,,,,,,,,,,,0,,0,,0,0.0,0.0,,,,,,,,,,,0,0
M. Rafferty,Kasımpaşa,Hammarby,CF,21,0,2030-06-30,1,23,0,0.19,0,0.11,,,Sweden,Sweden,right,180,78,no,,,,,,,0.0,,,3.75,,0,,0,,,,0,,,0,,1,,,0.0,,,,,,,,,,,,,,,,,,,,,,,,,,,,,,,20.09,37.89,,,,,,,,,,,,,,,,,,0,,0,,0,0.0,0.0,,,,,,,,,,,0,0
H. Bolin,Borussia M'gladbach,Malmö FF,"LAMF, LW",22,0,2030-06-30,25,1392,10,5.97,1,1.22,21.27,56.23,Sweden,Sweden,right,179,64,no,7.63,6.59,71.57,1.81,42.86,0.19,0.33,0.06,2.72,4.65,0.84,1,0.06,0,0.0,6.66,0.65,10,0.65,0.39,0,0.0,55,3.56,43.64,18.182,0.06,4.2,26.15,2.91,28.89,1.16,22.22,0.52,6.14,64.21,10.99,53.53,7.82,5.43,0.65,39.63,2.33,0.97,47.46,86.24,8.66,85.07,17.07,97.73,10.28,78.62,42.54,92.86,0.91,42.86,16.88,13.69,0.08,1.29,0.0,0.13,0.13,50.0,0.65,2.13,84.85,2.72,61.9,0.26,50.0,1.88,0.91,4.27,86.36,0,,0,,0,0.0,0.0,0.0,,,0.06,,,0.0,0.0,0.0,0.0,0,0
E. Makolli,AaB,Malmö FF,"RCB, RB",21,0,2028-12-31,11,591,0,0.1,0,0.0,15.69,58.25,Sweden,"Sweden, Kosovo",right,186,75,no,8.68,6.4,61.9,2.59,47.06,0.46,0.71,0.46,4.26,6.67,0.3,1,0.15,0,0.0,1.98,0.0,0,0.0,0.02,0,0.0,4,0.61,0.0,0.0,0.0,1.22,87.5,0.0,0.0,1.22,87.5,0.0,1.52,60.0,5.63,51.35,0.61,1.07,0.3,36.7,0.3,0.61,51.78,87.65,16.9,75.68,5.48,100.0,21.78,95.8,48.12,90.51,2.74,38.89,17.27,26.83,0.0,0.0,0.0,0.0,0.0,0.0,0.0,5.03,75.76,1.37,55.56,0.46,0.0,0.15,0.61,6.55,60.47,0,,0,,0,0.0,0.0,0.0,,,1.83,,,0.0,0.0,0.0,0.0,0,0
D. Gudjohnsen,Malmö FF,Malmö FF,AMF,20,0,2028-12-31,1,7,0,0.0,0,0.01,,,England,"England, Iceland",right,188,78,no,,,,,,,0.0,,,30.0,,0,,0,,,,0,,,0,,0,,,0.0,,,,,,,,,,,,,,,,,,,,,,,,,,,,,,,8.88,0.0,,,,,,,,,,,,,,,,,,0,,0,,0,0.0,0.0,,,,,,,,,,,0,0
A. Lahdo,Como,Hammarby,AMF,18,0,2031-06-30,2,74,0,0.06,0,0.0,18.24,66.67,Sweden,"Sweden, Syria",right,0,0,no,8.51,7.3,83.33,0.0,0.0,0.0,0.0,0.0,2.43,3.75,3.65,0,0.0,0,0.0,2.43,0.0,0,0.0,0.07,0,0.0,1,1.22,100.0,0.0,0.0,0.0,0.0,0.0,0.0,0.0,0.0,0.0,2.43,50.0,9.73,62.5,1.22,2.43,0.0,26.76,0.0,2.43,37.7,90.32,8.51,85.71,10.95,100.0,13.38,90.91,37.7,90.32,0.0,0.0,8.32,0.0,0.01,2.43,0.0,0.0,0.0,0.0,0.0,3.65,66.67,0.0,0.0,0.0,0.0,0.0,0.0,4.86,50.0,0,,0,,0,0.0,0.0,0.0,,,1.22,,,0.0,0.0,0.0,0.0,0,0
G. Friberg,Halmstad,Halmstad,LB,23,0,2026-12-31,1,13,0,0.0,0,0.0,,,Sweden,Sweden,left,182,69,no,,,,,,,0.0,,,10.0,,0,,0,,,,0,,,0,,0,,,0.0,,,,,,,,,,,,,,,,,,,,,,,,,,,,,,,11.03,0.0,,,,,,,,,,,,,,,,,,0,,0,,0,0.0,0.0,,,,,,,,,,,0,0
A. Ahlstrand,Hässleholms IF,Halmstad,"RW, LW, LCMF",22,0,2027-12-31,13,378,0,0.09,0,0.0,20.48,33.72,Sweden,Sweden,right,184,64,yes,8.1,7.86,42.42,0.95,50.0,0.95,1.18,0.24,3.81,4.71,2.38,3,0.71,0,0.0,1.19,0.0,0,0.0,0.02,0,0.0,4,0.95,25.0,0.0,0.0,0.71,33.33,0.0,0.0,0.71,33.33,0.24,2.14,33.33,8.81,24.32,1.9,1.43,0.0,14.29,0.48,0.71,20.71,83.91,6.43,70.37,7.62,96.88,5.0,85.71,18.81,87.34,1.43,66.67,16.91,5.91,0.0,0.0,0.24,0.0,0.0,0.0,0.0,2.38,80.0,0.95,50.0,0.0,0.0,0.48,0.24,3.57,66.67,0,,0,,0,0.0,0.0,0.0,,,0.71,,,0.0,0.0,0.0,0.0,0,0
Jardell Kanga,Ilves,Hammarby,RDMF,20,0,2027-12-31,1,9,0,0.07,0,0.05,,,Sweden,"Sweden, Congo DR",left,170,0,no,,,,,,,0.0,,,0.0,,0,,0,,,,0,,,0,,2,,,0.0,,,,,,,,,,,,,,,,,,,,,,,,,,,,,,,18.36,0.0,,,,,,,,,,,,,,,,,,0,,0,,0,0.0,0.0,,,,,,,,,,,0,0
L. Berg Johnsen,Sporting KC,Malmö FF,"LCMF, RDMF, DMF",26,0,2028-06-30,28,2554,1,1.48,5,2.52,13.46,54.19,Norway,Norway,right,179,73,no,8.21,6.34,63.33,1.52,51.16,0.32,0.5,0.35,3.88,6.1,1.44,4,0.14,0,0.0,1.59,0.04,1,0.04,0.05,0,0.0,44,1.55,22.73,2.273,0.18,0.92,53.85,0.56,43.75,0.35,70.0,0.11,1.06,56.67,3.81,44.44,0.81,1.09,0.32,66.95,0.07,0.7,82.64,92.92,23.4,87.35,11.24,97.18,31.96,94.93,77.95,94.39,3.77,71.96,16.73,38.61,0.09,0.74,0.04,0.07,0.32,44.44,0.42,11.84,88.99,2.36,61.19,0.6,52.94,1.13,0.49,9.76,86.28,0,,0,,0,0.0,0.0,0.0,,,0.6,,,0.07,0.04,0.0,0.04,0,0
Vinícius Nogueira,Ludogorets,Halmstad,"LB, LWB",24,0,2028-12-31,29,2760,0,1.49,6,5.1,19.53,50.92,Brazil,"Brazil, Portugal",left,180,72,no,9.26,7.11,60.55,1.96,63.33,0.49,0.48,0.29,4.47,4.35,0.82,7,0.23,0,0.0,4.4,0.0,0,0.0,0.05,0,0.0,20,0.65,45.0,0.0,0.2,3.82,47.01,3.49,47.66,0.29,33.33,0.33,4.24,54.62,8.22,42.86,0.88,1.24,0.68,19.4,1.27,1.43,29.97,72.69,12.03,60.43,4.76,92.47,8.77,78.81,21.33,83.64,4.99,45.1,21.94,39.13,0.17,1.37,0.03,0.0,0.07,0.0,0.42,3.98,59.84,3.68,55.75,0.29,33.33,0.36,1.76,7.92,68.31,0,,0,,0,0.0,0.0,0.0,,,0.23,,,0.39,0.03,0.0,1.08,0,0
E. Kurtulus,Ludogorets,Hammarby,"RCB, CB",26,0,2027-06-30,12,1004,1,0.49,1,0.45,16.23,55.8,Sweden,"Sweden, Kosovo",right,185,75,no,10.31,5.74,67.19,2.24,60.0,0.27,0.38,0.9,6.19,8.81,1.52,2,0.18,0,0.0,0.99,0.09,1,0.09,0.04,0,0.0,5,0.45,40.0,20.0,0.09,0.18,0.0,0.0,0.0,0.18,0.0,0.0,1.17,61.54,3.76,42.86,0.54,1.25,0.0,51.9,0.18,0.63,70.64,89.09,29.22,82.52,4.48,98.0,26.89,94.67,62.57,94.99,7.89,44.32,18.83,41.34,0.04,0.18,0.0,0.0,0.09,100.0,0.18,9.5,63.21,1.17,23.08,1.34,26.67,0.27,0.0,9.59,71.03,0,,0,,0,0.0,0.0,0.0,,,1.61,,,0.0,0.0,0.0,0.0,0,0
N. Ek,Hammarby Talang,Häcken,LB,20,0,,1,28,0,0.0,0,0.0,,,Sweden,Sweden,,176,0,no,,,,,,,0.0,,,0.0,,0,,0,,,,0,,,0,,0,,,0.0,,,,,,,,,,,,,,,,,,,,,,,,,,,,,,,20.57,40.03,,,,,,,,,,,,,,,,,,0,,0,,0,0.0,0.0,,,,,,,,,,,0,0
K. Nennesson,Enköping,Mjällby,LCMF,20,0,2026-11-30,1,6,0,0.0,0,0.0,,,Sweden,Sweden,,0,0,yes,,,,,,,0.0,,,0.0,,0,,0,,,,0,,,0,,0,,,0.0,,,,,,,,,,,,,,,,,,,,,,,,,,,,,,,13.92,0.0,,,,,,,,,,,,,,,,,,0,,0,,0,0.0,0.0,,,,,,,,,,,0,0
I. Johnsson,,Mjällby,"AMF, LW, RWF",20,0,,7,107,0,0.01,0,0.0,21.87,34.62,Sweden,Sweden,,0,0,no,10.93,11.78,42.86,1.68,0.0,1.68,2.4,0.0,4.21,6.0,2.52,0,0.0,0,0.0,1.68,0.0,0,0.0,0.01,0,0.0,1,0.84,0.0,0.0,0.0,1.68,50.0,0.84,0.0,0.84,100.0,0.84,2.52,33.33,6.73,25.0,1.68,0.84,0.0,10.93,0.0,0.0,16.82,80.0,6.73,75.0,3.36,100.0,3.36,75.0,14.3,82.35,0.84,100.0,12.19,5.74,0.0,0.84,0.0,0.0,0.0,0.0,0.0,3.36,100.0,2.52,33.33,0.0,0.0,0.0,0.84,4.21,80.0,0,,0,,0,0.0,0.0,0.0,,,0.0,,,0.0,0.0,0.0,0.0,0,0
H. Andersson Mella,Sirius,Sirius,RDMF,19,0,2028-12-31,3,27,0,0.0,0,0.0,,,Sweden,Sweden,right,178,69,no,,,,,,,0.0,,,0.0,,0,,0,,,,0,,,0,,0,,,0.0,,,,,,,,,,,,,,,,,,,,,,,,,,,,,,,9.12,0.0,,,,,,,,,,,,,,,,,,0,,0,,0,0.0,0.0,,,,,,,,,,,0,0
F. Öhman,Häcken,Häcken,RB,18,0,,1,33,0,0.0,0,0.0,,,Sweden,Sweden,unknown,0,0,no,,,,,,,0.0,,,18.0,,0,,0,,,,0,,,0,,0,,,0.0,,,,,,,,,,,,,,,,,,,,,,,,,,,,,,,19.11,0.0,,,,,,,,,,,,,,,,,,0,,0,,0,0.0,0.0,,,,,,,,,,,0,0
L. Svensson,Skövde AIK,Mjällby,"LCB, LWB",20,0,2026-11-30,2,10,0,0.0,0,0.0,,,Sweden,Sweden,,0,0,yes,,,,,,,0.0,,,0.0,,0,,0,,,,0,,,0,,0,,,0.0,,,,,,,,,,,,,,,,,,,,,,,,,,,,,,,17.96,0.0,,,,,,,,,,,,,,,,,,0,,0,,0,0.0,0.0,,,,,,,,,,,0,0
J. Kalu,Beitar Jerusalem,Värnamo,"CF, LWF",28,0,2028-06-30,22,1591,7,8.58,1,2.31,22.29,38.83,Nigeria,Nigeria,right,182,75,no,4.24,4.81,61.18,2.43,20.93,0.0,0.0,0.11,1.3,1.47,1.3,1,0.06,0,0.0,3.56,0.4,7,0.4,0.49,1,0.06,46,2.6,43.48,15.217,0.06,1.41,12.0,0.51,22.22,0.79,7.14,0.23,4.19,52.7,11.65,38.35,4.75,2.04,0.28,10.41,1.24,0.34,15.44,67.03,3.56,63.49,3.45,83.61,4.3,67.11,13.63,73.44,0.4,42.86,15.86,12.27,0.13,0.85,0.06,0.06,0.23,25.0,0.4,1.36,58.33,1.36,50.0,0.23,25.0,1.19,0.23,1.64,58.62,0,,0,,0,0.0,0.0,0.0,,,0.0,,,0.0,0.0,0.0,0.0,0,0
F. Åkesson Linderoth,,Mjällby,"LCMF, LB",21,0,,3,27,0,0.03,0,0.0,,,Sweden,Sweden,,0,0,no,,,,,,,0.0,,,0.0,,0,,0,,,,0,,,0,,1,,,0.0,,,,,,,,,,,,,,,,,,,,,,,,,,,,,,,11.04,0.0,,,,,,,,,,,,,,,,,,0,,0,,0,0.0,0.0,,,,,,,,,,,0,0
J. Dembe,Sigma Olomouc,Häcken,"CF, LAMF",21,0,2027-12-31,2,31,0,0.0,0,0.0,,,Uganda,Uganda,unknown,191,0,no,,,,,,,0.0,,,0.0,,0,,0,,,,0,,,0,,0,,,0.0,,,,,,,,,,,,,,,,,,,,,,,,,,,,,,,35.41,27.55,,,,,,,,,,,,,,,,,,0,,0,,0,0.0,0.0,,,,,,,,,,,0,0
L. Tidstrand,Mjällby,Mjällby,"CF, LWB",20,0,2028-12-31,2,39,0,0.0,0,0.0,,,Sweden,Sweden,,0,0,no,,,,,,,0.0,,,0.0,,0,,0,,,,0,,,0,,0,,,0.0,,,,,,,,,,,,,,,,,,,,,,,,,,,,,,,11.85,0.0,,,,,,,,,,,,,,,,,,0,,0,,0,0.0,0.0,,,,,,,,,,,0,0
M. Jeng,Reims,Sirius,LCB,21,0,2029-06-30,30,2773,0,0.06,0,0.15,9.83,56.44,Sweden,Sweden,left,190,75,no,7.89,3.8,68.38,2.69,44.58,0.03,0.04,0.97,5.26,7.01,0.19,1,0.03,0,0.0,0.13,0.0,0,0.0,0.0,0,0.0,1,0.03,100.0,0.0,0.0,0.06,0.0,0.06,0.0,0.0,0.0,0.0,0.26,37.5,1.53,44.68,0.03,0.55,0.03,40.34,0.26,0.68,55.34,92.32,18.76,83.04,4.09,96.83,26.42,97.67,50.63,95.9,4.64,54.55,19.94,37.22,0.0,0.03,0.0,0.03,0.0,0.0,0.0,4.45,74.45,0.19,16.67,0.06,0.0,0.03,0.0,7.08,64.68,0,,0,,0,0.0,0.0,0.0,,,2.69,,,0.0,0.0,0.0,0.0,0,0
Kenan Bilalovic,Aberdeen,Värnamo,"CF, LW, RWF",21,0,2030-05-31,4,97,0,0.0,0,0.0,11.13,25.0,Sweden,Sweden,left,186,76,no,3.71,4.64,40.0,0.93,0.0,0.0,0.0,0.0,1.86,1.88,1.86,0,0.0,0,0.0,0.0,0.0,0,0.0,0.0,0,0.0,0,0.0,0.0,0.0,0.0,0.0,0.0,0.0,0.0,0.0,0.0,0.0,1.86,0.0,5.57,16.67,0.0,1.86,0.93,8.35,0.93,0.0,13.92,86.67,2.78,66.67,3.71,75.0,1.86,100.0,13.92,86.67,0.0,0.0,8.69,0.0,0.0,0.0,0.0,0.0,0.0,0.0,0.0,0.0,0.0,0.0,0.0,0.0,0.0,0.0,0.0,0.0,0.0,0,,0,,0,0.0,0.0,0.0,,,0.0,,,0.0,0.0,0.0,0.0,0,0
F. Adjei,Hammarby,Värnamo,"RW, CF, RWF",22,0,2029-12-31,27,1823,0,1.98,4,2.18,20.74,45.71,Ghana,Ghana,right,177,76,no,4.94,4.59,61.29,0.69,7.14,0.15,0.17,0.2,1.97,2.25,1.04,6,0.3,0,0.0,5.68,0.0,0,0.0,0.1,0,0.0,30,1.48,30.0,0.0,0.2,4.74,28.13,1.38,28.57,3.16,26.56,0.44,6.17,58.4,13.18,45.69,2.27,3.75,1.28,25.43,2.22,1.93,34.36,71.26,10.32,64.59,6.37,86.82,11.16,70.8,27.55,81.72,2.72,32.73,17.77,29.0,0.11,1.33,0.0,0.0,0.74,40.0,0.64,4.3,64.37,4.79,45.36,1.09,27.27,1.28,1.14,6.81,77.54,0,,0,,0,0.0,0.0,0.0,,,0.2,,,0.15,0.0,0.0,1.83,0,0
A. Ljungberg,Egersund,Sirius,"LAMF, LWF, LW",21,0,2029-12-31,15,507,0,0.87,1,0.72,20.24,47.37,Sweden,Sweden,left,180,75,yes,6.04,7.1,57.5,1.24,28.57,0.18,0.26,0.0,1.78,2.59,1.07,1,0.18,0,0.0,5.5,0.0,0,0.0,0.15,0,0.0,7,1.24,42.86,0.0,0.18,3.91,36.36,3.73,33.33,0.0,0.0,0.36,5.15,68.97,9.41,45.28,4.08,2.84,0.89,15.44,1.95,0.53,22.37,77.78,3.2,50.0,7.99,97.78,6.21,68.57,18.46,86.54,0.0,0.0,15.18,0.0,0.13,1.24,0.18,0.0,0.0,0.0,0.53,0.89,20.0,2.66,40.0,0.0,0.0,1.07,1.24,2.31,76.92,0,,0,,0,0.0,0.0,0.0,,,0.0,,,0.0,0.0,0.0,0.18,0,0
S. Nwankwo,,Mjällby,CF,22,0,,11,351,1,0.55,0,0.1,34.36,29.85,Nigeria,Nigeria,right,183,75,no,4.1,5.64,40.91,8.97,42.86,0.26,0.35,0.0,1.54,2.12,2.82,1,0.26,0,0.0,1.79,0.26,1,0.26,0.14,1,0.26,4,1.03,50.0,25.0,0.0,0.51,0.0,0.0,0.0,0.51,0.0,0.0,4.62,27.78,11.79,17.39,3.33,0.51,0.51,6.67,2.31,0.77,13.59,75.47,1.54,66.67,3.33,84.62,3.59,78.57,12.82,78.0,0.51,50.0,14.29,3.64,0.03,0.26,0.0,0.0,0.0,0.0,0.0,0.26,0.0,0.26,100.0,0.0,0.0,0.26,0.0,0.77,100.0,0,,0,,0,0.0,0.0,0.0,,,0.0,,,0.0,0.0,0.0,0.0,0,0
M. Alsalkhadi,Dhamk,Värnamo,"RW, RAMF, CF",24,0,2027-12-31,10,437,0,0.3,1,0.44,31.51,41.18,Sweden,Sweden,left,177,71,no,6.18,7.41,55.56,2.06,50.0,0.21,0.25,0.0,1.85,2.21,1.65,1,0.21,0,0.0,5.56,0.0,0,0.0,0.06,0,0.0,12,2.47,8.33,0.0,0.21,3.5,47.06,0.62,33.33,2.68,53.85,0.62,7.83,47.37,19.77,37.5,2.06,2.88,0.41,21.21,2.06,2.06,32.13,83.33,5.15,72.0,10.92,94.34,10.5,88.24,27.19,89.39,1.85,66.67,18.43,25.05,0.09,0.82,0.0,0.0,0.0,0.0,0.82,2.06,80.0,2.27,81.82,0.0,0.0,0.82,1.24,4.53,86.36,0,,0,,0,0.0,0.0,0.0,,,0.0,,,0.0,0.0,0.0,0.41,0,0
S. Kotto,Reims,Värnamo,"LCB, RCB, LB",22,0,2030-06-30,17,1331,1,0.58,0,0.04,15.82,60.26,Cameroon,Cameroon,left,190,84,no,6.9,4.87,66.67,5.82,63.95,0.07,0.08,0.34,3.58,4.24,0.88,4,0.27,0,0.0,0.54,0.07,1,0.07,0.04,0,0.0,5,0.34,60.0,20.0,0.0,0.41,33.33,0.41,33.33,0.0,0.0,0.07,0.27,75.0,2.43,38.89,0.68,0.27,0.0,38.0,0.61,1.15,52.74,85.0,20.89,72.49,3.52,94.23,21.84,93.81,44.7,93.04,7.64,40.71,22.0,36.45,0.0,0.07,0.0,0.0,0.0,0.0,0.0,6.22,52.17,1.35,30.0,0.61,22.22,0.34,0.14,7.37,70.64,0,,0,,0,0.0,0.0,0.0,,,1.96,,,0.07,0.0,0.0,0.0,0,0
N. Törnqvist,Como,Mjällby,GK,24,0,,27,2592,0,0.0,0,0.0,0.66,94.74,Sweden,Sweden,left,195,82,no,1.25,0.14,75.0,0.42,100.0,0.0,0.0,0.0,1.15,1.53,0.0,1,0.03,0,0.0,0.0,0.0,0,0.0,0.0,0,0.0,0,0.0,0.0,0.0,0.0,0.0,0.0,0.0,0.0,0.0,0.0,0.0,0.0,0.0,0.0,0.0,0.0,0.0,0.0,16.53,0.17,0.03,22.57,93.85,9.9,88.42,0.0,0.0,11.35,98.17,17.5,98.21,5.07,78.77,24.86,40.45,0.0,0.0,0.0,0.0,0.0,0.0,0.0,0.21,50.0,0.0,0.0,0.0,0.0,0.0,0.0,3.92,74.34,29,1.01,104,3.61,6,72.12,24.65,0.86,-4.35,-0.151,0.0,1.7,0.42,,,,0.0,0,0
J. Persson,Sirius,Sirius,"RAMF, LAMF",24,0,2029-12-31,18,1322,5,4.51,4,2.35,21.72,39.18,Sweden,Sweden,right,183,69,no,5.24,5.65,51.81,2.79,26.83,0.27,0.38,0.2,2.04,2.85,1.91,4,0.27,0,0.0,3.13,0.34,5,0.34,0.31,0,0.0,31,2.11,41.94,16.129,0.27,1.57,30.43,0.68,50.0,0.89,15.38,0.14,3.47,50.98,10.01,37.41,4.29,2.31,0.48,15.59,1.23,1.23,19.61,78.47,3.13,67.39,6.6,93.81,6.13,76.67,17.43,83.59,0.61,55.56,16.77,10.07,0.16,1.23,0.0,0.0,0.07,0.0,0.48,1.09,62.5,1.29,57.89,0.07,0.0,1.09,0.54,2.52,64.86,0,,0,,0,0.0,0.0,0.0,,,0.07,,,0.0,0.0,0.0,0.0,0,0
V. Andersson,IFK Göteborg,Värnamo,GK,22,0,2027-06-30,15,1469,0,0.0,0,0.0,0.18,100.0,Sweden,Sweden,right,189,84,yes,1.53,0.06,100.0,0.12,100.0,0.0,0.0,0.0,1.47,1.66,0.0,0,0.0,0,0.0,0.0,0.0,0,0.0,0.0,0,0.0,0,0.0,0.0,0.0,0.0,0.0,0.0,0.0,0.0,0.0,0.0,0.0,0.0,0.0,0.0,0.0,0.0,0.0,0.0,12.13,0.31,0.0,20.28,83.99,10.17,71.08,0.0,0.0,8.7,97.18,14.64,96.23,5.64,52.17,27.03,46.38,0.0,0.0,0.0,0.0,0.0,0.0,0.0,0.74,58.33,0.06,0.0,0.06,0.0,0.0,0.0,4.59,50.67,19,1.16,65,3.98,5,70.77,18.81,1.15,-0.19,-0.012,0.0,0.86,0.12,,,,0.0,0,0
V. Ekström,Sirius,Sirius,"LB, RB",23,0,2028-12-31,6,101,0,0.0,0,0.0,20.5,60.87,Sweden,Sweden,right,181,72,no,11.58,10.69,75.0,0.89,100.0,0.0,0.0,0.89,3.56,5.45,0.89,0,0.0,0,0.0,0.89,0.0,0,0.0,0.0,0,0.0,0,0.0,0.0,0.0,0.0,2.67,33.33,2.67,33.33,0.0,0.0,0.0,0.0,0.0,6.24,42.86,0.89,0.0,0.0,43.66,4.46,2.67,50.79,84.21,13.37,66.67,17.82,100.0,14.26,87.5,45.45,90.2,2.67,33.33,24.6,13.49,0.0,0.0,0.0,0.0,0.0,0.0,0.0,1.78,50.0,1.78,50.0,0.0,0.0,0.0,0.0,5.35,66.67,0,,0,,0,0.0,0.0,0.0,,,5.35,,,0.0,0.0,0.0,0.0,0,0
L. Walta,Swansea City,Sirius,"RDMF, LDMF",23,0,2028-06-30,29,2729,7,3.12,3,4.58,16.29,48.99,Finland,Finland,right,170,67,no,7.02,6.86,54.33,0.66,25.0,0.3,0.4,0.1,3.0,4.01,0.86,4,0.13,0,0.0,2.44,0.23,6,0.2,0.1,0,0.0,58,1.91,29.31,12.069,0.1,1.78,44.44,0.79,50.0,0.99,40.0,0.33,1.85,55.36,6.43,47.18,0.49,1.15,0.16,44.52,0.59,1.62,58.7,87.3,16.26,72.01,11.74,97.47,21.77,91.36,49.5,92.67,7.52,61.4,19.31,42.82,0.15,1.35,0.1,0.07,0.2,33.33,0.3,10.09,72.22,3.46,47.62,1.06,43.75,0.92,0.76,9.14,81.23,0,,0,,0,0.0,0.0,0.0,,,0.59,,,1.19,0.43,53.85,2.34,1,100
S. Hakšabanović,Malmö FF,Malmö FF,"LWF, LAMF, LWB",27,0,2028-06-30,3,45,0,0.16,0,0.0,10.0,80.0,Sweden,"Sweden, Montenegro",right,174,69,no,4.0,2.0,100.0,2.0,100.0,0.0,0.0,0.0,2.0,4.29,0.0,0,0.0,0,0.0,2.0,0.0,0,0.0,0.32,0,0.0,1,2.0,100.0,0.0,0.0,2.0,0.0,2.0,0.0,0.0,0.0,0.0,0.0,0.0,4.0,50.0,4.0,0.0,0.0,40.0,2.0,2.0,50.0,72.0,16.0,62.5,10.0,100.0,10.0,40.0,42.0,85.71,6.0,0.0,14.66,20.08,0.0,0.0,0.0,0.0,0.0,0.0,0.0,6.0,33.33,6.0,33.33,0.0,0.0,0.0,2.0,8.0,25.0,0,,0,,0,0.0,0.0,0.0,,,0.0,,,0.0,0.0,0.0,0.0,0,0
B. Kurtulus,Malmö FF,Halmstad,"RCB, LCB",19,0,2030-12-31,8,224,0,0.0,0,0.01,15.27,68.42,Sweden,"Sweden, Kosovo",right,0,0,no,12.05,7.23,83.33,3.21,50.0,0.8,0.9,0.4,5.22,5.82,0.0,0,0.0,0,0.0,0.8,0.0,0,0.0,0.0,0,0.0,0,0.0,0.0,0.0,0.0,0.0,0.0,0.0,0.0,0.0,0.0,0.0,0.8,100.0,2.81,85.71,0.4,0.4,0.0,17.28,0.0,0.4,30.54,80.26,14.06,71.43,2.01,100.0,13.26,87.88,26.92,88.06,3.62,22.22,19.89,13.62,0.0,0.4,0.0,0.0,0.0,0.0,0.0,2.81,42.86,0.4,0.0,0.0,0.0,0.0,0.0,6.43,43.75,0,,0,,0,0.0,0.0,0.0,,,1.21,,,0.0,0.0,0.0,0.0,0,0
A. Manneh,Mjällby,Mjällby,"CF, LWF, AMF",21,0,2027-12-31,21,830,2,3.56,0,0.4,23.2,42.06,Gambia,Gambia,unknown,0,0,no,5.53,4.88,62.22,2.82,38.46,0.22,0.31,0.11,2.28,3.3,1.08,4,0.43,0,0.0,3.47,0.22,2,0.22,0.39,0,0.0,37,4.01,37.84,5.405,0.0,0.87,12.5,0.22,0.0,0.65,16.67,0.22,2.82,61.54,12.04,36.04,4.01,2.49,0.65,29.93,2.28,2.06,36.0,83.73,6.07,73.21,10.3,91.58,12.47,80.0,33.83,86.54,1.41,53.85,14.75,20.56,0.04,0.87,0.11,0.0,0.33,33.33,0.11,3.04,78.57,1.52,28.57,0.33,33.33,0.98,0.11,3.69,64.71,0,,0,,0,0.0,0.0,0.0,,,0.22,,,0.0,0.0,0.0,0.0,0,0
O. Rosengren,Malmö FF,Malmö FF,"LCMF, RCMF, LDMF",23,0,2027-12-31,26,1246,1,0.65,0,0.51,19.65,49.63,Sweden,Sweden,right,178,68,no,8.88,7.95,54.55,2.24,38.71,0.72,1.07,0.14,3.83,5.68,1.66,5,0.36,0,0.0,1.73,0.07,1,0.07,0.05,0,0.0,18,1.3,16.67,5.556,0.0,2.17,36.67,0.79,18.18,1.37,47.37,0.14,1.37,52.63,6.57,50.55,1.16,0.94,0.07,41.97,0.07,1.95,54.03,86.9,14.23,81.22,11.48,95.6,17.77,86.59,48.76,91.11,3.11,55.81,17.18,23.68,0.04,0.43,0.07,0.07,0.0,0.0,0.22,7.51,81.73,2.74,52.63,0.07,0.0,0.51,0.87,6.72,77.42,0,,0,,0,0.0,0.0,0.0,,,0.65,,,0.07,0.0,0.0,1.37,0,0
J. Agbonifo,Lens,Häcken,"RWF, RAMF, RW",20,0,2028-06-30,13,1138,2,1.96,1,0.9,23.96,44.55,Sweden,"Sweden, Nigeria",left,178,69,no,5.06,5.93,64.0,1.5,36.84,0.08,0.12,0.0,1.19,1.75,1.74,1,0.08,0,0.0,4.11,0.16,2,0.16,0.16,0,0.0,24,1.9,25.0,8.333,0.08,1.9,12.5,0.0,0.0,1.74,13.64,0.24,6.8,48.84,13.84,38.86,3.95,3.16,0.08,12.89,1.98,1.34,17.95,73.57,3.48,56.82,4.82,93.44,5.3,68.66,15.5,82.14,0.79,30.0,16.65,27.12,0.07,0.55,0.08,0.0,0.16,50.0,0.16,0.95,66.67,1.98,44.0,0.24,66.67,1.66,0.24,2.06,65.38,0,,0,,0,0.0,0.0,0.0,,,0.0,,,0.0,0.0,0.0,0.0,0,0
Montader Madjed,Hammarby,Hammarby,"RAMF, RWF",21,0,2028-12-31,15,680,0,0.63,3,2.04,25.81,44.62,Sweden,"Sweden, Iraq",left,182,74,no,4.1,4.1,67.74,0.66,40.0,0.13,0.23,0.0,1.19,2.06,0.93,0,0.0,0,0.0,6.75,0.0,0,0.0,0.08,0,0.0,10,1.32,20.0,0.0,0.4,5.03,21.05,0.0,0.0,4.76,19.44,0.79,11.12,48.81,19.59,41.22,3.31,5.56,0.26,29.38,0.93,1.85,41.56,81.85,5.56,73.81,16.15,96.72,10.85,71.95,36.4,90.55,0.13,0.0,14.32,3.26,0.27,1.46,0.0,0.0,0.0,0.0,0.66,1.46,72.73,3.44,34.62,0.0,0.0,0.53,1.19,2.78,71.43,0,,0,,0,0.0,0.0,0.0,,,0.0,,,0.13,0.0,0.0,2.65,0,0
Busanello,Malmö FF,Malmö FF,LB,27,0,2029-12-31,26,2231,1,1.04,5,2.67,15.53,54.03,Brazil,Brazil,left,180,75,no,9.28,6.74,59.88,1.33,39.39,0.08,0.12,0.36,5.16,7.84,1.45,5,0.2,0,0.0,3.07,0.04,1,0.04,0.04,0,0.0,21,0.85,28.57,4.762,0.2,4.03,37.0,4.03,37.0,0.0,0.0,0.69,1.69,78.57,5.53,50.36,1.57,1.82,0.56,50.47,1.77,1.21,64.79,86.43,24.12,82.27,11.9,96.95,18.27,85.43,56.56,92.58,4.36,50.0,17.92,34.77,0.11,1.53,0.0,0.04,0.0,0.0,0.44,8.07,81.0,3.79,53.19,0.08,0.0,0.81,1.45,11.9,79.66,0,,0,,0,0.0,0.0,0.0,,,0.93,,,0.16,0.04,0.0,2.5,0,0
Abdullah Iqbal,Mjällby,Mjällby,LCB,23,0,2028-12-31,3,73,0,0.0,0,0.0,17.26,28.57,Pakistan,Pakistan,,0,0,no,2.47,3.7,33.33,6.16,40.0,0.0,0.0,1.23,1.23,1.5,0.0,0,0.0,0,0.0,0.0,0.0,0,0.0,0.0,0,0.0,0,0.0,0.0,0.0,0.0,0.0,0.0,0.0,0.0,0.0,0.0,0.0,0.0,0.0,0.0,0.0,0.0,0.0,0.0,17.26,0.0,0.0,25.89,90.48,7.4,83.33,1.23,100.0,13.56,90.91,25.89,90.48,0.0,0.0,11.08,0.0,0.0,0.0,0.0,0.0,0.0,0.0,0.0,2.47,100.0,0.0,0.0,0.0,0.0,0.0,0.0,3.7,66.67,0,,0,,0,0.0,0.0,0.0,,,0.0,,,0.0,0.0,0.0,0.0,0,0
M. Karlsson,Hammarby,Hammarby,"RDMF, RCMF",22,0,2029-12-31,25,1727,0,0.73,2,1.34,15.11,57.59,Sweden,Sweden,right,187,80,no,8.6,6.83,74.81,1.46,39.29,0.31,0.48,0.05,3.18,4.89,0.73,1,0.05,0,0.0,0.83,0.0,0,0.0,0.04,0,0.0,7,0.36,14.29,0.0,0.1,0.63,41.67,0.0,0.0,0.63,41.67,0.1,0.89,52.94,4.27,43.9,1.09,1.77,0.47,37.05,0.21,1.2,49.92,91.34,11.88,84.65,11.26,94.44,13.24,91.34,48.41,92.79,0.89,47.06,13.69,14.04,0.07,0.78,0.0,0.1,0.1,50.0,0.36,4.22,96.3,1.04,45.0,0.0,0.0,0.52,0.26,4.06,70.51,0,,0,,0,0.0,0.0,0.0,,,0.52,,,0.0,0.0,0.0,0.0,0,0
H. Skoglund,Hammarby,Hammarby,RB,22,0,2029-12-31,29,2283,0,0.49,1,1.33,20.58,52.87,Sweden,Sweden,right,181,72,no,8.95,8.32,67.3,1.58,50.0,0.08,0.11,0.35,3.27,4.66,0.79,2,0.08,0,0.0,2.52,0.0,0,0.0,0.02,0,0.0,11,0.43,18.18,0.0,0.04,1.81,30.43,0.04,0.0,1.77,31.11,0.24,3.31,55.95,8.52,42.59,1.3,2.52,1.3,32.05,0.51,1.7,41.04,83.48,13.99,72.96,10.64,95.56,9.5,82.99,36.7,88.83,2.64,43.28,16.98,31.55,0.05,0.47,0.08,0.0,0.04,100.0,0.12,4.61,76.92,1.7,44.19,0.16,0.0,0.55,0.51,6.74,71.35,0,,0,,0,0.0,0.0,0.0,,,0.79,,,0.0,0.0,0.0,0.0,0,0
S. Nioule,Charleroi,Häcken,"LAMF, LW, LWF",21,0,2029-06-30,6,144,0,0.16,1,0.34,24.38,48.72,Côte d'Ivoire,Côte d'Ivoire,right,177,70,no,6.88,5.0,87.5,1.88,33.33,0.0,0.0,0.0,2.5,4.14,1.88,0,0.0,0,0.0,7.5,0.0,0,0.0,0.1,0,0.0,2,1.25,50.0,0.0,0.63,6.25,20.0,6.25,20.0,0.0,0.0,0.0,8.75,57.14,14.37,43.48,6.88,6.25,1.25,19.38,1.88,1.25,25.63,70.73,3.13,80.0,9.38,86.67,7.5,58.33,18.75,90.0,0.63,0.0,16.46,3.91,0.21,1.25,0.0,0.0,0.63,100.0,1.25,1.25,100.0,2.5,75.0,0.0,0.0,1.88,1.25,4.38,85.71,0,,0,,0,0.0,0.0,0.0,,,0.0,,,0.0,0.0,0.0,0.0,0,0
V. Djukanović,Győri ETO,Hammarby,"LAMF, LW, LWF",22,0,2028-06-30,12,612,2,1.34,1,0.47,23.09,37.58,Montenegro,Montenegro,right,184,78,yes,2.94,2.5,47.06,1.62,9.09,0.0,0.0,0.15,1.76,2.54,0.29,0,0.0,0,0.0,6.03,0.29,2,0.29,0.2,0,0.0,19,2.79,47.37,10.526,0.15,3.24,18.18,3.09,19.05,0.15,0.0,0.88,7.35,56.0,17.65,39.17,2.94,3.38,0.74,19.12,3.38,2.35,23.68,73.29,2.65,22.22,5.44,97.3,9.85,71.64,18.97,85.27,2.06,42.86,19.49,33.11,0.07,0.88,0.15,0.0,0.15,0.0,0.15,0.59,50.0,1.91,38.46,0.29,50.0,0.59,0.44,1.76,50.0,0,,0,,0,0.0,0.0,0.0,,,0.0,,,0.15,0.15,100.0,0.0,0,0
A. Boudri,Hammarby,GAIS,"LCMF, LWF",21,0,2030-12-31,22,1006,2,2.47,0,1.09,29.79,40.24,Sweden,"Sweden, Morocco",right,176,60,no,5.99,6.98,57.69,1.97,22.73,0.09,0.11,0.18,1.88,2.33,2.06,4,0.36,1,0.09,5.01,0.18,2,0.18,0.22,0,0.0,27,2.42,29.63,7.407,0.0,1.43,43.75,1.25,50.0,0.18,0.0,0.27,8.41,41.49,18.07,35.64,3.13,2.77,0.36,13.6,0.98,1.79,20.04,87.05,3.31,72.97,6.98,96.15,4.83,83.33,18.25,91.67,0.36,25.0,14.38,7.68,0.1,0.98,0.09,0.0,0.18,100.0,0.36,1.25,85.71,1.34,66.67,0.18,100.0,0.72,0.63,1.97,59.09,0,,0,,0,0.0,0.0,0.0,,,0.18,,,0.18,0.09,0.0,0.98,0,0
L. Carlstrand,Öster,IFK Göteborg,CF,21,0,2030-12-31,16,451,1,2.58,0,0.16,26.74,27.61,Sweden,Sweden,right,184,79,no,4.59,5.19,46.15,6.78,23.53,0.6,0.87,0.2,1.6,2.31,1.8,0,0.0,0,0.0,2.59,0.2,1,0.2,0.51,0,0.0,14,2.79,28.57,7.143,0.0,0.6,33.33,0.2,0.0,0.4,50.0,0.2,2.39,66.67,9.38,23.4,4.19,0.4,0.2,7.58,1.8,0.4,13.57,67.65,1.8,77.78,4.39,81.82,3.39,41.18,12.37,72.58,0.6,0.0,12.55,7.08,0.03,1.0,0.0,0.0,0.0,0.0,0.2,1.0,80.0,1.0,40.0,0.0,0.0,0.8,0.2,1.4,71.43,0,,0,,0,0.0,0.0,0.0,,,0.0,,,0.0,0.0,0.0,0.0,0,0
A. Faqa,Degerfors,AIK,"RB, RCB",23,0,2028-12-31,7,82,0,0.0,0,0.0,15.37,57.14,Syria,"Syria, Sweden",right,187,83,no,8.78,7.68,57.14,2.2,50.0,0.0,0.0,1.1,4.39,4.8,1.1,0,0.0,0,0.0,1.1,0.0,0,0.0,0.0,0,0.0,0,0.0,0.0,0.0,0.0,0.0,0.0,0.0,0.0,0.0,0.0,0.0,1.1,100.0,2.2,50.0,0.0,0.0,0.0,18.66,1.1,1.1,27.44,84.0,10.98,70.0,0.0,0.0,9.88,88.89,25.24,86.96,2.2,50.0,17.48,4.5,0.0,0.0,0.0,0.0,0.0,0.0,0.0,5.49,60.0,0.0,0.0,0.0,0.0,0.0,0.0,6.59,50.0,0,,0,,0,0.0,0.0,0.0,,,0.0,,,0.0,0.0,0.0,0.0,0,0
I. Buhari,Austria Wien,Elfsborg,"RCB, LCB",24,0,2029-06-30,16,1284,0,0.79,1,0.77,12.41,55.37,Nigeria,Nigeria,right,190,83,no,10.65,5.75,63.41,3.64,50.0,0.49,0.54,0.63,6.52,7.21,1.4,4,0.28,1,0.07,0.21,0.0,0,0.0,0.06,0,0.0,5,0.35,20.0,0.0,0.07,0.42,33.33,0.0,0.0,0.42,33.33,0.0,0.0,0.0,0.98,35.71,1.12,0.35,0.0,22.57,0.56,0.21,39.25,80.54,17.1,71.72,2.94,97.62,15.63,87.44,32.45,87.26,6.38,49.45,21.34,34.39,0.05,0.21,0.0,0.07,0.0,0.0,0.0,6.59,57.45,1.33,31.58,0.49,42.86,0.56,0.14,8.27,72.88,0,,0,,0,0.0,0.0,0.0,,,2.17,,,0.07,0.0,0.0,0.0,0,0
F. Gustafsson,Norrby,GAIS,DMF,24,0,2026-11-30,14,409,0,0.33,0,0.05,14.52,53.03,Sweden,Sweden,right,182,75,yes,12.76,7.48,67.65,2.86,38.46,0.44,0.48,0.44,7.26,7.86,1.54,2,0.44,0,0.0,0.22,0.0,0,0.0,0.07,0,0.0,3,0.66,0.0,0.0,0.0,0.22,100.0,0.0,0.0,0.22,100.0,0.0,0.0,0.0,1.54,57.14,0.88,0.22,0.0,17.6,0.0,0.88,29.49,85.07,7.92,80.56,4.62,100.0,11.22,86.27,28.17,85.16,1.1,80.0,16.01,7.93,0.01,0.88,0.22,0.0,0.0,0.0,0.0,1.98,77.78,0.66,100.0,0.0,0.0,0.66,0.22,5.06,52.17,0,,0,,0,0.0,0.0,0.0,,,0.44,,,0.0,0.0,0.0,0.0,0,0
B. Brantlind,Strasbourg,IFK Göteborg,RW,18,0,2031-06-30,1,12,0,0.0,0,0.0,,,Sweden,Sweden,right,183,70,no,,,,,,,0.0,,,10.0,,0,,0,,,,0,,,0,,0,,,0.0,,,,,,,,,,,,,,,,,,,,,,,,,,,,,,,10.47,0.0,,,,,,,,,,,,,,,,,,0,,0,,0,0.0,0.0,,,,,,,,,,,0,0
S. Peña,OFK Beograd,Malmö FF,"RCMF, RDMF",30,0,2028-12-31,21,1526,1,1.41,2,2.02,18.46,48.24,Peru,"Peru, Spain",right,178,70,no,8.85,8.26,58.57,1.83,45.16,0.71,1.14,0.0,3.3,5.33,1.36,4,0.24,0,0.0,2.24,0.06,1,0.06,0.08,0,0.0,29,1.71,27.59,3.448,0.12,1.95,45.45,0.53,44.44,1.42,45.83,0.18,1.12,52.63,5.6,37.89,0.77,0.59,0.12,70.07,0.12,1.3,85.99,87.31,28.72,75.98,12.15,97.09,31.61,92.54,76.61,91.61,7.55,53.91,19.48,35.94,0.12,0.71,0.0,0.0,0.53,55.56,0.41,16.93,74.22,3.3,41.07,1.36,26.09,0.65,0.77,12.92,83.56,0,,0,,0,0.0,0.0,0.0,,,0.59,,,0.18,0.06,100.0,0.47,0,0
R. Yeboah,Osasuna,IFK Göteborg,LDMF,22,0,2031-06-30,1,12,0,0.0,0,0.0,,,Ghana,Ghana,right,189,82,no,,,,,,,0.0,,,0.0,,0,,0,,,,0,,,0,,0,,,0.0,,,,,,,,,,,,,,,,,,,,,,,,,,,,,,,17.33,20.79,,,,,,,,,,,,,,,,,,0,,0,,0,0.0,0.0,,,,,,,,,,,0,0
T. Bazoumana,Newcastle United,Hammarby,"LAMF, LW, LWF",20,0,2031-06-30,23,1783,9,4.77,2,3.13,24.53,47.12,Côte d'Ivoire,Côte d'Ivoire,left,175,68,no,6.66,6.01,63.03,1.97,25.64,0.15,0.23,0.1,2.73,4.13,1.41,3,0.15,0,0.0,6.26,0.45,9,0.45,0.24,3,0.15,37,1.87,51.35,24.324,0.1,4.54,25.56,4.19,25.3,0.25,20.0,0.81,6.81,60.0,13.68,47.97,4.19,4.44,1.77,22.06,2.12,1.36,30.39,75.75,4.19,56.63,9.54,93.65,10.6,68.1,25.14,85.74,0.96,42.11,16.65,19.95,0.16,1.11,0.05,0.05,0.25,20.0,0.61,1.01,60.0,4.04,43.75,0.4,25.0,1.21,1.06,3.43,69.12,0,,0,,0,0.0,0.0,0.0,,,0.2,,,0.0,0.0,0.0,0.1,0,0
P. Dahbo,Häcken,Häcken,"RCMF, AMF",20,0,2028-06-30,25,781,0,1.78,1,0.49,19.59,47.65,Sweden,Sweden,left,176,73,no,6.34,6.91,61.67,1.04,44.44,0.0,0.0,0.0,2.07,3.38,1.27,2,0.23,0,0.0,1.27,0.0,0,0.0,0.2,0,0.0,16,1.84,18.75,0.0,0.12,1.61,28.57,0.81,28.57,0.81,28.57,0.23,1.61,21.43,8.3,36.11,2.07,0.81,0.23,27.2,0.81,0.92,35.61,86.41,8.07,81.43,8.99,96.15,11.75,84.31,32.38,90.39,1.61,64.29,18.63,13.43,0.06,0.92,0.12,0.0,0.23,50.0,0.23,3.92,85.29,2.42,38.1,0.23,0.0,0.46,0.58,4.15,80.56,0,,0,,0,0.0,0.0,0.0,,,0.35,,,0.0,0.0,0.0,1.84,0,0
E. Stroud,Mjällby,Mjällby,"LWB, LB",24,0,2030-06-30,29,2588,7,3.49,6,6.79,19.3,48.47,Sweden,Sweden,left,180,75,no,8.35,7.06,63.55,1.18,20.59,0.17,0.23,0.21,3.69,4.92,0.94,1,0.03,0,0.0,3.96,0.24,7,0.24,0.12,0,0.0,64,2.23,25.0,10.938,0.21,3.37,37.11,2.12,29.51,1.18,50.0,0.52,3.55,55.88,8.45,42.39,2.36,2.19,0.73,24.55,1.43,1.01,34.46,74.67,11.68,66.37,6.68,92.19,9.7,72.04,27.47,82.15,3.79,51.38,18.16,30.65,0.24,1.39,0.07,0.03,0.35,50.0,0.63,4.24,63.93,3.93,49.56,0.56,50.0,0.97,1.32,7.58,68.35,0,,0,,0,0.0,0.0,0.0,,,0.28,,,1.08,0.31,33.33,2.54,0,0
I. Diabaté,GAIS,Västerås SK,CF,26,0,2029-12-31,20,928,1,4.88,0,0.06,21.05,28.11,Côte d'Ivoire,Côte d'Ivoire,right,185,74,no,2.23,1.94,50.0,7.76,31.25,0.1,0.13,0.1,1.16,1.56,1.07,1,0.1,0,0.0,0.87,0.1,1,0.1,0.47,0,0.0,30,2.91,16.67,3.333,0.0,0.0,0.0,0.0,0.0,0.0,0.0,0.0,0.97,40.0,7.47,19.48,3.3,0.78,0.29,11.06,2.04,1.07,13.29,86.86,2.62,70.37,3.59,89.19,4.46,91.3,13.29,86.86,0.0,0.0,11.85,0.0,0.01,0.29,0.1,0.0,0.0,0.0,0.0,0.58,83.33,0.39,50.0,0.0,0.0,0.48,0.0,0.58,50.0,0,,0,,0,0.0,0.0,0.0,,,0.0,,,0.0,0.0,0.0,0.0,0,0
