Player,Team,Team within selected timeframe,Position,Age,Market value,Contract expires,Matches played,Minutes played,Goals,xG,Assists,xA,Duels per 90,"Duels won, %",Birth country,Passport country,Foot,Height,Weight,On loan,Successful defensive actions per 90,Defensive duels per 90,"Defensive duels won, %",Aerial duels per 90,"Aerial duels won, %",Sliding tackles per 90,PAdj Sliding tackles,Shots blocked per 90,Interceptions per 90,PAdj Interceptions,Fouls per 90,Yellow cards,Yellow cards per 90,Red cards,Red cards per 90,Successful attacking actions per 90,Goals per 90,Non-penalty goals,Non-penalty goals per 90,xG per 90,Head goals,Head goals per 90,Shots,Shots per 90,"Shots on target, %","Goal conversion, %",Assists per 90,Crosses per 90,"Accurate crosses, %",Crosses from left flank per 90,"Accurate crosses from left flank, %",Crosses from right flank per 90,"Accurate crosses from right flank, %",Crosses to goalie box per 90,Dribbles per 90,"Successful dribbles, %",Offensive duels per 90,"Offensive duels won, %",Touches in box per 90,Progressive runs per 90,Accelerations per 90,Received passes per 90,Received long passes per 90,Fouls suffered per 90,Passes per 90,"Accurate passes, %",Forward passes per 90,"Accurate forward passes, %",Back passes per 90,"Accurate back passes, %",Lateral passes per 90,"Accurate lateral passes, %",Short / medium passes per 90,"Accurate short / medium passes, %",Long passes per 90,"Accurate long passes, %","Average pass length, m","Average long pass length, m",xA per 90,Shot assists per 90,Second assists per 90,Third assists per 90,Smart passes per 90,"Accurate smart passes, %",Key passes per 90,Passes to final third per 90,"Accurate passes to final third, %",Passes to penalty area per 90,"Accurate passes to penalty area, %",Through passes per 90,"Accurate through passes, %",Deep completions per 90,Deep completed crosses per 90,Progressive passes per 90,"Accurate progressive passes, %",Conceded goals,Conceded goals per 90,Shots against,Shots against per 90,Clean sheets,"Save rate, %",xG against,xG against per 90,Prevented goals,Prevented goals per 90,Back passes received as GK per 90,Exits per 90,Aerial duels per 90.1,Free kicks per 90,Direct free kicks per 90,"Direct free kicks on target, %",Corners per 90,Penalties taken,"Penalty conversion, %"
L. Majer,Wolfsburg,Dinamo Zagreb,"RCMF, AMF",28,20000000,2028-06-30,5,329,3,1.75,1,0.89,19.7,48.61,Croatia,Croatia,left,178,76,no,6.02,4.38,43.75,2.19,50.0,0.27,0.48,0.27,3.83,6.77,1.37,0,0.0,0,0.0,8.21,0.82,3,0.82,0.48,0,0.0,12,3.28,75.0,25.0,0.27,3.56,30.77,1.91,28.57,1.64,33.33,0.55,6.57,50.0,9.85,44.44,4.38,3.56,1.37,48.15,0.82,0.82,65.65,82.5,21.34,82.05,10.67,79.49,20.24,82.43,57.72,85.78,4.65,76.47,17.93,33.85,0.24,2.19,0.0,0.27,2.74,50.0,0.82,14.77,90.74,5.47,45.0,3.83,50.0,1.91,1.09,10.94,82.5,0,,0,,0,0.0,0.0,0.0,,,0.27,,,1.91,0.82,66.67,6.29,0,0.0
D. Livaković,Dinamo Zagreb,Dinamo Zagreb,GK,31,11000000,2028-06-30,34,3303,0,0.0,0,0.0,0.34,91.67,Croatia,Croatia,right,188,79,yes,1.09,0.03,100.0,0.17,83.33,0.0,0.0,0.0,1.06,1.7,0.0,2,0.05,0,0.0,0.03,0.0,0,0.0,0.0,0,0.0,0,0.0,0.0,0.0,0.0,0.0,0.0,0.0,0.0,0.0,0.0,0.0,0.03,100.0,0.11,100.0,0.0,0.0,0.0,12.8,0.42,0.11,17.56,87.24,10.31,81.25,0.03,100.0,6.53,97.0,10.78,97.4,6.72,71.67,32.28,45.17,0.0,0.0,0.0,0.0,0.0,0.0,0.0,1.18,61.9,0.14,20.0,0.14,40.0,0.03,0.0,5.52,72.59,21,0.59,87,2.44,18,75.86,22.05,0.62,1.05,0.029,0.03,0.67,0.17,,,,0.0,0,0.0
M. Ljubičić,Fortuna Düsseldorf,Hajduk Split,"CF, RAMF",24,8000000,2026-06-30,30,1482,2,6.4,3,1.75,17.85,32.65,Croatia,Croatia,right,183,85,yes,4.13,4.07,50.75,4.25,34.29,0.06,0.09,0.24,2.0,3.08,1.46,1,0.06,0,0.0,1.76,0.12,2,0.12,0.39,1,0.06,35,2.13,31.43,5.714,0.18,1.7,21.43,0.36,16.67,1.28,23.81,0.12,1.58,34.62,6.26,26.21,4.43,0.79,0.24,13.72,1.64,0.97,19.19,71.84,3.89,53.13,5.34,93.18,4.25,68.57,16.58,79.49,0.91,26.67,15.92,10.34,0.11,0.91,0.12,0.0,0.61,30.0,0.49,1.28,57.14,1.09,44.44,0.67,27.27,0.55,0.3,1.76,55.17,0,,0,,0,0.0,0.0,0.0,,,0.0,,,0.0,0.0,0.0,0.0,0,0.0
K. Jakić,Augsburg,Dinamo Zagreb,"DMF, RCMF",29,6500000,2028-06-30,5,354,1,1.33,0,0.26,26.44,54.81,Croatia,Croatia,right,184,78,no,7.37,7.37,58.62,4.07,43.75,0.25,0.45,0.0,2.8,5.0,1.27,0,0.0,0,0.0,3.56,0.25,1,0.25,0.34,0,0.0,7,1.78,71.43,14.286,0.0,1.27,40.0,0.0,0.0,1.27,40.0,0.51,2.54,70.0,10.17,57.5,2.03,1.27,0.51,51.86,0.25,4.07,64.83,90.98,18.31,87.5,6.1,95.83,32.03,92.86,56.95,94.64,6.61,69.23,18.11,36.35,0.07,1.27,0.0,0.0,0.25,0.0,0.51,11.95,80.85,2.29,33.33,1.78,14.29,1.02,0.51,8.39,93.94,0,,0,,0,0.0,0.0,0.0,,,0.0,,,0.0,0.0,0.0,0.0,0,0.0
B. Petković,Kocaelispor,Dinamo Zagreb,"CF, AMF",31,5000000,2027-06-30,30,2123,7,7.55,4,3.57,31.99,44.28,Croatia,Croatia,right,193,88,no,5.07,3.97,60.0,7.32,58.43,0.44,0.7,0.0,2.25,3.57,1.06,5,0.21,1,0.04,4.24,0.3,4,0.18,0.33,1,0.04,52,2.29,30.77,11.538,0.18,1.15,46.15,0.53,58.33,0.53,33.33,0.13,4.37,56.57,15.04,37.24,3.88,1.63,0.49,20.65,2.07,1.63,34.24,75.13,8.82,52.5,6.84,88.39,11.87,85.13,31.15,76.77,1.99,66.67,16.45,28.19,0.16,1.5,0.13,0.0,2.43,21.82,0.97,4.41,64.0,3.49,49.37,2.25,19.61,1.81,0.53,4.1,73.12,0,,0,,0,0.0,0.0,0.0,,,0.0,,,0.13,0.13,0.0,0.04,3,66.667
M. Livaja,Hajduk Split,Hajduk Split,"CF, AMF",32,5000000,2027-06-30,34,3225,29,23.42,6,6.72,29.58,40.75,Croatia,Croatia,right,182,80,no,3.07,2.82,47.52,3.93,41.84,0.14,0.21,0.08,1.59,2.38,1.53,7,0.2,0,0.0,7.03,0.81,17,0.47,0.65,3,0.08,140,3.91,37.86,20.714,0.17,3.27,24.79,1.2,23.26,2.04,26.03,0.75,7.45,52.06,18.22,39.82,4.83,2.34,0.81,21.13,2.79,2.2,27.71,68.38,7.7,60.14,5.11,87.98,8.87,66.04,22.1,77.02,2.4,46.51,18.61,33.12,0.19,1.14,0.17,0.0,1.84,46.97,0.92,3.49,61.6,5.3,44.21,2.07,36.49,2.18,0.81,4.49,86.34,0,,0,,0,0.0,0.0,0.0,,,0.03,,,0.89,0.31,18.18,0.0,12,100.0
N. Janković,Slovan Bratislava,Gorica,"RCMF, RDMF, CF",24,5000000,2029-01-15,8,133,0,0.02,0,0.0,19.41,31.82,Croatia,Croatia,right,188,78,yes,13.24,11.47,46.15,2.65,33.33,3.53,4.8,0.88,4.41,6.0,3.53,1,0.68,0,0.0,0.0,0.0,0,0.0,0.02,0,0.0,1,0.88,0.0,0.0,0.0,0.88,0.0,0.0,0.0,0.88,0.0,0.0,0.88,0.0,3.53,0.0,0.0,0.0,0.0,25.59,0.88,0.0,38.82,79.55,7.06,62.5,7.94,88.89,15.88,83.33,34.41,82.05,3.53,75.0,14.52,21.5,0.0,0.0,0.0,0.0,0.0,0.0,0.0,4.41,100.0,0.88,0.0,0.0,0.0,0.0,0.0,5.29,66.67,0,,0,,0,0.0,0.0,0.0,,,0.0,,,0.0,0.0,0.0,0.0,0,0.0
T. Fruk,Rijeka,Gorica,"LAMF, RAMF, LW",25,5000000,2027-06-15,29,1549,5,2.1,2,1.36,20.56,37.69,Croatia,Croatia,left,177,74,no,6.31,4.81,58.44,4.19,28.36,0.19,0.25,0.13,3.31,4.43,0.81,2,0.12,0,0.0,3.56,0.29,4,0.25,0.13,0,0.0,33,2.06,36.36,12.121,0.13,2.5,27.5,1.62,26.92,0.88,28.57,0.44,4.0,45.31,8.81,35.46,3.13,1.31,0.38,19.0,2.06,1.06,25.63,71.22,7.87,60.32,4.69,94.67,7.81,69.6,21.31,77.71,2.06,54.55,17.47,25.61,0.09,1.06,0.06,0.0,0.75,41.67,0.38,3.13,68.0,3.44,43.64,0.5,25.0,1.25,0.69,5.06,70.37,0,,0,,0,0.0,0.0,0.0,,,0.19,,,0.81,0.19,33.33,1.25,0,0.0
M. Perković,Cracovia Kraków,Istra 1961,"LCB, LB, RCB",23,5000000,2029-06-30,25,1972,3,1.9,0,0.25,13.92,52.79,Croatia,Croatia,left,185,77,no,9.31,5.61,59.35,3.1,50.0,0.46,0.6,0.5,5.52,7.3,1.0,6,0.27,0,0.0,0.82,0.14,3,0.14,0.09,3,0.14,11,0.5,63.64,27.273,0.0,0.46,10.0,0.46,10.0,0.0,0.0,0.14,1.0,45.45,2.51,56.36,0.73,0.91,0.32,31.54,0.32,1.23,45.46,84.74,16.34,70.11,3.74,96.34,18.99,92.79,40.57,91.0,4.43,35.05,18.34,30.85,0.01,0.14,0.09,0.0,0.09,0.0,0.05,3.97,62.07,0.73,25.0,0.55,16.67,0.14,0.05,7.39,61.73,0,,0,,0,0.0,0.0,0.0,,,1.78,,,0.0,0.0,0.0,0.0,0,0.0
N. Labrović,Augsburg,Rijeka,GK,26,4500000,2029-06-30,23,2222,0,0.0,0,0.0,0.45,72.73,Croatia,Croatia,right,196,88,no,1.01,0.08,50.0,0.32,87.5,0.0,0.0,0.0,0.97,1.28,0.0,0,0.0,0,0.0,0.0,0.0,0,0.0,0.0,0,0.0,0,0.0,0.0,0.0,0.0,0.0,0.0,0.0,0.0,0.0,0.0,0.0,0.0,0.0,0.0,0.0,0.0,0.0,0.04,12.15,0.41,0.0,17.17,84.67,9.19,74.45,0.0,0.0,7.61,97.34,10.45,96.12,6.68,67.27,32.69,45.87,0.0,0.0,0.0,0.0,0.0,0.0,0.0,1.38,55.88,0.04,0.0,0.04,0.0,0.0,0.0,5.59,70.29,30,1.22,99,4.01,7,69.7,29.37,1.19,-0.63,-0.026,0.0,1.05,0.32,,,,0.0,0,0.0
S. Biuk,Real Valladolid,Hajduk Split,"LW, LAMF",23,4000000,2029-06-30,28,1647,1,2.9,3,2.14,24.7,44.91,Croatia,Croatia,right,184,76,no,6.56,6.61,56.2,1.2,54.55,0.33,0.49,0.0,2.51,3.79,1.15,3,0.16,0,0.0,4.81,0.05,1,0.05,0.16,0,0.0,23,1.26,17.39,4.348,0.16,2.51,21.74,2.46,22.22,0.05,0.0,0.55,7.6,51.8,13.66,42.4,3.5,2.51,1.2,17.54,1.97,1.64,25.63,75.48,5.63,63.11,6.99,93.75,7.76,69.72,22.46,82.48,0.71,38.46,16.85,11.8,0.12,0.6,0.11,0.05,0.55,20.0,0.38,2.13,58.97,2.73,44.0,0.38,28.57,1.31,0.55,3.17,79.31,0,,0,,0,0.0,0.0,0.0,,,0.0,,,0.0,0.0,0.0,0.0,0,0.0
D. Beljo,Dinamo Zagreb,Istra 1961,CF,24,4000000,2030-06-30,34,2925,15,12.33,3,3.39,23.54,33.07,Croatia,Croatia,left,195,84,no,3.35,2.74,50.56,4.22,40.88,0.22,0.3,0.09,1.75,2.42,1.51,3,0.09,0,0.0,2.09,0.46,12,0.37,0.38,2,0.06,40,1.23,57.5,37.5,0.09,0.28,22.22,0.22,14.29,0.06,50.0,0.06,3.02,39.8,12.06,29.34,2.46,1.2,0.71,9.29,1.29,1.66,15.48,81.11,2.55,60.24,5.97,89.18,3.6,80.34,14.83,82.57,0.4,61.54,14.07,10.4,0.1,0.83,0.03,0.03,0.37,33.33,0.43,1.32,65.12,0.71,52.17,0.52,35.29,0.62,0.06,0.8,69.23,0,,0,,0,0.0,0.0,0.0,,,0.03,,,0.0,0.0,0.0,0.0,4,75.0
M. Bulat,Raków Częstochowa,Dinamo Zagreb,"DMF, LDMF, LCMF",24,3500000,2030-06-30,15,648,1,0.52,0,1.14,16.39,52.63,Croatia,Croatia,right,179,69,no,7.33,7.33,60.78,2.59,55.56,0.14,0.24,0.43,2.73,4.6,1.01,1,0.14,0,0.0,1.73,0.14,1,0.14,0.08,0,0.0,11,1.58,9.09,9.091,0.0,2.01,21.43,1.15,25.0,0.86,16.67,0.29,1.15,62.5,3.88,40.74,1.01,1.15,0.14,63.69,0.58,0.43,76.63,89.68,18.83,80.92,9.06,98.41,40.83,91.55,67.86,93.22,6.9,75.0,20.34,35.39,0.16,1.29,0.0,0.0,0.58,75.0,0.14,12.51,80.46,2.59,44.44,1.01,42.86,0.86,0.29,9.06,87.3,0,,0,,0,0.0,0.0,0.0,,,1.87,,,1.29,0.14,0.0,3.59,0,0.0
V. Hodža,Rubin Kazan',Hrvatski Dragovoljac,"LCMF, RCMF",23,3500000,2028-06-30,16,1522,1,0.83,0,0.62,18.92,50.94,Croatia,Croatia,right,183,74,no,11.0,8.22,64.75,2.78,46.81,0.41,0.43,0.53,5.26,5.44,0.95,0,0.0,0,0.0,1.01,0.06,1,0.06,0.05,0,0.0,15,0.89,33.33,6.667,0.0,0.12,50.0,0.06,0.0,0.06,100.0,0.06,1.89,34.38,5.09,37.21,0.47,1.18,0.59,19.99,0.59,0.47,31.81,82.53,9.17,63.23,7.04,95.8,11.29,90.05,29.98,84.81,1.71,44.83,18.26,26.23,0.04,0.77,0.0,0.12,0.53,0.0,0.12,2.84,62.5,1.01,58.82,0.59,10.0,0.35,0.12,4.02,55.88,0,,0,,0,0.0,0.0,0.0,,,0.3,,,0.12,0.0,0.0,0.65,0,0.0
A. Čerin,Panathinaikos,Rijeka,"LCMF, DMF",26,3500000,2028-06-30,30,2214,2,2.96,3,1.93,19.07,52.89,Slovenia,Slovenia,left,180,70,no,11.19,7.42,70.86,3.05,43.06,0.72,0.98,0.34,5.21,7.06,1.23,4,0.16,0,0.0,1.99,0.08,2,0.08,0.13,0,0.0,32,1.36,34.38,6.25,0.13,0.64,33.33,0.51,16.67,0.13,100.0,0.13,1.95,52.17,5.38,48.03,1.02,1.36,0.64,37.5,0.72,1.23,51.69,88.93,14.92,78.98,7.71,94.51,20.72,92.84,48.18,91.29,2.88,61.76,17.57,32.75,0.08,0.85,0.08,0.04,0.47,63.64,0.25,7.29,80.81,1.27,43.33,0.59,71.43,0.55,0.17,6.27,78.38,0,,0,,0,0.0,0.0,0.0,,,0.08,,,0.47,0.04,0.0,1.19,0,0.0
L. Selahi,Widzew Łódź,Rijeka,"RDMF, RCMF",27,3000000,2028-06-30,30,2438,2,1.21,0,0.58,19.74,53.79,Belgium,"Belgium, Albania",right,180,75,no,12.8,9.47,64.37,2.61,41.18,1.88,2.47,0.11,4.83,6.35,1.26,4,0.15,0,0.0,1.34,0.07,2,0.08,0.05,0,0.0,18,0.69,38.89,11.111,0.0,0.69,38.89,0.11,100.0,0.57,26.67,0.08,1.03,55.56,3.79,42.42,0.65,0.69,0.38,35.8,0.34,1.0,49.6,87.33,13.8,73.33,7.7,96.52,20.05,92.93,45.69,91.19,3.26,43.53,17.91,33.54,0.02,0.42,0.08,0.08,0.27,85.71,0.19,6.59,70.93,1.15,40.0,0.5,30.77,0.31,0.23,6.02,78.34,0,,0,,0,0.0,0.0,0.0,,,0.46,,,0.0,0.0,0.0,0.0,0,0.0
L. Zvonarek,Estrela Amadora (OLD),Slaven Belupo,"CF, LW, AMF",21,3000000,2029-06-30,20,1563,3,4.54,0,0.8,20.44,35.61,Croatia,Croatia,right,180,70,no,5.28,5.58,58.7,3.64,13.33,0.3,0.38,0.0,1.7,2.12,0.91,2,0.12,0,0.0,1.76,0.17,3,0.18,0.28,0,0.0,24,1.46,50.0,12.5,0.0,0.73,16.67,0.3,0.0,0.42,28.57,0.18,2.37,35.9,7.04,30.17,2.0,0.97,0.67,14.68,1.7,1.33,20.98,79.19,5.76,58.95,4.97,97.56,6.67,83.64,18.98,82.43,1.33,63.64,16.85,21.22,0.05,0.67,0.06,0.0,0.18,33.33,0.12,2.85,57.45,1.15,52.63,0.24,0.0,0.42,0.12,2.55,76.19,0,,0,,0,0.0,0.0,0.0,,,0.0,,,0.24,0.06,0.0,1.33,0,0.0
H. Smolčić,Çorum FK,Rijeka,LCB,25,3000000,2028-06-30,22,1973,1,0.37,1,0.62,16.2,64.01,Croatia,Croatia,left,185,80,no,11.81,6.88,70.14,3.63,48.68,0.53,0.69,0.81,6.45,8.51,0.72,8,0.36,0,0.0,0.76,0.05,1,0.05,0.02,1,0.05,4,0.19,75.0,25.0,0.05,0.62,30.77,0.62,30.77,0.0,0.0,0.05,0.57,75.0,2.01,71.43,0.43,1.82,0.19,46.12,0.76,0.81,63.09,89.17,28.44,82.18,3.63,93.42,23.52,95.12,56.69,93.25,5.83,55.74,19.53,39.08,0.03,0.38,0.0,0.05,0.19,0.0,0.1,7.84,73.78,0.91,31.58,0.43,11.11,0.24,0.19,11.95,76.8,0,,0,,0,0.0,0.0,0.0,,,1.19,,,0.05,0.0,0.0,0.0,0,0.0
F. Krovinović,Grêmio,Hajduk Split,"AMF, LCMF",30,2800000,2028-12-31,27,2492,4,3.75,5,5.11,15.02,50.0,Croatia,Croatia,right,175,70,no,5.89,3.94,61.47,2.56,38.03,0.94,1.36,0.0,2.53,3.66,0.65,4,0.14,0,0.0,1.95,0.14,4,0.14,0.14,0,0.0,38,1.37,26.32,10.526,0.18,0.83,21.74,0.54,26.67,0.29,12.5,0.0,1.66,67.39,5.42,51.33,1.41,2.06,0.9,39.22,0.94,1.41,52.3,88.4,17.59,84.19,7.15,96.46,19.14,91.51,48.65,91.39,2.82,56.41,17.22,31.24,0.18,1.55,0.07,0.11,0.79,36.36,0.14,10.22,84.81,1.73,62.5,1.05,27.59,0.79,0.14,7.58,85.24,0,,0,,0,0.0,0.0,0.0,,,0.58,,,0.87,0.0,0.0,2.53,0,0.0
J. Mišić,Dinamo Zagreb,Dinamo Zagreb,"DMF, LCMF, RCMF",31,2500000,2029-06-30,33,2784,1,1.43,2,2.45,15.13,56.29,Croatia,Croatia,right,187,82,no,11.06,7.35,60.0,2.37,66.2,1.0,1.54,0.3,5.65,8.68,1.47,3,0.1,0,0.0,1.77,0.03,1,0.03,0.05,0,0.0,28,0.94,28.57,3.571,0.07,1.3,35.9,0.33,60.0,0.97,27.59,0.13,0.8,62.5,2.71,39.51,0.4,1.5,0.47,50.01,0.37,0.33,68.79,88.73,19.68,77.25,8.55,96.09,33.01,94.03,60.2,92.62,7.35,66.36,21.1,38.46,0.08,0.97,0.13,0.03,0.94,57.14,0.23,11.86,79.15,3.37,50.5,1.4,23.81,1.0,0.5,11.39,84.46,0,,0,,0,0.0,0.0,0.0,,,0.87,,,0.4,0.1,33.33,1.57,0,0.0
N. Galešić,Dinamo Zagreb,Hrvatski Dragovoljac,CB,25,2500000,2029-06-30,18,1515,2,1.78,0,0.18,12.24,58.74,Germany,"Germany, Croatia",right,187,82,no,11.47,5.29,68.54,3.15,52.83,0.59,0.62,1.25,7.25,7.55,0.71,1,0.06,0,0.0,0.65,0.12,2,0.12,0.11,0,0.0,6,0.36,33.33,33.333,0.0,0.12,0.0,0.06,0.0,0.06,0.0,0.0,0.48,75.0,1.25,52.38,0.3,0.59,0.42,20.02,0.36,0.3,35.64,82.83,15.27,71.98,1.13,100.0,16.99,91.61,29.52,89.34,6.0,52.48,21.51,35.61,0.01,0.18,0.0,0.0,0.24,75.0,0.06,3.09,57.69,0.48,12.5,0.42,42.86,0.12,0.0,7.19,50.41,0,,0,,0,0.0,0.0,0.0,,,0.89,,,0.12,0.12,0.0,0.0,0,0.0
M. Oršić,Pafos,Dinamo Zagreb,"CF, LAMF, LW",33,2500000,,33,2814,14,8.62,1,6.71,15.79,36.61,Croatia,Croatia,right,179,69,no,4.0,3.67,59.46,1.55,21.28,0.03,0.05,0.07,1.78,2.77,0.46,1,0.03,0,0.0,4.1,0.45,13,0.43,0.28,1,0.03,90,2.97,37.78,15.556,0.03,3.14,30.53,2.84,30.23,0.26,25.0,0.56,4.23,44.53,7.86,33.19,4.03,2.51,1.06,32.54,2.21,0.43,38.89,77.82,9.75,70.17,9.22,92.47,11.99,72.45,33.24,83.2,2.68,64.2,16.98,34.58,0.22,1.98,0.07,0.03,0.53,25.0,0.5,4.1,70.97,3.7,44.64,0.66,30.0,1.19,0.99,5.45,75.76,0,,0,,0,0.0,0.0,0.0,,,0.13,,,1.12,0.43,30.77,2.31,1,100.0
L. Kaĉavenda,LASK,Lokomotiva Zagreb,"AMF, CF",23,2500000,2027-06-30,31,2849,6,6.86,1,2.64,27.76,39.84,Croatia,Croatia,right,174,70,yes,8.16,8.02,55.69,3.91,24.17,1.53,1.97,0.07,2.15,2.77,2.25,13,0.41,0,0.0,3.33,0.19,6,0.2,0.22,1,0.03,44,1.44,43.18,13.636,0.03,1.17,33.33,0.33,30.0,0.85,34.62,0.1,4.44,44.12,11.74,34.72,2.02,2.58,1.57,20.0,0.72,1.57,30.96,79.14,10.01,70.68,6.23,85.86,8.02,78.46,28.61,82.33,1.27,48.72,15.68,29.11,0.09,0.95,0.07,0.03,0.69,52.38,0.52,3.85,62.71,2.22,57.35,0.52,31.25,1.08,0.29,3.98,75.41,0,,0,,0,0.0,0.0,0.0,,,0.07,,,0.16,0.0,0.0,0.59,0,0.0
J. Pršir,Gorica,Gorica,"RDMF, RCMF",26,2500000,2026-08-31,29,1962,2,1.38,1,1.98,24.22,52.6,Croatia,Croatia,right,181,73,no,9.82,9.17,59.89,3.07,54.1,0.4,0.52,0.25,3.93,5.1,1.96,7,0.32,0,0.0,3.02,0.09,1,0.05,0.07,0,0.0,33,1.66,18.18,3.03,0.05,1.21,33.33,0.45,55.56,0.76,20.0,0.1,3.27,63.08,8.36,46.99,1.01,1.36,0.71,23.87,0.2,1.56,36.51,81.24,9.72,63.73,6.4,92.13,13.95,88.45,32.48,85.12,2.82,57.14,17.09,32.68,0.1,0.86,0.0,0.0,0.71,35.71,0.45,5.59,70.27,1.36,40.74,0.65,38.46,0.15,0.4,5.14,68.63,0,,0,,0,0.0,0.0,0.0,,,0.3,,,0.5,0.1,50.0,1.26,0,0.0
M. Žaper,Radomlje,Osijek,"LCMF, LDMF, DMF",27,2500000,2028-05-31,28,2386,6,3.89,2,1.39,14.67,49.61,Croatia,Croatia,right,188,75,yes,7.09,4.45,55.93,4.41,57.26,0.23,0.3,0.3,4.38,5.83,0.79,3,0.11,0,0.0,1.36,0.23,6,0.23,0.15,1,0.04,34,1.28,41.18,17.647,0.08,0.53,42.86,0.34,33.33,0.19,60.0,0.04,0.98,53.85,3.28,44.83,1.4,1.06,0.3,23.16,0.45,0.87,36.59,87.53,8.75,72.84,6.94,93.48,14.71,94.62,33.42,90.41,2.68,60.56,17.74,28.88,0.05,0.68,0.04,0.04,0.23,33.33,0.19,4.68,74.19,0.57,60.0,0.34,33.33,0.26,0.19,4.72,69.6,0,,0,,0,0.0,0.0,0.0,,,0.23,,,0.0,0.0,0.0,0.0,0,0.0
I. Ivušić,Hajduk Split,Osijek,GK,31,2500000,2029-06-30,26,2539,0,0.0,0,0.0,0.85,83.33,Croatia,Croatia,right,195,78,no,1.74,0.07,50.0,0.57,93.75,0.0,0.0,0.0,1.7,2.38,0.07,1,0.04,0,0.0,0.0,0.0,0,0.0,0.0,0,0.0,0,0.0,0.0,0.0,0.0,0.0,0.0,0.0,0.0,0.0,0.0,0.0,0.0,0.0,0.04,100.0,0.0,0.0,0.0,8.79,0.11,0.11,15.63,86.62,10.99,81.94,0.0,0.0,4.22,98.32,7.9,96.86,7.73,76.15,34.78,46.21,0.0,0.0,0.0,0.0,0.0,0.0,0.0,2.45,78.26,0.0,0.0,0.0,0.0,0.0,0.0,6.73,84.21,24,0.85,97,3.44,12,75.26,29.87,1.06,5.87,0.208,0.0,1.42,0.57,,,,0.0,0,0.0
J. Mlakar,Pisa,Hajduk Split,"CF, LAMF",27,2500000,2027-06-30,27,1587,7,8.46,2,0.99,16.22,38.81,Slovenia,Slovenia,right,183,78,no,4.48,3.8,61.19,3.23,38.6,0.11,0.17,0.06,2.04,3.12,0.68,1,0.06,0,0.0,2.27,0.4,7,0.4,0.48,1,0.06,41,2.33,48.78,17.073,0.11,1.02,16.67,0.45,25.0,0.57,10.0,0.06,1.98,34.29,5.95,28.57,3.52,0.45,0.45,15.09,1.36,0.79,19.62,78.03,4.54,66.25,6.01,90.57,5.1,76.67,17.52,83.5,1.13,45.0,17.8,20.9,0.06,0.45,0.0,0.0,0.74,38.46,0.23,1.81,65.63,1.25,63.64,0.57,50.0,0.51,0.11,2.61,73.91,0,,0,,0,0.0,0.0,0.0,,,0.0,,,0.0,0.0,0.0,0.0,0,0.0
E. Sahiti,Maccabi Tel Aviv,Hajduk Split,"RW, RAMF, AMF",27,2300000,2027-06-30,32,1973,4,3.65,4,2.8,23.9,51.72,Kosovo,"Kosovo, Albania",right,174,65,yes,8.17,6.93,58.55,1.0,45.45,0.73,1.08,0.0,3.38,4.99,0.64,2,0.09,0,0.0,6.16,0.18,4,0.18,0.17,0,0.0,43,1.96,32.56,9.302,0.18,3.6,34.18,0.91,35.0,2.69,33.9,0.59,6.2,63.24,12.54,52.36,3.79,4.11,2.14,27.19,1.32,2.37,38.0,79.83,9.67,74.06,8.8,91.71,12.04,77.27,32.07,86.77,2.42,54.72,17.04,34.24,0.13,1.19,0.09,0.05,0.73,50.0,0.55,4.2,73.91,4.24,53.76,0.87,26.32,1.37,1.19,5.34,87.18,0,,0,,0,0.0,0.0,0.0,,,0.27,,,0.55,0.09,50.0,1.82,0,0.0
A. Barišić,Sporting Braga,Osijek,RB,24,2200000,2030-06-30,1,13,0,0.0,0,0.0,,,Croatia,"Croatia, Bosnia and Herzegovina",right,192,86,no,,,,,,,0.0,,,0.0,,0,,0,,,,0,,,0,,0,,,0.0,,,,,,,,,,,,,,,,,,,,,,,,,,,,,,,19.32,0.0,,,,,,,,,,,,,,,,,,0,,0,,0,0.0,0.0,,,,,,,,,,,0,0.0
D. Perić,Dinamo Zagreb,Dinamo Zagreb,LCB,31,2000000,,12,960,3,1.14,0,0.43,15.06,71.52,Croatia,Croatia,left,198,85,no,8.2,4.1,76.74,5.91,80.65,0.29,0.46,0.29,4.77,7.61,0.57,1,0.09,0,0.0,1.33,0.28,3,0.29,0.11,3,0.29,5,0.48,80.0,60.0,0.0,0.29,66.67,0.29,66.67,0.0,0.0,0.0,0.76,100.0,1.62,58.82,1.33,2.57,0.67,51.1,0.76,0.38,68.55,91.38,26.6,84.23,6.01,95.24,27.46,97.92,62.83,93.63,5.43,66.67,16.49,30.52,0.04,0.19,0.0,0.0,0.57,0.0,0.19,8.39,78.41,1.24,38.46,1.24,23.08,0.57,0.19,8.58,82.22,0,,0,,0,0.0,0.0,0.0,,,2.48,,,0.0,0.0,0.0,0.0,0,0.0
R. Lauritsen,Brøndby,Dinamo Zagreb,"RCB, LCB",30,2000000,2027-06-30,16,1276,1,2.11,0,0.39,15.38,71.1,Denmark,Denmark,right,186,79,no,11.07,7.05,72.0,5.29,74.67,0.42,0.62,0.56,5.57,8.12,0.92,1,0.07,0,0.0,0.42,0.07,1,0.07,0.15,1,0.07,12,0.85,41.67,8.333,0.0,0.0,0.0,0.0,0.0,0.0,0.0,0.0,0.14,50.0,0.42,66.67,1.13,0.28,0.0,41.54,0.85,0.49,56.07,91.45,21.44,83.88,3.03,97.67,27.3,96.38,50.71,95.27,5.36,55.26,20.73,40.35,0.03,0.07,0.0,0.0,0.07,0.0,0.07,4.66,68.18,0.63,55.56,0.78,63.64,0.35,0.0,7.34,75.96,0,,0,,0,0.0,0.0,0.0,,,2.4,,,0.0,0.0,0.0,0.0,0,0.0
D. Špikić,Rio Ave,Dinamo Zagreb,"RW, RAMF, RWB",27,2000000,2028-06-30,23,1140,2,1.37,1,1.95,24.39,46.91,Croatia,Croatia,right,183,78,no,7.39,5.88,56.76,2.86,47.22,0.16,0.27,0.0,3.89,6.62,1.99,0,0.0,0,0.0,5.24,0.16,2,0.16,0.11,0,0.0,20,1.59,25.0,10.0,0.08,4.21,37.74,0.08,0.0,4.05,37.25,0.4,6.04,53.95,12.47,42.68,3.42,3.18,1.75,23.99,1.83,1.03,34.0,77.1,8.9,67.86,8.26,95.19,9.77,70.73,28.28,84.83,1.59,40.0,17.5,19.76,0.15,1.11,0.24,0.16,0.24,0.0,0.56,1.91,66.67,3.97,50.0,0.32,25.0,1.03,1.67,5.08,81.25,0,,0,,0,0.0,0.0,0.0,,,0.24,,,0.0,0.0,0.0,0.0,0,0.0
S. Kulenović,Torino,Lokomotiva Zagreb,CF,26,2000000,2029-06-30,29,2055,10,9.01,0,1.2,26.81,42.57,Croatia,Croatia,right,190,83,yes,4.43,3.54,50.63,10.43,53.22,0.31,0.44,0.04,2.33,3.24,1.57,4,0.18,0,0.0,2.28,0.44,8,0.36,0.4,4,0.18,57,2.55,47.37,17.544,0.0,0.36,12.5,0.09,0.0,0.27,16.67,0.04,1.57,54.29,7.74,28.9,3.76,0.58,0.22,10.88,1.75,1.25,21.48,72.92,4.39,65.31,6.18,79.71,5.33,68.91,20.68,74.46,0.45,50.0,12.95,6.98,0.05,0.58,0.04,0.0,0.22,80.0,0.18,2.37,58.49,1.07,50.0,0.18,50.0,0.63,0.04,2.01,64.44,0,,0,,0,0.0,0.0,0.0,,,0.13,,,0.04,0.04,100.0,0.0,2,100.0
B. Goda,Dinamo Zagreb,Slaven Belupo,"LB, LWB",28,2000000,2027-06-30,27,2287,0,0.27,1,1.89,20.82,57.66,Croatia,Croatia,left,182,75,no,12.04,7.95,65.35,5.16,61.07,1.02,1.26,0.28,5.82,7.2,1.02,7,0.28,0,0.0,1.73,0.0,0,0.0,0.01,0,0.0,8,0.31,0.0,0.0,0.04,3.07,26.92,3.03,27.27,0.0,0.0,0.31,1.81,47.83,4.37,51.35,0.63,1.06,0.59,22.39,1.22,0.87,36.32,70.1,16.33,60.24,4.72,95.0,10.03,76.86,26.68,82.15,6.73,40.94,20.36,31.09,0.07,0.55,0.0,0.0,0.16,25.0,0.35,6.97,50.28,3.62,33.7,1.3,21.21,0.39,0.75,8.38,72.3,0,,0,,0,0.0,0.0,0.0,,,0.43,,,0.0,0.0,0.0,0.04,0,0.0
A. Crnac,Norwich City,Slaven Belupo,"CF, RWF, RW",22,2000000,2028-06-30,12,530,2,1.3,0,0.1,30.23,33.71,Croatia,Croatia,left,190,83,no,5.09,6.28,45.95,7.3,20.93,0.34,0.47,0.17,1.87,2.56,1.53,3,0.51,0,0.0,3.4,0.34,2,0.34,0.22,1,0.17,17,2.89,23.53,11.765,0.0,0.85,20.0,0.17,100.0,0.51,0.0,0.17,5.77,44.12,12.4,28.77,3.74,1.7,0.85,13.08,1.87,0.51,20.04,56.78,5.77,35.29,3.91,65.22,4.92,72.41,18.17,58.88,1.02,50.0,13.74,12.93,0.02,0.68,0.0,0.0,1.19,0.0,0.17,3.4,30.0,1.53,44.44,1.02,0.0,1.02,0.17,2.21,53.85,0,,0,,0,0.0,0.0,0.0,,,0.0,,,0.17,0.0,0.0,0.17,0,0.0
I. Smolčić,Como,Hrvatski Dragovoljac,RCB,25,2000000,2031-06-30,15,1444,0,0.48,0,0.0,16.08,65.89,Croatia,Croatia,right,181,78,no,14.96,7.48,75.83,4.05,52.31,0.31,0.32,0.87,8.98,9.17,0.44,0,0.0,0,0.0,0.56,0.0,0,0.0,0.03,0,0.0,7,0.44,28.57,0.0,0.0,0.31,0.0,0.0,0.0,0.31,0.0,0.06,0.5,75.0,1.37,59.09,0.87,0.56,0.25,22.5,0.31,0.62,40.33,78.67,21.38,67.93,3.05,97.96,11.9,92.67,30.85,86.87,9.16,53.74,22.38,36.62,0.0,0.0,0.0,0.0,0.12,50.0,0.0,5.24,64.29,0.5,0.0,0.62,30.0,0.06,0.0,11.03,57.06,0,,0,,0,0.0,0.0,0.0,,,2.12,,,0.0,0.0,0.0,0.0,0,0.0
P. Ampem,Shanghai Port,Rijeka,"LWB, LAMF, RWB",28,1900000,2027-06-30,32,2454,3,2.54,6,3.28,21.12,47.92,Ghana,Ghana,right,169,66,yes,8.22,6.42,54.86,1.36,43.24,0.66,0.89,0.04,4.03,5.45,0.81,7,0.26,1,0.04,5.13,0.11,3,0.11,0.09,0,0.0,36,1.32,25.0,8.333,0.22,4.4,25.83,3.19,21.84,1.21,36.36,0.62,5.9,59.63,10.42,48.94,2.02,2.64,1.83,28.46,2.09,1.14,39.1,76.74,9.83,62.31,9.83,95.52,12.03,74.39,31.17,87.65,3.78,44.66,20.58,35.77,0.12,0.99,0.04,0.07,0.4,36.36,0.73,3.52,58.33,3.78,34.95,0.84,17.39,0.73,1.21,6.31,65.7,0,,0,,0,0.0,0.0,0.0,,,0.92,,,0.04,0.0,0.0,0.07,0,0.0
B. Franjić,Venezia,Dinamo Zagreb,"LCB, LB",26,1800000,2027-06-30,25,1907,0,1.19,2,0.62,16.84,55.98,Croatia,Croatia,left,188,77,yes,10.16,7.86,66.88,2.9,47.46,0.15,0.24,0.44,4.76,7.76,0.88,2,0.09,0,0.0,1.62,0.0,0,0.0,0.06,0,0.0,9,0.44,22.22,0.0,0.1,1.57,28.13,1.52,29.03,0.0,0.0,0.1,1.77,52.78,3.29,47.76,1.13,2.16,0.79,45.76,1.62,0.49,61.18,89.09,21.65,84.35,7.51,94.12,21.01,92.76,55.97,92.54,3.68,61.33,16.38,24.43,0.03,0.39,0.1,0.0,0.25,60.0,0.15,8.35,82.35,1.82,43.24,0.69,42.86,0.74,0.44,9.33,80.53,0,,0,,0,0.0,0.0,0.0,,,1.23,,,0.0,0.0,0.0,0.0,0,0.0
F. Brodić,Újpest,Gorica,"CF, AMF",29,1800000,2027-06-30,9,269,1,1.24,1,0.06,31.48,31.76,Croatia,Croatia,right,180,77,no,4.07,3.7,60.0,10.37,17.86,1.11,1.84,0.0,0.74,1.22,1.85,2,0.67,0,0.0,3.7,0.33,1,0.37,0.46,1,0.37,9,3.33,44.44,11.111,0.37,0.0,0.0,0.0,0.0,0.0,0.0,0.0,2.59,71.43,8.89,41.67,4.81,0.74,0.0,15.19,0.74,0.74,22.59,90.16,5.93,75.0,7.41,100.0,4.44,91.67,21.85,91.53,0.74,50.0,15.64,9.84,0.02,1.48,0.0,0.0,0.37,100.0,0.74,0.74,0.0,1.11,66.67,0.37,100.0,0.37,0.0,1.48,100.0,0,,0,,0,0.0,0.0,0.0,,,0.0,,,0.0,0.0,0.0,0.0,0,0.0
A. Hoxha,Dinamo Zagreb,Slaven Belupo,"LW, LWB, RW",27,1800000,2029-06-30,18,636,0,0.95,2,0.66,30.39,52.43,Kosovo,"Kosovo, Albania",right,185,77,no,5.16,5.61,60.53,3.39,43.48,0.0,0.0,0.15,1.77,2.77,1.18,2,0.28,0,0.0,9.0,0.0,0,0.0,0.14,0,0.0,9,1.33,33.33,0.0,0.3,4.57,12.9,4.28,10.34,0.3,50.0,0.74,11.66,65.82,19.18,53.85,2.21,4.72,1.18,18.3,1.62,1.18,29.51,71.0,6.34,58.14,6.93,95.74,8.85,58.33,23.02,86.54,2.51,29.41,18.09,24.23,0.1,1.18,0.0,0.0,0.59,50.0,0.59,3.25,40.91,3.39,17.39,0.44,0.0,0.44,0.44,3.25,68.18,0,,0,,0,0.0,0.0,0.0,,,0.0,,,0.0,0.0,0.0,0.0,0,0.0
D. Nejašmić,NEC,Osijek,"DMF, RCMF, RDMF",27,1800000,2027-06-30,27,2190,3,2.18,1,1.08,24.58,52.34,Croatia,Croatia,right,183,74,no,11.92,9.16,64.13,4.97,55.37,0.33,0.45,0.12,5.71,7.77,0.78,5,0.21,0,0.0,1.73,0.12,3,0.12,0.09,2,0.08,27,1.11,18.52,11.111,0.04,0.7,47.06,0.12,33.33,0.53,53.85,0.08,1.73,52.38,5.75,37.86,1.23,0.78,0.53,25.56,0.29,1.19,42.95,81.82,13.36,66.46,5.05,95.93,18.58,87.83,36.49,87.05,5.88,53.15,20.3,36.96,0.04,0.45,0.08,0.04,0.49,58.33,0.08,8.47,65.05,2.18,43.4,1.36,33.33,0.9,0.29,6.99,77.65,0,,0,,0,0.0,0.0,0.0,,,0.37,,,0.04,0.0,0.0,0.04,0,0.0
R. Murić,Floriana,Rijeka,"RAMF, RWF, RW",30,1800000,2027-06-30,30,2331,11,6.67,8,7.65,15.14,40.26,Croatia,Croatia,left,180,72,no,2.91,2.31,50.0,0.92,39.13,0.08,0.11,0.04,1.67,2.27,0.2,1,0.04,0,0.0,6.06,0.42,7,0.28,0.27,0,0.0,64,2.55,43.75,17.188,0.32,3.98,30.0,0.04,100.0,3.9,29.59,0.52,6.45,51.85,10.36,40.0,2.63,2.51,1.0,23.78,2.31,0.76,31.47,71.27,8.01,63.18,6.06,88.16,12.87,72.45,24.18,79.74,3.47,58.62,21.56,38.86,0.3,1.87,0.2,0.04,0.92,43.48,0.72,5.1,66.41,3.78,48.42,0.88,40.91,1.08,1.2,6.53,84.15,0,,0,,0,0.0,0.0,0.0,,,0.0,,,1.83,0.48,33.33,4.06,4,100.0
D. Melnjak,Hajduk Split,Hajduk Split,LB,33,1500000,2028-06-30,28,2140,1,2.44,2,3.44,16.32,59.54,Croatia,Croatia,left,179,72,no,10.56,6.52,68.39,3.95,59.57,0.5,0.71,0.08,5.59,7.84,0.59,0,0.0,0,0.0,1.43,0.04,1,0.04,0.1,0,0.0,20,0.84,40.0,5.0,0.08,1.72,41.46,1.6,42.11,0.13,33.33,0.17,1.14,29.63,2.99,47.89,1.72,1.01,0.29,25.19,0.93,1.09,37.85,78.56,15.35,69.32,5.0,94.96,11.4,84.13,31.08,84.84,5.17,52.85,17.37,31.77,0.14,1.09,0.08,0.04,0.13,33.33,0.46,5.21,60.48,2.31,50.91,0.76,27.78,0.8,0.8,8.54,72.41,0,,0,,0,0.0,0.0,0.0,,,0.25,,,0.25,0.0,0.0,0.55,0,0.0
P. Bočkaj,Varaždin,Dinamo Zagreb,"LB, LWB",29,1500000,2027-05-31,34,2787,2,1.93,10,9.64,18.28,55.3,Croatia,Croatia,left,180,76,no,10.98,8.36,65.25,1.0,58.06,0.29,0.41,0.13,5.23,7.43,0.74,4,0.13,0,0.0,4.39,0.06,2,0.06,0.06,0,0.0,44,1.42,29.55,4.545,0.32,5.1,33.54,4.84,33.33,0.26,37.5,0.74,3.65,57.52,6.72,47.12,1.13,1.58,0.48,38.4,2.29,1.1,51.7,75.33,19.18,69.7,7.33,91.19,16.18,76.25,40.5,83.81,6.49,52.24,20.86,40.78,0.31,2.65,0.06,0.03,0.42,38.46,0.48,8.07,64.8,5.23,42.59,1.07,42.42,0.65,1.78,12.47,78.76,0,,0,,0,0.0,0.0,0.0,,,0.55,,,2.23,0.39,33.33,3.52,0,0.0
N. Katić,Schalke 04,Hajduk Split,RCB,29,1500000,2028-06-30,21,1634,0,1.8,1,0.01,18.84,59.06,Bosnia and Herzegovina,"Bosnia and Herzegovina, Croatia",right,194,89,no,9.31,4.85,72.73,8.26,65.33,0.39,0.56,0.88,5.4,7.9,1.1,6,0.33,0,0.0,0.83,0.0,0,0.0,0.1,0,0.0,12,0.66,66.67,0.0,0.06,0.17,0.0,0.06,0.0,0.11,0.0,0.0,1.1,35.0,3.14,29.82,0.77,1.49,0.44,32.94,0.55,0.66,50.07,88.34,19.72,75.98,4.02,98.63,22.31,96.79,46.16,92.24,3.75,44.12,20.59,35.9,0.0,0.06,0.0,0.11,0.11,0.0,0.06,5.23,64.21,0.55,10.0,0.39,0.0,0.06,0.0,6.55,72.27,0,,0,,0,0.0,0.0,0.0,,,2.53,,,0.0,0.0,0.0,0.0,0,0.0
L. Stojković,Dinamo Zagreb,Lokomotiva Zagreb,"LW, AMF, LAMF",22,1500000,2028-06-19,26,839,1,1.22,3,2.18,25.64,40.17,Croatia,Croatia,right,182,75,no,6.76,7.51,48.57,5.58,44.23,0.54,0.77,0.0,2.57,3.69,2.15,1,0.11,0,0.0,3.97,0.11,1,0.11,0.13,0,0.0,16,1.72,37.5,6.25,0.32,1.29,41.67,0.75,14.29,0.54,80.0,0.43,5.47,47.06,8.05,40.0,1.72,1.5,1.29,19.85,2.25,1.18,28.43,77.36,8.69,70.37,6.54,93.44,7.19,73.13,25.42,80.59,1.72,56.25,12.52,12.69,0.23,1.72,0.0,0.0,0.43,50.0,0.32,2.36,68.18,2.36,63.64,0.32,66.67,1.29,0.54,4.51,71.43,0,,0,,0,0.0,0.0,0.0,,,0.0,,,1.29,0.0,0.0,3.33,0,0.0
K. Krizmanić,OFI,Gorica,"LCB, LB",25,1500000,2028-06-30,25,2090,0,0.25,0,0.14,12.83,62.81,Croatia,Croatia,left,188,80,no,9.9,5.81,64.34,3.06,64.71,0.18,0.22,0.63,5.99,7.27,0.59,4,0.17,0,0.0,0.72,0.0,0,0.0,0.01,0,0.0,3,0.14,66.67,0.0,0.0,0.18,50.0,0.14,33.33,0.05,100.0,0.0,0.81,61.11,1.89,52.38,0.27,0.77,0.5,25.56,0.41,0.59,40.68,86.84,18.27,76.85,3.87,98.84,15.21,96.75,34.88,92.65,5.63,52.0,20.62,38.54,0.01,0.14,0.0,0.0,0.05,100.0,0.05,4.46,61.62,0.59,15.38,0.41,22.22,0.05,0.09,7.56,67.86,0,,0,,0,0.0,0.0,0.0,,,2.52,,,0.0,0.0,0.0,0.0,0,0.0
I. Nevistić,Dinamo Zagreb,Lokomotiva Zagreb,GK,27,1500000,2028-06-30,25,2349,0,0.0,0,0.0,0.56,92.86,Croatia,Croatia,right,193,89,no,1.39,0.08,50.0,0.28,100.0,0.0,0.0,0.0,1.35,1.83,0.0,0,0.0,0,0.0,0.12,0.0,0,0.0,0.0,0,0.0,0,0.0,0.0,0.0,0.0,0.0,0.0,0.0,0.0,0.0,0.0,0.0,0.12,100.0,0.16,100.0,0.0,0.0,0.0,13.31,0.24,0.04,20.48,92.02,10.48,86.69,0.0,0.0,9.08,97.37,13.35,98.51,7.13,79.89,30.8,45.7,0.0,0.0,0.0,0.0,0.0,0.0,0.0,0.76,89.47,0.0,0.0,0.0,0.0,0.0,0.0,5.5,83.33,33,1.31,98,3.9,4,66.33,30.29,1.21,-2.71,-0.108,0.0,1.47,0.28,,,,0.0,0,0.0
H. Babec,Seoul,Gorica,"LDMF, LCMF",26,1500000,2028-12-31,34,3055,3,2.39,1,0.52,13.57,55.7,Croatia,Croatia,right,187,71,no,7.92,5.04,54.82,3.46,65.79,0.58,0.76,0.21,4.58,6.01,0.97,3,0.09,0,0.0,1.09,0.09,3,0.09,0.07,0,0.0,42,1.27,21.43,7.143,0.03,0.67,50.0,0.18,50.0,0.42,50.0,0.09,0.39,76.92,2.34,41.56,1.06,0.7,0.12,39.49,0.33,0.73,55.79,88.9,16.24,77.2,8.26,97.79,24.92,94.28,49.11,93.2,6.01,58.08,20.17,35.76,0.02,0.3,0.06,0.09,0.27,66.67,0.03,9.29,75.82,1.52,48.0,0.46,33.33,0.52,0.36,7.98,80.99,0,,0,,0,0.0,0.0,0.0,,,1.37,,,0.03,0.0,0.0,0.0,0,0.0
João Silva,Tondela,Istra 1961,RCB,27,1500000,2027-12-31,30,2737,1,0.81,0,0.18,14.27,60.83,Portugal,Portugal,right,189,82,yes,10.79,6.08,72.97,3.68,48.21,0.62,0.85,0.69,5.72,7.83,0.92,5,0.16,1,0.03,0.43,0.03,1,0.03,0.03,0,0.0,4,0.13,75.0,25.0,0.0,0.16,20.0,0.0,0.0,0.16,20.0,0.0,0.36,81.82,1.64,52.0,0.33,0.76,0.13,36.11,0.39,0.53,50.51,88.02,18.81,75.87,4.08,95.16,22.43,96.77,44.98,92.69,5.36,50.92,20.19,34.23,0.01,0.07,0.0,0.0,0.13,0.0,0.03,4.9,59.06,0.49,20.0,0.39,8.33,0.07,0.07,7.56,66.96,0,,0,,0,0.0,0.0,0.0,,,3.06,,,0.03,0.0,0.0,0.0,0,0.0
K. Lovrić,Rudeš,Osijek,"LAMF, LW",30,1500000,2026-06-30,32,2727,10,8.44,5,9.09,19.39,45.71,Croatia,Croatia,right,186,74,no,5.51,4.64,39.55,2.46,47.89,1.07,1.39,0.03,2.6,3.36,1.49,10,0.33,1,0.03,6.06,0.33,9,0.31,0.29,2,0.07,132,4.57,33.33,7.576,0.17,2.6,26.67,2.08,28.33,0.52,20.0,0.52,6.09,59.66,9.87,50.53,2.53,2.53,0.87,20.29,1.97,0.87,25.69,69.27,6.16,61.24,3.98,86.96,11.19,70.59,19.36,78.0,3.81,52.73,21.67,40.51,0.31,1.9,0.03,0.0,0.66,31.58,0.76,3.53,53.92,3.01,42.53,0.8,26.09,0.93,0.83,5.26,80.26,0,,0,,0,0.0,0.0,0.0,,,0.14,,,2.35,1.0,41.38,4.05,2,50.0
I. Lučić,Miedź Legnica,Istra 1961,GK,31,1500000,2028-06-30,31,2924,0,0.0,0,0.0,0.95,70.97,Austria,"Austria, Croatia",right,194,92,no,1.11,0.18,33.33,0.34,90.91,0.0,0.0,0.0,1.05,1.48,0.03,2,0.06,1,0.03,0.03,0.0,0,0.0,0.0,0,0.0,0,0.0,0.0,0.0,0.0,0.0,0.0,0.0,0.0,0.0,0.0,0.0,0.06,50.0,0.34,72.73,0.0,0.0,0.0,17.73,0.15,0.37,25.27,80.39,14.81,70.06,0.0,0.0,9.45,96.42,14.5,98.51,10.68,56.48,32.36,48.49,0.0,0.0,0.0,0.03,0.0,0.0,0.0,2.34,38.16,0.18,16.67,0.12,25.0,0.0,0.0,7.33,63.87,55,1.69,143,4.4,5,61.54,48.25,1.49,-6.75,-0.208,0.0,0.92,0.34,,,,0.0,0,0.0
L. Kleinheisler,Csikszereda Miercurea Ciuc,Osijek,"AMF, LCMF, RAMF",32,1500000,2026-06-30,30,1986,3,3.53,0,1.65,22.89,41.98,Hungary,Hungary,right,173,70,no,4.89,5.12,53.98,2.13,38.3,0.14,0.19,0.05,1.99,2.73,1.13,2,0.09,1,0.05,4.26,0.14,3,0.14,0.16,0,0.0,63,2.85,42.86,4.762,0.0,1.81,27.5,1.0,31.82,0.82,22.22,0.23,4.4,43.3,12.01,39.62,1.99,2.58,1.9,20.66,1.13,2.22,31.31,78.44,9.02,68.34,7.34,90.12,9.43,80.77,27.28,83.39,2.22,59.18,18.17,28.37,0.07,0.86,0.0,0.0,1.04,60.87,0.54,3.53,64.1,2.63,50.0,1.22,40.74,1.18,0.54,4.53,82.0,0,,0,,0,0.0,0.0,0.0,,,0.14,,,0.05,0.0,0.0,0.14,0,0.0
A. Krešić,Tirana,Rijeka,"RCB, CB",30,1300000,2026-06-30,28,2410,3,1.49,2,0.74,16.32,63.39,Germany,"Germany, Croatia",right,198,83,yes,10.05,7.06,69.31,4.78,68.75,0.15,0.2,0.9,5.0,6.73,1.53,6,0.22,1,0.04,0.45,0.11,3,0.11,0.06,1,0.04,10,0.37,60.0,30.0,0.07,0.07,0.0,0.0,0.0,0.07,0.0,0.0,0.56,33.33,1.61,39.53,0.75,0.19,0.07,31.15,0.45,0.34,44.18,89.52,14.86,76.88,2.84,96.05,23.19,96.78,39.32,94.97,4.85,45.38,20.96,36.81,0.03,0.11,0.04,0.0,0.04,100.0,0.07,3.62,61.86,0.26,0.0,0.19,40.0,0.15,0.0,5.6,58.67,0,,0,,0,0.0,0.0,0.0,,,2.13,,,0.0,0.0,0.0,0.0,0,0.0
Jairo,Johor Darul Ta'zim,Hajduk Split,"LW, RW, RAMF",34,1200000,2027-06-30,4,94,0,0.01,0,0.35,28.72,56.67,Brazil,Brazil,right,181,76,no,8.62,6.7,71.43,3.83,25.0,0.96,1.58,0.0,2.87,4.74,0.0,0,0.0,0,0.0,6.7,0.0,0,0.0,0.01,0,0.0,2,1.91,0.0,0.0,0.0,5.74,16.67,0.96,0.0,4.79,20.0,1.91,7.66,62.5,13.4,57.14,2.87,2.87,1.91,16.28,2.87,1.91,32.55,70.59,5.74,66.67,6.7,85.71,15.32,62.5,26.81,82.14,0.0,0.0,16.12,0.0,0.33,0.96,0.0,0.0,1.91,50.0,0.96,1.91,100.0,6.7,28.57,1.91,50.0,1.91,0.96,3.83,75.0,0,,0,,0,0.0,0.0,0.0,,,0.0,,,0.0,0.0,0.0,0.0,0,0.0
Y. Cheberko,Columbus Crew,Osijek,"LCB, LB",28,1200000,,19,1467,0,0.08,0,0.34,14.72,63.75,Ukraine,Ukraine,left,184,74,no,10.43,7.48,65.57,3.13,56.86,0.0,0.0,0.31,5.52,7.8,0.86,5,0.31,1,0.06,0.49,0.0,0,0.0,0.0,0,0.0,3,0.18,33.33,0.0,0.0,0.55,44.44,0.55,44.44,0.0,0.0,0.0,0.31,60.0,1.23,60.0,0.25,0.92,0.31,34.36,0.49,0.61,52.7,88.59,24.17,81.47,1.9,93.55,20.86,95.59,46.87,92.8,5.28,55.81,19.81,31.23,0.02,0.25,0.0,0.06,0.18,0.0,0.12,7.61,71.77,0.98,43.75,0.67,36.36,0.25,0.18,9.45,75.97,0,,0,,0,0.0,0.0,0.0,,,0.98,,,0.18,0.0,0.0,0.06,0,0.0
M. Tolić,Zhejiang Professional,Dinamo Zagreb,"AMF, RCMF, LCMF",29,1200000,,24,753,2,2.02,0,1.92,27.01,43.36,Croatia,Croatia,right,189,80,no,6.93,5.14,51.16,3.59,33.33,1.43,2.77,0.36,2.87,5.54,1.2,2,0.24,0,0.0,6.93,0.24,2,0.24,0.24,0,0.0,26,3.11,23.08,7.692,0.0,2.15,33.33,0.96,12.5,1.08,44.44,0.48,8.73,53.42,14.1,46.61,3.35,2.15,0.48,45.18,1.31,1.2,56.77,85.26,17.57,78.91,8.25,95.65,19.36,87.65,51.51,88.63,3.47,58.62,18.19,22.33,0.23,1.91,0.0,0.0,1.31,63.64,0.72,9.56,81.25,4.54,55.26,1.55,53.85,2.03,0.72,7.89,84.85,0,,0,,0,0.0,0.0,0.0,,,0.12,,,0.0,0.0,0.0,0.48,0,0.0
T. Teklić,Osijek,Hrvatski Dragovoljac,"AMF, RW",26,1100000,2029-06-30,4,283,0,0.01,0,0.75,26.71,46.43,Croatia,Croatia,left,182,76,yes,9.22,6.68,47.62,2.54,50.0,1.27,1.11,0.0,4.77,4.17,1.59,2,0.64,0,0.0,4.77,0.0,0,0.0,0.0,0,0.0,1,0.32,0.0,0.0,0.0,0.32,100.0,0.0,0.0,0.32,100.0,0.0,6.04,57.89,13.99,50.0,0.0,0.95,0.32,14.63,0.64,2.23,25.76,62.96,12.72,32.5,5.09,93.75,4.13,100.0,20.99,68.18,4.77,40.0,18.58,34.8,0.24,1.27,0.0,0.0,3.82,25.0,0.32,8.27,42.31,2.86,22.22,4.45,14.29,0.32,0.32,4.77,73.33,0,,0,,0,0.0,0.0,0.0,,,0.0,,,0.95,0.0,0.0,1.91,0,0.0
M. Caktaš,Dugopolje,Osijek,"AMF, LCMF",34,1100000,,13,873,5,3.58,0,0.77,20.21,44.39,Croatia,Croatia,right,179,72,no,5.57,6.19,56.67,3.92,34.21,0.31,0.42,0.1,1.75,2.41,1.55,4,0.41,0,0.0,2.47,0.52,5,0.52,0.37,0,0.0,20,2.06,45.0,25.0,0.0,1.24,25.0,0.62,33.33,0.52,20.0,0.1,1.65,68.75,5.88,42.11,2.99,0.72,0.21,19.9,1.44,0.52,28.66,80.58,9.38,72.53,5.67,87.27,9.18,82.02,25.36,84.15,2.06,70.0,17.01,29.74,0.08,1.34,0.1,0.0,0.1,100.0,0.31,4.95,81.25,1.34,61.54,0.41,100.0,1.03,0.41,5.05,87.76,0,,0,,0,0.0,0.0,0.0,,,0.0,,,0.72,0.0,0.0,2.06,1,0.0
A. Vukčević,Preston North End,Rijeka,"LB, LWB",29,1000000,2028-06-30,33,2427,1,1.49,3,2.08,14.6,53.03,Montenegro,Montenegro,left,180,83,no,7.47,4.74,60.98,1.46,63.16,0.39,0.52,0.46,4.2,5.68,0.5,2,0.07,0,0.0,4.35,0.04,1,0.04,0.06,0,0.0,14,0.54,21.43,7.143,0.12,4.51,35.04,4.51,35.04,0.0,0.0,0.42,4.08,63.21,6.55,49.41,0.89,2.46,1.73,28.61,1.96,0.54,39.24,80.47,10.13,70.34,8.9,95.24,13.36,77.52,31.46,89.96,3.43,52.81,20.0,28.8,0.08,0.69,0.0,0.04,0.12,66.67,0.54,3.97,65.05,3.66,41.05,0.19,20.0,0.42,1.58,7.12,75.68,0,,0,,0,0.0,0.0,0.0,,,0.89,,,0.0,0.0,0.0,0.0,0,0.0
K. Andrić,Torpedo Kutaisi,Dinamo Zagreb,CF,30,1000000,2026-06-30,25,1418,6,8.4,2,1.31,28.53,42.04,Serbia,Serbia,right,189,84,yes,3.25,3.05,53.33,7.32,49.07,0.47,0.78,0.14,1.15,1.9,1.22,2,0.13,0,0.0,2.78,0.38,5,0.34,0.57,2,0.14,47,3.19,36.17,10.638,0.14,0.41,66.67,0.2,33.33,0.14,100.0,0.0,1.97,62.07,13.08,37.82,4.27,0.75,0.34,14.37,1.76,3.73,21.82,82.61,2.37,51.43,8.0,85.59,7.25,89.72,20.2,82.21,1.22,94.44,16.15,19.36,0.09,0.88,0.0,0.14,0.41,33.33,0.47,1.15,70.59,0.75,54.55,0.34,40.0,0.95,0.27,0.95,64.29,0,,0,,0,0.0,0.0,0.0,,,0.0,,,0.0,0.0,0.0,0.0,0,0.0
S. Moharrami,Tractor Sazi,Dinamo Zagreb,"RB, RWB, RW",30,1000000,2027-06-30,10,774,0,0.0,2,2.12,19.17,59.86,Iran,Iran,right,174,71,no,8.74,6.91,73.58,1.3,60.0,0.65,1.09,0.13,3.0,5.0,0.65,0,0.0,0,0.0,5.74,0.0,0,0.0,0.0,0,0.0,1,0.13,0.0,0.0,0.26,5.22,50.0,0.0,0.0,5.22,50.0,0.52,4.04,74.19,8.48,55.38,1.17,1.57,0.78,31.83,2.35,1.7,44.61,82.46,10.57,74.07,7.17,96.36,17.48,78.36,35.74,91.24,3.91,43.33,18.71,29.75,0.28,1.57,0.0,0.0,0.13,100.0,1.04,4.17,65.63,4.04,38.71,0.13,0.0,0.13,2.35,8.74,76.12,0,,0,,0,0.0,0.0,0.0,,,0.26,,,0.0,0.0,0.0,0.0,0,0.0
Ferro,Estoril,Hajduk Split,"RCB, LCB",29,1000000,2027-06-30,13,1155,1,0.81,2,0.3,12.94,69.88,Portugal,Portugal,right,191,83,no,9.35,6.39,81.71,3.66,63.83,0.16,0.23,0.7,3.97,5.8,0.23,1,0.08,0,0.0,0.31,0.08,1,0.08,0.06,1,0.08,7,0.55,28.57,14.286,0.16,0.31,0.0,0.16,0.0,0.16,0.0,0.16,0.23,66.67,1.17,46.67,0.94,0.47,0.0,38.88,0.47,0.31,56.34,86.17,27.82,78.99,2.49,100.0,21.19,94.12,48.0,91.4,8.03,58.25,22.55,41.33,0.02,0.08,0.0,0.0,0.08,0.0,0.23,9.04,68.1,1.4,44.44,1.25,31.25,0.62,0.0,12.86,80.61,0,,0,,0,0.0,0.0,0.0,,,1.09,,,0.08,0.0,0.0,0.0,0,0.0
R. Jurišić,Osijek,Hrvatski Dragovoljac,"LB, LWB",24,1000000,2027-06-30,19,1497,0,0.08,3,1.38,13.65,55.07,Croatia,Croatia,left,173,65,no,9.5,5.89,57.14,1.32,72.73,0.84,0.89,0.18,5.29,5.57,0.66,5,0.3,0,0.0,1.74,0.0,0,0.0,0.0,0,0.0,3,0.18,33.33,0.0,0.18,1.62,33.33,1.5,36.0,0.12,0.0,0.18,1.92,59.38,4.63,50.65,0.72,2.53,1.2,21.16,1.68,1.02,32.95,77.01,12.69,64.93,6.19,93.2,8.48,81.56,28.5,81.65,2.95,53.06,19.05,32.57,0.08,0.6,0.0,0.0,0.24,0.0,0.3,3.37,64.29,1.38,43.48,0.54,22.22,0.3,0.6,7.15,61.34,0,,0,,0,0.0,0.0,0.0,,,0.3,,,0.06,0.0,0.0,0.0,0,0.0
I. Tuci,Kayserispor,Lokomotiva Zagreb,"CF, AMF",25,1000000,2026-06-30,7,152,1,1.0,0,0.27,31.38,30.19,Albania,Albania,right,191,79,yes,8.29,5.33,44.44,8.29,21.43,1.78,3.1,1.18,4.14,7.24,1.78,1,0.59,0,0.0,3.55,0.59,1,0.59,0.59,0,0.0,4,2.37,75.0,25.0,0.0,0.59,0.0,0.59,0.0,0.0,0.0,0.0,3.55,33.33,12.43,19.05,5.33,0.59,0.0,17.17,0.59,1.18,21.32,58.33,6.51,54.55,2.96,100.0,6.51,54.55,18.36,58.06,2.37,75.0,29.23,25.38,0.16,1.78,0.0,0.0,0.59,100.0,0.59,4.74,50.0,0.59,0.0,0.59,100.0,0.59,0.0,5.92,40.0,0,,0,,0,0.0,0.0,0.0,,,0.0,,,0.59,0.59,100.0,0.0,0,0.0
A. Kalik,Hajduk Split,Gorica,"AMF, CF, LCMF",28,1000000,,27,2100,7,5.56,3,0.83,23.56,37.77,Australia,"Australia, Croatia",right,180,72,no,4.98,6.64,45.14,3.32,37.5,0.32,0.42,0.18,1.66,2.14,2.4,12,0.51,0,0.0,2.63,0.3,6,0.28,0.26,2,0.09,43,1.98,32.56,16.279,0.14,0.69,40.0,0.32,42.86,0.37,37.5,0.09,2.9,49.21,9.41,36.27,2.86,1.24,0.46,20.75,0.78,1.84,27.62,80.13,8.67,67.02,5.49,94.12,9.68,86.19,24.53,84.4,2.44,49.06,19.49,32.12,0.04,0.92,0.14,0.0,0.78,35.29,0.37,5.49,68.07,2.31,56.0,1.15,28.0,1.2,0.23,4.29,81.72,0,,0,,0,0.0,0.0,0.0,,,0.14,,,0.0,0.0,0.0,0.14,2,50.0
J. Mersinaj,Osijek,Lokomotiva Zagreb,"RCB, LCB",27,1000000,2027-06-30,23,2132,0,0.77,0,0.24,17.73,61.43,Albania,Albania,right,183,75,no,11.69,7.94,68.62,5.49,56.15,0.17,0.23,0.84,6.08,8.37,1.69,10,0.42,0,0.0,0.46,0.0,0,0.0,0.03,0,0.0,9,0.38,33.33,0.0,0.0,0.04,100.0,0.0,0.0,0.04,100.0,0.0,0.51,50.0,1.39,42.42,0.42,0.38,0.17,24.32,0.25,0.72,37.23,85.83,15.2,75.83,2.83,97.01,17.05,93.32,31.45,90.6,5.74,59.56,22.78,39.41,0.01,0.08,0.0,0.0,0.08,50.0,0.0,3.63,55.81,0.17,25.0,0.38,33.33,0.17,0.04,6.54,69.68,0,,0,,0,0.0,0.0,0.0,,,2.15,,,0.0,0.0,0.0,0.0,0,0.0
F. Cáseres,Gil Vicente,Istra 1961,"LCMF, AMF",25,1000000,2028-06-30,17,1180,2,0.85,0,0.23,22.73,54.36,Argentina,Argentina,right,178,73,no,11.21,9.15,66.67,1.53,20.0,0.99,1.37,0.08,4.12,5.68,1.14,4,0.31,1,0.08,0.92,0.15,2,0.15,0.06,0,0.0,8,0.61,37.5,25.0,0.0,0.0,0.0,0.0,0.0,0.0,0.0,0.0,1.07,42.86,9.08,50.42,0.46,0.61,0.15,25.09,0.53,3.36,36.31,88.45,9.61,80.16,8.31,97.25,12.74,91.02,34.55,88.96,1.75,78.26,17.4,28.39,0.02,0.46,0.0,0.0,0.53,42.86,0.15,5.19,76.47,0.69,55.56,0.53,42.86,0.31,0.0,4.35,77.19,0,,0,,0,0.0,0.0,0.0,,,1.22,,,0.0,0.0,0.0,0.0,0,0.0
L. Grgić,Bari,Hajduk Split,"RCMF, DMF",30,1000000,2028-06-30,12,919,1,1.13,1,0.69,21.35,48.62,Austria,"Austria, Croatia",left,183,79,no,8.42,7.64,64.1,0.98,50.0,0.39,0.65,0.1,3.13,5.16,1.08,2,0.2,0,0.0,1.27,0.1,1,0.1,0.11,0,0.0,8,0.78,50.0,12.5,0.1,0.69,42.86,0.2,0.0,0.49,60.0,0.1,1.76,33.33,7.34,33.33,1.47,0.49,0.2,27.03,0.49,1.76,37.61,88.54,8.52,68.97,7.64,100.0,14.98,94.77,34.57,91.22,2.45,64.0,16.52,24.35,0.07,0.49,0.0,0.1,0.2,0.0,0.29,3.72,78.95,1.96,60.0,0.69,28.57,1.57,0.2,4.6,78.72,0,,0,,0,0.0,0.0,0.0,,,0.2,,,0.0,0.0,0.0,0.1,0,0.0
D. Čolina,Augsburg,Hajduk Split,"LB, RB, LWB",25,1000000,2028-06-30,31,1688,0,0.62,0,0.79,17.38,50.61,Croatia,Croatia,left,174,66,no,8.48,6.82,67.19,3.41,53.13,0.21,0.33,0.21,3.68,5.63,0.64,0,0.0,0,0.0,1.87,0.0,0,0.0,0.03,0,0.0,9,0.48,55.56,0.0,0.0,2.4,26.67,1.97,27.03,0.37,28.57,0.27,2.56,35.42,5.07,32.63,1.65,1.23,0.91,26.34,1.12,0.53,37.06,81.73,11.3,74.06,7.25,94.85,11.36,82.63,32.58,87.89,2.29,44.19,16.48,19.87,0.04,0.48,0.05,0.0,0.16,33.33,0.27,3.89,61.64,1.92,50.0,0.27,20.0,0.75,0.59,5.07,71.58,0,,0,,0,0.0,0.0,0.0,,,0.43,,,0.05,0.0,0.0,0.11,0,0.0
R. Mudražija,AEK Larnaca ,Rijeka,LCMF,29,850000,2028-06-30,3,130,0,0.0,0,0.23,17.31,24.0,Croatia,Croatia,right,177,70,yes,2.77,2.08,33.33,1.38,50.0,0.0,0.0,0.0,2.08,2.5,1.38,0,0.0,0,0.0,0.69,0.0,0,0.0,0.0,0,0.0,0,0.0,0.0,0.0,0.0,1.38,0.0,0.69,0.0,0.69,0.0,0.0,1.38,50.0,6.92,20.0,1.38,0.0,0.0,21.46,1.38,1.38,30.46,70.45,13.15,63.16,4.15,100.0,6.92,70.0,26.31,76.32,2.77,50.0,16.73,19.88,0.16,0.69,0.0,0.0,1.38,0.0,0.69,4.85,42.86,1.38,0.0,2.08,0.0,1.38,0.0,4.85,57.14,0,,0,,0,0.0,0.0,0.0,,,0.0,,,0.0,0.0,0.0,0.0,0,0.0
E. Çokaj,Levadiakos,Lokomotiva Zagreb,"LCMF, LDMF, RDMF",27,850000,2028-06-30,28,2551,1,1.1,6,3.03,17.44,50.31,Albania,Albania,right,176,70,no,9.03,6.11,62.28,4.35,47.9,1.1,1.45,0.26,4.13,5.45,1.79,8,0.28,1,0.04,1.06,0.04,1,0.04,0.04,1,0.04,33,1.21,24.24,3.03,0.22,0.84,26.09,0.33,22.22,0.51,28.57,0.18,0.99,48.15,3.44,38.3,0.66,0.8,0.37,35.73,0.4,1.13,49.74,87.87,10.53,74.31,10.06,93.45,21.91,91.49,42.97,91.66,6.07,67.47,20.17,43.45,0.11,0.99,0.0,0.0,0.11,66.67,0.18,5.34,73.29,0.95,42.31,0.29,37.5,0.4,0.26,5.92,71.6,0,,0,,0,0.0,0.0,0.0,,,1.06,,,0.84,0.15,25.0,2.71,0,0.0
M. Emreli,Kaiserslautern,Dinamo Zagreb,"RAMF, CF, RW",28,800000,2028-06-30,8,507,2,2.67,0,0.1,21.3,40.0,Azerbaijan,Azerbaijan,left,187,75,no,3.55,3.91,63.64,2.49,71.43,0.36,0.55,0.0,0.71,1.1,0.71,1,0.18,0,0.0,3.37,0.36,2,0.36,0.47,0,0.0,18,3.2,38.89,11.111,0.0,1.42,62.5,0.71,50.0,0.71,75.0,0.0,3.37,36.84,12.6,26.76,3.55,1.78,0.71,27.69,2.66,1.42,33.73,81.05,6.04,64.71,12.07,88.24,9.41,83.02,30.71,83.82,1.6,44.44,15.71,14.35,0.02,0.36,0.36,0.0,0.71,0.0,0.18,2.66,60.0,3.2,61.11,0.89,40.0,1.6,0.89,2.84,81.25,0,,0,,0,0.0,0.0,0.0,,,0.18,,,0.0,0.0,0.0,0.0,0,0.0
A. Marin,Olimpija,Šibenik,"CF, AMF, LW",25,800000,2026-12-31,35,3118,8,8.88,6,4.09,27.91,44.05,Croatia,Croatia,right,184,79,no,5.2,5.4,52.94,3.67,34.65,0.32,0.39,0.12,2.02,2.46,1.1,5,0.14,0,0.0,5.69,0.23,7,0.2,0.26,0,0.0,74,2.14,39.19,10.811,0.17,0.66,39.13,0.61,42.86,0.0,0.0,0.0,7.36,56.86,14.87,45.24,1.67,2.51,1.53,14.0,1.04,3.61,19.48,78.22,5.34,64.86,4.82,95.21,5.4,77.01,17.95,80.71,0.92,59.38,16.8,26.23,0.12,0.84,0.0,0.09,0.84,48.28,0.29,2.92,69.31,1.56,59.26,0.84,44.83,0.87,0.17,2.71,82.98,0,,0,,0,0.0,0.0,0.0,,,0.0,,,1.44,0.58,40.0,1.96,1,100.0
S. Goričan,Istra 1961,Lokomotiva Zagreb,"LAMF, LW",26,800000,2029-06-30,21,839,2,1.62,0,0.19,28.42,42.8,Croatia,Croatia,right,176,72,no,8.83,9.04,57.14,2.48,21.74,0.54,0.77,0.11,3.12,4.48,1.08,2,0.21,0,0.0,4.09,0.21,2,0.22,0.17,0,0.0,15,1.61,40.0,13.333,0.0,1.51,14.29,1.29,16.67,0.22,0.0,0.22,5.71,52.83,12.92,44.17,2.37,2.69,1.94,14.43,1.61,2.05,21.85,76.35,5.28,65.31,6.03,89.29,5.49,76.47,18.95,82.95,1.51,50.0,13.18,15.15,0.02,0.43,0.11,0.0,0.54,40.0,0.22,1.51,71.43,1.18,27.27,0.43,25.0,0.54,0.11,2.69,52.0,0,,0,,0,0.0,0.0,0.0,,,0.22,,,0.0,0.0,0.0,0.0,0,0.0
A. Ademi,Újpest,Dinamo Zagreb,"RCMF, RDMF, LCMF",35,800000,2027-06-30,20,1418,3,3.93,3,1.18,16.63,51.15,Croatia,"Croatia, North Macedonia",right,184,78,no,7.05,4.57,66.67,2.67,47.62,0.51,0.78,0.19,3.49,5.36,0.63,2,0.13,0,0.0,2.35,0.19,3,0.19,0.25,0,0.0,24,1.52,41.67,12.5,0.19,0.57,11.11,0.19,0.0,0.38,16.67,0.06,2.28,61.11,6.66,41.9,3.11,1.21,0.51,31.54,1.02,1.14,44.3,90.69,11.23,83.05,6.98,93.64,18.15,95.45,42.65,92.56,1.08,58.82,16.16,16.09,0.07,0.63,0.06,0.06,0.38,66.67,0.32,5.33,90.48,1.21,63.16,0.32,60.0,1.14,0.13,4.51,77.46,0,,0,,0,0.0,0.0,0.0,,,0.25,,,0.0,0.0,0.0,0.0,0,0.0
M. Sekulić,Ural,Hrvatski Dragovoljac,CF,27,800000,2027-06-30,1,29,0,0.0,0,0.0,,,Croatia,Croatia,left,187,80,no,,,,,,,0.0,,,3.0,,1,,0,,,,0,,,0,,0,,,0.0,,,,,,,,,,,,,,,,,,,,,,,,,,,,,,,6.87,0.0,,,,,,,,,,,,,,,,,,0,,0,,0,0.0,0.0,,,,,,,,,,,0,0.0
J. Atanasov,Aktobe,Hajduk Split,"RCMF, RDMF",26,800000,2027-12-31,21,1033,0,0.38,0,1.66,17.42,53.5,North Macedonia,North Macedonia,right,187,84,no,9.32,8.54,60.2,1.74,65.0,0.52,0.76,0.26,3.66,5.34,1.48,1,0.09,0,0.0,1.66,0.0,0,0.0,0.03,0,0.0,12,1.05,16.67,0.0,0.0,1.31,46.67,0.26,33.33,0.96,54.55,0.26,1.31,60.0,4.7,37.04,0.78,1.05,0.35,37.99,0.52,0.78,52.97,84.54,16.64,68.59,7.32,95.24,21.35,92.24,44.35,89.98,7.32,58.33,20.45,30.67,0.14,1.13,0.09,0.17,0.52,16.67,0.44,11.5,70.45,2.79,43.75,2.0,30.43,0.87,0.44,10.19,82.91,0,,0,,0,0.0,0.0,0.0,,,0.78,,,0.78,0.0,0.0,1.31,0,0.0
J. de Haas,Valencia,Lokomotiva Zagreb,LCB,26,800000,2030-06-30,20,1602,0,0.94,0,0.63,11.96,65.67,Netherlands,Netherlands,left,194,87,no,8.87,4.88,64.63,4.11,69.57,0.3,0.4,0.42,5.42,7.2,0.89,4,0.22,0,0.0,0.3,0.0,0,0.0,0.06,0,0.0,7,0.42,14.29,0.0,0.0,0.36,16.67,0.36,16.67,0.0,0.0,0.12,0.18,66.67,0.77,61.54,0.71,0.89,0.18,35.6,0.83,0.3,50.6,84.47,23.93,75.87,2.74,82.61,19.46,95.11,41.07,92.17,9.17,52.6,24.43,37.91,0.04,0.18,0.0,0.0,0.06,100.0,0.12,6.07,62.75,0.83,50.0,0.65,36.36,0.42,0.06,10.06,66.27,0,,0,,0,0.0,0.0,0.0,,,1.31,,,0.0,0.0,0.0,0.0,0,0.0
I. Delić,Dugopolje,Šibenik,CF,27,750000,2027-06-30,34,2675,10,7.31,5,2.6,27.79,35.23,Croatia,Croatia,left,186,83,no,4.07,4.17,54.84,6.46,31.77,0.13,0.17,0.03,1.65,2.03,1.48,3,0.1,0,0.0,3.06,0.34,10,0.34,0.25,1,0.03,56,1.88,44.64,17.857,0.17,0.44,23.08,0.27,25.0,0.13,0.0,0.1,3.7,50.91,12.38,31.25,2.46,1.01,0.37,10.63,1.28,1.01,19.01,78.41,3.97,59.32,4.95,90.48,5.99,85.96,17.66,79.81,0.91,77.78,15.71,26.46,0.09,0.98,0.0,0.0,0.64,36.84,0.37,1.99,61.02,1.18,57.14,0.57,35.29,0.84,0.1,2.09,64.52,0,,0,,0,0.0,0.0,0.0,,,0.03,,,0.0,0.0,0.0,0.0,0,0.0
N. Rak,Primorje,Šibenik,"LCMF, LDMF",22,750000,2026-06-30,25,2037,0,0.25,1,1.1,14.71,48.05,Croatia,Croatia,right,173,67,no,6.58,5.3,60.0,1.77,55.0,0.53,0.65,0.0,2.87,3.52,0.44,3,0.13,0,0.0,1.19,0.0,0,0.0,0.01,0,0.0,12,0.53,0.0,0.0,0.04,0.22,60.0,0.04,100.0,0.13,33.33,0.04,1.77,47.5,4.77,38.89,0.22,0.84,0.44,21.03,0.53,0.84,34.46,81.92,11.18,66.4,4.42,96.0,13.17,90.6,31.5,84.71,2.74,51.61,18.05,35.35,0.05,0.4,0.04,0.0,0.62,35.71,0.18,5.35,73.55,0.8,38.89,1.06,25.0,0.27,0.09,5.3,63.33,0,,0,,0,0.0,0.0,0.0,,,0.4,,,0.0,0.0,0.0,0.0,0,0.0
J. Drmić,,Rijeka,CF,33,700000,,30,2655,21,13.76,3,2.08,20.73,35.03,Switzerland,"Switzerland, Croatia",right,184,82,no,2.6,2.24,46.88,5.72,47.85,0.07,0.09,0.04,1.47,1.91,0.77,3,0.1,1,0.03,3.09,0.71,19,0.67,0.48,7,0.25,78,2.74,44.87,25.641,0.11,1.19,35.29,0.32,11.11,0.84,45.83,0.11,2.53,47.22,8.1,32.47,3.44,1.23,0.49,14.98,1.65,1.44,20.9,77.85,4.07,60.34,6.1,89.66,6.1,77.01,18.52,82.01,1.3,59.46,16.72,26.85,0.07,0.6,0.07,0.0,0.42,58.33,0.39,2.03,67.24,1.68,39.58,0.49,42.86,0.7,0.32,2.31,65.15,0,,0,,0,0.0,0.0,0.0,,,0.0,,,0.14,0.11,33.33,0.18,2,50.0
D. Diamantakos,APOEL,Hajduk Split,CF,33,700000,,5,120,0,0.12,0,0.02,30.75,36.59,Greece,Greece,left,184,83,no,7.5,6.0,75.0,7.5,40.0,0.0,0.0,0.75,3.0,6.0,1.5,0,0.0,0,0.0,3.75,0.0,0,0.0,0.09,0,0.0,4,3.0,50.0,0.0,0.0,0.75,0.0,0.75,0.0,0.0,0.0,0.0,3.75,60.0,9.75,23.08,6.75,0.75,0.0,13.5,2.25,0.0,16.5,81.82,3.75,60.0,3.75,80.0,6.0,87.5,15.75,85.71,0.0,0.0,10.07,0.0,0.02,1.5,0.0,0.0,0.0,0.0,0.75,1.5,100.0,0.75,0.0,0.0,0.0,0.75,0.0,1.5,0.0,0,,0,,0,0.0,0.0,0.0,,,0.0,,,0.0,0.0,0.0,0.0,0,0.0
R. Florucz,Union Saint-Gilloise,Lokomotiva Zagreb,"RW, CF, RAMF",25,700000,2029-06-30,7,116,0,0.23,0,0.0,46.55,25.0,Austria,Austria,right,182,73,no,5.43,7.76,40.0,6.21,12.5,1.55,2.86,0.0,0.78,1.43,3.1,1,0.78,0,0.0,4.66,0.0,0,0.0,0.18,0,0.0,2,1.55,0.0,0.0,0.0,2.33,0.0,0.78,0.0,1.55,0.0,0.0,12.41,37.5,27.16,28.57,3.1,4.66,0.78,14.74,1.55,0.78,26.38,55.88,9.31,58.33,4.66,66.67,6.98,44.44,21.72,64.29,2.33,33.33,16.46,10.83,0.0,0.0,0.0,0.0,0.0,0.0,0.0,6.21,87.5,2.33,33.33,0.0,0.0,0.78,0.0,4.66,66.67,0,,0,,0,0.0,0.0,0.0,,,0.0,,,0.0,0.0,0.0,0.78,0,0.0
N. Soldo,Botev Plovdiv,Lokomotiva Zagreb,"RCB, LCB",25,700000,2027-06-30,31,2966,2,2.88,1,0.07,13.33,53.99,Germany,"Germany, Croatia",right,189,78,no,9.64,4.54,62.76,4.69,48.0,0.25,0.33,0.69,6.54,8.51,0.69,7,0.21,0,0.0,0.44,0.06,2,0.06,0.09,1,0.03,16,0.5,37.5,12.5,0.03,0.03,0.0,0.0,0.0,0.03,0.0,0.0,0.28,77.78,1.35,34.88,0.75,0.59,0.06,25.79,0.31,0.44,41.9,83.79,20.25,74.19,2.19,90.0,16.37,94.26,34.67,90.52,7.2,51.74,22.34,38.67,0.0,0.03,0.0,0.0,0.09,33.33,0.0,5.32,60.0,0.53,29.41,0.56,22.22,0.25,0.0,8.32,66.92,0,,0,,0,0.0,0.0,0.0,,,1.66,,,0.03,0.0,0.0,0.0,0,0.0
M. Jakoliš,Noah,Šibenik,"LW, LAMF, RW",29,700000,2027-06-30,19,1761,10,5.96,4,4.66,16.87,49.09,Croatia,"Croatia, Australia",right,182,70,no,3.58,3.37,53.03,0.97,36.84,0.0,0.0,0.0,1.79,2.27,0.92,3,0.15,0,0.0,7.61,0.51,8,0.41,0.3,1,0.05,48,2.45,52.08,20.833,0.2,4.96,36.08,4.04,34.18,0.87,47.06,1.02,6.95,63.24,10.32,52.97,4.24,4.29,1.84,18.6,2.96,1.23,27.04,65.03,7.1,64.75,4.14,88.89,10.37,58.13,19.22,73.4,3.22,57.14,19.14,34.1,0.24,1.33,0.0,0.05,0.51,30.0,0.77,3.02,55.93,3.88,44.74,0.77,40.0,0.77,1.84,5.57,77.06,0,,0,,0,0.0,0.0,0.0,,,0.0,,,0.15,0.05,100.0,0.87,2,100.0
L. Majkić,Aris,Istra 1961,GK,26,700000,2028-06-30,2,203,0,0.0,0,0.0,0.44,100.0,Croatia,Croatia,right,190,82,no,1.33,0.0,0.0,0.44,100.0,0.0,0.0,0.0,1.33,1.61,0.0,0,0.0,0,0.0,0.0,0.0,0,0.0,0.0,0,0.0,0,0.0,0.0,0.0,0.0,0.0,0.0,0.0,0.0,0.0,0.0,0.0,0.0,0.0,0.0,0.0,0.0,0.0,0.0,11.08,0.0,0.0,16.4,64.86,11.08,56.0,0.0,0.0,4.88,81.82,6.65,100.0,9.75,40.91,39.59,55.22,0.0,0.0,0.0,0.0,0.0,0.0,0.0,1.33,0.0,0.0,0.0,0.0,0.0,0.0,0.0,6.21,50.0,4,1.77,15,6.65,0,73.33,4.13,1.83,0.13,0.058,0.0,2.22,0.44,,,,0.0,0,0.0
I. Fiolić,Gorica,Osijek,"RW, RAMF, RCMF",30,700000,,25,1852,4,2.58,0,1.77,18.86,38.66,Croatia,Croatia,left,176,70,no,6.51,6.12,54.76,3.16,24.62,0.24,0.32,0.05,2.92,3.86,1.17,5,0.24,1,0.05,2.67,0.19,4,0.19,0.13,0,0.0,37,1.8,27.03,10.811,0.0,1.75,27.78,0.19,25.0,1.56,28.13,0.19,2.48,41.18,6.51,31.34,2.09,1.31,1.07,19.73,1.12,0.78,31.1,74.84,10.4,66.36,5.15,94.34,10.3,75.47,26.14,79.74,3.35,59.42,19.23,31.88,0.09,1.31,0.05,0.0,1.36,50.0,0.34,5.93,65.57,3.55,47.95,1.46,36.67,1.26,0.49,6.17,80.31,0,,0,,0,0.0,0.0,0.0,,,0.1,,,0.58,0.0,0.0,1.51,0,0.0
D. van Bruggen,Vejle,Slaven Belupo,"LCB, CB, RCB",30,650000,2026-06-30,21,1743,0,0.33,0,0.48,12.85,61.86,Netherlands,Netherlands,right,185,80,no,9.47,5.93,70.64,3.87,47.89,0.11,0.13,0.76,5.17,6.29,0.71,2,0.1,0,0.0,0.27,0.0,0,0.0,0.02,0,0.0,6,0.33,16.67,0.0,0.0,0.11,0.0,0.0,0.0,0.11,0.0,0.0,0.22,100.0,0.76,57.14,0.38,0.22,0.05,20.09,0.27,0.33,34.46,83.89,14.75,70.85,2.89,98.11,14.92,94.53,27.66,89.57,6.7,61.79,23.36,30.74,0.03,0.11,0.0,0.0,0.0,0.0,0.0,5.93,70.64,0.44,50.0,0.27,20.0,0.16,0.0,8.28,78.95,0,,0,,0,0.0,0.0,0.0,,,1.74,,,0.05,0.0,0.0,0.0,0,0.0
A. Mance,Umm Salal,Osijek,CF,30,650000,2026-06-30,17,705,4,3.88,0,0.27,26.81,36.19,Croatia,Croatia,right,189,83,no,3.7,2.81,54.55,6.89,46.3,0.89,1.32,0.0,1.28,1.89,1.53,0,0.0,0,0.0,3.19,0.51,4,0.51,0.49,1,0.13,28,3.57,35.71,14.286,0.0,1.28,20.0,0.26,0.0,0.89,28.57,0.26,2.94,52.17,11.74,28.26,4.6,0.77,0.13,12.13,1.91,0.51,18.77,59.86,3.57,42.86,4.47,80.0,5.62,56.82,16.34,64.84,1.28,30.0,14.18,20.96,0.03,0.38,0.0,0.13,0.51,25.0,0.26,2.3,38.89,1.91,33.33,0.64,40.0,0.26,0.26,1.28,80.0,0,,0,,0,0.0,0.0,0.0,,,0.0,,,0.0,0.0,0.0,0.0,0,0.0
D. Štefulj,Győri ETO,Dinamo Zagreb,"LB, LWB",26,600000,2028-06-30,10,552,0,0.25,0,1.1,12.55,55.84,Germany,"Germany, Croatia",left,186,79,no,12.07,7.17,70.45,1.63,40.0,1.3,2.11,0.49,5.71,9.21,1.14,2,0.33,0,0.0,2.45,0.0,0,0.0,0.04,0,0.0,6,0.98,0.0,0.0,0.0,5.87,30.56,5.87,30.56,0.0,0.0,0.65,1.14,57.14,2.12,46.15,3.26,1.79,0.33,38.32,2.77,0.33,50.71,77.17,14.51,75.28,11.58,88.73,15.49,81.05,42.23,84.94,2.77,52.94,18.17,40.12,0.18,1.3,0.0,0.0,0.16,0.0,0.49,6.03,75.68,3.26,45.0,0.49,0.0,0.49,1.79,8.8,75.93,0,,0,,0,0.0,0.0,0.0,,,0.16,,,0.16,0.0,0.0,0.0,0,0.0
D. Pavičić,Gorica,Rijeka,"LCMF, LDMF",32,600000,2027-06-30,30,2165,5,4.18,4,2.37,19.18,53.36,Croatia,Croatia,right,179,76,no,6.45,4.3,67.0,1.81,47.62,1.16,1.59,0.22,2.41,3.29,0.56,2,0.08,0,0.0,3.66,0.21,5,0.22,0.18,0,0.0,28,1.2,50.0,17.857,0.17,0.56,23.08,0.39,22.22,0.17,25.0,0.0,3.91,67.03,9.98,52.16,1.81,3.27,1.25,35.91,0.95,1.25,49.75,89.11,14.53,79.29,9.55,96.85,17.16,94.49,46.18,91.62,3.01,62.86,17.08,25.26,0.1,0.99,0.13,0.0,0.86,35.0,0.39,6.49,79.47,1.42,48.48,0.69,12.5,0.86,0.13,5.85,81.62,0,,0,,0,0.0,0.0,0.0,,,0.43,,,0.3,0.04,100.0,1.33,1,0.0
I. Banić,Sarajevo,Gorica,GK,31,600000,2028-06-30,11,1083,0,0.0,0,0.0,0.91,81.82,Croatia,Croatia,right,187,82,no,1.66,0.08,100.0,0.58,85.71,0.0,0.0,0.0,1.58,1.91,0.08,1,0.08,0,0.0,0.0,0.0,0,0.0,0.0,0,0.0,0,0.0,0.0,0.0,0.0,0.0,0.0,0.0,0.0,0.0,0.0,0.0,0.0,0.0,0.17,100.0,0.0,0.0,0.0,16.95,0.08,0.42,24.43,85.71,14.38,82.08,0.0,0.0,9.22,93.69,12.8,96.1,11.39,75.91,35.94,50.89,0.0,0.0,0.0,0.0,0.0,0.0,0.0,2.99,75.0,0.08,0.0,0.08,100.0,0.0,0.0,9.56,78.26,17,1.41,52,4.32,2,67.31,14.9,1.24,-2.1,-0.175,0.0,2.33,0.58,,,,0.0,0,0.0
I. Miličević,Horsens,Lokomotiva Zagreb,LB,27,600000,2027-06-30,33,2871,2,0.55,4,2.73,15.6,52.7,Croatia,"Croatia, Bosnia and Herzegovina",left,183,76,no,10.23,6.8,62.38,2.75,49.41,1.04,1.37,0.23,4.95,6.55,0.87,2,0.06,0,0.0,3.72,0.06,2,0.06,0.02,0,0.0,20,0.65,30.0,10.0,0.13,5.86,34.25,5.83,33.89,0.03,100.0,0.74,2.3,64.79,3.82,47.46,0.1,1.42,0.74,30.39,2.78,0.26,41.75,70.08,16.67,62.14,6.28,92.78,13.33,68.93,29.48,83.42,6.7,41.55,22.02,37.24,0.09,0.78,0.03,0.0,0.23,14.29,0.52,6.18,51.83,5.57,36.05,1.04,12.5,0.16,1.94,10.06,73.95,0,,0,,0,0.0,0.0,0.0,,,0.78,,,0.58,0.0,0.0,0.42,0,0.0
Benito,Akritas,Gorica,"RW, LAMF, RAMF",27,600000,,4,61,0,0.0,0,0.0,28.03,31.58,Côte d'Ivoire,"Côte d'Ivoire, Nigeria",left,180,81,no,11.8,7.38,100.0,4.43,0.0,0.0,0.0,0.0,4.43,4.74,0.0,0,0.0,0,0.0,1.48,0.0,0,0.0,0.0,0,0.0,0,0.0,0.0,0.0,0.0,0.0,0.0,0.0,0.0,0.0,0.0,0.0,7.38,20.0,14.75,10.0,1.48,1.48,0.0,11.8,2.95,1.48,14.75,90.0,2.95,50.0,5.9,100.0,4.43,100.0,14.75,90.0,0.0,0.0,12.4,0.0,0.0,0.0,0.0,0.0,0.0,0.0,0.0,1.48,100.0,0.0,0.0,0.0,0.0,0.0,0.0,0.0,0.0,0,,0,,0,0.0,0.0,0.0,,,0.0,,,0.0,0.0,0.0,0.0,0,0.0
J. Mitrović,Slaven Belupo,Gorica,"AMF, RB, RAMF",26,600000,2027-06-30,32,2250,1,0.92,1,2.62,20.99,47.75,Croatia,Croatia,right,174,74,no,8.34,6.94,54.44,3.37,37.8,0.78,0.99,0.16,3.78,4.78,0.53,6,0.24,0,0.0,2.63,0.04,1,0.04,0.04,1,0.04,12,0.49,58.33,8.333,0.04,2.3,33.93,0.58,35.71,1.73,33.33,0.25,3.12,47.37,8.13,46.46,1.52,1.31,0.99,19.92,1.73,2.22,30.19,78.37,7.85,63.87,6.94,92.31,9.98,77.37,25.76,85.17,2.26,43.64,16.8,23.52,0.11,1.07,0.04,0.0,0.29,28.57,0.62,3.0,58.9,2.38,37.93,0.33,12.5,0.49,0.82,3.98,68.04,0,,0,,0,0.0,0.0,0.0,,,0.7,,,0.08,0.0,0.0,0.25,0,0.0
T. Knöll,Al Ta'ee,Slaven Belupo,CF,28,600000,2026-06-30,2,86,0,0.87,0,0.12,30.35,24.14,Germany,Germany,right,184,78,no,2.09,5.23,40.0,4.19,50.0,0.0,0.0,0.0,0.0,0.0,2.09,0,0.0,0,0.0,3.14,0.0,0,0.0,0.91,0,0.0,4,4.19,50.0,0.0,0.0,1.05,0.0,1.05,0.0,0.0,0.0,0.0,4.19,25.0,15.7,6.67,6.28,0.0,0.0,12.56,3.14,1.05,19.88,78.95,8.37,87.5,1.05,100.0,6.28,66.67,18.84,83.33,1.05,0.0,26.98,33.04,0.13,1.05,0.0,0.0,1.05,0.0,0.0,3.14,66.67,1.05,100.0,1.05,0.0,1.05,0.0,4.19,50.0,0,,0,,0,0.0,0.0,0.0,,,0.0,,,0.0,0.0,0.0,0.0,0,0.0
L. Menalo,,Dinamo Zagreb,"LW, RAMF, RW",29,600000,,22,894,3,2.85,3,1.93,21.74,43.52,Croatia,"Croatia, Bosnia and Herzegovina",right,181,73,no,7.35,7.55,58.67,2.92,27.59,0.3,0.56,0.0,2.62,4.88,0.91,2,0.2,0,0.0,3.93,0.3,3,0.3,0.29,1,0.1,23,2.32,30.43,13.043,0.3,3.22,21.88,1.51,26.67,1.71,17.65,0.1,3.83,55.26,7.95,41.77,5.13,1.91,1.71,22.45,2.82,0.91,31.21,76.77,7.95,65.82,7.65,97.37,7.25,79.17,26.48,84.79,1.61,50.0,16.9,13.49,0.19,1.01,0.1,0.2,0.6,66.67,0.6,1.81,72.22,3.12,51.61,0.5,20.0,1.31,0.81,4.43,72.73,0,,0,,0,0.0,0.0,0.0,,,0.3,,,0.0,0.0,0.0,0.0,0,0.0
Antonio Perera,Lugo,Istra 1961,"DMF, LDMF",29,600000,2027-06-30,30,2760,0,0.9,1,0.59,20.97,55.99,Spain,Spain,left,186,72,no,12.29,8.58,64.64,4.08,56.8,0.39,0.55,0.55,6.36,8.96,2.02,16,0.52,0,0.0,0.88,0.0,0,0.0,0.03,0,0.0,13,0.42,7.69,0.0,0.03,0.07,0.0,0.03,0.0,0.03,0.0,0.0,1.21,56.76,4.53,51.08,0.26,0.62,0.03,33.36,0.16,1.08,49.76,86.17,16.47,73.07,6.75,97.1,19.96,92.97,45.39,89.94,4.34,47.37,18.57,33.86,0.02,0.2,0.07,0.0,0.36,45.45,0.07,8.25,69.17,1.21,37.84,0.78,37.5,0.42,0.0,8.05,76.52,0,,0,,0,0.0,0.0,0.0,,,1.08,,,0.13,0.0,0.0,0.0,0,0.0
L. Hujber,Sarajevo,Istra 1961,"RB, RWB",27,550000,2026-12-31,24,2150,0,0.68,3,1.49,19.26,54.78,Croatia,Croatia,right,180,74,no,11.55,8.33,65.83,1.97,42.55,0.54,0.73,0.38,5.53,7.39,1.3,5,0.21,0,0.0,2.22,0.0,0,0.0,0.03,0,0.0,10,0.42,40.0,0.0,0.13,2.47,32.2,0.0,0.0,2.34,30.36,0.29,2.22,50.94,5.9,45.39,0.8,0.88,0.88,23.23,1.84,1.13,34.87,75.63,11.93,59.65,6.57,94.9,11.3,81.48,28.67,84.23,3.89,37.63,18.6,34.16,0.06,0.42,0.08,0.04,0.54,23.08,0.38,3.43,46.34,3.18,40.79,1.05,20.0,0.54,0.8,6.28,60.67,0,,0,,0,0.0,0.0,0.0,,,0.8,,,0.08,0.04,0.0,0.08,0,0.0
J. Posavec,Lokomotiva Zagreb,Hajduk Split,GK,30,500000,2027-06-30,4,401,0,0.0,0,0.0,0.0,0.0,Croatia,Croatia,right,190,85,no,1.35,0.0,0.0,0.0,0.0,0.0,0.0,0.0,1.35,2.31,0.0,0,0.0,0,0.0,0.0,0.0,0,0.0,0.0,0,0.0,0,0.0,0.0,0.0,0.0,0.0,0.0,0.0,0.0,0.0,0.0,0.0,0.0,0.0,0.0,0.0,0.0,0.0,0.0,12.12,0.0,0.0,16.61,93.24,9.43,90.48,0.0,0.0,6.96,96.77,13.92,100.0,2.69,58.33,26.35,45.74,0.0,0.0,0.0,0.0,0.0,0.0,0.0,0.45,0.0,0.0,0.0,0.22,0.0,0.0,0.0,1.8,62.5,3,0.67,13,2.92,2,76.92,2.95,0.66,-0.05,-0.011,0.0,1.12,0.0,,,,0.0,0,0.0
J. Obregón,Águilas Doradas,Rijeka,CF,29,500000,2026-06-30,27,840,4,3.68,2,0.27,25.07,38.03,Colombia,Colombia,right,182,80,no,2.68,2.04,52.63,6.86,53.13,0.32,0.48,0.21,1.29,1.91,0.96,2,0.21,0,0.0,1.39,0.43,4,0.43,0.39,0,0.0,19,2.04,26.32,21.053,0.21,0.75,28.57,0.32,33.33,0.43,25.0,0.11,1.82,29.41,10.39,34.02,4.5,0.54,0.32,8.46,1.61,1.61,14.36,79.85,1.07,70.0,6.0,89.29,3.86,66.67,13.39,83.2,0.32,33.33,14.67,1.87,0.03,0.64,0.0,0.0,0.11,100.0,0.43,1.07,50.0,0.54,40.0,0.32,66.67,0.32,0.21,0.54,80.0,0,,0,,0,0.0,0.0,0.0,,,0.0,,,0.0,0.0,0.0,0.0,0,0.0
J. Elez,Vukovar,Hajduk Split,"LCB, CB",32,500000,,31,2968,2,1.55,1,1.04,11.07,63.29,Croatia,Croatia,right,189,89,no,7.0,3.85,72.44,4.12,56.62,0.06,0.09,0.61,4.15,6.16,0.36,2,0.06,0,0.0,0.61,0.06,2,0.06,0.05,2,0.06,10,0.3,50.0,20.0,0.03,0.03,100.0,0.0,0.0,0.03,100.0,0.0,0.39,100.0,1.24,60.98,0.61,2.03,0.12,38.94,0.3,0.33,56.1,88.49,22.35,77.88,3.06,99.01,26.81,96.72,47.94,94.31,8.13,54.1,22.85,40.82,0.03,0.24,0.03,0.0,0.03,100.0,0.15,7.43,62.45,1.09,47.22,1.27,35.71,0.45,0.03,9.37,72.17,0,,0,,0,0.0,0.0,0.0,,,2.15,,,0.03,0.0,0.0,0.0,0,0.0
N. Galović,,Rijeka,"LCB, RCB",34,500000,,10,666,0,0.37,0,0.0,17.86,65.91,Croatia,Croatia,right,186,80,no,10.56,7.31,68.52,4.33,68.75,0.41,0.52,1.08,5.14,6.63,1.62,2,0.27,0,0.0,0.27,0.0,0,0.0,0.05,0,0.0,1,0.14,0.0,0.0,0.0,0.27,50.0,0.14,0.0,0.14,100.0,0.0,0.14,100.0,1.35,50.0,0.27,0.95,0.14,28.69,0.68,1.08,42.77,88.92,16.24,79.17,2.98,100.0,19.62,94.48,37.49,93.86,5.14,55.26,18.85,35.45,0.0,0.0,0.0,0.0,0.27,0.0,0.0,4.6,64.71,0.41,0.0,0.41,33.33,0.0,0.0,5.82,62.79,0,,0,,0,0.0,0.0,0.0,,,1.22,,,0.0,0.0,0.0,0.0,0,0.0
M. Dabro,Slaven Belupo,Lokomotiva Zagreb,"CF, AMF",29,500000,2027-06-30,27,1943,13,7.28,1,1.93,22.68,30.75,Croatia,Croatia,left,178,71,no,3.56,3.94,44.58,4.89,22.33,0.14,0.18,0.19,1.66,2.12,1.23,5,0.23,0,0.0,1.85,0.6,11,0.52,0.35,2,0.09,54,2.56,35.19,24.074,0.05,0.24,20.0,0.05,0.0,0.19,25.0,0.05,1.9,45.0,8.92,31.91,2.66,1.33,0.85,16.84,1.52,1.14,24.96,81.56,5.74,70.25,7.45,91.72,6.74,84.51,23.72,83.6,1.04,45.45,14.63,21.08,0.09,0.95,0.09,0.05,0.28,16.67,0.24,2.7,68.42,0.71,66.67,0.24,40.0,0.76,0.05,2.18,54.35,0,,0,,0,0.0,0.0,0.0,,,0.09,,,0.05,0.0,0.0,0.05,2,100.0
I. Atiemwen,Al Minaa Basra,Gorica,"LAMF, CF, RAMF",30,500000,,9,750,2,1.3,0,0.91,25.68,42.99,Nigeria,Nigeria,right,180,78,no,6.48,5.16,55.81,4.56,34.21,0.24,0.32,0.12,3.36,4.52,1.68,4,0.48,0,0.0,5.76,0.24,1,0.12,0.16,0,0.0,13,1.56,38.46,15.385,0.0,2.4,40.0,1.8,46.67,0.6,20.0,0.84,7.08,52.54,12.96,44.44,2.16,2.28,0.48,19.68,1.92,2.28,24.6,75.61,6.84,64.91,6.36,88.68,8.04,80.6,20.4,80.59,1.8,66.67,17.55,22.24,0.11,0.6,0.12,0.0,0.96,50.0,0.0,3.0,68.0,2.88,37.5,1.08,33.33,0.48,1.08,5.4,71.11,0,,0,,0,0.0,0.0,0.0,,,0.0,,,0.48,0.0,0.0,0.36,1,100.0
J. Bašić,Zorya,Hrvatski Dragovoljac,RDMF,29,500000,2027-06-30,1,19,0,0.0,0,0.0,,,Croatia,Croatia,left,191,82,no,,,,,,,0.0,,,0.0,,0,,0,,,,0,,,0,,0,,,0.0,,,,,,,,,,,,,,,,,,,,,,,,,,,,,,,19.7,0.0,,,,,,,,,,,,,,,,,,0,,0,,0,0.0,0.0,,,,,,,,,,,0,0.0
M. Lisica,Dinamo Zagreb,Istra 1961,"RAMF, RWF, RWB",22,500000,2029-06-30,28,1956,2,2.54,2,2.7,16.1,49.71,Croatia,Croatia,right,178,70,no,6.35,5.89,58.59,0.78,11.76,0.14,0.2,0.0,2.76,3.94,0.46,0,0.0,0,0.0,3.96,0.09,2,0.09,0.12,1,0.05,24,1.1,41.67,8.333,0.09,2.71,33.9,0.18,50.0,2.48,31.48,0.37,4.05,57.95,6.76,48.98,2.44,1.66,0.69,17.9,2.12,0.6,25.86,74.56,5.8,59.52,5.89,92.97,8.83,72.4,21.44,82.19,1.79,46.15,15.62,18.81,0.12,0.87,0.05,0.0,0.6,38.46,0.6,1.33,68.97,2.85,46.77,0.64,28.57,0.92,0.92,4.23,61.96,0,,0,,0,0.0,0.0,0.0,,,0.32,,,0.0,0.0,0.0,0.0,0,0.0
M. Ndockyt,Rijeka,Osijek,"RW, LW",27,500000,2027-06-30,7,213,0,0.15,0,0.12,24.08,42.11,Congo,Congo,left,169,64,no,5.92,6.34,53.33,2.54,16.67,0.0,0.0,0.0,2.54,3.33,1.27,0,0.0,0,0.0,3.8,0.0,0,0.0,0.06,0,0.0,5,2.11,20.0,0.0,0.0,5.07,41.67,0.0,0.0,5.07,41.67,0.0,3.8,33.33,13.94,39.39,1.69,2.54,1.27,17.75,1.27,1.69,31.69,77.33,8.87,85.71,4.65,81.82,11.41,74.07,25.77,85.25,0.85,50.0,20.28,10.46,0.05,1.27,0.0,0.0,0.42,0.0,0.42,2.96,100.0,3.8,55.56,0.42,0.0,0.85,2.11,6.76,87.5,0,,0,,0,0.0,0.0,0.0,,,0.0,,,0.0,0.0,0.0,0.0,0,0.0
A. Bosec,Vukovar,Slaven Belupo,"RB, RWB, LWB",28,500000,2026-06-30,25,1633,1,1.1,2,0.89,21.11,53.31,Croatia,Croatia,right,178,73,no,11.67,10.62,57.69,2.57,45.45,0.93,1.13,0.0,4.61,5.56,1.87,6,0.33,1,0.06,2.86,0.06,1,0.06,0.06,0,0.0,13,0.76,15.38,7.692,0.12,2.97,41.18,0.76,38.46,2.16,43.24,0.12,2.45,57.14,4.78,47.56,0.93,1.46,0.99,19.95,0.99,1.22,30.45,69.54,12.72,58.72,3.73,81.25,9.22,76.58,23.39,78.8,4.2,36.11,17.97,27.45,0.05,0.64,0.06,0.0,0.35,33.33,0.35,4.72,53.09,3.03,42.31,0.99,23.53,0.17,1.17,7.7,64.39,0,,0,,0,0.0,0.0,0.0,,,0.12,,,0.0,0.0,0.0,0.0,0,0.0
M. Ćurić,Torpedo Moskva,Šibenik,"RCMF, AMF, RDMF",27,500000,2027-06-30,35,3192,7,4.04,1,2.41,21.63,49.54,Croatia,Croatia,left,182,77,no,7.78,6.29,61.88,2.62,38.71,0.23,0.27,0.14,3.67,4.47,0.93,4,0.11,0,0.0,2.99,0.2,5,0.14,0.11,0,0.0,55,1.55,29.09,12.727,0.03,0.48,52.94,0.14,60.0,0.34,50.0,0.06,3.95,56.43,9.08,45.96,0.65,1.86,0.65,18.44,0.23,1.47,30.34,85.04,9.81,70.98,5.5,97.44,10.26,91.21,27.12,87.84,2.76,63.27,17.8,34.62,0.07,0.68,0.03,0.03,0.31,18.18,0.06,4.6,72.39,0.85,53.33,0.48,11.76,0.23,0.25,4.17,75.0,0,,0,,0,0.0,0.0,0.0,,,0.34,,,1.16,0.25,22.22,1.41,2,100.0
H. Vučkič,Al Hamriyah,Rijeka,"AMF, CF",33,500000,2026-06-30,27,1583,9,4.75,4,1.95,20.13,39.14,Slovenia,Slovenia,left,186,83,no,4.31,4.54,58.23,3.57,51.61,0.06,0.08,0.12,1.61,2.26,1.21,2,0.11,0,0.0,2.53,0.51,9,0.52,0.27,1,0.06,33,1.9,54.55,27.273,0.23,0.86,40.0,0.46,37.5,0.29,60.0,0.29,2.01,45.71,7.99,30.22,2.88,1.21,0.98,20.24,1.04,0.75,27.55,82.05,6.73,63.25,7.36,94.53,8.86,87.01,25.25,85.19,1.44,52.0,15.88,21.45,0.11,0.58,0.0,0.0,0.69,33.33,0.46,3.57,70.97,1.04,72.22,0.46,12.5,0.86,0.35,2.82,69.39,0,,0,,0,0.0,0.0,0.0,,,0.0,,,0.0,0.0,0.0,0.0,0,0.0
I. Cvijanović,Gorica,Osijek,LB,22,500000,2029-06-30,1,39,0,0.0,0,0.29,,,Croatia,Croatia,left,185,77,no,,,,,,,3.75,,,15.0,,0,,0,,,,0,,,0,,0,,,0.0,,,,,,,,,,,,,,,,,,,,,,,,,,,,,,,22.81,51.56,,,,,,,,,,,,,,,,,,0,,0,,0,0.0,0.0,,,,,,,,,,,0,0.0
M. Malenica,Osijek,Osijek,GK,32,500000,2030-06-30,10,969,0,0.0,0,0.0,0.74,87.5,Croatia,Croatia,right,191,84,no,1.49,0.0,0.0,0.28,100.0,0.0,0.0,0.0,1.49,1.83,0.0,0,0.0,0,0.0,0.0,0.0,0,0.0,0.0,0,0.0,0,0.0,0.0,0.0,0.0,0.0,0.0,0.0,0.0,0.0,0.0,0.0,0.0,0.0,0.19,100.0,0.0,0.0,0.09,9.66,0.19,0.37,14.67,87.34,10.87,82.91,0.09,100.0,3.62,100.0,5.48,98.31,9.2,80.81,39.88,46.45,0.0,0.0,0.0,0.09,0.0,0.0,0.0,2.14,82.61,0.09,100.0,0.09,0.0,0.09,0.0,7.62,89.02,5,0.46,33,3.07,5,84.85,7.36,0.68,2.36,0.219,0.09,1.39,0.28,,,,0.0,0,0.0
S. Serderov,Dynamo Makhachkala,Istra 1961,"LAMF, LWF, RAMF",32,500000,2027-06-30,21,639,0,2.23,1,0.65,19.3,37.96,Russia,Russia,right,177,73,no,3.66,4.23,46.67,4.93,42.86,0.28,0.43,0.0,1.41,2.17,0.99,3,0.42,0,0.0,2.39,0.0,0,0.0,0.31,0,0.0,12,1.69,41.67,0.0,0.14,1.69,50.0,0.85,66.67,0.85,33.33,0.28,2.11,40.0,7.04,32.0,2.82,1.13,0.28,14.51,1.83,0.85,19.01,68.89,4.37,54.84,5.49,84.62,5.07,61.11,16.48,73.5,0.85,16.67,14.47,10.81,0.09,0.7,0.0,0.14,0.42,0.0,0.28,1.69,33.33,2.11,66.67,0.56,0.0,0.28,0.85,3.66,53.85,0,,0,,0,0.0,0.0,0.0,,,0.0,,,0.0,0.0,0.0,0.85,0,0.0
A. Gojak,Rijeka,Dinamo Zagreb,"RCMF, LCMF",29,500000,2028-06-30,24,1190,1,1.88,1,1.33,19.09,44.96,Bosnia and Herzegovina,Bosnia and Herzegovina,right,184,75,no,6.02,5.78,51.39,2.33,41.38,0.48,0.75,0.16,2.57,4.0,1.2,2,0.15,0,0.0,3.13,0.08,1,0.08,0.15,0,0.0,20,1.6,30.0,5.0,0.08,1.84,39.13,0.8,30.0,1.04,46.15,0.0,2.81,57.14,8.66,37.04,1.2,1.84,1.2,37.46,1.12,1.2,48.29,88.7,11.63,78.62,8.5,95.28,18.93,93.64,44.28,92.21,2.33,62.07,16.98,21.81,0.11,0.72,0.0,0.0,0.72,44.44,0.56,4.41,87.27,1.84,52.17,0.72,66.67,0.64,0.56,5.53,76.81,0,,0,,0,0.0,0.0,0.0,,,0.48,,,0.0,0.0,0.0,0.16,0,0.0
K. Fućak,Stal Mielec,Osijek,"CF, LAMF, LWF",27,500000,2028-06-30,13,628,0,1.78,2,0.82,31.82,37.84,Croatia,Croatia,right,193,87,no,4.73,3.01,71.43,7.6,32.08,1.15,1.68,0.0,1.43,2.1,1.15,1,0.14,0,0.0,7.31,0.0,0,0.0,0.25,0,0.0,16,2.29,43.75,0.0,0.29,5.73,40.0,4.73,33.33,1.0,71.43,1.0,7.17,50.0,17.63,35.77,3.87,2.44,1.72,13.47,2.44,2.15,19.06,57.89,3.3,56.52,4.44,77.42,7.31,54.9,12.75,67.42,0.86,16.67,21.96,16.2,0.12,0.86,0.0,0.0,0.43,100.0,0.72,0.86,50.0,4.59,53.13,0.14,100.0,0.86,2.15,3.58,76.0,0,,0,,0,0.0,0.0,0.0,,,0.0,,,0.0,0.0,0.0,0.0,0,0.0
S. Bralić,Sarajevo,Osijek,RCB,33,500000,,16,1210,0,0.92,1,0.67,18.82,66.4,Croatia,Croatia,right,191,83,no,9.6,5.65,67.11,6.25,63.1,0.3,0.4,0.89,5.5,7.42,0.97,6,0.45,0,0.0,1.71,0.0,0,0.0,0.07,0,0.0,7,0.52,14.29,0.0,0.07,0.6,37.5,0.07,0.0,0.52,42.86,0.07,2.08,64.29,3.27,59.09,1.04,1.41,0.37,23.06,0.22,0.37,40.54,86.97,18.15,79.1,1.86,96.0,16.74,93.78,33.62,92.48,6.32,62.35,24.85,37.64,0.05,0.37,0.0,0.0,0.07,100.0,0.15,6.92,67.74,1.04,35.71,0.3,0.0,0.37,0.22,8.48,85.09,0,,0,,0,0.0,0.0,0.0,,,1.12,,,0.0,0.0,0.0,0.0,0,0.0
K. Theophile-Catherine,Dinamo Zagreb,Dinamo Zagreb,"RCB, LCB",36,450000,2026-06-30,22,2066,0,0.62,0,0.37,15.39,65.38,France,"France, Martinique",right,183,86,no,8.79,6.7,67.35,3.83,70.24,0.09,0.14,0.68,4.19,6.3,0.82,4,0.17,1,0.04,0.73,0.0,0,0.0,0.03,0,0.0,7,0.32,14.29,0.0,0.0,0.73,31.25,0.14,100.0,0.59,15.38,0.05,0.73,62.5,2.0,56.82,0.36,1.5,0.64,43.91,0.91,0.96,61.35,87.53,25.41,78.67,4.37,96.88,26.19,94.61,52.97,93.04,7.7,55.03,20.99,36.21,0.02,0.18,0.05,0.0,0.05,0.0,0.05,8.74,72.4,1.0,45.45,0.64,28.57,0.32,0.23,11.16,77.96,0,,0,,0,0.0,0.0,0.0,,,2.87,,,0.0,0.0,0.0,0.0,0,0.0
M. Fossati,Trento,Hajduk Split,"LDMF, LCMF, DMF",33,450000,2027-06-30,26,2165,1,0.3,2,0.68,15.88,57.07,Italy,Italy,right,180,71,no,11.93,8.69,60.77,1.87,42.22,0.83,1.17,0.5,5.82,8.22,1.21,6,0.25,0,0.0,1.33,0.04,1,0.04,0.01,0,0.0,9,0.37,22.22,11.111,0.08,0.67,62.5,0.21,80.0,0.42,60.0,0.0,0.91,68.18,2.95,49.3,0.0,0.67,0.17,33.46,0.08,0.87,50.13,86.98,19.08,76.91,6.19,96.64,18.37,93.44,43.48,90.73,6.07,63.01,18.94,34.21,0.03,0.37,0.08,0.04,0.67,31.25,0.29,9.94,72.8,1.95,55.32,1.33,31.25,0.62,0.33,8.98,87.5,0,,0,,0,0.0,0.0,0.0,,,0.62,,,0.04,0.0,0.0,0.04,0,0.0
B. Cipetić,Várda SE,Lokomotiva Zagreb,RB,31,450000,2026-06-30,30,2804,0,0.9,6,4.39,15.27,52.9,Croatia,"Croatia, Bosnia and Herzegovina",right,184,77,no,8.31,6.57,52.0,1.74,58.49,0.2,0.26,0.2,4.7,6.15,0.59,7,0.22,0,0.0,3.84,0.0,0,0.0,0.03,0,0.0,25,0.82,24.0,0.0,0.2,4.89,37.58,0.0,0.0,4.89,37.58,0.49,2.96,60.0,4.96,53.64,0.92,2.5,1.08,28.04,2.53,0.89,42.49,76.58,16.94,71.32,4.47,94.12,13.76,78.76,32.44,85.83,5.48,53.89,19.36,35.24,0.14,1.18,0.0,0.1,0.16,20.0,0.89,6.44,72.45,4.14,46.83,0.56,23.53,0.49,1.77,9.75,80.13,0,,0,,0,0.0,0.0,0.0,,,0.62,,,0.03,0.0,0.0,0.0,0,0.0
C. Torres,Capital Brasilia,Šibenik,"RW, RAMF, LW",23,450000,2026-09-30,8,206,0,0.51,0,0.03,32.33,36.49,Colombia,Colombia,,0,0,no,4.81,6.99,50.0,6.99,37.5,0.0,0.0,0.0,1.31,2.05,1.75,0,0.0,0,0.0,3.5,0.0,0,0.0,0.22,0,0.0,7,3.06,0.0,0.0,0.0,0.87,0.0,0.44,0.0,0.44,0.0,0.0,8.3,36.84,14.85,35.29,1.75,1.31,0.44,7.43,1.31,1.75,8.74,75.0,1.31,66.67,3.5,100.0,3.06,57.14,7.43,88.24,0.44,0.0,10.36,5.18,0.01,0.87,0.0,0.0,0.44,100.0,0.44,0.87,50.0,1.75,25.0,0.44,100.0,0.44,0.0,0.44,100.0,0,,0,,0,0.0,0.0,0.0,,,0.0,,,0.0,0.0,0.0,0.0,0,0.0
K. Lulić,Casarano,Slaven Belupo,"RWF, LW, RCMF",30,450000,2028-06-30,5,250,0,0.01,0,0.17,16.92,38.3,Croatia,Croatia,right,185,76,no,5.04,5.76,37.5,1.08,33.33,0.0,0.0,0.0,2.88,3.04,0.72,1,0.36,0,0.0,3.96,0.0,0,0.0,0.0,0,0.0,1,0.36,0.0,0.0,0.0,4.32,25.0,0.36,0.0,3.96,27.27,1.08,3.6,70.0,7.92,40.91,1.44,3.6,1.8,23.04,2.16,1.8,30.6,74.12,6.12,52.94,7.2,95.0,11.52,75.0,23.4,90.77,3.24,11.11,20.27,32.07,0.06,1.44,0.0,0.0,0.72,50.0,0.0,3.6,60.0,4.68,38.46,1.44,25.0,0.36,1.08,4.68,84.62,0,,0,,0,0.0,0.0,0.0,,,0.0,,,0.0,0.0,0.0,0.72,0,0.0
Joao Escoval,Akron Togliatti,Rijeka,"RCB, RB",29,400000,2027-06-30,8,643,0,0.24,0,0.21,17.5,62.4,Portugal,Portugal,right,188,77,no,10.36,10.08,59.72,4.34,61.29,0.28,0.35,0.84,4.06,5.09,1.82,2,0.28,0,0.0,0.84,0.0,0,0.0,0.03,0,0.0,2,0.28,0.0,0.0,0.0,0.42,66.67,0.0,0.0,0.42,66.67,0.0,0.42,100.0,0.42,100.0,0.42,0.84,0.14,35.69,0.7,0.42,48.01,87.46,24.35,82.18,1.96,85.71,17.36,94.35,41.85,92.31,5.74,53.66,21.57,41.01,0.03,0.28,0.0,0.0,0.14,100.0,0.14,9.66,73.91,1.68,50.0,1.26,44.44,0.7,0.28,13.86,82.83,0,,0,,0,0.0,0.0,0.0,,,0.28,,,0.0,0.0,0.0,0.0,0,0.0
A. Liber,Odra Opole,Rijeka,"RCMF, RW",25,400000,2028-06-30,10,425,0,0.11,0,0.21,24.14,35.96,Croatia,Croatia,right,171,65,no,8.05,8.68,53.66,2.12,40.0,0.0,0.0,0.0,3.39,4.14,0.42,0,0.0,0,0.0,2.12,0.0,0,0.0,0.02,0,0.0,3,0.64,0.0,0.0,0.0,0.64,0.0,0.0,0.0,0.64,0.0,0.21,4.02,42.11,9.95,21.28,1.27,0.21,1.48,18.64,1.06,0.85,31.34,78.38,9.11,72.09,5.29,80.0,9.95,87.23,30.28,80.42,0.42,50.0,13.9,8.49,0.04,0.42,0.21,0.0,0.64,66.67,0.0,3.18,66.67,0.85,50.0,0.64,66.67,0.42,0.0,4.24,70.0,0,,0,,0,0.0,0.0,0.0,,,0.0,,,0.0,0.0,0.0,0.42,0,0.0
L. Kalinić,,Hajduk Split,GK,36,400000,,29,2805,0,0.0,0,0.0,0.51,87.5,Croatia,Croatia,right,201,96,no,1.28,0.06,100.0,0.22,100.0,0.0,0.0,0.0,1.22,1.74,0.0,2,0.06,0,0.0,0.0,0.0,0,0.0,0.0,0,0.0,0,0.0,0.0,0.0,0.0,0.0,0.0,0.0,0.0,0.0,0.0,0.0,0.0,0.0,0.1,100.0,0.0,0.0,0.0,12.06,0.22,0.06,18.16,88.87,10.17,82.02,0.03,100.0,7.44,98.71,11.87,98.11,6.19,72.54,31.1,48.17,0.0,0.0,0.0,0.0,0.0,0.0,0.0,1.51,53.19,0.1,100.0,0.03,100.0,0.03,0.0,4.91,76.47,22,0.71,91,2.92,15,75.82,23.42,0.75,1.42,0.046,0.0,1.16,0.22,,,,0.0,0,0.0
J. Vasilj,Lokomotiva Zagreb,Lokomotiva Zagreb,"AMF, LAMF, RDMF",24,400000,2029-06-30,12,561,0,0.41,0,1.1,23.9,43.62,Croatia,Croatia,right,181,74,no,10.75,7.22,64.44,4.17,19.23,1.93,2.79,0.16,4.17,6.05,0.96,1,0.16,0,0.0,2.73,0.0,0,0.0,0.07,0,0.0,7,1.12,14.29,0.0,0.0,1.6,10.0,0.8,0.0,0.64,25.0,0.32,3.85,58.33,8.5,43.4,3.85,2.25,1.28,21.66,1.44,0.48,34.01,77.36,10.91,67.65,6.58,92.68,10.11,82.54,30.0,82.89,2.41,53.33,19.27,19.04,0.18,1.6,0.16,0.0,0.8,20.0,1.44,4.17,65.38,2.09,61.54,0.32,50.0,2.09,0.16,3.85,75.0,0,,0,,0,0.0,0.0,0.0,,,0.32,,,0.0,0.0,0.0,0.0,0,0.0
B. Mioč,Miedź Legnica,Hrvatski Dragovoljac,LCMF,31,400000,2027-06-30,17,1606,2,0.85,0,0.78,10.7,46.6,Croatia,Croatia,right,173,72,no,6.89,4.26,63.16,1.01,27.78,0.17,0.18,0.17,4.03,4.31,0.45,0,0.0,0,0.0,1.74,0.11,2,0.11,0.05,0,0.0,28,1.57,28.57,7.143,0.0,0.5,55.56,0.28,60.0,0.22,50.0,0.0,1.51,59.26,3.42,49.18,0.45,0.78,0.62,22.25,0.45,0.62,35.53,81.39,12.44,67.57,6.61,97.46,11.43,86.27,31.38,86.07,3.64,44.62,18.2,35.52,0.04,0.5,0.06,0.0,0.39,28.57,0.17,5.32,58.95,1.12,55.0,0.5,55.56,0.39,0.28,4.99,67.42,0,,0,,0,0.0,0.0,0.0,,,0.5,,,0.5,0.0,0.0,0.62,0,0.0
M. Steenvoorden,HHC,Gorica,RCB,33,400000,2027-06-30,21,1582,0,0.95,1,0.05,12.67,56.19,Netherlands,Netherlands,right,188,81,no,9.05,5.37,65.17,3.44,50.88,0.84,1.14,0.24,4.71,6.32,1.15,5,0.28,0,0.0,0.3,0.0,0,0.0,0.06,0,0.0,8,0.48,0.0,0.0,0.06,0.3,20.0,0.06,0.0,0.24,25.0,0.06,0.3,80.0,1.21,55.0,0.48,1.33,0.42,28.83,0.3,0.3,45.24,83.33,21.29,72.24,3.02,96.0,17.25,95.8,37.4,89.19,7.54,56.8,23.32,35.4,0.0,0.12,0.06,0.0,0.06,0.0,0.12,7.84,64.62,1.33,36.36,0.84,28.57,0.42,0.06,10.68,70.62,0,,0,,0,0.0,0.0,0.0,,,2.47,,,0.0,0.0,0.0,0.0,0,0.0
A. Jovičić,Várda SE,Gorica,"RCB, LCB",30,400000,2026-06-30,32,3051,2,2.65,1,0.45,12.45,57.43,Bosnia and Herzegovina,Bosnia and Herzegovina,right,189,82,no,7.84,5.02,55.63,4.14,67.42,0.31,0.41,0.6,4.73,6.12,1.1,8,0.24,1,0.03,0.69,0.06,2,0.06,0.08,0,0.0,12,0.38,58.33,16.667,0.03,0.06,50.0,0.0,0.0,0.06,50.0,0.0,0.53,76.47,1.66,50.94,0.47,0.78,0.09,31.13,0.41,0.66,45.99,89.23,19.47,80.35,2.66,98.82,20.97,96.71,39.87,93.4,6.05,62.18,21.99,37.33,0.01,0.22,0.03,0.0,0.09,33.33,0.03,6.36,73.89,0.53,23.53,0.56,22.22,0.13,0.03,8.28,77.65,0,,0,,0,0.0,0.0,0.0,,,2.01,,,0.0,0.0,0.0,0.0,0,0.0
P. Golubickas,Žalgiris,Gorica,"LAMF, RAMF, AMF",26,400000,2029-12-31,13,556,1,0.16,1,0.28,17.48,44.44,Lithuania,Lithuania,both,173,69,no,6.31,5.34,54.55,2.27,57.14,0.16,0.25,0.16,3.24,4.92,0.65,1,0.16,0,0.0,3.4,0.16,1,0.16,0.03,0,0.0,4,0.65,25.0,25.0,0.16,1.78,36.36,1.13,28.57,0.65,50.0,0.32,3.08,68.42,7.77,43.75,1.62,1.94,1.29,25.74,1.46,0.65,36.74,85.9,9.23,85.96,7.28,88.89,15.05,83.87,34.64,88.79,0.32,50.0,17.03,6.22,0.05,0.81,0.0,0.0,0.65,75.0,0.49,3.88,70.83,2.27,57.14,0.49,66.67,0.65,0.81,5.34,84.85,0,,0,,0,0.0,0.0,0.0,,,0.0,,,0.0,0.0,0.0,0.0,0,0.0
M. Mina,América de Cali,Šibenik,"LB, LCB",27,400000,2027-06-30,23,1856,1,0.38,0,0.18,20.9,53.6,Colombia,Colombia,left,177,72,no,12.37,10.09,63.94,2.52,55.77,0.24,0.29,0.48,5.67,6.79,1.55,3,0.15,0,0.0,1.07,0.05,1,0.05,0.02,0,0.0,5,0.24,20.0,20.0,0.0,0.87,22.22,0.87,22.22,0.0,0.0,0.05,1.65,50.0,4.95,36.27,0.29,0.73,0.24,17.26,1.02,0.78,28.22,79.38,13.38,69.2,3.3,98.53,6.89,84.51,24.39,85.69,3.01,43.55,17.26,32.56,0.01,0.1,0.05,0.0,0.0,0.0,0.1,4.02,63.86,0.78,25.0,0.19,25.0,0.05,0.24,5.72,62.71,0,,0,,0,0.0,0.0,0.0,,,0.63,,,0.0,0.0,0.0,0.0,0,0.0
A. Grgić,Slaven Belupo,Osijek,"RB, CF",31,400000,2027-06-15,18,1511,2,1.59,1,2.64,17.57,45.76,Croatia,Croatia,right,187,77,no,6.97,4.77,56.25,4.23,43.66,0.12,0.16,0.12,4.17,5.56,0.6,1,0.06,0,0.0,4.82,0.12,2,0.12,0.09,0,0.0,12,0.71,25.0,16.667,0.06,5.78,38.14,0.42,42.86,5.36,37.78,0.54,4.35,56.16,7.03,40.68,1.37,1.79,1.13,22.28,1.79,0.83,33.18,67.68,11.73,57.87,4.71,91.14,12.15,68.63,22.93,77.92,4.77,50.0,21.04,29.19,0.16,1.49,0.0,0.06,0.18,0.0,0.77,4.71,59.49,5.42,48.35,0.24,0.0,0.6,2.32,7.98,75.37,0,,0,,0,0.0,0.0,0.0,,,0.18,,,0.06,0.06,0.0,0.12,0,0.0
N. Glavčić,AEL,Slaven Belupo,"LCMF, RCMF",29,400000,,17,1320,0,0.41,3,2.61,19.87,39.78,Serbia,Serbia,left,170,66,no,6.74,5.37,56.76,3.77,34.62,1.23,1.41,0.07,2.47,2.83,1.16,2,0.14,1,0.07,2.39,0.0,0,0.0,0.03,0,0.0,13,0.94,38.46,0.0,0.22,2.18,43.33,0.8,45.45,1.38,42.11,0.29,2.1,44.83,7.11,37.76,0.51,1.02,0.73,29.95,1.16,1.52,43.59,81.7,15.52,71.96,7.32,96.04,15.52,84.11,36.41,86.85,5.15,59.15,19.19,36.59,0.19,1.38,0.0,0.07,0.65,22.22,0.44,7.9,76.15,3.26,42.22,1.52,33.33,0.65,0.87,7.76,75.7,0,,0,,0,0.0,0.0,0.0,,,0.07,,,1.52,0.36,20.0,1.96,0,0.0
M. Pilj,Vukovar,Osijek,"AMF, RCMF, LCMF",29,400000,,15,418,1,1.31,1,0.41,19.59,47.25,Croatia,Croatia,right,165,56,no,6.89,6.89,65.63,1.72,25.0,0.22,0.32,0.0,2.15,3.23,0.43,2,0.43,0,0.0,3.23,0.22,1,0.22,0.28,0,0.0,8,1.72,50.0,12.5,0.22,0.65,33.33,0.22,100.0,0.43,0.0,0.43,2.58,58.33,7.97,43.24,1.72,1.08,0.86,23.25,0.43,1.72,34.67,77.64,12.49,63.79,4.09,100.0,10.33,87.5,32.08,79.87,1.94,55.56,13.98,16.46,0.09,0.86,0.0,0.0,1.72,37.5,0.43,5.17,66.67,1.72,62.5,1.29,33.33,1.29,0.43,4.95,78.26,0,,0,,0,0.0,0.0,0.0,,,0.0,,,0.86,0.22,0.0,0.0,1,0.0
M. Caimacov,Slaven Belupo,Slaven Belupo,"LCMF, LDMF",27,400000,2027-06-30,22,1887,2,0.46,0,2.0,23.69,47.78,Moldova,"Moldova, Russia",left,183,70,no,9.52,6.66,57.89,2.75,50.91,1.35,1.65,0.2,4.31,5.27,1.55,6,0.29,0,0.0,2.2,0.1,1,0.05,0.02,0,0.0,11,0.55,36.36,9.091,0.0,0.85,41.18,0.8,43.75,0.05,0.0,0.05,3.21,43.75,10.07,42.29,0.4,1.05,0.8,23.69,0.6,2.85,36.86,79.76,11.87,62.45,7.91,98.1,11.12,86.04,32.45,85.19,3.61,40.28,17.76,36.66,0.1,1.2,0.0,0.05,0.7,35.71,0.4,5.76,58.26,1.95,48.72,1.15,43.48,0.85,0.3,5.21,70.19,0,,0,,0,0.0,0.0,0.0,,,0.05,,,1.05,0.1,0.0,1.75,0,0.0
D. Lončar,Pogoń Szczecin,Osijek,"LCB, RCB",28,400000,2026-06-30,32,2935,1,1.72,1,0.21,16.71,63.67,Croatia,"Croatia, Bosnia and Herzegovina",right,187,78,no,9.69,6.19,71.78,6.32,60.68,0.67,0.89,0.77,4.57,6.04,1.2,6,0.18,0,0.0,0.21,0.03,1,0.03,0.05,0,0.0,15,0.46,33.33,6.667,0.03,0.09,33.33,0.03,0.0,0.06,50.0,0.0,0.03,100.0,0.89,75.86,0.77,0.67,0.18,24.96,0.34,0.89,38.61,85.78,16.22,73.16,1.78,93.1,17.79,96.38,33.06,91.65,5.46,51.12,23.18,40.46,0.01,0.06,0.0,0.0,0.0,0.0,0.03,4.94,57.76,0.58,26.32,0.37,16.67,0.18,0.03,7.11,70.26,0,,0,,0,0.0,0.0,0.0,,,1.17,,,0.0,0.0,0.0,0.0,0,0.0
A. Ivančić,Zrinjski,Istra 1961,"RWF, RAMF, AMF",31,400000,2027-05-31,15,578,0,1.28,0,1.29,18.53,40.34,Croatia,"Croatia, Bosnia and Herzegovina",right,182,76,no,4.83,4.98,50.0,3.58,43.48,0.31,0.49,0.16,2.02,3.2,0.93,1,0.16,0,0.0,3.43,0.0,0,0.0,0.2,0,0.0,8,1.25,50.0,0.0,0.0,1.09,57.14,0.0,0.0,0.93,50.0,0.0,3.11,55.0,8.72,37.5,1.56,0.31,0.16,16.66,0.78,1.56,23.2,83.89,6.07,71.79,4.98,87.5,7.47,87.5,20.71,88.72,1.4,33.33,17.62,12.46,0.2,1.25,0.0,0.0,0.93,50.0,0.47,2.34,66.67,2.02,53.85,0.78,60.0,0.78,0.78,3.27,66.67,0,,0,,0,0.0,0.0,0.0,,,0.31,,,0.31,0.0,0.0,1.09,0,0.0
H. Bandé,Mechelen,Istra 1961,"LAMF, LWF, LW",27,400000,2026-06-30,29,2282,7,4.68,2,2.93,24.77,45.22,Burkina Faso,Burkina Faso,right,178,68,no,6.86,7.14,58.56,1.93,30.61,0.08,0.11,0.0,2.6,3.68,1.18,5,0.2,0,0.0,4.3,0.28,7,0.28,0.18,1,0.04,36,1.42,41.67,19.444,0.08,2.01,33.33,0.87,45.45,1.03,23.08,0.28,4.97,51.59,11.95,42.24,2.52,2.01,1.1,18.93,2.01,2.25,28.0,72.68,6.86,53.45,7.61,90.16,7.77,74.62,24.77,77.55,1.26,40.63,16.16,22.49,0.12,1.1,0.0,0.0,0.95,50.0,0.67,2.56,56.92,2.64,43.28,0.95,29.17,0.83,0.75,4.26,67.59,0,,0,,0,0.0,0.0,0.0,,,0.08,,,0.0,0.0,0.0,0.12,1,0.0
S. Čestić,Heracles,Rijeka,RCB,25,400000,2026-06-30,8,468,0,0.0,0,0.0,14.81,61.04,Germany,"Germany, Serbia",right,192,87,no,14.04,9.04,63.83,3.46,66.67,0.77,1.03,1.15,7.5,10.0,1.92,3,0.58,0,0.0,0.19,0.0,0,0.0,0.0,0,0.0,0,0.0,0.0,0.0,0.0,0.0,0.0,0.0,0.0,0.0,0.0,0.0,0.19,100.0,0.77,50.0,0.19,0.58,0.19,35.38,0.58,0.0,48.08,85.6,18.46,72.92,3.85,90.0,22.31,94.83,41.73,92.17,6.35,42.42,16.65,25.17,0.0,0.0,0.0,0.0,0.0,0.0,0.0,5.0,65.38,0.38,50.0,0.19,0.0,0.0,0.0,7.5,58.97,0,,0,,0,0.0,0.0,0.0,,,3.08,,,0.0,0.0,0.0,0.0,0,0.0
Einar Galilea,Málaga,Istra 1961,"LCB, CB",32,400000,2027-06-30,32,2995,2,1.07,0,0.42,12.77,58.82,Spain,Spain,left,185,73,no,9.44,5.5,59.56,3.64,57.85,0.18,0.25,0.57,5.98,8.27,0.84,8,0.24,0,0.0,0.36,0.06,2,0.06,0.03,2,0.06,4,0.12,100.0,50.0,0.0,0.15,40.0,0.09,33.33,0.03,0.0,0.0,0.27,55.56,1.14,52.63,0.3,1.23,0.09,37.59,0.3,0.69,53.16,88.36,20.1,77.58,4.03,97.01,25.33,96.92,47.33,93.14,5.68,49.74,21.46,35.79,0.01,0.12,0.0,0.0,0.12,25.0,0.0,5.02,62.87,0.6,35.0,0.3,20.0,0.18,0.06,8.83,69.39,0,,0,,0,0.0,0.0,0.0,,,3.25,,,0.03,0.0,0.0,0.0,0,0.0
M. Turbaevskyi,Zorya,Lokomotiva Zagreb,GK,24,400000,,1,94,0,0.0,0,0.0,0.0,0.0,Ukraine,Ukraine,right,193,83,no,2.87,0.0,0.0,0.0,0.0,0.0,0.0,0.0,2.87,3.6,0.0,0,0.0,0,0.0,0.0,0.0,0,0.0,0.0,0,0.0,0,0.0,0.0,0.0,0.0,0.0,0.0,0.0,0.0,0.0,0.0,0.0,0.0,0.0,0.0,0.0,0.0,0.0,0.0,13.4,0.0,0.0,20.11,95.24,11.49,91.67,0.0,0.0,8.62,100.0,15.32,100.0,4.79,80.0,29.96,47.08,0.0,0.0,0.0,0.0,0.0,0.0,0.0,0.0,0.0,0.0,0.0,0.0,0.0,0.0,0.0,4.79,80.0,1,0.96,2,1.91,0,50.0,0.38,0.36,-0.62,-0.594,0.0,0.96,0.0,,,,0.0,0,0.0
M. Čuić,Zrinjski,Hajduk Split,"RCMF, RDMF",25,400000,2028-06-30,5,150,0,0.06,0,0.1,21.6,41.67,Croatia,"Croatia, Bosnia and Herzegovina",right,190,74,no,10.2,8.4,57.14,4.2,28.57,0.0,0.0,0.6,5.4,7.5,1.8,0,0.0,0,0.0,1.8,0.0,0,0.0,0.03,0,0.0,1,0.6,100.0,0.0,0.0,0.0,0.0,0.0,0.0,0.0,0.0,0.0,1.2,50.0,4.8,37.5,1.8,1.8,0.0,29.4,1.8,2.4,40.2,91.04,10.2,94.12,4.8,100.0,16.8,92.86,39.0,92.31,1.2,50.0,14.94,7.79,0.06,1.2,0.0,0.0,0.6,100.0,0.0,7.8,92.31,1.8,66.67,0.6,100.0,1.2,0.0,4.8,75.0,0,,0,,0,0.0,0.0,0.0,,,0.0,,,2.4,0.0,0.0,1.2,0,0.0
M. Vuk,Varaždin,Rijeka,"AMF, LWF",26,400000,2028-05-31,17,560,0,0.51,0,0.11,25.87,39.75,Croatia,Croatia,right,183,75,no,6.27,6.27,71.79,2.41,13.33,0.0,0.0,0.16,1.77,2.64,0.32,1,0.16,0,0.0,3.38,0.0,0,0.0,0.08,0,0.0,6,0.96,33.33,0.0,0.0,2.41,46.67,1.93,50.0,0.48,33.33,0.32,3.54,40.91,13.18,31.71,2.09,1.77,1.29,22.5,2.89,1.13,31.82,84.85,6.91,79.07,10.93,92.65,8.52,86.79,27.8,90.17,1.61,50.0,18.29,17.9,0.02,0.32,0.0,0.16,0.8,60.0,0.32,2.41,73.33,2.25,57.14,1.13,57.14,0.8,1.13,3.86,83.33,0,,0,,0,0.0,0.0,0.0,,,0.0,,,0.0,0.0,0.0,0.0,0,0.0
J. Vuković,Sakaryaspor Res.,Hajduk Split,"RDMF, LCMF, RCMF",34,350000,2027-06-30,24,1760,2,1.29,0,0.49,17.59,49.71,Croatia,Croatia,right,186,81,no,7.31,6.09,57.98,3.22,53.97,0.41,0.61,0.05,3.38,5.01,0.97,4,0.2,0,0.0,1.23,0.1,2,0.1,0.07,0,0.0,19,0.97,36.84,10.526,0.0,0.87,23.53,0.26,20.0,0.61,25.0,0.05,0.97,57.89,4.45,32.18,0.77,0.31,0.46,33.29,0.26,1.07,46.28,85.86,16.06,77.39,4.76,93.55,19.69,90.91,41.06,89.54,4.35,63.53,18.32,33.22,0.02,0.26,0.05,0.05,0.26,40.0,0.15,8.23,81.37,1.94,42.11,0.82,37.5,0.46,0.26,7.62,79.87,0,,0,,0,0.0,0.0,0.0,,,0.2,,,0.05,0.0,0.0,0.05,0,0.0
P. Mamić,Zrinjski,Hrvatski Dragovoljac,"LB, LWB",30,350000,2028-05-31,10,776,0,0.43,1,1.73,15.19,58.02,Croatia,Croatia,left,183,74,no,10.21,6.15,66.04,3.13,48.15,0.7,0.83,0.12,5.45,6.47,0.46,2,0.23,0,0.0,3.36,0.0,0,0.0,0.05,0,0.0,12,1.39,33.33,0.0,0.12,4.52,17.95,4.52,17.95,0.0,0.0,0.7,2.9,68.0,4.29,59.46,0.7,1.51,0.81,25.4,2.67,0.7,37.11,70.63,11.6,59.0,6.26,90.74,11.95,65.05,26.91,82.76,5.91,56.86,20.1,37.68,0.2,2.2,0.0,0.0,0.12,100.0,0.46,3.94,55.88,4.99,30.23,0.81,71.43,0.93,0.93,8.0,63.77,0,,0,,0,0.0,0.0,0.0,,,0.35,,,1.97,0.0,0.0,4.18,0,0.0
S. Perić,Gorica,Šibenik,RCB,29,350000,2027-06-30,28,2491,0,1.15,1,0.22,15.54,56.05,Austria,Austria,right,187,80,no,10.37,5.78,61.25,5.09,58.87,0.4,0.5,0.69,6.43,8.05,1.12,7,0.25,1,0.04,0.43,0.0,0,0.0,0.04,0,0.0,10,0.36,50.0,0.0,0.04,0.07,0.0,0.0,0.0,0.07,0.0,0.04,0.58,43.75,1.91,45.28,0.51,0.87,0.33,20.7,0.18,0.72,34.47,87.42,12.86,75.84,3.61,97.0,15.54,96.05,31.11,91.41,3.29,51.65,22.42,34.67,0.01,0.25,0.0,0.0,0.0,0.0,0.04,3.07,63.53,0.29,12.5,0.22,33.33,0.22,0.0,6.0,71.08,0,,0,,0,0.0,0.0,0.0,,,3.11,,,0.0,0.0,0.0,0.0,0,0.0
M. Jurčevič,Partizan,Osijek,LB,31,350000,2027-06-30,17,1211,1,0.78,2,1.58,18.43,52.42,Slovenia,Slovenia,left,186,74,no,11.74,9.36,63.49,3.34,51.11,1.64,2.26,0.15,4.16,5.75,1.71,3,0.22,0,0.0,1.34,0.07,1,0.07,0.06,0,0.0,5,0.37,20.0,20.0,0.15,3.34,28.89,3.27,29.55,0.07,0.0,0.52,0.67,22.22,2.38,28.13,0.89,0.59,0.37,24.0,1.56,0.22,35.6,74.95,13.6,66.12,7.13,90.63,8.92,76.67,28.54,82.03,3.86,61.54,20.01,27.65,0.12,0.97,0.0,0.0,0.15,100.0,0.22,4.09,69.09,3.34,46.67,0.59,37.5,0.59,1.04,7.06,72.63,0,,0,,0,0.0,0.0,0.0,,,0.67,,,0.59,0.0,0.0,0.82,0,0.0
M. Monjac,Orijent 1919,Slaven Belupo,"CF, LWF, LW",29,350000,,13,538,1,1.06,0,0.24,26.77,32.5,Croatia,Croatia,right,185,0,no,4.52,5.52,54.55,6.19,18.92,0.0,0.0,0.0,1.51,2.0,1.17,3,0.5,0,0.0,3.18,0.17,1,0.17,0.18,0,0.0,11,1.84,36.36,9.091,0.0,2.01,8.33,1.51,0.0,0.5,33.33,0.0,3.51,57.14,10.04,28.33,3.35,1.84,1.34,13.88,3.35,0.5,24.93,65.1,6.36,57.89,6.02,77.78,6.86,63.41,21.25,72.44,1.84,36.36,16.26,17.91,0.04,0.5,0.0,0.0,0.67,50.0,0.33,1.67,60.0,2.34,28.57,1.0,33.33,0.67,0.0,3.85,65.22,0,,0,,0,0.0,0.0,0.0,,,0.17,,,0.17,0.17,100.0,0.5,0,0.0
B. Bogojević,Gorica,Slaven Belupo,"RB, RWB, RW",27,350000,2027-06-30,26,1850,1,1.2,1,1.98,19.36,43.72,Croatia,Croatia,right,182,71,no,10.31,7.98,52.44,3.45,28.17,0.92,1.11,0.15,5.21,6.26,1.46,6,0.29,0,0.0,3.65,0.05,1,0.05,0.06,0,0.0,21,1.02,42.86,4.762,0.05,4.18,29.07,0.0,0.0,4.18,29.07,0.58,3.16,61.54,5.45,45.54,1.99,1.75,1.07,17.56,1.56,0.44,25.49,67.94,10.02,66.02,3.89,87.5,7.35,62.91,17.76,79.73,3.75,53.25,23.72,27.42,0.1,0.68,0.05,0.05,0.19,25.0,0.34,2.53,61.54,2.87,37.29,0.19,50.0,0.34,1.22,6.08,64.8,0,,0,,0,0.0,0.0,0.0,,,0.34,,,0.15,0.0,0.0,0.19,0,0.0
B. Matić,,Istra 1961,"RCB, LCB",31,350000,,5,496,1,0.1,0,0.0,13.79,57.89,Croatia,Croatia,right,194,84,no,9.07,3.63,65.0,3.99,54.55,0.54,0.87,0.73,6.17,9.81,0.91,2,0.36,0,0.0,1.09,0.18,1,0.18,0.02,1,0.18,1,0.18,100.0,100.0,0.0,0.0,0.0,0.0,0.0,0.0,0.0,0.0,0.91,80.0,1.63,77.78,0.36,1.09,0.0,51.53,0.36,0.54,68.77,95.25,17.42,87.5,3.45,94.74,38.1,99.05,65.32,96.67,3.45,68.42,19.7,35.46,0.0,0.0,0.0,0.0,0.18,100.0,0.0,3.27,83.33,0.18,100.0,0.18,100.0,0.18,0.0,5.99,69.7,0,,0,,0,0.0,0.0,0.0,,,2.36,,,0.0,0.0,0.0,0.0,0,0.0
T. Hrvoj,FK Auda,Hrvatski Dragovoljac,RB,25,350000,,3,230,0,0.0,0,0.08,10.17,65.38,Croatia,Croatia,right,180,67,no,12.52,5.48,78.57,1.96,60.0,0.39,0.41,0.78,7.83,8.22,0.78,1,0.39,0,0.0,2.35,0.0,0,0.0,0.0,0,0.0,0,0.0,0.0,0.0,0.0,2.74,42.86,0.0,0.0,2.74,42.86,0.39,1.96,60.0,1.96,60.0,0.39,0.0,0.0,22.3,2.74,0.0,31.7,77.78,10.57,59.26,6.26,100.0,9.39,87.5,26.61,86.76,2.74,14.29,16.99,28.62,0.03,0.78,0.0,0.0,0.0,0.0,0.78,2.35,83.33,1.96,60.0,0.0,0.0,0.0,1.17,7.43,47.37,0,,0,,0,0.0,0.0,0.0,,,0.39,,,0.0,0.0,0.0,0.0,0,0.0
M. Mlinarić,Zagłębie Lubin,Slaven Belupo,"LCMF, RCMF, RW",26,350000,2027-06-30,24,542,1,0.33,0,0.05,19.26,53.45,Croatia,Croatia,right,181,0,no,8.63,7.47,55.56,3.15,63.16,1.66,2.29,0.5,2.82,3.89,1.49,2,0.33,0,0.0,2.16,0.17,1,0.17,0.06,0,0.0,4,0.66,25.0,25.0,0.0,0.5,33.33,0.5,33.33,0.0,0.0,0.0,2.66,68.75,6.14,51.35,0.83,0.83,1.0,16.44,0.66,1.0,26.9,69.75,7.31,59.09,5.48,81.82,10.3,75.81,23.41,74.47,2.99,38.89,15.66,15.26,0.01,0.33,0.0,0.0,0.0,0.0,0.17,3.99,50.0,0.5,0.0,0.0,0.0,0.0,0.17,4.15,44.0,0,,0,,0,0.0,0.0,0.0,,,0.17,,,0.33,0.0,0.0,1.0,0,0.0
M. Skoric,Rijeka,Osijek,"RCB, CB",35,350000,2026-06-30,26,2509,0,1.7,0,0.12,14.81,62.71,Croatia,Croatia,right,189,80,no,10.08,5.34,70.47,6.39,60.11,0.61,0.8,0.5,5.7,7.5,0.9,6,0.22,0,0.0,0.39,0.0,0,0.0,0.06,0,0.0,21,0.75,28.57,0.0,0.0,0.18,20.0,0.0,0.0,0.18,20.0,0.04,0.18,80.0,0.75,52.38,0.93,0.54,0.07,25.5,0.43,0.43,40.68,83.07,17.04,68.42,2.48,100.0,17.68,94.12,34.47,90.63,6.03,41.67,22.91,41.65,0.0,0.07,0.0,0.0,0.04,0.0,0.04,6.74,55.85,0.75,23.81,0.36,20.0,0.22,0.04,7.07,64.47,0,,0,,0,0.0,0.0,0.0,,,1.94,,,0.0,0.0,0.0,0.0,0,0.0
V. Majstorović,Posušje,Hrvatski Dragovoljac,RB,30,350000,,33,3040,6,5.1,1,1.53,26.02,49.72,Croatia,Croatia,right,169,64,no,13.17,9.98,64.39,3.67,31.45,0.53,0.55,0.3,6.22,6.42,0.8,4,0.12,0,0.0,2.75,0.18,0,0.0,0.15,0,0.0,20,0.59,50.0,30.0,0.03,1.84,35.48,0.03,0.0,1.81,36.07,0.24,3.64,47.15,8.91,42.19,0.68,1.98,0.77,18.24,1.42,1.95,28.54,73.03,11.78,64.57,5.27,93.26,7.08,72.8,22.97,80.8,3.82,44.19,18.42,34.11,0.05,0.68,0.0,0.0,0.36,25.0,0.36,4.03,63.24,2.16,39.73,0.5,35.29,0.33,0.68,6.66,60.0,0,,0,,0,0.0,0.0,0.0,,,0.47,,,0.0,0.0,0.0,0.0,6,100.0
K. Bartolec,,Osijek,"RB, RWB",31,350000,,15,1194,1,0.17,2,1.39,18.69,54.03,Croatia,Croatia,right,178,78,no,11.23,9.87,58.78,3.24,53.49,0.38,0.48,0.23,5.05,6.42,0.68,3,0.23,0,0.0,2.86,0.08,1,0.08,0.01,0,0.0,3,0.23,66.67,33.333,0.15,3.62,43.75,0.0,0.0,3.62,43.75,0.68,2.41,43.75,3.84,47.06,0.9,0.83,0.45,18.84,1.36,0.83,29.77,76.2,10.4,68.12,4.3,91.23,10.78,75.52,22.69,85.38,3.54,51.06,20.06,30.09,0.1,1.13,0.0,0.0,0.15,50.0,0.53,3.02,70.0,3.84,49.02,0.0,0.0,0.68,1.43,7.61,70.3,0,,0,,0,0.0,0.0,0.0,,,0.9,,,0.0,0.0,0.0,0.0,0,0.0
G. Artistico,Spezia,Lokomotiva Zagreb,"CF, RAMF",23,325000,2028-06-30,4,65,0,0.49,0,0.0,36.0,23.08,Italy,Italy,right,177,68,yes,2.77,2.77,50.0,15.23,27.27,0.0,0.0,0.0,1.38,3.0,4.15,0,0.0,0,0.0,0.0,0.0,0,0.0,0.69,0,0.0,2,2.77,0.0,0.0,0.0,0.0,0.0,0.0,0.0,0.0,0.0,0.0,0.0,0.0,9.69,14.29,8.31,1.38,0.0,9.69,2.77,0.0,11.08,100.0,1.38,100.0,2.77,100.0,1.38,100.0,11.08,100.0,0.0,0.0,8.81,0.0,0.0,0.0,0.0,0.0,0.0,0.0,0.0,0.0,0.0,0.0,0.0,0.0,0.0,1.38,0.0,0.0,0.0,0,,0,,0,0.0,0.0,0.0,,,0.0,,,0.0,0.0,0.0,0.0,0,0.0
I. Dolček,DAC,Hajduk Split,LB,26,325000,2029-06-30,9,464,0,0.18,1,0.2,14.16,50.68,Croatia,Croatia,left,181,75,no,7.37,3.88,50.0,0.58,100.0,0.39,0.65,0.0,5.04,8.48,0.97,1,0.19,0,0.0,3.49,0.0,0,0.0,0.04,0,0.0,3,0.58,33.33,0.0,0.19,3.3,11.76,3.3,11.76,0.0,0.0,0.19,3.88,70.0,7.76,47.5,1.16,2.13,1.94,25.8,1.94,1.55,38.6,79.9,12.41,67.19,9.12,97.87,10.09,78.85,34.33,87.01,0.97,60.0,17.24,10.78,0.04,0.39,0.0,0.19,0.39,50.0,0.39,4.46,82.61,1.75,33.33,0.0,0.0,0.19,0.39,6.01,67.74,0,,0,,0,0.0,0.0,0.0,,,0.39,,,0.0,0.0,0.0,0.0,0,0.0
S. Simič,Omonia Nicosia,Hajduk Split,RCB,31,300000,2028-05-31,22,1529,1,2.03,0,0.76,13.13,62.78,Czech Republic,"Czech Republic, Croatia",right,189,79,no,5.95,4.3,71.23,4.47,61.84,0.29,0.46,0.47,2.59,4.09,1.0,5,0.29,0,0.0,0.24,0.06,1,0.06,0.12,0,0.0,11,0.65,18.18,9.091,0.0,0.18,33.33,0.12,50.0,0.06,0.0,0.12,0.35,16.67,1.0,35.29,1.0,0.47,0.12,38.73,0.77,0.94,53.39,92.83,19.78,84.52,2.88,100.0,26.96,98.47,49.62,96.32,3.59,47.54,17.92,31.79,0.04,0.12,0.0,0.0,0.0,0.0,0.06,3.71,66.67,0.24,25.0,0.24,25.0,0.12,0.06,5.59,72.63,0,,0,,0,0.0,0.0,0.0,,,2.0,,,0.0,0.0,0.0,0.0,0,0.0
D. Mikanović,Universitatea Cluj,Hajduk Split,"RB, RWB",32,300000,2026-06-30,16,1149,1,1.1,2,1.27,15.74,51.74,Croatia,Croatia,right,174,70,no,8.46,7.21,66.3,1.96,44.0,0.47,0.66,0.16,3.21,4.52,1.41,1,0.08,0,0.0,2.58,0.08,1,0.08,0.09,0,0.0,7,0.55,42.86,14.286,0.16,3.99,31.37,0.0,0.0,3.99,31.37,0.31,1.96,56.0,3.76,52.08,1.17,1.88,0.94,22.72,2.35,1.02,32.58,71.88,9.95,59.84,6.11,94.87,11.04,70.92,24.2,82.85,4.62,45.76,21.83,37.52,0.1,1.02,0.0,0.0,0.08,0.0,0.78,4.31,56.36,3.84,42.86,0.39,0.0,0.86,1.33,7.52,68.75,0,,0,,0,0.0,0.0,0.0,,,0.78,,,0.0,0.0,0.0,0.31,0,0.0
L. Kastrati,Vllaznia Shkodër,Dinamo Zagreb,"RW, RWF, RB",27,300000,2027-06-30,5,280,0,0.82,0,0.16,14.79,43.48,Kosovo,"Kosovo, Albania",right,174,74,no,3.86,4.18,53.85,0.64,50.0,0.0,0.0,0.0,1.61,2.88,0.96,1,0.32,0,0.0,4.18,0.0,0,0.0,0.26,0,0.0,4,1.29,25.0,0.0,0.0,3.86,41.67,0.0,0.0,3.86,41.67,0.0,5.79,33.33,7.39,39.13,3.86,1.93,1.29,38.25,4.18,0.64,45.0,78.57,5.14,62.5,13.82,86.05,13.82,76.74,40.5,82.54,0.64,50.0,14.19,11.49,0.05,1.61,0.0,0.0,1.29,25.0,0.32,2.89,77.78,4.82,53.33,1.29,25.0,0.96,1.61,5.79,77.78,0,,0,,0,0.0,0.0,0.0,,,0.0,,,0.0,0.0,0.0,0.0,0,0.0
D. Bušnja,Posušje,Rijeka,"RWB, LAMF, RB",26,300000,2026-06-30,24,674,2,0.99,2,0.57,16.88,47.11,Croatia,Croatia,right,173,73,no,7.53,6.42,60.87,1.81,53.85,0.14,0.23,0.0,3.49,5.64,1.26,4,0.53,0,0.0,3.49,0.27,2,0.28,0.14,0,0.0,17,2.37,35.29,11.765,0.28,2.51,27.78,0.56,0.0,1.95,35.71,0.14,4.74,38.24,6.84,40.82,2.09,1.81,1.53,22.05,1.95,0.14,30.7,81.36,8.37,70.0,5.58,97.5,11.86,82.35,25.81,90.27,2.51,44.44,20.97,27.34,0.08,1.12,0.0,0.14,0.56,25.0,0.7,3.63,73.08,3.07,40.91,0.98,42.86,0.7,0.84,6.28,75.56,0,,0,,0,0.0,0.0,0.0,,,0.28,,,0.14,0.0,0.0,0.14,0,0.0
Caio Cruz,Varteks Varaždin,Gorica,CF,24,300000,2026-06-30,17,1029,1,2.31,1,1.14,24.4,34.05,Brazil,Brazil,right,0,0,no,3.67,3.32,57.89,7.52,36.05,0.0,0.0,0.0,1.75,2.29,1.05,2,0.17,1,0.09,1.14,0.09,1,0.09,0.2,0,0.0,14,1.22,28.57,7.143,0.09,0.79,22.22,0.26,0.0,0.44,20.0,0.09,1.22,42.86,6.82,24.36,2.36,0.26,0.0,8.57,1.22,0.79,13.73,70.7,3.5,65.0,2.89,75.76,3.5,70.0,12.24,76.43,0.7,25.0,15.68,13.37,0.1,0.96,0.0,0.09,0.35,25.0,0.44,2.1,66.67,1.14,38.46,0.44,40.0,0.61,0.09,1.57,61.11,0,,0,,0,0.0,0.0,0.0,,,0.0,,,0.0,0.0,0.0,0.0,0,0.0
N. Moro,Degerfors,Gorica,RCB,29,300000,2026-12-31,1,95,0,0.24,0,0.0,12.32,61.54,Ghana,Ghana,right,188,80,no,7.58,6.63,71.43,3.79,25.0,0.0,0.0,0.95,2.84,4.09,0.95,1,0.95,0,0.0,0.0,0.0,0,0.0,0.23,0,0.0,2,1.89,0.0,0.0,0.0,0.0,0.0,0.0,0.0,0.0,0.0,0.0,0.0,0.0,0.0,0.0,1.89,0.95,0.0,46.42,0.0,0.0,66.32,90.0,27.47,86.21,4.74,80.0,34.11,94.44,62.53,92.42,3.79,50.0,23.4,50.45,0.0,0.0,0.0,0.0,0.0,0.0,0.0,11.37,75.0,0.95,0.0,0.95,0.0,0.0,0.0,15.16,93.75,0,,0,,0,0.0,0.0,0.0,,,2.84,,,0.0,0.0,0.0,0.0,0,0.0
M. Vranjković,Zrinjski,Lokomotiva Zagreb,RB,27,300000,2026-06-30,15,735,0,0.29,0,0.12,16.4,54.26,Croatia,Croatia,right,185,76,no,10.42,6.99,69.09,2.42,47.37,0.64,0.9,0.25,4.96,7.01,0.64,1,0.12,0,0.0,2.8,0.0,0,0.0,0.04,0,0.0,7,0.89,28.57,0.0,0.0,2.54,35.0,0.0,0.0,2.54,35.0,0.25,2.67,57.14,5.08,45.0,0.51,2.54,1.53,23.01,2.03,0.38,36.74,71.97,16.65,62.6,4.32,100.0,9.53,76.0,30.38,81.17,4.07,28.13,16.54,23.23,0.01,0.25,0.0,0.0,0.51,25.0,0.0,6.1,47.92,2.29,38.89,0.64,20.0,0.25,0.64,8.14,60.94,0,,0,,0,0.0,0.0,0.0,,,0.51,,,0.0,0.0,0.0,0.0,0,0.0
S. Vulikić,Levski Sofia,Hrvatski Dragovoljac,LCB,25,300000,2028-12-31,30,2805,0,1.26,0,0.23,14.95,57.3,Croatia,Croatia,left,193,87,no,11.81,7.44,63.79,3.66,50.88,0.29,0.29,0.96,6.77,6.77,1.03,4,0.13,0,0.0,0.55,0.0,0,0.0,0.04,0,0.0,8,0.26,37.5,0.0,0.0,0.13,50.0,0.13,50.0,0.0,0.0,0.0,0.77,50.0,1.93,45.0,0.35,0.61,0.1,20.28,0.45,0.51,33.21,80.87,18.55,73.18,1.67,92.31,9.66,91.03,26.95,87.38,6.19,52.85,20.77,36.38,0.01,0.06,0.0,0.0,0.06,0.0,0.0,4.14,56.59,0.29,11.11,0.22,28.57,0.06,0.0,8.31,62.55,0,,0,,0,0.0,0.0,0.0,,,0.67,,,0.0,0.0,0.0,0.0,0,0.0
E. Julardžija,FC Košice,Šibenik,"AMF, LAMF, LCMF",25,300000,2027-05-31,10,274,0,0.07,0,0.01,25.62,38.46,Croatia,Croatia,right,181,70,no,6.57,5.58,52.94,2.63,25.0,1.64,2.54,0.0,1.97,3.05,1.64,1,0.33,0,0.0,2.3,0.0,0,0.0,0.02,0,0.0,2,0.66,0.0,0.0,0.0,0.66,50.0,0.66,50.0,0.0,0.0,0.33,4.27,46.15,14.45,36.36,0.66,1.31,0.33,18.72,0.0,1.97,32.52,87.88,9.53,82.76,4.6,100.0,9.85,90.0,29.89,90.11,1.97,66.67,12.96,11.89,0.0,0.33,0.0,0.0,0.33,0.0,0.0,2.96,88.89,1.31,50.0,0.33,0.0,0.66,0.33,2.96,88.89,0,,0,,0,0.0,0.0,0.0,,,0.0,,,0.33,0.33,0.0,0.0,0,0.0
M. Laušić,Spartak Trnava,Slaven Belupo,"AMF, CF",24,300000,2028-06-30,23,1132,2,2.5,2,1.02,20.91,44.92,Croatia,Croatia,right,187,75,no,5.55,4.41,70.37,3.19,35.9,0.65,0.81,0.0,1.8,2.21,0.74,1,0.08,0,0.0,3.19,0.16,2,0.16,0.2,0,0.0,26,2.12,38.46,7.692,0.16,0.9,18.18,0.49,33.33,0.41,0.0,0.0,4.08,46.0,9.39,40.87,1.8,1.72,1.06,18.78,1.88,2.37,26.22,77.57,7.51,65.22,5.23,96.88,7.92,79.38,22.54,82.25,2.78,58.82,17.19,23.1,0.08,1.14,0.08,0.0,0.74,44.44,0.49,3.68,57.78,1.8,59.09,0.98,33.33,1.06,0.25,3.1,78.95,0,,0,,0,0.0,0.0,0.0,,,0.16,,,0.57,0.08,0.0,0.41,0,0.0
A. Brković,NK Koprivnica,Slaven Belupo,"AMF, RWF, RW",25,300000,,29,1500,1,2.05,1,1.58,26.53,37.36,Croatia,Croatia,left,173,66,no,7.37,7.74,50.78,4.23,20.0,1.09,1.44,0.0,2.36,3.13,1.87,4,0.24,0,0.0,2.72,0.06,0,0.0,0.12,0,0.0,32,1.93,28.13,3.125,0.06,0.36,16.67,0.24,0.0,0.12,50.0,0.0,3.2,52.83,10.34,36.26,1.33,1.15,0.36,18.98,0.91,2.06,27.32,84.73,7.74,71.88,7.31,96.69,6.65,89.09,25.87,85.98,1.09,77.78,14.65,17.83,0.1,1.03,0.0,0.0,0.73,58.33,0.24,2.96,75.51,1.09,61.11,0.3,80.0,0.79,0.06,3.93,76.92,0,,0,,0,0.0,0.0,0.0,,,0.3,,,0.97,0.3,20.0,1.51,1,100.0
D. Skorup,Torpedo Kutaisi,Šibenik,"LCMF, RCMF, RDMF",26,300000,2028-12-31,17,951,0,0.2,0,0.07,16.75,49.72,Croatia,Croatia,left,187,78,no,10.79,7.38,58.97,3.79,52.5,1.32,1.45,0.09,5.11,5.61,1.14,5,0.47,0,0.0,0.66,0.0,0,0.0,0.02,0,0.0,8,0.76,37.5,0.0,0.0,0.09,0.0,0.0,0.0,0.09,0.0,0.0,0.85,33.33,3.22,20.59,0.19,0.76,0.0,21.96,0.19,0.57,35.58,80.59,13.91,70.75,3.79,92.5,12.78,88.15,30.38,84.42,5.11,59.26,17.78,25.65,0.01,0.28,0.19,0.0,0.19,50.0,0.0,6.81,72.22,1.04,36.36,0.66,57.14,0.28,0.0,7.1,73.33,0,,0,,0,0.0,0.0,0.0,,,0.09,,,0.57,0.19,0.0,0.47,0,0.0
A. Marku,Partizani Tirana,Lokomotiva Zagreb,RW,25,275000,2027-06-30,1,21,0,0.0,0,0.0,,,Albania,Albania,right,175,70,no,,,,,,,0.0,,,7.5,,0,,0,,,,0,,,0,,0,,,0.0,,,,,,,,,,,,,,,,,,,,,,,,,,,,,,,35.77,46.03,,,,,,,,,,,,,,,,,,0,,0,,0,0.0,0.0,,,,,,,,,,,0,0.0
B. Karrica,Vora,Hrvatski Dragovoljac,"LW, CF, LWF",25,275000,,14,1033,3,1.76,2,1.67,30.67,37.22,Kosovo,"Kosovo, Albania",right,184,0,no,8.28,7.75,46.07,5.58,42.19,1.31,1.31,0.17,3.4,3.41,2.79,6,0.52,1,0.09,3.4,0.26,3,0.26,0.15,1,0.09,28,2.44,21.43,10.714,0.17,1.05,33.33,0.78,44.44,0.26,0.0,0.17,4.62,49.06,12.72,32.88,1.66,2.27,1.22,14.64,1.74,1.92,20.39,65.81,6.97,52.5,4.09,82.98,4.97,73.68,17.34,68.84,2.0,56.52,16.63,24.53,0.15,1.31,0.09,0.0,0.44,60.0,0.44,2.7,58.06,1.83,52.38,0.78,33.33,0.87,0.44,4.36,58.0,0,,0,,0,0.0,0.0,0.0,,,0.0,,,0.61,0.09,0.0,2.53,0,0.0
A. Lukić,Ruch Chorzów,Hrvatski Dragovoljac,CB,32,275000,2027-06-30,13,1229,1,0.67,0,0.02,13.69,57.75,Croatia,Croatia,right,190,83,no,10.25,4.69,60.94,4.61,58.73,0.15,0.16,0.44,7.25,7.69,1.17,5,0.37,1,0.07,1.1,0.07,1,0.07,0.05,0,0.0,10,0.73,50.0,10.0,0.0,0.15,50.0,0.0,0.0,0.15,50.0,0.07,1.24,52.94,2.49,47.06,1.03,0.51,0.22,17.72,0.22,0.44,32.29,80.95,12.45,65.88,1.83,100.0,14.65,93.5,27.61,87.0,4.61,44.44,21.16,37.62,0.0,0.15,0.0,0.0,0.07,0.0,0.0,3.44,57.45,0.37,20.0,0.15,0.0,0.22,0.07,6.44,55.68,0,,0,,0,0.0,0.0,0.0,,,0.66,,,0.22,0.15,0.0,0.0,0,0.0
E. Dilaver,,Dinamo Zagreb,"RCB, LCB",35,250000,,5,324,0,0.07,0,0.0,13.61,59.18,Bosnia and Herzegovina,"Bosnia and Herzegovina, Austria",right,184,84,no,9.44,5.83,80.95,1.94,42.86,1.11,2.31,0.28,3.61,7.5,1.11,1,0.28,0,0.0,0.28,0.0,0,0.0,0.02,0,0.0,2,0.56,0.0,0.0,0.0,0.56,50.0,0.0,0.0,0.56,50.0,0.28,1.11,0.0,1.67,16.67,1.11,2.22,0.28,57.5,0.56,0.83,79.44,92.66,27.78,86.0,4.72,94.12,38.33,96.38,73.33,95.08,5.83,61.9,20.11,34.52,0.0,0.28,0.0,0.0,0.83,0.0,0.28,15.56,83.93,1.11,25.0,1.39,20.0,0.0,0.28,12.78,84.78,0,,0,,0,0.0,0.0,0.0,,,2.78,,,0.0,0.0,0.0,0.0,0,0.0
E. Obanor,,Istra 1961,CB,30,250000,,1,13,0,0.0,0,0.0,,,Nigeria,Nigeria,left,192,86,no,,,,,,,0.0,,,12.0,,0,,0,,,,0,,,0,,0,,,0.0,,,,,,,,,,,,,,,,,,,,,,,,,,,,,,,17.15,31.36,,,,,,,,,,,,,,,,,,0,,0,,0,0.0,0.0,,,,,,,,,,,0,0.0
A. Jakoliš,Hrvatski Dragovoljac,Šibenik,"RB, RWB",34,250000,2026-06-30,20,1892,1,0.7,0,1.2,15.03,56.33,Croatia,Croatia,right,175,67,no,9.61,7.66,60.87,1.14,41.67,0.33,0.42,0.19,4.61,5.77,1.24,3,0.14,0,0.0,3.0,0.05,1,0.05,0.03,0,0.0,9,0.43,33.33,11.111,0.0,3.71,33.33,0.0,0.0,3.62,32.89,0.33,2.14,66.67,3.76,63.29,0.76,1.66,0.71,18.41,2.85,1.0,30.78,71.25,11.32,64.29,3.14,90.91,11.65,75.1,22.36,82.77,4.85,47.06,22.42,39.51,0.06,0.67,0.0,0.05,0.38,50.0,0.24,4.19,61.36,3.85,37.04,0.76,31.25,0.48,1.24,7.47,70.7,0,,0,,0,0.0,0.0,0.0,,,0.67,,,0.24,0.1,0.0,0.1,0,0.0
A. Hiroš,Borac Banja Luka,Osijek,"LW, LCMF, LAMF",30,250000,2027-06-30,26,1153,2,1.41,2,0.51,24.43,44.09,Bosnia and Herzegovina,Bosnia and Herzegovina,left,182,78,no,7.73,6.71,48.84,2.03,23.08,1.17,1.8,0.0,3.28,5.04,1.41,3,0.23,0,0.0,3.82,0.16,2,0.16,0.11,0,0.0,15,1.17,46.67,13.333,0.16,2.26,17.24,1.56,15.0,0.7,22.22,0.23,5.23,53.73,12.72,42.94,3.12,2.26,1.01,24.12,1.48,1.64,36.22,77.8,7.88,59.41,9.52,93.44,10.77,79.71,31.14,83.46,2.97,60.53,18.23,28.19,0.04,0.62,0.08,0.08,0.94,8.33,0.31,4.53,65.52,2.89,40.54,0.62,0.0,0.7,0.47,4.84,79.03,0,,0,,0,0.0,0.0,0.0,,,0.08,,,0.0,0.0,0.0,0.39,0,0.0
M. Zirdum,Radnik Križevci,Slaven Belupo,RCB,27,250000,,11,728,0,0.37,0,0.04,21.94,55.93,Croatia,Croatia,right,195,84,no,13.76,8.55,60.87,8.18,60.61,0.87,1.0,0.25,7.69,8.86,1.86,1,0.12,0,0.0,0.5,0.0,0,0.0,0.05,0,0.0,3,0.37,0.0,0.0,0.0,0.37,33.33,0.12,0.0,0.25,50.0,0.0,0.5,50.0,1.86,26.67,1.12,0.87,0.12,17.85,0.5,0.62,35.83,80.28,17.6,75.35,2.36,89.47,13.02,86.67,28.88,86.27,6.69,57.41,22.36,30.78,0.0,0.25,0.0,0.0,0.25,50.0,0.12,4.46,66.67,0.5,25.0,0.25,50.0,0.0,0.12,8.68,67.14,0,,0,,0,0.0,0.0,0.0,,,0.99,,,0.0,0.0,0.0,0.0,0,0.0
I. Sušak,Lion City Sailors FC,Slaven Belupo,GK,28,250000,2027-06-30,18,1747,0,0.0,0,0.0,0.93,72.22,Croatia,Croatia,right,203,91,no,1.75,0.1,50.0,0.57,90.91,0.1,0.13,0.0,1.6,2.0,0.05,0,0.0,0,0.0,0.0,0.0,0,0.0,0.0,0,0.0,0,0.0,0.0,0.0,0.0,0.0,0.0,0.0,0.0,0.0,0.0,0.0,0.0,0.0,0.15,66.67,0.0,0.0,0.0,8.81,0.15,0.1,16.18,78.66,11.02,70.56,0.0,0.0,4.79,95.7,8.04,96.15,8.09,61.78,37.31,47.67,0.0,0.0,0.0,0.0,0.0,0.0,0.0,2.52,36.73,0.52,10.0,0.26,0.0,0.05,0.0,5.92,76.52,24,1.24,78,4.02,4,69.23,22.23,1.15,-1.77,-0.091,0.0,1.49,0.57,,,,0.0,0,0.0
A. Solano,,Rijeka,"RB, RWB",28,250000,,12,909,0,0.35,1,0.43,19.7,55.28,Colombia,"Colombia, Italy",right,176,73,no,11.68,9.6,63.92,2.08,61.9,0.4,0.55,0.3,5.15,7.16,0.99,2,0.2,0,0.0,1.98,0.0,0,0.0,0.03,0,0.0,1,0.1,100.0,0.0,0.1,1.98,35.0,0.0,0.0,1.98,35.0,0.5,2.08,57.14,5.45,45.45,0.3,1.68,0.5,30.69,1.09,1.49,46.34,82.48,15.74,74.84,6.04,96.72,16.93,86.55,41.19,86.54,3.37,58.82,18.63,36.38,0.04,0.2,0.0,0.0,0.0,0.0,0.3,4.46,73.33,2.08,38.1,0.1,0.0,0.3,0.59,8.22,72.29,0,,0,,0,0.0,0.0,0.0,,,1.49,,,0.0,0.0,0.0,0.0,0,0.0
L. Pasariček,Dubrava Zagreb,Hrvatski Dragovoljac,"RCMF, LCMF",28,250000,2026-06-30,10,364,0,0.02,0,0.05,16.57,46.27,Croatia,Croatia,right,170,65,no,6.43,5.93,62.5,1.48,0.0,0.74,0.84,0.25,1.98,2.24,1.48,0,0.0,1,0.25,0.74,0.0,0,0.0,0.01,0,0.0,2,0.49,0.0,0.0,0.0,0.99,25.0,0.0,0.0,0.74,33.33,0.0,2.23,22.22,6.43,38.46,0.25,1.24,0.74,17.31,0.0,0.49,27.69,73.21,7.17,65.52,4.7,89.47,10.38,83.33,23.49,76.84,3.21,61.54,17.69,21.52,0.01,0.25,0.25,0.0,0.0,0.0,0.0,4.2,70.59,1.48,50.0,0.0,0.0,0.74,0.0,6.18,60.0,0,,0,,0,0.0,0.0,0.0,,,0.0,,,0.49,0.25,0.0,0.49,0,0.0
F. Braut,Gorica,Hrvatski Dragovoljac,"RB, RWB",24,250000,2029-06-30,15,661,0,0.01,0,0.23,14.57,41.12,Croatia,Croatia,right,179,68,no,8.85,8.17,51.67,0.95,28.57,0.27,0.29,0.27,4.36,4.64,0.68,0,0.0,0,0.0,0.68,0.0,0,0.0,0.0,0,0.0,1,0.14,0.0,0.0,0.0,1.77,15.38,0.0,0.0,1.77,15.38,0.27,0.95,42.86,3.27,16.67,0.41,1.09,0.54,19.88,1.5,0.27,29.14,77.57,10.76,67.09,6.94,98.04,7.62,73.21,23.83,88.57,3.54,34.62,21.77,33.99,0.03,0.54,0.0,0.0,0.0,0.0,0.27,1.63,66.67,1.77,46.15,0.0,0.0,0.54,0.27,7.08,51.92,0,,0,,0,0.0,0.0,0.0,,,0.82,,,0.0,0.0,0.0,0.0,0,0.0
Z. Šubarić,Lokomotiva Zagreb,Hrvatski Dragovoljac,GK,29,250000,,33,3146,0,0.0,0,0.0,0.54,52.63,Croatia,Croatia,right,187,76,no,1.69,0.26,44.44,0.17,66.67,0.0,0.0,0.0,1.57,1.64,0.03,1,0.03,1,0.03,0.0,0.0,0,0.0,0.0,0,0.0,0,0.0,0.0,0.0,0.0,0.0,0.0,0.0,0.0,0.0,0.0,0.0,0.0,0.0,0.06,100.0,0.0,0.0,0.0,9.5,0.11,0.03,16.02,82.32,8.7,71.38,0.0,0.0,6.67,95.28,9.07,97.16,6.95,62.96,33.82,48.54,0.0,0.0,0.0,0.0,0.0,0.0,0.0,1.17,34.15,0.0,0.0,0.09,0.0,0.0,0.0,4.81,73.81,68,1.95,199,5.69,3,65.83,65.53,1.87,-2.47,-0.071,0.0,1.0,0.17,,,,0.0,0,0.0
I. Ćubelić,Slaven Belupo,Hajduk Split,LWF,23,250000,2030-06-30,1,1,0,0.0,0,0.0,,,Croatia,Croatia,right,184,79,no,,,,,,,0.0,,,0.0,,0,,0,,,,0,,,0,,0,,,0.0,,,,,,,,,,,,,,,,,,,,,,,,,,,,,,,0.0,0.0,,,,,,,,,,,,,,,,,,0,,0,,0,0.0,0.0,,,,,,,,,,,0,0.0
J. Suk,,Gorica,"RDMF, RCMF",36,225000,,10,536,0,0.33,0,0.2,16.96,44.55,Netherlands,"Netherlands, Indonesia",right,185,82,no,9.57,8.23,55.1,2.52,60.0,0.0,0.0,0.34,5.04,6.25,2.52,0,0.0,0,0.0,0.17,0.0,0,0.0,0.05,0,0.0,3,0.5,0.0,0.0,0.0,0.84,0.0,0.17,0.0,0.67,0.0,0.0,0.17,0.0,4.2,24.0,1.01,0.67,0.34,18.64,0.17,0.17,32.41,77.72,9.4,66.07,6.55,94.87,10.07,80.0,28.04,83.83,3.53,47.62,17.04,22.25,0.03,0.67,0.0,0.0,0.34,50.0,0.34,5.71,64.71,1.01,16.67,0.34,0.0,0.67,0.0,5.04,56.67,0,,0,,0,0.0,0.0,0.0,,,0.34,,,0.0,0.0,0.0,0.0,0,0.0
I. Abass,Radnički Niš,Rijeka,"CF, LAMF, LWF",27,225000,2026-06-30,26,1413,3,3.91,2,0.52,16.18,36.63,Ghana,Ghana,right,173,69,no,3.46,4.46,43.28,1.26,26.32,0.33,0.43,0.07,1.2,1.57,1.53,4,0.25,1,0.06,2.73,0.19,3,0.2,0.26,1,0.07,37,2.46,35.14,8.108,0.13,1.4,14.29,0.8,8.33,0.6,22.22,0.27,3.2,45.83,7.12,38.32,3.73,1.8,0.67,19.04,1.4,1.26,24.03,73.41,5.19,48.72,6.19,96.77,8.45,76.38,21.5,79.88,1.26,26.32,17.36,16.53,0.03,0.4,0.0,0.0,0.6,33.33,0.2,2.4,50.0,1.33,35.0,0.53,25.0,0.73,0.2,2.26,70.59,0,,0,,0,0.0,0.0,0.0,,,0.2,,,0.0,0.0,0.0,0.0,0,0.0
D. Ivkić,Septemvri Sofia,Hrvatski Dragovoljac,RCB,28,225000,,2,194,0,0.0,0,0.1,15.31,60.61,Slovenia,Slovenia,both,190,86,no,9.74,6.03,69.23,2.78,33.33,1.39,1.36,1.39,4.18,4.09,0.93,0,0.0,0,0.0,0.0,0.0,0,0.0,0.0,0,0.0,0,0.0,0.0,0.0,0.0,0.0,0.0,0.0,0.0,0.0,0.0,0.0,0.0,0.0,0.46,0.0,0.0,0.0,0.0,17.63,0.0,0.0,25.98,82.14,11.6,72.0,2.78,83.33,9.28,95.0,21.34,86.96,4.64,60.0,23.52,44.94,0.05,0.46,0.0,0.0,0.0,0.0,0.0,4.18,66.67,0.93,0.0,0.46,100.0,0.0,0.0,2.78,66.67,0,,0,,0,0.0,0.0,0.0,,,1.39,,,0.0,0.0,0.0,0.0,0,0.0
D. Jurić,Wisła Płock,Dinamo Zagreb,CF,28,200000,2028-06-30,15,775,1,2.61,3,1.14,19.74,34.12,Australia,"Australia, Croatia",right,189,83,no,4.3,2.67,60.87,4.99,27.91,0.93,1.38,0.12,1.74,2.59,0.7,1,0.12,0,0.0,2.21,0.12,1,0.12,0.3,0,0.0,14,1.63,50.0,7.143,0.35,0.58,40.0,0.12,100.0,0.46,25.0,0.12,2.44,42.86,9.17,26.58,3.72,1.39,0.35,14.98,0.93,1.05,20.9,84.44,3.6,67.74,7.9,95.59,5.23,88.89,19.86,86.55,0.58,60.0,17.45,16.06,0.13,1.16,0.0,0.0,0.35,33.33,0.7,0.93,87.5,1.28,36.36,0.23,50.0,0.93,0.12,1.39,75.0,0,,0,,0,0.0,0.0,0.0,,,0.12,,,0.0,0.0,0.0,0.0,0,0.0
I. Ćalušić,Celje,Hajduk Split,"RCMF, LDMF",26,200000,2028-06-30,4,132,0,0.13,0,0.0,14.32,66.67,Croatia,Croatia,right,186,82,no,7.5,4.77,85.71,3.41,80.0,0.0,0.0,0.0,3.41,7.14,0.0,0,0.0,0,0.0,1.36,0.0,0,0.0,0.09,0,0.0,2,1.36,50.0,0.0,0.0,1.36,0.0,0.0,0.0,1.36,0.0,0.0,1.36,50.0,2.73,50.0,1.36,1.36,0.68,38.18,0.0,0.0,48.41,85.92,17.05,80.0,8.86,100.0,19.09,85.71,43.64,92.19,3.41,40.0,14.63,20.02,0.0,0.0,0.0,0.0,0.0,0.0,0.0,8.86,61.54,1.36,0.0,0.0,0.0,0.0,0.0,5.45,100.0,0,,0,,0,0.0,0.0,0.0,,,1.36,,,0.0,0.0,0.0,0.0,0,0.0
I. Tomečak,Rudeš,Rijeka,"RWB, RB",36,200000,,14,1165,1,0.53,2,1.46,15.82,57.14,Croatia,Croatia,right,175,70,no,9.71,6.53,62.82,2.01,62.5,0.42,0.54,0.25,5.19,6.71,0.25,0,0.0,0,0.0,5.02,0.08,1,0.08,0.04,0,0.0,4,0.33,25.0,25.0,0.17,5.86,37.14,0.0,0.0,5.86,37.14,0.33,3.68,65.91,4.6,54.55,1.17,2.34,1.51,31.4,3.27,0.42,46.21,72.46,17.0,64.53,6.2,91.89,16.33,73.85,34.58,83.29,6.2,43.24,22.89,35.35,0.12,1.26,0.0,0.08,0.5,66.67,0.75,6.61,65.82,4.86,46.55,0.75,44.44,0.59,2.18,11.72,70.0,0,,0,,0,0.0,0.0,0.0,,,0.42,,,0.0,0.0,0.0,0.0,0,0.0
S. Marjanovič,BSK Banja Luka,Gorica,RCB,24,200000,2026-06-30,6,304,1,0.91,0,0.03,11.55,64.1,Bosnia and Herzegovina,Bosnia and Herzegovina,right,193,83,no,11.55,4.74,68.75,2.96,80.0,1.48,1.85,0.89,6.81,8.52,0.59,2,0.59,0,0.0,0.3,0.3,1,0.3,0.27,0,0.0,2,0.59,50.0,50.0,0.0,0.0,0.0,0.0,0.0,0.0,0.0,0.0,0.0,0.0,0.89,33.33,0.59,0.0,0.3,16.28,0.59,0.59,29.31,76.77,16.28,69.09,4.14,92.86,5.33,100.0,26.64,81.11,2.66,33.33,18.05,28.47,0.01,0.3,0.0,0.0,0.0,0.0,0.0,2.96,50.0,0.3,100.0,0.0,0.0,0.3,0.0,6.22,38.1,0,,0,,0,0.0,0.0,0.0,,,2.37,,,0.0,0.0,0.0,0.0,0,0.0
S. Ngouali,Brommapojkarna,Gorica,"RDMF, RCMF, LDMF",34,200000,,12,857,0,0.24,0,0.02,17.48,60.39,Sweden,"Sweden, Gabon",right,175,73,no,12.6,9.08,71.25,1.59,42.86,0.68,0.89,0.45,5.45,7.09,1.13,1,0.11,0,0.0,0.45,0.0,0,0.0,0.03,0,0.0,2,0.23,0.0,0.0,0.0,0.23,0.0,0.11,0.0,0.11,0.0,0.0,0.79,57.14,3.18,46.43,0.11,0.57,0.45,22.59,0.0,0.91,34.05,91.67,10.44,82.61,4.65,97.56,14.41,95.28,31.21,94.91,2.61,60.87,18.08,22.52,0.0,0.11,0.11,0.0,0.0,0.0,0.0,6.24,89.09,0.45,25.0,0.34,0.0,0.11,0.11,4.65,75.61,0,,0,,0,0.0,0.0,0.0,,,1.02,,,0.0,0.0,0.0,0.0,0,0.0
L. Marin,Belišće,Istra 1961,"LB, LWB",28,200000,,23,1852,1,1.67,3,2.38,17.06,56.41,Croatia,Croatia,left,178,74,no,9.91,8.36,63.37,2.04,59.52,0.15,0.21,0.29,4.47,6.51,0.83,3,0.15,0,0.0,2.87,0.05,1,0.05,0.08,0,0.0,14,0.68,42.86,7.143,0.15,2.43,32.0,2.24,32.61,0.19,25.0,0.34,2.72,60.71,4.37,46.67,1.46,1.41,0.15,24.44,0.87,0.53,33.97,76.11,14.72,68.32,5.93,95.08,8.36,79.65,27.89,84.49,3.84,43.04,19.86,36.03,0.12,0.78,0.0,0.05,0.15,100.0,0.29,5.2,59.81,1.99,48.78,0.24,20.0,0.53,0.68,8.31,68.42,0,,0,,0,0.0,0.0,0.0,,,0.78,,,0.39,0.05,0.0,1.31,0,0.0
J. Mesa,Drita,Šibenik,"DMF, LCB, RCB",28,200000,2028-06-30,12,1069,1,0.43,0,0.14,16.5,50.51,Colombia,Colombia,right,186,72,no,12.21,7.16,52.94,4.04,47.92,0.76,0.92,0.34,7.66,9.29,1.01,1,0.08,0,0.0,0.84,0.08,1,0.08,0.04,1,0.08,9,0.76,11.11,11.111,0.0,0.08,100.0,0.0,0.0,0.08,100.0,0.0,0.93,72.73,2.86,47.06,0.34,0.25,0.0,20.63,0.0,0.67,37.46,82.7,13.98,74.7,2.36,96.43,17.09,90.64,31.49,85.29,5.89,68.57,20.89,36.56,0.01,0.17,0.0,0.0,0.08,0.0,0.0,5.39,71.88,0.42,80.0,0.17,50.0,0.25,0.08,8.5,62.38,0,,0,,0,0.0,0.0,0.0,,,0.76,,,0.0,0.0,0.0,0.0,0,0.0
E. Sarić,,Gorica,"LCMF, LDMF",35,200000,,5,381,0,0.0,1,0.1,16.06,50.0,Croatia,"Croatia, Bosnia and Herzegovina",left,180,72,no,8.27,7.32,61.29,1.18,0.0,0.0,0.0,0.71,3.78,4.25,1.65,3,0.71,0,0.0,0.47,0.0,0,0.0,0.0,0,0.0,1,0.24,0.0,0.0,0.24,0.94,0.0,0.94,0.0,0.0,0.0,0.71,0.47,50.0,4.02,29.41,0.71,0.24,0.47,26.69,0.0,0.47,39.69,83.93,12.99,69.09,5.43,95.65,15.83,92.54,34.72,88.44,4.02,64.71,18.88,35.3,0.02,0.94,0.0,0.24,0.71,33.33,0.47,6.14,53.85,0.94,25.0,1.42,16.67,0.24,0.24,7.09,80.0,0,,0,,0,0.0,0.0,0.0,,,1.18,,,0.71,0.0,0.0,2.36,0,0.0
G. Collao,Puerto Montt,Istra 1961,GK,28,200000,2026-12-31,5,389,0,0.0,0,0.0,1.85,62.5,Chile,Chile,right,191,93,no,2.31,0.69,33.33,0.93,75.0,0.0,0.0,0.0,2.08,2.73,0.0,1,0.23,0,0.0,0.0,0.0,0,0.0,0.0,0,0.0,0,0.0,0.0,0.0,0.0,0.0,0.0,0.0,0.0,0.0,0.0,0.0,0.0,0.0,0.23,100.0,0.0,0.0,0.0,15.96,0.23,0.23,22.67,74.49,15.27,63.64,0.23,100.0,6.02,96.15,12.96,89.29,9.72,54.76,34.55,46.94,0.0,0.0,0.0,0.0,0.0,0.0,0.0,3.47,26.67,0.23,0.0,0.0,0.0,0.0,0.0,6.94,70.0,8,1.85,18,4.16,0,55.56,4.95,1.15,-3.05,-0.706,0.23,2.78,0.93,,,,0.0,0,0.0
V. Stojanovski,Mash'al,Gorica,CF,29,200000,2027-12-31,23,886,2,2.41,0,0.01,22.11,36.87,North Macedonia,North Macedonia,right,185,78,no,3.46,3.01,48.15,7.48,35.82,0.0,0.0,0.22,2.01,2.58,0.89,3,0.3,0,0.0,1.56,0.2,2,0.22,0.27,0,0.0,11,1.23,72.73,18.182,0.0,0.89,37.5,0.45,50.0,0.45,25.0,0.11,0.45,75.0,7.7,33.33,3.24,0.45,0.0,10.5,1.56,0.67,18.65,73.65,3.91,54.29,5.47,87.76,4.69,69.05,17.2,75.97,0.78,57.14,14.38,8.11,0.0,0.33,0.0,0.0,0.22,0.0,0.0,1.56,57.14,0.33,0.0,0.33,0.0,0.33,0.11,1.56,50.0,0,,0,,0,0.0,0.0,0.0,,,0.0,,,0.0,0.0,0.0,0.0,0,0.0
A. Doka,Teuta Durrës,Gorica,RB,28,200000,2027-06-30,13,1025,0,0.11,1,0.43,19.14,51.52,Albania,Albania,right,181,67,no,10.25,7.83,62.96,1.26,38.46,0.19,0.27,0.19,5.12,7.07,1.16,5,0.44,0,0.0,2.8,0.0,0,0.0,0.01,0,0.0,2,0.19,50.0,0.0,0.1,2.61,25.93,0.0,0.0,2.61,25.93,0.19,3.19,60.61,7.15,43.24,0.29,1.93,1.45,25.52,1.55,1.16,36.25,78.93,13.05,72.59,7.83,91.36,9.38,76.29,30.35,86.94,3.29,47.06,19.4,29.95,0.04,0.58,0.1,0.0,0.29,33.33,0.39,4.45,71.74,2.61,40.74,0.29,33.33,0.39,0.68,6.86,71.83,0,,0,,0,0.0,0.0,0.0,,,0.58,,,0.0,0.0,0.0,0.0,0,0.0
V. Soldo,Pendikspor,Slaven Belupo,"LCB, LB",28,200000,2027-06-30,26,2373,0,0.12,0,0.1,12.57,58.82,Croatia,Croatia,left,186,81,no,8.56,6.11,64.97,3.89,48.0,0.04,0.05,0.58,4.55,5.89,1.13,4,0.15,0,0.0,0.43,0.0,0,0.0,0.0,0,0.0,4,0.16,50.0,0.0,0.0,0.31,62.5,0.31,62.5,0.0,0.0,0.04,0.19,80.0,0.66,52.94,0.16,0.35,0.0,28.72,0.27,0.27,43.89,85.9,21.05,78.37,2.53,90.77,16.19,95.43,36.03,92.44,7.59,55.9,21.84,33.75,0.0,0.12,0.0,0.0,0.0,0.0,0.04,6.81,66.86,0.51,38.46,0.27,28.57,0.04,0.16,9.88,74.02,0,,0,,0,0.0,0.0,0.0,,,1.28,,,0.0,0.0,0.0,0.0,0,0.0
Diego Barri,Castellón,Osijek,RDMF,30,200000,2027-06-30,2,99,0,0.0,0,0.0,30.0,63.64,Spain,Spain,right,188,75,no,11.82,7.27,87.5,5.45,33.33,0.0,0.0,0.91,5.45,7.5,0.0,0,0.0,0,0.0,1.82,0.0,0,0.0,0.0,0,0.0,0,0.0,0.0,0.0,0.0,0.0,0.0,0.0,0.0,0.0,0.0,0.0,1.82,100.0,11.82,53.85,0.0,0.91,0.0,27.27,0.91,0.91,55.45,81.97,20.0,72.73,5.45,83.33,21.82,87.5,50.91,83.93,4.55,60.0,17.12,18.11,0.0,0.0,0.0,0.0,0.0,0.0,0.0,10.0,81.82,0.0,0.0,0.0,0.0,0.0,0.0,11.82,69.23,0,,0,,0,0.0,0.0,0.0,,,0.0,,,0.0,0.0,0.0,0.0,0,0.0
A. Erceg,Gorica,Osijek,"AMF, CF, RW",36,200000,2027-06-30,3,40,0,0.12,0,0.0,,,Croatia,Croatia,right,180,75,no,,,,,,,0.0,,,0.0,,0,,0,,,,0,,,0,,2,,,0.0,,,,,,,,,,,,,,,,,,,,,,,,,,,,,,,9.24,0.0,,,,,,,,,,,,,,,,,,0,,0,,0,0.0,0.0,,,,,,,,,,,0,0.0
D. Bohar,,Osijek,"RW, LW, RAMF",34,200000,,22,1088,4,5.0,1,1.7,15.97,46.63,Slovenia,Slovenia,right,172,69,no,4.47,3.81,56.52,1.9,8.7,0.08,0.12,0.0,2.23,3.14,0.33,2,0.17,0,0.0,4.38,0.33,2,0.17,0.41,0,0.0,22,1.82,50.0,18.182,0.08,1.9,13.04,0.83,0.0,1.08,23.08,0.58,3.89,72.34,8.27,55.0,4.22,2.15,0.83,18.2,2.23,1.24,26.88,72.31,7.03,65.88,6.29,85.53,7.86,70.53,23.08,78.49,1.9,56.52,15.5,15.07,0.14,1.24,0.08,0.0,1.08,38.46,0.33,2.73,72.73,2.07,36.0,0.58,14.29,1.49,0.25,3.39,63.41,0,,0,,0,0.0,0.0,0.0,,,0.25,,,0.83,0.08,100.0,1.32,3,66.667
Š. Gržan,Macarthur,Osijek,"RW, RAMF, LW",32,200000,2026-06-30,13,591,0,1.08,0,0.26,18.43,45.45,Croatia,Croatia,right,172,63,no,5.33,4.26,71.43,2.13,42.86,0.0,0.0,0.46,2.28,2.88,0.46,0,0.0,0,0.0,3.5,0.0,0,0.0,0.16,0,0.0,7,1.07,28.57,0.0,0.0,2.28,33.33,0.15,100.0,2.13,28.57,0.3,4.72,48.39,9.29,37.7,2.28,3.05,2.44,18.12,2.13,1.22,26.8,75.0,6.24,60.98,7.92,94.23,7.77,72.55,22.99,81.46,1.68,45.45,16.66,19.06,0.04,0.76,0.15,0.15,0.46,33.33,0.15,1.52,60.0,1.83,66.67,0.46,33.33,0.76,1.07,3.35,63.64,0,,0,,0,0.0,0.0,0.0,,,0.3,,,0.0,0.0,0.0,0.0,0,0.0
M. Miloš,Odra Opole,Osijek,RB,33,200000,2027-06-30,22,1488,0,0.25,2,1.75,18.51,49.67,Croatia,Croatia,right,175,70,no,8.95,7.8,63.57,1.88,29.03,0.54,0.73,0.24,3.45,4.6,0.67,3,0.18,0,0.0,3.69,0.0,0,0.0,0.02,0,0.0,4,0.24,0.0,0.0,0.12,5.08,27.38,0.3,40.0,4.72,26.92,0.73,4.17,50.72,6.47,41.12,0.73,1.69,0.85,21.17,1.51,0.73,32.78,70.85,13.19,66.06,4.42,93.15,9.62,66.67,22.98,85.0,4.9,48.15,19.53,28.87,0.11,1.03,0.0,0.0,0.42,42.86,0.3,5.63,66.67,4.78,34.18,0.79,46.15,0.3,1.39,8.77,77.93,0,,0,,0,0.0,0.0,0.0,,,0.24,,,0.3,0.0,0.0,0.85,0,0.0
A. Kačaniklić,,Hajduk Split,"RW, RAMF",34,175000,,10,374,0,0.12,0,0.0,19.97,45.78,Sweden,"Sweden, North Macedonia",left,181,66,no,5.53,4.33,50.0,2.17,66.67,0.48,0.78,0.0,2.89,4.68,1.68,1,0.24,0,0.0,2.65,0.0,0,0.0,0.03,0,0.0,5,1.2,20.0,0.0,0.0,2.17,0.0,0.48,0.0,1.68,0.0,0.24,4.57,47.37,10.35,46.51,1.93,0.48,0.72,11.79,0.48,1.68,20.45,62.35,5.29,50.0,5.05,100.0,5.78,50.0,16.84,72.86,1.68,28.57,15.52,18.69,0.0,0.0,0.24,0.0,0.96,25.0,0.24,1.44,33.33,2.65,9.09,1.2,20.0,0.24,0.0,1.68,57.14,0,,0,,0,0.0,0.0,0.0,,,0.0,,,0.0,0.0,0.0,0.0,0,0.0
R. Mišković,Opatija,Istra 1961,"LAMF, AMF, LWF",26,175000,,35,1930,4,3.94,4,1.35,25.74,39.86,Germany,"Germany, Croatia",right,188,87,no,4.8,4.8,52.43,3.54,42.11,0.37,0.53,0.09,1.91,2.7,1.35,3,0.14,0,0.0,4.01,0.19,4,0.19,0.18,0,0.0,40,1.87,32.5,10.0,0.19,1.59,29.41,1.17,28.0,0.33,42.86,0.09,4.94,54.72,13.8,36.49,1.91,1.87,0.79,20.24,1.54,1.87,28.82,75.89,7.04,63.58,7.97,90.06,8.3,76.97,25.46,81.14,1.82,41.03,16.66,19.57,0.06,0.56,0.05,0.05,1.07,21.74,0.33,3.17,64.71,2.66,40.35,1.26,18.52,0.61,0.51,4.38,72.34,0,,0,,0,0.0,0.0,0.0,,,0.05,,,0.65,0.23,40.0,0.65,0,0.0
R. Bagadur,Opatija,Hrvatski Dragovoljac,"RCB, CB",30,150000,,18,1605,1,1.54,0,0.05,13.46,60.42,Croatia,Croatia,right,189,77,no,10.21,4.43,64.56,5.16,60.87,0.34,0.35,0.84,7.01,7.32,1.01,6,0.34,1,0.06,0.62,0.06,1,0.06,0.09,0,0.0,7,0.39,28.57,14.286,0.0,0.11,0.0,0.0,0.0,0.11,0.0,0.0,0.84,60.0,2.02,58.33,0.56,0.45,0.11,19.23,0.5,0.95,31.18,82.01,14.19,70.75,2.3,95.12,12.17,92.63,26.02,88.15,5.05,52.22,22.29,40.92,0.0,0.06,0.0,0.0,0.0,0.0,0.0,4.09,52.05,0.45,0.0,0.22,0.0,0.11,0.0,6.06,63.89,0,,0,,0,0.0,0.0,0.0,,,1.79,,,0.0,0.0,0.0,0.0,0,0.0
I. Batarelo,Ballkani,Šibenik,"LCB, RB, RCB",28,150000,,22,2110,0,0.06,1,0.44,13.39,62.1,Croatia,Croatia,right,184,80,no,9.77,6.87,68.32,2.94,52.17,0.0,0.0,0.64,5.08,6.64,0.73,4,0.17,0,0.0,0.98,0.0,0,0.0,0.0,0,0.0,6,0.26,33.33,0.0,0.04,0.73,35.29,0.0,0.0,0.68,31.25,0.0,0.85,75.0,1.83,58.14,0.3,0.94,0.21,22.31,0.6,0.34,36.13,80.87,14.08,66.06,3.75,93.18,15.7,90.76,29.86,89.0,5.55,43.08,23.13,42.49,0.02,0.21,0.0,0.0,0.09,0.0,0.13,5.33,45.6,0.94,36.36,1.07,24.0,0.17,0.21,6.23,63.7,0,,0,,0,0.0,0.0,0.0,,,1.79,,,0.0,0.0,0.0,0.0,0,0.0
M. Muhammed,,Gorica,"RB, LB",29,150000,,20,1787,1,0.39,1,0.83,14.85,50.0,Nigeria,Nigeria,right,174,68,no,8.59,8.22,59.35,2.12,32.5,0.27,0.34,0.16,3.45,4.42,1.59,9,0.45,0,0.0,1.8,0.05,1,0.05,0.02,0,0.0,7,0.37,28.57,14.286,0.05,3.61,36.76,0.64,50.0,2.97,33.93,0.42,0.53,50.0,1.8,38.24,0.53,1.43,1.06,31.13,2.33,0.21,42.91,79.98,15.01,73.14,6.74,95.28,15.11,82.46,36.22,86.68,3.29,51.61,20.27,35.4,0.04,0.58,0.05,0.05,0.16,66.67,0.27,6.31,68.07,3.45,46.15,0.37,42.86,0.53,1.27,9.07,74.85,0,,0,,0,0.0,0.0,0.0,,,0.95,,,0.0,0.0,0.0,0.0,0,0.0
R. Burton,,Istra 1961,"RDMF, DMF",26,150000,,1,23,0,0.0,0,0.0,,,England,"England, Wales",right,175,69,no,,,,,,,0.0,,,15.0,,0,,0,,,,0,,,0,,0,,,0.0,,,,,,,,,,,,,,,,,,,,,,,,,,,,,,,25.16,43.85,,,,,,,,,,,,,,,,,,0,,0,,0,0.0,0.0,,,,,,,,,,,0,0.0
M. Dieye,Kiryat Yam,Gorica,CF,28,150000,2026-12-31,25,1332,2,3.88,1,0.29,24.47,30.12,Senegal,Senegal,left,190,82,no,2.36,2.15,70.0,7.8,28.44,0.0,0.0,0.21,0.86,1.11,0.93,1,0.07,0,0.0,1.79,0.14,2,0.14,0.28,0,0.0,22,1.57,36.36,9.091,0.07,0.72,40.0,0.14,0.0,0.5,57.14,0.0,2.36,39.39,9.8,27.01,3.08,0.93,0.57,7.94,1.57,1.07,14.17,74.75,2.36,51.52,4.51,93.65,3.93,72.73,12.88,77.78,0.79,54.55,14.33,13.78,0.02,0.5,0.14,0.0,0.29,0.0,0.14,1.29,50.0,0.43,16.67,0.21,0.0,0.21,0.14,1.0,57.14,0,,0,,0,0.0,0.0,0.0,,,0.0,,,0.0,0.0,0.0,0.0,0,0.0
M. Rovis,Orijent 1919,Istra 1961,"LWB, LB",24,150000,,8,488,0,0.22,0,0.14,16.78,53.85,Croatia,Croatia,left,180,74,no,9.96,6.45,65.71,1.29,85.71,1.29,1.56,0.0,4.43,5.33,0.37,2,0.37,0,0.0,2.58,0.0,0,0.0,0.04,0,0.0,2,0.37,0.0,0.0,0.0,1.48,50.0,1.48,50.0,0.0,0.0,0.18,3.5,52.63,6.09,42.42,0.37,0.74,0.37,18.44,1.11,2.03,26.37,74.13,9.96,59.26,6.45,97.14,4.98,81.48,22.32,80.99,2.77,33.33,15.18,27.37,0.03,0.18,0.18,0.0,0.18,0.0,0.18,2.4,30.77,1.11,66.67,0.92,40.0,0.18,0.55,4.8,61.54,0,,0,,0,0.0,0.0,0.0,,,0.74,,,0.18,0.0,0.0,0.0,0,0.0
A. Kuliš,,Hrvatski Dragovoljac,CF,25,150000,,6,82,0,0.0,0,0.02,17.56,31.25,Croatia,Croatia,,193,0,no,2.2,0.0,0.0,9.88,44.44,0.0,0.0,0.0,2.2,2.4,1.1,0,0.0,0,0.0,1.1,0.0,0,0.0,0.0,0,0.0,0,0.0,0.0,0.0,0.0,0.0,0.0,0.0,0.0,0.0,0.0,0.0,1.1,100.0,4.39,25.0,3.29,1.1,1.1,12.07,1.1,1.1,14.27,76.92,2.2,50.0,4.39,75.0,4.39,75.0,13.17,75.0,1.1,100.0,9.98,3.69,0.02,1.1,0.0,0.0,0.0,0.0,0.0,1.1,0.0,0.0,0.0,0.0,0.0,2.2,0.0,0.0,0.0,0,,0,,0,0.0,0.0,0.0,,,0.0,,,0.0,0.0,0.0,0.0,0,0.0
F. Mlinar,Jarun,Istra 1961,"RDMF, RCMF, AMF",34,150000,2027-06-30,32,2593,0,0.54,3,3.32,15.51,47.65,Croatia,Croatia,right,182,75,no,7.46,6.84,48.73,2.46,59.15,0.66,0.92,0.1,3.47,4.86,1.46,8,0.28,0,0.0,1.25,0.0,0,0.0,0.02,0,0.0,14,0.49,28.57,0.0,0.1,1.25,25.0,0.52,33.33,0.66,21.05,0.24,0.97,42.86,3.82,40.0,0.42,0.21,0.1,22.98,0.66,0.97,32.73,78.47,13.12,67.2,4.72,97.06,9.82,83.75,28.04,84.16,3.44,51.52,18.38,32.83,0.12,0.9,0.07,0.03,0.69,55.0,0.35,6.07,66.86,2.53,45.21,1.18,41.18,0.87,0.35,6.73,74.23,0,,0,,0,0.0,0.0,0.0,,,0.1,,,1.01,0.1,33.33,1.67,0,0.0
M. Marina,Varaždin,Slaven Belupo,"RCMF, DMF, RDMF",36,150000,2027-05-31,28,2487,2,1.45,1,0.98,22.1,54.33,Bosnia and Herzegovina,"Bosnia and Herzegovina, Croatia",right,184,81,no,14.56,11.18,58.72,5.14,57.66,0.49,0.61,0.26,7.5,9.32,2.03,15,0.54,0,0.0,1.01,0.07,1,0.04,0.05,0,0.0,17,0.64,35.29,11.765,0.04,0.68,38.89,0.23,33.33,0.41,36.36,0.04,0.75,55.0,2.1,41.07,0.86,0.38,0.15,20.3,0.3,0.68,37.03,78.72,13.43,63.41,4.88,96.92,13.09,87.97,31.85,82.45,4.5,58.33,18.42,33.11,0.04,0.45,0.0,0.0,0.34,33.33,0.23,6.12,63.8,1.05,25.0,0.64,35.29,0.23,0.3,5.96,66.04,0,,0,,0,0.0,0.0,0.0,,,0.41,,,0.04,0.04,0.0,0.0,1,100.0
M. Stanić,Široki Brijeg,Rijeka,RCMF,28,150000,,7,179,0,0.01,0,0.0,31.17,43.55,Bosnia and Herzegovina,"Bosnia and Herzegovina, Croatia",left,184,78,no,16.09,14.08,64.29,5.53,27.27,0.0,0.0,1.01,7.04,9.33,1.51,1,0.5,0,0.0,0.5,0.0,0,0.0,0.0,0,0.0,2,1.01,0.0,0.0,0.0,0.5,0.0,0.0,0.0,0.5,0.0,0.0,1.01,0.0,6.54,23.08,0.0,0.0,0.0,25.64,0.0,1.51,43.74,83.91,15.59,70.97,8.04,100.0,13.58,88.89,37.71,89.33,5.53,54.55,17.84,30.33,0.0,0.0,0.0,0.0,1.01,50.0,0.0,8.55,58.82,2.51,40.0,2.01,50.0,1.01,0.5,6.03,66.67,0,,0,,0,0.0,0.0,0.0,,,0.0,,,0.5,0.0,0.0,1.51,0,0.0
I. Svržnjak,Aluminij,Slaven Belupo,AMF,24,150000,2027-05-31,4,120,0,0.0,0,0.0,12.75,11.76,Croatia,Croatia,right,180,0,no,1.5,3.75,20.0,3.0,25.0,0.0,0.0,0.0,0.75,1.43,3.75,0,0.0,0,0.0,0.0,0.0,0,0.0,0.0,0,0.0,0,0.0,0.0,0.0,0.0,0.75,0.0,0.0,0.0,0.75,0.0,0.0,1.5,0.0,5.25,0.0,1.5,0.0,0.0,11.25,0.75,0.0,14.25,73.68,3.0,75.0,3.0,100.0,6.0,87.5,12.0,87.5,1.5,0.0,15.16,25.96,0.0,0.0,0.0,0.0,0.0,0.0,0.0,3.75,60.0,0.0,0.0,0.0,0.0,0.0,0.0,2.25,100.0,0,,0,,0,0.0,0.0,0.0,,,0.0,,,0.0,0.0,0.0,0.0,0,0.0
L. Šimunović,East Riffa,Šibenik,"RB, RCMF",29,150000,2026-06-30,9,805,0,0.32,1,0.68,16.1,51.39,Bosnia and Herzegovina,"Bosnia and Herzegovina, Croatia",right,185,81,no,10.96,7.83,57.14,4.02,47.22,0.56,0.63,0.45,5.93,6.63,1.23,3,0.34,0,0.0,0.56,0.0,0,0.0,0.04,0,0.0,5,0.56,20.0,0.0,0.11,0.56,40.0,0.11,0.0,0.45,50.0,0.0,0.34,33.33,1.68,33.33,1.01,0.89,0.11,20.12,1.12,0.45,31.75,74.3,14.42,64.34,3.91,91.43,8.39,80.0,27.61,77.73,3.58,53.13,18.61,35.6,0.08,0.34,0.11,0.0,0.22,50.0,0.22,4.02,58.33,1.9,58.82,0.67,50.0,1.23,0.22,7.27,58.46,0,,0,,0,0.0,0.0,0.0,,,0.45,,,0.0,0.0,0.0,0.0,0,0.0
I. Roca,Jadran LP,Hrvatski Dragovoljac,RCMF,30,150000,,15,1028,0,0.31,0,0.7,17.25,50.76,Croatia,Croatia,right,184,77,no,9.37,8.4,62.5,2.89,42.42,0.26,0.29,0.09,3.85,4.31,1.75,4,0.35,0,0.0,0.96,0.0,0,0.0,0.03,0,0.0,12,1.05,16.67,0.0,0.0,0.26,33.33,0.0,0.0,0.26,33.33,0.09,0.88,60.0,3.59,46.34,0.0,0.26,0.26,19.87,0.44,0.88,30.99,81.36,8.49,70.1,4.55,86.54,14.1,86.96,26.7,83.61,4.03,69.57,21.07,33.08,0.06,0.35,0.0,0.0,0.26,66.67,0.18,4.2,70.83,0.61,57.14,0.26,66.67,0.18,0.09,5.34,63.93,0,,0,,0,0.0,0.0,0.0,,,0.09,,,0.18,0.0,0.0,0.26,0,0.0
N. Tepšić,Varaždin,Slaven Belupo,RCB,24,150000,2028-05-31,8,411,0,0.0,0,0.0,16.64,56.58,Serbia,"Serbia, Croatia",right,185,75,no,12.26,8.54,56.41,3.5,62.5,1.97,2.87,0.44,5.47,7.98,0.66,1,0.22,0,0.0,0.22,0.0,0,0.0,0.0,0,0.0,0,0.0,0.0,0.0,0.0,0.0,0.0,0.0,0.0,0.0,0.0,0.0,0.44,50.0,2.19,30.0,0.66,0.0,0.0,15.99,0.22,0.66,32.19,76.87,16.42,70.67,2.19,70.0,8.98,87.8,30.22,78.26,1.97,55.56,16.77,13.81,0.0,0.0,0.0,0.0,0.0,0.0,0.0,3.07,71.43,0.22,100.0,0.44,50.0,0.22,0.0,6.13,50.0,0,,0,,0,0.0,0.0,0.0,,,0.88,,,0.0,0.0,0.0,0.0,0,0.0
Z. Kvržić,Borac Banja Luka,Slaven Belupo,"RCMF, RWB, RB",37,150000,,18,1344,1,1.04,1,1.13,16.88,54.37,Bosnia and Herzegovina,"Bosnia and Herzegovina, Croatia",right,180,72,no,10.78,7.43,67.57,1.34,50.0,0.07,0.09,0.07,5.69,7.54,0.8,1,0.07,0,0.0,2.28,0.07,1,0.07,0.07,1,0.07,10,0.67,20.0,10.0,0.07,3.01,20.0,0.13,0.0,2.88,20.93,0.2,1.81,59.26,5.22,41.03,1.14,1.61,1.0,28.59,1.88,0.8,47.28,70.96,19.55,60.62,7.63,92.11,11.79,76.7,39.04,78.22,5.36,45.0,18.5,28.69,0.08,0.94,0.07,0.0,1.27,36.84,0.4,8.91,61.65,3.62,44.44,1.74,46.15,0.8,0.67,9.78,71.23,0,,0,,0,0.0,0.0,0.0,,,0.33,,,0.74,0.0,0.0,0.87,0,0.0
B. Markovina,Široki Brijeg,Hrvatski Dragovoljac,"LCB, CB, RCB",25,150000,2027-06-30,5,470,0,0.14,0,0.0,14.36,64.0,Croatia,Croatia,right,185,0,no,9.19,5.94,77.42,4.21,63.64,0.19,0.23,0.19,4.4,5.19,0.77,1,0.19,0,0.0,0.77,0.0,0,0.0,0.03,0,0.0,2,0.38,0.0,0.0,0.0,0.0,0.0,0.0,0.0,0.0,0.0,0.0,1.15,66.67,1.72,44.44,0.38,0.19,0.0,24.32,0.19,0.19,36.77,82.29,14.55,64.47,2.68,100.0,16.66,95.4,30.64,89.38,6.13,46.88,23.6,41.67,0.0,0.19,0.0,0.0,0.0,0.0,0.0,3.06,37.5,0.38,0.0,0.77,0.0,0.0,0.0,6.32,57.58,0,,0,,0,0.0,0.0,0.0,,,1.34,,,0.0,0.0,0.0,0.0,0,0.0
M. Djira,Sloga Doboj,Lokomotiva Zagreb,"LDMF, LCMF, RCMF",27,150000,,6,262,0,0.28,0,0.03,12.02,57.14,Croatia,Croatia,left,171,68,no,9.27,5.15,93.33,2.75,37.5,1.03,1.5,0.34,3.44,5.0,0.0,0,0.0,0,0.0,1.03,0.0,0,0.0,0.1,0,0.0,8,2.75,12.5,0.0,0.0,0.34,0.0,0.34,0.0,0.0,0.0,0.0,1.37,50.0,2.75,37.5,0.34,1.37,1.03,26.11,0.34,0.34,37.44,86.24,14.77,76.74,4.47,100.0,14.77,90.7,31.6,91.3,5.84,58.82,20.13,33.18,0.01,0.34,0.34,0.0,0.0,0.0,0.0,10.99,75.0,0.69,0.0,0.34,100.0,0.69,0.0,7.56,90.91,0,,0,,0,0.0,0.0,0.0,,,0.0,,,0.0,0.0,0.0,0.0,0,0.0
M. Zlomislić,Qarabag,Rijeka,GK,27,150000,2029-06-30,9,872,0,0.0,0,0.0,0.23,50.0,Bosnia and Herzegovina,"Bosnia and Herzegovina, Croatia",right,190,85,no,0.23,0.0,0.0,0.12,100.0,0.0,0.0,0.0,0.23,0.3,0.0,0,0.0,0,0.0,0.0,0.0,0,0.0,0.0,0,0.0,0,0.0,0.0,0.0,0.0,0.0,0.0,0.0,0.0,0.0,0.0,0.0,0.0,0.0,0.0,0.0,0.0,0.0,0.0,7.83,0.0,0.0,11.05,83.33,7.37,78.13,0.0,0.0,3.22,100.0,5.52,95.83,5.52,70.83,35.15,51.04,0.0,0.0,0.0,0.0,0.0,0.0,0.0,0.92,75.0,0.0,0.0,0.0,0.0,0.0,0.0,4.83,73.81,15,1.73,44,5.06,2,65.91,15.18,1.75,0.18,0.021,0.0,1.61,0.12,,,,0.0,0,0.0
I. Mamić,Jarun,Hrvatski Dragovoljac,"LB, LCMF",25,125000,,2,44,0,0.0,0,0.0,,,Canada,"Canada, Croatia",right,194,0,no,,,,,,,2.31,,,9.23,,1,,0,,,,0,,,0,,0,,,0.0,,,,,,,,,,,,,,,,,,,,,,,,,,,,,,,20.27,29.4,,,,,,,,,,,,,,,,,,0,,0,,0,0.0,0.0,,,,,,,,,,,0,0.0
I. Bailone,Nacional Asunción,Šibenik,"CF, LAMF",32,125000,2026-12-31,7,118,0,0.78,0,0.15,34.32,40.0,Argentina,"Argentina, Italy",left,191,80,no,5.34,3.81,40.0,15.25,40.0,0.76,1.15,0.0,3.05,4.62,0.0,0,0.0,0,0.0,3.05,0.0,0,0.0,0.6,0,0.0,4,3.05,50.0,0.0,0.0,0.0,0.0,0.0,0.0,0.0,0.0,0.0,1.53,100.0,10.68,42.86,3.81,0.0,0.0,7.63,0.0,2.29,14.49,73.68,3.81,60.0,2.29,100.0,4.58,66.67,14.49,73.68,0.0,0.0,14.04,0.0,0.12,0.76,0.0,0.0,0.0,0.0,0.76,2.29,33.33,0.0,0.0,0.0,0.0,1.53,0.0,1.53,50.0,0,,0,,0,0.0,0.0,0.0,,,0.0,,,0.0,0.0,0.0,0.0,0,0.0
M. Leovac,Lokomotiva Zagreb,Osijek,LB,37,100000,,10,675,0,0.86,2,0.48,15.87,54.62,Austria,"Austria, Croatia",left,180,71,no,9.6,6.53,69.39,1.73,61.54,1.33,2.13,0.0,3.73,5.96,2.0,3,0.4,0,0.0,2.13,0.0,0,0.0,0.11,0,0.0,8,1.07,25.0,0.0,0.27,4.0,43.33,3.87,44.83,0.13,0.0,0.27,0.13,0.0,2.8,28.57,1.6,1.2,0.53,36.27,2.27,0.53,48.27,81.77,22.0,78.79,7.47,98.21,11.47,80.23,39.07,89.08,5.33,55.0,19.5,38.46,0.06,1.07,0.0,0.0,0.27,50.0,0.93,7.87,71.19,3.73,64.29,0.4,66.67,0.8,1.87,12.8,86.46,0,,0,,0,0.0,0.0,0.0,,,0.4,,,0.0,0.0,0.0,0.27,0,0.0
D. Čop,Rijeka,Dinamo Zagreb,CF,36,100000,2027-06-30,8,274,1,1.11,1,0.56,24.64,48.0,Croatia,Croatia,right,184,74,no,5.58,5.91,61.11,2.96,33.33,0.33,0.6,0.0,1.64,3.0,1.64,0,0.0,0,0.0,1.97,0.33,1,0.33,0.36,0,0.0,8,2.63,12.5,12.5,0.33,2.63,12.5,2.3,14.29,0.33,0.0,0.33,1.31,75.0,8.54,50.0,5.26,0.66,0.66,15.77,1.64,1.31,21.35,66.15,6.57,60.0,3.61,72.73,6.9,61.9,18.72,73.68,0.33,0.0,15.64,6.82,0.18,1.31,0.0,0.0,1.97,16.67,0.66,0.66,100.0,4.93,46.67,1.31,25.0,2.96,0.66,2.63,87.5,0,,0,,0,0.0,0.0,0.0,,,0.0,,,0.0,0.0,0.0,0.0,0,0.0
E. Grezda,,Šibenik,"RW, CF, RAMF",31,100000,,12,829,2,3.18,1,0.68,27.79,38.28,Kosovo,"Kosovo, Albania",right,182,77,no,6.3,7.06,53.85,2.61,20.83,0.76,0.84,0.0,1.74,1.91,1.3,1,0.11,0,0.0,4.34,0.22,2,0.22,0.35,1,0.11,15,1.63,40.0,13.333,0.11,1.09,40.0,0.43,50.0,0.65,33.33,0.0,5.86,55.56,13.9,36.72,2.61,2.28,0.87,13.68,1.63,1.95,22.91,73.46,5.43,60.0,4.34,87.5,7.06,80.0,21.28,76.02,0.76,57.14,14.02,13.03,0.07,1.19,0.11,0.0,0.54,0.0,0.22,2.17,55.0,1.85,29.41,0.54,0.0,1.19,0.33,2.5,82.61,0,,0,,0,0.0,0.0,0.0,,,0.0,,,0.0,0.0,0.0,0.0,0,0.0
C. Attys,Triestina,Šibenik,"RW, LCMF, RAMF",25,100000,2027-06-30,20,573,1,0.49,0,0.46,25.92,38.18,Haiti,"Haiti, France",right,186,81,no,6.28,4.4,67.86,5.03,56.25,0.79,1.04,0.16,2.51,3.33,1.73,2,0.31,0,0.0,2.83,0.16,1,0.16,0.08,0,0.0,5,0.79,20.0,20.0,0.0,1.57,20.0,0.31,50.0,1.26,12.5,0.0,5.34,41.18,11.78,25.33,1.57,0.94,0.63,13.82,0.79,1.1,22.62,75.69,6.28,50.0,5.81,100.0,4.87,70.97,19.95,81.1,1.26,62.5,15.25,14.98,0.07,0.63,0.0,0.0,0.47,33.33,0.47,1.88,66.67,1.57,30.0,0.79,60.0,0.79,0.0,3.3,42.86,0,,0,,0,0.0,0.0,0.0,,,0.47,,,0.0,0.0,0.0,0.0,0,0.0
N. Hadžić,,Slaven Belupo,CF,27,100000,,9,356,2,0.82,0,0.01,26.87,35.92,Bosnia and Herzegovina,Bosnia and Herzegovina,right,184,75,no,3.65,4.17,50.0,5.48,28.57,0.26,0.31,0.0,1.3,1.56,2.09,0,0.0,0,0.0,2.61,0.51,2,0.52,0.21,0,0.0,9,2.35,66.67,22.222,0.0,0.0,0.0,0.0,0.0,0.0,0.0,0.0,2.09,50.0,9.91,44.74,1.83,0.52,0.78,8.35,1.04,2.61,13.3,72.55,3.39,69.23,3.39,84.62,3.39,76.92,13.04,74.0,0.26,0.0,16.26,4.29,0.0,0.26,0.0,0.0,0.52,0.0,0.0,1.57,83.33,0.52,50.0,0.52,0.0,0.26,0.0,1.57,50.0,0,,0,,0,0.0,0.0,0.0,,,0.0,,,0.0,0.0,0.0,0.0,0,0.0
M. Brtan,,Hrvatski Dragovoljac,"RCMF, RDMF, LCMF",35,100000,,8,762,0,0.46,0,0.06,16.89,47.55,Croatia,Croatia,right,189,81,no,12.64,7.68,53.85,3.43,48.28,0.47,0.48,0.71,8.03,8.1,1.18,4,0.47,0,0.0,0.59,0.0,0,0.0,0.05,0,0.0,6,0.71,33.33,0.0,0.0,0.0,0.0,0.0,0.0,0.0,0.0,0.0,0.71,50.0,2.6,40.91,0.35,0.35,0.0,26.34,0.24,0.59,44.29,86.67,14.29,74.38,6.85,94.83,18.19,94.81,40.39,88.89,3.9,63.64,19.53,37.16,0.01,0.24,0.12,0.0,0.24,0.0,0.12,5.67,72.92,0.59,20.0,0.47,0.0,0.24,0.0,5.79,73.47,0,,0,,0,0.0,0.0,0.0,,,0.12,,,0.0,0.0,0.0,0.0,0,0.0
M. Kocijan,Radnik Križevci,Slaven Belupo,"DMF, LCMF",31,100000,,8,304,0,0.09,0,0.29,21.32,38.89,Croatia,Croatia,right,189,80,no,8.88,8.88,50.0,2.96,40.0,1.48,1.63,0.0,2.96,3.26,3.26,1,0.3,0,0.0,1.78,0.0,0,0.0,0.03,0,0.0,4,1.18,50.0,0.0,0.0,0.59,50.0,0.0,0.0,0.59,50.0,0.0,2.07,42.86,5.92,30.0,0.89,1.18,0.59,15.69,0.3,0.3,29.31,79.8,9.18,51.61,6.22,95.24,8.29,96.43,25.76,83.91,2.96,50.0,15.07,16.98,0.09,0.59,0.0,0.0,0.0,0.0,0.3,3.85,38.46,0.3,100.0,0.3,0.0,0.59,0.3,4.44,66.67,0,,0,,0,0.0,0.0,0.0,,,0.0,,,0.0,0.0,0.0,0.0,0,0.0
L. Rogić,Rudeš,Šibenik,GK,30,100000,,34,3279,0,0.0,0,0.0,0.85,83.87,Croatia,Croatia,right,190,83,no,2.0,0.11,75.0,0.27,100.0,0.0,0.0,0.0,1.92,2.33,0.03,2,0.05,0,0.0,0.05,0.0,0,0.0,0.0,0,0.0,0,0.0,0.0,0.0,0.0,0.0,0.0,0.0,0.0,0.0,0.0,0.0,0.11,50.0,0.19,71.43,0.0,0.0,0.03,10.4,0.14,0.27,16.77,74.14,11.31,66.26,0.0,0.0,5.16,91.49,7.69,96.07,9.03,55.93,38.55,48.37,0.0,0.0,0.0,0.05,0.0,0.0,0.0,2.11,42.86,0.08,0.0,0.08,0.0,0.0,0.0,6.23,65.64,72,1.98,220,6.04,1,67.27,77.13,2.12,5.13,0.141,0.0,1.26,0.27,,,,0.0,0,0.0
T. Božić,Slaven Belupo,Slaven Belupo,"RCB, LCB",38,100000,2027-05-31,26,2357,2,2.17,1,0.24,18.62,66.31,Croatia,Croatia,right,186,84,no,10.6,6.55,71.52,6.07,67.97,0.32,0.38,0.52,5.6,6.72,1.27,3,0.11,0,0.0,1.03,0.08,2,0.08,0.09,2,0.08,16,0.64,31.25,12.5,0.04,0.44,45.45,0.12,33.33,0.32,50.0,0.0,0.87,59.09,2.26,50.88,1.23,0.64,0.28,26.76,0.75,0.79,42.0,80.62,21.2,70.41,1.91,93.75,15.09,92.37,33.9,88.99,7.74,45.13,22.7,37.63,0.01,0.2,0.0,0.04,0.2,60.0,0.08,7.54,53.68,1.31,42.42,1.11,35.71,0.4,0.28,9.89,68.67,0,,0,,0,0.0,0.0,0.0,,,1.11,,,0.0,0.0,0.0,0.0,0,0.0
V. Jugović,,Osijek,"RCMF, DMF",36,100000,,18,1029,0,0.65,0,0.21,15.31,50.29,Croatia,Croatia,right,178,69,no,6.91,5.42,53.23,3.94,53.33,0.87,1.2,0.17,3.15,4.34,0.87,3,0.26,0,0.0,0.35,0.0,0,0.0,0.06,0,0.0,8,0.7,0.0,0.0,0.0,0.44,0.0,0.09,0.0,0.35,0.0,0.09,0.44,60.0,2.27,34.62,1.14,0.26,0.09,24.84,0.44,0.52,35.07,86.28,11.46,76.34,5.07,100.0,13.21,89.4,32.54,88.17,2.1,75.0,16.82,23.86,0.02,0.26,0.17,0.0,0.35,25.0,0.26,5.51,74.6,0.7,12.5,0.26,0.0,0.26,0.0,4.46,86.27,0,,0,,0,0.0,0.0,0.0,,,0.09,,,0.09,0.0,0.0,0.09,0,0.0
I. Utin,Shooting Stars,Slaven Belupo,LB,26,100000,,7,451,0,0.04,0,0.06,18.7,45.33,Nigeria,Nigeria,left,172,67,no,11.22,8.98,58.33,1.5,16.67,0.25,0.29,0.25,5.73,6.63,1.0,0,0.0,0,0.0,1.75,0.0,0,0.0,0.01,0,0.0,3,0.75,0.0,0.0,0.0,1.0,0.0,1.0,0.0,0.0,0.0,0.0,2.49,70.0,6.23,40.0,0.5,1.25,0.5,25.93,2.24,0.5,34.16,76.64,15.46,59.68,4.49,94.44,8.48,88.24,29.42,83.9,3.74,40.0,18.44,27.48,0.02,0.25,0.0,0.0,0.25,0.0,0.0,3.74,53.33,1.25,0.0,0.25,0.0,0.25,0.0,4.24,47.06,0,,0,,0,0.0,0.0,0.0,,,0.25,,,0.25,0.0,0.0,0.0,0,0.0
D. Kapitanović,Radnik Križevci,Istra 1961,"RAMF, LWF",26,100000,,7,137,0,0.53,0,0.0,18.39,42.86,Croatia,Croatia,right,0,0,no,4.6,7.23,36.36,1.31,0.0,0.0,0.0,0.0,1.97,3.0,1.31,0,0.0,0,0.0,3.28,0.0,0,0.0,0.35,0,0.0,4,2.63,50.0,0.0,0.0,1.31,0.0,0.0,0.0,1.31,0.0,0.0,3.28,60.0,7.23,54.55,2.63,1.31,1.31,10.51,1.31,0.66,16.42,60.0,5.91,44.44,4.6,85.71,3.94,50.0,15.11,65.22,0.0,0.0,20.33,0.0,0.0,0.0,0.0,0.0,0.0,0.0,0.0,1.31,0.0,1.97,0.0,0.0,0.0,0.0,0.0,1.97,33.33,0,,0,,0,0.0,0.0,0.0,,,0.0,,,0.0,0.0,0.0,0.0,0,0.0
V. Petković,Posušje,Osijek,"CF, LW",30,100000,,20,1336,3,2.68,0,0.42,22.97,31.67,Croatia,Croatia,right,180,73,no,3.84,3.71,45.45,1.95,10.34,0.27,0.28,0.07,1.89,1.99,1.01,0,0.0,0,0.0,3.5,0.2,3,0.2,0.18,0,0.0,24,1.62,29.17,12.5,0.0,1.41,19.05,0.74,27.27,0.67,10.0,0.27,5.93,43.18,12.4,29.35,3.3,2.9,2.16,12.26,1.55,0.81,18.59,68.84,5.25,55.13,4.65,91.3,4.18,64.52,16.3,75.21,0.94,28.57,18.36,23.2,0.03,0.54,0.0,0.0,0.61,33.33,0.27,2.02,66.67,1.48,40.91,0.54,37.5,0.67,0.34,2.36,48.57,0,,0,,0,0.0,0.0,0.0,,,0.07,,,0.0,0.0,0.0,0.0,0,0.0
A. Marković,Slaven Belupo,Slaven Belupo,GK,34,100000,2027-05-31,1,100,0,0.0,0,0.0,0.9,0.0,Croatia,Croatia,right,194,86,no,0.9,0.9,0.0,0.0,0.0,0.0,0.0,0.0,0.9,1.43,0.0,0,0.0,0,0.0,0.0,0.0,0,0.0,0.0,0,0.0,0,0.0,0.0,0.0,0.0,0.0,0.0,0.0,0.0,0.0,0.0,0.0,0.0,0.0,0.0,0.0,0.0,0.0,0.0,9.0,0.0,0.0,12.6,85.71,8.1,77.78,0.0,0.0,4.5,100.0,9.0,100.0,3.6,50.0,26.47,50.47,0.0,0.0,0.0,0.0,0.0,0.0,0.0,0.9,0.0,0.0,0.0,0.0,0.0,0.0,0.0,1.8,50.0,3,2.7,6,5.4,0,50.0,2.62,2.36,-0.38,-0.342,0.0,0.0,0.0,,,,0.0,0,0.0
D. Zagorac,Dinamo Zagreb,Dinamo Zagreb,GK,39,100000,2027-06-30,2,190,0,0.0,0,0.0,1.89,100.0,Croatia,Croatia,right,186,80,no,2.84,0.0,0.0,0.0,0.0,0.0,0.0,0.0,2.84,4.19,0.0,0,0.0,0,0.0,0.47,0.0,0,0.0,0.0,0,0.0,0,0.0,0.0,0.0,0.0,0.0,0.0,0.0,0.0,0.0,0.0,0.0,0.47,100.0,1.89,100.0,0.0,0.0,0.0,12.32,0.0,0.95,19.42,95.12,9.47,90.0,0.0,0.0,9.47,100.0,13.26,100.0,6.16,84.62,30.67,44.02,0.0,0.0,0.0,0.0,0.0,0.0,0.0,0.47,0.0,0.0,0.0,0.0,0.0,0.0,0.0,3.79,87.5,1,0.47,3,1.42,1,66.67,0.95,0.45,-0.05,-0.024,0.0,0.47,0.0,,,,0.0,0,0.0
C. Keita,Vibonese,Gorica,LB,30,75000,2026-06-30,28,2527,0,0.51,2,1.76,18.07,55.3,France,"France, Mali",left,180,76,no,9.15,7.04,58.15,1.76,58.7,0.34,0.43,0.34,4.71,5.92,1.11,8,0.28,1,0.04,3.52,0.0,0,0.0,0.02,0,0.0,8,0.31,50.0,0.0,0.08,2.83,39.19,2.76,40.28,0.08,0.0,0.31,3.14,69.51,7.01,53.55,0.84,1.23,0.61,22.09,1.45,1.84,33.61,79.16,12.17,69.18,6.47,95.27,9.57,83.6,27.64,87.26,3.29,45.35,19.04,32.96,0.07,0.65,0.0,0.0,0.11,66.67,0.38,4.02,65.71,2.26,54.24,0.42,36.36,0.31,1.15,6.58,66.86,0,,0,,0,0.0,0.0,0.0,,,0.57,,,0.0,0.0,0.0,0.0,0,0.0
D. Babin,,Hrvatski Dragovoljac,"RCMF, RDMF, LDMF",26,75000,,6,164,0,0.0,0,0.0,9.88,55.56,Croatia,Croatia,right,186,82,no,8.23,4.94,55.56,1.1,0.0,0.0,0.0,0.55,5.49,5.66,0.0,0,0.0,0,0.0,1.1,0.0,0,0.0,0.0,0,0.0,0,0.0,0.0,0.0,0.0,0.55,0.0,0.55,0.0,0.0,0.0,0.0,1.65,66.67,2.74,80.0,0.0,0.55,1.1,11.52,0.0,0.55,18.66,58.82,5.49,40.0,2.74,100.0,7.68,71.43,17.56,59.38,0.55,100.0,13.23,6.07,0.0,0.0,0.0,0.0,0.55,0.0,0.0,1.65,66.67,0.55,0.0,0.55,0.0,0.0,0.55,2.74,0.0,0,,0,,0,0.0,0.0,0.0,,,0.0,,,0.0,0.0,0.0,1.1,0,0.0
S. Sahiti,Ferizaj,Šibenik,"RW, RWF",31,75000,2026-06-30,25,1196,0,0.69,3,0.6,20.62,35.77,Albania,"Albania, Kosovo",right,179,72,no,5.27,5.87,50.0,2.63,22.86,0.15,0.19,0.15,2.18,2.74,1.05,1,0.08,0,0.0,1.96,0.0,0,0.0,0.05,0,0.0,13,0.98,23.08,0.0,0.23,1.2,31.25,0.15,0.0,1.05,35.71,0.23,3.39,40.0,9.26,30.89,1.88,1.35,1.35,11.81,1.2,1.13,18.74,77.11,3.61,56.25,4.97,92.42,6.92,73.91,16.63,81.45,0.9,58.33,15.83,12.87,0.04,0.45,0.0,0.0,0.08,0.0,0.45,1.2,62.5,1.05,42.86,0.08,0.0,0.23,0.38,2.26,70.0,0,,0,,0,0.0,0.0,0.0,,,0.08,,,0.0,0.0,0.0,0.0,0,0.0
Rafa Navarro,CA Central,Istra 1961,"RB, LB",32,75000,2026-06-30,12,1056,0,0.3,1,1.1,15.09,50.28,Spain,Spain,right,173,61,no,8.01,6.14,59.72,2.22,34.62,0.6,0.91,0.26,3.75,5.69,0.51,2,0.17,1,0.09,1.96,0.0,0,0.0,0.03,0,0.0,2,0.17,50.0,0.0,0.09,2.13,32.0,0.34,50.0,1.79,28.57,0.85,1.88,59.09,4.09,52.08,0.94,1.28,0.85,34.77,1.45,1.19,47.9,85.41,15.85,74.19,8.61,94.06,15.51,90.11,42.02,90.47,3.75,59.09,18.17,32.41,0.09,0.34,0.0,0.09,0.34,25.0,0.17,4.43,71.15,2.39,42.86,0.34,0.0,0.51,0.68,7.67,67.78,0,,0,,0,0.0,0.0,0.0,,,0.51,,,0.0,0.0,0.0,0.0,0,0.0
F. Moubandje,,Dinamo Zagreb,"LB, LW, LCB",35,50000,,3,286,0,0.85,0,0.37,20.14,42.19,Cameroon,"Cameroon, Switzerland",left,180,74,no,6.29,4.41,50.0,5.03,56.25,0.31,0.53,0.31,3.78,6.32,0.63,0,0.0,0,0.0,2.83,0.0,0,0.0,0.27,0,0.0,3,0.94,33.33,0.0,0.0,4.09,23.08,3.78,16.67,0.31,100.0,0.63,2.83,55.56,7.55,33.33,3.15,1.57,1.26,37.76,3.15,0.63,47.52,81.46,11.64,75.68,9.76,83.87,15.1,85.42,41.85,88.72,2.2,42.86,17.24,35.77,0.12,0.94,0.0,0.0,0.31,0.0,0.31,5.66,66.67,2.52,25.0,0.0,0.0,0.31,0.31,3.78,91.67,0,,0,,0,0.0,0.0,0.0,,,0.31,,,0.0,0.0,0.0,0.0,0,0.0
G. Lovrencsics,,Hajduk Split,"RB, RWB",37,50000,,30,2061,1,0.51,2,6.02,14.06,55.9,Hungary,Hungary,right,177,75,no,9.17,6.9,62.03,1.79,65.85,0.44,0.68,0.13,4.45,6.97,1.09,4,0.17,0,0.0,2.97,0.04,1,0.04,0.02,0,0.0,14,0.61,14.29,7.143,0.09,5.15,29.66,0.09,0.0,5.07,30.17,0.7,2.05,57.45,3.1,50.7,1.05,1.22,0.26,31.35,2.79,0.39,43.62,74.47,15.37,68.75,6.59,95.36,15.41,75.35,33.1,85.49,5.63,50.39,22.79,41.04,0.26,1.83,0.13,0.13,0.35,50.0,0.66,6.9,66.46,5.24,45.0,0.57,38.46,1.22,1.4,11.35,79.23,0,,0,,0,0.0,0.0,0.0,,,0.7,,,0.74,0.0,0.0,2.49,0,0.0
P. Jug,Jarun,Gorica,"RCMF, RB, LB",24,50000,,6,127,0,0.0,0,0.0,12.76,44.44,Croatia,Croatia,right,182,78,no,4.96,7.09,40.0,2.83,50.0,0.0,0.0,0.71,2.13,4.29,1.42,0,0.0,0,0.0,1.42,0.0,0,0.0,0.0,0,0.0,1,0.71,0.0,0.0,0.0,1.42,50.0,0.0,0.0,1.42,50.0,0.0,0.71,100.0,2.83,50.0,0.0,2.13,0.71,16.3,2.13,0.71,24.8,71.43,11.34,56.25,3.54,80.0,9.21,84.62,19.13,81.48,4.96,42.86,15.06,22.13,0.0,0.0,0.0,0.0,0.0,0.0,0.0,3.54,20.0,0.71,0.0,1.42,50.0,0.0,0.0,5.67,75.0,0,,0,,0,0.0,0.0,0.0,,,0.0,,,0.0,0.0,0.0,0.0,0,0.0
K. Osmanković,Šibenik,Lokomotiva Zagreb,DMF,29,50000,2026-06-30,1,4,0,0.0,0,0.0,,,Bosnia and Herzegovina,Bosnia and Herzegovina,right,192,87,no,,,,,,,0.0,,,0.0,,0,,0,,,,0,,,0,,0,,,0.0,,,,,,,,,,,,,,,,,,,,,,,,,,,,,,,0.0,0.0,,,,,,,,,,,,,,,,,,0,,0,,0,0.0,0.0,,,,,,,,,,,0,0.0
Y. Delfi,Niroye Zamini,Gorica,"RAMF, RW",25,50000,2026-06-30,21,836,1,2.06,0,0.41,29.8,45.34,Iran,Iran,right,184,75,no,9.65,10.13,58.33,3.86,40.63,0.24,0.34,0.0,3.5,4.92,2.65,1,0.11,1,0.11,4.22,0.11,1,0.12,0.25,0,0.0,20,2.41,20.0,5.0,0.0,2.17,33.33,0.0,0.0,2.17,33.33,0.36,6.15,45.1,11.46,40.0,3.86,2.05,1.21,15.8,0.97,1.81,22.8,66.14,6.15,54.9,4.95,90.24,6.76,62.5,19.06,72.15,1.69,35.71,14.81,13.65,0.05,0.48,0.0,0.0,0.36,66.67,0.48,1.21,80.0,2.29,36.84,0.12,0.0,1.09,0.84,3.86,50.0,0,,0,,0,0.0,0.0,0.0,,,0.0,,,0.0,0.0,0.0,0.24,0,0.0
M. Marić,,Hrvatski Dragovoljac,GK,27,50000,,4,337,0,0.0,0,0.0,0.53,100.0,Croatia,Croatia,left,193,85,no,1.6,0.0,0.0,0.53,100.0,0.0,0.0,0.0,1.6,1.62,0.0,0,0.0,0,0.0,0.0,0.0,0,0.0,0.0,0,0.0,0,0.0,0.0,0.0,0.0,0.0,0.0,0.0,0.0,0.0,0.0,0.0,0.0,0.0,0.0,0.0,0.0,0.0,0.0,12.82,0.0,0.0,19.5,68.49,12.82,58.33,0.0,0.0,6.68,88.0,9.35,88.57,10.15,50.0,38.9,51.48,0.0,0.0,0.0,0.0,0.0,0.0,0.0,2.4,33.33,0.27,0.0,0.0,0.0,0.0,0.0,8.01,60.0,7,1.87,27,7.21,0,74.07,5.96,1.59,-1.04,-0.278,0.0,1.6,0.53,,,,0.0,0,0.0
S. Blagojević,,Istra 1961,"RCMF, RDMF",39,50000,,23,1388,0,0.33,2,0.8,17.7,50.55,Croatia,Croatia,right,179,80,no,9.14,7.2,54.05,1.82,57.14,1.04,1.47,0.19,4.21,5.98,2.01,7,0.45,1,0.06,1.04,0.0,0,0.0,0.02,0,0.0,8,0.52,0.0,0.0,0.13,0.71,63.64,0.06,100.0,0.65,60.0,0.19,0.91,50.0,4.73,43.84,0.19,0.39,0.06,33.26,0.26,1.62,47.27,84.91,13.68,67.77,7.85,95.04,15.95,91.46,40.85,90.16,5.71,50.0,18.62,30.71,0.05,0.45,0.06,0.06,0.32,40.0,0.19,7.52,68.1,1.56,62.5,0.84,38.46,0.58,0.39,7.13,62.73,0,,0,,0,0.0,0.0,0.0,,,0.39,,,0.45,0.06,0.0,0.65,0,0.0
K. Perić,Borac Banja Luka,Hrvatski Dragovoljac,"CF, RW",25,50000,2027-05-31,26,1088,3,2.78,0,0.57,23.74,30.31,Croatia,Croatia,left,191,86,no,5.46,5.46,53.03,4.22,25.49,0.33,0.36,0.25,2.23,2.42,0.99,2,0.17,0,0.0,1.82,0.25,3,0.25,0.23,0,0.0,16,1.32,37.5,18.75,0.0,0.41,20.0,0.25,33.33,0.17,0.0,0.0,2.07,56.0,8.77,25.47,2.07,0.83,0.25,10.84,1.24,1.16,17.45,75.83,2.9,51.43,5.54,86.57,4.47,72.22,16.46,77.89,0.66,62.5,13.21,6.91,0.05,0.5,0.0,0.0,0.5,16.67,0.08,1.65,35.0,0.58,28.57,0.5,16.67,0.41,0.0,1.49,55.56,0,,0,,0,0.0,0.0,0.0,,,0.08,,,0.0,0.0,0.0,0.08,0,0.0
F. Jazvić,Cibalia,Hrvatski Dragovoljac,LAMF,35,50000,,1,58,0,0.24,0,0.0,20.17,53.85,Bosnia and Herzegovina,"Bosnia and Herzegovina, Croatia",right,188,80,no,4.66,1.55,0.0,1.55,100.0,0.0,0.0,0.0,4.66,4.29,0.0,1,1.55,0,0.0,3.1,0.0,0,0.0,0.37,0,0.0,1,1.55,0.0,0.0,0.0,0.0,0.0,0.0,0.0,0.0,0.0,0.0,3.1,50.0,13.97,55.56,3.1,0.0,0.0,6.21,0.0,3.1,7.76,80.0,3.1,100.0,1.55,100.0,3.1,50.0,7.76,80.0,0.0,0.0,13.24,0.0,0.0,0.0,0.0,0.0,1.55,100.0,0.0,0.0,0.0,1.55,100.0,1.55,100.0,1.55,0.0,1.55,100.0,0,,0,,0,0.0,0.0,0.0,,,0.0,,,0.0,0.0,0.0,0.0,0,0.0
K. Bilić,Segesta Sisak,Šibenik,LCB,32,50000,2026-06-30,23,2035,2,1.13,1,0.25,15.17,63.56,Croatia,Croatia,left,188,85,no,12.21,6.24,65.25,4.73,65.42,0.57,0.66,1.19,7.56,8.74,0.57,6,0.27,0,0.0,0.53,0.09,2,0.09,0.05,1,0.04,10,0.44,30.0,20.0,0.04,0.31,42.86,0.22,60.0,0.09,0.0,0.09,0.57,38.46,1.68,57.89,0.93,0.53,0.13,19.72,0.57,1.02,32.68,77.4,18.62,69.36,1.59,94.44,9.64,91.74,26.98,85.9,5.4,36.89,22.39,37.78,0.01,0.09,0.0,0.04,0.04,100.0,0.04,4.11,60.22,0.49,45.45,0.4,22.22,0.13,0.13,9.24,62.68,0,,0,,0,0.0,0.0,0.0,,,1.15,,,0.0,0.0,0.0,0.0,0,0.0
F. Hlevnjak,NK Koprivnica,Slaven Belupo,"RCB, RB, RWB",25,50000,2026-06-30,5,363,0,0.01,0,0.15,14.63,62.71,Croatia,Croatia,right,186,79,yes,10.91,8.18,75.76,2.73,45.45,0.74,1.0,0.25,3.97,5.33,0.99,0,0.0,0,0.0,1.24,0.0,0,0.0,0.0,0,0.0,1,0.25,0.0,0.0,0.0,1.98,50.0,0.0,0.0,1.98,50.0,0.25,0.5,50.0,0.99,50.0,0.99,0.25,0.25,35.95,1.49,0.74,48.84,79.7,22.56,73.63,4.21,82.35,18.35,87.84,40.66,86.59,6.2,44.0,19.95,29.07,0.04,0.5,0.0,0.0,0.5,0.0,0.25,6.69,48.15,3.72,33.33,1.74,14.29,0.5,0.99,9.17,78.38,0,,0,,0,0.0,0.0,0.0,,,0.99,,,0.0,0.0,0.0,0.0,0,0.0
A. Cvetkovic,Penybont,Hrvatski Dragovoljac,"CF, LCMF, RCMF",29,50000,,15,334,0,0.16,0,0.44,23.44,34.48,England,England,both,185,0,no,7.81,9.43,34.29,2.69,50.0,1.35,1.74,0.27,3.23,4.19,2.69,3,0.81,0,0.0,2.16,0.0,0,0.0,0.04,0,0.0,5,1.35,20.0,0.0,0.0,0.54,50.0,0.27,100.0,0.27,0.0,0.27,3.77,42.86,4.85,38.89,1.35,0.54,0.54,18.32,1.08,0.27,27.75,72.82,8.62,43.75,6.74,84.0,8.35,80.65,23.44,78.16,3.77,42.86,15.54,15.11,0.12,1.08,0.0,0.0,0.0,0.0,0.54,4.04,66.67,1.08,25.0,1.08,25.0,0.54,0.27,4.31,43.75,0,,0,,0,0.0,0.0,0.0,,,0.0,,,0.54,0.0,0.0,0.54,0,0.0
D. Daničić,Priboj,Istra 1961,"LB, LWB",26,50000,,12,449,0,0.19,1,1.36,14.83,50.0,Croatia,"Croatia, Serbia",left,186,0,no,5.61,5.81,51.72,2.81,50.0,0.6,0.88,0.0,2.0,2.94,1.4,3,0.6,0,0.0,3.81,0.0,0,0.0,0.04,0,0.0,4,0.8,0.0,0.0,0.2,4.61,34.78,4.61,34.78,0.0,0.0,0.6,3.01,73.33,4.61,60.87,1.2,1.8,0.4,36.08,1.4,0.6,44.9,77.23,17.04,72.94,9.62,89.58,12.83,73.44,37.68,85.64,3.21,25.0,20.25,24.67,0.27,0.8,0.0,0.0,0.0,0.0,0.8,6.01,63.33,2.81,28.57,0.0,0.0,0.0,1.4,9.02,73.33,0,,0,,0,0.0,0.0,0.0,,,0.6,,,0.6,0.2,0.0,1.6,0,0.0
D. Grdić,Dandenong City,Šibenik,RCB,24,50000,,7,488,0,0.0,0,0.0,15.49,61.9,Croatia,"Croatia, Australia",right,190,72,no,13.46,8.48,60.87,3.69,70.0,0.55,0.64,1.29,7.75,9.0,1.11,2,0.37,0,0.0,0.18,0.0,0,0.0,0.0,0,0.0,0,0.0,0.0,0.0,0.0,0.0,0.0,0.0,0.0,0.0,0.0,0.0,0.0,0.0,0.92,40.0,0.0,1.29,0.18,15.12,0.18,0.37,28.4,74.68,12.36,59.7,2.4,76.92,10.33,89.29,22.87,83.87,5.53,36.67,19.23,31.06,0.0,0.0,0.0,0.0,0.37,50.0,0.0,3.87,42.86,0.18,0.0,0.37,0.0,0.0,0.0,5.35,41.38,0,,0,,0,0.0,0.0,0.0,,,1.84,,,0.0,0.0,0.0,0.0,0,0.0
I. Čović,Slaven Belupo,Slaven Belupo,GK,35,50000,,17,1657,0,0.0,0,0.0,0.92,87.5,Croatia,Croatia,right,195,85,no,1.55,0.0,0.0,0.63,100.0,0.06,0.07,0.0,1.49,1.79,0.0,2,0.11,0,0.0,0.0,0.0,0,0.0,0.0,0,0.0,0,0.0,0.0,0.0,0.0,0.0,0.0,0.0,0.0,0.0,0.0,0.0,0.0,0.0,0.11,100.0,0.0,0.0,0.0,8.62,0.11,0.17,15.45,88.48,9.36,82.21,0.0,0.0,5.34,98.92,8.96,98.08,6.43,75.0,34.37,48.93,0.0,0.0,0.0,0.06,0.0,0.0,0.0,1.72,63.33,0.06,0.0,0.06,100.0,0.0,0.0,5.46,82.11,25,1.44,66,3.79,2,62.12,22.69,1.3,-2.31,-0.133,0.0,1.09,0.63,,,,0.0,0,0.0
J. Kvesić,Sloga Doboj,Šibenik,"LB, LWB",35,50000,2027-05-31,27,1846,0,0.22,0,1.54,17.11,47.29,Bosnia and Herzegovina,"Bosnia and Herzegovina, Croatia",left,179,72,no,9.41,8.04,56.97,2.54,44.23,0.29,0.35,0.68,4.53,5.42,0.93,5,0.24,0,0.0,2.58,0.0,0,0.0,0.01,0,0.0,7,0.34,14.29,0.0,0.0,3.8,34.62,3.71,34.21,0.1,50.0,0.44,2.73,42.86,4.39,38.89,0.73,1.71,0.49,20.62,2.29,0.34,30.96,71.34,11.16,62.01,5.51,94.69,9.46,70.1,23.6,82.02,3.8,37.18,20.11,31.03,0.07,0.49,0.15,0.0,0.24,20.0,0.39,3.75,58.44,3.12,48.44,0.49,20.0,0.24,1.32,6.92,66.9,0,,0,,0,0.0,0.0,0.0,,,0.59,,,0.05,0.0,0.0,0.0,0,0.0
A. Benić,Bijelo Brdo,Šibenik,"RAMF, RB",26,50000,2027-05-31,4,62,0,0.0,0,0.0,26.13,27.78,Croatia,Croatia,right,180,0,no,7.26,11.61,25.0,0.0,0.0,1.45,2.5,0.0,2.9,5.0,1.45,0,0.0,0,0.0,4.35,0.0,0,0.0,0.0,0,0.0,0,0.0,0.0,0.0,0.0,0.0,0.0,0.0,0.0,0.0,0.0,0.0,5.81,75.0,13.06,33.33,0.0,0.0,1.45,5.81,2.9,4.35,7.26,40.0,2.9,0.0,0.0,0.0,4.35,66.67,5.81,50.0,1.45,0.0,13.88,16.74,0.0,0.0,0.0,0.0,0.0,0.0,0.0,1.45,0.0,1.45,0.0,0.0,0.0,0.0,0.0,1.45,0.0,0,,0,,0,0.0,0.0,0.0,,,0.0,,,0.0,0.0,0.0,0.0,0,0.0
T. Turčin,,Hrvatski Dragovoljac,"RW, LW",29,25000,,12,635,0,0.37,0,0.04,12.33,34.48,Croatia,Croatia,right,179,77,no,4.54,4.96,48.57,0.99,14.29,0.28,0.3,0.0,1.84,1.97,0.43,2,0.28,0,0.0,0.99,0.0,0,0.0,0.05,0,0.0,5,0.71,20.0,0.0,0.0,0.99,0.0,0.0,0.0,0.99,0.0,0.0,1.13,62.5,3.69,26.92,1.98,0.99,0.85,10.49,1.98,0.14,17.01,66.67,4.11,55.17,4.39,80.65,4.39,67.74,15.02,71.7,0.99,57.14,14.85,9.33,0.01,0.43,0.0,0.0,0.14,100.0,0.28,1.28,22.22,0.71,20.0,0.14,100.0,0.28,0.0,2.41,52.94,0,,0,,0,0.0,0.0,0.0,,,0.14,,,0.0,0.0,0.0,0.0,0,0.0
S. Eduok,,Hajduk Split,"RAMF, RW",32,0,,4,129,1,0.78,0,0.09,16.74,33.33,Nigeria,Nigeria,left,180,80,no,4.19,3.49,60.0,1.4,0.0,0.0,0.0,0.0,2.09,3.6,0.0,0,0.0,0,0.0,5.58,0.7,1,0.7,0.55,0,0.0,5,3.49,20.0,20.0,0.0,4.88,42.86,0.0,0.0,4.88,42.86,0.0,6.98,10.0,10.47,26.67,3.49,1.4,0.0,27.91,0.7,0.0,40.47,77.59,9.77,71.43,11.16,87.5,14.65,80.95,34.19,81.63,2.09,66.67,16.49,33.49,0.06,1.4,0.0,0.0,2.09,100.0,0.7,4.88,71.43,6.28,88.89,2.09,100.0,2.79,2.09,9.77,78.57,0,,0,,0,0.0,0.0,0.0,,,0.0,,,0.0,0.0,0.0,0.0,0,0.0
L. Ivanušec,PAOK,Dinamo Zagreb,"AMF, LCMF",27,0,2028-06-30,27,2172,3,4.62,3,1.93,18.72,48.5,Croatia,Croatia,right,175,76,no,4.8,4.06,64.89,1.64,18.42,0.13,0.21,0.09,2.03,3.35,0.69,2,0.08,0,0.0,5.49,0.12,3,0.13,0.2,0,0.0,49,2.12,34.69,6.122,0.13,1.69,20.51,0.78,27.78,0.86,15.0,0.22,5.49,68.5,11.2,48.26,2.77,4.06,1.6,35.58,1.12,0.78,50.88,86.32,13.44,82.64,9.6,93.69,19.32,85.68,46.82,90.21,2.46,54.39,16.69,32.33,0.08,1.17,0.04,0.09,1.25,51.72,0.3,6.44,83.22,3.03,62.86,1.21,42.86,1.56,0.35,6.27,84.14,0,,0,,0,0.0,0.0,0.0,,,0.09,,,0.09,0.0,0.0,0.52,0,0.0
J. Šutalo,Ajax,Dinamo Zagreb,"CB, RCB",26,0,2028-06-30,28,2546,2,2.54,2,0.26,14.95,62.75,Bosnia and Herzegovina,"Bosnia and Herzegovina, Croatia",right,185,82,no,9.89,5.42,75.68,3.66,67.0,0.15,0.24,0.33,5.64,9.2,0.77,2,0.07,0,0.0,0.81,0.07,2,0.07,0.09,2,0.07,11,0.4,36.36,18.182,0.07,0.11,66.67,0.0,0.0,0.11,66.67,0.0,0.88,66.67,2.6,39.44,0.7,0.95,0.18,44.85,0.33,0.66,62.52,91.97,20.67,82.98,2.57,97.14,33.53,97.6,57.94,95.07,4.54,52.42,20.56,37.67,0.01,0.11,0.04,0.04,0.04,0.0,0.07,5.06,72.46,0.37,50.0,0.4,36.36,0.26,0.07,7.26,69.7,0,,0,,0,0.0,0.0,0.0,,,1.58,,,0.0,0.0,0.0,0.0,0,0.0
M. Vušković,,Hajduk Split,RCB,24,0,,3,194,0,0.29,0,0.0,11.6,68.0,Croatia,Croatia,right,189,80,no,6.49,5.57,58.33,2.78,66.67,0.46,0.68,0.0,2.78,4.09,0.46,1,0.46,0,0.0,1.39,0.0,0,0.0,0.13,0,0.0,2,0.93,100.0,0.0,0.0,0.0,0.0,0.0,0.0,0.0,0.0,0.0,0.46,100.0,0.93,50.0,0.93,0.0,0.0,43.61,0.93,0.0,58.92,91.34,24.59,81.13,2.78,100.0,27.37,98.31,50.1,97.22,8.81,57.89,21.28,36.4,0.0,0.46,0.0,0.0,0.0,0.0,0.0,6.49,57.14,0.0,0.0,0.46,0.0,0.0,0.0,8.35,77.78,0,,0,,0,0.0,0.0,0.0,,,2.32,,,0.0,0.0,0.0,0.0,0,0.0
I. Lepinjica,Sabah,Rijeka,"DMF, RCMF, LDMF",26,0,2027-06-30,22,992,1,1.19,0,0.43,20.61,50.67,Croatia,Croatia,left,190,80,no,10.81,8.59,54.84,3.51,73.68,0.83,1.06,0.55,5.27,6.73,1.66,2,0.18,0,0.0,1.39,0.09,1,0.09,0.11,1,0.09,8,0.74,25.0,12.5,0.0,0.18,100.0,0.0,0.0,0.18,100.0,0.09,1.11,58.33,4.62,28.0,0.55,1.11,0.18,40.1,0.28,0.55,54.89,86.2,16.91,69.95,8.96,98.97,21.34,93.51,48.6,89.16,6.19,62.69,18.15,30.89,0.04,0.37,0.09,0.0,0.55,66.67,0.18,9.06,72.45,0.65,42.86,1.11,50.0,0.46,0.18,8.22,73.03,0,,0,,0,0.0,0.0,0.0,,,0.46,,,0.0,0.0,0.0,0.09,0,0.0
R. Pukštas,Hajduk Split,Hajduk Split,RCMF,21,0,2027-05-31,1,84,0,0.07,0,0.0,18.21,47.06,United States,"United States, Lithuania",right,181,75,no,10.71,6.43,33.33,2.14,0.0,4.29,6.32,0.0,4.29,6.32,2.14,0,0.0,0,0.0,3.21,0.0,0,0.0,0.07,0,0.0,2,2.14,0.0,0.0,0.0,1.07,100.0,1.07,100.0,0.0,0.0,0.0,2.14,100.0,5.36,80.0,2.14,4.29,0.0,27.86,1.07,1.07,38.57,80.56,12.86,66.67,4.29,100.0,10.71,100.0,35.36,81.82,2.14,50.0,14.7,47.85,0.0,0.0,0.0,0.0,1.07,0.0,0.0,6.43,66.67,3.21,66.67,1.07,0.0,3.21,1.07,5.36,100.0,0,,0,,0,0.0,0.0,0.0,,,0.0,,,0.0,0.0,0.0,0.0,0,0.0
R. Brajković,Hajduk Split,Hajduk Split,LCMF,20,0,2029-06-30,1,14,0,0.0,0,0.0,,,Croatia,Croatia,right,176,68,no,,,,,,,0.0,,,15.0,,0,,0,,,,0,,,0,,0,,,0.0,,,,,,,,,,,,,,,,,,,,,,,,,,,,,,,0.0,0.0,,,,,,,,,,,,,,,,,,0,,0,,0,0.0,0.0,,,,,,,,,,,0,0.0
M. Baturina,Como,Dinamo Zagreb,"RCMF, AMF",23,0,2030-06-30,13,393,2,1.04,3,1.45,29.54,40.31,Croatia,Croatia,right,172,68,no,6.41,7.56,63.64,2.75,16.67,0.46,0.73,0.0,1.15,1.83,0.92,0,0.0,0,0.0,4.35,0.46,2,0.46,0.24,0,0.0,8,1.83,50.0,25.0,0.69,1.83,25.0,0.0,0.0,1.83,25.0,0.23,6.64,41.38,16.03,35.71,4.35,4.12,2.52,31.15,0.46,1.6,43.51,84.21,11.91,76.92,7.33,100.0,16.49,81.94,39.85,87.36,1.83,75.0,17.45,13.01,0.33,0.92,0.23,0.0,0.69,33.33,1.15,6.18,85.19,1.83,37.5,0.69,33.33,1.37,0.46,5.95,76.92,0,,0,,0,0.0,0.0,0.0,,,0.23,,,0.0,0.0,0.0,0.92,0,0.0
M. Gavranović,,Dinamo Zagreb,CF,36,0,,3,237,1,1.68,0,0.88,17.47,34.78,Switzerland,"Switzerland, Croatia",right,175,76,no,3.42,2.28,50.0,4.18,9.09,0.0,0.0,0.38,2.28,4.09,1.14,0,0.0,0,0.0,4.18,0.38,1,0.38,0.64,0,0.0,7,2.66,42.86,14.286,0.0,1.14,33.33,0.38,0.0,0.76,50.0,0.0,3.8,70.0,7.97,42.86,5.32,0.38,0.38,16.71,1.14,1.14,23.16,70.49,6.46,52.94,5.7,86.67,4.56,91.67,22.03,72.41,0.0,0.0,12.14,0.0,0.33,1.14,0.76,0.0,2.66,0.0,0.76,2.66,71.43,1.14,33.33,2.66,0.0,1.14,0.38,1.14,66.67,0,,0,,0,0.0,0.0,0.0,,,0.0,,,0.0,0.0,0.0,0.0,0,0.0
S. Ristovski,Sarajevo,Dinamo Zagreb,"RB, RWB, RCB",34,0,2027-06-30,30,2482,1,0.63,4,2.98,14.68,51.49,North Macedonia,North Macedonia,right,183,75,no,8.69,5.92,58.9,2.33,45.31,0.29,0.45,0.33,4.91,7.56,0.69,4,0.15,0,0.0,2.44,0.04,1,0.04,0.02,0,0.0,14,0.51,21.43,7.143,0.15,3.74,36.89,0.0,0.0,3.71,37.25,0.36,1.24,55.88,3.67,49.5,1.05,0.95,0.36,43.62,2.76,1.38,54.63,84.9,14.14,76.09,10.11,95.68,21.99,83.97,45.8,91.98,5.2,55.94,19.46,36.92,0.11,0.91,0.04,0.07,0.33,77.78,0.65,5.85,72.67,3.96,51.38,0.8,50.0,0.98,1.31,9.92,81.68,0,,0,,0,0.0,0.0,0.0,,,0.76,,,0.04,0.0,0.0,0.0,0,0.0
D. Velkovski,Vardar,Rijeka,"CB, LCB, RCB",30,0,2027-06-30,30,2645,1,1.1,2,0.33,16.66,65.54,North Macedonia,North Macedonia,right,188,83,no,11.66,7.15,72.41,3.7,63.81,0.35,0.45,0.53,6.13,7.77,0.7,2,0.07,0,0.0,0.74,0.03,1,0.04,0.04,1,0.04,6,0.21,50.0,16.667,0.07,0.04,100.0,0.0,0.0,0.04,100.0,0.0,1.02,55.17,2.22,55.56,0.35,0.77,0.25,39.31,0.32,1.02,56.4,86.63,22.79,74.81,2.08,94.92,28.07,96.24,47.84,92.64,8.52,52.89,23.08,40.62,0.01,0.07,0.04,0.0,0.14,25.0,0.07,7.71,59.82,0.6,47.06,0.92,34.62,0.25,0.04,10.18,74.05,0,,0,,0,0.0,0.0,0.0,,,1.09,,,0.07,0.0,0.0,0.0,0,0.0
L. Brlek,,Gorica,RW,22,0,,1,5,0,0.0,0,0.0,,,Croatia,Croatia,left,172,64,no,,,,,,,0.0,,,0.0,,0,,0,,,,0,,,0,,0,,,0.0,,,,,,,,,,,,,,,,,,,,,,,,,,,,,,,0.0,0.0,,,,,,,,,,,,,,,,,,0,,0,,0,0.0,0.0,,,,,,,,,,,0,0.0
A. Maurić,Istra 1961,Istra 1961,"RDMF, LCMF",22,0,2027-06-30,3,32,0,0.0,0,0.0,,,Croatia,Croatia,left,187,82,no,,,,,,,5.0,,,10.0,,0,,0,,,,0,,,0,,0,,,0.0,,,,,,,,,,,,,,,,,,,,,,,,,,,,,,,41.54,34.62,,,,,,,,,,,,,,,,,,0,,0,,0,0.0,0.0,,,,,,,,,,,0,0.0
V. Skrbin,Brinje-Grosuplje,Gorica,"RDMF, AMF",23,0,2026-06-30,2,53,0,0.0,0,0.24,20.38,58.33,Croatia,Croatia,right,183,79,yes,8.49,6.79,75.0,5.09,66.67,0.0,0.0,0.0,3.4,10.0,0.0,0,0.0,0,0.0,0.0,0.0,0,0.0,0.0,0,0.0,0,0.0,0.0,0.0,0.0,0.0,0.0,0.0,0.0,0.0,0.0,0.0,0.0,0.0,5.09,33.33,3.4,0.0,0.0,6.79,0.0,0.0,11.89,71.43,3.4,0.0,0.0,0.0,1.7,100.0,11.89,71.43,0.0,0.0,10.49,0.0,0.41,1.7,0.0,0.0,1.7,0.0,1.7,1.7,0.0,0.0,0.0,1.7,0.0,1.7,0.0,1.7,0.0,0,,0,,0,0.0,0.0,0.0,,,0.0,,,0.0,0.0,0.0,0.0,0,0.0
D. Condric,Croatia Zmijavci,Lokomotiva Zagreb,LCB,22,0,,1,11,0,0.0,0,0.0,,,Croatia,Croatia,left,190,0,no,,,,,,,0.0,,,0.0,,0,,0,,,,0,,,0,,0,,,0.0,,,,,,,,,,,,,,,,,,,,,,,,,,,,,,,0.0,0.0,,,,,,,,,,,,,,,,,,0,,0,,0,0.0,0.0,,,,,,,,,,,0,0.0
L. Nezirović,,Gorica,LCMF,21,0,,1,7,0,0.0,0,0.0,,,Croatia,Croatia,right,0,0,no,,,,,,,0.0,,,0.0,,0,,0,,,,0,,,0,,0,,,0.0,,,,,,,,,,,,,,,,,,,,,,,,,,,,,,,25.78,0.0,,,,,,,,,,,,,,,,,,0,,0,,0,0.0,0.0,,,,,,,,,,,0,0.0
D. Sim,Arsenal Tivat,Gorica,RB,22,0,,1,13,0,0.0,0,0.0,,,Croatia,Croatia,right,178,0,yes,,,,,,,0.0,,,15.0,,0,,0,,,,0,,,0,,0,,,0.0,,,,,,,,,,,,,,,,,,,,,,,,,,,,,,,20.78,53.91,,,,,,,,,,,,,,,,,,0,,0,,0,0.0,0.0,,,,,,,,,,,0,0.0
K. Špeljak,Jarun,Lokomotiva Zagreb,RW,23,0,,1,0,0,0.0,0,0.0,,,Croatia,Croatia,right,176,70,no,,,,,,,0.0,,,0.0,,0,,0,,,,0,,,0,,0,,,0.0,,,,,,,,,,,,,,,,,,,,,,,,,,,,,,,0.0,0.0,,,,,,,,,,,,,,,,,,0,,0,,0,0.0,0.0,,,,,,,,,,,0,0.0
A. Smakaj,LASK,Lokomotiva Zagreb,"RCMF, RDMF",23,0,2028-06-30,3,97,0,0.15,0,0.05,16.7,38.89,Croatia,"Croatia, Kosovo",right,184,68,no,5.57,7.42,50.0,0.93,100.0,0.0,0.0,0.93,1.86,2.73,3.71,1,0.93,0,0.0,1.86,0.0,0,0.0,0.14,0,0.0,2,1.86,50.0,0.0,0.0,1.86,50.0,0.0,0.0,1.86,50.0,0.0,0.93,0.0,6.49,28.57,1.86,0.93,0.0,25.05,0.93,1.86,33.4,80.56,9.28,80.0,4.64,80.0,12.99,85.71,31.55,82.35,0.0,0.0,10.61,0.0,0.05,0.93,0.0,0.0,0.0,0.0,0.0,3.71,75.0,0.93,100.0,0.0,0.0,0.0,0.93,3.71,75.0,0,,0,,0,0.0,0.0,0.0,,,0.0,,,0.0,0.0,0.0,0.0,0,0.0
M. Tomić,,Istra 1961,"RW, LCMF",23,0,,1,66,0,0.0,0,0.0,17.73,38.46,Croatia,Croatia,left,185,78,no,1.36,0.0,0.0,2.73,0.0,0.0,0.0,0.0,1.36,2.73,0.0,0,0.0,0,0.0,0.0,0.0,0,0.0,0.0,0,0.0,0,0.0,0.0,0.0,0.0,0.0,0.0,0.0,0.0,0.0,0.0,0.0,0.0,0.0,12.27,44.44,0.0,0.0,0.0,45.0,2.73,1.36,55.91,78.05,13.64,60.0,17.73,92.31,15.0,81.82,47.73,80.0,8.18,66.67,20.35,38.65,0.0,0.0,0.0,0.0,1.36,0.0,0.0,6.82,60.0,4.09,0.0,1.36,0.0,0.0,0.0,9.55,57.14,0,,0,,0,0.0,0.0,0.0,,,0.0,,,0.0,0.0,0.0,0.0,0,0.0
F. Krivak,Sigma Olomouc,Lokomotiva Zagreb,"AMF, LW",21,0,2030-06-30,3,15,0,0.0,0,0.0,,,Croatia,Croatia,left,180,70,no,,,,,,,0.0,,,0.0,,0,,0,,,,0,,,0,,0,,,0.0,,,,,,,,,,,,,,,,,,,,,,,,,,,,,,,9.25,0.0,,,,,,,,,,,,,,,,,,0,,0,,0,0.0,0.0,,,,,,,,,,,0,0.0
B. Djukić,,Istra 1961,CF,26,0,,1,4,0,0.0,0,0.0,,,Bosnia and Herzegovina,Bosnia and Herzegovina,left,185,0,no,,,,,,,0.0,,,0.0,,0,,0,,,,0,,,0,,0,,,0.0,,,,,,,,,,,,,,,,,,,,,,,,,,,,,,,0.0,0.0,,,,,,,,,,,,,,,,,,0,,0,,0,0.0,0.0,,,,,,,,,,,0,0.0
L. Moura,,Istra 1961,CF,23,0,,4,54,0,0.06,0,0.0,30.0,44.44,Brazil,"Brazil, Portugal",right,187,78,no,5.0,6.67,75.0,16.67,30.0,0.0,0.0,0.0,0.0,0.0,3.33,0,0.0,0,0.0,1.67,0.0,0,0.0,0.1,0,0.0,1,1.67,0.0,0.0,0.0,0.0,0.0,0.0,0.0,0.0,0.0,0.0,3.33,50.0,5.0,66.67,6.67,1.67,1.67,10.0,1.67,1.67,8.33,60.0,1.67,100.0,5.0,66.67,1.67,0.0,8.33,60.0,0.0,0.0,3.04,0.0,0.0,0.0,0.0,0.0,0.0,0.0,0.0,0.0,0.0,0.0,0.0,0.0,0.0,0.0,0.0,0.0,0.0,0,,0,,0,0.0,0.0,0.0,,,0.0,,,0.0,0.0,0.0,0.0,0,0.0
I. Aliyu,Houston Dynamo,Lokomotiva Zagreb,"RAMF, RW",24,0,2026-12-31,34,2816,7,7.07,5,5.2,27.54,39.88,Nigeria,Nigeria,right,184,75,no,6.43,6.46,52.55,4.39,37.59,0.2,0.26,0.0,2.84,3.73,1.62,6,0.19,1,0.03,3.86,0.22,6,0.2,0.23,1,0.03,59,1.95,32.2,10.169,0.16,2.11,29.69,0.03,0.0,2.08,30.16,0.13,5.18,50.32,13.03,35.19,4.02,2.21,0.86,15.93,1.75,0.86,23.91,73.24,6.43,65.64,5.8,89.77,5.94,67.78,21.04,79.47,0.96,34.48,15.0,23.85,0.17,1.29,0.07,0.03,0.16,0.0,0.59,1.65,58.0,2.08,39.68,0.23,0.0,0.86,0.56,3.79,57.39,0,,0,,0,0.0,0.0,0.0,,,0.0,,,0.0,0.0,0.0,0.0,0,0.0
L. Matasović,,Lokomotiva Zagreb,GK,24,0,,1,97,0,0.0,0,0.0,0.93,0.0,Croatia,Croatia,,191,0,no,1.86,0.93,0.0,0.0,0.0,0.0,0.0,0.93,1.86,2.22,0.93,0,0.0,0,0.0,0.0,0.0,0,0.0,0.0,0,0.0,0,0.0,0.0,0.0,0.0,0.0,0.0,0.0,0.0,0.0,0.0,0.0,0.0,0.0,0.0,0.0,0.0,0.0,0.0,8.35,0.0,0.0,15.77,94.12,7.42,87.5,0.0,0.0,7.42,100.0,11.13,100.0,4.64,80.0,31.97,56.22,0.0,0.0,0.0,0.0,0.0,0.0,0.0,1.86,50.0,0.0,0.0,0.0,0.0,0.0,0.0,3.71,100.0,1,0.93,3,2.78,0,66.67,0.88,0.82,-0.12,-0.111,0.0,1.86,0.0,,,,0.0,0,0.0
J. Debijadi,NŠ Drava,Gorica,GK,26,0,,1,94,0,0.0,0,0.0,0.0,0.0,Croatia,Croatia,right,191,84,no,2.87,0.0,0.0,0.0,0.0,0.0,0.0,0.0,2.87,3.0,0.0,0,0.0,0,0.0,0.0,0.0,0,0.0,0.0,0,0.0,0,0.0,0.0,0.0,0.0,0.0,0.0,0.0,0.0,0.0,0.0,0.0,0.0,0.0,0.0,0.0,0.0,0.0,0.0,18.19,0.0,0.0,28.72,76.67,15.32,68.75,0.0,0.0,8.62,88.89,17.23,94.44,10.53,54.55,30.04,42.36,0.0,0.0,0.0,0.0,0.0,0.0,0.0,1.91,0.0,0.0,0.0,0.0,0.0,0.0,0.0,5.74,66.67,2,1.91,3,2.87,0,33.33,0.87,0.84,-1.13,-1.082,0.0,0.0,0.0,,,,0.0,0,0.0
L. Išlić,,Lokomotiva Zagreb,RDMF,23,0,,1,5,0,0.0,0,0.0,,,Croatia,Croatia,left,180,0,no,,,,,,,0.0,,,30.0,,0,,0,,,,0,,,0,,0,,,0.0,,,,,,,,,,,,,,,,,,,,,,,,,,,,,,,15.4,0.0,,,,,,,,,,,,,,,,,,0,,0,,0,0.0,0.0,,,,,,,,,,,0,0.0
M. Maleš,,Lokomotiva Zagreb,"RDMF, RCMF, LDMF",37,0,,19,732,0,0.16,0,0.24,25.08,46.08,Croatia,Croatia,right,186,80,no,11.19,8.48,52.17,4.55,45.95,1.23,1.61,0.86,5.53,7.26,3.32,4,0.49,0,0.0,1.11,0.0,0,0.0,0.02,0,0.0,7,0.86,14.29,0.0,0.0,0.49,100.0,0.0,0.0,0.37,100.0,0.0,0.98,37.5,5.16,35.71,0.0,1.23,0.49,25.08,0.12,0.86,42.17,85.42,11.8,73.96,7.5,90.16,15.12,91.06,38.48,89.14,3.2,38.46,15.76,22.59,0.03,0.61,0.0,0.0,0.12,100.0,0.0,4.06,69.7,1.11,88.89,0.49,75.0,0.49,0.49,6.15,48.0,0,,0,,0,0.0,0.0,0.0,,,0.74,,,0.25,0.0,0.0,0.12,0,0.0
M. Dvorneković,,Gorica,"RW, RAMF, RB",37,0,,15,455,1,0.51,2,1.13,18.79,45.26,Croatia,Croatia,right,177,72,no,6.33,4.95,44.0,3.96,20.0,0.79,1.19,0.2,3.36,5.05,1.19,0,0.0,0,0.0,3.36,0.2,1,0.2,0.1,0,0.0,3,0.59,100.0,33.333,0.4,3.16,37.5,0.2,0.0,2.97,40.0,0.2,2.18,72.73,7.12,55.56,3.16,0.79,0.2,20.97,1.78,2.37,27.89,73.76,7.71,56.41,4.75,83.33,9.49,81.25,22.75,81.74,2.18,45.45,18.75,18.39,0.22,1.38,0.0,0.0,0.4,0.0,0.79,3.36,70.59,2.18,54.55,0.4,0.0,0.79,0.99,5.74,72.41,0,,0,,0,0.0,0.0,0.0,,,0.0,,,0.0,0.0,0.0,0.0,0,0.0
M. Musa,,Lokomotiva Zagreb,LB,35,0,,2,36,0,0.0,0,0.0,,,Croatia,Croatia,left,183,72,no,,,,,,,3.75,,,7.5,,0,,0,,,,0,,,0,,0,,,0.0,,,,,,,,,,,,,,,,,,,,,,,,,,,,,,,19.86,28.87,,,,,,,,,,,,,,,,,,0,,0,,0,0.0,0.0,,,,,,,,,,,0,0.0
A. Asanović,,Šibenik,"RCB, CB, LCB",34,0,,6,332,0,0.0,0,0.0,9.22,55.88,Croatia,"Croatia, France",right,194,89,no,8.13,2.98,54.55,4.61,64.71,0.0,0.0,1.63,6.51,7.35,1.36,2,0.54,0,0.0,0.0,0.0,0,0.0,0.0,0,0.0,0,0.0,0.0,0.0,0.0,0.0,0.0,0.0,0.0,0.0,0.0,0.0,0.0,0.0,0.27,100.0,0.54,0.27,0.0,16.54,0.27,0.27,24.94,81.52,9.76,66.67,1.63,83.33,12.74,91.49,21.42,91.14,3.52,23.08,22.64,28.53,0.0,0.0,0.0,0.0,0.0,0.0,0.0,2.98,45.45,0.54,0.0,0.54,0.0,0.0,0.0,3.8,50.0,0,,0,,0,0.0,0.0,0.0,,,1.08,,,0.0,0.0,0.0,0.0,0,0.0
V. Vuco,,Hrvatski Dragovoljac,"RCMF, LCMF, DMF",29,0,,8,380,0,0.18,0,0.01,14.68,45.16,Croatia,Croatia,right,187,82,no,6.87,6.63,35.71,2.61,72.73,0.71,0.78,0.71,3.79,4.14,1.89,2,0.47,0,0.0,0.71,0.0,0,0.0,0.04,0,0.0,2,0.47,0.0,0.0,0.0,0.71,66.67,0.0,0.0,0.71,66.67,0.0,0.47,50.0,2.37,30.0,0.71,0.47,0.47,16.82,0.0,0.24,29.37,82.26,9.71,65.85,4.74,100.0,10.18,83.72,22.26,92.55,6.39,48.15,21.14,41.11,0.0,0.47,0.0,0.0,0.0,0.0,0.24,4.74,55.0,1.18,40.0,0.24,0.0,0.24,0.47,5.45,73.91,0,,0,,0,0.0,0.0,0.0,,,0.47,,,0.0,0.0,0.0,0.0,0,0.0
T. Valentić,Marsonia,Hrvatski Dragovoljac,LB,32,0,,5,486,0,0.06,2,0.19,10.19,40.0,Croatia,Croatia,left,184,76,no,5.56,3.52,47.37,2.04,36.36,0.0,0.0,0.56,3.89,3.42,0.37,0,0.0,0,0.0,2.41,0.0,0,0.0,0.01,0,0.0,1,0.19,100.0,0.0,0.37,2.96,37.5,2.96,37.5,0.0,0.0,0.74,1.67,55.56,2.41,46.15,0.37,0.56,0.56,17.04,1.85,0.19,23.89,67.44,10.37,60.71,3.15,100.0,7.41,75.0,17.78,77.08,3.15,41.18,20.84,25.49,0.04,0.56,0.0,0.0,0.37,50.0,0.93,2.96,50.0,2.96,56.25,0.37,50.0,0.56,1.48,6.48,65.71,0,,0,,0,0.0,0.0,0.0,,,0.37,,,0.0,0.0,0.0,0.0,0,0.0
P. Turković,,Hrvatski Dragovoljac,"RW, LWB, LB",29,0,,4,127,0,0.08,0,0.0,25.51,44.44,Croatia,Croatia,left,183,0,no,9.21,12.05,52.94,5.67,12.5,0.71,0.79,0.0,2.13,2.37,1.42,0,0.0,0,0.0,0.71,0.0,0,0.0,0.06,0,0.0,1,0.71,0.0,0.0,0.0,1.42,0.0,0.71,0.0,0.0,0.0,0.0,0.71,100.0,3.54,40.0,0.71,1.42,0.71,15.59,2.13,1.42,21.26,50.0,5.67,25.0,3.54,100.0,6.38,66.67,16.3,60.87,3.54,20.0,17.8,7.23,0.0,0.0,0.0,0.0,0.0,0.0,0.0,1.42,0.0,0.71,0.0,0.0,0.0,0.0,0.0,5.67,25.0,0,,0,,0,0.0,0.0,0.0,,,0.0,,,0.0,0.0,0.0,0.0,0,0.0
B. Karoglan,Inker Zaprešić U19,Hrvatski Dragovoljac,"LW, RW, RAMF",28,0,,5,94,0,0.45,0,0.32,22.98,50.0,Croatia,Croatia,right,0,0,no,10.53,13.4,57.14,0.96,100.0,1.91,2.5,0.0,0.96,1.25,0.96,0,0.0,0,0.0,1.91,0.0,0,0.0,0.43,0,0.0,1,0.96,0.0,0.0,0.0,0.96,100.0,0.0,0.0,0.96,100.0,0.0,1.91,50.0,7.66,37.5,1.91,0.96,0.96,6.7,0.96,0.96,11.49,66.67,2.87,33.33,2.87,100.0,4.79,60.0,10.53,63.64,0.0,0.0,9.94,0.0,0.3,0.96,0.0,0.0,0.96,0.0,0.96,0.96,0.0,0.0,0.0,0.96,0.0,0.0,0.96,0.96,100.0,0,,0,,0,0.0,0.0,0.0,,,0.0,,,0.0,0.0,0.0,0.96,0,0.0
L. Viduka,Zadar,Hrvatski Dragovoljac,"RW, LB",26,0,,17,1031,1,0.64,2,1.01,19.03,34.4,Croatia,Croatia,,0,0,no,7.77,7.07,45.68,3.58,29.27,0.52,0.55,0.0,4.02,4.21,0.52,2,0.17,0,0.0,1.48,0.09,1,0.09,0.06,0,0.0,11,0.96,36.36,9.091,0.17,1.4,12.5,1.13,15.38,0.26,0.0,0.0,1.48,52.94,5.76,25.76,1.66,0.52,0.35,17.81,1.66,0.44,25.84,76.69,8.29,62.11,5.59,93.75,6.37,80.82,22.61,83.01,1.92,45.45,16.44,32.0,0.09,0.7,0.0,0.0,0.7,25.0,0.26,2.44,50.0,1.66,42.11,0.79,33.33,0.7,0.17,4.28,55.1,0,,0,,0,0.0,0.0,0.0,,,0.09,,,0.26,0.0,0.0,0.7,0,0.0
S. Vego,Čapljina,Hrvatski Dragovoljac,"LWB, LB",28,0,,3,66,0,0.05,0,0.0,10.91,50.0,Germany,"Germany, Bosnia and Herzegovina",left,184,77,no,8.18,8.18,50.0,0.0,0.0,1.36,1.58,0.0,2.73,3.16,0.0,0,0.0,0,0.0,1.36,0.0,0,0.0,0.06,0,0.0,1,1.36,0.0,0.0,0.0,6.82,20.0,6.82,20.0,0.0,0.0,0.0,1.36,0.0,1.36,0.0,1.36,1.36,1.36,30.0,2.73,0.0,35.45,65.38,12.27,55.56,8.18,100.0,5.45,50.0,25.91,84.21,6.82,20.0,24.84,35.03,0.0,0.0,0.0,0.0,0.0,0.0,0.0,2.73,50.0,0.0,0.0,0.0,0.0,0.0,0.0,2.73,50.0,0,,0,,0,0.0,0.0,0.0,,,1.36,,,0.0,0.0,0.0,0.0,0,0.0
J. Šimunović,,Gorica,"LCB, RCB, CB",31,0,,8,621,0,0.15,0,0.0,13.33,56.52,Croatia,"Croatia, Bosnia and Herzegovina",right,188,81,no,9.42,4.93,61.76,5.51,47.37,0.58,0.86,0.72,5.8,8.57,0.87,3,0.43,0,0.0,0.58,0.0,0,0.0,0.02,0,0.0,2,0.29,0.0,0.0,0.0,0.29,50.0,0.0,0.0,0.29,50.0,0.0,0.43,100.0,0.87,66.67,0.29,0.58,0.0,34.35,0.0,0.14,50.29,92.22,20.0,87.68,2.9,90.0,24.64,96.47,45.36,95.21,4.64,65.63,21.05,31.12,0.0,0.0,0.0,0.29,0.14,0.0,0.0,5.07,85.71,0.29,50.0,0.14,0.0,0.14,0.14,9.13,82.54,0,,0,,0,0.0,0.0,0.0,,,2.32,,,0.0,0.0,0.0,0.0,0,0.0
D. Kotarski,København,Gorica,GK,26,0,2030-06-30,24,2298,0,0.0,0,0.0,0.59,78.57,Croatia,Croatia,right,189,80,no,1.49,0.04,0.0,0.38,88.89,0.0,0.0,0.0,1.49,2.02,0.04,1,0.04,0,0.0,0.0,0.0,0,0.0,0.0,0,0.0,0,0.0,0.0,0.0,0.0,0.0,0.0,0.0,0.0,0.0,0.0,0.0,0.0,0.0,0.04,0.0,0.04,0.0,0.0,15.81,0.13,0.0,21.37,83.1,13.94,76.22,0.0,0.0,6.71,95.57,12.58,97.3,8.8,62.8,33.5,51.82,0.0,0.0,0.0,0.0,0.0,0.0,0.0,2.12,46.0,0.25,0.0,0.13,33.33,0.0,0.0,7.18,72.78,27,1.15,112,4.76,7,75.89,30.1,1.28,3.1,0.132,0.0,1.66,0.38,,,,0.0,0,0.0
M. Marić,Omonia Nicosia,Lokomotiva Zagreb,"LDMF, RDMF, RCMF",28,0,2029-05-31,32,2994,5,2.89,0,0.72,16.61,55.04,Bosnia and Herzegovina,"Bosnia and Herzegovina, Croatia",right,180,70,no,10.75,7.19,63.36,3.16,43.14,1.24,1.62,0.34,4.96,6.49,1.55,11,0.33,0,0.0,1.58,0.15,5,0.15,0.09,2,0.06,41,1.27,26.83,12.195,0.0,0.53,41.18,0.06,0.0,0.46,46.67,0.03,1.18,76.32,3.32,52.34,1.12,0.96,0.46,37.22,0.31,1.08,52.69,88.24,15.43,75.7,8.24,96.99,20.3,94.2,47.6,91.34,4.65,62.0,17.8,36.65,0.02,0.53,0.0,0.0,0.31,40.0,0.06,7.35,71.73,1.43,52.17,0.56,27.78,0.74,0.15,6.57,77.36,0,,0,,0,0.0,0.0,0.0,,,0.71,,,0.0,0.0,0.0,0.0,0,0.0
A. Klopp,OFK Vršac,Šibenik,"RB, LB",26,0,,6,352,0,0.03,0,0.21,17.13,50.75,France,France,right,0,0,no,11.76,8.18,68.75,0.51,50.0,0.51,0.52,0.0,5.63,5.74,0.51,0,0.0,0,0.0,1.02,0.0,0,0.0,0.01,0,0.0,1,0.26,0.0,0.0,0.0,1.02,50.0,0.26,100.0,0.77,33.33,0.0,2.05,25.0,4.86,36.84,0.0,2.05,0.51,15.09,1.28,0.77,25.31,75.76,12.53,69.39,2.3,88.89,6.39,80.0,20.71,80.25,4.09,56.25,17.5,29.29,0.05,0.26,0.0,0.0,0.0,0.0,0.26,1.79,42.86,0.77,33.33,0.77,33.33,0.0,0.26,6.39,56.0,0,,0,,0,0.0,0.0,0.0,,,0.77,,,0.0,0.0,0.0,0.0,0,0.0
M. Kukoč,Croatia Zmijavci,Hrvatski Dragovoljac,"RW, RWF, LCMF",21,0,,14,378,0,0.47,0,0.17,24.76,37.5,Croatia,Croatia,right,182,0,no,9.05,8.57,55.56,3.81,37.5,2.14,2.48,0.0,2.14,2.48,1.19,1,0.24,0,0.0,0.95,0.0,0,0.0,0.11,0,0.0,7,1.67,0.0,0.0,0.0,0.24,0.0,0.0,0.0,0.24,0.0,0.0,2.62,36.36,7.38,29.03,1.43,0.71,0.0,15.24,1.19,1.43,23.57,78.79,8.33,71.43,2.86,83.33,6.67,82.14,21.67,80.22,1.9,62.5,17.62,10.15,0.04,0.48,0.0,0.0,0.0,0.0,0.24,2.62,81.82,0.48,50.0,0.24,100.0,0.24,0.0,3.81,56.25,0,,0,,0,0.0,0.0,0.0,,,0.0,,,0.0,0.0,0.0,0.0,0,0.0
I. Bikić,Uljanik,Šibenik,LCMF,20,0,2027-06-30,1,3,0,0.0,0,0.0,,,Croatia,Croatia,right,0,0,no,,,,,,,0.0,,,0.0,,0,,0,,,,0,,,0,,0,,,0.0,,,,,,,,,,,,,,,,,,,,,,,,,,,,,,,0.0,0.0,,,,,,,,,,,,,,,,,,0,,0,,0,0.0,0.0,,,,,,,,,,,0,0.0
V. Damjanić,OH Leuven,Šibenik,LDMF,20,0,2028-06-30,1,10,0,0.0,0,0.0,,,Croatia,Croatia,left,195,79,no,,,,,,,0.0,,,0.0,,0,,0,,,,0,,,0,,0,,,0.0,,,,,,,,,,,,,,,,,,,,,,,,,,,,,,,15.57,0.0,,,,,,,,,,,,,,,,,,0,,0,,0,0.0,0.0,,,,,,,,,,,0,0.0
Y. Bedoya,Boyacá Chicó,Šibenik,"AMF, RW, RAMF",24,0,,6,133,0,0.1,0,0.0,24.36,33.33,Colombia,Colombia,right,181,70,no,4.74,8.8,38.46,2.71,50.0,0.0,0.0,0.0,1.35,2.22,1.35,1,0.68,0,0.0,3.38,0.0,0,0.0,0.07,0,0.0,1,0.68,100.0,0.0,0.0,0.68,100.0,0.0,0.0,0.68,100.0,0.0,3.38,60.0,6.77,50.0,0.0,0.68,0.68,15.56,1.35,2.03,23.01,82.35,6.09,55.56,8.12,91.67,6.09,88.89,18.95,89.29,3.38,40.0,13.34,21.89,0.0,0.0,0.0,0.0,0.0,0.0,0.0,3.38,60.0,2.71,25.0,0.68,0.0,0.0,0.68,2.71,50.0,0,,0,,0,0.0,0.0,0.0,,,0.0,,,0.0,0.0,0.0,0.0,0,0.0
F. Vujnović,Udarnik Kurilovec,Istra 1961,CB,22,0,,2,36,0,0.0,0,0.0,,,Croatia,Croatia,right,0,0,no,,,,,,,3.75,,,15.0,,0,,0,,,,0,,,0,,0,,,0.0,,,,,,,,,,,,,,,,,,,,,,,,,,,,,,,12.33,15.07,,,,,,,,,,,,,,,,,,0,,0,,0,0.0,0.0,,,,,,,,,,,0,0.0
L. Perić,Hrvace,Hrvatski Dragovoljac,RWF,24,0,,1,4,0,0.0,0,0.0,,,Croatia,Croatia,,0,0,no,,,,,,,0.0,,,0.0,,0,,0,,,,0,,,0,,0,,,0.0,,,,,,,,,,,,,,,,,,,,,,,,,,,,,,,0.0,0.0,,,,,,,,,,,,,,,,,,0,,0,,0,0.0,0.0,,,,,,,,,,,0,0.0
A. Siljan,Uljanik,Istra 1961,"DMF, RCMF",24,0,,2,23,0,0.01,0,0.0,,,Croatia,Croatia,,0,0,no,,,,,,,6.0,,,6.0,,1,,0,,,,0,,,0,,1,,,0.0,,,,,,,,,,,,,,,,,,,,,,,,,,,,,,,12.19,0.0,,,,,,,,,,,,,,,,,,0,,0,,0,0.0,0.0,,,,,,,,,,,0,0.0
D. Martínez,Ska Brasil,Hrvatski Dragovoljac,LAMF,26,0,,2,59,0,0.0,0,0.0,25.93,47.06,Colombia,Colombia,,172,0,no,9.15,10.68,57.14,3.05,50.0,0.0,0.0,0.0,3.05,3.0,1.53,0,0.0,0,0.0,3.05,0.0,0,0.0,0.0,0,0.0,0,0.0,0.0,0.0,0.0,0.0,0.0,0.0,0.0,0.0,0.0,0.0,9.15,33.33,9.15,33.33,1.53,1.53,0.0,9.15,6.1,0.0,21.36,85.71,10.68,85.71,1.53,100.0,4.58,66.67,16.78,90.91,4.58,66.67,21.02,35.46,0.0,0.0,0.0,0.0,0.0,0.0,0.0,3.05,100.0,1.53,100.0,0.0,0.0,1.53,0.0,3.05,50.0,0,,0,,0,0.0,0.0,0.0,,,0.0,,,0.0,0.0,0.0,0.0,0,0.0
M. Frigan,Parma,Hrvatski Dragovoljac,"CF, RWF",23,0,2030-06-30,15,1195,3,3.23,0,1.14,24.85,38.18,Croatia,Croatia,left,185,78,no,3.54,3.09,48.78,5.5,27.4,0.45,0.48,0.08,1.58,1.68,1.05,4,0.3,0,0.0,3.77,0.23,3,0.23,0.24,0,0.0,28,2.11,46.43,10.714,0.0,0.53,28.57,0.23,66.67,0.23,0.0,0.0,3.84,62.75,12.05,42.5,2.18,1.05,0.6,11.82,1.73,2.56,18.08,70.83,4.67,53.23,4.44,88.14,4.97,74.24,16.12,74.3,1.43,47.37,17.21,27.61,0.09,0.9,0.15,0.0,0.45,50.0,0.3,2.33,45.16,1.21,56.25,0.6,25.0,0.83,0.08,2.79,64.86,0,,0,,0,0.0,0.0,0.0,,,0.0,,,0.15,0.15,50.0,0.0,0,0.0
A. Mahmoud,,Istra 1961,"AMF, LCMF",26,0,,24,1559,3,3.66,2,1.37,17.43,42.05,Mauritania,Mauritania,right,187,75,no,5.83,5.6,43.3,2.08,41.67,0.35,0.47,0.17,3.06,4.13,1.5,12,0.69,1,0.06,2.6,0.17,3,0.17,0.21,0,0.0,26,1.5,30.77,11.538,0.12,0.35,50.0,0.17,66.67,0.17,33.33,0.0,3.23,46.43,7.16,39.52,1.85,1.33,0.92,16.97,1.04,1.67,21.59,79.68,6.23,63.89,4.04,90.0,7.39,84.38,20.44,80.79,0.81,64.29,15.73,13.65,0.08,0.46,0.12,0.0,0.87,53.33,0.23,2.19,71.05,1.15,45.0,0.87,46.67,0.58,0.17,2.14,75.68,0,,0,,0,0.0,0.0,0.0,,,0.17,,,0.0,0.0,0.0,0.0,0,0.0
Gonzalo Desio,,Istra 1961,"LDMF, RDMF, RCMF",26,0,,10,224,0,0.0,0,0.0,12.05,43.33,Spain,"Spain, Argentina",right,177,58,no,10.45,6.43,43.75,1.61,25.0,0.4,0.64,0.8,7.23,11.49,2.81,1,0.4,0,0.0,0.4,0.0,0,0.0,0.0,0,0.0,1,0.4,0.0,0.0,0.0,0.0,0.0,0.0,0.0,0.0,0.0,0.0,0.4,100.0,1.21,100.0,1.21,0.0,0.0,29.73,0.0,0.8,39.38,86.73,10.45,69.23,7.63,89.47,14.87,94.59,37.77,88.3,1.61,50.0,15.9,11.53,0.0,0.0,0.0,0.0,0.0,0.0,0.0,4.42,90.91,0.8,50.0,0.0,0.0,0.4,0.0,3.62,55.56,0,,0,,0,0.0,0.0,0.0,,,0.8,,,0.0,0.0,0.0,0.0,0,0.0
F. Beloša Fijan,,Hrvatski Dragovoljac,"LW, RCMF",23,0,,3,29,0,0.0,0,0.0,,,Croatia,Croatia,,0,0,no,,,,,,,0.0,,,3.0,,0,,0,,,,0,,,0,,0,,,0.0,,,,,,,,,,,,,,,,,,,,,,,,,,,,,,,18.89,14.87,,,,,,,,,,,,,,,,,,0,,0,,0,0.0,0.0,,,,,,,,,,,0,0.0
M. Veljača,,Hrvatski Dragovoljac,"LW, LAMF, CF",24,0,,12,488,2,0.59,0,0.14,19.0,41.75,Croatia,Croatia,right,190,0,no,6.82,5.72,58.06,4.06,40.91,1.11,1.06,0.0,2.4,2.29,0.37,1,0.18,0,0.0,2.58,0.37,2,0.37,0.11,0,0.0,7,1.29,85.71,28.571,0.0,1.29,14.29,0.74,25.0,0.55,0.0,0.18,2.58,42.86,6.45,37.14,1.48,0.55,1.11,10.14,2.21,0.74,16.05,66.67,4.98,48.15,4.06,90.91,2.21,75.0,14.02,73.68,0.74,25.0,10.99,15.83,0.03,0.55,0.0,0.0,0.55,33.33,0.18,1.11,33.33,1.29,42.86,0.55,33.33,0.18,0.18,1.84,70.0,0,,0,,0,0.0,0.0,0.0,,,0.0,,,0.0,0.0,0.0,0.0,0,0.0
Marko Bašić,Almyros Gaziou,Hrvatski Dragovoljac,"RCMF, LCMF, RDMF",26,0,2026-06-30,16,953,0,0.28,0,0.14,18.98,48.26,Croatia,Croatia,left,183,0,no,8.59,8.59,58.24,3.4,33.33,1.13,1.1,0.19,2.46,2.39,1.79,4,0.38,1,0.09,1.04,0.0,0,0.0,0.03,0,0.0,6,0.57,33.33,0.0,0.0,0.38,25.0,0.19,0.0,0.19,50.0,0.0,1.04,54.55,4.25,42.22,0.09,0.76,0.38,15.2,0.09,0.76,25.88,74.82,9.35,61.62,4.53,83.33,6.89,80.82,23.52,79.12,1.98,33.33,16.56,23.35,0.01,0.28,0.0,0.0,0.57,33.33,0.0,3.78,57.5,1.13,25.0,0.57,16.67,0.0,0.09,5.01,45.28,0,,0,,0,0.0,0.0,0.0,,,0.09,,,0.09,0.0,0.0,0.0,0,0.0
D. Škugor,Vodice,Šibenik,LAMF,23,0,,1,31,0,0.05,0,0.0,,,Croatia,Croatia,,0,0,no,,,,,,,0.0,,,3.75,,0,,0,,,,0,,,0,,1,,,0.0,,,,,,,,,,,,,,,,,,,,,,,,,,,,,,,25.78,49.68,,,,,,,,,,,,,,,,,,0,,0,,0,0.0,0.0,,,,,,,,,,,0,0.0
H. Zapata,Al Nasar,Slaven Belupo,"CF, LW",31,0,,28,1801,2,5.96,2,1.24,26.02,34.77,Colombia,Colombia,right,182,77,no,3.61,4.22,55.42,5.79,25.44,0.05,0.07,0.0,1.22,1.57,1.02,4,0.2,0,0.0,4.73,0.1,2,0.1,0.3,0,0.0,50,2.54,32.0,4.0,0.1,2.69,22.64,1.83,13.89,0.86,41.18,0.15,6.71,47.73,12.5,36.59,2.85,1.98,0.91,12.55,1.73,0.97,19.82,68.72,4.12,44.44,5.49,91.67,5.95,64.96,16.06,78.8,1.27,32.0,20.75,26.49,0.06,0.66,0.0,0.05,0.41,25.0,0.36,1.88,45.95,2.54,38.0,0.51,30.0,0.61,0.56,2.13,71.43,0,,0,,0,0.0,0.0,0.0,,,0.05,,,0.0,0.0,0.0,0.0,0,0.0
R. Miérez,Al Nasr,Osijek,CF,29,0,2027-06-30,28,1919,3,4.87,2,2.27,33.72,37.27,Argentina,Argentina,right,182,78,no,5.96,5.49,58.97,10.55,39.11,0.33,0.45,0.19,2.39,3.28,2.2,6,0.28,0,0.0,2.86,0.14,3,0.14,0.23,2,0.09,54,2.53,48.15,5.556,0.09,0.66,35.71,0.14,33.33,0.52,36.36,0.05,2.63,44.64,9.61,30.24,4.74,1.22,0.33,9.76,2.02,1.64,16.6,72.6,3.66,64.1,4.13,81.82,4.27,75.82,15.43,73.86,0.56,75.0,14.44,16.66,0.11,0.7,0.05,0.0,0.52,45.45,0.56,1.74,70.27,0.84,55.56,0.38,12.5,0.89,0.19,1.59,76.47,0,,0,,0,0.0,0.0,0.0,,,0.0,,,0.0,0.0,0.0,0.0,0,0.0
M. Daku,Rubin Kazan',Osijek,CF,28,0,2029-06-30,12,372,3,1.53,0,0.05,32.9,34.56,Albania,"Albania, Kosovo",right,192,81,no,8.23,6.05,60.0,8.47,34.29,2.18,3.51,0.0,2.42,3.9,2.18,2,0.48,0,0.0,1.45,0.73,3,0.73,0.37,1,0.24,8,1.94,75.0,37.5,0.0,0.24,0.0,0.0,0.0,0.24,0.0,0.0,1.45,0.0,11.85,14.29,4.35,0.48,0.0,8.95,1.94,1.21,13.06,68.52,1.69,14.29,5.08,71.43,2.42,90.0,12.1,70.0,0.73,66.67,18.6,8.73,0.01,0.48,0.24,0.0,0.48,0.0,0.0,0.97,50.0,0.48,50.0,0.48,0.0,0.24,0.0,1.21,20.0,0,,0,,0,0.0,0.0,0.0,,,0.0,,,0.0,0.0,0.0,0.0,0,0.0
M. Ćosić,,Hrvatski Dragovoljac,"RCB, LCB, CB",32,0,,13,894,0,0.0,0,0.02,14.09,60.71,Croatia,Croatia,left,191,88,no,11.28,6.34,71.43,3.32,48.48,0.2,0.23,1.31,6.54,7.39,1.11,1,0.1,0,0.0,0.3,0.0,0,0.0,0.0,0,0.0,1,0.1,0.0,0.0,0.0,0.1,0.0,0.0,0.0,0.1,0.0,0.0,0.2,100.0,1.21,41.67,0.0,0.5,0.1,18.62,0.1,0.5,30.5,77.23,14.4,65.03,2.52,96.0,10.77,86.92,24.26,86.31,6.14,42.62,19.27,27.98,0.0,0.1,0.0,0.0,0.1,100.0,0.0,3.52,34.29,0.6,16.67,0.3,33.33,0.1,0.0,6.04,50.0,0,,0,,0,0.0,0.0,0.0,,,1.91,,,0.0,0.0,0.0,0.0,0,0.0
L. Čirjak,,Hrvatski Dragovoljac,"LCMF, LW",34,0,,8,385,0,0.17,0,0.1,11.69,38.0,Croatia,Croatia,left,178,73,no,4.21,4.44,52.63,2.1,33.33,0.23,0.25,0.23,1.64,1.76,0.94,1,0.23,0,0.0,1.4,0.0,0,0.0,0.04,0,0.0,5,1.17,40.0,0.0,0.0,1.17,40.0,1.17,40.0,0.0,0.0,0.23,2.1,22.22,3.97,23.53,0.7,0.47,0.47,17.06,0.47,0.0,24.08,71.84,8.18,42.86,4.91,95.24,6.78,89.66,18.7,80.0,4.21,44.44,16.7,24.57,0.02,0.23,0.0,0.0,0.23,0.0,0.23,2.81,41.67,1.17,40.0,0.23,0.0,0.0,0.47,4.91,38.1,0,,0,,0,0.0,0.0,0.0,,,0.47,,,0.23,0.0,0.0,1.4,0,0.0
C. Dasilva,Bishop's Stortford,Šibenik,"RB, RW, LB",27,0,2026-06-30,4,88,0,0.16,0,0.0,10.23,30.0,England,"England, Wales",right,0,0,no,4.09,5.11,60.0,1.02,0.0,0.0,0.0,0.0,1.02,1.76,0.0,1,1.02,0,0.0,3.07,0.0,0,0.0,0.16,0,0.0,1,1.02,100.0,0.0,0.0,3.07,33.33,1.02,0.0,2.05,50.0,1.02,0.0,0.0,1.02,0.0,2.05,0.0,0.0,31.7,6.14,0.0,40.91,75.0,21.48,71.43,1.02,100.0,14.32,71.43,28.64,92.86,9.2,33.33,19.86,20.34,0.0,0.0,0.0,0.0,1.02,100.0,0.0,7.16,71.43,3.07,66.67,2.05,50.0,1.02,1.02,14.32,71.43,0,,0,,0,0.0,0.0,0.0,,,0.0,,,0.0,0.0,0.0,0.0,0,0.0
T. Štrkalj,Tractor Sazi,Hrvatski Dragovoljac,CF,29,0,2029-06-30,14,1071,2,2.31,0,0.24,21.93,27.2,Croatia,Croatia,right,184,80,no,3.36,2.02,62.5,5.97,25.35,0.17,0.18,0.0,1.93,2.05,0.5,1,0.08,0,0.0,1.51,0.17,2,0.17,0.19,1,0.08,17,1.43,41.18,11.765,0.0,0.5,16.67,0.0,0.0,0.42,20.0,0.17,2.18,30.77,9.41,21.43,2.27,0.84,0.67,10.0,1.51,1.43,17.39,81.16,5.29,73.02,4.45,94.34,4.45,77.36,15.88,84.13,1.01,66.67,16.51,20.22,0.02,0.42,0.08,0.0,0.34,50.0,0.17,2.35,78.57,1.26,73.33,0.34,25.0,0.67,0.08,2.35,85.71,0,,0,,0,0.0,0.0,0.0,,,0.0,,,0.0,0.0,0.0,0.0,0,0.0
M. Franić,,Hrvatski Dragovoljac,"RB, LB",29,0,,10,649,0,0.0,1,0.96,16.5,44.54,Croatia,Croatia,right,179,70,no,10.4,7.35,47.17,2.5,38.89,0.14,0.15,0.55,6.8,7.24,0.69,1,0.14,0,0.0,1.53,0.0,0,0.0,0.0,0,0.0,0,0.0,0.0,0.0,0.14,2.91,33.33,1.11,37.5,1.66,33.33,1.11,1.25,44.44,4.99,44.44,0.83,0.97,0.55,14.56,1.8,1.8,24.68,66.29,9.85,66.2,4.3,83.87,6.66,58.33,20.39,73.47,1.53,27.27,17.31,16.71,0.13,0.42,0.0,0.0,0.28,0.0,0.42,2.63,73.68,3.33,41.67,0.28,50.0,0.42,0.97,6.66,62.5,0,,0,,0,0.0,0.0,0.0,,,0.28,,,0.0,0.0,0.0,0.0,0,0.0
J. Mejia,,Šibenik,"AMF, CF, RW",23,0,,4,67,0,0.1,0,0.01,18.81,42.86,Colombia,Colombia,left,0,0,no,6.72,8.06,50.0,2.69,0.0,0.0,0.0,0.0,2.69,5.0,0.0,0,0.0,0,0.0,2.69,0.0,0,0.0,0.14,0,0.0,1,1.34,0.0,0.0,0.0,2.69,50.0,1.34,100.0,1.34,0.0,0.0,1.34,100.0,5.37,50.0,1.34,0.0,0.0,9.4,1.34,1.34,16.12,75.0,6.72,100.0,1.34,100.0,5.37,50.0,13.43,80.0,0.0,0.0,18.09,0.0,0.02,1.34,0.0,0.0,0.0,0.0,1.34,4.03,66.67,2.69,50.0,0.0,0.0,0.0,1.34,2.69,100.0,0,,0,,0,0.0,0.0,0.0,,,0.0,,,0.0,0.0,0.0,0.0,0,0.0
G. Eskinja,Zorya,Slaven Belupo,CB,22,0,2027-06-30,1,1,0,0.0,0,0.0,,,Austria,Austria,right,191,84,no,,,,,,,0.0,,,0.0,,0,,0,,,,0,,,0,,0,,,0.0,,,,,,,,,,,,,,,,,,,,,,,,,,,,,,,0.0,0.0,,,,,,,,,,,,,,,,,,0,,0,,0,0.0,0.0,,,,,,,,,,,0,0.0
C. Mena,,Šibenik,"RCMF, CF",26,0,,2,16,0,0.0,0,0.0,,,Colombia,Colombia,,0,0,no,,,,,,,0.0,,,0.0,,0,,0,,,,0,,,0,,0,,,0.0,,,,,,,,,,,,,,,,,,,,,,,,,,,,,,,14.97,0.0,,,,,,,,,,,,,,,,,,0,,0,,0,0.0,0.0,,,,,,,,,,,0,0.0
I. Ganžulić,,Slaven Belupo,RCB,23,0,,1,12,0,0.0,0,0.0,,,Croatia,Croatia,,189,0,no,,,,,,,0.0,,,10.0,,0,,0,,,,0,,,0,,0,,,0.0,,,,,,,,,,,,,,,,,,,,,,,,,,,,,,,22.22,52.38,,,,,,,,,,,,,,,,,,0,,0,,0,0.0,0.0,,,,,,,,,,,0,0.0
L. Liklin,Radnik Križevci,Slaven Belupo,"LAMF, AMF, RAMF",25,0,,7,215,0,0.18,0,0.0,20.09,27.08,Croatia,Croatia,right,177,70,no,3.35,5.86,28.57,2.51,33.33,0.42,0.6,0.0,1.26,1.8,2.09,2,0.84,0,0.0,2.93,0.0,0,0.0,0.08,0,0.0,3,1.26,66.67,0.0,0.0,1.67,0.0,1.26,0.0,0.42,0.0,0.0,4.6,36.36,10.05,25.0,0.84,1.67,0.84,10.05,0.42,0.84,13.81,60.61,4.19,40.0,2.09,80.0,3.35,62.5,11.3,70.37,0.84,50.0,21.41,6.43,0.0,0.0,0.0,0.0,0.84,50.0,0.0,2.51,50.0,2.09,20.0,0.0,0.0,0.42,0.0,2.93,71.43,0,,0,,0,0.0,0.0,0.0,,,0.0,,,0.42,0.0,0.0,0.0,0,0.0
A. Prskalo,Opatija,Rijeka,GK,39,0,,4,397,0,0.0,0,0.0,0.45,100.0,Croatia,Croatia,right,185,87,no,1.36,0.0,0.0,0.45,100.0,0.0,0.0,0.0,1.36,1.91,0.0,0,0.0,0,0.0,0.0,0.0,0,0.0,0.0,0,0.0,0,0.0,0.0,0.0,0.0,0.0,0.0,0.0,0.0,0.0,0.0,0.0,0.0,0.0,0.0,0.0,0.0,0.0,0.0,7.71,0.23,0.0,14.96,80.3,9.29,68.29,0.0,0.0,5.67,100.0,9.29,97.56,5.67,52.0,33.11,47.02,0.0,0.0,0.0,0.0,0.0,0.0,0.0,1.13,60.0,0.23,0.0,0.0,0.0,0.0,0.0,4.08,55.56,5,1.13,16,3.63,0,68.75,4.2,0.95,-0.8,-0.181,0.0,1.36,0.45,,,,0.0,0,0.0
I. Krstanović,,Slaven Belupo,CF,43,0,,28,1997,10,11.07,2,2.16,28.16,36.96,Bosnia and Herzegovina,"Bosnia and Herzegovina, Croatia",right,196,88,no,3.44,2.74,57.63,13.29,42.66,0.6,0.77,0.05,1.25,1.59,1.35,7,0.32,0,0.0,1.91,0.45,4,0.19,0.51,0,0.0,52,2.42,44.23,19.231,0.09,0.51,45.45,0.19,75.0,0.33,28.57,0.09,1.02,45.45,6.78,26.71,3.3,0.46,0.19,10.97,2.14,1.63,17.1,71.74,3.81,53.66,5.53,92.44,4.65,73.0,15.89,73.1,0.7,60.0,14.94,14.56,0.1,0.6,0.09,0.0,0.51,27.27,0.42,2.09,62.22,0.84,44.44,0.51,36.36,0.7,0.28,1.44,64.52,0,,0,,0,0.0,0.0,0.0,,,0.05,,,0.0,0.0,0.0,0.0,7,85.714
M. Topcagić,,Osijek,CF,37,0,,24,1051,4,5.25,1,0.76,35.62,33.65,Bosnia and Herzegovina,"Bosnia and Herzegovina, Austria",right,193,85,no,3.68,4.2,44.9,9.51,44.14,0.77,1.07,0.26,1.03,1.43,3.17,3,0.26,0,0.0,1.88,0.34,4,0.34,0.45,3,0.26,29,2.48,37.93,13.793,0.09,0.34,25.0,0.09,100.0,0.26,0.0,0.09,1.46,52.94,13.87,25.93,3.85,0.26,0.09,10.1,1.54,2.4,18.07,75.36,2.65,64.52,5.99,84.29,4.62,72.22,17.04,77.89,0.69,37.5,12.75,11.52,0.06,0.86,0.0,0.0,0.17,50.0,0.26,1.71,55.0,0.43,40.0,0.26,33.33,0.43,0.09,1.2,78.57,0,,0,,0,0.0,0.0,0.0,,,0.09,,,0.0,0.0,0.0,0.0,0,0.0
G. Paracki,Karlovac 1919,Slaven Belupo,CB,39,0,,23,1693,0,0.29,0,0.06,13.77,56.76,Croatia,Croatia,right,180,76,no,10.95,4.68,59.09,2.34,61.36,0.21,0.26,0.48,7.97,9.62,0.8,3,0.16,0,0.0,0.8,0.0,0,0.0,0.02,0,0.0,3,0.16,0.0,0.0,0.0,0.37,14.29,0.0,0.0,0.37,14.29,0.05,1.17,59.09,3.72,45.71,0.05,0.37,0.16,25.62,0.05,1.38,44.18,84.48,18.18,72.81,3.67,94.2,17.44,94.82,36.79,91.04,7.02,53.79,20.7,37.28,0.0,0.11,0.0,0.0,0.11,50.0,0.0,6.96,64.12,0.9,41.18,0.8,46.67,0.43,0.11,8.56,68.32,0,,0,,0,0.0,0.0,0.0,,,0.69,,,0.05,0.0,0.0,0.0,0,0.0
S. Bacelic-Grgic,,Šibenik,"CF, LCMF",38,0,,18,921,2,2.63,1,0.21,21.01,43.26,Croatia,Croatia,right,187,81,no,7.43,5.86,51.67,4.1,45.24,1.66,1.99,0.29,2.74,3.28,1.56,5,0.49,0,0.0,2.05,0.2,2,0.2,0.26,0,0.0,15,1.47,26.67,13.333,0.1,0.68,42.86,0.49,60.0,0.2,0.0,0.0,2.35,58.33,6.45,34.85,2.54,0.39,0.29,20.23,0.78,0.88,27.65,77.39,7.62,57.69,4.89,90.0,10.65,84.4,24.92,81.18,2.05,42.86,17.7,15.55,0.02,0.49,0.0,0.0,0.39,0.0,0.2,4.2,53.49,0.98,40.0,0.68,0.0,0.39,0.2,3.81,61.54,0,,0,,0,0.0,0.0,0.0,,,0.0,,,0.2,0.1,0.0,0.2,0,0.0
P. Brlek,Cibalia,Osijek,"LCMF, LDMF, RCMF",32,0,,17,771,0,0.57,0,0.3,21.48,50.0,Croatia,Croatia,right,180,74,no,9.69,7.0,53.33,2.1,50.0,1.52,1.97,0.12,4.44,5.76,1.98,2,0.23,0,0.0,2.45,0.0,0,0.0,0.07,0,0.0,7,0.82,14.29,0.0,0.0,1.28,27.27,0.23,0.0,1.05,33.33,0.23,3.39,55.17,7.24,50.0,0.93,1.17,0.23,24.98,0.47,1.4,35.49,80.92,11.09,64.21,6.07,98.08,12.49,86.92,30.7,85.93,3.74,56.25,18.62,24.16,0.04,0.58,0.0,0.0,0.35,33.33,0.23,6.3,64.81,2.33,45.0,1.05,55.56,0.93,0.35,6.3,62.96,0,,0,,0,0.0,0.0,0.0,,,0.12,,,0.0,0.0,0.0,0.0,0,0.0
N. Nreca,,Hrvatski Dragovoljac,LB,25,0,,2,54,0,0.0,0,0.0,26.67,37.5,Kosovo,Kosovo,,0,0,no,11.67,15.0,44.44,3.33,0.0,3.33,3.33,0.0,1.67,1.67,3.33,1,1.67,0,0.0,1.67,0.0,0,0.0,0.0,0,0.0,0,0.0,0.0,0.0,0.0,0.0,0.0,0.0,0.0,0.0,0.0,0.0,5.0,33.33,6.67,25.0,0.0,0.0,0.0,15.0,0.0,1.67,30.0,66.67,10.0,50.0,6.67,50.0,10.0,100.0,28.33,70.59,1.67,0.0,11.03,23.52,0.0,0.0,0.0,0.0,0.0,0.0,0.0,3.33,50.0,0.0,0.0,0.0,0.0,0.0,0.0,8.33,20.0,0,,0,,0,0.0,0.0,0.0,,,0.0,,,0.0,0.0,0.0,0.0,0,0.0
A. Bristrić,Olimpija,Hrvatski Dragovoljac,"RW, LWF, CF",23,0,2028-05-31,14,901,1,0.84,2,1.21,26.67,29.59,Bosnia and Herzegovina,Bosnia and Herzegovina,right,187,81,no,4.99,6.39,45.31,4.4,31.82,0.1,0.11,0.0,2.0,2.14,2.2,4,0.4,0,0.0,3.4,0.1,1,0.1,0.08,0,0.0,17,1.7,47.06,5.882,0.2,1.3,38.46,0.6,33.33,0.7,42.86,0.2,5.39,33.33,12.69,23.62,2.5,2.3,1.5,11.59,1.7,0.6,17.28,72.25,5.99,56.67,3.6,91.67,3.5,68.57,15.08,79.47,1.0,10.0,17.9,16.82,0.12,1.0,0.0,0.0,0.7,42.86,0.6,2.2,54.55,1.7,35.29,0.8,37.5,0.6,0.4,2.4,66.67,0,,0,,0,0.0,0.0,0.0,,,0.0,,,0.1,0.1,0.0,0.1,0,0.0
I. Vidović,Zrinjski,Šibenik,"RCMF, RAMF",24,0,2029-06-30,16,740,1,0.62,0,0.29,15.57,39.84,Bosnia and Herzegovina,"Bosnia and Herzegovina, Croatia",left,188,75,yes,5.72,5.47,51.11,1.22,30.0,0.61,0.71,0.0,2.31,2.69,1.22,2,0.24,0,0.0,1.22,0.12,1,0.12,0.08,0,0.0,12,1.46,25.0,8.333,0.0,0.36,33.33,0.0,0.0,0.36,33.33,0.12,1.34,45.45,5.72,31.91,1.82,0.97,0.36,21.28,0.61,1.09,27.85,81.66,11.68,79.17,3.77,93.55,6.45,86.79,26.03,84.11,1.46,50.0,13.53,14.18,0.03,0.49,0.0,0.0,0.24,50.0,0.24,4.38,75.0,1.09,55.56,0.24,0.0,0.73,0.12,4.14,79.41,0,,0,,0,0.0,0.0,0.0,,,0.0,,,0.24,0.0,0.0,0.12,0,0.0
M. Iličić,Orijent 1919,Istra 1961,CF,28,0,2027-06-15,11,383,0,1.51,0,0.22,15.98,27.94,Croatia,Croatia,right,187,81,no,1.88,2.35,40.0,3.05,23.08,0.23,0.4,0.0,0.7,1.2,0.47,0,0.0,0,0.0,2.35,0.0,0,0.0,0.35,0,0.0,7,1.64,57.14,0.0,0.0,0.47,0.0,0.47,0.0,0.0,0.0,0.0,3.05,46.15,7.99,32.35,3.29,0.47,0.23,10.34,1.88,0.7,13.63,70.69,1.17,60.0,4.7,85.0,4.46,73.68,12.69,74.07,0.47,50.0,13.39,7.46,0.05,0.23,0.23,0.0,0.0,0.0,0.23,0.7,33.33,0.0,0.0,0.0,0.0,0.23,0.0,0.23,100.0,0,,0,,0,0.0,0.0,0.0,,,0.0,,,0.0,0.0,0.0,0.0,0,0.0
A. Djakovic,Vukovar,Šibenik,GK,25,0,2028-06-30,3,203,0,0.0,0,0.0,0.44,100.0,Croatia,Croatia,left,190,77,no,3.1,0.44,100.0,0.0,0.0,0.0,0.0,0.0,2.66,3.4,0.0,0,0.0,0,0.0,0.0,0.0,0,0.0,0.0,0,0.0,0,0.0,0.0,0.0,0.0,0.0,0.0,0.0,0.0,0.0,0.0,0.0,0.0,0.0,0.0,0.0,0.0,0.0,0.0,8.42,0.0,0.0,14.63,66.67,10.64,58.33,0.0,0.0,3.1,85.71,7.09,100.0,7.54,35.29,33.14,32.65,0.0,0.0,0.0,0.0,0.0,0.0,0.0,1.77,50.0,0.0,0.0,0.0,0.0,0.0,0.0,4.88,45.45,3,1.33,13,5.76,0,76.92,3.87,1.72,0.87,0.386,0.0,0.44,0.0,,,,0.0,0,0.0
K. Dimitrov,Levski Sofia,Hajduk Split,"RCB, LCB",29,0,2029-06-30,6,162,0,0.11,1,0.0,12.78,69.57,Bulgaria,Bulgaria,right,192,82,no,8.89,2.78,80.0,5.56,60.0,0.56,0.81,0.56,6.11,8.92,0.56,0,0.0,0,0.0,0.0,0.0,0,0.0,0.06,0,0.0,1,0.56,0.0,0.0,0.56,0.0,0.0,0.0,0.0,0.0,0.0,0.0,0.0,0.0,2.78,80.0,0.56,0.56,0.0,26.67,0.56,2.78,36.67,87.88,16.11,75.86,1.67,100.0,15.0,100.0,30.56,96.36,6.11,45.45,18.31,24.8,0.0,0.0,0.0,0.56,0.0,0.0,0.0,7.78,71.43,0.56,100.0,0.0,0.0,0.56,0.0,7.78,71.43,0,,0,,0,0.0,0.0,0.0,,,1.67,,,0.0,0.0,0.0,0.0,0,0.0
M. Brkljača,Victoria Rosport,Hajduk Split,"AMF, LW",21,0,,2,29,0,0.0,0,0.0,,,Croatia,Croatia,left,176,70,no,,,,,,,0.0,,,0.0,,0,,0,,,,0,,,0,,0,,,0.0,,,,,,,,,,,,,,,,,,,,,,,,,,,,,,,5.14,0.0,,,,,,,,,,,,,,,,,,0,,0,,0,0.0,0.0,,,,,,,,,,,0,0.0
M. Šroler,Posušje,Gorica,"RW, RAMF",27,0,,12,436,0,0.65,0,0.48,25.12,40.83,Croatia,Croatia,right,175,67,no,7.33,7.53,52.78,3.98,0.0,1.47,1.94,0.0,1.88,2.5,1.05,1,0.21,0,0.0,4.6,0.0,0,0.0,0.14,0,0.0,13,2.72,30.77,0.0,0.0,3.56,17.65,0.21,100.0,3.35,12.5,0.21,4.81,60.87,9.63,47.83,1.88,2.3,1.88,25.95,0.84,0.84,33.49,76.88,9.42,62.22,7.95,89.47,11.51,74.55,27.0,86.82,3.56,47.06,21.64,27.52,0.1,0.84,0.0,0.0,1.05,20.0,0.63,4.81,47.83,3.77,33.33,1.26,33.33,1.26,1.05,5.86,75.0,0,,0,,0,0.0,0.0,0.0,,,0.21,,,0.63,0.21,0.0,1.05,0,0.0
A. Bolanča,Bijelo Brdo,Šibenik,"LWB, LB",23,0,2027-06-30,1,95,0,0.0,0,0.05,32.21,58.82,Croatia,Croatia,unknown,0,0,no,19.89,14.21,86.67,9.47,40.0,2.84,4.09,0.0,4.74,6.82,0.95,0,0.0,0,0.0,0.0,0.0,0,0.0,0.0,0,0.0,0,0.0,0.0,0.0,0.0,4.74,0.0,4.74,0.0,0.0,0.0,0.0,0.95,0.0,0.95,0.0,0.95,0.95,0.0,36.0,5.68,0.95,48.32,62.75,17.05,38.89,11.37,100.0,11.37,75.0,37.89,77.5,5.68,16.67,21.99,27.87,0.05,1.89,0.0,0.0,0.0,0.0,0.0,4.74,60.0,2.84,33.33,0.0,0.0,0.95,0.0,8.53,55.56,0,,0,,0,0.0,0.0,0.0,,,0.0,,,0.0,0.0,0.0,0.0,0,0.0
H. Salihu,LNZ Cherkasy,Lokomotiva Zagreb,RCB,24,0,2029-06-30,4,250,0,0.21,0,0.0,15.84,56.82,Kosovo,"Kosovo, Albania",right,188,79,no,10.08,8.64,54.17,5.04,50.0,0.72,0.94,1.08,4.68,6.09,2.16,2,0.72,1,0.36,0.0,0.0,0,0.0,0.07,0,0.0,1,0.36,0.0,0.0,0.0,0.0,0.0,0.0,0.0,0.0,0.0,0.0,0.0,0.0,0.36,0.0,0.36,0.0,0.0,27.0,0.36,0.36,39.6,80.91,16.92,63.83,2.88,100.0,18.0,96.0,31.32,91.95,8.28,39.13,23.71,27.36,0.0,0.0,0.0,0.0,0.0,0.0,0.0,3.6,20.0,0.36,0.0,1.08,0.0,0.0,0.0,6.84,52.63,0,,0,,0,0.0,0.0,0.0,,,2.16,,,0.0,0.0,0.0,0.0,0,0.0
L. Dellova,CSKA Sofia,Hajduk Split,RB,27,0,2029-06-30,3,84,0,0.0,0,0.08,20.36,47.37,Kosovo,Kosovo,right,187,75,no,10.71,11.79,36.36,2.14,50.0,1.07,2.0,0.0,5.36,10.0,2.14,0,0.0,0,0.0,3.21,0.0,0,0.0,0.0,0,0.0,0,0.0,0.0,0.0,0.0,3.21,0.0,0.0,0.0,3.21,0.0,0.0,3.21,66.67,5.36,80.0,1.07,1.07,1.07,40.71,4.29,0.0,60.0,78.57,22.5,71.43,5.36,100.0,21.43,80.0,49.29,91.3,7.5,28.57,22.79,21.35,0.08,1.07,0.0,0.0,1.07,100.0,1.07,6.43,66.67,4.29,25.0,1.07,100.0,2.14,0.0,12.86,66.67,0,,0,,0,0.0,0.0,0.0,,,0.0,,,0.0,0.0,0.0,0.0,0,0.0
