Player,Team,Team within selected timeframe,Position,Age,Market value,Contract expires,Matches played,Minutes played,Goals,xG,Assists,xA,Duels per 90,"Duels won, %",Birth country,Passport country,Foot,Height,Weight,On loan,Successful defensive actions per 90,Defensive duels per 90,"Defensive duels won, %",Aerial duels per 90,"Aerial duels won, %",Sliding tackles per 90,PAdj Sliding tackles,Shots blocked per 90,Interceptions per 90,PAdj Interceptions,Fouls per 90,Yellow cards,Yellow cards per 90,Red cards,Red cards per 90,Successful attacking actions per 90,Goals per 90,Non-penalty goals,Non-penalty goals per 90,xG per 90,Head goals,Head goals per 90,Shots,Shots per 90,"Shots on target, %","Goal conversion, %",Assists per 90,Crosses per 90,"Accurate crosses, %",Crosses from left flank per 90,"Accurate crosses from left flank, %",Crosses from right flank per 90,"Accurate crosses from right flank, %",Crosses to goalie box per 90,Dribbles per 90,"Successful dribbles, %",Offensive duels per 90,"Offensive duels won, %",Touches in box per 90,Progressive runs per 90,Accelerations per 90,Received passes per 90,Received long passes per 90,Fouls suffered per 90,Passes per 90,"Accurate passes, %",Forward passes per 90,"Accurate forward passes, %",Back passes per 90,"Accurate back passes, %",Lateral passes per 90,"Accurate lateral passes, %",Short / medium passes per 90,"Accurate short / medium passes, %",Long passes per 90,"Accurate long passes, %","Average pass length, m","Average long pass length, m",xA per 90,Shot assists per 90,Second assists per 90,Third assists per 90,Smart passes per 90,"Accurate smart passes, %",Key passes per 90,Passes to final third per 90,"Accurate passes to final third, %",Passes to penalty area per 90,"Accurate passes to penalty area, %",Through passes per 90,"Accurate through passes, %",Deep completions per 90,Deep completed crosses per 90,Progressive passes per 90,"Accurate progressive passes, %",Conceded goals,Conceded goals per 90,Shots against,Shots against per 90,Clean sheets,"Save rate, %",xG against,xG against per 90,Prevented goals,Prevented goals per 90,Back passes received as GK per 90,Exits per 90,Aerial duels per 90.1,Free kicks per 90,Direct free kicks per 90,"Direct free kicks on target, %",Corners per 90,Penalties taken,"Penalty conversion, %"
L. Jabá,,São Bernardo FC,"LWF, AMF",27,2000000,,5,433,2,1.47,1,1.56,26.81,41.09,Brazil,Brazil,right,178,72,no,2.29,3.53,29.41,3.12,46.67,0.0,0.0,0.0,1.25,1.75,2.29,2,0.42,1,0.21,5.4,0.42,2,0.42,0.31,0,0.0,12,2.49,41.67,16.667,0.21,2.7,30.77,2.08,30.0,0.62,33.33,0.62,6.44,51.61,15.38,36.49,5.2,3.12,1.04,17.04,2.49,1.45,19.75,72.63,4.99,70.83,2.7,92.31,8.52,73.17,16.21,83.33,1.04,0.0,18.23,39.43,0.32,2.29,0.42,0.0,0.42,50.0,1.25,1.87,44.44,2.08,50.0,0.83,25.0,1.45,0.62,3.12,66.67,0,,0,,0,0.0,0.0,0.0,,,0.0,,,0.21,0.21,0.0,0.0,0,0.0
Erick Farias,Ulsan Hyundai,Ypiranga Erechim,CF,29,1300000,2027-12-31,14,1340,9,5.92,5,2.06,19.75,33.67,Brazil,Brazil,right,174,79,no,3.16,2.55,65.79,4.57,16.18,0.07,0.11,0.13,1.41,2.21,0.94,1,0.07,0,0.0,2.82,0.6,6,0.4,0.4,1,0.07,26,1.75,53.85,34.615,0.34,1.41,38.1,0.47,28.57,0.94,42.86,0.13,2.69,40.0,9.74,30.34,3.22,1.41,0.67,14.84,1.81,1.34,21.43,81.19,4.16,70.97,7.32,92.66,6.04,77.78,19.14,84.56,0.94,78.57,15.79,23.85,0.14,0.74,0.07,0.0,0.4,66.67,0.47,2.55,81.58,1.28,47.37,0.34,80.0,0.74,0.47,2.82,85.71,0,,0,,0,0.0,0.0,0.0,,,0.07,,,0.0,0.0,0.0,0.13,3,100.0
Pablo Roberto,Juventude,Remo,"AMF, LCMF, LDMF",26,1000000,2028-12-31,12,799,0,0.46,1,1.17,22.3,45.45,Brazil,Brazil,right,183,79,yes,5.74,6.65,50.85,1.8,43.75,0.0,0.0,0.0,2.37,3.73,2.59,4,0.45,0,0.0,3.27,0.0,0,0.0,0.05,0,0.0,14,1.58,35.71,0.0,0.11,2.03,38.89,1.01,33.33,1.01,44.44,0.34,3.38,43.33,11.04,43.88,0.68,2.82,1.13,36.38,1.58,2.93,50.8,81.82,19.37,73.84,6.42,89.47,19.37,88.95,43.14,86.42,5.63,62.0,19.49,36.5,0.13,1.91,0.0,0.0,1.24,36.36,0.45,12.39,81.82,4.84,44.19,1.91,17.65,1.24,0.79,10.25,86.81,0,,0,,0,0.0,0.0,0.0,,,0.11,,,0.68,0.11,100.0,2.14,0,0.0
Thiaguinho,CRB,CSA,"RW, RAMF",25,700000,2027-12-31,9,298,0,0.85,0,0.13,25.67,43.53,Brazil,Brazil,left,170,64,no,5.74,7.85,53.85,1.51,0.0,0.3,0.48,0.0,1.21,1.94,1.81,0,0.0,0,0.0,3.32,0.0,0,0.0,0.26,0,0.0,10,3.02,40.0,0.0,0.0,2.72,11.11,0.3,0.0,2.42,12.5,0.3,5.13,35.29,14.5,43.75,3.02,3.62,1.81,22.35,2.42,3.93,30.2,75.0,6.04,60.0,9.36,100.0,9.66,71.88,26.58,81.82,1.21,50.0,16.1,18.24,0.04,0.91,0.0,0.0,0.3,0.0,0.0,1.21,75.0,3.02,20.0,0.3,0.0,0.3,0.3,3.62,75.0,0,,0,,0,0.0,0.0,0.0,,,0.0,,,0.0,0.0,0.0,0.0,0,0.0
Gabriel Taliari,Remo,CSA,"CF, AMF",29,600000,2028-12-31,14,1303,5,3.39,1,1.59,22.1,36.25,Brazil,Brazil,right,177,66,no,3.25,3.38,55.1,4.9,21.13,0.07,0.1,0.0,1.31,1.96,1.04,2,0.14,0,0.0,2.83,0.35,5,0.35,0.23,0,0.0,34,2.35,35.29,14.706,0.07,0.76,18.18,0.21,66.67,0.55,0.0,0.0,3.25,51.06,10.57,41.83,3.04,1.24,0.41,12.09,1.45,2.83,15.68,76.65,4.14,51.67,4.77,98.55,3.45,82.0,13.75,82.91,1.17,41.18,15.32,19.64,0.11,1.38,0.0,0.0,0.62,33.33,0.62,2.21,65.63,1.24,38.89,0.9,23.08,0.62,0.14,2.14,77.42,0,,0,,0,0.0,0.0,0.0,,,0.0,,,0.07,0.07,0.0,0.07,0,0.0
Elias,Vila Nova,Figueirense,RB,26,550000,2026-12-31,17,1665,1,0.79,0,1.29,19.03,57.06,Brazil,Brazil,right,181,70,no,11.43,7.77,66.91,3.66,57.81,0.4,0.54,0.51,5.83,7.87,1.37,6,0.32,1,0.05,2.63,0.05,1,0.06,0.05,1,0.06,13,0.74,30.77,7.692,0.0,3.14,38.18,0.0,0.0,3.14,38.18,0.34,1.89,63.64,5.03,50.0,0.74,1.37,0.34,17.31,1.43,1.26,28.74,71.17,13.89,65.02,2.69,95.74,8.46,75.68,21.26,79.57,4.74,56.63,21.07,35.92,0.07,0.4,0.0,0.0,0.11,0.0,0.17,4.69,67.07,2.86,44.0,0.51,22.22,0.46,0.97,8.69,67.76,0,,0,,0,0.0,0.0,0.0,,,0.17,,,0.0,0.0,0.0,0.0,0,0.0
Guilherme Biteco,,EC São José,"LWB, LB",32,500000,,2,23,0,0.0,0,0.0,,,Brazil,Brazil,left,176,76,no,,,,,,,0.0,,,20.0,,0,,0,,,,0,,,0,,0,,,0.0,,,,,,,,,,,,,,,,,,,,,,,,,,,,,,,7.38,0.0,,,,,,,,,,,,,,,,,,0,,0,,0,0.0,0.0,,,,,,,,,,,0,0.0
Sassá,Confiança,Amazonas,CF,32,500000,,23,2273,18,11.9,0,0.37,17.82,29.78,Brazil,Brazil,right,174,73,no,1.35,2.34,33.9,2.73,17.39,0.2,0.31,0.08,0.36,0.56,1.54,8,0.32,0,0.0,2.49,0.71,14,0.55,0.47,3,0.12,65,2.57,46.15,27.692,0.0,0.24,0.0,0.16,0.0,0.08,0.0,0.04,2.42,54.1,9.27,32.91,2.73,0.59,0.12,5.94,1.19,1.66,8.95,83.19,1.31,72.73,2.73,95.65,2.53,82.81,8.63,85.32,0.08,100.0,14.12,1.8,0.01,0.51,0.04,0.0,0.12,0.0,0.12,0.44,63.64,0.28,85.71,0.08,0.0,0.36,0.04,0.55,71.43,0,,0,,0,0.0,0.0,0.0,,,0.0,,,0.0,0.0,0.0,0.0,4,100.0
Gustavo Bochecha,Inter de Limeira,Remo,"LDMF, RCMF, RDMF",30,500000,,6,281,1,0.26,1,0.38,14.73,58.7,Brazil,Brazil,left,173,73,no,8.65,7.69,79.17,2.24,14.29,0.32,0.5,0.32,2.24,3.5,0.96,1,0.32,0,0.0,2.56,0.32,1,0.32,0.08,0,0.0,5,1.6,40.0,20.0,0.32,0.96,0.0,0.96,0.0,0.0,0.0,0.32,2.24,57.14,3.2,40.0,0.96,0.96,0.0,39.4,0.64,0.96,45.8,87.41,16.33,82.35,3.52,90.91,21.46,94.03,42.6,90.23,2.24,71.43,19.64,15.89,0.12,0.96,0.0,0.0,0.96,66.67,0.32,9.29,86.21,2.88,44.44,0.96,66.67,0.96,0.0,8.65,96.3,0,,0,,0,0.0,0.0,0.0,,,0.0,,,0.0,0.0,0.0,0.0,0,0.0
Luis Phelipe,Sheriff,Paysandu,"LW, LCMF, LWF",25,500000,2027-12-31,5,101,0,0.19,0,0.0,33.86,55.26,Brazil,Brazil,right,178,76,no,9.8,6.24,71.43,1.78,50.0,1.78,2.4,0.0,3.56,4.8,1.78,1,0.89,0,0.0,8.02,0.0,0,0.0,0.17,0,0.0,2,1.78,50.0,0.0,0.0,0.89,100.0,0.89,100.0,0.0,0.0,0.0,11.58,53.85,23.17,53.85,0.89,4.46,1.78,14.26,1.78,5.35,19.6,86.36,2.67,33.33,6.24,85.71,6.24,100.0,18.71,85.71,0.0,0.0,13.07,0.0,0.0,0.89,0.0,0.0,0.89,0.0,0.89,1.78,50.0,0.89,100.0,0.89,0.0,0.0,0.89,2.67,100.0,0,,0,,0,0.0,0.0,0.0,,,0.0,,,0.0,0.0,0.0,0.0,0,0.0
Dudu,Vitória,Volta Redonda,"RCMF, LCMF",27,450000,2026-12-31,2,91,0,0.01,0,0.0,21.76,45.45,Brazil,Brazil,left,186,81,no,5.93,7.91,37.5,0.99,100.0,0.99,1.76,0.0,1.98,3.53,3.96,2,1.98,0,0.0,2.97,0.0,0,0.0,0.01,0,0.0,1,0.99,0.0,0.0,0.0,0.0,0.0,0.0,0.0,0.0,0.0,0.0,3.96,75.0,9.89,50.0,0.99,1.98,0.99,32.64,0.0,3.96,45.49,76.09,18.79,63.16,8.9,77.78,11.87,91.67,41.54,80.95,3.96,25.0,18.48,36.01,0.0,0.0,0.0,0.0,1.98,0.0,0.0,9.89,60.0,3.96,50.0,3.96,0.0,1.98,0.0,8.9,77.78,0,,0,,0,0.0,0.0,0.0,,,0.0,,,0.0,0.0,0.0,0.0,0,0.0
Matheus Oliveira,Anyang,São Bernardo FC,"RWF, AMF",28,450000,,20,1368,2,1.9,1,2.97,17.63,40.3,Brazil,Brazil,left,173,69,no,4.47,4.47,52.94,1.71,15.38,0.07,0.1,0.26,2.04,3.11,1.38,3,0.2,0,0.0,2.96,0.13,2,0.13,0.12,0,0.0,42,2.76,35.71,4.762,0.07,1.78,29.63,0.59,11.11,1.18,38.89,0.07,3.22,38.78,8.82,40.3,0.79,1.45,0.46,21.58,1.97,1.58,30.2,79.08,8.75,70.68,4.93,94.67,12.04,77.6,25.92,85.28,2.63,50.0,19.82,38.77,0.2,1.84,0.0,0.0,0.46,42.86,0.46,5.66,70.93,2.96,33.33,0.72,45.45,0.79,0.53,4.54,82.61,0,,0,,0,0.0,0.0,0.0,,,0.07,,,1.32,0.59,33.33,3.42,0,0.0
Jonathan Junior,Stal Rzeszów,Pouso Alegre,CF,27,400000,2027-06-30,10,597,1,1.08,0,0.82,19.94,31.09,Brazil,Brazil,right,173,68,no,2.85,3.35,40.0,4.02,20.83,0.5,0.87,0.0,1.01,1.75,2.51,3,0.45,0,0.0,3.02,0.15,1,0.17,0.18,0,0.0,10,1.68,30.0,10.0,0.0,1.51,22.22,0.5,0.0,1.01,33.33,0.17,3.18,68.42,9.55,40.35,2.35,0.67,0.17,6.7,1.17,1.01,12.07,63.89,2.18,53.85,2.35,92.86,4.36,61.54,10.06,71.67,0.67,25.0,16.68,14.34,0.14,0.5,0.0,0.0,0.17,0.0,0.5,0.84,20.0,1.34,37.5,0.34,0.0,0.17,0.34,0.67,75.0,0,,0,,0,0.0,0.0,0.0,,,0.0,,,0.0,0.0,0.0,0.0,0,0.0
Marquinho,Botafogo SP,Figueirense,"RW, RCMF",24,400000,2028-06-30,6,267,0,0.11,0,0.21,15.51,45.65,Brazil,Brazil,left,181,68,no,4.72,3.71,54.55,1.69,40.0,0.0,0.0,0.0,2.7,3.08,0.0,0,0.0,0,0.0,2.36,0.0,0,0.0,0.04,0,0.0,2,0.67,50.0,0.0,0.0,0.34,100.0,0.34,100.0,0.0,0.0,0.0,1.69,60.0,6.74,50.0,0.67,1.01,1.01,12.13,0.67,1.35,21.24,74.6,6.4,47.37,3.37,100.0,8.09,79.17,17.87,79.25,3.03,44.44,21.19,30.34,0.07,1.01,0.0,0.0,1.01,66.67,0.34,4.72,57.14,1.01,100.0,0.67,50.0,0.34,0.34,5.73,64.71,0,,0,,0,0.0,0.0,0.0,,,0.0,,,2.02,0.0,0.0,0.34,0,0.0
William Barbio,Capital Brasilia,Ypiranga Erechim,"CF, LW, RW",33,300000,,19,1493,6,3.43,1,0.76,19.58,35.06,Brazil,Brazil,right,176,77,no,3.81,3.5,58.18,4.7,17.57,0.06,0.1,0.06,1.72,2.62,1.27,1,0.06,0,0.0,2.03,0.36,5,0.32,0.22,3,0.19,25,1.59,48.0,24.0,0.06,0.57,33.33,0.25,25.0,0.32,40.0,0.13,1.46,65.22,8.58,34.81,1.59,1.21,0.32,18.69,1.4,2.03,24.22,82.68,5.08,67.5,6.74,95.28,8.45,82.71,22.63,83.99,1.02,81.25,18.2,25.62,0.05,0.51,0.13,0.06,0.44,28.57,0.19,2.99,78.72,1.84,55.17,0.64,50.0,0.76,0.25,2.99,87.23,0,,0,,0,0.0,0.0,0.0,,,0.32,,,0.06,0.0,0.0,0.38,1,100.0
Lucas Poletto,Niki Volos,Brusque,"LW, RW, RAMF",31,300000,2027-06-30,14,408,0,1.12,1,0.53,24.71,35.71,Brazil,"Brazil, Italy",right,181,71,no,4.19,8.38,28.95,1.76,25.0,0.0,0.0,0.22,1.76,2.4,2.65,1,0.22,0,0.0,4.85,0.0,0,0.0,0.25,0,0.0,14,3.09,35.71,0.0,0.22,3.09,28.57,2.43,27.27,0.66,33.33,0.66,5.51,52.0,12.57,47.37,2.43,3.31,1.54,16.1,2.43,2.43,22.5,72.55,5.51,68.0,5.96,92.59,6.62,63.33,18.53,83.33,1.1,20.0,17.33,15.89,0.12,0.88,0.22,0.0,0.0,0.0,0.44,3.97,72.22,2.43,18.18,0.22,0.0,0.66,0.88,3.09,85.71,0,,0,,0,0.0,0.0,0.0,,,0.0,,,0.0,0.0,0.0,0.0,0,0.0
Claudinho,Inter de Limeira,Pouso Alegre,"AMF, CF",25,300000,,8,515,0,0.72,0,1.33,10.36,42.11,Brazil,Brazil,left,167,67,no,2.36,2.36,69.23,1.27,14.29,0.0,0.0,0.0,0.73,1.19,0.0,0,0.0,0,0.0,2.36,0.0,0,0.0,0.13,0,0.0,13,2.36,38.46,0.0,0.0,0.36,100.0,0.18,100.0,0.18,100.0,0.0,2.18,41.67,5.09,28.57,1.27,1.64,0.73,22.36,0.55,0.73,31.45,80.35,10.18,62.5,4.36,91.67,11.27,93.55,28.73,84.18,2.36,30.77,16.06,25.13,0.24,2.55,0.0,0.0,0.91,20.0,0.36,4.73,73.08,1.82,50.0,1.27,14.29,1.09,0.36,6.36,74.29,0,,0,,0,0.0,0.0,0.0,,,0.18,,,2.73,0.36,50.0,2.73,0,0.0
Rhuan,Ferroviária,CSA,LB,25,300000,2026-10-30,14,642,0,0.41,0,0.55,17.66,47.62,Brazil,Brazil,left,177,76,no,11.36,8.97,60.94,2.38,29.41,0.14,0.21,0.0,5.75,8.79,1.54,2,0.28,0,0.0,2.24,0.0,0,0.0,0.06,0,0.0,6,0.84,16.67,0.0,0.0,4.07,41.38,4.07,41.38,0.0,0.0,0.7,1.82,23.08,4.49,31.25,1.12,1.68,0.7,29.58,1.68,0.56,39.53,75.53,13.74,63.27,7.85,94.64,13.04,79.57,30.42,85.71,5.47,41.03,24.34,33.77,0.08,0.98,0.28,0.0,0.14,0.0,0.56,4.77,55.88,3.79,48.15,0.42,0.0,0.42,1.68,9.67,71.01,0,,0,,0,0.0,0.0,0.0,,,0.28,,,0.28,0.0,0.0,0.28,0,0.0
Bruno Matias,Chapecoense,CSA,"DMF, RDMF, RCMF",27,300000,2026-12-31,11,950,0,0.12,0,0.04,9.28,47.96,Brazil,Brazil,right,172,67,no,6.82,4.93,53.85,0.76,25.0,0.19,0.28,0.66,3.98,5.78,1.23,4,0.38,0,0.0,0.47,0.0,0,0.0,0.01,0,0.0,5,0.47,20.0,0.0,0.0,0.19,0.0,0.0,0.0,0.19,0.0,0.0,0.47,60.0,1.89,65.0,0.0,0.57,0.19,30.6,0.09,1.04,43.48,89.98,11.08,78.63,4.64,100.0,21.98,95.26,40.07,93.14,3.22,55.88,19.31,29.11,0.0,0.28,0.0,0.0,0.28,33.33,0.09,7.86,79.52,0.76,25.0,0.38,75.0,0.28,0.0,6.35,73.13,0,,0,,0,0.0,0.0,0.0,,,0.19,,,0.0,0.0,0.0,0.0,0,0.0
Dalberson,Vila Nova,CSA,GK,29,300000,2026-12-31,19,1943,0,0.0,0,0.0,0.83,77.78,Brazil,Brazil,left,191,85,no,1.53,0.19,50.0,0.51,90.91,0.0,0.0,0.0,1.44,2.08,0.0,2,0.09,0,0.0,0.0,0.0,0,0.0,0.0,0,0.0,0,0.0,0.0,0.0,0.0,0.0,0.0,0.0,0.0,0.0,0.0,0.0,0.0,0.0,0.05,0.0,0.0,0.0,0.0,8.11,0.0,0.14,16.3,83.24,7.27,65.61,0.0,0.0,8.71,97.87,11.26,97.53,5.0,51.85,34.41,51.62,0.0,0.0,0.0,0.0,0.0,0.0,0.0,1.71,29.73,0.42,0.0,0.14,33.33,0.0,0.0,3.57,70.13,13,0.6,81,3.75,6,83.95,15.51,0.72,2.51,0.116,0.0,1.95,0.51,,,,0.0,0,0.0
Vinícius Leite,Amazonas,Paysandu,"LAMF, LW",32,250000,,22,1558,3,2.21,3,2.75,15.83,47.08,Brazil,Brazil,right,176,67,no,4.45,3.81,60.61,2.83,38.78,0.06,0.1,0.06,2.08,3.55,0.75,2,0.12,1,0.06,3.52,0.17,3,0.17,0.13,0,0.0,24,1.39,25.0,12.5,0.17,3.0,40.38,2.31,37.5,0.69,50.0,0.69,3.0,63.46,7.45,45.74,1.27,1.62,0.35,21.08,2.08,1.33,31.25,78.56,7.97,71.74,5.6,89.69,13.0,76.0,25.65,83.78,2.72,68.09,18.9,28.53,0.16,1.21,0.06,0.06,0.12,50.0,0.87,4.51,74.36,3.47,48.33,0.29,40.0,0.92,1.16,7.97,80.43,0,,0,,0,0.0,0.0,0.0,,,0.17,,,0.06,0.0,0.0,0.75,0,0.0
Jonathan Costa,Guarani,Operário PR,RCB,31,250000,,9,786,1,0.52,0,0.1,16.15,67.38,Brazil,Brazil,right,186,70,no,6.53,4.12,69.44,6.07,73.58,0.46,0.73,0.23,3.21,5.09,0.92,1,0.11,0,0.0,1.37,0.11,1,0.11,0.06,1,0.11,6,0.69,50.0,16.667,0.0,0.0,0.0,0.0,0.0,0.0,0.0,0.0,1.37,75.0,4.24,56.76,0.69,1.03,0.46,36.18,0.34,1.15,50.27,93.17,15.92,84.17,3.78,100.0,26.56,96.98,46.83,94.38,3.44,76.67,19.65,37.24,0.01,0.34,0.0,0.0,0.0,0.0,0.0,4.58,82.5,0.34,33.33,0.11,100.0,0.23,0.0,6.41,76.79,0,,0,,0,0.0,0.0,0.0,,,2.4,,,0.0,0.0,0.0,0.0,0,0.0
Moraes,Operário PR,Aparecidense,"AMF, LAMF",28,250000,2026-11-30,1,78,1,0.61,0,0.0,16.15,64.29,Brazil,Brazil,left,170,65,yes,1.15,1.15,0.0,2.31,100.0,0.0,0.0,0.0,1.15,1.88,1.15,0,0.0,0,0.0,9.23,1.15,1,1.15,0.7,0,0.0,4,4.62,50.0,25.0,0.0,3.46,33.33,2.31,0.0,1.15,100.0,1.15,6.92,83.33,11.54,60.0,2.31,3.46,1.15,18.46,0.0,1.15,24.23,76.19,6.92,66.67,4.62,100.0,9.23,75.0,18.46,87.5,2.31,50.0,19.91,52.02,0.0,0.0,0.0,0.0,0.0,0.0,0.0,1.15,100.0,3.46,33.33,0.0,0.0,0.0,1.15,2.31,100.0,0,,0,,0,0.0,0.0,0.0,,,0.0,,,1.15,0.0,0.0,0.0,0,0.0
Allanzinho,Juventude,São Bernardo FC,"LWF, LW",26,250000,2027-12-31,4,91,0,0.16,0,0.3,25.71,46.15,Brazil,Brazil,right,175,66,yes,4.95,1.98,100.0,4.95,60.0,0.0,0.0,0.0,2.97,5.0,3.96,0,0.0,0,0.0,3.96,0.0,0,0.0,0.16,0,0.0,3,2.97,0.0,0.0,0.0,1.98,0.0,1.98,0.0,0.0,0.0,0.0,4.95,60.0,12.86,46.15,1.98,1.98,0.0,12.86,3.96,3.96,15.82,68.75,2.97,33.33,4.95,80.0,6.92,71.43,13.85,78.57,0.0,0.0,14.22,0.0,0.3,1.98,0.0,0.0,0.99,100.0,0.0,0.0,0.0,2.97,33.33,0.0,0.0,0.99,0.99,2.97,66.67,0,,0,,0,0.0,0.0,0.0,,,0.0,,,0.0,0.0,0.0,0.0,0,0.0
Luiz Henrique,Cascavel,Operário PR,RCMF,27,250000,,4,180,0,0.04,0,0.31,27.0,37.04,Brazil,Brazil,left,178,78,no,6.5,7.5,33.33,2.0,50.0,1.0,1.54,0.0,3.0,4.62,3.0,1,0.5,0,0.0,1.0,0.0,0,0.0,0.02,0,0.0,3,1.5,0.0,0.0,0.0,0.0,0.0,0.0,0.0,0.0,0.0,0.0,2.5,20.0,13.5,37.04,0.0,1.0,0.0,29.0,1.0,3.0,43.5,81.61,11.5,73.91,8.5,100.0,12.5,76.0,38.5,84.42,5.0,60.0,17.76,19.49,0.16,0.5,0.0,0.0,0.5,100.0,0.5,7.5,53.33,2.0,100.0,1.5,66.67,2.0,0.0,5.0,80.0,0,,0,,0,0.0,0.0,0.0,,,1.0,,,1.0,0.0,0.0,1.0,0,0.0
William Matheus,,Figueirense,LB,36,200000,,4,416,0,0.32,0,0.27,13.2,49.18,Brazil,Brazil,left,181,80,no,5.41,4.76,45.45,3.46,56.25,0.22,0.3,0.22,3.03,4.16,0.87,0,0.0,0,0.0,1.08,0.0,0,0.0,0.07,0,0.0,2,0.43,0.0,0.0,0.0,2.16,20.0,2.16,20.0,0.0,0.0,0.22,0.65,100.0,3.68,47.06,1.08,0.87,0.0,36.78,0.65,0.87,48.68,85.33,24.01,84.68,3.03,78.57,15.79,87.67,44.35,89.76,2.6,58.33,19.47,38.64,0.06,0.65,0.0,0.0,0.0,0.0,0.22,10.17,85.11,1.3,16.67,0.0,0.0,0.22,0.22,11.68,81.48,0,,0,,0,0.0,0.0,0.0,,,0.22,,,0.22,0.0,0.0,0.0,0,0.0
Patric,,Amazonas,RB,37,200000,,9,936,0,0.7,0,1.09,13.27,49.28,Brazil,Brazil,right,173,79,no,6.35,5.77,61.67,2.02,28.57,0.29,0.52,0.48,2.5,4.53,1.63,0,0.0,0,0.0,2.6,0.0,0,0.0,0.07,0,0.0,7,0.67,28.57,0.0,0.0,3.17,48.48,0.19,50.0,2.98,48.39,0.29,1.63,52.94,3.08,43.75,1.73,1.35,0.19,25.96,2.12,0.48,36.92,77.6,15.77,71.34,5.1,88.68,10.38,80.56,28.27,85.03,5.67,55.93,19.36,39.67,0.1,1.15,0.1,0.0,0.0,0.0,0.38,5.58,65.52,2.98,61.29,0.1,100.0,0.48,1.25,8.75,80.22,0,,0,,0,0.0,0.0,0.0,,,0.67,,,0.48,0.1,100.0,1.54,0,0.0
Robinho,,Paysandu,"AMF, CF, RCMF",38,200000,,18,1407,2,2.63,7,5.23,14.39,40.0,Brazil,Brazil,right,175,70,no,6.01,6.59,47.57,1.02,18.75,1.34,2.32,0.06,1.54,2.65,1.98,5,0.32,1,0.06,2.56,0.13,1,0.06,0.17,0,0.0,13,0.83,38.46,15.385,0.45,2.75,46.51,0.77,41.67,1.86,48.28,0.32,1.34,52.38,4.16,46.15,1.22,0.64,0.19,26.67,1.28,0.96,38.19,80.07,12.92,74.75,5.37,91.67,13.43,82.38,30.83,86.31,4.73,56.76,19.49,35.72,0.33,2.75,0.06,0.0,0.45,57.14,0.58,8.12,76.38,3.65,56.14,1.28,55.0,1.22,1.22,8.76,89.78,0,,0,,0,0.0,0.0,0.0,,,0.38,,,2.24,0.13,100.0,3.13,1,100.0
Robertinho,Nanjing City,Amazonas,"RCMF, RDMF",30,200000,,3,94,0,0.0,0,0.0,15.32,50.0,Brazil,Brazil,right,178,67,no,6.7,9.57,40.0,0.96,100.0,0.0,0.0,0.0,2.87,5.29,3.83,0,0.0,0,0.0,2.87,0.0,0,0.0,0.0,0,0.0,0,0.0,0.0,0.0,0.0,0.96,100.0,0.0,0.0,0.96,100.0,0.0,0.96,100.0,4.79,60.0,0.0,0.0,0.0,11.49,0.0,2.87,18.19,89.47,6.7,85.71,1.91,50.0,6.7,100.0,16.28,94.12,0.96,0.0,17.78,23.93,0.0,0.0,0.0,0.0,0.96,100.0,0.0,3.83,75.0,1.91,50.0,0.0,0.0,0.0,0.96,3.83,100.0,0,,0,,0,0.0,0.0,0.0,,,0.0,,,0.0,0.0,0.0,0.0,0,0.0
Geovane,CRB,Paysandu,"LCMF, LDMF",27,200000,2027-06-30,20,1323,0,0.61,3,1.38,18.78,49.64,Brazil,Brazil,left,175,71,yes,8.98,7.28,56.07,2.65,48.72,0.68,1.06,0.41,4.22,6.57,1.97,4,0.27,0,0.0,1.63,0.0,0,0.0,0.04,0,0.0,15,1.02,20.0,0.0,0.2,1.09,43.75,0.82,33.33,0.2,66.67,0.2,1.56,60.87,6.73,46.46,0.75,1.22,0.14,28.78,0.27,2.11,41.02,81.59,13.74,66.83,5.37,96.2,15.99,89.79,34.9,87.52,5.1,49.33,20.83,37.86,0.09,0.48,0.0,0.0,0.27,0.0,0.48,8.44,67.74,2.04,33.33,0.88,23.08,0.48,0.41,6.26,71.74,0,,0,,0,0.0,0.0,0.0,,,0.14,,,0.0,0.0,0.0,0.2,0,0.0
Ítalo,Paysandu,Volta Redonda,CF,29,200000,,24,2186,11,10.16,3,2.91,18.57,34.37,Brazil,"Brazil, Portugal",left,183,79,no,2.72,2.22,62.96,3.87,15.96,0.08,0.11,0.0,1.24,1.66,1.07,1,0.04,0,0.0,1.81,0.45,9,0.37,0.42,1,0.04,43,1.77,39.53,25.581,0.12,0.37,22.22,0.16,50.0,0.21,0.0,0.08,2.02,51.02,8.77,37.56,2.84,0.62,0.41,6.42,1.15,1.61,11.69,75.7,2.76,61.19,3.25,96.2,3.09,72.0,10.95,77.07,0.37,88.89,14.15,10.35,0.12,0.7,0.04,0.04,0.29,0.0,0.49,1.24,73.33,0.74,22.22,0.37,22.22,0.54,0.08,0.95,78.26,0,,0,,0,0.0,0.0,0.0,,,0.0,,,0.0,0.0,0.0,0.0,2,100.0
Bruno Paraíba,,Botafogo PB,CF,31,200000,,7,552,0,1.36,0,0.2,21.52,40.15,Brazil,Brazil,right,189,81,no,2.61,3.26,35.0,4.24,53.85,0.0,0.0,0.16,1.47,1.94,1.47,1,0.16,0,0.0,1.79,0.0,0,0.0,0.22,0,0.0,9,1.47,44.44,0.0,0.0,0.49,0.0,0.49,0.0,0.0,0.0,0.0,3.26,35.0,10.27,34.92,2.12,1.79,0.49,8.48,1.3,1.3,16.3,74.0,5.05,64.52,3.59,81.82,4.4,74.07,15.49,76.84,0.33,50.0,16.75,5.32,0.03,0.98,0.0,0.0,0.33,0.0,0.16,2.77,64.71,0.98,33.33,0.49,0.0,0.33,0.0,1.63,80.0,0,,0,,0,0.0,0.0,0.0,,,0.0,,,0.0,0.0,0.0,0.0,0,0.0
Rai,Sheriff,Figueirense,LB,26,200000,2026-12-31,11,814,0,0.01,0,0.38,19.02,50.98,Brazil,Brazil,left,182,0,no,11.69,6.71,64.81,4.48,52.78,0.87,1.13,0.25,6.46,8.39,1.37,1,0.11,0,0.0,1.74,0.0,0,0.0,0.0,0,0.0,2,0.25,0.0,0.0,0.0,2.49,25.0,2.49,25.0,0.0,0.0,0.5,1.99,56.25,4.85,33.33,0.25,0.75,0.5,24.74,1.49,0.37,36.67,70.17,19.27,60.65,4.35,97.14,8.95,80.56,29.09,79.06,5.35,41.86,20.86,40.79,0.05,0.5,0.0,0.0,0.25,0.0,0.0,5.84,42.55,1.86,26.67,0.5,25.0,0.0,0.62,9.57,61.04,0,,0,,0,0.0,0.0,0.0,,,0.12,,,0.5,0.0,0.0,0.0,0,0.0
Marcos Pedro,,Volta Redonda,"LB, LCMF, LDMF",24,200000,,6,226,0,0.03,0,0.0,14.34,75.0,Brazil,Brazil,left,174,67,no,10.35,9.56,75.0,2.39,66.67,0.0,0.0,0.4,3.19,4.71,1.99,3,1.19,0,0.0,1.99,0.0,0,0.0,0.01,0,0.0,3,1.19,0.0,0.0,0.0,3.98,30.0,3.98,30.0,0.0,0.0,0.8,0.8,100.0,1.59,75.0,0.8,0.8,0.0,19.91,0.4,0.8,31.86,80.0,11.15,82.14,5.18,84.62,10.35,80.77,26.68,89.55,1.19,33.33,20.29,11.52,0.0,0.0,0.0,0.0,0.0,0.0,0.0,2.39,66.67,2.79,57.14,0.0,0.0,0.4,1.19,5.58,85.71,0,,0,,0,0.0,0.0,0.0,,,0.0,,,0.4,0.0,0.0,0.8,0,0.0
R Giacomin,Al Hamriyah,Náutico,"RW, LB",28,200000,,5,152,0,0.31,0,0.12,26.05,36.36,Brazil,Brazil,left,180,72,no,8.29,8.88,46.67,4.74,37.5,0.0,0.0,0.0,4.14,6.36,3.55,0,0.0,0,0.0,2.37,0.0,0,0.0,0.18,0,0.0,6,3.55,16.67,0.0,0.0,4.14,14.29,2.96,0.0,1.18,50.0,0.0,5.33,22.22,8.29,21.43,2.37,0.59,0.0,15.99,2.37,0.0,27.83,68.09,5.92,50.0,7.7,76.92,7.7,76.92,22.5,78.95,1.78,33.33,17.8,14.82,0.07,1.18,0.0,0.0,0.0,0.0,0.0,1.78,66.67,4.14,42.86,0.59,0.0,0.59,0.59,4.14,42.86,0,,0,,0,0.0,0.0,0.0,,,0.0,,,0.0,0.0,0.0,1.18,0,0.0
Ryan Guilherme,Rio Ave,Operário PR,RCMF,23,200000,2030-06-30,4,155,0,0.0,0,0.0,23.81,48.78,Brazil,Brazil,right,188,77,no,14.52,9.29,50.0,4.06,28.57,1.74,2.2,0.0,8.13,10.24,1.74,1,0.58,0,0.0,3.48,0.0,0,0.0,0.0,0,0.0,0,0.0,0.0,0.0,0.0,0.58,0.0,0.58,0.0,0.0,0.0,0.0,4.06,71.43,8.13,50.0,1.74,2.32,0.58,49.35,0.0,0.58,67.35,88.79,15.1,80.77,13.35,100.0,30.19,90.38,65.61,90.27,1.16,50.0,16.78,5.95,0.0,0.0,0.58,0.0,1.16,50.0,0.0,6.39,100.0,2.32,0.0,0.58,0.0,0.0,0.0,4.06,71.43,0,,0,,0,0.0,0.0,0.0,,,0.58,,,0.0,0.0,0.0,0.0,0,0.0
Vinícius Dias,Itabirito,Volta Redonda,GK,29,200000,,3,307,0,0.0,0,0.0,0.59,100.0,Brazil,Brazil,right,188,82,no,1.17,0.0,0.0,0.0,0.0,0.29,0.53,0.0,0.88,1.58,0.0,0,0.0,0,0.0,0.0,0.0,0,0.0,0.0,0,0.0,0,0.0,0.0,0.0,0.0,0.0,0.0,0.0,0.0,0.0,0.0,0.0,0.0,0.0,0.29,100.0,0.0,0.0,0.0,3.81,0.0,0.0,8.79,86.67,5.57,84.21,0.0,0.0,2.93,90.0,6.16,90.48,2.64,77.78,26.68,46.91,0.0,0.0,0.0,0.0,0.0,0.0,0.0,0.88,100.0,0.0,0.0,0.0,0.0,0.0,0.0,2.93,70.0,6,1.76,13,3.81,0,53.85,3.67,1.08,-2.33,-0.683,0.0,0.59,0.0,,,,0.0,0,0.0
Ribamar,Da Nang,Náutico,CF,29,200000,,4,288,2,1.04,1,0.11,20.63,36.36,Brazil,Brazil,left,184,81,no,2.81,0.63,100.0,10.0,15.63,0.0,0.0,0.0,2.19,2.96,0.31,0,0.0,0,0.0,1.25,0.63,2,0.63,0.33,0,0.0,5,1.56,40.0,40.0,0.31,0.31,0.0,0.31,0.0,0.0,0.0,0.0,0.94,33.33,7.19,43.48,2.19,0.31,0.0,4.06,0.94,3.44,10.31,54.55,3.75,33.33,1.88,100.0,2.81,55.56,9.69,58.06,0.31,0.0,19.24,6.05,0.03,0.31,0.0,0.0,0.31,100.0,0.31,1.56,60.0,0.63,0.0,0.31,100.0,0.31,0.0,1.25,50.0,0,,0,,0,0.0,0.0,0.0,,,0.0,,,0.0,0.0,0.0,0.0,0,0.0
Gut,Alianza Universidad,Figueirense,RCB,30,200000,2026-12-31,10,820,0,0.18,0,0.0,9.11,55.42,Brazil,Brazil,right,186,0,no,7.35,3.29,63.33,4.28,53.85,0.11,0.14,0.44,5.16,6.62,0.99,1,0.11,0,0.0,0.22,0.0,0,0.0,0.02,0,0.0,1,0.11,100.0,0.0,0.0,0.0,0.0,0.0,0.0,0.0,0.0,0.0,0.33,33.33,0.55,40.0,0.22,0.88,0.0,24.91,0.33,0.22,42.15,86.46,16.68,74.34,3.29,96.67,18.55,95.86,35.78,91.41,6.37,58.62,20.71,29.56,0.0,0.0,0.0,0.0,0.0,0.0,0.0,4.94,62.22,0.11,0.0,0.11,0.0,0.0,0.0,8.34,68.42,0,,0,,0,0.0,0.0,0.0,,,2.96,,,0.0,0.0,0.0,0.0,0,0.0
Luan Silva,Itabaiana,Amazonas,"CF, LAMF, AMF",33,150000,,20,1043,3,2.97,0,0.17,22.35,36.29,Brazil,Brazil,,0,0,no,4.57,3.62,54.76,6.13,35.21,0.6,0.95,0.09,1.98,3.12,2.16,1,0.09,1,0.09,1.9,0.26,3,0.26,0.26,1,0.09,29,2.5,24.14,10.345,0.0,0.78,0.0,0.09,0.0,0.69,0.0,0.26,1.9,63.64,9.06,33.33,2.76,0.78,0.26,10.1,1.29,1.29,13.37,74.84,3.11,44.44,3.62,92.86,3.71,79.07,12.08,80.71,0.52,50.0,16.23,12.64,0.01,0.69,0.0,0.09,0.43,20.0,0.09,2.16,48.0,0.86,20.0,0.43,20.0,0.35,0.09,1.38,50.0,0,,0,,0,0.0,0.0,0.0,,,0.0,,,0.0,0.0,0.0,0.0,0,0.0
Ralph,Lamphun Warrior,Ypiranga Erechim,"LCMF, RCMF",28,150000,2027-06-30,16,573,0,0.23,0,0.03,26.86,53.22,Brazil,Brazil,right,175,68,no,9.58,10.37,50.0,3.61,65.22,0.0,0.0,0.16,4.4,6.27,3.93,2,0.31,0,0.0,1.1,0.0,0,0.0,0.04,0,0.0,4,0.63,0.0,0.0,0.0,0.0,0.0,0.0,0.0,0.0,0.0,0.0,1.73,63.64,9.42,51.67,0.47,0.79,0.0,30.0,0.31,3.14,44.61,83.1,15.86,65.35,5.65,97.22,17.91,93.86,39.58,88.89,5.03,37.5,18.97,25.33,0.01,0.16,0.0,0.0,0.16,0.0,0.0,9.74,59.68,0.79,20.0,0.79,0.0,0.0,0.0,6.13,74.36,0,,0,,0,0.0,0.0,0.0,,,1.1,,,0.0,0.0,0.0,0.0,0,0.0
Samuel Granada,North District,Volta Redonda,CF,25,150000,,14,610,6,3.23,0,0.15,15.79,40.19,Brazil,Brazil,right,190,72,no,2.95,1.77,58.33,7.08,41.67,0.0,0.0,0.15,1.92,3.33,0.89,1,0.15,0,0.0,1.62,0.89,6,0.89,0.48,1,0.15,15,2.21,53.33,40.0,0.0,0.15,100.0,0.0,0.0,0.15,100.0,0.0,0.74,40.0,4.43,40.0,2.95,0.59,0.0,11.21,1.77,1.03,17.85,74.38,4.13,53.57,3.69,92.0,6.34,74.42,16.23,75.45,1.48,60.0,16.23,18.49,0.02,0.44,0.15,0.15,0.3,0.0,0.15,2.51,70.59,1.18,37.5,0.44,33.33,0.59,0.0,1.62,63.64,0,,0,,0,0.0,0.0,0.0,,,0.0,,,0.0,0.0,0.0,0.0,0,0.0
Alisson Santos,Napoli,Náutico,"LW, RW",23,150000,2030-06-30,9,214,1,0.2,1,0.53,24.81,40.68,Brazil,Brazil,right,177,70,yes,3.36,5.05,50.0,1.26,0.0,0.0,0.0,0.0,0.84,1.5,0.84,1,0.42,0,0.0,7.57,0.42,1,0.42,0.09,0,0.0,10,4.21,30.0,10.0,0.42,4.63,36.36,4.21,40.0,0.42,0.0,0.42,12.62,36.67,16.82,42.5,1.26,1.68,1.26,13.46,0.84,1.68,22.71,61.11,3.79,88.89,6.31,66.67,7.57,77.78,18.08,67.44,0.0,0.0,18.99,0.0,0.22,1.68,0.0,0.0,0.0,0.0,0.42,1.68,75.0,3.36,37.5,0.0,0.0,0.42,1.26,3.36,75.0,0,,0,,0,0.0,0.0,0.0,,,0.0,,,0.0,0.0,0.0,2.1,0,0.0
Luiz Filipe,Mirassol,São Bernardo FC,"LWF, RW, AMF",25,150000,2027-03-30,6,321,0,0.39,0,0.1,20.47,52.05,Brazil,Brazil,right,174,73,no,5.33,6.17,59.09,3.08,63.64,0.0,0.0,0.0,1.68,3.1,1.12,0,0.0,0,0.0,2.52,0.0,0,0.0,0.11,0,0.0,8,2.24,37.5,0.0,0.0,2.24,25.0,0.84,0.0,1.4,40.0,0.28,2.24,50.0,8.41,53.33,3.08,1.68,1.12,12.62,1.96,3.93,16.82,66.67,2.52,44.44,4.77,94.12,6.73,54.17,13.18,76.6,1.4,40.0,18.11,19.12,0.03,0.84,0.0,0.0,0.0,0.0,0.0,0.84,100.0,2.52,33.33,0.0,0.0,0.28,0.84,2.52,66.67,0,,0,,0,0.0,0.0,0.0,,,0.28,,,0.0,0.0,0.0,0.28,0,0.0
João Vialle,Polissya,Pouso Alegre,"RCB, RB",23,150000,2028-06-30,11,987,0,0.35,0,0.18,15.59,64.91,Brazil,Brazil,right,186,81,no,8.66,6.11,61.19,4.83,67.92,0.18,0.3,0.27,4.74,7.88,1.28,1,0.09,0,0.0,1.46,0.0,0,0.0,0.03,0,0.0,4,0.36,0.0,0.0,0.0,0.55,50.0,0.0,0.0,0.55,50.0,0.0,1.37,86.67,2.28,68.0,0.27,0.82,0.18,27.81,0.82,0.46,41.76,87.12,14.86,74.23,2.92,93.75,20.15,95.93,37.11,91.89,4.19,47.83,21.95,39.61,0.02,0.46,0.0,0.0,0.0,0.0,0.09,4.83,67.92,0.64,42.86,0.27,33.33,0.09,0.27,7.11,67.95,0,,0,,0,0.0,0.0,0.0,,,1.73,,,0.0,0.0,0.0,0.0,0,0.0
Laércio,XV de Jaú,Amazonas,"RW, LAMF, RAMF",27,150000,,3,76,0,0.21,1,0.05,23.68,35.0,Brazil,Brazil,right,179,75,no,8.29,2.37,50.0,4.74,50.0,1.18,2.5,1.18,5.92,12.5,0.0,1,1.18,0,0.0,1.18,0.0,0,0.0,0.25,0,0.0,2,2.37,0.0,0.0,1.18,3.55,0.0,2.37,0.0,1.18,0.0,0.0,7.11,16.67,15.39,30.77,3.55,2.37,0.0,13.03,2.37,2.37,21.32,66.67,3.55,33.33,7.11,66.67,8.29,71.43,17.76,80.0,0.0,0.0,21.89,0.0,0.06,1.18,0.0,0.0,0.0,0.0,1.18,2.37,100.0,2.37,50.0,0.0,0.0,1.18,0.0,2.37,100.0,0,,0,,0,0.0,0.0,0.0,,,0.0,,,0.0,0.0,0.0,0.0,0,0.0
Dalberto,DPMM FC,Paysandu,"LW, LAMF, RW",31,125000,,9,404,0,1.19,0,0.89,24.95,40.18,Brazil,Brazil,right,182,75,no,5.12,5.12,56.52,5.35,41.67,0.0,0.0,0.0,2.23,3.9,0.67,0,0.0,0,0.0,3.34,0.0,0,0.0,0.27,0,0.0,9,2.0,33.33,0.0,0.0,0.89,25.0,0.0,0.0,0.89,25.0,0.0,4.9,50.0,12.7,36.84,2.45,1.11,0.67,12.48,2.0,0.89,21.16,69.47,3.34,46.67,5.57,84.0,7.35,72.73,19.83,71.91,0.45,50.0,15.53,6.37,0.2,0.67,0.22,0.0,0.0,0.0,0.22,1.34,66.67,1.34,50.0,0.0,0.0,0.67,0.22,2.23,70.0,0,,0,,0,0.0,0.0,0.0,,,0.0,,,0.0,0.0,0.0,0.0,0,0.0
Cássio,Anápolis,Operário PR,"LW, LCMF, CF",33,100000,,13,842,1,1.1,3,0.99,20.16,37.7,Brazil,Brazil,right,175,70,no,6.5,5.07,58.7,2.31,38.1,0.0,0.0,0.0,3.53,5.82,0.77,2,0.21,0,0.0,2.31,0.11,1,0.11,0.12,0,0.0,12,1.32,41.67,8.333,0.33,0.99,44.44,0.66,50.0,0.33,33.33,0.0,3.08,39.29,10.35,28.72,1.21,1.1,0.33,22.03,1.54,1.1,35.03,81.76,8.92,65.43,10.24,94.62,7.93,80.56,32.39,84.69,1.76,50.0,14.21,18.76,0.11,1.32,0.0,0.0,0.44,25.0,0.55,4.41,57.5,2.09,47.37,0.99,44.44,0.66,0.33,3.41,83.87,0,,0,,0,0.0,0.0,0.0,,,0.0,,,0.99,0.22,0.0,2.53,0,0.0
German Fagner,Náutico,Operário PR,"RCB, CB",35,100000,2026-11-30,2,81,0,0.09,0,0.1,13.33,66.67,Brazil,Brazil,right,186,76,no,4.44,2.22,50.0,7.78,71.43,0.0,0.0,0.0,3.33,7.5,0.0,0,0.0,0,0.0,2.22,0.0,0,0.0,0.11,0,0.0,1,1.11,100.0,0.0,0.0,1.11,0.0,0.0,0.0,1.11,0.0,0.0,1.11,100.0,3.33,66.67,1.11,1.11,0.0,17.78,0.0,1.11,32.22,82.76,16.67,73.33,4.44,100.0,8.89,87.5,26.67,91.67,4.44,50.0,17.95,39.4,0.12,1.11,0.0,0.0,0.0,0.0,0.0,6.67,66.67,2.22,0.0,1.11,0.0,0.0,0.0,3.33,66.67,0,,0,,0,0.0,0.0,0.0,,,3.33,,,0.0,0.0,0.0,0.0,0,0.0
Allan Godói,Göztepe,Operário PR,RCB,33,100000,2027-06-30,14,1319,0,0.14,0,0.0,14.43,64.97,Brazil,Brazil,right,187,81,no,7.69,4.03,76.36,3.66,70.0,0.0,0.0,0.22,4.61,6.97,0.66,2,0.14,0,0.0,1.98,0.0,0,0.0,0.01,0,0.0,2,0.15,100.0,0.0,0.0,0.22,100.0,0.0,0.0,0.22,100.0,0.0,2.42,66.67,5.35,56.16,0.37,1.03,0.44,18.89,0.07,1.61,32.0,83.07,13.11,68.16,2.64,100.0,12.6,94.77,27.83,89.47,4.03,38.18,20.35,32.56,0.0,0.0,0.0,0.0,0.0,0.0,0.0,3.15,53.49,0.29,25.0,0.22,0.0,0.07,0.15,5.57,50.0,0,,0,,0,0.0,0.0,0.0,,,1.9,,,0.0,0.0,0.0,0.0,0,0.0
Felipe Garcia,São Bernardo FC,Operário PR,CF,35,100000,2026-11-30,7,512,1,2.14,0,0.35,24.43,35.25,Brazil,Brazil,right,185,80,no,3.52,4.39,24.0,10.37,42.37,0.35,0.61,0.0,2.11,3.67,2.99,2,0.35,0,0.0,1.23,0.18,0,0.0,0.38,0,0.0,11,1.93,54.55,9.091,0.0,0.53,0.0,0.18,0.0,0.35,0.0,0.0,0.7,25.0,6.33,30.56,3.52,1.05,0.0,13.01,1.58,1.23,16.17,76.09,4.04,73.91,3.69,85.71,5.1,58.62,14.41,79.27,1.41,62.5,15.43,28.24,0.06,1.05,0.0,0.0,0.18,0.0,0.18,1.58,55.56,0.88,40.0,0.18,0.0,0.88,0.0,1.76,80.0,0,,0,,0,0.0,0.0,0.0,,,0.0,,,0.0,0.0,0.0,0.0,1,100.0
Rafael Tavares,Amazonas,Amazonas,"AMF, RW, CF",35,100000,2026-12-31,21,1423,1,1.97,0,1.93,21.63,47.37,Brazil,Brazil,left,175,73,no,5.88,4.87,59.74,3.04,33.33,0.19,0.32,0.0,2.78,4.65,1.33,5,0.32,0,0.0,2.53,0.06,1,0.06,0.12,0,0.0,31,1.96,35.48,3.226,0.0,1.64,26.92,1.08,29.41,0.57,22.22,0.06,1.58,60.0,9.49,47.33,1.45,1.45,0.25,34.79,1.71,3.1,45.98,80.61,13.28,69.05,9.3,91.84,15.43,84.02,38.26,85.45,6.2,63.27,19.21,40.31,0.12,1.2,0.06,0.0,0.51,87.5,0.51,8.48,71.64,3.98,41.27,1.01,37.5,1.52,0.51,7.46,80.51,0,,0,,0,0.0,0.0,0.0,,,0.13,,,0.32,0.19,66.67,0.0,1,0.0
Wallace,Londrina,Brusque,LCB,38,100000,2026-12-31,24,2299,1,0.87,0,0.2,13.55,65.9,Brazil,Brazil,right,186,76,no,9.04,5.48,70.71,3.91,63.0,0.08,0.11,0.43,5.09,7.28,0.7,5,0.2,0,0.0,0.63,0.04,1,0.04,0.03,0,0.0,6,0.23,50.0,16.667,0.0,0.04,0.0,0.04,0.0,0.0,0.0,0.0,0.55,85.71,2.27,60.34,0.47,0.9,0.04,31.83,0.55,1.25,47.41,89.6,23.25,84.51,2.04,96.15,16.29,95.91,43.57,93.53,3.8,45.36,19.15,32.39,0.01,0.12,0.0,0.0,0.08,50.0,0.04,4.74,85.95,0.23,33.33,0.2,20.0,0.12,0.0,8.14,71.63,0,,0,,0,0.0,0.0,0.0,,,0.86,,,0.0,0.0,0.0,0.0,0,0.0
Matheus Nogueira,Brusque,Brusque,GK,39,100000,,23,2278,0,0.0,0,0.0,0.51,92.31,Brazil,Brazil,right,190,84,no,1.78,0.04,100.0,0.32,100.0,0.04,0.06,0.0,1.7,2.42,0.0,2,0.08,0,0.0,0.04,0.0,0,0.0,0.0,0,0.0,0,0.0,0.0,0.0,0.0,0.0,0.0,0.0,0.0,0.0,0.0,0.0,0.08,50.0,0.12,66.67,0.0,0.0,0.0,6.64,0.04,0.04,15.33,82.22,9.21,72.53,0.04,100.0,5.61,97.18,10.07,96.86,5.22,54.55,34.66,51.34,0.0,0.0,0.0,0.0,0.0,0.0,0.0,2.33,44.07,0.08,0.0,0.04,0.0,0.0,0.0,3.83,77.32,17,0.67,98,3.87,11,82.65,19.58,0.77,2.58,0.102,0.0,1.82,0.32,,,,0.0,0,0.0
Guilherme Queiróz,Botafogo SP,Brusque,CF,36,100000,2026-12-31,23,1665,10,8.09,2,1.44,16.22,30.0,Brazil,Brazil,right,179,75,no,2.59,3.24,41.67,4.0,27.03,0.0,0.0,0.11,1.24,1.88,1.57,0,0.0,1,0.05,2.38,0.54,6,0.32,0.44,2,0.11,34,1.84,52.94,29.412,0.11,0.43,62.5,0.22,75.0,0.22,50.0,0.0,2.27,47.62,6.54,28.93,2.38,0.65,0.38,6.65,1.19,0.86,9.89,75.96,2.22,58.54,2.59,87.5,3.24,78.33,9.14,77.51,0.49,55.56,17.46,12.55,0.08,0.54,0.0,0.0,0.16,33.33,0.22,1.57,72.41,0.49,55.56,0.22,25.0,0.43,0.11,1.08,85.0,0,,0,,0,0.0,0.0,0.0,,,0.0,,,0.0,0.0,0.0,0.0,4,100.0
Rodolfo Potiguar,Altos,Brusque,"LCMF, RCMF, LDMF",38,100000,2026-09-30,25,2397,2,1.93,0,0.03,15.36,47.43,Brazil,Brazil,right,179,70,no,8.75,5.74,56.21,4.17,43.24,0.3,0.43,0.26,5.22,7.43,1.24,6,0.23,1,0.04,1.31,0.08,2,0.08,0.07,0,0.0,41,1.54,31.71,4.878,0.0,0.23,16.67,0.15,0.0,0.08,50.0,0.0,1.01,66.67,3.3,44.32,0.53,0.3,0.04,30.64,0.23,0.68,44.83,81.57,16.56,67.35,4.43,92.37,19.97,90.79,33.83,88.68,10.78,60.63,24.36,41.1,0.0,0.11,0.08,0.0,0.23,50.0,0.04,9.61,62.11,0.9,29.17,0.83,13.64,0.3,0.04,9.16,73.36,0,,0,,0,0.0,0.0,0.0,,,0.23,,,0.15,0.15,25.0,0.0,0,0.0
Olávio,Bylis Ballsh,Brusque,CF,32,100000,,22,1065,7,6.43,2,0.5,20.62,28.28,Brazil,Brazil,right,184,84,no,1.94,1.52,61.11,6.68,24.05,0.08,0.12,0.17,0.93,1.3,1.27,3,0.25,1,0.08,1.61,0.59,4,0.34,0.54,2,0.17,31,2.62,38.71,22.581,0.17,0.0,0.0,0.0,0.0,0.0,0.0,0.0,1.01,58.33,7.52,24.72,3.21,0.59,0.08,4.82,1.18,1.27,6.68,67.09,1.52,55.56,2.28,74.07,1.35,68.75,6.42,67.11,0.25,66.67,12.01,6.02,0.04,0.34,0.0,0.0,0.0,0.0,0.25,0.59,28.57,0.25,33.33,0.08,0.0,0.34,0.0,0.51,66.67,0,,0,,0,0.0,0.0,0.0,,,0.0,,,0.0,0.0,0.0,0.0,3,100.0
Diego Tavares,Ponte Preta,Brusque,"RW, RAMF, RWF",35,100000,2026-11-30,23,1415,1,1.91,3,1.33,21.05,48.04,Brazil,Brazil,right,175,74,no,3.63,3.69,63.79,2.35,37.84,0.0,0.0,0.06,1.27,1.95,0.76,2,0.13,0,0.0,4.71,0.06,1,0.06,0.12,0,0.0,22,1.4,22.73,4.545,0.19,4.58,20.83,0.25,0.0,4.26,20.9,0.89,5.47,62.79,12.85,48.51,2.35,3.05,1.08,16.98,2.29,2.99,23.22,67.4,4.96,62.82,5.02,91.14,8.46,58.65,17.43,81.02,1.78,50.0,21.21,29.6,0.08,0.83,0.06,0.0,0.13,0.0,0.7,1.46,47.83,2.67,26.19,0.38,33.33,0.45,0.64,3.24,56.86,0,,0,,0,0.0,0.0,0.0,,,0.19,,,0.0,0.0,0.0,0.0,0,0.0
Éverton Alemão,Barra,Brusque,RCB,33,100000,,26,2639,2,1.88,0,0.01,11.83,64.27,Brazil,Brazil,right,185,80,no,9.89,4.26,72.0,4.16,63.93,0.41,0.59,1.3,6.41,9.31,0.92,3,0.1,0,0.0,0.65,0.07,2,0.07,0.06,1,0.03,12,0.41,25.0,16.667,0.0,0.03,0.0,0.0,0.0,0.03,0.0,0.03,0.61,83.33,1.64,64.58,0.44,0.61,0.07,22.92,0.55,0.31,38.3,86.11,14.26,69.86,2.01,96.61,19.06,96.78,32.64,92.58,5.63,49.09,23.12,39.92,0.0,0.03,0.0,0.0,0.07,50.0,0.03,3.24,53.68,0.31,11.11,0.24,0.0,0.07,0.0,5.7,65.87,0,,0,,0,0.0,0.0,0.0,,,1.33,,,0.0,0.0,0.0,0.0,0,0.0
Rubens,Tombense,Ypiranga Erechim,CF,32,100000,2026-08-30,11,412,0,0.89,0,0.0,25.56,34.19,Brazil,Brazil,right,194,90,no,4.81,4.15,68.42,7.43,35.29,0.0,0.0,0.66,1.97,3.21,1.97,1,0.22,0,0.0,0.66,0.0,0,0.0,0.19,0,0.0,5,1.09,0.0,0.0,0.0,0.22,0.0,0.22,0.0,0.0,0.0,0.0,1.31,50.0,9.17,21.43,1.53,0.44,0.22,5.9,1.31,1.31,13.76,77.78,3.06,57.14,5.02,78.26,3.71,82.35,13.11,80.0,0.44,50.0,13.08,2.8,0.0,0.0,0.0,0.0,0.0,0.0,0.0,0.87,75.0,0.0,0.0,0.0,0.0,0.0,0.0,0.66,33.33,0,,0,,0,0.0,0.0,0.0,,,0.0,,,0.0,0.0,0.0,0.0,0,0.0
Marcão,Gol Gohar Sirjan,Amazonas,GK,34,100000,,4,424,0,0.0,0,0.0,0.64,66.67,Brazil,Brazil,right,195,89,no,1.27,0.42,50.0,0.21,100.0,0.0,0.0,0.0,1.06,2.05,0.21,0,0.0,0,0.0,0.0,0.0,0,0.0,0.0,0,0.0,0,0.0,0.0,0.0,0.0,0.0,0.0,0.0,0.0,0.0,0.0,0.0,0.0,0.0,0.0,0.0,0.0,0.0,0.0,6.16,0.21,0.0,11.04,82.69,7.64,77.78,0.0,0.0,3.18,93.33,6.79,100.0,4.25,55.0,36.5,59.84,0.0,0.0,0.0,0.0,0.0,0.0,0.0,1.91,55.56,0.21,0.0,0.0,0.0,0.0,0.0,2.97,78.57,4,0.85,14,2.97,1,71.43,4.82,1.02,0.82,0.174,0.0,1.27,0.21,,,,0.0,0,0.0
Phillipe Guimarães,Nacional AM,Amazonas,"RDMF, RCMF, LCMF",35,100000,,25,2246,0,0.15,0,0.08,14.83,56.22,Brazil,Brazil,right,178,78,no,9.82,8.25,59.71,2.48,56.45,0.56,0.85,0.24,4.33,6.55,2.2,9,0.36,0,0.0,0.16,0.0,0,0.0,0.01,0,0.0,7,0.28,0.0,0.0,0.0,0.0,0.0,0.0,0.0,0.0,0.0,0.0,0.36,44.44,1.92,47.92,0.12,0.16,0.0,21.52,0.04,0.8,35.34,88.78,10.54,77.57,4.33,98.15,15.27,93.18,31.74,91.79,3.61,62.22,18.84,31.83,0.0,0.16,0.0,0.0,0.04,0.0,0.0,4.89,77.87,0.24,33.33,0.08,50.0,0.16,0.0,5.09,77.95,0,,0,,0,0.0,0.0,0.0,,,0.44,,,0.04,0.0,0.0,0.0,0,0.0
J. Jiménez,América Mineiro,Amazonas,"LCMF, LDMF, RDMF",33,100000,2026-11-30,17,932,0,0.15,0,0.16,17.0,51.7,Paraguay,Paraguay,right,181,80,no,10.82,9.27,52.08,2.99,58.06,0.77,1.22,0.1,5.21,8.22,2.12,6,0.58,1,0.1,0.87,0.0,0,0.0,0.01,0,0.0,6,0.58,16.67,0.0,0.0,0.29,33.33,0.0,0.0,0.29,33.33,0.0,1.16,58.33,2.32,54.17,0.1,0.39,0.1,31.48,0.19,0.68,45.58,88.77,13.71,78.17,4.92,92.16,20.67,94.86,42.3,91.55,2.99,54.84,19.86,30.44,0.02,0.19,0.0,0.0,0.29,0.0,0.1,8.02,80.72,0.58,33.33,0.39,0.0,0.1,0.1,7.15,82.43,0,,0,,0,0.0,0.0,0.0,,,0.19,,,0.0,0.0,0.0,0.0,0,0.0
Edson Mardden,,Amazonas,GK,34,100000,,17,1750,0,0.0,0,0.0,0.77,73.33,Brazil,Brazil,right,190,89,no,0.82,0.0,0.0,0.62,66.67,0.0,0.0,0.0,0.82,1.24,0.0,3,0.15,1,0.05,0.0,0.0,0,0.0,0.0,0,0.0,0,0.0,0.0,0.0,0.0,0.0,0.0,0.0,0.0,0.0,0.0,0.0,0.0,0.0,0.1,100.0,0.0,0.0,0.0,5.19,0.05,0.1,10.39,80.69,7.15,72.66,0.0,0.0,3.14,100.0,5.3,98.06,4.99,63.92,39.67,55.19,0.0,0.0,0.0,0.0,0.0,0.0,0.0,1.7,36.36,0.21,0.0,0.15,66.67,0.0,0.0,3.96,81.82,14,0.72,52,2.67,10,73.08,14.2,0.73,0.2,0.01,0.0,1.39,0.62,,,,0.0,0,0.0
D. Torres,Guarani,Amazonas,"LW, AMF, CF",35,100000,,12,849,2,1.64,0,1.64,11.24,42.45,Argentina,Argentina,left,174,70,no,4.35,3.5,54.55,2.01,52.63,0.64,1.15,0.0,1.8,3.27,0.32,4,0.42,0,0.0,1.8,0.21,1,0.11,0.17,0,0.0,19,2.01,36.84,10.526,0.0,1.06,50.0,0.64,33.33,0.42,75.0,0.21,1.27,25.0,3.6,32.35,1.59,0.74,0.42,23.32,2.23,0.85,34.45,82.77,9.86,65.59,7.42,95.71,10.92,86.41,30.21,86.67,3.18,56.67,17.96,29.85,0.17,1.48,0.0,0.0,0.32,66.67,0.21,5.3,70.0,2.12,35.0,0.42,25.0,0.21,0.53,5.62,77.36,0,,0,,0,0.0,0.0,0.0,,,0.0,,,3.07,1.06,30.0,3.29,1,100.0
Fabiano,Amazonas,Confiança,"LB, RDMF",36,100000,,6,298,0,0.26,0,0.04,15.4,50.98,Brazil,Brazil,left,180,80,no,9.97,8.46,50.0,3.02,40.0,0.91,1.17,0.3,4.83,6.23,2.42,0,0.0,0,0.0,0.91,0.0,0,0.0,0.08,0,0.0,1,0.3,0.0,0.0,0.0,2.11,14.29,2.11,14.29,0.0,0.0,0.3,0.6,100.0,2.11,71.43,0.3,1.21,0.3,20.23,0.91,0.6,31.41,74.04,14.19,65.96,2.42,87.5,8.76,79.31,25.07,85.54,4.23,35.71,16.17,26.36,0.01,0.6,0.0,0.0,0.0,0.0,0.0,6.34,61.9,1.51,20.0,0.3,100.0,0.0,0.3,8.76,75.86,0,,0,,0,0.0,0.0,0.0,,,0.0,,,0.0,0.0,0.0,0.0,0,0.0
Rafael Santos,Chapecoense,Operário PR,GK,37,100000,2026-12-31,22,2259,0,0.0,0,0.0,1.04,76.0,Brazil,Brazil,right,191,82,no,1.66,0.17,25.0,0.5,100.0,0.0,0.0,0.0,1.62,2.52,0.04,7,0.28,0,0.0,0.08,0.0,0,0.0,0.0,0,0.0,0,0.0,0.0,0.0,0.0,0.0,0.0,0.0,0.0,0.0,0.0,0.0,0.08,100.0,0.21,100.0,0.0,0.04,0.0,13.61,0.08,0.21,22.16,82.96,12.07,71.13,0.0,0.0,9.54,97.39,15.56,97.6,6.43,49.68,32.81,51.22,0.0,0.0,0.0,0.0,0.0,0.0,0.0,2.57,37.1,0.21,20.0,0.25,0.0,0.04,0.0,4.69,62.83,18,0.75,78,3.24,10,76.92,19.89,0.83,1.89,0.078,0.0,1.62,0.5,,,,0.0,0,0.0
Rafhael Lucas,CRAC,Operário PR,"CF, AMF",33,100000,,9,397,0,0.64,0,0.13,12.24,38.89,Brazil,Brazil,right,175,68,no,1.81,2.72,33.33,2.49,63.64,0.0,0.0,0.0,0.91,1.76,2.04,3,0.68,0,0.0,1.13,0.0,0,0.0,0.15,0,0.0,3,0.68,33.33,0.0,0.0,0.91,50.0,0.23,100.0,0.68,33.33,0.23,0.91,50.0,5.89,34.62,1.36,0.45,0.23,16.32,0.91,0.91,21.31,78.72,4.53,45.0,4.53,85.0,6.35,89.29,19.27,80.0,1.36,83.33,16.21,23.77,0.03,0.68,0.0,0.0,0.45,0.0,0.23,1.59,57.14,2.04,33.33,0.91,50.0,0.68,0.45,2.27,60.0,0,,0,,0,0.0,0.0,0.0,,,0.0,,,0.23,0.23,0.0,0.0,0,0.0
Índio,Operário PR,Operário PR,"LCMF, LCB, LDMF",33,100000,2026-11-30,23,2013,0,0.55,0,0.37,13.81,54.58,Brazil,Brazil,left,185,82,no,7.68,4.91,63.81,3.14,56.72,0.33,0.51,0.09,4.21,6.52,1.31,4,0.18,0,0.0,0.7,0.0,0,0.0,0.03,0,0.0,11,0.51,0.0,0.0,0.0,0.33,42.86,0.33,42.86,0.0,0.0,0.0,0.75,75.0,3.79,45.68,0.42,0.56,0.33,34.96,0.33,0.75,53.4,87.38,19.14,77.02,5.99,96.09,19.56,93.78,48.07,91.14,5.1,53.21,18.2,37.25,0.02,0.51,0.05,0.09,0.09,0.0,0.05,8.1,75.72,0.94,50.0,0.42,33.33,0.47,0.14,8.52,76.37,0,,0,,0,0.0,0.0,0.0,,,0.84,,,0.05,0.0,0.0,0.0,0,0.0
Felipe Augusto,Operário PR,Operário PR,"CF, RW, AMF",34,100000,2027-03-31,22,2257,8,6.78,2,1.16,15.78,33.68,Brazil,Brazil,right,182,82,no,2.62,1.74,40.48,3.11,36.0,0.04,0.06,0.08,1.87,2.87,0.79,3,0.12,0,0.0,3.74,0.32,7,0.29,0.28,0,0.0,82,3.41,40.24,9.756,0.08,2.28,27.27,1.54,27.03,0.75,27.78,0.25,3.78,45.05,8.76,32.23,2.78,1.66,0.87,13.17,1.74,0.58,17.19,67.39,4.36,60.0,3.45,86.75,5.4,64.62,13.5,76.0,1.58,47.37,18.26,27.36,0.05,0.75,0.04,0.04,0.04,100.0,0.37,1.74,52.38,1.83,52.27,0.21,20.0,0.5,0.66,2.62,73.02,0,,0,,0,0.0,0.0,0.0,,,0.0,,,0.37,0.12,66.67,0.66,1,100.0
Bruno Alves,Ituano,Paysandu,"RW, RAMF, CF",33,100000,,17,1054,1,0.71,0,1.57,19.21,41.78,Brazil,Brazil,right,179,78,no,5.81,5.64,53.03,3.67,25.58,0.77,1.2,0.09,2.05,3.2,1.71,2,0.17,0,0.0,3.59,0.09,1,0.09,0.06,0,0.0,16,1.37,25.0,6.25,0.0,3.24,47.37,0.51,50.0,2.73,46.88,0.85,2.82,60.61,7.69,42.22,1.45,0.77,0.6,12.81,1.71,1.2,18.19,75.12,3.76,65.91,4.27,92.0,7.0,71.95,13.75,84.47,1.88,50.0,20.78,34.14,0.13,1.11,0.0,0.09,0.0,0.0,0.6,1.71,60.0,2.22,50.0,0.17,100.0,0.51,1.11,2.48,79.31,0,,0,,0,0.0,0.0,0.0,,,0.0,,,1.2,0.17,0.0,1.37,0,0.0
Alex Ruan,Santa Cruz,Brusque,LB,33,100000,,23,1730,2,2.77,0,1.85,15.61,43.67,Brazil,Brazil,left,175,68,no,7.44,6.76,46.92,2.71,36.54,0.57,0.83,0.16,3.69,5.32,2.18,8,0.42,1,0.05,2.5,0.1,2,0.1,0.14,0,0.0,29,1.51,31.03,6.897,0.0,3.23,40.32,3.02,37.93,0.21,75.0,0.42,1.04,50.0,4.27,46.34,0.94,1.46,0.52,25.49,2.08,0.99,34.23,78.12,10.4,66.5,6.5,96.8,10.77,78.26,27.42,86.15,3.9,52.0,19.19,29.96,0.1,1.04,0.1,0.0,0.26,80.0,0.31,3.33,64.06,3.07,45.76,0.31,50.0,0.52,1.14,6.4,77.24,0,,0,,0,0.0,0.0,0.0,,,0.36,,,0.83,0.16,66.67,1.82,0,0.0
Paulão,,Paysandu,"LCB, RCB",40,100000,,11,1089,1,0.46,0,0.11,9.67,57.26,Brazil,Brazil,right,187,82,no,7.93,3.22,69.23,3.55,55.81,0.5,0.74,0.74,5.21,7.78,0.5,4,0.33,0,0.0,0.33,0.08,1,0.08,0.04,1,0.08,5,0.41,40.0,20.0,0.0,0.08,100.0,0.08,100.0,0.0,0.0,0.0,0.08,100.0,0.99,33.33,0.66,0.17,0.0,19.26,0.5,0.41,30.58,82.16,11.57,68.57,1.4,76.47,15.79,92.67,24.05,89.35,6.45,55.13,24.91,42.92,0.01,0.08,0.0,0.0,0.0,0.0,0.0,3.55,51.16,0.5,33.33,0.17,0.0,0.17,0.08,5.87,66.2,0,,0,,0,0.0,0.0,0.0,,,0.83,,,0.0,0.0,0.0,0.0,0,0.0
Matheus Salustiano,São Bernardo FC,São Bernardo FC,"CB, LCB",33,100000,2027-03-31,22,2236,0,0.5,0,0.01,11.87,63.39,Brazil,Brazil,right,183,76,no,8.94,4.91,70.49,4.03,68.0,0.4,0.59,0.4,5.07,7.44,0.76,7,0.28,0,0.0,0.2,0.0,0,0.0,0.02,0,0.0,6,0.24,33.33,0.0,0.0,0.08,0.0,0.0,0.0,0.04,0.0,0.0,0.2,60.0,0.89,50.0,0.24,0.36,0.08,19.68,0.16,0.48,32.36,82.84,10.79,59.7,1.77,93.18,18.11,95.78,27.69,88.37,4.59,50.88,23.63,35.99,0.0,0.08,0.0,0.0,0.0,0.0,0.0,3.18,53.16,0.36,11.11,0.08,0.0,0.0,0.0,5.39,57.46,0,,0,,0,0.0,0.0,0.0,,,1.57,,,0.0,0.0,0.0,0.0,0,0.0
Guilherme Xavier,Ituano,Amazonas,"LCMF, LDMF",31,100000,,21,1065,0,0.35,0,0.13,16.39,46.39,Brazil,Brazil,left,170,73,no,7.44,8.54,42.57,2.28,40.74,0.0,0.0,0.17,3.8,5.79,2.7,2,0.17,0,0.0,1.27,0.0,0,0.0,0.03,0,0.0,13,1.1,46.15,0.0,0.0,0.68,25.0,0.51,16.67,0.08,0.0,0.17,0.42,100.0,3.21,63.16,0.51,1.44,0.25,29.92,0.17,1.69,42.85,87.18,13.52,71.25,4.14,100.0,18.59,94.09,39.8,90.23,2.37,53.57,17.64,20.73,0.01,0.76,0.08,0.0,0.42,40.0,0.25,8.03,84.21,1.35,31.25,0.25,33.33,0.25,0.34,6.68,73.42,0,,0,,0,0.0,0.0,0.0,,,0.08,,,0.25,0.0,0.0,0.42,0,0.0
Gustavo Ermel,Uberlândia,Amazonas,"RW, LW, RAMF",31,100000,2027-12-31,15,791,2,2.14,2,1.17,23.67,42.79,Brazil,Brazil,left,165,60,no,7.74,7.96,50.0,3.3,24.14,0.0,0.0,0.0,3.75,5.59,1.71,4,0.46,0,0.0,3.64,0.23,2,0.23,0.24,0,0.0,24,2.73,29.17,8.333,0.23,1.02,66.67,0.46,50.0,0.57,80.0,0.0,2.73,66.67,9.1,42.5,2.28,1.02,0.57,11.26,1.14,2.73,17.52,75.32,5.46,68.75,3.98,88.57,4.66,73.17,15.93,76.43,0.8,57.14,15.95,19.36,0.13,1.25,0.0,0.0,0.46,75.0,0.23,1.71,66.67,1.71,60.0,0.11,0.0,0.57,0.46,3.87,73.53,0,,0,,0,0.0,0.0,0.0,,,0.23,,,0.8,0.23,0.0,1.25,0,0.0
Alison,Nacional AM,Amazonas,RCB,28,100000,,6,224,0,0.0,0,0.0,15.67,74.36,Brazil,Brazil,right,182,80,no,10.85,6.83,88.24,6.03,66.67,0.4,0.61,0.0,4.42,6.73,0.4,0,0.0,0,0.0,0.0,0.0,0,0.0,0.0,0,0.0,0,0.0,0.0,0.0,0.0,0.0,0.0,0.0,0.0,0.0,0.0,0.0,0.0,0.0,0.8,0.0,0.0,0.0,0.0,22.5,0.0,0.0,35.76,84.27,11.65,65.52,4.42,90.91,14.06,97.14,33.35,86.75,2.41,50.0,18.78,20.7,0.0,0.0,0.0,0.0,0.0,0.0,0.0,1.61,75.0,0.0,0.0,0.0,0.0,0.0,0.0,4.82,33.33,0,,0,,0,0.0,0.0,0.0,,,3.62,,,0.0,0.0,0.0,0.0,0,0.0
Foguinho,Blumenau,Amazonas,"CF, RAMF, LW",25,100000,2026-11-30,15,655,0,0.46,1,1.14,13.74,47.0,Brazil,Brazil,left,169,66,no,2.89,2.89,52.38,0.55,25.0,0.0,0.0,0.0,1.37,1.95,0.41,0,0.0,0,0.0,3.3,0.0,0,0.0,0.06,0,0.0,8,1.1,25.0,0.0,0.14,1.37,30.0,0.69,20.0,0.69,40.0,0.27,4.95,50.0,8.66,46.03,1.24,3.98,1.51,26.66,1.24,1.1,35.59,80.31,11.95,71.26,5.91,95.35,10.58,84.42,32.02,83.69,2.2,62.5,16.11,26.03,0.16,1.79,0.14,0.14,0.55,25.0,0.14,5.77,73.81,2.75,45.0,0.55,50.0,1.37,0.41,4.81,91.43,0,,0,,0,0.0,0.0,0.0,,,0.27,,,1.1,0.0,0.0,2.06,0,0.0
Gabriel Silva,Barra,América RN,"RW, LW, RAMF",27,100000,,17,639,0,0.95,0,0.78,22.96,43.56,Brazil,Brazil,right,177,72,no,5.77,5.21,59.46,2.82,30.0,0.0,0.0,0.0,2.68,4.13,1.13,3,0.42,0,0.0,5.07,0.0,0,0.0,0.13,0,0.0,22,3.1,27.27,0.0,0.0,2.25,56.25,0.56,75.0,1.69,50.0,0.14,5.35,55.26,13.52,40.63,2.39,2.68,0.28,21.13,1.41,1.83,27.32,78.35,5.92,73.81,7.04,92.0,7.75,83.64,24.37,82.66,0.7,0.0,16.82,8.91,0.11,1.13,0.14,0.0,0.0,0.0,0.56,2.96,76.19,2.54,77.78,0.0,0.0,1.27,1.13,3.24,82.61,0,,0,,0,0.0,0.0,0.0,,,0.14,,,0.28,0.14,100.0,0.28,0,0.0
Wanderson,Náutico,Paysandu,RCB,31,100000,2026-11-30,20,1688,1,0.35,0,0.05,13.7,59.14,Brazil,Brazil,right,187,85,no,8.1,6.29,61.02,4.64,64.37,0.27,0.42,0.27,4.0,6.3,1.49,6,0.32,0,0.0,0.21,0.05,1,0.05,0.02,1,0.05,5,0.27,20.0,20.0,0.0,0.11,50.0,0.0,0.0,0.11,50.0,0.0,0.16,66.67,0.91,41.18,0.21,0.37,0.05,14.93,0.32,0.32,25.59,81.67,12.9,72.73,1.39,88.46,9.22,91.91,20.1,89.92,5.39,51.49,23.2,38.0,0.0,0.11,0.0,0.0,0.05,0.0,0.05,4.69,57.95,0.64,33.33,0.53,10.0,0.16,0.05,5.76,73.15,0,,0,,0,0.0,0.0,0.0,,,0.85,,,0.0,0.0,0.0,0.0,0,0.0
Nícolas Careca,Grêmio Novorizontino,Paysandu,"CF, RAMF",29,100000,2026-11-30,14,987,2,2.64,2,0.52,27.08,32.32,Brazil,Brazil,right,188,84,no,4.38,5.47,35.0,7.48,31.71,0.09,0.15,0.0,2.37,4.02,3.19,2,0.18,1,0.09,1.73,0.18,2,0.18,0.24,0,0.0,17,1.55,35.29,11.765,0.18,1.46,31.25,0.46,20.0,1.0,36.36,0.0,2.1,34.78,9.57,28.57,2.28,0.91,0.0,7.93,1.55,2.19,12.77,65.0,3.74,56.1,3.01,84.85,2.46,70.37,10.21,71.43,1.09,50.0,17.12,14.26,0.05,0.27,0.09,0.09,0.09,0.0,0.09,1.37,60.0,0.91,40.0,0.36,25.0,0.36,0.46,1.55,70.59,0,,0,,0,0.0,0.0,0.0,,,0.0,,,0.0,0.0,0.0,0.0,0,0.0
Mário Sérgio,Consadole Sapporo,Paysandu,"CF, RAMF",30,100000,2026-12-31,22,2281,9,11.05,0,0.37,19.02,36.93,Brazil,Brazil,left,181,70,no,3.55,2.96,56.0,7.93,29.85,0.08,0.12,0.12,1.81,2.87,0.99,6,0.24,1,0.04,1.81,0.36,6,0.24,0.44,1,0.04,48,1.89,45.83,18.75,0.0,0.43,36.36,0.32,25.0,0.12,66.67,0.04,1.26,59.38,5.64,39.16,2.8,0.43,0.36,5.84,1.42,1.85,7.62,72.54,1.81,54.35,2.09,90.57,2.01,78.43,6.9,76.0,0.28,42.86,16.4,10.22,0.01,0.32,0.04,0.12,0.04,100.0,0.12,0.87,50.0,0.36,44.44,0.08,50.0,0.16,0.16,1.14,58.62,0,,0,,0,0.0,0.0,0.0,,,0.0,,,0.0,0.0,0.0,0.0,4,75.0
Matheus Nogueira,São Bernardo FC,Paysandu,GK,28,100000,2028-12-31,14,1460,0,0.0,0,0.0,0.8,76.92,Brazil,Brazil,right,191,86,yes,1.6,0.12,0.0,0.49,87.5,0.0,0.0,0.0,1.6,2.89,0.0,2,0.12,0,0.0,0.0,0.0,0,0.0,0.0,0,0.0,0,0.0,0.0,0.0,0.0,0.0,0.0,0.0,0.0,0.0,0.0,0.0,0.0,0.0,0.06,100.0,0.0,0.0,0.0,8.32,0.25,0.12,16.34,76.6,11.03,68.72,0.0,0.0,4.81,94.87,9.06,93.88,7.21,55.56,38.91,54.76,0.0,0.0,0.0,0.0,0.0,0.0,0.0,3.88,50.79,0.18,33.33,0.25,25.0,0.06,0.0,5.3,74.42,13,0.8,56,3.45,4,76.79,14.08,0.87,1.08,0.067,0.0,2.03,0.49,,,,0.0,0,0.0
Edílson,Paysandu,Paysandu,RB,31,100000,,22,1635,1,0.77,0,1.8,16.95,51.62,Brazil,Brazil,right,171,74,no,7.93,6.5,59.32,3.25,27.12,0.28,0.47,0.33,3.8,6.43,1.71,5,0.28,1,0.06,3.47,0.06,1,0.06,0.04,0,0.0,5,0.28,60.0,20.0,0.0,3.25,52.54,0.0,0.0,3.25,52.54,0.61,2.09,76.32,4.9,62.92,0.66,1.82,0.66,22.35,0.94,1.54,33.19,80.1,12.22,76.13,3.74,95.59,12.0,79.36,26.31,86.4,3.74,58.82,20.75,36.87,0.1,0.66,0.11,0.06,0.06,0.0,0.55,4.07,74.32,3.19,56.9,0.22,0.0,0.28,1.54,8.2,75.17,0,,0,,0,0.0,0.0,0.0,,,0.99,,,0.0,0.0,0.0,0.0,0,0.0
Jacy,Coritiba,Paysandu,"RDMF, DMF, LCMF",29,100000,2028-12-31,17,1110,1,1.53,0,0.0,20.59,54.33,Brazil,Brazil,right,192,83,no,8.84,7.62,57.45,6.49,72.5,0.65,1.1,0.65,3.81,6.44,2.59,5,0.41,1,0.08,0.49,0.08,1,0.08,0.12,1,0.08,15,1.22,20.0,6.667,0.0,0.24,0.0,0.0,0.0,0.24,0.0,0.08,0.65,37.5,2.92,22.22,1.05,0.32,0.0,13.62,0.08,0.73,22.46,79.78,8.03,65.66,2.19,92.59,8.76,87.96,21.16,83.52,1.05,23.08,18.01,22.42,0.0,0.0,0.0,0.0,0.16,0.0,0.0,2.84,60.0,0.41,20.0,0.24,0.0,0.08,0.0,3.08,42.11,0,,0,,0,0.0,0.0,0.0,,,0.16,,,0.0,0.0,0.0,0.0,0,0.0
João Vieira,Vila Nova,Paysandu,"RB, LDMF, RCMF",28,100000,2027-12-31,22,1818,1,2.04,0,0.44,14.7,52.53,Brazil,Brazil,right,173,68,no,8.86,8.17,61.82,2.03,39.02,0.4,0.63,0.15,3.42,5.45,2.18,10,0.5,0,0.0,1.19,0.05,1,0.05,0.1,0,0.0,15,0.74,20.0,6.667,0.0,0.74,46.67,0.1,50.0,0.64,46.15,0.05,0.94,68.42,3.07,43.55,0.45,1.14,0.3,22.72,0.64,1.19,32.62,85.89,10.84,76.26,2.87,93.1,14.65,91.55,28.66,89.81,3.37,60.29,19.92,35.48,0.02,0.54,0.1,0.0,0.05,100.0,0.15,5.64,71.93,1.44,48.28,0.45,33.33,0.25,0.4,5.74,81.9,0,,0,,0,0.0,0.0,0.0,,,0.25,,,0.45,0.25,40.0,0.45,0,0.0
Kevyn,Londrina,Paysandu,LB,28,100000,2026-11-30,12,1050,2,1.75,0,1.1,15.94,46.24,Brazil,Brazil,left,178,76,no,7.11,4.71,67.27,5.14,45.0,0.69,1.24,0.43,3.26,5.88,0.94,1,0.09,0,0.0,1.2,0.17,2,0.17,0.15,1,0.09,7,0.6,28.57,28.571,0.0,1.2,35.71,1.2,35.71,0.0,0.0,0.09,1.37,37.5,3.86,37.78,1.46,0.77,0.0,10.97,0.43,1.11,16.46,77.08,6.26,72.6,2.49,79.31,4.37,90.2,14.4,81.55,0.94,54.55,18.59,18.01,0.09,0.51,0.0,0.0,0.09,100.0,0.17,1.71,75.0,0.69,50.0,0.09,100.0,0.26,0.43,3.94,69.57,0,,0,,0,0.0,0.0,0.0,,,0.26,,,0.0,0.0,0.0,0.0,0,0.0
Dudu Scheit,,Operário PR,"LW, LAMF, CF",25,100000,,16,1060,5,2.04,0,0.46,21.57,40.16,Brazil,Brazil,right,174,67,no,7.47,6.37,58.67,2.29,25.93,0.25,0.43,0.17,3.48,5.83,1.95,5,0.42,0,0.0,2.12,0.42,5,0.42,0.17,0,0.0,15,1.27,46.67,33.333,0.0,0.59,0.0,0.17,0.0,0.42,0.0,0.08,2.55,60.0,10.02,39.83,1.78,1.27,0.85,17.32,1.27,2.72,21.91,81.78,5.18,73.77,5.18,96.72,5.18,73.77,20.63,85.19,0.93,36.36,14.57,20.59,0.04,0.59,0.0,0.08,0.08,0.0,0.08,2.29,70.37,1.1,38.46,0.08,0.0,0.34,0.0,1.87,63.64,0,,0,,0,0.0,0.0,0.0,,,0.0,,,0.0,0.0,0.0,0.34,0,0.0
Vinicius Diniz,Operário PR,Operário PR,"RCMF, RDMF",26,100000,2027-12-31,20,1649,2,1.27,3,1.48,20.38,58.92,Brazil,Brazil,right,190,82,no,8.43,7.1,61.79,4.68,66.67,0.23,0.34,0.29,3.81,5.56,1.91,9,0.49,0,0.0,2.08,0.11,2,0.12,0.07,1,0.06,20,1.15,20.0,10.0,0.17,0.92,18.75,0.12,50.0,0.81,14.29,0.12,1.85,75.0,6.18,54.21,1.1,0.69,0.23,25.86,0.52,1.85,39.89,80.75,13.62,65.25,5.72,95.96,12.7,88.64,35.56,85.39,3.46,50.0,18.06,38.61,0.09,0.87,0.12,0.0,0.52,55.56,0.35,6.64,70.43,1.39,37.5,0.69,33.33,0.4,0.12,6.12,68.87,0,,0,,0,0.0,0.0,0.0,,,0.52,,,0.0,0.0,0.0,0.0,0,0.0
M. Antônio,PVF-CAND,Operário PR,"LCMF, RCMF, RAMF",25,100000,,6,301,0,0.3,1,0.85,13.75,54.35,Brazil,Brazil,both,182,75,no,6.28,5.38,66.67,0.9,66.67,0.0,0.0,0.3,2.69,5.0,0.6,1,0.3,0,0.0,3.89,0.0,0,0.0,0.09,0,0.0,5,1.5,40.0,0.0,0.3,1.5,80.0,0.6,100.0,0.9,66.67,0.0,2.99,70.0,5.98,50.0,0.9,1.2,0.0,33.49,0.9,1.2,48.74,68.71,19.14,56.25,5.08,94.12,12.26,80.49,42.16,72.34,5.08,35.29,16.98,26.73,0.25,1.79,0.0,0.0,0.9,0.0,0.6,11.06,51.35,3.59,41.67,2.39,12.5,0.6,1.2,7.77,57.69,0,,0,,0,0.0,0.0,0.0,,,0.0,,,0.9,0.3,0.0,5.38,0,0.0
Willian Machado,Mirassol,Operário PR,"LCB, CB",29,100000,2028-12-31,23,2275,0,0.68,1,0.79,11.95,65.52,Brazil,Brazil,left,186,90,no,8.07,4.37,70.75,4.57,73.87,0.12,0.19,0.74,4.86,7.48,0.99,6,0.24,1,0.04,0.08,0.0,0,0.0,0.03,0,0.0,7,0.29,14.29,0.0,0.04,0.29,14.29,0.25,16.67,0.04,0.0,0.04,0.12,0.0,0.91,31.82,0.58,0.95,0.0,32.13,0.12,0.21,47.74,87.4,17.79,74.77,2.22,92.59,24.47,96.63,41.6,92.38,5.93,54.86,22.83,37.05,0.03,0.21,0.0,0.0,0.0,0.0,0.08,5.11,70.16,0.49,33.33,0.12,100.0,0.29,0.08,8.65,72.86,0,,0,,0,0.0,0.0,0.0,,,1.69,,,0.04,0.0,0.0,0.0,0,0.0
Lucas Hipólito,Portuguesa,Operário PR,LB,30,100000,2026-09-14,9,688,1,0.59,0,0.35,18.71,55.94,Brazil,Brazil,left,172,72,no,7.72,6.15,55.32,4.32,54.55,0.39,0.71,0.13,3.92,7.14,1.44,2,0.26,0,0.0,2.22,0.13,1,0.13,0.08,1,0.13,3,0.39,33.33,33.333,0.0,1.83,21.43,1.83,21.43,0.0,0.0,0.52,2.49,68.42,5.1,61.54,0.92,1.18,0.0,23.94,1.57,2.35,34.53,81.06,13.08,71.0,5.63,100.0,9.03,78.26,29.04,89.64,3.66,42.86,18.35,27.7,0.05,0.65,0.0,0.0,0.13,0.0,0.0,4.58,65.71,2.35,33.33,0.52,25.0,0.39,0.52,7.19,67.27,0,,0,,0,0.0,0.0,0.0,,,0.39,,,0.13,0.0,0.0,0.0,0,0.0
Diego Mathias,Grêmio Novorizontino,Brusque,"RW, RDMF, CF",27,100000,2029-12-31,13,307,1,0.45,1,0.2,28.73,42.86,Brazil,Brazil,left,182,73,yes,7.92,10.26,45.71,3.81,30.77,0.59,0.92,0.0,2.64,4.15,2.64,2,0.59,0,0.0,3.52,0.29,1,0.29,0.13,0,0.0,9,2.64,22.22,11.111,0.29,0.88,66.67,0.29,100.0,0.59,50.0,0.0,3.52,66.67,11.43,43.59,2.35,0.88,0.0,24.04,0.88,2.93,30.78,78.1,8.79,60.0,5.86,80.0,10.85,86.49,25.21,83.72,4.69,50.0,20.63,27.61,0.06,0.88,0.29,0.0,0.29,0.0,0.29,3.52,75.0,1.76,66.67,0.29,0.0,0.88,0.59,4.4,73.33,0,,0,,0,0.0,0.0,0.0,,,0.0,,,0.29,0.0,0.0,0.59,0,0.0
Madison,Confiança,Brusque,"RCMF, CF, RDMF",28,100000,2026-12-31,26,1796,2,1.09,0,0.51,18.49,43.09,Brazil,Brazil,right,178,68,no,7.42,8.42,47.62,2.71,35.19,0.25,0.36,0.35,3.16,4.53,3.31,6,0.3,0,0.0,0.85,0.1,2,0.1,0.05,1,0.05,19,0.95,31.58,10.526,0.0,0.95,21.05,0.0,0.0,0.95,21.05,0.2,0.55,54.55,4.01,46.25,0.8,0.3,0.35,17.09,0.8,1.05,26.31,79.05,7.57,64.9,5.11,94.12,9.07,80.11,23.4,85.01,2.05,36.59,18.12,29.19,0.03,0.3,0.0,0.0,0.05,100.0,0.1,3.76,60.0,0.7,42.86,0.15,33.33,0.1,0.2,2.96,57.63,0,,0,,0,0.0,0.0,0.0,,,0.2,,,0.0,0.0,0.0,0.0,0,0.0
Ianson,Caxias,Brusque,"RCB, CB",31,100000,2027-11-30,7,257,0,0.0,0,0.0,10.51,63.33,Brazil,Brazil,right,187,80,no,11.21,5.25,66.67,2.8,62.5,0.0,0.0,0.7,7.7,9.3,0.7,2,0.7,0,0.0,0.0,0.0,0,0.0,0.0,0,0.0,0,0.0,0.0,0.0,0.0,0.0,0.0,0.0,0.0,0.0,0.0,0.0,0.0,0.0,0.35,100.0,0.0,0.0,0.0,14.71,0.0,0.35,26.96,81.82,8.75,76.0,2.45,85.71,14.36,85.37,24.16,85.51,2.8,50.0,15.96,18.89,0.0,0.0,0.0,0.0,0.0,0.0,0.0,1.05,66.67,0.35,0.0,0.0,0.0,0.0,0.0,5.25,26.67,0,,0,,0,0.0,0.0,0.0,,,1.75,,,0.0,0.0,0.0,0.0,0,0.0
Iran,Juazeirense,Brusque,LCB,30,100000,,10,520,0,0.07,0,0.0,11.42,45.45,Brazil,Brazil,right,184,79,no,7.27,3.63,52.38,4.5,46.15,0.52,0.76,0.35,4.85,7.06,0.87,1,0.17,1,0.17,0.0,0.0,0,0.0,0.01,0,0.0,1,0.17,0.0,0.0,0.0,0.0,0.0,0.0,0.0,0.0,0.0,0.0,0.0,0.0,0.69,25.0,0.35,0.0,0.0,22.33,0.87,0.69,35.13,85.22,16.27,79.79,1.38,100.0,14.19,91.46,30.63,92.09,4.5,38.46,18.19,27.26,0.0,0.0,0.0,0.17,0.0,0.0,0.0,2.94,64.71,0.0,0.0,0.0,0.0,0.17,0.0,6.75,46.15,0,,0,,0,0.0,0.0,0.0,,,0.69,,,0.0,0.0,0.0,0.0,0,0.0
Talles,Operário PR,Operário PR,GK,29,100000,2026-11-30,1,101,0,0.0,0,0.0,0.0,0.0,Brazil,Brazil,right,186,83,no,5.35,0.0,0.0,0.0,0.0,0.0,0.0,0.0,5.35,7.5,0.0,0,0.0,0,0.0,0.0,0.0,0,0.0,0.0,0,0.0,0,0.0,0.0,0.0,0.0,0.0,0.0,0.0,0.0,0.0,0.0,0.0,0.0,0.0,0.0,0.0,0.0,0.0,0.0,12.48,0.0,0.0,24.06,92.59,10.69,83.33,0.0,0.0,11.58,100.0,20.5,95.65,3.56,75.0,25.31,39.01,0.0,0.0,0.0,0.0,0.0,0.0,0.0,0.0,0.0,0.0,0.0,0.0,0.0,0.0,0.0,2.67,66.67,0,0.0,3,2.67,1,100.0,0.42,0.38,0.42,0.374,0.0,0.0,0.0,,,,0.0,0,0.0
Luizinho,Joinville,Brusque,RW,29,100000,2026-12-31,2,73,0,0.0,0,0.0,28.36,30.43,Brazil,Brazil,left,170,63,yes,6.16,6.16,80.0,2.47,0.0,1.23,1.25,0.0,0.0,0.0,1.23,1,1.23,0,0.0,0.0,0.0,0,0.0,0.0,0,0.0,0,0.0,0.0,0.0,0.0,1.23,0.0,1.23,0.0,0.0,0.0,1.23,2.47,0.0,16.03,15.38,1.23,3.7,1.23,2.47,0.0,2.47,9.86,50.0,1.23,0.0,2.47,50.0,2.47,50.0,8.63,57.14,0.0,0.0,10.86,0.0,0.0,0.0,0.0,0.0,1.23,0.0,0.0,0.0,0.0,0.0,0.0,1.23,0.0,0.0,0.0,3.7,33.33,0,,0,,0,0.0,0.0,0.0,,,0.0,,,0.0,0.0,0.0,0.0,0,0.0
Maxwell,Persija,Náutico,"LW, RW, LWF",31,100000,,2,104,1,0.25,0,0.0,33.75,51.28,Brazil,Brazil,right,180,68,no,8.65,10.38,58.33,3.46,75.0,0.87,1.58,0.0,1.73,3.16,4.33,0,0.0,0,0.0,4.33,0.87,1,0.87,0.21,0,0.0,2,1.73,50.0,50.0,0.0,2.6,0.0,0.87,0.0,1.73,0.0,0.87,5.19,66.67,17.31,45.0,0.87,0.87,0.0,15.58,0.87,6.92,20.77,70.83,1.73,50.0,5.19,100.0,6.92,62.5,18.17,80.95,0.0,0.0,17.4,0.0,0.0,0.0,0.0,0.0,0.0,0.0,0.0,0.87,100.0,2.6,33.33,0.0,0.0,0.87,1.73,2.6,33.33,0,,0,,0,0.0,0.0,0.0,,,0.0,,,0.0,0.0,0.0,0.0,0,0.0
Derick,Varzim,Pouso Alegre,"CB, LCB",24,100000,2029-06-30,2,21,0,0.09,0,0.0,,,Brazil,Brazil,right,193,84,no,,,,,,,0.0,,,40.0,,0,,0,,,,0,,,0,,1,,,0.0,,,,,,,,,,,,,,,,,,,,,,,,,,,,,,,29.95,23.69,,,,,,,,,,,,,,,,,,0,,0,,0,0.0,0.0,,,,,,,,,,,0,0.0
Pará,São Bernardo FC,Operário PR,"LB, LWB",30,100000,2027-03-31,15,760,0,0.56,2,0.95,15.3,50.79,Brazil,Brazil,left,167,70,no,6.8,4.74,61.54,3.4,39.29,0.49,0.76,0.12,3.4,5.32,0.85,3,0.36,0,0.0,4.25,0.0,0,0.0,0.07,0,0.0,7,0.85,14.29,0.0,0.24,2.91,54.17,2.79,52.17,0.12,100.0,0.12,4.49,54.05,5.95,53.06,0.97,1.09,0.36,25.63,0.97,1.09,34.98,78.47,12.87,67.92,5.95,93.88,10.45,86.05,28.18,82.33,4.25,65.71,22.58,33.23,0.12,0.97,0.0,0.0,0.12,100.0,0.73,5.34,70.45,2.67,77.27,0.36,100.0,0.36,1.58,10.45,74.42,0,,0,,0,0.0,0.0,0.0,,,0.36,,,1.46,0.12,0.0,1.94,0,0.0
Erik Bessa,XV de Piracicaba,Operário PR,"RW, LW, RAMF",30,100000,,19,1031,0,2.02,0,0.84,25.49,49.46,Brazil,Brazil,right,165,62,no,6.4,5.94,64.62,0.82,33.33,0.09,0.14,0.0,2.47,3.82,0.91,1,0.09,0,0.0,4.29,0.0,0,0.0,0.18,0,0.0,10,0.91,30.0,0.0,0.0,1.74,47.37,0.64,57.14,1.1,41.67,0.27,5.57,55.74,17.18,45.74,1.64,2.01,0.82,12.52,0.37,5.57,16.26,82.02,3.93,69.77,5.12,96.43,3.47,76.32,14.25,87.82,0.64,42.86,14.88,16.17,0.08,1.01,0.09,0.0,0.18,50.0,0.27,0.91,60.0,0.91,40.0,0.09,0.0,0.18,0.55,2.47,77.78,0,,0,,0,0.0,0.0,0.0,,,0.0,,,0.55,0.09,0.0,2.38,0,0.0
Jhemerson,Betim,Brusque,"LCMF, CF, AMF",29,100000,,23,1592,2,1.18,1,1.06,15.43,44.69,Brazil,Brazil,right,174,66,no,5.31,4.47,51.9,1.58,28.57,0.79,1.16,0.06,2.2,3.22,0.85,3,0.17,0,0.0,1.75,0.11,1,0.06,0.07,0,0.0,14,0.79,35.71,14.286,0.06,0.57,20.0,0.23,25.0,0.34,16.67,0.11,2.37,45.24,7.46,46.21,0.34,1.81,0.79,42.85,0.79,1.75,58.12,84.92,17.81,72.06,11.36,96.02,18.37,91.08,52.97,89.22,4.69,43.37,17.87,37.42,0.06,0.79,0.06,0.0,0.62,45.45,0.11,9.16,69.14,1.92,26.47,0.96,17.65,0.68,0.06,7.07,79.2,0,,0,,0,0.0,0.0,0.0,,,0.45,,,0.11,0.0,0.0,0.17,1,100.0
Levi,Água Santa,Amazonas,"LAMF, RCMF",29,100000,,1,24,0,0.24,0,0.01,,,Brazil,Brazil,right,176,65,no,,,,,,,0.0,,,0.0,,0,,0,,,,0,,,0,,1,,,0.0,,,,,,,,,,,,,,,,,,,,,,,,,,,,,,,14.37,0.0,,,,,,,,,,,,,,,,,,0,,0,,0,0.0,0.0,,,,,,,,,,,0,0.0
Daniel Peixoto,Noroeste,Figueirense,"RCMF, LCMF",29,100000,,7,244,0,0.01,0,0.0,23.24,55.56,Brazil,Brazil,right,181,75,no,11.07,8.85,54.17,9.59,61.54,0.74,1.03,0.0,5.53,7.76,3.69,2,0.74,1,0.37,0.37,0.0,0,0.0,0.0,0,0.0,2,0.74,0.0,0.0,0.0,1.11,0.0,0.37,0.0,0.74,0.0,0.0,1.11,33.33,3.32,44.44,0.0,0.0,0.0,15.12,0.0,0.74,29.88,75.31,10.33,60.71,4.06,90.91,8.85,83.33,25.08,77.94,3.69,80.0,18.57,19.49,0.0,0.0,0.0,0.0,0.37,0.0,0.0,5.53,60.0,0.74,0.0,0.37,0.0,0.0,0.0,5.16,71.43,0,,0,,0,0.0,0.0,0.0,,,0.0,,,0.0,0.0,0.0,0.0,0,0.0
Gabriel Bernard,Rio Branco ES,Paysandu,GK,25,100000,2026-09-30,7,714,0,0.0,0,0.0,0.76,83.33,Brazil,Brazil,right,190,83,no,1.89,0.25,100.0,0.38,66.67,0.0,0.0,0.0,1.64,2.17,0.0,2,0.25,0,0.0,0.0,0.0,0,0.0,0.0,0,0.0,0,0.0,0.0,0.0,0.0,0.0,0.0,0.0,0.0,0.0,0.0,0.0,0.0,0.0,0.13,100.0,0.0,0.0,0.0,4.41,0.13,0.13,9.71,75.32,6.55,65.38,0.0,0.0,2.9,95.65,5.8,97.83,3.91,41.94,38.78,60.01,0.0,0.0,0.0,0.0,0.0,0.0,0.0,2.39,42.11,0.25,0.0,0.0,0.0,0.0,0.0,2.14,70.59,9,1.13,35,4.41,2,74.29,6.56,0.83,-2.44,-0.308,0.0,1.39,0.38,,,,0.0,0,0.0
João Lucas,Caxias,Manaus,"CF, AMF, LW",25,100000,2027-11-30,10,358,1,1.57,0,0.73,19.86,49.37,Brazil,Brazil,left,181,75,no,6.54,6.03,62.5,2.77,45.45,1.51,2.07,0.0,1.26,1.72,1.51,1,0.25,0,0.0,3.27,0.25,1,0.25,0.39,1,0.25,15,3.77,26.67,6.667,0.0,1.26,60.0,1.26,60.0,0.0,0.0,0.0,2.26,66.67,8.3,45.45,3.27,2.51,1.51,17.85,1.01,1.76,22.37,82.02,6.03,70.83,4.27,88.24,7.29,89.66,20.87,84.34,0.25,0.0,18.84,3.37,0.18,1.51,0.0,0.25,0.0,0.0,0.5,3.52,50.0,1.76,71.43,0.0,0.0,1.01,0.75,4.27,76.47,0,,0,,0,0.0,0.0,0.0,,,0.0,,,0.5,0.0,0.0,0.0,0,0.0
Sávio,Ceilândia,Operário PR,RB,29,100000,,22,1627,0,0.1,1,1.28,11.5,54.46,Brazil,Brazil,right,169,64,no,6.26,4.27,70.67,2.56,42.22,0.17,0.26,0.11,3.07,4.7,0.63,4,0.22,0,0.0,1.71,0.0,0,0.0,0.01,0,0.0,7,0.4,0.0,0.0,0.06,1.31,30.43,0.0,0.0,1.31,30.43,0.28,2.05,58.33,3.81,49.25,0.34,0.91,0.23,31.14,0.63,1.02,41.21,87.98,16.45,83.74,4.72,91.57,13.09,93.04,37.63,92.74,2.39,40.48,17.3,25.99,0.07,0.57,0.0,0.06,0.17,66.67,0.06,5.46,83.33,1.54,44.44,0.23,25.0,0.23,0.4,7.97,79.29,0,,0,,0,0.0,0.0,0.0,,,0.97,,,0.11,0.0,0.0,0.91,0,0.0
Berguinho,Persib,Náutico,"LW, RW",29,75000,2027-05-31,11,709,3,1.41,0,1.04,19.29,54.61,Brazil,Brazil,left,185,77,no,5.59,5.71,64.44,3.17,48.0,0.25,0.32,0.0,1.65,2.07,0.76,2,0.25,0,0.0,4.7,0.38,3,0.38,0.18,1,0.13,18,2.28,55.56,16.667,0.0,3.55,35.71,2.54,35.0,1.02,37.5,0.13,4.06,50.0,8.25,46.15,2.79,2.03,1.14,16.25,1.78,1.78,23.86,75.0,6.73,69.81,5.71,91.11,7.49,76.27,18.66,84.35,1.9,60.0,19.4,26.28,0.13,1.14,0.0,0.13,0.25,50.0,0.38,2.79,68.18,2.41,47.37,0.38,33.33,0.25,0.89,3.68,79.31,0,,0,,0,0.0,0.0,0.0,,,0.0,,,0.63,0.25,100.0,1.27,0,0.0
Bruno Santos,Londrina,São Bernardo FC,"CF, LWF",29,75000,2026-12-31,18,1294,5,5.59,1,1.13,19.4,41.58,Brazil,Brazil,right,185,80,no,5.01,4.1,67.8,6.12,42.05,0.14,0.21,0.07,2.09,3.1,1.25,4,0.28,1,0.07,1.88,0.35,5,0.35,0.39,1,0.07,42,2.92,28.57,11.905,0.07,1.04,26.67,0.7,20.0,0.35,40.0,0.07,2.02,34.48,6.61,30.53,3.62,0.77,0.42,9.88,2.23,1.32,13.63,69.9,2.23,50.0,3.41,87.76,4.73,70.59,12.17,75.43,0.56,25.0,16.64,14.49,0.08,0.77,0.0,0.0,0.14,50.0,0.42,0.9,53.85,1.32,42.11,0.07,0.0,0.63,0.21,1.95,71.43,0,,0,,0,0.0,0.0,0.0,,,0.0,,,0.07,0.07,0.0,0.0,0,0.0
S. Tréllez,Deportivo Pasto,Operário PR,CF,36,50000,,6,440,2,0.78,1,0.34,21.68,32.08,Colombia,Colombia,right,185,76,no,3.07,2.86,50.0,6.95,38.24,0.61,1.11,0.2,1.02,1.85,2.05,1,0.2,0,0.0,1.23,0.41,2,0.41,0.16,1,0.2,7,1.43,42.86,28.571,0.2,0.61,66.67,0.2,100.0,0.41,50.0,0.0,0.41,50.0,8.18,27.5,2.86,0.41,0.0,10.43,2.45,1.02,14.93,65.75,2.45,50.0,4.09,75.0,4.09,60.0,14.11,65.22,0.2,100.0,12.92,4.09,0.07,0.82,0.0,0.0,0.0,0.0,0.41,1.64,62.5,0.61,66.67,0.0,0.0,0.82,0.2,1.23,66.67,0,,0,,0,0.0,0.0,0.0,,,0.0,,,0.0,0.0,0.0,0.0,0,0.0
Diego Cardoso,A'Ali,Confiança,"CF, LAMF",32,50000,,9,470,2,2.01,0,0.14,19.53,31.37,Brazil,Brazil,right,177,70,no,1.91,3.26,41.18,5.74,30.0,0.0,0.0,0.0,0.57,0.75,0.77,1,0.19,0,0.0,2.49,0.38,1,0.19,0.39,0,0.0,11,2.11,72.73,18.182,0.0,0.38,50.0,0.0,0.0,0.38,50.0,0.0,1.91,40.0,7.85,31.71,1.53,0.38,0.0,9.0,1.15,2.11,11.11,82.76,1.53,50.0,5.17,88.89,2.11,90.91,10.53,83.64,0.19,100.0,15.78,5.34,0.03,0.19,0.0,0.0,0.0,0.0,0.19,0.57,100.0,0.57,33.33,0.0,0.0,0.0,0.19,0.96,80.0,0,,0,,0,0.0,0.0,0.0,,,0.0,,,0.0,0.0,0.0,0.0,1,100.0
Rodrigo,Maranhão,Brusque,"RCMF, LCMF",32,50000,2026-10-30,4,107,0,0.0,0,0.0,15.14,27.78,Brazil,Brazil,right,176,70,no,8.41,6.73,37.5,2.52,0.0,1.68,1.94,0.0,4.21,4.84,3.36,3,2.52,0,0.0,0.84,0.0,0,0.0,0.0,0,0.0,0,0.0,0.0,0.0,0.0,0.0,0.0,0.0,0.0,0.0,0.0,0.0,0.84,100.0,1.68,50.0,0.84,0.0,0.0,12.62,0.0,1.68,18.5,72.73,3.36,50.0,3.36,100.0,9.25,72.73,17.66,71.43,0.84,100.0,17.53,6.98,0.0,0.0,0.0,0.0,0.0,0.0,0.0,1.68,50.0,0.0,0.0,0.0,0.0,0.0,0.0,1.68,0.0,0,,0,,0,0.0,0.0,0.0,,,0.0,,,0.0,0.0,0.0,0.0,0,0.0
R. Vanegas,Deportivo Pasto,CSA,"LW, CF, LWF",33,50000,,6,310,0,0.48,0,0.23,20.61,35.21,Colombia,Colombia,right,176,72,no,4.65,6.1,47.62,4.94,23.53,0.29,0.45,0.29,1.45,2.27,1.74,1,0.29,0,0.0,1.74,0.0,0,0.0,0.14,0,0.0,4,1.16,25.0,0.0,0.0,0.87,33.33,0.87,33.33,0.0,0.0,0.58,2.61,44.44,6.68,26.09,2.03,0.87,0.0,9.87,1.74,1.16,13.06,77.78,1.74,50.0,3.19,90.91,4.65,81.25,11.03,84.21,1.16,50.0,18.21,9.9,0.07,0.87,0.0,0.0,0.0,0.0,0.29,1.74,33.33,0.87,33.33,0.29,0.0,0.29,0.58,1.16,75.0,0,,0,,0,0.0,0.0,0.0,,,0.0,,,0.0,0.0,0.0,0.29,0,0.0
Gabriel Leite,Coritiba,Náutico,GK,38,50000,2026-12-31,1,101,0,0.0,0,0.0,0.89,100.0,Brazil,Brazil,right,187,82,no,2.67,0.0,0.0,0.89,100.0,0.0,0.0,0.0,2.67,2.65,0.0,0,0.0,0,0.0,0.0,0.0,0,0.0,0.0,0,0.0,0,0.0,0.0,0.0,0.0,0.0,0.0,0.0,0.0,0.0,0.0,0.0,0.0,0.0,0.0,0.0,0.0,0.0,0.0,10.69,0.0,0.0,15.15,76.47,7.13,50.0,0.0,0.0,8.02,100.0,8.91,100.0,6.24,42.86,33.19,47.79,0.0,0.0,0.0,0.0,0.0,0.0,0.0,1.78,50.0,0.89,0.0,0.0,0.0,0.0,0.0,4.46,60.0,2,1.78,5,4.46,0,60.0,0.9,0.8,-1.1,-0.98,0.0,0.89,0.89,,,,0.0,0,0.0
Vagner,São Bento,Náutico,GK,36,50000,,18,1840,0,0.0,0,0.0,0.83,76.47,Brazil,"Brazil, Italy",right,192,82,no,2.15,0.1,0.0,0.59,100.0,0.0,0.0,0.0,2.15,2.87,0.0,3,0.15,0,0.0,0.0,0.0,0,0.0,0.0,0,0.0,0,0.0,0.0,0.0,0.0,0.0,0.0,0.0,0.0,0.0,0.0,0.0,0.0,0.0,0.0,0.0,0.0,0.0,0.05,8.07,0.05,0.15,16.24,79.22,9.44,69.43,0.05,0.0,6.21,93.7,9.54,94.36,6.65,58.09,36.02,53.82,0.0,0.0,0.0,0.0,0.0,0.0,0.0,2.79,57.89,0.24,60.0,0.05,0.0,0.2,0.0,5.18,71.7,22,1.08,68,3.33,6,67.65,17.34,0.85,-4.66,-0.228,0.0,1.71,0.59,,,,0.0,0,0.0
Marco Antônio,Botafogo SP,Botafogo PB,"CF, RW, LW",26,50000,2027-11-30,23,1343,2,2.18,0,0.71,13.87,38.65,Brazil,Brazil,right,180,74,no,5.5,6.57,53.06,2.14,31.25,0.13,0.2,0.0,1.88,2.77,0.87,1,0.07,0,0.0,1.01,0.13,2,0.13,0.15,0,0.0,19,1.27,21.05,10.526,0.0,1.47,18.18,0.13,100.0,1.34,10.0,0.13,1.14,29.41,3.35,20.0,1.61,0.54,0.13,10.59,0.94,0.13,14.27,69.95,4.15,56.45,2.35,77.14,4.56,76.47,12.06,77.78,0.94,42.86,16.05,22.79,0.05,0.47,0.0,0.0,0.34,40.0,0.07,2.14,62.5,1.61,20.83,0.34,40.0,0.27,0.27,2.14,50.0,0,,0,,0,0.0,0.0,0.0,,,0.0,,,0.0,0.0,0.0,0.07,0,0.0
Gabriel Santiago,Juventus,Náutico,"CF, RW",26,50000,2027-10-29,16,1067,2,1.07,2,1.02,21.17,48.61,Brazil,Brazil,left,170,65,no,6.75,6.41,64.47,1.94,56.52,0.17,0.23,0.08,2.45,3.35,1.18,1,0.08,0,0.0,2.61,0.17,2,0.17,0.09,0,0.0,12,1.01,33.33,16.667,0.17,0.51,33.33,0.34,50.0,0.0,0.0,0.08,4.22,46.0,10.21,42.15,1.35,1.94,0.67,17.54,0.42,2.78,24.46,77.24,7.34,68.97,4.39,86.54,6.33,85.33,23.28,78.62,0.67,62.5,13.45,9.89,0.09,1.35,0.08,0.0,0.59,28.57,0.51,3.04,69.44,1.6,57.89,0.84,50.0,0.76,0.17,2.78,72.73,0,,0,,0,0.0,0.0,0.0,,,0.0,,,0.0,0.0,0.0,0.0,0,0.0
Álvaro,Brusque,América RN,CF,28,50000,,10,597,2,2.1,0,0.06,25.18,38.32,Brazil,Brazil,right,185,75,no,2.41,1.66,36.36,13.72,39.56,0.0,0.0,0.15,1.81,2.2,1.06,1,0.15,0,0.0,1.96,0.3,2,0.3,0.32,0,0.0,15,2.26,46.67,13.333,0.0,0.3,50.0,0.15,0.0,0.15,100.0,0.0,1.21,50.0,6.63,36.36,2.86,0.15,0.0,8.59,0.75,2.26,12.51,73.49,2.26,46.67,3.77,88.0,2.86,78.95,12.21,74.07,0.15,0.0,15.21,5.65,0.01,0.45,0.0,0.0,0.15,100.0,0.15,0.75,20.0,0.75,60.0,0.15,100.0,0.3,0.15,1.21,87.5,0,,0,,0,0.0,0.0,0.0,,,0.0,,,0.0,0.0,0.0,0.0,0,0.0
Bryan,Ceará,Náutico,"RW, LB, RB",29,50000,2027-12-31,9,400,0,0.06,0,0.35,22.5,44.0,Brazil,Brazil,right,175,74,no,6.53,5.63,60.0,2.93,61.54,0.0,0.0,0.23,3.15,4.42,1.13,1,0.23,0,0.0,2.7,0.0,0,0.0,0.01,0,0.0,3,0.68,0.0,0.0,0.0,2.93,30.77,0.23,0.0,2.7,33.33,0.23,4.5,40.0,11.7,36.54,0.9,2.48,0.45,20.48,1.13,2.25,26.33,79.49,8.1,69.44,5.63,100.0,8.78,79.49,22.5,85.0,1.13,100.0,18.95,18.24,0.08,0.9,0.0,0.0,0.0,0.0,0.23,3.6,75.0,2.7,41.67,0.0,0.0,0.45,0.68,3.15,92.86,0,,0,,0,0.0,0.0,0.0,,,0.0,,,0.23,0.0,0.0,1.58,0,0.0
Jô,Sagan Tosu,CSA,CF,27,50000,2027-06-30,15,709,2,2.63,0,0.06,30.72,34.3,Brazil,Brazil,right,190,86,no,4.06,2.79,54.55,12.82,33.66,0.63,1.02,0.51,1.9,3.06,1.78,3,0.38,0,0.0,1.9,0.25,2,0.25,0.33,1,0.13,20,2.54,40.0,10.0,0.0,0.25,0.0,0.0,0.0,0.25,0.0,0.0,2.67,33.33,10.03,34.18,4.7,0.89,0.13,3.81,0.76,2.41,5.2,65.85,0.51,75.0,1.9,80.0,1.14,66.67,4.95,69.23,0.13,0.0,11.05,3.22,0.01,0.25,0.0,0.0,0.0,0.0,0.13,0.25,50.0,0.25,50.0,0.0,0.0,0.38,0.13,0.76,33.33,0,,0,,0,0.0,0.0,0.0,,,0.0,,,0.0,0.0,0.0,0.0,0,0.0
Paulo Henrique,Poggibonsi,Paysandu,RCMF,28,50000,,1,12,0,0.0,0,0.0,,,Brazil,"Brazil, Italy",right,176,72,no,,,,,,,0.0,,,0.0,,0,,0,,,,0,,,0,,0,,,0.0,,,,,,,,,,,,,,,,,,,,,,,,,,,,,,,7.09,0.0,,,,,,,,,,,,,,,,,,0,,0,,0,0.0,0.0,,,,,,,,,,,0,0.0
Du Fernandes,Volta Redonda,Aparecidense,"LW, DMF, AMF",25,50000,2026-12-31,9,474,1,0.49,1,0.31,18.8,44.44,Brazil,Brazil,right,177,66,no,9.11,7.03,59.46,2.47,23.08,0.38,0.49,0.0,4.56,5.85,2.28,2,0.38,0,0.0,2.28,0.19,1,0.19,0.09,0,0.0,3,0.57,33.33,33.333,0.19,0.76,25.0,0.57,0.0,0.19,100.0,0.0,2.28,50.0,5.89,48.39,0.76,1.33,0.76,14.43,0.57,1.9,22.78,78.33,8.92,78.72,3.23,76.47,6.27,87.88,21.08,81.98,0.95,40.0,18.92,10.53,0.06,0.76,0.0,0.0,0.76,100.0,0.76,2.85,86.67,2.66,78.57,1.14,66.67,1.71,0.19,5.13,74.07,0,,0,,0,0.0,0.0,0.0,,,0.19,,,0.0,0.0,0.0,0.0,0,0.0
Vanderley,Pouso Alegre,Aparecidense,"RCB, CB",26,50000,,17,1729,1,0.61,0,0.0,11.64,61.79,Brazil,Brazil,right,183,84,no,7.96,3.57,63.08,5.49,62.0,0.05,0.07,0.99,5.66,7.24,1.04,6,0.31,0,0.0,0.27,0.05,1,0.05,0.03,1,0.05,8,0.44,25.0,12.5,0.0,0.11,50.0,0.05,100.0,0.05,0.0,0.0,0.16,66.67,1.1,60.0,0.55,0.38,0.05,26.96,0.22,0.82,39.32,86.59,13.84,71.43,1.59,93.1,21.96,95.75,33.44,91.95,5.77,56.19,24.36,40.56,0.0,0.05,0.0,0.0,0.0,0.0,0.0,4.17,60.53,0.16,0.0,0.22,25.0,0.0,0.05,7.58,70.29,0,,0,,0,0.0,0.0,0.0,,,1.1,,,0.0,0.0,0.0,0.0,0,0.0
Juan Gauto,Paraguari AC,Náutico,"RCMF, LCMF",32,25000,2026-12-31,5,124,1,0.29,0,0.0,9.44,46.15,Paraguay,Paraguay,,0,0,no,7.26,6.53,33.33,0.73,100.0,1.45,2.0,0.0,3.63,5.0,2.18,0,0.0,0,0.0,1.45,0.73,1,0.73,0.21,1,0.73,2,1.45,50.0,50.0,0.0,0.0,0.0,0.0,0.0,0.0,0.0,0.0,0.73,100.0,0.73,100.0,0.73,0.0,0.0,17.42,0.0,0.0,26.85,86.49,5.81,62.5,7.26,90.0,7.26,90.0,23.95,87.88,2.9,75.0,14.69,7.4,0.0,0.73,0.0,0.0,0.0,0.0,0.73,5.08,71.43,0.73,100.0,0.73,100.0,0.73,0.0,2.9,100.0,0,,0,,0,0.0,0.0,0.0,,,0.73,,,0.0,0.0,0.0,0.0,0,0.0
Victor Ferraz,Serra Branca EC,Náutico,"RB, RCB",38,25000,,19,1689,2,0.96,1,1.19,10.71,50.75,Brazil,Brazil,right,174,72,no,6.71,4.8,60.0,2.02,50.0,0.32,0.42,0.11,3.52,4.59,0.85,2,0.11,0,0.0,0.91,0.11,2,0.11,0.05,1,0.05,10,0.53,30.0,20.0,0.05,1.12,23.81,0.0,0.0,1.12,23.81,0.11,0.91,52.94,2.82,43.4,1.39,1.01,0.16,30.27,1.01,0.64,39.33,84.28,14.44,78.23,5.33,93.0,13.91,86.97,35.97,88.0,2.24,54.76,17.86,27.72,0.06,0.59,0.05,0.11,0.21,0.0,0.16,4.96,73.12,1.55,44.83,0.27,20.0,0.37,0.27,6.5,77.05,0,,0,,0,0.0,0.0,0.0,,,0.53,,,0.0,0.0,0.0,0.0,0,0.0
Ryan,Samgurali,EC São José,"CB, LCB",24,25000,2026-12-31,12,1169,0,0.14,0,0.18,11.01,64.34,Brazil,Brazil,left,187,79,no,8.08,3.93,70.59,4.77,54.84,0.0,0.0,0.85,5.31,7.04,0.62,2,0.15,0,0.0,0.23,0.0,0,0.0,0.01,0,0.0,2,0.15,0.0,0.0,0.0,0.0,0.0,0.0,0.0,0.0,0.0,0.0,0.23,100.0,1.31,64.71,0.38,0.54,0.0,15.55,0.38,0.69,28.87,75.73,13.01,59.76,1.31,82.35,12.86,92.22,22.79,84.46,6.08,43.04,23.35,35.65,0.01,0.08,0.0,0.0,0.15,0.0,0.08,4.54,61.02,0.85,0.0,0.62,0.0,0.15,0.0,6.7,54.02,0,,0,,0,0.0,0.0,0.0,,,0.77,,,0.0,0.0,0.0,0.0,0,0.0
Wiliam Kozlowski,,Ypiranga Erechim,,39,0,,1,90,0,0.0,0,0.0,,,Brazil,Brazil,right,181,77,no,,,,,,,0.0,,,0.0,,0,0.0,0,0.0,,0.0,0,,,0,,0,,,0.0,,,,,,,,,,,,,,,,,,,,,,,,,,,,,,,0.0,0.0,,,,,,,,,,,,,,,,,,0,,0,,0,0.0,0.0,,,,,,,,,,,0,0.0
Weriton,Confiança,Pouso Alegre,RB,34,0,,11,1009,0,0.11,0,0.92,14.89,48.03,Brazil,Brazil,right,170,60,no,6.27,4.6,68.09,2.15,18.18,0.59,0.98,0.1,2.55,4.26,1.37,4,0.36,0,0.0,2.45,0.0,0,0.0,0.01,0,0.0,4,0.39,0.0,0.0,0.0,3.43,34.29,0.0,0.0,3.43,34.29,0.1,2.25,52.17,5.29,42.59,0.98,1.27,0.88,26.44,1.86,2.25,39.08,83.71,12.14,75.81,7.54,94.81,12.73,86.92,32.71,91.02,3.43,60.0,19.57,38.65,0.09,1.47,0.0,0.0,0.29,33.33,0.39,4.6,74.47,2.55,46.15,0.2,0.0,0.1,0.88,7.05,86.11,0,,0,,0,0.0,0.0,0.0,,,0.39,,,0.69,0.0,0.0,2.25,0,0.0
Fernandinho,Manauara,Amazonas,"LW, LAMF, RCMF",34,0,,5,172,0,0.04,1,0.07,26.16,42.0,Brazil,Brazil,,178,70,no,8.9,7.85,60.0,2.62,20.0,0.52,0.68,0.0,3.66,4.77,3.14,0,0.0,0,0.0,1.57,0.0,0,0.0,0.02,0,0.0,3,1.57,33.33,0.0,0.52,1.05,0.0,1.05,0.0,0.0,0.0,0.52,3.14,33.33,9.94,36.84,0.52,1.05,0.52,21.98,0.52,1.57,30.87,64.41,13.08,48.0,6.28,83.33,8.9,64.71,26.69,70.59,3.14,33.33,20.4,35.0,0.03,1.05,0.0,0.0,1.57,0.0,0.0,7.33,35.71,2.62,0.0,2.62,0.0,0.52,0.0,3.14,66.67,0,,0,,0,0.0,0.0,0.0,,,0.0,,,2.09,1.05,0.0,3.14,0,0.0
Paulo Henrique,Betim,Pouso Alegre,CF,32,0,,10,553,0,1.16,0,0.58,24.09,30.41,Brazil,Brazil,right,183,88,no,3.25,2.6,75.0,10.09,29.03,0.33,0.56,0.16,0.98,1.67,0.49,1,0.16,0,0.0,1.3,0.0,0,0.0,0.19,0,0.0,13,2.12,30.77,0.0,0.0,0.65,25.0,0.33,0.0,0.33,50.0,0.0,1.46,33.33,7.65,12.77,3.42,0.49,0.16,10.74,0.81,0.49,15.14,77.42,3.09,68.42,3.25,100.0,3.91,83.33,13.35,82.93,1.14,42.86,15.58,13.56,0.09,0.81,0.0,0.0,0.33,0.0,0.65,1.3,75.0,0.65,50.0,0.33,50.0,0.49,0.16,1.46,66.67,0,,0,,0,0.0,0.0,0.0,,,0.0,,,0.0,0.0,0.0,0.0,0,0.0
Luanderson,Taubaté,Pouso Alegre,LWF,33,0,2026-09-16,2,95,0,0.0,0,0.0,,,Brazil,Brazil,right,192,89,no,,,,,,,0.0,,,0.0,,0,0.0,0,0.0,,0.0,0,,,0,,0,,,0.0,,,,,,,,,,,,,,,,,,,,,,,,,,,,,,,0.0,0.0,,,,,,,,,,,,,,,,,,0,,0,,0,0.0,0.0,,,,,,,,,,,0,0.0
Rafael Pascoal,Confiança,Pouso Alegre,GK,35,0,,8,825,0,0.0,0,0.0,0.65,66.67,Brazil,Brazil,,189,74,no,1.96,0.22,100.0,0.33,66.67,0.0,0.0,0.0,1.75,2.84,0.0,1,0.11,0,0.0,0.0,0.0,0,0.0,0.0,0,0.0,0,0.0,0.0,0.0,0.0,0.0,0.0,0.0,0.0,0.0,0.0,0.0,0.0,0.0,0.0,0.0,0.0,0.0,0.0,11.13,0.11,0.11,17.24,85.44,8.4,71.43,0.0,0.0,8.18,98.67,12.22,98.21,5.02,54.35,33.88,53.29,0.0,0.0,0.0,0.0,0.0,0.0,0.0,1.85,47.06,0.0,0.0,0.0,0.0,0.0,0.0,3.93,72.22,10,1.09,27,2.95,2,62.96,5.41,0.59,-4.59,-0.501,0.0,1.2,0.33,,,,0.0,0,0.0
Minho,Votuporanguense,Pouso Alegre,"LAMF, LW",34,0,,3,71,0,0.05,0,0.04,20.28,31.25,Brazil,Brazil,right,178,62,no,2.54,3.8,33.33,3.8,66.67,0.0,0.0,0.0,1.27,2.0,2.54,0,0.0,0,0.0,1.27,0.0,0,0.0,0.06,0,0.0,2,2.54,50.0,0.0,0.0,0.0,0.0,0.0,0.0,0.0,0.0,0.0,3.8,0.0,10.14,12.5,0.0,3.8,2.54,7.61,2.54,1.27,13.94,81.82,7.61,83.33,1.27,100.0,2.54,50.0,13.94,81.82,0.0,0.0,20.83,0.0,0.05,1.27,0.0,0.0,1.27,0.0,1.27,0.0,0.0,2.54,50.0,1.27,0.0,1.27,0.0,3.8,66.67,0,,0,,0,0.0,0.0,0.0,,,0.0,,,1.27,0.0,0.0,0.0,0,0.0
Jael,,Náutico,CF,37,0,,12,815,3,1.71,0,0.18,19.66,36.52,Brazil,Brazil,right,186,84,no,1.88,1.1,40.0,7.51,41.18,0.44,0.6,0.22,0.99,1.35,0.77,4,0.44,0,0.0,1.1,0.33,3,0.33,0.19,2,0.22,16,1.77,37.5,18.75,0.0,0.22,0.0,0.22,0.0,0.0,0.0,0.0,0.66,50.0,7.18,35.38,1.77,0.33,0.0,7.29,1.33,1.55,13.47,68.03,3.75,52.94,2.65,95.83,3.87,68.57,12.37,70.54,0.88,50.0,15.67,15.28,0.02,0.55,0.11,0.0,0.44,25.0,0.11,1.55,42.86,1.55,35.71,0.66,33.33,0.44,0.0,0.99,77.78,0,,0,,0,0.0,0.0,0.0,,,0.0,,,0.22,0.22,50.0,0.0,0,0.0
Gilvan,,América RN,"LCB, CB",36,0,,7,497,1,0.76,0,0.0,14.31,58.23,Brazil,Brazil,left,188,77,no,6.52,4.16,69.57,7.79,60.47,0.36,0.48,0.36,3.26,4.35,1.63,3,0.54,0,0.0,0.36,0.18,1,0.18,0.14,1,0.18,6,1.09,16.67,16.667,0.0,0.0,0.0,0.0,0.0,0.0,0.0,0.0,0.18,100.0,0.91,40.0,0.91,0.0,0.0,29.7,0.18,0.54,40.02,88.69,16.48,73.63,1.27,100.0,17.57,98.97,34.77,95.83,5.25,41.38,21.47,38.76,0.0,0.0,0.0,0.0,0.0,0.0,0.0,4.16,52.17,0.91,20.0,1.09,16.67,0.18,0.0,4.89,74.07,0,,0,,0,0.0,0.0,0.0,,,1.09,,,0.0,0.0,0.0,0.0,0,0.0
Rafinha,Floresta EC,América RN,"LW, CF",33,0,,6,493,1,0.65,0,0.24,22.27,41.8,Brazil,Brazil,right,175,73,no,7.48,6.57,52.78,1.64,11.11,1.64,2.09,0.0,2.37,3.02,1.46,3,0.55,0,0.0,2.92,0.18,1,0.18,0.12,0,0.0,12,2.19,41.67,8.333,0.0,0.73,50.0,0.73,50.0,0.0,0.0,0.0,3.65,40.0,10.41,42.11,2.37,1.83,0.37,10.77,1.83,2.37,16.06,84.09,4.02,72.73,4.38,91.67,4.93,88.89,14.24,85.9,1.1,83.33,18.25,25.02,0.04,0.91,0.0,0.0,0.18,100.0,0.37,2.74,80.0,0.91,80.0,0.37,100.0,0.55,0.18,2.19,91.67,0,,0,,0,0.0,0.0,0.0,,,0.0,,,0.0,0.0,0.0,0.0,0,0.0
Rafinha,,América RN,"LW, AMF",32,0,,6,488,2,0.68,0,0.11,19.92,33.33,Brazil,Brazil,right,177,74,no,6.82,5.53,60.0,2.77,6.67,0.92,1.17,0.0,2.58,3.28,2.03,2,0.37,0,0.0,2.77,0.37,2,0.37,0.12,2,0.37,12,2.21,33.33,16.667,0.0,0.92,20.0,0.74,25.0,0.0,0.0,0.0,3.87,38.1,9.96,29.63,2.95,2.4,0.92,11.8,1.11,1.48,16.05,81.61,4.43,79.17,4.24,95.65,4.8,65.38,14.57,84.81,0.74,75.0,18.9,16.66,0.02,0.74,0.0,0.0,0.37,100.0,0.37,1.11,66.67,1.66,55.56,0.0,0.0,1.29,0.18,2.58,78.57,0,,0,,0,0.0,0.0,0.0,,,0.0,,,0.0,0.0,0.0,0.18,0,0.0
Júnior Dutra,,Figueirense,"CF, AMF",38,0,,3,220,0,0.28,0,0.0,26.59,27.69,Brazil,Brazil,right,183,77,no,5.32,3.27,75.0,11.45,14.29,0.0,0.0,0.0,2.86,4.29,1.23,0,0.0,0,0.0,2.05,0.0,0,0.0,0.11,0,0.0,2,0.82,50.0,0.0,0.0,1.23,33.33,0.41,0.0,0.82,50.0,0.0,2.45,33.33,8.18,15.0,3.27,0.0,0.0,14.73,2.05,0.82,23.32,77.19,6.14,66.67,6.55,93.75,5.73,71.43,20.86,78.43,1.23,100.0,15.96,25.11,0.0,0.41,0.0,0.0,0.41,100.0,0.0,3.27,75.0,1.64,25.0,0.41,100.0,0.0,0.41,3.27,87.5,0,,0,,0,0.0,0.0,0.0,,,0.0,,,0.0,0.0,0.0,0.0,0,0.0
Matheus Carvalho,XV de Piracicaba,Náutico,"RW, CF, RCMF",34,0,,6,175,1,0.11,0,0.09,12.34,33.33,Brazil,Brazil,left,177,76,no,3.09,2.57,80.0,3.09,50.0,0.0,0.0,0.0,1.03,1.67,0.0,0,0.0,0,0.0,1.03,0.51,1,0.51,0.06,0,0.0,1,0.51,100.0,100.0,0.0,0.51,100.0,0.0,0.0,0.51,100.0,0.0,0.0,0.0,4.63,0.0,0.0,0.0,0.0,11.31,0.51,0.0,15.43,73.33,4.63,66.67,3.09,83.33,4.63,88.89,14.4,75.0,0.51,0.0,15.25,7.52,0.05,0.51,0.0,0.0,0.0,0.0,0.0,1.03,100.0,0.51,100.0,0.0,0.0,0.0,0.51,2.06,75.0,0,,0,,0,0.0,0.0,0.0,,,0.0,,,0.0,0.0,0.0,0.0,0,0.0
Wesley Santos,,Paysandu,RCB,34,0,,1,99,0,0.25,0,0.0,11.82,69.23,Brazil,Brazil,right,187,87,no,7.27,5.45,83.33,3.64,50.0,0.0,0.0,0.0,2.73,6.0,0.91,0,0.0,0,0.0,0.0,0.0,0,0.0,0.22,0,0.0,1,0.91,0.0,0.0,0.0,0.0,0.0,0.0,0.0,0.0,0.0,0.0,0.0,0.0,0.91,100.0,0.91,2.73,0.0,30.0,0.0,0.91,45.45,86.0,20.0,72.73,3.64,100.0,17.27,100.0,41.82,89.13,3.64,50.0,20.17,41.57,0.0,0.0,0.0,0.0,0.0,0.0,0.0,4.55,40.0,0.0,0.0,0.91,0.0,0.0,0.0,8.18,66.67,0,,0,,0,0.0,0.0,0.0,,,3.64,,,0.0,0.0,0.0,0.0,0,0.0
Léo Baiano,Porto Vitoria,Figueirense,"RCMF, LCMF, RDMF",34,0,,9,675,2,0.97,1,0.55,20.98,54.61,Brazil,Brazil,right,180,80,no,11.04,8.56,56.45,4.56,45.45,1.66,2.13,0.14,4.56,5.86,1.93,2,0.27,0,0.0,1.66,0.27,2,0.28,0.13,0,0.0,5,0.69,60.0,40.0,0.14,0.55,25.0,0.14,0.0,0.41,33.33,0.14,0.97,100.0,5.11,62.16,0.83,0.41,0.28,16.84,0.41,2.48,28.16,83.33,9.66,67.14,3.73,100.0,10.35,92.0,25.4,87.5,2.21,50.0,18.78,24.35,0.08,0.69,0.0,0.0,0.28,50.0,0.14,5.11,78.38,1.24,44.44,0.55,25.0,0.41,0.14,4.97,77.78,0,,0,,0,0.0,0.0,0.0,,,0.14,,,0.0,0.0,0.0,0.0,0,0.0
Kieza,Desportiva Ferroviária,Floresta EC,"CF, RCMF",39,0,,6,203,0,0.23,0,0.0,22.99,29.79,Brazil,Brazil,right,180,77,no,1.96,4.4,33.33,10.76,18.18,0.0,0.0,0.0,0.49,0.83,1.47,1,0.44,0,0.0,0.49,0.0,0,0.0,0.11,0,0.0,1,0.49,0.0,0.0,0.0,0.98,0.0,0.0,0.0,0.98,0.0,0.0,0.49,100.0,3.42,28.57,1.96,0.0,0.0,11.25,1.47,0.98,15.16,74.19,1.96,25.0,4.89,100.0,4.89,80.0,13.21,85.19,1.47,0.0,19.61,11.49,0.0,0.0,0.0,0.0,0.0,0.0,0.0,1.96,50.0,0.49,0.0,0.49,0.0,0.49,0.0,0.0,0.0,0,,0,,0,0.0,0.0,0.0,,,0.0,,,0.0,0.0,0.0,0.0,0,0.0
Thiago Alagoano,Treze,Floresta EC,"CF, LW",37,0,,8,494,1,0.85,1,0.32,9.71,11.36,Brazil,Brazil,right,171,70,no,1.76,1.32,50.0,1.76,0.0,0.0,0.0,0.0,1.1,1.53,0.44,2,0.36,1,0.18,1.32,0.18,1,0.22,0.19,0,0.0,9,1.99,44.44,11.111,0.22,1.76,25.0,0.22,0.0,1.54,28.57,0.44,1.32,0.0,4.63,9.52,1.99,1.76,0.88,18.97,1.32,0.22,25.15,77.19,6.4,62.07,6.18,96.43,7.5,70.59,21.62,85.71,1.76,25.0,14.49,17.27,0.07,0.88,0.0,0.0,0.22,0.0,0.66,2.87,61.54,2.65,16.67,0.66,0.0,0.66,0.44,2.65,75.0,0,,0,,0,0.0,0.0,0.0,,,0.0,,,0.0,0.0,0.0,0.88,0,0.0
Liliu,Paraná,Altos,CF,36,0,,3,148,0,0.16,0,0.18,12.77,23.81,Brazil,Brazil,both,181,75,no,2.43,0.61,100.0,2.43,25.0,0.0,0.0,0.61,1.82,3.6,2.43,0,0.0,0,0.0,0.0,0.0,0,0.0,0.1,0,0.0,2,1.22,0.0,0.0,0.0,0.0,0.0,0.0,0.0,0.0,0.0,0.0,0.0,0.0,6.08,20.0,3.04,0.0,0.0,3.65,0.61,0.0,10.95,83.33,1.22,100.0,4.86,87.5,3.04,60.0,10.95,83.33,0.0,0.0,13.81,0.0,0.11,1.82,0.0,0.0,0.0,0.0,0.61,0.0,0.0,0.0,0.0,0.0,0.0,1.22,0.0,1.22,100.0,0,,0,,0,0.0,0.0,0.0,,,0.0,,,0.0,0.0,0.0,0.0,0,0.0
Lelê,Jaguar,Altos,"AMF, CF, RCMF",36,0,,10,542,1,0.75,0,0.63,16.27,48.98,Brazil,Brazil,right,167,62,no,2.99,4.48,59.26,0.83,0.0,0.17,0.29,0.0,0.17,0.29,1.16,0,0.0,0,0.0,3.15,0.17,1,0.17,0.12,0,0.0,6,1.0,66.67,16.667,0.0,1.66,30.0,0.66,25.0,0.83,40.0,0.17,2.49,66.67,9.46,49.12,2.16,2.16,0.5,27.07,0.5,2.99,38.03,82.53,12.95,78.21,5.15,96.77,14.61,80.68,33.21,89.0,3.49,42.86,19.14,27.63,0.11,1.49,0.0,0.0,0.66,50.0,0.83,8.8,73.58,2.32,42.86,1.0,50.0,1.16,0.5,5.81,85.71,0,,0,,0,0.0,0.0,0.0,,,0.17,,,0.0,0.0,0.0,0.0,0,0.0
Esquerdinha,,Floresta EC,"LW, RCMF, LAMF",35,0,,6,354,1,0.55,0,0.55,16.48,46.0,Brazil,Brazil,left,174,67,no,6.59,5.6,52.94,2.31,42.86,0.33,0.46,0.0,3.3,4.62,1.65,1,0.25,0,0.0,3.96,0.25,1,0.33,0.18,0,0.0,6,1.98,16.67,16.667,0.0,3.63,54.55,3.3,50.0,0.33,100.0,0.33,2.97,44.44,5.27,50.0,1.98,2.64,0.99,24.73,2.31,1.98,31.65,71.88,9.56,58.62,5.6,76.47,10.88,84.85,26.37,76.25,1.98,50.0,17.41,17.32,0.18,1.98,0.0,0.0,0.66,50.0,0.66,6.26,73.68,4.62,57.14,0.66,50.0,0.33,2.31,5.93,61.11,0,,0,,0,0.0,0.0,0.0,,,0.0,,,0.66,0.0,0.0,1.98,0,0.0
Rafael Carioca,Maricá,Floresta EC,LB,33,0,,5,377,0,0.01,0,0.03,23.16,51.55,Brazil,Brazil,left,175,72,no,11.22,8.36,71.43,3.34,35.71,0.95,1.29,0.0,4.3,5.81,1.67,2,0.48,0,0.0,2.63,0.0,0,0.0,0.0,0,0.0,1,0.24,0.0,0.0,0.0,2.15,22.22,2.15,22.22,0.0,0.0,0.72,4.06,52.94,7.16,50.0,0.0,1.19,0.24,22.68,1.19,1.91,30.32,77.95,10.03,69.05,4.3,88.89,10.03,83.33,25.54,87.85,2.86,33.33,17.93,36.37,0.01,0.24,0.0,0.0,0.0,0.0,0.24,2.86,66.67,2.15,11.11,0.48,0.0,0.24,0.48,5.25,50.0,0,,0,,0,0.0,0.0,0.0,,,0.72,,,0.0,0.0,0.0,0.24,0,0.0
Caio Mancha,Nacional AM,Floresta EC,"CF, RWF",33,0,,3,240,0,0.77,0,0.02,22.13,44.07,Brazil,Brazil,right,188,87,no,3.38,4.13,54.55,11.25,46.67,0.0,0.0,0.0,1.13,1.91,1.88,0,0.0,1,0.38,0.75,0.0,0,0.0,0.29,0,0.0,3,1.13,66.67,0.0,0.0,0.38,0.0,0.38,0.0,0.0,0.0,0.0,0.38,0.0,2.63,14.29,2.25,0.0,0.0,10.13,2.63,0.75,13.5,75.0,1.88,100.0,4.5,75.0,5.25,64.29,12.38,81.82,0.75,0.0,15.36,7.29,0.01,0.38,0.0,0.0,0.0,0.0,0.0,0.75,100.0,1.13,66.67,0.0,0.0,0.75,0.0,0.0,0.0,0,,0,,0,0.0,0.0,0.0,,,0.0,,,0.0,0.0,0.0,0.0,0,0.0
Hélio Paraíba,Caldense,Manaus,CF,34,0,,1,27,0,0.07,0,0.0,,,Brazil,Brazil,right,188,84,no,,,,,,,0.0,,,0.0,,0,,0,,,,0,,,0,,1,,,0.0,,,,,,,,,,,,,,,,,,,,,,,,,,,,,,,8.66,0.0,,,,,,,,,,,,,,,,,,0,,0,,0,0.0,0.0,,,,,,,,,,,0,0.0
Guilherme Paraíba,,São Bernardo FC,"LCB, RCB",32,0,,3,91,0,0.0,0,0.0,27.69,46.43,Brazil,Brazil,left,193,88,no,11.87,6.92,57.14,15.82,43.75,0.0,0.0,0.0,7.91,12.63,2.97,1,0.99,0,0.0,0.0,0.0,0,0.0,0.0,0,0.0,0,0.0,0.0,0.0,0.0,0.0,0.0,0.0,0.0,0.0,0.0,0.0,0.99,0.0,1.98,0.0,0.0,0.0,0.0,3.96,0.0,0.0,13.85,78.57,6.92,100.0,0.99,100.0,5.93,50.0,9.89,70.0,3.96,100.0,22.39,19.81,0.0,0.0,0.0,0.0,0.0,0.0,0.0,2.97,66.67,0.0,0.0,0.0,0.0,0.0,0.0,3.96,50.0,0,,0,,0,0.0,0.0,0.0,,,0.0,,,0.0,0.0,0.0,0.0,0,0.0
Eduardo Neto,,Operário PR,"RCMF, LDMF, LCMF",37,0,,7,318,1,0.09,0,0.07,15.85,55.36,Brazil,Brazil,left,185,76,no,9.62,7.64,62.96,2.55,66.67,0.57,0.92,0.0,4.25,6.92,3.11,1,0.28,0,0.0,0.57,0.28,1,0.28,0.03,0,0.0,2,0.57,50.0,50.0,0.0,0.0,0.0,0.0,0.0,0.0,0.0,0.0,0.57,50.0,1.98,57.14,0.28,0.28,0.0,35.94,0.28,0.57,48.11,84.12,18.4,69.23,5.38,100.0,15.57,92.73,46.7,84.24,1.42,80.0,15.23,30.81,0.02,0.85,0.0,0.0,0.28,0.0,0.0,9.62,79.41,0.57,50.0,0.28,0.0,0.28,0.0,7.36,80.77,0,,0,,0,0.0,0.0,0.0,,,0.0,,,0.0,0.0,0.0,0.28,0,0.0
Silvinho,Figueirense,São Bernardo FC,"LWF, LW, RW",35,0,,8,608,1,1.61,1,0.51,19.84,44.03,Brazil,Brazil,right,175,72,no,4.0,3.55,58.33,2.07,57.14,0.15,0.23,0.0,1.78,2.71,1.04,3,0.44,0,0.0,3.7,0.15,1,0.15,0.24,0,0.0,14,2.07,35.71,7.143,0.15,2.52,47.06,1.33,44.44,1.18,50.0,0.3,3.85,46.15,10.36,45.71,3.26,1.04,0.44,22.06,2.22,3.26,25.61,72.83,7.25,65.31,4.44,96.67,9.03,68.85,20.72,77.86,2.52,52.94,17.7,35.12,0.08,1.04,0.0,0.15,0.0,0.0,0.15,4.0,74.07,3.26,50.0,0.44,0.0,0.3,1.48,5.77,74.36,0,,0,,0,0.0,0.0,0.0,,,0.0,,,0.59,0.15,0.0,0.59,0,0.0
Marcelo,Maricá,Remo,"RCMF, AMF, RDMF",37,0,,9,499,0,1.32,0,0.29,19.48,33.33,Brazil,Brazil,right,177,73,no,7.21,7.58,52.38,2.71,13.33,0.54,0.77,0.36,2.71,3.85,2.71,1,0.18,0,0.0,0.72,0.0,0,0.0,0.24,0,0.0,6,1.08,33.33,0.0,0.0,0.36,50.0,0.0,0.0,0.36,50.0,0.0,1.26,0.0,6.85,23.68,0.9,0.72,1.08,14.97,1.08,1.44,22.55,84.8,8.12,82.22,5.23,82.76,4.87,92.59,21.28,86.44,0.9,60.0,15.31,16.84,0.05,0.54,0.0,0.0,0.36,50.0,0.18,4.69,88.46,0.72,25.0,0.54,33.33,0.36,0.18,5.59,77.42,0,,0,,0,0.0,0.0,0.0,,,0.0,,,0.36,0.0,0.0,0.72,0,0.0
Paulo Gianezini,Brusque,Confiança,GK,35,0,,11,1079,0,0.0,0,0.0,0.83,50.0,Brazil,Brazil,left,186,81,no,0.67,0.08,0.0,0.67,50.0,0.0,0.0,0.0,0.67,0.82,0.08,2,0.17,0,0.0,0.0,0.0,0,0.0,0.0,0,0.0,0,0.0,0.0,0.0,0.0,0.0,0.0,0.0,0.0,0.0,0.0,0.0,0.0,0.0,0.08,100.0,0.0,0.0,0.0,6.76,0.17,0.0,13.01,75.0,8.34,64.0,0.0,0.0,4.25,96.08,6.51,98.72,6.34,52.63,39.48,55.54,0.0,0.0,0.0,0.0,0.0,0.0,0.0,2.84,47.06,0.25,0.0,0.08,0.0,0.0,0.0,3.92,74.47,14,1.17,40,3.34,3,65.0,11.75,0.98,-2.25,-0.188,0.0,1.84,0.67,,,,0.0,0,0.0
Élton,,Remo,CF,40,0,,8,429,3,2.48,0,0.0,20.98,30.0,Brazil,Brazil,left,185,84,no,3.15,2.52,41.67,7.34,45.71,0.63,1.08,0.21,1.47,2.53,1.26,0,0.0,0,0.0,1.05,0.63,3,0.63,0.52,1,0.21,11,2.31,36.36,27.273,0.0,0.63,33.33,0.63,33.33,0.0,0.0,0.42,0.84,0.0,6.08,6.9,3.78,0.0,0.0,7.34,0.21,0.42,13.43,70.31,2.1,30.0,3.99,89.47,3.99,68.42,12.8,72.13,0.0,0.0,15.13,0.0,0.0,0.0,0.21,0.0,0.0,0.0,0.0,0.84,50.0,0.84,0.0,0.0,0.0,0.0,0.42,1.05,40.0,0,,0,,0,0.0,0.0,0.0,,,0.0,,,0.0,0.0,0.0,0.0,0,0.0
Celsinho,Madureira,CSA,RB,38,0,,3,104,0,0.0,0,0.13,15.58,77.78,Brazil,Brazil,right,183,73,no,11.25,8.65,90.0,2.6,66.67,0.0,0.0,0.0,3.46,4.29,0.0,1,0.87,0,0.0,2.6,0.0,0,0.0,0.0,0,0.0,1,0.87,0.0,0.0,0.0,1.73,50.0,0.0,0.0,1.73,50.0,0.87,1.73,100.0,3.46,75.0,0.0,0.87,0.0,25.96,0.0,1.73,36.35,76.19,10.38,66.67,7.79,88.89,15.58,77.78,32.02,81.08,2.6,33.33,19.13,25.0,0.12,1.73,0.0,0.0,0.0,0.0,0.0,3.46,50.0,2.6,66.67,0.0,0.0,0.87,0.87,9.52,72.73,0,,0,,0,0.0,0.0,0.0,,,1.73,,,1.73,0.87,0.0,1.73,0,0.0
Hélder Maciel,São Bernardo FC,São Bernardo FC,RCB,36,0,2026-11-30,14,1423,1,0.27,0,0.0,15.43,69.67,Brazil,Brazil,right,188,82,no,9.11,4.81,69.74,5.5,66.67,0.76,1.16,0.57,5.0,7.65,1.26,8,0.51,1,0.06,0.89,0.06,1,0.06,0.02,1,0.06,6,0.38,16.67,16.667,0.0,0.32,40.0,0.06,0.0,0.25,50.0,0.0,0.82,84.62,3.23,74.51,0.51,0.89,0.25,21.25,0.95,1.9,36.62,83.25,17.33,74.09,1.64,96.15,13.91,91.82,31.81,89.26,4.49,43.66,20.85,38.72,0.0,0.0,0.0,0.0,0.0,0.0,0.0,6.07,68.75,0.63,40.0,0.19,33.33,0.32,0.19,7.97,68.25,0,,0,,0,0.0,0.0,0.0,,,0.95,,,0.0,0.0,0.0,0.0,0,0.0
Israel,Santa Cruz,Brusque,RB,32,0,,1,102,0,0.0,0,0.0,19.41,50.0,Brazil,Brazil,right,180,67,no,14.12,9.71,54.55,0.88,100.0,0.88,1.03,0.0,7.94,9.31,0.0,0,0.0,0,0.0,0.88,0.0,0,0.0,0.0,0,0.0,0,0.0,0.0,0.0,0.0,0.88,100.0,0.0,0.0,0.88,100.0,0.0,0.0,0.0,6.18,42.86,0.88,0.0,0.0,25.59,0.88,1.76,32.65,70.27,7.94,33.33,6.18,85.71,10.59,91.67,28.24,71.88,3.53,50.0,17.93,45.02,0.0,0.0,0.0,0.0,0.0,0.0,0.0,0.88,0.0,0.88,100.0,0.0,0.0,0.0,0.88,7.06,25.0,0,,0,,0,0.0,0.0,0.0,,,1.76,,,0.0,0.0,0.0,0.0,0,0.0
Gilvan,Grêmio Sãocarlense,EC São José,"LWF, CF, AMF",33,0,,7,277,1,0.76,0,0.15,30.54,31.91,Brazil,Brazil,,180,80,no,5.52,3.9,50.0,11.05,38.24,0.65,0.76,0.0,2.92,3.42,1.3,1,0.32,0,0.0,1.3,0.32,1,0.32,0.25,1,0.32,5,1.62,20.0,20.0,0.0,1.3,25.0,0.65,0.0,0.65,50.0,0.32,1.3,25.0,10.07,22.58,2.6,0.32,0.0,12.67,0.97,0.97,21.44,74.24,7.15,72.73,5.52,76.47,5.2,75.0,18.52,78.95,1.62,60.0,18.81,16.74,0.05,0.65,0.0,0.0,0.32,100.0,0.32,2.6,62.5,1.3,50.0,0.32,100.0,0.32,0.32,2.92,88.89,0,,0,,0,0.0,0.0,0.0,,,0.0,,,0.0,0.0,0.0,0.0,0,0.0
Tiago Pedra,EC São José,EC São José,"RWB, RCB, CF",36,0,,3,45,0,0.0,0,0.0,8.0,75.0,Brazil,Brazil,right,180,78,no,10.0,6.0,100.0,0.0,0.0,0.0,0.0,0.0,4.0,7.5,0.0,1,2.0,0,0.0,0.0,0.0,0,0.0,0.0,0,0.0,0,0.0,0.0,0.0,0.0,0.0,0.0,0.0,0.0,0.0,0.0,0.0,0.0,0.0,0.0,0.0,0.0,0.0,0.0,10.0,0.0,0.0,20.0,70.0,6.0,33.33,4.0,100.0,10.0,80.0,14.0,85.71,6.0,33.33,20.13,30.33,0.0,0.0,0.0,0.0,0.0,0.0,0.0,10.0,40.0,2.0,0.0,0.0,0.0,0.0,0.0,2.0,100.0,0,,0,,0,0.0,0.0,0.0,,,2.0,,,0.0,0.0,0.0,0.0,0,0.0
Raphael Luz,Aparecidense,Aparecidense,"AMF, LW",36,0,,9,363,2,0.91,0,0.06,18.15,37.5,Brazil,Brazil,right,176,68,no,4.29,2.27,66.67,4.54,27.78,0.25,0.3,0.0,2.52,3.03,1.26,0,0.0,0,0.0,2.02,0.5,1,0.25,0.23,0,0.0,6,1.51,50.0,16.667,0.0,0.76,33.33,0.76,33.33,0.0,0.0,0.0,2.77,27.27,10.59,38.1,2.77,1.01,0.25,19.66,0.5,2.27,28.99,81.74,7.82,70.97,5.04,85.0,11.34,86.67,26.97,85.05,1.26,40.0,17.25,11.26,0.01,1.01,0.0,0.0,0.5,50.0,0.25,3.78,80.0,1.76,57.14,0.76,33.33,1.76,0.25,4.03,75.0,0,,0,,0,0.0,0.0,0.0,,,0.0,,,0.76,0.25,100.0,0.25,0,0.0
Rafael Goiano,União Rondonópolis,Aparecidense,RCB,36,0,,2,69,0,0.16,0,0.0,14.35,27.27,Brazil,Brazil,right,188,84,no,3.91,2.61,0.0,7.83,33.33,0.0,0.0,1.3,3.91,6.0,0.0,0,0.0,0,0.0,0.0,0.0,0,0.0,0.2,0,0.0,2,2.61,0.0,0.0,0.0,0.0,0.0,0.0,0.0,0.0,0.0,0.0,0.0,0.0,0.0,0.0,2.61,0.0,0.0,15.65,0.0,0.0,31.3,79.17,14.35,63.64,1.3,100.0,13.04,90.0,27.39,90.48,3.91,0.0,26.79,45.94,0.0,0.0,0.0,0.0,0.0,0.0,0.0,2.61,0.0,1.3,0.0,1.3,0.0,0.0,0.0,3.91,33.33,0,,0,,0,0.0,0.0,0.0,,,1.3,,,0.0,0.0,0.0,0.0,0,0.0
Tobinha,Capital Brasilia,Brusque,"LW, RW, LWF",32,0,,4,145,0,0.09,0,0.07,21.72,51.43,Brazil,Brazil,,0,0,no,9.31,8.07,69.23,5.59,22.22,0.62,1.36,0.0,3.1,6.82,1.24,0,0.0,0,0.0,4.34,0.0,0,0.0,0.06,0,0.0,4,2.48,50.0,0.0,0.0,1.24,50.0,1.24,50.0,0.0,0.0,0.62,3.72,66.67,8.07,53.85,1.86,0.62,0.0,9.31,0.62,0.62,14.9,87.5,3.72,83.33,3.1,100.0,6.21,80.0,12.41,95.0,1.24,50.0,15.95,20.02,0.04,1.24,0.0,0.0,0.0,0.0,0.0,0.62,100.0,0.62,100.0,0.62,100.0,0.0,0.62,2.48,75.0,0,,0,,0,0.0,0.0,0.0,,,0.0,,,0.0,0.0,0.0,0.0,0,0.0
Wagner Balotelli,Santa Cruz,Brusque,"LCMF, LDMF",33,0,,7,402,0,0.0,0,0.05,21.94,44.9,Brazil,Brazil,left,180,74,no,9.63,6.49,62.07,6.49,37.93,0.22,0.36,0.45,5.37,8.57,2.24,2,0.45,0,0.0,0.9,0.0,0,0.0,0.0,0,0.0,0,0.0,0.0,0.0,0.0,0.22,0.0,0.22,0.0,0.0,0.0,0.0,1.12,80.0,4.93,36.36,0.9,0.67,0.22,17.91,0.0,1.34,32.91,74.83,11.64,57.69,5.6,88.0,10.75,85.42,29.1,81.54,3.58,25.0,18.16,39.23,0.01,0.67,0.0,0.0,0.0,0.0,0.0,5.37,50.0,0.67,33.33,0.0,0.0,0.45,0.0,4.48,45.0,0,,0,,0,0.0,0.0,0.0,,,0.0,,,0.0,0.0,0.0,0.0,0,0.0
Adilson Bahia,Galícia,Floresta EC,"CF, RW",33,0,,8,391,0,1.13,1,0.82,21.87,27.37,Brazil,Brazil,both,177,0,no,2.99,2.53,27.27,6.68,20.69,0.0,0.0,0.0,2.3,2.88,1.84,2,0.46,0,0.0,3.68,0.0,0,0.0,0.26,0,0.0,11,2.53,45.45,0.0,0.23,2.3,10.0,2.07,11.11,0.23,0.0,0.23,2.99,53.85,9.44,34.15,3.45,0.92,0.23,17.26,2.07,1.15,23.48,61.76,6.21,51.85,5.29,73.91,6.68,62.07,20.26,69.32,0.92,25.0,17.39,10.02,0.19,0.46,0.0,0.0,1.61,42.86,0.23,3.91,41.18,2.07,22.22,1.61,42.86,0.46,0.46,2.53,81.82,0,,0,,0,0.0,0.0,0.0,,,0.0,,,0.0,0.0,0.0,0.0,0,0.0
Willian Fazendinha,São José AP,Altos,AMF,33,0,,1,38,0,0.0,0,0.03,,,Brazil,Brazil,,0,0,no,,,,,,,0.0,,,8.57,,0,,0,,,,0,,,0,,0,,,0.0,,,,,,,,,,,,,,,,,,,,,,,,,,,,,,,18.04,40.48,,,,,,,,,,,,,,,,,,0,,0,,0,0.0,0.0,,,,,,,,,,,0,0.0
Dieyson,Jataiense,Manaus,"LB, LW",33,0,,3,240,0,0.03,0,0.15,15.38,58.54,Brazil,Brazil,left,176,70,no,7.13,6.0,56.25,1.5,50.0,0.75,0.95,0.38,3.0,3.81,1.13,0,0.0,0,0.0,4.13,0.0,0,0.0,0.01,0,0.0,1,0.38,100.0,0.0,0.0,1.88,20.0,1.88,20.0,0.0,0.0,0.0,3.0,100.0,6.75,72.22,0.38,2.63,0.38,25.13,2.63,1.13,34.13,84.62,11.25,83.33,6.75,94.44,12.0,81.25,30.0,90.0,2.25,66.67,19.84,39.18,0.06,1.13,0.0,0.0,0.75,50.0,0.0,4.13,81.82,3.0,37.5,1.88,60.0,0.38,0.38,7.13,73.68,0,,0,,0,0.0,0.0,0.0,,,0.0,,,0.0,0.0,0.0,0.0,0,0.0
Robert,Ceilândia,Aparecidense,"CF, AMF, LW",34,0,,12,1002,0,1.08,1,0.59,19.31,40.61,Brazil,Brazil,right,176,64,no,5.1,4.51,63.04,0.78,0.0,0.1,0.12,0.0,2.16,2.74,0.88,2,0.18,0,0.0,1.57,0.0,0,0.0,0.11,0,0.0,17,1.67,11.76,0.0,0.1,1.27,23.08,0.69,0.0,0.59,50.0,0.29,2.25,39.13,12.65,37.21,1.57,1.18,0.39,22.35,1.08,3.33,29.71,81.52,6.86,67.14,6.18,87.3,10.78,86.36,27.06,85.51,1.47,53.33,15.84,26.87,0.06,1.08,0.0,0.0,0.39,50.0,0.29,4.02,82.93,2.06,38.1,0.59,33.33,0.49,0.39,3.33,76.47,0,,0,,0,0.0,0.0,0.0,,,0.0,,,0.1,0.0,0.0,0.1,0,0.0
Felipe Baiano,Marcílio Dias,Manaus,"LCMF, RCMF",37,0,2026-12-31,16,1229,0,1.11,0,0.07,18.67,54.51,Brazil,Brazil,right,178,71,no,10.25,7.47,64.71,4.76,55.38,0.29,0.4,0.22,5.13,7.02,1.46,5,0.37,1,0.07,1.1,0.0,0,0.0,0.08,0,0.0,15,1.1,13.33,0.0,0.0,0.37,0.0,0.22,0.0,0.15,0.0,0.07,1.61,54.55,3.88,43.4,0.44,0.37,0.22,22.7,0.15,1.03,37.86,84.91,16.04,75.34,3.52,97.92,14.43,91.88,34.2,88.65,3.3,55.56,19.56,36.59,0.01,0.51,0.0,0.0,0.07,100.0,0.0,8.06,74.55,0.66,22.22,0.15,50.0,0.15,0.0,7.32,85.0,0,,0,,0,0.0,0.0,0.0,,,0.37,,,0.07,0.07,100.0,0.0,0,0.0
Renatinho,Primavera AC,Amazonas,"AMF, RAMF, RDMF",37,0,,3,132,0,0.34,0,0.0,12.27,55.56,Brazil,Brazil,left,167,73,no,2.05,2.73,75.0,0.68,100.0,0.0,0.0,0.0,0.0,0.0,0.0,0,0.0,0,0.0,1.36,0.0,0,0.0,0.23,0,0.0,3,2.05,0.0,0.0,0.0,0.68,0.0,0.0,0.0,0.68,0.0,0.0,1.36,100.0,4.77,57.14,2.05,0.0,0.0,30.68,0.68,0.68,36.14,84.91,9.55,71.43,6.82,100.0,12.27,88.89,32.05,89.36,3.41,60.0,16.29,41.84,0.0,0.0,0.0,0.0,0.68,0.0,0.0,6.82,70.0,2.05,66.67,0.68,0.0,1.36,0.0,4.09,83.33,0,,0,,0,0.0,0.0,0.0,,,0.0,,,0.68,0.68,0.0,2.73,0,0.0
Nino Paraíba,Cuiabá,Paysandu,RB,40,0,2026-11-30,1,51,0,0.0,0,0.24,26.47,46.67,Brazil,Brazil,right,168,63,no,10.59,5.29,66.67,7.06,50.0,0.0,0.0,0.0,7.06,20.0,1.76,0,0.0,0,0.0,7.06,0.0,0,0.0,0.0,0,0.0,0,0.0,0.0,0.0,0.0,12.35,28.57,0.0,0.0,12.35,28.57,1.76,7.06,50.0,12.35,42.86,3.53,3.53,1.76,35.29,5.29,0.0,65.29,67.57,24.71,57.14,8.82,80.0,22.94,61.54,47.65,77.78,5.29,66.67,20.39,45.29,0.42,1.76,0.0,0.0,0.0,0.0,1.76,5.29,100.0,10.59,16.67,0.0,0.0,1.76,5.29,21.18,50.0,0,,0,,0,0.0,0.0,0.0,,,0.0,,,0.0,0.0,0.0,0.0,0,0.0
João Lucas,Sergipe,América RN,LB,35,0,2026-07-31,11,1036,0,0.2,0,0.77,13.9,52.5,Brazil,Brazil,left,184,79,no,8.69,6.86,62.03,1.74,45.0,0.52,0.66,0.43,3.91,4.96,0.52,1,0.09,0,0.0,2.61,0.0,0,0.0,0.02,0,0.0,7,0.61,42.86,0.0,0.0,3.56,29.27,3.56,29.27,0.0,0.0,0.78,2.69,48.39,3.82,45.45,0.96,1.48,0.61,22.5,0.96,0.17,35.27,78.82,12.94,75.17,4.78,94.55,12.68,77.4,27.45,88.92,4.78,49.09,21.26,36.54,0.07,0.35,0.0,0.0,0.09,0.0,0.17,4.69,74.07,3.21,40.54,0.52,33.33,0.52,1.13,8.77,73.27,0,,0,,0,0.0,0.0,0.0,,,0.61,,,0.26,0.0,0.0,0.09,0,0.0
Matheuzinho,Capital Brasilia,América RN,"CF, RW",33,0,,7,465,0,1.13,1,2.16,12.58,41.54,Brazil,Brazil,left,171,70,no,2.32,3.68,36.84,0.19,0.0,0.0,0.0,0.0,0.97,1.14,0.77,1,0.19,0,0.0,2.52,0.0,0,0.0,0.22,0,0.0,12,2.32,33.33,0.0,0.19,2.13,45.45,1.16,50.0,0.77,25.0,0.39,1.55,37.5,6.97,44.44,1.74,0.19,0.0,13.74,0.97,1.74,19.94,73.79,7.55,74.36,1.16,83.33,6.77,74.29,15.29,79.75,2.71,57.14,24.58,29.92,0.42,2.52,0.0,0.0,0.19,100.0,0.77,4.84,72.0,1.94,50.0,0.97,40.0,0.39,0.77,3.87,90.0,0,,0,,0,0.0,0.0,0.0,,,0.0,,,2.13,0.19,0.0,1.94,0,0.0
Rodriguinho,Capital Brasilia,América RN,"RCMF, LCMF",32,0,,15,1453,0,0.68,2,1.8,16.66,55.02,Brazil,Brazil,right,175,71,no,8.61,9.23,55.7,2.04,33.33,0.25,0.32,0.06,3.22,4.15,1.86,6,0.37,0,0.0,1.11,0.0,0,0.0,0.04,0,0.0,12,0.74,25.0,0.0,0.12,0.68,36.36,0.37,33.33,0.31,40.0,0.06,0.68,90.91,3.34,74.07,0.06,0.56,0.19,27.75,0.25,1.86,42.0,87.46,13.38,75.0,4.89,96.2,18.27,93.22,37.35,91.54,3.96,57.81,19.3,32.75,0.11,1.49,0.19,0.0,0.06,100.0,0.06,8.18,83.33,1.42,47.83,0.43,42.86,0.5,0.25,7.49,82.64,0,,0,,0,0.0,0.0,0.0,,,0.25,,,2.04,0.31,40.0,3.47,0,0.0
Ricardinho,,Floresta EC,"RCMF, AMF, CF",40,0,,11,770,1,0.51,0,0.74,11.59,46.67,Brazil,Brazil,right,175,64,no,5.67,5.41,57.14,1.67,30.77,0.0,0.0,0.13,2.58,3.66,0.9,2,0.23,0,0.0,1.55,0.12,0,0.0,0.07,0,0.0,20,2.58,20.0,0.0,0.0,1.67,46.15,0.64,40.0,1.03,50.0,0.26,0.64,40.0,3.61,35.71,0.64,1.29,0.0,35.54,1.03,0.64,46.74,81.27,15.19,66.1,5.41,97.62,20.34,89.87,38.37,86.24,6.82,60.38,19.94,36.34,0.1,1.55,0.0,0.0,0.26,0.0,0.39,9.53,67.57,2.58,45.0,1.29,30.0,1.03,1.03,7.34,78.95,0,,0,,0,0.0,0.0,0.0,,,0.26,,,3.22,0.77,33.33,3.09,0,0.0
Marllon,Nacional SP,Floresta EC,"CF, AMF",36,0,,16,1014,2,0.73,0,1.41,15.18,38.6,Brazil,Brazil,right,169,62,no,3.91,4.17,55.32,2.49,17.86,0.09,0.11,0.09,1.51,1.85,1.95,3,0.27,0,0.0,1.69,0.18,2,0.18,0.07,0,0.0,20,1.78,45.0,10.0,0.0,1.24,21.43,0.18,0.0,1.07,25.0,0.18,1.15,38.46,6.83,37.66,0.53,0.53,0.18,19.79,1.33,1.69,29.73,76.42,9.76,58.18,6.12,94.2,8.79,82.83,26.18,81.02,2.31,53.85,17.02,28.18,0.13,1.6,0.09,0.0,0.89,20.0,0.27,6.12,68.12,2.04,30.43,1.33,26.67,0.53,0.18,4.88,72.73,0,,0,,0,0.0,0.0,0.0,,,0.18,,,2.22,0.36,25.0,2.49,0,0.0
Zé Carlos,Ypiranga Erechim,Floresta EC,GK,40,0,,17,1714,0,0.0,0,0.0,0.42,100.0,Brazil,Brazil,right,184,76,no,2.36,0.11,100.0,0.32,100.0,0.05,0.07,0.0,2.21,2.84,0.05,4,0.21,0,0.0,0.0,0.0,0,0.0,0.0,0,0.0,0,0.0,0.0,0.0,0.0,0.0,0.0,0.0,0.0,0.0,0.0,0.0,0.0,0.0,0.0,0.0,0.0,0.0,0.0,11.03,0.32,0.11,20.37,83.76,14.18,77.78,0.0,0.0,6.09,98.28,10.19,95.88,10.13,72.02,38.77,49.34,0.0,0.0,0.0,0.0,0.0,0.0,0.0,3.15,63.33,0.21,0.0,0.16,0.0,0.0,0.0,8.93,82.35,17,0.89,66,3.47,7,74.24,13.89,0.73,-3.11,-0.163,0.0,1.05,0.32,,,,0.0,0,0.0
Eduardo Moura,Confiança,Floresta EC,LCB,33,0,,10,823,0,0.63,0,0.0,12.69,69.83,Brazil,Brazil,left,191,91,no,9.08,5.8,66.04,4.37,80.0,0.44,0.54,0.55,4.81,5.95,1.09,4,0.44,0,0.0,0.22,0.0,0,0.0,0.07,0,0.0,4,0.44,0.0,0.0,0.0,0.0,0.0,0.0,0.0,0.0,0.0,0.0,0.22,100.0,0.87,75.0,0.66,0.11,0.0,15.42,0.33,0.33,26.25,88.33,9.51,74.71,2.52,100.0,12.47,96.49,22.96,92.38,3.28,60.0,21.37,31.66,0.0,0.0,0.0,0.0,0.0,0.0,0.0,2.95,66.67,0.11,0.0,0.0,0.0,0.0,0.0,4.59,69.05,0,,0,,0,0.0,0.0,0.0,,,2.19,,,0.0,0.0,0.0,0.0,0,0.0
Jô,Jequié,Floresta EC,"LCMF, DMF, RCMF",37,0,,12,1010,0,0.4,0,0.09,15.37,50.91,Brazil,Brazil,right,182,75,no,8.76,7.73,53.01,2.61,75.0,0.37,0.47,0.19,4.29,5.35,1.96,2,0.18,0,0.0,0.56,0.0,0,0.0,0.04,0,0.0,12,1.12,16.67,0.0,0.0,0.47,20.0,0.37,25.0,0.09,0.0,0.09,0.47,40.0,2.33,40.0,0.09,0.65,0.09,19.57,0.09,0.93,35.87,78.44,14.25,70.59,3.54,94.74,13.88,85.91,32.98,80.51,2.42,61.54,19.45,35.72,0.01,0.37,0.0,0.0,0.47,20.0,0.09,8.11,68.97,1.02,54.55,1.02,54.55,0.37,0.19,7.64,69.51,0,,0,,0,0.0,0.0,0.0,,,0.75,,,0.0,0.0,0.0,0.0,0,0.0
Wendel,Barretos,Floresta EC,CF,34,0,,10,511,1,1.22,0,0.24,29.59,31.55,Brazil,Brazil,right,186,84,no,4.05,2.99,47.06,8.45,41.67,0.35,0.44,0.0,2.29,2.85,2.11,1,0.18,0,0.0,2.29,0.18,1,0.18,0.21,1,0.18,9,1.59,33.33,11.111,0.0,0.53,0.0,0.18,0.0,0.35,0.0,0.0,4.05,43.48,14.79,27.38,2.64,0.35,0.0,9.16,1.76,2.11,16.38,72.04,3.35,73.68,3.87,81.82,5.28,73.33,15.32,74.71,0.53,66.67,16.43,12.93,0.04,1.23,0.0,0.0,0.0,0.0,0.53,1.76,90.0,0.7,75.0,0.0,0.0,0.53,0.0,1.59,66.67,0,,0,,0,0.0,0.0,0.0,,,0.0,,,0.18,0.18,0.0,0.0,0,0.0
Buba,Treze,Floresta EC,"CF, RW",33,0,2026-09-30,9,516,0,0.54,0,0.01,29.13,32.34,Brazil,Brazil,right,182,64,no,5.23,6.1,45.71,8.37,29.17,0.0,0.0,0.52,2.44,3.13,3.49,3,0.52,1,0.17,1.57,0.0,0,0.0,0.09,0,0.0,5,0.87,40.0,0.0,0.0,1.05,0.0,0.0,0.0,1.05,0.0,0.17,2.62,46.67,9.24,26.42,1.92,0.87,0.35,9.42,1.92,1.4,16.92,58.76,5.41,48.39,3.31,89.47,3.84,54.55,15.35,63.64,0.52,33.33,13.81,15.39,0.0,0.17,0.0,0.0,0.0,0.0,0.0,1.74,30.0,0.52,0.0,0.0,0.0,0.17,0.0,1.22,28.57,0,,0,,0,0.0,0.0,0.0,,,0.0,,,0.0,0.0,0.0,0.0,0,0.0
Bruno Ré,Pelotas,Floresta EC,LB,36,0,,13,1183,0,0.55,0,0.06,20.59,61.2,Brazil,Brazil,left,182,75,no,11.28,9.55,62.93,7.0,65.88,0.33,0.4,0.49,4.94,6.0,1.81,5,0.38,0,0.0,0.91,0.0,0,0.0,0.05,0,0.0,8,0.66,12.5,0.0,0.0,1.48,11.11,1.48,11.11,0.0,0.0,0.25,0.74,77.78,2.06,48.0,0.74,0.74,0.16,17.04,0.99,0.91,30.3,70.92,15.32,66.13,2.8,85.29,8.81,77.57,24.95,79.87,3.95,35.42,20.49,37.39,0.0,0.33,0.08,0.0,0.16,50.0,0.0,5.76,52.86,1.98,29.17,0.49,33.33,0.08,0.25,7.58,67.39,0,,0,,0,0.0,0.0,0.0,,,0.25,,,0.0,0.0,0.0,0.0,0,0.0
Alisson,Hercílio Luz,Floresta EC,"RCB, CB",32,0,,17,1705,1,0.87,0,0.01,12.65,58.59,Brazil,Brazil,right,186,85,no,9.03,5.18,74.19,4.18,52.0,0.33,0.42,0.45,4.85,6.14,0.72,5,0.26,0,0.0,0.17,0.05,1,0.06,0.05,1,0.06,8,0.45,25.0,12.5,0.0,0.0,0.0,0.0,0.0,0.0,0.0,0.0,0.11,50.0,0.89,43.75,1.06,0.22,0.0,20.95,0.39,0.33,35.5,87.6,13.82,75.81,1.84,93.94,17.5,95.54,30.43,90.84,5.07,68.13,23.29,40.51,0.0,0.11,0.0,0.0,0.06,0.0,0.0,3.01,70.37,0.33,33.33,0.56,50.0,0.28,0.0,7.36,67.42,0,,0,,0,0.0,0.0,0.0,,,1.45,,,0.0,0.0,0.0,0.0,0,0.0
Igor Carvalho,,Floresta EC,RB,33,0,,7,376,0,0.03,0,0.19,10.29,46.51,Brazil,Brazil,,0,0,no,4.79,2.63,36.36,2.63,36.36,0.24,0.3,0.0,3.59,4.5,1.44,3,0.72,0,0.0,1.68,0.0,0,0.0,0.01,0,0.0,2,0.48,50.0,0.0,0.0,4.31,22.22,0.0,0.0,4.31,22.22,0.48,0.72,33.33,3.11,53.85,0.72,0.48,0.24,27.77,2.15,1.68,34.95,74.66,10.29,69.77,5.74,87.5,12.69,77.36,27.29,86.84,3.83,43.75,20.95,25.7,0.05,0.72,0.0,0.0,0.24,100.0,0.0,3.11,61.54,2.63,36.36,0.0,0.0,0.0,0.96,6.7,75.0,0,,0,,0,0.0,0.0,0.0,,,0.48,,,0.72,0.0,0.0,0.72,0,0.0
Lucas Oliveira,Capital Brasilia,Floresta EC,"RB, RCB",32,0,,13,1096,0,0.62,2,0.71,13.76,56.29,Brazil,Brazil,,0,0,no,7.5,4.12,62.0,6.35,58.44,0.08,0.11,0.08,4.86,6.32,1.07,2,0.16,0,0.0,1.32,0.0,0,0.0,0.05,0,0.0,9,0.74,22.22,0.0,0.16,1.48,38.89,0.0,0.0,1.48,38.89,0.16,0.58,85.71,1.32,56.25,0.66,1.07,0.16,25.38,0.41,0.66,36.18,79.04,17.72,72.09,3.46,95.24,10.88,84.09,29.67,86.94,5.03,44.26,20.64,34.79,0.06,0.74,0.0,0.0,0.25,33.33,0.16,6.51,70.89,1.73,42.86,0.66,25.0,0.41,0.58,9.07,74.55,0,,0,,0,0.0,0.0,0.0,,,1.15,,,0.0,0.0,0.0,0.0,0,0.0
Betinho,Altos,Amazonas,LCMF,39,0,,1,23,0,0.0,1,0.02,,,Brazil,Brazil,right,186,86,no,,,,,,,0.0,,,0.0,,0,,0,,,,0,,,0,,0,,,0.0,,,,,,,,,,,,,,,,,,,,,,,,,,,,,,,26.18,0.0,,,,,,,,,,,,,,,,,,0,,0,,0,0.0,0.0,,,,,,,,,,,0,0.0
Raphael Soares,EC São José,Amazonas,LB,34,0,2026-08-30,1,68,0,0.0,0,0.0,19.85,66.67,Brazil,Brazil,left,180,75,no,1.32,3.97,0.0,3.97,100.0,0.0,0.0,0.0,1.32,3.33,5.29,1,1.32,1,1.32,5.29,0.0,0,0.0,0.0,0,0.0,0,0.0,0.0,0.0,0.0,3.97,0.0,3.97,0.0,0.0,0.0,2.65,5.29,100.0,9.26,100.0,0.0,3.97,1.32,18.53,2.65,1.32,23.82,50.0,15.88,58.33,0.0,0.0,6.62,20.0,17.21,69.23,2.65,0.0,17.01,24.72,0.0,0.0,0.0,0.0,0.0,0.0,0.0,3.97,33.33,3.97,0.0,1.32,0.0,0.0,0.0,1.32,0.0,0,,0,,0,0.0,0.0,0.0,,,0.0,,,0.0,0.0,0.0,0.0,0,0.0
Leilson,Itabaiana,Floresta EC,"RW, RAMF, LAMF",33,0,2026-12-31,10,391,2,0.87,0,0.78,22.98,43.16,Brazil,Brazil,right,162,62,no,7.98,6.77,53.57,3.39,35.71,0.73,1.07,0.48,3.63,5.36,0.48,1,0.23,0,0.0,5.56,0.46,2,0.48,0.21,0,0.0,8,1.94,62.5,25.0,0.0,5.56,34.78,0.24,100.0,5.32,31.82,1.21,5.08,47.62,11.61,41.67,2.66,2.42,0.73,13.55,2.66,1.45,22.5,67.74,4.6,52.63,5.32,86.36,7.74,62.5,15.48,82.81,1.45,33.33,14.88,14.55,0.19,1.69,0.0,0.0,0.0,0.0,0.48,0.24,100.0,4.11,35.29,0.24,0.0,0.24,1.94,3.63,73.33,0,,0,,0,0.0,0.0,0.0,,,0.0,,,0.24,0.0,0.0,1.45,0,0.0
Vinícius,Tuna Luso,Remo,GK,41,0,,18,1840,0,0.0,0,0.0,0.54,63.64,Brazil,Brazil,right,190,78,no,1.13,0.1,50.0,0.39,75.0,0.0,0.0,0.0,1.08,1.56,0.0,3,0.15,0,0.0,0.0,0.0,0,0.0,0.0,0,0.0,0,0.0,0.0,0.0,0.0,0.0,0.0,0.0,0.0,0.0,0.0,0.0,0.0,0.0,0.05,0.0,0.0,0.0,0.0,9.83,0.2,0.0,15.6,91.22,7.43,82.89,0.0,0.0,7.58,98.71,11.15,99.12,4.45,71.43,29.72,49.27,0.0,0.0,0.0,0.0,0.0,0.0,0.0,0.98,75.0,0.05,0.0,0.05,0.0,0.0,0.0,3.72,81.58,16,0.78,63,3.08,7,74.6,16.19,0.79,0.19,0.009,0.0,1.13,0.39,,,,0.0,0,0.0
Muriqui,,Remo,"CF, AMF, LCMF",40,0,,17,1507,4,4.69,0,0.3,13.74,38.7,Brazil,Brazil,right,174,72,no,2.15,2.51,57.14,2.27,18.42,0.06,0.09,0.0,0.66,0.97,0.36,3,0.18,0,0.0,1.73,0.24,2,0.12,0.28,0,0.0,20,1.19,45.0,20.0,0.0,0.66,0.0,0.3,0.0,0.36,0.0,0.12,1.97,57.58,6.75,43.36,2.27,1.02,0.6,15.47,1.49,1.55,18.57,78.46,4.78,70.0,4.54,88.16,5.67,81.05,16.9,82.33,1.02,64.71,16.35,22.58,0.02,0.42,0.12,0.0,0.12,50.0,0.18,2.87,75.0,1.19,55.0,0.3,60.0,0.9,0.0,2.33,79.49,0,,0,,0,0.0,0.0,0.0,,,0.0,,,0.0,0.0,0.0,0.0,3,66.667
Claudinei,Jequié,Remo,"RDMF, RCMF, DMF",37,0,,14,1019,2,0.8,0,0.23,16.25,54.35,Brazil,Brazil,right,178,70,no,7.77,6.62,61.33,3.89,54.55,0.35,0.49,0.26,3.36,4.69,1.41,3,0.26,0,0.0,1.15,0.18,2,0.18,0.07,0,0.0,7,0.62,28.57,28.571,0.0,0.09,100.0,0.0,0.0,0.09,100.0,0.0,1.24,64.29,3.18,52.78,0.53,0.71,0.18,17.75,0.35,0.88,26.94,80.66,10.78,71.31,2.91,84.85,8.83,90.0,24.91,82.62,1.94,54.55,16.3,16.51,0.02,0.79,0.0,0.0,0.35,25.0,0.18,5.12,72.41,0.79,55.56,0.44,40.0,0.53,0.09,5.12,82.76,0,,0,,0,0.0,0.0,0.0,,,0.0,,,0.0,0.0,0.0,0.0,0,0.0
Anderson Uchôa,Avenida,Remo,"DMF, LDMF, RCMF",35,0,,12,1080,0,0.62,0,0.07,15.0,50.56,Brazil,Brazil,right,181,64,no,10.08,6.33,56.58,4.33,34.62,1.08,1.61,0.5,5.42,8.06,1.58,3,0.25,0,0.0,0.83,0.0,0,0.0,0.05,0,0.0,7,0.58,42.86,0.0,0.0,0.08,100.0,0.0,0.0,0.08,100.0,0.0,0.58,85.71,2.25,59.26,0.5,0.33,0.0,28.67,0.25,1.42,44.0,93.75,12.5,86.67,4.67,96.43,20.92,97.21,41.25,94.95,2.67,75.0,18.82,31.09,0.01,0.33,0.0,0.08,0.0,0.0,0.0,4.92,88.14,0.08,100.0,0.0,0.0,0.0,0.08,4.75,85.96,0,,0,,0,0.0,0.0,0.0,,,0.58,,,0.0,0.0,0.0,0.0,0,0.0
Rodriguinho,,Remo,"LW, LAMF, AMF",38,0,,16,1108,1,1.2,1,1.42,14.95,40.76,Brazil,Brazil,right,170,70,no,5.6,5.6,53.62,1.38,29.41,0.97,1.39,0.16,1.62,2.32,1.46,4,0.32,0,0.0,1.87,0.08,1,0.08,0.1,0,0.0,23,1.87,39.13,4.348,0.08,1.46,50.0,0.89,45.45,0.57,57.14,0.16,1.38,29.41,5.77,36.62,1.79,0.57,0.57,24.61,0.97,1.38,36.06,81.53,11.53,69.72,8.37,92.23,9.34,86.09,32.65,83.58,1.95,70.83,16.21,23.63,0.12,1.46,0.0,0.08,0.57,0.0,0.49,5.04,70.97,2.27,50.0,0.65,0.0,0.89,0.81,6.74,72.29,0,,0,,0,0.0,0.0,0.0,,,0.41,,,2.76,0.65,37.5,2.27,0,0.0
Diego Guerra,Vitória ES,Remo,LCB,35,0,2027-03-31,16,1637,0,0.31,0,0.48,8.85,63.98,Brazil,Brazil,right,187,91,no,7.37,4.4,63.75,2.31,71.43,0.05,0.08,0.33,4.51,6.68,1.32,4,0.22,2,0.11,0.38,0.0,0,0.0,0.02,0,0.0,2,0.11,0.0,0.0,0.0,0.16,100.0,0.11,100.0,0.05,100.0,0.0,0.27,80.0,0.55,70.0,0.49,1.26,0.33,35.41,0.55,0.27,53.44,90.64,20.56,81.02,1.76,90.63,27.27,97.78,48.16,93.84,5.11,60.22,22.63,41.31,0.03,0.05,0.0,0.0,0.0,0.0,0.0,5.22,76.84,0.44,37.5,0.16,0.0,0.05,0.16,9.13,74.7,0,,0,,0,0.0,0.0,0.0,,,1.54,,,0.05,0.0,0.0,0.05,0,0.0
Jean Silva,Goiatuba EC,Remo,"RW, LAMF, LW",37,0,,15,889,0,0.82,0,0.77,21.36,43.6,Brazil,Brazil,right,173,66,no,6.78,6.48,60.94,2.13,23.81,0.3,0.47,0.0,2.53,3.95,1.92,0,0.0,0,0.0,3.85,0.0,0,0.0,0.08,0,0.0,15,1.52,13.33,0.0,0.0,3.24,25.0,1.21,25.0,2.02,25.0,0.51,4.45,59.09,10.43,38.83,2.83,3.34,0.81,23.79,2.63,1.42,30.37,77.67,8.0,75.95,6.28,90.32,8.71,69.77,26.22,84.17,1.11,63.64,16.5,16.05,0.08,0.61,0.0,0.0,0.51,40.0,0.3,3.34,84.85,3.04,50.0,0.61,66.67,1.21,1.11,5.06,76.0,0,,0,,0,0.0,0.0,0.0,,,0.1,,,0.0,0.0,0.0,0.0,0,0.0
Airton,Altos,Brusque,LB,37,0,2026-09-30,22,1349,0,0.43,2,1.96,12.48,53.48,Brazil,Brazil,left,175,70,no,7.21,5.34,58.75,2.27,50.0,0.07,0.1,0.0,4.0,6.04,1.07,3,0.2,0,0.0,2.0,0.0,0,0.0,0.03,0,0.0,14,0.93,14.29,0.0,0.13,3.07,34.78,3.0,35.56,0.07,0.0,0.4,0.73,81.82,3.2,54.17,0.67,0.73,0.33,27.02,1.6,1.2,36.36,77.61,14.34,69.77,3.8,98.25,11.28,78.11,27.75,86.3,5.8,57.47,20.51,33.94,0.13,1.2,0.0,0.13,0.4,50.0,0.2,6.14,70.65,3.8,38.6,0.53,50.0,0.73,1.07,8.54,71.88,0,,0,,0,0.0,0.0,0.0,,,0.07,,,0.8,0.27,25.0,2.94,0,0.0
Lucas Mendes,,Remo,"RB, RAMF",35,0,,12,729,1,0.41,0,0.99,15.31,45.16,Brazil,Brazil,right,177,80,no,6.42,6.91,55.36,1.85,40.0,0.12,0.19,0.0,2.47,3.87,1.85,1,0.12,0,0.0,2.84,0.12,1,0.12,0.05,0,0.0,3,0.37,66.67,33.333,0.0,5.31,34.88,0.0,0.0,5.31,34.88,0.37,1.23,60.0,3.95,37.5,0.99,1.73,1.48,26.17,1.85,0.25,37.04,74.67,12.84,64.42,5.06,100.0,14.44,74.36,26.91,87.16,5.68,47.83,21.85,37.75,0.12,1.23,0.0,0.0,0.0,0.0,0.25,5.06,60.98,4.69,42.11,0.12,0.0,0.25,1.6,9.14,77.03,0,,0,,0,0.0,0.0,0.0,,,0.62,,,0.0,0.0,0.0,0.37,0,0.0
Diego Ivo,Amazonas,Remo,RCB,37,0,,15,1461,1,0.57,0,0.06,13.24,59.07,Brazil,Brazil,right,188,84,no,8.75,5.61,61.54,4.68,59.21,0.49,0.7,0.37,4.8,6.84,1.23,3,0.18,0,0.0,0.31,0.06,1,0.06,0.04,1,0.06,6,0.37,50.0,16.667,0.0,0.0,0.0,0.0,0.0,0.0,0.0,0.0,0.12,100.0,0.68,63.64,0.43,0.25,0.06,28.28,0.37,0.68,43.92,88.08,17.25,77.14,2.22,100.0,20.7,97.02,39.06,92.74,4.87,50.63,21.82,35.39,0.0,0.06,0.0,0.0,0.0,0.0,0.12,5.48,69.66,0.25,75.0,0.18,0.0,0.18,0.0,7.08,71.3,0,,0,,0,0.0,0.0,0.0,,,1.6,,,0.0,0.0,0.0,0.0,0,0.0
Toty,Joinville,Brusque,RB,35,0,2026-12-31,12,981,0,0.4,0,1.76,18.35,53.5,Brazil,Brazil,right,166,64,no,8.53,5.87,65.63,4.5,48.98,0.09,0.13,0.28,4.59,6.44,1.1,2,0.18,0,0.0,1.65,0.0,0,0.0,0.04,0,0.0,5,0.46,40.0,0.0,0.0,2.2,29.17,0.0,0.0,2.2,29.17,0.18,2.02,40.91,5.69,48.39,1.19,1.74,0.83,31.56,3.49,2.39,41.83,77.19,17.8,69.07,5.96,90.77,9.63,81.9,35.6,83.51,4.04,47.73,19.42,32.68,0.16,1.56,0.0,0.0,0.18,0.0,0.46,5.87,59.38,2.02,45.45,0.55,33.33,0.92,0.83,9.54,69.23,0,,0,,0,0.0,0.0,0.0,,,1.01,,,0.0,0.0,0.0,0.0,0,0.0
Ruan Carneiro,Juventude,Brusque,GK,36,0,2027-12-31,5,463,0,0.0,0,0.0,0.39,0.0,Brazil,Brazil,right,195,89,no,1.56,0.0,0.0,0.19,0.0,0.0,0.0,0.0,1.56,2.38,0.0,1,0.19,0,0.0,0.0,0.0,0,0.0,0.0,0,0.0,0,0.0,0.0,0.0,0.0,0.0,0.0,0.0,0.0,0.0,0.0,0.0,0.0,0.0,0.0,0.0,0.0,0.0,0.0,5.25,0.39,0.0,12.63,76.92,8.94,67.39,0.0,0.0,3.69,100.0,6.22,96.88,6.41,57.58,44.6,60.49,0.0,0.0,0.0,0.0,0.0,0.0,0.0,4.28,50.0,0.78,0.0,0.78,50.0,0.0,0.0,5.64,65.52,6,1.17,23,4.47,1,73.91,6.29,1.22,0.29,0.056,0.0,1.36,0.19,,,,0.0,0,0.0
Cléo Silva,Barra,Brusque,"RW, LW, RAMF",36,0,,14,858,0,1.39,0,0.66,19.41,38.38,Brazil,Brazil,right,173,65,no,5.77,5.35,58.82,5.03,20.83,0.21,0.31,0.52,2.41,3.56,1.05,2,0.21,1,0.1,2.41,0.0,0,0.0,0.15,0,0.0,12,1.26,41.67,0.0,0.0,2.2,33.33,0.31,33.33,1.89,33.33,0.1,1.78,52.94,6.5,33.87,1.89,1.26,0.1,23.18,1.89,0.73,29.58,76.95,8.29,65.82,6.82,93.85,8.29,77.22,24.34,84.48,3.04,48.28,18.49,34.56,0.07,1.15,0.0,0.0,0.31,66.67,0.21,3.99,73.68,2.94,46.43,0.73,28.57,0.63,0.73,4.41,71.43,0,,0,,0,0.0,0.0,0.0,,,0.21,,,0.0,0.0,0.0,0.0,0,0.0
Álvaro,Blumenau,Remo,"RAMF, RW, CF",33,0,,7,259,0,0.36,0,0.04,17.37,40.0,Brazil,Brazil,left,175,71,no,2.08,4.52,30.77,1.04,33.33,0.35,0.65,0.0,0.35,0.65,1.74,3,1.04,0,0.0,3.13,0.0,0,0.0,0.12,0,0.0,9,3.13,22.22,0.0,0.0,0.35,0.0,0.0,0.0,0.35,0.0,0.0,4.52,53.85,10.42,46.67,1.04,0.35,0.35,19.11,0.69,3.82,23.28,77.61,5.56,68.75,5.21,100.0,7.3,80.95,21.89,80.95,1.04,33.33,15.19,10.03,0.01,0.35,0.0,0.0,0.0,0.0,0.0,2.78,62.5,1.39,0.0,0.69,0.0,0.0,0.0,2.78,75.0,0,,0,,0,0.0,0.0,0.0,,,0.0,,,1.39,0.0,0.0,0.69,0,0.0
Genílson,Brasiliense,Paysandu,RCB,35,0,,4,383,0,0.25,0,0.44,9.63,73.17,Brazil,Brazil,right,184,79,no,6.34,3.99,70.59,3.99,82.35,0.23,0.33,0.23,3.29,4.57,1.41,0,0.0,0,0.0,0.23,0.0,0,0.0,0.06,0,0.0,2,0.47,50.0,0.0,0.0,0.0,0.0,0.0,0.0,0.0,0.0,0.0,0.0,0.0,0.23,100.0,0.47,0.0,0.0,30.55,0.0,0.23,41.59,83.62,15.51,66.67,3.05,92.31,20.91,95.51,31.72,94.81,9.87,47.62,26.56,40.38,0.1,0.23,0.0,0.0,0.0,0.0,0.23,8.46,55.56,0.94,25.0,0.47,100.0,0.23,0.0,8.93,68.42,0,,0,,0,0.0,0.0,0.0,,,2.11,,,0.0,0.0,0.0,0.0,0,0.0
Alan,Malut United FC,Paysandu,GK,32,0,,1,106,0,0.0,0,0.0,0.85,100.0,Brazil,Brazil,right,201,97,no,0.0,0.0,0.0,0.85,100.0,0.0,0.0,0.0,0.0,0.0,0.0,0,0.0,0,0.0,0.0,0.0,0,0.0,0.0,0,0.0,0,0.0,0.0,0.0,0.0,0.0,0.0,0.0,0.0,0.0,0.0,0.0,0.0,0.0,0.0,0.0,0.0,0.0,0.0,5.94,0.0,0.0,14.43,82.35,7.64,66.67,0.0,0.0,6.79,100.0,12.74,93.33,1.7,0.0,25.22,51.44,0.0,0.0,0.0,0.0,0.0,0.0,0.0,0.85,0.0,0.0,0.0,0.0,0.0,0.0,0.0,0.85,0.0,1,0.85,3,2.55,0,66.67,0.2,0.17,-0.8,-0.679,0.0,3.4,0.85,,,,0.0,0,0.0
Reynaldo,North Esporte Clube,Manaus,GK,35,0,,11,1122,0,0.0,0,0.0,0.8,70.0,Brazil,Brazil,right,189,85,no,1.76,0.16,50.0,0.32,100.0,0.0,0.0,0.0,1.68,2.4,0.0,0,0.0,0,0.0,0.08,0.0,0,0.0,0.0,0,0.0,0,0.0,0.0,0.0,0.0,0.0,0.0,0.0,0.0,0.0,0.0,0.0,0.08,100.0,0.08,100.0,0.0,0.0,0.0,7.22,0.0,0.08,15.16,84.13,6.9,72.09,0.0,0.0,7.54,94.68,11.15,95.68,3.85,54.17,30.2,49.92,0.0,0.0,0.0,0.0,0.0,0.0,0.0,0.72,33.33,0.0,0.0,0.0,0.0,0.0,0.0,2.81,62.86,13,1.04,54,4.33,4,75.93,11.17,0.9,-1.83,-0.147,0.0,1.44,0.32,,,,0.0,0,0.0
Wilson,,Figueirense,GK,42,0,,17,1728,0,0.76,0,0.0,0.66,75.0,Brazil,Brazil,right,185,79,no,0.93,0.0,0.0,0.55,90.0,0.0,0.0,0.0,0.93,1.23,0.05,0,0.0,0,0.0,0.05,0.0,0,0.0,0.04,0,0.0,1,0.05,100.0,0.0,0.0,0.0,0.0,0.0,0.0,0.0,0.0,0.0,0.0,0.0,0.05,0.0,0.0,0.0,0.0,8.85,0.16,0.05,15.33,84.59,9.84,77.09,0.0,0.0,5.22,97.89,8.35,98.03,6.92,69.05,33.93,50.96,0.0,0.0,0.0,0.0,0.0,0.0,0.05,1.76,43.75,0.22,25.0,0.38,28.57,0.05,0.0,4.95,80.0,16,0.88,58,3.19,5,72.41,19.25,1.06,3.25,0.179,0.0,1.26,0.55,,,,0.0,1,0.0
Bruno General,,Figueirense,CF,37,0,,10,577,1,1.89,0,0.14,21.76,22.56,Brazil,Brazil,right,184,86,no,2.95,2.45,33.33,8.18,26.0,0.65,0.76,0.16,1.47,1.71,1.96,2,0.31,0,0.0,1.64,0.16,1,0.16,0.31,0,0.0,13,2.13,53.85,7.692,0.0,0.33,0.0,0.16,0.0,0.0,0.0,0.0,1.15,42.86,7.04,16.28,2.78,0.49,0.0,3.11,1.15,0.33,8.18,72.0,1.64,50.0,2.13,92.31,1.8,72.73,7.36,77.78,0.49,33.33,16.34,10.32,0.02,0.16,0.16,0.0,0.16,0.0,0.0,0.82,80.0,0.49,33.33,0.0,0.0,0.16,0.0,0.65,75.0,0,,0,,0,0.0,0.0,0.0,,,0.0,,,0.0,0.0,0.0,0.0,0,0.0
Maurício,Caxias,Figueirense,LCB,35,0,2026-10-30,18,1833,1,0.67,0,0.0,10.48,60.1,Brazil,Brazil,left,185,80,no,7.23,4.6,60.67,3.72,61.11,0.15,0.2,0.57,4.29,5.65,1.19,3,0.15,0,0.0,0.21,0.05,1,0.05,0.03,1,0.05,6,0.31,16.67,16.667,0.0,0.0,0.0,0.0,0.0,0.0,0.0,0.0,0.15,100.0,0.36,42.86,0.36,0.67,0.1,24.27,0.31,0.31,37.44,88.41,13.32,74.03,1.45,96.43,19.72,96.86,32.74,94.32,4.7,47.25,22.71,39.07,0.0,0.0,0.05,0.0,0.05,0.0,0.0,3.41,54.55,0.57,27.27,0.26,20.0,0.15,0.0,5.27,67.65,0,,0,,0,0.0,0.0,0.0,,,1.08,,,0.0,0.0,0.0,0.0,0,0.0
Éverton Silva,Goianésia,CSA,"RB, RAMF",37,0,,11,651,0,0.0,2,1.04,18.25,48.48,Brazil,Brazil,right,175,68,no,7.05,7.33,56.6,1.94,50.0,0.14,0.2,0.28,2.76,4.03,1.94,3,0.41,0,0.0,4.01,0.0,0,0.0,0.0,0,0.0,0,0.0,0.0,0.0,0.28,3.87,42.86,0.0,0.0,3.87,42.86,0.41,3.73,62.96,6.36,45.65,0.69,1.66,0.28,19.22,1.11,0.97,26.82,75.26,9.68,71.43,4.98,91.67,9.12,75.76,20.18,84.93,3.32,45.83,23.53,31.05,0.14,0.83,0.0,0.0,0.14,0.0,0.41,3.18,69.57,2.76,50.0,0.28,0.0,0.0,1.8,5.94,72.09,0,,0,,0,0.0,0.0,0.0,,,0.28,,,0.14,0.0,0.0,0.14,0,0.0
Ernandes,,CSA,LB,38,0,,14,1280,0,0.08,1,1.53,14.55,53.62,Brazil,Brazil,left,173,70,no,8.51,6.19,63.64,2.74,43.59,0.7,1.0,0.14,3.87,5.5,1.2,1,0.07,0,0.0,2.18,0.0,0,0.0,0.01,0,0.0,4,0.28,0.0,0.0,0.07,2.74,41.03,2.53,44.44,0.07,0.0,0.28,2.04,51.72,3.8,48.15,0.49,1.34,0.28,23.06,1.48,0.84,33.19,82.63,11.11,70.89,5.06,95.83,12.45,86.44,27.35,89.97,3.59,50.98,19.75,35.0,0.11,0.84,0.0,0.0,0.0,0.0,0.63,4.01,80.7,2.53,38.89,0.21,33.33,0.35,0.98,7.66,68.81,0,,0,,0,0.0,0.0,0.0,,,0.56,,,0.14,0.0,0.0,0.14,0,0.0
Ednei,,CSA,"RCB, CB",36,0,,15,1464,0,1.25,0,0.23,13.16,62.15,Brazil,Brazil,right,185,81,no,8.24,3.87,71.43,7.13,66.38,0.61,0.9,0.8,4.86,7.1,0.8,3,0.18,0,0.0,0.49,0.0,0,0.0,0.08,0,0.0,11,0.68,27.27,0.0,0.0,0.31,60.0,0.06,0.0,0.25,75.0,0.0,0.18,66.67,0.92,26.67,0.86,0.98,0.06,32.7,0.49,0.18,45.74,85.48,22.32,74.93,1.6,96.15,19.18,96.15,37.32,92.75,8.18,53.38,25.36,39.77,0.01,0.25,0.06,0.0,0.0,0.0,0.12,7.44,64.46,0.8,38.46,0.37,50.0,0.25,0.18,10.7,81.61,0,,0,,0,0.0,0.0,0.0,,,1.11,,,0.06,0.0,0.0,0.0,0,0.0
Rafael Forster,Maricá,CSA,LCB,35,0,,18,1821,0,0.58,0,0.51,11.71,56.96,Brazil,Brazil,left,181,75,no,8.3,4.65,59.57,3.76,65.79,0.44,0.65,0.99,5.09,7.43,0.79,2,0.1,0,0.0,0.54,0.0,0,0.0,0.03,0,0.0,5,0.25,0.0,0.0,0.0,0.35,57.14,0.3,66.67,0.0,0.0,0.0,0.49,70.0,1.04,57.14,0.2,0.89,0.1,33.41,1.14,0.3,50.21,87.4,23.92,79.13,1.78,97.22,21.7,96.36,42.21,91.57,7.71,65.38,25.0,39.45,0.03,0.25,0.0,0.0,0.0,0.0,0.05,7.27,69.39,0.49,40.0,0.44,0.0,0.1,0.15,12.16,81.3,0,,0,,0,0.0,0.0,0.0,,,1.43,,,0.0,0.0,0.0,0.0,0,0.0
Arnaldo,Náutico,CSA,RB,34,0,2026-11-30,14,1057,0,0.08,1,1.09,13.28,46.79,Brazil,Brazil,right,173,76,no,6.64,6.05,56.34,1.02,50.0,0.43,0.63,0.26,2.81,4.14,0.94,4,0.34,0,0.0,3.41,0.0,0,0.0,0.01,0,0.0,3,0.26,0.0,0.0,0.09,3.83,51.11,0.0,0.0,3.83,51.11,0.6,3.32,38.46,5.19,36.07,0.6,2.81,1.79,28.18,2.13,0.68,39.68,83.26,12.6,77.7,6.98,98.78,14.3,82.74,33.72,88.38,2.21,61.54,17.72,25.63,0.09,1.28,0.0,0.09,0.34,50.0,0.6,4.68,74.55,3.83,60.0,0.26,33.33,0.68,1.79,9.03,83.96,0,,0,,0,0.0,0.0,0.0,,,0.0,,,0.09,0.0,0.0,0.34,0,0.0
Moisés Ribeiro,Gama,CSA,"LCMF, LDMF, DMF",35,0,,16,1275,0,0.13,0,0.32,20.4,52.25,Brazil,Brazil,right,179,74,no,10.45,10.31,56.16,2.26,62.5,0.28,0.4,0.28,4.38,6.16,3.32,4,0.28,0,0.0,1.13,0.0,0,0.0,0.01,0,0.0,4,0.28,0.0,0.0,0.0,0.71,70.0,0.21,66.67,0.35,80.0,0.07,1.13,56.25,4.8,39.71,0.21,0.49,0.14,26.54,0.14,1.27,43.06,87.05,13.2,78.07,4.45,98.41,19.48,91.3,37.62,89.49,4.87,69.57,21.37,42.91,0.02,0.42,0.0,0.0,0.07,0.0,0.07,6.78,77.08,0.71,60.0,0.14,50.0,0.21,0.35,6.99,74.75,0,,0,,0,0.0,0.0,0.0,,,0.71,,,0.0,0.0,0.0,0.0,0,0.0
Rodolfo,Votuporanguense,CSA,"RW, AMF",33,0,,7,211,0,0.16,0,0.77,28.15,34.85,Brazil,Brazil,left,173,74,no,6.4,9.38,59.09,3.41,0.0,0.0,0.0,0.0,0.85,1.36,1.28,0,0.0,0,0.0,3.41,0.0,0,0.0,0.07,0,0.0,3,1.28,33.33,0.0,0.0,0.85,50.0,0.43,100.0,0.43,0.0,0.0,2.56,50.0,13.65,28.13,0.85,1.71,0.43,33.7,2.56,2.13,44.36,86.54,12.8,73.33,10.24,79.17,14.08,93.94,43.08,87.13,0.43,100.0,13.97,7.17,0.33,3.84,0.43,0.0,1.28,100.0,2.13,3.41,100.0,3.84,44.44,0.85,100.0,2.13,0.43,4.27,80.0,0,,0,,0,0.0,0.0,0.0,,,0.0,,,2.13,1.28,33.33,1.71,0,0.0
Tomás Bastos,Uberlândia,CSA,"CF, LCMF, AMF",34,0,2026-12-31,17,1437,4,3.6,1,3.67,12.09,41.97,Brazil,Brazil,left,177,70,no,5.57,5.51,55.68,1.32,19.05,0.06,0.1,0.06,2.44,3.71,1.69,5,0.31,0,0.0,2.25,0.25,2,0.13,0.23,0,0.0,40,2.51,40.0,10.0,0.06,1.63,46.15,1.38,54.55,0.25,0.0,0.38,0.56,66.67,3.26,30.77,0.81,0.5,0.13,26.74,1.13,0.63,34.38,82.51,10.15,70.37,6.08,96.91,13.22,85.78,29.69,88.4,3.19,45.1,20.71,38.2,0.23,1.88,0.0,0.0,0.69,18.18,0.5,5.95,62.11,2.38,52.63,1.19,31.58,0.63,0.75,6.14,82.65,0,,0,,0,0.0,0.0,0.0,,,0.13,,,2.38,0.81,38.46,3.95,2,100.0
William Oliveira,,CSA,LCMF,34,0,,1,33,0,0.0,0,0.0,,,Brazil,Brazil,right,182,80,no,,,,,,,0.0,,,7.5,,0,,0,,,,0,,,0,,0,,,0.0,,,,,,,,,,,,,,,,,,,,,,,,,,,,,,,21.82,35.49,,,,,,,,,,,,,,,,,,0,,0,,0,0.0,0.0,,,,,,,,,,,0,0.0
Felipe Manoel,América RJ,Aparecidense,"LCMF, DMF, RDMF",36,0,2026-09-30,12,830,0,0.05,0,0.0,16.16,58.39,Brazil,Brazil,right,183,83,no,9.65,8.13,70.67,2.6,70.83,0.22,0.27,0.11,3.69,4.64,1.73,4,0.43,0,0.0,0.22,0.0,0,0.0,0.01,0,0.0,3,0.33,0.0,0.0,0.0,0.0,0.0,0.0,0.0,0.0,0.0,0.0,0.54,40.0,3.25,33.33,0.0,0.43,0.0,16.27,0.0,0.22,29.17,84.01,9.98,65.22,3.14,96.55,12.04,94.59,24.4,88.44,4.77,61.36,19.91,31.22,0.0,0.11,0.0,0.0,0.0,0.0,0.0,6.83,79.37,0.11,0.0,0.0,0.0,0.0,0.0,4.66,72.09,0,,0,,0,0.0,0.0,0.0,,,0.54,,,0.11,0.0,0.0,0.0,0,0.0
Pedro Henrique,Aparecidense,Aparecidense,GK,40,0,,14,1411,0,0.0,0,0.0,0.61,77.78,Brazil,Brazil,right,190,84,no,1.29,0.07,100.0,0.34,80.0,0.07,0.08,0.0,1.16,1.42,0.0,1,0.06,0,0.0,0.0,0.0,0,0.0,0.0,0,0.0,0,0.0,0.0,0.0,0.0,0.0,0.0,0.0,0.0,0.0,0.0,0.0,0.0,0.0,0.14,100.0,0.0,0.0,0.0,6.61,0.07,0.14,13.69,81.59,8.31,71.31,0.0,0.0,4.7,97.1,7.63,97.32,6.06,61.8,36.25,52.2,0.0,0.0,0.0,0.0,0.0,0.0,0.0,1.64,62.5,0.0,0.0,0.0,0.0,0.0,0.0,4.22,82.26,12,0.82,52,3.54,6,76.92,12.67,0.86,0.67,0.046,0.0,1.16,0.34,,,,0.0,0,0.0
Alex Henrique,Goiatuba EC,Aparecidense,CF,41,0,,16,1092,1,1.32,1,0.78,19.74,36.21,Brazil,Brazil,right,182,72,no,3.49,4.17,53.06,6.89,30.86,0.0,0.0,0.26,1.28,1.72,1.62,3,0.25,0,0.0,0.77,0.08,0,0.0,0.11,0,0.0,11,0.94,45.45,9.091,0.09,0.17,0.0,0.0,0.0,0.17,0.0,0.0,0.34,75.0,5.19,31.15,1.36,0.09,0.09,6.72,0.94,1.53,11.31,82.71,1.79,76.19,3.15,97.3,3.66,76.74,10.8,85.04,0.34,50.0,16.29,12.4,0.07,0.43,0.0,0.0,0.09,100.0,0.26,0.43,100.0,0.17,50.0,0.09,100.0,0.26,0.0,0.77,66.67,0,,0,,0,0.0,0.0,0.0,,,0.0,,,0.09,0.09,100.0,0.0,1,100.0
Naldo,Betim,Aparecidense,"RCB, RCMF, RDMF",36,0,,11,595,2,0.57,0,0.0,14.97,58.59,Brazil,Brazil,right,185,84,no,8.77,5.75,65.79,5.29,54.29,0.45,0.57,0.61,4.54,5.73,2.57,1,0.15,0,0.0,0.91,0.3,2,0.3,0.09,1,0.15,4,0.61,75.0,50.0,0.0,0.45,0.0,0.0,0.0,0.45,0.0,0.0,0.45,100.0,1.66,54.55,0.61,1.06,0.15,22.39,0.15,0.3,37.82,82.4,14.52,68.75,3.78,96.0,15.73,89.42,35.39,86.75,1.97,23.08,18.39,22.06,0.0,0.0,0.0,0.0,0.0,0.0,0.0,5.9,66.67,0.91,0.0,0.15,0.0,0.0,0.0,4.69,64.52,0,,0,,0,0.0,0.0,0.0,,,0.76,,,0.0,0.0,0.0,0.0,0,0.0
Calyson,Caxias,Aparecidense,"RW, CF, LW",33,0,2026-12-31,15,1305,1,2.31,2,1.92,22.19,44.19,Brazil,Brazil,left,177,73,no,5.16,5.23,53.52,3.61,36.73,0.29,0.4,0.07,2.06,2.77,1.55,6,0.41,0,0.0,4.13,0.07,1,0.07,0.17,0,0.0,35,2.58,31.43,2.857,0.15,1.99,40.74,0.66,11.11,1.33,55.56,0.44,3.91,64.15,10.91,43.92,2.36,2.95,1.18,19.83,2.21,1.99,26.9,80.82,7.08,67.71,5.9,93.75,9.36,80.31,23.59,84.69,1.4,68.42,17.98,28.35,0.14,1.18,0.0,0.0,0.07,0.0,0.29,3.61,73.47,2.06,60.71,0.15,50.0,0.52,0.88,3.61,77.55,0,,0,,0,0.0,0.0,0.0,,,0.22,,,0.15,0.0,0.0,1.11,0,0.0
David,Retrô,Aparecidense,RB,32,0,,18,1753,0,0.17,0,2.19,15.1,54.84,Brazil,Brazil,right,175,68,no,9.36,6.82,59.52,3.36,56.45,0.27,0.35,0.27,5.03,6.6,1.24,3,0.15,0,0.0,2.16,0.0,0,0.0,0.01,0,0.0,6,0.32,66.67,0.0,0.0,3.36,24.19,0.0,0.0,3.36,24.19,0.7,1.68,67.74,3.46,59.38,0.22,1.08,0.32,26.3,2.22,1.19,36.37,74.7,15.48,70.63,4.44,91.46,12.39,77.73,27.55,85.27,5.79,52.34,23.96,45.64,0.12,1.03,0.0,0.0,0.05,0.0,0.32,7.36,68.38,3.57,33.33,0.81,46.67,0.6,0.76,9.9,79.23,0,,0,,0,0.0,0.0,0.0,,,0.16,,,0.97,0.05,100.0,1.46,0,0.0
Ferreira,Juventus,Aparecidense,"RCMF, LCMF",33,0,,18,1585,0,1.02,0,0.2,16.73,56.74,Brazil,Brazil,right,190,68,no,9.73,6.05,61.76,4.03,66.18,0.42,0.54,0.24,5.58,7.25,1.78,5,0.28,0,0.0,0.71,0.0,0,0.0,0.06,0,0.0,14,0.83,28.57,0.0,0.0,0.12,50.0,0.0,0.0,0.12,50.0,0.0,0.71,58.33,3.62,49.18,0.53,0.47,0.24,20.35,0.06,1.42,37.02,85.58,14.36,77.69,4.51,93.42,12.52,91.47,34.05,89.02,2.91,46.94,17.92,36.9,0.01,0.36,0.0,0.0,0.06,0.0,0.06,7.0,76.27,0.24,25.0,0.18,0.0,0.18,0.0,7.0,74.58,0,,0,,0,0.0,0.0,0.0,,,0.18,,,0.12,0.12,0.0,0.0,0,0.0
Jackson,ABECAT Ouvidorense,Aparecidense,CF,33,0,,16,504,4,2.58,0,0.09,17.28,30.23,Brazil,Brazil,right,178,77,no,3.01,3.21,56.25,3.62,27.78,0.0,0.0,0.0,1.21,1.73,1.61,1,0.18,0,0.0,1.21,0.71,4,0.8,0.52,1,0.2,10,2.01,50.0,40.0,0.0,0.2,0.0,0.2,0.0,0.0,0.0,0.0,0.8,25.0,7.63,26.32,3.21,0.2,0.2,10.04,1.0,1.0,12.46,80.65,2.61,53.85,4.42,90.91,2.41,83.33,11.45,84.21,0.8,50.0,15.32,4.52,0.02,0.2,0.2,0.0,0.0,0.0,0.2,1.41,57.14,0.4,50.0,0.2,0.0,0.4,0.0,1.61,50.0,0,,0,,0,0.0,0.0,0.0,,,0.0,,,0.0,0.0,0.0,0.0,0,0.0
Felipe Gedoz,,Ypiranga Erechim,"RWF, CF, RCMF",32,0,,7,226,0,0.17,0,0.17,13.54,55.88,Brazil,"Brazil, Uruguay",right,177,79,no,5.58,3.98,80.0,1.19,33.33,1.19,2.37,0.0,1.19,2.37,0.4,0,0.0,0,0.0,1.59,0.0,0,0.0,0.07,0,0.0,8,3.19,12.5,0.0,0.0,1.19,33.33,0.8,50.0,0.4,0.0,0.4,1.19,66.67,4.78,50.0,0.8,0.0,0.0,46.19,1.59,1.19,54.16,84.56,15.13,65.79,3.98,90.0,29.07,94.52,42.21,91.51,10.75,62.96,23.5,42.91,0.07,1.59,0.0,0.0,0.4,0.0,0.0,10.35,73.08,4.78,33.33,2.79,42.86,1.59,0.4,9.56,83.33,0,,0,,0,0.0,0.0,0.0,,,0.0,,,4.78,0.8,0.0,3.58,0,0.0
Charles,América RN,Amazonas,LB,32,0,,12,688,0,0.03,1,0.91,17.01,51.54,Brazil,Brazil,left,177,74,no,8.11,7.19,61.82,2.22,35.29,0.13,0.19,0.13,3.53,5.23,1.31,2,0.26,0,0.0,1.7,0.0,0,0.0,0.0,0,0.0,2,0.26,0.0,0.0,0.13,2.49,26.32,2.35,27.78,0.13,0.0,0.39,1.44,72.73,4.71,38.89,0.13,0.52,0.39,26.16,1.96,0.52,36.5,74.55,15.31,66.67,4.71,94.44,11.38,78.16,28.39,83.87,6.02,50.0,19.73,35.4,0.12,1.44,0.0,0.0,0.13,0.0,0.26,5.89,71.11,3.14,20.83,0.52,25.0,0.39,0.26,9.42,68.06,0,,0,,0,0.0,0.0,0.0,,,0.26,,,1.96,0.0,0.0,2.22,0,0.0
Ruan,Capital Brasilia,Amazonas,"LW, RW, RAMF",32,0,,13,688,0,0.34,1,1.87,26.42,45.54,Brazil,Brazil,right,179,81,no,7.19,7.33,58.93,2.62,35.0,0.0,0.0,0.0,2.88,4.62,2.22,1,0.13,0,0.0,4.19,0.0,0,0.0,0.04,0,0.0,12,1.57,25.0,0.0,0.13,2.75,42.86,0.92,42.86,1.83,42.86,0.39,4.58,54.29,12.82,42.86,1.44,2.35,1.57,15.57,1.05,1.7,26.42,69.31,8.37,54.69,4.45,88.24,8.37,73.44,21.45,74.39,2.22,52.94,17.77,17.55,0.25,1.96,0.13,0.0,0.78,16.67,0.78,3.27,56.0,3.53,44.44,0.65,40.0,1.05,1.18,4.19,90.63,0,,0,,0,0.0,0.0,0.0,,,0.0,,,0.13,0.0,0.0,0.52,0,0.0
Jackson,Mixto,Amazonas,"LCB, RCB",36,0,,19,1808,2,0.89,1,0.3,10.8,61.29,Brazil,Brazil,right,186,80,no,6.77,3.24,70.77,4.83,55.67,0.25,0.38,0.45,4.23,6.41,0.65,3,0.15,0,0.0,0.45,0.1,2,0.1,0.04,2,0.1,11,0.55,45.45,18.182,0.05,0.05,0.0,0.05,0.0,0.0,0.0,0.0,0.25,80.0,1.0,65.0,0.65,0.15,0.0,20.46,0.2,0.6,33.0,81.75,13.84,68.71,1.59,96.88,15.68,91.75,25.04,93.64,7.91,44.65,26.12,43.02,0.01,0.1,0.0,0.0,0.0,0.0,0.05,5.28,50.94,0.4,25.0,0.3,0.0,0.1,0.0,6.82,61.31,0,,0,,0,0.0,0.0,0.0,,,1.39,,,0.1,0.1,0.0,0.0,0,0.0
Victor Sallinas,Brasiliense,Amazonas,LCB,34,0,2027-03-15,5,429,0,0.5,0,0.01,12.59,56.67,Brazil,Brazil,left,192,90,no,5.66,3.78,72.22,7.13,50.0,0.0,0.0,1.26,2.94,4.77,0.63,1,0.21,0,0.0,0.0,0.0,0,0.0,0.11,0,0.0,2,0.42,0.0,0.0,0.0,0.0,0.0,0.0,0.0,0.0,0.0,0.0,0.0,0.0,0.42,50.0,0.42,0.42,0.0,24.34,0.63,0.0,35.66,90.0,11.75,76.79,2.1,90.0,19.3,97.83,31.47,95.33,4.2,50.0,23.4,31.23,0.0,0.21,0.0,0.0,0.0,0.0,0.0,3.57,70.59,0.0,0.0,0.0,0.0,0.0,0.0,6.5,70.97,0,,0,,0,0.0,0.0,0.0,,,1.26,,,0.0,0.0,0.0,0.0,0,0.0
Thiago Spice,,Amazonas,"RCB, LCB",41,0,,19,1915,0,1.14,0,0.06,14.01,65.44,Brazil,Brazil,right,187,78,no,10.67,5.69,70.25,4.46,69.47,0.42,0.64,0.94,6.25,9.5,1.13,9,0.42,0,0.0,0.14,0.0,0,0.0,0.05,0,0.0,10,0.47,30.0,0.0,0.0,0.14,0.0,0.05,0.0,0.09,0.0,0.0,0.05,0.0,1.08,34.78,0.42,0.28,0.0,16.87,0.23,0.66,29.42,79.71,12.55,67.42,1.22,88.46,13.39,89.12,23.69,88.29,5.59,45.38,25.1,44.79,0.0,0.05,0.0,0.0,0.05,0.0,0.0,4.28,54.95,0.47,0.0,0.14,0.0,0.0,0.0,6.44,69.34,0,,0,,0,0.0,0.0,0.0,,,0.66,,,0.05,0.05,0.0,0.0,0,0.0
Matheus Galdezani,Operário MS,Remo,"LCMF, RDMF, DMF",34,0,,2,116,0,0.0,0,0.01,15.52,40.0,Brazil,Brazil,right,179,74,no,6.98,5.43,42.86,2.33,33.33,1.55,3.33,0.78,3.1,6.67,1.55,1,0.78,0,0.0,0.0,0.0,0,0.0,0.0,0,0.0,0,0.0,0.0,0.0,0.0,0.0,0.0,0.0,0.0,0.0,0.0,0.0,0.0,0.0,2.33,33.33,1.55,0.0,0.0,44.22,0.78,1.55,53.53,85.51,17.84,65.22,6.98,100.0,22.5,96.55,48.88,87.3,4.66,66.67,17.8,35.89,0.01,0.78,0.0,0.0,0.0,0.0,0.0,9.31,75.0,0.78,100.0,0.78,0.0,0.78,0.0,7.76,90.0,0,,0,,0,0.0,0.0,0.0,,,0.0,,,0.0,0.0,0.0,0.0,0,0.0
Ícaro,Confiança,Remo,"RCB, LCB",32,0,,6,599,0,0.22,0,0.0,11.57,55.84,Brazil,Brazil,right,183,68,no,7.96,4.06,55.56,5.56,59.46,0.6,0.91,1.05,5.11,7.73,0.9,2,0.3,0,0.0,0.3,0.0,0,0.0,0.03,0,0.0,4,0.6,25.0,0.0,0.0,0.3,0.0,0.0,0.0,0.3,0.0,0.0,0.15,100.0,0.45,33.33,1.05,0.3,0.0,31.25,0.3,0.0,48.53,85.14,18.48,68.29,2.25,93.33,24.34,96.3,42.97,90.91,5.26,42.86,22.62,37.27,0.0,0.0,0.0,0.0,0.0,0.0,0.0,4.21,50.0,0.75,0.0,0.3,0.0,0.0,0.0,9.02,65.0,0,,0,,0,0.0,0.0,0.0,,,1.35,,,0.0,0.0,0.0,0.0,0,0.0
Richard Franco,ASA,Remo,"LCMF, RW, RDMF",33,0,,13,531,1,1.14,0,0.37,23.9,47.52,Paraguay,Paraguay,right,184,85,no,8.47,8.31,67.35,3.73,9.09,0.85,1.29,0.17,2.03,3.1,2.71,3,0.51,0,0.0,4.07,0.17,1,0.17,0.19,0,0.0,16,2.71,43.75,6.25,0.0,2.2,38.46,0.68,50.0,1.53,33.33,0.34,4.07,45.83,8.81,40.38,3.22,1.53,0.68,25.59,1.02,1.19,35.76,72.99,15.59,57.61,4.75,92.86,6.95,87.8,29.83,78.41,4.07,50.0,19.06,26.36,0.06,0.85,0.17,0.0,1.36,12.5,0.34,8.64,50.98,3.05,55.56,1.69,20.0,1.86,0.85,7.97,85.11,0,,0,,0,0.0,0.0,0.0,,,0.34,,,0.0,0.0,0.0,0.0,0,0.0
Marcão,Blumenau,Volta Redonda,RCB,37,0,2026-12-31,19,1806,0,0.82,1,0.63,13.6,64.47,Brazil,Brazil,right,191,76,no,9.57,5.73,66.96,4.98,65.0,0.25,0.32,0.65,5.48,7.01,1.45,8,0.4,0,0.0,0.25,0.0,0,0.0,0.04,0,0.0,6,0.3,33.33,0.0,0.05,0.2,0.0,0.0,0.0,0.2,0.0,0.0,0.15,100.0,1.1,59.09,0.45,0.15,0.05,27.11,0.7,0.55,39.32,87.45,14.5,73.88,0.9,94.44,21.58,97.0,34.58,93.52,4.53,45.05,23.19,38.32,0.03,0.05,0.0,0.0,0.0,0.0,0.05,3.09,64.52,0.25,0.0,0.15,0.0,0.05,0.0,6.73,66.67,0,,0,,0,0.0,0.0,0.0,,,0.55,,,0.0,0.0,0.0,0.0,0,0.0
Clayton,,Ypiranga Erechim,"LCMF, RCMF, RDMF",37,0,,11,806,0,0.08,1,0.2,13.45,53.27,Brazil,Brazil,right,178,70,no,7.29,5.66,57.78,2.01,56.25,0.0,0.0,0.25,4.02,5.52,1.38,3,0.33,0,0.0,0.38,0.0,0,0.0,0.01,0,0.0,3,0.38,0.0,0.0,0.13,0.38,0.0,0.13,0.0,0.25,0.0,0.13,0.5,50.0,3.77,46.67,0.5,0.63,0.0,23.13,0.5,1.26,36.7,87.67,11.82,77.66,5.91,97.87,11.82,95.74,34.57,89.82,1.76,64.29,14.69,23.02,0.03,0.13,0.13,0.0,0.13,100.0,0.13,5.03,80.0,0.63,60.0,0.63,60.0,0.63,0.0,4.65,81.08,0,,0,,0,0.0,0.0,0.0,,,0.5,,,0.0,0.0,0.0,0.0,0,0.0
Willian Gomes,Ypiranga Erechim,Ypiranga Erechim,LCB,37,0,,7,708,0,0.39,0,0.0,6.26,60.47,Brazil,Brazil,left,183,80,no,6.41,2.18,80.0,2.18,53.33,0.29,0.41,0.87,4.37,6.12,0.44,0,0.0,0,0.0,0.87,0.0,0,0.0,0.06,0,0.0,8,1.17,62.5,0.0,0.0,0.0,0.0,0.0,0.0,0.0,0.0,0.0,0.15,100.0,0.29,100.0,0.44,0.73,0.0,16.75,0.87,0.15,28.98,80.9,14.71,67.33,1.6,100.0,10.92,94.67,21.26,92.47,7.72,49.06,26.48,42.72,0.0,0.0,0.0,0.15,0.0,0.0,0.0,6.26,51.16,1.17,12.5,0.44,33.33,0.15,0.0,7.43,84.31,0,,0,,0,0.0,0.0,0.0,,,1.17,,,0.58,0.58,75.0,0.0,0,0.0
Hector,Votuporanguense,Ypiranga Erechim,"LCB, RCB, CB",36,0,,16,1537,2,0.87,0,0.06,13.0,63.64,Brazil,Brazil,right,190,78,no,8.58,5.78,65.59,4.6,70.27,0.75,1.08,0.75,4.04,5.84,1.24,6,0.35,2,0.12,0.19,0.12,2,0.12,0.05,2,0.12,4,0.25,50.0,50.0,0.0,0.12,50.0,0.06,0.0,0.06,100.0,0.0,0.12,0.0,0.62,40.0,0.5,0.31,0.06,26.56,0.37,0.25,39.93,86.6,14.74,72.57,1.43,91.3,21.02,95.86,34.58,93.71,5.22,40.48,23.4,36.76,0.0,0.19,0.0,0.06,0.0,0.0,0.06,3.73,56.67,0.37,33.33,0.19,0.0,0.12,0.06,6.16,68.69,0,,0,,0,0.0,0.0,0.0,,,1.12,,,0.06,0.0,0.0,0.0,0,0.0
Henrique Ávila,Novo Hamburgo,Ypiranga Erechim,"LB, LWB",34,0,,8,787,0,0.08,0,0.47,23.24,61.11,Brazil,Brazil,left,175,70,no,14.46,10.33,57.5,4.0,70.97,1.29,1.81,0.26,7.23,10.12,2.2,1,0.11,0,0.0,2.97,0.0,0,0.0,0.01,0,0.0,7,0.9,14.29,0.0,0.0,1.68,38.46,1.55,33.33,0.0,0.0,0.26,2.71,80.95,6.07,59.57,0.77,1.81,0.26,19.89,1.42,2.71,29.31,73.13,14.46,65.18,3.87,93.33,7.1,74.55,22.73,81.82,5.04,43.59,20.55,36.51,0.06,1.03,0.0,0.0,0.0,0.0,0.0,4.91,65.79,1.81,14.29,0.65,0.0,0.13,0.52,9.04,70.0,0,,0,,0,0.0,0.0,0.0,,,1.03,,,0.13,0.0,0.0,0.0,0,0.0
Ivan Martins,Aparecidense,Ypiranga Erechim,"RB, RCMF",33,0,2026-09-20,9,356,0,0.36,0,0.41,21.74,55.81,Brazil,Brazil,right,170,68,no,11.12,10.87,60.47,2.02,50.0,0.51,0.79,0.25,4.04,6.32,2.53,2,0.51,1,0.25,1.77,0.0,0,0.0,0.09,0,0.0,4,1.01,0.0,0.0,0.0,1.77,14.29,0.0,0.0,1.77,14.29,0.76,2.02,75.0,4.8,63.16,1.01,0.76,0.0,27.3,2.53,1.52,37.92,80.67,13.65,77.78,6.32,88.0,12.89,80.39,31.6,87.2,4.8,63.16,21.78,26.43,0.1,1.01,0.0,0.0,0.25,0.0,0.25,7.58,63.33,2.02,0.0,0.51,50.0,0.0,0.25,5.81,91.3,0,,0,,0,0.0,0.0,0.0,,,0.0,,,2.02,0.51,0.0,2.53,0,0.0
Édson,Brasil de Pelotas,Ypiranga Erechim,GK,32,0,,4,400,0,0.0,0,0.0,1.16,50.0,Brazil,Brazil,right,187,76,no,3.19,0.58,50.0,0.58,50.0,0.29,0.46,0.0,2.61,4.15,0.29,1,0.23,0,0.0,0.0,0.0,0,0.0,0.0,0,0.0,0,0.0,0.0,0.0,0.0,0.0,0.0,0.0,0.0,0.0,0.0,0.0,0.0,0.0,0.0,0.0,0.0,0.0,0.0,9.29,0.29,0.0,18.58,73.44,14.23,67.35,0.0,0.0,4.06,92.86,7.55,92.31,11.03,60.53,42.45,55.29,0.0,0.0,0.0,0.0,0.0,0.0,0.0,4.94,64.71,0.58,0.0,0.58,0.0,0.0,0.0,8.13,75.0,3,0.87,17,4.94,1,82.35,3.03,0.88,0.03,0.009,0.0,2.61,0.58,,,,0.0,0,0.0
Robson,Mixto,Ypiranga Erechim,"RCMF, LDMF",34,0,,3,209,0,0.13,0,0.0,16.79,46.15,Brazil,Brazil,right,180,71,no,9.04,9.04,47.62,4.31,40.0,0.43,0.7,1.29,4.31,6.98,2.58,0,0.0,0,0.0,0.43,0.0,0,0.0,0.06,0,0.0,1,0.43,0.0,0.0,0.0,0.43,100.0,0.0,0.0,0.43,100.0,0.0,0.43,0.0,1.72,50.0,1.29,0.43,0.43,7.75,0.0,1.72,17.22,75.0,5.6,53.85,0.43,100.0,5.6,92.31,15.93,72.97,0.86,100.0,15.04,27.59,0.0,0.43,0.0,0.0,0.0,0.0,0.0,2.58,33.33,0.43,100.0,0.0,0.0,0.0,0.43,2.15,80.0,0,,0,,0,0.0,0.0,0.0,,,0.0,,,0.0,0.0,0.0,0.0,0,0.0
Jhonatan,Caxias,Ypiranga Erechim,"RW, RAMF",33,0,,14,755,2,1.59,2,0.86,19.04,36.67,Brazil,Brazil,right,179,70,no,5.71,5.46,53.49,2.92,21.74,0.38,0.56,0.0,2.41,3.52,1.9,4,0.48,0,0.0,4.19,0.24,2,0.25,0.2,0,0.0,12,1.52,41.67,16.667,0.25,4.57,38.89,0.38,33.33,4.19,39.39,0.63,2.54,55.0,8.63,33.82,2.28,2.54,1.02,26.15,2.03,1.27,33.39,67.68,8.25,66.15,5.08,80.0,11.68,70.65,25.64,75.25,3.55,50.0,18.2,31.79,0.11,1.02,0.13,0.0,0.76,50.0,0.63,4.7,62.16,5.08,45.0,1.02,37.5,0.63,1.52,7.74,77.05,0,,0,,0,0.0,0.0,0.0,,,0.0,,,0.0,0.0,0.0,0.0,0,0.0
Bruno Pianissolla,ABECAT Ouvidorense,América RN,GK,39,0,2027-12-31,15,1525,0,0.0,0,0.0,0.47,75.0,Brazil,Brazil,right,189,88,no,1.48,0.18,33.33,0.24,100.0,0.0,0.0,0.0,1.42,1.88,0.06,2,0.12,0,0.0,0.0,0.0,0,0.0,0.0,0,0.0,0,0.0,0.0,0.0,0.0,0.0,0.0,0.0,0.0,0.0,0.0,0.0,0.0,0.0,0.06,100.0,0.0,0.0,0.0,6.67,0.12,0.0,14.81,84.46,8.62,75.34,0.0,0.0,6.02,97.06,10.03,96.47,4.78,59.26,35.76,50.36,0.0,0.0,0.0,0.0,0.0,0.0,0.0,2.12,58.33,0.06,0.0,0.0,0.0,0.0,0.0,4.19,70.42,18,1.06,78,4.6,5,76.92,15.05,0.89,-2.95,-0.174,0.0,1.12,0.24,,,,0.0,0,0.0
Édson Silva,,América RN,LCB,40,0,,3,211,0,0.2,0,0.0,13.22,64.52,Brazil,Brazil,left,187,80,no,8.53,5.97,57.14,6.82,75.0,0.0,0.0,0.85,5.12,7.66,0.85,0,0.0,0,0.0,0.0,0.0,0,0.0,0.08,0,0.0,2,0.85,0.0,0.0,0.0,0.0,0.0,0.0,0.0,0.0,0.0,0.0,0.0,0.0,0.43,0.0,0.85,0.0,0.0,24.74,0.0,0.0,40.09,86.17,17.91,76.19,2.13,100.0,17.06,95.0,35.4,90.36,4.69,54.55,22.39,38.47,0.0,0.0,0.0,0.0,0.0,0.0,0.0,6.4,66.67,0.85,0.0,0.43,0.0,0.0,0.0,9.81,73.91,0,,0,,0,0.0,0.0,0.0,,,0.85,,,0.0,0.0,0.0,0.0,0,0.0
Everton Sena,Galo Maringá,América RN,"RCB, CB",35,0,,3,217,0,0.0,0,0.0,16.18,51.28,Brazil,Brazil,right,185,77,no,7.88,5.81,57.14,4.98,58.33,0.0,0.0,0.41,4.56,7.02,2.07,0,0.0,0,0.0,0.0,0.0,0,0.0,0.0,0,0.0,0,0.0,0.0,0.0,0.0,0.0,0.0,0.0,0.0,0.0,0.0,0.0,0.0,0.0,0.83,50.0,0.0,0.0,0.0,31.52,0.0,0.41,46.45,87.5,19.91,70.83,1.24,100.0,22.4,100.0,39.4,95.79,7.05,41.18,23.24,40.55,0.0,0.0,0.0,0.0,0.0,0.0,0.0,4.98,50.0,0.83,0.0,0.0,0.0,0.0,0.0,6.64,68.75,0,,0,,0,0.0,0.0,0.0,,,0.83,,,0.0,0.0,0.0,0.0,0,0.0
Wallace Pernambucano,Brasiliense,América RN,CF,39,0,2027-05-15,18,1285,2,5.87,1,0.55,20.87,34.9,Brazil,Brazil,right,184,82,no,2.24,2.45,48.57,6.09,41.38,0.0,0.0,0.21,1.05,1.5,1.33,2,0.14,0,0.0,2.31,0.14,0,0.0,0.41,0,0.0,34,2.38,44.12,5.882,0.07,0.84,8.33,0.28,0.0,0.56,12.5,0.0,2.31,45.45,8.89,35.43,3.15,0.63,0.14,10.86,0.77,1.89,16.11,69.57,4.48,57.81,3.15,86.67,5.46,71.79,14.43,74.76,0.98,42.86,18.78,18.52,0.04,0.7,0.0,0.0,0.28,50.0,0.42,2.94,61.9,0.77,27.27,0.28,25.0,0.7,0.0,1.89,77.78,0,,0,,0,0.0,0.0,0.0,,,0.0,,,0.42,0.42,33.33,0.0,3,66.667
Elvinho,Barra,América RN,"CF, RW, AMF",34,0,,18,1008,0,1.34,0,1.64,17.68,42.42,Brazil,Brazil,right,165,61,no,2.14,1.7,57.89,1.34,20.0,0.0,0.0,0.0,1.16,1.63,0.36,0,0.0,0,0.0,3.57,0.0,0,0.0,0.12,0,0.0,13,1.16,38.46,0.0,0.0,1.96,22.73,0.45,0.0,1.52,29.41,0.36,5.54,46.77,12.77,43.36,1.96,2.32,0.98,14.2,0.63,2.77,23.93,73.51,8.13,64.84,3.57,97.5,7.05,73.42,20.71,80.17,1.25,42.86,17.02,15.25,0.15,1.7,0.0,0.0,0.45,20.0,0.63,2.32,80.77,2.86,31.25,0.45,60.0,0.54,0.45,3.39,84.21,0,,0,,0,0.0,0.0,0.0,,,0.0,,,0.63,0.0,0.0,2.41,0,0.0
Téssio,Maguary PE,América RN,"LDMF, CF",32,0,2026-08-30,2,34,0,0.11,0,0.17,,,Brazil,Brazil,left,167,57,no,,,,,,,0.0,,,0.0,,0,,0,,,,0,,,0,,4,,,0.0,,,,,,,,,,,,,,,,,,,,,,,,,,,,,,,18.68,34.27,,,,,,,,,,,,,,,,,,0,,0,,0,0.0,0.0,,,,,,,,,,,0,0.0
Luiz Paulo,Náutico,América RN,LB,33,0,2026-11-30,9,689,0,0.15,1,0.81,15.15,57.76,Brazil,Brazil,left,179,71,no,8.36,6.79,67.31,3.4,57.69,0.65,0.91,0.26,3.13,4.39,1.44,3,0.39,0,0.0,2.48,0.0,0,0.0,0.02,0,0.0,7,0.91,0.0,0.0,0.13,3.79,41.38,3.79,41.38,0.0,0.0,0.39,1.31,60.0,3.0,47.83,1.7,0.65,0.0,22.21,2.22,0.91,29.13,75.34,10.58,64.2,4.31,93.94,9.14,77.14,21.55,90.3,3.92,23.33,21.78,32.83,0.11,0.91,0.0,0.0,0.13,100.0,0.65,3.66,50.0,3.66,50.0,0.78,33.33,0.39,1.57,6.79,75.0,0,,0,,0,0.0,0.0,0.0,,,0.26,,,0.0,0.0,0.0,0.13,0,0.0
Henan,,Manaus,CF,39,0,,13,828,0,0.48,0,0.65,13.48,31.45,Brazil,Brazil,right,182,79,no,1.2,2.17,20.0,5.0,36.96,0.11,0.15,0.0,0.65,0.93,0.76,0,0.0,0,0.0,0.76,0.0,0,0.0,0.05,0,0.0,9,0.98,11.11,0.0,0.0,0.43,25.0,0.22,50.0,0.22,0.0,0.11,0.98,55.56,4.35,27.5,1.63,0.54,0.11,8.7,1.52,1.2,11.63,79.44,1.41,61.54,4.89,84.44,3.59,78.79,10.98,82.18,0.43,25.0,15.28,16.94,0.07,0.22,0.0,0.0,0.11,0.0,0.22,0.65,100.0,0.33,100.0,0.0,0.0,0.33,0.11,1.09,70.0,0,,0,,0,0.0,0.0,0.0,,,0.0,,,0.0,0.0,0.0,0.0,0,0.0
João Guilherme,Luverdense,Manaus,GK,34,0,2027-04-30,1,100,0,0.0,0,0.0,0.9,100.0,Brazil,Brazil,right,188,79,no,4.5,0.0,0.0,0.9,100.0,0.0,0.0,0.0,4.5,5.56,0.0,1,0.9,0,0.0,0.0,0.0,0,0.0,0.0,0,0.0,0,0.0,0.0,0.0,0.0,0.0,0.0,0.0,0.0,0.0,0.0,0.0,0.0,0.0,0.0,0.0,0.0,0.0,0.0,4.5,0.0,0.9,17.1,73.68,10.8,58.33,0.0,0.0,5.4,100.0,9.0,100.0,8.1,44.44,34.57,48.72,0.0,0.0,0.0,0.0,0.0,0.0,0.0,1.8,0.0,0.0,0.0,0.0,0.0,0.0,0.0,3.6,75.0,4,3.6,4,3.6,0,0.0,2.22,1.99,-1.78,-1.602,0.0,2.7,0.9,,,,0.0,0,0.0
Renan Luis,Capital Brasilia,Manaus,LB,35,0,2026-09-30,15,1447,0,0.06,1,0.99,16.3,56.87,Brazil,Brazil,left,178,73,no,8.46,7.65,67.48,2.24,47.22,0.12,0.17,0.06,3.17,4.43,0.87,2,0.12,0,0.0,2.05,0.0,0,0.0,0.0,0,0.0,3,0.19,33.33,0.0,0.06,1.68,33.33,1.55,36.0,0.12,0.0,0.06,2.11,67.65,4.23,50.0,0.06,1.37,0.56,22.45,0.62,0.37,33.21,81.84,14.99,74.27,4.66,90.67,9.02,88.97,27.12,88.53,4.54,57.53,20.05,32.2,0.06,1.18,0.0,0.06,0.12,0.0,0.06,5.35,74.42,1.93,58.06,0.68,36.36,0.44,0.44,9.08,75.34,0,,0,,0,0.0,0.0,0.0,,,0.56,,,1.24,0.0,0.0,1.87,0,0.0
Capa,Ypiranga AP,Manaus,"LW, LB",33,0,,9,261,0,0.32,0,0.64,23.1,41.79,Brazil,Brazil,left,171,65,no,6.21,5.86,52.94,5.17,20.0,0.34,0.51,0.34,2.76,4.07,1.03,2,0.69,0,0.0,3.79,0.0,0,0.0,0.11,0,0.0,1,0.34,0.0,0.0,0.0,4.83,21.43,4.83,21.43,0.0,0.0,0.0,4.48,61.54,6.9,60.0,1.38,1.03,0.69,11.03,0.0,2.07,20.69,56.67,8.97,69.23,1.72,80.0,6.55,57.89,12.76,72.97,3.45,40.0,21.5,22.31,0.22,1.38,0.34,0.0,0.0,0.0,0.69,3.79,54.55,3.79,45.45,0.34,100.0,1.03,1.03,6.55,78.95,0,,0,,0,0.0,0.0,0.0,,,0.34,,,1.03,0.0,0.0,1.72,0,0.0
Franklin,Catanduva,Manaus,"LW, LAMF, RW",33,0,,13,765,1,0.64,0,0.86,21.65,51.09,Brazil,Brazil,,171,73,no,5.29,5.41,52.17,2.94,48.0,0.59,0.81,0.12,1.88,2.59,1.53,6,0.71,0,0.0,3.65,0.12,1,0.12,0.08,0,0.0,10,1.18,50.0,10.0,0.0,2.12,44.44,1.29,54.55,0.82,28.57,0.24,4.47,47.37,10.0,57.65,2.24,2.71,1.65,8.82,1.06,3.76,14.47,68.29,2.24,63.16,2.94,80.0,5.88,66.0,11.53,72.45,0.94,62.5,22.57,14.46,0.1,0.71,0.0,0.0,0.24,0.0,0.35,1.18,70.0,1.53,53.85,0.24,0.0,0.47,0.94,3.06,65.38,0,,0,,0,0.0,0.0,0.0,,,0.0,,,0.12,0.0,0.0,0.12,0,0.0
Andrey Ventura,Rio Branco ES,Manaus,GK,32,0,2026-11-30,7,706,0,0.0,0,0.0,0.38,100.0,Brazil,Brazil,left,190,90,yes,1.15,0.0,0.0,0.38,100.0,0.0,0.0,0.0,1.15,1.48,0.0,1,0.13,0,0.0,0.0,0.0,0,0.0,0.0,0,0.0,0,0.0,0.0,0.0,0.0,0.0,0.0,0.0,0.0,0.0,0.0,0.0,0.0,0.0,0.0,0.0,0.0,0.0,0.0,7.52,0.51,0.13,14.66,76.52,8.67,64.71,0.0,0.0,5.99,93.62,8.54,95.52,6.12,50.0,38.75,56.82,0.0,0.0,0.0,0.0,0.0,0.0,0.0,3.19,40.0,0.38,33.33,0.25,0.0,0.13,0.0,4.33,67.65,7,0.89,29,3.7,2,75.86,8.3,1.06,1.3,0.166,0.0,1.02,0.38,,,,0.0,0,0.0
Lucas Batatinha,Paulista,Manaus,CF,36,0,,7,456,0,1.35,0,0.67,22.3,43.36,Brazil,Brazil,right,180,77,no,4.34,4.74,54.17,2.57,53.85,0.39,0.57,0.0,1.38,2.0,1.97,1,0.2,0,0.0,3.55,0.0,0,0.0,0.27,0,0.0,16,3.16,25.0,0.0,0.0,1.58,37.5,0.79,25.0,0.79,50.0,0.0,3.55,61.11,10.86,43.64,2.17,1.78,0.99,12.43,1.97,1.78,15.99,60.49,5.92,40.0,2.57,92.31,4.54,73.91,13.82,65.71,0.79,25.0,19.2,15.01,0.13,1.18,0.0,0.0,0.79,0.0,0.39,1.38,42.86,3.16,37.5,0.39,0.0,1.18,0.39,1.97,90.0,0,,0,,0,0.0,0.0,0.0,,,0.0,,,0.0,0.0,0.0,0.0,0,0.0
Luis Fernando,Iguatu,Manaus,"RCB, LCB",35,0,,11,946,0,0.6,0,0.0,13.79,67.59,Brazil,Brazil,right,190,82,no,7.99,4.76,76.0,5.9,70.97,0.0,0.0,0.29,4.38,6.24,1.05,5,0.48,0,0.0,0.29,0.0,0,0.0,0.06,0,0.0,5,0.48,0.0,0.0,0.0,0.1,100.0,0.1,100.0,0.0,0.0,0.0,0.29,66.67,0.76,50.0,0.57,0.1,0.0,18.27,0.29,0.29,30.54,82.87,14.27,72.0,1.9,95.0,13.03,91.97,23.5,91.9,6.95,52.05,24.29,36.69,0.0,0.0,0.1,0.0,0.0,0.0,0.0,4.76,62.0,0.1,100.0,0.0,0.0,0.0,0.1,7.61,70.0,0,,0,,0,0.0,0.0,0.0,,,1.62,,,0.0,0.0,0.0,0.0,0,0.0
Jean Carlo,Treze,Manaus,"CF, AMF, RAMF",33,0,,6,286,0,0.47,0,0.35,19.83,46.03,Brazil,Brazil,left,176,69,no,4.41,4.09,61.54,1.89,16.67,0.0,0.0,0.0,1.89,2.5,0.94,0,0.0,0,0.0,3.78,0.0,0,0.0,0.15,0,0.0,8,2.52,25.0,0.0,0.0,2.2,42.86,0.94,33.33,1.26,50.0,0.94,4.72,46.67,11.64,45.95,0.94,0.94,0.31,24.23,0.31,1.26,30.21,79.17,5.98,52.63,7.55,100.0,10.38,84.85,26.12,83.13,1.89,66.67,19.03,25.34,0.11,1.57,0.0,0.0,0.94,0.0,0.0,3.46,54.55,2.52,62.5,0.94,0.0,0.31,0.94,2.2,100.0,0,,0,,0,0.0,0.0,0.0,,,0.0,,,1.57,0.0,0.0,2.52,0,0.0
Lucas Silva,Marcílio Dias,Amazonas,"RAMF, RW",32,0,,8,202,0,0.06,0,0.13,19.6,63.64,Brazil,Brazil,right,165,58,no,5.35,4.46,70.0,0.45,0.0,0.0,0.0,0.0,2.23,4.69,0.0,0,0.0,0,0.0,8.02,0.0,0,0.0,0.03,0,0.0,1,0.45,0.0,0.0,0.0,4.9,18.18,0.0,0.0,4.9,18.18,0.89,9.36,76.19,13.37,63.33,0.89,5.79,2.67,19.16,1.34,2.23,28.51,60.94,9.36,47.62,2.23,100.0,10.69,66.67,21.83,75.51,1.78,0.0,19.81,9.13,0.06,1.78,0.0,0.0,0.45,0.0,0.89,2.67,16.67,5.35,33.33,0.45,0.0,0.45,0.45,5.79,84.62,0,,0,,0,0.0,0.0,0.0,,,0.0,,,0.0,0.0,0.0,0.45,0,0.0
Adalberto,Clube Laguna,Confiança,LCB,38,0,,15,1337,0,0.57,0,0.64,12.27,54.71,Brazil,Brazil,left,185,81,no,8.16,3.54,63.27,5.63,55.13,0.36,0.44,0.72,5.56,6.77,0.65,2,0.13,0,0.0,0.58,0.0,0,0.0,0.04,0,0.0,4,0.29,25.0,0.0,0.0,0.29,50.0,0.29,50.0,0.0,0.0,0.0,0.36,100.0,1.15,56.25,0.58,0.36,0.07,25.77,0.29,0.79,36.74,83.1,18.26,71.15,1.66,100.0,14.22,93.4,30.53,92.67,5.99,36.14,22.52,43.05,0.05,0.14,0.0,0.0,0.07,0.0,0.07,4.84,49.25,0.79,27.27,0.36,20.0,0.29,0.07,6.42,68.54,0,,0,,0,0.0,0.0,0.0,,,1.01,,,0.0,0.0,0.0,0.0,0,0.0
Willians Santana,Desportiva Aracaju,Confiança,"RW, CF, RAMF",38,0,2026-09-30,15,573,1,0.47,1,0.88,21.1,39.84,Brazil,Brazil,right,180,73,no,6.1,8.9,48.15,4.12,40.0,0.16,0.2,0.0,1.65,2.03,3.13,2,0.31,0,0.0,1.98,0.16,1,0.16,0.08,1,0.16,5,0.82,80.0,20.0,0.16,0.99,16.67,0.16,0.0,0.82,20.0,0.0,1.98,50.0,6.1,32.43,1.15,0.49,0.16,16.65,1.15,0.99,23.74,79.86,4.45,81.48,5.44,93.94,6.92,78.57,22.09,82.84,0.66,75.0,14.98,9.84,0.14,0.82,0.0,0.0,0.33,50.0,0.16,1.65,70.0,1.15,14.29,0.49,33.33,0.82,0.16,2.8,70.59,0,,0,,0,0.0,0.0,0.0,,,0.0,,,0.0,0.0,0.0,0.0,0,0.0
Roberson,,Confiança,CF,37,0,,3,111,1,0.62,0,0.2,15.41,31.58,Brazil,Brazil,right,181,72,no,0.81,0.81,0.0,5.68,57.14,0.81,1.07,0.0,0.0,0.0,1.62,0,0.0,0,0.0,0.81,0.81,1,0.81,0.51,0,0.0,2,1.62,50.0,50.0,0.0,0.0,0.0,0.0,0.0,0.0,0.0,0.0,0.0,0.0,5.68,28.57,0.81,1.62,0.0,12.16,1.62,1.62,15.41,78.95,3.24,75.0,4.05,100.0,4.86,50.0,13.78,76.47,1.62,100.0,14.33,19.85,0.16,0.81,0.0,0.0,1.62,0.0,0.81,4.05,80.0,0.81,100.0,1.62,50.0,1.62,0.0,4.05,80.0,0,,0,,0,0.0,0.0,0.0,,,0.0,,,0.0,0.0,0.0,0.0,0,0.0
Ricardo Bueno,Pouso Alegre,Confiança,"CF, LAMF",38,0,,7,537,1,2.04,0,0.37,14.66,43.75,Brazil,Brazil,right,183,77,no,2.02,1.83,50.0,4.22,43.48,0.18,0.24,0.0,0.92,1.18,1.28,1,0.17,0,0.0,2.02,0.17,0,0.0,0.37,0,0.0,14,2.57,21.43,7.143,0.0,1.1,16.67,0.55,0.0,0.55,33.33,0.18,1.83,70.0,7.52,43.9,3.12,1.28,0.0,20.53,0.92,2.38,27.86,86.18,4.95,88.89,8.98,85.71,8.07,84.09,25.85,88.65,1.1,83.33,15.95,25.95,0.07,1.47,0.0,0.0,0.18,0.0,0.37,3.3,83.33,1.47,62.5,0.18,0.0,0.37,0.37,2.57,78.57,0,,0,,0,0.0,0.0,0.0,,,0.18,,,0.0,0.0,0.0,0.0,1,100.0
Betinho,Arema,Confiança,"RCMF, RDMF, RAMF",34,0,2027-06-30,13,569,0,0.09,0,0.0,13.62,47.3,Brazil,Brazil,right,182,70,no,8.1,7.73,54.76,1.1,50.0,0.37,0.48,0.37,3.5,4.56,1.47,1,0.16,0,0.0,0.18,0.0,0,0.0,0.02,0,0.0,5,0.92,0.0,0.0,0.0,0.0,0.0,0.0,0.0,0.0,0.0,0.0,0.18,100.0,2.58,28.57,0.0,0.74,0.0,25.21,0.18,1.47,34.42,81.28,12.52,64.71,3.31,100.0,14.72,91.25,30.37,84.85,4.05,54.55,21.75,33.06,0.0,0.0,0.0,0.0,0.18,0.0,0.18,6.07,63.64,1.66,33.33,1.29,28.57,0.55,0.0,7.73,66.67,0,,0,,0,0.0,0.0,0.0,,,0.18,,,0.74,0.18,0.0,0.0,0,0.0
Bismark,Floresta EC,Botafogo PB,"LW, CF",33,0,,21,1414,1,2.62,0,0.51,20.22,47.04,Brazil,Brazil,right,170,69,no,6.32,3.66,60.0,4.46,40.3,0.6,0.9,0.13,3.53,5.32,0.93,1,0.06,0,0.0,3.26,0.06,1,0.07,0.17,0,0.0,41,2.73,34.15,2.439,0.0,1.2,27.78,1.0,33.33,0.2,0.0,0.07,3.53,56.6,10.04,49.01,1.26,1.33,0.86,14.83,1.93,2.99,20.35,70.59,6.25,56.38,5.25,87.34,5.65,69.41,17.03,76.95,2.2,42.42,18.85,34.55,0.03,0.4,0.0,0.0,0.2,0.0,0.2,3.19,47.92,1.73,23.08,0.53,0.0,0.27,0.4,3.73,71.43,0,,0,,0,0.0,0.0,0.0,,,0.0,,,0.6,0.53,50.0,0.0,0,0.0
Tcharlles,Porto Velho,Confiança,CF,34,0,,8,360,0,1.54,0,0.0,33.32,43.59,Brazil,Brazil,right,175,68,no,5.98,4.84,41.18,6.27,27.27,0.85,1.1,0.28,3.13,4.02,3.7,2,0.5,0,0.0,3.13,0.0,0,0.0,0.44,0,0.0,8,2.28,25.0,0.0,0.0,0.85,0.0,0.28,0.0,0.57,0.0,0.0,3.7,61.54,17.66,51.61,2.85,0.85,0.57,6.84,0.85,6.84,11.39,72.5,1.99,57.14,4.27,93.33,1.99,85.71,10.25,80.56,0.28,0.0,18.58,7.13,0.0,0.0,0.0,0.0,0.28,100.0,0.0,0.28,0.0,0.28,0.0,0.0,0.0,0.0,0.0,0.28,0.0,0,,0,,0,0.0,0.0,0.0,,,0.0,,,0.0,0.0,0.0,0.0,0,0.0
Lucas Vieira,Luverdense,Confiança,CF,33,0,,6,392,3,1.44,0,0.01,18.37,22.5,Brazil,Brazil,right,185,85,no,2.76,2.53,54.55,5.28,30.43,0.23,0.26,0.23,1.15,1.32,2.53,1,0.23,0,0.0,0.69,0.69,2,0.46,0.33,0,0.0,5,1.15,60.0,60.0,0.0,0.23,0.0,0.0,0.0,0.23,0.0,0.0,0.46,0.0,7.12,12.9,2.3,0.23,0.0,5.05,1.38,0.46,6.66,82.76,1.38,50.0,3.21,100.0,1.15,60.0,6.43,85.71,0.0,0.0,11.15,0.0,0.0,0.23,0.0,0.0,0.0,0.0,0.0,0.92,0.0,0.23,100.0,0.0,0.0,0.46,0.0,0.23,100.0,0,,0,,0,0.0,0.0,0.0,,,0.0,,,0.0,0.0,0.0,0.0,1,100.0
Jeferson,Floresta EC,Confiança,GK,32,0,,9,842,0,0.0,0,0.0,0.36,33.33,Brazil,Brazil,left,195,87,no,0.96,0.0,0.0,0.24,50.0,0.0,0.0,0.0,0.96,1.24,0.12,0,0.0,0,0.0,0.0,0.0,0,0.0,0.0,0,0.0,0,0.0,0.0,0.0,0.0,0.0,0.0,0.0,0.0,0.0,0.0,0.0,0.0,0.0,0.0,0.0,0.0,0.0,0.0,3.59,0.12,0.0,8.74,80.82,5.98,74.0,0.0,0.0,2.75,95.65,5.15,95.35,3.59,60.0,36.05,53.32,0.0,0.0,0.0,0.0,0.0,0.0,0.0,1.32,54.55,0.12,0.0,0.0,0.0,0.0,0.0,3.23,74.07,11,1.32,46,5.51,2,76.09,13.8,1.65,2.8,0.335,0.0,1.32,0.24,,,,0.0,0,0.0
Jaílson,ASA,Botafogo PB,"LW, RW",33,0,,17,868,1,1.07,1,1.36,25.2,55.56,Brazil,Brazil,right,182,67,no,9.02,8.61,62.65,2.38,39.13,0.73,1.1,0.0,2.9,4.4,1.56,0,0.0,0,0.0,3.94,0.1,1,0.1,0.11,0,0.0,10,1.04,30.0,10.0,0.1,2.7,11.54,1.24,8.33,1.45,14.29,0.62,4.67,64.44,12.24,55.08,1.66,1.66,1.14,17.63,0.83,4.04,26.03,73.31,6.95,70.15,6.43,93.55,7.78,64.0,22.5,81.11,0.83,62.5,18.68,11.3,0.14,0.73,0.0,0.0,0.52,60.0,0.1,3.53,70.59,2.59,28.0,0.41,50.0,0.52,0.41,4.25,78.05,0,,0,,0,0.0,0.0,0.0,,,0.1,,,0.0,0.0,0.0,0.41,0,0.0
Dione,Serra Branca EC,Confiança,"CF, AMF",32,0,,16,1311,2,3.72,3,2.85,12.01,45.14,Brazil,Brazil,left,170,64,no,2.47,3.09,44.44,1.92,39.29,0.14,0.17,0.0,0.96,1.22,0.62,1,0.07,0,0.0,2.13,0.14,1,0.07,0.26,0,0.0,38,2.61,26.32,5.263,0.21,1.24,50.0,0.34,60.0,0.89,46.15,0.07,1.65,45.83,5.42,50.63,1.03,1.3,0.48,29.86,0.41,1.99,37.35,79.78,11.67,62.35,6.18,92.22,15.31,87.44,30.55,85.17,5.63,56.1,21.06,38.06,0.2,1.85,0.07,0.07,0.48,14.29,0.48,8.92,67.69,3.16,43.48,1.85,29.63,0.62,0.69,6.66,80.41,0,,0,,0,0.0,0.0,0.0,,,0.07,,,3.16,0.76,27.27,3.5,2,50.0
Raphinha,CRAC,Volta Redonda,RB,32,0,2026-09-14,3,211,0,0.03,0,0.36,19.62,54.35,Brazil,Brazil,right,170,71,no,8.1,7.68,55.56,5.97,50.0,0.43,0.59,0.0,3.41,4.71,1.71,0,0.0,0,0.0,3.84,0.0,0,0.0,0.01,0,0.0,2,0.85,50.0,0.0,0.0,1.71,75.0,0.0,0.0,1.71,75.0,0.0,2.56,83.33,4.27,70.0,0.85,1.71,0.43,22.18,1.71,0.0,30.71,77.78,12.8,70.0,3.41,87.5,10.66,88.0,24.74,79.31,4.27,70.0,19.27,27.14,0.15,0.85,0.0,0.0,0.0,0.0,0.43,2.13,80.0,2.56,83.33,0.0,0.0,0.85,1.28,10.66,60.0,0,,0,,0,0.0,0.0,0.0,,,0.85,,,0.0,0.0,0.0,0.0,0,0.0
Bruno Barra,Volta Redonda,Volta Redonda,"DMF, RDMF, RCB",40,0,2026-11-20,22,1934,1,1.64,1,0.54,13.31,57.34,Brazil,Brazil,right,179,67,no,8.33,5.35,55.65,4.28,56.52,0.33,0.44,0.33,5.03,6.74,1.02,5,0.23,0,0.0,1.21,0.05,1,0.05,0.08,0,0.0,19,0.88,47.37,5.263,0.05,0.14,100.0,0.05,100.0,0.05,100.0,0.0,0.6,100.0,2.05,65.91,0.56,0.47,0.19,29.04,0.14,0.93,45.23,86.32,14.89,71.88,3.86,91.57,21.08,94.48,38.16,91.22,6.93,59.06,20.87,37.91,0.03,0.23,0.0,0.0,0.23,20.0,0.14,6.28,71.11,1.07,47.83,0.74,25.0,0.33,0.14,7.86,68.64,0,,0,,0,0.0,0.0,0.0,,,0.19,,,0.0,0.0,0.0,0.0,0,0.0
Paulinho,Tuna Luso,Volta Redonda,"LCMF, LDMF",37,0,,15,1022,1,0.9,0,0.72,18.76,50.7,Brazil,Brazil,right,172,73,no,6.52,7.05,43.75,1.23,35.71,0.18,0.24,0.44,3.26,4.48,2.2,3,0.26,0,0.0,2.29,0.09,1,0.09,0.08,0,0.0,23,2.03,39.13,4.348,0.0,0.7,50.0,0.09,100.0,0.62,42.86,0.0,1.59,66.67,8.01,60.44,0.44,0.97,0.26,33.55,0.09,3.17,46.06,87.57,14.0,76.73,5.81,93.94,19.73,92.86,42.01,88.89,3.43,76.92,19.32,33.12,0.06,1.14,0.0,0.09,0.18,50.0,0.09,7.05,82.5,1.32,66.67,0.35,50.0,0.44,0.35,7.84,77.53,0,,0,,0,0.0,0.0,0.0,,,0.0,,,1.23,0.53,33.33,0.35,0,0.0
Wellington Silva,Volta Redonda,Volta Redonda,RB,38,0,2026-08-30,19,1789,0,0.29,0,0.59,17.71,57.95,Brazil,Brazil,right,177,78,no,9.71,7.65,65.79,2.06,58.54,0.35,0.49,0.3,4.33,6.06,1.46,2,0.1,0,0.0,2.67,0.0,0,0.0,0.01,0,0.0,9,0.45,22.22,0.0,0.0,2.06,34.15,0.0,0.0,2.06,34.15,0.3,3.02,60.0,5.84,56.03,0.65,1.91,0.3,25.81,1.66,1.16,36.57,86.52,13.28,85.23,4.07,96.3,12.53,84.74,31.64,91.89,3.02,63.33,18.57,35.02,0.03,0.45,0.0,0.0,0.05,100.0,0.2,3.87,80.52,2.06,48.78,0.35,28.57,0.55,0.7,7.14,78.17,0,,0,,0,0.0,0.0,0.0,,,0.25,,,0.0,0.0,0.0,0.0,0,0.0
Giva,Nacional AM,Botafogo PB,"LAMF, LWF, AMF",33,0,2026-10-15,2,45,0,0.07,0,0.0,18.0,44.44,Brazil,Brazil,right,164,62,no,8.0,4.0,100.0,4.0,0.0,0.0,0.0,0.0,4.0,10.0,0.0,0,0.0,0,0.0,2.0,0.0,0,0.0,0.14,0,0.0,1,2.0,0.0,0.0,0.0,2.0,0.0,2.0,0.0,0.0,0.0,0.0,2.0,100.0,6.0,33.33,4.0,2.0,0.0,6.0,0.0,0.0,14.0,57.14,2.0,0.0,2.0,100.0,8.0,75.0,8.0,75.0,4.0,50.0,15.96,17.35,0.0,0.0,0.0,0.0,0.0,0.0,0.0,4.0,100.0,2.0,0.0,0.0,0.0,0.0,0.0,4.0,50.0,0,,0,,0,0.0,0.0,0.0,,,0.0,,,0.0,0.0,0.0,0.0,0,0.0
Ricardo Sena,Bangu,Volta Redonda,LB,34,0,,25,1879,0,0.35,2,1.14,14.03,53.58,Brazil,Brazil,left,181,71,no,8.19,6.04,60.32,2.63,49.09,0.24,0.32,0.24,4.31,5.79,1.25,3,0.14,0,0.0,1.63,0.0,0,0.0,0.02,0,0.0,13,0.62,23.08,0.0,0.1,3.3,31.88,3.26,32.35,0.05,0.0,0.34,0.86,50.0,3.26,47.06,0.72,0.91,0.34,23.13,2.2,1.05,32.95,74.85,11.3,58.47,4.84,92.08,11.83,82.59,26.01,85.27,3.83,42.5,20.97,33.24,0.05,0.77,0.0,0.1,0.0,0.0,0.19,3.83,60.0,2.78,34.48,0.29,16.67,0.34,0.86,6.27,62.6,0,,0,,0,0.0,0.0,0.0,,,0.19,,,0.0,0.0,0.0,0.0,0,0.0
Jean Drosny,Paysandu,Volta Redonda,GK,32,0,,21,2127,0,0.0,0,0.0,0.42,70.0,Brazil,Brazil,right,192,88,no,1.27,0.04,0.0,0.25,83.33,0.0,0.0,0.0,1.27,1.66,0.0,2,0.08,0,0.0,0.0,0.0,0,0.0,0.0,0,0.0,0,0.0,0.0,0.0,0.0,0.0,0.0,0.0,0.0,0.0,0.0,0.0,0.0,0.0,0.04,100.0,0.0,0.0,0.0,3.17,0.04,0.04,10.07,81.09,6.52,72.08,0.04,100.0,3.3,97.44,6.09,96.53,3.94,58.06,37.4,54.12,0.0,0.0,0.0,0.0,0.0,0.0,0.0,1.35,34.38,0.17,50.0,0.08,50.0,0.08,0.0,3.26,75.32,18,0.76,88,3.72,8,79.55,22.22,0.94,4.22,0.179,0.04,1.1,0.25,,,,0.0,0,0.0
Rondinelly,,EC São José,"CF, LCMF, RCMF",35,0,,14,373,0,0.87,0,0.02,17.37,31.94,Brazil,Brazil,right,172,69,no,3.14,3.62,53.33,5.31,27.27,0.0,0.0,0.0,1.21,2.17,1.93,1,0.24,0,0.0,1.45,0.0,0,0.0,0.21,0,0.0,7,1.69,14.29,0.0,0.0,2.17,33.33,1.21,40.0,0.72,33.33,0.24,2.17,22.22,6.76,25.0,1.93,0.72,0.24,24.61,1.21,0.48,37.88,77.07,13.51,73.21,4.83,80.0,12.55,82.69,32.33,83.58,3.38,42.86,17.77,21.4,0.0,0.48,0.0,0.0,0.24,0.0,0.0,9.17,68.42,3.38,35.71,0.72,33.33,0.48,1.21,7.72,71.88,0,,0,,0,0.0,0.0,0.0,,,0.0,,,1.93,0.24,0.0,3.14,0,0.0
Thiago Santos,Sergipe,EC São José,CF,35,0,,21,1590,6,6.17,3,1.89,20.15,35.11,Brazil,Brazil,right,184,82,no,2.6,2.21,46.15,8.38,31.76,0.11,0.17,0.23,1.47,2.27,1.58,3,0.17,0,0.0,1.13,0.34,6,0.34,0.35,1,0.06,34,1.92,41.18,17.647,0.17,0.45,37.5,0.28,40.0,0.17,33.33,0.06,0.57,20.0,4.53,36.25,2.89,0.17,0.0,8.77,1.25,1.64,14.04,70.16,3.79,55.22,2.38,83.33,4.75,72.62,12.4,73.97,1.25,45.45,15.28,23.29,0.11,0.68,0.06,0.0,0.17,33.33,0.45,2.49,61.36,0.74,46.15,0.28,20.0,0.62,0.11,1.75,77.42,0,,0,,0,0.0,0.0,0.0,,,0.0,,,0.06,0.06,0.0,0.0,0,0.0
Fábio,EC São José,EC São José,GK,37,0,,25,2546,3,2.76,1,0.0,0.64,77.78,Brazil,Brazil,right,183,83,no,1.17,0.0,0.0,0.39,81.82,0.0,0.0,0.0,1.17,1.64,0.04,2,0.07,0,0.0,0.18,0.11,1,0.04,0.1,0,0.0,7,0.25,42.86,42.857,0.04,0.0,0.0,0.0,0.0,0.0,0.0,0.0,0.11,66.67,0.18,80.0,0.0,0.07,0.0,10.43,0.21,0.18,19.19,80.48,10.46,69.26,0.0,0.0,8.45,94.98,10.53,96.98,8.63,60.66,37.51,51.3,0.0,0.0,0.0,0.0,0.0,0.0,0.04,3.5,49.49,0.14,50.0,0.11,66.67,0.07,0.0,6.4,76.24,28,0.99,110,3.89,6,74.55,30.8,1.09,2.8,0.099,0.0,0.85,0.39,,,,0.0,3,66.667
Jádson,Serra Branca EC,EC São José,LCB,33,0,,22,2067,0,1.4,0,0.51,16.33,56.27,Brazil,Brazil,left,186,78,no,9.75,6.23,66.43,5.4,52.42,0.52,0.72,0.35,5.09,7.03,1.22,5,0.22,0,0.0,0.83,0.0,0,0.0,0.06,0,0.0,6,0.26,16.67,0.0,0.0,0.17,75.0,0.17,75.0,0.0,0.0,0.0,0.83,78.95,1.96,55.56,0.26,0.83,0.04,14.8,0.35,1.04,27.0,79.19,13.8,68.77,1.44,93.94,8.97,91.26,22.73,85.63,4.18,44.79,21.83,41.32,0.02,0.13,0.0,0.0,0.0,0.0,0.04,4.18,57.29,0.57,46.15,0.22,20.0,0.17,0.13,6.75,65.81,0,,0,,0,0.0,0.0,0.0,,,0.74,,,0.0,0.0,0.0,0.0,0,0.0
Karl,Itabaiana,EC São José,"RCMF, RWB",33,0,,23,1830,0,0.91,0,0.69,14.61,48.15,Brazil,Brazil,right,182,74,no,6.69,6.69,56.62,2.9,35.59,0.1,0.14,0.2,2.8,3.99,1.13,4,0.2,0,0.0,0.74,0.0,0,0.0,0.04,0,0.0,13,0.64,23.08,0.0,0.0,1.52,25.81,0.39,37.5,1.13,21.74,0.2,0.34,57.14,2.9,47.46,0.74,0.59,0.1,19.08,0.84,0.89,30.69,77.24,11.51,70.94,4.18,94.12,9.93,81.68,26.61,82.44,2.56,53.85,17.79,23.11,0.03,0.34,0.0,0.05,0.15,0.0,0.05,5.26,71.96,1.62,27.27,0.25,0.0,0.2,0.39,5.46,73.87,0,,0,,0,0.0,0.0,0.0,,,0.34,,,0.05,0.0,0.0,0.1,0,0.0
Lucas Cunha,Confiança,EC São José,RCB,32,0,2026-11-30,20,1946,0,0.09,0,0.01,12.63,54.21,Brazil,Brazil,right,190,86,no,7.77,4.99,56.48,3.84,55.42,0.05,0.07,0.46,4.9,6.96,1.25,5,0.23,0,0.0,0.42,0.0,0,0.0,0.0,0,0.0,2,0.09,0.0,0.0,0.0,0.09,50.0,0.05,0.0,0.05,100.0,0.0,0.51,63.64,1.43,41.94,0.32,0.23,0.0,15.63,0.28,0.23,28.3,78.27,13.5,68.15,2.36,98.04,10.54,87.72,22.52,87.47,5.69,42.28,24.99,45.71,0.0,0.05,0.0,0.0,0.09,50.0,0.0,5.32,49.57,0.88,21.05,0.42,0.0,0.23,0.05,7.17,67.1,0,,0,,0,0.0,0.0,0.0,,,1.43,,,0.0,0.0,0.0,0.0,0,0.0
Fredson,Nacional AM,EC São José,"CB, RCB",34,0,,10,1034,0,0.84,0,0.0,15.84,58.24,Brazil,Brazil,right,185,83,no,10.01,4.61,66.04,6.18,61.97,0.35,0.5,0.35,6.62,9.54,1.39,4,0.35,0,0.0,0.44,0.0,0,0.0,0.07,0,0.0,7,0.61,28.57,0.0,0.0,0.17,0.0,0.09,0.0,0.0,0.0,0.09,0.26,100.0,2.0,43.48,0.96,0.44,0.0,14.62,0.35,0.35,30.81,71.19,15.15,58.05,1.65,94.74,10.88,85.6,23.76,79.12,6.88,45.57,24.64,43.21,0.0,0.09,0.0,0.0,0.09,0.0,0.0,5.4,48.39,0.7,0.0,0.61,0.0,0.26,0.0,7.66,52.27,0,,0,,0,0.0,0.0,0.0,,,1.13,,,0.0,0.0,0.0,0.0,0,0.0
Ferreira,North Esporte Clube,Operário PR,"RDMF, RCMF, LCMF",39,0,,7,399,0,0.06,0,0.0,20.08,53.93,Brazil,"Brazil, Bolivia",right,179,73,no,6.77,8.35,51.35,4.51,60.0,0.23,0.38,0.23,2.26,3.75,2.93,1,0.23,0,0.0,1.13,0.0,0,0.0,0.01,0,0.0,2,0.45,50.0,0.0,0.0,0.23,0.0,0.0,0.0,0.23,0.0,0.0,1.35,66.67,5.41,54.17,0.0,0.68,0.68,26.39,0.23,2.71,40.83,84.53,9.25,63.41,6.54,100.0,18.27,91.36,40.15,85.96,0.45,0.0,16.76,6.58,0.0,0.0,0.23,0.0,0.45,0.0,0.0,4.29,73.68,0.68,0.0,0.45,0.0,0.0,0.0,4.51,50.0,0,,0,,0,0.0,0.0,0.0,,,0.0,,,0.0,0.0,0.0,0.0,0,0.0
Paulo Sérgio,,Operário PR,RCB,37,0,,1,102,0,0.0,0,0.0,15.88,44.44,Brazil,Brazil,right,186,83,no,8.82,3.53,75.0,5.29,16.67,0.0,0.0,1.76,6.18,13.13,0.0,0,0.0,0,0.0,1.76,0.0,0,0.0,0.0,0,0.0,0,0.0,0.0,0.0,0.0,0.0,0.0,0.0,0.0,0.0,0.0,0.0,1.76,100.0,4.41,60.0,0.0,1.76,0.0,46.76,0.0,0.88,60.88,91.3,28.24,87.5,6.18,100.0,24.71,92.86,58.24,92.42,2.65,66.67,17.09,34.39,0.0,0.0,0.0,0.0,0.0,0.0,0.0,11.47,84.62,0.0,0.0,0.0,0.0,0.0,0.0,8.82,80.0,0,,0,,0,0.0,0.0,0.0,,,3.53,,,0.0,0.0,0.0,0.0,0,0.0
Pedrinho,Sobradinho,Operário PR,"DMF, RCMF",33,0,,1,60,0,0.0,1,0.19,12.0,37.5,Brazil,Brazil,right,178,76,no,4.5,9.0,16.67,0.0,0.0,0.0,0.0,0.0,3.0,5.0,9.0,0,0.0,0,0.0,1.5,0.0,0,0.0,0.0,0,0.0,0,0.0,0.0,0.0,1.5,1.5,0.0,0.0,0.0,1.5,0.0,0.0,1.5,100.0,1.5,100.0,3.0,1.5,0.0,48.0,0.0,0.0,55.5,89.19,18.0,75.0,12.0,100.0,16.5,90.91,51.0,94.12,4.5,33.33,16.55,45.6,0.28,3.0,0.0,0.0,1.5,0.0,1.5,6.0,75.0,4.5,0.0,3.0,0.0,1.5,0.0,6.0,75.0,0,,0,,0,0.0,0.0,0.0,,,3.0,,,0.0,0.0,0.0,3.0,0,0.0
Yago Rocha,Taubaté,Operário PR,"RB, RWB",32,0,,15,788,0,0.05,0,1.66,15.36,55.12,Brazil,Brazil,right,181,76,no,6.53,5.32,61.36,1.94,62.5,0.24,0.41,0.12,3.02,5.1,1.21,3,0.34,0,0.0,3.87,0.0,0,0.0,0.01,0,0.0,5,0.6,0.0,0.0,0.0,5.32,34.09,0.0,0.0,5.32,34.09,0.48,4.23,48.57,6.77,51.79,0.24,2.3,0.85,28.31,1.69,1.09,39.56,75.23,12.46,65.05,4.84,97.5,15.48,79.69,31.21,85.66,3.15,38.46,21.32,33.85,0.2,1.09,0.0,0.0,0.24,0.0,0.6,4.23,57.14,4.23,45.71,0.48,0.0,0.24,1.94,8.23,72.06,0,,0,,0,0.0,0.0,0.0,,,1.09,,,0.0,0.0,0.0,0.48,0,0.0
Eltinho,,Paysandu,LB,39,0,,9,594,0,0.37,1,0.83,14.85,52.04,Brazil,Brazil,left,171,66,no,8.64,6.36,61.9,3.33,27.27,1.06,1.86,0.0,3.64,6.37,1.06,1,0.15,1,0.15,2.73,0.0,0,0.0,0.06,0,0.0,6,0.91,16.67,0.0,0.15,3.33,40.91,3.33,40.91,0.0,0.0,0.45,1.36,88.89,3.18,71.43,1.82,0.91,0.3,21.06,1.21,0.91,31.06,77.07,10.76,73.24,4.09,92.59,10.3,72.06,23.64,85.9,4.55,56.67,20.5,34.59,0.13,0.91,0.0,0.15,0.0,0.0,0.61,3.64,54.17,1.97,61.54,0.15,0.0,0.45,0.91,6.52,79.07,0,,0,,0,0.0,0.0,0.0,,,0.61,,,0.76,0.15,0.0,1.82,0,0.0
Rogerinho,,Botafogo PB,"CF, AMF",39,0,,15,509,2,0.39,0,0.72,19.88,33.96,Brazil,Brazil,both,176,70,no,3.19,3.38,55.56,3.19,41.18,0.0,0.0,0.0,1.31,2.28,1.88,0,0.0,0,0.0,3.38,0.35,1,0.19,0.07,0,0.0,6,1.13,83.33,16.667,0.0,0.75,100.0,0.19,100.0,0.56,100.0,0.19,3.94,42.86,10.31,30.91,1.5,3.0,2.44,12.19,0.94,1.5,19.13,84.31,6.56,85.71,1.69,77.78,7.13,89.47,17.25,85.87,1.13,50.0,18.98,14.81,0.13,1.31,0.0,0.0,0.0,0.0,0.38,3.19,82.35,1.88,70.0,0.38,50.0,1.31,0.75,4.5,87.5,0,,0,,0,0.0,0.0,0.0,,,0.0,,,0.19,0.0,0.0,1.13,0,0.0
Gerson Magrão,Ipatinga,Botafogo PB,"CF, LAMF, AMF",41,0,,10,421,1,0.67,1,0.39,13.47,46.03,Brazil,Brazil,left,181,78,no,4.7,4.06,68.42,2.35,27.27,0.0,0.0,0.21,1.92,3.8,1.07,3,0.64,0,0.0,1.92,0.21,1,0.21,0.14,0,0.0,5,1.07,20.0,20.0,0.21,2.35,36.36,1.28,16.67,1.07,60.0,0.43,0.86,75.0,5.34,40.0,1.71,1.07,0.43,24.37,1.71,0.86,32.71,76.47,9.19,65.12,4.92,95.65,14.96,80.0,26.94,81.75,4.06,63.16,28.47,29.09,0.08,1.07,0.0,0.0,0.64,33.33,0.64,6.84,65.63,2.57,50.0,0.64,33.33,0.43,0.64,5.77,81.48,0,,0,,0,0.0,0.0,0.0,,,0.64,,,0.43,0.0,0.0,1.07,0,0.0
Gustavo,Mixto,Botafogo PB,GK,37,0,,4,349,0,0.0,0,0.0,0.35,100.0,Brazil,Brazil,right,194,88,no,0.69,0.0,0.0,0.0,0.0,0.35,0.6,0.0,0.35,0.6,0.0,2,0.52,0,0.0,0.0,0.0,0,0.0,0.0,0,0.0,0,0.0,0.0,0.0,0.0,0.0,0.0,0.0,0.0,0.0,0.0,0.0,0.0,0.0,0.0,0.0,0.0,0.0,0.0,7.64,0.35,0.0,11.12,84.38,6.25,72.22,0.0,0.0,4.52,100.0,6.25,100.0,4.86,64.29,37.15,52.26,0.0,0.0,0.0,0.0,0.0,0.0,0.0,0.69,100.0,0.0,0.0,0.0,0.0,0.0,0.0,4.52,69.23,3,1.04,11,3.82,1,72.73,2.42,0.84,-0.58,-0.202,0.0,0.0,0.0,,,,0.0,0,0.0
Pipico,,Botafogo PB,"CF, AMF",41,0,,4,338,3,1.36,0,0.03,14.91,26.79,Brazil,Brazil,right,172,72,no,2.13,2.13,50.0,5.59,23.81,0.0,0.0,0.53,1.07,1.82,1.6,0,0.0,0,0.0,1.6,0.8,3,0.8,0.36,1,0.27,7,1.86,42.86,42.857,0.0,0.53,50.0,0.53,50.0,0.0,0.0,0.0,1.07,50.0,3.99,33.33,3.2,0.27,0.0,8.79,1.33,0.53,11.98,77.78,2.66,60.0,4.79,100.0,2.66,70.0,10.65,80.0,0.8,66.67,18.32,15.4,0.01,0.27,0.0,0.27,0.0,0.0,0.0,0.8,66.67,0.53,100.0,0.53,50.0,0.53,0.27,0.8,100.0,0,,0,,0,0.0,0.0,0.0,,,0.0,,,0.0,0.0,0.0,0.0,0,0.0
Wesley Matos,,Botafogo PB,RCB,40,0,,16,1377,2,1.37,1,0.0,10.07,61.69,Brazil,Brazil,right,183,82,no,8.1,3.53,70.37,4.77,58.9,0.52,0.77,1.05,5.1,7.52,0.59,5,0.33,0,0.0,0.26,0.13,2,0.13,0.09,2,0.13,5,0.33,40.0,40.0,0.07,0.0,0.0,0.0,0.0,0.0,0.0,0.0,0.2,66.67,0.39,66.67,0.33,0.65,0.0,18.17,0.46,0.72,29.74,84.4,10.33,66.46,1.7,100.0,15.88,94.65,24.71,90.21,5.03,55.84,24.61,37.99,0.0,0.0,0.0,0.0,0.0,0.0,0.0,3.53,61.11,0.2,33.33,0.0,0.0,0.13,0.0,5.62,59.3,0,,0,,0,0.0,0.0,0.0,,,1.31,,,0.0,0.0,0.0,0.0,0,0.0
Luisinho,Operário MS,Botafogo PB,"LW, LAMF, RAMF",35,0,,4,245,1,0.06,0,0.0,12.49,47.06,Brazil,Brazil,right,175,67,no,5.51,4.41,50.0,1.47,75.0,0.37,0.51,0.37,2.94,4.07,1.47,1,0.37,0,0.0,1.84,0.37,1,0.37,0.02,1,0.37,2,0.73,50.0,50.0,0.0,0.73,0.0,0.37,0.0,0.37,0.0,0.0,2.2,66.67,5.14,35.71,1.47,2.2,0.73,10.29,1.47,1.47,14.69,70.0,3.67,70.0,2.94,100.0,4.78,61.54,13.59,75.68,0.37,0.0,17.01,9.33,0.0,0.37,0.0,0.0,0.37,0.0,0.0,1.47,25.0,0.37,0.0,0.0,0.0,0.0,0.0,2.94,37.5,0,,0,,0,0.0,0.0,0.0,,,0.0,,,0.0,0.0,0.0,0.0,0,0.0
Mota,Nova Iguaçu,Botafogo PB,GK,41,0,2027-03-31,21,2182,0,0.33,0,0.0,0.7,76.47,Brazil,Brazil,right,195,86,no,1.61,0.08,0.0,0.45,90.91,0.0,0.0,0.0,1.61,2.33,0.0,3,0.12,0,0.0,0.0,0.0,0,0.0,0.01,0,0.0,1,0.04,0.0,0.0,0.0,0.0,0.0,0.0,0.0,0.0,0.0,0.0,0.0,0.0,0.08,100.0,0.04,0.0,0.0,7.42,0.25,0.37,14.81,80.78,8.29,68.66,0.0,0.0,6.27,96.71,8.5,97.57,6.23,58.94,36.54,50.95,0.0,0.0,0.0,0.0,0.0,0.0,0.0,2.02,38.78,0.16,0.0,0.04,0.0,0.0,0.0,4.21,76.47,27,1.11,97,4.0,3,72.16,24.41,1.01,-2.59,-0.107,0.0,2.1,0.45,,,,0.0,0,0.0
Naylhor,,Paysandu,"LCB, RCB",39,0,,3,138,0,0.0,0,0.0,18.91,65.52,Brazil,Brazil,right,189,76,no,9.13,6.52,90.0,9.13,57.14,0.0,0.0,0.65,3.26,4.69,1.3,0,0.0,0,0.0,0.0,0.0,0,0.0,0.0,0,0.0,0,0.0,0.0,0.0,0.0,0.0,0.0,0.0,0.0,0.0,0.0,0.0,0.0,0.0,1.3,50.0,0.0,0.0,0.0,22.17,0.0,1.3,36.52,83.93,15.65,66.67,1.96,100.0,14.35,100.0,33.26,88.24,3.26,40.0,18.72,14.22,0.0,0.0,0.0,0.0,0.0,0.0,0.0,5.22,50.0,1.3,0.0,1.3,0.0,0.0,0.0,5.87,66.67,0,,0,,0,0.0,0.0,0.0,,,1.96,,,0.0,0.0,0.0,0.0,0,0.0
Lucas Mendes,América RN,Botafogo PB,RB,34,0,,8,495,0,0.0,0,0.26,21.64,53.78,Brazil,Brazil,right,174,78,no,10.73,7.27,77.5,2.18,25.0,0.0,0.0,0.55,5.09,7.12,1.09,2,0.36,1,0.18,2.36,0.0,0,0.0,0.0,0,0.0,0,0.0,0.0,0.0,0.0,2.55,57.14,0.0,0.0,2.55,57.14,0.18,4.55,20.0,8.0,45.45,0.55,2.36,0.18,16.0,1.27,2.55,23.45,79.07,10.18,76.79,2.36,92.31,6.73,78.38,18.55,86.27,2.55,50.0,23.35,26.78,0.05,0.73,0.0,0.0,0.0,0.0,0.36,2.91,50.0,2.73,60.0,0.18,0.0,0.55,1.45,5.82,71.88,0,,0,,0,0.0,0.0,0.0,,,0.18,,,0.18,0.0,0.0,0.18,0,0.0
Zé Mário,Santa Cruz,Botafogo PB,LB,34,0,2026-10-31,22,2191,0,0.13,2,3.33,14.95,56.32,Brazil,Brazil,left,175,78,no,9.2,6.74,57.93,2.34,57.89,0.45,0.68,0.04,4.85,7.27,1.4,7,0.29,0,0.0,2.63,0.0,0,0.0,0.01,0,0.0,8,0.33,12.5,0.0,0.08,3.53,37.21,3.37,37.8,0.12,33.33,0.37,1.77,67.44,3.98,54.64,0.62,2.26,1.19,26.74,1.85,0.99,39.39,79.14,16.14,73.03,4.64,91.15,15.16,82.93,30.52,88.56,5.63,51.82,22.06,37.14,0.14,1.31,0.04,0.04,0.12,66.67,0.45,5.67,73.91,3.2,41.03,0.33,25.0,0.29,1.27,9.41,73.36,0,,0,,0,0.0,0.0,0.0,,,0.66,,,0.74,0.04,0.0,0.94,0,0.0
Renatinho,Itabaiana,Botafogo PB,CF,34,0,2026-10-30,17,983,1,1.93,5,3.05,19.52,43.5,Brazil,Brazil,right,172,68,no,5.86,5.37,50.91,1.85,21.05,0.39,0.59,0.2,2.73,4.12,1.07,3,0.27,0,0.0,2.05,0.09,0,0.0,0.19,0,0.0,20,1.95,20.0,5.0,0.49,1.17,16.67,0.39,50.0,0.78,0.0,0.1,3.32,41.18,8.3,37.65,1.56,0.98,0.68,15.33,1.17,2.34,25.38,75.38,6.25,67.19,5.56,91.23,9.18,76.6,22.45,79.57,1.76,61.11,18.66,28.34,0.3,1.76,0.2,0.0,0.29,33.33,0.29,4.3,70.45,1.66,47.06,0.49,40.0,0.68,0.29,3.61,70.27,0,,0,,0,0.0,0.0,0.0,,,0.2,,,1.46,0.1,0.0,3.42,1,100.0
Wellington Carvalho,ABC,Paysandu,"LCB, RCB",33,0,,11,1025,1,1.09,0,0.07,9.31,65.09,Brazil,Brazil,right,185,79,no,5.44,3.6,56.1,3.51,72.5,0.26,0.48,0.26,3.16,5.71,1.14,5,0.44,1,0.09,0.18,0.09,1,0.09,0.1,1,0.09,8,0.7,12.5,12.5,0.0,0.0,0.0,0.0,0.0,0.0,0.0,0.0,0.18,50.0,0.53,66.67,0.7,0.7,0.26,12.64,0.61,0.26,23.0,84.73,9.04,69.9,0.97,90.91,10.19,96.55,20.46,89.27,2.55,48.28,20.06,30.5,0.01,0.09,0.0,0.0,0.0,0.0,0.0,2.46,46.43,0.18,50.0,0.0,0.0,0.18,0.0,3.34,60.53,0,,0,,0,0.0,0.0,0.0,,,0.61,,,0.0,0.0,0.0,0.0,0,0.0
Ronaldo Mendes,CSA,Paysandu,"RAMF, RW, LCMF",33,0,,9,465,1,0.34,0,1.21,22.65,41.88,Brazil,"Brazil, Italy",left,171,70,no,6.77,6.97,50.0,3.48,38.89,0.58,1.14,0.19,2.71,5.32,1.55,1,0.19,0,0.0,3.1,0.19,1,0.19,0.07,0,0.0,9,1.74,33.33,11.111,0.0,2.52,30.77,1.35,28.57,1.16,33.33,0.0,3.29,52.94,8.9,39.13,1.74,0.97,0.58,23.61,1.16,1.74,30.19,76.28,10.26,71.7,5.23,96.3,9.48,77.55,24.77,82.81,2.9,60.0,19.05,39.81,0.23,2.13,0.19,0.0,0.0,0.0,0.39,4.26,68.18,3.1,43.75,0.19,0.0,1.16,0.77,5.81,80.0,0,,0,,0,0.0,0.0,0.0,,,0.0,,,1.16,0.19,0.0,1.74,0,0.0
Lucas Santos,Inter de Limeira,Botafogo PB,RCB,33,0,,17,1499,1,0.4,0,0.0,10.6,55.42,Brazil,Brazil,right,186,84,no,7.22,4.34,70.59,3.19,40.0,0.13,0.19,0.38,4.02,5.87,0.83,2,0.12,0,0.0,0.19,0.06,1,0.06,0.03,0,0.0,3,0.19,33.33,33.333,0.0,0.06,100.0,0.0,0.0,0.06,100.0,0.0,0.19,33.33,1.34,28.57,0.45,0.26,0.13,23.19,0.45,0.45,37.24,88.16,14.63,77.73,1.15,94.44,18.46,95.85,32.0,94.41,5.17,49.38,22.15,33.67,0.0,0.0,0.0,0.0,0.0,0.0,0.0,3.77,66.1,0.45,28.57,0.26,25.0,0.06,0.06,6.32,69.7,0,,0,,0,0.0,0.0,0.0,,,0.77,,,0.0,0.0,0.0,0.0,0,0.0
Mateus Anderson,Capital Brasilia,Botafogo PB,"RW, RAMF",32,0,,20,1511,2,1.4,2,1.58,20.73,39.94,Brazil,Brazil,left,175,65,no,5.36,5.6,53.19,1.43,25.0,0.0,0.0,0.18,2.38,3.63,1.31,4,0.24,0,0.0,3.87,0.12,2,0.12,0.08,0,0.0,33,1.97,30.3,6.061,0.12,2.5,35.71,0.3,40.0,2.14,36.11,0.24,4.82,44.44,10.9,35.52,1.97,1.79,0.66,21.68,2.03,1.19,31.69,77.63,8.52,68.53,5.9,91.92,11.26,76.72,27.46,83.51,1.91,43.75,18.01,26.71,0.09,0.77,0.0,0.06,0.54,44.44,0.54,3.75,68.25,3.57,46.67,0.77,46.15,0.95,0.89,5.72,83.33,0,,0,,0,0.0,0.0,0.0,,,0.06,,,0.18,0.0,0.0,0.18,0,0.0
Arthur,Madureira,Paysandu,"DMF, LDMF, RCMF",34,0,2026-09-30,19,1060,0,0.18,0,0.01,11.97,57.45,Brazil,Brazil,right,174,0,no,8.32,6.45,63.16,1.1,38.46,0.51,0.76,0.34,3.74,5.57,1.44,3,0.25,0,0.0,0.68,0.0,0,0.0,0.01,0,0.0,5,0.42,20.0,0.0,0.0,0.08,0.0,0.08,0.0,0.0,0.0,0.0,0.68,87.5,2.63,51.61,0.08,0.76,0.08,33.45,0.25,1.1,49.25,91.21,15.71,87.03,5.26,95.16,22.84,95.17,45.51,93.66,3.65,62.79,18.79,26.1,0.0,0.17,0.0,0.0,0.0,0.0,0.0,5.43,81.25,0.59,28.57,0.17,0.0,0.17,0.0,7.64,78.89,0,,0,,0,0.0,0.0,0.0,,,0.68,,,0.0,0.0,0.0,0.0,0,0.0
Carlos Alexandre,,Botafogo PB,"RCB, LCB",32,0,,4,172,0,0.12,0,0.0,9.88,77.78,Brazil,Brazil,right,188,87,no,3.29,3.29,66.67,4.39,100.0,0.0,0.0,0.0,1.1,1.25,2.2,1,0.52,0,0.0,0.0,0.0,0,0.0,0.13,0,0.0,1,1.1,0.0,0.0,0.0,0.0,0.0,0.0,0.0,0.0,0.0,0.0,0.0,0.0,0.0,0.0,2.2,0.0,0.0,4.39,0.0,0.0,12.07,45.45,7.68,28.57,2.2,100.0,1.1,100.0,6.59,66.67,5.49,20.0,30.19,31.61,0.0,0.0,0.0,0.0,0.0,0.0,0.0,4.39,25.0,0.0,0.0,0.0,0.0,0.0,0.0,3.29,66.67,0,,0,,0,0.0,0.0,0.0,,,2.2,,,0.0,0.0,0.0,0.0,0,0.0
Vitinho,Fluminense PI,Botafogo PB,"RCMF, LCMF",33,0,,6,227,0,0.0,0,0.0,16.82,51.35,Brazil,"Brazil, Italy",both,184,73,no,8.18,7.73,58.82,0.91,50.0,0.91,1.13,0.0,2.73,3.4,2.73,1,0.4,0,0.0,0.45,0.0,0,0.0,0.0,0,0.0,0,0.0,0.0,0.0,0.0,0.0,0.0,0.0,0.0,0.0,0.0,0.0,0.91,50.0,5.45,50.0,0.0,0.91,0.0,12.73,0.0,1.82,21.36,89.36,6.36,71.43,4.55,100.0,8.18,94.44,20.0,93.18,1.36,33.33,17.08,17.32,0.0,0.0,0.0,0.0,0.0,0.0,0.0,1.36,33.33,0.0,0.0,0.0,0.0,0.0,0.0,2.27,60.0,0,,0,,0,0.0,0.0,0.0,,,0.0,,,0.0,0.0,0.0,0.0,0,0.0
Manoel,Marcílio Dias,Altos,"CF, AMF, LAMF",37,0,,19,1642,2,3.27,0,0.48,21.16,42.49,Brazil,Brazil,right,183,77,no,2.63,2.3,52.38,4.17,42.11,0.0,0.0,0.0,1.43,2.17,1.21,1,0.05,0,0.0,2.19,0.11,2,0.11,0.18,0,0.0,48,2.63,22.92,4.167,0.0,0.22,25.0,0.05,100.0,0.16,0.0,0.0,2.52,50.0,12.44,42.29,2.3,1.1,0.49,15.24,1.32,3.07,21.76,82.12,4.33,70.89,5.76,93.33,6.25,78.07,20.77,83.38,0.88,62.5,14.62,18.45,0.03,0.66,0.05,0.05,0.33,83.33,0.11,2.36,72.09,0.66,50.0,0.33,66.67,0.55,0.0,1.64,60.0,0,,0,,0,0.0,0.0,0.0,,,0.0,,,0.22,0.22,25.0,0.0,0,0.0
Dos Santos,Independente PA,Altos,"LDMF, LCMF, DMF",38,0,,13,670,0,0.5,0,0.08,16.39,58.2,Brazil,Brazil,right,174,67,no,7.25,7.25,55.56,4.97,59.46,0.27,0.41,0.13,2.96,4.55,2.15,7,0.94,0,0.0,0.54,0.0,0,0.0,0.07,0,0.0,5,0.67,20.0,0.0,0.0,0.54,50.0,0.13,100.0,0.4,33.33,0.0,0.27,50.0,1.88,57.14,0.67,0.0,0.0,32.24,0.27,1.07,45.0,89.85,12.76,81.05,5.24,100.0,21.63,91.93,39.76,93.24,5.1,63.16,19.94,36.78,0.01,0.13,0.0,0.0,0.13,0.0,0.0,7.25,66.67,0.81,66.67,0.13,0.0,0.4,0.27,6.99,78.85,0,,0,,0,0.0,0.0,0.0,,,0.54,,,0.0,0.0,0.0,0.0,0,0.0
Joelson,Flamengo PI,Altos,"CF, LCMF",38,0,,4,124,0,0.11,0,0.1,10.89,46.67,Brazil,Brazil,right,173,73,no,1.45,2.18,66.67,2.18,33.33,0.0,0.0,0.0,0.0,0.0,0.73,1,0.73,0,0.0,0.73,0.0,0,0.0,0.08,0,0.0,3,2.18,0.0,0.0,0.0,0.0,0.0,0.0,0.0,0.0,0.0,0.0,0.73,100.0,3.63,60.0,1.45,0.73,0.0,6.53,1.45,2.18,7.26,70.0,1.45,50.0,3.63,80.0,0.73,0.0,7.26,70.0,0.0,0.0,12.43,0.0,0.07,1.45,0.0,0.0,0.0,0.0,0.0,0.0,0.0,0.0,0.0,0.0,0.0,0.73,0.0,0.0,0.0,0,,0,,0,0.0,0.0,0.0,,,0.0,,,0.0,0.0,0.0,0.0,0,0.0
Dieguinho,Tuna Luso,Altos,"LAMF, AMF, CF",36,0,,17,1384,1,1.37,2,0.98,13.59,48.8,Brazil,Brazil,right,173,70,no,4.03,3.45,49.06,1.5,39.13,0.72,1.1,0.07,1.63,2.49,1.04,6,0.39,0,0.0,3.19,0.07,1,0.07,0.09,0,0.0,27,1.76,29.63,3.704,0.13,1.37,42.86,0.72,72.73,0.65,10.0,0.07,2.99,63.04,7.09,52.29,1.04,1.82,0.33,25.43,0.78,1.43,33.23,81.6,9.23,73.24,7.28,95.54,11.18,83.14,29.26,85.78,2.86,52.27,18.85,33.72,0.06,0.85,0.07,0.0,0.26,75.0,0.2,4.81,75.68,2.08,59.38,0.59,44.44,0.91,0.59,5.53,72.94,0,,0,,0,0.0,0.0,0.0,,,0.46,,,0.65,0.07,0.0,1.5,0,0.0
Rafael Mariano,ASA,Altos,GK,35,0,,14,1440,0,0.0,0,0.0,1.44,82.61,Brazil,Brazil,right,189,85,no,1.81,0.38,66.67,0.5,87.5,0.06,0.1,0.0,1.5,2.35,0.13,3,0.19,0,0.0,0.0,0.0,0,0.0,0.0,0,0.0,0,0.0,0.0,0.0,0.0,0.0,0.0,0.0,0.0,0.0,0.0,0.0,0.0,0.0,0.44,100.0,0.0,0.0,0.0,12.44,0.25,0.44,21.75,82.76,11.13,69.66,0.0,0.0,10.19,96.93,14.88,97.9,6.88,50.0,34.32,55.79,0.0,0.0,0.0,0.0,0.0,0.0,0.0,3.25,34.62,0.31,20.0,0.38,16.67,0.06,0.0,4.31,76.81,18,1.13,72,4.5,3,75.0,18.51,1.16,0.51,0.032,0.0,1.75,0.5,,,,0.0,0,0.0
Elielton,Monte Roraima ,Altos,"LAMF, RAMF, RW",33,0,,16,1142,1,3.13,0,0.19,24.59,40.71,Brazil,Brazil,right,160,64,no,4.96,4.89,56.45,4.49,29.82,0.47,0.73,0.0,1.73,2.66,1.34,2,0.16,1,0.08,2.76,0.08,1,0.08,0.25,1,0.08,26,2.05,30.77,3.846,0.0,1.1,7.14,0.39,0.0,0.71,11.11,0.08,4.18,49.06,12.53,40.25,2.6,1.97,0.63,15.05,1.02,3.07,21.51,78.02,4.18,64.15,5.12,95.38,7.96,74.26,18.84,83.26,1.58,65.0,16.26,22.76,0.01,0.55,0.0,0.0,0.16,0.0,0.08,1.73,68.18,1.18,20.0,0.24,0.0,0.39,0.16,2.52,65.63,0,,0,,0,0.0,0.0,0.0,,,0.08,,,0.08,0.0,0.0,0.24,0,0.0
Victor Guilherme,Água Santa,Altos,RB,32,0,2026-09-15,13,1083,1,0.71,1,1.02,15.21,58.47,Brazil,Brazil,right,178,72,no,8.64,6.23,60.0,3.91,59.57,0.42,0.64,0.17,4.49,6.95,1.66,2,0.17,0,0.0,2.91,0.08,1,0.08,0.06,0,0.0,11,0.91,45.45,9.091,0.08,4.82,32.76,0.0,0.0,4.82,32.76,0.17,1.08,84.62,3.49,61.9,0.66,1.58,0.25,28.59,3.49,1.5,39.14,77.92,10.89,67.94,8.56,98.06,13.88,76.05,30.91,89.78,3.74,31.11,20.61,34.64,0.09,1.25,0.0,0.0,0.0,0.0,0.58,3.49,64.29,4.65,44.64,0.25,0.0,0.5,1.75,7.4,70.79,0,,0,,0,0.0,0.0,0.0,,,1.0,,,0.42,0.0,0.0,0.42,0,0.0
Vavá,Barra,Altos,LCB,32,0,2026-10-30,15,1267,2,0.61,0,0.08,11.08,62.18,Brazil,Brazil,,0,0,no,8.24,4.9,71.01,3.27,58.7,0.14,0.23,0.36,4.62,7.36,0.99,4,0.28,1,0.07,0.36,0.14,2,0.14,0.04,2,0.14,5,0.36,40.0,40.0,0.0,0.14,100.0,0.14,100.0,0.0,0.0,0.0,0.07,100.0,0.64,44.44,0.43,0.57,0.07,32.89,0.28,0.28,46.03,86.73,20.96,80.0,2.56,86.11,18.4,94.98,39.99,92.9,5.9,44.58,21.58,36.74,0.01,0.07,0.0,0.0,0.0,0.0,0.07,4.83,55.88,0.5,28.57,0.14,0.0,0.0,0.14,9.38,71.21,0,,0,,0,0.0,0.0,0.0,,,1.63,,,0.0,0.0,0.0,0.0,0,0.0
Peu,Porto BA,Altos,LB,35,0,,8,352,0,0.13,1,1.07,6.9,51.85,Brazil,Brazil,left,188,85,no,6.39,3.32,69.23,1.53,33.33,0.0,0.0,0.0,4.09,6.58,0.26,1,0.26,0,0.0,2.05,0.0,0,0.0,0.03,0,0.0,5,1.28,60.0,0.0,0.26,4.09,31.25,4.09,31.25,0.0,0.0,0.0,0.26,0.0,1.02,25.0,1.02,0.51,0.26,31.96,2.3,0.26,40.14,80.89,13.3,75.0,4.86,84.21,15.34,85.0,31.7,91.94,4.6,44.44,19.54,27.06,0.27,2.3,0.0,0.0,0.0,0.0,1.02,5.88,60.87,3.32,38.46,1.02,25.0,0.26,1.28,8.95,77.14,0,,0,,0,0.0,0.0,0.0,,,0.26,,,3.58,0.51,50.0,1.53,0,0.0
Jean Pierre,Barra,América RN,RCB,32,0,,18,1828,2,1.69,0,0.02,14.43,62.12,Brazil,Brazil,right,184,76,no,8.67,5.71,69.83,5.76,61.54,0.1,0.13,0.25,4.58,6.08,1.13,2,0.1,0,0.0,0.44,0.1,2,0.1,0.08,2,0.1,14,0.69,50.0,14.286,0.0,0.05,100.0,0.0,0.0,0.05,100.0,0.0,0.1,50.0,0.74,40.0,0.74,0.69,0.0,31.46,0.3,0.39,46.97,86.27,19.89,74.75,2.07,90.48,20.43,95.66,41.36,92.02,5.56,43.36,21.31,38.0,0.0,0.1,0.0,0.0,0.0,0.0,0.0,5.51,69.64,0.39,12.5,0.3,0.0,0.05,0.05,8.81,67.04,0,,0,,0,0.0,0.0,0.0,,,1.28,,,0.0,0.0,0.0,0.0,0,0.0
Igor Fernandes,Náutico,Paysandu,LB,34,0,2026-11-30,11,969,0,0.25,0,0.3,14.4,54.19,Brazil,Brazil,left,183,78,no,6.78,5.48,69.49,3.25,51.43,0.09,0.13,0.28,2.88,4.08,1.11,2,0.19,0,0.0,2.14,0.0,0,0.0,0.02,0,0.0,7,0.65,28.57,0.0,0.0,1.95,47.62,1.95,47.62,0.0,0.0,0.19,1.58,64.71,4.18,46.67,0.65,1.11,0.28,23.22,1.11,0.74,33.07,79.49,13.75,71.62,5.67,98.36,8.73,81.91,27.12,86.99,4.18,44.44,19.42,29.82,0.03,0.19,0.0,0.0,0.0,0.0,0.19,4.46,68.75,1.67,50.0,0.28,33.33,0.19,0.84,7.43,68.75,0,,0,,0,0.0,0.0,0.0,,,0.09,,,0.09,0.09,0.0,0.0,0,0.0
Michel,Marília,Manaus,CF,37,0,,3,125,0,0.05,0,0.0,13.68,31.58,Brazil,Brazil,right,185,76,no,1.44,1.44,50.0,3.6,0.0,0.0,0.0,0.0,0.72,0.94,1.44,1,0.72,0,0.0,0.0,0.0,0,0.0,0.03,0,0.0,1,0.72,0.0,0.0,0.0,1.44,0.0,0.72,0.0,0.72,0.0,0.72,0.72,0.0,5.76,25.0,2.16,0.0,0.0,6.48,1.44,3.6,9.36,61.54,2.16,33.33,2.88,100.0,1.44,0.0,7.92,72.73,0.72,0.0,16.82,15.44,0.0,0.0,0.0,0.0,0.0,0.0,0.0,0.72,0.0,1.44,50.0,0.0,0.0,0.72,0.0,0.72,100.0,0,,0,,0,0.0,0.0,0.0,,,0.0,,,0.0,0.0,0.0,0.0,0,0.0
Gilson Alves,Manaus,Manaus,"RCMF, AMF",36,0,,7,451,0,0.46,1,0.04,15.96,41.25,Brazil,Brazil,right,182,78,no,5.59,5.39,55.56,3.39,29.41,0.0,0.0,0.2,2.59,3.48,2.2,0,0.0,0,0.0,1.0,0.0,0,0.0,0.09,0,0.0,7,1.4,28.57,0.0,0.2,0.6,33.33,0.2,0.0,0.4,50.0,0.0,0.8,50.0,4.79,37.5,1.4,0.2,0.0,15.37,0.4,1.6,24.75,84.68,5.79,65.52,4.79,91.67,8.98,91.11,22.15,89.19,2.0,50.0,18.15,26.89,0.01,0.4,0.0,0.0,0.0,0.0,0.2,2.39,75.0,0.6,33.33,0.0,0.0,0.4,0.4,3.79,52.63,0,,0,,0,0.0,0.0,0.0,,,0.0,,,0.0,0.0,0.0,0.0,0,0.0
Rhayner,,CSA,"RCMF, RW",35,0,,3,134,0,0.0,0,0.0,20.82,48.39,Brazil,Brazil,right,172,64,no,10.07,6.72,70.0,4.7,42.86,2.01,3.1,0.0,3.36,5.17,0.67,2,1.34,1,0.67,0.0,0.0,0,0.0,0.0,0,0.0,0,0.0,0.0,0.0,0.0,0.67,0.0,0.0,0.0,0.67,0.0,0.0,0.0,0.0,4.7,42.86,0.0,0.0,0.0,22.16,0.67,1.34,29.55,72.73,6.72,50.0,6.72,80.0,9.4,85.71,25.52,81.58,3.36,20.0,18.28,39.4,0.0,0.0,0.67,0.0,0.0,0.0,0.0,5.37,50.0,2.01,0.0,2.69,0.0,0.0,0.0,5.37,37.5,0,,0,,0,0.0,0.0,0.0,,,0.0,,,2.01,0.0,0.0,2.01,0,0.0
Júnior Todinho,Náutico,CSA,"RW, RWF, RAMF",32,0,2026-11-30,4,353,1,0.45,0,0.16,20.91,34.15,Brazil,Brazil,left,182,72,no,6.37,3.06,83.33,3.57,28.57,0.76,1.55,0.0,3.06,6.21,0.25,1,0.25,0,0.0,1.78,0.25,1,0.25,0.11,1,0.25,8,2.04,37.5,12.5,0.0,1.27,40.0,0.25,100.0,1.02,25.0,0.25,1.53,33.33,11.73,30.43,2.04,1.02,0.25,15.04,0.51,2.29,23.71,79.57,4.84,52.63,7.65,93.33,7.14,85.71,20.91,81.71,1.78,71.43,16.13,33.6,0.04,1.53,0.0,0.0,0.0,0.0,0.51,2.04,87.5,2.29,66.67,0.0,0.0,1.02,0.76,3.57,71.43,0,,0,,0,0.0,0.0,0.0,,,0.0,,,0.0,0.0,0.0,0.51,0,0.0
Flávio Boaventura,,Altos,RCB,38,0,,3,272,0,0.1,0,0.0,10.26,70.97,Brazil,Brazil,right,182,82,no,11.25,4.96,66.67,3.31,70.0,0.0,0.0,1.99,7.94,9.23,1.32,2,0.66,0,0.0,0.66,0.0,0,0.0,0.03,0,0.0,1,0.33,100.0,0.0,0.0,0.0,0.0,0.0,0.0,0.0,0.0,0.0,0.33,100.0,0.66,100.0,0.33,0.0,0.0,17.21,0.0,1.65,31.76,80.21,16.88,64.71,1.65,100.0,11.91,97.22,23.82,91.67,7.94,45.83,25.31,39.59,0.0,0.0,0.0,0.0,0.0,0.0,0.0,4.63,42.86,0.66,0.0,0.99,0.0,0.0,0.0,6.95,61.9,0,,0,,0,0.0,0.0,0.0,,,0.66,,,0.0,0.0,0.0,0.0,0,0.0
Bruno Collaço,Santa Cruz RS,Altos,LB,36,0,,8,795,0,0.03,1,0.45,10.3,57.14,Brazil,Brazil,left,175,80,no,4.75,3.28,55.17,1.92,70.59,0.0,0.0,0.34,2.94,4.33,0.68,2,0.23,0,0.0,3.28,0.0,0,0.0,0.0,0,0.0,1,0.11,0.0,0.0,0.11,4.19,37.84,4.19,37.84,0.0,0.0,0.23,2.04,72.22,3.28,55.17,0.23,1.02,0.57,28.42,2.38,1.02,37.47,80.36,13.36,77.97,3.96,94.29,12.45,81.82,30.23,88.01,3.17,64.29,19.22,31.72,0.05,0.91,0.0,0.11,0.23,100.0,0.23,4.53,67.5,3.51,51.61,0.57,60.0,0.11,1.81,9.62,81.18,0,,0,,0,0.0,0.0,0.0,,,0.23,,,1.02,0.0,0.0,1.36,0,0.0
Souza,América RN,Náutico,"LCMF, RCMF, CF",38,0,,17,1496,4,2.32,3,2.6,14.08,55.56,Brazil,Brazil,right,183,75,no,6.74,4.93,68.29,2.41,55.0,0.12,0.16,0.06,3.25,4.34,0.96,3,0.18,0,0.0,1.8,0.24,4,0.24,0.14,0,0.0,43,2.59,27.91,9.302,0.18,1.32,13.64,0.48,0.0,0.78,23.08,0.12,1.68,50.0,5.53,46.74,1.08,1.08,0.06,29.42,0.66,1.2,39.28,81.01,13.05,67.74,5.96,96.97,14.5,87.14,33.99,85.66,3.97,63.64,19.9,36.88,0.16,1.44,0.06,0.06,0.42,14.29,0.24,7.28,67.77,2.29,34.21,0.66,18.18,0.6,0.24,6.38,75.47,0,,0,,0,0.0,0.0,0.0,,,0.36,,,3.85,1.38,39.13,4.09,0,0.0
Elton,,Náutico,"LCMF, RCMF, DMF",36,0,,9,460,0,0.31,1,0.17,18.0,51.09,Brazil,Brazil,right,180,77,no,8.8,7.83,47.5,2.54,30.77,0.39,0.54,0.0,4.7,6.49,1.96,1,0.2,0,0.0,1.37,0.0,0,0.0,0.06,0,0.0,2,0.39,0.0,0.0,0.2,0.98,20.0,0.39,0.0,0.59,33.33,0.0,1.76,66.67,5.28,59.26,0.78,0.78,0.0,24.85,0.59,0.39,38.93,82.91,11.93,65.57,4.3,90.91,16.63,94.12,33.26,87.06,4.7,66.67,18.86,22.79,0.03,0.39,0.2,0.0,0.0,0.0,0.2,5.48,71.43,2.74,57.14,0.2,100.0,1.37,0.2,7.43,81.58,0,,0,,0,0.0,0.0,0.0,,,0.39,,,0.0,0.0,0.0,0.39,0,0.0
Joécio,Sampaio Corrêa,Náutico,RB,40,0,2026-09-13,1,2,0,0.0,0,0.0,,,Brazil,Brazil,right,189,70,no,,,,,,,0.0,,,0.0,,0,,0,,,,0,,,0,,0,,,0.0,,,,,,,,,,,,,,,,,,,,,,,,,,,,,,,0.0,0.0,,,,,,,,,,,,,,,,,,0,,0,,0,0.0,0.0,,,,,,,,,,,0,0.0
Richardson,Capital Brasilia,Náutico,"RCB, CB, LCB",34,0,,5,455,0,0.59,0,0.0,13.45,63.24,Brazil,Brazil,right,183,86,no,6.92,3.16,81.25,5.93,66.67,0.0,0.0,0.79,4.35,5.59,0.59,1,0.2,0,0.0,0.2,0.0,0,0.0,0.12,0,0.0,4,0.79,0.0,0.0,0.0,0.2,100.0,0.0,0.0,0.2,100.0,0.0,0.2,0.0,2.57,38.46,0.99,0.2,0.0,22.15,0.2,0.59,37.78,86.39,17.6,76.4,0.99,100.0,16.81,95.29,33.03,92.22,4.55,43.48,21.45,37.84,0.0,0.0,0.0,0.2,0.0,0.0,0.0,3.96,60.0,0.99,40.0,0.0,0.0,0.59,0.2,6.92,62.86,0,,0,,0,0.0,0.0,0.0,,,0.59,,,0.0,0.0,0.0,0.0,0,0.0
George,CR Aquidauana,Pouso Alegre,GK,35,0,,11,1118,0,0.0,0,0.0,0.79,88.89,Brazil,Brazil,right,193,82,no,0.53,0.0,0.0,0.7,87.5,0.0,0.0,0.0,0.53,0.88,0.0,1,0.08,0,0.0,0.0,0.0,0,0.0,0.0,0,0.0,0,0.0,0.0,0.0,0.0,0.0,0.0,0.0,0.0,0.0,0.0,0.0,0.0,0.0,0.0,0.0,0.0,0.0,0.0,6.22,0.09,0.09,11.21,93.75,5.25,90.0,0.0,0.0,5.78,96.97,8.4,97.92,2.8,81.25,30.18,47.45,0.0,0.0,0.0,0.0,0.0,0.0,0.0,0.53,66.67,0.09,0.0,0.09,0.0,0.0,0.0,2.19,92.0,15,1.31,44,3.85,1,65.91,14.9,1.3,-0.1,-0.009,0.0,1.49,0.7,,,,0.0,0,0.0
Ingro,Capital Brasilia,Pouso Alegre,"RAMF, CF, RW",33,0,2027-03-30,19,1267,3,2.54,0,0.88,32.34,39.72,Brazil,Brazil,,0,0,no,7.72,7.34,64.58,8.18,28.04,0.15,0.26,0.15,2.83,4.76,1.61,2,0.14,0,0.0,3.36,0.21,3,0.23,0.19,0,0.0,23,1.76,34.78,13.043,0.0,1.84,20.83,1.15,26.67,0.61,12.5,0.08,5.12,44.78,13.92,35.71,2.45,1.45,0.76,13.84,1.15,1.91,20.95,70.07,4.66,54.1,3.98,84.62,7.72,77.23,17.66,78.35,1.53,30.0,18.98,23.89,0.07,0.76,0.08,0.0,0.38,20.0,0.46,2.68,60.0,1.61,38.1,0.76,20.0,0.38,0.46,2.91,63.16,0,,0,,0,0.0,0.0,0.0,,,0.0,,,0.0,0.0,0.0,0.0,0,0.0
Gabriel Galhardo,Gama,Pouso Alegre,"LDMF, LCMF, RDMF",32,0,,6,540,0,0.03,0,0.09,13.17,55.7,Brazil,Brazil,right,170,65,no,10.5,8.17,59.18,1.0,66.67,0.33,0.54,0.67,5.33,8.57,1.83,3,0.5,0,0.0,1.17,0.0,0,0.0,0.01,0,0.0,2,0.33,0.0,0.0,0.0,0.33,100.0,0.33,100.0,0.0,0.0,0.0,1.33,62.5,2.67,50.0,0.17,1.0,0.0,28.0,0.0,0.5,44.83,86.62,14.0,73.81,4.5,96.3,22.67,94.12,39.33,87.71,5.17,77.42,20.48,35.95,0.02,0.5,0.0,0.0,0.17,0.0,0.17,5.67,70.59,0.67,75.0,0.33,50.0,0.17,0.33,7.67,69.57,0,,0,,0,0.0,0.0,0.0,,,0.33,,,0.17,0.0,0.0,0.0,0,0.0
Nando Sa,Patrocinense,Pouso Alegre,RB,37,0,,8,689,0,0.36,0,0.26,19.07,63.01,Brazil,Brazil,,0,0,no,9.67,4.83,81.08,2.48,63.16,0.39,0.64,0.13,5.36,8.72,0.39,0,0.0,0,0.0,4.96,0.0,0,0.0,0.05,0,0.0,4,0.52,25.0,0.0,0.0,2.74,38.1,0.13,0.0,2.61,40.0,0.13,5.88,64.44,8.75,61.19,0.78,1.57,0.13,18.42,1.96,1.44,31.74,81.89,9.54,73.97,4.7,83.33,12.8,88.78,27.3,87.56,2.22,64.71,19.35,33.21,0.03,0.65,0.0,0.0,0.0,0.0,0.0,2.87,77.27,2.09,43.75,0.0,0.0,0.26,0.78,5.75,65.91,0,,0,,0,0.0,0.0,0.0,,,0.26,,,0.26,0.0,0.0,0.26,0,0.0
Leo Alves,ABECAT Ouvidorense,Pouso Alegre,"RCB, LCB",33,0,,4,285,0,0.0,0,0.0,10.74,44.12,Brazil,Brazil,,0,0,no,7.58,4.11,61.54,4.42,35.71,0.63,1.0,1.26,4.42,7.0,0.32,0,0.0,1,0.32,0.0,0.0,0,0.0,0.0,0,0.0,0,0.0,0.0,0.0,0.0,0.0,0.0,0.0,0.0,0.0,0.0,0.0,0.0,0.0,0.95,66.67,0.0,0.0,0.0,27.16,0.63,0.63,38.84,82.93,18.95,73.33,2.21,85.71,13.89,93.18,31.58,92.0,7.26,43.48,20.38,37.1,0.0,0.0,0.0,0.0,0.0,0.0,0.0,5.37,52.94,0.0,0.0,0.0,0.0,0.0,0.0,7.89,72.0,0,,0,,0,0.0,0.0,0.0,,,1.89,,,0.0,0.0,0.0,0.0,0,0.0
Luis Gustavo,Monte Roraima ,Amazonas,LCB,34,0,,1,90,0,0.0,0,0.0,7.0,28.57,Brazil,Brazil,right,189,83,no,3.0,2.0,0.0,3.0,33.33,0.0,0.0,0.0,3.0,5.63,3.0,0,0.0,0,0.0,0.0,0.0,0,0.0,0.0,0,0.0,0,0.0,0.0,0.0,0.0,0.0,0.0,0.0,0.0,0.0,0.0,0.0,0.0,0.0,0.0,0.0,0.0,1.0,0.0,48.0,0.0,0.0,55.0,92.73,21.0,85.71,1.0,100.0,31.0,96.77,50.0,98.0,5.0,40.0,22.33,41.21,0.0,0.0,0.0,0.0,0.0,0.0,0.0,12.0,91.67,0.0,0.0,0.0,0.0,0.0,0.0,8.0,87.5,0,,0,,0,0.0,0.0,0.0,,,1.0,,,0.0,0.0,0.0,0.0,0,0.0
Fernando Gabriel,,Paysandu,"AMF, CF, LCMF",38,0,,7,238,0,0.07,0,0.36,11.34,33.33,Brazil,Brazil,right,179,80,no,4.16,5.67,33.33,1.51,0.0,0.38,0.59,0.0,1.89,2.94,1.89,2,0.76,0,0.0,1.51,0.0,0,0.0,0.03,0,0.0,5,1.89,20.0,0.0,0.0,1.89,40.0,0.38,0.0,1.51,50.0,0.38,0.38,100.0,2.27,50.0,0.76,1.13,0.0,27.98,1.13,0.38,36.3,81.25,7.94,61.9,7.18,94.74,17.77,85.11,30.25,83.75,4.16,81.82,20.84,31.01,0.14,1.89,0.0,0.0,0.0,0.0,0.38,6.05,87.5,2.27,66.67,0.0,0.0,0.76,0.76,6.81,72.22,0,,0,,0,0.0,0.0,0.0,,,0.0,,,0.76,0.0,0.0,3.4,0,0.0
Nenê Bonilha,Água Santa,Paysandu,"RCMF, CF",34,0,2026-09-15,11,774,1,1.17,0,0.35,18.95,43.56,Brazil,Brazil,right,175,69,no,4.42,4.53,56.41,1.98,41.18,0.0,0.0,0.0,1.86,2.89,1.51,4,0.47,0,0.0,1.98,0.12,1,0.12,0.14,1,0.12,9,1.05,44.44,11.111,0.0,0.35,100.0,0.23,100.0,0.12,100.0,0.0,1.74,60.0,10.12,37.93,1.28,0.81,0.12,24.3,0.7,2.33,34.53,84.85,10.0,69.77,5.81,94.0,12.79,93.64,32.56,86.07,1.63,57.14,19.31,29.52,0.04,0.81,0.0,0.0,0.35,33.33,0.23,6.98,71.67,1.4,41.67,0.93,12.5,0.35,0.35,5.7,85.71,0,,0,,0,0.0,0.0,0.0,,,0.12,,,0.0,0.0,0.0,0.12,0,0.0
Gabriel Davis,Porto Velho,Paysandu,RCMF,36,0,,1,14,0,0.0,0,0.0,,,Brazil,Brazil,right,180,77,no,,,,,,,0.0,,,10.0,,0,,0,,,,0,,,0,,0,,,0.0,,,,,,,,,,,,,,,,,,,,,,,,,,,,,,,15.87,0.0,,,,,,,,,,,,,,,,,,0,,0,,0,0.0,0.0,,,,,,,,,,,0,0.0
João Carlos,,São Bernardo FC,CF,39,0,,24,1793,6,7.76,3,1.17,19.27,33.33,Brazil,Brazil,right,182,85,no,1.91,1.71,38.24,8.68,35.84,0.1,0.15,0.1,1.15,1.77,1.31,2,0.1,0,0.0,1.31,0.3,4,0.2,0.39,2,0.1,34,1.71,44.12,17.647,0.15,0.0,0.0,0.0,0.0,0.0,0.0,0.0,0.65,76.92,5.52,30.91,2.56,0.25,0.05,5.47,0.8,1.61,8.58,71.35,1.76,45.71,3.01,85.0,2.36,72.34,8.48,71.01,0.1,100.0,13.22,3.15,0.06,0.5,0.05,0.0,0.1,50.0,0.3,1.0,55.0,0.45,55.56,0.05,0.0,0.55,0.0,0.8,75.0,0,,0,,0,0.0,0.0,0.0,,,0.0,,,0.0,0.0,0.0,0.0,2,100.0
Marcos Nunes,Goiatuba EC,São Bernardo FC,"RWF, LW, AMF",36,0,,4,147,0,0.31,0,0.1,22.04,36.11,Brazil,Brazil,,170,70,no,6.12,8.57,42.86,2.45,0.0,0.0,0.0,0.0,2.45,3.33,3.06,1,0.61,0,0.0,1.84,0.0,0,0.0,0.19,0,0.0,6,3.67,16.67,0.0,0.0,1.84,0.0,0.61,0.0,1.22,0.0,0.0,2.45,50.0,8.57,42.86,1.22,0.0,0.0,14.08,1.84,2.45,14.08,65.22,2.45,50.0,4.29,71.43,2.45,50.0,11.02,83.33,1.22,0.0,12.35,4.01,0.06,0.61,0.0,0.0,0.0,0.0,0.0,0.61,100.0,1.22,0.0,0.0,0.0,0.61,0.0,1.22,0.0,0,,0,,0,0.0,0.0,0.0,,,0.0,,,0.0,0.0,0.0,0.0,0,0.0
Alex Alves,São Bernardo FC,São Bernardo FC,GK,39,0,2026-11-30,25,2513,0,0.0,0,0.0,0.54,80.0,Brazil,Brazil,right,189,88,no,1.9,0.04,0.0,0.39,90.91,0.0,0.0,0.0,1.9,2.84,0.0,2,0.07,0,0.0,0.0,0.0,0,0.0,0.0,0,0.0,0,0.0,0.0,0.0,0.0,0.0,0.0,0.0,0.0,0.0,0.0,0.0,0.0,0.0,0.11,66.67,0.0,0.0,0.0,9.96,0.14,0.0,18.69,84.29,9.78,71.06,0.0,0.0,8.56,98.74,12.21,98.24,6.48,58.01,35.81,52.55,0.0,0.0,0.0,0.0,0.0,0.0,0.0,2.65,45.95,0.18,20.0,0.14,25.0,0.04,0.0,4.98,77.7,23,0.82,77,2.76,8,70.13,19.48,0.7,-3.52,-0.126,0.0,1.4,0.39,,,,0.0,0,0.0
Júnior Oliveira,São Bernardo FC,São Bernardo FC,GK,36,0,2026-11-30,1,52,0,0.13,0,0.0,1.73,100.0,Brazil,Brazil,right,188,77,no,3.46,0.0,0.0,1.73,100.0,0.0,0.0,0.0,3.46,3.16,0.0,0,0.0,0,0.0,1.73,0.0,0,0.0,0.22,0,0.0,1,1.73,100.0,0.0,0.0,0.0,0.0,0.0,0.0,0.0,0.0,0.0,0.0,0.0,0.0,0.0,1.73,0.0,0.0,6.92,0.0,0.0,15.58,55.56,12.12,42.86,0.0,0.0,3.46,100.0,6.92,75.0,8.65,40.0,49.02,55.7,0.0,0.0,0.0,0.0,0.0,0.0,0.0,8.65,40.0,0.0,0.0,0.0,0.0,0.0,0.0,8.65,40.0,0,0.0,2,3.46,0,100.0,0.28,0.48,0.28,0.485,0.0,3.46,1.73,,,,0.0,0,0.0
Rafael Vaz,Rio Branco ES,São Bernardo FC,LCB,37,0,2026-09-30,10,897,1,0.82,1,0.21,12.24,50.82,Brazil,Brazil,left,188,83,no,6.92,3.21,62.5,4.41,47.73,0.6,0.9,0.2,4.31,6.42,0.3,1,0.1,0,0.0,0.8,0.1,0,0.0,0.08,0,0.0,11,1.1,18.18,9.091,0.1,0.5,0.0,0.5,0.0,0.0,0.0,0.1,1.1,45.45,2.71,33.33,0.0,0.9,0.0,35.12,0.3,0.8,52.47,75.53,25.48,65.75,2.71,81.48,21.77,87.1,37.42,86.33,14.55,50.34,28.84,46.47,0.02,0.5,0.1,0.0,0.2,50.0,0.1,13.44,52.24,2.51,8.0,1.1,9.09,0.4,0.0,14.35,77.62,0,,0,,0,0.0,0.0,0.0,,,1.4,,,0.9,0.5,0.0,0.0,1,100.0
Alex Reinaldo,Portuguesa RJ,São Bernardo FC,"RWB, RB",35,0,,14,768,1,0.59,0,2.13,9.49,56.79,Brazil,Brazil,right,170,66,no,5.86,4.69,60.0,1.41,58.33,0.59,0.89,0.35,2.46,3.73,0.94,1,0.12,0,0.0,3.98,0.12,1,0.12,0.07,0,0.0,17,1.99,41.18,5.882,0.0,6.21,35.85,0.0,0.0,6.21,35.85,0.94,1.05,77.78,2.34,70.0,0.94,1.17,0.23,28.48,1.88,0.7,36.33,67.74,14.65,61.6,5.16,90.91,12.07,62.14,25.31,79.63,5.39,45.65,22.76,36.98,0.25,1.76,0.23,0.0,0.12,100.0,0.59,6.09,55.77,5.74,38.78,0.35,33.33,0.23,2.23,10.55,82.22,0,,0,,0,0.0,0.0,0.0,,,0.35,,,2.23,0.94,37.5,4.92,0,0.0
Rodrigo Souza,Ponte Preta,São Bernardo FC,"RCMF, LCMF",38,0,2026-11-30,23,2356,0,1.3,1,1.63,25.33,48.72,Brazil,Brazil,right,186,91,no,10.73,9.21,62.66,8.33,40.83,0.38,0.55,0.23,4.58,6.64,2.25,10,0.38,0,0.0,0.96,0.0,0,0.0,0.05,0,0.0,16,0.61,0.0,0.0,0.04,0.76,45.0,0.15,75.0,0.61,37.5,0.11,0.99,61.54,4.16,41.28,0.5,0.5,0.11,15.39,0.38,0.84,28.0,75.72,10.05,66.92,3.63,90.53,11.12,80.07,22.84,81.1,4.43,52.59,21.89,39.24,0.06,0.73,0.0,0.04,0.15,0.0,0.15,5.92,64.52,1.49,48.72,0.34,11.11,0.38,0.34,5.46,75.52,0,,0,,0,0.0,0.0,0.0,,,0.38,,,0.0,0.0,0.0,0.11,0,0.0
Arthur Henrique,Figueirense,São Bernardo FC,"LWB, LB",32,0,,21,1895,0,0.26,0,1.28,21.13,52.81,Brazil,Brazil,left,176,68,no,9.12,8.74,62.5,1.76,45.95,0.14,0.22,0.14,3.51,5.38,1.61,4,0.19,0,0.0,3.7,0.0,0,0.0,0.01,0,0.0,8,0.38,37.5,0.0,0.0,3.42,27.78,3.37,26.76,0.0,0.0,0.47,4.37,57.61,9.07,44.5,1.0,2.8,1.28,22.37,1.66,1.14,34.01,78.21,12.4,73.56,5.89,94.35,9.88,75.96,27.93,86.05,2.85,60.0,18.87,30.5,0.06,1.09,0.0,0.05,0.19,50.0,0.28,3.47,72.6,3.28,42.03,0.24,20.0,0.71,0.85,7.41,74.36,0,,0,,0,0.0,0.0,0.0,,,0.95,,,0.05,0.0,0.0,0.0,0,0.0
Lenon,Portuguesa RJ,Confiança,RB,36,0,,19,1905,3,3.15,0,1.44,11.34,55.9,Brazil,Brazil,right,177,65,no,7.43,4.51,65.93,3.86,55.13,0.2,0.25,0.1,4.26,5.3,0.54,0,0.0,0,0.0,2.18,0.14,3,0.15,0.16,1,0.05,26,1.29,38.46,11.538,0.0,2.28,45.65,0.0,0.0,2.28,45.65,0.15,0.84,70.59,2.23,42.22,1.09,0.69,0.4,22.78,2.03,0.64,31.55,84.14,12.68,79.3,4.41,95.51,10.35,88.04,26.0,90.67,3.52,57.75,18.94,33.54,0.07,0.54,0.0,0.0,0.05,100.0,0.35,3.22,86.15,2.08,54.76,0.05,0.0,0.25,1.09,7.33,73.65,0,,0,,0,0.0,0.0,0.0,,,0.05,,,0.05,0.05,0.0,0.0,0,0.0
Luan Santos,,Amazonas,"CF, LAMF, RW",24,0,,5,347,2,1.92,0,0.0,22.05,41.18,Brazil,Brazil,both,172,0,no,3.37,2.85,45.45,5.97,52.17,0.26,0.37,0.26,1.82,2.59,1.82,0,0.0,0,0.0,1.82,0.52,2,0.52,0.5,1,0.26,12,3.11,33.33,16.667,0.0,0.52,0.0,0.0,0.0,0.52,0.0,0.26,1.04,75.0,9.6,35.14,3.37,0.52,0.26,7.78,1.04,2.07,10.63,80.49,1.82,57.14,3.37,84.62,2.59,80.0,9.34,86.11,0.78,66.67,16.02,19.38,0.0,0.0,0.0,0.0,0.0,0.0,0.0,1.3,80.0,0.26,0.0,0.0,0.0,0.26,0.0,1.3,40.0,0,,0,,0,0.0,0.0,0.0,,,0.0,,,0.0,0.0,0.0,0.0,0,0.0
Berguinho,,Náutico,"LW, RW",27,0,,9,608,3,1.15,0,0.92,18.8,53.54,Brazil,Brazil,,0,0,no,5.63,5.77,61.54,3.4,43.48,0.3,0.35,0.0,1.78,2.09,0.74,1,0.15,0,0.0,4.29,0.44,3,0.44,0.17,1,0.15,11,1.63,54.55,27.273,0.0,3.7,36.0,2.96,35.0,0.74,40.0,0.15,3.55,54.17,7.85,49.06,2.52,1.63,1.04,15.69,1.78,1.63,23.09,73.72,6.07,63.41,5.92,92.5,6.81,76.09,18.06,82.79,1.63,63.64,19.31,25.24,0.14,1.18,0.0,0.15,0.3,50.0,0.44,2.07,71.43,2.37,50.0,0.3,50.0,0.3,0.89,3.26,77.27,0,,0,,0,0.0,0.0,0.0,,,0.0,,,0.15,0.0,0.0,0.74,0,0.0
Paulo Cesar,,América RN,RW,22,0,,3,93,0,0.01,0,0.0,24.19,40.0,Brazil,Brazil,left,175,61,no,5.81,7.74,37.5,0.0,0.0,0.97,1.3,0.0,1.94,2.61,2.9,1,0.97,0,0.0,4.84,0.0,0,0.0,0.01,0,0.0,2,1.94,0.0,0.0,0.0,4.84,40.0,0.0,0.0,4.84,40.0,0.0,7.74,37.5,13.55,42.86,2.9,2.9,1.94,24.19,0.0,3.87,30.0,70.97,4.84,60.0,7.74,87.5,9.68,70.0,25.16,76.92,1.94,50.0,18.7,30.56,0.0,0.0,0.0,0.0,0.97,0.0,0.0,0.97,100.0,4.84,20.0,0.97,0.0,0.0,1.94,3.87,50.0,0,,0,,0,0.0,0.0,0.0,,,0.0,,,0.0,0.0,0.0,0.0,0,0.0
Kayan,EC São José,EC São José,"RWF, AMF",22,0,2024-12-31,8,210,0,0.25,2,0.16,28.29,43.94,Brazil,Brazil,,0,0,no,7.71,7.29,52.94,7.71,27.78,0.0,0.0,0.0,3.86,6.59,2.14,1,0.43,0,0.0,2.14,0.0,0,0.0,0.11,0,0.0,3,1.29,33.33,0.0,0.86,0.86,50.0,0.0,0.0,0.86,50.0,0.0,1.71,75.0,9.86,56.52,1.71,0.0,0.0,16.29,3.86,3.0,21.43,76.0,6.0,42.86,5.14,100.0,6.86,87.5,19.71,78.26,0.86,50.0,16.25,11.4,0.07,0.86,0.0,0.0,0.43,0.0,0.43,2.14,60.0,0.43,0.0,0.43,0.0,0.0,0.0,1.71,75.0,0,,0,,0,0.0,0.0,0.0,,,0.0,,,0.0,0.0,0.0,1.29,0,0.0
Marquinhos,Mirassol,Volta Redonda,"LAMF, LW",26,0,2024-11-30,22,1606,4,1.96,1,1.19,19.11,44.57,Brazil,Brazil,right,177,78,no,2.86,2.47,63.64,1.23,27.27,0.0,0.0,0.0,1.29,1.69,0.56,3,0.17,0,0.0,4.32,0.22,4,0.22,0.11,0,0.0,20,1.12,70.0,20.0,0.06,0.9,37.5,0.84,40.0,0.06,0.0,0.22,6.11,52.29,12.95,45.02,2.02,1.85,0.78,7.62,0.78,3.31,10.65,77.37,2.3,63.41,3.36,91.67,2.35,78.57,9.53,82.35,0.22,25.0,14.95,4.08,0.07,0.67,0.22,0.06,0.11,0.0,0.34,0.84,80.0,1.06,63.16,0.11,0.0,0.67,0.39,1.18,71.43,0,,0,,0,0.0,0.0,0.0,,,0.0,,,0.0,0.0,0.0,0.45,0,0.0
Jackson,Aparecidense,Aparecidense,CF,30,0,,16,504,4,2.58,0,0.09,17.28,30.23,Brazil,Brazil,,0,0,no,3.01,3.21,56.25,3.62,27.78,0.0,0.0,0.0,1.21,1.73,1.61,1,0.18,0,0.0,1.21,0.71,4,0.8,0.52,1,0.2,10,2.01,50.0,40.0,0.0,0.2,0.0,0.2,0.0,0.0,0.0,0.0,0.8,25.0,7.63,26.32,3.21,0.2,0.2,10.04,1.0,1.0,12.46,80.65,2.61,53.85,4.42,90.91,2.41,83.33,11.45,84.21,0.8,50.0,15.32,4.52,0.02,0.2,0.2,0.0,0.0,0.0,0.2,1.41,57.14,0.4,50.0,0.2,0.0,0.4,0.0,1.61,50.0,0,,0,,0,0.0,0.0,0.0,,,0.0,,,0.0,0.0,0.0,0.0,0,0.0
Caique,Aparecidense,Aparecidense,"CF, RW, RAMF",23,0,,3,109,0,0.39,0,0.06,35.5,41.86,Brazil,Brazil,,0,0,no,4.13,4.13,40.0,2.48,0.0,1.65,2.4,0.0,0.83,1.2,1.65,0,0.0,0,0.0,5.78,0.0,0,0.0,0.32,0,0.0,2,1.65,50.0,0.0,0.0,1.65,50.0,0.0,0.0,1.65,50.0,0.0,9.08,45.45,19.82,45.83,3.3,0.83,0.83,7.43,0.83,4.13,15.69,73.68,4.95,66.67,3.3,100.0,3.3,75.0,14.04,76.47,0.83,0.0,17.15,18.84,0.05,0.83,0.0,0.0,0.0,0.0,0.83,1.65,100.0,0.83,100.0,0.0,0.0,0.83,0.83,1.65,100.0,0,,0,,0,0.0,0.0,0.0,,,0.0,,,0.0,0.0,0.0,0.0,0,0.0
Iury,Retrô,Volta Redonda,RB,28,0,,8,496,0,0.0,0,0.13,16.15,60.67,Brazil,Brazil,,0,0,no,10.52,8.71,68.75,2.72,53.33,0.73,0.9,0.0,3.81,4.7,1.09,2,0.36,0,0.0,1.81,0.0,0,0.0,0.0,0,0.0,2,0.36,0.0,0.0,0.0,2.72,33.33,0.0,0.0,2.72,33.33,0.0,1.45,62.5,3.27,55.56,0.18,0.73,0.36,27.58,1.81,1.45,38.47,76.89,13.97,63.64,6.17,91.18,12.16,82.09,32.3,85.96,3.45,26.32,18.75,35.28,0.02,0.36,0.0,0.0,0.0,0.0,0.54,4.17,69.57,2.54,35.71,0.54,0.0,0.0,1.27,9.07,58.0,0,,0,,0,0.0,0.0,0.0,,,0.36,,,0.54,0.0,0.0,0.36,0,0.0
Matheus Santos,Votuporanguense,Volta Redonda,LCB,30,0,,22,2222,1,2.64,1,1.09,12.19,59.14,Brazil,Brazil,left,190,84,no,7.45,4.01,68.69,3.85,64.21,0.24,0.32,0.45,4.46,5.95,0.89,7,0.28,0,0.0,0.57,0.04,1,0.04,0.11,0,0.0,10,0.41,30.0,10.0,0.04,0.2,80.0,0.16,75.0,0.04,100.0,0.0,0.45,63.64,1.94,41.67,0.57,1.05,0.2,27.83,0.24,0.93,41.88,83.75,18.39,69.6,1.5,91.89,18.15,97.1,35.77,91.39,5.91,37.67,22.27,38.71,0.04,0.16,0.04,0.0,0.12,0.0,0.08,4.25,44.76,0.61,33.33,0.45,9.09,0.16,0.12,7.17,63.28,0,,0,,0,0.0,0.0,0.0,,,0.93,,,0.0,0.0,0.0,0.0,0,0.0
Douglas Skilo,Ferroviária,Volta Redonda,"RAMF, RW",31,0,2026-10-30,23,1638,6,5.17,5,2.99,19.12,40.52,Brazil,Brazil,right,174,73,no,3.79,2.91,47.17,2.69,30.61,0.16,0.22,0.11,2.25,2.99,0.93,3,0.16,1,0.05,4.23,0.33,6,0.33,0.28,0,0.0,39,2.14,35.9,15.385,0.27,2.2,35.0,0.27,20.0,1.92,37.14,0.05,4.84,54.55,11.76,42.06,3.46,2.47,0.38,17.97,2.03,1.21,23.3,73.11,5.93,53.7,4.45,91.36,7.64,79.86,19.62,80.39,1.59,37.93,18.36,25.22,0.16,1.32,0.0,0.05,0.33,16.67,0.77,2.25,51.22,2.36,44.19,0.88,25.0,0.93,0.6,2.75,78.0,0,,0,,0,0.0,0.0,0.0,,,0.0,,,0.0,0.0,0.0,0.0,0,0.0
Laranjeira,América RJ,Remo,"RAMF, CF",26,0,2026-09-30,2,74,0,0.08,0,0.0,19.46,62.5,Brazil,Brazil,left,181,78,no,8.51,4.86,75.0,2.43,100.0,0.0,0.0,0.0,4.86,12.0,0.0,0,0.0,0,0.0,6.08,0.0,0,0.0,0.09,0,0.0,2,2.43,0.0,0.0,0.0,1.22,100.0,1.22,100.0,0.0,0.0,0.0,2.43,50.0,6.08,40.0,2.43,2.43,1.22,34.05,0.0,2.43,41.35,79.41,6.08,80.0,8.51,100.0,19.46,68.75,37.7,80.65,2.43,50.0,16.19,19.09,0.0,0.0,0.0,0.0,3.65,100.0,0.0,6.08,80.0,1.22,100.0,2.43,100.0,1.22,1.22,6.08,80.0,0,,0,,0,0.0,0.0,0.0,,,0.0,,,0.0,0.0,0.0,1.22,0,0.0
Ronald,Manaus,Remo,"RW, RAMF, LAMF",23,0,2026-09-30,7,249,0,0.07,0,0.0,20.6,40.35,Brazil,Brazil,left,167,65,no,5.42,5.06,64.29,2.53,42.86,0.72,1.13,0.0,1.45,2.26,2.17,1,0.36,0,0.0,1.08,0.0,0,0.0,0.02,0,0.0,2,0.72,50.0,0.0,0.0,1.81,0.0,1.45,0.0,0.36,0.0,0.72,2.53,28.57,8.67,37.5,0.36,2.53,0.72,11.2,0.72,2.89,15.9,70.45,2.89,62.5,3.61,100.0,4.7,46.15,13.01,80.56,1.08,66.67,16.49,15.92,0.0,0.0,0.0,0.0,0.0,0.0,0.0,1.45,50.0,1.81,0.0,0.0,0.0,0.0,0.0,1.45,75.0,0,,0,,0,0.0,0.0,0.0,,,0.0,,,0.0,0.0,0.0,0.0,0,0.0
Leonan,Anápolis,Remo,"LB, LW",30,0,,8,397,0,0.31,1,0.33,18.14,45.0,Brazil,Brazil,both,174,64,no,7.71,7.48,57.58,3.17,28.57,0.0,0.0,0.0,3.4,5.77,2.04,1,0.23,0,0.0,2.72,0.0,0,0.0,0.07,0,0.0,4,0.91,25.0,0.0,0.23,2.49,54.55,2.49,54.55,0.0,0.0,0.23,2.72,41.67,4.53,40.0,1.36,2.49,1.13,29.47,1.59,1.59,37.86,79.64,14.28,73.02,6.8,90.0,10.2,91.11,33.32,82.31,2.04,66.67,21.61,26.93,0.07,0.68,0.0,0.0,0.23,0.0,0.45,5.44,87.5,1.13,80.0,0.0,0.0,0.0,1.13,7.25,71.88,0,,0,,0,0.0,0.0,0.0,,,0.0,,,0.23,0.0,0.0,1.36,0,0.0
Italo Moreira,Jeju SK,Amazonas,"RCMF, RDMF",28,0,,9,791,1,0.57,0,0.36,20.94,54.35,Brazil,Brazil,unknown,0,0,no,9.22,8.76,61.04,3.75,48.48,0.34,0.62,0.46,3.53,6.37,2.28,2,0.23,0,0.0,1.59,0.11,1,0.11,0.07,1,0.11,5,0.57,60.0,20.0,0.0,0.68,16.67,0.0,0.0,0.68,16.67,0.0,2.5,45.45,6.49,54.39,1.25,0.91,0.34,19.34,1.25,2.62,27.99,81.3,8.76,66.23,3.41,93.33,10.47,86.96,25.83,85.02,1.48,46.15,16.81,33.08,0.04,0.34,0.0,0.0,0.34,0.0,0.11,4.89,65.12,1.14,30.0,0.23,0.0,0.23,0.0,3.3,86.21,0,,0,,0,0.0,0.0,0.0,,,0.11,,,0.0,0.0,0.0,0.0,0,0.0
Léo Guerra,Amazonas,Amazonas,"LAMF, LW",23,0,2026-10-31,4,237,0,0.41,0,0.34,25.44,58.21,Brazil,Brazil,right,179,71,yes,4.18,5.32,71.43,2.28,83.33,0.38,0.7,0.0,0.0,0.0,1.14,0,0.0,0,0.0,6.84,0.0,0,0.0,0.16,0,0.0,9,3.42,22.22,0.0,0.0,2.66,42.86,2.28,50.0,0.38,0.0,0.0,9.11,54.17,14.81,51.28,3.8,4.56,0.38,16.71,3.04,3.42,19.75,86.54,4.56,91.67,4.94,100.0,5.32,78.57,17.09,93.33,0.38,0.0,15.22,12.75,0.13,1.9,0.0,0.0,0.0,0.0,0.76,1.14,66.67,2.66,71.43,0.0,0.0,1.14,1.14,4.18,100.0,0,,0,,0,0.0,0.0,0.0,,,0.0,,,0.0,0.0,0.0,0.0,0,0.0
Igor Bolt,Figueirense,Amazonas,"CF, AMF, LAMF",25,0,,8,612,3,1.74,2,0.49,22.5,41.18,Brazil,Brazil,,0,0,no,2.79,3.38,47.83,5.0,35.29,0.0,0.0,0.0,1.18,2.29,0.88,2,0.29,0,0.0,3.38,0.44,3,0.44,0.26,1,0.15,12,1.76,25.0,25.0,0.29,2.06,28.57,0.59,0.0,1.47,40.0,0.44,4.12,57.14,11.62,45.57,2.65,1.91,0.88,13.82,1.76,2.79,22.94,80.13,4.41,66.67,5.88,92.5,7.5,80.39,19.26,87.02,1.62,63.64,17.04,18.82,0.07,1.62,0.0,0.0,0.0,0.0,1.03,2.5,76.47,1.62,54.55,0.0,0.0,1.18,0.59,2.79,84.21,0,,0,,0,0.0,0.0,0.0,,,0.15,,,0.0,0.0,0.0,0.29,0,0.0
Yuri Ferraz,Noroeste,Amazonas,RB,31,0,,21,1658,0,0.21,1,0.8,19.81,50.14,Brazil,Brazil,right,180,83,no,10.59,9.93,58.47,3.85,42.25,0.54,0.81,0.43,4.23,6.29,2.39,4,0.22,0,0.0,1.79,0.0,0,0.0,0.01,0,0.0,4,0.22,0.0,0.0,0.05,2.82,32.69,0.0,0.0,2.82,32.69,0.22,1.41,61.54,3.37,41.94,0.22,0.98,0.22,25.62,1.47,0.65,36.15,78.08,15.47,71.23,3.09,94.74,11.51,82.55,28.61,85.96,4.89,56.67,19.97,38.88,0.04,0.65,0.11,0.0,0.11,0.0,0.22,5.97,65.45,3.37,40.32,0.38,14.29,0.65,0.92,9.61,77.4,0,,0,,0,0.0,0.0,0.0,,,0.33,,,0.0,0.0,0.0,0.0,0,0.0
Renan Castro,Guarani,Amazonas,LB,30,0,,21,1850,0,0.59,1,1.67,12.94,54.51,Brazil,Brazil,left,175,74,no,6.62,6.62,57.35,2.34,47.92,0.15,0.22,0.05,2.68,4.07,1.41,6,0.29,0,0.0,1.85,0.0,0,0.0,0.03,0,0.0,14,0.68,21.43,0.0,0.05,3.41,41.43,3.31,39.71,0.05,100.0,0.34,0.68,42.86,2.24,56.52,0.63,0.78,0.24,27.63,1.41,1.07,35.17,79.11,12.02,69.64,5.64,94.83,12.45,81.64,27.24,88.21,4.77,53.06,21.33,39.45,0.08,0.68,0.0,0.05,0.05,0.0,0.34,4.33,64.04,2.97,44.26,0.24,0.0,0.1,1.41,7.64,76.43,0,,0,,0,0.0,0.0,0.0,,,0.49,,,0.49,0.15,33.33,0.78,0,0.0
DG,Brasil de Pelotas,Amazonas,"LW, LAMF, RW",27,0,,21,1325,0,1.12,3,2.0,22.08,43.38,Brazil,Brazil,right,165,60,no,4.42,3.46,56.86,2.51,21.62,0.34,0.51,0.07,2.11,3.13,1.43,3,0.2,0,0.0,4.14,0.0,0,0.0,0.08,0,0.0,13,0.88,30.77,0.0,0.2,1.09,43.75,0.27,75.0,0.82,33.33,0.2,5.37,59.49,12.09,47.75,1.9,2.72,1.02,19.83,1.29,2.04,26.63,83.67,5.57,70.73,6.66,93.88,8.97,86.36,24.79,86.03,0.75,63.64,15.38,15.16,0.14,0.68,0.07,0.14,0.34,60.0,0.41,2.45,66.67,0.88,61.54,0.41,50.0,0.75,0.54,3.26,77.08,0,,0,,0,0.0,0.0,0.0,,,0.0,,,0.0,0.0,0.0,0.07,0,0.0
Gama,,Manaus,"LCMF, RCMF",30,0,,7,624,0,0.5,1,0.38,17.74,55.28,Brazil,Brazil,unknown,0,0,no,7.93,8.08,64.29,1.59,63.64,0.0,0.0,0.14,2.74,3.99,1.44,2,0.29,0,0.0,2.16,0.0,0,0.0,0.07,0,0.0,18,2.6,27.78,0.0,0.14,0.29,100.0,0.14,100.0,0.14,100.0,0.0,2.31,43.75,5.19,47.22,0.0,0.14,0.0,23.51,0.14,1.15,37.64,83.14,14.28,69.7,4.18,100.0,15.58,92.59,33.89,85.11,3.46,62.5,20.41,44.53,0.05,1.01,0.0,0.0,0.43,33.33,0.29,7.07,71.43,1.01,57.14,0.58,25.0,0.29,0.29,7.93,74.55,0,,0,,0,0.0,0.0,0.0,,,0.29,,,2.74,1.15,37.5,2.45,0,0.0
Thiaguinho,Al Ahli,Manaus,"LW, LAMF",26,0,,7,243,0,0.25,1,0.41,22.96,48.39,Brazil,Brazil,,0,0,no,7.78,6.67,66.67,0.74,50.0,0.74,1.25,0.37,2.59,4.38,0.37,0,0.0,0,0.0,3.7,0.0,0,0.0,0.09,0,0.0,7,2.59,14.29,0.0,0.37,1.11,0.0,1.11,0.0,0.0,0.0,0.37,7.04,36.84,13.33,36.11,0.74,2.59,1.11,7.78,0.0,3.33,12.22,78.79,4.07,81.82,2.22,100.0,3.33,66.67,11.11,86.67,0.0,0.0,16.04,0.0,0.15,0.74,0.0,0.0,0.74,100.0,0.37,1.48,75.0,1.48,50.0,0.74,100.0,0.74,0.0,2.22,83.33,0,,0,,0,0.0,0.0,0.0,,,0.0,,,0.0,0.0,0.0,0.74,0,0.0
Gabriel Correia,,Manaus,"AMF, CF, RW",28,0,,12,544,1,0.37,1,0.93,31.43,36.84,Brazil,Brazil,,0,0,no,5.96,7.44,51.11,6.12,8.11,0.0,0.0,0.0,2.15,2.98,3.14,3,0.5,0,0.0,4.14,0.17,1,0.17,0.06,1,0.17,7,1.16,28.57,14.286,0.17,2.98,33.33,1.32,25.0,1.65,40.0,0.17,5.96,44.44,14.89,38.89,1.65,1.49,0.83,21.67,0.99,4.3,30.61,76.22,8.11,67.35,5.79,88.57,9.26,80.36,26.8,82.72,0.99,16.67,18.92,17.37,0.15,1.99,0.33,0.0,0.83,20.0,1.16,3.97,70.83,2.15,69.23,0.83,20.0,0.83,1.32,5.13,64.52,0,,0,,0,0.0,0.0,0.0,,,0.0,,,1.65,0.0,0.0,2.15,0,0.0
Klenisson,Gama,Manaus,"CF, LW, RW",31,0,,17,1221,0,0.81,1,0.96,23.29,32.91,Brazil,Brazil,right,178,72,no,3.98,3.83,48.08,2.73,18.92,0.29,0.41,0.15,1.84,2.56,1.84,1,0.07,0,0.0,2.21,0.0,0,0.0,0.06,0,0.0,15,1.11,13.33,0.0,0.07,0.88,41.67,0.29,25.0,0.52,42.86,0.0,3.76,37.25,12.68,32.56,1.55,1.84,0.88,12.68,1.47,3.1,20.79,75.53,6.04,65.85,5.16,90.0,5.16,72.86,19.61,77.44,0.29,50.0,15.27,5.05,0.07,0.74,0.0,0.07,0.74,40.0,0.44,2.21,76.67,1.77,45.83,0.66,33.33,0.52,0.37,3.1,78.57,0,,0,,0,0.0,0.0,0.0,,,0.0,,,0.0,0.0,0.0,0.0,0,0.0
Bruno Bispo,Paysandu,Manaus,LCB,30,0,2026-10-30,18,1825,0,1.14,0,0.06,12.77,56.37,Brazil,Brazil,left,186,78,no,9.07,4.54,67.39,4.54,45.65,0.84,1.13,0.74,5.18,7.0,1.13,6,0.3,0,0.0,0.54,0.0,0,0.0,0.06,0,0.0,5,0.25,40.0,0.0,0.0,0.05,0.0,0.05,0.0,0.0,0.0,0.0,0.44,100.0,1.78,52.78,0.49,0.94,0.2,20.96,0.25,0.69,34.77,89.36,13.81,80.71,1.38,92.86,17.46,96.61,29.64,94.18,5.08,62.14,23.79,40.91,0.0,0.1,0.0,0.0,0.0,0.0,0.0,5.08,66.99,0.44,0.0,0.35,14.29,0.0,0.0,5.97,81.82,0,,0,,0,0.0,0.0,0.0,,,0.94,,,0.0,0.0,0.0,0.0,0,0.0
Lucas Carvalho,Sampaio Corrêa RJ,Manaus,"RB, RAMF, RW",30,0,,12,583,0,0.31,0,0.47,19.3,45.6,Brazil,Brazil,right,174,68,no,7.26,6.64,58.14,2.78,27.78,0.0,0.0,0.0,3.4,5.2,1.08,3,0.46,0,0.0,3.24,0.0,0,0.0,0.05,0,0.0,4,0.62,50.0,0.0,0.0,4.01,23.08,0.0,0.0,4.01,23.08,0.62,4.01,50.0,8.03,44.23,1.23,2.78,1.7,17.6,1.7,1.39,25.63,71.08,8.95,74.14,4.01,92.31,7.87,64.71,19.61,84.25,2.32,33.33,20.14,22.57,0.07,0.77,0.0,0.0,0.0,0.0,0.31,2.93,89.47,2.78,33.33,0.31,0.0,0.15,1.08,5.87,76.32,0,,0,,0,0.0,0.0,0.0,,,0.15,,,1.7,0.31,50.0,1.54,0,0.0
Thallyson,Botafogo PB,Manaus,"RDMF, LDMF, LCMF",30,0,,10,516,2,0.27,0,0.05,19.01,55.05,Brazil,Brazil,right,185,69,no,10.64,7.67,68.18,4.19,50.0,1.22,1.67,0.17,4.19,5.71,1.22,3,0.52,0,0.0,0.52,0.35,2,0.35,0.05,1,0.17,4,0.7,50.0,50.0,0.0,0.87,20.0,0.17,0.0,0.7,25.0,0.0,0.52,0.0,4.36,48.0,0.7,1.05,0.87,16.57,0.7,2.27,27.56,74.68,10.64,62.3,2.97,88.24,9.77,87.5,23.72,80.15,2.97,47.06,19.78,34.91,0.01,0.17,0.0,0.0,0.0,0.0,0.0,4.88,64.29,0.87,20.0,0.17,0.0,0.0,0.17,5.58,50.0,0,,0,,0,0.0,0.0,0.0,,,0.0,,,0.17,0.0,0.0,0.17,0,0.0
Gabriel Tonini,Gloria Bistriţa,Manaus,"RCMF, RDMF, LCMF",30,0,,10,483,0,0.11,1,0.54,21.06,52.21,Brazil,Brazil,right,185,78,no,9.5,7.64,73.17,4.47,45.83,1.12,1.46,0.0,2.8,3.66,1.68,2,0.37,0,0.0,2.05,0.0,0,0.0,0.02,0,0.0,10,1.86,10.0,0.0,0.19,0.56,33.33,0.19,0.0,0.37,50.0,0.0,2.8,46.67,5.22,39.29,0.75,1.3,0.37,19.01,0.37,0.56,27.02,75.17,10.06,59.26,2.8,100.0,9.69,78.85,22.17,82.35,4.29,43.48,19.06,29.96,0.1,0.93,0.0,0.0,0.56,66.67,0.37,5.59,53.33,2.61,28.57,1.12,33.33,0.75,0.37,5.96,71.88,0,,0,,0,0.0,0.0,0.0,,,0.37,,,0.75,0.75,25.0,0.0,0,0.0
Gabriel Lima,EC São José,Manaus,"AMF, CF, LW",29,0,2026-08-30,13,846,0,0.86,1,0.52,32.45,42.3,Brazil,Brazil,right,171,65,no,5.43,4.57,60.47,5.53,25.0,0.11,0.16,0.11,2.55,3.77,2.23,2,0.21,1,0.11,5.0,0.0,0,0.0,0.09,0,0.0,12,1.28,25.0,0.0,0.11,2.02,42.11,0.43,25.0,1.6,46.67,0.0,5.74,62.96,15.96,45.33,1.38,1.6,0.64,13.19,0.85,3.09,21.38,76.12,7.23,60.29,2.66,92.0,6.28,83.05,16.6,83.33,3.19,56.67,18.79,36.33,0.06,1.28,0.11,0.0,0.21,100.0,0.32,3.83,58.33,2.45,65.22,0.21,100.0,1.28,0.53,3.09,75.86,0,,0,,0,0.0,0.0,0.0,,,0.0,,,0.21,0.0,0.0,0.21,0,0.0
Maycon,Noroeste,Amazonas,"LCB, RCB",28,0,2028-11-30,14,1142,1,0.62,0,0.0,8.35,63.21,Brazil,Brazil,right,188,80,no,5.91,2.84,66.67,3.15,75.0,0.0,0.0,0.32,4.02,6.77,0.24,1,0.08,0,0.0,0.55,0.08,1,0.08,0.05,1,0.08,3,0.24,66.67,33.333,0.0,0.0,0.0,0.0,0.0,0.0,0.0,0.0,0.55,71.43,1.26,43.75,0.55,0.39,0.0,19.54,0.63,0.24,33.97,81.44,15.76,70.0,1.97,96.0,12.92,93.29,29.0,85.6,4.96,57.14,21.55,38.14,0.0,0.0,0.0,0.0,0.0,0.0,0.0,3.47,65.91,0.24,0.0,0.0,0.0,0.0,0.0,5.83,54.05,0,,0,,0,0.0,0.0,0.0,,,1.65,,,0.0,0.0,0.0,0.0,0,0.0
Júlio Rusch,Independente FSJ,Amazonas,"LB, LDMF, LCMF",29,0,,5,181,0,0.38,0,0.04,14.92,40.0,Brazil,Brazil,left,170,71,no,5.97,6.46,38.46,0.99,100.0,0.0,0.0,0.5,3.48,6.18,1.99,1,0.5,0,0.0,1.49,0.0,0,0.0,0.19,0,0.0,4,1.99,25.0,0.0,0.0,1.99,25.0,1.99,25.0,0.0,0.0,0.0,0.99,50.0,3.48,28.57,1.49,0.99,0.0,40.28,1.49,0.0,50.72,87.25,14.42,82.76,6.96,100.0,22.87,89.13,45.75,91.3,2.98,66.67,22.14,16.07,0.02,0.5,0.0,0.0,0.0,0.0,0.0,11.93,87.5,1.99,50.0,0.0,0.0,0.5,0.99,10.44,80.95,0,,0,,0,0.0,0.0,0.0,,,1.49,,,0.5,0.0,0.0,0.5,0,0.0
Kiko,Altos,Botafogo PB,LW,29,0,2026-09-30,1,34,0,0.0,0,0.0,,,Brazil,Brazil,right,175,70,no,,,,,,,0.0,,,3.33,,0,,0,,,,0,,,0,,0,,,0.0,,,,,,,,,,,,,,,,,,,,,,,,,,,,,,,18.24,22.99,,,,,,,,,,,,,,,,,,0,,0,,0,0.0,0.0,,,,,,,,,,,0,0.0
Dudu Dall'Agnol,Ypiranga Erechim,Ypiranga Erechim,RCMF,22,0,,2,29,0,0.0,0,0.0,,,Brazil,"Brazil, Italy",left,173,69,no,,,,,,,0.0,,,6.0,,0,,0,,,,0,,,0,,0,,,0.0,,,,,,,,,,,,,,,,,,,,,,,,,,,,,,,23.98,46.66,,,,,,,,,,,,,,,,,,0,,0,,0,0.0,0.0,,,,,,,,,,,0,0.0
Vini Moura,Porto Vitoria,Ypiranga Erechim,"RWF, RAMF",27,0,,2,69,0,0.0,0,0.27,23.48,27.78,Brazil,Brazil,left,181,76,no,5.22,6.52,60.0,5.22,25.0,0.0,0.0,0.0,1.3,2.0,1.3,0,0.0,0,0.0,0.0,0.0,0,0.0,0.0,0,0.0,0,0.0,0.0,0.0,0.0,0.0,0.0,0.0,0.0,0.0,0.0,0.0,2.61,0.0,7.83,0.0,1.3,0.0,0.0,13.04,2.61,1.3,13.04,80.0,1.3,100.0,3.91,100.0,6.52,60.0,11.74,77.78,1.3,100.0,18.59,22.52,0.35,1.3,0.0,0.0,0.0,0.0,1.3,2.61,100.0,0.0,0.0,0.0,0.0,1.3,0.0,1.3,100.0,0,,0,,0,0.0,0.0,0.0,,,0.0,,,0.0,0.0,0.0,0.0,0,0.0
MV,Volta Redonda,Ypiranga Erechim,"LW, LAMF",28,0,2027-12-31,18,1399,2,1.25,2,2.27,20.85,49.35,Brazil,"Brazil, Portugal",right,172,68,no,6.05,5.99,53.93,2.42,44.44,0.74,1.18,0.0,2.09,3.32,1.14,2,0.13,0,0.0,4.24,0.13,2,0.13,0.08,0,0.0,31,2.09,41.94,6.452,0.13,2.02,20.0,1.14,17.65,0.87,23.08,0.34,4.44,62.12,10.02,48.99,2.29,3.83,1.82,18.57,2.22,3.03,24.48,76.92,6.26,69.89,7.2,90.65,7.06,66.67,20.72,84.09,1.82,55.56,18.44,31.72,0.15,1.55,0.0,0.07,0.2,100.0,0.47,1.95,65.52,2.42,41.67,0.27,75.0,0.74,0.54,2.62,74.36,0,,0,,0,0.0,0.0,0.0,,,0.27,,,0.67,0.27,0.0,1.48,0,0.0
Wanderson Jordão,Santa Catarina,Ypiranga Erechim,"CF, LWF, RWB",23,0,,5,121,0,0.27,0,0.0,24.46,20.0,Brazil,Brazil,right,182,74,no,3.91,5.87,66.67,3.91,0.0,0.0,0.0,0.0,0.0,0.0,0.0,0,0.0,0,0.0,0.0,0.0,0,0.0,0.27,0,0.0,1,0.98,0.0,0.0,0.0,0.0,0.0,0.0,0.0,0.0,0.0,0.0,6.85,0.0,11.74,8.33,0.98,0.0,0.0,5.87,2.93,0.98,6.85,71.43,0.98,100.0,2.93,66.67,0.0,0.0,6.85,71.43,0.0,0.0,10.66,0.0,0.0,0.0,0.0,0.0,0.0,0.0,0.0,0.98,100.0,0.98,100.0,0.0,0.0,0.98,0.0,0.98,100.0,0,,0,,0,0.0,0.0,0.0,,,0.0,,,0.0,0.0,0.0,0.0,0,0.0
Yohan,,Ypiranga Erechim,,24,0,,1,13,1,0.0,0,0.0,,,Brazil,Brazil,right,184,77,no,,,,,,,0.0,,,0.0,,0,,0,,,,0,,,0,,0,,,0.0,,,,,,,,,,,,,,,,,,,,,,,,,,,,,,,0.0,0.0,,,,,,,,,,,,,,,,,,0,,0,,0,0.0,0.0,,,,,,,,,,,0,0.0
Windson,Caxias,Ypiranga Erechim,RCB,31,0,,14,1282,0,0.09,0,0.0,12.55,60.71,Brazil,Brazil,right,187,83,no,7.69,5.6,69.33,4.11,52.73,0.37,0.6,0.3,3.44,5.52,1.05,4,0.28,1,0.07,0.22,0.0,0,0.0,0.01,0,0.0,1,0.07,0.0,0.0,0.0,0.0,0.0,0.0,0.0,0.0,0.0,0.0,0.3,75.0,0.82,45.45,0.22,1.12,0.07,31.52,0.37,0.3,43.92,84.86,17.25,69.26,2.61,94.29,20.46,96.72,38.46,90.29,5.45,46.58,20.78,32.23,0.0,0.0,0.0,0.0,0.0,0.0,0.0,5.08,63.24,0.3,0.0,0.15,0.0,0.0,0.0,7.32,61.22,0,,0,,0,0.0,0.0,0.0,,,1.79,,,0.0,0.0,0.0,0.0,0,0.0
Islan,Floresta EC,Ypiranga Erechim,"LCB, CB",29,0,2026-10-30,8,298,0,0.33,1,0.36,15.1,60.0,Brazil,Brazil,,0,0,no,7.55,5.44,66.67,5.74,63.16,0.91,1.76,1.21,3.02,5.88,1.81,2,0.6,0,0.0,0.6,0.0,0,0.0,0.1,0,0.0,2,0.6,50.0,0.0,0.3,0.0,0.0,0.0,0.0,0.0,0.0,0.0,0.6,50.0,1.51,40.0,0.91,0.3,0.0,32.62,0.3,0.0,41.68,93.48,11.78,87.18,1.51,100.0,26.28,96.55,38.05,96.83,3.62,58.33,14.93,22.46,0.11,0.3,0.0,0.0,0.0,0.0,0.3,2.42,75.0,0.0,0.0,0.0,0.0,0.3,0.0,4.23,71.43,0,,0,,0,0.0,0.0,0.0,,,1.51,,,0.0,0.0,0.0,0.0,0,0.0
Gabriel Rossetto,North Esporte Clube,Ypiranga Erechim,CF,25,0,2029-03-09,4,98,0,0.02,0,0.0,41.74,15.63,Brazil,Brazil,left,173,66,yes,1.3,5.22,25.0,20.87,18.75,0.0,0.0,0.0,0.0,0.0,3.91,0,0.0,0,0.0,2.61,0.0,0,0.0,0.02,0,0.0,1,1.3,0.0,0.0,0.0,1.3,100.0,1.3,100.0,0.0,0.0,0.0,2.61,50.0,13.04,10.0,1.3,0.0,0.0,2.61,1.3,0.0,7.83,83.33,0.0,0.0,1.3,0.0,3.91,100.0,6.52,80.0,0.0,0.0,10.33,0.0,0.0,0.0,0.0,0.0,0.0,0.0,0.0,2.61,100.0,1.3,100.0,0.0,0.0,0.0,1.3,1.3,100.0,0,,0,,0,0.0,0.0,0.0,,,0.0,,,0.0,0.0,0.0,0.0,0,0.0
Netto,Altos,Ypiranga Erechim,"RB, RW, RWB",28,0,,17,1007,2,0.71,0,0.15,13.83,42.57,Brazil,Brazil,right,174,71,no,7.1,4.67,58.0,1.4,26.67,0.65,1.1,0.09,3.74,6.28,0.75,1,0.09,1,0.09,1.87,0.18,2,0.19,0.07,0,0.0,8,0.75,50.0,25.0,0.0,2.06,18.18,0.09,0.0,1.96,19.05,0.09,2.06,45.45,4.77,29.41,0.65,0.65,0.65,25.14,2.34,0.65,34.95,84.22,8.69,75.27,8.13,97.7,12.52,82.09,29.91,91.88,3.18,52.94,20.36,29.27,0.01,0.19,0.09,0.0,0.19,100.0,0.19,3.83,85.37,2.06,31.82,0.19,100.0,0.37,0.37,5.98,75.0,0,,0,,0,0.0,0.0,0.0,,,0.84,,,0.28,0.0,0.0,0.56,0,0.0
Lorran,Confiança,Ypiranga Erechim,"RCMF, LCMF, RDMF",30,0,,18,1490,0,0.28,0,0.06,17.49,53.68,Brazil,Brazil,right,179,73,no,8.94,9.77,48.68,2.12,57.58,0.32,0.5,0.32,3.86,5.98,1.8,4,0.24,0,0.0,1.03,0.0,0,0.0,0.02,0,0.0,9,0.58,33.33,0.0,0.0,0.0,0.0,0.0,0.0,0.0,0.0,0.0,1.16,72.22,3.21,70.0,0.06,0.39,0.06,28.41,0.19,1.48,42.88,88.16,11.38,72.32,5.08,93.67,20.57,95.94,38.25,91.6,4.63,59.72,19.85,38.87,0.0,0.26,0.0,0.0,0.13,0.0,0.0,5.34,65.06,0.51,25.0,0.45,14.29,0.06,0.0,5.53,70.93,0,,0,,0,0.0,0.0,0.0,,,0.45,,,0.06,0.0,0.0,0.0,0,0.0
Jonatha,Água Santa,Ypiranga Erechim,RWF,27,0,,2,124,0,0.0,0,0.0,34.29,16.67,Brazil,Brazil,right,176,0,no,5.71,12.86,33.33,0.0,0.0,0.0,0.0,0.0,1.43,2.14,4.29,0,0.0,0,0.0,0.0,0.0,0,0.0,0.0,0,0.0,0,0.0,0.0,0.0,0.0,1.43,0.0,1.43,0.0,0.0,0.0,0.0,2.86,0.0,14.29,10.0,1.43,0.0,0.0,10.0,2.86,1.43,12.86,77.78,1.43,100.0,2.86,100.0,4.29,66.67,11.43,87.5,0.0,0.0,20.95,0.0,0.0,0.0,0.0,0.0,0.0,0.0,0.0,2.86,50.0,0.0,0.0,0.0,0.0,0.0,0.0,1.43,0.0,0,,0,,0,0.0,0.0,0.0,,,0.0,,,4.29,0.0,0.0,1.43,0,0.0
Erick,Botafogo PB,Botafogo PB,,22,0,,1,29,0,0.0,0,0.0,,,Brazil,Brazil,right,180,70,no,,,,,,,0.0,,,0.0,,0,,0,,,,0,,,0,,0,,,0.0,,,,,,,,,,,,,,,,,,,,,,,,,,,,,,,0.0,0.0,,,,,,,,,,,,,,,,,,0,,0,,0,0.0,0.0,,,,,,,,,,,0,0.0
Kaio César,,América RN,"LCMF, RDMF, RCB",25,0,,6,397,0,0.01,0,0.06,18.36,51.85,Brazil,Brazil,right,179,0,no,10.88,10.2,62.22,2.04,33.33,0.0,0.0,0.45,4.53,7.69,1.81,3,0.68,0,0.0,0.68,0.0,0,0.0,0.0,0,0.0,1,0.23,0.0,0.0,0.0,0.0,0.0,0.0,0.0,0.0,0.0,0.0,1.13,60.0,3.63,37.5,0.0,0.45,0.0,45.11,0.23,1.13,60.53,89.51,21.76,83.33,4.31,100.0,29.7,91.6,53.05,93.59,7.48,60.61,22.15,40.98,0.01,0.45,0.0,0.0,0.0,0.0,0.0,10.65,76.6,1.13,40.0,0.68,66.67,0.68,0.0,12.02,79.25,0,,0,,0,0.0,0.0,0.0,,,1.36,,,0.0,0.0,0.0,0.0,0,0.0
Mosquito,,Botafogo PB,"RW, LW",23,0,,2,87,0,0.0,0,0.05,23.79,30.43,Brazil,Brazil,right,0,0,no,5.17,8.28,25.0,1.03,0.0,0.0,0.0,0.0,3.1,6.92,4.14,0,0.0,0,0.0,2.07,0.0,0,0.0,0.0,0,0.0,0,0.0,0.0,0.0,0.0,0.0,0.0,0.0,0.0,0.0,0.0,0.0,4.14,50.0,12.41,41.67,0.0,1.03,0.0,16.55,0.0,4.14,23.79,82.61,7.24,57.14,9.31,100.0,3.1,66.67,22.76,86.36,1.03,0.0,15.63,10.6,0.05,1.03,0.0,0.0,0.0,0.0,0.0,3.1,66.67,1.03,0.0,0.0,0.0,0.0,0.0,2.07,100.0,0,,0,,0,0.0,0.0,0.0,,,0.0,,,0.0,0.0,0.0,0.0,0,0.0
Mateus Ludke,Confiança,América RN,RB,25,0,,3,86,0,0.03,0,0.14,8.37,50.0,Brazil,Brazil,right,176,72,no,2.09,4.19,25.0,2.09,100.0,0.0,0.0,0.0,1.05,1.88,2.09,0,0.0,0,0.0,3.14,0.0,0,0.0,0.04,0,0.0,2,2.09,0.0,0.0,0.0,7.33,42.86,0.0,0.0,7.33,42.86,0.0,0.0,0.0,2.09,50.0,2.09,0.0,0.0,34.53,3.14,0.0,38.72,83.78,10.47,80.0,4.19,100.0,17.79,88.24,31.4,93.33,1.05,0.0,21.02,15.98,0.14,2.09,0.0,0.0,0.0,0.0,0.0,2.09,100.0,7.33,57.14,0.0,0.0,1.05,3.14,10.47,90.0,0,,0,,0,0.0,0.0,0.0,,,0.0,,,0.0,0.0,0.0,0.0,0,0.0
Alan,Volta Redonda,América RN,LCB,25,0,2027-10-23,12,1109,0,0.38,0,0.18,10.71,56.82,Brazil,Brazil,left,0,0,no,7.06,4.38,55.56,3.65,66.67,0.32,0.41,0.81,4.3,5.46,1.22,3,0.24,0,0.0,0.89,0.0,0,0.0,0.03,0,0.0,6,0.49,33.33,0.0,0.0,0.24,66.67,0.24,66.67,0.0,0.0,0.0,0.89,63.64,1.46,38.89,0.57,0.89,0.08,21.83,0.32,0.16,35.55,81.51,14.45,66.85,1.62,100.0,15.5,92.67,30.84,86.32,4.54,50.0,20.28,38.92,0.01,0.24,0.0,0.0,0.0,0.0,0.0,4.38,64.81,0.49,16.67,0.08,0.0,0.08,0.0,6.57,60.49,0,,0,,0,0.0,0.0,0.0,,,0.81,,,0.0,0.0,0.0,0.0,0,0.0
Guedes,Noroeste,América RN,"LCMF, RCMF, LDMF",26,0,2026-09-30,13,1091,1,0.32,0,0.48,13.2,43.75,Brazil,Brazil,right,171,68,no,6.76,6.02,54.79,1.15,57.14,0.91,1.22,0.08,2.56,3.44,2.06,4,0.33,0,0.0,0.82,0.08,1,0.08,0.03,0,0.0,4,0.33,25.0,25.0,0.0,0.66,37.5,0.33,50.0,0.33,25.0,0.0,1.15,42.86,3.79,28.26,0.33,0.91,0.0,36.05,0.25,0.99,50.32,89.34,15.43,81.28,4.37,94.34,22.85,93.14,46.03,93.37,3.63,47.73,18.18,35.09,0.04,0.66,0.0,0.0,0.08,0.0,0.08,7.26,72.73,1.73,33.33,0.41,60.0,0.41,0.25,7.84,75.79,0,,0,,0,0.0,0.0,0.0,,,0.08,,,0.0,0.0,0.0,0.0,0,0.0
Allef,ASA,América RN,"LCMF, AMF, LDMF",31,0,,5,148,0,0.1,0,0.0,18.85,48.39,Brazil,Brazil,right,178,73,no,7.91,7.91,61.54,7.91,23.08,0.61,0.86,0.61,2.43,3.43,3.04,1,0.61,0,0.0,1.22,0.0,0,0.0,0.06,0,0.0,3,1.82,33.33,0.0,0.0,0.0,0.0,0.0,0.0,0.0,0.0,0.0,1.22,50.0,3.04,80.0,1.82,3.04,0.0,33.45,0.0,1.22,46.22,96.05,19.46,93.75,3.65,100.0,15.2,100.0,45.61,96.0,0.61,100.0,15.54,8.9,0.0,0.0,0.0,0.0,0.0,0.0,0.0,7.91,100.0,0.0,0.0,0.0,0.0,0.61,0.0,7.3,91.67,0,,0,,0,0.0,0.0,0.0,,,0.0,,,0.0,0.0,0.0,0.0,0,0.0
Frank,União Rondonópolis,América RN,"RW, RWF, RAMF",31,0,,4,181,0,0.06,0,0.0,21.38,34.88,Brazil,Brazil,right,172,67,no,3.48,3.48,71.43,2.49,0.0,0.0,0.0,0.0,0.99,1.4,0.0,0,0.0,0,0.0,2.49,0.0,0,0.0,0.03,0,0.0,3,1.49,0.0,0.0,0.0,1.99,50.0,0.0,0.0,1.99,50.0,0.0,2.98,50.0,13.43,37.04,1.49,1.49,0.0,17.9,0.0,1.99,24.86,82.0,5.97,83.33,4.97,80.0,8.45,88.24,22.87,84.78,0.5,0.0,17.21,13.69,0.0,0.99,0.0,0.0,0.0,0.0,0.0,1.49,100.0,1.49,100.0,0.0,0.0,0.99,0.99,4.48,66.67,0,,0,,0,0.0,0.0,0.0,,,0.0,,,0.0,0.0,0.0,0.0,0,0.0
Araújo,Vitória ES,América RN,"LCMF, RCMF",31,0,,10,643,0,1.2,0,0.29,14.84,41.51,Brazil,Brazil,right,186,76,no,7.7,6.02,55.81,2.66,36.84,0.14,0.19,0.42,4.2,5.66,1.54,1,0.14,0,0.0,0.56,0.0,0,0.0,0.17,0,0.0,13,1.82,7.69,0.0,0.0,0.42,33.33,0.28,50.0,0.14,0.0,0.0,0.7,40.0,4.2,33.33,0.98,0.7,0.14,25.19,0.42,0.98,37.93,81.92,14.42,70.87,3.36,87.5,16.24,91.38,35.27,84.92,2.38,41.18,19.44,19.82,0.04,0.7,0.0,0.0,0.42,0.0,0.14,4.76,70.59,1.12,50.0,0.42,33.33,0.56,0.14,5.88,69.05,0,,0,,0,0.0,0.0,0.0,,,0.14,,,0.0,0.0,0.0,0.0,0,0.0
Iago,Confiança,América RN,"LAMF, LW",30,0,,5,416,1,0.57,0,0.3,21.42,43.43,Brazil,Brazil,right,177,77,no,3.25,3.46,56.25,1.08,40.0,0.0,0.0,0.0,1.3,2.12,0.65,1,0.22,0,0.0,5.84,0.22,1,0.22,0.12,0,0.0,11,2.38,45.45,9.091,0.0,1.95,33.33,1.51,42.86,0.22,0.0,0.22,7.14,57.58,14.5,43.28,3.03,2.6,0.22,21.63,0.87,2.6,28.13,70.0,7.79,52.78,4.76,81.82,8.0,78.38,25.53,74.58,0.87,0.0,14.54,23.17,0.07,1.3,0.0,0.0,0.0,0.0,0.22,2.38,54.55,2.16,40.0,0.22,0.0,0.43,0.65,3.89,66.67,0,,0,,0,0.0,0.0,0.0,,,0.0,,,0.0,0.0,0.0,0.43,0,0.0
Kaio Nunes,,América RN,"CF, RAMF, RW",30,0,,5,250,0,1.09,0,0.42,24.12,46.27,Brazil,Brazil,right,180,72,no,6.12,6.48,50.0,2.52,14.29,0.36,0.5,0.0,2.52,3.5,1.8,0,0.0,0,0.0,4.68,0.0,0,0.0,0.39,0,0.0,5,1.8,40.0,0.0,0.0,3.24,11.11,0.36,0.0,2.88,12.5,0.72,5.4,60.0,11.16,48.39,1.8,1.44,0.0,16.92,0.36,2.52,20.52,47.37,5.76,31.25,3.24,55.56,7.2,40.0,15.12,57.14,2.52,42.86,18.95,23.35,0.15,1.08,0.0,0.0,0.72,50.0,0.36,4.32,25.0,3.24,44.44,0.72,50.0,1.08,0.0,3.24,77.78,0,,0,,0,0.0,0.0,0.0,,,0.0,,,0.36,0.0,0.0,0.0,0,0.0
Everton,Chapecoense,América RN,RB,31,0,2026-12-31,5,275,0,0.31,0,0.18,18.65,57.89,Brazil,Brazil,,0,0,no,9.49,9.16,57.14,4.58,78.57,0.33,0.56,0.0,3.93,6.67,2.29,0,0.0,0,0.0,1.64,0.0,0,0.0,0.1,0,0.0,7,2.29,28.57,0.0,0.0,1.64,40.0,0.0,0.0,1.64,40.0,0.0,0.98,33.33,2.95,33.33,1.64,0.65,0.0,19.96,0.65,0.65,28.8,77.27,10.8,60.61,3.6,100.0,10.47,81.25,25.85,81.01,1.31,50.0,16.9,20.83,0.06,0.33,0.0,0.0,0.0,0.0,0.65,2.62,62.5,1.31,50.0,0.0,0.0,0.33,0.98,8.18,68.0,0,,0,,0,0.0,0.0,0.0,,,0.0,,,0.0,0.0,0.0,0.0,0,0.0
Rael,Mixto,América RN,"LB, LW, LCMF",27,0,,10,475,0,0.22,0,0.56,16.29,44.19,Brazil,Brazil,left,176,76,no,5.68,4.55,50.0,4.17,36.36,0.19,0.27,0.19,3.22,4.64,1.33,0,0.0,0,0.0,3.22,0.0,0,0.0,0.04,0,0.0,3,0.57,66.67,0.0,0.0,2.84,53.33,2.65,50.0,0.19,100.0,0.19,2.84,46.67,5.68,43.33,1.71,1.71,0.57,25.01,0.95,0.95,34.48,83.52,8.34,72.73,7.01,94.59,13.64,83.33,30.13,88.05,1.71,44.44,18.88,20.38,0.11,1.52,0.0,0.0,0.0,0.0,0.95,2.08,72.73,3.79,65.0,0.19,0.0,1.89,1.52,7.01,78.38,0,,0,,0,0.0,0.0,0.0,,,0.19,,,0.57,0.38,100.0,0.76,0,0.0
Edison Negueba,Maringá,Confiança,"LW, LAMF",25,0,2029-12-31,19,1816,4,3.65,3,1.33,20.44,43.11,Brazil,Brazil,,0,0,no,5.58,4.12,62.03,3.18,36.07,0.05,0.07,0.0,2.97,3.72,0.57,2,0.1,0,0.0,3.81,0.2,4,0.21,0.19,1,0.05,31,1.62,51.61,12.903,0.16,0.89,35.29,0.78,40.0,0.1,0.0,0.0,5.06,50.52,11.68,40.18,1.88,2.76,2.19,16.01,1.15,1.77,23.83,84.9,5.74,73.64,6.31,93.39,6.62,81.89,22.32,87.62,0.68,53.85,16.0,17.52,0.07,1.15,0.1,0.0,0.21,50.0,0.63,1.88,66.67,1.46,53.57,0.42,37.5,0.63,0.37,2.92,71.43,0,,0,,0,0.0,0.0,0.0,,,0.0,,,0.0,0.0,0.0,0.05,0,0.0
Riquelmo,,Confiança,"RW, RAMF, LDMF",24,0,,13,785,2,0.78,0,0.31,32.9,43.21,Brazil,Brazil,right,172,68,no,9.75,12.04,57.14,1.15,40.0,0.92,1.26,0.0,1.95,2.68,3.44,4,0.46,1,0.11,3.1,0.23,2,0.23,0.09,0,0.0,11,1.26,54.55,18.182,0.0,1.83,12.5,0.0,0.0,1.83,12.5,0.57,5.16,40.0,16.17,35.46,1.83,2.18,1.03,14.79,1.26,3.32,20.98,71.04,4.82,54.76,4.82,90.48,6.99,72.13,18.23,78.62,1.15,40.0,17.9,21.42,0.04,0.69,0.0,0.0,0.46,25.0,0.0,2.52,36.36,2.29,45.0,0.46,25.0,0.57,0.34,2.64,82.61,0,,0,,0,0.0,0.0,0.0,,,0.11,,,0.0,0.0,0.0,0.11,0,0.0
Rafael Holstein,Imigresen,Confiança,"CF, LDMF, RW",25,0,,11,330,1,0.29,0,0.35,17.19,33.33,Brazil,Brazil,left,175,67,no,4.04,4.38,46.15,3.37,10.0,0.34,0.52,0.0,1.69,2.59,1.69,3,0.82,0,0.0,2.7,0.27,1,0.34,0.1,0,0.0,7,2.36,42.86,14.286,0.0,0.0,0.0,0.0,0.0,0.0,0.0,0.0,2.02,66.67,8.09,41.67,1.35,1.69,0.34,19.55,0.34,2.02,23.93,87.32,4.72,71.43,4.38,100.0,8.76,84.62,22.92,88.24,1.01,66.67,15.21,15.39,0.12,0.67,0.0,0.0,0.34,100.0,0.0,2.7,87.5,0.34,100.0,0.0,0.0,0.34,0.0,3.71,81.82,0,,0,,0,0.0,0.0,0.0,,,0.34,,,1.01,0.0,0.0,1.01,0,0.0
Bruno Camilo,Joinville,Confiança,"RCMF, RDMF",28,0,2026-09-30,18,1062,1,0.52,1,0.86,12.61,53.57,Brazil,Brazil,right,173,70,no,6.94,6.31,64.29,1.08,33.33,0.63,0.8,0.36,2.25,2.85,1.17,5,0.42,0,0.0,1.8,0.08,1,0.09,0.05,0,0.0,15,1.35,26.67,6.667,0.09,0.72,37.5,0.09,0.0,0.54,33.33,0.09,1.53,52.94,4.05,51.11,0.45,0.9,0.45,25.95,0.09,0.81,37.12,85.19,12.07,79.1,4.41,95.92,16.31,88.4,32.16,89.64,4.23,59.57,19.92,33.57,0.08,0.63,0.09,0.0,0.45,80.0,0.18,6.49,70.83,1.53,35.29,0.81,33.33,0.63,0.27,6.85,76.32,0,,0,,0,0.0,0.0,0.0,,,0.09,,,0.45,0.09,100.0,0.63,0,0.0
Adryan,Confiança,Confiança,"RCB, LCB, LCMF",26,0,,15,1363,0,0.15,0,0.0,14.14,60.0,Brazil,Brazil,right,183,79,no,7.92,5.94,63.1,4.88,60.87,0.0,0.0,0.35,4.17,5.04,1.2,1,0.07,0,0.0,0.49,0.0,0,0.0,0.01,0,0.0,2,0.14,0.0,0.0,0.0,0.0,0.0,0.0,0.0,0.0,0.0,0.0,0.64,77.78,2.4,52.94,0.14,0.21,0.14,21.56,0.28,0.57,32.1,91.19,10.89,80.52,1.98,100.0,14.85,97.62,30.54,92.82,1.56,59.09,17.68,23.27,0.0,0.0,0.0,0.0,0.0,0.0,0.0,1.48,76.19,0.07,0.0,0.14,0.0,0.0,0.0,4.17,57.63,0,,0,,0,0.0,0.0,0.0,,,1.2,,,0.0,0.0,0.0,0.0,0,0.0
Cesinha,Capital Brasilia,Confiança,"RW, RAMF, CF",27,0,2027-12-31,14,553,1,0.35,0,0.52,26.01,40.79,Brazil,Brazil,right,170,0,yes,4.96,5.99,48.57,3.94,34.78,0.0,0.0,0.17,2.05,3.0,0.51,3,0.49,1,0.16,3.76,0.16,1,0.17,0.06,0,0.0,7,1.2,28.57,14.286,0.0,2.57,46.67,0.68,75.0,1.88,36.36,0.17,3.25,57.89,13.69,38.75,2.4,2.05,1.03,15.91,2.22,2.91,25.32,77.7,5.65,66.67,5.48,93.75,7.87,73.91,21.39,84.0,1.54,44.44,17.37,25.28,0.09,1.37,0.0,0.0,0.68,50.0,0.34,2.05,41.67,2.57,60.0,0.86,40.0,1.2,1.03,3.76,77.27,0,,0,,0,0.0,0.0,0.0,,,0.0,,,0.0,0.0,0.0,0.0,0,0.0
Wallace,São Bernardo,Botafogo PB,GK,30,0,,1,53,0,0.0,0,0.0,1.7,100.0,Brazil,Brazil,right,184,85,no,0.0,0.0,0.0,1.7,100.0,0.0,0.0,0.0,0.0,0.0,1.7,0,0.0,0,0.0,0.0,0.0,0,0.0,0.0,0,0.0,0,0.0,0.0,0.0,0.0,0.0,0.0,0.0,0.0,0.0,0.0,0.0,0.0,0.0,0.0,0.0,0.0,0.0,0.0,3.4,1.7,0.0,8.49,80.0,6.79,75.0,0.0,0.0,1.7,100.0,5.09,100.0,3.4,50.0,43.27,56.94,0.0,0.0,0.0,0.0,0.0,0.0,0.0,1.7,0.0,0.0,0.0,0.0,0.0,0.0,0.0,3.4,100.0,0,0.0,2,3.4,0,100.0,0.44,0.75,0.44,0.747,0.0,1.7,1.7,,,,0.0,0,0.0
L. Salazar,Betim,Confiança,RCB,31,0,,11,833,1,0.42,0,0.0,12.21,70.8,Colombia,Colombia,right,200,91,no,10.59,4.32,80.0,6.05,76.79,0.0,0.0,1.51,7.13,9.61,0.43,3,0.32,0,0.0,0.32,0.11,1,0.11,0.04,1,0.11,4,0.43,75.0,25.0,0.0,0.11,0.0,0.0,0.0,0.11,0.0,0.11,0.0,0.0,0.32,0.0,0.65,0.0,0.0,24.42,0.97,0.11,38.25,87.01,16.42,79.61,1.73,93.75,18.04,94.01,34.9,90.4,3.24,53.33,20.93,27.54,0.0,0.0,0.0,0.0,0.0,0.0,0.0,2.27,57.14,0.43,25.0,0.22,0.0,0.11,0.0,5.94,60.0,0,,0,,0,0.0,0.0,0.0,,,1.08,,,0.0,0.0,0.0,0.0,0,0.0
Djavan,XV de Piracicaba,Botafogo PB,"RDMF, RCMF, LCMF",30,0,,6,269,0,0.0,0,0.16,19.11,50.0,Brazil,Brazil,right,176,69,no,8.04,7.04,64.29,3.52,57.14,1.01,1.76,0.0,2.51,4.41,2.01,0,0.0,0,0.0,0.5,0.0,0,0.0,0.0,0,0.0,0,0.0,0.0,0.0,0.0,0.0,0.0,0.0,0.0,0.0,0.0,0.0,0.5,0.0,5.03,30.0,1.01,1.01,0.5,12.07,0.0,1.01,27.65,92.73,6.03,75.0,7.04,100.0,11.06,95.45,25.14,96.0,2.51,60.0,16.21,15.04,0.08,0.5,0.0,0.0,0.5,100.0,0.5,3.52,100.0,0.0,0.0,0.5,0.0,0.5,0.0,3.52,57.14,0,,0,,0,0.0,0.0,0.0,,,0.0,,,0.0,0.0,0.0,0.0,0,0.0
Bruno Mota,Portuguesa RJ,Botafogo PB,CF,31,0,,2,54,0,0.1,0,0.0,18.33,54.55,Brazil,Brazil,left,187,75,no,3.33,1.67,100.0,11.67,57.14,0.0,0.0,0.0,1.67,3.75,0.0,0,0.0,0,0.0,0.0,0.0,0,0.0,0.17,0,0.0,2,3.33,0.0,0.0,0.0,0.0,0.0,0.0,0.0,0.0,0.0,0.0,0.0,0.0,3.33,50.0,3.33,0.0,0.0,3.33,0.0,1.67,1.67,0.0,1.67,0.0,0.0,0.0,0.0,0.0,1.67,0.0,0.0,0.0,3.33,0.0,0.0,0.0,0.0,0.0,0.0,0.0,0.0,0.0,0.0,0.0,0.0,0.0,0.0,0.0,0.0,0.0,0.0,0,,0,,0,0.0,0.0,0.0,,,0.0,,,0.0,0.0,0.0,0.0,0,0.0
André Krobel,Pouso Alegre,Confiança,"RCMF, CF",31,0,,3,32,0,0.0,0,0.0,,,Brazil,Brazil,right,178,75,no,,,,,,,0.0,,,0.0,,0,,0,,,,0,,,0,,1,,,0.0,,,,,,,,,,,,,,,,,,,,,,,,,,,,,,,67.73,10.01,,,,,,,,,,,,,,,,,,0,,0,,0,0.0,0.0,,,,,,,,,,,0,0.0
Felippe Borges,Manauara,Confiança,LB,26,0,,18,1757,0,0.17,2,1.04,18.84,57.31,Brazil,Brazil,left,179,70,no,8.69,6.26,59.48,4.75,71.59,0.7,0.88,0.05,4.27,5.35,1.51,4,0.2,0,0.0,2.38,0.0,0,0.0,0.01,0,0.0,4,0.22,0.0,0.0,0.11,1.94,41.67,1.84,41.18,0.11,50.0,0.0,2.43,60.0,5.67,47.62,0.22,0.81,0.05,24.24,1.35,0.81,35.15,79.72,14.58,70.74,3.83,94.37,11.72,84.79,28.78,87.62,4.64,45.35,20.16,41.7,0.06,0.81,0.0,0.05,0.16,66.67,0.32,4.05,54.67,2.32,37.21,0.49,11.11,0.27,0.7,7.02,69.23,0,,0,,0,0.0,0.0,0.0,,,0.27,,,0.54,0.05,0.0,0.16,0,0.0
Raphael,Guarani,Confiança,"RCB, LCB",27,0,,6,588,0,0.26,0,0.0,12.24,53.75,Brazil,Brazil,right,185,73,no,7.19,4.29,60.71,5.82,55.26,0.61,0.77,0.77,3.98,5.03,0.92,1,0.15,0,0.0,0.31,0.0,0,0.0,0.04,0,0.0,3,0.46,33.33,0.0,0.0,0.0,0.0,0.0,0.0,0.0,0.0,0.0,0.31,50.0,1.22,25.0,0.61,0.15,0.0,16.07,0.31,0.61,26.02,84.12,11.02,70.83,1.68,100.0,11.17,91.78,22.35,90.41,3.67,45.83,22.95,42.84,0.0,0.0,0.0,0.0,0.0,0.0,0.0,2.91,36.84,0.61,0.0,0.15,0.0,0.0,0.0,4.29,57.14,0,,0,,0,0.0,0.0,0.0,,,1.07,,,0.0,0.0,0.0,0.0,0,0.0
Tatá Baiano,Dorense,Botafogo PB,"RW, CF, RAMF",30,0,,6,320,1,1.35,0,0.0,36.39,43.01,Brazil,Brazil,right,184,75,no,7.43,9.0,69.57,9.39,29.17,0.0,0.0,0.0,1.17,1.88,0.39,2,0.56,0,0.0,5.09,0.28,1,0.39,0.53,1,0.39,11,4.3,36.36,9.091,0.0,2.35,50.0,0.0,0.0,2.35,50.0,0.39,4.3,54.55,12.13,41.94,3.91,1.57,1.17,16.04,0.78,3.13,17.61,82.22,3.13,75.0,3.13,75.0,7.04,77.78,14.48,86.49,0.78,100.0,17.48,15.11,0.0,0.0,0.0,0.0,0.0,0.0,0.0,1.96,80.0,2.35,66.67,0.0,0.0,0.39,1.17,4.3,90.91,0,,0,,0,0.0,0.0,0.0,,,0.0,,,0.39,0.39,100.0,0.39,0,0.0
Lucas Sampaio,Retrô,EC São José,"LWB, LB",31,0,,17,980,0,0.09,0,0.71,14.97,60.74,Brazil,Brazil,left,180,78,no,8.72,5.42,69.49,4.32,78.72,0.37,0.53,0.18,4.59,6.61,0.64,3,0.28,0,0.0,1.38,0.0,0,0.0,0.01,0,0.0,3,0.28,0.0,0.0,0.0,2.2,33.33,2.02,27.27,0.18,100.0,0.18,1.1,58.33,3.12,44.12,0.73,1.19,0.64,20.39,1.19,0.92,29.85,81.54,8.63,73.4,5.97,96.92,11.57,80.16,24.7,89.59,3.21,51.43,20.3,28.36,0.07,0.92,0.0,0.0,0.09,0.0,0.28,2.39,76.92,1.56,41.18,0.18,50.0,0.37,0.55,5.69,67.74,0,,0,,0,0.0,0.0,0.0,,,0.55,,,0.73,0.0,0.0,1.65,0,0.0
Matheuzinho,Brasiliense,EC São José,"RWB, RCMF, RB",31,0,,17,814,0,0.23,1,0.55,22.44,45.32,Brazil,Brazil,right,169,67,no,11.17,9.95,54.44,4.31,35.9,0.22,0.3,0.44,5.53,7.61,1.77,6,0.66,0,0.0,2.54,0.0,0,0.0,0.03,0,0.0,6,0.66,16.67,0.0,0.11,3.1,39.29,0.0,0.0,3.1,39.29,0.44,2.21,50.0,6.08,45.45,0.66,1.0,0.22,15.04,1.44,1.99,23.44,70.28,7.85,63.38,3.87,85.71,8.18,74.32,17.36,80.89,3.21,44.83,21.68,29.56,0.06,0.44,0.0,0.0,0.11,100.0,0.33,2.54,73.91,3.21,41.38,0.33,33.33,0.33,1.11,6.19,71.43,0,,0,,0,0.0,0.0,0.0,,,0.22,,,0.11,0.11,0.0,0.0,0,0.0
Rafael Carrilho,Ferroviária,EC São José,"LCMF, RCMF, DMF",31,0,2026-10-30,20,1509,1,1.25,2,2.28,16.7,52.5,Brazil,Brazil,right,176,71,no,10.5,6.92,57.76,3.76,44.44,0.18,0.25,0.3,6.32,8.93,2.15,5,0.3,0,0.0,1.13,0.06,1,0.06,0.07,0,0.0,17,1.01,23.53,5.882,0.12,0.95,50.0,0.42,28.57,0.48,75.0,0.06,0.72,58.33,2.92,51.02,0.42,0.48,0.0,22.43,0.24,0.48,38.71,78.12,15.27,69.14,4.71,91.14,15.39,83.72,30.89,83.78,6.92,56.03,22.38,34.63,0.14,0.83,0.06,0.06,0.12,0.0,0.36,8.77,65.31,2.39,35.0,0.78,15.38,0.54,0.36,9.48,76.73,0,,0,,0,0.0,0.0,0.0,,,0.66,,,1.13,0.12,0.0,0.54,0,0.0
Nonato,Floresta EC,EC São José,"LCMF, RCMF",30,0,,23,1989,1,1.0,0,1.95,16.92,50.53,Brazil,Brazil,right,179,72,no,8.73,7.29,55.28,4.57,53.47,0.14,0.2,0.36,4.57,6.59,1.49,9,0.41,0,0.0,0.5,0.05,1,0.05,0.05,1,0.05,15,0.68,26.67,6.667,0.0,0.45,30.0,0.18,25.0,0.27,33.33,0.09,0.41,44.44,2.08,50.0,0.77,0.14,0.0,14.07,0.36,1.4,24.43,78.7,7.6,63.69,2.4,94.34,11.13,86.59,21.58,83.65,2.44,44.44,20.0,32.29,0.09,0.95,0.09,0.0,0.05,0.0,0.09,4.84,57.01,0.95,38.1,0.27,33.33,0.36,0.18,3.21,74.65,0,,0,,0,0.0,0.0,0.0,,,0.27,,,0.0,0.0,0.0,0.0,0,0.0
Bruno Jesus,EC São José,EC São José,"CB, RCB",29,0,2026-08-30,11,927,0,0.09,0,0.08,9.42,65.98,Brazil,"Brazil, Poland",right,191,76,no,7.09,4.08,71.43,2.82,65.52,0.0,0.0,0.68,4.17,5.66,0.49,3,0.29,0,0.0,0.29,0.0,0,0.0,0.01,0,0.0,2,0.19,0.0,0.0,0.0,0.0,0.0,0.0,0.0,0.0,0.0,0.0,0.49,40.0,0.97,40.0,0.39,1.17,0.1,18.54,0.39,0.78,32.43,76.05,15.92,60.98,1.17,100.0,13.11,93.33,24.27,86.4,8.16,45.24,26.99,38.85,0.01,0.19,0.0,0.0,0.19,50.0,0.0,6.8,47.14,0.78,37.5,0.68,28.57,0.19,0.0,8.64,61.8,0,,0,,0,0.0,0.0,0.0,,,0.97,,,0.0,0.0,0.0,0.0,0,0.0
Iago Teles,Londrina,CSA,"LW, LAMF, LWF",26,0,2027-06-30,17,1321,1,3.45,1,0.31,32.84,44.61,Brazil,Brazil,right,177,75,no,7.09,7.36,54.63,4.77,35.71,0.68,1.0,0.0,2.38,3.49,2.04,5,0.34,0,0.0,4.84,0.07,1,0.07,0.24,0,0.0,41,2.79,29.27,2.439,0.07,1.16,23.53,0.75,18.18,0.41,33.33,0.0,6.47,56.84,16.42,47.72,2.59,2.18,0.89,13.97,1.7,3.13,19.08,78.93,4.7,56.52,4.56,98.51,6.34,83.87,17.17,83.73,0.75,54.55,20.55,16.47,0.02,0.48,0.0,0.07,0.48,14.29,0.27,2.18,59.38,1.64,41.67,0.41,16.67,0.55,0.34,2.59,89.47,0,,0,,0,0.0,0.0,0.0,,,0.0,,,0.0,0.0,0.0,0.0,0,0.0
Tenório,Piauí,Botafogo PB,LB,24,0,,8,374,0,0.04,0,0.23,24.15,55.95,Brazil,Brazil,unknown,0,0,no,12.94,8.63,63.33,3.45,16.67,0.86,1.1,0.29,6.61,8.41,2.59,3,0.72,0,0.0,3.16,0.0,0,0.0,0.01,0,0.0,1,0.29,0.0,0.0,0.0,3.45,33.33,3.45,33.33,0.0,0.0,0.58,2.88,70.0,8.34,62.07,0.29,0.86,0.86,14.95,0.29,1.73,26.45,70.65,9.49,63.64,2.3,87.5,8.63,73.33,22.14,79.22,1.44,0.0,17.31,34.49,0.06,0.86,0.0,0.0,0.0,0.0,0.29,2.88,70.0,2.59,44.44,0.0,0.0,0.0,1.15,6.61,52.17,0,,0,,0,0.0,0.0,0.0,,,0.0,,,0.0,0.0,0.0,0.0,0,0.0
Roger,Operário MS,Paysandu,"RW, RAMF",23,0,2026-12-31,3,67,1,0.24,0,0.0,14.78,36.36,Brazil,Brazil,left,171,63,no,4.03,4.03,33.33,0.0,0.0,0.0,0.0,0.0,2.69,7.5,1.34,1,1.34,0,0.0,5.37,1.34,1,1.34,0.33,0,0.0,4,5.37,50.0,25.0,0.0,0.0,0.0,0.0,0.0,0.0,0.0,0.0,5.37,50.0,8.06,50.0,4.03,5.37,2.69,18.81,0.0,0.0,26.87,80.0,5.37,25.0,8.06,100.0,9.4,85.71,26.87,80.0,0.0,0.0,12.42,0.0,0.0,0.0,0.0,0.0,0.0,0.0,0.0,4.03,100.0,0.0,0.0,0.0,0.0,0.0,0.0,0.0,0.0,0,,0,,0,0.0,0.0,0.0,,,0.0,,,0.0,0.0,0.0,1.34,0,0.0
Pedro Carrerette,Noroeste,Botafogo PB,LCB,27,0,,22,2228,2,1.34,0,0.0,9.45,64.53,Brazil,Brazil,right,188,88,no,6.54,4.28,64.15,2.63,66.15,0.16,0.24,0.32,3.64,5.39,0.65,3,0.12,0,0.0,0.44,0.08,2,0.08,0.05,1,0.04,5,0.2,60.0,40.0,0.0,0.0,0.0,0.0,0.0,0.0,0.0,0.0,0.28,100.0,1.41,68.57,0.28,0.32,0.04,22.78,0.32,0.81,34.7,88.24,12.44,72.08,1.54,97.37,19.03,97.66,29.29,93.38,5.41,60.45,22.74,38.55,0.0,0.04,0.0,0.0,0.04,100.0,0.0,2.71,49.25,0.2,40.0,0.08,50.0,0.08,0.0,5.09,65.08,0,,0,,0,0.0,0.0,0.0,,,1.25,,,0.0,0.0,0.0,0.0,0,0.0
Anilson,Paços de Ferreira,Paysandu,"RB, RCB",24,0,2027-06-30,7,399,0,0.0,0,0.43,27.74,51.22,Brazil,Brazil,right,185,66,no,13.08,11.5,60.78,8.8,46.15,0.23,0.42,0.23,5.86,10.99,2.26,1,0.23,0,0.0,1.58,0.0,0,0.0,0.0,0,0.0,0,0.0,0.0,0.0,0.0,2.71,41.67,0.0,0.0,2.71,41.67,0.9,1.13,40.0,4.74,38.1,0.68,1.35,0.45,21.2,1.8,1.58,31.58,70.71,12.63,67.86,1.8,87.5,12.86,70.18,26.62,75.42,2.26,50.0,20.58,18.17,0.1,0.23,0.0,0.0,0.0,0.0,0.23,2.71,66.67,2.93,38.46,0.0,0.0,0.68,1.35,7.67,58.82,0,,0,,0,0.0,0.0,0.0,,,0.45,,,0.0,0.0,0.0,0.0,0,0.0
Radsley,Retrô,Botafogo PB,"RCMF, LAMF, AMF",31,0,,7,383,0,0.07,0,0.08,11.44,48.89,Brazil,Brazil,,0,0,no,2.54,1.02,75.0,1.02,50.0,0.25,0.41,0.0,1.53,2.47,0.51,1,0.23,0,0.0,2.03,0.0,0,0.0,0.02,0,0.0,4,1.02,50.0,0.0,0.0,0.25,0.0,0.0,0.0,0.25,0.0,0.25,2.8,54.55,7.37,48.28,0.0,0.0,0.25,21.1,0.25,2.03,35.85,82.27,10.42,63.41,4.07,100.0,19.58,87.01,30.0,87.29,5.59,59.09,22.39,31.86,0.02,0.51,0.0,0.0,0.0,0.0,0.0,8.14,62.5,1.78,57.14,1.02,75.0,1.02,0.0,6.86,81.48,0,,0,,0,0.0,0.0,0.0,,,0.25,,,0.25,0.25,100.0,0.51,0,0.0
Danilo Mariotto,Independente FSJ,Botafogo PB,CF,30,0,,13,947,3,4.46,0,0.03,18.06,30.81,Brazil,Brazil,left,184,76,no,2.1,2.21,47.62,7.77,37.84,0.0,0.0,0.0,1.05,1.56,1.47,2,0.19,0,0.0,1.26,0.29,3,0.32,0.47,1,0.11,22,2.31,22.73,13.636,0.0,0.21,100.0,0.21,100.0,0.0,0.0,0.0,1.26,33.33,4.62,15.91,2.94,0.53,0.11,3.99,0.32,0.74,5.78,70.91,1.26,66.67,1.68,93.75,1.89,66.67,5.25,72.0,0.53,60.0,17.1,9.47,0.0,0.11,0.0,0.0,0.11,100.0,0.0,0.74,71.43,0.21,0.0,0.11,100.0,0.0,0.0,1.05,40.0,0,,0,,0,0.0,0.0,0.0,,,0.0,,,0.0,0.0,0.0,0.0,0,0.0
Natan,Barra,Botafogo PB,"RCMF, LCMF",31,0,,16,908,3,1.35,0,0.09,17.32,50.92,Brazil,Brazil,right,185,78,no,8.71,7.86,45.95,3.83,63.89,1.06,1.37,0.74,4.04,5.21,2.55,8,0.79,0,0.0,1.49,0.3,3,0.32,0.14,2,0.21,9,0.96,66.67,33.333,0.0,0.0,0.0,0.0,0.0,0.0,0.0,0.0,1.38,61.54,3.51,51.52,0.96,0.21,0.11,15.83,0.21,2.34,26.78,86.9,7.44,77.14,4.14,94.87,12.75,90.0,24.01,91.59,2.76,46.15,18.39,21.27,0.01,0.21,0.0,0.0,0.0,0.0,0.0,3.72,74.29,0.32,0.0,0.11,0.0,0.0,0.0,3.83,55.56,0,,0,,0,0.0,0.0,0.0,,,0.53,,,0.0,0.0,0.0,0.0,0,0.0
Ricardo Luz,América RN,Botafogo PB,RB,31,0,,22,2101,1,0.38,1,1.77,14.41,51.55,Brazil,Brazil,right,177,73,no,8.06,6.8,54.61,2.64,50.85,0.45,0.67,0.27,3.89,5.79,1.66,7,0.3,2,0.09,2.51,0.04,1,0.04,0.02,0,0.0,6,0.27,50.0,16.667,0.04,4.3,34.38,0.0,0.0,4.3,34.38,0.45,1.39,54.84,2.91,46.15,0.72,1.43,0.09,26.23,3.09,0.81,35.71,72.31,15.71,67.24,3.89,91.95,11.55,72.87,25.73,84.87,6.09,44.12,22.97,42.79,0.08,0.85,0.04,0.04,0.27,50.0,0.54,6.04,62.96,3.89,36.78,0.36,25.0,0.27,1.39,9.4,71.9,0,,0,,0,0.0,0.0,0.0,,,0.27,,,0.0,0.0,0.0,0.36,0,0.0
Wesley Dias,Água Santa,Botafogo PB,"LCMF, RCMF, DMF",31,0,,20,1846,1,1.18,0,0.35,21.35,51.14,Brazil,Brazil,right,181,81,no,10.48,6.87,56.74,3.8,56.41,0.44,0.66,0.34,6.14,9.29,1.8,8,0.39,1,0.05,1.85,0.05,1,0.05,0.06,0,0.0,12,0.59,16.67,8.333,0.0,0.24,40.0,0.15,0.0,0.1,100.0,0.05,2.58,62.26,7.7,45.57,0.54,0.44,0.34,19.45,0.2,1.76,33.4,84.38,11.99,73.17,2.34,83.33,14.53,92.62,31.4,86.34,1.76,55.56,18.64,27.93,0.02,0.44,0.05,0.0,0.2,25.0,0.15,5.95,78.69,0.59,41.67,0.29,33.33,0.2,0.1,6.39,70.99,0,,0,,0,0.0,0.0,0.0,,,0.05,,,0.0,0.0,0.0,0.0,0,0.0
Thiago Coelho,Santa Cruz,Paysandu,GK,31,0,2026-10-30,3,305,0,0.0,0,0.0,0.3,100.0,Brazil,Brazil,right,187,84,no,1.48,0.0,0.0,0.3,100.0,0.0,0.0,0.0,1.48,2.17,0.0,1,0.3,0,0.0,0.0,0.0,0,0.0,0.0,0,0.0,0,0.0,0.0,0.0,0.0,0.0,0.0,0.0,0.0,0.0,0.0,0.0,0.0,0.0,0.0,0.0,0.0,0.0,0.0,7.08,0.0,0.3,11.51,79.49,6.79,69.57,0.0,0.0,4.13,92.86,7.38,92.0,4.13,57.14,32.13,47.02,0.0,0.0,0.0,0.0,0.0,0.0,0.0,1.18,50.0,0.0,0.0,0.0,0.0,0.0,0.0,2.95,60.0,9,2.66,18,5.31,0,50.0,6.41,1.89,-2.59,-0.764,0.0,0.59,0.3,,,,0.0,0,0.0
Juninho,Anápolis,Paysandu,"LW, LAMF, RW",27,0,2026-09-30,11,375,0,0.46,0,0.13,23.52,56.12,Brazil,Brazil,right,168,62,no,8.88,7.44,61.29,1.44,33.33,0.48,0.87,0.24,3.84,6.96,1.92,1,0.24,0,0.0,3.84,0.0,0,0.0,0.11,0,0.0,7,1.68,14.29,0.0,0.0,0.48,0.0,0.0,0.0,0.48,0.0,0.24,4.8,75.0,12.24,56.86,0.96,1.68,0.0,15.36,1.2,4.08,25.2,84.76,6.48,77.78,7.2,90.0,6.48,77.78,23.04,88.54,1.68,57.14,15.6,19.94,0.03,0.72,0.0,0.0,0.0,0.0,0.48,2.64,90.91,1.44,66.67,0.48,100.0,1.2,0.0,3.84,87.5,0,,0,,0,0.0,0.0,0.0,,,0.24,,,0.0,0.0,0.0,0.0,0,0.0
Marquinhos,Volta Redonda,Volta Redonda,"LAMF, LW",28,0,2027-10-23,22,1606,4,1.96,1,1.19,19.11,44.57,Brazil,Brazil,right,177,78,no,2.86,2.47,63.64,1.23,27.27,0.0,0.0,0.0,1.29,1.69,0.56,3,0.17,0,0.0,4.32,0.22,4,0.22,0.11,0,0.0,20,1.12,70.0,20.0,0.06,0.9,37.5,0.84,40.0,0.06,0.0,0.22,6.11,52.29,12.95,45.02,2.02,1.85,0.78,7.62,0.78,3.31,10.65,77.37,2.3,63.41,3.36,91.67,2.35,78.57,9.53,82.35,0.22,25.0,14.95,4.08,0.07,0.67,0.22,0.06,0.11,0.0,0.34,0.84,80.0,1.06,63.16,0.11,0.0,0.67,0.39,1.18,71.43,0,,0,,0,0.0,0.0,0.0,,,0.0,,,0.0,0.0,0.0,0.45,0,0.0
Robinho,Estrela Amadora,Volta Redonda,"LDMF, LCMF, DMF",23,0,2028-06-30,21,1134,1,1.12,0,0.51,21.75,49.27,Brazil,Brazil,right,180,78,no,10.87,8.89,52.68,2.46,51.61,0.4,0.55,0.63,5.79,7.99,2.38,5,0.4,0,0.0,2.78,0.08,1,0.08,0.09,0,0.0,12,0.95,16.67,8.333,0.0,0.48,16.67,0.24,33.33,0.24,0.0,0.16,4.52,54.39,7.78,48.98,0.79,1.98,0.87,29.76,0.08,1.98,43.65,84.18,15.56,72.96,3.89,97.96,17.94,90.27,38.97,88.8,4.29,48.15,19.53,32.2,0.04,0.56,0.0,0.0,0.4,20.0,0.08,7.38,66.67,1.51,42.11,0.87,18.18,0.63,0.08,7.22,82.42,0,,0,,0,0.0,0.0,0.0,,,0.32,,,0.08,0.0,0.0,0.08,0,0.0
Emerson Júnior,Avenida,Volta Redonda,"AMF, RCMF, LDMF",28,0,,7,195,0,0.22,0,0.69,20.31,47.73,Brazil,Brazil,right,179,0,no,7.85,6.46,50.0,5.54,66.67,0.0,0.0,0.0,4.62,6.98,1.38,1,0.46,0,0.0,3.23,0.0,0,0.0,0.1,0,0.0,3,1.38,100.0,0.0,0.0,1.38,66.67,0.0,0.0,1.38,66.67,0.46,3.23,28.57,6.92,33.33,2.31,1.85,0.92,30.46,0.92,1.85,44.77,85.57,16.15,71.43,1.85,75.0,22.62,93.88,41.54,90.0,1.85,0.0,19.17,24.79,0.32,2.31,0.0,0.0,0.0,0.0,1.38,7.38,81.25,1.85,75.0,0.0,0.0,0.92,0.92,10.15,72.73,0,,0,,0,0.0,0.0,0.0,,,0.0,,,0.0,0.0,0.0,0.0,0,0.0
Marco Gabriel,Sertãozinho,Volta Redonda,"LB, RCB, LCB",25,0,2027-02-19,6,135,0,0.0,0,0.0,16.67,48.0,Brazil,Brazil,left,185,83,no,15.33,10.67,56.25,0.0,0.0,0.0,0.0,1.33,9.33,13.55,2.67,0,0.0,0,0.0,0.0,0.0,0,0.0,0.0,0,0.0,0,0.0,0.0,0.0,0.0,0.0,0.0,0.0,0.0,0.0,0.0,0.0,1.33,0.0,4.0,33.33,0.0,0.0,0.0,7.33,0.0,1.33,14.0,90.48,4.67,85.71,2.67,75.0,6.67,90.0,14.0,90.48,0.0,0.0,20.0,0.0,0.0,0.0,0.0,0.0,0.0,0.0,0.0,0.67,100.0,0.0,0.0,0.0,0.0,0.0,0.0,1.33,0.0,0,,0,,0,0.0,0.0,0.0,,,0.0,,,0.0,0.0,0.0,0.0,0,0.0
Danrley,Floresta EC,Volta Redonda,"RDMF, DMF",25,0,,3,96,0,0.0,0,0.0,8.44,33.33,Brazil,Brazil,right,180,71,no,8.44,5.63,33.33,1.88,50.0,0.0,0.0,1.88,6.56,7.5,0.94,0,0.0,0,0.0,0.0,0.0,0,0.0,0.0,0,0.0,0,0.0,0.0,0.0,0.0,0.0,0.0,0.0,0.0,0.0,0.0,0.0,0.0,0.0,0.94,0.0,0.0,0.0,0.0,14.06,0.0,0.94,23.44,84.0,8.44,77.78,3.75,100.0,8.44,88.89,21.56,86.96,1.88,50.0,18.65,20.9,0.0,0.0,0.0,0.0,0.0,0.0,0.0,1.88,100.0,0.0,0.0,0.0,0.0,0.0,0.0,5.63,66.67,0,,0,,0,0.0,0.0,0.0,,,0.94,,,0.0,0.0,0.0,0.0,0,0.0
Júlio César,Maguary PE,Volta Redonda,"AMF, RCMF",23,0,,21,1338,1,0.42,1,3.28,20.31,48.68,Brazil,Brazil,left,171,65,no,7.74,8.14,62.81,1.68,36.0,0.74,1.05,0.2,1.88,2.68,1.95,9,0.61,0,0.0,2.22,0.07,1,0.07,0.03,0,0.0,13,0.87,23.08,7.692,0.07,0.94,28.57,0.4,16.67,0.54,37.5,0.13,2.89,53.49,8.41,42.4,0.74,1.48,0.81,19.84,0.34,1.28,29.6,77.27,9.15,65.44,4.04,91.67,10.09,82.0,25.36,82.76,3.43,47.06,19.19,37.73,0.22,1.68,0.13,0.0,0.61,33.33,0.13,5.11,65.79,1.61,50.0,1.14,29.41,0.74,0.27,5.11,75.0,0,,0,,0,0.0,0.0,0.0,,,0.0,,,1.61,0.07,0.0,2.89,0,0.0
Caio Vitor,Maricá,Volta Redonda,"AMF, RCMF, LWF",25,0,2026-11-10,17,1018,3,2.67,1,2.23,14.85,44.05,Brazil,Brazil,right,180,72,no,5.04,3.89,54.55,1.41,12.5,0.62,0.84,0.0,2.3,3.12,1.06,2,0.18,2,0.18,2.3,0.27,3,0.27,0.24,0,0.0,24,2.12,33.33,12.5,0.09,0.35,0.0,0.18,0.0,0.18,0.0,0.0,2.56,51.72,7.34,48.19,1.77,1.33,0.53,22.9,0.97,2.48,27.23,81.17,8.93,69.31,5.13,91.38,9.64,87.16,24.58,85.25,2.3,50.0,19.39,27.44,0.2,1.5,0.27,0.0,0.8,33.33,0.18,5.3,73.33,1.68,52.63,0.71,25.0,0.71,0.09,4.6,88.46,0,,0,,0,0.0,0.0,0.0,,,0.0,,,1.77,0.18,0.0,2.83,0,0.0
Avelino,Volta Redonda,Volta Redonda,GK,27,0,2026-11-30,1,104,0,0.0,0,0.0,0.0,0.0,Brazil,Brazil,right,192,84,no,0.87,0.0,0.0,0.0,0.0,0.0,0.0,0.0,0.87,1.11,0.0,0,0.0,0,0.0,0.0,0.0,0,0.0,0.0,0,0.0,0,0.0,0.0,0.0,0.0,0.0,0.0,0.0,0.0,0.0,0.0,0.0,0.0,0.0,0.0,0.0,0.0,0.0,0.0,2.6,0.0,0.0,9.52,72.73,5.19,66.67,0.0,0.0,4.33,80.0,4.33,100.0,5.19,50.0,35.4,50.5,0.0,0.0,0.0,0.0,0.0,0.0,0.0,2.6,100.0,0.0,0.0,0.0,0.0,0.0,0.0,4.33,60.0,2,1.73,12,10.38,0,83.33,1.6,1.38,-0.4,-0.346,0.0,2.6,0.0,,,,0.0,0,0.0
Luizinho,Bangu,Volta Redonda,"LAMF, RW, LW",30,0,2026-11-30,15,512,0,0.7,0,1.31,18.98,55.56,Brazil,Brazil,right,175,70,no,4.57,3.69,71.43,1.58,44.44,0.18,0.23,0.0,1.76,2.31,0.7,2,0.35,0,0.0,8.44,0.0,0,0.0,0.12,0,0.0,10,1.76,70.0,0.0,0.0,3.69,38.1,0.18,0.0,3.34,42.11,0.7,8.79,62.0,11.95,54.41,2.64,4.39,1.58,29.53,2.11,1.76,41.31,78.3,10.72,62.3,6.68,94.74,15.82,82.22,32.87,86.1,5.1,55.17,19.64,35.28,0.23,1.23,0.0,0.18,1.23,28.57,0.35,5.1,65.52,5.27,50.0,2.46,28.57,1.23,1.41,6.33,77.78,0,,0,,0,0.0,0.0,0.0,,,0.0,,,0.35,0.18,100.0,1.05,0,0.0
Sánchez,Ceará,Volta Redonda,LB,30,0,2026-11-30,9,576,0,0.66,0,0.98,13.75,59.09,Brazil,Brazil,left,178,73,no,5.31,3.59,78.26,4.53,58.62,0.31,0.45,0.0,2.19,3.18,0.31,1,0.16,0,0.0,3.28,0.0,0,0.0,0.1,0,0.0,8,1.25,25.0,0.0,0.0,3.91,44.0,3.75,41.67,0.0,0.0,0.31,2.34,53.33,4.38,42.86,1.56,0.47,0.47,20.16,1.72,0.78,27.81,75.84,8.75,67.86,4.22,92.59,11.25,79.17,21.56,84.78,2.66,47.06,20.31,26.53,0.15,0.94,0.0,0.0,0.16,0.0,0.47,2.34,73.33,3.44,54.55,0.16,0.0,0.78,1.56,6.56,78.57,0,,0,,0,0.0,0.0,0.0,,,0.16,,,0.0,0.0,0.0,0.0,0,0.0
Henrique Silva,Volta Redonda,Volta Redonda,"RDMF, LDMF, DMF",31,0,,13,914,2,1.37,0,0.06,15.36,51.92,Brazil,Brazil,right,175,74,no,8.96,7.78,62.03,2.66,40.74,0.49,0.72,0.3,3.64,5.31,1.87,5,0.49,0,0.0,0.59,0.2,2,0.2,0.13,0,0.0,6,0.59,50.0,33.333,0.0,0.39,25.0,0.3,0.0,0.1,100.0,0.1,0.3,66.67,2.95,40.0,0.69,0.2,0.0,32.49,0.3,0.89,45.79,88.17,14.77,80.0,5.22,98.11,19.1,91.24,41.75,91.04,3.64,62.16,17.65,33.15,0.01,0.3,0.0,0.0,0.0,0.0,0.0,6.2,77.78,0.89,33.33,0.3,0.0,0.2,0.1,7.09,80.56,0,,0,,0,0.0,0.0,0.0,,,0.1,,,0.0,0.0,0.0,0.0,0,0.0
Hugo Borges,,Volta Redonda,"LAMF, RWF, RW",28,0,,8,283,1,0.23,1,0.76,13.99,40.91,Brazil,Brazil,right,176,73,no,4.13,5.72,50.0,1.91,16.67,0.0,0.0,0.0,1.27,2.11,1.59,1,0.32,0,0.0,4.13,0.32,1,0.32,0.07,0,0.0,7,2.23,42.86,14.286,0.32,1.91,33.33,0.64,50.0,1.27,25.0,0.64,2.23,85.71,5.41,35.29,1.91,0.32,0.0,22.58,0.95,0.0,32.12,72.28,7.95,60.0,6.04,84.21,11.77,75.68,25.76,77.78,4.77,53.33,18.35,36.03,0.24,1.59,0.0,0.0,0.64,100.0,0.32,5.41,52.94,3.82,66.67,0.32,100.0,2.23,0.95,5.72,72.22,0,,0,,0,0.0,0.0,0.0,,,0.0,,,2.23,0.64,0.0,3.5,0,0.0
Dener Santana,São Bento,EC São José,"RWF, LWF, LW",26,0,,15,706,1,0.31,0,0.16,21.03,38.79,Brazil,Brazil,right,181,78,no,5.48,6.37,58.0,2.68,33.33,0.13,0.18,0.13,1.66,2.39,1.15,4,0.51,1,0.13,1.53,0.13,1,0.13,0.04,0,0.0,6,0.76,16.67,16.667,0.0,1.15,11.11,0.64,0.0,0.51,25.0,0.13,3.19,40.0,9.56,30.67,1.27,0.64,0.89,11.73,2.42,1.4,15.17,73.95,3.7,62.07,4.46,88.57,4.84,73.68,13.0,79.41,1.02,75.0,14.93,16.14,0.02,0.38,0.0,0.0,0.13,0.0,0.13,1.27,80.0,1.27,30.0,0.13,0.0,0.38,0.13,2.42,68.42,0,,0,,0,0.0,0.0,0.0,,,0.25,,,0.0,0.0,0.0,0.0,0,0.0
Thiago Tinoco,Atlético Tubarão,EC São José,"RAMF, RWF, AMF",22,0,2028-12-31,7,173,0,0.13,1,0.59,17.17,45.45,Brazil,Brazil,unknown,0,0,no,6.76,5.2,70.0,0.52,0.0,1.04,1.76,0.0,2.08,3.53,0.52,2,1.04,1,0.52,4.16,0.0,0,0.0,0.07,0,0.0,3,1.56,66.67,0.0,0.52,3.64,28.57,1.04,50.0,2.6,20.0,0.52,1.56,100.0,8.84,41.18,2.08,1.56,2.08,18.21,0.52,2.08,24.45,78.72,6.76,69.23,5.2,100.0,7.28,78.57,20.81,87.5,0.0,0.0,16.15,0.0,0.31,2.08,0.0,0.0,1.04,50.0,1.04,5.2,70.0,2.6,20.0,0.52,0.0,0.52,1.56,4.16,75.0,0,,0,,0,0.0,0.0,0.0,,,0.0,,,0.0,0.0,0.0,1.04,0,0.0
Kayan,,EC São José,"LWF, RWF, CF",25,0,,19,810,0,0.61,2,0.56,21.78,34.18,Brazil,Brazil,right,173,62,no,4.11,5.22,46.81,4.33,25.64,0.11,0.16,0.0,1.56,2.18,1.78,4,0.44,0,0.0,2.0,0.0,0,0.0,0.07,0,0.0,10,1.11,30.0,0.0,0.22,1.11,20.0,0.44,0.0,0.67,33.33,0.33,2.33,57.14,9.33,34.52,2.0,1.22,0.22,13.0,1.67,2.11,17.67,74.21,4.44,60.0,4.0,97.22,5.67,72.55,15.67,79.43,1.0,44.44,17.85,18.39,0.06,0.67,0.11,0.0,0.44,25.0,0.33,2.33,61.9,1.44,38.46,0.33,33.33,0.78,0.11,1.67,86.67,0,,0,,0,0.0,0.0,0.0,,,0.0,,,0.11,0.0,0.0,0.67,0,0.0
Vitinho,River Plate,EC São José,"CF, LCMF, RWF",24,0,2026-12-31,3,60,0,0.06,0,0.0,18.0,33.33,Brazil,Brazil,,0,0,no,3.0,1.5,100.0,4.5,33.33,0.0,0.0,0.0,1.5,1.76,0.0,0,0.0,0,0.0,1.5,0.0,0,0.0,0.09,0,0.0,2,3.0,50.0,0.0,0.0,0.0,0.0,0.0,0.0,0.0,0.0,0.0,4.5,0.0,7.5,0.0,0.0,0.0,0.0,12.0,3.0,0.0,15.0,70.0,3.0,0.0,3.0,100.0,4.5,66.67,15.0,70.0,0.0,0.0,19.15,0.0,0.0,0.0,0.0,0.0,0.0,0.0,0.0,1.5,0.0,1.5,0.0,0.0,0.0,0.0,0.0,3.0,0.0,0,,0,,0,0.0,0.0,0.0,,,0.0,,,0.0,0.0,0.0,0.0,0,0.0
Thayllon,Paysandu,EC São José,"RWF, LWF, CF",24,0,2026-12-31,25,1983,9,5.0,2,2.92,17.11,43.24,Brazil,Brazil,left,166,64,yes,4.04,4.04,57.3,2.54,23.21,0.09,0.13,0.14,1.63,2.42,0.91,2,0.09,0,0.0,3.9,0.41,9,0.41,0.23,0,0.0,53,2.41,47.17,16.981,0.09,1.91,33.33,0.77,35.29,1.13,32.0,0.41,4.31,48.42,7.94,45.71,2.95,2.68,1.41,15.7,2.04,1.54,19.11,64.85,5.17,50.0,3.63,83.75,6.72,70.27,16.11,70.14,1.13,40.0,16.2,18.7,0.13,1.0,0.05,0.0,0.5,9.09,0.54,1.91,59.52,2.31,37.25,0.64,14.29,0.91,0.68,3.31,78.08,0,,0,,0,0.0,0.0,0.0,,,0.0,,,0.14,0.0,0.0,0.27,0,0.0
Marco Freitas,São Luiz,EC São José,"RCMF, RCB, RB",24,0,,6,111,0,0.38,0,0.0,25.14,64.52,Brazil,Brazil,,0,0,no,12.97,10.54,69.23,9.73,58.33,0.81,1.3,0.0,4.86,7.83,1.62,0,0.0,0,0.0,1.62,0.0,0,0.0,0.31,0,0.0,1,0.81,100.0,0.0,0.0,0.0,0.0,0.0,0.0,0.0,0.0,0.0,0.81,100.0,2.43,66.67,2.43,0.0,0.0,14.59,2.43,1.62,26.76,78.79,12.16,66.67,1.62,100.0,6.49,100.0,22.7,89.29,4.05,20.0,20.57,18.05,0.0,0.0,0.0,0.0,0.0,0.0,0.0,4.86,33.33,0.81,100.0,0.0,0.0,0.81,0.0,4.86,83.33,0,,0,,0,0.0,0.0,0.0,,,0.81,,,0.0,0.0,0.0,0.0,0,0.0
Lissandro,Catanduva,EC São José,"RCMF, RAMF",27,0,,3,29,0,0.0,0,0.0,,,Brazil,Brazil,right,174,67,no,,,,,,,0.0,,,5.0,,0,,0,,,,0,,,0,,0,,,0.0,,,,,,,,,,,,,,,,,,,,,,,,,,,,,,,19.78,0.0,,,,,,,,,,,,,,,,,,0,,0,,0,0.0,0.0,,,,,,,,,,,0,0.0
Ceará,Juazeirense,Botafogo PB,LW,29,0,,1,28,0,0.0,0,0.0,,,Brazil,Brazil,right,169,74,no,,,,,,,0.0,,,2.5,,0,,0,,,,0,,,0,,0,,,0.0,,,,,,,,,,,,,,,,,,,,,,,,,,,,,,,17.58,0.0,,,,,,,,,,,,,,,,,,0,,0,,0,0.0,0.0,,,,,,,,,,,0,0.0
Tiago Reis,Petro de Luanda,Botafogo PB,CF,26,0,2027-06-30,9,326,1,0.52,0,0.04,16.84,26.23,Brazil,Brazil,right,184,75,no,1.66,3.59,30.77,5.52,10.0,0.28,0.41,0.0,0.28,0.41,1.93,0,0.0,0,0.0,1.93,0.28,1,0.28,0.14,0,0.0,5,1.38,60.0,20.0,0.0,0.0,0.0,0.0,0.0,0.0,0.0,0.0,1.66,66.67,5.8,38.1,2.21,0.55,0.0,6.07,0.55,0.83,10.21,62.16,3.04,36.36,2.21,100.0,2.76,80.0,9.11,63.64,1.1,50.0,14.74,13.88,0.01,0.28,0.0,0.0,0.0,0.0,0.0,1.66,50.0,0.55,0.0,0.28,0.0,0.28,0.0,1.38,60.0,0,,0,,0,0.0,0.0,0.0,,,0.0,,,0.0,0.0,0.0,0.0,0,0.0
Alison Silva,Água Santa,Operário PR,"DMF, LDMF, LCMF",29,0,,5,298,0,0.04,0,0.01,17.21,49.12,Brazil,Brazil,right,0,0,no,10.27,8.76,51.72,3.02,10.0,0.3,0.38,1.21,5.44,6.84,2.42,0,0.0,0,0.0,0.91,0.0,0,0.0,0.01,0,0.0,2,0.6,50.0,0.0,0.0,0.0,0.0,0.0,0.0,0.0,0.0,0.0,0.91,66.67,3.02,70.0,0.0,2.11,0.3,35.03,0.3,1.51,45.91,95.39,12.68,90.48,9.36,100.0,16.91,98.21,45.0,95.3,0.91,100.0,15.92,13.18,0.0,0.6,0.0,0.0,0.0,0.0,0.0,5.13,100.0,0.0,0.0,0.0,0.0,0.0,0.0,4.53,66.67,0,,0,,0,0.0,0.0,0.0,,,0.91,,,0.0,0.0,0.0,0.0,0,0.0
Alisson Taddei,América RN,Operário PR,"CF, LW, AMF",29,0,,16,832,1,1.03,0,0.61,23.0,42.35,Brazil,Brazil,right,173,74,no,4.69,6.45,47.27,1.29,27.27,0.23,0.37,0.0,1.41,2.21,1.99,2,0.22,0,0.0,2.46,0.11,1,0.12,0.12,0,0.0,21,2.46,23.81,4.762,0.0,0.59,0.0,0.35,0.0,0.23,0.0,0.12,3.99,41.18,12.91,40.91,1.29,2.23,0.47,27.11,0.94,2.82,35.32,82.06,10.56,75.56,9.15,89.74,8.8,81.33,32.74,85.3,1.99,52.94,15.78,23.52,0.07,1.17,0.0,0.0,0.47,50.0,0.35,5.75,75.51,2.35,35.0,0.7,16.67,0.82,0.0,4.93,80.95,0,,0,,0,0.0,0.0,0.0,,,0.12,,,0.59,0.0,0.0,1.06,0,0.0
Rafael Oller,Inter de Limeira,Operário PR,"RW, RAMF, RWF",31,0,,12,791,0,0.66,0,0.96,24.7,36.59,Brazil,Brazil,left,178,68,no,5.3,5.9,51.02,1.45,50.0,0.84,1.27,0.0,1.45,2.17,1.08,2,0.23,0,0.0,4.7,0.0,0,0.0,0.08,0,0.0,15,1.81,33.33,0.0,0.0,2.29,47.37,0.24,50.0,2.05,47.06,0.48,6.51,40.74,14.34,31.93,1.45,2.05,0.72,19.16,0.84,1.2,28.55,81.01,9.4,70.51,5.18,93.02,8.19,80.88,23.98,87.44,2.29,47.37,18.0,28.67,0.12,0.72,0.0,0.0,0.36,100.0,0.24,3.98,72.73,2.77,56.52,0.48,75.0,1.33,1.08,5.06,88.1,0,,0,,0,0.0,0.0,0.0,,,0.12,,,0.0,0.0,0.0,0.24,0,0.0
Luidy,Mixto,Operário PR,"LW, LAMF, LWF",29,0,,18,706,0,1.59,1,0.91,17.97,39.01,Brazil,Brazil,right,167,65,no,3.31,3.95,25.81,0.51,50.0,0.0,0.0,0.0,2.29,3.42,1.15,1,0.13,0,0.0,3.7,0.0,0,0.0,0.2,0,0.0,16,2.04,18.75,0.0,0.13,2.29,38.89,2.29,38.89,0.0,0.0,0.51,5.48,41.86,11.47,43.33,2.8,2.68,1.4,22.18,2.17,1.53,30.85,78.1,7.01,63.64,10.45,93.9,8.92,77.14,26.52,83.65,2.04,50.0,18.58,26.68,0.12,0.64,0.0,0.0,0.51,25.0,0.38,3.19,60.0,3.06,45.83,1.02,25.0,0.64,0.89,4.59,80.56,0,,0,,0,0.0,0.0,0.0,,,0.13,,,0.0,0.0,0.0,0.13,0,0.0
Neto Costa,São Bernardo FC,Operário PR,CF,29,0,2026-12-31,6,270,0,0.01,1,0.06,27.25,43.42,Brazil,Brazil,left,184,78,yes,6.45,6.45,50.0,7.89,45.45,0.72,1.15,0.0,2.51,4.04,3.59,3,1.0,0,0.0,1.43,0.0,0,0.0,0.0,0,0.0,1,0.36,0.0,0.0,0.36,0.0,0.0,0.0,0.0,0.0,0.0,0.0,1.43,100.0,7.89,36.36,0.72,1.08,0.0,7.53,1.08,1.79,15.06,78.57,2.87,37.5,6.1,88.24,3.23,88.89,14.7,78.05,0.36,100.0,18.63,9.41,0.02,0.36,0.0,0.0,0.0,0.0,0.36,1.08,66.67,0.0,0.0,0.0,0.0,0.0,0.0,0.72,100.0,0,,0,,0,0.0,0.0,0.0,,,0.0,,,0.0,0.0,0.0,0.0,0,0.0
Tagarela,Maranhão,Náutico,LW,22,0,,2,55,0,0.02,0,0.0,24.55,33.33,Brazil,Brazil,unknown,0,0,yes,8.18,9.82,50.0,3.27,0.0,0.0,0.0,0.0,3.27,6.0,3.27,0,0.0,0,0.0,1.64,0.0,0,0.0,0.03,0,0.0,1,1.64,0.0,0.0,0.0,1.64,0.0,1.64,0.0,0.0,0.0,0.0,6.55,25.0,9.82,33.33,1.64,1.64,1.64,16.36,4.91,1.64,24.55,86.67,4.91,100.0,13.09,87.5,4.91,66.67,22.91,92.86,1.64,0.0,19.23,28.34,0.0,0.0,0.0,0.0,0.0,0.0,0.0,1.64,100.0,0.0,0.0,0.0,0.0,0.0,0.0,1.64,100.0,0,,0,,0,0.0,0.0,0.0,,,0.0,,,0.0,0.0,0.0,0.0,0,0.0
Valderrama,,Altos,"LDMF, RDMF, RCMF",31,0,,14,1046,0,0.14,0,0.02,12.91,54.67,Brazil,Brazil,right,177,66,no,4.9,4.13,56.25,2.07,58.33,0.43,0.67,0.09,2.15,3.35,1.46,6,0.52,0,0.0,1.29,0.0,0,0.0,0.01,0,0.0,7,0.6,42.86,0.0,0.0,0.43,20.0,0.09,0.0,0.34,25.0,0.0,1.2,71.43,4.73,52.73,0.09,0.34,0.77,25.21,0.6,2.32,36.57,86.82,12.99,81.46,4.73,100.0,14.8,89.53,32.35,90.96,3.87,57.78,19.69,35.74,0.0,0.17,0.0,0.0,0.17,50.0,0.0,6.97,77.78,0.52,16.67,0.34,25.0,0.09,0.0,7.74,76.67,0,,0,,0,0.0,0.0,0.0,,,0.43,,,0.0,0.0,0.0,0.0,0,0.0
Henrique Vigia,Ceilândia,Remo,"LCMF, LB",24,0,,2,59,0,0.0,0,0.0,32.03,47.62,Brazil,Brazil,left,179,77,no,10.68,12.2,62.5,1.53,100.0,1.53,2.73,0.0,1.53,2.73,4.58,0,0.0,0,0.0,1.53,0.0,0,0.0,0.0,0,0.0,0,0.0,0.0,0.0,0.0,0.0,0.0,0.0,0.0,0.0,0.0,0.0,6.1,25.0,16.78,27.27,0.0,0.0,0.0,53.39,0.0,3.05,59.49,94.87,15.25,80.0,12.2,100.0,24.41,100.0,56.44,94.59,3.05,100.0,19.59,23.31,0.0,0.0,0.0,1.53,1.53,0.0,0.0,12.2,87.5,3.05,0.0,1.53,0.0,0.0,0.0,9.15,83.33,0,,0,,0,0.0,0.0,0.0,,,1.53,,,0.0,0.0,0.0,1.53,0,0.0
Ângelo,Marcílio Dias,Brusque,LB,25,0,,2,42,0,0.0,0,0.13,,,Brazil,Brazil,left,182,74,no,,,,,,,0.0,,,12.0,,0,,0,,,,0,,,0,,0,,,0.0,,,,,,,,,,,,,,,,,,,,,,,,,,,,,,,25.2,47.72,,,,,,,,,,,,,,,,,,0,,0,,0,0.0,0.0,,,,,,,,,,,0,0.0
Everton Bala,Levski Sofia,Brusque,"LW, LAMF, CF",27,0,2027-06-30,27,2103,2,3.35,1,3.5,13.57,41.96,Brazil,Brazil,right,180,0,no,2.27,2.44,47.37,2.1,28.57,0.04,0.06,0.0,1.07,1.59,0.39,1,0.04,0,0.0,3.25,0.09,2,0.09,0.14,0,0.0,40,1.71,37.5,5.0,0.04,1.5,28.57,0.98,39.13,0.51,8.33,0.26,2.95,69.57,7.62,47.75,1.54,1.33,0.56,19.6,1.33,1.28,25.98,82.21,5.78,65.93,6.46,94.04,7.79,85.16,23.54,86.36,1.03,58.33,16.2,25.05,0.15,1.46,0.0,0.04,0.43,30.0,0.13,2.82,71.21,1.41,48.48,0.39,22.22,0.39,0.51,3.42,73.75,0,,0,,0,0.0,0.0,0.0,,,0.0,,,0.77,0.3,28.57,2.23,0,0.0
Kevin,Osasco Audax,Remo,LB,26,0,,11,780,1,0.37,0,0.62,17.31,48.0,Brazil,Brazil,left,185,77,no,7.62,6.58,54.39,2.65,56.52,0.0,0.0,0.35,4.04,5.33,1.85,3,0.35,0,0.0,2.77,0.12,1,0.12,0.04,0,0.0,6,0.69,100.0,16.667,0.0,1.96,41.18,1.85,37.5,0.12,100.0,0.23,2.65,47.83,6.35,36.36,0.58,1.27,0.46,25.04,1.96,0.81,35.77,80.0,12.0,64.42,6.0,96.15,12.92,84.82,31.62,85.04,3.0,42.31,18.78,39.03,0.07,0.58,0.0,0.0,0.23,0.0,0.12,4.73,56.1,1.85,50.0,0.46,0.0,0.58,0.46,6.23,74.07,0,,0,,0,0.0,0.0,0.0,,,0.46,,,0.0,0.0,0.0,0.23,0,0.0
Fabinho,Emirates,Remo,CF,30,0,,12,663,1,1.71,0,0.13,27.69,35.29,Brazil,Brazil,,0,0,no,4.34,5.02,45.95,8.55,38.1,0.14,0.19,0.14,1.9,2.68,2.99,2,0.27,1,0.14,1.9,0.14,1,0.14,0.23,0,0.0,11,1.49,45.45,9.091,0.0,0.81,33.33,0.54,25.0,0.27,50.0,0.14,2.04,46.67,10.45,27.27,2.04,0.81,0.41,8.42,1.76,1.76,13.3,76.53,2.71,70.0,3.53,92.31,3.8,67.86,12.35,80.22,0.41,66.67,15.18,8.5,0.02,0.41,0.0,0.0,0.14,0.0,0.14,0.81,66.67,0.81,50.0,0.14,0.0,0.68,0.14,1.36,50.0,0,,0,,0,0.0,0.0,0.0,,,0.14,,,0.0,0.0,0.0,0.0,0,0.0
Wendel Lomar,Maringá,Remo,"LCB, LB",30,0,2027-05-31,6,266,0,0.0,0,0.0,13.53,60.0,Brazil,Brazil,left,182,73,yes,6.77,5.41,62.5,4.4,69.23,0.0,0.0,0.0,3.38,4.62,0.68,0,0.0,0,0.0,0.34,0.0,0,0.0,0.0,0,0.0,0,0.0,0.0,0.0,0.0,1.02,0.0,1.02,0.0,0.0,0.0,0.34,1.35,25.0,2.71,37.5,0.0,2.03,0.0,34.85,1.69,0.0,49.4,85.62,21.99,78.46,5.08,93.33,18.61,92.73,43.65,93.02,4.74,35.71,22.35,28.05,0.0,0.0,0.0,0.0,0.0,0.0,0.0,5.75,76.47,1.69,20.0,0.34,0.0,0.34,0.34,10.83,75.0,0,,0,,0,0.0,0.0,0.0,,,2.03,,,0.0,0.0,0.0,0.0,0,0.0
Thiago Moraes,Botafogo SP,Brusque,"LCMF, RCMF, RDMF",28,0,2027-12-31,2,46,0,0.01,0,0.0,27.39,50.0,Brazil,Brazil,right,175,78,no,19.57,19.57,60.0,1.96,0.0,1.96,3.0,0.0,5.87,9.0,3.91,0,0.0,0,0.0,3.91,0.0,0,0.0,0.03,0,0.0,2,3.91,0.0,0.0,0.0,0.0,0.0,0.0,0.0,0.0,0.0,0.0,1.96,100.0,3.91,50.0,0.0,5.87,3.91,56.74,0.0,1.96,70.43,94.44,23.48,91.67,9.78,100.0,25.43,100.0,68.48,97.14,1.96,0.0,16.53,3.56,0.0,0.0,0.0,0.0,1.96,100.0,0.0,9.78,100.0,0.0,0.0,0.0,0.0,0.0,0.0,13.7,85.71,0,,0,,0,0.0,0.0,0.0,,,0.0,,,0.0,0.0,0.0,0.0,0,0.0
Zé Carlos,Sampaio Corrêa RJ,Remo,GK,31,0,,1,102,0,0.0,0,0.0,0.88,100.0,Brazil,Brazil,left,189,85,no,0.0,0.0,0.0,0.0,0.0,0.0,0.0,0.0,0.0,0.0,0.0,0,0.0,0,0.0,0.0,0.0,0,0.0,0.0,0,0.0,0,0.0,0.0,0.0,0.0,0.0,0.0,0.0,0.0,0.0,0.0,0.0,0.0,0.0,0.88,100.0,0.0,0.0,0.0,9.71,0.0,0.88,14.12,100.0,6.18,100.0,0.0,0.0,7.06,100.0,10.59,100.0,3.53,100.0,27.15,52.33,0.0,0.0,0.0,0.0,0.0,0.0,0.0,1.76,100.0,0.0,0.0,0.0,0.0,0.0,0.0,2.65,100.0,2,1.76,3,2.65,0,33.33,0.77,0.68,-1.23,-1.085,0.0,0.0,0.0,,,,0.0,0,0.0
Lucas Marques,ABC,Remo,RB,28,0,,15,1353,0,0.09,1,0.13,17.63,55.85,Brazil,Brazil,right,173,70,no,10.38,8.78,67.42,2.0,43.33,0.07,0.09,0.4,4.39,6.15,1.33,5,0.33,0,0.0,2.99,0.0,0,0.0,0.01,0,0.0,6,0.4,50.0,0.0,0.07,2.86,37.21,0.0,0.0,2.86,37.21,0.33,2.33,74.29,5.06,48.68,0.33,2.46,1.4,30.93,1.33,0.27,42.51,81.53,15.37,72.29,5.72,96.51,15.17,85.96,35.72,87.52,4.32,56.92,20.55,39.48,0.01,0.2,0.07,0.0,0.0,0.0,0.13,5.32,68.75,2.79,50.0,0.27,0.0,0.33,1.0,8.25,73.39,0,,0,,0,0.0,0.0,0.0,,,0.6,,,0.0,0.0,0.0,0.13,0,0.0
Pedro Vitor,São Bernardo FC,Remo,"RW, RAMF",28,0,2026-12-31,11,777,3,0.99,1,1.59,33.47,45.67,Brazil,Brazil,left,177,69,no,8.57,7.88,51.47,7.76,41.79,1.04,1.56,0.12,3.47,5.2,1.16,3,0.35,0,0.0,6.6,0.35,3,0.35,0.11,0,0.0,21,2.43,47.62,14.286,0.12,3.24,35.71,1.04,33.33,2.08,38.89,0.35,8.46,50.68,15.87,46.72,1.27,3.71,0.93,20.15,1.62,2.43,29.19,66.67,11.0,56.84,5.68,83.67,9.27,70.0,21.66,70.59,4.63,70.0,21.12,33.19,0.18,1.04,0.12,0.0,0.58,0.0,0.58,4.29,62.16,4.52,35.9,0.81,14.29,0.93,1.04,6.02,75.0,0,,0,,0,0.0,0.0,0.0,,,0.0,,,0.81,0.46,50.0,1.51,0,0.0
Luiz Henrique,Retrô,Brusque,"CF, LCMF, RCMF",29,0,,11,503,0,0.32,1,0.18,20.76,49.14,Brazil,Brazil,right,171,64,no,7.87,6.98,64.1,1.97,36.36,0.18,0.26,0.0,3.22,4.7,1.25,2,0.36,1,0.18,3.04,0.0,0,0.0,0.06,0,0.0,11,1.97,18.18,0.0,0.18,1.25,28.57,0.18,100.0,1.07,16.67,0.0,3.22,55.56,9.66,46.3,1.43,0.72,0.18,41.15,0.0,2.33,51.17,88.11,14.31,78.75,11.27,100.0,17.71,91.92,45.81,91.8,4.12,65.22,18.57,36.87,0.03,0.36,0.0,0.0,0.54,100.0,0.72,9.66,88.89,1.79,30.0,0.89,60.0,0.54,0.54,7.69,86.05,0,,0,,0,0.0,0.0,0.0,,,0.54,,,0.0,0.0,0.0,0.0,0,0.0
Danilo Belão,Betim,Brusque,RB,29,0,,18,1558,0,0.15,1,0.46,13.69,53.16,Brazil,Brazil,right,178,80,no,9.7,6.18,59.81,3.29,54.39,0.4,0.59,0.17,5.6,8.17,1.16,4,0.23,0,0.0,1.04,0.0,0,0.0,0.01,0,0.0,4,0.23,25.0,0.0,0.06,1.85,34.38,0.0,0.0,1.85,34.38,0.17,0.35,83.33,1.79,38.71,0.12,0.92,0.29,26.05,3.0,0.35,38.3,71.95,17.97,61.41,4.22,95.89,12.3,80.75,29.52,82.78,7.16,37.1,23.52,39.35,0.03,0.52,0.0,0.0,0.06,100.0,0.12,6.3,54.13,1.96,38.24,0.29,20.0,0.29,0.64,10.57,60.11,0,,0,,0,0.0,0.0,0.0,,,0.46,,,0.0,0.0,0.0,0.0,0,0.0
Alencar,Ferroviária,Paysandu,"RDMF, RCMF, LDMF",23,0,2027-12-31,4,279,0,0.02,0,0.0,16.45,66.67,Brazil,Brazil,,0,0,no,12.58,8.06,64.0,1.94,66.67,1.61,2.83,0.0,5.81,10.19,1.61,0,0.0,0,0.0,0.97,0.0,0,0.0,0.01,0,0.0,2,0.65,0.0,0.0,0.0,0.32,0.0,0.32,0.0,0.0,0.0,0.0,1.94,50.0,5.16,75.0,0.65,0.32,0.0,9.03,0.32,2.9,14.84,80.43,5.81,77.78,2.26,71.43,4.19,84.62,13.55,83.33,0.97,66.67,16.9,22.5,0.0,0.0,0.0,0.0,0.0,0.0,0.0,2.26,42.86,0.32,100.0,0.0,0.0,0.32,0.0,2.58,37.5,0,,0,,0,0.0,0.0,0.0,,,0.0,,,0.0,0.0,0.0,0.0,0,0.0
Renato Vischi,Goiatuba EC,Pouso Alegre,LCB,28,0,,16,1327,0,0.62,0,0.0,15.5,55.87,Brazil,Brazil,left,183,72,no,7.71,5.68,52.56,5.17,63.38,0.95,1.62,0.29,3.78,6.47,1.96,10,0.68,0,0.0,0.58,0.0,0,0.0,0.05,0,0.0,5,0.36,0.0,0.0,0.0,0.15,0.0,0.15,0.0,0.0,0.0,0.0,0.65,88.89,1.96,55.56,0.36,0.95,0.07,31.36,0.36,0.65,46.49,90.45,18.55,83.14,2.26,93.55,20.74,96.84,40.96,94.67,5.38,60.81,21.33,35.23,0.0,0.0,0.0,0.0,0.0,0.0,0.0,5.31,73.97,0.51,14.29,0.22,0.0,0.07,0.0,8.37,79.13,0,,0,,0,0.0,0.0,0.0,,,1.6,,,0.0,0.0,0.0,0.0,0,0.0
Fábio,Persija,Confiança,"LCMF, LDMF, RCMF",28,0,2028-06-30,14,1040,0,0.0,1,0.12,13.83,48.63,Brazil,Brazil,right,180,84,no,8.43,7.77,51.22,2.08,45.45,0.57,0.69,0.19,3.88,4.73,1.8,2,0.17,1,0.09,0.0,0.0,0,0.0,0.0,0,0.0,0,0.0,0.0,0.0,0.09,0.09,0.0,0.09,0.0,0.0,0.0,0.0,0.09,0.0,1.61,47.06,0.0,0.38,0.09,24.44,0.28,0.76,37.42,86.33,11.37,75.0,4.45,95.74,16.2,90.64,33.44,89.52,3.88,60.98,17.97,33.69,0.01,0.09,0.0,0.0,0.0,0.0,0.19,3.51,67.57,0.28,33.33,0.09,0.0,0.19,0.0,4.93,61.54,0,,0,,0,0.0,0.0,0.0,,,0.09,,,0.0,0.0,0.0,0.0,0,0.0
Patrick Allan,Santa Cruz,Pouso Alegre,"CF, AMF",31,0,,12,947,2,1.15,0,0.63,18.99,52.97,Brazil,Brazil,left,168,64,no,4.1,4.31,69.05,1.03,50.0,0.0,0.0,0.0,1.13,1.9,0.51,4,0.38,0,0.0,4.21,0.19,2,0.21,0.12,0,0.0,24,2.46,29.17,8.333,0.0,1.85,22.22,0.51,20.0,1.33,23.08,0.21,5.23,54.9,11.08,49.07,0.82,1.95,0.72,21.35,1.64,2.36,28.63,79.93,9.95,72.16,5.03,93.88,9.85,82.29,23.4,89.91,3.49,41.18,20.7,37.62,0.07,1.13,0.0,0.0,0.51,40.0,0.31,5.44,56.6,3.59,57.14,1.33,30.77,1.23,0.51,5.64,87.27,0,,0,,0,0.0,0.0,0.0,,,0.0,,,2.16,0.31,33.33,3.39,0,0.0
Léo Príncipe,ASA,Amazonas,RB,29,0,,1,16,0,0.0,0,0.0,,,Brazil,Brazil,right,173,68,no,,,,,,,0.0,,,20.0,,1,,0,,,,0,,,0,,0,,,0.0,,,,,,,,,,,,,,,,,,,,,,,,,,,,,,,20.14,38.83,,,,,,,,,,,,,,,,,,0,,0,,0,0.0,0.0,,,,,,,,,,,0,0.0
Fabian Volpi,Barra,Amazonas,GK,28,0,,6,612,0,0.0,0,0.0,0.59,75.0,Brazil,Brazil,right,186,80,no,1.03,0.15,0.0,0.44,100.0,0.15,0.22,0.0,0.88,1.33,0.15,1,0.15,0,0.0,0.0,0.0,0,0.0,0.0,0,0.0,0,0.0,0.0,0.0,0.0,0.0,0.0,0.0,0.0,0.0,0.0,0.0,0.0,0.0,0.0,0.0,0.0,0.0,0.0,7.5,0.59,0.0,14.56,82.83,8.53,74.14,0.0,0.0,5.59,94.74,9.12,96.77,5.44,59.46,32.23,50.87,0.0,0.0,0.0,0.0,0.0,0.0,0.0,1.76,66.67,0.15,0.0,0.0,0.0,0.0,0.0,4.56,70.97,7,1.03,32,4.71,1,78.13,8.17,1.2,1.17,0.172,0.0,1.62,0.44,,,,0.0,0,0.0
Patrick Carvalho,Maranhão,Pouso Alegre,CF,29,0,,2,124,0,0.15,0,0.0,14.52,55.0,Brazil,Brazil,right,178,69,no,1.45,2.9,25.0,3.63,40.0,0.73,1.43,0.0,0.0,0.0,0.0,0,0.0,0,0.0,1.45,0.0,0,0.0,0.11,0,0.0,2,1.45,50.0,0.0,0.0,0.73,0.0,0.73,0.0,0.0,0.0,0.0,1.45,50.0,3.63,80.0,1.45,0.73,0.73,5.08,0.73,2.9,9.44,76.92,0.73,0.0,2.9,100.0,2.18,66.67,7.98,81.82,0.73,100.0,18.96,14.78,0.0,0.0,0.0,0.0,0.0,0.0,0.0,0.0,0.0,0.0,0.0,0.0,0.0,0.0,0.0,0.0,0.0,0,,0,,0,0.0,0.0,0.0,,,0.0,,,0.0,0.0,0.0,0.0,0,0.0
Gabriel Pires,Acadêmica Vitória,Altos,"RCMF, RAMF, AMF",27,0,,7,230,1,0.53,0,0.15,21.13,59.26,Brazil,Brazil,left,174,75,no,2.35,1.57,25.0,1.96,60.0,0.0,0.0,0.0,1.96,3.19,1.17,1,0.39,1,0.39,3.91,0.39,1,0.39,0.21,0,0.0,6,2.35,50.0,16.667,0.0,1.17,0.0,0.0,0.0,1.17,0.0,0.0,4.3,63.64,14.87,60.53,1.17,2.74,1.17,22.7,0.39,3.52,34.04,82.76,7.83,75.0,6.65,94.12,13.7,85.71,29.74,90.79,3.13,37.5,17.91,9.53,0.06,0.39,0.0,0.0,0.0,0.0,0.0,6.26,68.75,1.17,0.0,0.0,0.0,0.0,0.0,2.35,100.0,0,,0,,0,0.0,0.0,0.0,,,0.0,,,1.96,0.39,0.0,3.13,0,0.0
Gionnotti,Lagarto,São Bernardo FC,"RW, CF, RWF",29,0,,4,133,0,0.17,0,0.17,28.42,38.1,Brazil,Brazil,left,172,65,no,2.71,4.06,50.0,0.68,100.0,0.0,0.0,0.0,0.68,0.91,2.03,0,0.0,0,0.0,7.44,0.0,0,0.0,0.11,0,0.0,4,2.71,25.0,0.0,0.0,1.35,100.0,0.0,0.0,1.35,100.0,0.0,10.83,50.0,23.01,32.35,2.03,3.38,1.35,13.53,1.35,2.71,19.62,86.21,4.74,71.43,5.41,100.0,5.41,87.5,15.56,86.96,2.71,75.0,22.83,33.51,0.12,1.35,0.0,0.0,0.0,0.0,0.0,3.38,60.0,2.71,75.0,0.0,0.0,0.0,1.35,3.38,80.0,0,,0,,0,0.0,0.0,0.0,,,0.0,,,0.0,0.0,0.0,1.35,0,0.0
Douglas,Água Santa,Manaus,RCB,31,0,,12,1132,3,0.91,0,0.1,9.14,57.39,Brazil,Brazil,right,190,89,no,5.64,3.42,51.16,3.98,72.0,0.0,0.0,0.8,3.9,5.21,0.95,5,0.4,0,0.0,0.48,0.24,3,0.24,0.07,2,0.16,7,0.56,71.43,42.857,0.0,0.0,0.0,0.0,0.0,0.0,0.0,0.0,0.08,100.0,0.4,40.0,0.48,0.4,0.08,17.65,0.08,0.24,29.34,88.35,10.81,74.26,1.43,94.44,14.79,97.85,25.76,92.9,3.58,55.56,21.87,40.54,0.01,0.08,0.0,0.0,0.0,0.0,0.08,3.26,56.1,0.32,25.0,0.08,0.0,0.08,0.0,5.72,73.61,0,,0,,0,0.0,0.0,0.0,,,1.19,,,0.16,0.16,100.0,0.0,0,0.0
Lucas Tocantins,Port FC,São Bernardo FC,"LWF, LW, RWF",31,0,2027-06-30,8,514,1,0.4,1,0.61,25.91,43.92,Brazil,Brazil,right,180,77,no,7.88,7.18,58.54,6.13,48.57,0.53,0.86,0.18,3.15,5.14,1.75,1,0.18,0,0.0,2.8,0.18,1,0.18,0.07,0,0.0,8,1.4,37.5,12.5,0.18,2.28,23.08,1.75,30.0,0.53,0.0,0.7,3.5,50.0,8.93,39.22,3.68,2.1,0.88,9.46,0.88,1.75,16.98,64.95,2.98,47.06,4.9,89.29,4.9,57.14,14.18,72.84,0.7,25.0,18.14,15.1,0.11,1.05,0.0,0.0,0.35,0.0,0.7,0.7,25.0,1.4,37.5,0.53,0.0,0.88,0.88,2.1,33.33,0,,0,,0,0.0,0.0,0.0,,,0.0,,,0.0,0.0,0.0,0.0,0,0.0
André,Cascavel,Operário PR,GK,30,0,,2,206,0,0.0,0,0.0,1.31,100.0,Brazil,Brazil,right,180,76,no,1.75,0.0,0.0,1.31,100.0,0.0,0.0,0.0,1.75,2.55,0.0,0,0.0,0,0.0,0.0,0.0,0,0.0,0.0,0,0.0,0,0.0,0.0,0.0,0.0,0.0,0.0,0.0,0.0,0.0,0.0,0.0,0.0,0.0,0.0,0.0,0.0,0.0,0.0,8.74,0.0,0.87,16.17,91.89,10.49,87.5,0.0,0.0,5.24,100.0,10.92,100.0,5.24,75.0,36.15,56.46,0.0,0.0,0.0,0.0,0.0,0.0,0.0,3.06,85.71,0.0,0.0,0.0,0.0,0.0,0.0,5.24,83.33,1,0.44,8,3.5,1,87.5,1.97,0.86,0.97,0.424,0.0,2.62,1.31,,,,0.0,0,0.0
Antony,,Altos,CF,21,0,,1,26,0,0.0,0,0.0,,,Brazil,Brazil,unknown,0,0,no,,,,,,,0.0,,,0.0,,0,,0,,,,0,,,0,,0,,,0.0,,,,,,,,,,,,,,,,,,,,,,,,,,,,,,,18.43,27.89,,,,,,,,,,,,,,,,,,0,,0,,0,0.0,0.0,,,,,,,,,,,0,0.0
João Vittor,,Altos,"RW, LW",22,0,,1,23,0,0.0,0,0.0,,,Brazil,Brazil,unknown,0,0,no,,,,,,,0.0,,,7.5,,0,,0,,,,0,,,0,,0,,,0.0,,,,,,,,,,,,,,,,,,,,,,,,,,,,,,,16.93,0.0,,,,,,,,,,,,,,,,,,0,,0,,0,0.0,0.0,,,,,,,,,,,0,0.0
Italo Gabriel,,Altos,LCMF,23,0,,1,16,0,0.0,0,0.0,,,Brazil,Brazil,unknown,0,0,no,,,,,,,0.0,,,6.0,,0,,0,,,,0,,,0,,0,,,0.0,,,,,,,,,,,,,,,,,,,,,,,,,,,,,,,17.12,0.0,,,,,,,,,,,,,,,,,,0,,0,,0,0.0,0.0,,,,,,,,,,,0,0.0
Felipe Sales,Maranhão,Floresta EC,LW,25,0,2026-12-31,2,38,0,0.11,0,0.0,,,Brazil,Brazil,,0,0,yes,,,,,,,0.0,,,0.0,,0,,0,,,,0,,,0,,1,,,0.0,,,,,,,,,,,,,,,,,,,,,,,,,,,,,,,10.88,0.0,,,,,,,,,,,,,,,,,,0,,0,,0,0.0,0.0,,,,,,,,,,,0,0.0
Tico,Feirense,Floresta EC,"CF, RW",26,0,,4,97,0,0.3,0,0.03,20.41,45.45,Brazil,Brazil,,0,0,no,4.64,6.49,57.14,0.0,0.0,0.0,0.0,0.0,0.93,1.5,1.86,1,0.93,0,0.0,2.78,0.0,0,0.0,0.27,0,0.0,2,1.86,0.0,0.0,0.0,0.93,0.0,0.93,0.0,0.0,0.0,0.0,4.64,60.0,12.99,35.71,1.86,0.0,0.0,14.85,1.86,3.71,21.34,73.91,0.0,0.0,4.64,80.0,7.42,87.5,20.41,77.27,0.0,0.0,12.36,0.0,0.03,0.93,0.0,0.0,0.0,0.0,0.0,1.86,50.0,0.93,0.0,0.0,0.0,0.93,0.0,0.0,0.0,0,,0,,0,0.0,0.0,0.0,,,0.0,,,0.0,0.0,0.0,1.86,0,0.0
Diney,EC São José,Altos,RCB,26,0,,1,33,0,0.0,0,0.0,,,Brazil,Brazil,right,0,0,no,,,,,,,0.0,,,0.0,,0,,0,,,,0,,,0,,0,,,0.0,,,,,,,,,,,,,,,,,,,,,,,,,,,,,,,17.67,0.0,,,,,,,,,,,,,,,,,,0,,0,,0,0.0,0.0,,,,,,,,,,,0,0.0
Felipinho,,Remo,RW,22,0,,1,26,0,0.0,0,0.0,,,Brazil,Brazil,left,174,73,no,,,,,,,0.0,,,6.0,,0,,0,,,,0,,,0,,0,,,0.0,,,,,,,,,,,,,,,,,,,,,,,,,,,,,,,20.71,47.86,,,,,,,,,,,,,,,,,,0,,0,,0,0.0,0.0,,,,,,,,,,,0,0.0
Vinícius Kanu,Maguary PE,Remo,CF,23,0,,3,98,0,0.29,1,0.2,29.39,40.63,Brazil,Brazil,right,0,0,no,4.59,4.59,60.0,11.94,30.77,0.0,0.0,0.0,1.84,3.75,1.84,0,0.0,0,0.0,1.84,0.0,0,0.0,0.26,0,0.0,3,2.76,0.0,0.0,0.92,0.0,0.0,0.0,0.0,0.0,0.0,0.0,2.76,66.67,9.18,40.0,3.67,0.92,0.0,7.35,0.92,2.76,7.35,87.5,1.84,50.0,1.84,100.0,1.84,100.0,7.35,87.5,0.0,0.0,9.49,0.0,0.19,0.92,0.0,0.0,0.0,0.0,0.92,0.0,0.0,0.0,0.0,0.0,0.0,0.0,0.0,0.0,0.0,0,,0,,0,0.0,0.0,0.0,,,0.0,,,0.0,0.0,0.0,0.0,0,0.0
Roque Júnior,CEOV Operário MT,Confiança,RCB,24,0,,1,19,0,0.0,0,0.0,,,Brazil,Brazil,right,187,80,no,,,,,,,0.0,,,5.0,,0,,0,,,,0,,,0,,0,,,0.0,,,,,,,,,,,,,,,,,,,,,,,,,,,,,,,0.0,0.0,,,,,,,,,,,,,,,,,,0,,0,,0,0.0,0.0,,,,,,,,,,,0,0.0
Leonardo David,Nova Iguaçu,Confiança,CF,23,0,2026-09-30,1,40,0,0.0,0,0.0,,,Brazil,Brazil,right,190,79,no,,,,,,,0.0,,,2.31,,0,,0,,,,0,,,0,,0,,,0.0,,,,,,,,,,,,,,,,,,,,,,,,,,,,,,,11.42,0.0,,,,,,,,,,,,,,,,,,0,,0,,0,0.0,0.0,,,,,,,,,,,0,0.0
Soares,Lagarto,Remo,"RAMF, AMF",28,0,2027-03-23,1,68,0,0.0,0,0.0,15.88,25.0,Brazil,Brazil,left,175,73,no,6.62,2.65,100.0,1.32,0.0,0.0,0.0,0.0,3.97,7.5,1.32,0,0.0,0,0.0,0.0,0.0,0,0.0,0.0,0,0.0,0,0.0,0.0,0.0,0.0,0.0,0.0,0.0,0.0,0.0,0.0,0.0,0.0,0.0,11.91,11.11,0.0,1.32,0.0,15.88,0.0,0.0,22.5,88.24,5.29,100.0,2.65,100.0,9.26,85.71,19.85,86.67,2.65,100.0,16.51,32.24,0.0,0.0,0.0,0.0,0.0,0.0,0.0,2.65,100.0,1.32,0.0,0.0,0.0,0.0,0.0,9.26,85.71,0,,0,,0,0.0,0.0,0.0,,,0.0,,,1.32,0.0,0.0,0.0,0,0.0
Vitor Leque,Inter de Limeira,Remo,"LAMF, LW, RAMF",25,0,,4,155,0,0.09,0,0.02,26.13,40.0,Brazil,Brazil,right,174,67,no,5.81,4.65,62.5,4.65,50.0,0.58,1.15,0.0,2.32,4.62,0.58,0,0.0,0,0.0,1.16,0.0,0,0.0,0.05,0,0.0,3,1.74,33.33,0.0,0.0,0.58,0.0,0.58,0.0,0.0,0.0,0.0,3.48,16.67,11.03,26.32,1.74,1.74,0.0,24.97,0.58,3.48,29.61,80.39,7.55,76.92,5.81,100.0,11.03,78.95,27.87,81.25,1.16,100.0,18.46,24.74,0.01,0.58,0.0,0.0,0.58,0.0,0.0,2.9,80.0,1.74,0.0,0.58,0.0,0.0,0.0,4.65,87.5,0,,0,,0,0.0,0.0,0.0,,,0.0,,,0.0,0.0,0.0,1.74,0,0.0
Lucas Gabriel,Paraná,Confiança,"LDMF, LCMF, RDMF",25,0,,8,624,0,0.17,0,0.0,16.73,50.0,Brazil,Brazil,,0,0,no,8.94,7.79,59.26,2.74,63.16,0.0,0.0,0.43,4.33,5.66,1.59,4,0.58,0,0.0,0.29,0.0,0,0.0,0.02,0,0.0,6,0.87,16.67,0.0,0.0,0.14,0.0,0.0,0.0,0.14,0.0,0.14,1.15,12.5,5.05,37.14,0.0,0.14,0.14,31.44,0.14,1.73,47.45,86.93,13.85,76.04,6.35,95.45,23.51,90.8,41.11,92.28,6.35,52.27,21.62,39.88,0.0,0.0,0.0,0.0,0.0,0.0,0.0,7.64,66.04,0.14,0.0,0.0,0.0,0.0,0.0,7.21,80.0,0,,0,,0,0.0,0.0,0.0,,,0.58,,,0.0,0.0,0.0,0.0,0,0.0
Renanzinho,Nacional AM,Remo,LW,25,0,,6,407,1,0.95,0,0.12,14.82,44.78,Brazil,Brazil,right,174,0,no,4.64,3.98,61.11,0.88,50.0,0.0,0.0,0.0,2.21,3.06,0.88,2,0.44,0,0.0,3.54,0.22,1,0.22,0.21,0,0.0,11,2.43,36.36,9.091,0.0,1.55,28.57,1.33,33.33,0.22,0.0,0.66,3.76,47.06,7.3,36.36,2.21,2.87,1.11,21.01,1.77,0.66,25.43,86.09,5.97,81.48,8.85,97.5,7.3,78.79,23.44,90.57,0.44,50.0,18.58,7.07,0.03,0.44,0.0,0.0,0.44,100.0,0.22,1.99,55.56,2.65,66.67,0.44,100.0,1.11,0.66,3.76,76.47,0,,0,,0,0.0,0.0,0.0,,,0.0,,,0.66,0.22,0.0,0.66,0,0.0
Wendson,Goiatuba EC,Botafogo PB,"LW, RW, CF",28,0,,3,111,0,0.53,0,0.05,24.32,53.33,Brazil,Brazil,right,183,75,no,10.54,8.92,54.55,3.24,50.0,0.0,0.0,0.0,5.68,8.75,2.43,1,0.81,0,0.0,2.43,0.0,0,0.0,0.43,0,0.0,1,0.81,0.0,0.0,0.0,1.62,50.0,0.81,0.0,0.81,100.0,0.0,2.43,66.67,9.73,50.0,1.62,1.62,0.81,15.41,0.81,2.43,17.84,68.18,4.86,66.67,1.62,100.0,6.49,62.5,14.59,77.78,2.43,33.33,24.51,13.8,0.04,1.62,0.0,0.0,0.0,0.0,0.0,0.81,100.0,2.43,66.67,0.0,0.0,1.62,0.0,4.05,80.0,0,,0,,0,0.0,0.0,0.0,,,0.0,,,0.0,0.0,0.0,0.0,0,0.0
Macário,Brusque,Volta Redonda,RAMF,25,0,2028-03-31,1,16,0,0.0,0,0.0,,,Brazil,Brazil,,0,0,no,,,,,,,0.0,,,0.0,,0,,0,,,,0,,,0,,0,,,0.0,,,,,,,,,,,,,,,,,,,,,,,,,,,,,,,9.77,0.0,,,,,,,,,,,,,,,,,,0,,0,,0,0.0,0.0,,,,,,,,,,,0,0.0
Pedrinho,Grêmio Prudente,Aparecidense,"LDMF, LCMF",30,0,,4,116,0,0.13,0,0.0,17.84,69.57,Brazil,Brazil,right,170,69,no,9.31,9.31,83.33,3.88,60.0,0.0,0.0,0.0,1.55,2.73,1.55,0,0.0,0,0.0,0.78,0.0,0,0.0,0.1,0,0.0,1,0.78,0.0,0.0,0.0,0.0,0.0,0.0,0.0,0.0,0.0,0.0,1.55,50.0,1.55,50.0,0.78,0.78,0.0,27.16,0.0,0.0,45.0,84.48,11.64,60.0,5.43,100.0,20.95,92.59,39.57,88.24,5.43,57.14,18.09,27.08,0.0,0.0,0.0,0.0,0.0,0.0,0.0,6.21,62.5,0.0,0.0,0.78,0.0,0.0,0.0,4.66,66.67,0,,0,,0,0.0,0.0,0.0,,,0.0,,,0.0,0.0,0.0,0.0,0,0.0
Guilherme Nunes,Confiança,Aparecidense,LCMF,27,0,,10,634,0,0.08,0,0.11,19.0,44.26,Brazil,Brazil,left,180,71,no,10.74,10.28,48.48,1.87,58.33,0.62,0.79,0.0,5.14,6.56,2.8,6,0.85,0,0.0,0.62,0.0,0,0.0,0.01,0,0.0,3,0.47,0.0,0.0,0.0,0.31,50.0,0.31,50.0,0.0,0.0,0.0,0.93,50.0,4.2,33.33,0.0,0.16,0.0,22.89,0.16,1.09,37.53,85.06,10.28,66.67,6.23,92.5,15.42,94.95,34.41,85.52,2.8,83.33,18.68,31.46,0.02,0.62,0.0,0.0,0.0,0.0,0.0,5.45,71.43,0.47,33.33,0.0,0.0,0.31,0.16,5.76,81.08,0,,0,,0,0.0,0.0,0.0,,,0.47,,,0.0,0.0,0.0,0.0,0,0.0
Lucas Barboza,Concórdia,EC São José,RCB,30,0,,2,198,0,0.0,0,0.0,14.09,64.52,Brazil,Brazil,right,185,83,no,9.09,6.36,71.43,5.45,58.33,0.0,0.0,0.45,4.55,7.5,1.36,0,0.0,0,0.0,0.91,0.0,0,0.0,0.0,0,0.0,0,0.0,0.0,0.0,0.0,0.91,50.0,0.0,0.0,0.91,50.0,0.0,0.45,100.0,0.45,100.0,0.45,0.91,0.0,20.0,0.0,0.0,35.0,77.92,14.55,68.75,2.27,80.0,14.09,90.32,26.36,84.48,7.73,58.82,25.31,46.35,0.0,0.0,0.0,0.0,0.45,0.0,0.0,8.64,57.89,1.82,25.0,0.0,0.0,0.0,0.45,10.0,68.18,0,,0,,0,0.0,0.0,0.0,,,1.36,,,0.0,0.0,0.0,0.0,0,0.0
Genilson,Capital Brasilia,Aparecidense,"RW, RB, RAMF",29,0,,9,822,1,0.46,0,1.31,18.81,52.29,Brazil,Brazil,right,179,73,no,9.34,7.01,66.67,3.57,55.17,0.86,1.09,0.12,3.81,4.82,1.6,3,0.33,0,0.0,2.7,0.11,1,0.12,0.06,1,0.12,6,0.74,33.33,16.667,0.0,2.21,44.44,0.0,0.0,2.21,44.44,0.37,2.46,55.0,6.39,42.31,1.84,1.23,0.37,22.75,2.46,0.98,31.6,80.54,8.11,71.21,6.52,84.91,10.08,89.02,28.28,84.35,1.6,53.85,18.98,40.04,0.16,1.23,0.0,0.0,0.12,100.0,0.25,2.58,71.43,1.84,60.0,0.0,0.0,0.74,0.86,6.27,78.43,0,,0,,0,0.0,0.0,0.0,,,0.25,,,0.0,0.0,0.0,0.0,0,0.0
Evanderson,Uberlândia,Aparecidense,"RCMF, LCMF, RDMF",27,0,2027-12-31,6,190,0,0.08,1,0.37,17.88,48.39,Brazil,Brazil,right,183,80,yes,8.08,5.19,66.67,2.31,25.0,0.58,0.81,0.58,4.04,5.68,1.15,1,0.47,0,0.0,2.31,0.0,0,0.0,0.05,0,0.0,2,1.15,50.0,0.0,0.58,2.31,50.0,0.0,0.0,2.31,50.0,0.58,1.73,33.33,8.65,40.0,0.0,0.0,0.58,15.58,0.0,1.15,30.58,79.25,10.96,57.89,5.19,100.0,8.65,86.67,27.12,82.98,1.15,50.0,16.65,6.35,0.21,0.58,0.0,0.58,0.0,0.0,0.58,2.88,80.0,2.31,50.0,0.0,0.0,0.0,0.58,2.88,80.0,0,,0,,0,0.0,0.0,0.0,,,0.0,,,0.0,0.0,0.0,0.0,0,0.0
Dentinho,Guarani,Brusque,"RW, LW, RAMF",29,0,,10,827,1,1.02,0,0.33,23.62,40.09,Brazil,Brazil,left,183,75,no,6.09,5.22,58.33,1.52,14.29,0.0,0.0,0.0,3.05,4.35,1.09,2,0.22,0,0.0,4.68,0.11,1,0.11,0.11,0,0.0,16,1.74,31.25,6.25,0.0,1.41,38.46,0.54,20.0,0.87,50.0,0.11,5.88,59.26,14.91,38.69,1.41,3.26,1.74,16.54,2.18,1.31,24.81,73.25,7.07,60.0,4.79,88.64,9.25,76.47,21.55,76.77,1.96,55.56,18.74,35.22,0.04,1.09,0.0,0.0,0.33,33.33,0.22,3.59,63.64,2.39,40.91,0.33,33.33,0.54,0.65,4.14,73.68,0,,0,,0,0.0,0.0,0.0,,,0.11,,,0.0,0.0,0.0,0.0,0,0.0
Abner Vinicius,Young Lions,CSA,"RAMF, LW",23,0,2026-06-30,2,64,0,0.23,0,0.0,32.34,47.83,Brazil,Brazil,,168,55,no,4.22,5.63,50.0,4.22,66.67,1.41,2.5,0.0,0.0,0.0,2.81,0,0.0,0,0.0,8.44,0.0,0,0.0,0.32,0,0.0,1,1.41,0.0,0.0,0.0,2.81,50.0,0.0,0.0,2.81,50.0,0.0,12.66,55.56,22.5,43.75,1.41,2.81,1.41,9.84,0.0,4.22,12.66,77.78,4.22,66.67,2.81,100.0,4.22,66.67,9.84,85.71,1.41,0.0,16.84,29.76,0.0,0.0,0.0,0.0,0.0,0.0,0.0,1.41,0.0,1.41,100.0,0.0,0.0,0.0,1.41,2.81,100.0,0,,0,,0,0.0,0.0,0.0,,,0.0,,,0.0,0.0,0.0,0.0,0,0.0
Pedro Henrique,Jacuipense,Brusque,CF,28,0,,4,56,0,0.05,0,0.0,28.93,16.67,Brazil,Brazil,,186,75,no,3.21,4.82,33.33,11.25,14.29,0.0,0.0,0.0,1.61,3.33,3.21,1,1.61,0,0.0,1.61,0.0,0,0.0,0.07,0,0.0,1,1.61,0.0,0.0,0.0,3.21,0.0,1.61,0.0,1.61,0.0,0.0,4.82,33.33,9.64,16.67,3.21,1.61,0.0,12.86,6.43,1.61,19.29,58.33,3.21,50.0,3.21,100.0,8.04,40.0,12.86,87.5,3.21,0.0,11.84,4.45,0.0,1.61,0.0,0.0,0.0,0.0,0.0,3.21,50.0,1.61,0.0,0.0,0.0,1.61,0.0,1.61,100.0,0,,0,,0,0.0,0.0,0.0,,,0.0,,,0.0,0.0,0.0,0.0,0,0.0
Lucas Lopes,Juventus,Ypiranga Erechim,RB,28,0,2026-10-30,7,703,0,0.12,0,0.22,19.33,51.66,Brazil,Brazil,right,182,75,no,9.35,9.22,66.67,2.82,59.09,0.0,0.0,0.13,3.2,4.29,1.54,0,0.0,0,0.0,1.41,0.0,0,0.0,0.02,0,0.0,2,0.26,50.0,0.0,0.0,1.79,21.43,0.0,0.0,1.79,21.43,0.0,1.92,33.33,4.61,33.33,0.38,1.92,0.64,23.04,0.9,0.9,31.49,82.52,12.93,75.25,4.48,97.14,7.94,85.48,26.63,91.35,3.07,41.67,18.19,32.87,0.03,0.26,0.0,0.0,0.26,100.0,0.13,3.46,77.78,1.54,33.33,0.13,100.0,0.26,0.64,8.19,75.0,0,,0,,0,0.0,0.0,0.0,,,0.13,,,0.0,0.0,0.0,0.0,0,0.0
Rafael Silva,Noroeste,Remo,CF,31,0,,1,80,0,0.08,0,0.0,21.38,31.58,Brazil,Brazil,right,184,75,no,3.38,5.63,40.0,5.63,40.0,0.0,0.0,0.0,1.13,1.36,4.5,1,1.13,0,0.0,1.13,0.0,0,0.0,0.08,0,0.0,1,1.13,0.0,0.0,0.0,1.13,0.0,0.0,0.0,1.13,0.0,0.0,1.13,100.0,5.63,20.0,2.25,0.0,0.0,10.13,1.13,1.13,13.5,75.0,0.0,0.0,3.38,100.0,2.25,50.0,12.38,81.82,0.0,0.0,24.45,0.0,0.0,0.0,0.0,0.0,0.0,0.0,0.0,0.0,0.0,0.0,0.0,0.0,0.0,0.0,0.0,0.0,0.0,0,,0,,0,0.0,0.0,0.0,,,0.0,,,0.0,0.0,0.0,0.0,0,0.0
Evandro,,Remo,LB,29,0,,8,679,0,0.11,2,0.79,16.7,55.56,Brazil,Brazil,left,170,66,no,7.69,7.82,55.93,1.99,46.67,0.4,0.58,0.0,2.92,4.23,1.99,2,0.27,0,0.0,2.92,0.0,0,0.0,0.01,0,0.0,7,0.93,14.29,0.0,0.27,4.11,19.35,4.11,19.35,0.0,0.0,0.27,3.05,65.22,3.84,65.52,0.27,2.39,0.66,38.31,1.59,0.53,50.24,78.89,21.47,73.46,7.03,100.0,16.04,75.21,41.09,89.03,5.17,46.15,20.88,35.78,0.1,1.06,0.0,0.0,0.13,0.0,0.53,7.69,65.52,3.98,23.33,0.27,0.0,0.27,1.06,14.18,76.64,0,,0,,0,0.0,0.0,0.0,,,0.8,,,0.4,0.13,0.0,1.46,0,0.0
Pedro,Athletic Club,Confiança,RW,27,0,2027-11-30,3,51,0,0.0,0,0.31,,,Brazil,Brazil,right,176,66,yes,,,,,,,0.0,,,2.73,,1,1.76,0,0.0,,0.0,0,,,0,,0,,,0.0,,,,,,,,,,,,,,,,,,,,,,,,,,,,,,,9.12,0.0,,,,,,,,,,,,,,,,,,0,,0,,0,0.0,0.0,,,,,,,,,,,0,0.0
João Pedro,,Figueirense,LCMF,22,0,,1,29,0,0.0,0,0.0,,,Brazil,Brazil,unknown,0,0,no,,,,,,,0.0,,,18.0,,0,,0,,,,0,,,0,,0,,,0.0,,,,,,,,,,,,,,,,,,,,,,,,,,,,,,,21.02,34.91,,,,,,,,,,,,,,,,,,0,,0,,0,0.0,0.0,,,,,,,,,,,0,0.0
Kayon,Botafogo PB,Náutico,RW,22,0,,1,9,0,0.0,0,0.0,,,Brazil,Brazil,right,170,63,yes,,,,,,,0.0,,,10.0,,0,,0,,,,0,,,0,,0,,,0.0,,,,,,,,,,,,,,,,,,,,,,,,,,,,,,,17.5,0.0,,,,,,,,,,,,,,,,,,0,,0,,0,0.0,0.0,,,,,,,,,,,0,0.0
Fernando Neto,Grêmio Sãocarlense,Náutico,RCMF,23,0,,1,16,0,0.0,0,0.0,,,Brazil,Brazil,,0,0,no,,,,,,,0.0,,,0.0,,0,,0,,,,0,,,0,,0,,,0.0,,,,,,,,,,,,,,,,,,,,,,,,,,,,,,,14.96,0.0,,,,,,,,,,,,,,,,,,0,,0,,0,0.0,0.0,,,,,,,,,,,0,0.0
Wesley Junio,Retrô,Náutico,RCB,25,0,,1,75,0,0.0,0,0.0,18.0,46.67,Brazil,Brazil,right,0,0,no,9.6,4.8,75.0,8.4,42.86,0.0,0.0,0.0,6.0,9.38,1.2,0,0.0,0,0.0,0.0,0.0,0,0.0,0.0,0,0.0,0,0.0,0.0,0.0,0.0,0.0,0.0,0.0,0.0,0.0,0.0,0.0,0.0,0.0,1.2,0.0,0.0,0.0,0.0,22.8,0.0,0.0,36.0,90.0,9.6,87.5,2.4,100.0,18.0,93.33,34.8,93.1,1.2,0.0,21.39,50.86,0.0,0.0,0.0,0.0,0.0,0.0,0.0,1.2,0.0,0.0,0.0,0.0,0.0,0.0,0.0,2.4,50.0,0,,0,,0,0.0,0.0,0.0,,,2.4,,,0.0,0.0,0.0,0.0,0,0.0
Thiago Gonçalves,Guarany de Bagé,Figueirense,GK,25,0,2026-09-14,2,206,0,0.0,0,0.0,0.87,100.0,Brazil,Brazil,left,189,80,no,0.87,0.0,0.0,0.44,100.0,0.0,0.0,0.0,0.87,1.22,0.0,0,0.0,0,0.0,0.0,0.0,0,0.0,0.0,0,0.0,0,0.0,0.0,0.0,0.0,0.0,0.0,0.0,0.0,0.0,0.0,0.0,0.0,0.0,0.44,100.0,0.0,0.0,0.0,4.81,0.0,0.44,10.92,72.0,8.3,73.68,0.0,0.0,2.18,60.0,4.81,81.82,6.12,64.29,44.06,53.12,0.0,0.0,0.0,0.0,0.0,0.0,0.0,1.31,33.33,0.44,0.0,0.0,0.0,0.0,0.0,5.24,66.67,2,0.87,9,3.93,1,77.78,3.66,1.6,1.66,0.725,0.0,2.18,0.44,,,,0.0,0,0.0
Júlio Rodrigues,Uberlândia,Náutico,CF,25,0,,8,295,0,0.16,0,0.12,25.63,29.76,Brazil,Brazil,right,176,70,no,3.66,3.36,27.27,6.41,28.57,0.31,0.44,0.0,2.44,3.53,1.22,1,0.31,0,0.0,1.53,0.0,0,0.0,0.05,0,0.0,1,0.31,0.0,0.0,0.0,0.92,0.0,0.61,0.0,0.31,0.0,0.0,3.05,40.0,12.2,30.0,0.92,1.53,0.0,7.93,0.31,1.83,14.03,73.91,4.58,80.0,1.83,100.0,3.36,72.73,12.51,82.93,0.61,0.0,18.88,3.89,0.04,0.92,0.0,0.0,0.61,50.0,0.31,0.92,66.67,1.22,50.0,0.61,50.0,0.61,0.0,1.83,66.67,0,,0,,0,0.0,0.0,0.0,,,0.0,,,0.0,0.0,0.0,0.0,0,0.0
Ruan Nascimento,Jacuipense,Figueirense,"RW, LW, LB",25,0,,1,20,0,0.0,0,0.0,,,Brazil,Brazil,left,173,67,no,,,,,,,0.0,,,0.0,,0,,0,,,,0,,,0,,0,,,0.0,,,,,,,,,,,,,,,,,,,,,,,,,,,,,,,15.51,0.0,,,,,,,,,,,,,,,,,,0,,0,,0,0.0,0.0,,,,,,,,,,,0,0.0
Danilo Cardoso,Mito Hollyhock,Náutico,RCB,29,0,,7,479,0,0.19,0,0.0,10.71,56.14,Brazil,Brazil,right,183,78,no,6.58,6.01,50.0,2.82,60.0,0.38,0.44,0.0,3.19,3.75,1.13,1,0.19,1,0.19,0.38,0.0,0,0.0,0.04,0,0.0,2,0.38,50.0,0.0,0.0,0.0,0.0,0.0,0.0,0.0,0.0,0.0,0.19,100.0,0.38,100.0,0.56,0.56,0.0,19.54,0.19,0.38,28.37,84.11,12.03,76.56,4.13,100.0,7.89,90.48,25.74,86.86,2.63,57.14,18.6,28.69,0.0,0.0,0.0,0.0,0.0,0.0,0.0,2.44,61.54,0.0,0.0,0.0,0.0,0.0,0.0,4.89,57.69,0,,0,,0,0.0,0.0,0.0,,,3.01,,,0.0,0.0,0.0,0.0,0,0.0
Matheus Claudino,Rio Branco SP,Figueirense,RCMF,27,0,,1,20,0,0.0,0,0.0,,,Brazil,Brazil,right,181,0,no,,,,,,,0.0,,,0.0,,0,,0,,,,0,,,0,,0,,,0.0,,,,,,,,,,,,,,,,,,,,,,,,,,,,,,,21.37,18.63,,,,,,,,,,,,,,,,,,0,,0,,0,0.0,0.0,,,,,,,,,,,0,0.0
Lucas Lourenço,Gama,Figueirense,"LW, RAMF, RDMF",25,0,,5,178,0,0.0,0,0.37,15.67,51.61,Brazil,Brazil,right,164,64,no,4.55,4.04,62.5,2.02,25.0,0.51,0.83,0.0,1.52,2.5,1.01,1,0.51,0,0.0,2.53,0.0,0,0.0,0.0,0,0.0,0,0.0,0.0,0.0,0.0,2.02,25.0,1.01,0.0,1.01,50.0,0.0,3.03,66.67,7.58,60.0,0.51,0.51,0.0,18.71,1.52,2.02,28.31,71.43,6.57,61.54,6.57,100.0,9.1,66.67,25.28,76.0,1.01,50.0,20.18,19.82,0.19,1.52,0.0,0.0,1.01,0.0,0.51,2.53,60.0,3.03,33.33,0.51,0.0,0.51,0.51,5.56,63.64,0,,0,,0,0.0,0.0,0.0,,,0.0,,,0.51,0.0,0.0,1.52,0,0.0
Wellisson,North Esporte Clube,Figueirense,RB,27,0,,1,70,0,0.0,0,0.0,7.71,100.0,Brazil,Brazil,right,177,80,no,7.71,2.57,100.0,3.86,100.0,0.0,0.0,0.0,5.14,6.0,0.0,0,0.0,0,0.0,0.0,0.0,0,0.0,0.0,0,0.0,0,0.0,0.0,0.0,0.0,0.0,0.0,0.0,0.0,0.0,0.0,0.0,0.0,0.0,1.29,100.0,0.0,0.0,0.0,12.86,1.29,0.0,20.57,62.5,11.57,33.33,3.86,100.0,5.14,100.0,15.43,75.0,5.14,25.0,18.08,29.61,0.0,0.0,0.0,0.0,0.0,0.0,0.0,1.29,100.0,0.0,0.0,0.0,0.0,0.0,0.0,6.43,40.0,0,,0,,0,0.0,0.0,0.0,,,1.29,,,0.0,0.0,0.0,0.0,0,0.0
Diego Fumaça,Uberlândia,Amazonas,"LDMF, LCMF",31,0,,4,266,0,0.19,1,0.35,14.21,45.24,Brazil,Brazil,right,176,75,no,7.78,5.08,53.33,0.68,0.0,0.68,0.9,0.0,4.4,5.82,1.35,1,0.34,0,0.0,1.69,0.0,0,0.0,0.07,0,0.0,3,1.02,0.0,0.0,0.34,1.35,50.0,0.68,100.0,0.68,0.0,0.0,1.35,50.0,6.77,40.0,0.34,0.34,0.34,26.73,0.0,1.69,38.91,83.48,11.84,65.71,5.08,93.33,15.56,93.48,34.85,88.35,2.71,37.5,18.77,36.93,0.12,0.68,0.0,0.0,0.34,100.0,0.68,4.4,69.23,1.69,80.0,0.68,50.0,1.02,1.02,7.44,63.64,0,,0,,0,0.0,0.0,0.0,,,0.0,,,0.0,0.0,0.0,0.0,0,0.0
Rayan Ribeiro,Retrô,Pouso Alegre,"RCB, LCB, CB",30,0,,16,1636,0,0.93,0,0.03,16.67,66.01,Brazil,Brazil,right,186,87,no,8.8,6.05,64.55,4.35,62.03,0.0,0.0,0.77,4.9,8.02,1.32,8,0.44,1,0.06,1.54,0.0,0,0.0,0.05,0,0.0,10,0.55,10.0,0.0,0.0,0.06,0.0,0.0,0.0,0.06,0.0,0.0,1.82,81.82,3.96,75.0,0.44,0.72,0.22,31.69,0.33,1.32,50.5,83.77,24.81,72.51,1.05,89.47,22.0,96.5,40.32,92.36,10.12,50.0,24.7,38.58,0.0,0.11,0.0,0.0,0.11,0.0,0.0,6.93,57.94,0.55,10.0,0.39,0.0,0.0,0.0,12.32,68.3,0,,0,,0,0.0,0.0,0.0,,,0.77,,,0.0,0.0,0.0,0.0,0,0.0
Caio Hila,Oeste,Amazonas,"RB, RW, RAMF",26,0,2026-09-15,7,348,0,0.02,0,0.04,18.62,48.61,Brazil,Brazil,right,180,65,no,12.16,10.6,58.54,2.07,37.5,1.81,2.26,0.26,4.14,5.16,2.07,2,0.52,1,0.26,1.29,0.0,0,0.0,0.0,0,0.0,2,0.52,50.0,0.0,0.0,2.59,20.0,0.0,0.0,2.59,20.0,0.26,0.52,100.0,4.4,35.29,0.78,1.03,0.0,25.09,1.29,1.03,30.26,76.07,10.34,57.5,3.62,100.0,8.28,78.13,25.6,87.88,2.07,0.0,17.76,23.86,0.01,0.26,0.0,0.0,0.26,0.0,0.26,3.62,57.14,2.33,44.44,0.26,0.0,0.26,0.52,3.88,80.0,0,,0,,0,0.0,0.0,0.0,,,0.0,,,0.78,0.0,0.0,0.52,0,0.0
Alyson Motta,São Bernardo,Pouso Alegre,"RW, LW, LB",26,0,,3,118,0,0.16,0,0.01,21.36,35.71,Brazil,Brazil,left,164,0,no,4.58,5.34,57.14,0.0,0.0,0.0,0.0,0.0,1.53,3.33,1.53,0,0.0,0,0.0,3.05,0.0,0,0.0,0.12,0,0.0,3,2.29,33.33,0.0,0.0,5.34,0.0,3.81,0.0,1.53,0.0,0.0,5.34,42.86,10.68,35.71,1.53,0.76,0.0,19.83,0.76,2.29,27.46,58.33,9.92,61.54,1.53,100.0,12.97,47.06,18.31,70.83,4.58,66.67,24.25,14.22,0.01,0.76,0.0,0.0,0.76,0.0,0.0,3.81,100.0,6.1,12.5,0.76,0.0,0.76,0.0,4.58,83.33,0,,0,,0,0.0,0.0,0.0,,,0.0,,,0.0,0.0,0.0,0.76,0,0.0
Alason Carioca,Ituano,Pouso Alegre,"LAMF, LW",27,0,,8,615,0,1.5,0,0.51,29.71,40.39,Brazil,Brazil,left,173,74,no,6.44,6.15,52.38,5.27,30.56,1.02,1.6,0.0,2.2,3.44,2.2,4,0.59,0,0.0,4.54,0.0,0,0.0,0.22,0,0.0,15,2.2,40.0,0.0,0.0,1.9,30.77,1.61,27.27,0.29,50.0,0.29,4.83,57.58,14.2,38.14,2.93,1.02,0.73,16.1,1.61,3.51,19.9,75.0,5.71,74.36,4.98,88.24,5.12,74.29,17.12,80.34,1.02,57.14,18.97,26.36,0.07,0.59,0.0,0.0,0.59,50.0,0.29,3.51,58.33,1.9,53.85,0.15,0.0,0.59,0.59,4.1,78.57,0,,0,,0,0.0,0.0,0.0,,,0.0,,,0.29,0.0,0.0,0.29,0,0.0
Matheus Lira,Maricá,Pouso Alegre,"RCMF, RDMF, DMF",28,0,,3,79,0,0.0,0,0.0,19.37,35.29,Brazil,Brazil,right,182,78,no,3.42,10.25,22.22,1.14,0.0,0.0,0.0,0.0,1.14,1.76,5.7,1,1.14,0,0.0,2.28,0.0,0,0.0,0.0,0,0.0,0,0.0,0.0,0.0,0.0,2.28,0.0,0.0,0.0,2.28,0.0,0.0,2.28,100.0,5.7,40.0,0.0,0.0,0.0,11.39,1.14,2.28,26.2,73.91,7.97,57.14,2.28,100.0,13.67,83.33,21.65,84.21,2.28,50.0,20.41,13.41,0.0,0.0,0.0,0.0,0.0,0.0,0.0,0.0,0.0,1.14,0.0,0.0,0.0,0.0,0.0,5.7,60.0,0,,0,,0,0.0,0.0,0.0,,,0.0,,,0.0,0.0,0.0,0.0,0,0.0
Djalma,Gimpo Citizen,Pouso Alegre,"RCMF, RDMF",25,0,,10,838,2,0.59,0,0.11,20.08,48.13,Brazil,Brazil,right,174,70,no,6.34,7.3,48.53,2.04,57.89,0.32,0.53,0.54,2.47,4.06,2.58,5,0.54,0,0.0,1.18,0.21,2,0.21,0.06,0,0.0,11,1.18,18.18,18.182,0.0,0.32,33.33,0.0,0.0,0.32,33.33,0.11,1.29,66.67,8.05,50.67,0.43,0.54,0.21,24.27,0.32,2.9,34.58,86.65,11.71,78.9,3.54,96.97,14.61,91.18,31.9,90.24,2.36,45.45,19.18,34.6,0.01,0.75,0.0,0.0,0.0,0.0,0.0,6.77,77.78,1.18,27.27,0.43,25.0,0.21,0.11,6.87,81.25,0,,0,,0,0.0,0.0,0.0,,,0.0,,,0.21,0.0,0.0,0.0,0,0.0
Igor Pereira,Guarani,Pouso Alegre,"LCMF, LDMF, RDMF",25,0,,16,1359,0,0.31,0,0.32,20.16,52.26,Brazil,Brazil,right,181,80,no,10.54,8.57,59.84,3.02,44.19,0.91,1.55,0.21,4.5,7.65,2.46,5,0.33,0,0.0,1.41,0.0,0,0.0,0.02,0,0.0,12,0.84,25.0,0.0,0.0,0.28,0.0,0.07,0.0,0.14,0.0,0.0,1.62,65.22,4.64,56.06,0.21,0.91,0.28,26.84,0.07,1.12,42.44,85.43,13.91,74.24,4.07,89.66,19.88,91.17,36.46,89.4,5.69,64.2,20.02,37.99,0.02,0.56,0.0,0.0,0.14,100.0,0.21,7.66,76.15,1.19,52.94,0.35,40.0,0.7,0.0,8.08,74.78,0,,0,,0,0.0,0.0,0.0,,,0.28,,,0.0,0.0,0.0,0.0,0,0.0
Wandson,ASA,Volta Redonda,"RAMF, RW",28,0,,8,276,1,0.91,1,0.17,20.54,28.57,Brazil,Brazil,left,182,72,no,3.59,5.54,29.41,3.26,10.0,0.0,0.0,0.0,1.96,2.5,1.96,1,0.33,0,0.0,2.28,0.33,1,0.33,0.3,0,0.0,7,2.28,28.57,14.286,0.33,1.96,50.0,0.0,0.0,1.96,50.0,0.0,2.93,22.22,8.48,38.46,2.28,2.28,0.98,19.57,2.28,0.98,27.39,77.38,5.54,64.71,6.85,85.71,9.78,76.67,23.48,83.33,2.28,42.86,21.97,27.46,0.06,0.33,0.0,0.33,0.33,0.0,0.33,2.93,44.44,2.93,44.44,0.98,0.0,0.98,0.65,3.91,83.33,0,,0,,0,0.0,0.0,0.0,,,0.0,,,0.0,0.0,0.0,0.65,0,0.0
Gabriel Bahia,Grêmio Novorizontino,Volta Redonda,RCB,27,0,2027-03-31,3,266,0,0.0,0,0.0,16.24,70.83,Brazil,Brazil,right,0,0,yes,9.14,5.41,75.0,8.46,76.0,0.0,0.0,0.0,5.08,9.0,1.02,1,0.34,0,0.0,0.0,0.0,0,0.0,0.0,0,0.0,0,0.0,0.0,0.0,0.0,0.34,0.0,0.0,0.0,0.34,0.0,0.0,0.34,0.0,1.35,0.0,0.34,0.0,0.0,36.88,0.34,0.0,54.47,90.68,17.93,83.02,2.03,100.0,31.13,94.57,51.43,93.42,2.71,50.0,20.84,40.51,0.0,0.0,0.0,0.0,0.0,0.0,0.0,3.05,77.78,0.34,0.0,0.0,0.0,0.0,0.0,8.12,62.5,0,,0,,0,0.0,0.0,0.0,,,1.35,,,0.0,0.0,0.0,0.0,0,0.0
Matheus Alessandro,Sampaio Corrêa RJ,Volta Redonda,"AMF, LW, LAMF",29,0,,6,252,0,0.8,0,0.04,35.36,46.46,Brazil,Brazil,right,171,65,no,3.57,6.07,35.29,1.79,40.0,0.36,0.59,0.36,1.07,1.76,3.93,1,0.36,0,0.0,6.07,0.0,0,0.0,0.29,0,0.0,5,1.79,40.0,0.0,0.0,1.43,25.0,1.43,25.0,0.0,0.0,0.36,7.5,66.67,23.57,53.03,2.86,2.14,0.71,23.21,0.71,7.86,28.93,91.36,4.29,91.67,6.43,100.0,11.43,87.5,25.71,95.83,1.79,80.0,18.65,20.64,0.01,0.71,0.0,0.0,0.0,0.0,0.0,1.79,80.0,1.43,50.0,0.36,0.0,1.07,0.36,2.86,75.0,0,,0,,0,0.0,0.0,0.0,,,0.0,,,0.0,0.0,0.0,1.79,0,0.0
Guilherme Beléa,Piauí,EC São José,"LWF, RWF, CF",24,0,,5,324,1,1.1,0,0.06,19.72,43.66,Brazil,Brazil,right,180,72,yes,3.33,2.5,66.67,1.94,14.29,0.28,0.42,0.0,1.39,2.08,0.83,1,0.28,0,0.0,3.89,0.28,1,0.28,0.31,0,0.0,9,2.5,55.56,11.111,0.0,1.67,0.0,0.83,0.0,0.83,0.0,0.83,6.11,40.91,12.5,40.0,3.33,1.11,0.83,11.67,1.11,2.5,18.61,68.66,3.89,71.43,4.72,94.12,6.39,47.83,15.83,77.19,1.39,40.0,18.42,27.16,0.02,0.56,0.0,0.0,0.28,0.0,0.28,1.39,40.0,1.67,50.0,0.28,0.0,0.83,0.28,1.94,57.14,0,,0,,0,0.0,0.0,0.0,,,0.56,,,0.0,0.0,0.0,0.0,0,0.0
Kelvin Oliveira,,EC São José,"CF, AMF",30,0,,2,32,0,0.0,0,0.0,,,Brazil,Brazil,,0,0,no,,,,,,,0.0,,,0.0,,0,,0,,,,0,,,0,,0,,,0.0,,,,,,,,,,,,,,,,,,,,,,,,,,,,,,,16.26,0.0,,,,,,,,,,,,,,,,,,0,,0,,0,0.0,0.0,,,,,,,,,,,0,0.0
Eduardo Biazus,Portuguesa,São Bernardo FC,"CB, RCB, LCB",25,0,2028-12-13,3,169,0,0.16,0,0.0,15.98,50.0,Brazil,Brazil,right,186,83,no,7.99,2.66,60.0,9.05,47.06,0.0,0.0,1.07,6.39,7.66,1.07,2,1.07,0,0.0,0.53,0.0,0,0.0,0.08,0,0.0,1,0.53,0.0,0.0,0.0,0.0,0.0,0.0,0.0,0.0,0.0,0.0,1.07,50.0,1.07,50.0,1.07,0.53,0.53,10.12,0.0,0.0,18.11,91.18,5.86,81.82,1.07,100.0,9.59,94.44,16.51,93.55,1.6,66.67,21.45,44.38,0.0,0.0,0.0,0.0,0.0,0.0,0.0,1.6,66.67,0.0,0.0,0.0,0.0,0.0,0.0,4.26,75.0,0,,0,,0,0.0,0.0,0.0,,,0.53,,,0.0,0.0,0.0,0.0,0,0.0
Brenno Pereira,Operário PR,Operário PR,LAMF,21,0,,1,16,0,0.0,0,0.0,,,Brazil,Brazil,unknown,0,0,no,,,,,,,7.5,,,7.5,,1,,0,,,,0,,,0,,0,,,0.0,,,,,,,,,,,,,,,,,,,,,,,,,,,,,,,18.7,24.61,,,,,,,,,,,,,,,,,,0,,0,,0,0.0,0.0,,,,,,,,,,,0,0.0
Alex,,São Bernardo FC,"LWB, LWF, CF",21,0,,2,86,0,0.01,0,0.03,23.02,45.45,Brazil,Brazil,unknown,0,0,no,8.37,8.37,87.5,1.05,0.0,0.0,0.0,0.0,1.05,2.14,0.0,0,0.0,0,0.0,2.09,0.0,0,0.0,0.01,0,0.0,1,1.05,0.0,0.0,0.0,1.05,0.0,0.0,0.0,1.05,0.0,0.0,4.19,50.0,11.51,27.27,2.09,1.05,0.0,18.84,1.05,3.14,20.93,80.0,4.19,50.0,6.28,100.0,4.19,100.0,19.88,84.21,0.0,0.0,19.14,0.0,0.04,2.09,0.0,0.0,1.05,0.0,0.0,1.05,0.0,1.05,0.0,0.0,0.0,1.05,0.0,2.09,100.0,0,,0,,0,0.0,0.0,0.0,,,0.0,,,0.0,0.0,0.0,0.0,0,0.0
Pedro Igor,Itabaiana,Floresta EC,"LW, RW",24,0,2027-12-30,5,92,0,0.21,0,0.0,29.35,46.67,Brazil,Brazil,unknown,0,0,no,5.87,8.8,44.44,0.98,0.0,0.98,1.58,0.0,0.98,1.58,3.91,0,0.0,0,0.0,8.8,0.0,0,0.0,0.2,0,0.0,2,1.96,50.0,0.0,0.0,4.89,20.0,2.93,33.33,1.96,0.0,0.0,13.7,50.0,19.57,50.0,0.98,6.85,1.96,17.61,0.0,1.96,27.39,64.29,5.87,83.33,8.8,100.0,8.8,22.22,20.54,76.19,2.93,66.67,18.89,19.45,0.0,0.0,0.0,0.0,0.0,0.0,0.0,0.98,100.0,4.89,0.0,0.0,0.0,0.0,0.0,2.93,33.33,0,,0,,0,0.0,0.0,0.0,,,0.0,,,0.98,0.98,0.0,0.0,0,0.0
Rodrigo,Desportivo Brasil,Floresta EC,"RDMF, LDMF",22,0,,3,127,0,0.0,0,0.0,16.67,53.33,Brazil,Brazil,right,0,0,no,4.44,6.67,66.67,1.11,100.0,0.0,0.0,0.0,0.0,0.0,0.0,0,0.0,0,0.0,0.0,0.0,0,0.0,0.0,0,0.0,0,0.0,0.0,0.0,0.0,0.0,0.0,0.0,0.0,0.0,0.0,0.0,2.22,0.0,5.56,40.0,1.11,0.0,0.0,25.56,0.0,3.33,35.56,90.63,10.0,66.67,7.78,100.0,8.89,100.0,32.22,96.55,3.33,33.33,13.95,24.22,0.0,0.0,0.0,0.0,0.0,0.0,0.0,3.33,33.33,1.11,0.0,1.11,0.0,0.0,0.0,2.22,50.0,0,,0,,0,0.0,0.0,0.0,,,2.22,,,0.0,0.0,0.0,0.0,0,0.0
Felipe Diogo,,São Bernardo FC,"LWF, RWF, AMF",24,0,,2,30,0,0.0,0,0.0,,,Brazil,Brazil,,0,0,no,,,,,,,0.0,,,0.0,,1,,0,,,,0,,,0,,0,,,0.0,,,,,,,,,,,,,,,,,,,,,,,,,,,,,,,13.1,6.08,,,,,,,,,,,,,,,,,,0,,0,,0,0.0,0.0,,,,,,,,,,,0,0.0
Jean Carlos,,Operário PR,"CF, RW, LW",23,0,,2,104,0,0.02,0,0.12,17.31,45.0,Brazil,Brazil,right,0,0,no,4.33,6.92,62.5,1.73,50.0,0.0,0.0,0.0,0.0,0.0,0.87,0,0.0,0,0.0,5.19,0.0,0,0.0,0.01,0,0.0,1,0.87,100.0,0.0,0.0,2.6,66.67,0.87,100.0,1.73,50.0,1.73,5.19,50.0,7.79,33.33,1.73,2.6,1.73,18.17,1.73,0.0,24.23,75.0,4.33,40.0,7.79,88.89,5.19,66.67,21.63,76.0,0.0,0.0,12.51,0.0,0.11,1.73,0.0,0.0,0.0,0.0,0.87,0.0,0.0,2.6,66.67,0.0,0.0,0.0,0.87,1.73,100.0,0,,0,,0,0.0,0.0,0.0,,,0.0,,,0.0,0.0,0.0,0.0,0,0.0
Arthur Neves,Nova Iguaçu,Operário PR,"LB, LWB",24,0,,14,1099,0,0.11,0,1.11,20.14,49.13,Brazil,Brazil,left,170,70,no,9.11,7.18,64.63,1.31,40.0,0.09,0.12,0.09,4.38,6.2,0.79,0,0.0,0,0.0,4.38,0.0,0,0.0,0.01,0,0.0,3,0.26,0.0,0.0,0.0,4.38,46.0,4.29,44.9,0.0,0.0,0.35,4.9,48.21,9.46,38.89,0.79,1.4,0.44,25.83,1.23,0.61,39.05,73.32,17.77,63.55,4.9,92.86,9.63,79.09,30.03,81.05,5.08,48.28,19.75,36.25,0.1,0.88,0.0,0.0,0.09,0.0,0.26,4.99,57.89,3.41,64.1,0.44,40.0,0.61,1.58,9.89,69.91,0,,0,,0,0.0,0.0,0.0,,,0.09,,,0.35,0.0,0.0,0.26,0,0.0
Matheus Alemão,AA Batel,Operário PR,"RW, CF",24,0,,2,43,0,0.03,0,0.0,,,Brazil,Brazil,right,178,69,no,,,,,,,0.0,,,6.0,,0,,0,,,,0,,,0,,1,,,0.0,,,,,,,,,,,,,,,,,,,,,,,,,,,,,,,11.28,0.0,,,,,,,,,,,,,,,,,,0,,0,,0,0.0,0.0,,,,,,,,,,,0,0.0
Vinicius Popó,Barra,Operário PR,"CF, LAMF",25,0,2028-01-05,13,768,3,3.61,0,0.45,23.5,33.52,Brazil,Brazil,right,179,76,yes,2.97,5.29,43.9,6.71,26.92,0.13,0.19,0.0,0.52,0.77,1.94,0,0.0,0,0.0,1.29,0.35,3,0.39,0.47,2,0.26,15,1.94,26.67,20.0,0.0,0.52,25.0,0.26,50.0,0.26,0.0,0.0,0.9,57.14,7.88,29.51,4.0,0.26,0.0,9.94,1.81,1.03,14.85,67.83,2.58,35.0,5.42,88.1,3.36,61.54,13.95,71.3,0.39,0.0,12.57,6.92,0.06,0.26,0.0,0.13,0.26,50.0,0.13,1.16,11.11,0.9,14.29,0.26,50.0,0.52,0.13,0.65,20.0,0,,0,,0,0.0,0.0,0.0,,,0.0,,,0.0,0.0,0.0,0.0,0,0.0
Jhonatan Silva,Athletic Club,Operário PR,"RCB, LCB",26,0,2026-11-30,8,602,0,0.71,0,0.0,11.96,75.0,Brazil,Brazil,right,0,0,no,7.18,3.89,73.08,5.23,68.57,0.75,1.09,0.9,3.59,5.22,0.45,1,0.15,0,0.0,0.75,0.0,0,0.0,0.11,0,0.0,5,0.75,40.0,0.0,0.0,0.0,0.0,0.0,0.0,0.0,0.0,0.0,0.6,75.0,1.5,90.0,0.75,0.45,0.15,27.51,0.6,1.2,42.46,85.21,15.55,72.12,2.84,94.74,19.88,94.74,37.08,91.13,5.38,44.44,21.81,42.3,0.0,0.0,0.0,0.0,0.0,0.0,0.0,5.23,48.57,0.45,0.0,0.45,0.0,0.0,0.0,6.13,65.85,0,,0,,0,0.0,0.0,0.0,,,2.54,,,0.0,0.0,0.0,0.0,0,0.0
P. Villero,Seongnam,Náutico,"LW, RW",27,0,2026-12-31,17,1538,2,3.25,1,1.51,22.3,44.88,Colombia,Colombia,right,169,62,yes,7.49,6.79,56.03,2.17,29.73,0.53,0.66,0.06,3.16,3.96,1.58,1,0.06,0,0.0,3.92,0.12,2,0.12,0.19,0,0.0,31,1.81,41.94,6.452,0.06,3.04,23.08,1.46,8.0,1.58,37.04,0.41,4.15,56.34,10.94,41.18,2.22,2.63,1.35,16.38,1.4,1.52,25.05,74.77,5.03,62.79,6.09,96.15,7.67,68.7,20.83,83.43,1.4,54.17,17.95,27.36,0.09,0.94,0.0,0.0,0.35,33.33,0.23,1.64,60.71,2.75,40.43,0.59,40.0,0.7,0.59,2.57,70.45,0,,0,,0,0.0,0.0,0.0,,,0.23,,,0.0,0.0,0.0,0.0,0,0.0
Miraíma,São Bernardo FC,Náutico,"RCMF, LCMF, LB",26,0,2027-12-31,17,895,0,0.74,1,1.12,14.28,45.07,Brazil,Brazil,right,173,69,yes,7.54,5.33,52.83,2.72,25.93,0.5,0.65,0.5,4.22,5.48,1.51,2,0.2,0,0.0,1.41,0.0,0,0.0,0.07,0,0.0,18,1.81,22.22,0.0,0.1,0.3,33.33,0.0,0.0,0.3,33.33,0.0,0.91,55.56,4.22,45.24,0.5,0.3,0.0,27.55,0.2,0.8,39.42,84.95,13.47,73.88,7.04,97.14,12.97,89.15,35.4,89.2,3.72,48.65,19.48,30.92,0.11,0.91,0.1,0.0,0.7,57.14,0.1,6.84,73.53,1.71,58.82,0.91,55.56,0.8,0.1,7.04,84.29,0,,0,,0,0.0,0.0,0.0,,,0.3,,,1.31,0.1,100.0,0.91,0,0.0
Thiaguinho,,Náutico,"RW, CF, LW",27,0,,7,316,0,0.12,1,0.11,27.63,35.05,Brazil,Brazil,right,177,69,no,9.4,9.68,38.24,4.84,35.29,1.71,2.4,0.0,3.99,5.6,3.99,3,0.85,0,0.0,1.71,0.0,0,0.0,0.03,0,0.0,3,0.85,33.33,0.0,0.28,0.28,0.0,0.0,0.0,0.28,0.0,0.0,3.7,38.46,9.97,25.71,1.14,1.14,0.57,18.8,2.56,0.57,27.63,83.51,6.27,63.64,7.69,100.0,8.26,86.21,26.77,84.04,0.57,100.0,17.25,10.04,0.03,1.14,0.0,0.0,0.57,0.0,0.0,3.13,63.64,1.71,33.33,0.57,0.0,0.57,0.0,3.42,83.33,0,,0,,0,0.0,0.0,0.0,,,0.0,,,0.0,0.0,0.0,0.57,0,0.0
Rennan Siqueira,XV de Piracicaba,Náutico,"LB, LCB",31,0,2026-09-15,13,1245,0,0.13,0,0.28,11.86,54.27,Brazil,Brazil,left,184,81,no,8.82,5.06,64.29,2.75,65.79,0.51,0.62,0.29,5.06,6.19,1.16,3,0.22,0,0.0,0.94,0.0,0,0.0,0.01,0,0.0,3,0.22,66.67,0.0,0.0,1.08,46.67,1.08,46.67,0.0,0.0,0.22,0.58,50.0,2.17,36.67,0.43,1.08,0.14,23.93,0.65,0.87,36.22,76.85,16.99,67.23,3.69,98.04,11.78,82.21,29.28,85.93,5.86,37.04,21.82,36.03,0.02,0.58,0.07,0.0,0.0,0.0,0.07,7.52,55.77,1.45,45.0,0.43,16.67,0.36,0.43,8.89,74.8,0,,0,,0,0.0,0.0,0.0,,,0.58,,,0.0,0.0,0.0,0.0,0,0.0
Jean Mangabeira,Figueirense,Náutico,"LCMF, RCMF",29,0,,18,1575,2,0.86,0,0.25,17.49,59.48,Brazil,Brazil,right,185,71,no,8.8,8.69,59.21,2.97,65.38,0.29,0.37,0.17,3.37,4.41,1.71,4,0.23,0,0.0,1.31,0.11,2,0.11,0.05,1,0.06,16,0.91,43.75,12.5,0.0,0.63,45.45,0.23,50.0,0.4,42.86,0.06,0.8,78.57,3.26,56.14,0.4,0.34,0.23,21.37,0.11,1.14,32.11,82.56,9.77,68.42,4.91,93.02,11.77,88.35,28.46,87.15,3.03,47.17,18.76,35.85,0.01,0.29,0.0,0.0,0.23,0.0,0.0,5.2,70.33,0.74,38.46,0.17,0.0,0.0,0.34,5.66,66.67,0,,0,,0,0.0,0.0,0.0,,,0.17,,,0.0,0.0,0.0,0.0,0,0.0
Diego Ferreira,Portuguesa RJ,Náutico,"RB, RW",30,0,2027-06-30,13,672,0,0.12,2,0.46,12.05,54.44,Brazil,Brazil,right,173,71,no,6.7,4.29,68.75,2.95,63.64,0.13,0.19,0.27,3.62,5.03,0.8,1,0.13,1,0.13,0.67,0.0,0,0.0,0.02,0,0.0,3,0.4,0.0,0.0,0.27,1.88,28.57,0.0,0.0,1.88,28.57,0.13,0.94,14.29,3.35,32.0,0.94,1.34,0.54,19.82,1.88,0.94,26.38,71.07,10.18,64.47,5.49,90.24,6.7,60.0,22.1,78.18,2.54,36.84,19.84,24.86,0.06,0.67,0.0,0.0,0.13,0.0,0.4,2.41,61.11,1.61,33.33,0.27,0.0,0.4,0.54,5.09,55.26,0,,0,,0,0.0,0.0,0.0,,,0.67,,,0.13,0.0,0.0,0.13,0,0.0
Denílson,Retrô,Náutico,"RCB, LCB, CB",31,0,,18,1763,1,0.86,0,0.0,11.08,58.06,Brazil,Brazil,right,187,77,no,6.38,4.44,63.22,4.95,56.7,0.26,0.33,0.56,3.32,4.32,1.43,4,0.2,0,0.0,0.15,0.05,1,0.05,0.04,1,0.05,6,0.31,33.33,16.667,0.0,0.0,0.0,0.0,0.0,0.0,0.0,0.0,0.05,100.0,0.56,45.45,0.61,0.56,0.15,23.94,0.26,0.31,35.84,91.03,13.89,83.09,1.99,97.44,16.34,96.25,33.03,93.66,2.81,60.0,20.21,33.18,0.0,0.0,0.0,0.0,0.05,0.0,0.0,3.57,71.43,0.36,28.57,0.05,0.0,0.1,0.0,5.51,78.7,0,,0,,0,0.0,0.0,0.0,,,1.43,,,0.0,0.0,0.0,0.0,0,0.0
Lima,ABC,Náutico,"RW, LW",27,0,,2,59,0,0.0,0,0.0,13.73,22.22,Brazil,Brazil,left,173,65,no,4.58,4.58,33.33,1.53,0.0,0.0,0.0,0.0,3.05,3.53,3.05,1,1.53,0,0.0,0.0,0.0,0,0.0,0.0,0,0.0,0,0.0,0.0,0.0,0.0,0.0,0.0,0.0,0.0,0.0,0.0,0.0,1.53,0.0,1.53,0.0,0.0,0.0,1.53,12.2,0.0,0.0,21.36,78.57,10.68,71.43,6.1,100.0,4.58,66.67,18.31,91.67,3.05,0.0,14.83,15.6,0.0,0.0,0.0,0.0,0.0,0.0,0.0,4.58,66.67,0.0,0.0,0.0,0.0,0.0,0.0,1.53,100.0,0,,0,,0,0.0,0.0,0.0,,,0.0,,,0.0,0.0,0.0,0.0,0,0.0
Uesley Gaúcho,São Luiz,Figueirense,LCMF,25,0,,1,38,0,0.0,0,0.0,,,Brazil,Brazil,right,181,0,no,,,,,,,0.0,,,7.5,,1,,0,,,,0,,,0,,0,,,0.0,,,,,,,,,,,,,,,,,,,,,,,,,,,,,,,18.68,37.28,,,,,,,,,,,,,,,,,,0,,0,,0,0.0,0.0,,,,,,,,,,,0,0.0
Andrey,EC São José,Figueirense,RW,26,0,,4,129,0,0.06,0,0.0,30.7,45.45,Brazil,Brazil,right,182,74,no,11.16,13.26,63.16,4.19,16.67,0.0,0.0,0.0,2.79,3.53,4.88,1,0.7,0,0.0,2.79,0.0,0,0.0,0.04,0,0.0,1,0.7,0.0,0.0,0.0,2.79,0.0,0.0,0.0,2.79,0.0,0.0,3.49,80.0,9.07,38.46,0.7,1.4,0.0,7.67,0.7,0.7,20.23,75.86,2.79,50.0,4.88,100.0,7.67,63.64,16.74,91.67,1.4,0.0,16.3,17.23,0.0,0.0,0.0,0.0,0.0,0.0,0.0,2.09,66.67,1.4,0.0,0.0,0.0,0.0,0.0,1.4,50.0,0,,0,,0,0.0,0.0,0.0,,,0.0,,,0.0,0.0,0.0,0.0,0,0.0
Renê,Vitória,EC São José,"RCMF, RW, LWF",22,0,2029-12-31,3,76,0,0.28,0,0.04,24.87,66.67,Brazil,Brazil,right,183,70,yes,8.29,5.92,60.0,7.11,50.0,0.0,0.0,0.0,4.74,10.91,1.18,0,0.0,0,0.0,1.18,0.0,0,0.0,0.34,0,0.0,2,2.37,0.0,0.0,0.0,1.18,0.0,1.18,0.0,0.0,0.0,0.0,2.37,50.0,7.11,66.67,2.37,0.0,0.0,7.11,2.37,5.92,16.58,78.57,3.55,66.67,3.55,100.0,4.74,75.0,14.21,91.67,1.18,0.0,14.71,10.01,0.05,2.37,0.0,0.0,0.0,0.0,0.0,0.0,0.0,1.18,0.0,0.0,0.0,0.0,0.0,4.74,50.0,0,,0,,0,0.0,0.0,0.0,,,0.0,,,0.0,0.0,0.0,0.0,0,0.0
Gregory,Anapolina,Aparecidense,LCMF,25,0,2026-09-30,1,12,0,0.0,0,0.0,,,Brazil,Brazil,right,176,69,no,,,,,,,0.0,,,15.0,,0,,0,,,,0,,,0,,0,,,0.0,,,,,,,,,,,,,,,,,,,,,,,,,,,,,,,21.0,0.0,,,,,,,,,,,,,,,,,,0,,0,,0,0.0,0.0,,,,,,,,,,,0,0.0
Caíque,Maringá,Aparecidense,"CF, RW, RAMF",26,0,2026-12-31,3,109,0,0.39,0,0.06,35.5,41.86,Brazil,Brazil,right,182,75,yes,4.13,4.13,40.0,2.48,0.0,1.65,2.4,0.0,0.83,1.2,1.65,0,0.0,0,0.0,5.78,0.0,0,0.0,0.32,0,0.0,2,1.65,50.0,0.0,0.0,1.65,50.0,0.0,0.0,1.65,50.0,0.0,9.08,45.45,19.82,45.83,3.3,0.83,0.83,7.43,0.83,4.13,15.69,73.68,4.95,66.67,3.3,100.0,3.3,75.0,14.04,76.47,0.83,0.0,17.15,18.84,0.05,0.83,0.0,0.0,0.0,0.0,0.83,1.65,100.0,0.83,100.0,0.0,0.0,0.83,0.83,1.65,100.0,0,,0,,0,0.0,0.0,0.0,,,0.0,,,0.0,0.0,0.0,0.0,0,0.0
Rodrigues,Santa Cruz,Aparecidense,LB,26,0,,17,1657,0,0.09,1,1.92,17.35,56.62,Brazil,Brazil,left,171,69,no,8.96,8.5,65.54,2.99,63.46,0.52,0.67,0.17,2.87,3.74,1.72,5,0.27,0,0.0,2.53,0.0,0,0.0,0.01,0,0.0,2,0.11,0.0,0.0,0.06,3.5,39.34,3.45,38.33,0.0,0.0,0.29,2.13,54.05,4.37,44.74,0.46,1.67,0.4,27.11,2.87,0.34,37.16,80.68,12.75,71.17,5.57,91.75,14.76,85.99,29.92,89.83,4.02,45.71,20.83,36.05,0.11,0.86,0.0,0.0,0.17,0.0,0.4,5.23,78.02,3.04,43.4,0.34,16.67,0.23,1.26,8.84,75.97,0,,0,,0,0.0,0.0,0.0,,,0.17,,,0.4,0.06,0.0,0.52,0,0.0
Gabriel Felix,Juventus,Aparecidense,GK,28,0,,5,521,0,0.0,0,0.0,0.52,66.67,Brazil,Brazil,right,187,77,no,1.04,0.0,0.0,0.17,100.0,0.0,0.0,0.0,1.04,1.58,0.0,0,0.0,0,0.0,0.0,0.0,0,0.0,0.0,0,0.0,0,0.0,0.0,0.0,0.0,0.0,0.0,0.0,0.0,0.0,0.0,0.0,0.0,0.0,0.17,100.0,0.0,0.0,0.0,4.66,0.35,0.17,10.19,74.58,6.05,60.0,0.0,0.0,4.15,95.83,5.53,100.0,4.66,44.44,36.57,55.02,0.0,0.0,0.0,0.0,0.0,0.0,0.0,3.11,38.89,0.35,0.0,0.17,0.0,0.0,0.0,2.59,73.33,8,1.38,16,2.76,1,50.0,5.43,0.94,-2.57,-0.444,0.0,0.86,0.17,,,,0.0,0,0.0
Marciel,Hoang Anh Gia Lai,CSA,"LCMF, LDMF",31,0,2027-06-30,8,390,1,0.66,0,0.0,16.38,50.7,Brazil,Brazil,left,186,78,no,8.77,5.77,52.0,2.77,58.33,0.23,0.33,0.92,5.54,7.91,1.15,2,0.46,1,0.23,1.62,0.23,1,0.23,0.15,0,0.0,7,1.62,14.29,14.286,0.0,1.15,60.0,0.69,66.67,0.46,50.0,0.23,1.38,50.0,6.23,48.15,0.92,0.69,0.23,24.69,1.15,1.15,36.0,85.9,11.77,74.51,6.69,89.66,14.08,96.72,33.23,89.58,1.62,28.57,19.59,20.0,0.0,0.0,0.0,0.0,0.23,0.0,0.0,4.62,75.0,1.85,62.5,0.69,0.0,0.23,0.69,6.46,78.57,0,,0,,0,0.0,0.0,0.0,,,0.23,,,0.46,0.46,0.0,0.0,0,0.0
Marcelinho,Piauí,Altos,"LDMF, LCMF, LW",27,0,,3,115,0,0.0,0,0.0,14.09,50.0,Brazil,Brazil,right,180,73,no,3.13,4.7,50.0,2.35,66.67,0.0,0.0,0.0,0.78,0.97,0.78,0,0.0,0,0.0,0.78,0.0,0,0.0,0.0,0,0.0,0,0.0,0.0,0.0,0.0,0.78,0.0,0.0,0.0,0.78,0.0,0.0,1.57,50.0,4.7,33.33,0.0,0.0,0.0,15.65,0.0,0.78,28.17,86.11,7.04,66.67,3.13,100.0,11.74,100.0,25.04,90.63,2.35,66.67,17.2,24.25,0.0,0.78,0.0,0.0,0.0,0.0,0.0,3.13,75.0,0.78,100.0,0.0,0.0,0.78,0.0,6.26,62.5,0,,0,,0,0.0,0.0,0.0,,,0.78,,,0.0,0.0,0.0,0.0,0,0.0
Mikael,Altos,Altos,"CF, LW, RAMF",23,0,2026-09-30,5,157,0,0.56,0,0.0,25.8,28.89,Brazil,Brazil,,173,73,no,4.01,4.01,42.86,8.6,26.67,1.15,2.07,0.0,1.15,2.07,2.87,0,0.0,0,0.0,2.87,0.0,0,0.0,0.32,0,0.0,4,2.29,50.0,0.0,0.0,1.72,66.67,1.72,66.67,0.0,0.0,0.0,2.87,20.0,9.17,18.75,4.59,0.57,0.0,4.59,1.15,1.15,13.76,75.0,0.57,0.0,4.59,87.5,4.59,62.5,11.46,80.0,0.57,0.0,12.25,7.03,0.0,0.0,0.0,0.0,0.0,0.0,0.0,0.57,100.0,0.57,0.0,0.0,0.0,0.0,0.0,0.57,100.0,0,,0,,0,0.0,0.0,0.0,,,0.0,,,0.0,0.0,0.0,0.0,0,0.0
Lucas Souza,ABC,Altos,"RCB, LCB",28,0,2026-11-25,8,697,0,0.16,0,0.0,17.43,60.74,Brazil,Brazil,right,187,82,yes,10.07,6.33,59.18,5.16,70.0,0.39,0.56,0.9,5.94,8.57,0.9,3,0.39,0,0.0,1.16,0.0,0,0.0,0.02,0,0.0,3,0.39,66.67,0.0,0.0,0.0,0.0,0.0,0.0,0.0,0.0,0.0,1.16,66.67,2.45,57.89,0.52,0.39,0.39,28.67,0.13,0.9,43.64,83.14,19.76,71.9,3.87,96.67,15.37,93.28,37.7,88.7,5.94,47.83,20.43,30.91,0.0,0.0,0.0,0.0,0.13,100.0,0.0,4.65,58.33,0.39,33.33,0.65,20.0,0.0,0.0,8.65,56.72,0,,0,,0,0.0,0.0,0.0,,,2.84,,,0.0,0.0,0.0,0.0,0,0.0
Gabriel Henrique,Chiangrai United,Altos,"LCMF, LW, RCMF",27,0,,4,231,0,0.0,0,0.0,14.42,45.95,Brazil,Brazil,right,0,0,no,4.68,5.45,35.71,1.95,80.0,0.78,1.15,0.0,1.95,2.88,2.73,1,0.39,1,0.39,1.17,0.0,0,0.0,0.0,0,0.0,0,0.0,0.0,0.0,0.0,0.0,0.0,0.0,0.0,0.0,0.0,0.0,2.34,50.0,4.29,54.55,0.0,0.0,0.0,30.78,1.17,1.17,42.08,86.11,14.03,72.22,5.06,92.31,15.97,95.12,36.62,90.43,5.45,57.14,17.19,29.84,0.0,0.0,0.0,0.0,0.0,0.0,0.0,4.68,91.67,0.0,0.0,0.39,0.0,0.0,0.0,6.23,62.5,0,,0,,0,0.0,0.0,0.0,,,0.39,,,0.0,0.0,0.0,0.0,0,0.0
Lucas Campos,,Altos,"RW, RAMF",30,0,,5,255,0,0.05,0,0.05,26.12,36.49,Brazil,Brazil,right,170,66,no,6.71,6.71,42.11,5.65,25.0,1.76,2.63,0.0,2.12,3.16,2.12,0,0.0,0,0.0,2.47,0.0,0,0.0,0.02,0,0.0,1,0.35,100.0,0.0,0.0,1.41,50.0,0.0,0.0,1.41,50.0,0.0,2.82,50.0,10.24,37.93,1.06,1.41,1.41,13.41,0.71,1.76,23.65,77.61,4.59,61.54,5.65,87.5,7.06,75.0,21.53,81.97,1.06,33.33,15.2,16.38,0.02,0.71,0.0,0.0,0.0,0.0,0.0,2.47,57.14,1.41,50.0,0.0,0.0,0.71,0.35,1.76,60.0,0,,0,,0,0.0,0.0,0.0,,,0.0,,,0.0,0.0,0.0,0.0,0,0.0
Juan Palacios,Ji-Paraná,Altos,"RW, LW, RAMF",28,0,,4,119,0,0.03,0,0.0,18.15,45.83,Colombia,Colombia,,0,0,no,3.78,6.81,55.56,2.27,33.33,0.0,0.0,0.0,0.0,0.0,3.03,1,0.76,0,0.0,0.76,0.0,0,0.0,0.02,0,0.0,1,0.76,0.0,0.0,0.0,0.0,0.0,0.0,0.0,0.0,0.0,0.0,1.51,50.0,8.32,45.45,1.51,0.76,0.0,9.83,0.0,3.03,14.37,84.21,3.78,80.0,3.03,100.0,6.05,87.5,13.61,83.33,0.76,100.0,17.7,7.4,0.0,0.0,0.0,0.0,0.0,0.0,0.0,0.76,0.0,0.0,0.0,0.0,0.0,0.0,0.0,1.51,100.0,0,,0,,0,0.0,0.0,0.0,,,0.0,,,0.0,0.0,0.0,0.0,0,0.0
Diego Matos,Floresta EC,Náutico,LB,29,0,,12,1121,0,0.09,0,0.4,17.58,60.27,Brazil,Brazil,left,160,67,no,10.44,8.03,68.0,3.53,45.45,0.48,0.67,0.4,4.5,6.22,0.72,2,0.16,0,0.0,1.85,0.0,0,0.0,0.01,0,0.0,4,0.32,25.0,0.0,0.0,2.41,33.33,2.33,31.03,0.08,100.0,0.24,1.77,54.55,4.26,62.26,0.56,1.85,0.48,18.22,0.56,2.09,27.86,80.98,10.76,82.84,4.26,88.68,9.07,80.53,23.52,88.05,2.17,51.85,19.76,29.81,0.03,0.64,0.0,0.0,0.0,0.0,0.16,3.13,76.92,2.01,44.0,0.08,0.0,0.08,0.8,5.14,73.44,0,,0,,0,0.0,0.0,0.0,,,0.16,,,0.0,0.0,0.0,0.16,0,0.0
Nathan,Uberlândia,Pouso Alegre,LB,28,0,,13,1067,0,0.35,0,1.18,22.11,50.0,Brazil,Brazil,left,173,68,no,9.58,8.01,58.62,3.5,47.37,0.92,1.44,0.0,3.96,6.17,1.84,3,0.25,0,0.0,3.5,0.0,0,0.0,0.03,0,0.0,10,0.92,40.0,0.0,0.0,3.41,32.43,3.41,32.43,0.0,0.0,0.55,4.15,44.44,7.83,43.53,0.46,1.84,1.2,24.6,2.12,2.95,33.07,72.98,14.37,66.67,5.16,96.43,9.21,75.0,24.14,85.88,5.71,41.94,20.62,31.75,0.11,1.11,0.0,0.09,0.28,66.67,0.46,4.7,52.94,3.04,48.48,0.55,33.33,0.28,1.11,8.94,70.1,0,,0,,0,0.0,0.0,0.0,,,0.55,,,0.64,0.09,0.0,0.46,0,0.0
Emerson Brito,Joinville,Pouso Alegre,,24,0,,1,44,0,0.0,0,0.0,,,Brazil,Brazil,right,175,66,no,,,,,,,0.0,,,0.0,,0,,0,,,,0,,,0,,0,,,0.0,,,,,,,,,,,,,,,,,,,,,,,,,,,,,,,0.0,0.0,,,,,,,,,,,,,,,,,,0,,0,,0,0.0,0.0,,,,,,,,,,,0,0.0
Geovane Meurer,Coritiba,Pouso Alegre,"RCMF, RDMF, AMF",24,0,2027-12-31,13,647,1,0.62,0,0.2,22.76,43.59,Brazil,Brazil,left,174,66,no,6.13,5.83,60.0,1.75,33.33,0.15,0.27,0.15,2.48,4.55,1.6,2,0.28,0,0.0,3.65,0.14,1,0.15,0.09,0,0.0,13,1.9,23.08,7.692,0.0,0.73,40.0,0.58,25.0,0.15,100.0,0.15,5.83,47.5,11.38,39.74,0.88,1.6,0.73,18.96,0.15,1.31,29.47,85.15,9.19,79.37,3.94,96.3,11.67,85.0,27.28,87.7,1.46,60.0,18.02,24.62,0.03,0.58,0.0,0.0,0.29,50.0,0.15,3.94,81.48,0.88,16.67,0.15,0.0,0.0,0.44,4.52,77.42,0,,0,,0,0.0,0.0,0.0,,,0.15,,,0.44,0.15,0.0,0.58,0,0.0
Cristian Bauer,,Pouso Alegre,"LW, LWF",24,0,,5,289,0,0.04,0,0.09,21.18,47.06,Brazil,Brazil,,0,0,no,8.41,5.92,84.21,3.11,20.0,0.31,0.56,0.31,3.11,5.56,1.56,1,0.31,0,0.0,3.74,0.0,0,0.0,0.01,0,0.0,5,1.56,0.0,0.0,0.0,2.8,44.44,2.18,57.14,0.62,0.0,0.62,4.67,53.33,8.41,40.74,0.93,0.93,0.62,19.31,0.62,0.62,33.01,84.91,7.47,79.17,12.46,95.0,8.72,71.43,29.58,89.47,0.62,50.0,16.88,14.45,0.03,0.31,0.0,0.0,0.0,0.0,0.62,3.11,90.0,3.43,63.64,0.0,0.0,0.93,1.25,5.29,76.47,0,,0,,0,0.0,0.0,0.0,,,0.62,,,0.0,0.0,0.0,0.0,0,0.0
Igor Maduro,Botafogo PB,Pouso Alegre,"LDMF, LCMF",25,0,,2,39,0,0.02,0,0.0,,,Brazil,Brazil,right,182,70,no,,,,,,,0.0,,,6.67,,0,,0,,,,0,,,0,,1,,,0.0,,,,,,,,,,,,,,,,,,,,,,,,,,,,,,,16.32,42.14,,,,,,,,,,,,,,,,,,0,,0,,0,0.0,0.0,,,,,,,,,,,0,0.0
Richard Cossoniche,Inter de Limeira,Pouso Alegre,"LW, LAMF, RW",24,0,2026-10-31,9,356,0,0.43,0,0.16,25.28,47.0,Brazil,Brazil,right,169,62,no,5.81,5.56,59.09,1.26,60.0,0.25,0.5,0.0,2.28,4.5,1.52,2,0.51,0,0.0,6.57,0.0,0,0.0,0.11,0,0.0,5,1.26,0.0,0.0,0.0,4.3,35.29,2.53,30.0,1.77,42.86,0.51,8.85,57.14,15.67,43.55,1.26,2.78,1.52,14.66,2.28,4.04,22.25,75.0,5.31,71.43,4.3,88.24,8.34,78.79,17.44,84.06,0.51,100.0,20.66,3.28,0.04,2.02,0.0,0.0,0.0,0.0,0.25,1.26,100.0,3.29,53.85,0.0,0.0,0.51,1.52,4.3,88.24,0,,0,,0,0.0,0.0,0.0,,,0.0,,,1.01,0.0,0.0,1.26,0,0.0
Cesar Nunes,Central Español,Pouso Alegre,"LB, LW",26,0,2026-12-31,12,899,0,0.0,1,0.32,12.01,54.17,Brazil,Brazil,left,184,70,no,6.51,4.71,61.7,2.8,57.14,0.0,0.0,0.3,3.6,6.14,0.8,2,0.2,0,0.0,1.3,0.0,0,0.0,0.0,0,0.0,1,0.1,0.0,0.0,0.1,2.3,26.09,2.3,26.09,0.0,0.0,0.2,1.2,58.33,3.3,42.42,0.8,1.0,0.3,28.13,1.5,0.3,37.14,84.91,10.11,77.23,5.71,96.49,15.72,86.62,33.54,89.85,1.7,58.82,19.32,27.08,0.03,0.5,0.0,0.0,0.0,0.0,0.5,3.8,78.95,1.6,37.5,0.0,0.0,0.3,0.3,4.81,81.25,0,,0,,0,0.0,0.0,0.0,,,0.5,,,0.0,0.0,0.0,0.0,0,0.0
Erick Salles,Betim,Pouso Alegre,"RW, RAMF, LW",31,0,,12,705,0,0.88,1,1.46,23.6,41.24,Brazil,Brazil,right,172,70,no,4.67,5.6,54.76,3.07,26.09,0.13,0.22,0.0,1.47,2.46,1.33,3,0.38,1,0.13,3.73,0.0,0,0.0,0.12,0,0.0,10,1.33,20.0,0.0,0.13,3.87,31.03,0.67,60.0,3.2,25.0,0.0,4.13,51.61,11.87,40.45,1.47,3.2,1.87,12.67,2.13,2.53,20.13,68.21,4.8,52.78,3.2,100.0,8.0,68.33,15.33,79.13,1.2,44.44,18.04,26.84,0.19,1.47,0.0,0.0,0.53,25.0,0.8,2.13,50.0,3.2,37.5,0.4,0.0,0.93,0.93,2.8,71.43,0,,0,,0,0.0,0.0,0.0,,,0.0,,,0.0,0.0,0.0,0.0,0,0.0
Carlinhos,,Pouso Alegre,"LCMF, LB, LDMF",30,0,,10,766,0,0.17,0,0.23,17.08,57.46,Brazil,Brazil,,0,0,no,11.98,10.07,65.82,1.4,45.45,0.25,0.39,0.38,5.1,7.84,2.29,4,0.47,0,0.0,1.27,0.0,0,0.0,0.02,0,0.0,6,0.76,50.0,0.0,0.0,1.78,7.14,1.4,9.09,0.38,0.0,0.0,1.27,60.0,3.57,32.14,0.0,1.27,0.13,26.64,0.76,0.64,42.2,79.46,14.79,69.83,4.59,91.67,17.85,86.43,35.44,85.97,5.1,57.5,21.83,36.8,0.03,0.64,0.0,0.0,0.13,0.0,0.13,8.03,73.02,1.78,7.14,0.38,0.0,0.0,0.13,7.52,69.49,0,,0,,0,0.0,0.0,0.0,,,0.38,,,0.13,0.0,0.0,0.13,0,0.0
Matheus Lucas,Zakho,Pouso Alegre,CF,27,0,,9,540,0,1.45,0,0.01,24.78,41.18,Brazil,Brazil,right,183,73,no,4.55,3.83,61.9,6.56,38.89,0.0,0.0,0.36,2.19,4.04,1.28,0,0.0,0,0.0,2.55,0.0,0,0.0,0.26,0,0.0,18,3.28,38.89,0.0,0.0,0.73,0.0,0.36,0.0,0.36,0.0,0.0,2.73,46.67,11.3,37.1,4.55,1.64,0.73,6.92,0.55,3.46,11.84,69.23,2.37,38.46,4.55,84.0,2.73,73.33,10.57,74.14,0.73,50.0,17.45,19.23,0.0,0.18,0.0,0.0,0.0,0.0,0.18,1.09,66.67,0.18,0.0,0.0,0.0,0.18,0.0,1.64,55.56,0,,0,,0,0.0,0.0,0.0,,,0.0,,,0.0,0.0,0.0,0.0,0,0.0
Vinicius Boff,Goianésia,Pouso Alegre,"RW, RAMF, RCMF",27,0,,13,399,2,1.25,0,0.01,15.12,41.54,Brazil,Brazil,left,175,73,no,3.26,4.19,55.56,1.16,20.0,0.0,0.0,0.0,0.93,1.94,0.7,1,0.23,0,0.0,4.19,0.45,1,0.23,0.29,0,0.0,16,3.72,31.25,12.5,0.0,2.56,36.36,0.47,50.0,2.09,33.33,0.47,3.02,61.54,7.44,40.63,1.86,2.33,0.47,26.51,1.86,0.93,36.28,84.62,9.3,85.0,8.14,91.43,12.33,81.13,31.63,89.71,2.33,60.0,17.81,25.58,0.0,0.23,0.0,0.0,0.23,100.0,0.0,6.05,80.77,2.56,45.45,0.23,100.0,0.23,1.16,6.28,92.59,0,,0,,0,0.0,0.0,0.0,,,0.0,,,2.79,0.7,66.67,0.93,1,100.0
Darli,,Botafogo PB,RDMF,26,0,,1,85,0,0.13,0,0.04,21.18,45.0,Brazil,Brazil,right,173,77,no,6.35,6.35,33.33,4.24,0.0,0.0,0.0,0.0,4.24,10.91,4.24,0,0.0,0,0.0,3.18,0.0,0,0.0,0.14,0,0.0,4,4.24,25.0,0.0,0.0,4.24,0.0,0.0,0.0,4.24,0.0,1.06,2.12,100.0,10.59,70.0,1.06,1.06,0.0,33.88,1.06,3.18,54.0,72.55,21.18,65.0,1.06,100.0,24.35,69.57,41.29,82.05,8.47,62.5,22.29,39.54,0.04,1.06,0.0,0.0,1.06,0.0,0.0,15.88,66.67,9.53,22.22,2.12,0.0,2.12,0.0,14.82,85.71,0,,0,,0,0.0,0.0,0.0,,,0.0,,,3.18,2.12,50.0,4.24,0,0.0
Vini Locatelli,,Amazonas,"RCMF, LDMF, RDMF",28,0,,11,515,1,0.45,0,0.43,14.33,41.46,Brazil,Brazil,right,183,77,no,6.12,5.07,58.62,2.45,14.29,0.35,0.53,0.17,2.8,4.25,1.92,4,0.7,0,0.0,1.92,0.17,1,0.17,0.08,1,0.17,8,1.4,37.5,12.5,0.0,1.22,42.86,0.17,100.0,1.05,33.33,0.35,1.22,42.86,5.07,41.38,1.22,2.45,0.87,29.36,0.35,1.22,37.92,86.64,10.14,65.52,6.82,94.87,13.98,96.25,34.6,89.9,2.27,53.85,15.94,23.26,0.08,1.4,0.0,0.0,0.7,50.0,0.7,6.29,75.0,2.45,50.0,0.87,20.0,1.05,0.52,4.02,86.96,0,,0,,0,0.0,0.0,0.0,,,0.17,,,0.17,0.17,100.0,0.17,0,0.0
Itambé,Sampaio Corrêa,São Bernardo FC,LCB,25,0,2026-09-13,12,870,0,0.01,0,0.69,11.59,44.64,Brazil,Brazil,left,186,78,no,5.38,3.72,50.0,5.69,45.45,0.21,0.28,0.21,3.31,4.47,1.24,2,0.21,1,0.1,0.21,0.0,0,0.0,0.0,0,0.0,1,0.1,0.0,0.0,0.0,0.1,100.0,0.0,0.0,0.1,100.0,0.1,0.1,100.0,1.03,60.0,0.31,0.31,0.0,21.83,0.31,0.52,33.93,83.54,18.72,75.14,1.55,100.0,11.69,92.92,27.41,89.43,6.41,58.06,20.7,36.42,0.07,0.21,0.0,0.0,0.0,0.0,0.1,6.1,61.02,0.52,20.0,0.0,0.0,0.1,0.1,7.86,77.63,0,,0,,0,0.0,0.0,0.0,,,1.34,,,0.0,0.0,0.0,0.0,0,0.0
Kauã Jesus,Guarani,São Bernardo FC,"CF, LB, LWF",22,0,,6,202,0,0.07,0,0.12,16.04,33.33,Brazil,Brazil,left,170,64,no,3.12,3.12,57.14,3.12,28.57,0.0,0.0,0.0,1.34,1.88,0.0,0,0.0,0,0.0,1.78,0.0,0,0.0,0.03,0,0.0,4,1.78,75.0,0.0,0.0,0.0,0.0,0.0,0.0,0.0,0.0,0.0,1.78,25.0,8.02,33.33,0.89,1.34,0.45,19.16,0.45,0.89,30.3,88.24,5.35,58.33,10.25,95.65,10.69,91.67,28.07,88.89,2.23,80.0,17.42,18.2,0.06,1.34,0.0,0.0,0.0,0.0,0.0,3.12,71.43,0.45,0.0,0.0,0.0,0.45,0.0,1.34,66.67,0,,0,,0,0.0,0.0,0.0,,,0.89,,,0.0,0.0,0.0,0.0,0,0.0
Henrique Lordelo,Mixto,São Bernardo FC,"LCMF, RCMF, DMF",26,0,,17,840,0,0.49,0,0.09,15.43,45.83,Brazil,Brazil,right,176,72,no,7.61,6.11,56.14,3.32,48.39,0.43,0.61,0.32,3.75,5.3,1.5,3,0.32,0,0.0,0.43,0.0,0,0.0,0.05,0,0.0,7,0.75,0.0,0.0,0.0,0.32,0.0,0.21,0.0,0.11,0.0,0.11,0.64,66.67,2.57,29.17,0.21,0.0,0.0,12.43,0.11,0.54,23.25,78.8,7.39,62.32,3.43,90.63,9.75,85.71,20.79,82.99,2.14,50.0,15.4,17.3,0.01,0.21,0.0,0.0,0.0,0.0,0.11,3.64,61.76,0.75,57.14,0.11,100.0,0.54,0.0,3.43,59.38,0,,0,,0,0.0,0.0,0.0,,,0.11,,,0.11,0.0,0.0,0.0,0,0.0
Léo Paraíso,Inter de Limeira,São Bernardo FC,RCB,26,0,2026-10-30,7,605,0,0.0,0,0.0,14.58,56.12,Brazil,Brazil,,0,0,no,10.26,8.48,68.42,3.72,40.0,0.3,0.43,0.45,4.17,6.0,1.64,0,0.0,0,0.0,0.6,0.0,0,0.0,0.0,0,0.0,0,0.0,0.0,0.0,0.0,0.6,75.0,0.0,0.0,0.6,75.0,0.0,0.3,50.0,0.74,40.0,0.3,1.79,0.0,34.36,1.04,0.15,47.75,86.29,15.77,67.92,2.68,94.44,26.33,96.05,42.55,91.96,4.61,35.48,21.03,38.08,0.0,0.0,0.0,0.0,0.3,0.0,0.0,5.21,60.0,1.04,57.14,0.74,0.0,0.0,0.45,7.14,68.75,0,,0,,0,0.0,0.0,0.0,,,2.08,,,0.0,0.0,0.0,0.0,0,0.0
Bruno Michel,Urartu,São Bernardo FC,"RWF, RW",27,0,,18,776,2,2.45,0,0.47,22.73,38.78,Brazil,Brazil,left,167,67,no,2.67,2.2,52.63,2.2,15.79,0.23,0.35,0.0,1.28,1.91,1.04,0,0.0,0,0.0,6.84,0.23,2,0.23,0.28,0,0.0,24,2.78,37.5,8.333,0.0,4.18,27.78,1.28,18.18,2.9,32.0,0.93,9.63,46.99,15.54,44.03,2.2,3.02,0.93,13.69,0.81,1.39,17.63,63.16,4.99,55.81,4.29,91.89,5.91,54.9,11.83,74.51,1.74,66.67,24.22,19.93,0.05,0.58,0.0,0.0,0.35,33.33,0.23,1.86,75.0,3.02,34.62,0.46,25.0,0.12,1.28,3.25,78.57,0,,0,,0,0.0,0.0,0.0,,,0.0,,,0.35,0.0,0.0,0.58,0,0.0
Bruno Azevedo,Linense,São Bernardo FC,"RCB, LCB",27,0,,13,886,0,0.33,0,0.05,15.03,64.86,Brazil,Brazil,,0,0,no,7.42,5.99,69.49,4.77,63.83,0.2,0.31,0.41,3.05,4.64,1.63,1,0.1,0,0.0,0.81,0.0,0,0.0,0.03,0,0.0,3,0.3,66.67,0.0,0.0,0.1,100.0,0.0,0.0,0.1,100.0,0.0,0.61,83.33,1.63,56.25,0.41,0.61,0.0,26.51,0.71,0.51,44.09,85.94,19.2,76.72,2.95,100.0,17.88,95.45,37.48,91.06,6.5,56.25,18.86,35.36,0.01,0.1,0.0,0.0,0.0,0.0,0.1,5.28,67.31,0.51,20.0,0.1,0.0,0.0,0.1,8.23,64.2,0,,0,,0,0.0,0.0,0.0,,,2.54,,,0.1,0.0,0.0,0.0,0,0.0
Jeferson,Brusque,São Bernardo FC,"RWB, RB",30,0,2026-10-31,22,1535,1,0.6,0,1.29,14.25,53.09,Brazil,Brazil,right,170,60,no,7.5,6.21,50.94,3.46,54.24,0.29,0.43,0.12,4.05,5.93,1.82,8,0.47,0,0.0,1.93,0.06,1,0.06,0.04,0,0.0,8,0.47,25.0,12.5,0.0,2.99,39.22,0.0,0.0,2.99,39.22,0.18,0.76,84.62,2.4,58.54,0.76,0.64,0.35,19.7,1.29,1.35,29.49,72.96,12.37,66.82,4.63,94.94,8.56,73.97,21.87,83.38,4.75,44.44,23.01,37.45,0.08,0.94,0.06,0.0,0.0,0.0,0.35,5.8,64.65,2.58,52.27,0.18,33.33,0.35,1.06,8.27,75.89,0,,0,,0,0.0,0.0,0.0,,,0.35,,,0.18,0.0,0.0,0.23,0,0.0
Hugo Sanches,São Bernardo FC,São Bernardo FC,"RWB, RWF",31,0,2027-03-31,17,574,1,1.69,2,1.51,12.7,43.21,Brazil,Brazil,right,167,60,no,5.02,4.7,53.33,1.72,18.18,0.47,0.76,0.31,2.04,3.28,0.78,1,0.16,0,0.0,2.35,0.16,1,0.16,0.27,0,0.0,10,1.57,40.0,10.0,0.31,4.08,23.08,0.47,0.0,3.61,26.09,0.63,1.1,71.43,3.92,44.0,1.88,0.78,0.47,19.13,2.04,0.78,26.97,72.67,9.56,65.57,3.61,100.0,10.35,65.15,21.17,85.19,1.88,41.67,20.18,12.16,0.24,1.88,0.0,0.0,0.16,0.0,0.94,3.14,70.0,4.7,36.67,0.31,0.0,1.1,1.1,6.9,68.18,0,,0,,0,0.0,0.0,0.0,,,0.16,,,0.94,0.16,0.0,2.2,0,0.0
Romisson,São Bernardo FC,São Bernardo FC,"LCMF, RCMF",29,0,2027-12-31,24,1957,1,2.47,1,1.66,11.77,42.19,Brazil,Brazil,right,178,64,no,5.29,3.86,59.52,2.25,32.65,0.14,0.21,0.14,2.85,4.3,0.97,3,0.14,0,0.0,1.79,0.05,1,0.05,0.11,0,0.0,32,1.47,40.63,3.125,0.05,0.87,26.32,0.55,33.33,0.32,14.29,0.18,1.52,45.45,3.59,38.46,1.2,1.29,0.78,24.51,0.37,0.78,37.2,85.66,10.81,77.87,7.04,96.73,13.89,88.08,33.8,89.52,2.58,55.36,19.35,33.37,0.08,0.97,0.0,0.18,0.41,66.67,0.23,5.84,78.74,1.38,50.0,0.41,55.56,0.51,0.18,5.56,85.12,0,,0,,0,0.0,0.0,0.0,,,0.74,,,0.18,0.05,100.0,0.87,0,0.0
Davi Gabriel,Brusque,São Bernardo FC,"LWB, LB",28,0,2026-10-31,11,648,0,0.18,0,0.31,17.78,56.25,Brazil,Brazil,left,182,80,no,10.83,7.78,58.93,2.64,63.16,0.69,0.96,0.28,5.56,7.64,2.36,3,0.42,0,0.0,2.92,0.0,0,0.0,0.02,0,0.0,5,0.69,40.0,0.0,0.0,4.31,29.03,4.17,30.0,0.0,0.0,0.56,2.64,47.37,4.44,50.0,0.28,1.39,0.14,15.56,1.53,0.56,27.64,63.82,12.5,56.67,2.36,94.12,9.03,66.15,19.31,79.86,4.44,25.0,22.33,41.79,0.04,0.97,0.0,0.0,0.14,100.0,0.56,5.0,38.89,3.33,33.33,0.14,100.0,0.14,1.11,6.94,68.0,0,,0,,0,0.0,0.0,0.0,,,0.28,,,0.56,0.28,50.0,0.42,0,0.0
Paulinho,Juventus,América RN,RW,23,0,,3,93,0,0.01,0,0.0,24.19,40.0,Brazil,Brazil,left,175,61,no,5.81,7.74,37.5,0.0,0.0,0.97,1.3,0.0,1.94,2.61,2.9,1,0.97,0,0.0,4.84,0.0,0,0.0,0.01,0,0.0,2,1.94,0.0,0.0,0.0,4.84,40.0,0.0,0.0,4.84,40.0,0.0,7.74,37.5,13.55,42.86,2.9,2.9,1.94,24.19,0.0,3.87,30.0,70.97,4.84,60.0,7.74,87.5,9.68,70.0,25.16,76.92,1.94,50.0,18.7,30.56,0.0,0.0,0.0,0.0,0.97,0.0,0.0,0.97,100.0,4.84,20.0,0.97,0.0,0.0,1.94,3.87,50.0,0,,0,,0,0.0,0.0,0.0,,,0.0,,,0.0,0.0,0.0,0.0,0,0.0
Luan Sales,CRAC,América RN,RB,25,0,,13,998,0,0.24,0,0.54,14.52,55.9,Brazil,Brazil,right,179,73,no,8.57,7.94,67.05,1.53,35.29,0.27,0.33,0.18,2.98,3.65,1.17,2,0.18,0,0.0,2.43,0.0,0,0.0,0.02,0,0.0,4,0.36,25.0,0.0,0.0,3.34,43.24,0.0,0.0,3.34,43.24,0.18,1.62,55.56,3.25,41.67,0.18,1.62,0.18,24.62,0.9,0.81,34.27,78.42,13.62,70.2,5.32,96.61,11.0,82.79,25.61,88.38,5.59,51.61,21.88,39.04,0.05,0.54,0.0,0.0,0.0,0.0,0.45,6.58,71.23,3.16,54.29,0.27,100.0,0.27,1.35,7.76,82.56,0,,0,,0,0.0,0.0,0.0,,,0.27,,,0.0,0.0,0.0,0.0,0,0.0
Léo Rafael,Ypiranga Erechim,América RN,"CF, RCMF",25,0,2027-09-20,11,420,0,0.42,1,0.32,11.79,32.73,Brazil,Brazil,right,181,73,no,4.5,3.86,50.0,1.07,40.0,0.21,0.28,0.21,2.36,3.08,1.71,0,0.0,0,0.0,2.36,0.0,0,0.0,0.09,0,0.0,9,1.93,44.44,0.0,0.21,0.86,75.0,0.0,0.0,0.86,75.0,0.0,1.5,28.57,4.71,18.18,0.43,1.07,1.07,21.64,0.43,0.21,31.07,80.69,9.43,56.82,4.71,86.36,11.14,94.23,28.93,82.96,1.29,33.33,17.8,23.86,0.07,1.07,0.0,0.21,0.43,100.0,0.43,3.0,71.43,2.36,72.73,0.43,100.0,0.86,0.64,3.64,70.59,0,,0,,0,0.0,0.0,0.0,,,0.43,,,0.21,0.21,0.0,0.21,0,0.0
Gustavo Ramos,ASA,América RN,RW,30,0,,13,831,0,1.05,0,0.91,24.37,44.0,Brazil,Brazil,right,175,69,no,7.8,5.31,63.27,6.17,35.09,0.22,0.3,0.22,4.22,5.79,1.41,2,0.22,0,0.0,3.47,0.0,0,0.0,0.11,0,0.0,11,1.19,9.09,0.0,0.0,3.79,28.57,0.43,25.0,3.36,29.03,0.11,4.33,50.0,10.07,40.86,2.27,1.52,0.76,15.49,1.95,2.6,20.47,62.43,4.98,60.87,4.66,86.05,6.93,51.56,14.84,72.99,2.17,50.0,19.48,22.91,0.1,0.65,0.0,0.11,0.22,50.0,0.54,2.71,60.0,3.25,30.0,0.22,0.0,0.43,0.87,3.57,66.67,0,,0,,0,0.0,0.0,0.0,,,0.0,,,0.0,0.0,0.0,0.0,0,0.0
Marcos Ytalo,CSA,América RN,RB,30,0,,7,500,0,0.0,1,0.15,20.88,50.0,Brazil,Brazil,right,171,67,no,10.62,7.56,54.76,5.58,54.84,1.08,1.54,0.18,5.4,7.69,1.8,1,0.18,0,0.0,2.52,0.0,0,0.0,0.0,0,0.0,0,0.0,0.0,0.0,0.18,2.7,53.33,0.0,0.0,2.7,53.33,0.18,1.8,60.0,5.04,42.86,0.36,1.44,0.0,25.2,0.72,2.34,35.82,84.42,12.06,73.13,6.48,97.22,12.42,88.41,29.7,90.91,3.78,57.14,19.36,38.03,0.03,0.54,0.0,0.0,0.18,0.0,0.36,5.04,75.0,2.16,58.33,0.18,100.0,0.18,0.9,6.12,82.35,0,,0,,0,0.0,0.0,0.0,,,0.54,,,0.0,0.0,0.0,0.0,0,0.0
Renan Gorne,Ypiranga Erechim,América RN,CF,30,0,,4,196,0,0.75,0,0.22,17.45,26.32,Brazil,Brazil,right,182,80,no,5.51,5.51,58.33,4.13,0.0,0.46,0.68,0.0,1.84,2.73,1.38,1,0.46,0,0.0,0.46,0.0,0,0.0,0.34,0,0.0,4,1.84,0.0,0.0,0.0,0.92,50.0,0.0,0.0,0.92,50.0,0.0,0.0,0.0,5.05,18.18,1.84,0.92,0.92,11.02,1.38,0.46,14.69,71.88,3.21,71.43,3.21,57.14,3.21,71.43,13.32,72.41,0.46,100.0,18.46,7.6,0.1,0.46,0.0,0.0,0.0,0.0,0.46,1.84,75.0,1.38,66.67,0.0,0.0,0.46,0.46,0.46,0.0,0,,0,,0,0.0,0.0,0.0,,,0.0,,,0.0,0.0,0.0,0.0,0,0.0
Vinícius Paulista,,América RN,"RCMF, LCMF",30,0,,4,244,0,0.49,0,0.02,18.44,54.0,Brazil,Brazil,right,0,0,no,8.11,8.85,58.33,4.43,66.67,0.37,0.44,0.74,2.58,3.09,3.69,3,1.11,0,0.0,0.74,0.0,0,0.0,0.18,0,0.0,3,1.11,33.33,0.0,0.0,0.0,0.0,0.0,0.0,0.0,0.0,0.0,0.74,50.0,1.84,60.0,0.74,0.37,0.0,19.18,0.0,1.11,25.82,87.14,5.9,50.0,1.48,100.0,16.97,97.83,23.61,90.63,2.21,50.0,19.16,18.47,0.01,0.37,0.0,0.0,0.0,0.0,0.0,2.21,16.67,1.11,0.0,0.0,0.0,0.0,0.0,1.48,75.0,0,,0,,0,0.0,0.0,0.0,,,0.0,,,0.0,0.0,0.0,0.0,0,0.0
Renan,América RN,América RN,GK,28,0,,3,303,0,0.0,0,0.0,0.59,50.0,Brazil,Brazil,right,186,90,no,0.89,0.0,0.0,0.3,0.0,0.0,0.0,0.0,0.89,1.2,0.0,0,0.0,0,0.0,0.0,0.0,0,0.0,0.0,0,0.0,0,0.0,0.0,0.0,0.0,0.0,0.0,0.0,0.0,0.0,0.0,0.0,0.0,0.0,0.3,100.0,0.0,0.0,0.0,5.05,0.59,0.3,9.21,77.42,4.75,56.25,0.0,0.0,3.56,100.0,7.43,92.0,1.78,16.67,25.5,55.52,0.0,0.0,0.0,0.0,0.0,0.0,0.0,0.59,0.0,0.0,0.0,0.3,0.0,0.0,0.0,1.78,16.67,1,0.3,13,3.86,2,92.31,2.44,0.72,1.44,0.428,0.0,1.49,0.3,,,,0.0,0,0.0
Paranhos,,Paysandu,RDMF,31,0,,1,34,0,0.25,0,0.0,,,Brazil,Brazil,,0,0,no,,,,,,,7.5,,,7.5,,0,,0,,,,0,,,0,,1,,,0.0,,,,,,,,,,,,,,,,,,,,,,,,,,,,,,,12.8,0.0,,,,,,,,,,,,,,,,,,0,,0,,0,0.0,0.0,,,,,,,,,,,0,0.0
Rikelme,São Caetano,Floresta EC,CF,21,0,2028-02-24,1,7,0,0.0,0,0.0,,,Brazil,Brazil,unknown,0,0,no,,,,,,,30.0,,,0.0,,0,,1,,,,0,,,0,,0,,,0.0,,,,,,,,,,,,,,,,,,,,,,,,,,,,,,,7.02,0.0,,,,,,,,,,,,,,,,,,0,,0,,0,0.0,0.0,,,,,,,,,,,0,0.0
Vitinho,Floresta EC,Floresta EC,"CF, RCMF, LAMF",23,0,2026-10-30,8,283,0,0.06,1,0.22,27.03,36.47,Brazil,Brazil,right,175,71,no,4.77,4.77,53.33,2.86,11.11,0.32,0.43,0.0,1.91,2.57,0.64,0,0.0,0,0.0,3.5,0.0,0,0.0,0.02,0,0.0,3,0.95,66.67,0.0,0.32,1.27,25.0,0.32,0.0,0.95,33.33,0.0,5.41,41.18,12.72,37.5,1.27,2.54,1.59,14.95,2.23,1.59,22.58,78.87,7.31,78.26,6.36,100.0,3.82,75.0,20.35,82.81,0.95,66.67,13.83,10.96,0.07,1.27,0.0,0.0,0.95,33.33,0.64,4.45,71.43,1.27,50.0,0.95,33.33,0.64,0.32,3.18,90.0,0,,0,,0,0.0,0.0,0.0,,,0.0,,,0.32,0.0,0.0,0.95,0,0.0
Davi Castro,Santo André,Floresta EC,LB,23,0,,4,291,0,0.02,0,0.17,16.08,55.77,Brazil,Brazil,left,176,74,no,7.42,8.66,50.0,2.47,75.0,0.31,0.42,0.31,2.78,3.75,1.55,0,0.0,0,0.0,2.47,0.0,0,0.0,0.0,0,0.0,1,0.31,0.0,0.0,0.0,4.95,31.25,4.64,26.67,0.31,100.0,0.93,1.24,75.0,3.09,50.0,0.0,1.24,0.31,21.96,2.78,0.31,32.78,66.04,13.92,60.0,4.02,92.31,9.9,68.75,24.43,77.22,3.4,36.36,20.31,22.5,0.05,0.93,0.0,0.0,0.0,0.0,0.62,4.33,64.29,5.26,41.18,0.31,0.0,0.62,1.86,8.04,61.54,0,,0,,0,0.0,0.0,0.0,,,0.62,,,0.31,0.0,0.0,0.93,0,0.0
Dudu,Vila Nova,Floresta EC,"LB, RCMF, RDMF",24,0,2026-11-30,10,311,0,0.04,0,0.05,22.95,62.34,Brazil,Brazil,right,180,75,yes,16.09,11.92,67.5,2.68,55.56,1.19,1.82,0.3,6.85,10.45,2.09,1,0.29,0,0.0,1.19,0.0,0,0.0,0.01,0,0.0,4,1.19,0.0,0.0,0.0,1.19,50.0,0.3,0.0,0.89,66.67,0.0,0.6,100.0,4.47,53.33,0.0,1.49,0.6,30.7,1.19,2.38,43.21,80.0,12.52,64.29,3.28,100.0,18.77,85.71,39.64,81.95,2.38,62.5,18.74,18.54,0.01,0.89,0.0,0.0,0.0,0.0,0.3,10.43,68.57,1.19,50.0,0.0,0.0,0.3,0.6,7.15,79.17,0,,0,,0,0.0,0.0,0.0,,,0.0,,,0.3,0.0,0.0,0.0,0,0.0
Romarinho,Volta Redonda,Floresta EC,"LW, LAMF, CF",30,0,2026-10-30,18,1338,5,2.7,2,1.63,18.61,41.22,Brazil,Brazil,right,170,68,no,5.4,4.55,62.5,3.48,20.41,0.14,0.18,0.07,2.42,3.03,1.42,3,0.2,0,0.0,3.62,0.34,5,0.36,0.19,0,0.0,25,1.78,40.0,20.0,0.14,1.92,44.44,1.63,43.48,0.28,50.0,0.21,3.62,50.98,8.03,43.36,2.56,1.92,0.43,15.91,2.06,1.99,21.67,75.41,5.11,63.89,5.33,93.33,7.03,75.76,18.61,80.15,1.28,44.44,16.37,20.9,0.12,1.35,0.0,0.0,0.36,60.0,0.85,1.7,70.83,1.78,68.0,0.21,66.67,0.85,0.85,3.84,70.37,0,,0,,0,0.0,0.0,0.0,,,0.07,,,0.0,0.0,0.0,0.0,0,0.0
Igor Campos,,Floresta EC,GK,27,0,,2,189,0,0.0,0,0.0,1.82,100.0,Brazil,Brazil,right,180,78,no,3.64,0.0,0.0,1.82,100.0,0.0,0.0,0.0,3.64,4.62,0.0,1,0.48,0,0.0,0.0,0.0,0,0.0,0.0,0,0.0,0,0.0,0.0,0.0,0.0,0.0,0.0,0.0,0.0,0.0,0.0,0.0,0.0,0.0,0.0,0.0,0.0,0.0,0.0,13.64,0.0,0.91,20.0,95.45,7.27,87.5,0.0,0.0,12.73,100.0,16.36,100.0,3.64,75.0,28.82,41.7,0.0,0.0,0.0,0.0,0.0,0.0,0.0,0.0,0.0,0.0,0.0,0.0,0.0,0.0,0.0,0.91,100.0,0,0.0,4,3.64,1,100.0,1.21,1.1,1.21,1.1,0.0,0.91,1.82,,,,0.0,0,0.0
Matheus Rocha,São José EC,Floresta EC,"RB, RW",27,0,,19,1491,0,1.01,2,1.47,15.93,54.84,Brazil,Brazil,right,177,66,no,6.62,5.27,69.51,2.06,53.13,0.13,0.17,0.06,2.83,3.67,0.19,2,0.12,0,0.0,4.11,0.0,0,0.0,0.06,0,0.0,28,1.8,25.0,0.0,0.13,4.11,35.94,0.13,0.0,3.92,37.7,0.77,3.34,61.54,7.13,49.55,1.09,2.38,1.28,21.84,1.93,1.99,28.52,71.17,10.34,65.22,4.18,92.31,9.31,73.1,21.84,81.76,2.76,37.21,21.38,25.58,0.09,0.9,0.0,0.06,0.19,66.67,0.32,3.92,63.93,3.92,40.98,0.58,22.22,0.45,1.67,6.81,70.75,0,,0,,0,0.0,0.0,0.0,,,0.45,,,0.58,0.19,33.33,1.09,0,0.0
Vitão,Barra,Floresta EC,LCB,31,0,,12,1185,0,0.1,0,0.0,10.77,63.36,Brazil,Brazil,right,187,79,no,9.78,5.1,74.19,2.71,54.55,0.0,0.0,0.66,6.0,7.93,0.82,3,0.23,0,0.0,0.33,0.0,0,0.0,0.01,0,0.0,1,0.08,0.0,0.0,0.0,0.16,0.0,0.0,0.0,0.16,0.0,0.0,0.49,66.67,1.4,47.06,0.66,0.82,0.08,21.53,0.33,0.25,35.67,85.48,15.53,74.07,1.48,88.89,15.21,96.76,30.82,90.13,4.68,57.89,22.34,39.06,0.0,0.08,0.0,0.0,0.0,0.0,0.0,4.19,68.63,0.16,50.0,0.08,100.0,0.25,0.0,6.58,70.0,0,,0,,0,0.0,0.0,0.0,,,1.07,,,0.0,0.0,0.0,0.0,0,0.0
Roldan,Marcílio Dias,Floresta EC,"RCMF, LCMF, RDMF",30,0,2026-09-30,16,1236,0,0.63,1,0.36,14.56,44.5,Brazil,Brazil,right,178,69,no,6.41,5.02,50.72,2.84,20.51,0.29,0.38,0.15,3.57,4.65,1.53,4,0.29,1,0.07,1.46,0.0,0,0.0,0.05,0,0.0,15,1.09,26.67,0.0,0.07,0.66,55.56,0.22,66.67,0.44,50.0,0.0,0.95,61.54,4.3,55.93,1.02,0.95,0.22,22.72,0.51,2.18,32.4,80.9,9.68,64.66,5.83,93.75,12.01,90.91,29.71,82.84,2.04,60.71,16.76,25.38,0.03,0.58,0.0,0.0,0.29,75.0,0.07,4.15,63.16,0.87,66.67,0.15,50.0,0.29,0.36,3.57,69.39,0,,0,,0,0.0,0.0,0.0,,,0.44,,,0.0,0.0,0.0,0.07,0,0.0
Lucas Alisson,Santo André,Floresta EC,"LCMF, RCMF, DMF",27,0,,18,998,0,0.22,0,0.21,17.35,53.71,Brazil,Brazil,right,176,75,no,8.92,7.73,61.54,2.08,52.38,0.0,0.0,0.0,4.16,5.38,1.59,3,0.27,0,0.0,1.98,0.0,0,0.0,0.02,0,0.0,13,1.29,23.08,0.0,0.0,0.89,22.22,0.1,0.0,0.79,25.0,0.0,2.38,62.5,5.85,49.15,0.4,2.18,0.99,21.91,0.3,1.09,34.99,85.55,9.52,76.04,5.45,94.55,13.38,87.41,32.41,88.38,1.69,64.71,17.41,25.69,0.02,0.69,0.1,0.0,0.2,0.0,0.2,6.74,77.94,1.19,41.67,0.3,0.0,0.3,0.2,4.06,70.73,0,,0,,0,0.0,0.0,0.0,,,0.79,,,0.0,0.0,0.0,0.0,0,0.0
Michel Custódio,Nacional AM,Volta Redonda,RCB,25,0,2027-12-31,5,288,0,0.0,0,0.02,8.13,53.85,Brazil,Brazil,right,191,77,no,5.94,1.88,66.67,3.44,45.45,0.31,0.4,1.25,4.38,5.6,0.94,0,0.0,0,0.0,0.0,0.0,0,0.0,0.0,0,0.0,0,0.0,0.0,0.0,0.0,0.0,0.0,0.0,0.0,0.0,0.0,0.0,0.0,0.0,0.63,100.0,0.31,0.0,0.31,30.94,0.63,0.31,44.69,88.81,15.94,78.43,2.5,87.5,21.88,98.57,40.0,92.19,4.69,60.0,22.12,27.81,0.01,0.31,0.0,0.0,0.0,0.0,0.0,4.38,71.43,0.31,0.0,0.0,0.0,0.0,0.0,7.81,64.0,0,,0,,0,0.0,0.0,0.0,,,0.94,,,0.0,0.0,0.0,0.0,0,0.0
Gustavo Custodio,Marília,Paysandu,LAMF,29,0,,3,147,0,0.27,0,0.05,24.49,37.5,Brazil,Brazil,right,169,69,no,3.67,4.9,50.0,4.29,0.0,0.0,0.0,0.0,1.22,2.5,2.45,0,0.0,0,0.0,4.29,0.0,0,0.0,0.17,0,0.0,2,1.22,50.0,0.0,0.0,2.45,75.0,1.22,100.0,1.22,50.0,0.0,4.29,42.86,12.24,45.0,2.45,3.06,0.0,16.53,2.45,3.06,20.82,85.29,3.06,60.0,7.96,92.31,6.73,100.0,17.76,86.21,1.22,100.0,18.32,25.2,0.03,1.22,0.0,0.0,0.0,0.0,0.0,1.22,100.0,4.29,85.71,0.0,0.0,1.84,1.22,4.9,87.5,0,,0,,0,0.0,0.0,0.0,,,0.0,,,0.0,0.0,0.0,0.0,0,0.0
Marcos Bebê,Oliveira Hospital,Volta Redonda,"RCMF, AMF, RDMF",24,0,,3,92,0,0.0,0,0.0,22.5,47.83,Brazil,Brazil,,0,0,no,12.72,4.89,60.0,1.96,50.0,0.98,1.03,0.98,8.8,9.31,0.98,0,0.0,0,0.0,2.93,0.0,0,0.0,0.0,0,0.0,0,0.0,0.0,0.0,0.0,0.98,0.0,0.0,0.0,0.98,0.0,0.0,5.87,50.0,11.74,33.33,0.98,0.0,0.0,16.63,0.0,1.96,34.24,74.29,7.83,87.5,1.96,100.0,14.67,86.67,32.28,78.79,0.98,0.0,19.52,19.26,0.0,0.0,0.0,0.0,0.0,0.0,0.0,4.89,80.0,0.98,0.0,0.0,0.0,0.0,0.0,7.83,50.0,0,,0,,0,0.0,0.0,0.0,,,0.0,,,0.0,0.0,0.0,0.0,0,0.0
Dudu,Chiangrai United,Figueirense,"LW, LAMF, CF",27,0,,6,249,1,0.78,0,0.05,28.55,51.9,Brazil,Brazil,right,187,80,no,9.76,6.87,68.42,5.78,43.75,1.45,2.31,0.36,3.61,5.77,1.08,0,0.0,0,0.0,5.06,0.36,1,0.36,0.28,0,0.0,8,2.89,25.0,12.5,0.0,1.08,0.0,1.08,0.0,0.0,0.0,0.36,6.14,70.59,12.65,51.43,2.53,2.17,0.36,13.37,0.72,2.17,19.88,63.64,1.45,25.0,6.51,88.89,8.31,47.83,17.71,69.39,1.08,33.33,15.84,14.45,0.02,0.72,0.0,0.0,0.36,0.0,0.0,2.89,37.5,2.17,33.33,0.36,0.0,0.72,0.0,2.53,42.86,0,,0,,0,0.0,0.0,0.0,,,0.0,,,0.0,0.0,0.0,1.08,0,0.0
Alan Grafite,Công An Hà Nội,Confiança,"RW, LAMF, RAMF",28,0,2028-06-30,7,252,0,0.37,0,0.05,26.43,39.19,Brazil,Brazil,right,189,78,no,3.21,4.64,38.46,7.14,40.0,0.0,0.0,0.36,1.43,1.9,2.5,0,0.0,0,0.0,3.93,0.0,0,0.0,0.13,0,0.0,3,1.07,0.0,0.0,0.0,2.14,16.67,0.71,0.0,1.43,25.0,0.36,4.29,75.0,10.0,57.14,2.14,1.43,1.07,6.79,0.71,1.79,9.64,74.07,1.79,60.0,2.5,85.71,3.57,60.0,7.5,90.48,0.0,0.0,16.4,0.0,0.02,1.07,0.0,0.0,0.36,100.0,0.36,0.71,50.0,1.43,75.0,0.36,100.0,1.07,0.36,1.07,100.0,0,,0,,0,0.0,0.0,0.0,,,0.0,,,0.0,0.0,0.0,0.0,0,0.0
Paulinho Curuà,Viettel,Remo,"DMF, LDMF, LCMF",29,0,2027-06-30,6,350,0,0.06,1,0.15,24.94,53.61,Brazil,Brazil,right,186,87,no,15.69,13.89,62.96,2.83,45.45,0.0,0.0,0.51,6.94,8.9,3.34,2,0.51,1,0.26,1.54,0.0,0,0.0,0.01,0,0.0,3,0.77,0.0,0.0,0.26,0.51,0.0,0.0,0.0,0.51,0.0,0.0,1.29,100.0,5.14,45.0,0.26,0.51,0.0,29.83,0.26,0.0,49.37,87.5,13.37,82.69,7.46,96.55,21.09,89.02,46.29,90.56,2.57,50.0,17.89,22.65,0.04,1.03,0.0,0.0,0.26,100.0,0.26,4.37,76.47,1.03,50.0,0.26,100.0,0.51,0.0,5.14,60.0,0,,0,,0,0.0,0.0,0.0,,,1.03,,,0.0,0.0,0.0,0.0,0,0.0
Neko,Altos,EC São José,"RCMF, LCMF, DMF",25,0,2026-09-30,2,43,0,0.1,0,0.0,,,Brazil,Brazil,right,180,74,no,,,,,,,2.0,,,2.0,,1,,0,,,,0,,,0,,3,,,0.0,,,,,,,,,,,,,,,,,,,,,,,,,,,,,,,15.8,0.0,,,,,,,,,,,,,,,,,,0,,0,,0,0.0,0.0,,,,,,,,,,,0,0.0
Thalys,Ponte Preta,EC São José,"RWB, RB",26,0,2026-11-30,15,1341,0,0.29,2,0.85,22.68,50.89,Brazil,Brazil,right,177,69,no,11.41,8.59,66.41,2.55,26.32,0.07,0.09,0.47,5.64,7.71,1.41,3,0.2,0,0.0,3.09,0.0,0,0.0,0.02,0,0.0,5,0.34,0.0,0.0,0.13,2.89,34.88,0.07,0.0,2.82,35.71,0.54,3.49,59.62,9.06,45.93,0.6,2.28,0.54,14.16,1.07,0.74,24.23,71.19,9.13,64.71,3.69,92.73,6.64,73.74,18.46,80.73,3.02,46.67,23.33,33.72,0.06,0.54,0.0,0.07,0.13,0.0,0.34,3.76,67.86,2.42,41.67,0.2,0.0,0.27,1.01,5.57,69.88,0,,0,,0,0.0,0.0,0.0,,,0.4,,,0.47,0.0,0.0,0.07,0,0.0
Zé Andrade,Novo Hamburgo,EC São José,"CF, LWF, RWF",28,0,,11,584,2,1.24,0,0.13,21.58,40.0,Brazil,Brazil,right,184,70,no,3.85,3.08,60.0,5.55,38.89,0.0,0.0,0.15,2.0,2.75,0.92,0,0.0,0,0.0,2.62,0.31,2,0.31,0.19,0,0.0,9,1.39,77.78,22.222,0.0,0.92,16.67,0.0,0.0,0.92,16.67,0.15,2.93,47.37,10.33,37.31,1.39,1.54,0.62,10.17,1.23,1.08,16.03,66.35,5.86,57.89,3.08,90.0,5.39,57.14,14.33,70.97,0.92,33.33,18.04,13.85,0.02,0.46,0.0,0.0,0.0,0.0,0.0,2.93,68.42,1.85,25.0,0.0,0.0,0.15,0.15,2.16,78.57,0,,0,,0,0.0,0.0,0.0,,,0.0,,,0.0,0.0,0.0,0.0,0,0.0
Ronald Carvalho,Ceará,Ypiranga Erechim,RCB,26,0,2026-12-31,1,58,0,0.0,0,0.0,21.72,50.0,Brazil,Brazil,,188,84,yes,12.41,15.52,50.0,4.66,66.67,0.0,0.0,0.0,4.66,6.92,7.76,0,0.0,0,0.0,0.0,0.0,0,0.0,0.0,0,0.0,0,0.0,0.0,0.0,0.0,0.0,0.0,0.0,0.0,0.0,0.0,0.0,0.0,0.0,0.0,0.0,0.0,1.55,0.0,38.79,0.0,0.0,55.86,80.56,37.24,75.0,4.66,100.0,10.86,100.0,51.21,81.82,4.66,66.67,19.5,39.71,0.0,0.0,0.0,0.0,0.0,0.0,0.0,9.31,66.67,1.55,0.0,0.0,0.0,0.0,0.0,18.62,58.33,0,,0,,0,0.0,0.0,0.0,,,1.55,,,0.0,0.0,0.0,0.0,0,0.0
Sillas,Retrô,EC São José,"CF, AMF, LWF",31,0,2027-02-20,12,1107,8,3.35,2,0.74,26.83,38.18,Brazil,Brazil,right,170,74,yes,3.25,2.76,58.82,9.76,33.33,0.0,0.0,0.08,1.63,2.28,1.06,1,0.08,0,0.0,3.01,0.65,8,0.65,0.27,3,0.24,23,1.87,56.52,34.783,0.16,1.63,30.0,0.41,40.0,1.22,26.67,0.33,1.95,66.67,11.46,38.3,2.6,0.33,0.65,11.54,0.98,3.33,19.67,69.01,5.61,53.62,5.12,88.89,5.2,71.88,16.5,73.89,1.63,60.0,20.31,28.07,0.06,0.81,0.0,0.0,0.73,22.22,0.41,3.17,64.1,1.54,47.37,0.81,20.0,0.73,0.57,3.41,71.43,0,,0,,0,0.0,0.0,0.0,,,0.08,,,0.0,0.0,0.0,0.0,0,0.0
João Pedro,São Luiz,Ypiranga Erechim,"CF, RW, AMF",29,0,,16,1113,2,1.06,1,1.67,8.65,40.19,Brazil,Brazil,left,169,67,no,3.32,4.04,40.0,1.13,21.43,0.16,0.24,0.0,1.54,2.31,1.29,1,0.08,0,0.0,1.62,0.16,2,0.16,0.09,0,0.0,18,1.46,38.89,11.111,0.08,1.7,28.57,0.49,16.67,1.13,35.71,0.16,0.81,60.0,2.67,48.48,0.89,0.81,0.08,25.88,0.81,0.49,36.15,80.98,11.89,72.11,6.71,95.18,11.24,82.01,30.24,86.63,4.2,61.54,20.09,33.43,0.14,0.97,0.16,0.0,0.16,50.0,0.24,6.55,76.54,2.67,30.3,0.73,33.33,0.57,0.65,6.87,83.53,0,,0,,0,0.0,0.0,0.0,,,0.0,,,2.43,0.49,16.67,2.75,0,0.0
Caíque,Nam Dinh,Ypiranga Erechim,GK,28,0,2027-06-30,15,1532,0,0.0,0,0.0,0.59,80.0,Brazil,Brazil,left,198,100,no,1.76,0.06,0.0,0.41,85.71,0.0,0.0,0.0,1.76,2.65,0.0,1,0.06,0,0.0,0.12,0.0,0,0.0,0.0,0,0.0,0,0.0,0.0,0.0,0.0,0.0,0.0,0.0,0.0,0.0,0.0,0.0,0.12,100.0,0.12,100.0,0.0,0.0,0.0,9.16,0.18,0.0,16.8,67.83,12.92,59.55,0.0,0.0,3.52,96.67,8.4,94.41,8.22,41.43,43.95,59.29,0.0,0.0,0.12,0.0,0.0,0.0,0.0,5.7,42.27,1.0,29.41,0.59,30.0,0.23,0.0,5.29,72.22,19,1.12,52,3.05,4,63.46,14.37,0.84,-4.63,-0.272,0.0,1.47,0.41,,,,0.0,0,0.0
Alessandro Vinícius,Cianorte,EC São José,LWB,27,0,2026-09-30,19,1296,0,0.36,2,3.54,20.9,43.85,Brazil,Brazil,right,174,70,no,9.44,8.33,54.17,3.4,38.78,0.14,0.19,0.14,4.79,6.66,1.88,5,0.35,0,0.0,2.5,0.0,0,0.0,0.02,0,0.0,17,1.18,23.53,0.0,0.14,3.13,28.89,2.71,28.21,0.35,40.0,0.28,3.13,40.0,6.11,36.36,0.35,2.01,1.18,12.85,1.11,0.97,21.94,67.41,8.19,54.24,3.47,90.0,7.29,74.29,15.56,81.25,3.54,37.25,24.43,42.54,0.25,1.32,0.14,0.0,0.07,100.0,0.28,4.51,55.38,3.26,42.55,0.42,33.33,0.49,0.97,5.0,79.17,0,,0,,0,0.0,0.0,0.0,,,0.07,,,2.85,0.49,28.57,3.75,0,0.0
Tito,Itabaiana,Ypiranga Erechim,"LB, LWB",29,0,2027-03-31,9,536,0,0.79,1,0.46,14.78,57.95,Brazil,Brazil,left,179,67,yes,8.4,6.88,65.85,2.85,64.71,0.0,0.0,0.34,3.86,5.56,0.67,1,0.17,0,0.0,2.18,0.0,0,0.0,0.13,0,0.0,4,0.67,0.0,0.0,0.17,3.53,28.57,3.53,28.57,0.0,0.0,0.34,1.85,54.55,3.53,42.86,1.01,1.51,0.17,26.19,1.18,0.17,36.27,72.69,11.08,59.09,8.23,87.76,11.42,75.0,29.05,82.66,4.03,33.33,19.3,22.38,0.08,0.67,0.0,0.17,0.5,33.33,0.5,3.19,63.16,2.69,31.25,0.84,20.0,0.34,1.18,7.72,52.17,0,,0,,0,0.0,0.0,0.0,,,0.84,,,0.0,0.0,0.0,0.0,0,0.0
Mossoró,XV de Piracicaba,Ypiranga Erechim,"LCMF, RCMF",30,0,2026-09-15,8,680,0,0.48,1,0.27,21.44,51.23,Brazil,Brazil,right,172,77,no,8.87,8.47,54.69,1.85,64.29,0.53,0.92,0.26,3.71,6.41,1.32,1,0.13,0,0.0,2.65,0.0,0,0.0,0.06,0,0.0,7,0.93,14.29,0.0,0.13,1.06,62.5,0.79,66.67,0.26,50.0,0.0,2.78,52.38,7.94,43.33,1.19,1.06,0.13,35.47,0.26,2.78,49.63,80.53,20.91,72.15,6.09,95.65,16.94,85.94,42.88,85.19,5.69,48.84,20.77,42.86,0.04,0.4,0.0,0.0,1.06,37.5,0.13,9.93,70.67,3.57,40.74,1.19,22.22,0.66,0.66,10.46,83.54,0,,0,,0,0.0,0.0,0.0,,,0.26,,,0.13,0.0,0.0,0.26,0,0.0
Paulo César,Figueirense,CSA,RCB,27,0,,8,656,0,0.62,0,0.0,12.48,57.14,Brazil,Brazil,right,186,80,no,8.78,5.35,61.54,3.02,59.09,0.69,0.89,0.96,4.8,6.21,1.37,2,0.27,0,0.0,0.27,0.0,0,0.0,0.09,0,0.0,1,0.14,0.0,0.0,0.0,0.27,50.0,0.0,0.0,0.27,50.0,0.0,0.41,33.33,0.96,57.14,0.27,0.69,0.0,28.81,1.78,0.14,41.16,86.67,17.84,74.62,1.51,100.0,19.48,96.48,35.12,91.41,5.76,59.52,23.14,36.91,0.0,0.0,0.0,0.0,0.0,0.0,0.0,3.57,61.54,0.55,25.0,0.14,0.0,0.14,0.14,7.68,67.86,0,,0,,0,0.0,0.0,0.0,,,1.1,,,0.0,0.0,0.0,0.0,0,0.0
Yago Henrique,Lagarto,CSA,RCMF,31,0,,10,481,0,0.29,0,0.22,12.91,37.68,Brazil,Brazil,right,180,80,no,3.74,4.49,45.83,2.81,40.0,0.37,0.59,0.0,1.31,2.06,1.5,0,0.0,0,0.0,2.25,0.0,0,0.0,0.05,0,0.0,5,0.94,40.0,0.0,0.0,1.87,70.0,0.19,100.0,1.68,66.67,0.19,1.12,33.33,2.62,28.57,1.12,0.19,0.19,36.49,1.12,0.19,45.65,88.11,11.23,76.67,5.8,96.77,22.64,94.21,40.98,89.5,2.81,80.0,18.31,26.52,0.04,1.31,0.0,0.0,0.37,50.0,0.37,7.67,90.24,2.62,57.14,0.19,100.0,0.19,1.12,6.55,82.86,0,,0,,0,0.0,0.0,0.0,,,0.94,,,0.0,0.0,0.0,0.37,0,0.0
Robinho,Inter de Limeira,CSA,"RW, LW, LAMF",27,0,,16,796,0,1.03,0,0.78,22.5,34.17,Brazil,Brazil,right,176,75,no,5.09,4.97,50.0,3.84,35.29,0.11,0.16,0.11,2.49,3.47,1.47,2,0.23,0,0.0,2.37,0.0,0,0.0,0.12,0,0.0,17,1.92,23.53,0.0,0.0,1.47,15.38,0.34,33.33,1.13,10.0,0.23,4.41,35.9,10.52,35.48,1.81,1.47,0.9,12.44,0.9,1.92,17.41,80.52,2.49,77.27,5.54,97.96,5.88,71.15,15.72,86.33,0.34,66.67,16.54,5.22,0.09,0.45,0.0,0.0,0.23,50.0,0.34,0.9,75.0,1.24,45.45,0.23,50.0,0.45,0.23,1.58,85.71,0,,0,,0,0.0,0.0,0.0,,,0.0,,,0.11,0.0,0.0,0.11,0,0.0
Cedric,Floresta EC,CSA,"RCMF, RB",28,0,,10,859,0,0.16,0,0.36,12.47,47.06,Brazil,Brazil,right,174,67,no,5.87,4.92,51.06,1.89,44.44,0.52,0.68,0.31,2.83,3.67,1.26,1,0.1,0,0.0,1.47,0.0,0,0.0,0.02,0,0.0,7,0.73,0.0,0.0,0.0,1.78,52.94,0.31,66.67,1.47,50.0,0.21,0.73,57.14,3.04,55.17,0.21,1.26,0.31,25.04,0.63,1.05,36.78,86.61,11.84,75.22,5.97,98.25,13.93,90.23,31.85,91.12,3.14,60.0,20.97,34.92,0.04,0.42,0.0,0.0,0.42,25.0,0.1,6.39,78.69,2.31,50.0,0.84,25.0,0.31,0.94,5.34,78.43,0,,0,,0,0.0,0.0,0.0,,,0.1,,,0.21,0.1,0.0,0.52,0,0.0
Bruno Henrique, Flamengo Arcoverde,Altos,"RAMF, RW, LW",25,0,,4,142,0,0.08,0,0.0,16.48,46.15,Brazil,Brazil,unknown,0,0,no,7.61,8.87,50.0,5.07,37.5,1.27,1.71,0.0,1.9,2.57,2.54,2,1.27,1,0.63,0.63,0.0,0,0.0,0.05,0,0.0,1,0.63,0.0,0.0,0.0,3.8,0.0,0.63,0.0,3.17,0.0,0.0,1.27,50.0,1.27,50.0,1.9,0.0,0.63,24.72,6.34,0.0,32.96,75.0,7.61,75.0,7.61,100.0,10.77,70.59,27.25,88.37,1.9,33.33,19.57,24.98,0.0,0.63,0.0,0.0,0.63,0.0,0.0,1.27,0.0,3.8,33.33,1.27,0.0,1.27,0.0,4.44,85.71,0,,0,,0,0.0,0.0,0.0,,,0.0,,,0.0,0.0,0.0,0.63,0,0.0
Digão,Altos,Altos,"RCMF, LB, RDMF",23,0,,3,62,0,0.03,0,0.0,18.87,69.23,Brazil,Brazil,right,174,0,no,10.16,10.16,85.71,0.0,0.0,0.0,0.0,0.0,1.45,1.58,0.0,0,0.0,0,0.0,1.45,0.0,0,0.0,0.05,0,0.0,2,2.9,0.0,0.0,0.0,1.45,0.0,1.45,0.0,0.0,0.0,0.0,1.45,100.0,8.71,50.0,2.9,1.45,0.0,20.32,0.0,1.45,31.94,86.36,5.81,100.0,11.61,87.5,10.16,71.43,29.03,90.0,1.45,100.0,13.75,7.25,0.0,1.45,0.0,0.0,0.0,0.0,0.0,2.9,100.0,0.0,0.0,0.0,0.0,0.0,0.0,0.0,0.0,0,,0,,0,0.0,0.0,0.0,,,1.45,,,0.0,0.0,0.0,0.0,0,0.0
Marcelo Sousa,Marcílio Dias,Altos,"RCB, LCB",31,0,2026-09-30,16,1611,2,0.56,0,0.0,9.72,56.32,Brazil,Brazil,right,188,82,no,5.42,2.96,58.49,4.36,56.41,0.06,0.09,0.39,3.63,5.54,0.89,4,0.22,0,0.0,0.39,0.11,2,0.11,0.03,2,0.11,6,0.34,50.0,33.333,0.0,0.0,0.0,0.0,0.0,0.0,0.0,0.0,0.34,66.67,1.28,47.83,0.28,0.34,0.0,30.5,0.45,0.28,44.41,89.81,17.32,81.29,2.57,97.83,20.78,96.24,38.44,95.06,5.98,56.07,22.83,40.97,0.0,0.06,0.0,0.0,0.0,0.0,0.0,3.35,66.67,0.17,33.33,0.67,50.0,0.06,0.0,7.32,67.18,0,,0,,0,0.0,0.0,0.0,,,2.18,,,0.0,0.0,0.0,0.0,0,0.0
Vinicius Rodrigues,Altos,Altos,GK,27,0,,5,499,0,0.0,0,0.0,1.08,83.33,Brazil,Brazil,,0,0,no,2.89,0.36,100.0,0.72,75.0,0.0,0.0,0.0,2.53,3.36,0.0,0,0.0,0,0.0,0.0,0.0,0,0.0,0.0,0,0.0,0,0.0,0.0,0.0,0.0,0.0,0.0,0.0,0.0,0.0,0.0,0.0,0.0,0.0,0.0,0.0,0.0,0.0,0.0,8.66,0.18,0.0,16.95,80.85,9.2,66.67,0.0,0.0,7.03,97.44,10.82,98.33,6.13,50.0,32.35,47.36,0.0,0.0,0.0,0.0,0.0,0.0,0.0,1.44,62.5,0.0,0.0,0.0,0.0,0.0,0.0,5.41,50.0,10,1.8,24,4.33,0,58.33,8.17,1.47,-1.83,-0.33,0.0,2.16,0.72,,,,0.0,0,0.0
Yan Philippe,Porto Velho,Altos,CF,30,0,,15,778,1,1.63,0,0.21,17.12,30.41,Brazil,Brazil,right,180,76,no,1.39,2.08,33.33,7.98,33.33,0.0,0.0,0.0,0.69,1.05,1.97,3,0.35,0,0.0,1.04,0.12,1,0.12,0.19,1,0.12,13,1.5,46.15,7.692,0.0,0.69,16.67,0.12,0.0,0.58,20.0,0.0,0.58,40.0,5.21,17.78,2.43,0.23,0.12,5.67,1.16,0.69,9.25,77.5,1.74,73.33,2.78,95.83,2.2,68.42,8.33,83.33,0.23,50.0,14.97,6.27,0.02,0.35,0.12,0.0,0.12,0.0,0.12,0.69,33.33,0.46,25.0,0.23,0.0,0.12,0.12,0.69,50.0,0,,0,,0,0.0,0.0,0.0,,,0.0,,,0.0,0.0,0.0,0.0,0,0.0
Rodrigo Fumaça,North Esporte Clube,Altos,"RAMF, RW, RWF",31,0,2026-09-30,13,856,0,0.69,0,0.76,20.4,36.6,Brazil,Brazil,right,172,72,no,4.84,5.36,56.86,2.63,32.0,0.0,0.0,0.11,1.79,2.82,1.47,3,0.32,0,0.0,3.26,0.0,0,0.0,0.07,0,0.0,15,1.58,6.67,0.0,0.0,3.36,31.25,0.42,25.0,2.94,32.14,0.42,6.31,33.33,10.83,31.07,2.0,2.42,1.37,17.77,2.73,1.05,23.45,65.92,6.31,60.0,4.52,83.72,7.15,58.82,19.35,72.28,0.95,66.67,16.81,18.17,0.08,1.05,0.11,0.11,0.32,0.0,0.53,2.21,71.43,3.36,34.38,0.32,0.0,0.74,0.84,3.79,72.22,0,,0,,0,0.0,0.0,0.0,,,0.11,,,0.0,0.0,0.0,0.11,0,0.0
Raul Cardoso,,Altos,RB,29,0,,12,856,0,0.23,2,2.0,16.19,54.55,Brazil,"Brazil, Italy",right,175,70,no,6.94,5.78,56.36,4.42,57.14,0.84,1.23,0.0,2.84,4.15,1.89,4,0.42,0,0.0,3.79,0.0,0,0.0,0.02,0,0.0,12,1.26,16.67,0.0,0.21,4.21,55.0,0.0,0.0,4.21,55.0,0.32,1.47,78.57,3.57,58.82,0.42,1.37,0.84,20.19,2.1,0.84,29.23,74.82,10.09,61.46,5.05,93.75,9.46,78.89,21.87,83.65,3.36,40.63,19.28,34.63,0.21,1.79,0.0,0.0,0.11,100.0,1.26,4.0,47.37,3.89,62.16,0.42,50.0,0.32,2.52,7.99,71.05,0,,0,,0,0.0,0.0,0.0,,,0.53,,,1.58,0.84,25.0,0.84,0,0.0
Lucas Bessa,Itabaiana,Altos,"LCMF, LDMF, RDMF",26,0,2026-10-30,12,648,0,0.01,0,0.4,12.64,46.15,Brazil,Brazil,right,184,79,no,6.39,5.97,41.86,2.5,61.11,0.28,0.45,0.14,3.61,5.91,1.81,2,0.28,0,0.0,0.56,0.0,0,0.0,0.0,0,0.0,3,0.42,0.0,0.0,0.0,0.69,0.0,0.42,0.0,0.28,0.0,0.28,0.69,80.0,2.5,50.0,0.0,0.97,0.0,48.06,0.0,0.28,63.75,88.89,20.14,80.0,9.44,95.59,28.06,94.06,58.33,91.9,4.86,62.86,19.47,37.04,0.06,0.97,0.0,0.0,0.28,0.0,0.0,10.97,82.28,1.25,22.22,0.56,50.0,0.42,0.0,11.67,80.95,0,,0,,0,0.0,0.0,0.0,,,1.25,,,1.11,0.14,0.0,1.39,0,0.0
Sousa Tibiri,Serra Branca EC,Altos,"RDMF, RCMF, LDMF",29,0,,14,1158,2,0.68,0,0.2,17.88,48.7,Brazil,Brazil,right,181,68,no,7.77,7.23,50.54,4.12,52.83,0.78,1.2,0.08,3.34,5.18,1.32,3,0.23,0,0.0,1.17,0.16,2,0.16,0.05,1,0.08,10,0.78,30.0,20.0,0.0,0.47,16.67,0.08,0.0,0.39,20.0,0.0,1.4,61.11,4.66,40.0,0.54,0.62,0.16,28.06,0.16,1.09,41.42,85.18,12.82,70.3,4.51,100.0,18.65,91.67,37.62,89.46,3.34,46.51,19.13,38.66,0.02,0.23,0.0,0.0,0.0,0.0,0.08,6.37,63.41,0.7,22.22,0.39,0.0,0.08,0.08,5.83,74.67,0,,0,,0,0.0,0.0,0.0,,,0.93,,,0.0,0.0,0.0,0.0,0,0.0
Vinicius de Paiva,Zabbar St. Patrick,Altos,LB,30,0,,10,759,0,0.13,2,0.94,17.31,52.74,Brazil,Brazil,left,176,64,no,8.42,7.47,53.97,3.2,51.85,0.95,1.45,0.0,3.44,5.24,2.02,3,0.36,0,0.0,2.25,0.0,0,0.0,0.02,0,0.0,4,0.47,25.0,0.0,0.24,2.73,30.43,2.73,30.43,0.0,0.0,0.59,1.9,68.75,4.03,52.94,0.59,0.71,0.36,22.17,1.19,0.95,30.12,79.13,11.62,72.45,4.51,97.37,10.08,80.0,24.9,87.14,2.73,47.83,19.74,39.61,0.11,0.71,0.0,0.0,0.12,0.0,0.0,4.15,71.43,2.02,47.06,0.71,50.0,0.12,1.3,7.11,73.33,0,,0,,0,0.0,0.0,0.0,,,0.24,,,1.19,0.0,0.0,1.07,0,0.0
Almir Luan,XV de Piracicaba,CSA,"LCB, RCB",24,0,,4,249,0,0.26,0,0.0,15.18,64.29,Brazil,Brazil,right,184,75,no,8.67,6.87,63.16,3.98,63.64,0.72,0.92,1.08,3.61,4.62,1.81,0,0.0,0,0.0,1.08,0.0,0,0.0,0.09,0,0.0,2,0.72,0.0,0.0,0.0,0.0,0.0,0.0,0.0,0.0,0.0,0.0,1.08,100.0,2.89,75.0,0.72,0.72,0.36,22.77,0.0,1.08,34.34,86.32,15.18,76.19,4.34,91.67,12.29,94.12,31.81,87.5,2.53,71.43,22.26,39.5,0.0,0.0,0.0,0.0,0.0,0.0,0.0,3.61,90.0,0.36,0.0,0.0,0.0,0.0,0.0,7.23,60.0,0,,0,,0,0.0,0.0,0.0,,,2.17,,,0.0,0.0,0.0,0.0,0,0.0
Luis Felipe,,CSA,"CF, AMF",25,0,,10,308,1,0.98,0,0.12,24.84,30.59,Brazil,Brazil,,0,0,no,3.8,5.26,50.0,7.6,19.23,0.0,0.0,0.0,1.17,1.88,2.63,0,0.0,0,0.0,1.75,0.29,1,0.29,0.29,1,0.29,4,1.17,50.0,25.0,0.0,0.58,50.0,0.58,50.0,0.0,0.0,0.0,2.34,37.5,7.89,33.33,2.34,1.46,1.46,7.01,0.29,1.75,10.52,88.89,1.46,40.0,4.38,100.0,1.75,100.0,9.94,91.18,0.0,0.0,13.12,0.0,0.04,0.29,0.0,0.0,0.0,0.0,0.29,0.29,100.0,0.29,100.0,0.0,0.0,0.29,0.29,0.29,100.0,0,,0,,0,0.0,0.0,0.0,,,0.0,,,0.0,0.0,0.0,0.0,0,0.0
Ruan,Central,CSA,"LW, RW, RAMF",24,0,,8,240,0,1.13,0,0.81,27.75,54.05,Brazil,"Brazil, Angola",right,175,66,no,5.63,7.13,57.89,4.13,45.45,0.75,1.09,0.0,0.75,1.09,0.75,0,0.0,0,0.0,3.0,0.0,0,0.0,0.42,0,0.0,5,1.88,40.0,0.0,0.0,1.88,0.0,0.75,0.0,1.13,0.0,0.75,4.5,50.0,12.38,48.48,1.88,0.75,1.5,12.38,1.5,5.25,16.5,65.91,6.0,62.5,4.5,100.0,3.0,25.0,13.13,80.0,1.5,25.0,18.86,11.56,0.3,1.5,0.0,0.0,1.13,0.0,0.0,2.25,66.67,2.25,16.67,1.13,0.0,0.38,0.75,3.75,40.0,0,,0,,0,0.0,0.0,0.0,,,0.0,,,1.13,0.0,0.0,0.0,0,0.0
Renan Bernabé,Barra,Figueirense,CF,22,0,,13,541,3,2.11,1,0.45,25.42,27.41,Brazil,Brazil,right,188,74,no,4.52,2.64,71.43,10.73,24.56,0.56,0.77,0.19,2.07,2.82,0.75,1,0.17,0,0.0,0.75,0.5,3,0.56,0.4,2,0.38,7,1.32,42.86,42.857,0.19,0.56,33.33,0.19,100.0,0.38,0.0,0.0,0.75,0.0,7.15,13.16,2.07,0.19,0.0,5.27,1.88,1.32,10.54,57.14,2.64,28.57,2.45,76.92,2.26,66.67,9.6,60.78,0.38,0.0,12.22,2.7,0.08,0.38,0.0,0.0,0.0,0.0,0.19,0.94,20.0,0.38,50.0,0.0,0.0,0.19,0.19,0.94,40.0,0,,0,,0,0.0,0.0,0.0,,,0.0,,,0.0,0.0,0.0,0.19,0,0.0
Leonardo Maia,Figueirense,Figueirense,RB,23,0,,1,100,0,0.0,0,0.0,21.6,37.5,Brazil,Brazil,right,180,71,no,7.2,9.0,60.0,5.4,50.0,0.0,0.0,0.0,1.8,1.82,0.0,0,0.0,0,0.0,0.0,0.0,0,0.0,0.0,0,0.0,0,0.0,0.0,0.0,0.0,0.0,0.0,0.0,0.0,0.0,0.0,0.0,0.9,0.0,5.4,0.0,0.0,0.9,0.0,11.7,0.9,0.0,19.8,63.64,9.0,60.0,4.5,80.0,3.6,75.0,15.3,64.71,4.5,60.0,14.47,22.77,0.0,0.0,0.0,0.0,0.0,0.0,0.0,2.7,66.67,0.9,100.0,0.9,100.0,0.9,0.0,9.0,40.0,0,,0,,0,0.0,0.0,0.0,,,0.9,,,0.0,0.0,0.0,0.0,0,0.0
Vinicius Nucci,,Figueirense,LB,24,0,,8,443,0,0.05,0,0.06,21.56,51.02,Brazil,Brazil,left,180,0,no,10.12,8.14,59.46,4.18,52.63,0.22,0.27,0.0,5.06,6.27,2.64,3,0.61,1,0.2,0.66,0.0,0,0.0,0.01,0,0.0,1,0.22,0.0,0.0,0.0,1.1,20.0,1.1,20.0,0.0,0.0,0.66,0.66,66.67,4.18,36.84,0.0,0.66,0.22,22.0,0.0,0.88,34.33,69.87,17.82,56.79,2.42,100.0,9.9,82.22,28.39,74.42,4.84,54.55,19.55,35.44,0.01,0.44,0.0,0.0,0.0,0.0,0.0,5.06,52.17,1.1,20.0,0.0,0.0,0.0,0.22,7.7,57.14,0,,0,,0,0.0,0.0,0.0,,,0.44,,,0.0,0.0,0.0,0.0,0,0.0
Gustavo Nogy,,Ypiranga Erechim,"LB, LWB",31,0,,3,142,0,0.02,0,0.02,11.41,38.89,Brazil,Brazil,left,168,73,no,6.34,5.07,37.5,1.9,0.0,0.63,1.2,0.0,3.8,7.2,0.63,1,0.63,0,0.0,0.63,0.0,0,0.0,0.01,0,0.0,1,0.63,0.0,0.0,0.0,2.54,25.0,2.54,25.0,0.0,0.0,0.63,0.0,0.0,1.27,100.0,1.27,2.54,1.27,39.93,1.27,0.63,51.97,80.49,19.01,60.0,5.07,100.0,15.21,91.67,45.63,83.33,3.8,83.33,15.35,21.15,0.01,0.63,0.0,0.0,0.0,0.0,0.0,6.97,72.73,1.9,66.67,0.0,0.0,0.63,0.63,12.04,78.95,0,,0,,0,0.0,0.0,0.0,,,0.63,,,0.0,0.0,0.0,0.0,0,0.0
Eduardo Rosado,Juazeirense,Figueirense,"RCB, LCB, CB",27,0,,10,801,0,0.76,0,0.0,17.09,51.11,Brazil,Brazil,left,185,82,no,8.48,7.34,51.72,5.44,53.49,0.38,0.52,0.51,4.3,5.93,2.28,4,0.45,0,0.0,0.76,0.0,0,0.0,0.1,0,0.0,6,0.76,16.67,0.0,0.0,0.25,0.0,0.13,0.0,0.13,0.0,0.0,0.76,83.33,1.77,42.86,0.63,0.25,0.0,19.62,0.13,0.13,31.52,86.35,10.63,70.24,1.39,100.0,16.33,96.12,27.34,92.13,3.92,51.61,22.85,38.97,0.0,0.0,0.0,0.0,0.0,0.0,0.0,3.04,62.5,0.63,0.0,0.38,0.0,0.0,0.0,4.94,66.67,0,,0,,0,0.0,0.0,0.0,,,0.89,,,0.0,0.0,0.0,0.0,0,0.0
Gabriel Conceição,Boavista,Figueirense,CF,25,0,,11,557,1,1.23,0,0.01,30.38,34.04,Brazil,Brazil,right,180,92,no,3.23,1.29,62.5,11.47,28.17,0.65,0.99,0.0,1.78,2.73,0.97,1,0.16,0,0.0,2.1,0.16,1,0.16,0.2,1,0.16,7,1.13,28.57,14.286,0.0,0.81,0.0,0.48,0.0,0.32,0.0,0.0,3.23,55.0,12.76,40.51,2.91,0.97,0.81,5.33,1.62,2.75,11.63,66.67,2.1,61.54,2.91,77.78,3.23,60.0,10.18,73.02,0.65,50.0,19.36,12.23,0.0,0.16,0.0,0.0,0.0,0.0,0.0,1.29,50.0,0.48,0.0,0.0,0.0,0.32,0.0,0.81,60.0,0,,0,,0,0.0,0.0,0.0,,,0.0,,,0.0,0.0,0.0,0.0,0,0.0
Nicolas,Barra,Figueirense,"RW, CF",25,0,,4,175,0,0.5,0,0.18,24.2,34.38,Brazil,Brazil,right,180,71,no,7.56,6.81,66.67,6.05,25.0,2.27,3.33,0.0,0.76,1.11,2.27,0,0.0,0,0.0,3.03,0.0,0,0.0,0.38,0,0.0,3,2.27,0.0,0.0,0.0,3.03,50.0,0.76,0.0,2.27,66.67,0.0,2.27,66.67,8.32,27.27,1.51,0.76,0.76,9.08,0.0,0.0,11.34,60.0,1.51,50.0,3.03,100.0,5.29,42.86,8.32,63.64,0.0,0.0,17.17,0.0,0.14,0.76,0.0,0.0,0.0,0.0,0.76,0.0,0.0,2.27,66.67,0.0,0.0,0.0,1.51,3.03,50.0,0,,0,,0,0.0,0.0,0.0,,,0.0,,,0.0,0.0,0.0,0.0,0,0.0
Cesinha,Marcílio Dias,Figueirense,"CF, AMF",25,0,,15,856,0,1.1,1,1.38,21.24,40.4,Brazil,Brazil,right,170,65,no,3.75,5.26,44.9,3.33,19.35,0.0,0.0,0.21,1.39,1.78,1.93,3,0.32,0,0.0,1.5,0.0,0,0.0,0.12,0,0.0,14,1.5,14.29,0.0,0.11,1.72,25.0,1.39,23.08,0.32,33.33,0.21,2.57,29.17,9.87,45.65,0.97,0.86,0.32,25.53,1.5,3.43,31.32,85.27,7.62,77.46,6.11,92.98,12.55,82.91,28.0,90.8,1.82,52.94,18.03,26.89,0.15,1.29,0.0,0.0,0.43,25.0,0.21,4.51,76.19,1.29,33.33,0.21,0.0,0.43,0.21,3.43,84.38,0,,0,,0,0.0,0.0,0.0,,,0.0,,,0.64,0.0,0.0,1.82,0,0.0
Guilherme Pato,CRB,Figueirense,"LW, LAMF",25,0,2026-11-30,13,805,1,0.14,0,0.47,21.91,40.82,Brazil,Brazil,right,161,56,no,6.71,6.37,56.14,1.23,27.27,0.34,0.51,0.0,2.8,4.24,1.79,7,0.78,0,0.0,3.58,0.11,1,0.11,0.02,0,0.0,11,1.23,9.09,9.091,0.0,3.13,32.14,2.35,33.33,0.78,28.57,0.22,3.91,62.86,10.06,42.22,1.01,2.91,1.34,18.0,2.01,1.34,29.52,74.24,7.6,54.41,6.82,93.44,7.83,68.57,24.48,81.74,2.24,50.0,18.19,32.6,0.05,0.89,0.11,0.0,0.22,0.0,0.22,3.91,57.14,2.68,37.5,0.34,0.0,0.45,0.89,4.36,69.23,0,,0,,0,0.0,0.0,0.0,,,0.11,,,0.0,0.0,0.0,0.0,0,0.0
Barba,Barra,Figueirense,"LCMF, RCMF",27,0,,12,538,0,0.0,0,0.19,17.14,56.25,Brazil,Brazil,right,177,70,no,10.18,9.29,65.38,2.14,50.0,0.18,0.24,0.71,3.93,5.32,1.79,1,0.17,0,0.0,0.89,0.0,0,0.0,0.0,0,0.0,1,0.18,0.0,0.0,0.0,0.36,50.0,0.0,0.0,0.36,50.0,0.0,0.71,75.0,2.86,43.75,1.25,0.0,0.0,19.64,0.0,1.07,32.14,86.11,10.71,78.33,4.82,96.3,10.18,87.72,29.29,87.8,2.5,71.43,16.67,26.61,0.03,0.18,0.0,0.0,0.18,100.0,0.18,5.18,68.97,0.89,60.0,0.18,100.0,0.54,0.18,5.18,79.31,0,,0,,0,0.0,0.0,0.0,,,0.0,,,0.89,0.18,0.0,0.0,0,0.0
Léo Artur,Công An Hà Nội,Figueirense,"AMF, CF, LCMF",31,0,,16,937,2,1.71,1,0.48,18.7,35.8,Brazil,Brazil,right,177,68,no,5.42,5.21,57.14,3.4,15.63,0.0,0.0,0.11,2.44,3.67,0.85,4,0.38,0,0.0,2.76,0.19,2,0.21,0.18,1,0.11,18,1.91,33.33,11.111,0.11,2.02,47.37,1.38,61.54,0.64,16.67,0.0,2.23,42.86,7.23,30.88,2.23,1.17,0.74,24.44,1.81,1.17,30.92,80.41,9.14,73.26,5.1,91.67,10.2,83.33,26.78,83.73,2.23,66.67,18.4,23.33,0.05,0.96,0.0,0.11,0.53,40.0,0.53,7.23,82.35,2.55,58.33,0.53,40.0,0.64,0.85,6.16,89.66,0,,0,,0,0.0,0.0,0.0,,,0.11,,,0.85,0.11,0.0,0.85,0,0.0
Robson Alemão,CRAC,Figueirense,"LCMF, LDMF, RCB",31,0,,17,1506,0,0.31,1,0.3,15.51,57.26,Brazil,Brazil,right,180,64,no,8.94,7.38,58.47,2.88,56.52,0.5,0.65,0.5,4.13,5.37,1.5,5,0.3,0,0.0,0.81,0.0,0,0.0,0.02,0,0.0,6,0.38,0.0,0.0,0.06,0.13,0.0,0.13,0.0,0.0,0.0,0.0,1.13,72.22,3.0,60.42,0.31,0.13,0.13,24.64,0.25,1.5,37.84,84.79,12.01,67.19,2.94,93.62,19.95,94.36,33.59,88.83,4.13,54.55,21.55,39.08,0.02,0.19,0.0,0.0,0.13,0.0,0.06,4.94,65.82,0.31,20.0,0.19,33.33,0.13,0.0,5.88,67.02,0,,0,,0,0.0,0.0,0.0,,,0.38,,,0.0,0.0,0.0,0.0,0,0.0
Andrew,Juventus,Figueirense,"RW, LW, LB",29,0,2026-10-30,14,1099,0,0.91,1,1.44,22.85,56.63,Brazil,Brazil,right,172,65,no,8.35,7.45,58.24,3.44,52.38,0.49,0.71,0.08,3.52,5.12,1.31,5,0.41,0,0.0,4.34,0.0,0,0.0,0.07,0,0.0,6,0.49,16.67,0.0,0.08,2.62,62.5,0.9,63.64,1.72,61.9,0.33,4.26,61.54,8.93,55.05,1.15,1.23,0.74,15.89,1.31,4.26,24.65,72.76,8.35,52.94,3.69,97.78,8.52,75.96,18.92,77.49,3.19,53.85,20.05,35.15,0.12,0.9,0.0,0.0,0.08,0.0,0.57,3.36,43.9,2.46,70.0,0.41,60.0,0.49,1.64,6.14,66.67,0,,0,,0,0.0,0.0,0.0,,,0.08,,,0.08,0.0,0.0,0.0,0,0.0
Guilherme Souza,Rio Claro,Figueirense,RCB,29,0,,4,353,0,0.05,0,0.0,9.94,58.97,Brazil,Brazil,right,188,79,no,7.65,3.82,53.33,3.82,66.67,1.02,1.08,1.27,4.59,4.86,1.53,1,0.25,0,0.0,0.0,0.0,0,0.0,0.01,0,0.0,2,0.51,0.0,0.0,0.0,0.0,0.0,0.0,0.0,0.0,0.0,0.0,0.0,0.0,0.25,0.0,0.51,0.0,0.0,14.02,0.0,0.0,23.97,82.98,10.45,73.17,1.27,100.0,9.69,97.37,19.89,87.18,4.08,62.5,21.72,42.82,0.0,0.0,0.0,0.0,0.0,0.0,0.0,1.78,28.57,0.25,0.0,0.25,0.0,0.0,0.0,5.61,63.64,0,,0,,0,0.0,0.0,0.0,,,1.02,,,0.0,0.0,0.0,0.0,0,0.0
Gustavo França,Arema,Figueirense,"LW, RW, RAMF",28,0,2027-06-30,18,1230,5,1.74,1,1.95,17.66,36.56,Brazil,"Brazil, Italy",right,176,71,no,4.9,3.73,62.5,1.71,4.55,0.16,0.2,0.0,2.41,3.12,0.78,1,0.07,1,0.07,2.8,0.37,5,0.39,0.14,0,0.0,24,1.87,33.33,20.833,0.08,2.96,23.68,0.86,27.27,2.1,22.22,0.31,2.96,42.11,9.65,33.06,1.17,1.24,0.7,15.17,1.71,1.4,20.85,70.15,7.16,70.65,3.58,89.13,5.45,64.29,17.11,79.09,0.86,45.45,18.17,17.49,0.15,1.4,0.0,0.08,0.62,37.5,0.54,1.79,65.22,3.58,39.13,0.62,37.5,0.7,0.78,4.28,74.55,0,,0,,0,0.0,0.0,0.0,,,0.0,,,2.33,0.39,40.0,3.58,0,0.0
Gledson,PSM,Figueirense,"RCMF, RDMF, DMF",31,0,,14,1076,0,0.29,0,0.17,24.35,41.67,Brazil,Brazil,right,184,76,no,8.47,8.21,46.24,2.47,32.14,0.35,0.46,0.71,4.32,5.68,3.44,8,0.67,0,0.0,2.21,0.0,0,0.0,0.03,0,0.0,8,0.71,12.5,0.0,0.0,0.97,18.18,0.09,0.0,0.88,20.0,0.18,3.26,59.46,10.68,39.67,0.18,1.06,0.18,20.21,0.09,1.41,31.59,82.4,10.15,68.7,3.26,94.59,12.53,88.03,28.06,87.42,2.56,51.72,18.32,27.47,0.01,0.26,0.0,0.0,0.0,0.0,0.09,4.76,66.67,1.24,21.43,0.26,33.33,0.09,0.26,4.41,68.0,0,,0,,0,0.0,0.0,0.0,,,0.44,,,0.18,0.0,0.0,0.0,0,0.0
Gabriel Tota,Botafogo PB,Ypiranga Erechim,LW,24,0,2027-11-30,1,17,0,0.0,0,0.0,,,Brazil,Brazil,right,186,83,no,,,,,,,0.0,,,8.57,,0,,0,,,,0,,,0,,0,,,0.0,,,,,,,,,,,,,,,,,,,,,,,,,,,,,,,31.39,53.19,,,,,,,,,,,,,,,,,,0,,0,,0,0.0,0.0,,,,,,,,,,,0,0.0
Gustavo Fagundes,Itabaiana,Manaus,RCB,24,0,,1,48,0,0.0,0,0.0,13.13,57.14,Brazil,Brazil,,0,0,no,13.13,7.5,75.0,1.88,0.0,0.0,0.0,1.88,7.5,8.57,1.88,0,0.0,0,0.0,0.0,0.0,0,0.0,0.0,0,0.0,0,0.0,0.0,0.0,0.0,0.0,0.0,0.0,0.0,0.0,0.0,0.0,0.0,0.0,0.0,0.0,1.88,0.0,0.0,5.63,0.0,0.0,11.25,83.33,1.88,100.0,0.0,0.0,5.63,100.0,11.25,83.33,0.0,0.0,15.57,0.0,0.0,0.0,0.0,0.0,0.0,0.0,0.0,0.0,0.0,0.0,0.0,0.0,0.0,1.88,0.0,1.88,0.0,0,,0,,0,0.0,0.0,0.0,,,0.0,,,0.0,0.0,0.0,0.0,0,0.0
Gustavo Cabral,Csikszereda Miercurea Ciuc,Manaus,"RW, LAMF",24,0,,14,826,2,1.05,0,0.22,26.04,38.91,Brazil,Brazil,left,176,70,no,6.54,6.1,55.36,1.74,25.0,0.22,0.28,0.0,2.94,3.84,1.85,2,0.22,0,0.0,4.14,0.22,2,0.22,0.11,0,0.0,18,1.96,33.33,11.111,0.0,0.65,33.33,0.33,33.33,0.33,33.33,0.11,7.74,39.44,14.49,34.59,1.63,2.83,1.63,16.89,1.09,1.85,22.99,87.2,6.1,83.93,5.56,96.08,5.99,81.82,22.12,89.16,0.22,50.0,14.88,4.65,0.02,0.33,0.0,0.0,0.65,33.33,0.0,2.83,84.62,1.85,47.06,0.54,20.0,0.54,0.22,2.29,90.48,0,,0,,0,0.0,0.0,0.0,,,0.0,,,0.22,0.0,0.0,0.0,0,0.0
Gharib,Anápolis,Manaus,LB,27,0,,3,183,0,0.0,0,0.0,7.87,43.75,Brazil,Brazil,,0,0,no,7.38,4.92,50.0,0.98,0.0,0.98,1.18,0.0,3.93,4.71,1.97,1,0.49,0,0.0,0.49,0.0,0,0.0,0.0,0,0.0,0,0.0,0.0,0.0,0.0,1.97,0.0,1.97,0.0,0.0,0.0,0.0,0.98,50.0,0.98,50.0,0.0,0.98,0.98,30.98,0.98,0.0,37.87,80.52,12.79,73.08,2.46,100.0,17.21,82.86,33.44,85.29,2.95,66.67,21.51,30.25,0.0,0.0,0.0,0.0,0.0,0.0,0.0,2.95,83.33,0.98,0.0,0.0,0.0,0.0,0.0,8.85,66.67,0,,0,,0,0.0,0.0,0.0,,,0.49,,,0.0,0.0,0.0,0.0,0,0.0
Rodolfo Filemon,Betim,Paysandu,LCB,31,0,2026-09-30,8,728,0,0.13,0,0.0,9.64,61.54,Brazil,Brazil,both,184,82,no,4.95,3.21,65.38,3.59,68.97,0.12,0.18,0.12,2.72,4.02,0.87,1,0.12,0,0.0,0.49,0.0,0,0.0,0.02,0,0.0,2,0.25,50.0,0.0,0.0,0.12,100.0,0.12,100.0,0.0,0.0,0.0,0.49,50.0,1.61,61.54,0.37,0.62,0.0,26.46,0.25,0.87,42.77,84.1,21.14,76.02,1.11,88.89,18.3,95.27,36.1,89.04,6.55,56.6,21.74,33.31,0.0,0.0,0.0,0.0,0.12,0.0,0.0,5.32,69.77,0.49,75.0,0.37,33.33,0.12,0.12,8.9,61.11,0,,0,,0,0.0,0.0,0.0,,,0.87,,,0.0,0.0,0.0,0.0,0,0.0
Caio Callyman,Nacional AM,Aparecidense,RB,27,0,,1,12,0,0.01,0,0.0,,,Brazil,Brazil,right,174,68,no,,,,,,,0.0,,,0.0,,0,,0,,,,0,,,0,,1,,,0.0,,,,,,,,,,,,,,,,,,,,,,,,,,,,,,,10.85,0.0,,,,,,,,,,,,,,,,,,0,,0,,0,0.0,0.0,,,,,,,,,,,0,0.0
Dyego,Tombense,Aparecidense,"RW, RCMF",23,0,,2,16,0,0.0,0,0.0,,,Brazil,Brazil,right,175,70,no,,,,,,,0.0,,,6.0,,0,,0,,,,0,,,0,,0,,,0.0,,,,,,,,,,,,,,,,,,,,,,,,,,,,,,,9.72,0.0,,,,,,,,,,,,,,,,,,0,,0,,0,0.0,0.0,,,,,,,,,,,0,0.0
Luís Araújo,Marcílio Dias,Aparecidense,"LAMF, RAMF, RW",25,0,2026-09-20,5,112,0,0.0,0,0.0,24.11,43.33,Brazil,Brazil,right,185,81,no,7.23,4.02,80.0,0.8,0.0,0.0,0.0,0.0,4.02,7.5,0.8,0,0.0,0,0.0,4.82,0.0,0,0.0,0.0,0,0.0,0,0.0,0.0,0.0,0.0,4.82,16.67,4.02,20.0,0.8,0.0,1.61,8.84,45.45,18.48,39.13,0.8,3.21,0.0,9.64,0.0,3.21,14.46,55.56,2.41,33.33,0.8,100.0,8.04,40.0,9.64,75.0,0.0,0.0,16.48,0.0,0.0,0.0,0.0,0.0,0.0,0.0,0.0,1.61,50.0,4.82,16.67,0.0,0.0,0.0,2.41,3.21,25.0,0,,0,,0,0.0,0.0,0.0,,,0.0,,,0.0,0.0,0.0,0.0,0,0.0
João Diogo,Portuguesa,Aparecidense,"CF, LAMF",27,0,2027-03-15,11,505,1,1.56,1,0.46,21.24,35.09,Brazil,Brazil,right,174,69,no,2.05,4.1,31.82,1.49,37.5,0.0,0.0,0.0,0.75,0.98,1.12,3,0.53,0,0.0,3.91,0.18,0,0.0,0.29,0,0.0,17,3.17,41.18,5.882,0.19,2.24,25.0,0.93,40.0,1.3,14.29,0.56,3.91,52.38,12.11,38.46,2.42,1.49,0.37,11.93,1.3,2.98,16.96,73.63,4.1,63.64,3.91,90.48,6.71,63.89,13.6,83.56,1.12,50.0,16.83,16.22,0.09,1.3,0.0,0.0,0.37,0.0,0.37,2.61,57.14,1.86,30.0,0.56,0.0,0.93,0.75,1.86,80.0,0,,0,,0,0.0,0.0,0.0,,,0.0,,,1.49,0.75,25.0,2.24,1,100.0
Léo Rigo,São José EC,Aparecidense,LCB,31,0,,15,1511,0,0.05,0,0.0,8.8,58.27,Brazil,Brazil,left,188,79,no,6.08,3.86,70.49,3.17,54.0,0.06,0.08,0.38,3.29,4.23,0.76,2,0.12,0,0.0,0.19,0.0,0,0.0,0.0,0,0.0,1,0.06,100.0,0.0,0.0,0.32,40.0,0.32,40.0,0.0,0.0,0.0,0.13,0.0,1.01,37.5,0.25,0.89,0.06,28.82,0.25,0.57,41.55,85.37,18.37,72.41,1.46,91.3,18.05,97.19,33.31,93.54,7.98,53.17,24.63,42.68,0.0,0.0,0.0,0.0,0.0,0.0,0.0,6.78,57.94,0.44,42.86,0.38,50.0,0.19,0.06,9.63,75.0,0,,0,,0,0.0,0.0,0.0,,,1.08,,,0.0,0.0,0.0,0.0,0,0.0
Matheus Leal,Juventus,Aparecidense,"LW, LB, LAMF",31,0,,12,694,1,0.57,1,0.58,23.08,44.94,Brazil,Brazil,left,178,72,no,5.71,6.48,54.0,3.5,51.85,0.13,0.18,0.26,2.07,2.89,1.82,3,0.39,0,0.0,2.33,0.13,1,0.13,0.07,0,0.0,11,1.43,36.36,9.091,0.13,2.33,11.11,2.2,11.76,0.13,0.0,0.26,3.37,46.15,10.12,39.74,0.13,1.95,0.52,20.1,1.04,2.33,27.36,79.15,7.78,78.33,6.48,98.0,8.43,67.69,24.12,86.56,1.04,50.0,19.5,18.86,0.08,0.52,0.13,0.0,0.0,0.0,0.0,2.59,85.0,1.82,21.43,0.0,0.0,0.13,0.52,4.8,59.46,0,,0,,0,0.0,0.0,0.0,,,0.13,,,1.43,0.65,40.0,2.2,0,0.0
João Pedro,ABC,Aparecidense,"LW, LCMF, RDMF",27,0,2027-11-30,4,140,0,0.0,0,0.7,9.64,40.0,Brazil,Brazil,left,175,74,no,5.14,3.86,50.0,1.93,33.33,0.0,0.0,0.0,3.21,5.36,1.29,0,0.0,0,0.0,5.14,0.0,0,0.0,0.0,0,0.0,1,0.64,0.0,0.0,0.0,7.71,58.33,5.14,50.0,2.57,75.0,1.29,0.64,100.0,1.93,33.33,0.64,1.29,0.0,31.5,0.64,0.0,39.86,82.26,5.14,62.5,6.43,100.0,21.21,81.82,29.57,89.13,3.21,60.0,21.56,21.34,0.45,4.5,0.0,0.0,0.64,0.0,2.57,3.86,66.67,7.71,58.33,1.29,0.0,0.0,5.79,9.0,85.71,0,,0,,0,0.0,0.0,0.0,,,0.0,,,2.57,0.0,0.0,4.5,0,0.0
Eduardo Thuram,Piauí,Aparecidense,LCB,28,0,,8,479,0,0.2,0,0.0,7.89,66.67,Brazil,Brazil,left,189,84,no,7.52,4.13,81.82,1.69,77.78,0.0,0.0,0.38,4.13,5.55,0.75,1,0.19,0,0.0,0.0,0.0,0,0.0,0.04,0,0.0,1,0.19,0.0,0.0,0.0,0.0,0.0,0.0,0.0,0.0,0.0,0.0,0.0,0.0,0.75,25.0,0.19,0.75,0.0,20.29,0.19,0.0,30.44,81.48,11.46,59.02,1.88,100.0,15.41,96.34,25.55,89.71,4.89,38.46,20.87,32.31,0.0,0.0,0.0,0.0,0.0,0.0,0.0,4.7,44.0,0.38,50.0,0.19,0.0,0.19,0.0,6.2,66.67,0,,0,,0,0.0,0.0,0.0,,,1.32,,,0.0,0.0,0.0,0.0,0,0.0
Rafa Marcos,Nacional AM,Aparecidense,"RW, CF, RAMF",27,0,,12,467,0,0.81,0,0.27,25.18,41.86,Brazil,Brazil,right,181,73,no,4.69,5.86,43.33,3.51,27.78,0.0,0.0,0.0,2.15,2.8,1.56,2,0.39,0,0.0,3.9,0.0,0,0.0,0.16,0,0.0,8,1.56,25.0,0.0,0.0,1.37,28.57,0.0,0.0,1.37,28.57,0.39,4.69,66.67,12.49,45.31,1.76,1.37,0.2,10.35,1.56,2.93,15.81,77.78,2.93,73.33,4.3,100.0,5.86,66.67,14.45,82.43,0.0,0.0,15.42,0.0,0.05,0.59,0.2,0.0,0.0,0.0,0.0,0.78,75.0,1.17,33.33,0.0,0.0,0.2,0.39,1.17,100.0,0,,0,,0,0.0,0.0,0.0,,,0.0,,,0.0,0.0,0.0,0.2,0,0.0
Johnatan Cardoso,Ceilândia,Manaus,"RW, RAMF, LW",29,0,,12,570,1,1.63,0,0.11,18.0,47.37,Brazil,Brazil,right,172,62,no,5.37,5.05,71.88,2.21,28.57,0.0,0.0,0.0,1.74,2.34,0.32,0,0.0,0,0.0,4.74,0.16,1,0.16,0.26,0,0.0,11,1.74,36.36,9.091,0.0,2.68,29.41,0.32,0.0,2.37,33.33,0.63,5.21,60.61,9.16,44.83,3.47,1.74,0.95,9.63,1.42,1.42,12.47,62.03,3.79,62.5,1.42,100.0,4.26,44.44,9.32,74.58,0.47,0.0,17.41,11.6,0.02,0.32,0.0,0.0,0.32,50.0,0.32,1.58,60.0,2.68,29.41,0.32,50.0,0.47,0.79,1.74,81.82,0,,0,,0,0.0,0.0,0.0,,,0.0,,,0.16,0.0,0.0,0.16,0,0.0
Leandrinho,Boavista,Paysandu,"AMF, CF",29,0,,7,249,0,0.61,0,0.71,17.35,58.33,Brazil,"Brazil, Portugal",left,175,75,no,3.61,3.98,45.45,1.45,75.0,0.72,1.54,0.0,1.08,2.31,2.17,2,0.72,1,0.36,3.98,0.0,0,0.0,0.22,0,0.0,4,1.45,25.0,0.0,0.0,1.81,40.0,0.72,50.0,1.08,33.33,0.36,3.61,70.0,10.12,64.29,2.53,1.08,0.0,27.83,1.08,4.34,40.84,83.19,12.65,77.14,7.59,85.71,14.1,87.18,34.7,87.5,4.34,66.67,18.61,35.49,0.26,1.08,0.0,0.0,0.72,50.0,0.72,5.78,75.0,2.17,83.33,1.08,33.33,1.08,0.36,5.42,73.33,0,,0,,0,0.0,0.0,0.0,,,0.0,,,0.72,0.36,0.0,0.0,0,0.0
Vicente,,Paysandu,RW,27,0,,1,14,0,0.0,0,0.0,,,Brazil,Brazil,right,181,0,no,,,,,,,0.0,,,10.0,,1,,0,,,,0,,,0,,0,,,0.0,,,,,,,,,,,,,,,,,,,,,,,,,,,,,,,10.94,0.0,,,,,,,,,,,,,,,,,,0,,0,,0,0.0,0.0,,,,,,,,,,,0,0.0
Lucas Mota,Ituano,Manaus,RB,31,0,2026-10-31,18,1688,1,0.36,0,1.25,15.36,57.64,Brazil,Brazil,right,184,79,no,9.86,7.52,62.41,2.19,56.1,0.11,0.14,0.32,5.07,6.75,1.07,4,0.21,0,0.0,2.4,0.05,1,0.05,0.02,0,0.0,7,0.37,28.57,14.286,0.0,2.35,45.45,0.0,0.0,2.35,45.45,0.27,2.13,55.0,3.84,45.83,0.37,1.33,0.64,24.05,1.55,0.64,36.84,83.07,15.78,76.01,2.67,90.0,12.69,86.97,30.23,89.95,4.43,56.63,20.13,37.04,0.07,1.07,0.0,0.0,0.05,100.0,0.53,5.97,76.79,2.56,43.75,0.37,42.86,0.43,1.07,8.69,77.3,0,,0,,0,0.0,0.0,0.0,,,0.16,,,0.0,0.0,0.0,0.0,0,0.0
Charles,Operário PR,Manaus,"RCMF, LDMF, RDMF",31,0,2026-11-30,6,533,1,1.7,1,0.52,13.0,51.95,Brazil,Brazil,right,184,86,no,8.27,6.92,48.78,1.86,54.55,1.18,1.51,0.17,3.71,4.75,2.03,3,0.51,0,0.0,0.84,0.17,0,0.0,0.29,0,0.0,12,2.03,16.67,8.333,0.17,0.34,50.0,0.0,0.0,0.34,50.0,0.0,0.34,0.0,2.36,42.86,0.68,0.0,0.17,28.71,0.17,1.01,44.58,87.12,13.68,70.37,4.9,100.0,20.94,95.16,38.67,90.83,5.57,63.64,21.33,38.67,0.09,0.34,0.0,0.0,0.51,66.67,0.17,8.11,79.17,0.51,66.67,0.34,0.0,0.17,0.17,6.25,75.68,0,,0,,0,0.0,0.0,0.0,,,0.0,,,1.69,0.84,20.0,0.84,1,100.0
Guilherme Guedes,,Ypiranga Erechim,LB,27,0,,4,305,0,0.12,0,0.17,12.39,47.62,Uzbekistan,Uzbekistan,left,177,70,no,5.61,5.61,63.16,1.48,40.0,0.0,0.0,0.3,2.07,3.39,0.89,0,0.0,0,0.0,2.07,0.0,0,0.0,0.04,0,0.0,2,0.59,50.0,0.0,0.0,3.25,36.36,3.25,36.36,0.0,0.0,0.0,1.48,40.0,3.84,23.08,0.89,1.48,0.3,24.79,0.59,0.0,35.11,79.83,11.21,78.95,5.31,94.44,10.92,72.97,28.33,89.58,3.84,46.15,18.12,35.3,0.05,0.59,0.0,0.3,0.0,0.0,0.3,4.72,56.25,2.66,33.33,0.3,0.0,0.0,1.18,5.9,70.0,0,,0,,0,0.0,0.0,0.0,,,0.0,,,0.3,0.0,0.0,0.0,0,0.0
Marcinho,Široki Brijeg,Operário PR,"RCMF, LDMF",27,0,2027-07-31,2,38,0,0.24,0,0.0,,,Brazil,Brazil,right,182,75,no,,,,,,,0.0,,,10.0,,0,,0,,,,0,,,0,,1,,,0.0,,,,,,,,,,,,,,,,,,,,,,,,,,,,,,,24.14,44.41,,,,,,,,,,,,,,,,,,0,,0,,0,0.0,0.0,,,,,,,,,,,0,0.0
Jeam,Floresta EC,Náutico,CF,31,0,2027-06-30,6,358,0,0.25,0,0.11,24.13,28.13,Brazil,Brazil,right,174,74,yes,2.01,2.26,22.22,8.3,30.3,0.5,0.65,0.25,1.01,1.29,1.76,1,0.25,0,0.0,1.26,0.0,0,0.0,0.06,0,0.0,3,0.75,66.67,0.0,0.0,0.0,0.0,0.0,0.0,0.0,0.0,0.0,1.01,50.0,8.8,37.14,1.26,0.25,0.0,4.78,0.0,2.26,9.3,81.08,2.01,37.5,3.52,92.86,2.77,90.91,8.8,85.71,0.5,0.0,17.45,11.5,0.03,0.25,0.0,0.25,0.75,33.33,0.25,1.51,33.33,0.5,0.0,0.5,0.0,0.25,0.0,0.0,0.0,0,,0,,0,0.0,0.0,0.0,,,0.0,,,0.0,0.0,0.0,0.0,0,0.0
Felix,Brusque,Ypiranga Erechim,"LCB, LB",24,0,2027-06-30,7,490,0,0.0,0,0.0,12.12,53.03,Brazil,Brazil,right,185,79,no,9.55,6.61,66.67,2.57,50.0,0.55,0.96,0.92,4.59,7.98,1.1,3,0.55,0,0.0,0.18,0.0,0,0.0,0.0,0,0.0,0,0.0,0.0,0.0,0.0,0.18,0.0,0.18,0.0,0.0,0.0,0.18,0.55,33.33,2.02,36.36,0.18,1.84,0.55,35.63,0.55,0.37,45.73,87.95,16.9,80.43,4.22,95.65,18.55,95.05,41.69,92.07,3.86,47.62,16.97,21.07,0.0,0.18,0.0,0.0,0.0,0.0,0.0,5.14,75.0,0.37,0.0,0.18,0.0,0.0,0.18,8.08,65.91,0,,0,,0,0.0,0.0,0.0,,,2.02,,,0.0,0.0,0.0,0.0,0,0.0
Borech,Cascavel,Operário PR,"RB, LB",24,0,2027-06-30,1,52,0,0.0,0,0.0,20.77,50.0,Brazil,Brazil,right,183,76,no,10.38,8.65,40.0,8.65,60.0,1.73,2.14,0.0,5.19,6.43,1.73,0,0.0,0,0.0,1.73,0.0,0,0.0,0.0,0,0.0,0,0.0,0.0,0.0,0.0,0.0,0.0,0.0,0.0,0.0,0.0,0.0,1.73,100.0,1.73,100.0,0.0,0.0,0.0,31.15,0.0,0.0,45.0,88.46,20.77,75.0,3.46,100.0,13.85,100.0,36.35,100.0,8.65,40.0,21.56,51.83,0.0,1.73,0.0,0.0,0.0,0.0,0.0,8.65,60.0,1.73,0.0,1.73,0.0,0.0,0.0,5.19,66.67,0,,0,,0,0.0,0.0,0.0,,,1.73,,,0.0,0.0,0.0,0.0,0,0.0
Alan James,,Aparecidense,"CF, LW",28,0,,8,474,1,1.41,0,0.03,21.84,53.04,Brazil,Brazil,right,185,82,no,5.51,4.75,72.0,6.84,36.11,0.19,0.25,0.19,1.9,2.48,0.57,0,0.0,0,0.0,1.14,0.19,0,0.0,0.27,0,0.0,6,1.14,16.67,16.667,0.0,1.14,0.0,0.57,0.0,0.57,0.0,0.0,1.33,71.43,7.97,47.62,1.52,0.57,0.19,7.78,1.52,2.66,10.82,68.42,2.28,58.33,3.23,88.24,3.04,62.5,9.49,76.0,0.38,50.0,16.99,11.49,0.01,0.19,0.0,0.0,0.19,0.0,0.19,1.33,57.14,0.95,20.0,0.19,0.0,0.76,0.0,0.76,100.0,0,,0,,0,0.0,0.0,0.0,,,0.0,,,0.0,0.0,0.0,0.0,1,100.0
Odivan,,Náutico,"LCB, CB",27,0,,10,862,0,0.19,0,0.0,9.61,53.26,Brazil,"Brazil, Italy",left,190,82,no,8.46,4.49,58.14,3.86,54.05,0.73,1.01,0.21,5.12,7.1,1.57,2,0.21,0,0.0,0.31,0.0,0,0.0,0.02,0,0.0,3,0.31,0.0,0.0,0.0,0.1,100.0,0.1,100.0,0.0,0.0,0.0,0.21,100.0,0.52,60.0,0.52,0.73,0.0,25.58,0.0,0.0,37.9,85.4,16.18,72.26,1.46,100.0,17.54,95.83,32.05,93.49,5.74,40.0,22.28,37.73,0.0,0.0,0.0,0.0,0.0,0.0,0.0,4.39,42.86,0.63,0.0,0.31,33.33,0.0,0.0,6.68,67.19,0,,0,,0,0.0,0.0,0.0,,,1.04,,,0.0,0.0,0.0,0.0,0,0.0
Vini Peixoto,Shimizu S-Pulse,Ypiranga Erechim,"LW, RAMF, RCMF",25,0,2027-06-30,3,62,0,0.0,0,0.09,23.23,56.25,Brazil,Brazil,right,173,0,no,2.9,2.9,100.0,4.35,0.0,0.0,0.0,0.0,0.0,0.0,0.0,0,0.0,0,0.0,4.35,0.0,0,0.0,0.0,0,0.0,0,0.0,0.0,0.0,0.0,4.35,33.33,0.0,0.0,4.35,33.33,0.0,4.35,66.67,13.06,55.56,1.45,2.9,0.0,17.42,5.81,1.45,23.23,62.5,2.9,0.0,10.16,85.71,4.35,66.67,18.87,69.23,1.45,0.0,35.59,24.82,0.13,1.45,0.0,0.0,0.0,0.0,1.45,0.0,0.0,2.9,100.0,0.0,0.0,0.0,1.45,2.9,50.0,0,,0,,0,0.0,0.0,0.0,,,0.0,,,0.0,0.0,0.0,0.0,0,0.0
Gabriel Furtado,Tuna Luso,Paysandu,CF,24,0,,1,13,0,0.01,0,0.0,,,Brazil,Brazil,,0,0,no,,,,,,,0.0,,,0.0,,0,,0,,,,0,,,0,,1,,,0.0,,,,,,,,,,,,,,,,,,,,,,,,,,,,,,,0.0,0.0,,,,,,,,,,,,,,,,,,0,,0,,0,0.0,0.0,,,,,,,,,,,0,0.0
Mirandinha,Jeonnam Dragons,Paysandu,"RAMF, LW",26,0,2026-12-31,2,76,0,0.33,0,0.15,22.5,52.63,Brazil,Brazil,right,179,68,no,4.74,7.11,50.0,3.55,66.67,0.0,0.0,0.0,1.18,2.73,0.0,0,0.0,0,0.0,4.74,0.0,0,0.0,0.38,0,0.0,3,3.55,33.33,0.0,0.0,2.37,0.0,1.18,0.0,1.18,0.0,1.18,3.55,100.0,10.66,55.56,3.55,0.0,0.0,7.11,0.0,2.37,8.29,57.14,1.18,100.0,2.37,100.0,2.37,0.0,4.74,100.0,1.18,0.0,33.62,23.31,0.18,1.18,0.0,0.0,0.0,0.0,0.0,0.0,0.0,1.18,0.0,0.0,0.0,0.0,0.0,0.0,0.0,0,,0,,0,0.0,0.0,0.0,,,0.0,,,0.0,0.0,0.0,1.18,0,0.0
Netinho,Atlético GO,Botafogo PB,"LCMF, RCMF",28,0,2027-12-31,18,1446,1,1.0,4,2.15,15.56,48.4,Brazil,Brazil,right,180,76,no,5.98,5.35,50.0,1.74,46.43,0.12,0.19,0.31,3.17,4.74,1.68,6,0.37,0,0.0,3.05,0.06,1,0.06,0.06,0,0.0,37,2.3,32.43,2.703,0.25,0.93,40.0,0.12,50.0,0.81,38.46,0.0,2.86,60.87,6.16,47.47,0.31,0.81,0.44,23.84,0.12,1.31,40.08,83.39,12.76,72.2,5.6,94.44,16.87,90.41,32.8,88.8,6.41,61.17,22.17,41.85,0.13,1.12,0.0,0.0,0.31,60.0,0.19,8.46,76.47,1.99,40.63,0.68,63.64,0.31,0.44,7.97,75.78,0,,0,,0,0.0,0.0,0.0,,,0.31,,,1.49,0.68,36.36,2.3,0,0.0
Ewerton,Académico de Viseu F.C.,América RN,GK,28,0,2027-06-30,1,101,0,0.0,0,0.0,0.89,100.0,Brazil,Brazil,right,190,80,no,0.89,0.89,100.0,0.0,0.0,0.0,0.0,0.0,0.0,0.0,0.0,0,0.0,0,0.0,0.0,0.0,0,0.0,0.0,0,0.0,0,0.0,0.0,0.0,0.0,0.0,0.0,0.0,0.0,0.0,0.0,0.0,0.0,0.0,0.0,0.0,0.0,0.0,0.0,6.24,0.0,0.0,9.8,100.0,4.46,100.0,0.0,0.0,5.35,100.0,6.24,100.0,3.56,100.0,37.02,49.61,0.0,0.0,0.0,0.0,0.0,0.0,0.0,0.0,0.0,0.0,0.0,0.0,0.0,0.0,0.0,3.56,100.0,2,1.78,9,8.02,0,77.78,2.3,2.05,0.3,0.267,0.0,1.78,0.0,,,,0.0,0,0.0
