Player,Team,Team within selected timeframe,Position,Age,Market value,Contract expires,Matches played,Minutes played,Goals,xG,Assists,xA,Duels per 90,"Duels won, %",Birth country,Passport country,Foot,Height,Weight,On loan,Successful defensive actions per 90,Defensive duels per 90,"Defensive duels won, %",Aerial duels per 90,"Aerial duels won, %",Sliding tackles per 90,PAdj Sliding tackles,Shots blocked per 90,Interceptions per 90,PAdj Interceptions,Fouls per 90,Yellow cards,Yellow cards per 90,Red cards,Red cards per 90,Successful attacking actions per 90,Goals per 90,Non-penalty goals,Non-penalty goals per 90,xG per 90,Head goals,Head goals per 90,Shots,Shots per 90,"Shots on target, %","Goal conversion, %",Assists per 90,Crosses per 90,"Accurate crosses, %",Crosses from left flank per 90,"Accurate crosses from left flank, %",Crosses from right flank per 90,"Accurate crosses from right flank, %",Crosses to goalie box per 90,Dribbles per 90,"Successful dribbles, %",Offensive duels per 90,"Offensive duels won, %",Touches in box per 90,Progressive runs per 90,Accelerations per 90,Received passes per 90,Received long passes per 90,Fouls suffered per 90,Passes per 90,"Accurate passes, %",Forward passes per 90,"Accurate forward passes, %",Back passes per 90,"Accurate back passes, %",Lateral passes per 90,"Accurate lateral passes, %",Short / medium passes per 90,"Accurate short / medium passes, %",Long passes per 90,"Accurate long passes, %","Average pass length, m","Average long pass length, m",xA per 90,Shot assists per 90,Second assists per 90,Third assists per 90,Smart passes per 90,"Accurate smart passes, %",Key passes per 90,Passes to final third per 90,"Accurate passes to final third, %",Passes to penalty area per 90,"Accurate passes to penalty area, %",Through passes per 90,"Accurate through passes, %",Deep completions per 90,Deep completed crosses per 90,Progressive passes per 90,"Accurate progressive passes, %",Conceded goals,Conceded goals per 90,Shots against,Shots against per 90,Clean sheets,"Save rate, %",xG against,xG against per 90,Prevented goals,Prevented goals per 90,Back passes received as GK per 90,Exits per 90,Aerial duels per 90.1,Free kicks per 90,Direct free kicks per 90,"Direct free kicks on target, %",Corners per 90,Penalties taken,"Penalty conversion, %"
Y. Suzuki,Freiburg,Shimizu S-Pulse,"AMF, RCMF",24,6000000,2027-06-30,3,131,1,0.41,1,0.42,21.98,34.38,Japan,Japan,right,175,66,no,5.5,3.44,60.0,4.12,16.67,0.0,0.0,0.0,3.44,4.69,1.37,0,0.0,0,0.0,4.12,0.69,1,0.69,0.28,0,0.0,3,2.06,66.67,33.333,0.69,1.37,50.0,0.69,0.0,0.69,100.0,0.0,3.44,60.0,10.31,33.33,4.12,2.06,1.37,21.98,0.69,2.06,24.05,74.29,7.56,54.55,4.12,100.0,3.44,80.0,21.98,75.0,0.69,100.0,14.47,19.49,0.29,1.37,0.0,0.0,0.0,0.0,0.69,1.37,0.0,1.37,0.0,0.0,0.0,0.0,0.69,2.75,75.0,0,,0,,0,0.0,0.0,0.0,,,0.69,,,0.69,0.0,0.0,0.69,0,0
Cacá,Vitória,Tokushima Vortis,"RCB, LCB, CB",27,2000000,2028-12-31,10,969,0,0.28,0,0.0,17.55,56.08,Brazil,Brazil,right,187,77,no,9.1,6.41,65.22,4.46,47.92,0.65,1.15,0.65,4.27,7.54,1.3,4,0.37,0,0.0,0.74,0.0,0,0.0,0.03,0,0.0,5,0.46,0.0,0.0,0.0,0.19,0.0,0.0,0.0,0.19,0.0,0.0,0.84,88.89,3.62,46.15,0.56,1.21,0.37,51.92,0.28,0.56,71.33,89.58,20.15,75.12,3.44,97.3,39.01,96.67,64.46,94.09,6.69,48.61,20.99,40.54,0.0,0.0,0.0,0.0,0.09,0.0,0.0,5.76,66.13,0.28,33.33,0.56,0.0,0.28,0.0,8.17,64.77,0,,0,,0,0.0,0.0,0.0,,,2.32,,,0.0,0.0,0.0,0.0,0,0
Erik,Machida Zelvia,Machida Zelvia,"CF, LAMF, AMF",31,1500000,,30,2474,18,10.24,6,2.82,22.34,33.71,Brazil,Brazil,right,170,65,no,4.84,4.73,50.0,4.33,23.53,0.4,0.53,0.07,2.07,2.74,1.82,4,0.15,0,0.0,3.02,0.65,16,0.58,0.37,0,0.0,45,1.64,57.78,40.0,0.22,1.71,44.68,0.87,41.67,0.84,47.83,0.15,3.2,38.64,9.17,29.76,3.27,1.24,0.87,11.93,1.16,1.31,17.35,75.26,3.78,75.96,3.64,80.0,4.77,70.99,14.99,79.13,0.73,65.0,14.87,19.5,0.1,0.69,0.04,0.0,0.25,28.57,0.62,1.46,80.0,1.89,55.77,0.18,40.0,1.13,0.73,2.33,76.56,0,,0,,0,0.0,0.0,0.0,,,0.04,,,0.0,0.0,0.0,0.04,2,100
Thiago Santana,V-Varen Nagasaki,Shimizu S-Pulse,CF,33,1300000,,40,2854,13,17.07,1,1.89,28.13,34.53,Brazil,Brazil,left,184,80,no,3.75,2.81,59.55,7.66,37.04,0.13,0.2,0.19,1.96,3.15,1.36,3,0.09,0,0.0,3.0,0.41,11,0.35,0.54,3,0.09,110,3.47,36.36,11.818,0.03,0.82,23.08,0.57,27.78,0.25,12.5,0.16,2.81,48.31,12.68,27.61,4.38,0.73,0.16,13.53,1.61,1.55,18.95,79.37,3.22,67.65,5.23,90.96,5.71,80.66,17.6,82.26,0.6,68.42,14.66,12.46,0.06,0.85,0.03,0.03,0.47,40.0,0.25,1.29,75.61,1.23,53.85,0.44,28.57,0.82,0.09,1.61,76.47,0,,0,,0,0.0,0.0,0.0,,,0.0,,,0.0,0.0,0.0,0.0,2,100
Carlinhos Júnior,JEF United,Shimizu S-Pulse,"LAMF, LW",31,1000000,,38,2658,15,14.29,3,3.42,20.69,43.7,Brazil,Brazil,right,174,71,no,5.11,4.47,54.55,3.59,39.62,0.1,0.16,0.1,2.57,4.01,1.05,5,0.17,0,0.0,4.23,0.51,14,0.47,0.48,1,0.03,92,3.12,41.3,16.304,0.1,1.52,22.22,0.98,20.69,0.54,25.0,0.14,4.23,57.6,9.65,43.16,3.42,2.64,1.19,25.67,2.07,0.88,33.08,78.51,9.04,67.79,7.55,93.72,9.75,77.08,29.83,83.09,1.86,45.45,15.92,31.26,0.12,1.25,0.14,0.0,0.47,35.71,0.58,3.83,69.03,2.71,53.75,0.54,18.75,1.25,0.41,5.32,75.16,0,,0,,0,0.0,0.0,0.0,,,0.03,,,0.0,0.0,0.0,0.61,1,100
Clayson,Sport Recife,V-Varen Nagasaki,"LAMF, LW, AMF",31,1000000,2026-11-30,13,914,1,0.89,3,1.21,19.0,36.79,Brazil,Brazil,right,166,63,no,5.61,5.32,42.59,1.38,14.29,0.89,1.16,0.2,2.46,3.22,0.79,1,0.1,0,0.0,3.54,0.1,1,0.1,0.09,0,0.0,12,1.18,16.67,8.333,0.3,2.66,40.74,2.17,40.91,0.49,40.0,0.79,3.64,59.46,8.76,41.57,1.08,1.38,0.49,19.1,0.69,1.18,27.47,71.68,7.98,64.2,7.09,93.06,7.68,69.23,22.55,78.17,2.26,43.48,17.88,22.68,0.12,0.69,0.0,0.2,0.39,25.0,0.3,2.56,53.85,3.25,57.58,0.89,33.33,0.59,1.08,5.42,67.27,0,,0,,0,0.0,0.0,0.0,,,0.2,,,0.98,0.1,0.0,1.48,0,0
Ademilson,,Machida Zelvia,CF,32,900000,,3,69,1,0.17,0,0.0,26.09,35.0,Brazil,Brazil,right,176,74,no,7.83,5.22,75.0,1.3,100.0,0.0,0.0,0.0,3.91,6.0,0.0,0,0.0,0,0.0,1.3,1.3,1,1.3,0.22,0,0.0,1,1.3,100.0,100.0,0.0,0.0,0.0,0.0,0.0,0.0,0.0,0.0,2.61,0.0,15.65,16.67,2.61,1.3,0.0,13.04,3.91,0.0,16.96,69.23,2.61,100.0,5.22,50.0,0.0,0.0,16.96,69.23,0.0,0.0,9.23,0.0,0.0,0.0,0.0,0.0,0.0,0.0,0.0,1.3,100.0,0.0,0.0,0.0,0.0,0.0,0.0,1.3,100.0,0,,0,,0,0.0,0.0,0.0,,,0.0,,,0.0,0.0,0.0,0.0,0,0
K. Morita,Tokyo Verdy,Tokyo Verdy,"RCMF, LCMF, RDMF",25,900000,,42,3829,2,2.62,3,3.77,14.67,43.11,Japan,Japan,right,167,63,no,6.23,4.58,61.03,1.93,34.15,0.21,0.31,0.07,3.22,4.76,0.82,2,0.05,0,0.0,1.65,0.05,2,0.05,0.06,1,0.02,32,0.75,18.75,6.25,0.07,0.89,50.0,0.38,31.25,0.49,61.9,0.28,1.97,44.05,6.3,35.82,0.99,1.27,0.52,33.64,0.66,0.78,48.56,90.22,12.43,80.91,9.75,96.63,17.37,93.23,45.95,92.28,1.72,56.16,16.33,25.94,0.09,0.54,0.05,0.02,0.4,47.06,0.31,5.59,83.19,1.62,60.87,0.49,42.86,0.82,0.49,5.19,73.3,0,,0,,0,0.0,0.0,0.0,,,0.82,,,0.21,0.0,0.0,0.52,0,0
T. Miki,Avispa Fukuoka,JEF United,"LDMF, LCMF, AMF",28,900000,2027-06-30,42,4126,7,9.85,2,3.76,16.93,47.68,Japan,Japan,right,172,67,no,6.26,4.89,65.63,2.22,30.39,0.26,0.39,0.11,2.79,4.17,1.22,7,0.15,0,0.0,2.27,0.15,6,0.13,0.21,2,0.04,71,1.55,32.39,9.859,0.04,0.94,41.86,0.7,40.63,0.22,40.0,0.17,2.33,52.34,6.65,42.62,1.75,1.37,0.63,31.28,0.5,1.37,45.04,88.18,11.65,78.65,9.14,93.79,15.47,92.67,40.79,90.64,3.34,71.24,18.0,35.85,0.08,0.92,0.07,0.02,0.33,46.67,0.35,6.7,83.71,2.38,61.47,0.68,32.26,1.22,0.39,6.54,78.0,0,,0,,0,0.0,0.0,0.0,,,0.44,,,0.0,0.0,0.0,0.09,2,50
S. Fujio,Machida Zelvia,Machida Zelvia,CF,25,900000,,33,1641,8,9.37,1,1.17,30.0,32.72,Japan,Japan,right,180,67,no,4.33,4.72,51.16,8.28,31.79,0.22,0.31,0.05,1.7,2.37,2.58,1,0.05,0,0.0,2.52,0.44,6,0.33,0.51,0,0.0,53,2.91,41.51,15.094,0.05,0.77,21.43,0.49,22.22,0.27,20.0,0.11,2.47,42.22,9.87,27.78,3.24,1.37,0.55,11.02,1.81,1.32,16.78,71.57,4.61,64.29,4.17,85.53,4.33,74.68,15.14,76.09,0.93,41.18,15.28,13.5,0.06,0.49,0.16,0.0,0.27,40.0,0.38,2.03,62.16,1.1,50.0,0.38,28.57,0.6,0.11,1.32,79.17,0,,0,,0,0.0,0.0,0.0,,,0.0,,,0.0,0.0,0.0,0.0,2,100
Oh Se-Hun,Shimizu S-Pulse,Shimizu S-Pulse,CF,27,800000,2028-06-30,25,821,2,3.97,3,1.33,36.61,38.92,Korea Republic,Korea Republic,left,193,85,yes,4.71,3.4,61.29,12.39,50.44,0.33,0.55,0.11,2.3,3.82,2.41,0,0.0,0,0.0,2.19,0.22,2,0.22,0.44,1,0.11,30,3.29,33.33,6.667,0.33,0.44,25.0,0.33,33.33,0.0,0.0,0.11,1.64,60.0,13.92,27.56,4.49,0.44,0.33,13.48,3.4,0.99,22.91,75.6,4.17,57.89,7.45,80.88,5.7,76.92,22.36,76.96,0.22,0.0,13.9,2.04,0.15,1.21,0.0,0.0,0.22,0.0,0.66,1.43,38.46,1.21,54.55,0.22,0.0,1.1,0.11,1.32,66.67,0,,0,,0,0.0,0.0,0.0,,,0.0,,,0.0,0.0,0.0,0.0,0,0
M. Nakajima,Cerezo Osaka,Vegalta Sendai,"CF, LCMF",27,800000,,32,2142,6,5.86,6,4.85,20.42,42.8,Japan,Japan,right,170,66,no,5.13,4.12,57.14,3.66,40.23,0.25,0.34,0.08,2.52,3.41,1.01,0,0.0,0,0.0,3.61,0.25,5,0.21,0.25,0,0.0,69,2.9,30.43,8.696,0.25,1.72,43.9,1.01,33.33,0.67,56.25,0.25,3.61,46.51,10.34,39.84,1.85,1.47,0.5,24.16,1.3,1.85,32.31,77.24,9.75,62.5,6.13,95.21,9.92,80.93,28.78,80.73,1.89,53.33,15.96,22.05,0.2,1.93,0.04,0.08,0.92,31.82,0.63,4.96,64.41,3.49,53.01,1.09,26.92,1.43,0.8,4.87,75.86,0,,0,,0,0.0,0.0,0.0,,,0.08,,,2.1,0.46,27.27,3.07,1,100
Y. Goke,Vissel Kobe,Vegalta Sendai,"RW, CF, AMF",27,800000,,39,3034,9,6.98,0,0.47,14.03,44.61,Japan,Japan,right,183,74,no,3.74,3.41,59.13,4.15,36.43,0.15,0.21,0.15,1.57,2.2,0.77,3,0.09,0,0.0,1.36,0.27,9,0.27,0.21,2,0.06,47,1.39,31.91,19.149,0.0,0.95,43.75,0.09,66.67,0.86,41.38,0.12,0.95,46.88,4.27,41.67,1.87,0.3,0.24,15.78,0.8,1.48,20.97,81.75,5.28,66.29,5.34,95.56,6.26,80.57,18.33,87.54,1.72,41.38,15.4,25.89,0.01,0.24,0.09,0.06,0.12,50.0,0.09,2.61,75.0,0.83,57.14,0.33,27.27,0.33,0.42,2.58,73.56,0,,0,,0,0.0,0.0,0.0,,,0.09,,,0.0,0.0,0.0,0.0,0,0
M. Hasegawa,V-Varen Nagasaki,Ventforet Kofu,"AMF, LAMF, LW",27,800000,,39,3448,7,8.26,5,4.98,12.84,44.92,Japan,Japan,right,177,70,no,4.49,3.76,63.19,1.85,36.62,0.26,0.31,0.05,1.85,2.23,0.5,3,0.08,0,0.0,2.17,0.18,4,0.1,0.22,0,0.0,58,1.51,39.66,12.069,0.13,0.81,35.48,0.55,47.62,0.18,14.29,0.21,1.93,50.0,4.99,39.79,2.11,1.67,0.99,21.12,0.99,0.76,28.27,80.52,8.04,66.56,7.07,93.73,7.54,82.35,25.81,83.62,1.64,53.97,16.2,25.04,0.13,1.2,0.0,0.03,0.57,54.55,0.13,3.16,69.42,1.93,56.76,0.7,59.26,0.91,0.29,4.25,76.69,0,,0,,0,0.0,0.0,0.0,,,0.03,,,0.89,0.1,0.0,2.17,3,100
R. Hirakawa,Tokyo Verdy,Roasso Kumamoto,"AMF, RCMF, LCMF",26,800000,,41,3827,7,6.55,8,7.54,24.01,39.67,Japan,Japan,right,176,72,no,5.88,6.02,58.98,2.63,33.04,0.24,0.33,0.19,2.09,2.92,1.55,3,0.07,0,0.0,2.3,0.16,7,0.16,0.15,0,0.0,58,1.36,32.76,12.069,0.19,0.89,34.21,0.28,41.67,0.61,30.77,0.16,2.7,47.83,11.5,33.13,2.87,0.96,0.59,36.4,0.54,1.51,47.29,86.57,12.7,76.48,11.34,93.98,10.65,90.07,44.87,88.63,1.58,56.72,13.75,28.64,0.18,2.21,0.14,0.0,0.56,45.83,0.49,5.81,79.76,2.14,53.85,0.8,44.12,1.58,0.28,4.56,80.41,0,,0,,0,0.0,0.0,0.0,,,0.02,,,0.89,0.14,16.67,3.15,0,0
Jang Min-Kyu,Jeju SK,Machida Zelvia,"RCB, CB",27,800000,2026-12-31,37,3576,4,2.95,2,1.91,16.21,60.71,Korea Republic,Korea Republic,right,183,79,no,7.47,4.3,66.08,6.87,58.97,0.13,0.17,0.48,4.51,5.96,0.91,3,0.08,0,0.0,0.48,0.1,4,0.1,0.07,1,0.03,17,0.43,47.06,23.529,0.05,0.1,25.0,0.0,0.0,0.1,25.0,0.03,0.33,69.23,1.18,53.19,1.11,0.5,0.03,19.83,0.23,0.96,32.77,84.49,13.26,70.78,1.03,85.37,15.28,96.21,28.41,89.81,4.25,50.3,21.16,37.8,0.05,0.13,0.0,0.03,0.03,100.0,0.13,4.0,61.01,0.4,37.5,0.3,50.0,0.18,0.05,5.23,61.06,0,,0,,0,0.0,0.0,0.0,,,0.4,,,0.0,0.0,0.0,0.0,0,0
Matheus Jesus,V-Varen Nagasaki,V-Varen Nagasaki,"LCMF, DMF",29,800000,2028-06-30,12,1138,1,1.77,4,1.69,16.69,56.87,Brazil,"Brazil, Italy",left,187,80,no,6.09,4.19,60.38,5.77,56.16,0.4,0.57,0.16,3.16,4.56,1.27,3,0.24,0,0.0,2.53,0.08,1,0.08,0.14,0,0.0,20,1.58,25.0,5.0,0.32,0.55,71.43,0.24,66.67,0.24,100.0,0.08,1.98,80.0,4.59,56.9,1.66,0.79,0.32,17.16,0.0,1.11,27.05,85.96,6.96,68.18,3.8,89.58,13.21,94.61,24.04,88.82,2.45,61.29,18.87,29.81,0.13,0.79,0.0,0.0,0.24,66.67,0.55,2.93,78.38,1.11,85.71,0.47,50.0,0.71,0.4,3.8,70.83,0,,0,,0,0.0,0.0,0.0,,,0.47,,,0.0,0.0,0.0,0.0,0,0
Tiago Alves,Svay Rieng,Montedio Yamagata,"LAMF, CF",30,800000,2027-05-31,31,1806,13,10.86,5,3.29,17.94,39.72,Portugal,Portugal,right,177,72,no,4.24,4.09,57.32,1.45,24.14,0.15,0.22,0.0,1.74,2.54,0.6,3,0.15,0,0.0,4.58,0.65,12,0.6,0.54,1,0.05,56,2.79,41.07,23.214,0.25,2.54,31.37,2.24,35.56,0.3,0.0,0.15,4.34,51.72,9.32,36.9,3.84,2.09,0.95,20.63,2.09,0.8,25.76,66.73,6.93,54.68,5.43,81.65,7.23,64.14,21.58,72.29,1.89,44.74,15.48,18.3,0.16,0.9,0.05,0.0,0.9,44.44,0.65,2.79,55.36,3.09,46.77,1.0,35.0,1.15,0.8,4.44,67.42,0,,0,,0,0.0,0.0,0.0,,,0.1,,,0.0,0.0,0.0,0.05,1,100
Marcos Guilherme,Johor Darul Ta'zim,V-Varen Nagasaki,"LW, LAMF, LCMF",30,800000,2027-06-30,15,1228,0,1.89,3,1.98,11.95,41.1,Brazil,Brazil,right,173,66,no,3.44,3.44,57.45,0.66,22.22,0.0,0.0,0.0,1.47,2.21,0.73,3,0.22,0,0.0,2.05,0.0,0,0.0,0.14,0,0.0,20,1.47,30.0,0.0,0.22,0.88,33.33,0.81,36.36,0.07,0.0,0.0,1.54,66.67,5.5,41.33,2.05,3.3,2.57,22.65,0.88,0.37,30.93,88.86,6.38,82.76,7.92,92.59,11.43,91.67,29.02,91.92,1.03,50.0,17.97,22.82,0.14,1.47,0.07,0.15,0.29,100.0,0.51,2.2,90.0,1.47,65.0,0.37,60.0,0.73,0.29,3.88,79.25,0,,0,,0,0.0,0.0,0.0,,,0.07,,,0.37,0.07,0.0,0.81,0,0
Y. Suzuki,Shonan Bellmare,Júbilo Iwata,RB,32,700000,,38,3710,3,2.45,8,8.13,16.5,54.41,Japan,Japan,right,182,76,no,7.91,6.23,64.98,2.6,51.4,0.34,0.46,0.22,3.52,4.73,0.97,5,0.12,0,0.0,2.91,0.07,3,0.07,0.06,1,0.02,29,0.7,24.14,10.345,0.19,3.52,36.55,0.0,0.0,3.52,36.55,0.73,1.92,68.35,5.0,50.0,1.94,1.19,0.41,42.38,2.43,0.92,53.61,84.16,17.32,77.17,7.91,94.48,17.68,84.64,44.42,90.33,5.77,65.55,18.43,38.83,0.2,1.19,0.05,0.07,0.24,60.0,0.78,6.6,69.85,4.49,57.84,0.53,54.55,1.65,1.29,11.52,84.0,0,,0,,0,0.0,0.0,0.0,,,0.49,,,0.0,0.0,0.0,0.0,0,0
Ronaldo,Internacional,Shimizu S-Pulse,"LDMF, LCMF, RCMF",29,700000,2026-12-31,41,3466,0,2.11,1,0.94,19.06,52.18,Brazil,Brazil,right,179,69,no,10.05,7.45,62.02,2.88,52.25,0.26,0.4,0.36,5.17,7.93,1.17,8,0.21,0,0.0,1.51,0.0,0,0.0,0.05,0,0.0,32,0.83,34.38,0.0,0.03,0.44,23.53,0.13,20.0,0.31,25.0,0.03,1.74,56.72,5.92,45.61,0.57,0.62,0.21,40.3,0.13,1.22,54.19,89.46,14.98,79.03,8.91,95.63,19.73,95.0,50.45,91.46,3.32,67.19,16.57,33.92,0.02,0.34,0.0,0.03,0.34,38.46,0.1,6.91,84.21,1.12,55.81,0.49,42.11,0.57,0.1,6.23,73.75,0,,0,,0,0.0,0.0,0.0,,,0.39,,,0.03,0.0,0.0,0.0,0,0
K. Saito,Tokyo Verdy,Tokyo Verdy,"AMF, CF, LW",29,700000,,34,2371,4,4.06,5,3.81,13.97,45.38,Japan,Japan,right,170,61,no,5.09,3.07,61.73,1.97,28.85,0.53,0.79,0.19,2.66,3.93,0.68,1,0.04,0,0.0,3.3,0.15,4,0.15,0.15,1,0.04,39,1.48,33.33,10.256,0.19,2.96,43.59,1.25,54.55,1.67,36.36,0.53,1.97,55.77,6.04,42.77,2.24,1.18,0.53,29.08,1.52,1.78,38.87,82.03,9.6,67.19,8.77,95.67,13.82,84.34,33.29,88.03,2.73,48.61,18.17,31.3,0.14,1.14,0.04,0.0,0.76,55.0,0.61,4.59,72.73,4.06,46.73,0.99,46.15,1.02,1.25,5.66,83.22,0,,0,,0,0.0,0.0,0.0,,,0.53,,,0.08,0.0,0.0,0.42,0,0
L. Takae,Yokohama,Montedio Yamagata,"RDMF, RCMF, LCMF",27,700000,2027-06-30,35,2605,0,0.56,3,2.05,11.95,54.91,Japan,Japan,right,171,60,no,7.12,4.91,60.56,1.0,65.52,0.17,0.25,0.0,3.97,5.66,0.69,3,0.1,0,0.0,1.38,0.0,0,0.0,0.02,0,0.0,21,0.73,14.29,0.0,0.1,0.79,56.52,0.31,55.56,0.48,57.14,0.14,0.97,67.86,3.63,53.33,0.28,0.86,0.17,37.24,0.21,1.0,51.75,82.78,18.03,66.09,8.6,96.79,17.83,90.89,43.5,88.88,7.53,50.0,20.34,40.24,0.07,0.9,0.1,0.03,0.66,26.32,0.35,10.09,65.07,3.01,49.43,2.04,25.42,0.86,0.48,8.91,73.26,0,,0,,0,0.0,0.0,0.0,,,0.83,,,0.62,0.03,0.0,1.38,0,0
I. Someno,Tokyo Verdy,Tokyo Verdy,CF,24,700000,,20,1923,7,9.39,0,1.19,24.38,38.96,Japan,Japan,right,178,67,no,3.88,3.09,63.64,9.03,42.49,0.42,0.64,0.09,1.5,2.29,1.31,3,0.14,0,0.0,1.92,0.33,6,0.28,0.44,2,0.09,53,2.48,32.08,13.208,0.0,0.84,22.22,0.28,33.33,0.56,16.67,0.09,1.73,45.95,7.68,29.88,3.88,0.56,0.23,16.01,2.01,1.5,20.92,77.85,4.21,72.22,4.91,88.57,6.83,77.4,18.91,80.45,1.26,70.37,16.2,29.02,0.06,0.51,0.05,0.05,0.33,42.86,0.23,2.53,74.07,0.98,38.1,0.42,44.44,0.51,0.19,2.06,75.0,0,,0,,0,0.0,0.0,0.0,,,0.09,,,0.19,0.14,33.33,0.0,1,100
K. Fujimoto,Avispa Fukuoka,Oita Trinita,"LWB, LAMF, LW",27,700000,,39,2658,5,5.97,3,2.03,26.82,46.34,Japan,Japan,right,180,70,no,6.09,5.65,66.47,2.1,32.26,0.1,0.17,0.03,2.23,3.83,1.12,1,0.03,0,0.0,6.64,0.17,5,0.17,0.2,1,0.03,49,1.66,40.82,10.204,0.1,3.66,35.19,3.39,36.0,0.27,25.0,0.64,8.43,54.62,16.08,42.95,3.66,3.25,0.91,18.93,1.69,0.85,27.49,75.62,6.09,65.0,7.99,90.25,6.16,67.58,23.02,82.65,1.12,57.58,16.16,22.51,0.07,0.71,0.03,0.0,0.1,66.67,0.37,1.66,55.1,3.25,54.17,0.03,100.0,1.02,1.25,3.93,68.97,0,,0,,0,0.0,0.0,0.0,,,0.1,,,0.0,0.0,0.0,0.0,0,0
D. Matsuoka,Slovan Bratislava,Shimizu S-Pulse,"LCMF, LDMF",25,700000,2028-06-30,3,244,0,0.09,0,0.0,24.34,39.39,Japan,Japan,right,172,68,yes,11.43,12.54,50.0,2.95,25.0,1.48,2.07,0.0,3.69,5.17,2.95,1,0.37,0,0.0,1.84,0.0,0,0.0,0.03,0,0.0,3,1.11,33.33,0.0,0.0,1.11,66.67,0.74,50.0,0.37,100.0,0.0,2.21,33.33,4.8,38.46,0.37,0.37,0.37,24.71,0.37,0.37,37.62,85.29,12.54,79.41,4.43,83.33,16.6,88.89,32.83,91.01,3.69,40.0,17.89,20.72,0.0,0.37,0.0,0.0,0.0,0.0,0.0,5.9,87.5,1.11,66.67,0.37,0.0,0.0,0.74,4.43,66.67,0,,0,,0,0.0,0.0,0.0,,,0.0,,,0.0,0.0,0.0,0.0,0,0
E. Shirai,Albirex Niigata,Tokushima Vortis,"DMF, LDMF, RCMF",30,700000,2027-06-30,42,3942,2,1.15,2,2.78,13.7,52.5,Japan,Japan,right,176,69,no,7.67,6.1,64.42,1.85,37.04,1.05,1.54,0.11,2.69,3.94,0.82,3,0.07,0,0.0,0.66,0.05,2,0.05,0.03,0,0.0,21,0.48,33.33,9.524,0.05,0.39,52.94,0.07,100.0,0.32,42.86,0.07,0.39,41.18,2.76,42.98,0.37,0.5,0.16,35.5,0.11,0.94,45.57,91.33,10.78,76.91,6.69,95.9,22.19,96.09,42.79,93.17,2.44,64.49,19.21,33.48,0.06,0.57,0.05,0.0,0.21,66.67,0.25,6.3,82.61,1.16,64.71,0.34,53.33,0.53,0.21,5.48,77.92,0,,0,,0,0.0,0.0,0.0,,,0.89,,,0.05,0.0,0.0,0.25,0,0
A. Masuyama,Machida Zelvia,V-Varen Nagasaki,"RB, LB, RW",29,700000,2029-06-30,38,3312,3,1.08,4,6.54,19.57,48.89,Japan,Japan,right,173,72,no,9.78,6.98,63.04,2.07,35.53,0.46,0.61,0.24,4.92,6.49,0.6,3,0.08,0,0.0,4.62,0.08,3,0.08,0.03,0,0.0,14,0.38,50.0,21.429,0.11,3.75,50.72,0.6,45.45,3.07,52.21,0.38,4.24,56.41,7.99,44.56,0.79,1.82,0.63,25.41,1.47,1.11,35.35,79.48,12.17,71.88,5.95,96.35,11.44,81.47,28.4,85.93,3.32,56.56,19.59,33.73,0.18,1.44,0.16,0.0,0.19,71.43,0.73,4.02,72.3,3.94,58.62,0.6,63.64,0.63,1.93,8.59,71.52,0,,0,,0,0.0,0.0,0.0,,,0.49,,,1.14,0.05,0.0,1.36,0,0
R. Kida,Montedio Yamagata,Vegalta Sendai,"LW, CF",28,700000,2028-06-30,38,2761,6,6.8,3,5.05,21.91,46.28,Japan,Japan,right,172,66,no,5.48,5.41,57.83,1.83,28.57,0.2,0.28,0.07,2.15,3.03,1.37,0,0.0,0,0.0,4.86,0.2,2,0.07,0.22,0,0.0,52,1.7,34.62,11.538,0.1,2.77,25.88,2.48,25.0,0.29,33.33,0.23,5.54,61.18,12.09,47.17,3.19,3.0,1.11,22.17,1.63,1.73,31.85,77.38,6.88,67.3,8.34,89.84,9.97,82.68,27.94,83.55,1.17,50.0,17.96,18.13,0.16,1.17,0.03,0.03,0.36,45.45,0.62,2.28,77.14,2.41,64.86,0.42,46.15,1.43,0.72,5.02,70.78,0,,0,,0,0.0,0.0,0.0,,,0.07,,,0.0,0.0,0.0,0.1,4,100
M. Matsumoto,Fagiano Okayama,Júbilo Iwata,"RAMF, RW",31,600000,2028-06-30,38,2350,9,5.68,4,2.03,17.89,39.4,Japan,Japan,right,175,69,no,6.63,4.98,63.08,3.83,38.0,0.42,0.56,0.27,3.06,4.1,0.73,2,0.08,0,0.0,3.03,0.34,9,0.34,0.22,4,0.15,30,1.15,60.0,30.0,0.15,3.45,35.56,0.5,46.15,2.95,33.77,0.38,1.8,53.19,6.36,26.51,2.83,0.61,0.31,27.57,1.42,0.23,37.42,81.68,10.42,75.0,9.15,95.4,9.38,78.37,31.86,88.7,2.26,49.15,15.02,23.69,0.08,0.88,0.04,0.04,0.19,80.0,0.73,3.26,76.47,3.06,51.25,0.23,66.67,0.69,1.19,5.59,80.14,0,,0,,0,0.0,0.0,0.0,,,0.11,,,0.0,0.0,0.0,0.0,0,0
R. Germain,Sanfrecce Hiroshima,Júbilo Iwata,"CF, RW",31,600000,,31,2603,8,11.88,2,1.73,24.51,35.12,Japan,Japan,left,182,75,no,4.88,3.28,56.84,6.4,37.84,0.31,0.41,0.14,2.7,3.56,1.14,5,0.17,0,0.0,2.49,0.28,7,0.24,0.41,3,0.1,76,2.63,30.26,10.526,0.07,0.76,27.27,0.17,40.0,0.59,23.53,0.07,3.22,43.01,10.61,28.66,3.84,1.18,0.73,12.48,2.01,1.11,17.53,77.51,4.11,66.39,3.6,92.31,4.91,77.46,16.22,80.6,0.66,52.63,14.15,20.76,0.06,0.73,0.03,0.1,0.21,50.0,0.38,1.66,70.83,1.04,50.0,0.21,50.0,0.66,0.17,2.21,59.38,0,,0,,0,0.0,0.0,0.0,,,0.0,,,0.0,0.0,0.0,0.0,1,100
H. Onaga,V-Varen Nagasaki,Machida Zelvia,LB,31,600000,2027-06-30,39,3284,3,1.73,2,2.74,15.92,56.11,Japan,Japan,right,171,68,no,7.51,5.92,62.96,3.37,58.54,0.16,0.21,0.22,3.62,4.66,0.99,4,0.11,0,0.0,2.19,0.08,3,0.08,0.05,0,0.0,17,0.47,23.53,17.647,0.05,2.74,39.0,2.38,37.93,0.36,46.15,0.33,1.67,57.38,3.86,50.35,0.79,0.79,0.22,19.73,1.01,1.32,29.16,71.24,13.07,59.33,3.54,96.12,9.07,76.13,20.39,84.27,6.14,41.52,22.38,34.63,0.08,0.85,0.05,0.0,0.41,13.33,0.27,5.65,52.43,3.07,44.64,0.82,26.67,0.36,1.18,7.98,68.73,0,,0,,0,0.0,0.0,0.0,,,0.3,,,0.3,0.08,33.33,0.22,0,0
W. Popp,Shonan Bellmare,Machida Zelvia,GK,31,600000,,31,3058,0,0.0,0,0.05,0.65,72.73,Japan,Japan,right,192,89,no,1.47,0.06,0.0,0.26,77.78,0.03,0.04,0.0,1.44,1.88,0.03,3,0.09,0,0.0,0.0,0.0,0,0.0,0.0,0,0.0,0,0.0,0.0,0.0,0.0,0.0,0.0,0.0,0.0,0.0,0.0,0.0,0.0,0.0,0.12,100.0,0.0,0.0,0.0,8.15,0.15,0.24,14.51,78.5,9.65,69.82,0.0,0.0,4.74,96.27,5.74,98.97,8.74,65.32,42.01,52.19,0.0,0.06,0.0,0.03,0.0,0.0,0.0,3.97,58.52,0.15,20.0,0.24,12.5,0.03,0.0,6.36,83.8,29,0.85,102,3.0,11,71.57,29.31,0.86,0.31,0.009,0.0,1.65,0.26,,,,0.0,0,0
K. Miyahara,Tokyo Verdy,Tokyo Verdy,RB,30,600000,2027-01-31,43,4149,0,0.58,3,2.97,14.64,56.74,Japan,Japan,right,172,68,no,8.57,6.36,68.26,2.21,42.16,0.28,0.42,0.26,3.95,5.85,0.74,3,0.07,0,0.0,2.58,0.0,0,0.0,0.01,0,0.0,11,0.24,36.36,0.0,0.07,2.78,54.69,0.13,33.33,2.6,56.67,0.43,1.39,64.06,3.71,56.14,0.61,0.87,0.43,39.83,1.19,1.28,52.65,88.83,18.42,81.27,8.0,97.29,18.52,92.27,45.73,93.5,4.3,60.61,18.68,34.45,0.06,0.54,0.04,0.02,0.2,44.44,0.3,5.99,78.62,3.15,58.62,0.48,40.91,0.56,1.34,9.07,80.38,0,,0,,0,0.0,0.0,0.0,,,1.04,,,0.0,0.0,0.0,0.0,0,0
K. Kitagawa,Shimizu S-Pulse,Shimizu S-Pulse,"CF, RW, AMF",29,600000,,35,1597,4,5.95,7,3.04,20.68,37.87,Japan,Japan,right,180,74,no,6.14,4.96,54.55,4.4,29.49,1.35,2.09,0.0,2.09,3.22,2.03,3,0.17,0,0.0,3.55,0.23,4,0.23,0.34,0,0.0,38,2.14,39.47,10.526,0.39,2.31,39.02,0.68,33.33,1.63,41.38,0.17,3.61,46.88,7.72,38.69,3.55,1.24,0.51,18.15,1.52,0.73,24.91,74.21,6.03,71.96,6.14,92.66,8.17,68.97,21.08,79.95,1.75,51.61,16.62,20.5,0.17,1.18,0.0,0.0,0.11,100.0,0.68,3.04,83.33,2.42,53.49,0.11,50.0,1.24,0.68,4.34,68.83,0,,0,,0,0.0,0.0,0.0,,,0.06,,,0.0,0.0,0.0,1.01,0,0
Z. Issaka,JEF United,Montedio Yamagata,RAMF,29,600000,2028-06-30,41,2778,6,3.99,5,5.77,22.35,44.64,Japan,Japan,right,174,78,no,6.29,6.29,54.12,3.24,46.0,0.13,0.19,0.06,2.75,4.03,1.56,4,0.13,0,0.0,4.02,0.19,6,0.19,0.13,1,0.03,40,1.3,30.0,15.0,0.16,3.89,30.83,0.1,66.67,3.79,29.91,0.68,4.47,50.0,9.43,42.27,2.66,1.81,0.62,21.19,2.66,1.2,27.25,69.44,6.45,59.3,6.12,89.42,8.68,62.69,21.48,79.03,2.04,36.51,18.14,27.63,0.19,1.1,0.03,0.06,0.39,50.0,0.84,2.3,60.56,3.56,45.45,0.58,44.44,1.1,1.43,5.25,75.31,0,,0,,0,0.0,0.0,0.0,,,0.16,,,0.16,0.0,0.0,1.2,0,0
Eduardo,JEF United,Júbilo Iwata,"LW, LAMF",29,600000,,39,3452,9,9.05,4,3.33,25.21,43.74,Brazil,Brazil,right,170,67,no,7.69,6.39,54.69,5.53,47.64,0.44,0.62,0.08,3.75,5.25,1.93,5,0.13,0,0.0,2.37,0.23,9,0.23,0.24,0,0.0,113,2.95,35.4,7.965,0.1,1.02,41.03,0.52,40.0,0.44,35.29,0.08,1.72,43.94,8.76,35.42,2.82,0.91,0.31,27.48,1.17,1.49,39.29,84.27,10.38,73.12,7.8,94.31,13.14,87.7,35.46,87.43,2.92,60.71,16.13,32.4,0.09,0.91,0.08,0.08,0.29,54.55,0.42,4.54,77.59,1.72,56.06,0.5,36.84,0.89,0.37,5.11,72.45,0,,0,,0,0.0,0.0,0.0,,,0.16,,,0.26,0.23,22.22,0.18,0,0
K. Matsubara,Júbilo Iwata,Júbilo Iwata,LB,29,600000,,40,3691,6,3.95,5,4.75,17.29,48.66,Japan,Japan,left,182,72,no,6.56,5.36,62.73,1.76,40.28,0.22,0.3,0.12,2.97,4.03,1.15,3,0.07,0,0.0,3.88,0.15,6,0.15,0.1,0,0.0,43,1.05,39.53,13.953,0.12,4.56,31.55,4.44,31.32,0.07,33.33,0.78,3.76,52.6,8.05,43.33,1.34,2.12,1.15,27.89,1.76,1.32,37.01,79.78,10.97,73.11,8.36,96.5,11.19,76.03,29.72,90.32,2.85,43.59,19.23,34.88,0.12,1.07,0.05,0.0,0.15,33.33,0.46,3.83,69.43,3.93,44.72,0.37,26.67,0.46,1.41,6.58,77.78,0,,0,,0,0.0,0.0,0.0,,,0.85,,,0.34,0.12,20.0,1.12,0,0
R. Yamahara,Kawasaki Frontale,Shimizu S-Pulse,LB,27,600000,,21,1593,1,1.28,3,4.4,13.5,46.86,Japan,Japan,right,165,66,no,5.37,4.29,57.89,1.53,18.52,0.4,0.62,0.0,2.49,3.89,0.4,1,0.06,0,0.0,5.42,0.06,1,0.06,0.07,0,0.0,21,1.19,38.1,4.762,0.17,4.63,47.56,3.9,43.48,0.73,69.23,0.51,4.01,61.97,6.33,51.79,1.02,1.58,0.4,38.81,2.2,0.68,51.19,85.43,15.31,75.65,9.72,97.09,18.98,85.71,42.09,92.89,4.69,54.22,20.2,38.04,0.25,2.2,0.06,0.0,0.34,83.33,0.9,4.46,84.81,4.63,58.54,0.34,33.33,0.45,2.26,11.81,76.56,0,,0,,0,0.0,0.0,0.0,,,0.4,,,1.92,0.23,25.0,3.9,0,0
M. Yumiba,Shimizu S-Pulse,Oita Trinita,LCMF,24,600000,,37,2785,4,3.55,0,0.98,16.22,49.8,Japan,Japan,left,174,70,no,10.11,6.5,60.7,2.42,26.67,0.29,0.49,0.16,5.88,9.87,1.07,6,0.19,0,0.0,1.45,0.13,4,0.13,0.11,2,0.06,38,1.23,31.58,10.526,0.0,0.68,33.33,0.32,40.0,0.36,27.27,0.1,1.0,74.19,4.36,48.15,1.26,0.52,0.13,31.22,0.42,1.2,45.21,87.35,12.7,77.86,7.82,93.8,15.45,92.26,43.14,89.51,1.42,45.45,15.34,20.97,0.03,0.52,0.03,0.03,0.29,33.33,0.1,5.07,78.34,1.32,41.46,0.29,22.22,0.26,0.19,4.78,66.89,0,,0,,0,0.0,0.0,0.0,,,1.07,,,0.13,0.03,0.0,0.13,0,0
M. Shibayama,Cerezo Osaka,RB Omiya Ardija,"RW, LW",23,600000,,27,1867,4,2.58,1,2.85,14.51,45.51,Japan,Japan,right,161,59,no,6.12,5.35,59.46,0.53,9.09,0.0,0.0,0.1,2.94,3.55,0.72,2,0.1,0,0.0,3.52,0.19,3,0.14,0.12,0,0.0,41,1.98,34.15,9.756,0.05,2.22,28.26,0.72,20.0,1.49,32.26,0.39,4.63,43.75,6.85,36.62,2.02,1.98,0.92,22.56,1.06,0.43,29.69,76.3,9.4,67.69,5.21,88.89,8.15,72.78,25.69,82.18,1.83,50.0,16.3,30.64,0.14,1.35,0.1,0.0,0.77,25.0,0.29,3.47,75.0,3.66,46.05,0.87,16.67,1.54,0.67,4.97,79.61,0,,0,,0,0.0,0.0,0.0,,,0.0,,,1.35,0.34,14.29,2.89,1,100
Kim Tae-Hyeon,Kashima Antlers,Vegalta Sendai,"LB, LCB",25,600000,2027-06-30,23,1806,1,0.59,0,0.18,13.95,61.07,Korea Republic,Korea Republic,left,187,82,no,8.02,4.49,63.33,4.78,66.67,0.0,0.0,0.5,5.18,6.87,0.9,6,0.3,1,0.05,1.1,0.05,1,0.05,0.03,1,0.05,11,0.55,27.27,9.091,0.0,0.5,50.0,0.5,50.0,0.0,0.0,0.05,0.85,76.47,1.94,61.54,0.6,0.7,0.25,34.49,0.4,0.85,49.44,85.89,22.57,77.92,3.24,98.46,18.44,93.51,43.7,90.65,5.33,50.47,20.51,37.71,0.01,0.15,0.0,0.0,0.15,33.33,0.05,7.18,64.58,0.8,25.0,0.35,14.29,0.1,0.15,8.17,73.17,0,,0,,0,0.0,0.0,0.0,,,1.59,,,0.05,0.0,0.0,0.0,0,0
Y. Kuwasaki,Vissel Kobe,V-Varen Nagasaki,"RCMF, RDMF, LCMF",28,600000,,37,3276,1,1.35,2,1.1,15.08,56.1,Japan,Japan,right,175,72,no,11.35,7.09,62.4,2.17,46.84,0.93,1.2,0.49,5.99,7.71,1.32,8,0.22,0,0.0,0.93,0.03,1,0.03,0.04,0,0.0,21,0.58,28.57,4.762,0.05,0.55,40.0,0.16,33.33,0.38,42.86,0.03,0.82,60.0,3.1,54.87,0.47,0.41,0.11,23.9,0.03,1.18,35.6,82.48,12.45,67.33,4.4,93.75,14.2,91.88,30.55,87.59,4.51,53.05,20.28,35.82,0.03,0.22,0.03,0.11,0.19,28.57,0.22,6.02,65.75,1.26,56.52,0.55,30.0,0.6,0.22,6.1,68.92,0,,0,,0,0.0,0.0,0.0,,,0.69,,,0.11,0.0,0.0,0.03,0,0
T. Shimamura,Kashiwa Reysol,Roasso Kumamoto,"RW, RWF, RCMF",27,600000,2027-06-30,36,2765,2,4.9,7,5.05,23.14,42.9,Japan,Japan,left,170,59,no,6.05,5.14,63.29,1.27,15.38,0.33,0.46,0.07,2.47,3.5,0.65,2,0.07,0,0.0,4.92,0.07,2,0.07,0.16,0,0.0,49,1.59,40.82,4.082,0.23,1.99,31.15,0.68,33.33,1.27,30.77,0.29,5.7,55.43,13.61,38.28,2.7,2.02,1.27,34.27,1.01,1.27,44.66,82.0,11.56,70.14,12.11,93.82,11.39,82.29,40.49,87.06,2.25,34.78,16.33,28.5,0.16,1.37,0.0,0.07,1.11,44.12,0.78,5.18,67.3,3.61,53.15,1.24,39.47,1.89,0.55,6.44,76.26,0,,0,,0,0.0,0.0,0.0,,,0.1,,,0.03,0.0,0.0,0.39,0,0
M. Goto,V-Varen Nagasaki,Montedio Yamagata,GK,32,500000,,39,3827,0,0.0,0,0.0,1.25,81.13,Japan,Japan,right,191,83,no,2.12,0.12,60.0,0.78,84.85,0.02,0.04,0.0,2.02,3.05,0.05,1,0.02,0,0.0,0.0,0.0,0,0.0,0.0,0,0.0,0,0.0,0.0,0.0,0.0,0.0,0.0,0.0,0.0,0.0,0.0,0.0,0.0,0.0,0.24,80.0,0.0,0.0,0.0,18.51,0.07,0.35,26.27,87.47,11.76,75.0,0.0,0.0,12.32,97.52,20.27,97.22,5.97,54.72,26.06,47.84,0.0,0.0,0.0,0.0,0.0,0.0,0.0,1.65,37.14,0.24,10.0,0.19,12.5,0.02,0.0,4.37,58.06,48,1.13,160,3.76,10,70.0,45.08,1.06,-2.92,-0.069,0.0,1.93,0.78,,,,0.0,0,0
K. Nishiya,Tochigi City,Tokushima Vortis,"LAMF, LB, LWB",32,500000,,41,3915,3,2.73,3,6.42,18.28,49.06,Japan,Japan,right,165,65,no,5.36,4.83,59.52,1.91,31.33,0.14,0.2,0.21,2.34,3.45,0.67,7,0.16,0,0.0,4.92,0.07,3,0.07,0.06,0,0.0,56,1.29,28.57,5.357,0.07,3.29,39.16,3.08,41.04,0.18,12.5,0.57,5.24,60.53,9.86,49.18,2.21,2.64,0.94,22.57,1.89,1.72,29.52,76.56,6.21,59.63,7.03,94.12,11.1,77.43,23.7,85.06,2.64,45.22,19.68,35.27,0.15,1.13,0.02,0.02,0.32,28.57,0.71,3.06,61.65,3.13,47.79,0.69,30.0,0.62,1.29,4.71,73.17,0,,0,,0,0.0,0.0,0.0,,,0.21,,,0.09,0.02,0.0,0.16,0,0
M. Duke,Macarthur,Machida Zelvia,CF,35,500000,2026-06-30,34,2488,10,6.13,4,2.0,33.75,41.16,Australia,Australia,right,186,84,no,4.56,3.22,48.31,16.53,48.14,0.61,0.79,0.14,2.39,3.08,2.13,5,0.18,0,0.0,1.99,0.36,10,0.36,0.22,4,0.14,60,2.17,45.0,16.667,0.14,1.01,39.29,0.51,42.86,0.47,38.46,0.18,1.45,35.0,6.44,31.46,4.34,0.43,0.25,12.81,2.82,1.09,23.11,64.01,6.58,58.79,3.73,81.55,7.49,60.39,20.4,64.89,1.77,67.35,16.92,30.26,0.07,0.9,0.04,0.0,0.36,30.0,0.58,2.86,56.96,2.1,48.28,0.4,36.36,1.23,0.36,3.0,67.47,0,,0,,0,0.0,0.0,0.0,,,0.0,,,0.0,0.0,0.0,0.0,0,0
H. Noda,Kashiwa Reysol,Montedio Yamagata,LCB,28,500000,2027-06-30,40,3798,3,2.0,0,0.42,16.68,63.35,Japan,Japan,right,181,73,no,10.33,5.64,66.39,5.9,62.25,0.64,0.96,1.02,5.95,8.91,0.9,7,0.17,0,0.0,0.28,0.07,3,0.07,0.05,3,0.07,15,0.36,20.0,20.0,0.0,0.02,0.0,0.0,0.0,0.02,0.0,0.02,0.33,64.29,1.4,54.24,0.57,0.28,0.05,51.18,0.02,1.07,72.61,89.75,29.38,79.84,2.84,95.0,33.84,96.99,64.76,93.63,7.82,57.88,21.05,38.82,0.01,0.07,0.02,0.05,0.07,0.0,0.05,6.97,65.31,0.62,26.92,0.57,25.0,0.21,0.0,11.04,68.45,0,,0,,0,0.0,0.0,0.0,,,2.01,,,0.0,0.0,0.0,0.0,0,0
T. Kishimoto,Gamba Osaka,Shimizu S-Pulse,"RB, RW, LB",28,500000,,34,1851,3,2.92,3,2.81,23.63,48.15,Japan,Japan,right,174,66,no,7.54,7.93,60.12,3.99,47.56,0.53,0.93,0.1,2.24,3.9,1.8,4,0.19,0,0.0,4.57,0.15,3,0.15,0.14,0,0.0,24,1.17,41.67,12.5,0.15,4.81,36.36,0.97,40.0,3.79,34.62,0.63,3.84,59.49,8.8,39.78,2.43,2.67,1.02,30.88,2.67,0.97,42.4,81.77,11.52,70.46,8.56,98.86,14.2,81.51,35.06,90.85,2.92,45.0,18.57,30.91,0.14,1.17,0.05,0.05,0.15,33.33,0.78,3.99,78.05,4.18,46.51,0.39,50.0,0.97,1.51,8.22,75.15,0,,0,,0,0.0,0.0,0.0,,,0.49,,,0.0,0.0,0.0,0.05,0,0
N. Hayashi,Tokyo Verdy,Tokyo Verdy,"RCB, RCMF",28,500000,2029-06-30,25,2102,3,2.75,0,0.57,16.66,64.52,Japan,Japan,right,181,70,no,9.76,5.48,68.75,4.84,67.26,0.56,0.79,0.34,5.44,7.68,0.9,1,0.04,0,0.0,1.16,0.13,2,0.09,0.12,0,0.0,18,0.77,38.89,11.111,0.0,0.39,44.44,0.04,0.0,0.34,50.0,0.0,0.98,69.57,2.95,56.52,0.6,0.43,0.09,29.16,0.17,0.98,43.2,83.45,14.81,66.76,3.13,93.15,20.51,94.36,36.78,89.87,6.04,46.81,20.8,37.22,0.02,0.17,0.0,0.0,0.13,0.0,0.04,5.78,60.74,0.86,40.0,0.69,12.5,0.17,0.13,7.79,65.93,0,,0,,0,0.0,0.0,0.0,,,0.98,,,0.0,0.0,0.0,0.0,0,0
D. Fukazawa,Tokyo Verdy,Tokyo Verdy,LB,27,500000,,29,2452,4,2.47,1,1.67,17.47,55.88,Japan,Japan,right,174,70,no,8.96,6.9,68.09,4.55,56.45,0.29,0.43,0.29,3.96,5.84,1.17,3,0.11,1,0.04,1.21,0.15,4,0.15,0.09,1,0.04,18,0.66,38.89,22.222,0.04,1.32,36.11,1.17,34.38,0.15,50.0,0.18,0.62,64.71,2.53,37.68,1.39,0.44,0.11,30.72,1.28,0.88,41.73,81.62,17.4,72.57,5.69,94.19,12.37,89.02,35.2,87.38,5.29,54.17,18.85,33.45,0.06,0.51,0.04,0.0,0.15,50.0,0.18,6.02,65.24,1.58,48.84,0.51,42.86,0.51,0.44,8.26,72.44,0,,0,,0,0.0,0.0,0.0,,,0.18,,,0.0,0.0,0.0,0.0,0,0
H. Nakahara,Shimizu S-Pulse,Tokyo Verdy,"RW, RWF, RAMF",29,500000,2027-06-30,18,1629,6,3.39,4,4.53,20.5,38.27,Japan,Japan,left,169,66,no,3.7,3.92,54.93,2.38,32.56,0.06,0.08,0.0,1.49,2.21,0.88,1,0.06,0,0.0,4.7,0.33,6,0.33,0.19,0,0.0,32,1.77,40.63,18.75,0.22,2.27,31.71,0.33,0.0,1.93,37.14,0.5,5.52,52.0,11.6,35.71,1.93,2.76,1.22,24.42,1.88,0.55,33.76,82.98,8.73,79.11,8.95,90.74,8.9,83.85,30.17,87.73,1.44,57.69,17.13,28.13,0.25,1.77,0.17,0.0,0.61,63.64,0.39,2.71,71.43,2.98,59.26,0.72,61.54,1.38,0.66,5.03,89.01,0,,0,,0,0.0,0.0,0.0,,,0.06,,,2.27,0.28,40.0,3.59,0,0
A. Kawai,Montedio Yamagata,Montedio Yamagata,RB,26,500000,,32,2917,1,0.92,3,1.87,13.33,50.93,Japan,Japan,right,177,66,no,7.65,6.57,58.69,2.41,51.28,0.22,0.32,0.09,3.58,5.38,0.77,6,0.19,0,0.0,1.11,0.03,1,0.03,0.03,0,0.0,12,0.37,41.67,8.333,0.09,1.79,31.03,0.03,100.0,1.73,30.36,0.15,0.71,56.52,2.53,41.46,0.59,0.59,0.25,34.65,1.42,0.74,43.81,82.54,17.31,73.08,6.73,94.95,12.8,88.19,37.95,89.11,4.13,44.78,18.13,34.53,0.06,0.34,0.03,0.03,0.09,0.0,0.25,6.02,72.82,2.01,46.15,0.4,15.38,0.4,0.56,8.95,72.76,0,,0,,0,0.0,0.0,0.0,,,0.65,,,0.03,0.0,0.0,0.0,0,0
K. Suzuki,Tokyo Verdy,Júbilo Iwata,RCB,23,500000,,22,1870,1,1.1,0,0.0,13.67,64.44,Japan,Japan,right,182,72,no,9.48,5.34,76.58,4.24,52.27,0.19,0.27,0.39,5.2,7.38,0.72,5,0.24,0,0.0,0.43,0.05,1,0.05,0.05,0,0.0,7,0.34,57.14,14.286,0.0,0.34,14.29,0.0,0.0,0.34,14.29,0.1,0.34,57.14,1.11,39.13,0.58,0.34,0.05,37.11,0.14,0.82,52.84,89.89,19.88,81.6,2.26,97.87,25.84,96.65,47.31,93.29,5.2,63.89,20.67,33.55,0.0,0.0,0.05,0.05,0.0,0.0,0.0,4.91,72.55,0.63,15.38,0.43,22.22,0.1,0.05,7.65,69.18,0,,0,,0,0.0,0.0,0.0,,,1.83,,,0.0,0.0,0.0,0.0,0,0
K. Nakayama,Nagoya Grampus,Shimizu S-Pulse,"RAMF, RW",29,500000,,40,2364,8,5.25,3,4.83,18.08,43.16,Japan,Japan,right,180,70,no,6.02,5.14,61.48,1.87,28.57,0.04,0.06,0.19,2.82,4.55,0.76,0,0.0,0,0.0,3.46,0.3,8,0.3,0.2,0,0.0,48,1.83,41.67,16.667,0.11,3.58,29.79,0.49,46.15,3.01,27.85,0.42,2.97,53.85,7.73,36.95,3.69,2.59,1.26,23.98,1.94,0.95,32.63,80.4,5.67,67.79,10.32,94.1,10.32,72.69,27.83,88.78,1.33,37.14,16.64,18.75,0.18,1.52,0.08,0.0,0.19,20.0,0.95,1.64,74.42,3.24,41.18,0.27,14.29,1.03,1.03,3.73,69.39,0,,0,,0,0.0,0.0,0.0,,,0.15,,,0.04,0.0,0.0,0.08,0,0
Matheus Teixeira,Capivariano,Oita Trinita,GK,27,500000,2026-09-30,5,469,0,0.0,0,0.0,0.38,100.0,Brazil,Brazil,right,188,87,no,1.73,0.0,0.0,0.38,100.0,0.0,0.0,0.0,1.73,2.76,0.0,1,0.19,0,0.0,0.0,0.0,0,0.0,0.0,0,0.0,0,0.0,0.0,0.0,0.0,0.0,0.0,0.0,0.0,0.0,0.0,0.0,0.0,0.0,0.0,0.0,0.0,0.0,0.0,9.98,0.19,0.38,17.27,84.44,8.64,71.11,0.0,0.0,7.48,97.44,12.47,96.92,4.8,52.0,26.17,38.94,0.0,0.0,0.0,0.0,0.0,0.0,0.0,1.15,50.0,0.0,0.0,0.0,0.0,0.0,0.0,3.45,61.11,6,1.15,15,2.88,0,60.0,3.56,0.68,-2.44,-0.468,0.0,1.92,0.38,,,,0.0,0,0
Y. Torikai,Mito Hollyhock,Ventforet Kofu,"RAMF, RW",27,500000,,33,1682,4,4.5,3,0.92,17.28,43.03,Japan,Japan,right,165,62,no,5.24,4.82,52.22,1.93,41.67,0.48,0.59,0.21,2.25,2.75,0.96,1,0.05,0,0.0,2.68,0.21,4,0.21,0.24,1,0.05,32,1.71,31.25,12.5,0.16,1.28,41.67,0.32,0.0,0.96,55.56,0.11,3.1,50.0,7.54,44.68,2.35,1.07,0.54,17.23,0.75,1.34,23.6,75.51,7.01,61.83,5.73,89.72,6.05,77.88,21.14,79.75,1.28,37.5,16.91,19.11,0.05,0.59,0.0,0.0,0.48,11.11,0.37,3.16,59.32,2.09,66.67,0.7,0.0,0.96,0.48,4.07,65.79,0,,0,,0,0.0,0.0,0.0,,,0.11,,,0.0,0.0,0.0,0.0,0,0
M. Sekiguchi,V-Varen Nagasaki,Ventforet Kofu,RB,28,500000,,34,1835,1,0.18,2,3.4,18.34,54.28,Japan,Japan,right,172,66,no,9.42,7.95,59.26,2.16,47.73,0.93,1.23,0.2,3.78,4.99,0.74,2,0.1,0,0.0,3.29,0.05,1,0.05,0.01,0,0.0,8,0.39,37.5,12.5,0.1,4.02,40.24,0.05,0.0,3.87,39.24,0.59,2.4,57.14,5.49,55.36,0.64,2.01,0.98,25.8,1.81,1.67,36.93,73.44,12.16,64.52,6.18,92.86,13.68,75.27,26.73,84.04,6.38,47.69,21.16,31.28,0.17,0.88,0.05,0.0,0.44,33.33,0.74,6.23,59.84,4.61,52.13,0.78,37.5,0.69,1.72,9.42,71.88,0,,0,,0,0.0,0.0,0.0,,,0.39,,,0.0,0.0,0.0,0.0,0,0
M. Sugata,Vegalta Sendai,Vegalta Sendai,"LCB, RCB, CB",28,500000,,37,3147,4,3.27,1,0.75,13.58,60.42,Japan,Japan,right,183,76,no,8.95,4.49,71.97,5.46,54.97,0.14,0.2,0.71,5.58,7.7,0.71,4,0.11,1,0.03,0.46,0.11,4,0.11,0.09,2,0.06,21,0.6,47.62,19.048,0.03,0.14,20.0,0.03,0.0,0.11,25.0,0.06,0.23,62.5,1.49,44.23,0.89,0.37,0.11,33.06,0.34,0.69,49.53,88.51,18.22,76.92,1.97,95.65,24.85,97.24,45.36,92.24,4.03,48.94,19.95,36.52,0.02,0.14,0.03,0.06,0.06,0.0,0.06,5.15,63.33,0.94,24.24,0.6,14.29,0.29,0.06,7.78,67.28,0,,0,,0,0.0,0.0,0.0,,,1.4,,,0.06,0.0,0.0,0.0,0,0
Y. Yamada,Kagoshima United,Tochigi SC,"LWF, AMF, LCMF",26,500000,2029-06-30,25,1947,2,2.67,3,2.42,21.63,37.39,Japan,Japan,right,169,63,no,6.98,6.61,51.75,1.94,16.67,0.51,0.62,0.09,3.05,3.73,1.53,0,0.0,0,0.0,3.28,0.09,2,0.09,0.12,1,0.05,30,1.39,33.33,6.667,0.14,1.34,41.38,0.92,40.0,0.42,44.44,0.23,4.02,50.57,9.34,38.61,1.9,1.66,1.02,11.97,0.55,1.02,20.57,76.18,6.52,65.25,4.62,95.0,5.64,78.69,17.89,81.4,1.43,41.94,16.5,28.24,0.11,0.83,0.0,0.09,0.79,29.41,0.42,3.05,71.21,2.45,49.06,1.06,30.43,0.92,0.55,3.84,79.52,0,,0,,0,0.0,0.0,0.0,,,0.05,,,0.05,0.0,0.0,0.18,0,0
José Aurelio Suárez,JEF United,Tokushima Vortis,GK,30,500000,,35,3403,0,0.0,0,0.0,0.87,84.85,Spain,Spain,right,187,85,no,1.82,0.03,100.0,0.42,93.75,0.05,0.08,0.0,1.75,2.49,0.03,3,0.08,0,0.0,0.08,0.0,0,0.0,0.0,0,0.0,0,0.0,0.0,0.0,0.0,0.0,0.0,0.0,0.0,0.0,0.0,0.0,0.08,100.0,0.24,77.78,0.0,0.0,0.0,15.45,0.24,0.21,23.64,88.48,8.78,73.8,0.0,0.0,13.62,97.28,17.72,98.66,5.87,58.56,30.12,51.6,0.0,0.0,0.0,0.0,0.0,0.0,0.0,1.67,42.86,0.13,0.0,0.24,22.22,0.0,0.0,4.1,67.1,44,1.16,140,3.7,11,68.57,44.1,1.17,0.1,0.003,0.0,1.27,0.42,,,,0.0,0,0
K. Kawano,Fagiano Okayama,Renofa Yamaguchi,"CF, AMF",22,500000,2027-06-30,34,2230,5,7.24,0,1.2,21.03,31.86,Japan,Japan,left,179,76,no,3.11,2.95,50.68,4.72,31.62,0.36,0.57,0.12,1.25,1.96,1.09,1,0.04,0,0.0,1.13,0.2,5,0.2,0.29,1,0.04,53,2.14,30.19,9.434,0.0,0.44,18.18,0.28,28.57,0.16,0.0,0.0,0.81,40.0,9.04,26.79,3.43,0.36,0.12,14.77,1.53,1.78,20.7,83.63,3.35,75.9,7.18,91.57,5.09,80.95,19.78,85.31,0.48,75.0,14.29,12.18,0.05,0.65,0.0,0.0,0.12,66.67,0.16,1.45,72.22,0.97,50.0,0.12,66.67,0.69,0.12,1.45,61.11,0,,0,,0,0.0,0.0,0.0,,,0.0,,,0.0,0.0,0.0,0.0,0,0
T. Yasui,JEF United,Machida Zelvia,"LCMF, LW, RCMF",27,500000,2026-06-30,23,1005,2,0.75,0,0.79,12.27,38.69,Japan,Japan,right,174,66,no,5.91,5.28,49.15,1.25,21.43,1.34,1.98,0.18,1.97,2.91,1.25,1,0.09,0,0.0,1.61,0.18,2,0.18,0.07,0,0.0,14,1.25,35.71,14.286,0.0,1.07,58.33,0.45,40.0,0.54,83.33,0.09,0.81,44.44,3.49,30.77,1.16,0.27,0.18,20.96,0.54,0.72,27.22,79.28,11.37,66.93,3.67,97.56,8.33,87.1,23.28,83.85,2.96,48.48,17.25,24.7,0.07,0.63,0.27,0.0,0.54,33.33,0.54,5.37,65.0,2.15,62.5,0.9,50.0,0.81,0.63,4.57,80.39,0,,0,,0,0.0,0.0,0.0,,,0.18,,,0.18,0.0,0.0,0.36,0,0
S. Yoneda,V-Varen Nagasaki,V-Varen Nagasaki,LB,30,500000,,39,3827,5,3.98,3,3.78,17.24,52.93,Japan,Japan,right,173,69,no,6.51,4.99,65.57,3.5,47.65,0.28,0.38,0.19,2.96,4.02,0.52,2,0.05,0,0.0,2.92,0.12,5,0.12,0.09,0,0.0,34,0.8,35.29,14.706,0.07,2.16,39.13,1.72,39.73,0.35,40.0,0.09,2.66,60.18,5.74,52.46,1.48,2.14,1.27,25.3,1.01,1.41,35.16,79.4,15.71,74.55,4.37,95.7,10.94,80.22,28.15,87.22,4.96,51.18,20.24,37.25,0.09,0.68,0.12,0.02,0.24,80.0,0.45,5.22,69.37,2.52,53.27,0.61,53.85,0.85,0.78,8.68,73.44,0,,0,,0,0.0,0.0,0.0,,,0.07,,,0.02,0.0,0.0,0.0,0,0
G. Hatano,V-Varen Nagasaki,V-Varen Nagasaki,GK,28,500000,,42,4151,0,0.11,0,0.1,0.95,68.18,Japan,Japan,right,198,98,no,0.93,0.04,50.0,0.69,78.13,0.0,0.0,0.0,0.91,1.23,0.0,0,0.0,0,0.0,0.02,0.0,0,0.0,0.0,0,0.0,1,0.02,0.0,0.0,0.0,0.0,0.0,0.0,0.0,0.0,0.0,0.0,0.04,50.0,0.04,50.0,0.02,0.0,0.0,10.95,0.07,0.09,17.69,84.44,8.48,70.33,0.0,0.0,8.43,97.94,11.19,98.06,6.5,61.0,34.33,54.87,0.0,0.04,0.0,0.0,0.0,0.0,0.04,2.65,54.92,0.24,9.09,0.22,30.0,0.02,0.0,4.77,75.45,56,1.21,188,4.08,11,70.21,59.94,1.3,3.94,0.085,0.0,2.3,0.69,,,,0.0,0,0
J. Suzuki,Yokohama,Machida Zelvia,"RB, RCB",30,500000,2027-06-30,17,1510,1,0.08,3,4.73,8.17,58.39,Japan,Japan,right,176,71,no,5.84,3.99,62.69,2.09,57.14,0.18,0.24,0.12,3.16,4.26,0.77,1,0.06,0,0.0,1.91,0.06,1,0.06,0.0,0,0.0,8,0.48,37.5,12.5,0.18,2.86,50.0,0.48,50.0,2.38,50.0,0.42,0.36,83.33,1.07,72.22,0.12,0.48,0.24,23.54,1.01,0.54,32.78,76.0,16.93,66.9,2.86,95.83,10.01,80.36,21.81,90.44,8.4,46.1,25.17,42.62,0.28,2.62,0.06,0.06,0.0,0.0,0.42,9.18,58.44,3.93,46.97,0.72,33.33,0.54,1.37,9.66,81.48,0,,0,,0,0.0,0.0,0.0,,,0.83,,,2.56,0.12,50.0,3.52,0,0
Dellatorre,Vila Nova,Montedio Yamagata,CF,34,450000,2027-11-30,25,980,4,5.51,1,0.36,15.15,29.7,Brazil,"Brazil, Italy",right,181,79,no,2.94,1.29,50.0,5.33,29.31,0.18,0.3,0.09,2.11,3.48,1.1,1,0.09,0,0.0,2.2,0.37,4,0.37,0.51,0,0.0,35,3.21,37.14,11.429,0.09,0.83,0.0,0.37,0.0,0.46,0.0,0.28,1.65,50.0,5.14,35.71,4.41,0.55,0.28,10.74,1.84,0.83,14.14,70.13,3.67,62.5,4.32,87.23,2.48,59.26,12.67,78.26,0.64,0.0,14.47,9.86,0.03,0.28,0.0,0.0,0.28,66.67,0.09,1.47,37.5,1.29,21.43,0.28,33.33,0.73,0.18,1.65,50.0,0,,0,,0,0.0,0.0,0.0,,,0.0,,,0.0,0.0,0.0,0.0,0,0
S. Minami,,Montedio Yamagata,LDMF,33,450000,,41,3949,2,2.52,4,2.93,9.85,50.0,Japan,Japan,right,177,71,no,5.86,4.38,59.9,0.84,35.14,0.57,0.85,0.25,2.67,3.96,0.64,3,0.07,0,0.0,0.64,0.05,2,0.05,0.06,0,0.0,14,0.32,42.86,14.286,0.09,0.21,44.44,0.14,16.67,0.05,100.0,0.05,0.5,50.0,2.46,43.52,0.71,0.23,0.07,37.29,0.14,0.8,50.5,91.38,12.67,81.83,10.19,97.32,15.84,94.53,49.0,92.28,1.3,64.91,14.72,26.66,0.07,0.59,0.07,0.0,0.25,63.64,0.27,4.54,80.9,1.28,64.29,0.32,57.14,0.89,0.09,4.95,69.12,0,,0,,0,0.0,0.0,0.0,,,0.87,,,0.0,0.0,0.0,0.0,0,0
M. Engels,Heracles,Tokyo Verdy,"CF, LW, LAMF",32,450000,2027-06-30,14,610,0,0.59,0,2.11,32.16,39.45,Germany,Germany,right,184,74,no,5.46,6.05,65.85,4.13,21.43,0.3,0.48,0.15,1.18,1.94,2.07,1,0.15,0,0.0,4.72,0.0,0,0.0,0.09,0,0.0,6,0.89,16.67,0.0,0.0,4.72,25.0,4.43,23.33,0.3,50.0,0.89,6.49,50.0,17.11,37.07,2.66,2.51,0.59,16.38,1.03,1.77,23.16,70.06,4.28,68.97,6.34,95.35,6.93,53.19,17.56,84.87,1.03,14.29,14.75,10.25,0.31,1.92,0.0,0.0,0.15,100.0,0.44,1.62,45.45,3.69,40.0,0.0,0.0,1.03,1.18,2.21,80.0,0,,0,,0,0.0,0.0,0.0,,,0.0,,,2.21,0.3,50.0,3.39,0,0
Matheus Vidotto,Tokyo Verdy,Tokyo Verdy,GK,33,450000,,44,4331,0,0.0,0,0.17,0.35,88.24,Brazil,"Brazil, Italy",right,190,82,no,1.64,0.0,0.0,0.29,92.86,0.0,0.0,0.0,1.64,2.45,0.0,0,0.0,0,0.0,0.0,0.0,0,0.0,0.0,0,0.0,0,0.0,0.0,0.0,0.0,0.0,0.0,0.0,0.0,0.0,0.0,0.0,0.0,0.0,0.04,50.0,0.0,0.0,0.02,19.6,0.17,0.08,28.2,90.79,12.41,82.58,0.0,0.0,14.8,97.61,19.39,98.39,8.77,74.41,29.27,45.45,0.0,0.02,0.0,0.0,0.0,0.0,0.02,1.97,64.21,0.17,0.0,0.27,53.85,0.0,0.0,5.69,79.56,33,0.69,142,2.95,23,76.76,38.69,0.8,5.69,0.118,0.0,1.37,0.29,,,,0.0,0,0
T. Hasegawa,Consadole Sapporo,Tokyo Verdy,"LWF, LW, LAMF",32,450000,,9,436,1,0.72,2,1.26,19.2,39.78,Japan,Japan,right,164,60,no,5.16,5.57,59.26,1.24,33.33,0.41,0.66,0.0,1.44,2.31,1.44,0,0.0,0,0.0,5.37,0.21,1,0.21,0.15,1,0.21,5,1.03,40.0,20.0,0.41,5.78,50.0,5.37,46.15,0.41,100.0,0.83,3.72,50.0,9.7,29.79,2.68,2.06,0.41,33.44,2.27,1.03,38.81,82.45,8.67,66.67,8.88,100.0,14.24,79.71,31.17,90.73,2.48,58.33,19.79,31.85,0.26,1.44,0.0,0.0,0.62,33.33,1.24,2.48,75.0,4.95,45.83,1.24,33.33,0.62,2.27,5.99,86.21,0,,0,,0,0.0,0.0,0.0,,,0.21,,,0.62,0.0,0.0,0.21,0,0
Y. Fujimoto,Ehime,Montedio Yamagata,CF,32,450000,2027-06-30,39,2673,10,9.69,1,1.87,18.72,25.72,Japan,Japan,right,178,78,no,2.26,2.22,54.55,3.16,29.79,0.03,0.05,0.03,1.01,1.5,1.14,0,0.0,0,0.0,1.72,0.34,10,0.34,0.33,3,0.1,51,1.72,45.1,19.608,0.03,0.51,33.33,0.13,50.0,0.37,27.27,0.07,1.99,33.9,9.63,19.58,3.23,0.84,0.67,12.83,1.82,0.67,16.73,82.49,2.9,72.09,5.29,91.72,4.71,80.0,15.89,84.53,0.37,63.64,15.22,10.5,0.06,0.71,0.1,0.07,0.24,42.86,0.3,1.72,80.39,0.51,53.33,0.2,50.0,0.51,0.13,1.92,73.68,0,,0,,0,0.0,0.0,0.0,,,0.0,,,0.0,0.0,0.0,0.0,0,0
S. Kokubu,Montedio Yamagata,Montedio Yamagata,"AMF, LAMF, RAMF",31,450000,,31,1778,1,1.38,5,5.69,16.45,42.46,Japan,Japan,right,172,66,no,6.02,5.62,58.56,1.97,23.08,0.35,0.53,0.0,2.38,3.57,1.27,4,0.2,0,0.0,1.82,0.05,1,0.05,0.07,0,0.0,17,0.86,23.53,5.882,0.25,2.33,28.26,1.32,30.77,0.96,26.32,0.4,2.02,35.0,6.07,37.5,1.82,0.86,0.3,25.71,1.67,0.91,32.85,77.81,9.52,72.87,5.92,85.47,10.07,75.88,29.31,82.73,1.27,56.0,16.52,18.09,0.29,2.13,0.1,0.15,0.46,55.56,0.91,4.0,67.09,2.99,42.37,0.61,58.33,0.71,0.76,5.52,70.64,0,,0,,0,0.0,0.0,0.0,,,0.05,,,1.42,0.1,0.0,3.49,0,0
Juanma Delgado,,V-Varen Nagasaki,CF,35,450000,,36,3387,26,19.5,4,2.07,27.61,42.16,Spain,Spain,right,188,90,no,3.61,2.98,46.43,8.9,53.13,0.13,0.18,0.16,2.1,2.9,2.44,11,0.29,0,0.0,2.63,0.69,22,0.58,0.52,7,0.19,107,2.84,45.79,24.299,0.11,0.29,45.45,0.13,40.0,0.16,50.0,0.03,1.89,53.52,8.53,41.43,3.96,0.77,0.32,7.71,1.59,2.36,14.0,72.68,3.96,60.4,3.06,89.57,3.69,74.1,13.29,74.0,0.5,52.63,14.96,16.5,0.06,0.77,0.03,0.03,0.24,77.78,0.56,1.49,58.93,1.38,50.0,0.16,50.0,0.85,0.08,1.12,73.81,0,,0,,0,0.0,0.0,0.0,,,0.27,,,0.0,0.0,0.0,0.0,4,100
Ewerton,Ayutthaya United,Vegalta Sendai,"RCMF, LCMF, DMF",33,450000,2027-06-30,33,2533,1,3.94,1,0.85,20.32,52.45,Brazil,Brazil,right,181,73,no,10.02,6.61,59.68,4.41,54.03,0.46,0.64,0.21,5.61,7.76,1.67,6,0.21,0,0.0,1.56,0.04,1,0.04,0.14,1,0.04,26,0.92,23.08,3.846,0.04,0.46,38.46,0.07,50.0,0.39,36.36,0.0,1.67,59.57,5.61,48.73,1.03,0.43,0.11,28.85,0.04,1.63,44.77,82.78,15.92,70.98,5.22,93.2,16.52,90.54,39.83,86.8,4.48,51.59,17.64,30.26,0.03,0.5,0.07,0.04,0.28,62.5,0.14,7.64,71.63,1.74,44.9,1.03,34.48,0.57,0.18,7.92,72.65,0,,0,,0,0.0,0.0,0.0,,,0.32,,,0.0,0.0,0.0,0.0,0,0
T. Hara,Nagoya Grampus,Shimizu S-Pulse,"RB, RCB",27,450000,,18,1641,1,0.89,0,1.28,16.01,55.14,Japan,Japan,right,180,72,no,7.79,5.87,62.62,2.47,53.33,0.0,0.0,0.27,4.11,6.2,0.77,3,0.16,0,0.0,2.19,0.05,1,0.05,0.05,0,0.0,9,0.49,44.44,11.111,0.0,1.97,27.78,0.05,0.0,1.92,28.57,0.27,2.3,54.76,5.81,50.94,0.71,1.26,0.38,36.42,1.43,1.21,49.36,80.22,19.25,66.95,5.59,93.14,16.62,90.43,42.01,88.25,5.54,36.63,19.64,36.62,0.07,0.55,0.11,0.0,0.33,50.0,0.44,7.62,70.5,2.08,44.74,0.49,22.22,0.44,0.55,10.04,70.49,0,,0,,0,0.0,0.0,0.0,,,0.38,,,0.05,0.0,0.0,0.0,0,0
K. Nishimura,Montedio Yamagata,Montedio Yamagata,"RCB, LCB",28,450000,,31,3008,0,1.11,1,0.56,18.49,64.56,Japan,Japan,right,187,81,no,11.25,7.0,69.23,7.06,65.25,0.33,0.49,0.99,6.07,9.0,1.17,5,0.15,0,0.0,0.15,0.0,0,0.0,0.03,0,0.0,11,0.33,18.18,0.0,0.03,0.0,0.0,0.0,0.0,0.0,0.0,0.0,0.09,66.67,0.93,67.74,0.54,0.18,0.0,47.96,0.12,1.14,66.15,89.78,26.03,79.89,2.87,95.83,31.3,96.56,60.32,94.05,5.83,45.64,21.36,42.86,0.02,0.12,0.0,0.03,0.06,50.0,0.06,6.73,69.33,0.51,29.41,0.54,22.22,0.27,0.0,10.59,69.77,0,,0,,0,0.0,0.0,0.0,,,2.21,,,0.0,0.0,0.0,0.0,0,0
M. Ono,Nagoya Grampus,Montedio Yamagata,LB,29,450000,,39,3797,0,0.28,2,2.06,16.73,51.13,Japan,Japan,left,172,69,no,9.32,6.52,67.27,2.58,36.7,0.4,0.6,0.21,4.53,6.8,0.76,3,0.07,0,0.0,2.01,0.0,0,0.0,0.01,0,0.0,10,0.24,10.0,0.0,0.05,1.64,42.03,1.37,37.93,0.21,55.56,0.21,2.2,50.54,5.17,43.58,0.5,0.76,0.38,35.1,0.97,1.28,46.43,80.25,18.99,69.54,7.56,92.48,12.33,85.77,38.64,88.16,6.26,40.91,18.84,37.77,0.05,0.5,0.02,0.05,0.33,57.14,0.26,7.35,65.81,2.58,46.79,1.09,36.96,0.64,0.78,9.96,65.71,0,,0,,0,0.0,0.0,0.0,,,0.57,,,0.05,0.05,0.0,0.19,0,0
K. Ueebisu,Júbilo Iwata,Oita Trinita,"RB, CB, RCB",30,450000,,32,2594,1,2.28,4,1.47,13.15,58.05,Japan,Japan,right,181,72,no,7.56,5.9,67.65,2.64,64.47,0.07,0.11,0.35,3.5,5.64,0.45,0,0.0,0,0.0,1.32,0.03,1,0.03,0.08,0,0.0,11,0.38,27.27,9.091,0.14,1.35,51.28,0.03,100.0,1.32,50.0,0.03,0.69,65.0,2.85,37.8,0.76,0.24,0.03,37.44,0.59,0.35,48.96,86.61,19.12,78.22,5.17,94.63,18.77,92.79,42.02,91.66,5.59,57.14,19.6,34.67,0.05,0.56,0.0,0.03,0.14,50.0,0.28,5.62,69.75,1.94,58.93,0.59,47.06,0.52,0.69,8.36,74.69,0,,0,,0,0.0,0.0,0.0,,,1.98,,,0.0,0.0,0.0,0.0,0,0
H. Yamada,Shonan Bellmare,Vegalta Sendai,CF,26,450000,,34,2031,2,6.33,3,1.19,20.3,31.88,Japan,Japan,right,183,76,no,3.99,2.75,50.0,5.41,35.25,0.22,0.32,0.04,2.39,3.48,1.11,1,0.04,0,0.0,2.17,0.09,2,0.09,0.28,0,0.0,38,1.68,50.0,5.263,0.13,1.06,29.17,0.58,23.08,0.49,36.36,0.04,2.44,40.0,8.73,24.87,3.19,1.02,0.49,16.57,2.08,0.49,22.33,81.55,4.08,72.83,6.2,92.86,6.87,88.39,20.61,84.52,0.71,68.75,17.08,14.17,0.05,0.66,0.0,0.0,0.22,20.0,0.4,1.68,78.95,1.06,62.5,0.18,25.0,0.66,0.22,2.04,78.26,0,,0,,0,0.0,0.0,0.0,,,0.09,,,0.0,0.0,0.0,0.0,0,0
H. Sugai,Kyoto Sanga,Ventforet Kofu,"RB, LB",27,450000,2027-06-30,26,2475,3,2.42,0,0.83,19.16,57.87,Japan,Japan,right,172,67,no,9.49,6.87,76.19,4.29,56.78,0.07,0.09,0.18,4.18,5.02,0.44,2,0.07,0,0.0,1.82,0.11,3,0.11,0.09,0,0.0,19,0.69,36.84,15.789,0.0,2.15,27.12,1.24,29.41,0.91,24.0,0.4,1.71,57.45,5.64,43.87,0.98,1.56,1.02,25.42,0.91,1.42,36.4,77.82,13.42,66.67,7.05,95.36,10.76,79.05,30.91,85.65,3.45,37.89,18.58,35.78,0.03,0.51,0.0,0.04,0.11,0.0,0.15,5.75,67.09,2.4,39.39,0.44,16.67,0.25,0.51,8.25,66.52,0,,0,,0,0.0,0.0,0.0,,,0.36,,,0.04,0.0,0.0,0.0,0,0
R. Nakamura,Montedio Yamagata,Ventforet Kofu,"LCMF, LDMF, RDMF",28,450000,,12,1138,2,1.88,1,0.44,14.08,53.37,Japan,Japan,right,179,70,no,9.49,5.77,61.64,3.88,46.94,0.24,0.28,0.08,5.69,6.84,0.95,1,0.08,0,0.0,0.95,0.16,2,0.16,0.15,0,0.0,14,1.11,21.43,14.286,0.08,0.71,22.22,0.4,20.0,0.32,25.0,0.08,0.71,66.67,2.37,46.67,1.03,0.55,0.0,28.39,0.08,0.47,41.36,83.94,15.5,74.49,4.75,96.67,14.63,89.19,35.43,89.51,5.22,54.55,18.43,35.23,0.03,0.71,0.0,0.0,0.24,33.33,0.32,8.15,74.76,1.74,45.45,1.34,29.41,0.95,0.16,8.38,72.64,0,,0,,0,0.0,0.0,0.0,,,0.4,,,0.0,0.0,0.0,0.0,0,0
R. Sagara,Vegalta Sendai,Vegalta Sendai,"LW, LWB, LB",23,450000,,18,906,3,1.31,1,1.07,22.65,39.04,Japan,Japan,right,172,67,no,7.45,6.26,55.56,2.58,23.08,0.7,0.94,0.0,3.28,4.42,1.19,1,0.1,0,0.0,3.68,0.3,3,0.3,0.13,0,0.0,16,1.59,25.0,18.75,0.1,1.79,61.11,1.79,61.11,0.0,0.0,0.2,5.66,38.6,11.92,34.17,1.59,2.09,1.19,22.75,1.29,1.29,30.7,82.52,8.64,58.62,8.64,98.85,8.54,89.53,25.73,89.19,3.28,42.42,17.82,23.57,0.11,0.7,0.1,0.0,0.0,0.0,0.4,2.38,70.83,1.79,66.67,0.1,100.0,0.99,0.89,5.07,60.78,0,,0,,0,0.0,0.0,0.0,,,1.09,,,0.0,0.0,0.0,0.0,0,0
R. Sato,Ehime,Thespa Gunma,RW,28,450000,2027-06-30,42,2904,6,6.41,8,4.2,16.61,41.42,Japan,Japan,left,171,63,no,5.92,5.45,56.25,1.39,22.22,0.25,0.29,0.03,2.6,3.08,0.99,2,0.06,0,0.0,2.57,0.19,5,0.15,0.2,0,0.0,43,1.33,32.56,13.953,0.25,2.32,30.67,0.59,31.58,1.74,30.36,0.37,3.04,45.92,7.65,38.06,1.43,1.33,0.93,19.0,1.15,1.61,25.6,81.11,5.3,70.18,8.55,96.74,7.07,74.56,21.94,89.12,1.49,35.42,17.44,25.1,0.13,1.21,0.09,0.0,0.03,100.0,0.43,2.08,67.16,2.08,41.79,0.34,45.45,0.37,0.81,3.72,66.67,0,,0,,0,0.0,0.0,0.0,,,0.28,,,1.33,0.12,25.0,1.05,1,100
M. Ando,Mito Hollyhock,Mito Hollyhock,CF,26,450000,,34,1889,9,7.18,6,1.55,32.83,30.19,Japan,Japan,right,176,76,no,3.29,3.91,39.02,6.96,18.49,0.1,0.12,0.0,1.67,2.16,2.86,3,0.14,1,0.05,3.43,0.43,8,0.38,0.34,4,0.19,50,2.38,36.0,18.0,0.29,0.81,29.41,0.38,50.0,0.43,11.11,0.05,4.34,49.45,15.29,33.64,3.0,0.81,0.33,8.91,2.05,3.34,12.44,68.2,3.86,59.26,2.57,77.78,3.34,71.43,11.1,72.96,0.57,33.33,15.16,10.13,0.07,0.86,0.0,0.0,0.38,50.0,0.48,1.62,67.65,1.43,40.0,0.52,27.27,0.57,0.24,2.24,59.57,0,,0,,0,0.0,0.0,0.0,,,0.0,,,0.0,0.0,0.0,0.0,1,100
Y. Suzuki,Fagiano Okayama,Fagiano Okayama,"LCB, LB",27,450000,,36,3324,3,1.26,0,0.51,15.14,56.89,Japan,Japan,left,183,80,no,9.29,5.17,68.59,4.31,54.72,0.19,0.26,0.35,5.55,7.55,0.65,2,0.05,0,0.0,1.22,0.08,3,0.08,0.03,0,0.0,12,0.32,33.33,25.0,0.0,0.89,18.18,0.87,18.75,0.03,0.0,0.11,1.22,68.89,2.9,50.47,0.57,0.97,0.79,32.27,0.51,0.84,47.57,84.58,22.74,77.5,3.22,92.44,14.24,91.44,41.24,90.41,5.52,50.49,18.47,34.01,0.01,0.24,0.0,0.0,0.27,40.0,0.05,7.5,75.45,1.3,35.42,0.57,47.62,0.38,0.16,9.56,71.1,0,,0,,0,0.0,0.0,0.0,,,0.65,,,0.0,0.0,0.0,0.0,0,0
D. Takahashi,Giravanz Kitakyushu,Machida Zelvia,"RW, AMF, CF",27,450000,,28,1752,3,2.45,0,0.58,11.66,48.02,Japan,Japan,left,165,56,no,4.42,3.85,61.33,2.11,31.71,0.57,0.74,0.05,1.49,1.96,0.82,2,0.1,0,0.0,1.49,0.15,3,0.15,0.13,0,0.0,33,1.7,33.33,9.091,0.0,0.87,35.29,0.21,25.0,0.67,38.46,0.0,1.28,48.0,3.8,51.35,2.52,1.03,0.36,16.44,0.87,1.34,20.55,81.5,5.45,68.87,5.96,92.24,5.55,87.96,17.67,87.79,2.0,46.15,19.55,29.12,0.03,0.51,0.0,0.0,0.0,0.0,0.15,3.03,69.49,1.28,44.0,0.31,16.67,0.46,0.31,2.98,79.31,0,,0,,0,0.0,0.0,0.0,,,0.0,,,0.31,0.05,0.0,0.21,0,0
M. Ohara,Sanfrecce Hiroshima,Mito Hollyhock,"LW, LCMF",26,450000,2027-06-30,40,3371,6,4.27,4,3.83,14.2,42.48,Japan,Japan,right,170,63,no,5.71,4.49,60.71,1.15,25.58,0.0,0.0,0.05,2.99,3.77,0.8,2,0.05,0,0.0,3.34,0.16,6,0.16,0.11,0,0.0,52,1.39,30.77,11.538,0.11,2.22,45.78,1.92,45.83,0.27,40.0,0.24,3.84,46.53,7.08,36.98,1.52,2.67,1.31,22.29,0.69,0.8,31.16,80.98,7.82,65.19,8.2,95.11,9.4,82.67,26.78,87.14,2.24,42.86,16.95,22.76,0.1,1.04,0.05,0.03,0.16,66.67,0.53,2.83,76.42,2.51,56.38,0.27,20.0,0.72,1.04,4.81,72.22,0,,0,,0,0.0,0.0,0.0,,,0.24,,,0.0,0.0,0.0,0.03,0,0
K. Chida,Kashima Antlers,Tokyo Verdy,RCB,31,400000,2027-06-30,12,721,0,0.77,0,0.0,16.1,54.26,Japan,Japan,right,186,82,no,7.49,4.74,71.05,7.99,50.0,0.5,0.93,0.37,3.62,6.74,1.12,1,0.12,0,0.0,0.12,0.0,0,0.0,0.1,0,0.0,4,0.5,0.0,0.0,0.0,0.12,0.0,0.0,0.0,0.12,0.0,0.12,0.12,100.0,0.5,50.0,1.0,0.25,0.0,40.19,0.75,0.5,55.17,88.46,18.85,76.16,1.37,100.0,30.21,95.45,50.31,92.31,4.74,50.0,18.76,24.3,0.0,0.0,0.0,0.0,0.0,0.0,0.0,5.12,68.29,0.12,0.0,0.0,0.0,0.0,0.0,7.36,66.1,0,,0,,0,0.0,0.0,0.0,,,0.37,,,0.0,0.0,0.0,0.0,0,0
I. Arai,V-Varen Nagasaki,JEF United,"RCB, CB",32,400000,,29,2339,0,1.71,2,0.86,10.89,62.54,Japan,Japan,right,186,81,no,7.89,3.27,68.24,4.77,62.1,0.35,0.5,0.58,5.31,7.62,0.46,3,0.12,0,0.0,0.27,0.0,0,0.0,0.07,0,0.0,11,0.42,18.18,0.0,0.08,0.08,0.0,0.0,0.0,0.08,0.0,0.0,0.23,83.33,0.77,60.0,0.77,0.58,0.04,33.9,0.38,0.42,49.14,85.98,20.62,74.63,2.39,96.77,21.62,95.73,40.67,91.77,8.39,58.72,22.01,38.1,0.03,0.15,0.0,0.0,0.0,0.0,0.12,7.54,65.31,0.85,22.73,0.62,31.25,0.31,0.0,9.43,69.39,0,,0,,0,0.0,0.0,0.0,,,1.62,,,0.04,0.0,0.0,0.0,0,0
S. Kaneko,Fujieda MYFC,Júbilo Iwata,"AMF, CF, RW",31,400000,2026-06-30,29,1997,6,6.19,1,3.11,18.39,39.95,Japan,Japan,right,163,58,no,5.41,5.32,55.08,2.21,22.45,0.36,0.5,0.18,2.12,2.91,1.4,1,0.05,0,0.0,2.79,0.27,5,0.23,0.28,1,0.05,48,2.16,41.67,12.5,0.05,1.22,44.44,0.54,50.0,0.68,40.0,0.32,2.25,60.0,7.3,40.12,3.38,1.26,0.63,21.14,1.04,1.22,30.02,83.18,7.89,69.71,8.29,94.02,6.49,86.81,27.4,86.02,1.49,63.64,14.68,24.16,0.14,0.9,0.0,0.09,0.14,0.0,0.54,2.25,72.0,1.44,59.38,0.18,0.0,0.77,0.45,3.24,66.67,0,,0,,0,0.0,0.0,0.0,,,0.59,,,0.09,0.0,0.0,0.27,2,50
H. Goya,JEF United,JEF United,CF,32,400000,,36,1577,4,7.12,0,1.16,22.94,31.84,Japan,Japan,right,178,71,no,3.88,3.65,43.75,8.9,25.0,0.46,0.76,0.06,1.83,3.04,2.17,5,0.29,0,0.0,2.17,0.23,2,0.11,0.41,0,0.0,33,1.88,42.42,12.121,0.0,0.46,0.0,0.34,0.0,0.11,0.0,0.11,1.88,60.61,6.56,35.65,3.42,0.46,0.23,11.19,1.71,1.48,14.44,75.49,3.25,66.67,3.71,84.62,3.77,74.24,13.81,78.1,0.17,66.67,13.49,3.1,0.07,0.68,0.0,0.0,0.4,57.14,0.17,1.37,75.0,0.86,46.67,0.4,57.14,0.86,0.0,1.31,73.91,0,,0,,0,0.0,0.0,0.0,,,0.0,,,0.0,0.0,0.0,0.0,2,100
J. Świerczok,,RB Omiya Ardija,CF,33,400000,,10,662,3,3.3,0,0.23,24.88,28.42,Poland,Poland,right,184,75,no,1.63,2.04,40.0,2.58,10.53,0.27,0.38,0.0,0.54,0.75,1.36,2,0.27,0,0.0,3.26,0.41,3,0.41,0.45,0,0.0,30,4.08,30.0,10.0,0.0,0.95,57.14,0.54,75.0,0.41,33.33,0.0,2.99,45.45,14.82,30.28,4.21,0.82,0.14,13.19,1.09,2.04,17.67,76.15,3.67,62.96,4.21,90.32,5.44,80.0,15.5,78.07,1.5,72.73,16.95,24.42,0.03,0.54,0.0,0.0,0.41,33.33,0.27,1.5,54.55,1.36,60.0,0.41,33.33,0.68,0.27,2.04,66.67,0,,0,,0,0.0,0.0,0.0,,,0.0,,,0.27,0.27,50.0,0.0,0,0
Leandro Pereira,Paraná,Tochigi SC,"CF, AMF, LWF",34,400000,,3,48,1,0.76,0,0.0,30.0,31.25,Brazil,Brazil,right,190,76,no,3.75,5.63,66.67,9.38,40.0,0.0,0.0,0.0,0.0,0.0,3.75,0,0.0,0,0.0,1.88,1.88,0,0.0,1.42,0,0.0,1,1.88,100.0,100.0,0.0,0.0,0.0,0.0,0.0,0.0,0.0,0.0,0.0,0.0,3.75,0.0,0.0,0.0,0.0,5.63,3.75,0.0,9.38,60.0,0.0,0.0,3.75,100.0,1.88,100.0,9.38,60.0,0.0,0.0,4.78,0.0,0.0,0.0,0.0,0.0,0.0,0.0,0.0,0.0,0.0,0.0,0.0,0.0,0.0,0.0,0.0,0.0,0.0,0,,0,,0,0.0,0.0,0.0,,,0.0,,,0.0,0.0,0.0,0.0,1,100
S. Yajima,Gainare Tottori,Renofa Yamaguchi,"LDMF, LCMF, RCMF",32,400000,,36,3009,3,2.85,2,2.94,12.26,47.32,Japan,Japan,right,174,70,no,6.64,3.92,59.54,1.91,48.44,0.33,0.5,0.09,3.98,6.0,0.36,3,0.09,0,0.0,1.91,0.09,3,0.09,0.09,1,0.03,37,1.11,35.14,8.108,0.06,1.7,42.11,0.63,52.38,1.02,35.29,0.24,1.17,51.28,4.34,41.38,1.17,0.54,0.21,35.0,0.84,0.72,48.99,81.32,18.04,68.99,7.99,95.13,15.1,87.33,40.56,88.27,6.88,49.13,18.93,33.67,0.09,1.2,0.03,0.03,0.57,36.84,0.39,8.91,67.79,2.78,51.61,1.47,42.86,1.02,0.75,8.49,76.41,0,,0,,0,0.0,0.0,0.0,,,0.66,,,0.57,0.09,66.67,1.35,0,0
Tiago Alves,,Fagiano Okayama,CF,33,400000,,27,1661,6,8.03,1,2.11,25.85,27.88,Brazil,Brazil,left,181,72,no,3.63,3.58,33.33,5.47,18.81,0.22,0.31,0.11,2.22,3.15,2.06,4,0.22,1,0.05,2.93,0.33,6,0.33,0.43,0,0.0,57,3.09,36.84,10.526,0.05,0.87,12.5,0.43,12.5,0.43,12.5,0.05,4.44,37.8,11.0,33.5,2.98,0.76,1.03,7.48,1.46,1.73,9.92,56.28,2.38,43.18,1.9,82.86,2.87,54.72,8.51,61.15,0.65,41.67,16.91,16.43,0.11,0.76,0.0,0.0,0.11,0.0,0.38,0.98,33.33,1.03,42.11,0.16,66.67,0.54,0.05,0.98,50.0,0,,0,,0,0.0,0.0,0.0,,,0.05,,,0.11,0.11,50.0,0.05,2,0
K. Fujimura,Kagoshima United,Zweigen Kanazawa,"LCMF, DMF",32,400000,,39,3726,2,1.69,3,6.93,14.95,50.57,Japan,Japan,right,182,72,no,8.96,6.09,61.9,2.25,41.94,0.27,0.31,0.14,4.93,5.69,0.85,2,0.05,0,0.0,1.84,0.05,2,0.05,0.04,0,0.0,38,0.92,28.95,5.263,0.07,1.62,38.81,0.68,53.57,0.94,28.21,0.12,1.59,51.52,4.35,42.78,0.43,0.48,0.24,28.09,0.17,0.75,43.24,83.02,16.16,73.84,6.69,94.58,13.94,87.87,35.97,89.19,5.7,56.36,19.09,36.14,0.17,1.33,0.02,0.02,0.29,41.67,0.24,7.2,71.14,2.58,53.27,1.01,42.86,0.68,0.65,7.97,79.39,0,,0,,0,0.0,0.0,0.0,,,0.87,,,1.62,0.14,0.0,3.77,0,0
M. Okuyama,Vegalta Sendai,Machida Zelvia,"RB, LB",32,400000,,34,2744,1,0.22,2,0.76,15.48,59.96,Japan,Japan,right,173,70,no,10.46,7.51,69.87,2.85,55.17,0.52,0.66,0.2,4.69,5.92,0.62,4,0.13,0,0.0,1.18,0.03,1,0.03,0.01,0,0.0,9,0.3,11.11,11.111,0.07,1.48,42.22,0.0,0.0,1.48,42.22,0.07,0.79,62.5,2.76,45.24,0.3,0.46,0.07,17.25,0.79,0.56,31.29,75.26,13.78,61.9,4.13,95.24,9.84,87.0,24.47,83.24,5.41,47.88,21.68,34.64,0.03,0.26,0.03,0.03,0.07,50.0,0.2,6.0,62.3,2.03,48.39,0.56,35.29,0.39,0.62,7.67,70.94,0,,0,,0,0.0,0.0,0.0,,,0.98,,,0.0,0.0,0.0,0.0,0,0
Y. Yanagi,Tochigi SC,Fagiano Okayama,"CB, LCB, RCB",32,400000,2027-06-30,39,3809,4,5.08,3,1.41,17.46,64.01,Japan,Japan,right,188,86,no,8.81,5.08,69.3,8.86,64.8,0.14,0.19,0.69,5.15,6.91,0.99,3,0.07,0,0.0,0.61,0.09,4,0.09,0.12,4,0.09,32,0.76,53.13,12.5,0.07,0.09,0.0,0.02,0.0,0.07,0.0,0.0,0.26,72.73,0.71,53.33,1.28,0.24,0.05,26.84,0.28,0.52,41.3,85.41,17.72,73.2,1.37,93.1,18.52,95.79,34.97,91.62,6.24,51.89,22.88,43.53,0.03,0.14,0.0,0.0,0.02,100.0,0.07,4.58,55.15,0.4,23.53,0.33,0.0,0.19,0.0,7.11,63.12,0,,0,,0,0.0,0.0,0.0,,,0.83,,,0.02,0.0,0.0,0.0,0,0
K. Miyamoto,Ehime,Shimizu S-Pulse,"LDMF, LCMF",30,400000,,30,1537,0,0.92,0,0.52,12.94,49.77,Japan,Japan,right,177,73,no,8.78,5.5,63.83,1.99,41.18,0.47,0.74,0.47,4.8,7.59,0.94,1,0.06,0,0.0,0.64,0.0,0,0.0,0.05,0,0.0,13,0.76,7.69,0.0,0.0,0.23,0.0,0.06,0.0,0.18,0.0,0.06,0.59,50.0,2.69,28.26,0.7,0.18,0.06,40.58,0.12,0.64,52.47,88.95,17.92,78.76,5.68,96.91,19.97,94.43,48.19,91.74,4.1,60.0,17.33,25.58,0.03,0.59,0.06,0.12,0.53,55.56,0.18,8.9,79.61,1.29,68.18,1.11,31.58,0.88,0.0,7.2,80.49,0,,0,,0,0.0,0.0,0.0,,,0.29,,,0.0,0.0,0.0,0.0,0,0
Y. Kamiya,Fagiano Okayama,Shimizu S-Pulse,"LAMF, AMF, LW",29,400000,,23,946,3,1.7,3,1.25,16.46,36.42,Japan,Japan,right,174,67,no,4.85,3.81,62.5,1.24,30.77,0.48,0.69,0.1,2.0,2.92,1.05,2,0.19,0,0.0,4.0,0.29,3,0.29,0.16,0,0.0,22,2.09,31.82,13.636,0.29,2.19,52.17,0.38,50.0,1.81,52.63,0.19,4.19,45.45,9.32,29.59,1.81,1.81,1.05,31.3,1.71,0.48,36.25,84.25,7.71,70.37,8.18,96.51,12.37,83.85,32.54,88.6,1.62,41.18,17.43,20.43,0.12,1.43,0.1,0.0,0.48,60.0,0.38,3.71,76.92,2.66,42.86,0.57,50.0,0.38,1.14,4.85,72.55,0,,0,,0,0.0,0.0,0.0,,,0.0,,,1.81,0.19,0.0,2.85,0,0
Y. Konishi,Kashiwa Reysol,Montedio Yamagata,"RDMF, AMF, LDMF",28,400000,2027-06-30,24,1222,1,0.45,2,1.6,18.04,44.9,Japan,Japan,right,169,66,no,7.66,5.82,58.23,1.91,30.77,0.44,0.66,0.29,3.83,5.69,0.88,1,0.07,0,0.0,2.06,0.07,1,0.07,0.03,0,0.0,12,0.88,16.67,8.333,0.15,0.81,45.45,0.44,16.67,0.37,80.0,0.0,2.28,61.29,6.92,41.49,0.37,1.47,0.52,37.34,0.59,0.59,52.88,84.54,16.94,71.74,7.07,95.83,19.22,88.51,47.8,88.14,4.27,51.72,19.01,36.38,0.12,1.18,0.07,0.07,0.66,22.22,0.37,8.4,71.05,2.95,45.0,1.4,21.05,1.18,0.37,8.4,74.56,0,,0,,0,0.0,0.0,0.0,,,0.44,,,0.66,0.15,50.0,2.36,0,0
Y. Kitajima,Avispa Fukuoka,Tokyo Verdy,"LW, LAMF, AMF",25,400000,,28,1305,3,2.69,4,4.89,22.34,42.28,Japan,Japan,right,169,67,no,6.21,4.34,60.32,2.55,24.32,0.9,1.44,0.0,2.69,4.32,1.03,2,0.14,0,0.0,5.52,0.21,2,0.14,0.19,0,0.0,30,2.07,26.67,10.0,0.28,3.24,44.68,2.62,44.74,0.48,57.14,0.28,6.48,47.87,12.41,42.22,2.14,2.55,0.41,27.31,1.66,1.72,36.07,75.33,10.83,64.97,8.07,93.16,10.21,76.35,29.52,80.84,3.52,56.86,18.42,25.49,0.34,2.34,0.0,0.14,0.76,54.55,0.62,5.1,71.62,4.41,46.88,0.62,22.22,1.17,1.52,7.59,82.73,0,,0,,0,0.0,0.0,0.0,,,0.14,,,1.93,0.14,50.0,3.31,1,100
I. Takahashi,JEF United,JEF United,RB,28,400000,,31,2606,0,1.55,1,1.0,13.85,54.86,Japan,Japan,right,180,78,no,7.98,5.49,61.64,2.66,67.53,0.1,0.17,0.24,4.49,7.2,0.69,4,0.14,0,0.0,1.93,0.0,0,0.0,0.05,0,0.0,28,0.97,21.43,0.0,0.03,1.83,43.4,0.07,100.0,1.66,41.67,0.24,1.59,54.35,4.01,43.97,0.86,0.62,0.24,30.5,1.17,0.9,44.34,84.27,16.27,74.95,6.04,96.57,15.58,88.69,37.3,90.37,5.39,54.49,19.77,32.63,0.03,0.41,0.0,0.03,0.17,40.0,0.17,6.94,74.13,2.76,50.0,0.69,35.0,0.52,0.76,9.74,71.63,0,,0,,0,0.0,0.0,0.0,,,0.31,,,0.14,0.0,0.0,0.21,0,0
Derlan,Suwon,Oita Trinita,LCB,30,400000,,31,2518,0,2.61,0,0.48,16.8,58.94,Brazil,Brazil,left,187,80,no,9.19,4.86,66.18,7.43,62.5,0.14,0.22,0.54,5.83,9.11,1.25,7,0.25,0,0.0,0.57,0.0,0,0.0,0.09,0,0.0,20,0.71,30.0,0.0,0.0,0.71,30.0,0.64,27.78,0.07,50.0,0.0,0.29,37.5,1.61,42.22,0.93,0.61,0.04,34.24,0.29,0.64,49.22,84.31,22.77,73.31,3.0,95.24,19.59,94.53,41.71,90.75,6.79,50.53,21.04,35.46,0.02,0.18,0.0,0.0,0.07,50.0,0.11,6.83,60.21,1.32,43.24,0.68,63.16,0.54,0.25,10.4,67.35,0,,0,,0,0.0,0.0,0.0,,,1.86,,,0.0,0.0,0.0,0.0,0,0
Matheus Pereira,Oita Trinita,Oita Trinita,RCB,29,400000,,32,2883,2,2.29,0,0.2,16.26,58.93,Brazil,Brazil,right,184,83,no,8.49,5.34,64.33,5.15,54.55,0.5,0.85,0.47,4.56,7.74,1.12,8,0.25,1,0.03,0.94,0.06,2,0.06,0.07,2,0.06,22,0.69,18.18,9.091,0.0,0.62,35.0,0.0,0.0,0.62,35.0,0.06,0.75,79.17,2.4,63.64,0.75,0.37,0.06,38.99,0.25,1.28,54.79,88.89,17.67,76.33,5.12,96.34,26.04,96.52,50.7,92.55,3.47,45.05,19.58,34.75,0.01,0.12,0.03,0.03,0.09,0.0,0.03,5.93,73.68,1.06,41.18,0.37,33.33,0.22,0.25,7.18,66.96,0,,0,,0,0.0,0.0,0.0,,,2.0,,,0.0,0.0,0.0,0.0,0,0
N. Tsubaki,JEF United,JEF United,"LAMF, LW",25,400000,,25,1275,2,2.78,0,1.65,19.34,46.35,Japan,Japan,right,172,64,no,5.08,4.09,56.9,0.99,21.43,0.07,0.1,0.07,2.68,3.77,0.71,0,0.0,0,0.0,5.86,0.14,2,0.14,0.2,0,0.0,25,1.76,32.0,8.0,0.0,3.74,39.62,3.39,37.5,0.35,60.0,0.42,6.99,53.54,11.58,46.95,2.4,4.09,1.98,22.52,2.26,1.06,29.15,76.51,4.87,60.87,8.12,93.04,9.88,73.57,24.64,83.38,0.99,28.57,17.07,18.33,0.12,0.85,0.0,0.14,0.14,50.0,0.49,1.98,64.29,2.89,56.1,0.0,0.0,0.49,1.34,4.45,65.08,0,,0,,0,0.0,0.0,0.0,,,0.07,,,0.0,0.0,0.0,0.0,0,0
K. Takahata,V-Varen Nagasaki,Oita Trinita,"LB, LWB",25,400000,2027-06-30,38,2379,4,1.19,5,6.82,13.66,49.86,Japan,Japan,left,176,68,no,7.0,4.84,65.63,3.14,36.14,0.15,0.25,0.19,3.67,6.02,0.76,1,0.04,0,0.0,3.63,0.15,4,0.15,0.05,1,0.04,24,0.91,33.33,16.667,0.19,5.37,33.8,5.11,32.59,0.23,50.0,0.64,1.78,74.47,3.52,48.39,1.17,0.98,0.26,35.9,1.63,0.34,45.44,74.94,15.66,68.12,7.87,96.15,13.2,72.21,35.64,84.39,5.03,50.38,19.74,31.42,0.26,2.16,0.04,0.08,0.34,55.56,0.72,6.51,68.02,4.99,43.18,0.49,30.77,0.34,1.59,10.37,74.82,0,,0,,0,0.0,0.0,0.0,,,0.95,,,1.51,0.3,50.0,3.37,0,0
M. Kojima,RB Omiya Ardija,RB Omiya Ardija,"LCMF, CF",29,400000,,38,3435,0,1.57,2,2.67,13.02,49.09,Japan,Japan,left,178,73,no,5.9,4.72,57.78,2.02,44.16,0.24,0.31,0.21,2.93,3.83,0.84,5,0.13,0,0.0,1.76,0.0,0,0.0,0.04,0,0.0,25,0.66,24.0,0.0,0.05,0.84,34.38,0.71,33.33,0.1,25.0,0.24,1.73,62.12,4.53,47.4,0.86,1.05,0.47,29.79,0.37,0.79,42.05,86.6,11.48,72.6,8.46,97.52,13.05,91.37,39.04,89.66,2.23,51.76,16.48,31.05,0.07,0.58,0.0,0.0,0.79,30.0,0.34,5.21,74.37,1.89,40.28,1.07,31.71,0.76,0.29,5.0,67.54,0,,0,,0,0.0,0.0,0.0,,,0.16,,,0.08,0.0,0.0,0.1,0,0
A. Kurokawa,Ventforet Kofu,RB Omiya Ardija,"AMF, LCMF, RW",28,400000,,16,676,1,2.91,1,0.51,16.38,41.46,Japan,Japan,right,170,65,no,7.86,7.32,56.36,1.73,15.38,0.13,0.18,0.27,3.59,4.91,1.46,1,0.13,0,0.0,1.2,0.13,1,0.13,0.39,0,0.0,11,1.46,45.45,9.091,0.13,1.46,9.09,0.4,0.0,1.07,12.5,0.13,1.33,30.0,4.39,33.33,2.66,1.07,0.27,16.78,0.93,0.53,24.1,74.03,5.46,78.05,4.26,84.38,7.59,68.42,22.1,78.92,0.53,50.0,16.03,7.22,0.07,0.8,0.0,0.0,0.13,0.0,0.13,2.13,75.0,2.13,43.75,0.4,66.67,0.93,0.27,2.93,63.64,0,,0,,0,0.0,0.0,0.0,,,0.0,,,0.0,0.0,0.0,0.0,0,0
S. Hasukawa,Shimizu S-Pulse,Ventforet Kofu,"LCB, RCB",27,400000,,31,2789,0,0.33,0,0.12,12.78,55.81,Japan,Japan,right,182,82,no,7.23,4.13,61.72,3.36,55.77,0.61,0.76,0.9,4.07,5.04,0.77,1,0.03,0,0.0,0.45,0.0,0,0.0,0.01,0,0.0,2,0.06,50.0,0.0,0.0,0.19,50.0,0.06,50.0,0.1,33.33,0.0,0.65,50.0,2.78,47.67,0.39,1.32,0.87,30.37,0.35,1.29,42.5,88.08,14.88,73.32,2.39,95.95,20.65,96.88,38.4,93.53,3.94,36.07,21.46,40.97,0.0,0.06,0.0,0.0,0.0,0.0,0.06,4.74,65.99,0.35,36.36,0.16,40.0,0.1,0.1,5.68,60.23,0,,0,,0,0.0,0.0,0.0,,,1.26,,,0.0,0.0,0.0,0.0,0,0
T. Mase,Mito Hollyhock,Vegalta Sendai,"RB, RWB",28,400000,2028-06-30,18,1667,0,1.74,4,2.58,19.44,48.06,Japan,Japan,right,175,70,no,9.93,8.75,59.88,3.24,33.33,0.16,0.22,0.16,4.54,6.13,1.57,3,0.16,1,0.05,2.43,0.0,0,0.0,0.09,0,0.0,13,0.7,38.46,0.0,0.22,2.92,29.63,0.0,0.0,2.86,30.19,0.32,1.94,55.56,5.56,41.75,2.0,1.46,1.19,29.05,1.67,0.81,39.25,81.02,10.85,70.65,9.12,92.9,11.66,80.56,33.37,88.35,3.02,50.0,17.86,32.43,0.14,0.97,0.0,0.0,0.32,66.67,0.65,3.73,63.77,2.81,50.0,0.32,50.0,0.92,0.86,6.8,68.25,0,,0,,0,0.0,0.0,0.0,,,0.76,,,0.0,0.0,0.0,0.0,0,0
K. Matsuzaki,Shimizu S-Pulse,Vegalta Sendai,RW,28,400000,,11,774,0,0.9,1,0.55,18.37,37.34,Japan,Japan,left,172,70,no,5.35,5.81,54.0,0.93,12.5,0.12,0.16,0.12,2.09,2.83,1.16,2,0.23,0,0.0,4.07,0.0,0,0.0,0.1,0,0.0,8,0.93,37.5,0.0,0.12,3.6,48.39,0.12,100.0,3.49,46.67,0.35,3.84,42.42,9.77,32.14,2.44,3.26,1.05,19.88,1.4,1.74,26.05,79.91,5.47,63.83,6.86,94.92,8.72,77.33,20.7,87.64,2.33,55.0,18.99,38.02,0.06,0.47,0.12,0.12,0.7,50.0,0.23,2.79,62.5,3.72,56.25,0.58,20.0,1.16,1.4,4.65,87.5,0,,0,,0,0.0,0.0,0.0,,,0.12,,,0.0,0.0,0.0,0.58,0,0
N. Matsumoto,Sagan Tosu,Ventforet Kofu,"RDMF, RCMF",24,400000,,29,2413,1,1.5,1,1.05,16.19,54.15,Japan,Japan,right,171,66,no,11.23,6.97,68.45,2.24,50.0,0.86,1.0,0.48,5.59,6.55,1.42,2,0.07,0,0.0,1.04,0.04,1,0.04,0.06,0,0.0,22,0.82,22.73,4.545,0.04,0.52,50.0,0.34,33.33,0.15,75.0,0.11,1.04,53.57,3.21,44.19,0.48,0.3,0.15,26.63,0.15,0.67,40.62,81.18,14.02,63.83,6.19,98.19,13.58,88.19,36.51,85.8,3.62,38.14,17.96,32.69,0.04,0.48,0.04,0.0,0.15,25.0,0.15,5.97,65.0,1.27,47.06,0.6,18.75,0.45,0.26,5.82,58.97,0,,0,,0,0.0,0.0,0.0,,,0.37,,,0.22,0.04,0.0,0.41,0,0
J. Miyazaki,Tokushima Vortis,Ventforet Kofu,"RW, RAMF, LAMF",26,400000,2027-06-30,30,1521,3,1.4,0,1.01,22.84,36.79,Japan,Japan,right,173,66,no,6.8,7.51,60.63,1.83,29.03,0.12,0.15,0.0,2.13,2.64,1.48,3,0.18,0,0.0,2.96,0.18,3,0.18,0.08,0,0.0,29,1.72,34.48,10.345,0.0,2.54,18.6,0.65,18.18,1.89,18.75,0.12,3.91,45.45,9.88,27.54,1.83,2.13,1.3,18.76,1.24,0.89,25.62,72.98,5.74,64.95,6.86,93.1,6.33,62.62,21.18,82.96,2.01,32.35,16.72,24.08,0.06,0.83,0.12,0.0,0.36,33.33,0.24,1.95,63.64,2.37,37.5,0.41,28.57,0.36,0.47,3.25,61.82,0,,0,,0,0.0,0.0,0.0,,,0.0,,,0.0,0.0,0.0,0.18,0,0
Getúlio,Inter de Limeira,Ventforet Kofu,"LAMF, RAMF, LW",29,400000,,24,954,3,2.97,0,1.11,23.68,39.04,Brazil,Brazil,right,185,78,yes,8.87,7.08,52.0,8.21,34.48,0.38,0.47,0.09,4.81,6.0,1.23,2,0.19,0,0.0,1.89,0.28,3,0.28,0.28,1,0.09,19,1.79,26.32,15.789,0.0,0.85,44.44,0.47,40.0,0.38,50.0,0.19,2.08,50.0,5.09,38.89,2.74,0.57,0.19,8.02,1.13,0.85,14.53,68.83,4.53,56.25,2.17,95.65,4.15,65.91,12.83,72.06,0.85,44.44,16.93,13.0,0.1,0.75,0.09,0.0,0.28,0.0,0.28,1.89,45.0,0.85,55.56,0.47,20.0,0.38,0.38,2.83,76.67,0,,0,,0,0.0,0.0,0.0,,,0.0,,,0.0,0.0,0.0,0.0,0,0
T. Amagasa,JEF United,Thespa Gunma,RCMF,26,400000,,40,3240,1,1.2,0,0.9,15.69,47.61,Japan,Japan,left,176,70,no,8.14,6.94,56.8,1.47,37.74,0.28,0.32,0.36,3.92,4.54,0.89,8,0.22,0,0.0,1.11,0.03,1,0.03,0.03,0,0.0,39,1.08,23.08,2.564,0.0,0.78,42.86,0.58,47.62,0.17,33.33,0.14,1.14,46.34,4.39,39.87,0.31,0.86,0.64,29.47,0.17,0.94,39.67,87.18,8.53,68.73,10.0,95.83,14.28,92.8,36.92,89.69,1.97,57.75,16.94,29.39,0.03,0.36,0.0,0.03,0.06,0.0,0.14,3.61,70.0,1.03,45.95,0.25,33.33,0.11,0.36,4.31,60.65,0,,0,,0,0.0,0.0,0.0,,,0.61,,,0.0,0.0,0.0,0.03,0,0
R. Maeda,Ehime,Mito Hollyhock,"LCMF, RCMF",28,400000,,38,3333,0,0.94,0,1.46,15.88,47.28,Japan,Japan,right,171,64,no,9.37,7.48,58.84,2.0,39.19,0.22,0.29,0.27,4.75,6.28,1.4,4,0.11,1,0.03,1.08,0.0,0,0.0,0.03,0,0.0,12,0.32,25.0,0.0,0.0,0.51,31.58,0.16,50.0,0.27,20.0,0.08,1.05,61.54,3.51,38.46,0.3,0.41,0.14,30.59,0.16,0.49,46.34,87.47,13.83,74.61,7.91,97.61,16.47,91.97,42.15,90.39,3.67,61.76,17.3,30.5,0.04,0.57,0.14,0.05,0.35,53.85,0.19,6.75,76.8,1.51,55.36,0.73,48.15,0.65,0.24,7.13,77.27,0,,0,,0,0.0,0.0,0.0,,,0.38,,,0.0,0.0,0.0,0.05,0,0
S. Sakuragawa,Cerezo Osaka,Fagiano Okayama,CF,24,400000,,29,2088,4,12.12,2,1.67,39.4,36.21,Japan,Japan,right,190,94,no,4.01,3.19,52.7,13.06,39.93,0.13,0.18,0.34,2.2,3.1,1.68,3,0.13,0,0.0,3.28,0.17,3,0.13,0.52,1,0.04,55,2.37,45.45,7.273,0.09,0.69,31.25,0.04,0.0,0.65,33.33,0.04,3.32,57.14,14.74,31.58,3.75,0.86,0.3,8.88,2.11,1.34,15.69,66.48,4.27,46.46,3.58,85.54,4.31,74.0,14.53,69.44,0.56,30.77,14.53,12.23,0.07,0.39,0.09,0.0,0.17,50.0,0.22,2.07,45.83,0.95,27.27,0.17,25.0,0.52,0.17,1.42,51.52,0,,0,,0,0.0,0.0,0.0,,,0.0,,,0.0,0.0,0.0,0.0,2,50
D. Ishikawa,JEF United,Roasso Kumamoto,CF,30,400000,,17,1417,9,4.97,1,0.93,20.2,33.65,Japan,Japan,right,178,73,no,3.94,3.75,47.46,3.94,22.58,0.19,0.27,0.0,1.97,2.78,1.4,1,0.06,0,0.0,2.29,0.57,9,0.57,0.32,1,0.06,41,2.6,48.78,21.951,0.06,0.38,50.0,0.0,0.0,0.38,50.0,0.06,1.33,61.9,7.62,32.5,4.26,0.7,0.0,16.96,2.22,1.08,21.21,82.34,3.43,64.81,7.56,90.76,5.02,84.81,20.58,83.64,0.25,25.0,13.11,7.51,0.06,0.7,0.06,0.06,0.06,0.0,0.19,0.89,71.43,0.76,75.0,0.13,0.0,0.89,0.13,1.02,50.0,0,,0,,0,0.0,0.0,0.0,,,0.0,,,0.0,0.0,0.0,0.0,0,0
S. Kamimura,Roasso Kumamoto,Roasso Kumamoto,"DMF, LCMF, RCMF",30,400000,,40,3732,2,2.32,2,1.18,14.76,56.21,Japan,Japan,right,165,63,no,10.25,6.32,70.23,1.16,41.67,0.58,0.8,0.29,5.23,7.22,0.53,5,0.12,0,0.0,0.84,0.05,2,0.05,0.06,0,0.0,44,1.06,25.0,4.545,0.05,0.29,16.67,0.12,20.0,0.12,20.0,0.07,1.06,45.45,4.32,45.81,0.55,0.27,0.1,48.06,0.12,1.21,63.01,90.05,19.65,79.51,9.24,97.13,20.81,95.13,58.94,93.45,3.81,42.41,15.73,34.16,0.03,0.43,0.02,0.02,0.17,28.57,0.12,8.63,76.82,1.04,46.51,0.68,39.29,0.51,0.02,7.04,69.18,0,,0,,0,0.0,0.0,0.0,,,0.36,,,0.05,0.0,0.0,0.02,0,0
Abe,Fagiano Okayama,Blaublitz Akita,RCB,26,400000,,35,3388,1,2.69,0,0.42,13.73,60.15,Japan,Japan,right,183,75,no,8.9,4.68,70.45,5.55,57.42,0.16,0.21,0.45,5.45,7.06,0.43,3,0.08,0,0.0,0.48,0.03,1,0.03,0.07,0,0.0,26,0.69,26.92,3.846,0.0,0.4,46.67,0.13,40.0,0.21,50.0,0.0,0.24,44.44,0.96,33.33,1.09,0.05,0.0,3.8,0.11,0.35,16.15,63.98,11.08,58.75,1.22,89.13,2.47,74.19,9.32,73.5,6.43,51.24,24.11,35.6,0.01,0.19,0.0,0.0,0.0,0.0,0.11,4.76,53.63,0.72,62.96,0.24,44.44,0.35,0.19,6.24,65.11,0,,0,,0,0.0,0.0,0.0,,,0.82,,,0.0,0.0,0.0,0.0,0,0
Y. Wakasa,Renofa Yamaguchi,Fagiano Okayama,"DMF, RCMF, LCMF",30,400000,,29,2396,0,0.18,3,1.51,13.22,50.57,Japan,Japan,right,170,69,no,6.95,5.22,61.87,2.59,42.03,0.34,0.46,0.26,3.38,4.65,1.2,3,0.11,0,0.0,0.9,0.0,0,0.0,0.01,0,0.0,9,0.34,0.0,0.0,0.11,0.53,57.14,0.34,44.44,0.19,80.0,0.0,0.9,50.0,3.23,41.86,0.3,0.64,0.04,29.11,0.11,0.86,41.62,84.12,14.65,68.97,6.39,97.06,13.22,92.61,35.53,89.53,5.63,52.67,18.3,36.07,0.06,0.45,0.0,0.0,0.3,50.0,0.26,7.89,66.67,1.95,50.0,1.24,39.39,0.9,0.26,7.14,74.21,0,,0,,0,0.0,0.0,0.0,,,0.49,,,0.04,0.0,0.0,0.0,0,0
T. Kawano,JEF United,Blaublitz Akita,LCB,30,400000,2028-06-30,40,3937,2,2.21,0,0.35,17.24,59.68,Japan,Japan,right,186,85,no,8.02,4.02,75.57,9.17,53.62,0.21,0.26,0.43,4.78,6.09,0.55,2,0.05,0,0.0,0.32,0.05,2,0.05,0.05,1,0.02,24,0.55,33.33,8.333,0.0,0.11,40.0,0.05,50.0,0.07,33.33,0.02,0.18,50.0,0.71,41.94,1.23,0.07,0.02,4.25,0.18,0.41,16.62,65.61,10.49,61.44,1.03,84.44,3.7,75.93,10.79,72.88,5.72,52.4,24.94,39.66,0.01,0.09,0.0,0.02,0.02,0.0,0.05,4.66,58.82,0.41,27.78,0.18,12.5,0.21,0.07,6.36,61.87,0,,0,,0,0.0,0.0,0.0,,,0.5,,,0.0,0.0,0.0,0.0,0,0
K. Mori,Yokohama,Tokushima Vortis,CF,26,400000,2026-06-30,37,2547,13,9.79,2,1.9,20.35,30.21,Japan,Japan,right,185,80,no,2.19,2.26,34.38,6.68,28.57,0.25,0.35,0.14,1.17,1.67,1.13,1,0.04,0,0.0,2.26,0.46,11,0.39,0.35,2,0.07,56,1.98,46.43,23.214,0.07,0.53,0.0,0.11,0.0,0.42,0.0,0.04,2.05,65.52,7.28,34.95,3.04,0.95,0.28,9.15,1.52,1.13,11.17,74.05,1.7,50.0,4.2,94.96,2.37,67.16,10.53,78.19,0.18,20.0,14.64,6.75,0.07,0.46,0.04,0.0,0.11,0.0,0.28,0.49,92.86,0.81,47.83,0.11,0.0,0.64,0.04,0.88,48.0,0,,0,,0,0.0,0.0,0.0,,,0.0,,,0.0,0.0,0.0,0.0,2,100
H. Shirowa,Montedio Yamagata,Thespa Gunma,LCB,27,400000,,26,1944,0,1.06,1,0.58,9.03,63.59,Japan,Japan,right,187,77,no,6.39,2.04,68.18,5.42,64.1,0.05,0.06,0.88,4.95,5.98,0.14,1,0.05,0,0.0,0.37,0.0,0,0.0,0.05,0,0.0,10,0.46,20.0,0.0,0.05,0.23,60.0,0.09,50.0,0.14,66.67,0.05,0.19,75.0,0.32,42.86,0.65,0.42,0.0,46.2,0.28,0.09,61.34,93.21,18.33,82.58,1.57,97.06,28.7,97.74,57.55,95.82,3.56,53.25,15.06,26.2,0.03,0.28,0.0,0.0,0.0,0.0,0.14,2.08,53.33,0.42,44.44,0.09,0.0,0.19,0.14,4.86,53.33,0,,0,,0,0.0,0.0,0.0,,,0.79,,,0.0,0.0,0.0,0.0,0,0
T. Sugimoto,Tokushima Vortis,Tokushima Vortis,"LCMF, AMF",30,400000,,34,2284,1,2.91,0,1.21,20.02,50.39,Japan,Japan,right,162,62,no,7.09,6.74,61.99,1.22,25.81,0.71,1.05,0.16,2.21,3.26,1.42,5,0.2,1,0.04,2.8,0.04,1,0.04,0.11,0,0.0,30,1.18,26.67,3.333,0.0,1.1,42.86,0.79,40.0,0.28,42.86,0.08,2.92,62.16,8.51,49.07,1.34,1.54,0.51,31.37,0.83,2.09,40.0,86.5,11.15,75.62,7.72,93.88,13.28,90.5,36.96,89.98,1.93,44.9,16.29,27.84,0.05,0.47,0.04,0.08,0.39,50.0,0.28,5.0,82.68,2.6,56.06,0.55,21.43,1.1,0.47,5.6,78.17,0,,0,,0,0.0,0.0,0.0,,,0.2,,,0.0,0.0,0.0,0.04,0,0
K. Yamura,Fujieda MYFC,Fujieda MYFC,CF,29,400000,2027-06-30,38,1674,9,7.55,2,1.46,20.7,30.13,Japan,Japan,right,169,69,no,4.03,3.71,52.17,4.41,18.29,0.32,0.44,0.11,1.77,2.42,1.4,2,0.11,0,0.0,2.8,0.48,8,0.43,0.41,0,0.0,59,3.17,44.07,15.254,0.11,0.48,22.22,0.27,20.0,0.22,25.0,0.05,2.31,55.81,8.01,30.2,3.28,0.7,0.22,11.77,1.99,0.97,13.76,78.91,3.01,69.64,4.41,89.02,2.85,66.04,12.96,82.57,0.38,28.57,12.49,5.34,0.08,0.54,0.0,0.0,0.11,0.0,0.27,1.29,75.0,0.86,31.25,0.16,0.0,0.59,0.11,1.24,65.22,0,,0,,0,0.0,0.0,0.0,,,0.16,,,0.0,0.0,0.0,0.0,1,100
H. Kato,RB Omiya Ardija,V-Varen Nagasaki,"LB, LW",24,400000,2027-06-30,5,161,0,0.01,1,0.74,17.33,51.61,Japan,Japan,left,171,64,no,7.83,4.47,75.0,3.35,16.67,0.56,0.79,0.0,3.91,5.53,2.24,0,0.0,0,0.0,3.35,0.0,0,0.0,0.01,0,0.0,1,0.56,0.0,0.0,0.56,2.24,50.0,2.24,50.0,0.0,0.0,0.56,2.24,100.0,5.59,50.0,0.56,2.8,1.68,19.57,0.0,2.24,30.75,65.45,12.86,47.83,5.59,90.0,8.39,73.33,25.16,73.33,3.35,16.67,17.99,12.94,0.41,2.8,0.0,0.0,0.0,0.0,0.56,6.15,45.45,2.24,50.0,0.0,0.0,0.0,1.12,8.94,50.0,0,,0,,0,0.0,0.0,0.0,,,0.56,,,2.24,0.0,0.0,1.12,0,0
J. Ikeda,Avispa Fukuoka,Machida Zelvia,LCB,29,400000,2026-06-30,23,2127,1,2.13,0,0.11,14.39,65.88,Japan,Japan,left,186,74,no,7.83,4.27,75.25,6.64,63.06,0.47,0.63,0.51,4.15,5.58,0.8,0,0.0,0,0.0,0.3,0.04,1,0.04,0.09,1,0.04,18,0.76,16.67,5.556,0.0,0.21,40.0,0.21,40.0,0.0,0.0,0.04,0.13,66.67,0.76,61.11,1.35,0.04,0.0,16.12,0.17,0.34,27.59,78.07,13.29,64.65,1.35,84.38,10.45,92.71,22.51,84.59,4.87,49.57,22.76,40.56,0.0,0.13,0.0,0.0,0.0,0.0,0.04,4.19,53.54,0.51,41.67,0.42,10.0,0.21,0.08,5.88,61.87,0,,0,,0,0.0,0.0,0.0,,,0.47,,,0.04,0.0,0.0,0.0,0,0
T. Abe,Tegevajaro Miyazaki,Tokushima Vortis,"LCB, LB",28,400000,2027-06-30,28,2570,3,2.65,2,0.66,16.84,54.89,Japan,Japan,left,180,74,no,8.51,6.34,66.3,3.26,49.46,0.39,0.57,0.39,3.92,5.85,0.91,6,0.21,0,0.0,1.75,0.11,3,0.11,0.09,2,0.07,13,0.46,61.54,23.077,0.07,0.77,45.45,0.77,45.45,0.0,0.0,0.18,1.75,64.0,3.96,52.21,0.88,1.19,0.14,43.91,0.49,1.54,57.12,85.65,23.71,74.89,4.59,96.18,24.2,94.65,49.2,91.32,7.21,50.97,21.64,40.54,0.02,0.28,0.04,0.0,0.04,0.0,0.21,7.7,68.18,0.98,46.43,0.39,36.36,0.25,0.35,10.96,65.18,0,,0,,0,0.0,0.0,0.0,,,1.37,,,0.0,0.0,0.0,0.0,0,0
R. Shirasaki,Machida Zelvia,Shimizu S-Pulse,"RDMF, RCMF",33,350000,,37,3262,3,2.5,1,2.95,12.42,56.0,Japan,Japan,right,181,70,no,7.42,4.47,64.81,2.21,67.5,0.58,0.94,0.25,3.95,6.38,0.97,8,0.22,0,0.0,1.02,0.08,3,0.08,0.07,0,0.0,34,0.94,26.47,8.824,0.03,0.91,39.39,0.14,40.0,0.74,40.74,0.11,0.83,43.33,3.23,40.17,1.3,0.61,0.08,38.43,0.39,0.66,50.52,90.44,16.44,83.39,7.06,96.88,17.88,94.91,46.55,92.89,3.12,68.14,16.87,33.55,0.08,1.02,0.0,0.0,0.22,25.0,0.33,8.5,87.34,1.68,59.02,0.58,28.57,0.91,0.25,7.92,86.41,0,,0,,0,0.0,0.0,0.0,,,0.5,,,0.0,0.0,0.0,0.0,0,0
Y. Takahashi,Shimizu S-Pulse,Shimizu S-Pulse,"RCB, CB",33,350000,,39,3399,1,3.32,0,0.58,12.97,66.53,Japan,Japan,right,187,80,no,7.6,4.58,71.1,5.61,66.04,0.42,0.66,0.64,3.92,6.09,0.74,5,0.13,0,0.0,0.24,0.03,1,0.03,0.09,1,0.03,23,0.61,17.39,4.348,0.0,0.11,50.0,0.03,0.0,0.08,66.67,0.0,0.11,50.0,0.61,56.52,0.98,0.5,0.0,36.7,0.26,0.29,49.44,90.95,16.15,80.66,1.69,98.44,27.54,96.54,44.46,95.06,4.87,54.35,21.58,41.82,0.02,0.08,0.03,0.05,0.03,100.0,0.05,5.85,69.23,0.42,43.75,0.29,36.36,0.16,0.05,6.88,77.31,0,,0,,0,0.0,0.0,0.0,,,1.17,,,0.0,0.0,0.0,0.0,0,0
Y. Suzuki,Kyoto Sanga,Shimizu S-Pulse,LCB,33,350000,,42,4046,2,1.46,3,0.52,15.06,60.12,Japan,Japan,right,184,72,no,8.01,5.18,63.95,5.58,61.75,0.11,0.17,0.6,4.58,7.09,0.93,1,0.02,0,0.0,0.2,0.04,2,0.04,0.03,2,0.04,10,0.22,30.0,20.0,0.07,0.07,33.33,0.07,33.33,0.0,0.0,0.0,0.18,62.5,1.42,45.31,0.49,0.36,0.02,37.86,0.36,0.89,50.65,92.67,19.22,86.69,1.33,91.67,24.34,97.35,46.31,95.1,4.27,67.19,19.1,36.34,0.01,0.11,0.0,0.0,0.02,0.0,0.07,5.07,81.58,0.27,58.33,0.4,38.89,0.11,0.02,6.07,71.79,0,,0,,0,0.0,0.0,0.0,,,0.6,,,0.0,0.0,0.0,0.0,0,0
T. Kato,Zweigen Kanazawa,Zweigen Kanazawa,"LW, LAMF",33,350000,,35,1841,5,5.0,2,1.1,19.85,40.64,Japan,Japan,left,170,67,no,6.89,5.48,61.61,3.37,42.03,0.39,0.51,0.1,3.13,4.07,0.88,2,0.1,0,0.0,2.64,0.24,5,0.24,0.24,1,0.05,29,1.42,34.48,17.241,0.1,3.08,26.98,2.98,26.23,0.1,50.0,0.15,2.44,52.0,8.75,30.73,2.2,1.08,0.59,17.65,1.47,0.88,24.05,72.76,6.7,66.42,6.26,93.75,5.52,64.6,20.09,81.27,0.93,36.84,15.59,13.58,0.05,0.44,0.05,0.05,0.44,11.11,0.24,2.05,64.29,2.44,48.0,0.54,9.09,0.34,0.78,3.86,73.42,0,,0,,0,0.0,0.0,0.0,,,0.1,,,0.0,0.0,0.0,0.05,0,0
K. Kazama,Tampines Rovers,JEF United,"AMF, CF",33,350000,2027-06-30,39,2212,4,2.67,1,3.86,15.38,42.06,Japan,Japan,right,180,74,no,4.88,4.76,52.14,1.95,33.33,0.33,0.51,0.16,2.08,3.23,1.02,1,0.04,0,0.0,2.52,0.16,4,0.16,0.11,0,0.0,33,1.34,39.39,12.121,0.04,2.08,37.25,0.37,66.67,1.71,30.95,0.24,1.83,51.11,6.67,39.02,2.85,1.38,0.2,31.17,1.55,0.77,42.07,80.75,11.51,68.2,9.97,94.29,12.12,78.52,37.19,86.0,2.93,43.06,17.11,27.62,0.16,1.38,0.16,0.0,0.77,36.84,0.65,6.1,68.0,3.66,51.11,1.02,20.0,1.63,0.77,6.27,83.12,0,,0,,0,0.0,0.0,0.0,,,0.12,,,0.28,0.08,100.0,0.94,0,0
Y. Kobayashi,JEF United,JEF United,"RDMF, RCMF, LCMF",31,350000,,32,2464,0,0.22,0,0.83,12.46,61.88,Japan,Japan,right,171,65,no,9.72,6.14,69.64,1.21,45.45,0.18,0.25,0.37,5.26,7.28,0.88,2,0.07,0,0.0,0.77,0.0,0,0.0,0.01,0,0.0,6,0.22,16.67,0.0,0.0,0.15,50.0,0.04,100.0,0.11,33.33,0.0,0.58,81.25,2.59,56.34,0.18,0.58,0.04,29.95,0.11,0.69,45.91,89.1,14.65,78.55,6.06,95.18,18.19,95.58,41.75,92.21,4.02,58.18,17.59,30.48,0.03,0.33,0.0,0.0,0.26,71.43,0.15,8.22,80.0,0.77,61.9,0.47,53.85,0.55,0.07,7.6,76.92,0,,0,,0,0.0,0.0,0.0,,,0.73,,,0.0,0.0,0.0,0.0,0,0
J. Nodake,Oita Trinita,Oita Trinita,"RCMF, RB",31,350000,,32,2498,1,1.24,6,2.09,16.9,48.4,Japan,Japan,right,177,70,no,7.42,5.98,59.04,1.87,34.62,0.5,0.86,0.32,3.39,5.77,1.26,2,0.07,0,0.0,2.02,0.04,1,0.04,0.04,0,0.0,17,0.61,11.76,5.882,0.22,1.8,48.0,0.36,70.0,1.44,42.5,0.43,1.87,55.77,6.2,40.12,0.9,0.94,0.18,28.43,0.58,1.41,37.83,86.29,10.84,74.75,7.42,95.15,13.37,90.03,33.76,90.39,2.34,53.85,16.99,28.51,0.08,0.54,0.04,0.04,0.14,25.0,0.25,4.79,73.68,1.84,43.14,0.4,27.27,0.18,0.79,4.61,71.88,0,,0,,0,0.0,0.0,0.0,,,0.76,,,0.0,0.0,0.0,0.0,0,0
R. Matsuda,BG Pathum United,Ventforet Kofu,RB,34,350000,2026-06-30,12,1019,0,0.35,0,0.84,12.01,55.88,Japan,Japan,right,171,69,no,5.83,4.95,58.93,1.68,36.84,0.09,0.1,0.35,2.83,3.29,0.26,0,0.0,0,0.0,2.91,0.0,0,0.0,0.03,0,0.0,9,0.79,22.22,0.0,0.0,3.97,37.78,0.0,0.0,3.97,37.78,0.26,1.68,73.68,2.91,66.67,0.71,0.79,0.26,25.53,1.94,0.79,37.27,69.67,13.95,60.13,3.8,86.05,15.1,73.1,26.76,80.86,6.89,43.59,22.73,41.31,0.07,0.53,0.0,0.0,0.35,0.0,0.71,7.07,48.75,4.59,32.69,1.24,21.43,0.44,1.5,9.8,72.07,0,,0,,0,0.0,0.0,0.0,,,0.35,,,0.0,0.0,0.0,0.0,0,0
M. Nakayama,Criacao Shinjuku,Vegalta Sendai,CF,34,350000,2027-06-30,26,1262,2,5.52,0,1.02,31.59,30.25,Japan,Japan,left,180,73,no,3.64,3.85,40.74,11.34,28.93,0.36,0.5,0.07,1.71,2.42,2.85,6,0.43,0,0.0,1.5,0.14,1,0.07,0.39,0,0.0,29,2.07,13.79,6.897,0.0,0.57,25.0,0.14,50.0,0.43,16.67,0.0,1.71,62.5,11.41,28.13,3.64,0.57,0.14,10.13,1.78,1.14,15.76,79.64,2.92,63.41,3.78,94.34,3.85,75.93,14.9,81.82,0.36,60.0,13.87,5.97,0.07,0.57,0.0,0.0,0.0,0.0,0.29,1.14,62.5,0.78,63.64,0.07,0.0,0.78,0.14,1.5,71.43,0,,0,,0,0.0,0.0,0.0,,,0.0,,,0.0,0.0,0.0,0.0,1,100
Y. Koide,Ventforet Kofu,Vegalta Sendai,"RB, RCB",31,350000,,32,2814,0,0.34,1,0.55,16.09,56.26,Japan,Japan,right,180,76,no,9.82,7.68,67.5,2.91,47.25,0.61,0.83,0.42,4.03,5.53,0.9,7,0.22,0,0.0,0.74,0.0,0,0.0,0.01,0,0.0,5,0.16,0.0,0.0,0.03,0.93,34.48,0.03,0.0,0.9,35.71,0.0,0.74,56.52,2.85,39.33,0.48,0.7,0.13,31.86,0.54,0.7,46.15,82.19,18.9,73.6,4.73,91.89,16.6,89.98,40.55,87.54,4.77,44.3,19.52,35.0,0.02,0.38,0.03,0.1,0.13,0.0,0.13,5.53,60.12,1.18,48.65,0.26,37.5,0.35,0.32,8.76,64.23,0,,0,,0,0.0,0.0,0.0,,,1.09,,,0.03,0.0,0.0,0.0,0,0
Y. Omoto,Roasso Kumamoto,Roasso Kumamoto,"RWB, RW, RCMF",31,350000,,27,2073,3,3.08,1,2.75,13.72,55.38,Japan,Japan,right,176,69,no,5.95,5.21,70.83,0.96,36.36,0.09,0.12,0.09,2.17,3.11,0.56,2,0.09,0,0.0,4.38,0.13,3,0.13,0.13,0,0.0,24,1.04,33.33,12.5,0.04,4.21,41.24,0.04,0.0,4.08,41.49,0.96,3.52,64.2,5.73,50.76,1.74,2.43,1.09,45.93,2.08,0.65,55.79,85.53,12.81,77.29,14.11,95.69,16.24,83.16,48.93,91.04,3.04,54.29,16.43,32.3,0.12,1.26,0.09,0.0,0.13,33.33,0.69,4.86,78.57,3.78,44.83,0.43,60.0,0.69,1.56,8.64,78.89,0,,0,,0,0.0,0.0,0.0,,,0.17,,,0.0,0.0,0.0,0.0,1,0
T. Fujiyama,Blaublitz Akita,Blaublitz Akita,"RCMF, LCMF",32,350000,,42,3975,1,1.57,1,2.9,14.29,57.84,Japan,Japan,right,168,66,no,9.06,5.52,70.9,3.6,55.97,0.29,0.38,0.25,4.85,6.23,0.63,3,0.07,0,0.0,0.88,0.02,1,0.02,0.04,1,0.02,20,0.45,20.0,5.0,0.02,1.06,31.91,0.5,27.27,0.57,36.0,0.16,0.82,55.56,2.47,42.2,0.91,0.25,0.16,9.24,0.32,0.86,23.57,73.29,10.82,65.69,2.94,90.77,5.5,75.72,19.22,79.03,3.31,52.74,17.14,28.05,0.07,0.68,0.05,0.0,0.09,0.0,0.2,4.48,62.63,1.92,44.71,0.18,25.0,0.48,0.34,4.37,66.84,0,,0,,0,0.0,0.0,0.0,,,0.25,,,0.43,0.02,0.0,0.88,0,0
M. Kushibiki,Reilac Shiga,Thespa Gunma,GK,33,350000,,42,4083,0,0.0,0,0.0,0.86,84.62,Japan,Japan,right,186,85,no,1.34,0.11,60.0,0.48,90.91,0.0,0.0,0.0,1.28,1.49,0.02,0,0.0,0,0.0,0.0,0.0,0,0.0,0.0,0,0.0,0,0.0,0.0,0.0,0.0,0.0,0.0,0.0,0.0,0.0,0.0,0.0,0.0,0.0,0.2,77.78,0.0,0.0,0.0,7.49,0.04,0.26,13.03,77.83,7.27,64.85,0.07,66.67,4.1,94.09,7.76,95.74,5.11,53.02,30.55,46.67,0.0,0.0,0.0,0.0,0.0,0.0,0.0,1.68,35.53,0.18,0.0,0.22,10.0,0.0,0.0,3.57,59.88,44,0.97,196,4.32,16,77.55,60.34,1.33,16.34,0.36,0.0,1.3,0.48,,,,0.0,0,0
M. Yoshioka,Blaublitz Akita,Renofa Yamaguchi,"RWB, RW, RAMF",31,350000,,36,2532,1,1.81,2,2.57,22.54,48.74,Japan,Japan,left,163,60,no,8.74,8.5,58.58,2.99,42.86,0.39,0.61,0.14,3.38,5.26,1.6,1,0.04,0,0.0,4.23,0.04,1,0.04,0.06,0,0.0,22,0.78,36.36,4.545,0.07,3.8,40.19,1.03,27.59,2.74,44.16,0.46,4.12,49.14,8.74,45.12,1.39,1.78,0.78,26.98,2.35,1.35,39.17,78.13,9.6,63.33,9.95,95.71,11.37,72.19,33.34,83.9,2.2,54.84,16.78,25.53,0.09,1.1,0.0,0.04,0.6,64.71,0.5,3.52,60.61,4.51,53.54,0.57,43.75,1.1,1.46,6.54,74.46,0,,0,,0,0.0,0.0,0.0,,,0.28,,,0.11,0.0,0.0,0.82,0,0
J. Ikegami,Renofa Yamaguchi,Renofa Yamaguchi,"AMF, RCMF",31,350000,,29,1839,5,2.82,1,3.32,11.11,40.09,Japan,Japan,right,168,64,no,3.96,3.62,50.0,1.57,34.38,0.34,0.54,0.1,1.81,2.85,1.03,4,0.2,0,0.0,1.42,0.24,5,0.24,0.14,0,0.0,23,1.13,47.83,21.739,0.05,1.17,50.0,0.39,75.0,0.78,37.5,0.0,0.88,27.78,4.21,34.88,1.17,0.69,0.2,20.95,0.64,0.78,28.34,86.01,6.07,67.74,8.47,96.53,7.83,84.38,25.15,91.83,2.1,34.88,15.55,29.54,0.16,1.37,0.05,0.05,0.2,25.0,0.24,2.59,66.04,1.42,51.72,0.34,42.86,0.34,0.64,3.28,67.16,0,,0,,0,0.0,0.0,0.0,,,0.0,,,1.47,0.24,60.0,3.23,0,0
J. Kato,Imabari,Zweigen Kanazawa,"LW, RW, AMF",31,350000,,39,3027,9,11.2,1,2.15,20.04,40.95,Japan,Japan,right,166,62,no,6.96,5.47,57.07,2.53,25.88,0.39,0.44,0.03,3.45,3.93,1.04,3,0.09,0,0.0,2.82,0.27,9,0.27,0.33,1,0.03,61,1.81,44.26,14.754,0.03,1.49,30.0,0.89,26.67,0.59,35.0,0.15,2.68,48.89,8.47,36.49,2.77,1.58,0.83,25.27,0.92,1.46,35.77,79.63,10.64,64.8,9.25,92.28,8.71,84.64,32.47,83.88,1.87,44.44,16.19,29.29,0.06,0.74,0.03,0.06,0.71,37.5,0.3,4.25,63.64,2.41,58.02,0.74,24.0,1.16,0.45,4.79,73.91,0,,0,,0,0.0,0.0,0.0,,,0.06,,,0.0,0.0,0.0,0.09,1,0
K. Okuda,Mito Hollyhock,Zweigen Kanazawa,"CF, RW, LAMF",31,350000,,38,2422,5,3.44,2,2.31,17.39,47.01,Japan,Japan,right,181,72,no,6.28,5.61,67.55,2.12,28.07,0.04,0.04,0.0,2.45,2.87,0.71,1,0.04,0,0.0,1.9,0.19,5,0.19,0.13,0,0.0,21,0.78,42.86,23.81,0.07,1.23,39.39,0.59,43.75,0.63,35.29,0.26,1.82,55.1,7.39,38.69,2.75,1.26,0.56,18.1,0.74,1.37,27.94,82.31,6.43,71.68,7.28,93.88,7.36,82.83,26.01,85.57,0.74,35.0,14.97,12.07,0.09,0.89,0.04,0.0,0.3,25.0,0.37,2.27,80.33,1.75,59.57,0.33,22.22,0.82,0.56,3.27,68.18,0,,0,,0,0.0,0.0,0.0,,,0.04,,,0.0,0.0,0.0,0.0,0,0
Edigar Junio,Imabari,V-Varen Nagasaki,CF,35,350000,,10,574,2,2.55,1,0.28,31.99,33.33,Brazil,Brazil,right,174,72,no,4.23,4.08,69.23,7.84,24.0,0.16,0.19,0.16,1.25,1.55,0.94,0,0.0,0,0.0,2.51,0.31,1,0.16,0.4,1,0.16,12,1.88,41.67,16.667,0.16,0.47,100.0,0.16,100.0,0.31,100.0,0.16,3.45,36.36,15.37,30.61,2.51,0.31,0.31,7.84,1.1,2.04,15.68,81.0,2.2,78.57,5.49,85.71,3.76,75.0,14.43,81.52,0.78,60.0,14.53,14.58,0.04,0.16,0.16,0.0,0.16,0.0,0.16,2.04,76.92,1.1,57.14,0.31,50.0,0.47,0.47,2.35,73.33,0,,0,,0,0.0,0.0,0.0,,,0.0,,,0.0,0.0,0.0,0.0,1,100
H. Akino,Avispa Fukuoka,V-Varen Nagasaki,"LDMF, RDMF, DMF",31,350000,,14,616,0,0.49,0,0.1,10.08,53.62,Japan,Japan,left,176,68,no,7.45,3.51,70.83,3.36,52.17,0.29,0.43,0.44,4.68,6.81,0.29,0,0.0,1,0.15,0.73,0.0,0,0.0,0.07,0,0.0,5,0.73,20.0,0.0,0.0,0.58,75.0,0.15,100.0,0.44,66.67,0.0,0.44,33.33,1.61,36.36,0.58,0.15,0.0,22.06,0.15,0.15,32.73,81.7,11.83,70.37,2.78,89.47,13.59,87.1,28.2,86.53,3.94,48.15,18.29,24.36,0.01,0.29,0.15,0.0,0.0,0.0,0.15,4.82,69.7,2.05,64.29,0.29,0.0,1.02,0.44,6.57,64.44,0,,0,,0,0.0,0.0,0.0,,,0.29,,,0.44,0.0,0.0,0.15,0,0
D. Takagi,Ryūkyū,Renofa Yamaguchi,"RB, RWB, RW",30,350000,,19,743,1,1.12,1,0.84,15.99,50.76,Japan,Japan,right,170,70,no,8.84,5.33,68.18,3.88,28.13,0.36,0.55,0.24,4.85,7.27,0.85,1,0.12,0,0.0,2.3,0.12,0,0.0,0.14,0,0.0,6,0.73,33.33,16.667,0.12,1.94,56.25,0.85,57.14,1.09,55.56,0.24,1.82,53.33,4.24,57.14,0.85,0.73,0.0,24.35,1.09,1.57,32.71,77.04,10.78,58.43,6.54,92.59,10.42,82.56,26.77,82.81,4.12,50.0,17.59,18.68,0.1,0.73,0.0,0.0,0.12,0.0,0.36,5.33,61.36,2.54,52.38,0.36,0.0,0.61,0.97,6.18,76.47,0,,0,,0,0.0,0.0,0.0,,,0.0,,,0.12,0.12,0.0,0.0,1,100
K. Nishizawa,Sagan Tosu,Shimizu S-Pulse,"LW, LB",29,350000,,27,1155,0,1.75,2,2.47,16.91,50.23,Japan,Japan,right,171,67,no,6.55,5.53,59.15,1.95,24.0,0.39,0.65,0.08,2.88,4.83,0.7,1,0.08,0,0.0,4.29,0.0,0,0.0,0.14,0,0.0,24,1.87,12.5,0.0,0.16,3.51,37.78,1.95,36.0,1.56,40.0,0.31,4.05,65.38,7.56,53.61,1.48,1.56,0.78,33.27,1.25,0.94,44.73,82.4,12.86,72.73,9.04,94.83,14.73,85.19,36.31,90.56,5.14,56.06,19.99,31.29,0.19,2.03,0.23,0.0,0.16,50.0,0.55,5.69,65.75,3.27,47.62,0.62,50.0,0.78,1.09,7.4,75.79,0,,0,,0,0.0,0.0,0.0,,,0.16,,,1.32,0.39,20.0,4.05,0,0
W. Tanaka,Montedio Yamagata,Montedio Yamagata,AMF,25,350000,,29,1419,1,2.0,3,2.87,19.28,38.16,Japan,Japan,left,170,65,no,5.26,4.44,50.0,1.59,32.0,0.57,0.83,0.13,2.47,3.6,1.14,2,0.13,0,0.0,3.17,0.06,1,0.06,0.13,0,0.0,23,1.46,47.83,4.348,0.19,0.95,40.0,0.57,44.44,0.38,33.33,0.13,2.6,58.54,9.77,33.77,1.4,1.08,0.63,28.41,1.4,0.89,38.12,81.53,11.67,69.02,8.25,93.85,11.16,85.23,34.69,85.19,2.6,43.9,16.61,27.4,0.18,0.95,0.19,0.0,1.27,45.0,0.51,5.14,67.9,2.85,55.56,1.46,30.43,0.95,0.38,5.64,80.9,0,,0,,0,0.0,0.0,0.0,,,0.38,,,0.38,0.06,100.0,1.01,0,0
Y. Kumamoto,Montedio Yamagata,Montedio Yamagata,RCB,30,350000,,17,1424,0,0.46,1,0.49,14.16,57.59,Japan,Japan,right,186,83,no,9.1,6.26,59.6,4.93,56.41,0.76,1.11,0.76,4.61,6.76,1.14,5,0.32,0,0.0,0.19,0.0,0,0.0,0.03,0,0.0,2,0.13,0.0,0.0,0.06,0.0,0.0,0.0,0.0,0.0,0.0,0.0,0.19,100.0,0.88,35.71,0.44,0.32,0.0,40.77,0.19,0.38,54.23,91.49,22.88,83.98,2.09,100.0,23.26,97.55,49.61,95.92,4.61,43.84,19.09,29.56,0.03,0.06,0.0,0.0,0.0,0.0,0.06,4.68,67.57,0.25,25.0,0.57,22.22,0.06,0.0,6.95,70.0,0,,0,,0,0.0,0.0,0.0,,,1.52,,,0.0,0.0,0.0,0.0,0,0
A. Watanabe,Mito Hollyhock,Oita Trinita,"RCMF, CF, RW",30,350000,,19,1112,2,2.97,0,0.84,20.64,45.1,Japan,Japan,right,171,68,no,5.26,4.37,53.7,1.78,27.27,0.49,0.82,0.24,2.43,4.09,1.54,4,0.32,0,0.0,2.91,0.16,2,0.16,0.24,0,0.0,28,2.27,39.29,7.143,0.0,1.7,28.57,0.32,75.0,1.29,18.75,0.16,2.59,59.38,11.01,47.79,3.56,1.21,0.81,30.43,1.21,3.08,38.44,88.21,8.26,77.45,10.85,95.52,11.01,88.24,35.45,92.47,1.46,44.44,16.38,29.95,0.07,0.73,0.0,0.08,0.0,0.0,0.16,2.83,74.29,1.86,65.22,0.08,100.0,1.62,0.57,3.08,73.68,0,,0,,0,0.0,0.0,0.0,,,0.4,,,0.0,0.0,0.0,0.0,0,0
N. Kanuma,Tokushima Vortis,Júbilo Iwata,"RDMF, LCMF, LDMF",28,350000,,32,1636,0,0.18,0,0.53,14.19,55.43,Japan,Japan,right,174,73,no,9.57,6.71,65.57,4.4,51.25,0.88,1.24,0.22,4.29,6.06,1.1,6,0.33,0,0.0,0.17,0.0,0,0.0,0.01,0,0.0,4,0.22,0.0,0.0,0.0,0.55,10.0,0.33,0.0,0.17,33.33,0.0,0.11,0.0,1.21,22.73,0.83,0.61,0.17,38.45,0.61,0.5,53.31,90.2,17.88,80.31,6.05,98.18,20.9,94.74,49.29,93.53,3.47,55.56,16.57,24.88,0.03,0.55,0.06,0.0,0.28,40.0,0.17,8.2,80.54,1.43,34.62,0.5,22.22,0.61,0.06,6.88,83.2,0,,0,,0,0.0,0.0,0.0,,,0.94,,,0.0,0.0,0.0,0.0,0,0
A. Disaro,Montedio Yamagata,Shimizu S-Pulse,"CF, RAMF, AMF",30,350000,,17,837,3,2.18,0,0.75,17.53,35.58,Japan,"Japan, Italy",left,175,72,no,3.33,3.55,36.36,4.84,31.11,0.0,0.0,0.11,2.04,3.54,1.94,1,0.11,0,0.0,2.58,0.32,3,0.32,0.23,0,0.0,23,2.47,43.48,13.043,0.0,0.86,50.0,0.11,100.0,0.75,42.86,0.11,2.26,33.33,6.77,39.68,2.8,1.29,0.54,25.59,2.04,1.4,30.65,83.16,7.42,68.12,7.96,95.95,8.39,83.33,28.39,84.85,1.4,69.23,15.41,16.12,0.08,1.18,0.11,0.0,0.54,60.0,0.43,3.87,83.33,2.15,55.0,0.75,57.14,1.29,0.43,3.87,80.56,0,,0,,0,0.0,0.0,0.0,,,0.32,,,0.43,0.32,33.33,0.32,0,0
R. Sueyoshi,Fagiano Okayama,Fagiano Okayama,"RWB, RB, RW",29,350000,2028-06-30,28,1877,0,0.71,1,2.85,21.82,48.79,Japan,Japan,right,166,64,no,11.51,9.45,66.5,2.4,28.0,0.24,0.34,0.43,4.99,7.16,0.72,4,0.19,0,0.0,3.26,0.0,0,0.0,0.03,0,0.0,8,0.38,12.5,0.0,0.05,4.36,25.27,1.15,33.33,3.21,22.39,0.72,4.22,50.0,7.62,40.88,1.87,2.45,0.96,19.28,1.53,0.96,29.2,72.41,7.14,63.76,7.38,92.86,6.95,59.31,23.16,84.47,1.87,28.21,18.16,25.78,0.14,0.82,0.0,0.0,0.05,0.0,0.72,2.01,59.52,3.5,36.99,0.29,16.67,0.72,1.15,4.75,66.67,0,,0,,0,0.0,0.0,0.0,,,0.05,,,0.0,0.0,0.0,0.05,0,0
Y. Hakamata,Shonan Bellmare,RB Omiya Ardija,"LCB, LB",29,350000,,32,2809,3,4.29,3,0.9,14.55,57.27,Japan,Japan,left,183,77,no,7.98,4.58,65.73,5.67,53.11,0.26,0.33,0.67,4.71,6.01,0.67,4,0.13,0,0.0,0.61,0.1,3,0.1,0.14,2,0.06,22,0.7,27.27,13.636,0.1,0.48,26.67,0.48,26.67,0.0,0.0,0.06,0.45,64.29,1.44,51.11,1.12,0.54,0.1,32.01,0.48,0.64,44.47,86.17,19.8,78.32,2.56,90.0,17.62,94.0,38.16,92.36,5.9,50.54,21.04,38.52,0.03,0.13,0.0,0.03,0.0,0.0,0.13,6.31,63.96,0.87,22.22,0.45,14.29,0.32,0.13,8.62,69.89,0,,0,,0,0.0,0.0,0.0,,,0.45,,,0.0,0.0,0.0,0.0,0,0
S. Araki,Ventforet Kofu,Ventforet Kofu,"RAMF, RW, LW",30,350000,,16,737,0,0.49,2,1.74,14.65,37.5,Japan,Japan,left,166,65,no,5.74,5.62,50.0,1.47,25.0,0.0,0.0,0.12,2.93,4.0,1.1,1,0.12,0,0.0,2.56,0.0,0,0.0,0.06,0,0.0,9,1.1,33.33,0.0,0.24,2.2,50.0,0.85,42.86,1.34,54.55,0.24,2.2,44.44,5.37,31.82,2.44,0.85,0.24,29.55,0.85,0.24,38.47,82.22,8.79,68.06,10.26,96.43,12.7,81.73,33.09,88.19,3.3,44.44,16.18,26.77,0.21,1.71,0.0,0.0,0.37,33.33,1.1,4.88,62.5,3.18,50.0,0.73,16.67,0.98,1.1,6.35,84.62,0,,0,,0,0.0,0.0,0.0,,,0.37,,,0.61,0.12,0.0,1.47,0,0
N. Yamada,Tokushima Vortis,Mito Hollyhock,"LCB, RCB",23,350000,,24,2196,0,0.29,0,0.01,13.93,54.71,Japan,Japan,right,183,72,no,7.75,4.63,69.91,4.43,53.7,0.12,0.15,0.74,4.39,5.48,0.53,4,0.16,0,0.0,0.2,0.0,0,0.0,0.01,0,0.0,3,0.12,33.33,0.0,0.0,0.12,33.33,0.0,0.0,0.12,33.33,0.0,0.25,50.0,1.35,24.24,0.33,0.33,0.0,25.08,0.37,0.25,36.43,84.93,13.32,71.38,1.64,87.5,17.95,96.35,31.43,89.83,4.88,54.62,21.74,38.61,0.0,0.04,0.0,0.0,0.0,0.0,0.0,4.22,58.25,0.41,20.0,0.2,0.0,0.08,0.04,6.02,58.5,0,,0,,0,0.0,0.0,0.0,,,0.7,,,0.0,0.0,0.0,0.0,0,0
K. Osaki,Mito Hollyhock,Mito Hollyhock,"LB, RB",27,350000,,18,1584,1,1.17,1,1.71,14.09,50.81,Japan,Japan,left,176,71,no,8.69,5.28,65.59,3.58,41.27,0.0,0.0,0.28,5.23,6.99,0.23,0,0.0,0,0.0,1.25,0.06,1,0.06,0.07,0,0.0,9,0.51,22.22,11.111,0.06,1.59,35.71,1.25,36.36,0.34,33.33,0.06,1.02,55.56,2.67,46.81,0.97,0.63,0.28,24.09,1.65,0.74,36.76,76.97,15.91,66.79,4.66,96.34,10.23,81.67,28.64,83.53,6.59,57.76,19.6,35.97,0.1,0.68,0.0,0.0,0.23,0.0,0.28,6.02,66.98,1.7,53.33,0.63,54.55,0.51,0.63,9.32,70.12,0,,0,,0,0.0,0.0,0.0,,,0.28,,,0.06,0.0,0.0,0.0,0,0
K. Nagai,Blaublitz Akita,Mito Hollyhock,"RB, LCB",27,350000,,21,1157,1,0.44,0,0.41,14.16,51.65,Japan,Japan,right,180,77,no,7.55,4.59,54.24,4.51,48.28,0.08,0.1,0.23,4.98,6.25,1.01,4,0.31,0,0.0,1.48,0.08,1,0.08,0.03,0,0.0,9,0.7,33.33,11.111,0.0,1.4,27.78,0.7,22.22,0.62,25.0,0.39,1.01,69.23,2.33,56.67,0.7,0.93,0.23,32.28,0.54,0.54,44.81,79.34,19.21,65.59,3.42,97.73,17.04,88.13,36.33,89.29,7.08,38.46,20.85,34.1,0.03,0.47,0.0,0.16,0.23,66.67,0.23,9.72,50.4,2.8,44.44,1.17,20.0,0.54,0.39,9.8,71.43,0,,0,,0,0.0,0.0,0.0,,,0.54,,,0.0,0.0,0.0,0.0,0,0
D. Nakashio,,Thespa Gunma,LB,29,350000,,42,4052,3,1.07,0,0.97,11.64,57.06,Japan,Japan,left,181,67,no,7.6,4.29,62.18,4.71,59.91,0.11,0.13,0.42,4.82,5.6,0.22,1,0.02,0,0.0,0.56,0.07,3,0.07,0.02,0,0.0,8,0.18,75.0,37.5,0.0,0.73,33.33,0.71,31.25,0.0,0.0,0.09,0.29,61.54,1.24,51.79,0.38,0.67,0.18,51.97,0.33,0.47,64.55,87.16,32.12,80.43,3.4,93.46,20.83,93.92,56.22,93.13,7.71,47.84,19.91,39.85,0.02,0.24,0.0,0.02,0.09,0.0,0.13,8.91,69.58,1.6,34.72,0.67,36.67,0.27,0.24,13.19,71.55,0,,0,,0,0.0,0.0,0.0,,,0.27,,,0.02,0.0,0.0,0.0,0,0
S. Toyama,Gamba Osaka,Mito Hollyhock,CF,23,350000,2027-06-30,16,606,1,2.08,1,0.0,23.91,22.36,Japan,Japan,right,178,65,no,3.86,4.46,53.33,3.86,7.69,0.15,0.24,0.0,1.34,2.13,3.27,2,0.3,0,0.0,2.08,0.15,1,0.15,0.31,0,0.0,15,2.23,26.67,6.667,0.15,0.74,0.0,0.59,0.0,0.15,0.0,0.0,3.27,36.36,10.25,18.84,2.52,1.34,0.74,9.95,0.89,0.59,12.77,72.09,2.67,50.0,3.12,85.71,4.31,72.41,12.03,76.54,0.0,0.0,12.45,0.0,0.0,0.0,0.0,0.0,0.3,100.0,0.15,1.19,37.5,0.89,33.33,0.3,100.0,0.74,0.0,1.49,40.0,0,,0,,0,0.0,0.0,0.0,,,0.0,,,0.0,0.0,0.0,0.0,0,0
K. Fujita,Avispa Fukuoka,Tochigi SC,GK,25,350000,,32,3146,0,0.0,1,0.34,0.97,79.41,Japan,Japan,right,186,82,no,1.75,0.0,0.0,0.63,81.82,0.03,0.03,0.0,1.72,2.06,0.0,3,0.09,0,0.0,0.06,0.0,0,0.0,0.0,0,0.0,0,0.0,0.0,0.0,0.03,0.0,0.0,0.0,0.0,0.0,0.0,0.0,0.09,66.67,0.14,80.0,0.0,0.0,0.0,5.12,0.06,0.23,11.79,83.01,7.84,77.01,0.0,0.0,3.72,96.15,5.58,96.92,6.18,70.83,38.5,52.22,0.01,0.03,0.0,0.0,0.0,0.0,0.03,2.72,68.42,0.17,16.67,0.11,50.0,0.03,0.0,5.21,84.62,33,0.94,123,3.52,7,73.17,35.02,1.0,2.02,0.058,0.0,1.83,0.63,,,,0.0,0,0
T. Kimura,Fagiano Okayama,Fagiano Okayama,"RW, CF, RWB",27,350000,,28,1134,2,1.48,1,1.53,31.51,47.36,Japan,Japan,right,175,70,no,9.13,7.06,67.42,5.71,43.06,0.87,1.41,0.0,3.49,5.64,1.59,3,0.24,0,0.0,6.19,0.16,2,0.16,0.12,2,0.16,15,1.19,33.33,13.333,0.08,3.89,36.73,1.83,39.13,2.06,34.62,0.63,8.57,50.0,14.6,44.02,2.94,3.89,1.59,18.49,2.86,2.14,29.13,73.84,7.54,61.05,6.75,89.41,8.65,67.89,23.25,81.57,2.14,55.56,18.13,20.45,0.12,1.19,0.16,0.0,0.32,25.0,0.71,2.38,63.33,3.81,47.92,0.48,33.33,0.87,1.43,5.24,78.79,0,,0,,0,0.0,0.0,0.0,,,0.48,,,0.08,0.0,0.0,0.08,0,0
R. Onishi,Roasso Kumamoto,Roasso Kumamoto,LCB,28,350000,,29,2650,1,1.06,1,0.83,18.14,57.87,Japan,Japan,right,179,74,no,10.15,7.51,68.33,5.13,52.32,0.51,0.72,0.54,4.52,6.34,0.95,3,0.1,0,0.0,0.71,0.03,1,0.03,0.04,1,0.03,15,0.51,20.0,6.667,0.03,0.37,36.36,0.31,44.44,0.0,0.0,0.07,0.48,71.43,2.11,53.23,0.68,2.0,0.48,55.46,0.24,0.92,73.36,90.14,35.46,84.96,4.58,96.3,21.02,95.96,67.55,93.72,5.43,49.38,17.04,37.33,0.03,0.24,0.0,0.0,0.27,50.0,0.14,11.38,78.81,1.8,56.6,1.05,51.61,0.82,0.14,11.92,79.49,0,,0,,0,0.0,0.0,0.0,,,0.78,,,0.0,0.0,0.0,0.0,0,0
H. Morooka,Blaublitz Akita,Blaublitz Akita,"LCMF, RCMF",29,350000,,32,2812,2,1.81,0,1.26,17.99,56.58,Japan,Japan,right,168,68,no,11.68,8.26,65.5,3.23,53.47,0.32,0.41,0.19,5.95,7.58,1.54,8,0.26,0,0.0,1.44,0.06,2,0.06,0.06,0,0.0,24,0.77,16.67,8.333,0.0,1.47,47.83,0.51,43.75,0.96,50.0,0.35,0.74,78.26,3.46,50.0,0.86,0.38,0.06,9.63,0.19,1.18,27.75,74.16,13.09,65.53,3.46,89.81,6.88,81.4,21.92,81.02,4.42,48.55,19.2,29.11,0.04,0.58,0.0,0.0,0.06,50.0,0.22,6.24,65.13,2.5,53.85,0.42,38.46,0.67,0.74,6.72,73.81,0,,0,,0,0.0,0.0,0.0,,,0.35,,,0.45,0.0,0.0,0.0,0,0
R. Yasunaga,Matsumoto Yamaga,Mito Hollyhock,"RCMF, LCMF",25,350000,,14,1045,0,0.12,0,1.26,20.24,48.09,Japan,Japan,right,177,72,no,9.47,8.01,51.61,2.15,28.0,0.26,0.38,0.17,5.08,7.44,1.72,0,0.0,0,0.0,1.55,0.0,0,0.0,0.01,0,0.0,6,0.52,16.67,0.0,0.0,0.86,40.0,0.09,0.0,0.69,37.5,0.0,1.98,52.17,7.41,48.84,0.69,0.69,0.52,31.18,0.26,2.07,45.82,85.15,12.49,71.72,7.41,93.02,18.17,90.05,41.34,89.38,3.62,47.62,18.32,36.21,0.11,0.78,0.09,0.09,0.26,33.33,0.17,4.39,66.67,2.58,50.0,0.86,30.0,0.78,0.34,6.8,63.29,0,,0,,0,0.0,0.0,0.0,,,0.6,,,0.34,0.0,0.0,0.34,0,0
K. Sugimori,Tochigi SC,Tokushima Vortis,"RAMF, RW",29,350000,2027-06-30,14,798,0,1.54,0,0.42,17.03,39.07,Japan,Japan,right,174,67,no,5.08,4.4,56.41,2.82,12.0,0.34,0.55,0.0,2.26,3.68,1.24,0,0.0,0,0.0,3.83,0.0,0,0.0,0.17,0,0.0,15,1.69,0.0,0.0,0.0,2.48,59.09,0.34,33.33,2.14,63.16,0.34,4.06,55.56,7.89,38.57,2.03,2.26,0.79,22.89,2.37,0.68,28.87,85.55,4.06,66.67,9.59,91.76,9.36,85.54,25.49,88.94,1.24,72.73,17.02,17.64,0.05,0.56,0.0,0.11,0.11,100.0,0.56,1.69,86.67,2.37,52.38,0.34,66.67,0.56,1.13,3.27,65.52,0,,0,,0,0.0,0.0,0.0,,,0.45,,,0.0,0.0,0.0,0.0,0,0
L. Thébault-Yamaguchi,Kawasaki Frontale,Mito Hollyhock,GK,28,350000,2028-06-30,29,2856,0,0.0,0,0.0,0.57,83.33,Japan,"Japan, France",right,187,76,no,1.64,0.03,100.0,0.41,92.31,0.0,0.0,0.0,1.61,2.05,0.0,3,0.09,0,0.0,0.0,0.0,0,0.0,0.0,0,0.0,0,0.0,0.0,0.0,0.0,0.0,0.0,0.0,0.0,0.0,0.0,0.0,0.0,0.0,0.03,0.0,0.0,0.03,0.0,6.93,0.03,0.09,12.86,81.13,7.97,71.94,0.0,0.0,4.25,95.56,6.49,98.54,6.37,63.37,35.54,48.88,0.0,0.0,0.0,0.0,0.0,0.0,0.0,1.86,57.63,0.19,0.0,0.06,50.0,0.0,0.0,4.82,75.82,45,1.42,124,3.91,9,63.71,39.73,1.25,-5.27,-0.166,0.0,1.64,0.41,,,,0.0,0,0
Y. Imazu,Sagan Tosu,V-Varen Nagasaki,LCB,30,350000,,20,1440,0,0.7,1,0.19,9.38,62.0,Japan,Japan,right,184,80,no,8.5,3.75,60.0,3.63,63.79,0.13,0.17,1.38,6.12,8.19,1.06,3,0.19,0,0.0,0.19,0.0,0,0.0,0.04,0,0.0,4,0.25,0.0,0.0,0.06,0.19,33.33,0.19,33.33,0.0,0.0,0.0,0.13,100.0,0.69,63.64,0.56,0.19,0.13,26.38,0.44,0.63,36.44,88.51,12.5,73.5,1.62,100.0,20.06,97.2,31.5,96.03,4.75,40.79,24.74,36.96,0.01,0.06,0.0,0.06,0.0,0.0,0.06,3.88,54.84,0.63,30.0,0.5,12.5,0.06,0.06,4.25,69.12,0,,0,,0,0.0,0.0,0.0,,,1.5,,,0.0,0.0,0.0,0.0,0,0
H. Shoji,Zweigen Kanazawa,Zweigen Kanazawa,"RCB, LCB",28,350000,,39,3603,2,2.29,0,0.06,14.64,63.82,Japan,Japan,right,187,78,no,10.52,8.02,72.59,4.05,53.09,0.27,0.32,0.75,4.42,5.19,0.72,1,0.02,0,0.0,0.15,0.05,2,0.05,0.06,2,0.05,15,0.37,26.67,13.333,0.0,0.02,0.0,0.02,0.0,0.0,0.0,0.0,0.07,66.67,0.72,58.62,0.8,0.17,0.0,29.4,0.2,0.25,43.94,84.14,18.71,69.83,1.1,93.18,21.08,96.8,37.47,91.33,6.47,42.47,23.15,39.71,0.0,0.02,0.02,0.05,0.02,0.0,0.0,6.44,60.47,0.52,23.81,0.47,36.84,0.15,0.0,8.37,64.18,0,,0,,0,0.0,0.0,0.0,,,0.77,,,0.02,0.02,100.0,0.0,0,0
S. Okaniwa,Shonan Bellmare,RB Omiya Ardija,RB,26,350000,2027-06-30,42,3138,0,1.04,4,4.4,13.19,46.96,Japan,Japan,right,171,65,no,6.34,6.11,55.87,1.58,36.36,0.29,0.35,0.09,2.64,3.26,0.92,0,0.0,0,0.0,3.5,0.0,0,0.0,0.03,0,0.0,15,0.43,26.67,0.0,0.11,5.19,43.09,0.6,61.9,4.59,40.63,0.46,2.09,54.79,3.44,45.83,0.83,1.61,0.86,30.63,1.35,0.75,40.78,77.92,13.16,66.01,7.11,94.76,15.09,80.04,30.46,88.98,5.56,49.48,21.18,34.35,0.13,1.18,0.0,0.03,0.14,0.0,0.89,5.25,61.2,5.11,50.56,0.66,26.09,0.54,2.21,9.26,75.54,0,,0,,0,0.0,0.0,0.0,,,0.46,,,0.06,0.0,0.0,0.09,0,0
M. Hayashi,JEF United,Zweigen Kanazawa,CF,30,350000,2027-06-30,35,2242,7,8.24,2,2.85,20.27,27.13,Japan,Japan,right,178,70,no,2.53,3.01,41.33,2.85,15.49,0.4,0.46,0.0,0.88,1.0,1.28,2,0.08,0,0.0,1.89,0.28,6,0.24,0.33,1,0.04,54,2.17,38.89,12.963,0.08,0.72,38.89,0.12,0.0,0.6,46.67,0.04,1.73,41.86,9.35,27.47,3.97,0.72,0.24,9.11,1.28,0.92,14.97,76.68,2.65,57.58,3.61,93.33,4.34,76.85,13.97,79.02,0.4,50.0,16.33,10.76,0.11,0.68,0.08,0.04,0.2,20.0,0.48,1.16,62.07,1.04,61.54,0.28,42.86,0.92,0.24,1.16,68.97,0,,0,,0,0.0,0.0,0.0,,,0.04,,,0.0,0.0,0.0,0.0,1,100
T. Nishino,Tochigi SC,Tokushima Vortis,"RWB, RB",23,350000,,32,2301,3,4.39,3,1.36,16.0,47.68,Japan,Japan,right,180,65,no,7.82,6.41,60.98,2.46,31.75,0.23,0.34,0.12,3.68,5.27,1.13,2,0.08,0,0.0,2.27,0.12,3,0.12,0.17,0,0.0,22,0.86,31.82,13.636,0.12,2.93,22.67,0.08,50.0,2.86,21.92,0.35,2.11,62.96,4.58,43.59,1.92,1.56,0.47,28.87,2.23,0.55,35.79,80.77,8.41,67.44,10.25,95.8,11.58,82.43,30.74,88.93,2.39,42.62,18.31,29.71,0.05,0.55,0.04,0.04,0.12,0.0,0.39,2.58,66.67,2.15,34.55,0.23,0.0,0.39,0.66,4.97,59.06,0,,0,,0,0.0,0.0,0.0,,,0.47,,,0.0,0.0,0.0,0.0,0,0
C. Kawakami,Blaublitz Akita,Thespa Gunma,"RB, LW",28,350000,2027-06-30,27,1732,2,1.03,3,1.45,17.3,42.64,Japan,Japan,right,167,68,yes,6.6,4.36,57.14,1.66,34.38,0.26,0.31,0.21,3.85,4.65,0.47,1,0.05,0,0.0,2.18,0.1,2,0.1,0.05,0,0.0,12,0.62,16.67,16.667,0.16,1.25,37.5,0.68,38.46,0.57,36.36,0.21,3.53,42.65,8.63,37.35,0.88,2.29,1.14,22.19,1.4,1.25,30.87,85.69,7.07,74.26,10.86,96.65,6.39,78.86,28.63,89.84,1.09,33.33,14.69,17.61,0.08,0.83,0.0,0.1,0.21,50.0,0.47,1.77,70.59,1.45,50.0,0.1,50.0,0.31,0.42,3.69,53.52,0,,0,,0,0.0,0.0,0.0,,,0.16,,,0.0,0.0,0.0,0.0,0,0
T. Umeki,Vegalta Sendai,Renofa Yamaguchi,"CF, AMF",27,350000,,31,1673,6,6.33,1,1.37,33.41,36.71,Japan,Japan,right,183,78,no,6.08,5.06,56.38,11.84,41.82,0.43,0.68,0.16,2.8,4.42,2.42,0,0.0,0,0.0,2.26,0.32,6,0.32,0.34,0,0.0,42,2.26,30.95,14.286,0.05,1.08,30.0,0.65,16.67,0.43,50.0,0.11,2.64,44.9,11.03,25.37,3.12,0.86,0.16,12.21,2.26,1.34,18.02,72.84,4.57,58.82,4.68,90.8,4.2,74.36,16.03,78.19,0.97,27.78,14.51,13.97,0.07,0.59,0.05,0.0,0.16,33.33,0.27,2.1,51.28,0.97,44.44,0.22,50.0,0.27,0.27,1.94,75.0,0,,0,,0,0.0,0.0,0.0,,,0.05,,,0.0,0.0,0.0,0.0,0,0
Eduardo Mancha,Buriram United,Ventforet Kofu,LCB,30,350000,2027-06-30,30,2330,2,1.65,0,0.19,15.06,63.33,Brazil,Brazil,left,187,80,no,9.89,4.33,75.89,5.64,63.01,0.19,0.24,0.77,6.41,7.87,0.39,0,0.0,0,0.0,0.66,0.08,2,0.08,0.06,1,0.04,10,0.39,30.0,20.0,0.0,0.08,0.0,0.08,0.0,0.0,0.0,0.04,0.93,58.33,2.94,50.0,0.46,0.46,0.08,30.28,0.19,0.93,42.99,84.73,18.81,70.43,2.32,95.0,18.42,96.44,36.81,92.24,6.1,40.51,22.63,37.82,0.01,0.15,0.0,0.0,0.0,0.0,0.04,5.18,57.46,0.46,16.67,0.7,16.67,0.12,0.0,8.61,66.82,0,,0,,0,0.0,0.0,0.0,,,1.74,,,0.04,0.0,0.0,0.0,0,0
F. González,Shonan Bellmare,Júbilo Iwata,CF,33,300000,,15,385,3,2.57,0,0.01,40.91,34.29,Colombia,Colombia,right,187,80,no,4.91,5.14,50.0,10.75,39.13,0.7,1.13,0.23,1.64,2.63,3.04,2,0.47,0,0.0,3.74,0.7,3,0.7,0.6,1,0.23,15,3.51,46.67,20.0,0.0,0.23,0.0,0.23,0.0,0.0,0.0,0.0,5.38,39.13,18.7,30.0,5.61,0.23,0.0,10.29,2.1,2.34,14.73,76.19,2.81,58.33,4.91,76.19,2.57,81.82,14.49,77.42,0.0,0.0,9.7,0.0,0.0,0.47,0.0,0.0,0.0,0.0,0.0,1.4,66.67,0.23,100.0,0.0,0.0,0.47,0.0,1.17,60.0,0,,0,,0,0.0,0.0,0.0,,,0.23,,,0.0,0.0,0.0,0.23,1,0
K. Omori,,Júbilo Iwata,"AMF, LW, CF",34,300000,,5,145,0,0.09,0,0.07,18.0,51.72,Japan,Japan,right,170,70,no,5.59,6.83,45.45,2.48,75.0,0.62,1.11,0.0,1.86,3.33,1.24,0,0.0,0,0.0,3.72,0.0,0,0.0,0.06,0,0.0,2,1.24,50.0,0.0,0.0,1.24,50.0,0.0,0.0,1.24,50.0,0.62,1.86,100.0,5.59,44.44,3.72,0.0,0.62,32.28,3.1,0.62,42.83,81.16,9.93,56.25,9.93,93.75,11.79,94.74,38.48,85.48,3.1,40.0,16.21,23.69,0.05,1.24,0.0,0.0,0.62,100.0,0.62,4.97,50.0,1.86,100.0,1.86,66.67,2.48,0.62,3.72,66.67,0,,0,,0,0.0,0.0,0.0,,,0.62,,,0.0,0.0,0.0,0.0,0,0
H. Nakagawa,Oita Trinita,Oita Trinita,"AMF, RWF, CF",31,300000,,30,1778,4,2.39,2,2.45,10.38,41.46,Japan,Japan,right,155,60,no,5.01,4.1,56.79,0.86,29.41,0.15,0.24,0.2,2.53,4.08,1.01,3,0.15,0,0.0,1.16,0.2,4,0.2,0.12,0,0.0,22,1.11,36.36,18.182,0.1,1.47,27.59,0.25,0.0,1.16,30.43,0.0,0.51,40.0,3.39,29.85,2.23,0.35,0.2,28.19,0.71,0.56,35.13,84.73,8.5,73.81,9.72,94.27,9.77,90.67,31.18,89.77,2.68,54.72,17.57,26.11,0.12,1.21,0.1,0.05,0.25,60.0,0.71,5.11,70.3,1.77,54.29,0.66,69.23,0.96,0.46,4.91,79.38,0,,0,,0,0.0,0.0,0.0,,,2.13,,,0.25,0.05,0.0,1.06,0,0
Foguinho,São Bernardo FC,Vegalta Sendai,"RW, CF, LCMF",34,300000,2026-11-30,25,710,1,1.1,1,0.95,20.28,35.63,Brazil,Brazil,right,180,75,no,6.21,5.2,51.22,3.04,29.17,0.38,0.57,0.13,3.17,4.72,1.14,1,0.13,0,0.0,2.03,0.13,1,0.13,0.14,0,0.0,7,0.89,14.29,14.286,0.13,2.15,41.18,0.51,25.0,1.65,46.15,0.13,2.79,31.82,8.11,31.25,2.66,1.77,0.63,16.86,1.14,0.76,27.38,79.63,8.11,60.94,6.85,96.3,6.97,81.82,22.82,86.67,2.41,47.37,16.89,21.4,0.12,1.01,0.0,0.0,0.25,50.0,0.38,3.04,66.67,1.52,25.0,0.13,0.0,0.63,0.76,3.17,68.0,0,,0,,0,0.0,0.0,0.0,,,0.25,,,0.0,0.0,0.0,0.0,0,0
Yong-Jun Heo,,Vegalta Sendai,CF,33,300000,,26,1260,5,4.99,1,0.77,26.79,30.67,Korea Republic,Korea Republic,right,184,75,no,2.36,2.36,48.48,8.0,25.89,0.36,0.5,0.14,0.86,1.19,2.21,7,0.5,1,0.07,2.5,0.36,5,0.36,0.36,3,0.21,32,2.29,46.88,15.625,0.07,0.36,20.0,0.0,0.0,0.36,20.0,0.0,2.14,63.33,11.43,33.75,3.14,0.57,0.36,12.79,1.86,1.57,18.86,77.65,3.36,57.45,4.36,91.8,7.0,78.57,17.29,79.75,1.21,64.71,17.15,18.82,0.06,0.5,0.0,0.07,0.14,0.0,0.43,1.71,62.5,1.29,55.56,0.14,0.0,1.0,0.07,1.71,83.33,0,,0,,0,0.0,0.0,0.0,,,0.07,,,0.0,0.0,0.0,0.0,1,0
Y. Uchida,,Vegalta Sendai,LB,31,300000,,24,2063,1,0.26,2,1.48,14.05,57.14,Japan,Japan,left,172,68,no,8.59,5.45,64.0,2.7,59.68,0.52,0.72,0.13,4.58,6.3,0.65,1,0.04,0,0.0,1.96,0.04,1,0.04,0.01,0,0.0,6,0.26,33.33,16.667,0.09,2.01,39.13,1.96,40.0,0.04,0.0,0.13,1.53,71.43,3.84,55.68,0.52,1.48,0.26,37.61,0.74,1.05,51.39,81.32,22.16,72.24,5.8,96.24,17.62,85.89,42.01,89.2,7.42,47.65,20.31,38.02,0.06,0.44,0.0,0.04,0.04,0.0,0.22,8.03,69.57,2.84,41.54,0.61,35.71,0.61,0.79,11.47,74.14,0,,0,,0,0.0,0.0,0.0,,,0.7,,,0.22,0.04,0.0,0.0,0,0
S. Sato,Tochigi SC,Tochigi SC,"LCMF, RCMF, DMF",32,300000,,40,3191,1,2.52,0,0.26,18.95,52.83,Japan,Japan,right,174,71,no,11.0,6.91,65.71,5.05,49.16,0.51,0.61,0.37,5.95,7.19,1.33,6,0.17,1,0.03,0.71,0.03,1,0.03,0.07,0,0.0,21,0.59,19.05,4.762,0.0,0.37,46.15,0.25,33.33,0.11,75.0,0.0,0.99,37.14,3.98,42.55,0.48,0.31,0.11,13.54,0.03,1.04,26.71,77.61,9.45,58.51,3.5,95.97,9.17,89.23,23.69,82.62,2.65,37.23,17.27,29.02,0.01,0.23,0.0,0.03,0.11,50.0,0.06,4.4,57.05,0.65,39.13,0.42,20.0,0.25,0.2,4.06,59.72,0,,0,,0,0.0,0.0,0.0,,,0.25,,,0.0,0.0,0.0,0.0,0,0
K. Fukumori,Giravanz Kitakyushu,Tochigi SC,"LWB, LB, RWB",31,300000,,37,2978,2,1.71,5,5.52,17.53,48.97,Japan,Japan,right,169,68,no,5.74,4.29,54.93,2.09,42.03,0.21,0.26,0.15,3.17,3.95,0.94,4,0.12,1,0.03,4.29,0.06,2,0.06,0.05,1,0.03,31,0.94,19.35,6.452,0.15,3.57,39.83,2.84,35.11,0.66,54.55,0.76,4.44,59.18,8.73,50.52,1.33,1.9,0.63,15.93,0.91,2.21,22.24,71.33,7.28,58.51,4.56,94.7,6.68,69.68,15.02,81.89,3.78,57.6,20.17,33.12,0.17,1.36,0.0,0.03,0.18,33.33,0.51,3.11,60.19,3.72,56.1,0.66,31.82,0.79,1.63,6.74,72.2,0,,0,,0,0.0,0.0,0.0,,,0.03,,,1.54,0.15,20.0,2.21,0,0
Y. Nishiya,Zweigen Kanazawa,Tochigi SC,RCMF,32,300000,,40,3068,0,2.05,0,1.43,17.95,49.84,Japan,Japan,right,165,60,no,8.16,7.25,54.25,2.73,44.09,0.7,0.84,0.38,3.52,4.22,1.76,6,0.18,0,0.0,1.14,0.0,0,0.0,0.06,0,0.0,26,0.76,15.38,0.0,0.0,0.7,29.17,0.09,0.0,0.59,30.0,0.09,1.35,58.7,4.49,47.71,0.7,0.41,0.29,14.7,0.29,1.7,24.93,77.41,9.24,59.05,3.64,94.35,8.24,90.04,21.71,83.65,2.55,36.78,19.06,31.22,0.04,0.32,0.03,0.0,0.12,25.0,0.18,4.05,69.57,1.17,47.5,0.35,25.0,0.41,0.21,4.63,60.76,0,,0,,0,0.0,0.0,0.0,,,0.09,,,0.0,0.0,0.0,0.0,0,0
R. Saito,Blaublitz Akita,Blaublitz Akita,"LB, LW",33,300000,,32,2515,4,3.75,0,1.1,17.61,46.34,Japan,Japan,right,176,73,no,7.05,5.12,53.85,6.12,47.95,0.29,0.38,0.39,4.01,5.27,1.47,4,0.14,0,0.0,1.36,0.14,4,0.14,0.13,1,0.04,23,0.82,30.43,17.391,0.0,1.61,33.33,1.29,30.56,0.29,37.5,0.21,1.43,37.5,3.08,34.88,1.86,0.25,0.11,7.37,0.36,1.0,16.07,58.57,9.27,52.9,0.93,88.46,3.51,59.18,10.95,66.34,3.54,46.46,19.99,29.31,0.04,0.36,0.0,0.0,0.11,33.33,0.14,3.9,48.62,1.86,38.46,0.29,37.5,0.57,0.5,4.4,56.91,0,,0,,0,0.0,0.0,0.0,,,0.18,,,0.0,0.0,0.0,0.0,0,0
D. Watari,Tokushima Vortis,Tokushima Vortis,"CF, RWF",32,300000,,32,1154,1,4.02,1,0.65,27.14,34.2,Japan,Japan,right,176,70,no,4.91,4.13,60.38,10.29,28.79,0.39,0.68,0.31,2.03,3.55,1.79,4,0.31,0,0.0,1.64,0.08,1,0.08,0.31,0,0.0,20,1.56,40.0,5.0,0.08,0.39,80.0,0.08,100.0,0.31,75.0,0.0,1.33,41.18,7.95,35.29,2.81,0.39,0.16,10.37,1.95,1.72,16.14,82.13,2.57,60.61,5.38,94.2,4.13,84.91,14.97,83.33,0.78,60.0,15.49,10.0,0.05,0.39,0.0,0.08,0.23,66.67,0.47,1.33,76.47,0.47,50.0,0.31,50.0,0.31,0.31,1.01,61.54,0,,0,,0,0.0,0.0,0.0,,,0.0,,,0.0,0.0,0.0,0.08,0,0
R. Toyama,Gifu,Tokushima Vortis,"LB, RB",31,300000,,14,890,0,0.33,0,0.79,15.47,53.59,Japan,Japan,left,177,69,no,7.38,6.37,58.73,2.33,65.22,0.1,0.16,0.1,3.54,5.44,1.21,2,0.2,0,0.0,2.43,0.0,0,0.0,0.03,0,0.0,4,0.4,25.0,0.0,0.0,3.24,31.25,2.83,35.71,0.4,0.0,0.4,2.73,48.15,5.56,45.45,0.61,1.01,0.2,36.1,2.22,1.01,47.02,83.87,10.52,69.23,10.82,97.2,18.61,86.96,39.74,91.6,4.25,47.62,18.87,36.59,0.08,0.4,0.1,0.0,0.2,0.0,0.1,3.94,61.54,3.13,32.26,0.61,0.0,0.2,0.91,6.88,70.59,0,,0,,0,0.0,0.0,0.0,,,0.91,,,0.91,0.0,0.0,0.51,0,0
K. Kushibiki,V-Varen Nagasaki,V-Varen Nagasaki,"RCB, LCB",33,300000,,40,3876,6,2.73,0,0.23,11.01,60.34,Japan,Japan,right,182,82,no,6.71,3.16,66.18,4.2,60.22,0.46,0.63,0.79,4.16,5.64,0.51,3,0.07,0,0.0,0.46,0.14,6,0.14,0.06,4,0.09,22,0.51,40.91,27.273,0.0,0.09,75.0,0.05,100.0,0.05,50.0,0.02,0.3,61.54,1.0,48.84,0.67,0.28,0.07,28.17,0.19,0.28,39.85,92.19,11.56,79.92,2.09,95.56,23.24,98.0,36.18,95.57,3.58,58.44,21.58,36.24,0.01,0.05,0.02,0.0,0.0,0.0,0.02,2.55,70.91,0.14,50.0,0.19,25.0,0.05,0.09,4.46,64.58,0,,0,,0,0.0,0.0,0.0,,,1.44,,,0.0,0.0,0.0,0.0,0,0
R. Kawano,,Fagiano Okayama,"RB, RWB",31,300000,,31,2405,0,0.47,4,8.13,14.37,46.61,Japan,Japan,right,177,70,no,8.12,6.66,52.25,2.02,40.74,0.34,0.45,0.34,4.3,5.74,0.79,2,0.07,0,0.0,2.88,0.0,0,0.0,0.02,0,0.0,8,0.3,25.0,0.0,0.15,3.44,47.83,0.3,25.0,3.14,50.0,0.41,1.91,58.82,3.78,45.54,0.34,0.64,0.3,21.41,1.23,0.75,30.5,75.34,11.64,64.95,3.59,95.83,9.47,77.87,22.68,84.82,4.64,47.58,19.48,29.77,0.3,1.95,0.07,0.07,0.15,25.0,0.6,4.08,58.72,3.14,55.95,0.41,27.27,0.49,1.53,7.33,70.92,0,,0,,0,0.0,0.0,0.0,,,0.07,,,1.87,0.04,0.0,2.66,0,0
H. Shimoda,Machida Zelvia,Machida Zelvia,"LCMF, LDMF",34,300000,,31,2501,5,2.36,1,2.95,8.02,48.43,Japan,Japan,left,171,66,no,5.76,3.2,61.8,1.55,41.86,0.25,0.34,0.22,3.53,4.72,0.58,3,0.11,0,0.0,0.94,0.18,3,0.11,0.08,0,0.0,30,1.08,33.33,16.667,0.04,0.54,33.33,0.36,10.0,0.18,80.0,0.07,0.43,58.33,1.37,44.74,0.22,0.79,0.04,27.82,0.04,0.36,40.16,83.24,16.27,71.46,4.53,96.03,14.5,90.82,33.93,89.61,5.69,50.0,19.88,36.99,0.11,1.15,0.04,0.04,0.25,57.14,0.14,8.42,69.66,2.27,60.32,0.79,59.09,1.04,0.22,7.95,75.11,0,,0,,0,0.0,0.0,0.0,,,0.43,,,1.76,0.25,57.14,2.09,2,100
S. Inaba,Kagoshima United,Machida Zelvia,"RCMF, LCMF",32,300000,,23,1347,0,0.08,0,0.39,15.77,48.73,Japan,Japan,right,172,70,no,9.89,7.42,63.06,2.0,50.0,0.27,0.33,0.33,4.94,6.08,1.2,0,0.0,0,0.0,0.53,0.0,0,0.0,0.01,0,0.0,4,0.27,0.0,0.0,0.0,0.53,25.0,0.13,0.0,0.33,20.0,0.0,0.67,60.0,3.21,33.33,0.4,0.07,0.0,13.16,0.07,0.53,23.99,81.06,6.15,59.78,4.21,93.65,9.55,88.11,21.18,85.8,2.27,50.0,19.39,23.15,0.03,0.4,0.0,0.07,0.07,0.0,0.07,2.47,75.68,1.14,47.06,0.13,0.0,0.2,0.13,3.67,50.91,0,,0,,0,0.0,0.0,0.0,,,0.33,,,0.0,0.0,0.0,0.0,0,0
T. Miyagi,Kawasaki Frontale,Montedio Yamagata,"LW, LAMF",25,300000,2027-06-30,20,1183,6,4.71,3,1.41,16.36,51.16,Japan,Japan,right,177,70,no,5.02,3.5,50.0,2.51,66.67,0.15,0.21,0.15,3.12,4.36,0.68,3,0.23,1,0.08,4.95,0.46,5,0.38,0.36,1,0.08,28,2.13,50.0,21.429,0.23,1.98,50.0,1.75,43.48,0.23,100.0,0.15,4.56,61.67,8.22,50.93,2.97,2.81,1.07,19.02,1.75,1.22,25.49,79.1,6.09,65.0,7.84,96.12,6.77,76.4,22.37,82.65,1.22,62.5,15.99,15.84,0.11,0.99,0.0,0.0,0.15,50.0,0.53,1.6,52.38,2.13,64.29,0.3,25.0,0.84,0.91,3.42,73.33,0,,0,,0,0.0,0.0,0.0,,,0.0,,,0.76,0.15,0.0,0.84,1,100
S. Nakagawa,Fujieda MYFC,Fujieda MYFC,"LCB, RCB",27,300000,,21,1296,0,0.15,0,0.0,14.31,64.08,Japan,Japan,right,184,79,no,7.29,4.03,67.24,5.56,60.0,0.42,0.59,0.42,4.17,5.94,0.9,2,0.14,2,0.14,0.21,0.0,0,0.0,0.01,0,0.0,2,0.14,50.0,0.0,0.0,0.07,100.0,0.0,0.0,0.07,100.0,0.0,0.0,0.0,0.97,71.43,0.28,0.14,0.0,34.31,0.0,1.39,48.89,90.91,23.06,86.14,2.15,90.32,20.0,96.53,44.51,92.98,4.31,69.35,16.58,26.33,0.0,0.0,0.0,0.0,0.07,100.0,0.0,3.89,69.64,0.35,80.0,0.21,66.67,0.21,0.07,8.26,71.43,0,,0,,0,0.0,0.0,0.0,,,1.46,,,0.0,0.0,0.0,0.0,0,0
S. Sasaki,Gamba Osaka,JEF United,LCB,25,300000,,22,1986,1,1.68,1,0.46,13.87,51.96,Japan,Japan,left,184,72,no,7.39,4.89,57.41,4.94,45.87,0.36,0.58,0.63,4.21,6.71,1.36,3,0.14,0,0.0,0.77,0.05,1,0.05,0.08,0,0.0,22,1.0,27.27,4.545,0.05,0.68,53.33,0.68,53.33,0.0,0.0,0.14,0.18,50.0,0.91,50.0,0.86,0.86,0.0,29.0,0.23,0.45,42.05,77.26,23.66,68.77,2.08,93.48,13.23,88.7,31.31,89.58,10.11,40.36,25.64,43.44,0.02,0.23,0.0,0.0,0.18,25.0,0.14,9.47,55.98,1.99,29.55,1.13,24.0,0.36,0.27,11.6,71.09,0,,0,,0,0.0,0.0,0.0,,,1.45,,,0.14,0.14,0.0,0.05,0,0
R. Motegi,RB Omiya Ardija,RB Omiya Ardija,"LB, LW, LWB",29,300000,,41,3497,2,3.42,2,2.77,15.62,49.09,Japan,Japan,right,176,72,no,7.59,4.35,55.62,4.48,48.85,0.39,0.49,0.23,4.79,6.05,0.9,6,0.15,0,0.0,1.85,0.05,2,0.05,0.09,1,0.03,43,1.11,23.26,4.651,0.05,2.01,33.33,1.67,26.15,0.31,75.0,0.18,1.7,53.03,3.83,46.31,1.72,0.57,0.18,25.92,1.03,1.0,36.03,78.29,12.69,64.5,6.07,94.49,12.1,82.13,29.83,85.42,4.32,48.21,21.22,38.3,0.07,0.64,0.05,0.03,0.13,20.0,0.28,3.91,59.21,2.01,38.46,0.36,21.43,0.41,0.67,7.0,66.18,0,,0,,0,0.0,0.0,0.0,,,0.18,,,0.08,0.08,0.0,0.05,0,0
H. Kamada,Vegalta Sendai,Vegalta Sendai,"LCMF, RCMF",24,300000,,33,2708,2,1.83,4,3.23,16.55,47.19,Japan,Japan,right,168,60,no,7.21,6.38,60.94,1.53,32.61,0.2,0.27,0.13,3.12,4.25,0.96,4,0.13,0,0.0,2.03,0.07,2,0.07,0.06,1,0.03,18,0.6,27.78,11.111,0.13,1.03,35.48,0.27,50.0,0.76,30.43,0.13,2.56,48.05,6.51,41.33,0.76,0.83,0.4,27.95,0.6,0.83,40.98,82.97,11.57,67.82,8.81,95.09,12.9,89.18,37.06,86.82,2.89,50.57,17.67,33.34,0.11,1.03,0.07,0.0,0.47,57.14,0.2,5.85,70.45,1.99,48.33,0.7,52.38,0.93,0.3,6.05,68.13,0,,0,,0,0.0,0.0,0.0,,,0.6,,,0.83,0.07,0.0,1.96,0,0
S. Sakai,Parceiro Nagano,Thespa Gunma,RCB,30,300000,,40,3887,1,1.79,1,0.87,10.37,61.38,Japan,Japan,right,184,79,no,7.57,3.45,71.81,4.52,54.87,0.12,0.13,0.83,4.98,5.75,0.56,5,0.12,0,0.0,0.42,0.02,1,0.02,0.04,1,0.02,11,0.25,27.27,9.091,0.02,0.53,56.52,0.0,0.0,0.53,56.52,0.07,0.09,50.0,0.72,41.94,0.37,0.42,0.09,37.83,0.37,0.46,48.55,90.08,18.36,80.58,3.22,95.68,20.4,96.48,43.34,94.82,4.75,50.73,19.57,37.17,0.02,0.21,0.02,0.0,0.02,0.0,0.09,4.33,66.31,1.0,46.51,0.35,20.0,0.19,0.28,6.9,68.12,0,,0,,0,0.0,0.0,0.0,,,1.0,,,0.0,0.0,0.0,0.0,0,0
R. Kawamoto,Gifu,Thespa Gunma,"CF, LW",25,300000,,34,2302,3,5.46,0,1.2,25.22,37.21,Japan,Japan,right,178,70,no,5.9,6.1,48.72,3.52,36.67,0.08,0.1,0.12,2.85,3.5,1.8,5,0.2,0,0.0,2.74,0.12,2,0.08,0.21,0,0.0,48,1.88,29.17,6.25,0.0,1.17,20.0,0.98,20.0,0.2,20.0,0.12,3.79,50.52,11.38,35.74,2.23,1.56,1.17,8.91,1.41,1.76,13.1,68.66,3.56,58.24,3.13,90.0,3.6,71.74,11.42,75.0,0.51,38.46,16.79,13.0,0.05,0.39,0.0,0.0,0.08,50.0,0.31,1.21,51.61,0.86,45.45,0.16,25.0,0.35,0.2,1.6,60.98,0,,0,,0,0.0,0.0,0.0,,,0.0,,,0.12,0.08,0.0,0.04,1,100
H. Fukushima,Shonan Bellmare,Tochigi SC,RCB,26,300000,2026-06-30,36,3173,3,2.15,2,1.47,13.7,54.45,Japan,Japan,right,178,75,no,8.03,5.81,63.9,4.11,52.41,0.23,0.27,0.51,4.08,4.88,0.68,1,0.03,0,0.0,0.91,0.09,3,0.09,0.06,1,0.03,11,0.31,36.36,27.273,0.06,1.13,40.0,0.03,0.0,1.11,41.03,0.09,0.51,44.44,1.59,35.71,0.65,0.57,0.23,17.9,0.54,0.45,29.47,73.05,15.37,65.31,2.24,91.14,8.23,84.83,21.22,83.56,7.2,47.24,23.52,39.46,0.04,0.34,0.0,0.03,0.14,80.0,0.2,7.09,58.4,1.79,49.21,1.02,27.78,0.62,0.45,8.88,71.25,0,,0,,0,0.0,0.0,0.0,,,0.68,,,0.0,0.0,0.0,0.0,0,0
K. Oshima,Ventforet Kofu,Tochigi SC,"RWF, AMF, LW",30,300000,,28,1608,7,3.82,0,0.24,15.84,38.87,Japan,Japan,right,177,66,no,5.37,4.7,55.95,3.81,29.41,0.17,0.2,0.11,2.57,3.1,1.12,0,0.0,0,0.0,1.46,0.39,6,0.34,0.21,2,0.11,18,1.01,50.0,38.889,0.0,1.18,14.29,0.62,18.18,0.56,10.0,0.0,1.12,60.0,3.81,35.29,1.96,0.34,0.11,9.46,1.01,0.62,15.9,73.94,4.2,60.0,3.58,89.06,5.26,75.53,13.26,81.86,1.51,51.85,17.5,20.88,0.01,0.39,0.0,0.0,0.22,50.0,0.0,2.07,59.46,1.23,40.91,0.34,50.0,0.39,0.17,2.13,73.68,0,,0,,0,0.0,0.0,0.0,,,0.0,,,0.0,0.0,0.0,0.0,1,100
R. Matsuoka,Matsumoto Yamaga,Roasso Kumamoto,"LW, LWF, LAMF",27,300000,,38,2978,5,5.36,1,2.35,19.83,42.07,Japan,Japan,left,177,65,no,5.38,4.38,51.72,1.27,16.67,0.39,0.54,0.06,2.72,3.72,0.76,5,0.15,1,0.03,5.41,0.15,5,0.15,0.16,0,0.0,59,1.78,28.81,8.475,0.03,3.75,21.77,3.6,21.85,0.15,20.0,0.91,6.71,59.01,11.61,43.23,2.81,2.93,1.15,31.4,0.88,0.88,39.59,82.29,6.38,71.56,12.97,96.27,9.64,68.97,35.3,89.38,0.76,32.0,14.28,18.54,0.07,0.97,0.03,0.0,0.18,66.67,0.3,2.27,70.67,3.2,41.51,0.3,50.0,0.82,0.94,3.9,65.89,0,,0,,0,0.0,0.0,0.0,,,0.03,,,0.0,0.0,0.0,0.06,0,0
Y. Takagi,Tokushima Vortis,Fagiano Okayama,"LB, LWB",28,300000,,34,1649,1,0.97,0,1.63,18.17,57.66,Japan,Japan,left,175,70,no,7.64,5.35,71.43,3.22,47.46,0.22,0.32,0.22,3.6,5.29,0.93,1,0.05,0,0.0,4.26,0.05,1,0.05,0.05,0,0.0,10,0.55,20.0,10.0,0.0,3.77,31.88,3.71,32.35,0.05,0.0,0.55,4.09,72.0,7.15,60.31,1.04,2.02,0.6,30.07,1.58,0.98,40.93,80.0,12.01,67.73,7.2,97.73,13.59,80.32,34.82,86.99,2.73,52.0,18.27,20.63,0.09,0.87,0.0,0.05,0.16,0.0,0.6,3.66,68.66,3.55,40.0,0.33,16.67,0.44,1.09,7.1,75.38,0,,0,,0,0.0,0.0,0.0,,,0.71,,,0.27,0.0,0.0,0.49,0,0
T. Mori,Tochigi City,Tochigi SC,"RWB, LWB",28,300000,,25,1701,2,1.14,0,1.33,13.97,50.38,Japan,Japan,right,178,71,no,7.78,4.76,66.67,2.86,42.59,0.53,0.6,0.26,4.07,4.66,0.69,2,0.11,0,0.0,2.65,0.11,2,0.11,0.06,1,0.05,22,1.16,18.18,9.091,0.0,2.91,43.64,1.32,28.0,1.59,56.67,0.42,2.06,51.28,4.34,40.24,1.27,1.53,0.79,16.08,1.85,0.32,25.77,71.25,9.05,55.56,4.55,96.51,8.36,76.58,18.25,81.16,4.76,50.0,21.95,34.87,0.07,0.58,0.05,0.0,0.16,66.67,0.42,4.6,63.22,3.12,52.54,0.58,72.73,0.63,1.27,6.4,73.55,0,,0,,0,0.0,0.0,0.0,,,0.32,,,0.0,0.0,0.0,0.26,0,0
R. Ishida,Blaublitz Akita,Tochigi SC,"RWB, RB",24,300000,,16,1021,0,0.73,1,1.08,12.69,56.94,Japan,Japan,right,176,72,no,9.61,6.79,58.44,1.15,69.23,0.53,0.73,0.35,5.11,7.02,0.97,2,0.18,1,0.09,2.82,0.0,0,0.0,0.06,0,0.0,16,1.41,12.5,0.0,0.09,3.97,28.89,0.26,0.0,3.7,30.95,0.71,2.12,66.67,3.0,58.82,1.59,0.79,0.35,19.3,1.32,0.71,27.59,68.05,8.37,51.58,5.2,91.53,9.52,73.15,18.95,80.93,5.02,49.12,21.91,34.8,0.1,1.06,0.18,0.0,0.18,50.0,0.53,4.05,50.0,3.7,30.95,0.79,22.22,0.35,1.15,6.79,68.83,0,,0,,0,0.0,0.0,0.0,,,0.26,,,0.53,0.09,0.0,1.41,0,0
O. Ismaila,Vanraure Hachinohe,Tochigi SC,CF,27,300000,,15,1127,4,4.39,1,0.82,31.78,38.19,Nigeria,Nigeria,,188,0,no,5.91,3.35,59.52,11.66,41.78,0.16,0.22,0.72,3.75,5.07,2.4,4,0.32,0,0.0,2.4,0.32,4,0.32,0.35,1,0.08,31,2.48,29.03,12.903,0.08,0.32,100.0,0.08,100.0,0.24,100.0,0.0,2.48,54.84,9.9,33.06,3.27,0.88,0.72,7.59,2.08,1.44,13.1,71.95,2.95,56.76,2.56,84.38,4.47,78.57,12.06,72.85,0.8,50.0,15.78,17.23,0.07,0.96,0.0,0.16,0.08,0.0,0.32,1.84,56.52,1.04,61.54,0.24,0.0,0.8,0.24,1.6,70.0,0,,0,,0,0.0,0.0,0.0,,,0.0,,,0.0,0.0,0.0,0.0,1,0
Y. Kusano,Nakhon Ratchasima,Mito Hollyhock,"CF, AMF",29,300000,2026-06-30,27,1698,4,5.99,1,1.77,16.43,28.39,Japan,Japan,right,170,63,no,1.75,2.12,42.5,3.45,15.38,0.05,0.07,0.05,0.8,0.98,1.17,2,0.11,0,0.0,2.07,0.21,2,0.11,0.32,0,0.0,35,1.86,42.86,11.429,0.05,0.74,28.57,0.37,42.86,0.37,14.29,0.0,1.91,50.0,7.21,32.35,2.76,1.17,0.74,10.71,1.22,1.27,12.83,72.73,3.07,60.34,2.49,85.11,4.19,78.48,11.61,77.17,0.53,40.0,15.32,9.93,0.09,0.58,0.11,0.0,0.42,25.0,0.27,1.64,67.74,0.95,44.44,0.42,12.5,0.42,0.21,1.43,81.48,0,,0,,0,0.0,0.0,0.0,,,0.0,,,0.0,0.0,0.0,0.0,2,100
S. Kodama,Tokushima Vortis,Tokushima Vortis,"RCMF, LCMF, AMF",27,300000,,20,1035,1,0.8,2,0.77,19.91,44.1,Japan,Japan,right,166,62,no,7.57,7.13,57.32,2.09,25.0,0.43,0.7,0.35,3.04,4.88,1.48,0,0.0,0,0.0,1.91,0.09,1,0.09,0.07,0,0.0,5,0.43,40.0,20.0,0.17,1.22,57.14,0.35,75.0,0.87,50.0,0.0,1.57,38.89,7.48,39.53,1.13,0.61,0.09,30.7,0.26,1.83,41.3,81.68,14.43,67.47,8.52,92.86,12.09,90.65,35.65,86.1,4.61,52.83,15.97,26.48,0.07,0.78,0.09,0.0,1.13,38.46,0.61,6.61,71.05,2.7,41.94,1.39,37.5,0.87,0.61,6.78,74.36,0,,0,,0,0.0,0.0,0.0,,,0.43,,,0.43,0.0,0.0,1.22,0,0
Y. Matsuhashi,Tokyo Verdy,Renofa Yamaguchi,"LW, LWF, RAMF",24,300000,,17,573,0,0.3,0,0.49,21.83,41.73,Japan,Japan,right,174,67,no,5.81,5.34,61.76,5.34,35.29,0.94,1.61,0.31,1.57,2.68,0.94,1,0.16,0,0.0,2.04,0.0,0,0.0,0.05,0,0.0,5,0.79,20.0,0.0,0.0,1.26,37.5,0.79,60.0,0.47,0.0,0.0,2.83,44.44,8.48,38.89,1.73,1.57,0.79,14.45,1.73,1.1,20.73,83.33,4.24,66.67,6.44,95.12,5.03,84.38,18.85,86.67,0.79,80.0,14.17,8.29,0.08,0.79,0.0,0.0,0.16,100.0,0.31,2.04,84.62,1.57,60.0,0.0,0.0,1.1,0.31,4.08,73.08,0,,0,,0,0.0,0.0,0.0,,,0.16,,,0.0,0.0,0.0,0.0,0,0
K. Nakagawa,Semen Padang,Fujieda MYFC,"CF, AMF, LW",30,300000,,8,422,3,0.67,1,0.89,17.7,53.01,Japan,Japan,,175,68,no,6.82,4.27,70.0,4.91,26.09,0.64,0.9,0.43,3.2,4.5,0.64,0,0.0,0,0.0,4.05,0.64,3,0.64,0.14,1,0.21,9,1.92,55.56,33.333,0.21,1.92,44.44,1.07,40.0,0.85,50.0,0.21,2.13,90.0,5.55,73.08,2.77,0.21,0.43,18.55,0.85,1.28,25.81,80.17,7.25,64.71,5.33,96.0,7.04,84.85,23.03,84.26,1.28,66.67,14.86,13.35,0.19,1.07,0.0,0.0,0.85,25.0,0.43,1.71,25.0,2.13,70.0,0.85,25.0,1.49,0.43,2.35,81.82,0,,0,,0,0.0,0.0,0.0,,,0.21,,,0.21,0.21,0.0,0.0,0,0
K. Arima,Oita Trinita,Iwaki,"CF, RAMF",25,300000,,13,860,1,2.13,0,0.68,27.73,32.45,Japan,Japan,right,181,71,no,5.23,5.34,45.1,4.92,29.79,0.42,0.64,0.0,2.41,3.67,2.41,3,0.31,0,0.0,1.57,0.1,1,0.1,0.22,0,0.0,16,1.67,18.75,6.25,0.0,0.31,33.33,0.1,0.0,0.21,50.0,0.0,2.51,45.83,12.45,32.77,3.14,0.94,0.94,12.35,1.15,1.15,18.63,76.97,4.5,60.47,4.6,88.64,4.5,83.72,17.69,79.88,0.63,16.67,13.29,15.79,0.07,1.26,0.0,0.0,0.1,0.0,0.21,1.99,68.42,1.15,63.64,0.21,0.0,0.73,0.1,1.88,66.67,0,,0,,0,0.0,0.0,0.0,,,0.0,,,0.0,0.0,0.0,0.0,0,0
Renan,,Renofa Yamaguchi,"LCB, CB",29,300000,,28,2673,1,1.16,0,0.12,14.07,55.98,Brazil,Brazil,left,183,80,no,8.42,4.85,65.28,4.68,50.36,0.34,0.51,0.84,4.92,7.45,0.94,4,0.13,1,0.03,0.3,0.03,1,0.03,0.04,1,0.03,11,0.37,36.36,9.091,0.0,0.07,0.0,0.03,0.0,0.03,0.0,0.0,0.3,55.56,1.55,45.65,0.57,0.57,0.2,42.29,0.17,0.84,57.68,89.49,21.99,77.79,2.83,94.05,28.15,97.97,51.48,94.57,6.13,47.8,21.39,41.14,0.0,0.13,0.0,0.0,0.03,0.0,0.03,5.79,58.72,0.51,20.0,0.67,35.0,0.13,0.0,8.08,73.33,0,,0,,0,0.0,0.0,0.0,,,1.78,,,0.0,0.0,0.0,0.0,0,0
K. Ogasawara,,Fujieda MYFC,RCB,30,300000,,35,2685,2,1.37,0,0.9,15.25,54.73,Japan,Japan,right,177,72,no,9.89,5.5,62.8,4.89,51.37,0.27,0.41,0.4,6.17,9.42,0.97,2,0.07,1,0.03,0.74,0.07,2,0.07,0.05,0,0.0,10,0.34,40.0,20.0,0.0,0.6,44.44,0.0,0.0,0.57,41.18,0.03,0.5,60.0,1.68,48.0,0.54,0.57,0.07,38.78,0.57,0.87,56.01,80.79,23.4,67.34,4.56,96.32,21.52,90.19,46.22,88.32,9.32,44.6,21.78,40.01,0.03,0.27,0.0,0.0,0.2,16.67,0.07,10.93,61.96,1.78,41.51,0.84,16.0,0.44,0.23,11.9,66.76,0,,0,,0,0.0,0.0,0.0,,,1.07,,,0.0,0.0,0.0,0.0,0,0
K. Onohara,UD Oliveirense,Zweigen Kanazawa,"LCMF, RCMF, RB",30,300000,,33,1127,1,0.49,0,0.24,19.17,50.42,Japan,Japan,right,175,72,no,10.38,8.46,57.55,3.67,56.52,0.48,0.59,0.48,5.03,6.24,2.0,4,0.32,0,0.0,1.28,0.08,1,0.08,0.04,1,0.08,13,1.04,23.08,7.692,0.0,1.2,53.33,0.24,100.0,0.88,45.45,0.08,1.04,38.46,3.11,28.21,0.72,0.16,0.08,21.64,0.32,0.56,36.1,74.78,13.74,55.81,5.03,98.41,12.14,81.58,29.55,82.7,5.35,35.82,16.97,21.45,0.02,0.64,0.0,0.0,0.08,0.0,0.48,6.47,44.44,2.64,42.42,1.2,40.0,0.64,0.64,6.95,71.26,0,,0,,0,0.0,0.0,0.0,,,0.16,,,0.0,0.0,0.0,0.0,0,0
N. Yamamoto,Zweigen Kanazawa,Zweigen Kanazawa,"LCB, RCB",30,300000,,13,1191,0,0.07,0,0.04,16.78,59.01,Japan,Japan,right,185,75,no,8.99,7.56,66.0,5.29,57.14,0.3,0.34,0.45,3.7,4.21,1.59,4,0.3,0,0.0,0.0,0.0,0,0.0,0.01,0,0.0,2,0.15,0.0,0.0,0.0,0.0,0.0,0.0,0.0,0.0,0.0,0.0,0.0,0.0,0.76,50.0,0.3,0.91,0.08,29.92,0.08,0.83,44.81,89.38,19.87,79.47,1.21,100.0,20.03,97.36,40.65,93.68,4.16,47.27,20.74,36.03,0.0,0.08,0.08,0.08,0.0,0.0,0.0,6.5,70.93,0.45,50.0,0.45,33.33,0.3,0.0,8.01,70.75,0,,0,,0,0.0,0.0,0.0,,,0.91,,,0.0,0.0,0.0,0.0,0,0
M. Kojima,Zweigen Kanazawa,Zweigen Kanazawa,RB,28,300000,2026-06-30,37,3133,0,1.25,3,1.61,15.43,52.89,Japan,Japan,right,170,64,no,8.68,7.64,53.76,2.59,63.33,0.49,0.57,0.34,4.08,4.72,0.95,4,0.11,0,0.0,1.55,0.0,0,0.0,0.04,0,0.0,22,0.63,9.09,0.0,0.09,3.07,30.84,0.03,100.0,3.02,30.48,0.4,0.98,50.0,2.99,47.12,0.95,0.83,0.26,26.4,0.95,1.35,36.25,72.19,14.51,58.61,5.4,95.21,11.03,77.08,27.52,83.72,6.0,38.76,20.4,36.59,0.05,0.49,0.14,0.0,0.2,28.57,0.37,6.15,53.27,4.48,39.1,1.41,28.57,1.06,0.86,8.91,75.16,0,,0,,0,0.0,0.0,0.0,,,0.69,,,0.0,0.0,0.0,0.0,0,0
S. Gonda,Vissel Kobe,Shimizu S-Pulse,GK,37,250000,,42,4117,0,0.0,1,0.27,0.9,80.49,Japan,Japan,right,187,84,no,1.75,0.09,50.0,0.35,87.5,0.02,0.03,0.0,1.68,2.65,0.0,0,0.0,0,0.0,0.02,0.0,0,0.0,0.0,0,0.0,0,0.0,0.0,0.0,0.02,0.0,0.0,0.0,0.0,0.0,0.0,0.0,0.02,100.0,0.31,78.57,0.0,0.0,0.0,10.73,0.24,0.39,19.54,87.58,10.27,78.3,0.0,0.0,8.55,98.21,12.29,98.58,7.24,69.18,32.6,50.17,0.01,0.02,0.0,0.0,0.0,0.0,0.04,2.21,62.38,0.2,11.11,0.17,25.0,0.07,0.0,5.29,79.75,34,0.74,136,2.97,19,75.0,33.04,0.72,-0.96,-0.021,0.0,1.05,0.35,,,,0.0,0,0
K. Yamakoshi,Tokushima Vortis,Tokyo Verdy,RCB,33,250000,,32,2168,2,3.1,0,0.09,14.32,66.38,Japan,Japan,right,183,78,no,8.34,4.44,76.64,6.52,62.42,0.37,0.54,0.42,4.57,6.63,0.58,3,0.12,0,0.0,0.42,0.08,3,0.12,0.13,2,0.08,16,0.66,25.0,18.75,0.0,0.37,44.44,0.08,50.0,0.29,42.86,0.08,0.12,66.67,0.79,63.16,0.83,0.33,0.17,42.8,0.25,0.75,57.91,88.39,18.51,74.22,2.62,93.65,31.88,95.96,51.02,93.82,6.56,48.1,19.51,31.91,0.0,0.08,0.04,0.0,0.08,0.0,0.04,7.22,69.54,0.66,25.0,0.33,0.0,0.08,0.12,9.3,69.2,0,,0,,0,0.0,0.0,0.0,,,1.49,,,0.04,0.0,0.0,0.0,0,0
K. Sugimoto,RB Omiya Ardija,Júbilo Iwata,CF,33,250000,,4,277,0,1.47,0,0.36,27.29,34.52,Japan,Japan,right,187,79,no,3.57,2.27,71.43,13.32,34.15,0.0,0.0,0.65,1.95,2.37,0.97,1,0.32,0,0.0,1.3,0.0,0,0.0,0.48,0,0.0,8,2.6,25.0,0.0,0.0,1.62,0.0,0.32,0.0,1.3,0.0,0.0,1.62,20.0,7.47,26.09,5.2,0.65,0.65,14.95,2.27,1.62,23.07,71.83,5.52,82.35,3.57,63.64,6.82,61.9,20.79,78.13,0.65,50.0,16.36,7.48,0.12,0.65,0.0,0.0,0.32,100.0,0.32,2.27,57.14,2.92,44.44,0.32,100.0,1.95,0.0,1.95,83.33,0,,0,,0,0.0,0.0,0.0,,,0.0,,,0.0,0.0,0.0,0.0,0,0
R. Miura,Júbilo Iwata,Júbilo Iwata,GK,34,250000,,29,2853,0,0.0,0,0.0,0.47,86.67,Japan,Japan,right,181,74,no,1.67,0.0,0.0,0.16,80.0,0.0,0.0,0.0,1.67,2.29,0.0,2,0.06,0,0.0,0.0,0.0,0,0.0,0.0,0,0.0,0,0.0,0.0,0.0,0.0,0.0,0.0,0.0,0.0,0.0,0.0,0.0,0.0,0.0,0.25,87.5,0.0,0.0,0.0,17.85,0.22,0.28,24.83,93.14,12.02,87.14,0.03,0.0,11.7,99.46,17.54,99.1,7.26,79.13,28.86,48.09,0.0,0.0,0.0,0.0,0.0,0.0,0.0,2.56,70.37,0.06,50.0,0.06,0.0,0.03,0.0,5.36,87.65,27,0.85,94,2.97,10,71.28,27.31,0.86,0.31,0.01,0.0,1.2,0.16,,,,0.0,0,0
M. Ito,Yokohama,Júbilo Iwata,RCB,33,250000,,22,1956,1,1.01,0,0.24,14.86,66.87,Japan,Japan,right,183,76,no,9.98,7.22,76.43,3.73,58.02,0.28,0.36,0.55,4.19,5.53,0.83,4,0.18,0,0.0,0.32,0.05,1,0.05,0.05,1,0.05,5,0.23,40.0,20.0,0.0,0.18,75.0,0.0,0.0,0.18,75.0,0.05,0.09,100.0,1.38,40.0,0.51,0.14,0.09,32.76,0.32,0.83,45.6,90.21,16.47,81.28,2.62,96.49,21.4,97.42,41.27,93.42,4.14,58.89,18.82,37.35,0.01,0.14,0.05,0.0,0.0,0.0,0.09,3.82,72.29,0.14,100.0,0.09,100.0,0.18,0.14,5.71,64.52,0,,0,,0,0.0,0.0,0.0,,,1.89,,,0.0,0.0,0.0,0.0,0,0
Mendes,Ventforet Kofu,JEF United,LCB,31,250000,,8,349,1,0.2,0,0.0,18.05,60.0,Brazil,Brazil,left,190,83,no,10.57,7.48,62.07,6.7,61.54,0.52,0.79,1.29,5.42,8.29,1.55,0,0.0,0,0.0,0.26,0.26,1,0.26,0.05,1,0.26,1,0.26,100.0,100.0,0.0,0.26,0.0,0.0,0.0,0.0,0.0,0.0,0.26,0.0,0.26,0.0,0.52,0.0,0.0,21.66,0.52,1.29,29.91,90.52,11.35,84.09,2.32,77.78,13.15,98.04,27.59,92.52,2.06,75.0,14.12,20.08,0.0,0.0,0.0,0.0,0.0,0.0,0.0,0.77,66.67,0.0,0.0,0.0,0.0,0.0,0.0,4.64,61.11,0,,0,,0,0.0,0.0,0.0,,,1.81,,,0.0,0.0,0.0,0.0,0,0
T. Taguchi,JEF United,JEF United,"RDMF, RCMF, LCMF",35,250000,,33,3023,1,2.8,6,7.54,17.57,54.58,Japan,Japan,right,176,73,no,9.02,5.51,62.16,4.35,49.32,0.63,0.96,0.18,4.97,7.67,1.49,5,0.15,0,0.0,1.13,0.03,1,0.03,0.08,0,0.0,51,1.52,15.69,1.961,0.18,0.83,42.86,0.36,58.33,0.45,33.33,0.24,0.77,57.69,4.26,49.65,0.54,0.3,0.06,38.29,0.54,2.02,54.72,83.73,19.65,70.15,8.16,96.72,17.48,89.78,48.29,88.16,5.6,51.6,17.89,35.74,0.22,1.85,0.03,0.09,0.48,18.75,0.24,9.85,72.21,2.8,51.06,1.07,16.67,0.98,0.36,9.02,78.22,0,,0,,0,0.0,0.0,0.0,,,0.65,,,2.2,0.33,9.09,3.72,0,0
N. Nomura,Renofa Yamaguchi,Oita Trinita,"AMF, LWF",35,250000,,39,3401,6,4.87,6,6.29,18.79,43.94,Japan,Japan,right,168,65,no,5.32,5.05,54.45,1.59,36.67,0.24,0.4,0.05,2.33,3.91,1.14,3,0.08,0,0.0,3.15,0.16,5,0.13,0.13,0,0.0,52,1.38,32.69,11.538,0.16,2.12,48.75,1.43,44.44,0.64,58.33,0.19,2.28,54.65,9.66,40.0,2.09,0.58,0.13,25.51,0.98,2.12,36.02,79.43,12.31,67.96,6.7,92.09,10.98,84.82,30.62,85.48,3.41,44.19,18.33,34.37,0.17,1.46,0.05,0.03,1.24,34.04,0.56,5.9,65.92,3.36,52.76,1.53,22.41,0.93,0.9,6.01,81.5,0,,0,,0,0.0,0.0,0.0,,,0.64,,,0.95,0.13,40.0,1.72,1,100
K. Saka,,Oita Trinita,RB,31,250000,,2,183,0,0.02,0,0.29,13.77,53.57,Japan,Japan,right,174,73,no,6.89,6.89,64.29,4.43,44.44,0.0,0.0,0.0,2.46,2.94,1.97,0,0.0,0,0.0,2.95,0.0,0,0.0,0.01,0,0.0,1,0.49,0.0,0.0,0.0,2.95,50.0,0.0,0.0,2.46,40.0,0.49,0.49,100.0,0.98,50.0,0.98,0.0,0.0,27.54,2.95,0.49,35.41,75.0,13.28,66.67,6.39,84.62,12.3,80.0,28.52,81.03,3.93,50.0,20.76,36.51,0.14,0.98,0.0,0.0,1.48,66.67,0.98,3.93,62.5,3.44,57.14,0.49,100.0,0.49,1.48,8.36,70.59,0,,0,,0,0.0,0.0,0.0,,,1.48,,,0.0,0.0,0.0,0.0,0,0
K. Nagasawa,Wellington Phoenix,Vegalta Sendai,"LCMF, RCMF, DMF",34,250000,2027-06-30,13,922,1,0.69,0,0.25,17.57,55.56,Japan,Japan,right,172,72,no,8.59,7.42,63.16,3.12,59.38,0.49,0.69,0.0,3.42,4.84,1.66,2,0.2,0,0.0,0.98,0.1,1,0.1,0.07,0,0.0,3,0.29,33.33,33.333,0.0,1.07,45.45,0.59,50.0,0.49,40.0,0.1,0.98,40.0,4.69,45.83,0.29,0.59,0.2,33.29,0.1,1.37,48.32,86.26,12.69,71.54,9.18,97.87,20.01,91.22,41.49,91.06,5.86,58.33,20.7,40.88,0.02,0.39,0.0,0.1,0.1,0.0,0.2,8.59,68.18,2.25,43.48,0.49,40.0,0.29,0.39,6.93,76.06,0,,0,,0,0.0,0.0,0.0,,,0.98,,,0.78,0.1,0.0,0.88,0,0
A. Kawata,Kochi United,RB Omiya Ardija,CF,33,250000,,4,64,0,0.22,0,0.0,36.56,38.46,Japan,Japan,right,177,77,no,4.22,2.81,50.0,9.84,42.86,1.41,3.0,0.0,1.41,3.0,1.41,1,1.41,0,0.0,7.03,0.0,0,0.0,0.3,0,0.0,3,4.22,33.33,0.0,0.0,4.22,33.33,0.0,0.0,4.22,33.33,0.0,2.81,100.0,15.47,36.36,7.03,1.41,0.0,15.47,2.81,2.81,19.69,85.71,2.81,100.0,2.81,100.0,8.44,66.67,15.47,100.0,0.0,0.0,10.9,0.0,0.0,0.0,0.0,0.0,1.41,100.0,0.0,0.0,0.0,5.63,50.0,1.41,100.0,1.41,2.81,4.22,66.67,0,,0,,0,0.0,0.0,0.0,,,0.0,,,0.0,0.0,0.0,0.0,0,0
T. Iida,Mito Hollyhock,RB Omiya Ardija,"RWB, RB",31,250000,,12,797,0,0.2,0,0.37,12.31,49.54,Japan,Japan,right,180,73,no,5.65,5.08,55.56,2.03,44.44,0.11,0.14,0.0,2.71,3.43,0.9,3,0.34,0,0.0,1.92,0.0,0,0.0,0.02,0,0.0,6,0.68,33.33,0.0,0.0,1.58,28.57,0.0,0.0,1.58,28.57,0.23,1.58,71.43,3.84,50.0,0.56,2.26,1.36,24.28,3.05,0.23,29.81,78.41,9.03,60.0,6.32,92.86,10.73,84.21,25.07,86.04,3.16,42.86,18.65,30.43,0.04,0.56,0.0,0.0,0.34,33.33,0.45,2.15,68.42,2.6,21.74,0.79,42.86,0.45,0.45,4.74,59.52,0,,0,,0,0.0,0.0,0.0,,,0.0,,,0.0,0.0,0.0,0.0,0,0
K. Saito,Tochigi City,Blaublitz Akita,CF,33,250000,,27,1541,5,3.27,2,0.56,22.43,34.64,Japan,Japan,right,181,73,no,4.38,4.09,55.71,7.94,29.41,0.18,0.22,0.0,1.93,2.44,1.34,1,0.06,0,0.0,1.52,0.29,5,0.29,0.19,1,0.06,22,1.28,36.36,22.727,0.12,0.12,50.0,0.0,0.0,0.12,50.0,0.06,1.69,51.72,5.61,34.38,2.39,1.11,0.64,7.65,1.58,0.82,10.98,67.55,3.62,62.9,3.1,81.13,1.34,52.17,10.45,68.16,0.41,57.14,10.6,4.14,0.03,0.29,0.0,0.0,0.18,66.67,0.18,0.82,78.57,0.58,70.0,0.12,50.0,0.53,0.06,1.17,65.0,0,,0,,0,0.0,0.0,0.0,,,0.0,,,0.0,0.0,0.0,0.0,0,0
J. Hata,,Blaublitz Akita,"RW, LW",31,250000,,41,2137,4,2.21,1,1.36,27.5,36.75,Japan,Japan,right,179,79,no,7.24,6.06,56.94,6.74,31.25,0.04,0.05,0.08,3.75,4.79,0.88,2,0.08,0,0.0,4.0,0.17,4,0.17,0.09,2,0.08,42,1.77,28.57,9.524,0.04,2.95,40.0,0.55,38.46,2.4,40.35,0.34,4.76,47.79,10.82,32.3,1.22,1.26,0.46,10.07,0.97,0.51,19.67,57.17,8.55,51.23,2.91,76.81,5.43,61.24,13.6,64.09,3.33,43.04,20.85,24.61,0.06,0.51,0.0,0.0,0.25,16.67,0.29,3.83,45.05,2.99,45.07,0.34,25.0,0.42,1.01,4.89,72.41,0,,0,,0,0.0,0.0,0.0,,,0.29,,,0.34,0.17,0.0,0.0,0,0
K. Kazama,Thespa Gunma,Thespa Gunma,LCMF,35,250000,,42,3314,3,1.13,3,6.38,9.32,54.52,Japan,Japan,right,177,73,no,6.65,3.72,67.15,1.41,53.85,0.33,0.39,0.3,3.83,4.54,0.46,0,0.0,0,0.0,1.06,0.08,3,0.08,0.03,0,0.0,19,0.52,26.32,15.789,0.08,0.84,48.39,0.57,42.86,0.24,55.56,0.05,0.6,68.18,2.58,38.95,0.19,0.19,0.22,41.61,0.14,0.38,53.36,89.82,12.98,77.2,11.92,97.27,19.53,93.88,48.67,93.69,3.91,50.0,17.15,32.62,0.17,1.41,0.03,0.05,0.24,44.44,0.16,5.95,73.52,2.04,52.0,0.68,24.0,0.68,0.38,6.0,68.78,0,,0,,0,0.0,0.0,0.0,,,0.3,,,0.98,0.11,50.0,3.45,0,0
S. Hiramatsu,,Thespa Gunma,CF,33,250000,,42,2223,3,2.92,1,0.36,22.91,31.1,Japan,Japan,right,184,80,no,3.28,3.24,47.5,5.99,31.08,0.08,0.1,0.04,1.66,2.12,1.46,0,0.0,0,0.0,1.3,0.12,3,0.12,0.12,0,0.0,17,0.69,35.29,17.647,0.04,0.53,15.38,0.2,20.0,0.32,12.5,0.04,2.06,43.14,9.8,28.51,1.9,0.53,0.08,8.79,1.21,0.97,13.68,74.56,3.28,67.9,4.37,86.11,2.27,69.64,12.96,77.5,0.2,40.0,14.66,2.23,0.01,0.24,0.0,0.0,0.08,100.0,0.16,0.89,72.73,0.49,41.67,0.12,100.0,0.24,0.12,1.17,44.83,0,,0,,0,0.0,0.0,0.0,,,0.0,,,0.0,0.0,0.0,0.0,0,0
T. Mae,JEF United,Renofa Yamaguchi,"RB, RCB",32,250000,2027-06-30,34,3159,0,0.56,0,1.18,14.27,50.7,Japan,Japan,right,171,69,no,9.09,5.87,64.56,3.25,41.23,0.34,0.51,0.48,4.96,7.44,0.68,1,0.03,0,0.0,0.6,0.0,0,0.0,0.02,0,0.0,20,0.57,10.0,0.0,0.0,0.91,34.38,0.31,27.27,0.6,38.1,0.06,0.57,35.0,2.36,38.55,0.2,0.8,0.17,37.26,1.17,0.74,51.08,85.5,18.55,70.66,5.47,95.83,20.46,95.13,43.25,92.56,6.92,48.15,20.6,39.01,0.03,0.23,0.06,0.03,0.06,50.0,0.17,6.72,61.44,1.37,43.75,0.68,33.33,0.37,0.23,7.92,66.55,0,,0,,0,0.0,0.0,0.0,,,0.77,,,0.06,0.06,50.0,0.09,0,0
Leonardo,Ningbo Professional,Fujieda MYFC,CF,33,250000,,4,78,0,0.01,0,0.0,45.0,28.21,Brazil,Brazil,right,184,82,no,5.77,8.08,28.57,3.46,33.33,0.0,0.0,0.0,3.46,6.43,4.62,0,0.0,0,0.0,0.0,0.0,0,0.0,0.01,0,0.0,1,1.15,0.0,0.0,0.0,1.15,0.0,1.15,0.0,0.0,0.0,0.0,1.15,0.0,16.15,28.57,1.15,0.0,0.0,10.38,2.31,2.31,16.15,50.0,4.62,75.0,2.31,100.0,4.62,25.0,15.0,53.85,0.0,0.0,11.28,0.0,0.0,0.0,0.0,0.0,0.0,0.0,0.0,1.15,0.0,2.31,0.0,0.0,0.0,0.0,0.0,1.15,0.0,0,,0,,0,0.0,0.0,0.0,,,0.0,,,0.0,0.0,0.0,0.0,0,0
T. Ishihara,Zweigen Kanazawa,Zweigen Kanazawa,"RW, LW, LCMF",33,250000,,37,1844,1,0.66,3,3.78,15.57,42.01,Japan,Japan,right,172,67,no,5.66,4.54,61.29,1.56,53.13,0.2,0.22,0.1,2.68,3.08,0.68,2,0.1,0,0.0,1.85,0.05,1,0.05,0.03,0,0.0,19,0.93,21.05,5.263,0.15,1.66,32.35,0.73,40.0,0.93,26.32,0.1,2.15,45.45,7.47,28.76,1.32,1.51,0.63,29.77,0.39,0.54,39.78,83.19,12.98,73.68,7.96,96.93,11.57,83.54,35.14,87.22,3.17,61.54,16.84,28.73,0.18,1.12,0.0,0.0,0.44,33.33,0.63,5.17,71.7,2.98,54.1,0.83,29.41,1.22,0.49,6.74,76.09,0,,0,,0,0.0,0.0,0.0,,,0.1,,,0.0,0.0,0.0,0.0,0,0
K. Nakamura,V-Varen Nagasaki,V-Varen Nagasaki,"AMF, CF, RCMF",32,250000,2027-06-30,13,918,4,2.0,3,3.68,14.41,40.14,Japan,Japan,right,178,73,no,5.0,5.0,52.94,1.57,25.0,0.49,0.74,0.1,1.86,2.81,1.37,2,0.2,1,0.1,2.35,0.39,3,0.29,0.2,0,0.0,16,1.57,43.75,25.0,0.29,0.98,50.0,0.59,33.33,0.39,75.0,0.2,1.18,66.67,5.2,39.62,1.76,1.08,0.49,24.9,1.27,1.08,29.8,84.54,8.24,76.19,4.12,95.24,13.14,88.81,25.39,88.8,3.43,62.86,20.51,38.84,0.36,3.24,0.1,0.1,0.69,57.14,0.69,5.49,80.36,2.25,73.91,1.27,61.54,1.67,0.49,5.1,76.92,0,,0,,0,0.0,0.0,0.0,,,0.2,,,1.37,0.2,50.0,3.73,1,100
K. Fujikawa,Parceiro Nagano,Júbilo Iwata,"CF, AMF, RW",27,250000,,24,904,3,4.27,0,1.58,23.5,36.86,Japan,Japan,right,172,65,no,4.38,4.28,53.49,3.68,21.62,0.1,0.15,0.0,1.99,2.99,0.9,1,0.1,0,0.0,3.38,0.3,3,0.3,0.42,0,0.0,35,3.48,34.29,8.571,0.0,2.09,23.81,0.3,33.33,1.79,22.22,0.3,3.98,42.5,10.75,36.11,3.88,1.49,0.3,20.51,1.79,1.1,26.78,72.12,7.87,65.82,5.38,96.3,7.07,71.83,23.0,78.35,1.69,47.06,16.52,19.87,0.16,1.29,0.0,0.0,0.1,0.0,0.5,3.48,62.86,1.69,64.71,0.4,0.0,1.0,0.7,4.48,73.33,0,,0,,0,0.0,0.0,0.0,,,0.1,,,0.0,0.0,0.0,0.0,0,0
K. Buwanika,Zweigen Kanazawa,Mito Hollyhock,CF,23,250000,,25,1272,3,4.4,0,0.11,27.1,33.42,Japan,Japan,right,186,75,no,5.66,3.89,58.18,10.26,37.24,0.99,1.24,0.42,2.41,3.0,1.98,3,0.21,0,0.0,0.99,0.21,3,0.21,0.31,1,0.07,24,1.7,37.5,12.5,0.0,0.42,33.33,0.14,50.0,0.28,25.0,0.07,1.34,15.79,6.3,21.35,3.04,0.21,0.07,7.43,1.84,0.71,12.45,72.73,3.82,51.85,2.62,97.3,3.04,69.77,11.32,77.5,0.71,20.0,14.03,8.88,0.01,0.14,0.0,0.0,0.14,0.0,0.14,0.99,35.71,0.78,36.36,0.14,0.0,0.35,0.14,1.27,66.67,0,,0,,0,0.0,0.0,0.0,,,0.0,,,0.0,0.0,0.0,0.0,0,0
S. Ayukawa,Sanfrecce Hiroshima,Oita Trinita,"RWF, CF, AMF",24,250000,2026-06-30,14,656,3,2.75,1,0.23,17.56,37.5,Japan,Japan,right,164,65,no,3.7,3.57,53.85,2.74,35.0,0.14,0.24,0.14,1.65,2.9,0.96,0,0.0,0,0.0,2.47,0.41,3,0.41,0.38,0,0.0,12,1.65,41.67,25.0,0.14,0.55,50.0,0.27,50.0,0.27,50.0,0.0,2.2,68.75,7.55,40.0,2.47,0.41,0.14,16.74,1.37,1.51,22.23,82.1,3.43,56.0,8.09,93.22,4.94,88.89,21.4,83.33,0.27,50.0,13.08,3.18,0.03,0.82,0.0,0.0,0.14,0.0,0.27,0.82,66.67,1.23,55.56,0.41,33.33,0.55,0.27,2.33,70.59,0,,0,,0,0.0,0.0,0.0,,,0.14,,,0.0,0.0,0.0,0.0,0,0
R. Matsuda,Tokyo Verdy,JEF United,"RB, RCB, LB",27,250000,2027-06-30,14,1086,0,1.01,0,0.55,14.17,64.91,Japan,Japan,right,176,65,no,8.45,5.8,72.86,4.31,65.38,0.33,0.5,0.25,3.9,5.83,0.5,1,0.08,0,0.0,1.08,0.0,0,0.0,0.08,0,0.0,7,0.58,28.57,0.0,0.0,1.74,28.57,0.17,0.0,1.57,31.58,0.25,0.58,57.14,1.82,59.09,1.41,0.58,0.41,35.64,1.41,0.75,49.14,76.73,22.46,64.58,6.88,96.39,13.43,85.19,40.03,84.06,7.46,47.78,17.87,32.05,0.05,0.41,0.0,0.0,0.17,50.0,0.25,8.04,64.95,3.15,36.84,0.75,44.44,0.75,0.5,10.86,72.52,0,,0,,0,0.0,0.0,0.0,,,0.41,,,0.0,0.0,0.0,0.0,0,0
C. Kato,Mito Hollyhock,Vegalta Sendai,"RW, RAMF, CF",27,250000,,20,714,1,1.26,1,1.02,23.45,38.17,Japan,Japan,right,175,72,no,7.06,5.17,56.1,4.03,31.25,0.5,0.79,0.13,3.66,5.72,1.89,1,0.13,0,0.0,3.15,0.13,1,0.13,0.16,0,0.0,12,1.51,50.0,8.333,0.13,1.64,30.77,0.13,0.0,1.51,33.33,0.76,3.66,51.72,9.58,32.89,2.27,1.13,0.63,20.55,1.76,1.76,29.24,79.74,7.31,62.07,7.69,95.08,8.57,79.41,25.21,85.0,2.39,57.89,15.71,24.8,0.13,0.63,0.13,0.0,0.13,0.0,0.38,3.15,64.0,2.14,58.82,0.63,60.0,0.88,0.5,4.03,68.75,0,,0,,0,0.0,0.0,0.0,,,0.63,,,0.13,0.0,0.0,0.13,0,0
R. Omori,Tokyo,RB Omiya Ardija,RCB,23,250000,2026-06-30,9,686,0,0.45,0,0.0,14.56,60.36,Japan,Japan,right,186,79,no,10.5,6.43,73.47,4.07,32.26,0.26,0.3,0.92,5.51,6.33,1.05,1,0.13,0,0.0,0.39,0.0,0,0.0,0.06,0,0.0,3,0.39,100.0,0.0,0.0,0.26,0.0,0.0,0.0,0.26,0.0,0.0,0.0,0.0,0.92,57.14,0.66,0.0,0.0,27.16,0.26,1.44,39.1,83.56,20.34,75.48,1.18,100.0,11.81,91.11,31.62,91.7,7.22,50.91,21.44,42.6,0.0,0.0,0.13,0.0,0.0,0.0,0.0,6.95,66.04,0.79,16.67,0.39,0.0,0.13,0.0,9.84,68.0,0,,0,,0,0.0,0.0,0.0,,,0.52,,,0.0,0.0,0.0,0.0,0,0
N. Urakami,Consadole Sapporo,RB Omiya Ardija,"RCB, CB",29,250000,2027-06-30,29,2641,2,1.4,1,0.92,15.2,56.95,Japan,Japan,right,178,76,no,9.44,5.04,72.97,6.2,52.2,0.1,0.13,0.78,5.66,7.24,0.48,1,0.03,1,0.03,0.41,0.07,2,0.07,0.05,2,0.07,10,0.34,50.0,20.0,0.03,0.24,85.71,0.03,100.0,0.2,83.33,0.0,0.1,33.33,0.89,11.54,0.72,0.2,0.03,41.47,0.14,0.24,60.05,90.12,22.97,79.08,1.98,94.83,28.73,98.34,53.3,94.57,6.54,54.17,20.44,37.11,0.03,0.27,0.03,0.0,0.0,0.0,0.2,7.09,73.56,0.44,69.23,0.75,31.82,0.24,0.2,8.72,67.58,0,,0,,0,0.0,0.0,0.0,,,1.19,,,0.03,0.03,0.0,0.0,0,0
I. Kobayashi,Ventforet Kofu,Ventforet Kofu,LB,29,250000,,20,1276,0,0.04,0,2.27,15.45,55.71,Japan,Japan,left,178,72,no,7.69,5.78,64.63,2.54,58.33,0.28,0.34,0.14,3.67,4.47,0.85,2,0.14,0,0.0,2.47,0.0,0,0.0,0.0,0,0.0,4,0.28,0.0,0.0,0.0,3.95,30.36,3.88,30.91,0.07,0.0,0.49,1.83,69.23,5.15,52.05,0.21,0.78,0.71,27.51,1.97,1.55,40.91,76.21,16.79,67.23,6.84,92.78,10.58,73.33,33.15,85.32,4.37,41.94,18.79,30.48,0.16,0.78,0.0,0.07,0.21,0.0,0.71,4.87,56.52,3.6,37.25,0.56,12.5,0.21,1.2,8.89,69.84,0,,0,,0,0.0,0.0,0.0,,,0.42,,,0.71,0.07,0.0,0.92,0,0
M. Shinada,JEF United,Ventforet Kofu,"LDMF, LCMF",26,250000,,20,1226,2,0.64,4,3.35,13.95,53.68,Japan,Japan,right,180,71,no,8.0,6.24,58.82,2.57,54.29,0.29,0.34,0.51,4.04,4.73,1.03,3,0.22,0,0.0,1.39,0.15,2,0.15,0.05,0,0.0,15,1.1,40.0,13.333,0.29,0.66,44.44,0.37,60.0,0.29,25.0,0.0,1.03,64.29,2.2,53.33,0.15,0.59,0.07,34.65,0.44,0.59,48.67,85.52,14.98,72.55,8.66,94.07,17.32,90.68,42.8,89.88,5.21,54.93,19.11,34.44,0.25,1.54,0.22,0.07,0.15,0.0,0.29,6.46,67.05,1.76,45.83,0.95,38.46,0.51,0.29,6.24,74.12,0,,0,,0,0.0,0.0,0.0,,,0.81,,,1.39,0.51,57.14,3.6,0,0
T. Sakurai,Sagan Tosu,Tokushima Vortis,"DMF, LCMF, RCMF",23,250000,,18,624,0,0.0,0,0.3,13.27,53.26,Japan,Japan,right,178,68,no,6.92,6.35,68.18,1.73,66.67,0.14,0.2,0.29,2.45,3.47,0.43,2,0.29,0,0.0,1.15,0.0,0,0.0,0.0,0,0.0,1,0.14,0.0,0.0,0.0,0.72,20.0,0.14,0.0,0.58,25.0,0.0,1.15,50.0,3.03,33.33,0.29,0.14,0.0,33.61,0.14,0.29,45.14,86.26,13.27,72.83,5.05,94.29,21.92,94.08,40.1,91.37,4.47,48.39,17.58,21.27,0.04,0.43,0.0,0.0,0.58,75.0,0.14,6.49,71.11,2.02,35.71,0.72,60.0,0.58,0.43,6.35,72.73,0,,0,,0,0.0,0.0,0.0,,,0.72,,,0.0,0.0,0.0,0.29,0,0
T. Kuroishi,Ehime,Mito Hollyhock,"RB, LB",29,250000,2027-06-30,3,149,0,0.0,0,0.02,18.72,51.61,Japan,Japan,right,183,77,no,6.64,7.85,46.15,3.02,60.0,0.6,0.97,0.0,2.42,3.87,1.81,0,0.0,0,0.0,1.81,0.0,0,0.0,0.0,0,0.0,0,0.0,0.0,0.0,0.0,2.42,25.0,0.0,0.0,2.42,25.0,0.6,1.81,66.67,3.62,50.0,1.21,2.42,0.6,34.43,3.62,1.21,43.49,72.22,14.5,58.33,6.64,90.91,12.68,76.19,35.64,81.36,5.44,33.33,17.55,26.98,0.01,0.6,0.0,0.0,0.0,0.0,0.0,6.64,54.55,2.42,25.0,0.0,0.0,0.6,0.6,10.87,72.22,0,,0,,0,0.0,0.0,0.0,,,0.0,,,0.0,0.0,0.0,0.0,0,0
H. Kurosaki,,Tochigi SC,"RWB, RB",29,250000,,21,1407,1,0.41,2,1.13,17.01,46.24,Japan,Japan,right,182,77,no,8.51,7.48,54.7,1.6,48.0,0.19,0.22,0.13,4.22,4.81,0.77,1,0.06,0,0.0,2.69,0.06,1,0.06,0.03,0,0.0,6,0.38,50.0,16.667,0.13,3.71,31.03,0.06,0.0,3.65,31.58,0.45,2.75,41.86,5.44,35.29,0.9,1.15,0.7,20.21,1.54,0.51,27.06,75.18,7.04,72.73,4.67,91.78,10.81,69.82,20.41,86.21,3.07,52.08,20.01,30.34,0.07,0.83,0.0,0.0,0.26,75.0,0.51,3.01,68.09,4.03,42.86,0.64,60.0,0.64,1.22,6.14,73.96,0,,0,,0,0.0,0.0,0.0,,,0.26,,,0.0,0.0,0.0,0.06,0,0
T. Mizutani,Blaublitz Akita,Blaublitz Akita,LW,30,250000,,32,2147,1,1.34,2,4.65,14.67,38.86,Japan,Japan,right,162,62,no,6.62,5.45,55.38,2.81,25.37,0.38,0.47,0.17,3.23,3.99,1.13,6,0.25,0,0.0,2.35,0.04,1,0.04,0.06,0,0.0,16,0.67,25.0,6.25,0.08,2.56,49.18,1.59,36.84,0.96,69.57,0.34,1.47,54.29,3.65,29.89,1.05,0.96,0.29,13.12,1.43,0.25,22.55,71.56,9.18,62.56,4.28,91.18,5.74,72.26,17.44,76.44,2.64,60.32,17.91,25.38,0.19,1.97,0.13,0.04,0.25,50.0,0.38,3.65,57.47,2.72,61.54,0.54,38.46,0.42,1.17,5.78,76.81,0,,0,,0,0.0,0.0,0.0,,,0.13,,,1.43,0.08,100.0,4.99,0,0
R. Nemoto,Mito Hollyhock,Tochigi SC,CF,26,250000,2028-06-30,31,2262,6,7.99,1,1.89,28.97,32.42,Japan,Japan,right,183,83,no,3.06,2.63,46.97,7.88,38.38,0.4,0.47,0.16,1.43,1.7,2.35,4,0.16,0,0.0,2.35,0.24,6,0.24,0.32,1,0.04,50,1.99,38.0,12.0,0.04,0.36,22.22,0.12,33.33,0.24,16.67,0.0,2.9,52.05,12.37,26.37,3.66,0.84,0.04,6.41,1.55,1.03,11.82,70.71,2.27,56.14,2.94,89.19,3.14,73.42,11.14,72.86,0.36,44.44,13.16,12.04,0.08,0.56,0.0,0.0,0.08,0.0,0.24,1.19,46.67,0.72,33.33,0.16,50.0,0.64,0.04,0.76,52.63,0,,0,,0,0.0,0.0,0.0,,,0.0,,,0.0,0.0,0.0,0.0,0,0
K. Murata,Zweigen Kanazawa,Mito Hollyhock,"RB, RCB",29,250000,,22,1808,1,0.87,0,1.16,14.88,53.85,Japan,Japan,right,178,78,no,8.91,6.27,58.73,4.38,46.59,0.2,0.26,0.6,5.03,6.46,0.65,2,0.1,0,0.0,1.1,0.05,1,0.05,0.04,0,0.0,10,0.5,20.0,10.0,0.0,1.89,23.68,0.0,0.0,1.89,23.68,0.35,0.65,76.92,2.19,54.55,0.7,0.6,0.25,23.35,0.8,0.55,35.69,75.59,14.68,63.05,5.38,97.22,10.01,82.59,27.58,85.56,6.32,47.24,19.29,33.51,0.06,0.35,0.05,0.0,0.2,25.0,0.3,5.72,57.39,1.89,31.58,0.5,30.0,0.25,0.4,7.82,63.69,0,,0,,0,0.0,0.0,0.0,,,0.6,,,0.0,0.0,0.0,0.0,0,0
R. Ishio,Ehime,Tokushima Vortis,"CB, RB",26,250000,,22,2061,2,0.44,0,0.59,11.31,52.12,Japan,Japan,right,183,76,no,6.99,4.06,58.06,3.97,46.15,0.22,0.31,0.66,4.41,6.22,0.39,0,0.0,0,0.0,0.13,0.09,2,0.09,0.02,2,0.09,3,0.13,66.67,66.667,0.0,0.04,100.0,0.0,0.0,0.04,100.0,0.04,0.09,0.0,0.87,40.0,0.48,0.13,0.0,37.42,0.31,0.48,49.13,92.89,10.74,80.08,2.97,92.65,31.14,97.34,46.77,94.49,2.31,60.38,20.43,31.63,0.03,0.04,0.0,0.0,0.0,0.0,0.04,1.7,84.62,0.0,0.0,0.0,0.0,0.09,0.04,4.5,56.31,0,,0,,0,0.0,0.0,0.0,,,1.4,,,0.0,0.0,0.0,0.0,0,0
T. Kusumoto,Fujieda MYFC,Mito Hollyhock,"RCB, LCB",30,250000,,27,2340,2,2.01,0,0.0,16.12,65.63,Japan,Japan,right,182,76,no,10.54,6.5,73.37,5.04,61.07,0.38,0.52,0.58,5.38,7.22,0.88,2,0.08,0,0.0,0.35,0.08,2,0.08,0.08,1,0.04,14,0.54,21.43,14.286,0.0,0.04,100.0,0.0,0.0,0.04,100.0,0.0,0.31,62.5,1.65,53.49,0.54,0.15,0.04,29.27,0.27,1.08,46.77,86.35,17.42,72.19,2.46,98.44,22.77,95.44,40.92,91.17,5.81,52.32,22.38,41.82,0.0,0.0,0.04,0.0,0.04,0.0,0.0,6.77,64.2,0.5,30.77,0.42,45.45,0.12,0.04,7.96,65.7,0,,0,,0,0.0,0.0,0.0,,,1.35,,,0.0,0.0,0.0,0.0,0,0
F. Unoki,Vanraure Hachinohe,Mito Hollyhock,"RW, RB",24,250000,,27,1752,5,1.5,3,3.43,13.1,42.75,Japan,Japan,right,168,68,no,5.45,5.09,49.49,0.82,37.5,0.26,0.32,0.0,2.67,3.32,1.18,1,0.05,0,0.0,4.73,0.26,5,0.26,0.08,0,0.0,29,1.49,51.72,17.241,0.15,4.26,39.76,0.72,35.71,3.54,40.58,0.62,3.85,56.0,5.19,46.53,1.64,1.44,0.67,17.0,1.49,0.31,23.07,64.59,6.99,55.15,4.57,92.13,7.65,55.7,15.26,76.77,3.9,43.42,21.06,32.08,0.18,1.13,0.1,0.0,0.36,28.57,0.72,3.18,54.84,4.11,37.5,0.51,10.0,0.57,1.49,5.19,76.24,0,,0,,0,0.0,0.0,0.0,,,0.1,,,0.51,0.1,50.0,0.67,0,0
R. Niizato,Grulla Morioka,Mito Hollyhock,"LCMF, LW, CF",30,250000,,23,785,0,0.73,0,0.96,9.97,58.62,Japan,Japan,right,180,72,no,5.39,4.01,65.71,2.18,57.89,0.23,0.32,0.0,2.52,3.51,0.46,2,0.23,0,0.0,1.26,0.0,0,0.0,0.08,0,0.0,7,0.8,28.57,0.0,0.0,0.8,28.57,0.46,25.0,0.34,33.33,0.11,0.69,83.33,1.72,60.0,0.69,0.46,0.11,29.58,0.57,0.92,40.13,85.71,11.69,74.51,8.25,94.44,13.64,89.08,36.69,88.75,2.75,62.5,15.45,17.1,0.11,1.15,0.0,0.0,0.46,50.0,0.57,5.39,74.47,1.72,80.0,0.57,40.0,1.61,0.11,6.65,79.31,0,,0,,0,0.0,0.0,0.0,,,0.46,,,0.0,0.0,0.0,0.11,0,0
Y. Ishida,Kyoto Sanga,Iwaki,"RB, RCB",23,250000,,22,1197,0,0.84,0,0.19,19.25,61.33,Japan,Japan,right,175,73,no,10.15,8.27,69.09,3.61,60.42,0.3,0.46,0.08,4.14,6.35,1.2,1,0.08,0,0.0,2.63,0.0,0,0.0,0.06,0,0.0,16,1.2,6.25,0.0,0.0,1.95,42.31,0.08,0.0,1.88,44.0,0.08,3.16,52.38,4.66,56.45,0.68,0.98,0.53,20.23,0.15,0.75,34.21,74.95,15.49,65.53,3.01,87.5,11.43,83.55,27.44,82.47,4.89,46.15,18.95,25.0,0.01,0.23,0.08,0.0,0.3,25.0,0.0,6.62,61.36,2.86,42.11,0.6,12.5,0.38,0.75,8.8,76.07,0,,0,,0,0.0,0.0,0.0,,,0.53,,,0.0,0.0,0.0,0.0,0,0
D. Matsumoto,Zweigen Kanazawa,Machida Zelvia,"RCB, CB",27,250000,,18,1456,0,0.63,1,0.0,17.12,65.7,Japan,Japan,right,183,85,no,10.69,5.44,79.55,6.37,60.19,0.19,0.28,0.68,6.18,9.23,0.56,1,0.06,0,0.0,0.62,0.0,0,0.0,0.04,0,0.0,6,0.37,16.67,0.0,0.06,0.25,50.0,0.12,50.0,0.12,50.0,0.12,0.56,77.78,2.29,56.76,0.62,0.49,0.0,42.77,0.19,0.99,60.08,87.45,21.39,73.99,2.84,95.65,31.22,95.25,52.79,92.86,7.05,48.25,22.63,37.81,0.0,0.0,0.0,0.0,0.0,0.0,0.06,5.5,60.67,0.43,14.29,0.31,20.0,0.06,0.12,9.89,64.38,0,,0,,0,0.0,0.0,0.0,,,1.85,,,0.0,0.0,0.0,0.0,0,0
T. Arai,Albirex Niigata,Fujieda MYFC,"LCMF, RCMF",29,250000,,29,1780,0,0.53,0,0.87,15.88,53.5,Japan,Japan,left,174,67,no,10.57,7.43,63.95,1.77,40.0,1.16,1.73,0.3,4.65,6.9,1.06,3,0.15,0,0.0,0.61,0.0,0,0.0,0.03,0,0.0,15,0.76,13.33,0.0,0.0,0.25,40.0,0.2,25.0,0.05,100.0,0.0,0.56,63.64,3.03,40.0,0.4,0.46,0.1,23.71,0.15,0.81,36.25,84.38,11.07,69.41,6.42,91.34,13.55,92.54,32.97,89.26,3.03,35.0,18.6,28.49,0.04,0.66,0.0,0.0,0.3,16.67,0.2,4.85,65.63,1.26,56.0,0.81,31.25,0.61,0.1,5.31,67.62,0,,0,,0,0.0,0.0,0.0,,,0.91,,,0.2,0.0,0.0,0.56,0,0
S. Suzuki,Fujieda MYFC,Fujieda MYFC,LCB,29,250000,,31,2536,1,0.74,0,0.27,14.73,56.39,Japan,Japan,left,179,74,no,8.34,5.78,56.44,4.22,58.82,0.64,0.9,0.43,4.44,6.28,1.1,5,0.18,0,0.0,0.71,0.04,1,0.04,0.03,0,0.0,7,0.25,28.57,14.286,0.0,0.6,35.29,0.6,35.29,0.0,0.0,0.0,0.64,66.67,1.74,55.1,0.28,0.6,0.21,31.19,0.32,0.85,45.85,82.28,18.35,70.99,4.22,92.44,18.1,90.39,36.77,90.54,8.55,49.38,22.8,42.59,0.01,0.14,0.07,0.07,0.04,0.0,0.14,8.77,62.35,1.21,26.47,0.78,18.18,0.11,0.21,9.12,72.37,0,,0,,0,0.0,0.0,0.0,,,2.06,,,0.0,0.0,0.0,0.0,0,0
T. Tanaka,Kochi United,Renofa Yamaguchi,"LWB, LWF, LW",28,250000,,27,1529,1,1.39,0,1.14,15.78,44.4,Japan,Japan,right,175,65,no,5.77,5.24,60.67,2.06,28.57,0.12,0.19,0.29,2.47,3.94,0.65,0,0.0,0,0.0,2.18,0.06,0,0.0,0.08,0,0.0,11,0.65,18.18,9.091,0.0,2.53,25.58,1.94,27.27,0.59,20.0,0.24,2.35,52.5,5.83,42.42,1.47,1.29,0.47,23.31,2.47,1.35,30.84,78.63,5.59,58.95,9.95,94.08,9.77,78.31,26.43,85.3,2.06,57.14,22.27,28.52,0.07,0.47,0.0,0.0,0.29,60.0,0.24,1.59,59.26,1.82,38.71,0.29,60.0,0.65,0.53,3.94,62.69,0,,0,,0,0.0,0.0,0.0,,,0.29,,,0.0,0.0,0.0,0.0,1,100
K. Fukui,Cerezo Osaka,Machida Zelvia,GK,30,250000,,11,1099,0,0.0,0,0.0,0.57,71.43,Japan,Japan,left,184,78,no,1.56,0.0,0.0,0.25,66.67,0.0,0.0,0.0,1.56,2.07,0.08,2,0.16,0,0.0,0.0,0.0,0,0.0,0.0,0,0.0,0,0.0,0.0,0.0,0.0,0.0,0.0,0.0,0.0,0.0,0.0,0.0,0.0,0.0,0.25,66.67,0.0,0.0,0.0,8.11,0.25,0.25,14.9,79.67,11.22,73.72,0.08,100.0,3.11,97.37,5.65,100.0,9.25,67.26,41.69,53.43,0.0,0.0,0.0,0.0,0.0,0.0,0.0,4.42,72.22,0.25,0.0,0.08,0.0,0.0,0.0,6.96,84.71,6,0.49,33,2.7,7,81.82,9.24,0.76,3.24,0.265,0.08,1.47,0.25,,,,0.0,0,0
Y. Nagamine,Zweigen Kanazawa,Zweigen Kanazawa,LB,26,250000,2026-06-30,28,2416,0,0.74,0,2.11,16.13,52.42,Japan,Japan,left,175,67,no,9.42,7.04,59.79,3.09,49.4,0.19,0.22,0.3,5.03,6.05,0.75,2,0.07,0,0.0,1.9,0.0,0,0.0,0.03,0,0.0,11,0.41,18.18,0.0,0.0,3.5,34.04,3.5,34.04,0.0,0.0,0.22,1.27,47.06,3.13,50.0,0.63,0.93,0.19,27.45,0.89,0.75,39.52,73.23,15.12,62.32,5.51,91.89,11.92,77.19,30.21,82.86,6.07,46.63,20.62,34.05,0.08,0.97,0.0,0.04,0.19,20.0,0.48,5.7,60.13,4.02,47.22,0.86,21.74,0.93,1.15,9.72,66.28,0,,0,,0,0.0,0.0,0.0,,,0.26,,,0.3,0.04,100.0,0.22,0,0
Y. Takazawa,,Machida Zelvia,LCMF,29,250000,,1,4,0,0.0,0,0.0,,,Japan,Japan,left,181,71,no,,,,,,,0.0,,,0.0,,0,,0,,,,0,,,0,,0,,,0.0,,,,,,,,,,,,,,,,,,,,,,,,,,,,,,,0.0,0.0,,,,,,,,,,,,,,,,,,0,,0,,0,0.0,0.0,,,,,,,,,,,0,0
J. Okano,Blaublitz Akita,V-Varen Nagasaki,"RB, RCB",28,250000,,23,1441,0,1.44,0,0.07,18.55,53.87,Japan,Japan,right,187,81,no,8.56,6.12,63.27,7.31,50.43,0.56,0.75,0.25,4.12,5.53,1.31,2,0.12,0,0.0,0.44,0.0,0,0.0,0.09,0,0.0,8,0.5,37.5,0.0,0.0,0.25,50.0,0.0,0.0,0.25,50.0,0.0,0.5,25.0,1.31,42.86,0.87,0.62,0.25,26.36,0.62,0.81,35.35,83.92,15.8,73.12,2.12,88.24,14.55,94.85,30.48,90.57,4.68,42.67,19.86,26.56,0.0,0.06,0.0,0.0,0.06,0.0,0.0,3.87,59.68,0.81,30.77,0.37,33.33,0.25,0.06,6.37,57.84,0,,0,,0,0.0,0.0,0.0,,,0.87,,,0.0,0.0,0.0,0.0,0,0
S. Nakano,Vanraure Hachinohe,RB Omiya Ardija,"CF, RW",30,250000,,28,1373,2,4.7,1,0.79,16.78,36.33,Japan,Japan,right,173,69,no,5.51,4.26,52.31,4.0,29.51,0.59,0.75,0.13,2.69,3.44,1.25,0,0.0,0,0.0,1.64,0.13,2,0.13,0.31,0,0.0,34,2.23,29.41,5.882,0.07,0.92,42.86,0.52,37.5,0.39,50.0,0.13,1.38,42.86,4.79,30.14,3.8,0.59,0.2,15.21,1.51,1.11,20.25,77.35,2.95,62.22,6.88,88.57,5.38,74.39,18.22,82.01,1.18,27.78,14.71,16.3,0.05,0.59,0.0,0.0,0.0,0.0,0.39,0.98,66.67,0.92,78.57,0.13,0.0,0.46,0.39,2.16,42.42,0,,0,,0,0.0,0.0,0.0,,,0.0,,,0.0,0.0,0.0,0.07,0,0
T. Nagura,V-Varen Nagasaki,V-Varen Nagasaki,"AMF, CF, RW",28,250000,2028-06-30,17,669,0,0.21,1,0.45,23.0,54.39,Japan,Japan,right,168,61,no,9.01,7.13,69.81,0.67,0.0,0.54,0.79,0.27,3.5,5.13,1.35,1,0.13,0,0.0,3.63,0.0,0,0.0,0.03,0,0.0,5,0.67,40.0,0.0,0.13,1.35,0.0,0.67,0.0,0.67,0.0,0.13,4.57,70.59,11.3,53.57,1.75,1.35,0.94,15.74,0.27,2.02,27.17,81.68,6.86,72.55,6.05,97.78,7.4,78.18,25.7,86.39,0.27,0.0,15.75,4.1,0.06,0.67,0.0,0.0,0.54,25.0,0.4,3.23,79.17,1.48,27.27,0.4,0.0,0.67,0.0,2.56,73.68,0,,0,,0,0.0,0.0,0.0,,,0.0,,,0.0,0.0,0.0,0.0,0,0
Anderson,Botafogo PB,Fujieda MYFC,"CF, AMF, RW",25,250000,2027-06-30,23,1386,3,3.77,0,0.99,32.99,34.25,Brazil,Brazil,right,180,78,no,7.14,6.43,58.59,6.3,13.4,0.26,0.33,0.26,3.12,3.93,2.79,3,0.19,1,0.06,3.18,0.19,3,0.19,0.25,0,0.0,35,2.27,34.29,8.571,0.0,1.1,5.88,0.32,20.0,0.78,0.0,0.26,4.29,53.03,12.08,33.87,3.44,1.62,0.84,10.78,0.97,0.84,17.08,68.44,3.64,57.14,4.81,86.49,3.25,60.0,15.58,73.33,0.45,42.86,14.52,12.31,0.06,0.78,0.13,0.0,0.19,33.33,0.19,1.23,78.95,0.71,27.27,0.26,25.0,0.52,0.06,1.36,57.14,0,,0,,0,0.0,0.0,0.0,,,0.13,,,0.06,0.06,100.0,0.0,0,0
S. Naruse,Kashiwa Reysol,Mito Hollyhock,"LB, RB",25,225000,,17,913,0,0.05,0,0.05,13.21,50.75,Japan,Japan,right,166,66,no,6.8,5.82,61.02,2.17,40.91,0.1,0.13,0.1,3.15,4.12,1.18,3,0.3,0,0.0,1.38,0.0,0,0.0,0.01,0,0.0,3,0.3,33.33,0.0,0.0,0.79,25.0,0.39,25.0,0.39,25.0,0.1,0.59,83.33,3.15,40.63,0.3,0.89,0.1,28.49,1.08,0.89,37.75,84.07,15.87,72.67,5.72,96.55,10.55,88.79,33.61,90.32,3.55,33.33,18.32,26.7,0.01,0.2,0.0,0.0,0.59,100.0,0.2,5.22,66.04,1.87,63.16,0.49,20.0,0.89,0.2,7.69,73.08,0,,0,,0,0.0,0.0,0.0,,,0.49,,,0.0,0.0,0.0,0.0,0,0
T. Inui,Vissel Kobe,Shimizu S-Pulse,"AMF, CF",38,200000,,34,2479,10,7.01,8,7.04,17.86,46.75,Japan,Japan,right,169,63,no,4.32,3.63,54.0,1.42,20.51,0.69,1.1,0.11,1.67,2.66,1.13,8,0.29,0,0.0,4.28,0.36,10,0.36,0.25,1,0.04,69,2.51,33.33,14.493,0.29,1.38,26.32,0.94,26.92,0.44,25.0,0.29,3.78,66.35,10.31,51.06,3.85,1.92,0.73,43.17,0.84,2.29,53.4,85.66,13.18,73.28,13.11,95.01,14.34,88.61,49.48,88.04,2.61,70.83,16.34,36.47,0.26,2.11,0.04,0.11,1.31,44.44,0.91,5.92,77.3,3.74,55.34,1.16,31.25,2.25,0.36,7.52,85.99,0,,0,,0,0.0,0.0,0.0,,,0.07,,,0.73,0.11,0.0,1.6,0,0
Y. Yoshida,Shimizu S-Pulse,Shimizu S-Pulse,LB,36,200000,,34,2134,0,0.68,1,1.89,14.55,53.91,Japan,Japan,right,167,72,no,8.94,7.38,67.43,1.77,50.0,0.21,0.31,0.08,3.75,5.52,0.84,2,0.08,0,0.0,1.77,0.0,0,0.0,0.03,0,0.0,11,0.46,9.09,0.0,0.04,1.9,62.22,1.48,65.71,0.34,50.0,0.17,0.89,47.62,2.57,36.07,0.46,0.3,0.13,37.41,1.1,0.67,48.63,83.69,21.04,74.75,6.62,94.9,12.91,88.24,39.73,89.28,7.21,57.31,19.01,28.79,0.08,0.93,0.04,0.08,0.25,50.0,0.63,7.42,69.89,2.53,70.0,0.67,43.75,0.76,1.05,11.98,73.94,0,,0,,0,0.0,0.0,0.0,,,0.38,,,0.0,0.0,0.0,0.0,0,0
R. Sugimoto,,Thespa Gunma,"LW, AMF",33,200000,,18,1076,0,0.4,0,0.43,17.48,47.85,Japan,Japan,right,164,60,no,5.94,4.85,53.45,0.84,20.0,0.84,1.09,0.08,2.51,3.27,1.09,1,0.08,0,0.0,3.01,0.0,0,0.0,0.03,0,0.0,5,0.42,20.0,0.0,0.0,2.51,33.33,2.43,31.03,0.08,100.0,0.08,3.76,53.33,9.45,48.67,0.67,1.25,0.5,20.66,0.92,2.43,28.94,80.35,5.86,71.43,8.87,93.4,8.36,79.0,25.09,87.67,1.42,29.41,16.46,18.61,0.04,0.33,0.0,0.0,0.17,50.0,0.17,1.92,56.52,2.68,50.0,0.33,50.0,0.67,0.84,3.76,75.56,0,,0,,0,0.0,0.0,0.0,,,0.0,,,0.0,0.0,0.0,0.0,0,0
B. Kololli,Sion,Shimizu S-Pulse,"CF, LWB, LW",34,200000,2027-06-30,11,484,1,1.99,0,0.8,22.13,35.29,Switzerland,"Switzerland, Kosovo",right,184,82,no,3.16,2.05,36.36,3.35,44.44,0.19,0.34,0.19,2.23,4.04,1.67,2,0.37,0,0.0,4.28,0.19,1,0.19,0.37,0,0.0,16,2.98,31.25,6.25,0.0,2.6,35.71,2.23,41.67,0.37,0.0,0.56,4.09,54.55,12.64,33.82,5.02,1.12,0.19,23.06,2.79,0.93,31.43,79.88,7.25,69.23,9.86,92.45,8.74,68.09,28.08,83.44,0.93,100.0,14.27,5.31,0.15,1.12,0.19,0.0,0.74,25.0,0.37,3.35,77.78,2.23,33.33,0.56,0.0,0.37,0.93,4.28,86.96,0,,0,,0,0.0,0.0,0.0,,,0.37,,,0.37,0.19,0.0,2.6,0,0
I. Fujita,Fagiano Okayama,Montedio Yamagata,"RDMF, RB",35,200000,,37,2177,2,1.74,0,1.31,14.55,54.83,Japan,Japan,right,170,68,no,10.42,6.86,66.27,2.07,46.0,0.45,0.65,0.41,5.42,7.8,0.74,0,0.0,0,0.0,0.87,0.08,2,0.08,0.07,0,0.0,12,0.5,33.33,16.667,0.0,0.5,41.67,0.0,0.0,0.45,45.45,0.08,0.58,50.0,2.69,43.08,0.95,0.17,0.17,33.86,0.33,0.7,47.17,83.79,16.04,71.65,8.93,94.44,11.91,89.58,43.95,86.83,2.73,42.42,15.44,22.45,0.05,0.54,0.08,0.04,0.29,71.43,0.17,6.16,73.83,1.12,51.85,0.5,33.33,0.66,0.21,7.03,61.76,0,,0,,0,0.0,0.0,0.0,,,0.74,,,0.0,0.0,0.0,0.08,0,0
K. Kitazume,Shimizu S-Pulse,Shimizu S-Pulse,"RB, RWB",34,200000,,34,2147,4,2.19,3,5.14,14.55,53.03,Japan,Japan,right,177,73,no,7.76,5.87,63.57,2.93,47.14,0.54,0.86,0.29,3.48,5.46,0.46,0,0.0,0,0.0,3.19,0.17,4,0.17,0.09,0,0.0,24,1.01,41.67,16.667,0.13,3.9,41.94,0.13,33.33,3.77,42.22,0.34,1.34,68.75,3.1,54.05,2.47,2.1,1.17,39.91,3.94,0.42,53.24,81.02,17.52,71.29,8.3,94.95,18.07,82.6,45.19,86.09,4.28,62.75,18.28,25.59,0.22,1.34,0.04,0.04,0.34,62.5,0.96,6.41,76.47,4.95,60.17,0.38,55.56,1.76,1.51,12.16,80.34,0,,0,,0,0.0,0.0,0.0,,,0.46,,,0.0,0.0,0.0,0.0,0,0
Dudu,,JEF United,"LAMF, LW",36,200000,,17,1103,7,4.72,2,1.43,23.5,43.06,Brazil,Brazil,right,180,75,no,5.14,4.57,55.36,4.73,25.86,0.24,0.41,0.08,2.37,4.01,1.14,2,0.16,0,0.0,5.14,0.57,7,0.57,0.38,1,0.08,31,2.53,48.39,22.581,0.16,2.12,46.15,2.04,44.0,0.08,100.0,0.33,5.06,56.45,11.1,48.53,3.02,2.45,0.9,19.34,3.18,2.77,27.33,74.63,6.36,67.95,5.22,92.19,8.73,72.9,23.66,77.59,1.71,66.67,16.18,21.09,0.12,1.22,0.08,0.0,0.24,33.33,0.24,2.12,57.69,2.69,54.55,0.33,50.0,1.47,0.9,4.24,78.85,0,,0,,0,0.0,0.0,0.0,,,0.16,,,0.0,0.0,0.0,0.0,1,0
T. Shige,Oita Trinita,Oita Trinita,RWB,33,200000,,18,1625,1,2.59,0,0.51,16.56,51.17,Japan,Japan,right,173,67,no,6.65,5.48,74.75,1.61,27.59,0.06,0.09,0.17,2.49,4.13,0.33,0,0.0,0,0.0,2.1,0.06,1,0.06,0.14,0,0.0,9,0.5,33.33,11.111,0.0,1.72,32.26,0.06,100.0,1.66,30.0,0.28,2.27,58.54,6.92,41.6,1.11,0.83,0.39,14.07,1.16,1.38,19.88,74.37,4.98,48.89,5.93,98.13,4.65,70.24,17.06,81.49,1.22,31.82,16.14,22.75,0.03,0.39,0.0,0.0,0.33,16.67,0.22,1.27,43.48,1.61,37.93,0.33,16.67,0.39,0.5,2.88,61.54,0,,0,,0,0.0,0.0,0.0,,,0.28,,,0.0,0.0,0.0,0.0,0,0
Y. Matsushita,Fujieda MYFC,Vegalta Sendai,"LCMF, RCMF, LDMF",32,200000,,16,911,0,0.55,1,1.03,15.91,56.52,Japan,Japan,left,174,67,no,10.08,7.11,63.89,2.37,50.0,0.89,1.27,0.4,4.64,6.62,0.79,1,0.1,0,0.0,0.99,0.0,0,0.0,0.05,0,0.0,6,0.59,0.0,0.0,0.1,0.99,20.0,0.49,20.0,0.49,20.0,0.1,0.79,50.0,3.85,48.72,0.4,0.4,0.1,32.9,0.2,1.28,48.51,81.26,19.66,70.85,6.13,93.55,16.3,88.48,42.28,87.15,5.33,44.44,20.06,30.35,0.1,0.69,0.1,0.0,0.89,44.44,0.4,8.4,63.53,3.06,48.39,1.48,40.0,1.09,0.2,9.09,78.26,0,,0,,0,0.0,0.0,0.0,,,0.59,,,0.59,0.1,0.0,1.09,0,0
Y. Akiyama,Wollongong United,Vegalta Sendai,"LB, LW",31,200000,,17,1147,0,0.44,0,0.67,19.38,48.99,Japan,Japan,left,172,70,no,9.89,7.85,69.0,4.0,31.37,0.24,0.36,0.39,4.24,6.43,0.39,2,0.16,0,0.0,1.96,0.0,0,0.0,0.03,0,0.0,7,0.55,0.0,0.0,0.0,1.57,45.0,1.41,44.44,0.0,0.0,0.08,2.28,51.72,5.57,40.85,0.71,0.71,0.16,24.4,0.55,0.94,35.07,81.66,15.46,77.16,6.59,92.86,7.53,84.38,30.37,87.86,3.22,39.02,17.31,28.76,0.05,0.55,0.08,0.0,0.08,100.0,0.31,6.59,72.62,2.12,62.96,0.86,27.27,0.71,0.78,8.16,82.69,0,,0,,0,0.0,0.0,0.0,,,0.39,,,0.0,0.0,0.0,0.0,0,0
Y. Kakitani,,Tokushima Vortis,"CF, AMF",36,200000,,37,2763,7,6.57,1,2.6,12.61,40.31,Japan,Japan,right,176,68,no,4.85,2.93,57.78,1.95,26.67,0.55,0.81,0.13,2.61,3.8,0.68,3,0.1,0,0.0,1.66,0.23,7,0.23,0.21,0,0.0,40,1.3,37.5,17.5,0.03,0.85,34.62,0.72,31.82,0.1,66.67,0.1,1.73,47.17,5.37,41.82,1.99,0.91,0.23,20.36,1.17,0.94,27.56,79.2,7.26,63.23,6.84,95.24,8.11,80.72,24.59,84.9,2.12,30.77,17.24,27.35,0.08,0.85,0.07,0.0,0.33,20.0,0.33,4.04,52.42,2.02,41.94,0.62,15.79,0.62,0.36,3.58,69.09,0,,0,,0,0.0,0.0,0.0,,,0.26,,,0.81,0.13,0.0,1.66,0,0
S. Kitagawa,,Thespa Gunma,"RW, CF",31,200000,,37,1248,3,2.63,2,1.63,20.84,39.45,Japan,Japan,right,180,74,no,4.62,4.62,50.0,5.41,38.67,0.07,0.09,0.14,2.24,2.74,1.51,0,0.0,0,0.0,2.45,0.22,2,0.14,0.19,1,0.07,23,1.66,43.48,13.043,0.14,1.51,33.33,0.5,28.57,1.01,35.71,0.29,2.02,57.14,7.79,36.11,3.03,0.72,0.65,18.61,1.3,1.73,25.6,82.25,5.99,63.86,6.85,94.74,6.63,90.22,23.51,86.5,0.58,37.5,14.88,4.2,0.12,0.29,0.0,0.0,0.29,25.0,0.22,1.51,76.19,1.23,52.94,0.22,33.33,0.43,0.65,3.25,66.67,0,,0,,0,0.0,0.0,0.0,,,0.0,,,0.0,0.0,0.0,0.0,1,100
M. Sugita,Fujieda MYFC,Fujieda MYFC,"LCMF, RCMF, AMF",31,200000,,13,1121,1,1.02,1,0.52,20.15,49.0,Japan,Japan,right,170,67,no,9.96,6.9,61.63,4.26,45.28,0.24,0.38,0.4,5.46,8.64,1.2,4,0.32,0,0.0,0.8,0.08,1,0.08,0.08,0,0.0,19,1.53,21.05,5.263,0.08,0.64,12.5,0.32,25.0,0.32,0.0,0.0,0.72,44.44,4.5,33.93,1.28,0.96,0.32,30.19,0.96,0.56,42.39,82.77,13.49,72.62,7.15,94.38,15.41,90.63,39.26,86.09,2.49,48.39,17.09,37.76,0.04,0.64,0.08,0.0,0.4,20.0,0.16,6.9,77.91,1.69,52.38,0.4,20.0,0.96,0.08,7.07,68.18,0,,0,,0,0.0,0.0,0.0,,,1.2,,,0.0,0.0,0.0,0.0,0,0
T. Mizuno,VONDS Ichihara,Fujieda MYFC,"RCMF, LCMF",33,200000,2027-06-30,36,2672,3,2.44,1,1.58,15.86,48.2,Japan,Japan,right,170,65,no,9.77,6.84,54.68,1.68,38.0,0.91,1.2,0.2,5.12,6.76,1.45,6,0.2,0,0.0,1.58,0.1,3,0.1,0.08,0,0.0,22,0.74,40.91,13.636,0.03,0.61,16.67,0.3,11.11,0.3,22.22,0.1,1.11,75.76,4.28,49.61,1.18,0.51,0.2,39.64,0.24,1.11,54.23,83.29,19.23,71.98,8.15,93.39,18.63,89.15,46.79,88.77,6.84,51.72,18.82,35.51,0.05,0.51,0.07,0.0,0.74,45.45,0.2,10.07,71.57,2.76,43.9,1.38,29.27,1.21,0.13,9.57,75.35,0,,0,,0,0.0,0.0,0.0,,,1.11,,,0.03,0.0,0.0,0.2,0,0
Y. Minagawa,Naga World,Renofa Yamaguchi,CF,34,200000,2026-06-30,30,1478,2,3.97,2,0.33,28.25,36.21,Japan,Japan,right,185,83,no,3.23,2.8,36.96,11.87,46.67,0.06,0.09,0.43,2.13,3.28,1.95,3,0.18,0,0.0,0.73,0.12,2,0.12,0.24,0,0.0,21,1.28,42.86,9.524,0.12,0.24,25.0,0.12,0.0,0.12,50.0,0.06,0.49,25.0,8.34,24.09,2.5,0.0,0.0,7.12,1.77,1.77,13.27,72.48,3.11,41.18,4.26,91.43,2.19,75.0,12.67,74.04,0.37,50.0,12.48,5.69,0.02,0.3,0.0,0.0,0.12,0.0,0.06,1.16,26.32,0.43,42.86,0.12,0.0,0.43,0.06,1.16,47.37,0,,0,,0,0.0,0.0,0.0,,,0.0,,,0.0,0.0,0.0,0.0,0,0
Silvio,,Renofa Yamaguchi,CF,32,200000,,9,429,2,2.09,1,1.22,24.13,29.57,Brazil,Brazil,both,184,77,no,2.73,1.47,57.14,9.02,34.88,0.0,0.0,0.21,1.89,3.55,0.63,0,0.0,0,0.0,2.31,0.42,1,0.21,0.44,0,0.0,11,2.31,27.27,18.182,0.21,1.47,42.86,0.63,33.33,0.84,50.0,0.0,2.52,33.33,8.6,26.83,3.99,2.1,0.42,10.7,1.89,0.84,15.94,72.37,2.73,69.23,3.57,94.12,4.41,76.19,13.43,76.56,1.05,60.0,15.55,14.77,0.26,1.68,0.21,0.0,0.21,100.0,0.84,0.63,33.33,2.1,50.0,0.63,66.67,1.05,0.63,2.31,100.0,0,,0,,0,0.0,0.0,0.0,,,0.0,,,0.0,0.0,0.0,0.0,1,100
N. Kawashima,,Fujieda MYFC,CB,34,200000,,37,3507,0,0.75,1,0.0,18.66,65.47,Japan,Japan,right,183,77,no,12.73,8.19,74.29,5.52,63.26,0.41,0.58,0.69,6.24,8.8,0.98,8,0.21,0,0.0,0.49,0.0,0,0.0,0.02,0,0.0,8,0.21,25.0,0.0,0.03,0.03,0.0,0.0,0.0,0.03,0.0,0.0,0.62,66.67,1.9,60.81,0.31,0.56,0.03,32.41,0.1,1.46,49.58,90.79,18.86,84.35,1.85,86.11,23.94,96.57,46.48,93.21,3.08,55.0,19.04,32.32,0.0,0.03,0.0,0.05,0.03,100.0,0.0,3.49,76.47,0.1,50.0,0.08,33.33,0.1,0.0,6.52,66.54,0,,0,,0,0.0,0.0,0.0,,,1.21,,,0.0,0.0,0.0,0.0,0,0
D. Hotta,Vegalta Sendai,Fagiano Okayama,GK,31,200000,,33,3222,0,0.0,0,0.0,1.01,83.33,Japan,Japan,left,183,78,no,1.37,0.11,75.0,0.61,95.45,0.0,0.0,0.0,1.28,1.77,0.0,2,0.06,0,0.0,0.0,0.0,0,0.0,0.0,0,0.0,0,0.0,0.0,0.0,0.0,0.0,0.0,0.0,0.0,0.0,0.0,0.0,0.0,0.0,0.14,60.0,0.0,0.0,0.0,10.42,0.14,0.17,17.23,89.95,8.16,80.48,0.03,100.0,8.1,98.62,12.43,97.98,4.8,69.19,28.96,45.18,0.0,0.0,0.0,0.0,0.0,0.0,0.0,1.59,63.16,0.11,25.0,0.14,40.0,0.03,0.0,3.83,75.91,39,1.09,123,3.44,10,68.29,38.35,1.07,-0.65,-0.018,0.0,1.84,0.61,,,,0.0,0,0
M. Kato,Tochigi City,V-Varen Nagasaki,"AMF, CF, LDMF",35,200000,,22,994,2,0.96,0,1.59,19.74,50.92,Japan,Japan,left,175,72,no,11.14,7.7,69.41,2.54,28.57,1.72,2.43,0.36,4.07,5.74,1.09,1,0.09,0,0.0,1.9,0.18,2,0.18,0.09,0,0.0,10,0.91,40.0,20.0,0.0,1.27,57.14,0.63,71.43,0.54,50.0,0.36,1.27,57.14,4.35,45.83,1.99,0.27,0.18,16.48,1.0,1.18,26.08,77.08,8.06,66.29,5.25,79.31,7.06,82.05,22.27,79.67,2.54,64.29,16.86,24.76,0.14,0.81,0.27,0.0,0.18,50.0,0.54,2.54,60.71,1.36,53.33,0.36,50.0,0.63,0.72,4.53,62.0,0,,0,,0,0.0,0.0,0.0,,,0.09,,,0.54,0.0,0.0,0.72,0,0
T. Sawada,V-Varen Nagasaki,V-Varen Nagasaki,"RW, RAMF, AMF",35,200000,,36,2431,3,2.97,2,2.8,16.4,44.24,Japan,Japan,right,170,63,no,7.26,6.22,57.74,2.55,31.88,0.3,0.4,0.41,3.37,4.56,0.78,0,0.0,0,0.0,1.85,0.11,3,0.11,0.11,0,0.0,22,0.81,22.73,13.636,0.07,1.59,46.51,0.33,55.56,1.22,42.42,0.26,1.67,53.33,5.26,35.92,2.67,0.78,0.89,13.77,0.52,0.33,21.21,80.1,4.44,58.33,6.18,93.41,5.59,82.12,18.62,85.09,1.04,42.86,15.67,16.18,0.1,0.89,0.07,0.11,0.15,25.0,0.63,1.37,59.46,1.3,60.0,0.37,30.0,0.78,0.59,2.78,58.67,0,,0,,0,0.0,0.0,0.0,,,0.11,,,0.0,0.0,0.0,0.0,0,0
R. Takahashi,,Fagiano Okayama,"LWB, LB, LW",32,200000,,23,1215,1,1.1,3,2.4,20.44,49.64,Japan,Japan,left,171,68,no,7.19,6.22,63.1,2.37,31.25,0.22,0.31,0.15,3.04,4.2,1.26,1,0.07,1,0.07,5.11,0.07,1,0.07,0.08,0,0.0,10,0.74,30.0,10.0,0.22,3.63,28.57,3.48,27.66,0.15,50.0,0.44,5.56,64.0,9.11,49.59,1.78,2.15,0.67,20.22,1.56,1.04,28.67,69.25,10.3,64.03,3.93,84.91,8.59,74.14,22.0,78.11,3.11,52.38,21.77,18.09,0.18,1.33,0.0,0.07,0.52,57.14,0.81,3.78,60.78,3.56,47.92,1.26,35.29,1.04,1.26,8.22,68.47,0,,0,,0,0.0,0.0,0.0,,,0.22,,,0.37,0.07,0.0,0.0,0,0
K. Uchida,Tochigi SC,Tokushima Vortis,RCB,33,200000,2027-06-30,21,1833,1,0.82,0,0.87,12.62,59.92,Japan,Japan,right,175,69,no,9.72,5.3,68.52,4.47,51.65,0.54,0.77,0.64,5.55,7.94,0.69,3,0.15,0,0.0,0.64,0.05,1,0.05,0.04,0,0.0,11,0.54,9.09,9.091,0.0,0.59,50.0,0.0,0.0,0.59,50.0,0.05,0.34,71.43,1.18,58.33,0.39,1.28,0.29,48.95,0.25,0.49,63.49,87.78,24.35,77.42,3.34,92.65,29.66,95.03,55.34,93.43,7.61,49.68,21.97,40.73,0.04,0.34,0.0,0.0,0.15,33.33,0.15,7.17,62.33,1.33,48.15,0.59,50.0,0.25,0.29,9.67,70.05,0,,0,,0,0.0,0.0,0.0,,,1.91,,,0.0,0.0,0.0,0.0,0,0
R. Ikeda,Ryūkyū,Oita Trinita,"LDMF, RCMF, LCMF",28,200000,,11,603,0,0.0,0,0.11,17.31,56.03,Japan,Japan,right,177,68,no,10.15,6.87,71.74,2.54,64.71,0.75,1.21,0.3,4.48,7.26,1.04,2,0.3,0,0.0,0.9,0.0,0,0.0,0.0,0,0.0,0,0.0,0.0,0.0,0.0,0.3,50.0,0.0,0.0,0.3,50.0,0.0,1.19,62.5,4.63,41.94,0.15,1.04,0.15,34.48,0.0,1.49,46.72,85.62,12.99,73.56,7.46,94.0,17.61,92.37,43.43,88.32,2.99,50.0,17.69,19.92,0.02,0.15,0.0,0.3,0.15,0.0,0.15,3.73,68.0,1.04,42.86,0.45,66.67,0.3,0.15,6.27,54.76,0,,0,,0,0.0,0.0,0.0,,,1.49,,,0.0,0.0,0.0,0.0,0,0
H. Naruoka,Renofa Yamaguchi,Renofa Yamaguchi,"LCMF, RCMF",23,200000,,13,902,0,0.2,1,0.52,18.46,45.95,Japan,Japan,right,170,59,no,6.49,5.59,44.64,2.39,41.67,0.2,0.32,0.1,3.79,6.16,1.8,1,0.1,0,0.0,2.39,0.0,0,0.0,0.02,0,0.0,6,0.6,16.67,0.0,0.1,0.7,57.14,0.5,60.0,0.2,50.0,0.0,2.69,55.56,7.68,45.45,0.8,0.9,0.4,29.14,0.1,1.9,39.81,83.96,11.57,68.97,7.08,91.55,15.17,92.11,35.22,88.67,3.89,46.15,17.59,24.12,0.05,0.6,0.0,0.0,0.4,100.0,0.4,6.09,67.21,1.5,60.0,0.9,55.56,1.0,0.4,6.98,74.29,0,,0,,0,0.0,0.0,0.0,,,0.6,,,0.1,0.0,0.0,0.0,0,0
M. Yoshinaga,Giravanz Kitakyushu,Júbilo Iwata,"RW, RB",24,200000,,9,534,0,0.68,0,0.15,20.56,47.54,Japan,Japan,right,174,65,no,7.92,7.42,59.09,2.02,50.0,0.51,0.68,0.0,3.03,4.09,2.02,1,0.17,0,0.0,3.2,0.0,0,0.0,0.12,0,0.0,11,1.85,9.09,0.0,0.0,2.53,40.0,0.0,0.0,2.53,40.0,0.34,4.04,50.0,7.42,38.64,3.2,1.52,0.17,38.6,2.87,0.51,46.69,83.03,11.8,72.86,11.29,91.04,15.67,84.95,40.96,88.89,3.71,45.45,14.36,17.69,0.03,0.84,0.17,0.0,0.0,0.0,0.17,3.88,65.22,3.2,73.68,0.0,0.0,1.35,1.01,8.09,72.92,0,,0,,0,0.0,0.0,0.0,,,0.34,,,0.0,0.0,0.0,0.51,0,0
K. Haneda,Gifu,Oita Trinita,"RCMF, CB, RCB",28,200000,,24,1342,1,0.52,0,0.19,13.21,56.85,Japan,Japan,right,186,80,no,6.51,3.08,76.09,5.9,60.23,0.13,0.21,0.54,4.02,6.38,0.47,1,0.07,1,0.07,0.34,0.07,1,0.07,0.03,1,0.07,4,0.27,25.0,25.0,0.0,0.07,100.0,0.07,100.0,0.0,0.0,0.0,0.4,50.0,1.88,25.0,0.4,0.07,0.0,44.33,0.2,0.2,58.55,92.9,19.72,84.01,4.63,98.55,27.56,98.3,54.86,95.48,3.62,53.7,17.67,23.18,0.01,0.4,0.07,0.0,0.07,0.0,0.07,4.83,76.39,0.8,66.67,0.34,60.0,0.34,0.07,6.1,74.73,0,,0,,0,0.0,0.0,0.0,,,0.94,,,0.0,0.0,0.0,0.0,0,0
R. Morioka,Júbilo Iwata,Júbilo Iwata,"LCB, RCB",27,200000,,2,25,0,0.1,0,0.0,,,Japan,Japan,right,181,71,no,,,,,,,0.0,,,7.5,,0,,0,,,,0,,,0,,1,,,0.0,,,,,,,,,,,,,,,,,,,,,,,,,,,,,,,14.06,0.0,,,,,,,,,,,,,,,,,,0,,0,,0,0.0,0.0,,,,,,,,,,,0,0
M. Woud,Auckland FC,Ventforet Kofu,GK,27,200000,2027-06-30,1,102,0,0.0,0,0.0,1.76,50.0,New Zealand,"New Zealand, Netherlands",left,196,89,no,0.0,0.0,0.0,1.76,50.0,0.0,0.0,0.0,0.0,0.0,0.0,0,0.0,0,0.0,0.0,0.0,0,0.0,0.0,0,0.0,0,0.0,0.0,0.0,0.0,0.0,0.0,0.0,0.0,0.0,0.0,0.0,0.0,0.0,0.0,0.0,0.0,0.0,0.0,7.06,0.0,0.0,13.24,66.67,9.71,54.55,0.0,0.0,3.53,100.0,3.53,100.0,9.71,54.55,44.55,50.48,0.0,0.0,0.0,0.0,0.0,0.0,0.0,1.76,50.0,0.0,0.0,0.0,0.0,0.0,0.0,6.18,71.43,3,2.65,4,3.53,0,25.0,2.37,2.09,-0.63,-0.556,0.0,1.76,1.76,,,,0.0,0,0
S. Takada,Tokushima Vortis,Tokushima Vortis,"RAMF, LWB, RWB",24,200000,,9,176,0,0.05,0,0.17,27.1,56.6,Japan,Japan,right,180,64,no,5.63,4.09,62.5,0.51,100.0,0.0,0.0,0.0,3.07,7.83,0.51,0,0.0,0,0.0,13.81,0.0,0,0.0,0.03,0,0.0,2,1.02,0.0,0.0,0.0,9.72,31.58,2.05,100.0,7.67,13.33,0.51,16.36,65.63,20.97,58.54,2.05,10.74,2.56,31.7,1.02,1.53,43.47,74.12,7.67,66.67,10.74,95.24,15.34,70.0,32.73,87.5,2.05,75.0,18.77,15.12,0.09,1.53,0.0,0.0,0.0,0.0,0.51,1.02,50.0,7.67,53.33,0.0,0.0,2.56,2.05,6.14,83.33,0,,0,,0,0.0,0.0,0.0,,,0.0,,,0.0,0.0,0.0,0.0,0,0
S. Aihara,Mito Hollyhock,Roasso Kumamoto,"CF, RW, RWF",30,200000,2027-06-30,39,2002,5,7.18,4,1.86,25.58,37.61,Japan,Japan,left,178,75,no,5.17,3.51,53.85,7.69,39.77,0.31,0.45,0.27,2.97,4.26,1.35,5,0.22,1,0.04,3.42,0.22,4,0.18,0.32,0,0.0,72,3.24,38.89,6.944,0.18,2.61,31.03,0.85,26.32,1.75,33.33,0.63,2.79,46.77,9.44,32.86,4.05,0.94,0.31,29.63,2.56,1.08,38.03,79.08,5.8,64.34,14.07,92.33,10.11,72.0,34.03,83.75,1.53,55.88,16.89,17.9,0.08,0.94,0.0,0.04,0.45,10.0,0.49,2.92,61.54,3.01,43.28,0.81,22.22,1.03,0.76,4.23,72.34,0,,0,,0,0.0,0.0,0.0,,,0.04,,,0.4,0.13,66.67,1.35,1,100
S. Mishima,Roasso Kumamoto,Roasso Kumamoto,"RWB, RB",30,200000,,7,566,0,0.08,0,0.07,11.45,47.22,Japan,Japan,right,176,72,no,6.2,4.61,62.07,1.43,44.44,0.32,0.47,0.32,3.02,4.49,0.48,0,0.0,0,0.0,1.43,0.0,0,0.0,0.01,0,0.0,2,0.32,0.0,0.0,0.0,1.75,45.45,0.16,0.0,1.59,50.0,0.48,0.8,80.0,3.5,31.82,0.48,0.16,0.0,42.14,0.32,0.0,53.75,86.98,17.81,71.43,11.93,98.67,11.77,89.19,49.29,91.61,2.86,33.33,14.56,32.56,0.01,0.32,0.0,0.0,0.32,0.0,0.16,5.88,59.46,2.54,50.0,0.48,0.0,0.48,0.8,6.2,71.79,0,,0,,0,0.0,0.0,0.0,,,0.32,,,0.0,0.0,0.0,0.0,0,0
Rafael Costa,Anápolis,Tochigi SC,"RCB, LB",25,200000,,5,155,0,0.14,1,0.34,16.26,64.29,Brazil,Brazil,,187,81,no,13.94,6.39,72.73,6.39,54.55,0.0,0.0,2.32,9.29,11.16,2.32,1,0.58,0,0.0,0.58,0.0,0,0.0,0.08,0,0.0,1,0.58,0.0,0.0,0.58,0.58,100.0,0.0,0.0,0.58,100.0,0.0,0.0,0.0,1.16,50.0,1.74,0.0,0.0,19.16,0.58,0.0,27.29,80.85,15.1,76.92,1.16,100.0,9.87,94.12,20.9,88.89,5.81,50.0,24.0,20.28,0.2,0.58,0.0,0.0,0.0,0.0,0.58,5.23,55.56,0.58,100.0,0.0,0.0,0.0,0.58,6.39,81.82,0,,0,,0,0.0,0.0,0.0,,,0.58,,,0.0,0.0,0.0,0.0,0,0
M. Okino,,Blaublitz Akita,RW,29,200000,,14,497,0,0.58,3,1.55,12.68,41.43,Japan,Japan,right,165,62,no,2.72,1.99,54.55,1.45,25.0,0.0,0.0,0.0,1.63,1.97,0.18,0,0.0,0,0.0,4.16,0.0,0,0.0,0.1,0,0.0,7,1.27,28.57,0.0,0.54,4.16,26.09,0.36,0.0,3.8,28.57,0.91,4.53,60.0,8.15,42.22,0.91,1.81,0.36,17.75,0.18,0.91,27.34,73.51,6.16,58.82,7.24,95.0,7.61,73.81,22.45,83.87,1.09,16.67,16.76,14.83,0.28,1.45,0.18,0.0,0.0,0.0,0.54,1.45,62.5,2.9,50.0,0.0,0.0,0.18,1.45,4.35,62.5,0,,0,,0,0.0,0.0,0.0,,,0.36,,,1.63,0.0,0.0,5.07,0,0
S. Kobori,,Tochigi SC,"CF, RWF, AMF",23,200000,,20,1066,0,1.47,1,0.85,24.06,33.68,Japan,Japan,right,186,82,no,3.63,3.46,56.1,8.53,36.63,0.59,0.76,0.08,1.1,1.41,1.18,1,0.08,0,0.0,1.52,0.0,0,0.0,0.12,0,0.0,19,1.6,21.05,0.0,0.08,0.84,20.0,0.59,14.29,0.25,33.33,0.17,2.45,34.48,8.53,24.75,2.62,0.93,0.34,7.68,1.18,0.25,13.51,73.13,2.11,56.0,3.38,87.5,4.64,78.18,12.07,78.32,0.59,42.86,14.56,10.35,0.07,0.59,0.17,0.0,0.25,66.67,0.34,1.18,50.0,1.18,64.29,0.17,50.0,0.68,0.25,1.52,66.67,0,,0,,0,0.0,0.0,0.0,,,0.08,,,0.0,0.0,0.0,0.0,0,0
H. Take,Tegevajaro Miyazaki,Thespa Gunma,CF,30,200000,,24,1252,3,3.5,1,0.1,18.47,31.52,Japan,Japan,right,175,67,no,3.38,2.52,60.0,5.32,25.68,0.07,0.08,0.22,1.8,1.9,1.15,1,0.07,0,0.0,1.8,0.22,3,0.22,0.25,1,0.07,20,1.44,55.0,15.0,0.07,0.65,22.22,0.43,16.67,0.22,33.33,0.14,1.65,47.83,6.76,26.6,2.88,0.29,0.14,8.34,1.37,0.93,13.08,61.54,3.23,44.44,2.3,71.88,4.31,66.67,11.5,65.63,0.93,38.46,16.15,17.43,0.01,0.22,0.0,0.0,0.14,50.0,0.14,1.22,52.94,0.58,25.0,0.14,50.0,0.29,0.14,1.37,47.37,0,,0,,0,0.0,0.0,0.0,,,0.0,,,0.0,0.0,0.0,0.0,0,0
J. Ikoma,Giravanz Kitakyushu,Renofa Yamaguchi,"RCB, LCB, CB",26,200000,2027-01-31,20,1489,1,1.64,0,0.27,16.5,57.88,Japan,Japan,right,185,80,yes,9.61,6.29,67.31,6.47,56.07,0.24,0.38,0.54,5.14,7.99,0.66,4,0.24,0,0.0,0.18,0.06,1,0.06,0.1,1,0.06,6,0.36,33.33,16.667,0.0,0.18,0.0,0.12,0.0,0.06,0.0,0.0,0.12,50.0,1.09,33.33,0.79,0.18,0.0,43.52,0.6,0.54,57.48,85.91,22.06,72.05,2.9,100.0,28.05,95.47,49.44,91.56,7.86,52.31,22.35,38.69,0.02,0.12,0.0,0.0,0.18,0.0,0.0,6.83,57.52,0.73,16.67,1.03,23.53,0.12,0.0,10.09,70.66,0,,0,,0,0.0,0.0,0.0,,,1.51,,,0.0,0.0,0.0,0.0,0,0
H. Otani,Zweigen Kanazawa,Zweigen Kanazawa,"CF, LW, AMF",29,200000,,18,465,0,1.07,1,0.26,24.0,37.1,Japan,Japan,right,173,64,no,3.68,5.81,43.33,6.0,29.03,0.19,0.28,0.0,0.97,1.42,2.32,1,0.19,0,0.0,4.65,0.0,0,0.0,0.21,0,0.0,12,2.32,33.33,0.0,0.19,4.84,12.0,3.29,17.65,1.55,0.0,0.97,5.42,60.71,8.71,42.22,5.03,3.1,1.55,12.58,3.48,0.19,20.13,62.5,4.65,70.83,5.03,88.46,5.42,42.86,14.71,80.26,0.77,25.0,18.54,6.99,0.05,0.19,0.0,0.0,0.0,0.0,0.19,1.55,62.5,3.29,41.18,0.39,50.0,1.16,0.77,1.55,100.0,0,,0,,0,0.0,0.0,0.0,,,0.0,,,0.0,0.0,0.0,0.0,0,0
R. Oishi,Blaublitz Akita,Zweigen Kanazawa,"CF, RW, RAMF",29,200000,,12,557,1,0.94,4,1.53,9.86,39.34,Japan,Japan,right,169,65,no,2.59,2.42,53.33,2.59,25.0,0.0,0.0,0.0,1.29,1.74,0.32,0,0.0,0,0.0,2.75,0.16,1,0.16,0.15,0,0.0,12,1.94,33.33,8.333,0.65,2.59,37.5,0.16,0.0,2.42,40.0,0.81,2.1,53.85,4.04,48.0,4.04,0.97,0.81,17.29,3.23,0.48,21.97,65.44,4.69,44.83,4.85,96.67,7.92,65.31,18.1,71.43,1.45,44.44,15.32,12.03,0.25,1.45,0.0,0.0,0.16,0.0,0.97,2.1,23.08,2.1,30.77,0.32,0.0,0.97,0.81,2.42,66.67,0,,0,,0,0.0,0.0,0.0,,,0.16,,,0.48,0.0,0.0,0.48,0,0
S. Shimada,Zweigen Kanazawa,Zweigen Kanazawa,"RW, LW, AMF",30,200000,,29,889,0,1.12,2,1.46,18.63,42.93,Japan,Japan,left,165,60,no,7.49,7.19,60.56,1.72,17.65,1.01,1.3,0.0,2.13,2.74,1.42,0,0.0,0,0.0,3.14,0.0,0,0.0,0.11,0,0.0,23,2.33,34.78,0.0,0.2,2.53,32.0,1.21,33.33,1.21,33.33,0.0,2.43,54.17,6.88,38.24,1.82,1.21,0.61,29.06,1.01,0.71,42.32,72.49,14.98,58.11,7.49,91.89,10.43,81.55,35.43,78.29,4.45,47.73,18.19,26.92,0.15,0.91,0.1,0.0,0.91,22.22,0.51,6.88,61.76,3.14,45.16,1.11,18.18,1.01,0.81,8.3,71.95,0,,0,,0,0.0,0.0,0.0,,,0.0,,,0.51,0.0,0.0,1.62,0,0
Lucão,Fagiano Okayama,Fagiano Okayama,CF,30,200000,,28,1089,1,3.18,1,0.65,47.19,33.8,Brazil,Brazil,right,191,91,no,6.03,4.88,44.07,10.66,33.33,0.41,0.57,0.17,3.47,4.83,3.8,4,0.33,0,0.0,5.95,0.08,1,0.08,0.26,0,0.0,32,2.64,43.75,3.125,0.08,2.4,24.14,0.58,57.14,1.74,14.29,0.25,6.94,58.33,22.98,34.89,5.21,2.31,0.66,9.09,1.9,1.32,18.26,59.73,4.79,56.9,3.64,75.0,4.21,56.86,15.29,64.32,0.58,85.71,16.22,7.94,0.05,0.83,0.0,0.08,0.25,66.67,0.41,2.23,55.56,1.16,35.71,0.08,0.0,0.58,0.66,2.07,76.0,0,,0,,0,0.0,0.0,0.0,,,0.08,,,0.0,0.0,0.0,0.0,0,0
P. Arhan,Persija,Tokyo Verdy,LW,24,200000,2029-06-30,1,17,0,0.0,0,0.0,,,Indonesia,Indonesia,left,172,64,no,,,,,,,0.0,,,15.0,,0,,0,,,,0,,,0,,0,,,0.0,,,,,,,,,,,,,,,,,,,,,,,,,,,,,,,25.82,41.56,,,,,,,,,,,,,,,,,,0,,0,,0,0.0,0.0,,,,,,,,,,,0,0
D. Suzuki,JEF United,JEF United,"LCB, RCB",36,175000,,41,4019,4,4.46,1,0.39,16.93,60.98,Japan,Japan,right,182,74,no,8.49,5.24,66.24,7.61,62.94,0.31,0.47,0.54,4.7,6.99,1.16,6,0.13,1,0.02,0.56,0.09,4,0.09,0.1,2,0.04,26,0.58,30.77,15.385,0.02,0.18,25.0,0.11,20.0,0.04,0.0,0.02,0.38,82.35,1.9,49.41,0.81,0.47,0.16,30.05,0.56,0.83,44.76,86.24,19.48,76.55,1.99,96.63,18.99,94.81,38.72,91.73,5.87,51.91,21.41,38.18,0.01,0.16,0.0,0.02,0.04,50.0,0.09,5.76,63.81,0.72,43.75,0.65,24.14,0.36,0.04,8.04,65.74,0,,0,,0,0.0,0.0,0.0,,,1.05,,,0.0,0.0,0.0,0.0,0,0
Y. Kagawa,Kataller Toyama,Oita Trinita,"LB, LCB",33,175000,2027-06-30,13,1028,0,0.4,1,1.51,14.1,59.01,Japan,Japan,left,177,70,no,6.83,3.94,60.0,5.69,56.92,0.09,0.15,0.35,4.38,7.61,0.7,3,0.26,1,0.09,2.36,0.0,0,0.0,0.04,0,0.0,6,0.53,0.0,0.0,0.09,3.06,42.86,2.71,45.16,0.35,25.0,0.35,1.49,64.71,2.89,69.7,0.79,0.44,0.0,55.24,0.61,1.49,71.0,88.9,28.89,83.64,5.34,98.36,27.32,92.31,61.02,94.84,7.09,56.79,20.23,36.36,0.13,0.61,0.09,0.09,0.09,100.0,0.35,8.67,72.73,3.5,52.5,0.7,75.0,0.79,1.31,13.92,82.39,0,,0,,0,0.0,0.0,0.0,,,1.66,,,0.26,0.0,0.0,0.18,0,0
K. Taketomi,,Ventforet Kofu,"RAMF, LAMF",35,175000,,24,1014,4,3.71,1,1.03,24.85,36.43,Japan,Japan,right,173,69,no,7.19,7.72,44.83,5.24,32.2,0.71,0.89,0.0,3.02,3.79,2.4,3,0.27,0,0.0,2.57,0.36,4,0.36,0.33,1,0.09,17,1.51,52.94,23.529,0.09,1.51,35.29,0.36,50.0,1.07,25.0,0.18,2.4,44.44,9.14,33.98,2.31,1.51,0.36,16.24,0.36,1.51,22.99,79.54,4.62,48.08,6.21,94.29,7.19,88.89,20.15,85.9,1.33,33.33,14.88,13.07,0.09,0.36,0.0,0.0,0.36,50.0,0.36,2.13,50.0,1.51,58.82,0.53,33.33,0.8,0.44,2.66,73.33,0,,0,,0,0.0,0.0,0.0,,,0.09,,,0.0,0.0,0.0,0.0,0,0
K. Oyama,Zweigen Kanazawa,RB Omiya Ardija,"RCMF, LCMF, RW",31,175000,,20,731,0,0.29,0,1.79,18.22,51.35,Japan,Japan,right,174,67,no,10.47,8.13,68.18,2.95,41.67,1.23,1.99,0.0,3.69,5.96,1.97,2,0.25,0,0.0,1.23,0.0,0,0.0,0.04,0,0.0,8,0.98,12.5,0.0,0.0,1.35,54.55,0.37,100.0,0.98,37.5,0.12,0.62,40.0,4.68,34.21,0.86,0.37,0.0,36.2,0.12,0.74,50.48,82.68,16.13,68.7,7.51,95.08,18.47,91.33,43.83,87.36,5.29,51.16,19.39,33.05,0.22,1.48,0.0,0.0,0.37,33.33,0.0,8.99,67.12,2.83,56.52,1.97,62.5,1.23,0.74,7.39,75.0,0,,0,,0,0.0,0.0,0.0,,,0.25,,,1.97,0.12,0.0,3.32,0,0
K. Sato,Ventforet Kofu,Ventforet Kofu,"RDMF, RCMF, LDMF",35,175000,,20,1069,1,0.7,0,0.21,10.44,61.29,Japan,Japan,right,175,68,no,7.49,3.79,73.33,2.19,50.0,0.42,0.53,0.34,4.29,5.43,0.84,3,0.25,0,0.0,1.09,0.08,1,0.08,0.06,0,0.0,11,0.93,27.27,9.091,0.0,0.34,50.0,0.0,0.0,0.34,50.0,0.0,0.51,66.67,1.94,56.52,0.84,0.25,0.0,28.2,0.0,0.84,41.51,81.54,16.25,65.8,7.16,94.12,12.12,93.75,35.53,87.2,5.64,47.76,18.1,33.08,0.02,0.34,0.08,0.0,0.51,66.67,0.08,7.75,66.3,1.52,38.89,1.09,30.77,0.34,0.17,7.41,71.59,0,,0,,0,0.0,0.0,0.0,,,0.25,,,0.0,0.0,0.0,0.0,0,0
K. Kakoi,Kyoto Sanga,Blaublitz Akita,GK,35,175000,,41,4036,0,0.03,0,0.13,0.74,72.73,Japan,Japan,right,190,90,no,1.0,0.04,50.0,0.58,80.77,0.02,0.03,0.0,0.96,1.24,0.02,4,0.09,0,0.0,0.0,0.0,0,0.0,0.0,0,0.0,1,0.02,0.0,0.0,0.0,0.0,0.0,0.0,0.0,0.0,0.0,0.0,0.0,0.0,0.0,0.0,0.02,0.0,0.0,4.19,0.04,0.09,9.54,66.59,9.1,66.18,0.0,0.0,0.36,93.75,0.62,85.71,8.79,66.24,54.93,56.2,0.0,0.02,0.0,0.0,0.0,0.0,0.0,5.44,61.48,0.47,9.52,0.13,16.67,0.04,0.0,6.6,87.5,39,0.87,119,2.65,14,67.23,42.25,0.94,3.25,0.072,0.0,1.47,0.58,,,,0.0,0,0
S. Niwa,,Blaublitz Akita,CF,32,175000,,37,1454,2,3.17,1,0.0,29.22,30.3,Japan,Japan,right,178,75,no,4.33,5.2,52.38,9.47,22.88,0.31,0.39,0.19,1.3,1.62,3.16,3,0.19,0,0.0,1.61,0.12,2,0.12,0.2,1,0.06,21,1.3,38.1,9.524,0.06,1.05,11.76,0.43,0.0,0.62,20.0,0.0,1.55,60.0,8.48,29.2,2.85,0.56,0.31,6.44,0.99,0.5,12.38,64.5,3.71,55.0,2.6,78.57,1.98,53.13,11.14,70.0,0.31,20.0,15.51,4.13,0.0,0.0,0.0,0.0,0.06,100.0,0.12,0.93,53.33,0.56,44.44,0.0,0.0,0.19,0.12,1.42,47.83,0,,0,,0,0.0,0.0,0.0,,,0.0,,,0.0,0.0,0.0,0.0,0,0
Y. Tokunaga,Sagamihara,Fujieda MYFC,"LWF, AMF, RWF",32,175000,,11,468,1,0.96,0,0.46,12.31,34.38,Japan,Japan,right,170,69,no,4.81,2.5,76.92,1.92,10.0,0.19,0.36,0.19,2.69,5.0,0.19,0,0.0,0,0.0,1.92,0.19,1,0.19,0.19,0,0.0,8,1.54,37.5,12.5,0.0,1.73,44.44,1.15,33.33,0.58,66.67,0.19,0.38,50.0,4.81,20.0,2.5,0.0,0.0,28.46,1.73,0.58,34.23,79.78,10.58,65.45,6.73,88.57,10.19,86.79,30.19,84.08,2.31,50.0,15.47,17.84,0.09,0.96,0.0,0.0,0.77,50.0,0.38,4.23,68.18,3.27,41.18,0.58,0.0,0.77,0.96,3.46,83.33,0,,0,,0,0.0,0.0,0.0,,,0.38,,,0.58,0.19,0.0,1.92,0,0
Samuel,,Oita Trinita,CF,25,175000,,22,750,1,1.74,0,0.58,40.68,28.02,Brazil,Brazil,left,183,96,no,3.72,2.04,52.94,13.2,34.55,0.24,0.38,0.24,2.4,3.75,1.08,2,0.24,0,0.0,1.2,0.12,1,0.12,0.21,0,0.0,10,1.2,20.0,10.0,0.0,0.24,0.0,0.24,0.0,0.0,0.0,0.12,1.92,43.75,19.2,21.25,3.36,0.6,0.0,9.84,1.92,1.44,22.44,73.8,4.8,57.5,6.24,76.92,5.04,76.19,21.48,74.86,0.72,66.67,13.46,7.14,0.07,0.72,0.0,0.12,0.48,25.0,0.24,2.52,61.9,1.44,41.67,0.6,20.0,1.44,0.0,2.76,69.57,0,,0,,0,0.0,0.0,0.0,,,0.0,,,0.0,0.0,0.0,0.0,0,0
K. Gotoda,,Mito Hollyhock,RB,27,175000,,10,706,0,0.0,2,0.39,15.93,46.4,Japan,Japan,right,176,70,no,6.88,5.35,64.29,2.68,47.62,0.0,0.0,0.13,3.44,4.38,0.25,0,0.0,0,0.0,2.17,0.0,0,0.0,0.0,0,0.0,0,0.0,0.0,0.0,0.25,3.31,34.62,0.0,0.0,3.31,34.62,0.64,1.78,57.14,4.46,31.43,0.64,0.38,0.25,23.71,1.91,1.15,33.02,66.8,11.98,51.06,4.72,97.3,11.35,67.42,25.62,76.62,4.21,30.3,20.71,34.72,0.05,0.51,0.0,0.0,0.0,0.0,0.38,6.12,50.0,3.57,42.86,0.38,0.0,0.25,1.15,8.29,64.62,0,,0,,0,0.0,0.0,0.0,,,0.13,,,0.0,0.0,0.0,0.0,0,0
K. Umeda,Blaublitz Akita,Mito Hollyhock,CF,29,175000,,23,1247,3,4.43,0,0.34,32.33,30.13,Japan,Japan,right,178,78,no,4.4,3.97,43.64,10.9,34.44,0.14,0.2,0.14,2.53,3.47,2.67,3,0.22,0,0.0,2.09,0.22,3,0.22,0.32,2,0.14,34,2.45,32.35,8.824,0.0,1.37,36.84,0.29,25.0,1.01,42.86,0.22,1.95,40.74,10.97,23.68,4.26,0.43,0.07,10.18,1.73,1.15,17.97,70.28,4.11,64.91,4.55,79.37,4.84,73.13,15.95,72.85,0.65,77.78,17.71,10.34,0.02,0.51,0.0,0.0,0.22,0.0,0.14,1.73,66.67,1.23,52.94,0.07,0.0,0.51,0.58,1.95,81.48,0,,0,,0,0.0,0.0,0.0,,,0.07,,,0.0,0.0,0.0,0.0,0,0
A. Hamashita,,Tokushima Vortis,"RB, RAMF, RW",30,175000,,19,1256,0,0.73,1,0.4,16.55,41.13,Japan,Japan,right,164,61,no,4.87,5.45,46.05,1.29,38.89,0.0,0.0,0.14,2.36,3.51,0.86,2,0.14,0,0.0,2.51,0.0,0,0.0,0.05,0,0.0,9,0.64,11.11,0.0,0.07,2.08,20.69,0.21,0.0,1.86,23.08,0.29,2.87,67.5,7.02,45.92,0.86,1.65,0.57,29.16,1.36,1.07,38.12,81.2,8.6,68.33,11.97,92.81,11.11,81.94,34.04,87.37,2.08,37.93,18.2,24.95,0.03,0.29,0.0,0.07,0.21,33.33,0.36,3.15,61.36,2.01,39.29,0.36,0.0,0.21,0.5,5.73,70.0,0,,0,,0,0.0,0.0,0.0,,,0.29,,,0.0,0.0,0.0,0.0,0,0
Luismi Quezada,,Tokushima Vortis,LB,30,175000,,10,287,0,0.05,2,0.6,14.11,53.33,Spain,"Spain, Dominican Republic",left,173,69,no,5.33,3.76,58.33,1.25,50.0,0.31,0.47,0.0,2.82,4.22,1.88,1,0.31,0,0.0,5.02,0.0,0,0.0,0.02,0,0.0,5,1.57,0.0,0.0,0.63,5.96,42.11,5.96,42.11,0.0,0.0,1.25,3.45,72.73,6.27,55.0,0.31,0.63,0.31,20.38,0.94,0.94,29.79,62.11,11.6,37.84,5.64,83.33,10.35,69.7,18.5,72.88,5.96,47.37,19.38,16.84,0.19,1.57,0.0,0.31,0.31,0.0,0.63,2.82,44.44,6.27,35.0,0.94,0.0,0.0,2.51,10.98,51.43,0,,0,,0,0.0,0.0,0.0,,,0.0,,,1.88,0.63,0.0,5.02,0,0
A. Tanahashi,Sagamihara,Tokushima Vortis,"CF, AMF, LW",25,175000,2026-06-30,22,786,2,2.84,1,0.09,23.93,37.8,Japan,Japan,right,172,68,no,6.18,5.84,58.82,2.63,21.74,0.8,1.26,0.0,1.95,3.05,1.83,0,0.0,0,0.0,3.66,0.23,2,0.23,0.33,0,0.0,18,2.06,38.89,11.111,0.11,1.03,44.44,0.34,66.67,0.69,33.33,0.11,4.01,60.0,10.08,32.95,2.63,1.03,0.57,12.25,0.8,1.15,19.24,78.57,2.75,45.83,5.95,88.46,5.04,90.91,17.75,80.65,0.46,75.0,14.43,9.5,0.01,0.23,0.0,0.0,0.23,0.0,0.34,1.26,54.55,0.69,66.67,0.11,0.0,0.46,0.46,2.18,63.16,0,,0,,0,0.0,0.0,0.0,,,0.0,,,0.11,0.0,0.0,0.8,0,0
R. Kamigaki,Thespa Gunma,Renofa Yamaguchi,"DMF, RDMF, RCMF",27,175000,,28,1844,0,0.52,0,0.48,13.13,45.72,Japan,Japan,right,179,70,no,7.37,5.37,57.27,2.64,42.59,0.49,0.72,0.24,3.81,5.61,0.98,2,0.1,1,0.05,0.59,0.0,0,0.0,0.03,0,0.0,11,0.54,27.27,0.0,0.0,0.29,33.33,0.1,100.0,0.2,0.0,0.05,0.63,46.15,2.39,30.61,0.24,0.2,0.05,28.7,0.34,0.29,39.58,83.85,11.57,64.56,5.86,95.83,17.42,93.56,35.58,87.65,3.71,51.32,21.08,39.13,0.02,0.29,0.05,0.0,0.24,20.0,0.1,6.78,66.91,1.02,33.33,0.68,28.57,0.2,0.1,6.1,70.4,0,,0,,0,0.0,0.0,0.0,,,0.68,,,0.05,0.0,0.0,0.0,0,0
K. Tsuboi,Kataller Toyama,Tokushima Vortis,"RCMF, CF, AMF",26,175000,2027-06-30,28,942,2,1.61,1,0.58,29.43,42.86,Japan,Japan,right,178,73,no,8.22,5.45,68.42,7.64,48.75,1.15,1.94,0.48,3.34,5.65,1.91,3,0.29,0,0.0,2.96,0.19,2,0.19,0.15,0,0.0,16,1.53,43.75,12.5,0.1,1.15,16.67,0.29,33.33,0.86,11.11,0.29,3.63,52.63,11.66,32.79,2.77,1.15,0.48,15.19,0.86,2.1,23.03,69.29,7.17,56.0,4.97,88.46,6.59,71.01,19.49,77.45,2.39,28.0,16.52,20.64,0.06,0.67,0.0,0.0,0.29,66.67,0.48,2.96,58.06,1.62,29.41,0.29,33.33,0.86,0.29,3.06,46.88,0,,0,,0,0.0,0.0,0.0,,,0.1,,,0.0,0.0,0.0,0.0,0,0
R. Takeuchi,Fagiano Okayama,Shimizu S-Pulse,"LCMF, LDMF",35,150000,,3,125,0,0.18,0,0.0,11.52,50.0,Japan,Japan,right,173,67,no,6.48,2.88,100.0,0.72,0.0,2.16,5.0,0.0,1.44,3.33,0.72,0,0.0,0,0.0,0.72,0.0,0,0.0,0.13,0,0.0,1,0.72,0.0,0.0,0.0,0.0,0.0,0.0,0.0,0.0,0.0,0.0,0.72,100.0,2.16,66.67,0.72,0.0,0.72,49.68,0.0,0.72,61.2,94.12,23.04,90.63,6.48,100.0,20.88,100.0,58.32,96.3,2.88,50.0,17.16,26.09,0.0,0.0,0.0,0.0,0.0,0.0,0.0,8.64,66.67,1.44,50.0,0.72,100.0,0.72,0.0,8.64,91.67,0,,0,,0,0.0,0.0,0.0,,,0.72,,,0.0,0.0,0.0,0.0,0,0
Y. Goto,Kamatamare Sanuki,Montedio Yamagata,"AMF, LAMF",33,150000,,29,1560,3,3.12,0,0.7,17.65,36.93,Japan,Japan,right,171,70,no,5.37,5.54,55.21,2.08,19.44,0.29,0.44,0.06,2.02,3.11,1.85,4,0.23,0,0.0,1.96,0.17,3,0.17,0.18,1,0.06,23,1.33,39.13,13.043,0.0,1.5,23.08,1.21,19.05,0.23,50.0,0.12,2.08,41.67,6.98,25.62,2.6,0.81,0.46,22.67,2.6,0.81,28.56,79.39,6.52,62.83,7.67,91.73,7.5,83.08,24.87,86.08,2.25,41.03,16.65,27.72,0.04,0.29,0.06,0.06,0.29,80.0,0.35,3.29,64.91,1.5,38.46,0.35,33.33,0.58,0.35,3.29,57.89,0,,0,,0,0.0,0.0,0.0,,,0.17,,,0.0,0.0,0.0,0.0,0,0
T. Takagi,,JEF United,"LW, LAMF, RAMF",35,150000,,20,722,0,1.29,1,1.08,16.2,35.38,Japan,Japan,right,171,68,no,2.99,2.87,43.48,1.25,30.0,0.25,0.4,0.0,1.5,2.4,0.62,1,0.12,0,0.0,5.24,0.0,0,0.0,0.16,0,0.0,10,1.25,30.0,0.0,0.12,6.23,30.0,4.24,32.35,1.75,21.43,0.62,5.11,58.54,9.47,39.47,2.49,1.0,0.87,17.45,1.75,0.5,27.05,70.51,3.86,74.19,7.35,89.83,10.6,61.18,19.2,84.42,1.62,61.54,20.55,12.38,0.13,1.25,0.0,0.0,0.12,0.0,0.37,2.24,72.22,5.86,44.68,0.37,33.33,0.87,2.12,5.24,73.81,0,,0,,0,0.0,0.0,0.0,,,0.12,,,0.62,0.0,0.0,2.74,0,0
A. Kumagai,,JEF United,"RCMF, LCMF, DMF",33,150000,,7,275,0,0.05,0,0.01,24.22,56.76,Japan,Japan,right,182,79,no,14.73,11.45,62.86,5.24,56.25,1.31,2.07,0.65,6.22,9.83,2.29,0,0.0,0,0.0,1.31,0.0,0,0.0,0.02,0,0.0,1,0.33,0.0,0.0,0.0,0.33,100.0,0.0,0.0,0.33,100.0,0.0,0.65,100.0,3.6,63.64,0.33,0.0,0.0,38.95,0.33,0.33,55.96,89.47,23.56,83.33,5.56,100.0,18.33,94.64,50.07,93.46,5.56,52.94,20.4,34.48,0.0,0.33,0.0,0.0,0.33,100.0,0.0,9.49,75.86,1.64,20.0,1.31,50.0,0.0,0.33,9.49,86.21,0,,0,,0,0.0,0.0,0.0,,,0.65,,,0.0,0.0,0.0,0.0,0,0
D. Ogawa,Matsumoto Yamaga,Júbilo Iwata,"LB, RB",34,150000,,20,614,0,0.09,0,0.68,13.93,48.42,Japan,Japan,right,172,73,no,7.62,4.69,71.88,2.49,23.53,0.73,1.14,0.0,3.52,5.45,0.88,2,0.29,0,0.0,3.81,0.0,0,0.0,0.01,0,0.0,3,0.44,0.0,0.0,0.0,3.52,62.5,2.35,62.5,1.17,62.5,0.29,2.2,73.33,4.84,42.42,0.29,2.64,1.03,42.36,1.61,0.15,54.53,88.44,17.74,79.34,7.77,100.0,21.84,91.28,44.71,95.08,6.45,56.82,18.46,23.51,0.1,0.59,0.0,0.0,0.0,0.0,0.29,6.6,71.11,3.81,61.54,0.29,100.0,0.44,2.2,10.99,84.0,0,,0,,0,0.0,0.0,0.0,,,1.32,,,0.0,0.0,0.0,0.0,0,0
M. Saito,Azul Claro Numazu,Vegalta Sendai,"LW, LAMF, LWF",36,150000,2027-06-30,12,528,0,0.08,0,0.3,17.9,41.9,Japan,Japan,right,169,66,no,6.14,5.28,51.61,1.19,14.29,0.68,0.94,0.0,2.73,3.75,0.34,0,0.0,0,0.0,4.09,0.0,0,0.0,0.01,0,0.0,5,0.85,20.0,0.0,0.0,2.9,41.18,2.56,33.33,0.17,100.0,0.34,5.11,53.33,9.55,44.64,2.05,1.88,1.02,16.53,2.9,1.36,21.99,67.44,3.41,65.0,6.14,88.89,8.52,58.0,18.24,71.03,1.02,66.67,19.14,15.41,0.05,0.85,0.0,0.0,0.34,0.0,0.17,0.85,60.0,2.73,62.5,0.17,0.0,0.51,1.36,3.92,69.57,0,,0,,0,0.0,0.0,0.0,,,0.0,,,0.0,0.0,0.0,0.0,0,0
R. Shinzato,,RB Omiya Ardija,"CB, LCB, RCB",35,150000,,25,1912,0,0.73,0,0.15,11.44,59.67,Japan,Japan,right,184,73,no,8.43,3.58,72.37,5.18,53.64,0.0,0.0,1.08,5.84,7.38,0.33,1,0.05,0,0.0,0.24,0.0,0,0.0,0.03,0,0.0,6,0.28,16.67,0.0,0.0,0.19,50.0,0.09,0.0,0.09,100.0,0.05,0.14,66.67,0.42,55.56,0.66,0.14,0.05,33.04,0.14,0.24,45.94,90.06,15.11,78.5,1.13,95.83,25.37,97.03,41.38,93.86,4.38,55.91,21.35,39.39,0.01,0.09,0.05,0.0,0.05,0.0,0.0,3.58,71.05,0.52,36.36,0.38,50.0,0.14,0.09,6.54,62.59,0,,0,,0,0.0,0.0,0.0,,,0.42,,,0.0,0.0,0.0,0.0,0,0
J. Izumisawa,Gifu,RB Omiya Ardija,LW,34,150000,,38,1354,2,2.6,2,2.69,18.28,51.27,Japan,Japan,right,165,65,no,3.92,3.26,67.35,0.27,25.0,0.07,0.11,0.0,1.66,2.74,0.53,3,0.2,0,0.0,8.57,0.13,2,0.13,0.17,0,0.0,33,2.19,54.55,6.061,0.13,5.58,36.9,5.58,36.9,0.0,0.0,1.06,8.57,59.69,12.83,49.74,3.39,4.19,1.26,31.31,1.4,0.93,42.81,77.02,9.31,63.57,9.7,93.15,15.95,76.25,32.7,88.41,4.65,42.86,20.07,26.27,0.18,1.2,0.07,0.0,0.33,60.0,0.4,4.85,60.27,5.72,50.0,1.2,33.33,1.33,2.13,8.71,78.63,0,,0,,0,0.0,0.0,0.0,,,0.2,,,0.0,0.0,0.0,0.13,0,0
Juninho,,Tochigi SC,AMF,31,150000,,1,62,0,0.0,0,0.0,20.32,21.43,Brazil,Brazil,right,165,63,no,2.9,7.26,20.0,2.9,0.0,0.0,0.0,0.0,1.45,1.43,4.35,0,0.0,0,0.0,1.45,0.0,0,0.0,0.0,0,0.0,1,1.45,0.0,0.0,0.0,0.0,0.0,0.0,0.0,0.0,0.0,0.0,1.45,100.0,4.35,66.67,0.0,0.0,1.45,5.81,0.0,2.9,17.42,58.33,2.9,0.0,7.26,60.0,2.9,100.0,17.42,58.33,0.0,0.0,13.05,0.0,0.0,0.0,0.0,0.0,0.0,0.0,0.0,1.45,0.0,0.0,0.0,0.0,0.0,0.0,0.0,1.45,0.0,0,,0,,0,0.0,0.0,0.0,,,0.0,,,1.45,1.45,0.0,0.0,0,0
S. Kawata,Tochigi SC,Tochigi SC,GK,32,150000,,10,979,0,0.0,0,0.0,0.74,75.0,Japan,Japan,right,189,82,no,1.93,0.09,100.0,0.64,71.43,0.0,0.0,0.0,1.84,2.26,0.09,0,0.0,0,0.0,0.0,0.0,0,0.0,0.0,0,0.0,0,0.0,0.0,0.0,0.0,0.0,0.0,0.0,0.0,0.0,0.0,0.0,0.0,0.0,0.0,0.0,0.0,0.0,0.0,6.71,0.0,0.0,13.61,85.81,9.74,81.13,0.0,0.0,3.68,97.5,6.16,95.52,7.45,77.78,39.13,50.26,0.0,0.0,0.0,0.0,0.0,0.0,0.0,2.48,74.07,0.09,0.0,0.0,0.0,0.0,0.0,6.44,85.71,14,1.29,42,3.86,2,66.67,12.0,1.1,-2.0,-0.184,0.0,2.3,0.64,,,,0.0,0,0
D. Kogure,Grulla Morioka,Blaublitz Akita,RW,32,150000,,15,482,0,0.31,1,0.37,13.07,45.71,Japan,Japan,right,174,68,no,3.92,4.11,63.64,3.36,27.78,0.19,0.28,0.0,1.12,1.67,0.75,0,0.0,0,0.0,2.61,0.0,0,0.0,0.06,0,0.0,5,0.93,20.0,0.0,0.19,4.48,16.67,0.19,100.0,4.29,13.04,1.49,2.43,69.23,3.92,47.62,0.56,0.37,0.19,9.52,0.93,0.0,20.91,56.25,8.78,61.7,2.99,87.5,5.98,31.25,12.51,79.1,3.92,28.57,16.65,12.04,0.07,0.19,0.0,0.0,0.37,0.0,0.19,4.11,59.09,4.11,22.73,0.56,33.33,0.19,1.12,6.16,51.52,0,,0,,0,0.0,0.0,0.0,,,0.0,,,0.0,0.0,0.0,0.0,0,0
R. Iio,V-Varen Nagasaki,Blaublitz Akita,LB,35,150000,,28,2556,4,3.18,0,0.65,15.25,48.96,Japan,Japan,right,173,69,no,7.57,5.95,61.54,4.26,42.15,0.53,0.69,0.25,3.38,4.4,1.37,7,0.25,0,0.0,1.27,0.14,4,0.14,0.11,1,0.04,21,0.74,33.33,19.048,0.0,1.9,27.78,1.87,28.3,0.04,0.0,0.32,1.34,34.21,2.5,32.39,1.27,0.07,0.14,9.4,0.25,0.63,16.62,62.5,9.65,62.77,1.69,87.5,3.73,50.0,9.79,70.5,5.0,59.15,22.94,33.61,0.02,0.14,0.0,0.0,0.04,100.0,0.0,4.4,60.8,2.08,40.68,0.35,20.0,0.39,0.53,6.23,71.75,0,,0,,0,0.0,0.0,0.0,,,0.32,,,0.07,0.07,50.0,0.0,0,0
T. Takagiwa,Imabari,Iwaki,GK,31,150000,,25,2479,0,0.0,0,0.0,0.65,77.78,Japan,Japan,right,185,80,no,1.96,0.18,40.0,0.36,100.0,0.04,0.05,0.0,1.85,2.63,0.0,1,0.04,0,0.0,0.0,0.0,0,0.0,0.0,0,0.0,0,0.0,0.0,0.0,0.0,0.0,0.0,0.0,0.0,0.0,0.0,0.0,0.0,0.0,0.04,100.0,0.0,0.0,0.0,5.7,0.07,0.04,12.2,80.36,8.53,75.74,0.04,0.0,3.19,92.05,5.34,94.56,6.86,69.31,40.28,49.56,0.0,0.0,0.0,0.0,0.0,0.0,0.0,3.34,73.91,0.15,0.0,0.15,50.0,0.0,0.0,5.48,83.44,47,1.71,100,3.63,4,53.0,36.64,1.33,-10.36,-0.376,0.0,1.49,0.36,,,,0.0,0,0
S. Kobayashi,Renofa Yamaguchi,Renofa Yamaguchi,"LW, LAMF",32,150000,,20,1267,0,1.56,1,0.93,18.26,38.52,Japan,Japan,right,176,69,no,5.9,5.4,55.26,2.77,35.9,0.57,0.82,0.07,2.34,3.4,0.85,0,0.0,0,0.0,2.63,0.0,0,0.0,0.11,0,0.0,13,0.92,23.08,0.0,0.07,2.63,27.03,2.56,27.78,0.07,0.0,0.57,3.69,42.31,7.67,34.26,1.99,1.92,0.99,21.31,1.85,1.42,28.91,79.85,5.04,67.61,10.09,92.96,6.18,67.82,25.07,86.12,1.28,61.11,15.4,18.64,0.07,0.36,0.07,0.07,0.28,50.0,0.28,1.99,60.71,2.2,45.16,0.21,33.33,0.43,0.85,3.05,60.47,0,,0,,0,0.0,0.0,0.0,,,0.07,,,0.0,0.0,0.0,0.0,0,0
Valdo,Floresta EC,V-Varen Nagasaki,RCB,34,150000,,13,1231,0,0.99,0,0.32,10.31,56.03,Brazil,Brazil,right,183,77,no,7.16,3.22,63.64,5.12,52.86,0.07,0.1,0.95,5.04,6.88,0.8,4,0.29,0,0.0,0.44,0.0,0,0.0,0.07,0,0.0,9,0.66,55.56,0.0,0.0,0.07,100.0,0.07,100.0,0.0,0.0,0.07,0.0,0.0,0.37,60.0,0.88,0.0,0.0,23.03,0.37,0.29,34.22,91.67,9.8,75.37,0.88,100.0,21.42,98.29,31.66,94.92,2.49,50.0,21.75,35.86,0.02,0.07,0.0,0.07,0.0,0.0,0.07,1.54,66.67,0.15,50.0,0.22,33.33,0.15,0.07,3.58,67.35,0,,0,,0,0.0,0.0,0.0,,,0.8,,,0.0,0.0,0.0,0.0,0,0
Léo Bahia,,Zweigen Kanazawa,LB,31,150000,,17,1564,1,0.32,0,0.79,17.67,45.93,Brazil,Brazil,left,172,74,no,10.07,7.54,59.54,1.55,18.52,0.63,0.71,0.35,4.95,5.52,0.98,3,0.17,0,0.0,2.82,0.06,1,0.06,0.02,0,0.0,12,0.69,41.67,8.333,0.0,3.86,20.9,3.74,20.0,0.06,0.0,0.4,2.47,67.44,6.85,39.5,0.46,1.9,0.63,27.22,0.58,0.35,40.45,73.26,15.59,64.21,7.14,94.35,9.38,68.71,31.65,85.82,5.35,32.26,19.74,36.34,0.05,0.35,0.0,0.0,0.23,25.0,0.23,5.06,59.09,3.57,25.81,0.4,0.0,0.12,0.86,7.65,60.9,0,,0,,0,0.0,0.0,0.0,,,0.75,,,0.86,0.12,0.0,0.29,0,0
T. Ishikawa,RB Omiya Ardija,RB Omiya Ardija,RCMF,34,150000,,22,1495,0,0.68,1,1.04,16.19,48.7,Japan,Japan,right,174,68,no,10.6,6.8,61.06,2.89,50.0,0.66,0.8,0.24,5.78,6.94,1.38,2,0.12,0,0.0,0.9,0.0,0,0.0,0.04,0,0.0,15,0.9,13.33,0.0,0.06,1.2,55.0,0.12,0.0,1.02,58.82,0.06,0.24,25.0,3.49,36.21,0.42,0.24,0.0,25.16,0.12,0.9,39.85,81.57,14.09,65.81,4.45,98.65,14.39,89.54,34.43,87.06,4.21,44.29,18.47,30.36,0.06,0.6,0.0,0.0,0.12,50.0,0.24,5.78,67.71,1.93,62.5,1.08,33.33,0.54,0.72,6.74,67.86,0,,0,,0,0.0,0.0,0.0,,,0.06,,,0.12,0.0,0.0,0.0,0,0
K. Kamiya,Ryūkyū,Ventforet Kofu,LB,29,150000,,1,23,0,0.0,0,0.0,,,Japan,Japan,left,183,76,no,,,,,,,0.0,,,18.0,,0,,0,,,,0,,,0,,0,,,0.0,,,,,,,,,,,,,,,,,,,,,,,,,,,,,,,18.57,59.36,,,,,,,,,,,,,,,,,,0,,0,,0,0.0,0.0,,,,,,,,,,,0,0
T. Arakaki,,Montedio Yamagata,"AMF, RDMF",29,150000,,2,52,0,0.0,0,0.0,19.04,36.36,Japan,Japan,left,171,62,no,6.92,5.19,66.67,0.0,0.0,1.73,6.0,0.0,1.73,6.0,0.0,0,0.0,0,0.0,3.46,0.0,0,0.0,0.0,0,0.0,0,0.0,0.0,0.0,0.0,3.46,0.0,1.73,0.0,1.73,0.0,0.0,8.65,40.0,12.12,28.57,1.73,0.0,0.0,39.81,0.0,0.0,46.73,81.48,13.85,75.0,6.92,100.0,12.12,71.43,41.54,91.67,1.73,0.0,13.29,22.71,0.0,0.0,0.0,0.0,0.0,0.0,0.0,6.92,75.0,5.19,0.0,1.73,0.0,0.0,0.0,3.46,100.0,0,,0,,0,0.0,0.0,0.0,,,0.0,,,1.73,0.0,0.0,3.46,0,0
T. Harigaya,Fukushima United,Júbilo Iwata,"RDMF, RCMF, LCMF",27,150000,,8,571,0,0.14,0,0.39,11.03,48.57,Japan,Japan,right,166,56,no,9.14,4.73,63.33,0.47,33.33,1.42,1.66,0.0,4.73,5.52,0.47,1,0.16,0,0.0,0.63,0.0,0,0.0,0.02,0,0.0,6,0.95,0.0,0.0,0.0,0.63,75.0,0.0,0.0,0.63,75.0,0.16,0.63,25.0,3.94,40.0,0.32,0.0,0.16,48.07,0.0,1.1,64.31,91.18,18.44,80.34,12.92,98.78,24.43,96.13,59.26,93.35,4.41,64.29,17.74,29.43,0.06,0.63,0.0,0.0,0.16,0.0,0.16,7.57,75.0,1.73,72.73,1.1,28.57,1.1,0.32,8.35,81.13,0,,0,,0,0.0,0.0,0.0,,,1.42,,,0.63,0.0,0.0,0.32,0,0
R. Angelotti,Seongnam,RB Omiya Ardija,CF,28,150000,,34,2404,6,8.48,3,1.66,33.62,30.96,Brazil,"Brazil, Italy",left,185,79,no,3.93,3.63,53.61,7.82,35.41,0.11,0.14,0.04,1.87,2.3,1.98,5,0.19,0,0.0,3.29,0.22,6,0.22,0.32,2,0.07,63,2.36,34.92,9.524,0.11,1.27,29.41,0.52,14.29,0.67,44.44,0.11,3.86,50.49,16.58,27.09,3.74,1.5,0.64,14.3,1.61,1.39,22.24,76.77,4.38,60.68,6.36,89.41,6.14,80.49,19.8,81.1,1.2,56.25,16.25,24.15,0.06,0.86,0.0,0.0,0.45,33.33,0.45,1.8,68.75,1.87,42.0,0.56,33.33,0.94,0.34,2.43,76.92,0,,0,,0,0.0,0.0,0.0,,,0.0,,,0.07,0.04,0.0,0.0,1,0
Y. Obata,Avispa Fukuoka,Vegalta Sendai,GK,24,150000,,5,486,0,0.0,0,0.0,0.93,100.0,Japan,Japan,right,185,79,no,2.22,0.0,0.0,0.74,100.0,0.0,0.0,0.0,2.22,3.08,0.0,0,0.0,0,0.0,0.0,0.0,0,0.0,0.0,0,0.0,0,0.0,0.0,0.0,0.0,0.0,0.0,0.0,0.0,0.0,0.0,0.0,0.0,0.0,0.19,100.0,0.0,0.0,0.0,15.74,0.0,0.19,24.63,87.22,13.89,77.33,0.0,0.0,9.26,100.0,17.22,97.85,7.41,62.5,27.37,48.81,0.0,0.0,0.0,0.0,0.0,0.0,0.0,2.22,33.33,0.56,0.0,0.37,0.0,0.0,0.0,5.19,71.43,12,2.22,33,6.11,0,63.64,11.24,2.08,-0.76,-0.141,0.0,1.67,0.74,,,,0.0,0,0
Y. Takahashi,Iwaki,Thespa Gunma,"RCMF, LCB",27,150000,2029-06-30,6,418,2,1.29,0,0.0,11.63,46.3,Japan,Japan,left,181,72,no,9.47,4.52,61.9,1.51,57.14,0.22,0.22,1.08,6.46,6.47,0.43,1,0.22,0,0.0,1.08,0.43,2,0.43,0.28,1,0.22,6,1.29,50.0,33.333,0.0,0.0,0.0,0.0,0.0,0.0,0.0,0.0,1.29,33.33,3.88,27.78,1.08,0.65,0.43,27.34,0.0,0.0,36.6,88.24,10.12,74.47,7.54,100.0,14.21,89.39,32.94,92.16,3.66,52.94,16.08,26.14,0.0,0.0,0.0,0.0,0.22,0.0,0.0,2.58,75.0,0.22,0.0,0.22,0.0,0.0,0.0,5.17,54.17,0,,0,,0,0.0,0.0,0.0,,,1.72,,,0.0,0.0,0.0,0.43,0,0
H. Takeda,Vegalta Sendai,Mito Hollyhock,"RCMF, RW",24,150000,,38,3194,2,1.86,8,5.68,14.31,46.46,Japan,Japan,left,177,70,no,6.65,5.35,58.42,1.63,43.1,0.17,0.21,0.0,3.35,4.21,1.01,4,0.11,0,0.0,1.55,0.06,2,0.06,0.05,0,0.0,24,0.68,33.33,8.333,0.23,1.21,48.84,0.2,28.57,0.99,51.43,0.03,1.35,43.75,4.71,38.92,0.62,0.56,0.31,25.42,0.76,1.16,35.22,83.76,10.23,68.32,6.62,94.89,13.07,90.09,30.18,88.8,3.92,55.4,19.38,35.76,0.16,1.38,0.0,0.03,0.37,38.46,0.37,5.47,70.1,2.34,50.6,0.87,35.48,0.7,0.56,5.97,77.83,0,,0,,0,0.0,0.0,0.0,,,0.37,,,1.41,0.11,25.0,3.24,0,0
N. Otani,,Tochigi SC,"LCB, RCB",30,150000,,21,1502,2,0.96,0,0.03,14.92,57.43,Japan,Japan,right,183,80,no,8.45,5.21,65.52,5.99,60.0,0.42,0.5,0.54,4.61,5.49,1.08,2,0.12,0,0.0,0.42,0.12,2,0.12,0.06,1,0.06,5,0.3,60.0,40.0,0.0,0.54,44.44,0.42,42.86,0.12,50.0,0.06,0.06,0.0,1.02,29.41,0.54,0.36,0.06,17.68,0.24,0.3,30.44,82.09,13.84,73.16,1.68,96.43,11.86,90.91,25.95,87.07,3.95,54.55,21.65,35.53,0.0,0.06,0.0,0.06,0.0,0.0,0.0,5.15,75.58,1.2,50.0,0.36,33.33,0.18,0.24,6.53,70.64,0,,0,,0,0.0,0.0,0.0,,,0.54,,,0.12,0.0,0.0,0.0,0,0
K. Ueda,Kataller Toyama,Tochigi SC,"AMF, LW, LWF",23,150000,,12,415,0,0.31,0,0.03,14.1,35.38,Japan,Japan,right,174,66,no,4.12,3.25,53.33,2.6,33.33,0.65,0.68,0.0,1.73,1.8,1.08,1,0.22,0,0.0,0.65,0.0,0,0.0,0.07,0,0.0,9,1.95,11.11,0.0,0.0,0.0,0.0,0.0,0.0,0.0,0.0,0.0,1.95,22.22,6.72,25.81,0.22,0.0,0.0,10.19,0.43,0.87,18.65,72.09,5.64,46.15,5.86,96.3,5.64,73.08,16.7,77.92,1.95,22.22,17.84,21.24,0.01,0.43,0.0,0.0,0.0,0.0,0.0,3.04,50.0,0.87,25.0,0.22,0.0,0.0,0.0,2.82,53.85,0,,0,,0,0.0,0.0,0.0,,,0.0,,,1.73,0.65,33.33,0.65,0,0
I. Yoshida,Gainare Tottori,Blaublitz Akita,CF,28,150000,,13,512,1,3.81,0,0.22,40.43,34.78,Japan,Japan,left,180,77,no,5.63,3.87,59.09,16.0,45.05,0.35,0.58,0.35,2.99,4.9,2.11,1,0.18,0,0.0,1.93,0.18,1,0.18,0.67,0,0.0,14,2.46,50.0,7.143,0.0,0.18,0.0,0.0,0.0,0.18,0.0,0.0,1.23,42.86,12.13,15.94,5.45,0.18,0.53,10.9,2.46,0.53,21.8,69.35,5.63,56.25,5.27,73.33,3.69,85.71,21.27,71.07,0.35,0.0,11.42,6.01,0.04,0.53,0.0,0.0,0.35,50.0,0.18,2.46,64.29,0.53,33.33,0.35,50.0,0.35,0.0,1.23,57.14,0,,0,,0,0.0,0.0,0.0,,,0.0,,,0.0,0.0,0.0,0.0,1,0
N. Inoue,,Blaublitz Akita,"LCMF, RCMF, LW",28,150000,,14,518,0,0.08,0,0.1,15.29,52.27,Japan,Japan,right,170,71,no,8.69,5.39,74.19,2.95,47.06,0.52,0.69,0.17,4.17,5.5,1.04,1,0.17,0,0.0,1.39,0.0,0,0.0,0.01,0,0.0,4,0.69,25.0,0.0,0.0,1.56,22.22,0.87,20.0,0.69,25.0,0.17,1.56,55.56,4.0,34.78,1.22,0.69,0.87,10.77,0.0,0.69,22.93,70.45,11.47,60.61,4.34,92.0,3.47,85.0,18.24,77.14,3.3,52.63,15.8,22.44,0.02,0.35,0.0,0.0,0.17,0.0,0.0,5.56,65.63,1.56,55.56,0.35,0.0,0.35,0.35,5.04,75.86,0,,0,,0,0.0,0.0,0.0,,,0.35,,,0.0,0.0,0.0,0.0,0,0
T. Yamada,Kashima Antlers,Fagiano Okayama,GK,24,150000,,7,686,0,0.0,0,0.0,0.26,100.0,Japan,Japan,left,190,82,no,0.92,0.0,0.0,0.26,100.0,0.0,0.0,0.0,0.92,1.2,0.0,0,0.0,0,0.0,0.0,0.0,0,0.0,0.0,0,0.0,0,0.0,0.0,0.0,0.0,0.0,0.0,0.0,0.0,0.0,0.0,0.0,0.0,0.0,0.0,0.0,0.0,0.0,0.0,11.02,0.13,0.0,18.63,87.32,10.1,76.62,0.0,0.0,8.0,100.0,11.81,97.78,6.82,69.23,32.63,50.07,0.0,0.0,0.0,0.0,0.0,0.0,0.0,2.76,47.62,0.39,0.0,0.0,0.0,0.0,0.0,4.59,88.57,8,1.05,31,4.07,2,74.19,8.66,1.14,0.66,0.087,0.0,1.05,0.26,,,,0.0,0,0
Y. Hasegawa,Parceiro Nagano,Tokushima Vortis,"LCB, LCMF, RCMF",29,150000,,12,342,0,0.01,0,0.24,16.32,46.77,Japan,Japan,left,178,77,no,11.05,8.16,54.84,3.68,50.0,0.79,1.36,0.79,5.79,10.0,1.05,2,0.53,0,0.0,0.0,0.0,0,0.0,0.0,0,0.0,1,0.26,0.0,0.0,0.0,0.0,0.0,0.0,0.0,0.0,0.0,0.0,0.0,0.0,2.63,30.0,0.26,1.05,0.0,38.68,0.26,0.53,50.26,90.05,19.47,81.08,3.42,92.31,22.11,97.62,46.05,95.43,4.21,31.25,15.73,25.87,0.06,0.26,0.26,0.0,0.26,0.0,0.0,6.58,72.0,0.79,33.33,0.53,0.0,0.26,0.0,6.84,76.92,0,,0,,0,0.0,0.0,0.0,,,0.79,,,1.05,0.0,0.0,2.11,0,0
T. Abe,Luzern,V-Varen Nagasaki,"CF, LCMF, LW",22,150000,2027-06-30,17,529,0,0.11,0,0.34,19.22,46.9,Japan,Japan,left,175,65,no,9.36,6.98,58.54,1.7,20.0,1.19,1.59,0.17,4.08,5.45,1.7,2,0.34,0,0.0,1.19,0.0,0,0.0,0.02,0,0.0,3,0.51,0.0,0.0,0.0,1.19,28.57,0.85,40.0,0.34,0.0,0.0,1.53,55.56,6.12,47.22,1.53,0.68,0.51,18.37,0.51,1.02,26.88,76.58,8.0,57.45,4.59,96.3,8.85,84.62,24.16,81.69,1.53,33.33,18.25,15.89,0.06,0.51,0.0,0.0,0.0,0.0,0.34,3.91,56.52,1.7,30.0,0.17,0.0,0.34,0.34,3.91,65.22,0,,0,,0,0.0,0.0,0.0,,,0.17,,,0.0,0.0,0.0,0.34,0,0
K. Dohi,Osaka,Ventforet Kofu,"RAMF, RCMF, RW",25,150000,2027-06-30,3,82,0,0.0,0,0.0,6.59,33.33,Japan,Japan,left,180,68,no,2.2,2.2,50.0,0.0,0.0,0.0,0.0,0.0,1.1,2.73,1.1,0,0.0,0,0.0,0.0,0.0,0,0.0,0.0,0,0.0,0,0.0,0.0,0.0,0.0,0.0,0.0,0.0,0.0,0.0,0.0,0.0,0.0,0.0,2.2,0.0,2.2,0.0,0.0,27.44,0.0,0.0,38.41,88.57,10.98,80.0,8.78,87.5,10.98,100.0,37.32,88.24,1.1,100.0,15.04,6.65,0.0,0.0,0.0,0.0,0.0,0.0,0.0,5.49,100.0,0.0,0.0,0.0,0.0,0.0,0.0,4.39,75.0,0,,0,,0,0.0,0.0,0.0,,,0.0,,,0.0,0.0,0.0,1.1,0,0
R. Nozawa,Ventforet Kofu,Ventforet Kofu,"RCB, CB, LCB",27,150000,,4,326,0,0.0,0,0.16,11.6,64.29,Japan,Japan,right,185,80,no,10.21,3.04,72.73,4.97,66.67,0.28,0.37,1.1,7.73,10.37,0.55,1,0.28,0,0.0,0.0,0.0,0,0.0,0.0,0,0.0,0,0.0,0.0,0.0,0.0,0.0,0.0,0.0,0.0,0.0,0.0,0.0,0.0,0.0,0.83,33.33,0.0,0.0,0.0,18.22,0.55,0.28,32.58,80.51,14.63,64.15,2.21,87.5,13.25,97.92,24.85,87.78,7.73,57.14,23.42,35.67,0.04,0.28,0.0,0.0,0.0,0.0,0.0,4.69,58.82,0.28,100.0,0.28,100.0,0.55,0.0,6.9,60.0,0,,0,,0,0.0,0.0,0.0,,,1.66,,,0.0,0.0,0.0,0.0,0,0
R. Kajikawa,Fujieda MYFC,Tokyo Verdy,"LW, LAMF, LCMF",37,125000,,8,389,2,0.34,0,1.07,9.49,41.46,Japan,Japan,right,164,58,no,6.48,2.78,66.67,0.69,33.33,0.69,0.8,0.0,3.93,4.51,0.46,0,0.0,0,0.0,1.62,0.46,2,0.46,0.08,1,0.23,4,0.93,50.0,50.0,0.0,0.93,75.0,0.46,50.0,0.46,100.0,0.0,0.46,100.0,3.24,28.57,1.16,0.93,0.23,39.33,2.08,0.46,47.89,87.92,10.87,74.47,12.96,94.64,14.81,90.63,44.19,89.53,2.78,66.67,14.87,21.76,0.25,2.08,0.0,0.0,0.46,0.0,0.93,6.94,86.67,2.54,63.64,1.16,0.0,1.39,0.69,7.4,71.88,0,,0,,0,0.0,0.0,0.0,,,0.69,,,2.78,0.23,100.0,4.86,0,0
A. Ibayashi,Kamatamare Sanuki,Shimizu S-Pulse,"RCB, LCB, CB",35,125000,,18,1129,3,1.48,1,0.4,12.2,66.67,Japan,Japan,right,179,70,no,7.73,3.83,77.08,4.15,57.69,0.48,0.76,0.4,4.3,6.86,0.64,1,0.08,0,0.0,0.64,0.24,3,0.24,0.12,3,0.24,12,0.96,41.67,25.0,0.08,0.32,75.0,0.08,100.0,0.24,66.67,0.0,0.08,0.0,0.4,40.0,1.04,0.24,0.0,38.1,0.16,0.08,54.84,89.97,21.84,81.02,2.63,90.91,24.87,97.44,46.08,95.67,8.45,59.43,21.87,35.61,0.03,0.4,0.08,0.08,0.0,0.0,0.24,7.89,70.71,1.2,53.33,0.88,9.09,0.56,0.24,9.96,79.2,0,,0,,0,0.0,0.0,0.0,,,1.99,,,0.0,0.0,0.0,0.0,0,0
K. Isa,Oita Trinita,Oita Trinita,CF,34,125000,,37,2229,4,5.07,3,2.24,30.16,38.69,Japan,Japan,right,176,69,no,5.01,4.32,54.21,9.77,43.39,0.24,0.42,0.12,2.42,4.19,2.26,3,0.12,0,0.0,1.74,0.16,4,0.16,0.2,1,0.04,40,1.62,35.0,10.0,0.12,1.17,27.59,0.44,27.27,0.73,27.78,0.12,1.29,59.38,9.49,29.36,3.51,1.01,0.28,11.18,1.86,1.33,20.87,72.53,4.89,57.02,6.14,89.47,5.01,75.0,18.9,76.5,0.97,50.0,15.16,16.56,0.09,0.81,0.2,0.0,0.2,40.0,0.36,2.42,55.0,0.97,45.83,0.08,50.0,0.93,0.2,1.98,61.22,0,,0,,0,0.0,0.0,0.0,,,0.08,,,0.0,0.0,0.0,0.0,0,0
R. Suzuki,JEF United,JEF United,GK,32,125000,,21,2046,0,0.0,0,0.0,0.57,92.31,Japan,Japan,right,192,94,no,0.92,0.0,0.0,0.4,100.0,0.0,0.0,0.0,0.92,1.51,0.0,1,0.04,0,0.0,0.04,0.0,0,0.0,0.0,0,0.0,0,0.0,0.0,0.0,0.0,0.0,0.0,0.0,0.0,0.0,0.0,0.0,0.04,100.0,0.09,50.0,0.0,0.0,0.0,10.34,0.26,0.22,15.22,89.88,7.48,81.18,0.0,0.0,6.64,98.01,10.43,98.73,4.79,70.64,28.59,43.49,0.0,0.0,0.0,0.0,0.0,0.0,0.0,1.14,65.38,0.0,0.0,0.04,0.0,0.0,0.0,3.3,74.67,26,1.14,77,3.39,6,66.23,22.88,1.01,-3.12,-0.137,0.0,1.1,0.4,,,,0.0,0,0
T. Shibuya,Montedio Yamagata,Ventforet Kofu,GK,31,125000,,10,993,0,0.0,0,0.0,1.0,72.73,Japan,Japan,right,189,89,no,1.18,0.0,0.0,0.54,66.67,0.0,0.0,0.0,1.18,1.39,0.0,0,0.0,0,0.0,0.0,0.0,0,0.0,0.0,0,0.0,0,0.0,0.0,0.0,0.0,0.0,0.0,0.0,0.0,0.0,0.0,0.0,0.0,0.0,0.09,100.0,0.0,0.0,0.0,12.05,0.0,0.27,19.12,79.15,10.42,65.22,0.0,0.0,7.98,96.59,11.42,94.44,7.7,56.47,34.25,54.64,0.0,0.0,0.0,0.0,0.0,0.0,0.0,3.35,51.35,0.45,20.0,0.36,25.0,0.09,0.0,5.35,62.71,10,0.91,37,3.35,4,72.97,10.37,0.94,0.37,0.034,0.0,1.9,0.54,,,,0.0,0,0
T. Koyanagi,Thespa Gunma,Blaublitz Akita,"RCB, LCB, RCMF",36,125000,,24,1157,1,0.27,1,0.81,16.18,62.98,Japan,Japan,right,180,76,no,8.79,5.29,67.65,6.61,56.47,0.31,0.41,0.7,4.9,6.41,1.24,1,0.08,0,0.0,0.54,0.08,1,0.08,0.02,1,0.08,4,0.31,50.0,25.0,0.08,0.62,37.5,0.39,40.0,0.23,33.33,0.08,0.23,66.67,1.32,64.71,0.78,0.08,0.0,5.6,0.31,0.93,16.41,63.03,10.58,57.35,1.24,93.75,2.72,68.57,11.43,68.03,4.43,52.63,19.16,19.48,0.06,0.39,0.08,0.0,0.0,0.0,0.31,4.28,56.36,1.17,26.67,0.47,33.33,0.16,0.31,4.9,65.08,0,,0,,0,0.0,0.0,0.0,,,0.7,,,0.93,0.0,0.0,0.0,0,0
R. Okazaki,Blaublitz Akita,Tochigi SC,"CB, RCB",34,125000,,24,1810,0,0.08,0,0.0,16.76,59.35,Japan,Japan,right,185,78,no,7.41,5.57,66.96,5.67,56.14,0.1,0.12,0.35,3.58,4.27,1.69,6,0.3,0,0.0,0.05,0.0,0,0.0,0.0,0,0.0,1,0.05,0.0,0.0,0.0,0.25,0.0,0.05,0.0,0.2,0.0,0.0,0.05,100.0,0.94,63.16,0.45,0.1,0.05,15.27,0.25,0.9,25.31,81.34,10.84,68.81,1.19,79.17,11.44,93.91,20.24,86.24,4.82,64.95,21.2,38.13,0.0,0.0,0.0,0.05,0.0,0.0,0.0,4.43,62.92,0.5,20.0,0.2,50.0,0.1,0.0,5.72,65.22,0,,0,,0,0.0,0.0,0.0,,,0.55,,,0.0,0.0,0.0,0.0,0,0
K. Numata,Okinawa SV,Renofa Yamaguchi,"LB, LCB",35,125000,2027-06-30,29,2387,2,1.77,3,1.99,16.36,60.83,Japan,Japan,left,171,68,no,10.52,7.2,69.11,5.01,59.4,0.26,0.39,0.04,5.28,7.87,0.87,2,0.08,0,0.0,1.43,0.08,2,0.08,0.07,1,0.04,16,0.6,18.75,12.5,0.11,3.02,33.75,2.98,34.18,0.04,0.0,0.6,0.49,38.46,1.43,42.11,0.87,0.64,0.19,37.55,2.11,0.79,50.03,74.6,21.76,62.56,6.75,94.97,14.78,79.85,39.55,83.41,7.54,44.5,21.78,40.2,0.07,0.53,0.04,0.04,0.26,42.86,0.45,8.79,55.36,3.77,38.0,0.9,29.17,0.6,1.09,11.5,62.95,0,,0,,0,0.0,0.0,0.0,,,0.75,,,0.08,0.0,0.0,0.04,0,0
Kim Byeom-Yong,,Renofa Yamaguchi,"CB, LCB",35,125000,,13,1283,1,0.87,0,0.31,14.03,57.0,Korea Republic,Korea Republic,right,175,75,no,8.35,6.17,65.91,3.79,46.3,0.14,0.23,0.77,4.14,6.78,0.91,2,0.14,0,0.0,0.63,0.07,1,0.07,0.06,0,0.0,6,0.42,83.33,16.667,0.0,0.35,40.0,0.21,0.0,0.07,100.0,0.07,0.14,100.0,1.4,35.0,0.42,0.56,0.07,42.3,0.63,0.49,60.54,85.63,20.41,68.73,3.37,93.75,30.94,96.83,50.65,93.63,9.54,44.85,23.23,45.79,0.02,0.21,0.0,0.07,0.0,0.0,0.0,7.79,54.95,1.05,26.67,0.91,46.15,0.14,0.14,9.12,67.69,0,,0,,0,0.0,0.0,0.0,,,1.61,,,0.0,0.0,0.0,0.0,0,0
S. Mouri,Zweigen Kanazawa,Zweigen Kanazawa,"RB, LB",31,125000,,10,291,0,0.25,0,0.16,24.74,37.5,Japan,Japan,right,175,70,no,10.21,12.06,51.28,4.02,23.08,0.0,0.0,0.0,4.02,5.27,1.86,0,0.0,0,0.0,3.71,0.0,0,0.0,0.08,0,0.0,6,1.86,16.67,0.0,0.0,3.71,50.0,1.55,40.0,2.16,57.14,0.62,3.71,41.67,5.88,26.32,1.24,0.31,0.0,26.91,1.24,0.0,37.11,72.5,14.85,56.25,6.19,100.0,11.44,75.68,29.38,80.0,4.02,38.46,23.37,20.0,0.05,0.93,0.0,0.0,0.31,0.0,0.31,7.42,50.0,5.26,35.29,1.55,40.0,0.31,1.86,7.11,86.96,0,,0,,0,0.0,0.0,0.0,,,0.62,,,0.0,0.0,0.0,0.31,0,0
K. Yoshioka,Renofa Yamaguchi,Montedio Yamagata,"RCB, RB",28,125000,,4,301,0,0.0,0,0.0,22.13,63.51,Japan,Japan,right,182,78,no,14.95,10.76,66.67,5.68,57.89,1.79,2.65,0.9,5.98,8.82,1.2,1,0.3,0,0.0,0.3,0.0,0,0.0,0.0,0,0.0,0,0.0,0.0,0.0,0.0,0.0,0.0,0.0,0.0,0.0,0.0,0.0,0.3,100.0,2.09,71.43,0.3,0.3,0.0,39.77,0.3,1.79,58.9,86.29,26.01,78.16,1.2,100.0,27.81,96.77,53.52,91.06,5.38,38.89,20.32,37.6,0.0,0.0,0.0,0.0,0.0,0.0,0.0,5.68,68.42,0.0,0.0,0.3,0.0,0.0,0.0,11.96,62.5,0,,0,,0,0.0,0.0,0.0,,,0.6,,,0.0,0.0,0.0,0.0,0,0
K. Okumura,Tegevajaro Miyazaki,Thespa Gunma,"LW, CF",27,125000,,2,24,0,0.0,0,0.0,,,Japan,Japan,right,175,65,no,,,,,,,4.29,,,0.0,,0,,0,,,,0,,,0,,0,,,0.0,,,,,,,,,,,,,,,,,,,,,,,,,,,,,,,15.73,10.2,,,,,,,,,,,,,,,,,,0,,0,,0,0.0,0.0,,,,,,,,,,,0,0
S. Kubo,Fujieda MYFC,Mito Hollyhock,CF,24,125000,2026-06-30,1,12,0,0.0,0,0.0,,,Japan,Japan,,185,0,yes,,,,,,,0.0,,,0.0,,0,,0,,,,0,,,0,,0,,,0.0,,,,,,,,,,,,,,,,,,,,,,,,,,,,,,,10.98,0.0,,,,,,,,,,,,,,,,,,0,,0,,0,0.0,0.0,,,,,,,,,,,0,0
T. Yoshida,,Tochigi SC,"LWB, LB",28,125000,,25,953,0,0.34,0,0.79,17.94,50.53,Japan,Japan,left,171,67,no,9.07,5.95,69.84,3.59,42.11,0.09,0.12,0.47,4.82,6.27,1.23,2,0.19,0,0.0,2.55,0.0,0,0.0,0.03,0,0.0,8,0.76,25.0,0.0,0.0,3.4,30.56,3.31,28.57,0.09,100.0,0.28,2.74,44.83,6.23,45.45,1.23,1.13,0.28,15.68,1.32,1.04,23.7,68.53,8.12,56.98,4.34,95.65,6.23,71.21,16.81,80.9,3.59,44.74,20.94,24.62,0.07,0.85,0.0,0.0,0.28,33.33,0.47,3.02,46.88,3.12,42.42,0.47,40.0,0.47,1.04,4.82,68.63,0,,0,,0,0.0,0.0,0.0,,,0.0,,,0.66,0.0,0.0,1.79,0,0
A. Takagi,,Thespa Gunma,CF,28,125000,,13,511,0,0.46,0,0.35,21.14,31.67,Japan,Japan,right,175,68,no,2.99,3.35,42.11,3.87,31.82,0.18,0.2,0.0,1.41,1.63,1.41,1,0.18,0,0.0,2.11,0.0,0,0.0,0.08,0,0.0,6,1.06,50.0,0.0,0.0,0.18,100.0,0.18,100.0,0.0,0.0,0.0,1.76,60.0,9.51,31.48,1.23,0.7,0.53,17.44,0.88,0.7,27.48,82.05,7.05,65.0,8.81,92.0,6.34,86.11,26.77,82.24,0.53,66.67,11.96,3.6,0.06,0.53,0.0,0.0,0.53,66.67,0.53,2.64,60.0,0.7,75.0,0.53,33.33,0.53,0.18,2.11,66.67,0,,0,,0,0.0,0.0,0.0,,,0.0,,,0.0,0.0,0.0,0.0,0,0
H. Ishikawa,,Renofa Yamaguchi,"RB, LB",27,125000,,8,636,0,0.06,0,0.29,18.25,47.29,Japan,Japan,right,170,69,no,9.48,7.78,49.09,2.69,47.37,0.28,0.39,0.14,5.38,7.5,1.42,1,0.14,0,0.0,0.99,0.0,0,0.0,0.01,0,0.0,5,0.71,0.0,0.0,0.0,1.13,37.5,0.42,0.0,0.71,60.0,0.0,1.42,40.0,5.52,43.59,0.57,0.0,0.28,33.68,1.42,1.27,43.44,79.15,17.97,62.99,8.35,93.22,9.34,89.39,36.08,86.67,6.23,43.18,17.44,29.91,0.04,0.57,0.0,0.0,0.0,0.0,0.28,7.78,54.55,1.13,62.5,0.28,0.0,0.42,0.42,7.64,74.07,0,,0,,0,0.0,0.0,0.0,,,0.57,,,0.28,0.28,0.0,0.57,0,0
M. Miura,Sagamihara,Zweigen Kanazawa,GK,30,125000,,2,190,0,0.0,0,0.0,0.0,0.0,Japan,Japan,right,186,78,no,1.89,0.0,0.0,0.0,0.0,0.0,0.0,0.0,1.89,1.69,0.0,0,0.0,0,0.0,0.0,0.0,0,0.0,0.0,0,0.0,0,0.0,0.0,0.0,0.0,0.0,0.0,0.0,0.0,0.0,0.0,0.0,0.0,0.0,0.0,0.0,0.0,0.0,0.0,8.05,0.47,0.0,14.21,70.0,8.05,47.06,0.0,0.0,5.68,100.0,8.53,94.44,5.68,33.33,35.88,54.17,0.0,0.0,0.0,0.0,0.0,0.0,0.0,2.37,40.0,0.0,0.0,0.0,0.0,0.0,0.0,4.74,50.0,3,1.42,10,4.74,0,70.0,2.52,1.19,-0.48,-0.227,0.0,0.95,0.0,,,,0.0,0,0
Renato Augusto,,Shimizu S-Pulse,"RCB, RCMF",34,100000,,2,104,0,0.0,0,0.0,15.58,55.56,Brazil,Brazil,right,185,81,no,6.92,2.6,100.0,7.79,33.33,0.87,1.67,0.0,3.46,6.67,0.0,0,0.0,0,0.0,0.0,0.0,0,0.0,0.0,0,0.0,1,0.87,0.0,0.0,0.0,0.87,0.0,0.0,0.0,0.87,0.0,0.0,0.87,0.0,0.87,0.0,0.87,0.0,0.0,73.56,1.73,0.0,83.94,90.72,29.42,88.24,9.52,90.91,32.02,91.89,78.75,94.51,4.33,40.0,16.24,21.42,0.0,0.0,0.0,0.0,0.0,0.0,0.0,14.71,82.35,1.73,50.0,0.0,0.0,0.87,0.0,8.65,80.0,0,,0,,0,0.0,0.0,0.0,,,0.87,,,0.0,0.0,0.0,0.0,0,0
T. Sakano,,Tokyo Verdy,CF,36,100000,,20,784,3,2.86,1,0.35,23.76,40.58,Japan,Japan,right,181,81,no,3.67,2.53,59.09,9.41,50.0,0.23,0.32,0.11,1.95,2.76,1.38,3,0.34,0,0.0,1.72,0.34,3,0.34,0.33,1,0.11,18,2.07,38.89,16.667,0.11,0.57,40.0,0.23,0.0,0.34,66.67,0.23,1.26,45.45,7.81,32.35,3.56,1.15,0.23,7.81,1.61,1.72,13.55,66.95,4.02,40.0,2.87,84.0,4.36,76.32,12.28,70.09,0.69,33.33,14.63,9.83,0.04,0.46,0.0,0.0,0.23,50.0,0.23,1.84,62.5,1.03,77.78,0.0,0.0,0.57,0.23,1.03,44.44,0,,0,,0,0.0,0.0,0.0,,,0.0,,,0.0,0.0,0.0,0.0,0,0
T. Taira,,Tokyo Verdy,LCB,36,100000,,33,2575,1,1.22,2,0.53,16.18,60.91,Japan,Japan,left,182,77,no,8.39,5.66,65.43,6.64,55.79,0.31,0.46,0.35,4.37,6.41,0.91,4,0.14,0,0.0,0.35,0.03,1,0.03,0.04,1,0.03,14,0.49,14.29,7.143,0.07,0.24,57.14,0.14,75.0,0.1,33.33,0.03,0.24,57.14,0.77,54.55,0.52,0.31,0.07,36.0,0.07,0.56,50.61,86.74,23.21,76.36,2.27,95.38,21.04,96.01,43.1,90.92,7.27,62.98,22.15,37.4,0.02,0.1,0.0,0.0,0.0,0.0,0.07,6.96,65.83,0.56,37.5,0.38,27.27,0.14,0.14,9.89,71.73,0,,0,,0,0.0,0.0,0.0,,,0.87,,,0.0,0.0,0.0,0.0,0,0
S. Nagasawa,Kyoto Sanga,Oita Trinita,CF,37,100000,,22,968,3,4.04,1,0.0,22.04,41.35,Japan,Japan,right,192,82,no,2.51,2.23,45.83,10.23,56.36,0.09,0.15,0.09,1.39,2.32,1.21,4,0.37,0,0.0,0.65,0.28,3,0.28,0.38,3,0.28,26,2.42,19.23,11.538,0.09,0.19,0.0,0.19,0.0,0.0,0.0,0.0,0.56,33.33,6.69,23.61,3.07,0.37,0.09,11.06,1.77,1.02,17.39,79.68,2.42,53.85,6.69,91.67,4.37,76.6,16.83,81.77,0.37,25.0,13.13,4.9,0.0,0.0,0.0,0.0,0.0,0.0,0.0,1.02,54.55,0.19,0.0,0.0,0.0,0.09,0.0,1.12,41.67,0,,0,,0,0.0,0.0,0.0,,,0.09,,,0.0,0.0,0.0,0.0,0,0
Y. Machida,,Oita Trinita,"RW, AMF, RCMF",36,100000,,18,750,0,1.64,0,1.05,13.32,57.66,Japan,Japan,right,166,55,no,7.44,6.84,66.67,1.32,36.36,0.36,0.56,0.24,2.52,3.91,0.36,2,0.24,0,0.0,1.92,0.0,0,0.0,0.2,0,0.0,10,1.2,30.0,0.0,0.0,1.92,50.0,1.2,40.0,0.72,66.67,0.24,0.84,71.43,3.0,60.0,2.52,0.48,0.0,35.64,1.08,1.32,45.72,82.68,12.84,70.09,11.28,96.81,12.12,85.15,40.56,85.8,3.48,62.07,15.6,22.56,0.13,0.96,0.12,0.0,0.36,0.0,0.48,4.92,75.61,2.4,70.0,0.48,25.0,0.96,0.84,6.0,76.0,0,,0,,0,0.0,0.0,0.0,,,1.08,,,0.24,0.0,0.0,0.24,0,0
S. Arai,Vissel Kobe,JEF United,GK,37,100000,,23,2191,0,0.0,0,0.0,0.62,93.33,Japan,Japan,right,185,85,no,1.27,0.04,100.0,0.37,88.89,0.0,0.0,0.0,1.23,1.71,0.0,1,0.04,0,0.0,0.0,0.0,0,0.0,0.0,0,0.0,0,0.0,0.0,0.0,0.0,0.0,0.0,0.0,0.0,0.0,0.0,0.0,0.0,0.0,0.12,100.0,0.0,0.0,0.04,10.97,0.25,0.25,16.23,85.32,8.54,76.92,0.04,0.0,6.98,97.06,10.8,95.82,5.42,64.39,30.3,46.75,0.0,0.0,0.0,0.0,0.0,0.0,0.0,1.07,57.69,0.08,0.0,0.04,0.0,0.0,0.0,4.44,67.59,29,1.19,70,2.88,7,58.57,24.95,1.02,-4.05,-0.166,0.0,1.19,0.37,,,,0.0,0,0
Y. Kajikawa,Kashima Antlers,Júbilo Iwata,GK,34,100000,2028-06-30,13,1274,0,0.0,0,0.0,0.49,71.43,Japan,Japan,right,185,78,no,1.13,0.0,0.0,0.49,71.43,0.0,0.0,0.0,1.13,1.51,0.0,0,0.0,0,0.0,0.0,0.0,0,0.0,0.0,0,0.0,0,0.0,0.0,0.0,0.0,0.0,0.0,0.0,0.0,0.0,0.0,0.0,0.0,0.0,0.0,0.0,0.0,0.0,0.0,12.08,0.28,0.0,17.8,86.9,8.76,74.19,0.0,0.0,8.27,99.15,12.5,98.31,5.3,60.0,27.32,43.04,0.0,0.0,0.0,0.0,0.0,0.0,0.0,1.06,46.67,0.07,0.0,0.14,0.0,0.0,0.0,3.89,65.45,17,1.2,39,2.76,2,56.41,14.75,1.04,-2.25,-0.159,0.0,1.2,0.49,,,,0.0,0,0
Cristiano,Avaí,Ventforet Kofu,"CF, RAMF, RW",39,100000,2026-11-30,25,1388,4,2.81,1,2.18,21.79,37.5,Brazil,Brazil,right,183,83,no,4.15,3.31,49.02,7.72,36.13,0.13,0.16,0.13,2.4,2.94,1.56,1,0.06,0,0.0,2.98,0.26,3,0.19,0.18,0,0.0,31,2.01,35.48,12.903,0.06,3.37,34.62,0.52,25.0,2.85,36.36,0.26,1.75,51.85,7.2,38.74,1.88,1.23,0.26,19.45,1.3,1.36,28.92,68.83,7.13,56.36,8.43,86.92,7.72,61.34,22.44,76.3,3.31,52.94,19.12,28.8,0.14,1.56,0.06,0.0,0.39,50.0,0.39,3.31,58.82,3.44,41.51,0.78,25.0,0.65,1.1,5.32,79.27,0,,0,,0,0.0,0.0,0.0,,,0.13,,,1.36,0.19,33.33,2.14,1,100
T. Tomiyama,,RB Omiya Ardija,CF,35,100000,,31,1534,5,3.49,3,0.86,24.93,35.76,Japan,Japan,right,180,73,no,2.93,2.58,45.45,9.39,40.0,0.06,0.08,0.18,1.7,2.25,1.29,0,0.0,0,0.0,1.7,0.29,5,0.29,0.2,2,0.12,29,1.7,44.83,17.241,0.18,0.12,50.0,0.0,0.0,0.12,50.0,0.06,1.29,59.09,7.63,29.23,3.29,0.29,0.18,13.26,1.88,1.53,19.54,79.58,4.22,56.94,5.98,92.16,4.81,82.93,18.95,80.19,0.47,62.5,13.67,8.59,0.05,0.59,0.06,0.0,0.35,33.33,0.23,2.05,65.71,0.94,50.0,0.41,42.86,1.11,0.06,1.58,62.96,0,,0,,0,0.0,0.0,0.0,,,0.06,,,0.06,0.0,0.0,0.0,0,0
K. Hachisuka,,Vegalta Sendai,RB,35,100000,,20,1063,0,0.38,0,1.14,12.19,52.08,Japan,Japan,right,180,75,no,6.01,4.91,46.55,3.47,68.29,0.17,0.23,0.25,3.56,4.88,0.85,0,0.0,0,0.0,2.2,0.0,0,0.0,0.03,0,0.0,5,0.42,20.0,0.0,0.0,3.56,42.86,0.25,33.33,3.3,43.59,0.34,1.02,58.33,2.62,41.94,0.59,0.51,0.25,26.92,0.76,0.42,36.83,80.69,12.62,73.15,5.67,94.03,12.87,81.58,28.79,90.29,4.74,48.21,20.13,27.43,0.1,0.76,0.0,0.0,0.08,0.0,0.17,5.84,66.67,3.73,47.73,0.68,25.0,0.25,1.44,7.62,81.11,0,,0,,0,0.0,0.0,0.0,,,1.19,,,0.0,0.0,0.0,0.0,0,0
N. Fukumori,,Vegalta Sendai,LCB,33,100000,,14,1334,0,0.02,0,0.0,13.63,61.88,Japan,Japan,left,183,79,no,8.16,4.52,68.66,4.86,54.17,0.4,0.6,0.67,4.66,6.9,0.74,0,0.0,0,0.0,0.2,0.0,0,0.0,0.0,0,0.0,1,0.07,0.0,0.0,0.0,0.27,25.0,0.27,25.0,0.0,0.0,0.0,0.07,100.0,0.67,50.0,0.13,0.13,0.0,33.53,0.13,0.54,48.1,83.03,20.31,71.76,3.31,89.8,20.37,92.05,39.67,91.33,8.23,45.08,23.07,41.51,0.0,0.0,0.0,0.0,0.07,100.0,0.0,6.68,53.54,0.81,16.67,0.61,33.33,0.07,0.07,10.05,66.44,0,,0,,0,0.0,0.0,0.0,,,2.23,,,0.0,0.0,0.0,0.0,0,0
K. Yajima,,RB Omiya Ardija,CF,31,100000,,6,153,0,0.35,0,0.18,40.0,30.88,Japan,Japan,right,187,84,no,5.88,4.12,71.43,13.53,30.43,1.18,1.3,0.0,1.76,1.96,1.18,0,0.0,0,0.0,0.0,0.0,0,0.0,0.21,0,0.0,2,1.18,0.0,0.0,0.0,0.0,0.0,0.0,0.0,0.0,0.0,0.0,0.59,0.0,10.0,17.65,3.53,0.59,0.0,9.41,1.76,1.76,18.24,64.52,4.12,57.14,5.29,88.89,6.47,45.45,18.24,64.52,0.0,0.0,10.02,0.0,0.11,1.18,0.0,0.0,0.0,0.0,0.59,1.18,0.0,0.0,0.0,0.0,0.0,1.76,0.0,2.35,25.0,0,,0,,0,0.0,0.0,0.0,,,0.0,,,0.0,0.0,0.0,0.0,0,0
H. Kurimoto,,RB Omiya Ardija,"LCMF, RCMF",36,100000,,22,1170,0,0.27,0,0.43,16.46,52.8,Japan,Japan,right,180,80,no,10.85,7.38,70.83,3.08,40.0,1.0,1.17,0.46,4.62,5.41,0.92,1,0.08,0,0.0,0.38,0.0,0,0.0,0.02,0,0.0,5,0.38,20.0,0.0,0.0,0.31,50.0,0.31,50.0,0.0,0.0,0.08,0.38,40.0,2.92,26.32,0.62,0.46,0.08,22.69,0.08,0.46,34.15,82.21,11.85,69.48,4.69,91.8,10.15,87.88,32.46,84.36,1.38,38.89,16.46,21.79,0.03,0.46,0.0,0.0,0.08,0.0,0.23,4.38,68.42,1.31,64.71,0.38,0.0,0.69,0.15,4.62,41.67,0,,0,,0,0.0,0.0,0.0,,,0.15,,,0.0,0.0,0.0,0.0,0,0
K. Kuroki,Roasso Kumamoto,Roasso Kumamoto,RCB,36,100000,,42,3939,1,0.2,1,1.9,10.97,58.96,Japan,Japan,right,175,70,no,9.03,5.69,64.66,2.33,53.92,0.91,1.27,0.39,4.43,6.17,0.69,3,0.07,0,0.0,0.64,0.02,1,0.02,0.0,0,0.0,8,0.18,25.0,12.5,0.02,0.8,42.86,0.07,0.0,0.64,46.43,0.11,0.27,66.67,1.07,57.45,0.09,0.85,0.34,56.96,0.21,0.5,75.81,90.63,35.62,85.63,3.45,96.69,26.85,95.4,67.84,94.98,7.2,54.6,17.98,33.75,0.04,0.39,0.0,0.05,0.14,50.0,0.11,11.72,77.58,2.26,50.51,0.78,32.35,0.71,0.39,12.64,80.11,0,,0,,0,0.0,0.0,0.0,,,0.59,,,0.0,0.0,0.0,0.0,0,0
S. Aoki,Thespa Gunma,Blaublitz Akita,CF,35,100000,,41,2593,2,4.73,2,2.55,32.56,33.69,Japan,Japan,right,182,73,no,5.48,5.41,58.33,9.82,32.51,0.0,0.0,0.24,2.33,2.98,1.18,1,0.03,0,0.0,1.56,0.07,1,0.03,0.16,1,0.03,41,1.42,26.83,4.878,0.07,1.28,32.43,0.69,25.0,0.56,37.5,0.17,1.8,36.54,11.14,27.1,3.02,0.8,0.31,11.87,2.15,1.56,20.3,68.21,6.66,57.29,4.41,84.25,4.34,64.8,18.26,72.43,0.83,29.17,14.97,13.39,0.09,0.56,0.07,0.0,0.14,75.0,0.31,2.12,62.3,1.63,36.17,0.14,50.0,0.76,0.42,2.5,61.11,0,,0,,0,0.0,0.0,0.0,,,0.0,,,0.0,0.0,0.0,0.0,1,100
Elsinho,,Tokushima Vortis,RB,36,100000,,9,591,1,0.22,2,0.88,19.34,53.54,Brazil,Brazil,right,180,78,no,11.12,8.22,57.41,1.37,88.89,0.3,0.47,0.15,6.09,9.45,1.68,3,0.46,0,0.0,2.44,0.15,1,0.15,0.03,0,0.0,5,0.76,40.0,20.0,0.3,1.68,36.36,0.0,0.0,1.68,36.36,0.0,2.28,53.33,7.16,48.94,0.91,1.52,0.61,33.81,1.68,1.22,47.21,86.13,16.6,76.15,8.53,98.21,15.38,90.1,42.03,91.3,3.65,50.0,17.67,28.63,0.13,1.37,0.15,0.0,0.46,66.67,0.46,4.57,86.67,2.44,37.5,0.76,40.0,0.91,0.46,8.83,72.41,0,,0,,0,0.0,0.0,0.0,,,0.76,,,0.46,0.0,0.0,0.91,0,0
T. Tamukai,,Tokushima Vortis,"LB, RB",34,100000,,12,746,0,0.39,0,1.04,21.47,51.12,Japan,Japan,right,175,69,no,11.22,9.05,70.67,3.98,36.36,0.0,0.0,0.12,4.83,7.41,0.84,1,0.12,0,0.0,1.57,0.0,0,0.0,0.05,0,0.0,3,0.36,33.33,0.0,0.0,1.57,53.85,0.6,40.0,0.97,62.5,0.0,1.69,35.71,5.19,30.23,0.48,1.09,0.48,31.37,1.45,0.48,43.91,78.57,17.98,66.44,6.27,94.23,14.96,89.52,38.24,83.28,4.1,44.12,19.79,34.24,0.13,0.84,0.0,0.0,0.24,0.0,0.36,5.19,69.77,1.93,50.0,0.48,25.0,0.12,0.84,9.41,56.41,0,,0,,0,0.0,0.0,0.0,,,0.12,,,0.0,0.0,0.0,0.0,0,0
H. Hatao,Zweigen Kanazawa,Thespa Gunma,LCB,35,100000,,32,2365,4,3.02,0,0.17,11.26,61.82,Japan,Japan,right,183,79,no,6.77,1.6,71.43,6.36,63.47,0.11,0.13,0.88,5.52,6.36,0.15,0,0.0,0,0.0,0.57,0.15,4,0.15,0.11,4,0.15,21,0.8,47.62,19.048,0.0,0.11,66.67,0.04,100.0,0.04,0.0,0.0,0.3,37.5,0.99,46.15,0.99,0.15,0.0,38.13,0.15,0.91,50.99,91.94,17.12,82.67,1.1,82.76,26.9,98.16,44.79,96.01,6.09,62.5,19.64,32.11,0.01,0.08,0.04,0.0,0.0,0.0,0.08,4.38,64.35,0.46,33.33,0.38,20.0,0.08,0.08,6.36,72.46,0,,0,,0,0.0,0.0,0.0,,,0.46,,,0.04,0.0,0.0,0.0,0,0
M. Yamada,,Fujieda MYFC,"CB, LCB",31,100000,,17,853,1,0.13,0,0.0,18.89,64.25,Japan,Japan,right,186,80,no,11.71,4.96,72.34,9.07,60.47,0.84,1.2,1.16,7.28,10.35,0.84,0,0.0,0,0.0,0.74,0.11,1,0.11,0.01,1,0.11,2,0.21,100.0,50.0,0.0,0.21,50.0,0.11,0.0,0.11,100.0,0.0,0.84,50.0,1.79,58.82,0.53,0.32,0.11,37.46,0.32,1.16,51.81,87.37,20.79,76.65,2.53,91.67,22.68,96.28,48.64,90.89,3.06,34.48,20.06,26.21,0.0,0.0,0.0,0.0,0.11,0.0,0.0,4.22,77.5,0.42,25.0,0.32,0.0,0.21,0.0,7.6,50.0,0,,0,,0,0.0,0.0,0.0,,,2.0,,,0.0,0.0,0.0,0.0,0,0
Han Eui-Gwon,,Fagiano Okayama,"CF, AMF",31,100000,,9,465,0,0.26,0,0.12,28.65,37.16,Korea Republic,Korea Republic,right,180,72,no,6.19,5.23,59.26,5.81,26.67,0.19,0.24,0.0,2.9,3.6,1.74,1,0.19,0,0.0,3.87,0.0,0,0.0,0.05,0,0.0,4,0.77,75.0,0.0,0.0,1.94,10.0,1.16,16.67,0.77,0.0,0.19,4.65,66.67,13.55,37.14,1.74,1.55,0.77,13.55,2.32,1.35,21.1,75.23,4.26,72.73,5.03,88.46,5.23,77.78,18.58,82.29,0.58,66.67,18.87,9.76,0.02,0.39,0.0,0.19,0.0,0.0,0.19,2.13,63.64,0.97,60.0,0.19,0.0,0.39,0.19,2.71,92.86,0,,0,,0,0.0,0.0,0.0,,,0.0,,,0.0,0.0,0.0,0.0,0,0
C. Gutiérrez,Numancia,V-Varen Nagasaki,"RCB, CB",34,100000,,17,1149,0,0.45,0,0.21,10.1,61.24,Spain,Spain,right,192,82,no,10.03,3.92,76.0,3.05,56.41,0.16,0.21,0.63,6.89,9.13,0.78,2,0.16,0,0.0,0.16,0.0,0,0.0,0.04,0,0.0,3,0.23,0.0,0.0,0.0,0.0,0.0,0.0,0.0,0.0,0.0,0.0,0.16,100.0,0.86,63.64,0.39,0.16,0.0,21.07,0.16,0.39,36.58,79.87,13.55,60.69,2.58,90.91,17.94,93.45,29.69,87.86,6.89,45.45,22.4,32.72,0.02,0.08,0.0,0.0,0.0,0.0,0.08,4.15,56.6,0.23,0.0,0.23,66.67,0.08,0.0,7.99,45.1,0,,0,,0,0.0,0.0,0.0,,,2.04,,,0.0,0.0,0.0,0.0,0,0
R. Nagaki,Iwaki,Tokushima Vortis,"RDMF, RCMF",38,100000,2027-06-30,11,957,1,0.3,1,1.41,13.07,52.52,Japan,Japan,right,175,67,no,7.81,6.11,60.0,1.97,33.33,0.47,0.66,0.28,3.67,5.11,1.13,2,0.19,0,0.0,0.75,0.09,1,0.09,0.03,0,0.0,8,0.75,37.5,12.5,0.09,0.66,28.57,0.38,25.0,0.28,33.33,0.19,0.38,75.0,2.54,51.85,0.19,1.22,0.28,43.64,0.28,0.75,56.43,88.83,16.27,74.57,7.62,97.53,23.79,95.26,51.91,92.57,3.95,47.62,17.82,36.04,0.13,1.03,0.0,0.0,0.28,0.0,0.09,9.87,78.1,1.6,35.29,0.66,0.0,0.38,0.19,6.68,84.51,0,,0,,0,0.0,0.0,0.0,,,0.38,,,1.79,0.38,50.0,2.92,0,0
K. Nakano,Tegevajaro Miyazaki,Tokushima Vortis,"RCMF, LCMF",23,100000,,6,165,0,0.19,0,0.0,13.09,45.83,Japan,Japan,left,167,65,no,7.64,4.91,66.67,1.64,66.67,0.55,1.03,0.0,3.82,7.24,0.55,1,0.55,0,0.0,2.73,0.0,0,0.0,0.1,0,0.0,5,2.73,20.0,0.0,0.0,2.73,40.0,0.0,0.0,2.73,40.0,0.0,2.73,40.0,6.0,27.27,1.64,2.18,0.55,42.0,0.0,0.55,50.18,93.48,11.45,85.71,13.64,100.0,16.36,93.33,44.73,98.78,2.73,60.0,18.2,16.91,0.0,0.0,0.0,0.55,0.0,0.0,0.0,8.18,93.33,3.27,33.33,1.09,0.0,0.55,1.09,4.91,100.0,0,,0,,0,0.0,0.0,0.0,,,1.09,,,1.09,0.0,0.0,0.55,0,0
M. Okazaki,,Roasso Kumamoto,"CB, RCB",27,100000,,3,134,0,0.0,0,0.0,21.49,56.25,Japan,Japan,right,181,77,no,12.76,11.42,70.59,5.37,50.0,0.0,0.0,0.67,4.7,6.18,2.69,1,0.67,0,0.0,0.67,0.0,0,0.0,0.0,0,0.0,0,0.0,0.0,0.0,0.0,0.0,0.0,0.0,0.0,0.0,0.0,0.0,1.34,50.0,2.69,25.0,0.0,0.0,0.0,50.37,0.0,0.0,67.16,86.0,22.16,66.67,3.36,100.0,30.22,95.56,58.43,93.1,8.73,38.46,21.26,43.26,0.0,0.0,0.0,0.0,0.0,0.0,0.0,7.39,36.36,0.67,0.0,1.34,0.0,0.0,0.0,10.07,53.33,0,,0,,0,0.0,0.0,0.0,,,2.01,,,0.0,0.0,0.0,0.0,0,0
K. Kudo,Fagiano Okayama,Fujieda MYFC,"LCB, LWB",22,100000,2026-06-30,6,193,0,0.18,0,0.0,28.91,56.45,Japan,Japan,left,180,72,no,10.73,8.39,66.67,6.99,66.67,0.0,0.0,0.47,5.13,8.05,1.4,0,0.0,0,0.0,3.73,0.0,0,0.0,0.08,0,0.0,1,0.47,100.0,0.0,0.0,1.87,50.0,1.87,50.0,0.0,0.0,0.0,2.8,83.33,8.86,68.42,1.4,1.4,0.0,30.78,0.0,1.87,46.63,77.0,21.92,68.09,3.26,85.71,15.39,84.85,35.91,83.12,9.33,60.0,23.6,39.94,0.0,0.0,0.0,0.0,0.0,0.0,0.0,8.86,68.42,0.93,50.0,0.0,0.0,0.0,0.47,9.33,85.0,0,,0,,0,0.0,0.0,0.0,,,0.93,,,0.0,0.0,0.0,0.0,0,0
T. Ueda,Fukushima United,Fujieda MYFC,GK,30,100000,,16,1555,0,0.0,0,0.0,0.46,100.0,Japan,Japan,left,182,80,no,1.39,0.06,100.0,0.35,100.0,0.0,0.0,0.0,1.33,2.16,0.0,1,0.06,0,0.0,0.0,0.0,0,0.0,0.0,0,0.0,0,0.0,0.0,0.0,0.0,0.0,0.0,0.0,0.0,0.0,0.0,0.0,0.0,0.0,0.0,0.0,0.0,0.0,0.0,27.43,0.35,0.06,35.88,86.61,15.57,73.23,0.06,0.0,18.29,97.15,28.24,97.54,7.41,47.66,27.48,50.46,0.0,0.0,0.0,0.0,0.0,0.0,0.0,3.7,39.06,0.29,20.0,0.35,16.67,0.06,0.0,5.67,62.24,29,1.68,78,4.51,4,62.82,25.69,1.49,-3.31,-0.192,0.0,1.33,0.35,,,,0.0,0,0
G. Egawa,Kagoshima United,Iwaki,"LB, RB, RCB",26,100000,,21,1505,1,1.07,0,1.02,22.37,59.09,Japan,Japan,right,180,75,no,13.46,9.69,64.81,6.7,62.5,0.42,0.58,0.24,6.76,9.34,1.55,6,0.36,0,0.0,1.38,0.06,1,0.06,0.06,1,0.06,10,0.6,40.0,10.0,0.0,1.2,50.0,0.84,50.0,0.36,50.0,0.12,0.84,64.29,2.21,59.46,1.08,0.42,0.0,16.21,0.06,0.9,29.36,74.54,17.16,68.29,1.97,84.85,6.46,86.11,23.14,82.95,5.02,41.67,19.57,28.64,0.06,0.54,0.0,0.0,0.0,0.0,0.18,6.1,60.78,1.5,52.0,0.3,60.0,0.24,0.54,7.77,64.62,0,,0,,0,0.0,0.0,0.0,,,0.3,,,0.0,0.0,0.0,0.0,0,0
K. Miyazaki,,Iwaki,"RW, CF",28,100000,,2,41,0,0.0,0,0.0,,,Japan,Japan,left,176,65,no,,,,,,,0.0,,,9.0,,0,,0,,,,0,,,0,,0,,,0.0,,,,,,,,,,,,,,,,,,,,,,,,,,,,,,,12.45,0.0,,,,,,,,,,,,,,,,,,0,,0,,0,0.0,0.0,,,,,,,,,,,0,0
S. Rikiyasu,Tegevajaro Miyazaki,Zweigen Kanazawa,"RDMF, RCMF",27,100000,,3,204,0,0.08,0,0.0,25.15,40.35,Japan,Japan,right,174,67,no,11.47,9.71,63.64,7.5,29.41,1.32,2.14,0.0,3.97,6.43,2.65,2,0.88,0,0.0,1.76,0.0,0,0.0,0.03,0,0.0,1,0.44,100.0,0.0,0.0,0.0,0.0,0.0,0.0,0.0,0.0,0.0,1.32,66.67,3.97,33.33,0.0,0.0,0.0,15.44,0.0,0.88,29.56,71.64,13.68,51.61,6.62,93.33,5.74,92.31,24.71,78.57,4.85,36.36,19.4,34.59,0.0,0.0,0.0,0.44,0.44,100.0,0.44,5.29,75.0,1.32,33.33,0.88,0.0,0.44,0.0,6.62,53.33,0,,0,,0,0.0,0.0,0.0,,,0.44,,,0.0,0.0,0.0,0.0,0,0
R. Haruna,Mito Hollyhock,Mito Hollyhock,GK,22,100000,2027-06-30,7,688,0,0.0,0,0.0,0.52,75.0,Japan,Japan,right,183,80,no,1.18,0.13,0.0,0.26,100.0,0.0,0.0,0.0,1.18,1.53,0.0,1,0.13,0,0.0,0.0,0.0,0,0.0,0.0,0,0.0,0,0.0,0.0,0.0,0.0,0.0,0.0,0.0,0.0,0.0,0.0,0.0,0.0,0.0,0.0,0.0,0.0,0.0,0.0,7.59,0.13,0.0,15.83,89.26,8.11,80.65,0.0,0.0,6.41,97.96,11.38,98.85,4.45,64.71,27.59,52.3,0.0,0.0,0.0,0.0,0.0,0.0,0.0,2.09,68.75,0.0,0.0,0.0,0.0,0.0,0.0,3.53,81.48,10,1.31,24,3.14,1,58.33,6.98,0.91,-3.02,-0.395,0.0,1.44,0.26,,,,0.0,0,0
T. Yamada,Montedio Yamagata,Montedio Yamagata,"RB, LB",36,75000,,18,1186,1,0.42,1,0.43,16.92,52.47,Japan,Japan,right,170,60,no,10.09,9.03,58.82,2.43,37.5,0.15,0.23,0.23,4.63,6.96,1.52,5,0.38,0,0.0,1.29,0.08,1,0.08,0.03,0,0.0,5,0.38,40.0,20.0,0.08,1.37,44.44,0.3,50.0,1.06,42.86,0.15,0.83,63.64,2.43,50.0,0.99,0.15,0.08,36.12,0.83,0.91,44.92,76.86,17.61,68.53,5.69,92.0,14.8,79.49,37.64,83.67,5.99,41.77,19.07,28.16,0.03,0.68,0.0,0.0,0.23,0.0,0.3,8.04,65.09,1.97,30.77,0.99,7.69,0.3,0.53,10.32,66.91,0,,0,,0,0.0,0.0,0.0,,,0.53,,,0.0,0.0,0.0,0.0,0,0
S. Takagi,Consadole Sapporo,Oita Trinita,GK,37,75000,,4,400,0,0.0,0,0.0,0.68,100.0,Japan,Japan,left,181,76,no,1.58,0.0,0.0,0.45,100.0,0.0,0.0,0.0,1.58,2.47,0.0,0,0.0,0,0.0,0.0,0.0,0,0.0,0.0,0,0.0,0,0.0,0.0,0.0,0.0,0.0,0.0,0.0,0.0,0.0,0.0,0.0,0.0,0.0,0.23,100.0,0.0,0.0,0.0,28.58,0.0,0.23,36.68,87.73,18.9,78.57,0.0,0.0,16.2,98.61,25.2,96.43,11.48,68.63,27.8,43.83,0.0,0.0,0.0,0.0,0.0,0.0,0.0,3.38,40.0,0.0,0.0,0.23,0.0,0.0,0.0,7.43,66.67,4,0.9,11,2.48,2,63.64,2.33,0.52,-1.67,-0.376,0.0,2.25,0.45,,,,0.0,0,0
K. Mitsuhira,Ventforet Kofu,Ventforet Kofu,"AMF, CF",38,75000,,39,2336,9,4.91,3,2.9,16.07,39.57,Japan,Japan,right,175,68,no,4.39,3.35,59.77,4.97,38.76,0.65,0.81,0.04,1.73,2.14,0.69,3,0.12,0,0.0,1.81,0.35,8,0.31,0.19,3,0.12,35,1.35,48.57,25.714,0.12,0.77,30.0,0.42,45.45,0.35,11.11,0.04,1.54,42.5,4.89,35.43,2.7,0.35,0.15,14.45,1.43,1.35,22.15,73.04,5.43,57.45,4.7,87.7,6.43,77.25,20.27,76.43,1.12,41.38,15.98,18.02,0.11,0.77,0.04,0.08,0.73,36.84,0.46,3.16,59.76,1.7,47.73,0.81,28.57,1.0,0.19,2.97,72.73,0,,0,,0,0.0,0.0,0.0,,,0.0,,,0.0,0.0,0.0,0.0,1,100
Y. Endo,,Vegalta Sendai,"CF, AMF, RW",38,75000,,15,453,0,0.49,2,0.81,17.09,38.37,Japan,Japan,left,168,69,no,4.17,4.17,57.14,2.78,7.14,0.2,0.32,0.0,1.59,2.58,0.79,0,0.0,0,0.0,3.38,0.0,0,0.0,0.1,0,0.0,10,1.99,30.0,0.0,0.4,2.98,33.33,1.99,30.0,0.99,40.0,0.79,3.58,44.44,7.15,41.67,2.38,1.39,0.2,32.58,1.39,0.6,43.71,75.0,14.9,61.33,10.93,96.36,11.13,75.0,37.15,80.75,3.58,50.0,18.39,25.02,0.16,1.39,0.0,0.0,0.79,25.0,0.4,6.95,62.86,4.37,50.0,1.59,37.5,1.99,0.79,6.95,74.29,0,,0,,0,0.0,0.0,0.0,,,0.79,,,2.38,0.4,0.0,4.17,0,0
K. Sato,,Renofa Yamaguchi,"DMF, RCMF, LDMF",37,75000,,18,1167,0,0.42,1,2.25,11.26,52.74,Japan,Japan,right,180,70,no,9.25,4.86,61.9,1.93,60.0,0.69,1.08,0.23,5.55,8.61,1.23,4,0.31,0,0.0,0.85,0.0,0,0.0,0.03,0,0.0,5,0.39,20.0,0.0,0.08,0.69,55.56,0.23,66.67,0.46,50.0,0.15,0.39,40.0,1.77,52.17,0.23,0.46,0.0,37.63,0.0,0.54,50.75,87.39,15.12,77.04,6.56,95.29,21.67,91.1,44.73,90.86,5.32,62.32,19.54,32.49,0.17,1.47,0.0,0.0,0.39,60.0,0.39,8.79,75.44,2.16,57.14,0.69,55.56,1.23,0.39,9.02,76.07,0,,0,,0,0.0,0.0,0.0,,,0.93,,,0.54,0.08,0.0,1.16,0,0
R. Iwabuchi,,Fujieda MYFC,"AMF, RWF, CF",36,75000,,37,1856,5,4.75,3,1.19,18.04,37.63,Japan,Japan,right,174,65,no,5.58,3.73,50.65,4.32,35.96,0.97,1.46,0.39,2.72,4.08,1.26,3,0.15,0,0.0,2.62,0.24,5,0.24,0.23,0,0.0,37,1.79,40.54,13.514,0.15,0.73,20.0,0.19,0.0,0.53,27.27,0.0,2.23,54.35,6.21,34.38,2.33,0.63,0.24,24.15,1.07,0.78,31.96,76.78,8.53,58.52,9.02,92.47,8.15,77.38,29.09,80.67,2.23,41.3,16.22,23.51,0.06,0.97,0.15,0.05,1.26,42.31,0.44,4.46,63.04,2.23,41.3,1.55,40.63,0.97,0.19,4.07,76.19,0,,0,,0,0.0,0.0,0.0,,,0.39,,,0.05,0.05,0.0,0.15,0,0
R. Hisadomi,Fujieda MYFC,Fujieda MYFC,"RCB, RWB, RB",35,75000,,32,2184,2,1.76,3,2.73,14.67,54.21,Japan,Japan,right,177,69,no,7.66,5.98,62.76,3.79,48.91,0.29,0.37,0.41,3.63,4.66,0.58,2,0.08,0,0.0,1.73,0.08,2,0.08,0.07,0,0.0,10,0.41,30.0,20.0,0.12,2.43,44.07,0.04,100.0,2.39,43.1,0.12,0.78,63.16,2.47,51.67,1.11,0.66,0.37,21.3,1.65,0.95,31.07,78.51,11.37,75.0,4.24,97.09,9.73,76.69,25.1,86.86,3.75,42.86,18.31,30.94,0.11,0.91,0.0,0.08,0.04,100.0,0.66,3.67,64.04,2.23,51.85,0.41,50.0,0.37,0.95,6.8,73.94,0,,0,,0,0.0,0.0,0.0,,,0.08,,,0.0,0.0,0.0,0.0,0,0
K. Sugiura,Zweigen Kanazawa,Zweigen Kanazawa,CF,37,75000,,39,1673,9,6.68,1,1.67,20.82,37.21,Japan,Japan,right,177,70,no,3.55,1.88,82.86,10.87,33.17,0.22,0.26,0.11,1.78,2.18,0.7,0,0.0,0,0.0,2.1,0.48,9,0.48,0.36,1,0.05,39,2.1,46.15,23.077,0.05,1.67,22.58,0.48,11.11,1.18,27.27,0.27,1.61,43.33,4.84,33.33,3.34,0.38,0.16,12.37,2.42,0.75,17.11,68.87,4.03,58.67,3.17,88.14,5.06,61.7,15.06,74.29,0.54,50.0,14.16,10.99,0.09,0.91,0.05,0.0,0.27,20.0,0.59,1.78,66.67,1.94,38.89,0.32,33.33,0.97,0.32,2.21,73.17,0,,0,,0,0.0,0.0,0.0,,,0.05,,,0.0,0.0,0.0,0.0,0,0
S. Takahashi,,V-Varen Nagasaki,"LB, RB",36,75000,,23,616,0,0.11,0,1.03,16.51,62.83,Japan,Japan,right,170,70,no,10.96,6.43,68.18,2.92,60.0,0.88,1.45,0.58,5.7,9.44,0.44,1,0.15,0,0.0,3.36,0.0,0,0.0,0.02,0,0.0,2,0.29,0.0,0.0,0.0,3.07,47.62,1.17,37.5,1.75,50.0,0.29,2.48,76.47,5.7,64.1,0.58,1.75,1.61,26.88,0.29,2.34,36.96,84.19,12.71,74.71,7.74,98.11,11.4,84.62,29.66,90.64,4.24,65.52,19.51,17.11,0.15,1.02,0.29,0.0,0.0,0.0,0.58,3.65,68.0,3.21,59.09,0.15,0.0,0.58,1.61,7.16,73.47,0,,0,,0,0.0,0.0,0.0,,,0.73,,,0.15,0.0,0.0,0.0,0,0
Y. Kawai,,Fagiano Okayama,"RCMF, DMF, LCMF",36,75000,,23,1239,0,0.4,0,1.05,12.49,54.65,Japan,Japan,right,166,60,no,7.77,4.21,56.9,2.76,47.37,0.8,1.17,0.0,4.58,6.73,1.02,4,0.29,0,0.0,1.02,0.0,0,0.0,0.03,0,0.0,8,0.58,12.5,0.0,0.0,1.23,35.29,0.22,0.0,1.02,42.86,0.15,0.65,77.78,2.76,63.16,0.87,0.73,0.29,23.24,0.29,1.6,37.48,84.5,12.42,74.27,6.76,91.4,11.62,91.88,32.76,88.47,3.49,64.58,16.98,22.06,0.08,0.73,0.07,0.0,0.15,0.0,0.15,4.79,72.73,1.89,50.0,0.65,33.33,0.73,0.44,5.45,68.0,0,,0,,0,0.0,0.0,0.0,,,0.51,,,0.44,0.0,0.0,1.16,0,0
R. Nagai,Giravanz Kitakyushu,Fagiano Okayama,CF,35,75000,,2,109,1,0.49,0,0.0,22.29,33.33,Japan,Japan,right,180,72,no,3.3,1.65,50.0,7.43,44.44,0.83,1.2,0.0,1.65,2.4,0.83,1,0.83,0,0.0,1.65,0.83,1,0.83,0.41,0,0.0,2,1.65,100.0,50.0,0.0,0.0,0.0,0.0,0.0,0.0,0.0,0.0,0.0,0.0,7.43,33.33,1.65,0.0,0.0,10.73,3.3,2.48,13.21,68.75,2.48,33.33,1.65,100.0,3.3,75.0,13.21,68.75,0.0,0.0,17.13,0.0,0.0,0.0,0.0,0.0,0.0,0.0,0.0,3.3,25.0,0.0,0.0,0.0,0.0,0.0,0.0,0.0,0.0,0,,0,,0,0.0,0.0,0.0,,,0.0,,,0.0,0.0,0.0,0.0,0,0
Jefferson Baiano,Lagarto,Zweigen Kanazawa,CF,31,75000,,12,570,0,1.2,0,0.04,36.47,29.87,Brazil,Brazil,right,186,83,no,4.26,3.95,56.0,11.84,29.33,0.0,0.0,0.16,2.05,2.42,3.32,3,0.47,0,0.0,2.68,0.0,0,0.0,0.19,0,0.0,8,1.26,12.5,0.0,0.0,1.26,37.5,0.79,40.0,0.47,33.33,0.32,5.05,40.63,13.11,26.51,2.84,1.58,1.26,5.53,1.74,1.74,9.16,63.79,1.74,63.64,3.47,81.82,2.21,57.14,7.89,68.0,0.16,0.0,12.64,5.1,0.01,0.32,0.0,0.0,0.0,0.0,0.0,0.79,60.0,0.63,75.0,0.0,0.0,0.32,0.47,1.42,77.78,0,,0,,0,0.0,0.0,0.0,,,0.0,,,0.0,0.0,0.0,0.0,0,0
K. Shimura,RB Omiya Ardija,RB Omiya Ardija,GK,29,75000,,6,596,0,0.0,0,0.0,0.3,100.0,Japan,Japan,right,186,80,no,0.15,0.0,0.0,0.3,100.0,0.0,0.0,0.0,0.15,0.19,0.0,1,0.15,0,0.0,0.0,0.0,0,0.0,0.0,0,0.0,0,0.0,0.0,0.0,0.0,0.0,0.0,0.0,0.0,0.0,0.0,0.0,0.0,0.0,0.0,0.0,0.0,0.0,0.0,5.13,0.0,0.3,11.17,91.89,5.29,82.86,0.15,100.0,4.08,100.0,7.55,100.0,3.62,75.0,26.72,46.43,0.0,0.0,0.0,0.0,0.0,0.0,0.0,0.45,33.33,0.15,0.0,0.0,0.0,0.0,0.0,3.02,80.0,9,1.36,32,4.83,2,71.88,11.72,1.77,2.72,0.411,0.0,1.06,0.3,,,,0.0,0,0
K. Nakano,Consadole Sapporo,Zweigen Kanazawa,GK,27,75000,2027-06-30,3,288,0,0.16,0,0.0,0.63,100.0,Japan,Japan,left,200,90,no,0.94,0.0,0.0,0.31,100.0,0.0,0.0,0.0,0.94,1.5,0.0,0,0.0,0,0.0,0.31,0.0,0,0.0,0.05,0,0.0,1,0.31,0.0,0.0,0.0,0.0,0.0,0.0,0.0,0.0,0.0,0.0,0.31,100.0,0.31,100.0,0.31,0.0,0.0,11.25,0.0,0.0,19.69,87.3,10.63,79.41,0.0,0.0,8.13,100.0,11.56,97.3,8.13,73.08,34.5,46.28,0.0,0.0,0.0,0.0,0.0,0.0,0.0,0.63,100.0,0.0,0.0,0.0,0.0,0.0,0.0,6.25,70.0,5,1.56,14,4.38,1,64.29,4.58,1.43,-0.42,-0.131,0.0,1.25,0.31,,,,0.0,0,0
K. Yamauchi,Ventforet Kofu,Ventforet Kofu,GK,26,75000,,3,295,0,0.0,0,0.0,0.61,50.0,Japan,Japan,,187,77,no,1.83,0.31,0.0,0.31,100.0,0.0,0.0,0.0,1.83,2.77,0.31,0,0.0,0,0.0,0.0,0.0,0,0.0,0.0,0,0.0,0,0.0,0.0,0.0,0.0,0.0,0.0,0.0,0.0,0.0,0.0,0.0,0.0,0.0,0.0,0.0,0.0,0.0,0.0,8.54,0.0,0.0,14.95,83.67,7.63,68.0,0.0,0.0,6.71,100.0,9.76,100.0,5.19,52.94,31.7,51.45,0.0,0.0,0.0,0.0,0.0,0.0,0.0,2.44,50.0,0.0,0.0,0.0,0.0,0.0,0.0,3.36,63.64,5,1.53,14,4.27,0,64.29,5.72,1.74,0.72,0.22,0.0,0.92,0.31,,,,0.0,0,0
T. Okubo,Grulla Morioka,Shimizu S-Pulse,GK,36,50000,,2,198,0,0.0,0,0.0,0.0,0.0,Japan,Japan,right,190,92,no,2.27,0.0,0.0,0.0,0.0,0.0,0.0,0.0,2.27,3.0,0.0,0,0.0,0,0.0,0.0,0.0,0,0.0,0.0,0,0.0,0,0.0,0.0,0.0,0.0,0.0,0.0,0.0,0.0,0.0,0.0,0.0,0.0,0.0,0.0,0.0,0.0,0.0,0.0,8.18,0.0,0.0,15.0,78.79,8.64,68.42,0.0,0.0,5.91,100.0,8.18,100.0,6.82,53.33,32.41,44.34,0.0,0.0,0.0,0.0,0.0,0.0,0.0,1.82,25.0,0.45,0.0,0.45,0.0,0.0,0.0,5.0,72.73,1,0.45,7,3.18,1,85.71,1.88,0.85,0.88,0.4,0.0,1.36,0.0,,,,0.0,0,0
K. Kato,,Tokyo Verdy,"RCMF, LCMF",37,50000,,8,378,0,0.32,0,0.04,18.1,43.42,Japan,Japan,right,178,72,no,8.1,5.0,42.86,3.57,53.33,0.48,0.71,0.24,5.48,8.21,1.9,1,0.24,0,0.0,0.71,0.0,0,0.0,0.08,0,0.0,6,1.43,16.67,0.0,0.0,0.48,50.0,0.0,0.0,0.48,50.0,0.0,0.48,50.0,4.52,52.63,0.71,0.24,0.0,45.48,0.48,1.19,64.52,84.87,20.48,67.44,12.38,94.23,18.1,94.74,56.9,87.87,7.14,63.33,15.72,37.0,0.01,0.48,0.0,0.0,0.0,0.0,0.0,8.57,72.22,1.67,28.57,0.48,50.0,0.24,0.24,7.62,68.75,0,,0,,0,0.0,0.0,0.0,,,0.0,,,0.0,0.0,0.0,0.0,0,0
K. Yonekura,JEF United,JEF United,"RW, RAMF",38,50000,2027-06-30,25,902,5,2.96,2,2.5,21.45,44.19,Japan,Japan,right,177,71,no,5.69,6.88,57.97,6.49,49.23,0.3,0.48,0.2,1.4,2.25,2.2,3,0.3,0,0.0,3.79,0.5,5,0.5,0.3,1,0.1,21,2.1,47.62,23.81,0.2,3.79,50.0,0.1,100.0,3.69,48.65,0.2,1.4,57.14,4.19,35.71,3.39,1.3,0.8,16.96,2.1,0.2,22.95,69.13,6.49,56.92,5.09,92.16,7.08,70.42,16.86,76.33,2.69,51.85,19.32,20.18,0.25,1.6,0.0,0.0,0.2,50.0,1.0,3.19,53.13,3.69,56.76,0.7,42.86,0.7,1.6,5.49,72.73,0,,0,,0,0.0,0.0,0.0,,,0.0,,,0.0,0.0,0.0,0.0,0,0
K. Yamamoto,,Júbilo Iwata,"RDMF, RCMF, LDMF",36,50000,,18,1094,0,0.48,0,0.78,11.35,52.9,Japan,Japan,right,179,77,no,8.72,5.27,71.88,1.89,43.48,0.58,0.8,0.16,4.36,6.07,0.82,1,0.08,0,0.0,1.15,0.0,0,0.0,0.04,0,0.0,9,0.74,22.22,0.0,0.0,1.97,41.67,0.58,57.14,1.4,35.29,0.25,0.58,28.57,2.06,16.0,0.74,0.58,0.08,44.1,0.08,0.25,58.33,89.99,19.25,85.47,6.33,100.0,21.06,91.41,51.42,94.08,5.1,64.52,17.88,33.56,0.06,0.74,0.08,0.0,0.16,0.0,0.33,8.14,88.89,2.55,54.84,0.74,44.44,0.66,0.82,9.05,80.91,0,,0,,0,0.0,0.0,0.0,,,0.82,,,0.08,0.0,0.0,0.74,0,0
P. Utaka,,Ventforet Kofu,CF,42,50000,,40,2851,12,15.93,4,4.31,17.84,32.04,Nigeria,"Nigeria, Belgium",right,179,79,no,2.37,1.48,53.19,4.58,32.41,0.03,0.04,0.16,1.55,1.9,0.69,1,0.03,0,0.0,3.0,0.38,12,0.38,0.5,3,0.09,94,2.97,35.11,12.766,0.13,0.98,25.81,0.25,12.5,0.69,31.82,0.03,2.43,57.14,7.77,29.67,4.29,1.45,0.63,13.95,2.24,0.6,17.84,76.46,4.01,70.08,3.79,86.67,5.37,74.71,16.45,80.04,0.44,50.0,14.78,13.42,0.14,0.85,0.0,0.0,0.73,43.48,0.41,1.23,61.54,2.08,57.58,0.63,30.0,1.52,0.32,1.55,83.67,0,,0,,0,0.0,0.0,0.0,,,0.0,,,0.0,0.0,0.0,0.0,1,0
K. Kawata,Ventforet Kofu,Ventforet Kofu,GK,38,50000,,29,2733,0,0.01,1,0.0,0.76,86.96,Japan,Japan,right,184,78,no,1.45,0.1,66.67,0.49,93.33,0.0,0.0,0.0,1.38,1.68,0.0,0,0.0,0,0.0,0.03,0.0,0,0.0,0.0,0,0.0,1,0.03,0.0,0.0,0.03,0.0,0.0,0.0,0.0,0.0,0.0,0.0,0.03,100.0,0.13,75.0,0.0,0.0,0.0,12.74,0.03,0.13,19.89,83.77,10.87,72.42,0.0,0.0,8.17,97.58,13.4,99.02,6.42,52.82,30.87,50.81,0.0,0.0,0.0,0.0,0.0,0.0,0.0,3.0,39.56,0.3,11.11,0.43,30.77,0.03,0.0,3.69,75.0,32,1.05,102,3.36,9,68.63,35.84,1.18,3.84,0.126,0.0,1.65,0.49,,,,0.0,0,0
T. Kasahara,RB Omiya Ardija,RB Omiya Ardija,GK,37,50000,,33,3220,0,0.0,0,0.0,1.03,83.78,Japan,Japan,right,191,88,no,1.23,0.0,0.0,0.73,92.31,0.06,0.07,0.0,1.17,1.47,0.0,1,0.03,0,0.0,0.0,0.0,0,0.0,0.0,0,0.0,0,0.0,0.0,0.0,0.0,0.0,0.0,0.0,0.0,0.0,0.0,0.0,0.0,0.0,0.03,100.0,0.0,0.0,0.0,5.34,0.2,0.14,11.49,84.18,6.6,73.73,0.0,0.0,4.28,98.04,6.79,98.77,4.7,63.1,34.35,54.14,0.0,0.0,0.0,0.03,0.0,0.0,0.0,2.07,60.81,0.17,0.0,0.11,0.0,0.0,0.0,3.33,80.67,53,1.48,154,4.3,6,65.58,49.23,1.38,-3.77,-0.105,0.0,1.76,0.73,,,,0.0,0,0
Y. Takahagi,,Tochigi SC,"RCMF, LCMF, RWF",39,50000,,36,1174,1,1.47,0,1.02,21.47,41.07,Japan,Japan,right,183,71,no,9.66,7.21,62.77,2.53,18.18,1.3,1.65,0.15,3.83,4.84,1.76,3,0.23,0,0.0,2.22,0.08,1,0.08,0.11,0,0.0,11,0.84,18.18,9.091,0.0,1.84,37.5,0.69,22.22,1.07,50.0,0.38,1.76,52.17,7.05,34.78,1.23,0.77,0.23,23.69,0.77,1.15,37.79,78.5,13.57,70.62,5.83,97.37,10.89,78.17,30.43,83.63,5.67,63.51,17.65,25.26,0.08,0.77,0.08,0.0,1.15,40.0,0.46,6.98,68.13,3.53,56.52,1.69,50.0,1.46,0.77,7.74,81.19,0,,0,,0,0.0,0.0,0.0,,,0.38,,,0.31,0.0,0.0,0.38,0,0
G. Yamada,Blaublitz Akita,Blaublitz Akita,GK,31,50000,,1,96,0,0.0,0,0.0,0.94,0.0,Japan,Japan,right,187,81,no,0.94,0.0,0.0,0.94,0.0,0.0,0.0,0.0,0.94,0.94,0.0,0,0.0,0,0.0,0.0,0.0,0,0.0,0.0,0,0.0,0,0.0,0.0,0.0,0.0,0.0,0.0,0.0,0.0,0.0,0.0,0.0,0.0,0.0,0.0,0.0,0.0,0.0,0.0,7.5,0.0,0.0,20.63,54.55,17.81,52.63,0.0,0.0,2.81,66.67,3.75,50.0,16.88,55.56,45.12,51.52,0.0,0.0,0.0,0.0,0.0,0.0,0.0,10.31,63.64,0.0,0.0,0.94,0.0,0.0,0.0,14.06,66.67,5,4.69,7,6.56,0,28.57,3.36,3.15,-1.64,-1.537,0.0,1.88,0.94,,,,0.0,0,0
D. Yoshimitsu,Albirex Niigata,Renofa Yamaguchi,GK,33,50000,,8,774,0,0.0,0,0.0,0.7,83.33,Japan,Japan,right,187,85,no,1.16,0.23,50.0,0.47,100.0,0.0,0.0,0.0,1.05,1.48,0.0,0,0.0,0,0.0,0.0,0.0,0,0.0,0.0,0,0.0,0,0.0,0.0,0.0,0.0,0.0,0.0,0.0,0.0,0.0,0.0,0.0,0.0,0.0,0.0,0.0,0.0,0.0,0.0,16.4,0.35,0.0,22.79,85.2,10.58,71.43,0.0,0.0,11.16,96.88,13.72,98.31,9.07,65.38,30.64,45.11,0.0,0.0,0.0,0.0,0.0,0.0,0.0,2.33,40.0,0.12,0.0,0.12,0.0,0.0,0.0,4.88,66.67,15,1.74,31,3.6,1,51.61,9.77,1.14,-5.23,-0.608,0.0,1.4,0.47,,,,0.0,0,0
Y. Otake,,V-Varen Nagasaki,"CF, AMF, RCMF",37,50000,,6,244,0,0.02,0,0.0,17.34,34.04,Japan,Japan,left,166,63,no,4.8,2.58,71.43,1.48,25.0,0.74,0.94,0.0,2.21,2.81,0.37,0,0.0,0,0.0,0.74,0.0,0,0.0,0.01,0,0.0,1,0.37,0.0,0.0,0.0,0.0,0.0,0.0,0.0,0.0,0.0,0.0,1.11,33.33,10.7,27.59,0.0,0.74,0.37,17.34,1.11,1.48,29.88,85.19,7.75,66.67,5.16,92.86,11.43,100.0,26.93,89.04,2.95,50.0,16.95,29.09,0.0,0.0,0.0,0.37,0.74,50.0,0.0,4.8,69.23,1.11,33.33,2.21,33.33,0.37,0.0,4.06,72.73,0,,0,,0,0.0,0.0,0.0,,,0.0,,,0.0,0.0,0.0,0.0,0,0
Y. Shirai,Zweigen Kanazawa,Zweigen Kanazawa,GK,38,50000,,37,3598,0,0.0,0,0.0,1.08,79.07,Japan,Japan,right,184,78,no,1.9,0.08,66.67,0.68,81.48,0.0,0.0,0.0,1.85,2.14,0.0,0,0.0,0,0.0,0.0,0.0,0,0.0,0.0,0,0.0,0,0.0,0.0,0.0,0.0,0.0,0.0,0.0,0.0,0.0,0.0,0.0,0.0,0.0,0.2,75.0,0.0,0.0,0.0,8.28,0.08,0.33,17.08,82.28,10.58,73.76,0.0,0.0,6.08,96.71,10.33,96.61,6.73,60.59,33.81,50.38,0.0,0.0,0.0,0.0,0.0,0.0,0.0,1.9,51.32,0.08,0.0,0.13,0.0,0.0,0.0,5.58,70.4,62,1.55,189,4.73,5,67.2,51.81,1.3,-10.19,-0.255,0.0,2.38,0.68,,,,0.0,0,0
T. Osawa,Zweigen Kanazawa,RB Omiya Ardija,LW,23,50000,,7,284,1,0.34,0,0.0,26.94,45.88,Japan,Japan,left,175,72,no,7.29,4.75,60.0,4.44,35.71,0.32,0.47,0.32,4.12,6.09,0.0,0,0.0,0,0.0,1.58,0.32,1,0.32,0.11,0,0.0,3,0.95,33.33,33.333,0.0,1.27,25.0,0.95,33.33,0.32,0.0,0.32,2.54,37.5,12.68,37.5,1.9,2.54,0.95,11.09,0.63,1.9,18.7,76.27,3.17,60.0,4.12,84.62,6.65,76.19,17.43,80.0,0.0,0.0,12.46,0.0,0.0,0.0,0.0,0.0,0.0,0.0,0.0,0.63,50.0,2.54,50.0,0.0,0.0,0.95,0.32,1.58,60.0,0,,0,,0,0.0,0.0,0.0,,,0.0,,,0.32,0.0,0.0,0.0,0,0
R. Nakayama,Sagamihara,Ventforet Kofu,"LDMF, LCMF",25,50000,2028-06-30,1,78,0,0.0,0,0.04,24.23,19.05,Japan,Japan,right,174,64,no,4.62,9.23,12.5,4.62,50.0,0.0,0.0,0.0,3.46,5.0,0.0,0,0.0,0,0.0,0.0,0.0,0,0.0,0.0,0,0.0,0,0.0,0.0,0.0,0.0,1.15,0.0,0.0,0.0,1.15,0.0,0.0,0.0,0.0,8.08,14.29,1.15,0.0,0.0,40.38,0.0,1.15,53.08,80.43,24.23,71.43,6.92,100.0,13.85,91.67,47.31,87.8,4.62,25.0,17.64,44.01,0.05,1.15,0.0,0.0,0.0,0.0,0.0,9.23,50.0,0.0,0.0,0.0,0.0,0.0,0.0,6.92,33.33,0,,0,,0,0.0,0.0,0.0,,,1.15,,,0.0,0.0,0.0,0.0,0,0
R. Kunimoto,Rockdale Ilinden,Renofa Yamaguchi,LCB,24,50000,,5,221,0,0.0,0,0.0,10.59,53.85,Japan,Japan,left,186,79,no,5.29,4.07,80.0,3.67,44.44,0.41,0.52,0.0,1.63,2.07,0.41,0,0.0,0,0.0,0.0,0.0,0,0.0,0.0,0,0.0,0,0.0,0.0,0.0,0.0,0.0,0.0,0.0,0.0,0.0,0.0,0.0,0.0,0.0,1.63,50.0,0.0,0.41,0.0,29.32,0.41,0.41,40.72,85.0,18.73,69.57,4.07,90.0,14.66,100.0,31.76,92.31,8.96,59.09,16.99,32.71,0.0,0.0,0.0,0.0,0.0,0.0,0.0,8.96,59.09,1.63,75.0,3.26,62.5,1.22,0.0,8.14,85.0,0,,0,,0,0.0,0.0,0.0,,,2.44,,,0.0,0.0,0.0,0.0,0,0
Y. Yashiki,Oita Trinita,Oita Trinita,"RWB, RW, AMF",22,50000,2027-06-30,6,122,0,0.02,0,0.0,21.39,51.72,Japan,Japan,right,166,59,no,8.85,6.64,77.78,3.69,20.0,0.74,1.3,0.0,2.95,5.22,0.74,0,0.0,0,0.0,2.21,0.0,0,0.0,0.01,0,0.0,1,0.74,0.0,0.0,0.0,2.95,25.0,0.74,0.0,2.21,33.33,0.0,2.95,50.0,5.9,62.5,2.21,1.48,0.74,11.07,1.48,0.74,20.66,60.71,9.59,61.54,0.74,100.0,2.95,75.0,15.49,71.43,2.21,33.33,17.84,10.02,0.0,0.0,0.0,0.0,0.0,0.0,0.0,2.21,100.0,2.21,66.67,0.74,100.0,1.48,0.74,7.38,60.0,0,,0,,0,0.0,0.0,0.0,,,0.0,,,0.0,0.0,0.0,0.74,0,0
K. Hasegawa,Montedio Yamagata,Montedio Yamagata,GK,31,25000,,4,390,0,0.0,0,0.0,0.92,75.0,Japan,Japan,right,183,85,no,2.31,0.0,0.0,0.46,100.0,0.0,0.0,0.0,2.31,3.06,0.0,0,0.0,0,0.0,0.0,0.0,0,0.0,0.0,0,0.0,0,0.0,0.0,0.0,0.0,0.0,0.0,0.0,0.0,0.0,0.0,0.0,0.0,0.0,0.23,100.0,0.0,0.0,0.0,16.85,0.0,0.23,24.23,87.62,8.08,71.43,0.0,0.0,12.0,98.08,19.38,95.24,4.85,57.14,23.69,53.78,0.0,0.0,0.0,0.0,0.0,0.0,0.0,0.92,75.0,0.23,0.0,0.0,0.0,0.0,0.0,5.31,47.83,6,1.38,16,3.69,0,62.5,5.77,1.33,-0.23,-0.053,0.0,0.92,0.46,,,,0.0,0,0
A. Hayashi,Vegalta Sendai,Vegalta Sendai,GK,39,25000,,37,3645,0,0.0,0,0.0,1.04,69.05,Japan,Japan,right,195,89,no,1.7,0.1,75.0,0.52,76.19,0.02,0.03,0.02,1.6,2.22,0.02,1,0.02,0,0.0,0.02,0.0,0,0.0,0.0,0,0.0,0,0.0,0.0,0.0,0.0,0.0,0.0,0.0,0.0,0.0,0.0,0.0,0.02,100.0,0.17,42.86,0.0,0.0,0.0,10.94,0.22,0.27,19.48,82.76,11.26,71.93,0.02,0.0,7.14,97.92,10.86,98.18,8.59,63.51,33.66,50.21,0.0,0.0,0.0,0.0,0.0,0.0,0.0,2.64,57.01,0.17,28.57,0.22,55.56,0.05,0.0,6.32,75.39,49,1.21,153,3.78,10,67.97,41.05,1.01,-7.95,-0.196,0.0,1.8,0.52,,,,0.0,0,0
K. Yano,Tochigi SC,Tochigi SC,"AMF, RWF, CF",42,25000,,26,1337,2,2.89,0,0.16,29.42,37.99,Japan,Japan,right,187,78,no,5.79,3.23,50.0,12.12,40.0,0.4,0.52,0.13,3.77,4.88,1.55,2,0.13,0,0.0,0.81,0.13,1,0.07,0.19,1,0.07,19,1.28,15.79,10.526,0.0,0.67,40.0,0.07,0.0,0.61,44.44,0.27,0.61,55.56,7.27,32.41,1.95,0.4,0.07,8.68,1.88,1.68,15.55,73.59,3.7,56.36,4.04,95.0,3.77,73.21,14.34,76.06,0.54,50.0,14.87,8.68,0.01,0.47,0.0,0.0,0.0,0.0,0.13,1.35,45.0,0.81,33.33,0.07,0.0,0.27,0.27,1.55,69.57,0,,0,,0,0.0,0.0,0.0,,,0.0,,,0.0,0.0,0.0,0.0,1,100
S. Ito,,Roasso Kumamoto,"CF, LCMF, LW",38,25000,,14,990,3,1.36,0,0.35,16.82,38.92,Japan,Japan,right,165,64,no,4.45,2.82,67.74,2.45,29.63,0.36,0.5,0.27,2.18,3.0,0.27,0,0.0,0,0.0,1.64,0.27,3,0.27,0.12,0,0.0,15,1.36,33.33,20.0,0.0,0.45,20.0,0.09,0.0,0.36,25.0,0.0,1.73,57.89,8.09,33.71,2.27,1.45,0.82,30.91,1.0,1.64,36.27,86.47,6.55,72.22,12.0,94.7,7.73,83.53,35.0,88.05,0.91,60.0,12.84,13.43,0.03,0.73,0.18,0.0,0.09,100.0,0.0,2.45,74.07,1.27,28.57,0.09,100.0,0.91,0.0,2.27,64.0,0,,0,,0,0.0,0.0,0.0,,,0.0,,,0.0,0.0,0.0,0.09,0,0
H. Hosogai,,Thespa Gunma,"RCMF, LCMF",40,25000,,7,353,0,0.04,0,0.46,12.49,51.02,Japan,Japan,right,177,69,no,9.18,5.86,56.52,3.06,41.67,0.76,0.96,0.25,5.1,6.38,1.78,2,0.51,0,0.0,1.02,0.0,0,0.0,0.01,0,0.0,1,0.25,100.0,0.0,0.0,0.76,33.33,0.51,50.0,0.25,0.0,0.0,0.51,0.0,1.78,42.86,0.25,0.25,0.0,20.91,0.0,0.76,34.67,79.41,12.75,62.0,5.35,95.24,11.22,88.64,27.54,86.11,6.63,57.69,16.97,24.43,0.12,0.25,0.0,0.0,0.51,100.0,0.25,4.33,58.82,1.27,80.0,0.25,100.0,0.76,0.25,6.88,59.26,0,,0,,0,0.0,0.0,0.0,,,0.25,,,0.0,0.0,0.0,0.0,0,0
K. Nakayama,,Mito Hollyhock,GK,33,25000,,5,488,0,0.0,0,0.0,1.11,66.67,Japan,Japan,right,187,80,no,2.4,0.18,0.0,0.55,100.0,0.0,0.0,0.0,2.4,3.25,0.18,0,0.0,0,0.0,0.0,0.0,0,0.0,0.0,0,0.0,0,0.0,0.0,0.0,0.0,0.0,0.0,0.0,0.0,0.0,0.0,0.0,0.0,0.0,0.0,0.0,0.0,0.0,0.0,8.85,0.0,0.0,17.15,92.47,9.22,86.0,0.0,0.0,6.82,100.0,11.43,100.0,5.72,77.42,29.85,49.59,0.0,0.0,0.0,0.0,0.0,0.0,0.0,2.58,78.57,0.0,0.0,0.37,100.0,0.0,0.0,5.16,85.71,9,1.66,22,4.06,0,59.09,9.78,1.8,0.78,0.144,0.0,1.66,0.55,,,,0.0,0,0
K. Seki,,Renofa Yamaguchi,GK,40,25000,,23,2195,0,0.0,0,0.0,1.27,74.19,Japan,Japan,right,178,77,no,2.46,0.21,60.0,0.62,80.0,0.04,0.06,0.0,2.3,3.64,0.0,0,0.0,0,0.0,0.0,0.0,0,0.0,0.0,0,0.0,0,0.0,0.0,0.0,0.0,0.0,0.0,0.0,0.0,0.0,0.0,0.0,0.0,0.0,0.21,100.0,0.0,0.0,0.0,17.3,0.37,0.21,26.36,92.22,10.17,82.26,0.04,0.0,14.51,98.59,18.86,98.7,7.5,75.96,26.99,42.6,0.0,0.0,0.0,0.0,0.0,0.0,0.0,1.76,67.44,0.08,0.0,0.04,0.0,0.04,0.0,4.96,80.17,33,1.35,101,4.14,7,67.33,32.13,1.32,-0.87,-0.036,0.0,2.38,0.62,,,,0.0,0,0
Y. Toyoda,,Zweigen Kanazawa,CF,41,25000,,23,961,2,3.08,0,0.17,29.97,38.13,Japan,Japan,right,185,79,no,2.72,2.62,42.86,19.39,41.06,0.09,0.12,0.09,1.5,1.93,1.4,0,0.0,0,0.0,0.66,0.19,2,0.19,0.29,1,0.09,17,1.59,35.29,11.765,0.0,0.09,0.0,0.09,0.0,0.0,0.0,0.0,0.19,50.0,1.69,55.56,3.37,0.09,0.0,7.49,3.09,1.78,10.21,55.96,3.84,41.46,2.53,74.07,1.4,46.67,9.83,57.14,0.28,33.33,12.08,3.57,0.02,0.37,0.0,0.09,0.09,0.0,0.09,1.69,27.78,0.56,33.33,0.09,0.0,0.47,0.0,0.84,44.44,0,,0,,0,0.0,0.0,0.0,,,0.0,,,0.0,0.0,0.0,0.0,0,0
K. Tokura,Grulla Morioka,V-Varen Nagasaki,CF,40,25000,,22,579,1,1.33,1,0.05,28.6,40.22,Japan,Japan,left,187,80,no,4.2,2.33,53.33,8.7,62.5,0.31,0.46,0.0,2.64,3.92,2.18,1,0.16,0,0.0,1.4,0.16,0,0.0,0.21,0,0.0,10,1.55,30.0,10.0,0.16,0.62,50.0,0.31,50.0,0.31,50.0,0.0,1.24,37.5,10.41,25.37,2.18,0.31,0.0,7.77,0.93,0.93,18.5,72.27,6.37,63.41,4.04,96.15,4.35,71.43,17.88,73.04,0.0,0.0,13.3,0.0,0.01,0.16,0.0,0.0,0.31,50.0,0.31,1.87,75.0,1.71,54.55,0.31,50.0,1.24,0.31,2.8,66.67,0,,0,,0,0.0,0.0,0.0,,,0.0,,,0.16,0.16,0.0,0.0,1,100
M. Hamada,,Fagiano Okayama,"RCB, CB",36,25000,,3,28,0,0.07,0,0.0,,,United States,"United States, Japan",right,186,83,no,,,,,,,0.0,,,20.0,,0,,0,,,,0,,,0,,1,,,0.0,,,,,,,,,,,,,,,,,,,,,,,,,,,,,,,10.35,10.17,,,,,,,,,,,,,,,,,,0,,0,,0,0.0,0.0,,,,,,,,,,,0,0
J. Kanayama,Fagiano Okayama,Fagiano Okayama,GK,38,25000,,2,197,0,0.0,0,0.0,0.46,0.0,Japan,Japan,right,187,80,no,0.0,0.0,0.0,0.46,0.0,0.0,0.0,0.0,0.0,0.0,0.0,0,0.0,0,0.0,0.0,0.0,0,0.0,0.0,0,0.0,0,0.0,0.0,0.0,0.0,0.0,0.0,0.0,0.0,0.0,0.0,0.0,0.0,0.0,0.0,0.0,0.0,0.0,0.0,7.31,0.0,0.0,12.79,92.86,8.22,88.89,0.0,0.0,3.65,100.0,9.14,100.0,3.65,75.0,28.14,46.92,0.0,0.0,0.0,0.0,0.0,0.0,0.0,1.37,66.67,0.0,0.0,0.0,0.0,0.0,0.0,2.74,83.33,2,0.91,3,1.37,0,33.33,0.37,0.17,-1.63,-0.745,0.0,0.91,0.46,,,,0.0,0,0
K. Tanaka,,Iwaki,GK,36,25000,,4,395,0,0.0,0,0.0,0.91,75.0,Japan,Japan,right,186,78,no,2.05,0.23,100.0,0.0,0.0,0.23,0.31,0.0,1.59,2.19,0.0,0,0.0,0,0.0,0.0,0.0,0,0.0,0.0,0,0.0,0,0.0,0.0,0.0,0.0,0.0,0.0,0.0,0.0,0.0,0.0,0.0,0.0,0.0,0.23,100.0,0.0,0.0,0.0,3.19,0.0,0.46,9.8,76.74,7.29,71.88,0.0,0.0,2.28,90.0,4.1,94.44,5.7,64.0,40.17,52.22,0.0,0.0,0.0,0.0,0.0,0.0,0.0,2.73,58.33,0.0,0.0,0.23,0.0,0.0,0.0,3.87,94.12,6,1.37,13,2.96,1,53.85,5.2,1.18,-0.8,-0.182,0.0,1.59,0.0,,,,0.0,0,0
K. Yamada,,Fagiano Okayama,"RW, DMF",24,25000,,2,25,0,0.04,0,0.0,,,Japan,Japan,,177,70,no,,,,,,,0.0,,,24.0,,0,,0,,,,0,,,0,,1,,,0.0,,,,,,,,,,,,,,,,,,,,,,,,,,,,,,,18.83,30.5,,,,,,,,,,,,,,,,,,0,,0,,0,0.0,0.0,,,,,,,,,,,0,0
S. Igawa,,Fagiano Okayama,DMF,26,25000,,1,26,0,0.0,0,0.0,,,Japan,Japan,right,180,74,no,,,,,,,0.0,,,6.0,,0,,0,,,,0,,,0,,0,,,0.0,,,,,,,,,,,,,,,,,,,,,,,,,,,,,,,19.82,43.58,,,,,,,,,,,,,,,,,,0,,0,,0,0.0,0.0,,,,,,,,,,,0,0
S. Suzuki,Tochigi SC,RB Omiya Ardija,LWB,25,10000,2027-06-30,1,19,0,0.0,0,0.0,,,Japan,Japan,left,178,73,no,,,,,,,0.0,,,0.0,,0,,0,,,,0,,,0,,0,,,0.0,,,,,,,,,,,,,,,,,,,,,,,,,,,,,,,19.37,28.54,,,,,,,,,,,,,,,,,,0,,0,,0,0.0,0.0,,,,,,,,,,,0,0
Y. Narawa,,Tokyo Verdy,LB,38,0,,18,785,0,0.11,0,0.0,14.79,45.74,Japan,Japan,right,172,67,no,10.2,6.88,65.0,2.98,34.62,0.92,1.42,0.34,4.82,7.46,0.69,1,0.11,0,0.0,1.83,0.0,0,0.0,0.01,0,0.0,5,0.57,0.0,0.0,0.0,2.41,47.62,2.06,38.89,0.34,100.0,0.11,1.61,42.86,2.64,26.09,0.69,1.03,0.34,34.39,1.26,0.34,46.32,82.67,19.38,72.78,6.65,94.83,14.79,92.25,37.03,91.02,7.11,50.0,19.13,25.23,0.0,0.0,0.0,0.0,0.0,0.0,0.0,7.68,61.19,2.98,46.15,0.92,25.0,0.34,1.03,10.2,77.53,0,,0,,0,0.0,0.0,0.0,,,0.69,,,0.0,0.0,0.0,0.0,0,0
K. Okazaki,,Montedio Yamagata,"RDMF, DMF",36,0,,11,270,0,0.0,0,0.19,18.33,56.36,Japan,Japan,right,173,62,no,11.0,8.67,69.23,4.67,64.29,1.0,1.96,0.0,4.0,7.83,2.33,1,0.33,0,0.0,0.67,0.0,0,0.0,0.0,0,0.0,0,0.0,0.0,0.0,0.0,0.33,100.0,0.33,100.0,0.0,0.0,0.0,0.67,50.0,2.0,50.0,0.67,1.0,0.33,36.0,0.33,0.67,47.67,85.31,13.33,70.0,8.0,91.67,15.67,95.74,42.33,87.4,5.0,66.67,15.92,17.37,0.06,0.33,0.33,0.0,0.0,0.0,0.33,6.0,77.78,0.33,0.0,1.33,50.0,0.33,0.33,5.33,62.5,0,,0,,0,0.0,0.0,0.0,,,0.0,,,0.0,0.0,0.0,0.0,0,0
S. Kawai,,Montedio Yamagata,"AMF, LAMF, CF",32,0,,19,637,0,0.48,0,0.42,19.36,37.96,Japan,Japan,right,170,62,no,5.65,5.79,48.78,2.4,23.53,0.71,1.12,0.42,2.12,3.36,1.27,1,0.14,0,0.0,2.68,0.0,0,0.0,0.07,0,0.0,10,1.41,20.0,0.0,0.0,2.83,25.0,1.41,20.0,1.41,30.0,0.28,2.97,52.38,7.91,41.07,2.4,1.27,0.57,18.79,0.71,1.98,25.86,77.05,7.21,68.63,4.24,90.0,8.48,80.0,22.46,84.28,0.99,42.86,17.12,8.99,0.06,0.85,0.28,0.0,0.14,100.0,0.85,3.67,76.92,1.84,46.15,0.14,100.0,0.99,0.71,3.96,75.0,0,,0,,0,0.0,0.0,0.0,,,0.14,,,0.0,0.0,0.0,0.71,0,0
J. Koike,Criacao Shinjuku,Tokyo Verdy,RW,39,0,,1,21,0,0.0,0,0.0,,,Japan,Japan,right,180,74,no,,,,,,,15.0,,,0.0,,1,,0,,,,0,,,0,,0,,,0.0,,,,,,,,,,,,,,,,,,,,,,,,,,,,,,,10.22,0.0,,,,,,,,,,,,,,,,,,0,,0,,0,0.0,0.0,,,,,,,,,,,0,0
N. Hatta,,Júbilo Iwata,GK,39,0,,1,4,0,0.0,0,0.0,,,Japan,Japan,right,185,76,no,,,,,,,0.0,,,0.0,,0,,0,,,,0,,,0,,0,,,0.0,,,,,,,,,,,,,,,,,,,,,,,,,,,,,,,0.0,0.0,,,,,,,,,,,,,,,,,,0,,0,,0,0.0,0.0,,0.0,,,,,,,,,0,0
Y. Otsu,,Júbilo Iwata,"CF, LAMF",36,0,,11,341,0,0.72,0,0.45,21.64,56.1,Japan,Japan,right,180,73,no,5.54,3.43,76.92,7.65,62.07,0.79,1.2,0.26,2.11,3.2,0.79,0,0.0,0,0.0,2.64,0.0,0,0.0,0.19,0,0.0,7,1.85,28.57,0.0,0.0,1.32,60.0,0.79,66.67,0.53,50.0,0.0,1.58,50.0,8.71,48.48,2.38,0.53,0.26,16.89,1.85,3.17,20.85,75.95,6.07,65.22,3.96,93.33,4.22,62.5,19.53,77.03,0.0,0.0,13.96,0.0,0.12,1.06,0.0,0.0,0.79,66.67,0.79,1.85,85.71,2.64,60.0,0.79,66.67,0.26,0.79,1.85,71.43,0,,0,,0,0.0,0.0,0.0,,,0.0,,,0.0,0.0,0.0,0.0,0,0
T. Fukumitsu,Verspah Oita,JEF United,"AMF, CF, RW",34,0,2027-06-30,16,537,0,1.25,0,0.72,15.08,41.11,Japan,Japan,right,171,68,no,3.85,3.52,42.86,2.85,17.65,0.67,1.09,0.17,1.68,2.73,1.51,0,0.0,0,0.0,2.01,0.0,0,0.0,0.21,0,0.0,12,2.01,16.67,0.0,0.0,3.02,22.22,0.34,50.0,2.51,20.0,0.67,1.17,57.14,5.87,54.29,2.68,0.34,0.0,24.8,1.51,2.51,34.19,75.0,11.73,65.71,6.37,94.74,9.72,75.86,28.16,82.74,3.02,55.56,17.6,25.9,0.12,0.84,0.0,0.0,0.67,50.0,0.67,4.86,75.86,4.02,37.5,1.17,28.57,1.34,0.5,6.03,75.0,0,,0,,0,0.0,0.0,0.0,,,0.17,,,0.0,0.0,0.0,0.17,0,0
M. Hidaka,JEF United,JEF United,LB,31,0,,38,3610,4,2.92,3,4.38,14.39,51.47,Japan,Japan,left,168,59,no,8.55,6.66,65.17,1.67,35.82,0.25,0.37,0.1,3.96,5.93,0.55,1,0.02,0,0.0,1.97,0.1,4,0.1,0.07,0,0.0,41,1.02,21.95,9.756,0.07,2.42,29.9,2.34,29.79,0.07,33.33,0.32,1.55,58.06,3.86,43.23,1.25,0.95,0.6,32.73,1.92,0.75,43.8,78.94,17.23,70.48,7.85,95.24,11.32,79.96,37.4,84.93,4.01,52.17,18.81,35.09,0.11,0.9,0.07,0.02,0.45,27.78,0.27,5.83,66.24,3.02,38.84,0.82,27.27,0.75,0.72,9.7,70.18,0,,0,,0,0.0,0.0,0.0,,,0.6,,,0.72,0.2,37.5,1.12,0,0
Y. Minami,,RB Omiya Ardija,GK,46,0,,3,292,0,0.0,0,0.0,1.54,100.0,Japan,Japan,right,185,82,no,0.92,0.31,100.0,0.92,100.0,0.0,0.0,0.0,0.62,0.82,0.0,0,0.0,0,0.0,0.0,0.0,0,0.0,0.0,0,0.0,0,0.0,0.0,0.0,0.0,0.0,0.0,0.0,0.0,0.0,0.0,0.0,0.0,0.0,0.0,0.0,0.0,0.0,0.0,6.16,0.31,0.31,10.79,88.57,5.55,88.89,0.0,0.0,4.62,86.67,7.71,96.0,3.08,70.0,26.66,29.17,0.0,0.0,0.0,0.0,0.0,0.0,0.0,0.31,100.0,0.0,0.0,0.0,0.0,0.0,0.0,2.77,77.78,9,2.77,13,4.01,0,30.77,4.92,1.52,-4.08,-1.258,0.0,1.85,0.92,,,,0.0,0,0
Yong-Gi Ryang,,Vegalta Sendai,"RCMF, LW, LCMF",44,0,,11,229,0,0.39,0,0.54,15.72,45.0,Japan,"Japan, Korea DPR",right,173,72,no,8.65,6.29,50.0,2.36,0.0,0.79,1.36,0.39,4.72,8.18,0.79,0,0.0,0,0.0,0.79,0.0,0,0.0,0.15,0,0.0,1,0.39,0.0,0.0,0.0,1.57,25.0,0.79,0.0,0.79,50.0,0.0,0.79,50.0,2.75,42.86,1.18,0.79,0.39,33.41,0.39,1.18,44.8,89.47,10.22,88.46,7.86,95.0,18.08,93.48,40.48,92.23,2.75,85.71,21.83,13.09,0.21,2.75,0.0,0.0,0.0,0.0,0.0,6.68,88.24,1.97,100.0,0.39,100.0,1.57,0.39,7.86,75.0,0,,0,,0,0.0,0.0,0.0,,,0.79,,,2.36,0.0,0.0,3.93,0,0
M. Wakasa,,Vegalta Sendai,"RCB, RB",36,0,,20,1888,0,0.41,0,1.08,11.73,52.44,Japan,Japan,right,181,75,no,6.53,4.96,48.08,3.48,56.16,0.24,0.33,0.76,3.91,5.39,0.62,3,0.14,0,0.0,0.43,0.0,0,0.0,0.02,0,0.0,6,0.29,0.0,0.0,0.0,0.29,50.0,0.0,0.0,0.24,40.0,0.05,0.38,75.0,1.14,50.0,0.38,0.29,0.0,33.46,0.24,0.91,44.57,89.84,17.92,80.05,2.62,96.36,20.26,96.47,39.09,95.37,5.2,50.46,19.99,34.91,0.05,0.29,0.05,0.0,0.0,0.0,0.05,6.2,66.92,0.67,42.86,0.52,54.55,0.24,0.14,6.34,75.94,0,,0,,0,0.0,0.0,0.0,,,1.33,,,0.0,0.0,0.0,0.0,0,0
H. Miyuki,,RB Omiya Ardija,"LCMF, RCMF, LW",33,0,,7,119,0,0.0,0,0.24,19.66,61.54,Japan,Japan,right,172,65,no,7.56,6.81,55.56,3.78,60.0,0.76,1.2,0.0,3.03,4.8,0.76,0,0.0,0,0.0,1.51,0.0,0,0.0,0.0,0,0.0,0,0.0,0.0,0.0,0.0,2.27,33.33,1.51,50.0,0.0,0.0,0.0,1.51,50.0,5.29,57.14,1.51,1.51,0.0,54.45,0.76,4.54,65.8,78.16,27.98,64.86,5.29,100.0,22.69,80.0,49.16,90.77,14.37,42.11,23.82,31.91,0.18,2.27,0.0,0.0,0.76,0.0,0.0,15.88,57.14,5.29,42.86,3.78,20.0,1.51,0.76,15.13,85.0,0,,0,,0,0.0,0.0,0.0,,,0.0,,,2.27,0.0,0.0,2.27,0,0
K. Matsumoto,Osaka,Ventforet Kofu,CF,31,0,2026-06-30,12,263,0,0.34,0,0.0,39.7,37.93,Japan,Japan,right,186,85,no,3.08,2.74,37.5,16.08,57.45,0.0,0.0,0.34,2.05,2.95,2.4,1,0.34,0,0.0,0.68,0.0,0,0.0,0.12,0,0.0,4,1.37,25.0,0.0,0.0,0.0,0.0,0.0,0.0,0.0,0.0,0.0,1.37,25.0,11.29,21.21,2.4,0.0,0.0,7.53,1.37,1.03,15.74,65.22,3.76,45.45,4.79,92.86,4.11,58.33,15.74,65.22,0.0,0.0,12.21,0.0,0.0,0.0,0.0,0.0,0.0,0.0,0.0,2.05,33.33,0.34,0.0,0.0,0.0,0.0,0.0,0.68,50.0,0,,0,,0,0.0,0.0,0.0,,,0.0,,,0.0,0.0,0.0,0.0,0,0
H. Yamamoto,Ventforet Kofu,Ventforet Kofu,"RCB, CB, LCMF",45,0,,19,433,0,0.0,0,0.06,12.47,58.33,Japan,Japan,right,175,69,no,8.11,4.57,54.55,3.74,61.11,0.42,0.5,0.62,5.2,6.2,0.62,1,0.21,0,0.0,0.0,0.0,0,0.0,0.0,0,0.0,0,0.0,0.0,0.0,0.0,0.0,0.0,0.0,0.0,0.0,0.0,0.0,0.0,0.0,1.04,60.0,0.21,0.0,0.0,18.08,0.21,0.62,33.67,73.46,15.17,52.05,1.45,100.0,13.09,90.48,26.19,81.75,7.48,44.44,20.06,26.64,0.01,0.21,0.0,0.0,0.0,0.0,0.0,6.44,48.39,0.83,0.0,0.42,50.0,0.0,0.0,7.48,52.78,0,,0,,0,0.0,0.0,0.0,,,0.62,,,0.0,0.0,0.0,0.21,0,0
T. Shiraishi,Reilac Shiga,Thespa Gunma,"CF, LW",33,0,,22,427,0,0.46,1,0.75,28.24,47.01,Japan,Japan,right,170,64,no,5.06,4.22,50.0,3.16,26.67,0.84,1.14,0.0,2.11,2.86,0.84,1,0.21,0,0.0,6.32,0.0,0,0.0,0.1,0,0.0,7,1.48,14.29,0.0,0.21,5.9,17.86,5.48,19.23,0.42,0.0,0.0,7.38,68.57,17.7,52.38,2.74,4.43,2.11,26.77,1.9,4.0,36.25,76.16,9.48,75.56,8.43,95.0,9.27,65.91,29.3,89.21,1.26,50.0,20.67,8.59,0.16,1.48,0.0,0.0,0.21,0.0,0.42,2.11,70.0,3.79,44.44,0.21,0.0,1.26,0.84,4.0,78.95,0,,0,,0,0.0,0.0,0.0,,,0.21,,,0.21,0.21,0.0,0.42,0,0
K. Tanabe,,Roasso Kumamoto,"LB, LW, LWB",34,0,,28,757,0,0.19,0,0.2,13.67,51.3,Japan,Japan,left,170,72,no,7.25,6.06,66.67,2.97,36.0,0.24,0.35,0.0,2.97,4.36,0.36,1,0.12,0,0.0,1.43,0.0,0,0.0,0.02,0,0.0,2,0.24,0.0,0.0,0.0,3.21,37.04,3.09,38.46,0.12,0.0,0.24,0.24,50.0,1.55,38.46,0.95,0.24,0.0,38.64,1.43,0.71,47.56,80.25,16.05,66.67,10.94,94.57,11.77,78.79,39.35,89.73,5.23,34.09,17.94,25.22,0.02,0.36,0.12,0.0,0.24,50.0,0.0,7.73,66.15,3.69,51.61,0.48,25.0,0.59,1.07,9.63,72.84,0,,0,,0,0.0,0.0,0.0,,,0.0,,,0.36,0.0,0.0,1.9,0,0
K. Kaga,,Blaublitz Akita,"RCB, LCMF",42,0,,4,137,0,0.0,0,0.0,15.77,50.0,Japan,Japan,right,181,75,no,8.54,5.91,66.67,5.91,33.33,0.0,0.0,0.66,4.6,5.12,1.31,0,0.0,0,0.0,0.66,0.0,0,0.0,0.0,0,0.0,0,0.0,0.0,0.0,0.0,0.0,0.0,0.0,0.0,0.0,0.0,0.0,1.31,50.0,2.63,50.0,0.66,0.0,0.0,5.91,0.0,0.0,23.65,55.56,17.08,53.85,1.97,100.0,2.63,50.0,13.8,66.67,9.85,40.0,18.21,19.28,0.0,0.0,0.0,0.0,0.0,0.0,0.0,6.57,60.0,1.97,33.33,0.66,0.0,0.66,0.0,11.17,52.94,0,,0,,0,0.0,0.0,0.0,,,1.97,,,0.66,0.0,0.0,0.0,0,0
J. Buijs,Halsteren,Fagiano Okayama,"RCB, LCB, CB",37,0,,38,3069,4,4.35,0,0.76,11.64,63.48,Netherlands,Netherlands,right,186,86,no,8.15,3.52,70.83,4.02,61.31,0.26,0.37,0.32,5.4,7.49,0.38,4,0.12,1,0.03,0.67,0.12,2,0.06,0.13,1,0.03,28,0.82,28.57,14.286,0.0,0.29,60.0,0.09,66.67,0.18,66.67,0.06,0.38,69.23,1.03,54.29,0.88,0.5,0.12,27.89,0.23,0.44,45.98,85.52,21.47,78.01,1.96,94.03,18.27,94.7,37.33,90.49,8.36,64.21,22.58,38.23,0.02,0.29,0.03,0.03,0.03,0.0,0.15,7.27,68.15,0.88,63.33,0.97,45.45,0.59,0.18,10.5,75.14,0,,0,,0,0.0,0.0,0.0,,,1.14,,,0.23,0.15,20.0,0.0,2,100
Y. Sato,Roasso Kumamoto,Roasso Kumamoto,GK,40,0,,1,95,0,0.0,0,0.0,0.0,0.0,Japan,Japan,right,186,90,no,2.84,0.0,0.0,0.0,0.0,0.0,0.0,0.0,2.84,4.5,0.0,0,0.0,0,0.0,0.0,0.0,0,0.0,0.0,0,0.0,0,0.0,0.0,0.0,0.0,0.0,0.0,0.0,0.0,0.0,0.0,0.0,0.0,0.0,0.0,0.0,0.0,0.0,0.0,9.47,0.0,0.0,17.05,88.89,5.68,83.33,0.0,0.0,10.42,90.91,15.16,100.0,1.89,0.0,25.14,48.89,0.0,0.0,0.0,0.0,0.0,0.0,0.0,0.95,0.0,0.95,0.0,0.0,0.0,0.0,0.0,0.95,0.0,0,0.0,2,1.89,1,100.0,0.08,0.08,0.08,0.076,0.0,0.0,0.0,,,,0.0,0,0
Y. Mikami,,Blaublitz Akita,LW,34,0,,25,998,2,1.63,0,0.34,20.83,40.26,Japan,Japan,right,180,78,no,6.22,4.42,59.18,4.87,51.85,0.09,0.12,0.18,3.52,4.81,0.63,2,0.18,0,0.0,2.71,0.18,2,0.18,0.15,0,0.0,13,1.17,53.85,15.385,0.0,1.71,52.63,1.35,53.33,0.36,50.0,0.18,2.8,41.94,8.75,29.9,2.25,0.81,0.27,10.73,1.35,0.36,19.57,72.35,7.67,61.18,3.61,85.0,4.24,74.47,16.59,77.72,1.44,25.0,14.82,17.36,0.03,0.63,0.09,0.0,0.27,0.0,0.27,1.53,35.29,2.43,59.26,0.27,0.0,0.63,0.99,3.61,67.5,0,,0,,0,0.0,0.0,0.0,,,0.0,,,0.0,0.0,0.0,0.27,0,0
R. Nakamura,Blaublitz Akita,Blaublitz Akita,RW,35,0,,26,1313,0,2.27,3,2.11,29.54,47.1,Japan,Japan,right,178,76,no,9.6,6.03,59.09,12.75,43.55,2.12,2.74,0.14,3.91,5.03,1.65,2,0.14,0,0.0,3.98,0.0,0,0.0,0.16,0,0.0,19,1.3,21.05,0.0,0.21,5.48,33.75,0.14,0.0,5.28,33.77,0.75,2.81,65.85,6.31,47.83,2.81,0.34,0.14,14.6,1.71,1.37,26.94,55.98,13.78,58.71,1.3,73.68,6.79,60.61,16.52,68.05,5.28,41.56,23.63,29.42,0.14,0.75,0.0,0.07,0.21,0.0,0.75,6.72,55.1,4.59,47.76,0.75,18.18,0.89,1.92,8.16,75.63,0,,0,,0,0.0,0.0,0.0,,,0.0,,,0.07,0.07,0.0,0.0,0,0
H. Tanaka,,Blaublitz Akita,"LCMF, RCMF",36,0,,16,733,0,0.21,0,0.0,26.15,50.7,Japan,Japan,right,177,72,no,12.03,6.02,73.47,11.05,48.89,0.74,1.08,0.37,6.88,10.12,2.09,0,0.0,0,0.0,1.23,0.0,0,0.0,0.03,0,0.0,5,0.61,60.0,0.0,0.0,0.98,62.5,0.37,66.67,0.61,60.0,0.0,0.61,40.0,2.09,35.29,0.37,0.12,0.0,7.12,0.12,0.61,21.24,60.69,12.03,59.18,1.72,57.14,4.79,66.67,16.08,65.65,4.17,41.18,15.5,20.29,0.0,0.0,0.0,0.0,0.0,0.0,0.0,4.79,51.28,1.47,41.67,0.12,100.0,0.12,0.74,4.91,60.0,0,,0,,0,0.0,0.0,0.0,,,0.0,,,0.0,0.0,0.0,0.0,0,0
K. Homma,,Mito Hollyhock,GK,49,0,,1,97,0,0.0,0,0.0,0.0,0.0,Japan,Japan,right,185,84,no,0.93,0.0,0.0,0.0,0.0,0.0,0.0,0.0,0.93,1.2,0.0,0,0.0,0,0.0,0.0,0.0,0,0.0,0.0,0,0.0,0,0.0,0.0,0.0,0.0,0.0,0.0,0.0,0.0,0.0,0.0,0.0,0.0,0.0,0.0,0.0,0.0,0.0,0.0,5.57,0.0,0.0,7.42,100.0,2.78,100.0,0.0,0.0,4.64,100.0,4.64,100.0,2.78,100.0,34.52,53.06,0.0,0.0,0.0,0.0,0.0,0.0,0.0,0.0,0.0,0.0,0.0,0.0,0.0,0.0,0.0,2.78,100.0,2,1.86,3,2.78,0,33.33,1.22,1.13,-0.78,-0.724,0.0,2.78,0.0,,,,0.0,0,0
H. Ishii,,Tokushima Vortis,"LCB, CB",40,0,,3,209,0,0.46,0,0.0,10.77,72.0,Japan,Japan,right,180,70,no,6.89,4.31,70.0,3.01,85.71,0.43,0.59,0.0,3.44,4.71,0.0,0,0.0,0,0.0,0.86,0.0,0,0.0,0.2,0,0.0,1,0.43,100.0,0.0,0.0,0.0,0.0,0.0,0.0,0.0,0.0,0.0,0.43,100.0,0.86,100.0,0.43,1.72,0.0,42.63,0.43,1.29,59.43,86.23,29.28,80.88,2.15,80.0,24.11,96.43,53.83,88.8,5.6,61.54,14.89,24.34,0.0,0.0,0.0,0.0,0.0,0.0,0.0,5.6,84.62,0.43,0.0,0.0,0.0,0.0,0.0,18.52,69.77,0,,0,,0,0.0,0.0,0.0,,,0.86,,,0.0,0.0,0.0,0.0,0,0
T. Uchida,,Thespa Gunma,"LCMF, RCMF",34,0,,38,1028,1,0.55,0,0.57,11.64,59.4,Japan,Japan,right,177,70,no,8.84,4.46,58.82,2.19,72.0,0.35,0.43,0.53,5.87,7.2,0.18,0,0.0,0,0.0,1.31,0.09,1,0.09,0.05,1,0.09,7,0.61,14.29,14.286,0.0,0.53,66.67,0.09,0.0,0.35,75.0,0.0,0.61,100.0,2.36,66.67,0.53,0.44,0.44,24.95,0.26,0.79,36.16,84.99,13.48,77.27,4.55,96.15,11.82,90.37,32.66,88.74,3.06,48.57,17.72,15.49,0.05,0.26,0.0,0.0,0.35,75.0,0.26,6.48,70.27,2.01,56.52,0.7,37.5,0.79,0.35,6.22,74.65,0,,0,,0,0.0,0.0,0.0,,,0.09,,,0.0,0.0,0.0,0.0,0,0
K. Yamase,,Renofa Yamaguchi,"RCMF, RDMF",44,0,,14,541,1,1.0,1,0.16,17.63,48.11,Japan,Japan,right,175,73,no,9.32,5.82,60.0,3.49,57.14,0.33,0.52,0.17,5.49,8.53,0.83,1,0.17,0,0.0,1.0,0.17,0,0.0,0.17,0,0.0,7,1.16,28.57,14.286,0.17,0.5,0.0,0.17,0.0,0.33,0.0,0.17,1.0,66.67,3.49,42.86,0.33,0.0,0.0,25.12,0.17,0.5,39.76,84.94,14.64,73.86,6.99,100.0,11.48,92.75,36.77,88.24,2.5,53.33,13.79,11.57,0.03,0.33,0.0,0.0,0.17,0.0,0.0,6.49,79.49,0.67,25.0,0.33,0.0,0.17,0.17,4.66,71.43,0,,0,,0,0.0,0.0,0.0,,,0.0,,,0.5,0.0,0.0,0.67,1,100
Y. Nakashima,Kataller Toyama,Machida Zelvia,"CF, RW, AMF",42,0,,14,150,0,0.28,0,0.0,35.4,44.07,Japan,Japan,right,175,76,no,8.4,6.6,54.55,9.0,46.67,1.8,2.73,0.0,3.0,4.55,3.0,1,0.6,0,0.0,1.2,0.0,0,0.0,0.17,0,0.0,4,2.4,0.0,0.0,0.0,1.8,33.33,0.6,100.0,1.2,0.0,0.0,4.2,14.29,12.6,38.1,3.6,0.6,0.6,9.0,0.0,3.6,17.4,68.97,6.0,70.0,1.8,66.67,4.2,57.14,13.8,78.26,1.8,33.33,12.77,4.25,0.0,0.0,0.0,0.0,0.0,0.0,0.0,1.8,100.0,1.2,0.0,0.6,0.0,0.0,0.6,3.0,60.0,0,,0,,0,0.0,0.0,0.0,,,0.0,,,0.0,0.0,0.0,0.0,0,0
S. Otsuki,,Renofa Yamaguchi,CF,37,0,,14,577,0,1.2,0,0.02,24.96,38.13,Japan,Japan,left,178,73,no,4.84,3.9,68.0,10.61,35.29,0.16,0.26,0.16,2.03,3.33,0.94,0,0.0,0,0.0,0.47,0.0,0,0.0,0.19,0,0.0,5,0.78,40.0,0.0,0.0,0.0,0.0,0.0,0.0,0.0,0.0,0.0,0.16,100.0,5.93,42.11,2.5,0.0,0.16,11.23,2.34,2.03,15.29,86.73,1.72,63.64,7.33,89.36,2.5,87.5,14.82,86.32,0.47,100.0,10.66,8.89,0.0,0.16,0.0,0.0,0.16,0.0,0.0,0.16,100.0,0.0,0.0,0.16,0.0,0.16,0.0,0.47,66.67,0,,0,,0,0.0,0.0,0.0,,,0.16,,,0.0,0.0,0.0,0.0,0,0
K. Ota,,Machida Zelvia,"LWB, LB",38,0,,11,472,0,0.13,0,0.52,16.4,60.47,Japan,Japan,left,179,78,no,8.01,6.1,75.0,6.86,47.22,0.38,0.52,0.0,3.05,4.14,0.57,0,0.0,0,0.0,1.72,0.0,0,0.0,0.03,0,0.0,1,0.19,100.0,0.0,0.0,2.48,38.46,2.29,41.67,0.19,0.0,0.19,0.76,75.0,1.91,70.0,0.76,0.19,0.0,13.54,0.95,0.95,24.03,68.25,11.44,60.0,4.19,95.45,5.53,72.41,18.31,79.17,3.24,29.41,22.44,30.06,0.1,0.76,0.0,0.19,0.0,0.0,0.0,4.39,52.17,2.67,35.71,0.57,0.0,0.0,0.95,6.29,72.73,0,,0,,0,0.0,0.0,0.0,,,0.38,,,1.14,0.19,100.0,2.1,0,0
K. Fukatsu,Grulla Morioka,Machida Zelvia,RCB,41,0,,5,60,0,0.0,0,0.0,30.0,55.0,Japan,Japan,right,181,75,no,13.5,12.0,87.5,7.5,20.0,0.0,0.0,0.0,3.0,3.75,0.0,0,0.0,0,0.0,0.0,0.0,0,0.0,0.0,0,0.0,0,0.0,0.0,0.0,0.0,0.0,0.0,0.0,0.0,0.0,0.0,0.0,0.0,0.0,0.0,0.0,0.0,0.0,0.0,4.5,0.0,0.0,15.0,80.0,10.5,71.43,1.5,100.0,0.0,0.0,9.0,83.33,6.0,75.0,18.58,14.69,0.0,0.0,0.0,0.0,0.0,0.0,0.0,4.5,66.67,0.0,0.0,1.5,100.0,0.0,0.0,7.5,80.0,0,,0,,0,0.0,0.0,0.0,,,0.0,,,0.0,0.0,0.0,0.0,0,0
R. Okui,Tochigi City,V-Varen Nagasaki,"RB, RW, LB",36,0,,12,448,0,0.24,0,0.07,12.25,55.74,Japan,Japan,right,169,65,no,7.43,5.02,76.0,2.01,40.0,1.0,1.3,0.2,2.61,3.39,0.2,0,0.0,0,0.0,1.0,0.0,0,0.0,0.05,0,0.0,1,0.2,100.0,0.0,0.0,1.41,42.86,0.4,50.0,1.0,40.0,0.0,0.2,100.0,2.41,41.67,0.4,1.0,0.6,25.71,0.2,1.41,33.15,83.03,13.66,77.94,2.41,91.67,13.26,89.39,26.52,90.91,5.22,53.85,20.77,30.96,0.01,0.4,0.0,0.0,0.2,0.0,0.2,4.82,75.0,2.21,45.45,0.2,0.0,0.2,0.6,8.04,77.5,0,,0,,0,0.0,0.0,0.0,,,0.2,,,0.0,0.0,0.0,0.0,0,0
K. Yasuda,Tokyo,Tochigi SC,"AMF, RCMF, RWF",22,0,2028-06-30,13,486,0,0.05,1,0.35,19.26,40.38,Japan,Japan,right,173,69,no,7.41,7.78,59.52,2.41,15.38,0.56,0.69,0.0,2.22,2.77,2.04,0,0.0,0,0.0,2.22,0.0,0,0.0,0.01,0,0.0,2,0.37,50.0,0.0,0.19,1.11,16.67,0.37,0.0,0.74,25.0,0.37,3.33,44.44,5.93,34.38,1.48,0.37,0.19,16.67,0.56,0.56,27.59,78.52,7.41,62.5,5.37,93.1,9.63,80.77,24.44,84.09,2.22,41.67,16.38,18.11,0.06,0.93,0.0,0.0,0.56,66.67,0.37,3.33,61.11,1.85,50.0,0.74,50.0,0.93,0.19,4.63,64.0,0,,0,,0,0.0,0.0,0.0,,,0.0,,,0.0,0.0,0.0,0.0,0,0
G. Sehata,Thespa Gunma,V-Varen Nagasaki,"RCMF, LCMF",25,0,2029-06-30,2,39,0,0.0,0,0.06,,,Japan,Japan,,182,78,no,,,,,,,0.0,,,5.0,,0,,0,,,,0,,,0,,0,,,0.0,,,,,,,,,,,,,,,,,,,,,,,,,,,,,,,13.65,0.0,,,,,,,,,,,,,,,,,,0,,0,,0,0.0,0.0,,,,,,,,,,,0,0
Y. Kato,Ryūkyū,Iwaki,"RW, LAMF, LW",24,0,,9,372,0,0.19,0,0.01,16.45,39.71,Japan,Japan,,164,63,no,5.56,5.56,56.52,2.42,30.0,0.0,0.0,0.24,2.42,3.85,1.45,1,0.24,0,0.0,2.42,0.0,0,0.0,0.05,0,0.0,4,0.97,25.0,0.0,0.0,3.39,21.43,2.9,8.33,0.48,100.0,0.24,4.11,35.29,6.77,35.71,1.94,3.87,1.94,12.58,0.48,0.24,19.35,71.25,3.15,76.92,6.77,82.14,5.08,57.14,15.48,82.81,0.73,66.67,16.35,11.88,0.0,0.24,0.0,0.0,0.24,0.0,0.0,0.97,50.0,2.18,22.22,0.24,0.0,0.24,0.24,1.21,80.0,0,,0,,0,0.0,0.0,0.0,,,0.0,,,0.24,0.0,0.0,0.0,0,0
F. Takayanagi,Ryūkyū,RB Omiya Ardija,"RCMF, RW, LW",25,0,,36,3030,1,2.09,3,5.4,19.16,47.75,Japan,Japan,right,172,65,no,8.55,7.57,61.57,1.78,43.33,0.45,0.55,0.21,3.45,4.25,1.13,3,0.09,0,0.0,2.26,0.03,1,0.03,0.06,0,0.0,33,0.98,15.15,3.03,0.09,1.49,46.0,0.71,50.0,0.77,42.31,0.12,2.44,50.0,7.04,36.71,0.83,0.98,0.5,28.57,0.39,0.92,40.28,82.3,12.74,68.07,7.93,95.88,12.68,87.12,35.55,87.72,3.39,41.23,17.82,35.89,0.16,1.63,0.06,0.09,0.62,33.33,0.33,5.32,68.72,2.47,59.04,0.89,26.67,0.95,0.59,6.71,76.55,0,,0,,0,0.0,0.0,0.0,,,0.09,,,0.89,0.12,25.0,2.41,0,0
H. Taniguchi,Kawasaki Frontale,Tokyo Verdy,"LCB, RCB",26,0,,22,2034,1,1.17,0,0.01,13.85,63.9,Japan,Japan,right,181,77,no,8.27,4.91,71.17,3.94,59.55,0.31,0.45,0.53,4.47,6.47,0.97,2,0.09,0,0.0,0.53,0.04,1,0.04,0.05,1,0.04,10,0.44,50.0,10.0,0.0,0.13,33.33,0.09,0.0,0.0,0.0,0.0,0.27,83.33,1.73,58.97,0.27,1.68,0.18,42.35,0.18,0.75,56.15,91.41,22.04,86.35,2.52,94.74,26.68,95.19,52.12,94.14,3.89,56.82,20.72,40.52,0.0,0.04,0.09,0.0,0.04,100.0,0.0,7.96,81.67,0.49,27.27,0.44,40.0,0.04,0.04,9.51,78.6,0,,0,,0,0.0,0.0,0.0,,,1.28,,,0.0,0.0,0.0,0.0,0,0
R. Shirai,Tokyo Verdy,Tokyo Verdy,CF,21,0,2027-06-30,1,13,0,0.0,0,0.29,,,Japan,Japan,right,185,77,no,,,,,,,0.0,,,0.0,,0,,0,,,,0,,,0,,0,,,0.0,,,,,,,,,,,,,,,,,,,,,,,,,,,,,,,17.69,32.56,,,,,,,,,,,,,,,,,,0,,0,,0,0.0,0.0,,,,,,,,,,,0,0
Y. Arai,Tokyo Verdy,Tokyo Verdy,"LW, LWF, LAMF",23,0,2027-06-30,9,341,2,1.95,1,0.49,25.6,48.45,Japan,Japan,right,166,65,no,7.65,7.92,40.0,1.85,42.86,0.26,0.59,0.0,4.22,9.41,2.64,2,0.53,0,0.0,7.39,0.53,2,0.53,0.52,1,0.26,20,5.28,15.0,10.0,0.26,3.7,28.57,3.43,23.08,0.26,100.0,0.0,9.5,58.33,13.72,55.77,5.01,6.86,0.79,26.13,1.06,1.06,35.63,77.78,7.65,65.52,8.18,100.0,12.67,79.17,29.03,86.36,2.9,54.55,20.28,26.1,0.13,1.06,0.0,0.0,0.0,0.0,0.79,3.7,57.14,3.96,53.33,0.26,0.0,0.79,1.06,4.22,75.0,0,,0,,0,0.0,0.0,0.0,,,0.53,,,0.0,0.0,0.0,0.0,0,0
S. Takagi,Shimizu S-Pulse,Shimizu S-Pulse,"RCB, LB, CF",24,0,,2,123,0,0.0,0,0.11,21.95,50.0,Japan,Japan,right,173,70,no,10.98,11.71,43.75,3.66,80.0,1.46,1.76,1.46,4.39,5.29,0.73,0,0.0,0,0.0,0.0,0.0,0,0.0,0.0,0,0.0,0,0.0,0.0,0.0,0.0,0.0,0.0,0.0,0.0,0.0,0.0,0.0,0.0,0.0,2.93,75.0,0.0,0.0,0.0,26.34,1.46,2.93,42.44,84.48,23.41,81.25,4.39,100.0,12.44,88.24,38.05,84.62,4.39,83.33,19.49,39.02,0.08,0.73,0.0,0.0,0.0,0.0,0.0,6.59,77.78,0.0,0.0,0.0,0.0,0.0,0.0,11.71,68.75,0,,0,,0,0.0,0.0,0.0,,,3.66,,,0.0,0.0,0.0,0.0,0,0
G. Yamada,Tokyo Verdy,Tokyo Verdy,CF,25,0,,32,1469,3,2.73,2,1.75,25.18,36.01,Japan,Japan,right,170,65,no,4.23,3.98,47.69,7.35,39.17,0.18,0.3,0.12,2.14,3.47,2.51,0,0.0,0,0.0,1.96,0.18,3,0.18,0.17,0,0.0,25,1.53,44.0,12.0,0.12,1.16,21.05,0.61,20.0,0.55,22.22,0.25,2.21,41.67,7.9,35.66,3.92,1.41,0.43,11.76,2.39,1.78,15.75,71.21,3.68,55.0,4.04,92.42,4.23,68.12,14.28,76.39,0.31,20.0,14.61,8.1,0.11,0.74,0.12,0.06,0.18,66.67,0.25,1.23,55.0,0.86,42.86,0.25,50.0,0.74,0.25,1.35,63.64,0,,0,,0,0.0,0.0,0.0,,,0.0,,,0.0,0.0,0.0,0.0,0,0
D. Kusunoki,Eastern Suburbs,Tokyo Verdy,"RWF, RW, RB",25,0,,3,51,0,0.0,0,0.0,17.65,20.0,Japan,Japan,right,171,61,no,7.06,8.82,40.0,0.0,0.0,0.0,0.0,0.0,3.53,6.67,3.53,0,0.0,0,0.0,1.76,0.0,0,0.0,0.0,0,0.0,0,0.0,0.0,0.0,0.0,5.29,33.33,0.0,0.0,3.53,0.0,0.0,1.76,0.0,7.06,0.0,0.0,3.53,1.76,14.12,1.76,0.0,30.0,47.06,15.88,44.44,1.76,0.0,8.82,80.0,21.18,50.0,3.53,50.0,14.1,9.0,0.0,0.0,0.0,0.0,0.0,0.0,0.0,8.82,40.0,5.29,66.67,1.76,100.0,3.53,1.76,14.12,50.0,0,,0,,0,0.0,0.0,0.0,,,0.0,,,0.0,0.0,0.0,0.0,0,0
Y. Tsunashima,Antwerp,Tokyo Verdy,"LCMF, LCB",25,0,2028-06-30,36,1601,2,2.46,0,0.27,25.52,57.93,Japan,Japan,right,188,80,no,11.81,7.81,64.75,6.35,66.37,0.96,1.63,0.39,5.79,9.87,2.02,7,0.39,0,0.0,1.35,0.11,2,0.11,0.14,0,0.0,21,1.18,19.05,9.524,0.0,0.79,35.71,0.34,50.0,0.45,25.0,0.17,1.52,55.56,6.35,45.13,1.46,0.67,0.22,32.49,0.67,2.02,45.48,83.07,15.07,70.52,5.9,95.24,18.55,88.79,40.14,88.52,4.67,44.58,17.06,21.55,0.02,0.39,0.06,0.06,0.11,0.0,0.11,5.96,67.92,1.24,13.64,0.34,16.67,0.17,0.22,6.3,63.39,0,,0,,0,0.0,0.0,0.0,,,0.79,,,0.0,0.0,0.0,0.0,0,0
Y. Morishige,Nõmme United,Shimizu S-Pulse,CF,22,0,2026-12-31,1,3,0,0.0,0,0.0,,,Japan,Japan,right,198,86,no,,,,,,,0.0,,,0.0,,0,,0,,,,0,,,0,,0,,,0.0,,,,,,,,,,,,,,,,,,,,,,,,,,,,,,,0.0,0.0,,,,,,,,,,,,,,,,,,0,,0,,0,0.0,0.0,,,,,,,,,,,0,0
S. Saito,Shimizu S-Pulse,Shimizu S-Pulse,AMF,25,0,,1,46,0,0.01,0,0.0,13.7,28.57,Japan,Japan,right,171,66,no,0.0,0.0,0.0,1.96,0.0,0.0,0.0,0.0,0.0,0.0,1.96,0,0.0,0,0.0,0.0,0.0,0,0.0,0.02,0,0.0,1,1.96,0.0,0.0,0.0,3.91,0.0,1.96,0.0,1.96,0.0,1.96,0.0,0.0,7.83,25.0,0.0,0.0,0.0,43.04,0.0,0.0,52.83,88.89,5.87,66.67,17.61,100.0,17.61,77.78,46.96,95.83,3.91,50.0,18.44,55.82,0.0,0.0,0.0,0.0,0.0,0.0,0.0,7.83,100.0,3.91,50.0,0.0,0.0,1.96,0.0,5.87,100.0,0,,0,,0,0.0,0.0,0.0,,,1.96,,,1.96,0.0,0.0,5.87,0,0
K. Sagawa,Blaublitz Akita,Tokyo Verdy,"CF, AMF",26,0,,15,356,1,0.85,0,0.14,32.87,47.69,Japan,Japan,left,187,90,no,5.31,3.54,57.14,12.89,56.86,0.25,0.45,0.0,3.03,5.37,1.52,0,0.0,0,0.0,1.77,0.25,1,0.25,0.22,1,0.25,7,1.77,57.14,14.286,0.0,1.01,0.0,0.76,0.0,0.25,0.0,0.25,0.76,66.67,10.37,36.59,2.53,1.01,0.51,11.63,1.52,2.78,23.26,70.65,8.09,56.25,4.55,83.33,5.81,73.91,20.48,76.54,1.77,42.86,16.33,16.83,0.03,0.51,0.0,0.0,0.51,50.0,0.25,5.56,50.0,2.53,30.0,1.01,25.0,1.52,0.0,3.29,69.23,0,,0,,0,0.0,0.0,0.0,,,0.0,,,0.0,0.0,0.0,0.0,0,0
K. Muroi,Yokohama,RB Omiya Ardija,"CF, RW",26,0,,32,1535,4,5.03,0,0.06,19.99,33.43,Japan,Japan,right,170,65,no,3.05,2.93,54.0,4.28,21.92,0.12,0.15,0.0,1.35,1.67,1.0,1,0.06,0,0.0,2.17,0.23,4,0.23,0.29,2,0.12,31,1.82,32.26,12.903,0.0,0.59,30.0,0.18,33.33,0.41,28.57,0.06,2.52,55.81,8.62,36.05,2.52,1.35,0.76,9.85,1.7,1.52,12.61,83.26,1.76,53.33,5.45,93.55,2.7,84.78,11.9,86.7,0.12,0.0,13.34,2.01,0.0,0.23,0.0,0.0,0.0,0.0,0.12,0.88,73.33,0.53,55.56,0.0,0.0,0.23,0.18,0.7,33.33,0,,0,,0,0.0,0.0,0.0,,,0.0,,,0.0,0.0,0.0,0.0,0,0
T. Yoshida,Tokyo Verdy,Montedio Yamagata,LB,26,0,2027-06-30,3,125,0,0.0,0,0.08,29.52,58.54,Japan,Japan,,174,67,no,18.0,15.12,66.67,5.76,75.0,1.44,1.71,0.72,6.48,7.71,2.88,1,0.72,0,0.0,4.32,0.0,0,0.0,0.0,0,0.0,0,0.0,0.0,0.0,0.0,3.6,80.0,3.6,80.0,0.0,0.0,0.0,2.88,50.0,7.2,20.0,0.72,0.72,0.72,28.08,0.0,0.0,41.04,82.46,10.08,64.29,12.96,94.44,11.52,93.75,34.56,87.5,4.32,50.0,15.58,30.47,0.05,1.44,0.0,0.0,0.0,0.0,0.72,5.04,57.14,2.16,66.67,0.0,0.0,0.0,1.44,7.92,72.73,0,,0,,0,0.0,0.0,0.0,,,0.72,,,0.0,0.0,0.0,0.0,0,0
T. Izumi,RB Omiya Ardija,Montedio Yamagata,"LAMF, LWF",25,0,,8,203,0,0.23,0,0.3,19.95,48.89,Japan,Japan,right,174,62,no,3.55,3.99,33.33,1.77,75.0,0.44,0.88,0.0,1.77,3.53,0.89,1,0.44,0,0.0,6.21,0.0,0,0.0,0.1,0,0.0,4,1.77,25.0,0.0,0.0,2.22,40.0,2.22,40.0,0.0,0.0,0.44,9.31,52.38,12.41,50.0,1.77,3.55,0.89,20.39,0.44,0.89,28.37,73.44,6.65,80.0,3.99,88.89,8.42,63.16,24.83,80.36,1.33,0.0,11.94,13.0,0.13,1.33,0.0,0.0,1.33,0.0,0.89,1.77,25.0,5.32,50.0,2.22,0.0,2.22,0.89,3.55,100.0,0,,0,,0,0.0,0.0,0.0,,,0.0,,,0.44,0.0,0.0,2.22,0,0
R. Yokoyama,Montedio Yamagata,Montedio Yamagata,RAMF,26,0,,28,1095,5,3.8,2,1.23,21.37,46.92,Japan,Japan,right,180,68,no,5.84,6.82,55.42,1.73,33.33,0.16,0.27,0.0,1.89,3.11,1.48,3,0.25,0,0.0,5.26,0.41,4,0.33,0.31,0,0.0,24,1.97,37.5,20.833,0.16,2.55,25.81,0.41,40.0,2.14,23.08,0.49,6.16,62.67,10.03,47.54,2.96,2.63,0.49,22.68,2.3,1.15,26.55,71.83,6.66,60.49,6.33,88.31,6.66,61.73,22.27,79.7,1.81,36.36,19.23,22.69,0.1,0.74,0.0,0.08,0.41,0.0,0.33,2.71,60.61,2.71,33.33,0.66,12.5,0.58,0.74,4.03,71.43,0,,0,,0,0.0,0.0,0.0,,,0.08,,,0.0,0.0,0.0,0.0,1,100
K. Kawamura,Kagoshima United,Tokyo Verdy,"CF, RW",26,0,,31,1722,2,3.0,1,1.0,23.83,37.94,Japan,Japan,right,174,72,no,5.54,5.7,51.38,5.75,35.45,0.16,0.22,0.1,2.46,3.47,1.52,1,0.05,0,0.0,2.93,0.1,2,0.1,0.16,1,0.05,22,1.15,36.36,9.091,0.05,3.29,20.63,0.68,7.69,2.61,24.0,0.42,2.98,57.89,8.68,35.54,2.2,1.72,0.52,16.62,1.72,0.57,23.68,71.3,3.66,55.71,7.89,96.03,6.53,56.8,19.76,80.95,0.84,31.25,18.88,12.16,0.05,0.52,0.0,0.0,0.31,33.33,0.31,1.31,48.0,2.3,34.09,0.37,28.57,0.26,0.68,2.14,68.29,0,,0,,0,0.0,0.0,0.0,,,0.05,,,0.0,0.0,0.0,0.0,0,0
R. Nishitani,Iwaki,Tokyo Verdy,"LCMF, AMF, CF",22,0,2029-06-30,4,50,0,0.0,0,0.0,21.6,50.0,Japan,Japan,right,180,69,no,7.2,7.2,100.0,1.8,0.0,0.0,0.0,0.0,0.0,0.0,0.0,0,0.0,0,0.0,0.0,0.0,0,0.0,0.0,0,0.0,0,0.0,0.0,0.0,0.0,0.0,0.0,0.0,0.0,0.0,0.0,0.0,1.8,0.0,9.0,0.0,0.0,0.0,1.8,21.6,1.8,0.0,32.4,83.33,7.2,75.0,10.8,66.67,7.2,100.0,28.8,87.5,3.6,50.0,13.0,19.28,0.0,0.0,0.0,0.0,0.0,0.0,0.0,0.0,0.0,0.0,0.0,0.0,0.0,0.0,0.0,3.6,50.0,0,,0,,0,0.0,0.0,0.0,,,0.0,,,0.0,0.0,0.0,0.0,0,0
T. Inami,Tokyo Verdy,Tokyo Verdy,"LCMF, RCMF, LDMF",27,0,,30,2702,4,1.31,0,0.81,15.32,53.91,Japan,Japan,right,178,75,no,7.83,5.6,61.31,3.3,57.58,0.3,0.46,0.2,4.1,6.25,0.77,1,0.03,0,0.0,0.87,0.13,4,0.13,0.04,0,0.0,23,0.77,21.74,17.391,0.0,0.63,36.84,0.5,33.33,0.13,50.0,0.13,0.77,60.87,3.8,50.0,0.7,0.53,0.23,27.95,0.43,1.3,40.77,86.52,9.93,71.81,7.53,96.02,16.19,91.98,37.81,89.96,2.33,44.29,17.68,31.2,0.03,0.4,0.03,0.07,0.3,0.0,0.2,4.53,65.44,1.67,52.0,0.47,14.29,0.73,0.27,4.46,69.4,0,,0,,0,0.0,0.0,0.0,,,0.57,,,0.03,0.03,0.0,0.0,0,0
R. Kato,Yokohama F. Marinos,Tokyo Verdy,"LB, LW, LAMF",26,0,,40,2116,2,3.42,1,1.63,21.65,49.12,Japan,Japan,right,175,72,no,8.04,6.42,59.6,3.74,43.18,0.43,0.68,0.13,3.79,6.1,1.28,3,0.13,0,0.0,3.87,0.09,2,0.09,0.15,1,0.04,22,0.94,36.36,9.091,0.04,2.42,40.35,2.3,37.04,0.13,100.0,0.47,4.04,58.95,8.34,44.9,2.38,2.17,0.55,27.01,1.83,1.53,34.79,80.56,10.89,68.36,7.7,93.92,9.83,83.12,30.03,85.69,2.42,56.14,17.5,27.77,0.07,0.72,0.04,0.0,0.21,80.0,0.34,4.25,73.0,2.68,50.79,0.51,41.67,0.68,0.89,6.38,77.33,0,,0,,0,0.0,0.0,0.0,,,0.26,,,0.0,0.0,0.0,0.0,0,0
H. Koda,Nagoya Grampus,Tokyo Verdy,"RW, LW, RAMF",22,0,2026-06-30,9,356,0,0.17,0,0.72,24.78,47.96,Japan,Japan,right,168,65,no,9.35,6.32,72.0,3.29,15.38,0.51,0.8,0.25,4.3,6.8,0.76,0,0.0,0,0.0,6.32,0.0,0,0.0,0.04,0,0.0,5,1.26,20.0,0.0,0.0,4.04,31.25,0.51,0.0,3.54,35.71,0.51,7.33,65.52,12.13,52.08,3.54,4.3,1.26,28.06,1.77,1.01,36.15,76.92,8.09,59.38,10.87,95.35,10.11,62.5,31.1,84.55,1.26,20.0,15.69,14.8,0.18,0.51,0.0,0.0,0.0,0.0,0.25,1.26,60.0,4.04,43.75,0.25,0.0,1.52,1.26,4.04,81.25,0,,0,,0,0.0,0.0,0.0,,,0.0,,,0.0,0.0,0.0,0.25,0,0
J. Takahashi,Montedio Yamagata,Montedio Yamagata,"CF, AMF",29,0,,15,390,2,2.3,0,0.59,29.54,32.81,Japan,Japan,right,178,78,no,3.92,4.15,55.56,7.38,28.13,0.46,0.95,0.0,1.15,2.38,2.54,3,0.69,0,0.0,2.54,0.46,2,0.46,0.53,0,0.0,14,3.23,28.57,14.286,0.0,1.15,20.0,0.92,25.0,0.23,0.0,0.23,4.15,33.33,12.92,23.21,4.85,0.46,0.46,12.23,1.62,0.92,20.31,76.14,3.92,64.71,6.0,84.62,6.23,85.19,18.46,80.0,0.69,66.67,11.3,8.88,0.14,0.46,0.0,0.23,0.0,0.0,0.23,1.62,71.43,0.92,25.0,0.0,0.0,0.23,0.23,2.31,50.0,0,,0,,0,0.0,0.0,0.0,,,0.23,,,0.0,0.0,0.0,0.0,0,0
R. Uehara,Júbilo Iwata,Júbilo Iwata,"RCMF, LDMF, LCMF",29,0,,35,2621,8,3.56,2,4.37,12.74,49.87,Japan,Japan,right,174,66,no,7.42,5.8,57.99,1.58,28.26,0.62,0.83,0.31,3.43,4.63,1.24,5,0.17,0,0.0,1.82,0.27,8,0.27,0.12,1,0.03,36,1.24,30.56,22.222,0.07,1.37,52.5,0.52,53.33,0.86,52.0,0.07,0.93,62.96,2.85,50.6,0.79,0.58,0.27,46.97,0.24,0.79,60.88,87.82,19.47,76.9,9.2,95.15,23.21,92.9,54.05,91.36,5.56,61.11,18.05,32.85,0.15,1.51,0.21,0.03,0.38,36.36,0.38,9.51,81.23,2.82,63.41,0.72,33.33,1.06,0.65,9.1,83.77,0,,0,,0,0.0,0.0,0.0,,,0.89,,,0.76,0.17,20.0,2.88,0,0
Ricardo Graça,,Júbilo Iwata,LCB,29,0,,35,3430,2,1.39,2,0.74,14.48,59.78,Brazil,"Brazil, Portugal",left,182,70,no,10.18,5.14,70.92,4.57,55.75,0.42,0.56,0.84,6.11,8.16,0.52,3,0.08,0,0.0,0.47,0.05,2,0.05,0.04,1,0.03,17,0.45,23.53,11.765,0.05,0.1,50.0,0.1,50.0,0.0,0.0,0.0,0.52,55.0,1.92,49.32,0.52,0.31,0.1,30.91,0.45,0.42,45.13,85.06,20.1,74.54,2.18,93.98,18.45,95.31,36.52,91.16,8.5,59.26,22.29,40.41,0.02,0.18,0.0,0.05,0.05,50.0,0.08,5.67,61.57,0.58,27.27,0.92,37.14,0.18,0.05,9.31,65.92,0,,0,,0,0.0,0.0,0.0,,,1.52,,,0.0,0.0,0.0,0.0,0,0
R. Kuboniwa,JEF United,JEF United,LCB,24,0,,1,2,0,0.0,0,0.0,,,Japan,Japan,,182,72,no,,,,,,,0.0,,,0.0,,0,,0,,,,0,,,0,,0,,,0.0,,,,,,,,,,,,,,,,,,,,,,,,,,,,,,,0.0,0.0,,,,,,,,,,,,,,,,,,0,,0,,0,0.0,0.0,,,,,,,,,,,0,0
Y. Matsuo,Oita Trinita,Oita Trinita,"RAMF, RW, RWB",25,0,2027-01-31,16,975,4,1.28,0,0.86,12.65,41.61,Japan,Japan,,170,63,no,5.91,5.82,55.56,1.11,25.0,0.18,0.28,0.09,2.49,3.77,0.92,0,0.0,0,0.0,2.12,0.37,4,0.37,0.12,0,0.0,10,0.92,40.0,40.0,0.0,2.86,32.26,0.0,0.0,2.86,32.26,0.18,1.85,45.0,4.62,32.0,2.22,0.74,0.09,18.65,2.22,0.09,22.52,76.64,4.15,75.56,6.74,91.78,5.26,71.93,19.38,83.81,0.46,20.0,15.42,13.84,0.08,0.46,0.0,0.0,0.18,0.0,0.28,1.57,94.12,1.75,47.37,0.18,0.0,0.46,0.92,4.06,63.64,0,,0,,0,0.0,0.0,0.0,,,0.0,,,0.0,0.0,0.0,0.0,0,0
H. Komori,Urawa Reds,JEF United,CF,25,0,2027-06-30,34,2529,14,11.87,3,1.93,21.57,34.65,Japan,Japan,right,178,73,no,3.63,3.45,56.7,5.77,33.95,0.18,0.28,0.04,1.49,2.38,1.21,3,0.11,0,0.0,1.89,0.5,13,0.46,0.42,2,0.07,84,2.99,35.71,16.667,0.11,0.43,16.67,0.21,16.67,0.18,20.0,0.0,1.67,36.17,8.9,29.2,4.23,0.78,0.32,18.75,2.56,1.28,24.23,79.59,4.73,60.9,6.65,91.98,7.94,82.06,22.81,81.59,1.0,60.71,16.2,22.93,0.07,0.75,0.04,0.07,0.28,50.0,0.28,2.35,63.64,0.89,40.0,0.32,44.44,0.6,0.07,1.85,69.23,0,,0,,0,0.0,0.0,0.0,,,0.07,,,0.0,0.0,0.0,0.0,2,50
K. Goto,Sint-Truiden,Júbilo Iwata,CF,21,0,2028-06-30,33,1473,7,7.71,2,0.73,26.88,35.23,Japan,Japan,right,191,70,yes,4.22,3.67,50.0,10.2,42.51,0.73,1.08,0.0,1.65,2.43,1.71,3,0.18,0,0.0,2.32,0.43,7,0.43,0.47,2,0.12,40,2.44,67.5,17.5,0.12,0.24,25.0,0.12,50.0,0.12,0.0,0.06,1.16,52.63,6.11,26.0,4.22,0.92,0.24,10.69,2.75,0.79,14.42,79.24,2.93,62.5,4.46,90.41,3.6,83.05,13.93,79.82,0.24,100.0,13.2,4.7,0.04,0.49,0.06,0.06,0.0,0.0,0.24,0.98,75.0,0.67,63.64,0.0,0.0,1.1,0.12,1.04,70.59,0,,0,,0,0.0,0.0,0.0,,,0.0,,,0.0,0.0,0.0,0.0,0,0
R. Shimmyo,JEF United,JEF United,"RW, LAMF, CF",22,0,,8,308,1,0.22,0,0.11,18.12,32.26,Japan,Japan,,178,66,no,3.8,3.8,46.15,3.51,25.0,0.29,0.52,0.0,1.75,3.1,0.58,0,0.0,0,0.0,2.34,0.29,1,0.29,0.06,0,0.0,4,1.17,25.0,25.0,0.0,1.75,0.0,0.88,0.0,0.88,0.0,0.0,3.51,58.33,7.89,33.33,2.63,0.29,0.0,16.66,1.75,0.88,21.92,68.0,3.21,45.45,7.89,81.48,5.55,63.16,19.29,74.24,0.88,66.67,16.69,6.97,0.03,0.58,0.0,0.0,0.29,0.0,0.29,0.58,0.0,2.05,28.57,0.0,0.0,0.58,0.0,2.05,42.86,0,,0,,0,0.0,0.0,0.0,,,0.0,,,0.0,0.0,0.0,0.0,0,0
S. Yaguchi,JEF United,JEF United,LB,21,0,,7,206,0,0.05,0,0.0,14.85,52.94,Japan,Japan,right,175,67,no,10.05,6.55,73.33,1.75,50.0,0.0,0.0,0.44,5.24,7.66,2.18,0,0.0,0,0.0,1.75,0.0,0,0.0,0.02,0,0.0,1,0.44,0.0,0.0,0.0,2.62,33.33,2.62,33.33,0.0,0.0,0.44,0.87,100.0,3.93,44.44,1.75,0.44,0.0,17.48,1.31,0.44,27.96,68.75,10.49,62.5,8.74,80.0,4.81,72.73,20.97,79.17,4.37,40.0,16.92,17.57,0.0,0.44,0.0,0.0,0.0,0.0,0.0,2.62,16.67,2.62,50.0,0.0,0.0,0.44,1.31,6.12,64.29,0,,0,,0,0.0,0.0,0.0,,,0.87,,,0.44,0.0,0.0,0.0,0,0
K. Yasuda,Genk II,Oita Trinita,"RCMF, DMF, LCMF",21,0,2027-01-31,29,1879,2,1.72,0,1.01,10.63,54.95,Japan,Japan,right,185,68,no,6.95,4.55,66.32,1.05,45.45,0.19,0.31,0.24,3.74,6.14,0.72,3,0.14,0,0.0,1.39,0.1,2,0.1,0.08,0,0.0,26,1.25,23.08,7.692,0.0,0.43,44.44,0.19,50.0,0.24,40.0,0.1,1.15,66.67,2.97,48.39,0.62,0.96,0.19,30.46,0.1,0.57,41.38,88.54,11.54,77.59,6.08,93.7,16.05,94.03,37.89,91.78,3.07,54.69,15.69,25.55,0.05,0.34,0.05,0.05,0.29,50.0,0.14,5.36,75.89,1.48,58.06,0.29,16.67,0.72,0.19,4.74,70.71,0,,0,,0,0.0,0.0,0.0,,,1.01,,,0.29,0.0,0.0,0.29,0,0
K. Tanaka,JEF United,JEF United,"RAMF, RW",26,0,,39,2517,2,5.24,2,3.41,17.63,53.14,Japan,Japan,right,173,67,no,7.01,5.83,69.94,2.36,40.91,0.25,0.39,0.14,2.68,4.13,0.68,4,0.14,1,0.04,4.26,0.07,2,0.07,0.19,0,0.0,44,1.57,31.82,4.545,0.07,4.29,28.33,0.36,40.0,3.9,27.52,0.46,3.93,62.73,7.22,49.5,2.75,2.04,0.54,19.63,2.29,1.68,26.53,73.85,6.4,65.36,6.69,94.65,7.62,61.03,20.88,85.1,1.57,45.45,17.67,21.71,0.12,1.14,0.04,0.0,0.11,66.67,0.57,1.97,76.36,3.86,39.81,0.14,50.0,1.22,1.0,4.54,78.74,0,,0,,0,0.0,0.0,0.0,,,0.11,,,0.04,0.04,0.0,0.0,0,0
H. Nishido,Renofa Yamaguchi,JEF United,"LAMF, RW",25,0,,4,57,0,0.12,0,0.0,18.95,33.33,Japan,Japan,left,180,77,no,3.16,7.89,40.0,3.16,100.0,0.0,0.0,0.0,0.0,0.0,0.0,0,0.0,0,0.0,0.0,0.0,0,0.0,0.2,0,0.0,1,1.58,0.0,0.0,0.0,3.16,0.0,1.58,0.0,1.58,0.0,0.0,3.16,0.0,6.32,0.0,3.16,1.58,0.0,14.21,0.0,0.0,17.37,72.73,4.74,100.0,7.89,100.0,1.58,0.0,11.05,100.0,3.16,50.0,14.03,4.57,0.0,0.0,0.0,0.0,0.0,0.0,0.0,1.58,100.0,0.0,0.0,0.0,0.0,0.0,0.0,3.16,100.0,0,,0,,0,0.0,0.0,0.0,,,0.0,,,0.0,0.0,0.0,0.0,0,0
S. Nishikubo,Júbilo Iwata,JEF United,RB,22,0,2026-06-30,12,1043,1,0.4,0,1.13,20.88,54.96,Japan,Japan,right,178,67,no,7.85,7.16,56.63,7.59,65.91,0.26,0.33,0.35,3.54,4.46,1.47,2,0.17,0,0.0,2.16,0.09,1,0.09,0.03,1,0.09,5,0.43,40.0,20.0,0.0,2.5,34.48,0.0,0.0,2.5,34.48,0.09,1.81,57.14,3.62,47.62,1.12,0.78,0.35,21.83,1.47,0.35,31.24,72.65,12.51,60.69,5.35,95.16,8.63,75.0,25.28,80.2,3.62,45.24,20.55,34.58,0.1,1.04,0.0,0.0,0.17,50.0,0.6,4.49,53.85,2.07,37.5,0.26,66.67,0.17,0.78,6.73,55.13,0,,0,,0,0.0,0.0,0.0,,,0.52,,,0.0,0.0,0.0,0.0,0,0
Y. Furukawa,Darmstadt 98,Júbilo Iwata,"LAMF, LW",22,0,,28,1228,1,3.12,2,3.11,23.38,55.8,Japan,Japan,right,174,65,no,5.94,4.62,60.32,1.69,30.43,0.22,0.33,0.22,2.93,4.36,0.59,2,0.15,0,0.0,9.38,0.07,0,0.0,0.23,0,0.0,34,2.49,23.53,2.941,0.15,5.57,35.53,5.28,33.33,0.29,75.0,1.1,10.48,63.64,15.46,57.82,4.62,4.91,1.25,26.02,2.49,1.69,36.13,78.09,7.77,69.81,9.45,94.57,11.95,71.17,29.68,86.91,1.17,43.75,17.27,15.69,0.23,1.61,0.0,0.0,0.37,40.0,1.1,2.93,75.0,5.06,55.07,0.37,40.0,2.05,1.98,6.08,80.72,0,,0,,0,0.0,0.0,0.0,,,0.22,,,0.0,0.0,0.0,0.22,1,100
S. Utsumoto,Oita Trinita,Oita Trinita,"CF, RWB, AMF",26,0,,17,423,2,1.75,0,0.02,23.19,35.78,Japan,Japan,right,178,76,no,3.62,4.68,40.91,8.72,36.59,0.21,0.42,0.0,1.49,2.92,2.77,0,0.0,0,0.0,2.77,0.43,2,0.43,0.37,1,0.21,9,1.91,22.22,22.222,0.0,2.77,46.15,0.21,0.0,2.55,50.0,0.0,2.34,45.45,6.81,34.38,2.98,0.43,0.21,15.53,2.55,1.06,20.43,75.0,5.32,60.0,4.47,95.24,5.32,84.0,16.6,83.33,1.7,50.0,16.58,8.91,0.0,0.21,0.0,0.21,0.0,0.0,0.0,2.13,60.0,1.49,71.43,0.21,0.0,0.43,0.85,4.04,57.89,0,,0,,0,0.0,0.0,0.0,,,0.0,,,0.43,0.0,0.0,1.7,0,0
T. Ando,St. Pauli,Oita Trinita,"LCB, CB, RCB",27,0,,27,2272,2,4.21,1,0.36,16.24,66.59,Japan,Japan,right,190,84,no,9.23,5.31,70.15,6.58,69.88,0.12,0.2,0.79,5.39,8.85,1.11,3,0.12,0,0.0,0.59,0.08,2,0.08,0.17,1,0.04,25,0.99,36.0,8.0,0.04,0.12,0.0,0.08,0.0,0.04,0.0,0.0,0.44,54.55,1.51,52.63,1.43,0.75,0.04,40.76,0.36,1.15,55.89,90.93,23.29,84.35,2.97,93.33,25.23,96.86,51.42,94.38,4.36,52.73,19.96,36.79,0.01,0.08,0.0,0.0,0.04,0.0,0.08,6.02,73.68,0.24,66.67,0.28,42.86,0.28,0.0,9.43,75.63,0,,0,,0,0.0,0.0,0.0,,,2.18,,,0.04,0.0,0.0,0.0,0,0
K. Nishikawa,Mito Hollyhock,Oita Trinita,GK,23,0,,34,3275,0,0.0,0,0.0,1.07,64.1,Japan,Japan,right,181,78,no,1.84,0.33,41.67,0.41,93.33,0.03,0.05,0.0,1.68,2.76,0.03,2,0.05,0,0.0,0.05,0.0,0,0.0,0.0,0,0.0,0,0.0,0.0,0.0,0.0,0.0,0.0,0.0,0.0,0.0,0.0,0.0,0.05,100.0,0.19,71.43,0.03,0.0,0.0,26.16,0.22,0.08,34.16,88.42,16.65,78.55,0.03,100.0,14.67,98.13,24.18,98.18,9.89,65.28,29.7,52.08,0.0,0.0,0.0,0.0,0.0,0.0,0.0,4.86,59.32,0.27,0.0,0.33,16.67,0.05,0.0,7.36,79.48,46,1.26,119,3.27,7,61.34,40.13,1.1,-5.87,-0.161,0.0,1.32,0.41,,,,0.0,0,0
S. Tanabe,Tokyo Verdy,JEF United,LB,24,0,2027-06-30,2,31,0,0.0,0,0.0,,,Japan,Japan,right,181,73,no,,,,,,,0.0,,,0.0,,0,,0,,,,0,,,0,,0,,,0.0,,,,,,,,,,,,,,,,,,,,,,,,,,,,,,,14.42,0.0,,,,,,,,,,,,,,,,,,0,,0,,0,0.0,0.0,,,,,,,,,,,0,0
H. Ohashi,Matsumoto Yamaga,RB Omiya Ardija,"RCMF, LCMF",29,0,,9,382,0,0.1,0,0.19,14.37,63.93,Japan,Japan,right,183,72,no,10.84,8.25,68.57,2.36,40.0,0.71,0.96,0.24,4.48,6.06,1.41,0,0.0,0,0.0,0.47,0.0,0,0.0,0.02,0,0.0,3,0.71,0.0,0.0,0.0,0.47,50.0,0.47,50.0,0.0,0.0,0.0,0.71,33.33,1.18,20.0,0.47,0.24,0.0,46.18,0.24,0.0,62.2,89.39,23.8,86.14,5.65,100.0,22.15,93.62,57.72,90.61,4.01,76.47,17.6,24.47,0.05,0.71,0.0,0.0,0.0,0.0,0.0,8.72,89.19,1.65,57.14,0.0,0.0,0.94,0.24,12.02,74.51,0,,0,,0,0.0,0.0,0.0,,,0.24,,,0.0,0.0,0.0,0.0,0,0
R. Ichihara,AZ,RB Omiya Ardija,LCB,20,0,2031-06-30,17,1680,0,0.86,0,0.02,12.91,63.49,Japan,Japan,unknown,186,0,no,8.46,4.34,74.07,3.8,69.01,0.48,0.6,0.64,4.77,5.97,0.27,3,0.16,0,0.0,0.43,0.0,0,0.0,0.05,0,0.0,6,0.32,50.0,0.0,0.0,0.0,0.0,0.0,0.0,0.0,0.0,0.0,0.64,41.67,2.25,42.86,0.59,0.64,0.11,36.91,0.38,0.86,49.98,88.64,19.55,76.71,1.61,93.33,24.43,97.37,43.18,93.92,6.8,55.12,22.22,43.06,0.0,0.05,0.0,0.0,0.0,0.0,0.0,4.61,63.95,0.32,16.67,0.16,33.33,0.16,0.0,7.71,66.67,0,,0,,0,0.0,0.0,0.0,,,0.7,,,0.0,0.0,0.0,0.0,0,0
K. Sekiguchi,RB Omiya Ardija,RB Omiya Ardija,RB,24,0,,3,90,0,0.48,0,0.0,27.0,55.56,Japan,Japan,right,181,72,no,16.0,14.0,57.14,7.0,71.43,0.0,0.0,0.0,8.0,11.43,0.0,0,0.0,0,0.0,1.0,0.0,0,0.0,0.48,0,0.0,2,2.0,50.0,0.0,0.0,3.0,0.0,0.0,0.0,3.0,0.0,0.0,0.0,0.0,5.0,40.0,2.0,1.0,0.0,23.0,1.0,2.0,34.0,52.94,18.0,33.33,5.0,100.0,5.0,60.0,26.0,65.38,5.0,20.0,28.71,22.19,0.0,0.0,0.0,0.0,0.0,0.0,0.0,5.0,40.0,3.0,33.33,1.0,0.0,0.0,0.0,13.0,23.08,0,,0,,0,0.0,0.0,0.0,,,0.0,,,0.0,0.0,0.0,0.0,0,0
S. Tokuno,,Mito Hollyhock,"LW, LB, LAMF",24,0,,7,203,0,0.2,0,0.31,23.5,47.17,Japan,Japan,right,165,67,no,10.2,6.65,66.67,1.33,0.0,0.0,0.0,0.0,5.76,8.67,1.77,0,0.0,0,0.0,3.55,0.0,0,0.0,0.09,0,0.0,2,0.89,0.0,0.0,0.0,1.77,50.0,0.44,100.0,1.33,33.33,0.0,3.99,66.67,10.64,58.33,2.66,3.55,3.1,10.64,1.33,3.1,17.73,62.5,7.98,44.44,5.32,100.0,1.77,75.0,15.07,67.65,1.33,33.33,19.16,10.91,0.14,1.33,0.0,0.0,0.89,0.0,0.44,2.66,66.67,0.89,0.0,0.44,0.0,0.44,0.44,3.99,66.67,0,,0,,0,0.0,0.0,0.0,,,0.0,,,0.0,0.0,0.0,0.0,0,0
S. Inoue,Vegalta Sendai,Ventforet Kofu,RCB,26,0,,30,2889,1,1.35,0,0.0,12.46,59.0,Japan,Japan,right,184,77,no,8.44,3.43,73.64,6.51,55.02,0.19,0.23,0.62,5.73,6.92,0.31,2,0.06,0,0.0,0.19,0.03,1,0.03,0.04,0,0.0,8,0.25,25.0,12.5,0.0,0.0,0.0,0.0,0.0,0.0,0.0,0.0,0.12,100.0,0.72,47.83,0.31,0.16,0.09,34.45,0.28,0.5,48.38,86.03,19.88,72.73,2.24,98.61,22.4,95.69,42.65,92.11,5.73,40.76,21.74,41.19,0.0,0.0,0.03,0.0,0.0,0.0,0.03,5.51,60.45,0.34,18.18,0.53,17.65,0.03,0.0,7.66,63.82,0,,0,,0,0.0,0.0,0.0,,,1.84,,,0.03,0.03,0.0,0.0,0,0
G. Onaiwu,Yokohama F. Marinos,Vegalta Sendai,"RW, RAMF, RB",25,0,2027-06-30,10,224,0,0.49,0,0.24,21.7,51.85,Japan,Japan,right,168,67,no,4.82,3.62,44.44,4.02,20.0,0.0,0.0,0.0,3.21,6.32,0.4,0,0.0,0,0.0,11.65,0.0,0,0.0,0.2,0,0.0,7,2.81,28.57,0.0,0.0,10.04,36.0,0.0,0.0,10.04,36.0,2.01,9.64,75.0,12.46,64.52,4.02,5.22,2.01,24.11,2.81,1.61,36.96,66.3,6.83,41.18,7.23,88.89,15.67,74.36,24.11,83.33,3.62,33.33,24.9,22.98,0.1,1.21,0.0,0.0,0.0,0.0,1.21,2.81,71.43,6.43,56.25,0.4,0.0,0.4,3.21,8.04,80.0,0,,0,,0,0.0,0.0,0.0,,,0.4,,,0.0,0.0,0.0,0.0,0,0
R. Iijima,,Ventforet Kofu,"CF, AMF",26,0,,8,344,1,0.7,1,0.43,22.5,32.56,Japan,Japan,right,166,64,no,5.49,5.76,72.73,2.88,18.18,0.26,0.39,0.0,1.05,1.58,1.83,1,0.26,0,0.0,2.09,0.26,1,0.26,0.18,0,0.0,4,1.05,100.0,25.0,0.26,0.52,0.0,0.26,0.0,0.26,0.0,0.0,1.57,66.67,7.59,24.14,2.62,0.26,0.0,13.6,1.57,1.31,23.02,85.23,3.14,83.33,6.28,91.67,6.8,80.77,22.5,87.21,0.0,0.0,15.63,0.0,0.11,1.05,0.26,0.0,0.0,0.0,0.52,1.05,50.0,1.05,100.0,0.0,0.0,1.31,0.0,1.31,60.0,0,,0,,0,0.0,0.0,0.0,,,0.26,,,0.0,0.0,0.0,0.26,0,0
K. Hayashida,Ventforet Kofu,Ventforet Kofu,"LDMF, RDMF, LCMF",26,0,,25,2029,1,0.46,1,0.83,14.9,52.68,Japan,Japan,right,175,73,no,8.83,5.99,61.48,3.02,48.53,0.27,0.35,0.44,4.88,6.46,1.15,2,0.09,0,0.0,0.44,0.04,1,0.04,0.02,0,0.0,14,0.62,7.14,7.143,0.04,0.04,0.0,0.0,0.0,0.04,0.0,0.0,0.62,42.86,2.79,41.27,0.4,0.31,0.18,30.74,0.04,0.98,45.16,89.88,12.95,79.11,6.25,98.58,18.76,94.8,42.85,91.93,2.26,52.94,16.31,28.77,0.04,0.27,0.0,0.0,0.18,75.0,0.22,5.19,78.63,0.31,71.43,0.09,100.0,0.35,0.0,5.37,71.9,0,,0,,0,0.0,0.0,0.0,,,0.22,,,0.0,0.0,0.0,0.0,0,0
S. Miura,Kawasaki Frontale,Ventforet Kofu,LB,25,0,2028-06-30,21,1641,0,0.34,2,1.85,17.22,61.46,Japan,Japan,left,178,74,no,9.65,6.69,65.57,3.07,73.21,0.38,0.48,0.27,4.88,6.05,0.6,0,0.0,0,0.0,3.4,0.0,0,0.0,0.02,0,0.0,6,0.33,50.0,0.0,0.11,3.07,41.07,3.02,40.0,0.05,100.0,0.44,2.91,67.92,5.27,59.38,0.82,2.36,0.71,25.34,1.65,1.59,35.92,72.67,14.92,60.29,4.72,93.02,11.19,78.92,28.14,81.68,4.83,39.77,19.96,32.47,0.1,0.77,0.05,0.0,0.0,0.0,0.66,5.43,61.62,3.62,48.48,0.66,41.67,0.71,1.37,9.6,63.43,0,,0,,0,0.0,0.0,0.0,,,0.22,,,0.0,0.0,0.0,0.16,0,0
R. Yamazaki,Kagoshima United,RB Omiya Ardija,"RW, LW",23,0,,9,394,1,0.71,0,0.37,23.53,36.89,Japan,Japan,right,175,60,no,6.4,7.08,54.84,3.43,20.0,0.23,0.29,0.0,2.28,2.88,1.37,0,0.0,0,0.0,3.43,0.23,1,0.23,0.16,1,0.23,7,1.6,42.86,14.286,0.0,0.69,33.33,0.23,100.0,0.46,0.0,0.0,6.4,39.29,10.96,31.25,2.51,1.83,1.6,12.79,0.91,0.23,17.59,74.03,5.25,60.87,4.57,95.0,3.88,82.35,14.85,80.0,2.06,44.44,18.31,16.33,0.09,0.91,0.0,0.0,0.23,0.0,0.0,1.6,85.71,0.46,50.0,0.23,0.0,0.46,0.23,2.51,63.64,0,,0,,0,0.0,0.0,0.0,,,0.0,,,0.0,0.0,0.0,0.0,0,0
M. Nuki,Thespa Gunma,RB Omiya Ardija,"RB, LB",22,0,,8,385,0,0.18,0,0.18,17.53,53.33,Japan,Japan,right,184,75,no,10.29,8.42,52.78,4.21,66.67,0.7,0.86,0.47,5.14,6.29,1.64,1,0.23,0,0.0,1.64,0.0,0,0.0,0.04,0,0.0,3,0.7,0.0,0.0,0.0,3.27,14.29,0.7,0.0,2.57,18.18,0.94,1.87,50.0,3.04,46.15,1.17,1.87,0.47,34.6,1.64,0.47,47.69,79.41,13.79,69.49,9.58,95.12,15.9,79.41,41.61,85.96,2.81,58.33,20.05,26.94,0.04,0.7,0.23,0.0,0.47,50.0,0.23,4.68,60.0,2.81,25.0,0.47,50.0,0.23,0.94,8.18,62.86,0,,0,,0,0.0,0.0,0.0,,,0.23,,,0.0,0.0,0.0,0.47,0,0
Y. Naito,Ventforet Kofu,Ventforet Kofu,CF,21,0,,1,17,0,0.0,0,0.0,,,Japan,Japan,right,179,73,no,,,,,,,0.0,,,0.0,,0,,0,,,,0,,,0,,0,,,0.0,,,,,,,,,,,,,,,,,,,,,,,,,,,,,,,15.61,0.0,,,,,,,,,,,,,,,,,,0,,0,,0,0.0,0.0,,,,,,,,,,,0,0
Kaique Mafaldo,Tokushima Vortis,RB Omiya Ardija,"RCB, LCB",25,0,,18,1268,0,0.75,0,0.48,14.76,63.46,Brazil,Brazil,right,190,86,no,8.02,3.69,65.38,7.31,66.99,0.28,0.35,0.64,5.32,6.56,0.64,6,0.43,0,0.0,0.78,0.0,0,0.0,0.05,0,0.0,15,1.06,13.33,0.0,0.0,0.28,75.0,0.21,100.0,0.07,0.0,0.07,0.71,60.0,2.06,51.72,1.21,0.5,0.07,32.15,0.43,0.57,44.79,85.74,16.82,73.84,1.63,91.3,22.5,95.27,39.39,89.73,5.11,55.56,21.15,31.59,0.03,0.14,0.0,0.0,0.07,0.0,0.07,4.4,54.84,0.64,33.33,0.35,20.0,0.0,0.21,7.45,58.1,0,,0,,0,0.0,0.0,0.0,,,0.92,,,0.0,0.0,0.0,0.0,0,0
H. Aoki,Tokushima Vortis,Tokushima Vortis,"LB, LCB",25,0,,1,96,0,0.05,0,0.0,19.69,61.9,Japan,Japan,unknown,183,79,no,10.31,7.5,87.5,8.44,44.44,0.0,0.0,0.94,3.75,4.29,0.0,0,0.0,0,0.0,0.0,0.0,0,0.0,0.05,0,0.0,1,0.94,0.0,0.0,0.0,0.0,0.0,0.0,0.0,0.0,0.0,0.0,0.94,0.0,2.81,33.33,0.0,1.88,0.0,47.81,4.69,0.0,60.94,86.15,27.19,75.86,7.5,100.0,21.56,100.0,53.44,91.23,7.5,50.0,20.4,28.5,0.0,0.0,0.0,0.0,0.0,0.0,0.0,10.31,90.91,0.0,0.0,0.0,0.0,0.0,0.0,12.19,76.92,0,,0,,0,0.0,0.0,0.0,,,0.94,,,0.0,0.0,0.0,0.0,0,0
R. Tagashira,Thespa Gunma,Thespa Gunma,RB,24,0,,4,175,0,0.0,0,0.11,12.86,32.0,Japan,Japan,unknown,0,0,no,9.26,6.17,41.67,3.09,16.67,0.51,0.57,0.51,6.17,6.79,0.51,0,0.0,0,0.0,1.03,0.0,0,0.0,0.0,0,0.0,0,0.0,0.0,0.0,0.0,0.51,0.0,0.0,0.0,0.51,0.0,0.0,1.03,50.0,2.06,25.0,0.0,0.51,0.0,13.37,2.06,0.0,19.03,75.68,9.77,63.16,5.14,100.0,2.57,100.0,16.46,81.25,2.06,50.0,20.59,22.95,0.05,0.51,0.0,0.0,0.51,100.0,0.51,2.57,80.0,1.54,100.0,0.0,0.0,1.54,0.0,5.14,50.0,0,,0,,0,0.0,0.0,0.0,,,0.0,,,0.0,0.0,0.0,0.0,0,0
H. Ishii,Vegalta Sendai,Mito Hollyhock,"LB, LWB",24,0,,9,588,0,0.23,0,0.6,17.76,50.86,Japan,Japan,,0,0,no,7.96,7.81,56.86,3.98,42.31,0.31,0.39,0.0,3.21,4.06,0.61,1,0.15,0,0.0,2.45,0.0,0,0.0,0.04,0,0.0,3,0.46,33.33,0.0,0.0,3.37,27.27,3.37,27.27,0.0,0.0,0.31,1.68,72.73,3.52,47.83,0.77,0.77,0.31,21.28,2.45,0.77,32.3,65.4,14.23,55.91,5.05,90.91,8.42,65.45,23.27,76.32,5.66,43.24,21.46,34.2,0.09,0.77,0.0,0.0,0.31,50.0,0.77,5.51,72.22,3.06,25.0,0.46,0.0,0.15,0.92,10.87,59.15,0,,0,,0,0.0,0.0,0.0,,,0.15,,,0.15,0.0,0.0,0.0,0,0
L. Iwamoto,,Thespa Gunma,"LW, AMF",25,0,,2,28,0,0.0,0,0.0,,,Japan,Japan,right,173,66,no,,,,,,,0.0,,,18.0,,0,,0,,,,0,,,0,,0,,,0.0,,,,,,,,,,,,,,,,,,,,,,,,,,,,,,,8.21,0.0,,,,,,,,,,,,,,,,,,0,,0,,0,0.0,0.0,,,,,,,,,,,0,0
R. Inoue,Tegevajaro Miyazaki,Mito Hollyhock,"LW, LB, RW",25,0,,28,935,0,0.33,1,1.19,18.58,40.93,Japan,Japan,left,166,61,no,6.16,5.78,43.33,1.64,23.53,0.58,0.78,0.19,3.08,4.16,1.16,0,0.0,0,0.0,4.14,0.0,0,0.0,0.03,0,0.0,11,1.06,18.18,0.0,0.1,4.14,23.26,2.79,27.59,1.16,0.0,0.67,5.39,53.57,8.57,46.07,2.21,2.02,0.96,18.19,0.67,1.64,26.66,69.68,8.66,54.44,5.97,93.55,7.12,68.92,20.02,81.73,2.5,50.0,19.9,17.62,0.11,0.67,0.0,0.0,0.39,25.0,0.67,3.75,71.79,2.6,22.22,0.29,33.33,0.67,0.96,4.72,65.31,0,,0,,0,0.0,0.0,0.0,,,0.0,,,0.0,0.0,0.0,0.0,0,0
K. Matsuda,Tokushima Vortis,Mito Hollyhock,"RCB, CB",26,0,2026-06-30,22,2110,2,0.96,0,0.2,15.27,69.27,Japan,Japan,right,190,85,no,8.66,4.18,76.53,7.08,66.27,0.21,0.27,0.81,5.25,6.55,0.43,2,0.09,0,0.0,0.47,0.09,2,0.09,0.04,1,0.04,10,0.43,50.0,20.0,0.0,0.04,100.0,0.04,100.0,0.0,0.0,0.0,0.21,100.0,1.11,69.23,0.55,0.0,0.0,26.19,0.21,0.85,39.8,85.74,14.03,71.73,0.94,95.45,21.58,94.86,34.34,91.68,5.42,48.03,21.87,39.78,0.01,0.04,0.0,0.04,0.0,0.0,0.04,4.01,57.45,0.26,0.0,0.47,45.45,0.09,0.04,5.89,60.14,0,,0,,0,0.0,0.0,0.0,,,0.38,,,0.0,0.0,0.0,0.0,0,0
 Y. Aizawa,,Roasso Kumamoto,LCB,25,0,,11,970,0,0.02,0,0.15,16.52,57.87,Japan,Japan,left,178,70,no,9.84,6.59,66.2,5.2,58.93,0.37,0.52,0.56,5.1,7.21,0.84,2,0.19,0,0.0,0.65,0.0,0,0.0,0.0,0,0.0,1,0.09,0.0,0.0,0.0,0.84,33.33,0.84,33.33,0.0,0.0,0.09,0.84,33.33,2.32,44.0,0.19,0.37,0.19,48.25,0.19,1.11,61.7,83.76,30.8,75.0,5.75,95.16,15.68,94.08,54.37,90.61,6.59,32.39,18.13,41.35,0.01,0.19,0.0,0.0,0.09,100.0,0.09,10.76,61.21,1.3,50.0,0.74,12.5,0.19,0.28,9.93,68.22,0,,0,,0,0.0,0.0,0.0,,,1.02,,,0.0,0.0,0.0,0.0,0,0
S. Teranuma,Tokyo Verdy,Mito Hollyhock,CF,25,0,2028-06-30,38,1757,7,6.68,0,1.3,38.37,30.84,Japan,Japan,right,188,88,no,4.05,3.33,47.69,15.37,39.33,0.26,0.35,0.15,2.2,3.05,2.15,1,0.05,0,0.0,1.43,0.36,7,0.36,0.34,4,0.2,49,2.51,36.73,14.286,0.0,0.2,25.0,0.05,100.0,0.15,0.0,0.05,1.18,30.43,11.88,18.1,4.3,0.41,0.1,7.58,2.66,0.97,14.65,69.23,3.33,61.54,3.28,81.25,3.12,67.21,14.29,70.25,0.15,33.33,12.34,1.49,0.07,0.56,0.0,0.0,0.15,66.67,0.31,1.74,47.06,0.46,55.56,0.1,100.0,0.61,0.05,1.18,65.22,0,,0,,0,0.0,0.0,0.0,,,0.0,,,0.0,0.0,0.0,0.0,0,0
M. Nagakura,Tokyo,Thespa Gunma,CF,26,0,,20,1857,4,5.36,1,1.53,24.47,39.6,Japan,Japan,right,177,72,no,5.67,4.36,56.67,4.6,45.26,0.15,0.16,0.24,3.05,3.42,1.36,2,0.1,0,0.0,3.15,0.19,4,0.19,0.26,1,0.05,36,1.74,44.44,11.111,0.05,0.97,25.0,0.68,28.57,0.29,16.67,0.1,4.31,44.94,11.78,31.69,3.25,3.0,2.04,21.08,1.74,1.79,28.98,83.78,4.94,70.59,11.73,91.74,7.12,79.59,27.58,86.82,0.58,16.67,14.9,19.92,0.07,0.92,0.05,0.0,0.39,50.0,0.39,1.7,71.43,1.45,46.67,0.48,30.0,0.63,0.29,2.18,53.33,0,,0,,0,0.0,0.0,0.0,,,0.0,,,0.0,0.0,0.0,0.0,0,0
Hyon Rio,Sagan Tosu,Tokushima Vortis,RCMF,22,0,,19,1105,0,0.9,3,1.0,15.23,47.06,Korea Republic,Korea Republic,left,171,61,no,5.62,5.05,59.68,0.98,16.67,0.08,0.12,0.08,2.52,3.59,0.57,0,0.0,0,0.0,2.85,0.0,0,0.0,0.07,0,0.0,16,1.3,37.5,0.0,0.24,1.87,52.17,0.16,0.0,1.63,60.0,0.08,2.69,51.52,7.33,42.22,1.06,1.63,0.24,25.41,0.65,1.3,34.86,85.75,7.57,68.82,9.37,96.52,10.83,88.72,31.85,89.26,1.22,46.67,16.36,21.54,0.08,0.81,0.08,0.0,0.16,0.0,0.73,2.69,69.7,2.12,53.85,0.24,0.0,0.57,0.9,3.58,63.64,0,,0,,0,0.0,0.0,0.0,,,0.49,,,0.0,0.0,0.0,0.0,0,0
O. Sunday,RB Omiya Ardija,Tokushima Vortis,RB,23,0,,1,98,0,0.09,0,0.0,24.8,55.56,Nigeria,Nigeria,right,178,68,no,18.37,11.94,76.92,4.59,60.0,0.0,0.0,0.0,9.18,18.75,0.92,0,0.0,0,0.0,0.0,0.0,0,0.0,0.08,0,0.0,2,1.84,0.0,0.0,0.0,0.92,0.0,0.0,0.0,0.92,0.0,0.0,1.84,0.0,8.27,22.22,0.92,0.92,1.84,16.53,0.0,0.0,29.39,65.63,10.1,18.18,5.51,100.0,8.27,88.89,28.47,67.74,0.0,0.0,13.24,0.0,0.0,0.0,0.0,0.0,0.0,0.0,0.0,2.76,100.0,0.92,0.0,0.0,0.0,0.0,0.0,5.51,33.33,0,,0,,0,0.0,0.0,0.0,,,0.0,,,0.0,0.0,0.0,0.0,0,0
H. Tanaka,Tokyo,Tokushima Vortis,GK,27,0,,7,678,0,0.0,0,0.0,0.93,85.71,Japan,Japan,right,184,82,no,1.59,0.13,100.0,0.53,100.0,0.13,0.23,0.0,1.33,2.33,0.0,0,0.0,0,0.0,0.0,0.0,0,0.0,0.0,0,0.0,0,0.0,0.0,0.0,0.0,0.0,0.0,0.0,0.0,0.0,0.0,0.0,0.0,0.0,0.0,0.0,0.0,0.0,0.0,20.31,0.27,0.13,31.46,93.25,10.62,81.25,0.0,0.0,18.45,99.28,25.22,100.0,6.24,65.96,24.69,48.11,0.0,0.0,0.0,0.0,0.0,0.0,0.0,1.99,60.0,0.13,0.0,0.13,0.0,0.0,0.0,4.38,84.85,9,1.19,35,4.65,1,74.29,10.35,1.37,1.35,0.179,0.0,1.59,0.53,,,,0.0,0,0
K. Okamoto,Montedio Yamagata,Thespa Gunma,RB,22,0,2027-06-30,30,2711,4,1.62,0,0.88,16.3,49.29,Japan,Japan,right,174,70,no,8.66,6.97,57.62,2.22,44.78,0.1,0.11,0.07,4.55,5.07,0.27,0,0.0,0,0.0,2.22,0.13,4,0.13,0.05,0,0.0,22,0.73,40.91,18.182,0.0,1.86,25.0,0.1,0.0,1.73,26.92,0.17,2.39,58.33,5.64,42.94,1.59,1.69,0.63,20.48,1.56,0.46,31.24,78.11,9.43,62.32,7.34,96.38,8.37,84.13,25.7,86.95,3.75,42.48,17.71,25.58,0.03,0.4,0.07,0.0,0.17,40.0,0.2,2.56,62.34,1.49,48.89,0.23,28.57,0.6,0.46,5.38,52.47,0,,0,,0,0.0,0.0,0.0,,,0.43,,,0.0,0.0,0.0,0.0,0,0
H. Matsuda,Hannover 96,Mito Hollyhock,LB,22,0,2028-06-30,8,708,1,0.32,1,0.77,17.03,46.27,Japan,Japan,left,174,70,no,6.61,5.34,52.38,3.56,42.86,0.13,0.16,0.13,3.69,4.65,0.64,1,0.13,0,0.0,3.94,0.13,1,0.13,0.04,1,0.13,2,0.25,50.0,50.0,0.13,4.32,44.12,4.32,44.12,0.0,0.0,0.51,3.31,57.69,6.1,47.92,0.38,1.53,1.27,22.12,1.02,1.53,31.14,69.8,9.66,56.58,4.83,92.11,9.41,67.57,22.12,82.18,5.08,32.5,21.34,38.3,0.1,0.51,0.0,0.0,0.0,0.0,0.51,4.83,47.37,4.07,46.88,0.64,0.0,0.13,1.91,7.5,69.49,0,,0,,0,0.0,0.0,0.0,,,0.0,,,0.64,0.0,0.0,0.25,0,0
K. Yanagimachi,Montedio Yamagata,Mito Hollyhock,"CF, AMF",24,0,,3,97,0,0.02,0,0.03,12.99,28.57,Japan,Japan,right,176,68,no,4.64,2.78,100.0,2.78,0.0,0.0,0.0,0.0,1.86,3.33,0.93,0,0.0,0,0.0,0.0,0.0,0,0.0,0.02,0,0.0,1,0.93,0.0,0.0,0.0,0.0,0.0,0.0,0.0,0.0,0.0,0.0,0.93,0.0,5.57,16.67,1.86,0.0,0.0,11.13,0.0,0.0,14.85,87.5,1.86,100.0,1.86,100.0,5.57,100.0,14.85,87.5,0.0,0.0,25.23,0.0,0.03,1.86,0.0,0.0,0.0,0.0,0.93,0.93,100.0,0.93,100.0,0.0,0.0,2.78,0.0,0.93,100.0,0,,0,,0,0.0,0.0,0.0,,,0.93,,,0.0,0.0,0.0,0.0,0,0
K. Takagishi,Olympic,Mito Hollyhock,"RCMF, LCMF, LDMF",26,0,,6,213,0,0.18,0,0.22,13.94,42.42,Japan,Japan,right,177,67,no,5.49,5.07,50.0,2.11,60.0,0.0,0.0,0.42,2.96,3.44,1.27,0,0.0,0,0.0,1.27,0.0,0,0.0,0.08,0,0.0,6,2.54,0.0,0.0,0.0,0.85,100.0,0.85,100.0,0.0,0.0,0.0,1.69,25.0,4.23,30.0,0.85,1.69,0.42,43.94,0.0,0.0,55.35,86.26,11.83,53.57,5.49,100.0,27.46,95.38,49.01,87.93,5.92,71.43,18.3,32.59,0.09,1.27,0.0,0.0,0.85,0.0,0.42,7.18,88.24,2.96,57.14,0.85,50.0,1.27,0.42,7.61,83.33,0,,0,,0,0.0,0.0,0.0,,,0.0,,,0.0,0.0,0.0,0.0,0,0
K. Mori,Albirex Niigata,Tokushima Vortis,"RCB, LCB",27,0,,32,3044,0,0.39,0,0.21,13.84,60.04,Japan,Japan,right,183,74,no,9.58,5.56,71.28,4.55,58.44,0.33,0.45,0.71,5.29,7.33,0.41,2,0.06,0,0.0,0.18,0.0,0,0.0,0.01,0,0.0,3,0.09,0.0,0.0,0.0,0.0,0.0,0.0,0.0,0.0,0.0,0.0,0.41,42.86,0.98,33.33,0.35,0.68,0.03,43.64,0.3,0.24,57.62,88.3,22.71,76.04,3.19,97.22,27.35,97.73,51.65,92.79,5.97,49.5,21.17,39.21,0.01,0.06,0.0,0.03,0.03,0.0,0.0,6.45,69.72,0.56,10.53,0.71,20.83,0.09,0.0,8.52,64.58,0,,0,,0,0.0,0.0,0.0,,,1.92,,,0.03,0.0,0.0,0.0,0,0
Y. Nakata,,Thespa Gunma,LCMF,23,0,,1,97,0,0.0,0,0.0,19.48,57.14,Japan,Japan,right,183,73,no,5.57,3.71,50.0,7.42,50.0,0.0,0.0,0.0,3.71,7.5,0.0,0,0.0,0,0.0,0.93,0.0,0,0.0,0.0,0,0.0,0,0.0,0.0,0.0,0.0,0.0,0.0,0.0,0.0,0.0,0.0,0.0,2.78,33.33,5.57,50.0,0.0,0.0,0.0,5.57,0.0,0.93,13.92,73.33,2.78,66.67,0.93,100.0,5.57,66.67,12.99,78.57,0.93,0.0,15.3,21.18,0.0,0.0,0.0,0.0,0.0,0.0,0.0,1.86,50.0,0.0,0.0,0.0,0.0,0.93,0.0,3.71,50.0,0,,0,,0,0.0,0.0,0.0,,,0.0,,,0.0,0.0,0.0,0.0,0,0
Y. Tanabe,Mito Hollyhock,Mito Hollyhock,LCB,24,0,2027-06-30,9,760,0,0.44,0,0.01,15.63,50.76,Japan,Japan,left,180,73,no,8.53,5.8,67.35,5.8,38.78,0.0,0.0,0.83,4.62,5.85,1.18,1,0.12,0,0.0,0.59,0.0,0,0.0,0.05,0,0.0,3,0.36,66.67,0.0,0.0,0.0,0.0,0.0,0.0,0.0,0.0,0.0,0.36,100.0,0.95,37.5,0.59,0.0,0.0,35.88,0.24,0.36,50.8,87.18,23.33,78.68,1.54,100.0,21.67,95.63,43.82,92.43,6.99,54.24,20.86,40.2,0.0,0.12,0.0,0.0,0.12,0.0,0.12,6.39,62.96,0.59,20.0,0.59,0.0,0.36,0.0,9.36,69.62,0,,0,,0,0.0,0.0,0.0,,,0.59,,,0.0,0.0,0.0,0.0,0,0
A. Yamanaka,Iwaki,Thespa Gunma,"LW, RW",25,0,2028-06-30,31,1862,0,2.15,2,2.05,22.28,42.52,Japan,Japan,left,173,68,no,5.22,4.4,50.55,3.0,29.03,0.15,0.17,0.1,2.85,3.27,1.16,1,0.05,0,0.0,5.51,0.0,0,0.0,0.1,0,0.0,17,0.82,29.41,0.0,0.1,5.46,23.89,4.79,24.24,0.68,21.43,1.16,6.53,58.52,12.57,44.23,2.13,2.8,0.87,19.58,1.6,1.35,28.81,71.14,5.56,58.26,8.85,96.72,8.6,57.87,21.8,85.37,1.79,35.14,20.39,22.81,0.1,0.77,0.1,0.05,0.24,60.0,0.58,1.74,72.22,4.06,38.1,0.34,71.43,0.73,1.5,4.98,68.93,0,,0,,0,0.0,0.0,0.0,,,0.19,,,0.15,0.0,0.0,0.05,0,0
K. Chiba,Shimizu S-Pulse,Tokushima Vortis,"CF, RWF, LCMF",23,0,,8,154,0,0.0,0,0.22,15.19,15.38,Japan,Japan,right,178,74,no,3.51,1.75,66.67,4.68,0.0,0.0,0.0,0.0,2.34,4.8,2.34,0,0.0,0,0.0,1.75,0.0,0,0.0,0.0,0,0.0,0,0.0,0.0,0.0,0.0,0.58,100.0,0.58,100.0,0.0,0.0,0.58,1.75,66.67,5.84,20.0,3.51,0.58,0.0,11.1,0.58,0.0,16.36,82.14,3.51,66.67,5.26,88.89,2.92,100.0,15.78,81.48,0.0,0.0,10.05,0.0,0.13,1.75,0.0,0.0,0.58,0.0,0.58,1.17,50.0,0.58,100.0,0.58,0.0,0.58,0.58,0.58,100.0,0,,0,,0,0.0,0.0,0.0,,,0.0,,,0.0,0.0,0.0,0.0,0,0
H. Motoyama,Fagiano Okayama,Fagiano Okayama,"RCB, RB",27,0,2028-06-30,34,1978,1,0.46,1,0.94,15.65,60.47,Japan,Japan,right,171,71,no,8.87,7.1,75.64,3.64,41.25,0.36,0.51,0.27,3.14,4.39,0.59,2,0.09,0,0.0,1.27,0.05,1,0.05,0.02,1,0.05,10,0.46,20.0,10.0,0.05,0.77,58.82,0.05,0.0,0.68,66.67,0.23,1.05,52.17,2.5,43.64,0.68,1.0,0.36,28.21,0.46,0.82,42.04,84.42,17.06,74.93,4.37,92.71,14.33,93.97,36.08,89.03,5.32,57.26,18.41,28.65,0.04,0.36,0.05,0.0,0.36,50.0,0.23,6.05,70.68,1.14,48.0,0.86,26.32,0.18,0.36,8.37,65.76,0,,0,,0,0.0,0.0,0.0,,,0.91,,,0.05,0.0,0.0,0.0,0,0
T. Sakai,,Roasso Kumamoto,"LCB, CB",27,0,,4,126,0,0.0,0,0.0,20.71,55.17,Japan,Japan,unknown,0,0,no,14.29,9.29,53.85,5.71,75.0,2.14,3.21,0.0,7.14,10.71,3.57,0,0.0,0,0.0,0.71,0.0,0,0.0,0.0,0,0.0,0,0.0,0.0,0.0,0.0,0.0,0.0,0.0,0.0,0.0,0.0,0.0,0.71,100.0,0.71,100.0,0.0,1.43,0.0,37.86,0.0,2.14,53.57,85.33,30.71,79.07,2.14,100.0,15.71,95.45,47.14,87.88,6.43,66.67,21.23,47.61,0.0,0.0,0.0,0.0,0.0,0.0,0.0,12.86,72.22,2.86,50.0,0.0,0.0,1.43,0.0,17.14,91.67,0,,0,,0,0.0,0.0,0.0,,,0.71,,,0.0,0.0,0.0,0.0,0,0
S. Takashima,Kamatamare Sanuki,Tochigi SC,"RCB, LCB",26,0,,5,335,0,0.0,1,0.32,17.19,57.81,Japan,Japan,,182,77,no,6.72,6.18,60.87,8.33,54.84,0.0,0.0,1.07,2.96,3.75,0.81,0,0.0,0,0.0,0.81,0.0,0,0.0,0.0,0,0.0,1,0.27,0.0,0.0,0.27,0.54,50.0,0.0,0.0,0.54,50.0,0.0,1.07,50.0,1.88,42.86,0.54,0.0,0.0,22.84,1.07,0.54,36.27,82.22,16.39,70.49,4.03,86.67,13.16,95.92,27.4,88.24,8.33,64.52,26.27,33.02,0.09,0.54,0.0,0.0,0.0,0.0,0.27,8.87,69.7,1.34,60.0,1.07,25.0,1.34,0.27,11.28,69.05,0,,0,,0,0.0,0.0,0.0,,,1.88,,,0.0,0.0,0.0,0.0,0,0
A. Toyoda,Sagan Tosu,Roasso Kumamoto,"RB, LB, LW",25,0,,10,334,0,0.15,0,0.14,29.37,55.96,Japan,Japan,,171,67,no,16.98,15.63,65.52,2.16,75.0,0.54,0.72,0.27,6.2,8.31,0.81,0,0.0,0,0.0,2.43,0.0,0,0.0,0.04,0,0.0,4,1.08,25.0,0.0,0.0,1.89,0.0,0.27,0.0,1.62,0.0,0.81,4.04,53.33,9.43,45.71,1.08,1.08,0.27,38.26,0.81,0.81,52.54,81.03,14.55,64.81,13.2,89.8,14.82,80.0,47.69,88.14,2.96,18.18,14.35,21.46,0.04,0.54,0.0,0.0,0.81,0.0,0.27,5.39,60.0,2.96,18.18,0.81,0.0,0.54,0.0,5.93,54.55,0,,0,,0,0.0,0.0,0.0,,,0.27,,,0.54,0.0,0.0,0.0,0,0
K. Miyazaki,,Roasso Kumamoto,"RCB, LCB",25,0,,2,23,0,0.0,0,0.0,,,Japan,Japan,right,183,75,no,,,,,,,5.0,,,5.0,,0,,0,,,,0,,,0,,0,,,0.0,,,,,,,,,,,,,,,,,,,,,,,,,,,,,,,9.63,0.0,,,,,,,,,,,,,,,,,,0,,0,,0,0.0,0.0,,,,,,,,,,,0,0
S. Osaki,Parceiro Nagano,Roasso Kumamoto,"CF, LWF",26,0,,25,584,0,1.5,1,1.0,40.84,33.21,Japan,Japan,right,189,80,yes,5.39,4.78,51.61,10.48,39.71,0.77,1.24,0.31,2.16,3.47,2.62,2,0.31,0,0.0,4.32,0.0,0,0.0,0.23,0,0.0,10,1.54,30.0,0.0,0.15,0.77,20.0,0.46,33.33,0.31,0.0,0.0,7.86,45.1,19.57,29.92,3.24,1.54,0.77,13.41,1.85,1.39,21.58,77.86,3.54,60.87,6.32,87.8,4.16,74.07,20.5,81.2,0.31,0.0,12.75,1.23,0.15,1.39,0.0,0.0,0.31,50.0,1.08,0.92,50.0,2.31,66.67,0.31,50.0,2.16,0.15,1.54,50.0,0,,0,,0,0.0,0.0,0.0,,,0.0,,,0.0,0.0,0.0,0.0,0,0
W. Hiramatsu,Vanraure Hachinohe,Tochigi SC,CB,26,0,,29,2795,0,1.44,0,0.12,14.59,61.15,Japan,Japan,right,182,74,no,8.57,5.73,66.85,4.99,51.61,0.52,0.68,0.58,4.22,5.54,1.06,4,0.13,0,0.0,0.26,0.0,0,0.0,0.05,0,0.0,12,0.39,25.0,0.0,0.0,0.1,33.33,0.0,0.0,0.1,33.33,0.0,0.13,100.0,0.68,57.14,0.81,0.23,0.0,17.07,0.13,0.45,28.79,86.91,10.47,76.92,1.55,93.75,14.26,94.81,23.67,90.61,5.02,70.51,24.04,41.0,0.0,0.03,0.03,0.0,0.0,0.0,0.0,4.31,76.12,0.45,35.71,0.29,22.22,0.13,0.03,6.12,69.47,0,,0,,0,0.0,0.0,0.0,,,0.77,,,0.0,0.0,0.0,0.0,0,0
R. Takada,Vegalta Sendai,Blaublitz Akita,RB,26,0,,40,3905,0,1.31,3,5.96,19.57,55.24,Japan,Japan,right,173,72,no,10.28,7.74,64.58,4.82,55.02,0.28,0.36,0.3,5.0,6.42,0.74,4,0.09,0,0.0,2.74,0.0,0,0.0,0.03,0,0.0,32,0.74,15.63,0.0,0.07,3.46,36.67,0.07,33.33,3.36,36.3,0.76,2.42,55.24,4.24,45.65,0.53,0.62,0.46,9.47,0.32,0.69,24.2,62.48,12.95,55.34,2.77,88.33,5.85,61.42,15.23,75.64,5.72,43.15,22.61,36.85,0.14,1.11,0.05,0.0,0.09,25.0,0.44,5.92,52.14,4.06,43.18,0.51,36.36,0.67,1.45,7.63,69.79,0,,0,,0,0.0,0.0,0.0,,,0.78,,,0.25,0.0,0.0,1.06,0,0
Y. Fujita,Sydney Olympic,Blaublitz Akita,"LW, RW",26,0,,2,47,0,0.12,0,0.0,44.04,39.13,Japan,Japan,right,170,68,no,7.66,9.57,80.0,0.0,0.0,0.0,0.0,0.0,0.0,0.0,0.0,0,0.0,0,0.0,5.74,0.0,0,0.0,0.24,0,0.0,1,1.91,0.0,0.0,0.0,7.66,25.0,7.66,25.0,0.0,0.0,0.0,11.49,33.33,26.81,14.29,1.91,0.0,0.0,3.83,0.0,1.91,26.81,64.29,5.74,66.67,9.57,100.0,5.74,33.33,17.23,77.78,1.91,100.0,12.84,8.76,0.0,0.0,0.0,0.0,0.0,0.0,0.0,0.0,0.0,7.66,50.0,0.0,0.0,1.91,1.91,7.66,75.0,0,,0,,0,0.0,0.0,0.0,,,0.0,,,0.0,0.0,0.0,9.57,0,0
K. Kambe,Sagamihara,Tochigi SC,"LCMF, RCMF, DMF",26,0,,22,1281,0,0.4,0,0.21,12.3,52.57,Japan,Japan,right,170,63,no,8.43,6.25,59.55,1.41,55.0,0.42,0.49,0.42,4.29,5.01,1.19,1,0.07,1,0.07,0.49,0.0,0,0.0,0.03,0,0.0,12,0.84,0.0,0.0,0.0,0.56,25.0,0.35,40.0,0.14,0.0,0.14,0.63,44.44,2.25,31.25,0.14,0.21,0.0,18.48,0.07,0.42,30.63,79.13,10.47,63.76,2.95,88.1,12.01,89.47,25.08,84.87,4.99,56.34,20.06,30.56,0.02,0.14,0.07,0.0,0.07,100.0,0.07,5.34,68.42,1.48,52.38,0.84,41.67,0.56,0.21,5.2,63.51,0,,0,,0,0.0,0.0,0.0,,,0.28,,,0.07,0.0,0.0,0.0,0,0
Y. Kajiya,Tokushima Vortis,Blaublitz Akita,CF,26,0,,38,1978,2,5.61,2,2.25,29.62,37.79,Japan,Japan,right,181,81,no,4.23,3.0,60.61,10.56,40.95,0.09,0.12,0.09,2.32,3.17,1.23,1,0.05,0,0.0,2.5,0.09,2,0.09,0.26,0,0.0,50,2.28,22.0,4.0,0.09,1.27,28.57,0.46,20.0,0.82,33.33,0.05,3.37,45.95,10.01,33.64,4.69,1.23,0.68,12.6,2.5,0.77,22.11,70.16,6.64,57.53,4.96,86.24,4.41,67.01,20.16,73.36,0.86,47.37,13.87,9.13,0.1,0.82,0.0,0.0,0.41,22.22,0.46,2.68,61.02,2.14,46.81,0.32,28.57,1.27,0.36,3.05,76.12,0,,0,,0,0.0,0.0,0.0,,,0.0,,,0.0,0.0,0.0,0.0,0,0
S. Omori,Mito Hollyhock,Tochigi SC,LCB,26,0,,36,3066,1,0.36,1,3.47,11.36,60.21,Japan,Japan,left,177,70,no,8.54,5.23,73.03,2.7,47.83,0.5,0.58,0.21,4.23,4.94,0.65,2,0.06,0,0.0,1.32,0.03,1,0.03,0.01,0,0.0,8,0.23,12.5,12.5,0.03,1.47,48.0,1.2,43.9,0.26,66.67,0.21,0.7,70.83,1.5,56.86,0.18,0.7,0.26,22.84,0.32,0.47,37.72,79.22,17.82,69.36,3.02,89.32,12.06,88.81,28.88,87.3,7.57,54.65,22.01,38.69,0.1,0.62,0.03,0.03,0.09,100.0,0.09,6.75,69.13,1.59,53.7,0.41,28.57,0.35,0.59,9.95,67.26,0,,0,,0,0.0,0.0,0.0,,,0.32,,,0.85,0.06,50.0,1.67,0,0
K. Miyazaki,Vegalta Sendai,Tochigi SC,"CF, RW",26,0,,29,1220,2,3.72,0,0.58,28.99,37.91,Japan,Japan,right,184,82,no,3.69,1.99,66.67,13.43,45.6,0.15,0.19,0.15,2.21,2.88,1.62,2,0.15,0,0.0,1.48,0.15,2,0.15,0.27,1,0.07,27,1.99,40.74,7.407,0.0,0.44,0.0,0.15,0.0,0.3,0.0,0.07,1.62,40.91,7.16,20.62,3.32,0.44,0.15,8.63,2.14,0.37,14.75,59.5,3.69,40.0,3.32,80.0,4.72,57.81,13.2,62.57,1.18,43.75,14.43,12.8,0.04,0.37,0.0,0.0,0.07,0.0,0.07,1.99,51.85,1.11,40.0,0.22,0.0,0.44,0.0,1.4,52.63,0,,0,,0,0.0,0.0,0.0,,,0.0,,,0.0,0.0,0.0,0.0,0,0
T. Semba,Mito Hollyhock,Fagiano Okayama,"LCMF, RCMF",26,0,2026-06-30,38,2384,2,2.38,1,0.73,16.57,48.75,Japan,Japan,right,164,61,yes,7.55,6.49,62.21,1.66,38.64,0.49,0.66,0.3,3.02,4.07,1.32,4,0.15,0,0.0,1.96,0.08,2,0.08,0.09,0,0.0,39,1.47,20.51,5.128,0.04,0.72,47.37,0.38,70.0,0.34,22.22,0.15,2.0,49.06,5.63,40.27,0.91,1.13,0.64,26.24,0.42,0.83,39.41,81.7,12.16,66.46,8.23,96.33,10.87,85.76,33.79,86.7,4.95,52.67,18.32,30.84,0.03,0.57,0.11,0.0,0.6,56.25,0.11,6.15,66.26,2.3,54.1,1.51,32.5,1.02,0.3,5.78,65.36,0,,0,,0,0.0,0.0,0.0,,,0.15,,,0.3,0.0,0.0,0.76,0,0
T. Ezaki,Júbilo Iwata,Roasso Kumamoto,CB,26,0,,40,3822,4,2.04,0,0.34,18.39,62.87,Japan,Japan,right,177,68,no,11.33,8.17,70.61,4.47,53.68,0.21,0.3,0.68,5.35,7.48,0.89,6,0.14,0,0.0,0.35,0.09,4,0.09,0.05,0,0.0,12,0.28,41.67,33.333,0.0,0.14,50.0,0.02,0.0,0.12,60.0,0.02,0.21,55.56,1.46,51.61,0.57,0.64,0.05,50.51,0.19,0.75,70.48,90.01,21.85,75.54,2.07,88.64,39.25,97.9,64.8,94.19,5.53,42.13,20.1,43.36,0.01,0.14,0.0,0.02,0.09,50.0,0.05,5.68,56.02,0.92,23.08,0.54,30.43,0.14,0.05,7.54,58.13,0,,0,,0,0.0,0.0,0.0,,,0.99,,,0.02,0.02,0.0,0.0,0,0
Y. Toshida,Tegevajaro Miyazaki,Roasso Kumamoto,"CF, LWF",26,0,,16,334,1,1.54,0,0.31,28.83,35.51,Japan,Japan,right,182,76,no,5.12,2.96,63.64,13.47,44.0,0.54,0.82,0.27,2.69,4.11,1.89,1,0.27,0,0.0,0.81,0.27,1,0.27,0.41,0,0.0,8,2.16,25.0,12.5,0.0,1.62,16.67,0.81,0.0,0.81,33.33,0.0,0.54,0.0,7.28,11.11,3.23,0.54,0.27,12.66,2.43,0.81,19.13,67.61,4.58,41.18,6.47,91.67,4.04,60.0,17.51,72.31,0.0,0.0,14.35,0.0,0.08,0.54,0.0,0.0,0.0,0.0,0.0,0.54,0.0,1.62,33.33,0.0,0.0,0.54,0.27,2.43,44.44,0,,0,,0,0.0,0.0,0.0,,,0.0,,,0.0,0.0,0.0,0.0,0,0
T. Higashiyama,,Roasso Kumamoto,"LWF, LW, RW",27,0,,20,669,1,1.07,1,0.22,15.74,40.17,Japan,Japan,left,167,69,no,5.38,5.65,64.29,1.61,25.0,0.27,0.38,0.0,1.48,2.12,0.54,0,0.0,0,0.0,1.88,0.13,1,0.13,0.14,0,0.0,8,1.08,25.0,12.5,0.13,3.63,25.93,3.23,20.83,0.4,66.67,0.94,2.29,29.41,6.73,24.0,3.23,0.54,0.54,30.81,1.35,0.67,36.59,83.09,5.52,80.49,11.97,95.51,8.61,70.31,32.42,90.46,0.54,25.0,13.79,6.37,0.03,0.67,0.0,0.0,0.0,0.0,0.13,2.15,68.75,2.96,36.36,0.13,0.0,1.08,1.08,3.36,88.0,0,,0,,0,0.0,0.0,0.0,,,0.0,,,0.0,0.0,0.0,0.0,0,0
R. Tabei,Fagiano Okayama,Fagiano Okayama,"LCMF, RCMF",26,0,,36,2114,2,1.55,2,2.35,14.9,58.57,Japan,Japan,left,172,68,no,8.73,6.6,72.26,1.45,47.06,0.17,0.22,0.26,3.79,5.0,0.77,3,0.13,0,0.0,1.49,0.09,2,0.09,0.07,0,0.0,24,1.02,29.17,8.333,0.09,1.15,33.33,0.98,30.43,0.13,33.33,0.0,1.15,59.26,4.26,51.0,1.11,0.21,0.13,23.07,0.26,1.53,35.08,84.83,9.03,69.34,8.68,98.04,10.09,88.61,31.25,90.33,2.85,43.28,16.78,31.57,0.1,1.06,0.0,0.09,0.17,75.0,0.21,3.75,67.05,1.79,42.86,0.6,35.71,0.6,0.3,4.47,73.33,0,,0,,0,0.0,0.0,0.0,,,0.72,,,1.49,0.17,0.0,2.47,0,0
I. Fujita,Gainare Tottori,Roasso Kumamoto,"RB, RCMF",26,0,,22,1264,0,0.7,0,0.69,17.37,54.51,Japan,Japan,right,175,72,no,9.47,7.33,71.84,2.71,47.37,0.21,0.32,0.14,3.99,5.89,0.64,0,0.0,0,0.0,1.57,0.0,0,0.0,0.05,0,0.0,9,0.64,33.33,0.0,0.0,1.5,33.33,0.14,50.0,1.35,31.58,0.07,1.14,75.0,4.2,42.37,0.78,0.28,0.14,43.93,0.5,1.0,55.54,82.44,18.01,69.96,10.4,94.52,16.16,87.22,49.49,87.63,4.56,42.19,17.9,35.12,0.05,0.5,0.0,0.0,0.0,0.0,0.43,7.69,63.89,2.99,35.71,0.36,20.0,0.71,0.5,7.97,77.68,0,,0,,0,0.0,0.0,0.0,,,0.21,,,0.0,0.0,0.0,0.07,0,0
M. Igarashi,,Tochigi SC,"RWF, RWB",27,0,,2,27,0,0.0,0,0.05,,,Japan,Japan,right,176,70,no,,,,,,,11.25,,,11.25,,0,,0,,,,0,,,0,,0,,,0.0,,,,,,,,,,,,,,,,,,,,,,,,,,,,,,,18.49,0.0,,,,,,,,,,,,,,,,,,0,,0,,0,0.0,0.0,,,,,,,,,,,0,0
R. Tashiro,Albirex Niigata,Roasso Kumamoto,GK,27,0,,41,3985,0,0.08,0,0.0,0.79,77.14,Japan,Japan,right,185,88,no,1.56,0.11,20.0,0.43,94.74,0.05,0.06,0.0,1.49,2.07,0.02,4,0.09,0,0.0,0.02,0.0,0,0.0,0.0,0,0.0,1,0.02,100.0,0.0,0.0,0.0,0.0,0.0,0.0,0.0,0.0,0.0,0.0,0.0,0.14,83.33,0.02,0.0,0.0,8.38,0.05,0.18,15.88,86.49,7.59,75.0,0.0,0.0,7.11,97.46,11.72,97.88,4.16,54.35,28.37,52.33,0.0,0.0,0.0,0.0,0.0,0.0,0.0,1.31,51.72,0.09,25.0,0.02,0.0,0.02,0.0,3.14,69.06,53,1.2,171,3.86,10,69.01,54.66,1.23,1.66,0.037,0.0,1.58,0.43,,,,0.0,0,0
I. Sakamoto,Westerlo,Fagiano Okayama,"CF, AMF",22,0,2028-06-30,24,1424,4,4.36,1,1.81,20.54,33.85,Japan,Japan,right,173,66,no,3.22,3.35,49.06,1.83,13.79,0.13,0.17,0.13,1.45,1.91,1.52,1,0.06,0,0.0,2.91,0.25,4,0.25,0.28,0,0.0,34,2.15,35.29,11.765,0.06,0.13,50.0,0.06,0.0,0.06,100.0,0.06,3.54,55.36,11.19,37.85,3.35,1.2,0.38,12.39,1.14,0.88,19.34,83.33,3.67,75.86,5.81,89.13,4.23,89.55,19.15,83.5,0.06,100.0,12.91,1.25,0.11,0.7,0.0,0.0,0.32,40.0,0.51,1.33,85.71,0.95,73.33,0.25,50.0,0.95,0.06,1.64,69.23,0,,0,,0,0.0,0.0,0.0,,,0.0,,,0.0,0.0,0.0,0.0,1,0
Y. Takemoto,Ehime,Roasso Kumamoto,"LWB, LB, LCMF",28,0,,42,3393,2,2.55,5,2.7,16.23,45.26,Japan,Japan,right,176,70,no,8.78,5.73,58.33,2.41,34.07,1.01,1.39,0.16,4.43,6.11,0.56,2,0.05,0,0.0,2.18,0.05,2,0.05,0.07,0,0.0,61,1.62,32.79,3.279,0.13,1.96,29.73,1.67,30.16,0.29,27.27,0.29,1.94,39.73,5.41,36.27,1.33,1.17,0.32,48.62,0.45,0.58,59.81,85.45,17.64,73.53,13.61,95.32,15.33,87.2,54.32,89.65,3.58,51.11,15.39,34.82,0.07,0.77,0.03,0.08,0.74,39.29,0.42,6.82,69.65,3.47,51.91,1.19,48.89,1.27,0.64,7.37,71.22,0,,0,,0,0.0,0.0,0.0,,,0.19,,,0.0,0.0,0.0,0.05,0,0
Y. Yamashita,Ehime,Tokushima Vortis,"RDMF, RCMF, DMF",25,0,,5,175,0,0.01,0,0.01,12.86,40.0,Japan,Japan,left,179,72,no,5.66,3.09,33.33,4.11,37.5,0.51,1.36,0.0,4.11,10.91,0.51,0,0.0,0,0.0,0.51,0.0,0,0.0,0.0,0,0.0,1,0.51,0.0,0.0,0.0,0.51,0.0,0.0,0.0,0.51,0.0,0.0,1.03,50.0,3.09,66.67,0.51,2.06,0.51,34.46,0.0,1.03,46.8,86.81,13.37,80.77,10.8,95.24,18.51,91.67,43.2,88.1,3.09,83.33,18.09,24.78,0.01,0.51,0.0,0.0,0.51,0.0,0.51,6.17,83.33,1.54,33.33,1.54,33.33,0.51,0.0,5.14,70.0,0,,0,,0,0.0,0.0,0.0,,,0.0,,,0.51,0.0,0.0,1.03,0,0
K. Kikuchi,Thespa Gunma,Thespa Gunma,"RB, LB",26,0,,2,28,0,0.0,0,0.0,,,Japan,Japan,,171,71,no,,,,,,,0.0,,,0.0,,0,,0,,,,0,,,0,,0,,,0.0,,,,,,,,,,,,,,,,,,,,,,,,,,,,,,,23.58,47.65,,,,,,,,,,,,,,,,,,0,,0,,0,0.0,0.0,,,,,,,,,,,0,0
F. Sugiura,,Mito Hollyhock,"LCMF, RCMF, LW",26,0,,26,1666,1,0.58,4,1.23,12.32,47.37,Japan,Japan,right,174,68,no,7.94,5.46,66.34,1.84,26.47,0.05,0.07,0.11,4.27,5.49,0.81,1,0.05,0,0.0,0.97,0.05,1,0.05,0.03,1,0.05,11,0.59,27.27,9.091,0.22,1.13,47.62,0.54,50.0,0.54,40.0,0.11,0.54,40.0,2.59,29.17,0.54,0.65,0.32,25.17,0.38,0.49,39.06,81.19,12.15,69.78,4.54,85.71,16.42,91.45,33.82,86.26,4.16,48.05,17.87,22.12,0.07,0.86,0.0,0.05,0.22,25.0,0.27,7.08,69.47,1.94,55.56,0.7,61.54,0.76,0.54,7.29,69.63,0,,0,,0,0.0,0.0,0.0,,,0.11,,,1.08,0.16,33.33,1.67,0,0
S. Maeda,,Fujieda MYFC,RB,24,0,,1,34,0,0.0,0,0.0,,,Japan,Japan,unknown,0,0,no,,,,,,,0.0,,,18.75,,0,,0,,,,0,,,0,,0,,,0.0,,,,,,,,,,,,,,,,,,,,,,,,,,,,,,,21.37,42.6,,,,,,,,,,,,,,,,,,0,,0,,0,0.0,0.0,,,,,,,,,,,0,0
R. Asakura,Fujieda MYFC,Fujieda MYFC,"AMF, LCMF, RCMF",25,0,,5,118,0,0.24,0,0.0,29.75,35.9,Japan,Japan,,0,0,no,12.2,13.73,50.0,2.29,0.0,0.0,0.0,0.76,5.34,8.08,1.53,0,0.0,0,0.0,3.05,0.0,0,0.0,0.19,0,0.0,4,3.05,25.0,0.0,0.0,0.0,0.0,0.0,0.0,0.0,0.0,0.0,3.81,60.0,9.15,33.33,3.81,2.29,0.76,30.51,0.0,1.53,45.0,76.27,16.02,61.9,9.92,76.92,12.2,93.75,43.47,75.44,1.53,100.0,11.47,6.12,0.0,0.0,0.0,0.0,1.53,0.0,0.0,3.81,80.0,0.0,0.0,1.53,0.0,0.76,0.0,6.1,50.0,0,,0,,0,0.0,0.0,0.0,,,0.0,,,0.0,0.0,0.0,0.0,0,0
H. Mizuguchi,Renofa Yamaguchi,Renofa Yamaguchi,"RCMF, LCMF",24,0,2026-06-30,4,109,0,0.0,0,0.0,23.94,44.83,Japan,Japan,,0,0,no,10.73,9.91,66.67,3.3,50.0,0.83,1.36,0.0,3.3,5.45,4.13,0,0.0,0,0.0,1.65,0.0,0,0.0,0.0,0,0.0,0,0.0,0.0,0.0,0.0,0.0,0.0,0.0,0.0,0.0,0.0,0.0,2.48,66.67,7.43,22.22,0.0,0.83,0.0,39.63,0.83,0.0,46.24,83.93,11.56,71.43,10.73,92.31,18.17,90.91,40.46,87.76,5.78,57.14,17.91,39.6,0.0,0.0,0.0,0.0,0.0,0.0,0.0,5.78,57.14,1.65,50.0,0.0,0.0,0.83,0.0,4.13,20.0,0,,0,,0,0.0,0.0,0.0,,,0.0,,,0.0,0.0,0.0,0.0,0,0
K. Nagata,Okinawa SV,Fujieda MYFC,LWB,24,0,2027-06-30,14,324,0,0.11,0,0.24,24.44,45.45,Japan,Japan,unknown,170,66,no,8.06,9.44,50.0,3.06,18.18,0.0,0.0,0.0,3.33,5.07,2.5,2,0.56,0,0.0,4.44,0.0,0,0.0,0.03,0,0.0,4,1.11,75.0,0.0,0.0,3.06,27.27,2.22,25.0,0.83,33.33,0.56,4.44,62.5,9.44,50.0,1.39,3.89,2.5,16.11,1.94,1.94,23.06,73.49,6.67,70.83,5.83,95.24,6.11,72.73,19.17,81.16,1.11,50.0,15.7,8.39,0.07,0.28,0.0,0.0,0.0,0.0,0.28,1.11,50.0,2.22,50.0,0.28,0.0,0.28,0.83,3.06,54.55,0,,0,,0,0.0,0.0,0.0,,,0.0,,,0.0,0.0,0.0,0.0,0,0
K. Nishiya,Pohang Steelers,Fujieda MYFC,"LCMF, RCMF",26,0,2026-12-31,12,940,0,0.06,0,0.4,11.97,51.2,Japan,Japan,left,175,0,yes,8.62,5.46,64.91,1.82,36.84,0.96,1.14,0.29,4.12,4.9,1.44,2,0.19,0,0.0,0.19,0.0,0,0.0,0.01,0,0.0,8,0.77,0.0,0.0,0.0,0.57,33.33,0.1,100.0,0.48,20.0,0.19,0.29,0.0,1.15,16.67,0.1,0.19,0.1,21.73,0.29,0.67,30.06,82.17,9.77,67.65,4.98,94.23,10.44,89.91,27.0,87.94,2.49,30.77,18.83,33.75,0.04,0.67,0.0,0.0,0.0,0.0,0.1,5.17,72.22,1.24,30.77,0.48,20.0,0.19,0.29,5.17,70.37,0,,0,,0,0.0,0.0,0.0,,,0.77,,,0.38,0.1,0.0,1.72,0,0
Y. Tsujioka,Avispa Fukuoka,Iwaki,LB,24,0,,7,357,0,0.0,0,0.05,24.71,70.41,Japan,Japan,left,183,83,no,15.88,10.34,82.93,8.32,66.67,0.5,0.69,0.76,6.81,9.31,0.76,0,0.0,0,0.0,1.26,0.0,0,0.0,0.0,0,0.0,0,0.0,0.0,0.0,0.0,1.51,50.0,1.51,50.0,0.0,0.0,0.25,0.76,66.67,2.77,54.55,0.0,0.0,0.0,15.38,0.0,0.5,26.97,63.55,15.38,54.1,2.77,72.73,5.55,72.73,18.91,65.33,6.55,61.54,27.01,32.46,0.01,0.25,0.0,0.0,0.0,0.0,0.25,6.05,54.17,2.27,66.67,0.5,100.0,0.76,0.76,9.08,61.11,0,,0,,0,0.0,0.0,0.0,,,0.0,,,0.0,0.0,0.0,0.0,0,0
N. Kase,Shonan Bellmare,Iwaki,"RW, RWB",26,0,,27,1215,0,0.71,2,1.14,20.0,46.67,Japan,Japan,right,167,56,no,9.19,8.96,56.2,2.37,31.25,0.37,0.51,0.07,3.78,5.17,1.11,2,0.15,0,0.0,3.19,0.0,0,0.0,0.05,0,0.0,11,0.81,9.09,0.0,0.15,4.96,25.37,0.15,50.0,4.81,24.62,0.67,3.56,50.0,6.37,44.19,1.85,1.63,1.04,14.15,1.7,1.33,23.48,60.25,7.78,56.19,3.78,90.2,6.81,51.09,16.44,73.42,2.3,41.94,17.26,23.2,0.08,0.52,0.0,0.07,0.37,20.0,0.44,2.81,47.37,5.19,40.0,0.52,14.29,1.11,1.19,5.33,68.06,0,,0,,0,0.0,0.0,0.0,,,0.0,,,0.0,0.0,0.0,0.0,0,0
M. Kaburaki,Vanraure Hachinohe,Iwaki,"LW, RDMF, LCMF",26,0,,9,415,0,0.49,0,0.0,18.43,37.65,Japan,Japan,right,173,65,no,6.72,6.07,46.43,4.34,40.0,0.0,0.0,0.43,3.9,5.51,1.52,1,0.22,0,0.0,0.43,0.0,0,0.0,0.11,0,0.0,4,0.87,0.0,0.0,0.0,0.22,0.0,0.0,0.0,0.22,0.0,0.0,3.04,14.29,5.2,20.83,1.73,0.65,0.0,12.58,0.65,0.0,24.94,66.96,10.19,55.32,5.64,76.92,2.6,75.0,21.9,69.31,2.82,53.85,13.99,20.28,0.0,0.0,0.0,0.0,0.0,0.0,0.0,4.99,56.52,0.87,75.0,0.0,0.0,1.08,0.0,4.12,68.42,0,,0,,0,0.0,0.0,0.0,,,0.0,,,0.43,0.0,0.0,0.0,0,0
I. Sakamoto,Iwaki,Iwaki,CF,21,0,,5,108,0,0.07,0,0.19,40.83,18.37,Japan,Japan,right,184,68,no,5.0,3.33,50.0,14.17,23.53,0.0,0.0,0.0,3.33,5.45,2.5,0,0.0,0,0.0,1.67,0.0,0,0.0,0.06,0,0.0,2,1.67,50.0,0.0,0.0,0.0,0.0,0.0,0.0,0.0,0.0,0.0,0.83,100.0,17.5,9.52,5.83,0.0,0.0,4.17,0.83,0.0,11.67,78.57,5.0,66.67,3.33,100.0,0.83,100.0,11.67,78.57,0.0,0.0,11.28,0.0,0.16,0.83,0.83,0.0,0.0,0.0,0.83,0.83,100.0,0.0,0.0,0.0,0.0,0.83,0.0,2.5,66.67,0,,0,,0,0.0,0.0,0.0,,,0.0,,,0.0,0.0,0.0,0.0,0,0
Y. Kondo,Tochigi SC,Iwaki,CF,23,0,,26,1000,3,2.84,0,0.08,40.23,40.72,Japan,Japan,right,182,81,no,5.04,3.06,58.82,24.75,44.0,0.27,0.39,0.0,2.97,4.25,1.89,4,0.36,0,0.0,0.9,0.27,3,0.27,0.26,1,0.09,17,1.53,29.41,17.647,0.0,0.54,16.67,0.27,33.33,0.27,0.0,0.0,0.63,57.14,6.3,28.57,2.7,0.27,0.18,6.84,2.34,0.27,15.03,61.08,5.31,47.46,2.88,81.25,2.7,70.0,13.68,62.5,0.81,66.67,16.16,8.8,0.01,0.27,0.09,0.0,0.18,0.0,0.0,2.7,50.0,1.26,35.71,0.27,33.33,0.63,0.09,1.62,72.22,0,,0,,0,0.0,0.0,0.0,,,0.0,,,0.0,0.0,0.0,0.0,0,0
K. Hirao,,Fujieda MYFC,"RCMF, AMF, LCMF",25,0,,18,1060,0,0.93,0,0.44,16.22,47.64,Japan,Japan,right,172,67,no,6.45,6.11,66.67,2.29,29.63,0.17,0.29,0.08,2.21,3.73,0.76,1,0.08,0,0.0,1.53,0.0,0,0.0,0.08,0,0.0,7,0.59,42.86,0.0,0.0,0.42,80.0,0.08,0.0,0.25,100.0,0.0,1.19,78.57,5.43,34.38,0.76,1.44,0.51,30.74,0.25,0.76,39.74,88.46,9.25,66.06,9.25,96.33,15.62,96.74,37.7,90.77,1.7,40.0,15.72,21.92,0.04,0.17,0.0,0.0,0.25,0.0,0.08,5.09,80.0,1.02,33.33,0.25,0.0,0.25,0.17,3.65,72.09,0,,0,,0,0.0,0.0,0.0,,,1.7,,,0.0,0.0,0.0,0.0,0,0
G. Uemoto,,Renofa Yamaguchi,"RCB, RB, AMF",22,0,,3,37,0,0.0,0,0.0,,,Japan,Japan,,181,78,no,,,,,,,0.0,,,3.75,,0,,0,,,,0,,,0,,0,,,0.0,,,,,,,,,,,,,,,,,,,,,,,,,,,,,,,16.88,14.9,,,,,,,,,,,,,,,,,,0,,0,,0,0.0,0.0,,,,,,,,,,,0,0
K. Kitamura,Fujieda MYFC,Fujieda MYFC,GK,25,0,,26,2551,0,0.0,0,0.0,0.71,75.0,Japan,Japan,right,178,78,no,1.52,0.0,0.0,0.56,68.75,0.0,0.0,0.0,1.52,2.02,0.0,1,0.04,0,0.0,0.04,0.0,0,0.0,0.0,0,0.0,0,0.0,0.0,0.0,0.0,0.0,0.0,0.0,0.0,0.0,0.0,0.0,0.04,100.0,0.14,100.0,0.0,0.0,0.0,20.15,0.11,0.07,28.97,82.7,14.85,71.26,0.0,0.0,12.63,94.41,20.46,96.03,8.47,50.42,31.01,51.16,0.0,0.0,0.0,0.04,0.0,0.0,0.0,3.49,50.51,0.28,12.5,0.28,12.5,0.04,0.0,6.35,65.0,43,1.52,123,4.34,6,65.04,37.15,1.31,-5.85,-0.206,0.0,1.55,0.56,,,,0.0,0,0
Hyung-Chan Choi,Renofa Yamaguchi,Renofa Yamaguchi,GK,25,0,,2,168,0,0.0,0,0.0,1.07,50.0,Korea Republic,Korea Republic,,189,82,no,3.21,0.0,0.0,0.54,100.0,0.0,0.0,0.0,3.21,3.53,0.0,0,0.0,0,0.0,0.0,0.0,0,0.0,0.0,0,0.0,0,0.0,0.0,0.0,0.0,0.0,0.0,0.0,0.0,0.0,0.0,0.0,0.0,0.0,0.0,0.0,0.0,0.0,0.0,16.61,0.54,0.0,27.86,76.92,13.39,60.0,0.0,0.0,12.32,91.3,15.0,96.43,12.86,54.17,36.58,45.21,0.0,0.0,0.0,0.0,0.0,0.0,0.0,2.68,40.0,0.0,0.0,0.0,0.0,0.0,0.0,8.04,53.33,3,1.61,9,4.82,0,66.67,1.99,1.07,-1.01,-0.541,0.0,2.14,0.54,,,,0.0,0,0
S. Hayami,Vanraure Hachinohe,Iwaki,"RCB, RB, LCB",25,0,,17,761,0,0.13,0,0.0,17.5,61.49,Japan,Japan,right,182,78,no,10.29,6.5,58.18,7.33,62.9,0.35,0.51,0.35,6.15,8.86,1.18,0,0.0,0,0.0,0.12,0.0,0,0.0,0.01,0,0.0,1,0.12,0.0,0.0,0.0,0.24,0.0,0.12,0.0,0.12,0.0,0.0,0.12,100.0,0.59,60.0,0.47,0.12,0.0,10.29,0.12,0.95,24.24,64.88,14.43,59.84,1.18,100.0,6.39,75.93,15.97,74.07,8.04,48.53,24.15,33.75,0.0,0.12,0.0,0.0,0.0,0.0,0.24,6.62,57.14,1.54,38.46,0.71,16.67,0.71,0.0,8.87,60.0,0,,0,,0,0.0,0.0,0.0,,,0.47,,,0.0,0.0,0.0,0.0,0,0
T. Kawamura,Gainare Tottori,Iwaki,"LB, LWB",25,0,,27,2081,0,1.05,0,0.93,17.0,50.38,Japan,Japan,left,177,68,no,8.74,6.53,63.58,2.72,47.62,0.0,0.0,0.04,4.58,6.61,0.61,1,0.04,0,0.0,2.34,0.0,0,0.0,0.05,0,0.0,17,0.74,0.0,0.0,0.0,3.24,40.0,3.11,38.89,0.09,50.0,0.22,2.25,46.15,4.93,39.47,1.04,1.64,0.86,22.45,0.78,0.99,34.25,74.12,14.32,64.95,6.75,97.44,7.65,67.23,27.03,83.68,4.2,36.08,18.74,31.86,0.04,0.48,0.09,0.0,0.09,0.0,0.39,5.75,51.13,4.11,40.0,0.56,7.69,0.65,1.17,7.44,72.67,0,,0,,0,0.0,0.0,0.0,,,0.43,,,0.04,0.0,0.0,0.0,0,0
K. Noyori,Renofa Yamaguchi,Renofa Yamaguchi,"LWB, RW",25,0,,22,680,1,0.75,0,0.65,23.96,47.51,Japan,Japan,right,162,58,no,9.4,9.0,60.29,1.85,28.57,1.06,1.64,0.13,2.91,4.52,1.85,2,0.26,0,0.0,4.24,0.13,1,0.13,0.1,0,0.0,16,2.12,37.5,6.25,0.0,3.84,24.14,0.93,28.57,2.91,22.73,0.93,4.76,50.0,9.53,43.06,3.31,1.99,1.32,22.5,2.25,1.99,29.38,72.52,7.15,59.26,7.41,94.64,8.07,72.13,23.82,81.67,1.72,53.85,15.82,15.97,0.09,0.93,0.0,0.13,0.26,50.0,0.4,1.59,33.33,3.18,50.0,0.4,66.67,0.79,0.93,3.57,70.37,0,,0,,0,0.0,0.0,0.0,,,0.13,,,0.13,0.0,0.0,0.66,0,0
Y. Ozeki,,Fujieda MYFC,"LCMF, RCMF, RWB",26,0,,5,90,0,0.0,0,0.01,18.0,33.33,Japan,Japan,left,170,67,no,5.0,6.0,50.0,2.0,50.0,0.0,0.0,0.0,2.0,3.75,0.0,0,0.0,0,0.0,2.0,0.0,0,0.0,0.0,0,0.0,0,0.0,0.0,0.0,0.0,1.0,100.0,0.0,0.0,1.0,100.0,0.0,3.0,33.33,5.0,20.0,0.0,1.0,0.0,24.0,0.0,0.0,33.0,84.85,6.0,66.67,5.0,100.0,13.0,92.31,31.0,87.1,1.0,0.0,19.07,6.99,0.01,1.0,0.0,0.0,0.0,0.0,1.0,3.0,66.67,2.0,50.0,1.0,0.0,0.0,1.0,4.0,100.0,0,,0,,0,0.0,0.0,0.0,,,0.0,,,0.0,0.0,0.0,2.0,0,0
K. Yamahara,Ehime,Fujieda MYFC,LCB,25,0,2027-06-30,17,1182,1,0.33,0,0.01,15.91,58.85,Japan,Japan,right,182,75,no,8.98,5.48,63.89,4.64,59.02,0.61,0.89,0.76,4.87,7.08,0.99,3,0.23,2,0.15,0.76,0.08,1,0.08,0.03,0,0.0,5,0.38,20.0,20.0,0.0,0.23,33.33,0.23,33.33,0.0,0.0,0.0,0.69,77.78,2.97,51.28,0.38,0.69,0.15,34.26,0.38,1.29,49.49,86.0,19.11,74.9,5.1,95.52,18.81,92.31,44.77,90.48,4.49,44.07,18.22,36.34,0.0,0.08,0.0,0.0,0.08,100.0,0.0,5.94,70.51,0.76,30.0,0.46,16.67,0.38,0.08,7.92,58.65,0,,0,,0,0.0,0.0,0.0,,,2.74,,,0.0,0.0,0.0,0.0,0,0
Pedro,,Fujieda MYFC,AMF,23,0,,1,17,0,0.12,0,0.0,,,Brazil,Brazil,,170,57,no,,,,,,,0.0,,,0.0,,0,,0,,,,0,,,0,,1,,,0.0,,,,,,,,,,,,,,,,,,,,,,,,,,,,,,,18.63,0.0,,,,,,,,,,,,,,,,,,0,,0,,0,0.0,0.0,,,,,,,,,,,0,0
M. Kaneura,Gainare Tottori,Fujieda MYFC,"CB, RCMF, RDMF",26,0,,7,154,0,0.0,0,0.0,25.13,41.86,Japan,Japan,right,186,75,no,13.44,12.27,57.14,9.94,35.29,1.17,1.82,1.75,5.26,8.18,5.26,2,1.17,0,0.0,0.0,0.0,0,0.0,0.0,0,0.0,0,0.0,0.0,0.0,0.0,0.0,0.0,0.0,0.0,0.0,0.0,0.0,0.0,0.0,0.58,0.0,0.0,0.0,0.0,40.32,0.0,1.17,59.03,86.14,29.22,78.0,2.92,100.0,19.87,94.12,54.35,90.32,4.68,37.5,11.75,6.55,0.0,0.0,0.0,0.0,0.0,0.0,0.0,8.18,50.0,0.58,100.0,1.17,0.0,0.58,0.0,7.6,76.92,0,,0,,0,0.0,0.0,0.0,,,0.0,,,0.0,0.0,0.0,0.0,0,0
K. Enomoto,Montedio Yamagata,Fujieda MYFC,LWB,26,0,2027-06-30,41,3841,2,5.27,4,2.83,14.93,46.31,Japan,Japan,right,165,62,no,5.37,4.64,62.63,1.03,13.64,0.07,0.1,0.12,2.39,3.44,0.49,2,0.05,0,0.0,3.21,0.05,2,0.05,0.12,0,0.0,53,1.24,26.42,3.774,0.09,1.78,28.95,1.69,26.39,0.07,66.67,0.33,4.22,55.56,7.4,43.35,2.02,2.37,1.05,19.8,1.55,0.47,25.99,80.7,5.11,65.14,7.64,96.01,8.29,77.68,22.26,86.95,2.09,55.06,17.26,28.91,0.07,0.56,0.02,0.0,0.12,20.0,0.33,1.27,83.33,2.23,43.16,0.23,40.0,0.63,0.59,3.66,61.54,0,,0,,0,0.0,0.0,0.0,,,0.28,,,0.0,0.0,0.0,0.09,0,0
T. Nakai,Verspah Oita,Fujieda MYFC,CF,27,0,2027-06-30,1,12,0,0.42,0,0.0,,,Japan,Japan,right,173,72,no,,,,,,,0.0,,,0.0,,0,,0,,,,0,,,0,,2,,,0.0,,,,,,,,,,,,,,,,,,,,,,,,,,,,,,,5.2,0.0,,,,,,,,,,,,,,,,,,0,,0,,0,0.0,0.0,,,,,,,,,,,0,0
R. Arita,Kagoshima United,Iwaki,"CF, RW",26,0,,39,3095,3,7.83,6,3.92,25.33,32.15,Japan,Japan,left,185,77,no,3.61,2.97,57.84,6.37,35.16,0.26,0.37,0.26,1.63,2.28,1.08,3,0.09,0,0.0,2.06,0.09,3,0.09,0.23,0,0.0,57,1.66,33.33,5.263,0.17,1.11,26.32,0.12,0.0,0.96,30.3,0.29,2.44,47.62,10.67,26.98,4.13,0.73,0.29,9.13,1.4,0.84,13.67,67.02,4.01,60.14,2.56,87.5,3.49,61.67,12.27,71.56,0.35,25.0,13.68,8.18,0.11,0.79,0.03,0.0,0.26,22.22,0.52,1.48,62.75,1.4,54.17,0.23,0.0,1.34,0.32,1.86,79.69,0,,0,,0,0.0,0.0,0.0,,,0.03,,,0.0,0.0,0.0,0.03,1,0
K. Tanimura,Yokohama F. Marinos,Iwaki,"CF, LW, RWB",28,0,2027-06-30,41,2654,7,7.91,4,4.18,25.06,37.75,Japan,Japan,right,181,79,no,5.12,4.48,46.21,9.33,37.09,0.44,0.62,0.17,2.61,3.67,1.8,4,0.14,0,0.0,3.02,0.24,7,0.24,0.27,0,0.0,64,2.17,32.81,10.938,0.14,1.05,41.94,0.44,46.15,0.54,37.5,0.27,3.29,54.64,8.04,35.44,4.14,1.02,0.34,13.73,2.0,0.81,19.7,68.5,7.46,60.0,3.56,90.48,4.54,70.9,17.26,71.91,1.42,47.62,16.18,19.94,0.14,0.81,0.07,0.0,0.31,22.22,0.54,2.51,47.3,2.1,54.84,0.37,36.36,1.59,0.44,4.17,78.05,0,,0,,0,0.0,0.0,0.0,,,0.03,,,0.0,0.0,0.0,0.0,0,0
D. Yamaguchi,Iwaki,Iwaki,"LW, LCMF, CF",28,0,,26,1867,4,5.21,1,1.59,21.31,43.89,Japan,Japan,right,175,68,no,7.18,5.78,55.0,6.31,45.8,0.34,0.47,0.19,3.66,5.08,1.54,2,0.1,0,0.0,1.45,0.19,4,0.19,0.25,1,0.05,41,1.98,21.95,9.756,0.05,1.35,25.0,0.92,21.05,0.39,37.5,0.19,1.64,38.24,5.64,31.62,3.86,0.72,0.34,19.81,1.01,0.82,32.06,77.89,10.32,65.89,7.38,96.08,6.22,79.84,29.12,83.11,1.64,29.41,14.42,23.1,0.08,0.87,0.05,0.1,0.29,16.67,0.24,3.52,61.64,2.07,51.16,0.43,22.22,1.21,0.34,4.43,68.48,0,,0,,0,0.0,0.0,0.0,,,0.05,,,0.0,0.0,0.0,0.0,0,0
Y. Yamashita,Mito Hollyhock,Iwaki,"LCMF, RCMF",30,0,,42,4118,3,2.11,4,7.7,10.8,48.58,Japan,Japan,left,174,73,no,6.1,4.02,63.04,2.32,36.79,0.33,0.47,0.11,3.23,4.59,0.85,2,0.04,0,0.0,0.74,0.07,2,0.04,0.05,0,0.0,25,0.55,28.0,12.0,0.09,0.74,41.18,0.5,26.09,0.24,72.73,0.15,0.46,42.86,2.01,35.87,0.55,0.22,0.04,13.05,0.11,0.35,24.7,79.73,9.92,71.59,4.0,93.44,6.12,82.5,21.68,84.98,2.27,42.31,16.55,29.7,0.17,1.62,0.04,0.04,0.15,57.14,0.17,4.72,70.83,1.46,62.69,0.26,41.67,0.66,0.31,5.27,75.1,0,,0,,0,0.0,0.0,0.0,,,0.2,,,2.4,0.2,33.33,4.41,1,100
E. Miyamoto,Fagiano Okayama,Iwaki,"RCMF, RB",27,0,,41,4041,3,1.73,2,3.46,17.31,51.61,Japan,Japan,right,173,69,no,8.69,6.01,66.3,2.56,36.52,0.09,0.13,0.27,4.61,6.5,1.07,6,0.13,0,0.0,1.89,0.07,3,0.07,0.04,0,0.0,36,0.8,30.56,8.333,0.04,1.98,29.21,0.8,30.56,1.14,29.41,0.22,1.43,56.25,5.48,42.28,0.8,0.56,0.31,20.36,0.22,1.14,37.51,74.17,15.77,61.86,6.33,91.55,9.73,80.09,29.04,83.82,6.57,44.41,19.91,36.4,0.08,0.71,0.02,0.02,0.56,48.0,0.22,7.64,57.73,3.99,48.04,1.25,41.07,1.27,0.65,8.0,72.98,0,,0,,0,0.0,0.0,0.0,,,0.47,,,0.0,0.0,0.0,0.0,0,0
R. Sugiyama,Kochi United,Iwaki,"RW, CF, RB",26,0,,12,390,0,0.17,0,0.46,29.54,37.5,Japan,Japan,right,170,64,no,10.85,9.69,61.9,5.54,25.0,0.92,1.35,0.46,3.92,5.73,1.38,3,0.69,1,0.23,2.54,0.0,0,0.0,0.04,0,0.0,1,0.23,100.0,0.0,0.0,1.38,33.33,0.46,50.0,0.46,50.0,0.23,4.85,33.33,11.08,22.92,2.54,1.38,1.15,11.31,1.15,0.92,21.0,68.13,8.31,55.56,4.38,73.68,4.15,72.22,17.77,75.32,1.85,25.0,14.35,15.95,0.11,0.69,0.23,0.0,0.23,100.0,0.23,2.31,50.0,1.85,50.0,0.46,50.0,0.92,0.46,4.15,55.56,0,,0,,0,0.0,0.0,0.0,,,0.23,,,0.0,0.0,0.0,0.0,0,0
R. Saga,Kagoshima United,Iwaki,"RB, RW",28,0,2026-06-30,20,1790,1,2.11,1,1.89,18.2,45.3,Japan,Japan,right,166,63,no,8.9,7.14,52.82,1.66,36.36,0.3,0.39,0.3,4.83,6.21,0.91,3,0.15,1,0.05,3.92,0.05,1,0.05,0.11,0,0.0,29,1.46,17.24,3.448,0.05,4.42,35.23,0.5,30.0,3.82,35.53,0.6,3.97,48.1,6.74,42.54,1.61,1.21,0.8,13.22,0.7,0.85,26.25,64.75,11.82,60.43,3.92,88.46,7.44,58.11,16.84,77.91,5.18,46.6,20.58,35.69,0.09,0.8,0.1,0.0,0.25,80.0,0.55,5.33,55.66,4.98,49.49,0.65,46.15,1.21,1.61,7.29,76.55,0,,0,,0,0.0,0.0,0.0,,,0.2,,,0.2,0.1,0.0,0.25,0,0
S. Nagai,Roasso Kumamoto,Iwaki,"LW, LAMF",26,0,,37,1834,2,3.0,2,3.48,24.88,44.77,Japan,Japan,right,169,59,no,7.31,6.67,69.12,3.83,25.64,0.2,0.3,0.15,2.5,3.86,1.72,2,0.1,1,0.05,5.05,0.1,2,0.1,0.15,0,0.0,23,1.13,39.13,8.696,0.1,2.06,47.62,1.57,40.63,0.44,66.67,0.59,6.18,57.14,11.14,41.85,2.85,3.09,1.32,12.76,0.93,0.93,20.71,77.73,6.48,68.94,4.71,93.75,4.81,73.47,17.67,82.78,1.13,47.83,15.85,15.69,0.17,0.93,0.05,0.1,0.15,66.67,0.59,1.91,71.79,2.31,68.09,0.15,66.67,1.08,0.93,3.78,80.52,0,,0,,0,0.0,0.0,0.0,,,0.0,,,0.0,0.0,0.0,0.0,0,0
R. Ieizumi,Consadole Sapporo,Iwaki,"RCB, CB",26,0,,39,3781,2,2.77,0,0.23,18.97,68.63,Japan,Japan,right,185,85,no,10.07,6.09,68.75,7.45,72.84,0.29,0.4,0.67,5.59,7.93,0.9,3,0.07,0,0.0,0.76,0.05,2,0.05,0.07,1,0.02,23,0.55,21.74,8.696,0.0,0.29,41.67,0.02,0.0,0.26,45.45,0.0,0.86,58.33,1.93,51.85,0.79,0.24,0.12,16.52,0.1,1.26,33.28,75.39,18.99,66.29,1.31,89.09,10.81,90.31,25.11,82.65,7.88,53.47,24.6,41.75,0.01,0.07,0.0,0.0,0.1,25.0,0.02,8.19,58.72,0.83,28.57,0.5,23.81,0.17,0.1,10.19,71.26,0,,0,,0,0.0,0.0,0.0,,,0.69,,,0.07,0.0,0.0,0.0,0,0
T. Kubo,Kashiwa Reysol,Fujieda MYFC,RWB,27,0,2029-06-30,27,2562,5,3.37,8,5.26,19.53,46.22,Japan,Japan,right,167,64,no,7.34,6.5,61.08,1.83,21.15,0.0,0.0,0.21,3.37,5.27,0.6,1,0.04,0,0.0,4.07,0.18,5,0.18,0.12,0,0.0,44,1.55,31.82,11.364,0.28,3.37,27.08,0.0,0.0,3.34,26.32,0.53,4.85,51.45,8.5,42.56,2.63,3.23,1.16,25.36,2.35,0.46,34.15,75.82,6.96,58.59,8.47,90.87,11.91,75.81,29.16,83.49,1.83,36.54,17.71,33.35,0.18,1.26,0.04,0.04,0.6,29.41,0.67,3.06,60.92,3.51,38.0,0.74,23.81,0.98,0.77,5.69,82.1,0,,0,,0,0.0,0.0,0.0,,,0.39,,,0.0,0.0,0.0,1.37,0,0
H. Tanaka,Consadole Sapporo,Fujieda MYFC,"RWB, LWB, RB",27,0,,8,298,0,0.12,2,0.32,14.5,43.75,Japan,Japan,right,174,68,no,7.55,6.64,40.91,1.81,16.67,0.6,0.94,0.3,4.23,6.56,1.51,0,0.0,0,0.0,3.93,0.0,0,0.0,0.04,0,0.0,4,1.21,0.0,0.0,0.6,2.72,33.33,0.6,0.0,2.11,42.86,0.6,3.32,63.64,5.13,47.06,1.21,3.93,2.11,21.44,1.21,0.6,28.39,76.6,8.76,62.07,4.53,100.0,9.36,80.65,24.16,85.0,1.81,16.67,17.45,23.0,0.1,0.91,0.0,0.3,1.21,75.0,0.6,3.32,54.55,3.32,54.55,0.91,66.67,0.91,0.91,4.83,62.5,0,,0,,0,0.0,0.0,0.0,,,0.3,,,0.0,0.0,0.0,0.0,0,0
H. Takahashi,Blaublitz Akita,Renofa Yamaguchi,"RB, RCB",27,0,,25,1925,0,0.7,1,1.02,22.25,52.94,Japan,Japan,right,174,74,no,9.12,7.48,63.13,4.21,60.0,0.28,0.43,0.19,4.11,6.24,2.01,5,0.23,1,0.05,2.62,0.0,0,0.0,0.03,0,0.0,13,0.61,15.38,0.0,0.05,2.15,43.48,0.0,0.0,2.15,43.48,0.33,2.76,54.24,6.12,45.04,0.65,1.08,0.37,26.74,1.45,1.26,36.75,77.35,14.59,65.06,7.2,93.51,9.72,84.13,30.3,85.34,4.44,37.89,19.86,35.31,0.05,0.42,0.09,0.0,0.23,40.0,0.37,5.38,64.35,2.62,46.43,0.33,57.14,0.33,0.79,8.14,69.54,0,,0,,0,0.0,0.0,0.0,,,0.33,,,0.0,0.0,0.0,0.0,0,0
R. Endo,Iwaki,Iwaki,LCB,27,0,,36,3372,3,2.79,1,0.29,17.96,62.56,Japan,Japan,left,183,76,no,10.65,7.13,70.41,6.25,59.4,0.43,0.6,0.67,5.2,7.35,1.04,5,0.13,2,0.05,0.35,0.08,3,0.08,0.07,2,0.05,21,0.56,33.33,14.286,0.03,0.08,33.33,0.05,50.0,0.0,0.0,0.0,0.21,50.0,1.28,50.0,0.77,0.21,0.0,14.6,0.11,1.23,28.83,81.02,14.81,71.89,2.08,91.03,8.89,93.39,24.29,85.93,4.46,55.09,19.68,31.69,0.01,0.11,0.03,0.03,0.03,100.0,0.03,5.18,61.86,0.32,41.67,0.21,50.0,0.16,0.03,7.02,68.82,0,,0,,0,0.0,0.0,0.0,,,1.31,,,0.03,0.0,0.0,0.0,0,0
R. Terakado,Kataller Toyama,Renofa Yamaguchi,GK,23,0,,11,997,0,0.0,0,0.0,0.54,100.0,Japan,Japan,right,182,81,no,3.52,0.0,0.0,0.27,100.0,0.0,0.0,0.09,3.52,5.6,0.09,0,0.0,1,0.09,0.0,0.0,0,0.0,0.0,0,0.0,0,0.0,0.0,0.0,0.0,0.0,0.0,0.0,0.0,0.0,0.0,0.0,0.0,0.0,0.27,100.0,0.0,0.0,0.0,19.5,0.18,0.36,30.06,88.29,12.82,76.76,0.0,0.0,16.07,96.63,20.4,97.35,9.57,69.81,29.24,47.6,0.0,0.0,0.0,0.0,0.0,0.0,0.0,2.71,66.67,0.09,0.0,0.0,0.0,0.0,0.0,7.58,69.05,16,1.44,32,2.89,4,50.0,11.89,1.07,-4.11,-0.371,0.0,0.54,0.27,,,,0.0,0,0
S. Kawakami,Kamatamare Sanuki,Fujieda MYFC,"RCMF, LCMF",28,0,,7,303,1,0.3,1,0.21,16.04,51.85,Japan,Japan,right,170,66,no,11.29,6.53,63.64,1.19,100.0,0.59,0.87,0.89,6.53,9.57,1.19,0,0.0,0,0.0,1.49,0.3,1,0.3,0.09,0,0.0,7,2.08,14.29,14.286,0.3,0.3,0.0,0.0,0.0,0.3,0.0,0.3,1.49,60.0,5.35,38.89,0.0,0.59,0.89,38.91,0.0,1.19,55.54,85.03,19.31,70.77,6.24,95.24,21.09,90.14,50.5,90.59,4.75,31.25,18.97,23.05,0.06,0.59,0.0,0.0,0.59,50.0,0.59,9.8,60.61,1.78,33.33,1.19,25.0,0.89,0.0,7.72,80.77,0,,0,,0,0.0,0.0,0.0,,,1.78,,,0.0,0.0,0.0,0.0,0,0
A. Yokoyama,Yokohama,Fujieda MYFC,"AMF, LWF, LCMF",29,0,,40,3613,6,6.08,8,5.58,16.64,46.26,Japan,Japan,right,171,64,no,4.78,4.21,55.03,1.12,28.89,0.52,0.77,0.15,1.94,2.87,1.02,4,0.1,0,0.0,3.16,0.15,6,0.15,0.15,0,0.0,61,1.52,34.43,9.836,0.2,1.07,25.58,0.55,18.18,0.52,33.33,0.22,3.69,56.08,9.17,45.11,2.22,2.47,0.82,29.42,1.17,1.77,38.91,85.34,11.16,73.66,8.12,96.93,11.73,87.47,35.92,89.25,2.04,45.12,15.81,36.43,0.14,1.47,0.12,0.02,0.92,32.43,0.42,5.18,75.0,2.59,50.0,1.1,22.73,1.32,0.3,5.11,82.93,0,,0,,0,0.0,0.0,0.0,,,0.5,,,0.9,0.1,0.0,2.52,0,0
R. Watanabe,Júbilo Iwata,Fujieda MYFC,"CF, AMF",29,0,,26,2322,13,10.43,1,2.3,18.99,38.37,Japan,Japan,right,179,71,no,3.91,3.26,54.76,4.77,39.84,0.12,0.18,0.23,2.02,3.19,1.67,2,0.08,1,0.04,2.25,0.5,12,0.47,0.4,2,0.08,70,2.71,42.86,18.571,0.04,0.16,25.0,0.08,0.0,0.08,50.0,0.0,1.47,57.89,6.63,32.16,2.98,1.01,0.39,13.84,2.13,1.24,17.48,78.94,3.95,64.71,4.07,85.71,5.04,81.54,17.13,79.41,0.19,80.0,13.82,7.88,0.09,0.85,0.0,0.0,0.43,45.45,0.31,1.4,66.67,0.97,68.0,0.39,40.0,0.97,0.04,2.05,66.04,0,,0,,0,0.0,0.0,0.0,,,0.08,,,0.04,0.04,0.0,0.0,2,50
D. Hirase,Gifu,Renofa Yamaguchi,RCB,25,0,,11,863,0,0.46,0,0.03,17.62,62.13,Japan,Japan,right,180,75,no,10.01,7.72,66.22,3.34,56.25,1.15,1.93,0.1,3.75,6.32,1.67,3,0.31,0,0.0,1.04,0.0,0,0.0,0.05,0,0.0,3,0.31,0.0,0.0,0.0,1.04,50.0,0.0,0.0,1.04,50.0,0.1,0.73,71.43,1.98,68.42,0.83,0.52,0.1,44.22,0.52,0.73,59.86,86.24,24.92,78.24,3.55,100.0,24.61,93.64,49.75,91.61,9.18,61.36,22.28,43.21,0.0,0.1,0.0,0.0,0.0,0.0,0.1,8.03,64.94,1.15,45.45,0.21,50.0,0.1,0.63,11.37,74.31,0,,0,,0,0.0,0.0,0.0,,,1.77,,,0.0,0.0,0.0,0.0,0,0
R. Matsui,Vegalta Sendai,Machida Zelvia,"RCMF, RDMF",26,0,,17,1267,1,1.7,1,0.47,16.48,48.28,Japan,Japan,right,178,73,no,9.45,7.67,63.89,3.2,35.56,0.07,0.1,0.36,4.48,6.3,1.21,2,0.14,0,0.0,0.85,0.07,1,0.07,0.12,0,0.0,9,0.64,33.33,11.111,0.07,0.85,25.0,0.0,0.0,0.85,25.0,0.14,0.5,71.43,2.63,32.43,1.14,0.21,0.28,18.04,0.57,0.64,29.83,84.29,11.22,75.95,4.48,98.41,10.09,88.03,26.99,88.68,1.99,50.0,18.36,31.23,0.03,0.43,0.0,0.07,0.07,100.0,0.28,4.83,73.53,1.63,39.13,0.21,100.0,0.5,0.21,4.62,78.46,0,,0,,0,0.0,0.0,0.0,,,0.64,,,0.0,0.0,0.0,0.07,0,0
F. Sakurai,Zweigen Kanazawa,Zweigen Kanazawa,RB,25,0,,8,550,0,0.11,0,0.36,19.96,47.54,Japan,Japan,right,175,72,no,9.33,11.95,58.9,2.29,35.71,0.16,0.17,0.0,2.13,2.2,0.49,1,0.16,0,0.0,1.47,0.0,0,0.0,0.02,0,0.0,3,0.49,0.0,0.0,0.0,2.62,37.5,0.0,0.0,2.62,37.5,0.65,1.64,30.0,4.09,16.0,0.49,0.98,0.98,21.6,1.15,0.33,30.93,68.25,12.6,48.05,6.55,92.5,6.87,73.81,24.05,80.27,4.58,17.86,20.67,38.36,0.06,0.49,0.0,0.0,0.16,0.0,0.49,4.42,33.33,3.11,47.37,0.98,0.0,0.33,0.98,6.87,50.0,0,,0,,0,0.0,0.0,0.0,,,0.65,,,0.0,0.0,0.0,0.0,0,0
R. Inoue,Tokyo Verdy,Zweigen Kanazawa,"LCB, RCB",25,0,,23,2062,0,0.2,0,0.4,17.11,59.95,Japan,Japan,right,186,85,no,9.78,8.12,65.05,3.67,58.33,0.0,0.0,0.79,4.5,5.17,1.09,2,0.09,0,0.0,0.31,0.0,0,0.0,0.01,0,0.0,4,0.17,25.0,0.0,0.0,0.13,33.33,0.04,0.0,0.09,50.0,0.04,0.26,83.33,1.92,47.73,0.26,0.17,0.0,32.95,0.26,0.39,47.79,86.76,19.9,74.78,2.14,95.92,22.09,96.84,41.94,92.92,5.72,42.75,22.33,40.51,0.02,0.13,0.0,0.0,0.04,0.0,0.13,5.06,59.48,0.65,33.33,0.74,29.41,0.22,0.04,7.9,62.98,0,,0,,0,0.0,0.0,0.0,,,1.53,,,0.0,0.0,0.0,0.0,0,0
T. Numata,Machida Zelvia,Machida Zelvia,"LW, CF",27,0,,33,1115,2,1.52,0,0.69,18.81,42.92,Japan,Japan,right,173,67,no,5.89,4.6,71.93,4.04,32.0,0.16,0.21,0.0,2.42,3.19,0.57,0,0.0,0,0.0,2.74,0.16,2,0.16,0.12,0,0.0,20,1.61,30.0,10.0,0.0,2.1,38.46,1.94,37.5,0.16,50.0,0.4,3.47,41.86,6.94,37.21,1.61,1.13,0.65,11.54,2.26,0.97,15.5,67.19,4.92,54.1,3.47,95.35,4.04,64.0,11.62,76.39,2.02,44.0,16.45,21.44,0.06,0.32,0.08,0.0,0.16,0.0,0.16,1.61,55.0,1.7,38.1,0.08,0.0,0.24,0.81,2.99,56.76,0,,0,,0,0.0,0.0,0.0,,,0.0,,,0.0,0.0,0.0,0.0,0,0
Z. Uno,Shimizu S-Pulse,Machida Zelvia,"RCMF, LCMF, LDMF",22,0,,18,1244,3,1.66,0,0.17,18.59,51.36,Japan,Japan,right,176,72,no,12.73,8.39,63.79,2.39,45.45,0.72,0.99,0.36,6.66,9.08,1.74,3,0.22,0,0.0,0.72,0.22,3,0.22,0.12,0,0.0,23,1.66,21.74,13.043,0.0,0.72,20.0,0.14,0.0,0.58,25.0,0.07,0.51,42.86,3.69,41.18,0.65,0.36,0.07,17.44,0.29,1.16,29.16,79.9,9.12,65.08,5.35,94.59,9.26,85.94,25.54,83.57,2.97,63.41,19.08,28.53,0.01,0.22,0.0,0.0,0.07,0.0,0.0,4.27,72.88,1.3,44.44,0.14,0.0,0.43,0.14,4.56,66.67,0,,0,,0,0.0,0.0,0.0,,,0.87,,,0.0,0.0,0.0,0.07,0,0
S. Araki,Vegalta Sendai,Machida Zelvia,"LW, AMF, CF",26,0,,42,2212,6,4.21,3,2.62,16.64,35.94,Japan,Japan,right,169,64,no,5.57,5.33,48.09,2.2,35.19,0.41,0.56,0.08,2.6,3.56,1.38,1,0.04,0,0.0,1.55,0.24,6,0.24,0.17,0,0.0,34,1.38,41.18,17.647,0.12,1.1,33.33,0.73,44.44,0.33,12.5,0.2,1.38,38.24,5.13,25.4,3.17,0.81,0.2,16.07,1.14,0.65,25.55,75.48,6.92,54.12,6.96,92.4,6.47,77.36,22.7,80.47,1.75,37.21,15.19,17.01,0.11,1.02,0.12,0.0,0.2,40.0,0.37,2.85,52.86,2.03,50.0,0.41,20.0,1.14,0.45,3.5,62.79,0,,0,,0,0.0,0.0,0.0,,,0.12,,,0.04,0.0,0.0,0.04,0,0
T. Kasayanagi,V-Varen Nagasaki,V-Varen Nagasaki,"RAMF, RW, LW",22,0,2028-06-30,19,959,2,1.46,3,1.07,15.48,49.09,Japan,Japan,right,175,63,no,7.13,6.57,67.14,0.84,11.11,0.09,0.13,0.19,2.63,3.65,0.56,0,0.0,0,0.0,2.16,0.19,2,0.19,0.14,0,0.0,13,1.22,38.46,15.385,0.28,1.6,29.41,0.47,20.0,0.94,30.0,0.09,2.72,41.38,6.48,37.68,1.97,1.13,0.66,17.08,0.84,0.66,22.34,81.09,5.54,76.27,5.91,93.65,6.38,77.94,19.33,87.38,1.5,50.0,16.05,20.77,0.1,0.84,0.09,0.0,0.47,20.0,0.56,1.88,65.0,1.41,40.0,0.47,20.0,0.38,0.56,3.0,65.63,0,,0,,0,0.0,0.0,0.0,,,0.0,,,0.0,0.0,0.0,0.0,0,0
K. Kuroki,Tegevajaro Miyazaki,Zweigen Kanazawa,RCB,26,0,,4,214,0,0.0,0,0.0,19.35,65.22,Japan,Japan,right,185,79,no,11.36,10.09,70.83,4.63,63.64,0.0,0.0,1.26,4.21,6.12,0.84,0,0.0,0,0.0,0.42,0.0,0,0.0,0.0,0,0.0,0,0.0,0.0,0.0,0.0,0.42,100.0,0.0,0.0,0.42,100.0,0.0,0.0,0.0,1.26,100.0,0.0,0.0,0.0,27.76,0.42,2.1,42.06,83.0,22.71,75.93,1.26,66.67,15.56,100.0,33.22,88.61,8.41,60.0,22.55,25.13,0.0,0.0,0.0,0.0,0.0,0.0,0.0,6.31,40.0,1.26,33.33,0.42,0.0,0.0,0.42,10.09,62.5,0,,0,,0,0.0,0.0,0.0,,,0.84,,,0.0,0.0,0.0,0.0,0,0
Y. Kimura,Nagoya Grampus,Zweigen Kanazawa,CF,25,0,,10,586,1,1.56,0,0.48,25.19,28.66,Japan,Japan,right,185,84,no,2.61,3.69,41.67,4.3,17.86,0.46,0.57,0.0,0.61,0.76,2.3,2,0.31,0,0.0,2.61,0.15,1,0.15,0.24,0,0.0,12,1.84,33.33,8.333,0.0,0.92,16.67,0.61,25.0,0.31,0.0,0.15,3.69,50.0,11.98,32.05,2.3,1.69,0.92,9.06,1.38,2.15,11.83,68.83,2.76,66.67,2.15,78.57,4.61,60.0,10.44,73.53,0.46,66.67,19.06,11.22,0.07,0.61,0.0,0.0,0.61,0.0,0.31,1.69,63.64,1.38,33.33,0.61,0.0,0.46,0.15,1.38,55.56,0,,0,,0,0.0,0.0,0.0,,,0.0,,,0.0,0.0,0.0,0.0,0,0
N. Kawatani,,Fagiano Okayama,CF,22,0,,1,10,0,0.0,0,0.0,,,Japan,Japan,right,178,69,no,,,,,,,0.0,,,0.0,,0,,0,,,,0,,,0,,0,,,0.0,,,,,,,,,,,,,,,,,,,,,,,,,,,,,,,6.15,0.0,,,,,,,,,,,,,,,,,,0,,0,,0,0.0,0.0,,,,,,,,,,,0,0
Y. Hirakawa,Hull City,Machida Zelvia,"RW, LW",25,0,2028-06-30,35,3014,6,5.08,3,4.54,23.68,51.45,Japan,Japan,right,172,68,yes,7.5,7.41,63.71,1.76,25.42,0.12,0.15,0.06,2.66,3.43,1.22,6,0.18,1,0.03,5.23,0.18,6,0.18,0.15,1,0.03,42,1.25,47.62,14.286,0.09,4.09,26.28,1.22,24.39,2.81,27.66,0.72,5.64,61.9,11.2,50.4,3.05,2.21,0.78,13.62,1.58,2.0,21.59,70.82,4.36,67.81,5.79,90.21,6.54,58.9,16.6,83.99,1.25,35.71,18.2,32.0,0.14,0.75,0.09,0.06,0.09,66.67,0.51,1.37,56.52,3.28,37.27,0.27,22.22,0.69,0.93,2.96,68.69,0,,0,,0,0.0,0.0,0.0,,,0.03,,,0.0,0.0,0.0,0.09,0,0
T. Son,Imabari,Zweigen Kanazawa,LCB,27,0,,15,1084,0,0.35,2,0.0,18.18,64.38,Korea Republic,Korea Republic,left,187,78,no,10.3,6.97,76.19,6.06,52.05,0.0,0.0,0.25,4.98,5.84,0.58,0,0.0,0,0.0,0.17,0.0,0,0.0,0.03,0,0.0,3,0.25,0.0,0.0,0.17,0.0,0.0,0.0,0.0,0.0,0.0,0.0,0.25,66.67,0.66,62.5,0.58,0.08,0.0,33.04,0.0,0.58,51.39,87.08,24.33,77.47,1.83,86.36,20.51,97.98,46.41,92.84,4.98,33.33,19.73,31.48,0.0,0.0,0.0,0.0,0.0,0.0,0.08,4.57,56.36,0.17,0.0,0.66,37.5,0.08,0.0,6.56,56.96,0,,0,,0,0.0,0.0,0.0,,,1.41,,,0.0,0.0,0.0,0.0,0,0
Y. Fujiwara,Albirex Niigata,Machida Zelvia,LCB,23,0,,29,1971,0,1.06,2,0.23,14.06,54.55,Japan,Japan,right,182,74,no,6.58,3.11,69.12,7.67,52.98,0.32,0.42,0.41,4.11,5.4,0.14,1,0.05,1,0.05,0.05,0.0,0,0.0,0.05,0,0.0,8,0.37,12.5,0.0,0.09,0.05,0.0,0.0,0.0,0.05,0.0,0.0,0.0,0.0,0.73,56.25,0.87,0.64,0.14,17.9,0.27,0.59,29.36,82.74,12.01,68.44,1.32,93.1,13.24,95.17,25.62,87.34,3.74,51.22,20.12,33.36,0.01,0.23,0.0,0.05,0.0,0.0,0.14,3.42,58.67,0.27,16.67,0.09,50.0,0.09,0.0,5.98,59.54,0,,0,,0,0.0,0.0,0.0,,,0.59,,,0.0,0.0,0.0,0.0,0,0
T. Fukumoto,Suzuka Unlimited,Fagiano Okayama,"CF, RWB",26,0,2027-06-30,8,120,1,0.32,0,0.0,17.25,34.78,Japan,Japan,right,182,72,no,3.75,3.75,80.0,6.75,22.22,0.0,0.0,0.0,0.75,1.5,1.5,0,0.0,0,0.0,4.5,0.75,1,0.75,0.24,0,0.0,3,2.25,66.67,33.333,0.0,1.5,100.0,0.75,100.0,0.75,100.0,0.0,3.0,50.0,3.75,40.0,3.0,0.0,0.0,12.0,1.5,0.0,13.5,61.11,3.75,60.0,3.0,75.0,3.75,80.0,11.25,53.33,0.75,100.0,16.87,5.7,0.0,0.0,0.0,0.0,0.75,0.0,0.0,1.5,50.0,2.25,66.67,0.75,0.0,0.0,1.5,4.5,83.33,0,,0,,0,0.0,0.0,0.0,,,0.0,,,0.0,0.0,0.0,0.0,0,0
Y. Tanaka,Sagan Tosu,Fagiano Okayama,"RW, RCMF",26,0,,33,2341,4,4.44,1,1.94,19.45,49.21,Japan,Japan,right,162,63,no,7.96,6.57,65.5,2.38,40.32,0.12,0.15,0.08,3.54,4.75,1.04,2,0.08,0,0.0,2.58,0.15,4,0.15,0.17,0,0.0,31,1.19,29.03,12.903,0.04,1.08,46.43,0.08,50.0,0.96,44.0,0.04,3.08,50.0,8.15,41.98,1.85,0.96,0.65,17.18,0.88,1.81,24.22,80.0,7.61,69.7,5.15,90.3,6.38,82.53,20.95,83.67,2.38,62.9,16.26,29.53,0.07,0.73,0.04,0.0,0.42,45.45,0.31,3.0,74.36,1.35,62.86,0.5,38.46,0.73,0.42,4.54,69.49,0,,0,,0,0.0,0.0,0.0,,,0.04,,,0.0,0.0,0.0,0.0,0,0
H. Iwabuchi,Vegalta Sendai,Iwaki,"CF, LCMF, AMF",28,0,,20,1260,7,5.24,2,1.87,18.71,37.79,Japan,Japan,right,177,73,no,5.07,4.14,58.62,2.79,28.21,0.43,0.71,0.07,2.21,3.66,1.07,1,0.07,0,0.0,3.14,0.5,6,0.43,0.37,0,0.0,40,2.86,42.5,17.5,0.14,1.71,29.17,0.64,11.11,1.0,42.86,0.29,3.86,35.19,8.93,36.0,4.21,2.21,0.79,16.71,1.57,1.0,23.14,69.14,7.79,61.47,4.14,94.83,4.93,66.67,20.07,74.02,1.43,45.0,15.45,21.3,0.13,1.21,0.0,0.0,0.36,20.0,0.36,3.14,59.09,2.79,66.67,0.5,28.57,1.71,0.5,4.43,69.35,0,,0,,0,0.0,0.0,0.0,,,0.07,,,0.29,0.0,0.0,0.57,2,50
S. Yoshizawa,Parceiro Nagano,Iwaki,CF,27,0,,25,913,2,3.0,4,1.4,28.09,33.33,Japan,Japan,right,176,77,no,4.83,3.84,61.54,11.24,34.21,1.08,1.98,0.0,1.38,2.51,2.17,1,0.1,0,0.0,1.28,0.2,2,0.2,0.3,1,0.1,15,1.48,20.0,13.333,0.39,0.89,44.44,0.3,0.0,0.59,66.67,0.2,1.28,46.15,6.31,25.0,3.84,0.2,0.0,11.43,2.07,1.08,15.58,67.09,3.94,55.0,3.06,83.87,3.65,64.86,14.1,69.23,0.59,50.0,11.58,8.55,0.14,0.89,0.0,0.1,0.2,0.0,0.69,0.79,75.0,1.87,63.16,0.2,0.0,0.99,0.39,1.68,82.35,0,,0,,0,0.0,0.0,0.0,,,0.0,,,0.0,0.0,0.0,0.0,0,0
A. Haga,Osaka,Iwaki,"RCMF, LCMF, RW",25,0,,11,377,0,0.08,1,0.3,17.67,47.3,Japan,Japan,,168,60,no,7.16,8.83,56.76,1.91,50.0,0.0,0.0,0.24,2.15,2.43,1.91,0,0.0,0,0.0,0.95,0.0,0,0.0,0.02,0,0.0,2,0.48,0.0,0.0,0.24,1.43,33.33,0.72,66.67,0.72,0.0,0.0,1.43,33.33,4.77,30.0,1.91,0.24,0.0,10.74,0.48,0.72,18.62,64.1,7.88,60.61,2.86,91.67,3.82,68.75,15.52,67.69,1.67,57.14,15.46,9.11,0.07,0.48,0.0,0.0,0.0,0.0,0.48,3.58,60.0,1.91,50.0,0.24,100.0,0.72,0.48,3.82,68.75,0,,0,,0,0.0,0.0,0.0,,,0.0,,,0.0,0.0,0.0,0.0,0,0
W. Kuromiya,,Iwaki,LCB,27,0,,3,77,0,0.0,0,0.0,15.19,23.08,Japan,Japan,right,184,80,no,9.35,4.68,25.0,8.18,28.57,0.0,0.0,0.0,8.18,17.5,2.34,0,0.0,0,0.0,0.0,0.0,0,0.0,0.0,0,0.0,0,0.0,0.0,0.0,0.0,0.0,0.0,0.0,0.0,0.0,0.0,0.0,0.0,0.0,1.17,0.0,0.0,0.0,0.0,18.7,1.17,0.0,30.39,84.62,15.19,69.23,1.17,100.0,11.69,100.0,22.21,94.74,8.18,57.14,16.42,12.39,0.0,0.0,0.0,0.0,0.0,0.0,0.0,7.01,66.67,0.0,0.0,2.34,50.0,0.0,0.0,4.68,100.0,0,,0,,0,0.0,0.0,0.0,,,1.17,,,0.0,0.0,0.0,0.0,0,0
B. Vásquez,Machida Zelvia,Machida Zelvia,"RW, RAMF, RWB",26,0,2027-01-31,38,2708,3,4.23,5,3.16,25.52,45.44,Chile,Chile,left,175,70,no,5.68,5.72,55.23,3.62,36.7,0.53,0.79,0.03,1.99,2.97,1.6,4,0.13,1,0.03,6.98,0.1,3,0.1,0.14,0,0.0,36,1.2,50.0,8.333,0.17,5.12,38.96,0.17,60.0,4.92,38.51,1.03,7.94,53.97,13.36,44.53,2.49,3.62,1.36,18.94,2.16,1.99,28.22,72.2,6.85,60.68,8.44,92.91,8.04,64.05,21.97,82.3,1.43,34.88,18.01,23.63,0.11,0.86,0.07,0.0,0.43,23.08,0.6,2.19,56.06,4.39,46.21,0.43,15.38,0.73,1.89,5.22,78.98,0,,0,,0,0.0,0.0,0.0,,,0.13,,,0.17,0.03,100.0,0.1,1,0
S. Satsukida,Tegevajaro Miyazaki,V-Varen Nagasaki,"RCMF, LCMF, LDMF",24,0,2027-06-30,9,185,0,0.0,0,0.06,17.03,57.14,Japan,Japan,left,172,68,no,14.59,7.78,81.25,4.38,44.44,2.92,4.0,2.43,5.35,7.33,0.0,0,0.0,0,0.0,0.0,0.0,0,0.0,0.0,0,0.0,0,0.0,0.0,0.0,0.0,0.49,0.0,0.49,0.0,0.0,0.0,0.0,0.0,0.0,0.0,0.0,0.0,0.49,0.0,16.05,0.0,0.0,24.32,76.0,9.73,75.0,2.92,100.0,7.3,60.0,22.38,82.61,1.46,0.0,16.3,7.92,0.03,0.49,0.0,0.0,0.0,0.0,0.0,3.41,42.86,1.46,33.33,0.49,0.0,0.49,0.0,1.95,50.0,0,,0,,0,0.0,0.0,0.0,,,0.49,,,0.0,0.0,0.0,0.0,0,0
J. Sato,Oita Trinita,Oita Trinita,RAMF,21,0,2027-06-30,1,28,0,0.06,0,0.0,,,Japan,Japan,left,176,67,no,,,,,,,0.0,,,0.0,,0,,0,,,,0,,,0,,2,,,0.0,,,,,,,,,,,,,,,,,,,,,,,,,,,,,,,16.15,0.0,,,,,,,,,,,,,,,,,,0,,0,,0,0.0,0.0,,,,,,,,,,,0,0
K. Osone,Tochigi SC,Fujieda MYFC,"AMF, RW, LCMF",26,0,2027-06-30,6,230,1,0.33,0,0.08,16.04,41.46,Japan,Japan,right,167,64,no,3.13,3.52,44.44,0.0,0.0,0.0,0.0,0.0,1.57,2.26,0.39,0,0.0,0,0.0,2.74,0.39,1,0.39,0.13,0,0.0,4,1.57,50.0,25.0,0.0,0.78,0.0,0.0,0.0,0.78,0.0,0.0,3.52,55.56,11.35,41.38,1.96,1.17,1.17,15.65,0.0,1.57,24.26,85.48,5.09,84.62,6.26,100.0,7.83,80.0,21.91,87.5,1.57,100.0,16.23,22.05,0.03,0.78,0.0,0.0,0.39,0.0,0.0,1.96,100.0,1.57,50.0,0.0,0.0,1.57,0.0,3.13,75.0,0,,0,,0,0.0,0.0,0.0,,,0.0,,,0.39,0.0,0.0,1.17,0,0
Y. Kajiura,Tokyo,Zweigen Kanazawa,RCMF,22,0,2027-06-30,39,3420,0,1.41,2,0.83,19.37,55.57,Japan,Japan,right,171,67,no,10.08,8.89,63.91,2.29,56.32,0.45,0.52,0.26,3.95,4.57,1.71,5,0.13,0,0.0,1.03,0.0,0,0.0,0.04,0,0.0,30,0.79,13.33,0.0,0.05,0.55,19.05,0.11,0.0,0.42,18.75,0.13,1.45,52.73,5.21,47.47,0.82,0.89,0.34,19.79,0.13,1.42,29.97,81.21,10.45,67.76,4.82,96.17,9.29,85.55,27.08,86.01,2.39,39.56,17.41,32.95,0.02,0.45,0.05,0.05,0.18,28.57,0.16,5.0,62.63,1.37,40.38,0.68,15.38,0.53,0.13,4.32,65.85,0,,0,,0,0.0,0.0,0.0,,,0.21,,,0.0,0.0,0.0,0.0,0,0
Y. Shimoda,Tochigi City,Iwaki,"DMF, RCMF, LDMF",22,0,2027-06-30,22,1905,1,0.15,1,1.0,18.57,52.93,Japan,Japan,right,178,74,no,9.21,6.33,55.97,2.74,50.0,0.71,1.13,0.09,4.96,7.91,1.61,5,0.24,0,0.0,1.94,0.05,1,0.05,0.01,0,0.0,6,0.28,33.33,16.667,0.05,0.43,33.33,0.09,50.0,0.24,20.0,0.09,2.88,54.1,6.94,48.98,0.43,0.8,0.09,22.02,0.05,2.03,36.71,79.79,14.08,64.09,5.62,96.64,11.34,88.75,31.65,85.52,4.63,44.9,18.43,35.82,0.05,0.47,0.05,0.0,0.19,75.0,0.28,8.22,70.11,1.7,41.67,0.8,23.53,0.52,0.14,7.18,75.66,0,,0,,0,0.0,0.0,0.0,,,0.28,,,0.0,0.0,0.0,0.0,0,0
Y. Michiwaki,Avispa Fukuoka,Roasso Kumamoto,CF,20,0,2028-01-31,18,451,0,0.69,0,0.13,26.54,27.07,Japan,Japan,,190,70,no,3.39,2.99,53.33,10.58,30.19,0.0,0.0,0.2,1.8,3.14,1.0,0,0.0,0,0.0,0.6,0.0,0,0.0,0.14,0,0.0,6,1.2,16.67,0.0,0.0,0.0,0.0,0.0,0.0,0.0,0.0,0.0,1.4,28.57,8.78,20.45,3.59,0.0,0.2,6.78,0.8,1.0,10.18,70.59,1.2,33.33,4.59,78.26,1.8,100.0,10.18,70.59,0.0,0.0,9.93,0.0,0.03,0.4,0.0,0.0,0.2,0.0,0.4,0.6,66.67,0.0,0.0,0.2,0.0,0.4,0.0,0.2,0.0,0,,0,,0,0.0,0.0,0.0,,,0.0,,,0.0,0.0,0.0,0.0,0,0
S. Shikano,Tochigi SC,Iwaki,GK,26,0,2027-06-30,13,1281,0,0.0,0,0.0,0.56,50.0,Japan,Japan,right,183,73,no,1.62,0.0,0.0,0.35,40.0,0.0,0.0,0.0,1.62,2.34,0.0,0,0.0,0,0.0,0.0,0.0,0,0.0,0.0,0,0.0,0,0.0,0.0,0.0,0.0,0.0,0.0,0.0,0.0,0.0,0.0,0.0,0.0,0.0,0.07,100.0,0.0,0.0,0.0,8.71,0.07,0.07,15.67,85.65,10.4,79.73,0.0,0.0,5.2,97.3,7.73,94.55,7.94,76.99,38.14,51.43,0.0,0.0,0.0,0.0,0.0,0.0,0.0,2.53,72.22,0.07,0.0,0.14,0.0,0.0,0.0,6.96,86.87,16,1.12,48,3.37,4,66.67,13.92,0.98,-2.08,-0.146,0.0,1.19,0.35,,,,0.0,0,0
Y. Uchida,Mito Hollyhock,Mito Hollyhock,CF,21,0,2027-06-30,1,7,0,0.0,0,0.0,,,Japan,Japan,,180,75,no,,,,,,,0.0,,,30.0,,0,,0,,,,0,,,0,,0,,,0.0,,,,,,,,,,,,,,,,,,,,,,,,,,,,,,,11.71,0.0,,,,,,,,,,,,,,,,,,0,,0,,0,0.0,0.0,,,,,,,,,,,0,0
H. Shirai,Vanraure Hachinohe,V-Varen Nagasaki,"LCB, RB",25,0,2027-01-31,11,712,0,0.21,1,0.1,11.0,44.83,Japan,Japan,right,182,77,no,7.08,4.93,53.85,2.91,21.74,0.25,0.34,0.25,4.17,5.63,0.76,1,0.13,0,0.0,0.38,0.0,0,0.0,0.03,0,0.0,4,0.51,25.0,0.0,0.13,0.13,0.0,0.0,0.0,0.13,0.0,0.13,0.51,50.0,1.64,53.85,0.76,0.88,0.0,28.31,0.13,0.51,39.56,87.54,14.03,72.97,1.77,100.0,20.98,96.39,35.14,91.73,4.3,55.88,21.86,39.77,0.01,0.13,0.0,0.13,0.13,0.0,0.13,4.42,71.43,0.25,0.0,0.13,0.0,0.0,0.0,5.69,51.11,0,,0,,0,0.0,0.0,0.0,,,1.01,,,0.0,0.0,0.0,0.0,0,0
T. Igarashi,Tochigi SC,Renofa Yamaguchi,"AMF, LCMF, RCMF",23,0,2027-06-30,36,2127,3,4.24,0,1.55,18.36,43.55,Japan,Japan,right,172,64,no,6.56,4.91,71.55,2.07,22.45,0.25,0.39,0.0,2.79,4.32,0.72,2,0.08,0,0.0,2.5,0.13,3,0.13,0.18,0,0.0,39,1.65,20.51,7.692,0.0,1.27,36.67,0.68,37.5,0.51,33.33,0.13,3.6,43.53,8.25,36.92,1.73,1.02,0.38,22.68,0.93,0.89,31.65,82.62,7.36,66.09,8.34,95.94,8.89,83.33,28.9,85.65,1.48,62.86,15.45,23.35,0.07,0.68,0.0,0.04,0.34,37.5,0.25,2.58,68.85,1.78,64.29,0.38,33.33,0.76,0.51,3.3,70.51,0,,0,,0,0.0,0.0,0.0,,,0.04,,,0.0,0.0,0.0,0.0,0,0
T. Einaga,Kawasaki Frontale,Mito Hollyhock,RW,23,0,2027-06-30,16,563,1,0.7,1,0.56,25.42,35.22,Japan,Japan,left,168,60,no,5.91,7.35,52.17,1.28,12.5,0.0,0.0,0.0,2.08,2.83,0.64,0,0.0,0,0.0,4.0,0.16,1,0.16,0.11,0,0.0,10,1.6,30.0,10.0,0.16,1.92,50.0,0.16,0.0,1.6,60.0,0.0,5.91,43.24,13.27,27.71,1.6,1.92,1.44,14.87,1.12,1.12,21.74,77.21,6.07,63.16,4.32,92.59,6.71,80.95,18.06,84.07,1.76,36.36,15.81,17.07,0.09,0.8,0.0,0.0,0.32,0.0,0.64,3.2,50.0,2.88,72.22,0.64,25.0,1.12,0.96,4.96,77.42,0,,0,,0,0.0,0.0,0.0,,,0.0,,,0.0,0.0,0.0,0.16,0,0
K. Abe,Tochigi SC,Roasso Kumamoto,"RCB, RB, LCB",27,0,2027-06-30,24,998,1,1.25,0,0.05,17.86,52.02,Japan,Japan,right,175,70,no,9.29,8.48,57.45,3.25,30.56,0.72,0.97,0.54,3.7,4.96,1.17,0,0.0,0,0.0,1.8,0.09,1,0.09,0.11,1,0.09,12,1.08,25.0,8.333,0.0,3.52,17.95,0.36,0.0,3.07,17.65,0.72,1.71,52.63,3.16,54.29,0.99,1.08,0.18,41.93,0.99,0.45,53.12,83.36,20.83,79.65,4.87,94.44,16.68,77.84,45.63,92.89,4.51,32.0,18.12,29.95,0.0,0.09,0.0,0.0,0.0,0.0,0.0,6.13,76.47,3.79,21.43,0.36,25.0,0.36,0.99,7.94,70.45,0,,0,,0,0.0,0.0,0.0,,,0.09,,,0.0,0.0,0.0,0.18,0,0
K. Matsuzawa,Sint-Truiden,V-Varen Nagasaki,"LW, CF, LWF",25,0,2027-06-30,16,469,2,1.08,2,2.36,31.09,46.91,Japan,Japan,,174,66,no,3.84,5.76,40.0,1.92,50.0,0.0,0.0,0.0,1.54,2.16,1.73,0,0.0,0,0.0,9.79,0.38,2,0.38,0.21,0,0.0,11,2.11,36.36,18.182,0.38,3.45,33.33,3.45,33.33,0.0,0.0,0.58,12.09,63.49,20.72,51.85,4.41,5.37,3.07,16.31,0.96,1.34,26.48,72.46,5.95,58.06,5.95,90.32,7.29,78.95,22.45,79.49,0.58,33.33,15.07,4.94,0.45,2.69,0.19,0.0,0.19,100.0,1.54,1.15,100.0,3.65,52.63,0.19,100.0,2.11,1.34,4.61,83.33,0,,0,,0,0.0,0.0,0.0,,,0.19,,,0.0,0.0,0.0,0.0,0,0
R. Sugawara,Osaka,Vegalta Sendai,CF,25,0,2027-06-30,6,173,2,0.43,0,0.0,29.65,33.33,Japan,Japan,,181,77,no,2.08,2.6,60.0,11.97,34.78,0.0,0.0,0.0,0.52,0.88,2.08,0,0.0,0,0.0,2.6,1.04,2,1.04,0.23,1,0.52,4,2.08,100.0,50.0,0.0,0.0,0.0,0.0,0.0,0.0,0.0,0.0,1.04,50.0,7.8,20.0,2.08,0.52,0.0,8.32,1.04,1.04,8.32,62.5,0.52,0.0,2.6,80.0,2.08,75.0,7.8,66.67,0.52,0.0,10.0,1.47,0.0,0.0,0.0,0.0,0.0,0.0,0.0,0.0,0.0,0.0,0.0,0.0,0.0,0.0,0.0,0.52,0.0,0,,0,,0,0.0,0.0,0.0,,,0.0,,,0.0,0.0,0.0,0.0,0,0
Caio César,Nam Dinh,V-Varen Nagasaki,"LCMF, LDMF, RCMF",30,0,2028-06-30,34,2791,2,4.49,1,0.23,20.9,50.62,Brazil,Brazil,both,193,76,no,9.38,6.97,63.43,3.39,48.57,0.29,0.39,0.23,4.68,6.34,1.48,9,0.29,1,0.03,2.03,0.06,2,0.06,0.14,1,0.03,43,1.39,30.23,4.651,0.03,0.77,33.33,0.19,83.33,0.58,16.67,0.13,2.03,60.32,7.29,42.48,1.45,0.68,0.35,15.83,0.42,1.29,25.73,82.58,7.55,68.38,4.77,89.86,9.58,90.24,22.73,87.38,2.29,49.3,18.73,29.8,0.01,0.23,0.0,0.06,0.16,80.0,0.1,3.13,73.2,1.03,65.63,0.19,83.33,0.45,0.29,3.48,59.26,0,,0,,0,0.0,0.0,0.0,,,0.23,,,0.0,0.0,0.0,0.0,0,0
J. Tabinas,Chonburi,Mito Hollyhock,"LCB, LB",27,0,2027-06-30,19,1353,0,0.58,0,0.22,15.23,51.97,Japan,"Japan, Philippines",left,184,80,no,8.12,4.72,57.75,5.12,53.25,0.33,0.47,0.67,5.06,7.1,0.47,2,0.13,0,0.0,1.4,0.0,0,0.0,0.04,0,0.0,2,0.13,0.0,0.0,0.0,1.86,39.29,1.86,39.29,0.0,0.0,0.33,1.0,66.67,2.59,41.03,0.47,0.8,0.2,28.34,0.67,0.4,43.57,76.49,20.22,67.43,3.86,93.1,14.97,86.22,34.12,84.02,7.78,52.99,22.53,34.62,0.01,0.2,0.0,0.0,0.0,0.0,0.13,6.32,68.42,1.86,32.14,0.27,0.0,0.33,0.53,11.57,65.52,0,,0,,0,0.0,0.0,0.0,,,0.6,,,0.07,0.0,0.0,0.0,0,0
H. Mizuno,Ventforet Kofu,Ventforet Kofu,"LAMF, LW, RW",26,0,,4,100,0,0.0,0,0.36,22.5,40.0,Japan,Japan,right,175,69,no,10.8,9.9,63.64,1.8,0.0,0.0,0.0,0.0,4.5,4.55,0.9,0,0.0,0,0.0,1.8,0.0,0,0.0,0.0,0,0.0,0,0.0,0.0,0.0,0.0,3.6,25.0,3.6,25.0,0.0,0.0,1.8,2.7,33.33,7.2,25.0,1.8,3.6,2.7,11.7,0.9,0.0,18.0,65.0,6.3,42.86,0.9,100.0,5.4,83.33,13.5,73.33,0.9,100.0,10.06,6.24,0.33,0.9,0.0,0.0,0.0,0.0,0.9,0.9,100.0,1.8,0.0,0.0,0.0,0.0,0.9,3.6,50.0,0,,0,,0,0.0,0.0,0.0,,,0.0,,,0.0,0.0,0.0,0.0,0,0
K. Fujiwara,Júbilo Iwata,Júbilo Iwata,"LCMF, RCMF, RDMF",22,0,,8,356,1,0.14,0,0.31,12.13,68.75,Japan,Japan,right,177,70,no,9.1,5.06,65.0,1.26,100.0,0.76,1.18,0.0,5.06,7.89,1.01,0,0.0,0,0.0,1.77,0.25,1,0.25,0.04,0,0.0,4,1.01,75.0,25.0,0.0,1.26,0.0,0.51,0.0,0.76,0.0,0.0,1.26,80.0,3.54,64.29,1.52,0.51,0.0,34.38,0.0,1.01,46.52,82.61,12.64,62.0,6.07,100.0,18.2,88.89,41.71,89.09,3.54,35.71,15.4,23.2,0.08,1.52,0.0,0.0,0.0,0.0,0.0,7.08,60.71,1.52,0.0,0.0,0.0,0.51,0.0,4.3,64.71,0,,0,,0,0.0,0.0,0.0,,,1.52,,,1.52,0.51,100.0,5.06,0,0
S. Diop,V-Varen Nagasaki,V-Varen Nagasaki,CF,23,0,,13,292,3,2.06,2,0.61,38.22,40.32,Japan,Japan,unknown,0,0,no,3.08,3.08,40.0,16.95,43.64,0.0,0.0,0.0,1.85,3.21,3.08,2,0.62,0,0.0,4.01,0.92,3,0.92,0.63,1,0.31,16,4.93,50.0,18.75,0.62,1.23,0.0,0.0,0.0,1.23,0.0,0.0,1.54,80.0,8.94,41.38,6.47,0.31,0.31,8.94,0.31,0.92,13.87,68.89,2.77,66.67,3.08,80.0,4.62,60.0,12.64,75.61,0.0,0.0,9.4,0.0,0.19,0.62,0.0,0.0,0.62,50.0,0.62,0.92,0.0,1.23,75.0,0.31,100.0,1.54,0.0,1.54,60.0,0,,0,,0,0.0,0.0,0.0,,,0.0,,,0.0,0.0,0.0,0.0,0,0
S. Mauk,Công An Hà Nội,Fagiano Okayama,"CF, AMF",30,0,2028-06-30,37,1859,6,6.4,4,1.13,17.38,42.34,Australia,"Australia, Germany",right,174,64,no,5.42,5.37,52.25,3.05,39.68,0.19,0.27,0.15,2.42,3.39,1.74,5,0.24,0,0.0,2.03,0.29,5,0.24,0.31,0,0.0,33,1.6,42.42,18.182,0.19,0.82,35.29,0.29,16.67,0.53,45.45,0.05,1.55,59.38,4.6,41.05,2.47,0.44,0.1,16.99,0.87,1.26,25.32,73.23,9.78,60.4,4.79,91.92,5.57,76.52,22.9,76.74,1.6,42.42,15.9,13.35,0.05,0.73,0.0,0.0,0.77,18.75,0.29,3.68,63.16,2.18,46.67,0.68,14.29,0.87,0.24,3.82,68.35,0,,0,,0,0.0,0.0,0.0,,,0.15,,,0.0,0.0,0.0,0.19,1,100
K. Sano,NEC,Fagiano Okayama,LW,22,0,2031-06-30,20,1835,2,2.61,3,3.74,24.57,40.92,Japan,Japan,right,176,68,no,8.14,6.67,58.09,3.14,34.38,0.29,0.38,0.15,3.97,5.16,0.93,1,0.05,0,0.0,4.56,0.1,2,0.1,0.13,0,0.0,28,1.37,32.14,7.143,0.15,2.4,53.06,2.21,53.33,0.2,50.0,0.25,5.64,48.7,11.18,35.09,2.06,1.03,0.39,19.42,1.18,1.28,29.82,77.96,8.63,66.48,7.36,93.33,8.49,79.19,24.57,84.23,2.94,43.33,17.46,34.11,0.18,1.18,0.05,0.1,0.29,33.33,0.74,3.29,62.69,2.55,50.0,0.98,50.0,0.64,1.32,5.69,66.38,0,,0,,0,0.0,0.0,0.0,,,0.15,,,0.2,0.05,0.0,0.59,0,0
