Player,Team,Team within selected timeframe,Position,Age,Market value,Contract expires,Matches played,Minutes played,Goals,xG,Assists,xA,Duels per 90,"Duels won, %",Birth country,Passport country,Foot,Height,Weight,On loan,Successful defensive actions per 90,Defensive duels per 90,"Defensive duels won, %",Aerial duels per 90,"Aerial duels won, %",Sliding tackles per 90,PAdj Sliding tackles,Shots blocked per 90,Interceptions per 90,PAdj Interceptions,Fouls per 90,Yellow cards,Yellow cards per 90,Red cards,Red cards per 90,Successful attacking actions per 90,Goals per 90,Non-penalty goals,Non-penalty goals per 90,xG per 90,Head goals,Head goals per 90,Shots,Shots per 90,"Shots on target, %","Goal conversion, %",Assists per 90,Crosses per 90,"Accurate crosses, %",Crosses from left flank per 90,"Accurate crosses from left flank, %",Crosses from right flank per 90,"Accurate crosses from right flank, %",Crosses to goalie box per 90,Dribbles per 90,"Successful dribbles, %",Offensive duels per 90,"Offensive duels won, %",Touches in box per 90,Progressive runs per 90,Accelerations per 90,Received passes per 90,Received long passes per 90,Fouls suffered per 90,Passes per 90,"Accurate passes, %",Forward passes per 90,"Accurate forward passes, %",Back passes per 90,"Accurate back passes, %",Lateral passes per 90,"Accurate lateral passes, %",Short / medium passes per 90,"Accurate short / medium passes, %",Long passes per 90,"Accurate long passes, %","Average pass length, m","Average long pass length, m",xA per 90,Shot assists per 90,Second assists per 90,Third assists per 90,Smart passes per 90,"Accurate smart passes, %",Key passes per 90,Passes to final third per 90,"Accurate passes to final third, %",Passes to penalty area per 90,"Accurate passes to penalty area, %",Through passes per 90,"Accurate through passes, %",Deep completions per 90,Deep completed crosses per 90,Progressive passes per 90,"Accurate progressive passes, %",Conceded goals,Conceded goals per 90,Shots against,Shots against per 90,Clean sheets,"Save rate, %",xG against,xG against per 90,Prevented goals,Prevented goals per 90,Back passes received as GK per 90,Exits per 90,Aerial duels per 90.1,Free kicks per 90,Direct free kicks per 90,"Direct free kicks on target, %",Corners per 90,Penalties taken,"Penalty conversion, %"
Sergio Canales,Racing Santander,Monterrey,"AMF, CF, LCMF",35,10000000,2028-06-30,25,1963,11,6.65,4,2.94,13.85,43.05,Spain,Spain,left,178,72,no,2.89,2.71,59.32,0.78,29.41,0.28,0.37,0.05,1.01,1.34,0.46,2,0.09,0,0.0,2.84,0.5,9,0.41,0.31,0,0.0,52,2.38,34.62,21.154,0.18,1.79,20.51,1.19,19.23,0.55,16.67,0.09,1.93,66.67,8.25,43.33,1.88,2.57,1.15,35.85,1.42,1.05,46.12,84.0,11.65,68.9,9.9,96.3,16.23,89.55,41.03,89.27,3.39,51.35,18.26,37.11,0.13,1.42,0.09,0.09,0.87,42.11,0.41,5.96,70.77,4.03,54.55,1.6,40.0,1.42,0.46,5.36,80.34,0,,0,,0,0.0,0.0,0.0,,,0.64,,,1.05,0.23,20.0,2.84,2,100.0
J. Quiñones,Al Qadisiyah,América,"CF, LW, LAMF",29,10000000,2029-06-30,41,3129,18,22.89,6,5.23,23.79,36.88,Colombia,"Colombia, Mexico",right,180,78,no,3.83,3.25,64.6,3.48,33.88,0.09,0.11,0.12,1.64,2.15,1.04,6,0.17,0,0.0,3.57,0.52,15,0.43,0.66,2,0.06,107,3.08,46.73,16.822,0.17,1.27,38.64,0.89,29.03,0.37,61.54,0.14,3.16,46.36,13.55,31.42,4.83,1.78,0.63,20.57,2.07,1.47,27.24,81.63,5.23,69.23,7.28,92.49,8.26,81.18,24.3,84.97,1.73,65.0,16.82,29.53,0.15,1.15,0.09,0.09,0.32,54.55,0.72,2.42,73.81,2.24,53.85,0.55,36.84,1.44,0.43,2.85,73.74,0,,0,,0,0.0,0.0,0.0,,,0.09,,,0.0,0.0,0.0,0.0,3,100.0
Álvaro Fidalgo,Real Betis,América,"LCMF, LDMF",29,8000000,2030-06-30,41,3796,2,3.41,5,3.67,13.94,53.06,Spain,Spain,right,172,67,no,5.12,4.39,59.46,0.66,64.29,0.12,0.15,0.09,2.39,3.1,0.24,2,0.05,0,0.0,2.77,0.05,2,0.05,0.08,0,0.0,31,0.73,35.48,6.452,0.12,1.09,43.48,0.76,50.0,0.33,28.57,0.12,2.99,57.94,7.71,49.54,1.02,3.84,1.54,56.07,0.62,1.54,69.85,91.62,20.84,85.67,9.89,96.88,25.68,93.54,63.26,94.34,5.57,69.79,17.77,39.73,0.09,1.07,0.14,0.0,0.69,44.83,0.4,11.14,86.38,3.79,63.75,1.33,42.86,1.85,0.45,10.62,88.39,0,,0,,0,0.0,0.0,0.0,,,0.38,,,0.02,0.0,0.0,0.17,0,0.0
C. Rodríguez,Cruz Azul,Cruz Azul,"RCMF, LCMF, DMF",29,7000000,2029-12-31,36,3369,1,1.79,3,4.87,12.74,53.25,Mexico,Mexico,right,171,65,no,6.28,5.98,61.61,1.1,43.9,0.35,0.53,0.05,2.24,3.44,0.93,8,0.21,1,0.03,1.76,0.03,1,0.03,0.05,0,0.0,29,0.77,41.38,3.448,0.08,1.36,39.22,0.32,25.0,1.02,42.11,0.24,1.23,50.0,3.79,48.59,0.64,2.24,0.75,41.75,0.59,1.07,54.42,87.73,14.67,76.32,9.19,96.51,22.23,91.95,47.12,92.01,6.01,64.44,19.42,37.18,0.13,1.39,0.08,0.03,0.69,42.31,0.32,8.82,79.39,3.29,47.97,1.36,27.45,0.96,0.53,7.96,83.89,0,,0,,0,0.0,0.0,0.0,,,0.83,,,0.43,0.03,100.0,2.35,0,0.0
V. Guzmán,Monterrey,Monterrey,RCB,24,7000000,2028-06-30,33,3227,0,0.76,0,0.0,14.45,66.99,Mexico,Mexico,right,182,83,no,9.45,6.22,80.27,3.57,63.28,0.2,0.25,0.42,4.27,5.56,0.64,1,0.03,0,0.0,0.42,0.0,0,0.0,0.02,0,0.0,7,0.2,28.57,0.0,0.0,0.03,0.0,0.0,0.0,0.03,0.0,0.0,0.56,65.0,2.01,47.22,0.25,1.0,0.22,29.65,0.39,0.22,41.44,91.79,17.15,86.02,1.95,97.14,18.77,95.99,37.2,94.98,4.21,64.24,19.97,33.03,0.0,0.0,0.0,0.0,0.03,0.0,0.0,4.43,79.87,0.22,12.5,0.22,12.5,0.06,0.0,7.11,79.22,0,,0,,0,0.0,0.0,0.0,,,1.31,,,0.0,0.0,0.0,0.0,0,0.0
S. Cáceres,América,América,"LCB, RCB",26,7000000,2027-06-30,26,2231,0,0.61,1,0.0,14.89,62.87,Uruguay,Uruguay,right,180,77,no,9.44,6.94,76.16,3.99,48.48,0.36,0.46,0.56,3.79,4.8,0.52,4,0.16,0,0.0,0.4,0.0,0,0.0,0.02,0,0.0,4,0.16,50.0,0.0,0.04,0.0,0.0,0.0,0.0,0.0,0.0,0.0,0.44,72.73,2.02,44.0,0.2,0.52,0.2,32.76,0.32,0.73,45.22,88.76,19.12,80.38,2.78,91.3,18.92,96.8,40.46,93.02,4.76,52.54,19.58,36.2,0.0,0.0,0.04,0.04,0.0,0.0,0.0,2.58,64.06,0.36,11.11,0.2,0.0,0.0,0.0,7.3,58.56,0,,0,,0,0.0,0.0,0.0,,,1.94,,,0.0,0.0,0.0,0.0,0,0.0
U. Antuna,Pumas UNAM,Cruz Azul,"CF, RW, RWF",28,6500000,2028-06-30,37,3518,14,14.94,6,6.0,11.97,52.35,Mexico,Mexico,right,174,64,no,3.68,2.51,67.35,1.48,31.03,0.28,0.43,0.05,1.71,2.64,0.43,4,0.1,0,0.0,5.12,0.36,10,0.26,0.38,1,0.03,88,2.25,43.18,15.909,0.15,4.07,40.25,0.28,36.36,3.79,40.54,0.38,3.76,63.95,6.6,53.88,4.04,1.66,0.43,22.74,3.99,1.07,28.04,77.01,4.58,74.3,7.5,92.15,10.05,69.47,23.23,83.7,0.92,63.89,16.77,19.48,0.15,1.2,0.1,0.03,0.15,66.67,0.79,1.28,82.0,4.2,56.71,0.2,50.0,1.51,1.56,4.58,87.15,0,,0,,0,0.0,0.0,0.0,,,0.15,,,0.0,0.0,0.0,0.38,4,100.0
D. Valdés,Vélez Sarsfield,América,"AMF, CF",32,6500000,2027-12-31,37,2976,13,7.47,5,8.1,15.6,43.22,Chile,Chile,right,179,72,no,3.27,3.05,54.46,2.99,41.41,0.33,0.43,0.06,1.27,1.64,0.94,4,0.12,0,0.0,3.02,0.39,13,0.39,0.23,1,0.03,78,2.36,38.46,16.667,0.15,1.75,39.66,0.64,42.86,1.12,37.84,0.06,2.03,49.25,7.68,40.94,2.87,2.12,0.67,32.84,2.0,1.63,38.44,84.03,9.98,73.33,8.32,95.27,13.73,86.12,33.75,87.81,3.02,68.0,18.31,32.01,0.24,1.75,0.18,0.09,0.91,46.67,0.6,5.75,76.32,3.66,57.85,1.42,44.68,1.75,0.7,4.87,83.85,0,,0,,0,0.0,0.0,0.0,,,0.06,,,0.94,0.18,33.33,2.33,0,0.0
R. Huescas,København,Cruz Azul,"RWB, RB",22,6000000,2029-06-30,39,2848,2,2.59,6,5.73,15.96,48.12,Mexico,Mexico,right,172,70,no,8.41,7.27,55.65,2.12,44.78,1.01,1.49,0.22,3.35,4.94,0.66,4,0.13,0,0.0,2.15,0.06,2,0.06,0.08,0,0.0,22,0.7,31.82,9.091,0.19,2.43,41.56,0.06,50.0,2.31,42.47,0.22,1.58,48.0,4.52,43.36,2.15,2.12,0.7,29.67,2.34,1.17,37.67,84.4,10.81,75.15,9.07,96.86,10.21,87.62,32.45,89.68,2.81,59.55,16.5,28.26,0.18,1.04,0.06,0.09,0.22,71.43,0.85,2.84,77.78,2.28,58.33,0.28,55.56,0.82,1.01,5.66,65.92,0,,0,,0,0.0,0.0,0.0,,,0.47,,,0.0,0.0,0.0,0.0,0,0.0
É. Gutiérrez,Toluca,Guadalajara,"DMF, LDMF, LCMF",31,6000000,2027-06-30,34,2655,3,2.92,0,0.9,19.66,59.14,Mexico,Mexico,left,181,79,yes,10.1,8.07,67.65,3.12,48.91,1.15,1.58,0.2,3.49,4.8,1.66,8,0.27,0,0.0,1.59,0.1,3,0.1,0.1,2,0.07,32,1.08,25.0,9.375,0.0,0.54,18.75,0.47,21.43,0.07,0.0,0.0,1.56,69.57,4.95,58.22,0.78,1.42,0.27,35.9,0.34,1.49,49.25,87.54,15.46,76.75,5.02,93.24,21.05,93.4,44.1,91.31,4.64,59.12,19.41,35.76,0.03,0.44,0.1,0.03,0.34,40.0,0.17,8.68,75.0,1.49,31.82,0.98,34.48,0.41,0.07,7.12,80.48,0,,0,,0,0.0,0.0,0.0,,,0.47,,,0.0,0.0,0.0,0.0,0,0.0
F. Beltrán,León,Guadalajara,"LCMF, RCMF",28,6000000,2026-12-31,40,3681,5,3.45,1,3.2,12.98,51.22,Mexico,Mexico,right,163,64,no,5.97,4.65,66.32,0.59,20.83,0.61,0.79,0.0,2.27,2.95,0.37,3,0.07,0,0.0,2.57,0.12,5,0.12,0.08,0,0.0,48,1.17,29.17,10.417,0.02,1.22,52.0,0.54,59.09,0.64,50.0,0.1,2.25,57.61,5.57,45.61,1.27,1.98,0.78,31.54,0.76,0.78,41.3,88.04,11.3,77.71,7.43,95.72,14.87,90.79,37.33,91.03,2.86,62.39,17.08,36.4,0.08,0.78,0.07,0.0,0.49,60.0,0.39,6.09,79.92,2.03,54.22,0.59,45.83,0.86,0.61,4.96,83.74,0,,0,,0,0.0,0.0,0.0,,,0.29,,,0.12,0.0,0.0,0.1,0,0.0
L. Romo,Guadalajara,Monterrey,"RCMF, LDMF, LCMF",31,6000000,,33,2697,1,2.95,4,3.0,17.79,49.53,Mexico,Mexico,right,184,79,no,7.37,6.77,64.04,3.07,54.35,0.13,0.17,0.17,2.9,3.73,0.8,2,0.07,0,0.0,1.7,0.03,1,0.03,0.1,0,0.0,40,1.33,17.5,2.5,0.13,1.17,31.43,0.17,0.0,0.97,34.48,0.03,1.8,46.3,5.84,32.0,1.8,1.3,0.43,38.71,1.07,0.57,50.86,83.86,16.55,71.77,6.94,94.23,20.92,90.59,43.15,88.48,6.64,61.81,19.86,37.29,0.1,0.93,0.07,0.03,0.7,38.1,0.5,9.14,72.63,3.2,56.25,2.3,37.68,1.74,0.33,8.91,83.52,0,,0,,0,0.0,0.0,0.0,,,1.37,,,0.0,0.0,0.0,0.0,0,0.0
G. Arteaga,Monterrey,Monterrey,LB,27,6000000,2027-12-31,15,1325,3,0.84,0,0.75,18.0,46.79,Mexico,Mexico,left,175,68,no,8.42,7.4,62.39,1.56,34.78,0.2,0.28,0.07,3.6,4.97,0.68,5,0.34,1,0.07,2.85,0.2,3,0.2,0.06,0,0.0,9,0.61,55.56,33.333,0.0,2.24,48.48,2.17,50.0,0.07,0.0,0.14,2.58,55.26,6.59,35.05,1.29,2.24,1.15,24.38,2.31,1.02,33.76,85.31,12.63,82.26,7.95,97.44,7.13,77.14,28.66,91.47,3.19,48.94,17.73,37.14,0.05,0.68,0.07,0.0,0.07,0.0,0.27,4.14,83.61,2.65,51.28,0.48,28.57,0.41,0.95,6.52,76.04,0,,0,,0,0.0,0.0,0.0,,,0.75,,,0.0,0.0,0.0,0.0,0,0.0
R. Sánchez,Olimpia,América,"RCMF, RDMF, LCMF",30,6000000,2026-12-31,39,2015,3,1.9,4,3.91,12.01,47.96,Paraguay,Paraguay,right,170,70,yes,5.81,5.18,56.9,1.12,28.0,0.36,0.47,0.18,2.5,3.29,0.63,2,0.09,1,0.04,2.28,0.13,3,0.13,0.08,0,0.0,30,1.34,23.33,10.0,0.18,1.16,69.23,0.36,62.5,0.8,72.22,0.22,1.88,54.76,4.2,43.62,0.8,1.88,0.31,50.78,0.36,0.45,62.89,92.05,18.8,85.04,8.93,98.5,23.9,94.95,57.08,94.21,4.69,71.43,18.04,28.09,0.17,1.47,0.09,0.13,0.13,100.0,0.49,9.47,82.55,3.08,69.57,1.07,50.0,1.38,0.8,9.16,82.93,0,,0,,0,0.0,0.0,0.0,,,0.4,,,0.98,0.27,0.0,2.41,0,0.0
K. Álvarez,América,América,RB,27,5500000,2027-06-30,32,2409,1,1.85,4,3.66,16.14,46.3,Mexico,Mexico,right,178,71,no,7.17,6.99,53.48,1.49,47.5,0.3,0.4,0.07,3.14,4.23,1.31,5,0.19,1,0.04,2.69,0.04,1,0.04,0.07,0,0.0,20,0.75,30.0,5.0,0.15,3.21,36.05,0.0,0.0,3.18,35.29,0.3,2.32,54.84,5.6,38.0,1.53,2.39,0.71,31.94,2.8,0.67,40.68,83.01,11.73,76.11,8.63,94.81,12.18,80.67,34.6,90.39,3.14,47.62,17.62,28.9,0.14,0.82,0.04,0.04,0.3,12.5,0.64,3.59,72.92,2.95,39.24,0.56,20.0,0.6,1.12,6.46,75.14,0,,0,,0,0.0,0.0,0.0,,,0.75,,,0.0,0.0,0.0,0.0,0,0.0
F. Torres,Internacional,Santos Laguna,RCB,29,5000000,2027-12-31,18,1760,5,1.98,0,0.11,13.96,66.3,Ecuador,Ecuador,right,187,78,yes,9.66,4.7,79.35,5.93,61.21,0.26,0.33,0.82,5.68,7.3,0.77,1,0.05,1,0.05,0.56,0.26,5,0.26,0.1,4,0.2,12,0.61,50.0,41.667,0.0,0.1,50.0,0.0,0.0,0.1,50.0,0.05,0.36,57.14,0.61,50.0,0.77,0.56,0.05,16.82,0.2,0.2,31.7,78.23,14.83,63.45,1.79,91.43,12.78,92.0,24.9,86.04,6.7,49.62,25.78,42.57,0.01,0.15,0.0,0.0,0.15,0.0,0.0,6.44,55.56,0.51,10.0,0.87,11.76,0.1,0.1,8.39,70.73,0,,0,,0,0.0,0.0,0.0,,,1.18,,,0.05,0.0,0.0,0.0,0,0.0
A. Mozo,Pachuca,Guadalajara,RB,29,5000000,2028-06-30,37,3533,0,0.33,2,3.75,18.16,54.56,Mexico,Mexico,right,175,74,no,9.09,8.08,65.3,1.3,39.22,0.92,1.21,0.08,2.9,3.83,0.99,7,0.18,0,0.0,3.87,0.0,0,0.0,0.01,0,0.0,17,0.43,5.88,0.0,0.05,4.69,33.15,0.0,0.0,4.69,33.15,0.46,3.95,57.42,6.37,47.6,0.84,1.71,0.56,27.38,2.06,0.79,38.29,76.58,11.59,69.45,5.2,92.65,14.29,75.22,30.24,86.6,3.8,45.64,19.51,37.7,0.1,0.74,0.0,0.03,0.13,20.0,0.46,4.64,64.29,4.2,35.15,0.41,6.25,0.33,1.43,7.23,73.59,0,,0,,0,0.0,0.0,0.0,,,0.79,,,0.0,0.0,0.0,0.03,0,0.0
A. Cervantes,América,Santos Laguna,"RCMF, RDMF, LCMF",28,5000000,,36,3166,1,1.84,2,1.1,14.41,48.72,Mexico,Mexico,right,181,69,no,6.17,5.03,55.93,3.07,46.3,0.48,0.59,0.31,2.87,3.51,0.77,5,0.14,0,0.0,0.97,0.03,1,0.03,0.05,0,0.0,33,0.94,18.18,3.03,0.06,0.37,23.08,0.09,0.0,0.28,30.0,0.03,1.02,61.11,4.12,46.9,0.45,0.88,0.2,27.32,0.34,1.05,37.69,90.8,10.6,82.31,6.48,97.37,13.96,92.46,34.94,93.0,2.39,69.05,16.74,30.12,0.03,0.48,0.03,0.0,0.17,50.0,0.23,4.92,87.28,0.88,51.61,0.34,50.0,0.37,0.11,4.49,70.25,0,,0,,0,0.0,0.0,0.0,,,0.45,,,0.03,0.03,0.0,0.06,0,0.0
N. Ibáñez,Cruz Azul,Tigres UANL,CF,31,5000000,2028-12-31,38,2094,12,11.45,4,2.24,15.34,37.25,Argentina,Argentina,right,178,80,no,3.22,2.49,62.07,6.1,37.32,0.17,0.26,0.26,1.5,2.29,0.86,2,0.09,0,0.0,2.02,0.52,10,0.43,0.49,3,0.13,59,2.54,54.24,20.339,0.17,0.6,21.43,0.13,66.67,0.47,9.09,0.0,1.2,39.29,3.65,25.88,4.6,0.52,0.13,8.98,1.5,0.52,11.82,81.45,2.02,78.72,3.78,89.77,3.05,77.46,11.09,84.5,0.17,75.0,13.85,4.65,0.1,0.69,0.04,0.04,0.04,100.0,0.3,0.69,62.5,0.64,53.33,0.04,100.0,0.69,0.09,0.9,71.43,0,,0,,0,0.0,0.0,0.0,,,0.04,,,0.0,0.0,0.0,0.0,3,66.667
S. Córdova,Pumas UNAM,Tigres UANL,"AMF, LCMF, CF",29,5000000,2027-12-31,34,2174,6,3.71,5,2.9,24.26,38.91,Mexico,Mexico,left,173,70,no,5.42,6.13,58.11,3.44,26.51,0.08,0.12,0.17,1.78,2.56,1.74,6,0.25,1,0.04,3.56,0.25,6,0.25,0.15,1,0.04,45,1.86,40.0,13.333,0.21,2.57,35.48,1.28,35.48,1.24,36.67,0.17,3.23,48.72,11.38,34.91,2.36,1.45,0.99,19.08,1.24,1.95,26.16,75.63,7.24,70.29,4.72,92.11,7.45,72.78,21.49,83.43,2.11,45.1,17.4,24.71,0.12,0.95,0.04,0.08,0.58,57.14,0.54,3.93,72.63,2.69,46.15,0.58,42.86,0.54,0.99,3.48,80.95,0,,0,,0,0.0,0.0,0.0,,,0.08,,,0.33,0.17,25.0,0.58,0,0.0
C. Huerta,Anderlecht,Pumas UNAM,"LW, LAMF",25,5000000,2029-06-30,37,3484,11,11.21,7,5.46,28.44,43.87,Mexico,Mexico,right,172,67,no,5.81,6.23,59.75,1.37,26.42,0.36,0.49,0.03,1.73,2.33,1.5,9,0.23,1,0.03,6.38,0.28,7,0.18,0.29,0,0.0,80,2.07,43.75,13.75,0.18,2.71,33.33,2.3,30.34,0.39,53.33,0.31,8.34,53.56,17.23,43.48,3.87,3.93,1.78,14.88,1.58,2.63,21.85,76.71,4.62,72.63,4.68,90.61,8.63,75.45,17.57,85.59,1.68,50.77,17.81,26.76,0.14,1.16,0.08,0.03,0.26,40.0,0.67,2.12,74.39,2.56,46.46,0.44,35.29,1.01,0.85,3.33,81.4,0,,0,,0,0.0,0.0,0.0,,,0.05,,,0.0,0.0,0.0,0.05,5,80.0
J. Escobar,Melgar,Toluca,"RCB, CB, LCB",30,5000000,2027-12-31,28,2609,0,2.1,1,0.61,14.94,58.43,Paraguay,Paraguay,right,176,74,no,8.24,5.38,62.82,4.97,65.28,0.1,0.15,0.28,4.76,6.82,0.93,9,0.31,0,0.0,0.62,0.0,0,0.0,0.07,0,0.0,13,0.45,30.77,0.0,0.03,0.24,42.86,0.07,0.0,0.17,60.0,0.07,0.59,64.71,2.73,45.57,0.66,0.59,0.07,31.29,0.83,0.86,43.43,87.61,15.32,73.2,3.79,97.27,20.53,95.63,37.05,93.48,6.14,53.93,22.13,40.75,0.02,0.14,0.03,0.0,0.0,0.0,0.17,5.07,61.22,0.55,25.0,0.52,26.67,0.1,0.1,6.69,71.13,0,,0,,0,0.0,0.0,0.0,,,2.59,,,0.03,0.0,0.0,0.0,0,0.0
Nathan Silva,Pumas UNAM,Pumas UNAM,RCB,29,5000000,2027-06-30,37,3594,1,2.01,1,0.1,14.65,55.38,Brazil,Brazil,right,182,84,no,9.22,6.59,66.92,4.33,46.82,0.03,0.03,0.63,4.78,6.41,0.98,14,0.35,3,0.08,0.25,0.03,1,0.03,0.05,0,0.0,14,0.35,21.43,7.143,0.03,0.15,33.33,0.0,0.0,0.15,33.33,0.0,0.23,44.44,1.15,32.61,0.55,0.95,0.1,28.47,0.33,0.2,41.99,89.68,18.48,82.93,2.43,96.91,17.53,96.29,37.79,93.7,4.06,54.32,21.08,37.93,0.0,0.08,0.03,0.0,0.08,33.33,0.03,5.41,78.24,0.53,33.33,0.33,30.77,0.15,0.05,8.14,78.77,0,,0,,0,0.0,0.0,0.0,,,1.63,,,0.0,0.0,0.0,0.0,0,0.0
J. Rodríguez,Monterrey,Monterrey,"RCMF, LCMF, RDMF",30,5000000,2027-06-30,19,1629,0,0.26,4,1.66,13.59,50.41,Argentina,Argentina,right,179,80,no,8.29,6.24,56.64,2.32,57.14,0.66,0.88,0.28,4.09,5.4,0.99,1,0.06,1,0.06,0.83,0.0,0,0.0,0.01,0,0.0,8,0.44,12.5,0.0,0.22,0.5,55.56,0.17,66.67,0.33,50.0,0.0,0.5,66.67,2.38,34.88,0.17,0.94,0.17,40.55,0.11,0.33,55.8,88.51,16.24,76.19,7.02,95.28,25.64,94.18,50.61,91.38,4.75,61.63,20.71,35.54,0.09,0.77,0.0,0.06,0.44,37.5,0.39,9.01,80.98,1.38,60.0,1.16,52.38,0.44,0.22,8.45,79.08,0,,0,,0,0.0,0.0,0.0,,,1.49,,,0.22,0.0,0.0,1.05,0,0.0
A. Frías,Santos,León,"RCB, CB",28,5000000,2028-12-31,35,3574,1,3.28,1,1.19,12.01,67.51,Argentina,Argentina,right,180,78,no,8.28,5.69,73.89,3.07,71.31,0.28,0.39,0.63,3.8,5.34,0.71,10,0.25,0,0.0,0.73,0.03,1,0.03,0.08,1,0.03,33,0.83,27.27,3.03,0.03,0.38,20.0,0.1,50.0,0.28,9.09,0.1,0.55,63.64,1.61,51.56,0.98,1.31,0.4,27.7,0.76,0.5,38.91,87.06,15.94,79.78,2.39,94.74,16.8,92.8,34.47,91.89,4.1,51.53,21.35,38.97,0.03,0.28,0.0,0.05,0.13,60.0,0.08,5.74,72.81,0.81,53.13,0.3,50.0,0.55,0.13,7.03,75.99,0,,0,,0,0.0,0.0,0.0,,,1.36,,,0.03,0.03,0.0,0.0,0,0.0
F. Viñas,Toluca,León,CF,28,5000000,2030-06-30,33,2954,16,14.73,4,3.8,22.48,40.65,Uruguay,Uruguay,left,182,80,no,3.38,2.56,58.33,6.61,45.16,0.15,0.21,0.24,1.74,2.43,0.97,5,0.15,0,0.0,2.92,0.49,14,0.43,0.45,5,0.15,95,2.89,44.21,16.842,0.12,0.24,25.0,0.21,28.57,0.0,0.0,0.06,2.77,54.95,9.38,36.04,3.87,0.64,0.21,7.53,1.77,1.22,12.19,76.25,3.02,62.63,2.74,87.78,3.23,77.36,11.55,79.16,0.4,23.08,14.74,10.95,0.12,1.01,0.03,0.0,0.12,50.0,0.49,1.52,72.0,0.58,63.16,0.18,33.33,0.79,0.09,1.13,75.68,0,,0,,0,0.0,0.0,0.0,,,0.0,,,0.06,0.06,0.0,0.0,2,100.0
H. Martín,América,América,CF,33,4500000,2027-06-30,36,2831,16,16.46,10,4.06,19.68,35.7,Mexico,Mexico,right,177,74,no,3.05,3.69,56.03,4.71,37.84,0.03,0.04,0.03,0.95,1.2,0.95,2,0.06,0,0.0,1.78,0.51,12,0.38,0.52,4,0.13,51,1.62,60.78,31.373,0.32,0.19,33.33,0.13,25.0,0.03,0.0,0.06,1.43,40.0,7.82,26.02,3.27,0.6,0.25,12.75,1.43,1.3,18.98,81.24,3.53,66.67,5.5,86.13,5.34,85.71,17.9,82.95,0.89,57.14,13.83,16.89,0.13,0.92,0.0,0.03,0.32,50.0,0.67,1.84,70.69,0.79,52.0,0.51,50.0,1.11,0.06,1.65,82.69,0,,0,,0,0.0,0.0,0.0,,,0.0,,,0.0,0.0,0.0,0.03,5,80.0
V. Guzmán,Toluca,Guadalajara,"LCMF, RCMF, AMF",31,4500000,,32,2121,7,5.91,4,2.11,16.63,49.23,Mexico,Mexico,right,175,77,no,6.62,6.79,60.0,3.39,45.0,0.17,0.23,0.04,2.38,3.15,1.19,7,0.3,0,0.0,2.29,0.3,4,0.17,0.25,0,0.0,44,1.87,40.91,15.909,0.17,1.91,46.67,0.93,40.91,0.98,52.17,0.04,0.81,68.42,4.2,39.39,1.32,1.23,0.34,29.96,0.93,0.81,38.19,82.78,10.14,71.13,7.64,92.78,13.62,85.05,33.31,86.88,3.22,60.53,18.07,35.62,0.09,1.23,0.04,0.04,0.21,40.0,0.51,5.43,72.66,2.38,62.5,0.51,41.67,0.93,0.98,5.94,75.71,0,,0,,0,0.0,0.0,0.0,,,0.21,,,1.1,0.04,0.0,1.4,4,75.0
Rodrigo Dourado,América,Atlético de San Luis,"RDMF, RCMF, DMF",32,4500000,2028-12-31,37,3555,1,0.85,0,0.6,14.08,60.97,Brazil,Brazil,right,188,74,no,9.72,7.04,64.75,2.08,65.85,0.63,0.81,0.41,4.53,5.8,1.06,7,0.18,1,0.03,0.78,0.03,1,0.03,0.02,0,0.0,6,0.15,66.67,16.667,0.0,0.08,0.0,0.03,0.0,0.05,0.0,0.03,0.86,73.53,3.14,49.19,0.56,0.76,0.08,33.87,0.28,0.84,49.06,91.43,16.3,86.18,4.81,94.21,20.58,95.33,46.15,92.81,2.84,71.43,17.6,31.56,0.02,0.38,0.05,0.03,0.08,66.67,0.05,5.97,87.71,0.41,68.75,0.3,66.67,0.2,0.0,6.66,75.29,0,,0,,0,0.0,0.0,0.0,,,0.58,,,0.0,0.0,0.0,0.0,0,0.0
O. Campos,Cruz Azul,Santos Laguna,LB,24,4500000,2028-12-31,21,2115,0,0.36,1,0.83,16.09,55.56,Mexico,Mexico,left,174,65,no,9.57,7.53,64.41,2.64,54.84,0.43,0.52,0.21,4.3,5.27,0.64,4,0.17,0,0.0,1.62,0.0,0,0.0,0.02,0,0.0,8,0.34,37.5,0.0,0.04,1.15,18.52,1.15,18.52,0.0,0.0,0.26,2.55,50.0,4.55,43.93,0.77,1.62,0.6,17.11,0.6,0.64,26.47,80.71,13.23,76.21,3.87,91.21,6.55,83.77,21.53,87.75,3.83,58.89,18.95,31.08,0.04,0.43,0.04,0.04,0.04,0.0,0.17,3.57,83.33,1.23,34.48,0.21,60.0,0.34,0.3,6.72,65.19,0,,0,,0,0.0,0.0,0.0,,,0.34,,,0.0,0.0,0.0,0.09,0,0.0
F. Ambríz,Monterrey,León,"LCMF, RCMF, DMF",23,4500000,2029-06-30,22,1909,3,2.86,0,0.6,14.94,47.95,Mexico,Mexico,right,172,68,no,7.35,7.12,54.3,2.83,48.33,0.33,0.47,0.42,3.16,4.47,1.27,3,0.14,1,0.05,1.37,0.14,3,0.14,0.13,1,0.05,33,1.56,27.27,9.091,0.0,0.38,0.0,0.19,0.0,0.19,0.0,0.0,2.03,41.86,3.77,36.25,1.37,1.04,0.42,28.62,0.28,0.38,39.08,88.3,9.0,73.82,6.55,94.96,16.74,92.39,35.36,91.47,3.35,64.79,18.28,30.34,0.03,0.66,0.0,0.05,0.19,50.0,0.28,4.67,79.8,0.9,31.58,0.57,33.33,0.57,0.0,3.72,69.62,0,,0,,0,0.0,0.0,0.0,,,0.47,,,0.0,0.0,0.0,0.0,0,0.0
M. Meza,Independiente,Monterrey,"RW, LW, RAMF",33,4000000,2027-12-31,37,2715,7,6.92,4,3.72,21.78,43.53,Argentina,Argentina,right,181,80,no,6.73,5.5,51.81,2.92,45.45,0.99,1.29,0.03,2.88,3.76,0.83,6,0.2,1,0.03,4.71,0.23,6,0.2,0.23,1,0.03,62,2.06,33.87,11.29,0.13,3.51,23.58,1.03,19.35,2.45,25.68,0.53,5.04,59.21,11.54,41.38,2.88,3.18,1.13,27.65,2.22,1.49,36.03,78.75,9.45,73.33,5.67,94.74,13.56,78.24,30.0,86.85,2.65,58.75,19.58,34.73,0.12,1.03,0.03,0.03,0.5,40.0,0.6,5.04,78.95,3.98,43.33,0.73,40.91,1.36,0.96,6.2,86.1,0,,0,,0,0.0,0.0,0.0,,,0.23,,,0.3,0.07,0.0,0.93,1,100.0
D. Terans,,Pachuca,"CF, RW, LW",31,4000000,,11,607,0,2.26,0,0.59,17.64,29.41,Uruguay,Uruguay,left,176,71,no,2.97,3.86,42.31,2.67,16.67,0.15,0.19,0.0,1.19,1.52,2.08,4,0.59,0,0.0,2.97,0.0,0,0.0,0.33,0,0.0,29,4.3,34.48,0.0,0.0,1.33,33.33,0.3,0.0,0.89,33.33,0.0,2.08,42.86,8.6,29.31,3.11,1.93,1.04,21.94,1.19,0.74,27.28,78.8,6.97,68.09,6.82,93.48,7.12,75.0,24.17,82.21,1.78,66.67,16.43,12.92,0.09,1.33,0.0,0.0,0.74,20.0,0.44,4.6,67.74,2.22,53.33,1.33,33.33,1.04,0.44,2.82,94.74,0,,0,,0,0.0,0.0,0.0,,,0.44,,,1.33,0.44,33.33,2.82,0,0.0
N. Deossa,Real Betis,Pachuca,"LDMF, RDMF, AMF",26,4000000,2030-06-30,20,1208,5,1.06,1,0.71,27.64,50.67,Colombia,Colombia,left,178,74,no,7.9,7.15,47.92,4.1,56.36,0.07,0.11,0.15,4.4,6.73,1.86,3,0.22,0,0.0,4.92,0.37,5,0.37,0.08,0,0.0,45,3.35,20.0,11.111,0.07,0.67,22.22,0.3,50.0,0.37,0.0,0.07,5.66,68.42,13.41,53.33,0.75,4.32,1.94,23.54,0.67,2.01,37.25,79.2,12.81,65.7,4.17,92.86,14.3,84.9,30.55,82.68,6.11,67.07,20.05,32.77,0.05,0.82,0.0,0.0,0.37,60.0,0.3,9.39,73.81,2.09,46.43,1.12,53.33,1.04,0.07,7.6,80.39,0,,0,,0,0.0,0.0,0.0,,,0.3,,,0.52,0.22,0.0,0.07,0,0.0
C. Baeza,Vélez Sarsfield,Toluca,"RCMF, RDMF, LDMF",32,4000000,2027-12-31,32,2535,1,0.81,0,1.67,16.47,53.45,Chile,Chile,right,171,68,no,9.3,9.59,56.67,1.95,34.55,1.1,1.62,0.11,2.77,4.08,1.81,11,0.39,0,0.0,0.78,0.04,1,0.04,0.03,0,0.0,13,0.46,23.08,7.692,0.0,0.28,25.0,0.07,0.0,0.18,20.0,0.04,0.78,63.64,2.95,61.45,0.21,1.07,0.25,43.78,0.39,1.07,56.45,92.2,15.2,83.18,6.82,98.44,27.73,95.26,50.49,94.51,5.68,75.0,19.67,33.67,0.06,0.57,0.07,0.0,0.18,60.0,0.07,7.24,83.82,0.71,45.0,0.6,41.18,0.32,0.04,7.99,79.56,0,,0,,0,0.0,0.0,0.0,,,0.82,,,0.32,0.0,0.0,0.85,0,0.0
C. Cowell,New York RB,Guadalajara,"LW, LAMF, LWF",22,4000000,2027-06-30,18,874,1,2.37,0,1.25,21.83,37.26,United States,"United States, Mexico",right,182,76,yes,3.71,4.22,60.98,1.75,23.53,0.31,0.4,0.0,0.82,1.07,0.51,1,0.1,0,0.0,4.94,0.1,1,0.1,0.24,0,0.0,23,2.37,39.13,4.348,0.0,3.6,31.43,2.37,39.13,1.24,16.67,0.41,5.97,46.55,12.67,36.59,3.09,2.99,0.62,15.45,4.22,0.72,18.95,69.02,2.88,64.29,5.87,94.74,6.49,50.79,15.03,77.4,0.82,50.0,19.21,17.67,0.13,1.03,0.0,0.0,0.41,25.0,0.72,0.41,0.0,3.09,46.67,0.51,40.0,0.72,1.13,1.96,73.68,0,,0,,0,0.0,0.0,0.0,,,0.1,,,0.0,0.0,0.0,0.1,0,0.0
C. Acevedo,Santos Laguna,Santos Laguna,GK,30,4000000,2027-06-30,25,2450,0,0.0,0,0.0,0.59,81.25,Mexico,Mexico,right,182,68,no,1.03,0.11,66.67,0.37,90.0,0.04,0.04,0.0,0.92,1.11,0.0,2,0.07,0,0.0,0.0,0.0,0,0.0,0.0,0,0.0,0,0.0,0.0,0.0,0.0,0.0,0.0,0.0,0.0,0.0,0.0,0.0,0.0,0.0,0.0,0.0,0.0,0.0,0.0,8.74,0.18,0.04,14.84,87.87,7.68,78.95,0.0,0.0,6.58,97.21,9.7,97.35,5.14,70.0,31.66,47.81,0.0,0.0,0.0,0.0,0.0,0.0,0.0,0.81,50.0,0.04,0.0,0.07,100.0,0.0,0.0,4.15,77.88,42,1.54,125,4.59,5,66.4,39.77,1.46,-2.23,-0.082,0.0,0.99,0.37,,,,0.0,0,0.0
J. Gallardo,Toluca,Monterrey,"LB, LW, LAMF",31,4000000,2027-06-30,31,2359,3,3.37,4,2.75,14.0,55.86,Mexico,Mexico,left,176,73,no,6.64,5.3,61.87,2.75,51.39,0.0,0.0,0.15,3.36,4.34,0.76,4,0.15,0,0.0,2.75,0.11,3,0.11,0.13,1,0.04,23,0.88,26.09,13.043,0.15,2.63,24.64,2.48,23.08,0.08,50.0,0.27,2.79,65.75,4.54,57.14,2.14,1.75,0.65,25.75,3.2,0.46,35.4,80.17,8.55,70.54,7.94,95.19,13.12,80.81,30.6,86.03,2.25,64.41,19.27,28.37,0.11,0.8,0.0,0.0,0.15,25.0,0.57,3.51,67.39,2.48,47.69,0.23,33.33,1.18,0.72,6.37,77.84,0,,0,,0,0.0,0.0,0.0,,,0.72,,,0.0,0.0,0.0,0.04,0,0.0
J. Dilrosun,Al Sadd,América,"RW, RAMF",27,4000000,2026-12-31,15,881,1,0.73,2,1.45,17.78,45.98,Netherlands,"Netherlands, Suriname",left,175,74,no,5.01,3.68,50.0,0.72,14.29,0.0,0.0,0.0,3.17,4.03,0.72,1,0.1,0,0.0,6.95,0.1,1,0.1,0.07,0,0.0,10,1.02,50.0,10.0,0.2,3.58,31.43,0.0,0.0,3.58,31.43,0.51,8.68,57.65,12.36,47.11,2.04,4.39,0.92,24.42,2.45,1.33,30.24,75.34,5.31,67.31,7.97,93.59,10.93,68.22,24.82,83.13,2.04,55.0,18.07,29.2,0.15,0.61,0.1,0.1,0.41,75.0,0.41,1.23,58.33,4.09,45.0,0.31,100.0,1.33,1.23,4.39,69.77,0,,0,,0,0.0,0.0,0.0,,,0.1,,,0.2,0.1,0.0,0.51,0,0.0
J. Dinenno,Deportivo Cali,Pumas UNAM,CF,31,4000000,2026-12-31,20,993,7,6.75,0,0.29,22.3,29.67,Argentina,"Argentina, Italy",right,186,82,no,2.63,2.54,39.29,8.25,37.36,0.18,0.27,0.09,1.45,2.14,0.73,2,0.18,0,0.0,2.63,0.63,3,0.27,0.61,2,0.18,34,3.08,52.94,20.588,0.0,0.54,33.33,0.18,100.0,0.27,0.0,0.0,2.27,32.0,8.88,22.45,3.08,0.54,0.0,12.69,1.63,0.73,16.77,75.68,3.35,62.16,2.81,83.87,6.8,85.33,15.68,79.19,0.63,28.57,15.21,12.62,0.03,0.36,0.0,0.0,0.45,20.0,0.0,2.27,80.0,0.91,40.0,0.63,14.29,0.45,0.09,1.54,70.59,0,,0,,0,0.0,0.0,0.0,,,0.0,,,0.18,0.18,0.0,0.0,4,100.0
G. Sepúlveda,Juárez,Guadalajara,"RCB, LCB",27,4000000,2028-06-30,29,2812,1,0.4,0,0.01,14.02,62.56,Mexico,Mexico,right,182,78,yes,8.83,5.28,79.39,4.51,48.94,0.32,0.41,0.86,4.32,5.56,0.54,6,0.19,0,0.0,0.29,0.03,1,0.03,0.01,1,0.03,5,0.16,60.0,20.0,0.0,0.03,100.0,0.0,0.0,0.03,100.0,0.0,0.32,50.0,1.7,58.49,0.35,0.99,0.16,26.85,0.32,0.74,39.17,88.4,15.43,78.42,2.08,93.85,18.05,96.63,34.15,93.44,5.02,54.14,21.73,37.53,0.0,0.03,0.0,0.0,0.0,0.0,0.0,4.19,70.23,0.19,33.33,0.32,50.0,0.03,0.0,6.31,71.57,0,,0,,0,0.0,0.0,0.0,,,1.34,,,0.0,0.0,0.0,0.0,0,0.0
B. García,Toluca,Toluca,"RB, LB",28,4000000,2028-06-30,35,3126,3,3.17,3,3.18,12.21,48.35,Mexico,Mexico,right,170,62,no,7.89,5.53,59.9,1.27,38.64,0.06,0.08,0.2,4.52,6.63,0.69,5,0.14,1,0.03,2.33,0.09,3,0.09,0.09,0,0.0,33,0.95,42.42,9.091,0.09,1.96,39.71,0.4,42.86,1.5,38.46,0.2,1.76,60.66,3.92,40.44,1.96,2.33,0.66,35.59,2.42,0.4,46.84,86.11,11.69,74.38,8.75,97.04,19.38,88.26,39.5,91.18,5.53,64.58,19.68,34.61,0.09,0.66,0.09,0.03,0.2,42.86,0.37,4.09,76.76,2.59,57.78,0.35,41.67,1.21,0.66,7.95,73.91,0,,0,,0,0.0,0.0,0.0,,,1.15,,,0.26,0.12,25.0,0.32,0,0.0
I. Lichnovsky,,América,"RCB, LCB",32,4000000,,34,3148,2,2.46,2,0.55,10.15,61.69,Chile,"Chile, Austria",right,188,80,no,6.2,3.4,66.39,3.69,64.34,0.03,0.04,0.34,3.92,4.94,0.74,14,0.4,0,0.0,0.37,0.06,2,0.06,0.07,2,0.06,15,0.43,40.0,13.333,0.06,0.09,66.67,0.03,0.0,0.06,100.0,0.0,0.17,66.67,0.89,51.61,0.74,0.57,0.09,28.88,0.34,0.4,40.25,92.4,14.95,84.7,2.86,96.0,17.53,97.88,37.11,95.38,3.09,56.48,19.53,39.08,0.02,0.11,0.03,0.03,0.03,100.0,0.09,3.12,69.72,0.4,42.86,0.11,25.0,0.23,0.06,5.0,72.57,0,,0,,0,0.0,0.0,0.0,,,1.8,,,0.0,0.0,0.0,0.0,0,0.0
S. Vegas,León,Monterrey,"LCB, LB",29,4000000,2028-06-30,29,2729,1,2.55,2,0.79,13.55,54.74,Chile,Chile,left,180,75,yes,9.1,6.33,62.5,3.36,49.02,0.79,1.04,0.63,4.35,5.72,0.89,9,0.3,0,0.0,1.09,0.03,1,0.03,0.08,1,0.03,20,0.66,25.0,5.0,0.07,1.12,38.24,1.12,38.24,0.0,0.0,0.1,0.86,53.85,2.04,45.16,0.92,0.76,0.07,31.17,0.96,0.33,42.54,84.34,16.32,74.55,4.91,94.63,16.92,92.01,36.61,90.09,4.91,51.68,20.66,37.35,0.03,0.36,0.0,0.03,0.1,33.33,0.16,4.98,66.23,1.42,46.51,0.56,35.29,0.43,0.4,8.38,69.69,0,,0,,0,0.0,0.0,0.0,,,2.11,,,0.0,0.0,0.0,0.03,0,0.0
J. Cortizo,León,Monterrey,"RW, LW, RAMF",30,4000000,2028-07-31,29,2000,4,1.79,5,2.78,31.05,46.52,Mexico,"Mexico, Spain",left,172,69,no,6.8,7.87,58.86,1.17,34.62,0.59,0.82,0.0,1.58,2.2,1.4,8,0.36,0,0.0,5.27,0.18,4,0.18,0.08,0,0.0,29,1.31,27.59,13.793,0.23,1.85,48.78,1.26,53.57,0.59,38.46,0.09,6.66,58.11,19.17,41.78,2.34,2.57,1.17,27.86,0.86,3.15,38.66,87.89,8.1,80.0,8.73,95.36,12.6,90.71,35.73,90.43,1.08,70.83,15.5,19.94,0.13,1.31,0.05,0.0,0.54,25.0,0.54,4.28,90.53,3.2,66.2,0.68,33.33,1.62,0.81,4.86,84.26,0,,0,,0,0.0,0.0,0.0,,,0.05,,,0.18,0.0,0.0,0.27,0,0.0
J. Corona,Monterrey,Monterrey,"RW, RAMF",33,3500000,2027-06-30,24,1152,0,0.85,3,3.11,25.47,43.25,Mexico,"Mexico, Portugal",right,173,70,no,4.3,3.52,66.67,0.78,20.0,0.08,0.11,0.08,1.88,2.75,1.09,1,0.08,0,0.0,6.8,0.0,0,0.0,0.07,0,0.0,10,0.78,30.0,0.0,0.23,5.39,42.03,1.02,15.38,4.38,48.21,0.78,8.28,49.06,17.97,40.0,3.05,3.52,1.17,30.16,2.58,1.95,42.81,80.47,9.61,73.17,10.08,91.47,15.0,79.17,35.47,87.44,2.19,60.71,17.78,21.52,0.24,1.8,0.0,0.0,0.7,33.33,1.02,2.81,77.78,5.63,50.0,1.09,28.57,1.56,2.19,7.27,86.02,0,,0,,0,0.0,0.0,0.0,,,0.39,,,0.0,0.0,0.0,0.86,0,0.0
Unai Bilbao,Club Tijuana,Atlético de San Luis,LCB,32,3500000,2027-06-30,32,3022,6,5.9,1,0.87,8.93,62.0,Spain,Spain,left,193,84,no,7.74,2.86,67.71,3.9,61.83,0.12,0.15,1.13,5.69,7.18,0.45,4,0.12,0,0.0,0.6,0.18,3,0.09,0.18,3,0.09,22,0.66,40.91,27.273,0.03,0.09,100.0,0.06,100.0,0.03,100.0,0.0,0.33,72.73,0.86,55.17,0.89,0.54,0.09,36.39,0.51,0.39,48.48,91.22,19.42,84.2,2.53,97.65,22.25,96.12,42.74,95.12,5.66,61.58,23.0,44.28,0.03,0.12,0.0,0.0,0.03,0.0,0.09,4.71,63.92,0.45,53.33,0.21,14.29,0.24,0.09,6.76,74.89,0,,0,,0,0.0,0.0,0.0,,,1.94,,,0.0,0.0,0.0,0.0,4,75.0
E. Gularte,Sporting Gijón,Querétaro,RCB,28,3500000,2027-06-30,34,3361,2,4.06,4,0.96,15.05,60.5,Uruguay,Uruguay,right,188,80,yes,9.05,5.68,75.0,4.79,44.13,0.13,0.15,0.54,4.66,5.2,1.07,7,0.19,1,0.03,0.91,0.05,2,0.05,0.11,0,0.0,26,0.7,30.77,7.692,0.11,0.27,20.0,0.03,0.0,0.24,22.22,0.05,0.7,88.46,2.04,60.53,1.04,0.46,0.19,12.8,0.24,0.37,23.81,79.87,11.76,70.39,2.01,92.0,8.14,90.79,18.58,86.74,4.95,57.3,23.7,40.93,0.03,0.16,0.0,0.03,0.03,100.0,0.13,3.59,59.7,0.75,39.29,0.43,43.75,0.32,0.05,5.92,69.68,0,,0,,0,0.0,0.0,0.0,,,1.45,,,0.03,0.0,0.0,0.0,0,0.0
C. Rotondi,Cruz Azul,Cruz Azul,"LWB, LW, LB",29,3500000,2028-06-30,38,3248,6,6.3,3,4.75,17.62,49.06,Argentina,Argentina,left,180,75,no,8.95,7.18,59.07,1.97,40.85,0.75,1.11,0.03,3.96,5.87,1.39,7,0.19,0,0.0,3.99,0.17,5,0.14,0.17,1,0.03,71,1.97,29.58,8.451,0.08,4.46,27.33,4.29,28.39,0.17,0.0,0.69,3.71,57.46,6.29,44.05,2.77,1.55,0.53,19.51,2.41,0.5,26.77,70.81,7.2,60.77,6.18,96.41,9.12,64.74,20.39,82.07,2.22,52.5,21.57,35.4,0.13,1.0,0.03,0.0,0.44,12.5,0.55,2.6,57.45,3.77,33.82,0.64,17.39,0.55,1.14,4.85,78.29,0,,0,,0,0.0,0.0,0.0,,,0.33,,,0.17,0.0,0.0,1.08,1,100.0
A. Oliveros,Necaxa,Necaxa,"LB, LCB",27,3500000,2027-06-30,25,2327,0,0.75,1,0.59,10.64,61.82,Uruguay,"Uruguay, Spain",left,182,80,no,7.93,5.11,70.45,2.51,55.38,0.15,0.16,0.23,4.18,4.38,0.58,2,0.08,0,0.0,0.58,0.0,0,0.0,0.03,0,0.0,10,0.39,20.0,0.0,0.04,0.62,31.25,0.62,31.25,0.0,0.0,0.0,0.46,66.67,1.35,51.43,0.54,0.35,0.0,13.77,0.62,0.73,22.55,72.56,11.22,62.76,2.05,96.23,7.04,81.32,15.86,84.15,6.07,46.5,23.8,40.28,0.02,0.27,0.04,0.0,0.0,0.0,0.15,4.76,55.28,1.16,43.33,0.58,53.33,0.46,0.19,6.11,65.82,0,,0,,0,0.0,0.0,0.0,,,0.5,,,0.04,0.04,0.0,0.0,0,0.0
E. Unsain,Talleres Córdoba,Necaxa,GK,31,3500000,2029-12-31,27,2711,0,0.0,1,0.09,0.37,90.91,Argentina,Argentina,right,188,83,no,1.06,0.0,0.0,0.23,100.0,0.03,0.04,0.0,1.03,1.13,0.0,0,0.0,0,0.0,0.0,0.0,0,0.0,0.0,0,0.0,0,0.0,0.0,0.0,0.03,0.0,0.0,0.0,0.0,0.0,0.0,0.0,0.0,0.0,0.03,100.0,0.0,0.0,0.0,6.81,0.03,0.03,12.42,76.2,8.03,65.7,0.0,0.0,4.05,96.72,5.31,96.88,7.07,61.03,44.41,57.03,0.0,0.03,0.0,0.0,0.0,0.0,0.03,3.49,59.05,0.3,11.11,0.37,36.36,0.03,0.0,4.88,79.59,44,1.46,129,4.28,6,65.89,40.0,1.33,-4.0,-0.133,0.0,1.46,0.23,,,,0.0,0,0.0
A. Peña,Necaxa,Necaxa,RCB,30,3500000,,36,3689,2,1.38,0,0.0,11.15,63.68,Mexico,Mexico,right,185,83,no,9.22,5.64,74.46,2.85,53.85,0.12,0.13,0.54,4.9,5.39,0.51,4,0.1,0,0.0,0.34,0.05,2,0.05,0.03,2,0.05,15,0.37,33.33,13.333,0.0,0.22,44.44,0.0,0.0,0.22,44.44,0.0,0.22,44.44,0.81,21.21,0.51,0.37,0.12,14.64,0.15,0.32,25.23,85.49,11.93,76.07,2.17,97.75,8.98,95.65,21.42,91.0,3.66,55.33,22.5,38.4,0.0,0.0,0.0,0.05,0.02,100.0,0.02,3.61,67.57,0.39,37.5,0.24,40.0,0.12,0.07,5.1,71.29,0,,0,,0,0.0,0.0,0.0,,,1.71,,,0.02,0.0,0.0,0.0,0,0.0
Samir,Al Najma,Tigres UANL,"LCB, CB",31,3500000,2027-06-30,31,2827,1,1.28,0,0.05,14.52,62.5,Brazil,Brazil,left,185,93,no,9.23,7.04,74.21,2.96,51.61,0.32,0.45,0.73,3.69,5.27,1.02,6,0.19,0,0.0,0.48,0.03,1,0.03,0.04,0,0.0,11,0.35,36.36,9.091,0.0,0.06,100.0,0.03,100.0,0.03,100.0,0.03,0.35,81.82,2.13,47.76,0.38,1.4,0.16,30.37,0.38,0.8,41.61,91.35,12.26,79.48,3.92,97.56,22.09,97.41,38.08,95.57,3.47,44.95,20.31,39.45,0.0,0.03,0.0,0.03,0.03,0.0,0.0,3.09,63.92,0.29,33.33,0.22,0.0,0.06,0.03,5.03,62.66,0,,0,,0,0.0,0.0,0.0,,,2.96,,,0.0,0.0,0.0,0.0,0,0.0
A. González,Atlas,Monterrey,"CF, LCMF, LW",31,3500000,2028-06-30,26,1162,3,1.53,4,1.96,16.81,49.77,Mexico,Mexico,left,175,69,no,7.28,5.58,73.61,2.32,46.67,0.54,0.79,0.08,2.63,3.82,0.46,0,0.0,0,0.0,2.17,0.23,3,0.23,0.12,1,0.08,22,1.7,36.36,13.636,0.31,1.47,31.58,1.08,28.57,0.39,40.0,0.15,1.63,66.67,6.51,35.71,2.56,1.24,0.15,23.39,1.32,1.16,32.22,83.65,7.51,74.23,6.58,95.29,11.0,88.03,29.59,86.13,1.24,87.5,15.2,12.28,0.15,1.55,0.0,0.0,0.08,0.0,0.39,2.48,90.63,1.86,45.83,0.15,50.0,1.39,0.46,3.41,81.82,0,,0,,0,0.0,0.0,0.0,,,0.15,,,0.93,0.08,0.0,2.87,0,0.0
E. Aguirre,Monterrey,Monterrey,RB,29,3500000,,20,1687,0,0.16,2,2.37,14.46,54.61,Mexico,Mexico,right,174,67,no,10.08,8.75,60.37,2.24,52.38,0.43,0.54,0.16,4.37,5.57,0.91,1,0.05,0,0.0,2.13,0.0,0,0.0,0.01,0,0.0,3,0.16,0.0,0.0,0.11,3.41,48.44,0.11,50.0,3.31,48.39,0.48,0.85,56.25,1.55,41.38,1.44,0.91,0.43,26.67,1.97,0.11,38.3,82.87,13.39,76.49,6.08,97.37,11.95,82.14,31.0,89.67,4.11,57.14,19.15,34.21,0.13,0.96,0.05,0.05,0.05,0.0,0.69,3.79,80.28,3.31,59.68,0.48,44.44,1.07,1.6,8.54,75.63,0,,0,,0,0.0,0.0,0.0,,,1.12,,,0.0,0.0,0.0,0.0,0,0.0
L. Romero,Cruzeiro,León,RCMF,32,3200000,2027-12-31,16,1237,0,0.17,0,0.95,13.97,53.65,Argentina,"Argentina, Italy",right,170,68,no,6.98,6.77,55.91,1.24,58.82,0.87,1.39,0.07,2.33,3.71,1.31,4,0.29,1,0.07,1.46,0.0,0,0.0,0.01,0,0.0,6,0.44,33.33,0.0,0.0,0.65,77.78,0.22,66.67,0.44,83.33,0.07,1.24,58.82,4.0,45.45,0.36,0.51,0.07,35.58,0.58,0.73,49.62,89.74,15.21,81.34,5.6,90.91,20.74,94.74,44.6,91.84,4.37,70.0,18.05,30.07,0.07,1.24,0.0,0.0,0.36,20.0,0.51,8.51,80.34,1.67,69.57,0.65,22.22,0.8,0.51,6.62,86.81,0,,0,,0,0.0,0.0,0.0,,,0.36,,,0.07,0.0,0.0,0.0,0,0.0
J. Barreiro,Millonarios,León,RCB,32,3200000,2028-06-30,24,2132,2,2.08,1,0.56,13.85,61.28,Colombia,Colombia,right,189,80,no,8.32,6.21,70.75,2.91,59.42,0.0,0.0,0.34,3.93,5.38,1.22,5,0.21,0,0.0,0.8,0.08,2,0.08,0.09,1,0.04,14,0.59,50.0,14.286,0.04,0.51,25.0,0.0,0.0,0.51,25.0,0.13,0.84,40.0,2.11,46.0,0.8,1.82,0.59,26.68,0.72,0.68,38.16,82.85,18.87,76.29,2.15,90.2,13.04,90.61,30.39,89.86,7.3,57.23,22.26,41.15,0.02,0.13,0.04,0.04,0.04,100.0,0.13,7.77,69.57,1.01,37.5,0.84,50.0,0.21,0.17,10.38,74.39,0,,0,,0,0.0,0.0,0.0,,,1.35,,,0.0,0.0,0.0,0.0,0,0.0
R. Chávez,Monterrey,Atlético de San Luis,RB,31,3000000,,37,3278,2,3.17,3,2.78,16.69,54.11,Mexico,Mexico,right,175,68,no,8.98,6.78,65.18,3.4,51.61,0.82,1.05,0.36,3.73,4.78,0.99,9,0.25,0,0.0,2.58,0.05,2,0.05,0.09,1,0.03,32,0.88,21.88,6.25,0.08,2.94,39.25,0.0,0.0,2.94,39.25,0.22,1.76,68.75,4.64,48.52,1.73,1.54,0.41,34.05,2.42,0.99,43.22,84.18,12.88,76.76,6.42,97.44,16.09,84.64,37.37,89.57,3.1,61.06,18.45,33.56,0.08,0.8,0.0,0.03,0.03,100.0,0.44,3.62,76.52,2.22,45.68,0.22,12.5,0.38,0.96,7.08,69.38,0,,0,,0,0.0,0.0,0.0,,,0.58,,,0.03,0.0,0.0,0.16,0,0.0
P. Pedraza,Necaxa,Pachuca,"LDMF, RDMF, LCMF",26,3000000,2027-12-31,27,1828,0,0.2,0,0.22,18.12,51.9,Mexico,Mexico,right,183,72,yes,11.91,9.26,59.57,2.61,41.51,1.28,1.73,0.3,5.12,6.9,1.77,8,0.39,0,0.0,0.54,0.0,0,0.0,0.01,0,0.0,7,0.34,0.0,0.0,0.0,0.15,0.0,0.0,0.0,0.15,0.0,0.0,0.94,52.63,3.5,40.85,0.39,0.84,0.3,24.22,0.15,0.74,35.79,88.45,11.03,80.36,4.78,94.85,14.13,92.33,33.43,90.72,2.22,60.0,17.37,27.72,0.01,0.34,0.0,0.05,0.1,50.0,0.1,6.01,80.33,0.59,41.67,0.2,50.0,0.2,0.0,5.12,84.62,0,,0,,0,0.0,0.0,0.0,,,0.44,,,0.0,0.0,0.0,0.0,0,0.0
S. Barreto,Pachuca,Pachuca,"LCB, RCB",27,3000000,2027-06-30,33,3164,1,1.76,0,0.31,16.7,67.12,Argentina,"Argentina, Paraguay",right,183,86,no,11.21,7.0,76.42,6.0,64.93,0.54,0.72,0.54,5.32,7.07,0.77,9,0.26,0,0.0,0.23,0.03,1,0.03,0.05,1,0.03,17,0.48,23.53,5.882,0.0,0.06,100.0,0.06,100.0,0.0,0.0,0.0,0.17,33.33,0.74,57.69,0.6,0.34,0.06,19.31,0.2,0.54,33.62,85.03,15.27,73.37,0.82,93.1,14.82,96.55,28.27,90.74,5.29,54.3,21.96,38.2,0.01,0.09,0.0,0.0,0.03,0.0,0.03,3.53,61.29,0.48,23.53,0.26,0.0,0.11,0.06,6.43,65.04,0,,0,,0,0.0,0.0,0.0,,,0.57,,,0.0,0.0,0.0,0.0,0,0.0
D. Valoyes,Talleres Córdoba,Juárez,"RW, RAMF",29,3000000,2026-12-31,4,257,1,0.53,2,0.21,30.12,50.0,Colombia,Colombia,right,181,76,yes,7.35,6.65,52.63,2.45,57.14,0.35,0.48,0.35,3.5,4.76,3.15,1,0.35,0,0.0,5.25,0.35,1,0.35,0.19,0,0.0,6,2.1,16.67,16.667,0.7,1.05,0.0,0.0,0.0,1.05,0.0,0.0,7.35,66.67,17.86,49.02,3.15,3.5,0.35,14.36,0.35,3.5,19.96,80.7,5.25,80.0,4.55,76.92,2.8,87.5,18.91,85.19,0.0,0.0,15.66,0.0,0.07,1.05,0.0,0.0,0.35,0.0,0.7,2.1,100.0,0.35,100.0,0.35,0.0,0.7,0.0,2.1,100.0,0,,0,,0,0.0,0.0,0.0,,,0.0,,,0.0,0.0,0.0,0.0,0,0.0
C. Calderón,Pumas UNAM,América,LB,29,3000000,2026-12-31,35,2910,0,1.0,5,3.0,15.34,52.22,Mexico,Mexico,left,177,66,no,8.41,7.14,61.9,2.85,47.83,0.31,0.4,0.25,3.68,4.81,0.8,4,0.12,0,0.0,1.95,0.0,0,0.0,0.03,0,0.0,14,0.43,7.14,0.0,0.15,2.26,36.99,2.2,36.62,0.06,50.0,0.25,1.73,58.93,3.77,37.7,0.9,0.74,0.31,25.86,1.61,0.34,36.84,82.54,14.57,75.8,6.15,94.47,10.61,82.51,30.62,91.11,4.18,42.96,19.28,37.17,0.09,0.65,0.0,0.03,0.12,50.0,0.43,4.61,65.1,2.41,51.28,0.25,12.5,0.49,0.8,7.02,71.37,0,,0,,0,0.0,0.0,0.0,,,0.71,,,0.12,0.0,0.0,0.19,0,0.0
J. Caicedo,Huracán,Atlas,CF,28,3000000,2026-12-31,25,1810,5,10.36,1,0.68,27.45,31.34,Ecuador,Ecuador,right,185,82,yes,2.83,2.54,47.06,6.56,40.15,0.15,0.21,0.15,1.49,2.13,1.69,4,0.2,1,0.05,2.49,0.25,5,0.25,0.52,1,0.05,51,2.54,43.14,9.804,0.05,0.4,12.5,0.1,0.0,0.3,16.67,0.05,2.83,47.37,11.88,24.27,3.73,0.85,0.4,6.91,2.34,0.75,11.93,75.42,1.34,74.07,4.77,86.46,2.93,64.41,11.09,77.58,0.45,77.78,16.24,14.14,0.03,0.55,0.0,0.0,0.0,0.0,0.25,0.94,63.16,0.6,41.67,0.05,0.0,0.6,0.05,0.65,61.54,0,,0,,0,0.0,0.0,0.0,,,0.0,,,0.0,0.0,0.0,0.0,1,0.0
H. Preciado,,Santos Laguna,CF,32,3000000,,25,2326,16,13.17,2,0.89,23.56,34.15,Colombia,Colombia,right,182,70,no,2.24,1.7,63.64,5.96,35.71,0.04,0.05,0.08,1.12,1.38,0.97,7,0.27,0,0.0,2.63,0.62,11,0.43,0.51,1,0.04,65,2.52,50.77,24.615,0.08,0.35,11.11,0.0,0.0,0.31,0.0,0.0,2.59,41.79,11.22,31.38,3.71,0.97,0.19,10.76,1.43,1.43,17.18,76.13,3.99,65.05,3.91,84.16,5.03,85.38,16.25,78.1,0.58,60.0,15.16,16.2,0.03,0.74,0.0,0.08,0.62,37.5,0.19,2.21,71.93,1.2,64.52,0.54,35.71,0.97,0.04,1.51,79.49,0,,0,,0,0.0,0.0,0.0,,,0.0,,,0.0,0.0,0.0,0.0,6,83.333
Pedro Raul,Corinthians,Toluca,CF,29,3000000,2028-12-31,15,699,2,2.64,0,0.6,23.18,34.44,Brazil,Brazil,right,193,86,no,3.61,3.22,56.0,5.54,39.53,0.13,0.19,0.13,1.67,2.44,1.29,1,0.13,0,0.0,2.32,0.26,2,0.26,0.34,0,0.0,20,2.58,35.0,10.0,0.0,0.39,33.33,0.26,50.0,0.13,0.0,0.13,2.83,45.45,10.43,28.4,3.48,0.9,0.13,11.59,2.06,1.03,17.25,75.37,3.09,50.0,4.64,91.67,5.67,77.27,16.48,76.56,0.39,66.67,13.12,7.06,0.08,0.64,0.0,0.0,0.26,0.0,0.26,1.67,61.54,0.64,40.0,0.13,0.0,1.03,0.13,1.03,62.5,0,,0,,0,0.0,0.0,0.0,,,0.0,,,0.0,0.0,0.0,0.0,0,0.0
L. Rodríguez,,Club Tijuana,"AMF, LW, RCMF",29,3000000,,29,2329,3,5.34,3,1.93,20.52,45.39,Argentina,Argentina,right,165,68,no,5.18,4.48,62.93,1.04,29.63,0.27,0.34,0.08,2.09,2.66,0.66,3,0.12,0,0.0,3.71,0.12,3,0.12,0.21,0,0.0,40,1.55,27.5,7.5,0.12,1.04,37.04,0.35,55.56,0.7,27.78,0.12,5.49,52.82,12.02,43.73,1.62,2.36,1.51,16.85,0.81,1.78,25.47,84.52,7.19,82.26,4.41,92.11,8.97,84.48,23.3,87.06,1.16,76.67,16.51,26.14,0.07,0.85,0.0,0.04,0.12,0.0,0.39,3.44,91.01,1.62,64.29,0.12,33.33,1.12,0.19,2.86,85.14,0,,0,,0,0.0,0.0,0.0,,,0.04,,,0.27,0.0,0.0,0.7,1,0.0
Christian Rivera,Pachuca,Club Tijuana,"DMF, LCMF, RCMF",30,3000000,2028-12-31,32,3154,7,5.62,1,0.9,20.94,55.31,Colombia,Colombia,right,185,76,no,11.36,9.42,62.42,2.97,55.77,0.8,1.01,0.23,4.68,5.91,2.08,11,0.31,1,0.03,1.14,0.2,1,0.03,0.16,0,0.0,33,0.94,39.39,21.212,0.03,0.09,0.0,0.03,0.0,0.03,0.0,0.0,1.08,68.42,5.19,47.8,0.31,1.08,0.26,28.02,0.11,1.14,45.94,90.37,12.93,78.37,5.48,98.44,22.29,96.41,40.63,92.98,5.22,71.58,20.97,39.67,0.03,0.43,0.03,0.03,0.11,25.0,0.11,7.9,80.14,0.71,52.0,0.66,39.13,0.31,0.0,6.82,78.24,0,,0,,0,0.0,0.0,0.0,,,1.14,,,0.03,0.0,0.0,0.0,6,100.0
N. Díaz,Club Tijuana,Club Tijuana,LCB,27,3000000,2027-06-30,29,2733,0,1.18,1,0.81,15.12,66.23,Chile,Chile,left,180,73,no,11.89,7.64,75.86,2.86,56.32,0.53,0.67,0.72,5.57,7.04,0.79,10,0.33,0,0.0,0.89,0.0,0,0.0,0.04,0,0.0,14,0.46,57.14,0.0,0.03,0.66,40.0,0.66,40.0,0.0,0.0,0.13,0.69,52.38,2.07,46.03,0.63,1.32,0.13,28.52,0.53,0.86,42.81,86.77,17.55,76.55,3.56,98.15,17.72,94.8,35.33,91.61,6.82,66.18,22.31,38.01,0.03,0.2,0.0,0.03,0.03,0.0,0.13,5.24,71.07,0.99,36.67,0.3,22.22,0.16,0.3,9.19,73.48,0,,0,,0,0.0,0.0,0.0,,,1.94,,,0.0,0.0,0.0,0.0,0,0.0
G. Martínez,Pumas UNAM,Pumas UNAM,CF,31,3000000,2026-12-31,38,3175,18,14.92,1,1.19,23.81,35.71,Mexico,Mexico,left,191,91,no,2.86,2.95,48.08,8.42,49.83,0.11,0.15,0.09,1.33,1.75,1.62,12,0.34,0,0.0,1.93,0.51,16,0.45,0.42,7,0.2,88,2.49,48.86,20.455,0.03,0.31,36.36,0.23,37.5,0.09,33.33,0.06,0.96,52.94,8.45,21.81,3.0,0.2,0.06,9.35,1.53,1.28,12.61,77.08,2.61,56.52,2.81,90.91,4.17,76.19,11.34,79.5,0.99,62.86,16.07,22.21,0.03,0.45,0.0,0.0,0.17,50.0,0.17,1.9,67.16,0.62,50.0,0.23,37.5,0.57,0.09,1.16,70.73,0,,0,,0,0.0,0.0,0.0,,,0.0,,,0.0,0.0,0.0,0.0,2,100.0
U. Rivas,Pumas UNAM,Pumas UNAM,"RCMF, RDMF",30,3000000,,39,3326,6,3.56,0,0.37,12.04,48.31,Mexico,"Mexico, Italy",right,176,72,no,6.63,5.66,60.29,2.08,42.86,0.46,0.61,0.38,2.76,3.66,0.81,6,0.16,0,0.0,0.65,0.16,6,0.16,0.1,1,0.03,36,0.97,33.33,16.667,0.0,0.51,31.58,0.08,0.0,0.43,37.5,0.0,0.32,50.0,2.27,34.52,0.97,0.35,0.11,17.24,0.41,0.51,25.41,84.98,7.14,74.24,3.84,95.77,10.28,89.21,23.19,88.56,1.76,50.77,17.99,27.28,0.01,0.24,0.05,0.0,0.05,0.0,0.03,3.22,76.47,0.76,42.86,0.22,25.0,0.27,0.14,3.14,59.48,0,,0,,0,0.0,0.0,0.0,,,0.51,,,0.0,0.0,0.0,0.0,0,0.0
N. Benedetti,Las Palmas,Mazatlán,"CF, AMF",29,3000000,2026-06-30,9,607,2,1.55,2,2.36,22.09,38.93,Colombia,Colombia,right,177,76,no,3.11,4.89,48.48,1.48,30.0,0.0,0.0,0.0,0.74,0.89,1.33,2,0.3,0,0.0,5.34,0.3,1,0.15,0.23,0,0.0,15,2.22,33.33,13.333,0.3,3.26,36.36,0.89,33.33,2.37,37.5,0.15,6.52,50.0,13.49,37.36,2.97,2.82,1.33,22.54,1.48,1.33,29.95,77.72,7.41,66.0,7.27,95.92,9.19,70.97,25.06,85.21,1.78,50.0,18.91,35.24,0.35,1.93,0.0,0.0,0.89,16.67,0.74,3.41,56.52,3.86,38.46,1.04,14.29,0.89,1.04,4.45,83.33,0,,0,,0,0.0,0.0,0.0,,,0.15,,,0.44,0.0,0.0,3.11,1,100.0
Dória,São Paulo,Santos Laguna,"LCB, CB",31,3000000,2027-12-31,24,2339,0,2.13,0,0.0,11.66,57.1,Brazil,"Brazil, Mexico",left,188,84,no,7.77,4.23,66.36,4.5,56.41,0.08,0.1,0.73,4.89,6.22,0.77,6,0.23,0,0.0,0.42,0.0,0,0.0,0.08,0,0.0,24,0.92,25.0,0.0,0.0,0.04,100.0,0.04,100.0,0.0,0.0,0.0,0.15,75.0,1.04,40.74,0.73,0.5,0.04,27.17,0.23,0.27,38.9,84.97,17.05,70.2,2.12,98.18,16.78,98.17,32.4,91.21,6.46,53.57,23.82,44.42,0.0,0.0,0.0,0.0,0.15,25.0,0.0,4.89,60.63,0.54,21.43,0.92,29.17,0.15,0.0,7.96,70.05,0,,0,,0,0.0,0.0,0.0,,,1.69,,,0.15,0.15,0.0,0.0,0,0.0
J. Torres,Juárez,Juárez,"RW, RAMF",25,3000000,,5,337,0,0.08,1,1.55,22.7,34.12,Mexico,Mexico,right,168,71,no,2.94,3.74,50.0,4.54,35.29,0.0,0.0,0.0,1.07,1.48,1.07,1,0.27,0,0.0,5.34,0.0,0,0.0,0.02,0,0.0,5,1.34,0.0,0.0,0.27,5.34,45.0,0.27,100.0,5.07,42.11,0.53,6.41,41.67,11.75,25.0,2.94,2.94,0.0,22.43,1.6,1.6,30.18,77.88,6.41,79.17,8.81,90.91,9.88,72.97,22.97,88.37,2.14,37.5,21.03,18.97,0.41,1.07,0.0,0.0,0.27,100.0,0.8,2.4,88.89,3.47,53.85,0.53,50.0,0.53,2.4,6.68,84.0,0,,0,,0,0.0,0.0,0.0,,,0.53,,,0.0,0.0,0.0,0.53,0,0.0
B. Amione,Santos Laguna,Santos Laguna,"LB, LCB",24,3000000,2027-12-31,10,956,1,0.75,0,0.26,14.69,60.26,Argentina,"Argentina, Italy",left,187,78,no,8.47,7.06,68.0,2.17,69.57,0.28,0.38,0.66,3.39,4.52,0.94,3,0.28,0,0.0,0.94,0.09,1,0.09,0.07,0,0.0,3,0.28,33.33,33.333,0.0,0.47,40.0,0.47,40.0,0.0,0.0,0.0,1.32,42.86,3.2,41.18,0.47,0.94,0.19,40.01,0.56,1.13,49.14,90.23,17.23,83.61,4.42,100.0,19.49,92.75,43.96,94.86,4.8,52.94,18.64,44.46,0.02,0.09,0.0,0.0,0.09,100.0,0.09,3.11,63.64,0.75,25.0,0.38,25.0,0.0,0.09,4.9,67.31,0,,0,,0,0.0,0.0,0.0,,,1.41,,,0.0,0.0,0.0,0.0,0,0.0
L. Suárez,Pumas UNAM,Pumas UNAM,"RW, RAMF",30,3000000,2026-12-31,32,1794,5,3.16,6,4.42,15.6,47.59,Argentina,"Argentina, Spain",left,169,69,no,4.67,4.52,58.89,1.3,34.62,0.2,0.27,0.1,1.81,2.43,0.65,5,0.25,0,0.0,4.31,0.25,5,0.25,0.16,0,0.0,54,2.71,38.89,9.259,0.3,2.66,32.08,0.5,20.0,2.11,33.33,0.35,3.61,63.89,7.78,48.39,1.76,1.91,0.55,32.96,1.86,1.56,39.98,83.06,9.58,74.87,7.53,96.0,16.86,80.36,32.86,89.31,4.77,66.32,20.62,31.59,0.22,1.76,0.05,0.0,0.4,25.0,0.7,6.22,67.74,3.26,49.23,0.95,42.11,1.2,0.75,6.82,83.09,0,,0,,0,0.0,0.0,0.0,,,0.1,,,1.2,0.65,69.23,2.56,0,0.0
J. Intriago,Barcelona,Mazatlán,"RCMF, RDMF, LCMF",30,3000000,2026-12-31,28,2828,1,0.5,0,0.25,12.41,51.03,Ecuador,Ecuador,right,170,72,no,4.55,4.3,60.0,0.99,51.61,0.16,0.21,0.06,1.81,2.34,0.67,5,0.16,0,0.0,1.75,0.03,1,0.03,0.02,0,0.0,20,0.64,30.0,5.0,0.0,0.51,50.0,0.13,50.0,0.32,60.0,0.03,2.0,57.14,5.6,45.45,0.13,1.15,0.35,34.08,0.13,1.27,44.14,92.36,10.44,84.76,6.3,97.98,21.26,95.06,39.94,95.06,3.72,69.23,18.77,35.5,0.01,0.32,0.06,0.03,0.19,83.33,0.06,5.89,84.86,0.8,56.0,0.45,50.0,0.29,0.25,5.19,76.69,0,,0,,0,0.0,0.0,0.0,,,0.99,,,0.06,0.0,0.0,0.03,0,0.0
L. Merolla,Cerro Porteño,Mazatlán,"LCB, CB",31,3000000,,4,318,0,0.2,0,0.0,18.96,68.66,Argentina,Argentina,left,194,85,no,10.75,8.21,68.97,6.51,73.91,0.28,0.35,0.28,4.81,5.93,1.7,3,0.85,0,0.0,0.28,0.0,0,0.0,0.06,0,0.0,1,0.28,0.0,0.0,0.0,0.0,0.0,0.0,0.0,0.0,0.0,0.0,0.28,100.0,2.26,62.5,0.28,0.28,0.28,19.53,0.28,1.7,30.85,87.16,12.17,72.09,2.26,87.5,12.74,97.78,26.6,91.49,4.25,60.0,21.28,40.41,0.0,0.0,0.0,0.0,0.0,0.0,0.0,2.26,50.0,0.28,0.0,0.85,33.33,0.0,0.0,5.66,65.0,0,,0,,0,0.0,0.0,0.0,,,1.42,,,0.0,0.0,0.0,0.0,0,0.0
G. Fernández,Cruz Azul,Cruz Azul,CF,32,2800000,2026-12-31,26,2074,9,8.92,1,1.64,27.25,43.31,Uruguay,Uruguay,right,186,88,no,3.25,2.56,50.85,8.42,50.0,0.17,0.25,0.13,1.78,2.54,1.0,2,0.09,0,0.0,2.91,0.39,9,0.39,0.39,3,0.13,56,2.43,32.14,16.071,0.04,0.61,14.29,0.3,28.57,0.3,0.0,0.0,3.78,52.87,12.5,38.89,3.86,1.95,0.56,9.94,1.78,1.74,15.71,72.1,3.82,64.77,2.78,85.94,4.51,75.0,14.84,74.27,0.3,71.43,14.57,10.61,0.07,0.52,0.04,0.0,0.04,100.0,0.22,1.78,73.17,0.87,45.0,0.04,100.0,1.0,0.09,1.48,70.59,0,,0,,0,0.0,0.0,0.0,,,0.0,,,0.09,0.04,0.0,0.04,0,0.0
G. Piovi,Cruz Azul,Cruz Azul,LCB,31,2500000,2028-12-31,23,2274,0,2.03,0,0.91,15.16,60.57,Argentina,"Argentina, Spain",left,180,72,no,11.44,7.52,70.0,3.44,47.13,0.47,0.76,0.16,5.7,9.13,0.83,3,0.12,0,0.0,1.03,0.0,0,0.0,0.08,0,0.0,34,1.35,26.47,0.0,0.0,0.63,43.75,0.63,43.75,0.0,0.0,0.04,0.32,75.0,1.19,40.0,0.79,1.98,0.2,46.15,1.58,0.47,61.58,86.05,21.06,74.62,4.63,93.16,30.47,92.99,50.38,91.99,10.65,60.22,24.49,45.07,0.04,0.51,0.0,0.0,0.36,44.44,0.24,10.77,68.38,2.61,42.42,1.62,36.59,0.91,0.32,11.87,75.0,0,,0,,0,0.0,0.0,0.0,,,2.02,,,0.16,0.08,50.0,0.0,1,0.0
R. Fulgencio,Juárez,Atlas,"LW, LAMF",26,2500000,2028-06-30,30,1929,3,1.43,4,4.11,16.24,37.07,Mexico,Mexico,right,176,60,no,4.01,4.71,44.55,0.56,0.0,0.0,0.0,0.0,1.91,2.56,0.61,2,0.09,1,0.05,3.97,0.14,3,0.14,0.07,0,0.0,27,1.26,29.63,11.111,0.19,3.27,37.14,2.85,40.98,0.42,11.11,0.75,4.25,53.85,9.56,34.63,1.59,2.19,0.7,20.9,1.21,0.37,30.0,78.85,7.05,71.52,6.95,91.95,10.68,78.6,24.03,85.63,3.08,65.15,18.84,28.45,0.19,1.91,0.23,0.0,0.14,66.67,0.61,3.55,73.68,3.17,45.59,0.28,66.67,0.56,1.17,5.41,78.45,0,,0,,0,0.0,0.0,0.0,,,0.05,,,0.61,0.0,0.0,2.01,0,0.0
J. Angulo,Toluca,Toluca,"AMF, CF, LW",29,2500000,2027-06-30,35,2037,6,3.04,2,3.75,14.8,45.67,Mexico,Mexico,left,172,65,no,4.51,4.33,67.35,0.84,36.84,0.44,0.66,0.0,1.15,1.71,0.27,3,0.13,0,0.0,2.34,0.27,6,0.27,0.13,0,0.0,34,1.5,44.12,17.647,0.09,0.66,53.33,0.35,37.5,0.27,66.67,0.04,2.43,49.09,7.73,34.86,1.94,1.59,0.66,34.9,1.15,0.93,44.58,88.8,12.06,79.85,7.56,95.32,15.99,90.61,41.09,90.54,2.83,71.88,16.26,31.52,0.17,1.72,0.13,0.04,0.4,33.33,0.53,5.35,82.64,2.16,77.55,0.75,35.29,1.77,0.35,5.61,84.25,0,,0,,0,0.0,0.0,0.0,,,0.22,,,0.49,0.0,0.0,1.86,0,0.0
A. Montes,Cruz Azul,Necaxa,"LCB, RCB, CB",25,2500000,2027-06-30,34,2923,2,2.68,1,0.05,15.52,67.86,Mexico,Mexico,right,192,88,no,11.12,6.9,75.89,4.65,63.58,0.12,0.13,0.8,5.76,6.3,0.86,8,0.25,0,0.0,0.92,0.06,2,0.06,0.08,2,0.06,21,0.65,47.62,9.524,0.03,0.06,50.0,0.03,100.0,0.03,0.0,0.0,0.77,68.0,1.97,56.25,0.71,0.55,0.12,16.41,0.28,0.62,28.91,79.45,14.66,67.44,1.2,100.0,10.56,93.0,22.91,86.69,5.94,51.81,24.65,41.76,0.0,0.06,0.0,0.0,0.12,50.0,0.06,5.6,59.34,0.8,34.62,0.71,47.83,0.25,0.03,7.02,64.91,0,,0,,0,0.0,0.0,0.0,,,0.95,,,0.0,0.0,0.0,0.0,0,0.0
D. Barbosa,Toluca,Club Tijuana,RB,29,2500000,,27,2432,0,1.02,1,1.88,20.28,57.3,Mexico,Mexico,right,173,62,no,11.69,10.99,67.68,1.26,52.94,0.7,0.87,0.19,3.55,4.4,1.0,5,0.19,0,0.0,3.33,0.0,0,0.0,0.04,0,0.0,22,0.81,9.09,0.0,0.04,4.29,33.62,0.0,0.0,4.29,33.62,0.22,2.81,64.47,6.11,45.45,0.89,1.78,0.59,21.87,2.11,0.67,32.08,74.97,11.29,67.21,5.66,95.42,10.55,75.09,23.5,85.35,4.48,57.85,20.44,34.05,0.07,1.11,0.04,0.04,0.19,0.0,0.3,4.33,72.65,3.52,44.21,0.33,11.11,0.33,1.41,7.81,80.09,0,,0,,0,0.0,0.0,0.0,,,0.52,,,0.0,0.0,0.0,0.0,0,0.0
G. del Prete,Atlas,Mazatlán,"CF, AMF, RW",30,2500000,,34,2262,5,5.47,2,2.84,23.75,40.87,Argentina,Argentina,left,175,78,no,5.37,5.37,54.81,2.79,37.14,0.95,1.29,0.08,1.47,2.0,1.47,3,0.12,0,0.0,3.18,0.2,5,0.2,0.22,0,0.0,45,1.79,37.78,11.111,0.08,1.03,38.46,0.48,50.0,0.56,28.57,0.16,3.98,50.0,12.06,37.62,2.98,1.79,0.36,22.52,1.63,1.99,29.92,80.19,7.52,67.2,7.88,91.92,8.59,81.02,27.1,83.99,1.83,45.65,16.15,20.52,0.11,1.07,0.04,0.0,0.4,30.0,0.44,3.58,65.56,2.35,62.71,0.76,36.84,1.27,0.32,4.22,74.53,0,,0,,0,0.0,0.0,0.0,,,0.08,,,0.08,0.04,0.0,0.2,0,0.0
R. Sordo,Santos Laguna,Santos Laguna,"RW, LW, LAMF",26,2500000,2027-12-31,10,475,1,1.4,0,0.16,17.81,40.43,Argentina,Argentina,right,174,68,no,3.22,3.6,31.58,0.19,100.0,0.19,0.24,0.0,1.89,2.44,1.52,0,0.0,0,0.0,4.55,0.19,1,0.19,0.27,0,0.0,13,2.46,30.77,7.692,0.0,1.89,10.0,1.33,14.29,0.57,0.0,0.38,6.25,57.58,12.13,39.06,2.27,3.41,1.14,21.41,1.14,0.76,27.66,72.6,3.79,45.0,6.44,85.29,10.04,81.13,24.44,77.52,1.52,62.5,15.95,18.64,0.03,0.57,0.0,0.0,0.19,0.0,0.19,2.46,84.62,2.08,9.09,0.38,0.0,0.57,0.19,3.6,73.68,0,,0,,0,0.0,0.0,0.0,,,0.0,,,0.19,0.19,0.0,0.76,0,0.0
O. Rodríguez,Tigres UANL,León,"LB, LCB",29,2500000,2027-06-30,32,2560,1,0.84,2,1.54,14.1,57.36,Mexico,Mexico,left,175,74,no,8.93,7.45,62.74,2.57,50.68,0.39,0.54,0.35,3.87,5.45,1.09,6,0.21,0,0.0,0.91,0.04,1,0.04,0.03,0,0.0,12,0.42,25.0,8.333,0.07,1.23,20.0,1.2,20.59,0.04,0.0,0.07,0.88,56.0,2.32,46.97,0.7,0.74,0.18,23.55,1.23,0.63,32.41,86.55,12.27,81.38,4.43,97.62,10.62,89.4,28.58,92.13,2.64,57.33,19.84,33.99,0.05,0.49,0.07,0.0,0.07,100.0,0.21,3.23,76.09,1.23,45.71,0.21,50.0,0.35,0.28,5.91,73.21,0,,0,,0,0.0,0.0,0.0,,,0.18,,,0.04,0.0,0.0,0.04,0,0.0
J. Domínguez,León,Toluca,"RAMF, RW",27,2500000,2028-12-31,31,2609,8,5.96,3,5.41,18.08,39.12,Mexico,Mexico,right,175,73,no,4.11,5.31,57.79,1.52,22.73,0.03,0.05,0.03,1.0,1.5,0.86,1,0.03,1,0.03,2.73,0.28,8,0.28,0.21,1,0.03,47,1.62,48.94,17.021,0.1,1.03,23.33,0.17,0.0,0.86,28.0,0.21,3.35,47.42,8.9,31.78,3.21,1.79,0.66,21.25,1.76,0.9,27.32,83.96,4.9,76.76,7.62,93.67,7.62,79.64,26.04,86.49,0.34,60.0,14.04,13.31,0.19,1.14,0.03,0.0,0.28,37.5,0.48,1.62,76.6,1.76,56.86,0.21,33.33,1.31,0.17,2.35,80.88,0,,0,,0,0.0,0.0,0.0,,,0.24,,,0.17,0.0,0.0,0.79,0,0.0
C. Moreno,Pachuca,Pachuca,GK,28,2500000,2028-06-30,33,3357,0,0.0,0,0.0,0.59,81.82,Mexico,Mexico,right,190,88,no,1.5,0.13,80.0,0.24,100.0,0.0,0.0,0.0,1.39,1.89,0.03,3,0.08,0,0.0,0.0,0.0,0,0.0,0.0,0,0.0,0,0.0,0.0,0.0,0.0,0.0,0.0,0.0,0.0,0.0,0.0,0.0,0.0,0.0,0.08,66.67,0.0,0.0,0.0,6.73,0.19,0.08,13.0,84.95,9.6,81.01,0.0,0.0,3.22,98.33,7.27,95.2,5.74,71.96,36.05,47.16,0.0,0.0,0.0,0.0,0.0,0.0,0.0,1.9,66.2,0.11,25.0,0.11,25.0,0.03,0.0,5.04,81.38,47,1.26,139,3.73,8,66.19,43.47,1.17,-3.53,-0.095,0.0,1.37,0.24,,,,0.0,0,0.0
F. Almada,Puebla,Mazatlán,RCB,28,2500000,,35,3592,3,2.3,0,0.25,11.73,59.83,Argentina,Argentina,right,182,82,no,8.17,5.29,65.88,2.86,59.65,0.18,0.22,0.65,4.51,5.76,0.58,6,0.15,0,0.0,0.43,0.08,3,0.08,0.06,2,0.05,23,0.58,30.43,13.043,0.0,0.13,60.0,0.0,0.0,0.13,60.0,0.0,0.23,66.67,1.18,38.3,0.68,0.85,0.1,25.28,0.38,0.13,36.48,86.95,14.46,77.47,2.91,93.97,16.04,94.22,32.0,91.62,4.36,53.45,22.11,38.41,0.01,0.1,0.0,0.0,0.08,33.33,0.03,3.98,69.18,0.35,28.57,0.23,22.22,0.05,0.08,6.94,71.12,0,,0,,0,0.0,0.0,0.0,,,2.08,,,0.0,0.0,0.0,0.0,0,0.0
I. Rivero,Club Tijuana,Cruz Azul,"RB, LWB, RCB",34,2300000,2028-06-30,37,3319,4,7.55,4,4.61,16.51,50.57,Uruguay,Uruguay,right,174,65,no,8.41,7.7,59.51,2.6,36.46,0.49,0.73,0.3,3.34,5.0,0.98,12,0.33,0,0.0,2.49,0.11,4,0.11,0.2,2,0.05,63,1.71,36.51,6.349,0.11,2.87,28.3,1.0,29.73,1.87,27.54,0.46,1.84,48.53,4.26,49.04,1.55,1.38,0.62,30.94,2.66,1.22,39.67,79.02,14.81,71.98,6.32,93.13,12.28,79.47,31.86,87.32,5.1,53.72,19.87,35.56,0.13,1.19,0.05,0.03,0.3,54.55,0.6,6.4,69.07,3.8,47.86,0.76,46.43,1.22,0.87,8.6,79.81,0,,0,,0,0.0,0.0,0.0,,,0.71,,,0.68,0.33,50.0,1.27,0,0.0
V. Huerta,,Toluca,LCB,32,2300000,,23,2268,0,0.93,1,0.3,9.64,60.91,Chile,Chile,left,186,77,no,7.42,4.21,68.87,3.53,55.06,0.56,0.84,0.44,3.97,6.01,0.36,3,0.12,0,0.0,0.32,0.0,0,0.0,0.04,0,0.0,12,0.48,16.67,0.0,0.04,0.16,25.0,0.16,25.0,0.0,0.0,0.0,0.24,66.67,0.67,58.82,0.44,0.91,0.04,42.62,0.99,0.24,57.02,90.95,23.02,82.76,2.3,96.55,28.17,97.61,50.36,94.56,6.51,64.63,22.72,38.37,0.01,0.12,0.0,0.04,0.04,100.0,0.04,7.98,81.59,0.6,33.33,0.36,33.33,0.12,0.04,11.19,76.95,0,,0,,0,0.0,0.0,0.0,,,1.51,,,0.12,0.12,33.33,0.0,0,0.0
R. Aguirre,Tigres UANL,Monterrey,"CF, AMF",31,2300000,2029-12-31,21,724,0,3.27,1,0.24,24.86,43.0,Uruguay,Uruguay,left,184,82,no,3.36,3.73,50.0,7.21,53.45,0.12,0.17,0.0,1.37,1.92,1.74,3,0.37,0,0.0,3.36,0.0,0,0.0,0.41,0,0.0,22,2.73,40.91,0.0,0.12,1.37,45.45,1.12,44.44,0.25,50.0,0.0,3.23,46.15,9.2,36.49,4.85,1.99,0.75,12.18,1.62,1.74,14.17,78.07,2.98,62.5,3.36,96.3,5.1,73.17,12.56,83.17,0.37,0.0,17.07,5.36,0.03,0.62,0.0,0.0,0.37,33.33,0.12,1.37,63.64,0.99,87.5,0.37,33.33,0.37,0.75,1.49,75.0,0,,0,,0,0.0,0.0,0.0,,,0.0,,,0.12,0.12,100.0,0.0,0,0.0
A. Loba,,Club Tijuana,CF,28,2200000,,13,779,6,3.94,0,0.07,19.64,26.47,Côte d'Ivoire,Côte d'Ivoire,right,180,75,no,1.96,1.5,23.08,4.16,30.56,0.12,0.15,0.0,1.5,1.93,1.04,2,0.23,0,0.0,2.31,0.69,6,0.69,0.45,1,0.12,16,1.85,62.5,37.5,0.0,0.0,0.0,0.0,0.0,0.0,0.0,0.0,3.12,37.04,10.28,20.22,2.77,1.27,0.46,8.32,1.04,1.04,12.59,80.73,1.96,52.94,4.16,91.67,3.93,85.29,12.48,80.56,0.12,100.0,13.05,3.77,0.01,0.69,0.0,0.0,0.12,0.0,0.0,1.04,55.56,0.58,60.0,0.12,0.0,0.46,0.0,0.81,71.43,0,,0,,0,0.0,0.0,0.0,,,0.0,,,0.0,0.0,0.0,0.0,0,0.0
A. Rocha,Atlas,Atlas,"DMF, RCMF, LCMF",33,2000000,2027-06-30,29,2649,5,2.43,0,0.72,12.33,48.48,Mexico,Mexico,right,166,70,no,6.9,5.44,56.88,2.17,40.63,0.37,0.49,0.2,3.43,4.54,0.61,8,0.27,2,0.07,0.92,0.17,4,0.14,0.08,1,0.03,25,0.85,32.0,20.0,0.0,0.51,33.33,0.17,60.0,0.31,22.22,0.07,0.85,52.0,2.96,41.38,0.78,0.78,0.2,36.69,0.31,0.82,50.42,88.27,13.11,75.13,5.98,95.45,23.92,93.61,44.85,91.97,5.1,60.67,19.14,36.96,0.02,0.41,0.03,0.03,0.17,20.0,0.1,7.71,79.3,0.85,40.0,0.58,23.53,0.17,0.2,6.35,74.33,0,,0,,0,0.0,0.0,0.0,,,0.88,,,0.27,0.1,33.33,0.0,1,100.0
S. Medina,Monterrey,Monterrey,"RB, RCB",34,2000000,2027-12-31,26,2265,1,0.86,1,1.92,15.74,59.34,Colombia,Colombia,right,180,72,no,8.82,7.11,68.16,3.14,60.76,0.44,0.58,0.36,3.54,4.73,1.19,5,0.2,0,0.0,1.91,0.04,1,0.04,0.03,1,0.04,13,0.52,23.08,7.692,0.04,2.5,38.1,0.04,0.0,2.46,38.71,0.44,1.43,55.56,3.5,50.0,1.27,1.15,0.24,33.38,1.43,0.68,43.83,86.31,14.7,81.08,5.88,95.27,16.29,88.78,37.91,92.24,3.46,55.17,18.71,31.25,0.08,0.68,0.04,0.0,0.12,33.33,0.4,4.17,82.86,2.46,53.23,0.52,23.08,0.48,0.95,7.27,79.78,0,,0,,0,0.0,0.0,0.0,,,1.55,,,0.0,0.0,0.0,0.0,0,0.0
R. Funes Mori,,Pumas UNAM,CF,35,2000000,,29,1933,8,7.74,3,2.53,14.81,32.08,Argentina,"Argentina, Mexico",right,186,79,no,1.63,1.63,54.29,3.63,37.18,0.05,0.06,0.0,0.7,0.92,0.74,5,0.23,0,0.0,1.4,0.37,8,0.37,0.36,3,0.14,39,1.82,41.03,20.513,0.14,0.37,37.5,0.23,20.0,0.14,66.67,0.05,1.07,43.48,6.61,23.94,3.03,0.28,0.14,9.92,1.12,0.84,14.48,82.32,2.0,76.74,4.1,92.05,5.45,79.49,13.83,83.5,0.28,83.33,17.29,5.75,0.12,0.74,0.05,0.0,0.14,33.33,0.28,0.98,76.19,0.56,66.67,0.14,33.33,0.65,0.14,0.7,73.33,0,,0,,0,0.0,0.0,0.0,,,0.05,,,0.0,0.0,0.0,0.0,1,0.0
E. Andrada,Monterrey,Monterrey,GK,35,2000000,2027-06-30,38,3852,0,0.0,0,0.0,1.31,78.57,Argentina,Argentina,right,194,83,no,2.24,0.09,50.0,0.79,91.18,0.0,0.0,0.0,2.2,2.82,0.0,8,0.19,0,0.0,0.07,0.0,0,0.0,0.0,0,0.0,0,0.0,0.0,0.0,0.0,0.0,0.0,0.0,0.0,0.0,0.0,0.0,0.09,75.0,0.33,57.14,0.0,0.02,0.02,18.2,0.23,0.26,27.34,89.83,14.56,82.83,0.05,100.0,11.89,98.04,19.16,97.56,8.15,71.92,29.1,44.05,0.0,0.0,0.0,0.0,0.0,0.0,0.0,1.29,47.27,0.16,28.57,0.14,50.0,0.07,0.0,5.61,73.33,38,0.89,153,3.57,11,75.16,38.03,0.89,0.03,0.001,0.02,1.94,0.79,,,,0.0,0,0.0
L. Di Yorio,Santos Laguna,Pachuca,CF,29,2000000,2028-12-31,15,1119,2,4.57,0,0.73,29.44,40.98,Argentina,"Argentina, Italy",right,186,83,no,4.42,4.5,58.93,8.93,47.75,0.0,0.0,0.24,1.77,2.21,1.61,1,0.08,0,0.0,2.73,0.16,2,0.16,0.37,0,0.0,34,2.73,44.12,5.882,0.0,1.37,11.76,0.16,50.0,1.21,6.67,0.4,2.33,58.62,11.34,32.62,3.94,2.01,1.05,8.2,1.93,1.61,11.9,72.3,2.73,61.76,2.98,89.19,2.73,73.53,10.38,80.62,0.24,33.33,18.98,6.12,0.06,0.88,0.0,0.0,0.0,0.0,0.32,0.97,58.33,0.56,42.86,0.0,0.0,0.48,0.24,1.29,81.25,0,,0,,0,0.0,0.0,0.0,,,0.0,,,0.24,0.24,33.33,0.0,0,0.0
C. Salcedo,Monterrey,Cruz Azul,"CB, RCB, LCB",32,2000000,2027-12-31,33,2596,0,0.57,0,0.34,10.54,56.91,Mexico,Mexico,right,184,77,no,7.11,3.67,66.04,3.43,58.59,0.83,1.15,0.49,3.85,5.31,0.45,7,0.24,0,0.0,0.31,0.0,0,0.0,0.02,0,0.0,8,0.28,12.5,0.0,0.0,0.28,37.5,0.1,33.33,0.17,40.0,0.0,0.31,55.56,1.39,27.5,0.8,0.73,0.1,40.53,0.94,0.28,52.52,90.76,17.65,83.3,3.4,92.86,26.21,95.37,45.45,94.66,6.83,67.01,21.79,39.6,0.01,0.24,0.03,0.03,0.0,0.0,0.07,4.89,76.6,0.31,44.44,0.07,100.0,0.24,0.07,7.73,73.99,0,,0,,0,0.0,0.0,0.0,,,1.59,,,0.0,0.0,0.0,0.0,0,0.0
J. Sierra,Mazatlán,Querétaro,"LW, RW, RCMF",29,2000000,2027-06-30,31,1581,0,2.25,2,1.81,16.22,50.53,Ecuador,Ecuador,right,174,64,no,7.8,7.34,61.24,1.71,30.0,0.23,0.26,0.23,3.07,3.48,0.63,4,0.23,0,0.0,1.42,0.0,0,0.0,0.13,0,0.0,21,1.2,23.81,0.0,0.11,0.57,30.0,0.28,40.0,0.28,20.0,0.06,1.42,60.0,4.55,46.25,1.42,0.91,0.23,17.08,1.14,1.02,27.21,79.08,9.85,70.52,4.33,93.42,7.51,77.27,23.8,83.49,2.85,52.0,18.48,27.1,0.1,0.63,0.0,0.0,0.23,50.0,0.23,4.04,73.24,1.59,50.0,0.63,54.55,1.08,0.23,5.52,74.23,0,,0,,0,0.0,0.0,0.0,,,0.23,,,0.4,0.11,0.0,0.4,0,0.0
E. Aguirre,Santos Laguna,Atlas,"CF, RW",27,2000000,,26,1763,7,7.97,1,1.85,25.42,31.12,Mexico,Mexico,right,176,75,no,5.26,3.47,60.29,6.43,23.02,0.31,0.4,0.1,2.86,3.77,1.12,2,0.1,0,0.0,2.4,0.36,6,0.31,0.41,1,0.05,44,2.25,29.55,15.909,0.05,1.17,34.78,0.05,0.0,1.12,36.36,0.15,2.25,54.55,11.49,29.33,3.01,0.71,0.05,10.21,2.14,1.68,14.91,74.66,2.91,66.67,4.39,90.7,3.98,73.08,13.58,77.82,0.31,66.67,14.5,11.7,0.09,0.51,0.0,0.0,0.41,25.0,0.36,1.02,55.0,1.43,46.43,0.31,33.33,0.66,0.31,1.43,82.14,0,,0,,0,0.0,0.0,0.0,,,0.0,,,0.0,0.0,0.0,0.05,1,100.0
D. Blanco,Defensa y Justicia,Club Tijuana,"RW, RAMF",31,2000000,2027-06-30,25,2134,2,1.59,3,2.72,27.24,39.63,Argentina,Argentina,right,167,67,no,7.04,7.51,56.74,0.72,23.53,0.59,0.72,0.17,2.19,2.66,1.64,8,0.34,0,0.0,3.21,0.08,2,0.08,0.07,0,0.0,16,0.67,25.0,12.5,0.13,2.19,23.08,0.13,0.0,2.02,25.0,0.04,5.86,42.45,14.55,34.49,2.28,1.9,0.38,9.95,0.89,1.73,18.13,73.72,3.54,64.29,4.77,89.38,5.44,72.87,14.76,81.71,1.18,67.86,17.18,16.09,0.11,1.22,0.0,0.0,0.08,50.0,0.38,0.84,85.0,1.94,56.52,0.04,0.0,0.84,0.46,2.91,73.91,0,,0,,0,0.0,0.0,0.0,,,0.08,,,0.97,0.04,0.0,2.15,0,0.0
R. Monreal,Necaxa,Necaxa,"CF, LW, RW",25,2000000,2027-06-30,27,1840,4,3.52,7,2.75,33.02,34.81,Mexico,Mexico,right,182,82,no,5.58,5.43,53.15,5.77,38.98,0.98,1.11,0.24,1.71,1.95,2.05,4,0.2,1,0.05,3.62,0.2,4,0.2,0.17,3,0.15,23,1.13,56.52,17.391,0.34,1.52,29.03,0.15,33.33,1.37,28.57,0.2,6.21,39.37,16.68,32.84,2.98,1.61,0.24,12.91,1.22,1.42,22.5,70.0,5.23,54.21,4.84,81.82,6.7,75.91,20.05,73.66,0.93,57.89,14.9,20.48,0.13,1.32,0.15,0.1,0.24,40.0,0.78,2.4,69.39,1.76,50.0,0.29,33.33,1.17,0.54,3.18,69.23,0,,0,,0,0.0,0.0,0.0,,,0.0,,,0.0,0.0,0.0,0.0,0,0.0
Gustavo Ferrareis,Atlas,Puebla,RB,30,2000000,2027-06-30,34,3109,1,0.96,0,2.5,15.75,52.02,Brazil,"Brazil, Italy",right,176,74,no,8.37,6.54,59.29,1.94,44.78,0.2,0.25,0.17,4.28,5.38,1.16,8,0.23,1,0.03,2.58,0.03,1,0.03,0.03,0,0.0,31,0.9,25.81,3.226,0.0,2.87,42.42,0.0,0.0,2.87,42.42,0.32,2.11,53.42,5.15,48.31,0.72,1.56,0.69,24.52,1.45,1.3,34.22,81.39,13.23,76.15,5.59,97.41,9.81,79.94,27.18,88.6,4.4,59.87,19.87,40.37,0.07,0.69,0.0,0.03,0.09,0.0,0.46,4.4,76.32,2.46,52.94,0.26,0.0,0.41,1.13,7.5,73.75,0,,0,,0,0.0,0.0,0.0,,,0.72,,,0.0,0.0,0.0,0.0,0,0.0
M. Flores,Tigres UANL,Tigres UANL,"LW, LAMF",22,2000000,2027-06-30,25,1016,6,3.97,0,1.51,20.11,40.53,Canada,"Canada, Mexico",right,168,60,no,4.87,3.72,61.9,1.33,13.33,0.18,0.28,0.0,2.39,3.77,0.27,1,0.09,0,0.0,4.69,0.53,6,0.53,0.35,1,0.09,27,2.39,40.74,22.222,0.0,1.59,27.78,1.51,29.41,0.09,0.0,0.27,6.47,47.95,12.76,36.81,3.37,4.87,0.53,21.61,1.77,0.53,29.41,85.84,6.2,77.14,8.95,93.07,8.5,84.38,25.95,90.44,1.95,72.73,15.75,17.72,0.13,1.59,0.27,0.0,0.62,28.57,0.44,1.68,94.74,2.48,50.0,0.71,37.5,1.15,0.44,4.25,79.17,0,,0,,0,0.0,0.0,0.0,,,0.18,,,0.18,0.0,0.0,0.8,0,0.0
J. Purata,Tigres UANL,Tigres UANL,"LCB, RCB",28,2000000,2029-06-30,10,733,0,0.0,0,0.0,13.75,58.93,Mexico,Mexico,right,188,78,no,7.98,5.89,62.5,4.67,60.53,0.61,0.82,1.23,3.68,4.92,1.47,4,0.49,0,0.0,0.12,0.0,0,0.0,0.0,0,0.0,0,0.0,0.0,0.0,0.0,0.0,0.0,0.0,0.0,0.0,0.0,0.0,0.12,100.0,0.86,85.71,0.25,0.86,0.37,35.24,0.12,0.74,50.59,86.41,22.47,75.41,2.95,100.0,20.01,94.48,44.57,91.18,6.02,51.02,21.26,34.99,0.0,0.0,0.0,0.0,0.0,0.0,0.0,4.3,62.86,0.12,0.0,0.37,33.33,0.0,0.0,8.59,68.57,0,,0,,0,0.0,0.0,0.0,,,2.46,,,0.0,0.0,0.0,0.0,0,0.0
Gaston Silva,Progreso,Puebla,LCB,32,2000000,2026-12-31,31,3026,1,2.22,0,0.49,11.9,55.0,Uruguay,"Uruguay, Italy",left,187,76,no,9.04,5.74,68.91,3.39,39.47,0.33,0.43,0.54,4.76,6.29,0.48,5,0.15,0,0.0,0.27,0.03,1,0.03,0.07,0,0.0,11,0.33,36.36,9.091,0.0,0.24,50.0,0.21,42.86,0.0,0.0,0.0,0.12,25.0,0.86,34.48,0.54,0.68,0.12,29.0,0.57,0.18,42.5,87.4,17.4,78.29,2.65,91.01,17.99,94.88,35.6,92.73,6.66,60.27,22.94,38.93,0.01,0.12,0.0,0.03,0.03,0.0,0.03,4.55,69.28,0.36,50.0,0.09,0.0,0.06,0.12,8.3,73.48,0,,0,,0,0.0,0.0,0.0,,,1.67,,,0.0,0.0,0.0,0.0,0,0.0
K. Balanta,Santa Fe,Club Tijuana,RCB,29,2000000,2029-06-30,31,2967,0,1.54,0,0.35,14.5,57.11,Colombia,Colombia,right,183,75,yes,9.19,6.79,68.3,2.64,44.83,0.24,0.3,0.52,4.31,5.32,1.21,6,0.18,1,0.03,0.73,0.0,0,0.0,0.05,0,0.0,9,0.27,11.11,0.0,0.0,0.12,25.0,0.06,50.0,0.06,0.0,0.03,0.82,77.78,2.52,49.4,0.46,1.3,0.21,25.48,0.36,0.55,40.01,86.88,17.56,76.68,3.09,92.16,15.96,95.82,34.13,91.73,5.76,59.47,22.64,40.97,0.01,0.21,0.03,0.03,0.06,50.0,0.06,5.98,67.01,0.52,41.18,0.36,50.0,0.24,0.03,8.77,75.09,0,,0,,0,0.0,0.0,0.0,,,2.28,,,0.0,0.0,0.0,0.0,0,0.0
S. Salles-Lamonge,Atlético de San Luis,Atlético de San Luis,"LAMF, AMF, LW",30,2000000,2026-12-31,29,1904,4,2.28,1,1.98,16.59,41.88,France,France,right,170,67,no,6.1,5.81,49.59,1.13,20.83,0.47,0.6,0.14,2.74,3.45,1.47,3,0.14,0,0.0,2.6,0.19,4,0.19,0.11,0,0.0,32,1.51,46.88,12.5,0.05,0.85,16.67,0.33,14.29,0.52,18.18,0.14,2.03,65.12,7.23,41.83,1.28,0.76,0.43,34.79,0.61,1.37,43.82,85.44,9.55,72.28,9.93,94.29,16.36,88.73,39.33,88.58,3.69,67.95,18.02,32.57,0.09,1.04,0.05,0.0,0.76,56.25,0.28,5.06,72.9,1.8,50.0,0.95,50.0,0.85,0.09,5.01,69.81,0,,0,,0,0.0,0.0,0.0,,,0.52,,,0.61,0.24,80.0,2.08,0,0.0
A. Medina,Everton,León,"LW, RW",28,2000000,2028-12-31,14,1096,2,1.31,0,1.64,17.82,47.0,Uruguay,Uruguay,right,170,71,no,6.49,6.65,58.02,1.15,28.57,0.25,0.33,0.08,2.38,3.19,0.9,1,0.08,2,0.16,3.78,0.16,2,0.16,0.11,0,0.0,17,1.4,29.41,11.765,0.0,3.04,45.95,1.89,56.52,1.07,30.77,0.16,3.78,47.83,7.47,39.56,1.81,1.15,0.57,20.2,1.48,0.9,29.89,73.9,9.03,62.73,4.43,92.59,12.65,76.62,21.35,83.85,5.75,50.0,23.64,42.09,0.13,1.31,0.08,0.0,0.25,66.67,0.66,4.84,69.49,3.78,54.35,1.4,64.71,1.07,1.56,6.73,74.39,0,,0,,0,0.0,0.0,0.0,,,0.16,,,0.25,0.0,0.0,1.31,0,0.0
I. Moreno,León,León,"RB, RWB",28,2000000,,30,2149,1,1.1,3,2.55,15.12,49.31,Mexico,Mexico,right,168,65,no,7.29,6.37,63.16,1.13,29.63,0.84,1.22,0.13,2.43,3.54,0.5,2,0.08,0,0.0,2.93,0.04,1,0.04,0.05,1,0.04,20,0.84,40.0,5.0,0.13,3.35,33.75,0.08,100.0,3.14,32.0,0.25,2.43,56.9,5.49,38.93,1.38,2.35,1.38,25.92,1.88,0.75,35.05,78.49,11.1,73.21,6.03,92.36,9.72,77.16,29.06,86.74,2.76,43.94,17.21,25.36,0.11,0.67,0.04,0.04,0.13,66.67,0.5,3.73,77.53,3.18,50.0,0.38,33.33,0.59,1.09,5.99,67.13,0,,0,,0,0.0,0.0,0.0,,,0.34,,,0.04,0.0,0.0,0.13,0,0.0
N. López,Platense,León,"CF, AMF, LWF",32,2000000,2027-12-31,32,1735,6,5.26,1,4.06,18.52,35.01,Uruguay,Uruguay,left,177,72,no,3.16,3.89,53.33,0.73,7.14,0.1,0.15,0.05,0.99,1.4,0.83,4,0.21,0,0.0,5.24,0.31,6,0.31,0.27,0,0.0,72,3.73,36.11,8.333,0.05,3.73,38.89,1.76,29.41,1.97,47.37,0.47,4.72,49.45,10.69,33.5,3.01,1.61,0.52,20.65,1.66,0.73,27.39,73.11,5.19,63.0,6.12,90.68,10.58,69.61,21.22,81.91,2.59,48.0,19.55,26.61,0.21,1.5,0.05,0.1,0.1,100.0,0.78,2.44,70.21,3.89,46.67,0.57,63.64,1.09,1.35,3.53,76.47,0,,0,,0,0.0,0.0,0.0,,,0.05,,,0.73,0.21,75.0,1.3,0,0.0
S. Reyes,León,América,"LB, LW",28,2000000,2027-06-30,34,1604,4,1.46,1,1.04,14.7,50.76,Mexico,Mexico,left,172,72,no,7.57,5.72,66.67,2.24,35.0,0.56,0.72,0.06,3.2,4.13,0.67,1,0.06,0,0.0,2.58,0.22,4,0.22,0.08,0,0.0,16,0.9,56.25,25.0,0.06,2.97,28.3,2.64,27.66,0.34,33.33,0.34,2.02,61.11,5.22,41.94,1.96,1.18,0.5,23.06,2.41,0.79,31.31,85.3,8.08,75.0,10.04,98.32,8.47,82.78,26.03,94.4,2.58,54.35,17.49,17.42,0.06,0.39,0.0,0.06,0.0,0.0,0.39,2.19,71.79,1.74,45.16,0.06,0.0,0.22,0.73,3.53,76.19,0,,0,,0,0.0,0.0,0.0,,,0.67,,,0.06,0.0,0.0,0.06,0,0.0
L. Amarilla,Juventude,Mazatlán,CF,30,2000000,2026-12-31,32,2469,11,7.97,1,2.8,20.89,30.72,Paraguay,Paraguay,right,182,74,yes,4.16,3.24,52.81,6.09,33.53,0.15,0.19,0.15,2.3,3.03,1.02,2,0.07,2,0.07,2.22,0.4,11,0.4,0.29,0,0.0,45,1.64,55.56,24.444,0.04,0.22,50.0,0.04,100.0,0.18,40.0,0.0,2.15,44.07,8.6,19.92,3.06,1.2,0.33,14.84,2.3,0.95,22.05,81.32,3.54,65.98,6.67,89.62,5.83,82.5,21.32,82.22,0.55,53.33,13.62,11.49,0.1,0.91,0.07,0.0,0.36,70.0,0.36,1.24,73.53,1.09,50.0,0.4,63.64,0.84,0.07,1.49,63.41,0,,0,,0,0.0,0.0,0.0,,,0.0,,,0.0,0.0,0.0,0.0,0,0.0
O. Govea,Guadalajara,Monterrey,"LCMF, RCMF, RDMF",30,2000000,2027-06-30,33,1960,0,0.39,4,1.84,14.97,43.25,Mexico,Mexico,right,176,69,no,7.9,6.89,50.0,1.56,55.88,0.78,1.0,0.23,3.67,4.7,2.11,9,0.41,0,0.0,0.69,0.0,0,0.0,0.02,0,0.0,12,0.55,25.0,0.0,0.18,0.64,42.86,0.18,50.0,0.46,40.0,0.09,0.41,55.56,3.86,28.57,0.05,1.06,0.23,48.31,0.14,0.87,60.93,91.79,15.84,85.8,8.45,97.83,28.52,94.36,57.49,94.01,2.85,56.45,18.37,26.93,0.08,0.73,0.05,0.09,0.23,20.0,0.28,9.23,89.05,1.74,42.11,0.83,33.33,0.51,0.28,8.77,81.68,0,,0,,0,0.0,0.0,0.0,,,1.56,,,0.37,0.09,50.0,1.06,0,0.0
R. Meráz,Atlético de San Luis,Mazatlán,"CF, RCMF, LCMF",27,2000000,,4,162,0,0.13,0,0.0,15.0,51.85,Mexico,Mexico,right,178,75,no,4.44,4.44,50.0,4.44,50.0,0.56,0.65,0.56,1.67,1.96,0.56,0,0.0,0,0.0,1.11,0.0,0,0.0,0.07,0,0.0,1,0.56,100.0,0.0,0.0,0.56,100.0,0.56,100.0,0.0,0.0,0.0,0.56,0.0,3.33,33.33,1.67,0.0,0.0,20.56,1.11,0.56,28.33,92.16,7.22,92.31,5.0,100.0,11.67,85.71,25.0,91.11,2.78,100.0,17.07,35.47,0.0,0.0,0.0,0.0,0.0,0.0,0.0,3.33,100.0,0.56,0.0,0.0,0.0,0.0,0.56,3.33,83.33,0,,0,,0,0.0,0.0,0.0,,,0.0,,,0.0,0.0,0.0,0.0,0,0.0
D. Reyes,Querétaro,Tigres UANL,"LCB, RCB, CB",33,1800000,,24,1913,1,0.86,0,1.1,12.75,57.56,Mexico,Mexico,right,192,75,no,8.47,5.79,67.48,4.33,48.91,0.19,0.27,1.04,4.38,6.27,0.71,3,0.14,0,0.0,0.28,0.05,1,0.05,0.04,1,0.05,6,0.28,33.33,16.667,0.0,0.05,0.0,0.0,0.0,0.05,0.0,0.0,0.24,80.0,0.61,46.15,0.52,0.56,0.09,31.38,0.52,0.19,43.85,90.99,12.94,78.91,2.82,96.67,24.09,97.27,40.7,93.64,3.11,57.58,19.78,29.96,0.05,0.24,0.05,0.0,0.0,0.0,0.05,3.01,62.5,0.33,28.57,0.09,0.0,0.19,0.0,4.8,70.59,0,,0,,0,0.0,0.0,0.0,,,2.21,,,0.0,0.0,0.0,0.0,0,0.0
L. Faravelli,Necaxa,Cruz Azul,"RCMF, LCMF",33,1800000,2026-12-31,23,2077,3,3.06,0,1.33,11.66,49.81,Argentina,"Argentina, Ecuador",right,179,73,no,7.11,5.94,64.23,0.65,0.0,1.6,2.53,0.13,1.69,2.67,0.78,4,0.17,0,0.0,1.08,0.13,3,0.13,0.13,0,0.0,25,1.08,40.0,12.0,0.0,0.39,44.44,0.04,0.0,0.35,50.0,0.04,0.61,50.0,3.12,36.11,1.43,0.74,0.04,32.28,0.74,0.52,39.91,87.19,10.57,72.13,7.84,95.03,14.13,90.8,36.79,90.34,2.73,50.79,17.32,36.97,0.06,0.69,0.04,0.04,0.69,25.0,0.22,5.5,68.5,1.6,43.24,1.0,26.09,0.87,0.17,4.72,79.82,0,,0,,0,0.0,0.0,0.0,,,0.35,,,0.0,0.0,0.0,0.04,0,0.0
Agustín Urzi,Levadiakos,Juárez,"LW, LAMF",26,1800000,2027-12-31,11,429,1,0.53,0,0.66,20.35,32.99,Argentina,"Argentina, Italy",left,169,71,yes,5.24,5.03,50.0,2.31,9.09,0.42,0.61,0.0,2.31,3.37,1.89,1,0.21,0,0.0,2.94,0.21,1,0.21,0.11,0,0.0,9,1.89,55.56,11.111,0.0,3.15,33.33,2.31,27.27,0.84,50.0,0.0,2.94,28.57,9.65,30.43,2.94,1.05,0.0,20.77,2.1,0.84,24.76,69.49,6.92,60.61,5.66,85.19,8.39,70.0,20.56,76.53,1.47,42.86,17.62,20.27,0.14,1.05,0.0,0.21,0.0,0.0,0.42,1.89,55.56,2.94,50.0,0.63,33.33,0.42,0.84,4.62,77.27,0,,0,,0,0.0,0.0,0.0,,,0.0,,,1.05,0.0,0.0,0.84,0,0.0
K. Velasco,Puebla,Puebla,"RW, LW",29,1800000,,34,2722,2,3.66,5,6.47,21.46,44.68,Colombia,Colombia,left,172,65,no,4.76,5.72,46.82,1.22,27.03,0.26,0.35,0.07,1.82,2.42,1.29,8,0.26,0,0.0,6.58,0.07,2,0.07,0.12,0,0.0,53,1.75,39.62,3.774,0.17,4.27,34.11,1.59,25.0,2.65,38.75,0.33,7.31,58.37,12.86,46.02,2.45,4.0,1.39,23.94,1.72,1.12,32.9,81.71,6.35,73.96,7.94,95.0,10.91,78.18,27.51,89.3,1.52,56.52,17.54,27.97,0.21,1.49,0.07,0.03,0.36,45.45,0.86,3.01,79.12,3.21,51.55,0.5,40.0,0.86,1.42,4.36,82.58,0,,0,,0,0.0,0.0,0.0,,,0.17,,,0.17,0.0,0.0,0.53,0,0.0
D. Vergara,Racing Club,Santos Laguna,"LW, LAMF",29,1800000,2028-12-31,29,1585,2,1.64,2,2.04,21.01,44.86,Colombia,Colombia,right,177,68,no,4.6,4.49,59.49,1.82,34.38,0.11,0.14,0.0,1.82,2.23,1.25,4,0.23,0,0.0,4.09,0.11,2,0.11,0.09,0,0.0,29,1.65,27.59,6.897,0.11,2.27,22.5,1.76,22.58,0.45,25.0,0.23,5.39,54.74,12.61,43.24,1.36,3.29,1.42,16.81,1.36,1.7,25.5,75.06,6.87,67.77,6.47,88.6,6.64,70.94,22.09,82.78,1.19,28.57,16.68,19.22,0.12,0.97,0.06,0.0,0.57,30.0,0.57,3.01,77.36,2.67,46.81,0.91,25.0,0.85,0.62,4.15,72.6,0,,0,,0,0.0,0.0,0.0,,,0.06,,,0.06,0.06,0.0,0.34,0,0.0
L. Magallán,Vélez Sarsfield,Pumas UNAM,LCB,32,1800000,2027-12-31,36,3574,1,2.01,1,0.28,13.17,59.27,Argentina,"Argentina, Italy",right,185,85,no,8.18,5.72,67.4,3.98,53.8,0.23,0.3,0.53,4.1,5.49,1.49,10,0.25,1,0.03,0.2,0.03,1,0.03,0.05,1,0.03,15,0.38,26.67,6.667,0.03,0.05,0.0,0.05,0.0,0.0,0.0,0.0,0.13,80.0,0.88,40.0,0.58,0.23,0.05,24.63,0.1,0.38,39.96,87.59,16.24,76.28,2.22,92.05,19.34,96.88,34.25,92.35,5.67,59.56,22.77,37.42,0.01,0.03,0.03,0.0,0.0,0.0,0.03,3.9,69.03,0.23,33.33,0.18,14.29,0.13,0.0,7.08,72.24,0,,0,,0,0.0,0.0,0.0,,,1.71,,,0.0,0.0,0.0,0.0,0,0.0
E. Martínez,Necaxa,Necaxa,RB,23,1800000,2027-06-30,24,1814,1,0.08,0,0.61,14.44,55.67,Mexico,Mexico,right,179,78,no,11.01,8.88,63.69,2.18,47.73,0.55,0.6,0.35,4.81,5.25,0.5,2,0.1,0,0.0,0.84,0.05,1,0.05,0.0,0,0.0,6,0.3,16.67,16.667,0.0,1.14,52.17,0.15,33.33,0.99,55.0,0.05,0.45,44.44,1.89,44.74,0.05,0.4,0.0,13.74,0.74,0.69,21.73,77.4,12.4,74.8,2.03,92.68,5.01,79.21,16.72,85.16,3.92,51.9,19.96,32.0,0.03,0.5,0.0,0.0,0.05,0.0,0.35,4.76,67.71,1.44,62.07,0.35,42.86,0.35,0.55,6.8,75.18,0,,0,,0,0.0,0.0,0.0,,,0.3,,,0.05,0.0,0.0,0.0,0,0.0
Aitor García,Recreativo Huelva,Juárez,"LW, CF, LAMF",32,1800000,2027-06-30,32,2611,8,4.77,1,1.66,14.41,46.65,Spain,Spain,right,173,69,no,4.41,3.76,56.88,1.52,45.45,0.03,0.04,0.03,2.24,2.8,0.83,5,0.17,1,0.03,4.34,0.28,8,0.28,0.16,0,0.0,86,2.96,32.56,9.302,0.03,2.76,26.25,1.65,27.08,1.1,25.0,0.38,4.41,58.59,7.41,46.98,2.03,3.31,1.76,19.27,2.79,0.65,27.2,74.78,5.14,56.38,8.07,92.74,9.82,71.93,22.27,82.04,2.41,55.71,21.34,33.41,0.06,0.72,0.1,0.0,0.24,28.57,0.31,2.41,70.0,2.76,37.5,0.21,0.0,0.45,0.76,3.79,70.91,0,,0,,0,0.0,0.0,0.0,,,0.24,,,0.17,0.07,0.0,0.48,0,0.0
José Rodríguez,León,León,"LCMF, DMF, LDMF",30,1800000,,29,1869,0,0.58,0,0.08,15.36,52.04,Mexico,Mexico,left,171,61,no,8.72,7.32,61.84,1.69,34.29,0.43,0.63,0.24,3.76,5.49,1.35,1,0.05,0,0.0,0.82,0.0,0,0.0,0.03,0,0.0,10,0.48,0.0,0.0,0.0,0.48,40.0,0.29,33.33,0.19,50.0,0.0,0.72,80.0,3.56,44.59,0.14,0.77,0.34,26.68,0.29,0.77,39.63,89.79,12.42,79.84,4.53,96.81,17.48,95.59,36.07,91.86,3.13,73.85,18.69,24.85,0.0,0.14,0.0,0.1,0.1,50.0,0.05,5.25,81.65,0.77,50.0,0.19,50.0,0.24,0.19,5.06,75.24,0,,0,,0,0.0,0.0,0.0,,,0.43,,,0.0,0.0,0.0,0.0,0,0.0
Paulino de la Fuente,Real Zaragoza,Pachuca,"RW, LCMF",28,1600000,2027-06-30,3,151,0,0.24,0,0.09,30.4,56.86,Spain,Spain,left,183,76,no,7.15,10.13,64.71,2.98,40.0,0.6,0.79,0.0,0.0,0.0,1.79,1,0.6,0,0.0,5.36,0.0,0,0.0,0.14,0,0.0,3,1.79,0.0,0.0,0.0,1.79,33.33,1.19,50.0,0.6,0.0,0.6,5.96,80.0,16.69,53.57,2.98,4.17,1.19,29.8,2.38,2.98,45.3,80.26,13.11,72.73,7.75,76.92,17.28,86.21,41.72,85.71,1.79,0.0,16.5,20.89,0.06,0.6,0.0,0.0,1.19,0.0,0.0,7.15,66.67,1.79,0.0,1.79,0.0,0.0,0.6,5.96,70.0,0,,0,,0,0.0,0.0,0.0,,,0.0,,,0.6,0.0,0.0,2.38,0,0.0
E. Salvio,Lanús,Pumas UNAM,"RW, RAMF, CF",36,1500000,2027-12-31,40,3332,6,8.05,6,7.86,21.8,43.74,Argentina,Argentina,right,173,78,no,4.62,4.0,60.81,1.51,42.86,0.32,0.44,0.03,1.86,2.53,0.81,8,0.22,0,0.0,5.75,0.16,5,0.14,0.22,0,0.0,96,2.59,33.33,6.25,0.16,2.24,44.58,0.27,70.0,1.94,40.28,0.22,7.13,53.79,14.1,40.42,2.62,3.16,0.81,23.72,1.46,0.81,31.31,80.76,6.48,67.92,7.89,95.21,10.02,82.48,27.88,84.69,1.32,55.1,16.52,25.54,0.21,1.7,0.03,0.03,0.41,13.33,0.59,3.35,78.23,2.59,60.42,0.49,16.67,0.68,1.0,4.59,82.35,0,,0,,0,0.0,0.0,0.0,,,0.03,,,1.22,0.16,33.33,2.08,1,100.0
M. Santos,Central Córdoba SdE,Juárez,CF,33,1500000,2027-12-31,23,1328,3,5.17,0,0.85,14.91,29.55,Uruguay,Uruguay,right,175,68,yes,2.44,2.64,48.72,3.66,25.93,0.0,0.0,0.0,1.15,1.37,0.61,3,0.2,0,0.0,1.69,0.2,3,0.2,0.35,0,0.0,30,2.03,40.0,10.0,0.0,0.54,37.5,0.14,50.0,0.41,33.33,0.07,1.42,47.62,5.83,25.58,3.12,1.02,0.54,8.2,2.37,0.75,11.05,69.33,2.3,55.88,2.98,81.82,3.93,74.14,9.62,71.83,0.88,61.54,15.82,14.72,0.06,0.68,0.0,0.0,0.07,0.0,0.2,1.49,50.0,0.88,38.46,0.07,0.0,0.81,0.27,1.22,72.22,0,,0,,0,0.0,0.0,0.0,,,0.0,,,0.07,0.07,0.0,0.0,0,0.0
F. Calvo,Nacional,Juárez,LCB,34,1500000,2028-06-30,14,1420,1,1.18,0,0.18,16.1,59.06,Costa Rica,Costa Rica,left,183,79,no,10.08,5.64,61.8,4.44,65.71,0.19,0.25,0.51,6.4,8.56,0.51,4,0.25,0,0.0,0.89,0.06,1,0.06,0.07,1,0.06,6,0.38,33.33,16.667,0.0,0.19,33.33,0.19,33.33,0.0,0.0,0.0,1.01,68.75,3.3,53.85,0.63,0.7,0.13,29.85,0.95,0.63,48.93,86.4,22.82,79.72,2.15,88.24,20.6,94.15,41.07,92.59,7.67,54.55,22.57,39.42,0.01,0.25,0.0,0.0,0.0,0.0,0.06,6.78,72.9,0.38,33.33,0.44,42.86,0.13,0.06,10.96,73.99,0,,0,,0,0.0,0.0,0.0,,,1.2,,,0.0,0.0,0.0,0.0,0,0.0
C. Vargas,Atlas,Atlas,GK,37,1500000,2027-12-31,34,3482,0,0.0,0,0.0,0.54,71.43,Colombia,Colombia,left,185,81,no,1.42,0.13,40.0,0.16,100.0,0.0,0.0,0.0,1.37,1.82,0.03,3,0.08,0,0.0,0.03,0.0,0,0.0,0.0,0,0.0,0,0.0,0.0,0.0,0.0,0.0,0.0,0.0,0.0,0.0,0.0,0.0,0.03,100.0,0.18,57.14,0.0,0.0,0.0,14.24,0.41,0.05,20.65,84.73,13.29,77.24,0.0,0.0,6.77,98.85,12.61,98.16,7.99,64.08,33.62,53.09,0.0,0.0,0.0,0.0,0.0,0.0,0.0,3.02,47.86,0.31,0.0,0.31,8.33,0.03,0.0,5.92,79.48,55,1.42,155,4.01,8,64.52,45.57,1.18,-9.43,-0.244,0.0,0.78,0.16,,,,0.0,0,0.0
Javier Correa,Colo Colo,Santos Laguna,CF,33,1500000,2027-12-31,15,290,1,1.92,0,0.0,27.0,37.93,Argentina,Argentina,right,186,84,no,2.79,1.86,100.0,6.21,25.0,0.31,0.48,0.0,0.62,0.95,1.55,0,0.0,1,0.31,7.14,0.31,1,0.31,0.6,0,0.0,27,8.38,37.04,3.704,0.0,0.31,0.0,0.0,0.0,0.31,0.0,0.0,5.9,68.42,15.52,36.0,7.14,2.48,0.62,15.52,2.17,0.31,20.17,78.46,3.72,58.33,5.59,83.33,7.76,92.0,17.69,77.19,2.17,100.0,17.79,16.31,0.0,0.0,0.0,0.0,0.31,0.0,0.0,2.17,100.0,0.62,50.0,0.31,0.0,0.31,0.0,1.24,100.0,0,,0,,0,0.0,0.0,0.0,,,0.0,,,0.62,0.62,0.0,0.0,0,0.0
Tiago Volpi,Red Bull Bragantino,Toluca,GK,35,1500000,2026-12-31,36,3677,9,8.36,0,0.0,0.69,85.71,Brazil,Brazil,right,189,81,no,1.52,0.1,100.0,0.32,76.92,0.0,0.0,0.02,1.42,2.07,0.0,3,0.07,0,0.0,0.27,0.22,0,0.0,0.2,0,0.0,11,0.27,81.82,81.818,0.0,0.0,0.0,0.0,0.0,0.0,0.0,0.0,0.05,100.0,0.12,80.0,0.02,0.02,0.0,14.86,0.2,0.07,23.45,85.28,11.21,72.71,0.0,0.0,11.68,97.48,16.55,98.22,6.83,54.84,33.78,55.95,0.0,0.0,0.02,0.0,0.0,0.0,0.0,3.23,40.91,0.59,4.17,0.49,10.0,0.02,0.0,4.28,72.57,43,1.05,161,3.94,10,73.29,39.03,0.96,-3.97,-0.097,0.0,1.0,0.32,,,,0.0,11,81.818
A. Rodríguez,Club Tijuana,Club Tijuana,GK,34,1500000,2026-12-31,28,2774,0,0.0,0,0.0,0.32,80.0,Mexico,Mexico,right,186,80,no,1.01,0.06,100.0,0.16,80.0,0.0,0.0,0.0,0.94,1.15,0.0,1,0.03,0,0.0,0.0,0.0,0,0.0,0.0,0,0.0,0,0.0,0.0,0.0,0.0,0.0,0.0,0.0,0.0,0.0,0.0,0.0,0.0,0.0,0.06,50.0,0.0,0.0,0.0,11.36,0.13,0.06,16.58,90.61,8.57,82.2,0.0,0.0,7.53,99.57,10.64,97.87,5.94,77.6,32.38,48.74,0.0,0.0,0.0,0.0,0.0,0.0,0.0,1.36,59.52,0.03,0.0,0.06,100.0,0.0,0.0,4.67,84.03,46,1.49,136,4.41,3,66.18,44.47,1.44,-1.53,-0.05,0.0,0.91,0.16,,,,0.0,0,0.0
E. López,,Pachuca,"AMF, CF, RCMF",31,1500000,,15,546,1,1.42,1,2.84,15.66,30.53,Mexico,Mexico,left,167,74,no,2.8,2.64,37.5,0.66,0.0,0.82,1.35,0.0,0.99,1.62,0.16,1,0.16,0,0.0,2.8,0.16,1,0.16,0.23,1,0.16,17,2.8,29.41,5.882,0.16,2.31,42.86,1.15,14.29,1.15,71.43,0.99,2.97,22.22,8.74,30.19,2.31,1.15,0.0,27.53,0.82,1.15,38.08,82.68,10.22,74.19,8.9,92.59,11.37,81.16,33.79,86.83,1.98,58.33,15.17,15.27,0.47,3.13,0.0,0.16,0.66,50.0,0.66,5.44,81.82,3.79,56.52,1.15,57.14,1.65,0.99,4.95,83.33,0,,0,,0,0.0,0.0,0.0,,,0.33,,,1.65,0.49,0.0,3.79,0,0.0
M. Isaís,Pachuca,Toluca,"LB, LCB",25,1500000,,14,749,0,0.17,0,0.04,20.91,42.53,United States,"United States, Mexico",left,180,77,no,8.29,7.93,48.48,3.0,52.0,0.36,0.51,0.36,4.09,5.8,1.08,1,0.12,0,0.0,3.24,0.0,0,0.0,0.02,0,0.0,2,0.24,50.0,0.0,0.0,2.04,29.41,2.04,29.41,0.0,0.0,0.24,4.45,54.05,7.57,36.51,0.48,2.04,0.24,35.57,1.68,0.6,43.5,77.9,14.3,59.66,7.33,98.36,15.74,83.97,37.73,84.39,3.72,38.71,18.62,23.96,0.01,0.12,0.0,0.0,0.36,33.33,0.12,5.41,66.67,2.64,27.27,0.72,0.0,0.12,0.6,8.29,60.87,0,,0,,0,0.0,0.0,0.0,,,1.2,,,0.0,0.0,0.0,0.0,0,0.0
R. Morales,Pumas UNAM,Toluca,"CF, AMF",27,1500000,2026-12-31,26,1208,4,4.41,2,1.45,19.52,38.17,Paraguay,Paraguay,right,175,70,yes,3.73,5.29,53.52,3.65,36.73,0.15,0.24,0.07,0.75,1.18,1.71,3,0.22,0,0.0,2.53,0.3,4,0.3,0.33,1,0.07,29,2.16,55.17,13.793,0.15,0.22,33.33,0.07,0.0,0.15,50.0,0.07,2.31,51.61,7.38,35.35,3.65,1.27,0.37,11.03,1.12,0.97,15.79,78.3,2.61,60.0,4.77,92.19,4.32,82.76,14.83,78.39,0.75,90.0,14.94,16.17,0.11,0.75,0.07,0.0,0.07,100.0,0.52,1.56,76.19,0.82,72.73,0.07,100.0,0.82,0.07,1.34,83.33,0,,0,,0,0.0,0.0,0.0,,,0.0,,,0.07,0.07,0.0,0.0,0,0.0
E. López,,Toluca,CF,27,1500000,,35,2069,5,5.73,1,3.6,13.7,33.02,Mexico,Mexico,left,180,68,no,3.09,2.78,56.25,2.87,39.39,0.04,0.07,0.04,1.48,2.39,0.43,4,0.17,0,0.0,1.65,0.22,5,0.22,0.25,1,0.04,33,1.44,36.36,15.152,0.04,1.17,40.74,0.78,33.33,0.39,55.56,0.26,1.44,42.42,6.05,25.9,3.78,1.0,0.43,15.7,2.22,0.65,20.36,78.85,3.52,62.96,5.52,92.13,5.83,78.36,18.84,81.29,0.35,75.0,14.21,4.99,0.16,1.13,0.04,0.0,0.22,20.0,0.52,1.3,80.0,1.65,47.37,0.22,20.0,1.13,0.43,1.35,74.19,0,,0,,0,0.0,0.0,0.0,,,0.0,,,0.0,0.0,0.0,0.0,0,0.0
F. Arce,Toluca,Necaxa,"RCMF, LCMF, DMF",29,1500000,,31,2757,2,1.32,0,0.31,15.87,56.58,United States,"United States, Mexico",right,185,79,no,10.64,8.62,62.5,2.09,62.5,1.01,1.13,0.26,4.24,4.76,1.01,9,0.29,1,0.03,0.42,0.07,2,0.07,0.04,0,0.0,14,0.46,42.86,14.286,0.0,0.29,33.33,0.03,0.0,0.26,37.5,0.0,0.36,36.36,2.48,39.47,0.36,0.16,0.07,13.12,0.2,0.62,24.32,81.61,8.81,68.15,2.77,92.94,9.08,90.29,21.84,84.9,2.19,55.22,18.12,27.36,0.01,0.13,0.03,0.0,0.0,0.0,0.07,3.95,67.77,0.46,50.0,0.1,66.67,0.2,0.1,3.95,64.46,0,,0,,0,0.0,0.0,0.0,,,0.39,,,0.03,0.0,0.0,0.0,0,0.0
B. Garnica,Puebla,Necaxa,RW,30,1500000,,36,3320,4,3.05,5,7.54,16.4,49.42,Mexico,Mexico,right,167,56,no,6.89,4.8,63.84,1.92,30.99,0.52,0.56,0.08,3.31,3.58,0.38,6,0.16,0,0.0,4.88,0.11,4,0.11,0.08,0,0.0,27,0.73,33.33,14.815,0.14,4.17,40.26,0.41,33.33,3.77,41.01,0.49,4.8,59.32,8.0,48.81,1.52,1.03,0.24,14.2,1.33,1.06,24.18,71.19,7.86,63.1,4.45,94.51,7.48,67.75,17.4,82.71,2.82,44.23,20.28,31.28,0.2,2.03,0.05,0.03,0.19,57.14,0.81,2.6,60.42,3.61,48.87,0.22,37.5,0.49,1.79,5.53,68.63,0,,0,,0,0.0,0.0,0.0,,,0.14,,,0.65,0.03,0.0,2.11,0,0.0
F. Contreras,,Club Tijuana,LB,27,1500000,,28,2294,0,0.51,0,2.67,14.56,51.21,Mexico,Mexico,left,174,69,no,8.24,7.38,62.23,2.0,50.98,0.08,0.1,0.16,3.57,4.35,0.78,4,0.16,0,0.0,1.57,0.0,0,0.0,0.02,0,0.0,11,0.43,9.09,0.0,0.0,2.79,35.21,2.63,34.33,0.16,50.0,0.24,1.33,38.24,3.41,29.89,0.75,0.86,0.43,23.11,1.96,0.59,32.37,79.76,12.04,74.27,5.61,92.31,9.69,79.76,26.17,87.71,3.53,54.44,18.85,30.45,0.1,0.98,0.0,0.04,0.08,50.0,0.43,4.71,72.5,2.35,41.67,0.12,66.67,0.24,0.94,7.77,78.28,0,,0,,0,0.0,0.0,0.0,,,0.43,,,0.0,0.0,0.0,0.24,0,0.0
José Esquivel,Mineros de Zacatecas,Mazatlán,"LCMF, RCMF, DMF",28,1500000,,22,1332,1,1.33,1,0.27,14.53,47.44,Mexico,Mexico,right,177,77,no,8.45,5.74,60.0,2.84,40.48,1.55,1.84,0.54,3.45,4.08,1.01,6,0.41,1,0.07,0.68,0.07,1,0.07,0.09,0,0.0,5,0.34,40.0,20.0,0.07,0.34,80.0,0.0,0.0,0.34,80.0,0.0,0.74,36.36,2.97,27.27,0.54,0.07,0.2,17.77,0.34,0.68,25.07,86.52,7.09,76.19,3.92,98.28,10.47,91.61,22.91,88.79,1.82,59.26,18.16,18.67,0.02,0.34,0.0,0.0,0.0,0.0,0.27,3.99,79.66,0.41,50.0,0.14,50.0,0.14,0.27,3.45,66.67,0,,0,,0,0.0,0.0,0.0,,,0.2,,,0.07,0.0,0.0,0.07,0,0.0
J. Castillo,Guadalajara,Guadalajara,"RB, LB",24,1500000,2027-12-31,21,1820,0,0.97,1,1.89,16.02,56.79,Mexico,Mexico,right,179,66,no,9.0,7.62,66.23,3.71,54.67,0.3,0.38,0.3,3.66,4.72,1.09,4,0.2,0,0.0,2.13,0.0,0,0.0,0.05,0,0.0,9,0.45,22.22,0.0,0.05,2.77,37.5,0.54,63.64,2.23,31.11,0.4,1.38,64.29,2.97,46.67,0.99,1.43,0.49,26.31,1.68,0.49,37.53,80.76,15.77,73.35,5.79,94.87,9.64,85.13,31.1,88.24,3.71,50.67,19.41,38.61,0.09,0.69,0.0,0.0,0.2,50.0,0.35,5.74,67.24,2.23,44.44,0.2,50.0,0.35,1.14,8.41,75.88,0,,0,,0,0.0,0.0,0.0,,,0.79,,,0.0,0.0,0.0,0.0,0,0.0
A. Briseño,Toluca,Guadalajara,"RCB, LCB",32,1500000,,29,2100,3,1.43,1,0.17,15.6,63.19,Mexico,Mexico,right,185,81,no,7.59,4.97,67.24,7.8,62.64,0.09,0.11,0.47,4.16,5.54,0.86,6,0.26,0,0.0,0.34,0.13,3,0.13,0.06,2,0.09,14,0.6,42.86,21.429,0.04,0.04,100.0,0.04,100.0,0.0,0.0,0.0,0.04,100.0,0.6,42.86,0.81,0.13,0.0,21.77,0.26,0.64,34.46,86.57,14.7,78.43,2.1,93.88,14.91,93.39,30.17,90.77,4.24,56.57,18.55,28.57,0.01,0.09,0.0,0.0,0.0,0.0,0.09,4.03,73.4,0.21,60.0,0.21,60.0,0.21,0.04,6.77,70.25,0,,0,,0,0.0,0.0,0.0,,,1.54,,,0.0,0.0,0.0,0.0,0,0.0
J. Macías,Pumas UNAM,Guadalajara,"CF, AMF",26,1500000,,7,343,0,1.97,0,0.1,19.15,34.25,Mexico,Mexico,right,178,76,no,2.1,2.1,62.5,2.89,18.18,0.0,0.0,0.0,0.79,1.2,0.26,0,0.0,0,0.0,2.89,0.0,0,0.0,0.52,0,0.0,11,2.89,18.18,0.0,0.0,0.52,50.0,0.0,0.0,0.52,50.0,0.0,4.99,42.11,11.55,34.09,3.41,0.52,0.26,9.71,1.31,1.05,13.64,65.38,2.89,72.73,2.1,75.0,4.2,56.25,11.55,68.18,1.57,50.0,13.53,15.34,0.03,0.79,0.0,0.0,0.26,0.0,0.26,1.31,40.0,1.05,25.0,0.26,0.0,0.26,0.52,1.05,75.0,0,,0,,0,0.0,0.0,0.0,,,0.0,,,0.0,0.0,0.0,0.0,0,0.0
D. Medina,Santos Laguna,Santos Laguna,"RW, RAMF",25,1500000,,33,1802,2,1.2,0,1.53,26.37,37.5,Mexico,Mexico,right,176,70,no,6.49,7.19,55.56,2.75,23.64,0.3,0.39,0.15,2.2,2.83,1.15,4,0.2,0,0.0,4.35,0.1,2,0.1,0.06,0,0.0,9,0.45,55.56,22.222,0.0,2.85,29.82,0.05,0.0,2.8,30.36,0.25,6.09,50.82,14.13,32.16,2.1,2.85,0.65,17.38,1.35,1.25,24.67,78.14,5.49,74.55,4.84,93.81,8.59,75.58,20.53,86.37,1.85,51.35,18.95,27.72,0.08,0.7,0.15,0.0,0.3,50.0,0.35,2.35,87.23,2.1,52.38,0.3,33.33,0.9,0.65,4.25,76.47,0,,0,,0,0.0,0.0,0.0,,,0.0,,,0.1,0.0,0.0,0.2,0,0.0
A. López,Santos Laguna,Santos Laguna,"LCMF, RCMF, LDMF",26,1500000,,30,1828,1,0.72,1,0.15,13.05,53.21,Mexico,Mexico,right,170,60,no,7.93,6.11,60.48,0.89,55.56,0.54,0.68,0.49,3.69,4.63,0.44,2,0.1,0,0.0,0.89,0.05,1,0.05,0.04,1,0.05,12,0.59,16.67,8.333,0.05,0.25,40.0,0.0,0.0,0.25,40.0,0.0,0.94,73.68,3.79,45.45,0.3,0.54,0.0,22.45,0.2,0.69,32.84,93.4,8.12,85.45,5.17,100.0,13.0,97.35,31.12,94.94,1.53,70.97,17.97,17.34,0.01,0.34,0.0,0.0,0.05,0.0,0.15,4.18,90.59,0.49,60.0,0.1,50.0,0.15,0.05,3.64,78.38,0,,0,,0,0.0,0.0,0.0,,,0.49,,,0.0,0.0,0.0,0.0,0,0.0
Moisés,Santos,Cruz Azul,"AMF, LW, CF",29,1500000,2028-12-31,17,975,1,2.19,1,1.25,18.55,38.81,Brazil,Brazil,right,177,80,no,2.12,2.4,57.69,1.94,42.86,0.0,0.0,0.09,0.74,1.09,0.37,0,0.0,0,0.0,3.97,0.09,1,0.09,0.2,0,0.0,19,1.75,42.11,5.263,0.09,0.55,33.33,0.28,33.33,0.18,0.0,0.18,6.65,44.44,11.91,36.43,2.49,4.25,2.12,14.86,1.38,0.74,18.92,84.39,3.32,75.0,3.51,92.11,7.75,86.9,17.08,86.49,1.38,80.0,18.74,27.05,0.12,0.92,0.0,0.0,0.09,100.0,0.37,2.77,86.67,1.11,66.67,0.09,100.0,1.02,0.18,2.4,73.08,0,,0,,0,0.0,0.0,0.0,,,0.0,,,0.28,0.0,0.0,1.11,0,0.0
R. Marín,Guadalajara,Guadalajara,CF,28,1500000,,36,2672,6,6.15,1,2.08,21.02,36.86,Mexico,Mexico,left,180,79,no,4.51,4.35,62.79,5.76,43.86,0.44,0.58,0.03,1.35,1.79,1.04,3,0.1,1,0.03,1.38,0.2,6,0.2,0.21,3,0.1,56,1.89,35.71,10.714,0.03,0.4,25.0,0.34,30.0,0.07,0.0,0.1,1.52,35.56,6.94,21.84,3.37,0.24,0.0,8.29,1.52,0.64,12.9,76.76,2.66,65.82,3.64,90.74,3.3,71.43,11.96,79.72,0.61,50.0,14.1,13.07,0.07,0.64,0.03,0.03,0.17,40.0,0.3,1.21,47.22,0.77,60.87,0.2,33.33,0.84,0.07,0.88,73.08,0,,0,,0,0.0,0.0,0.0,,,0.03,,,0.0,0.0,0.0,0.0,0,0.0
M. Silvera,Nacional,Necaxa,CF,28,1500000,2028-12-31,3,126,0,0.82,0,0.0,24.29,32.35,Uruguay,Uruguay,right,176,68,no,4.29,5.0,57.14,3.57,0.0,0.0,0.0,0.0,1.43,1.54,0.71,0,0.0,0,0.0,2.14,0.0,0,0.0,0.58,0,0.0,4,2.86,25.0,0.0,0.0,0.0,0.0,0.0,0.0,0.0,0.0,0.0,2.14,66.67,11.43,31.25,4.29,0.0,0.0,9.29,2.14,1.43,10.0,78.57,1.43,50.0,2.14,100.0,2.86,50.0,9.29,76.92,0.71,100.0,12.2,12.3,0.0,0.0,0.0,0.0,0.0,0.0,0.0,1.43,100.0,0.71,0.0,0.0,0.0,0.0,0.0,0.0,0.0,0,,0,,0,0.0,0.0,0.0,,,0.0,,,0.0,0.0,0.0,0.0,0,0.0
G. Nápoli,León,León,"LCMF, LDMF",25,1500000,2026-12-31,12,678,0,0.28,1,0.59,16.86,41.73,Uruguay,Uruguay,left,178,67,no,7.04,6.64,60.0,2.52,31.58,0.13,0.19,0.0,2.92,4.18,0.8,0,0.0,1,0.13,1.46,0.0,0,0.0,0.04,0,0.0,6,0.8,83.33,0.0,0.13,0.53,50.0,0.4,66.67,0.0,0.0,0.13,1.06,50.0,4.91,29.73,0.66,1.06,0.66,24.56,0.53,1.06,31.86,86.67,8.89,74.63,8.1,88.52,8.89,91.04,30.0,88.5,1.33,60.0,14.37,15.18,0.08,1.06,0.13,0.0,0.13,0.0,0.13,3.85,79.31,1.19,33.33,0.13,0.0,0.4,0.13,3.45,69.23,0,,0,,0,0.0,0.0,0.0,,,0.27,,,0.66,0.0,0.0,1.19,0,0.0
J. Abella,Santos Laguna,Juárez,RB,32,1500000,2026-12-31,29,2781,0,0.44,0,2.56,12.91,55.89,Mexico,Mexico,right,176,73,no,8.32,6.93,65.42,2.27,42.86,0.32,0.43,0.1,3.46,4.59,0.68,4,0.13,0,0.0,1.39,0.0,0,0.0,0.01,0,0.0,8,0.26,37.5,0.0,0.0,2.62,37.04,0.0,0.0,2.59,37.5,0.29,0.61,52.63,2.04,50.79,0.42,0.23,0.1,28.03,1.62,0.65,36.89,79.39,15.83,72.39,5.02,94.19,10.71,83.99,28.9,87.46,5.57,55.81,21.09,40.31,0.08,0.68,0.0,0.0,0.03,0.0,0.36,6.96,66.05,2.82,42.53,0.68,38.1,0.49,0.94,8.87,79.93,0,,0,,0,0.0,0.0,0.0,,,0.78,,,0.03,0.0,0.0,0.0,0,0.0
M. Barbieri,Univ. Concepción,Querétaro,"LCB, CB",32,1500000,2027-12-31,25,2300,0,1.07,0,0.37,16.98,60.6,Argentina,Argentina,right,181,80,no,10.6,6.53,68.26,5.91,52.98,0.63,0.7,0.63,5.52,6.18,1.37,11,0.43,1,0.04,0.31,0.0,0,0.0,0.04,0,0.0,10,0.39,40.0,0.0,0.0,0.08,50.0,0.0,0.0,0.04,100.0,0.04,0.16,75.0,1.02,46.15,0.7,0.23,0.16,16.63,0.27,0.43,29.97,76.37,14.91,61.68,1.1,100.0,11.97,92.16,21.01,85.85,8.92,53.95,27.92,44.53,0.01,0.08,0.04,0.0,0.0,0.0,0.04,5.95,48.03,0.63,37.5,0.59,33.33,0.23,0.04,7.28,69.35,0,,0,,0,0.0,0.0,0.0,,,0.78,,,0.04,0.0,0.0,0.0,0,0.0
R. González,Guadalajara,Guadalajara,"DMF, RDMF",32,1500000,2028-06-30,31,1957,0,0.3,1,0.4,16.6,59.0,Mexico,Mexico,left,175,75,no,12.69,9.43,70.73,2.39,44.23,0.32,0.4,0.28,5.7,7.15,1.15,6,0.28,1,0.05,0.74,0.0,0,0.0,0.01,0,0.0,5,0.23,40.0,0.0,0.05,0.14,33.33,0.05,0.0,0.09,50.0,0.0,0.69,66.67,2.9,46.03,0.32,0.41,0.05,20.79,0.23,0.78,36.61,85.55,14.49,77.14,2.99,89.23,12.88,93.21,33.07,88.6,3.4,58.11,18.97,31.3,0.02,0.28,0.05,0.0,0.18,75.0,0.09,6.3,72.26,1.01,50.0,0.51,45.45,0.55,0.09,6.21,73.33,0,,0,,0,0.0,0.0,0.0,,,0.41,,,0.0,0.0,0.0,0.05,0,0.0
M. Mosquera,Sporting KC,Juárez,RCB,25,1500000,2031-06-30,25,2431,0,0.47,1,0.1,15.73,61.18,Colombia,Colombia,right,189,83,no,10.51,7.11,78.13,3.74,48.51,0.56,0.74,0.33,4.41,5.88,0.81,10,0.37,0,0.0,0.3,0.0,0,0.0,0.02,0,0.0,6,0.22,33.33,0.0,0.04,0.07,0.0,0.0,0.0,0.07,0.0,0.0,0.96,23.08,2.55,33.33,0.41,1.07,0.11,26.58,0.59,0.33,40.5,87.39,14.33,75.19,2.48,98.51,19.36,95.98,36.76,91.24,3.67,50.51,20.59,36.36,0.0,0.11,0.0,0.0,0.0,0.0,0.04,3.33,72.22,0.19,20.0,0.11,33.33,0.04,0.0,6.7,61.33,0,,0,,0,0.0,0.0,0.0,,,1.93,,,0.0,0.0,0.0,0.0,0,0.0
J. Garza,Tigres UANL,Tigres UANL,"RB, RWB, LB",26,1500000,2029-06-30,17,1170,0,0.12,3,1.12,15.62,56.65,Mexico,Mexico,right,165,62,no,10.31,8.77,65.79,1.46,47.37,0.69,0.95,0.15,3.85,5.3,1.46,3,0.23,0,0.0,2.23,0.0,0,0.0,0.01,0,0.0,3,0.23,0.0,0.0,0.23,2.46,50.0,0.85,36.36,1.62,57.14,0.15,1.38,66.67,3.69,52.08,0.54,1.08,0.54,29.38,1.85,0.77,37.54,84.02,13.31,75.72,7.54,91.84,10.54,86.13,32.46,90.05,2.92,39.47,17.93,33.32,0.09,0.77,0.0,0.0,0.15,50.0,0.62,4.08,77.36,2.0,61.54,0.08,100.0,0.15,1.31,7.54,68.37,0,,0,,0,0.0,0.0,0.0,,,1.0,,,0.0,0.0,0.0,0.0,0,0.0
J. Alvarado,León,León,"CF, AMF, LWF",26,1500000,,30,2033,5,5.55,1,0.86,15.76,44.66,Mexico,Mexico,right,175,70,no,3.94,3.59,58.02,4.12,36.56,0.13,0.2,0.04,1.73,2.61,0.84,0,0.0,0,0.0,2.08,0.22,5,0.22,0.25,2,0.09,45,1.99,40.0,11.111,0.04,0.53,25.0,0.31,28.57,0.18,25.0,0.09,1.82,60.98,5.98,45.19,2.39,1.15,0.62,12.13,1.33,1.15,15.89,79.39,3.5,65.82,3.01,88.24,5.31,80.83,13.81,82.69,1.55,68.57,16.55,21.24,0.04,0.4,0.04,0.04,0.18,25.0,0.18,1.99,68.89,0.89,60.0,0.22,40.0,0.71,0.18,1.64,64.86,0,,0,,0,0.0,0.0,0.0,,,0.04,,,0.0,0.0,0.0,0.04,0,0.0
E. Bello,Deportivo Cali,Mazatlán,"LW, RW, RB",31,1500000,2027-12-31,25,1236,3,3.38,0,2.36,17.55,51.45,Venezuela,Venezuela,right,176,72,yes,8.59,6.19,64.71,2.99,58.54,0.36,0.47,0.29,4.22,5.51,0.73,0,0.0,0,0.0,2.91,0.22,3,0.22,0.25,0,0.0,15,1.09,53.33,20.0,0.0,1.89,34.62,0.87,33.33,1.02,35.71,0.15,2.55,62.86,5.97,43.9,2.26,1.17,0.87,18.64,1.38,1.02,26.36,81.22,7.79,75.7,6.33,94.25,6.41,82.95,23.67,85.23,0.95,69.23,17.6,16.1,0.17,1.24,0.0,0.0,0.07,100.0,0.58,2.55,71.43,1.46,70.0,0.15,100.0,0.95,0.58,3.71,74.51,0,,0,,0,0.0,0.0,0.0,,,0.36,,,0.51,0.07,100.0,0.66,1,0.0
L. Olivas,Cartaginés,Mazatlán,"LCB, LB",26,1500000,,21,1687,0,1.06,0,0.51,13.12,60.98,Mexico,Mexico,left,184,83,no,10.24,5.66,66.98,2.72,58.82,0.91,1.15,0.59,5.55,7.03,0.85,2,0.11,0,0.0,0.91,0.0,0,0.0,0.06,0,0.0,11,0.59,36.36,0.0,0.0,0.27,20.0,0.27,20.0,0.0,0.0,0.0,0.8,73.33,2.4,44.44,0.43,0.96,0.11,29.18,0.64,0.53,40.65,86.09,16.54,78.06,3.52,93.94,16.64,92.63,35.0,92.07,5.44,50.0,21.65,36.27,0.03,0.11,0.0,0.05,0.05,100.0,0.05,5.87,73.64,0.43,50.0,0.43,25.0,0.21,0.05,8.48,69.18,0,,0,,0,0.0,0.0,0.0,,,1.87,,,0.0,0.0,0.0,0.0,0,0.0
B. Romero,Vélez Sarsfield,Club Tijuana,"RW, RWF, LW",34,1300000,2027-12-31,3,70,0,0.12,0,0.0,19.29,40.0,Argentina,Argentina,right,175,75,no,5.14,6.43,60.0,3.86,0.0,0.0,0.0,0.0,1.29,2.31,5.14,0,0.0,0,0.0,2.57,0.0,0,0.0,0.15,0,0.0,2,2.57,50.0,0.0,0.0,1.29,0.0,0.0,0.0,1.29,0.0,0.0,1.29,100.0,3.86,100.0,3.86,2.57,1.29,10.29,0.0,1.29,16.71,76.92,2.57,50.0,6.43,100.0,2.57,50.0,15.43,83.33,0.0,0.0,10.85,0.0,0.0,0.0,0.0,0.0,0.0,0.0,0.0,0.0,0.0,1.29,100.0,0.0,0.0,1.29,0.0,2.57,50.0,0,,0,,0,0.0,0.0,0.0,,,0.0,,,0.0,0.0,0.0,0.0,0,0.0
A. Canelo,Atlético Tucumán,Club Tijuana,"RW, LW",34,1300000,2027-12-31,3,277,0,0.99,1,0.22,25.67,41.77,Argentina,Argentina,right,178,74,no,4.55,4.55,50.0,6.82,66.67,0.0,0.0,0.0,2.27,3.28,1.62,0,0.0,0,0.0,4.87,0.0,0,0.0,0.32,0,0.0,5,1.62,40.0,0.0,0.32,5.85,38.89,0.65,50.0,5.2,37.5,0.0,3.57,54.55,9.75,26.67,2.6,0.65,0.97,19.82,2.6,0.65,26.32,74.07,5.2,75.0,4.87,100.0,10.07,67.74,19.17,86.44,1.3,50.0,23.73,26.37,0.07,1.3,0.0,0.0,0.0,0.0,0.32,2.92,66.67,4.22,53.85,0.0,0.0,0.32,2.6,5.2,93.75,0,,0,,0,0.0,0.0,0.0,,,0.32,,,0.0,0.0,0.0,0.0,0,0.0
G. Pizarro,,Tigres UANL,RCB,36,1200000,,34,3176,0,0.83,2,1.59,12.67,57.27,Argentina,"Argentina, Mexico",right,186,75,no,7.57,5.5,64.43,3.57,43.65,0.23,0.33,0.54,3.8,5.48,0.51,3,0.09,0,0.0,0.45,0.0,0,0.0,0.02,0,0.0,12,0.34,33.33,0.0,0.06,0.31,18.18,0.0,0.0,0.31,18.18,0.03,0.4,71.43,1.81,60.94,0.68,2.07,0.43,39.73,0.6,0.94,53.1,91.14,20.63,84.07,3.2,98.23,21.99,95.75,47.83,94.73,4.99,60.8,18.81,35.8,0.05,0.17,0.0,0.0,0.0,0.0,0.14,5.87,76.81,0.54,52.63,0.4,28.57,0.37,0.06,7.68,76.38,0,,0,,0,0.0,0.0,0.0,,,1.62,,,0.0,0.0,0.0,0.0,0,0.0
M. Nervo,Huracán,Atlas,"LCB, RCB",35,1200000,2026-12-31,33,3375,0,1.07,1,0.52,12.83,59.25,Argentina,Argentina,right,183,73,no,8.27,4.43,68.67,5.36,56.22,0.72,0.95,0.64,4.51,5.97,0.48,4,0.11,1,0.03,0.05,0.0,0,0.0,0.03,0,0.0,12,0.32,16.67,0.0,0.03,0.0,0.0,0.0,0.0,0.0,0.0,0.0,0.03,0.0,0.48,38.89,0.59,0.59,0.05,28.37,0.32,0.43,40.64,87.34,18.05,78.43,2.0,94.67,17.12,96.73,35.52,92.34,5.12,52.6,21.25,38.75,0.01,0.13,0.03,0.0,0.0,0.0,0.11,4.8,60.56,0.67,32.0,0.69,26.92,0.32,0.0,7.49,71.17,0,,0,,0,0.0,0.0,0.0,,,1.55,,,0.0,0.0,0.0,0.0,0,0.0
J. Güemez,Santos Laguna,Atlético de San Luis,"LDMF, LCMF",34,1200000,2026-12-31,38,3644,3,1.68,2,1.85,13.09,50.94,Mexico,Mexico,right,174,70,no,6.03,4.72,59.69,2.25,41.76,0.42,0.54,0.32,2.79,3.6,0.69,8,0.2,1,0.02,1.38,0.07,3,0.07,0.04,0,0.0,38,0.94,23.68,7.895,0.05,0.35,42.86,0.2,37.5,0.12,40.0,0.07,1.11,62.22,4.35,48.3,0.3,0.67,0.07,44.75,0.27,1.31,57.74,87.38,20.55,75.84,7.76,94.9,21.19,94.17,51.42,91.64,6.0,53.5,19.79,41.14,0.05,0.74,0.02,0.05,0.84,38.24,0.15,10.64,73.78,2.2,46.07,1.51,31.15,1.04,0.12,9.19,81.99,0,,0,,0,0.0,0.0,0.0,,,0.59,,,0.02,0.02,100.0,0.0,0,0.0
L. Cavallini,,Puebla,CF,33,1200000,,28,1387,4,5.05,0,0.47,28.1,28.87,Canada,"Canada, Argentina",left,183,86,no,1.95,2.79,34.88,7.72,34.45,0.19,0.26,0.13,0.78,1.05,2.14,3,0.19,1,0.06,1.56,0.26,3,0.19,0.33,0,0.0,36,2.34,33.33,11.111,0.0,0.78,16.67,0.65,20.0,0.13,0.0,0.19,2.27,28.57,12.33,23.68,3.63,0.78,0.26,8.82,2.14,2.01,13.56,70.33,2.53,58.97,3.89,85.0,3.83,61.02,11.87,74.32,0.97,60.0,15.06,14.34,0.03,0.26,0.06,0.0,0.06,0.0,0.13,1.62,64.0,0.65,30.0,0.06,0.0,0.26,0.13,1.36,66.67,0,,0,,0,0.0,0.0,0.0,,,0.0,,,0.06,0.06,0.0,0.0,1,100.0
J. Rodríguez,Puebla,Puebla,GK,33,1200000,,36,3635,0,0.0,0,0.0,0.72,62.07,Mexico,Mexico,left,185,83,no,1.39,0.25,40.0,0.4,68.75,0.0,0.0,0.0,1.29,1.65,0.05,4,0.1,0,0.0,0.02,0.0,0,0.0,0.0,0,0.0,0,0.0,0.0,0.0,0.0,0.0,0.0,0.0,0.0,0.0,0.0,0.0,0.02,100.0,0.02,100.0,0.0,0.0,0.0,14.88,0.05,0.07,21.32,89.43,8.89,78.27,0.0,0.0,11.44,98.48,15.9,96.57,5.4,68.81,28.85,46.9,0.0,0.0,0.0,0.0,0.0,0.0,0.0,1.24,48.0,0.05,50.0,0.0,0.0,0.02,0.0,4.46,73.89,73,1.81,212,5.25,3,65.57,63.5,1.57,-9.5,-0.235,0.0,1.31,0.4,,,,0.0,0,0.0
Rafael Carioca,,Tigres UANL,"DMF, LCMF, LDMF",37,1200000,,38,3793,1,0.74,2,0.94,15.21,56.32,Brazil,Brazil,right,179,78,no,7.64,6.31,71.43,0.71,53.33,0.14,0.21,0.14,2.99,4.32,0.9,5,0.12,0,0.0,1.04,0.02,1,0.02,0.02,0,0.0,13,0.31,30.77,7.692,0.05,0.62,57.69,0.17,42.86,0.43,66.67,0.07,1.0,52.38,5.81,46.53,0.14,0.97,0.26,36.47,0.14,1.14,51.85,91.9,14.0,82.54,7.88,96.99,23.13,95.9,47.79,94.34,3.46,63.7,18.66,35.19,0.02,0.45,0.09,0.05,0.24,30.0,0.14,6.57,85.2,1.14,58.33,0.47,25.0,0.36,0.38,6.74,79.93,0,,0,,0,0.0,0.0,0.0,,,1.92,,,0.02,0.0,0.0,0.05,0,0.0
Ó. Manzanarez,Jaiba Brava,Querétaro,"LCB, RB",31,1200000,,28,2191,0,1.1,0,0.33,13.56,57.58,Mexico,Mexico,right,180,70,no,9.32,6.98,62.94,3.2,53.85,0.37,0.4,0.66,4.56,4.88,1.31,8,0.33,1,0.04,0.25,0.0,0,0.0,0.05,0,0.0,8,0.33,0.0,0.0,0.0,0.25,33.33,0.0,0.0,0.25,33.33,0.0,0.41,40.0,1.15,50.0,0.58,0.25,0.04,12.86,0.49,0.37,21.32,83.04,9.65,71.91,3.16,94.81,5.67,92.03,17.54,88.76,3.53,58.14,20.57,32.09,0.01,0.08,0.0,0.0,0.0,0.0,0.0,2.63,65.63,0.33,25.0,0.04,0.0,0.04,0.08,4.68,71.93,0,,0,,0,0.0,0.0,0.0,,,1.6,,,0.04,0.0,0.0,0.0,0,0.0
A. Gutiérrez,América,Cruz Azul,"AMF, LCMF, LW",26,1200000,,32,1528,1,1.62,1,1.31,12.49,46.23,Mexico,Mexico,left,175,77,no,4.48,5.12,57.47,1.77,40.0,0.29,0.51,0.0,1.24,2.13,0.59,1,0.06,0,0.0,1.12,0.06,1,0.06,0.1,0,0.0,20,1.18,30.0,5.0,0.06,1.3,13.64,1.18,15.0,0.12,0.0,0.24,1.06,44.44,3.89,39.39,2.0,1.0,0.59,24.38,1.35,0.77,29.33,88.76,5.71,81.44,9.13,97.42,9.54,87.04,26.8,93.85,1.24,57.14,17.77,14.38,0.08,0.71,0.06,0.0,0.18,66.67,0.18,2.65,86.67,1.88,43.75,0.35,50.0,0.77,0.18,2.53,83.72,0,,0,,0,0.0,0.0,0.0,,,0.12,,,0.24,0.0,0.0,1.65,0,0.0
G. Aguirre,Atlas,Atlas,"RB, LCB, RCB",30,1200000,,20,1669,0,0.64,0,0.13,15.69,57.39,Mexico,Mexico,right,182,81,no,10.19,8.57,64.15,3.67,44.12,1.02,1.3,0.75,3.67,4.66,1.29,3,0.16,0,0.0,0.49,0.0,0,0.0,0.03,0,0.0,6,0.32,0.0,0.0,0.0,0.38,57.14,0.0,0.0,0.38,57.14,0.0,0.38,71.43,1.29,41.67,0.38,0.43,0.0,29.71,0.54,0.43,41.31,88.9,16.72,78.39,3.13,93.1,15.64,96.21,36.45,93.05,4.58,57.65,18.74,34.05,0.01,0.16,0.11,0.0,0.0,0.0,0.05,3.4,68.25,0.54,40.0,0.27,20.0,0.0,0.22,6.52,68.6,0,,0,,0,0.0,0.0,0.0,,,1.4,,,0.0,0.0,0.0,0.0,0,0.0
E. Lara,América,América,"RB, LCB",24,1200000,,7,459,0,0.0,1,0.14,14.12,61.11,Mexico,Mexico,right,180,72,no,8.24,6.47,63.64,4.12,66.67,0.59,0.81,0.39,3.53,4.86,0.59,1,0.2,0,0.0,1.37,0.0,0,0.0,0.0,0,0.0,0,0.0,0.0,0.0,0.2,1.96,50.0,0.0,0.0,1.96,50.0,0.39,0.78,50.0,1.37,28.57,0.2,1.37,0.59,28.82,2.55,0.2,40.59,84.06,14.31,75.34,4.9,92.0,15.1,85.71,35.88,87.98,2.75,57.14,18.03,27.32,0.03,0.39,0.2,0.0,0.0,0.0,0.39,2.35,58.33,3.14,62.5,0.0,0.0,0.59,1.18,8.63,65.91,0,,0,,0,0.0,0.0,0.0,,,0.78,,,0.0,0.0,0.0,0.2,0,0.0
M. García,Atlas,Atlas,"CF, AMF, RW",29,1200000,2027-06-30,27,1658,1,2.82,1,1.57,19.38,48.74,Argentina,"Argentina, Italy",left,172,65,no,7.65,6.24,64.35,1.3,41.67,0.22,0.3,0.0,3.42,4.68,0.71,2,0.11,2,0.11,3.04,0.05,1,0.05,0.15,0,0.0,18,0.98,55.56,5.556,0.05,0.6,27.27,0.27,20.0,0.33,33.33,0.05,4.18,51.95,9.83,40.88,1.47,2.77,0.87,24.37,1.25,1.47,34.52,83.49,8.69,69.38,7.82,93.06,10.1,89.78,33.22,84.97,0.71,61.54,14.84,12.67,0.09,1.14,0.0,0.16,0.38,42.86,0.22,2.77,86.27,1.9,57.14,0.43,37.5,0.98,0.16,3.58,69.7,0,,0,,0,0.0,0.0,0.0,,,0.0,,,0.43,0.0,0.0,1.09,0,0.0
P. Pérez,Toluca,Guadalajara,"LW, LWF, LAMF",28,1200000,,25,1485,1,1.71,2,2.37,24.85,45.85,Mexico,Mexico,right,168,67,no,6.55,7.09,64.96,1.33,27.27,0.36,0.49,0.06,1.58,2.14,1.15,3,0.18,0,0.0,5.64,0.06,1,0.06,0.1,0,0.0,29,1.76,34.48,3.448,0.12,2.73,42.22,2.24,43.24,0.48,37.5,0.3,7.15,52.54,14.3,39.83,2.67,4.48,1.52,18.61,1.7,1.39,24.55,78.77,5.03,61.45,6.91,90.35,6.67,81.82,20.36,84.52,1.58,69.23,16.05,20.73,0.14,1.03,0.0,0.0,0.24,50.0,0.3,1.58,76.92,2.36,56.41,0.3,40.0,0.73,1.03,4.0,74.24,0,,0,,0,0.0,0.0,0.0,,,0.0,,,0.36,0.18,33.33,2.06,0,0.0
A. Martínez,Huracán,Club Tijuana,"LW, LAMF, LCMF",29,1200000,2026-12-31,17,1195,2,1.28,0,1.52,16.42,37.16,Argentina,Argentina,left,171,70,yes,4.97,5.05,47.76,0.6,12.5,0.15,0.2,0.08,2.41,3.19,0.9,0,0.0,0,0.0,4.59,0.15,2,0.15,0.1,0,0.0,24,1.81,37.5,8.333,0.0,4.59,29.51,4.29,24.56,0.3,100.0,0.3,5.2,49.28,9.19,36.07,2.18,2.41,1.05,16.57,1.28,0.68,22.29,64.86,5.5,65.75,3.69,83.67,7.0,49.46,17.1,75.33,0.9,41.67,17.82,18.7,0.11,0.9,0.0,0.0,0.15,0.0,0.3,1.28,64.71,3.92,32.69,0.08,0.0,0.38,1.43,3.39,71.11,0,,0,,0,0.0,0.0,0.0,,,0.0,,,0.6,0.15,0.0,2.64,0,0.0
J. Salas,,Juárez,"LCMF, RCMF, DMF",32,1200000,,27,2096,0,0.84,0,0.18,11.68,52.21,Mexico,Mexico,right,181,73,no,7.08,6.05,60.99,2.36,40.0,0.17,0.22,0.3,3.22,4.08,1.5,6,0.26,0,0.0,0.43,0.0,0,0.0,0.04,0,0.0,11,0.47,18.18,0.0,0.0,0.17,75.0,0.0,0.0,0.17,75.0,0.0,0.3,71.43,1.42,48.48,0.34,0.26,0.13,25.63,0.04,0.56,35.34,90.28,10.13,74.58,4.55,96.23,15.42,98.05,32.98,92.32,2.19,60.78,17.16,28.53,0.01,0.21,0.0,0.04,0.04,0.0,0.0,3.61,77.38,0.52,50.0,0.17,50.0,0.17,0.13,3.95,65.22,0,,0,,0,0.0,0.0,0.0,,,0.34,,,0.0,0.0,0.0,0.04,0,0.0
P. Bennevendo,Pumas UNAM,Pumas UNAM,RB,26,1200000,,28,2104,0,0.4,3,1.31,16.73,53.45,Mexico,Mexico,right,177,68,no,9.75,8.51,65.33,2.01,48.94,0.43,0.58,0.04,3.76,5.1,0.77,3,0.13,1,0.04,1.63,0.0,0,0.0,0.02,0,0.0,7,0.3,14.29,0.0,0.13,2.14,48.0,0.09,0.0,2.05,50.0,0.3,1.15,48.15,3.55,40.96,0.56,0.86,0.13,23.83,1.28,0.56,34.22,81.0,13.05,74.1,4.23,92.93,11.08,83.78,28.75,86.9,3.42,50.0,20.2,32.64,0.06,0.6,0.0,0.04,0.0,0.0,0.56,3.89,59.34,2.05,54.17,0.17,25.0,0.21,1.03,7.06,75.15,0,,0,,0,0.0,0.0,0.0,,,0.56,,,0.0,0.0,0.0,0.0,0,0.0
A. Lotti,Platense,Cruz Azul,CF,30,1200000,2026-12-31,3,145,0,0.22,0,0.0,21.72,28.57,Argentina,"Argentina, Italy",right,180,70,no,3.1,3.72,83.33,5.59,22.22,0.0,0.0,0.0,0.0,0.0,0.0,0,0.0,0,0.0,0.62,0.0,0,0.0,0.14,0,0.0,5,3.1,20.0,0.0,0.0,0.0,0.0,0.0,0.0,0.0,0.0,0.0,0.62,0.0,4.34,0.0,0.62,0.62,0.0,8.07,1.24,0.62,12.41,90.0,1.24,100.0,4.97,100.0,4.97,87.5,12.41,90.0,0.0,0.0,15.09,0.0,0.0,0.0,0.0,0.0,0.0,0.0,0.62,0.62,100.0,0.62,100.0,0.0,0.0,0.62,0.0,0.62,100.0,0,,0,,0,0.0,0.0,0.0,,,0.0,,,0.62,0.62,0.0,0.0,0,0.0
E. Ayón,Juárez,Querétaro,"CF, LW",25,1200000,2026-12-31,25,1257,4,3.74,1,0.25,26.49,32.16,Mexico,Mexico,left,180,77,yes,3.37,3.37,51.06,6.37,28.09,0.0,0.0,0.14,1.65,1.94,0.57,1,0.07,0,0.0,2.36,0.29,4,0.29,0.27,0,0.0,28,2.0,17.86,14.286,0.07,1.29,27.78,0.64,22.22,0.64,33.33,0.14,3.51,44.9,12.67,32.77,3.51,1.22,0.72,8.45,1.65,2.15,11.74,73.17,2.36,66.67,2.94,85.37,3.72,73.08,10.02,79.29,0.57,50.0,18.38,14.86,0.02,0.29,0.07,0.0,0.14,50.0,0.21,1.29,66.67,1.36,52.63,0.14,50.0,0.43,0.36,1.29,83.33,0,,0,,0,0.0,0.0,0.0,,,0.0,,,0.0,0.0,0.0,0.0,0,0.0
A. Sánchez,Atlético de San Luis,Atlético de San Luis,GK,28,1200000,2026-12-31,29,2946,0,0.0,0,0.0,1.04,79.41,Mexico,Mexico,right,192,95,no,1.59,0.15,60.0,0.67,86.36,0.03,0.04,0.0,1.47,1.89,0.0,1,0.03,0,0.0,0.0,0.0,0,0.0,0.0,0,0.0,0,0.0,0.0,0.0,0.0,0.0,0.0,0.0,0.0,0.0,0.0,0.0,0.0,0.0,0.12,75.0,0.18,0.0,0.0,10.91,0.21,0.18,16.74,90.88,7.55,82.59,0.09,33.33,7.97,98.85,13.81,97.57,2.93,59.38,25.22,42.35,0.0,0.0,0.0,0.0,0.0,0.0,0.0,0.64,38.1,0.03,0.0,0.03,0.0,0.03,0.0,2.54,66.27,53,1.62,144,4.4,6,63.19,50.02,1.53,-2.98,-0.091,0.0,1.13,0.67,,,,0.0,0,0.0
J. Zúñiga,América,Club Tijuana,CF,32,1200000,2027-06-30,29,1794,9,6.75,1,0.37,25.89,30.81,Colombia,Colombia,right,177,80,no,2.91,3.41,54.41,7.12,31.69,0.2,0.24,0.0,0.85,1.02,1.25,4,0.2,1,0.05,1.96,0.45,9,0.45,0.34,4,0.2,35,1.76,54.29,25.714,0.05,0.35,14.29,0.0,0.0,0.35,14.29,0.0,1.71,50.0,10.28,21.95,3.76,1.05,0.35,7.37,1.96,1.1,12.69,65.61,1.91,34.21,3.31,78.79,3.66,68.49,12.14,67.36,0.2,50.0,14.43,5.24,0.02,0.4,0.1,0.05,0.15,66.67,0.1,0.95,42.11,0.8,43.75,0.1,50.0,0.55,0.1,0.8,50.0,0,,0,,0,0.0,0.0,0.0,,,0.0,,,0.0,0.0,0.0,0.0,0,0.0
B. Colula,León,Mazatlán,RB,30,1200000,2027-06-30,20,1643,1,0.52,1,0.87,15.39,51.25,Mexico,Mexico,right,176,77,no,9.15,8.22,55.33,2.47,53.33,0.6,0.75,0.22,4.0,4.98,0.77,6,0.33,1,0.05,1.21,0.05,1,0.05,0.03,0,0.0,10,0.55,40.0,10.0,0.05,1.64,33.33,0.0,0.0,1.64,33.33,0.16,0.77,57.14,2.47,42.22,0.77,0.93,0.33,22.62,2.14,0.66,32.15,79.22,12.22,70.85,4.66,98.82,10.08,80.98,27.22,86.32,3.29,43.33,18.57,32.66,0.05,0.6,0.0,0.0,0.0,0.0,0.16,3.83,67.14,2.08,50.0,0.11,50.0,0.6,0.6,7.45,69.85,0,,0,,0,0.0,0.0,0.0,,,0.77,,,0.0,0.0,0.0,0.0,0,0.0
N. Araújo,América,América,"LCB, RCB",34,1000000,,6,572,0,0.15,0,0.61,15.42,59.18,Mexico,"Mexico, Spain",right,188,92,no,10.54,7.24,71.74,5.19,45.45,0.0,0.0,0.47,5.35,6.58,0.79,1,0.16,0,0.0,0.0,0.0,0,0.0,0.02,0,0.0,2,0.31,0.0,0.0,0.0,0.0,0.0,0.0,0.0,0.0,0.0,0.0,0.16,0.0,0.63,25.0,0.63,0.31,0.0,34.46,0.63,0.16,46.73,88.55,17.31,74.55,2.2,92.86,22.34,97.18,43.43,91.67,3.3,47.62,20.13,35.98,0.1,0.31,0.0,0.0,0.0,0.0,0.31,2.52,68.75,0.0,0.0,0.16,100.0,0.16,0.0,6.61,59.52,0,,0,,0,0.0,0.0,0.0,,,1.57,,,0.0,0.0,0.0,0.0,0,0.0
F. Formiliano,Wanderers,Necaxa,CB,33,1000000,2027-12-31,3,281,0,0.1,0,0.0,8.65,62.96,Uruguay,"Uruguay, Italy",right,185,79,no,7.69,2.88,55.56,3.2,60.0,0.64,0.69,0.64,5.44,5.86,0.64,1,0.32,0,0.0,0.32,0.0,0,0.0,0.03,0,0.0,1,0.32,0.0,0.0,0.0,0.0,0.0,0.0,0.0,0.0,0.0,0.0,0.32,100.0,0.64,100.0,0.64,0.0,0.0,16.01,0.0,0.32,30.75,85.42,11.53,72.22,0.96,100.0,16.33,98.04,25.94,90.12,4.8,60.0,24.28,41.15,0.0,0.0,0.0,0.0,0.0,0.0,0.0,2.24,57.14,0.32,0.0,0.32,0.0,0.0,0.0,6.09,78.95,0,,0,,0,0.0,0.0,0.0,,,0.32,,,0.0,0.0,0.0,0.0,0,0.0
A. Guardado,,León,"LCMF, RCMF, LDMF",39,1000000,,9,517,0,0.02,0,0.55,13.58,52.56,Mexico,"Mexico, Spain",left,167,60,no,7.31,6.27,58.33,1.22,28.57,0.7,0.93,0.17,2.96,3.95,1.57,2,0.35,0,0.0,0.87,0.0,0,0.0,0.0,0,0.0,2,0.35,0.0,0.0,0.0,0.17,0.0,0.17,0.0,0.0,0.0,0.0,1.39,62.5,3.66,61.9,0.17,0.52,0.17,30.64,0.35,1.04,43.52,86.4,12.53,69.44,6.96,97.5,19.5,94.64,36.91,90.09,6.44,67.57,21.62,33.66,0.1,1.22,0.0,0.0,0.0,0.0,0.52,6.96,70.0,0.7,50.0,0.7,0.0,0.35,0.0,6.27,72.22,0,,0,,0,0.0,0.0,0.0,,,1.22,,,0.17,0.0,0.0,1.39,0,0.0
J. Vigón,Tigres UANL,Tigres UANL,"RCMF, RDMF, LCMF",35,1000000,,40,1699,4,3.64,0,1.47,16.74,45.57,Mexico,Mexico,right,175,68,no,6.04,6.04,56.14,2.28,32.56,0.21,0.32,0.32,2.44,3.72,1.27,2,0.11,1,0.05,2.6,0.21,4,0.21,0.19,1,0.05,22,1.17,50.0,18.182,0.0,1.59,40.0,0.53,40.0,1.06,40.0,0.11,1.54,65.52,6.46,45.08,2.01,1.06,0.05,28.66,0.64,1.91,39.31,87.6,10.7,83.17,7.42,90.71,12.77,90.04,36.07,90.9,1.7,62.5,16.34,19.39,0.08,0.74,0.05,0.0,0.48,77.78,0.32,5.03,85.26,1.96,51.35,0.42,62.5,0.74,0.58,4.08,76.62,0,,0,,0,0.0,0.0,0.0,,,0.42,,,0.0,0.0,0.0,0.0,0,0.0
A. Santamaría,Universitario,Atlas,"RCB, LCB",34,1000000,2027-12-31,19,1716,0,0.66,1,1.2,13.58,59.85,Peru,Peru,right,184,82,no,9.86,6.24,68.91,3.51,43.28,0.63,0.87,0.37,4.93,6.81,1.21,10,0.52,4,0.21,0.68,0.0,0,0.0,0.03,0,0.0,6,0.31,33.33,0.0,0.05,0.21,50.0,0.16,33.33,0.05,100.0,0.0,0.63,75.0,1.42,59.26,0.37,0.52,0.21,24.6,0.21,0.63,38.44,89.36,15.21,80.69,2.05,100.0,17.36,96.07,32.1,93.3,6.14,70.09,22.27,41.17,0.06,0.31,0.0,0.0,0.0,0.0,0.26,4.56,71.26,0.58,45.45,0.37,42.86,0.31,0.1,6.71,73.44,0,,0,,0,0.0,0.0,0.0,,,1.57,,,0.16,0.16,66.67,0.0,0,0.0
J. González,Puebla,Pumas UNAM,GK,35,1000000,2027-12-31,41,4166,0,0.0,0,0.0,0.95,70.45,Mexico,"Mexico, Spain",left,182,80,no,1.84,0.13,33.33,0.56,88.46,0.02,0.03,0.0,1.77,2.38,0.06,4,0.09,0,0.0,0.0,0.0,0,0.0,0.0,0,0.0,0,0.0,0.0,0.0,0.0,0.0,0.0,0.0,0.0,0.0,0.0,0.0,0.0,0.0,0.13,66.67,0.0,0.0,0.0,9.87,0.15,0.15,17.2,85.68,10.67,78.74,0.02,100.0,6.07,98.93,10.74,96.98,6.39,67.23,34.13,50.16,0.0,0.0,0.0,0.0,0.0,0.0,0.0,1.97,51.65,0.28,0.0,0.06,0.0,0.02,0.0,5.16,80.75,47,1.02,172,3.72,14,72.67,50.04,1.08,3.04,0.066,0.02,1.84,0.56,,,,0.0,0,0.0
D. Villalpando,Everton,Juárez,"AMF, CF",34,1000000,2026-12-31,37,3322,3,3.71,7,4.48,18.34,46.82,Mexico,Mexico,right,172,69,no,4.52,4.93,59.34,1.16,34.88,0.49,0.63,0.0,1.11,1.44,0.68,5,0.14,0,0.0,3.47,0.08,3,0.08,0.1,0,0.0,67,1.82,34.33,4.478,0.19,1.38,35.29,0.46,11.76,0.89,45.45,0.08,3.06,61.06,10.0,44.17,1.06,2.76,1.25,34.43,0.73,1.71,44.51,85.09,14.85,75.0,6.07,96.43,16.09,87.71,37.69,89.58,5.45,66.67,18.63,37.31,0.12,1.11,0.11,0.08,0.98,50.0,0.46,8.99,74.1,3.6,52.63,1.9,48.57,1.38,0.51,8.62,85.22,0,,0,,0,0.0,0.0,0.0,,,0.14,,,0.84,0.14,20.0,1.16,0,0.0
S. Rondón,Pachuca,Pachuca,CF,36,1000000,2027-12-31,21,1830,10,11.41,1,0.98,21.05,35.28,Venezuela,Venezuela,right,189,90,no,2.95,2.26,54.35,7.03,38.46,0.05,0.07,0.05,1.67,2.43,1.23,3,0.15,0,0.0,2.11,0.49,7,0.34,0.56,0,0.0,66,3.25,36.36,15.152,0.05,0.25,40.0,0.15,33.33,0.1,50.0,0.0,1.62,48.48,7.38,31.33,3.69,0.54,0.25,9.49,2.26,0.54,13.87,76.6,3.49,57.75,3.3,92.54,4.23,76.74,13.13,77.53,0.54,72.73,16.71,14.48,0.05,0.49,0.1,0.0,0.05,100.0,0.25,1.28,69.23,0.84,47.06,0.05,100.0,0.44,0.05,1.18,70.83,0,,0,,0,0.0,0.0,0.0,,,0.0,,,0.3,0.3,16.67,0.05,3,100.0
D. de Buen,,Puebla,"LCMF, CB, RCMF",35,1000000,,36,3599,6,3.62,1,0.63,12.53,54.49,Mexico,Mexico,right,182,80,no,7.53,5.38,63.26,3.15,50.79,0.38,0.48,0.5,3.75,4.79,0.58,7,0.18,0,0.0,0.93,0.15,6,0.15,0.09,2,0.05,39,0.98,41.03,15.385,0.03,0.05,50.0,0.0,0.0,0.05,50.0,0.0,0.65,57.69,2.25,47.78,0.65,0.63,0.1,27.13,0.15,0.6,38.14,87.41,12.23,73.21,3.78,97.35,16.13,95.81,33.86,91.14,4.23,57.99,19.56,40.15,0.02,0.4,0.08,0.0,0.2,62.5,0.05,4.85,70.62,0.88,60.0,0.45,38.89,0.55,0.03,5.53,71.49,0,,0,,0,0.0,0.0,0.0,,,0.98,,,0.15,0.1,50.0,0.03,0,0.0
L. Quiñónes,América de Cali,Tigres UANL,"RW, RAMF",35,1000000,2027-06-30,29,2036,3,2.27,4,3.79,25.37,44.6,Colombia,Colombia,left,178,65,no,6.81,6.5,65.99,2.65,30.0,0.4,0.59,0.13,2.12,3.15,1.33,3,0.13,0,0.0,5.66,0.13,3,0.13,0.1,1,0.04,29,1.28,34.48,10.345,0.18,4.51,34.31,1.02,34.78,3.49,34.18,1.02,5.83,53.03,13.66,37.54,2.87,2.25,0.35,29.53,2.03,0.97,41.24,78.89,11.58,74.43,8.97,91.63,11.1,72.11,35.98,85.14,0.88,40.0,14.91,19.82,0.17,1.28,0.09,0.04,0.97,59.09,0.84,3.36,63.16,5.61,55.91,0.93,47.62,1.86,1.59,6.54,85.14,0,,0,,0,0.0,0.0,0.0,,,0.04,,,0.4,0.0,0.0,1.64,0,0.0
Omar Fernández,Santa Fe,León,"RCMF, AMF, LCMF",33,1000000,2027-12-31,18,729,1,1.18,2,1.1,13.21,43.93,Colombia,Colombia,left,165,72,no,6.05,5.31,53.49,1.48,25.0,0.62,0.84,0.0,2.59,3.52,0.25,1,0.12,0,0.0,2.47,0.12,1,0.12,0.15,1,0.12,3,0.37,100.0,33.333,0.25,1.6,53.85,0.99,37.5,0.62,80.0,0.25,1.85,60.0,4.81,41.03,0.62,2.59,1.36,33.58,1.48,0.74,45.56,89.43,10.0,76.54,10.25,97.59,16.3,91.67,41.73,92.01,2.22,66.67,16.48,15.88,0.14,1.48,0.12,0.12,0.12,100.0,1.11,4.81,74.36,2.59,71.43,0.62,100.0,1.36,0.74,5.43,77.27,0,,0,,0,0.0,0.0,0.0,,,0.25,,,0.12,0.0,0.0,0.86,0,0.0
L. Reyes,Monterrey,Atlas,LB,35,1000000,2026-12-31,23,2188,2,1.04,2,4.55,14.44,53.28,Mexico,Mexico,left,181,72,no,9.21,6.13,66.44,2.43,38.98,1.4,1.88,0.33,3.74,5.04,0.62,0,0.0,0,0.0,2.63,0.08,2,0.08,0.04,1,0.04,19,0.78,26.32,10.526,0.08,3.46,46.43,3.33,48.15,0.12,0.0,0.7,1.28,61.29,3.54,48.84,0.7,0.9,0.25,27.85,1.48,0.95,36.65,83.39,14.23,77.46,4.77,98.28,11.39,83.75,29.37,92.02,4.07,49.49,20.01,42.39,0.19,1.6,0.08,0.0,0.04,100.0,0.49,4.98,80.99,3.21,52.56,0.12,66.67,0.29,1.56,8.1,77.66,0,,0,,0,0.0,0.0,0.0,,,1.03,,,1.19,0.12,33.33,2.76,0,0.0
F. Boli,Wadi Degla,Atlético de San Luis,CF,32,1000000,,12,806,4,4.62,3,0.35,16.41,33.33,Côte d'Ivoire,Côte d'Ivoire,right,180,77,no,2.34,2.12,52.63,2.57,13.04,0.56,0.81,0.0,0.67,0.97,1.23,2,0.22,1,0.11,3.24,0.45,3,0.33,0.52,0,0.0,24,2.68,41.67,16.667,0.33,0.33,0.0,0.22,0.0,0.11,0.0,0.0,3.35,63.33,8.49,39.47,2.9,0.67,0.22,8.49,1.23,0.78,10.94,78.57,2.01,66.67,3.24,93.1,2.34,80.95,10.61,81.05,0.0,0.0,14.25,0.0,0.04,0.56,0.0,0.0,0.0,0.0,0.33,0.45,50.0,0.33,66.67,0.0,0.0,0.45,0.0,0.56,60.0,0,,0,,0,0.0,0.0,0.0,,,0.0,,,0.0,0.0,0.0,0.0,1,100.0
F. Tapia,América,Querétaro,GK,25,1000000,2028-12-31,15,1445,0,0.0,0,0.0,0.5,75.0,Mexico,Mexico,right,185,80,no,1.62,0.25,50.0,0.12,100.0,0.0,0.0,0.0,1.49,1.67,0.06,5,0.31,0,0.0,0.06,0.0,0,0.0,0.0,0,0.0,0,0.0,0.0,0.0,0.0,0.0,0.0,0.0,0.0,0.0,0.0,0.0,0.06,100.0,0.12,100.0,0.0,0.0,0.0,7.1,0.25,0.0,12.21,77.04,9.03,71.03,0.0,0.0,2.87,93.48,4.55,94.52,7.66,66.67,41.73,52.59,0.0,0.0,0.0,0.0,0.0,0.0,0.0,2.74,61.36,0.06,0.0,0.0,0.0,0.0,0.0,6.23,77.0,23,1.43,80,4.98,3,71.25,26.17,1.63,3.17,0.197,0.0,1.25,0.12,,,,0.0,0,0.0
K. Escamilla,Club Tijuana,Querétaro,"RCMF, DMF, LCMF",32,1000000,,32,3050,2,1.0,0,0.07,12.51,52.36,Mexico,Mexico,right,177,79,no,8.7,6.46,58.9,2.15,47.95,0.35,0.39,0.38,4.54,4.97,1.21,6,0.18,0,0.0,0.53,0.06,2,0.06,0.03,1,0.03,27,0.8,25.93,7.407,0.0,0.15,40.0,0.06,50.0,0.09,33.33,0.0,0.59,45.0,2.01,36.76,0.35,0.3,0.12,13.9,0.12,0.53,25.82,84.23,8.59,75.95,3.28,91.89,10.27,89.66,22.6,87.34,3.07,63.46,19.1,30.5,0.0,0.09,0.03,0.0,0.03,0.0,0.0,4.28,80.0,0.41,28.57,0.18,33.33,0.15,0.06,4.66,74.05,0,,0,,0,0.0,0.0,0.0,,,0.27,,,0.0,0.0,0.0,0.0,0,0.0
J. Lozano,Atlas,Atlas,"LB, LW",27,1000000,,26,1873,2,0.83,2,1.87,17.68,47.55,Mexico,Mexico,left,170,70,no,7.11,6.68,52.52,3.36,51.43,0.58,0.75,0.24,3.03,3.93,1.25,7,0.34,0,0.0,2.07,0.1,2,0.1,0.04,1,0.05,14,0.67,50.0,14.286,0.1,2.55,22.64,2.4,22.0,0.14,33.33,0.29,2.31,45.83,5.09,43.4,1.06,1.01,0.48,20.33,1.68,0.91,29.84,74.88,10.67,65.32,6.53,95.59,6.49,71.11,24.7,83.46,2.64,43.64,18.62,26.39,0.09,0.58,0.0,0.0,0.19,50.0,0.38,3.41,59.15,2.45,37.25,0.24,40.0,0.43,0.58,5.72,63.87,0,,0,,0,0.0,0.0,0.0,,,0.53,,,0.05,0.0,0.0,0.24,0,0.0
E. Zaldívar,Atlas,Atlas,"LCMF, RCMF",29,1000000,,22,1048,1,0.89,0,0.78,17.86,54.81,Mexico,Mexico,right,173,74,no,7.73,7.3,64.71,3.61,54.76,0.52,0.7,0.09,2.49,3.37,1.72,4,0.34,0,0.0,1.12,0.09,1,0.09,0.08,0,0.0,10,0.86,60.0,10.0,0.0,0.43,40.0,0.09,0.0,0.34,50.0,0.0,0.77,44.44,4.55,35.85,0.52,0.86,0.6,30.83,0.34,1.2,41.74,88.68,9.53,71.17,8.85,97.09,14.26,93.37,38.82,91.37,2.58,56.67,15.8,23.66,0.07,0.52,0.0,0.0,0.17,50.0,0.17,4.98,81.03,0.6,42.86,0.09,100.0,0.26,0.09,4.12,66.67,0,,0,,0,0.0,0.0,0.0,,,1.55,,,0.09,0.0,0.0,0.26,0,0.0
B. Samudio, Esenler Erokspor,Necaxa,"LW, CF",30,1000000,2027-06-30,23,971,4,1.69,1,0.78,27.71,39.8,Paraguay,Paraguay,right,181,79,no,6.77,7.51,51.85,10.38,44.64,0.37,0.42,0.0,2.5,2.84,1.3,2,0.19,1,0.09,2.13,0.37,4,0.37,0.16,1,0.09,19,1.76,52.63,21.053,0.09,1.67,27.78,1.11,16.67,0.56,50.0,0.0,2.32,32.0,6.3,22.06,2.22,1.11,0.93,18.44,1.39,0.46,27.16,75.09,7.32,67.09,4.82,90.38,9.55,72.82,23.17,80.8,2.6,50.0,19.3,25.45,0.07,0.83,0.09,0.19,0.09,0.0,0.37,2.69,68.97,3.24,42.86,0.74,25.0,1.3,0.56,4.63,72.0,0,,0,,0,0.0,0.0,0.0,,,0.0,,,0.09,0.09,0.0,0.09,0,0.0
A. Mayorga,Juárez,Necaxa,LB,29,1000000,2028-12-31,15,922,0,0.28,0,0.22,13.96,48.95,Mexico,Mexico,left,178,71,no,9.76,7.71,54.43,1.17,66.67,0.49,0.6,0.29,5.08,6.19,0.68,2,0.2,0,0.0,1.95,0.0,0,0.0,0.03,0,0.0,5,0.49,40.0,0.0,0.0,2.15,45.45,2.15,45.45,0.0,0.0,0.2,1.37,57.14,3.42,42.86,0.98,1.66,0.68,22.35,1.07,0.29,33.48,74.64,17.47,68.72,3.71,92.11,6.25,75.0,28.02,80.84,3.32,41.18,17.74,29.78,0.02,0.29,0.1,0.0,0.1,0.0,0.0,5.66,62.07,2.34,58.33,0.49,40.0,0.59,0.88,9.27,68.42,0,,0,,0,0.0,0.0,0.0,,,0.29,,,0.1,0.0,0.0,0.1,0,0.0
J. Díaz,Mazatlán,Mazatlán,LB,27,1000000,,26,1987,0,0.79,0,0.8,15.9,49.86,Mexico,Mexico,left,181,80,no,8.65,8.38,58.38,1.59,25.71,0.59,0.76,0.14,3.17,4.11,1.95,9,0.41,2,0.09,1.9,0.0,0,0.0,0.04,0,0.0,6,0.27,16.67,0.0,0.0,2.31,41.18,2.26,40.0,0.05,100.0,0.09,1.49,54.55,3.67,46.91,1.0,1.36,0.54,23.33,1.99,0.82,30.53,78.04,13.0,69.69,4.89,98.15,9.29,82.44,24.64,88.05,3.76,33.73,21.15,39.1,0.04,0.32,0.0,0.0,0.23,40.0,0.18,4.21,64.52,1.81,42.5,0.23,20.0,0.18,0.86,6.66,70.75,0,,0,,0,0.0,0.0,0.0,,,0.72,,,0.0,0.0,0.0,0.0,0,0.0
A. Vukčević,Preston North End,Juárez,LB,29,1000000,2028-06-30,21,1587,1,1.11,0,1.26,14.74,50.38,Montenegro,Montenegro,left,180,83,no,7.77,7.09,57.6,1.7,46.67,0.85,1.05,0.06,2.84,3.51,1.19,2,0.11,0,0.0,2.78,0.06,1,0.06,0.06,0,0.0,6,0.34,33.33,16.667,0.0,3.4,38.33,3.23,36.84,0.06,100.0,0.34,2.61,52.17,4.71,46.99,1.19,1.81,1.13,17.18,1.53,0.45,24.39,76.98,7.43,72.52,5.22,90.22,7.94,70.71,18.71,87.88,2.61,45.65,19.07,31.53,0.07,0.45,0.06,0.0,0.06,0.0,0.23,1.93,61.76,2.5,45.45,0.17,0.0,0.34,1.25,4.31,64.47,0,,0,,0,0.0,0.0,0.0,,,0.34,,,0.0,0.0,0.0,0.0,0,0.0
Á. Zaldívar,Alajuelense,Juárez,CF,32,1000000,2027-06-30,28,1182,7,6.11,1,0.62,25.28,29.52,Mexico,Mexico,left,178,72,no,4.95,5.18,52.94,5.18,23.53,0.61,0.85,0.08,1.6,2.23,2.28,1,0.08,1,0.08,1.9,0.53,5,0.38,0.46,1,0.08,26,1.98,57.69,26.923,0.08,0.15,100.0,0.08,100.0,0.08,100.0,0.0,2.06,22.22,9.14,24.17,2.66,0.38,0.0,9.52,1.29,1.14,14.47,82.63,2.21,68.97,2.97,87.18,4.49,86.44,13.71,82.78,0.61,75.0,11.77,8.58,0.05,0.84,0.0,0.0,0.23,66.67,0.3,1.9,84.0,0.53,85.71,0.15,50.0,0.53,0.15,0.91,75.0,0,,0,,0,0.0,0.0,0.0,,,0.0,,,0.0,0.0,0.0,0.0,3,66.667
S. Jurado,Juárez,Juárez,GK,28,1000000,2027-12-31,17,1649,0,0.0,0,0.0,0.71,84.62,Mexico,Mexico,right,188,83,no,1.31,0.22,75.0,0.27,100.0,0.0,0.0,0.0,1.15,1.44,0.05,1,0.05,1,0.05,0.0,0.0,0,0.0,0.0,0,0.0,0,0.0,0.0,0.0,0.0,0.0,0.0,0.0,0.0,0.0,0.0,0.0,0.0,0.0,0.11,50.0,0.0,0.0,0.0,10.1,0.38,0.11,14.74,85.19,7.31,71.64,0.0,0.0,6.71,98.37,10.26,97.34,4.48,57.32,30.93,52.22,0.0,0.0,0.0,0.0,0.0,0.0,0.0,1.36,40.0,0.11,0.0,0.16,33.33,0.0,0.0,3.55,69.23,26,1.42,78,4.26,2,66.67,28.19,1.54,2.19,0.12,0.0,0.65,0.27,,,,0.0,0,0.0
H. Ortega,Juárez,Juárez,"LCB, RCB",26,1000000,,5,523,0,0.1,1,0.43,14.28,69.88,Mexico,Mexico,right,192,77,no,11.36,7.57,77.27,3.96,78.26,0.69,0.84,0.34,4.82,5.87,0.86,1,0.17,0,0.0,0.0,0.0,0,0.0,0.02,0,0.0,1,0.17,0.0,0.0,0.17,0.0,0.0,0.0,0.0,0.0,0.0,0.0,0.0,0.0,0.34,50.0,0.34,0.0,0.0,21.17,0.69,0.69,31.49,82.51,11.19,69.23,1.89,81.82,14.8,90.7,28.74,87.43,2.75,31.25,20.79,39.95,0.07,0.34,0.0,0.0,0.0,0.0,0.17,3.1,66.67,0.0,0.0,0.0,0.0,0.17,0.0,6.54,52.63,0,,0,,0,0.0,0.0,0.0,,,1.03,,,0.0,0.0,0.0,0.0,0,0.0
A. Cruz,Atlético de San Luis,Atlético de San Luis,LB,28,1000000,,21,1526,1,0.36,0,0.32,13.51,56.33,Mexico,Mexico,left,173,62,no,7.79,6.37,66.67,1.59,48.15,0.59,0.73,0.41,2.95,3.67,0.41,2,0.12,0,0.0,1.36,0.06,1,0.06,0.02,0,0.0,4,0.24,25.0,25.0,0.0,1.59,59.26,1.59,59.26,0.0,0.0,0.06,0.65,54.55,3.48,49.15,0.29,0.94,0.29,21.7,1.36,0.83,29.37,77.91,10.73,63.19,5.96,91.09,7.84,87.22,23.59,83.75,4.36,52.7,19.07,29.63,0.02,0.41,0.12,0.06,0.0,0.0,0.12,3.54,68.33,1.59,66.67,0.0,0.0,0.24,0.83,7.02,59.66,0,,0,,0,0.0,0.0,0.0,,,0.41,,,0.06,0.0,0.0,0.06,0,0.0
Y. Bárcenas,Mazatlán,Mazatlán,"LW, RW, RAMF",32,1000000,,23,2102,3,5.1,5,3.0,21.88,42.47,Panama,Panama,right,175,72,no,6.21,6.25,52.74,2.27,41.51,0.34,0.45,0.09,2.57,3.34,1.28,5,0.21,0,0.0,3.85,0.13,3,0.13,0.22,0,0.0,53,2.27,32.08,5.66,0.21,2.27,28.3,0.56,38.46,1.63,26.32,0.26,4.84,47.79,11.52,38.66,2.74,2.7,0.81,24.79,1.93,0.94,31.51,82.07,6.76,72.78,7.84,92.9,11.09,79.92,27.79,87.21,1.58,64.86,17.32,29.92,0.13,0.94,0.0,0.04,0.3,57.14,0.6,3.08,79.17,2.35,50.91,0.47,54.55,0.81,0.73,4.54,82.08,0,,0,,0,0.0,0.0,0.0,,,0.26,,,0.56,0.3,28.57,1.07,0,0.0
F. Waller,Huracán,Puebla,"RCMF, RW",29,1000000,2028-12-31,4,108,0,0.05,0,0.1,26.67,40.63,Uruguay,Uruguay,left,174,70,no,6.67,4.17,80.0,1.67,0.0,0.83,1.3,0.0,2.5,3.91,0.83,1,0.83,0,0.0,5.0,0.0,0,0.0,0.04,0,0.0,1,0.83,0.0,0.0,0.0,2.5,33.33,0.83,100.0,1.67,0.0,0.0,6.67,50.0,16.67,40.0,1.67,3.33,1.67,21.67,4.17,3.33,29.17,62.86,10.83,53.85,5.0,83.33,10.0,66.67,25.0,66.67,1.67,50.0,17.68,16.27,0.08,0.83,0.0,0.0,2.5,33.33,0.0,5.0,83.33,5.0,33.33,2.5,33.33,1.67,0.83,6.67,50.0,0,,0,,0,0.0,0.0,0.0,,,0.0,,,0.83,0.0,0.0,1.67,0,0.0
E. Guerra,León,León,"RW, RAMF",25,1000000,2028-06-30,11,954,1,1.33,1,0.82,23.87,43.87,Colombia,Colombia,right,172,65,no,5.85,6.04,53.13,1.42,33.33,0.09,0.13,0.19,2.55,3.48,1.42,3,0.28,0,0.0,4.34,0.09,1,0.09,0.13,0,0.0,16,1.51,43.75,6.25,0.09,1.89,20.0,0.38,25.0,1.51,18.75,0.09,6.32,52.24,13.4,41.55,2.45,3.11,1.23,13.68,1.42,1.51,18.87,80.5,3.96,78.57,5.19,90.91,5.85,74.19,16.32,90.17,0.75,12.5,16.46,25.56,0.08,0.85,0.0,0.0,0.0,0.0,0.38,0.57,66.67,1.51,50.0,0.09,0.0,0.66,0.38,1.89,60.0,0,,0,,0,0.0,0.0,0.0,,,0.38,,,0.0,0.0,0.0,0.19,0,0.0
D. Ramírez,León,León,"RB, RWB, LWB",30,1000000,,29,1730,0,0.51,0,1.34,15.71,48.68,Mexico,Mexico,right,178,72,no,5.25,5.67,53.21,1.98,34.21,0.16,0.21,0.16,2.08,2.8,0.62,1,0.05,0,0.0,3.23,0.0,0,0.0,0.03,0,0.0,7,0.36,57.14,0.0,0.0,2.76,32.08,0.16,0.0,2.6,34.0,0.21,3.02,67.24,6.45,51.61,0.99,1.92,1.2,25.8,1.09,1.2,36.05,83.98,7.75,75.17,5.98,93.91,14.93,86.41,29.81,90.92,3.59,65.22,18.91,29.24,0.07,0.94,0.0,0.1,0.16,66.67,0.52,3.49,73.13,3.02,56.9,0.26,40.0,0.83,0.99,5.36,69.9,0,,0,,0,0.0,0.0,0.0,,,0.31,,,0.0,0.0,0.0,0.05,0,0.0
Borja Sánchez,Gimnàstic Tarragona,León,"LWB, LW, LAMF",30,1000000,,10,511,1,1.55,0,0.16,25.36,43.75,Spain,Spain,right,186,82,no,6.52,7.57,60.47,2.64,33.33,0.0,0.0,0.0,1.94,3.59,1.41,3,0.53,0,0.0,4.58,0.18,1,0.18,0.27,0,0.0,8,1.41,25.0,12.5,0.0,3.52,25.0,2.99,29.41,0.53,0.0,0.7,6.69,50.0,13.39,40.79,2.82,2.47,0.35,32.76,1.59,1.41,42.27,80.42,10.39,69.49,5.46,100.0,18.85,82.24,32.23,88.52,7.22,68.29,20.01,28.02,0.03,0.88,0.18,0.0,0.0,0.0,0.0,7.22,75.61,2.47,14.29,0.53,0.0,0.18,1.06,7.22,78.05,0,,0,,0,0.0,0.0,0.0,,,0.18,,,0.0,0.0,0.0,1.41,0,0.0
F. Venegas,Pachuca,Querétaro,LB,28,1000000,,24,1629,2,1.05,0,0.42,16.24,54.08,Mexico,Mexico,left,184,76,no,10.17,8.95,56.17,2.38,48.84,0.66,0.78,0.28,4.48,5.27,1.38,8,0.44,0,0.0,1.33,0.11,2,0.11,0.06,0,0.0,17,0.94,35.29,11.765,0.0,0.99,33.33,0.94,35.29,0.06,0.0,0.06,1.27,52.17,2.76,48.0,0.5,0.72,0.17,19.56,1.33,0.5,29.28,76.79,13.2,65.27,3.26,93.22,9.06,83.54,21.49,86.89,6.91,50.4,21.51,37.41,0.02,0.33,0.06,0.0,0.0,0.0,0.06,5.08,61.96,2.1,36.84,0.83,26.67,0.61,0.39,7.4,70.9,0,,0,,0,0.0,0.0,0.0,,,0.5,,,0.28,0.17,33.33,0.17,0,0.0
A. Ortíz,El Paso Locomotive,Juárez,"LCB, RCB",33,800000,2026-11-30,16,1242,1,0.53,0,0.34,14.78,56.86,Mexico,Mexico,right,184,76,no,11.96,6.88,67.37,4.71,49.23,0.65,0.87,0.58,6.67,8.85,0.8,4,0.29,0,0.0,0.72,0.07,1,0.07,0.04,1,0.07,7,0.51,42.86,14.286,0.0,0.36,20.0,0.0,0.0,0.36,20.0,0.0,0.58,62.5,1.45,40.0,0.65,0.65,0.0,23.41,0.43,0.22,38.99,80.11,17.97,63.71,1.52,100.0,16.81,95.26,30.58,88.63,8.04,50.45,22.86,34.17,0.02,0.14,0.0,0.0,0.07,100.0,0.14,5.51,60.53,0.87,41.67,0.65,33.33,0.29,0.14,8.99,61.29,0,,0,,0,0.0,0.0,0.0,,,1.01,,,0.0,0.0,0.0,0.0,0,0.0
A. Solari,Unión Santa Fe,Atlas,"RW, RAMF, RWF",34,800000,2026-12-31,22,1308,2,0.54,2,0.8,21.67,45.4,Argentina,"Argentina, Italy",right,176,80,no,8.33,9.22,57.46,2.61,28.95,0.48,0.64,0.07,2.55,3.36,1.38,3,0.21,0,0.0,3.37,0.14,2,0.14,0.04,1,0.07,8,0.55,75.0,25.0,0.14,2.68,20.51,0.14,0.0,2.55,21.62,0.48,3.85,58.93,6.95,42.57,1.17,1.93,0.69,19.82,1.1,1.17,27.39,69.35,6.26,53.85,6.4,91.4,9.5,63.04,22.5,79.2,2.34,26.47,17.75,23.96,0.06,0.41,0.07,0.0,0.34,40.0,0.41,2.68,48.72,2.96,27.91,0.48,28.57,0.41,0.69,4.4,65.63,0,,0,,0,0.0,0.0,0.0,,,0.21,,,0.0,0.0,0.0,0.0,0,0.0
J. Gómez,,Querétaro,"RB, LW, LB",33,800000,,28,1873,0,0.58,1,0.74,18.98,48.61,Mexico,Mexico,right,175,78,no,8.79,8.17,58.82,2.59,37.04,0.62,0.7,0.29,3.36,3.77,1.3,3,0.14,0,0.0,1.49,0.0,0,0.0,0.03,0,0.0,9,0.43,22.22,0.0,0.05,1.15,29.17,0.67,14.29,0.48,50.0,0.14,1.78,54.05,6.25,43.85,0.72,0.86,0.24,16.91,0.72,0.91,27.92,81.93,10.67,75.68,4.37,96.7,7.16,79.19,23.4,89.53,3.46,45.83,16.58,29.3,0.04,0.38,0.05,0.1,0.19,50.0,0.05,4.37,73.63,1.68,34.29,0.62,23.08,0.29,0.43,5.19,72.22,0,,0,,0,0.0,0.0,0.0,,,0.05,,,0.05,0.0,0.0,0.0,0,0.0
A. Sepúlveda,Guadalajara,Cruz Azul,CF,35,800000,2029-06-30,37,2585,12,11.85,5,4.2,22.94,34.75,Mexico,Mexico,right,182,76,no,2.4,2.12,62.3,8.36,42.92,0.21,0.32,0.03,0.87,1.33,0.87,6,0.21,0,0.0,1.78,0.42,11,0.38,0.41,2,0.07,63,2.19,50.79,19.048,0.17,0.49,50.0,0.31,44.44,0.17,60.0,0.0,1.08,32.26,8.39,24.9,4.04,0.52,0.14,10.38,2.4,1.15,15.46,77.93,2.99,54.65,4.53,90.0,4.32,82.26,14.52,79.62,0.52,60.0,14.88,11.78,0.15,0.97,0.03,0.03,0.17,40.0,0.7,1.71,63.27,0.84,62.5,0.21,33.33,1.18,0.21,1.18,73.53,0,,0,,0,0.0,0.0,0.0,,,0.0,,,0.0,0.0,0.0,0.0,2,50.0
F. Madrigal,,Club Tijuana,"RCMF, RDMF",34,800000,,28,1730,5,3.12,1,1.15,16.91,47.38,Mexico,Mexico,right,176,67,no,6.82,6.4,57.72,3.12,38.33,0.36,0.44,0.21,2.76,3.34,0.99,4,0.21,0,0.0,2.55,0.26,5,0.26,0.16,0,0.0,46,2.39,39.13,10.87,0.05,0.88,41.18,0.05,0.0,0.83,43.75,0.1,2.29,54.55,5.98,43.48,2.34,0.73,0.42,18.16,1.35,0.99,26.17,82.7,7.65,73.47,4.01,94.81,9.73,84.49,23.57,85.87,1.72,60.61,17.49,21.55,0.06,0.78,0.0,0.0,0.16,0.0,0.21,3.69,73.24,1.35,42.31,0.21,0.0,0.47,0.31,3.59,72.46,0,,0,,0,0.0,0.0,0.0,,,0.1,,,0.0,0.0,0.0,0.05,0,0.0
B. Angulo,,Puebla,LB,36,800000,,34,3352,2,2.49,6,4.21,19.47,51.03,Colombia,"Colombia, Spain",left,175,77,no,7.2,5.72,61.5,1.91,53.52,0.51,0.65,0.03,3.17,4.03,0.51,7,0.19,1,0.03,4.81,0.05,2,0.05,0.07,1,0.03,22,0.59,45.45,9.091,0.16,2.82,50.48,2.6,50.52,0.13,60.0,0.11,4.97,61.08,10.23,46.19,0.81,3.44,1.91,27.23,1.77,0.78,39.2,82.67,14.23,76.42,4.38,92.64,14.26,85.5,33.54,87.19,3.06,63.16,18.66,35.17,0.11,1.02,0.05,0.0,0.38,21.43,0.4,6.2,79.65,3.54,58.33,0.7,26.92,0.91,1.37,8.78,82.87,0,,0,,0,0.0,0.0,0.0,,,0.67,,,0.54,0.03,0.0,0.78,0,0.0
P. González,Tlaxcala,Puebla,"RCMF, DMF, LCMF",34,800000,,33,2766,2,0.63,0,0.34,13.44,54.72,Mexico,Mexico,right,174,70,no,11.1,7.16,65.0,1.85,40.35,0.75,0.95,0.62,5.69,7.21,1.24,5,0.16,0,0.0,0.36,0.07,2,0.07,0.02,0,0.0,19,0.62,21.05,10.526,0.0,0.23,28.57,0.13,25.0,0.1,33.33,0.03,0.23,71.43,1.98,40.98,0.1,0.62,0.29,25.25,0.29,0.2,39.99,87.55,11.13,76.32,5.27,93.83,17.47,92.18,35.14,91.02,4.65,63.64,20.1,34.81,0.01,0.23,0.0,0.0,0.0,0.0,0.07,5.76,80.79,0.46,28.57,0.1,0.0,0.1,0.07,6.25,67.19,0,,0,,0,0.0,0.0,0.0,,,1.27,,,0.03,0.0,0.0,0.2,0,0.0
A. Gignac,Tigres UANL,Tigres UANL,CF,40,800000,,31,2479,17,12.5,3,1.66,11.62,33.44,France,"France, Mexico",right,187,84,no,2.14,1.45,57.5,2.72,38.67,0.11,0.16,0.18,1.2,1.71,0.65,7,0.25,0,0.0,2.21,0.62,13,0.47,0.45,2,0.07,77,2.8,41.56,22.078,0.11,1.05,20.69,0.44,16.67,0.62,23.53,0.15,1.45,45.0,5.16,23.94,3.01,0.76,0.22,13.58,1.78,0.65,16.63,76.64,3.01,68.67,4.21,89.66,5.66,71.79,14.38,81.82,1.34,59.46,17.31,24.72,0.06,0.33,0.04,0.04,0.4,45.45,0.25,1.63,68.89,1.23,35.29,0.47,46.15,0.62,0.29,1.78,79.59,0,,0,,0,0.0,0.0,0.0,,,0.04,,,0.47,0.4,27.27,0.0,4,100.0
J. dos Santos,,América,"RCMF, RDMF, DMF",36,800000,,43,3641,0,0.62,1,0.78,12.38,55.89,Mexico,"Mexico, Spain",right,172,73,no,8.55,6.25,64.03,1.16,57.45,0.89,1.13,0.32,3.66,4.66,0.82,8,0.2,0,0.0,0.64,0.0,0,0.0,0.02,0,0.0,10,0.25,30.0,0.0,0.02,0.22,55.56,0.05,0.0,0.17,71.43,0.0,0.67,66.67,3.21,44.62,0.02,0.79,0.1,49.98,0.1,0.42,65.43,94.48,16.86,88.12,9.57,97.42,26.62,96.94,61.03,95.83,4.18,76.92,17.21,32.5,0.02,0.35,0.0,0.02,0.05,0.0,0.12,8.01,91.36,0.94,36.84,0.42,23.53,0.25,0.12,6.7,81.18,0,,0,,0,0.0,0.0,0.0,,,0.64,,,0.0,0.0,0.0,0.0,0,0.0
Chicharito,,Guadalajara,CF,38,800000,,10,414,1,0.93,0,0.0,15.43,38.03,Mexico,Mexico,right,175,73,no,2.17,1.74,75.0,4.35,45.0,0.0,0.0,0.22,0.87,1.11,0.65,0,0.0,0,0.0,0.87,0.22,1,0.22,0.2,0,0.0,7,1.52,57.14,14.286,0.0,0.22,0.0,0.0,0.0,0.22,0.0,0.22,0.43,0.0,5.65,26.92,2.83,0.43,0.22,7.39,0.87,1.3,11.74,68.52,1.52,85.71,3.7,88.24,4.13,57.89,10.65,73.47,0.87,25.0,12.68,9.04,0.0,0.22,0.0,0.0,0.43,0.0,0.22,0.87,50.0,0.65,33.33,0.65,0.0,0.22,0.22,1.3,50.0,0,,0,,0,0.0,0.0,0.0,,,0.43,,,0.0,0.0,0.0,0.0,0,0.0
J. Aquino,Juárez,Tigres UANL,RB,36,800000,2026-12-31,34,3180,0,0.34,2,3.28,17.26,55.25,Mexico,Mexico,right,168,62,no,8.86,7.33,64.09,2.07,45.21,0.4,0.58,0.2,3.76,5.47,0.74,2,0.06,0,0.0,2.92,0.0,0,0.0,0.01,0,0.0,14,0.4,14.29,0.0,0.06,3.34,33.05,0.11,25.0,3.23,33.33,0.34,2.41,69.41,5.66,52.5,0.62,2.04,0.71,37.67,1.92,1.3,50.01,83.08,20.75,78.72,6.85,96.69,13.73,80.0,42.62,90.5,4.33,47.06,18.14,35.26,0.09,0.82,0.03,0.0,0.25,33.33,0.42,5.12,76.8,3.11,45.45,0.51,33.33,0.48,0.91,9.79,74.86,0,,0,,0,0.0,0.0,0.0,,,0.82,,,0.0,0.0,0.0,0.0,0,0.0
H. González,Toluca,Mazatlán,GK,36,800000,,30,2990,0,0.0,0,0.0,0.42,64.29,Mexico,Mexico,right,185,84,no,1.66,0.09,66.67,0.21,100.0,0.0,0.0,0.0,1.6,1.98,0.0,6,0.18,0,0.0,0.0,0.0,0,0.0,0.0,0,0.0,0,0.0,0.0,0.0,0.0,0.0,0.0,0.0,0.0,0.0,0.0,0.0,0.06,0.0,0.12,0.0,0.0,0.0,0.0,13.55,0.12,0.06,20.92,88.06,11.92,82.32,0.0,0.0,8.61,96.5,13.55,97.56,7.37,70.61,32.79,48.54,0.0,0.0,0.0,0.0,0.0,0.0,0.0,1.75,62.07,0.0,0.0,0.0,0.0,0.0,0.0,5.48,75.27,50,1.51,152,4.58,6,67.11,49.93,1.5,-0.07,-0.002,0.0,1.14,0.21,,,,0.0,0,0.0
B. Galdames,Atlético de San Luis,Atlético de San Luis,"RW, LW",25,800000,,16,673,3,1.02,0,0.7,21.8,39.26,Mexico,"Mexico, Chile",right,172,66,no,7.62,6.55,59.18,2.01,13.33,0.67,0.93,0.13,3.08,4.29,0.53,2,0.27,0,0.0,3.21,0.4,3,0.4,0.14,0,0.0,11,1.47,36.36,27.273,0.0,1.6,25.0,0.53,25.0,1.07,25.0,0.0,5.08,39.47,10.83,33.33,2.01,2.94,1.6,24.07,1.87,2.01,31.16,87.98,6.15,82.61,10.03,97.33,8.69,83.08,28.22,92.89,1.47,54.55,16.48,16.05,0.09,0.53,0.0,0.13,0.27,100.0,0.27,2.41,77.78,1.74,61.54,0.13,100.0,0.67,0.53,4.81,83.33,0,,0,,0,0.0,0.0,0.0,,,0.0,,,0.13,0.0,0.0,1.2,0,0.0
N. Cordero,Aldosivi,Querétaro,CF,27,800000,2027-12-31,20,863,1,1.28,1,0.37,27.84,35.58,Argentina,Argentina,right,185,83,no,6.57,6.26,51.67,9.49,38.46,0.63,0.74,0.21,2.71,3.22,2.5,1,0.1,0,0.0,0.73,0.1,1,0.1,0.13,0,0.0,13,1.36,23.08,7.692,0.1,0.21,0.0,0.1,0.0,0.1,0.0,0.0,0.94,44.44,7.3,27.14,2.29,0.73,0.1,9.28,2.29,0.94,15.33,72.79,2.92,46.43,4.17,92.5,4.48,72.09,14.81,73.24,0.31,100.0,12.98,6.69,0.04,0.31,0.0,0.1,0.0,0.0,0.21,1.67,81.25,0.42,0.0,0.0,0.0,0.31,0.0,1.15,54.55,0,,0,,0,0.0,0.0,0.0,,,0.0,,,0.0,0.0,0.0,0.0,0,0.0
I. Hernández,,América,CF,26,800000,,24,887,2,3.03,0,0.79,25.06,34.82,Mexico,Mexico,right,175,70,no,4.16,4.36,55.81,9.84,39.18,0.0,0.0,0.0,1.72,2.31,1.12,2,0.2,0,0.0,1.83,0.2,2,0.2,0.31,0,0.0,25,2.54,52.0,8.0,0.0,0.2,50.0,0.0,0.0,0.2,50.0,0.0,0.81,50.0,7.71,22.37,3.04,0.41,0.2,8.52,1.72,0.81,13.29,73.28,3.04,63.33,3.15,90.32,2.94,79.31,12.68,73.6,0.41,75.0,10.14,6.29,0.08,0.3,0.1,0.0,0.3,0.0,0.2,1.83,55.56,0.3,33.33,0.3,0.0,0.41,0.1,1.12,63.64,0,,0,,0,0.0,0.0,0.0,,,0.0,,,0.0,0.0,0.0,0.0,1,0.0
A. Gudiño,Cruz Azul,Cruz Azul,GK,29,800000,2027-06-30,14,1385,0,0.12,0,0.0,0.78,75.0,Mexico,Mexico,right,183,86,no,1.36,0.19,0.0,0.45,100.0,0.0,0.0,0.0,1.36,1.98,0.06,3,0.19,0,0.0,0.06,0.0,0,0.0,0.01,0,0.0,1,0.06,100.0,0.0,0.0,0.0,0.0,0.0,0.0,0.0,0.0,0.0,0.0,0.0,0.13,100.0,0.0,0.0,0.0,8.12,0.32,0.13,13.65,80.0,9.75,74.0,0.06,0.0,3.38,100.0,7.02,96.3,6.56,63.37,38.3,55.45,0.0,0.0,0.0,0.0,0.0,0.0,0.0,2.53,71.79,0.13,50.0,0.06,0.0,0.06,0.0,5.65,74.71,22,1.43,72,4.68,2,69.44,21.86,1.42,-0.14,-0.009,0.0,0.91,0.45,,,,0.0,0,0.0
R. Gudiño,Ranger's,Necaxa,GK,30,800000,,10,978,0,0.0,0,0.0,0.64,100.0,Mexico,Mexico,right,197,86,no,0.83,0.09,100.0,0.46,100.0,0.0,0.0,0.0,0.74,0.82,0.0,1,0.09,0,0.0,0.0,0.0,0,0.0,0.0,0,0.0,0,0.0,0.0,0.0,0.0,0.0,0.0,0.0,0.0,0.0,0.0,0.0,0.0,0.0,0.09,100.0,0.0,0.0,0.0,9.11,0.09,0.18,14.26,83.23,9.29,74.26,0.0,0.0,4.51,100.0,8.01,100.0,6.26,61.76,38.82,54.04,0.0,0.0,0.0,0.0,0.0,0.0,0.0,1.84,50.0,0.09,0.0,0.09,0.0,0.0,0.0,4.79,78.85,15,1.38,48,4.42,1,68.75,13.53,1.24,-1.47,-0.135,0.0,0.83,0.46,,,,0.0,0,0.0
A. Colorado,Once Caldas,Necaxa,"RCMF, LCMF",27,800000,,18,727,0,0.1,0,0.01,14.48,50.43,Colombia,Colombia,right,193,81,no,7.68,6.81,50.91,2.48,50.0,0.5,0.57,0.0,3.71,4.27,2.23,4,0.5,0,0.0,0.5,0.0,0,0.0,0.01,0,0.0,1,0.12,0.0,0.0,0.0,0.12,0.0,0.0,0.0,0.12,0.0,0.0,0.74,66.67,2.72,50.0,0.37,0.62,0.0,17.21,0.25,0.62,26.62,87.91,6.81,76.36,5.94,95.83,11.14,92.22,25.63,89.37,0.87,57.14,15.63,9.1,0.0,0.12,0.0,0.0,0.25,0.0,0.12,3.84,77.42,0.37,66.67,0.25,0.0,0.25,0.0,2.35,89.47,0,,0,,0,0.0,0.0,0.0,,,0.5,,,0.0,0.0,0.0,0.0,0,0.0
R. Cisneros,Alajuelense,Guadalajara,CF,29,800000,2028-06-30,15,536,2,1.3,0,0.0,13.77,26.83,Mexico,Mexico,right,180,79,no,1.34,2.18,30.77,5.04,30.0,0.17,0.22,0.0,0.5,0.67,1.01,0,0.0,0,0.0,1.18,0.34,2,0.34,0.22,0,0.0,15,2.52,33.33,13.333,0.0,0.5,0.0,0.0,0.0,0.5,0.0,0.17,1.34,25.0,4.2,20.0,3.02,0.34,0.0,7.22,1.85,0.67,8.56,74.51,0.84,40.0,2.01,75.0,2.18,69.23,7.89,80.85,0.34,0.0,11.87,3.99,0.0,0.17,0.0,0.0,0.0,0.0,0.0,0.5,100.0,0.0,0.0,0.0,0.0,0.17,0.0,0.34,0.0,0,,0,,0,0.0,0.0,0.0,,,0.0,,,0.0,0.0,0.0,0.0,0,0.0
J. García,Juárez,Juárez,"LCB, RCB",30,800000,,21,1867,1,0.8,0,0.02,11.81,62.45,Mexico,Mexico,right,184,77,no,8.39,5.16,71.96,4.53,59.57,0.29,0.35,0.19,4.39,5.33,0.92,6,0.29,0,0.0,0.19,0.05,1,0.05,0.04,1,0.05,8,0.39,50.0,12.5,0.0,0.0,0.0,0.0,0.0,0.0,0.0,0.0,0.05,0.0,0.43,11.11,0.53,0.48,0.05,27.67,0.29,0.19,38.37,87.06,15.67,76.62,1.74,97.22,18.7,95.1,31.43,92.48,6.94,62.5,23.83,39.39,0.0,0.05,0.0,0.05,0.0,0.0,0.0,4.39,61.54,0.24,20.0,0.19,50.0,0.05,0.0,7.33,71.05,0,,0,,0,0.0,0.0,0.0,,,1.54,,,0.0,0.0,0.0,0.0,0,0.0
Edson Fernando,Remo,Juárez,"RB, RCMF",28,800000,2027-06-30,11,867,2,1.53,0,0.46,19.41,51.87,Brazil,Brazil,right,178,75,yes,12.04,9.76,61.7,1.25,50.0,1.66,2.29,0.31,4.36,6.0,2.18,1,0.1,0,0.0,2.28,0.21,2,0.21,0.16,0,0.0,4,0.42,75.0,50.0,0.0,1.66,31.25,0.1,100.0,1.45,28.57,0.1,3.22,41.94,6.02,43.1,0.31,1.76,0.42,28.24,0.83,1.25,36.64,85.27,12.25,80.51,4.98,95.83,14.43,87.05,31.56,92.43,3.43,45.45,18.24,33.44,0.05,0.42,0.1,0.1,0.1,100.0,0.21,5.81,78.57,1.97,36.84,0.52,40.0,0.21,0.62,6.23,73.33,0,,0,,0,0.0,0.0,0.0,,,0.62,,,0.0,0.0,0.0,0.0,0,0.0
R. Prieto,Correcaminos UAT,Santos Laguna,"LCB, LB",29,800000,,17,1108,1,0.82,0,0.2,13.16,50.0,Mexico,Mexico,left,170,63,no,9.18,5.6,55.07,3.82,48.94,0.73,0.81,0.97,5.36,5.95,1.14,4,0.32,0,0.0,0.65,0.08,1,0.08,0.07,0,0.0,6,0.49,33.33,16.667,0.0,0.57,14.29,0.57,14.29,0.0,0.0,0.16,0.65,62.5,1.95,50.0,0.49,0.49,0.0,22.91,0.0,0.65,32.73,79.9,14.05,67.05,3.25,92.5,12.75,91.08,25.34,89.74,6.9,48.24,24.88,39.13,0.02,0.16,0.0,0.08,0.0,0.0,0.08,5.36,54.55,0.81,20.0,0.65,37.5,0.08,0.16,6.25,66.23,0,,0,,0,0.0,0.0,0.0,,,0.97,,,0.0,0.0,0.0,0.08,0,0.0
S. Muñóz,Atlético de San Luis,Santos Laguna,"CF, AMF",23,800000,,27,824,1,1.12,1,0.5,23.16,41.04,United States,"United States, Mexico",right,177,65,no,3.71,3.82,62.86,2.84,42.31,0.22,0.31,0.0,1.09,1.55,1.31,2,0.22,0,0.0,2.95,0.11,1,0.11,0.12,0,0.0,9,0.98,33.33,11.111,0.11,0.66,50.0,0.33,33.33,0.33,66.67,0.0,3.82,54.29,13.65,36.8,1.53,1.09,0.22,19.0,0.76,3.06,27.31,88.4,6.12,82.14,8.3,94.74,8.96,89.02,25.23,90.91,1.42,61.54,16.27,14.43,0.06,0.76,0.0,0.0,0.22,100.0,0.33,4.04,83.78,1.42,69.23,0.33,66.67,0.55,0.44,3.17,79.31,0,,0,,0,0.0,0.0,0.0,,,0.11,,,0.22,0.0,0.0,0.87,0,0.0
J. Ocejo,Jaiba Brava,Santos Laguna,CF,28,800000,,12,510,0,2.2,0,0.58,23.29,35.61,Mexico,Mexico,right,180,71,no,3.88,3.88,68.18,4.76,33.33,0.0,0.0,0.18,1.24,1.54,0.35,0,0.0,0,0.0,1.94,0.0,0,0.0,0.39,0,0.0,12,2.12,16.67,0.0,0.0,1.06,33.33,0.35,50.0,0.71,25.0,0.0,3.0,41.18,11.29,29.69,2.82,1.06,0.71,11.29,0.88,1.94,17.82,75.25,2.65,53.33,6.35,77.78,6.71,78.95,16.06,79.12,0.88,60.0,17.74,20.42,0.1,0.18,0.18,0.0,0.0,0.0,0.18,2.29,69.23,0.53,66.67,0.18,100.0,0.18,0.18,1.59,55.56,0,,0,,0,0.0,0.0,0.0,,,0.0,,,0.0,0.0,0.0,0.18,0,0.0
R. Ergas,,Pumas UNAM,"LB, LW",28,800000,,33,1196,0,0.62,3,2.88,20.39,48.71,Uruguay,Uruguay,left,177,72,no,8.95,8.95,58.82,1.58,52.38,0.75,1.1,0.0,2.93,4.29,1.2,4,0.3,0,0.0,3.16,0.0,0,0.0,0.05,0,0.0,8,0.6,25.0,0.0,0.23,4.97,28.79,4.74,26.98,0.15,100.0,0.6,3.01,52.5,7.45,37.37,1.35,1.43,0.75,22.8,1.88,1.05,31.53,74.22,9.18,67.21,6.17,96.34,11.74,71.15,22.95,87.54,4.59,49.18,24.03,35.32,0.22,1.58,0.08,0.0,0.0,0.0,0.6,4.59,55.74,4.21,32.14,0.38,40.0,0.6,1.43,7.37,79.59,0,,0,,0,0.0,0.0,0.0,,,0.15,,,0.83,0.15,50.0,1.88,0,0.0
Jesus Rivas,Pumas UNAM,Pumas UNAM,RB,23,800000,,19,1397,0,0.31,0,1.14,15.46,54.17,Mexico,Mexico,right,173,66,no,9.79,9.79,59.21,1.42,36.36,0.13,0.17,0.32,3.87,5.07,0.97,2,0.13,0,0.0,1.68,0.0,0,0.0,0.02,0,0.0,6,0.39,0.0,0.0,0.0,2.25,42.86,0.0,0.0,2.25,42.86,0.32,1.16,55.56,2.45,50.0,0.77,0.84,0.45,22.48,1.29,0.32,31.83,78.14,10.24,62.26,6.76,98.1,10.76,81.44,25.83,86.28,3.99,43.55,21.0,37.18,0.07,0.71,0.0,0.0,0.13,50.0,0.52,3.35,50.0,2.32,47.22,0.52,37.5,0.32,0.9,6.06,63.83,0,,0,,0,0.0,0.0,0.0,,,0.84,,,0.0,0.0,0.0,0.26,0,0.0
F. Ovelar,Ñublense,Pachuca,"LW, CF",22,800000,2026-12-31,2,48,0,0.0,0,0.0,22.5,16.67,Paraguay,Paraguay,left,172,71,yes,7.5,5.63,33.33,1.88,0.0,0.0,0.0,0.0,5.63,8.18,0.0,0,0.0,0,0.0,0.0,0.0,0,0.0,0.0,0,0.0,0,0.0,0.0,0.0,0.0,0.0,0.0,0.0,0.0,0.0,0.0,0.0,9.38,0.0,15.0,12.5,0.0,0.0,3.75,11.25,0.0,1.88,22.5,83.33,5.63,33.33,3.75,100.0,9.38,100.0,16.88,88.89,5.63,66.67,23.9,22.86,0.0,0.0,0.0,0.0,1.88,0.0,0.0,7.5,50.0,1.88,0.0,1.88,0.0,0.0,0.0,1.88,100.0,0,,0,,0,0.0,0.0,0.0,,,0.0,,,0.0,0.0,0.0,0.0,0,0.0
I. Luna,Pachuca,Pachuca,"LCMF, LDMF",24,800000,,5,287,0,0.23,0,0.01,23.21,45.95,Mexico,Mexico,right,178,74,no,7.53,6.59,61.9,4.7,46.67,0.31,0.48,0.0,3.14,4.76,0.63,0,0.0,0,0.0,2.51,0.0,0,0.0,0.07,0,0.0,7,2.2,28.57,0.0,0.0,1.57,40.0,0.0,0.0,1.57,40.0,0.31,2.51,50.0,6.9,45.45,1.25,2.51,0.94,32.93,0.0,0.94,48.92,87.18,9.41,73.33,5.64,100.0,27.6,90.91,41.08,90.08,6.27,80.0,18.82,35.03,0.0,0.63,0.0,0.0,0.31,0.0,0.0,6.27,90.0,1.57,20.0,0.31,0.0,0.0,0.31,5.64,72.22,0,,0,,0,0.0,0.0,0.0,,,0.63,,,0.31,0.31,100.0,0.0,0,0.0
A. Aceves,Monterrey,Pachuca,LB,25,800000,2029-12-31,4,340,1,0.06,0,0.0,13.76,48.08,Mexico,Mexico,left,180,68,no,9.0,6.88,61.54,2.38,44.44,0.53,0.71,0.79,4.24,5.65,0.79,0,0.0,0,0.0,0.79,0.26,1,0.26,0.02,0,0.0,1,0.26,100.0,100.0,0.0,2.12,12.5,1.85,14.29,0.0,0.0,0.0,1.59,16.67,2.91,27.27,1.06,1.06,0.53,21.18,1.59,0.53,32.29,78.69,14.56,74.55,3.71,92.86,8.47,81.25,26.74,87.13,3.44,53.85,20.52,25.08,0.0,0.0,0.0,0.0,0.0,0.0,0.0,4.76,72.22,1.06,25.0,0.26,0.0,0.0,0.26,6.62,68.0,0,,0,,0,0.0,0.0,0.0,,,0.26,,,0.0,0.0,0.0,0.0,0,0.0
D. Álvarez,CA La Paz,Puebla,"LW, LAMF, LCMF",31,800000,,26,1574,0,2.64,2,3.73,15.78,46.01,Mexico,Mexico,right,177,80,no,4.69,3.55,61.29,1.37,20.83,0.23,0.3,0.11,2.29,2.99,0.29,0,0.0,0,0.0,4.97,0.0,0,0.0,0.15,0,0.0,27,1.54,29.63,0.0,0.11,2.63,45.65,1.54,44.44,1.09,47.37,0.23,5.66,54.55,9.43,47.27,1.89,2.69,0.8,17.5,1.54,1.03,25.1,71.07,6.98,58.2,4.97,86.21,7.55,71.21,21.67,75.46,0.86,33.33,16.58,15.25,0.21,1.89,0.06,0.17,0.74,30.77,0.63,2.92,64.71,3.72,58.46,0.69,25.0,1.43,1.26,4.29,78.67,0,,0,,0,0.0,0.0,0.0,,,0.17,,,0.8,0.06,100.0,1.37,0,0.0
R. de la Rosa,Monterrey,Pachuca,"CF, AMF",26,800000,2026-06-30,24,1306,1,6.12,1,1.38,17.64,28.52,Mexico,Mexico,right,179,80,no,3.1,1.93,53.57,3.93,22.81,0.21,0.3,0.0,1.86,2.66,0.48,0,0.0,0,0.0,2.55,0.07,1,0.07,0.42,0,0.0,51,3.51,29.41,1.961,0.07,1.45,9.52,0.55,12.5,0.9,7.69,0.14,2.41,45.71,8.55,25.0,3.65,1.45,0.55,19.02,2.07,0.48,26.05,75.4,3.79,52.73,7.24,91.43,9.44,73.72,22.4,81.85,2.34,50.0,18.57,27.69,0.09,0.96,0.0,0.0,0.62,44.44,0.62,2.34,55.88,2.69,41.03,1.03,40.0,1.38,0.21,2.55,70.27,0,,0,,0,0.0,0.0,0.0,,,0.14,,,0.0,0.0,0.0,0.0,0,0.0
R. Fernández,Club Tijuana,Club Tijuana,"RCB, CB, LB",25,800000,2027-06-30,23,1409,0,0.61,0,0.2,18.78,53.74,Mexico,Mexico,right,183,77,no,8.88,8.3,54.62,4.41,53.62,0.19,0.26,0.7,4.15,5.67,1.34,7,0.45,0,0.0,0.64,0.0,0,0.0,0.04,0,0.0,9,0.57,33.33,0.0,0.0,0.32,0.0,0.19,0.0,0.13,0.0,0.0,0.7,63.64,2.56,50.0,0.77,0.7,0.13,18.65,0.64,1.02,28.87,83.41,12.26,69.79,3.26,94.12,10.35,91.98,24.72,88.89,3.9,54.1,21.46,31.9,0.01,0.32,0.0,0.0,0.0,0.0,0.0,4.79,69.33,0.77,25.0,0.45,28.57,0.19,0.0,6.71,77.14,0,,0,,0,0.0,0.0,0.0,,,1.21,,,0.06,0.0,0.0,0.0,0,0.0
D. Campillo,Guadalajara,Juárez,"RDMF, LB, RCMF",24,800000,2026-12-31,15,1092,2,1.04,1,0.31,16.4,55.78,Mexico,Mexico,right,180,79,no,10.71,6.59,66.25,2.97,47.22,0.58,0.79,0.16,5.77,7.87,0.74,3,0.25,0,0.0,1.98,0.16,2,0.16,0.09,0,0.0,15,1.24,40.0,13.333,0.08,0.66,50.0,0.33,50.0,0.33,50.0,0.08,1.81,59.09,4.45,51.85,0.74,1.65,0.33,29.59,0.33,0.99,43.6,86.39,14.18,70.35,4.7,100.0,18.79,93.86,38.74,91.28,4.2,47.06,20.06,33.02,0.03,0.33,0.08,0.0,0.25,33.33,0.08,6.92,82.14,1.15,57.14,0.41,60.0,0.25,0.33,6.18,72.0,0,,0,,0,0.0,0.0,0.0,,,0.41,,,0.08,0.08,0.0,0.0,0,0.0
B. Rubio,Mazatlán,Mazatlán,CF,29,800000,2027-06-30,26,1145,2,5.37,1,0.4,25.47,33.64,Mexico,Mexico,right,186,82,no,4.17,4.87,48.39,6.92,30.68,0.16,0.24,0.08,1.65,2.52,2.2,5,0.39,1,0.08,1.57,0.16,2,0.16,0.42,0,0.0,21,1.65,42.86,9.524,0.08,0.55,14.29,0.08,0.0,0.47,16.67,0.16,1.26,62.5,9.9,27.78,3.38,0.86,0.71,13.44,1.97,2.04,20.75,79.17,2.75,62.86,6.13,84.62,6.76,77.91,19.34,81.71,0.86,63.64,15.01,12.45,0.03,0.39,0.0,0.0,0.08,0.0,0.08,2.04,61.54,0.71,44.44,0.0,0.0,0.39,0.08,1.1,64.29,0,,0,,0,0.0,0.0,0.0,,,0.16,,,0.0,0.0,0.0,0.0,0,0.0
J. Gónzalez,SJ Earthquakes,Monterrey,"DMF, RDMF, RCMF",27,800000,2026-12-31,15,744,0,0.0,0,0.02,9.31,55.84,United States,"United States, Mexico",right,175,67,no,6.53,4.84,60.0,1.45,50.0,0.12,0.15,0.24,3.51,4.46,0.36,1,0.12,0,0.0,0.24,0.0,0,0.0,0.0,0,0.0,0,0.0,0.0,0.0,0.0,0.12,0.0,0.0,0.0,0.12,0.0,0.0,0.36,33.33,1.33,54.55,0.0,0.36,0.12,32.42,0.0,0.48,43.67,90.03,13.67,84.07,4.48,94.59,19.84,96.34,41.49,92.42,2.06,47.06,18.99,20.58,0.0,0.24,0.12,0.0,0.24,50.0,0.0,5.69,80.85,0.48,0.0,0.36,33.33,0.12,0.0,6.77,82.14,0,,0,,0,0.0,0.0,0.0,,,0.97,,,0.0,0.0,0.0,0.0,0,0.0
A. Medina,Pumas UNAM,Mazatlán,"RW, RAMF",29,800000,2027-08-31,25,1231,0,0.67,0,1.25,22.74,40.84,Mexico,Mexico,right,180,75,yes,6.8,6.14,64.29,2.05,32.14,0.37,0.49,0.0,2.49,3.31,0.88,0,0.0,0,0.0,3.87,0.0,0,0.0,0.05,0,0.0,10,0.73,30.0,0.0,0.0,2.05,35.71,0.22,33.33,1.83,36.0,0.15,5.56,50.0,12.21,34.13,1.46,2.34,1.75,20.47,1.46,1.02,28.88,76.71,8.7,59.66,6.58,87.78,7.31,88.0,25.52,81.66,1.46,45.0,16.09,13.5,0.09,1.02,0.15,0.07,0.51,28.57,0.15,2.85,69.23,2.41,48.48,0.58,37.5,1.1,0.58,4.61,79.37,0,,0,,0,0.0,0.0,0.0,,,0.07,,,0.0,0.0,0.0,0.0,0,0.0
A. Ávila,Querétaro,Pumas UNAM,CF,22,750000,2030-06-30,11,439,2,1.31,0,0.07,15.38,30.67,Mexico,Mexico,right,178,73,no,2.46,3.28,43.75,4.92,33.33,0.21,0.31,0.21,0.82,1.22,1.44,0,0.0,1,0.21,1.03,0.41,2,0.41,0.27,0,0.0,6,1.23,50.0,33.333,0.0,0.41,50.0,0.0,0.0,0.41,50.0,0.0,0.41,50.0,4.72,17.39,3.9,0.41,0.0,8.0,2.05,1.03,10.46,72.55,1.44,57.14,3.28,68.75,4.31,76.19,9.43,76.09,0.62,33.33,15.39,12.05,0.01,0.41,0.0,0.0,0.0,0.0,0.0,0.41,0.0,0.62,100.0,0.0,0.0,0.62,0.21,1.03,80.0,0,,0,,0,0.0,0.0,0.0,,,0.21,,,0.0,0.0,0.0,0.0,0,0.0
M. Jiménez,Malacateco,Guadalajara,GK,36,700000,2027-06-30,18,1807,0,0.0,0,0.0,0.6,91.67,Mexico,Mexico,left,182,82,no,1.1,0.1,100.0,0.2,100.0,0.0,0.0,0.0,1.0,1.34,0.0,0,0.0,0,0.0,0.0,0.0,0,0.0,0.0,0,0.0,0,0.0,0.0,0.0,0.0,0.0,0.0,0.0,0.0,0.0,0.0,0.0,0.0,0.0,0.1,100.0,0.0,0.0,0.0,9.36,0.1,0.2,14.19,84.21,8.22,74.55,0.0,0.0,5.48,98.18,8.97,99.44,5.18,58.65,35.17,53.7,0.0,0.0,0.0,0.0,0.0,0.0,0.0,1.94,51.28,0.2,0.0,0.05,0.0,0.0,0.0,3.93,73.42,24,1.2,77,3.84,6,68.83,24.77,1.23,0.77,0.038,0.0,0.45,0.2,,,,0.0,0,0.0
Julio Furch,,Atlas,CF,36,700000,,2,189,0,1.29,0,0.08,21.9,28.26,Argentina,Argentina,right,188,88,no,1.43,0.48,0.0,8.57,22.22,0.0,0.0,0.0,1.43,1.88,0.0,0,0.0,0,0.0,1.9,0.0,0,0.0,0.62,0,0.0,5,2.38,40.0,0.0,0.0,1.43,33.33,0.0,0.0,1.43,33.33,0.0,0.95,50.0,6.67,28.57,5.71,0.0,0.0,15.24,2.38,0.95,20.48,79.07,3.81,62.5,5.71,83.33,4.76,70.0,18.57,84.62,0.95,50.0,13.19,18.4,0.04,0.95,0.48,0.0,0.0,0.0,0.48,2.86,50.0,1.9,50.0,0.0,0.0,1.43,0.0,1.9,75.0,0,,0,,0,0.0,0.0,0.0,,,0.0,,,0.0,0.0,0.0,0.0,0,0.0
L. Rodríguez,,Pachuca,RB,35,700000,,27,2315,0,0.56,2,1.53,16.33,54.29,Mexico,Mexico,right,175,75,no,8.51,7.04,61.88,1.9,40.82,0.12,0.16,0.35,4.04,5.43,0.97,7,0.27,0,0.0,2.37,0.0,0,0.0,0.02,0,0.0,14,0.54,21.43,0.0,0.08,2.02,32.69,0.0,0.0,2.02,32.69,0.23,2.33,66.67,5.25,52.59,0.58,1.52,0.47,27.49,1.94,0.78,39.81,81.54,16.48,76.89,4.16,93.46,12.83,87.88,33.63,87.98,4.16,53.27,20.09,38.37,0.06,0.74,0.04,0.0,0.12,33.33,0.43,6.45,75.9,2.41,41.94,0.58,33.33,0.43,0.74,9.49,77.46,0,,0,,0,0.0,0.0,0.0,,,0.89,,,0.0,0.0,0.0,0.0,0,0.0
Á. Mena,Orense,León,"RW, RWF, RAMF",38,700000,2026-12-31,32,2266,6,4.85,8,7.46,17.48,47.27,Ecuador,Ecuador,left,168,71,no,4.57,4.65,62.39,1.59,50.0,0.36,0.53,0.04,1.31,1.93,1.19,6,0.24,0,0.0,4.09,0.24,4,0.16,0.19,1,0.04,36,1.43,38.89,16.667,0.32,2.34,49.15,0.52,23.08,1.75,54.55,0.28,4.41,49.55,9.25,40.77,2.9,3.57,1.07,29.87,2.42,1.63,38.37,87.47,8.1,79.9,8.78,95.02,13.42,86.69,34.79,90.3,1.47,78.38,18.01,24.96,0.3,2.18,0.16,0.08,0.28,71.43,0.75,3.42,83.72,3.26,68.29,0.32,62.5,1.55,0.95,5.76,83.45,0,,0,,0,0.0,0.0,0.0,,,0.24,,,1.27,0.2,20.0,3.22,2,100.0
J. Damm,Oakland Roots,Atlético de San Luis,"RAMF, RW, LAMF",33,700000,,26,844,1,1.52,3,2.21,21.22,53.27,Mexico,"Mexico, Germany",right,185,70,no,6.61,6.4,55.0,2.67,60.0,0.75,1.04,0.11,2.35,3.28,1.49,3,0.32,0,0.0,6.29,0.11,1,0.11,0.16,0,0.0,12,1.28,33.33,8.333,0.32,5.01,34.04,1.39,0.0,3.63,47.06,0.53,6.18,67.24,10.45,55.1,3.41,2.88,0.53,24.95,2.67,1.17,31.78,79.53,3.84,66.67,11.73,96.36,8.42,64.56,26.13,89.39,1.07,20.0,16.79,15.66,0.24,1.28,0.0,0.0,0.0,0.0,0.75,0.85,75.0,3.31,45.16,0.0,0.0,0.53,1.6,3.09,65.52,0,,0,,0,0.0,0.0,0.0,,,0.11,,,0.0,0.0,0.0,0.0,0,0.0
J. Domínguez,Atlético de San Luis,Atlético de San Luis,"RCB, LCB",38,700000,,37,3542,2,1.24,1,0.1,9.99,60.05,Mexico,Mexico,right,175,73,no,6.76,4.32,75.29,3.23,46.46,0.25,0.32,0.79,3.25,4.08,0.25,4,0.1,0,0.0,0.25,0.05,2,0.05,0.03,2,0.05,9,0.23,33.33,22.222,0.03,0.03,0.0,0.0,0.0,0.03,0.0,0.0,0.2,87.5,0.91,55.56,0.43,0.51,0.18,33.79,0.41,0.3,44.75,93.98,15.6,87.79,3.15,95.16,20.81,98.53,42.48,96.59,2.24,45.45,18.91,28.67,0.0,0.05,0.0,0.03,0.03,0.0,0.03,2.39,76.6,0.2,37.5,0.05,50.0,0.1,0.03,4.29,66.86,0,,0,,0,0.0,0.0,0.0,,,1.93,,,0.0,0.0,0.0,0.0,0,0.0
A. Escoboza,,Mazatlán,"LB, LW, RB",33,700000,,20,569,0,0.18,1,1.25,13.76,48.28,Mexico,Mexico,left,170,69,no,6.17,4.27,62.96,2.37,33.33,0.16,0.24,0.16,3.32,5.0,0.16,0,0.0,0,0.0,4.27,0.0,0,0.0,0.03,0,0.0,5,0.79,40.0,0.0,0.16,5.38,38.24,4.27,33.33,0.79,60.0,0.95,3.16,60.0,6.17,46.15,1.9,1.74,0.95,26.1,2.21,0.47,37.64,73.11,13.76,66.67,6.33,90.0,12.34,69.23,28.0,83.62,4.59,44.83,18.65,27.03,0.2,1.58,0.0,0.0,0.0,0.0,0.79,4.27,77.78,3.8,41.67,0.47,33.33,0.16,2.06,7.43,72.34,0,,0,,0,0.0,0.0,0.0,,,0.63,,,0.63,0.0,0.0,0.63,0,0.0
R. Cota,América,León,GK,39,700000,2027-06-30,36,3737,0,0.0,0,0.0,1.01,71.43,Mexico,Mexico,right,183,86,no,1.71,0.31,53.85,0.34,78.57,0.05,0.07,0.0,1.49,2.09,0.02,2,0.05,0,0.0,0.02,0.0,0,0.0,0.0,0,0.0,0,0.0,0.0,0.0,0.0,0.0,0.0,0.0,0.0,0.0,0.0,0.0,0.02,100.0,0.17,100.0,0.0,0.0,0.0,8.31,0.19,0.19,15.08,89.14,7.44,80.58,0.02,100.0,6.98,98.28,11.34,96.6,3.68,66.67,29.35,47.01,0.0,0.0,0.0,0.0,0.0,0.0,0.0,0.82,41.18,0.02,0.0,0.0,0.0,0.0,0.0,3.15,72.52,54,1.3,152,3.66,7,64.47,42.46,1.02,-11.54,-0.278,0.02,1.2,0.34,,,,0.0,0,0.0
F. Mancuello,Argentinos Juniors,Puebla,"LCMF, AMF",37,700000,2027-12-31,3,308,1,0.17,1,0.73,12.56,34.88,Argentina,"Argentina, Italy",left,177,70,no,5.84,4.68,43.75,0.58,0.0,0.88,1.08,0.29,2.92,3.61,0.58,0,0.0,0,0.0,3.21,0.29,1,0.29,0.05,0,0.0,7,2.05,42.86,14.286,0.29,2.63,44.44,1.17,75.0,1.46,20.0,0.29,2.34,50.0,4.68,31.25,0.88,1.46,0.29,31.85,0.88,0.0,42.66,89.04,14.03,83.33,7.31,96.0,14.61,90.0,36.82,92.86,3.21,81.82,19.64,31.81,0.21,2.34,0.0,0.0,0.0,0.0,0.58,4.09,85.71,2.92,70.0,0.29,100.0,1.46,1.17,7.6,76.92,0,,0,,0,0.0,0.0,0.0,,,0.58,,,1.46,0.29,0.0,4.38,0,0.0
J. Silva,Asteras Tripolis,Atlético de San Luis,RCB,31,700000,2028-06-30,15,1213,0,1.05,0,0.2,13.65,64.13,Mexico,Mexico,right,190,87,no,9.27,4.82,70.77,5.94,67.5,0.22,0.31,0.67,5.64,7.81,0.74,2,0.15,0,0.0,0.59,0.0,0,0.0,0.08,0,0.0,9,0.67,33.33,0.0,0.0,0.15,50.0,0.07,100.0,0.07,0.0,0.0,0.45,66.67,1.26,35.29,1.11,1.11,0.15,40.81,1.41,0.3,55.42,92.37,21.67,86.99,4.01,98.15,22.85,97.4,50.97,94.91,4.3,63.79,18.26,32.06,0.01,0.07,0.0,0.0,0.0,0.0,0.07,4.23,77.19,0.45,0.0,0.3,0.0,0.07,0.07,7.27,71.43,0,,0,,0,0.0,0.0,0.0,,,1.93,,,0.0,0.0,0.0,0.0,0,0.0
M. Manotas,Real Cartagena,Atlas,CF,31,700000,2026-12-31,9,257,0,0.96,0,0.0,24.51,31.43,Colombia,Colombia,right,182,69,no,1.05,2.45,42.86,3.5,10.0,0.0,0.0,0.0,0.0,0.0,0.7,0,0.0,0,0.0,2.8,0.0,0,0.0,0.33,0,0.0,10,3.5,20.0,0.0,0.0,1.4,0.0,0.35,0.0,0.7,0.0,0.35,4.55,46.15,14.01,37.5,6.65,0.35,0.0,10.16,2.45,1.4,14.71,83.33,1.75,100.0,5.6,93.75,4.55,69.23,12.61,94.44,1.05,33.33,12.67,17.61,0.0,0.35,0.0,0.0,0.0,0.0,0.0,1.05,66.67,0.0,0.0,0.0,0.0,0.7,0.0,0.7,100.0,0,,0,,0,0.0,0.0,0.0,,,0.0,,,0.0,0.0,0.0,0.0,0,0.0
Á. Zapata,Club Tijuana,Juárez,"RCMF, LCMF",25,700000,,14,403,1,0.16,1,0.42,20.32,43.96,Mexico,Mexico,right,166,60,no,6.7,7.59,44.12,1.12,20.0,0.67,0.98,0.0,2.68,3.91,1.79,1,0.22,0,0.0,1.79,0.22,1,0.22,0.04,0,0.0,5,1.12,20.0,20.0,0.22,0.45,50.0,0.0,0.0,0.45,50.0,0.0,1.12,80.0,6.92,48.39,1.34,1.12,0.45,29.7,0.0,3.35,36.18,91.98,7.37,84.85,7.59,94.12,15.63,98.57,32.38,92.41,3.57,93.75,17.93,22.99,0.09,1.12,0.0,0.0,0.67,66.67,0.89,4.02,88.89,1.34,66.67,0.67,66.67,0.89,0.0,4.24,78.95,0,,0,,0,0.0,0.0,0.0,,,1.12,,,0.22,0.0,0.0,0.0,0,0.0
M. Laínez,Tigres UANL,Querétaro,"LW, LCMF, LAMF",30,700000,2026-12-31,9,271,0,0.28,0,0.37,16.94,49.02,Mexico,Mexico,left,180,70,no,3.99,3.65,45.45,1.66,40.0,0.66,0.83,0.33,1.66,2.08,0.66,0,0.0,0,0.0,4.32,0.0,0,0.0,0.09,0,0.0,2,0.66,50.0,0.0,0.0,2.66,37.5,2.66,37.5,0.0,0.0,0.0,5.31,56.25,9.3,50.0,1.33,2.99,1.33,18.93,0.66,2.66,26.24,88.61,4.32,92.31,6.64,95.0,11.62,91.43,21.92,93.94,1.66,100.0,22.88,11.49,0.12,1.0,0.33,0.0,0.0,0.0,0.66,1.66,100.0,2.32,71.43,0.0,0.0,0.66,1.0,3.65,90.91,0,,0,,0,0.0,0.0,0.0,,,0.0,,,0.0,0.0,0.0,0.0,0,0.0
J. Piñuelas,Correcaminos UAT,Toluca,RCB,28,700000,,5,192,0,0.0,0,0.0,12.19,50.0,Mexico,Mexico,right,182,80,no,7.03,8.44,50.0,2.34,60.0,0.0,0.0,0.0,2.81,3.91,2.81,2,0.94,1,0.47,0.0,0.0,0,0.0,0.0,0,0.0,0,0.0,0.0,0.0,0.0,0.0,0.0,0.0,0.0,0.0,0.0,0.0,0.0,0.0,0.47,0.0,0.0,0.0,0.0,37.5,1.41,0.47,46.88,90.0,16.88,77.78,5.16,81.82,20.16,100.0,43.13,93.48,3.75,50.0,14.12,28.1,0.0,0.0,0.0,0.0,0.0,0.0,0.0,3.75,37.5,0.47,0.0,0.47,0.0,0.0,0.0,4.22,44.44,0,,0,,0,0.0,0.0,0.0,,,3.75,,,0.0,0.0,0.0,0.0,0,0.0
J. Cortés,Cancún,Necaxa,RB,25,700000,,19,1052,0,0.41,0,0.26,18.99,59.91,Mexico,Mexico,right,185,75,no,11.46,10.27,65.0,2.4,64.29,0.26,0.29,0.09,4.53,5.1,1.37,3,0.26,1,0.09,1.97,0.0,0,0.0,0.03,0,0.0,11,0.94,9.09,0.0,0.0,2.91,20.59,0.09,0.0,2.82,21.21,0.34,1.97,65.22,4.36,47.06,0.77,1.45,0.09,18.31,1.03,0.86,28.75,66.67,13.26,65.16,3.08,91.67,7.87,65.22,22.33,76.63,3.85,42.22,19.85,29.77,0.02,0.26,0.0,0.0,0.09,0.0,0.09,4.28,66.0,2.31,22.22,0.26,0.0,0.26,0.51,7.44,60.92,0,,0,,0,0.0,0.0,0.0,,,0.34,,,0.0,0.0,0.0,0.0,0,0.0
Á. Robles,Puebla,Puebla,"CF, RW",24,700000,,18,727,0,1.56,0,0.13,17.46,32.62,Mexico,Mexico,left,174,68,no,3.84,5.57,44.44,2.35,15.79,0.12,0.16,0.12,1.24,1.6,1.11,2,0.25,0,0.0,1.86,0.0,0,0.0,0.19,0,0.0,13,1.61,30.77,0.0,0.0,1.11,22.22,0.62,20.0,0.5,25.0,0.12,2.97,37.5,7.92,28.13,1.86,0.87,0.37,13.49,2.48,0.99,18.07,79.45,2.97,58.33,5.57,91.11,5.69,76.09,15.97,85.27,0.99,50.0,16.02,15.95,0.02,0.37,0.0,0.0,0.12,0.0,0.12,1.24,60.0,0.87,28.57,0.25,50.0,0.25,0.37,1.98,56.25,0,,0,,0,0.0,0.0,0.0,,,0.12,,,0.0,0.0,0.0,0.12,0,0.0
A. Torres,CA La Paz,Guadalajara,"DMF, RCMF",26,700000,2027-06-30,8,282,0,0.04,0,0.16,8.94,53.57,Mexico,Mexico,right,177,74,no,5.74,4.15,53.85,2.87,66.67,0.32,0.47,0.96,3.19,4.69,0.32,1,0.32,0,0.0,0.32,0.0,0,0.0,0.01,0,0.0,1,0.32,100.0,0.0,0.0,0.0,0.0,0.0,0.0,0.0,0.0,0.0,0.0,0.0,0.96,0.0,0.0,0.32,0.0,36.06,0.96,0.0,53.62,94.64,21.38,92.54,4.47,92.86,19.47,98.36,49.79,96.79,3.83,66.67,19.46,23.51,0.05,0.64,0.0,0.0,0.0,0.0,0.64,8.62,88.89,0.96,33.33,0.96,33.33,0.32,0.0,10.21,87.5,0,,0,,0,0.0,0.0,0.0,,,0.96,,,0.0,0.0,0.0,0.0,0,0.0
F. Valenzuela,,Club Tijuana,"LAMF, LW",29,700000,,3,51,0,0.0,0,0.14,31.76,38.89,Argentina,Argentina,left,167,69,no,8.82,8.82,80.0,1.76,100.0,0.0,0.0,0.0,1.76,2.14,0.0,0,0.0,0,0.0,3.53,0.0,0,0.0,0.0,0,0.0,0,0.0,0.0,0.0,0.0,3.53,50.0,3.53,50.0,0.0,0.0,0.0,12.35,14.29,19.41,18.18,0.0,0.0,1.76,21.18,5.29,3.53,21.18,58.33,8.82,20.0,3.53,100.0,5.29,100.0,12.35,57.14,5.29,66.67,18.0,35.73,0.25,1.76,1.76,0.0,0.0,0.0,1.76,3.53,50.0,3.53,50.0,0.0,0.0,0.0,1.76,5.29,100.0,0,,0,,0,0.0,0.0,0.0,,,0.0,,,0.0,0.0,0.0,0.0,0,0.0
J. Venegas,Piratas FC,Juárez,"LCMF, LDMF, RCMF",31,700000,,21,1418,1,0.6,1,0.49,13.14,47.83,Mexico,Mexico,right,176,68,no,8.63,6.22,59.18,3.24,37.25,0.89,1.15,0.51,4.06,5.26,0.95,5,0.32,0,0.0,0.32,0.06,1,0.06,0.04,0,0.0,6,0.38,16.67,16.667,0.06,0.44,14.29,0.25,0.0,0.19,33.33,0.0,0.44,28.57,1.9,33.33,0.57,0.32,0.0,28.18,0.19,0.25,39.54,84.75,12.38,73.33,5.2,97.56,16.44,89.19,34.84,90.35,4.25,46.27,18.37,31.43,0.03,0.25,0.0,0.06,0.13,50.0,0.13,5.52,74.71,0.89,28.57,0.25,25.0,0.32,0.06,5.78,60.44,0,,0,,0,0.0,0.0,0.0,,,1.27,,,0.0,0.0,0.0,0.0,0,0.0
G. Lajud,Atlético de San Luis,Santos Laguna,GK,32,700000,,9,934,0,0.0,0,0.0,0.96,60.0,Mexico,"Mexico, Lebanon",right,188,85,no,1.25,0.29,0.0,0.39,100.0,0.0,0.0,0.0,1.25,1.76,0.1,1,0.1,0,0.0,0.0,0.0,0,0.0,0.0,0,0.0,0,0.0,0.0,0.0,0.0,0.0,0.0,0.0,0.0,0.0,0.0,0.0,0.0,0.0,0.1,100.0,0.0,0.0,0.0,6.36,0.39,0.0,10.79,76.79,7.42,68.83,0.0,0.0,3.08,93.75,4.91,94.12,5.88,62.3,42.87,56.03,0.0,0.0,0.0,0.0,0.0,0.0,0.0,2.41,60.0,0.1,0.0,0.29,0.0,0.0,0.0,4.91,82.35,19,1.83,53,5.11,1,64.15,15.03,1.45,-3.97,-0.383,0.0,0.87,0.39,,,,0.0,0,0.0
C. Tabó,Deportivo Maldonado,Pumas UNAM,"RW, CF, LW",32,700000,2026-12-31,20,630,0,0.8,0,0.63,21.29,37.58,Uruguay,Uruguay,right,174,73,no,4.57,4.86,47.06,4.71,21.21,0.71,0.99,0.0,1.57,2.17,1.71,3,0.43,0,0.0,2.0,0.0,0,0.0,0.11,0,0.0,10,1.43,30.0,0.0,0.0,1.14,25.0,0.29,50.0,0.86,16.67,0.0,2.71,47.37,8.43,40.68,2.29,1.57,1.0,15.29,1.14,2.14,21.14,78.38,4.86,61.76,6.29,97.73,4.29,76.67,19.71,81.16,0.57,75.0,12.83,7.11,0.09,0.86,0.0,0.0,0.0,0.0,0.14,1.29,44.44,0.57,75.0,0.0,0.0,0.57,0.14,1.43,60.0,0,,0,,0,0.0,0.0,0.0,,,0.14,,,0.86,0.0,0.0,1.0,0,0.0
J. Martínez,Atlético Morelia,Monterrey,"LCMF, RCMF",25,700000,,18,692,1,0.53,2,1.2,15.61,49.17,Mexico,Mexico,left,178,64,no,7.8,6.63,58.82,2.34,27.78,0.13,0.17,0.52,3.77,5.06,0.91,1,0.13,0,0.0,1.95,0.13,1,0.13,0.07,0,0.0,9,1.17,11.11,11.111,0.26,0.78,33.33,0.52,25.0,0.26,50.0,0.0,1.17,88.89,4.42,41.18,0.39,1.3,0.65,29.78,0.91,0.65,43.31,86.49,12.88,75.76,8.19,95.24,14.18,95.41,40.71,88.82,1.82,57.14,16.55,16.15,0.16,1.04,0.0,0.0,0.91,57.14,0.65,5.85,86.67,1.69,61.54,1.17,55.56,1.04,0.26,7.67,72.88,0,,0,,0,0.0,0.0,0.0,,,0.65,,,0.13,0.0,0.0,0.13,0,0.0
C. González,Jaiba Brava,Necaxa,"RB, RW",28,700000,,7,452,0,0.1,1,0.53,15.13,46.05,Mexico,Mexico,right,173,72,no,6.17,6.57,51.52,2.19,27.27,0.2,0.23,0.2,2.59,3.05,1.0,3,0.6,0,0.0,3.58,0.0,0,0.0,0.02,0,0.0,6,1.19,0.0,0.0,0.2,3.98,40.0,0.4,0.0,3.58,44.44,0.4,2.39,75.0,5.18,53.85,0.4,1.99,0.8,17.72,2.39,0.2,23.5,74.58,9.16,67.39,2.59,100.0,8.36,73.81,15.53,85.9,4.38,63.64,23.0,30.71,0.1,1.0,0.0,0.0,0.4,50.0,0.4,3.78,68.42,4.18,47.62,0.4,50.0,0.4,1.99,6.77,73.53,0,,0,,0,0.0,0.0,0.0,,,0.2,,,1.0,0.4,0.0,0.6,0,0.0
J. Brigido,Universidad Guadalajara,Guadalajara,"LW, LAMF",24,700000,,9,315,1,0.82,0,0.4,17.71,58.06,Mexico,Mexico,left,175,67,no,6.29,5.14,72.22,1.14,0.0,0.29,0.38,0.0,2.29,3.04,0.86,0,0.0,0,0.0,5.71,0.29,1,0.29,0.23,0,0.0,3,0.86,100.0,33.333,0.0,4.0,7.14,4.0,7.14,0.0,0.0,0.29,4.86,88.24,9.71,64.71,1.71,4.86,0.29,18.57,1.43,0.57,24.57,67.44,3.43,50.0,6.86,91.67,10.29,66.67,18.86,83.33,2.29,25.0,21.31,22.94,0.11,1.14,0.0,0.0,0.29,100.0,0.29,2.29,62.5,2.86,30.0,0.57,100.0,0.57,0.86,3.14,45.45,0,,0,,0,0.0,0.0,0.0,,,0.0,,,0.29,0.0,0.0,0.0,0,0.0
R. Gutiérrez,Puebla,Mazatlán,GK,29,700000,,7,602,0,0.0,0,0.0,0.45,100.0,Mexico,Mexico,left,181,78,no,1.35,0.0,0.0,0.15,100.0,0.0,0.0,0.0,1.35,2.03,0.0,2,0.3,0,0.0,0.0,0.0,0,0.0,0.0,0,0.0,0,0.0,0.0,0.0,0.0,0.0,0.0,0.0,0.0,0.0,0.0,0.0,0.0,0.0,0.3,100.0,0.0,0.0,0.0,14.95,0.3,0.45,19.58,93.13,9.27,90.32,0.0,0.0,9.42,95.24,13.9,98.92,5.68,78.95,27.99,45.27,0.0,0.0,0.0,0.0,0.0,0.0,0.0,1.2,50.0,0.0,0.0,0.0,0.0,0.0,0.0,3.44,86.96,11,1.64,32,4.78,1,65.63,9.96,1.49,-1.04,-0.155,0.0,0.9,0.15,,,,0.0,0,0.0
S. Sosa,UCV,Querétaro,"CF, LW",26,650000,2026-12-31,14,733,3,1.54,1,0.75,21.98,29.61,Venezuela,Venezuela,left,177,76,no,3.56,5.16,40.48,2.7,27.27,0.37,0.41,0.12,1.11,1.22,2.82,5,0.61,0,0.0,2.7,0.37,3,0.37,0.19,0,0.0,11,1.35,36.36,27.273,0.12,1.11,44.44,0.98,37.5,0.12,100.0,0.0,4.05,42.42,10.07,26.83,1.23,1.23,0.61,9.7,1.84,0.86,15.47,72.22,2.95,58.33,3.56,100.0,5.16,66.67,13.26,77.78,1.23,30.0,17.34,15.61,0.09,0.61,0.12,0.0,0.12,0.0,0.25,1.47,66.67,1.96,56.25,0.37,0.0,0.61,0.37,1.84,86.67,0,,0,,0,0.0,0.0,0.0,,,0.0,,,0.12,0.12,0.0,0.12,0,0.0
J. Torres,Cerro Porteño,Querétaro,CF,29,650000,2027-12-31,1,12,0,0.0,0,0.07,,,Argentina,Argentina,right,187,73,no,,,,,,,0.0,,,10.0,,0,,0,,,,0,,,0,,0,,,0.0,,,,,,,,,,,,,,,,,,,,,,,,,,,,,,,17.2,0.0,,,,,,,,,,,,,,,,,,0,,0,,0,0.0,0.0,,,,,,,,,,,0,0.0
A. Escoto,Tepatitlán de Morelos,Juárez,CF,33,600000,,15,660,2,1.36,1,0.28,16.09,37.29,Mexico,Mexico,right,180,70,no,3.0,2.18,68.75,6.0,43.18,0.14,0.21,0.14,1.36,2.1,0.55,0,0.0,0,0.0,1.23,0.27,2,0.27,0.19,1,0.14,11,1.5,45.45,18.182,0.14,0.41,0.0,0.14,0.0,0.14,0.0,0.14,1.23,44.44,6.27,17.39,2.73,0.27,0.0,7.77,2.05,0.95,9.68,77.46,1.91,92.86,2.18,75.0,2.86,61.9,9.14,82.09,0.14,0.0,13.83,4.28,0.04,0.41,0.27,0.0,0.0,0.0,0.41,0.68,80.0,0.55,50.0,0.0,0.0,0.55,0.0,0.82,83.33,0,,0,,0,0.0,0.0,0.0,,,0.0,,,0.14,0.14,0.0,0.0,0,0.0
V. Alvarado,Irapuato,Mazatlán,"LCB, CB",33,600000,,15,1296,0,0.19,0,0.0,13.33,56.77,United States,"United States, Mexico",right,182,81,no,8.75,5.21,68.0,4.1,54.24,0.42,0.55,0.28,4.79,6.29,0.56,1,0.07,0,0.0,0.14,0.0,0,0.0,0.01,0,0.0,2,0.14,0.0,0.0,0.0,0.0,0.0,0.0,0.0,0.0,0.0,0.0,0.35,40.0,1.18,29.41,0.49,0.35,0.07,25.9,0.28,0.42,38.06,87.96,14.51,75.6,2.99,100.0,17.15,97.17,33.75,92.59,4.31,51.61,20.63,34.53,0.0,0.0,0.07,0.0,0.0,0.0,0.0,2.99,55.81,0.21,0.0,0.14,0.0,0.07,0.0,5.35,61.04,0,,0,,0,0.0,0.0,0.0,,,2.15,,,0.0,0.0,0.0,0.0,0,0.0
P. Barrera,,Querétaro,"RW, RAMF",39,600000,,35,3136,7,4.89,8,8.56,15.41,42.64,Mexico,Mexico,right,174,69,no,4.42,3.56,54.03,0.55,31.58,0.09,0.1,0.11,2.41,2.72,0.43,3,0.09,0,0.0,4.51,0.2,3,0.09,0.14,0,0.0,36,1.03,36.11,19.444,0.23,4.28,32.89,0.26,22.22,4.02,33.57,0.66,5.65,47.21,9.36,39.57,1.06,2.24,1.38,18.34,1.92,0.66,28.87,72.86,8.55,66.78,5.88,92.68,8.61,66.67,22.67,82.91,2.07,43.06,18.53,35.95,0.25,2.01,0.06,0.09,0.11,50.0,0.77,3.7,58.91,3.85,47.76,0.37,38.46,0.52,1.52,5.54,75.13,0,,0,,0,0.0,0.0,0.0,,,0.06,,,1.43,0.09,33.33,2.7,4,100.0
A. Hurtado,Deportivo Cali,Juárez,"CF, AMF, LW",39,600000,2026-12-31,28,1961,8,7.59,2,2.77,21.8,45.47,Colombia,"Colombia, Mexico",right,171,65,no,4.73,3.76,54.88,2.39,34.62,0.64,0.85,0.0,2.02,2.66,1.01,4,0.18,1,0.05,4.13,0.37,4,0.18,0.35,0,0.0,35,1.61,45.71,22.857,0.09,1.74,28.95,0.83,16.67,0.87,42.11,0.28,5.0,53.21,13.03,45.42,2.66,3.12,1.06,22.53,1.42,2.39,32.31,77.98,9.13,68.34,4.91,89.72,10.83,81.78,28.68,82.72,2.11,52.17,18.02,31.84,0.13,1.29,0.18,0.0,0.5,45.45,0.41,4.77,69.23,2.52,45.45,0.87,42.11,1.06,0.41,4.27,79.57,0,,0,,0,0.0,0.0,0.0,,,0.09,,,1.19,0.14,33.33,1.65,4,100.0
C. Orrantía,,Toluca,RB,35,600000,,26,1399,0,0.63,3,1.49,12.54,46.67,Mexico,Mexico,right,179,75,no,7.66,6.75,61.9,1.09,23.53,0.26,0.35,0.06,3.22,4.37,0.84,2,0.13,0,0.0,1.99,0.0,0,0.0,0.04,0,0.0,10,0.64,30.0,0.0,0.19,3.28,41.18,0.0,0.0,3.22,40.0,0.13,1.48,30.43,3.35,28.85,0.77,1.22,0.26,30.04,3.99,0.19,38.6,80.33,11.64,69.61,7.91,91.06,13.45,85.17,31.84,87.68,3.67,47.37,18.92,26.7,0.1,0.9,0.0,0.0,0.06,0.0,0.77,4.95,72.73,3.02,51.06,0.13,50.0,0.39,1.54,7.78,79.34,0,,0,,0,0.0,0.0,0.0,,,0.51,,,0.06,0.0,0.0,0.19,0,0.0
L. García,Marquense,Puebla,"RW, RB, LW",33,600000,,25,1034,1,0.73,1,2.23,18.54,45.07,Mexico,Mexico,right,176,72,no,6.01,6.96,50.0,1.74,30.0,0.52,0.69,0.09,2.0,2.63,1.13,1,0.09,0,0.0,5.05,0.09,1,0.09,0.06,0,0.0,15,1.31,20.0,6.667,0.09,5.83,38.81,0.44,20.0,5.4,40.32,0.78,4.09,61.7,8.01,46.74,2.18,3.05,0.78,18.37,2.09,0.61,27.16,70.19,5.74,59.09,5.48,85.71,10.79,70.16,18.71,81.86,2.87,57.58,19.76,23.91,0.19,1.22,0.0,0.0,0.09,0.0,0.7,2.0,60.87,4.53,48.08,0.17,50.0,0.61,2.18,6.44,66.22,0,,0,,0,0.0,0.0,0.0,,,0.26,,,0.0,0.0,0.0,0.09,0,0.0
M. Barragán,CA La Paz,Puebla,CF,35,600000,,29,1544,0,6.05,0,0.16,20.98,31.11,Mexico,Mexico,right,178,80,no,3.09,2.97,45.1,5.42,34.41,0.17,0.24,0.12,1.57,2.18,1.4,4,0.23,0,0.0,1.57,0.0,0,0.0,0.35,0,0.0,46,2.68,32.61,0.0,0.0,0.23,25.0,0.17,33.33,0.06,0.0,0.0,1.57,33.33,9.38,21.74,3.38,0.29,0.06,12.12,1.98,1.46,17.37,79.19,3.44,66.1,4.78,84.15,4.66,80.0,16.15,81.23,1.05,61.11,16.53,21.83,0.01,0.41,0.12,0.06,0.23,50.0,0.12,1.98,79.41,0.52,44.44,0.23,50.0,0.23,0.0,1.92,69.7,0,,0,,0,0.0,0.0,0.0,,,0.0,,,0.0,0.0,0.0,0.0,0,0.0
N. Guzmán,Tigres UANL,Tigres UANL,GK,40,600000,2027-06-30,30,3050,0,0.0,0,0.0,0.86,75.86,Argentina,Argentina,right,191,93,no,2.1,0.15,20.0,0.41,92.86,0.0,0.0,0.0,2.07,2.94,0.03,8,0.24,1,0.03,0.15,0.0,0,0.0,0.0,0,0.0,0,0.0,0.0,0.0,0.0,0.03,100.0,0.0,0.0,0.03,100.0,0.0,0.15,80.0,0.27,88.89,0.0,0.0,0.0,20.66,0.32,0.18,28.98,85.03,14.9,73.07,0.03,100.0,13.22,98.44,19.15,96.76,9.68,62.5,30.72,46.53,0.0,0.0,0.0,0.0,0.0,0.0,0.0,2.63,38.2,0.3,30.0,0.3,30.0,0.03,0.03,6.58,70.85,32,0.94,119,3.51,9,73.11,31.14,0.92,-0.86,-0.025,0.03,1.59,0.41,,,,0.0,0,0.0
C. Vargas,Necaxa,Cruz Azul,"LB, LCB",27,600000,2026-12-31,4,94,0,0.0,0,0.0,17.23,61.11,Mexico,Mexico,left,179,65,no,6.7,7.66,62.5,4.79,60.0,1.91,3.0,0.0,0.0,0.0,0.96,0,0.0,0,0.0,2.87,0.0,0,0.0,0.0,0,0.0,0,0.0,0.0,0.0,0.0,3.83,25.0,3.83,25.0,0.0,0.0,0.0,1.91,100.0,2.87,66.67,0.0,0.0,0.0,25.85,4.79,0.0,38.3,70.0,15.32,56.25,5.74,100.0,10.53,72.73,30.64,78.13,3.83,50.0,15.3,24.07,0.0,0.0,0.0,0.0,0.0,0.0,0.0,5.74,66.67,4.79,20.0,0.0,0.0,0.0,0.96,6.7,57.14,0,,0,,0,0.0,0.0,0.0,,,0.0,,,0.0,0.0,0.0,0.0,0,0.0
I. Domínguez,Venados,Atlas,RB,26,600000,,13,788,0,0.03,0,0.5,19.64,45.93,Mexico,Mexico,right,171,64,no,10.74,8.22,65.28,3.2,28.57,1.37,1.71,0.11,4.0,4.98,0.46,0,0.0,0,0.0,0.69,0.0,0,0.0,0.0,0,0.0,3,0.34,0.0,0.0,0.0,1.37,41.67,0.0,0.0,1.37,41.67,0.0,0.91,12.5,4.68,34.15,0.8,0.23,0.11,21.7,0.46,1.94,29.92,79.77,9.82,63.95,6.05,92.45,9.94,90.8,24.9,87.61,3.88,38.24,19.9,29.21,0.06,0.34,0.11,0.0,0.0,0.0,0.34,3.54,67.74,1.03,44.44,0.11,0.0,0.11,0.69,5.6,59.18,0,,0,,0,0.0,0.0,0.0,,,1.37,,,0.0,0.0,0.0,0.0,0,0.0
E. Armenta,,Club Tijuana,"RW, RB",24,600000,,27,1002,0,0.45,0,1.18,18.41,41.95,Mexico,Mexico,left,173,63,no,6.92,7.46,55.42,1.71,26.32,0.27,0.34,0.18,2.51,3.19,0.99,2,0.18,0,0.0,2.78,0.0,0,0.0,0.04,0,0.0,10,0.9,10.0,0.0,0.0,4.67,25.0,0.63,0.0,4.04,28.89,0.36,4.13,32.61,7.01,32.05,1.26,1.71,0.81,17.07,1.17,0.54,26.59,69.59,10.15,69.91,4.4,91.84,9.07,64.36,19.49,81.57,2.96,51.52,25.12,19.42,0.11,0.72,0.0,0.0,0.36,50.0,0.36,3.86,74.42,3.77,42.86,0.54,33.33,0.54,1.17,6.92,83.12,0,,0,,0,0.0,0.0,0.0,,,0.18,,,0.0,0.0,0.0,0.0,0,0.0
J. Rodríguez,Atlas,Necaxa,LB,24,600000,,23,1555,0,0.32,0,1.42,17.71,54.25,Mexico,Mexico,left,178,75,no,9.9,8.62,57.72,3.41,54.24,0.46,0.53,0.52,4.46,5.08,1.33,8,0.46,0,0.0,1.33,0.0,0,0.0,0.02,0,0.0,11,0.64,18.18,0.0,0.0,1.22,38.1,1.22,38.1,0.0,0.0,0.17,1.22,61.9,3.41,47.46,0.69,0.64,0.52,10.88,1.1,0.93,20.6,69.94,10.01,61.27,2.55,97.73,5.21,70.0,16.21,79.64,3.18,32.73,19.87,27.68,0.08,0.46,0.0,0.06,0.0,0.0,0.17,3.59,58.06,1.16,45.0,0.12,50.0,0.17,0.64,5.04,54.02,0,,0,,0,0.0,0.0,0.0,,,0.29,,,0.17,0.06,0.0,0.06,0,0.0
A. Gómez,Club Tijuana,Club Tijuana,LCB,24,600000,,8,653,0,0.03,0,0.05,15.99,61.21,Mexico,Mexico,left,183,72,no,12.68,8.68,71.43,3.31,50.0,0.41,0.49,0.83,6.06,7.17,1.1,2,0.28,0,0.0,0.14,0.0,0,0.0,0.0,0,0.0,3,0.41,0.0,0.0,0.0,0.28,0.0,0.28,0.0,0.0,0.0,0.0,0.14,100.0,0.55,50.0,0.14,0.55,0.14,26.46,0.83,0.41,41.76,80.86,25.22,74.86,1.24,100.0,12.54,91.21,33.77,88.16,7.72,51.79,23.36,37.62,0.01,0.14,0.14,0.0,0.14,0.0,0.0,9.65,64.29,1.1,25.0,0.96,42.86,0.69,0.0,12.27,78.65,0,,0,,0,0.0,0.0,0.0,,,0.69,,,0.0,0.0,0.0,0.0,0,0.0
A. Herrera,Puebla,Puebla,"LW, LB, LCMF",25,600000,,10,826,2,0.93,2,1.02,14.93,54.74,Mexico,Mexico,left,173,80,no,9.37,6.21,66.67,1.85,58.82,0.33,0.39,0.22,4.9,5.82,1.31,2,0.22,0,0.0,1.85,0.22,2,0.22,0.1,0,0.0,15,1.63,26.67,13.333,0.22,2.18,30.0,2.07,31.58,0.11,0.0,0.11,0.54,100.0,3.38,48.39,0.76,0.44,0.11,20.7,0.65,1.31,31.16,76.57,9.81,68.89,6.76,90.32,8.06,75.68,24.84,82.89,4.47,60.98,17.29,27.65,0.11,1.31,0.11,0.0,0.22,100.0,0.22,3.81,62.86,2.4,36.36,0.33,33.33,0.76,0.44,5.56,66.67,0,,0,,0,0.0,0.0,0.0,,,0.22,,,0.54,0.11,0.0,1.09,0,0.0
E. Orona,Santos Laguna,Puebla,"LCB, CB",27,600000,,18,802,0,0.17,1,0.25,14.81,63.64,Mexico,Mexico,left,182,83,no,9.43,6.85,70.49,4.6,58.54,0.34,0.39,0.56,4.26,4.96,0.9,1,0.11,0,0.0,0.34,0.0,0,0.0,0.02,0,0.0,6,0.67,0.0,0.0,0.11,0.34,33.33,0.34,33.33,0.0,0.0,0.0,0.22,100.0,1.12,50.0,0.45,0.67,0.11,19.86,0.67,0.22,30.07,81.34,13.24,72.03,2.13,94.74,12.01,90.65,24.24,87.5,5.61,56.0,16.45,22.23,0.03,0.34,0.0,0.0,0.0,0.0,0.11,3.82,58.82,0.79,28.57,0.34,0.0,0.22,0.11,6.85,59.02,0,,0,,0,0.0,0.0,0.0,,,1.01,,,0.0,0.0,0.0,0.0,0,0.0
S. Trigos,Pumas UNAM,Pumas UNAM,"LCMF, LDMF, RCMF",24,600000,,23,962,0,0.31,1,0.47,18.15,48.97,Mexico,Mexico,right,169,66,no,10.67,10.57,61.06,1.78,42.11,0.75,1.05,0.19,3.46,4.87,2.15,3,0.28,1,0.09,0.94,0.0,0,0.0,0.03,0,0.0,7,0.65,57.14,0.0,0.09,0.28,33.33,0.09,0.0,0.19,50.0,0.0,1.31,35.71,3.56,31.58,0.09,0.84,0.19,19.18,0.28,0.37,31.53,86.35,11.04,72.88,4.58,95.92,11.6,93.55,28.81,89.94,2.43,50.0,17.15,18.42,0.04,0.47,0.0,0.0,0.0,0.0,0.09,4.68,78.0,0.94,70.0,0.0,0.0,0.56,0.09,5.15,78.18,0,,0,,0,0.0,0.0,0.0,,,0.19,,,0.0,0.0,0.0,0.0,0,0.0
C. Gutiérrez,,Pumas UNAM,"RB, RW",27,600000,,18,421,0,0.0,0,0.36,23.73,44.14,Mexico,Mexico,right,177,70,no,9.41,12.19,52.63,1.92,33.33,0.43,0.69,0.0,2.57,4.14,2.35,1,0.21,0,0.0,2.99,0.0,0,0.0,0.0,0,0.0,0,0.0,0.0,0.0,0.0,4.7,27.27,0.0,0.0,4.7,27.27,0.0,3.85,44.44,6.84,40.63,0.64,1.5,0.43,17.74,2.14,1.07,25.44,73.95,6.2,68.97,4.49,95.24,7.91,70.27,18.81,88.64,2.14,40.0,19.4,18.5,0.08,1.71,0.0,0.0,0.0,0.0,0.21,2.78,69.23,3.85,33.33,0.64,33.33,0.21,1.07,4.06,78.95,0,,0,,0,0.0,0.0,0.0,,,0.21,,,1.92,0.0,0.0,2.78,0,0.0
Ó. Macías,Atlético de San Luis,Atlético de San Luis,"RCMF, DMF, LCMF",28,600000,2027-06-30,3,69,0,0.03,0,0.0,16.96,69.23,Mexico,Mexico,right,173,76,no,10.43,7.83,83.33,5.22,50.0,0.0,0.0,0.0,3.91,8.18,0.0,0,0.0,0,0.0,1.3,0.0,0,0.0,0.04,0,0.0,1,1.3,0.0,0.0,0.0,2.61,0.0,0.0,0.0,2.61,0.0,1.3,1.3,100.0,3.91,66.67,1.3,2.61,0.0,54.78,0.0,1.3,75.65,86.21,19.57,93.33,10.43,75.0,35.22,85.19,63.91,91.84,9.13,71.43,17.69,23.93,0.0,0.0,0.0,0.0,0.0,0.0,0.0,15.65,91.67,2.61,0.0,0.0,0.0,0.0,0.0,2.61,100.0,0,,0,,0,0.0,0.0,0.0,,,0.0,,,0.0,0.0,0.0,0.0,0,0.0
D. Ríos,CF Montréal,Guadalajara,"CF, AMF",31,600000,2026-12-31,5,106,0,0.3,0,0.07,32.26,23.68,Mexico,Mexico,left,185,83,no,1.7,4.25,40.0,11.04,23.08,0.0,0.0,0.0,0.0,0.0,2.55,2,1.7,0,0.0,1.7,0.0,0,0.0,0.25,0,0.0,2,1.7,0.0,0.0,0.0,1.7,50.0,0.85,100.0,0.85,0.0,0.0,2.55,33.33,8.49,10.0,4.25,0.85,0.0,5.09,2.55,0.0,8.49,70.0,0.85,100.0,1.7,100.0,2.55,66.67,6.79,75.0,0.0,0.0,7.43,0.0,0.06,1.7,0.0,0.0,0.0,0.0,0.0,0.85,100.0,0.0,0.0,0.0,0.0,0.0,0.85,0.0,0.0,0,,0,,0,0.0,0.0,0.0,,,0.0,,,0.0,0.0,0.0,0.0,0,0.0
D. Mantilla,Llaneros,Necaxa,"LW, RW, LWF",29,600000,2026-12-31,7,312,0,0.29,0,0.19,20.48,30.99,Colombia,Colombia,right,173,70,no,5.19,6.92,50.0,2.31,12.5,0.0,0.0,0.0,1.73,1.86,1.73,1,0.29,0,0.0,2.02,0.0,0,0.0,0.08,0,0.0,3,0.87,0.0,0.0,0.0,2.6,55.56,0.87,100.0,1.73,33.33,0.29,2.6,22.22,8.37,20.69,2.6,0.58,0.87,16.44,1.73,0.29,22.5,79.49,4.33,86.67,5.19,72.22,8.08,82.14,19.04,83.33,1.15,75.0,17.34,17.71,0.06,0.58,0.0,0.0,0.0,0.0,0.58,0.87,100.0,0.87,100.0,0.29,100.0,0.0,1.15,3.46,75.0,0,,0,,0,0.0,0.0,0.0,,,0.0,,,0.0,0.0,0.0,0.29,0,0.0
A. Preciado,Aucas,Querétaro,"LW, RCMF, RW",31,600000,2026-12-31,5,62,0,0.0,0,0.0,26.13,5.56,Ecuador,"Ecuador, Spain",right,181,68,no,2.9,5.81,0.0,0.0,0.0,0.0,0.0,0.0,2.9,6.0,2.9,0,0.0,0,0.0,1.45,0.0,0,0.0,0.0,0,0.0,0,0.0,0.0,0.0,0.0,2.9,0.0,1.45,0.0,1.45,0.0,0.0,4.35,0.0,15.97,9.09,0.0,1.45,1.45,17.42,1.45,1.45,29.03,85.0,4.35,100.0,11.61,100.0,11.61,62.5,23.23,100.0,2.9,50.0,19.07,7.09,0.0,0.0,0.0,0.0,1.45,100.0,0.0,2.9,50.0,4.35,33.33,1.45,100.0,1.45,0.0,2.9,100.0,0,,0,,0,0.0,0.0,0.0,,,0.0,,,1.45,0.0,0.0,0.0,0,0.0
J. Montecinos,Deportes Limache,Querétaro,"CF, RW, LW",30,600000,2026-12-31,9,302,0,0.93,0,0.57,22.35,34.67,Colombia,"Colombia, Chile",right,173,73,no,7.15,4.47,46.67,5.66,21.05,2.98,3.49,0.0,2.09,2.44,2.09,0,0.0,0,0.0,3.87,0.0,0,0.0,0.28,0,0.0,13,3.87,23.08,0.0,0.0,2.68,11.11,0.3,0.0,2.38,12.5,0.0,4.17,64.29,7.45,48.0,2.68,0.89,0.6,12.52,2.09,2.09,19.67,74.24,4.47,60.0,3.58,100.0,5.36,83.33,16.09,85.19,0.89,66.67,17.05,7.52,0.17,1.19,0.0,0.0,0.0,0.0,0.3,1.19,75.0,1.19,50.0,0.0,0.0,0.0,0.3,0.89,100.0,0,,0,,0,0.0,0.0,0.0,,,0.0,,,0.6,0.0,0.0,0.3,0,0.0
V. Rodríguez,Defensor Sporting,Pachuca,LB,25,600000,2026-12-31,5,419,0,0.08,0,0.81,16.32,59.21,Uruguay,Uruguay,left,173,73,no,9.24,7.73,66.67,0.64,0.0,0.21,0.36,0.21,3.87,6.51,0.64,1,0.21,0,0.0,3.65,0.0,0,0.0,0.02,0,0.0,3,0.64,33.33,0.0,0.0,2.79,15.38,2.79,15.38,0.0,0.0,0.64,4.08,73.68,7.09,60.61,1.07,3.44,0.86,26.42,2.58,0.64,38.66,78.89,16.11,74.67,4.08,100.0,13.75,82.81,32.0,90.6,4.08,26.32,16.83,35.66,0.17,1.29,0.0,0.0,0.0,0.0,0.21,8.38,64.1,2.15,30.0,0.64,0.0,0.43,0.43,9.67,73.33,0,,0,,0,0.0,0.0,0.0,,,0.43,,,0.0,0.0,0.0,0.21,0,0.0
J. Marchand,Atlético de San Luis,Pachuca,"DMF, LCMF",24,600000,2026-06-30,6,238,0,0.0,1,0.04,19.66,50.0,Mexico,Mexico,left,179,70,no,10.59,9.45,56.0,3.4,55.56,0.0,0.0,0.38,5.29,7.12,3.03,0,0.0,0,0.0,1.13,0.0,0,0.0,0.0,0,0.0,0,0.0,0.0,0.0,0.38,0.0,0.0,0.0,0.0,0.0,0.0,0.0,1.13,66.67,3.4,33.33,0.0,0.0,0.76,16.26,0.0,1.13,30.25,88.75,12.1,75.0,3.78,100.0,10.21,96.3,27.23,94.44,3.03,37.5,17.29,26.99,0.01,0.38,0.0,0.0,0.38,100.0,0.38,4.16,72.73,0.76,0.0,0.38,100.0,0.0,0.0,3.78,90.0,0,,0,,0,0.0,0.0,0.0,,,0.76,,,0.0,0.0,0.0,0.38,0,0.0
C. Baltazar,Puebla,Puebla,"LW, RW",29,600000,,18,762,1,1.47,2,0.56,19.72,44.31,Mexico,Mexico,right,167,62,no,6.14,5.55,59.57,1.54,46.15,0.47,0.61,0.0,2.36,3.06,0.83,1,0.12,0,0.0,1.65,0.12,1,0.12,0.17,0,0.0,13,1.54,23.08,7.692,0.24,1.42,25.0,1.06,11.11,0.35,66.67,0.24,1.89,43.75,10.87,38.04,2.01,1.77,0.83,17.13,0.94,2.13,25.39,85.58,5.43,73.91,7.56,95.31,6.61,85.71,23.62,89.5,0.47,50.0,16.09,6.96,0.07,0.83,0.24,0.0,0.24,50.0,0.24,1.3,81.82,1.42,66.67,0.12,100.0,0.59,0.59,2.36,70.0,0,,0,,0,0.0,0.0,0.0,,,0.24,,,0.0,0.0,0.0,0.94,0,0.0
S. Pérez Bouquet,Atlético de San Luis,Juárez,"LCMF, LW, AMF",23,600000,2028-12-31,15,619,0,0.41,2,0.1,20.06,44.2,Mexico,Mexico,right,165,57,no,6.98,6.69,63.04,1.89,23.08,0.58,0.81,0.15,2.18,3.02,0.87,2,0.29,0,0.0,1.89,0.0,0,0.0,0.06,0,0.0,10,1.45,20.0,0.0,0.29,0.73,20.0,0.29,50.0,0.44,0.0,0.29,2.76,42.11,8.43,41.38,0.58,2.33,0.73,22.39,0.73,1.02,30.68,85.31,8.14,78.57,6.11,92.86,8.72,86.67,28.79,87.37,1.16,75.0,15.67,11.26,0.02,0.87,0.0,0.0,0.58,50.0,0.29,2.62,100.0,1.89,46.15,0.58,50.0,0.87,0.15,4.65,78.13,0,,0,,0,0.0,0.0,0.0,,,0.15,,,0.0,0.0,0.0,0.44,0,0.0
R. Martínez,Necaxa,Guadalajara,"LCB, RCB",23,600000,2028-12-31,6,323,0,0.0,0,0.0,14.21,60.78,Mexico,Mexico,right,185,83,no,9.75,5.57,60.0,5.02,50.0,0.56,0.74,0.56,5.85,7.78,1.39,0,0.0,0,0.0,0.0,0.0,0,0.0,0.0,0,0.0,0,0.0,0.0,0.0,0.0,0.0,0.0,0.0,0.0,0.0,0.0,0.0,0.0,0.0,0.56,100.0,0.0,0.0,0.0,13.1,0.28,1.39,24.24,82.76,11.7,69.05,0.56,50.0,10.59,100.0,20.34,89.04,3.9,50.0,10.69,19.52,0.0,0.0,0.0,0.0,0.0,0.0,0.0,2.51,55.56,0.0,0.0,0.0,0.0,0.0,0.0,4.46,43.75,0,,0,,0,0.0,0.0,0.0,,,0.28,,,0.0,0.0,0.0,0.0,0,0.0
W. Tesillo,Atlético Nacional,León,"LCB, LB",36,550000,2027-06-30,28,2572,0,1.27,1,1.88,14.87,53.41,Colombia,Colombia,left,184,78,no,8.82,6.37,62.64,3.92,50.89,0.38,0.57,0.45,4.44,6.52,1.12,6,0.21,0,0.0,1.05,0.0,0,0.0,0.04,0,0.0,16,0.56,6.25,0.0,0.03,1.89,27.78,1.85,28.3,0.03,0.0,0.24,1.26,38.89,2.76,43.04,1.05,0.77,0.03,29.29,1.12,0.52,43.18,79.5,19.11,70.7,2.17,91.94,17.22,87.6,31.42,89.98,9.97,55.79,24.01,41.02,0.07,0.52,0.03,0.03,0.03,0.0,0.38,7.21,57.77,2.45,37.14,0.87,20.0,0.59,0.45,10.11,73.36,0,,0,,0,0.0,0.0,0.0,,,0.42,,,0.0,0.0,0.0,0.0,0,0.0
A. Mosquera,Águilas Doradas,Toluca,RCB,36,550000,2027-06-30,16,1574,0,0.85,0,0.64,11.44,56.5,Colombia,Colombia,right,178,78,no,7.66,4.97,65.52,3.6,57.14,0.23,0.34,0.29,4.17,6.13,1.14,2,0.11,0,0.0,0.34,0.0,0,0.0,0.05,0,0.0,5,0.29,20.0,0.0,0.0,0.23,50.0,0.0,0.0,0.23,50.0,0.0,0.23,75.0,1.2,47.62,0.69,0.46,0.06,43.0,0.97,0.57,54.72,93.42,20.53,88.86,2.63,93.48,26.53,97.63,50.43,95.8,4.06,66.2,20.02,37.91,0.04,0.11,0.0,0.0,0.0,0.0,0.11,4.75,84.34,0.51,77.78,0.11,0.0,0.46,0.11,7.95,79.14,0,,0,,0,0.0,0.0,0.0,,,1.72,,,0.0,0.0,0.0,0.0,0,0.0
J. Sánchez,,Guadalajara,RB,36,500000,,7,367,0,0.05,0,0.0,17.66,50.0,Mexico,Mexico,right,168,68,no,13.24,10.3,66.67,3.68,26.67,0.74,0.96,0.25,5.64,7.34,0.49,2,0.49,0,0.0,0.49,0.0,0,0.0,0.01,0,0.0,1,0.25,0.0,0.0,0.0,0.98,25.0,0.0,0.0,0.98,25.0,0.0,0.98,25.0,1.72,42.86,0.74,0.0,0.49,23.79,1.23,0.25,37.03,80.13,15.69,67.19,6.38,96.15,8.34,94.12,30.16,90.24,5.89,37.5,20.04,32.69,0.0,0.0,0.0,0.0,0.0,0.0,0.0,7.6,64.52,0.74,33.33,0.25,0.0,0.0,0.25,5.64,82.61,0,,0,,0,0.0,0.0,0.0,,,0.49,,,0.0,0.0,0.0,0.0,0,0.0
I. Brizuela,Guadalajara,Guadalajara,"RW, LWF, RWF",35,500000,,22,1379,0,1.65,1,1.59,17.75,41.91,United States,"United States, Mexico",right,171,66,no,4.24,4.05,54.84,2.55,33.33,0.07,0.09,0.0,1.96,2.6,0.72,1,0.07,0,0.0,3.65,0.0,0,0.0,0.11,0,0.0,16,1.04,18.75,0.0,0.07,2.94,31.11,0.98,40.0,1.96,26.67,0.2,4.5,56.52,8.68,42.86,2.87,2.41,0.72,15.47,2.02,1.11,21.21,73.23,4.18,60.94,5.74,89.77,6.98,70.09,17.62,80.37,0.78,75.0,16.32,14.13,0.1,0.98,0.0,0.13,0.13,0.0,0.59,1.24,57.89,2.74,42.86,0.2,33.33,0.65,0.85,2.68,82.93,0,,0,,0,0.0,0.0,0.0,,,0.13,,,0.0,0.0,0.0,0.13,0,0.0
G. Allison,Querétaro,Querétaro,GK,35,500000,,21,2104,0,0.0,0,0.0,0.64,53.33,Mexico,Mexico,right,183,90,no,1.45,0.13,0.0,0.3,57.14,0.09,0.09,0.0,1.37,1.52,0.13,2,0.09,0,0.0,0.0,0.0,0,0.0,0.0,0,0.0,0,0.0,0.0,0.0,0.0,0.0,0.0,0.0,0.0,0.0,0.0,0.0,0.0,0.0,0.13,100.0,0.0,0.0,0.0,7.79,0.13,0.13,12.96,78.22,9.28,72.81,0.0,0.0,3.21,96.0,5.3,95.97,7.66,65.92,41.15,53.49,0.0,0.0,0.0,0.0,0.0,0.0,0.0,2.74,51.56,0.04,100.0,0.17,0.0,0.0,0.0,6.37,79.87,28,1.2,118,5.05,5,76.27,32.27,1.38,4.27,0.183,0.0,0.86,0.3,,,,0.0,0,0.0
O. Mendoza,Querétaro,Querétaro,RB,37,500000,,26,2319,0,0.62,2,0.62,16.84,58.99,Mexico,Mexico,right,174,71,no,11.06,8.77,67.7,2.48,53.13,0.23,0.27,0.31,4.89,5.58,0.97,5,0.19,2,0.08,1.32,0.0,0,0.0,0.02,0,0.0,8,0.31,37.5,0.0,0.08,1.44,45.95,0.0,0.0,1.44,45.95,0.16,0.54,85.71,2.95,48.68,0.5,0.31,0.12,14.59,1.01,1.4,24.53,74.68,12.54,69.35,2.56,95.45,5.82,78.67,17.46,81.56,5.71,61.22,22.89,36.77,0.02,0.23,0.04,0.0,0.12,66.67,0.19,5.24,65.19,1.86,54.17,0.47,66.67,0.43,0.74,7.61,75.0,0,,0,,0,0.0,0.0,0.0,,,0.58,,,0.04,0.0,0.0,0.0,0,0.0
G. Cabral,Almirante Brown,Pachuca,RCB,40,500000,2026-12-31,28,2782,0,1.51,0,0.13,13.26,62.44,Argentina,"Argentina, Spain",right,184,82,no,8.99,5.01,74.19,5.53,59.65,0.42,0.58,0.55,4.85,6.65,0.61,11,0.36,0,0.0,0.29,0.0,0,0.0,0.05,0,0.0,11,0.36,27.27,0.0,0.0,0.03,0.0,0.03,0.0,0.0,0.0,0.0,0.23,85.71,1.29,32.5,0.68,0.1,0.03,22.19,0.23,0.32,37.62,88.31,14.91,78.74,2.81,94.25,15.88,96.95,32.84,92.02,4.76,63.27,21.63,41.51,0.0,0.06,0.0,0.0,0.0,0.0,0.03,4.56,71.63,0.06,0.0,0.16,20.0,0.06,0.0,7.63,75.0,0,,0,,0,0.0,0.0,0.0,,,1.88,,,0.0,0.0,0.0,0.0,1,0.0
F. Navarro,,Puebla,"RCMF, LCMF",37,500000,,19,873,1,0.72,0,1.04,17.42,44.97,Mexico,Mexico,right,165,64,no,6.6,6.8,51.52,1.96,47.37,0.52,0.8,0.1,2.58,4.01,1.24,2,0.21,1,0.1,1.34,0.1,1,0.1,0.07,0,0.0,7,0.72,14.29,14.286,0.0,0.52,20.0,0.21,0.0,0.31,33.33,0.1,1.96,52.63,6.29,39.34,0.93,1.65,0.41,25.88,0.72,1.24,39.07,85.49,10.41,72.28,6.6,95.31,14.74,92.31,35.98,87.11,2.58,76.0,17.95,23.21,0.11,0.82,0.1,0.0,0.41,25.0,0.1,5.26,86.27,1.75,41.18,0.93,44.44,0.62,0.1,4.43,74.42,0,,0,,0,0.0,0.0,0.0,,,0.21,,,0.41,0.0,0.0,1.34,0,0.0
Edgar Méndez,Prachuap,Necaxa,"CF, LW",36,500000,2027-06-30,32,1519,6,4.83,1,0.58,23.29,35.37,Spain,Spain,right,187,78,no,3.08,3.55,45.0,7.11,36.67,0.3,0.36,0.06,1.18,1.46,1.48,5,0.3,0,0.0,2.31,0.36,6,0.36,0.29,2,0.12,36,2.13,38.89,16.667,0.06,2.07,28.57,0.53,11.11,1.54,34.62,0.06,2.01,41.18,8.59,29.66,2.96,0.65,0.12,10.31,1.96,1.54,14.46,69.67,2.73,63.04,2.49,90.48,5.81,65.31,11.49,77.84,1.07,55.56,18.61,14.23,0.03,0.36,0.12,0.0,0.06,100.0,0.24,1.66,53.57,1.9,43.75,0.12,50.0,0.24,0.59,2.07,80.0,0,,0,,0,0.0,0.0,0.0,,,0.0,,,0.0,0.0,0.0,0.06,0,0.0
C. Ortiz,Nacional Asunción,Pachuca,"LCMF, DMF, LDMF",37,500000,,14,782,0,0.15,0,0.15,18.18,44.3,Paraguay,Paraguay,left,175,70,no,10.82,10.01,56.32,2.99,30.77,0.12,0.15,0.35,5.06,6.44,2.42,3,0.35,0,0.0,0.12,0.0,0,0.0,0.02,0,0.0,3,0.35,0.0,0.0,0.0,0.23,0.0,0.23,0.0,0.0,0.0,0.0,0.35,33.33,2.88,28.0,0.46,0.23,0.0,23.71,0.0,0.69,41.2,87.43,12.31,79.44,5.64,95.92,17.38,90.07,37.86,90.27,3.11,59.26,17.63,23.47,0.02,0.35,0.0,0.0,0.12,0.0,0.0,6.56,70.18,0.46,0.0,0.46,25.0,0.23,0.0,6.79,79.66,0,,0,,0,0.0,0.0,0.0,,,0.58,,,0.0,0.0,0.0,0.0,0,0.0
U. García,Atlético Morelia,Atlético de San Luis,"LB, CF",24,500000,,6,230,0,0.12,0,0.0,14.09,50.0,Mexico,Mexico,left,186,80,no,3.91,3.13,50.0,5.48,35.71,0.0,0.0,0.39,2.35,3.46,0.39,1,0.39,0,0.0,1.57,0.0,0,0.0,0.05,0,0.0,2,0.78,50.0,0.0,0.0,1.96,20.0,1.96,20.0,0.0,0.0,0.0,1.17,66.67,3.91,60.0,1.57,1.96,1.96,19.17,2.35,1.17,27.0,79.71,7.04,66.67,5.87,93.33,9.0,78.26,23.09,89.83,1.96,20.0,17.51,15.07,0.0,0.0,0.0,0.0,0.0,0.0,0.0,2.74,57.14,0.78,50.0,0.0,0.0,0.0,0.39,5.09,61.54,0,,0,,0,0.0,0.0,0.0,,,0.0,,,0.0,0.0,0.0,0.0,0,0.0
D. Urtiaga,Inter Toronto,Atlético de San Luis,GK,27,500000,,10,1013,0,0.06,0,0.0,0.71,87.5,Mexico,Mexico,right,186,81,yes,0.71,0.09,0.0,0.44,100.0,0.0,0.0,0.0,0.71,0.89,0.0,2,0.18,0,0.0,0.0,0.0,0,0.0,0.01,0,0.0,1,0.09,0.0,0.0,0.0,0.0,0.0,0.0,0.0,0.0,0.0,0.0,0.0,0.0,0.09,100.0,0.09,0.0,0.0,11.11,0.0,0.18,16.35,85.87,9.33,78.1,0.0,0.0,6.31,95.77,11.99,97.78,4.35,53.06,27.38,43.35,0.0,0.0,0.0,0.0,0.0,0.0,0.0,0.71,37.5,0.09,100.0,0.0,0.0,0.09,0.0,3.11,51.43,16,1.42,57,5.06,3,71.93,18.72,1.66,2.72,0.242,0.0,0.89,0.44,,,,0.0,0,0.0
J. González,Cartaginés,Atlético de San Luis,CF,27,500000,2026-12-31,8,223,0,0.36,0,0.0,22.2,30.91,Mexico,Mexico,left,186,72,no,4.84,3.63,66.67,5.65,14.29,0.4,0.64,0.0,2.02,3.19,2.83,1,0.4,0,0.0,0.81,0.0,0,0.0,0.15,0,0.0,2,0.81,50.0,0.0,0.0,0.81,0.0,0.81,0.0,0.0,0.0,0.0,1.61,25.0,9.69,25.0,2.02,0.0,0.4,9.69,2.83,1.21,13.72,76.47,1.61,50.0,5.25,84.62,2.42,83.33,12.51,83.87,0.4,0.0,17.45,2.36,0.0,0.0,0.0,0.0,0.0,0.0,0.0,0.4,100.0,0.0,0.0,0.0,0.0,0.0,0.0,0.81,0.0,0,,0,,0,0.0,0.0,0.0,,,0.0,,,0.0,0.0,0.0,0.0,0,0.0
B. Vázquez,Tlaxcala,Querétaro,"RB, LB",28,500000,,3,59,0,0.0,0,0.0,16.78,72.73,Mexico,Mexico,right,180,78,no,12.2,10.68,85.71,1.53,0.0,0.0,0.0,0.0,3.05,3.33,0.0,0,0.0,0,0.0,0.0,0.0,0,0.0,0.0,0,0.0,0,0.0,0.0,0.0,0.0,0.0,0.0,0.0,0.0,0.0,0.0,0.0,1.53,0.0,4.58,66.67,0.0,0.0,0.0,12.2,1.53,1.53,18.31,75.0,12.2,62.5,3.05,100.0,3.05,100.0,15.25,80.0,3.05,50.0,15.74,6.96,0.0,0.0,0.0,0.0,0.0,0.0,0.0,3.05,50.0,0.0,0.0,0.0,0.0,0.0,0.0,6.1,75.0,0,,0,,0,0.0,0.0,0.0,,,1.53,,,0.0,0.0,0.0,0.0,0,0.0
J. Vega,Club Tijuana,Club Tijuana,LB,26,500000,,8,431,0,0.27,0,0.29,16.08,46.75,Mexico,Mexico,left,173,68,no,7.94,8.35,55.0,1.67,50.0,0.42,0.59,0.0,2.92,4.16,1.25,1,0.21,0,0.0,2.71,0.0,0,0.0,0.06,0,0.0,5,1.04,40.0,0.0,0.0,5.22,32.0,5.22,32.0,0.0,0.0,0.42,1.67,37.5,3.97,36.84,0.42,2.71,0.0,22.76,2.51,0.0,29.23,70.0,13.57,70.77,3.55,88.24,7.73,64.86,22.55,82.41,1.46,14.29,17.14,15.81,0.06,0.42,0.0,0.0,0.0,0.0,0.0,5.64,62.96,5.22,36.0,0.42,0.0,0.21,1.67,6.47,83.87,0,,0,,0,0.0,0.0,0.0,,,0.0,,,0.42,0.0,0.0,0.42,0,0.0
V. Loroña,Tigres UANL,Santos Laguna,RB,27,500000,,11,412,0,0.09,1,0.43,16.82,49.35,Mexico,Mexico,right,180,78,no,6.77,6.99,56.25,4.15,47.37,0.44,0.65,0.22,2.4,3.55,0.87,2,0.44,0,0.0,2.4,0.0,0,0.0,0.02,0,0.0,2,0.44,50.0,0.0,0.22,1.75,50.0,0.0,0.0,1.75,50.0,0.0,1.09,100.0,3.5,50.0,0.66,1.31,0.22,32.33,1.97,0.22,41.72,87.43,16.17,83.78,6.99,93.75,9.61,88.64,37.79,91.33,2.18,50.0,17.46,17.97,0.09,0.87,0.0,0.0,0.22,100.0,0.44,5.02,91.3,1.31,66.67,0.0,0.0,0.0,0.87,8.96,78.05,0,,0,,0,0.0,0.0,0.0,,,0.66,,,0.0,0.0,0.0,0.0,0,0.0
S. Saucedo,Birmingham Legion,Juárez,LW,29,500000,2026-11-30,17,900,1,1.07,0,0.42,18.3,53.01,United States,"United States, Mexico",right,173,70,no,5.7,5.4,70.37,1.5,26.67,0.1,0.13,0.0,1.8,2.26,0.6,3,0.3,1,0.1,3.5,0.1,1,0.1,0.11,0,0.0,23,2.3,30.43,4.348,0.0,1.2,16.67,0.8,12.5,0.4,25.0,0.2,3.6,69.44,9.7,52.58,1.6,1.7,0.4,19.9,1.4,3.2,25.1,82.07,4.9,69.39,6.0,96.67,9.8,80.61,22.0,86.36,1.9,73.68,19.35,23.87,0.04,0.5,0.0,0.0,0.3,33.33,0.3,3.0,80.0,1.2,33.33,0.2,50.0,0.4,0.4,3.4,70.59,0,,0,,0,0.0,0.0,0.0,,,0.0,,,1.0,0.3,33.33,1.9,0,0.0
C. Robles,CA La Paz,Atlas,"RCB, LCB",26,500000,,15,1124,2,1.46,0,0.04,15.93,73.37,Mexico,Mexico,right,181,78,no,9.69,7.13,82.02,5.44,63.24,0.24,0.31,0.88,3.6,4.61,0.72,1,0.08,0,0.0,0.32,0.16,2,0.16,0.12,0,0.0,6,0.48,50.0,33.333,0.0,0.0,0.0,0.0,0.0,0.0,0.0,0.0,0.08,100.0,0.88,72.73,0.56,0.64,0.0,24.42,0.4,0.64,34.67,90.53,13.13,83.54,2.16,96.3,15.45,95.34,30.03,94.4,4.64,65.52,21.67,31.45,0.0,0.08,0.0,0.08,0.08,0.0,0.08,4.56,71.93,0.56,42.86,0.48,50.0,0.08,0.0,6.41,82.5,0,,0,,0,0.0,0.0,0.0,,,1.44,,,0.0,0.0,0.0,0.0,0,0.0
J. Alcantar,Melgar,Necaxa,LB,22,500000,2026-12-31,5,162,0,0.0,0,0.08,20.0,41.67,Mexico,Mexico,left,191,82,yes,11.67,15.0,40.74,2.22,75.0,0.0,0.0,0.0,5.56,6.98,2.22,0,0.0,0,0.0,0.0,0.0,0,0.0,0.0,0,0.0,0,0.0,0.0,0.0,0.0,0.56,0.0,0.56,0.0,0.0,0.0,0.0,0.56,0.0,1.67,0.0,0.56,0.0,0.0,3.33,0.0,0.0,11.11,55.0,6.11,54.55,1.11,50.0,2.78,60.0,7.22,76.92,3.33,16.67,23.22,31.32,0.04,0.56,0.0,0.0,0.0,0.0,0.0,1.11,0.0,0.0,0.0,0.56,0.0,0.0,0.0,2.78,40.0,0,,0,,0,0.0,0.0,0.0,,,0.56,,,0.0,0.0,0.0,0.0,0,0.0
S. Mariscal,Santos Laguna,Santos Laguna,"DMF, RCMF, LCMF",23,500000,2027-12-01,10,668,0,0.0,0,0.0,11.72,58.62,Mexico,Mexico,right,187,74,no,9.16,6.33,55.32,2.43,61.11,0.4,0.55,0.54,5.25,7.13,1.21,2,0.27,0,0.0,0.13,0.0,0,0.0,0.0,0,0.0,0,0.0,0.0,0.0,0.0,0.0,0.0,0.0,0.0,0.0,0.0,0.0,0.13,0.0,1.48,81.82,0.13,0.27,0.0,34.22,0.4,0.13,48.91,87.6,15.49,78.26,5.12,97.37,21.02,92.31,45.81,90.29,3.1,47.83,16.07,23.51,0.0,0.0,0.13,0.0,0.13,100.0,0.0,5.25,69.23,0.4,66.67,0.4,33.33,0.27,0.0,7.28,57.41,0,,0,,0,0.0,0.0,0.0,,,0.27,,,0.0,0.0,0.0,0.0,0,0.0
Z. Muñoz,Atlético Morelia,Juárez,"LCMF, LDMF",25,500000,,2,49,0,0.0,0,0.0,12.86,14.29,Mexico,Mexico,right,183,73,no,3.67,1.84,100.0,0.0,0.0,0.0,0.0,0.0,1.84,2.73,0.0,0,0.0,0,0.0,0.0,0.0,0,0.0,0.0,0,0.0,0,0.0,0.0,0.0,0.0,1.84,0.0,0.0,0.0,0.0,0.0,1.84,1.84,0.0,7.35,0.0,0.0,3.67,1.84,20.2,1.84,0.0,29.39,87.5,5.51,66.67,3.67,100.0,12.86,85.71,25.71,92.86,1.84,100.0,17.67,19.5,0.0,0.0,0.0,0.0,0.0,0.0,0.0,0.0,0.0,1.84,0.0,0.0,0.0,0.0,0.0,0.0,0.0,0,,0,,0,0.0,0.0,0.0,,,0.0,,,0.0,0.0,0.0,0.0,0,0.0
F. Figueroa,Tlaxcala,Toluca,RW,27,500000,,6,245,0,0.45,0,0.25,30.49,51.81,Mexico,Mexico,left,172,55,no,8.08,6.98,57.89,1.1,0.0,0.73,0.86,0.0,3.31,3.86,1.1,0,0.0,0,0.0,10.29,0.0,0,0.0,0.16,0,0.0,9,3.31,11.11,0.0,0.0,6.24,23.53,0.0,0.0,6.24,23.53,0.73,13.96,60.53,20.94,52.63,2.57,6.24,1.84,17.63,2.2,1.84,26.82,71.23,6.24,82.35,5.14,85.71,11.39,64.52,18.73,90.2,1.84,40.0,19.66,15.26,0.09,1.47,0.0,0.0,0.37,0.0,1.1,2.94,75.0,6.98,42.11,1.84,20.0,1.47,1.47,4.78,92.31,0,,0,,0,0.0,0.0,0.0,,,0.0,,,0.0,0.0,0.0,0.37,0,0.0
J. Perlaza,Barcelona,Querétaro,LB,28,500000,2028-12-31,4,316,0,0.01,0,0.14,16.8,67.8,Ecuador,Ecuador,left,170,71,no,11.96,9.68,70.59,0.85,100.0,0.57,0.72,0.0,4.56,5.78,1.14,2,0.57,0,0.0,1.71,0.0,0,0.0,0.0,0,0.0,1,0.28,0.0,0.0,0.0,1.71,16.67,1.71,16.67,0.0,0.0,0.0,1.71,83.33,4.56,62.5,0.57,0.85,0.0,15.95,0.28,0.57,29.91,71.43,15.38,66.67,3.42,91.67,5.98,71.43,23.35,79.27,5.7,50.0,16.98,25.1,0.04,0.28,0.0,0.0,0.0,0.0,0.0,5.41,57.89,0.85,0.0,0.28,0.0,0.28,0.0,5.98,66.67,0,,0,,0,0.0,0.0,0.0,,,0.0,,,0.57,0.0,0.0,1.99,0,0.0
R. Galindo,Correcaminos UAT,Pumas UNAM,"RCB, LCB",28,500000,,7,222,0,0.0,0,0.0,8.11,55.0,Mexico,Mexico,right,181,73,no,8.51,5.68,57.14,1.62,50.0,0.41,0.53,0.0,4.86,6.32,0.41,0,0.0,0,0.0,0.0,0.0,0,0.0,0.0,0,0.0,0,0.0,0.0,0.0,0.0,0.0,0.0,0.0,0.0,0.0,0.0,0.0,0.0,0.0,0.41,0.0,0.0,1.22,0.0,31.62,0.0,0.0,42.97,89.62,18.24,82.22,0.81,100.0,20.68,94.12,40.14,94.95,2.84,14.29,17.61,23.89,0.0,0.0,0.0,0.0,0.0,0.0,0.0,4.46,81.82,0.81,50.0,0.41,0.0,0.41,0.0,6.89,70.59,0,,0,,0,0.0,0.0,0.0,,,0.81,,,0.0,0.0,0.0,0.0,0,0.0
A. Iniestra,Tlaxcala,Atlético de San Luis,"LDMF, RDMF, LCMF",29,500000,,4,55,0,0.0,0,0.04,9.82,33.33,Mexico,Mexico,right,178,78,no,11.45,3.27,50.0,0.0,0.0,3.27,4.62,1.64,6.55,9.23,1.64,0,0.0,0,0.0,0.0,0.0,0,0.0,0.0,0,0.0,0,0.0,0.0,0.0,0.0,0.0,0.0,0.0,0.0,0.0,0.0,0.0,0.0,0.0,4.91,0.0,0.0,0.0,0.0,18.0,0.0,0.0,34.36,95.24,16.36,90.0,8.18,100.0,8.18,100.0,27.82,94.12,6.55,100.0,18.89,25.25,0.06,1.64,0.0,0.0,0.0,0.0,0.0,4.91,66.67,0.0,0.0,0.0,0.0,0.0,0.0,4.91,100.0,0,,0,,0,0.0,0.0,0.0,,,1.64,,,0.0,0.0,0.0,0.0,0,0.0
C. Sánchez,Pachuca,Pachuca,RB,24,450000,2030-06-30,11,722,0,0.04,0,0.9,21.57,54.91,Mexico,Mexico,right,170,63,no,9.72,8.6,56.52,1.99,50.0,0.12,0.2,0.12,4.74,7.7,1.12,2,0.25,0,0.0,3.74,0.0,0,0.0,0.01,0,0.0,2,0.25,50.0,0.0,0.0,3.99,25.0,0.0,0.0,3.99,25.0,1.12,3.61,65.52,8.35,56.72,0.37,3.24,1.0,25.43,2.99,1.87,37.89,76.97,16.7,75.37,3.74,90.0,12.71,76.47,29.17,88.46,4.74,50.0,20.36,28.52,0.11,0.75,0.0,0.0,0.25,100.0,0.62,6.86,70.91,3.86,38.71,0.62,60.0,0.62,1.0,9.72,79.49,0,,0,,0,0.0,0.0,0.0,,,0.5,,,0.0,0.0,0.0,0.0,0,0.0
A. Aldrete,,Pumas UNAM,"LB, LCB",38,400000,,35,2357,0,0.2,1,3.2,11.99,57.32,Mexico,Mexico,left,177,76,no,8.36,6.45,57.99,2.56,67.16,0.42,0.58,0.08,4.2,5.76,0.53,5,0.19,0,0.0,0.88,0.0,0,0.0,0.01,0,0.0,7,0.27,28.57,0.0,0.04,1.79,36.17,1.76,36.96,0.04,0.0,0.27,0.23,50.0,1.3,44.12,0.23,0.23,0.04,23.33,0.65,0.38,34.06,79.48,16.8,73.64,2.71,90.14,11.15,84.59,25.39,87.82,6.91,59.67,22.01,37.96,0.12,1.15,0.0,0.04,0.04,100.0,0.15,6.83,70.95,2.1,38.18,0.5,46.15,0.27,0.69,9.2,77.59,0,,0,,0,0.0,0.0,0.0,,,0.53,,,1.37,0.08,50.0,1.6,0,0.0
J. Chancellor,Universidad Católica,Necaxa,"RCB, LCB",34,400000,,5,435,0,0.0,0,0.0,13.45,58.46,Venezuela,Venezuela,right,197,88,no,9.72,6.83,57.58,2.69,69.23,0.21,0.22,0.21,5.59,5.91,0.62,0,0.0,0,0.0,0.21,0.0,0,0.0,0.0,0,0.0,0,0.0,0.0,0.0,0.0,0.21,0.0,0.0,0.0,0.21,0.0,0.0,0.41,50.0,1.03,20.0,0.21,0.41,0.41,15.52,0.0,0.0,28.55,84.06,12.41,75.0,0.62,100.0,13.45,90.77,23.79,91.3,4.76,47.83,21.02,41.94,0.0,0.21,0.0,0.0,0.0,0.0,0.0,4.34,57.14,0.0,0.0,0.0,0.0,0.0,0.0,5.59,62.96,0,,0,,0,0.0,0.0,0.0,,,0.21,,,0.0,0.0,0.0,0.0,0,0.0
J. Castro,Atlético Ottawa,Atlético de San Luis,RCMF,34,400000,2026-12-31,23,717,1,0.36,1,0.26,15.94,46.46,Mexico,Mexico,right,165,69,no,6.03,4.64,59.46,1.38,27.27,0.5,0.66,0.25,2.76,3.65,0.88,1,0.13,0,0.0,1.38,0.13,1,0.13,0.05,0,0.0,7,0.88,42.86,14.286,0.13,0.38,66.67,0.0,0.0,0.38,66.67,0.0,1.88,40.0,7.28,43.1,0.75,2.64,1.13,25.73,1.0,2.13,33.26,93.58,7.15,87.72,6.9,96.36,12.18,95.88,32.01,94.51,0.88,71.43,15.89,9.32,0.03,0.5,0.13,0.13,0.0,0.0,0.13,3.39,96.3,0.38,66.67,0.0,0.0,0.38,0.13,2.51,85.0,0,,0,,0,0.0,0.0,0.0,,,0.25,,,0.0,0.0,0.0,1.38,0,0.0
H. Rodríguez,,Santos Laguna,"LCB, RCB",36,400000,,10,652,0,0.33,0,0.0,10.08,53.42,Mexico,Mexico,right,183,76,no,8.01,4.83,68.57,2.48,38.89,0.55,0.65,0.69,4.14,4.86,1.1,2,0.28,0,0.0,0.14,0.0,0,0.0,0.05,0,0.0,3,0.41,33.33,0.0,0.0,0.0,0.0,0.0,0.0,0.0,0.0,0.0,0.0,0.0,0.55,50.0,0.55,0.14,0.0,23.88,0.55,0.14,32.16,85.84,12.29,73.03,0.97,100.0,15.87,97.39,27.33,92.93,4.83,45.71,22.53,28.96,0.0,0.0,0.14,0.0,0.0,0.0,0.0,2.48,61.11,0.28,0.0,0.41,0.0,0.0,0.0,5.25,55.26,0,,0,,0,0.0,0.0,0.0,,,0.83,,,0.0,0.0,0.0,0.0,0,0.0
R. Godínez,,Club Tijuana,"CB, LCB",33,400000,,9,263,0,0.0,0,0.02,15.74,58.7,Mexico,Mexico,right,180,75,no,9.58,7.53,72.73,4.79,42.86,0.68,0.83,0.68,3.42,4.17,1.03,1,0.34,0,0.0,0.34,0.0,0,0.0,0.0,0,0.0,0,0.0,0.0,0.0,0.0,0.34,100.0,0.0,0.0,0.0,0.0,0.0,0.0,0.0,1.03,66.67,0.0,1.03,0.0,26.69,0.0,1.03,35.93,90.48,15.06,81.82,1.71,100.0,14.03,97.56,30.46,95.51,5.13,60.0,18.95,23.32,0.01,0.34,0.0,0.0,0.0,0.0,0.0,4.79,71.43,0.34,100.0,0.0,0.0,0.0,0.34,6.84,85.0,0,,0,,0,0.0,0.0,0.0,,,0.68,,,0.0,0.0,0.0,0.0,0,0.0
G. Carabajal,San Martín Tucumán,Puebla,"CF, AMF, LW",35,400000,2026-12-31,15,626,0,0.69,1,0.93,16.53,53.04,Argentina,Argentina,right,178,75,no,4.17,3.74,61.54,1.15,62.5,0.43,0.59,0.0,1.44,1.96,1.01,4,0.58,1,0.14,3.31,0.0,0,0.0,0.1,0,0.0,21,3.02,19.05,0.0,0.14,1.87,61.54,1.01,57.14,0.72,60.0,0.14,2.16,60.0,8.19,50.88,1.29,1.44,0.58,24.73,1.44,1.73,33.93,81.36,9.49,62.12,6.61,95.65,14.52,87.13,28.32,84.77,3.74,65.38,22.14,34.44,0.13,1.29,0.0,0.0,1.15,25.0,0.58,7.04,69.39,2.73,57.89,1.73,16.67,0.58,1.15,6.61,82.61,0,,0,,0,0.0,0.0,0.0,,,0.0,,,1.01,0.43,33.33,3.02,0,0.0
L. Fuentes,,América,LB,39,400000,,28,1978,0,0.43,0,0.5,12.01,52.27,Mexico,Mexico,left,172,67,no,6.96,5.32,60.68,2.73,43.33,0.05,0.06,0.32,3.69,4.65,0.68,1,0.05,0,0.0,0.86,0.0,0,0.0,0.02,0,0.0,7,0.32,14.29,0.0,0.0,1.5,27.27,1.5,27.27,0.0,0.0,0.23,0.86,47.37,2.23,42.86,0.59,0.86,0.27,34.22,1.82,0.73,43.5,88.08,19.57,84.19,4.6,99.01,12.15,88.01,38.22,93.33,3.91,56.98,17.07,27.92,0.02,0.23,0.05,0.05,0.05,0.0,0.09,5.05,77.48,1.46,46.88,0.09,0.0,0.32,0.55,7.92,74.14,0,,0,,0,0.0,0.0,0.0,,,0.68,,,0.0,0.0,0.0,0.0,0,0.0
N. Vidrio,,Mazatlán,LCB,37,400000,,4,330,0,0.0,0,0.0,13.91,58.82,Mexico,Mexico,right,182,73,no,10.64,3.82,64.29,4.64,58.82,0.82,1.0,0.55,7.36,9.0,0.27,0,0.0,0,0.0,0.82,0.0,0,0.0,0.0,0,0.0,0,0.0,0.0,0.0,0.0,0.27,0.0,0.27,0.0,0.0,0.0,0.0,0.82,100.0,0.82,100.0,0.0,0.55,0.0,18.0,0.55,0.55,30.82,85.84,14.45,73.58,2.45,100.0,10.36,97.37,27.0,91.92,3.55,46.15,17.87,26.1,0.0,0.0,0.0,0.0,0.27,0.0,0.0,3.27,83.33,0.27,0.0,0.0,0.0,0.0,0.0,4.91,55.56,0,,0,,0,0.0,0.0,0.0,,,1.64,,,0.0,0.0,0.0,0.0,0,0.0
J. Nevárez,Juárez,Juárez,RB,24,400000,,2,76,0,0.0,0,0.01,17.76,40.0,Mexico,Mexico,right,178,72,no,7.11,9.47,37.5,3.55,33.33,0.0,0.0,1.18,3.55,5.29,2.37,1,1.18,0,0.0,2.37,0.0,0,0.0,0.0,0,0.0,0,0.0,0.0,0.0,0.0,1.18,100.0,0.0,0.0,1.18,100.0,0.0,1.18,100.0,3.55,66.67,0.0,1.18,0.0,30.79,2.37,1.18,35.53,80.0,9.47,62.5,3.55,66.67,16.58,85.71,33.16,82.14,1.18,0.0,18.17,22.83,0.01,1.18,0.0,0.0,0.0,0.0,1.18,2.37,100.0,1.18,100.0,0.0,0.0,0.0,1.18,5.92,60.0,0,,0,,0,0.0,0.0,0.0,,,0.0,,,0.0,0.0,0.0,0.0,0,0.0
R. López,Pachuca,Pachuca,RB,24,400000,,9,630,0,0.13,0,0.28,18.29,52.34,Mexico,Mexico,right,178,76,no,7.86,7.43,57.69,1.86,38.46,0.57,0.74,0.29,3.0,3.87,0.57,0,0.0,0,0.0,5.29,0.0,0,0.0,0.02,0,0.0,3,0.43,66.67,0.0,0.0,5.0,42.86,0.0,0.0,5.0,42.86,0.43,4.71,57.58,7.29,52.94,0.86,1.57,0.86,22.43,3.14,1.14,32.57,73.68,11.86,67.47,5.29,97.3,10.0,67.14,24.0,86.9,3.71,30.77,20.15,31.82,0.04,0.71,0.0,0.0,0.14,100.0,0.29,3.14,59.09,4.29,50.0,0.14,100.0,0.57,2.43,7.71,74.07,0,,0,,0,0.0,0.0,0.0,,,0.86,,,0.0,0.0,0.0,0.14,0,0.0
P. Yrizar,,Querétaro,"RW, CF",28,400000,,2,32,0,0.0,0,0.0,,,Mexico,Mexico,right,184,68,no,,,,,,,0.0,,,3.75,,0,,0,,,,0,,,0,,0,,,0.0,,,,,,,,,,,,,,,,,,,,,,,,,,,,,,,3.91,0.0,,,,,,,,,,,,,,,,,,0,,0,,0,0.0,0.0,,,,,,,,,,,0,0.0
J. González,Alacranes de Durango,Santos Laguna,"LW, LAMF, RW",24,400000,,18,580,0,0.55,0,0.41,20.79,41.04,Mexico,Mexico,right,173,66,no,6.52,6.98,53.33,1.4,11.11,0.16,0.18,0.16,2.64,3.13,1.09,2,0.31,0,0.0,2.79,0.0,0,0.0,0.09,0,0.0,5,0.78,20.0,0.0,0.0,1.4,33.33,0.78,20.0,0.47,33.33,0.16,4.03,53.85,10.24,39.39,1.24,2.48,1.24,14.9,0.78,2.95,18.93,75.41,4.5,62.07,4.97,96.88,5.28,67.65,15.21,83.67,2.33,46.67,19.2,22.74,0.06,0.62,0.0,0.0,0.0,0.0,0.78,1.55,40.0,1.71,36.36,0.16,0.0,0.31,0.47,2.33,66.67,0,,0,,0,0.0,0.0,0.0,,,0.16,,,0.0,0.0,0.0,0.0,0,0.0
A. Mejía,América,Club Tijuana,"RB, LB",25,400000,,11,787,0,0.07,0,0.25,18.87,60.0,Mexico,Mexico,right,173,67,no,10.06,9.38,80.49,3.89,41.18,0.23,0.27,0.0,2.29,2.65,0.46,1,0.11,0,0.0,1.49,0.0,0,0.0,0.01,0,0.0,4,0.46,0.0,0.0,0.0,1.94,11.76,0.34,0.0,1.6,14.29,0.11,1.94,64.71,3.89,50.0,0.69,1.72,0.34,19.33,1.37,0.23,27.22,78.15,10.64,73.12,5.15,97.78,8.12,73.24,21.84,86.39,3.66,59.38,19.15,23.96,0.03,0.57,0.0,0.0,0.11,0.0,0.11,4.57,82.5,1.83,18.75,0.23,0.0,0.11,0.23,5.95,71.15,0,,0,,0,0.0,0.0,0.0,,,0.23,,,0.0,0.0,0.0,0.0,0,0.0
I. Vázquez,CA La Paz,Puebla,LB,25,400000,,3,155,0,0.0,0,0.0,17.42,30.0,Mexico,Mexico,left,175,71,no,4.06,7.55,23.08,0.58,0.0,0.0,0.0,0.0,2.32,2.67,1.16,0,0.0,0,0.0,1.74,0.0,0,0.0,0.0,0,0.0,0,0.0,0.0,0.0,0.0,2.32,0.0,2.32,0.0,0.0,0.0,0.58,4.06,42.86,8.13,35.71,0.58,2.32,1.74,23.81,1.16,0.0,35.42,73.77,16.26,64.29,8.13,92.86,7.55,61.54,28.45,85.71,5.23,33.33,19.13,33.98,0.0,0.0,0.0,0.0,0.0,0.0,0.0,3.48,66.67,2.32,0.0,0.0,0.0,0.0,0.0,9.29,62.5,0,,0,,0,0.0,0.0,0.0,,,0.58,,,0.0,0.0,0.0,0.0,0,0.0
B. Díaz,Juárez,Juárez,GK,27,400000,,4,423,0,0.0,0,0.0,0.21,100.0,United States,"United States, Mexico",left,187,83,no,1.28,0.21,100.0,0.0,0.0,0.0,0.0,0.0,1.06,1.52,0.0,1,0.21,0,0.0,0.0,0.0,0,0.0,0.0,0,0.0,0,0.0,0.0,0.0,0.0,0.0,0.0,0.0,0.0,0.0,0.0,0.0,0.0,0.0,0.0,0.0,0.0,0.0,0.0,10.43,1.49,0.0,14.89,81.43,9.36,75.0,0.0,0.0,4.89,91.3,9.15,100.0,5.74,51.85,34.76,51.81,0.0,0.0,0.0,0.0,0.0,0.0,0.0,2.55,58.33,0.0,0.0,0.21,0.0,0.0,0.0,5.32,76.0,7,1.49,16,3.4,0,56.25,5.17,1.1,-1.83,-0.389,0.0,0.21,0.0,,,,0.0,0,0.0
A. Hernández,,Club Tijuana,LB,31,400000,,1,22,0,0.0,0,0.0,,,Mexico,Mexico,left,169,62,no,,,,,,,7.5,,,7.5,,1,,0,,,,0,,,0,,0,,,0.0,,,,,,,,,,,,,,,,,,,,,,,,,,,,,,,17.28,0.0,,,,,,,,,,,,,,,,,,0,,0,,0,0.0,0.0,,,,,,,,,,,0,0.0
E. Tercero,Atlante,Tigres UANL,"RCB, RB",30,400000,,6,389,0,0.05,0,0.0,14.81,60.94,Mexico,Mexico,right,182,73,no,11.57,8.79,76.32,3.24,28.57,1.62,2.73,0.0,3.24,5.45,0.93,1,0.23,1,0.23,0.69,0.0,0,0.0,0.01,0,0.0,1,0.23,0.0,0.0,0.0,0.46,50.0,0.0,0.0,0.46,50.0,0.23,0.46,100.0,0.69,100.0,0.0,1.85,0.0,38.41,0.69,0.46,49.05,87.74,20.13,75.86,4.86,100.0,17.58,97.37,45.12,90.26,3.47,60.0,18.6,28.94,0.0,0.0,0.0,0.0,0.0,0.0,0.0,6.48,64.29,1.16,60.0,0.0,0.0,0.23,0.23,8.56,83.78,0,,0,,0,0.0,0.0,0.0,,,2.54,,,0.0,0.0,0.0,0.0,0,0.0
L. Sepúlveda,Guadalajara,Guadalajara,"LB, LCB, CB",25,400000,,8,465,0,0.0,0,0.0,13.94,50.0,United States,"United States, Mexico",left,185,74,no,7.94,8.9,56.52,0.77,75.0,0.19,0.22,0.39,2.71,3.11,1.35,1,0.19,1,0.19,0.58,0.0,0,0.0,0.0,0,0.0,0,0.0,0.0,0.0,0.0,0.39,100.0,0.39,100.0,0.0,0.0,0.0,0.77,25.0,1.74,22.22,0.0,0.19,0.0,25.35,0.97,0.0,34.65,84.92,13.55,72.86,3.87,100.0,12.19,93.65,30.0,90.32,4.26,45.45,17.01,30.26,0.0,0.0,0.0,0.0,0.19,0.0,0.0,4.65,62.5,0.58,100.0,0.19,0.0,0.19,0.39,7.16,67.57,0,,0,,0,0.0,0.0,0.0,,,0.58,,,0.0,0.0,0.0,0.0,0,0.0
A. Álvarez,Toluca,Necaxa,LB,23,400000,2027-06-30,1,11,0,0.0,0,0.1,,,Mexico,Mexico,left,168,69,no,,,,,,,0.0,,,15.0,,0,,0,,,,0,,,0,,0,,,0.0,,,,,,,,,,,,,,,,,,,,,,,,,,,,,,,22.79,40.13,,,,,,,,,,,,,,,,,,0,,0,,0,0.0,0.0,,,,,,,,,,,0,0.0
D. Zago,,Puebla,RCMF,24,400000,,2,112,0,0.0,0,0.0,16.07,50.0,Mexico,Mexico,right,169,68,no,9.64,11.25,57.14,0.8,0.0,0.0,0.0,0.0,3.21,5.22,0.8,0,0.0,0,0.0,0.8,0.0,0,0.0,0.0,0,0.0,1,0.8,0.0,0.0,0.0,0.0,0.0,0.0,0.0,0.0,0.0,0.0,0.0,0.0,2.41,33.33,0.0,0.8,0.0,22.5,0.0,0.0,34.55,79.07,10.45,61.54,3.21,100.0,14.46,88.89,33.75,80.95,0.8,0.0,8.54,24.99,0.0,0.0,0.0,0.0,0.8,100.0,0.0,7.23,66.67,0.0,0.0,0.0,0.0,0.0,0.0,4.02,40.0,0,,0,,0,0.0,0.0,0.0,,,0.0,,,0.0,0.0,0.0,0.0,0,0.0
H. Holguín,Santos Laguna,Santos Laguna,GK,25,400000,2026-12-31,4,280,0,0.0,0,0.0,0.32,100.0,United States,"United States, Mexico",right,180,68,no,0.64,0.0,0.0,0.32,100.0,0.0,0.0,0.0,0.64,0.74,0.0,1,0.32,0,0.0,0.0,0.0,0,0.0,0.0,0,0.0,0,0.0,0.0,0.0,0.0,0.0,0.0,0.0,0.0,0.0,0.0,0.0,0.0,0.0,0.0,0.0,0.0,0.0,0.0,7.71,0.32,0.0,11.57,86.11,8.36,80.77,0.0,0.0,2.89,100.0,6.43,100.0,5.14,68.75,21.93,36.54,0.0,0.0,0.0,0.0,0.0,0.0,0.0,1.61,100.0,0.0,0.0,0.0,0.0,0.0,0.0,4.82,80.0,5,1.61,18,5.79,0,72.22,6.41,2.06,1.41,0.453,0.0,1.29,0.32,,,,0.0,0,0.0
A. Mora,Atlas,Toluca,LCB,28,400000,2026-12-31,6,262,0,0.0,0,0.0,7.9,78.26,Mexico,Mexico,left,192,90,yes,9.27,4.81,92.86,2.06,33.33,0.0,0.0,1.37,4.81,6.46,0.0,1,0.34,0,0.0,0.0,0.0,0,0.0,0.0,0,0.0,0,0.0,0.0,0.0,0.0,0.0,0.0,0.0,0.0,0.0,0.0,0.0,0.0,0.0,0.34,100.0,0.0,0.0,0.0,35.38,0.69,0.34,42.94,91.2,14.77,81.4,3.09,100.0,20.95,95.08,38.82,93.81,4.12,66.67,19.06,34.21,0.0,0.0,0.0,0.0,0.0,0.0,0.0,2.06,50.0,0.34,0.0,0.34,0.0,0.0,0.0,6.18,77.78,0,,0,,0,0.0,0.0,0.0,,,2.4,,,0.0,0.0,0.0,0.0,0,0.0
I. Tona,Club Tijuana,Club Tijuana,"RCMF, LCMF, LAMF",26,400000,2027-06-30,15,571,0,0.57,0,0.11,23.8,47.68,Mexico,Mexico,right,176,69,no,7.41,7.57,54.17,2.84,55.56,0.16,0.23,0.16,3.15,4.58,1.42,2,0.32,0,0.0,2.68,0.0,0,0.0,0.09,0,0.0,16,2.52,18.75,0.0,0.0,1.1,28.57,0.32,50.0,0.79,20.0,0.0,3.63,47.83,9.3,35.59,0.79,2.05,0.63,27.11,0.47,0.63,42.87,85.29,11.82,70.67,5.2,96.97,19.39,93.5,36.41,90.04,5.36,64.71,18.9,29.98,0.02,0.47,0.0,0.0,0.16,100.0,0.16,7.57,72.92,1.89,58.33,0.47,33.33,1.1,0.32,6.78,76.74,0,,0,,0,0.0,0.0,0.0,,,0.79,,,0.79,0.16,0.0,0.16,0,0.0
S. Naveda,América,América,"LCMF, RCMF",25,400000,2026-12-31,17,522,0,0.14,0,0.0,13.45,56.41,Mexico,Mexico,right,178,77,no,7.24,5.86,58.82,2.93,47.06,0.69,0.77,0.86,3.1,3.46,0.86,2,0.34,0,0.0,0.69,0.0,0,0.0,0.02,0,0.0,4,0.69,0.0,0.0,0.0,0.52,0.0,0.17,0.0,0.34,0.0,0.0,0.69,100.0,1.72,70.0,0.52,0.52,0.52,21.72,0.52,1.03,31.55,81.42,10.0,60.34,5.0,96.55,10.17,91.53,28.97,85.12,2.07,50.0,18.47,14.36,0.0,0.0,0.0,0.0,0.0,0.0,0.0,2.24,61.54,0.86,40.0,0.17,0.0,0.34,0.0,4.14,62.5,0,,0,,0,0.0,0.0,0.0,,,0.52,,,0.0,0.0,0.0,0.0,0,0.0
V. López,Atlético Morelia,Monterrey,"LW, RW",23,400000,,15,460,3,0.77,0,0.56,22.7,34.48,Mexico,Mexico,left,167,67,no,6.26,6.65,55.88,1.96,20.0,0.59,0.76,0.0,1.96,2.54,0.39,1,0.2,0,0.0,3.13,0.59,3,0.59,0.15,1,0.2,11,2.15,45.45,27.273,0.0,1.37,28.57,1.17,33.33,0.2,0.0,0.2,4.5,34.78,11.54,28.81,1.17,2.35,0.78,23.48,0.39,0.98,31.3,86.25,6.07,83.87,6.85,97.14,10.37,84.91,27.78,90.85,2.54,53.85,16.01,17.02,0.11,1.17,0.0,0.0,0.39,50.0,0.59,3.33,88.24,1.76,66.67,0.59,33.33,1.17,0.39,3.91,85.0,0,,0,,0,0.0,0.0,0.0,,,0.2,,,0.39,0.0,0.0,0.0,0,0.0
L. Sánchez,Atlante,Mazatlán,"LCB, LB",26,400000,2027-06-30,7,545,0,0.56,0,0.0,12.72,48.05,Mexico,Mexico,left,182,70,no,7.6,3.96,58.33,4.29,46.15,0.66,0.79,0.33,4.62,5.53,0.66,0,0.0,0,0.0,0.0,0.0,0,0.0,0.09,0,0.0,1,0.17,0.0,0.0,0.0,0.17,0.0,0.17,0.0,0.0,0.0,0.0,0.83,0.0,2.15,15.38,0.33,0.83,0.17,23.12,0.66,0.66,33.52,87.68,13.38,80.25,3.47,90.48,13.38,95.06,29.72,92.22,3.63,54.55,18.69,29.56,0.0,0.0,0.0,0.0,0.0,0.0,0.0,2.97,83.33,0.17,0.0,0.17,0.0,0.17,0.0,7.6,67.39,0,,0,,0,0.0,0.0,0.0,,,2.15,,,0.0,0.0,0.0,0.0,0,0.0
Edson Gutiérrez,Dorados,Monterrey,"RCB, RB",30,400000,,8,530,0,0.0,0,0.0,13.08,55.84,Mexico,Mexico,right,171,70,no,9.51,6.62,71.79,2.72,43.75,0.0,0.0,1.02,4.75,6.51,0.85,1,0.17,0,0.0,0.0,0.0,0,0.0,0.0,0,0.0,0,0.0,0.0,0.0,0.0,0.68,0.0,0.0,0.0,0.68,0.0,0.17,0.34,0.0,1.87,36.36,0.51,1.36,0.0,30.57,0.17,0.51,38.55,86.78,11.89,74.29,5.77,100.0,15.79,91.4,35.32,89.42,2.72,68.75,19.3,24.41,0.0,0.0,0.0,0.0,0.0,0.0,0.0,2.55,60.0,0.34,50.0,0.17,0.0,0.17,0.17,4.25,52.0,0,,0,,0,0.0,0.0,0.0,,,2.72,,,0.0,0.0,0.0,0.0,0,0.0
L. Cárdenas,Monterrey,Monterrey,GK,32,400000,2028-06-30,2,199,0,0.0,0,0.0,1.81,100.0,Mexico,Mexico,right,183,84,no,3.62,0.45,100.0,0.9,100.0,0.0,0.0,0.0,3.17,5.68,0.0,0,0.0,0,0.0,0.0,0.0,0,0.0,0.0,0,0.0,0,0.0,0.0,0.0,0.0,0.0,0.0,0.0,0.0,0.0,0.0,0.0,0.0,0.0,0.0,0.0,0.0,0.0,0.0,24.42,1.36,0.0,38.44,94.12,20.35,91.11,0.0,0.0,15.83,100.0,31.21,100.0,7.24,68.75,23.71,37.2,0.0,0.0,0.0,0.0,0.0,0.0,0.0,0.45,100.0,0.0,0.0,0.0,0.0,0.0,0.0,4.97,63.64,2,0.9,11,4.97,1,81.82,2.06,0.93,0.06,0.027,0.0,0.9,0.9,,,,0.0,0,0.0
J. Madueña,,Mazatlán,RB,36,350000,,24,1431,1,0.38,0,0.96,13.65,53.92,Mexico,Mexico,right,172,70,no,7.42,6.04,58.33,2.01,68.75,0.0,0.0,0.13,3.9,5.04,1.32,2,0.13,1,0.06,1.45,0.06,1,0.06,0.02,0,0.0,6,0.38,50.0,16.667,0.0,1.26,40.0,0.0,0.0,1.26,40.0,0.13,1.38,54.55,3.77,53.33,0.75,0.88,0.31,24.09,1.57,1.45,32.58,85.33,11.38,75.14,5.03,97.5,11.01,90.86,29.31,89.48,2.01,53.13,17.43,19.58,0.06,0.5,0.0,0.0,0.0,0.0,0.19,3.46,81.82,1.07,47.06,0.13,0.0,0.06,0.5,6.16,73.47,0,,0,,0,0.0,0.0,0.0,,,0.75,,,0.0,0.0,0.0,0.0,0,0.0
H. Mier,,Guadalajara,CB,36,300000,,1,12,0,0.0,0,0.0,,,Mexico,Mexico,right,182,74,no,,,,,,,0.0,,,20.0,,0,,0,,,,0,,,0,,0,,,0.0,,,,,,,,,,,,,,,,,,,,,,,,,,,,,,,0.0,0.0,,,,,,,,,,,,,,,,,,0,,0,,0,0.0,0.0,,,,,,,,,,,0,0.0
E. Hernández,,León,"LWB, LW",38,300000,,28,1694,0,1.33,6,3.01,11.95,41.78,Mexico,Mexico,right,172,69,no,4.83,3.77,67.61,0.74,14.29,0.0,0.0,0.05,2.28,3.19,0.21,3,0.16,0,0.0,3.19,0.0,0,0.0,0.07,0,0.0,27,1.43,22.22,0.0,0.32,3.13,37.29,2.44,41.3,0.64,16.67,0.37,2.76,53.85,5.95,33.04,1.17,1.38,0.74,26.51,1.97,0.21,36.66,80.29,9.35,72.73,7.76,93.84,13.6,81.64,29.49,86.85,4.3,65.43,19.36,33.28,0.16,1.65,0.16,0.0,0.21,100.0,0.9,4.52,77.65,3.29,48.39,0.64,50.0,0.69,1.17,8.02,74.83,0,,0,,0,0.0,0.0,0.0,,,0.0,,,0.74,0.05,0.0,2.66,0,0.0
A. Blanco,,León,GK,39,300000,,2,212,0,0.0,0,0.0,0.0,0.0,Mexico,Mexico,left,189,85,no,1.7,0.0,0.0,0.0,0.0,0.0,0.0,0.0,1.7,2.73,0.0,0,0.0,0,0.0,0.0,0.0,0,0.0,0.0,0,0.0,0,0.0,0.0,0.0,0.0,0.0,0.0,0.0,0.0,0.0,0.0,0.0,0.0,0.0,0.0,0.0,0.0,0.0,0.0,11.04,0.0,0.0,16.56,94.87,7.64,88.89,0.0,0.0,6.79,100.0,13.58,96.88,2.97,85.71,25.54,48.79,0.0,0.0,0.0,0.0,0.0,0.0,0.0,1.27,66.67,0.0,0.0,0.0,0.0,0.0,0.0,1.7,75.0,2,0.85,12,5.09,0,83.33,3.87,1.64,1.87,0.794,0.0,0.42,0.0,,,,0.0,0,0.0
F. Rodríguez,Tigres UANL,Tigres UANL,GK,37,300000,2027-06-30,13,1260,0,0.0,0,0.0,0.57,75.0,Mexico,Mexico,right,183,83,no,0.71,0.14,50.0,0.21,100.0,0.0,0.0,0.0,0.64,0.94,0.0,0,0.0,0,0.0,0.07,0.0,0,0.0,0.0,0,0.0,0,0.0,0.0,0.0,0.0,0.0,0.0,0.0,0.0,0.0,0.0,0.0,0.07,100.0,0.14,50.0,0.0,0.0,0.0,15.86,0.0,0.0,20.29,84.15,10.5,72.11,0.0,0.0,9.29,98.46,12.21,99.42,7.93,62.16,32.04,46.18,0.0,0.0,0.0,0.0,0.0,0.0,0.0,1.0,71.43,0.07,100.0,0.0,0.0,0.14,0.0,5.64,60.76,19,1.36,59,4.21,2,67.8,18.52,1.32,-0.48,-0.034,0.0,0.71,0.21,,,,0.0,0,0.0
M. Sansores,,Puebla,"CF, LW",35,300000,,25,1236,4,4.33,2,1.56,20.46,36.65,Mexico,Mexico,right,176,73,no,4.81,3.71,60.78,6.33,35.63,1.02,1.31,0.15,1.53,1.96,1.38,4,0.29,1,0.07,1.24,0.29,4,0.29,0.32,1,0.07,17,1.24,52.94,23.529,0.15,1.02,28.57,0.66,33.33,0.36,20.0,0.22,0.66,33.33,6.04,24.1,3.42,0.58,0.22,14.42,1.82,1.31,21.26,75.68,4.73,67.69,4.08,87.5,6.04,75.9,19.44,79.78,0.8,36.36,16.04,12.88,0.11,0.8,0.0,0.0,0.29,25.0,0.36,2.26,58.06,1.31,50.0,0.29,25.0,0.87,0.29,2.62,61.11,0,,0,,0,0.0,0.0,0.0,,,0.0,,,0.0,0.0,0.0,0.0,0,0.0
M. Domínguez,Atlético Morelia,Querétaro,"RW, LCMF, RCMF",26,300000,,6,163,0,0.0,0,0.63,16.56,56.67,Mexico,Mexico,right,160,55,no,3.31,3.31,66.67,0.55,100.0,0.0,0.0,0.0,1.1,1.54,0.55,0,0.0,0,0.0,4.97,0.0,0,0.0,0.0,0,0.0,0,0.0,0.0,0.0,0.0,2.21,0.0,0.55,0.0,1.66,0.0,0.0,7.18,53.85,12.7,52.17,1.1,8.28,4.97,26.5,0.55,2.76,36.44,81.82,16.56,86.67,4.97,100.0,6.07,54.55,32.58,88.14,1.66,66.67,16.37,25.15,0.35,3.31,0.55,0.0,1.1,100.0,0.55,7.18,84.62,6.63,75.0,0.55,100.0,4.97,0.0,7.18,92.31,0,,0,,0,0.0,0.0,0.0,,,0.0,,,1.1,0.0,0.0,1.66,0,0.0
A. Bass,Atlas,Atlas,"RCMF, AMF, LCMF",24,300000,,11,456,0,0.12,0,0.09,18.16,65.22,Mexico,Mexico,right,178,71,no,11.05,7.89,72.5,4.93,56.0,0.59,0.95,0.2,4.74,7.58,1.38,4,0.79,0,0.0,0.59,0.0,0,0.0,0.02,0,0.0,5,0.99,20.0,0.0,0.0,0.39,0.0,0.0,0.0,0.39,0.0,0.0,0.79,50.0,2.96,66.67,0.79,0.99,0.2,22.5,0.79,1.18,35.92,85.16,10.26,71.15,5.33,92.59,14.61,93.24,30.59,90.32,4.93,60.0,17.22,26.95,0.02,0.59,0.0,0.0,0.0,0.0,0.0,6.91,68.57,0.79,25.0,0.2,0.0,0.39,0.0,4.74,83.33,0,,0,,0,0.0,0.0,0.0,,,0.39,,,0.0,0.0,0.0,0.2,0,0.0
J. Gamboa,Piratas FC,Toluca,"RW, RAMF",25,300000,,3,168,0,0.49,0,0.0,18.21,32.35,Mexico,Mexico,right,169,60,no,3.21,4.82,33.33,2.68,20.0,0.0,0.0,0.0,1.61,2.43,0.54,0,0.0,0,0.0,2.14,0.0,0,0.0,0.26,0,0.0,2,1.07,0.0,0.0,0.0,3.21,0.0,0.0,0.0,3.21,0.0,0.54,3.75,57.14,8.57,37.5,4.82,3.75,0.0,19.29,1.61,0.0,24.64,73.91,4.29,87.5,6.43,91.67,8.04,66.67,20.89,87.18,0.54,0.0,22.33,10.7,0.0,0.0,0.0,0.0,0.0,0.0,0.0,1.61,100.0,2.68,60.0,0.0,0.0,3.21,0.54,4.29,50.0,0,,0,,0,0.0,0.0,0.0,,,0.54,,,0.0,0.0,0.0,0.0,0,0.0
D. Parra,Querétaro,Monterrey,LB,27,300000,,1,97,0,0.04,0,0.08,14.85,31.25,Mexico,Mexico,left,182,72,no,7.42,5.57,16.67,2.78,100.0,0.0,0.0,0.0,6.49,11.05,0.93,0,0.0,0,0.0,0.93,0.0,0,0.0,0.04,0,0.0,2,1.86,0.0,0.0,0.0,2.78,0.0,2.78,0.0,0.0,0.0,0.93,1.86,50.0,6.49,14.29,0.93,0.93,0.0,39.9,3.71,0.0,51.03,89.09,18.56,85.0,9.28,100.0,17.63,84.21,46.39,96.0,1.86,50.0,16.97,31.64,0.08,0.93,0.0,0.0,0.0,0.0,0.0,5.57,83.33,3.71,0.0,0.0,0.0,0.93,0.0,6.49,100.0,0,,0,,0,0.0,0.0,0.0,,,1.86,,,0.0,0.0,0.0,0.0,0,0.0
O. Villa,Puebla,León,"LB, LCB",25,300000,2027-06-30,3,63,0,0.05,0,0.0,35.71,60.0,Mexico,Mexico,left,176,68,no,17.14,21.43,66.67,4.29,33.33,1.43,1.88,0.0,1.43,1.88,1.43,0,0.0,0,0.0,2.86,0.0,0,0.0,0.07,0,0.0,1,1.43,0.0,0.0,0.0,1.43,0.0,1.43,0.0,0.0,0.0,0.0,2.86,100.0,7.14,60.0,1.43,2.86,1.43,17.14,0.0,0.0,30.0,80.95,10.0,85.71,7.14,80.0,8.57,66.67,27.14,89.47,2.86,0.0,22.44,45.05,0.0,0.0,0.0,0.0,0.0,0.0,0.0,2.86,100.0,0.0,0.0,0.0,0.0,0.0,0.0,2.86,50.0,0,,0,,0,0.0,0.0,0.0,,,2.86,,,0.0,0.0,0.0,0.0,0,0.0
E. Montejano,,Pumas UNAM,CF,24,250000,,2,59,0,0.0,0,0.0,19.83,7.69,Mexico,Mexico,right,176,74,no,1.53,3.05,50.0,4.58,0.0,0.0,0.0,0.0,0.0,0.0,3.05,0,0.0,0,0.0,0.0,0.0,0,0.0,0.0,0,0.0,0,0.0,0.0,0.0,0.0,0.0,0.0,0.0,0.0,0.0,0.0,0.0,1.53,0.0,10.68,0.0,0.0,0.0,0.0,1.53,0.0,0.0,3.05,50.0,1.53,0.0,0.0,0.0,0.0,0.0,3.05,50.0,0.0,0.0,16.19,0.0,0.0,0.0,0.0,0.0,0.0,0.0,0.0,1.53,0.0,0.0,0.0,0.0,0.0,0.0,0.0,0.0,0.0,0,,0,,0,0.0,0.0,0.0,,,0.0,,,0.0,0.0,0.0,0.0,0,0.0
O. Ustari,,Pachuca,GK,39,225000,,3,311,0,0.0,0,0.0,0.29,0.0,Argentina,"Argentina, Italy",right,190,73,no,2.89,0.29,0.0,0.0,0.0,0.0,0.0,0.0,2.89,4.0,0.0,0,0.0,0,0.0,0.0,0.0,0,0.0,0.0,0,0.0,0,0.0,0.0,0.0,0.0,0.0,0.0,0.0,0.0,0.0,0.0,0.0,0.0,0.0,0.0,0.0,0.0,0.0,0.0,6.37,0.29,0.0,14.18,83.67,9.26,78.13,0.0,0.0,4.92,94.12,7.52,96.15,6.66,69.57,35.77,51.29,0.0,0.0,0.0,0.0,0.0,0.0,0.0,2.89,60.0,0.0,0.0,0.58,50.0,0.0,0.0,5.21,88.89,6,1.74,16,4.63,0,62.5,3.78,1.09,-2.22,-0.642,0.0,0.29,0.0,,,,0.0,0,0.0
A. Talavera,,Juárez,GK,43,200000,,17,1690,0,0.0,0,0.0,0.85,75.0,Mexico,Mexico,right,188,75,no,1.65,0.16,33.33,0.16,66.67,0.0,0.0,0.0,1.6,2.0,0.0,3,0.16,1,0.05,0.05,0.0,0,0.0,0.0,0,0.0,0,0.0,0.0,0.0,0.0,0.0,0.0,0.0,0.0,0.0,0.0,0.0,0.05,100.0,0.43,87.5,0.0,0.0,0.0,11.4,0.48,0.27,18.37,84.64,10.81,74.88,0.0,0.0,6.66,98.4,11.61,96.79,6.76,63.78,32.93,49.9,0.0,0.0,0.0,0.0,0.0,0.0,0.0,1.07,60.0,0.16,33.33,0.05,100.0,0.05,0.0,5.54,71.15,33,1.76,87,4.63,0,62.07,23.59,1.26,-9.41,-0.501,0.0,0.75,0.16,,,,0.0,0,0.0
M. Osuna,,Juárez,"LCMF, RCMF, CF",37,200000,,12,361,0,0.02,0,0.0,15.96,39.06,Mexico,Mexico,right,176,75,no,8.98,7.73,38.71,2.99,50.0,1.25,1.58,0.0,4.74,6.0,2.49,1,0.25,0,0.0,0.25,0.0,0,0.0,0.0,0,0.0,2,0.5,0.0,0.0,0.0,0.0,0.0,0.0,0.0,0.0,0.0,0.0,0.25,100.0,3.24,23.08,0.25,1.0,0.0,25.68,1.25,0.5,38.39,86.36,7.73,70.97,6.98,96.43,16.7,83.58,32.91,90.15,5.48,63.64,19.8,31.53,0.0,0.25,0.0,0.0,0.0,0.0,0.0,6.23,60.0,0.75,33.33,0.25,0.0,0.25,0.0,3.99,75.0,0,,0,,0,0.0,0.0,0.0,,,1.75,,,0.25,0.0,0.0,0.0,0,0.0
Marco García,CA La Paz,Querétaro,"LCMF, RCMF",26,200000,,10,345,0,0.32,1,0.63,15.91,42.62,Mexico,Mexico,right,167,68,no,6.78,6.0,47.83,1.3,20.0,0.26,0.28,0.0,3.65,3.93,0.52,1,0.26,0,0.0,3.13,0.0,0,0.0,0.08,0,0.0,6,1.57,16.67,0.0,0.26,1.3,20.0,0.52,50.0,0.78,0.0,0.0,3.13,75.0,6.26,50.0,0.78,1.3,1.04,21.13,0.26,0.0,31.04,83.19,8.35,71.88,4.96,100.0,12.78,85.71,27.13,88.46,2.61,60.0,19.21,23.08,0.17,1.04,0.26,0.0,0.52,50.0,0.52,6.52,72.0,1.83,42.86,1.57,50.0,1.04,0.26,5.74,81.82,0,,0,,0,0.0,0.0,0.0,,,0.0,,,0.78,0.26,0.0,0.78,0,0.0
R. Martínez,,América,CF,23,200000,,2,145,0,0.26,0,0.1,24.21,25.64,Mexico,Mexico,right,180,89,no,2.48,4.34,28.57,3.1,0.0,0.0,0.0,0.62,1.24,1.71,1.86,0,0.0,0,0.0,1.86,0.0,0,0.0,0.16,0,0.0,2,1.24,100.0,0.0,0.0,0.62,100.0,0.0,0.0,0.62,100.0,0.0,0.62,0.0,9.31,33.33,2.48,0.0,0.0,13.03,1.86,1.24,16.76,88.89,0.62,100.0,7.45,91.67,3.72,83.33,14.9,87.5,1.24,100.0,15.19,22.96,0.06,1.24,0.0,0.0,0.0,0.0,0.0,0.0,0.0,1.24,100.0,0.0,0.0,0.0,0.62,1.86,100.0,0,,0,,0,0.0,0.0,0.0,,,0.0,,,0.0,0.0,0.0,0.0,0,0.0
R. Parra,Tapatío,Club Tijuana,"RB, RCB",22,200000,,2,84,0,0.0,0,0.0,12.86,58.33,Mexico,Mexico,right,178,80,no,8.57,8.57,75.0,3.21,0.0,0.0,0.0,0.0,2.14,3.16,0.0,0,0.0,0,0.0,1.07,0.0,0,0.0,0.0,0,0.0,0,0.0,0.0,0.0,0.0,1.07,0.0,0.0,0.0,1.07,0.0,0.0,1.07,100.0,1.07,100.0,0.0,0.0,0.0,27.86,0.0,0.0,35.36,90.91,12.86,100.0,4.29,75.0,15.0,92.86,30.0,92.86,4.29,100.0,22.73,31.91,0.0,0.0,0.0,0.0,0.0,0.0,0.0,4.29,100.0,1.07,0.0,0.0,0.0,0.0,1.07,8.57,87.5,0,,0,,0,0.0,0.0,0.0,,,3.21,,,0.0,0.0,0.0,0.0,0,0.0
E. Pizzuto,Atlante,Tigres UANL,"RDMF, LCMF",24,200000,,2,48,0,0.0,0,0.0,22.5,50.0,Mexico,"Mexico, Italy",left,179,70,no,1.88,5.63,33.33,0.0,0.0,0.0,0.0,0.0,0.0,0.0,0.0,0,0.0,0,0.0,5.63,0.0,0,0.0,0.0,0,0.0,1,1.88,0.0,0.0,0.0,5.63,33.33,5.63,33.33,0.0,0.0,1.88,3.75,100.0,5.63,100.0,0.0,0.0,0.0,35.63,1.88,1.88,50.63,85.19,3.75,50.0,9.38,100.0,30.0,81.25,45.0,91.67,0.0,0.0,16.11,0.0,0.0,0.0,0.0,0.0,0.0,0.0,0.0,1.88,0.0,5.63,33.33,0.0,0.0,0.0,1.88,3.75,100.0,0,,0,,0,0.0,0.0,0.0,,,0.0,,,0.0,0.0,0.0,0.0,0,0.0
L. Iturbide,,Cruz Azul,RB,24,200000,,1,47,0,0.37,0,0.0,28.72,40.0,Mexico,Mexico,right,181,71,no,9.57,9.57,40.0,7.66,50.0,0.0,0.0,0.0,5.74,6.92,3.83,1,1.91,0,0.0,3.83,0.0,0,0.0,0.71,0,0.0,2,3.83,100.0,0.0,0.0,0.0,0.0,0.0,0.0,0.0,0.0,0.0,0.0,0.0,1.91,0.0,1.91,0.0,0.0,19.15,3.83,0.0,24.89,76.92,7.66,75.0,3.83,100.0,7.66,100.0,24.89,76.92,0.0,0.0,14.77,0.0,0.0,0.0,0.0,0.0,0.0,0.0,0.0,1.91,0.0,0.0,0.0,0.0,0.0,0.0,0.0,1.91,0.0,0,,0,,0,0.0,0.0,0.0,,,0.0,,,0.0,0.0,0.0,0.0,0,0.0
R. Rubio,Correcaminos UAT,Cruz Azul,LB,25,200000,,1,19,0,0.0,0,0.0,,,Mexico,Mexico,right,183,79,no,,,,,,,0.0,,,0.0,,0,,0,,,,0,,,0,,0,,,0.0,,,,,,,,,,,,,,,,,,,,,,,,,,,,,,,16.16,0.0,,,,,,,,,,,,,,,,,,0,,0,,0,0.0,0.0,,,,,,,,,,,0,0.0
C. Jiménez,Cruz Azul,Cruz Azul,"LCB, RCMF, CB",24,200000,2027-06-30,2,113,0,0.0,0,0.0,16.73,57.14,Mexico,Mexico,right,188,74,no,8.76,9.56,58.33,0.0,0.0,0.0,0.0,0.0,3.19,3.53,3.19,1,0.8,0,0.0,0.8,0.0,0,0.0,0.0,0,0.0,0,0.0,0.0,0.0,0.0,0.0,0.0,0.0,0.0,0.0,0.0,0.0,1.59,50.0,4.78,50.0,0.0,0.8,0.0,23.89,0.0,0.0,37.43,87.23,8.76,72.73,3.19,100.0,20.71,96.15,35.04,88.64,2.39,66.67,22.01,18.04,0.0,0.0,0.0,0.0,0.0,0.0,0.0,2.39,66.67,0.0,0.0,0.0,0.0,0.0,0.0,4.78,50.0,0,,0,,0,0.0,0.0,0.0,,,0.0,,,0.0,0.0,0.0,0.0,0,0.0
J. Corona,,Club Tijuana,GK,45,150000,,7,660,0,0.0,0,0.0,0.41,66.67,Mexico,Mexico,right,184,84,no,1.23,0.14,100.0,0.27,50.0,0.0,0.0,0.0,1.09,1.52,0.0,0,0.0,0,0.0,0.0,0.0,0,0.0,0.0,0,0.0,0,0.0,0.0,0.0,0.0,0.0,0.0,0.0,0.0,0.0,0.0,0.0,0.0,0.0,0.0,0.0,0.0,0.0,0.0,12.95,0.14,0.0,18.27,92.54,9.95,89.04,0.0,0.0,7.5,98.18,11.05,98.77,7.23,83.02,32.22,46.38,0.0,0.0,0.0,0.0,0.0,0.0,0.0,0.27,100.0,0.0,0.0,0.0,0.0,0.0,0.0,5.59,87.8,10,1.36,35,4.77,1,71.43,9.58,1.31,-0.42,-0.057,0.0,0.68,0.27,,,,0.0,0,0.0
J. Corona,,Club Tijuana,"RCMF, AMF, LCMF",36,150000,,7,366,1,0.04,0,0.07,23.36,40.0,United States,"United States, Mexico",right,176,72,no,9.59,6.89,64.29,4.43,27.78,0.49,0.65,0.49,4.67,6.13,1.97,0,0.0,0,0.0,3.2,0.25,1,0.25,0.01,0,0.0,3,0.74,33.33,33.333,0.0,1.48,50.0,0.98,25.0,0.49,100.0,0.0,3.44,64.29,8.36,29.41,0.74,0.98,0.0,22.38,1.72,0.98,34.67,82.27,9.1,64.86,6.64,100.0,11.56,93.62,30.98,85.71,2.21,55.56,17.72,23.65,0.02,0.74,0.0,0.0,0.25,0.0,0.25,7.13,68.97,1.72,71.43,0.98,25.0,0.49,0.74,4.92,70.0,0,,0,,0,0.0,0.0,0.0,,,0.0,,,0.0,0.0,0.0,0.0,0,0.0
Ó. Jiménez,Atlante,América,GK,37,150000,,6,547,0,0.0,0,0.0,0.66,75.0,Mexico,Mexico,right,182,78,no,0.99,0.33,50.0,0.16,100.0,0.0,0.0,0.0,0.82,0.95,0.16,1,0.16,0,0.0,0.0,0.0,0,0.0,0.0,0,0.0,0,0.0,0.0,0.0,0.0,0.0,0.0,0.0,0.0,0.0,0.0,0.0,0.0,0.0,0.0,0.0,0.0,0.0,0.0,10.37,0.0,0.0,16.29,88.89,10.53,82.81,0.0,0.0,5.43,100.0,11.02,98.51,5.27,68.75,30.77,49.38,0.0,0.0,0.0,0.0,0.0,0.0,0.0,0.82,60.0,0.16,0.0,0.0,0.0,0.0,0.0,4.94,76.67,4,0.66,27,4.44,3,85.19,6.3,1.04,2.3,0.378,0.0,0.66,0.16,,,,0.0,0,0.0
B. El-Mesmari,Cancún,América,RW,24,150000,,2,27,0,0.03,0,0.0,,,Mexico,"Mexico, Armenia",left,166,68,no,,,,,,,0.0,,,0.0,,0,,0,,,,0,,,0,,1,,,0.0,,,,,,,,,,,,,,,,,,,,,,,,,,,,,,,7.5,0.0,,,,,,,,,,,,,,,,,,0,,0,,0,0.0,0.0,,,,,,,,,,,0,0.0
Jorge García,Mazatlán,Cruz Azul,LCMF,24,150000,,1,10,0,0.0,0,0.0,,,Mexico,Mexico,right,170,65,no,,,,,,,0.0,,,10.0,,0,,0,,,,0,,,0,,0,,,0.0,,,,,,,,,,,,,,,,,,,,,,,,,,,,,,,0.0,0.0,,,,,,,,,,,,,,,,,,0,,0,,0,0.0,0.0,,,,,,,,,,,0,0.0
R. Pasquel,Atlético Morelia,Juárez,GK,29,150000,,1,75,0,0.0,0,0.0,0.0,0.0,Mexico,Mexico,right,181,78,no,1.2,0.0,0.0,0.0,0.0,0.0,0.0,0.0,1.2,2.14,0.0,1,1.2,0,0.0,0.0,0.0,0,0.0,0.0,0,0.0,0,0.0,0.0,0.0,0.0,0.0,0.0,0.0,0.0,0.0,0.0,0.0,0.0,0.0,0.0,0.0,0.0,0.0,0.0,10.8,0.0,0.0,18.0,93.33,6.0,80.0,0.0,0.0,9.6,100.0,15.6,100.0,2.4,50.0,23.07,59.16,0.0,0.0,0.0,0.0,0.0,0.0,0.0,0.0,0.0,0.0,0.0,0.0,0.0,0.0,0.0,2.4,50.0,1,1.2,2,2.4,0,50.0,0.89,1.07,-0.11,-0.132,0.0,0.0,0.0,,,,0.0,0,0.0
D. Rodríguez,Atlético de San Luis,Atlético de San Luis,"LW, RW",23,150000,,5,244,0,0.28,0,0.02,24.34,57.58,Mexico,"Mexico, United States",left,166,0,no,7.38,6.27,94.12,2.58,85.71,0.0,0.0,0.0,1.48,2.0,0.37,0,0.0,0,0.0,4.43,0.0,0,0.0,0.1,0,0.0,4,1.48,0.0,0.0,0.0,0.0,0.0,0.0,0.0,0.0,0.0,0.0,8.85,45.83,14.02,39.47,2.21,2.21,2.21,13.28,2.95,1.84,15.49,78.57,5.53,66.67,2.58,85.71,4.43,91.67,14.75,80.0,0.74,50.0,15.09,13.08,0.01,0.37,0.0,0.0,0.37,100.0,0.0,1.84,100.0,0.74,50.0,0.37,100.0,0.74,0.0,3.32,77.78,0,,0,,0,0.0,0.0,0.0,,,0.0,,,0.0,0.0,0.0,0.0,0,0.0
Abraham Flores,Dorados,Club Tijuana,LB,24,100000,,1,30,0,0.0,0,0.0,,,Mexico,Mexico,left,171,66,no,,,,,,,0.0,,,10.0,,0,,0,,,,0,,,0,,0,,,0.0,,,,,,,,,,,,,,,,,,,,,,,,,,,,,,,29.98,41.32,,,,,,,,,,,,,,,,,,0,,0,,0,0.0,0.0,,,,,,,,,,,0,0.0
A. García,,Querétaro,"RW, RB",32,100000,,6,46,0,0.38,0,0.09,27.39,57.14,Mexico,Mexico,right,171,60,no,9.78,11.74,83.33,7.83,50.0,0.0,0.0,0.0,0.0,0.0,1.96,0,0.0,0,0.0,3.91,0.0,0,0.0,0.75,0,0.0,3,5.87,33.33,0.0,0.0,5.87,33.33,0.0,0.0,5.87,33.33,0.0,3.91,0.0,5.87,0.0,7.83,5.87,0.0,35.22,3.91,1.96,48.91,64.0,13.7,57.14,7.83,100.0,19.57,50.0,35.22,77.78,7.83,25.0,16.17,18.05,0.17,1.96,0.0,0.0,0.0,0.0,1.96,3.91,100.0,9.78,60.0,0.0,0.0,3.91,1.96,11.74,50.0,0,,0,,0,0.0,0.0,0.0,,,0.0,,,0.0,0.0,0.0,1.96,0,0.0
E. García,Atlético Ottawa,Puebla,RCMF,22,100000,2026-12-31,1,14,0,0.0,0,0.0,,,Mexico,"Mexico, Spain",right,179,75,no,,,,,,,0.0,,,0.0,,0,,0,,,,0,,,0,,0,,,0.0,,,,,,,,,,,,,,,,,,,,,,,,,,,,,,,9.71,0.0,,,,,,,,,,,,,,,,,,0,,0,,0,0.0,0.0,,,,,,,,,,,0,0.0
A. Gutiérrez,Atlético Morelia,Necaxa,LCB,23,100000,,1,87,0,0.07,0,0.01,12.41,100.0,Mexico,Mexico,right,186,76,no,8.28,7.24,100.0,0.0,0.0,0.0,0.0,0.0,1.03,1.03,0.0,0,0.0,0,0.0,0.0,0.0,0,0.0,0.07,0,0.0,1,1.03,0.0,0.0,0.0,0.0,0.0,0.0,0.0,0.0,0.0,0.0,0.0,0.0,2.07,100.0,2.07,0.0,0.0,11.38,0.0,1.03,26.9,76.92,13.45,69.23,4.14,75.0,7.24,100.0,24.83,75.0,2.07,100.0,18.55,28.49,0.01,1.03,0.0,0.0,0.0,0.0,0.0,5.17,80.0,0.0,0.0,0.0,0.0,0.0,0.0,6.21,50.0,0,,0,,0,0.0,0.0,0.0,,,0.0,,,0.0,0.0,0.0,0.0,0,0.0
S. Plaza,Real Potosí,Mazatlán,"CF, LWF",27,100000,2026-12-31,2,47,0,0.14,0,0.0,32.55,17.65,Ecuador,Ecuador,right,189,84,no,0.0,3.83,0.0,11.49,16.67,0.0,0.0,0.0,0.0,0.0,1.91,0,0.0,0,0.0,0.0,0.0,0,0.0,0.27,0,0.0,1,1.91,0.0,0.0,0.0,0.0,0.0,0.0,0.0,0.0,0.0,0.0,5.74,0.0,15.32,25.0,3.83,0.0,0.0,15.32,0.0,3.83,24.89,84.62,0.0,0.0,7.66,100.0,5.74,66.67,24.89,84.62,0.0,0.0,11.64,0.0,0.0,0.0,0.0,0.0,0.0,0.0,0.0,0.0,0.0,0.0,0.0,0.0,0.0,0.0,0.0,0.0,0.0,0,,0,,0,0.0,0.0,0.0,,,0.0,,,0.0,0.0,0.0,0.0,0,0.0
J. Eulogio,Pachuca,Pachuca,GK,22,100000,2030-06-30,2,204,0,0.0,0,0.0,0.0,0.0,Mexico,Mexico,left,178,70,no,0.44,0.0,0.0,0.0,0.0,0.0,0.0,0.0,0.44,0.75,0.0,0,0.0,0,0.0,0.0,0.0,0,0.0,0.0,0,0.0,0,0.0,0.0,0.0,0.0,0.0,0.0,0.0,0.0,0.0,0.0,0.0,0.0,0.0,0.0,0.0,0.0,0.0,0.0,6.18,0.0,0.0,12.35,89.29,7.06,81.25,0.0,0.0,4.41,100.0,9.71,100.0,2.65,50.0,24.83,43.09,0.0,0.0,0.0,0.0,0.0,0.0,0.0,0.44,0.0,0.0,0.0,0.0,0.0,0.0,0.0,2.21,60.0,4,1.76,7,3.09,0,42.86,2.44,1.08,-1.56,-0.688,0.0,0.88,0.0,,,,0.0,0,0.0
C. Bustos,Monterrey,Monterrey,RB,20,100000,2029-06-30,5,357,0,0.22,0,0.04,17.14,51.47,Mexico,Mexico,right,176,81,no,8.32,8.57,52.94,3.53,57.14,0.0,0.0,0.0,3.78,4.79,0.25,0,0.0,0,0.0,0.76,0.0,0,0.0,0.05,0,0.0,2,0.5,50.0,0.0,0.0,1.01,25.0,0.0,0.0,1.01,25.0,0.0,0.25,100.0,2.52,40.0,1.51,1.01,0.0,20.42,2.52,0.5,28.74,81.58,11.09,70.45,6.55,92.31,8.07,90.63,24.45,92.78,3.28,15.38,19.19,29.19,0.01,0.5,0.25,0.0,0.0,0.0,0.25,4.03,56.25,0.5,50.0,0.5,0.0,0.5,0.25,5.8,78.26,0,,0,,0,0.0,0.0,0.0,,,2.52,,,0.0,0.0,0.0,0.0,0,0.0
J. Molina,,Pumas UNAM,"DMF, RCMF, LCMF",38,0,,13,491,0,0.79,0,0.05,15.03,62.2,Mexico,Mexico,right,185,78,no,9.35,6.05,72.73,5.68,64.52,0.92,1.24,0.37,4.03,5.45,1.1,1,0.18,0,0.0,0.73,0.0,0,0.0,0.14,0,0.0,5,0.92,40.0,0.0,0.0,0.0,0.0,0.0,0.0,0.0,0.0,0.0,0.37,0.0,1.28,57.14,1.1,0.18,0.18,22.36,0.18,0.73,35.38,83.94,10.63,75.86,4.03,90.91,14.48,91.14,31.34,86.55,4.03,63.64,16.72,21.83,0.01,0.18,0.0,0.18,0.55,66.67,0.0,6.78,70.27,1.1,50.0,0.37,0.0,0.37,0.0,5.87,81.25,0,,0,,0,0.0,0.0,0.0,,,0.18,,,0.0,0.0,0.0,0.0,0,0.0
J. Dueñas,,Cruz Azul,"LCMF, RCMF, CF",37,0,,6,120,0,0.0,0,0.04,18.75,44.0,Mexico,Mexico,right,174,70,no,7.5,8.25,54.55,2.25,33.33,0.75,1.25,0.75,2.25,3.75,0.75,0,0.0,0,0.0,1.5,0.0,0,0.0,0.0,0,0.0,0,0.0,0.0,0.0,0.0,0.75,0.0,0.0,0.0,0.75,0.0,0.0,1.5,50.0,6.0,37.5,0.0,3.0,0.0,45.75,0.0,1.5,61.5,91.46,13.5,83.33,9.75,92.31,27.0,97.22,56.25,96.0,4.5,50.0,20.02,33.44,0.03,0.75,0.0,0.0,0.75,100.0,0.0,9.0,83.33,0.0,0.0,1.5,50.0,0.0,0.0,6.0,75.0,0,,0,,0,0.0,0.0,0.0,,,0.0,,,0.75,0.0,0.0,1.5,0,0.0
Camilo Sanvezzo,,Querétaro,CF,38,0,,13,683,2,4.08,0,0.49,17.66,35.07,Brazil,"Brazil, Mexico",right,170,80,no,3.16,3.95,50.0,2.37,38.89,0.13,0.16,0.0,1.05,1.3,1.98,3,0.4,0,0.0,3.82,0.26,2,0.26,0.54,0,0.0,23,3.03,39.13,8.696,0.0,0.66,60.0,0.26,100.0,0.4,33.33,0.13,3.82,51.72,8.04,31.15,4.35,1.05,0.26,10.28,1.19,0.66,16.87,75.0,4.48,64.71,3.95,83.33,5.14,82.05,14.89,76.11,1.32,70.0,15.01,13.53,0.06,0.92,0.0,0.0,0.53,50.0,0.53,2.11,56.25,0.92,71.43,0.53,50.0,1.05,0.4,2.11,68.75,0,,0,,0,0.0,0.0,0.0,,,0.0,,,0.92,0.92,28.57,0.0,1,0.0
F. Lértora,Colón,Querétaro,"LCMF, RCMF, AMF",36,0,2027-12-31,34,3222,4,3.53,1,1.91,22.04,49.94,Argentina,"Argentina, Italy",right,185,83,no,9.33,7.91,59.36,6.06,50.23,0.64,0.71,0.59,3.99,4.44,1.48,9,0.25,0,0.0,1.59,0.11,4,0.11,0.1,3,0.08,41,1.15,31.71,9.756,0.03,0.53,36.84,0.11,25.0,0.42,40.0,0.06,1.62,58.62,4.94,42.94,1.31,0.89,0.36,16.93,0.87,0.84,27.29,79.22,10.28,68.48,3.85,91.3,8.41,87.38,23.94,83.31,2.82,52.48,18.54,33.09,0.05,0.64,0.03,0.0,0.11,75.0,0.17,4.58,65.85,1.26,44.44,0.39,42.86,0.53,0.22,4.41,74.68,0,,0,,0,0.0,0.0,0.0,,,0.56,,,0.03,0.0,0.0,0.0,0,0.0
J. Meneses,Deportes Limache,Toluca,"LAMF, LW",33,0,2026-12-31,34,2603,6,4.5,9,7.4,19.47,44.4,Chile,Chile,right,163,63,no,5.88,5.32,59.74,1.49,27.91,0.31,0.46,0.0,2.39,3.55,0.86,2,0.07,2,0.07,4.32,0.21,6,0.21,0.16,0,0.0,43,1.49,27.91,13.953,0.31,2.63,39.47,2.07,41.67,0.55,31.25,0.14,4.46,54.26,10.41,40.86,3.98,4.01,1.38,29.42,2.25,1.21,36.93,77.62,8.44,67.62,8.26,92.05,13.69,80.05,32.19,81.85,2.18,60.32,18.53,29.47,0.26,1.73,0.1,0.07,1.0,44.83,1.18,3.49,69.31,3.98,60.0,1.11,50.0,2.25,0.97,5.7,81.82,0,,0,,0,0.0,0.0,0.0,,,0.14,,,0.14,0.0,0.0,0.86,0,0.0
C. González,Independiente del Valle,Club Tijuana,CF,33,0,2027-12-31,33,2982,13,11.88,2,3.2,28.22,38.72,Paraguay,Paraguay,right,183,80,no,2.47,2.05,60.29,10.65,47.31,0.06,0.08,0.15,1.18,1.5,0.72,1,0.03,1,0.03,2.2,0.39,12,0.36,0.36,3,0.09,72,2.17,47.22,18.056,0.06,0.24,50.0,0.12,75.0,0.12,25.0,0.06,2.08,44.93,11.02,27.67,3.89,0.45,0.18,11.56,2.41,1.3,17.99,72.32,3.98,62.12,4.07,81.48,5.52,71.04,16.72,72.56,1.06,71.43,15.05,24.76,0.1,0.81,0.03,0.0,0.3,40.0,0.39,2.11,70.0,0.91,60.0,0.33,54.55,1.03,0.12,1.78,72.88,0,,0,,0,0.0,0.0,0.0,,,0.03,,,0.03,0.03,100.0,0.0,1,100.0
Raul Lopez,Inter Toronto,Santos Laguna,RB,33,0,2026-12-31,25,1285,0,0.22,1,0.58,9.74,52.52,Mexico,Mexico,right,185,74,no,7.0,4.97,61.97,0.63,33.33,0.63,0.77,0.42,3.29,4.02,0.28,1,0.07,0,0.0,2.17,0.0,0,0.0,0.02,0,0.0,8,0.56,25.0,0.0,0.07,2.38,35.29,0.07,100.0,2.31,33.33,0.35,2.1,56.67,3.15,42.22,0.56,0.56,0.28,22.13,1.61,0.0,30.61,83.07,10.93,75.0,3.99,98.25,11.21,86.25,25.77,90.49,2.73,48.72,17.4,23.22,0.04,0.49,0.0,0.14,0.0,0.0,0.21,3.92,82.14,2.1,46.67,0.07,0.0,0.28,0.91,7.28,79.81,0,,0,,0,0.0,0.0,0.0,,,0.56,,,0.14,0.07,0.0,0.14,0,0.0
J. Rodríguez,,América,"LW, CF, LWF",33,0,,22,1163,8,6.51,3,1.7,16.33,41.23,Uruguay,Uruguay,right,178,83,no,4.26,4.57,66.1,3.87,32.0,0.15,0.21,0.0,1.08,1.44,1.01,3,0.23,0,0.0,2.4,0.62,7,0.54,0.5,1,0.08,27,2.09,55.56,29.63,0.23,0.85,45.45,0.7,44.44,0.08,0.0,0.23,1.7,50.0,5.34,27.54,4.26,2.24,0.85,17.1,2.24,0.62,21.59,79.57,4.33,69.64,6.58,92.94,5.42,80.0,20.28,81.3,0.46,66.67,14.12,5.03,0.13,0.62,0.08,0.0,0.23,0.0,0.39,1.39,72.22,0.85,63.64,0.15,0.0,1.24,0.39,2.24,62.07,0,,0,,0,0.0,0.0,0.0,,,0.0,,,0.0,0.0,0.0,0.0,2,50.0
Yan Phillipe,Atlético de San Luis,Atlético de San Luis,"CF, LW",21,0,2028-06-30,6,219,2,1.03,0,0.03,21.37,25.0,Brazil,Brazil,right,180,68,no,3.7,2.88,28.57,2.88,14.29,0.41,0.53,0.0,2.47,3.16,1.64,2,0.82,0,0.0,2.05,0.82,2,0.82,0.42,0,0.0,5,2.05,60.0,40.0,0.0,0.0,0.0,0.0,0.0,0.0,0.0,0.0,2.88,28.57,12.33,30.0,1.64,1.23,0.0,13.15,0.82,2.47,20.55,90.0,4.52,63.64,5.75,100.0,5.34,92.31,20.14,91.84,0.41,0.0,14.31,7.22,0.01,0.82,0.0,0.0,0.0,0.0,0.0,2.88,57.14,0.82,50.0,0.0,0.0,0.41,0.0,0.82,100.0,0,,0,,0,0.0,0.0,0.0,,,0.0,,,0.0,0.0,0.0,0.0,0,0.0
T. Leone,Monterrey,Monterrey,RCB,20,0,,1,102,0,0.0,0,0.0,5.29,66.67,Mexico,Mexico,unknown,183,0,no,7.06,2.65,66.67,0.88,0.0,0.0,0.0,0.88,5.29,5.63,0.0,0,0.0,0,0.0,0.88,0.0,0,0.0,0.0,0,0.0,0,0.0,0.0,0.0,0.0,0.0,0.0,0.0,0.0,0.0,0.0,0.0,0.88,100.0,0.88,100.0,0.0,0.0,1.76,43.24,0.88,0.0,56.47,85.94,25.59,72.41,7.94,88.89,19.41,100.0,52.06,91.53,4.41,20.0,19.59,43.06,0.0,0.0,0.0,0.0,0.0,0.0,0.0,3.53,25.0,0.88,0.0,0.88,0.0,0.0,0.0,7.94,33.33,0,,0,,0,0.0,0.0,0.0,,,7.06,,,0.0,0.0,0.0,0.0,0,0.0
Juan Barragán,Guadalajara,Guadalajara,LW,20,0,,1,91,0,0.0,0,0.0,15.82,37.5,Spain,Spain,,175,0,no,7.91,7.91,50.0,0.0,0.0,0.0,0.0,0.0,3.96,4.14,0.99,0,0.0,0,0.0,0.99,0.0,0,0.0,0.0,0,0.0,0,0.0,0.0,0.0,0.0,0.0,0.0,0.0,0.0,0.0,0.0,0.0,0.0,0.0,4.95,20.0,0.99,0.99,0.0,9.89,0.99,0.0,10.88,72.73,1.98,50.0,5.93,83.33,2.97,66.67,10.88,72.73,0.0,0.0,15.58,0.0,0.0,0.0,0.0,0.0,0.99,100.0,0.0,0.99,100.0,1.98,50.0,0.99,100.0,0.0,0.0,1.98,50.0,0,,0,,0,0.0,0.0,0.0,,,0.0,,,0.0,0.0,0.0,0.0,0,0.0
F. González,Dorados,Tigres UANL,"RW, RDMF, AMF",23,0,,4,57,0,0.04,0,0.15,11.05,85.71,Mexico,Mexico,right,175,62,no,9.47,4.74,100.0,1.58,0.0,0.0,0.0,0.0,4.74,11.25,0.0,0,0.0,0,0.0,0.0,0.0,0,0.0,0.07,0,0.0,2,3.16,0.0,0.0,0.0,1.58,0.0,0.0,0.0,1.58,0.0,0.0,0.0,0.0,3.16,100.0,3.16,1.58,0.0,33.16,0.0,0.0,39.47,92.0,9.47,83.33,11.05,100.0,12.63,87.5,36.32,95.65,1.58,100.0,18.02,9.32,0.24,1.58,0.0,0.0,0.0,0.0,0.0,4.74,100.0,1.58,0.0,0.0,0.0,0.0,0.0,6.32,100.0,0,,0,,0,0.0,0.0,0.0,,,0.0,,,0.0,0.0,0.0,1.58,0,0.0
Tony Leone,Monterrey,Monterrey,RCB,21,0,2027-12-31,1,102,0,0.0,0,0.0,5.29,66.67,United States,"United States, Mexico",right,183,79,no,7.06,2.65,66.67,0.88,0.0,0.0,0.0,0.88,5.29,5.63,0.0,0,0.0,0,0.0,0.88,0.0,0,0.0,0.0,0,0.0,0,0.0,0.0,0.0,0.0,0.0,0.0,0.0,0.0,0.0,0.0,0.0,0.88,100.0,0.88,100.0,0.0,0.0,1.76,43.24,0.88,0.0,56.47,85.94,25.59,72.41,7.94,88.89,19.41,100.0,52.06,91.53,4.41,20.0,19.59,43.06,0.0,0.0,0.0,0.0,0.0,0.0,0.0,3.53,25.0,0.88,0.0,0.88,0.0,0.0,0.0,7.94,33.33,0,,0,,0,0.0,0.0,0.0,,,7.06,,,0.0,0.0,0.0,0.0,0,0.0
J. Villal,Atlético Ottawa,Atlético de San Luis,"LAMF, LWF, LW",21,0,2026-12-31,9,174,0,0.0,0,0.0,20.69,37.5,United States,"United States, Mexico",right,163,60,no,4.66,5.69,45.45,0.52,0.0,1.03,1.5,0.0,1.03,1.5,1.03,1,0.52,1,0.52,4.66,0.0,0,0.0,0.0,0,0.0,0,0.0,0.0,0.0,0.0,1.03,0.0,0.52,0.0,0.52,0.0,0.0,8.79,52.94,12.41,41.67,1.55,2.07,0.0,21.21,1.55,1.55,23.28,73.33,6.21,50.0,5.69,90.91,6.72,84.62,21.72,76.19,1.03,50.0,14.99,10.58,0.0,0.0,0.0,0.0,1.03,0.0,0.0,3.1,100.0,2.07,0.0,1.03,0.0,0.0,0.52,2.07,50.0,0,,0,,0,0.0,0.0,0.0,,,0.0,,,0.0,0.0,0.0,0.0,0,0.0
D. Vázquez,Alacranes de Durango,Club Tijuana,CF,23,0,,2,77,0,0.17,0,0.03,17.53,40.0,Mexico,Mexico,right,172,68,no,4.68,3.51,66.67,5.84,40.0,0.0,0.0,0.0,2.34,2.61,0.0,0,0.0,0,0.0,1.17,0.0,0,0.0,0.19,0,0.0,1,1.17,100.0,0.0,0.0,0.0,0.0,0.0,0.0,0.0,0.0,0.0,0.0,0.0,5.84,20.0,2.34,1.17,0.0,14.03,2.34,1.17,16.36,100.0,1.17,100.0,5.84,100.0,5.84,100.0,16.36,100.0,0.0,0.0,12.67,0.0,0.03,1.17,0.0,0.0,0.0,0.0,0.0,0.0,0.0,0.0,0.0,0.0,0.0,1.17,0.0,1.17,100.0,0,,0,,0,0.0,0.0,0.0,,,0.0,,,0.0,0.0,0.0,0.0,0,0.0
E. Águila,Atlético de San Luis,Atlético de San Luis,"LCB, LB",24,0,2027-12-31,10,267,0,0.01,0,0.0,16.18,54.17,Mexico,Mexico,left,180,76,no,8.43,5.06,73.33,6.07,44.44,0.67,0.77,0.0,4.04,4.62,0.34,0,0.0,0,0.0,0.67,0.0,0,0.0,0.0,0,0.0,1,0.34,0.0,0.0,0.0,0.34,0.0,0.34,0.0,0.0,0.0,0.0,0.67,100.0,2.02,50.0,0.67,0.0,0.0,23.26,0.67,0.34,32.36,83.33,15.17,73.33,3.37,90.0,10.79,93.75,27.64,91.46,4.38,38.46,22.89,25.81,0.0,0.0,0.0,0.0,0.0,0.0,0.0,4.38,46.15,1.01,33.33,0.34,0.0,0.34,0.0,5.39,62.5,0,,0,,0,0.0,0.0,0.0,,,1.01,,,0.0,0.0,0.0,0.0,0,0.0
Vitinho,Fortaleza,Atlético de San Luis,"RAMF, RW, CF",25,0,2026-12-31,34,2059,8,3.87,3,2.29,20.33,42.8,Brazil,Brazil,left,169,62,yes,4.11,5.07,58.62,0.57,30.77,0.13,0.18,0.04,1.01,1.36,0.48,4,0.17,0,0.0,4.9,0.35,8,0.35,0.17,2,0.09,60,2.62,46.67,13.333,0.13,1.05,33.33,0.13,0.0,0.92,38.1,0.26,6.16,51.06,11.98,37.59,2.97,3.5,1.36,25.66,2.1,1.18,30.38,84.17,4.55,78.85,8.48,89.69,11.23,83.66,27.8,86.48,1.57,75.0,16.8,18.87,0.1,1.14,0.09,0.0,0.35,50.0,0.35,1.92,79.55,2.19,64.0,0.48,63.64,1.44,0.35,3.37,77.92,0,,0,,0,0.0,0.0,0.0,,,0.09,,,0.13,0.13,66.67,0.22,0,0.0
Léo Bonatini,,Atlético de San Luis,CF,32,0,,31,2197,9,8.84,1,1.0,10.94,35.96,Brazil,"Brazil, Italy",right,185,80,no,2.66,1.52,62.16,1.39,32.35,0.04,0.05,0.12,1.68,2.15,0.25,0,0.0,0,0.0,1.64,0.37,9,0.37,0.36,1,0.04,41,1.68,41.46,21.951,0.04,0.29,28.57,0.12,33.33,0.16,25.0,0.0,1.72,45.24,5.94,31.03,2.74,0.61,0.33,14.01,1.39,0.94,17.86,80.5,3.28,56.25,4.22,88.35,6.02,87.07,17.04,81.73,0.53,69.23,15.0,12.38,0.04,0.53,0.0,0.0,0.33,25.0,0.29,1.52,64.86,0.66,43.75,0.25,33.33,0.53,0.08,1.39,64.71,0,,0,,0,0.0,0.0,0.0,,,0.0,,,0.0,0.0,0.0,0.0,0,0.0
M. Río,Talleres Córdoba,Querétaro,"RDMF, LCMF, RCMF",25,0,2029-12-31,6,85,0,0.11,0,0.0,23.29,54.55,Argentina,Argentina,right,180,72,no,10.59,8.47,50.0,6.35,66.67,2.12,2.14,0.0,4.24,4.29,4.24,1,1.06,1,1.06,0.0,0.0,0,0.0,0.12,0,0.0,1,1.06,0.0,0.0,0.0,0.0,0.0,0.0,0.0,0.0,0.0,0.0,0.0,0.0,2.12,50.0,1.06,0.0,0.0,1.06,0.0,1.06,11.65,81.82,3.18,33.33,3.18,100.0,1.06,100.0,10.59,80.0,1.06,100.0,10.84,4.88,0.0,0.0,0.0,0.0,0.0,0.0,0.0,0.0,0.0,0.0,0.0,0.0,0.0,0.0,0.0,1.06,0.0,0,,0,,0,0.0,0.0,0.0,,,1.06,,,0.0,0.0,0.0,0.0,0,0.0
P. Ortíz,Club Tijuana,Querétaro,"LB, LCB",24,0,,14,749,1,0.1,1,0.69,18.5,53.9,Mexico,Mexico,left,174,79,no,10.81,11.17,60.22,1.32,45.45,0.48,0.49,0.24,3.6,3.67,2.04,3,0.36,1,0.12,1.44,0.12,1,0.12,0.01,0,0.0,3,0.36,100.0,33.333,0.12,0.84,42.86,0.84,42.86,0.0,0.0,0.12,0.84,85.71,3.24,48.15,0.12,0.36,0.24,16.58,0.36,0.84,25.95,78.24,13.1,70.64,4.45,89.19,5.77,85.42,19.47,87.65,5.65,51.06,22.11,40.6,0.08,0.6,0.0,0.0,0.12,0.0,0.24,4.21,60.0,1.32,45.45,0.12,0.0,0.24,0.36,6.97,62.07,0,,0,,0,0.0,0.0,0.0,,,1.2,,,0.0,0.0,0.0,0.36,0,0.0
R. Méndez Rubín,El Paso Locomotive,Querétaro,"LW, AMF, CF",30,0,2026-11-30,6,137,0,0.07,1,0.74,26.28,27.5,United States,"United States, Guatemala",left,180,70,no,2.63,5.26,25.0,7.88,50.0,0.66,0.67,0.0,0.66,0.67,0.0,0,0.0,0,0.0,1.31,0.0,0,0.0,0.05,0,0.0,1,0.66,0.0,0.0,0.66,1.97,66.67,0.0,0.0,1.97,66.67,0.66,1.31,0.0,7.88,8.33,2.63,0.66,0.0,11.82,1.31,0.0,16.42,84.0,6.57,70.0,3.28,100.0,3.94,100.0,11.82,94.44,2.63,50.0,19.98,12.02,0.49,1.97,0.0,0.0,0.0,0.0,1.31,3.28,80.0,1.31,100.0,0.0,0.0,0.0,1.31,3.28,80.0,0,,0,,0,0.0,0.0,0.0,,,0.0,,,0.0,0.0,0.0,0.0,0,0.0
F. Batista,Peñarol,Querétaro,CF,27,0,2027-12-31,33,2522,6,6.53,3,0.64,22.59,30.96,Uruguay,Uruguay,right,182,75,no,4.25,3.5,52.04,8.07,26.55,0.18,0.2,0.11,2.25,2.48,1.64,6,0.21,0,0.0,1.53,0.21,4,0.14,0.23,2,0.07,38,1.36,57.89,15.789,0.11,0.32,44.44,0.21,50.0,0.07,0.0,0.04,1.07,53.33,5.78,30.25,2.11,0.57,0.11,6.1,1.71,0.86,9.35,72.9,2.25,49.21,2.5,91.43,2.53,73.24,8.49,74.79,0.54,60.0,15.89,12.85,0.02,0.39,0.0,0.04,0.07,50.0,0.14,0.93,57.69,0.61,47.06,0.14,50.0,0.5,0.11,0.93,73.08,0,,0,,0,0.0,0.0,0.0,,,0.0,,,0.0,0.0,0.0,0.0,2,100.0
R. Sandoval,Irapuato,Querétaro,"LW, LB, LAMF",26,0,,32,2255,2,1.78,1,2.5,19.8,43.95,Mexico,Mexico,left,173,72,no,7.18,6.59,58.18,2.83,42.25,0.36,0.4,0.16,2.99,3.3,0.76,2,0.08,1,0.04,3.47,0.08,2,0.08,0.07,0,0.0,20,0.8,20.0,10.0,0.04,3.83,33.33,3.75,31.91,0.08,100.0,0.28,3.95,51.52,8.38,36.67,1.2,1.96,1.04,11.41,1.36,0.96,18.48,66.52,5.67,56.34,3.47,93.1,6.39,64.38,12.33,79.94,2.51,50.79,22.37,28.95,0.1,1.04,0.0,0.04,0.0,0.0,0.4,1.8,73.33,2.91,42.47,0.08,0.0,0.32,1.32,4.43,65.77,0,,0,,0,0.0,0.0,0.0,,,0.16,,,0.16,0.0,0.0,1.6,0,0.0
O. González,Puebla,Pachuca,"RAMF, RW",23,0,,12,368,1,0.93,0,0.73,22.26,42.86,Mexico,Mexico,right,169,66,no,5.38,5.38,54.55,2.45,20.0,0.24,0.42,0.0,2.2,3.75,1.22,1,0.24,0,0.0,5.63,0.24,1,0.24,0.23,0,0.0,4,0.98,25.0,25.0,0.0,4.16,29.41,0.24,100.0,3.91,25.0,0.49,6.85,57.14,12.96,43.4,2.93,3.42,0.98,19.81,3.42,0.98,26.66,72.48,4.16,70.59,7.09,75.86,10.27,71.43,22.01,80.0,0.98,75.0,17.28,14.02,0.18,1.47,0.24,0.0,0.49,50.0,0.49,1.96,87.5,3.42,42.86,0.49,50.0,0.73,1.22,4.89,70.0,0,,0,,0,0.0,0.0,0.0,,,0.0,,,0.0,0.0,0.0,0.0,0,0.0
M. Hinestroza,Vasco da Gama,Pachuca,"RW, LW",24,0,2029-12-31,13,756,1,1.34,0,0.75,26.43,37.84,Colombia,Colombia,right,172,73,no,4.64,5.0,59.52,1.55,7.69,0.12,0.17,0.0,1.55,2.17,1.07,1,0.12,0,0.0,5.24,0.12,1,0.12,0.16,0,0.0,15,1.79,33.33,6.667,0.0,2.26,42.11,0.83,42.86,1.43,41.67,0.6,7.62,48.44,17.62,35.81,1.9,4.17,2.26,18.33,1.9,1.9,27.26,78.17,4.64,71.79,8.21,91.3,8.57,73.61,23.93,83.08,1.31,36.36,16.55,21.99,0.09,1.43,0.0,0.0,0.12,0.0,0.48,2.14,72.22,2.62,45.45,0.24,0.0,0.83,1.31,4.4,64.86,0,,0,,0,0.0,0.0,0.0,,,0.12,,,0.0,0.0,0.0,0.83,0,0.0
B. Castillo,Barcelona,Pachuca,"RB, RWB",27,0,2026-12-31,10,749,0,0.15,0,0.2,22.47,55.61,Colombia,"Colombia, Ecuador",right,171,60,no,11.78,9.73,67.9,1.68,50.0,1.32,1.76,0.24,3.85,5.13,1.8,3,0.36,1,0.12,3.72,0.0,0,0.0,0.02,0,0.0,6,0.72,16.67,0.0,0.0,4.09,26.47,0.0,0.0,4.09,26.47,0.36,4.33,58.33,8.17,50.0,1.08,1.68,0.24,22.35,1.32,2.28,32.56,75.28,11.54,66.67,3.6,96.67,11.9,75.76,25.71,87.38,3.24,29.63,19.18,26.29,0.02,0.48,0.0,0.0,0.24,0.0,0.0,5.29,61.36,3.24,25.93,0.36,0.0,0.12,1.32,6.37,77.36,0,,0,,0,0.0,0.0,0.0,,,0.0,,,0.0,0.0,0.0,0.0,0,0.0
A. Bautista,Pachuca,Pachuca,"AMF, LAMF",24,0,2030-06-30,19,1120,5,2.6,1,1.7,16.63,42.51,Mexico,Mexico,right,169,65,no,4.1,4.02,58.0,1.85,30.43,0.24,0.36,0.08,1.53,2.31,0.24,0,0.0,0,0.0,3.13,0.4,5,0.4,0.21,0,0.0,23,1.85,56.52,21.739,0.08,1.21,26.67,0.32,50.0,0.8,20.0,0.08,3.7,39.13,9.16,36.84,2.41,2.81,1.69,18.88,0.88,0.64,27.16,80.18,7.23,58.89,5.95,89.19,9.0,87.5,24.75,84.74,1.45,33.33,17.17,23.62,0.14,1.13,0.08,0.08,0.64,50.0,0.56,3.46,72.09,1.77,54.55,0.88,45.45,0.72,0.24,3.78,68.09,0,,0,,0,0.0,0.0,0.0,,,0.16,,,0.08,0.0,0.0,1.85,0,0.0
N. Micolta,,Pachuca,LCB,27,0,,9,930,0,0.85,0,0.0,12.39,58.59,Ecuador,Ecuador,left,194,82,no,8.13,5.32,69.09,3.97,41.46,0.1,0.14,0.19,4.35,6.19,0.87,4,0.39,0,0.0,0.29,0.0,0,0.0,0.08,0,0.0,2,0.19,0.0,0.0,0.0,0.0,0.0,0.0,0.0,0.0,0.0,0.0,0.48,60.0,1.26,53.85,0.19,0.39,0.1,18.77,0.29,0.58,34.16,83.0,13.84,71.33,1.06,90.91,15.48,92.5,29.13,88.7,5.03,50.0,21.7,44.58,0.0,0.0,0.0,0.0,0.0,0.0,0.0,3.97,51.22,0.58,0.0,0.29,66.67,0.1,0.0,6.19,67.19,0,,0,,0,0.0,0.0,0.0,,,0.87,,,0.0,0.0,0.0,0.0,0,0.0
A. Contreras,,Pachuca,LB,20,0,,2,162,0,0.06,0,0.03,21.11,50.0,Mexico,Mexico,left,170,60,no,7.78,7.22,61.54,3.89,57.14,0.56,0.94,0.0,2.78,4.69,1.11,1,0.56,0,0.0,0.56,0.0,0,0.0,0.03,0,0.0,1,0.56,0.0,0.0,0.0,2.22,0.0,2.22,0.0,0.0,0.0,0.56,3.33,16.67,7.22,38.46,1.11,2.22,2.78,15.0,0.56,0.56,25.56,80.43,12.22,81.82,1.67,100.0,6.67,66.67,21.11,92.11,2.22,50.0,17.53,40.59,0.02,0.56,0.0,0.0,0.0,0.0,0.0,3.89,85.71,1.67,0.0,0.56,0.0,0.56,0.56,4.44,62.5,0,,0,,0,0.0,0.0,0.0,,,0.0,,,0.0,0.0,0.0,0.0,0,0.0
A. Domínguez,Pachuca,Pachuca,"RAMF, RW",21,0,2029-06-30,20,920,0,0.86,2,2.23,22.5,45.65,Mexico,Mexico,right,171,54,no,7.04,5.67,67.24,1.57,37.5,0.49,0.7,0.0,2.74,3.94,0.98,0,0.0,0,0.0,5.09,0.0,0,0.0,0.08,0,0.0,11,1.08,9.09,0.0,0.2,2.93,43.33,0.0,0.0,2.84,41.38,0.2,5.87,58.33,13.11,38.06,2.54,3.42,1.76,24.36,2.64,1.66,31.11,77.04,6.85,62.86,6.95,95.77,10.27,77.14,27.0,81.52,1.37,50.0,16.32,16.52,0.22,2.15,0.0,0.0,0.49,60.0,1.08,2.45,76.0,3.03,64.52,0.68,57.14,1.86,1.37,4.5,69.57,0,,0,,0,0.0,0.0,0.0,,,0.1,,,0.0,0.0,0.0,1.86,0,0.0
E. Rodríguez,León,Pachuca,"LB, RAMF",23,0,2028-06-30,34,2759,2,3.34,2,4.46,20.78,48.19,Mexico,Mexico,left,175,73,no,8.29,7.54,57.58,2.35,51.39,0.26,0.35,0.13,3.69,4.99,1.27,8,0.26,0,0.0,3.49,0.07,2,0.07,0.11,0,0.0,32,1.04,34.38,6.25,0.07,1.99,26.23,1.4,27.91,0.55,23.53,0.33,4.47,57.66,9.1,39.43,1.44,2.32,0.78,18.59,1.86,0.75,27.43,74.55,10.05,67.53,4.01,86.99,8.42,78.29,22.61,82.11,3.1,45.26,19.74,36.8,0.15,1.21,0.03,0.0,0.1,33.33,0.42,3.46,64.15,1.79,49.09,0.26,25.0,0.72,0.55,6.49,69.35,0,,0,,0,0.0,0.0,0.0,,,0.23,,,0.33,0.03,100.0,1.24,0,0.0
B. González,Guadalajara,Pachuca,"LB, LW",23,0,2029-06-30,23,1615,4,1.86,1,1.78,18.06,49.07,Mexico,Mexico,left,181,76,no,7.75,5.85,64.76,2.62,59.57,0.28,0.39,0.06,3.68,5.1,0.72,1,0.06,0,0.0,3.07,0.22,4,0.22,0.1,0,0.0,18,1.0,50.0,22.222,0.06,2.79,34.0,2.79,34.0,0.0,0.0,0.39,3.23,48.28,7.02,36.51,1.73,2.56,1.11,22.01,1.0,1.06,31.76,82.98,11.26,79.21,6.13,91.82,8.02,81.94,27.31,89.39,1.89,61.76,16.93,25.58,0.1,0.67,0.0,0.0,0.06,100.0,0.28,4.12,82.43,1.78,43.75,0.22,50.0,0.39,0.72,5.13,79.35,0,,0,,0,0.0,0.0,0.0,,,0.67,,,0.0,0.0,0.0,0.17,0,0.0
D. Hernández,Tlaxcala,Pachuca,"LW, RAMF, RW",24,0,,20,976,2,2.6,0,1.22,23.88,35.91,Mexico,Mexico,right,170,67,no,5.9,5.63,60.66,2.03,27.27,0.28,0.38,0.09,2.21,3.03,0.55,0,0.0,0,0.0,3.14,0.18,2,0.18,0.24,0,0.0,17,1.57,47.06,11.765,0.0,2.67,20.69,0.74,12.5,1.94,23.81,0.18,4.24,39.13,13.46,26.71,3.69,2.58,0.46,22.22,2.49,2.03,28.86,78.27,6.36,68.12,7.38,93.75,9.13,78.79,25.36,85.45,0.92,50.0,16.25,14.15,0.11,1.48,0.09,0.09,0.46,40.0,0.46,1.94,80.95,2.21,33.33,0.83,33.33,1.01,0.46,3.14,73.53,0,,0,,0,0.0,0.0,0.0,,,0.18,,,0.09,0.0,0.0,2.49,0,0.0
R. De la Rosa,Monterrey,Pachuca,"CF, AMF",26,0,,24,1306,1,6.12,1,1.38,17.64,28.52,Mexico,Mexico,,0,0,no,3.1,1.93,53.57,3.93,22.81,0.21,0.3,0.0,1.86,2.66,0.48,0,0.0,0,0.0,2.55,0.07,1,0.07,0.42,0,0.0,51,3.51,29.41,1.961,0.07,1.45,9.52,0.55,12.5,0.9,7.69,0.14,2.41,45.71,8.55,25.0,3.65,1.45,0.55,19.02,2.07,0.48,26.05,75.4,3.79,52.73,7.24,91.43,9.44,73.72,22.4,81.85,2.34,50.0,18.57,27.69,0.09,0.96,0.0,0.0,0.62,44.44,0.62,2.34,55.88,2.69,41.03,1.03,40.0,1.38,0.21,2.55,70.27,0,,0,,0,0.0,0.0,0.0,,,0.14,,,0.0,0.0,0.0,0.0,0,0.0
O. Idrissi,Pachuca,Pachuca,"LAMF, LW",30,0,2028-06-30,26,1878,6,2.37,9,3.88,25.88,46.67,Netherlands,"Netherlands, Morocco",right,183,78,no,4.94,6.09,54.33,0.72,46.67,0.1,0.14,0.0,1.53,2.21,1.68,9,0.43,2,0.1,7.14,0.29,6,0.29,0.11,0,0.0,33,1.58,45.45,18.182,0.43,3.07,31.25,2.88,28.33,0.14,66.67,0.58,9.44,56.85,17.68,45.8,3.31,5.42,0.38,22.86,2.83,1.44,32.49,78.91,5.51,70.43,7.48,89.74,14.71,79.48,26.84,84.64,2.92,70.49,21.15,36.21,0.19,1.92,0.14,0.14,0.29,33.33,0.77,2.64,74.55,3.4,49.3,0.34,14.29,1.58,1.1,5.22,78.9,0,,0,,0,0.0,0.0,0.0,,,0.14,,,0.53,0.05,0.0,2.06,0,0.0
E. Sánchez,América,Pachuca,"RCMF, RDMF, AMF",26,0,2028-06-30,32,2907,9,4.5,6,4.14,16.97,49.45,Mexico,Mexico,right,167,70,no,8.7,6.13,59.09,1.67,37.04,1.21,1.63,0.25,3.87,5.23,1.18,10,0.31,0,0.0,2.57,0.28,9,0.28,0.14,0,0.0,66,2.04,40.91,13.636,0.19,0.53,47.06,0.12,75.0,0.37,41.67,0.0,2.41,52.56,5.98,47.15,1.08,2.35,1.02,29.2,0.43,1.61,41.76,82.36,15.82,74.95,3.9,96.83,16.56,86.17,36.01,85.64,5.23,63.31,19.44,35.73,0.13,1.11,0.09,0.03,0.5,43.75,0.5,9.35,74.17,2.01,61.54,0.62,40.0,1.33,0.22,7.28,85.11,0,,0,,0,0.0,0.0,0.0,,,0.43,,,0.19,0.03,0.0,0.31,0,0.0
O. Herrera,Tigres UANL,Tigres UANL,"RW, RAMF, LW",25,0,2027-06-30,34,1404,7,4.02,2,2.14,24.23,41.27,Mexico,"Mexico, Cuba",right,183,72,no,6.92,5.45,63.53,3.85,38.33,0.96,1.4,0.13,2.5,3.63,0.9,7,0.45,0,0.0,4.42,0.45,7,0.45,0.26,2,0.13,23,1.47,52.17,30.435,0.13,2.37,40.54,0.77,33.33,1.6,44.0,0.19,4.23,59.09,11.73,35.52,3.01,1.22,0.32,22.24,1.86,1.86,28.65,80.54,4.74,59.46,7.63,92.44,8.97,83.57,25.45,85.14,0.9,57.14,15.74,10.25,0.14,0.64,0.0,0.13,0.38,50.0,0.51,1.86,75.86,2.18,55.88,0.38,50.0,0.38,0.83,3.21,66.0,0,,0,,0,0.0,0.0,0.0,,,0.06,,,0.0,0.0,0.0,0.0,0,0.0
I. Larios,CA La Paz,Atlas,"RW, RAMF, LCMF",23,0,2027-06-30,7,192,0,0.44,0,0.0,29.06,51.61,Mexico,Mexico,left,166,72,no,4.69,6.56,57.14,3.75,50.0,0.47,0.81,0.0,0.47,0.81,0.47,1,0.47,0,0.0,6.09,0.0,0,0.0,0.2,0,0.0,4,1.88,0.0,0.0,0.0,1.41,0.0,0.0,0.0,1.41,0.0,0.0,9.84,61.9,17.34,54.05,3.28,4.69,0.0,17.34,1.88,1.88,23.91,90.2,6.09,100.0,9.38,100.0,4.22,66.67,22.03,95.74,0.94,50.0,29.98,12.82,0.0,0.47,0.0,0.0,0.0,0.0,0.0,1.88,100.0,1.88,25.0,0.0,0.0,0.47,0.0,1.88,75.0,0,,0,,0,0.0,0.0,0.0,,,0.0,,,0.0,0.0,0.0,0.94,0,0.0
C. Trejo,Cancún,Atlas,"CF, RW",26,0,,18,513,0,1.11,0,0.33,22.46,34.38,Mexico,Mexico,right,178,75,no,2.28,2.46,50.0,5.09,27.59,0.35,0.6,0.0,0.7,1.2,0.35,0,0.0,1,0.18,2.63,0.0,0,0.0,0.19,0,0.0,11,1.93,45.45,0.0,0.0,1.58,33.33,0.53,66.67,0.88,20.0,0.18,4.39,24.0,11.05,28.57,3.51,1.93,1.58,14.56,0.35,1.23,21.4,83.61,3.16,83.33,6.67,89.47,7.19,80.49,18.95,87.96,0.88,80.0,16.57,7.23,0.06,1.05,0.0,0.0,0.35,50.0,0.0,0.7,100.0,1.4,75.0,0.18,100.0,0.7,0.53,1.4,87.5,0,,0,,0,0.0,0.0,0.0,,,0.0,,,0.35,0.0,0.0,0.88,0,0.0
A. Morales,Cruz Azul U21,Cruz Azul,"CF, LW, RW",20,0,2029-06-30,8,100,0,0.49,0,0.39,25.2,28.57,Mexico,Mexico,right,169,64,no,4.5,6.3,57.14,2.7,33.33,0.0,0.0,0.0,0.9,2.14,0.9,0,0.0,0,0.0,2.7,0.0,0,0.0,0.44,0,0.0,3,2.7,0.0,0.0,0.0,0.9,100.0,0.0,0.0,0.9,100.0,0.9,8.1,22.22,12.6,14.29,4.5,2.7,0.0,23.4,0.9,0.0,24.3,92.59,2.7,100.0,7.2,87.5,8.1,88.89,23.4,92.31,0.0,0.0,11.24,0.0,0.35,0.9,0.0,0.0,0.0,0.0,0.9,0.0,0.0,1.8,100.0,0.0,0.0,1.8,0.9,2.7,100.0,0,,0,,0,0.0,0.0,0.0,,,0.0,,,0.0,0.0,0.0,0.0,0,0.0
E. Lira,Cruz Azul,Cruz Azul,"LCMF, CB, DMF",26,0,2029-06-30,35,2776,0,0.38,0,0.13,12.77,52.79,Mexico,Mexico,right,172,70,no,7.72,5.84,65.0,1.59,36.73,0.36,0.56,0.1,3.57,5.57,0.58,3,0.1,0,0.0,0.42,0.0,0,0.0,0.01,0,0.0,5,0.16,0.0,0.0,0.0,0.1,66.67,0.0,0.0,0.06,50.0,0.03,0.55,58.82,3.27,42.57,0.1,1.01,0.1,37.15,0.36,0.91,51.55,90.69,14.39,79.5,4.67,94.44,25.03,95.6,46.17,94.17,5.28,60.74,18.56,33.23,0.0,0.26,0.0,0.06,0.03,100.0,0.03,6.0,79.46,0.75,52.17,0.36,36.36,0.32,0.1,6.1,76.6,0,,0,,0,0.0,0.0,0.0,,,0.84,,,0.03,0.0,0.0,0.1,0,0.0
C. Cándido,Nacional,Cruz Azul,"LB, LWB",31,0,2026-12-31,22,1043,1,0.5,1,1.11,10.7,44.35,Uruguay,"Uruguay, Italy",left,174,65,no,7.59,5.44,58.73,1.12,15.38,0.09,0.13,0.17,4.31,6.49,0.78,2,0.17,0,0.0,1.64,0.09,1,0.09,0.04,0,0.0,9,0.78,22.22,11.111,0.09,2.07,45.83,2.07,45.83,0.0,0.0,0.26,1.21,42.86,2.42,32.14,1.47,0.95,0.43,26.66,2.85,0.26,35.29,79.95,10.87,66.67,6.82,97.47,11.91,83.33,28.82,84.13,4.4,68.63,20.2,31.74,0.1,0.6,0.0,0.0,0.26,0.0,0.52,4.4,68.63,2.85,45.45,0.6,14.29,0.52,0.95,8.02,79.57,0,,0,,0,0.0,0.0,0.0,,,0.6,,,0.0,0.0,0.0,0.0,0,0.0
W. Ditta,Cruz Azul,Cruz Azul,"LCB, RCB",28,0,2028-06-30,33,3189,2,1.37,0,0.63,13.32,56.99,Colombia,Colombia,right,180,80,no,7.82,5.31,64.89,3.44,40.98,0.34,0.51,0.45,4.04,6.03,0.9,8,0.23,2,0.06,0.96,0.06,2,0.06,0.04,1,0.03,13,0.37,30.77,15.385,0.0,0.31,45.45,0.17,66.67,0.14,20.0,0.0,1.04,64.86,2.54,52.22,0.42,1.47,0.2,39.0,1.21,0.56,55.0,89.79,19.25,81.23,3.08,93.58,26.78,95.47,47.22,94.2,7.51,63.53,21.07,40.18,0.02,0.25,0.06,0.0,0.11,25.0,0.11,5.7,73.27,0.62,40.91,0.31,27.27,0.23,0.14,8.24,71.58,0,,0,,0,0.0,0.0,0.0,,,1.47,,,0.0,0.0,0.0,0.0,0,0.0
K. Mier,Cruz Azul,Cruz Azul,GK,26,0,2029-06-30,23,2361,0,0.0,0,0.0,0.61,75.0,Colombia,Colombia,right,190,73,no,1.91,0.23,66.67,0.23,100.0,0.0,0.0,0.0,1.75,2.75,0.04,1,0.04,0,0.0,0.04,0.0,0,0.0,0.0,0,0.0,0,0.0,0.0,0.0,0.0,0.0,0.0,0.0,0.0,0.0,0.0,0.0,0.04,100.0,0.11,33.33,0.0,0.0,0.0,21.04,0.42,0.11,28.82,90.74,13.72,83.33,0.0,0.0,14.07,97.56,23.06,98.35,5.72,60.67,25.61,47.38,0.0,0.0,0.0,0.0,0.0,0.0,0.0,1.52,45.0,0.19,40.0,0.15,50.0,0.08,0.0,4.0,68.57,20,0.76,71,2.71,10,71.83,19.26,0.73,-0.74,-0.028,0.0,0.76,0.23,,,,0.0,0,0.0
C. Oliva,Santos,Juárez,"LCMF, RCMF",30,0,2028-12-31,10,582,0,0.33,1,1.77,12.53,56.79,Uruguay,Uruguay,right,178,77,no,6.19,5.57,63.89,1.55,50.0,0.15,0.21,0.15,2.47,3.33,0.15,1,0.15,0,0.0,1.7,0.0,0,0.0,0.05,0,0.0,7,1.08,42.86,0.0,0.15,0.15,0.0,0.15,0.0,0.0,0.0,0.0,1.39,55.56,4.02,50.0,0.46,1.08,0.15,23.97,0.15,0.77,35.1,88.11,12.68,79.27,5.26,97.06,11.91,93.51,31.39,91.13,3.56,65.22,18.99,39.69,0.27,2.47,0.0,0.0,0.62,75.0,0.77,4.95,71.88,2.47,68.75,1.7,72.73,1.55,0.0,6.19,87.5,0,,0,,0,0.0,0.0,0.0,,,0.46,,,1.39,0.15,0.0,3.56,0,0.0
M. González,Querétaro U23,Querétaro,DMF,24,0,,1,7,0,0.0,0,0.0,,,Mexico,Mexico,right,171,72,no,,,,,,,0.0,,,0.0,,0,,0,,,,0,,,0,,0,,,0.0,,,,,,,,,,,,,,,,,,,,,,,,,,,,,,,17.04,0.0,,,,,,,,,,,,,,,,,,0,,0,,0,0.0,0.0,,,,,,,,,,,0,0.0
J. Zapata,Atlético Nacional,Atlas,"RCMF, LCMF",26,0,2028-06-30,23,1513,4,3.37,0,0.56,15.35,48.06,Colombia,Colombia,right,179,71,no,6.13,6.36,59.81,2.08,42.86,0.54,0.73,0.06,1.78,2.43,1.25,9,0.54,0,0.0,2.44,0.24,4,0.24,0.2,1,0.06,43,2.56,34.88,9.302,0.0,0.77,38.46,0.18,33.33,0.59,40.0,0.12,1.73,65.52,4.58,41.56,1.19,0.77,0.3,29.27,1.43,0.54,35.33,87.21,8.39,73.76,6.96,97.44,14.22,89.12,31.29,90.87,3.33,64.29,19.31,40.94,0.03,0.48,0.0,0.0,0.3,40.0,0.24,5.89,84.85,1.73,44.83,0.54,55.56,0.54,0.24,4.34,84.93,0,,0,,0,0.0,0.0,0.0,,,0.65,,,0.42,0.18,33.33,1.19,0,0.0
V. Ríos,Atlas,Atlas,"LCMF, RCMF",22,0,2028-12-31,12,394,0,0.28,0,0.0,18.05,58.23,Mexico,Mexico,right,191,74,no,12.79,7.08,74.19,5.25,43.48,0.23,0.29,0.91,7.31,9.41,0.91,0,0.0,0,0.0,0.69,0.0,0,0.0,0.06,0,0.0,4,0.91,25.0,0.0,0.0,0.0,0.0,0.0,0.0,0.0,0.0,0.0,0.46,100.0,1.83,50.0,0.69,0.0,0.0,14.85,0.0,1.14,27.41,83.33,10.05,68.18,3.43,100.0,9.82,93.02,25.81,84.07,1.6,71.43,17.13,24.89,0.0,0.0,0.0,0.0,0.0,0.0,0.0,4.11,77.78,0.0,0.0,0.0,0.0,0.0,0.0,5.03,54.55,0,,0,,0,0.0,0.0,0.0,,,0.23,,,0.23,0.0,0.0,0.0,0,0.0
S. Martínez,Jaiba Brava,América,"RCMF, RDMF",23,0,,2,72,0,0.0,0,0.0,21.25,64.71,Mexico,Mexico,right,176,62,no,13.75,8.75,85.71,2.5,50.0,1.25,1.58,2.5,5.0,6.32,1.25,1,1.25,0,0.0,0.0,0.0,0,0.0,0.0,0,0.0,0,0.0,0.0,0.0,0.0,0.0,0.0,0.0,0.0,0.0,0.0,0.0,1.25,0.0,5.0,50.0,0.0,0.0,1.25,18.75,0.0,2.5,22.5,88.89,5.0,75.0,3.75,100.0,8.75,85.71,22.5,88.89,0.0,0.0,13.9,0.0,0.0,0.0,0.0,0.0,0.0,0.0,0.0,0.0,0.0,0.0,0.0,0.0,0.0,0.0,0.0,0.0,0.0,0,,0,,0,0.0,0.0,0.0,,,2.5,,,0.0,0.0,0.0,0.0,0,0.0
J. Márquez,Cruz Azul,Atlas,"LCMF, AMF, RCMF",26,0,2029-06-30,30,2016,2,3.49,0,1.28,19.02,44.84,Mexico,Mexico,right,177,66,no,7.46,5.63,53.17,2.19,51.02,1.21,1.61,0.04,3.26,4.36,0.71,4,0.18,0,0.0,2.14,0.09,2,0.09,0.16,0,0.0,41,1.83,26.83,4.878,0.0,1.16,42.31,0.54,41.67,0.63,42.86,0.13,2.9,40.0,8.3,37.63,1.92,0.98,0.31,28.75,1.34,1.96,39.91,86.58,9.69,79.72,9.11,93.14,12.59,88.65,36.29,89.42,2.54,64.91,15.46,23.65,0.06,0.58,0.0,0.04,0.04,0.0,0.22,4.02,82.22,1.38,51.61,0.22,60.0,0.45,0.4,4.11,79.35,0,,0,,0,0.0,0.0,0.0,,,0.58,,,0.04,0.0,0.0,0.18,0,0.0
J. Murillo,América de Cali,Atlas,"RW, RAMF, LAMF",30,0,2027-06-30,35,2708,2,3.78,3,3.59,17.55,43.56,Venezuela,Venezuela,right,170,70,no,3.86,3.66,53.64,2.13,43.75,0.23,0.29,0.0,1.66,2.1,0.96,5,0.17,0,0.0,3.16,0.07,2,0.07,0.13,0,0.0,38,1.26,34.21,5.263,0.1,2.03,27.87,0.33,40.0,1.66,26.0,0.23,3.79,55.26,9.27,41.94,1.99,3.02,1.1,20.41,2.09,1.2,26.19,83.76,4.02,66.12,8.51,95.7,8.21,83.4,23.46,89.09,0.8,58.33,16.28,16.91,0.12,0.9,0.0,0.0,0.27,25.0,0.56,1.16,80.0,1.5,48.89,0.33,30.0,0.53,0.6,3.09,78.49,0,,0,,0,0.0,0.0,0.0,,,0.2,,,0.0,0.0,0.0,0.0,0,0.0
I. Moreno,Puebla,Atlético de San Luis,RB,22,0,,13,591,1,0.17,1,0.36,17.06,31.25,Mexico,Mexico,right,173,68,no,9.75,8.53,41.07,1.22,12.5,0.61,0.76,0.0,5.63,7.03,1.22,1,0.15,0,0.0,1.37,0.15,1,0.15,0.03,0,0.0,3,0.46,33.33,33.333,0.15,0.61,75.0,0.0,0.0,0.61,75.0,0.0,2.44,31.25,5.33,28.57,0.76,1.68,1.07,31.68,1.07,0.61,43.4,82.81,16.29,74.77,9.75,85.94,12.18,92.5,40.2,85.61,2.74,44.44,16.38,20.01,0.05,0.46,0.46,0.0,0.15,0.0,0.15,2.89,63.16,1.22,62.5,0.15,0.0,0.61,0.15,7.16,55.32,0,,0,,0,0.0,0.0,0.0,,,0.61,,,0.0,0.0,0.0,0.0,0,0.0
E. Rodríguez,Ludogorets,Santos Laguna,"RW, LW, RAMF",25,0,2027-12-31,19,1497,2,2.75,2,2.15,21.64,42.22,Colombia,Colombia,right,174,68,no,6.13,6.49,61.11,1.92,25.0,0.0,0.0,0.12,2.16,2.67,1.26,2,0.12,0,0.0,3.49,0.12,2,0.12,0.17,0,0.0,19,1.14,42.11,10.526,0.12,1.98,24.24,0.3,40.0,1.56,15.38,0.24,4.33,54.17,11.6,37.31,3.01,3.25,0.9,13.05,1.68,0.78,19.66,71.56,5.29,63.64,4.69,88.46,4.87,69.14,16.71,78.78,1.02,41.18,18.05,24.87,0.13,1.08,0.0,0.0,0.36,50.0,0.48,1.74,62.07,2.22,48.65,0.3,20.0,1.2,0.48,2.46,68.29,0,,0,,0,0.0,0.0,0.0,,,0.12,,,0.0,0.0,0.0,0.0,0,0.0
P. Aquino,Santos Laguna,Santos Laguna,"LCMF, LDMF",31,0,2027-12-31,25,1906,1,0.88,3,0.68,19.08,56.68,Peru,Peru,right,175,71,no,12.28,9.25,62.76,3.54,60.0,0.76,0.91,0.42,5.71,6.88,1.89,9,0.42,1,0.05,0.42,0.05,1,0.05,0.04,1,0.05,5,0.24,40.0,20.0,0.14,0.09,0.0,0.0,0.0,0.09,0.0,0.0,0.71,40.0,4.11,45.98,0.42,0.57,0.19,32.96,0.24,1.46,49.01,87.38,17.8,76.13,4.82,97.06,18.23,95.6,44.43,89.8,4.49,65.26,18.02,32.82,0.03,0.47,0.0,0.0,0.28,16.67,0.14,8.17,78.03,0.94,30.0,0.71,26.67,0.28,0.0,7.93,82.74,0,,0,,0,0.0,0.0,0.0,,,0.14,,,0.05,0.0,0.0,0.0,0,0.0
I. Violante,América,Toluca,"LW, RAMF, LAMF",22,0,2028-06-30,10,213,0,0.31,0,0.0,16.48,56.41,Mexico,Mexico,left,173,69,no,6.76,4.65,72.73,1.27,0.0,0.85,1.09,0.42,2.54,3.27,0.42,1,0.42,0,0.0,5.07,0.0,0,0.0,0.13,0,0.0,4,1.69,50.0,0.0,0.0,1.69,25.0,0.85,0.0,0.85,50.0,0.42,5.49,69.23,9.3,63.64,2.54,3.38,0.85,19.44,3.38,1.27,26.2,80.65,6.76,75.0,8.03,89.47,5.92,92.86,23.24,87.27,1.69,50.0,14.73,7.96,0.0,0.0,0.0,0.0,0.0,0.0,0.0,2.54,100.0,0.85,50.0,0.0,0.0,0.85,0.0,4.23,70.0,0,,0,,0,0.0,0.0,0.0,,,0.0,,,0.0,0.0,0.0,0.0,0,0.0
T. Belmonte,Boca Juniors,Toluca,"LCMF, LDMF, RDMF",28,0,2028-12-31,29,1742,2,1.83,2,0.81,16.58,57.63,Argentina,"Argentina, Italy",right,181,78,no,10.23,7.54,63.7,3.41,51.52,0.83,1.19,0.21,4.6,6.64,1.39,4,0.21,1,0.05,0.62,0.1,2,0.1,0.09,0,0.0,15,0.77,33.33,13.333,0.1,0.15,0.0,0.05,0.0,0.1,0.0,0.0,0.72,50.0,3.05,54.24,1.03,0.31,0.0,35.34,0.31,0.98,47.22,89.82,12.4,75.0,7.7,98.66,20.92,96.3,43.86,93.17,3.2,48.39,18.19,24.12,0.04,0.36,0.0,0.0,0.05,0.0,0.15,5.89,72.81,0.93,50.0,0.52,10.0,0.52,0.05,5.22,79.21,0,,0,,0,0.0,0.0,0.0,,,1.5,,,0.0,0.0,0.0,0.0,0,0.0
C. López,Venados,Necaxa,"CF, AMF",24,0,,4,44,1,0.34,0,0.0,,,Mexico,Mexico,right,182,85,no,,,,,,,0.0,,,2.73,,0,,0,,,,1,,,0,,2,,,50.0,,,,,,,,,,,,,,,,,,,,,,,,,,,,,,,4.01,0.0,,,,,,,,,,,,,,,,,,0,,0,,0,0.0,0.0,,,,,,,,,,,0,0.0
H. Jurado,Cercle Brugge,Necaxa,LW,21,0,2028-06-30,27,1407,1,1.7,6,2.54,21.68,39.82,Mexico,Mexico,left,172,63,no,5.82,7.29,45.61,2.88,15.56,0.26,0.29,0.06,2.24,2.57,1.02,4,0.26,0,0.0,5.18,0.06,1,0.06,0.11,0,0.0,19,1.22,31.58,5.263,0.38,3.77,44.07,3.39,43.4,0.38,50.0,0.26,5.31,59.04,9.72,45.39,1.41,1.6,0.77,11.19,1.09,0.96,17.78,73.02,4.22,60.61,4.48,100.0,6.52,67.65,12.92,84.65,1.22,42.11,21.66,14.45,0.16,0.9,0.06,0.06,0.0,0.0,0.51,1.6,56.0,3.33,42.31,0.06,0.0,0.13,1.54,3.45,70.37,0,,0,,0,0.0,0.0,0.0,,,0.0,,,0.45,0.06,100.0,0.96,0,0.0
Carlos Galicia,Dorados,Club Tijuana,LCMF,22,0,,1,21,0,0.0,0,0.08,,,Mexico,Mexico,left,177,64,no,,,,,,,0.0,,,6.0,,0,,0,,,,0,,,0,,0,,,0.0,,,,,,,,,,,,,,,,,,,,,,,,,,,,,,,17.06,24.53,,,,,,,,,,,,,,,,,,0,,0,,0,0.0,0.0,,,,,,,,,,,0,0.0
D. Gómez,Phoenix Rising,Necaxa,"RCMF, LCMF",22,0,2026-11-30,24,1729,2,1.71,1,0.18,16.5,49.84,Mexico,Mexico,right,171,71,no,9.68,9.32,58.1,1.46,35.71,0.42,0.44,0.16,3.85,4.03,1.56,3,0.16,0,0.0,0.99,0.1,2,0.1,0.09,0,0.0,14,0.73,35.71,14.286,0.05,0.16,33.33,0.16,33.33,0.0,0.0,0.0,1.3,48.0,3.28,34.92,0.62,0.05,0.05,12.91,0.16,0.78,23.42,84.0,10.25,77.16,3.02,96.55,6.25,85.0,20.77,87.22,2.5,60.42,17.66,30.37,0.01,0.16,0.0,0.0,0.05,100.0,0.16,3.59,69.57,0.52,50.0,0.16,33.33,0.16,0.05,3.7,69.01,0,,0,,0,0.0,0.0,0.0,,,0.05,,,0.0,0.0,0.0,0.0,0,0.0
A. Andrade,Atlético Morelia,Necaxa,LCMF,24,0,,22,1042,3,1.3,0,0.13,16.24,56.91,Mexico,Mexico,left,178,76,no,9.41,7.69,58.43,2.85,69.7,0.95,1.06,0.6,3.97,4.44,1.9,3,0.26,0,0.0,0.86,0.26,3,0.26,0.11,1,0.09,9,0.78,44.44,33.333,0.0,0.43,20.0,0.43,20.0,0.0,0.0,0.0,0.78,55.56,2.85,48.48,0.69,1.04,0.09,12.35,0.35,1.21,22.11,75.39,7.6,56.82,3.71,90.7,7.08,87.8,19.0,79.55,2.68,54.84,17.63,20.94,0.01,0.17,0.0,0.0,0.09,0.0,0.09,3.63,61.9,0.86,40.0,0.26,0.0,0.43,0.0,3.45,57.5,0,,0,,0,0.0,0.0,0.0,,,0.35,,,0.0,0.0,0.0,0.0,0,0.0
Jaime Álvarez,Dorados,Club Tijuana,RW,23,0,,1,6,0,0.0,0,0.0,,,Mexico,Mexico,right,165,65,no,,,,,,,0.0,,,0.0,,0,,0,,,,0,,,0,,0,,,0.0,,,,,,,,,,,,,,,,,,,,,,,,,,,,,,,10.99,0.0,,,,,,,,,,,,,,,,,,0,,0,,0,0.0,0.0,,,,,,,,,,,0,0.0
K. Castañeda,Guadalajara,Club Tijuana,"LCMF, RCMF",26,0,2031-06-30,30,1593,3,3.73,1,2.6,15.03,41.73,Mexico,Mexico,right,170,71,no,4.92,4.69,54.22,1.36,41.67,0.11,0.15,0.06,2.26,3.01,1.19,3,0.17,0,0.0,2.94,0.17,3,0.17,0.21,0,0.0,61,3.45,26.23,4.918,0.06,1.19,38.1,0.51,44.44,0.68,33.33,0.11,2.54,51.11,6.72,34.45,1.3,1.75,1.02,28.31,0.45,1.02,40.51,84.66,13.84,77.96,5.42,96.88,15.25,89.26,35.08,87.76,4.24,72.0,19.32,30.37,0.15,1.41,0.06,0.0,0.28,100.0,0.56,8.25,80.82,3.16,64.29,0.9,62.5,1.86,0.51,8.59,86.18,0,,0,,0,0.0,0.0,0.0,,,0.23,,,0.9,0.45,37.5,1.69,0,0.0
J. Paradela,Cruz Azul,Necaxa,"CF, AMF, RCMF",27,0,2029-06-30,17,1551,5,4.08,4,2.91,23.21,47.75,Argentina,Argentina,left,179,71,no,4.87,4.99,68.6,1.74,53.33,0.06,0.06,0.17,1.39,1.48,1.04,3,0.17,0,0.0,5.11,0.29,4,0.23,0.24,0,0.0,37,2.15,43.24,13.514,0.23,1.51,30.77,0.7,33.33,0.81,28.57,0.12,6.27,54.63,13.17,43.61,1.39,3.89,2.09,15.73,0.41,1.51,24.43,71.73,9.81,65.68,3.66,84.13,7.37,74.02,20.37,77.49,2.79,52.08,18.57,28.61,0.17,1.22,0.06,0.06,1.04,27.78,0.75,5.92,65.69,3.48,48.33,1.74,33.33,1.16,0.46,5.74,80.81,0,,0,,0,0.0,0.0,0.0,,,0.06,,,1.28,0.29,20.0,1.57,1,100.0
D. Cambindo,León,Necaxa,CF,30,0,2028-12-31,32,2337,12,9.15,4,2.8,28.27,31.74,Colombia,Colombia,right,188,80,no,3.27,4.62,42.5,7.82,35.47,0.08,0.1,0.08,1.23,1.56,2.5,7,0.27,1,0.04,2.62,0.46,12,0.46,0.35,1,0.04,71,2.73,33.8,16.901,0.15,0.35,55.56,0.15,50.0,0.15,50.0,0.0,3.16,45.12,10.47,29.78,3.62,1.54,0.65,8.86,2.04,0.65,11.98,68.49,2.27,49.15,3.12,88.89,3.04,63.29,11.21,69.76,0.42,45.45,14.36,9.54,0.11,0.58,0.08,0.04,0.15,50.0,0.35,1.16,50.0,0.81,57.14,0.12,33.33,0.62,0.19,1.04,62.96,0,,0,,0,0.0,0.0,0.0,,,0.0,,,0.0,0.0,0.0,0.0,1,0.0
E. Álvarez,Guadalajara,Club Tijuana,"LW, AMF",24,0,2029-06-30,18,1063,3,1.83,5,2.97,16.09,40.53,United States,"United States, Mexico",left,175,72,no,4.4,3.56,66.67,0.93,18.18,0.34,0.41,0.0,1.69,2.06,0.59,2,0.17,0,0.0,4.74,0.25,3,0.25,0.15,0,0.0,22,1.86,40.91,13.636,0.42,3.89,36.96,3.22,39.47,0.42,20.0,0.51,4.49,52.83,9.82,34.48,2.79,1.52,0.51,22.1,1.19,0.68,29.8,74.72,6.86,71.6,5.76,85.29,11.09,73.28,24.05,82.39,2.03,54.17,17.88,27.04,0.25,1.69,0.0,0.08,0.17,100.0,0.59,2.71,81.25,4.32,43.14,0.68,37.5,1.27,1.35,5.76,86.76,0,,0,,0,0.0,0.0,0.0,,,0.0,,,1.19,0.25,66.67,2.71,0,0.0
S. Olmedo,Colón,Puebla,RCB,25,0,2026-12-31,33,3102,1,0.32,1,0.03,15.03,59.85,Paraguay,Paraguay,right,182,76,yes,10.04,7.31,64.68,2.93,46.53,0.41,0.52,0.9,4.9,6.28,0.84,10,0.29,0,0.0,0.49,0.03,1,0.03,0.01,1,0.03,2,0.06,50.0,50.0,0.03,0.12,25.0,0.0,0.0,0.12,25.0,0.0,0.58,70.0,1.97,58.82,0.17,0.61,0.26,24.52,0.26,0.7,37.83,86.96,15.49,77.34,1.83,88.89,16.77,95.85,32.06,91.31,5.66,63.59,21.04,34.72,0.0,0.06,0.0,0.0,0.03,100.0,0.0,3.31,62.28,0.55,26.32,0.26,44.44,0.12,0.03,7.08,67.21,0,,0,,0,0.0,0.0,0.0,,,1.16,,,0.0,0.0,0.0,0.0,0,0.0
L. de los Santos,Defensor Sporting,Puebla,"RCMF, LCMF",25,0,2026-12-31,12,270,0,0.0,0,0.0,16.33,42.86,Uruguay,Uruguay,right,182,80,no,8.0,7.0,38.1,4.0,66.67,0.33,0.51,0.0,5.0,7.63,2.33,2,0.67,0,0.0,0.67,0.0,0,0.0,0.0,0,0.0,0,0.0,0.0,0.0,0.0,0.67,0.0,0.0,0.0,0.67,0.0,0.0,0.67,100.0,3.33,40.0,0.33,0.33,0.0,21.0,0.33,0.67,30.0,73.33,8.67,38.46,3.33,100.0,11.67,88.57,27.0,80.25,2.33,14.29,13.28,11.91,0.0,0.0,0.0,0.0,1.0,0.0,0.0,3.67,36.36,1.67,20.0,1.67,0.0,0.33,0.0,3.0,55.56,0,,0,,0,0.0,0.0,0.0,,,0.0,,,0.0,0.0,0.0,0.0,0,0.0
S. Ormeño,Wanderers,Puebla,CF,32,0,,20,867,4,3.24,0,1.02,27.2,35.88,Mexico,"Mexico, Peru",left,187,84,no,3.94,4.67,48.89,6.75,41.54,0.52,0.67,0.0,1.14,1.47,0.52,0,0.0,0,0.0,1.45,0.42,3,0.31,0.34,1,0.1,18,1.87,33.33,22.222,0.0,0.42,50.0,0.31,66.67,0.1,0.0,0.21,1.56,40.0,10.17,26.53,2.28,0.1,0.1,6.96,0.93,1.04,13.18,81.1,1.87,61.11,4.57,90.91,3.84,81.08,12.46,82.5,0.31,66.67,12.78,5.99,0.11,0.31,0.1,0.0,0.31,0.0,0.21,0.93,66.67,0.62,0.0,0.21,0.0,0.31,0.21,0.62,33.33,0,,0,,0,0.0,0.0,0.0,,,0.0,,,0.0,0.0,0.0,0.0,1,100.0
R. Franco,Mazatlán U20,Mazatlán,LCB,22,0,,1,15,0,0.0,0,0.0,,,Mexico,Mexico,right,192,75,no,,,,,,,0.0,,,10.0,,0,,0,,,,0,,,0,,0,,,0.0,,,,,,,,,,,,,,,,,,,,,,,,,,,,,,,13.38,0.0,,,,,,,,,,,,,,,,,,0,,0,,0,0.0,0.0,,,,,,,,,,,0,0.0
R. Camacho,Tlaxcala,Mazatlán,CF,24,0,,11,272,0,0.17,0,0.21,28.46,26.74,Mexico,Mexico,right,182,78,no,3.31,2.98,44.44,9.93,16.67,0.0,0.0,0.0,1.99,2.69,0.99,1,0.33,0,0.0,0.66,0.0,0,0.0,0.06,0,0.0,3,0.99,33.33,0.0,0.0,0.99,0.0,0.33,0.0,0.66,0.0,0.33,0.66,50.0,11.58,34.29,2.65,0.66,0.0,7.94,1.32,3.31,12.9,66.67,0.99,66.67,3.97,75.0,4.63,64.29,11.91,72.22,0.0,0.0,7.8,0.0,0.07,0.66,0.0,0.0,0.0,0.0,0.0,0.66,50.0,0.33,0.0,0.0,0.0,0.33,0.0,0.99,33.33,0,,0,,0,0.0,0.0,0.0,,,0.0,,,0.0,0.0,0.0,0.0,0,0.0
S. Rodríguez,Tepatitlán de Morelos,Mazatlán,LB,24,0,2027-06-30,7,428,0,0.07,0,0.18,19.98,53.68,Mexico,Mexico,left,178,67,no,11.14,10.72,54.9,2.73,61.54,0.84,1.02,0.42,4.42,5.34,0.84,0,0.0,0,0.0,2.52,0.0,0,0.0,0.01,0,0.0,2,0.42,50.0,0.0,0.0,2.31,18.18,2.31,18.18,0.0,0.0,0.0,2.52,75.0,5.05,54.17,0.63,1.68,0.0,23.97,1.68,1.47,33.86,72.05,14.72,62.86,5.05,91.67,9.25,75.0,26.29,85.6,5.26,28.0,19.53,23.57,0.04,0.42,0.0,0.0,0.0,0.0,0.42,6.1,58.62,1.68,25.0,0.21,0.0,0.0,0.42,6.94,72.73,0,,0,,0,0.0,0.0,0.0,,,0.42,,,0.0,0.0,0.0,0.0,0,0.0
G. Garcia,Guadalajara U21,Guadalajara,"LWF, LW",18,0,,1,15,0,0.0,0,0.0,,,Mexico,Mexico,unknown,0,0,no,,,,,,,0.0,,,15.0,,0,,0,,,,0,,,0,,0,,,0.0,,,,,,,,,,,,,,,,,,,,,,,,,,,,,,,15.38,0.0,,,,,,,,,,,,,,,,,,0,,0,,0,0.0,0.0,,,,,,,,,,,0,0.0
M. Chávez,AZ,Guadalajara,LB,22,0,2030-06-30,11,827,0,0.34,0,0.62,24.49,49.78,Mexico,Mexico,left,177,73,no,14.04,11.97,62.73,2.29,52.38,1.52,2.12,0.0,5.01,6.97,2.07,3,0.33,0,0.0,2.39,0.0,0,0.0,0.04,0,0.0,3,0.33,0.0,0.0,0.0,2.5,34.78,2.5,34.78,0.0,0.0,0.33,3.81,40.0,8.16,34.67,1.2,1.52,0.33,23.4,1.31,0.44,32.43,74.16,12.3,61.95,5.66,88.46,9.47,74.71,26.88,81.38,3.26,43.33,18.19,34.49,0.07,0.76,0.0,0.0,0.11,0.0,0.33,5.01,63.04,2.29,38.1,0.11,0.0,0.33,0.87,5.88,72.22,0,,0,,0,0.0,0.0,0.0,,,0.76,,,0.0,0.0,0.0,0.0,0,0.0
R. Rangel,Guadalajara,Guadalajara,GK,26,0,2028-06-30,23,2244,0,0.0,0,0.06,0.76,73.68,Mexico,Mexico,right,191,88,no,1.28,0.08,100.0,0.56,71.43,0.0,0.0,0.0,1.2,1.55,0.0,4,0.16,0,0.0,0.0,0.0,0,0.0,0.0,0,0.0,0,0.0,0.0,0.0,0.0,0.0,0.0,0.0,0.0,0.0,0.0,0.0,0.04,0.0,0.08,50.0,0.0,0.0,0.0,10.83,0.36,0.04,18.97,90.49,9.3,82.33,0.0,0.0,8.98,98.66,14.4,98.89,4.49,65.18,30.53,51.06,0.0,0.04,0.0,0.0,0.0,0.0,0.04,1.72,51.16,0.24,16.67,0.08,50.0,0.04,0.0,3.21,76.25,19,0.76,93,3.73,9,79.57,24.42,0.98,5.42,0.217,0.0,1.76,0.56,,,,0.0,0,0.0
R. Alvarado,Guadalajara,Guadalajara,"RWF, RW, RAMF",27,0,2029-06-30,36,3535,11,9.91,6,3.79,22.91,40.89,Mexico,Mexico,left,176,70,no,4.74,4.4,56.65,2.27,35.96,0.15,0.2,0.1,2.09,2.72,0.94,8,0.2,0,0.0,4.33,0.28,6,0.15,0.25,0,0.0,71,1.81,42.25,15.493,0.15,2.19,31.4,0.48,52.63,1.65,24.62,0.08,5.75,47.79,14.1,36.46,2.57,3.36,0.92,26.48,1.88,1.48,36.1,80.47,9.65,71.5,7.15,91.81,12.68,81.93,30.93,85.84,3.18,58.4,18.76,37.47,0.1,1.4,0.0,0.03,0.36,35.71,0.56,5.02,72.59,3.18,55.2,0.84,36.36,1.48,0.69,5.22,82.44,0,,0,,0,0.0,0.0,0.0,,,0.13,,,0.56,0.13,20.0,2.65,5,100.0
R. Orquin,América,Juárez,LB,23,0,,9,820,0,0.06,0,0.43,16.9,50.0,United States,"United States, Mexico",left,177,70,no,7.35,6.26,64.91,2.3,57.14,0.0,0.0,0.33,3.29,4.62,0.55,3,0.33,0,0.0,2.63,0.0,0,0.0,0.01,0,0.0,2,0.22,0.0,0.0,0.0,3.07,21.43,2.85,19.23,0.22,50.0,0.44,3.07,64.29,6.37,43.1,1.21,1.21,0.77,23.05,0.99,0.55,29.52,79.55,10.32,76.6,5.27,97.92,9.11,77.11,24.48,89.24,2.52,43.48,18.69,25.56,0.05,0.77,0.0,0.0,0.0,0.0,0.0,3.07,67.86,2.85,26.92,0.11,0.0,0.22,0.88,4.28,66.67,0,,0,,0,0.0,0.0,0.0,,,0.66,,,0.11,0.0,0.0,1.21,0,0.0
D. García,Juárez,Juárez,"RCMF, LCMF",22,0,2029-06-30,27,1756,1,1.19,0,0.44,17.37,52.51,Mexico,Mexico,right,170,65,no,7.69,7.64,59.73,2.15,59.52,0.21,0.24,0.21,2.92,3.45,1.18,1,0.05,0,0.0,1.38,0.05,1,0.05,0.06,0,0.0,26,1.33,11.54,3.846,0.0,0.51,30.0,0.15,66.67,0.31,16.67,0.05,2.0,51.28,5.59,43.12,0.21,0.67,0.36,24.7,0.41,0.77,35.57,84.44,9.28,65.19,6.3,96.75,14.25,91.37,31.01,89.59,4.05,51.9,19.79,35.52,0.02,0.56,0.0,0.0,0.31,16.67,0.1,5.64,64.55,1.08,28.57,0.41,25.0,0.21,0.15,5.07,62.63,0,,0,,0,0.0,0.0,0.0,,,0.36,,,0.05,0.0,0.0,0.0,0,0.0
M. Castro,Juventude,Juárez,"RW, RAMF, RWF",30,0,2026-12-31,15,760,2,2.14,3,1.68,16.7,43.26,Uruguay,Uruguay,right,175,73,no,4.74,5.09,51.16,3.43,17.24,0.36,0.53,0.0,1.78,2.66,1.42,2,0.24,0,0.0,3.91,0.24,2,0.24,0.25,2,0.24,17,2.01,23.53,11.765,0.36,4.03,35.29,0.12,0.0,3.91,36.36,0.59,2.72,73.91,6.28,54.72,3.79,1.18,0.71,18.83,1.66,1.18,27.36,71.0,5.33,44.44,7.22,93.44,9.24,67.95,21.43,80.11,2.01,41.18,18.04,28.06,0.2,1.42,0.0,0.0,0.24,0.0,0.47,2.01,58.82,3.91,42.42,0.12,0.0,1.07,1.66,4.62,56.41,0,,0,,0,0.0,0.0,0.0,,,0.0,,,1.3,0.12,0.0,2.84,0,0.0
L. Gómez,Santos Laguna,Santos Laguna,LCMF,19,0,,1,11,0,0.0,0,0.0,,,Mexico,Mexico,unknown,0,0,no,,,,,,,30.0,,,0.0,,0,,0,,,,0,,,0,,0,,,0.0,,,,,,,,,,,,,,,,,,,,,,,,,,,,,,,12.96,0.0,,,,,,,,,,,,,,,,,,0,,0,,0,0.0,0.0,,,,,,,,,,,0,0.0
S. Núñez,Estudiantes,Santos Laguna,RCB,26,0,2028-12-31,14,1373,0,0.35,0,0.24,16.65,60.63,Argentina,Argentina,right,186,86,no,13.11,8.19,66.4,4.59,58.57,0.85,1.03,1.31,6.82,8.21,1.64,3,0.2,0,0.0,0.26,0.0,0,0.0,0.02,0,0.0,5,0.33,40.0,0.0,0.0,0.0,0.0,0.0,0.0,0.0,0.0,0.0,0.26,50.0,0.79,41.67,0.59,0.07,0.07,27.79,0.59,0.39,40.31,81.95,18.88,67.01,2.29,97.14,16.58,95.65,33.5,89.63,6.82,44.23,22.41,37.46,0.02,0.07,0.0,0.0,0.0,0.0,0.07,3.54,51.85,0.2,0.0,0.59,22.22,0.07,0.0,8.06,53.66,0,,0,,0,0.0,0.0,0.0,,,1.57,,,0.0,0.0,0.0,0.0,0,0.0
G. Muñoz,Celaya,Santos Laguna,"LW, RW",21,0,,1,21,0,0.0,0,0.0,,,Mexico,Mexico,right,170,59,no,,,,,,,0.0,,,7.5,,1,,0,,,,0,,,0,,0,,,0.0,,,,,,,,,,,,,,,,,,,,,,,,,,,,,,,17.48,52.06,,,,,,,,,,,,,,,,,,0,,0,,0,0.0,0.0,,,,,,,,,,,0,0.0
L. Vega,Pérez Zeledón,Santos Laguna,"RW, LW, LB",22,0,2027-06-30,5,130,0,0.01,0,0.29,22.85,24.24,Mexico,Mexico,left,177,69,no,6.23,4.15,50.0,0.0,0.0,0.0,0.0,0.69,4.15,9.0,2.08,1,0.69,0,0.0,2.08,0.0,0,0.0,0.0,0,0.0,1,0.69,0.0,0.0,0.0,1.38,50.0,0.0,0.0,1.38,50.0,0.0,4.85,28.57,14.54,23.81,2.08,1.38,0.0,37.38,0.69,2.77,47.08,89.71,9.0,92.31,16.62,100.0,11.77,82.35,45.69,90.91,0.0,0.0,14.1,0.0,0.2,0.69,0.0,0.69,0.0,0.0,0.69,5.54,87.5,2.08,66.67,0.0,0.0,0.69,0.69,5.54,87.5,0,,0,,0,0.0,0.0,0.0,,,0.0,,,0.69,0.69,0.0,0.0,0,0.0
E. Santillán,Irapuato,Santos Laguna,RB,22,0,,1,16,0,0.0,1,0.23,,,Mexico,Mexico,right,172,65,no,,,,,,,0.0,,,0.0,,0,,0,,,,0,,,0,,0,,,0.0,,,,,,,,,,,,,,,,,,,,,,,,,,,,,,,25.04,65.48,,,,,,,,,,,,,,,,,,0,,0,,0,0.0,0.0,,,,,,,,,,,0,0.0
E. Echeverría,Santos Laguna,Santos Laguna,LB,22,0,,12,927,1,0.2,0,0.16,16.7,47.67,Mexico,Mexico,left,174,68,no,8.45,8.25,51.76,1.46,33.33,0.0,0.0,0.29,4.17,5.54,0.97,1,0.1,0,0.0,1.36,0.1,1,0.1,0.02,0,0.0,2,0.19,50.0,50.0,0.0,1.07,9.09,1.07,9.09,0.0,0.0,0.1,1.94,60.0,4.66,52.08,0.68,0.87,0.29,29.51,2.04,0.87,36.8,79.16,11.94,64.23,7.38,96.05,10.87,85.71,32.91,83.19,3.01,54.84,16.39,25.16,0.02,0.29,0.0,0.0,0.0,0.0,0.1,2.33,62.5,0.68,28.57,0.0,0.0,0.1,0.1,6.7,50.72,0,,0,,0,0.0,0.0,0.0,,,0.58,,,0.0,0.0,0.0,0.0,0,0.0
J. Carrillo,Guadalajara,Santos Laguna,"LW, CF, AMF",24,0,2030-06-30,15,1235,1,0.8,2,2.42,25.65,44.03,Mexico,Mexico,right,168,62,no,5.03,5.17,56.34,1.38,31.58,0.07,0.1,0.0,2.04,2.71,1.17,1,0.07,0,0.0,3.13,0.07,1,0.07,0.06,0,0.0,15,1.09,13.33,6.667,0.15,0.22,33.33,0.15,50.0,0.07,0.0,0.0,5.25,51.39,16.54,40.97,0.73,1.46,0.44,29.37,1.24,3.79,39.06,87.5,9.18,74.6,10.13,93.53,13.26,91.21,35.85,89.23,2.99,70.73,16.37,22.73,0.18,1.38,0.15,0.0,0.22,100.0,0.29,5.76,78.48,1.46,55.0,0.87,50.0,0.66,0.07,4.88,73.13,0,,0,,0,0.0,0.0,0.0,,,0.0,,,1.31,0.29,25.0,2.62,0,0.0
J. Luna,Tigres UANL U23,Tigres UANL,LAMF,23,0,,1,10,0,0.0,0,0.0,,,Mexico,Mexico,left,172,59,no,,,,,,,0.0,,,0.0,,0,,0,,,,0,,,0,,0,,,0.0,,,,,,,,,,,,,,,,,,,,,,,,,,,,,,,28.49,63.15,,,,,,,,,,,,,,,,,,0,,0,,0,0.0,0.0,,,,,,,,,,,0,0.0
S. Fierro,Mazatlán,Tigres UANL,"DMF, LCMF, LDMF",24,0,,14,482,0,0.02,0,0.0,12.32,48.48,Mexico,Mexico,right,175,63,no,7.1,5.6,63.33,2.05,18.18,0.93,1.26,0.93,2.61,3.53,1.12,2,0.37,0,0.0,0.19,0.0,0,0.0,0.0,0,0.0,2,0.37,0.0,0.0,0.0,0.19,0.0,0.0,0.0,0.19,0.0,0.0,0.19,100.0,2.99,43.75,0.0,0.37,0.19,29.13,0.19,0.93,42.39,90.75,10.08,79.63,6.91,97.3,18.3,95.92,40.71,91.74,1.49,75.0,15.93,11.09,0.0,0.0,0.0,0.0,0.0,0.0,0.0,3.73,75.0,0.56,33.33,0.0,0.0,0.19,0.0,4.85,76.92,0,,0,,0,0.0,0.0,0.0,,,0.93,,,0.0,0.0,0.0,0.0,0,0.0
F. Gorriarán,Tigres UANL,Tigres UANL,"RCMF, RDMF, LCMF",31,0,2026-12-31,41,3297,1,4.07,6,5.38,14.85,44.3,Uruguay,Uruguay,right,168,69,no,6.33,5.57,56.37,1.99,35.62,0.25,0.36,0.11,2.95,4.27,1.17,4,0.11,0,0.0,2.13,0.03,1,0.03,0.11,0,0.0,51,1.39,21.57,1.961,0.16,2.07,34.21,0.55,60.0,1.5,25.45,0.16,1.58,50.0,5.16,35.98,2.07,0.6,0.22,34.89,1.01,0.87,45.72,83.82,11.74,74.19,9.64,95.18,15.23,82.8,41.06,88.5,2.7,47.47,16.94,35.63,0.15,1.26,0.08,0.08,0.55,60.0,0.52,5.38,71.07,2.57,46.81,0.71,50.0,0.87,0.66,5.71,77.99,0,,0,,0,0.0,0.0,0.0,,,0.71,,,0.33,0.11,0.0,1.61,0,0.0
J. Brunetta,Tigres UANL,Tigres UANL,"AMF, CF",29,0,2027-12-31,37,3338,17,12.52,15,10.76,19.95,43.92,Argentina,"Argentina, Italy",right,178,68,no,3.48,2.78,61.17,1.08,17.5,0.16,0.22,0.03,1.62,2.18,0.51,5,0.13,0,0.0,5.07,0.46,16,0.43,0.34,0,0.0,126,3.4,36.51,13.492,0.4,1.46,27.78,0.84,29.03,0.59,27.27,0.19,5.58,54.59,13.7,43.31,2.99,3.56,1.59,25.45,1.59,1.51,34.32,85.0,8.95,74.7,7.71,93.01,12.32,88.18,30.36,89.34,2.56,65.26,18.49,36.56,0.29,1.86,0.13,0.03,0.73,51.85,0.7,5.01,74.73,2.7,61.0,0.92,44.12,1.48,0.43,4.31,85.63,0,,0,,0,0.0,0.0,0.0,,,0.22,,,1.94,0.4,53.33,3.83,1,100.0
J. Angulo,Tigres UANL,Tigres UANL,"LB, LCB",28,0,2028-06-30,39,3710,3,0.81,0,2.17,16.4,57.1,Mexico,Mexico,left,179,80,no,9.15,7.86,62.96,2.52,54.81,0.39,0.56,0.27,3.81,5.5,1.14,12,0.29,0,0.0,1.31,0.07,3,0.07,0.02,0,0.0,19,0.46,31.58,15.789,0.0,0.99,48.78,0.97,47.5,0.0,0.0,0.02,0.9,64.86,2.98,49.59,0.36,0.78,0.32,31.63,1.09,1.02,42.84,85.16,17.73,73.6,5.09,93.81,14.82,94.27,35.95,91.7,5.92,51.23,21.0,40.17,0.05,0.53,0.02,0.05,0.19,50.0,0.22,7.3,66.45,2.11,43.68,1.16,35.42,0.46,0.49,8.93,79.08,0,,0,,0,0.0,0.0,0.0,,,1.26,,,0.0,0.0,0.0,0.0,0,0.0
D. Lainez,Tigres UANL,Tigres UANL,"LW, LAMF, RW",26,0,2027-06-30,31,2487,4,1.43,4,4.67,21.39,49.24,Mexico,"Mexico, Spain",left,168,58,no,6.3,6.59,56.59,0.87,25.0,0.11,0.15,0.07,2.46,3.46,1.38,13,0.47,0,0.0,4.85,0.14,4,0.14,0.05,0,0.0,26,0.94,19.23,15.385,0.14,3.94,28.44,2.93,25.93,1.01,35.71,0.29,6.22,53.49,11.72,47.84,2.06,3.8,1.59,20.59,1.16,1.81,29.86,77.21,6.41,67.8,8.14,96.44,7.96,70.45,24.9,85.9,1.12,51.61,17.31,20.24,0.17,1.34,0.04,0.0,0.4,54.55,0.83,2.06,77.19,3.29,49.45,0.25,28.57,1.12,1.05,4.2,71.55,0,,0,,0,0.0,0.0,0.0,,,0.14,,,0.22,0.0,0.0,1.19,0,0.0
P. Monroy,Pumas UNAM,Pumas UNAM,"LB, RB",24,0,,26,1722,0,0.19,0,0.27,15.47,46.96,Mexico,Mexico,right,170,70,no,8.1,7.79,56.38,2.35,42.22,0.68,0.87,0.05,3.03,3.88,1.15,9,0.47,0,0.0,1.2,0.0,0,0.0,0.01,0,0.0,9,0.47,11.11,0.0,0.0,1.46,21.43,0.89,17.65,0.57,27.27,0.1,1.72,45.45,3.76,36.11,0.42,1.15,0.68,25.14,1.2,0.52,33.4,84.35,13.48,77.52,5.07,94.85,9.98,87.43,28.8,92.92,3.29,33.33,20.49,34.79,0.01,0.21,0.05,0.0,0.1,50.0,0.21,4.76,64.84,1.41,33.33,0.42,37.5,0.1,0.42,6.48,77.42,0,,0,,0,0.0,0.0,0.0,,,1.05,,,0.0,0.0,0.0,0.0,0,0.0
R. López,Pumas UNAM,Pumas UNAM,"RCMF, RW",24,0,2026-12-31,28,1397,1,0.36,1,0.56,17.14,39.1,Mexico,Mexico,right,173,65,no,5.86,5.6,49.43,2.06,31.25,0.58,0.77,0.13,2.51,3.35,1.22,7,0.45,0,0.0,1.8,0.06,1,0.06,0.02,0,0.0,18,1.16,16.67,5.556,0.06,2.45,23.68,0.64,10.0,1.8,28.57,0.13,2.0,51.61,7.47,36.21,0.71,1.1,0.52,26.99,0.64,0.77,37.88,83.16,9.15,73.24,6.12,96.84,15.27,83.54,31.63,90.43,3.99,59.68,18.4,29.07,0.04,0.45,0.0,0.0,0.0,0.0,0.13,5.67,76.14,2.58,32.5,0.26,50.0,0.26,0.71,5.86,74.73,0,,0,,0,0.0,0.0,0.0,,,0.32,,,0.0,0.0,0.0,0.0,0,0.0
M. Casares,Pumas UNAM U23,Pumas UNAM,LCB,23,0,,2,144,0,0.0,0,0.0,11.25,66.67,Mexico,Mexico,left,184,74,no,6.88,5.63,77.78,4.38,57.14,0.0,0.0,1.25,2.5,3.53,1.25,0,0.0,0,0.0,0.0,0.0,0,0.0,0.0,0,0.0,0,0.0,0.0,0.0,0.0,0.0,0.0,0.0,0.0,0.0,0.0,0.0,0.0,0.0,0.63,0.0,0.0,0.0,0.0,25.0,0.0,0.63,28.75,91.3,8.13,69.23,0.0,0.0,18.75,100.0,26.25,97.62,2.5,25.0,24.91,50.24,0.0,0.0,0.0,0.0,0.0,0.0,0.0,2.5,25.0,1.25,50.0,1.25,50.0,0.63,0.0,3.13,40.0,0,,0,,0,0.0,0.0,0.0,,,0.0,,,0.0,0.0,0.0,0.0,0,0.0
Piero Quispe,Pumas UNAM,Pumas UNAM,"AMF, LCMF",24,0,,17,1303,1,1.24,0,1.66,16.78,45.68,Peru,Peru,,0,0,no,6.15,5.94,48.84,1.04,0.0,0.97,1.25,0.0,2.28,2.96,1.31,1,0.07,0,0.0,3.11,0.07,1,0.07,0.09,0,0.0,12,0.83,41.67,8.333,0.0,0.97,50.0,0.76,45.45,0.21,66.67,0.35,2.83,63.41,8.01,51.72,1.31,3.25,0.83,30.53,1.04,1.04,41.3,89.63,11.81,83.04,6.98,94.06,14.23,94.66,38.33,92.07,2.07,63.33,16.45,25.56,0.11,1.38,0.14,0.0,0.76,63.64,0.41,5.8,88.1,3.04,70.45,0.9,46.15,1.38,0.48,6.7,79.38,0,,0,,0,0.0,0.0,0.0,,,0.07,,,0.07,0.0,0.0,0.69,0,0.0
J. Sanabria,Real Salt Lake,Atlético de San Luis,LB,26,0,2030-06-30,38,3748,1,1.94,7,6.59,14.36,53.18,Uruguay,"Uruguay, Spain",left,173,62,no,8.38,6.92,54.51,2.28,55.79,0.5,0.64,0.29,4.11,5.24,1.06,8,0.19,0,0.0,2.28,0.02,1,0.02,0.05,0,0.0,39,0.94,25.64,2.564,0.17,3.12,33.08,3.03,33.33,0.07,33.33,0.29,1.61,58.21,3.27,50.74,1.39,1.37,0.5,30.64,2.35,0.55,39.67,80.87,12.46,75.34,5.88,95.51,14.79,80.03,32.97,88.57,3.77,52.23,19.92,38.75,0.16,1.39,0.12,0.02,0.29,25.0,0.55,4.11,68.42,3.05,48.82,0.36,26.67,0.7,0.89,7.76,71.52,0,,0,,0,0.0,0.0,0.0,,,0.22,,,1.01,0.22,11.11,1.56,0,0.0
M. Klimowicz,Cerro Porteño,Atlético de San Luis,"LAMF, LW, CF",26,0,2027-12-31,28,1464,3,3.27,0,0.66,20.59,41.79,Argentina,"Argentina, Germany",right,181,75,no,6.45,6.02,54.08,0.74,33.33,1.35,1.67,0.06,1.84,2.28,1.23,6,0.37,0,0.0,3.32,0.18,3,0.18,0.2,0,0.0,38,2.34,44.74,7.895,0.0,1.05,17.65,0.98,18.75,0.06,0.0,0.25,4.86,41.77,11.5,37.97,2.27,1.72,0.86,19.55,1.41,1.11,24.41,79.09,5.78,63.83,6.27,92.16,7.07,78.26,21.89,83.15,1.48,62.5,15.58,17.63,0.04,0.61,0.0,0.0,0.55,11.11,0.18,2.4,71.79,1.48,45.83,0.68,27.27,0.61,0.25,2.89,70.21,0,,0,,0,0.0,0.0,0.0,,,0.0,,,0.0,0.0,0.0,0.0,0,0.0
C. Garza,Monterrey,Monterrey,"RCMF, LCMF",21,0,,8,291,1,1.47,0,0.0,19.18,53.23,Mexico,Mexico,right,170,64,no,7.73,8.04,65.38,1.86,16.67,0.31,0.41,0.0,2.16,2.84,1.86,0,0.0,0,0.0,1.24,0.31,1,0.31,0.45,0,0.0,5,1.55,40.0,20.0,0.0,0.93,0.0,0.31,0.0,0.62,0.0,0.0,2.16,28.57,8.35,51.85,2.16,0.93,0.62,28.76,1.24,1.86,40.52,87.79,7.73,68.0,9.9,96.88,12.68,92.68,37.73,90.16,1.86,83.33,11.28,14.55,0.0,0.0,0.0,0.0,0.0,0.0,0.0,4.02,84.62,0.62,0.0,0.0,0.0,0.0,0.0,1.55,60.0,0,,0,,0,0.0,0.0,0.0,,,1.55,,,0.0,0.0,0.0,0.0,0,0.0
Á. Jordán,,Monterrey,CF,21,0,,4,66,0,0.0,0,0.0,23.18,29.41,Mexico,Mexico,right,180,76,no,2.73,4.09,33.33,8.18,33.33,0.0,0.0,0.0,1.36,1.5,1.36,0,0.0,0,0.0,1.36,0.0,0,0.0,0.0,0,0.0,0,0.0,0.0,0.0,0.0,0.0,0.0,0.0,0.0,0.0,0.0,0.0,1.36,100.0,6.82,20.0,0.0,2.73,0.0,5.45,1.36,0.0,10.91,87.5,2.73,100.0,1.36,100.0,5.45,75.0,10.91,87.5,0.0,0.0,15.91,0.0,0.0,0.0,0.0,0.0,0.0,0.0,0.0,1.36,100.0,0.0,0.0,0.0,0.0,0.0,0.0,0.0,0.0,0,,0,,0,0.0,0.0,0.0,,,0.0,,,0.0,0.0,0.0,0.0,0,0.0
I. Suárez,,Monterrey,RW,23,0,,1,27,0,0.0,0,0.0,,,Mexico,Mexico,right,169,74,no,,,,,,,0.0,,,0.0,,0,,0,,,,0,,,0,,0,,,0.0,,,,,,,,,,,,,,,,,,,,,,,,,,,,,,,12.81,0.0,,,,,,,,,,,,,,,,,,0,,0,,0,0.0,0.0,,,,,,,,,,,0,0.0
Ricardo Rentería,CA La Paz,Monterrey,CF,24,0,,1,17,0,0.0,0,0.0,,,Mexico,Mexico,right,180,72,no,,,,,,,0.0,,,0.0,,0,,0,,,,0,,,0,,0,,,0.0,,,,,,,,,,,,,,,,,,,,,,,,,,,,,,,0.0,0.0,,,,,,,,,,,,,,,,,,0,,0,,0,0.0,0.0,,,,,,,,,,,0,0.0
A. Vega,Toluca,Toluca,"CF, AMF",28,0,2028-06-30,25,1805,7,5.96,4,2.3,21.74,43.12,Mexico,Mexico,right,173,77,no,5.14,4.59,61.96,1.99,35.0,0.4,0.55,0.1,1.89,2.62,1.25,5,0.25,1,0.05,4.64,0.35,7,0.35,0.3,1,0.05,45,2.24,48.89,15.556,0.2,1.89,26.32,0.8,37.5,1.05,19.05,0.25,5.39,50.0,11.57,38.79,1.94,2.09,1.15,21.54,1.05,1.6,29.12,79.62,8.03,75.78,4.84,87.63,11.02,80.09,25.33,84.45,1.94,66.67,18.62,26.02,0.11,1.3,0.1,0.0,0.9,38.89,0.4,3.89,83.33,2.74,50.91,0.8,31.25,1.0,0.55,4.69,84.04,0,,0,,0,0.0,0.0,0.0,,,0.1,,,0.7,0.25,40.0,2.04,1,0.0
Y. Valadéz,Mazatlán,Mazatlán,RWF,24,0,,1,7,0,0.0,0,0.0,,,Mexico,Mexico,,190,0,no,,,,,,,0.0,,,0.0,,0,,0,,,,0,,,0,,0,,,0.0,,,,,,,,,,,,,,,,,,,,,,,,,,,,,,,29.79,0.0,,,,,,,,,,,,,,,,,,0,,0,,0,0.0,0.0,,,,,,,,,,,0,0.0
E. Velázquez,Mazatlán U21,Mazatlán,LB,23,0,,2,41,0,0.0,0,0.0,,,Mexico,Mexico,left,181,74,no,,,,,,,0.0,,,13.33,,0,,0,,,,0,,,0,,0,,,0.0,,,,,,,,,,,,,,,,,,,,,,,,,,,,,,,6.48,0.0,,,,,,,,,,,,,,,,,,0,,0,,0,0.0,0.0,,,,,,,,,,,0,0.0
S. De Los Ríos,Mineros de Zacatecas,América,RAMF,22,0,,1,20,0,0.0,0,0.0,,,Mexico,Mexico,left,182,70,no,,,,,,,0.0,,,6.0,,0,,0,,,,0,,,0,,0,,,0.0,,,,,,,,,,,,,,,,,,,,,,,,,,,,,,,14.71,24.98,,,,,,,,,,,,,,,,,,0,,0,,0,0.0,0.0,,,,,,,,,,,0,0.0
J. Cantú,Pachuca U21,América,CF,22,0,,1,30,0,0.0,0,0.0,,,Mexico,Mexico,right,177,66,no,,,,,,,0.0,,,0.0,,0,,0,,,,0,,,0,,0,,,0.0,,,,,,,,,,,,,,,,,,,,,,,,,,,,,,,14.3,0.0,,,,,,,,,,,,,,,,,,0,,0,,0,0.0,0.0,,,,,,,,,,,0,0.0
B. Gamboa,Cruz Azul,Cruz Azul,"CF, RW",24,0,,7,107,0,0.3,0,0.21,19.35,26.09,Mexico,Mexico,right,180,77,no,5.05,5.05,33.33,3.36,0.0,0.0,0.0,0.0,3.36,7.06,3.36,1,0.84,0,0.0,0.0,0.0,0,0.0,0.25,0,0.0,1,0.84,0.0,0.0,0.0,0.0,0.0,0.0,0.0,0.0,0.0,0.0,0.0,0.0,5.05,33.33,1.68,1.68,0.84,11.78,1.68,0.0,17.66,100.0,3.36,100.0,3.36,100.0,5.05,100.0,16.82,100.0,0.84,100.0,10.77,6.05,0.18,0.84,0.0,0.0,0.0,0.0,0.84,0.84,100.0,0.84,100.0,0.84,100.0,0.84,0.0,1.68,100.0,0,,0,,0,0.0,0.0,0.0,,,0.0,,,0.0,0.0,0.0,0.0,0,0.0
S. Álvarez,Tapatío,Atlas,CF,21,0,,2,50,0,0.23,0,0.0,41.4,34.78,Mexico,Mexico,right,178,74,no,9.0,10.8,66.67,19.8,27.27,1.8,3.0,0.0,0.0,0.0,7.2,0,0.0,0,0.0,0.0,0.0,0,0.0,0.42,0,0.0,1,1.8,0.0,0.0,0.0,0.0,0.0,0.0,0.0,0.0,0.0,0.0,0.0,0.0,5.4,0.0,1.8,0.0,0.0,5.4,0.0,0.0,9.0,80.0,1.8,100.0,1.8,100.0,3.6,100.0,9.0,80.0,0.0,0.0,17.53,0.0,0.0,0.0,0.0,0.0,0.0,0.0,0.0,1.8,100.0,0.0,0.0,0.0,0.0,0.0,0.0,1.8,0.0,0,,0,,0,0.0,0.0,0.0,,,0.0,,,0.0,0.0,0.0,0.0,0,0.0
J. Serrato,Atlas U21,Atlas,CF,20,0,,1,14,0,0.0,0,0.0,,,Mexico,Mexico,,0,0,no,,,,,,,10.0,,,0.0,,0,,0,,,,0,,,0,,0,,,0.0,,,,,,,,,,,,,,,,,,,,,,,,,,,,,,,17.64,0.0,,,,,,,,,,,,,,,,,,0,,0,,0,0.0,0.0,,,,,,,,,,,0,0.0
J. Díaz,Cruz Azul U21,Cruz Azul,"LB, LW",21,0,,1,54,0,0.0,0,0.0,13.33,37.5,Mexico,Mexico,right,174,69,no,6.67,6.67,25.0,1.67,0.0,1.67,2.5,0.0,3.33,5.0,3.33,0,0.0,0,0.0,3.33,0.0,0,0.0,0.0,0,0.0,0,0.0,0.0,0.0,0.0,3.33,0.0,3.33,0.0,0.0,0.0,1.67,3.33,100.0,3.33,100.0,0.0,0.0,0.0,20.0,3.33,1.67,28.33,82.35,11.67,85.71,0.0,0.0,16.67,80.0,21.67,92.31,3.33,100.0,22.37,51.42,0.0,0.0,0.0,0.0,0.0,0.0,0.0,6.67,75.0,3.33,0.0,0.0,0.0,0.0,1.67,6.67,75.0,0,,0,,0,0.0,0.0,0.0,,,0.0,,,0.0,0.0,0.0,0.0,0,0.0
K. Castaño,River Plate,Cruz Azul,"RCMF, LCMF, LDMF",25,0,2028-12-31,13,861,0,0.75,0,0.31,17.25,48.48,Colombia,Colombia,right,177,69,no,7.94,8.68,59.04,1.88,22.22,0.31,0.42,0.0,2.51,3.33,1.25,2,0.21,0,0.0,1.05,0.0,0,0.0,0.08,0,0.0,10,1.05,30.0,0.0,0.0,0.42,0.0,0.1,0.0,0.31,0.0,0.0,1.25,50.0,4.49,46.51,0.21,0.73,0.1,35.85,0.21,0.94,50.38,85.48,14.95,79.02,7.21,94.2,19.86,86.32,44.22,90.31,5.75,54.55,18.21,37.28,0.03,0.31,0.0,0.1,0.31,33.33,0.0,8.99,79.07,2.2,42.86,0.73,42.86,0.73,0.0,7.11,73.53,0,,0,,0,0.0,0.0,0.0,,,0.42,,,0.21,0.0,0.0,0.1,0,0.0
A. Zubiri,Los Cabos United,Cruz Azul,"RCB, LCB",25,0,,1,101,0,0.0,0,0.0,18.71,66.67,Mexico,Mexico,right,182,72,no,11.58,8.91,90.0,6.24,57.14,0.89,1.15,0.0,2.67,3.46,0.89,0,0.0,0,0.0,0.0,0.0,0,0.0,0.0,0,0.0,0,0.0,0.0,0.0,0.0,0.0,0.0,0.0,0.0,0.0,0.0,0.0,0.0,0.0,0.89,0.0,0.0,0.0,0.0,29.41,0.89,0.0,38.32,95.35,15.15,94.12,0.89,100.0,17.82,95.0,35.64,97.5,2.67,66.67,18.56,27.56,0.0,0.0,0.0,0.0,0.0,0.0,0.0,1.78,100.0,0.0,0.0,0.0,0.0,0.0,0.0,0.0,0.0,0,,0,,0,0.0,0.0,0.0,,,0.89,,,0.0,0.0,0.0,0.0,0,0.0
B. Rodríguez,América,América,"LW, LAMF",26,0,2029-06-30,32,1575,5,4.11,3,4.57,19.37,44.54,Uruguay,Uruguay,right,172,72,no,3.6,3.26,54.39,0.46,0.0,0.0,0.0,0.06,1.83,2.55,0.74,0,0.0,1,0.06,6.23,0.29,5,0.29,0.24,0,0.0,35,2.0,42.86,14.286,0.17,3.14,32.73,2.57,35.56,0.51,11.11,0.74,7.94,53.24,13.94,45.08,5.2,5.71,1.6,26.57,3.09,1.26,33.26,78.69,4.23,67.57,10.69,93.58,11.26,68.53,28.86,84.95,1.49,50.0,15.83,19.65,0.26,1.14,0.06,0.0,0.17,66.67,0.74,1.66,72.41,2.91,39.22,0.23,50.0,2.0,1.03,2.91,80.39,0,,0,,0,0.0,0.0,0.0,,,0.06,,,0.23,0.06,0.0,1.2,0,0.0
B. Lozano,Defensor Sporting,Atlas,"LW, LWF",32,0,2026-12-31,6,467,0,0.68,2,0.95,23.32,44.63,Uruguay,Uruguay,right,169,69,no,4.63,5.78,50.0,0.96,20.0,0.39,0.51,0.0,1.35,1.78,1.54,2,0.39,1,0.19,5.4,0.0,0,0.0,0.13,0,0.0,16,3.08,31.25,0.0,0.39,2.31,33.33,1.54,25.0,0.77,50.0,0.58,5.97,58.06,13.1,50.0,1.54,3.47,1.54,30.84,3.08,1.93,42.01,78.44,6.36,63.64,7.71,90.0,20.43,80.19,34.88,83.43,5.01,61.54,23.12,36.64,0.18,1.35,0.0,0.19,0.96,20.0,0.77,4.82,80.0,4.63,45.83,0.96,20.0,2.12,0.96,7.13,81.08,0,,0,,0,0.0,0.0,0.0,,,0.19,,,1.35,0.96,40.0,1.93,0,0.0
D. Aguilar,Atlético Ottawa,Puebla,"LCB, LW, LCMF",28,0,2026-12-31,9,293,0,0.12,1,0.35,17.2,51.79,Mexico,Mexico,left,178,73,no,9.52,8.91,62.07,2.46,62.5,0.92,1.18,0.31,3.07,3.95,2.15,0,0.0,0,0.0,1.23,0.0,0,0.0,0.04,0,0.0,6,1.84,50.0,0.0,0.31,1.84,0.0,1.84,0.0,0.0,0.0,0.0,1.84,16.67,4.61,20.0,1.54,3.38,1.84,27.03,1.84,0.31,36.25,79.66,15.36,72.0,3.99,100.0,11.98,76.92,29.8,88.66,4.61,53.33,17.55,10.79,0.11,1.84,0.0,0.31,0.0,0.0,0.0,3.69,66.67,1.84,0.0,0.0,0.0,0.31,0.0,5.22,76.47,0,,0,,0,0.0,0.0,0.0,,,0.31,,,0.0,0.0,0.0,1.84,0,0.0
V. Poggi,Godoy Cruz,Necaxa,"LCMF, RCMF",23,0,2027-12-31,9,583,0,0.16,1,0.41,21.61,46.43,Uruguay,"Uruguay, Italy",right,173,72,no,9.57,11.27,49.32,2.32,60.0,0.46,0.51,0.15,3.55,3.88,2.78,5,0.77,0,0.0,1.08,0.0,0,0.0,0.02,0,0.0,8,1.23,37.5,0.0,0.15,0.15,0.0,0.15,0.0,0.0,0.0,0.0,1.23,50.0,6.33,36.59,0.46,1.08,0.62,18.83,0.46,0.62,32.73,84.91,10.65,73.91,6.33,97.56,11.27,84.93,28.71,89.25,3.86,56.0,19.97,27.24,0.06,0.77,0.0,0.15,0.31,0.0,0.15,5.71,72.97,1.23,25.0,0.77,20.0,0.46,0.0,5.09,78.79,0,,0,,0,0.0,0.0,0.0,,,0.77,,,0.0,0.0,0.0,0.0,0,0.0
C. Cisneros,Universidad Guadalajara,Guadalajara,"RW, RWB, LW",32,0,,3,87,0,0.25,0,0.0,16.55,62.5,Mexico,Mexico,right,175,73,no,6.21,4.14,100.0,1.03,0.0,0.0,0.0,0.0,2.07,5.0,0.0,1,1.03,0,0.0,4.14,0.0,0,0.0,0.26,0,0.0,4,4.14,50.0,0.0,0.0,2.07,0.0,0.0,0.0,2.07,0.0,0.0,4.14,50.0,8.28,62.5,5.17,4.14,1.03,26.9,1.03,2.07,33.1,90.63,7.24,100.0,10.34,100.0,7.24,71.43,31.03,96.67,0.0,0.0,21.65,0.0,0.0,0.0,0.0,0.0,0.0,0.0,0.0,0.0,0.0,2.07,50.0,0.0,0.0,2.07,0.0,1.03,100.0,0,,0,,0,0.0,0.0,0.0,,,0.0,,,0.0,0.0,0.0,1.03,0,0.0
E. Torres,Club León U21,León,RDMF,22,0,,1,18,0,0.0,0,0.0,,,Mexico,Mexico,right,179,70,no,,,,,,,0.0,,,15.0,,0,,0,,,,0,,,0,,0,,,0.0,,,,,,,,,,,,,,,,,,,,,,,,,,,,,,,15.66,0.0,,,,,,,,,,,,,,,,,,0,,0,,0,0.0,0.0,,,,,,,,,,,0,0.0
R. Almanza,Club León U19,León,CF,19,0,,1,3,0,0.0,0,0.0,,,Mexico,Mexico,,0,0,no,,,,,,,0.0,,,0.0,,0,,0,,,,0,,,0,,0,,,0.0,,,,,,,,,,,,,,,,,,,,,,,,,,,,,,,0.0,0.0,,,,,,,,,,,,,,,,,,0,,0,,0,0.0,0.0,,,,,,,,,,,0,0.0
E. Torres,León U23,León,RCMF,23,0,,1,4,0,0.0,0,0.0,,,Mexico,Mexico,right,165,62,no,,,,,,,0.0,,,30.0,,0,,0,,,,0,,,0,,0,,,0.0,,,,,,,,,,,,,,,,,,,,,,,,,,,,,,,0.0,0.0,,,,,,,,,,,,,,,,,,0,,0,,0,0.0,0.0,,,,,,,,,,,0,0.0
A. Leone,Pumas UNAM,Monterrey,RCB,22,0,2027-12-31,1,102,0,0.0,0,0.0,5.29,66.67,Mexico,Mexico,,0,0,no,7.06,2.65,66.67,0.88,0.0,0.0,0.0,0.88,5.29,5.63,0.0,0,0.0,0,0.0,0.88,0.0,0,0.0,0.0,0,0.0,0,0.0,0.0,0.0,0.0,0.0,0.0,0.0,0.0,0.0,0.0,0.0,0.88,100.0,0.88,100.0,0.0,0.0,1.76,43.24,0.88,0.0,56.47,85.94,25.59,72.41,7.94,88.89,19.41,100.0,52.06,91.53,4.41,20.0,19.59,43.06,0.0,0.0,0.0,0.0,0.0,0.0,0.0,3.53,25.0,0.88,0.0,0.88,0.0,0.0,0.0,7.94,33.33,0,,0,,0,0.0,0.0,0.0,,,7.06,,,0.0,0.0,0.0,0.0,0,0.0
V. Barajas,Mineros de Zacatecas,León,"RAMF, RW, LAMF",23,0,,3,47,0,0.02,0,0.13,22.98,41.67,Mexico,Mexico,right,169,68,no,5.74,7.66,50.0,1.91,0.0,0.0,0.0,0.0,1.91,4.29,1.91,0,0.0,1,1.91,3.83,0.0,0,0.0,0.04,0,0.0,1,1.91,0.0,0.0,0.0,3.83,0.0,0.0,0.0,3.83,0.0,0.0,9.57,40.0,11.49,33.33,1.91,5.74,3.83,22.98,0.0,0.0,34.47,72.22,9.57,60.0,1.91,100.0,9.57,80.0,26.81,85.71,3.83,50.0,15.97,9.05,0.25,1.91,0.0,0.0,0.0,0.0,1.91,3.83,50.0,5.74,0.0,0.0,0.0,1.91,0.0,7.66,75.0,0,,0,,0,0.0,0.0,0.0,,,0.0,,,0.0,0.0,0.0,0.0,0,0.0
J. Ruvalcaba,New York RB,Pumas UNAM,"RW, LW",24,0,2030-06-30,3,82,0,0.0,1,0.26,19.76,66.67,United States,"United States, Mexico",right,180,63,no,8.78,8.78,75.0,1.1,100.0,1.1,1.67,0.0,1.1,1.67,0.0,0,0.0,0,0.0,3.29,0.0,0,0.0,0.0,0,0.0,0,0.0,0.0,0.0,1.1,1.1,0.0,0.0,0.0,1.1,0.0,0.0,2.2,50.0,6.59,33.33,3.29,5.49,4.39,16.46,2.2,1.1,24.15,81.82,9.88,77.78,8.78,100.0,3.29,66.67,21.95,85.0,1.1,100.0,13.96,5.4,0.28,3.29,0.0,0.0,2.2,100.0,3.29,2.2,50.0,4.39,75.0,2.2,100.0,3.29,0.0,2.2,100.0,0,,0,,0,0.0,0.0,0.0,,,0.0,,,0.0,0.0,0.0,0.0,0,0.0
M. Hernández,Cancún,Pumas UNAM,"RCMF, LCMF",21,0,,1,30,0,0.0,0,0.0,,,Mexico,Mexico,left,173,68,no,,,,,,,0.0,,,6.0,,0,,0,,,,0,,,0,,0,,,0.0,,,,,,,,,,,,,,,,,,,,,,,,,,,,,,,16.99,43.43,,,,,,,,,,,,,,,,,,0,,0,,0,0.0,0.0,,,,,,,,,,,0,0.0
S. López,Atlético Ottawa,Pumas UNAM,"LB, RAMF",21,0,2026-06-30,2,21,0,0.04,0,0.0,,,Mexico,"Mexico, Canada",,171,61,yes,,,,,,,0.0,,,15.0,,0,,0,,,,0,,,0,,1,,,0.0,,,,,,,,,,,,,,,,,,,,,,,,,,,,,,,21.02,26.86,,,,,,,,,,,,,,,,,,0,,0,,0,0.0,0.0,,,,,,,,,,,0,0.0
F. Pereira,Toluca,Toluca,"RCB, LCB",26,0,2028-06-30,19,1946,3,2.91,1,0.14,15.03,69.23,Uruguay,Uruguay,right,185,84,no,8.74,6.29,77.94,4.16,58.89,0.18,0.27,0.46,3.65,5.31,0.69,4,0.18,0,0.0,0.97,0.14,3,0.14,0.13,1,0.05,16,0.74,37.5,18.75,0.05,0.09,50.0,0.05,100.0,0.05,0.0,0.0,0.88,68.42,2.13,73.91,0.83,1.34,0.37,38.16,1.02,0.55,51.52,89.23,19.29,78.18,3.56,98.7,24.19,97.13,45.6,93.51,5.83,56.35,22.87,46.67,0.01,0.14,0.0,0.0,0.05,100.0,0.09,5.87,63.78,0.37,25.0,0.32,14.29,0.05,0.05,8.97,74.23,0,,0,,0,0.0,0.0,0.0,,,2.5,,,0.0,0.0,0.0,0.0,0,0.0
J. Caicedo,Portland Timbers,Pumas UNAM,"LCMF, LDMF, DMF",24,0,2030-06-30,26,2449,1,1.02,0,0.55,16.79,52.3,Colombia,Colombia,right,185,86,no,7.97,6.98,61.58,3.34,43.96,0.55,0.75,0.18,3.12,4.27,1.14,5,0.18,0,0.0,0.96,0.04,1,0.04,0.04,1,0.04,18,0.66,5.56,5.556,0.0,0.11,33.33,0.07,0.0,0.04,100.0,0.0,1.07,72.41,4.08,49.55,0.7,0.37,0.0,30.1,0.11,0.92,42.81,88.07,12.75,76.37,5.0,96.32,18.56,92.67,39.32,91.12,3.42,54.84,18.35,32.97,0.02,0.33,0.0,0.04,0.18,60.0,0.11,6.84,79.57,0.73,45.0,0.37,30.0,0.4,0.04,6.25,77.65,0,,0,,0,0.0,0.0,0.0,,,0.48,,,0.0,0.0,0.0,0.0,0,0.0
M. Ruiz,Toluca,Toluca,"LDMF, LCMF, CF",25,0,2027-06-30,33,2909,2,5.05,4,1.96,15.53,52.99,Mexico,Mexico,right,182,69,no,7.55,6.68,63.89,2.44,44.3,0.8,1.17,0.25,2.48,3.59,0.77,9,0.28,0,0.0,1.58,0.06,2,0.06,0.16,0,0.0,47,1.45,27.66,4.255,0.12,0.28,33.33,0.09,33.33,0.19,33.33,0.0,1.45,53.19,4.76,49.35,1.21,1.36,0.28,36.38,0.87,1.3,45.42,88.96,12.1,76.98,7.86,94.88,18.97,95.43,42.54,90.4,2.6,71.43,18.23,31.18,0.06,0.71,0.03,0.03,0.77,40.0,0.31,6.99,82.3,2.2,43.66,1.02,36.36,0.99,0.06,5.57,80.56,0,,0,,0,0.0,0.0,0.0,,,0.46,,,0.0,0.0,0.0,0.06,0,0.0
S. Aguayo,Tapatío,Pachuca,"CF, AMF",23,0,,5,323,0,0.87,0,0.13,22.01,32.91,United States,"United States, Mexico",right,182,86,no,3.34,4.74,58.82,4.74,29.41,0.56,0.86,0.0,0.0,0.0,1.95,0,0.0,0,0.0,2.51,0.0,0,0.0,0.24,0,0.0,6,1.67,33.33,0.0,0.0,0.84,66.67,0.28,100.0,0.56,50.0,0.0,2.51,55.56,7.8,28.57,1.95,0.28,0.0,11.15,1.11,0.84,14.49,82.69,1.11,75.0,5.57,90.0,4.74,70.59,13.1,85.11,0.84,33.33,15.16,18.39,0.04,0.28,0.0,0.0,0.0,0.0,0.28,0.84,100.0,1.39,60.0,0.0,0.0,0.56,0.56,1.67,33.33,0,,0,,0,0.0,0.0,0.0,,,0.0,,,0.0,0.0,0.0,0.0,0,0.0
A. Moreno,Necaxa U21,Necaxa,"DMF, LCMF",20,0,,2,46,0,0.0,0,0.18,21.52,27.27,Mexico,Mexico,left,173,71,no,9.78,13.7,28.57,0.0,0.0,0.0,0.0,0.0,5.87,6.0,0.0,0,0.0,0,0.0,1.96,0.0,0,0.0,0.0,0,0.0,0,0.0,0.0,0.0,0.0,1.96,0.0,1.96,0.0,0.0,0.0,1.96,1.96,100.0,5.87,33.33,0.0,0.0,0.0,17.61,0.0,0.0,31.3,56.25,15.65,37.5,3.91,100.0,9.78,60.0,25.43,61.54,3.91,50.0,20.06,31.54,0.35,1.96,0.0,0.0,0.0,0.0,0.0,7.83,50.0,1.96,0.0,0.0,0.0,0.0,1.96,7.83,25.0,0,,0,,0,0.0,0.0,0.0,,,1.96,,,1.96,0.0,0.0,0.0,0,0.0
R. Cortéz,Necaxa,Necaxa,"RW, LCMF",21,0,,12,373,1,0.13,0,0.07,17.86,58.11,Mexico,Mexico,right,174,69,no,8.45,8.93,62.16,1.69,42.86,0.24,0.29,0.48,2.65,3.17,1.69,3,0.72,0,0.0,0.97,0.24,1,0.24,0.03,0,0.0,4,0.97,25.0,25.0,0.0,0.48,0.0,0.48,0.0,0.0,0.0,0.0,1.21,60.0,4.83,50.0,0.48,1.45,0.24,17.61,0.0,1.21,27.51,78.95,7.24,70.0,4.58,84.21,11.34,85.11,24.61,83.33,2.41,50.0,17.28,20.45,0.02,0.48,0.0,0.0,0.0,0.0,0.0,3.86,68.75,1.69,28.57,0.24,0.0,0.48,0.0,3.86,81.25,0,,0,,0,0.0,0.0,0.0,,,0.0,,,0.72,0.0,0.0,0.72,0,0.0
J. López,,Pachuca,AMF,22,0,,1,25,0,0.0,0,0.0,,,Mexico,Mexico,,176,66,no,,,,,,,0.0,,,0.0,,0,,0,,,,0,,,0,,0,,,0.0,,,,,,,,,,,,,,,,,,,,,,,,,,,,,,,11.12,0.0,,,,,,,,,,,,,,,,,,0,,0,,0,0.0,0.0,,,,,,,,,,,0,0.0
W. Madrid,Querétaro,Necaxa,"RW, RB",22,0,2026-12-31,5,72,0,0.0,0,0.0,31.25,52.0,Mexico,Mexico,right,182,76,yes,10.0,15.0,58.33,5.0,50.0,0.0,0.0,0.0,1.25,1.36,2.5,0,0.0,0,0.0,1.25,0.0,0,0.0,0.0,0,0.0,0,0.0,0.0,0.0,0.0,0.0,0.0,0.0,0.0,0.0,0.0,0.0,5.0,25.0,10.0,37.5,1.25,1.25,1.25,11.25,2.5,2.5,15.0,58.33,5.0,25.0,1.25,100.0,3.75,100.0,12.5,70.0,2.5,0.0,29.5,21.91,0.0,0.0,0.0,0.0,0.0,0.0,0.0,3.75,0.0,1.25,100.0,1.25,0.0,1.25,0.0,2.5,100.0,0,,0,,0,0.0,0.0,0.0,,,0.0,,,0.0,0.0,0.0,0.0,0,0.0
J. Saldívar,Jaiba Brava,Pachuca,RCMF,23,0,2026-06-30,1,59,0,0.0,0,0.0,16.78,36.36,Mexico,Mexico,right,180,75,no,9.15,9.15,50.0,6.1,25.0,0.0,0.0,0.0,4.58,6.92,1.53,0,0.0,0,0.0,0.0,0.0,0,0.0,0.0,0,0.0,1,1.53,0.0,0.0,0.0,0.0,0.0,0.0,0.0,0.0,0.0,0.0,0.0,0.0,1.53,0.0,0.0,1.53,0.0,21.36,1.53,1.53,25.93,88.24,9.15,83.33,0.0,0.0,13.73,88.89,22.88,93.33,3.05,50.0,18.56,29.21,0.0,0.0,0.0,0.0,0.0,0.0,0.0,3.05,100.0,0.0,0.0,0.0,0.0,0.0,0.0,3.05,50.0,0,,0,,0,0.0,0.0,0.0,,,0.0,,,0.0,0.0,0.0,0.0,0,0.0
T. Jiménez,Santos Laguna U21,Santos Laguna,"CF, RCMF",20,0,,2,31,0,0.0,0,0.0,,,Mexico,"Mexico, Spain",,0,0,no,,,,,,,0.0,,,0.0,,0,,0,,,,0,,,0,,0,,,0.0,,,,,,,,,,,,,,,,,,,,,,,,,,,,,,,8.91,0.0,,,,,,,,,,,,,,,,,,0,,0,,0,0.0,0.0,,,,,,,,,,,0,0.0
Franco Fagúndez,Santa Fe,Santos Laguna,CF,25,0,2027-12-31,11,564,1,0.98,1,0.69,21.06,40.15,Uruguay,Uruguay,right,187,82,yes,4.31,5.27,57.58,3.35,38.1,0.32,0.41,0.0,0.96,1.22,1.28,2,0.32,2,0.32,1.91,0.16,1,0.16,0.16,0,0.0,15,2.39,26.67,6.667,0.16,0.8,0.0,0.16,0.0,0.64,0.0,0.0,3.35,33.33,9.1,29.82,1.28,1.91,0.64,25.85,1.91,1.76,33.83,78.3,8.46,62.26,5.9,86.49,13.88,83.91,30.0,84.57,3.03,36.84,20.16,28.8,0.11,1.28,0.0,0.0,0.32,50.0,0.32,7.34,69.57,1.6,40.0,1.12,14.29,0.64,0.0,5.43,70.59,0,,0,,0,0.0,0.0,0.0,,,0.0,,,2.39,0.96,50.0,1.6,0,0.0
S. González,Atlante,Puebla,CF,22,0,2026-06-30,1,18,0,0.0,0,0.0,,,Mexico,Mexico,right,170,79,no,,,,,,,0.0,,,15.0,,0,,0,,,,0,,,0,,0,,,0.0,,,,,,,,,,,,,,,,,,,,,,,,,,,,,,,4.76,0.0,,,,,,,,,,,,,,,,,,0,,0,,0,0.0,0.0,,,,,,,,,,,0,0.0
P. Villa,América U21,Puebla,RB,22,0,,1,67,0,0.0,0,0.45,12.09,66.67,Mexico,Mexico,right,178,75,no,9.4,8.06,83.33,1.34,100.0,0.0,0.0,0.0,2.69,3.16,0.0,0,0.0,0,0.0,1.34,0.0,0,0.0,0.0,0,0.0,0,0.0,0.0,0.0,0.0,4.03,33.33,0.0,0.0,4.03,33.33,0.0,0.0,0.0,2.69,0.0,1.34,0.0,0.0,20.15,0.0,0.0,21.49,68.75,5.37,50.0,5.37,100.0,8.06,66.67,16.12,83.33,1.34,0.0,17.45,13.92,0.61,2.69,0.0,0.0,0.0,0.0,1.34,0.0,0.0,2.69,50.0,0.0,0.0,0.0,1.34,4.03,33.33,0,,0,,0,0.0,0.0,0.0,,,1.34,,,0.0,0.0,0.0,0.0,0,0.0
S. Tlaxcalteco,,Toluca,LW,23,0,,1,22,0,0.0,0,0.0,,,Mexico,Mexico,left,167,65,no,,,,,,,0.0,,,0.0,,0,,0,,,,0,,,0,,0,,,0.0,,,,,,,,,,,,,,,,,,,,,,,,,,,,,,,21.72,0.0,,,,,,,,,,,,,,,,,,0,,0,,0,0.0,0.0,,,,,,,,,,,0,0.0
S. Carrillo,Dordrecht,Santos Laguna,CF,20,0,2029-06-30,6,385,1,0.82,0,0.1,19.4,22.89,Mexico,Mexico,right,184,0,yes,2.34,2.81,33.33,4.68,25.0,0.23,0.35,0.0,1.17,1.74,0.94,0,0.0,0,0.0,0.7,0.23,1,0.23,0.19,0,0.0,7,1.64,14.29,14.286,0.0,0.47,0.0,0.0,0.0,0.47,0.0,0.23,1.4,33.33,7.48,21.88,2.34,0.7,0.0,9.82,0.7,0.7,17.06,72.6,2.81,41.67,4.44,78.95,5.14,77.27,16.36,75.71,0.23,0.0,14.82,8.57,0.02,0.23,0.0,0.0,0.0,0.0,0.0,0.94,25.0,0.23,0.0,0.0,0.0,0.23,0.0,1.4,33.33,0,,0,,0,0.0,0.0,0.0,,,0.0,,,0.0,0.0,0.0,0.0,0,0.0
A. Villegas,León,Toluca,LB,23,0,,6,368,1,0.5,0,0.09,21.28,58.62,Mexico,Mexico,left,180,75,no,15.41,15.41,68.25,1.96,50.0,1.71,2.63,0.73,3.18,4.88,0.98,1,0.24,0,0.0,0.98,0.24,1,0.24,0.12,0,0.0,3,0.73,33.33,33.333,0.0,1.22,40.0,1.22,40.0,0.0,0.0,0.24,0.73,33.33,3.18,23.08,1.96,0.98,0.0,29.1,1.96,0.49,37.17,82.89,12.23,72.0,5.63,91.3,11.74,93.75,34.73,86.62,1.22,20.0,16.96,15.58,0.02,0.24,0.0,0.0,0.0,0.0,0.49,5.14,80.95,0.24,100.0,0.0,0.0,0.49,0.49,6.6,62.96,0,,0,,0,0.0,0.0,0.0,,,0.49,,,0.0,0.0,0.0,0.0,0,0.0
F. Peña,Querétaro,Tigres UANL,"RW, RDMF, AMF",25,0,,4,57,0,0.04,0,0.15,11.05,85.71,Mexico,Mexico,,178,58,no,9.47,4.74,100.0,1.58,0.0,0.0,0.0,0.0,4.74,11.25,0.0,0,0.0,0,0.0,0.0,0.0,0,0.0,0.07,0,0.0,2,3.16,0.0,0.0,0.0,1.58,0.0,0.0,0.0,1.58,0.0,0.0,0.0,0.0,3.16,100.0,3.16,1.58,0.0,33.16,0.0,0.0,39.47,92.0,9.47,83.33,11.05,100.0,12.63,87.5,36.32,95.65,1.58,100.0,18.02,9.32,0.24,1.58,0.0,0.0,0.0,0.0,0.0,4.74,100.0,1.58,0.0,0.0,0.0,0.0,0.0,6.32,100.0,0,,0,,0,0.0,0.0,0.0,,,0.0,,,0.0,0.0,0.0,1.58,0,0.0
I. Govea,Tlaxcala,Santos Laguna,RB,29,0,,26,2114,0,0.38,1,1.08,13.24,52.41,Mexico,Mexico,right,178,75,no,8.56,6.47,61.18,3.36,53.16,0.55,0.69,0.34,4.04,5.04,0.85,2,0.09,0,0.0,1.28,0.0,0,0.0,0.02,0,0.0,9,0.38,33.33,0.0,0.04,2.43,36.84,0.13,33.33,2.3,37.04,0.13,0.72,35.29,2.34,36.36,0.77,0.64,0.26,19.84,2.09,0.77,29.46,78.47,11.32,69.92,5.32,94.4,7.32,81.98,24.35,85.49,2.85,52.24,19.44,36.26,0.05,0.43,0.0,0.0,0.04,0.0,0.34,3.24,69.74,2.04,52.08,0.13,0.0,0.21,0.85,6.47,65.13,0,,0,,0,0.0,0.0,0.0,,,0.77,,,0.0,0.0,0.0,0.0,0,0.0
V. Dávila,América,León,LWF,28,0,2027-06-30,3,295,0,1.49,1,0.69,21.05,37.68,Chile,Chile,left,174,70,no,3.66,2.14,57.14,4.27,57.14,0.31,0.54,0.0,2.14,3.75,0.61,0,0.0,0,0.0,4.58,0.0,0,0.0,0.45,0,0.0,13,3.97,38.46,0.0,0.31,3.36,18.18,2.44,12.5,0.92,33.33,0.31,3.66,58.33,12.2,27.5,7.02,1.53,0.92,29.9,1.53,1.22,40.58,74.44,10.98,69.44,10.07,87.88,12.81,71.43,34.17,80.36,3.66,66.67,17.35,37.59,0.21,2.14,0.0,0.0,0.61,50.0,0.92,5.19,70.59,4.88,37.5,1.22,50.0,2.75,0.31,4.27,100.0,0,,0,,0,0.0,0.0,0.0,,,0.0,,,0.31,0.31,0.0,0.92,0,0.0
G. Pelúa,Uruguay Montevideo,Juárez,LCB,22,0,2026-12-31,6,457,0,0.1,0,0.02,16.35,46.99,Uruguay,Uruguay,left,180,65,no,7.68,6.5,51.52,3.15,31.25,0.2,0.24,0.0,4.14,5.12,1.77,2,0.39,0,0.0,1.18,0.0,0,0.0,0.02,0,0.0,2,0.39,50.0,0.0,0.0,0.2,100.0,0.2,100.0,0.0,0.0,0.0,1.58,50.0,4.33,54.55,0.2,1.58,0.59,28.16,0.59,1.38,45.1,84.28,22.06,76.79,3.35,88.24,14.57,94.59,38.21,91.24,6.7,44.12,22.52,46.62,0.0,0.2,0.0,0.39,0.0,0.0,0.0,7.88,60.0,1.18,50.0,0.2,0.0,0.39,0.2,10.63,77.78,0,,0,,0,0.0,0.0,0.0,,,2.76,,,0.0,0.0,0.0,0.0,0,0.0
C. Sosa,Correcaminos UAT,Juárez,LCMF,21,0,2026-12-31,2,114,0,0.0,0,0.0,13.42,64.71,Mexico,Mexico,left,178,68,yes,11.05,8.68,54.55,1.58,100.0,3.16,3.24,0.79,3.16,3.24,2.37,1,0.79,0,0.0,1.58,0.0,0,0.0,0.0,0,0.0,0,0.0,0.0,0.0,0.0,0.0,0.0,0.0,0.0,0.0,0.0,0.0,1.58,100.0,2.37,100.0,0.0,0.79,0.79,20.53,0.0,0.79,30.0,86.84,4.74,83.33,7.11,100.0,13.42,82.35,29.21,86.49,0.79,100.0,18.25,15.76,0.0,0.0,0.0,0.0,0.0,0.0,0.0,3.16,50.0,0.0,0.0,0.0,0.0,0.0,0.0,3.95,80.0,0,,0,,0,0.0,0.0,0.0,,,0.79,,,0.0,0.0,0.0,0.0,0,0.0
J. Carmona,Juárez U21,Juárez,RW,21,0,,2,59,0,0.0,0,0.01,12.2,75.0,Mexico,Mexico,right,170,68,no,7.63,4.58,100.0,1.53,0.0,0.0,0.0,0.0,3.05,5.0,0.0,0,0.0,0,0.0,3.05,0.0,0,0.0,0.0,0,0.0,0,0.0,0.0,0.0,0.0,1.53,0.0,0.0,0.0,1.53,0.0,0.0,3.05,100.0,4.58,100.0,1.53,1.53,0.0,21.36,1.53,0.0,33.56,54.55,21.36,42.86,4.58,100.0,4.58,66.67,30.51,60.0,1.53,0.0,17.23,24.91,0.01,1.53,0.0,0.0,1.53,0.0,0.0,3.05,50.0,1.53,0.0,1.53,0.0,1.53,0.0,6.1,50.0,0,,0,,0,0.0,0.0,0.0,,,0.0,,,0.0,0.0,0.0,0.0,0,0.0
B. Vázquez,Austin FC,Monterrey,CF,27,0,2028-12-31,19,1067,6,3.66,0,1.04,17.04,40.1,United States,"United States, Mexico",right,190,79,no,3.46,2.11,52.0,5.48,50.77,0.08,0.11,0.34,2.28,2.9,1.1,1,0.08,0,0.0,1.86,0.51,6,0.51,0.31,2,0.17,22,1.86,63.64,27.273,0.0,0.76,33.33,0.08,0.0,0.67,37.5,0.08,1.27,33.33,5.99,29.58,4.13,0.25,0.17,11.64,2.19,1.18,14.68,71.26,2.11,48.0,4.3,84.31,3.88,71.74,13.58,74.53,0.51,16.67,14.8,6.65,0.09,0.59,0.0,0.0,0.08,0.0,0.17,1.18,71.43,1.18,42.86,0.08,0.0,0.59,0.25,1.01,58.33,0,,0,,0,0.0,0.0,0.0,,,0.08,,,0.0,0.0,0.0,0.0,0,0.0
D. Abitia,El Paso Locomotive,Atlético de San Luis,CF,22,0,2026-11-30,1,3,0,0.0,0,0.0,,,Mexico,Mexico,right,174,69,no,,,,,,,0.0,,,0.0,,0,,0,,,,0,,,0,,0,,,0.0,,,,,,,,,,,,,,,,,,,,,,,,,,,,,,,17.16,0.0,,,,,,,,,,,,,,,,,,0,,0,,0,0.0,0.0,,,,,,,,,,,0,0.0
Gael García,León,Guadalajara,LCMF,22,0,,1,20,0,0.01,0,0.0,,,Mexico,Mexico,right,173,70,no,,,,,,,0.0,,,30.0,,0,,0,,,,0,,,0,,1,,,0.0,,,,,,,,,,,,,,,,,,,,,,,,,,,,,,,19.24,40.73,,,,,,,,,,,,,,,,,,0,,0,,0,0.0,0.0,,,,,,,,,,,0,0.0
Everardo López,Toluca,Toluca,LB,21,0,2030-06-30,2,120,0,0.0,0,0.0,13.5,72.22,Mexico,Mexico,left,180,72,no,16.5,9.75,76.92,0.75,100.0,1.5,2.0,0.0,7.5,10.0,0.0,0,0.0,0,0.0,0.75,0.0,0,0.0,0.0,0,0.0,0,0.0,0.0,0.0,0.0,0.75,0.0,0.75,0.0,0.0,0.0,0.0,0.75,100.0,1.5,100.0,0.75,0.75,0.0,36.75,0.75,0.0,52.5,77.14,20.25,74.07,8.25,81.82,18.0,83.33,48.75,80.0,3.0,50.0,19.66,52.41,0.0,0.0,0.0,0.0,0.0,0.0,0.0,4.5,83.33,2.25,66.67,0.0,0.0,1.5,0.0,16.5,63.64,0,,0,,0,0.0,0.0,0.0,,,0.0,,,0.0,0.0,0.0,0.0,0,0.0
L. Prieto,Ranger's,Tigres UANL,AMF,24,0,,1,28,0,0.0,0,0.0,,,Mexico,Mexico,left,174,68,no,,,,,,,0.0,,,12.0,,0,,0,,,,0,,,0,,0,,,0.0,,,,,,,,,,,,,,,,,,,,,,,,,,,,,,,13.67,0.0,,,,,,,,,,,,,,,,,,0,,0,,0,0.0,0.0,,,,,,,,,,,0,0.0
M. Araújo,Sporting CP,Toluca,"LB, LW",26,0,2030-06-30,34,2497,3,4.59,4,3.89,20.8,45.23,Uruguay,Uruguay,left,179,73,no,6.49,5.95,59.39,1.69,42.55,0.25,0.39,0.11,2.7,4.19,1.59,5,0.18,1,0.04,4.29,0.11,3,0.11,0.17,1,0.04,35,1.26,45.71,8.571,0.14,2.34,35.38,2.23,33.87,0.11,66.67,0.4,5.66,47.13,10.45,42.76,3.14,3.75,1.05,28.44,2.63,1.41,35.11,85.73,8.58,80.25,6.92,96.35,12.22,86.73,31.0,90.12,2.02,71.43,17.13,25.29,0.14,1.01,0.11,0.07,0.29,75.0,0.61,2.49,78.26,2.52,67.14,0.43,75.0,1.3,0.76,5.98,86.14,0,,0,,0,0.0,0.0,0.0,,,0.29,,,0.25,0.04,100.0,0.47,0,0.0
Á. Estrada,León,Pachuca,RDMF,23,0,2026-12-31,1,6,0,0.0,0,0.0,,,Mexico,Mexico,left,180,70,no,,,,,,,0.0,,,0.0,,0,,0,,,,0,,,0,,0,,,0.0,,,,,,,,,,,,,,,,,,,,,,,,,,,,,,,11.83,0.0,,,,,,,,,,,,,,,,,,0,,0,,0,0.0,0.0,,,,,,,,,,,0,0.0
J. Guzmán,Željezničar,Atlas,"LW, LWF",22,0,2028-06-30,18,844,0,0.31,2,0.97,19.62,41.85,Mexico,Mexico,left,173,60,no,5.65,6.5,47.54,2.35,31.82,0.32,0.5,0.11,2.24,3.48,1.49,2,0.21,0,0.0,5.01,0.0,0,0.0,0.03,0,0.0,5,0.53,80.0,0.0,0.21,4.27,42.5,4.16,43.59,0.11,0.0,0.53,4.37,63.41,9.49,39.33,2.45,2.35,0.64,21.01,2.03,0.96,27.94,79.39,5.86,80.0,6.93,86.15,8.74,74.39,22.39,87.14,1.39,61.54,18.84,18.84,0.1,1.07,0.0,0.0,0.11,0.0,0.43,1.71,75.0,3.09,62.07,0.11,100.0,0.43,1.92,5.01,85.11,0,,0,,0,0.0,0.0,0.0,,,0.21,,,0.0,0.0,0.0,0.85,0,0.0
J. Orozco,Cruz Azul,Guadalajara,"LCB, LB",24,0,2029-12-31,34,3334,0,0.6,0,0.37,14.5,57.91,Mexico,Mexico,left,188,82,no,8.67,6.07,69.33,3.59,46.62,0.35,0.46,0.43,4.1,5.43,0.84,11,0.3,0,0.0,0.65,0.0,0,0.0,0.02,0,0.0,9,0.24,0.0,0.0,0.0,0.32,50.0,0.32,50.0,0.0,0.0,0.03,0.78,62.07,2.48,48.91,0.3,1.92,0.3,28.86,0.51,0.46,43.97,84.41,18.65,76.7,2.51,94.62,18.38,90.75,37.36,90.39,6.29,50.64,22.57,42.49,0.01,0.11,0.0,0.0,0.05,0.0,0.08,6.75,67.2,0.76,32.14,0.35,46.15,0.22,0.16,9.56,70.06,0,,0,,0,0.0,0.0,0.0,,,1.65,,,0.0,0.0,0.0,0.0,0,0.0
J. Berlanga,Pachuca,Pachuca,"RCB, LCB, RB",23,0,2027-12-31,17,1340,0,0.16,0,0.02,13.37,59.3,Mexico,Mexico,right,180,73,no,8.4,6.72,64.0,3.43,52.94,0.2,0.29,0.27,3.9,5.58,1.01,2,0.13,0,0.0,0.34,0.0,0,0.0,0.01,0,0.0,3,0.2,0.0,0.0,0.0,0.2,33.33,0.0,0.0,0.2,33.33,0.0,0.2,100.0,0.74,81.82,0.27,0.34,0.0,23.91,0.6,0.2,34.93,85.58,15.11,73.33,2.89,97.67,13.1,96.92,30.16,91.09,4.57,51.47,21.16,34.93,0.0,0.07,0.0,0.0,0.07,100.0,0.0,4.63,63.77,0.27,75.0,0.13,0.0,0.13,0.07,6.11,68.13,0,,0,,0,0.0,0.0,0.0,,,1.41,,,0.0,0.0,0.0,0.0,0,0.0
F. Ordóñez,Tigres UANL,Tigres UANL,LB,25,0,,6,187,0,0.15,0,0.12,9.14,36.84,Mexico,Mexico,left,175,69,no,3.85,3.85,37.5,0.96,100.0,0.0,0.0,0.48,2.41,3.85,0.48,0,0.0,0,0.0,0.96,0.0,0,0.0,0.07,0,0.0,1,0.48,100.0,0.0,0.0,0.96,50.0,0.96,50.0,0.0,0.0,0.0,0.0,0.0,2.41,20.0,0.48,0.96,0.0,30.32,2.89,0.96,38.02,87.34,12.99,70.37,5.29,90.91,12.03,100.0,34.65,91.67,2.41,40.0,14.29,14.01,0.06,0.48,0.0,0.0,0.0,0.0,0.48,5.29,81.82,1.44,66.67,0.0,0.0,0.48,0.48,5.29,45.45,0,,0,,0,0.0,0.0,0.0,,,0.0,,,0.0,0.0,0.0,0.0,0,0.0
E. Montiel,Pachuca,Pachuca,"LCMF, RCMF, RDMF",20,0,,23,1701,0,0.49,0,0.96,21.11,47.12,Mexico,Mexico,right,170,63,no,7.46,7.2,58.82,2.33,31.82,0.16,0.21,0.21,3.07,4.14,0.79,2,0.11,0,0.0,2.28,0.0,0,0.0,0.03,0,0.0,17,0.9,23.53,0.0,0.0,0.53,40.0,0.16,66.67,0.32,33.33,0.0,3.12,54.24,9.58,40.33,0.69,1.9,1.38,28.41,0.0,0.95,44.97,91.06,10.69,86.63,6.24,95.76,22.12,90.91,38.73,93.44,5.82,80.0,20.26,33.87,0.05,0.74,0.0,0.0,0.26,60.0,0.16,9.05,90.06,0.69,46.15,0.37,42.86,0.37,0.11,6.19,86.32,0,,0,,0,0.0,0.0,0.0,,,0.48,,,0.0,0.0,0.0,0.05,0,0.0
A. Pérez,Club Tijuana,Querétaro,CB,21,0,,1,10,0,0.0,0,0.0,,,Mexico,Mexico,left,175,66,no,,,,,,,0.0,,,0.0,,0,,0,,,,0,,,0,,0,,,0.0,,,,,,,,,,,,,,,,,,,,,,,,,,,,,,,17.07,0.0,,,,,,,,,,,,,,,,,,0,,0,,0,0.0,0.0,,,,,,,,,,,0,0.0
R. Guerrero,Tigres UANL,Cruz Azul,RCB,23,0,2027-06-30,12,595,0,0.13,0,0.22,17.85,65.25,Mexico,Mexico,right,185,80,no,9.83,7.87,65.38,4.39,58.62,1.21,1.7,0.45,3.48,4.89,1.66,5,0.76,0,0.0,0.61,0.0,0,0.0,0.02,0,0.0,2,0.3,0.0,0.0,0.0,0.3,50.0,0.0,0.0,0.3,50.0,0.15,0.91,50.0,3.18,76.19,0.76,1.51,0.3,25.26,1.21,0.76,36.61,87.6,14.37,80.0,3.18,100.0,14.07,95.7,30.4,93.03,5.9,61.54,22.35,40.62,0.03,0.15,0.0,0.0,0.0,0.0,0.15,5.14,73.53,1.21,50.0,0.45,66.67,0.45,0.15,7.56,76.0,0,,0,,0,0.0,0.0,0.0,,,1.21,,,0.0,0.0,0.0,0.0,0,0.0
V. Arteaga,Pumas UNAM,Toluca,"RCMF, LDMF, LCMF",22,0,,6,98,0,0.07,0,0.0,9.18,60.0,Mexico,Mexico,right,175,72,no,2.76,4.59,60.0,0.0,0.0,0.0,0.0,0.0,0.0,0.0,0.92,0,0.0,0,0.0,1.84,0.0,0,0.0,0.07,0,0.0,2,1.84,0.0,0.0,0.0,0.92,0.0,0.0,0.0,0.92,0.0,0.0,1.84,100.0,3.67,75.0,1.84,0.0,0.0,35.82,0.0,0.0,42.24,97.83,10.1,100.0,3.67,100.0,26.63,96.55,36.73,100.0,4.59,100.0,17.22,20.35,0.0,0.0,0.0,0.0,0.0,0.0,0.0,8.27,100.0,0.92,0.0,0.0,0.0,0.0,0.0,9.18,100.0,0,,0,,0,0.0,0.0,0.0,,,0.0,,,0.0,0.0,0.0,0.0,0,0.0
M. Levy,Cruz Azul U21,Cruz Azul,CF,19,0,2026-12-31,12,234,0,0.81,0,0.21,33.08,25.58,Argentina,"Argentina, Mexico",right,175,72,no,3.85,3.85,40.0,5.77,20.0,0.38,0.79,0.0,1.92,3.95,0.77,0,0.0,0,0.0,3.46,0.0,0,0.0,0.31,0,0.0,6,2.31,33.33,0.0,0.0,1.54,25.0,0.0,0.0,1.54,25.0,0.0,4.62,50.0,16.54,20.93,3.08,1.54,1.15,6.15,0.38,1.54,11.15,72.41,1.54,50.0,5.0,92.31,2.31,83.33,9.23,79.17,0.38,100.0,14.78,1.51,0.08,0.38,0.0,0.0,0.0,0.0,0.0,0.0,0.0,0.38,100.0,0.0,0.0,0.38,0.38,0.77,50.0,0,,0,,0,0.0,0.0,0.0,,,0.0,,,0.0,0.0,0.0,0.0,0,0.0
J. Padilla,Club Tijuana,Guadalajara,"LW, RW, RWF",20,0,2029-06-30,25,876,3,1.51,0,0.39,27.33,45.11,Mexico,Mexico,right,174,62,no,9.25,9.97,60.82,2.47,25.0,0.62,0.91,0.21,2.57,3.79,1.95,2,0.21,1,0.1,4.52,0.31,3,0.31,0.15,0,0.0,19,1.95,42.11,15.789,0.0,2.88,21.43,0.41,50.0,2.47,16.67,0.51,6.06,49.15,12.43,40.5,3.18,2.88,0.51,18.18,1.75,0.92,24.97,76.54,6.37,62.9,6.47,98.41,7.29,71.83,21.06,85.85,1.23,41.67,15.99,20.52,0.04,0.41,0.1,0.0,0.21,50.0,0.1,1.64,75.0,1.85,22.22,0.51,40.0,0.62,0.41,2.77,70.37,0,,0,,0,0.0,0.0,0.0,,,0.0,,,0.0,0.0,0.0,0.62,0,0.0
D. Sánchez,Tigres UANL,Tigres UANL,RW,21,0,2027-12-31,1,9,0,0.37,0,0.0,,,Mexico,Mexico,right,155,52,no,,,,,,,0.0,,,0.0,,0,,0,,,,0,,,0,,2,,,0.0,,,,,,,,,,,,,,,,,,,,,,,,,,,,,,,10.05,0.0,,,,,,,,,,,,,,,,,,0,,0,,0,0.0,0.0,,,,,,,,,,,0,0.0
M. Zaleta,Necaxa,Cruz Azul,"LW, LAMF, LWB",24,0,,4,83,0,0.01,0,0.08,19.52,72.22,Mexico,Mexico,left,175,66,yes,14.1,8.67,75.0,2.17,100.0,2.17,3.75,1.08,5.42,9.38,1.08,1,1.08,0,0.0,6.51,0.0,0,0.0,0.01,0,0.0,1,1.08,0.0,0.0,0.0,4.34,50.0,4.34,50.0,0.0,0.0,1.08,5.42,80.0,6.51,66.67,2.17,2.17,1.08,14.1,1.08,1.08,23.86,77.27,2.17,50.0,6.51,100.0,11.93,72.73,19.52,83.33,0.0,0.0,18.01,0.0,0.09,1.08,0.0,0.0,0.0,0.0,0.0,1.08,100.0,3.25,66.67,0.0,0.0,0.0,2.17,4.34,75.0,0,,0,,0,0.0,0.0,0.0,,,0.0,,,0.0,0.0,0.0,1.08,0,0.0
J. Moxica,Atlante,Monterrey,CF,20,0,2027-06-30,1,19,0,0.0,0,0.0,,,Mexico,Mexico,unknown,176,0,yes,,,,,,,0.0,,,6.0,,0,,0,,,,0,,,0,,0,,,0.0,,,,,,,,,,,,,,,,,,,,,,,,,,,,,,,4.63,0.0,,,,,,,,,,,,,,,,,,0,,0,,0,0.0,0.0,,,,,,,,,,,0,0.0
S. Santos,León U23,León,"RCMF, CF",23,0,,14,508,0,1.06,0,0.01,20.02,44.25,Mexico,Mexico,right,178,72,no,6.73,8.33,55.32,1.77,20.0,0.0,0.0,0.18,2.13,2.69,1.95,1,0.18,0,0.0,2.83,0.0,0,0.0,0.19,0,0.0,14,2.48,28.57,0.0,0.0,2.13,8.33,0.35,0.0,1.77,10.0,0.0,3.37,57.89,6.73,39.47,2.83,1.24,0.71,17.89,0.53,0.35,26.75,77.48,6.02,70.59,4.61,84.62,9.92,80.36,22.85,87.6,2.13,25.0,19.13,22.65,0.0,0.18,0.18,0.0,0.18,0.0,0.0,3.72,71.43,1.06,33.33,0.53,33.33,0.53,0.35,3.72,52.38,0,,0,,0,0.0,0.0,0.0,,,0.53,,,0.0,0.0,0.0,0.0,0,0.0
H. Uribe,Correcaminos UAT,León,"AMF, LWB, RWB",22,0,,7,175,0,0.25,1,0.04,21.6,45.24,Mexico,Mexico,right,172,72,no,3.09,3.09,66.67,1.03,0.0,0.0,0.0,0.0,1.03,2.14,0.51,0,0.0,1,0.51,5.66,0.0,0,0.0,0.13,0,0.0,2,1.03,50.0,0.0,0.51,2.57,40.0,2.57,40.0,0.0,0.0,0.0,6.69,53.85,15.43,46.67,1.03,2.57,0.0,19.03,2.06,5.14,25.2,81.63,5.66,81.82,6.69,92.31,9.26,77.78,22.11,88.37,0.51,0.0,12.38,4.39,0.02,0.51,0.0,0.0,1.03,50.0,1.03,1.54,100.0,3.6,28.57,1.03,0.0,0.0,1.03,3.6,71.43,0,,0,,0,0.0,0.0,0.0,,,0.51,,,0.0,0.0,0.0,0.51,0,0.0
P. Salas,América,América,CF,22,0,,4,59,0,0.23,0,0.0,36.61,29.17,Mexico,Mexico,left,185,78,no,3.05,9.15,33.33,1.53,0.0,0.0,0.0,0.0,0.0,0.0,7.63,0,0.0,0,0.0,1.53,0.0,0,0.0,0.36,0,0.0,2,3.05,50.0,0.0,0.0,0.0,0.0,0.0,0.0,0.0,0.0,0.0,0.0,0.0,16.78,36.36,6.1,1.53,0.0,16.78,0.0,3.05,21.36,85.71,4.58,100.0,4.58,66.67,6.1,100.0,21.36,85.71,0.0,0.0,9.56,0.0,0.0,0.0,0.0,0.0,0.0,0.0,0.0,0.0,0.0,0.0,0.0,0.0,0.0,0.0,0.0,1.53,100.0,0,,0,,0,0.0,0.0,0.0,,,0.0,,,0.0,0.0,0.0,0.0,0,0.0
Luis Cervantes,Mineros de Zacatecas,León,RB,25,0,,15,721,1,0.86,0,0.25,18.85,52.32,Mexico,Mexico,right,178,72,no,11.61,11.11,59.55,2.5,30.0,1.12,1.66,0.12,3.87,5.71,1.37,2,0.25,1,0.12,1.75,0.12,1,0.12,0.11,0,0.0,2,0.25,50.0,50.0,0.0,1.37,27.27,0.0,0.0,1.37,27.27,0.12,1.87,66.67,3.37,48.15,0.75,1.0,0.12,15.98,1.62,0.5,26.09,78.47,8.36,62.69,4.37,97.14,7.24,82.76,22.72,84.07,2.0,50.0,16.01,19.58,0.03,0.62,0.0,0.0,0.0,0.0,0.0,2.75,77.27,1.5,25.0,0.12,0.0,0.0,0.37,4.49,63.89,0,,0,,0,0.0,0.0,0.0,,,0.37,,,0.0,0.0,0.0,0.0,0,0.0
R. Juárez,América,América,"LCB, RCB",25,0,2027-06-30,30,2264,0,1.39,0,0.0,13.24,62.16,Mexico,Mexico,right,182,83,no,8.67,6.08,71.9,5.13,58.91,0.36,0.45,0.91,3.94,4.99,0.68,1,0.04,0,0.0,0.04,0.0,0,0.0,0.06,0,0.0,9,0.36,11.11,0.0,0.0,0.04,0.0,0.0,0.0,0.04,0.0,0.0,0.0,0.0,0.48,0.0,0.4,0.08,0.0,24.13,0.4,0.0,33.99,89.01,14.39,80.11,1.91,93.75,14.11,96.34,29.62,93.42,4.33,59.63,20.99,34.36,0.0,0.0,0.04,0.0,0.0,0.0,0.0,2.62,62.12,0.24,0.0,0.12,33.33,0.0,0.0,4.97,64.0,0,,0,,0,0.0,0.0,0.0,,,1.59,,,0.0,0.0,0.0,0.0,0,0.0
I. Reyes,América,América,"RB, RCB",26,0,2028-12-31,29,2288,1,1.85,0,0.56,11.68,59.93,Mexico,Mexico,right,179,73,no,7.63,5.0,71.65,3.11,54.43,0.39,0.49,0.47,3.66,4.57,0.55,2,0.08,0,0.0,0.79,0.04,1,0.04,0.07,1,0.04,9,0.35,44.44,11.111,0.0,0.79,50.0,0.0,0.0,0.79,50.0,0.04,0.59,40.0,1.77,33.33,0.94,0.67,0.28,34.54,1.38,0.47,44.65,89.69,16.05,84.31,4.05,94.17,17.82,93.16,39.85,92.99,4.01,64.71,18.8,35.1,0.02,0.2,0.04,0.0,0.0,0.0,0.12,5.11,77.69,0.9,47.83,0.16,25.0,0.24,0.35,7.04,77.65,0,,0,,0,0.0,0.0,0.0,,,1.3,,,0.0,0.0,0.0,0.0,0,0.0
A. Zendejas,América,América,"RW, RAMF",28,0,2027-06-30,42,2989,9,5.11,3,4.81,19.69,44.5,Mexico,"Mexico, United States",left,167,66,no,7.41,6.53,59.45,1.14,34.21,0.69,0.87,0.09,2.83,3.57,1.08,5,0.15,0,0.0,3.64,0.27,9,0.27,0.15,0,0.0,48,1.45,41.67,18.75,0.09,2.11,37.14,0.27,44.44,1.78,33.9,0.24,4.0,48.87,9.79,38.15,2.41,2.14,0.45,33.09,1.84,1.63,40.26,85.27,8.76,76.29,10.36,95.64,12.32,83.37,36.79,88.71,1.45,64.58,15.38,26.47,0.14,0.93,0.24,0.12,0.66,45.45,0.51,3.73,82.26,3.13,62.5,0.6,50.0,1.45,0.78,5.63,77.01,0,,0,,0,0.0,0.0,0.0,,,0.03,,,0.09,0.0,0.0,0.69,0,0.0
P. Bellón,León,León,"LCB, CB",29,0,,19,1732,2,1.08,0,0.0,13.51,61.15,Mexico,"Mexico, France",left,189,76,no,10.13,6.86,68.94,4.05,48.72,0.88,1.22,0.78,4.52,6.23,0.94,3,0.16,0,0.0,0.62,0.1,2,0.1,0.06,2,0.1,7,0.36,71.43,28.571,0.0,0.31,50.0,0.26,40.0,0.0,0.0,0.0,0.21,100.0,0.47,77.78,0.52,0.26,0.0,25.31,0.52,0.57,37.0,89.75,12.21,79.15,1.3,92.0,19.54,96.54,32.74,94.44,3.95,53.95,21.04,30.11,0.0,0.0,0.0,0.0,0.05,0.0,0.05,2.13,60.98,0.36,14.29,0.1,0.0,0.0,0.16,5.4,58.65,0,,0,,0,0.0,0.0,0.0,,,0.83,,,0.0,0.0,0.0,0.0,0,0.0
L. Malagón,América,América,GK,29,0,2027-06-30,41,4125,0,0.0,0,0.0,0.59,85.19,Mexico,Mexico,right,180,78,no,0.98,0.07,33.33,0.35,93.75,0.0,0.0,0.0,0.96,1.24,0.02,2,0.04,0,0.0,0.0,0.0,0,0.0,0.0,0,0.0,0,0.0,0.0,0.0,0.0,0.0,0.0,0.0,0.0,0.0,0.0,0.0,0.0,0.0,0.11,100.0,0.0,0.0,0.0,11.76,0.31,0.22,17.15,86.64,8.99,77.67,0.07,100.0,7.61,97.42,11.39,99.04,5.67,62.69,33.57,50.85,0.0,0.0,0.0,0.0,0.0,0.0,0.0,1.24,45.61,0.04,50.0,0.04,0.0,0.02,0.0,4.41,68.81,30,0.65,129,2.81,19,76.74,31.91,0.7,1.91,0.042,0.07,1.16,0.35,,,,0.0,0,0.0
O. Moreno,Puebla,Mazatlán,"RW, RAMF",21,0,2027-06-30,4,85,0,0.01,0,0.0,14.82,64.29,Mexico,Mexico,right,175,73,no,3.18,4.24,50.0,3.18,66.67,0.0,0.0,0.0,1.06,1.36,1.06,0,0.0,0,0.0,4.24,0.0,0,0.0,0.01,0,0.0,1,1.06,100.0,0.0,0.0,2.12,50.0,0.0,0.0,2.12,50.0,1.06,2.12,100.0,4.24,75.0,2.12,1.06,0.0,9.53,0.0,1.06,14.82,92.86,4.24,75.0,3.18,100.0,4.24,100.0,12.71,100.0,0.0,0.0,13.35,0.0,0.0,0.0,0.0,0.0,0.0,0.0,0.0,0.0,0.0,2.12,100.0,0.0,0.0,1.06,1.06,3.18,100.0,0,,0,,0,0.0,0.0,0.0,,,0.0,,,0.0,0.0,0.0,0.0,0,0.0
A. Montaño,Cruz Azul,Mazatlán,"LCMF, AMF",24,0,2027-06-30,26,2213,4,3.12,1,3.3,13.5,49.7,Mexico,Mexico,left,175,71,no,5.73,4.6,52.21,0.89,68.18,0.65,0.84,0.24,2.68,3.48,0.61,2,0.08,1,0.04,2.28,0.16,3,0.12,0.13,0,0.0,43,1.75,27.91,9.302,0.04,0.57,42.86,0.41,60.0,0.16,0.0,0.04,2.56,53.97,6.38,45.86,0.45,1.5,0.37,26.84,0.53,0.98,37.82,84.41,11.71,68.06,5.77,97.18,15.33,91.51,32.94,88.02,4.35,62.62,18.11,28.36,0.13,1.26,0.0,0.0,0.53,30.77,0.28,7.32,76.11,1.79,50.0,0.85,33.33,0.69,0.2,5.9,73.79,0,,0,,0,0.0,0.0,0.0,,,0.57,,,0.61,0.08,0.0,1.91,1,100.0
R. Árciga,Club Tijuana,Mazatlán,"RW, LAMF, RCMF",21,0,2027-12-31,10,432,0,0.45,0,0.62,28.54,51.09,Mexico,Mexico,right,180,67,no,10.83,10.0,70.83,1.88,11.11,0.63,0.86,0.0,3.13,4.29,0.83,1,0.21,0,0.0,5.42,0.0,0,0.0,0.09,0,0.0,9,1.88,55.56,0.0,0.0,4.17,15.0,1.25,16.67,2.92,14.29,0.63,7.29,51.43,13.13,47.62,2.5,2.5,0.83,20.0,1.25,1.46,30.21,69.66,6.25,53.33,7.08,85.29,10.21,65.31,25.0,80.0,1.25,33.33,17.75,12.5,0.13,1.04,0.0,0.21,0.42,0.0,0.0,1.88,66.67,3.13,26.67,0.21,0.0,0.21,0.63,3.75,55.56,0,,0,,0,0.0,0.0,0.0,,,0.0,,,0.0,0.0,0.0,0.0,0,0.0
S. Flores,,Mazatlán,"DMF, RCMF, LCMF",31,0,,31,2142,1,0.72,0,0.76,17.02,52.59,Mexico,Mexico,right,185,82,no,11.26,9.37,59.19,3.07,50.68,0.25,0.33,0.38,5.46,7.08,1.72,6,0.25,0,0.0,0.5,0.04,1,0.04,0.03,0,0.0,6,0.25,50.0,16.667,0.0,0.08,100.0,0.08,100.0,0.0,0.0,0.04,0.42,50.0,1.85,34.09,0.25,0.38,0.0,30.38,0.29,0.42,45.88,86.72,15.63,77.69,3.36,95.0,20.5,92.62,42.31,89.77,3.49,49.4,19.13,33.16,0.03,0.5,0.04,0.0,0.25,33.33,0.13,7.86,81.82,0.63,46.67,0.42,50.0,0.25,0.08,7.9,73.94,0,,0,,0,0.0,0.0,0.0,,,0.84,,,0.0,0.0,0.0,0.0,0,0.0
J. Colmán,Nacional Asunción,Mazatlán,"LW, LAMF, CF",28,0,2026-12-31,26,1947,3,5.43,9,4.69,17.06,44.99,Paraguay,Paraguay,right,170,73,no,2.91,2.87,54.84,0.6,53.85,0.09,0.12,0.0,1.25,1.64,0.37,1,0.05,0,0.0,4.71,0.14,3,0.14,0.25,0,0.0,60,2.77,26.67,5.0,0.42,1.43,48.39,0.97,42.86,0.46,60.0,0.09,5.64,56.56,11.79,42.75,2.27,2.36,1.16,23.81,1.43,0.79,31.94,81.19,7.35,61.01,7.12,94.16,10.82,85.47,28.47,85.39,2.03,45.45,17.09,31.54,0.22,1.8,0.0,0.09,0.51,18.18,0.65,4.07,63.64,2.91,49.21,0.83,11.11,1.16,0.69,4.62,84.0,0,,0,,0,0.0,0.0,0.0,,,0.0,,,0.92,0.18,25.0,1.76,1,0.0
G. Berterame,Inter Miami,Monterrey,"CF, LAMF",27,0,2029-06-30,31,2478,11,9.6,1,1.37,15.44,38.12,Argentina,Argentina,right,180,74,no,4.39,2.54,57.14,3.89,38.32,0.44,0.56,0.0,2.51,3.2,0.69,2,0.07,0,0.0,2.36,0.4,11,0.4,0.35,2,0.07,61,2.22,40.98,18.033,0.04,1.02,17.86,0.4,9.09,0.62,23.53,0.11,2.4,50.0,6.65,33.33,3.92,1.16,0.76,14.85,1.53,1.09,19.83,82.6,2.94,62.96,5.99,93.94,6.17,82.94,18.38,86.56,0.54,60.0,16.33,12.58,0.05,0.51,0.07,0.0,0.25,28.57,0.18,2.0,70.91,1.2,51.52,0.25,28.57,0.91,0.22,1.85,68.63,0,,0,,0,0.0,0.0,0.0,,,0.04,,,0.04,0.04,100.0,0.0,0,0.0
J. Rojas,Barcelona,Monterrey,"LW, LAMF",29,0,2027-12-31,13,468,2,1.53,0,1.32,22.69,35.59,Ecuador,Ecuador,right,179,70,no,3.85,3.65,47.37,0.38,50.0,0.58,0.8,0.0,1.54,2.14,0.96,1,0.19,0,0.0,7.12,0.38,2,0.38,0.29,0,0.0,15,2.88,33.33,13.333,0.0,4.62,37.5,3.85,40.0,0.77,25.0,0.38,9.81,41.18,16.73,33.33,3.65,3.65,2.12,23.85,1.73,0.77,32.12,79.64,6.35,72.73,8.08,95.24,10.19,69.81,26.54,89.13,1.73,44.44,17.72,20.59,0.25,1.73,0.0,0.0,0.58,66.67,0.19,2.88,86.67,3.65,36.84,0.58,33.33,0.58,1.15,4.42,82.61,0,,0,,0,0.0,0.0,0.0,,,0.19,,,0.96,0.38,0.0,2.88,0,0.0
K. Ortega,Atlético de San Luis,Atlético de San Luis,"LCMF, RCMF",24,0,,3,39,0,0.0,0,0.01,,,Mexico,Mexico,right,162,62,no,,,,,,,0.0,,,4.29,,0,,0,,,,0,,,0,,0,,,0.0,,,,,,,,,,,,,,,,,,,,,,,,,,,,,,,16.61,17.77,,,,,,,,,,,,,,,,,,0,,0,,0,0.0,0.0,,,,,,,,,,,0,0.0
A. González,Olympiacos Piraeus,Guadalajara,CF,23,0,2031-06-30,3,56,0,0.4,1,0.1,17.68,36.36,Mexico,Mexico,right,179,68,no,4.82,4.82,66.67,6.43,50.0,1.61,3.33,0.0,0.0,0.0,1.61,0,0.0,0,0.0,1.61,0.0,0,0.0,0.64,0,0.0,1,1.61,0.0,0.0,1.61,1.61,100.0,0.0,0.0,1.61,100.0,0.0,0.0,0.0,3.21,0.0,1.61,0.0,0.0,9.64,3.21,0.0,11.25,71.43,0.0,0.0,4.82,66.67,6.43,75.0,9.64,66.67,0.0,0.0,12.69,0.0,0.16,1.61,0.0,0.0,0.0,0.0,1.61,0.0,0.0,1.61,100.0,0.0,0.0,1.61,0.0,3.21,50.0,0,,0,,0,0.0,0.0,0.0,,,0.0,,,0.0,0.0,0.0,0.0,0,0.0
