Player,Team,Team within selected timeframe,Position,Age,Market value,Contract expires,Matches played,Minutes played,Goals,xG,Assists,xA,Duels per 90,"Duels won, %",Birth country,Passport country,Foot,Height,Weight,On loan,Successful defensive actions per 90,Defensive duels per 90,"Defensive duels won, %",Aerial duels per 90,"Aerial duels won, %",Sliding tackles per 90,PAdj Sliding tackles,Shots blocked per 90,Interceptions per 90,PAdj Interceptions,Fouls per 90,Yellow cards,Yellow cards per 90,Red cards,Red cards per 90,Successful attacking actions per 90,Goals per 90,Non-penalty goals,Non-penalty goals per 90,xG per 90,Head goals,Head goals per 90,Shots,Shots per 90,"Shots on target, %","Goal conversion, %",Assists per 90,Crosses per 90,"Accurate crosses, %",Crosses from left flank per 90,"Accurate crosses from left flank, %",Crosses from right flank per 90,"Accurate crosses from right flank, %",Crosses to goalie box per 90,Dribbles per 90,"Successful dribbles, %",Offensive duels per 90,"Offensive duels won, %",Touches in box per 90,Progressive runs per 90,Accelerations per 90,Received passes per 90,Received long passes per 90,Fouls suffered per 90,Passes per 90,"Accurate passes, %",Forward passes per 90,"Accurate forward passes, %",Back passes per 90,"Accurate back passes, %",Lateral passes per 90,"Accurate lateral passes, %",Short / medium passes per 90,"Accurate short / medium passes, %",Long passes per 90,"Accurate long passes, %","Average pass length, m","Average long pass length, m",xA per 90,Shot assists per 90,Second assists per 90,Third assists per 90,Smart passes per 90,"Accurate smart passes, %",Key passes per 90,Passes to final third per 90,"Accurate passes to final third, %",Passes to penalty area per 90,"Accurate passes to penalty area, %",Through passes per 90,"Accurate through passes, %",Deep completions per 90,Deep completed crosses per 90,Progressive passes per 90,"Accurate progressive passes, %",Conceded goals,Conceded goals per 90,Shots against,Shots against per 90,Clean sheets,"Save rate, %",xG against,xG against per 90,Prevented goals,Prevented goals per 90,Back passes received as GK per 90,Exits per 90,Aerial duels per 90.1,Free kicks per 90,Direct free kicks per 90,"Direct free kicks on target, %",Corners per 90,Penalties taken,"Penalty conversion, %"
J. Niezgoda,Pogoń Siedlce,Pogoń Siedlce,CF,31,1700000,,12,336,0,0.79,2,1.04,12.05,37.78,Poland,Poland,right,185,75,no,4.02,2.14,50.0,4.82,33.33,0.0,0.0,0.27,2.95,4.18,0.8,0,0.0,0,0.0,0.54,0.0,0,0.0,0.21,0,0.0,6,1.61,16.67,0.0,0.54,0.54,0.0,0.0,0.0,0.27,0.0,0.0,1.07,25.0,3.75,28.57,4.29,0.27,0.0,10.18,2.14,0.0,18.21,67.65,3.21,75.0,5.63,90.48,4.29,43.75,17.68,69.7,0.0,0.0,16.76,0.0,0.28,1.88,0.0,0.0,0.0,0.0,0.8,0.54,100.0,1.88,71.43,0.0,0.0,2.14,0.0,2.95,54.55,0,,0,,0,0.0,0.0,0.0,,,0.0,,,0.0,0.0,0.0,0.0,0,0.0
I. Lučić,Miedź Legnica,Miedź Legnica,GK,31,1500000,2028-06-30,14,1372,0,0.0,0,0.0,0.72,100.0,Austria,"Austria, Croatia",right,194,92,no,1.25,0.07,100.0,0.52,100.0,0.0,0.0,0.0,1.18,1.9,0.0,0,0.0,0,0.0,0.0,0.0,0,0.0,0.0,0,0.0,0,0.0,0.0,0.0,0.0,0.0,0.0,0.0,0.0,0.0,0.0,0.0,0.0,0.0,0.13,100.0,0.0,0.0,0.07,17.25,0.26,0.2,25.58,85.64,13.38,74.02,0.0,0.0,10.82,98.18,16.6,98.42,8.99,62.04,31.45,48.97,0.0,0.0,0.0,0.07,0.0,0.0,0.0,3.74,52.63,0.39,16.67,0.46,28.57,0.07,0.0,6.56,78.0,17,1.12,59,3.87,2,71.19,18.39,1.21,1.39,0.091,0.0,1.9,0.52,,,,0.0,0,0.0
J. Löffelsend,Fortuna Köln,Łódzki KS,"RWB, RB",28,1500000,2027-06-30,33,2632,5,3.59,5,4.3,15.08,48.3,Germany,Germany,right,180,66,no,8.62,6.63,59.79,2.8,29.27,0.27,0.4,0.14,4.38,6.37,1.33,6,0.21,0,0.0,1.85,0.17,5,0.17,0.12,1,0.03,35,1.2,31.43,14.286,0.17,3.18,33.33,0.21,16.67,2.97,34.48,0.31,0.89,46.15,3.45,41.58,1.4,1.06,0.38,27.77,1.44,1.3,38.54,73.56,14.12,62.71,7.73,92.48,10.53,74.35,30.81,81.35,4.86,48.59,19.25,35.6,0.15,1.27,0.07,0.0,0.07,0.0,0.75,5.37,62.42,3.59,45.71,0.65,21.05,0.96,1.13,8.96,67.18,0,,0,,0,0.0,0.0,0.0,,,0.65,,,0.07,0.03,0.0,0.17,0,0.0
P. Pušić,Wieczysta Kraków,Wieczysta Kraków,"AMF, RCMF, RAMF",27,1300000,2027-06-30,19,971,1,2.88,3,2.69,12.42,39.55,Switzerland,"Switzerland, Croatia",left,171,62,no,3.8,3.43,51.35,1.95,23.81,0.19,0.27,0.0,1.85,2.7,1.02,2,0.19,0,0.0,2.41,0.09,1,0.09,0.27,0,0.0,20,1.85,30.0,5.0,0.28,1.85,30.0,0.74,12.5,0.93,50.0,0.19,2.32,56.0,5.65,39.34,3.24,2.41,0.74,36.98,0.65,0.56,48.2,85.77,14.27,73.38,9.27,97.0,14.46,91.03,43.1,89.68,3.24,65.71,15.05,20.0,0.25,1.95,0.0,0.0,0.0,0.0,0.74,4.73,82.35,3.34,69.44,0.19,50.0,2.22,0.65,6.95,74.67,0,,0,,0,0.0,0.0,0.0,,,0.09,,,0.56,0.0,0.0,1.85,0,0.0
L. Piazón,Wieczysta Kraków,Wieczysta Kraków,"LCMF, LDMF, DMF",32,1200000,2027-06-30,29,2616,2,2.45,4,4.81,12.35,54.32,Brazil,"Brazil, Italy",right,182,76,no,8.33,5.54,67.7,2.34,55.88,0.1,0.15,0.34,4.47,6.68,0.83,4,0.14,1,0.03,0.96,0.07,2,0.07,0.08,0,0.0,27,0.93,29.63,7.407,0.14,0.72,47.62,0.34,40.0,0.38,54.55,0.1,0.72,47.62,3.37,35.71,1.79,1.31,0.0,36.23,0.62,0.52,51.06,87.26,14.62,76.47,8.88,96.12,18.85,92.52,47.61,90.17,2.75,46.25,16.83,31.68,0.17,1.51,0.1,0.03,0.14,0.0,0.34,6.4,76.34,2.06,56.67,0.28,12.5,1.17,0.38,6.64,76.17,0,,0,,0,0.0,0.0,0.0,,,0.48,,,0.65,0.07,50.0,1.79,0,0.0
S. Skrabb,Polonia Warszawa,Polonia Warszawa,RCMF,31,1200000,2027-06-30,21,1281,4,3.53,1,3.53,15.67,44.84,Finland,Finland,left,174,75,no,6.46,5.62,51.25,1.97,25.0,0.63,0.97,0.07,2.95,4.52,2.18,4,0.28,0,0.0,1.97,0.28,4,0.28,0.25,0,0.0,27,1.9,25.93,14.815,0.07,1.76,36.0,0.49,28.57,1.19,41.18,0.49,0.91,76.92,6.11,44.83,2.32,0.77,0.14,24.38,0.35,0.56,34.99,78.11,12.15,65.32,7.31,97.12,10.61,80.79,29.3,83.45,4.0,57.89,18.22,31.21,0.25,2.11,0.0,0.07,0.28,50.0,0.42,5.06,66.67,3.44,48.98,0.56,25.0,1.48,0.56,6.67,74.74,0,,0,,0,0.0,0.0,0.0,,,0.07,,,1.26,0.21,0.0,4.29,0,0.0
A. Bobek,,Łódzki KS,GK,22,1000000,,25,2244,0,0.0,0,0.0,0.84,85.71,Poland,Poland,right,192,81,no,1.68,0.04,0.0,0.56,85.71,0.0,0.0,0.0,1.68,2.45,0.04,2,0.08,0,0.0,0.0,0.0,0,0.0,0.0,0,0.0,0,0.0,0.0,0.0,0.0,0.0,0.0,0.0,0.0,0.0,0.0,0.0,0.0,0.0,0.2,100.0,0.0,0.0,0.0,9.34,0.12,0.32,16.04,79.75,8.74,67.43,0.0,0.0,6.66,93.98,9.26,94.81,6.7,59.88,32.55,47.25,0.0,0.0,0.0,0.0,0.0,0.0,0.0,3.21,61.25,0.48,41.67,0.12,33.33,0.2,0.0,4.89,72.13,30,1.2,95,3.81,7,68.42,31.73,1.27,1.73,0.069,0.0,2.17,0.56,,,,0.0,0,0.0
B. Toma,,Łódzki KS,CF,27,1000000,,20,1362,1,3.21,2,1.58,10.64,40.37,Switzerland,Switzerland,right,174,67,no,3.11,2.84,55.81,1.06,12.5,0.07,0.1,0.07,1.45,2.1,0.79,0,0.0,0,0.0,2.18,0.07,1,0.07,0.21,0,0.0,26,1.72,26.92,3.846,0.13,1.06,12.5,0.4,16.67,0.59,11.11,0.46,2.44,54.05,5.48,40.96,3.44,1.45,0.07,25.04,0.99,0.59,32.58,80.93,11.17,71.01,7.6,96.52,7.27,80.91,29.6,84.82,1.98,56.67,15.16,23.26,0.1,1.06,0.0,0.07,0.4,66.67,0.26,4.82,72.6,2.58,61.54,0.4,66.67,2.11,0.26,4.56,79.71,0,,0,,0,0.0,0.0,0.0,,,0.53,,,0.07,0.0,0.0,0.2,0,0.0
P. Samiec-Talar,Śląsk Wrocław,Śląsk Wrocław,"RAMF, RCMF, AMF",24,1000000,2027-06-30,33,2868,11,13.25,7,6.7,16.91,43.04,Poland,Poland,left,185,78,no,4.46,4.68,57.72,1.66,28.3,0.0,0.0,0.13,1.76,2.59,0.88,3,0.09,0,0.0,3.61,0.35,10,0.31,0.42,0,0.0,84,2.64,50.0,13.095,0.22,1.98,38.1,0.41,30.77,1.41,35.56,0.6,2.7,53.49,8.97,38.11,3.61,1.69,0.31,25.73,0.97,1.07,33.08,77.51,11.64,70.35,4.46,86.62,10.61,81.07,28.68,82.28,2.45,53.85,17.06,31.55,0.21,1.82,0.06,0.06,0.25,37.5,0.75,4.74,70.2,3.92,60.0,0.63,15.0,2.17,0.85,6.97,81.53,0,,0,,0,0.0,0.0,0.0,,,0.16,,,0.94,0.25,50.0,2.67,1,100.0
G. Engvall,KuPS,Miedź Legnica,"CF, AMF, LW",30,900000,2026-12-31,8,260,0,0.5,0,0.09,11.77,55.88,Sweden,Sweden,right,185,85,no,2.42,3.12,66.67,1.73,20.0,0.0,0.0,0.0,0.35,0.53,1.04,2,0.69,0,0.0,0.69,0.0,0,0.0,0.17,0,0.0,5,1.73,0.0,0.0,0.0,0.35,0.0,0.35,0.0,0.0,0.0,0.0,1.04,66.67,5.19,66.67,2.77,0.0,0.0,10.73,1.04,1.38,15.23,68.18,6.58,73.68,3.46,80.0,2.08,50.0,14.54,71.43,0.35,0.0,15.94,6.53,0.03,0.35,0.0,0.0,0.0,0.0,0.35,1.38,50.0,1.73,40.0,0.0,0.0,0.69,0.0,2.08,66.67,0,,0,,0,0.0,0.0,0.0,,,0.0,,,0.0,0.0,0.0,0.0,0,0.0
E. Rakip,,Miedź Legnica,"RCMF, LCMF",30,850000,,13,689,0,0.75,1,0.21,15.15,43.97,Sweden,"Sweden, North Macedonia",right,179,71,no,5.75,5.09,48.72,3.27,40.0,0.52,0.83,0.13,2.74,4.34,1.96,2,0.26,0,0.0,1.7,0.0,0,0.0,0.1,0,0.0,10,1.31,30.0,0.0,0.13,1.57,16.67,0.65,20.0,0.91,14.29,0.0,1.83,57.14,3.92,56.67,1.83,1.31,0.13,20.12,0.39,0.78,32.39,76.61,10.71,65.85,6.53,92.0,9.14,82.86,27.69,84.43,3.27,36.0,19.49,28.47,0.03,0.91,0.0,0.0,0.0,0.0,0.39,4.57,62.86,1.57,58.33,0.39,33.33,0.91,0.39,6.01,60.87,0,,0,,0,0.0,0.0,0.0,,,0.91,,,0.13,0.0,0.0,0.39,0,0.0
P. Szymiński,,Ruch Chorzów,LCB,32,700000,,3,165,0,0.03,0,0.01,14.18,57.69,Poland,Poland,right,185,76,no,7.09,4.36,100.0,6.0,54.55,1.09,1.58,0.0,1.64,2.37,0.0,0,0.0,0,0.0,0.55,0.0,0,0.0,0.02,0,0.0,1,0.55,0.0,0.0,0.0,0.55,100.0,0.55,100.0,0.0,0.0,0.0,0.0,0.0,1.64,0.0,1.09,0.55,0.0,38.18,0.55,0.0,54.0,85.86,21.82,72.5,3.82,100.0,24.55,93.33,42.55,97.44,10.91,40.0,21.76,35.15,0.0,0.55,0.0,0.0,0.0,0.0,0.55,6.0,54.55,1.09,0.0,0.55,100.0,0.0,0.55,7.64,50.0,0,,0,,0,0.0,0.0,0.0,,,3.27,,,0.0,0.0,0.0,0.0,0,0.0
L. Czyborra,Altglienicke,Miedź Legnica,"LB, LWB",27,700000,2027-06-30,7,309,0,0.22,0,0.28,8.74,50.0,Germany,Germany,left,181,72,no,5.53,2.33,62.5,2.04,57.14,0.0,0.0,0.0,4.08,7.64,0.29,1,0.29,0,0.0,2.91,0.0,0,0.0,0.06,0,0.0,3,0.87,0.0,0.0,0.0,4.37,46.67,4.37,46.67,0.0,0.0,0.29,1.17,75.0,3.2,36.36,1.17,1.46,0.0,20.68,1.75,0.29,31.46,69.44,14.56,60.0,6.12,90.48,6.12,66.67,22.43,79.22,4.95,47.06,15.12,28.31,0.08,1.17,0.29,0.0,0.0,0.0,0.29,3.5,41.67,4.08,50.0,0.29,0.0,0.29,1.75,7.57,65.38,0,,0,,0,0.0,0.0,0.0,,,0.58,,,0.58,0.0,0.0,4.08,0,0.0
M. Watson,,Ruch Chorzów,RCB,30,700000,,5,443,0,0.06,0,0.0,12.6,58.06,Sweden,"Sweden, England",right,184,74,no,6.3,3.25,56.25,6.3,61.29,0.0,0.0,0.81,4.47,7.1,0.61,0,0.0,1,0.2,0.0,0.0,0,0.0,0.01,0,0.0,1,0.2,0.0,0.0,0.0,0.0,0.0,0.0,0.0,0.0,0.0,0.0,0.2,0.0,1.02,40.0,0.2,0.41,0.0,29.26,0.41,0.61,42.87,91.0,16.46,83.95,3.05,100.0,21.33,97.14,38.8,94.24,4.06,60.0,19.75,33.69,0.0,0.0,0.0,0.0,0.0,0.0,0.0,3.66,77.78,0.2,0.0,0.0,0.0,0.0,0.0,7.11,71.43,0,,0,,0,0.0,0.0,0.0,,,2.64,,,0.0,0.0,0.0,0.0,0,0.0
Ángel Rodado,Wisła Kraków,Wisła Kraków,"CF, AMF",29,700000,2030-06-30,26,2444,21,19.58,0,1.98,19.26,39.01,Spain,Spain,left,179,74,no,5.41,4.23,60.87,3.24,32.95,0.15,0.25,0.07,2.69,4.63,1.29,2,0.07,0,0.0,2.39,0.77,17,0.63,0.72,5,0.18,109,4.01,33.03,19.266,0.0,0.85,21.74,0.66,22.22,0.15,25.0,0.22,2.06,42.86,8.87,32.37,4.86,1.58,0.29,15.43,1.44,1.18,21.84,75.55,5.78,60.51,5.05,90.51,6.52,79.66,19.92,79.48,1.1,43.33,16.34,25.34,0.07,0.77,0.0,0.0,0.04,0.0,0.37,2.06,60.71,1.47,70.0,0.07,0.0,1.36,0.18,2.25,68.85,0,,0,,0,0.0,0.0,0.0,,,0.04,,,0.37,0.29,12.5,0.11,4,100.0
E. Omić,Wisła Kraków,Wisła Kraków,"RDMF, LDMF, RCMF",23,700000,2027-06-30,17,403,0,0.61,2,0.57,16.53,32.43,Austria,"Austria, Bosnia and Herzegovina",right,185,72,no,7.37,3.8,70.59,4.24,10.53,0.67,1.53,0.67,4.02,9.15,2.01,2,0.45,0,0.0,2.01,0.0,0,0.0,0.14,0,0.0,15,3.35,33.33,0.0,0.45,0.89,75.0,0.45,100.0,0.45,50.0,0.22,0.67,33.33,4.91,31.82,1.34,1.12,0.0,30.37,0.22,0.89,38.64,84.97,11.61,67.31,8.49,97.37,12.06,94.44,34.62,87.74,3.13,57.14,18.26,21.03,0.13,1.56,0.0,0.0,0.0,0.0,0.67,6.92,77.42,2.01,66.67,0.22,0.0,0.67,0.67,5.81,84.62,0,,0,,0,0.0,0.0,0.0,,,0.89,,,1.12,0.0,0.0,2.23,0,0.0
M. Pingot,Odra Opole,Łódzki KS,LCB,23,700000,2028-06-30,9,816,0,0.09,0,0.35,15.33,55.4,Poland,Poland,left,188,78,yes,7.72,6.29,57.89,5.74,51.92,0.22,0.3,0.33,3.86,5.3,1.76,3,0.33,0,0.0,0.88,0.0,0,0.0,0.01,0,0.0,3,0.33,33.33,0.0,0.0,0.77,57.14,0.77,57.14,0.0,0.0,0.0,0.33,100.0,1.65,66.67,0.22,0.99,0.11,24.93,0.0,0.66,39.49,83.8,17.43,73.42,3.31,93.33,13.68,90.32,32.1,91.07,6.73,50.82,20.11,37.21,0.04,0.44,0.0,0.0,0.0,0.0,0.33,5.63,60.78,1.32,66.67,0.33,0.0,0.33,0.44,7.72,71.43,0,,0,,0,0.0,0.0,0.0,,,1.1,,,0.0,0.0,0.0,0.0,0,0.0
K. Fila,Wieczysta Kraków,Wieczysta Kraków,RB,28,700000,2027-06-30,23,1738,2,1.74,4,2.52,14.65,53.71,Poland,Poland,right,183,77,no,7.87,6.11,66.1,2.8,48.15,0.16,0.24,0.52,3.68,5.59,1.04,2,0.1,0,0.0,2.95,0.1,2,0.1,0.09,1,0.05,13,0.67,23.08,15.385,0.21,3.83,50.0,0.0,0.0,3.83,50.0,0.41,1.04,85.0,4.51,45.98,1.66,1.04,0.1,48.73,1.5,0.83,62.19,85.76,24.75,80.13,9.22,98.88,16.78,84.57,53.23,91.73,5.28,50.98,17.14,29.76,0.13,1.14,0.0,0.05,0.05,0.0,0.67,9.48,80.33,5.07,57.14,0.57,27.27,1.5,1.86,13.77,80.83,0,,0,,0,0.0,0.0,0.0,,,0.05,,,0.0,0.0,0.0,0.16,0,0.0
A. Crăciun,Łódzki KS,Łódzki KS,"CB, LCB",28,650000,2027-06-30,33,3077,6,5.7,1,0.89,12.43,58.82,Moldova,"Moldova, Romania",right,193,80,no,7.25,3.57,75.41,5.91,55.45,0.06,0.08,0.97,4.5,6.51,0.99,5,0.15,0,0.0,0.41,0.18,4,0.12,0.17,4,0.12,29,0.85,34.48,20.69,0.03,0.23,25.0,0.03,0.0,0.18,16.67,0.0,0.06,100.0,0.58,40.0,1.61,0.23,0.0,27.17,0.41,0.09,39.93,84.62,14.16,70.25,1.84,93.65,20.47,93.71,34.78,90.75,4.94,44.38,21.45,42.28,0.03,0.23,0.06,0.0,0.03,0.0,0.06,4.59,64.33,0.76,38.46,0.26,11.11,0.41,0.03,5.82,58.29,0,,0,,0,0.0,0.0,0.0,,,1.02,,,0.0,0.0,0.0,0.0,3,66.667
K. Kostorz,Polonia Warszawa,Polonia Warszawa,"RCMF, CF",26,650000,2029-06-30,14,362,2,1.48,0,0.12,23.12,40.86,Poland,Poland,right,191,79,no,5.22,4.23,58.82,5.97,62.5,0.25,0.45,0.0,2.49,4.55,0.75,0,0.0,0,0.0,1.24,0.5,2,0.5,0.37,1,0.25,6,1.49,33.33,33.333,0.0,0.25,100.0,0.25,100.0,0.0,0.0,0.0,1.74,28.57,9.7,25.64,2.73,0.75,0.25,13.18,3.48,1.49,22.87,76.09,7.46,70.0,5.22,95.24,5.72,73.91,21.63,78.16,0.99,25.0,14.7,12.35,0.03,0.25,0.0,0.25,0.0,0.0,0.0,3.23,69.23,0.99,50.0,0.0,0.0,1.24,0.25,3.48,71.43,0,,0,,0,0.0,0.0,0.0,,,0.0,,,0.0,0.0,0.0,0.0,0,0.0
A. Klimek,Puszcza Niepołomice,Śląsk Wrocław,LAMF,23,650000,2027-06-30,16,539,1,0.84,0,1.13,16.53,44.44,Poland,Poland,both,172,70,no,2.84,3.01,55.56,1.34,37.5,0.0,0.0,0.0,1.17,1.98,0.67,0,0.0,0,0.0,7.01,0.17,1,0.17,0.14,0,0.0,12,2.0,33.33,8.333,0.0,6.51,43.59,5.34,40.63,1.17,57.14,1.67,6.85,51.22,10.02,45.0,4.01,3.34,0.33,27.55,1.84,0.67,35.4,71.7,7.51,57.78,9.68,98.28,12.86,62.34,27.22,81.6,2.17,23.08,20.89,17.81,0.19,1.67,0.0,0.0,0.0,0.0,0.67,2.0,50.0,5.51,54.55,0.0,0.0,1.5,2.84,8.01,70.83,0,,0,,0,0.0,0.0,0.0,,,0.33,,,0.17,0.0,0.0,1.17,0,0.0
K. Przybyłko,Odra Opole,Odra Opole,CF,33,600000,2027-06-30,21,1348,3,4.23,1,0.29,17.49,30.53,Germany,"Germany, Poland",right,192,86,no,3.34,2.07,61.29,8.75,32.06,0.07,0.08,0.27,2.0,2.54,0.6,1,0.07,0,0.0,0.87,0.2,3,0.2,0.28,1,0.07,26,1.74,30.77,11.538,0.07,0.53,25.0,0.4,33.33,0.13,0.0,0.0,0.53,25.0,3.14,23.4,2.87,0.53,0.0,10.75,1.4,0.67,16.22,76.95,3.27,61.22,4.14,90.32,4.94,79.73,15.49,79.31,0.2,33.33,15.45,6.64,0.02,0.4,0.0,0.0,0.2,33.33,0.13,1.6,70.83,0.53,12.5,0.07,0.0,0.33,0.13,1.14,64.71,0,,0,,0,0.0,0.0,0.0,,,0.0,,,0.07,0.07,0.0,0.0,0,0.0
D. Gnaase,Polonia Warszawa,Polonia Warszawa,"DMF, RCMF",29,600000,2027-06-30,33,2810,4,1.94,0,1.69,16.37,53.03,Germany,Germany,right,179,77,no,6.85,4.71,68.71,3.23,45.54,0.16,0.24,0.54,3.46,5.18,0.99,5,0.16,0,0.0,1.38,0.13,4,0.13,0.06,0,0.0,24,0.77,25.0,16.667,0.0,0.51,50.0,0.22,57.14,0.29,44.44,0.13,1.51,59.57,5.28,52.73,1.15,1.25,0.26,22.52,0.29,1.38,36.86,83.67,12.46,67.87,6.44,98.01,11.95,93.03,32.99,88.25,3.36,43.81,17.67,29.32,0.05,0.86,0.06,0.03,0.03,100.0,0.29,5.99,70.05,2.08,55.38,0.26,37.5,1.12,0.19,5.8,77.9,0,,0,,0,0.0,0.0,0.0,,,0.64,,,0.06,0.0,0.0,0.0,0,0.0
S. Ernst,,Łódzki KS,"RCMF, DMF",31,600000,,27,1356,1,0.84,1,1.83,14.67,49.77,Germany,Germany,left,181,73,no,8.76,5.11,68.83,2.59,51.28,1.19,1.81,0.6,4.05,6.14,1.33,3,0.2,0,0.0,1.33,0.07,1,0.07,0.06,1,0.07,12,0.8,16.67,8.333,0.07,2.06,25.81,1.33,20.0,0.73,36.36,0.4,1.06,56.25,4.78,33.33,1.73,1.79,0.33,23.56,0.6,0.4,35.84,85.74,10.62,82.5,6.5,93.88,10.82,84.66,32.46,91.0,1.39,52.38,16.77,20.33,0.12,1.19,0.07,0.0,0.13,50.0,0.07,5.51,86.75,2.06,45.16,0.2,33.33,0.6,0.46,4.51,73.53,0,,0,,0,0.0,0.0,0.0,,,0.27,,,0.66,0.07,0.0,2.32,0,0.0
G. Norlin,Miedź Legnica,Łódzki KS,"LWB, LB",29,600000,2028-06-30,30,2413,1,2.13,3,3.7,11.82,57.73,Sweden,Sweden,left,183,73,no,7.01,5.0,61.94,2.24,58.33,0.22,0.33,0.15,3.69,5.41,1.16,4,0.15,0,0.0,1.49,0.04,1,0.04,0.08,0,0.0,14,0.52,42.86,7.143,0.11,1.79,45.83,1.53,46.34,0.19,40.0,0.26,0.6,75.0,2.8,57.33,1.79,1.04,0.37,22.15,1.27,1.04,31.48,79.27,10.93,69.28,7.65,95.61,7.53,79.7,27.12,83.77,2.61,55.71,16.87,29.71,0.14,1.12,0.04,0.04,0.04,0.0,0.67,3.32,68.54,1.83,51.02,0.22,50.0,0.71,0.67,5.37,66.67,0,,0,,0,0.0,0.0,0.0,,,0.41,,,0.15,0.04,100.0,1.16,0,0.0
K. Hinokio,Łódzki KS,Łódzki KS,"LCMF, AMF",25,550000,2027-06-30,25,1892,5,2.66,3,2.65,19.17,38.71,Japan,Japan,right,165,60,no,6.99,7.47,54.78,1.47,9.68,0.0,0.0,0.14,2.9,4.04,1.81,5,0.24,0,0.0,2.05,0.24,5,0.24,0.13,0,0.0,33,1.57,18.18,15.152,0.14,1.0,38.1,0.48,30.0,0.52,45.45,0.1,2.33,55.1,8.13,29.24,1.9,1.38,0.0,20.64,0.43,0.67,30.16,81.7,9.13,69.27,6.52,94.89,9.09,83.77,26.31,86.98,2.85,48.33,18.87,30.75,0.13,1.19,0.0,0.0,0.24,40.0,0.52,4.99,66.67,2.33,53.06,0.71,46.67,1.24,0.38,4.66,73.47,0,,0,,0,0.0,0.0,0.0,,,0.05,,,0.48,0.05,0.0,0.52,0,0.0
E. Olsson,Panetolikos FC,Wieczysta Kraków,LCB,23,550000,2027-06-30,12,891,0,0.28,0,0.0,10.81,58.88,Sweden,Sweden,left,188,82,no,8.59,4.95,67.35,3.74,56.76,0.0,0.0,1.21,5.25,8.25,0.71,2,0.2,0,0.0,0.2,0.0,0,0.0,0.03,0,0.0,2,0.2,100.0,0.0,0.0,0.0,0.0,0.0,0.0,0.0,0.0,0.0,0.0,0.0,0.4,50.0,0.3,1.52,0.0,41.82,0.3,0.2,58.89,86.79,25.45,75.0,1.82,88.89,25.76,98.43,51.72,93.55,7.17,38.03,21.14,30.77,0.0,0.0,0.0,0.0,0.0,0.0,0.0,7.88,70.51,0.4,25.0,0.61,16.67,0.2,0.0,12.02,71.43,0,,0,,0,0.0,0.0,0.0,,,1.11,,,0.0,0.0,0.0,0.0,0,0.0
Nono,Ruch Chorzów,Ruch Chorzów,"AMF, CF, LWF",33,500000,,3,57,0,0.2,0,0.0,18.95,16.67,Spain,Spain,right,179,75,no,6.32,6.32,50.0,6.32,0.0,1.58,3.0,0.0,1.58,3.0,0.0,0,0.0,0,0.0,3.16,0.0,0,0.0,0.31,0,0.0,3,4.74,66.67,0.0,0.0,1.58,0.0,1.58,0.0,0.0,0.0,0.0,1.58,0.0,6.32,0.0,1.58,0.0,0.0,12.63,0.0,0.0,23.68,86.67,3.16,100.0,4.74,100.0,11.05,85.71,20.53,92.31,1.58,100.0,20.94,15.86,0.0,0.0,0.0,0.0,0.0,0.0,0.0,3.16,100.0,0.0,0.0,0.0,0.0,0.0,0.0,4.74,66.67,0,,0,,0,0.0,0.0,0.0,,,0.0,,,1.58,1.58,100.0,3.16,0,0.0
P. Schwarz,,Śląsk Wrocław,DMF,34,500000,,1,3,0,0.0,0,0.0,,,Czech Republic,Czech Republic,right,174,70,no,,,,,,,0.0,,,0.0,,0,,0,,,,0,,,0,,0,,,0.0,,,,,,,,,,,,,,,,,,,,,,,,,,,,,,,22.31,0.0,,,,,,,,,,,,,,,,,,0,,0,,0,0.0,0.0,,,,,,,,,,,0,0.0
L. Guček,,Górnik Łęczna,CB,27,500000,,13,1150,1,1.91,1,0.54,9.39,62.5,Slovenia,Slovenia,right,189,75,no,6.97,2.58,87.88,5.17,54.55,0.16,0.23,1.25,4.54,6.64,0.39,1,0.08,0,0.0,0.23,0.08,1,0.08,0.15,1,0.08,9,0.7,22.22,11.111,0.08,0.0,0.0,0.0,0.0,0.0,0.0,0.0,0.08,100.0,0.31,50.0,0.78,0.08,0.08,23.32,0.16,0.23,36.47,90.13,11.35,72.41,1.88,100.0,20.35,98.85,33.18,93.16,3.29,59.52,20.06,30.37,0.04,0.16,0.0,0.0,0.0,0.0,0.16,1.72,68.18,0.39,20.0,0.08,0.0,0.31,0.0,3.99,60.78,0,,0,,0,0.0,0.0,0.0,,,1.88,,,0.0,0.0,0.0,0.0,0,0.0
Jordi Sánchez,Wisła Kraków U17,Wisła Kraków,CF,31,500000,2027-06-30,11,542,2,2.83,2,0.53,15.61,31.91,Spain,Spain,right,190,86,no,2.66,2.16,46.15,7.14,32.56,0.17,0.32,0.0,1.49,2.84,0.83,0,0.0,0,0.0,0.83,0.33,2,0.33,0.47,1,0.17,15,2.49,26.67,13.333,0.33,0.17,0.0,0.0,0.0,0.0,0.0,0.0,0.5,33.33,3.32,25.0,5.81,0.5,0.17,14.61,3.15,0.33,16.11,77.32,1.99,33.33,4.65,78.57,4.65,85.71,15.94,78.13,0.0,0.0,11.98,0.0,0.09,1.33,0.33,0.17,0.0,0.0,0.5,0.83,60.0,0.33,100.0,0.0,0.0,1.49,0.0,1.0,33.33,0,,0,,0,0.0,0.0,0.0,,,0.0,,,0.0,0.0,0.0,0.0,0,0.0
K. Fućak,Miedź Legnica,Stal Mielec,CF,27,500000,2028-06-30,18,1535,4,3.95,0,0.59,26.97,38.7,Croatia,Croatia,right,193,87,no,5.34,4.57,62.82,6.63,48.67,0.18,0.24,0.23,2.29,3.16,2.29,5,0.29,1,0.06,1.93,0.23,4,0.23,0.23,1,0.06,22,1.29,50.0,18.182,0.0,1.0,17.65,0.82,21.43,0.18,0.0,0.18,2.05,54.29,10.14,27.75,2.64,1.88,0.59,8.09,1.58,1.47,13.9,65.82,3.58,50.82,3.69,87.3,3.34,64.91,12.61,70.7,0.29,20.0,15.04,7.33,0.03,0.47,0.06,0.0,0.0,0.0,0.35,1.35,65.22,1.29,22.73,0.0,0.0,0.29,0.18,2.4,63.41,0,,0,,0,0.0,0.0,0.0,,,0.0,,,0.0,0.0,0.0,0.0,0,0.0
M. Kavčič,Celje,Stal Mielec,"LB, LWB",29,500000,2027-06-30,13,896,1,0.81,0,0.47,13.06,51.54,Slovenia,Slovenia,left,184,69,no,6.93,5.22,55.77,2.21,36.36,0.1,0.15,0.1,3.92,5.94,0.8,1,0.1,0,0.0,2.51,0.1,1,0.1,0.08,0,0.0,5,0.5,60.0,20.0,0.0,2.81,53.57,2.71,55.56,0.1,0.0,0.3,1.1,63.64,4.02,55.0,1.21,1.41,0.1,27.82,2.81,1.31,38.37,85.6,12.05,78.33,9.04,97.78,11.35,84.96,32.95,89.33,3.11,74.19,18.36,34.61,0.05,0.9,0.0,0.0,0.0,0.0,0.2,4.52,82.22,2.41,62.5,0.6,50.0,0.7,1.0,7.23,86.11,0,,0,,0,0.0,0.0,0.0,,,0.8,,,0.4,0.0,0.0,0.7,0,0.0
S. Szota,Arka Gdynia,Śląsk Wrocław,RCB,27,500000,2027-06-30,19,1848,2,2.31,3,0.82,8.28,60.59,Poland,Poland,right,187,82,no,6.33,3.94,71.6,2.19,55.56,0.1,0.15,0.44,3.41,5.17,0.63,2,0.1,0,0.0,0.63,0.1,1,0.05,0.11,1,0.05,12,0.58,41.67,16.667,0.15,0.49,60.0,0.0,0.0,0.44,55.56,0.05,0.15,66.67,0.58,66.67,0.88,1.07,0.05,38.04,0.0,0.24,52.4,88.75,22.4,78.91,1.75,97.22,23.52,97.72,46.12,94.09,5.8,48.74,21.37,40.23,0.04,0.24,0.0,0.19,0.0,0.0,0.24,8.38,76.74,1.02,57.14,0.39,37.5,0.44,0.29,8.91,69.95,0,,0,,0,0.0,0.0,0.0,,,1.36,,,0.0,0.0,0.0,0.0,2,50.0
J. Pišek,Celje,Stal Mielec,"LCMF, RCMF, CF",24,500000,2028-06-30,29,2187,4,2.16,4,2.66,13.25,49.69,Slovenia,Slovenia,right,182,80,no,5.64,4.28,48.08,2.35,47.37,0.21,0.29,0.33,3.37,4.73,0.99,4,0.16,0,0.0,1.36,0.16,4,0.16,0.09,0,0.0,64,2.63,10.94,6.25,0.16,1.03,20.0,0.53,7.69,0.45,36.36,0.25,1.19,68.97,5.1,52.42,0.58,1.44,0.08,27.65,0.41,1.85,36.87,83.15,10.37,64.68,7.53,96.72,13.33,88.27,33.0,88.53,2.88,42.86,18.62,34.52,0.11,0.91,0.04,0.0,0.08,50.0,0.33,4.28,64.42,2.22,37.04,0.45,27.27,0.7,0.21,4.53,63.64,0,,0,,0,0.0,0.0,0.0,,,0.41,,,2.02,0.37,22.22,2.22,0,0.0
M. Malec,Śląsk Wrocław,Śląsk Wrocław,LCB,31,500000,2027-06-30,29,2800,1,1.81,0,1.14,8.42,59.16,Poland,Poland,left,191,77,no,8.33,3.54,74.55,2.57,46.25,0.1,0.14,0.68,5.59,8.33,0.26,1,0.03,0,0.0,0.32,0.03,1,0.03,0.06,0,0.0,11,0.35,36.36,9.091,0.0,0.35,54.55,0.35,54.55,0.0,0.0,0.06,0.03,0.0,1.0,41.94,0.93,0.74,0.0,33.36,0.26,0.45,48.15,88.65,25.01,83.55,2.38,95.95,16.01,94.58,42.81,92.79,4.98,55.48,19.16,34.85,0.04,0.32,0.03,0.0,0.0,0.0,0.1,8.61,85.45,0.58,61.11,0.19,50.0,0.23,0.16,9.9,79.22,0,,0,,0,0.0,0.0,0.0,,,1.0,,,0.0,0.0,0.0,0.0,0,0.0
M. Maigaard,Wieczysta Kraków,Wieczysta Kraków,"DMF, RCMF, RDMF",30,500000,2027-06-30,17,1640,3,2.53,4,3.53,11.63,53.3,Denmark,Denmark,right,180,75,no,6.59,3.07,67.86,1.7,41.94,0.22,0.33,0.05,4.28,6.41,0.66,1,0.05,0,0.0,2.47,0.16,1,0.05,0.14,0,0.0,32,1.76,37.5,9.375,0.22,2.63,37.5,0.38,42.86,2.2,35.0,0.44,1.32,62.5,4.83,51.14,0.82,2.03,0.16,48.29,0.38,1.21,67.72,88.17,19.37,78.75,10.26,96.79,26.12,90.97,59.16,92.12,6.09,70.27,18.17,35.89,0.19,1.76,0.05,0.11,0.11,0.0,0.49,10.98,84.0,3.84,51.43,0.71,46.15,1.32,1.04,9.33,87.65,0,,0,,0,0.0,0.0,0.0,,,0.05,,,0.66,0.05,0.0,2.58,2,100.0
W. Hajda,Miedź Legnica,Puszcza Niepołomice,"AMF, RCMF",26,450000,2028-06-30,15,1294,1,0.53,2,1.95,17.25,46.37,Poland,Poland,right,182,75,no,6.68,5.01,50.0,4.73,32.35,0.7,1.08,0.49,3.48,5.4,2.57,1,0.07,0,0.0,1.39,0.07,1,0.07,0.04,0,0.0,8,0.56,37.5,12.5,0.14,1.88,25.93,0.28,50.0,1.53,22.73,0.49,1.25,55.56,3.76,51.85,1.25,0.56,0.07,12.94,1.18,2.3,19.34,70.86,6.54,63.83,3.96,89.47,5.08,68.49,16.34,77.87,1.18,41.18,16.61,24.2,0.14,0.9,0.07,0.0,0.0,0.0,0.35,2.64,73.68,2.02,48.28,0.21,33.33,0.63,0.56,2.99,67.44,0,,0,,0,0.0,0.0,0.0,,,0.21,,,0.14,0.0,0.0,0.0,0,0.0
M. Mróz,Polonia Warszawa,Polonia Warszawa,"LCMF, RCMF",27,450000,2027-06-30,10,421,0,0.56,1,0.69,12.4,44.83,Poland,Poland,right,179,74,no,5.77,3.42,68.75,1.28,33.33,0.0,0.0,0.21,3.42,5.52,0.86,1,0.21,0,0.0,0.86,0.0,0,0.0,0.12,0,0.0,6,1.28,0.0,0.0,0.21,1.07,0.0,0.86,0.0,0.21,0.0,0.43,1.28,50.0,5.56,34.62,1.5,1.71,0.64,19.24,0.43,1.71,29.71,76.98,10.05,70.21,7.27,91.18,9.19,79.07,26.94,84.13,1.71,12.5,15.75,17.9,0.15,0.86,0.21,0.0,0.43,50.0,0.0,3.21,66.67,1.71,25.0,0.0,0.0,0.43,0.0,3.63,58.82,0,,0,,0,0.0,0.0,0.0,,,0.0,,,1.5,0.0,0.0,2.57,0,0.0
D. Szczepan,Ruch Chorzów,Ruch Chorzów,CF,31,450000,2027-06-30,13,855,4,3.88,0,0.71,24.42,37.07,Poland,Poland,right,179,78,no,5.37,3.79,58.33,8.63,32.93,0.42,0.7,0.53,2.74,4.53,2.11,4,0.42,0,0.0,2.11,0.42,4,0.42,0.41,1,0.11,21,2.21,47.62,19.048,0.0,0.42,25.0,0.11,0.0,0.32,33.33,0.11,2.11,40.0,8.32,32.91,4.84,0.63,0.0,9.47,2.74,1.68,12.84,66.39,3.89,51.35,2.53,91.67,2.74,57.69,11.79,67.86,0.63,66.67,13.83,11.3,0.07,0.42,0.0,0.0,0.21,50.0,0.32,2.11,45.0,1.05,50.0,0.21,50.0,1.47,0.11,1.47,64.29,0,,0,,0,0.0,0.0,0.0,,,0.0,,,0.21,0.21,0.0,0.0,0,0.0
P. Jaroszyński,Górnik Łęczna,Górnik Łęczna,"LCB, CB",31,450000,2029-06-30,13,1277,2,1.01,0,0.37,13.6,65.28,Poland,Poland,left,184,77,no,10.29,5.64,72.5,4.44,65.08,0.35,0.5,0.7,5.85,8.36,0.78,4,0.28,0,0.0,0.49,0.14,2,0.14,0.07,2,0.14,11,0.78,45.45,18.182,0.0,0.28,50.0,0.28,50.0,0.0,0.0,0.0,0.0,0.0,1.2,35.29,1.06,0.78,0.0,28.12,0.21,0.63,40.88,85.0,18.89,76.12,4.02,98.25,12.97,94.57,34.96,90.93,5.64,50.0,19.82,34.94,0.03,0.28,0.0,0.0,0.0,0.0,0.14,6.34,70.0,0.56,50.0,0.42,50.0,0.28,0.14,8.25,72.65,0,,0,,0,0.0,0.0,0.0,,,1.55,,,0.0,0.0,0.0,0.0,0,0.0
M. Rosołek,Pogoń Siedlce,Pogoń Siedlce,"CF, LAMF",24,450000,2028-06-30,15,906,2,2.78,1,0.87,15.3,42.86,Poland,Poland,right,183,77,no,3.38,3.28,63.64,4.07,39.02,0.1,0.13,0.0,1.19,1.59,0.99,1,0.1,0,0.0,1.09,0.2,2,0.2,0.28,0,0.0,17,1.69,29.41,11.765,0.1,0.6,33.33,0.5,20.0,0.1,100.0,0.2,0.79,50.0,4.47,35.56,2.78,0.89,0.0,10.53,1.99,1.29,19.07,73.44,3.68,67.57,5.26,83.02,6.16,74.19,17.58,74.58,1.09,63.64,14.94,19.32,0.09,0.5,0.0,0.0,0.0,0.0,0.2,1.99,45.0,0.7,42.86,0.0,0.0,0.6,0.2,2.28,78.26,0,,0,,0,0.0,0.0,0.0,,,0.0,,,0.0,0.0,0.0,0.0,0,0.0
Marc Llinares,Śląsk Wrocław,Śląsk Wrocław,"LB, LWB",26,450000,2028-06-30,30,2642,2,2.13,3,1.7,15.12,51.13,Spain,Spain,left,180,75,no,7.56,6.06,57.87,1.84,38.89,0.03,0.05,0.2,4.02,5.96,1.29,3,0.1,0,0.0,1.74,0.07,2,0.07,0.07,0,0.0,21,0.72,23.81,9.524,0.1,2.62,35.06,2.45,36.11,0.1,0.0,0.41,1.19,51.43,5.21,48.37,1.81,1.57,0.34,30.35,1.19,1.64,40.13,79.71,14.72,68.06,7.87,94.81,10.63,84.62,33.59,87.53,4.12,42.98,19.19,35.11,0.06,0.58,0.03,0.0,0.1,33.33,0.2,5.45,63.13,2.49,42.47,0.31,55.56,0.55,0.92,7.19,70.62,0,,0,,0,0.0,0.0,0.0,,,0.44,,,0.0,0.0,0.0,0.03,0,0.0
J. Łukowski,,Polonia Bytom,"AMF, LWF",30,450000,,10,280,0,0.3,0,0.03,13.5,45.24,Poland,Poland,right,172,74,no,3.86,2.89,55.56,3.54,27.27,0.64,1.05,0.0,1.61,2.63,0.64,1,0.32,0,0.0,0.96,0.0,0,0.0,0.1,0,0.0,5,1.61,0.0,0.0,0.0,1.29,0.0,0.0,0.0,1.29,0.0,0.64,1.29,50.0,1.93,66.67,1.29,0.64,0.32,16.07,1.93,0.96,19.29,71.67,8.36,65.38,5.14,87.5,3.21,50.0,16.39,80.39,1.61,40.0,17.58,15.58,0.01,0.64,0.0,0.0,0.96,33.33,0.0,3.21,40.0,2.25,0.0,0.96,33.33,0.32,0.0,2.89,66.67,0,,0,,0,0.0,0.0,0.0,,,0.0,,,0.32,0.0,0.0,2.57,0,0.0
Israel Puerto,Stal Mielec,Stal Mielec,"LCB, RCB, CB",33,400000,2027-06-30,25,2311,3,3.33,1,0.16,13.71,53.69,Spain,Spain,right,187,75,no,7.94,4.91,59.52,5.57,53.15,0.16,0.21,1.01,4.87,6.58,1.25,8,0.31,2,0.08,0.58,0.12,3,0.12,0.13,3,0.12,19,0.74,52.63,15.789,0.04,0.16,50.0,0.0,0.0,0.16,50.0,0.0,0.19,60.0,1.32,44.12,1.09,1.25,0.19,30.92,0.08,0.58,45.06,87.55,18.03,79.7,1.83,91.49,21.93,94.14,35.01,92.88,9.89,69.29,23.94,39.94,0.01,0.23,0.04,0.0,0.0,0.0,0.04,6.82,70.86,1.09,50.0,0.55,64.29,0.62,0.08,9.46,77.78,0,,0,,0,0.0,0.0,0.0,,,1.01,,,0.04,0.04,100.0,0.0,0,0.0
A. Liber,Odra Opole,Odra Opole,"LCMF, RCMF, DMF",25,400000,2028-06-30,10,909,0,0.1,1,0.81,16.14,52.15,Croatia,Croatia,right,171,65,no,9.41,7.13,62.5,1.78,44.44,0.0,0.0,0.3,4.95,6.41,0.79,2,0.2,0,0.0,0.89,0.0,0,0.0,0.01,0,0.0,4,0.4,0.0,0.0,0.1,0.5,40.0,0.2,50.0,0.3,33.33,0.0,1.19,50.0,5.74,41.38,0.1,0.3,0.4,19.6,0.5,1.19,35.84,82.32,10.59,64.49,6.04,90.16,12.57,94.49,31.39,86.44,3.96,55.0,18.37,30.74,0.08,0.5,0.0,0.0,0.2,50.0,0.3,4.95,78.0,1.19,41.67,0.79,25.0,0.59,0.1,4.65,61.7,0,,0,,0,0.0,0.0,0.0,,,0.3,,,0.1,0.0,0.0,0.59,0,0.0
B. Mioč,Polonia Bytom,Miedź Legnica,"AMF, LW",31,400000,2027-06-30,22,832,1,0.66,1,1.4,10.28,41.05,Croatia,Croatia,right,173,72,no,4.98,3.57,48.48,2.7,32.0,0.22,0.32,0.0,3.03,4.52,0.43,0,0.0,0,0.0,1.84,0.11,1,0.11,0.07,0,0.0,12,1.3,50.0,8.333,0.11,1.3,66.67,0.76,71.43,0.54,60.0,0.0,0.97,33.33,2.7,32.0,1.95,1.08,0.32,16.88,0.97,0.43,25.53,79.66,7.9,57.53,6.06,94.64,6.27,89.66,21.74,85.07,2.49,39.13,15.86,23.21,0.15,1.41,0.0,0.0,0.0,0.0,0.76,2.16,70.0,1.95,83.33,0.22,50.0,0.97,0.87,4.11,63.16,0,,0,,0,0.0,0.0,0.0,,,0.32,,,0.54,0.0,0.0,1.3,0,0.0
J. Serafin,Miedź Legnica,Miedź Legnica,"LCMF, RCMF",30,400000,2028-06-30,32,2431,1,1.19,3,5.36,11.25,57.57,Poland,Poland,right,181,69,no,7.0,4.48,66.94,1.74,42.55,0.41,0.64,0.3,3.59,5.61,0.96,7,0.26,0,0.0,1.3,0.04,1,0.04,0.04,0,0.0,24,0.89,16.67,4.167,0.11,0.93,56.0,0.44,58.33,0.41,63.64,0.22,0.85,65.22,3.78,52.94,0.81,1.41,0.04,27.17,0.19,1.63,40.65,85.52,14.25,77.92,5.74,95.48,13.96,90.45,35.69,89.0,4.07,60.91,17.83,30.89,0.2,1.7,0.04,0.04,0.07,100.0,0.37,6.92,79.68,1.81,71.43,0.33,44.44,0.81,0.56,7.18,75.26,0,,0,,0,0.0,0.0,0.0,,,0.3,,,1.37,0.15,0.0,3.74,0,0.0
Jonathan Junior,Stal Rzeszów,Stal Rzeszów,CF,27,400000,2027-06-30,33,2677,13,15.31,2,1.0,23.5,35.62,Brazil,Brazil,right,173,68,no,3.13,3.06,49.45,4.03,30.0,0.13,0.18,0.1,1.48,1.94,1.28,7,0.24,0,0.0,3.29,0.44,9,0.3,0.51,1,0.03,96,3.23,39.58,13.542,0.07,1.08,25.0,0.34,40.0,0.67,20.0,0.07,3.03,51.11,13.11,34.87,4.1,1.51,0.47,14.19,1.58,2.19,19.84,79.15,4.2,72.8,5.58,90.96,5.95,81.92,17.92,83.86,0.91,48.15,16.62,21.79,0.03,0.74,0.03,0.03,0.34,60.0,0.27,2.42,69.44,1.51,46.67,0.4,50.0,0.81,0.2,2.39,70.42,0,,0,,0,0.0,0.0,0.0,,,0.03,,,0.0,0.0,0.0,0.03,4,100.0
N. Niemann,,Tychy 71,"AMF, LWF",26,400000,,8,463,1,1.27,0,0.26,12.44,39.06,Germany,"Germany, Afghanistan",right,171,60,no,3.69,3.5,50.0,0.78,25.0,0.19,0.32,0.0,1.75,2.87,0.19,1,0.19,0,0.0,2.53,0.19,1,0.19,0.25,0,0.0,12,2.33,33.33,8.333,0.0,0.39,0.0,0.39,0.0,0.0,0.0,0.19,3.5,44.44,7.0,36.11,1.75,2.53,0.58,24.69,1.75,0.19,30.13,81.29,7.78,72.5,7.39,94.74,7.78,75.0,28.38,82.19,1.36,85.71,14.66,24.36,0.05,1.94,0.0,0.0,0.19,100.0,0.78,2.92,80.0,2.92,73.33,0.0,0.0,2.14,0.0,3.5,61.11,0,,0,,0,0.0,0.0,0.0,,,0.0,,,0.0,0.0,0.0,0.0,0,0.0
R. Makowski,Pogoń Siedlce,Tychy 71,"LCMF, RCMF, AMF",29,400000,,14,449,0,0.14,0,0.08,11.43,49.12,Poland,Poland,right,191,78,no,4.41,3.01,66.67,4.41,54.55,0.0,0.0,0.0,2.41,3.6,0.2,0,0.0,0,0.0,1.0,0.0,0,0.0,0.03,0,0.0,5,1.0,20.0,0.0,0.0,1.2,50.0,0.4,0.0,0.8,75.0,0.2,0.4,50.0,2.81,28.57,0.6,0.4,0.0,36.48,0.8,0.4,47.51,86.5,13.83,75.36,6.01,100.0,21.25,91.51,44.1,88.64,2.41,66.67,17.43,26.44,0.02,0.8,0.4,0.0,0.4,0.0,0.2,5.81,86.21,1.4,42.86,0.0,0.0,0.4,0.4,7.22,72.22,0,,0,,0,0.0,0.0,0.0,,,0.4,,,0.0,0.0,0.0,0.2,0,0.0
M. Kozak,Śląsk Wrocław,Śląsk Wrocław,"RAMF, AMF, RW",29,400000,2027-06-30,12,602,1,1.31,0,0.63,19.88,50.38,Poland,Poland,left,176,76,no,4.78,5.38,55.56,1.2,50.0,0.3,0.45,0.0,1.5,2.24,1.79,1,0.15,0,0.0,3.74,0.15,1,0.15,0.2,0,0.0,13,1.94,15.38,7.692,0.0,5.53,21.62,1.79,33.33,3.74,16.0,1.05,4.63,48.39,11.51,49.35,1.64,2.54,0.15,19.58,1.79,2.09,29.0,66.49,6.73,64.44,5.98,87.5,10.61,57.75,21.08,78.72,2.54,64.71,26.07,19.69,0.09,1.64,0.45,0.15,0.0,0.0,0.15,2.69,72.22,5.83,41.03,0.45,66.67,1.5,1.94,6.58,68.18,0,,0,,0,0.0,0.0,0.0,,,0.0,,,1.94,0.45,33.33,2.09,0,0.0
M. Szczepański,Łódzki KS,Łódzki KS,"CF, RCMF",28,400000,2027-06-30,12,424,0,0.82,0,0.25,15.28,50.0,Poland,Poland,right,168,60,no,5.52,5.09,58.33,1.27,33.33,0.85,1.3,0.0,1.7,2.61,1.06,0,0.0,0,0.0,2.12,0.0,0,0.0,0.18,0,0.0,9,1.91,22.22,0.0,0.0,1.91,44.44,1.06,60.0,0.85,25.0,0.0,1.7,50.0,5.73,55.56,2.97,1.7,0.21,19.53,1.27,2.12,30.35,86.71,6.58,74.19,9.34,97.73,8.49,85.0,27.38,91.47,1.06,40.0,14.95,11.8,0.05,0.42,0.21,0.0,0.0,0.0,0.0,1.91,66.67,2.76,61.54,0.0,0.0,1.27,0.85,3.61,70.59,0,,0,,0,0.0,0.0,0.0,,,0.85,,,0.0,0.0,0.0,0.0,0,0.0
M. Żurawski,Sandecja Nowy Sącz,Ruch Chorzów,"LCMF, RCMF",25,400000,2027-06-30,12,555,0,0.46,0,0.42,17.35,43.93,Poland,Poland,right,184,77,no,8.27,5.35,57.58,2.92,33.33,0.32,0.48,0.0,4.86,7.2,1.62,2,0.32,0,0.0,0.49,0.0,0,0.0,0.07,0,0.0,7,1.14,14.29,0.0,0.0,0.65,0.0,0.32,0.0,0.32,0.0,0.0,0.81,40.0,6.16,44.74,1.95,1.46,0.0,13.3,0.81,1.62,18.32,80.53,5.68,71.43,5.19,93.75,4.38,81.48,16.22,85.0,1.62,60.0,13.73,19.11,0.07,0.16,0.0,0.0,0.0,0.0,0.0,2.11,84.62,0.49,0.0,0.0,0.0,0.16,0.0,2.92,66.67,0,,0,,0,0.0,0.0,0.0,,,0.49,,,0.16,0.0,0.0,0.16,0,0.0
P. Janasik,Polonia Warszawa,Polonia Warszawa,"LB, RB",28,400000,2027-06-30,21,1668,0,0.66,2,1.16,9.55,60.45,Poland,Poland,right,178,68,no,8.47,4.86,65.56,1.73,59.38,0.11,0.16,0.43,5.18,7.87,0.86,5,0.27,0,0.0,1.03,0.0,0,0.0,0.04,0,0.0,15,0.81,20.0,0.0,0.11,1.51,32.14,0.86,37.5,0.65,25.0,0.16,0.7,53.85,2.0,56.76,0.7,1.29,0.43,31.67,0.54,0.7,45.16,81.36,20.34,73.21,4.64,90.7,14.73,87.18,36.42,87.85,7.28,59.26,20.23,34.53,0.06,0.54,0.0,0.05,0.0,0.0,0.22,6.69,73.39,1.89,37.14,0.16,0.0,0.43,0.43,9.93,67.93,0,,0,,0,0.0,0.0,0.0,,,0.97,,,0.11,0.0,0.0,0.11,0,0.0
J. Myszor,Górnik Łęczna,Górnik Łęczna,"AMF, LW, RW",24,400000,2027-06-30,14,1215,0,1.81,2,1.45,16.89,43.42,Poland,Poland,both,175,66,no,5.26,4.0,64.81,2.15,24.14,0.0,0.0,0.22,2.67,3.96,0.96,1,0.07,0,0.0,3.04,0.0,0,0.0,0.13,0,0.0,16,1.19,31.25,0.0,0.15,2.67,38.89,1.56,47.62,1.11,26.67,0.15,3.04,51.22,8.59,40.52,1.85,1.48,0.3,22.37,1.78,2.22,31.33,75.41,8.59,58.62,8.22,90.09,7.93,79.44,26.89,80.99,1.85,48.0,15.06,29.15,0.11,1.04,0.0,0.0,0.15,50.0,0.52,2.74,64.86,3.26,50.0,0.3,50.0,0.96,1.11,4.89,66.67,0,,0,,0,0.0,0.0,0.0,,,0.07,,,0.37,0.07,100.0,0.74,0,0.0
Arnau Ortiz,Atlético Madrid B,Śląsk Wrocław,"LAMF, LW",24,400000,2028-06-30,6,333,1,0.63,1,1.11,18.65,52.17,Spain,Spain,right,175,67,no,2.97,4.05,60.0,1.08,50.0,0.0,0.0,0.0,0.54,0.85,1.08,1,0.27,0,0.0,7.84,0.27,1,0.27,0.17,0,0.0,6,1.62,50.0,16.667,0.27,3.78,64.29,2.43,66.67,1.08,75.0,0.0,6.49,70.83,12.43,47.83,4.05,3.51,1.35,25.68,2.16,0.54,32.7,84.3,4.32,75.0,10.54,100.0,9.73,75.0,28.11,88.46,1.35,40.0,14.88,19.96,0.3,2.16,0.0,0.0,0.0,0.0,0.81,1.89,71.43,2.7,70.0,0.27,0.0,1.08,2.16,3.51,84.62,0,,0,,0,0.0,0.0,0.0,,,0.0,,,0.81,0.0,0.0,0.54,0,0.0
F. Gerbowski,Stal Mielec,Stal Mielec,"AMF, LW, RAMF",23,400000,2027-06-30,29,1268,2,3.7,4,2.22,20.87,48.3,Poland,Poland,right,181,76,no,7.24,6.32,60.67,3.12,29.55,0.07,0.11,0.21,3.34,5.07,1.63,4,0.28,1,0.07,3.55,0.14,2,0.14,0.26,0,0.0,32,2.27,25.0,6.25,0.28,2.34,39.39,0.78,36.36,1.56,40.91,0.28,3.83,53.7,9.09,46.88,2.84,2.7,0.35,21.44,2.7,2.27,27.47,81.14,6.96,71.43,8.45,94.96,6.88,74.23,23.99,86.09,1.14,62.5,15.77,12.21,0.16,0.99,0.0,0.0,0.07,0.0,0.57,2.13,86.67,2.48,54.29,0.14,0.0,0.64,0.92,4.54,71.88,0,,0,,0,0.0,0.0,0.0,,,0.28,,,0.21,0.0,0.0,0.78,0,0.0
Luís Silva,,Tychy 71,LCB,27,400000,,14,1303,0,0.7,0,1.02,11.67,53.25,Portugal,Portugal,left,186,78,no,6.49,4.14,60.0,4.21,62.3,0.14,0.18,0.41,3.87,4.91,1.04,3,0.21,1,0.07,1.11,0.0,0,0.0,0.05,0,0.0,13,0.9,15.38,0.0,0.0,1.31,57.89,1.24,55.56,0.07,100.0,0.07,0.35,60.0,1.45,33.33,0.83,0.9,0.0,35.57,0.69,0.35,49.18,82.02,22.52,72.09,4.08,89.83,17.27,93.6,39.99,89.98,7.94,46.09,21.31,37.97,0.07,0.48,0.0,0.0,0.0,0.0,0.21,8.84,64.06,2.14,48.39,0.69,30.0,0.48,0.76,11.12,71.43,0,,0,,0,0.0,0.0,0.0,,,1.38,,,0.07,0.0,0.0,0.0,0,0.0
А. Buksa,Stal Rzeszów,Polonia Warszawa,"RCMF, DMF",23,400000,2028-06-30,14,179,0,0.08,0,0.03,18.6,32.43,Poland,Poland,left,189,77,no,6.03,6.03,41.67,7.54,33.33,0.0,0.0,1.01,3.52,6.18,2.01,1,0.5,0,0.0,0.5,0.0,0,0.0,0.04,0,0.0,3,1.51,33.33,0.0,0.0,0.0,0.0,0.0,0.0,0.0,0.0,0.0,0.0,0.0,2.51,40.0,2.51,0.0,0.0,4.53,1.01,0.5,9.55,26.32,3.52,28.57,0.5,0.0,2.51,20.0,8.55,23.53,1.01,50.0,11.02,4.52,0.02,0.5,0.0,0.0,0.0,0.0,0.5,0.5,100.0,0.5,100.0,0.0,0.0,0.5,0.0,3.02,16.67,0,,0,,0,0.0,0.0,0.0,,,0.0,,,0.0,0.0,0.0,0.0,0,0.0
A. Kovačević,Miedź Legnica,Miedź Legnica,"RCB, CB",32,350000,2027-06-30,7,467,0,0.87,0,0.0,12.91,67.16,Bosnia and Herzegovina,Bosnia and Herzegovina,right,189,80,no,8.29,4.24,68.18,6.55,58.82,0.0,0.0,0.58,5.4,7.85,0.96,1,0.19,0,0.0,0.39,0.0,0,0.0,0.17,0,0.0,3,0.58,33.33,0.0,0.0,0.0,0.0,0.0,0.0,0.0,0.0,0.0,0.19,100.0,0.39,100.0,1.16,0.19,0.0,25.63,0.0,1.54,40.66,83.89,14.45,70.67,1.93,100.0,20.81,91.67,33.15,88.37,7.52,64.1,19.83,31.74,0.0,0.0,0.0,0.0,0.0,0.0,0.0,3.85,55.0,0.39,50.0,0.77,50.0,0.19,0.0,7.52,53.85,0,,0,,0,0.0,0.0,0.0,,,1.54,,,0.0,0.0,0.0,0.0,0,0.0
A. Komor,Ruch Chorzów,Ruch Chorzów,"LCB, RCB",32,350000,2027-06-30,26,2241,0,1.94,0,0.1,11.24,59.64,Poland,Poland,right,190,82,no,5.74,3.29,68.29,5.58,61.15,0.04,0.06,0.72,3.45,5.2,0.92,3,0.12,0,0.0,0.24,0.0,0,0.0,0.08,0,0.0,17,0.68,23.53,0.0,0.0,0.04,0.0,0.0,0.0,0.04,0.0,0.0,0.16,50.0,0.88,27.27,0.76,0.56,0.04,31.33,0.16,0.08,44.58,91.35,14.02,79.94,2.41,98.33,25.1,97.28,40.0,95.38,4.54,56.64,20.76,35.97,0.0,0.04,0.12,0.0,0.0,0.0,0.04,5.26,77.1,0.24,66.67,0.08,100.0,0.2,0.0,6.14,74.51,0,,0,,0,0.0,0.0,0.0,,,1.81,,,0.04,0.0,0.0,0.0,0,0.0
L. Zwoliński,,Wisła Kraków,CF,33,350000,,1,84,1,0.57,0,0.0,13.93,30.77,Poland,Poland,right,184,80,no,1.07,1.07,100.0,2.14,0.0,0.0,0.0,0.0,0.0,0.0,0.0,0,0.0,0,0.0,2.14,1.07,1,1.07,0.61,1,1.07,3,3.21,66.67,33.333,0.0,0.0,0.0,0.0,0.0,0.0,0.0,0.0,0.0,0.0,9.64,33.33,3.21,0.0,0.0,5.36,0.0,0.0,6.43,100.0,1.07,100.0,3.21,100.0,2.14,100.0,5.36,100.0,1.07,100.0,19.35,53.13,0.0,0.0,0.0,0.0,0.0,0.0,0.0,0.0,0.0,0.0,0.0,0.0,0.0,0.0,0.0,0.0,0.0,0,,0,,0,0.0,0.0,0.0,,,0.0,,,0.0,0.0,0.0,0.0,0,0.0
K. Palacz,Odra Opole,Odra Opole,LWB,22,350000,2028-06-30,11,928,0,0.29,2,1.09,7.56,44.87,Poland,Poland,left,180,65,no,6.11,3.98,48.78,1.26,38.46,0.19,0.24,0.19,3.98,4.96,0.48,2,0.19,0,0.0,1.94,0.0,0,0.0,0.03,0,0.0,5,0.48,40.0,0.0,0.19,3.39,37.14,3.39,37.14,0.0,0.0,0.39,0.78,62.5,1.65,41.18,1.26,0.78,0.0,24.25,2.23,0.29,33.65,72.33,12.22,61.9,5.24,98.15,10.09,75.0,25.89,83.52,4.46,34.78,19.53,35.31,0.11,0.58,0.0,0.0,0.0,0.0,0.39,3.49,55.56,2.62,37.04,0.29,0.0,0.29,0.87,7.18,70.27,0,,0,,0,0.0,0.0,0.0,,,0.19,,,0.58,0.1,100.0,0.68,0,0.0
M. Jovičić,Miedź Legnica,Miedź Legnica,"CB, RCB",31,350000,2027-06-30,19,1729,2,1.5,0,0.04,13.69,56.27,Serbia,"Serbia, Austria",right,187,75,no,7.55,5.0,63.54,5.83,49.11,0.16,0.25,0.52,4.22,6.66,1.51,5,0.26,0,0.0,0.16,0.1,2,0.1,0.08,1,0.05,12,0.62,16.67,16.667,0.0,0.21,0.0,0.0,0.0,0.21,0.0,0.0,0.05,100.0,0.73,42.86,0.83,0.68,0.0,30.14,0.21,0.47,48.25,88.13,17.18,75.76,2.65,96.08,24.15,96.55,41.8,92.53,6.25,61.67,22.04,34.88,0.0,0.26,0.0,0.0,0.0,0.0,0.0,5.62,79.63,0.31,50.0,0.1,0.0,0.36,0.0,9.21,67.23,0,,0,,0,0.0,0.0,0.0,,,1.77,,,0.0,0.0,0.0,0.0,0,0.0
J. Podgórski,Miedź Legnica,Miedź Legnica,"RW, RWB, AMF",30,350000,2027-06-30,15,731,0,2.69,2,1.34,17.98,52.74,Poland,Poland,right,180,79,no,9.48,7.26,59.32,2.09,35.29,0.25,0.38,0.49,4.92,7.55,1.72,1,0.12,0,0.0,4.56,0.0,0,0.0,0.33,0,0.0,18,2.22,22.22,0.0,0.25,3.94,40.63,0.86,71.43,2.95,29.17,1.35,4.19,58.82,6.53,50.94,2.83,1.35,0.25,16.25,1.85,0.62,24.99,74.38,6.16,76.0,4.8,87.18,9.11,68.92,18.71,82.89,2.46,65.0,18.58,27.46,0.17,1.11,0.0,0.0,0.0,0.0,0.62,2.59,71.43,3.69,46.67,0.25,0.0,0.49,1.6,5.54,71.11,0,,0,,0,0.0,0.0,0.0,,,0.37,,,0.12,0.0,0.0,0.25,0,0.0
R. Dadok,Polonia Warszawa,Polonia Warszawa,"LW, LWF, RW",29,350000,2027-06-30,34,2536,8,6.46,4,2.67,17.11,38.8,Poland,Poland,right,184,78,no,4.83,3.94,53.15,1.46,24.39,0.39,0.59,0.21,2.34,3.52,1.42,4,0.14,0,0.0,3.8,0.28,8,0.28,0.23,3,0.11,59,2.09,33.9,13.559,0.14,3.51,26.26,1.56,31.82,1.95,21.82,0.43,4.54,47.66,9.87,37.41,3.51,1.77,0.21,14.05,1.31,1.14,19.66,67.69,4.61,64.62,4.97,90.0,5.89,58.43,14.73,79.76,1.67,46.81,18.59,28.09,0.09,0.92,0.07,0.04,0.04,0.0,0.57,1.21,50.0,3.41,38.54,0.25,14.29,0.92,0.89,3.51,70.71,0,,0,,0,0.0,0.0,0.0,,,0.11,,,0.04,0.04,100.0,0.04,0,0.0
B. Gradecki,Radomiak Radom,Ruch Chorzów,GK,26,350000,2028-06-30,15,1468,0,0.0,0,0.0,0.67,90.91,Poland,Poland,right,194,91,no,0.98,0.06,100.0,0.49,87.5,0.0,0.0,0.0,0.92,1.29,0.0,1,0.06,0,0.0,0.0,0.0,0,0.0,0.0,0,0.0,0,0.0,0.0,0.0,0.0,0.0,0.0,0.0,0.0,0.0,0.0,0.0,0.0,0.0,0.12,100.0,0.0,0.0,0.0,12.2,0.31,0.12,18.58,84.16,12.51,78.92,0.06,100.0,5.46,97.75,9.44,98.05,9.13,69.8,33.12,44.9,0.0,0.0,0.0,0.0,0.0,0.0,0.0,2.21,66.67,0.06,0.0,0.0,0.0,0.0,0.0,6.87,73.21,18,1.1,60,3.68,4,70.0,16.07,0.99,-1.93,-0.118,0.0,1.23,0.49,,,,0.0,0,0.0
D. Tkacz,Górnik Łęczna,Górnik Łęczna,"CF, AMF",21,350000,2027-06-30,29,2079,3,3.34,2,0.65,9.91,42.79,Poland,Poland,left,181,67,no,4.76,3.64,54.76,2.55,45.76,0.26,0.38,0.17,2.51,3.64,0.91,2,0.09,0,0.0,0.78,0.13,3,0.13,0.14,1,0.04,29,1.26,27.59,10.345,0.09,1.08,24.0,0.65,13.33,0.43,40.0,0.09,0.39,33.33,1.99,28.26,1.39,0.43,0.09,16.58,1.56,0.65,23.64,80.77,5.28,68.03,6.88,96.86,6.54,78.15,20.69,85.15,1.86,65.12,17.13,28.75,0.03,0.52,0.04,0.0,0.09,50.0,0.13,2.55,72.88,1.39,46.88,0.3,42.86,0.48,0.35,3.16,65.75,0,,0,,0,0.0,0.0,0.0,,,0.22,,,0.48,0.09,50.0,0.95,0,0.0
K. Kruk,Górnik Łęczna,Górnik Łęczna,"LCB, RCB",26,350000,2028-06-30,16,1469,2,0.94,0,0.0,11.58,58.2,Poland,Poland,right,185,79,no,8.03,4.84,62.03,3.12,50.98,0.37,0.52,1.23,4.66,6.63,0.92,4,0.25,0,0.0,0.25,0.12,2,0.12,0.06,1,0.06,7,0.43,42.86,28.571,0.0,0.12,0.0,0.0,0.0,0.12,0.0,0.0,0.12,50.0,1.41,60.87,0.74,1.04,0.0,31.92,0.25,0.86,43.38,87.43,19.54,77.74,1.84,93.33,18.01,96.26,35.53,92.41,7.72,65.87,22.12,38.07,0.0,0.0,0.06,0.0,0.0,0.0,0.0,4.9,67.5,0.74,0.0,0.25,25.0,0.06,0.0,8.45,68.12,0,,0,,0,0.0,0.0,0.0,,,1.16,,,0.0,0.0,0.0,0.0,0,0.0
A. Haluch,Odra Opole,Odra Opole,GK,30,350000,2027-06-30,10,964,0,0.0,0,0.0,0.47,60.0,Poland,Poland,right,192,77,no,1.68,0.0,0.0,0.47,60.0,0.0,0.0,0.09,1.68,2.07,0.0,1,0.09,0,0.0,0.0,0.0,0,0.0,0.0,0,0.0,0,0.0,0.0,0.0,0.0,0.0,0.0,0.0,0.0,0.0,0.0,0.0,0.0,0.0,0.0,0.0,0.0,0.0,0.0,9.9,0.28,0.0,17.27,82.16,10.55,74.34,0.0,0.0,6.07,93.85,9.24,97.98,8.03,63.95,32.42,44.32,0.0,0.0,0.09,0.0,0.0,0.0,0.0,2.33,48.0,0.09,0.0,0.19,50.0,0.0,0.0,5.51,71.19,12,1.12,45,4.2,3,73.33,13.12,1.22,1.12,0.105,0.0,2.05,0.47,,,,0.0,0,0.0
Filipe Nascimento,Puszcza Niepołomice,Puszcza Niepołomice,"LDMF, AMF, RDMF",31,350000,2027-06-30,26,2159,2,1.49,2,4.33,15.76,46.3,Portugal,Portugal,left,175,67,no,6.42,5.67,56.62,1.46,42.86,0.42,0.59,0.08,2.79,3.98,1.46,9,0.38,0,0.0,1.75,0.08,1,0.04,0.06,0,0.0,21,0.88,42.86,9.524,0.08,1.96,34.04,1.13,29.63,0.83,40.0,0.25,1.42,44.12,6.0,40.97,0.54,1.63,0.13,28.26,0.42,1.67,43.19,83.49,14.8,69.01,7.59,97.25,16.22,91.26,36.81,89.81,4.5,52.78,20.77,37.24,0.18,1.42,0.08,0.08,0.17,50.0,0.5,7.63,74.32,3.63,55.17,1.0,41.67,1.08,0.67,7.55,76.24,0,,0,,0,0.0,0.0,0.0,,,0.42,,,1.46,0.21,40.0,2.29,1,100.0
M. Walski,Górnik Łęczna,Puszcza Niepołomice,"LDMF, RDMF, RCMF",29,350000,2028-06-30,29,2260,2,0.63,1,3.32,12.11,45.72,Poland,Poland,right,169,62,no,8.4,6.13,55.19,1.31,24.24,0.32,0.46,0.32,4.7,6.85,1.47,6,0.24,0,0.0,1.83,0.08,2,0.08,0.03,0,0.0,28,1.12,14.29,7.143,0.04,2.63,46.97,1.15,51.72,1.47,43.24,0.32,0.84,52.38,2.67,40.3,0.32,1.08,0.24,20.51,0.4,0.68,34.73,75.23,14.3,61.56,4.98,93.6,11.95,86.67,24.57,86.71,7.53,47.62,24.68,36.76,0.13,1.15,0.04,0.04,0.0,0.0,0.52,7.33,61.96,3.38,54.12,0.64,31.25,0.52,1.23,8.56,75.81,0,,0,,0,0.0,0.0,0.0,,,0.68,,,0.92,0.28,28.57,1.31,0,0.0
M. Bartolewski,Chrobry Głogów,Chrobry Głogów,LB,28,350000,2027-06-30,9,424,0,0.55,0,0.37,11.67,49.09,Poland,Poland,left,187,76,no,5.94,4.67,40.91,2.97,64.29,0.21,0.31,0.21,3.82,5.51,1.7,2,0.42,0,0.0,0.85,0.0,0,0.0,0.12,0,0.0,4,0.85,50.0,0.0,0.0,1.06,20.0,0.85,0.0,0.0,0.0,0.42,0.64,33.33,2.55,58.33,1.49,1.27,0.21,18.04,0.21,1.06,25.9,75.41,9.13,60.47,4.46,95.24,8.49,80.0,22.29,81.9,2.55,41.67,20.42,24.31,0.08,0.85,0.0,0.0,0.0,0.0,0.21,3.82,66.67,1.91,22.22,0.21,100.0,0.42,0.21,5.52,57.69,0,,0,,0,0.0,0.0,0.0,,,0.64,,,0.0,0.0,0.0,0.0,0,0.0
M. Bakaľa,Dukla Banská Bystrica,Polonia Bytom,"LCMF, RCMF",25,350000,2027-06-30,17,771,0,0.48,1,0.14,11.09,47.37,Slovakia,Slovakia,right,187,80,no,8.17,5.14,59.09,3.5,40.0,0.23,0.34,0.35,4.9,7.04,1.28,2,0.23,0,0.0,0.35,0.0,0,0.0,0.06,0,0.0,7,0.82,28.57,0.0,0.12,0.58,20.0,0.47,0.0,0.12,100.0,0.0,0.0,0.0,1.63,21.43,1.05,0.23,0.0,23.46,0.23,0.23,33.97,81.79,10.86,66.67,4.55,94.87,12.96,90.09,28.72,89.84,4.67,40.0,20.28,32.81,0.02,0.35,0.0,0.0,0.0,0.0,0.12,6.65,66.67,1.63,21.43,0.23,0.0,0.47,0.12,4.79,73.17,0,,0,,0,0.0,0.0,0.0,,,0.0,,,0.0,0.0,0.0,0.0,0,0.0
L. Ba,Śląsk Wrocław,Śląsk Wrocław,CB,28,350000,2027-06-30,12,1173,0,0.83,1,0.26,11.28,55.1,France,"France, Mauritania",right,188,75,no,7.37,3.99,71.15,3.45,44.44,0.38,0.57,0.54,4.14,6.18,1.07,5,0.38,0,0.0,0.54,0.0,0,0.0,0.06,0,0.0,5,0.38,40.0,0.0,0.08,0.23,66.67,0.0,0.0,0.23,66.67,0.0,0.31,50.0,1.3,35.29,0.61,0.15,0.0,23.55,0.15,0.15,39.82,88.44,15.42,77.11,1.92,92.0,17.88,97.0,35.29,92.17,4.3,58.93,17.95,29.22,0.02,0.15,0.0,0.0,0.08,100.0,0.15,3.15,70.73,0.61,50.0,0.08,100.0,0.08,0.15,5.91,71.43,0,,0,,0,0.0,0.0,0.0,,,1.3,,,0.0,0.0,0.0,0.0,0,0.0
J. Mądrzyk,Tychy 71,Tychy 71,GK,22,350000,2028-06-30,15,1441,0,0.0,0,0.0,0.69,90.91,Poland,Poland,unknown,191,0,no,1.56,0.0,0.0,0.31,100.0,0.0,0.0,0.0,1.56,1.97,0.0,0,0.0,0,0.0,0.06,0.0,0,0.0,0.0,0,0.0,0,0.0,0.0,0.0,0.0,0.0,0.0,0.0,0.0,0.0,0.0,0.0,0.06,100.0,0.31,100.0,0.0,0.0,0.0,9.56,0.12,0.31,18.05,77.85,12.87,69.42,0.0,0.0,4.81,98.7,7.18,99.13,10.87,63.79,36.7,46.18,0.0,0.0,0.0,0.0,0.0,0.0,0.0,2.69,65.12,0.06,0.0,0.06,0.0,0.0,0.0,8.18,78.63,31,1.94,81,5.06,2,61.73,29.12,1.82,-1.88,-0.117,0.0,1.31,0.31,,,,0.0,0,0.0
M. Szwoch,,Ruch Chorzów,"RDMF, RCMF",33,300000,,32,2042,2,2.62,1,1.7,14.28,55.56,Poland,Poland,right,173,60,no,9.43,6.26,64.79,2.73,48.39,0.18,0.27,0.18,5.2,7.83,1.85,4,0.18,0,0.0,1.41,0.09,2,0.09,0.12,1,0.04,20,0.88,30.0,10.0,0.04,1.54,42.86,0.13,66.67,1.41,40.63,0.04,0.53,91.67,3.75,50.59,1.28,0.53,0.0,26.62,0.35,1.41,41.25,80.98,15.6,69.77,5.64,93.75,13.4,89.14,36.63,85.2,3.22,50.68,15.7,24.45,0.07,0.75,0.0,0.0,0.0,0.0,0.18,6.13,72.66,2.47,62.5,0.22,40.0,0.79,0.57,7.98,73.48,0,,0,,0,0.0,0.0,0.0,,,0.26,,,0.53,0.04,100.0,0.48,1,0.0
M. Konczkowski,Ruch Chorzów,Ruch Chorzów,RB,32,300000,2027-06-30,30,2929,0,0.22,0,3.89,11.34,55.28,Poland,Poland,right,181,78,no,8.85,5.75,66.31,2.24,52.05,0.18,0.27,0.25,4.85,6.99,0.55,2,0.06,0,0.0,2.09,0.0,0,0.0,0.01,0,0.0,12,0.37,0.0,0.0,0.0,3.2,54.81,0.06,0.0,3.1,55.45,0.22,0.71,47.83,2.15,37.14,0.83,0.89,0.09,28.91,2.03,0.52,41.02,80.67,17.02,73.29,6.94,96.02,11.06,86.94,33.37,85.17,4.49,65.75,19.29,29.92,0.12,1.08,0.06,0.0,0.0,0.0,0.52,5.96,76.29,3.38,67.27,0.15,80.0,0.61,1.75,11.25,75.68,0,,0,,0,0.0,0.0,0.0,,,1.14,,,0.03,0.0,0.0,0.0,0,0.0
M. Domański,Stal Mielec,Stal Mielec,"LWF, RDMF, LCMF",35,300000,2027-06-30,25,1721,3,1.99,1,2.31,9.26,41.81,Poland,Poland,right,167,62,no,3.82,2.77,58.49,0.68,23.08,0.26,0.38,0.21,1.93,2.83,0.47,0,0.0,0,0.0,1.83,0.16,3,0.16,0.1,0,0.0,26,1.36,23.08,11.538,0.05,2.09,42.5,0.63,33.33,1.41,44.44,0.31,1.1,47.62,4.29,36.59,1.52,0.84,0.21,27.93,1.1,0.94,35.77,85.23,11.09,80.19,7.84,92.67,10.88,88.46,31.53,90.05,2.14,56.1,15.5,22.52,0.12,1.31,0.0,0.0,0.1,100.0,0.1,4.86,86.02,2.56,57.14,0.37,57.14,0.78,0.99,5.07,74.23,0,,0,,0,0.0,0.0,0.0,,,0.16,,,0.63,0.16,66.67,3.19,0,0.0
D. Kądzior,Tychy 71,Tychy 71,"AMF, CF, RWF",34,300000,2027-06-30,31,2508,4,4.84,7,4.62,15.07,42.86,Poland,Poland,left,174,71,no,2.58,2.8,51.28,2.37,36.36,0.18,0.24,0.0,0.97,1.28,0.61,2,0.07,0,0.0,3.44,0.14,3,0.11,0.17,0,0.0,66,2.37,30.3,6.061,0.25,3.27,31.87,0.97,22.22,2.22,33.87,0.72,3.01,54.76,8.25,44.78,2.3,1.47,0.14,25.05,1.69,2.12,34.7,82.94,8.29,78.35,8.4,95.73,12.63,78.41,29.57,90.29,1.94,53.7,18.66,30.33,0.17,1.4,0.04,0.0,0.04,100.0,0.61,3.48,81.44,3.77,47.62,0.22,50.0,0.86,1.11,3.88,78.7,0,,0,,0,0.0,0.0,0.0,,,0.9,,,1.76,0.25,14.29,2.15,1,100.0
M. Mansfeld,Miedź Legnica,Miedź Legnica,CF,25,300000,2029-06-30,28,895,5,6.27,1,0.4,18.91,37.77,Germany,"Germany, Poland",right,194,86,no,2.51,1.61,50.0,8.65,39.53,0.0,0.0,0.3,1.71,2.97,1.01,1,0.1,0,0.0,1.21,0.5,5,0.5,0.63,2,0.2,29,2.92,37.93,17.241,0.1,0.4,0.0,0.2,0.0,0.2,0.0,0.1,0.2,50.0,4.83,31.25,4.12,0.4,0.1,6.74,1.81,1.21,9.55,70.53,2.72,44.44,2.82,89.29,2.01,75.0,8.85,76.14,0.3,0.0,12.59,4.39,0.04,0.3,0.0,0.0,0.0,0.0,0.2,0.6,50.0,0.91,44.44,0.0,0.0,0.6,0.0,1.21,58.33,0,,0,,0,0.0,0.0,0.0,,,0.0,,,0.0,0.0,0.0,0.0,1,0.0
P. Stępiński,,Miedź Legnica,RCB,31,300000,,22,1648,2,1.25,0,1.18,9.07,48.8,Poland,Poland,right,180,69,no,6.83,3.99,53.42,3.11,47.37,0.22,0.34,0.6,4.48,6.99,0.87,3,0.16,0,0.0,0.66,0.11,2,0.11,0.07,1,0.05,6,0.33,66.67,33.333,0.0,1.26,30.43,0.0,0.0,1.26,30.43,0.33,0.0,0.0,0.6,45.45,0.93,0.87,0.05,33.53,0.33,0.49,45.05,87.76,17.31,79.18,5.9,99.07,14.31,93.51,39.05,93.15,4.81,57.95,18.87,31.36,0.06,0.44,0.0,0.0,0.05,100.0,0.22,5.02,80.43,1.75,50.0,0.49,33.33,0.55,0.38,7.26,72.93,0,,0,,0,0.0,0.0,0.0,,,2.89,,,0.05,0.0,0.0,0.0,0,0.0
K. Wołkowicz,Polonia Bytom,Polonia Bytom,"LWB, LCB, LB",31,300000,2027-06-30,15,767,1,0.79,1,1.4,10.8,54.35,Poland,Poland,left,180,72,no,6.22,4.34,59.46,2.35,60.0,0.23,0.35,0.23,3.4,5.03,1.06,3,0.35,0,0.0,2.23,0.12,1,0.12,0.09,0,0.0,5,0.59,20.0,20.0,0.12,3.99,41.18,3.52,40.0,0.35,33.33,0.59,0.94,50.0,2.23,57.89,0.94,1.88,0.12,28.04,1.06,0.82,36.84,73.89,11.85,62.38,7.51,93.75,12.56,77.57,28.51,82.3,4.46,47.37,20.95,28.2,0.16,0.94,0.0,0.0,0.0,0.0,0.35,4.34,67.57,3.75,53.13,0.59,40.0,0.59,1.64,7.98,69.12,0,,0,,0,0.0,0.0,0.0,,,0.12,,,0.47,0.0,0.0,1.64,0,0.0
J. Szrek,Odra Opole,Odra Opole,"LWB, LB, RWB",28,300000,2027-06-30,11,652,0,0.88,0,0.52,12.01,56.32,Poland,Poland,right,177,66,no,6.21,5.38,66.67,3.31,50.0,0.0,0.0,0.14,2.62,3.48,0.41,0,0.0,0,0.0,1.24,0.0,0,0.0,0.12,0,0.0,10,1.38,40.0,0.0,0.0,1.66,33.33,0.83,33.33,0.83,33.33,0.41,0.28,50.0,2.07,53.33,2.35,1.1,0.14,18.08,0.83,1.38,24.02,72.41,9.8,66.2,4.69,85.29,5.66,73.17,20.15,80.82,2.48,27.78,16.23,27.76,0.07,0.69,0.0,0.0,0.0,0.0,0.14,3.17,60.87,0.97,42.86,0.28,0.0,0.14,0.69,5.25,55.26,0,,0,,0,0.0,0.0,0.0,,,0.41,,,0.14,0.14,0.0,0.0,0,0.0
H. Balić,Łódzki KS,Łódzki KS,"LW, RW, LWF",30,300000,,11,410,1,1.14,0,0.72,19.54,43.82,Austria,"Austria, Bosnia and Herzegovina",right,183,73,no,5.27,5.93,59.26,0.88,25.0,0.22,0.38,0.0,1.54,2.66,0.88,1,0.22,0,0.0,3.07,0.22,1,0.22,0.25,0,0.0,7,1.54,42.86,14.286,0.0,2.63,8.33,1.1,0.0,1.32,16.67,0.88,4.83,45.45,11.2,41.18,3.07,2.85,0.22,14.93,0.44,1.76,19.54,66.29,4.39,65.0,5.27,91.67,5.71,38.46,16.46,74.67,0.44,100.0,14.77,6.33,0.16,0.66,0.0,0.0,0.0,0.0,0.0,1.76,75.0,1.98,22.22,0.0,0.0,0.44,0.22,3.29,73.33,0,,0,,0,0.0,0.0,0.0,,,0.22,,,0.0,0.0,0.0,0.0,0,0.0
D. Preisler,Artis Brno,Ruch Chorzów,LB,30,300000,2028-06-30,20,1486,0,0.42,0,2.09,13.45,53.6,Czech Republic,Czech Republic,left,183,71,no,9.08,6.3,54.81,3.03,52.0,0.24,0.35,0.36,5.39,7.78,0.67,1,0.06,0,0.0,2.73,0.0,0,0.0,0.03,0,0.0,14,0.85,21.43,0.0,0.0,4.3,40.85,4.12,41.18,0.18,33.33,0.61,1.33,54.55,2.97,55.1,0.61,1.64,0.24,26.04,1.27,0.55,37.55,69.19,17.69,60.27,4.91,95.06,11.45,74.6,26.89,80.41,6.66,42.73,21.05,30.87,0.13,1.03,0.0,0.0,0.06,100.0,0.61,6.9,58.77,5.09,42.86,1.09,38.89,0.79,1.64,10.42,65.12,0,,0,,0,0.0,0.0,0.0,,,1.09,,,0.73,0.0,0.0,0.73,0,0.0
S. Szymański,Ruch Chorzów,Ruch Chorzów,"DMF, LDMF, LCMF",30,300000,2027-06-30,33,3157,5,7.54,1,0.76,12.37,54.15,Poland,Poland,right,185,80,no,7.5,3.93,57.25,3.48,53.28,0.46,0.66,0.51,4.79,6.95,1.03,5,0.14,1,0.03,1.08,0.14,1,0.03,0.21,0,0.0,61,1.74,26.23,8.197,0.03,0.74,30.77,0.43,20.0,0.29,50.0,0.06,0.94,39.39,2.85,48.0,1.14,0.94,0.03,27.74,0.4,1.31,42.11,81.31,13.37,61.83,5.76,96.04,18.1,91.18,36.18,87.23,5.25,47.83,19.31,36.11,0.02,0.29,0.03,0.06,0.03,100.0,0.2,6.19,64.52,2.22,50.0,0.43,40.0,0.91,0.2,5.96,68.9,0,,0,,0,0.0,0.0,0.0,,,0.34,,,0.06,0.03,0.0,0.0,5,80.0
J. Igbekeme,Wisła Kraków,Wisła Kraków,"RDMF, LDMF, LCMF",31,300000,2027-06-30,30,2127,3,1.3,1,1.22,16.38,53.23,Nigeria,Nigeria,left,170,66,no,9.61,6.94,68.9,1.86,38.64,0.13,0.23,0.08,4.7,8.37,0.97,3,0.13,0,0.0,0.97,0.13,3,0.13,0.05,0,0.0,33,1.4,33.33,9.091,0.04,0.51,8.33,0.17,0.0,0.34,12.5,0.0,0.85,50.0,4.95,36.75,0.42,0.8,0.04,32.71,0.42,1.02,46.25,85.64,15.28,76.18,6.81,90.68,17.31,92.18,43.07,88.21,2.67,58.73,18.05,28.24,0.05,0.68,0.08,0.04,0.17,25.0,0.21,8.17,82.9,1.65,53.85,0.51,25.0,0.85,0.08,8.42,73.87,0,,0,,0,0.0,0.0,0.0,,,0.34,,,0.04,0.0,0.0,0.0,0,0.0
J. Colley,Tirana,Wisła Kraków,LCB,27,300000,,5,382,0,0.67,0,0.0,9.66,75.61,Gambia,"Gambia, Sweden",right,187,87,no,9.19,3.53,73.33,3.77,81.25,0.0,0.0,0.71,6.6,10.37,0.47,1,0.24,0,0.0,0.0,0.0,0,0.0,0.16,0,0.0,3,0.71,0.0,0.0,0.0,0.0,0.0,0.0,0.0,0.0,0.0,0.0,0.0,0.0,1.18,60.0,1.41,0.24,0.0,36.52,0.0,0.71,49.01,92.31,14.61,83.87,2.59,100.0,27.57,98.29,46.88,92.96,2.12,77.78,18.06,24.79,0.0,0.0,0.0,0.0,0.0,0.0,0.0,3.06,69.23,0.0,0.0,0.0,0.0,0.0,0.0,4.01,76.47,0,,0,,0,0.0,0.0,0.0,,,1.88,,,0.0,0.0,0.0,0.0,0,0.0
W. Biedrzycki,Wisła Kraków,Wisła Kraków,RCB,28,300000,2027-06-30,26,2318,6,3.31,1,1.77,12.31,60.25,Poland,Poland,right,192,74,no,6.21,3.07,60.76,5.86,62.25,0.35,0.59,0.54,4.0,6.76,1.28,7,0.27,0,0.0,0.58,0.23,6,0.23,0.13,4,0.16,26,1.01,50.0,23.077,0.04,0.04,0.0,0.0,0.0,0.04,0.0,0.0,0.12,66.67,1.4,55.56,1.55,0.43,0.04,38.44,0.43,1.16,53.19,91.39,18.29,82.59,1.94,100.0,29.04,97.19,49.12,94.07,4.04,59.62,20.52,37.65,0.07,0.27,0.0,0.04,0.0,0.0,0.19,4.47,77.39,0.39,50.0,0.12,33.33,0.35,0.0,6.72,71.68,0,,0,,0,0.0,0.0,0.0,,,1.4,,,0.0,0.0,0.0,0.0,0,0.0
E. Kryeziu,Avia Świdnik,Górnik Łęczna,"LCMF, RCMF, DMF",26,300000,,27,2295,0,1.71,2,0.84,7.73,50.25,Slovenia,Slovenia,right,180,70,no,5.22,2.86,54.79,1.57,47.5,0.24,0.35,0.47,3.41,5.05,0.55,2,0.08,0,0.0,0.43,0.0,0,0.0,0.07,0,0.0,27,1.06,14.81,0.0,0.08,0.24,50.0,0.04,100.0,0.2,40.0,0.04,0.24,50.0,2.04,50.0,0.43,0.78,0.04,27.02,0.24,0.9,38.55,91.15,9.1,80.17,6.27,97.5,15.73,96.26,37.02,92.58,1.29,57.58,16.08,19.78,0.03,0.43,0.0,0.04,0.04,100.0,0.27,4.63,84.75,0.67,58.82,0.08,50.0,0.31,0.16,3.14,67.5,0,,0,,0,0.0,0.0,0.0,,,0.27,,,0.0,0.0,0.0,0.0,1,0.0
S. Nagamatsu,Ruch Chorzów,Ruch Chorzów,"AMF, LCMF, CF",30,300000,2027-06-30,33,2770,4,6.85,4,3.81,22.0,38.55,Japan,Japan,right,170,0,no,5.0,5.69,57.14,3.74,26.96,0.13,0.19,0.23,1.62,2.34,2.27,4,0.13,0,0.0,2.14,0.13,4,0.13,0.22,0,0.0,69,2.24,24.64,5.797,0.13,1.01,32.26,0.49,20.0,0.49,40.0,0.23,2.5,48.05,9.29,36.01,3.12,1.04,0.06,17.38,1.56,2.05,24.27,74.3,8.64,63.53,4.74,87.67,6.27,77.72,21.15,79.42,2.11,43.08,16.72,26.95,0.12,0.97,0.03,0.0,0.13,50.0,0.58,3.57,68.18,2.34,54.17,0.62,31.58,1.33,0.29,4.06,68.8,0,,0,,0,0.0,0.0,0.0,,,0.29,,,0.1,0.0,0.0,0.16,0,0.0
S. Cissé,,Polonia Warszawa,"RCB, LCB",27,300000,,18,1517,0,0.67,0,0.09,11.33,54.97,Senegal,Senegal,right,190,80,no,6.82,3.2,68.52,5.04,55.29,0.3,0.47,0.53,4.33,6.87,0.83,3,0.18,0,0.0,0.0,0.0,0,0.0,0.04,0,0.0,4,0.24,0.0,0.0,0.0,0.0,0.0,0.0,0.0,0.0,0.0,0.0,0.0,0.0,1.01,41.18,0.59,1.01,0.06,36.43,0.53,0.53,54.7,91.21,21.3,83.84,4.09,94.2,24.03,97.04,52.5,93.33,2.2,40.54,19.25,31.25,0.01,0.18,0.0,0.06,0.0,0.0,0.0,6.17,90.38,0.18,66.67,0.06,0.0,0.24,0.0,9.61,70.37,0,,0,,0,0.0,0.0,0.0,,,2.97,,,0.0,0.0,0.0,0.0,0,0.0
D. Szymonowicz,Wieczysta Kraków,Wieczysta Kraków,"RCB, LCB",31,300000,2027-06-30,14,1171,1,0.27,0,0.36,13.83,63.33,Poland,Poland,right,185,76,no,7.38,4.07,81.13,5.3,47.83,0.15,0.24,0.54,3.92,6.24,0.69,1,0.08,0,0.0,0.46,0.08,1,0.08,0.02,1,0.08,3,0.23,66.67,33.333,0.0,0.0,0.0,0.0,0.0,0.0,0.0,0.0,0.38,80.0,1.23,68.75,0.54,1.23,0.08,31.28,0.23,0.92,46.65,89.13,13.91,70.72,1.38,94.44,28.13,98.36,43.58,92.95,3.07,35.0,20.64,36.65,0.03,0.08,0.0,0.0,0.0,0.0,0.0,4.0,73.08,0.08,0.0,0.0,0.0,0.15,0.0,4.84,52.38,0,,0,,0,0.0,0.0,0.0,,,0.85,,,0.0,0.0,0.0,0.0,0,0.0
Ale Díez,,Stal Mielec,"RB, RWB",30,300000,,26,2257,1,0.34,1,4.01,14.12,54.24,Spain,Spain,right,173,72,no,8.85,6.46,61.73,2.95,43.24,0.28,0.4,0.4,4.59,6.56,1.28,5,0.2,0,0.0,2.63,0.04,1,0.04,0.01,0,0.0,14,0.56,21.43,7.143,0.04,5.06,27.56,0.44,45.45,4.47,26.79,0.72,1.71,65.12,3.47,54.02,1.32,1.44,0.12,29.99,3.23,1.12,41.39,72.83,14.4,65.1,7.38,92.43,13.84,74.06,31.34,84.22,5.02,46.83,19.8,30.31,0.16,1.08,0.08,0.0,0.0,0.0,0.52,4.27,67.29,4.71,38.14,0.28,42.86,0.6,1.6,9.49,66.39,0,,0,,0,0.0,0.0,0.0,,,0.92,,,0.08,0.0,0.0,0.28,0,0.0
P. Sokołowski,Śląsk Wrocław,Śląsk Wrocław,"RDMF, LDMF, DMF",31,300000,2027-06-30,25,1915,1,3.02,0,1.35,13.3,50.53,Poland,Poland,right,182,73,no,7.71,4.14,55.68,3.24,50.72,0.38,0.56,0.47,5.03,7.52,0.85,2,0.09,0,0.0,1.13,0.05,1,0.05,0.14,0,0.0,22,1.03,36.36,4.545,0.0,0.14,33.33,0.0,0.0,0.14,33.33,0.05,0.94,70.0,3.38,47.22,1.32,0.8,0.0,33.56,0.33,1.08,46.25,85.67,14.9,74.45,7.66,93.25,16.59,94.33,43.85,87.67,2.26,50.0,15.58,24.22,0.06,0.61,0.09,0.0,0.23,20.0,0.19,8.37,84.27,1.97,52.38,0.61,38.46,0.94,0.05,7.33,73.72,0,,0,,0,0.0,0.0,0.0,,,0.33,,,0.0,0.0,0.0,0.0,0,0.0
M. Spychała,Odra Opole,Odra Opole,"RWB, RB",28,300000,2027-06-30,24,2219,1,1.39,4,2.69,17.32,52.69,Poland,Poland,right,169,63,no,7.83,6.49,64.38,2.39,28.81,0.28,0.35,0.32,3.37,4.17,1.38,7,0.28,0,0.0,1.7,0.04,1,0.04,0.06,0,0.0,16,0.65,18.75,6.25,0.16,2.6,23.44,0.0,0.0,2.6,23.44,0.41,1.5,62.16,5.64,54.68,1.34,1.34,0.12,18.09,1.18,2.35,25.35,76.48,7.79,68.75,6.89,95.29,5.72,68.09,20.97,85.11,1.91,51.06,17.55,29.84,0.11,0.89,0.0,0.0,0.04,100.0,0.45,2.43,68.33,2.31,43.86,0.16,50.0,0.89,0.69,4.91,68.6,0,,0,,0,0.0,0.0,0.0,,,0.41,,,0.0,0.0,0.0,0.0,0,0.0
H. Adamczyk,Pogoń Grod. Mazowiecki,Pogoń Grod. Mazowiecki,"AMF, LCMF",28,300000,,12,578,0,0.22,0,1.13,9.97,43.75,Poland,Poland,right,174,71,no,5.29,3.58,65.22,0.62,25.0,0.0,0.0,0.16,2.96,4.35,0.0,0,0.0,0,0.0,1.87,0.0,0,0.0,0.03,0,0.0,6,0.93,16.67,0.0,0.0,0.93,100.0,0.78,100.0,0.16,100.0,0.16,1.25,62.5,4.52,34.48,0.78,2.34,0.31,26.47,0.47,0.0,32.85,88.15,10.74,78.26,6.38,92.68,9.19,94.92,29.43,89.95,2.49,62.5,16.65,18.89,0.18,1.25,0.31,0.0,0.31,0.0,0.31,4.05,80.77,2.34,73.33,0.62,25.0,1.25,0.93,4.98,78.13,0,,0,,0,0.0,0.0,0.0,,,0.16,,,0.16,0.0,0.0,3.43,0,0.0
S. Rudol,Łódzki KS,Łódzki KS,RCB,31,300000,2027-06-30,32,3010,1,2.92,1,2.03,11.54,65.28,Poland,Poland,right,185,77,no,8.22,4.9,77.44,3.86,57.36,0.15,0.22,0.36,4.28,6.27,0.57,4,0.12,0,0.0,0.45,0.03,1,0.03,0.09,0,0.0,19,0.57,21.05,5.263,0.03,0.48,56.25,0.0,0.0,0.48,56.25,0.06,0.09,33.33,0.9,50.0,0.99,1.29,0.06,28.41,0.36,0.57,42.67,83.04,18.15,72.98,2.36,92.41,16.71,93.56,36.48,88.36,5.77,51.81,19.53,36.64,0.06,0.54,0.0,0.06,0.03,100.0,0.18,7.39,71.66,1.2,55.0,0.45,46.67,0.69,0.18,8.43,63.83,0,,0,,0,0.0,0.0,0.0,,,0.72,,,0.0,0.0,0.0,0.0,0,0.0
F. Piasecki,Łódzki KS,Łódzki KS,CF,31,300000,2027-06-30,34,2355,14,16.04,1,1.87,24.65,40.78,Poland,Poland,right,186,77,no,3.94,3.06,56.25,7.03,48.91,0.11,0.17,0.15,2.1,3.2,2.29,3,0.11,0,0.0,3.21,0.54,12,0.46,0.61,3,0.11,100,3.82,43.0,14.0,0.04,0.65,29.41,0.31,50.0,0.34,11.11,0.11,2.41,53.97,9.55,34.0,4.97,0.84,0.08,10.55,1.61,1.18,13.07,59.06,4.78,50.4,1.72,77.78,3.44,63.33,11.69,62.42,0.73,31.58,15.62,16.41,0.07,0.46,0.04,0.0,0.23,33.33,0.31,1.8,53.19,1.72,42.22,0.46,33.33,1.15,0.15,1.57,68.29,0,,0,,0,0.0,0.0,0.0,,,0.08,,,0.08,0.08,50.0,0.0,4,50.0
P. Lenarcik,,Chrobry Głogów,GK,31,300000,,2,195,0,0.0,0,0.0,0.46,100.0,Poland,Poland,right,190,83,no,0.0,0.0,0.0,0.46,100.0,0.0,0.0,0.0,0.0,0.0,0.0,0,0.0,0,0.0,0.0,0.0,0,0.0,0.0,0,0.0,0,0.0,0.0,0.0,0.0,0.0,0.0,0.0,0.0,0.0,0.0,0.0,0.0,0.0,0.0,0.0,0.0,0.0,0.0,18.46,0.46,0.46,23.08,90.0,9.23,75.0,0.0,0.0,12.92,100.0,14.77,100.0,8.31,72.22,31.44,50.15,0.0,0.0,0.0,0.0,0.0,0.0,0.0,1.38,66.67,0.0,0.0,0.0,0.0,0.0,0.0,6.92,80.0,3,1.38,9,4.15,0,66.67,2.32,1.07,-0.68,-0.314,0.0,1.38,0.46,,,,0.0,0,0.0
S. Krykun,Łódzki KS,Łódzki KS,"RW, RWB, RWF",29,300000,2027-06-30,31,1470,3,2.11,2,3.82,20.08,48.48,Ukraine,"Ukraine, Poland",right,175,70,no,5.82,4.9,60.0,2.51,36.59,0.0,0.0,0.06,2.88,4.38,1.65,1,0.06,0,0.0,6.18,0.18,3,0.18,0.13,0,0.0,26,1.59,19.23,11.538,0.12,6.18,32.67,2.08,35.29,4.1,31.34,1.22,6.24,60.78,10.35,48.52,3.24,2.51,0.55,16.04,1.59,1.16,25.71,64.76,6.43,61.9,5.14,88.1,8.27,60.74,18.37,77.67,1.35,27.27,19.29,16.44,0.23,1.59,0.0,0.0,0.06,100.0,0.86,1.78,68.97,4.47,45.21,0.0,0.0,0.49,2.02,5.39,62.5,0,,0,,0,0.0,0.0,0.0,,,0.18,,,0.24,0.0,0.0,0.18,0,0.0
J. Szymański,Polonia Bytom,Polonia Bytom,"RCB, LCB, CB",24,300000,2027-06-30,30,2591,1,1.48,3,2.78,12.75,58.31,Poland,Poland,right,189,85,no,6.98,3.68,64.15,5.49,62.66,0.24,0.34,0.66,4.38,6.19,1.08,7,0.24,0,0.0,0.73,0.03,1,0.03,0.05,0,0.0,13,0.45,30.77,7.692,0.1,0.97,46.43,0.35,50.0,0.63,44.44,0.1,0.17,80.0,1.25,33.33,1.11,0.94,0.1,32.89,0.56,0.28,48.11,81.88,20.63,70.54,3.2,95.65,19.45,91.96,38.49,89.08,8.65,53.82,21.74,38.22,0.1,0.49,0.0,0.0,0.0,0.0,0.38,7.92,71.93,1.46,54.76,0.42,50.0,0.66,0.45,11.01,67.19,0,,0,,0,0.0,0.0,0.0,,,1.42,,,0.0,0.0,0.0,0.0,0,0.0
M. Błachewicz,Łódzki KS,Tychy 71,"LWB, LB, LCB",23,300000,2028-06-30,27,2298,3,2.42,2,1.82,15.43,42.89,Poland,Poland,left,186,76,no,7.52,5.87,56.0,4.23,33.33,0.04,0.05,0.39,4.19,5.66,1.06,7,0.27,1,0.04,2.47,0.12,3,0.12,0.09,2,0.08,28,1.1,39.29,10.714,0.08,3.72,26.32,3.29,28.57,0.43,9.09,0.55,2.19,46.43,4.03,36.89,1.92,1.49,0.04,21.11,1.84,0.39,28.67,69.13,9.44,59.75,5.64,93.06,9.44,65.98,22.36,79.68,2.9,40.54,19.44,35.43,0.07,0.98,0.04,0.04,0.04,100.0,0.31,3.68,62.77,3.05,32.05,0.16,25.0,0.47,0.94,5.95,61.84,0,,0,,0,0.0,0.0,0.0,,,0.39,,,0.27,0.04,0.0,0.94,0,0.0
J. Keiblinger,Łódzki KS,Tychy 71,"RWB, LCMF, RCMF",25,300000,2027-06-30,33,3027,4,2.09,2,4.22,12.67,48.59,Austria,Austria,right,176,69,no,7.61,5.59,52.13,1.87,39.68,0.48,0.63,0.3,4.22,5.63,0.71,2,0.06,0,0.0,1.81,0.12,4,0.12,0.06,1,0.03,23,0.68,39.13,17.391,0.06,2.38,43.75,0.36,41.67,1.99,43.28,0.39,1.22,39.02,3.84,47.29,1.13,1.49,0.09,25.6,1.4,0.8,37.25,81.96,9.1,69.61,8.98,92.72,13.35,84.86,32.23,87.36,2.71,50.55,19.33,35.75,0.13,1.37,0.0,0.03,0.03,100.0,0.39,3.81,75.0,2.62,50.0,0.18,33.33,0.74,1.07,5.8,66.67,0,,0,,0,0.0,0.0,0.0,,,0.74,,,0.68,0.0,0.0,1.31,0,0.0
A. Lukić,Ruch Chorzów,Ruch Chorzów,LCB,32,275000,2027-06-30,20,1760,0,0.57,1,0.33,10.74,65.71,Croatia,Croatia,right,190,83,no,7.36,3.27,60.94,5.83,72.81,0.15,0.22,0.66,5.22,7.39,0.97,7,0.36,0,0.0,0.2,0.0,0,0.0,0.03,0,0.0,9,0.46,22.22,0.0,0.05,0.0,0.0,0.0,0.0,0.0,0.0,0.0,0.15,66.67,0.66,61.54,0.72,1.84,0.05,28.79,0.2,0.41,44.59,87.39,16.26,75.16,1.99,84.62,22.7,95.95,38.76,92.08,5.83,56.14,20.75,34.63,0.02,0.15,0.0,0.0,0.0,0.0,0.1,7.57,70.27,0.51,30.0,0.2,0.0,0.2,0.0,7.21,77.3,0,,0,,0,0.0,0.0,0.0,,,1.13,,,0.05,0.05,0.0,0.0,0,0.0
Paulinho,Wieczysta Kraków,Wieczysta Kraków,CF,26,275000,2028-06-30,11,540,1,3.93,2,1.25,15.0,34.44,Portugal,Portugal,right,186,82,no,3.0,1.5,77.78,5.83,31.43,0.0,0.0,0.17,1.83,2.89,0.33,1,0.17,0,0.0,2.17,0.17,1,0.17,0.65,1,0.17,18,3.0,38.89,5.556,0.33,1.17,14.29,0.17,0.0,1.0,16.67,0.33,1.17,42.86,5.33,28.13,5.33,1.0,0.33,14.0,2.17,1.67,18.5,75.68,3.67,68.18,8.0,89.58,3.33,50.0,16.67,80.0,1.0,66.67,15.78,17.92,0.21,1.17,0.17,0.0,0.33,100.0,0.5,1.0,50.0,1.5,22.22,0.33,100.0,1.33,0.0,0.83,60.0,0,,0,,0,0.0,0.0,0.0,,,0.17,,,0.0,0.0,0.0,0.0,1,0.0
K. Drygas,Miedź Legnica II,Miedź Legnica,"RCMF, CB, LCMF",34,250000,,24,1312,0,1.76,1,1.53,13.51,58.38,Poland,Poland,left,184,72,no,7.27,4.66,54.41,3.84,62.5,0.55,0.84,0.69,4.18,6.42,1.71,3,0.21,0,0.0,0.89,0.0,0,0.0,0.12,0,0.0,14,0.96,28.57,0.0,0.07,0.41,50.0,0.34,60.0,0.07,0.0,0.14,0.41,66.67,2.26,57.58,1.65,0.69,0.07,28.67,0.34,1.1,42.94,86.58,15.57,74.01,7.48,95.41,15.02,93.61,39.31,89.53,3.22,55.32,17.33,27.58,0.11,0.69,0.21,0.0,0.14,100.0,0.21,4.12,70.0,0.89,46.15,0.55,37.5,0.55,0.21,6.72,63.27,0,,0,,0,0.0,0.0,0.0,,,1.99,,,0.14,0.14,0.0,0.0,0,0.0
S. Thill,Differdange 03,Stal Rzeszów,LCMF,32,250000,2028-06-30,23,2171,8,5.1,5,5.45,7.5,41.44,Luxembourg,Luxembourg,left,178,70,no,5.18,2.03,63.27,2.32,35.71,0.08,0.11,0.33,3.81,5.15,0.08,2,0.08,0,0.0,2.28,0.33,8,0.33,0.21,2,0.08,68,2.82,32.35,11.765,0.21,2.07,40.0,0.91,27.27,1.16,50.0,0.29,0.99,37.5,2.07,28.0,2.16,2.11,0.37,47.13,0.83,0.21,59.74,82.44,21.68,72.66,9.04,95.41,19.57,86.44,48.71,89.28,9.0,55.3,19.63,37.93,0.23,2.49,0.04,0.0,0.29,57.14,0.99,11.15,68.03,5.56,56.72,2.07,54.0,2.53,0.79,10.49,83.4,0,,0,,0,0.0,0.0,0.0,,,0.33,,,1.08,0.25,33.33,3.73,1,0.0
P. Ceglarz,Rekord Bielsko-Biała,Ruch Chorzów,"LWF, RWF, RAMF",34,250000,2027-06-30,28,1469,5,2.42,3,3.27,15.01,39.59,Poland,Poland,right,182,76,no,3.68,4.17,55.88,0.86,21.43,0.12,0.19,0.0,1.23,1.91,1.04,0,0.0,0,0.0,3.12,0.31,3,0.18,0.15,0,0.0,23,1.41,39.13,21.739,0.18,2.82,30.43,1.16,26.32,1.65,33.33,0.31,3.31,51.85,7.96,36.92,2.08,1.29,0.55,12.93,1.72,1.29,15.75,66.93,4.29,64.29,3.68,91.67,4.35,53.52,11.95,76.41,1.16,52.63,15.47,16.94,0.2,1.96,0.12,0.06,0.0,0.0,0.31,1.1,50.0,2.7,50.0,0.25,0.0,0.74,0.67,2.33,65.79,0,,0,,0,0.0,0.0,0.0,,,0.06,,,1.1,0.25,75.0,4.04,2,100.0
Í. Durmuş,Polonia Warszawa,Polonia Warszawa,"LB, LW, RB",32,250000,2027-06-30,30,2112,5,5.79,1,3.01,12.57,51.19,Germany,"Germany, Türkiye",left,179,70,no,6.35,3.92,68.48,1.75,41.46,0.09,0.13,0.21,3.58,5.48,0.72,3,0.13,0,0.0,3.49,0.21,5,0.21,0.25,0,0.0,40,1.7,32.5,12.5,0.04,3.45,30.86,3.2,30.67,0.26,33.33,0.51,2.73,68.75,5.84,45.26,1.96,2.77,0.6,25.4,1.49,0.68,34.69,78.38,12.83,70.76,7.93,95.7,9.29,75.69,27.95,88.26,3.37,44.3,19.55,27.49,0.13,1.19,0.0,0.04,0.04,0.0,0.38,4.26,81.0,3.41,40.0,0.21,20.0,0.64,1.07,6.9,71.6,0,,0,,0,0.0,0.0,0.0,,,0.94,,,0.6,0.04,0.0,1.53,0,0.0
M. Mezghrani,,Ruch Chorzów,"RAMF, RCMF, LCMF",32,250000,,15,663,1,0.81,0,0.83,16.29,48.33,Belgium,"Belgium, Algeria",right,178,69,no,8.01,7.06,61.54,3.39,20.0,0.14,0.2,0.41,3.53,5.27,1.09,2,0.27,0,0.0,2.44,0.14,1,0.14,0.11,0,0.0,8,1.09,25.0,12.5,0.0,4.75,20.0,0.41,0.0,4.34,21.88,0.95,1.63,75.0,5.02,54.05,1.76,0.81,0.14,26.74,1.22,1.36,36.92,74.63,8.69,60.94,9.23,95.59,11.27,71.08,29.32,86.11,2.99,45.45,17.23,24.1,0.11,0.41,0.0,0.0,0.0,0.0,0.27,2.99,63.64,3.94,24.14,0.27,50.0,0.27,0.95,3.94,68.97,0,,0,,0,0.0,0.0,0.0,,,0.68,,,0.0,0.0,0.0,0.14,0,0.0
Marc Carbó,Wisła Kraków,Wisła Kraków,"LDMF, RDMF, LCMF",32,250000,2027-06-30,29,1881,0,0.77,1,0.38,15.6,62.58,Spain,Spain,right,185,70,no,9.04,6.89,75.0,2.54,50.94,0.29,0.49,0.14,3.59,6.08,1.2,4,0.19,0,0.0,0.33,0.0,0,0.0,0.04,0,0.0,17,0.81,5.88,0.0,0.05,0.24,20.0,0.0,0.0,0.14,0.0,0.14,0.33,71.43,3.25,57.35,0.53,0.43,0.0,29.0,0.14,1.63,44.02,87.28,14.02,75.09,6.22,94.62,17.37,94.77,38.95,90.79,4.83,62.38,18.59,37.35,0.02,0.43,0.0,0.05,0.05,0.0,0.19,7.99,78.44,1.29,51.85,0.77,43.75,0.77,0.1,7.85,75.61,0,,0,,0,0.0,0.0,0.0,,,0.62,,,0.05,0.0,0.0,0.0,0,0.0
A. Uryga,Wisła Kraków,Wisła Kraków,RCB,32,250000,2027-06-30,3,76,0,0.27,0,0.0,11.84,80.0,Poland,Poland,right,191,85,no,8.29,4.74,75.0,5.92,80.0,0.0,0.0,1.18,4.74,10.0,0.0,0,0.0,0,0.0,0.0,0.0,0,0.0,0.32,0,0.0,1,1.18,0.0,0.0,0.0,0.0,0.0,0.0,0.0,0.0,0.0,0.0,0.0,0.0,0.0,0.0,2.37,0.0,0.0,23.68,0.0,0.0,42.63,83.33,15.39,61.54,1.18,100.0,20.13,100.0,36.71,93.55,5.92,20.0,18.54,32.53,0.0,0.0,0.0,0.0,0.0,0.0,0.0,1.18,100.0,0.0,0.0,0.0,0.0,0.0,0.0,5.92,20.0,0,,0,,0,0.0,0.0,0.0,,,1.18,,,0.0,0.0,0.0,0.0,0,0.0
A. Deja,Górnik Łęczna,Górnik Łęczna,"RCMF, LCMF, DMF",33,250000,2028-06-30,29,2575,3,1.38,4,5.2,12.3,51.14,Poland,Poland,right,185,82,no,7.62,3.74,62.62,2.73,50.0,0.56,0.81,0.52,4.72,6.85,1.36,6,0.21,0,0.0,0.84,0.1,3,0.1,0.05,0,0.0,29,1.01,34.48,10.345,0.14,0.49,64.29,0.17,80.0,0.31,55.56,0.07,0.35,50.0,3.43,40.82,0.56,1.26,0.0,31.63,0.66,1.26,42.92,89.98,14.16,81.48,6.71,96.88,15.06,95.36,39.04,92.93,3.39,59.79,17.96,37.45,0.18,1.5,0.17,0.0,0.0,0.0,0.21,6.54,79.14,1.12,75.0,0.21,66.67,0.49,0.31,6.54,79.68,0,,1,,0,100.0,0.44,0.02,,,0.59,,,2.34,0.45,46.15,2.94,0,0.0
Carlitos,Intercity SJ D' Alacant,Wieczysta Kraków,"CF, AMF",36,250000,2027-06-30,25,964,5,4.9,1,1.95,21.01,33.33,Spain,Spain,right,176,70,no,3.27,3.36,50.0,3.27,17.14,0.28,0.5,0.19,1.31,2.32,1.12,2,0.19,0,0.0,5.41,0.47,4,0.37,0.46,0,0.0,33,3.08,51.52,15.152,0.09,3.83,31.71,1.68,22.22,1.96,33.33,1.03,5.13,45.45,11.58,32.26,5.32,1.87,0.09,21.1,1.68,0.84,28.48,68.52,8.31,67.42,5.23,91.07,10.36,56.76,22.22,77.73,2.61,42.86,19.45,20.24,0.18,1.12,0.09,0.09,0.47,60.0,0.75,3.36,58.33,4.2,46.67,0.84,55.56,1.77,1.12,4.76,86.27,0,,0,,0,0.0,0.0,0.0,,,0.0,,,0.56,0.19,100.0,0.28,2,50.0
K. Stępień,Puszcza Niepołomice,Puszcza Niepołomice,"RCB, LCB, LDMF",33,250000,2027-06-30,30,2689,2,1.43,0,0.16,11.55,53.91,Poland,Poland,right,185,80,no,7.9,4.62,64.49,3.28,53.06,0.27,0.38,0.97,4.65,6.65,0.84,4,0.13,0,0.0,0.33,0.07,2,0.07,0.05,2,0.07,10,0.33,30.0,20.0,0.0,0.17,40.0,0.03,0.0,0.13,50.0,0.0,0.37,45.45,1.74,40.38,1.0,0.33,0.0,20.85,0.17,0.5,33.4,82.97,14.66,70.78,2.64,96.2,13.32,94.97,25.97,87.89,7.26,66.36,24.27,40.97,0.01,0.07,0.0,0.0,0.0,0.0,0.03,4.82,68.75,0.57,58.82,0.2,33.33,0.27,0.13,7.73,68.83,0,,0,,0,0.0,0.0,0.0,,,1.54,,,0.0,0.0,0.0,0.0,0,0.0
B. Ciepiela,Pogoń Grod. Mazowiecki,Znicz Pruszków,"LCMF, RCMF, LW",25,250000,,28,1704,4,3.79,3,3.65,15.48,44.37,Poland,Poland,right,182,75,no,7.29,6.23,56.78,1.64,32.26,0.32,0.4,0.11,3.43,4.3,1.8,6,0.32,0,0.0,2.22,0.21,4,0.21,0.2,0,0.0,36,1.9,30.56,11.111,0.16,2.59,24.49,1.53,24.14,1.0,26.32,0.48,1.74,54.55,5.49,41.35,3.49,1.21,0.16,23.35,0.85,0.74,33.7,70.22,12.04,61.4,4.33,82.93,10.83,74.63,27.2,77.28,4.07,49.35,18.73,32.12,0.19,1.69,0.05,0.0,0.11,50.0,0.37,6.29,62.18,4.07,42.86,0.9,29.41,1.53,0.58,7.02,77.44,0,,0,,0,0.0,0.0,0.0,,,0.16,,,0.79,0.11,50.0,1.69,0,0.0
K. Antonik,Miedź Legnica,Miedź Legnica,"AMF, LW",27,250000,2028-06-30,33,2661,6,8.54,4,5.35,20.53,43.99,Poland,Poland,right,184,66,no,5.11,4.6,58.82,2.64,41.03,0.27,0.42,0.07,2.13,3.32,1.29,4,0.14,1,0.03,4.77,0.2,6,0.2,0.29,1,0.03,99,3.35,24.24,6.061,0.14,3.08,28.57,1.25,24.32,1.76,30.77,0.51,5.85,52.6,10.89,41.3,4.53,3.01,0.44,17.08,1.45,1.42,20.9,68.45,5.78,65.5,3.92,92.24,6.63,68.37,16.13,77.78,1.86,49.09,19.5,33.0,0.18,1.25,0.03,0.0,0.07,0.0,0.54,2.64,58.97,2.71,53.75,0.34,40.0,1.32,0.95,3.89,80.0,0,,0,,0,0.0,0.0,0.0,,,0.2,,,0.14,0.14,0.0,0.0,0,0.0
M. Borecki,Znicz Pruszków,Znicz Pruszków,"RCMF, LCMF",29,250000,2027-06-30,33,2541,1,1.85,2,1.21,14.91,48.46,Poland,Poland,right,181,76,no,7.65,5.49,67.74,3.19,35.56,0.35,0.44,0.21,3.58,4.42,0.92,3,0.11,0,0.0,1.2,0.04,1,0.04,0.07,0,0.0,31,1.1,22.58,3.226,0.07,1.17,45.45,0.6,47.06,0.5,42.86,0.04,0.81,47.83,4.07,37.39,1.74,1.24,0.14,22.17,1.13,0.85,34.43,77.26,12.01,65.19,5.81,93.29,10.13,83.92,30.21,81.59,3.05,46.51,16.46,30.83,0.04,0.53,0.04,0.04,0.07,50.0,0.28,5.42,66.01,1.95,61.82,0.25,42.86,0.85,0.57,5.7,66.46,0,,0,,0,0.0,0.0,0.0,,,0.21,,,0.14,0.0,0.0,0.04,0,0.0
J. Arak,Polonia Bytom,Polonia Bytom,CF,31,250000,2027-06-30,23,1383,10,6.67,2,0.88,17.83,39.78,Poland,Poland,right,183,78,no,3.25,2.02,41.94,5.92,43.96,0.13,0.18,0.39,2.28,3.18,1.82,2,0.13,1,0.07,1.5,0.65,10,0.65,0.43,6,0.39,35,2.28,48.57,28.571,0.13,0.26,25.0,0.07,0.0,0.13,50.0,0.07,0.65,50.0,4.3,39.39,3.77,0.78,0.26,9.18,1.17,1.95,14.12,73.27,2.8,55.81,4.03,80.65,3.77,74.14,13.28,75.0,0.65,50.0,12.93,13.45,0.06,0.78,0.0,0.07,0.0,0.0,0.33,1.3,55.0,0.65,50.0,0.13,0.0,0.72,0.0,1.17,55.56,0,,0,,0,0.0,0.0,0.0,,,0.0,,,0.0,0.0,0.0,0.0,0,0.0
J. Letniowski,Miedź Legnica,Miedź Legnica,"LCMF, RCMF",28,250000,2027-06-30,19,1145,0,0.62,2,1.6,14.93,54.21,Poland,Poland,right,183,66,no,7.39,5.74,57.53,1.97,48.0,0.47,0.72,0.24,3.62,5.54,1.49,7,0.55,0,0.0,2.99,0.0,0,0.0,0.05,0,0.0,24,1.89,12.5,0.0,0.16,1.97,40.0,0.94,50.0,1.02,30.77,0.39,2.2,82.14,5.66,58.33,1.1,2.12,0.24,36.31,0.47,1.26,50.78,83.13,17.37,72.4,7.62,92.78,16.98,88.89,41.9,88.18,6.92,64.77,20.29,36.34,0.13,1.26,0.16,0.0,0.24,66.67,0.63,10.14,71.32,3.69,51.06,1.1,57.14,1.18,0.86,8.72,82.88,0,,0,,0,0.0,0.0,0.0,,,0.86,,,0.55,0.16,0.0,1.97,0,0.0
Asier Córdoba,Miedź Legnica,Miedź Legnica,"AMF, RW",26,250000,2027-06-30,32,2330,9,6.47,3,3.63,17.77,44.35,Spain,Spain,left,184,70,no,4.94,4.87,54.76,1.31,32.35,0.08,0.12,0.04,2.2,3.53,0.97,6,0.23,0,0.0,3.94,0.35,9,0.35,0.25,2,0.08,60,2.32,30.0,15.0,0.12,2.47,23.44,1.58,21.95,0.89,26.09,0.62,4.83,54.4,10.12,40.84,2.9,2.16,0.42,17.77,1.35,0.93,26.34,75.22,7.3,67.2,5.25,91.18,8.92,73.16,22.67,83.3,1.39,30.56,17.44,23.39,0.14,1.51,0.0,0.0,0.04,100.0,0.35,2.51,75.38,2.82,45.21,0.08,100.0,1.04,0.62,4.21,68.81,0,,0,,0,0.0,0.0,0.0,,,0.08,,,0.81,0.04,0.0,2.43,0,0.0
M. Bochnak,Miedź Legnica,Miedź Legnica,"RWB, RB",28,250000,2027-06-30,28,1575,2,2.99,0,1.63,14.11,53.44,Poland,Poland,right,179,65,no,7.26,5.83,71.57,1.66,20.69,0.11,0.17,0.06,2.97,4.55,0.46,1,0.06,0,0.0,2.51,0.11,2,0.11,0.17,0,0.0,17,0.97,41.18,11.765,0.0,3.14,20.0,0.06,0.0,3.03,20.75,0.23,2.69,55.32,5.54,47.42,2.57,1.54,0.34,21.26,2.57,0.63,29.6,75.87,8.69,78.29,6.51,89.47,7.66,67.16,25.26,83.94,1.6,46.43,17.07,23.04,0.09,0.86,0.06,0.06,0.0,0.0,0.57,2.69,78.72,2.74,56.25,0.06,100.0,1.31,0.51,4.97,67.82,0,,0,,0,0.0,0.0,0.0,,,0.4,,,0.0,0.0,0.0,0.0,0,0.0
M. Grudziński,Miedź Legnica,Miedź Legnica,LCB,26,250000,2028-06-30,33,3039,1,2.71,0,1.59,11.99,52.35,Poland,Poland,left,188,0,no,8.23,4.8,62.35,2.93,44.44,0.18,0.27,0.5,5.06,7.76,1.07,6,0.18,0,0.0,1.75,0.03,1,0.03,0.08,0,0.0,43,1.27,16.28,2.326,0.0,1.78,38.33,1.66,35.71,0.09,66.67,0.3,1.48,58.0,2.72,46.74,1.42,1.78,0.21,34.92,0.77,0.24,47.24,78.62,19.49,67.63,5.48,93.51,14.54,87.78,39.27,86.2,6.25,42.18,19.95,38.98,0.05,0.59,0.03,0.0,0.03,0.0,0.09,6.87,65.09,2.4,51.85,0.53,27.78,0.59,0.68,10.04,64.9,0,,0,,0,0.0,0.0,0.0,,,1.54,,,0.18,0.12,0.0,0.18,0,0.0
J. Tecław,Chojniczanka Chojnice,Tychy 71,"CB, RCB",27,250000,2028-06-30,22,2027,3,2.53,1,0.39,11.41,51.75,Poland,Poland,both,190,0,no,7.19,3.95,48.31,3.69,57.83,0.09,0.13,0.71,5.19,7.53,1.11,6,0.27,1,0.04,0.8,0.13,3,0.13,0.11,0,0.0,27,1.2,29.63,11.111,0.04,0.36,50.0,0.13,66.67,0.22,40.0,0.0,0.49,54.55,1.91,37.21,0.67,1.24,0.04,35.48,0.13,0.36,54.12,90.07,18.91,78.87,2.93,92.42,27.08,98.2,48.89,93.91,4.88,54.55,19.43,39.37,0.02,0.36,0.0,0.0,0.0,0.0,0.18,5.64,70.08,0.71,37.5,0.22,40.0,0.27,0.18,8.35,69.15,0,,0,,0,0.0,0.0,0.0,,,1.51,,,0.09,0.09,50.0,0.0,0,0.0
E. Hoxhallari,Dinamo City,Polonia Warszawa,LB,30,250000,,20,1240,0,0.43,2,1.7,15.53,57.01,Albania,Albania,left,183,77,no,8.93,5.81,60.0,2.83,56.41,0.58,0.88,0.29,4.86,7.36,1.31,4,0.29,0,0.0,3.05,0.0,0,0.0,0.03,0,0.0,19,1.38,10.53,0.0,0.15,4.28,45.76,3.7,45.1,0.58,50.0,0.87,1.45,65.0,4.72,53.85,0.58,1.45,0.07,23.73,0.87,2.32,34.69,74.69,16.55,73.68,4.06,92.86,10.45,72.22,24.75,88.27,5.88,37.04,24.61,39.18,0.12,1.09,0.0,0.0,0.0,0.0,0.29,6.97,60.42,5.08,42.86,0.87,0.0,0.36,1.89,9.15,78.57,0,,0,,0,0.0,0.0,0.0,,,0.29,,,0.65,0.29,25.0,3.12,0,0.0
D. Ventúra,Ruch Chorzów,Ruch Chorzów,"RCMF, RDMF",30,250000,2028-06-30,31,1806,5,3.64,4,2.54,20.18,47.41,Slovakia,Slovakia,right,182,77,no,10.86,6.68,62.69,7.72,41.94,0.5,0.73,0.35,6.18,9.1,2.04,4,0.2,0,0.0,1.05,0.25,5,0.25,0.18,1,0.05,36,1.79,30.56,13.889,0.2,0.65,30.77,0.15,0.0,0.5,40.0,0.05,0.6,41.67,2.69,38.89,1.89,0.5,0.05,22.48,0.65,0.85,37.13,76.38,14.7,58.31,5.28,99.06,11.91,88.28,31.1,84.78,5.38,33.33,20.67,29.54,0.13,0.8,0.0,0.1,0.1,50.0,0.5,8.17,64.63,1.69,38.24,0.55,27.27,0.95,0.15,6.48,70.0,0,,0,,0,0.0,0.0,0.0,,,0.55,,,0.05,0.0,0.0,0.0,0,0.0
Dani Vega,Polonia Warszawa,Polonia Warszawa,"RW, RWF, LW",29,250000,2027-06-30,35,3023,3,7.91,5,5.37,17.12,49.22,Spain,Spain,right,176,70,no,4.41,3.1,57.69,1.76,37.29,0.0,0.0,0.15,2.62,3.91,0.74,0,0.0,0,0.0,6.16,0.09,3,0.09,0.24,0,0.0,69,2.05,33.33,4.348,0.15,5.48,35.87,0.98,27.27,4.47,38.0,1.04,5.51,62.7,10.78,51.1,3.6,2.38,0.68,17.83,2.38,2.11,24.41,69.51,4.02,65.19,6.76,86.78,8.1,62.13,18.1,81.41,1.04,31.43,18.07,24.04,0.16,1.19,0.03,0.0,0.06,100.0,0.71,1.01,52.94,4.08,45.99,0.12,50.0,0.77,2.02,3.75,67.46,0,,0,,0,0.0,0.0,0.0,,,0.03,,,0.0,0.0,0.0,0.06,0,0.0
Ł. Zjawiński,Legia Warszawa,Polonia Warszawa,CF,25,250000,2030-06-30,35,3169,20,22.99,2,1.47,20.28,39.36,Poland,Poland,right,189,83,no,2.64,1.51,56.6,8.04,39.58,0.0,0.0,0.2,1.79,2.69,1.25,3,0.09,0,0.0,2.16,0.57,15,0.43,0.65,6,0.17,114,3.24,42.98,17.544,0.06,0.34,16.67,0.11,0.0,0.23,25.0,0.06,1.31,54.35,6.5,38.86,4.57,0.26,0.09,7.13,1.62,1.93,9.66,66.76,2.78,57.14,2.56,86.67,1.96,59.42,8.97,68.99,0.34,58.33,14.27,14.7,0.04,0.34,0.09,0.0,0.03,0.0,0.2,0.94,54.55,0.43,53.33,0.03,0.0,0.45,0.06,1.11,46.15,0,,0,,0,0.0,0.0,0.0,,,0.0,,,0.06,0.06,0.0,0.0,5,100.0
D. Grujčić,Wisła Kraków,Wisła Kraków,LCB,27,250000,2027-06-30,23,1914,1,0.83,1,0.36,10.39,57.47,Austria,Austria,left,188,80,no,5.97,3.67,70.51,4.28,53.85,0.33,0.6,0.33,3.06,5.57,0.85,7,0.33,0,0.0,0.52,0.05,1,0.05,0.04,0,0.0,17,0.8,35.29,5.882,0.05,0.42,44.44,0.38,37.5,0.05,100.0,0.0,0.05,100.0,0.66,35.71,1.03,1.83,0.0,43.82,0.47,0.09,60.09,88.73,26.76,79.44,2.54,98.15,25.49,97.23,52.34,93.17,7.34,59.62,21.82,41.49,0.02,0.38,0.05,0.05,0.0,0.0,0.09,10.44,80.18,0.75,50.0,0.42,22.22,0.52,0.14,12.6,76.12,0,,0,,0,0.0,0.0,0.0,,,1.36,,,0.14,0.14,33.33,0.0,0,0.0
M. Młyński,Polonia Warszawa,Polonia Warszawa,"LW, RWF, LWF",25,250000,2026-12-31,7,196,0,0.32,0,0.73,16.07,34.29,Poland,Poland,right,178,67,no,4.59,3.67,50.0,2.3,20.0,0.46,0.71,0.0,2.3,3.57,1.38,0,0.0,0,0.0,2.3,0.0,0,0.0,0.15,0,0.0,4,1.84,25.0,0.0,0.0,4.13,11.11,1.84,0.0,2.3,20.0,0.92,2.3,40.0,9.18,30.0,3.67,0.0,0.0,11.94,0.46,1.84,16.99,64.86,2.3,80.0,3.67,87.5,5.51,58.33,12.86,82.14,0.0,0.0,22.88,0.0,0.34,1.84,0.0,0.0,0.46,100.0,0.0,0.0,0.0,4.13,44.44,0.0,0.0,1.84,0.46,2.3,80.0,0,,0,,0,0.0,0.0,0.0,,,0.46,,,0.0,0.0,0.0,1.38,0,0.0
B. Jaroch,Wisła Kraków,Wisła Kraków,RB,31,250000,2026-12-31,2,155,1,0.15,1,0.22,10.45,55.56,Poland,Poland,right,185,80,no,5.81,7.55,46.15,1.16,100.0,0.58,0.91,0.0,1.74,2.73,1.16,0,0.0,0,0.0,1.74,0.58,1,0.58,0.08,0,0.0,1,0.58,100.0,100.0,0.58,2.32,50.0,0.0,0.0,2.32,50.0,0.58,0.0,0.0,1.16,50.0,0.58,0.58,0.0,27.29,1.16,0.58,33.68,79.31,13.94,70.83,2.9,100.0,13.35,82.61,26.13,86.67,5.23,55.56,23.54,51.87,0.13,0.58,0.0,0.0,0.0,0.0,0.58,6.97,75.0,4.06,28.57,1.74,66.67,0.0,1.16,10.45,72.22,0,,0,,0,0.0,0.0,0.0,,,0.58,,,0.0,0.0,0.0,0.0,0,0.0
A. Nikaj,AF Elbasani,Wisła Kraków,"RAMF, CF, AMF",24,250000,2029-06-30,15,227,1,0.85,0,0.12,28.15,42.25,Albania,Albania,right,182,0,no,6.74,9.52,62.5,2.38,0.0,0.0,0.0,0.0,0.79,1.76,3.96,2,0.79,0,0.0,5.55,0.4,1,0.4,0.34,0,0.0,7,2.78,28.57,14.286,0.0,3.57,44.44,0.0,0.0,3.17,37.5,1.19,4.76,66.67,12.29,35.48,5.95,2.78,0.79,10.31,1.19,0.4,16.65,66.67,3.17,37.5,5.15,69.23,4.36,54.55,13.08,72.73,0.4,0.0,10.87,3.4,0.05,0.79,0.0,0.0,0.0,0.0,0.4,0.4,100.0,2.38,33.33,0.0,0.0,1.59,1.59,1.19,100.0,0,,0,,0,0.0,0.0,0.0,,,0.0,,,0.4,0.4,0.0,0.0,0,0.0
B. Halimi,,Śląsk Wrocław,"AMF, CF, LDMF",31,250000,,17,947,0,1.49,3,1.8,14.64,44.81,Germany,"Germany, Kosovo",left,169,68,no,5.23,3.9,56.1,1.52,25.0,0.19,0.3,0.29,2.85,4.46,0.86,1,0.1,0,0.0,3.71,0.0,0,0.0,0.14,0,0.0,26,2.47,23.08,0.0,0.29,2.66,60.71,1.43,73.33,1.14,41.67,0.48,2.57,48.15,7.51,41.77,1.81,0.76,0.0,35.54,0.48,2.0,44.95,83.3,14.45,69.08,10.07,96.23,12.73,86.57,38.3,88.09,4.18,54.55,17.88,30.28,0.17,1.24,0.19,0.1,0.67,42.86,0.38,5.51,70.69,5.8,52.46,1.24,53.85,2.0,1.52,7.89,87.95,0,,0,,0,0.0,0.0,0.0,,,0.1,,,0.19,0.1,0.0,0.1,0,0.0
J. Piroch,Odra Opole,Odra Opole,CB,30,250000,2027-06-30,23,1633,1,0.8,0,0.09,12.84,58.37,Czech Republic,Czech Republic,right,187,86,no,8.49,4.19,65.79,6.5,53.39,0.17,0.21,1.16,5.57,7.2,1.54,6,0.33,0,0.0,0.39,0.06,1,0.06,0.04,1,0.06,8,0.44,50.0,12.5,0.0,0.17,33.33,0.06,0.0,0.11,50.0,0.0,0.11,100.0,0.72,69.23,0.61,0.28,0.0,20.12,0.0,0.66,32.74,84.51,9.76,61.58,1.98,91.67,17.91,96.92,28.44,90.5,4.13,45.33,19.0,31.18,0.0,0.11,0.0,0.06,0.0,0.0,0.06,3.8,50.72,0.55,30.0,0.33,16.67,0.11,0.06,4.79,55.17,0,,0,,0,0.0,0.0,0.0,,,1.43,,,0.06,0.0,0.0,0.0,0,0.0
A. Chrzanowski,,Odra Opole,LCB,27,250000,,26,2329,0,0.53,2,1.0,9.58,50.0,Poland,Poland,left,186,78,no,7.84,4.06,60.0,3.13,45.68,0.39,0.49,0.54,5.02,6.4,0.89,2,0.08,0,0.0,0.85,0.0,0,0.0,0.02,0,0.0,8,0.31,12.5,0.0,0.08,1.35,45.71,1.16,40.0,0.19,80.0,0.15,0.54,35.71,1.39,33.33,0.39,0.85,0.0,25.31,0.46,0.43,36.98,78.16,18.09,70.09,2.51,90.77,12.91,87.72,29.37,86.97,6.3,44.17,21.93,38.61,0.04,0.5,0.04,0.0,0.0,0.0,0.12,6.34,58.54,2.28,38.98,0.43,36.36,0.39,0.73,9.2,67.65,0,,1,,0,100.0,0.28,0.01,,,1.0,,,0.31,0.0,0.0,0.35,0,0.0
A. Purzycki,Odra Opole,Odra Opole,"RCMF, LCMF",28,250000,,27,2160,6,2.79,0,0.05,14.92,48.88,Poland,"Poland, England",right,183,70,no,9.42,5.75,55.8,2.63,46.03,0.88,1.11,0.92,5.33,6.74,1.75,6,0.25,0,0.0,0.67,0.25,5,0.21,0.12,1,0.04,23,0.96,39.13,26.087,0.0,0.33,0.0,0.0,0.0,0.33,0.0,0.0,0.58,50.0,3.67,42.05,1.29,0.5,0.0,17.96,0.58,1.29,30.83,80.54,9.38,57.33,5.79,96.4,10.63,92.16,27.25,86.09,3.25,42.31,18.0,28.86,0.0,0.04,0.0,0.04,0.0,0.0,0.0,4.79,57.39,0.71,17.65,0.17,0.0,0.25,0.0,3.96,61.05,0,,0,,0,0.0,0.0,0.0,,,0.29,,,0.0,0.0,0.0,0.0,1,100.0
Chema Núñez,Real Murcia,Stal Mielec,"RDMF, RCMF",28,250000,2027-06-30,12,1076,1,0.75,1,0.89,8.7,50.0,Spain,Spain,right,175,64,no,6.44,4.6,56.36,0.17,0.0,0.42,0.6,0.17,3.43,4.92,0.5,0,0.0,0,0.0,0.75,0.08,1,0.08,0.06,0,0.0,6,0.5,16.67,16.667,0.08,0.59,14.29,0.08,0.0,0.5,16.67,0.08,0.75,55.56,2.59,45.16,0.67,1.0,0.25,29.11,0.33,0.67,42.32,87.75,11.79,76.6,7.03,98.81,16.23,90.21,39.98,90.59,1.84,45.45,17.35,30.91,0.07,0.5,0.08,0.0,0.25,66.67,0.25,6.61,87.34,1.17,50.0,0.33,50.0,0.5,0.17,6.69,73.75,0,,0,,0,0.0,0.0,0.0,,,0.08,,,0.5,0.08,0.0,1.25,0,0.0
M. Stępień,Zawisza Bydgoszcz,Puszcza Niepołomice,"RAMF, RW, RB",24,250000,,26,780,0,1.32,0,0.76,19.85,50.58,Poland,Poland,right,184,76,no,8.54,6.92,60.0,2.31,35.0,0.46,0.77,0.35,3.92,6.58,1.27,1,0.12,0,0.0,3.92,0.0,0,0.0,0.15,0,0.0,9,1.04,44.44,0.0,0.0,2.54,27.27,0.23,0.0,2.19,31.58,0.35,4.73,58.54,9.0,46.15,2.65,2.65,0.81,11.42,2.08,0.46,20.77,64.44,9.12,55.7,3.58,90.32,5.08,65.91,15.58,75.56,2.65,34.78,22.41,19.37,0.09,0.23,0.0,0.0,0.0,0.0,0.23,1.96,47.06,2.54,40.91,0.58,40.0,0.35,0.69,4.04,54.29,0,,0,,0,0.0,0.0,0.0,,,0.81,,,0.0,0.0,0.0,0.0,0,0.0
F. Szabaciuk,Puszcza Niepołomice,Górnik Łęczna,RCB,23,250000,2028-06-30,16,1420,1,0.7,1,0.69,10.84,59.06,Poland,Poland,right,185,76,no,7.23,3.42,72.22,3.42,53.7,0.0,0.0,0.82,4.75,7.19,0.76,2,0.13,0,0.0,0.44,0.06,1,0.06,0.04,1,0.06,6,0.38,50.0,16.667,0.06,0.63,30.0,0.19,0.0,0.44,42.86,0.06,0.0,0.0,1.08,58.82,0.89,0.63,0.06,24.02,0.0,1.01,36.63,80.1,18.13,74.48,2.28,91.67,12.42,86.22,30.87,85.83,5.2,51.22,20.26,35.92,0.04,0.38,0.06,0.0,0.06,100.0,0.19,6.15,65.98,0.95,40.0,0.38,50.0,0.38,0.19,8.37,62.12,0,,0,,0,0.0,0.0,0.0,,,0.95,,,0.0,0.0,0.0,0.0,0,0.0
E. Terpiłowski,Polonia Warszawa,Polonia Warszawa,RB,24,250000,2027-06-30,12,498,0,0.09,1,1.07,11.75,52.31,Poland,Poland,right,176,76,no,10.12,7.41,56.1,1.63,44.44,0.18,0.27,0.0,5.78,8.57,1.08,0,0.0,0,0.0,1.63,0.0,0,0.0,0.02,0,0.0,3,0.54,0.0,0.0,0.18,4.34,25.0,0.0,0.0,4.16,26.09,0.72,0.72,75.0,1.81,60.0,1.08,2.17,0.9,30.36,0.72,0.54,44.28,69.39,19.7,65.14,6.33,77.14,9.76,74.07,33.98,77.13,6.14,55.88,19.23,30.0,0.19,0.9,0.18,0.0,0.0,0.0,0.54,6.69,59.46,4.7,53.85,0.18,0.0,1.45,1.27,10.84,70.0,0,,0,,0,0.0,0.0,0.0,,,0.9,,,0.0,0.0,0.0,0.0,0,0.0
S. Kobusiński,Pogoń Siedlce,Odra Opole,"AMF, CF, RW",28,250000,2027-06-30,32,1759,4,4.68,1,2.32,18.01,38.64,Poland,Poland,right,183,78,no,2.92,2.66,44.23,6.96,32.35,0.15,0.2,0.05,1.59,2.09,1.79,5,0.26,0,0.0,1.23,0.2,4,0.2,0.24,1,0.05,36,1.84,30.56,11.111,0.05,0.87,23.53,0.05,0.0,0.77,26.67,0.05,0.92,44.44,5.27,47.57,2.71,0.61,0.15,8.39,1.43,2.66,11.21,57.53,3.17,33.87,2.15,83.33,2.76,66.67,9.41,61.96,0.97,47.37,14.34,14.32,0.12,0.97,0.0,0.0,0.05,100.0,0.2,1.28,40.0,1.23,50.0,0.15,66.67,0.72,0.15,1.48,72.41,0,,0,,0,0.0,0.0,0.0,,,0.0,,,0.26,0.1,0.0,0.61,0,0.0
S. Lewkot,Arka Gdynia,Chrobry Głogów,"RDMF, RCMF, LDMF",27,250000,2028-06-30,30,2283,3,2.7,5,2.75,18.65,56.66,Poland,Poland,right,187,85,no,9.15,6.15,64.74,4.73,62.5,0.47,0.69,0.28,4.69,6.85,1.58,6,0.24,0,0.0,1.3,0.12,3,0.12,0.11,0,0.0,31,1.22,29.03,9.677,0.2,0.71,50.0,0.12,33.33,0.59,53.33,0.16,0.87,59.09,5.48,47.48,1.97,0.91,0.04,17.86,1.14,1.62,28.62,78.65,10.17,66.28,5.56,93.62,8.52,84.72,24.72,82.46,3.19,55.56,18.39,33.18,0.11,0.83,0.08,0.04,0.12,66.67,0.47,4.49,70.18,1.42,58.33,0.32,25.0,0.99,0.35,5.36,70.59,0,,0,,0,0.0,0.0,0.0,,,0.43,,,0.04,0.04,0.0,0.0,0,0.0
Andreu Arasa,Łódzki KS,Łódzki KS,"CF, AMF",27,250000,2027-06-30,16,1129,4,5.05,2,1.24,21.2,40.98,Spain,Spain,right,179,72,no,5.58,4.3,61.11,7.17,34.44,0.48,0.69,0.32,2.47,3.55,1.67,2,0.16,0,0.0,3.59,0.32,4,0.32,0.4,1,0.08,37,2.95,32.43,10.811,0.16,1.75,40.91,0.88,36.36,0.88,45.45,0.16,3.19,55.0,7.33,38.04,4.3,1.99,0.4,17.7,1.12,0.4,23.12,65.52,7.41,58.06,3.83,81.25,6.06,61.84,20.25,66.93,1.2,73.33,16.01,18.95,0.1,1.04,0.08,0.08,0.32,50.0,0.48,2.79,54.29,3.11,51.28,0.32,25.0,1.36,0.64,3.83,77.08,0,,0,,0,0.0,0.0,0.0,,,0.08,,,0.0,0.0,0.0,0.0,0,0.0
J. Grič,Chrobry Głogów,Chrobry Głogów,RCB,30,250000,2027-06-30,34,3366,3,2.22,2,0.56,10.32,61.92,Slovakia,Slovakia,right,181,78,no,7.62,4.44,67.47,2.43,59.34,0.11,0.15,0.99,4.52,6.46,0.96,11,0.29,0,0.0,0.8,0.08,3,0.08,0.06,1,0.03,23,0.61,39.13,13.043,0.05,0.67,48.0,0.13,60.0,0.53,45.0,0.03,0.32,75.0,1.04,48.72,0.72,1.52,0.05,30.83,0.4,0.67,46.07,88.62,14.44,74.81,3.37,97.62,25.4,95.79,40.27,94.02,5.16,51.81,21.68,38.14,0.02,0.27,0.03,0.05,0.0,0.0,0.11,4.89,69.95,1.23,52.17,0.43,37.5,0.48,0.37,6.6,63.56,0,,0,,0,0.0,0.0,0.0,,,2.43,,,0.0,0.0,0.0,0.0,0,0.0
P. Janczukowicz,Sandecja Nowy Sącz,Chrobry Głogów,CF,26,250000,2028-06-30,30,1351,3,3.79,0,0.53,16.85,35.18,Poland,Poland,right,183,76,no,3.46,2.6,51.28,5.13,32.47,0.27,0.39,0.27,1.87,2.74,1.4,4,0.27,0,0.0,0.87,0.2,3,0.2,0.25,0,0.0,20,1.33,35.0,15.0,0.0,0.2,0.0,0.07,0.0,0.13,0.0,0.0,0.8,50.0,6.53,29.59,2.07,0.6,0.0,10.59,1.47,1.53,14.12,77.83,2.8,50.0,4.26,93.75,4.26,76.56,13.19,80.3,0.8,50.0,17.06,16.58,0.03,0.33,0.13,0.0,0.0,0.0,0.13,1.07,37.5,0.73,63.64,0.0,0.0,0.53,0.0,1.6,41.67,0,,0,,0,0.0,0.0,0.0,,,0.0,,,0.0,0.0,0.0,0.0,0,0.0
M. Dijaković,Śląsk Wrocław,Śląsk Wrocław,LCB,24,250000,,9,624,0,0.29,1,0.05,11.68,60.49,Austria,Austria,left,185,75,no,8.51,5.77,60.0,3.17,72.73,0.29,0.41,0.72,4.76,6.69,2.02,1,0.14,1,0.14,0.43,0.0,0,0.0,0.04,0,0.0,5,0.72,20.0,0.0,0.14,0.29,0.0,0.29,0.0,0.0,0.0,0.0,0.58,50.0,1.15,50.0,0.87,1.01,0.14,33.03,0.0,0.43,47.16,88.38,21.63,79.33,3.75,100.0,14.57,98.02,41.83,93.79,5.05,48.57,18.01,26.1,0.01,0.29,0.0,0.14,0.0,0.0,0.14,6.06,76.19,0.43,0.0,0.14,0.0,0.29,0.0,7.93,63.64,0,,0,,0,0.0,0.0,0.0,,,2.02,,,0.0,0.0,0.0,0.0,0,0.0
Jordi Calavera,,Polonia Bytom,"RWB, RB",30,250000,,13,520,0,0.25,1,0.89,12.12,52.86,Spain,Spain,right,180,74,no,6.4,5.02,55.17,2.94,35.29,0.0,0.0,0.0,3.63,5.16,0.87,1,0.17,0,0.0,2.42,0.0,0,0.0,0.04,0,0.0,4,0.69,0.0,0.0,0.17,3.81,40.91,0.0,0.0,3.81,40.91,0.52,1.21,71.43,2.94,64.71,1.21,0.87,0.0,32.19,1.9,0.87,40.67,76.6,11.42,53.03,10.73,96.77,11.25,75.38,34.27,83.33,2.77,37.5,17.27,21.06,0.15,1.04,0.0,0.0,0.0,0.0,0.52,3.46,85.0,3.46,50.0,0.0,0.0,0.17,1.73,9.52,69.09,0,,0,,0,0.0,0.0,0.0,,,0.17,,,0.0,0.0,0.0,0.52,0,0.0
K. Dankowski,Wieczysta Kraków,Wieczysta Kraków,RB,30,250000,2027-06-30,24,1875,3,0.44,2,1.74,11.23,47.01,Poland,Poland,right,177,67,no,8.21,5.66,56.78,2.06,34.88,0.86,1.29,0.48,4.13,6.14,0.96,4,0.19,1,0.05,2.54,0.14,3,0.14,0.02,0,0.0,14,0.67,28.57,21.429,0.1,4.37,39.56,0.14,66.67,4.22,38.64,0.86,0.91,68.42,2.4,44.0,0.72,1.2,0.29,35.86,1.3,0.62,45.55,81.24,19.54,77.15,7.2,92.0,13.44,84.64,36.05,90.15,5.33,52.25,21.33,33.47,0.08,0.72,0.0,0.05,0.05,0.0,0.38,6.29,74.81,4.13,54.65,0.05,0.0,0.67,1.78,11.76,80.0,0,,0,,0,0.0,0.0,0.0,,,0.34,,,0.58,0.24,40.0,2.06,0,0.0
Miki Villar,Wieczysta Kraków,Wieczysta Kraków,"RWF, RAMF, LAMF",29,250000,2027-06-30,29,1880,2,5.74,3,4.24,14.55,41.78,Spain,Spain,right,173,69,no,5.17,4.5,48.94,1.44,26.67,0.0,0.0,0.05,2.97,4.19,0.91,1,0.05,0,0.0,2.49,0.1,2,0.1,0.27,0,0.0,30,1.44,46.67,6.667,0.14,2.11,18.18,0.14,0.0,1.91,17.5,0.48,2.63,54.55,6.89,39.58,4.21,1.48,0.24,23.12,2.2,1.01,28.48,75.13,5.7,63.03,9.19,92.19,6.89,69.44,25.61,80.75,0.86,38.89,16.66,18.27,0.2,1.01,0.1,0.05,0.05,0.0,0.48,1.34,57.14,2.35,40.82,0.1,0.0,1.44,0.38,3.16,62.12,0,,0,,0,0.0,0.0,0.0,,,0.14,,,0.0,0.0,0.0,0.0,0,0.0
D. Rumin,,Tychy 71,CF,29,250000,,19,1127,4,4.14,0,0.43,25.16,35.24,Poland,Poland,right,178,71,no,4.23,3.11,74.36,7.43,30.11,0.32,0.41,0.24,1.6,2.03,0.88,3,0.24,0,0.0,2.0,0.32,4,0.32,0.33,0,0.0,30,2.4,46.67,13.333,0.0,0.16,0.0,0.08,0.0,0.08,0.0,0.08,1.52,57.89,10.06,25.4,3.11,1.04,0.16,8.94,1.52,2.24,13.5,71.6,2.64,42.42,3.99,94.0,3.03,65.79,12.86,73.91,0.48,33.33,12.38,9.17,0.03,0.32,0.08,0.08,0.0,0.0,0.32,1.28,43.75,0.0,0.0,0.0,0.0,0.32,0.0,0.96,41.67,0,,0,,0,0.0,0.0,0.0,,,0.0,,,0.0,0.0,0.0,0.0,0,0.0
M. Kolar,Sandecja Nowy Sącz,Ruch Chorzów,CF,31,250000,2028-06-30,26,1696,6,7.24,1,1.8,10.77,34.98,Croatia,Croatia,right,178,77,no,2.49,2.12,52.5,3.08,34.48,0.21,0.3,0.21,1.17,1.64,0.8,2,0.11,0,0.0,1.33,0.32,6,0.32,0.38,2,0.11,43,2.28,39.53,13.953,0.05,0.21,50.0,0.11,0.0,0.11,100.0,0.11,0.85,37.5,3.82,25.0,3.5,0.74,0.05,9.76,1.33,0.64,13.37,75.79,2.97,53.57,3.29,90.32,3.93,71.62,12.84,77.27,0.32,33.33,12.64,6.04,0.1,0.53,0.0,0.0,0.0,0.0,0.21,1.59,50.0,0.74,71.43,0.0,0.0,0.85,0.11,0.64,66.67,0,,0,,0,0.0,0.0,0.0,,,0.0,,,0.0,0.0,0.0,0.0,0,0.0
Mario Losada,Zamora,Stal Mielec,"CF, AMF",29,250000,2027-06-30,19,1503,4,7.08,0,0.38,15.09,42.86,Spain,Spain,right,175,73,no,2.57,1.38,60.87,4.55,40.79,0.0,0.0,0.0,1.74,2.46,0.9,2,0.12,0,0.0,1.2,0.24,3,0.18,0.42,0,0.0,30,1.8,26.67,13.333,0.0,0.24,50.0,0.18,66.67,0.06,0.0,0.0,0.9,66.67,4.91,40.24,2.75,0.66,0.06,13.59,2.51,1.92,19.46,77.85,3.89,46.15,5.21,88.51,7.07,83.9,17.72,79.39,1.5,64.0,16.77,24.06,0.02,0.48,0.06,0.0,0.12,0.0,0.06,2.16,55.56,0.72,75.0,0.18,0.0,0.3,0.12,2.16,61.11,0,,0,,0,0.0,0.0,0.0,,,0.0,,,0.0,0.0,0.0,0.0,1,100.0
J. Donkor,Wieczysta Kraków,Wieczysta Kraków,"LAMF, LW, RAMF",27,225000,2027-06-30,11,627,1,1.56,0,0.43,20.67,38.89,Belgium,"Belgium, Ghana",right,176,70,no,5.31,4.31,56.67,2.15,13.33,0.43,0.65,0.14,2.44,3.7,1.29,0,0.0,0,0.0,4.45,0.14,1,0.14,0.22,0,0.0,15,2.15,40.0,6.667,0.0,2.87,20.0,2.44,23.53,0.29,0.0,0.43,5.6,53.85,10.48,42.47,2.3,3.3,0.57,17.8,1.72,1.0,25.41,71.75,5.02,57.14,7.18,90.0,8.18,61.4,20.53,82.52,2.15,40.0,18.5,26.7,0.06,0.43,0.0,0.0,0.0,0.0,0.14,1.72,58.33,3.3,26.09,0.0,0.0,0.86,0.43,3.3,56.52,0,,0,,0,0.0,0.0,0.0,,,0.0,,,0.0,0.0,0.0,0.0,0,0.0
M. Mak,,Znicz Pruszków,"CF, RCMF",34,200000,,16,304,0,0.4,1,0.26,10.36,37.14,Poland,Poland,right,176,68,no,2.96,4.14,50.0,2.07,14.29,0.0,0.0,0.0,0.89,1.45,1.78,1,0.3,0,0.0,0.89,0.0,0,0.0,0.12,0,0.0,3,0.89,33.33,0.0,0.3,0.3,100.0,0.3,100.0,0.0,0.0,0.0,0.59,50.0,3.55,33.33,2.37,1.18,0.3,16.88,0.89,0.3,26.35,84.27,5.92,65.0,9.18,93.55,5.92,85.0,23.98,86.42,2.07,57.14,12.03,8.45,0.08,0.89,0.0,0.0,0.0,0.0,0.3,2.07,57.14,1.18,50.0,0.3,0.0,0.59,0.3,2.37,62.5,0,,0,,0,0.0,0.0,0.0,,,0.89,,,0.59,0.0,0.0,0.59,0,0.0
B. Kwiecień,Stal Mielec,Miedź Legnica,RCB,32,200000,2027-06-30,21,1176,2,1.73,0,0.3,17.45,56.14,Poland,Poland,right,189,87,no,8.27,7.12,50.54,5.59,63.01,0.15,0.23,0.23,4.52,6.83,2.37,5,0.38,1,0.08,1.3,0.15,2,0.15,0.13,2,0.15,17,1.3,35.29,11.765,0.0,1.07,35.71,0.08,0.0,0.99,38.46,0.08,0.54,85.71,1.99,57.69,1.07,1.15,0.08,28.09,0.61,0.61,42.63,78.99,20.74,69.0,4.44,98.28,12.63,86.67,33.06,87.96,8.49,49.55,21.38,33.29,0.02,0.46,0.0,0.08,0.0,0.0,0.08,8.04,59.05,2.07,40.74,0.61,37.5,0.61,0.38,10.1,68.94,0,,0,,0,0.0,0.0,0.0,,,1.99,,,0.0,0.0,0.0,0.0,0,0.0
B. Poczobut,Pogoń Siedlce,Pogoń Siedlce,"DMF, RDMF",33,200000,,33,2560,1,1.11,2,2.27,12.8,53.85,Poland,Poland,right,179,82,no,7.73,6.96,59.6,1.02,44.83,0.63,0.9,0.35,2.95,4.2,1.37,6,0.21,0,0.0,0.77,0.04,1,0.04,0.04,0,0.0,13,0.46,15.38,7.692,0.07,1.05,46.67,0.32,66.67,0.74,38.1,0.14,0.35,50.0,2.85,49.38,0.49,2.29,0.32,24.75,0.21,1.27,38.14,82.49,14.59,67.95,4.61,95.42,14.63,90.63,31.39,89.03,5.7,53.09,20.26,32.8,0.08,0.98,0.04,0.0,0.14,25.0,0.18,8.37,71.43,2.78,49.37,0.6,23.53,0.81,0.53,7.1,78.22,0,,0,,0,0.0,0.0,0.0,,,0.49,,,0.74,0.0,0.0,1.65,0,0.0
B. Śpiączka,,Górnik Łęczna,CF,34,200000,,12,908,2,3.89,2,0.42,16.26,47.56,Poland,Poland,right,184,86,no,4.16,1.69,70.59,10.7,50.0,0.3,0.46,0.2,2.68,4.15,0.89,3,0.3,0,0.0,0.5,0.2,2,0.2,0.39,2,0.2,24,2.38,12.5,8.333,0.2,0.3,0.0,0.2,0.0,0.1,0.0,0.1,0.3,33.33,1.98,35.0,3.87,0.5,0.0,6.64,1.19,0.69,11.1,71.43,3.07,64.52,3.07,83.87,2.68,66.67,9.61,78.35,1.19,33.33,16.24,17.51,0.04,0.3,0.0,0.0,0.1,100.0,0.3,1.19,58.33,0.89,77.78,0.3,100.0,0.99,0.1,0.99,90.0,0,,0,,0,0.0,0.0,0.0,,,0.0,,,0.0,0.0,0.0,0.0,0,0.0
T. Přikryl,,Odra Opole,"LWB, AMF, LW",34,200000,,29,2185,3,3.43,2,2.87,14.87,44.6,Czech Republic,Czech Republic,right,177,69,no,5.15,3.79,66.3,2.47,40.0,0.08,0.11,0.16,2.55,3.3,0.49,2,0.08,0,0.0,2.76,0.12,3,0.12,0.14,0,0.0,42,1.73,23.81,7.143,0.08,2.8,27.94,1.52,24.32,1.28,32.26,0.74,2.72,57.58,7.29,37.29,2.14,1.57,0.25,19.19,1.19,0.95,26.77,75.69,7.5,68.13,5.97,93.79,7.91,72.92,21.05,85.91,2.97,48.61,18.19,28.83,0.12,1.32,0.08,0.0,0.04,0.0,0.29,2.8,60.29,3.67,53.93,0.41,50.0,1.36,0.91,4.78,70.69,0,,0,,0,0.0,0.0,0.0,,,0.04,,,1.52,0.08,0.0,1.77,0,0.0
B. Szeliga,Stal Mielec,Stal Mielec,RB,33,200000,,25,1981,1,2.23,2,1.88,12.58,53.43,Poland,Poland,right,184,74,no,6.18,5.09,58.93,3.77,49.4,0.14,0.19,0.32,3.04,4.23,1.09,3,0.14,0,0.0,2.18,0.05,1,0.05,0.1,1,0.05,22,1.0,31.82,4.545,0.09,2.5,40.0,0.45,30.0,2.04,42.22,0.36,1.18,69.23,2.95,50.77,1.86,1.5,0.27,27.53,2.27,0.82,37.16,80.32,14.45,71.38,5.95,92.37,10.77,85.23,31.48,88.02,3.36,36.49,19.15,31.76,0.09,0.64,0.0,0.05,0.05,100.0,0.23,4.77,68.57,2.18,45.83,0.32,14.29,0.41,1.04,7.09,67.95,0,,0,,0,0.0,0.0,0.0,,,0.5,,,0.0,0.0,0.0,0.0,0,0.0
M. Miloš,Odra Opole,Odra Opole,"RCB, RWB, LB",33,200000,2027-06-30,24,1786,0,0.32,1,1.88,15.57,51.78,Croatia,Croatia,right,175,70,no,7.76,6.15,62.3,1.86,37.84,0.3,0.39,0.3,3.63,4.68,0.66,3,0.15,0,0.0,4.54,0.0,0,0.0,0.02,0,0.0,12,0.6,16.67,0.0,0.05,5.29,46.67,1.16,60.87,4.13,42.68,0.81,3.07,60.66,6.5,48.06,0.4,2.97,0.3,24.79,0.86,0.6,37.74,75.43,16.02,70.13,4.08,95.06,13.0,76.74,27.31,85.42,5.24,52.88,20.4,28.26,0.09,1.16,0.0,0.05,0.1,100.0,0.55,6.7,71.43,5.74,48.25,0.5,70.0,0.55,2.52,10.94,73.73,0,,0,,0,0.0,0.0,0.0,,,0.3,,,0.25,0.0,0.0,0.5,0,0.0
P. Mroziński,,Puszcza Niepołomice,LB,33,200000,,28,1959,2,2.95,0,0.49,11.62,53.36,Poland,Poland,right,181,74,no,7.49,5.51,60.0,2.76,50.0,0.32,0.46,0.28,3.86,5.47,1.29,2,0.09,0,0.0,1.19,0.09,2,0.09,0.14,0,0.0,20,0.92,25.0,10.0,0.0,2.34,21.57,2.3,22.0,0.05,0.0,0.32,0.69,60.0,1.42,48.39,1.75,0.64,0.09,17.41,1.24,0.41,25.68,72.63,11.16,62.14,4.23,93.48,6.85,72.48,20.12,82.42,3.35,49.32,18.57,26.33,0.02,0.28,0.05,0.0,0.05,100.0,0.09,3.81,63.86,2.07,31.11,0.05,100.0,0.32,0.46,5.33,63.79,0,,0,,0,0.0,0.0,0.0,,,0.41,,,0.09,0.0,0.0,0.0,0,0.0
M. Kupczak,Łódzki KS,Łódzki KS,"LCB, DMF, CB",34,200000,2027-06-30,24,1544,0,0.79,1,0.96,11.95,54.15,Poland,Poland,right,187,76,no,7.87,3.91,64.18,5.07,51.72,0.29,0.43,0.47,5.07,7.48,1.4,3,0.17,0,0.0,0.23,0.0,0,0.0,0.05,0,0.0,11,0.64,27.27,0.0,0.06,0.23,25.0,0.17,33.33,0.06,0.0,0.0,0.0,0.0,1.05,38.89,1.11,0.76,0.12,26.35,0.12,0.47,41.68,85.31,14.28,70.61,3.03,92.31,19.0,95.4,36.78,89.86,4.66,52.5,18.68,29.34,0.06,0.23,0.0,0.0,0.06,0.0,0.06,6.18,70.75,0.82,28.57,0.35,33.33,0.47,0.06,6.88,62.71,0,,0,,0,0.0,0.0,0.0,,,0.52,,,0.06,0.0,0.0,0.0,0,0.0
M. Gajos,,Wieczysta Kraków,"RCMF, LCMF, LDMF",35,200000,,25,1475,4,3.13,0,1.45,11.84,39.69,Poland,Poland,right,174,65,no,5.43,4.45,47.95,1.46,41.67,0.49,0.71,0.31,2.81,4.07,1.28,2,0.12,0,0.0,1.16,0.24,4,0.24,0.19,0,0.0,22,1.34,36.36,18.182,0.0,1.16,36.84,0.55,22.22,0.55,55.56,0.31,0.49,37.5,4.21,27.54,1.59,0.37,0.0,28.8,1.16,0.85,40.21,79.97,14.16,66.81,7.75,93.7,11.04,88.95,36.43,83.92,2.62,44.19,17.14,26.37,0.09,0.67,0.06,0.06,0.24,25.0,0.24,7.32,63.33,2.07,47.06,0.37,50.0,0.79,0.43,5.98,73.47,0,,0,,0,0.0,0.0,0.0,,,0.18,,,0.0,0.0,0.0,0.0,0,0.0
M. Cholewiak,Puszcza Niepołomice,Puszcza Niepołomice,"LAMF, RAMF",36,200000,2027-06-30,31,2620,3,5.39,7,2.74,16.9,47.76,Poland,Poland,left,184,78,no,5.43,4.19,66.39,4.12,50.0,0.1,0.15,0.17,2.54,3.65,0.96,7,0.24,0,0.0,2.47,0.1,2,0.07,0.19,1,0.03,37,1.27,45.95,8.108,0.24,1.68,30.61,1.1,31.25,0.48,28.57,0.52,2.13,62.9,6.94,39.11,2.4,0.89,0.17,8.24,1.17,1.03,15.05,70.78,5.5,66.88,3.3,93.75,3.4,62.63,12.68,78.86,0.79,26.09,17.0,15.33,0.09,0.72,0.03,0.07,0.07,50.0,0.52,1.55,57.78,1.61,57.45,0.21,50.0,0.72,0.41,2.61,67.11,0,,0,,0,0.0,0.0,0.0,,,0.03,,,0.38,0.03,100.0,0.58,1,100.0
M. Bajdur,Wigry Suwałki,Polonia Warszawa,"LCMF, RCMF",32,200000,2027-06-30,7,184,1,0.71,0,0.6,13.21,55.56,Poland,Poland,right,169,64,no,6.85,6.36,38.46,1.47,33.33,1.96,3.08,0.49,2.45,3.85,2.93,2,0.98,0,0.0,3.42,0.49,1,0.49,0.35,0,0.0,5,2.45,40.0,20.0,0.0,3.91,37.5,1.96,50.0,1.96,25.0,1.47,0.98,100.0,3.42,85.71,2.45,1.47,0.49,25.92,0.49,1.47,37.17,69.74,13.21,62.96,7.34,100.0,11.74,70.83,31.79,73.85,1.47,66.67,17.6,16.55,0.29,1.96,0.0,0.0,0.0,0.0,0.98,3.42,42.86,6.36,53.85,0.0,0.0,1.96,1.47,8.32,76.47,0,,0,,0,0.0,0.0,0.0,,,0.0,,,0.98,0.49,0.0,1.47,0,0.0
O. Azatskyi,Warta Poznań,Polonia Bytom,"CB, LCB",32,200000,2027-06-30,20,1752,0,1.28,0,0.03,14.54,66.08,Ukraine,Ukraine,left,190,89,no,8.07,4.01,70.51,7.09,66.67,0.1,0.15,0.67,5.14,7.41,0.82,4,0.21,0,0.0,0.26,0.0,0,0.0,0.07,0,0.0,10,0.51,0.0,0.0,0.0,0.26,40.0,0.26,40.0,0.0,0.0,0.0,0.21,75.0,0.87,58.82,0.77,0.46,0.0,31.18,0.15,0.72,48.65,87.22,17.26,77.08,2.72,92.45,23.07,93.99,44.02,90.78,4.42,54.65,18.98,33.54,0.0,0.1,0.0,0.0,0.0,0.0,0.05,4.98,77.32,0.41,12.5,0.15,0.0,0.0,0.05,7.55,59.86,0,,0,,0,0.0,0.0,0.0,,,1.64,,,0.0,0.0,0.0,0.0,0,0.0
K. Tabara,Polonia Warszawa,Znicz Pruszków,"RWB, CF, RW",24,200000,2028-06-30,30,1824,5,3.41,5,1.61,24.52,49.9,Poland,Poland,,0,0,no,7.06,6.12,64.52,6.51,53.79,0.1,0.13,0.15,3.01,3.92,1.18,2,0.1,0,0.0,3.7,0.25,5,0.25,0.17,2,0.1,35,1.73,40.0,14.286,0.25,3.26,36.36,0.05,100.0,3.21,35.38,0.84,3.31,53.73,9.57,41.75,3.45,1.23,0.3,14.31,1.63,0.89,24.67,62.4,9.08,54.89,3.4,85.51,6.71,64.71,18.95,70.05,2.71,36.36,16.69,20.0,0.08,0.69,0.0,0.0,0.05,100.0,0.39,2.71,60.0,3.55,43.06,0.3,16.67,0.89,1.18,5.72,64.66,0,,0,,0,0.0,0.0,0.0,,,0.05,,,0.1,0.05,0.0,0.0,0,0.0
J. Nowakowski,Znicz Pruszków,Znicz Pruszków,"DMF, LCMF, RCMF",24,200000,,7,384,0,0.0,0,0.0,13.36,56.14,Poland,Poland,right,176,69,no,6.8,5.39,56.52,1.41,66.67,1.17,1.53,0.0,2.58,3.37,0.7,2,0.47,0,0.0,0.7,0.0,0,0.0,0.0,0,0.0,0,0.0,0.0,0.0,0.0,0.47,50.0,0.23,0.0,0.23,100.0,0.23,1.17,40.0,4.69,55.0,0.23,0.47,0.0,18.05,0.23,1.88,30.94,84.09,8.44,69.44,6.56,92.86,13.83,89.83,26.48,85.84,4.22,77.78,23.35,37.98,0.0,0.0,0.0,0.0,0.0,0.0,0.0,5.39,78.26,2.34,60.0,0.23,0.0,1.41,0.0,5.39,65.22,0,,0,,0,0.0,0.0,0.0,,,0.47,,,0.0,0.0,0.0,0.0,0,0.0
J. Wrąbel,Ruch Chorzów,Miedź Legnica,GK,30,200000,2028-06-30,19,1849,0,0.0,0,0.0,1.02,80.95,Poland,Poland,right,196,87,no,1.46,0.05,100.0,0.83,82.35,0.0,0.0,0.0,1.41,2.08,0.05,2,0.1,0,0.0,0.0,0.0,0,0.0,0.0,0,0.0,0,0.0,0.0,0.0,0.0,0.0,0.0,0.0,0.0,0.0,0.0,0.0,0.0,0.0,0.1,50.0,0.0,0.0,0.0,13.92,0.29,0.24,21.22,92.66,8.81,83.98,0.0,0.0,11.63,98.74,16.5,98.82,4.72,71.13,27.11,44.83,0.0,0.0,0.0,0.0,0.0,0.0,0.0,0.63,61.54,0.0,0.0,0.05,0.0,0.0,0.0,3.85,74.68,32,1.56,86,4.19,2,62.79,29.79,1.45,-2.21,-0.108,0.0,2.14,0.83,,,,0.0,0,0.0
A. Lyszczarz,Odra Opole,Odra Opole,"LCMF, DMF, AMF",26,200000,,4,115,0,0.12,0,0.31,12.52,37.5,Poland,Poland,right,177,69,no,6.26,6.26,50.0,0.78,0.0,0.0,0.0,0.0,3.13,5.71,2.35,0,0.0,0,0.0,3.91,0.0,0,0.0,0.09,0,0.0,4,3.13,50.0,0.0,0.0,2.35,100.0,0.78,100.0,1.57,100.0,0.0,0.0,0.0,3.91,40.0,0.78,2.35,0.0,20.35,0.0,0.78,29.74,81.58,7.04,55.56,7.83,90.0,7.83,90.0,25.83,84.85,1.57,0.0,16.34,19.6,0.24,3.13,0.0,0.0,0.0,0.0,0.0,0.78,100.0,2.35,100.0,0.0,0.0,0.78,2.35,4.7,66.67,0,,0,,0,0.0,0.0,0.0,,,0.0,,,3.91,1.57,50.0,7.04,0,0.0
A. Chichkan,,Wisła Kraków,GK,31,200000,,1,7,0,0.0,0,0.0,,,Belarus,Belarus,right,188,85,no,,,,,,,0.0,,,0.0,,0,,0,,,,0,,,0,,0,,,0.0,,,,,,,,,,,,,,,,,,,,,,,,,,,,,,,13.07,0.0,,,,,,,,,,,,,,,,,,0,,0,,0,0.0,0.0,,0.0,,,,,,,,,0,0.0
J. Bednarczyk,Górnik Łęczna,Górnik Łęczna,RB,27,200000,2027-06-30,21,2044,2,2.6,3,3.0,18.67,52.83,Poland,"Poland, Germany",right,184,68,no,10.48,6.69,62.5,2.95,41.79,0.26,0.4,0.35,6.03,9.05,0.88,3,0.13,0,0.0,4.09,0.09,0,0.0,0.11,0,0.0,38,1.67,15.79,5.263,0.13,5.33,32.23,0.35,50.0,4.89,30.63,0.48,3.79,55.81,7.18,50.92,1.1,2.95,0.35,25.8,1.54,1.72,37.25,70.57,12.11,55.27,6.82,95.48,12.81,72.16,26.99,82.87,5.11,43.97,21.83,39.43,0.13,1.19,0.0,0.04,0.04,0.0,0.66,4.98,53.98,5.11,40.52,0.48,27.27,0.44,1.81,8.94,68.47,0,,0,,0,0.0,0.0,0.0,,,0.84,,,0.26,0.04,0.0,0.88,2,100.0
O. Wojciechowski,Polonia Warszawa,Polonia Warszawa,"LCMF, DMF",21,200000,2027-06-30,27,1798,2,2.2,3,2.93,16.27,45.85,Poland,Poland,right,175,70,no,5.91,5.31,52.83,2.2,34.09,0.3,0.45,0.3,2.8,4.17,1.55,1,0.05,0,0.0,1.85,0.1,2,0.1,0.11,0,0.0,18,0.9,50.0,11.111,0.15,1.1,45.45,0.7,50.0,0.4,37.5,0.3,1.55,58.06,6.81,44.85,1.15,1.55,0.35,15.52,0.1,1.3,24.53,76.33,9.61,68.23,5.01,93.0,6.26,76.8,21.52,81.63,2.0,35.0,17.86,26.04,0.15,1.25,0.05,0.1,0.05,0.0,0.25,3.95,67.09,2.25,51.11,0.25,20.0,0.8,0.55,4.35,71.26,0,,0,,0,0.0,0.0,0.0,,,0.15,,,0.55,0.0,0.0,2.6,0,0.0
H. Vitalucci,Arka Gdynia,Polonia Warszawa,"RCMF, AMF",24,200000,2027-06-30,3,226,0,0.29,0,0.53,17.12,41.86,Japan,"Japan, Italy",right,176,67,no,7.57,6.37,56.25,1.99,40.0,0.0,0.0,0.8,3.98,7.14,1.59,0,0.0,0,0.0,1.99,0.0,0,0.0,0.12,0,0.0,5,1.99,20.0,0.0,0.0,1.99,40.0,0.4,100.0,1.19,33.33,0.0,1.99,40.0,5.58,21.43,2.79,2.79,1.19,21.5,0.0,1.59,31.86,78.75,9.96,52.0,6.37,93.75,11.55,86.21,25.09,87.3,5.18,53.85,21.23,40.53,0.21,3.19,0.4,0.0,0.0,0.0,0.0,5.58,57.14,4.78,33.33,0.0,0.0,1.99,0.4,5.97,93.33,0,,0,,0,0.0,0.0,0.0,,,0.0,,,1.19,0.0,0.0,3.58,0,0.0
J. Bielecki,Ruch Chorzów,Ruch Chorzów,GK,25,200000,2028-06-30,18,1765,0,0.0,0,0.03,0.56,81.82,Poland,Poland,right,191,91,no,1.27,0.0,0.0,0.36,85.71,0.0,0.0,0.0,1.27,1.9,0.0,0,0.0,0,0.0,0.0,0.0,0,0.0,0.0,0,0.0,0,0.0,0.0,0.0,0.0,0.0,0.0,0.0,0.0,0.0,0.0,0.0,0.0,0.0,0.15,100.0,0.0,0.0,0.0,13.31,0.05,0.2,21.01,76.94,12.34,64.88,0.1,100.0,7.95,94.23,10.76,97.16,10.2,56.0,34.99,48.4,0.0,0.05,0.05,0.0,0.0,0.0,0.0,4.08,47.5,0.66,23.08,0.2,25.0,0.15,0.0,6.42,73.81,26,1.33,76,3.88,4,65.79,22.05,1.12,-3.95,-0.201,0.0,1.17,0.36,,,,0.0,0,0.0
D. Warchoł,Śląsk Wrocław,Śląsk Wrocław,"CF, AMF",30,200000,2027-06-30,19,765,5,3.7,0,0.24,12.24,43.27,Poland,Poland,both,183,72,no,3.53,2.35,70.0,4.82,46.34,0.0,0.0,0.24,1.88,3.12,0.59,0,0.0,0,0.0,1.76,0.59,5,0.59,0.44,4,0.47,21,2.47,57.14,23.81,0.0,0.35,0.0,0.12,0.0,0.24,0.0,0.0,0.59,60.0,3.53,30.0,3.41,0.12,0.24,8.82,0.94,1.18,11.88,74.26,3.29,67.86,3.18,92.59,3.53,76.67,10.71,78.02,0.82,57.14,14.59,10.91,0.03,0.12,0.0,0.0,0.0,0.0,0.12,1.88,75.0,0.82,71.43,0.12,100.0,0.71,0.0,2.24,84.21,0,,0,,0,0.0,0.0,0.0,,,0.0,,,0.0,0.0,0.0,0.0,0,0.0
D. Tront,Zagłębie Sosnowiec,Odra Opole,"RCMF, AMF, LCMF",31,200000,2028-06-30,27,1302,1,0.59,4,2.36,14.86,50.7,Poland,Poland,right,173,68,no,8.57,7.12,63.11,2.35,41.18,0.21,0.29,0.41,3.87,5.44,1.59,2,0.14,0,0.0,0.48,0.07,1,0.07,0.04,0,0.0,14,0.97,7.14,7.143,0.28,0.76,9.09,0.35,20.0,0.35,0.0,0.07,0.9,38.46,3.73,37.04,0.69,0.83,0.21,17.9,0.62,1.45,29.45,75.82,10.09,63.7,5.88,92.94,9.95,77.78,26.13,81.22,2.56,40.54,17.88,22.25,0.16,1.31,0.0,0.07,0.14,0.0,0.14,4.56,68.18,1.24,16.67,0.62,11.11,0.28,0.21,5.05,56.16,0,,0,,0,0.0,0.0,0.0,,,0.21,,,1.66,0.07,0.0,3.11,0,0.0
Lucas Ramos,Irtysh,Odra Opole,"LCMF, RCMF",31,200000,2026-12-31,25,1417,2,0.64,0,0.27,17.28,56.25,Brazil,Brazil,left,187,80,no,7.11,5.59,65.91,2.79,61.36,0.0,0.0,0.57,3.43,4.39,1.78,4,0.25,1,0.06,0.83,0.13,2,0.13,0.04,0,0.0,14,0.89,21.43,14.286,0.0,0.38,33.33,0.25,25.0,0.13,50.0,0.06,1.02,50.0,7.05,43.24,0.44,1.27,0.32,20.32,0.13,2.03,31.25,89.23,7.88,80.65,4.95,94.87,13.85,92.66,29.66,91.65,1.21,47.37,18.59,11.19,0.02,0.64,0.0,0.0,0.0,0.0,0.0,3.75,89.83,0.89,50.0,0.06,0.0,0.13,0.19,4.06,71.88,0,,0,,0,0.0,0.0,0.0,,,0.95,,,0.0,0.0,0.0,0.0,0,0.0
K. Wachowiak,Ruch Chorzów,Stal Rzeszów,"LWF, LB, LW",24,200000,2027-06-30,30,2275,2,4.33,2,2.36,17.68,45.86,Poland,Poland,left,175,67,no,7.48,6.8,58.14,1.98,34.0,0.2,0.26,0.0,3.32,4.42,1.15,2,0.08,1,0.04,3.44,0.08,2,0.08,0.17,0,0.0,41,1.62,19.51,4.878,0.08,2.89,34.25,2.65,34.33,0.12,33.33,0.67,3.88,55.1,7.36,39.25,3.01,1.46,0.04,21.28,1.27,0.55,27.77,77.78,10.05,72.05,6.29,94.34,7.36,73.66,23.06,86.28,1.98,40.0,17.52,28.87,0.09,0.75,0.0,0.04,0.08,0.0,0.36,2.29,77.59,3.01,36.84,0.16,0.0,0.75,0.95,5.3,70.9,0,,0,,0,0.0,0.0,0.0,,,0.16,,,0.04,0.04,0.0,0.0,0,0.0
D. Arndt,Arka Gdynia,Chrobry Głogów,GK,24,200000,2028-06-30,34,3367,0,0.0,0,0.0,0.59,86.36,Poland,Poland,right,187,80,no,0.83,0.0,0.0,0.32,91.67,0.0,0.0,0.0,0.83,1.2,0.0,2,0.05,0,0.0,0.0,0.0,0,0.0,0.0,0,0.0,0,0.0,0.0,0.0,0.0,0.0,0.0,0.0,0.0,0.0,0.0,0.0,0.0,0.0,0.13,80.0,0.0,0.0,0.03,13.79,0.11,0.21,22.08,85.96,10.42,72.05,0.0,0.0,11.09,98.31,14.35,98.51,7.72,62.63,31.26,49.12,0.0,0.03,0.0,0.0,0.0,0.0,0.0,2.33,56.32,0.08,0.0,0.11,25.0,0.0,0.0,6.07,74.01,36,0.96,138,3.69,9,73.91,41.89,1.12,5.89,0.157,0.0,1.79,0.32,,,,0.0,0,0.0
Ł. Wiech,Łódzki KS,Łódzki KS,"CB, LCB",29,200000,2027-06-30,4,277,0,0.03,0,0.0,8.12,56.0,Poland,Poland,right,194,0,no,6.82,2.6,62.5,3.9,50.0,0.0,0.0,0.32,5.2,9.06,0.97,1,0.32,0,0.0,0.0,0.0,0,0.0,0.01,0,0.0,1,0.32,0.0,0.0,0.0,0.0,0.0,0.0,0.0,0.0,0.0,0.0,0.0,0.0,0.65,100.0,0.65,0.32,0.0,27.29,0.32,0.65,35.74,91.82,8.77,70.37,0.65,100.0,22.74,98.57,33.79,96.15,1.95,16.67,18.82,22.51,0.0,0.0,0.0,0.0,0.0,0.0,0.0,2.6,50.0,0.0,0.0,0.0,0.0,0.32,0.0,2.27,85.71,0,,0,,0,0.0,0.0,0.0,,,0.32,,,0.0,0.0,0.0,0.0,0,0.0
K. Michalski,Polonia Bytom,Polonia Bytom,"RWB, LWB",26,200000,2027-06-30,30,1693,2,1.1,3,2.51,18.07,49.41,Poland,Poland,right,187,76,no,8.61,6.91,56.92,1.91,41.67,0.11,0.15,0.37,4.57,6.62,1.75,4,0.21,0,0.0,4.47,0.11,2,0.11,0.06,0,0.0,15,0.8,26.67,13.333,0.16,6.38,29.17,1.17,36.36,5.21,27.55,1.44,3.99,60.0,7.39,49.64,2.07,1.28,0.21,20.89,2.07,1.33,31.05,69.52,7.92,63.76,8.4,94.3,8.77,62.42,22.86,83.02,2.02,44.74,21.28,26.9,0.13,1.06,0.05,0.0,0.05,0.0,0.64,1.75,48.48,5.16,42.27,0.11,0.0,0.58,1.91,5.42,62.75,0,,0,,0,0.0,0.0,0.0,,,0.21,,,0.0,0.0,0.0,0.32,0,0.0
M. Szpakowski,,Tychy 71,"RCMF, LCMF",24,200000,,32,2357,2,1.41,1,1.07,11.95,53.99,Poland,Poland,right,182,71,no,8.17,4.43,66.38,2.71,35.21,0.65,0.89,0.38,4.58,6.25,1.03,6,0.23,0,0.0,0.73,0.08,2,0.08,0.05,0,0.0,27,1.03,22.22,7.407,0.04,1.03,22.22,0.42,18.18,0.61,25.0,0.23,0.5,46.15,2.71,54.93,0.76,1.49,0.04,29.21,0.08,1.72,43.76,85.17,16.23,75.76,4.66,94.26,17.11,92.41,39.79,89.25,2.94,51.95,18.74,33.13,0.04,0.69,0.0,0.11,0.11,33.33,0.19,7.22,73.54,2.06,46.3,0.46,33.33,0.73,0.23,6.15,80.75,0,,0,,0,0.0,0.0,0.0,,,0.73,,,0.0,0.0,0.0,0.42,0,0.0
P. Krawczyk,,Tychy 71,"CF, AMF",31,200000,,12,397,1,1.44,0,0.02,19.27,29.41,Poland,Poland,left,187,78,no,3.4,2.49,63.64,8.16,30.56,0.0,0.0,0.23,1.81,2.64,0.91,1,0.23,0,0.0,0.45,0.23,1,0.23,0.33,0,0.0,6,1.36,33.33,16.667,0.0,0.23,0.0,0.23,0.0,0.0,0.0,0.0,0.45,0.0,4.31,15.79,2.49,0.0,0.0,6.57,1.81,0.45,10.65,89.36,0.91,75.0,4.08,94.44,2.72,83.33,9.97,90.91,0.45,100.0,10.55,8.2,0.0,0.23,0.0,0.0,0.0,0.0,0.0,0.68,100.0,0.45,100.0,0.0,0.0,0.45,0.0,0.68,100.0,0,,0,,0,0.0,0.0,0.0,,,0.0,,,0.23,0.23,0.0,0.68,0,0.0
M. Listkowski,Stal Rzeszów,Tychy 71,"LCMF, RCMF",28,200000,2027-06-30,11,603,0,0.16,3,0.7,14.93,59.0,Poland,Poland,both,178,68,no,7.01,3.43,73.91,2.69,55.56,1.19,1.55,0.0,3.28,4.26,0.6,3,0.45,0,0.0,2.09,0.0,0,0.0,0.02,0,0.0,1,0.15,100.0,0.0,0.45,1.04,42.86,0.6,50.0,0.45,33.33,0.15,1.79,83.33,6.87,58.7,1.34,1.64,0.45,24.48,0.15,1.34,37.31,78.8,12.99,63.22,5.07,97.06,15.07,86.14,31.94,85.05,4.33,41.38,19.48,29.88,0.1,0.75,0.0,0.0,0.0,0.0,0.3,6.72,62.22,1.94,46.15,0.6,25.0,0.6,0.45,5.97,70.0,0,,0,,0,0.0,0.0,0.0,,,0.3,,,0.9,0.0,0.0,1.19,0,0.0
D. Lukić,Cibalia,Stal Mielec,CF,25,200000,2027-06-15,7,117,1,0.08,0,0.08,24.62,28.13,Bosnia and Herzegovina,Bosnia and Herzegovina,right,0,0,no,3.08,3.85,60.0,8.46,0.0,0.0,0.0,0.0,0.77,1.36,2.31,0,0.0,0,0.0,1.54,0.77,1,0.77,0.06,0,0.0,1,0.77,100.0,100.0,0.0,0.0,0.0,0.0,0.0,0.0,0.0,0.0,0.77,100.0,6.92,44.44,3.08,1.54,0.0,10.0,0.77,0.0,17.69,78.26,3.08,75.0,4.62,100.0,6.15,62.5,17.69,78.26,0.0,0.0,12.99,0.0,0.06,2.31,0.0,0.0,0.0,0.0,0.0,0.77,100.0,0.0,0.0,0.0,0.0,0.77,0.0,0.0,0.0,0,,0,,0,0.0,0.0,0.0,,,0.0,,,0.0,0.0,0.0,0.0,0,0.0
F. Hartherz,Koper,Miedź Legnica,LB,33,150000,2027-05-31,1,75,0,0.0,0,0.0,10.8,66.67,Germany,Germany,left,187,83,no,10.8,6.0,80.0,1.2,100.0,0.0,0.0,0.0,6.0,6.25,0.0,0,0.0,0,0.0,1.2,0.0,0,0.0,0.0,0,0.0,0,0.0,0.0,0.0,0.0,3.6,33.33,3.6,33.33,0.0,0.0,1.2,1.2,0.0,2.4,0.0,0.0,3.6,0.0,30.0,6.0,0.0,32.4,74.07,7.2,50.0,13.2,90.91,10.8,66.67,27.6,82.61,2.4,50.0,17.43,38.65,0.0,0.0,0.0,0.0,0.0,0.0,0.0,0.0,0.0,3.6,0.0,0.0,0.0,0.0,1.2,7.2,33.33,0,,0,,0,0.0,0.0,0.0,,,0.0,,,0.0,0.0,0.0,2.4,0,0.0
P. Moskwik,Legionovia Legionowo,Znicz Pruszków,"LWB, LB",34,150000,,26,2104,1,0.73,2,1.99,12.11,50.88,Poland,Poland,left,179,70,no,7.74,4.88,57.02,3.21,56.0,0.0,0.0,0.21,4.96,6.01,0.6,2,0.09,0,0.0,1.45,0.04,1,0.04,0.03,0,0.0,15,0.64,13.33,6.667,0.09,2.27,45.28,2.14,44.0,0.09,50.0,0.47,0.81,42.11,2.44,35.09,1.41,0.86,0.0,19.85,1.58,0.81,29.73,67.48,14.67,57.43,3.42,86.25,7.53,76.7,21.13,76.72,6.42,45.33,20.48,33.59,0.09,0.86,0.04,0.0,0.0,0.0,0.21,4.79,50.89,2.78,47.69,0.3,14.29,0.68,1.03,8.43,61.42,0,,0,,0,0.0,0.0,0.0,,,0.43,,,0.56,0.0,0.0,1.75,0,0.0
K. Kościelny,Stal Mielec,Miedź Legnica,CB,34,150000,2027-06-30,13,1088,2,0.85,1,0.39,13.65,49.7,Poland,Poland,right,185,83,no,7.44,4.14,64.0,5.96,45.83,0.08,0.12,1.41,4.72,6.81,0.99,2,0.17,0,0.0,0.33,0.17,2,0.17,0.07,1,0.08,5,0.41,60.0,40.0,0.08,0.25,33.33,0.0,0.0,0.25,33.33,0.0,0.0,0.0,0.33,0.0,0.74,1.08,0.08,37.97,0.25,0.25,50.54,92.31,16.71,83.66,2.23,100.0,26.47,96.88,47.98,94.83,2.32,46.43,19.72,29.89,0.03,0.33,0.0,0.0,0.0,0.0,0.17,4.38,86.79,0.74,44.44,0.08,0.0,0.41,0.08,5.29,70.31,0,,0,,0,0.0,0.0,0.0,,,1.57,,,0.0,0.0,0.0,0.0,0,0.0
Jaroslaw Jach,Znicz Pruszków,Znicz Pruszków,"CB, RCB",32,150000,2027-06-30,30,2859,2,2.4,0,0.94,13.32,62.41,Poland,Poland,left,192,78,no,7.65,4.09,74.62,6.11,58.25,0.16,0.2,0.72,4.44,5.5,0.72,4,0.13,0,0.0,0.54,0.06,2,0.06,0.08,0,0.0,21,0.66,33.33,9.524,0.0,0.44,35.71,0.35,36.36,0.06,50.0,0.19,0.19,83.33,1.07,44.12,0.94,0.54,0.0,16.75,0.22,0.38,31.98,84.15,11.9,71.96,2.05,92.31,15.49,92.28,27.29,89.73,4.25,53.33,21.45,37.07,0.03,0.31,0.06,0.0,0.03,0.0,0.03,3.46,66.36,0.76,29.17,0.28,33.33,0.06,0.16,6.11,61.86,0,,0,,0,0.0,0.0,0.0,,,1.48,,,0.06,0.0,0.0,0.0,0,0.0
M. Grudniewski,,Polonia Warszawa,LCB,33,150000,,12,1039,0,0.98,0,0.04,10.31,57.98,Poland,Poland,right,190,81,no,6.5,4.33,68.0,2.77,59.38,0.09,0.13,0.87,3.46,5.04,0.61,2,0.17,0,0.0,0.26,0.0,0,0.0,0.08,0,0.0,3,0.26,100.0,0.0,0.0,0.09,0.0,0.09,0.0,0.0,0.0,0.0,0.17,0.0,1.21,28.57,0.69,0.87,0.09,27.98,0.43,0.35,41.23,91.18,15.85,85.79,1.91,90.91,19.92,96.09,38.63,93.27,2.51,62.07,19.71,31.12,0.0,0.17,0.0,0.0,0.0,0.0,0.0,4.68,92.59,0.35,25.0,0.09,0.0,0.09,0.0,7.28,72.62,0,,0,,0,0.0,0.0,0.0,,,1.21,,,0.0,0.0,0.0,0.0,0,0.0
P. Wlazło,Stal Mielec,Stal Mielec,"DMF, LDMF, LCMF",37,150000,2027-06-30,32,2906,5,3.87,2,1.29,14.53,59.28,Poland,Poland,right,184,80,no,9.01,5.2,70.24,3.81,62.6,0.4,0.57,0.43,4.96,7.05,1.36,7,0.22,1,0.03,0.71,0.15,2,0.06,0.12,2,0.06,28,0.87,21.43,17.857,0.06,0.56,44.44,0.25,25.0,0.31,60.0,0.06,0.5,50.0,3.04,43.88,0.87,1.55,0.15,36.17,0.5,1.02,51.53,84.13,18.55,72.79,6.35,93.66,20.19,91.72,43.42,88.52,7.74,61.6,20.22,38.13,0.04,0.53,0.0,0.0,0.09,33.33,0.22,9.23,70.13,1.98,54.69,0.74,45.83,0.87,0.15,9.07,71.33,0,,0,,0,0.0,0.0,0.0,,,0.71,,,0.03,0.03,0.0,0.0,3,100.0
M. Flis,Pogoń Siedlce,Pogoń Siedlce,LCB,32,150000,2028-06-30,29,2813,10,8.27,1,0.68,6.59,53.4,Poland,Poland,left,185,75,no,5.76,1.47,60.87,3.3,47.57,0.06,0.08,0.83,4.8,6.16,0.54,5,0.16,0,0.0,0.7,0.32,3,0.1,0.26,2,0.06,34,1.09,50.0,29.412,0.03,0.29,33.33,0.22,42.86,0.03,0.0,0.03,0.06,50.0,0.35,63.64,1.18,0.67,0.03,25.72,0.32,0.51,37.95,82.04,16.77,67.56,1.54,93.75,17.21,95.35,28.76,91.43,8.89,53.24,25.33,42.0,0.02,0.13,0.03,0.03,0.06,50.0,0.1,6.05,57.67,0.99,22.58,0.35,27.27,0.38,0.06,7.93,68.95,0,,0,,0,0.0,0.0,0.0,,,1.02,,,0.19,0.16,60.0,0.0,7,100.0
L. Sołowiej,Olimpia Zambrów,Puszcza Niepołomice,"LCB, RCB",37,150000,,11,808,0,0.93,0,0.39,7.57,61.76,Poland,Poland,right,189,84,no,5.68,2.67,70.83,3.12,60.71,0.33,0.45,0.33,3.45,4.63,0.45,1,0.11,0,0.0,0.56,0.0,0,0.0,0.1,0,0.0,6,0.67,33.33,0.0,0.0,0.11,0.0,0.11,0.0,0.0,0.0,0.0,0.33,100.0,1.0,33.33,0.67,0.22,0.0,25.84,0.0,0.22,35.87,87.27,13.03,77.78,2.23,90.0,18.04,93.83,30.3,89.71,5.46,75.51,20.09,31.47,0.04,0.11,0.0,0.0,0.0,0.0,0.0,4.01,75.0,0.67,16.67,0.22,0.0,0.22,0.0,6.79,72.13,0,,0,,0,0.0,0.0,0.0,,,1.45,,,0.0,0.0,0.0,0.0,1,0.0
M. Szromnik,Śląsk Wrocław,Śląsk Wrocław,GK,33,150000,2027-06-30,33,3220,0,0.0,0,0.0,0.56,95.0,Poland,Poland,right,190,80,no,1.68,0.08,66.67,0.36,100.0,0.0,0.0,0.0,1.62,2.41,0.0,3,0.08,0,0.0,0.0,0.0,0,0.0,0.0,0,0.0,0,0.0,0.0,0.0,0.0,0.0,0.0,0.0,0.0,0.0,0.0,0.0,0.0,0.0,0.11,100.0,0.0,0.0,0.06,8.13,0.08,0.17,14.62,84.32,7.41,72.83,0.06,100.0,6.82,96.72,9.5,97.94,5.09,59.34,32.24,45.75,0.0,0.0,0.03,0.0,0.0,0.0,0.0,0.98,48.57,0.08,0.0,0.06,50.0,0.0,0.0,4.14,67.57,47,1.31,123,3.44,6,61.79,41.99,1.17,-5.01,-0.14,0.03,1.03,0.36,,,,0.0,0,0.0
M. Pawlik,Znicz Pruszków,Znicz Pruszków,RCB,31,150000,2027-06-30,19,1492,1,0.81,0,0.1,12.73,55.92,Poland,Poland,both,186,81,no,9.17,5.97,56.57,2.59,69.77,0.3,0.37,0.48,5.49,6.76,1.45,2,0.12,0,0.0,0.6,0.06,1,0.06,0.05,1,0.06,9,0.54,44.44,11.111,0.0,0.36,50.0,0.0,0.0,0.36,50.0,0.0,0.48,37.5,1.93,31.25,0.66,0.97,0.12,16.53,0.72,0.72,32.09,78.76,14.96,68.95,2.77,95.65,10.62,90.91,26.36,84.44,5.37,52.81,21.86,34.97,0.01,0.12,0.0,0.0,0.0,0.0,0.0,5.07,61.9,0.54,33.33,0.24,50.0,0.24,0.12,7.72,64.06,0,,0,,0,0.0,0.0,0.0,,,1.21,,,0.0,0.0,0.0,0.0,0,0.0
V. Okhronchuk,Znicz Pruszków,Znicz Pruszków,RCB,29,150000,2027-06-30,25,1991,0,1.0,0,0.48,13.15,57.04,Ukraine,Ukraine,right,190,77,no,9.18,5.65,68.8,2.71,51.67,0.68,0.86,0.81,4.61,5.82,1.36,4,0.18,1,0.05,1.22,0.0,0,0.0,0.05,0,0.0,13,0.59,15.38,0.0,0.0,0.9,45.0,0.05,0.0,0.86,47.37,0.27,0.86,78.95,3.21,50.7,0.9,1.72,0.18,23.6,0.41,0.99,38.97,77.84,19.66,69.43,2.53,94.64,12.52,87.36,29.2,86.22,8.86,53.57,21.95,37.43,0.02,0.32,0.0,0.0,0.14,33.33,0.09,7.82,68.21,2.31,54.9,0.5,27.27,0.95,0.36,10.8,72.38,0,,0,,0,0.0,0.0,0.0,,,0.68,,,0.0,0.0,0.0,0.0,0,0.0
D. Połap,,Stal Rzeszów,"RB, LB",26,150000,,11,478,0,0.06,0,0.21,17.89,51.58,Poland,Poland,right,173,63,no,10.73,9.04,58.33,2.64,35.71,0.75,0.94,0.19,4.71,5.91,0.94,2,0.38,0,0.0,0.75,0.0,0,0.0,0.01,0,0.0,6,1.13,16.67,0.0,0.0,0.94,20.0,0.0,0.0,0.94,20.0,0.0,0.75,50.0,4.33,56.52,1.51,1.51,0.0,34.64,0.94,0.56,45.19,86.25,18.83,82.0,9.6,96.08,11.11,88.14,41.42,90.0,2.82,53.33,16.77,19.1,0.04,0.56,0.0,0.0,0.0,0.0,0.19,6.21,78.79,1.51,50.0,0.0,0.0,0.75,0.19,8.85,74.47,0,,0,,0,0.0,0.0,0.0,,,1.13,,,0.0,0.0,0.0,0.0,0,0.0
J. Kuzdra,Chelmianka Chelm,Chrobry Głogów,"LB, LWB, RAMF",28,150000,2027-06-30,4,48,0,0.0,0,0.0,15.0,25.0,Poland,Poland,right,178,71,no,11.25,7.5,50.0,0.0,0.0,0.0,0.0,0.0,7.5,12.0,3.75,0,0.0,0,0.0,0.0,0.0,0,0.0,0.0,0,0.0,0,0.0,0.0,0.0,0.0,0.0,0.0,0.0,0.0,0.0,0.0,0.0,1.88,0.0,5.63,0.0,3.75,1.88,0.0,9.38,0.0,0.0,13.13,42.86,7.5,25.0,1.88,100.0,1.88,100.0,9.38,60.0,3.75,0.0,12.7,9.36,0.0,0.0,0.0,0.0,0.0,0.0,0.0,1.88,0.0,0.0,0.0,0.0,0.0,0.0,0.0,1.88,0.0,0,,0,,0,0.0,0.0,0.0,,,0.0,,,0.0,0.0,0.0,0.0,0,0.0
K. Wełniak,Avia Świdnik,Tychy 71,"CF, AMF",26,150000,2027-06-30,24,944,3,3.06,0,0.44,12.87,42.22,Poland,Poland,both,185,80,no,2.96,2.1,59.09,3.34,42.86,0.1,0.15,0.1,1.62,2.5,0.95,2,0.19,0,0.0,1.33,0.29,2,0.19,0.29,1,0.1,16,1.53,37.5,18.75,0.0,0.86,66.67,0.38,75.0,0.48,60.0,0.19,0.57,33.33,4.48,31.91,3.05,0.19,0.0,9.44,0.67,1.53,13.54,80.99,2.0,57.14,3.15,90.91,4.39,86.96,12.11,83.46,0.57,50.0,14.58,6.94,0.04,0.48,0.0,0.0,0.0,0.0,0.29,0.95,80.0,0.67,57.14,0.0,0.0,0.76,0.38,1.24,69.23,0,,0,,0,0.0,0.0,0.0,,,0.1,,,0.0,0.0,0.0,0.0,1,100.0
M. Kuchta,Polonia Warszawa,Polonia Warszawa,GK,30,150000,2027-06-30,34,3281,0,0.0,1,1.19,0.77,92.86,Poland,Poland,right,190,86,no,1.32,0.08,100.0,0.47,88.24,0.03,0.04,0.0,1.21,1.82,0.03,1,0.03,0,0.0,0.0,0.0,0,0.0,0.0,0,0.0,0,0.0,0.0,0.0,0.03,0.0,0.0,0.0,0.0,0.0,0.0,0.0,0.0,0.0,0.08,100.0,0.0,0.0,0.03,13.52,0.3,0.27,21.2,88.23,11.3,80.58,0.0,0.0,9.19,97.31,13.5,98.98,7.68,69.64,30.56,46.78,0.03,0.08,0.0,0.0,0.0,0.0,0.08,2.22,65.43,0.14,40.0,0.19,57.14,0.05,0.0,6.56,79.92,52,1.43,157,4.31,5,66.88,47.54,1.3,-4.46,-0.122,0.0,1.56,0.47,,,,0.0,0,0.0
P. Szur,Pogoń Siedlce,Polonia Warszawa,RCB,30,150000,2027-06-30,14,590,2,0.51,0,0.29,14.95,53.06,Poland,Poland,right,189,85,no,10.22,5.19,67.65,6.1,45.0,0.46,0.68,1.83,6.25,9.25,1.53,2,0.31,1,0.15,0.46,0.31,2,0.31,0.08,2,0.31,4,0.61,75.0,50.0,0.0,0.0,0.0,0.0,0.0,0.0,0.0,0.0,0.0,0.0,0.31,100.0,1.22,1.53,0.0,26.08,0.15,0.76,41.49,85.29,16.93,73.87,2.75,88.89,17.54,97.39,37.07,90.95,4.42,37.93,20.93,24.98,0.04,0.15,0.15,0.0,0.0,0.0,0.15,5.95,74.36,0.46,0.0,0.0,0.0,0.15,0.0,10.37,61.76,0,,0,,0,0.0,0.0,0.0,,,2.14,,,0.0,0.0,0.0,0.0,0,0.0
P. Olszewski,Polonia Warszawa,Polonia Warszawa,RB,27,150000,2027-06-30,5,362,0,0.03,0,0.59,14.17,59.65,Poland,Poland,right,178,68,no,6.96,4.48,72.22,2.98,75.0,0.0,0.0,0.0,3.73,6.25,0.5,0,0.0,0,0.0,2.24,0.0,0,0.0,0.01,0,0.0,4,0.99,0.0,0.0,0.0,3.23,30.77,0.0,0.0,3.23,30.77,0.5,0.99,100.0,3.73,46.67,1.24,1.74,0.5,24.86,0.5,1.74,33.31,74.63,13.18,67.92,5.47,90.91,10.69,74.42,27.35,83.64,2.73,36.36,19.88,31.35,0.15,0.99,0.0,0.0,0.25,100.0,0.25,4.72,63.16,4.48,33.33,1.24,20.0,0.5,0.99,6.96,57.14,0,,0,,0,0.0,0.0,0.0,,,1.24,,,0.0,0.0,0.0,0.0,0,0.0
R. Mikulec,Wisła Kraków,Wisła Kraków,"RAMF, LAMF, LW",29,150000,2027-06-30,5,118,0,0.23,0,0.3,24.41,50.0,Poland,Poland,right,178,71,no,11.44,10.68,64.29,3.05,25.0,0.0,0.0,0.76,4.58,8.57,1.53,1,0.76,0,0.0,0.76,0.0,0,0.0,0.17,0,0.0,1,0.76,0.0,0.0,0.0,0.76,0.0,0.0,0.0,0.76,0.0,0.76,0.76,100.0,9.15,50.0,5.34,2.29,0.0,16.78,0.0,0.0,24.41,81.25,3.05,100.0,8.39,72.73,6.1,100.0,22.88,83.33,0.76,100.0,11.94,9.51,0.23,0.76,0.0,0.0,0.0,0.0,0.76,0.76,100.0,2.29,66.67,0.76,100.0,3.81,0.0,3.81,100.0,0,,0,,0,0.0,0.0,0.0,,,0.0,,,0.0,0.0,0.0,0.0,0,0.0
O. Oduko,,Górnik Łęczna,"LB, LWB",23,150000,,22,1584,0,0.36,0,0.29,15.28,55.39,Nigeria,Nigeria,left,0,0,no,7.9,5.68,59.0,1.76,58.06,0.28,0.43,0.17,4.26,6.48,1.08,7,0.4,1,0.06,3.13,0.0,0,0.0,0.02,0,0.0,10,0.57,50.0,0.0,0.0,2.67,25.53,2.67,25.53,0.0,0.0,0.28,2.95,71.15,7.05,53.23,1.02,2.1,0.23,25.85,0.91,1.76,34.6,82.1,10.91,70.31,7.44,97.71,10.74,84.13,30.0,88.83,2.1,56.76,20.39,27.65,0.02,0.28,0.0,0.0,0.06,100.0,0.06,3.86,77.94,2.33,36.59,0.11,50.0,0.51,0.63,6.25,65.45,0,,0,,0,0.0,0.0,0.0,,,1.08,,,0.06,0.0,0.0,0.06,0,0.0
D. Dudziński,Sokół Kleczew,Odra Opole,"LCMF, DMF, RCMF",24,150000,2027-06-30,3,171,0,0.0,0,0.29,14.74,39.29,Poland,Poland,right,181,72,no,5.79,5.26,30.0,1.05,0.0,0.53,0.71,1.05,3.68,5.0,2.11,0,0.0,0,0.0,1.58,0.0,0,0.0,0.0,0,0.0,0,0.0,0.0,0.0,0.0,1.58,33.33,1.05,50.0,0.53,0.0,0.53,1.05,100.0,5.79,63.64,0.0,1.05,0.53,22.11,0.0,1.58,36.84,87.14,10.0,78.95,7.89,100.0,13.16,84.0,31.58,91.67,3.68,71.43,17.77,33.4,0.15,1.05,0.0,0.0,0.0,0.0,0.53,7.89,93.33,3.16,50.0,1.05,100.0,1.05,0.53,6.84,84.62,0,,0,,0,0.0,0.0,0.0,,,0.0,,,1.58,0.0,0.0,1.58,0,0.0
E. Muratovic,,Odra Opole,CF,29,150000,,10,333,1,0.33,0,0.08,19.46,41.67,Luxembourg,"Luxembourg, Montenegro",right,185,78,no,4.32,3.51,69.23,7.03,30.77,0.0,0.0,0.27,1.89,2.8,2.43,1,0.27,0,0.0,0.81,0.27,1,0.27,0.09,1,0.27,4,1.08,25.0,25.0,0.0,0.54,50.0,0.27,0.0,0.27,100.0,0.54,0.27,100.0,4.59,64.71,2.7,0.54,0.0,4.32,0.54,1.89,6.22,91.3,1.62,83.33,2.43,100.0,0.81,66.67,5.41,95.0,0.27,100.0,10.82,2.71,0.02,0.54,0.0,0.0,0.0,0.0,0.27,0.27,100.0,0.54,50.0,0.0,0.0,0.81,0.27,0.54,100.0,0,,0,,0,0.0,0.0,0.0,,,0.0,,,0.0,0.0,0.0,0.0,0,0.0
F. Kendzia,Odra Opole,Odra Opole,"RCB, CB",29,150000,2027-06-30,31,2835,3,3.83,0,0.23,10.57,60.06,Poland,Poland,right,189,81,no,7.81,3.59,64.6,4.92,60.0,0.03,0.04,0.67,5.46,6.94,0.54,1,0.03,1,0.03,0.54,0.1,3,0.1,0.12,2,0.06,29,0.92,37.93,10.345,0.0,0.35,45.45,0.0,0.0,0.32,50.0,0.0,0.06,50.0,0.6,26.32,1.17,0.63,0.0,23.27,0.25,0.32,36.57,80.64,16.48,68.79,2.03,98.44,14.1,91.89,29.33,87.77,6.95,51.6,22.82,40.9,0.01,0.16,0.0,0.0,0.0,0.0,0.1,6.25,59.9,0.63,35.0,0.32,10.0,0.16,0.16,7.65,68.46,0,,0,,0,0.0,0.0,0.0,,,1.43,,,0.0,0.0,0.0,0.0,0,0.0
J. Pérez,Odra Opole,Odra Opole,"AMF, RW",28,150000,2027-06-30,29,1785,0,2.25,1,2.53,17.75,44.32,United States,"United States, El Salvador",left,165,64,no,5.8,3.53,54.29,1.71,32.35,0.05,0.07,0.5,3.83,5.06,1.01,4,0.2,0,0.0,3.63,0.0,0,0.0,0.11,0,0.0,27,1.36,40.74,0.0,0.05,2.62,40.38,0.86,41.18,1.71,38.24,0.61,3.48,56.52,9.78,44.33,1.56,1.56,0.3,17.24,1.21,2.12,25.87,77.97,6.3,68.0,5.5,91.74,8.92,79.66,21.83,83.37,1.56,61.29,17.59,27.7,0.13,1.36,0.1,0.0,0.15,33.33,0.45,2.42,77.08,2.52,52.0,0.25,60.0,0.71,1.01,3.98,69.62,0,,0,,0,0.0,0.0,0.0,,,0.15,,,0.86,0.05,0.0,0.91,0,0.0
M. Senger,,Stal Mielec,LCB,26,150000,,25,2140,0,0.42,0,0.01,10.05,56.49,Germany,Germany,left,193,87,no,7.23,4.12,62.24,3.28,55.13,0.13,0.18,1.09,4.54,6.3,0.71,4,0.17,0,0.0,0.25,0.0,0,0.0,0.02,0,0.0,3,0.13,33.33,0.0,0.0,0.13,0.0,0.13,0.0,0.0,0.0,0.0,0.25,83.33,1.01,45.83,0.5,0.8,0.08,30.07,0.59,0.29,40.71,88.84,15.1,77.16,2.61,98.39,18.93,97.11,35.41,94.06,5.17,55.28,20.84,36.47,0.0,0.08,0.0,0.0,0.0,0.0,0.0,3.91,60.22,0.42,0.0,0.34,0.0,0.08,0.0,5.89,69.29,0,,0,,0,0.0,0.0,0.0,,,1.51,,,0.0,0.0,0.0,0.0,0,0.0
J. Lemanowicz,Pogoń Siedlce,Pogoń Siedlce,GK,27,150000,2027-06-30,33,3203,0,0.0,0,0.0,0.67,100.0,Poland,Poland,right,190,0,no,0.96,0.03,100.0,0.53,100.0,0.0,0.0,0.0,0.93,1.18,0.0,2,0.06,0,0.0,0.0,0.0,0,0.0,0.0,0,0.0,0,0.0,0.0,0.0,0.0,0.0,0.0,0.0,0.0,0.0,0.0,0.0,0.0,0.0,0.06,100.0,0.0,0.0,0.0,6.66,0.2,0.11,12.34,83.83,6.46,71.3,0.08,100.0,5.42,98.96,7.7,95.62,4.61,64.63,31.38,44.55,0.0,0.0,0.0,0.0,0.0,0.0,0.0,0.93,51.52,0.03,0.0,0.0,0.0,0.0,0.0,3.93,68.57,41,1.15,154,4.33,9,73.38,38.45,1.08,-2.55,-0.072,0.06,2.3,0.53,,,,0.0,0,0.0
K. Miś,Pogoń Siedlce,Pogoń Siedlce,LB,30,150000,2028-06-30,17,1597,0,0.3,1,0.94,13.13,45.49,Poland,Poland,left,182,0,no,7.16,5.13,56.04,1.86,42.42,0.28,0.35,0.39,4.0,5.01,0.62,1,0.06,0,0.0,1.8,0.0,0,0.0,0.02,0,0.0,6,0.34,33.33,0.0,0.06,3.38,40.0,3.38,40.0,0.0,0.0,0.79,0.79,42.86,4.56,41.98,1.35,2.14,0.34,27.39,1.24,0.51,38.94,78.73,17.19,75.74,4.17,97.3,9.81,76.44,31.67,86.12,4.06,50.0,17.7,32.32,0.05,0.51,0.06,0.06,0.0,0.0,0.23,4.96,78.41,3.21,57.89,0.17,0.0,0.62,1.41,9.86,75.43,0,,0,,0,0.0,0.0,0.0,,,0.23,,,0.0,0.0,0.0,0.0,0,0.0
K. Podliński,Łódzki KS,Pogoń Siedlce,"CF, AMF",28,150000,2028-06-30,30,2879,5,8.23,3,0.43,29.42,43.04,Poland,Poland,right,194,90,no,4.28,3.16,49.5,11.94,46.86,0.22,0.28,0.09,2.5,3.18,1.66,7,0.22,0,0.0,0.97,0.16,5,0.16,0.26,0,0.0,53,1.66,30.19,9.434,0.09,0.19,16.67,0.09,0.0,0.09,33.33,0.0,0.66,66.67,7.97,39.22,2.66,0.5,0.0,10.16,1.25,2.13,16.41,71.81,4.03,46.51,4.85,89.68,4.63,82.43,15.29,73.62,0.94,53.33,16.14,20.18,0.01,0.38,0.0,0.0,0.09,0.0,0.09,1.91,49.18,0.63,25.0,0.13,25.0,0.25,0.03,1.81,48.28,0,,0,,0,0.0,0.0,0.0,,,0.0,,,0.0,0.0,0.0,0.0,0,0.0
J. Bieroński,Unia Skierniewice,Tychy 71,"RCMF, LCMF",23,150000,2027-06-30,19,1508,2,1.86,1,0.44,12.95,45.62,Poland,Poland,right,188,85,no,6.98,4.66,52.56,2.75,47.83,0.42,0.58,0.6,4.12,5.69,1.37,6,0.36,0,0.0,0.95,0.12,2,0.12,0.11,0,0.0,26,1.55,38.46,7.692,0.06,0.36,16.67,0.18,0.0,0.18,33.33,0.06,0.3,40.0,3.64,36.07,1.13,0.84,0.0,25.9,0.12,0.72,38.2,80.47,14.14,64.56,4.18,97.14,14.98,91.24,32.94,86.23,4.89,46.34,19.46,37.02,0.03,0.36,0.0,0.06,0.3,60.0,0.3,7.76,66.15,1.01,29.41,0.84,21.43,0.42,0.12,7.58,70.87,0,,0,,0,0.0,0.0,0.0,,,0.9,,,0.0,0.0,0.0,0.0,0,0.0
M. Wysokinski,Łódzki KS,Łódzki KS,"DMF, LCMF",24,150000,2027-06-30,33,2566,1,1.81,4,3.47,13.26,55.82,Poland,Poland,,182,0,no,8.84,6.49,62.7,1.65,51.06,0.18,0.25,0.32,4.59,6.53,0.91,2,0.07,0,0.0,0.98,0.04,1,0.04,0.06,0,0.0,28,0.98,10.71,3.571,0.14,0.56,37.5,0.28,25.0,0.28,50.0,0.14,0.88,60.0,3.68,50.48,0.49,1.05,0.07,27.92,0.32,1.19,41.7,82.17,15.36,68.04,5.33,94.74,15.57,90.77,36.65,86.99,4.52,48.84,19.28,33.62,0.12,1.09,0.11,0.11,0.28,50.0,0.18,8.0,70.18,2.46,41.43,0.77,31.82,0.91,0.28,7.65,66.97,0,,0,,0,0.0,0.0,0.0,,,0.28,,,0.77,0.04,100.0,2.46,0,0.0
I. Łasicki,Tychy 71,Tychy 71,"CB, RCB",31,150000,2027-06-30,16,1370,2,1.83,0,0.1,17.87,63.24,Poland,Poland,right,184,75,no,8.15,5.78,70.45,8.67,58.33,0.2,0.27,0.72,3.88,5.28,1.31,4,0.26,1,0.07,0.13,0.13,2,0.13,0.12,2,0.13,8,0.53,25.0,25.0,0.0,0.07,0.0,0.07,0.0,0.0,0.0,0.07,0.07,0.0,1.12,52.94,0.72,0.46,0.07,28.18,0.33,1.12,43.88,88.17,15.44,74.04,1.45,95.45,23.91,96.43,38.36,93.15,5.45,54.22,20.94,38.06,0.01,0.07,0.0,0.0,0.0,0.0,0.07,3.81,63.79,0.33,20.0,0.2,66.67,0.07,0.0,5.65,66.28,0,,0,,0,0.0,0.0,0.0,,,1.12,,,0.0,0.0,0.0,0.0,0,0.0
M. Gostomski,Stal Mielec,Stal Mielec,GK,37,125000,2027-06-30,14,1362,0,0.0,0,0.0,0.4,83.33,Poland,Poland,both,195,90,no,1.72,0.07,100.0,0.33,80.0,0.0,0.0,0.0,1.65,2.3,0.0,0,0.0,0,0.0,0.0,0.0,0,0.0,0.0,0,0.0,0,0.0,0.0,0.0,0.0,0.0,0.0,0.0,0.0,0.0,0.0,0.0,0.0,0.0,0.0,0.0,0.0,0.0,0.0,8.19,0.33,0.0,14.21,75.81,9.32,64.54,0.0,0.0,4.23,96.88,7.0,98.11,7.2,54.13,36.59,50.53,0.0,0.0,0.0,0.0,0.0,0.0,0.0,2.91,52.27,0.2,33.33,0.13,50.0,0.07,0.0,4.69,80.28,21,1.39,60,3.96,2,65.0,20.39,1.35,-0.61,-0.04,0.0,1.39,0.33,,,,0.0,0,0.0
T. Jambor,Rapid Bucureşti,Śląsk Wrocław,CF,23,125000,2027-06-30,12,480,2,2.42,1,0.49,17.06,27.47,Slovakia,Slovakia,right,183,73,no,3.38,2.81,53.33,5.44,3.45,0.0,0.0,0.0,1.88,2.73,0.56,1,0.19,0,0.0,1.5,0.38,2,0.38,0.45,0,0.0,11,2.06,36.36,18.182,0.19,0.38,100.0,0.19,100.0,0.19,100.0,0.0,0.75,50.0,5.25,35.71,4.31,1.31,0.38,15.38,1.88,0.56,19.69,82.86,4.31,78.26,6.56,94.29,4.5,79.17,18.75,83.0,0.56,66.67,15.79,11.08,0.09,0.94,0.0,0.0,0.0,0.0,0.19,1.69,66.67,0.56,66.67,0.0,0.0,0.56,0.38,1.5,62.5,0,,0,,0,0.0,0.0,0.0,,,0.0,,,0.0,0.0,0.0,0.0,0,0.0
K. Ibe-Torti,Chrobry Głogów,Chrobry Głogów,"RAMF, RW",24,125000,2027-06-30,30,1769,4,3.13,2,2.48,20.05,39.85,Nigeria,"Nigeria, Poland",right,174,67,no,5.65,5.24,66.02,1.73,29.41,0.0,0.0,0.05,2.19,3.27,1.02,0,0.0,0,0.0,3.76,0.2,4,0.2,0.16,0,0.0,25,1.27,44.0,16.0,0.1,2.7,37.74,0.66,46.15,1.93,34.21,0.51,4.58,47.78,11.14,31.51,3.87,2.59,0.86,14.5,1.68,0.66,21.32,76.37,4.48,71.59,6.87,93.33,5.8,71.05,17.96,83.57,0.97,36.84,16.28,16.44,0.13,1.17,0.05,0.0,0.0,0.0,0.71,0.92,66.67,2.14,50.0,0.1,100.0,0.92,0.71,2.9,75.44,0,,0,,0,0.0,0.0,0.0,,,0.1,,,0.0,0.0,0.0,0.0,0,0.0
P. Głowacki,,Łódzki KS,"LWB, LB",34,100000,,12,647,1,0.08,1,0.73,12.66,48.35,Poland,Poland,left,182,79,no,8.35,7.65,49.09,1.67,58.33,0.0,0.0,0.28,4.59,6.47,1.53,2,0.28,0,0.0,2.36,0.14,1,0.14,0.01,0,0.0,3,0.42,33.33,33.333,0.14,3.06,45.45,2.92,42.86,0.14,100.0,0.7,1.53,54.55,2.78,45.0,0.7,2.09,0.7,27.82,0.7,0.28,36.86,76.98,16.28,70.94,6.4,100.0,9.6,78.26,29.07,85.65,4.87,42.86,19.33,23.39,0.1,1.25,0.0,0.0,0.0,0.0,0.42,5.84,69.05,3.76,44.44,0.28,0.0,0.42,1.53,10.15,69.86,0,,0,,0,0.0,0.0,0.0,,,0.42,,,1.11,0.0,0.0,2.23,0,0.0
Ł. Budziłek,,Górnik Łęczna,GK,35,100000,,15,1486,0,0.0,0,0.0,1.09,77.78,Poland,Poland,right,186,80,no,1.76,0.18,66.67,0.67,90.91,0.0,0.0,0.0,1.64,2.38,0.0,2,0.12,1,0.06,0.0,0.0,0,0.0,0.0,0,0.0,0,0.0,0.0,0.0,0.0,0.0,0.0,0.0,0.0,0.0,0.0,0.0,0.06,0.0,0.24,50.0,0.0,0.0,0.0,8.18,0.24,0.18,15.2,79.28,9.45,71.15,0.06,100.0,5.21,96.51,7.93,93.13,7.21,64.71,34.6,48.14,0.0,0.0,0.0,0.06,0.0,0.0,0.0,1.7,50.0,0.0,0.0,0.0,0.0,0.0,0.0,5.57,70.65,24,1.45,80,4.85,4,70.0,24.83,1.5,0.83,0.05,0.06,2.42,0.67,,,,0.0,0,0.0
M. Abramowicz,Świt Skolwin,Odra Opole,GK,33,100000,,12,1166,0,0.0,0,0.0,1.31,76.47,Poland,Poland,right,185,80,no,1.47,0.15,0.0,1.08,92.86,0.08,0.1,0.0,1.39,1.73,0.15,1,0.08,1,0.08,0.0,0.0,0,0.0,0.0,0,0.0,0,0.0,0.0,0.0,0.0,0.0,0.0,0.0,0.0,0.0,0.0,0.0,0.0,0.0,0.0,0.0,0.0,0.0,0.0,6.56,0.08,0.15,14.36,73.66,9.34,61.16,0.0,0.0,4.94,96.88,6.48,95.24,7.87,55.88,37.42,49.57,0.0,0.0,0.0,0.0,0.0,0.0,0.0,2.78,27.78,0.15,0.0,0.08,0.0,0.0,0.0,5.02,73.85,14,1.08,64,4.94,2,78.13,22.8,1.76,8.8,0.679,0.0,2.47,1.08,,,,0.0,0,0.0
K. Jałocha,,Stal Mielec,GK,35,100000,,3,288,0,0.0,0,0.0,0.63,50.0,Poland,Poland,right,201,92,no,1.25,0.63,50.0,0.0,0.0,0.0,0.0,0.0,0.94,1.43,0.0,0,0.0,0,0.0,0.0,0.0,0,0.0,0.0,0,0.0,0,0.0,0.0,0.0,0.0,0.0,0.0,0.0,0.0,0.0,0.0,0.0,0.0,0.0,0.0,0.0,0.0,0.0,0.0,8.44,0.31,0.0,14.37,89.13,5.31,70.59,0.0,0.0,8.75,100.0,11.56,97.3,2.81,55.56,30.74,53.48,0.0,0.0,0.0,0.0,0.0,0.0,0.0,1.25,25.0,0.0,0.0,0.63,0.0,0.0,0.0,2.19,71.43,11,3.44,19,5.94,0,42.11,7.13,2.23,-3.87,-1.209,0.0,0.63,0.0,,,,0.0,0,0.0
C. Demianiuk,Pogoń Siedlce,Pogoń Siedlce,"LAMF, LW, RW",33,100000,,32,1687,0,1.11,1,3.03,25.5,42.26,Poland,Poland,right,180,0,no,6.08,5.28,60.61,1.97,54.05,0.11,0.14,0.05,2.77,3.63,1.65,8,0.43,0,0.0,3.73,0.0,0,0.0,0.06,0,0.0,8,0.43,37.5,0.0,0.05,4.21,30.38,2.45,30.43,1.71,28.13,0.53,4.43,51.81,15.04,36.88,3.36,2.03,0.37,9.6,1.81,2.13,18.03,61.24,4.64,52.87,4.16,84.62,5.17,62.89,13.07,73.47,1.07,25.0,20.7,14.9,0.16,0.85,0.05,0.05,0.0,0.0,0.37,1.17,63.64,2.4,42.22,0.0,0.0,0.8,1.07,3.31,64.52,0,,0,,0,0.0,0.0,0.0,,,0.0,,,0.0,0.0,0.0,0.0,0,0.0
M. Kołodziejski,Avia Świdnik,Pogoń Siedlce,"LCB, RCB, LB",33,100000,,9,779,0,0.72,0,0.17,7.74,53.73,Poland,Poland,left,185,81,no,5.55,3.58,48.39,2.66,56.52,0.35,0.43,0.81,3.47,4.33,0.58,2,0.23,0,0.0,0.69,0.0,0,0.0,0.08,0,0.0,8,0.92,12.5,0.0,0.0,1.04,44.44,0.58,60.0,0.46,25.0,0.35,0.23,50.0,0.23,50.0,1.85,0.23,0.0,26.46,0.12,0.23,38.93,78.04,14.56,60.32,1.73,100.0,20.22,89.14,30.39,87.83,7.51,43.08,25.0,40.08,0.02,0.12,0.0,0.0,0.0,0.0,0.12,5.2,53.33,0.69,50.0,0.23,50.0,0.0,0.46,8.43,57.53,0,,0,,0,0.0,0.0,0.0,,,0.69,,,0.0,0.0,0.0,0.0,0,0.0
K. Danielewicz,,Pogoń Siedlce,"RCMF, LDMF, DMF",34,100000,,4,82,0,0.16,0,0.32,14.27,76.92,Poland,Poland,right,182,81,no,13.17,6.59,100.0,3.29,33.33,0.0,0.0,1.1,6.59,8.57,1.1,1,1.1,0,0.0,1.1,0.0,0,0.0,0.18,0,0.0,1,1.1,100.0,0.0,0.0,0.0,0.0,0.0,0.0,0.0,0.0,0.0,0.0,0.0,0.0,0.0,0.0,1.1,0.0,7.68,1.1,0.0,20.85,78.95,8.78,75.0,2.2,100.0,6.59,83.33,17.56,81.25,3.29,66.67,18.49,33.96,0.35,1.1,0.0,0.0,0.0,0.0,0.0,6.59,66.67,1.1,100.0,1.1,0.0,1.1,0.0,2.2,100.0,0,,0,,0,0.0,0.0,0.0,,,0.0,,,1.1,1.1,100.0,0.0,0,0.0
D. Jakubik,Pogoń Siedlce,Pogoń Siedlce,"RB, LB",36,100000,,27,2566,1,0.31,0,1.67,16.17,53.58,Poland,Poland,right,183,77,no,10.07,8.31,58.23,2.35,49.25,0.32,0.4,0.46,4.91,6.16,1.75,12,0.42,1,0.04,1.19,0.04,1,0.04,0.01,0,0.0,21,0.74,4.76,4.762,0.0,2.42,30.43,0.74,23.81,1.68,33.33,0.39,0.88,48.0,3.72,46.23,0.42,1.51,0.39,21.22,1.23,0.91,32.27,71.41,14.17,64.85,4.38,92.0,9.89,74.47,23.6,82.02,6.38,46.7,22.96,39.69,0.06,0.67,0.04,0.0,0.04,0.0,0.28,5.54,62.03,3.23,35.87,0.21,0.0,0.46,0.91,7.96,59.03,0,,0,,0,0.0,0.0,0.0,,,0.88,,,0.0,0.0,0.0,0.0,0,0.0
R. Mandrysz,Chrobry Głogów,Chrobry Głogów,"LDMF, DMF, LCMF",35,100000,2027-06-30,31,2991,4,3.74,3,1.42,9.9,49.24,Poland,Poland,right,180,72,no,6.38,3.49,55.17,2.95,47.96,0.09,0.13,0.6,4.36,6.33,1.14,8,0.24,0,0.0,0.78,0.12,4,0.12,0.11,0,0.0,45,1.35,33.33,8.889,0.09,0.45,26.67,0.15,20.0,0.3,30.0,0.06,0.24,62.5,1.75,41.38,0.96,0.48,0.0,33.91,0.3,0.6,45.56,88.51,13.69,73.19,6.23,98.07,19.74,94.97,41.83,92.52,3.28,45.87,18.81,39.74,0.04,0.42,0.03,0.0,0.06,100.0,0.21,6.41,72.77,1.23,43.9,0.57,21.05,0.57,0.12,5.66,77.13,0,,0,,0,0.0,0.0,0.0,,,0.63,,,0.0,0.0,0.0,0.0,0,0.0
Z. Petrović,Miedź Legnica,Miedź Legnica,"LCMF, RCMF",25,100000,2027-06-30,28,1290,3,1.34,2,1.22,23.02,53.64,Bosnia and Herzegovina,"Bosnia and Herzegovina, Croatia",right,182,74,no,8.44,7.6,59.63,3.63,44.23,0.07,0.12,0.42,3.84,6.35,2.65,4,0.28,0,0.0,2.65,0.21,3,0.21,0.09,0,0.0,18,1.26,38.89,16.667,0.14,0.63,55.56,0.14,100.0,0.49,42.86,0.0,2.72,66.67,8.86,55.12,2.02,1.53,0.42,13.88,0.56,3.84,22.19,84.91,5.44,65.38,6.35,97.8,6.28,92.22,20.86,86.62,0.77,54.55,15.5,11.25,0.09,0.63,0.0,0.0,0.0,0.0,0.21,1.47,80.95,1.33,63.16,0.0,0.0,0.42,0.35,2.65,71.05,0,,0,,0,0.0,0.0,0.0,,,0.56,,,0.21,0.07,0.0,0.42,0,0.0
D. Sokół,Łódzki KS,Znicz Pruszków,"RWB, RB",27,100000,2027-06-30,31,2348,4,4.29,2,3.71,18.02,50.64,Poland,Poland,right,185,69,no,10.43,6.9,53.89,5.21,54.41,1.07,1.31,0.46,5.63,6.87,1.38,4,0.15,1,0.04,1.99,0.15,2,0.08,0.16,2,0.08,35,1.34,34.29,11.429,0.08,3.3,23.26,0.08,0.0,3.22,23.81,0.34,1.57,48.78,3.87,47.52,2.41,1.0,0.23,16.94,2.15,1.38,25.99,61.5,11.12,54.48,3.87,89.11,6.36,62.65,19.2,70.86,3.76,43.88,20.47,30.85,0.14,0.65,0.08,0.04,0.0,0.0,0.27,3.6,57.45,2.95,38.96,0.15,75.0,0.8,0.8,7.51,62.76,0,,0,,0,0.0,0.0,0.0,,,0.23,,,0.0,0.0,0.0,0.0,2,100.0
M. Sanyang,Dila,Tychy 71,"AMF, LW, RW",23,100000,,16,669,3,1.57,2,0.39,23.95,41.57,Gambia,"Gambia, Germany",right,172,61,no,5.25,5.78,62.79,1.48,54.55,0.13,0.19,0.0,1.48,2.06,1.35,2,0.27,0,0.0,3.63,0.4,3,0.4,0.21,0,0.0,9,1.21,66.67,33.333,0.27,2.29,29.41,0.54,0.0,1.75,38.46,0.0,4.84,44.44,13.86,33.01,2.15,2.29,0.81,14.39,1.61,1.48,20.72,85.71,2.69,80.0,7.67,96.49,6.05,82.22,17.89,93.98,0.81,33.33,15.66,12.74,0.05,0.54,0.0,0.13,0.0,0.0,0.54,0.67,100.0,1.61,58.33,0.0,0.0,0.67,0.81,1.48,72.73,0,,0,,0,0.0,0.0,0.0,,,0.0,,,0.0,0.0,0.0,0.0,0,0.0
P. Szarek,,Chrobry Głogów,"RDMF, LB",30,100000,,4,18,0,0.01,0,0.0,,,Poland,Poland,right,185,80,no,,,,,,,0.0,,,7.5,,0,,0,,,,0,,,0,,1,,,0.0,,,,,,,,,,,,,,,,,,,,,,,,,,,,,,,16.49,11.73,,,,,,,,,,,,,,,,,,0,,0,,0,0.0,0.0,,,,,,,,,,,0,0.0
K. Tabiś,Chrobry Głogów,Chrobry Głogów,LB,26,100000,2028-06-30,24,2158,0,1.13,0,0.45,12.72,48.52,Poland,Poland,right,175,69,no,7.22,5.42,60.77,1.88,31.11,0.08,0.12,0.33,3.84,5.59,1.04,6,0.25,0,0.0,1.08,0.0,0,0.0,0.05,0,0.0,13,0.54,23.08,0.0,0.0,0.71,35.29,0.63,40.0,0.08,0.0,0.08,1.21,55.17,3.92,44.68,0.38,1.08,0.13,24.48,0.42,0.79,34.16,88.52,11.55,80.87,8.01,97.92,9.38,91.56,31.4,91.37,2.04,63.27,16.94,29.74,0.02,0.46,0.0,0.04,0.04,100.0,0.08,3.59,80.23,1.08,38.46,0.21,40.0,0.25,0.25,5.05,72.73,0,,0,,0,0.0,0.0,0.0,,,0.5,,,0.0,0.0,0.0,0.0,0,0.0
K. Śpiewak,Stal Stalowa Wola,Polonia Warszawa,CF,26,100000,,4,71,0,0.34,0,0.0,34.23,33.33,Poland,Poland,right,185,75,no,1.27,1.27,100.0,16.48,23.08,0.0,0.0,0.0,0.0,0.0,2.54,0,0.0,0,0.0,2.54,0.0,0,0.0,0.43,0,0.0,2,2.54,0.0,0.0,0.0,2.54,0.0,0.0,0.0,2.54,0.0,0.0,2.54,100.0,10.14,62.5,5.07,0.0,0.0,10.14,3.8,2.54,10.14,50.0,0.0,0.0,1.27,100.0,5.07,50.0,7.61,66.67,0.0,0.0,21.67,0.0,0.0,0.0,0.0,0.0,0.0,0.0,0.0,1.27,100.0,0.0,0.0,0.0,0.0,0.0,1.27,0.0,0.0,0,,0,,0,0.0,0.0,0.0,,,0.0,,,0.0,0.0,0.0,0.0,0,0.0
Rafa Santos,Birkirkara,Górnik Łęczna,"AMF, RDMF, RCMF",29,100000,2027-06-30,13,827,1,0.59,0,0.12,18.83,45.66,Portugal,"Portugal, Brazil",right,187,78,no,8.05,6.75,53.23,3.48,50.0,0.76,1.13,0.65,3.7,5.48,1.96,2,0.22,0,0.0,1.31,0.11,1,0.11,0.06,0,0.0,6,0.65,66.67,16.667,0.0,0.98,22.22,0.33,33.33,0.65,16.67,0.11,1.09,50.0,4.35,20.0,1.52,2.07,0.11,32.54,0.76,0.54,42.44,86.92,13.49,81.45,6.31,91.38,14.47,91.73,39.4,91.16,2.07,36.84,17.77,33.45,0.01,0.44,0.0,0.0,0.11,100.0,0.11,6.42,76.27,1.41,69.23,0.44,50.0,0.76,0.22,5.99,83.64,0,,0,,0,0.0,0.0,0.0,,,0.22,,,0.0,0.0,0.0,0.11,0,0.0
K. Nowak,,Odra Opole,"LWB, RB, LB",31,100000,,8,347,0,0.28,0,0.09,17.38,41.79,Poland,Poland,right,175,69,no,4.15,4.67,44.44,3.63,71.43,0.0,0.0,0.0,2.07,3.12,1.04,1,0.26,0,0.0,1.82,0.0,0,0.0,0.07,0,0.0,8,2.07,25.0,0.0,0.0,1.56,33.33,1.3,20.0,0.26,100.0,0.26,2.33,33.33,8.04,25.81,1.56,2.85,0.0,23.6,2.07,0.26,33.72,79.23,10.63,75.61,5.71,90.91,9.86,89.47,30.09,85.34,2.59,40.0,16.35,23.85,0.02,0.78,0.26,0.0,0.0,0.0,0.0,2.59,80.0,1.56,16.67,0.0,0.0,0.52,0.0,6.22,66.67,0,,0,,0,0.0,0.0,0.0,,,0.0,,,0.0,0.0,0.0,0.0,0,0.0
H. Matynia,Stal Mielec,Stal Mielec,LB,30,100000,2027-06-30,21,1542,2,1.41,2,1.71,11.79,51.49,Poland,Poland,left,181,70,no,8.75,5.43,55.91,3.27,51.79,0.12,0.16,0.41,5.6,7.76,0.93,2,0.12,0,0.0,1.63,0.12,2,0.12,0.08,1,0.06,16,0.93,31.25,12.5,0.12,1.63,57.14,1.58,55.56,0.0,0.0,0.06,0.88,46.67,1.63,42.86,0.93,0.88,0.18,25.16,0.93,0.7,35.25,81.13,19.14,73.48,5.6,98.96,6.42,84.55,27.96,88.52,5.89,52.48,20.17,34.79,0.1,0.88,0.12,0.0,0.0,0.0,0.18,7.76,72.93,1.98,58.82,0.29,20.0,0.41,0.82,9.69,75.3,0,,0,,0,0.0,0.0,0.0,,,0.64,,,0.29,0.0,0.0,1.28,0,0.0
D. Pik,,Pogoń Siedlce,"LB, RB",25,100000,,11,537,1,0.58,1,0.71,14.25,43.53,Poland,Poland,right,177,74,no,7.71,7.71,43.48,2.01,33.33,0.17,0.22,0.34,4.19,5.47,1.34,3,0.5,0,0.0,1.17,0.17,1,0.17,0.1,0,0.0,6,1.01,33.33,16.667,0.17,0.34,0.0,0.34,0.0,0.0,0.0,0.0,1.34,62.5,3.02,61.11,0.84,1.68,0.5,17.43,1.17,1.17,27.15,75.31,12.91,67.53,4.19,100.0,6.2,81.08,21.96,80.92,4.86,55.17,17.42,25.7,0.12,0.17,0.0,0.0,0.0,0.0,0.34,4.19,76.0,1.34,50.0,0.17,100.0,0.84,0.0,6.87,58.54,0,,0,,0,0.0,0.0,0.0,,,0.0,,,0.0,0.0,0.0,0.0,0,0.0
E. Dzięcioł,Pogoń Siedlce,Pogoń Siedlce,"LDMF, RDMF, LCMF",28,100000,2027-06-30,27,2336,1,0.83,1,0.91,14.37,54.16,Poland,Poland,right,184,0,no,10.06,7.01,60.99,2.74,43.66,0.31,0.39,0.77,5.47,6.93,1.58,4,0.15,1,0.04,0.54,0.04,1,0.04,0.03,1,0.04,10,0.39,30.0,10.0,0.04,0.39,40.0,0.19,40.0,0.19,40.0,0.08,0.27,100.0,2.39,59.68,0.31,0.42,0.04,18.69,0.35,1.5,32.29,83.53,11.9,70.55,4.7,96.72,12.56,91.1,26.31,87.41,5.59,68.28,21.39,36.58,0.03,0.15,0.0,0.0,0.0,0.0,0.04,4.97,75.97,0.81,52.38,0.19,20.0,0.39,0.23,6.59,66.67,0,,0,,0,0.0,0.0,0.0,,,0.27,,,0.31,0.0,0.0,0.0,0,0.0
S. Strozik,Chrobry Głogów,Chrobry Głogów,CF,27,100000,2027-06-30,35,2319,1,3.33,0,1.55,22.55,35.8,Poland,Poland,right,192,84,no,4.23,3.18,51.22,7.18,37.3,0.04,0.06,0.19,2.56,3.81,1.59,7,0.27,0,0.0,1.13,0.04,1,0.04,0.13,0,0.0,23,0.89,43.48,4.348,0.0,0.74,21.05,0.16,0.0,0.54,28.57,0.16,1.05,51.85,8.15,30.48,3.18,0.89,0.19,8.03,1.24,1.47,13.39,68.99,3.03,57.69,2.83,83.56,4.31,70.27,12.42,72.5,0.31,37.5,15.65,4.97,0.06,0.74,0.0,0.04,0.04,100.0,0.19,1.94,64.0,1.16,60.0,0.04,100.0,1.05,0.12,1.9,73.47,0,,0,,0,0.0,0.0,0.0,,,0.0,,,0.0,0.0,0.0,0.0,0,0.0
S. Bonecki,,Chrobry Głogów,"RDMF, LDMF, RCMF",31,100000,,22,1123,1,0.74,0,0.16,12.98,50.62,Poland,Poland,right,180,72,no,7.77,5.37,70.15,2.08,42.31,0.32,0.47,0.32,3.69,5.45,1.12,5,0.4,0,0.0,0.96,0.08,1,0.08,0.06,0,0.0,13,1.04,30.77,7.692,0.0,0.56,28.57,0.24,33.33,0.32,25.0,0.24,0.56,85.71,3.93,38.78,1.04,0.48,0.16,24.2,0.88,0.4,36.06,83.33,11.14,66.19,8.41,97.14,10.98,89.05,32.54,87.19,3.05,50.0,17.06,24.27,0.01,0.32,0.0,0.08,0.0,0.0,0.16,5.69,71.83,1.2,53.33,0.32,75.0,0.56,0.16,5.05,65.08,0,,0,,0,0.0,0.0,0.0,,,0.32,,,0.08,0.08,0.0,0.0,0,0.0
M. Lewandowski,Tychy 71,Łódzki KS,CF,27,100000,2028-06-30,34,1539,5,7.05,0,0.4,21.11,36.01,Poland,Poland,right,187,83,no,3.74,2.57,54.55,8.42,39.58,0.06,0.09,0.12,2.28,3.51,2.34,2,0.12,0,0.0,1.58,0.29,5,0.29,0.41,1,0.06,37,2.16,43.24,13.514,0.0,0.41,28.57,0.18,0.0,0.23,50.0,0.12,1.11,47.37,5.5,29.79,3.33,0.41,0.0,8.6,1.29,0.94,14.04,67.08,3.51,50.0,3.92,91.04,3.68,61.9,13.27,68.72,0.35,50.0,13.51,6.6,0.02,0.29,0.0,0.06,0.0,0.0,0.18,1.99,44.12,0.76,30.77,0.0,0.0,0.47,0.12,1.64,35.71,0,,0,,0,0.0,0.0,0.0,,,0.12,,,0.0,0.0,0.0,0.0,0,0.0
P. Banaszak,Śląsk Wrocław,Śląsk Wrocław,CF,29,100000,2027-06-30,29,2413,16,13.02,1,0.91,18.2,34.02,Poland,Poland,right,188,0,no,2.42,2.09,46.43,6.71,33.33,0.07,0.11,0.04,1.38,2.07,1.53,2,0.07,1,0.04,2.13,0.6,9,0.34,0.49,0,0.0,59,2.2,59.32,27.119,0.04,0.82,22.73,0.41,36.36,0.41,9.09,0.22,1.12,56.67,6.49,32.18,3.13,1.04,0.22,9.85,1.64,1.53,13.46,77.29,2.61,70.0,4.33,91.38,3.1,71.08,12.2,81.35,0.45,66.67,14.05,10.57,0.03,0.26,0.0,0.07,0.0,0.0,0.11,0.93,76.0,0.97,50.0,0.04,0.0,0.67,0.22,1.23,63.64,0,,0,,0,0.0,0.0,0.0,,,0.0,,,0.0,0.0,0.0,0.0,7,100.0
P. Plewka,Znicz Pruszków,Znicz Pruszków,DMF,26,75000,,21,1915,0,0.08,0,0.72,9.96,49.53,Poland,Poland,right,174,66,no,7.19,4.04,60.47,1.83,33.33,0.14,0.17,0.38,4.61,5.59,0.47,0,0.0,0,0.0,0.38,0.0,0,0.0,0.0,0,0.0,4,0.19,0.0,0.0,0.0,0.38,12.5,0.23,20.0,0.14,0.0,0.09,0.7,46.67,2.96,41.27,0.33,1.17,0.14,18.89,0.14,0.75,34.54,87.35,9.31,73.74,5.45,94.83,13.96,93.27,33.37,89.58,0.8,29.41,16.48,18.45,0.03,0.56,0.0,0.05,0.0,0.0,0.05,3.99,80.0,0.8,47.06,0.0,0.0,0.28,0.05,3.38,68.06,0,,0,,0,0.0,0.0,0.0,,,0.19,,,0.0,0.0,0.0,0.0,0,0.0
R. Majewski,Pogoń Grod. Mazowiecki,Znicz Pruszków,"CF, LW",39,50000,2027-06-30,31,2754,11,9.44,3,4.54,15.26,35.55,Poland,Poland,right,170,68,no,4.05,3.76,58.26,2.42,18.92,0.13,0.16,0.1,1.73,2.14,1.01,2,0.07,0,0.0,3.33,0.36,9,0.29,0.31,1,0.03,94,3.07,38.3,11.702,0.1,2.45,38.67,1.31,40.0,1.11,38.24,0.39,2.39,46.58,6.8,34.13,4.02,1.11,0.1,24.84,2.91,0.92,35.59,74.2,11.41,61.03,8.4,93.77,8.46,72.2,30.59,79.91,2.65,38.27,16.32,32.57,0.15,1.76,0.0,0.0,0.2,50.0,0.46,4.84,61.49,4.48,47.45,0.72,36.36,1.47,0.82,5.1,80.77,0,,0,,0,0.0,0.0,0.0,,,0.03,,,1.14,0.33,50.0,2.22,2,100.0
P. Kieszek,,Pogoń Grod. Mazowiecki,GK,42,50000,,33,3191,0,0.0,0,0.0,0.62,68.18,Poland,Poland,right,187,83,no,1.49,0.06,50.0,0.42,86.67,0.03,0.04,0.0,1.44,1.88,0.0,0,0.0,0,0.0,0.0,0.0,0,0.0,0.0,0,0.0,0,0.0,0.0,0.0,0.0,0.0,0.0,0.0,0.0,0.0,0.0,0.0,0.0,0.0,0.03,0.0,0.0,0.03,0.0,10.77,0.2,0.2,18.39,85.89,8.8,72.76,0.0,0.0,8.74,98.71,13.82,96.53,4.57,53.7,27.28,45.49,0.0,0.0,0.0,0.0,0.0,0.0,0.03,1.13,32.5,0.06,0.0,0.0,0.0,0.0,0.0,3.58,60.63,54,1.52,170,4.79,4,68.24,47.56,1.34,-6.44,-0.182,0.0,1.24,0.42,,,,0.0,0,0.0
D. Szuprytowski,Pogoń Siedlce,Pogoń Siedlce,"AMF, CF",37,50000,2027-06-30,31,2008,3,0.99,1,1.95,12.19,47.79,Poland,Poland,both,172,0,no,3.63,3.76,59.52,1.39,22.58,0.13,0.17,0.22,1.25,1.55,0.72,3,0.13,0,0.0,1.12,0.13,3,0.13,0.04,0,0.0,19,0.85,36.84,15.789,0.04,1.25,39.29,0.63,28.57,0.58,53.85,0.31,0.72,43.75,5.29,48.31,1.43,1.21,0.13,20.98,1.39,1.75,30.3,80.77,8.34,69.35,7.22,92.55,8.29,82.16,27.39,84.45,1.66,51.35,16.27,23.1,0.09,0.99,0.13,0.0,0.0,0.0,0.13,3.85,67.44,2.15,60.42,0.09,50.0,1.03,0.49,4.93,70.91,0,,0,,0,0.0,0.0,0.0,,,0.04,,,0.67,0.0,0.0,2.15,0,0.0
B. Pindroch,Komárno,Górnik Łęczna,GK,34,50000,2027-06-30,18,1780,0,0.0,0,0.0,0.51,70.0,Slovakia,Slovakia,right,194,90,no,1.06,0.15,66.67,0.1,50.0,0.1,0.15,0.0,0.86,1.28,0.05,3,0.15,0,0.0,0.0,0.0,0,0.0,0.0,0,0.0,0,0.0,0.0,0.0,0.0,0.0,0.0,0.0,0.0,0.0,0.0,0.0,0.0,0.0,0.15,100.0,0.0,0.0,0.0,11.98,0.1,0.25,20.78,87.59,9.76,76.17,0.0,0.0,10.16,98.01,15.27,97.68,5.46,60.19,26.67,45.8,0.0,0.0,0.0,0.0,0.0,0.0,0.0,1.42,35.71,0.15,0.0,0.1,50.0,0.0,0.0,3.54,67.14,36,1.82,97,4.9,1,62.89,26.66,1.35,-9.34,-0.472,0.0,1.16,0.1,,,,0.0,0,0.0
O. Koprowski,Pogoń Grod. Mazowiecki,Znicz Pruszków,LCB,27,50000,,27,2421,0,1.09,1,0.42,12.86,57.8,Poland,Poland,left,185,85,no,6.47,4.28,61.74,5.24,58.16,0.15,0.18,0.52,3.68,4.56,0.97,8,0.3,0,0.0,0.63,0.0,0,0.0,0.04,0,0.0,9,0.33,11.11,0.0,0.04,1.15,45.16,1.08,44.83,0.04,0.0,0.19,0.07,100.0,1.45,38.46,1.6,0.63,0.04,26.39,0.48,0.67,40.63,80.05,18.88,69.29,2.75,90.54,14.09,91.56,29.63,89.21,9.85,56.6,23.59,39.97,0.02,0.41,0.04,0.0,0.07,0.0,0.11,8.44,65.64,2.01,55.56,0.67,33.33,0.74,0.56,10.63,73.43,0,,0,,0,0.0,0.0,0.0,,,0.97,,,0.04,0.0,0.0,0.0,0,0.0
O. Sławiński,Nieciecza,Stal Rzeszów,"CF, RCMF, LCMF",21,50000,2028-06-30,29,1839,4,4.02,0,1.95,17.23,43.75,Poland,Poland,right,184,74,no,4.8,4.6,53.19,2.64,33.33,0.0,0.0,0.2,2.35,3.19,0.98,4,0.2,0,0.0,2.5,0.2,3,0.15,0.2,1,0.05,35,1.71,22.86,11.429,0.0,1.22,48.0,0.29,33.33,0.88,50.0,0.2,2.64,57.41,7.78,44.03,1.81,1.27,0.0,18.25,1.37,1.71,25.79,73.81,9.4,63.54,4.65,91.58,8.08,77.58,21.83,79.15,2.79,43.86,17.19,24.62,0.1,0.78,0.05,0.0,0.15,0.0,0.29,4.11,64.29,1.96,50.0,0.29,16.67,0.59,0.49,4.5,71.74,0,,0,,0,0.0,0.0,0.0,,,0.0,,,0.39,0.15,33.33,1.47,1,100.0
M. Hołownia,Górnik Łęczna,Górnik Łęczna,LCB,28,50000,2027-06-30,11,959,3,1.33,0,0.55,14.17,55.63,Poland,Poland,left,184,70,no,8.73,5.82,67.74,5.54,49.15,0.56,0.85,0.56,4.22,6.34,0.94,1,0.09,0,0.0,0.56,0.28,3,0.28,0.13,2,0.19,4,0.38,75.0,75.0,0.0,0.66,28.57,0.56,33.33,0.09,0.0,0.09,0.19,50.0,1.5,50.0,1.03,0.94,0.0,32.57,0.75,0.84,42.04,79.91,22.99,72.24,3.0,96.88,10.14,92.59,35.85,85.6,5.54,49.15,18.05,32.83,0.05,0.38,0.0,0.0,0.0,0.0,0.19,7.7,65.85,1.22,23.08,0.38,25.0,0.19,0.28,9.95,70.75,0,,0,,0,0.0,0.0,0.0,,,0.19,,,0.0,0.0,0.0,0.0,0,0.0
B. Spáčil,Odra Opole,Górnik Łęczna,"CF, LAMF, RW",22,50000,2028-06-30,30,2212,6,7.4,2,1.94,19.69,43.39,Slovakia,Slovakia,,0,0,no,5.21,4.6,53.98,4.48,30.91,0.24,0.36,0.12,2.48,3.61,2.03,12,0.49,0,0.0,3.87,0.24,5,0.2,0.3,0,0.0,50,2.03,36.0,12.0,0.08,2.56,22.22,1.22,26.67,1.3,18.75,0.73,4.56,55.36,8.22,44.55,3.42,1.87,0.33,13.26,2.16,1.46,15.91,59.85,3.87,49.47,3.38,86.75,5.05,53.23,12.21,70.67,1.26,35.48,18.72,18.73,0.08,0.73,0.0,0.0,0.04,100.0,0.16,1.59,56.41,2.24,34.55,0.2,40.0,0.61,0.45,2.81,56.52,0,,0,,0,0.0,0.0,0.0,,,0.12,,,0.0,0.0,0.0,0.04,1,100.0
K. Broda,,Wisła Kraków,GK,24,50000,,9,871,0,0.0,0,0.0,0.72,100.0,Poland,Poland,right,189,81,no,2.07,0.31,100.0,0.31,100.0,0.1,0.17,0.0,1.65,2.79,0.0,0,0.0,0,0.0,0.0,0.0,0,0.0,0.0,0,0.0,0,0.0,0.0,0.0,0.0,0.0,0.0,0.0,0.0,0.0,0.0,0.0,0.0,0.0,0.1,100.0,0.0,0.0,0.0,10.23,0.31,0.1,20.56,86.43,7.23,71.43,0.1,0.0,11.78,95.61,15.29,97.3,5.27,54.9,25.6,35.93,0.0,0.0,0.0,0.0,0.0,0.0,0.0,0.93,44.44,0.1,0.0,0.31,33.33,0.0,0.0,3.62,51.43,10,1.03,23,2.38,4,56.52,6.21,0.64,-3.79,-0.392,0.0,1.14,0.31,,,,0.0,0,0.0
P. Misztal,Znicz Pruszków,Znicz Pruszków,GK,39,25000,,20,1930,0,0.06,0,0.0,0.93,80.0,Poland,Poland,,193,90,no,1.07,0.05,100.0,0.56,83.33,0.0,0.0,0.0,1.03,1.29,0.0,0,0.0,0,0.0,0.0,0.0,0,0.0,0.0,0,0.0,1,0.05,0.0,0.0,0.0,0.0,0.0,0.0,0.0,0.0,0.0,0.0,0.0,0.0,0.14,100.0,0.05,0.0,0.0,7.69,0.05,0.19,11.84,71.65,7.79,61.08,0.0,0.0,3.5,94.67,4.66,96.0,7.09,56.58,37.34,46.44,0.0,0.0,0.0,0.0,0.0,0.0,0.0,1.54,45.45,0.0,0.0,0.0,0.0,0.0,0.0,5.04,65.74,31,1.45,79,3.68,3,60.76,18.25,0.85,-12.75,-0.595,0.0,1.68,0.56,,,,0.0,0,0.0
M. Kozioł,Stal Rzeszów,Stal Rzeszów,GK,38,25000,2027-06-30,21,2031,0,0.0,0,0.0,0.62,78.57,Poland,Poland,right,199,91,no,1.37,0.22,40.0,0.31,100.0,0.04,0.06,0.0,1.24,1.67,0.04,1,0.04,0,0.0,0.0,0.0,0,0.0,0.0,0,0.0,0,0.0,0.0,0.0,0.0,0.0,0.0,0.0,0.0,0.0,0.0,0.0,0.0,0.0,0.04,100.0,0.0,0.0,0.0,9.08,0.09,0.13,16.79,85.22,9.13,74.76,0.0,0.0,7.18,97.53,12.54,96.82,4.25,51.04,30.25,44.5,0.0,0.0,0.0,0.0,0.0,0.0,0.0,1.02,30.43,0.13,0.0,0.0,0.0,0.0,0.0,3.81,65.12,33,1.46,113,5.01,4,70.8,35.43,1.57,2.43,0.108,0.0,1.29,0.31,,,,0.0,0,0.0
A. Sandach,Polonia Warszawa,Polonia Warszawa,GK,22,25000,2027-06-30,2,144,0,0.0,0,0.0,1.25,50.0,Poland,Poland,,190,85,no,0.63,0.63,0.0,0.63,100.0,0.0,0.0,0.0,0.63,0.88,0.63,0,0.0,1,0.63,0.0,0.0,0,0.0,0.0,0,0.0,0,0.0,0.0,0.0,0.0,0.0,0.0,0.0,0.0,0.0,0.0,0.0,0.0,0.0,0.0,0.0,0.0,0.0,0.0,11.88,0.63,0.0,16.88,88.89,10.0,81.25,0.0,0.0,5.63,100.0,11.25,100.0,5.63,66.67,24.97,36.69,0.0,0.0,0.0,0.0,0.0,0.0,0.0,1.25,50.0,0.0,0.0,0.0,0.0,0.0,0.0,3.75,66.67,0,0.0,5,3.13,1,100.0,0.99,0.62,0.99,0.619,0.0,0.63,0.63,,,,0.0,0,0.0
J. Przybylko,Odra Opole,Odra Opole,CF,32,0,,2,161,2,0.83,0,0.01,12.86,39.13,Austria,Austria,right,0,0,no,2.8,1.68,100.0,5.03,44.44,0.0,0.0,0.0,1.12,1.28,0.0,1,0.56,0,0.0,3.35,1.12,2,1.12,0.46,0,0.0,5,2.8,60.0,40.0,0.0,1.12,50.0,1.12,50.0,0.0,0.0,0.0,0.56,100.0,1.12,50.0,4.47,0.0,0.0,13.42,1.68,0.0,16.21,79.31,2.8,60.0,6.15,90.91,2.24,100.0,15.09,81.48,0.0,0.0,17.54,0.0,0.01,0.56,0.0,0.0,1.12,50.0,0.0,1.68,100.0,0.56,0.0,0.0,0.0,0.0,0.56,1.68,66.67,0,,0,,0,0.0,0.0,0.0,,,0.0,,,0.0,0.0,0.0,0.0,0,0.0
J. Pešek,Sparta Praha II,Wieczysta Kraków,"LW, RW",33,0,2027-12-31,1,41,0,0.0,0,0.0,,,Czech Republic,Czech Republic,right,173,69,no,,,,,,,0.0,,,3.33,,0,,0,,,,0,,,0,,0,,,0.0,,,,,,,,,,,,,,,,,,,,,,,,,,,,,,,15.52,39.49,,,,,,,,,,,,,,,,,,0,,0,,0,0.0,0.0,,,,,,,,,,,0,0.0
Rafael Lopes,Anorthosis,Wieczysta Kraków,CF,34,0,2027-05-31,19,785,6,5.16,1,0.35,18.92,38.18,Portugal,Portugal,right,185,79,no,4.36,2.87,64.0,8.03,35.71,0.23,0.37,0.34,2.29,3.73,0.8,1,0.11,0,0.0,1.38,0.69,5,0.57,0.59,2,0.23,20,2.29,50.0,30.0,0.11,0.69,0.0,0.34,0.0,0.34,0.0,0.11,0.34,66.67,4.47,25.64,4.24,0.23,0.11,14.68,2.29,1.03,17.66,70.13,4.36,52.63,3.67,93.75,4.7,75.61,16.74,73.29,0.23,50.0,15.49,4.11,0.04,0.23,0.11,0.0,0.11,0.0,0.11,1.72,46.67,1.03,33.33,0.11,0.0,0.46,0.11,1.38,41.67,0,,0,,0,0.0,0.0,0.0,,,0.0,,,0.0,0.0,0.0,0.0,1,100.0
P. Brlek,Segesta Sisak,Wieczysta Kraków,"RDMF, LCMF, CF",32,0,,2,57,0,0.49,0,0.15,12.63,37.5,Croatia,Croatia,right,180,74,no,1.58,1.58,0.0,4.74,66.67,0.0,0.0,0.0,1.58,3.33,0.0,0,0.0,0,0.0,3.16,0.0,0,0.0,0.78,0,0.0,3,4.74,0.0,0.0,0.0,1.58,100.0,0.0,0.0,1.58,100.0,0.0,1.58,100.0,4.74,33.33,1.58,1.58,0.0,18.95,0.0,0.0,30.0,89.47,4.74,100.0,6.32,100.0,15.79,90.0,26.84,88.24,1.58,100.0,21.28,29.52,0.24,1.58,0.0,0.0,0.0,0.0,0.0,3.16,100.0,1.58,100.0,0.0,0.0,0.0,1.58,4.74,100.0,0,,0,,0,0.0,0.0,0.0,,,0.0,,,0.0,0.0,0.0,0.0,0,0.0
J. Góralski,,Wieczysta Kraków,"LDMF, RCMF, RDMF",33,0,,13,739,0,0.01,0,0.06,18.51,51.97,Poland,Poland,right,172,66,no,13.76,9.74,52.5,2.92,45.83,1.95,3.36,0.61,6.7,11.54,2.68,2,0.24,0,0.0,0.24,0.0,0,0.0,0.0,0,0.0,2,0.24,0.0,0.0,0.0,0.0,0.0,0.0,0.0,0.0,0.0,0.0,0.37,66.67,2.92,54.17,0.12,0.61,0.12,24.11,0.12,1.34,40.31,87.01,13.4,71.82,8.16,94.03,12.67,99.04,38.36,88.57,1.95,56.25,17.0,23.13,0.01,0.37,0.0,0.0,0.0,0.0,0.24,6.45,81.13,0.73,33.33,0.12,100.0,0.37,0.0,4.02,72.73,0,,0,,0,0.0,0.0,0.0,,,0.61,,,0.0,0.0,0.0,0.0,0,0.0
T. Swędrowski,Warta Sieradz,Wieczysta Kraków,"RDMF, LDMF",32,0,,13,795,1,1.7,0,0.46,12.79,42.48,Poland,Poland,right,172,71,no,7.13,4.53,52.5,2.38,42.86,0.11,0.17,0.34,4.64,6.8,1.36,1,0.11,0,0.0,0.91,0.11,1,0.11,0.19,0,0.0,12,1.36,25.0,8.333,0.0,1.47,7.69,0.23,50.0,1.25,0.0,0.57,1.02,44.44,4.08,30.56,2.04,2.72,0.11,26.04,0.23,1.02,38.38,82.6,14.15,71.2,5.09,100.0,14.04,87.9,33.28,88.78,3.74,54.55,18.61,26.69,0.05,0.57,0.0,0.0,0.0,0.0,0.11,5.21,80.43,1.7,20.0,0.23,0.0,0.45,0.0,5.55,73.47,0,,0,,0,0.0,0.0,0.0,,,0.68,,,0.11,0.0,0.0,1.7,0,0.0
D. Jaron,Pogoń Grod. Mazowiecki,Pogoń Grod. Mazowiecki,"AMF, CF, RW",36,0,2027-06-30,27,744,2,2.03,0,1.01,12.94,45.79,Poland,Poland,right,184,80,no,3.63,3.27,51.85,3.27,44.44,0.0,0.0,0.12,1.94,3.02,0.85,0,0.0,0,0.0,2.42,0.24,1,0.12,0.25,1,0.12,6,0.73,50.0,33.333,0.0,2.9,29.17,0.85,0.0,1.94,43.75,0.36,1.94,62.5,4.72,41.03,3.15,0.48,0.12,19.72,2.9,0.97,28.06,64.22,9.68,60.0,3.15,73.08,9.56,62.03,23.1,69.11,2.18,61.11,18.46,19.58,0.12,1.09,0.12,0.0,0.12,0.0,0.36,3.02,68.0,2.78,47.83,0.12,100.0,1.33,0.85,6.41,54.72,0,,0,,0,0.0,0.0,0.0,,,0.0,,,0.24,0.0,0.0,0.12,1,100.0
P. Stefański,Polonia Bytom,Polonia Bytom,LWB,36,0,2027-06-30,17,584,1,1.07,2,1.21,22.65,46.94,Poland,Poland,right,178,75,no,8.63,7.4,56.25,2.0,23.08,0.31,0.46,0.15,4.16,6.18,2.47,3,0.46,0,0.0,4.16,0.15,1,0.15,0.16,0,0.0,7,1.08,28.57,14.286,0.31,4.78,29.03,3.85,28.0,0.92,33.33,0.46,4.01,61.54,10.94,50.7,2.0,2.47,0.15,20.19,2.31,2.93,26.2,67.65,6.78,70.45,5.7,86.49,7.24,61.7,18.96,80.49,2.47,43.75,17.24,17.35,0.19,1.39,0.15,0.0,0.0,0.0,0.46,1.7,54.55,3.7,37.5,0.0,0.0,0.46,1.54,4.78,64.52,0,,0,,0,0.0,0.0,0.0,,,0.0,,,0.62,0.0,0.0,0.62,0,0.0
M. Pazdan,,Wieczysta Kraków,"LCB, RCB",38,0,,30,2662,1,2.3,0,0.0,11.83,61.14,Poland,Poland,right,181,78,no,8.52,4.8,68.31,4.16,54.47,0.57,0.83,0.64,4.67,6.78,1.39,10,0.34,0,0.0,0.2,0.03,1,0.03,0.08,0,0.0,10,0.34,40.0,10.0,0.0,0.03,0.0,0.03,0.0,0.0,0.0,0.0,0.07,100.0,0.57,58.82,0.51,0.61,0.0,37.97,0.1,0.57,53.15,91.54,18.76,82.34,1.72,98.04,27.89,97.45,49.02,94.34,4.09,58.68,20.44,33.21,0.0,0.0,0.0,0.07,0.0,0.0,0.0,5.61,78.31,0.27,25.0,0.2,16.67,0.1,0.0,7.03,72.12,0,,0,,0,0.0,0.0,0.0,,,0.95,,,0.0,0.0,0.0,0.0,0,0.0
M. Koj,Wieczysta Kraków,Wieczysta Kraków,"LCB, LB",33,0,2027-06-30,3,87,0,0.0,0,0.0,21.72,52.38,Poland,Poland,left,188,81,no,6.21,7.24,57.14,4.14,50.0,0.0,0.0,0.0,2.07,3.33,3.1,0,0.0,0,0.0,0.0,0.0,0,0.0,0.0,0,0.0,0,0.0,0.0,0.0,0.0,1.03,0.0,1.03,0.0,0.0,0.0,0.0,1.03,0.0,2.07,0.0,0.0,1.03,0.0,23.79,2.07,2.07,41.38,75.0,18.62,61.11,6.21,100.0,15.52,80.0,31.03,83.33,9.31,55.56,15.64,12.79,0.0,0.0,0.0,0.0,0.0,0.0,0.0,9.31,66.67,4.14,50.0,1.03,0.0,2.07,0.0,12.41,83.33,0,,0,,0,0.0,0.0,0.0,,,2.07,,,0.0,0.0,0.0,0.0,0,0.0
Joan Román,,Wieczysta Kraków,"LAMF, LW",33,0,,3,148,1,0.98,0,0.37,14.59,45.83,Spain,Spain,both,175,65,no,7.91,5.47,55.56,0.0,0.0,0.0,0.0,0.0,4.86,7.27,0.61,0,0.0,0,0.0,3.65,0.61,0,0.0,0.6,0,0.0,4,2.43,50.0,25.0,0.0,1.82,33.33,1.22,0.0,0.61,100.0,0.0,3.04,60.0,8.51,42.86,4.26,3.04,0.0,23.11,1.22,1.22,31.62,90.38,6.69,100.0,9.73,93.75,10.34,88.24,29.8,93.88,0.0,0.0,15.49,0.0,0.22,2.43,0.0,0.0,0.0,0.0,0.0,1.22,100.0,1.82,66.67,0.0,0.0,1.82,0.61,3.65,83.33,0,,0,,0,0.0,0.0,0.0,,,0.0,,,0.0,0.0,0.0,0.0,1,100.0
R. Pietrzak,,Wieczysta Kraków,LB,34,0,,16,814,0,0.13,1,1.54,8.07,56.16,Poland,Poland,left,176,69,no,5.31,3.98,52.78,1.33,58.33,0.33,0.49,0.22,2.87,4.26,0.77,2,0.22,0,0.0,1.66,0.0,0,0.0,0.01,0,0.0,6,0.66,0.0,0.0,0.11,4.75,27.91,3.98,27.78,0.77,28.57,0.55,0.66,50.0,1.55,57.14,0.66,1.99,0.11,39.14,1.11,0.66,50.75,79.08,23.33,72.04,5.2,100.0,16.81,82.89,39.14,89.55,7.08,53.13,21.8,36.41,0.17,1.77,0.0,0.0,0.0,0.0,0.66,9.18,67.47,4.53,36.59,0.66,33.33,0.44,1.55,12.16,74.55,0,,0,,0,0.0,0.0,0.0,,,1.0,,,1.22,0.11,0.0,1.99,0,0.0
P. Sokolowski,Śląsk Wrocław,Śląsk Wrocław,"RDMF, LDMF, LCMF",31,0,2027-06-30,23,1740,1,3.02,0,1.19,12.88,51.0,Poland,Poland,unknown,0,0,no,7.71,4.19,59.26,3.0,48.28,0.41,0.63,0.36,4.81,7.28,0.93,2,0.1,0,0.0,1.14,0.05,1,0.05,0.16,0,0.0,22,1.14,36.36,4.545,0.0,0.1,0.0,0.0,0.0,0.1,0.0,0.05,0.93,72.22,3.31,48.44,1.29,0.88,0.0,34.03,0.31,1.09,46.6,85.68,14.95,73.7,7.76,94.67,16.97,94.82,44.22,87.84,2.28,47.73,15.63,22.89,0.06,0.57,0.1,0.0,0.21,25.0,0.16,8.84,84.8,2.07,50.0,0.67,38.46,1.03,0.0,7.66,72.3,0,,0,,0,0.0,0.0,0.0,,,0.36,,,0.0,0.0,0.0,0.0,0,0.0
P. Kwiatkowski,Stal Mielec,Stal Mielec,"RCB, CB",18,0,,9,372,0,0.23,0,0.0,13.06,55.56,Poland,Poland,,189,0,yes,6.77,3.87,62.5,7.26,56.67,0.24,0.42,0.73,4.11,7.18,1.69,1,0.24,1,0.24,0.73,0.0,0,0.0,0.06,0,0.0,2,0.48,50.0,0.0,0.0,0.24,100.0,0.0,0.0,0.24,100.0,0.24,0.24,100.0,0.48,100.0,0.48,1.69,0.0,38.71,0.48,0.24,51.05,84.36,19.6,64.2,3.87,100.0,22.98,96.84,43.55,91.67,7.26,40.0,22.17,28.26,0.0,0.0,0.0,0.0,0.0,0.0,0.0,5.56,56.52,0.48,50.0,0.24,0.0,0.0,0.24,7.5,61.29,0,,0,,0,0.0,0.0,0.0,,,1.94,,,0.0,0.0,0.0,0.0,0,0.0
N. Vasin,Polonia Warszawa,Polonia Warszawa,"LCMF, RCMF",19,0,2027-06-30,11,536,0,0.74,2,0.13,10.91,35.38,Poland,Poland,right,183,0,no,4.87,4.03,50.0,2.52,13.33,0.0,0.0,0.34,2.85,4.02,0.5,1,0.17,0,0.0,0.84,0.0,0,0.0,0.12,0,0.0,14,2.35,21.43,0.0,0.34,0.5,0.0,0.34,0.0,0.17,0.0,0.0,1.01,33.33,3.53,28.57,2.01,0.5,0.0,14.78,0.34,0.84,19.81,73.73,7.39,52.27,4.37,100.0,3.53,76.19,16.96,81.19,2.35,35.71,12.93,16.8,0.02,0.5,0.0,0.0,0.17,0.0,0.34,3.86,47.83,0.84,40.0,0.67,25.0,0.17,0.0,3.02,44.44,0,,0,,0,0.0,0.0,0.0,,,0.17,,,0.0,0.0,0.0,0.0,0,0.0
S. Pukała,Stal Rzeszów,Stal Rzeszów,"RW, RWF, LWF",18,0,,3,127,0,0.27,0,0.37,10.63,33.33,Poland,Poland,,0,0,no,6.38,6.38,44.44,1.42,0.0,0.0,0.0,0.0,3.54,4.17,0.71,0,0.0,0,0.0,1.42,0.0,0,0.0,0.19,0,0.0,1,0.71,100.0,0.0,0.0,2.13,33.33,0.71,100.0,1.42,0.0,0.0,0.0,0.0,2.13,33.33,1.42,1.42,0.71,19.84,0.71,0.71,22.68,78.13,4.25,66.67,5.67,75.0,6.38,88.89,20.55,82.76,0.71,0.0,13.34,15.2,0.27,1.42,0.0,0.0,0.0,0.0,0.71,0.71,100.0,0.71,0.0,0.0,0.0,0.0,0.71,1.42,0.0,0,,0,,0,0.0,0.0,0.0,,,0.0,,,0.0,0.0,0.0,0.71,0,0.0
A. Redliński,Znicz Pruszków,Znicz Pruszków,"DMF, LCMF",19,0,,1,23,0,0.0,0,0.0,,,Poland,Poland,,0,0,no,,,,,,,3.33,,,6.67,,0,,0,,,,0,,,0,,0,,,0.0,,,,,,,,,,,,,,,,,,,,,,,,,,,,,,,16.74,51.01,,,,,,,,,,,,,,,,,,0,,0,,0,0.0,0.0,,,,,,,,,,,0,0.0
O. Madej,Stal Rzeszów,Stal Rzeszów,"LCMF, LW, RCMF",16,0,,6,283,0,0.42,0,0.0,18.45,44.83,Poland,Poland,,0,0,no,8.59,9.54,46.67,1.59,20.0,0.32,0.37,0.0,3.82,4.44,3.18,1,0.32,0,0.0,0.64,0.0,0,0.0,0.13,0,0.0,5,1.59,20.0,0.0,0.0,0.64,50.0,0.32,0.0,0.32,100.0,0.0,0.32,0.0,5.09,50.0,0.64,0.64,0.64,25.76,1.59,3.18,31.48,73.74,9.86,64.52,4.45,92.86,10.81,70.59,27.35,77.91,3.82,41.67,17.4,31.78,0.0,0.0,0.0,0.0,0.0,0.0,0.0,4.13,76.92,1.27,50.0,0.32,100.0,0.32,0.32,7.63,62.5,0,,0,,0,0.0,0.0,0.0,,,0.32,,,0.64,0.0,0.0,1.59,0,0.0
A. Bartoszewicz,Znicz Pruszków,Znicz Pruszków,CF,17,0,,6,104,0,0.03,0,0.02,25.96,33.33,Poland,Poland,,0,0,no,4.33,2.6,100.0,8.65,30.0,0.0,0.0,0.0,1.73,2.5,0.0,0,0.0,0,0.0,0.0,0.0,0,0.0,0.03,0,0.0,1,0.87,0.0,0.0,0.0,0.87,0.0,0.87,0.0,0.0,0.0,0.0,1.73,0.0,9.52,9.09,1.73,0.87,0.87,4.33,2.6,1.73,9.52,54.55,0.87,100.0,2.6,33.33,3.46,75.0,8.65,60.0,0.0,0.0,17.52,0.0,0.02,0.87,0.0,0.0,0.0,0.0,0.87,0.87,100.0,0.87,100.0,0.0,0.0,0.87,0.0,0.87,100.0,0,,0,,0,0.0,0.0,0.0,,,0.0,,,0.0,0.0,0.0,0.0,0,0.0
K. Szablowski,Chrobry Głogów,Chrobry Głogów,"CF, RWF",20,0,,5,84,0,0.24,0,0.26,22.5,23.81,Poland,Poland,,0,0,no,4.29,4.29,25.0,9.64,11.11,0.0,0.0,0.0,3.21,6.0,2.14,0,0.0,0,0.0,3.21,0.0,0,0.0,0.26,0,0.0,2,2.14,0.0,0.0,0.0,0.0,0.0,0.0,0.0,0.0,0.0,0.0,4.29,75.0,7.5,42.86,5.36,0.0,0.0,15.0,3.21,0.0,18.21,70.59,6.43,50.0,3.21,100.0,1.07,100.0,16.07,73.33,2.14,50.0,7.55,13.48,0.28,1.07,0.0,0.0,0.0,0.0,1.07,4.29,75.0,1.07,0.0,1.07,0.0,1.07,0.0,4.29,50.0,0,,0,,0,0.0,0.0,0.0,,,0.0,,,0.0,0.0,0.0,0.0,0,0.0
W. Brzek,Stal Rzeszów,Stal Rzeszów,RCMF,17,0,,1,5,0,0.0,0,0.0,,,Poland,Poland,,0,0,no,,,,,,,0.0,,,0.0,,0,,0,,,,0,,,0,,0,,,0.0,,,,,,,,,,,,,,,,,,,,,,,,,,,,,,,9.49,0.0,,,,,,,,,,,,,,,,,,0,,0,,0,0.0,0.0,,,,,,,,,,,0,0.0
R. Bieniaszewski,Stal Rzeszów,Stal Rzeszów,"RW, RCMF, LWF",20,0,,2,60,0,0.0,0,0.02,6.0,25.0,Poland,Poland,,0,0,no,3.0,3.0,0.0,0.0,0.0,0.0,0.0,0.0,3.0,3.53,1.5,0,0.0,0,0.0,1.5,0.0,0,0.0,0.0,0,0.0,0,0.0,0.0,0.0,0.0,1.5,0.0,0.0,0.0,1.5,0.0,0.0,1.5,100.0,1.5,100.0,0.0,1.5,0.0,15.0,1.5,1.5,18.0,58.33,3.0,50.0,4.5,100.0,7.5,60.0,16.5,63.64,0.0,0.0,13.42,0.0,0.03,1.5,0.0,0.0,0.0,0.0,0.0,1.5,0.0,1.5,0.0,0.0,0.0,0.0,0.0,0.0,0.0,0,,0,,0,0.0,0.0,0.0,,,0.0,,,0.0,0.0,0.0,0.0,0,0.0
K. Tworzydlo,Chrobry Głogów,Chrobry Głogów,"LAMF, LW",19,0,2027-06-30,2,8,0,0.11,0,0.0,,,Poland,Poland,,172,0,no,,,,,,,0.0,,,0.0,,0,,0,,,,0,,,0,,1,,,0.0,,,,,,,,,,,,,,,,,,,,,,,,,,,,,,,12.45,0.0,,,,,,,,,,,,,,,,,,0,,0,,0,0.0,0.0,,,,,,,,,,,0,0.0
M. Soja,Stal Rzeszów,Stal Rzeszów,RCB,20,0,,1,42,0,0.0,0,0.0,,,Poland,Poland,,0,0,no,,,,,,,0.0,,,8.18,,0,,0,,,,0,,,0,,0,,,0.0,,,,,,,,,,,,,,,,,,,,,,,,,,,,,,,22.88,0.0,,,,,,,,,,,,,,,,,,0,,0,,0,0.0,0.0,,,,,,,,,,,0,0.0
J. Kucharski,Stal Rzeszów,Stal Rzeszów,"RCMF, LWF",17,0,2027-06-30,20,689,1,0.87,1,2.06,18.94,41.38,Poland,Poland,both,0,0,no,6.92,6.27,56.25,2.87,40.91,0.13,0.2,0.13,3.27,4.93,1.7,2,0.26,0,0.0,1.44,0.13,1,0.13,0.11,0,0.0,16,2.09,31.25,6.25,0.13,1.44,27.27,0.78,33.33,0.52,25.0,0.39,1.7,23.08,7.97,29.51,3.13,1.31,0.0,22.73,0.39,0.78,30.57,81.2,6.92,69.81,7.45,94.74,9.8,80.0,27.43,84.76,1.96,60.0,15.14,17.56,0.27,1.18,0.13,0.0,0.13,0.0,0.52,1.96,60.0,2.09,37.5,0.13,0.0,0.65,0.52,2.09,50.0,0,,0,,0,0.0,0.0,0.0,,,0.52,,,0.0,0.0,0.0,1.31,0,0.0
D. Gujda,Stal Rzeszów,Stal Rzeszów,"LCMF, RW",18,0,2027-06-30,5,195,0,0.16,0,0.12,16.15,48.57,Poland,Poland,,177,0,no,5.54,5.54,50.0,2.77,66.67,0.0,0.0,0.92,2.77,3.83,1.38,0,0.0,1,0.46,1.85,0.0,0,0.0,0.07,0,0.0,4,1.85,0.0,0.0,0.0,0.92,50.0,0.0,0.0,0.92,50.0,0.46,1.85,75.0,6.92,33.33,1.38,0.0,0.0,15.23,0.46,0.0,24.92,79.63,6.92,66.67,4.15,88.89,10.62,82.61,23.08,82.0,0.92,50.0,16.35,10.03,0.06,1.85,0.0,0.0,0.0,0.0,0.0,2.77,100.0,3.69,75.0,0.0,0.0,1.85,0.46,5.54,50.0,0,,0,,0,0.0,0.0,0.0,,,0.0,,,0.0,0.0,0.0,1.38,0,0.0
J. Kaczowka,Stal Rzeszów,Stal Rzeszów,CF,18,0,2027-06-30,7,183,1,1.97,0,0.01,16.72,29.41,Poland,Poland,,190,0,no,1.48,2.46,60.0,5.41,36.36,0.0,0.0,0.0,0.0,0.0,1.48,0,0.0,0,0.0,2.95,0.49,1,0.49,0.97,0,0.0,11,5.41,54.55,9.091,0.0,0.0,0.0,0.0,0.0,0.0,0.0,0.0,0.98,0.0,6.39,15.38,4.92,0.0,0.0,7.87,0.49,0.49,13.77,57.14,4.43,22.22,5.41,90.91,1.97,75.0,13.28,59.26,0.49,0.0,10.78,10.7,0.01,0.49,0.0,0.0,0.0,0.0,0.0,1.97,25.0,0.49,100.0,0.0,0.0,0.49,0.0,0.98,0.0,0,,0,,0,0.0,0.0,0.0,,,0.0,,,0.0,0.0,0.0,0.0,0,0.0
K. Grzelak,Chrobry Głogów,Chrobry Głogów,"RDMF, RCMF",18,0,2028-06-30,20,757,0,0.36,2,0.87,15.69,41.67,Poland,Poland,right,178,0,no,8.56,8.32,60.0,0.83,0.0,0.36,0.5,0.36,3.21,4.53,1.31,3,0.36,0,0.0,1.31,0.0,0,0.0,0.04,0,0.0,6,0.71,50.0,0.0,0.24,0.59,40.0,0.0,0.0,0.59,40.0,0.0,1.9,31.25,4.76,20.0,1.07,0.95,0.12,17.71,0.12,0.12,28.53,80.42,8.2,69.57,5.59,91.49,8.8,83.78,26.51,83.41,1.43,41.67,15.74,18.75,0.1,0.59,0.0,0.0,0.12,100.0,0.48,3.69,83.87,1.19,40.0,0.12,0.0,0.83,0.24,4.04,52.94,0,,0,,0,0.0,0.0,0.0,,,0.48,,,0.0,0.0,0.0,0.0,0,0.0
M. Leniart,Stal Rzeszów,Stal Rzeszów,DMF,18,0,2028-06-30,3,62,0,0.0,0,0.0,24.68,52.94,Poland,Poland,unknown,0,0,no,15.97,11.61,87.5,2.9,0.0,0.0,0.0,0.0,5.81,8.0,0.0,0,0.0,0,0.0,1.45,0.0,0,0.0,0.0,0,0.0,0,0.0,0.0,0.0,0.0,0.0,0.0,0.0,0.0,0.0,0.0,0.0,1.45,100.0,5.81,25.0,0.0,0.0,0.0,14.52,0.0,0.0,29.03,70.0,21.77,60.0,4.35,100.0,2.9,100.0,29.03,70.0,0.0,0.0,18.33,0.0,0.0,0.0,0.0,0.0,0.0,0.0,0.0,1.45,0.0,0.0,0.0,0.0,0.0,0.0,0.0,2.9,0.0,0,,0,,0,0.0,0.0,0.0,,,0.0,,,0.0,0.0,0.0,0.0,0,0.0
I. Postupalskyi,,Stal Rzeszów,CF,21,0,,1,28,0,0.09,0,0.01,,,Ukraine,Ukraine,,180,0,no,,,,,,,0.0,,,10.0,,0,,0,,,,0,,,0,,2,,,0.0,,,,,,,,,,,,,,,,,,,,,,,,,,,,,,,16.02,38.53,,,,,,,,,,,,,,,,,,0,,0,,0,0.0,0.0,,,,,,,,,,,0,0.0
D. Jablonski,Stal Rzeszów,Stal Rzeszów,"LCMF, DMF, RCMF",21,0,,5,311,0,0.27,0,0.48,8.97,54.84,Belgium,Belgium,unknown,0,0,no,6.66,3.18,72.73,0.29,0.0,0.29,0.38,1.16,4.05,5.32,0.29,0,0.0,0,0.0,2.32,0.0,0,0.0,0.08,0,0.0,6,1.74,16.67,0.0,0.0,1.74,50.0,0.29,100.0,1.16,50.0,0.0,1.45,80.0,3.76,53.85,1.45,1.16,0.0,31.54,0.0,0.29,40.51,80.71,13.6,63.83,4.92,88.24,14.76,88.24,35.31,84.43,3.47,58.33,16.85,19.6,0.14,1.45,0.0,0.0,0.0,0.0,0.0,5.5,68.42,2.32,37.5,0.29,0.0,0.29,0.87,7.23,60.0,0,,0,,0,0.0,0.0,0.0,,,1.16,,,0.87,0.0,0.0,2.6,0,0.0
M. Synos,Górnik Zabrze,Stal Rzeszów,LCB,19,0,2030-06-30,21,1675,0,0.63,0,0.25,10.42,54.64,Poland,Poland,right,187,0,no,9.89,4.67,62.07,3.39,47.62,0.27,0.35,1.02,6.72,8.84,0.75,3,0.16,1,0.05,0.32,0.0,0,0.0,0.03,0,0.0,7,0.38,42.86,0.0,0.0,0.05,100.0,0.0,0.0,0.0,0.0,0.0,0.11,100.0,0.64,58.33,0.64,1.02,0.05,30.84,0.27,0.38,46.75,87.82,18.0,74.33,1.61,96.67,23.75,97.51,41.64,92.9,5.05,45.74,21.16,30.48,0.01,0.05,0.0,0.0,0.0,0.0,0.05,4.3,67.5,0.27,40.0,0.11,50.0,0.11,0.05,7.9,62.59,0,,0,,0,0.0,0.0,0.0,,,0.86,,,0.0,0.0,0.0,0.0,0,0.0
B. Pioterczak,Tychy 71,Tychy 71,RAMF,19,0,2029-06-30,1,14,0,0.0,0,0.0,,,Poland,Poland,right,182,0,no,,,,,,,0.0,,,0.0,,0,,0,,,,0,,,0,,0,,,0.0,,,,,,,,,,,,,,,,,,,,,,,,,,,,,,,8.13,0.0,,,,,,,,,,,,,,,,,,0,,0,,0,0.0,0.0,,,,,,,,,,,0,0.0
K. Lysiak,Warta Poznań,Stal Rzeszów,"DMF, RCMF",22,0,2028-06-30,33,2827,0,1.76,2,1.63,11.17,52.99,Poland,Poland,unknown,178,0,no,8.18,5.13,67.08,2.07,40.0,0.06,0.08,0.54,4.68,6.21,0.76,4,0.13,0,0.0,0.57,0.0,0,0.0,0.06,0,0.0,27,0.86,14.81,0.0,0.06,0.48,33.33,0.19,33.33,0.25,25.0,0.1,0.41,46.15,2.45,41.56,0.32,0.7,0.0,32.5,0.29,0.76,48.55,85.97,17.06,76.68,5.0,94.9,19.32,91.93,43.23,90.8,4.84,48.03,18.53,30.76,0.05,0.92,0.06,0.06,0.13,75.0,0.32,9.65,81.52,1.69,47.17,0.57,11.11,0.8,0.16,8.28,75.0,0,,0,,0,0.0,0.0,0.0,,,0.57,,,0.03,0.03,0.0,0.32,0,0.0
M. Kaczor,Stal Rzeszów,Stal Rzeszów,"LCB, RCB",21,0,2027-06-30,21,1923,0,2.41,0,0.55,14.6,56.73,Poland,Poland,unknown,188,0,no,8.89,6.83,71.92,3.32,39.44,0.14,0.2,0.84,3.84,5.34,1.5,5,0.23,1,0.05,0.61,0.0,0,0.0,0.11,0,0.0,14,0.66,28.57,0.0,0.0,0.28,50.0,0.09,50.0,0.19,50.0,0.0,0.56,50.0,1.92,34.15,0.84,0.84,0.0,30.75,0.28,0.61,45.82,88.46,19.14,78.48,1.4,93.33,22.56,96.47,41.47,92.89,4.07,45.98,21.39,36.41,0.03,0.19,0.0,0.0,0.0,0.0,0.05,5.01,74.77,0.33,28.57,0.0,0.0,0.19,0.09,8.14,70.11,0,,0,,0,0.0,0.0,0.0,,,0.51,,,0.0,0.0,0.0,0.0,0,0.0
S. Lyczko,Zagłębie Lubin II,Stal Rzeszów,"RWF, RW, LWF",20,0,2028-06-30,30,2182,3,4.05,4,3.1,17.49,41.98,Poland,Poland,right,178,0,no,4.62,4.25,51.46,1.15,32.14,0.16,0.22,0.08,2.27,3.04,1.07,2,0.08,0,0.0,3.38,0.12,3,0.12,0.17,0,0.0,34,1.4,26.47,8.824,0.16,3.38,21.95,0.45,18.18,2.89,21.43,0.66,3.79,58.7,10.19,38.87,3.79,2.31,0.54,17.2,1.9,1.69,23.8,73.48,4.99,74.38,7.09,88.37,6.93,64.29,19.67,83.02,0.99,41.67,16.91,22.24,0.13,0.82,0.04,0.0,0.12,33.33,0.45,1.36,66.67,4.17,49.5,0.21,20.0,1.61,0.82,4.0,78.35,0,,0,,0,0.0,0.0,0.0,,,0.08,,,0.0,0.0,0.0,0.41,0,0.0
L. Wechsel,Eintracht Trier,Tychy 71,GK,21,0,2028-06-30,11,1065,0,0.0,0,0.0,1.01,66.67,Germany,Germany,right,190,84,no,1.77,0.0,0.0,0.59,85.71,0.0,0.0,0.0,1.77,2.72,0.08,1,0.08,1,0.08,0.08,0.0,0,0.0,0.0,0,0.0,0,0.0,0.0,0.0,0.0,0.0,0.0,0.0,0.0,0.0,0.0,0.0,0.17,50.0,0.34,25.0,0.0,0.0,0.0,17.92,0.08,0.25,25.18,81.21,12.85,65.79,0.0,0.0,10.73,96.85,16.31,98.96,8.87,48.57,29.74,47.51,0.0,0.0,0.0,0.0,0.0,0.0,0.0,2.79,36.36,0.17,0.0,0.17,0.0,0.0,0.0,5.49,64.62,24,2.03,44,3.72,1,45.45,15.07,1.27,-8.93,-0.755,0.0,1.52,0.59,,,,0.0,0,0.0
S. Kądziołka,Polonia Bytom,Stal Rzeszów,RCMF,20,0,2028-06-30,26,1779,3,2.2,2,2.89,15.33,50.17,Poland,Poland,right,174,67,no,5.21,4.4,62.07,1.52,16.67,0.4,0.54,0.1,2.07,2.79,0.51,1,0.05,0,0.0,2.73,0.15,3,0.15,0.11,1,0.05,27,1.37,37.04,11.111,0.1,2.28,46.67,0.51,40.0,1.67,45.45,0.3,1.82,61.11,7.59,54.67,2.07,1.57,0.15,24.49,0.91,3.44,33.59,79.07,11.18,70.14,6.07,92.5,11.23,81.08,27.82,83.82,3.59,61.97,18.7,32.58,0.15,1.42,0.0,0.05,0.25,20.0,0.51,5.46,75.0,3.69,58.9,0.81,31.25,1.67,1.11,6.78,76.12,0,,0,,0,0.0,0.0,0.0,,,0.0,,,0.51,0.0,0.0,2.18,0,0.0
M. Stangret,,Tychy 71,CF,21,0,,18,840,1,0.52,0,0.08,14.25,31.58,Poland,Poland,right,187,0,no,3.21,2.68,72.0,2.36,18.18,0.0,0.0,0.0,1.29,1.93,0.64,0,0.0,0,0.0,1.39,0.11,1,0.11,0.06,0,0.0,9,0.96,44.44,11.111,0.0,0.54,0.0,0.11,0.0,0.32,0.0,0.11,2.68,36.0,7.93,25.68,1.29,0.96,0.0,6.64,0.75,0.86,10.18,69.47,1.07,60.0,3.21,73.33,3.54,72.73,9.43,73.86,0.32,33.33,14.7,8.69,0.01,0.21,0.0,0.0,0.0,0.0,0.0,0.75,71.43,0.86,25.0,0.0,0.0,0.21,0.11,1.29,25.0,0,,0,,0,0.0,0.0,0.0,,,0.0,,,0.0,0.0,0.0,0.0,0,0.0
Sief Addeen Darwish,Stal Mielec,Stal Rzeszów,"CF, RWF, LWF",23,0,,20,432,3,1.7,0,0.3,21.25,38.24,Jordan,Jordan,right,0,0,no,8.75,7.5,55.56,2.92,21.43,1.25,2.43,0.0,3.33,6.49,1.67,4,0.83,0,0.0,2.08,0.63,3,0.63,0.36,0,0.0,7,1.46,71.43,42.857,0.0,1.46,0.0,0.0,0.0,1.04,0.0,0.21,2.29,45.45,7.29,25.71,3.75,0.63,0.63,20.21,0.83,1.25,28.54,73.72,9.38,60.0,6.88,93.94,4.79,65.22,25.83,79.03,1.25,50.0,14.68,6.28,0.06,0.83,0.21,0.0,0.21,0.0,0.21,3.33,56.25,2.29,27.27,0.42,0.0,1.46,0.0,2.92,64.29,0,,0,,0,0.0,0.0,0.0,,,0.0,,,0.0,0.0,0.0,0.21,0,0.0
Vladislav Krasovskiy,Stal Rzeszów,Stal Rzeszów,RCB,22,0,2027-06-30,31,2926,2,2.81,0,0.36,15.66,61.3,Belarus,Belarus,right,198,0,no,10.52,6.27,61.76,5.2,60.95,0.65,0.85,0.92,6.0,7.94,1.23,9,0.28,1,0.03,0.43,0.06,2,0.06,0.09,1,0.03,24,0.74,25.0,8.333,0.0,0.18,50.0,0.03,100.0,0.15,40.0,0.03,0.18,83.33,1.14,56.76,1.17,0.68,0.03,30.36,0.4,0.83,46.75,86.58,17.38,72.39,3.05,95.96,23.13,96.28,41.06,92.13,5.51,46.37,22.43,38.53,0.01,0.22,0.0,0.03,0.0,0.0,0.03,5.57,67.4,0.49,12.5,0.28,11.11,0.12,0.06,8.12,63.64,0,,0,,0,0.0,0.0,0.0,,,2.4,,,0.0,0.0,0.0,0.0,0,0.0
F. Wolski,Stal Rzeszów,Stal Rzeszów,"LWF, LW",20,0,2027-06-30,24,877,2,3.48,2,0.74,13.65,41.35,Poland,Poland,right,0,0,no,4.41,4.82,57.45,0.82,25.0,0.1,0.14,0.0,1.54,2.15,0.92,1,0.1,0,0.0,1.95,0.21,2,0.21,0.36,0,0.0,18,1.85,44.44,11.111,0.21,1.33,23.08,1.13,18.18,0.21,50.0,0.41,1.33,61.54,5.64,32.73,2.98,0.92,0.1,17.55,1.33,0.92,21.35,76.92,5.44,58.49,5.34,88.46,6.47,74.6,18.68,84.07,1.33,30.77,15.75,13.8,0.08,0.72,0.21,0.0,0.0,0.0,0.31,0.72,42.86,2.46,58.33,0.0,0.0,1.44,0.31,3.8,75.68,0,,0,,0,0.0,0.0,0.0,,,0.0,,,0.0,0.0,0.0,0.0,0,0.0
K. Mazur,Sokół Kleczew,Polonia Bytom,GK,23,0,2027-06-30,1,99,0,0.0,0,0.0,0.0,0.0,Poland,Poland,unknown,187,0,no,0.91,0.0,0.0,0.0,0.0,0.0,0.0,0.0,0.91,1.43,0.0,0,0.0,0,0.0,0.0,0.0,0,0.0,0.0,0,0.0,0,0.0,0.0,0.0,0.0,0.0,0.0,0.0,0.0,0.0,0.0,0.0,0.0,0.0,0.0,0.0,0.0,0.0,0.0,10.91,2.73,0.0,13.64,93.33,6.36,85.71,0.0,0.0,6.36,100.0,11.82,92.31,1.82,100.0,23.01,44.56,0.0,0.0,0.0,0.0,0.0,0.0,0.0,0.91,100.0,0.0,0.0,0.0,0.0,0.0,0.0,2.73,66.67,2,1.82,2,1.82,0,0.0,0.97,0.88,-1.03,-0.936,0.0,0.91,0.0,,,,0.0,0,0.0
F. Kupczyk,Odra Opole,Odra Opole,"AMF, LB, LWB",20,0,2027-06-30,16,544,0,0.44,1,0.13,21.84,42.42,Poland,Poland,,0,0,no,7.78,6.29,57.89,3.47,47.62,0.33,0.4,0.17,3.81,4.63,1.16,1,0.17,0,0.0,2.98,0.0,0,0.0,0.07,0,0.0,7,1.16,28.57,0.0,0.17,2.48,33.33,1.16,42.86,1.32,25.0,0.17,4.14,44.0,10.09,31.15,1.65,1.65,0.17,11.25,0.66,1.16,18.69,57.52,6.95,47.62,3.97,70.83,4.96,63.33,14.39,65.52,1.82,27.27,19.6,16.5,0.02,0.5,0.0,0.0,0.0,0.0,0.33,1.82,18.18,1.99,58.33,0.0,0.0,0.17,0.83,3.64,54.55,0,,0,,0,0.0,0.0,0.0,,,0.0,,,0.33,0.0,0.0,0.33,0,0.0
M. Karol,Znicz Pruszków,Znicz Pruszków,"CF, RW",22,0,,16,473,0,0.72,1,0.8,23.97,34.13,Poland,Poland,right,0,0,no,2.28,3.04,50.0,7.42,28.21,0.19,0.27,0.0,0.57,0.81,1.14,0,0.0,0,0.0,2.66,0.0,0,0.0,0.14,0,0.0,8,1.52,50.0,0.0,0.19,0.95,20.0,0.38,0.0,0.57,33.33,0.0,2.09,81.82,9.89,38.46,2.85,1.71,0.38,8.75,1.33,1.9,11.04,68.97,2.85,60.0,2.09,90.91,3.81,65.0,9.89,73.08,0.19,100.0,14.48,3.2,0.15,0.57,0.0,0.0,0.0,0.0,0.38,1.52,75.0,0.95,80.0,0.0,0.0,1.33,0.19,2.66,64.29,0,,0,,0,0.0,0.0,0.0,,,0.19,,,0.0,0.0,0.0,0.0,0,0.0
K. Napieraj,Znicz Pruszków,Znicz Pruszków,GK,19,0,2028-06-30,14,1349,0,0.0,0,0.01,0.33,40.0,Poland,Poland,unknown,0,0,no,1.73,0.07,0.0,0.13,100.0,0.0,0.0,0.0,1.73,2.11,0.07,0,0.0,0,0.0,0.0,0.0,0,0.0,0.0,0,0.0,0,0.0,0.0,0.0,0.0,0.0,0.0,0.0,0.0,0.0,0.0,0.0,0.0,0.0,0.0,0.0,0.0,0.0,0.0,8.01,0.13,0.0,15.41,78.35,8.14,66.39,0.07,0.0,6.2,93.55,9.74,93.84,5.67,51.76,32.18,52.66,0.0,0.07,0.0,0.0,0.0,0.0,0.0,2.34,42.86,0.4,16.67,0.2,0.0,0.07,0.0,4.4,66.67,37,2.47,88,5.87,2,57.95,30.56,2.04,-6.44,-0.43,0.0,1.13,0.13,,,,0.0,0,0.0
B. Diallo,Miedź Legnica,Miedź Legnica,LCB,20,0,,3,293,0,0.0,0,0.04,11.98,66.67,Senegal,Senegal,both,0,0,no,9.52,6.14,70.0,2.76,66.67,0.0,0.0,0.92,5.22,8.23,1.23,1,0.31,0,0.0,0.0,0.0,0,0.0,0.0,0,0.0,0,0.0,0.0,0.0,0.0,0.0,0.0,0.0,0.0,0.0,0.0,0.0,0.0,0.0,1.23,75.0,0.0,0.31,0.0,25.8,0.0,0.92,41.16,88.81,12.59,78.05,2.76,88.89,19.97,96.92,36.86,94.17,4.3,42.86,19.49,36.12,0.01,0.31,0.0,0.0,0.0,0.0,0.0,3.99,69.23,0.92,33.33,0.92,33.33,0.31,0.0,7.37,66.67,0,,0,,0,0.0,0.0,0.0,,,1.84,,,0.0,0.0,0.0,0.0,0,0.0
O. Szymoniak,Miedź Legnica,Miedź Legnica,"RWB, LWB, LB",19,0,2028-06-30,21,1491,1,0.98,1,2.37,19.32,46.56,Poland,Poland,right,0,0,no,8.51,8.45,60.71,1.27,19.05,0.48,0.73,0.24,2.9,4.39,1.63,3,0.18,0,0.0,2.29,0.06,1,0.06,0.06,0,0.0,9,0.54,11.11,11.111,0.06,2.66,29.55,1.27,38.1,1.27,23.81,0.48,2.9,47.92,8.33,38.41,1.81,2.23,0.48,18.11,1.69,1.39,26.44,79.45,5.98,72.73,6.94,93.04,7.0,75.86,23.12,86.16,0.66,45.45,17.99,19.35,0.14,1.27,0.06,0.0,0.06,100.0,0.54,1.51,88.0,2.29,47.37,0.06,100.0,1.09,0.72,3.8,58.73,0,,0,,0,0.0,0.0,0.0,,,0.6,,,0.0,0.0,0.0,0.0,0,0.0
A. Burkiewicz,Raków Częstochowa,Polonia Bytom,AMF,18,0,2029-06-30,1,16,0,0.0,0,0.0,,,Poland,Poland,,0,0,no,,,,,,,0.0,,,0.0,,1,,0,,,,0,,,0,,0,,,0.0,,,,,,,,,,,,,,,,,,,,,,,,,,,,,,,15.56,0.0,,,,,,,,,,,,,,,,,,0,,0,,0,0.0,0.0,,,,,,,,,,,0,0.0
I. Maliszewski,Miedź Legnica,Miedź Legnica,"LWB, RB",18,0,2029-06-30,2,32,0,0.0,0,0.0,,,Poland,Poland,unknown,0,0,no,,,,,,,0.0,,,25.0,,0,,0,,,,0,,,0,,0,,,0.0,,,,,,,,,,,,,,,,,,,,,,,,,,,,,,,40.34,46.22,,,,,,,,,,,,,,,,,,0,,0,,0,0.0,0.0,,,,,,,,,,,0,0.0
D. Bąk,Korona Kielce,Znicz Pruszków,CF,20,0,2028-06-30,29,2092,7,6.08,0,1.1,17.77,28.09,Poland,Poland,,187,0,no,2.28,2.58,43.33,4.86,22.12,0.04,0.05,0.13,1.12,1.36,1.89,3,0.13,0,0.0,1.85,0.3,7,0.3,0.26,1,0.04,38,1.63,47.37,18.421,0.0,0.47,18.18,0.22,0.0,0.26,33.33,0.0,1.85,51.16,6.75,28.66,2.93,0.39,0.09,8.3,2.02,0.73,12.39,70.83,3.05,53.52,2.62,80.33,2.71,77.78,11.27,74.81,0.65,40.0,15.54,15.37,0.05,0.56,0.0,0.0,0.04,100.0,0.04,1.2,60.71,0.82,36.84,0.04,100.0,0.73,0.09,1.72,52.5,0,,0,,0,0.0,0.0,0.0,,,0.0,,,0.0,0.0,0.0,0.0,0,0.0
A. Nadolski,Znicz Pruszków,Znicz Pruszków,"RCMF, LCMF",21,0,,17,383,0,0.12,0,0.0,12.45,56.6,Poland,Poland,right,179,67,no,5.4,4.93,61.9,2.11,33.33,0.23,0.38,0.0,2.11,3.46,1.64,2,0.47,0,0.0,0.23,0.0,0,0.0,0.03,0,0.0,5,1.17,0.0,0.0,0.0,1.41,16.67,0.47,0.0,0.94,25.0,0.47,0.47,0.0,3.52,66.67,0.94,1.17,0.0,17.86,0.23,2.58,29.37,72.8,10.34,72.73,3.76,93.75,9.63,68.29,24.67,81.9,3.29,28.57,18.41,24.0,0.0,0.0,0.23,0.0,0.23,0.0,0.0,5.4,82.61,2.35,40.0,0.23,0.0,0.47,0.23,6.81,58.62,0,,0,,0,0.0,0.0,0.0,,,0.23,,,0.0,0.0,0.0,0.0,0,0.0
A. Holewiński,Pogoń Szczecin,Polonia Bytom,GK,20,0,2027-06-30,18,1752,0,0.0,0,0.0,0.57,81.82,Poland,Poland,right,194,87,no,1.08,0.0,0.0,0.46,77.78,0.0,0.0,0.0,1.08,1.49,0.0,1,0.05,0,0.0,0.0,0.0,0,0.0,0.0,0,0.0,0,0.0,0.0,0.0,0.0,0.0,0.0,0.0,0.0,0.0,0.0,0.0,0.0,0.0,0.1,100.0,0.0,0.0,0.0,9.25,0.26,0.1,15.62,85.53,7.09,71.01,0.05,100.0,6.93,97.04,10.99,97.66,4.62,56.67,28.13,53.07,0.0,0.0,0.0,0.0,0.0,0.0,0.0,1.8,48.57,0.05,0.0,0.1,0.0,0.05,0.0,3.65,73.24,19,0.98,83,4.26,7,77.11,24.98,1.28,5.98,0.307,0.0,1.44,0.46,,,,0.0,0,0.0
J. Pochcioł,Odra Opole,Odra Opole,"RCB, LCB, LCMF",22,0,2027-06-30,18,1131,1,0.57,1,0.19,14.96,61.17,Poland,Poland,right,185,71,no,7.16,3.42,69.77,6.21,66.67,0.08,0.11,0.8,4.69,6.28,0.72,1,0.08,0,0.0,1.43,0.08,1,0.08,0.05,0,0.0,8,0.64,12.5,12.5,0.08,1.51,36.84,0.56,14.29,0.88,54.55,0.0,1.11,71.43,3.82,47.92,0.64,0.95,0.24,24.67,0.4,0.72,39.23,83.57,13.85,72.99,4.46,91.07,15.12,88.42,33.82,90.59,4.06,43.14,17.88,29.22,0.01,0.24,0.0,0.0,0.0,0.0,0.24,5.01,58.73,1.99,40.0,0.24,0.0,0.32,0.56,6.05,60.53,0,,0,,0,0.0,0.0,0.0,,,0.8,,,0.0,0.0,0.0,0.0,0,0.0
F. Składowski,Znicz Pruszków,Znicz Pruszków,"CF, LWB",21,0,,3,79,0,0.82,0,0.0,29.62,23.08,Poland,Poland,unknown,0,0,no,4.56,9.11,37.5,1.14,0.0,0.0,0.0,0.0,1.14,2.14,3.42,1,1.14,0,0.0,1.14,0.0,0,0.0,0.94,0,0.0,2,2.28,0.0,0.0,0.0,2.28,50.0,2.28,50.0,0.0,0.0,0.0,4.56,0.0,14.81,15.38,5.7,0.0,0.0,14.81,1.14,0.0,20.51,66.67,5.7,80.0,2.28,100.0,5.7,60.0,18.23,68.75,0.0,0.0,15.25,0.0,0.0,0.0,0.0,0.0,0.0,0.0,0.0,3.42,66.67,2.28,50.0,0.0,0.0,1.14,1.14,3.42,66.67,0,,0,,0,0.0,0.0,0.0,,,0.0,,,0.0,0.0,0.0,0.0,0,0.0
G. Kuchko,Wisła Płock,Miedź Legnica,"LWB, LB, RWB",21,0,2027-06-30,23,1552,1,1.58,3,1.67,15.14,54.02,Belarus,Belarus,right,183,0,no,7.71,5.91,65.69,1.39,50.0,0.12,0.18,0.23,3.71,5.84,0.41,1,0.06,0,0.0,3.42,0.06,1,0.06,0.09,0,0.0,24,1.39,12.5,4.167,0.17,2.73,36.17,2.09,30.56,0.64,54.55,0.41,3.42,66.1,6.49,48.21,1.62,2.73,0.46,20.93,1.39,0.75,30.21,79.65,6.96,65.83,8.12,96.43,8.99,81.29,25.81,86.52,1.91,39.39,17.94,20.61,0.1,0.87,0.0,0.0,0.0,0.0,0.64,1.51,73.08,2.67,54.35,0.06,0.0,0.64,1.28,5.22,53.33,0,,0,,0,0.0,0.0,0.0,,,1.04,,,0.06,0.0,0.0,0.0,0,0.0
C. Polak,Jagiellonia Białystok,Miedź Legnica,"LWB, RB, LCB",23,0,2027-06-30,15,1161,1,0.81,1,1.81,13.1,49.7,Poland,Poland,right,184,79,no,6.98,4.73,65.57,2.17,57.14,0.16,0.24,0.31,3.72,5.83,0.85,3,0.23,0,0.0,1.63,0.08,1,0.08,0.06,0,0.0,10,0.78,20.0,10.0,0.08,2.09,33.33,1.63,33.33,0.47,33.33,0.16,1.71,45.45,4.5,34.48,1.94,0.78,0.08,21.01,1.01,0.7,30.31,77.75,9.77,65.08,7.6,92.86,7.21,77.42,25.19,85.85,3.18,39.02,17.94,32.12,0.14,1.01,0.0,0.16,0.0,0.0,0.62,2.48,62.5,2.64,44.12,0.39,40.0,0.78,0.78,5.35,57.97,0,,0,,0,0.0,0.0,0.0,,,0.47,,,0.16,0.08,100.0,0.54,0,0.0
D. Stanclik,Miedź Legnica,Miedź Legnica,CF,26,0,2029-06-30,34,2593,12,13.34,0,0.19,17.81,32.16,Poland,Poland,right,187,0,no,2.78,2.12,47.54,5.66,34.97,0.07,0.11,0.1,1.7,2.6,1.49,3,0.1,0,0.0,1.04,0.42,10,0.35,0.46,2,0.07,53,1.84,37.74,22.642,0.0,0.14,0.0,0.0,0.0,0.14,0.0,0.03,0.87,40.0,5.21,31.33,2.95,0.31,0.07,6.32,1.28,1.25,7.29,69.05,1.67,43.75,1.77,94.12,1.87,66.67,6.91,71.86,0.24,28.57,14.24,5.73,0.01,0.03,0.03,0.0,0.0,0.0,0.03,0.76,50.0,0.49,42.86,0.07,0.0,0.28,0.0,0.73,42.86,0,,0,,0,0.0,0.0,0.0,,,0.0,,,0.0,0.0,0.0,0.0,3,66.667
D. Sydorenko,Miedź Legnica,Miedź Legnica,GK,23,0,2028-06-30,1,95,0,0.0,0,0.0,0.95,100.0,Ukraine,Ukraine,right,197,0,no,0.95,0.0,0.0,0.0,0.0,0.0,0.0,0.0,0.95,1.58,0.0,0,0.0,0,0.0,0.0,0.0,0,0.0,0.0,0,0.0,0,0.0,0.0,0.0,0.0,0.0,0.0,0.0,0.0,0.0,0.0,0.0,0.0,0.0,0.0,0.0,0.0,0.0,0.0,7.58,0.0,0.95,12.32,76.92,6.63,57.14,0.0,0.0,3.79,100.0,8.53,100.0,3.79,25.0,32.1,60.93,0.0,0.0,0.0,0.0,0.0,0.0,0.0,1.89,0.0,0.95,0.0,0.0,0.0,0.0,0.0,1.89,100.0,4,3.79,12,11.37,0,66.67,3.2,3.03,-0.8,-0.758,0.0,0.0,0.0,,,,0.0,0,0.0
J. Apolinarski,Warta Poznań,Polonia Bytom,"RWB, RB",27,0,2027-06-30,28,1526,1,1.57,2,2.16,14.39,50.0,Poland,Poland,right,176,57,no,6.49,5.6,57.89,1.95,54.55,0.24,0.33,0.06,3.01,4.15,1.18,1,0.06,0,0.0,3.13,0.06,1,0.06,0.09,0,0.0,12,0.71,16.67,8.333,0.12,5.37,30.77,0.35,33.33,4.84,31.71,0.94,2.3,56.41,4.84,46.34,2.18,1.47,0.18,24.83,2.42,1.36,32.32,75.36,6.31,55.14,9.79,97.59,10.03,70.59,25.24,87.15,2.01,41.18,18.36,24.37,0.13,1.06,0.0,0.18,0.06,100.0,0.59,1.89,56.25,4.78,53.09,0.12,50.0,1.3,1.65,5.9,80.0,0,,0,,0,0.0,0.0,0.0,,,0.24,,,0.0,0.0,0.0,0.35,0,0.0
Cassio,Odra Opole,Odra Opole,"CB, RCMF, RCB",27,0,2027-06-30,18,1058,0,1.6,0,0.0,19.74,57.76,Brazil,Brazil,,187,0,no,9.95,7.74,63.74,5.02,59.32,0.34,0.44,1.19,4.68,6.09,2.81,7,0.6,1,0.09,0.51,0.0,0,0.0,0.14,0,0.0,9,0.77,22.22,0.0,0.0,0.09,0.0,0.0,0.0,0.09,0.0,0.0,0.43,80.0,4.08,50.0,0.94,0.68,0.09,15.91,0.6,1.19,25.52,86.67,8.17,71.88,1.79,95.24,12.76,95.33,22.63,90.98,2.81,54.55,18.22,22.81,0.0,0.0,0.0,0.0,0.0,0.0,0.0,2.55,80.0,0.26,33.33,0.0,0.0,0.26,0.0,3.74,59.09,0,,0,,0,0.0,0.0,0.0,,,0.43,,,0.0,0.0,0.0,0.0,0,0.0
T. Tsirigotis,TPS,Polonia Bytom,"LWF, RWF",26,0,2027-06-30,1,21,0,0.0,0,0.0,,,Greece,Greece,right,183,75,yes,,,,,,,0.0,,,0.0,,0,,0,,,,0,,,0,,0,,,0.0,,,,,,,,,,,,,,,,,,,,,,,,,,,,,,,3.33,0.0,,,,,,,,,,,,,,,,,,0,,0,,0,0.0,0.0,,,,,,,,,,,0,0.0
M. Lorenc,Legia Warszawa II,Znicz Pruszków,CB,24,0,2027-06-30,6,361,0,0.0,0,0.0,10.22,34.15,Poland,Poland,right,189,85,no,7.48,4.49,44.44,2.74,27.27,1.0,1.25,0.75,4.49,5.63,1.25,1,0.25,0,0.0,0.0,0.0,0,0.0,0.0,0,0.0,1,0.25,0.0,0.0,0.0,0.5,0.0,0.0,0.0,0.5,0.0,0.25,0.0,0.0,0.25,0.0,0.75,1.99,0.0,25.43,0.5,0.0,41.63,79.64,19.7,69.62,1.99,100.0,15.21,90.16,35.4,84.51,5.73,56.52,19.78,26.05,0.0,0.0,0.0,0.5,0.25,0.0,0.0,6.73,74.07,2.49,20.0,0.25,0.0,0.5,0.0,8.98,66.67,0,,0,,0,0.0,0.0,0.0,,,1.0,,,0.0,0.0,0.0,0.0,0,0.0
K. Kukulka,Stal Rzeszów,Stal Rzeszów,LB,22,0,2027-06-30,30,2482,1,1.36,0,2.51,13.71,53.17,Poland,Poland,left,181,0,no,9.39,7.4,60.78,1.78,44.9,0.44,0.57,0.58,4.46,5.88,0.94,3,0.11,0,0.0,2.65,0.04,1,0.04,0.05,0,0.0,37,1.34,35.14,2.703,0.0,3.01,45.78,2.97,46.34,0.04,0.0,0.18,1.27,62.86,2.9,48.75,1.02,0.87,0.18,33.22,0.98,0.69,43.01,82.04,20.41,77.26,5.51,96.05,10.08,82.73,35.61,89.82,4.64,42.19,18.21,35.71,0.09,1.02,0.04,0.07,0.0,0.0,0.44,6.13,74.56,3.12,58.14,0.33,11.11,0.54,1.38,9.57,72.73,0,,0,,0,0.0,0.0,0.0,,,0.51,,,0.36,0.07,100.0,0.51,0,0.0
S. Vanivskyi,Stal Rzeszów,Stal Rzeszów,GK,21,0,2027-06-30,13,1255,0,0.0,0,0.0,1.22,94.12,Ukraine,Ukraine,right,193,81,no,2.08,0.14,50.0,0.93,100.0,0.0,0.0,0.0,2.01,2.66,0.0,0,0.0,0,0.0,0.07,0.0,0,0.0,0.0,0,0.0,0,0.0,0.0,0.0,0.0,0.0,0.0,0.0,0.0,0.0,0.0,0.0,0.07,100.0,0.14,100.0,0.0,0.0,0.0,10.97,0.14,0.07,21.01,86.69,8.18,68.42,0.0,0.0,11.9,98.19,16.35,96.49,4.66,52.31,27.55,47.64,0.0,0.0,0.0,0.0,0.0,0.0,0.0,0.79,45.45,0.14,50.0,0.22,33.33,0.07,0.0,4.16,53.45,27,1.94,72,5.16,0,62.5,23.86,1.71,-3.14,-0.225,0.0,2.08,0.93,,,,0.0,0,0.0
N. Baier,Tychy 71,Tychy 71,DMF,21,0,2027-06-30,1,8,0,0.0,0,0.0,,,Poland,"Poland, Germany",right,176,63,no,,,,,,,0.0,,,15.0,,0,,0,,,,0,,,0,,0,,,0.0,,,,,,,,,,,,,,,,,,,,,,,,,,,,,,,0.0,0.0,,,,,,,,,,,,,,,,,,0,,0,,0,0.0,0.0,,,,,,,,,,,0,0.0
M. Kalemba,Górnik Zabrze,Tychy 71,"LCMF, RCMF",21,0,2028-06-30,10,738,0,0.35,0,0.48,15.61,39.84,Poland,"Poland, Germany",right,0,0,no,7.2,5.0,60.98,2.68,36.36,0.24,0.33,0.73,3.9,5.27,0.49,2,0.24,0,0.0,1.83,0.0,0,0.0,0.04,0,0.0,7,0.85,14.29,0.0,0.0,1.59,46.15,0.85,42.86,0.73,50.0,0.37,1.71,42.86,6.71,30.91,0.98,1.59,0.12,29.15,0.37,0.37,42.07,87.83,13.29,77.06,5.85,97.92,18.05,93.92,38.05,92.31,2.44,45.0,17.29,26.25,0.06,0.73,0.12,0.0,0.24,100.0,0.37,6.59,75.93,2.32,63.16,0.37,66.67,0.73,0.85,4.76,71.79,0,,0,,0,0.0,0.0,0.0,,,0.24,,,0.12,0.0,0.0,0.0,0,0.0
P. Warczak,Górnik Zabrze,Stal Rzeszów,RB,22,0,2029-06-30,34,2980,0,1.71,2,3.19,11.27,54.96,Poland,Poland,right,0,0,no,6.28,3.96,56.49,1.93,53.13,0.03,0.04,0.3,4.02,5.41,0.3,2,0.06,0,0.0,2.33,0.0,0,0.0,0.05,0,0.0,19,0.57,0.0,0.0,0.06,3.38,21.43,0.0,0.0,3.38,21.43,0.6,2.23,71.62,4.38,53.79,2.23,2.11,0.51,26.94,1.39,0.85,37.48,78.08,16.82,77.2,6.46,94.86,9.12,72.85,32.16,86.48,2.2,34.25,17.76,29.69,0.1,0.72,0.06,0.09,0.0,0.0,0.24,5.47,77.35,2.39,34.18,0.15,0.0,0.63,0.76,8.28,75.18,0,,0,,0,0.0,0.0,0.0,,,0.88,,,0.0,0.0,0.0,0.0,0,0.0
K. Glogowski,Tychy 71,Pogoń Grod. Mazowiecki,"LCB, RCB",21,0,2028-06-30,19,1192,1,1.3,0,0.16,13.14,44.83,Poland,Poland,right,184,0,no,7.7,4.15,56.36,5.36,46.48,0.38,0.56,0.3,4.98,7.33,0.45,1,0.08,0,0.0,0.53,0.08,1,0.08,0.1,1,0.08,9,0.68,22.22,11.111,0.0,0.91,25.0,0.68,33.33,0.23,0.0,0.08,0.45,33.33,1.59,23.81,1.13,0.91,0.0,36.32,0.3,0.23,46.74,83.68,19.86,76.05,4.45,93.22,17.44,88.74,40.47,88.25,5.36,59.15,17.71,32.26,0.01,0.23,0.08,0.0,0.15,0.0,0.08,7.93,73.33,1.43,21.05,0.3,0.0,0.23,0.23,8.38,75.68,0,,0,,0,0.0,0.0,0.0,,,1.43,,,0.0,0.0,0.0,0.0,0,0.0
M. Musik,Stal Rzeszów,Stal Rzeszów,"CF, DMF",22,0,,4,78,0,0.0,0,0.0,26.54,30.43,Poland,Poland,,191,80,no,0.0,1.15,0.0,9.23,37.5,0.0,0.0,0.0,0.0,0.0,1.15,0,0.0,0,0.0,0.0,0.0,0,0.0,0.0,0,0.0,0,0.0,0.0,0.0,0.0,0.0,0.0,0.0,0.0,0.0,0.0,0.0,1.15,0.0,8.08,42.86,2.31,1.15,0.0,5.77,1.15,2.31,10.38,66.67,0.0,0.0,0.0,0.0,4.62,75.0,10.38,66.67,0.0,0.0,10.57,0.0,0.0,0.0,0.0,0.0,0.0,0.0,0.0,1.15,0.0,0.0,0.0,0.0,0.0,1.15,0.0,0.0,0.0,0,,0,,0,0.0,0.0,0.0,,,0.0,,,0.0,0.0,0.0,0.0,0,0.0
K. Masiak,Stal Rzeszów,Stal Rzeszów,"RWF, RW",21,0,2027-06-30,29,1117,4,3.46,0,0.8,16.52,44.39,Poland,Poland,right,175,0,no,3.46,4.03,50.0,1.21,13.33,0.0,0.0,0.08,1.45,2.11,0.64,2,0.16,0,0.0,4.59,0.32,4,0.32,0.28,0,0.0,20,1.61,30.0,20.0,0.0,4.03,30.0,0.32,50.0,3.63,28.89,0.4,4.19,69.23,9.59,47.06,3.22,2.18,0.56,19.98,1.61,2.09,25.22,68.37,5.88,56.16,6.69,89.16,6.85,60.0,20.47,77.56,0.97,25.0,16.84,14.17,0.06,0.56,0.08,0.0,0.16,0.0,0.32,2.26,46.43,4.35,44.44,0.16,0.0,1.45,1.13,3.95,81.63,0,,0,,0,0.0,0.0,0.0,,,0.08,,,0.0,0.0,0.0,0.0,0,0.0
K. Kołotyło,,Tychy 71,GK,24,0,,8,789,0,0.0,0,0.0,0.91,100.0,Poland,Poland,right,195,87,no,1.03,0.0,0.0,0.46,100.0,0.0,0.0,0.0,1.03,1.29,0.0,0,0.0,0,0.0,0.0,0.0,0,0.0,0.0,0,0.0,0,0.0,0.0,0.0,0.0,0.0,0.0,0.0,0.0,0.0,0.0,0.0,0.0,0.0,0.11,100.0,0.0,0.0,0.0,11.86,0.23,0.34,18.14,88.05,8.21,77.78,0.0,0.0,9.58,98.81,12.55,97.27,5.59,67.35,30.92,47.47,0.0,0.0,0.0,0.0,0.0,0.0,0.0,1.14,50.0,0.11,0.0,0.11,0.0,0.0,0.0,4.45,71.79,19,2.17,53,6.05,0,64.15,15.56,1.78,-3.44,-0.392,0.0,1.03,0.46,,,,0.0,0,0.0
O. Stefánsson,,Tychy 71,LCB,23,0,,13,869,0,0.39,1,0.3,9.74,53.19,Iceland,Iceland,left,190,75,no,6.73,3.0,55.17,4.56,56.82,0.1,0.14,0.83,4.97,6.76,0.93,1,0.1,1,0.1,0.62,0.0,0,0.0,0.04,0,0.0,5,0.52,20.0,0.0,0.1,1.04,40.0,1.04,40.0,0.0,0.0,0.21,0.31,33.33,0.83,37.5,0.72,0.83,0.0,30.03,0.93,0.31,40.49,77.75,17.4,65.48,4.76,95.65,13.46,86.92,32.42,88.82,7.04,32.35,23.84,45.92,0.03,0.52,0.0,0.0,0.0,0.0,0.21,7.56,56.16,1.55,33.33,0.62,0.0,0.31,0.52,8.8,61.18,0,,0,,0,0.0,0.0,0.0,,,1.14,,,0.0,0.0,0.0,0.0,0,0.0
J. Valencia,,Znicz Pruszków,"LCMF, RCMF",31,0,,3,99,0,0.06,0,0.29,19.09,28.57,Ecuador,"Ecuador, Spain",right,164,0,no,8.18,8.18,44.44,2.73,33.33,0.0,0.0,0.0,4.55,7.89,2.73,0,0.0,0,0.0,0.91,0.0,0,0.0,0.06,0,0.0,1,0.91,0.0,0.0,0.0,1.82,50.0,0.0,0.0,1.82,50.0,0.0,0.0,0.0,6.36,14.29,0.0,0.0,0.0,18.18,0.0,0.0,30.0,84.85,6.36,57.14,5.45,100.0,7.27,87.5,28.18,87.1,0.0,0.0,13.01,0.0,0.26,1.82,0.0,0.0,0.0,0.0,0.0,0.91,100.0,1.82,100.0,0.0,0.0,0.91,0.91,3.64,100.0,0,,0,,0,0.0,0.0,0.0,,,0.0,,,0.0,0.0,0.0,0.91,0,0.0
R. Wolsztyński,,Górnik Łęczna,CF,31,0,,7,265,0,1.04,0,0.0,13.92,41.46,Poland,Poland,left,180,70,no,2.04,3.4,30.0,5.77,35.29,0.34,0.61,0.0,0.68,1.22,2.04,1,0.34,0,0.0,0.68,0.0,0,0.0,0.35,0,0.0,5,1.7,0.0,0.0,0.0,1.02,0.0,0.68,0.0,0.34,0.0,0.34,1.02,66.67,3.4,60.0,2.72,0.34,0.0,12.91,1.7,1.02,19.02,73.21,5.43,68.75,4.75,100.0,4.08,58.33,16.3,81.25,1.7,40.0,19.55,25.41,0.0,0.0,0.0,0.0,0.0,0.0,0.34,2.72,50.0,1.02,33.33,0.0,0.0,0.34,0.0,3.06,77.78,0,,0,,0,0.0,0.0,0.0,,,0.0,,,0.0,0.0,0.0,0.0,0,0.0
H. Salihu,Drita,Polonia Warszawa,"RCB, LCB",24,0,2029-06-30,27,2351,1,2.08,2,0.17,13.63,62.08,Kosovo,"Kosovo, Albania",right,188,79,no,9.34,5.17,68.89,4.86,60.63,0.54,0.79,0.61,5.24,7.71,0.84,8,0.31,0,0.0,0.19,0.04,1,0.04,0.08,1,0.04,14,0.54,21.43,7.143,0.08,0.08,50.0,0.0,0.0,0.08,50.0,0.0,0.11,33.33,1.15,36.67,0.88,0.46,0.04,29.63,0.69,0.92,46.09,85.47,20.86,74.86,4.44,93.1,16.46,96.28,40.73,90.32,5.28,48.55,19.85,34.07,0.01,0.08,0.0,0.08,0.0,0.0,0.0,5.4,73.05,0.5,46.15,0.31,25.0,0.15,0.04,9.46,64.37,0,,0,,0,0.0,0.0,0.0,,,3.56,,,0.0,0.0,0.0,0.0,0,0.0
J. Ertlthaler,Wisła Kraków,Wisła Kraków,"AMF, CF, LAMF",29,0,2027-06-30,31,2820,5,4.91,10,7.11,14.3,43.75,Austria,Austria,right,169,62,no,3.83,4.15,55.38,1.79,37.5,0.1,0.16,0.13,1.44,2.47,1.28,4,0.13,0,0.0,2.36,0.16,5,0.16,0.16,0,0.0,48,1.53,25.0,10.417,0.32,2.62,29.27,0.89,25.0,1.66,28.85,0.41,2.07,52.31,6.41,38.31,3.77,1.79,0.41,29.94,1.6,1.34,38.11,80.32,7.98,74.0,10.76,94.66,11.71,78.47,33.38,85.85,2.17,57.35,16.77,32.28,0.23,2.3,0.16,0.06,0.16,80.0,0.48,3.57,76.79,3.1,56.7,0.29,66.67,1.63,0.7,5.27,75.15,0,,0,,0,0.0,0.0,0.0,,,0.22,,,1.5,0.03,100.0,6.32,0,0.0
J. Lelieveld,Wisła Kraków,Wisła Kraków,"LB, RB",28,0,2027-06-30,29,2376,3,1.48,7,4.34,12.2,57.45,Netherlands,Netherlands,right,178,72,no,7.39,5.53,68.49,2.31,50.82,0.42,0.75,0.11,3.18,5.7,1.25,3,0.11,0,0.0,1.74,0.11,3,0.11,0.06,0,0.0,16,0.61,37.5,18.75,0.27,2.16,38.6,1.1,31.03,1.02,44.44,0.11,0.98,69.23,3.11,45.12,2.46,0.83,0.0,40.72,1.55,0.42,52.12,86.19,17.35,81.44,7.95,92.86,19.36,89.43,46.02,90.53,4.02,61.32,18.81,31.14,0.16,1.48,0.19,0.0,0.04,0.0,1.02,5.95,82.8,3.75,59.6,0.27,42.86,2.2,0.76,10.61,82.5,0,,0,,0,0.0,0.0,0.0,,,0.61,,,0.0,0.0,0.0,0.04,0,0.0
Chuma,Xerez,Wieczysta Kraków,"LB, LAMF, CF",29,0,2027-06-30,4,201,0,0.33,0,0.08,20.6,36.96,Spain,Spain,right,0,0,no,4.93,5.37,58.33,4.93,36.36,0.45,0.91,0.0,1.34,2.73,0.9,0,0.0,0,0.0,4.03,0.0,0,0.0,0.15,0,0.0,6,2.69,66.67,0.0,0.0,2.24,40.0,1.34,66.67,0.45,0.0,0.0,1.79,75.0,6.72,33.33,4.03,0.45,0.0,20.15,4.48,0.45,31.34,84.29,8.06,77.78,7.61,100.0,10.3,78.26,25.07,92.86,4.03,55.56,14.66,19.59,0.04,0.9,0.0,0.45,0.0,0.0,0.0,2.24,40.0,4.48,70.0,0.45,0.0,1.79,0.9,6.72,80.0,0,,0,,0,0.0,0.0,0.0,,,0.9,,,0.0,0.0,0.0,0.0,0,0.0
R. Giger,Wisła Kraków,Wisła Kraków,RB,28,0,2027-06-30,25,2287,0,1.07,0,1.04,13.54,59.3,Switzerland,Switzerland,right,180,77,no,8.58,6.22,68.35,2.87,46.58,0.2,0.34,0.2,4.13,7.22,1.1,2,0.08,0,0.0,1.22,0.0,0,0.0,0.04,0,0.0,14,0.55,14.29,0.0,0.0,1.61,24.39,0.08,50.0,1.53,23.08,0.28,1.02,73.08,3.5,52.81,0.94,1.85,0.28,38.45,1.61,1.06,50.21,85.34,21.6,78.69,6.22,98.1,14.68,91.15,45.14,90.76,3.54,44.44,17.68,36.62,0.04,0.39,0.0,0.0,0.0,0.0,0.16,7.71,80.1,1.73,29.55,0.24,16.67,0.35,0.31,9.56,72.02,0,,0,,0,0.0,0.0,0.0,,,1.02,,,0.0,0.0,0.0,0.0,0,0.0
M. Božić,Wisła Kraków,Wisła Kraków,"LAMF, LW",28,0,2027-06-30,17,1083,6,2.52,0,0.68,18.37,52.94,Austria,Austria,right,183,75,no,5.65,4.24,56.86,1.83,40.91,0.58,1.14,0.0,2.66,5.19,1.33,1,0.08,0,0.0,6.81,0.5,6,0.5,0.21,0,0.0,37,3.07,35.14,16.216,0.0,3.24,28.21,2.91,25.71,0.33,50.0,0.42,6.57,73.42,10.8,58.46,3.99,4.9,0.42,26.01,1.66,1.16,34.24,78.16,7.81,63.83,10.55,97.64,9.47,73.68,29.42,84.75,1.66,55.0,17.27,22.87,0.06,0.91,0.0,0.08,0.08,0.0,0.25,1.99,62.5,4.32,48.08,0.17,0.0,1.5,1.16,4.9,71.19,0,,0,,0,0.0,0.0,0.0,,,0.08,,,0.08,0.08,0.0,0.08,0,0.0
D. Mikołajewski,,Wieczysta Kraków,RCB,26,0,,14,1344,0,0.94,0,0.0,12.79,63.87,Poland,Poland,right,188,83,no,8.71,5.22,73.08,4.15,59.68,0.13,0.2,0.87,4.75,7.12,1.07,1,0.07,0,0.0,0.2,0.0,0,0.0,0.06,0,0.0,6,0.4,16.67,0.0,0.0,0.27,0.0,0.0,0.0,0.27,0.0,0.0,0.13,100.0,1.0,60.0,0.8,1.14,0.0,40.78,0.13,1.07,55.58,88.07,20.22,77.48,1.47,95.45,30.27,96.24,45.54,93.68,9.78,64.38,23.38,39.73,0.0,0.0,0.07,0.0,0.0,0.0,0.0,8.17,69.67,0.74,27.27,0.4,16.67,0.07,0.0,9.58,72.73,0,,0,,0,0.0,0.0,0.0,,,1.07,,,0.0,0.0,0.0,0.0,0,0.0
K. Orlik,Polonia Bytom,Górnik Łęczna,"AMF, LW, LAMF",26,0,2028-06-30,25,2075,6,4.39,2,1.26,18.3,42.18,Poland,Poland,right,175,0,no,4.21,4.64,42.06,1.08,36.0,0.52,0.75,0.04,1.73,2.5,1.39,6,0.26,1,0.04,3.08,0.26,5,0.22,0.19,0,0.0,48,2.08,29.17,12.5,0.09,0.95,31.82,0.61,42.86,0.35,12.5,0.22,3.51,58.02,10.8,43.37,2.39,2.3,0.56,21.69,1.3,2.04,30.84,76.79,8.33,63.02,5.6,90.7,10.37,80.33,26.67,81.14,3.25,54.67,18.15,33.08,0.05,0.91,0.04,0.04,0.22,60.0,0.39,4.25,71.43,2.34,51.85,0.65,33.33,1.21,0.26,4.68,66.67,0,,0,,0,0.0,0.0,0.0,,,0.04,,,0.0,0.0,0.0,0.0,1,100.0
K. Dyduch,Ruch Chorzów,Ruch Chorzów,CF,17,0,2027-06-30,1,14,0,0.0,0,0.0,,,Poland,Poland,,0,0,no,,,,,,,0.0,,,30.0,,0,,0,,,,0,,,0,,0,,,0.0,,,,,,,,,,,,,,,,,,,,,,,,,,,,,,,23.48,42.63,,,,,,,,,,,,,,,,,,0,,0,,0,0.0,0.0,,,,,,,,,,,0,0.0
F. Lachendro,Ruch Chorzów,Ruch Chorzów,"LAMF, RAMF, RW",20,0,2027-06-30,8,144,0,0.35,0,0.27,22.5,52.78,Poland,Poland,unknown,0,0,no,9.38,8.13,84.62,3.13,20.0,0.0,0.0,0.0,2.5,4.8,1.25,0,0.0,0,0.0,4.38,0.0,0,0.0,0.22,0,0.0,1,0.63,0.0,0.0,0.0,5.0,25.0,4.38,28.57,0.63,0.0,1.25,5.63,55.56,8.75,42.86,4.38,1.88,0.0,16.25,2.5,0.0,26.25,61.9,6.25,60.0,5.63,100.0,9.38,60.0,20.63,72.73,0.63,0.0,15.69,3.71,0.17,1.25,0.0,0.0,0.0,0.0,0.63,1.25,50.0,1.25,50.0,0.0,0.0,0.0,1.25,5.63,44.44,0,,0,,0,0.0,0.0,0.0,,,0.0,,,0.0,0.0,0.0,0.0,0,0.0
M. Rosol,Ruch Chorzów,Ruch Chorzów,"AMF, RDMF, LDMF",18,0,2027-06-30,13,108,0,0.03,0,0.25,25.83,54.84,Poland,Poland,,0,0,no,22.5,14.17,70.59,5.0,33.33,0.0,0.0,0.83,12.5,20.45,1.67,0,0.0,0,0.0,0.83,0.0,0,0.0,0.02,0,0.0,1,0.83,0.0,0.0,0.0,0.0,0.0,0.0,0.0,0.0,0.0,0.0,0.83,100.0,5.83,42.86,0.0,0.83,0.0,15.83,0.0,0.83,31.67,73.68,17.5,80.95,5.0,83.33,5.0,66.67,27.5,75.76,4.17,60.0,17.21,10.3,0.21,0.83,0.0,0.0,0.0,0.0,0.83,5.83,71.43,0.83,100.0,0.0,0.0,0.83,0.0,6.67,75.0,0,,0,,0,0.0,0.0,0.0,,,0.83,,,0.0,0.0,0.0,0.0,0,0.0
J. Sobeczko,Ruch Chorzów,Ruch Chorzów,"RWF, RW, LWF",19,0,2027-06-30,13,283,0,0.13,0,0.03,19.08,40.0,Poland,Poland,both,0,0,no,4.13,6.36,35.0,1.91,0.0,0.0,0.0,0.0,1.91,3.33,2.86,1,0.32,0,0.0,2.86,0.0,0,0.0,0.04,0,0.0,2,0.64,0.0,0.0,0.0,1.27,25.0,0.32,0.0,0.95,33.33,0.32,3.5,72.73,8.27,53.85,0.95,2.23,0.32,8.9,1.27,1.91,15.9,52.0,4.77,40.0,3.5,81.82,3.18,40.0,13.36,57.14,1.27,25.0,17.67,18.68,0.01,0.32,0.0,0.0,0.0,0.0,0.0,2.23,28.57,0.95,0.0,0.0,0.0,0.0,0.32,3.5,36.36,0,,0,,0,0.0,0.0,0.0,,,0.0,,,0.0,0.0,0.0,0.0,0,0.0
A. Kapusta,Ząbki,Polonia Warszawa,LW,16,0,2028-06-30,2,37,0,0.0,0,0.09,,,Poland,Poland,,0,0,no,,,,,,,0.0,,,3.75,,1,,0,,,,0,,,0,,0,,,0.0,,,,,,,,,,,,,,,,,,,,,,,,,,,,,,,14.51,0.0,,,,,,,,,,,,,,,,,,0,,0,,0,0.0,0.0,,,,,,,,,,,0,0.0
J. Jendryka,Raków Częstochowa,Ruch Chorzów,"RAMF, RW",19,0,,15,1306,2,2.45,4,4.57,21.23,41.23,Poland,Poland,unknown,0,0,no,6.34,6.06,56.82,1.93,21.43,0.69,0.98,0.0,2.21,3.15,1.45,1,0.07,0,0.0,3.1,0.14,2,0.14,0.17,0,0.0,26,1.79,23.08,7.692,0.28,1.58,34.78,0.34,40.0,1.24,33.33,0.07,3.93,54.39,10.27,36.24,3.31,2.21,0.69,15.64,2.21,0.76,21.5,75.0,4.69,57.35,4.96,93.06,6.55,83.16,19.3,80.0,0.62,22.22,15.88,10.72,0.32,2.89,0.0,0.0,0.07,0.0,1.03,1.93,64.29,1.72,68.0,0.07,0.0,1.45,0.55,3.51,74.51,0,,0,,0,0.0,0.0,0.0,,,0.14,,,0.76,0.0,0.0,3.38,0,0.0
N. Leśniak-Paduch,Ruch Chorzów,Ruch Chorzów,"RCB, RB",20,0,2027-06-30,26,2400,1,1.7,2,0.96,14.55,60.05,Poland,Poland,both,0,0,no,7.69,4.84,65.89,5.89,59.24,0.04,0.05,0.79,4.46,6.44,0.98,2,0.08,0,0.0,0.26,0.04,1,0.04,0.06,0,0.0,12,0.45,8.33,8.333,0.08,0.11,66.67,0.0,0.0,0.11,66.67,0.04,0.3,50.0,2.06,52.73,0.98,1.39,0.04,27.56,0.56,0.68,39.98,87.34,14.81,76.71,2.21,93.22,19.01,95.07,35.96,91.35,3.9,50.96,20.79,38.22,0.04,0.41,0.04,0.04,0.0,0.0,0.26,4.76,72.44,0.71,42.11,0.23,50.0,0.38,0.08,7.13,70.0,0,,0,,0,0.0,0.0,0.0,,,1.39,,,0.0,0.0,0.0,0.0,0,0.0
M. Ksiazek,Łódzki KS II,Łódzki KS,LB,19,0,,5,342,0,0.21,0,0.03,18.16,55.07,Poland,Poland,,183,0,no,9.47,9.21,57.14,2.63,30.0,0.0,0.0,0.53,4.21,6.23,0.53,0,0.0,0,0.0,1.32,0.0,0,0.0,0.05,0,0.0,1,0.26,100.0,0.0,0.0,1.58,16.67,1.58,16.67,0.0,0.0,0.26,1.05,75.0,4.21,62.5,0.26,0.79,0.0,29.21,1.32,1.32,35.79,74.26,15.26,60.34,5.53,90.48,10.0,89.47,28.95,83.64,5.26,40.0,18.52,34.25,0.01,0.26,0.0,0.0,0.0,0.0,0.0,5.26,70.0,2.37,22.22,0.0,0.0,0.53,0.53,8.16,48.39,0,,0,,0,0.0,0.0,0.0,,,0.0,,,0.0,0.0,0.0,0.0,0,0.0
P. Paryzek,Pogoń Szczecin,Górnik Łęczna,"CF, AMF",20,0,2027-06-30,14,798,0,4.85,0,0.02,25.94,38.26,Poland,Poland,unknown,0,0,no,5.75,4.96,54.55,9.36,32.53,0.45,0.69,0.45,2.59,3.94,1.47,1,0.11,0,0.0,1.58,0.0,0,0.0,0.55,0,0.0,23,2.59,21.74,0.0,0.0,0.45,50.0,0.11,100.0,0.23,50.0,0.0,1.69,46.67,7.89,34.29,3.83,0.56,0.0,9.02,1.35,1.58,14.55,72.87,3.16,50.0,4.96,93.18,2.71,75.0,13.87,73.98,0.23,50.0,13.8,3.98,0.0,0.23,0.11,0.0,0.0,0.0,0.0,1.69,60.0,0.45,75.0,0.0,0.0,0.34,0.23,1.8,56.25,0,,0,,0,0.0,0.0,0.0,,,0.0,,,0.0,0.0,0.0,0.0,0,0.0
A. Jurkiewicz,Łódzki KS,Łódzki KS,"LW, LWB",21,0,,8,351,0,0.06,0,0.77,18.21,60.56,Poland,Poland,,0,0,no,6.15,4.1,81.25,0.51,50.0,0.77,1.38,0.26,2.05,3.69,0.26,1,0.26,0,0.0,6.15,0.0,0,0.0,0.02,0,0.0,4,1.03,0.0,0.0,0.0,4.1,43.75,3.85,40.0,0.26,100.0,0.51,7.18,60.71,12.82,56.0,2.56,1.54,0.0,15.38,1.03,4.1,23.08,74.44,6.15,54.17,7.18,96.43,6.67,69.23,17.69,85.51,1.28,20.0,15.74,8.55,0.2,1.54,0.0,0.0,0.0,0.0,1.54,0.51,50.0,3.85,53.33,0.0,0.0,0.51,2.05,4.87,73.68,0,,0,,0,0.0,0.0,0.0,,,0.0,,,0.0,0.0,0.0,0.0,0,0.0
A. Klukowski,Widzew Łódź,Polonia Warszawa,"LWF, RW, RWF",19,0,2028-06-30,5,116,0,0.12,0,0.29,17.07,27.27,Canada,"Canada, Poland",left,186,0,no,3.1,4.66,33.33,1.55,0.0,0.0,0.0,0.0,1.55,3.75,0.78,0,0.0,0,0.0,2.33,0.0,0,0.0,0.09,0,0.0,1,0.78,100.0,0.0,0.0,3.88,20.0,1.55,0.0,2.33,33.33,0.0,4.66,16.67,9.31,33.33,1.55,0.78,0.0,24.05,0.0,0.78,36.47,68.09,9.31,66.67,4.66,83.33,13.19,52.94,29.48,76.32,3.1,50.0,14.79,21.98,0.23,0.78,0.0,0.0,0.0,0.0,0.78,4.66,66.67,5.43,28.57,0.78,0.0,0.78,0.78,7.76,50.0,0,,0,,0,0.0,0.0,0.0,,,0.0,,,0.0,0.0,0.0,0.0,0,0.0
A. Mlynarczyk,Łódzki KS II,Łódzki KS,"LWF, RAMF, LW",21,0,2027-06-30,11,385,0,0.87,0,0.25,22.21,45.26,Poland,Poland,unknown,186,0,no,6.08,5.84,60.0,5.14,36.36,0.0,0.0,0.23,2.57,3.63,2.1,0,0.0,0,0.0,5.84,0.0,0,0.0,0.2,0,0.0,11,2.57,27.27,0.0,0.0,2.81,58.33,1.87,50.0,0.94,75.0,0.0,5.14,68.18,9.12,48.72,2.57,1.87,0.0,7.25,0.94,0.94,14.49,69.35,3.97,52.94,2.34,80.0,5.38,82.61,10.52,73.33,1.17,60.0,20.45,10.61,0.06,0.23,0.0,0.0,0.0,0.0,0.23,1.64,85.71,2.81,66.67,0.0,0.0,0.23,1.64,4.91,66.67,0,,0,,0,0.0,0.0,0.0,,,0.23,,,0.0,0.0,0.0,0.0,0,0.0
K. Nowogonski,Zagłębie Lubin II,Górnik Łęczna,"RWB, RB",19,0,2027-06-30,15,1052,1,0.4,0,1.05,17.54,60.98,Poland,Poland,,0,0,no,8.81,7.19,65.48,1.2,42.86,0.09,0.12,0.34,4.02,5.83,0.34,1,0.09,0,0.0,3.85,0.09,1,0.09,0.03,0,0.0,10,0.86,30.0,10.0,0.0,2.74,40.63,0.17,0.0,2.48,41.38,0.51,3.68,65.12,8.3,59.79,1.11,2.74,0.77,18.65,1.54,2.91,24.81,74.48,6.59,53.25,6.59,97.4,6.33,74.32,19.68,84.78,2.48,31.03,18.91,28.19,0.09,0.34,0.0,0.0,0.09,100.0,0.34,2.57,50.0,2.82,45.45,0.51,66.67,0.51,1.03,4.45,57.69,0,,0,,0,0.0,0.0,0.0,,,0.77,,,0.0,0.0,0.0,0.0,0,0.0
M. Vasin,Polonia Warszawa,Polonia Warszawa,LCMF,20,0,,21,976,1,1.69,2,0.53,11.8,37.5,Ukraine,Ukraine,,0,0,no,4.61,3.78,51.22,2.77,23.33,0.09,0.14,0.28,2.58,4.0,0.46,1,0.09,0,0.0,1.84,0.09,1,0.09,0.16,1,0.09,29,2.67,27.59,3.448,0.18,0.74,25.0,0.65,28.57,0.09,0.0,0.0,1.84,50.0,4.15,31.11,2.21,0.74,0.09,16.97,0.37,0.55,22.5,70.9,8.85,55.21,4.61,92.0,4.43,79.17,19.0,78.16,2.77,33.33,13.63,20.58,0.05,0.74,0.0,0.0,0.09,0.0,0.37,4.61,48.0,1.2,53.85,0.37,25.0,0.46,0.18,3.78,58.54,0,,0,,0,0.0,0.0,0.0,,,0.18,,,0.18,0.0,0.0,0.0,0,0.0
Diogo Brasido,Estoril,Polonia Warszawa,RB,23,0,,24,1813,0,0.88,1,3.16,18.32,62.87,Portugal,Portugal,unknown,0,0,no,9.93,7.94,76.88,0.89,33.33,0.05,0.07,0.45,3.77,5.69,0.6,2,0.1,0,0.0,3.13,0.0,0,0.0,0.04,0,0.0,8,0.4,12.5,0.0,0.05,2.18,31.82,0.0,0.0,2.18,31.82,0.25,3.28,71.21,7.69,53.55,1.29,3.92,0.69,30.58,1.04,0.89,41.65,83.19,15.84,74.92,7.35,93.24,10.23,88.35,36.14,89.7,3.38,45.59,17.04,29.95,0.16,0.99,0.0,0.05,0.05,100.0,0.45,5.36,81.48,2.78,53.57,0.3,33.33,1.14,0.69,7.55,71.71,0,,0,,0,0.0,0.0,0.0,,,0.89,,,0.0,0.0,0.0,0.0,0,0.0
B. Piotrowski,Polonia Warszawa,Polonia Warszawa,"LCMF, RCMF",21,0,2027-06-30,18,608,0,0.28,0,0.18,12.14,43.9,Poland,Poland,right,173,66,no,5.92,3.55,62.5,3.7,36.0,0.44,0.71,0.59,3.26,5.24,1.33,0,0.0,0,0.0,0.3,0.0,0,0.0,0.04,0,0.0,6,0.89,16.67,0.0,0.0,0.15,0.0,0.15,0.0,0.0,0.0,0.0,0.15,100.0,3.26,40.91,1.04,0.3,0.0,13.17,0.59,0.89,19.84,75.37,6.96,63.83,4.0,85.19,4.74,84.38,18.8,79.53,0.89,0.0,12.98,7.93,0.03,0.59,0.0,0.0,0.0,0.0,0.15,3.26,63.64,0.89,50.0,0.0,0.0,0.74,0.0,2.81,42.11,0,,0,,0,0.0,0.0,0.0,,,0.15,,,0.0,0.0,0.0,0.15,0,0.0
T. Bała,Widzew Łódź II,Ruch Chorzów,CF,25,0,2028-06-30,13,554,0,2.35,2,0.39,21.28,32.06,Poland,Poland,left,195,87,no,1.62,2.44,46.67,4.55,35.71,0.16,0.24,0.0,0.32,0.48,0.97,2,0.32,0,0.0,0.81,0.0,0,0.0,0.38,0,0.0,10,1.62,20.0,0.0,0.32,0.32,50.0,0.16,0.0,0.16,100.0,0.0,0.97,33.33,10.72,27.27,2.76,0.65,0.0,8.61,0.97,0.97,13.48,66.27,3.57,40.91,2.76,94.12,2.76,70.59,12.83,68.35,0.32,0.0,11.77,6.36,0.06,0.49,0.0,0.0,0.0,0.0,0.49,1.95,25.0,0.97,50.0,0.0,0.0,0.49,0.32,1.14,57.14,0,,0,,0,0.0,0.0,0.0,,,0.32,,,0.0,0.0,0.0,0.0,0,0.0
P. Szwedzik,Ruch Chorzów,Ruch Chorzów,"LAMF, LWF, LW",24,0,2027-06-30,33,2874,14,10.27,4,4.48,13.68,45.08,Poland,Poland,right,185,73,no,4.76,3.51,57.14,2.66,48.24,0.09,0.14,0.09,2.66,3.88,1.0,8,0.25,0,0.0,3.23,0.44,14,0.44,0.32,2,0.06,75,2.35,37.33,18.667,0.13,1.97,31.75,1.28,34.15,0.63,25.0,0.41,3.13,52.0,5.7,41.76,4.13,1.85,0.22,13.31,1.85,0.88,19.73,70.16,4.23,52.59,4.95,91.77,6.67,67.14,16.1,76.46,1.69,53.7,17.85,27.42,0.14,1.25,0.06,0.0,0.09,100.0,0.69,1.57,54.0,2.13,47.06,0.22,42.86,1.22,0.69,2.85,73.63,0,,0,,0,0.0,0.0,0.0,,,0.19,,,0.19,0.06,50.0,0.47,0,0.0
J. Szymański,,Ruch Chorzów,GK,25,0,,1,104,0,0.0,0,0.0,0.0,0.0,Poland,Poland,right,190,83,no,4.33,0.0,0.0,0.0,0.0,0.0,0.0,0.0,4.33,7.14,0.0,0,0.0,0,0.0,0.0,0.0,0,0.0,0.0,0,0.0,0,0.0,0.0,0.0,0.0,0.0,0.0,0.0,0.0,0.0,0.0,0.0,0.0,0.0,0.0,0.0,0.0,0.0,0.0,7.79,0.0,0.0,12.98,80.0,9.52,72.73,0.0,0.0,3.46,100.0,5.19,100.0,7.79,66.67,35.09,43.78,0.0,0.0,0.0,0.0,0.0,0.0,0.0,0.87,0.0,0.0,0.0,0.0,0.0,0.0,0.0,5.19,83.33,2,1.73,7,6.06,0,71.43,3.27,2.83,1.27,1.099,0.0,0.0,0.0,,,,0.0,0,0.0
O. Osipiuk,Górnik Łęczna,Górnik Łęczna,"LCB, RDMF, LDMF",23,0,2027-06-30,18,1031,1,0.37,0,0.15,10.91,45.6,Poland,Poland,unknown,0,0,no,7.25,4.63,50.94,3.14,38.89,0.7,1.06,0.35,4.19,6.37,1.66,4,0.35,0,0.0,0.35,0.09,1,0.09,0.03,1,0.09,3,0.26,33.33,33.333,0.0,0.09,0.0,0.09,0.0,0.0,0.0,0.09,0.35,75.0,1.13,38.46,0.26,0.61,0.09,26.01,0.17,0.35,34.22,90.05,11.87,81.62,2.36,100.0,15.63,96.09,32.56,92.76,1.57,38.89,15.25,14.92,0.01,0.26,0.0,0.0,0.0,0.0,0.0,3.58,80.49,0.26,33.33,0.09,0.0,0.09,0.0,3.75,60.47,0,,0,,0,0.0,0.0,0.0,,,0.61,,,0.0,0.0,0.0,0.0,0,0.0
M. Kuziemka,Wisła Kraków,Wisła Kraków,"RAMF, RW",20,0,2028-06-30,32,1983,6,3.1,6,3.8,19.65,49.88,Poland,Poland,right,176,0,no,6.35,5.45,65.0,2.09,30.43,0.09,0.15,0.0,2.72,4.6,0.73,2,0.09,0,0.0,5.99,0.27,6,0.27,0.14,2,0.09,49,2.22,36.73,12.245,0.27,3.49,36.36,0.27,33.33,3.22,36.62,0.5,6.49,59.44,10.8,47.06,4.04,4.36,0.27,24.37,2.27,0.91,30.45,71.09,7.49,58.79,7.17,93.04,8.49,66.31,25.69,77.92,1.45,28.13,15.06,18.3,0.17,1.59,0.14,0.0,0.09,50.0,0.91,2.59,70.18,4.18,53.26,0.14,33.33,1.95,1.13,5.08,72.32,0,,0,,0,0.0,0.0,0.0,,,0.09,,,0.0,0.0,0.0,0.05,0,0.0
Solo Traore,,Górnik Łęczna,LAMF,20,0,,13,310,1,0.6,0,0.06,29.32,34.65,Spain,Spain,,0,0,no,7.26,6.97,50.0,3.19,63.64,0.29,0.58,0.0,3.48,6.92,1.74,1,0.29,0,0.0,4.94,0.29,1,0.29,0.17,0,0.0,7,2.03,28.57,14.286,0.0,3.19,27.27,2.61,33.33,0.58,0.0,0.58,5.81,60.0,17.42,23.33,3.77,2.61,0.0,22.35,0.29,1.16,28.45,79.59,9.0,67.74,9.29,87.5,5.81,90.0,24.39,88.1,1.16,25.0,16.03,10.65,0.02,0.29,0.0,0.0,0.0,0.0,0.29,0.87,100.0,2.9,40.0,0.0,0.0,0.29,1.16,2.61,77.78,0,,0,,0,0.0,0.0,0.0,,,0.0,,,0.0,0.0,0.0,0.0,0,0.0
D. Olszak,Olimpia Grudziądz,Górnik Łęczna,GK,20,0,,1,107,0,0.0,0,0.0,0.84,100.0,Poland,Poland,right,193,0,no,1.68,0.0,0.0,0.84,100.0,0.0,0.0,0.0,1.68,2.31,0.0,0,0.0,0,0.0,0.0,0.0,0,0.0,0.0,0,0.0,0,0.0,0.0,0.0,0.0,0.0,0.0,0.0,0.0,0.0,0.0,0.0,0.0,0.0,0.0,0.0,0.0,0.0,0.0,5.05,0.0,0.84,10.93,69.23,8.41,60.0,0.0,0.0,2.52,100.0,4.21,100.0,6.73,50.0,36.62,43.93,0.0,0.0,0.0,0.0,0.0,0.0,0.0,1.68,50.0,0.0,0.0,0.0,0.0,0.0,0.0,5.89,42.86,2,1.68,3,2.52,0,33.33,1.45,1.22,-0.55,-0.463,0.0,0.84,0.84,,,,0.0,0,0.0
P. Letkiewicz,Wisła Kraków,Wisła Kraków,GK,20,0,2028-06-30,24,2327,0,0.0,0,0.0,0.81,95.24,Poland,Poland,unknown,187,0,no,0.89,0.04,100.0,0.31,100.0,0.0,0.0,0.0,0.85,1.49,0.0,0,0.0,0,0.0,0.0,0.0,0,0.0,0.0,0,0.0,0,0.0,0.0,0.0,0.0,0.0,0.0,0.0,0.0,0.0,0.0,0.0,0.0,0.0,0.31,87.5,0.0,0.0,0.0,11.76,0.31,0.39,18.53,83.09,7.77,63.18,0.0,0.0,10.02,97.68,13.42,97.69,5.11,44.7,28.69,51.02,0.0,0.0,0.0,0.0,0.0,0.0,0.0,1.62,21.43,0.23,0.0,0.19,20.0,0.0,0.0,3.36,58.62,19,0.73,72,2.78,8,73.61,22.2,0.86,3.2,0.124,0.0,1.31,0.31,,,,0.0,0,0.0
M. Kutwa,Wisła Kraków,Wisła Kraków,"LCB, RCB",22,0,2027-06-30,15,1436,1,0.19,1,0.04,9.21,53.74,Poland,Poland,right,185,0,no,5.08,3.2,62.75,3.26,59.62,0.19,0.32,0.5,2.88,4.95,0.63,3,0.19,0,0.0,0.25,0.06,1,0.06,0.01,0,0.0,4,0.25,25.0,25.0,0.06,0.0,0.0,0.0,0.0,0.0,0.0,0.0,0.25,75.0,1.19,26.32,0.44,0.88,0.25,43.25,0.44,0.19,56.28,90.31,21.25,82.89,1.94,100.0,27.76,96.16,52.21,93.28,4.07,52.31,20.02,36.54,0.0,0.13,0.0,0.06,0.0,0.0,0.0,5.2,78.31,0.44,0.0,0.25,25.0,0.0,0.0,8.02,67.19,0,,0,,0,0.0,0.0,0.0,,,1.38,,,0.0,0.0,0.0,0.0,0,0.0
P. Malamis,Górnik Łęczna,Górnik Łęczna,"RAMF, LW, RWF",21,0,,8,196,0,0.07,0,0.15,13.32,44.83,Poland,Poland,,0,0,no,5.97,5.05,54.55,0.46,0.0,0.92,1.67,0.46,2.3,4.17,1.84,0,0.0,0,0.0,2.3,0.0,0,0.0,0.03,0,0.0,1,0.46,0.0,0.0,0.0,2.76,33.33,0.92,0.0,1.84,50.0,0.0,2.76,50.0,4.59,50.0,2.3,0.46,0.0,15.15,0.46,0.92,21.12,71.74,5.05,45.45,4.13,88.89,7.35,81.25,17.45,78.95,0.92,50.0,16.94,6.06,0.07,1.38,0.0,0.0,0.0,0.0,0.46,1.38,33.33,1.84,75.0,0.0,0.0,0.92,0.46,2.76,50.0,0,,0,,0,0.0,0.0,0.0,,,0.0,,,0.0,0.0,0.0,0.0,0,0.0
S. Krawczyk,Olimpia Elbląg,Górnik Łęczna,"LB, RB",22,0,2027-06-30,3,112,0,0.12,0,0.0,19.29,54.17,Poland,Poland,,0,0,no,16.88,10.45,76.92,0.8,0.0,0.0,0.0,1.61,8.84,17.37,0.8,1,0.8,0,0.0,2.41,0.0,0,0.0,0.09,0,0.0,1,0.8,0.0,0.0,0.0,2.41,33.33,1.61,0.0,0.8,100.0,0.0,4.82,33.33,8.04,30.0,0.8,0.0,0.0,26.52,1.61,1.61,34.55,81.4,13.66,82.35,1.61,100.0,12.05,100.0,27.32,85.29,5.63,85.71,11.63,20.69,0.0,0.0,0.0,0.0,0.0,0.0,0.0,5.63,85.71,1.61,100.0,0.0,0.0,0.8,0.8,8.84,63.64,0,,0,,0,0.0,0.0,0.0,,,0.0,,,0.0,0.0,0.0,0.8,0,0.0
S. Szczytniewski,Pogoń Siedlce,Pogoń Siedlce,LB,23,0,2027-06-30,13,909,0,0.23,0,0.65,13.96,45.39,Poland,Poland,left,183,0,no,7.52,5.94,53.33,1.68,23.53,0.1,0.14,0.4,4.26,6.06,0.89,4,0.4,0,0.0,2.48,0.0,0,0.0,0.02,0,0.0,6,0.59,0.0,0.0,0.0,3.17,43.75,2.97,43.33,0.2,50.0,0.5,1.49,73.33,3.66,48.65,0.59,0.79,0.3,23.76,1.19,1.49,33.37,71.22,13.66,59.42,4.95,80.0,10.3,78.85,24.55,83.06,5.74,34.48,21.19,28.75,0.06,0.59,0.0,0.1,0.0,0.0,0.2,4.36,47.73,3.66,45.95,0.3,0.0,0.1,1.39,8.91,62.22,0,,0,,0,0.0,0.0,0.0,,,0.3,,,0.5,0.1,0.0,1.78,0,0.0
W. Staszak,Wisła Kraków,Wisła Kraków,"DMF, AMF, RDMF",19,0,2029-06-30,3,44,0,0.0,0,0.0,,,Poland,Poland,,0,0,no,,,,,,,0.0,,,4.29,,0,,0,,,,0,,,0,,0,,,0.0,,,,,,,,,,,,,,,,,,,,,,,,,,,,,,,16.24,25.21,,,,,,,,,,,,,,,,,,0,,0,,0,0.0,0.0,,,,,,,,,,,0,0.0
B. Akhmedov,Górnik Łęczna,Górnik Łęczna,"LCMF, RCMF, LDMF",26,0,,19,974,0,0.5,0,0.8,12.57,50.74,Uzbekistan,Uzbekistan,unknown,0,0,no,8.32,5.73,51.61,1.85,40.0,0.74,1.12,0.28,4.62,6.98,1.48,2,0.18,0,0.0,1.2,0.0,0,0.0,0.05,0,0.0,14,1.29,14.29,0.0,0.0,0.92,50.0,0.46,40.0,0.46,60.0,0.28,0.55,83.33,3.42,54.05,0.37,0.65,0.0,22.36,0.46,1.29,35.02,84.17,9.52,63.11,7.67,97.59,11.64,89.68,31.05,88.99,3.14,47.06,16.13,24.08,0.07,0.46,0.0,0.0,0.09,100.0,0.09,4.53,75.51,1.11,50.0,0.18,100.0,0.28,0.46,5.36,53.45,0,,0,,0,0.0,0.0,0.0,,,0.65,,,0.0,0.0,0.0,0.09,0,0.0
K. Bojańczyk,Górnik Łęczna,Górnik Łęczna,"AMF, RCMF, LCMF",21,0,,7,89,0,0.07,0,0.02,15.17,53.33,Poland,Poland,right,175,71,no,8.09,7.08,71.43,0.0,0.0,1.01,2.31,0.0,2.02,4.62,0.0,0,0.0,0,0.0,2.02,0.0,0,0.0,0.07,0,0.0,3,3.03,0.0,0.0,0.0,1.01,100.0,0.0,0.0,1.01,100.0,0.0,3.03,33.33,6.07,33.33,1.01,1.01,0.0,15.17,0.0,1.01,22.25,86.36,8.09,87.5,4.04,75.0,8.09,100.0,20.22,85.0,1.01,100.0,22.91,3.52,0.02,1.01,0.0,0.0,0.0,0.0,0.0,6.07,83.33,1.01,100.0,0.0,0.0,0.0,1.01,6.07,66.67,0,,0,,0,0.0,0.0,0.0,,,0.0,,,0.0,0.0,0.0,0.0,0,0.0
S. Doba,Górnik Łęczna,Górnik Łęczna,"CF, AMF",20,0,,15,429,1,1.04,0,0.19,15.73,36.0,Poland,Poland,,193,76,no,2.73,2.73,30.77,6.08,31.03,0.0,0.0,0.21,1.89,3.7,1.89,0,0.0,0,0.0,1.05,0.21,1,0.21,0.22,1,0.21,5,1.05,20.0,20.0,0.0,0.0,0.0,0.0,0.0,0.0,0.0,0.0,0.84,100.0,3.57,52.94,2.1,0.0,0.0,6.29,0.63,1.26,9.02,83.72,2.73,92.31,2.73,92.31,1.26,33.33,8.81,85.71,0.21,0.0,9.69,1.03,0.04,0.42,0.0,0.0,0.0,0.0,0.0,1.05,100.0,0.42,100.0,0.21,0.0,0.63,0.0,0.42,50.0,0,,0,,0,0.0,0.0,0.0,,,0.0,,,0.0,0.0,0.0,0.0,0,0.0
J. Krzyżanowski,Wisła Kraków,Wisła Kraków,LB,20,0,2027-06-30,30,1753,1,1.84,4,3.09,16.58,57.89,Poland,Poland,left,181,73,no,9.09,7.7,76.0,2.41,51.06,0.36,0.62,0.05,2.88,4.94,1.03,5,0.26,0,0.0,2.52,0.05,1,0.05,0.09,0,0.0,19,0.98,15.79,5.263,0.21,3.65,42.25,3.54,40.58,0.05,100.0,0.62,1.69,42.42,5.03,41.84,3.29,1.95,0.36,29.88,1.44,0.72,38.61,78.32,14.22,71.12,7.91,98.7,10.73,75.6,30.65,86.26,4.42,51.16,18.68,30.85,0.16,1.44,0.21,0.0,0.15,66.67,0.77,4.93,67.71,3.95,54.55,0.36,28.57,1.33,1.59,8.01,72.44,0,,0,,0,0.0,0.0,0.0,,,0.72,,,0.05,0.0,0.0,0.15,0,0.0
D. Kroczek,Górnik Łęczna,Górnik Łęczna,"RW, RCMF",20,0,,3,43,0,0.0,0,0.0,,,Poland,Poland,unknown,0,0,no,,,,,,,0.0,,,3.33,,0,,0,,,,0,,,0,,0,,,0.0,,,,,,,,,,,,,,,,,,,,,,,,,,,,,,,6.99,0.0,,,,,,,,,,,,,,,,,,0,,0,,0,0.0,0.0,,,,,,,,,,,0,0.0
F. Janaszek,Górnik Łęczna,Górnik Łęczna,"CF, AMF, RWF",22,0,2027-06-30,18,1182,2,1.64,1,1.52,20.79,44.69,Poland,Poland,unknown,0,0,no,5.56,5.41,64.79,3.12,46.34,0.0,0.0,0.08,2.06,2.85,0.91,0,0.0,0,0.0,2.82,0.15,2,0.15,0.13,0,0.0,17,1.29,41.18,11.765,0.08,0.99,15.38,0.38,20.0,0.61,12.5,0.23,4.72,45.16,10.43,36.5,2.82,1.83,0.38,11.19,1.83,0.84,16.37,68.84,4.42,51.72,4.34,87.72,3.81,74.0,14.54,74.35,0.99,38.46,14.22,12.65,0.12,1.07,0.0,0.0,0.0,0.0,0.23,1.37,55.56,1.22,37.5,0.0,0.0,0.69,0.15,1.14,46.67,0,,0,,0,0.0,0.0,0.0,,,0.08,,,0.0,0.0,0.0,0.0,0,0.0
O. Sukiennicki,Wisła Kraków,Odra Opole,"AMF, LAMF",23,0,2027-06-30,21,905,0,1.29,1,0.36,21.18,41.78,Poland,Poland,right,178,0,no,4.77,4.38,65.91,1.79,27.78,0.1,0.15,0.2,1.79,2.65,0.7,1,0.1,0,0.0,3.68,0.0,0,0.0,0.13,0,0.0,18,1.79,33.33,0.0,0.1,2.98,33.33,2.69,33.33,0.3,33.33,0.3,5.47,36.36,13.43,34.07,1.49,3.58,0.7,19.09,0.99,1.89,27.25,76.28,10.14,67.65,5.17,90.38,7.46,82.67,23.07,84.05,1.19,33.33,16.2,11.42,0.04,0.5,0.1,0.0,0.2,50.0,0.3,2.98,60.0,4.08,53.66,0.3,33.33,1.19,1.19,5.07,76.47,0,,0,,0,0.0,0.0,0.0,,,0.0,,,0.0,0.0,0.0,0.4,0,0.0
G. David Abbott,,Górnik Łęczna,RCB,21,0,,14,1317,0,0.08,0,0.21,9.98,58.9,England,"England, Wales",right,0,0,no,6.08,4.1,65.0,3.35,53.06,0.21,0.31,0.62,3.21,4.85,1.03,4,0.27,0,0.0,0.14,0.0,0,0.0,0.01,0,0.0,2,0.14,0.0,0.0,0.0,0.0,0.0,0.0,0.0,0.0,0.0,0.0,0.27,50.0,0.75,63.64,0.41,0.48,0.0,32.26,0.0,0.62,42.03,90.89,16.33,82.43,2.05,96.67,18.45,97.41,38.61,94.16,3.42,54.0,19.26,34.79,0.01,0.21,0.0,0.0,0.0,0.0,0.07,4.1,78.33,0.27,50.0,0.0,0.0,0.14,0.0,6.01,63.64,0,,0,,0,0.0,0.0,0.0,,,1.44,,,0.0,0.0,0.0,0.0,0,0.0
M. Litwa,Górnik Łęczna,Górnik Łęczna,RAMF,22,0,,1,2,0,0.0,0,0.0,,,Poland,Poland,,183,0,no,,,,,,,0.0,,,0.0,,0,,0,,,,0,,,0,,0,,,0.0,,,,,,,,,,,,,,,,,,,,,,,,,,,,,,,0.0,0.0,,,,,,,,,,,,,,,,,,0,,0,,0,0.0,0.0,,,,,,,,,,,0,0.0
K. Duda,Wisła Kraków,Wisła Kraków,"LDMF, RDMF, AMF",22,0,2027-06-30,30,2338,1,2.44,5,4.42,18.4,50.42,Poland,Poland,right,170,65,no,7.81,6.58,66.67,1.89,36.73,0.31,0.54,0.35,3.12,5.46,1.46,5,0.19,0,0.0,2.12,0.04,1,0.04,0.09,0,0.0,49,1.89,24.49,2.041,0.19,1.54,27.5,0.38,0.0,1.12,37.93,0.31,2.08,57.41,7.16,41.94,2.0,1.69,0.15,31.41,0.42,1.58,43.69,84.14,13.43,77.65,7.43,95.85,14.59,86.02,39.73,87.89,2.5,58.46,16.08,30.87,0.17,1.35,0.04,0.12,0.08,50.0,0.5,6.2,78.26,2.46,56.25,0.27,28.57,1.69,0.35,5.93,77.92,0,,0,,0,0.0,0.0,0.0,,,0.19,,,0.58,0.12,33.33,1.15,0,0.0
M. Broda,Rekord Bielsko-Biała,Górnik Łęczna,LCB,25,0,2027-06-30,3,296,0,0.19,0,0.0,15.2,56.0,Poland,Poland,,192,0,no,9.73,5.17,47.06,4.56,53.33,0.0,0.0,1.52,7.3,10.0,0.61,0,0.0,0,0.0,0.0,0.0,0,0.0,0.06,0,0.0,3,0.91,0.0,0.0,0.0,0.0,0.0,0.0,0.0,0.0,0.0,0.0,0.3,0.0,0.61,50.0,1.82,0.0,0.0,16.72,0.0,1.22,28.58,87.23,10.34,79.41,2.43,100.0,12.47,95.12,26.45,89.66,2.13,57.14,20.23,40.25,0.0,0.0,0.0,0.0,0.0,0.0,0.0,0.91,66.67,0.0,0.0,0.0,0.0,0.0,0.0,5.78,63.16,0,,0,,0,0.0,0.0,0.0,,,1.82,,,0.0,0.0,0.0,0.0,0,0.0
Frederico Duarte,Wisła Kraków,Wisła Kraków,"LAMF, RAMF, CF",27,0,2027-06-30,33,2446,10,10.42,8,2.74,18.58,49.7,Portugal,Portugal,right,175,66,no,6.33,4.67,63.78,1.77,37.5,0.7,1.23,0.04,2.65,4.66,1.25,2,0.07,0,0.0,5.04,0.37,10,0.37,0.38,3,0.11,83,3.05,34.94,12.048,0.29,3.46,37.23,1.1,36.67,2.28,37.1,0.52,4.05,63.64,9.82,50.56,5.0,2.02,0.33,25.87,1.58,2.43,33.19,78.16,10.34,77.58,6.84,92.47,9.13,72.98,27.34,85.46,2.54,55.07,17.49,27.98,0.1,0.88,0.04,0.15,0.15,75.0,0.59,3.05,75.9,3.94,58.88,0.4,72.73,1.88,1.29,5.85,80.5,0,,0,,0,0.0,0.0,0.0,,,0.15,,,0.0,0.0,0.0,0.11,0,0.0
Dani Sandoval,Mérida AD,Tychy 71,"LAMF, LB, LW",28,0,2027-06-30,10,288,0,0.08,1,0.22,28.13,37.78,Spain,Spain,left,178,71,no,5.0,6.25,30.0,3.13,10.0,0.0,0.0,0.0,3.13,5.45,4.06,1,0.31,1,0.31,7.81,0.0,0,0.0,0.03,0,0.0,2,0.63,50.0,0.0,0.31,8.13,30.77,7.81,32.0,0.31,0.0,0.31,8.44,59.26,15.31,51.02,0.94,3.75,0.94,25.31,0.94,1.25,40.63,68.46,9.38,60.0,10.31,93.94,10.94,68.57,29.06,78.49,3.75,66.67,20.91,31.17,0.07,0.94,0.0,0.0,0.0,0.0,0.63,3.44,81.82,5.94,57.89,0.63,100.0,1.25,2.19,7.5,91.67,0,,0,,0,0.0,0.0,0.0,,,0.31,,,0.63,0.0,0.0,0.31,0,0.0
M. Feliks,Odra Opole,Odra Opole,CF,27,0,2027-06-30,15,1205,4,3.5,0,0.36,22.85,39.87,Poland,Poland,right,186,84,no,5.0,3.51,61.7,7.1,38.95,0.15,0.19,0.15,2.69,3.46,2.39,1,0.07,0,0.0,1.27,0.3,4,0.3,0.26,2,0.15,23,1.72,39.13,17.391,0.0,0.45,50.0,0.07,0.0,0.37,60.0,0.07,0.97,38.46,6.35,32.94,3.73,0.52,0.22,8.14,1.64,2.24,13.07,80.0,2.46,57.58,3.88,90.38,3.96,84.91,12.17,80.37,0.52,100.0,14.27,11.6,0.03,0.6,0.0,0.0,0.0,0.0,0.3,1.42,68.42,0.37,60.0,0.0,0.0,0.67,0.15,1.57,61.9,0,,0,,0,0.0,0.0,0.0,,,0.0,,,0.0,0.0,0.0,0.0,0,0.0
J. Malek,Stal Mielec,Stal Mielec,AMF,18,0,,1,12,0,0.0,0,0.0,,,Poland,Poland,,0,0,no,,,,,,,0.0,,,0.0,,0,,0,,,,0,,,0,,0,,,0.0,,,,,,,,,,,,,,,,,,,,,,,,,,,,,,,10.38,0.0,,,,,,,,,,,,,,,,,,0,,0,,0,0.0,0.0,,,,,,,,,,,0,0.0
M. Biatowas,Odra Opole,Odra Opole,LCB,19,0,,10,661,0,0.79,0,0.09,9.67,53.52,Poland,Poland,,0,0,no,7.49,5.04,54.05,2.45,38.89,0.0,0.0,0.54,4.77,6.56,0.82,2,0.27,0,0.0,0.95,0.0,0,0.0,0.11,0,0.0,6,0.82,33.33,0.0,0.0,2.04,20.0,1.91,14.29,0.14,100.0,0.27,0.41,66.67,1.23,66.67,1.09,0.54,0.0,26.82,0.41,0.41,37.72,80.87,18.52,69.12,2.45,94.44,12.66,93.55,32.13,89.41,3.68,37.04,19.34,30.41,0.01,0.14,0.0,0.0,0.0,0.0,0.14,7.49,69.09,2.72,25.0,0.14,0.0,0.27,0.41,8.85,72.31,0,,0,,0,0.0,0.0,0.0,,,0.82,,,0.0,0.0,0.0,0.54,0,0.0
P. Mazan,Śląsk Wrocław,Śląsk Wrocław,RCMF,16,0,,1,13,0,0.0,0,0.12,,,Poland,Poland,unknown,0,0,no,,,,,,,0.0,,,0.0,,0,,0,,,,0,,,0,,0,,,0.0,,,,,,,,,,,,,,,,,,,,,,,,,,,,,,,8.8,0.0,,,,,,,,,,,,,,,,,,0,,0,,0,0.0,0.0,,,,,,,,,,,0,0.0
N. Niedzwiedz,Stal Mielec,Stal Mielec,"RCMF, LCMF, AMF",20,0,,10,159,0,0.36,0,0.05,19.81,34.29,Poland,Poland,,184,0,no,6.79,8.49,40.0,2.26,50.0,0.57,0.83,0.57,2.83,4.17,3.96,4,2.26,0,0.0,0.57,0.0,0,0.0,0.2,0,0.0,4,2.26,0.0,0.0,0.0,0.57,0.0,0.0,0.0,0.57,0.0,0.0,2.26,25.0,7.92,21.43,1.13,2.83,0.0,29.43,0.0,1.13,31.13,92.73,4.53,75.0,7.36,100.0,13.02,91.3,29.43,96.15,1.13,50.0,13.68,6.72,0.03,1.13,0.0,0.0,0.0,0.0,0.57,1.13,100.0,1.13,0.0,0.0,0.0,0.0,0.0,1.13,100.0,0,,0,,0,0.0,0.0,0.0,,,0.0,,,0.0,0.0,0.0,0.0,0,0.0
S. Mida,Odra Opole,Odra Opole,"AMF, LW",20,0,2028-06-30,26,1187,3,1.81,1,1.33,15.92,38.57,Poland,Poland,unknown,176,0,no,5.08,5.23,52.17,2.05,11.11,0.08,0.09,0.38,2.27,2.84,1.59,1,0.08,0,0.0,3.56,0.23,3,0.23,0.14,0,0.0,21,1.59,47.62,14.286,0.08,3.11,29.27,2.43,34.38,0.68,11.11,0.53,3.72,51.02,7.13,41.49,2.27,1.82,0.15,9.4,1.52,0.91,15.32,57.92,4.09,57.41,2.12,71.43,6.07,53.75,10.39,67.15,1.97,50.0,19.41,17.22,0.1,0.53,0.0,0.0,0.08,0.0,0.3,1.52,65.0,2.65,37.14,0.15,50.0,0.45,1.14,3.41,60.0,0,,0,,0,0.0,0.0,0.0,,,0.08,,,0.08,0.0,0.0,0.0,0,0.0
K. Rostek,Śląsk Wrocław II,Śląsk Wrocław,RB,18,0,,1,7,0,0.0,0,0.0,,,Poland,Poland,unknown,0,0,no,,,,,,,0.0,,,0.0,,0,,0,,,,0,,,0,,0,,,0.0,,,,,,,,,,,,,,,,,,,,,,,,,,,,,,,13.63,0.0,,,,,,,,,,,,,,,,,,0,,0,,0,0.0,0.0,,,,,,,,,,,0,0.0
K. Cybulski,Stal Mielec,Stal Mielec,"LW, LAMF, LWF",20,0,2028-06-30,15,1210,4,2.77,2,1.04,16.07,47.69,Poland,Poland,,174,0,no,3.57,4.02,55.56,1.56,57.14,0.07,0.1,0.22,1.26,1.75,0.6,1,0.07,0,0.0,4.91,0.3,4,0.3,0.21,0,0.0,31,2.31,45.16,12.903,0.15,2.9,17.95,2.83,18.42,0.07,0.0,0.97,6.4,52.33,9.37,45.24,4.46,3.72,0.37,17.18,2.75,0.89,20.98,72.34,4.31,67.24,6.99,86.17,6.69,70.0,16.51,81.98,1.71,65.22,18.65,25.37,0.08,1.12,0.07,0.0,0.07,0.0,0.45,1.56,76.19,2.16,44.83,0.15,50.0,0.82,0.6,3.35,73.33,0,,0,,0,0.0,0.0,0.0,,,0.07,,,0.07,0.0,0.0,0.15,0,0.0
P. Kwiatkowski,Widzew Łódź,Stal Mielec,"RCB, CB",19,0,2027-06-30,9,372,0,0.23,0,0.0,13.06,55.56,Poland,Poland,unknown,0,0,no,6.77,3.87,62.5,7.26,56.67,0.24,0.42,0.73,4.11,7.18,1.69,1,0.24,1,0.24,0.73,0.0,0,0.0,0.06,0,0.0,2,0.48,50.0,0.0,0.0,0.24,100.0,0.0,0.0,0.24,100.0,0.24,0.24,100.0,0.48,100.0,0.48,1.69,0.0,38.71,0.48,0.24,51.05,84.36,19.6,64.2,3.87,100.0,22.98,96.84,43.55,91.67,7.26,40.0,22.17,28.26,0.0,0.0,0.0,0.0,0.0,0.0,0.0,5.56,56.52,0.48,50.0,0.24,0.0,0.0,0.24,7.5,61.29,0,,0,,0,0.0,0.0,0.0,,,1.94,,,0.0,0.0,0.0,0.0,0,0.0
S. Szklinski,Odra Opole,Odra Opole,"LWB, LB, RWB",19,0,,7,299,0,1.11,0,0.05,17.16,47.37,Poland,Poland,unknown,184,0,no,11.14,7.53,48.0,4.21,64.29,1.2,1.9,0.3,6.32,10.0,0.9,2,0.6,0,0.0,1.81,0.0,0,0.0,0.33,0,0.0,7,2.11,28.57,0.0,0.0,1.51,0.0,1.2,0.0,0.3,0.0,0.0,2.41,50.0,4.52,33.33,2.11,2.41,0.3,11.74,0.3,0.9,17.46,75.86,7.53,68.0,2.11,100.0,5.42,77.78,15.05,86.0,0.9,33.33,19.6,16.06,0.02,0.3,0.0,0.0,0.0,0.0,0.3,1.81,100.0,0.9,0.0,0.0,0.0,0.6,0.0,3.91,76.92,0,,0,,0,0.0,0.0,0.0,,,0.3,,,0.0,0.0,0.0,0.0,0,0.0
P. Kowalik,Stal Mielec,Stal Mielec,RCB,20,0,2027-06-30,8,474,0,0.17,0,0.1,11.96,47.62,Poland,Poland,right,190,77,no,8.35,4.94,57.69,3.04,43.75,0.57,0.83,1.33,4.94,7.16,0.95,1,0.19,0,0.0,0.38,0.0,0,0.0,0.03,0,0.0,1,0.19,0.0,0.0,0.0,0.19,100.0,0.0,0.0,0.19,100.0,0.0,0.19,100.0,1.71,33.33,1.14,0.38,0.0,31.33,0.57,0.0,46.14,87.65,18.61,76.53,2.85,80.0,19.75,97.12,39.68,92.82,6.27,54.55,17.62,30.89,0.02,0.76,0.0,0.0,0.0,0.0,0.19,5.32,85.71,0.38,50.0,0.0,0.0,0.0,0.19,7.22,71.05,0,,0,,0,0.0,0.0,0.0,,,1.52,,,0.0,0.0,0.0,0.0,0,0.0
D. Szala,Śląsk Wrocław,Stal Mielec,RCB,20,0,2028-06-30,11,1018,0,0.1,0,0.0,10.7,61.16,Poland,Poland,right,185,75,yes,9.02,3.45,66.67,4.51,54.9,0.27,0.38,0.88,6.45,9.13,0.62,0,0.0,1,0.09,0.09,0.0,0,0.0,0.01,0,0.0,1,0.09,100.0,0.0,0.0,0.09,0.0,0.09,0.0,0.0,0.0,0.0,0.0,0.0,0.35,50.0,0.71,0.27,0.0,29.62,0.18,0.18,43.76,92.53,12.38,82.86,2.65,96.67,24.14,96.7,41.29,95.29,2.39,48.15,19.69,33.89,0.0,0.0,0.0,0.0,0.0,0.0,0.0,2.92,75.76,0.0,0.0,0.0,0.0,0.09,0.0,4.33,67.35,0,,0,,0,0.0,0.0,0.0,,,1.68,,,0.0,0.0,0.0,0.0,0,0.0
P. Kruszelnicki,Stal Mielec,Stal Mielec,"RW, RAMF, RWF",23,0,2027-06-30,31,2437,7,5.86,7,3.24,14.96,49.88,Poland,Poland,unknown,0,0,no,4.54,4.17,57.52,1.11,36.67,0.04,0.05,0.07,2.11,2.93,1.07,6,0.22,0,0.0,3.8,0.26,7,0.26,0.22,0,0.0,39,1.44,35.9,17.949,0.26,2.59,30.0,0.41,27.27,2.14,31.03,0.33,4.28,56.9,7.9,50.93,3.58,3.58,0.81,18.28,1.96,1.33,22.9,77.26,4.91,70.68,6.2,92.26,6.68,75.69,19.65,84.21,0.78,52.38,17.66,19.08,0.12,1.18,0.0,0.11,0.15,50.0,0.52,1.55,61.9,2.25,52.46,0.18,40.0,1.11,0.78,2.29,75.81,0,,0,,0,0.0,0.0,0.0,,,0.33,,,0.0,0.0,0.0,0.0,0,0.0
D. Mazurek,Rekord Bielsko-Biała,Stal Mielec,LWB,19,0,2028-06-30,8,254,0,0.07,0,0.0,15.59,45.45,Poland,Poland,left,172,63,no,9.21,7.44,61.9,2.13,0.0,0.0,0.0,0.0,4.61,7.09,1.06,0,0.0,0,0.0,1.42,0.0,0,0.0,0.03,0,0.0,1,0.35,100.0,0.0,0.0,2.13,33.33,2.13,33.33,0.0,0.0,0.35,1.06,33.33,4.25,33.33,1.06,1.77,0.71,20.91,1.42,0.35,26.22,72.97,8.15,60.87,5.67,93.75,7.8,77.27,22.32,79.37,2.48,57.14,16.92,24.16,0.0,0.0,0.0,0.0,0.0,0.0,0.0,2.48,57.14,2.13,33.33,0.0,0.0,0.0,0.0,3.54,40.0,0,,0,,0,0.0,0.0,0.0,,,0.0,,,0.0,0.0,0.0,0.0,0,0.0
M. Matys,Zagłębie Lubin,Stal Mielec,GK,20,0,2028-06-30,17,1641,0,0.0,0,0.0,0.6,90.91,Poland,Poland,right,189,77,no,1.43,0.11,50.0,0.33,100.0,0.0,0.0,0.0,1.37,1.91,0.05,2,0.11,0,0.0,0.0,0.0,0,0.0,0.0,0,0.0,0,0.0,0.0,0.0,0.0,0.0,0.0,0.0,0.0,0.0,0.0,0.0,0.0,0.0,0.16,100.0,0.0,0.0,0.0,12.83,0.11,0.22,19.58,87.68,9.54,77.01,0.05,100.0,9.27,98.22,13.11,96.65,6.47,69.49,28.31,42.97,0.0,0.0,0.0,0.0,0.0,0.0,0.0,0.6,72.73,0.0,0.0,0.05,100.0,0.0,0.0,4.77,64.37,30,1.65,79,4.33,2,62.03,26.25,1.44,-3.75,-0.206,0.0,1.37,0.33,,,,0.0,0,0.0
M. Dziuba,Śląsk Wrocław,Śląsk Wrocław,"AMF, CF",21,0,2027-06-30,3,63,0,0.03,0,0.0,8.57,33.33,Poland,Poland,,0,0,no,2.86,2.86,50.0,1.43,0.0,1.43,1.88,0.0,0.0,0.0,1.43,1,1.43,0,0.0,0.0,0.0,0,0.0,0.04,0,0.0,1,1.43,0.0,0.0,0.0,0.0,0.0,0.0,0.0,0.0,0.0,0.0,1.43,0.0,2.86,0.0,1.43,1.43,0.0,11.43,0.0,0.0,18.57,76.92,2.86,50.0,7.14,80.0,4.29,66.67,18.57,76.92,0.0,0.0,13.08,0.0,0.0,0.0,0.0,0.0,0.0,0.0,0.0,0.0,0.0,1.43,0.0,0.0,0.0,0.0,0.0,0.0,0.0,0,,0,,0,0.0,0.0,0.0,,,0.0,,,0.0,0.0,0.0,0.0,0,0.0
A. Bukowski,Chrobry Głogów,Stal Mielec,"RCMF, CB, LCMF",23,0,2027-06-30,15,726,1,1.0,0,0.01,13.02,44.76,Poland,Poland,right,188,78,no,6.2,4.71,57.89,3.97,34.38,0.0,0.0,0.25,3.47,5.15,0.87,0,0.0,0,0.0,0.37,0.12,1,0.12,0.12,0,0.0,4,0.5,25.0,25.0,0.0,0.12,0.0,0.12,0.0,0.0,0.0,0.0,0.62,40.0,2.73,40.91,1.24,0.37,0.0,20.7,0.37,0.99,27.89,91.11,8.31,83.58,5.45,95.45,10.91,95.45,25.91,93.3,1.98,62.5,16.62,21.79,0.0,0.25,0.0,0.0,0.0,0.0,0.0,4.59,78.38,0.12,100.0,0.12,100.0,0.12,0.0,3.1,80.0,0,,0,,0,0.0,0.0,0.0,,,0.25,,,0.0,0.0,0.0,0.0,0,0.0
J. Patterson,Everton U21,Łódzki KS,"DMF, RCMF",20,0,,2,21,0,0.0,0,0.0,,,Northern Ireland,Northern Ireland,right,0,0,no,,,,,,,0.0,,,10.0,,0,,0,,,,0,,,0,,0,,,0.0,,,,,,,,,,,,,,,,,,,,,,,,,,,,,,,25.25,0.0,,,,,,,,,,,,,,,,,,0,,0,,0,0.0,0.0,,,,,,,,,,,0,0.0
K. Odolak,Stal Mielec,Stal Mielec,"CF, LCMF",24,0,2027-06-30,22,798,2,2.25,0,0.21,24.81,38.18,Poland,Poland,,0,0,no,3.72,2.59,60.87,13.08,38.79,0.0,0.0,0.45,2.14,3.02,1.24,0,0.0,0,0.0,1.02,0.23,2,0.23,0.25,1,0.11,16,1.8,37.5,12.5,0.0,0.0,0.0,0.0,0.0,0.0,0.0,0.0,0.68,50.0,5.64,32.0,3.5,0.56,0.0,9.47,1.35,1.35,14.21,68.25,4.4,48.72,3.16,89.29,3.61,68.75,12.74,70.8,1.47,46.15,14.83,12.81,0.02,0.45,0.0,0.0,0.11,0.0,0.11,2.37,47.62,0.23,0.0,0.11,0.0,0.56,0.0,1.69,53.33,0,,0,,0,0.0,0.0,0.0,,,0.0,,,0.0,0.0,0.0,0.0,0,0.0
K. Sommerfeld,Stal Mielec,Stal Mielec,"LCMF, RCMF, LDMF",22,0,2027-06-30,11,580,0,0.24,0,0.39,13.5,39.08,Poland,Poland,both,0,0,no,6.67,4.5,62.07,2.33,26.67,0.62,0.85,0.16,3.26,4.44,1.71,4,0.62,0,0.0,0.31,0.0,0,0.0,0.04,0,0.0,7,1.09,0.0,0.0,0.0,1.4,0.0,0.47,0.0,0.93,0.0,0.16,0.31,100.0,3.88,28.0,1.4,0.78,0.0,26.22,0.93,1.09,36.31,83.33,9.31,75.0,7.6,91.84,12.41,90.0,31.97,88.83,2.95,63.16,19.16,23.78,0.06,0.78,0.0,0.0,0.0,0.0,0.16,5.28,70.59,1.71,54.55,0.31,0.0,0.62,0.16,4.34,82.14,0,,0,,0,0.0,0.0,0.0,,,0.31,,,0.0,0.0,0.0,0.0,0,0.0
A. Gjoni,Puszcza Niepołomice,Puszcza Niepołomice,CF,26,0,,13,1043,7,3.68,0,0.19,28.73,37.84,Albania,Albania,,185,0,no,4.14,4.31,50.0,7.68,46.07,0.35,0.56,0.09,1.64,2.65,2.59,6,0.52,0,0.0,2.42,0.6,6,0.52,0.32,1,0.09,29,2.5,41.38,24.138,0.0,0.52,33.33,0.26,66.67,0.26,0.0,0.09,2.24,53.85,10.61,31.71,3.45,1.12,0.17,6.04,1.12,1.81,7.85,61.54,2.76,62.5,0.95,90.91,2.24,69.23,7.08,64.63,0.26,33.33,13.71,7.27,0.02,0.52,0.09,0.0,0.0,0.0,0.17,1.38,56.25,0.6,42.86,0.0,0.0,0.43,0.17,1.29,66.67,0,,0,,0,0.0,0.0,0.0,,,0.0,,,0.0,0.0,0.0,0.0,1,100.0
M. Drag,,Pogoń Siedlce,"LDMF, LCMF, RDMF",24,0,,32,2887,2,1.5,1,1.36,11.91,51.31,Poland,Poland,right,185,0,no,7.67,5.61,58.33,1.47,48.94,0.31,0.39,0.34,4.08,5.14,1.31,8,0.25,0,0.0,0.75,0.06,2,0.06,0.05,0,0.0,30,0.94,23.33,6.667,0.03,0.37,50.0,0.19,50.0,0.19,50.0,0.09,0.47,73.33,2.84,49.45,0.94,0.97,0.06,20.92,0.37,1.22,33.11,82.86,13.16,72.04,4.74,93.42,10.47,90.48,29.43,85.91,3.3,59.43,17.88,33.21,0.04,0.62,0.0,0.0,0.03,0.0,0.06,4.3,74.64,1.25,70.0,0.25,25.0,0.78,0.12,5.83,62.03,0,,0,,0,0.0,0.0,0.0,,,0.16,,,0.22,0.12,0.0,0.03,0,0.0
J. Konstantyn,Pogoń Grod. Mazowiecki,Pogoń Grod. Mazowiecki,"LWB, LB",24,0,2027-06-30,29,1873,1,2.47,2,2.06,17.06,56.62,Poland,Poland,left,175,78,no,7.93,6.58,62.04,1.63,32.35,0.34,0.44,0.19,3.51,4.54,0.43,2,0.1,0,0.0,2.84,0.05,1,0.05,0.12,0,0.0,24,1.15,25.0,4.167,0.1,2.59,33.33,2.5,32.69,0.05,0.0,0.53,2.59,62.96,7.16,59.73,1.73,2.4,1.06,25.27,2.5,2.74,33.64,76.0,11.0,65.94,6.05,96.03,10.76,77.68,28.4,82.4,2.74,49.12,19.58,29.85,0.1,1.01,0.0,0.1,0.05,100.0,0.43,2.64,63.64,3.17,50.0,0.1,50.0,1.2,0.86,7.93,66.06,0,,0,,0,0.0,0.0,0.0,,,0.1,,,0.34,0.1,50.0,0.19,0,0.0
R. Adamski,Legia Warszawa,Pogoń Grod. Mazowiecki,CF,24,0,2029-06-30,20,1895,11,12.24,8,2.25,23.41,38.34,Poland,Poland,right,190,79,no,4.46,4.23,48.31,5.22,42.73,0.05,0.06,0.14,2.37,3.01,2.28,2,0.09,0,0.0,3.23,0.52,10,0.47,0.58,1,0.05,65,3.09,44.62,16.923,0.38,0.57,41.67,0.33,28.57,0.24,60.0,0.09,4.08,38.37,9.88,36.06,3.94,1.42,0.09,10.64,1.95,2.61,15.01,74.68,3.32,62.86,3.8,86.25,3.66,74.03,13.92,77.13,0.57,50.0,14.82,18.11,0.11,0.71,0.0,0.0,0.05,100.0,0.66,1.28,70.37,0.85,72.22,0.09,100.0,0.76,0.19,1.9,57.5,0,,0,,0,0.0,0.0,0.0,,,0.0,,,0.0,0.0,0.0,0.0,1,100.0
K. Noiszewski,Miedź Legnica,Pogoń Grod. Mazowiecki,RCB,26,0,2028-06-30,33,3161,8,8.57,3,2.56,11.73,53.4,Poland,Poland,right,193,0,no,7.17,3.99,55.71,2.93,57.28,0.06,0.07,0.46,4.9,6.43,1.0,8,0.23,0,0.0,1.71,0.23,4,0.11,0.24,2,0.06,32,0.91,50.0,25.0,0.09,0.77,44.44,0.11,75.0,0.63,40.91,0.14,1.22,60.47,3.5,51.22,1.14,1.2,0.09,33.54,0.57,0.6,47.32,82.31,22.66,72.11,3.19,91.96,17.45,94.29,39.41,88.66,7.17,51.59,21.87,40.12,0.07,0.51,0.03,0.03,0.23,75.0,0.34,9.77,68.51,2.33,42.68,1.45,41.18,0.83,0.31,11.47,73.45,0,,0,,0,0.0,0.0,0.0,,,0.65,,,0.03,0.0,0.0,0.03,5,80.0
J. Niewiadomski,Pogoń Grod. Mazowiecki,Pogoń Grod. Mazowiecki,"LCB, LWB",24,0,2027-06-30,11,702,1,0.55,0,0.11,16.67,51.54,Poland,Poland,left,183,75,no,9.23,5.51,60.47,4.74,48.65,0.51,0.7,0.9,5.38,7.33,1.92,3,0.38,0,0.0,0.77,0.13,1,0.13,0.07,1,0.13,5,0.64,60.0,20.0,0.0,0.64,20.0,0.64,20.0,0.0,0.0,0.13,0.77,33.33,3.21,32.0,0.9,0.77,0.0,36.28,0.51,1.41,47.95,79.68,20.9,63.8,5.51,93.02,16.79,93.89,40.13,87.54,7.18,41.07,19.31,33.89,0.01,0.26,0.13,0.0,0.0,0.0,0.13,5.38,52.38,1.67,23.08,0.64,40.0,0.26,0.26,7.69,56.67,0,,0,,0,0.0,0.0,0.0,,,1.92,,,0.0,0.0,0.0,0.0,0,0.0
I. Korczakowski,Pogoń Grod. Mazowiecki,Pogoń Grod. Mazowiecki,"RW, AMF, RCMF",27,0,2028-06-30,24,1498,0,0.91,3,3.2,16.1,42.54,Poland,Poland,left,184,0,no,6.13,4.09,60.29,2.52,38.1,0.24,0.34,0.42,3.42,4.83,0.72,2,0.12,0,0.0,2.94,0.0,0,0.0,0.05,0,0.0,20,1.2,25.0,0.0,0.18,2.34,51.28,0.72,66.67,1.56,46.15,0.54,2.16,52.78,8.17,35.29,1.62,3.18,0.18,30.46,1.08,1.62,38.03,79.3,11.78,63.27,8.71,94.48,11.11,87.03,32.5,83.92,3.18,52.83,17.84,33.57,0.19,1.86,0.12,0.0,0.48,62.5,0.78,4.45,62.16,3.48,60.34,1.08,61.11,1.26,1.14,6.79,77.88,0,,0,,0,0.0,0.0,0.0,,,0.18,,,0.48,0.06,100.0,2.28,0,0.0
D. Pakulski,Wieczysta Kraków,Pogoń Siedlce,"RCMF, LCMF, LDMF",27,0,2027-06-30,7,320,0,0.05,0,0.02,14.34,43.14,Poland,Poland,right,174,66,no,8.72,7.03,40.0,3.94,35.71,0.84,1.13,0.56,5.06,6.75,2.53,2,0.56,0,0.0,0.84,0.0,0,0.0,0.02,0,0.0,2,0.56,50.0,0.0,0.0,0.56,50.0,0.0,0.0,0.56,50.0,0.0,0.28,100.0,1.41,40.0,1.13,0.28,0.28,21.09,0.0,0.0,32.34,84.35,9.84,68.57,3.09,90.91,14.63,92.31,29.81,84.91,1.97,85.71,15.2,23.67,0.01,0.28,0.0,0.0,0.0,0.0,0.0,4.78,88.24,1.41,60.0,0.0,0.0,0.28,0.28,5.91,66.67,0,,0,,0,0.0,0.0,0.0,,,0.0,,,0.0,0.0,0.0,0.0,0,0.0
Matheus Dias,Pogoń Grod. Mazowiecki,Pogoń Grod. Mazowiecki,"LCMF, RCMF",29,0,,2,115,0,0.07,0,0.0,9.39,33.33,Brazil,"Brazil, Italy",right,183,0,no,6.26,3.13,0.0,0.0,0.0,0.0,0.0,0.0,6.26,8.89,2.35,0,0.0,0,0.0,1.57,0.0,0,0.0,0.06,0,0.0,2,1.57,50.0,0.0,0.0,0.0,0.0,0.0,0.0,0.0,0.0,0.0,0.78,100.0,4.7,66.67,0.78,0.0,0.78,17.22,0.0,1.57,26.61,91.18,9.39,83.33,2.35,100.0,9.39,100.0,23.48,93.33,3.13,75.0,18.39,23.93,0.0,0.0,0.0,0.0,0.0,0.0,0.0,5.48,85.71,0.78,100.0,0.0,0.0,0.78,0.0,3.91,100.0,0,,0,,0,0.0,0.0,0.0,,,0.78,,,0.0,0.0,0.0,0.0,0,0.0
R. Kanach,Podbeskidzie Bielsko-Biała,Puszcza Niepołomice,"AMF, LCMF, LDMF",27,0,,10,540,1,0.74,0,0.35,16.83,48.51,Poland,Poland,right,181,73,no,9.5,6.67,60.0,2.67,37.5,1.17,1.57,0.17,4.33,5.82,1.67,3,0.5,0,0.0,0.83,0.17,1,0.17,0.12,0,0.0,8,1.33,25.0,12.5,0.0,0.5,0.0,0.33,0.0,0.17,0.0,0.33,0.67,50.0,3.67,40.91,1.33,0.67,0.0,14.17,0.67,2.0,24.0,71.53,8.67,55.77,4.67,89.29,7.67,76.09,20.33,77.87,3.17,42.11,18.94,27.4,0.06,0.5,0.0,0.0,0.33,50.0,0.0,4.67,60.71,1.33,25.0,1.0,16.67,0.33,0.0,3.17,52.63,0,,0,,0,0.0,0.0,0.0,,,0.0,,,0.17,0.0,0.0,0.0,0,0.0
G. Gulczyński,Pogoń Grod. Mazowiecki,Pogoń Grod. Mazowiecki,LCMF,30,0,,1,1,0,0.0,0,0.0,,,Poland,Poland,right,184,78,no,,,,,,,0.0,,,0.0,,0,,0,,,,0,,,0,,0,,,0.0,,,,,,,,,,,,,,,,,,,,,,,,,,,,,,,0.0,0.0,,,,,,,,,,,,,,,,,,0,,0,,0,0.0,0.0,,,,,,,,,,,0,0.0
E. François,,Puszcza Niepołomice,"LW, LAMF",26,0,,12,464,0,0.36,0,0.62,32.0,47.27,Haiti,"Haiti, France",right,181,0,no,6.98,7.37,63.16,2.52,46.15,0.0,0.0,0.0,2.33,3.79,1.36,0,0.0,0,0.0,4.85,0.0,0,0.0,0.07,0,0.0,8,1.55,50.0,0.0,0.0,2.13,18.18,1.75,22.22,0.19,0.0,0.19,5.82,63.33,19.78,43.14,1.16,4.07,0.0,19.4,1.36,3.49,25.8,87.22,6.4,84.85,7.76,100.0,8.15,76.19,22.89,95.76,0.78,25.0,17.12,10.18,0.12,1.36,0.0,0.0,0.0,0.0,0.39,0.97,80.0,3.3,58.82,0.19,0.0,1.75,0.39,3.3,82.35,0,,0,,0,0.0,0.0,0.0,,,0.19,,,0.19,0.0,0.0,0.97,0,0.0
A. Piekarski,Puszcza Niepołomice,Puszcza Niepołomice,"LCB, RDMF, RCB",28,0,2027-06-30,26,2356,2,2.53,1,0.45,18.53,58.35,Poland,Poland,right,193,89,no,9.55,5.2,64.71,8.06,55.45,0.34,0.51,0.88,5.84,8.6,1.76,5,0.19,1,0.04,0.53,0.08,2,0.08,0.1,0,0.0,17,0.65,23.53,11.765,0.04,0.15,50.0,0.04,100.0,0.11,33.33,0.11,0.31,100.0,1.87,59.18,1.07,0.23,0.0,19.1,0.38,1.41,32.13,80.62,13.64,68.91,2.41,93.65,12.76,92.22,26.4,85.24,5.62,59.86,20.93,38.24,0.02,0.27,0.08,0.0,0.0,0.0,0.0,4.28,63.39,0.57,33.33,0.19,0.0,0.27,0.11,7.18,59.57,0,,0,,0,0.0,0.0,0.0,,,1.11,,,0.0,0.0,0.0,0.0,0,0.0
P. Klimek,Pogoń Siedlce,Pogoń Siedlce,"LCMF, RAMF",19,0,,2,27,0,0.0,0,0.0,,,Poland,Poland,,0,0,no,,,,,,,0.0,,,0.0,,0,,0,,,,0,,,0,,0,,,0.0,,,,,,,,,,,,,,,,,,,,,,,,,,,,,,,11.26,0.0,,,,,,,,,,,,,,,,,,0,,0,,0,0.0,0.0,,,,,,,,,,,0,0.0
J. Tomkiel,Pogoń Siedlce,Pogoń Siedlce,GK,21,0,2027-06-30,1,93,0,0.0,0,0.0,0.0,0.0,Poland,Poland,,0,0,no,0.0,0.0,0.0,0.0,0.0,0.0,0.0,0.0,0.0,0.0,0.0,0,0.0,0,0.0,0.0,0.0,0,0.0,0.0,0,0.0,0,0.0,0.0,0.0,0.0,0.0,0.0,0.0,0.0,0.0,0.0,0.0,0.0,0.0,0.0,0.0,0.0,0.0,0.0,6.77,0.0,0.0,10.65,72.73,1.94,0.0,0.0,0.0,8.71,88.89,7.74,100.0,2.9,0.0,26.89,32.24,0.0,0.0,0.0,0.0,0.0,0.0,0.0,0.0,0.0,0.0,0.0,0.0,0.0,0.0,0.0,2.9,0.0,2,1.94,4,3.87,0,50.0,1.07,1.04,-0.93,-0.9,0.0,0.97,0.0,,,,0.0,0,0.0
W. Kowal,Puszcza Niepołomice,Puszcza Niepołomice,GK,20,0,2027-06-30,9,497,0,0.0,0,0.0,0.36,100.0,Poland,Poland,,0,0,no,0.36,0.0,0.0,0.18,100.0,0.0,0.0,0.0,0.36,0.52,0.0,0,0.0,0,0.0,0.0,0.0,0,0.0,0.0,0,0.0,0,0.0,0.0,0.0,0.0,0.0,0.0,0.0,0.0,0.0,0.0,0.0,0.0,0.0,0.0,0.0,0.0,0.0,0.0,9.96,0.18,0.0,17.2,84.21,7.97,68.18,0.0,0.0,8.69,97.92,11.95,98.48,5.25,51.72,19.72,25.26,0.0,0.0,0.0,0.0,0.0,0.0,0.0,1.27,42.86,0.18,0.0,0.0,0.0,0.0,0.0,4.16,65.22,8,1.45,20,3.62,0,60.0,4.96,0.9,-3.04,-0.551,0.0,1.27,0.18,,,,0.0,0,0.0
O. Olewinski,Legia Warszawa,Pogoń Grod. Mazowiecki,"RWB, RB",20,0,2027-06-30,32,2407,3,2.45,5,3.78,14.51,54.38,Poland,Poland,unknown,0,0,no,7.85,6.43,63.95,2.36,33.33,0.22,0.29,0.15,3.51,4.57,0.67,4,0.15,0,0.0,2.47,0.11,3,0.11,0.09,0,0.0,27,1.01,40.74,11.111,0.19,3.03,38.27,0.19,60.0,2.73,35.62,0.49,1.46,61.54,3.85,56.31,1.94,1.2,0.11,19.29,1.83,1.87,27.0,73.41,7.14,58.12,5.12,92.7,9.91,75.09,21.01,82.03,2.99,48.75,20.47,32.92,0.14,1.05,0.04,0.04,0.0,0.0,0.64,2.62,47.14,2.95,45.57,0.34,33.33,0.71,1.12,4.79,61.72,0,,0,,0,0.0,0.0,0.0,,,0.41,,,0.04,0.0,0.0,0.6,0,0.0
J. Lis,Pogoń Grod. Mazowiecki,Pogoń Grod. Mazowiecki,"AMF, CF, LW",21,0,,25,833,2,2.43,0,0.2,19.56,37.02,Poland,Poland,unknown,185,0,no,3.89,4.11,50.0,2.38,27.27,0.22,0.33,0.0,1.62,2.46,1.3,3,0.32,0,0.0,1.51,0.22,2,0.22,0.26,1,0.11,29,3.13,17.24,6.897,0.0,0.43,25.0,0.32,33.33,0.11,0.0,0.0,2.59,33.33,9.83,37.36,2.92,1.51,0.43,12.97,0.97,3.03,14.37,75.19,3.67,50.0,4.43,95.12,3.24,86.67,13.29,78.05,0.65,50.0,14.97,8.43,0.02,0.32,0.0,0.0,0.22,0.0,0.32,1.62,60.0,0.43,75.0,0.43,25.0,0.32,0.11,2.05,42.11,0,,0,,0,0.0,0.0,0.0,,,0.0,,,0.0,0.0,0.0,0.0,0,0.0
M. Perchel,Puszcza Niepołomice,Puszcza Niepołomice,GK,19,0,2029-06-30,29,2804,0,0.0,0,0.0,0.93,86.21,Poland,Poland,right,191,77,no,1.41,0.06,50.0,0.55,94.12,0.0,0.0,0.0,1.38,2.01,0.03,2,0.06,0,0.0,0.0,0.0,0,0.0,0.0,0,0.0,0,0.0,0.0,0.0,0.0,0.0,0.0,0.0,0.0,0.0,0.0,0.0,0.0,0.0,0.19,83.33,0.0,0.0,0.0,8.92,0.16,0.32,15.66,79.3,8.96,67.03,0.0,0.0,6.29,95.92,8.31,95.37,7.32,61.4,35.31,49.82,0.0,0.0,0.0,0.03,0.0,0.0,0.0,2.34,52.05,0.19,16.67,0.16,0.0,0.03,0.0,5.81,72.93,32,1.03,120,3.85,7,73.33,37.06,1.19,5.06,0.162,0.0,1.7,0.55,,,,0.0,0,0.0
A. Basse,Raków Częstochowa,Puszcza Niepołomice,CF,18,0,,7,239,0,0.38,0,0.09,17.32,23.91,United States,United States,unknown,0,0,no,2.64,2.64,28.57,7.15,26.32,0.0,0.0,0.0,1.88,2.73,1.51,0,0.0,0,0.0,0.38,0.0,0,0.0,0.14,0,0.0,2,0.75,50.0,0.0,0.0,0.0,0.0,0.0,0.0,0.0,0.0,0.0,0.38,0.0,5.27,7.14,2.26,0.38,0.0,5.65,1.13,0.0,7.15,73.68,1.88,40.0,2.64,85.71,1.13,66.67,6.4,82.35,0.75,0.0,12.32,13.42,0.03,0.38,0.0,0.0,0.0,0.0,0.38,0.0,0.0,0.75,50.0,0.0,0.0,0.38,0.0,0.75,50.0,0,,0,,0,0.0,0.0,0.0,,,0.0,,,0.0,0.0,0.0,0.0,0,0.0
S. Stypulkowski,Jagiellonia Białystok,Pogoń Siedlce,"RCMF, LDMF",20,0,2028-06-30,5,129,0,0.0,0,0.0,18.84,62.96,Poland,Poland,,0,0,no,13.95,11.86,58.82,2.79,75.0,0.0,0.0,0.7,6.98,11.11,4.88,2,1.4,0,0.0,0.0,0.0,0,0.0,0.0,0,0.0,1,0.7,0.0,0.0,0.0,0.0,0.0,0.0,0.0,0.0,0.0,0.0,0.0,0.0,2.09,33.33,0.0,1.4,0.0,10.47,0.0,1.4,25.12,77.78,7.67,81.82,3.49,100.0,10.47,73.33,22.33,81.25,2.79,50.0,18.01,19.81,0.0,0.0,0.0,0.0,0.0,0.0,0.0,2.09,66.67,0.7,100.0,0.0,0.0,0.7,0.0,5.58,37.5,0,,0,,0,0.0,0.0,0.0,,,0.7,,,0.0,0.0,0.0,0.0,0,0.0
I. Pieprzyca,Puszcza Niepołomice,Puszcza Niepołomice,"LDMF, LCMF",17,0,,6,76,0,0.0,0,0.0,15.39,53.85,Poland,Poland,right,180,67,no,4.74,8.29,42.86,2.37,50.0,0.0,0.0,0.0,1.18,2.14,2.37,0,0.0,0,0.0,0.0,0.0,0,0.0,0.0,0,0.0,0,0.0,0.0,0.0,0.0,0.0,0.0,0.0,0.0,0.0,0.0,0.0,1.18,0.0,2.37,50.0,0.0,0.0,0.0,9.47,0.0,1.18,18.95,81.25,7.11,50.0,2.37,100.0,7.11,100.0,17.76,86.67,1.18,0.0,7.74,6.24,0.0,0.0,0.0,0.0,0.0,0.0,0.0,3.55,66.67,1.18,0.0,1.18,0.0,0.0,0.0,1.18,0.0,0,,0,,0,0.0,0.0,0.0,,,0.0,,,0.0,0.0,0.0,0.0,0,0.0
S. Gieroba,Pogoń Grod. Mazowiecki,Pogoń Grod. Mazowiecki,"CF, AMF",19,0,,32,1567,4,5.14,1,0.52,21.83,37.37,Poland,Poland,right,0,0,no,4.65,3.62,47.62,6.2,39.81,0.52,0.71,0.29,2.41,3.32,1.72,4,0.23,0,0.0,1.44,0.23,4,0.23,0.3,2,0.11,32,1.84,34.38,12.5,0.06,0.17,0.0,0.11,0.0,0.06,0.0,0.06,1.26,63.64,7.87,29.93,2.64,0.86,0.06,8.73,2.24,1.9,12.35,77.21,2.24,53.85,4.65,91.36,2.47,79.07,11.89,79.23,0.29,40.0,15.02,5.73,0.03,0.46,0.0,0.0,0.0,0.0,0.11,0.92,50.0,0.34,33.33,0.0,0.0,0.17,0.11,1.03,33.33,0,,0,,0,0.0,0.0,0.0,,,0.0,,,0.0,0.0,0.0,0.0,0,0.0
A. Rybak,Chrobry Głogów,Pogoń Siedlce,"AMF, CF",19,0,2027-06-30,10,178,0,0.43,0,0.05,13.65,29.63,Poland,Poland,right,185,0,no,4.55,4.04,62.5,2.02,25.0,0.0,0.0,0.51,2.02,2.93,0.51,1,0.51,0,0.0,1.01,0.0,0,0.0,0.22,0,0.0,3,1.52,33.33,0.0,0.0,1.01,0.0,0.0,0.0,1.01,0.0,0.0,2.02,25.0,5.06,10.0,2.02,0.51,0.0,12.13,0.51,0.0,18.2,66.67,6.57,38.46,5.06,90.0,3.54,85.71,16.18,71.88,1.01,50.0,18.05,8.52,0.02,1.01,0.0,0.0,0.0,0.0,0.0,3.54,57.14,1.01,0.0,0.0,0.0,0.51,0.0,3.03,50.0,0,,0,,0,0.0,0.0,0.0,,,0.0,,,0.0,0.0,0.0,0.0,0,0.0
N. Barczak,Korona Kielce,Puszcza Niepołomice,RB,20,0,2029-06-30,30,2571,2,0.5,5,3.08,13.02,55.11,Poland,Poland,right,183,0,no,8.47,6.62,67.72,1.65,48.94,0.28,0.42,0.28,3.71,5.51,0.67,7,0.25,0,0.0,1.23,0.07,2,0.07,0.02,0,0.0,18,0.63,22.22,11.111,0.18,2.17,35.48,0.28,50.0,1.79,29.41,0.39,0.88,36.0,2.66,38.16,0.63,0.95,0.11,17.75,0.42,0.77,27.37,75.32,11.59,65.86,5.11,97.26,6.83,76.92,21.46,84.01,3.82,48.62,19.71,32.63,0.11,1.09,0.04,0.07,0.0,0.0,0.35,3.61,59.22,2.49,43.66,0.25,57.14,0.49,0.81,5.88,68.45,0,,0,,0,0.0,0.0,0.0,,,0.42,,,0.84,0.07,50.0,1.33,0,0.0
J. Stec,Olimpia Grudziądz,Puszcza Niepołomice,"RDMF, LDMF, DMF",21,0,,23,1043,2,1.28,0,0.09,16.22,57.45,Poland,Poland,right,191,75,no,11.13,5.44,58.73,5.61,58.46,0.43,0.59,0.78,7.51,10.28,1.29,5,0.43,0,0.0,1.29,0.17,2,0.17,0.11,1,0.09,12,1.04,41.67,16.667,0.0,0.78,33.33,0.17,50.0,0.6,28.57,0.09,0.69,87.5,2.59,63.33,1.73,0.6,0.09,14.24,0.69,1.64,26.92,67.31,13.2,52.94,2.67,90.32,7.16,85.54,21.83,75.1,4.31,34.0,16.82,22.31,0.01,0.17,0.09,0.0,0.09,0.0,0.17,5.95,56.52,1.47,41.18,0.6,42.86,0.6,0.35,6.73,50.0,0,,0,,0,0.0,0.0,0.0,,,0.26,,,0.0,0.0,0.0,0.0,0,0.0
O. Kozłowski,Pogoń Siedlce,Pogoń Siedlce,"RW, RAMF, LW",21,0,2027-06-30,4,177,0,0.0,0,0.01,18.81,40.54,Belgium,"Belgium, Poland",right,187,78,no,10.17,10.68,52.38,2.03,25.0,0.51,0.68,0.0,4.07,5.45,3.05,0,0.0,0,0.0,1.02,0.0,0,0.0,0.0,0,0.0,0,0.0,0.0,0.0,0.0,1.53,33.33,0.51,0.0,1.02,50.0,0.51,1.53,33.33,4.07,25.0,2.03,1.53,0.0,16.27,3.05,0.0,21.86,79.07,4.58,77.78,5.08,100.0,7.63,66.67,17.8,80.0,3.05,83.33,14.88,19.49,0.0,0.51,0.0,0.0,0.0,0.0,0.0,0.51,100.0,1.53,33.33,0.0,0.0,0.51,0.51,2.03,100.0,0,,0,,0,0.0,0.0,0.0,,,0.0,,,0.0,0.0,0.0,0.0,0,0.0
A. Gajgier,Polonia Bytom,Pogoń Grod. Mazowiecki,"CB, RCB",22,0,2028-06-30,32,3035,2,2.39,0,0.5,12.25,65.13,Poland,Poland,right,193,78,no,9.25,4.74,73.13,5.37,60.22,0.06,0.08,0.86,5.72,7.51,0.74,1,0.03,0,0.0,0.36,0.06,2,0.06,0.07,2,0.06,16,0.47,43.75,12.5,0.0,0.12,25.0,0.06,50.0,0.06,0.0,0.06,0.12,100.0,0.39,61.54,0.65,0.21,0.0,36.21,0.12,0.3,52.67,89.7,15.42,73.08,2.16,89.04,31.49,97.74,46.14,94.28,6.41,57.87,22.13,40.2,0.01,0.03,0.0,0.03,0.0,0.0,0.03,3.47,64.96,0.21,14.29,0.33,27.27,0.06,0.03,8.07,62.5,0,,0,,0,0.0,0.0,0.0,,,1.69,,,0.0,0.0,0.0,0.0,0,0.0
C. Simon,Motor Lublin,Puszcza Niepołomice,"CF, AMF, RAMF",26,0,2027-06-30,27,1434,2,3.35,1,1.54,16.63,42.26,Senegal,Senegal,left,185,80,no,5.15,3.45,58.18,3.95,34.92,0.06,0.09,0.0,3.08,4.43,1.0,2,0.13,0,0.0,3.2,0.13,2,0.13,0.21,0,0.0,28,1.76,39.29,7.143,0.06,2.45,30.77,0.82,23.08,1.63,34.62,0.25,3.26,53.85,7.03,41.96,2.95,1.63,0.38,15.06,1.63,0.5,22.97,74.32,6.53,64.42,4.21,94.03,7.59,72.73,19.39,81.88,1.19,36.84,17.3,20.28,0.1,1.0,0.0,0.13,0.06,0.0,0.63,2.82,71.11,2.57,43.9,0.25,0.0,0.75,0.82,3.77,71.67,0,,0,,0,0.0,0.0,0.0,,,0.06,,,0.0,0.0,0.0,0.0,0,0.0
B. Farbiszewski,Łódzki KS,Pogoń Grod. Mazowiecki,LCB,23,0,2028-06-30,30,2831,2,1.03,0,0.94,12.62,56.42,Poland,Poland,left,189,0,no,8.87,5.82,63.93,3.4,57.01,0.16,0.21,0.73,4.99,6.62,1.14,3,0.1,0,0.0,0.57,0.06,2,0.06,0.03,1,0.03,12,0.38,16.67,16.667,0.0,0.41,61.54,0.38,58.33,0.0,0.0,0.0,0.41,53.85,1.91,38.33,0.6,1.59,0.13,36.24,0.19,0.51,52.55,87.05,22.83,75.91,2.61,95.12,23.53,96.35,45.14,93.17,7.06,48.65,22.24,38.78,0.03,0.19,0.1,0.0,0.03,100.0,0.1,6.58,73.91,0.86,48.15,0.29,11.11,0.16,0.22,9.47,64.77,0,,0,,0,0.0,0.0,0.0,,,1.43,,,0.0,0.0,0.0,0.0,0,0.0
M. Famulak,Chojniczanka Chojnice,Pogoń Siedlce,"LAMF, LW",26,0,2028-06-30,33,2779,3,3.11,3,4.31,17.55,45.02,Poland,Poland,both,184,0,no,5.28,4.53,57.86,1.23,23.68,0.19,0.25,0.19,2.46,3.15,1.17,6,0.19,0,0.0,3.69,0.1,3,0.1,0.1,0,0.0,58,1.88,25.86,5.172,0.1,1.72,41.51,1.1,38.24,0.52,43.75,0.32,4.05,59.2,10.23,43.04,1.91,2.66,0.36,16.26,1.23,1.62,22.99,75.92,6.77,64.59,4.73,92.47,7.32,76.11,19.92,80.49,1.46,48.89,18.08,27.68,0.14,1.23,0.06,0.03,0.16,60.0,0.29,2.3,69.01,2.75,55.29,0.39,50.0,0.97,0.87,4.44,70.07,0,,0,,0,0.0,0.0,0.0,,,0.16,,,0.94,0.06,0.0,2.01,0,0.0
Y. Woudstra,,Tychy 71,CF,24,0,,3,46,0,0.02,0,0.01,25.43,30.77,Germany,Germany,both,193,0,no,9.78,9.78,40.0,9.78,20.0,1.96,3.0,0.0,3.91,6.0,1.96,0,0.0,0,0.0,0.0,0.0,0,0.0,0.03,0,0.0,1,1.96,0.0,0.0,0.0,0.0,0.0,0.0,0.0,0.0,0.0,0.0,0.0,0.0,5.87,33.33,1.96,0.0,0.0,3.91,0.0,0.0,11.74,100.0,0.0,0.0,7.83,100.0,1.96,100.0,11.74,100.0,0.0,0.0,14.37,0.0,0.03,1.96,0.0,0.0,0.0,0.0,1.96,0.0,0.0,0.0,0.0,0.0,0.0,0.0,0.0,0.0,0.0,0,,0,,0,0.0,0.0,0.0,,,0.0,,,0.0,0.0,0.0,0.0,0,0.0
M. Szczepaniak,Legia Warszawa,Pogoń Grod. Mazowiecki,"AMF, LW",19,0,2027-06-30,32,2244,7,6.57,2,2.01,17.97,40.4,Poland,Poland,right,177,65,no,3.69,4.29,56.07,0.88,27.27,0.04,0.05,0.12,1.24,1.63,0.96,4,0.16,0,0.0,3.49,0.28,7,0.28,0.26,0,0.0,60,2.41,31.67,11.667,0.08,1.84,23.91,1.32,21.21,0.52,30.77,0.16,4.81,46.67,11.31,36.52,3.33,2.81,1.04,16.08,1.52,1.12,19.17,75.52,4.29,64.49,3.25,93.83,6.54,75.46,16.28,82.02,1.12,60.71,17.19,18.26,0.08,0.84,0.0,0.0,0.08,50.0,0.64,1.48,75.68,1.2,40.0,0.12,33.33,0.64,0.52,2.29,54.39,0,,0,,0,0.0,0.0,0.0,,,0.08,,,0.0,0.0,0.0,0.08,0,0.0
B. Juszczyk,Sandecja Nowy Sącz,Puszcza Niepołomice,"RW, CF",21,0,2027-06-30,3,85,0,0.19,0,0.0,15.88,40.0,Poland,Poland,right,182,0,no,1.06,3.18,33.33,3.18,66.67,0.0,0.0,0.0,0.0,0.0,2.12,1,1.06,0,0.0,1.06,0.0,0,0.0,0.2,0,0.0,2,2.12,0.0,0.0,0.0,2.12,0.0,0.0,0.0,2.12,0.0,0.0,1.06,100.0,6.35,50.0,1.06,0.0,0.0,6.35,0.0,2.12,10.59,70.0,6.35,83.33,0.0,0.0,2.12,0.0,8.47,87.5,0.0,0.0,15.89,0.0,0.0,0.0,0.0,0.0,0.0,0.0,0.0,1.06,100.0,1.06,0.0,0.0,0.0,0.0,0.0,2.12,100.0,0,,0,,0,0.0,0.0,0.0,,,0.0,,,0.0,0.0,0.0,0.0,0,0.0
N. Zielonka,Pogoń Siedlce,Pogoń Siedlce,"RAMF, LW, RW",21,0,,25,841,0,1.22,0,0.86,20.76,47.42,Poland,Poland,,184,0,no,5.99,6.21,58.62,2.46,47.83,0.64,0.87,0.11,1.71,2.31,1.5,2,0.21,0,0.0,2.89,0.0,0,0.0,0.13,0,0.0,17,1.82,17.65,0.0,0.0,2.03,36.84,0.86,37.5,1.18,36.36,0.11,4.17,43.59,10.59,44.44,3.21,0.96,0.21,11.77,1.07,2.46,18.62,69.54,5.24,61.22,5.56,90.38,4.17,71.79,15.41,74.31,1.18,63.64,16.49,11.78,0.09,0.75,0.0,0.0,0.0,0.0,0.43,1.5,64.29,1.18,72.73,0.11,0.0,0.32,0.64,3.64,52.94,0,,0,,0,0.0,0.0,0.0,,,0.0,,,0.0,0.0,0.0,0.0,0,0.0
K. Śmiglewski,Cracovia Kraków,Puszcza Niepołomice,CF,21,0,2027-06-30,28,1115,1,1.28,4,1.0,27.28,35.5,Poland,Poland,right,180,72,no,5.09,3.71,65.22,7.99,26.26,0.16,0.25,0.16,2.5,3.91,2.02,5,0.4,1,0.08,1.7,0.08,1,0.08,0.1,0,0.0,13,1.05,38.46,7.692,0.32,0.65,50.0,0.08,0.0,0.48,50.0,0.08,1.78,54.55,9.12,34.51,2.26,0.97,0.08,6.38,1.61,2.34,11.22,64.03,4.04,50.0,2.66,84.85,2.58,71.88,9.93,68.29,0.65,12.5,13.08,8.58,0.08,0.4,0.0,0.08,0.0,0.0,0.48,1.37,52.94,0.81,50.0,0.0,0.0,0.48,0.32,1.94,45.83,0,,0,,0,0.0,0.0,0.0,,,0.0,,,0.0,0.0,0.0,0.0,0,0.0
K. Przybyłko,Puszcza Niepołomice,Puszcza Niepołomice,"LB, LCB, RB",21,0,2027-06-30,26,1869,1,0.99,0,0.4,14.88,53.4,Poland,Poland,right,190,79,no,11.7,7.8,61.11,3.08,46.88,1.35,1.91,0.63,5.59,7.91,2.02,5,0.24,1,0.05,1.01,0.05,1,0.05,0.05,1,0.05,10,0.48,30.0,10.0,0.0,1.3,40.74,1.11,43.48,0.19,25.0,0.19,0.67,50.0,2.31,43.75,1.2,0.58,0.05,14.93,0.53,0.39,22.78,74.21,9.78,61.58,2.6,90.74,7.85,84.05,17.82,82.16,3.76,48.72,20.8,31.25,0.02,0.24,0.0,0.0,0.0,0.0,0.1,3.23,47.76,1.35,53.57,0.19,0.0,0.48,0.43,4.57,63.16,0,,0,,0,0.0,0.0,0.0,,,0.58,,,0.0,0.0,0.0,0.0,0,0.0
O. Korczakowski,Puszcza Niepołomice,Puszcza Niepołomice,"LAMF, LW, RAMF",22,0,2027-06-30,27,1167,4,3.11,0,0.76,18.89,43.27,Poland,Poland,,183,71,no,6.32,6.48,52.38,2.47,40.63,0.31,0.44,0.08,2.62,3.72,1.47,3,0.23,0,0.0,4.09,0.31,4,0.31,0.24,0,0.0,24,1.85,50.0,16.667,0.0,2.24,27.59,1.77,30.43,0.46,16.67,0.62,4.24,58.18,8.41,40.37,2.78,1.7,0.0,10.18,1.47,0.69,15.42,66.0,4.86,55.56,3.47,82.22,3.78,73.47,12.11,73.89,1.23,56.25,17.96,13.11,0.06,1.0,0.0,0.0,0.08,100.0,0.31,2.01,57.69,1.85,58.33,0.15,100.0,1.0,0.62,2.62,73.53,0,,0,,0,0.0,0.0,0.0,,,0.08,,,0.0,0.0,0.0,0.08,0,0.0
K. Iwao,Puszcza Niepołomice,Puszcza Niepołomice,"RAMF, CF",28,0,2027-06-30,31,1944,7,4.36,0,1.05,21.02,40.31,Japan,Japan,right,188,76,no,6.02,5.09,50.0,8.01,50.29,0.14,0.2,0.19,3.33,4.78,2.13,5,0.23,0,0.0,1.2,0.32,7,0.32,0.2,3,0.14,20,0.93,50.0,35.0,0.0,1.44,29.03,0.14,0.0,1.3,32.14,0.09,0.97,28.57,5.09,23.64,1.85,0.37,0.05,9.58,1.3,0.79,16.16,62.46,5.93,48.44,3.43,87.84,3.8,62.2,13.38,68.86,1.39,36.67,17.02,22.5,0.05,0.32,0.09,0.0,0.09,50.0,0.14,1.9,41.46,1.76,26.32,0.23,0.0,0.46,0.28,2.92,52.38,0,,0,,0,0.0,0.0,0.0,,,0.0,,,0.0,0.0,0.0,0.0,0,0.0
K. Los,Pogoń Grod. Mazowiecki,Pogoń Grod. Mazowiecki,"RCMF, DMF, RCB",26,0,,33,3167,2,2.9,2,3.23,10.97,61.14,Poland,Poland,both,184,80,no,8.55,4.75,70.66,2.56,58.89,0.37,0.49,0.63,4.83,6.42,0.37,7,0.2,0,0.0,0.68,0.06,2,0.06,0.08,0,0.0,29,0.82,34.48,6.897,0.06,0.68,37.5,0.31,54.55,0.34,25.0,0.14,0.26,55.56,1.68,57.63,0.65,0.31,0.09,24.58,0.31,0.85,36.49,82.09,12.19,67.37,5.31,95.72,14.1,89.11,31.71,86.65,4.09,54.17,19.02,34.18,0.09,0.68,0.03,0.0,0.06,0.0,0.03,5.09,65.92,1.28,42.22,0.34,16.67,0.4,0.28,6.34,60.99,0,,0,,0,0.0,0.0,0.0,,,0.68,,,0.88,0.17,66.67,0.63,0,0.0
A. Galazka,Puszcza Niepołomice,Puszcza Niepołomice,"LB, CF, LW",21,0,2028-06-30,4,58,0,0.02,0,0.0,27.93,55.56,Poland,Poland,left,185,0,no,7.76,7.76,80.0,7.76,40.0,1.55,4.29,0.0,0.0,0.0,1.55,1,1.55,0,0.0,0.0,0.0,0,0.0,0.04,0,0.0,1,1.55,0.0,0.0,0.0,0.0,0.0,0.0,0.0,0.0,0.0,0.0,0.0,0.0,7.76,60.0,1.55,0.0,0.0,18.62,0.0,3.1,26.38,82.35,12.41,75.0,9.31,100.0,3.1,100.0,24.83,87.5,1.55,0.0,21.85,17.08,0.0,0.0,0.0,0.0,0.0,0.0,0.0,6.21,50.0,0.0,0.0,0.0,0.0,0.0,0.0,6.21,100.0,0,,0,,0,0.0,0.0,0.0,,,0.0,,,0.0,0.0,0.0,0.0,0,0.0
P. Misiak,Wisła Płock,Pogoń Siedlce,RB,22,0,2028-06-30,24,1647,2,1.35,0,0.69,17.87,51.99,Poland,Poland,right,187,79,no,8.96,8.42,55.19,4.04,52.7,0.05,0.07,0.38,4.26,5.52,1.37,7,0.38,0,0.0,0.93,0.11,2,0.11,0.07,1,0.05,9,0.49,33.33,22.222,0.0,1.37,24.0,0.0,0.0,1.37,24.0,0.11,0.66,66.67,3.66,47.76,1.15,0.77,0.11,23.99,1.91,1.53,31.42,78.43,15.08,69.2,4.86,96.63,8.03,85.71,26.39,84.06,3.72,57.35,18.3,23.82,0.04,0.33,0.05,0.0,0.0,0.0,0.16,3.83,58.57,1.53,50.0,0.05,0.0,0.49,0.44,7.49,72.99,0,,0,,0,0.0,0.0,0.0,,,0.33,,,0.05,0.0,0.0,0.0,0,0.0
J. Jędrasik,Pogoń Grod. Mazowiecki,Pogoń Grod. Mazowiecki,"AMF, LWB, RW",21,0,2028-06-30,31,1415,1,2.89,3,3.31,13.87,41.74,Poland,Poland,right,176,70,no,5.92,4.64,60.27,0.76,33.33,0.0,0.0,0.19,3.12,3.99,0.76,1,0.06,0,0.0,3.82,0.06,1,0.06,0.18,0,0.0,36,2.29,36.11,2.778,0.19,3.69,37.93,2.1,45.45,1.53,29.17,0.25,3.5,45.45,7.38,30.17,1.91,3.37,1.02,23.53,1.84,0.38,30.21,77.26,7.76,67.21,6.55,91.26,10.94,74.42,23.53,87.84,3.05,43.75,18.93,27.33,0.21,1.4,0.0,0.0,0.0,0.0,0.57,2.8,68.18,3.69,48.28,0.32,40.0,0.83,1.46,5.34,66.67,0,,0,,0,0.0,0.0,0.0,,,0.13,,,0.32,0.06,0.0,0.45,0,0.0
K. Kasolik,Puszcza Niepołomice,Puszcza Niepołomice,"LCB, RCB, RB",28,0,2027-06-30,28,2345,2,2.35,3,0.33,14.01,56.99,Poland,Poland,right,193,84,no,7.91,5.26,63.5,5.22,52.94,0.31,0.46,0.77,4.26,6.39,1.3,7,0.27,0,0.0,0.65,0.08,2,0.08,0.09,1,0.04,21,0.81,33.33,9.524,0.12,0.84,22.73,0.12,33.33,0.73,21.05,0.15,0.35,55.56,2.03,50.94,1.65,0.61,0.04,19.38,0.35,0.73,30.82,81.44,12.97,70.71,2.57,92.54,12.36,92.86,25.6,88.76,4.38,50.0,20.68,34.52,0.01,0.19,0.0,0.0,0.0,0.0,0.12,3.22,59.52,0.69,44.44,0.15,0.0,0.46,0.15,5.41,61.7,0,,0,,0,0.0,0.0,0.0,,,1.0,,,0.0,0.0,0.0,0.0,0,0.0
B. Dembek,Pogoń Grod. Mazowiecki,Pogoń Siedlce,RCB,20,0,2027-06-30,30,2906,1,2.23,0,0.01,7.71,59.04,Poland,Poland,both,196,0,yes,6.47,2.69,72.41,3.04,52.04,0.09,0.12,0.93,4.43,5.62,0.81,2,0.06,0,0.0,0.34,0.03,1,0.03,0.07,1,0.03,17,0.53,29.41,5.882,0.0,0.09,66.67,0.03,100.0,0.06,50.0,0.0,0.25,50.0,0.68,27.27,0.81,0.25,0.0,19.48,0.19,0.06,29.27,87.3,10.72,71.97,0.96,100.0,15.89,97.27,25.4,92.93,3.78,50.0,23.23,38.68,0.0,0.06,0.0,0.03,0.0,0.0,0.0,2.32,62.67,0.25,37.5,0.15,60.0,0.06,0.06,4.58,62.84,0,,0,,0,0.0,0.0,0.0,,,0.77,,,0.0,0.0,0.0,0.0,0,0.0
J. Adkonis,Lechia Gdańsk,Pogoń Grod. Mazowiecki,LCMF,19,0,2030-06-30,30,2274,2,2.93,2,2.81,12.15,44.3,Poland,Poland,both,182,73,no,6.41,4.51,58.77,1.19,50.0,0.32,0.41,0.32,3.44,4.42,0.91,4,0.16,0,0.0,1.62,0.08,2,0.08,0.12,0,0.0,45,1.78,26.67,4.444,0.08,1.03,46.15,0.51,53.85,0.44,27.27,0.08,1.27,53.13,4.0,27.72,0.91,1.19,0.32,20.26,0.51,0.47,31.39,80.96,10.09,71.76,4.91,97.58,11.36,85.71,27.11,85.99,3.32,50.0,18.44,34.3,0.11,1.03,0.12,0.0,0.0,0.0,0.24,4.67,75.42,1.74,56.82,0.16,25.0,0.67,0.55,5.66,65.73,0,,0,,0,0.0,0.0,0.0,,,0.28,,,0.79,0.12,33.33,2.18,0,0.0
M. Żukowski,Magdeburg,Śląsk Wrocław,RAMF,24,0,2029-06-30,1,69,0,0.27,0,0.07,16.96,53.85,Poland,Poland,right,185,82,no,3.91,1.3,0.0,2.61,0.0,0.0,0.0,1.3,3.91,5.0,0.0,0,0.0,0,0.0,7.83,0.0,0,0.0,0.35,0,0.0,3,3.91,33.33,0.0,0.0,1.3,0.0,0.0,0.0,1.3,0.0,0.0,7.83,83.33,13.04,70.0,5.22,3.91,1.3,18.26,1.3,6.52,20.87,43.75,6.52,20.0,6.52,80.0,6.52,40.0,14.35,54.55,5.22,25.0,23.48,28.7,0.09,1.3,0.0,0.0,0.0,0.0,0.0,0.0,0.0,2.61,0.0,1.3,0.0,0.0,0.0,1.3,0.0,0,,0,,0,0.0,0.0,0.0,,,0.0,,,2.61,0.0,0.0,0.0,0,0.0
K. Kargulewicz,Pogoń Grod. Mazowiecki,Pogoń Grod. Mazowiecki,"RWB, RB",25,0,2027-06-30,15,667,0,0.04,2,0.55,15.11,43.75,Poland,Poland,,172,0,no,7.29,6.61,53.06,2.29,35.29,0.0,0.0,0.0,3.78,5.03,0.4,1,0.13,0,0.0,2.43,0.0,0,0.0,0.01,0,0.0,1,0.13,100.0,0.0,0.27,4.72,31.43,0.27,50.0,4.32,28.13,1.08,1.48,54.55,4.32,37.5,0.67,1.35,0.27,16.87,1.89,1.35,24.15,74.86,5.8,74.42,7.02,100.0,7.42,56.36,17.27,90.63,2.16,43.75,17.83,24.05,0.07,0.54,0.0,0.0,0.0,0.0,0.4,2.02,40.0,4.18,38.71,0.13,0.0,0.54,1.35,3.64,74.07,0,,0,,0,0.0,0.0,0.0,,,0.27,,,0.0,0.0,0.0,0.0,0,0.0
K. Sadłocha,Stal Mielec,Stal Mielec,"RWF, LW, RW",23,0,2027-06-30,15,359,0,1.15,1,1.33,24.32,44.33,Poland,Poland,both,172,78,no,7.52,9.03,55.56,4.51,16.67,0.25,0.38,0.25,2.26,3.42,2.01,1,0.25,1,0.25,2.76,0.0,0,0.0,0.29,0,0.0,7,1.75,42.86,0.0,0.25,2.01,37.5,0.25,100.0,1.75,28.57,0.25,2.76,45.45,8.52,47.06,3.26,1.25,0.0,15.04,1.75,1.25,23.82,67.37,5.52,50.0,7.02,89.29,6.27,60.0,20.81,72.29,1.0,25.0,15.02,10.84,0.33,1.25,0.0,0.0,0.25,0.0,1.0,2.26,55.56,1.0,75.0,0.25,0.0,0.75,0.75,4.01,68.75,0,,0,,0,0.0,0.0,0.0,,,0.0,,,0.0,0.0,0.0,0.0,0,0.0
M. Masár,,Górnik Łęczna,CF,20,0,,1,14,0,0.0,0,0.0,,,Slovakia,Slovakia,unknown,0,0,no,,,,,,,0.0,,,0.0,,1,,0,,,,0,,,0,,0,,,0.0,,,,,,,,,,,,,,,,,,,,,,,,,,,,,,,11.42,0.0,,,,,,,,,,,,,,,,,,0,,0,,0,0.0,0.0,,,,,,,,,,,0,0.0
A. Wojcik,Sokół Kleczew,Odra Opole,GK,21,0,2027-06-30,12,1175,0,0.0,0,0.09,0.69,11.11,Poland,Poland,,0,0,yes,1.69,0.08,0.0,0.38,20.0,0.08,0.11,0.0,1.61,2.24,0.15,1,0.08,0,0.0,0.0,0.0,0,0.0,0.0,0,0.0,0,0.0,0.0,0.0,0.0,0.0,0.0,0.0,0.0,0.0,0.0,0.0,0.0,0.0,0.15,0.0,0.0,0.0,0.08,8.2,0.31,0.0,12.87,69.64,7.51,52.04,0.0,0.0,5.06,93.94,6.97,96.7,5.9,37.66,36.6,54.8,0.01,0.08,0.0,0.0,0.0,0.0,0.08,2.14,35.71,0.15,0.0,0.15,50.0,0.0,0.0,4.14,51.85,14,1.07,47,3.6,4,70.21,14.25,1.09,0.25,0.019,0.0,1.0,0.38,,,,0.0,0,0.0
B. Biedrzycki,Odra Opole,Górnik Łęczna,"LWB, AMF, LB",23,0,2028-06-30,9,783,0,0.01,0,1.17,14.02,54.1,Poland,Poland,left,180,0,yes,4.94,3.91,61.76,1.49,46.15,0.0,0.0,0.11,2.53,3.73,1.38,2,0.23,0,0.0,3.45,0.0,0,0.0,0.0,0,0.0,2,0.23,0.0,0.0,0.0,4.25,37.84,3.79,36.36,0.34,66.67,0.46,3.22,57.14,7.13,56.45,1.61,2.76,0.34,20.0,1.26,2.07,26.67,68.53,9.08,67.09,6.44,92.86,5.4,53.19,21.03,77.6,1.72,26.67,20.02,24.03,0.13,1.15,0.0,0.0,0.0,0.0,0.8,1.95,52.94,2.99,53.85,0.11,0.0,0.11,1.61,6.09,60.38,0,,0,,0,0.0,0.0,0.0,,,0.0,,,0.34,0.0,0.0,0.92,0,0.0
J. Jezierski,Fredrikstad,Śląsk Wrocław,"LDMF, RDMF, RCMF",22,0,2027-06-30,17,930,0,0.29,1,0.6,16.35,50.3,Poland,Poland,,0,0,yes,8.9,6.77,52.86,2.81,51.72,0.68,1.08,0.29,4.65,7.38,1.55,4,0.39,0,0.0,1.65,0.0,0,0.0,0.03,0,0.0,8,0.77,25.0,0.0,0.1,1.45,46.67,0.77,37.5,0.68,57.14,0.29,1.55,50.0,5.03,40.38,1.26,1.35,0.1,32.13,0.58,0.48,45.0,86.02,13.35,76.81,8.32,91.86,17.13,90.96,42.0,88.48,1.55,56.25,18.52,24.92,0.06,0.68,0.0,0.0,0.0,0.0,0.29,6.87,84.51,1.74,61.11,0.29,66.67,0.68,0.58,6.97,77.78,0,,0,,0,0.0,0.0,0.0,,,0.19,,,0.0,0.0,0.0,0.1,0,0.0
M. Opalski,,Stal Rzeszów,"LCMF, AMF",22,0,,2,71,0,0.18,0,0.0,13.94,27.27,Poland,Poland,left,174,0,no,3.8,3.8,33.33,1.27,0.0,0.0,0.0,0.0,2.54,4.29,0.0,0,0.0,0,0.0,0.0,0.0,0,0.0,0.23,0,0.0,1,1.27,0.0,0.0,0.0,1.27,0.0,1.27,0.0,0.0,0.0,0.0,0.0,0.0,8.87,28.57,2.54,1.27,1.27,26.62,1.27,1.27,29.15,91.3,6.34,80.0,6.34,100.0,5.07,75.0,27.89,95.45,0.0,0.0,11.89,0.0,0.0,1.27,0.0,0.0,0.0,0.0,0.0,1.27,100.0,1.27,0.0,0.0,0.0,0.0,0.0,2.54,50.0,0,,0,,0,0.0,0.0,0.0,,,0.0,,,0.0,0.0,0.0,0.0,0,0.0
A. Yuzvak,Táborsko,Znicz Pruszków,"LWB, LB",25,0,2028-06-30,13,727,0,0.49,0,1.23,11.14,48.89,Czech Republic,Czech Republic,,0,0,no,6.93,5.45,61.36,1.49,25.0,0.12,0.16,0.12,3.47,4.59,0.99,1,0.12,1,0.12,1.98,0.0,0,0.0,0.06,0,0.0,5,0.62,40.0,0.0,0.0,3.34,29.63,3.22,30.77,0.12,0.0,0.5,0.87,71.43,2.48,45.0,1.61,0.62,0.25,28.47,1.36,0.25,38.38,71.29,15.1,57.38,8.17,93.94,8.42,76.47,29.83,81.74,5.2,38.1,17.25,27.19,0.15,1.36,0.0,0.12,0.12,100.0,0.0,3.96,56.25,3.84,51.61,0.5,25.0,1.36,1.11,9.41,52.63,0,,0,,0,0.0,0.0,0.0,,,0.12,,,0.5,0.0,0.0,1.49,0,0.0
T. Guercio,Carrarese,Śląsk Wrocław,RB,21,0,2027-06-30,16,1102,0,0.79,3,2.11,17.07,50.24,Italy,"Italy, Poland",right,186,75,yes,8.58,6.04,55.41,2.61,53.13,0.41,0.64,0.33,4.82,7.53,1.31,3,0.25,0,0.0,2.45,0.0,0,0.0,0.06,0,0.0,4,0.33,0.0,0.0,0.25,3.43,38.1,0.0,0.0,3.43,38.1,0.49,2.04,56.0,6.45,51.9,1.47,1.47,0.25,28.18,0.74,1.55,36.75,78.22,13.72,74.4,7.68,94.68,9.23,78.76,31.85,83.85,1.72,47.62,18.32,23.42,0.17,1.23,0.08,0.08,0.0,0.0,0.65,3.84,70.21,2.7,54.55,0.0,0.0,0.65,1.47,7.6,62.37,0,,0,,0,0.0,0.0,0.0,,,0.33,,,0.0,0.0,0.0,0.0,0,0.0
O. Wypart,Pogoń Grod. Mazowiecki,Pogoń Grod. Mazowiecki,"LWB, LB",25,0,2027-06-30,10,387,1,0.26,1,0.38,16.28,40.0,Poland,Poland,left,182,71,no,6.74,6.74,41.38,2.09,55.56,0.47,0.59,0.0,3.49,4.41,0.7,0,0.0,0,0.0,2.79,0.23,1,0.23,0.06,1,0.23,3,0.7,66.67,33.333,0.23,2.79,50.0,2.33,60.0,0.47,0.0,0.23,1.86,50.0,5.35,30.43,1.63,1.4,0.0,19.3,2.33,0.93,26.98,70.69,10.0,58.14,4.88,95.24,6.98,66.67,21.16,79.12,3.26,28.57,18.77,33.0,0.09,1.63,0.0,0.0,0.0,0.0,0.7,2.56,81.82,2.56,63.64,0.47,0.0,0.93,1.4,7.91,67.65,0,,0,,0,0.0,0.0,0.0,,,0.23,,,0.0,0.0,0.0,0.47,0,0.0
S. Karasinski,Zagłębie Lubin,Ruch Chorzów,LB,22,0,2027-06-30,21,1562,2,0.67,0,0.76,11.12,62.69,Poland,Poland,both,182,0,no,7.66,4.72,67.07,2.19,55.26,0.35,0.51,0.23,4.15,6.07,0.75,3,0.17,0,0.0,2.3,0.12,2,0.12,0.04,0,0.0,18,1.04,27.78,11.111,0.0,2.36,26.83,2.3,27.5,0.0,0.0,0.46,1.9,72.73,3.11,66.67,0.58,1.38,0.23,21.84,1.73,0.92,29.73,71.71,15.1,63.74,3.98,91.3,7.03,82.79,22.36,83.25,5.07,42.05,20.83,29.56,0.04,0.52,0.0,0.0,0.0,0.0,0.23,5.93,64.08,2.13,35.14,0.29,20.0,0.29,0.63,8.12,68.09,0,,0,,0,0.0,0.0,0.0,,,0.63,,,0.63,0.06,0.0,0.35,0,0.0
T. Proczek,Znicz Pruszków,Znicz Pruszków,"LCMF, RCMF",23,0,2027-06-30,31,1529,1,1.9,2,1.67,19.9,47.04,Poland,Poland,,0,0,no,6.95,6.18,66.67,3.06,42.31,0.12,0.14,0.18,2.71,3.33,0.88,3,0.18,0,0.0,2.71,0.06,1,0.06,0.11,1,0.06,24,1.41,25.0,4.167,0.12,2.06,45.71,0.82,42.86,1.24,47.62,0.29,2.94,48.0,8.53,33.79,2.71,1.29,0.29,21.19,1.35,0.82,31.49,78.13,9.01,66.67,8.01,91.18,7.83,79.7,27.19,83.77,2.24,39.47,14.89,18.3,0.1,1.06,0.06,0.0,0.0,0.0,0.41,3.3,66.07,2.71,69.57,0.35,16.67,1.12,0.94,5.0,68.24,0,,0,,0,0.0,0.0,0.0,,,0.12,,,0.35,0.06,0.0,0.71,0,0.0
Y. Tsykalo,,Stal Mielec,"LDMF, LCMF, RCB",24,0,,14,533,1,1.26,0,0.0,18.07,37.38,Ukraine,Ukraine,right,188,74,no,7.43,5.07,53.33,6.59,41.03,0.17,0.25,1.52,4.56,6.75,1.52,0,0.0,0,0.0,1.52,0.17,1,0.17,0.21,0,0.0,12,2.03,50.0,8.333,0.0,0.17,0.0,0.0,0.0,0.17,0.0,0.0,1.01,50.0,3.04,27.78,2.7,0.34,0.0,14.35,0.84,0.68,21.44,80.31,6.92,68.29,2.36,92.86,7.94,91.49,20.77,81.3,0.51,66.67,16.28,2.97,0.0,0.0,0.0,0.0,0.0,0.0,0.0,2.87,70.59,0.17,100.0,0.0,0.0,0.51,0.0,2.2,61.54,0,,0,,0,0.0,0.0,0.0,,,0.68,,,0.0,0.0,0.0,0.0,0,0.0
Y. Sharabura,Chrobry Głogów,Śląsk Wrocław,"LAMF, RAMF, LW",22,0,2028-06-30,18,713,1,1.31,2,1.31,19.19,36.18,Ukraine,Ukraine,right,0,0,yes,4.8,5.05,50.0,1.89,20.0,0.13,0.2,0.25,2.15,3.42,1.77,2,0.25,0,0.0,3.41,0.13,1,0.13,0.16,0,0.0,18,2.27,27.78,5.556,0.25,2.15,11.76,1.77,7.14,0.38,33.33,0.25,4.67,54.05,9.97,31.65,3.03,1.77,0.25,17.8,1.01,0.76,23.1,72.68,6.31,58.0,6.56,92.31,6.06,62.5,19.82,79.62,1.14,66.67,15.6,11.06,0.17,1.01,0.0,0.0,0.0,0.0,0.38,1.26,60.0,2.4,42.11,0.38,66.67,1.14,0.25,4.42,60.0,0,,0,,0,0.0,0.0,0.0,,,0.0,,,0.25,0.25,0.0,1.39,0,0.0
K. Nowakowski,Łódzki KS,Chrobry Głogów,"AMF, CF, RAMF",20,0,2028-06-30,34,1976,4,4.1,1,2.65,12.48,46.35,Poland,Poland,,0,0,yes,4.42,2.96,72.31,1.32,31.03,0.0,0.0,0.18,2.28,3.45,0.5,1,0.05,0,0.0,2.96,0.18,4,0.18,0.19,0,0.0,41,1.87,36.59,9.756,0.05,1.78,48.72,0.96,38.1,0.82,61.11,0.18,2.64,51.72,6.6,42.76,2.51,1.46,0.55,15.08,1.23,1.18,19.27,81.09,4.96,71.56,5.33,96.58,5.47,75.0,16.44,87.26,1.05,39.13,17.84,18.49,0.12,1.05,0.05,0.0,0.05,100.0,0.23,1.91,76.19,2.0,59.09,0.23,40.0,0.59,0.91,3.01,81.82,0,,0,,0,0.0,0.0,0.0,,,0.18,,,0.91,0.0,0.0,1.37,0,0.0
M. Wojciechowski,Pogoń Szczecin,Łódzki KS,"LCMF, CF, DMF",19,0,2027-06-30,8,328,0,0.07,0,0.13,17.01,48.39,Poland,Poland,,0,0,no,6.86,7.96,48.28,3.57,30.77,0.27,0.43,0.27,2.74,4.35,1.92,1,0.27,0,0.0,1.37,0.0,0,0.0,0.02,0,0.0,4,1.1,0.0,0.0,0.0,0.55,0.0,0.27,0.0,0.27,0.0,0.0,1.65,83.33,4.94,61.11,0.27,1.37,0.0,22.77,0.82,1.65,27.16,80.81,8.78,62.5,7.13,100.0,6.31,82.61,25.79,82.98,0.82,66.67,14.44,7.05,0.04,0.27,0.0,0.0,0.0,0.0,0.27,3.02,90.91,1.65,33.33,0.0,0.0,0.55,0.0,3.57,69.23,0,,0,,0,0.0,0.0,0.0,,,0.0,,,0.0,0.0,0.0,0.0,0,0.0
L. Szczygiel,Łódzki KS,Łódzki KS,"LWB, DMF",17,0,,2,41,0,0.15,0,0.05,,,Poland,Poland,unknown,0,0,no,,,,,,,0.0,,,0.0,,0,,0,,,,0,,,0,,1,,,0.0,,,,,,,,,,,,,,,,,,,,,,,,,,,,,,,17.84,13.17,,,,,,,,,,,,,,,,,,0,,0,,0,0.0,0.0,,,,,,,,,,,0,0.0
K. Falowski,Łódzki KS,Łódzki KS,"LCB, RCB",19,0,2028-06-30,19,1460,1,1.34,1,0.71,15.04,53.69,Poland,Poland,right,192,0,no,8.45,6.84,64.86,2.65,39.53,0.12,0.18,0.31,3.88,5.61,1.48,4,0.25,0,0.0,0.8,0.06,1,0.06,0.08,0,0.0,6,0.37,50.0,16.667,0.06,0.31,60.0,0.06,100.0,0.25,50.0,0.0,0.8,46.15,2.47,42.5,0.74,1.48,0.06,33.97,0.37,0.43,47.71,88.5,17.51,78.17,2.77,97.78,22.25,95.29,42.47,93.03,4.93,51.25,20.2,28.92,0.04,0.25,0.0,0.12,0.12,50.0,0.18,6.9,77.68,0.74,50.0,0.31,20.0,0.31,0.18,7.15,69.83,0,,0,,0,0.0,0.0,0.0,,,0.92,,,0.0,0.0,0.0,0.0,0,0.0
L. Bomba,Łódzki KS,Łódzki KS,GK,22,0,2027-06-30,7,707,0,0.0,0,0.0,0.51,100.0,Poland,Poland,,199,0,no,0.76,0.0,0.0,0.38,100.0,0.0,0.0,0.0,0.76,1.11,0.0,0,0.0,0,0.0,0.0,0.0,0,0.0,0.0,0,0.0,0,0.0,0.0,0.0,0.0,0.0,0.0,0.0,0.0,0.0,0.0,0.0,0.0,0.0,0.13,100.0,0.0,0.0,0.0,4.33,0.13,0.25,8.91,85.71,4.71,75.68,0.0,0.0,4.07,96.88,5.6,95.45,3.31,69.23,33.86,42.94,0.0,0.0,0.0,0.0,0.0,0.0,0.0,1.15,66.67,0.0,0.0,0.0,0.0,0.0,0.0,3.06,83.33,12,1.53,30,3.82,0,60.0,8.79,1.12,-3.21,-0.409,0.0,1.78,0.38,,,,0.0,0,0.0
L. Jakubowski,Avia Świdnik,Łódzki KS,GK,19,0,2028-06-30,5,490,0,0.0,0,0.0,0.37,100.0,Poland,Poland,unknown,0,0,yes,0.37,0.0,0.0,0.37,100.0,0.0,0.0,0.0,0.37,0.54,0.0,0,0.0,0,0.0,0.0,0.0,0,0.0,0.0,0,0.0,0,0.0,0.0,0.0,0.0,0.0,0.0,0.0,0.0,0.0,0.0,0.0,0.0,0.0,0.0,0.0,0.0,0.0,0.0,6.06,0.18,0.0,8.45,73.91,5.88,62.5,0.0,0.0,1.47,100.0,4.22,100.0,4.22,47.83,30.35,41.08,0.0,0.0,0.0,0.0,0.0,0.0,0.0,0.0,0.0,0.0,0.0,0.0,0.0,0.0,0.0,3.12,52.94,7,1.29,14,2.57,0,50.0,5.75,1.06,-1.25,-0.23,0.0,1.65,0.37,,,,0.0,0,0.0
S. Bartlewicz,Katowice,Chrobry Głogów,"AMF, CF",20,0,2029-06-30,33,1939,1,3.25,2,5.07,12.81,39.49,Poland,Poland,both,180,0,no,3.3,3.34,44.44,0.97,14.29,0.05,0.07,0.0,1.76,2.53,0.88,3,0.14,0,0.0,3.57,0.05,1,0.05,0.15,0,0.0,51,2.37,35.29,1.961,0.09,2.65,43.86,1.44,41.94,1.21,46.15,0.37,3.34,43.06,7.06,42.11,1.95,2.04,0.7,22.47,1.72,1.44,28.5,76.87,7.94,59.65,6.27,97.04,9.1,77.55,23.86,82.49,2.18,53.19,18.36,27.25,0.24,2.09,0.05,0.0,0.28,50.0,0.42,3.71,70.0,3.85,54.22,0.37,50.0,1.25,1.21,5.24,75.22,0,,0,,0,0.0,0.0,0.0,,,0.14,,,1.44,0.05,100.0,3.06,0,0.0
R. Bąk,Chrobry Głogów,Chrobry Głogów,"AMF, LCMF, RCMF",21,0,2028-06-30,12,397,1,0.73,0,0.17,11.34,40.0,Poland,Poland,right,187,0,no,5.21,3.63,37.5,3.85,47.06,0.0,0.0,0.23,3.85,5.37,1.59,0,0.0,0,0.0,1.13,0.23,1,0.23,0.16,0,0.0,4,0.91,75.0,25.0,0.0,0.45,50.0,0.45,50.0,0.0,0.0,0.23,0.45,50.0,2.95,23.08,1.36,0.45,0.23,12.7,1.59,0.23,16.55,75.34,6.35,53.57,2.49,90.91,3.85,94.12,14.96,78.79,1.13,40.0,16.44,7.52,0.04,0.23,0.0,0.0,0.0,0.0,0.0,3.63,56.25,0.23,0.0,0.23,100.0,0.0,0.0,1.59,85.71,0,,0,,0,0.0,0.0,0.0,,,0.23,,,0.0,0.0,0.0,0.23,0,0.0
M. Kozajda,Chrobry Głogów,Chrobry Głogów,"RB, RCB",27,0,2027-06-30,21,1674,1,2.1,1,0.45,18.23,54.28,Poland,Poland,right,185,0,no,9.35,7.58,62.41,4.09,52.63,0.22,0.31,0.48,4.41,6.46,1.45,3,0.16,0,0.0,1.24,0.05,1,0.05,0.11,0,0.0,23,1.24,30.43,4.348,0.05,1.94,16.67,0.0,0.0,1.83,17.65,0.48,1.02,52.63,4.41,46.34,1.67,1.88,0.27,27.47,1.45,1.56,36.83,80.44,15.91,72.97,4.78,96.63,11.67,83.41,30.97,89.58,4.09,38.16,19.82,32.8,0.02,0.27,0.05,0.11,0.0,0.0,0.11,6.08,72.57,2.04,36.84,0.22,0.0,0.59,0.59,8.33,70.32,0,,0,,0,0.0,0.0,0.0,,,0.48,,,0.05,0.0,0.0,0.05,0,0.0
A. Zarówny,Nieciecza,Chrobry Głogów,"RB, RCB",21,0,2028-06-30,8,364,0,0.26,0,0.04,15.58,57.14,Poland,Poland,right,188,81,no,6.68,4.7,63.16,6.18,44.0,0.25,0.31,0.25,3.46,4.33,1.48,1,0.25,0,0.0,0.49,0.0,0,0.0,0.06,0,0.0,3,0.74,0.0,0.0,0.0,0.0,0.0,0.0,0.0,0.0,0.0,0.0,0.99,50.0,2.23,77.78,0.74,1.24,0.25,18.54,0.74,1.24,27.2,81.82,13.85,71.43,2.72,100.0,7.17,89.66,22.01,86.52,5.19,61.9,15.43,22.78,0.01,0.25,0.0,0.0,0.0,0.0,0.0,4.45,77.78,0.49,0.0,0.25,100.0,0.0,0.0,5.44,50.0,0,,0,,0,0.0,0.0,0.0,,,0.99,,,0.0,0.0,0.0,0.0,0,0.0
J. Lis,Chrobry Głogów,Chrobry Głogów,LB,24,0,2028-06-30,10,895,1,0.39,0,0.37,10.06,39.0,Poland,Poland,right,185,0,no,5.53,3.92,46.15,2.21,31.82,0.0,0.0,0.2,3.72,5.47,0.3,0,0.0,0,0.0,1.21,0.1,1,0.1,0.04,1,0.1,3,0.3,66.67,33.333,0.0,1.91,36.84,1.31,46.15,0.6,16.67,0.4,0.5,60.0,3.22,37.5,1.21,1.11,0.3,21.52,0.8,0.6,29.77,78.04,10.66,65.09,6.13,90.16,9.85,84.69,24.34,85.54,3.52,48.57,20.06,34.18,0.04,0.4,0.0,0.0,0.0,0.0,0.3,3.52,68.57,2.51,36.0,0.0,0.0,0.1,0.7,5.43,55.56,0,,0,,0,0.0,0.0,0.0,,,0.8,,,0.0,0.0,0.0,0.0,0,0.0
M. Ozimek,Chrobry Głogów,Chrobry Głogów,"LAMF, RAMF, LW",26,0,2027-06-30,34,1805,4,3.15,3,4.31,14.66,40.82,Poland,Poland,right,179,70,no,4.89,4.59,53.26,1.7,20.59,0.15,0.22,0.1,2.29,3.33,1.2,2,0.1,0,0.0,2.44,0.2,4,0.2,0.16,0,0.0,32,1.6,37.5,12.5,0.15,1.8,36.11,1.1,36.36,0.7,35.71,0.25,2.09,54.76,6.53,39.69,3.14,1.15,0.1,14.61,1.6,1.15,20.89,78.28,4.34,65.52,6.88,94.2,5.53,75.68,18.1,84.3,1.05,42.86,17.52,12.83,0.21,1.84,0.0,0.0,0.05,100.0,0.45,1.05,76.19,2.09,54.76,0.1,50.0,1.45,0.6,3.49,72.86,0,,0,,0,0.0,0.0,0.0,,,0.05,,,0.9,0.1,50.0,2.54,0,0.0
K. Terlecki,Łódzki KS,Łódzki KS,"RCMF, LCMF",21,0,2028-06-30,26,2035,1,1.65,3,2.8,11.01,46.99,Poland,Poland,left,183,72,no,6.94,4.07,64.13,1.11,40.0,0.09,0.13,0.4,4.25,6.14,1.06,4,0.18,0,0.0,0.97,0.04,1,0.04,0.07,0,0.0,28,1.24,25.0,3.571,0.13,0.66,46.67,0.44,50.0,0.22,40.0,0.27,0.66,40.0,3.1,31.43,1.55,1.37,0.18,19.68,0.31,0.8,31.4,83.52,10.48,72.15,3.89,93.18,11.01,91.16,28.7,86.59,2.03,52.17,17.24,26.8,0.12,1.15,0.09,0.04,0.09,100.0,0.4,3.76,71.76,1.02,56.52,0.18,75.0,0.71,0.35,5.04,71.93,0,,0,,0,0.0,0.0,0.0,,,0.18,,,0.44,0.04,100.0,0.35,0,0.0
K. Laskowski,Ruch Chorzów,Chrobry Głogów,"LAMF, RAMF, LW",24,0,2028-06-30,35,2571,7,5.65,3,2.95,16.56,38.05,Poland,Poland,,0,0,no,3.85,3.22,46.74,2.21,33.33,0.11,0.15,0.11,2.24,3.16,1.54,4,0.14,0,0.0,3.19,0.25,7,0.25,0.2,0,0.0,60,2.1,33.33,11.667,0.11,2.49,39.44,1.09,35.48,1.37,41.03,0.25,3.36,44.79,8.96,37.11,2.63,1.89,0.18,14.28,1.68,1.93,18.41,73.57,5.01,63.64,5.71,93.87,4.34,67.74,15.16,81.52,0.81,26.09,18.77,16.93,0.1,0.91,0.07,0.04,0.04,0.0,0.35,1.44,53.66,2.24,46.88,0.11,0.0,0.42,1.02,2.98,69.41,0,,0,,0,0.0,0.0,0.0,,,0.07,,,0.49,0.0,0.0,0.77,0,0.0
P. Tupaj,,Chrobry Głogów,RB,26,0,,24,1825,0,0.17,2,1.9,14.25,52.25,Poland,Poland,right,174,70,no,8.48,6.95,52.48,2.56,55.77,0.25,0.37,0.44,4.59,6.84,1.48,6,0.3,1,0.05,1.73,0.0,0,0.0,0.01,0,0.0,7,0.35,14.29,0.0,0.1,2.02,51.22,0.1,100.0,1.82,48.65,0.15,0.89,55.56,3.65,54.05,0.64,1.33,0.3,30.03,1.13,1.38,40.68,84.0,16.92,78.72,6.26,95.28,12.58,88.24,36.39,87.94,2.37,52.08,18.97,26.71,0.09,0.89,0.0,0.0,0.15,100.0,0.35,6.12,77.42,2.71,56.36,0.2,75.0,0.64,0.94,8.68,73.3,0,,0,,0,0.0,0.0,0.0,,,1.08,,,0.0,0.0,0.0,0.0,0,0.0
M. Mazur,Miedź Legnica,Chrobry Głogów,LCB,27,0,2028-06-30,35,3468,9,8.05,1,1.39,12.59,57.11,Ukraine,Ukraine,left,194,88,no,7.89,3.45,63.91,5.32,59.02,0.21,0.3,0.93,5.48,7.94,0.65,5,0.13,0,0.0,0.99,0.23,6,0.16,0.21,3,0.08,41,1.06,39.02,21.951,0.03,0.73,53.57,0.6,52.17,0.1,50.0,0.03,0.31,58.33,1.84,42.25,1.27,1.04,0.05,36.51,0.42,0.86,50.87,83.52,24.63,75.03,2.36,96.7,19.8,92.66,38.28,91.66,11.91,59.04,24.53,42.11,0.04,0.23,0.0,0.0,0.0,0.0,0.16,9.76,66.76,2.54,53.06,1.17,51.11,0.99,0.36,13.26,76.32,0,,0,,0,0.0,0.0,0.0,,,1.32,,,0.18,0.13,60.0,0.0,5,60.0
O. Wojtczak,Tychy 71,Śląsk Wrocław,"LCMF, DMF, RCMF",22,0,,5,103,0,0.0,0,0.16,18.35,42.86,Poland,Poland,right,184,0,no,12.23,6.99,75.0,6.99,25.0,2.62,4.5,0.0,4.37,7.5,0.87,0,0.0,0,0.0,0.87,0.0,0,0.0,0.0,0,0.0,0,0.0,0.0,0.0,0.0,0.87,0.0,0.0,0.0,0.87,0.0,0.0,0.87,100.0,1.75,50.0,0.0,1.75,0.87,15.73,0.0,0.0,29.71,70.59,12.23,57.14,5.24,66.67,5.24,83.33,27.96,75.0,0.87,0.0,12.49,11.97,0.14,0.87,0.0,0.87,0.0,0.0,0.87,2.62,33.33,1.75,50.0,0.0,0.0,0.87,0.87,5.24,33.33,0,,0,,0,0.0,0.0,0.0,,,0.0,,,0.0,0.0,0.0,0.0,0,0.0
A. Ciućka,Śląsk Wrocław,Śląsk Wrocław,"LCMF, AMF",18,0,2028-06-30,5,82,0,0.1,0,0.36,34.02,51.61,Poland,Poland,unknown,0,0,no,9.88,9.88,55.56,1.1,0.0,0.0,0.0,0.0,4.39,8.57,2.2,0,0.0,0,0.0,6.59,0.0,0,0.0,0.11,0,0.0,1,1.1,0.0,0.0,0.0,2.2,50.0,0.0,0.0,2.2,50.0,0.0,7.68,71.43,18.66,52.94,3.29,2.2,1.1,31.83,0.0,2.2,36.22,75.76,12.07,63.64,5.49,100.0,9.88,77.78,32.93,80.0,1.1,0.0,13.98,4.34,0.39,2.2,0.0,0.0,1.1,0.0,1.1,1.1,0.0,3.29,66.67,1.1,0.0,2.2,1.1,8.78,50.0,0,,0,,0,0.0,0.0,0.0,,,1.1,,,0.0,0.0,0.0,0.0,0,0.0
W. Banasik,Polonia Bytom,Polonia Bytom,GK,20,0,,9,886,0,0.0,0,0.0,0.81,87.5,Poland,Poland,unknown,191,0,no,1.22,0.0,0.0,0.41,75.0,0.0,0.0,0.0,1.22,1.76,0.0,2,0.2,0,0.0,0.0,0.0,0,0.0,0.0,0,0.0,0,0.0,0.0,0.0,0.0,0.0,0.0,0.0,0.0,0.0,0.0,0.0,0.0,0.0,0.2,100.0,0.0,0.0,0.0,10.06,0.1,0.3,16.15,85.53,8.84,75.86,0.0,0.0,5.69,98.21,11.28,96.4,4.77,59.57,27.02,49.3,0.0,0.0,0.0,0.0,0.0,0.0,0.0,0.91,33.33,0.2,0.0,0.0,0.0,0.0,0.0,4.47,63.64,15,1.52,32,3.25,1,53.13,12.21,1.24,-2.79,-0.283,0.0,1.02,0.41,,,,0.0,0,0.0
D. Markowski,Śląsk Wrocław,Śląsk Wrocław,"LCMF, RCMF",18,0,,8,142,0,0.11,0,0.0,17.11,40.74,Poland,Poland,unknown,0,0,no,5.07,6.97,36.36,3.8,66.67,0.0,0.0,0.0,2.54,4.29,0.63,0,0.0,0,0.0,0.63,0.0,0,0.0,0.07,0,0.0,1,0.63,0.0,0.0,0.0,0.0,0.0,0.0,0.0,0.0,0.0,0.0,2.54,25.0,5.07,37.5,2.54,0.0,0.63,24.08,0.63,0.63,32.32,88.24,8.87,78.57,6.97,100.0,5.07,87.5,32.32,88.24,0.0,0.0,12.9,0.0,0.0,0.63,0.0,0.0,0.0,0.0,0.0,3.17,80.0,1.27,100.0,0.0,0.0,1.27,0.0,2.54,50.0,0,,0,,0,0.0,0.0,0.0,,,0.0,,,0.0,0.0,0.0,0.0,0,0.0
J. Łabędzki,Polonia Bytom,Polonia Bytom,"RWF, AMF",20,0,2027-06-30,7,182,0,0.0,1,0.22,12.86,26.92,Poland,Poland,right,186,76,no,4.45,4.95,60.0,1.98,0.0,0.0,0.0,0.0,1.48,2.57,0.99,0,0.0,0,0.0,0.49,0.0,0,0.0,0.0,0,0.0,0,0.0,0.0,0.0,0.49,0.49,100.0,0.0,0.0,0.49,100.0,0.0,0.49,0.0,4.45,11.11,0.99,0.0,0.49,23.24,2.47,0.0,27.2,80.0,9.4,68.42,5.44,100.0,5.93,91.67,25.22,82.35,1.48,33.33,15.91,12.9,0.11,1.48,0.0,0.49,0.0,0.0,0.99,5.44,90.91,1.48,66.67,0.0,0.0,0.49,0.49,4.95,70.0,0,,0,,0,0.0,0.0,0.0,,,0.0,,,0.0,0.0,0.0,1.98,0,0.0
J. Rajczykowski,Świt Skolwin,Polonia Bytom,GK,21,0,2028-06-30,6,575,0,0.0,0,0.0,0.16,100.0,Poland,Poland,,0,0,yes,0.63,0.0,0.0,0.16,100.0,0.0,0.0,0.0,0.63,0.86,0.0,0,0.0,0,0.0,0.0,0.0,0,0.0,0.0,0,0.0,0,0.0,0.0,0.0,0.0,0.0,0.0,0.0,0.0,0.0,0.0,0.0,0.0,0.0,0.0,0.0,0.0,0.0,0.0,7.98,0.0,0.0,12.52,76.25,7.98,70.59,0.0,0.0,2.82,94.44,6.57,92.86,5.79,59.46,31.74,48.72,0.0,0.0,0.0,0.0,0.0,0.0,0.0,1.57,20.0,0.63,0.0,0.0,0.0,0.0,0.0,3.91,64.0,14,2.19,35,5.48,0,60.0,12.91,2.02,-1.09,-0.171,0.0,1.88,0.16,,,,0.0,0,0.0
K. Kurowski,Twente,Śląsk Wrocław,"RWB, LWB, RB",19,0,2030-06-30,18,1211,2,1.51,1,0.76,15.46,49.52,Poland,Poland,left,180,72,no,7.58,6.02,61.73,2.01,51.85,0.37,0.55,0.3,3.49,5.2,0.82,3,0.22,0,0.0,1.78,0.15,2,0.15,0.11,0,0.0,13,0.97,23.08,15.385,0.07,1.71,30.43,1.19,31.25,0.52,28.57,0.15,1.64,63.64,5.87,36.71,2.01,2.08,0.22,23.71,1.86,0.82,33.07,80.67,8.7,65.81,8.77,95.76,8.62,80.17,29.06,85.42,2.38,59.38,17.38,30.84,0.06,0.59,0.0,0.15,0.0,0.0,0.37,2.82,57.89,2.9,46.15,0.59,37.5,1.26,0.52,6.02,71.6,0,,0,,0,0.0,0.0,0.0,,,0.89,,,0.0,0.0,0.0,0.0,0,0.0
Y. Matsenko,Śląsk Wrocław,Śląsk Wrocław,"RCB, RDMF",24,0,2027-06-30,21,1670,5,3.62,1,1.53,14.5,54.28,Ukraine,Ukraine,right,188,81,no,7.81,4.2,60.26,5.82,59.26,0.22,0.31,0.65,5.07,7.36,0.81,2,0.11,0,0.0,1.4,0.27,5,0.27,0.2,1,0.05,30,1.62,40.0,16.667,0.05,1.02,52.63,0.05,100.0,0.86,43.75,0.22,0.59,36.36,2.48,36.96,2.37,0.59,0.0,25.17,0.11,1.19,38.16,83.19,16.76,74.6,3.23,88.33,11.8,89.95,32.55,88.91,4.58,49.41,17.87,32.93,0.08,0.65,0.05,0.0,0.0,0.0,0.16,5.82,65.74,0.97,55.56,0.05,100.0,0.54,0.54,7.81,71.03,0,,0,,0,0.0,0.0,0.0,,,0.54,,,0.0,0.0,0.0,0.0,0,0.0
L. Marjanac,Śląsk Wrocław,Śląsk Wrocław,"CF, LAMF, RAMF",23,0,2027-06-30,27,1768,5,7.12,4,3.39,19.65,39.9,Switzerland,"Switzerland, Bosnia and Herzegovina",right,177,0,no,4.79,5.35,54.29,3.11,24.59,0.15,0.23,0.1,1.73,2.58,1.99,3,0.15,0,0.0,3.41,0.25,5,0.25,0.36,0,0.0,41,2.09,36.59,12.195,0.2,2.7,32.08,1.88,24.32,0.81,50.0,0.71,3.36,51.52,9.01,38.98,4.84,2.24,0.51,15.58,1.93,1.73,20.41,72.57,4.28,73.81,5.5,83.33,5.96,73.5,17.15,79.53,0.61,50.0,17.02,10.25,0.17,1.27,0.0,0.1,0.15,33.33,0.61,1.37,70.37,2.34,58.7,0.05,100.0,1.32,0.87,3.67,77.78,0,,0,,0,0.0,0.0,0.0,,,0.0,,,0.31,0.15,0.0,1.07,0,0.0
M. Matić,Polissya,Polonia Bytom,LCB,22,0,2028-06-30,21,1751,2,1.22,0,0.21,14.7,52.1,Croatia,Croatia,left,188,82,no,8.07,5.55,63.89,5.09,42.42,0.31,0.44,0.51,4.21,6.03,0.67,2,0.1,0,0.0,1.03,0.1,2,0.1,0.06,1,0.05,8,0.41,37.5,25.0,0.0,1.08,52.38,1.08,52.38,0.0,0.0,0.1,0.51,60.0,2.36,43.48,0.67,0.82,0.0,33.97,0.57,0.41,47.9,85.19,19.38,76.39,5.29,94.17,18.45,89.69,41.53,90.47,5.29,50.49,21.32,36.63,0.01,0.21,0.0,0.05,0.0,0.0,0.05,6.94,70.37,1.59,51.61,0.26,40.0,0.21,0.57,9.61,71.12,0,,0,,0,0.0,0.0,0.0,,,1.03,,,0.0,0.0,0.0,0.0,0,0.0
M. Łabojko,Polonia Bytom,Polonia Bytom,"RCMF, LCMF",25,0,2028-06-30,34,2914,0,0.51,1,0.79,8.89,51.04,Poland,Poland,,176,0,no,6.42,3.86,56.0,1.14,45.95,0.22,0.3,0.31,4.05,5.6,0.62,2,0.06,0,0.0,0.83,0.0,0,0.0,0.02,0,0.0,17,0.53,23.53,0.0,0.03,0.77,36.0,0.34,45.45,0.43,28.57,0.09,0.46,80.0,2.75,47.19,0.15,1.3,0.09,34.1,0.12,0.68,47.93,84.92,16.52,72.15,4.69,98.68,21.06,91.79,40.21,91.71,6.98,51.33,20.69,38.58,0.02,0.56,0.06,0.03,0.09,66.67,0.19,10.78,73.93,2.35,52.63,0.9,37.93,0.93,0.25,8.68,75.09,0,,0,,0,0.0,0.0,0.0,,,0.31,,,0.06,0.0,0.0,0.0,0,0.0
T. Gajda,Odra Opole,Polonia Bytom,"LCMF, AMF",30,0,2028-06-30,30,2881,5,3.77,3,4.46,12.37,52.53,Poland,Poland,,0,0,no,5.97,3.65,60.68,2.25,58.33,0.22,0.31,0.62,3.53,4.99,0.97,7,0.22,0,0.0,1.69,0.16,5,0.16,0.12,1,0.03,56,1.75,28.57,8.929,0.09,1.94,32.26,1.0,40.63,0.81,23.08,0.34,1.12,50.0,4.62,42.57,1.91,1.81,0.31,34.58,0.53,0.56,47.95,84.17,15.31,75.92,4.84,94.19,19.15,86.3,42.24,90.16,3.87,43.55,17.99,38.85,0.14,1.28,0.09,0.0,0.06,0.0,0.41,8.0,74.22,2.87,45.65,0.53,17.65,1.16,0.62,7.31,78.21,0,,0,,0,0.0,0.0,0.0,,,0.03,,,2.12,0.44,35.71,1.5,0,0.0
M. Rosiak,Śląsk Wrocław,Śląsk Wrocław,"RB, RWB",20,0,2027-06-30,22,1404,4,2.03,2,1.13,15.96,50.2,Poland,"Poland, England",right,180,68,no,7.5,6.79,58.49,2.95,50.0,0.0,0.0,0.19,3.53,5.32,1.47,4,0.26,0,0.0,1.79,0.26,4,0.26,0.13,0,0.0,22,1.41,40.91,18.182,0.13,2.18,29.41,0.13,0.0,2.05,31.25,0.64,1.47,39.13,4.74,37.84,1.92,1.15,0.19,25.9,1.22,0.77,35.83,78.53,13.59,64.62,6.86,97.2,9.1,82.39,29.81,86.67,3.91,44.26,18.23,23.79,0.07,0.83,0.06,0.0,0.0,0.0,0.58,4.74,64.86,2.95,47.83,0.45,71.43,1.09,0.77,7.18,64.29,0,,0,,0,0.0,0.0,0.0,,,0.38,,,0.32,0.32,40.0,0.38,0,0.0
O. Krzyżak,Polonia Bytom,Polonia Bytom,"CB, RCB",24,0,2027-06-30,21,1891,1,1.37,1,0.15,12.33,62.55,Poland,Poland,right,186,83,no,6.95,3.43,70.83,5.47,57.39,0.05,0.06,0.86,4.47,6.05,0.76,3,0.14,0,0.0,0.24,0.05,1,0.05,0.07,0,0.0,6,0.29,16.67,16.667,0.05,0.19,25.0,0.0,0.0,0.19,25.0,0.0,0.14,100.0,0.71,60.0,0.62,0.95,0.0,27.46,0.1,0.71,43.5,85.12,17.51,72.55,1.62,94.12,20.23,94.59,36.79,91.2,6.52,52.55,21.12,39.0,0.01,0.1,0.0,0.0,0.0,0.0,0.05,5.85,65.04,0.62,15.38,0.62,46.15,0.29,0.05,7.57,67.3,0,,0,,0,0.0,0.0,0.0,,,0.62,,,0.0,0.0,0.0,0.0,0,0.0
K. Andrzejczak,Polonia Bytom,Polonia Bytom,"AMF, LWF",30,0,2027-06-30,34,2443,6,6.33,1,1.93,17.76,41.49,Poland,Poland,both,179,68,no,4.02,3.94,51.4,2.03,29.09,0.18,0.25,0.11,1.81,2.5,1.18,3,0.11,0,0.0,3.02,0.22,6,0.22,0.23,2,0.07,56,2.06,41.07,10.714,0.04,1.33,36.11,0.7,36.84,0.63,35.29,0.18,3.57,47.42,9.28,42.06,3.28,3.32,0.74,21.11,1.33,1.47,26.38,83.94,6.34,77.33,6.85,96.77,7.33,79.4,23.98,87.86,1.11,56.67,15.86,18.59,0.07,0.81,0.04,0.0,0.07,0.0,0.44,2.28,82.26,2.17,52.54,0.26,28.57,0.85,0.48,2.69,71.23,0,,0,,0,0.0,0.0,0.0,,,0.04,,,0.0,0.0,0.0,1.07,0,0.0
K. Wojtyra,Polonia Bytom,Polonia Bytom,CF,28,0,2027-06-30,34,2051,9,10.48,0,0.51,22.64,34.69,Poland,Poland,both,188,82,no,2.37,2.68,47.54,7.11,40.12,0.04,0.06,0.18,1.05,1.48,2.72,2,0.09,0,0.0,1.32,0.39,9,0.39,0.46,4,0.18,52,2.28,36.54,17.308,0.0,0.09,50.0,0.04,0.0,0.04,100.0,0.0,1.23,35.71,6.76,33.12,3.69,0.61,0.22,6.1,0.88,1.49,11.41,75.77,1.62,51.35,4.12,89.36,2.63,68.33,10.93,77.11,0.39,44.44,13.76,10.61,0.02,0.31,0.09,0.0,0.13,0.0,0.13,1.01,47.83,0.57,53.85,0.13,0.0,0.44,0.0,0.61,50.0,0,,0,,0,0.0,0.0,0.0,,,0.04,,,0.04,0.04,0.0,0.0,0,0.0
G. Szymusik,Polonia Bytom,Polonia Bytom,RCB,28,0,2027-06-30,23,1680,2,1.63,3,0.94,15.21,55.63,Poland,Poland,right,182,0,no,9.75,5.89,60.0,4.34,54.32,0.38,0.53,0.7,5.84,8.26,1.77,3,0.16,0,0.0,1.07,0.11,1,0.05,0.09,1,0.05,13,0.7,38.46,15.385,0.16,1.02,47.37,0.05,100.0,0.96,44.44,0.21,0.48,55.56,2.46,56.52,1.07,1.39,0.16,28.23,0.32,1.61,40.45,84.24,19.61,77.32,3.43,89.06,13.13,92.65,35.63,90.38,3.8,36.62,20.03,36.27,0.05,0.32,0.0,0.0,0.05,100.0,0.16,7.5,74.29,1.61,40.0,0.27,20.0,0.27,0.48,7.82,69.18,0,,0,,0,0.0,0.0,0.0,,,0.91,,,0.0,0.0,0.0,0.0,1,100.0
J. Sarmiento,,Polonia Bytom,"AMF, RWF, CF",29,0,,25,1115,0,2.13,2,1.25,21.31,45.45,Colombia,Colombia,,182,0,no,5.49,5.89,67.12,3.71,39.13,0.0,0.0,0.16,1.53,2.37,0.81,0,0.0,0,0.0,2.02,0.0,0,0.0,0.17,0,0.0,20,1.61,35.0,0.0,0.16,1.45,22.22,0.08,0.0,1.37,23.53,0.32,2.34,48.28,8.96,37.84,2.91,2.26,0.4,15.26,1.37,1.61,22.36,73.65,5.09,65.08,5.89,90.41,6.13,72.37,19.86,79.27,1.13,42.86,15.76,13.75,0.1,0.57,0.08,0.0,0.08,0.0,0.4,1.94,70.83,1.86,43.48,0.16,0.0,1.13,0.24,2.66,60.61,0,,0,,0,0.0,0.0,0.0,,,0.0,,,0.0,0.0,0.0,0.0,0,0.0
M. Mokrzycki,Śląsk Wrocław,Śląsk Wrocław,"LCMF, RCMF",28,0,2029-06-30,25,2201,2,2.4,2,5.29,16.23,52.14,Poland,Poland,right,182,75,no,7.73,5.77,53.9,1.96,60.42,0.41,0.6,0.33,4.21,6.13,1.68,6,0.25,0,0.0,2.54,0.08,2,0.08,0.1,0,0.0,42,1.72,26.19,4.762,0.08,1.84,37.78,0.86,38.1,0.98,37.5,0.2,1.59,58.97,5.85,49.65,1.47,0.94,0.2,31.0,0.12,1.47,44.04,78.64,16.4,68.33,6.22,92.11,12.68,87.42,39.25,82.6,2.99,52.05,16.77,30.92,0.22,1.76,0.29,0.04,0.65,68.75,0.33,7.03,73.26,3.93,65.63,0.74,66.67,2.13,0.7,8.91,76.61,0,,0,,0,0.0,0.0,0.0,,,0.16,,,1.43,0.33,50.0,2.86,0,0.0
L. Zieliński,Polonia Bytom,Polonia Bytom,LWB,28,0,2027-06-30,27,1761,2,2.54,2,2.71,19.52,50.52,Poland,Poland,,0,0,no,6.13,4.19,63.41,1.99,53.85,0.15,0.22,0.36,3.32,4.78,0.92,5,0.26,0,0.0,5.37,0.1,2,0.1,0.13,0,0.0,29,1.48,20.69,6.897,0.1,3.32,32.31,2.91,31.58,0.36,28.57,0.72,6.8,58.65,11.86,46.98,3.42,2.86,0.31,21.11,1.12,1.79,31.84,79.13,7.56,66.22,10.94,95.33,7.92,76.77,26.47,87.64,2.04,45.0,18.68,23.1,0.14,0.92,0.05,0.05,0.0,0.0,0.61,2.04,67.5,2.91,54.39,0.0,0.0,1.12,0.92,5.06,70.71,0,,0,,0,0.0,0.0,0.0,,,0.26,,,0.0,0.0,0.0,0.26,0,0.0
J. Yriarte,Śląsk Wrocław,Śląsk Wrocław,"DMF, LDMF, RCMF",26,0,2027-06-30,28,1848,0,1.86,2,1.09,15.83,49.85,Venezuela,"Venezuela, Spain",right,182,71,no,8.04,4.82,62.63,4.19,48.84,0.1,0.15,0.34,4.92,7.44,1.22,3,0.15,0,0.0,0.97,0.0,0,0.0,0.09,0,0.0,13,0.63,15.38,0.0,0.1,0.93,47.37,0.34,57.14,0.58,41.67,0.05,0.78,56.25,4.14,43.53,1.51,1.07,0.49,32.05,0.34,1.07,48.21,87.17,15.73,80.8,6.77,93.53,16.7,90.09,45.78,88.94,1.51,58.06,16.04,18.14,0.05,0.58,0.05,0.0,0.1,0.0,0.24,7.55,80.65,1.41,62.07,0.19,25.0,0.63,0.44,6.09,78.4,0,,0,,0,0.0,0.0,0.0,,,0.15,,,0.0,0.0,0.0,0.0,0,0.0
M. Glacel,Pogoń Grod. Mazowiecki,Pogoń Grod. Mazowiecki,GK,21,0,2028-06-30,1,96,0,0.0,0,0.0,0.94,100.0,Poland,Poland,unknown,193,0,no,0.0,0.0,0.0,0.94,100.0,0.0,0.0,0.0,0.0,0.0,0.0,0,0.0,0,0.0,0.0,0.0,0,0.0,0.0,0,0.0,0,0.0,0.0,0.0,0.0,0.0,0.0,0.0,0.0,0.0,0.0,0.0,0.0,0.0,0.0,0.0,0.0,0.0,0.0,22.5,0.0,0.0,30.94,90.91,11.25,75.0,0.0,0.0,14.06,100.0,24.38,100.0,6.56,57.14,23.5,48.89,0.0,0.0,0.0,0.0,0.0,0.0,0.0,0.94,0.0,0.0,0.0,0.0,0.0,0.0,0.0,4.69,60.0,0,0.0,3,2.81,1,100.0,1.24,1.16,1.24,1.163,0.0,2.81,0.94,,,,0.0,0,0.0
O. Kwiatkowski,Raków Częstochowa,Polonia Bytom,"AMF, RWF",21,0,2031-06-30,32,1901,11,5.57,2,2.5,18.04,45.41,Poland,Poland,unknown,0,0,no,4.69,4.45,57.45,1.47,35.48,0.09,0.14,0.24,2.04,3.01,0.95,0,0.0,0,0.0,3.55,0.52,11,0.52,0.26,0,0.0,53,2.51,43.4,20.755,0.09,1.7,38.89,0.71,33.33,0.95,40.0,0.43,3.69,48.72,10.27,42.4,3.22,1.23,0.14,18.98,1.04,2.51,24.9,84.22,6.25,78.03,7.1,96.67,6.82,84.03,22.44,89.66,0.8,23.53,14.97,13.77,0.12,1.09,0.19,0.0,0.0,0.0,0.28,1.7,72.22,1.85,64.1,0.05,0.0,1.18,0.71,2.18,73.91,0,,0,,0,0.0,0.0,0.0,,,0.05,,,0.19,0.05,0.0,2.46,0,0.0
M. Wziech,Polonia Bytom,Łódzki KS,CF,24,0,2027-06-30,1,12,0,0.0,0,0.0,,,Poland,Poland,,186,0,no,,,,,,,0.0,,,0.0,,0,,0,,,,0,,,0,,0,,,0.0,,,,,,,,,,,,,,,,,,,,,,,,,,,,,,,28.41,0.0,,,,,,,,,,,,,,,,,,0,,0,,0,0.0,0.0,,,,,,,,,,,0,0.0
J. Zbrog,Pogoń Grod. Mazowiecki,Pogoń Siedlce,"RAMF, RW",19,0,2027-06-30,27,1353,1,2.52,0,0.83,19.09,42.86,Poland,Poland,unknown,0,0,yes,6.39,5.85,51.14,2.99,35.56,0.47,0.63,0.0,2.93,3.93,1.13,2,0.13,0,0.0,3.06,0.07,1,0.07,0.17,0,0.0,21,1.4,42.86,4.762,0.0,1.86,39.29,0.13,50.0,1.73,38.46,0.33,3.66,47.27,8.18,39.84,2.93,1.46,0.53,11.71,1.73,2.2,16.76,67.46,4.46,53.73,3.99,85.0,5.06,61.84,13.84,74.04,1.13,35.29,15.21,17.2,0.06,0.67,0.07,0.0,0.07,0.0,0.13,1.33,65.0,1.6,70.83,0.07,0.0,0.86,0.67,2.99,48.89,0,,0,,0,0.0,0.0,0.0,,,0.0,,,0.0,0.0,0.0,0.0,0,0.0
J. Budnicki,Polonia Warszawa,Polonia Warszawa,LCB,25,0,2029-06-30,15,1358,0,1.87,0,0.59,15.91,63.75,Poland,Poland,right,190,0,no,11.4,5.57,65.48,6.16,66.67,0.33,0.52,0.99,7.42,11.63,0.99,3,0.2,0,0.0,0.46,0.0,0,0.0,0.12,0,0.0,14,0.93,35.71,0.0,0.0,0.07,100.0,0.07,100.0,0.0,0.0,0.0,0.2,33.33,1.06,37.5,1.72,0.8,0.0,31.02,0.4,0.8,46.86,90.24,13.98,77.25,2.39,88.89,25.12,96.31,43.94,93.51,2.85,39.53,19.24,33.16,0.04,0.27,0.07,0.0,0.0,0.0,0.2,4.18,77.78,0.4,33.33,0.13,50.0,0.27,0.07,5.63,55.29,0,,0,,0,0.0,0.0,0.0,,,1.26,,,0.0,0.0,0.0,0.0,0,0.0
W. Niewiarowski,Górnik Łęczna,Śląsk Wrocław,CF,24,0,2028-06-30,1,15,0,0.0,0,0.0,,,Poland,Poland,unknown,177,0,no,,,,,,,0.0,,,0.0,,0,,0,,,,0,,,0,,0,,,0.0,,,,,,,,,,,,,,,,,,,,,,,,,,,,,,,0.0,0.0,,,,,,,,,,,,,,,,,,0,,0,,0,0.0,0.0,,,,,,,,,,,0,0.0
D. Konieczny,,Znicz Pruszków,"LCMF, LCB, LB",29,0,,18,1283,0,0.45,0,0.65,12.84,54.1,Poland,Poland,unknown,178,69,no,8.49,5.89,61.9,2.46,48.57,0.07,0.09,0.56,4.77,6.13,1.75,6,0.42,0,0.0,0.63,0.0,0,0.0,0.03,0,0.0,6,0.42,16.67,0.0,0.0,1.33,21.05,1.26,16.67,0.07,100.0,0.14,0.42,66.67,2.67,47.37,0.35,0.56,0.07,20.83,0.56,0.77,36.62,74.33,17.61,66.53,3.65,96.15,10.59,81.46,29.46,81.43,5.82,50.6,19.03,32.56,0.05,0.56,0.0,0.0,0.0,0.0,0.0,8.21,64.1,2.1,36.67,0.28,75.0,0.42,0.28,8.84,64.29,0,,0,,0,0.0,0.0,0.0,,,0.21,,,0.21,0.0,0.0,0.63,0,0.0
A. Kazimierczak,,Znicz Pruszków,CF,21,0,,22,911,2,3.82,1,0.46,24.5,37.1,Poland,Poland,,181,0,no,3.66,4.25,53.49,5.73,32.76,0.2,0.25,0.1,1.19,1.5,2.07,1,0.1,0,0.0,1.88,0.2,2,0.2,0.38,0,0.0,23,2.27,43.48,8.696,0.1,0.59,33.33,0.4,25.0,0.2,50.0,0.3,1.48,46.67,9.39,29.47,4.54,0.79,0.1,10.87,2.27,2.17,15.41,75.0,3.36,52.94,4.64,89.36,3.46,68.57,14.13,79.72,0.69,14.29,14.75,9.93,0.05,0.69,0.0,0.0,0.0,0.0,0.49,1.38,28.57,0.89,44.44,0.1,100.0,1.09,0.3,1.09,72.73,0,,0,,0,0.0,0.0,0.0,,,0.0,,,0.1,0.0,0.0,0.0,0,0.0
J. Kowalski,Arka Gdynia,Stal Mielec,"RAMF, RW",20,0,2028-06-30,13,315,1,1.07,0,0.87,20.86,50.68,Poland,Poland,left,0,0,yes,3.43,4.29,53.33,2.0,42.86,0.0,0.0,0.29,1.14,1.85,1.14,0,0.0,0,0.0,7.71,0.29,1,0.29,0.3,0,0.0,7,2.0,57.14,14.286,0.0,3.71,69.23,0.29,0.0,3.43,75.0,1.14,7.43,53.85,13.14,50.0,2.86,2.29,0.57,19.14,2.29,2.86,25.43,83.15,5.71,55.0,9.43,96.97,6.86,91.67,20.57,88.89,1.43,40.0,20.48,17.36,0.25,1.43,0.0,0.0,0.0,0.0,1.14,2.29,62.5,2.57,77.78,0.0,0.0,0.29,2.29,4.29,80.0,0,,0,,0,0.0,0.0,0.0,,,0.0,,,0.0,0.0,0.0,0.0,0,0.0
B. Swierczewski,Pogoń Siedlce,Pogoń Siedlce,LDMF,19,0,2028-06-30,1,1,0,0.0,0,0.0,,,Poland,Poland,,0,0,no,,,,,,,0.0,,,0.0,,0,,0,,,,0,,,0,,0,,,0.0,,,,,,,,,,,,,,,,,,,,,,,,,,,,,,,1.05,0.0,,,,,,,,,,,,,,,,,,0,,0,,0,0.0,0.0,,,,,,,,,,,0,0.0
S. Kawala,Sandecja Nowy Sącz,Wisła Kraków,"CF, AMF, RAMF",19,0,2028-06-30,7,105,1,0.48,0,0.0,21.43,40.0,Poland,Poland,,0,0,yes,4.29,4.29,80.0,3.43,0.0,0.0,0.0,0.0,0.86,2.0,0.86,0,0.0,1,0.86,0.86,0.86,1,0.86,0.42,0,0.0,1,0.86,100.0,100.0,0.0,0.86,0.0,0.0,0.0,0.86,0.0,0.0,1.71,0.0,12.0,42.86,3.43,2.57,0.0,13.71,3.43,1.71,21.43,88.0,1.71,100.0,6.86,87.5,7.71,100.0,19.71,91.3,0.86,100.0,9.88,6.37,0.0,0.0,0.0,0.86,0.0,0.0,0.0,0.0,0.0,1.71,0.0,0.86,100.0,0.86,0.0,1.71,50.0,0,,0,,0,0.0,0.0,0.0,,,0.0,,,0.0,0.0,0.0,0.0,0,0.0
W. Rezacz,Miedź Legnica,Miedź Legnica,RB,18,0,2028-06-30,3,276,0,0.0,0,0.0,19.57,58.33,Poland,Poland,,0,0,no,9.13,8.8,77.78,5.87,38.89,0.0,0.0,0.33,2.28,3.5,0.65,0,0.0,0,0.0,0.65,0.0,0,0.0,0.0,0,0.0,0,0.0,0.0,0.0,0.0,1.63,20.0,0.0,0.0,1.63,20.0,0.0,1.63,20.0,2.93,44.44,0.0,0.98,0.0,16.63,1.3,0.98,25.43,70.51,10.11,61.29,2.93,77.78,6.52,85.0,20.87,76.56,2.93,55.56,17.29,25.38,0.0,0.33,0.0,0.0,0.0,0.0,0.0,2.93,55.56,0.98,66.67,0.33,100.0,0.0,0.33,5.22,62.5,0,,0,,0,0.0,0.0,0.0,,,0.33,,,0.0,0.0,0.0,0.0,0,0.0
T. Ryguła,Tychy 71,Tychy 71,"CF, AMF",18,0,,10,628,2,2.35,0,0.17,28.09,29.08,Poland,Poland,,191,0,no,3.58,4.16,48.28,11.18,29.49,0.0,0.0,0.14,1.58,1.94,2.29,0,0.0,0,0.0,1.15,0.29,2,0.29,0.34,0,0.0,10,1.43,40.0,20.0,0.0,0.0,0.0,0.0,0.0,0.0,0.0,0.0,2.01,28.57,8.17,22.81,2.72,0.57,0.14,7.45,1.58,0.29,14.9,64.42,3.3,52.17,3.3,91.3,3.73,65.38,14.76,64.08,0.14,100.0,12.54,4.51,0.02,0.57,0.0,0.0,0.0,0.0,0.14,1.58,45.45,0.57,100.0,0.0,0.0,0.57,0.0,1.29,44.44,0,,0,,0,0.0,0.0,0.0,,,0.0,,,0.0,0.0,0.0,0.0,0,0.0
B. Jankowski,Tychy 71,Tychy 71,LWB,19,0,2028-06-30,15,816,1,1.11,1,0.59,18.2,50.91,Poland,Poland,,0,0,no,8.27,7.06,62.5,1.43,61.54,0.33,0.43,0.22,3.53,4.55,0.88,1,0.11,0,0.0,3.31,0.11,1,0.11,0.12,0,0.0,12,1.32,16.67,8.333,0.11,2.76,28.0,2.76,28.0,0.0,0.0,0.11,3.86,60.0,8.49,42.86,2.21,2.76,0.0,20.74,2.1,1.54,26.8,74.49,7.06,54.69,8.38,94.74,6.51,74.58,22.72,81.07,1.65,53.33,19.03,18.67,0.07,0.66,0.0,0.0,0.0,0.0,0.33,2.32,47.62,2.76,44.0,0.22,0.0,0.66,0.88,3.64,72.73,0,,0,,0,0.0,0.0,0.0,,,0.66,,,0.0,0.0,0.0,0.0,0,0.0
J. Wuwer,Goczałkowice Zdrój,Tychy 71,"LCMF, CB",28,0,,6,338,0,0.0,0,0.0,16.24,47.54,Poland,Poland,right,185,0,no,7.72,6.92,69.23,5.33,25.0,0.0,0.0,0.0,2.93,3.88,2.66,1,0.27,0,0.0,0.0,0.0,0,0.0,0.0,0,0.0,0,0.0,0.0,0.0,0.0,0.0,0.0,0.0,0.0,0.0,0.0,0.0,0.27,0.0,1.86,28.57,0.0,1.6,0.27,30.62,0.27,1.33,43.4,86.5,10.38,74.36,4.26,100.0,22.37,92.86,39.67,89.26,3.73,57.14,18.02,27.29,0.0,0.27,0.0,0.0,0.0,0.0,0.0,5.33,80.0,0.27,0.0,0.0,0.0,0.0,0.0,5.06,63.16,0,,0,,0,0.0,0.0,0.0,,,0.8,,,0.0,0.0,0.0,0.0,0,0.0
T. Kubik,NKP Podhale,Tychy 71,"LWB, AMF, RWB",23,0,,26,1294,0,0.54,0,0.92,23.72,34.9,Poland,Poland,,173,0,no,6.96,6.96,49.0,2.57,13.51,0.21,0.29,0.14,3.34,4.66,1.95,6,0.42,1,0.07,2.36,0.0,0,0.0,0.04,0,0.0,8,0.56,37.5,0.0,0.0,2.36,35.29,1.6,26.09,0.77,54.55,0.07,4.59,28.79,11.48,33.94,1.53,2.99,0.56,19.89,1.11,2.78,25.46,73.77,6.61,61.05,6.47,91.4,7.93,71.93,21.63,80.71,1.74,28.0,16.69,21.34,0.06,0.63,0.07,0.0,0.14,0.0,0.21,2.57,62.16,2.3,51.52,0.14,0.0,0.35,0.9,4.17,71.67,0,,0,,0,0.0,0.0,0.0,,,0.07,,,0.0,0.0,0.0,0.0,0,0.0
B. Barański,Odra Opole,Tychy 71,"AMF, LWF",19,0,2029-06-30,15,1103,1,1.64,0,0.35,12.4,42.11,Poland,Poland,right,178,72,no,4.0,4.98,50.82,0.65,50.0,0.08,0.1,0.0,1.39,1.71,0.9,3,0.24,0,0.0,1.31,0.08,1,0.08,0.13,0,0.0,22,1.8,18.18,4.545,0.0,0.82,40.0,0.65,50.0,0.16,0.0,0.16,1.88,34.78,5.63,36.23,1.14,1.06,0.0,14.28,0.73,0.82,19.99,76.33,4.65,66.67,6.53,95.0,5.06,67.74,18.77,79.13,0.41,20.0,14.78,7.32,0.03,0.49,0.08,0.0,0.08,0.0,0.16,1.63,65.0,1.55,36.84,0.08,0.0,0.16,0.33,1.8,63.64,0,,0,,0,0.0,0.0,0.0,,,0.16,,,0.41,0.0,0.0,1.63,0,0.0
K. Lipkowski,Arka Gdynia,Tychy 71,RCB,23,0,2028-06-30,26,2470,1,1.26,3,1.07,15.74,51.62,Poland,Poland,right,188,0,no,7.36,4.85,64.66,5.98,49.39,0.04,0.05,0.62,4.19,5.66,0.69,7,0.26,0,0.0,1.17,0.04,1,0.04,0.05,0,0.0,14,0.51,28.57,7.143,0.11,1.24,29.41,0.0,0.0,1.24,29.41,0.07,1.24,52.94,3.35,41.3,0.8,1.46,0.07,30.43,0.51,0.69,43.14,80.07,18.91,68.98,3.68,89.11,16.18,91.44,36.29,88.35,5.68,37.18,21.19,40.15,0.04,0.29,0.0,0.0,0.0,0.0,0.22,6.45,61.02,1.6,34.09,0.33,11.11,0.22,0.4,7.8,66.36,0,,0,,0,0.0,0.0,0.0,,,0.91,,,0.0,0.0,0.0,0.0,0,0.0
K. Machowski,,Tychy 71,"RWB, RB",22,0,,19,1231,0,0.06,0,0.64,11.77,44.1,Poland,Poland,right,171,65,no,6.07,4.46,54.1,1.54,42.86,0.07,0.09,0.37,3.58,4.45,0.58,2,0.15,0,0.0,0.8,0.0,0,0.0,0.0,0,0.0,3,0.22,33.33,0.0,0.0,1.54,23.81,0.07,0.0,1.46,25.0,0.15,0.88,41.67,4.24,36.21,0.44,1.02,0.29,24.71,0.44,0.88,33.34,82.24,10.53,72.22,7.46,99.02,9.14,82.4,29.39,88.56,2.63,41.67,15.51,21.43,0.05,0.22,0.0,0.0,0.0,0.0,0.15,3.58,71.43,1.17,43.75,0.07,100.0,0.29,0.22,4.46,83.61,0,,0,,0,0.0,0.0,0.0,,,0.73,,,0.0,0.0,0.0,0.15,0,0.0
N. Adamczyk,,Tychy 71,CB,20,0,,1,94,0,0.0,0,0.0,10.53,72.73,Poland,"Poland, Germany",right,189,0,no,9.57,5.74,66.67,0.96,100.0,0.0,0.0,1.91,5.74,6.67,0.96,0,0.0,0,0.0,0.0,0.0,0,0.0,0.0,0,0.0,0,0.0,0.0,0.0,0.0,0.0,0.0,0.0,0.0,0.0,0.0,0.0,0.0,0.0,0.0,0.0,0.0,0.0,0.0,34.47,0.0,0.0,52.66,81.82,20.11,66.67,0.96,100.0,25.85,96.3,43.09,93.33,9.57,30.0,21.44,39.96,0.0,0.0,0.0,0.0,0.0,0.0,0.0,2.87,66.67,0.0,0.0,0.0,0.0,0.0,0.0,10.53,36.36,0,,0,,0,0.0,0.0,0.0,,,0.96,,,0.0,0.0,0.0,0.0,0,0.0
N. Knezević,Wieczysta Kraków,Wieczysta Kraków,"RCMF, LCMF, RAMF",23,0,2028-06-30,10,403,0,1.8,0,0.46,16.75,46.67,Serbia,Serbia,right,180,73,no,9.16,7.82,54.29,2.23,50.0,0.22,0.34,0.22,4.69,7.24,2.23,4,0.89,0,0.0,2.01,0.0,0,0.0,0.4,0,0.0,13,2.9,38.46,0.0,0.0,1.79,12.5,0.45,0.0,1.34,16.67,0.22,1.34,50.0,5.36,41.67,4.69,0.67,0.45,28.14,1.79,0.67,35.29,67.09,10.5,48.94,6.48,93.1,9.6,72.09,30.82,72.46,2.9,38.46,16.84,24.97,0.1,1.12,0.0,0.0,0.0,0.0,0.45,4.02,55.56,2.46,54.55,0.45,0.0,1.34,0.22,4.47,60.0,0,,0,,0,0.0,0.0,0.0,,,0.45,,,0.0,0.0,0.0,0.0,0,0.0
A. Dermanovic,Wieczysta Kraków,Wieczysta Kraków,RCB,23,0,,8,721,1,1.02,0,0.0,12.23,55.1,Serbia,Serbia,right,0,0,no,6.99,4.37,54.29,4.37,62.86,0.25,0.38,0.75,4.37,6.56,1.5,4,0.5,1,0.12,0.5,0.12,1,0.12,0.13,1,0.12,6,0.75,33.33,16.667,0.0,0.25,50.0,0.0,0.0,0.25,50.0,0.12,0.12,100.0,0.87,28.57,1.25,1.37,0.0,38.95,0.0,0.25,58.67,90.85,17.73,77.46,3.25,92.31,33.95,97.06,52.55,95.25,5.87,53.19,21.44,44.19,0.0,0.12,0.12,0.0,0.0,0.0,0.0,7.49,80.0,0.62,20.0,0.37,0.0,0.0,0.12,6.99,82.14,0,,0,,0,0.0,0.0,0.0,,,2.62,,,0.0,0.0,0.0,0.0,0,0.0
N. Dzięgielewski,Górnik Zabrze,Wieczysta Kraków,"LWF, LW, LAMF",21,0,2028-06-30,16,733,4,2.6,1,1.63,16.94,32.61,Poland,Poland,right,180,73,no,4.91,3.68,56.67,3.56,27.59,0.0,0.0,0.25,2.82,4.6,1.11,2,0.25,0,0.0,2.82,0.49,4,0.49,0.32,0,0.0,25,3.07,36.0,16.0,0.12,1.96,43.75,1.6,53.85,0.37,0.0,0.61,3.68,23.33,8.35,25.0,3.68,1.96,0.86,18.17,1.96,0.61,20.87,77.65,4.05,60.61,5.77,93.62,6.26,80.39,18.42,82.0,0.61,40.0,17.25,9.85,0.2,1.11,0.0,0.0,0.0,0.0,0.37,1.23,50.0,1.47,41.67,0.25,0.0,0.61,0.74,2.58,76.19,0,,0,,0,0.0,0.0,0.0,,,0.0,,,0.0,0.0,0.0,0.12,0,0.0
A. Mikułko,Wieczysta Kraków,Wieczysta Kraków,GK,21,0,2028-06-30,36,3480,0,0.0,0,0.36,0.62,79.17,Poland,Poland,left,189,77,no,1.14,0.05,50.0,0.34,84.62,0.03,0.04,0.0,1.09,1.63,0.03,2,0.05,0,0.0,0.0,0.0,0,0.0,0.0,0,0.0,0,0.0,0.0,0.0,0.0,0.0,0.0,0.0,0.0,0.0,0.0,0.0,0.0,0.0,0.08,66.67,0.0,0.03,0.0,11.35,0.21,0.18,17.25,83.96,8.95,70.23,0.0,0.0,7.34,98.94,10.55,98.04,6.7,61.78,31.3,47.63,0.01,0.03,0.03,0.0,0.0,0.0,0.03,2.22,47.67,0.08,0.0,0.16,50.0,0.03,0.0,4.89,77.78,50,1.29,167,4.32,9,70.06,50.7,1.31,0.7,0.018,0.0,1.24,0.34,,,,0.0,0,0.0
S. Feiertag,Wieczysta Kraków,Wieczysta Kraków,CF,24,0,2028-06-30,28,1758,17,13.24,3,2.43,22.83,39.46,Austria,Austria,right,188,76,no,2.66,1.64,59.38,8.45,37.58,0.05,0.08,0.36,1.64,2.43,1.59,3,0.15,0,0.0,2.05,0.87,17,0.87,0.68,4,0.2,61,3.12,52.46,27.869,0.15,0.2,25.0,0.2,25.0,0.0,0.0,0.0,0.67,53.85,7.58,41.22,5.48,0.15,0.05,9.83,1.89,3.17,11.67,69.3,2.35,43.48,2.76,85.19,3.43,68.66,10.85,70.28,0.61,66.67,14.2,10.81,0.12,1.13,0.0,0.0,0.1,0.0,0.46,0.97,57.89,0.92,66.67,0.05,0.0,1.23,0.05,1.13,68.18,0,,0,,0,0.0,0.0,0.0,,,0.05,,,0.0,0.0,0.0,0.0,0,0.0
Lisandro Semedo,Wieczysta Kraków,Wieczysta Kraków,"RAMF, RWF, LWF",30,0,2027-06-30,35,2363,11,8.03,9,6.17,16.68,44.06,Portugal,"Portugal, Cape Verde Islands",right,175,70,no,3.92,3.96,51.92,1.94,37.25,0.0,0.0,0.04,1.87,2.88,1.07,3,0.11,0,0.0,4.99,0.42,8,0.3,0.31,1,0.04,52,1.98,42.31,21.154,0.34,4.42,32.76,0.8,38.1,3.5,30.43,0.8,4.15,61.47,9.06,44.96,4.27,2.44,0.42,24.49,2.4,1.18,31.0,74.32,7.05,72.43,7.85,92.72,9.45,68.95,25.02,82.8,1.75,52.17,17.35,27.5,0.24,1.41,0.11,0.04,0.3,50.0,1.22,1.75,76.09,4.49,59.32,0.27,85.71,2.06,1.37,4.91,73.64,0,,0,,0,0.0,0.0,0.0,,,0.27,,,0.0,0.0,0.0,0.0,3,100.0
M. Trąbka,Tychy 71,Wieczysta Kraków,"RDMF, LWF, LDMF",29,0,2028-06-30,22,1113,0,1.25,0,0.94,17.87,39.37,Poland,Poland,right,173,67,no,6.06,4.61,68.42,2.43,33.33,0.24,0.38,0.16,2.67,4.13,0.97,1,0.08,0,0.0,1.78,0.0,0,0.0,0.1,0,0.0,11,0.89,27.27,0.0,0.0,1.29,43.75,0.81,40.0,0.49,50.0,0.49,1.62,45.0,7.92,25.51,2.43,2.35,0.4,29.92,0.81,0.4,43.91,86.74,11.73,74.48,9.62,96.64,15.93,91.37,40.27,90.16,2.35,51.72,16.38,23.92,0.08,0.57,0.16,0.0,0.4,60.0,0.4,5.42,76.12,2.67,60.61,0.49,50.0,0.97,0.57,4.85,81.67,0,,0,,0,0.0,0.0,0.0,,,0.32,,,0.08,0.08,0.0,0.24,0,0.0
P. Łysiak,,Tychy 71,"AMF, CF",30,0,,31,1230,7,3.4,1,1.21,20.34,39.21,Poland,Poland,left,180,75,no,5.34,5.49,60.0,3.59,30.61,0.0,0.0,0.07,2.05,3.15,1.54,2,0.15,0,0.0,3.07,0.51,7,0.51,0.25,1,0.07,31,2.27,54.84,22.581,0.07,1.39,26.32,0.88,16.67,0.37,60.0,0.29,2.71,51.35,8.2,31.25,4.68,1.39,0.07,16.32,1.61,0.29,23.56,74.84,7.24,61.62,6.0,97.56,5.41,70.27,21.0,80.84,1.24,29.41,15.44,14.41,0.09,0.66,0.07,0.0,0.07,100.0,0.15,2.05,67.86,1.61,50.0,0.07,100.0,1.02,0.29,2.05,67.86,0,,0,,0,0.0,0.0,0.0,,,0.0,,,0.73,0.07,0.0,1.61,0,0.0
K. Pestka,Wieczysta Kraków,Wieczysta Kraków,LB,27,0,2027-06-30,31,2636,1,1.5,3,2.9,16.22,54.53,Poland,Poland,left,187,76,no,9.25,6.01,67.05,4.2,49.59,0.2,0.31,0.34,5.02,7.71,0.89,6,0.2,0,0.0,2.56,0.03,1,0.03,0.05,1,0.03,20,0.68,25.0,5.0,0.1,4.13,35.54,3.99,35.9,0.14,25.0,0.61,1.37,67.5,4.06,43.7,1.67,1.98,0.24,37.35,1.33,0.82,49.03,78.06,20.38,71.69,7.1,94.71,14.17,80.48,41.11,84.88,4.1,49.17,19.61,39.63,0.1,0.82,0.07,0.03,0.03,0.0,0.65,7.68,73.33,4.13,43.8,0.51,26.67,0.75,1.4,10.38,70.72,0,,0,,0,0.0,0.0,0.0,,,0.61,,,0.0,0.0,0.0,0.44,0,0.0
F. Baniowski,NKP Podhale,Wisła Kraków,"RAMF, LAMF",19,0,2028-06-30,10,181,0,0.46,0,0.84,27.85,48.21,Poland,Poland,right,171,62,yes,5.47,7.46,53.33,2.49,20.0,0.0,0.0,0.0,1.49,3.1,1.99,1,0.5,0,0.0,9.45,0.0,0,0.0,0.23,0,0.0,4,1.99,25.0,0.0,0.0,8.45,23.53,2.49,40.0,5.97,16.67,0.0,10.44,66.67,16.41,54.55,4.97,2.49,1.49,13.92,0.99,1.49,23.37,55.32,3.48,42.86,5.47,72.73,4.97,90.0,14.42,72.41,0.5,100.0,23.94,3.85,0.42,2.49,0.0,0.0,0.0,0.0,0.99,1.49,66.67,3.48,85.71,0.0,0.0,1.99,1.99,4.48,77.78,0,,0,,0,0.0,0.0,0.0,,,0.5,,,0.0,0.0,0.0,0.0,0,0.0
D. Barnowski,Znicz Pruszków,Pogoń Grod. Mazowiecki,"RWB, LB, LWB",24,0,2027-06-30,19,543,1,0.56,0,0.35,22.04,45.11,Poland,Poland,right,182,77,no,7.79,7.79,65.96,2.82,52.94,0.0,0.0,0.33,2.65,4.36,1.82,2,0.33,0,0.0,1.66,0.17,1,0.17,0.09,0,0.0,6,0.99,33.33,16.667,0.0,1.99,8.33,0.5,0.0,1.49,11.11,0.0,3.15,36.84,9.94,28.33,2.15,1.16,0.0,15.91,0.99,0.5,24.53,77.7,6.63,67.5,5.3,96.88,5.14,67.74,21.22,84.38,1.49,66.67,15.01,12.16,0.06,0.99,0.0,0.0,0.17,0.0,0.0,2.32,85.71,1.99,50.0,0.33,50.0,0.99,0.17,4.31,69.23,0,,0,,0,0.0,0.0,0.0,,,0.0,,,0.0,0.0,0.0,0.0,0,0.0
J. Staniszewski,Arka Gdynia,Pogoń Grod. Mazowiecki,"LCMF, RCMF",21,0,2027-06-30,15,802,0,0.3,0,0.03,9.76,43.68,Poland,Poland,right,178,77,no,8.42,3.93,62.86,2.58,39.13,0.22,0.26,0.56,5.72,6.74,0.11,0,0.0,0,0.0,0.45,0.0,0,0.0,0.03,0,0.0,7,0.79,14.29,0.0,0.0,0.11,100.0,0.11,100.0,0.0,0.0,0.0,1.12,20.0,1.91,29.41,0.22,0.45,0.0,16.83,0.11,0.45,26.71,86.13,6.06,70.37,5.5,93.88,11.9,94.34,25.36,87.17,1.23,63.64,18.53,9.49,0.0,0.22,0.0,0.0,0.0,0.0,0.11,2.13,73.68,0.34,66.67,0.0,0.0,0.11,0.11,2.92,50.0,0,,0,,0,0.0,0.0,0.0,,,0.67,,,0.0,0.0,0.0,0.0,0,0.0
