Player,Team,Team within selected timeframe,Position,Age,Market value,Contract expires,Matches played,Minutes played,Goals,xG,Assists,xA,Duels per 90,"Duels won, %",Birth country,Passport country,Foot,Height,Weight,On loan,Successful defensive actions per 90,Defensive duels per 90,"Defensive duels won, %",Aerial duels per 90,"Aerial duels won, %",Sliding tackles per 90,PAdj Sliding tackles,Shots blocked per 90,Interceptions per 90,PAdj Interceptions,Fouls per 90,Yellow cards,Yellow cards per 90,Red cards,Red cards per 90,Successful attacking actions per 90,Goals per 90,Non-penalty goals,Non-penalty goals per 90,xG per 90,Head goals,Head goals per 90,Shots,Shots per 90,"Shots on target, %","Goal conversion, %",Assists per 90,Crosses per 90,"Accurate crosses, %",Crosses from left flank per 90,"Accurate crosses from left flank, %",Crosses from right flank per 90,"Accurate crosses from right flank, %",Crosses to goalie box per 90,Dribbles per 90,"Successful dribbles, %",Offensive duels per 90,"Offensive duels won, %",Touches in box per 90,Progressive runs per 90,Accelerations per 90,Received passes per 90,Received long passes per 90,Fouls suffered per 90,Passes per 90,"Accurate passes, %",Forward passes per 90,"Accurate forward passes, %",Back passes per 90,"Accurate back passes, %",Lateral passes per 90,"Accurate lateral passes, %",Short / medium passes per 90,"Accurate short / medium passes, %",Long passes per 90,"Accurate long passes, %","Average pass length, m","Average long pass length, m",xA per 90,Shot assists per 90,Second assists per 90,Third assists per 90,Smart passes per 90,"Accurate smart passes, %",Key passes per 90,Passes to final third per 90,"Accurate passes to final third, %",Passes to penalty area per 90,"Accurate passes to penalty area, %",Through passes per 90,"Accurate through passes, %",Deep completions per 90,Deep completed crosses per 90,Progressive passes per 90,"Accurate progressive passes, %",Conceded goals,Conceded goals per 90,Shots against,Shots against per 90,Clean sheets,"Save rate, %",xG against,xG against per 90,Prevented goals,Prevented goals per 90,Back passes received as GK per 90,Exits per 90,Aerial duels per 90.1,Free kicks per 90,Direct free kicks per 90,"Direct free kicks on target, %",Corners per 90,Penalties taken,"Penalty conversion, %"
O. Dorley,Slavia Praha,Slavia Praha,"LCMF, RCMF",27,8500000,2027-06-30,29,2729,4,2.34,0,0.91,12.7,50.13,Liberia,Liberia,left,174,66,no,6.53,4.39,63.91,2.44,43.24,0.36,0.64,0.2,3.36,5.91,0.92,5,0.16,1,0.03,1.09,0.13,4,0.13,0.08,1,0.03,16,0.53,50.0,25.0,0.0,0.69,33.33,0.49,33.33,0.2,33.33,0.13,0.73,77.27,3.33,47.52,0.56,1.39,0.07,23.18,0.4,0.76,36.28,84.09,14.05,73.71,3.99,95.04,12.73,91.19,30.64,90.74,4.95,50.0,18.67,31.22,0.03,0.46,0.03,0.1,0.1,33.33,0.16,6.6,75.0,1.71,55.77,0.4,25.0,0.69,0.23,5.97,80.66,0,,0,,0,0.0,0.0,0.0,,,0.82,,,0.0,0.0,0.0,0.0,0,0.0
M. Jurásek,Norwich City,Slavia Praha,"RWF, LWF, LAMF",22,8000000,2030-06-30,14,539,1,1.02,2,1.07,22.71,43.38,Czech Republic,Czech Republic,left,181,73,no,5.01,3.84,60.87,2.0,25.0,0.0,0.0,0.17,2.67,5.11,0.83,0,0.0,0,0.0,6.01,0.17,1,0.17,0.17,0,0.0,18,3.01,16.67,5.556,0.33,5.01,46.67,4.01,45.83,1.0,50.0,0.83,5.18,58.06,14.36,40.7,2.84,1.84,0.33,23.88,1.5,1.17,35.23,79.15,8.85,71.7,8.01,93.75,9.85,79.66,28.05,85.12,2.34,78.57,16.7,21.16,0.18,1.84,0.17,0.0,0.17,100.0,1.0,2.67,93.75,5.68,61.76,0.67,50.0,1.5,2.5,6.85,82.93,0,,0,,0,0.0,0.0,0.0,,,0.17,,,0.67,0.0,0.0,0.83,0,0.0
C. Zafeiris,PAOK,Slavia Praha,"RCMF, LCMF",23,7000000,2029-12-31,30,2433,5,3.39,2,3.51,15.94,48.49,Greece,"Greece, Norway",right,173,75,no,5.84,5.55,62.67,2.15,41.38,0.18,0.33,0.04,2.18,3.92,1.18,4,0.15,0,0.0,2.26,0.18,5,0.18,0.13,0,0.0,45,1.66,24.44,11.111,0.07,2.22,31.67,0.92,28.0,1.29,34.29,0.48,2.4,46.15,6.1,38.79,2.26,1.07,0.55,22.31,0.67,0.81,35.07,79.64,12.5,71.89,6.14,94.58,10.02,81.55,28.71,87.37,4.18,51.33,18.08,31.91,0.13,1.29,0.0,0.0,0.18,20.0,0.33,5.51,65.1,2.89,53.85,0.44,25.0,1.33,0.67,5.47,75.68,0,,0,,0,0.0,0.0,0.0,,,0.52,,,0.89,0.18,20.0,2.07,0,0.0
P. Šulc,Olympique Lyonnais,Viktoria Plzeň,"LWF, AMF, RCMF",25,6000000,2029-06-30,35,3263,15,13.34,8,6.53,18.7,43.81,Czech Republic,Czech Republic,right,175,67,no,6.07,4.28,58.71,3.83,43.17,0.22,0.34,0.08,3.34,5.15,0.77,0,0.0,0,0.0,3.7,0.41,11,0.3,0.37,2,0.06,77,2.12,46.75,19.481,0.22,2.12,46.75,0.74,48.15,1.38,46.0,0.33,2.9,53.33,7.92,38.33,4.08,2.54,1.08,22.84,1.65,0.8,33.13,73.77,10.95,61.96,6.95,92.46,8.03,75.26,28.19,78.77,2.87,44.23,16.71,28.42,0.18,1.3,0.08,0.06,0.36,46.15,0.91,4.16,58.28,3.28,57.98,0.8,37.93,1.85,0.83,4.83,78.29,0,,0,,0,0.0,0.0,0.0,,,0.22,,,0.14,0.0,0.0,0.11,5,80.0
J. Kuchta,Sparta Praha,Sparta Praha,CF,29,5000000,2028-06-30,17,1424,7,7.92,0,0.81,13.46,37.56,Czech Republic,Czech Republic,right,185,81,no,2.21,1.58,52.0,3.41,48.15,0.0,0.0,0.06,1.39,2.51,0.63,2,0.13,0,0.0,2.65,0.44,7,0.44,0.5,1,0.06,43,2.72,65.12,16.279,0.0,1.07,23.53,0.44,28.57,0.63,20.0,0.06,0.88,64.29,5.44,33.72,4.49,0.82,0.06,12.77,1.71,1.14,15.23,70.12,3.22,54.9,3.6,91.23,4.68,67.57,13.65,74.54,0.63,50.0,15.37,19.49,0.05,0.7,0.06,0.0,0.13,50.0,0.13,1.39,63.64,1.07,35.29,0.13,50.0,0.51,0.19,1.26,65.0,0,,0,,0,0.0,0.0,0.0,,,0.06,,,0.0,0.0,0.0,0.0,0,0.0
R. Hranáč,Hoffenheim,Viktoria Plzeň,CB,26,5000000,2028-06-30,5,465,0,0.11,0,0.0,12.77,53.03,Czech Republic,Czech Republic,right,190,77,no,6.58,3.48,72.22,4.26,59.09,0.0,0.0,0.39,4.06,7.08,0.77,0,0.0,0,0.0,0.0,0.0,0,0.0,0.02,0,0.0,1,0.19,0.0,0.0,0.0,0.0,0.0,0.0,0.0,0.0,0.0,0.0,0.39,0.0,2.52,30.77,0.77,2.32,0.39,34.45,0.0,0.58,51.48,92.48,12.0,82.26,4.45,95.65,31.94,96.97,48.0,95.16,3.48,55.56,21.75,32.88,0.0,0.19,0.0,0.0,0.0,0.0,0.0,3.29,76.47,0.19,0.0,0.19,0.0,0.0,0.0,4.65,66.67,0,,0,,0,0.0,0.0,0.0,,,2.9,,,0.0,0.0,0.0,0.0,0,0.0
O. Lingr,Houston Dynamo,Slavia Praha,"RWF, AMF",27,3500000,2028-06-30,16,723,1,4.59,0,1.02,25.15,46.53,Czech Republic,Czech Republic,right,175,70,no,5.23,5.23,71.43,4.61,64.86,0.12,0.24,0.0,1.37,2.62,1.12,2,0.25,0,0.0,3.98,0.12,1,0.12,0.57,0,0.0,24,2.99,50.0,4.167,0.0,2.86,39.13,0.75,66.67,2.12,29.41,0.62,1.99,62.5,10.21,29.27,6.35,0.75,0.12,20.41,2.99,1.24,30.12,80.17,6.6,79.25,7.22,96.55,11.08,77.53,25.89,88.46,1.62,15.38,16.89,16.74,0.13,1.62,0.0,0.12,0.12,100.0,0.25,3.61,68.97,2.61,66.67,0.12,100.0,1.37,1.0,2.99,83.33,0,,0,,0,0.0,0.0,0.0,,,0.25,,,0.0,0.0,0.0,1.0,0,0.0
T. Chorý,Slavia Praha,Slavia Praha,CF,31,3200000,2027-06-30,32,2287,14,16.18,4,2.69,27.86,41.24,Czech Republic,Czech Republic,right,199,101,no,3.58,3.03,55.84,8.62,57.08,0.12,0.21,0.04,1.77,3.18,1.93,6,0.24,0,0.0,2.48,0.55,8,0.31,0.64,1,0.04,71,2.79,50.7,19.718,0.16,1.06,29.63,0.28,28.57,0.79,30.0,0.08,1.18,56.67,9.68,23.58,5.35,0.71,0.16,12.28,2.75,1.42,19.13,73.05,4.33,58.18,5.35,83.82,4.33,66.36,17.39,76.7,0.83,52.38,14.2,19.9,0.11,0.94,0.04,0.04,0.16,50.0,0.55,1.85,51.06,1.42,38.89,0.2,20.0,1.38,0.2,1.81,76.09,0,,0,,0,0.0,0.0,0.0,,,0.0,,,0.0,0.0,0.0,0.0,6,100.0
M. Ryneš,Sparta Praha,Sparta Praha,"LWB, LB",25,3000000,2027-06-30,22,1558,1,1.33,2,3.13,16.0,46.93,Czech Republic,Czech Republic,left,186,82,no,6.24,4.56,60.76,2.66,58.7,0.23,0.4,0.17,3.23,5.58,0.92,4,0.23,0,0.0,3.47,0.06,1,0.06,0.08,0,0.0,19,1.1,10.53,5.263,0.12,4.79,44.58,4.74,43.9,0.06,100.0,0.58,2.6,44.44,6.64,33.91,1.91,1.5,0.4,33.79,1.33,0.98,44.48,80.91,13.23,71.18,8.9,98.7,15.83,81.39,34.49,90.45,5.26,50.55,21.67,33.75,0.18,1.5,0.0,0.0,0.06,100.0,0.92,6.53,63.72,4.62,61.25,0.58,70.0,1.04,2.2,9.13,87.34,0,,0,,0,0.0,0.0,0.0,,,0.58,,,0.23,0.0,0.0,0.29,0,0.0
D. Douděra,Slavia Praha,Slavia Praha,RWB,28,3000000,2028-06-30,31,2812,2,3.5,3,7.03,11.87,47.44,Czech Republic,Czech Republic,right,175,66,no,6.72,4.51,65.25,1.22,26.32,0.45,0.79,0.06,3.33,5.9,0.96,8,0.26,0,0.0,3.23,0.06,2,0.06,0.11,0,0.0,42,1.34,23.81,4.762,0.1,5.18,41.98,0.1,33.33,5.09,42.14,0.74,1.66,42.31,4.38,37.96,2.43,1.31,0.13,27.97,2.5,1.06,39.11,72.59,13.95,63.99,7.36,91.3,11.68,71.51,27.3,83.7,6.95,51.15,21.24,37.26,0.22,1.6,0.1,0.0,0.06,50.0,0.9,6.43,59.7,5.6,53.14,0.67,52.38,1.47,1.95,10.91,80.35,0,,0,,0,0.0,0.0,0.0,,,0.83,,,0.06,0.0,0.0,0.77,0,0.0
C. Wallem,St. Louis City ,Slavia Praha,"RWB, LWB, LWF",26,3000000,2029-06-30,6,81,1,0.19,0,0.34,12.22,54.55,Norway,Norway,right,180,73,no,8.89,4.44,50.0,2.22,50.0,0.0,0.0,0.0,6.67,20.0,1.11,1,1.11,0,0.0,3.33,1.11,1,1.11,0.21,1,1.11,2,2.22,50.0,50.0,0.0,2.22,50.0,0.0,0.0,2.22,50.0,1.11,1.11,100.0,4.44,50.0,1.11,3.33,0.0,24.44,2.22,1.11,32.22,86.21,5.56,100.0,12.22,81.82,4.44,75.0,30.0,88.89,0.0,0.0,8.99,0.0,0.38,2.22,0.0,0.0,0.0,0.0,1.11,1.11,100.0,4.44,75.0,0.0,0.0,2.22,1.11,4.44,100.0,0,,0,,0,0.0,0.0,0.0,,,0.0,,,0.0,0.0,0.0,2.22,0,0.0
S. Marković,Slovan Bratislava,Viktoria Plzeň,CB,26,3000000,2030-06-30,17,1598,1,0.49,0,0.0,15.54,62.68,Bosnia and Herzegovina,"Bosnia and Herzegovina, Serbia",right,186,78,no,8.17,6.2,76.36,5.35,56.84,0.23,0.36,0.34,3.21,5.17,1.01,4,0.23,0,0.0,0.23,0.06,1,0.06,0.03,0,0.0,5,0.28,40.0,20.0,0.0,0.17,0.0,0.06,0.0,0.06,0.0,0.11,0.17,66.67,1.97,42.86,0.51,0.06,0.0,22.08,0.23,1.01,36.21,86.63,10.08,64.8,2.14,97.37,21.68,95.32,32.27,91.8,3.77,46.27,22.36,39.44,0.0,0.0,0.0,0.06,0.0,0.0,0.0,3.1,54.55,0.62,27.27,0.17,0.0,0.34,0.0,4.96,55.68,0,,0,,0,0.0,0.0,0.0,,,1.75,,,0.0,0.0,0.0,0.0,0,0.0
Q. Laçi,Rizespor,Sparta Praha,"LCMF, RCMF",30,2500000,2028-06-30,31,2184,3,4.21,5,4.98,14.51,51.42,Albania,"Albania, Greece",right,175,70,no,6.55,5.4,64.89,1.85,48.89,0.04,0.07,0.25,3.01,5.14,1.11,2,0.08,0,0.0,2.84,0.12,3,0.12,0.17,0,0.0,52,2.14,23.08,5.769,0.21,2.35,42.11,1.2,51.72,1.07,26.92,0.33,1.9,56.52,5.11,41.13,1.48,1.15,0.45,33.05,0.58,0.87,44.92,82.29,13.56,71.12,7.01,94.71,17.51,86.12,37.79,88.55,4.82,52.99,19.14,33.53,0.21,1.73,0.0,0.0,0.49,58.33,0.62,7.66,68.82,4.99,57.02,1.11,29.63,1.94,1.03,8.2,85.93,0,,0,,0,0.0,0.0,0.0,,,1.03,,,0.91,0.08,50.0,2.23,0,0.0
F. Panák,Sparta Praha II,Sparta Praha,CB,30,2500000,,30,2761,2,2.71,2,1.13,16.75,64.4,Czech Republic,Czech Republic,right,188,78,no,9.09,4.17,80.47,7.11,59.17,0.13,0.22,0.65,5.61,9.43,0.55,3,0.1,0,0.0,0.72,0.07,2,0.07,0.09,1,0.03,18,0.59,27.78,11.111,0.07,0.16,60.0,0.0,0.0,0.16,60.0,0.0,0.65,65.0,2.51,54.55,0.72,0.98,0.07,29.34,0.2,1.24,45.64,88.5,16.33,77.25,2.41,93.24,21.87,96.13,41.04,91.66,4.43,60.29,20.97,38.99,0.04,0.2,0.07,0.03,0.16,20.0,0.16,5.8,74.72,0.42,38.46,0.29,22.22,0.13,0.13,8.15,75.2,0,,0,,0,0.0,0.0,0.0,,,1.53,,,0.0,0.0,0.0,0.0,0,0.0
M. Solbakken,AGF,Sparta Praha,"LCMF, DMF, RCMF",25,2300000,2028-06-30,13,632,1,0.62,1,0.85,10.97,49.35,Norway,Norway,right,182,70,no,6.27,3.56,68.0,3.7,30.77,0.28,0.58,0.71,3.56,7.28,0.85,1,0.14,0,0.0,0.85,0.14,1,0.14,0.09,1,0.14,6,0.85,16.67,16.667,0.14,1.0,42.86,0.28,50.0,0.71,40.0,0.0,0.57,50.0,1.71,41.67,1.14,1.14,0.28,36.17,0.28,0.28,47.56,91.02,15.09,82.08,9.26,96.92,16.52,95.69,44.57,93.29,1.99,64.29,16.1,14.09,0.12,1.14,0.0,0.0,0.0,0.0,0.43,5.98,76.19,1.99,50.0,0.0,0.0,0.85,0.43,4.84,85.29,0,,0,,0,0.0,0.0,0.0,,,1.28,,,0.14,0.0,0.0,0.43,0,0.0
L. Kalvach,Qatar SC,Viktoria Plzeň,"LCMF, RCMF, DMF",30,2300000,2027-06-30,33,3107,5,2.78,9,7.73,13.04,51.78,Czech Republic,Czech Republic,right,183,77,no,9.67,5.59,58.55,2.0,52.17,0.41,0.63,0.29,6.0,9.28,1.42,3,0.09,0,0.0,1.71,0.14,5,0.14,0.08,0,0.0,37,1.07,27.03,13.514,0.26,1.82,38.1,0.67,34.78,1.16,40.0,0.26,0.98,64.71,2.95,44.12,1.13,0.72,0.0,30.13,0.43,0.87,45.74,84.17,18.31,76.11,6.89,96.64,13.04,88.44,39.05,90.28,4.92,52.35,16.95,35.41,0.22,1.59,0.12,0.03,0.12,75.0,0.32,7.15,74.09,3.33,52.17,0.61,38.1,1.33,0.7,7.94,82.48,0,,0,,0,0.0,0.0,0.0,,,0.49,,,1.56,0.03,0.0,4.63,0,0.0
L. Sadílek,Górnik Zabrze,Sparta Praha,"LCMF, RCMF",30,2000000,2029-06-30,32,2260,3,1.85,1,4.31,12.07,51.82,Czech Republic,Czech Republic,right,178,74,no,7.65,6.17,62.58,1.47,48.65,0.28,0.48,0.16,3.5,6.06,0.84,2,0.08,0,0.0,1.51,0.12,3,0.12,0.07,0,0.0,17,0.68,47.06,17.647,0.04,2.31,39.66,0.92,43.48,1.35,38.24,0.24,0.8,30.0,2.63,28.79,2.23,0.84,0.16,23.73,0.72,0.72,33.29,81.7,9.08,65.79,7.21,95.58,11.39,86.36,29.11,87.82,1.95,36.73,17.93,27.62,0.17,1.39,0.12,0.04,0.08,50.0,0.52,3.58,62.22,2.47,56.45,0.16,25.0,1.27,0.84,4.9,76.42,0,,0,,0,0.0,0.0,0.0,,,0.84,,,0.0,0.0,0.0,0.04,0,0.0
P. Ševčík,Zbrojovka Brno,Jablonec,"LCMF, RCMF, AMF",32,2000000,,17,834,2,0.46,1,1.5,12.95,46.67,Czech Republic,Czech Republic,right,172,66,no,5.72,3.35,64.52,2.05,47.37,0.22,0.33,0.22,3.35,5.08,0.43,0,0.0,0,0.0,2.16,0.22,2,0.22,0.05,0,0.0,5,0.54,80.0,40.0,0.11,2.7,36.0,0.97,44.44,1.73,31.25,0.32,1.4,46.15,5.61,36.54,2.05,1.83,0.0,31.83,1.29,1.08,44.03,81.62,12.09,70.54,9.17,96.47,14.89,85.51,37.23,86.67,4.1,65.79,17.25,27.27,0.16,1.51,0.0,0.0,0.11,100.0,0.11,5.4,74.0,3.45,59.38,0.65,83.33,1.29,0.97,8.2,71.05,0,,0,,0,0.0,0.0,0.0,,,0.54,,,1.51,0.11,100.0,2.59,0,0.0
V. Jurečka,Baník Ostrava,Slavia Praha,"AMF, LWF, RAMF",32,1700000,2027-06-30,2,173,1,1.48,0,0.14,11.97,47.83,Czech Republic,Czech Republic,right,182,76,no,2.6,2.6,80.0,4.16,37.5,0.0,0.0,0.0,0.52,0.97,1.04,0,0.0,0,0.0,3.12,0.52,0,0.0,0.77,0,0.0,7,3.64,57.14,14.286,0.0,1.04,0.0,0.0,0.0,1.04,0.0,0.0,1.56,66.67,4.16,50.0,5.2,2.08,0.0,16.65,4.16,0.52,19.77,81.58,5.72,72.73,4.68,100.0,4.16,87.5,17.69,88.24,1.04,50.0,15.36,38.35,0.07,1.56,0.0,0.0,0.0,0.0,0.0,0.52,100.0,1.56,66.67,0.0,0.0,0.52,0.0,2.08,25.0,0,,0,,0,0.0,0.0,0.0,,,0.0,,,0.0,0.0,0.0,0.0,1,100.0
M. Havlík,Slovácko,Slovácko,"AMF, LDMF, RCMF",31,1700000,2029-06-30,35,3059,5,3.4,1,3.61,11.86,50.62,Czech Republic,Czech Republic,left,176,72,no,7.03,5.0,58.82,2.59,37.5,0.15,0.2,0.12,3.94,5.35,0.76,4,0.12,0,0.0,1.41,0.15,4,0.12,0.1,0,0.0,45,1.32,35.56,11.111,0.03,1.47,42.0,0.68,43.48,0.79,40.74,0.29,0.56,42.11,2.38,45.68,0.76,0.44,0.12,18.95,0.47,0.85,31.16,78.47,11.83,65.42,4.88,96.39,9.59,85.28,25.24,85.55,4.5,50.98,18.68,29.8,0.11,0.97,0.09,0.0,0.12,75.0,0.32,5.41,63.04,2.27,44.16,0.53,44.44,0.68,0.59,5.97,71.43,0,,0,,0,0.0,0.0,0.0,,,0.29,,,1.21,0.09,100.0,1.41,2,50.0
M. Tomič,Spartak Trnava,Karviná,"RB, RWB, LW",27,1300000,2028-06-30,8,537,2,1.09,0,1.28,17.6,48.57,Slovakia,Slovakia,right,182,77,no,9.05,5.53,57.58,3.69,50.0,0.34,0.53,0.67,5.53,8.76,2.18,1,0.17,1,0.17,3.85,0.34,2,0.34,0.18,1,0.17,9,1.51,66.67,22.222,0.0,3.02,33.33,0.5,0.0,2.51,40.0,0.84,2.51,73.33,4.69,57.14,1.34,1.51,0.67,23.97,1.51,1.68,32.35,75.13,13.74,73.17,5.87,88.57,8.72,67.31,25.47,84.21,4.36,46.15,18.28,25.85,0.22,1.01,0.0,0.0,0.0,0.0,0.17,4.69,82.14,2.68,37.5,0.67,50.0,0.17,1.17,8.72,75.0,0,,0,,0,0.0,0.0,0.0,,,0.84,,,0.17,0.17,0.0,0.0,0,0.0
D. Fila,Venezia,Slavia Praha,"CF, AMF",23,1300000,2029-06-30,4,224,1,0.65,0,0.21,26.12,30.77,Czech Republic,Czech Republic,left,190,85,no,4.02,2.81,85.71,4.82,25.0,0.4,0.7,0.0,1.21,2.09,1.21,0,0.0,0,0.0,1.61,0.4,1,0.4,0.26,0,0.0,4,1.61,25.0,25.0,0.0,1.61,0.0,1.61,0.0,0.0,0.0,0.4,2.01,60.0,12.46,25.81,5.63,1.21,0.0,9.24,1.21,1.21,11.65,72.41,0.8,50.0,4.02,100.0,4.82,58.33,10.04,84.0,0.0,0.0,16.06,0.0,0.09,0.8,0.0,0.0,0.0,0.0,0.4,0.8,100.0,0.4,0.0,0.0,0.0,0.8,0.0,1.21,33.33,0,,0,,0,0.0,0.0,0.0,,,0.0,,,0.0,0.0,0.0,0.0,0,0.0
Imanol García de Albéniz,Eibar,Sparta Praha,LWB,26,1200000,2029-06-30,1,22,0,0.0,0,0.03,,,Spain,Spain,left,177,63,no,,,,,,,0.0,,,0.0,,0,,0,,,,0,,,0,,0,,,0.0,,,,,,,,,,,,,,,,,,,,,,,,,,,,,,,21.51,46.39,,,,,,,,,,,,,,,,,,0,,0,,0,0.0,0.0,,,,,,,,,,,0,0.0
J. Zelený,Sparta Praha,Sparta Praha,"LCB, LWB",33,1200000,2027-06-30,29,2306,2,1.02,2,0.91,12.33,58.86,Czech Republic,Czech Republic,left,190,81,no,6.48,3.71,68.42,4.18,60.75,0.2,0.35,0.16,3.75,6.7,0.74,4,0.16,0,0.0,0.86,0.08,2,0.08,0.04,2,0.08,11,0.43,45.45,18.182,0.08,0.66,47.06,0.59,46.67,0.08,50.0,0.12,0.78,35.0,2.46,44.44,1.68,1.99,0.04,36.14,0.82,0.9,49.53,85.11,19.63,75.35,6.44,93.94,17.29,93.23,43.63,89.45,5.23,53.73,19.63,37.47,0.04,0.66,0.0,0.04,0.08,100.0,0.23,8.0,72.2,1.64,50.0,0.51,46.15,0.86,0.35,10.46,79.1,0,,0,,0,0.0,0.0,0.0,,,1.37,,,0.0,0.0,0.0,0.0,0,0.0
A. Mandous,Pardubice,Mladá Boleslav,GK,34,1200000,2028-06-30,13,1249,0,0.22,0,0.0,0.86,66.67,Czech Republic,Czech Republic,left,188,85,no,1.8,0.07,0.0,0.43,83.33,0.0,0.0,0.0,1.8,2.68,0.0,2,0.14,0,0.0,0.0,0.0,0,0.0,0.02,0,0.0,1,0.07,0.0,0.0,0.0,0.0,0.0,0.0,0.0,0.0,0.0,0.0,0.0,0.0,0.22,100.0,0.07,0.0,0.0,17.65,0.29,0.22,26.59,91.33,11.17,81.94,0.0,0.0,14.56,99.01,19.67,98.9,6.85,70.53,27.85,45.16,0.0,0.0,0.0,0.0,0.0,0.0,0.0,1.87,57.69,0.0,0.0,0.22,66.67,0.0,0.0,4.9,75.0,23,1.66,73,5.26,1,68.49,26.0,1.87,3.0,0.216,0.0,1.08,0.43,,,,0.0,0,0.0
L. Masopust,Slovan Liberec,Slovan Liberec,"AMF, RWF, RCB",33,1200000,2028-06-30,9,632,1,1.3,0,0.13,20.08,47.52,Czech Republic,Czech Republic,right,179,76,no,7.55,6.27,63.64,1.99,28.57,0.85,1.23,0.28,2.71,3.9,2.56,2,0.28,0,0.0,2.99,0.14,1,0.14,0.18,1,0.14,8,1.14,62.5,12.5,0.0,3.84,33.33,1.0,42.86,2.85,30.0,1.0,0.71,100.0,6.98,38.78,2.42,0.71,0.14,21.65,0.85,1.85,32.75,75.65,11.11,69.23,6.55,89.13,8.54,78.33,25.92,82.97,3.42,66.67,17.25,27.86,0.02,0.57,0.0,0.0,0.57,50.0,0.14,4.56,78.13,3.99,50.0,0.57,50.0,0.85,1.14,7.12,80.0,0,,0,,0,0.0,0.0,0.0,,,0.71,,,0.57,0.0,0.0,1.71,0,0.0
D. Buchta,Baník Ostrava,Baník Ostrava,"RWB, RB, RAMF",27,1200000,2027-06-30,34,2755,6,5.44,0,0.47,10.19,49.68,Czech Republic,Czech Republic,right,184,71,no,5.06,3.46,61.32,1.14,28.57,0.1,0.14,0.23,2.84,4.07,0.36,3,0.1,1,0.03,2.42,0.2,5,0.16,0.18,0,0.0,45,1.47,31.11,13.333,0.0,2.16,33.33,0.07,50.0,2.09,32.81,0.59,2.06,58.73,4.25,46.92,2.19,1.14,0.1,22.08,1.44,0.52,31.03,79.05,10.75,75.08,6.3,91.71,7.42,74.45,26.79,84.02,2.16,62.12,16.26,23.4,0.02,0.23,0.03,0.03,0.07,50.0,0.13,3.63,76.58,2.32,60.56,0.03,100.0,0.69,0.78,6.47,76.77,0,,0,,0,0.0,0.0,0.0,,,0.69,,,0.1,0.03,100.0,0.16,1,100.0
Ewerton,Pyramids,Baník Ostrava,"LWF, LW, LAMF",29,1200000,2029-06-30,27,2211,13,10.4,4,4.39,14.29,40.46,Brazil,Brazil,right,175,68,no,3.22,1.83,66.67,0.9,13.64,0.12,0.18,0.0,1.87,2.81,0.28,1,0.04,0,0.0,5.01,0.53,10,0.41,0.42,0,0.0,68,2.77,48.53,19.118,0.16,1.99,32.65,1.34,39.39,0.65,18.75,0.08,4.97,57.38,10.01,39.02,4.19,3.95,0.85,28.41,1.83,0.85,37.77,85.13,7.98,81.12,8.91,94.98,12.99,86.21,33.46,88.69,2.44,76.67,16.75,33.17,0.18,2.12,0.04,0.04,0.37,44.44,0.73,3.13,72.73,2.97,71.23,0.28,42.86,2.4,0.61,4.97,87.7,0,,0,,0,0.0,0.0,0.0,,,0.16,,,0.49,0.12,0.0,3.26,5,60.0
M. Kofod Andersen,Sparta Praha,Sparta Praha,"RCMF, LCMF",27,1200000,2028-06-30,9,375,0,0.39,0,0.39,16.08,49.25,Denmark,Denmark,right,170,64,no,7.44,4.56,52.63,2.16,33.33,0.24,0.46,0.24,4.8,9.23,0.72,0,0.0,0,0.0,2.16,0.0,0,0.0,0.09,0,0.0,5,1.2,0.0,0.0,0.0,1.68,14.29,1.44,16.67,0.24,0.0,0.72,2.88,66.67,6.48,59.26,4.32,0.72,0.24,20.88,0.48,0.96,33.6,80.0,10.56,63.64,8.64,97.22,8.88,81.08,30.24,85.71,1.68,42.86,15.49,17.09,0.09,1.44,0.0,0.0,0.48,0.0,0.0,4.56,63.16,2.4,20.0,0.96,0.0,0.48,0.24,3.84,81.25,0,,0,,0,0.0,0.0,0.0,,,0.96,,,0.48,0.0,0.0,2.4,0,0.0
V. Olatunji,Real Salt Lake,Sparta Praha,CF,26,1200000,2028-06-30,26,1175,7,5.42,0,0.96,24.89,31.69,Nigeria,Nigeria,right,193,84,no,3.68,2.91,57.89,7.66,37.0,0.0,0.0,0.08,1.99,3.28,2.14,8,0.61,0,0.0,1.76,0.54,7,0.54,0.42,1,0.08,42,3.22,30.95,16.667,0.0,0.92,33.33,0.38,40.0,0.54,28.57,0.08,1.84,25.0,9.11,20.17,4.67,1.15,0.15,9.27,1.69,1.07,12.33,68.94,2.53,63.64,1.76,95.65,5.44,64.79,10.72,72.14,0.84,63.64,19.83,15.56,0.07,0.38,0.0,0.0,0.0,0.0,0.15,1.53,65.0,1.0,46.15,0.0,0.0,0.54,0.23,1.61,76.19,0,,0,,0,0.0,0.0,0.0,,,0.0,,,0.0,0.0,0.0,0.0,0,0.0
R. Krollis,Slovan Liberec,Slovan Liberec,CF,24,1200000,2028-06-30,11,789,6,4.57,0,0.16,22.24,34.87,Latvia,Latvia,left,186,80,no,2.97,2.74,54.17,5.59,30.61,0.34,0.56,0.0,1.14,1.85,1.6,1,0.11,0,0.0,2.51,0.68,6,0.68,0.52,0,0.0,20,2.28,55.0,30.0,0.0,1.03,22.22,0.68,16.67,0.34,33.33,0.0,1.71,60.0,8.56,32.0,2.85,0.91,0.11,10.38,2.28,1.37,13.92,74.59,2.85,72.0,3.65,93.75,3.42,66.67,12.89,78.76,0.0,0.0,14.08,0.0,0.02,0.23,0.0,0.11,0.11,0.0,0.11,1.37,83.33,1.03,44.44,0.11,0.0,0.57,0.23,1.25,63.64,0,,0,,0,0.0,0.0,0.0,,,0.23,,,0.0,0.0,0.0,0.0,0,0.0
V. Jemelka,Viktoria Plzeň,Viktoria Plzeň,LCB,31,1200000,2028-06-30,31,2886,2,1.41,0,0.85,15.03,61.41,Czech Republic,Czech Republic,left,187,81,no,10.04,6.46,72.95,4.55,57.53,0.53,0.83,0.34,4.8,7.48,0.94,8,0.25,0,0.0,1.12,0.06,2,0.06,0.04,2,0.06,11,0.34,27.27,18.182,0.0,1.68,35.19,1.68,35.19,0.0,0.0,0.09,0.56,77.78,2.09,49.25,1.25,1.4,0.03,33.43,0.97,0.69,48.9,82.46,26.32,77.01,3.84,94.31,14.06,90.02,38.92,89.18,8.36,60.45,21.6,35.89,0.03,0.37,0.03,0.06,0.03,0.0,0.16,8.17,72.14,2.15,47.83,0.41,30.77,0.59,0.56,13.16,80.33,0,,0,,0,0.0,0.0,0.0,,,1.75,,,0.03,0.0,0.0,0.0,0,0.0
Cadu,Ferencváros,Viktoria Plzeň,"LWB, LB, RWB",28,1200000,,31,2421,2,1.48,5,3.12,14.42,45.36,Brazil,Brazil,right,171,70,no,7.99,4.5,65.29,1.64,40.91,0.22,0.35,0.07,4.83,7.54,0.71,4,0.15,0,0.0,2.94,0.07,2,0.07,0.06,0,0.0,21,0.78,23.81,9.524,0.19,3.38,36.26,2.75,36.49,0.59,37.5,0.56,2.57,56.52,6.02,38.27,1.86,1.71,0.3,25.99,1.26,0.59,38.25,76.48,13.16,64.41,7.92,92.02,9.93,77.9,30.56,83.94,4.39,54.24,17.81,28.28,0.12,1.0,0.07,0.0,0.11,66.67,0.3,4.42,63.87,3.83,55.34,0.22,66.67,1.12,1.3,8.55,76.52,0,,0,,0,0.0,0.0,0.0,,,0.63,,,0.41,0.11,33.33,1.19,0,0.0
T. Wiesner,Houston Dynamo II,Sparta Praha,"RWB, RB",28,1000000,2026-12-31,21,1486,1,2.28,4,2.13,14.29,52.54,Czech Republic,Czech Republic,right,175,76,no,7.33,6.48,65.42,1.94,28.13,0.06,0.1,0.0,3.03,5.24,1.03,4,0.24,0,0.0,2.54,0.06,1,0.06,0.14,1,0.06,18,1.09,44.44,5.556,0.24,2.85,46.81,0.61,40.0,2.18,47.22,0.24,0.97,68.75,3.45,49.12,1.7,1.88,0.36,30.16,2.06,0.67,42.58,77.67,15.32,65.61,8.24,90.44,13.08,83.33,33.86,85.69,5.94,46.94,21.32,34.81,0.13,1.51,0.12,0.0,0.06,100.0,0.85,7.39,67.21,4.3,53.52,1.09,22.22,1.82,1.27,10.05,74.1,0,,0,,0,0.0,0.0,0.0,,,0.42,,,0.06,0.0,0.0,0.06,0,0.0
M. Ross,Plymouth Argyle,Sparta Praha,"RCB, CB, LCB",25,1000000,2028-06-30,11,684,0,0.0,0,0.07,15.66,51.26,Denmark,Denmark,right,190,80,no,7.76,5.92,64.44,6.71,45.1,0.53,0.9,0.53,3.42,5.86,0.79,1,0.13,0,0.0,0.13,0.0,0,0.0,0.0,0,0.0,1,0.13,0.0,0.0,0.0,0.39,33.33,0.0,0.0,0.39,33.33,0.0,0.26,0.0,1.18,33.33,0.39,1.18,0.0,31.05,0.53,0.53,40.26,89.22,14.21,77.78,3.42,96.15,18.55,97.16,35.92,94.87,3.95,43.33,17.19,30.65,0.01,0.13,0.0,0.0,0.0,0.0,0.0,4.74,77.78,0.66,20.0,0.39,0.0,0.13,0.13,5.66,74.42,0,,0,,0,0.0,0.0,0.0,,,1.18,,,0.0,0.0,0.0,0.0,0,0.0
K. Pojezný,Baník Ostrava,Baník Ostrava,LCB,24,1000000,2029-06-30,32,3038,2,1.94,2,1.06,15.29,60.85,Czech Republic,Czech Republic,left,186,82,no,9.07,6.9,68.24,3.85,66.15,0.12,0.17,0.5,4.24,6.11,0.59,2,0.06,0,0.0,1.1,0.06,2,0.06,0.06,0,0.0,26,0.77,23.08,7.692,0.06,1.01,44.12,0.95,46.88,0.03,0.0,0.27,0.59,65.0,2.25,42.11,0.56,2.07,0.44,29.54,0.8,0.36,44.91,80.41,22.4,71.56,3.53,92.44,14.72,90.14,35.85,87.19,8.09,54.95,22.53,37.55,0.03,0.36,0.03,0.03,0.27,33.33,0.18,9.27,66.13,2.46,40.96,1.01,32.35,0.65,0.39,12.12,73.84,0,,0,,0,0.0,0.0,0.0,,,1.45,,,0.0,0.0,0.0,0.03,0,0.0
I. Tuci,Sparta Praha,Sparta Praha,"CF, LWF, LW",25,1000000,,11,469,2,1.13,0,0.18,18.23,35.79,Albania,Albania,right,191,79,no,3.26,3.07,50.0,5.18,37.04,0.38,0.68,0.0,1.34,2.39,0.96,1,0.19,0,0.0,1.73,0.38,2,0.38,0.22,0,0.0,11,2.11,45.45,18.182,0.0,0.96,20.0,0.38,50.0,0.58,0.0,0.19,1.92,30.0,6.72,28.57,2.69,0.0,0.0,16.31,2.3,1.15,18.23,69.47,4.99,57.69,4.22,81.82,5.57,79.31,15.54,77.78,1.73,22.22,16.83,23.19,0.03,0.38,0.19,0.0,0.0,0.0,0.0,1.92,70.0,1.73,11.11,0.58,0.0,0.58,0.19,1.54,50.0,0,,0,,0,0.0,0.0,0.0,,,0.0,,,0.0,0.0,0.0,0.0,0,0.0
K. Daněk,LASK,Sparta Praha,"RWF, LWF",23,1000000,2029-06-30,9,499,0,0.53,2,0.74,21.64,47.5,Czech Republic,Czech Republic,left,182,62,no,5.23,4.87,74.07,3.97,22.73,0.0,0.0,0.0,1.62,2.67,1.44,1,0.18,0,0.0,3.97,0.0,0,0.0,0.1,0,0.0,7,1.26,28.57,0.0,0.36,2.89,37.5,0.9,40.0,1.98,36.36,0.18,3.97,63.64,9.74,51.85,1.98,3.07,0.54,23.99,1.44,1.62,32.46,80.56,5.95,69.7,9.92,92.73,10.28,78.95,28.5,85.44,1.26,57.14,16.96,20.16,0.13,1.98,0.0,0.0,0.0,0.0,0.9,2.89,68.75,2.53,71.43,0.18,100.0,1.62,0.72,3.43,78.95,0,,0,,0,0.0,0.0,0.0,,,0.18,,,0.36,0.18,0.0,0.72,0,0.0
J. Knapík,Slovan Liberec,Slovan Liberec,"CB, RCB",25,1000000,2029-06-30,7,498,1,0.52,0,0.0,20.42,64.6,Czech Republic,Czech Republic,right,193,92,no,11.39,7.05,89.74,6.33,48.57,0.0,0.0,1.27,5.06,6.51,0.72,0,0.0,0,0.0,0.54,0.18,1,0.18,0.09,1,0.18,3,0.54,66.67,33.333,0.0,0.0,0.0,0.0,0.0,0.0,0.0,0.0,0.36,50.0,1.45,37.5,0.54,0.18,0.0,12.47,0.0,0.72,24.58,86.76,9.94,78.18,2.53,92.86,11.2,96.77,21.51,91.6,3.07,52.94,18.05,18.93,0.0,0.0,0.0,0.0,0.0,0.0,0.0,1.63,55.56,0.0,0.0,0.18,0.0,0.0,0.0,3.43,63.16,0,,0,,0,0.0,0.0,0.0,,,1.99,,,0.0,0.0,0.0,0.0,0,0.0
A. Vlkanova,Hradec Králové,Hradec Králové,"RWF, LWF, RCMF",31,1000000,2028-06-30,30,2556,7,4.88,5,5.02,19.01,42.04,Czech Republic,Czech Republic,right,169,62,no,5.28,5.39,55.56,1.34,10.53,0.11,0.13,0.14,2.18,2.64,0.92,5,0.18,0,0.0,3.31,0.25,7,0.25,0.17,0,0.0,51,1.8,52.94,13.725,0.18,2.92,24.1,1.48,28.57,1.44,19.51,0.35,2.68,55.26,9.47,41.26,3.03,1.76,0.28,18.38,1.83,2.04,26.97,69.58,8.13,54.98,5.18,94.56,7.46,66.04,21.23,79.44,2.99,40.0,18.88,31.81,0.18,1.65,0.14,0.0,0.42,41.67,0.67,4.61,56.49,3.45,41.84,0.77,31.82,1.2,0.77,4.82,70.07,0,,0,,0,0.0,0.0,0.0,,,0.6,,,1.13,0.04,100.0,1.27,1,0.0
M. Valenta,Viktoria Plzeň,Viktoria Plzeň,"LCMF, RCMF, DMF",26,1000000,2029-06-30,8,151,0,0.43,0,0.01,19.07,46.88,Czech Republic,Czech Republic,right,181,77,no,11.32,7.15,66.67,4.17,28.57,0.0,0.0,0.0,6.56,10.0,2.38,0,0.0,0,0.0,0.6,0.0,0,0.0,0.26,0,0.0,2,1.19,0.0,0.0,0.0,0.0,0.0,0.0,0.0,0.0,0.0,0.0,0.6,0.0,2.98,20.0,2.38,0.6,0.0,19.67,0.0,0.6,30.99,78.85,13.11,68.18,2.38,100.0,7.15,100.0,29.21,77.55,1.79,100.0,18.85,9.07,0.0,0.6,0.0,0.0,0.6,100.0,0.0,4.17,57.14,0.6,0.0,0.0,0.0,1.19,0.0,5.36,66.67,0,,0,,0,0.0,0.0,0.0,,,0.0,,,0.0,0.0,0.0,0.0,0,0.0
M. Ševčík,Legia Warszawa,Mladá Boleslav,"AMF, RCMF, CF",23,900000,2027-06-30,14,855,1,1.0,2,1.07,17.37,50.3,Czech Republic,Czech Republic,left,181,72,yes,6.42,5.58,60.38,0.84,0.0,0.11,0.16,0.0,2.95,4.52,1.58,1,0.11,1,0.11,2.42,0.11,1,0.11,0.11,0,0.0,15,1.58,20.0,6.667,0.21,1.37,30.77,0.74,0.0,0.63,66.67,0.32,2.42,69.57,7.47,59.15,2.21,2.0,0.11,26.21,0.21,1.37,36.53,81.27,9.26,71.59,7.26,92.75,14.42,87.59,29.89,84.15,5.37,76.47,19.65,35.18,0.11,0.74,0.0,0.0,0.42,0.0,0.42,5.05,85.42,2.32,54.55,0.63,16.67,1.37,0.42,6.74,71.88,0,,0,,0,0.0,0.0,0.0,,,0.74,,,0.63,0.11,0.0,1.89,0,0.0
A. Ghali,Sigma Olomouc,Slovan Liberec,"RAMF, RWB, RW",26,850000,2028-06-30,29,2284,2,3.21,7,5.21,13.16,46.11,Nigeria,Nigeria,right,170,63,no,5.67,3.9,58.59,2.88,43.84,0.2,0.28,0.16,3.19,4.58,0.95,4,0.16,1,0.04,2.68,0.08,2,0.08,0.13,0,0.0,35,1.38,22.86,5.714,0.28,2.68,41.18,0.71,44.44,1.93,40.82,0.28,2.17,58.18,4.77,44.63,2.88,1.73,0.2,16.0,1.65,1.02,23.72,72.76,7.21,64.48,4.06,88.35,7.05,77.65,19.39,79.88,2.01,43.14,17.51,31.16,0.21,1.1,0.08,0.08,0.16,0.0,0.91,2.05,69.23,2.96,57.33,0.32,12.5,1.38,0.83,5.24,69.92,0,,0,,0,0.0,0.0,0.0,,,0.47,,,0.0,0.0,0.0,0.0,0,0.0
J. Boula,Baník Ostrava,Baník Ostrava,"RCMF, LCMF, RDMF",27,800000,2029-06-30,34,3214,1,0.62,1,1.17,14.59,47.79,Czech Republic,Czech Republic,right,183,77,no,8.12,6.36,56.83,2.13,47.37,0.17,0.24,0.56,4.34,6.15,1.26,4,0.11,0,0.0,0.95,0.03,1,0.03,0.02,0,0.0,25,0.7,12.0,4.0,0.03,0.84,23.33,0.11,25.0,0.73,23.08,0.11,0.9,62.5,3.72,38.35,0.64,1.43,0.2,27.19,0.25,0.78,42.82,80.44,15.26,67.71,5.82,94.23,15.09,87.2,36.8,86.0,5.26,50.0,19.08,37.87,0.03,0.53,0.14,0.0,0.22,50.0,0.25,7.78,66.55,2.21,48.1,0.76,44.44,0.78,0.22,7.53,72.12,0,,0,,0,0.0,0.0,0.0,,,0.98,,,0.06,0.0,0.0,0.0,0,0.0
T. Koubek,Slovan Liberec,Slovan Liberec,GK,33,800000,2027-06-30,7,655,0,0.0,0,0.0,0.96,85.71,Czech Republic,Czech Republic,right,197,98,no,1.37,0.0,0.0,0.82,83.33,0.0,0.0,0.0,1.37,1.95,0.14,0,0.0,1,0.14,0.0,0.0,0,0.0,0.0,0,0.0,0,0.0,0.0,0.0,0.0,0.0,0.0,0.0,0.0,0.0,0.0,0.0,0.0,0.0,0.0,0.0,0.0,0.0,0.0,12.78,0.27,0.0,22.53,87.2,13.05,82.11,0.0,0.0,9.07,96.97,14.02,96.08,8.52,72.58,33.73,48.06,0.0,0.0,0.0,0.0,0.0,0.0,0.0,2.34,70.59,0.0,0.0,0.14,0.0,0.0,0.0,7.15,80.77,4,0.55,23,3.16,4,82.61,6.68,0.92,2.68,0.368,0.0,1.51,0.82,,,,0.0,0,0.0
L. Tupta,Neftchi,Slovan Liberec,"CF, LWF",28,800000,2028-06-30,21,1331,3,4.18,0,1.08,16.63,35.37,Slovakia,Slovakia,right,182,75,no,3.72,2.98,54.55,1.56,47.83,0.0,0.0,0.0,2.1,2.97,0.88,2,0.14,0,0.0,1.89,0.2,1,0.07,0.28,1,0.07,33,2.23,27.27,9.091,0.0,1.56,26.09,0.81,25.0,0.68,30.0,0.27,2.57,31.58,9.06,26.87,3.31,1.35,0.14,15.28,1.69,1.15,24.34,77.78,5.34,50.63,6.96,93.2,6.56,78.35,21.23,84.08,1.56,43.48,16.14,23.59,0.07,0.81,0.14,0.0,0.14,50.0,0.14,2.5,48.65,2.16,50.0,0.34,20.0,1.22,0.47,2.43,66.67,0,,0,,0,0.0,0.0,0.0,,,0.74,,,0.34,0.27,25.0,0.34,2,100.0
M. Vydra,Viktoria Plzeň,Viktoria Plzeň,"CF, RWF, AMF",34,800000,2027-06-30,32,2371,10,7.38,4,2.84,20.69,40.0,Czech Republic,Czech Republic,right,180,74,no,3.04,2.09,58.18,8.77,37.23,0.08,0.12,0.19,1.75,2.65,0.46,1,0.04,0,0.0,2.35,0.38,10,0.38,0.28,3,0.11,51,1.94,41.18,19.608,0.15,0.95,60.0,0.46,58.33,0.46,58.33,0.19,1.9,52.0,6.76,37.08,4.37,1.06,0.11,16.02,1.82,1.37,21.48,75.8,6.07,60.62,4.48,87.29,5.05,81.2,19.97,77.38,0.57,46.67,13.51,9.05,0.11,1.1,0.04,0.0,0.23,0.0,0.61,2.24,59.32,2.24,62.71,0.3,25.0,1.67,0.65,2.88,72.37,0,,0,,0,0.0,0.0,0.0,,,0.0,,,0.0,0.0,0.0,0.0,0,0.0
E. Jirka,Katowice,Viktoria Plzeň,"RWF, RWB, CF",28,800000,2028-06-30,12,450,3,2.28,2,0.55,16.8,27.38,Slovakia,Slovakia,right,183,78,no,3.8,3.4,35.29,4.2,23.81,0.0,0.0,0.2,2.6,4.24,0.6,0,0.0,0,0.0,2.4,0.6,1,0.2,0.46,0,0.0,9,1.8,44.44,33.333,0.4,3.0,26.67,0.0,0.0,3.0,26.67,0.4,2.4,33.33,7.4,32.43,1.8,1.0,1.0,25.6,1.6,1.0,35.8,78.21,9.4,63.83,7.0,94.29,12.6,77.78,29.0,87.59,4.0,45.0,18.85,17.45,0.11,1.0,0.0,0.0,0.0,0.0,0.8,4.4,63.64,3.6,38.89,1.0,80.0,1.0,0.6,7.2,80.56,0,,0,,0,0.0,0.0,0.0,,,0.8,,,0.0,0.0,0.0,0.0,2,100.0
F. Prebsl,Viktoria Plzeň,Slavia Praha,"RCMF, RCB, LCMF",23,750000,2030-06-30,13,806,1,1.06,1,0.76,18.09,48.77,Czech Republic,Czech Republic,right,188,85,no,7.82,6.59,69.49,3.68,51.52,0.33,0.62,0.33,2.9,5.34,1.34,2,0.22,1,0.11,2.12,0.11,1,0.11,0.12,0,0.0,10,1.12,40.0,10.0,0.11,1.45,46.15,0.11,0.0,1.23,45.45,0.33,2.01,50.0,4.91,31.82,2.34,1.12,0.22,24.68,0.89,0.33,36.74,81.76,12.95,73.28,4.35,89.74,13.06,86.32,31.27,85.36,4.02,66.67,16.83,30.14,0.09,0.78,0.0,0.0,0.0,0.0,0.45,5.81,71.15,2.23,60.0,0.33,33.33,0.67,0.78,6.14,72.73,0,,0,,0,0.0,0.0,0.0,,,0.67,,,0.45,0.22,50.0,0.67,0,0.0
D. Halinský,Slavia Praha,Teplice,"RCB, CB",23,750000,2030-06-30,24,1899,1,0.76,1,0.84,17.44,59.78,Czech Republic,Czech Republic,right,185,77,no,8.06,4.74,70.0,6.26,57.58,0.09,0.13,0.52,4.64,6.48,0.66,3,0.14,0,0.0,1.18,0.05,1,0.05,0.04,1,0.05,9,0.43,11.11,11.111,0.05,1.33,53.57,0.05,0.0,1.28,55.56,0.05,0.57,75.0,2.84,46.67,1.04,1.47,0.24,26.16,0.38,0.85,43.08,81.74,19.05,71.14,3.08,96.92,17.49,90.79,33.74,90.03,8.15,51.16,21.56,32.33,0.04,0.47,0.0,0.0,0.09,0.0,0.24,7.91,62.87,2.04,44.19,0.62,38.46,0.43,0.71,9.19,74.74,0,,0,,0,0.0,0.0,0.0,,,2.04,,,0.0,0.0,0.0,0.0,0,0.0
D. Pech,Mladá Boleslav,Slavia Praha,"LCMF, RW, DMF",24,750000,2028-06-30,9,390,0,0.89,0,0.72,11.77,56.86,Czech Republic,Czech Republic,right,178,76,no,3.46,3.92,64.71,0.46,0.0,0.0,0.0,0.23,0.92,1.62,0.46,0,0.0,0,0.0,3.69,0.0,0,0.0,0.2,0,0.0,9,2.08,22.22,0.0,0.0,1.38,33.33,0.69,0.0,0.69,66.67,0.23,3.46,73.33,6.23,55.56,2.08,2.08,0.46,20.77,1.15,0.69,31.62,86.86,7.38,75.0,6.69,93.1,12.92,92.86,27.92,90.91,2.54,72.73,17.22,21.02,0.17,1.38,0.0,0.0,0.69,33.33,0.69,3.46,80.0,2.31,60.0,0.46,50.0,1.15,0.23,3.92,88.24,0,,0,,0,0.0,0.0,0.0,,,0.69,,,0.0,0.0,0.0,0.0,0,0.0
I. Metsoko,Dundee United,Viktoria Plzeň,CF,24,750000,2027-06-30,1,41,0,0.01,0,0.1,,,France,"France, Togo",right,191,72,yes,,,,,,,0.0,,,0.0,,0,,0,,,,0,,,0,,1,,,0.0,,,,,,,,,,,,,,,,,,,,,,,,,,,,,,,16.06,0.0,,,,,,,,,,,,,,,,,,0,,0,,0,0.0,0.0,,,,,,,,,,,0,0.0
D. Vašulín,Zbrojovka Brno,Viktoria Plzeň,CF,28,750000,2027-06-30,31,1534,4,7.3,1,0.28,30.8,31.62,Czech Republic,Czech Republic,right,195,91,no,3.87,2.58,63.64,9.8,38.32,0.06,0.1,0.29,2.17,3.76,1.47,2,0.12,0,0.0,1.99,0.23,4,0.23,0.43,0,0.0,47,2.76,36.17,8.511,0.06,1.0,35.29,0.53,33.33,0.47,37.5,0.12,1.76,36.67,12.2,24.04,5.81,0.7,0.0,9.21,1.64,1.0,16.43,68.21,2.93,50.0,4.46,81.58,3.29,60.71,14.9,71.65,0.53,33.33,13.48,8.15,0.02,0.35,0.0,0.0,0.0,0.0,0.23,0.76,53.85,1.0,52.94,0.0,0.0,0.76,0.23,1.76,60.0,0,,0,,0,0.0,0.0,0.0,,,0.0,,,0.0,0.0,0.0,0.0,0,0.0
D. Lischka,Bohemians 1905,Baník Ostrava,CB,28,700000,2029-06-30,3,287,1,0.33,0,0.37,17.25,67.27,Czech Republic,Czech Republic,left,188,88,no,12.86,5.33,82.35,6.9,40.91,0.0,0.0,0.63,8.47,10.8,0.31,1,0.31,0,0.0,0.31,0.31,1,0.31,0.1,1,0.31,2,0.63,50.0,50.0,0.0,0.0,0.0,0.0,0.0,0.0,0.0,0.0,0.31,0.0,0.31,0.0,0.94,0.0,0.0,9.41,0.0,0.63,27.91,76.4,12.86,63.41,3.45,100.0,7.21,82.61,24.77,77.22,3.14,70.0,17.39,25.25,0.12,0.31,0.0,0.0,0.0,0.0,0.0,0.63,50.0,0.0,0.0,0.0,0.0,0.31,0.0,6.59,42.86,0,,0,,0,0.0,0.0,0.0,,,2.82,,,0.0,0.0,0.0,0.0,0,0.0
A. Tanko,Pardubice,Pardubice,"CF, LAMF, RW",28,700000,,26,1584,2,5.27,2,1.47,20.28,35.85,Nigeria,Nigeria,right,171,69,no,3.86,3.81,59.7,3.18,26.79,0.06,0.09,0.11,1.53,2.36,1.02,0,0.0,0,0.0,2.78,0.11,2,0.11,0.3,0,0.0,31,1.76,38.71,6.452,0.11,1.59,32.14,0.68,33.33,0.85,26.67,0.0,3.01,52.83,9.38,29.7,3.58,2.1,0.51,13.35,2.05,0.51,18.64,74.39,3.01,58.49,5.68,90.0,5.45,72.92,16.48,78.97,0.68,50.0,16.91,16.74,0.08,0.68,0.06,0.06,0.0,0.0,0.51,1.53,66.67,1.65,48.28,0.0,0.0,0.8,0.45,2.44,60.47,0,,0,,0,0.0,0.0,0.0,,,0.0,,,0.0,0.0,0.0,0.0,0,0.0
V. Vorel,Mladá Boleslav,Pardubice,GK,30,650000,,10,965,0,0.0,0,0.0,0.84,88.89,Czech Republic,Czech Republic,right,192,85,no,1.59,0.0,0.0,0.47,100.0,0.0,0.0,0.0,1.59,2.33,0.0,2,0.19,0,0.0,0.0,0.0,0,0.0,0.0,0,0.0,0,0.0,0.0,0.0,0.0,0.0,0.0,0.0,0.0,0.0,0.0,0.0,0.0,0.0,0.37,75.0,0.0,0.0,0.0,17.53,0.19,0.47,25.65,89.45,11.94,78.91,0.0,0.0,12.78,98.54,19.49,98.56,6.06,61.54,28.23,41.58,0.0,0.0,0.0,0.0,0.0,0.0,0.0,1.31,35.71,0.0,0.0,0.0,0.0,0.0,0.0,4.38,68.09,17,1.59,47,4.38,2,63.83,17.13,1.6,0.13,0.012,0.0,1.68,0.47,,,,0.0,0,0.0
N. Mićević,Altay,Teplice,LCB,27,650000,2026-12-31,28,2126,2,1.24,0,0.14,16.17,64.92,Serbia,Serbia,left,190,83,no,8.72,6.31,71.81,5.63,68.42,0.21,0.28,0.3,3.98,5.22,1.14,3,0.13,0,0.0,0.47,0.08,2,0.08,0.05,2,0.08,9,0.38,33.33,22.222,0.0,0.42,50.0,0.42,50.0,0.0,0.0,0.0,0.21,40.0,1.61,39.47,0.47,0.85,0.04,19.05,0.42,0.34,32.85,82.47,16.38,72.61,2.24,94.34,10.92,93.8,26.08,88.8,6.35,58.67,20.57,32.19,0.01,0.17,0.0,0.0,0.08,50.0,0.04,5.67,69.4,1.1,57.69,0.17,25.0,0.55,0.21,7.83,75.14,0,,0,,0,0.0,0.0,0.0,,,1.35,,,0.04,0.0,0.0,0.0,0,0.0
M. Polidar,Jablonec,Jablonec,"LWB, LB",26,650000,,24,1757,4,4.56,4,3.5,14.6,48.77,Czech Republic,Czech Republic,left,179,73,no,7.84,5.22,61.76,3.69,54.17,0.2,0.29,0.31,4.41,6.31,0.72,1,0.05,0,0.0,2.46,0.2,4,0.2,0.23,0,0.0,32,1.64,28.13,12.5,0.2,4.87,30.53,4.46,27.59,0.41,62.5,0.82,1.13,45.45,3.79,32.43,2.41,1.02,0.26,25.71,1.59,0.56,35.7,73.46,11.99,66.24,7.68,95.33,10.24,65.5,27.51,83.99,3.53,49.28,19.05,27.99,0.18,1.43,0.05,0.0,0.0,0.0,0.31,3.12,60.66,4.0,39.74,0.05,0.0,0.46,1.33,7.58,64.19,0,,0,,0,0.0,0.0,0.0,,,0.1,,,1.13,0.1,0.0,1.84,0,0.0
T. Frühwald,Bohemians 1905,Bohemians 1905,GK,23,650000,2028-06-30,11,1083,0,0.0,0,0.0,0.91,90.91,Slovakia,Slovakia,right,193,90,no,2.33,0.08,0.0,0.75,100.0,0.0,0.0,0.0,2.33,3.19,0.0,1,0.08,0,0.0,0.0,0.0,0,0.0,0.0,0,0.0,0,0.0,0.0,0.0,0.0,0.0,0.0,0.0,0.0,0.0,0.0,0.0,0.0,0.0,0.08,100.0,0.0,0.0,0.0,10.72,0.17,0.08,18.53,89.69,11.8,84.51,0.0,0.0,6.15,98.65,10.06,98.35,8.48,79.41,32.73,42.93,0.0,0.0,0.0,0.0,0.0,0.0,0.0,1.5,72.22,0.0,0.0,0.0,0.0,0.0,0.0,6.73,86.42,20,1.66,50,4.16,1,60.0,19.2,1.6,-0.8,-0.066,0.0,1.91,0.75,,,,0.0,0,0.0
F. Kubala,Baník Ostrava,Baník Ostrava,"CF, AMF, LW",26,600000,2027-06-30,32,1324,6,4.93,2,1.22,24.68,44.63,Czech Republic,Czech Republic,right,182,78,no,5.1,4.35,64.06,3.67,51.85,0.07,0.11,0.14,2.24,3.47,1.09,1,0.07,0,0.0,3.13,0.41,6,0.41,0.34,2,0.14,41,2.79,39.02,14.634,0.14,0.75,36.36,0.54,37.5,0.14,50.0,0.14,2.79,63.41,11.42,36.9,5.23,1.29,0.14,14.89,1.5,1.7,21.68,77.12,4.55,67.16,6.8,92.0,5.44,72.5,20.26,79.53,0.75,54.55,15.2,13.1,0.08,0.95,0.0,0.07,0.14,0.0,0.41,1.7,76.0,0.68,50.0,0.2,33.33,0.75,0.2,2.04,66.67,0,,0,,0,0.0,0.0,0.0,,,0.14,,,0.0,0.0,0.0,0.0,0,0.0
C. Frýdek,Baník Ostrava,Slovan Liberec,"LWF, LW, AMF",27,600000,2028-06-30,21,829,1,1.53,0,2.1,17.91,40.61,Germany,"Germany, Czech Republic",right,171,65,no,5.21,4.78,63.64,2.28,19.05,0.22,0.33,0.11,1.95,2.93,1.09,3,0.33,1,0.11,3.15,0.11,1,0.11,0.17,0,0.0,20,2.17,35.0,5.0,0.0,1.95,44.44,1.09,50.0,0.87,37.5,0.43,2.93,44.44,8.14,37.33,3.15,1.52,0.43,18.24,0.87,1.74,29.2,76.58,10.75,68.69,6.73,88.71,7.06,80.0,24.64,81.5,2.71,52.0,16.31,22.1,0.23,2.06,0.11,0.0,0.65,33.33,0.76,4.23,79.49,3.47,59.38,0.87,25.0,1.52,0.87,6.19,77.19,0,,0,,0,0.0,0.0,0.0,,,0.11,,,1.09,0.11,0.0,2.61,0,0.0
Y. Ibrahimaj,Lillestrøm,Mladá Boleslav,"RCMF, LCMF",30,600000,2027-12-31,10,801,0,0.32,0,0.81,12.13,48.15,Norway,"Norway, Kosovo",left,178,70,no,6.52,5.06,71.11,1.01,33.33,0.34,0.46,0.22,2.58,3.56,0.9,0,0.0,0,0.0,1.24,0.0,0,0.0,0.04,0,0.0,6,0.67,16.67,0.0,0.0,1.35,41.67,0.34,0.0,1.01,55.56,0.11,1.57,35.71,3.48,35.48,1.24,1.24,0.22,29.55,0.22,0.45,41.01,86.58,11.91,76.42,9.33,100.0,13.15,87.18,36.74,89.3,3.03,74.07,16.06,25.66,0.09,1.24,0.0,0.0,0.0,0.0,0.11,4.04,80.56,2.13,57.89,0.22,100.0,0.56,0.45,5.96,69.81,0,,0,,0,0.0,0.0,0.0,,,0.79,,,0.22,0.0,0.0,3.37,0,0.0
T. Ladra,Viktoria Plzeň,Mladá Boleslav,"AMF, LCMF, CF",29,550000,2028-06-30,32,2807,4,9.24,6,6.75,23.47,41.39,Czech Republic,Czech Republic,right,178,82,no,4.39,4.1,59.38,2.89,32.22,0.26,0.37,0.03,1.7,2.42,0.93,0,0.0,0,0.0,4.87,0.13,4,0.13,0.3,0,0.0,100,3.21,21.0,4.0,0.19,3.11,40.21,1.09,41.18,1.96,39.34,0.38,4.62,61.81,13.37,40.29,3.11,3.66,0.42,22.35,1.64,1.47,31.68,71.76,10.68,61.56,4.07,88.19,10.84,76.63,25.23,77.51,3.53,58.18,19.08,36.04,0.22,1.76,0.1,0.06,0.29,33.33,0.61,5.1,61.64,4.65,57.93,0.99,35.48,2.05,1.06,6.83,84.98,0,,0,,0,0.0,0.0,0.0,,,0.03,,,1.6,0.42,15.38,2.18,1,0.0
N. Tekijaški,Jablonec,Jablonec,CB,29,550000,,34,3264,2,2.43,2,0.7,14.2,64.47,Serbia,Serbia,right,186,80,no,10.23,5.21,74.6,5.4,61.22,0.14,0.19,0.69,6.2,8.5,0.94,8,0.22,0,0.0,0.61,0.06,2,0.06,0.07,2,0.06,23,0.63,43.48,8.696,0.06,0.22,37.5,0.08,66.67,0.08,0.0,0.06,0.3,72.73,1.35,57.14,0.85,0.94,0.11,22.44,0.25,0.72,39.9,84.93,15.5,72.95,1.71,95.16,18.56,94.8,34.25,89.53,5.43,57.87,20.72,36.08,0.02,0.11,0.0,0.0,0.06,50.0,0.08,4.27,63.87,0.66,29.17,0.39,35.71,0.22,0.08,6.51,62.29,0,,0,,0,0.0,0.0,0.0,,,0.99,,,0.0,0.0,0.0,0.0,0,0.0
J. Martinec,Sparta Praha,Jablonec,RCB,28,550000,2029-06-30,34,3311,4,4.87,2,0.98,15.49,60.88,Czech Republic,Czech Republic,right,188,83,no,8.29,5.03,66.49,5.25,58.55,0.3,0.41,0.6,4.65,6.42,1.01,6,0.16,0,0.0,0.98,0.11,4,0.11,0.13,2,0.05,34,0.92,47.06,11.765,0.05,0.52,31.58,0.0,0.0,0.52,31.58,0.03,0.57,61.9,2.58,60.0,1.39,1.36,0.22,24.93,0.65,1.52,37.92,83.66,18.43,76.11,2.15,91.14,13.65,93.82,32.89,88.1,4.51,57.23,19.74,35.12,0.03,0.24,0.0,0.05,0.05,50.0,0.05,5.22,69.79,0.76,28.57,0.27,70.0,0.27,0.16,7.83,67.71,0,,0,,0,0.0,0.0,0.0,,,1.06,,,0.0,0.0,0.0,0.0,0,0.0
A. Zadražil,Hradec Králové,Hradec Králové,GK,25,550000,2028-06-30,34,3331,0,0.0,0,0.0,1.38,86.27,Czech Republic,Czech Republic,right,193,85,no,2.0,0.11,75.0,0.86,96.88,0.0,0.0,0.0,1.92,2.38,0.0,2,0.05,0,0.0,0.0,0.0,0,0.0,0.0,0,0.0,0,0.0,0.0,0.0,0.0,0.0,0.0,0.0,0.0,0.0,0.0,0.0,0.03,0.0,0.3,63.64,0.0,0.03,0.0,11.13,0.19,0.32,20.24,82.24,13.16,74.95,0.0,0.0,6.46,96.65,11.7,97.46,8.48,61.78,34.46,51.82,0.0,0.0,0.0,0.0,0.0,0.0,0.0,3.4,54.76,0.22,0.0,0.22,37.5,0.0,0.0,6.27,80.17,32,0.86,148,4.0,12,78.38,39.46,1.07,7.46,0.202,0.0,2.7,0.86,,,,0.0,0,0.0
F. Vecheta,Jablonec,Karviná,CF,23,500000,2027-06-30,29,1942,13,10.03,1,1.97,25.72,28.29,Czech Republic,Czech Republic,right,186,72,yes,2.87,2.36,54.9,8.81,34.21,0.09,0.15,0.23,1.48,2.39,1.16,4,0.19,0,0.0,1.44,0.6,12,0.56,0.47,2,0.09,40,1.85,50.0,32.5,0.05,0.28,16.67,0.05,0.0,0.19,25.0,0.05,0.74,56.25,8.99,18.56,2.78,0.42,0.0,8.94,2.13,0.88,13.81,75.17,3.06,54.55,3.66,93.67,3.01,70.77,13.25,76.92,0.28,50.0,13.72,6.89,0.09,0.51,0.0,0.0,0.09,50.0,0.14,1.34,58.62,0.56,41.67,0.14,33.33,0.46,0.05,0.93,60.0,0,,0,,0,0.0,0.0,0.0,,,0.05,,,0.0,0.0,0.0,0.0,1,100.0
J. Klíma,Mladá Boleslav,Slovácko,"CF, AMF",29,500000,,28,1242,4,4.81,0,1.01,23.77,32.01,Czech Republic,Czech Republic,right,190,85,no,5.22,3.41,63.83,6.3,35.63,0.36,0.51,0.14,2.68,3.78,0.87,2,0.14,0,0.0,1.67,0.29,3,0.22,0.35,0,0.0,25,1.81,44.0,16.0,0.0,0.87,41.67,0.43,50.0,0.43,33.33,0.07,1.74,29.17,8.04,23.42,3.77,0.65,0.14,12.39,1.96,1.45,18.33,66.8,4.78,45.45,4.86,79.1,4.93,72.06,16.3,70.22,1.16,37.5,15.78,14.09,0.07,0.51,0.0,0.0,0.14,0.0,0.14,1.88,46.15,1.45,45.0,0.22,0.0,0.65,0.36,2.17,63.33,0,,0,,0,0.0,0.0,0.0,,,0.0,,,0.0,0.0,0.0,0.0,1,100.0
M. Chaluš,Baník Ostrava,Baník Ostrava,"CB, RCB, LCB",28,500000,2027-06-30,30,2854,0,1.4,0,1.41,15.04,65.41,Czech Republic,Czech Republic,right,189,80,no,10.53,6.28,72.86,4.16,58.33,0.6,0.87,0.95,5.36,7.79,0.82,9,0.28,0,0.0,0.35,0.0,0,0.0,0.04,0,0.0,8,0.25,12.5,0.0,0.0,0.16,60.0,0.0,0.0,0.16,60.0,0.0,0.22,71.43,1.45,67.39,0.69,0.76,0.03,25.83,0.28,0.98,42.98,85.03,17.69,72.37,3.15,95.0,19.8,94.9,37.46,90.15,5.36,50.0,22.25,35.91,0.04,0.13,0.03,0.0,0.06,100.0,0.09,6.05,70.31,0.57,61.11,0.35,45.45,0.28,0.09,9.24,67.58,0,,0,,0,0.0,0.0,0.0,,,2.59,,,0.0,0.0,0.0,0.0,0,0.0
P. Kpozo,Zhenys,Baník Ostrava,"LWB, LB",29,500000,2026-12-31,18,1147,0,0.86,1,1.5,14.91,44.74,Ghana,Ghana,left,181,77,no,7.38,4.79,72.13,3.61,39.13,0.08,0.11,0.08,3.84,5.42,0.63,1,0.08,0,0.0,1.8,0.0,0,0.0,0.07,0,0.0,5,0.39,40.0,0.0,0.08,2.9,35.14,2.9,35.14,0.0,0.0,0.78,1.57,40.0,4.71,28.33,0.94,0.71,0.0,19.62,1.73,0.47,30.6,74.87,12.48,67.3,6.12,93.59,8.0,79.41,23.93,82.95,4.08,53.85,19.15,25.45,0.12,0.39,0.0,0.0,0.0,0.0,0.31,4.16,69.81,2.2,53.57,0.16,100.0,0.24,0.94,8.55,64.22,0,,0,,0,0.0,0.0,0.0,,,1.02,,,0.0,0.0,0.0,0.0,0,0.0
M. Icha,Pardubice,Slovan Liberec,"LCMF, RWB, RCMF",24,500000,2028-06-30,22,1457,1,0.31,1,1.29,12.85,50.0,Czech Republic,Czech Republic,right,187,75,no,7.6,5.56,63.33,3.4,40.0,0.06,0.09,0.43,4.02,6.0,0.74,1,0.06,0,0.0,1.24,0.06,1,0.06,0.02,1,0.06,6,0.37,33.33,16.667,0.06,1.61,42.31,0.19,33.33,1.42,43.48,0.25,0.8,46.15,2.16,34.29,0.8,0.43,0.0,20.01,0.74,0.49,29.65,74.58,11.86,61.98,3.09,92.0,10.62,83.14,24.21,80.36,3.95,51.56,23.23,27.79,0.08,0.86,0.0,0.0,0.19,33.33,0.37,5.44,60.23,2.1,50.0,0.62,50.0,0.99,0.56,6.86,72.07,0,,0,,0,0.0,0.0,0.0,,,0.86,,,0.0,0.0,0.0,0.0,0,0.0
G. Botos,Pardubice,Slavia Praha,AMF,25,500000,,31,1789,1,3.75,5,3.65,13.48,39.18,Greece,Greece,right,173,74,no,3.72,3.17,60.32,0.8,25.0,0.25,0.42,0.15,1.56,2.63,0.55,3,0.15,0,0.0,3.32,0.05,1,0.05,0.19,0,0.0,37,1.86,35.14,2.703,0.25,2.11,47.62,1.21,50.0,0.91,44.44,0.25,3.17,47.62,7.4,33.33,3.32,1.26,0.35,18.51,1.46,0.6,26.91,80.19,5.68,68.14,8.1,95.03,7.9,76.43,24.0,83.86,1.06,57.14,16.37,17.26,0.18,1.16,0.05,0.05,0.25,60.0,0.86,2.77,67.27,2.11,54.76,0.25,60.0,0.86,0.8,3.67,76.71,0,,0,,0,0.0,0.0,0.0,,,0.3,,,0.0,0.0,0.0,0.0,0,0.0
L. Juliš,Žilina,Sigma Olomouc,"CF, RDMF, AMF",31,500000,2027-12-31,8,121,0,0.13,0,0.0,20.08,37.04,Czech Republic,Czech Republic,right,187,88,no,3.72,1.49,50.0,7.44,30.0,0.0,0.0,0.0,2.98,6.32,0.74,0,0.0,0,0.0,0.0,0.0,0,0.0,0.1,0,0.0,2,1.49,0.0,0.0,0.0,0.74,0.0,0.0,0.0,0.74,0.0,0.0,0.0,0.0,6.69,22.22,2.98,0.0,0.0,8.18,0.74,0.74,19.34,65.38,3.72,20.0,9.67,76.92,2.98,75.0,18.6,68.0,0.0,0.0,11.51,0.0,0.0,0.0,0.0,0.0,0.0,0.0,0.0,0.74,0.0,0.0,0.0,0.0,0.0,0.74,0.0,0.74,100.0,0,,0,,0,0.0,0.0,0.0,,,0.0,,,0.0,0.0,0.0,0.0,0,0.0
J. Pokorný,,Sigma Olomouc,"RCB, LCB",29,500000,,27,2621,2,1.38,1,0.01,14.25,65.06,Czech Republic,Czech Republic,right,187,83,no,8.65,4.46,76.15,6.28,65.03,0.14,0.2,0.45,5.12,7.55,0.52,5,0.17,0,0.0,0.31,0.07,2,0.07,0.05,2,0.07,14,0.48,35.71,14.286,0.03,0.17,60.0,0.07,50.0,0.1,66.67,0.03,0.03,0.0,0.69,25.0,0.69,0.48,0.03,20.84,0.17,0.41,37.98,82.82,17.55,71.04,2.27,95.45,15.9,94.82,29.46,90.91,8.38,54.92,24.74,38.87,0.0,0.03,0.0,0.0,0.03,100.0,0.0,6.25,60.99,0.86,24.0,0.34,30.0,0.17,0.07,8.48,69.64,0,,0,,0,0.0,0.0,0.0,,,1.82,,,0.03,0.0,0.0,0.0,0,0.0
J. Vodháněl,,Sigma Olomouc,"RAMF, RW, RWF",29,500000,,13,546,0,0.33,2,0.38,17.97,47.71,Czech Republic,Czech Republic,left,175,71,no,6.26,6.1,62.16,2.8,47.06,0.0,0.0,0.33,2.47,3.6,1.65,1,0.16,0,0.0,2.14,0.0,0,0.0,0.05,0,0.0,9,1.48,33.33,0.0,0.33,1.98,33.33,0.33,50.0,1.48,33.33,0.66,1.65,60.0,6.43,35.9,1.48,0.99,0.0,17.47,1.48,0.49,28.52,71.68,8.57,51.92,4.95,93.33,8.41,68.63,24.56,73.83,1.98,83.33,14.86,16.9,0.06,1.15,0.0,0.0,0.33,0.0,0.33,4.95,63.33,3.79,39.13,0.49,33.33,0.99,0.82,5.11,77.42,0,,0,,0,0.0,0.0,0.0,,,0.0,,,0.99,0.33,100.0,1.48,0,0.0
Q. Zyba,Slovan Liberec,Slovan Liberec,"LDMF, DMF, LCMF",25,500000,2027-06-30,20,1008,3,2.17,4,1.56,15.89,55.06,Kosovo,Kosovo,right,184,76,no,9.29,6.79,69.74,2.05,52.17,0.09,0.13,0.54,4.46,6.64,0.98,3,0.27,0,0.0,2.14,0.27,2,0.18,0.19,0,0.0,21,1.88,42.86,14.286,0.36,1.79,30.0,1.34,33.33,0.45,20.0,0.36,1.52,47.06,4.29,39.58,1.43,1.7,0.36,27.32,0.45,0.71,40.89,78.38,15.8,68.36,4.82,96.3,15.18,84.71,34.2,85.12,5.0,50.0,18.46,31.85,0.14,0.98,0.18,0.0,0.18,50.0,0.71,7.86,73.86,2.32,34.62,0.54,33.33,0.45,0.71,8.75,67.35,0,,0,,0,0.0,0.0,0.0,,,0.89,,,0.8,0.18,100.0,1.07,1,100.0
M. Havel,Bohemians 1905,Viktoria Plzeň,"LCB, RWB, LWB",31,500000,2028-06-30,29,1759,2,2.65,3,2.1,14.43,51.77,Czech Republic,Czech Republic,right,183,77,no,6.24,5.22,67.65,3.74,49.32,0.26,0.38,0.1,2.46,3.69,0.87,3,0.15,0,0.0,1.64,0.1,2,0.1,0.14,0,0.0,12,0.61,41.67,16.667,0.15,2.1,26.83,0.92,33.33,1.07,23.81,0.46,1.53,53.33,3.02,38.98,2.0,1.43,0.05,25.94,0.97,0.26,36.48,81.63,14.58,72.28,5.94,93.1,9.52,85.48,30.39,88.72,4.04,55.7,17.26,25.68,0.11,0.51,0.1,0.05,0.05,0.0,0.41,4.96,76.29,2.25,38.64,0.26,40.0,0.72,0.51,7.37,72.22,0,,0,,0,0.0,0.0,0.0,,,1.13,,,0.0,0.0,0.0,0.0,0,0.0
J. Haliti,Mladá Boleslav,Mladá Boleslav,"LCB, LCMF",29,500000,,6,379,0,0.22,0,0.0,14.01,55.93,Sweden,"Sweden, Kosovo",right,187,80,no,6.89,4.75,70.0,2.85,58.33,0.24,0.34,0.95,3.32,4.77,0.47,1,0.24,0,0.0,0.95,0.0,0,0.0,0.05,0,0.0,1,0.24,0.0,0.0,0.0,0.24,0.0,0.24,0.0,0.0,0.0,0.0,1.42,66.67,4.27,38.89,0.71,1.66,0.24,29.92,0.71,0.0,44.64,89.36,15.67,78.79,2.14,100.0,20.66,97.7,40.61,91.23,3.8,75.0,18.81,24.59,0.0,0.24,0.0,0.0,0.0,0.0,0.0,4.75,65.0,0.47,50.0,0.0,0.0,0.0,0.0,5.7,62.5,0,,0,,0,0.0,0.0,0.0,,,1.19,,,0.0,0.0,0.0,0.0,0,0.0
F. Čihák,Hradec Králové,Hradec Králové,"RCB, CB",27,500000,2027-06-30,30,2805,3,1.53,1,0.56,18.48,58.33,Czech Republic,Czech Republic,right,190,80,no,10.75,6.74,67.62,6.96,61.29,0.22,0.28,1.19,5.97,7.37,0.74,1,0.03,1,0.03,0.83,0.1,3,0.1,0.05,3,0.1,14,0.45,57.14,21.429,0.03,0.48,26.67,0.03,0.0,0.42,30.77,0.03,0.64,65.0,2.89,43.33,0.93,1.28,0.1,20.09,0.26,0.67,34.56,78.55,16.11,68.73,2.28,87.32,12.06,90.43,27.79,85.33,6.32,52.79,21.06,36.74,0.02,0.22,0.03,0.03,0.06,50.0,0.13,6.55,64.22,1.25,51.28,0.39,41.67,0.61,0.13,8.44,67.3,0,,0,,0,0.0,0.0,0.0,,,1.28,,,0.0,0.0,0.0,0.0,0,0.0
A. Stojcevski,Slovácko,Slovácko,LCB,23,500000,2028-06-30,13,1036,0,0.44,0,0.0,17.29,53.27,North Macedonia,North Macedonia,right,186,75,no,9.56,5.82,59.7,5.21,51.67,0.61,0.85,0.26,5.47,7.65,1.3,2,0.17,0,0.0,0.17,0.0,0,0.0,0.04,0,0.0,2,0.17,50.0,0.0,0.0,0.0,0.0,0.0,0.0,0.0,0.0,0.0,0.26,33.33,2.43,39.29,0.52,1.13,0.0,28.15,0.26,1.04,42.22,83.54,16.16,67.74,2.69,93.55,19.03,94.98,36.66,88.86,5.56,48.44,21.06,31.61,0.0,0.0,0.0,0.0,0.0,0.0,0.0,4.69,50.0,0.35,25.0,0.26,33.33,0.17,0.0,7.38,54.12,0,,0,,0,0.0,0.0,0.0,,,0.61,,,0.0,0.0,0.0,0.0,0,0.0
M. Kohút,Baník Ostrava,Baník Ostrava,"AMF, LCMF",26,450000,2028-06-30,31,2503,3,2.69,3,2.35,20.85,44.31,Czech Republic,Czech Republic,left,183,74,no,8.34,6.22,65.32,4.49,33.6,0.07,0.1,0.11,4.21,5.66,1.4,5,0.18,0,0.0,2.73,0.11,3,0.11,0.1,1,0.04,42,1.51,30.95,7.143,0.11,2.8,28.21,1.65,28.26,1.08,26.67,0.29,2.52,52.86,7.41,34.95,1.62,1.19,0.18,23.84,1.22,1.01,34.99,76.26,10.46,65.29,6.44,91.62,11.69,76.92,28.95,84.35,3.42,46.32,18.99,36.92,0.08,0.97,0.07,0.07,0.18,80.0,0.22,5.68,67.72,3.42,41.05,0.54,40.0,0.79,0.79,6.65,76.76,0,,0,,0,0.0,0.0,0.0,,,0.43,,,0.36,0.07,50.0,1.44,0,0.0
M. Rusnák,Baník Ostrava,Baník Ostrava,"RWB, RB, RW",26,450000,2028-06-30,18,583,0,0.68,0,0.17,19.3,44.8,Slovakia,Slovakia,right,180,73,no,6.17,5.25,52.94,2.62,47.06,0.31,0.47,0.15,3.09,4.69,1.08,0,0.0,0,0.0,3.24,0.0,0,0.0,0.11,0,0.0,6,0.93,33.33,0.0,0.0,2.78,27.78,0.0,0.0,2.78,27.78,0.93,3.24,66.67,8.8,40.35,1.7,1.7,0.62,17.29,0.77,1.7,25.47,67.88,7.87,47.06,6.33,95.12,6.48,73.81,20.53,77.44,2.32,26.67,18.26,24.73,0.03,0.15,0.0,0.0,0.0,0.0,0.0,2.62,52.94,2.78,27.78,0.31,0.0,0.46,0.93,5.09,54.55,0,,0,,0,0.0,0.0,0.0,,,0.15,,,0.0,0.0,0.0,0.0,0,0.0
D. Višinský,Viktoria Plzeň,Slovan Liberec,"LAMF, RWF, CF",23,450000,2028-06-30,31,2268,9,9.01,1,1.26,18.65,45.53,Czech Republic,Czech Republic,right,178,69,no,5.04,4.17,67.62,2.38,26.67,0.32,0.45,0.08,1.9,2.68,0.79,2,0.08,0,0.0,4.37,0.36,8,0.32,0.36,0,0.0,60,2.38,56.67,15.0,0.04,1.47,24.32,0.6,26.67,0.79,25.0,0.36,4.68,55.93,9.64,44.03,3.53,1.63,0.24,13.93,1.39,1.9,19.09,72.97,5.67,60.14,4.64,88.03,5.0,73.81,16.9,79.34,0.75,21.05,15.65,12.52,0.05,0.6,0.0,0.0,0.16,25.0,0.32,2.06,76.92,1.83,47.83,0.36,22.22,0.56,0.4,2.98,69.33,0,,0,,0,0.0,0.0,0.0,,,0.44,,,0.0,0.0,0.0,0.08,1,100.0
J. Chvátal,Hradec Králové,Sigma Olomouc,"RB, RAMF",30,450000,,14,785,2,0.25,2,1.28,14.79,43.41,Slovakia,Slovakia,right,177,77,no,7.91,5.27,52.17,1.72,40.0,0.0,0.0,0.11,5.16,7.18,1.15,3,0.34,0,0.0,3.78,0.23,2,0.23,0.03,0,0.0,6,0.69,33.33,33.333,0.23,4.24,40.54,0.23,50.0,4.01,40.0,0.92,2.98,61.54,6.08,39.62,1.72,0.92,0.11,25.34,2.52,0.46,38.52,72.92,15.82,70.29,4.7,90.24,12.04,72.38,29.92,81.61,4.47,43.59,26.69,32.55,0.15,0.69,0.11,0.11,0.11,0.0,0.69,5.73,60.0,4.13,44.44,0.23,0.0,0.46,1.61,10.09,79.55,0,,0,,0,0.0,0.0,0.0,,,0.69,,,0.8,0.0,0.0,0.8,0,0.0
Š. Gabriel,Slovan Liberec,Slovan Liberec,LCB,25,450000,2029-06-30,13,1237,0,1.07,0,0.03,14.77,58.62,Czech Republic,Czech Republic,right,187,85,no,10.33,4.44,72.13,6.69,53.26,0.44,0.67,0.65,6.69,10.26,0.73,2,0.15,0,0.0,0.29,0.0,0,0.0,0.08,0,0.0,5,0.36,20.0,0.0,0.0,0.29,0.0,0.07,0.0,0.22,0.0,0.07,0.44,50.0,0.87,50.0,1.16,0.51,0.0,28.16,0.36,0.44,45.25,84.73,19.64,75.93,2.69,91.89,19.72,94.1,38.42,89.96,6.55,57.78,22.79,36.41,0.0,0.15,0.0,0.0,0.0,0.0,0.0,5.24,69.44,0.44,16.67,0.15,0.0,0.15,0.0,9.24,68.5,0,,0,,0,0.0,0.0,0.0,,,1.96,,,0.07,0.0,0.0,0.0,0,0.0
J. Mosquera,Internacional Palmira,Dukla Praha,"LW, LWB",36,450000,2026-12-31,20,751,1,0.32,0,1.36,17.02,52.11,Colombia,Colombia,left,185,72,no,4.91,3.83,75.0,5.03,57.14,0.0,0.0,0.12,2.04,3.09,0.48,1,0.12,0,0.0,3.95,0.12,1,0.12,0.04,0,0.0,8,0.96,37.5,12.5,0.0,4.67,43.59,4.31,41.67,0.36,66.67,0.6,2.64,54.55,6.59,38.18,1.44,1.2,0.48,15.58,0.84,1.08,26.25,70.32,7.43,59.68,5.87,87.76,8.03,71.64,18.93,79.11,3.12,53.85,21.23,24.86,0.16,1.44,0.12,0.0,0.12,100.0,0.36,2.28,57.89,3.24,62.96,0.12,100.0,0.24,2.04,7.55,73.02,0,,0,,0,0.0,0.0,0.0,,,0.24,,,0.72,0.24,50.0,0.84,0,0.0
J. Matoušek,Bohemians 1905,Bohemians 1905,"LWF, CF, LAMF",28,450000,,29,1792,7,5.3,2,2.45,20.24,37.22,Czech Republic,Czech Republic,right,176,65,no,4.92,4.52,56.67,2.56,27.45,0.25,0.34,0.05,2.11,2.84,1.36,4,0.2,0,0.0,4.27,0.35,7,0.35,0.27,1,0.05,50,2.51,34.0,14.0,0.1,1.86,40.54,1.1,45.45,0.75,33.33,0.25,4.82,53.13,9.14,36.26,3.01,2.51,1.0,10.8,1.81,0.8,14.21,65.72,4.52,55.56,2.71,90.74,4.22,63.1,11.45,71.49,1.0,40.0,17.73,19.2,0.12,0.75,0.0,0.0,0.1,100.0,0.3,1.36,40.74,1.86,59.46,0.25,60.0,0.55,0.75,2.41,75.0,0,,0,,0,0.0,0.0,0.0,,,0.05,,,0.15,0.0,0.0,0.8,0,0.0
D. Hollý,Sparta Praha,Jablonec,"LWF, AMF, CF",22,450000,,32,2083,6,5.69,0,0.82,22.21,42.02,Slovakia,Slovakia,right,181,73,no,5.66,6.35,49.66,4.45,39.81,0.17,0.24,0.26,2.33,3.21,2.59,10,0.43,0,0.0,1.43,0.26,6,0.26,0.25,1,0.04,40,1.73,37.5,15.0,0.0,0.86,15.0,0.3,28.57,0.56,7.69,0.04,1.64,39.47,7.82,33.15,2.68,0.86,0.09,15.38,1.12,2.64,20.78,74.43,6.22,58.33,5.62,93.08,4.8,77.48,18.71,78.75,1.25,48.28,16.06,16.36,0.04,0.6,0.04,0.04,0.09,0.0,0.17,2.42,57.14,1.21,50.0,0.3,0.0,0.73,0.13,2.85,72.73,0,,0,,0,0.0,0.0,0.0,,,0.04,,,0.0,0.0,0.0,0.0,0,0.0
R. Ludha,Teplice,Teplice,GK,25,450000,2026-12-31,20,1931,0,0.0,0,0.0,0.51,100.0,Slovakia,Slovakia,right,187,80,no,1.58,0.05,100.0,0.42,100.0,0.0,0.0,0.0,1.54,2.01,0.0,0,0.0,0,0.0,0.0,0.0,0,0.0,0.0,0,0.0,0,0.0,0.0,0.0,0.0,0.0,0.0,0.0,0.0,0.0,0.0,0.0,0.0,0.0,0.0,0.0,0.0,0.0,0.0,12.77,0.0,0.09,20.32,81.65,13.33,72.73,0.0,0.0,6.57,99.29,9.46,98.52,10.81,67.24,38.31,49.83,0.0,0.0,0.0,0.0,0.0,0.0,0.0,3.59,58.44,0.09,0.0,0.14,33.33,0.05,0.0,8.25,81.92,29,1.35,83,3.87,4,65.06,28.39,1.32,-0.61,-0.028,0.0,1.82,0.42,,,,0.0,0,0.0
S. Nebyla,Jablonec,Jablonec,"LCMF, RCMF",24,450000,2027-06-30,33,2575,6,5.26,3,3.74,11.64,49.55,Slovakia,Slovakia,right,183,75,no,6.29,5.03,63.89,1.68,41.67,0.35,0.48,0.21,2.73,3.75,0.94,5,0.17,1,0.03,1.57,0.21,5,0.17,0.18,0,0.0,43,1.5,32.56,13.953,0.1,1.22,48.57,0.49,50.0,0.73,47.62,0.14,0.7,60.0,2.97,35.29,1.64,0.77,0.1,19.89,0.14,0.59,29.74,84.72,8.95,73.05,5.66,93.83,10.45,90.64,26.42,88.49,2.1,58.33,18.28,31.71,0.13,1.12,0.07,0.07,0.21,33.33,0.24,3.77,71.3,1.92,54.55,0.52,40.0,0.8,0.59,5.07,75.17,0,,0,,0,0.0,0.0,0.0,,,0.21,,,0.84,0.1,66.67,2.55,1,100.0
J. Suchan,Jablonec,Jablonec,"AMF, RCMF, DMF",30,450000,,25,1251,0,2.13,2,1.36,16.98,46.19,Czech Republic,Czech Republic,right,179,71,no,4.89,3.31,67.39,1.73,41.67,0.07,0.1,0.07,2.59,3.61,0.94,0,0.0,0,0.0,2.37,0.0,0,0.0,0.15,0,0.0,23,1.65,26.09,0.0,0.14,1.08,46.67,0.36,40.0,0.72,50.0,0.07,2.81,48.72,9.42,40.46,1.58,1.44,0.36,19.57,1.08,2.59,30.29,80.76,9.71,68.15,6.33,94.32,9.21,84.38,27.34,84.47,1.94,44.44,15.67,18.49,0.1,1.15,0.0,0.07,0.36,20.0,0.22,4.1,66.67,2.52,60.0,0.43,33.33,1.08,0.5,4.89,67.65,0,,0,,0,0.0,0.0,0.0,,,0.07,,,1.01,0.14,50.0,2.37,0,0.0
D. Horák,Hradec Králové,Hradec Králové,"LWB, LB",26,450000,2028-06-30,31,2811,2,2.52,7,3.92,13.35,51.08,Czech Republic,Czech Republic,left,185,75,no,7.24,5.19,68.52,2.95,36.96,0.26,0.31,0.13,3.43,4.16,0.77,3,0.1,0,0.0,1.89,0.06,2,0.06,0.08,1,0.03,18,0.58,33.33,11.111,0.22,2.47,41.56,2.31,41.67,0.13,50.0,0.22,0.83,80.77,3.36,46.67,1.76,1.02,0.19,20.04,1.15,1.06,28.18,74.89,10.98,64.14,5.73,92.18,6.05,77.25,23.18,81.49,2.75,48.84,18.96,30.45,0.13,1.09,0.0,0.06,0.03,0.0,0.32,2.85,61.8,2.4,58.67,0.1,33.33,0.86,0.9,6.85,66.82,0,,0,,0,0.0,0.0,0.0,,,0.61,,,0.8,0.06,50.0,2.21,0,0.0
J. Klíma,Zbrojovka Brno,Hradec Králové,"RWB, RB, RCB",27,450000,,29,2484,1,0.24,2,1.24,14.96,52.78,Czech Republic,Czech Republic,right,184,78,no,9.09,6.56,65.19,2.46,38.24,0.14,0.17,0.07,4.67,5.57,0.58,4,0.14,0,0.0,1.41,0.04,1,0.04,0.01,0,0.0,4,0.14,25.0,25.0,0.07,1.7,38.3,0.0,0.0,1.67,36.96,0.18,1.12,64.52,3.99,44.55,0.8,0.98,0.18,19.86,1.67,0.62,31.38,73.56,13.51,61.39,4.17,93.04,8.48,85.04,25.4,80.31,4.38,46.28,18.89,31.79,0.04,0.4,0.0,0.04,0.0,0.0,0.22,4.96,64.96,1.99,54.55,0.43,33.33,0.51,0.58,7.36,61.08,0,,0,,0,0.0,0.0,0.0,,,0.62,,,0.0,0.0,0.0,0.0,0,0.0
M. Krmenčík,,Slovácko,CF,33,450000,,24,1278,3,5.72,2,0.18,22.25,29.11,Czech Republic,Czech Republic,right,190,84,no,2.54,1.34,57.89,7.46,42.45,0.14,0.2,0.07,1.62,2.35,1.27,5,0.35,0,0.0,1.13,0.21,3,0.21,0.4,1,0.07,29,2.04,37.93,10.345,0.14,0.28,25.0,0.0,0.0,0.28,25.0,0.07,0.63,44.44,7.54,16.82,2.96,0.28,0.14,6.13,1.9,0.85,13.66,70.1,3.73,62.26,3.24,84.78,3.73,67.92,12.75,71.27,0.7,70.0,14.17,12.37,0.01,0.49,0.07,0.07,0.14,0.0,0.14,1.9,62.96,0.56,37.5,0.07,0.0,0.35,0.07,1.97,57.14,0,,0,,0,0.0,0.0,0.0,,,0.0,,,0.0,0.0,0.0,0.0,1,0.0
M. Trávník,Slovácko,Slovácko,"RDMF, LDMF, RCMF",32,450000,2029-06-30,31,2918,1,2.32,5,4.48,19.18,50.32,Czech Republic,Czech Republic,right,175,70,no,9.31,8.76,58.1,2.53,43.9,0.4,0.56,0.28,3.82,5.35,1.73,9,0.28,0,0.0,1.36,0.03,1,0.03,0.07,0,0.0,33,1.02,9.09,3.03,0.15,1.82,37.29,0.83,44.44,0.96,32.26,0.22,1.05,50.0,5.27,40.94,0.68,0.71,0.09,22.11,0.49,1.85,37.32,77.11,14.19,63.26,6.35,92.72,11.91,87.05,29.33,85.8,6.2,47.76,20.52,33.31,0.14,1.2,0.0,0.03,0.12,50.0,0.34,6.94,60.44,2.62,37.65,0.56,22.22,0.34,0.65,7.49,71.6,0,,0,,0,0.0,0.0,0.0,,,0.49,,,0.89,0.0,0.0,2.22,0,0.0
M. Koscelník,Slovácko,Slovácko,"LB, RB, RWB",31,450000,2026-12-31,15,830,2,1.92,0,0.27,22.23,47.32,Slovakia,Slovakia,right,180,75,no,8.67,6.72,59.68,4.66,25.58,0.33,0.45,0.22,4.34,6.06,1.19,2,0.22,0,0.0,2.71,0.22,2,0.22,0.21,1,0.11,11,1.19,63.64,18.182,0.0,1.84,23.53,1.19,18.18,0.65,33.33,0.43,2.82,53.85,7.48,53.62,1.95,0.65,0.22,15.94,0.98,2.6,28.3,65.13,13.77,51.97,4.55,88.1,6.18,75.44,21.58,72.86,4.88,46.67,19.68,26.75,0.03,0.43,0.11,0.0,0.11,0.0,0.0,6.07,46.43,2.06,36.84,0.54,40.0,0.33,0.54,7.27,61.19,0,,0,,0,0.0,0.0,0.0,,,0.54,,,0.0,0.0,0.0,0.0,0,0.0
Merchas Doski,Viktoria Plzeň,Viktoria Plzeň,"LB, LWB",26,450000,2029-06-30,27,1845,0,0.19,1,1.3,21.22,61.15,Germany,"Germany, Iraq",left,173,69,no,11.37,9.02,69.73,2.49,56.86,0.29,0.4,0.1,4.78,6.58,1.32,7,0.34,1,0.05,3.02,0.0,0,0.0,0.01,0,0.0,7,0.34,42.86,0.0,0.05,2.24,54.35,2.2,53.33,0.0,0.0,0.54,2.29,72.34,6.73,54.35,0.63,1.76,0.39,20.05,1.37,2.98,30.59,76.24,12.78,62.6,5.9,96.69,8.63,82.49,22.29,83.59,6.24,57.81,21.0,30.95,0.06,0.39,0.0,0.1,0.0,0.0,0.34,5.61,65.22,3.02,56.45,0.54,45.45,0.63,1.12,8.83,77.9,0,,0,,0,0.0,0.0,0.0,,,0.73,,,0.05,0.0,0.0,0.15,0,0.0
L. Endl,Karviná,Karviná,"RCB, LCB",23,450000,2027-06-30,16,904,0,0.55,0,0.05,16.23,56.44,Czech Republic,Czech Republic,right,191,80,no,11.95,5.58,64.29,6.07,55.74,0.0,0.0,1.19,8.36,12.0,0.3,0,0.0,0,0.0,0.8,0.0,0,0.0,0.05,0,0.0,4,0.4,25.0,0.0,0.0,0.0,0.0,0.0,0.0,0.0,0.0,0.0,0.7,85.71,1.99,50.0,0.8,0.4,0.2,26.88,0.9,0.5,40.72,86.06,16.63,74.25,3.48,100.0,15.23,95.42,35.34,90.14,5.38,59.26,17.28,28.85,0.0,0.1,0.0,0.0,0.1,100.0,0.0,3.48,68.57,0.2,50.0,0.1,100.0,0.2,0.0,6.97,64.29,0,,0,,0,0.0,0.0,0.0,,,2.49,,,0.0,0.0,0.0,0.0,0,0.0
O. Kukučka,Zlín,Slovácko,"LCB, RCB",22,400000,2027-06-30,22,2048,1,0.55,1,0.69,14.77,64.88,Czech Republic,Czech Republic,right,190,78,yes,12.79,7.69,76.57,4.09,55.91,0.4,0.54,0.88,6.5,8.84,0.57,1,0.04,0,0.0,0.22,0.04,1,0.04,0.02,1,0.04,5,0.22,40.0,20.0,0.04,0.04,0.0,0.0,0.0,0.04,0.0,0.0,0.22,60.0,1.41,40.63,0.62,0.62,0.09,24.3,0.31,0.48,37.13,82.72,16.74,68.5,1.58,94.44,16.26,95.41,29.58,90.49,7.51,52.63,22.91,36.79,0.03,0.13,0.0,0.0,0.0,0.0,0.09,5.23,61.34,0.44,50.0,0.62,42.86,0.26,0.0,8.44,65.63,0,,0,,0,0.0,0.0,0.0,,,0.92,,,0.0,0.0,0.0,0.0,0,0.0
F. Souček,Ružomberok,Slovácko,"LCMF, LDMF, LCB",25,400000,2029-06-30,5,89,0,0.31,0,0.0,17.19,58.82,Czech Republic,Czech Republic,right,187,83,no,10.11,6.07,100.0,5.06,40.0,0.0,0.0,0.0,4.04,6.67,0.0,0,0.0,0,0.0,1.01,0.0,0,0.0,0.31,0,0.0,1,1.01,0.0,0.0,0.0,2.02,50.0,0.0,0.0,2.02,50.0,0.0,1.01,0.0,2.02,0.0,1.01,0.0,0.0,16.18,0.0,0.0,25.28,84.0,10.11,90.0,1.01,100.0,11.12,90.91,20.22,85.0,3.03,100.0,29.12,15.97,0.0,0.0,0.0,0.0,0.0,0.0,0.0,4.04,100.0,3.03,66.67,0.0,0.0,1.01,1.01,6.07,66.67,0,,0,,0,0.0,0.0,0.0,,,0.0,,,0.0,0.0,0.0,0.0,0,0.0
D. Holec,Piast Gliwice,Baník Ostrava,GK,31,400000,,17,1653,0,0.0,0,0.0,0.65,100.0,Czech Republic,"Czech Republic, Slovakia",right,191,90,no,1.85,0.16,100.0,0.27,100.0,0.0,0.0,0.0,1.69,2.35,0.0,2,0.11,0,0.0,0.0,0.0,0,0.0,0.0,0,0.0,0,0.0,0.0,0.0,0.0,0.0,0.0,0.0,0.0,0.0,0.0,0.0,0.0,0.0,0.11,100.0,0.0,0.0,0.0,14.97,0.27,0.33,21.94,87.1,12.85,79.66,0.0,0.0,8.87,97.55,12.85,97.88,9.04,72.29,33.92,46.81,0.0,0.0,0.0,0.05,0.0,0.0,0.0,2.18,57.5,0.16,0.0,0.0,0.0,0.0,0.0,7.19,82.58,15,0.82,71,3.87,7,78.87,22.43,1.22,7.43,0.405,0.0,1.25,0.27,,,,0.0,0,0.0
A. Munksgaard,Kristiansund,Baník Ostrava,"RCB, RWB, LWF",28,400000,2027-12-31,3,111,0,0.37,0,0.04,16.22,60.0,Denmark,Denmark,right,181,75,no,11.35,7.3,77.78,4.05,40.0,1.62,2.22,0.81,4.05,5.56,0.0,0,0.0,0,0.0,0.81,0.0,0,0.0,0.3,0,0.0,1,0.81,0.0,0.0,0.0,0.81,100.0,0.0,0.0,0.81,100.0,0.0,0.0,0.0,2.43,66.67,0.81,0.81,0.0,17.84,1.62,1.62,30.81,78.95,8.11,60.0,8.92,81.82,8.92,90.91,27.57,79.41,2.43,66.67,15.22,20.76,0.03,0.81,0.0,0.0,0.0,0.0,0.81,1.62,100.0,0.81,100.0,0.0,0.0,0.0,0.81,4.86,50.0,0,,0,,0,0.0,0.0,0.0,,,5.68,,,0.0,0.0,0.0,0.0,0,0.0
E. Prekop,Górnik Zabrze,Baník Ostrava,CF,28,400000,2029-06-30,32,2575,8,11.95,2,1.84,28.31,34.57,Slovakia,Slovakia,left,185,77,no,2.87,2.69,58.44,8.07,40.69,0.07,0.1,0.21,1.22,1.76,1.4,3,0.1,1,0.03,1.92,0.28,8,0.28,0.42,1,0.03,64,2.24,34.38,12.5,0.07,0.42,25.0,0.31,11.11,0.07,50.0,0.07,2.13,45.9,11.95,26.02,4.96,0.84,0.03,12.23,2.55,2.03,15.59,74.44,3.08,59.09,4.05,86.21,3.7,71.7,14.61,77.03,0.59,41.18,13.69,15.17,0.06,0.77,0.07,0.03,0.14,50.0,0.31,1.33,65.79,0.73,42.86,0.14,25.0,0.91,0.1,1.4,70.0,0,,0,,0,0.0,0.0,0.0,,,0.03,,,0.03,0.03,0.0,0.03,0,0.0
J. Markovič,Slavia Praha,Slavia Praha,GK,25,400000,2029-06-30,21,2079,0,0.0,0,0.0,0.56,61.54,Czech Republic,Czech Republic,right,187,83,no,1.9,0.13,0.0,0.26,83.33,0.0,0.0,0.0,1.9,2.86,0.0,0,0.0,0,0.0,0.0,0.0,0,0.0,0.0,0,0.0,0,0.0,0.0,0.0,0.0,0.0,0.0,0.0,0.0,0.0,0.0,0.0,0.0,0.0,0.13,66.67,0.0,0.0,0.0,18.05,0.35,0.09,27.58,88.85,13.77,79.56,0.04,100.0,12.73,98.3,19.35,97.54,8.14,69.15,30.33,47.94,0.0,0.0,0.0,0.0,0.0,0.0,0.0,3.25,64.0,0.17,50.0,0.13,33.33,0.09,0.0,5.97,81.88,26,1.13,94,4.07,7,72.34,32.14,1.39,6.14,0.266,0.0,1.56,0.26,,,,0.0,0,0.0
T. Zlatohlávek,Teplice,Baník Ostrava,"CF, AMF, RDMF",26,400000,2028-06-30,29,1601,3,5.62,2,0.93,21.92,35.13,Czech Republic,Czech Republic,right,183,72,no,4.83,4.05,48.61,5.06,30.0,0.51,0.66,0.28,2.36,3.07,1.97,8,0.45,0,0.0,2.64,0.17,2,0.11,0.32,0,0.0,35,1.97,42.86,8.571,0.11,1.35,25.0,0.67,25.0,0.67,25.0,0.06,1.97,60.0,7.81,38.85,2.36,1.07,0.22,16.08,1.57,2.08,23.44,70.74,6.86,52.46,5.17,92.39,7.53,73.13,19.28,77.84,3.09,40.0,18.04,25.64,0.05,0.67,0.06,0.0,0.34,83.33,0.34,3.26,56.9,2.19,46.15,0.51,77.78,0.84,0.51,4.05,63.89,0,,0,,0,0.0,0.0,0.0,,,0.39,,,0.39,0.06,0.0,0.39,2,50.0
J. Šíp,Sigma Olomouc,Sigma Olomouc,LAMF,23,400000,2030-06-30,28,1413,2,2.21,0,0.62,24.27,38.32,Czech Republic,Czech Republic,left,176,78,no,5.8,5.16,58.02,4.59,30.56,0.06,0.09,0.06,2.74,3.96,1.46,2,0.13,1,0.06,3.18,0.13,2,0.13,0.14,0,0.0,22,1.4,45.45,9.091,0.0,2.93,28.26,2.87,26.67,0.0,0.0,0.45,3.82,45.0,10.7,36.31,2.1,2.04,0.76,9.81,1.34,1.15,18.15,64.91,4.46,58.57,3.5,85.45,4.84,57.89,14.27,74.55,1.08,35.29,17.61,14.74,0.04,0.38,0.0,0.0,0.06,0.0,0.19,1.27,75.0,2.23,25.71,0.13,0.0,0.19,0.89,2.8,65.91,0,,0,,0,0.0,0.0,0.0,,,0.06,,,0.06,0.0,0.0,0.0,0,0.0
J. Sýkora,,Sigma Olomouc,RAMF,32,400000,,8,201,0,0.0,0,0.11,18.81,28.57,Czech Republic,Czech Republic,left,171,64,no,4.03,5.37,50.0,0.9,0.0,0.0,0.0,0.0,1.34,2.81,2.24,1,0.45,0,0.0,2.24,0.0,0,0.0,0.0,0,0.0,0,0.0,0.0,0.0,0.0,2.24,40.0,0.0,0.0,1.79,25.0,0.9,3.13,42.86,9.4,23.81,3.13,0.9,0.0,14.78,1.34,0.9,20.6,78.26,5.82,69.23,1.79,100.0,7.61,82.35,17.46,82.05,0.9,100.0,18.76,9.51,0.05,0.9,0.0,0.0,0.0,0.0,0.0,2.69,66.67,0.9,100.0,0.0,0.0,0.9,0.9,4.48,70.0,0,,0,,0,0.0,0.0,0.0,,,0.0,,,0.45,0.0,0.0,0.45,0,0.0
J. Kliment,Sigma Olomouc,Sigma Olomouc,CF,32,400000,2028-06-30,21,1643,18,9.53,2,1.09,23.23,33.96,Czech Republic,"Czech Republic, Slovakia",right,185,73,no,3.23,3.01,43.64,8.11,39.86,0.22,0.35,0.05,1.7,2.7,1.97,7,0.38,1,0.05,3.01,0.99,13,0.71,0.52,2,0.11,44,2.41,56.82,40.909,0.11,1.26,39.13,0.44,50.0,0.82,33.33,0.11,2.25,51.22,8.27,29.8,4.22,1.37,0.38,11.67,2.36,1.21,14.57,73.68,2.47,53.33,4.6,86.9,3.89,80.28,13.15,77.08,0.16,66.67,13.64,3.21,0.06,0.71,0.11,0.05,0.05,0.0,0.38,0.77,64.29,1.15,57.14,0.0,0.0,0.71,0.44,1.37,92.0,0,,0,,0,0.0,0.0,0.0,,,0.0,,,0.0,0.0,0.0,0.05,5,100.0
J. Král,Sigma Olomouc,Sigma Olomouc,LCB,27,400000,2028-06-30,18,1485,0,0.16,1,0.01,17.09,62.77,Czech Republic,Czech Republic,left,194,88,no,8.67,5.39,79.78,8.06,56.39,0.12,0.17,0.42,4.24,5.8,0.97,4,0.24,0,0.0,0.36,0.0,0,0.0,0.01,0,0.0,2,0.12,50.0,0.0,0.06,0.12,100.0,0.12,100.0,0.0,0.0,0.0,0.24,75.0,1.45,45.83,0.3,0.42,0.0,15.82,0.42,1.09,29.76,79.84,13.52,65.47,2.3,94.74,11.7,95.34,22.48,88.14,7.15,53.39,22.68,35.68,0.0,0.06,0.0,0.06,0.0,0.0,0.0,5.27,52.87,0.73,25.0,0.36,16.67,0.06,0.12,7.45,64.23,0,,0,,0,0.0,0.0,0.0,,,1.7,,,0.0,0.0,0.0,0.0,0,0.0
D. Plechatý,Artis Brno,Slovan Liberec,RCB,27,400000,2029-06-30,21,2051,0,1.41,1,0.0,15.23,58.5,Czech Republic,Czech Republic,right,183,78,no,7.59,5.62,65.63,4.87,57.66,0.18,0.25,0.48,3.73,5.26,0.88,5,0.22,0,0.0,0.57,0.0,0,0.0,0.06,0,0.0,7,0.31,28.57,0.0,0.04,0.48,9.09,0.0,0.0,0.48,9.09,0.04,0.61,71.43,1.67,57.89,0.66,1.27,0.18,20.89,0.57,0.7,34.18,80.74,13.82,66.03,2.9,96.97,14.04,93.13,27.86,87.72,5.84,53.38,21.13,34.36,0.0,0.04,0.0,0.0,0.0,0.0,0.0,4.56,67.31,0.53,8.33,0.26,16.67,0.13,0.0,7.24,58.79,0,,0,,0,0.0,0.0,0.0,,,1.58,,,0.04,0.0,0.0,0.04,0,0.0
J. Kopic,Viktoria Plzeň II,Viktoria Plzeň,"RWB, RB",36,400000,,24,1141,3,1.26,1,2.53,14.43,52.46,Czech Republic,Czech Republic,right,179,81,no,6.94,4.18,75.47,1.74,45.45,0.0,0.0,0.08,3.79,6.49,0.32,0,0.0,0,0.0,3.63,0.24,3,0.24,0.1,0,0.0,13,1.03,46.15,23.077,0.08,2.84,55.56,0.16,0.0,2.68,58.82,0.39,2.92,51.35,6.39,41.98,2.52,1.42,0.39,25.16,1.03,0.79,38.49,82.17,12.46,78.48,11.04,95.0,8.76,76.58,31.24,88.64,4.73,53.33,16.63,27.7,0.2,1.1,0.0,0.24,0.08,100.0,0.79,5.05,73.44,3.39,67.44,0.39,40.0,1.5,1.5,8.52,79.63,0,,0,,0,0.0,0.0,0.0,,,0.63,,,0.16,0.08,0.0,0.16,0,0.0
M. Ristovski,,Bohemians 1905,"LCMF, AMF",28,400000,,23,1332,0,1.29,0,0.89,22.77,48.96,North Macedonia,North Macedonia,right,188,84,no,8.51,5.68,65.48,6.76,59.0,0.61,0.88,0.54,4.19,6.06,1.35,2,0.14,0,0.0,1.76,0.0,0,0.0,0.09,0,0.0,24,1.62,12.5,0.0,0.0,1.35,50.0,0.74,18.18,0.54,87.5,0.07,1.62,50.0,6.22,29.35,2.09,0.41,0.07,13.78,0.81,0.74,26.15,82.43,7.09,67.62,6.08,94.44,7.77,88.7,23.24,85.47,1.62,62.5,16.32,18.24,0.06,1.01,0.0,0.0,0.14,50.0,0.34,3.11,71.74,1.42,66.67,0.14,100.0,1.22,0.68,3.65,68.52,0,,0,,0,0.0,0.0,0.0,,,0.47,,,0.0,0.0,0.0,0.0,0,0.0
D. Mareček,Teplice,Mladá Boleslav,"RWB, LWB, AMF",28,400000,,28,1598,3,1.83,1,0.39,13.35,44.3,Czech Republic,Czech Republic,right,181,77,no,6.14,4.62,53.66,2.82,44.0,0.56,0.79,0.11,3.1,4.35,1.24,3,0.17,0,0.0,1.75,0.17,3,0.17,0.1,0,0.0,12,0.68,50.0,25.0,0.06,1.91,29.41,0.51,22.22,1.35,29.17,0.45,1.3,56.52,3.94,40.0,2.31,0.79,0.11,16.61,1.52,0.79,24.44,73.73,8.62,67.97,6.25,90.99,5.91,68.57,19.15,80.59,3.6,57.81,19.33,26.54,0.02,0.28,0.0,0.0,0.11,100.0,0.23,2.93,73.08,1.8,43.75,0.34,50.0,0.39,0.51,5.07,68.89,0,,0,,0,0.0,0.0,0.0,,,0.34,,,0.0,0.0,0.0,0.0,0,0.0
H. Hurtado,Turan-T,Jablonec,LCB,30,400000,2027-06-30,10,341,0,0.22,0,0.0,16.1,60.66,Colombia,Colombia,left,185,89,no,9.77,5.54,80.95,5.81,59.09,0.0,0.0,0.53,5.28,6.12,0.26,0,0.0,0,0.0,0.53,0.0,0,0.0,0.06,0,0.0,1,0.26,0.0,0.0,0.0,0.26,100.0,0.26,100.0,0.0,0.0,0.0,0.26,100.0,1.85,57.14,0.26,0.26,0.0,21.38,0.79,0.79,33.78,77.34,17.42,68.18,2.38,88.89,10.82,85.37,25.34,86.46,8.45,50.0,21.66,32.46,0.0,0.0,0.0,0.0,0.0,0.0,0.0,5.54,66.67,1.32,20.0,0.79,0.0,0.26,0.0,9.24,68.57,0,,0,,0,0.0,0.0,0.0,,,1.32,,,0.0,0.0,0.0,0.0,0,0.0
M. Beran,Sigma Olomouc,Jablonec,"RCMF, LCMF",25,400000,2030-06-30,35,3363,1,0.79,1,1.64,11.27,54.39,Czech Republic,Czech Republic,right,167,58,no,6.13,4.15,63.23,0.86,12.5,0.11,0.15,0.27,3.4,4.66,0.56,3,0.08,0,0.0,1.9,0.03,1,0.03,0.02,0,0.0,31,0.83,16.13,3.226,0.03,1.15,32.56,0.54,40.0,0.59,27.27,0.19,1.95,68.49,4.52,56.21,0.56,1.71,0.27,31.12,0.16,0.88,46.19,80.53,19.72,67.84,5.83,96.79,15.33,91.45,36.82,88.59,8.3,51.29,21.04,37.44,0.04,0.59,0.03,0.0,0.19,28.57,0.16,10.46,67.26,2.92,47.71,0.78,37.93,1.02,0.37,9.71,79.89,0,,0,,0,0.0,0.0,0.0,,,0.96,,,0.0,0.0,0.0,0.27,0,0.0
D. Trubač,Hradec Králové,Teplice,"LCMF, AMF",28,400000,2029-06-30,29,2490,6,4.22,1,2.13,14.82,44.88,Czech Republic,Czech Republic,right,175,73,no,5.42,3.29,74.73,2.2,37.7,0.18,0.24,0.07,2.78,3.7,0.47,3,0.11,0,0.0,1.92,0.22,5,0.18,0.15,1,0.04,48,1.73,18.75,12.5,0.04,1.45,50.0,1.05,44.83,0.33,55.56,0.14,1.92,43.4,6.43,32.58,1.7,1.23,0.33,17.06,1.16,1.08,29.89,82.95,8.17,67.26,6.87,96.32,9.14,85.38,25.77,86.82,2.78,63.64,17.18,27.83,0.08,0.83,0.04,0.04,0.11,33.33,0.29,3.33,67.39,2.2,60.66,0.51,42.86,0.76,0.65,4.41,76.23,0,,0,,0,0.0,0.0,0.0,,,0.43,,,0.25,0.0,0.0,0.54,1,100.0
J. Fortelný,Teplice,Jablonec,"LWF, CF, LCMF",27,400000,,13,373,0,0.27,0,0.57,14.96,40.32,Czech Republic,Czech Republic,right,175,67,no,6.27,5.79,66.67,1.69,14.29,0.0,0.0,0.0,2.41,3.7,0.97,1,0.24,0,0.0,1.21,0.0,0,0.0,0.06,0,0.0,3,0.72,33.33,0.0,0.0,1.69,14.29,0.48,0.0,1.21,20.0,0.24,1.93,25.0,4.58,31.58,1.69,1.93,0.24,20.51,0.48,0.24,27.99,74.14,10.62,61.36,5.07,90.48,6.76,75.0,23.16,82.29,3.14,46.15,18.64,24.84,0.14,1.69,0.0,0.0,0.48,50.0,0.48,5.55,56.52,1.69,57.14,1.45,33.33,1.21,0.48,6.51,74.07,0,,0,,0,0.0,0.0,0.0,,,0.0,,,0.48,0.0,0.0,0.48,0,0.0
M. Trmal,Teplice,Teplice,GK,27,400000,2027-06-30,31,2948,0,0.0,0,0.0,0.79,65.38,Czech Republic,Czech Republic,right,191,85,no,1.86,0.09,66.67,0.34,90.91,0.03,0.04,0.0,1.77,2.57,0.03,0,0.0,1,0.03,0.03,0.0,0,0.0,0.0,0,0.0,0,0.0,0.0,0.0,0.0,0.0,0.0,0.0,0.0,0.0,0.0,0.0,0.09,33.33,0.31,50.0,0.0,0.0,0.0,15.51,0.24,0.12,25.25,91.54,12.18,85.21,0.0,0.0,12.52,97.56,18.35,97.84,6.9,74.78,30.3,49.47,0.0,0.0,0.0,0.06,0.0,0.0,0.0,2.17,63.38,0.09,0.0,0.12,25.0,0.0,0.0,5.89,81.35,28,0.85,123,3.76,13,77.24,35.6,1.09,7.6,0.232,0.0,1.62,0.34,,,,0.0,0,0.0
P. Juliš,Slovan Liberec,Hradec Králové,"CF, RWF, RB",23,400000,2029-06-30,28,1412,0,2.6,0,1.19,20.4,42.5,Czech Republic,Czech Republic,right,188,78,no,5.23,4.53,53.52,3.51,36.36,0.19,0.26,0.06,2.61,3.62,1.15,1,0.06,1,0.06,4.4,0.0,0,0.0,0.17,0,0.0,29,1.85,17.24,0.0,0.0,2.55,40.0,0.06,0.0,2.49,41.03,0.45,4.02,73.02,9.94,42.31,2.74,1.78,0.25,12.68,1.4,1.15,19.95,73.48,4.72,58.11,4.78,94.67,5.29,67.47,16.76,79.47,0.7,45.45,15.68,12.17,0.08,0.7,0.06,0.0,0.19,66.67,0.25,1.59,60.0,2.93,50.0,0.19,33.33,0.83,1.08,3.57,69.64,0,,0,,0,0.0,0.0,0.0,,,0.19,,,0.0,0.0,0.0,0.0,0,0.0
P. Blahút,Slovácko,Slovácko,"RAMF, RW, LAMF",28,400000,2029-06-30,30,2296,2,1.51,0,1.17,13.64,43.1,Slovakia,Slovakia,right,172,66,no,4.31,3.84,57.14,1.8,23.91,0.16,0.21,0.08,1.96,2.64,0.24,3,0.12,0,0.0,3.21,0.08,2,0.08,0.06,0,0.0,18,0.71,38.89,11.111,0.0,2.12,33.33,0.55,35.71,1.53,33.33,0.47,3.68,59.57,6.7,41.52,2.04,2.12,0.55,17.17,1.61,0.9,25.13,78.32,6.35,67.28,6.55,95.21,7.41,78.31,21.25,84.32,1.84,57.45,17.63,22.47,0.05,0.67,0.0,0.0,0.04,100.0,0.31,1.65,61.9,1.72,56.82,0.04,100.0,0.67,0.71,4.19,62.62,0,,0,,0,0.0,0.0,0.0,,,0.35,,,0.0,0.0,0.0,0.0,0,0.0
M. Černák,Dukla Praha,Jablonec,LB,22,400000,,1,6,0,0.0,0,0.0,,,Czech Republic,Czech Republic,right,174,68,no,,,,,,,0.0,,,0.0,,0,,0,,,,0,,,0,,0,,,0.0,,,,,,,,,,,,,,,,,,,,,,,,,,,,,,,8.16,0.0,,,,,,,,,,,,,,,,,,0,,0,,0,0.0,0.0,,,,,,,,,,,0,0.0
D. Holzer,Baník Ostrava,Baník Ostrava,"LWB, LB",30,375000,2028-06-30,29,1986,0,1.03,5,5.37,11.74,52.9,Czech Republic,Czech Republic,left,177,70,no,5.57,4.44,62.24,1.4,38.71,0.0,0.0,0.14,2.81,4.25,0.36,1,0.05,0,0.0,3.85,0.0,0,0.0,0.05,0,0.0,12,0.54,16.67,0.0,0.23,5.35,42.37,5.26,42.24,0.09,50.0,1.13,2.31,62.75,4.35,50.0,2.67,2.9,0.32,25.79,2.04,0.82,35.89,75.13,12.05,69.17,7.25,92.5,9.11,72.14,28.1,83.39,2.76,54.1,17.13,27.82,0.24,1.86,0.09,0.05,0.09,50.0,0.91,3.72,75.61,5.08,55.36,0.27,50.0,1.59,2.22,8.07,78.09,0,,0,,0,0.0,0.0,0.0,,,0.27,,,0.14,0.0,0.0,1.18,0,0.0
M. Pourzitidis,,Dukla Praha,LCB,27,375000,,22,2013,1,0.73,0,0.6,13.82,56.63,Greece,"Greece, Czech Republic",left,187,83,no,8.14,4.52,72.28,4.2,46.81,0.4,0.52,0.31,4.47,5.81,1.52,7,0.31,0,0.0,0.36,0.04,1,0.04,0.03,0,0.0,12,0.54,16.67,8.333,0.0,0.27,83.33,0.27,83.33,0.0,0.0,0.04,0.09,0.0,1.21,44.44,0.49,1.43,0.09,25.98,0.18,0.76,40.37,82.39,19.23,70.93,2.46,96.36,15.96,95.52,32.37,90.33,7.73,49.13,23.68,41.49,0.03,0.22,0.0,0.04,0.04,100.0,0.13,7.15,56.88,1.52,26.47,0.76,23.53,0.27,0.18,8.99,68.66,0,,0,,0,0.0,0.0,0.0,,,1.34,,,0.09,0.0,0.0,0.0,0,0.0
L. Hůlka,Slovan Liberec,Bohemians 1905,"DMF, RCB, RDMF",31,375000,2029-06-30,31,3008,0,1.9,0,0.24,18.97,59.31,Czech Republic,Czech Republic,right,182,74,no,10.62,6.28,70.48,6.04,58.42,0.15,0.21,0.3,6.04,8.35,0.93,2,0.06,0,0.0,0.81,0.0,0,0.0,0.06,0,0.0,25,0.75,24.0,0.0,0.0,0.75,40.0,0.18,50.0,0.54,33.33,0.12,0.57,47.37,3.26,44.95,0.93,0.66,0.15,18.91,0.39,1.14,35.22,78.76,15.08,68.06,3.83,95.31,12.33,89.08,29.68,84.07,4.79,51.88,20.03,34.66,0.01,0.15,0.03,0.0,0.06,100.0,0.03,5.71,68.59,1.17,56.41,0.33,72.73,0.36,0.27,7.21,69.29,0,,0,,0,0.0,0.0,0.0,,,0.87,,,0.06,0.03,100.0,0.0,0,0.0
V. Drchal,Pardubice,Bohemians 1905,"CF, RWF, RAMF",26,375000,2027-06-30,34,2713,4,6.8,4,4.06,23.06,37.12,Czech Republic,Czech Republic,right,185,84,no,4.21,4.78,56.94,3.52,29.25,0.07,0.09,0.07,1.43,2.02,1.39,0,0.0,0,0.0,2.95,0.13,4,0.13,0.23,2,0.07,55,1.82,30.91,7.273,0.13,1.89,31.58,0.33,40.0,1.53,28.26,0.36,3.05,56.52,9.92,31.77,3.95,1.63,0.36,8.96,1.86,1.16,16.02,71.84,3.32,63.0,5.44,89.02,3.58,62.96,13.63,78.83,0.7,38.1,15.87,18.54,0.13,0.76,0.0,0.03,0.07,100.0,0.53,1.19,58.33,1.36,43.9,0.07,100.0,0.83,0.46,1.86,75.0,0,,0,,0,0.0,0.0,0.0,,,0.03,,,0.0,0.0,0.0,0.0,0,0.0
D. Bergqvist,Värnamo,Karviná,"RCB, CB",33,375000,2027-12-31,7,397,0,0.0,0,0.01,18.82,71.08,Sweden,Sweden,right,185,86,no,7.93,4.99,86.36,7.93,71.43,0.0,0.0,0.0,3.63,6.76,0.68,1,0.23,1,0.23,0.23,0.0,0,0.0,0.0,0,0.0,0,0.0,0.0,0.0,0.0,0.0,0.0,0.0,0.0,0.0,0.0,0.0,0.68,33.33,2.95,30.77,0.45,0.45,0.0,39.9,0.45,1.13,61.66,91.54,19.95,84.09,1.36,83.33,35.14,96.77,53.73,94.94,7.93,68.57,23.94,47.48,0.0,0.23,0.0,0.0,0.0,0.0,0.0,7.25,71.88,0.91,50.0,0.68,0.0,0.23,0.0,8.61,73.68,0,,0,,0,0.0,0.0,0.0,,,0.68,,,0.0,0.0,0.0,0.0,0,0.0
V. Sinyavskiy,Baník Ostrava,Slovácko,"LAMF, LW, LB",29,375000,2028-12-31,29,2028,2,1.08,1,0.81,18.77,40.43,Estonia,Estonia,right,181,78,no,5.77,4.53,61.76,2.13,31.25,0.31,0.42,0.09,2.66,3.62,0.31,1,0.04,0,0.0,3.42,0.09,2,0.09,0.05,0,0.0,15,0.67,26.67,13.333,0.04,2.53,36.84,1.69,34.21,0.84,42.11,0.36,4.26,54.17,9.9,37.67,1.07,2.44,0.53,15.4,0.98,0.75,24.41,76.18,7.1,70.0,6.17,92.81,6.83,72.08,19.39,85.13,2.71,44.26,19.59,29.11,0.04,0.44,0.0,0.0,0.0,0.0,0.22,2.84,70.31,2.26,47.06,0.22,60.0,0.22,0.89,5.24,72.88,0,,0,,0,0.0,0.0,0.0,,,0.18,,,0.0,0.0,0.0,0.0,0,0.0
Kim Seung-Bin,Bucheon 1995,Slovácko,"AMF, RAMF, RW",25,375000,2028-12-31,26,1311,0,2.01,1,1.33,19.29,43.06,Korea Republic,Korea Republic,right,173,69,no,6.66,5.84,54.12,2.33,35.29,0.27,0.42,0.14,3.23,4.96,1.44,7,0.48,0,0.0,2.81,0.0,0,0.0,0.14,0,0.0,22,1.51,40.91,0.0,0.07,0.69,30.0,0.41,16.67,0.27,50.0,0.21,4.12,43.33,8.58,37.6,2.2,2.4,0.69,20.05,1.3,1.44,29.18,76.94,8.24,63.33,6.04,89.77,8.86,79.07,26.84,80.31,1.65,41.67,15.56,18.73,0.09,0.62,0.07,0.0,0.41,50.0,0.21,3.3,60.42,1.72,36.0,0.62,44.44,0.82,0.14,3.91,56.14,0,,0,,0,0.0,0.0,0.0,,,0.21,,,0.0,0.0,0.0,0.21,0,0.0
D. Pavelka,,Sparta Praha,"RCMF, CB, RCB",35,350000,,5,199,0,0.14,0,0.43,12.66,50.0,Czech Republic,Czech Republic,right,184,81,no,8.14,3.62,87.5,4.07,33.33,1.36,2.9,0.0,3.62,7.74,1.81,0,0.0,0,0.0,0.0,0.0,0,0.0,0.06,0,0.0,3,1.36,0.0,0.0,0.0,0.0,0.0,0.0,0.0,0.0,0.0,0.0,0.0,0.0,0.9,0.0,1.36,0.45,0.0,44.32,0.45,0.0,52.91,92.31,19.45,86.05,4.07,88.89,19.45,97.67,51.56,92.11,1.36,100.0,16.44,7.45,0.19,0.45,0.0,0.0,0.0,0.0,0.0,6.33,71.43,0.0,0.0,0.0,0.0,0.45,0.0,5.88,76.92,0,,0,,0,0.0,0.0,0.0,,,0.45,,,0.0,0.0,0.0,0.0,0,0.0
G. Kornezos,Levadiakos,Baník Ostrava,RCB,28,350000,2027-06-30,4,313,0,0.0,0,0.0,19.84,62.32,Greece,Greece,right,191,79,no,12.94,10.06,68.57,4.03,64.29,1.73,2.65,0.29,4.31,6.62,0.58,0,0.0,0,0.0,0.0,0.0,0,0.0,0.0,0,0.0,0,0.0,0.0,0.0,0.0,0.0,0.0,0.0,0.0,0.0,0.0,0.0,0.0,0.0,3.16,27.27,0.29,0.29,0.0,23.29,0.29,0.86,38.82,75.56,21.85,57.89,3.74,100.0,10.93,97.37,32.49,85.84,6.33,22.73,22.88,47.6,0.0,0.0,0.0,0.0,0.0,0.0,0.0,7.19,40.0,1.15,25.0,0.58,0.0,0.86,0.0,8.91,61.29,0,,0,,0,0.0,0.0,0.0,,,1.73,,,0.0,0.0,0.0,0.0,0,0.0
D. Večerka,Teplice,Teplice,"LCB, CB",23,350000,2027-06-30,15,1330,0,0.01,0,0.69,15.09,58.74,Czech Republic,Czech Republic,left,185,75,no,7.65,5.75,75.29,5.08,41.33,0.0,0.0,0.34,3.32,4.55,0.68,0,0.0,0,0.0,0.07,0.0,0,0.0,0.0,0,0.0,1,0.07,0.0,0.0,0.0,0.34,20.0,0.34,20.0,0.0,0.0,0.0,0.0,0.0,0.61,33.33,0.61,0.07,0.0,23.82,0.27,0.54,36.68,83.76,14.55,71.63,2.37,88.57,16.31,94.19,30.86,90.57,5.55,48.78,21.5,36.77,0.05,0.27,0.07,0.0,0.0,0.0,0.07,5.75,70.59,0.54,37.5,0.0,0.0,0.34,0.07,7.44,70.91,0,,0,,0,0.0,0.0,0.0,,,1.22,,,0.07,0.0,0.0,0.0,0,0.0
M. Suchomel,Sparta Praha,Sparta Praha,"RWB, LWB, RB",23,350000,,22,1398,1,1.31,2,1.14,19.7,44.44,Czech Republic,Czech Republic,right,183,74,no,8.69,6.63,56.31,3.99,48.39,0.32,0.56,0.19,4.64,8.09,2.38,5,0.32,1,0.06,2.38,0.06,1,0.06,0.08,0,0.0,16,1.03,25.0,6.25,0.13,2.45,28.95,1.09,29.41,1.29,25.0,0.26,2.38,54.05,6.05,41.49,2.0,1.35,0.06,22.79,0.71,0.84,33.61,70.11,13.97,57.6,6.95,94.44,8.18,73.23,26.78,78.13,4.44,43.48,19.82,28.43,0.07,0.58,0.06,0.13,0.19,66.67,0.39,5.09,55.7,3.54,40.0,0.77,33.33,0.77,0.84,7.15,73.87,0,,0,,0,0.0,0.0,0.0,,,0.77,,,0.0,0.0,0.0,0.0,0,0.0
Ivan Varfolomeev,Lincoln City,Slovan Liberec,"RCMF, LCMF, RDMF",22,350000,2029-06-30,21,1478,1,0.68,0,0.26,16.68,52.55,Ukraine,Ukraine,right,183,78,no,8.22,6.09,54.0,5.24,51.16,0.55,0.77,0.24,4.38,6.17,2.31,8,0.49,0,0.0,1.16,0.06,1,0.06,0.04,0,0.0,19,1.16,36.84,5.263,0.0,0.43,71.43,0.06,100.0,0.37,66.67,0.0,0.55,77.78,2.13,54.29,0.24,0.3,0.0,16.14,0.12,1.4,28.13,74.46,11.51,59.79,2.62,93.02,10.66,85.14,23.32,79.9,4.45,46.58,19.14,29.75,0.02,0.3,0.0,0.06,0.0,0.0,0.06,5.85,62.5,0.91,40.0,0.24,0.0,0.12,0.24,5.05,72.29,0,,0,,0,0.0,0.0,0.0,,,0.43,,,0.0,0.0,0.0,0.0,0,0.0
A. Sylla,Sigma Olomouc,Sigma Olomouc,"RCB, LDMF",26,350000,,8,341,0,0.01,0,0.32,18.48,54.29,Guinea,"Guinea, France",right,181,73,no,11.35,7.39,64.29,4.22,43.75,0.79,1.18,0.79,5.81,8.68,0.79,0,0.0,0,0.0,1.06,0.0,0,0.0,0.0,0,0.0,1,0.26,0.0,0.0,0.0,0.53,100.0,0.26,100.0,0.26,100.0,0.26,0.79,66.67,3.7,50.0,0.53,1.32,0.0,23.23,0.0,0.53,41.44,85.99,14.78,78.57,2.9,100.0,19.27,93.15,35.37,90.3,5.81,59.09,17.03,24.39,0.08,0.26,0.0,0.26,0.26,0.0,0.0,7.13,59.26,1.06,50.0,0.53,50.0,0.53,0.26,6.33,79.17,0,,0,,0,0.0,0.0,0.0,,,1.85,,,0.0,0.0,0.0,0.0,0,0.0
A. Růsek,Sigma Olomouc,Sigma Olomouc,"CF, AMF",27,350000,2029-06-30,4,214,1,0.24,0,0.0,26.92,18.75,Czech Republic,Czech Republic,right,186,86,no,0.42,2.1,0.0,13.88,12.12,0.0,0.0,0.0,0.42,0.59,1.68,0,0.0,0,0.0,1.68,0.42,1,0.42,0.1,0,0.0,1,0.42,100.0,100.0,0.0,1.26,66.67,0.84,100.0,0.42,0.0,0.0,0.42,100.0,7.15,29.41,1.26,0.42,0.0,7.99,1.68,2.94,14.3,61.76,3.79,33.33,3.79,66.67,3.36,87.5,12.2,65.52,0.84,0.0,17.79,7.91,0.0,0.0,0.42,0.0,0.42,0.0,0.0,1.68,25.0,1.26,66.67,0.84,0.0,0.42,0.84,1.68,50.0,0,,0,,0,0.0,0.0,0.0,,,0.0,,,0.0,0.0,0.0,0.0,0,0.0
I. Krajčírik,Ružomberok,Slovan Liberec,GK,26,350000,2028-06-30,7,605,0,0.0,0,0.0,0.6,100.0,Slovakia,Slovakia,left,189,83,yes,1.34,0.15,100.0,0.3,100.0,0.0,0.0,0.0,1.19,1.98,0.0,0,0.0,0,0.0,0.0,0.0,0,0.0,0.0,0,0.0,0,0.0,0.0,0.0,0.0,0.0,0.0,0.0,0.0,0.0,0.0,0.0,0.0,0.0,0.0,0.0,0.0,0.0,0.0,14.88,0.89,0.15,24.99,88.69,11.9,80.0,0.0,0.0,12.64,96.47,16.21,95.41,8.78,76.27,32.06,46.05,0.0,0.0,0.0,0.0,0.0,0.0,0.0,4.02,70.37,0.0,0.0,0.3,50.0,0.0,0.0,6.84,78.26,9,1.34,21,3.12,3,57.14,7.85,1.17,-1.15,-0.171,0.0,1.93,0.3,,,,0.0,0,0.0
L. Hejda,,Viktoria Plzeň,"CB, RCB",36,350000,,9,401,0,0.11,0,0.09,13.02,55.17,Czech Republic,Czech Republic,right,189,87,no,5.16,2.47,63.64,7.63,47.06,0.0,0.0,0.67,3.59,6.0,1.35,1,0.22,0,0.0,0.22,0.0,0,0.0,0.02,0,0.0,1,0.22,0.0,0.0,0.0,0.0,0.0,0.0,0.0,0.0,0.0,0.0,0.22,100.0,0.67,100.0,0.67,0.45,0.0,17.73,0.22,0.9,30.52,81.62,14.81,66.67,1.35,100.0,11.67,96.15,24.91,89.19,5.61,48.0,13.01,16.9,0.02,0.22,0.0,0.0,0.0,0.0,0.22,2.92,53.85,0.22,0.0,0.0,0.0,0.22,0.0,6.06,55.56,0,,0,,0,0.0,0.0,0.0,,,0.67,,,0.0,0.0,0.0,0.0,0,0.0
A. Čermák,Bohemians 1905,Bohemians 1905,"RCMF, AMF, LCMF",31,350000,2028-06-30,24,1938,1,2.61,1,1.7,18.3,50.51,Czech Republic,Czech Republic,right,181,74,no,6.59,5.29,62.28,3.58,58.44,0.46,0.62,0.09,2.83,3.77,1.11,2,0.09,1,0.05,2.51,0.05,1,0.05,0.12,0,0.0,27,1.25,37.04,3.704,0.05,2.46,30.19,1.07,39.13,1.3,25.0,0.42,2.0,51.16,6.22,38.06,2.18,0.51,0.0,21.22,0.88,1.35,37.06,77.69,12.45,63.06,6.73,92.41,10.45,82.22,29.49,84.88,5.15,59.46,18.79,33.44,0.08,1.35,0.09,0.0,0.33,85.71,0.28,6.18,66.92,3.62,50.0,0.98,57.14,1.25,0.74,6.69,76.39,0,,0,,0,0.0,0.0,0.0,,,0.84,,,0.79,0.0,0.0,2.0,0,0.0
M. Pulkrab,Teplice,Mladá Boleslav,CF,29,350000,,26,942,1,1.48,1,0.75,25.41,36.84,Czech Republic,Czech Republic,right,185,83,no,4.2,3.34,65.71,6.02,46.03,0.29,0.47,0.19,1.72,2.8,2.1,2,0.19,0,0.0,0.67,0.1,1,0.1,0.14,0,0.0,8,0.76,37.5,12.5,0.1,0.19,50.0,0.1,100.0,0.1,0.0,0.0,0.96,20.0,10.41,21.1,3.15,0.67,0.1,11.27,1.72,1.24,19.97,76.08,4.11,62.79,7.07,79.73,3.92,80.49,19.2,76.62,0.57,66.67,14.87,9.73,0.07,0.76,0.1,0.0,0.19,50.0,0.0,2.48,73.08,0.48,40.0,0.19,50.0,0.76,0.1,2.39,56.0,0,,0,,0,0.0,0.0,0.0,,,0.1,,,0.0,0.0,0.0,0.0,0,0.0
Abdulla Yusuf Helal,,Bohemians 1905,CF,33,350000,,29,2342,8,8.52,2,1.53,31.28,43.12,Bahrain,Bahrain,right,194,91,no,3.19,1.88,59.18,15.06,54.34,0.12,0.17,0.19,1.96,2.82,1.0,4,0.15,1,0.04,2.19,0.31,7,0.27,0.33,2,0.08,65,2.5,35.38,12.308,0.08,0.77,35.0,0.5,38.46,0.27,28.57,0.04,2.0,50.0,9.61,26.8,3.5,1.11,0.27,8.22,1.54,0.85,15.29,60.55,6.03,43.31,2.23,87.93,4.11,66.36,12.95,64.09,1.65,41.86,17.78,32.8,0.06,0.73,0.04,0.0,0.23,16.67,0.27,2.88,46.67,2.0,36.54,0.58,6.67,0.85,0.35,2.57,73.13,0,,0,,0,0.0,0.0,0.0,,,0.04,,,0.0,0.0,0.0,0.0,2,50.0
M. Čermák,Teplice,Dukla Praha,"LCMF, RCMF",27,350000,2027-12-31,33,2710,4,4.22,1,3.75,18.93,44.21,Czech Republic,Czech Republic,left,177,77,no,7.34,6.01,54.7,2.79,53.57,0.23,0.28,0.2,3.82,4.52,1.83,3,0.1,0,0.0,2.56,0.13,4,0.13,0.14,0,0.0,46,1.53,39.13,8.696,0.03,1.33,32.5,0.7,38.1,0.6,22.22,0.13,2.36,53.52,7.54,36.12,1.73,0.8,0.1,16.31,0.8,1.56,25.57,74.81,9.76,64.29,5.31,95.63,6.01,72.93,21.92,80.61,2.32,44.29,16.79,28.42,0.12,1.0,0.0,0.0,0.43,61.54,0.37,4.18,61.9,2.59,51.28,0.7,52.38,1.39,0.4,5.38,72.84,0,,0,,0,0.0,0.0,0.0,,,0.07,,,0.53,0.07,100.0,1.36,0,0.0
Jorginho,Torpedo Kutaisi,Dukla Praha,"LW, LB",28,350000,2026-12-31,8,452,0,0.93,0,0.23,18.72,40.43,Portugal,Portugal,left,173,65,no,9.76,7.77,58.97,2.39,33.33,0.4,0.53,0.2,4.78,6.32,1.59,2,0.4,0,0.0,1.79,0.0,0,0.0,0.19,0,0.0,5,1.0,40.0,0.0,0.0,1.99,40.0,1.99,40.0,0.0,0.0,0.2,2.19,27.27,6.37,31.25,0.8,0.2,0.6,12.35,1.39,1.39,19.71,58.59,8.76,59.09,1.99,70.0,3.78,63.16,14.54,64.38,3.38,47.06,18.6,25.33,0.05,0.8,0.0,0.0,0.0,0.0,0.2,2.99,73.33,2.79,57.14,0.0,0.0,0.8,0.6,6.77,55.88,0,,0,,0,0.0,0.0,0.0,,,0.2,,,0.4,0.2,100.0,0.8,0,0.0
R. Cicilia,Zbrojovka Brno,Slovácko,CF,31,350000,,5,170,0,0.1,0,0.16,39.18,39.19,Curaçao,"Curaçao, Netherlands",right,197,86,no,2.65,3.18,50.0,16.41,54.84,0.53,0.73,0.53,0.53,0.73,3.18,2,1.06,0,0.0,2.65,0.0,0,0.0,0.05,0,0.0,2,1.06,0.0,0.0,0.0,0.0,0.0,0.0,0.0,0.0,0.0,0.0,3.71,71.43,12.71,20.83,1.59,0.53,0.0,7.41,2.12,1.06,12.71,79.17,2.65,80.0,4.24,75.0,3.71,85.71,12.71,79.17,0.0,0.0,13.72,0.0,0.08,1.06,0.0,0.0,0.0,0.0,0.53,0.53,100.0,0.53,0.0,0.0,0.0,1.06,0.0,1.06,50.0,0,,0,,0,0.0,0.0,0.0,,,0.0,,,0.0,0.0,0.0,0.0,0,0.0
V. Patrák,Pardubice,Pardubice,"LAMF, AMF, LW",26,350000,2027-06-30,25,1671,5,4.33,1,1.3,17.88,46.39,Czech Republic,Czech Republic,right,181,74,no,6.46,4.85,53.33,2.48,47.83,0.32,0.45,0.22,3.55,4.95,1.62,4,0.22,0,0.0,2.32,0.27,5,0.27,0.23,1,0.05,31,1.67,41.94,16.129,0.05,0.81,33.33,0.59,27.27,0.16,33.33,0.11,2.53,51.06,7.7,41.26,1.99,1.51,0.54,11.96,1.35,2.37,18.2,69.82,6.25,50.0,3.55,84.85,5.39,82.0,15.62,73.79,1.83,50.0,17.93,26.47,0.07,0.59,0.0,0.0,0.27,20.0,0.27,2.37,59.09,1.24,52.17,0.59,36.36,0.54,0.22,3.61,59.7,0,,0,,0,0.0,0.0,0.0,,,0.22,,,0.16,0.11,50.0,0.16,1,0.0
A. Kadlec,Viktoria Plzeň,Bohemians 1905,"RWB, RB",23,350000,2029-06-30,26,1696,1,1.17,1,1.32,15.81,56.38,Czech Republic,Czech Republic,right,185,73,no,7.54,6.21,56.41,4.25,67.5,0.32,0.44,0.27,3.71,5.13,1.33,2,0.11,0,0.0,1.96,0.05,1,0.05,0.06,0,0.0,15,0.8,26.67,6.667,0.05,2.76,32.69,0.0,0.0,2.76,32.69,0.37,1.65,51.61,3.18,45.0,1.33,1.06,0.21,18.36,1.17,1.01,28.66,64.44,14.12,57.52,2.87,88.89,8.7,70.12,21.01,73.99,5.25,38.38,23.77,36.36,0.07,0.64,0.0,0.0,0.0,0.0,0.21,5.78,50.46,3.24,45.9,0.11,0.0,0.69,1.11,9.66,63.74,0,,0,,0,0.0,0.0,0.0,,,0.42,,,0.0,0.0,0.0,0.0,0,0.0
D. Kozel,Mladá Boleslav,Mladá Boleslav,LCMF,24,350000,2027-06-30,1,20,0,0.0,1,0.15,,,Czech Republic,Czech Republic,right,0,0,no,,,,,,,0.0,,,20.0,,0,,0,,,,0,,,0,,0,,,0.0,,,,,,,,,,,,,,,,,,,,,,,,,,,,,,,17.36,0.0,,,,,,,,,,,,,,,,,,0,,0,,0,0.0,0.0,,,,,,,,,,,0,0.0
Santiago Eneme,Sparta Praha,Slovan Liberec,"RDMF, AMF, DMF",25,325000,2027-06-30,24,1515,2,1.03,2,0.98,21.74,46.17,Equatorial Guinea,Equatorial Guinea,right,183,76,no,7.01,4.99,61.9,6.06,43.14,0.24,0.35,0.24,3.68,5.45,1.07,5,0.3,0,0.0,1.96,0.12,2,0.12,0.06,1,0.06,15,0.89,46.67,13.333,0.12,0.95,31.25,0.48,37.5,0.48,25.0,0.06,2.32,53.85,7.49,34.92,1.6,1.78,0.18,20.08,1.49,0.89,31.9,79.14,9.33,59.87,5.11,93.02,11.11,89.84,28.1,84.99,2.85,37.5,16.63,25.07,0.06,0.77,0.12,0.06,0.18,0.0,0.3,4.69,69.62,1.54,50.0,0.3,0.0,0.71,0.36,5.11,63.95,0,,0,,0,0.0,0.0,0.0,,,0.3,,,0.06,0.06,0.0,0.0,0,0.0
A. Dolžnikov,Sigma Olomouc,Sigma Olomouc,"RAMF, LAMF",26,325000,2027-12-31,10,486,1,1.07,0,1.09,21.85,49.15,Lithuania,Lithuania,right,176,61,no,7.96,7.04,57.89,1.85,50.0,1.11,1.71,0.0,2.78,4.29,2.59,3,0.56,0,0.0,3.89,0.19,1,0.19,0.2,0,0.0,10,1.85,20.0,10.0,0.0,2.04,36.36,0.93,40.0,1.11,33.33,1.11,3.7,75.0,9.44,54.9,3.15,2.59,0.56,13.15,1.11,0.74,19.81,71.96,5.19,67.86,4.63,84.0,4.63,56.0,16.85,79.12,1.11,33.33,16.8,18.49,0.2,0.93,0.0,0.0,0.19,0.0,0.56,1.85,50.0,3.52,57.89,0.19,0.0,1.48,0.56,1.85,90.0,0,,0,,0,0.0,0.0,0.0,,,0.19,,,0.0,0.0,0.0,0.0,0,0.0
M. Králik,Mladá Boleslav,Mladá Boleslav,LCB,31,325000,,25,2283,2,1.81,2,1.47,11.94,64.36,Slovakia,Slovakia,left,186,76,no,9.86,5.2,75.76,3.07,57.69,0.28,0.39,0.67,5.64,8.05,0.63,5,0.2,0,0.0,0.43,0.08,2,0.08,0.07,1,0.04,14,0.55,35.71,14.286,0.08,0.16,25.0,0.12,33.33,0.04,0.0,0.0,0.47,41.67,1.02,30.77,1.02,0.71,0.12,34.65,0.47,0.32,50.38,84.27,23.1,73.38,3.39,96.51,19.71,94.4,40.8,92.17,9.46,50.83,23.78,42.8,0.06,0.39,0.04,0.0,0.04,0.0,0.12,8.32,54.98,1.06,33.33,1.1,46.43,0.47,0.04,10.84,72.73,0,,0,,0,0.0,0.0,0.0,,,2.17,,,0.04,0.0,0.0,0.0,0,0.0
B. Sakala,Bohemians 1905,Mladá Boleslav,"LCMF, DMF, RCMF",29,325000,,16,826,2,0.73,0,0.0,12.42,50.0,Zambia,Zambia,right,185,79,no,6.65,4.69,62.79,3.49,34.38,0.0,0.0,0.22,3.7,5.45,1.09,1,0.11,1,0.11,0.76,0.22,2,0.22,0.08,1,0.11,7,0.76,28.57,28.571,0.0,0.0,0.0,0.0,0.0,0.0,0.0,0.0,0.87,62.5,3.05,50.0,0.33,1.2,0.11,25.93,0.22,0.98,37.26,88.6,11.22,70.87,6.54,96.67,12.42,96.49,34.54,92.74,2.72,36.0,16.66,23.03,0.0,0.11,0.0,0.0,0.0,0.0,0.0,4.03,62.16,0.98,55.56,0.22,50.0,0.44,0.0,4.36,77.5,0,,0,,0,0.0,0.0,0.0,,,0.98,,,0.0,0.0,0.0,0.0,0,0.0
L. Jawo,Jablonec,Jablonec,CF,31,325000,,21,1099,5,4.46,1,1.11,29.56,34.07,Gambia,Gambia,right,194,81,no,4.34,5.32,55.38,4.09,34.0,0.16,0.24,0.08,1.23,1.82,2.21,2,0.16,0,0.0,3.36,0.41,5,0.41,0.37,0,0.0,29,2.37,51.72,17.241,0.08,1.39,5.88,0.66,12.5,0.74,0.0,0.33,3.52,58.14,15.07,29.35,3.93,1.97,0.16,13.92,2.05,1.64,19.16,70.51,4.18,68.63,5.24,84.38,4.67,63.16,17.2,75.71,0.74,55.56,11.4,11.21,0.09,0.74,0.08,0.0,0.08,0.0,0.25,1.47,66.67,1.23,33.33,0.16,50.0,0.74,0.16,1.56,63.16,0,,0,,0,0.0,0.0,0.0,,,0.0,,,0.0,0.0,0.0,0.0,0,0.0
V. Trummer,,České Budějovice,"LB, LWB",26,325000,,13,1126,1,0.43,0,1.24,15.59,54.87,Austria,Austria,left,189,83,no,8.07,4.96,69.35,3.28,56.1,0.24,0.29,0.08,4.4,5.29,0.48,0,0.0,0,0.0,2.24,0.08,1,0.08,0.03,0,0.0,4,0.32,25.0,25.0,0.0,1.52,31.58,1.52,31.58,0.0,0.0,0.16,2.8,57.14,5.75,41.67,0.96,2.0,0.08,18.14,1.04,0.48,31.41,72.52,15.75,64.47,4.96,93.55,6.71,79.76,26.7,77.25,3.2,52.5,19.17,36.02,0.1,0.4,0.0,0.0,0.08,100.0,0.24,6.07,68.42,1.68,47.62,0.32,50.0,0.48,0.48,8.15,66.67,0,,0,,0,0.0,0.0,0.0,,,0.96,,,0.0,0.0,0.0,0.0,0,0.0
L. Čmelík,,Hradec Králové,"RB, RWB, RWF",30,325000,,19,701,1,0.69,0,0.65,14.89,50.0,Slovakia,Slovakia,right,187,74,no,7.32,6.68,55.77,0.51,50.0,0.13,0.15,0.13,3.47,4.13,0.77,5,0.64,0,0.0,4.37,0.13,1,0.13,0.09,0,0.0,12,1.54,50.0,8.333,0.0,3.21,36.0,0.9,57.14,2.31,27.78,0.64,3.85,56.67,6.29,46.94,1.67,1.16,0.39,15.41,1.67,1.16,22.85,60.67,8.86,56.52,4.37,85.29,5.26,58.54,17.72,67.39,1.93,40.0,18.68,15.37,0.08,0.64,0.26,0.0,0.39,66.67,0.64,2.18,41.18,3.59,35.71,0.51,50.0,0.77,0.9,4.88,60.53,0,,0,,0,0.0,0.0,0.0,,,0.26,,,0.13,0.0,0.0,0.13,0,0.0
F. Lichy,FC Košice,Dukla Praha,"LCMF, RCMF",25,325000,2027-06-30,23,1271,1,0.55,0,0.95,15.37,51.61,Slovakia,Slovakia,right,187,67,no,6.8,5.1,68.06,2.69,47.37,0.71,0.9,0.42,2.62,3.33,0.99,2,0.14,1,0.07,1.42,0.07,1,0.07,0.04,0,0.0,18,1.27,16.67,5.556,0.0,0.28,75.0,0.14,50.0,0.14,100.0,0.0,1.7,54.17,4.39,43.55,0.78,1.06,0.28,16.36,0.28,0.57,28.32,78.25,10.9,60.39,4.6,93.85,9.35,90.15,23.08,86.5,4.96,40.0,18.08,25.51,0.07,0.35,0.0,0.0,0.14,50.0,0.21,5.38,60.53,1.13,43.75,0.99,35.71,0.5,0.21,5.1,65.28,0,,0,,0,0.0,0.0,0.0,,,0.71,,,0.0,0.0,0.0,0.14,0,0.0
V. Sychra,Slovan Liberec,Pardubice,"RAMF, AMF",24,325000,2030-06-30,25,1594,1,1.78,2,2.27,20.5,40.5,Czech Republic,Czech Republic,right,177,71,no,6.66,6.94,53.66,1.41,16.0,0.11,0.16,0.11,2.82,3.97,1.75,1,0.06,0,0.0,3.5,0.06,1,0.06,0.1,0,0.0,16,0.9,25.0,6.25,0.11,3.95,30.0,0.17,66.67,3.67,27.69,0.9,4.12,47.95,9.65,38.01,2.77,3.16,0.56,13.04,0.9,0.62,20.83,61.25,6.04,50.47,3.73,86.36,6.89,65.57,15.47,70.8,1.64,37.93,19.77,27.58,0.13,0.73,0.06,0.0,0.11,100.0,0.56,2.48,59.09,2.71,52.08,0.23,75.0,0.85,1.36,4.69,65.06,0,,0,,0,0.0,0.0,0.0,,,0.06,,,0.0,0.0,0.0,0.0,0,0.0
P. Pekarík,Hertha BSC II,České Budějovice,"RB, LB",39,300000,,9,820,0,0.04,0,0.14,9.55,49.43,Slovakia,Slovakia,right,177,73,no,5.38,3.51,56.25,2.2,40.0,0.11,0.14,0.44,3.29,4.09,0.44,0,0.0,0,0.0,0.88,0.0,0,0.0,0.0,0,0.0,2,0.22,50.0,0.0,0.0,0.88,25.0,0.11,0.0,0.66,16.67,0.11,0.77,71.43,2.2,55.0,0.55,0.22,0.11,20.09,1.43,0.55,28.98,84.47,10.1,75.0,7.24,100.0,7.02,84.38,25.46,90.95,2.74,40.0,17.95,31.01,0.02,0.55,0.0,0.0,0.0,0.0,0.11,3.07,85.71,0.99,55.56,0.0,0.0,0.33,0.22,5.27,64.58,0,,0,,0,0.0,0.0,0.0,,,0.22,,,0.0,0.0,0.0,0.0,0,0.0
A. Leipold,Verl,Pardubice,"RAMF, RW, LAMF",24,300000,2027-06-30,24,845,1,0.62,2,1.09,17.04,42.5,Germany,Germany,right,181,70,yes,6.82,5.64,52.83,1.6,33.33,0.21,0.32,0.32,3.62,5.51,1.38,2,0.21,0,0.0,3.2,0.11,1,0.11,0.07,0,0.0,9,0.96,22.22,11.111,0.21,2.24,57.14,0.11,100.0,2.13,55.0,0.21,3.3,51.61,8.31,41.03,2.13,1.38,0.21,15.44,2.66,1.28,21.09,71.21,4.58,46.51,5.43,88.24,6.82,75.0,17.25,77.16,1.81,23.53,17.29,16.86,0.12,0.85,0.0,0.21,0.0,0.0,0.43,2.02,52.63,2.13,50.0,0.21,0.0,0.21,1.28,3.3,74.19,0,,0,,0,0.0,0.0,0.0,,,0.11,,,0.0,0.0,0.0,0.11,0,0.0
Eduardo Nardini,Botafogo PB,Jablonec,"LCMF, RCMF",29,300000,2026-12-31,11,301,1,0.29,0,0.52,16.15,51.85,Italy,"Italy, Brazil",right,185,0,no,8.97,5.38,55.56,5.08,58.82,0.3,0.38,1.2,5.68,7.31,1.5,2,0.6,0,0.0,2.39,0.3,1,0.3,0.09,0,0.0,6,1.79,66.67,16.667,0.0,0.6,0.0,0.6,0.0,0.0,0.0,0.0,0.6,50.0,2.99,40.0,1.2,0.0,0.0,18.24,0.0,0.9,30.2,73.27,14.65,61.22,4.78,100.0,5.98,100.0,26.91,80.0,2.69,22.22,19.44,18.06,0.16,0.9,0.0,0.0,0.9,100.0,0.6,5.38,55.56,2.09,57.14,1.2,75.0,0.9,0.0,5.68,68.42,0,,0,,0,0.0,0.0,0.0,,,0.9,,,0.0,0.0,0.0,0.0,0,0.0
M. Fukala,Zlín,Baník Ostrava,RB,25,300000,2028-06-30,4,129,0,0.0,0,0.1,16.74,62.5,Czech Republic,Czech Republic,right,180,79,no,10.47,9.77,57.14,2.09,100.0,0.7,0.91,0.0,4.19,5.45,0.0,0,0.0,0,0.0,0.7,0.0,0,0.0,0.0,0,0.0,1,0.7,0.0,0.0,0.0,2.79,25.0,0.0,0.0,2.79,25.0,0.7,0.0,0.0,0.7,0.0,0.7,0.7,0.0,24.42,1.4,0.0,32.09,73.91,15.35,63.64,2.79,100.0,9.07,84.62,25.12,83.33,4.19,50.0,15.41,7.43,0.07,1.4,0.0,0.0,0.0,0.0,0.7,4.88,57.14,1.4,50.0,0.0,0.0,0.0,0.7,7.67,63.64,0,,0,,0,0.0,0.0,0.0,,,0.7,,,0.0,0.0,0.0,0.0,0,0.0
J. Bořil,Slovan Liberec,Slavia Praha,LCB,35,300000,2027-06-30,23,2258,1,1.57,1,1.01,15.78,55.56,Czech Republic,Czech Republic,right,175,75,no,7.85,5.26,68.18,4.42,54.95,0.12,0.22,0.16,4.15,7.46,1.04,6,0.24,0,0.0,1.16,0.04,1,0.04,0.06,0,0.0,20,0.8,35.0,5.0,0.04,1.32,33.33,1.16,34.48,0.08,0.0,0.12,0.64,56.25,2.83,43.66,1.28,1.12,0.08,36.67,1.79,0.72,51.98,86.04,23.04,78.89,5.42,95.59,17.7,92.34,44.28,91.18,6.42,61.49,19.24,35.73,0.04,0.52,0.04,0.0,0.08,100.0,0.08,7.17,72.78,2.11,50.94,0.32,37.5,0.88,0.4,9.21,79.65,0,,0,,0,0.0,0.0,0.0,,,1.43,,,0.0,0.0,0.0,0.0,0,0.0
T. Stoppen,Sigma Olomouc II,Sigma Olomouc,GK,22,300000,2028-06-30,12,1191,0,0.0,0,0.0,1.36,77.78,Czech Republic,Czech Republic,right,189,78,no,2.19,0.08,0.0,0.76,90.0,0.0,0.0,0.0,2.19,3.11,0.0,1,0.08,0,0.0,0.0,0.0,0,0.0,0.0,0,0.0,0,0.0,0.0,0.0,0.0,0.0,0.0,0.0,0.0,0.0,0.0,0.0,0.0,0.0,0.15,50.0,0.0,0.0,0.0,12.7,0.15,0.15,20.03,86.42,8.69,70.43,0.0,0.0,10.5,98.56,13.0,96.51,7.03,67.74,31.96,47.01,0.0,0.0,0.0,0.0,0.0,0.0,0.0,1.66,45.45,0.08,0.0,0.08,0.0,0.0,0.0,5.29,74.29,21,1.59,57,4.31,2,63.16,17.06,1.29,-3.94,-0.298,0.0,1.21,0.76,,,,0.0,0,0.0
D. Preisler,Artis Brno,Slovan Liberec,"LWB, LCB, LB",30,300000,2028-06-30,15,918,0,0.51,1,1.07,15.69,48.75,Czech Republic,Czech Republic,left,183,71,no,10.1,5.78,50.85,5.29,50.0,0.2,0.26,0.2,6.96,9.34,0.49,1,0.1,0,0.0,2.06,0.0,0,0.0,0.05,0,0.0,6,0.59,16.67,0.0,0.1,2.84,51.72,2.35,50.0,0.49,60.0,0.49,0.69,57.14,2.25,43.48,0.98,1.08,0.1,22.45,0.98,0.69,34.71,68.93,15.1,53.9,3.92,85.0,12.25,81.6,24.9,79.13,7.16,41.1,23.02,29.95,0.11,0.69,0.0,0.1,0.29,33.33,0.39,5.69,51.72,3.63,54.05,0.59,33.33,0.39,1.37,10.29,63.81,0,,0,,0,0.0,0.0,0.0,,,1.08,,,0.78,0.1,0.0,1.18,0,0.0
H. Bačkovský,Dukla Praha,Slovan Liberec,GK,26,300000,,19,1882,0,0.0,0,0.0,1.05,86.36,Czech Republic,Czech Republic,right,185,82,no,1.77,0.1,100.0,0.72,93.33,0.05,0.07,0.0,1.63,2.23,0.0,0,0.0,0,0.0,0.0,0.0,0,0.0,0.0,0,0.0,0,0.0,0.0,0.0,0.0,0.0,0.0,0.0,0.0,0.0,0.0,0.0,0.05,0.0,0.1,50.0,0.0,0.0,0.0,16.74,0.29,0.1,24.87,84.81,14.16,75.34,0.05,100.0,10.09,98.58,16.21,97.94,8.66,60.22,32.66,51.38,0.0,0.0,0.0,0.0,0.0,0.0,0.0,3.35,47.14,0.29,0.0,0.29,50.0,0.0,0.0,6.79,73.94,22,1.05,80,3.83,5,72.5,22.35,1.07,0.35,0.017,0.05,1.48,0.72,,,,0.0,0,0.0
N. Penner,Mladá Boleslav,Mladá Boleslav,"RWB, AMF",25,300000,,13,511,0,0.57,0,0.6,19.37,44.55,Czech Republic,Czech Republic,right,178,73,no,5.46,3.87,54.55,1.23,14.29,0.88,1.47,0.35,2.47,4.12,1.23,3,0.53,1,0.18,5.99,0.0,0,0.0,0.1,0,0.0,10,1.76,20.0,0.0,0.0,5.46,35.48,0.18,0.0,5.28,36.67,0.53,5.64,65.63,10.74,50.82,2.82,2.82,1.23,26.42,1.06,1.41,35.75,75.37,7.4,61.9,6.87,89.74,11.98,80.88,29.06,84.24,1.76,50.0,15.61,17.4,0.11,1.23,0.18,0.0,0.0,0.0,0.35,2.11,58.33,4.4,52.0,0.0,0.0,0.88,1.76,5.46,77.42,0,,0,,0,0.0,0.0,0.0,,,0.18,,,0.0,0.0,0.0,0.88,0,0.0
M. Cedidla,Jablonec,Jablonec,"LCB, RWB",24,300000,,33,3124,2,0.88,1,1.29,16.68,57.86,Czech Republic,Czech Republic,right,185,83,no,7.86,5.36,71.51,4.06,66.67,0.14,0.2,0.52,3.89,5.39,0.89,5,0.14,1,0.03,1.56,0.06,2,0.06,0.03,0,0.0,15,0.43,33.33,13.333,0.03,1.47,43.14,0.75,46.15,0.72,40.0,0.17,1.27,59.09,4.18,42.76,0.75,1.07,0.29,22.9,0.98,1.33,34.86,81.57,16.31,74.38,3.28,93.86,10.89,88.1,28.52,88.79,4.98,51.45,19.94,36.22,0.04,0.17,0.06,0.0,0.06,50.0,0.17,4.44,64.94,1.58,45.45,0.26,22.22,0.35,0.46,7.46,68.73,0,,0,,0,0.0,0.0,0.0,,,0.95,,,0.0,0.0,0.0,0.0,0,0.0
Bienvenue Kanakimana,Zbrojovka Brno,Jablonec,"AMF, RWF, CF",26,300000,2028-06-30,27,1000,5,3.46,2,1.98,17.28,39.58,Burundi,Burundi,right,176,77,no,4.23,3.96,65.91,1.89,28.57,0.09,0.12,0.18,1.53,2.09,0.81,0,0.0,0,0.0,5.04,0.45,5,0.45,0.31,0,0.0,27,2.43,59.26,18.519,0.18,3.24,38.89,0.63,42.86,2.61,37.93,0.72,3.78,61.9,8.73,34.02,5.22,3.69,1.26,14.04,1.8,0.45,18.9,72.86,3.06,64.71,5.31,89.83,5.76,65.63,14.85,82.42,0.9,30.0,18.47,11.59,0.18,1.17,0.09,0.09,0.0,0.0,0.81,1.08,58.33,2.25,52.0,0.0,0.0,0.72,1.08,3.06,70.59,0,,0,,0,0.0,0.0,0.0,,,0.09,,,0.0,0.0,0.0,0.0,0,0.0
V. Tchanturishvili,Jablonec,Jablonec,"RWB, LWB",32,300000,2027-06-30,35,3370,3,1.37,1,3.33,11.19,45.35,Georgia,Georgia,left,173,64,no,6.78,4.06,59.87,1.52,31.58,0.16,0.22,0.27,4.19,5.78,0.4,4,0.11,0,0.0,2.78,0.08,3,0.08,0.04,0,0.0,32,0.85,31.25,9.375,0.03,3.02,46.02,1.07,52.5,1.92,41.67,0.35,2.0,56.0,4.22,41.14,1.18,0.88,0.11,26.25,1.68,0.64,37.01,78.5,13.89,68.85,5.42,95.57,11.38,82.39,28.82,88.04,5.29,44.95,19.4,36.16,0.09,0.8,0.03,0.0,0.03,0.0,0.51,5.69,69.01,3.07,53.91,0.29,18.18,0.77,1.23,9.08,71.76,0,,0,,0,0.0,0.0,0.0,,,0.51,,,0.03,0.0,0.0,0.0,0,0.0
M. Bílek,Teplice,Teplice,"RCMF, DMF, RWB",28,300000,,26,1641,2,0.73,3,3.37,13.6,54.03,Czech Republic,Czech Republic,right,178,73,no,10.31,7.29,60.9,2.25,46.34,0.16,0.2,0.22,5.7,7.06,1.48,4,0.22,1,0.05,2.08,0.11,2,0.11,0.04,0,0.0,18,0.99,27.78,11.111,0.16,3.95,37.5,0.44,62.5,3.46,34.92,0.99,0.38,85.71,1.54,46.43,1.04,0.44,0.0,19.91,0.71,1.04,30.82,64.06,13.99,52.16,4.17,93.42,8.72,70.44,20.4,76.88,6.53,39.5,21.3,31.0,0.18,1.37,0.11,0.11,0.05,0.0,0.49,6.64,47.11,4.5,45.12,0.66,25.0,0.71,1.7,8.39,70.59,0,,0,,0,0.0,0.0,0.0,,,1.04,,,1.04,0.22,50.0,2.08,0,0.0
M. Raspopović,Budućnost,Karviná,RB,32,300000,2027-06-01,6,439,0,0.5,0,0.73,17.63,60.47,Montenegro,Montenegro,right,183,77,no,10.46,5.95,79.31,5.54,48.15,0.21,0.37,0.21,5.54,10.0,0.62,0,0.0,0,0.0,2.26,0.0,0,0.0,0.1,0,0.0,7,1.44,28.57,0.0,0.0,3.9,31.58,0.21,0.0,3.69,33.33,0.41,1.64,37.5,2.87,50.0,1.03,1.23,0.0,38.75,1.23,1.23,53.1,77.61,18.45,71.11,5.13,96.0,21.53,83.81,43.67,86.38,5.74,39.29,18.07,31.91,0.15,0.82,0.0,0.0,0.41,0.0,0.41,8.61,66.67,3.49,47.06,0.62,0.0,0.41,1.44,9.43,78.26,0,,0,,0,0.0,0.0,0.0,,,2.05,,,0.0,0.0,0.0,0.0,0,0.0
P. Kodeš,Teplice,Hradec Králové,"RCMF, LCB, RCB",30,300000,,32,2654,1,2.01,1,0.89,14.14,51.08,Czech Republic,Czech Republic,right,185,79,no,7.83,5.76,56.47,3.15,47.31,0.31,0.37,0.44,4.27,5.21,0.81,3,0.1,0,0.0,0.81,0.03,1,0.03,0.07,0,0.0,20,0.68,25.0,5.0,0.03,0.95,28.57,0.14,25.0,0.78,30.43,0.03,0.61,50.0,3.05,44.44,0.61,1.22,0.24,20.41,0.31,1.09,33.78,76.81,15.67,63.85,3.56,93.33,10.34,88.2,27.64,84.42,5.19,45.1,19.77,32.82,0.03,0.31,0.0,0.0,0.24,28.57,0.1,6.48,65.97,2.27,44.78,0.54,18.75,0.64,0.34,7.7,66.96,0,,0,,0,0.0,0.0,0.0,,,1.42,,,0.0,0.0,0.0,0.0,1,0.0
J. Kučera,Hradec Králové,Hradec Králové,"RCMF, LCMF",29,300000,2027-06-30,24,1626,4,2.67,2,2.02,16.33,45.08,Czech Republic,Czech Republic,right,183,77,no,5.98,5.26,55.79,2.88,34.62,0.06,0.07,0.28,2.99,3.76,1.11,4,0.22,1,0.06,2.27,0.22,4,0.22,0.15,1,0.06,28,1.55,28.57,14.286,0.11,1.55,25.0,0.55,30.0,0.94,17.65,0.33,2.38,53.49,6.2,40.18,1.66,1.16,0.28,15.39,0.33,1.05,24.96,74.28,8.25,57.05,4.04,91.78,7.53,81.62,21.14,81.68,2.32,40.48,15.59,22.89,0.11,1.11,0.06,0.0,0.33,50.0,0.33,3.71,52.24,1.94,45.71,0.5,44.44,0.89,0.33,4.04,67.12,0,,0,,0,0.0,0.0,0.0,,,0.17,,,0.06,0.06,0.0,0.06,0,0.0
Gigli Ndefe,Slovácko,Slovácko,RB,32,300000,2029-06-30,32,2744,2,0.95,2,1.35,17.51,49.63,Netherlands,"Netherlands, Angola",right,180,75,no,9.12,7.15,62.84,2.69,54.88,0.49,0.66,0.46,4.13,5.52,1.38,8,0.26,0,0.0,2.23,0.07,2,0.07,0.03,0,0.0,6,0.2,33.33,33.333,0.07,2.53,42.86,0.46,42.86,2.07,42.86,0.39,1.64,66.0,4.43,42.22,0.75,0.66,0.1,19.25,1.38,0.95,29.13,75.9,11.32,65.8,5.67,95.38,7.97,79.01,22.2,84.79,4.56,51.08,19.83,36.35,0.04,0.52,0.07,0.03,0.0,0.0,0.2,3.64,62.16,2.1,48.44,0.16,20.0,0.1,0.92,7.25,70.14,0,,0,,0,0.0,0.0,0.0,,,0.46,,,0.0,0.0,0.0,0.0,0,0.0
V. Budinský,Baník Ostrava,Pardubice,GK,33,300000,2027-06-30,5,498,0,0.0,0,0.0,0.54,66.67,Slovakia,Slovakia,right,186,83,no,1.81,0.0,0.0,0.36,100.0,0.0,0.0,0.0,1.81,2.21,0.0,0,0.0,0,0.0,0.0,0.0,0,0.0,0.0,0,0.0,0,0.0,0.0,0.0,0.0,0.0,0.0,0.0,0.0,0.0,0.0,0.0,0.0,0.0,0.0,0.0,0.0,0.0,0.0,13.92,0.36,0.18,22.59,86.4,12.83,76.06,0.0,0.0,9.22,100.0,14.1,93.59,8.49,74.47,33.98,50.93,0.0,0.0,0.0,0.0,0.0,0.0,0.0,2.53,64.29,0.18,0.0,0.0,0.0,0.0,0.0,8.13,73.33,8,1.45,25,4.52,0,68.0,6.01,1.09,-1.99,-0.36,0.0,1.81,0.36,,,,0.0,0,0.0
T. Solil,Pardubice,Pardubice,"RDMF, LDMF, AMF",26,300000,2027-06-30,10,676,0,0.03,0,0.0,16.91,55.12,Czech Republic,Czech Republic,right,183,77,no,9.45,7.46,69.64,2.53,63.16,0.53,0.67,0.27,3.73,4.67,1.33,1,0.13,1,0.13,0.13,0.0,0,0.0,0.0,0,0.0,2,0.27,0.0,0.0,0.0,0.27,0.0,0.13,0.0,0.13,0.0,0.0,0.53,25.0,4.13,35.48,0.67,0.0,0.0,17.97,0.4,1.07,28.09,76.78,11.58,67.82,4.93,94.59,7.99,85.0,24.23,80.22,3.59,59.26,18.84,26.2,0.0,0.0,0.27,0.0,0.0,0.0,0.0,4.53,58.82,0.8,66.67,0.0,0.0,0.53,0.0,5.33,67.5,0,,0,,0,0.0,0.0,0.0,,,0.67,,,0.0,0.0,0.0,0.0,0,0.0
L. Kissiedou,Charleston Battery,Pardubice,"RW, RAMF, LCMF",27,300000,2027-11-30,10,417,0,0.09,0,0.45,14.03,47.69,Côte d'Ivoire,"Côte d'Ivoire, United States",right,175,66,no,7.99,4.32,70.0,1.29,33.33,0.0,0.0,0.22,4.96,8.02,0.65,0,0.0,0,0.0,2.37,0.0,0,0.0,0.02,0,0.0,3,0.65,33.33,0.0,0.0,3.45,37.5,1.08,20.0,2.37,45.45,0.43,1.94,44.44,5.83,33.33,0.86,1.94,0.22,24.17,2.37,0.22,34.53,80.0,8.85,80.49,8.42,94.87,10.79,80.0,30.65,84.51,0.65,66.67,16.92,12.87,0.1,0.86,0.0,0.0,0.0,0.0,0.65,4.75,77.27,2.59,66.67,0.0,0.0,0.43,1.29,6.47,73.33,0,,0,,0,0.0,0.0,0.0,,,0.22,,,0.0,0.0,0.0,0.0,0,0.0
L. Krobot,Bohemians 1905,Pardubice,"CF, AMF",25,300000,2027-06-30,23,1408,3,3.1,3,1.69,18.03,35.11,Czech Republic,Czech Republic,right,181,81,no,4.09,2.81,59.09,3.64,35.09,0.64,0.97,0.06,1.79,2.73,1.47,5,0.32,0,0.0,1.34,0.19,3,0.19,0.2,0,0.0,22,1.41,40.91,13.636,0.19,0.7,45.45,0.26,50.0,0.38,33.33,0.06,1.21,26.32,7.48,26.5,2.37,0.7,0.19,11.7,1.92,1.73,18.86,68.81,6.39,51.0,4.47,87.14,4.73,71.62,16.49,71.71,1.73,51.85,17.16,24.44,0.11,1.02,0.0,0.0,0.32,40.0,0.32,3.13,46.94,1.47,26.09,0.77,41.67,0.7,0.26,2.37,56.76,0,,0,,0,0.0,0.0,0.0,,,0.32,,,0.0,0.0,0.0,0.0,0,0.0
S. Hofmann,,Slovácko,"LCB, RCB",36,300000,,14,1075,1,0.66,0,0.21,12.47,60.4,Czech Republic,Czech Republic,right,191,82,no,8.79,5.36,60.94,4.52,62.96,0.0,0.0,0.92,5.53,7.64,1.0,2,0.17,2,0.17,0.17,0.08,1,0.08,0.06,1,0.08,5,0.42,40.0,20.0,0.0,0.08,0.0,0.0,0.0,0.08,0.0,0.0,0.0,0.0,0.84,70.0,0.59,0.59,0.08,27.54,0.75,0.59,42.36,87.55,17.83,76.53,2.85,94.12,18.92,97.35,36.08,93.27,6.2,55.41,23.09,40.89,0.02,0.25,0.0,0.08,0.08,0.0,0.0,6.03,61.11,0.5,50.0,0.33,25.0,0.33,0.0,7.28,72.41,0,,0,,0,0.0,0.0,0.0,,,1.51,,,0.0,0.0,0.0,0.0,0,0.0
C. Kabongo,Viktoria Plzeň,Viktoria Plzeň,"AMF, CF",22,300000,2028-06-30,1,94,0,0.14,0,0.0,33.51,45.71,Czech Republic,"Czech Republic, Congo DR",right,188,78,no,4.79,6.7,28.57,15.32,56.25,0.0,0.0,0.96,2.87,5.0,3.83,0,0.0,0,0.0,1.91,0.0,0,0.0,0.13,0,0.0,3,2.87,0.0,0.0,0.0,0.0,0.0,0.0,0.0,0.0,0.0,0.0,2.87,33.33,9.57,40.0,4.79,0.96,0.96,9.57,0.96,0.0,19.15,95.0,1.91,50.0,4.79,100.0,6.7,100.0,19.15,95.0,0.0,0.0,13.13,0.0,0.0,0.0,0.0,0.0,0.96,100.0,0.0,0.96,100.0,0.0,0.0,0.0,0.0,0.96,0.0,0.96,100.0,0,,0,,0,0.0,0.0,0.0,,,0.0,,,0.0,0.0,0.0,0.0,0,0.0
E. Šehić,,Pardubice,LB,26,275000,,22,1838,0,0.7,1,2.43,11.41,50.64,Bosnia and Herzegovina,Bosnia and Herzegovina,left,183,74,no,6.66,4.55,62.37,1.57,46.88,0.0,0.0,0.29,3.82,5.43,0.73,3,0.15,0,0.0,1.96,0.0,0,0.0,0.03,0,0.0,17,0.83,23.53,0.0,0.05,2.74,37.5,2.5,35.29,0.24,60.0,0.39,1.27,57.69,3.57,41.1,0.59,1.13,0.15,22.62,2.11,0.69,33.25,73.64,13.96,58.25,5.68,98.28,9.84,85.07,24.58,84.06,5.97,47.54,20.94,38.59,0.12,0.98,0.05,0.0,0.1,0.0,0.15,5.14,52.38,2.6,41.51,0.39,50.0,0.2,1.08,7.74,60.76,0,,0,,0,0.0,0.0,0.0,,,1.03,,,0.98,0.1,50.0,1.62,0,0.0
M. Pospíšil,Artis Brno,Sigma Olomouc,RDMF,35,275000,,1,7,0,0.0,0,0.0,,,Czech Republic,Czech Republic,right,178,73,no,,,,,,,0.0,,,15.0,,1,,0,,,,0,,,0,,0,,,0.0,,,,,,,,,,,,,,,,,,,,,,,,,,,,,,,29.6,0.0,,,,,,,,,,,,,,,,,,0,,0,,0,0.0,0.0,,,,,,,,,,,0,0.0
F. Zorvan,Jablonec,Sigma Olomouc,AMF,30,275000,2028-06-30,33,2954,5,4.94,7,5.29,18.34,44.02,Czech Republic,Czech Republic,right,172,72,no,5.3,4.78,65.61,2.89,22.11,0.09,0.13,0.15,2.07,3.04,0.82,4,0.12,0,0.0,1.58,0.15,3,0.09,0.15,0,0.0,45,1.37,33.33,11.111,0.21,1.16,34.21,0.34,27.27,0.82,37.04,0.06,1.01,48.48,7.4,43.62,2.13,0.55,0.0,18.83,1.07,1.95,31.62,73.31,12.22,58.6,6.7,93.64,7.31,75.83,26.48,79.4,4.02,43.94,16.53,27.07,0.16,1.71,0.15,0.0,0.52,47.06,0.34,4.39,57.64,2.99,48.98,1.1,44.44,1.37,0.4,5.55,73.08,0,,0,,0,0.0,0.0,0.0,,,0.09,,,1.83,0.15,20.0,2.71,3,66.667
J. Chramosta,Jablonec,Jablonec,"LWF, CF, AMF",35,275000,2027-06-30,23,1101,8,7.01,4,2.24,9.97,39.34,Czech Republic,Czech Republic,right,181,75,no,2.86,1.63,70.0,1.63,20.0,0.16,0.27,0.0,1.55,2.53,0.82,0,0.0,0,0.0,2.62,0.65,4,0.33,0.57,0,0.0,34,2.78,47.06,23.529,0.33,2.29,25.0,1.63,30.0,0.65,12.5,0.49,1.31,50.0,4.33,37.74,4.5,0.9,0.16,17.49,2.45,0.9,22.56,65.58,5.8,57.75,6.7,86.59,4.82,57.63,19.54,72.38,0.74,11.11,18.85,9.85,0.18,0.74,0.0,0.0,0.25,33.33,0.57,1.88,56.52,2.53,54.84,0.25,33.33,1.31,0.49,3.27,70.0,0,,0,,0,0.0,0.0,0.0,,,0.0,,,0.0,0.0,0.0,0.0,4,100.0
A. Kadlec,Nitra,Mladá Boleslav,"LWB, RWB, LB",30,275000,,6,196,0,0.0,0,0.0,12.4,40.74,Slovakia,Slovakia,right,177,77,no,7.81,8.72,52.63,2.3,20.0,0.46,0.77,0.46,2.76,4.62,0.92,1,0.46,0,0.0,0.0,0.0,0,0.0,0.0,0,0.0,0,0.0,0.0,0.0,0.0,0.0,0.0,0.0,0.0,0.0,0.0,0.0,0.0,0.0,0.46,0.0,0.0,0.46,0.46,18.83,1.38,0.0,28.47,70.97,11.02,50.0,9.64,95.24,4.13,77.78,22.96,78.0,5.51,41.67,19.65,21.81,0.0,0.0,0.0,0.0,0.0,0.0,0.0,1.84,50.0,0.0,0.0,0.0,0.0,0.0,0.0,5.05,27.27,0,,0,,0,0.0,0.0,0.0,,,0.46,,,0.0,0.0,0.0,0.0,0,0.0
D. Kostka,Ružomberok,Mladá Boleslav,"RWB, RB",30,275000,,26,2448,0,1.39,2,2.02,13.9,47.09,Czech Republic,Czech Republic,right,177,70,no,7.32,4.89,62.41,2.83,40.26,0.07,0.11,0.18,4.19,6.05,0.77,0,0.0,0,0.0,1.65,0.0,0,0.0,0.05,0,0.0,16,0.59,25.0,0.0,0.07,1.32,30.56,0.07,0.0,1.25,32.35,0.26,1.95,54.72,4.49,39.34,1.58,1.62,0.44,24.15,2.13,0.44,34.67,81.02,10.48,65.96,8.2,95.96,9.85,82.09,30.37,86.68,3.05,46.99,17.36,36.56,0.07,0.66,0.0,0.0,0.07,50.0,0.26,3.35,67.03,1.69,41.3,0.18,40.0,0.74,0.48,4.82,63.36,0,,0,,0,0.0,0.0,0.0,,,0.66,,,0.0,0.0,0.0,0.15,0,0.0
A. Alégué,Jablonec,Jablonec,"RWF, RW, CF",29,275000,2028-06-30,33,1952,5,5.51,2,4.69,20.79,40.8,Cameroon,"Cameroon, France",left,175,65,no,4.2,3.18,69.57,1.89,24.39,0.0,0.0,0.0,1.98,2.75,0.6,3,0.14,0,0.0,5.07,0.23,5,0.23,0.25,1,0.05,40,1.84,47.5,12.5,0.09,3.41,25.68,1.57,26.47,1.8,25.64,0.55,6.22,52.59,13.56,38.1,3.55,2.9,0.46,18.21,2.4,1.71,27.85,74.83,6.04,69.47,7.88,89.47,8.21,66.29,23.51,83.73,1.15,28.0,17.09,18.44,0.22,1.8,0.05,0.0,0.05,100.0,0.37,1.75,52.63,3.04,46.97,0.23,40.0,1.06,0.88,3.32,72.22,0,,0,,0,0.0,0.0,0.0,,,0.0,,,0.78,0.05,0.0,1.71,0,0.0
R. Sedláček,Jablonec,Teplice,"LCMF, DMF, RCMF",27,275000,2027-06-30,18,1017,1,1.14,2,0.81,14.25,42.86,Czech Republic,Czech Republic,right,173,61,no,6.81,6.02,51.47,2.65,43.33,1.06,1.41,0.35,2.65,3.53,1.95,2,0.18,0,0.0,1.59,0.09,1,0.09,0.1,1,0.09,18,1.59,22.22,5.556,0.18,1.77,40.0,0.97,18.18,0.8,66.67,0.09,0.97,54.55,2.65,43.33,1.24,1.06,0.27,28.14,0.8,0.44,40.35,80.26,13.89,62.42,6.19,95.71,15.13,89.47,31.68,85.75,6.99,64.56,19.86,29.49,0.07,0.71,0.0,0.0,0.18,0.0,0.27,6.73,69.74,1.59,38.89,0.53,33.33,0.18,0.53,8.05,67.03,0,,0,,0,0.0,0.0,0.0,,,0.8,,,1.5,0.18,0.0,1.95,0,0.0
R. Jukl,Teplice,Teplice,"RCMF, DMF",27,275000,2027-06-30,27,2130,1,1.18,0,0.74,14.32,57.82,Czech Republic,Czech Republic,right,180,73,no,7.99,5.24,68.55,2.92,62.32,0.13,0.17,0.38,4.27,5.66,1.44,8,0.34,0,0.0,0.89,0.04,1,0.04,0.05,0,0.0,18,0.76,38.89,5.556,0.0,0.89,23.81,0.08,50.0,0.8,21.05,0.0,0.51,66.67,3.21,50.0,1.01,0.13,0.13,13.48,0.46,1.39,25.39,79.03,8.62,67.65,4.39,95.19,7.35,81.61,22.61,83.18,2.11,52.0,16.22,20.9,0.03,0.55,0.04,0.0,0.04,100.0,0.13,3.42,71.6,1.27,50.0,0.08,50.0,0.55,0.13,3.85,68.13,0,,0,,0,0.0,0.0,0.0,,,0.55,,,0.0,0.0,0.0,0.0,0,0.0
M. Radosta,Teplice,Teplice,"RWB, RB, LB",25,275000,2028-06-30,25,1570,2,1.27,2,2.48,16.85,40.82,Czech Republic,Czech Republic,right,178,71,no,4.7,4.7,52.44,2.29,37.5,0.17,0.24,0.06,2.06,2.89,1.03,0,0.0,1,0.06,2.58,0.11,2,0.11,0.07,0,0.0,10,0.57,40.0,20.0,0.11,2.64,36.96,0.69,33.33,1.95,38.24,0.52,2.35,58.54,6.76,38.14,1.89,1.43,0.29,15.48,1.78,1.2,24.02,72.79,9.0,62.42,4.53,91.14,7.11,76.61,18.29,83.07,3.44,41.67,20.7,30.71,0.14,0.75,0.11,0.06,0.0,0.0,0.4,3.27,57.89,2.58,55.56,0.23,0.0,0.57,0.86,5.33,74.19,0,,0,,0,0.0,0.0,0.0,,,0.4,,,0.0,0.0,0.0,0.06,0,0.0
T. Petrášek,Hradec Králové,Hradec Králové,CB,34,275000,2027-06-30,26,2460,2,2.66,0,0.32,14.45,63.29,Czech Republic,Czech Republic,right,199,99,no,8.41,3.8,69.23,6.37,64.37,0.15,0.18,1.17,5.63,7.04,0.91,6,0.22,2,0.07,0.48,0.07,2,0.07,0.1,2,0.07,23,0.84,47.83,8.696,0.0,0.04,0.0,0.04,0.0,0.0,0.0,0.0,0.07,100.0,0.99,51.85,1.1,0.04,0.0,19.68,0.22,0.66,33.33,81.45,14.41,67.01,1.57,90.7,14.71,95.02,27.18,88.02,6.11,52.69,22.21,37.53,0.01,0.07,0.0,0.04,0.0,0.0,0.04,3.55,55.67,0.44,33.33,0.26,42.86,0.22,0.0,7.1,58.25,0,,0,,0,0.0,0.0,0.0,,,1.24,,,0.0,0.0,0.0,0.0,0,0.0
M. Regáli,Tatran Prešov,Karviná,"RAMF, RWF, LAMF",32,275000,2027-06-30,10,384,2,1.15,0,1.03,16.41,45.71,Slovakia,Slovakia,right,180,71,no,4.22,3.52,80.0,1.64,42.86,0.0,0.0,0.0,1.41,2.5,1.17,0,0.0,0,0.0,4.22,0.47,2,0.47,0.27,0,0.0,10,2.34,50.0,20.0,0.0,1.17,60.0,0.7,33.33,0.47,100.0,0.23,3.52,60.0,9.14,41.03,3.05,1.17,0.23,21.8,1.88,1.17,31.64,81.48,7.27,67.74,7.27,90.32,9.38,82.5,29.77,82.68,0.7,66.67,15.96,18.26,0.24,1.41,0.0,0.0,0.23,100.0,0.94,2.58,63.64,3.75,75.0,0.23,100.0,1.88,0.94,5.63,70.83,0,,0,,0,0.0,0.0,0.0,,,0.7,,,0.0,0.0,0.0,0.0,0,0.0
P. Čavoš,Zbrojovka Brno,Karviná,"RDMF, LDMF, DMF",31,275000,,26,1904,1,1.65,0,0.12,13.33,51.77,Czech Republic,Czech Republic,right,180,74,no,7.04,5.11,64.81,2.41,35.29,0.61,0.96,0.33,3.12,4.86,1.23,2,0.09,1,0.05,0.61,0.05,1,0.05,0.08,0,0.0,15,0.71,40.0,6.667,0.0,0.28,33.33,0.19,50.0,0.09,0.0,0.09,0.52,45.45,2.69,42.11,0.95,0.19,0.0,23.73,0.09,1.32,35.83,85.49,10.73,72.69,6.9,95.89,13.61,90.28,31.95,88.17,3.59,65.79,17.84,30.65,0.01,0.19,0.0,0.0,0.14,0.0,0.05,4.87,68.93,0.76,31.25,0.38,12.5,0.28,0.14,5.15,75.23,0,,0,,0,0.0,0.0,0.0,,,1.09,,,0.24,0.0,0.0,0.19,0,0.0
J. Svozil,Dukla Praha,Dukla Praha,"RCB, LCB",32,275000,2027-06-30,20,1583,0,0.94,0,0.16,14.1,62.5,Czech Republic,Czech Republic,right,184,82,no,8.47,4.49,68.35,4.83,63.53,0.11,0.17,0.91,5.29,7.93,0.91,4,0.23,2,0.11,0.34,0.0,0,0.0,0.05,0,0.0,6,0.34,50.0,0.0,0.0,0.23,0.0,0.0,0.0,0.17,0.0,0.0,0.23,50.0,1.88,60.61,0.63,0.68,0.0,26.27,0.68,1.42,40.99,86.69,18.7,77.2,3.01,98.11,17.06,95.67,32.92,92.4,7.85,65.22,22.72,33.86,0.01,0.28,0.0,0.06,0.06,100.0,0.06,6.08,70.09,0.57,40.0,0.06,0.0,0.28,0.0,8.7,75.82,0,,0,,0,0.0,0.0,0.0,,,2.22,,,0.0,0.0,0.0,0.0,0,0.0
Š. Harazim,Artis Brno,Hradec Králové,RWB,26,275000,2028-06-30,9,482,2,0.2,0,0.08,19.61,42.86,Czech Republic,Czech Republic,right,184,77,no,8.22,7.66,58.54,3.55,31.58,0.19,0.25,0.0,3.55,4.79,2.24,2,0.37,0,0.0,3.17,0.37,2,0.37,0.04,0,0.0,4,0.75,75.0,50.0,0.0,2.61,50.0,0.0,0.0,2.61,50.0,0.37,2.24,58.33,5.23,39.29,1.68,0.93,0.37,19.61,2.05,0.19,27.63,63.51,11.76,49.21,4.29,86.96,5.41,72.41,19.61,72.38,5.6,40.0,22.47,32.44,0.02,0.56,0.0,0.0,0.0,0.0,0.37,5.6,50.0,3.92,42.86,0.37,50.0,0.37,1.49,9.52,66.67,0,,0,,0,0.0,0.0,0.0,,,0.56,,,0.0,0.0,0.0,0.0,0,0.0
M. Náprstek,Teplice,Hradec Králové,"RWF, RCMF, RW",22,275000,2027-06-30,7,221,0,0.22,0,0.01,17.51,44.19,Czech Republic,Czech Republic,left,184,76,no,4.89,5.7,71.43,2.44,33.33,0.0,0.0,0.0,0.81,1.2,1.22,0,0.0,0,0.0,1.63,0.0,0,0.0,0.09,0,0.0,3,1.22,66.67,0.0,0.0,0.0,0.0,0.0,0.0,0.0,0.0,0.0,2.44,33.33,5.7,28.57,2.04,0.0,0.41,9.77,0.41,1.22,17.51,74.42,5.7,50.0,3.26,87.5,3.67,88.89,16.29,80.0,1.22,0.0,11.66,7.47,0.0,0.41,0.0,0.0,0.0,0.0,0.81,1.22,66.67,0.41,100.0,0.0,0.0,0.81,0.0,2.85,42.86,0,,0,,0,0.0,0.0,0.0,,,0.0,,,0.0,0.0,0.0,0.81,0,0.0
D. Huf,Chrudim,Pardubice,"CF, LAMF",27,275000,,4,220,0,0.16,1,0.0,20.05,30.61,Czech Republic,Czech Republic,left,187,71,no,2.45,3.68,44.44,3.27,25.0,0.0,0.0,0.0,0.82,1.09,1.23,1,0.41,0,0.0,1.23,0.0,0,0.0,0.06,0,0.0,1,0.41,0.0,0.0,0.41,1.64,25.0,1.64,25.0,0.0,0.0,0.41,1.64,50.0,9.41,26.09,2.05,0.82,0.0,9.41,2.45,0.82,15.14,64.86,4.91,58.33,3.27,87.5,3.68,66.67,12.27,70.0,1.23,66.67,15.67,27.69,0.0,0.0,0.0,0.0,0.0,0.0,0.41,1.64,75.0,0.82,0.0,0.0,0.0,0.0,0.41,2.05,60.0,0,,0,,0,0.0,0.0,0.0,,,0.0,,,0.0,0.0,0.0,0.0,0,0.0
V. Pilař,Bohemians 1905,Hradec Králové,"LWF, AMF, CF",37,250000,2027-06-30,19,1074,4,3.42,0,1.23,23.04,39.27,Czech Republic,Czech Republic,right,171,72,no,3.77,3.85,50.0,3.85,30.43,0.17,0.22,0.08,1.68,2.15,1.34,0,0.0,1,0.08,5.53,0.34,4,0.34,0.29,1,0.08,23,1.93,39.13,17.391,0.0,3.6,48.84,2.09,52.0,1.42,47.06,0.59,4.69,58.93,12.49,39.6,3.69,2.93,0.5,19.69,1.59,1.93,30.67,75.68,8.21,66.33,7.71,91.3,8.55,70.59,25.47,80.59,1.68,60.0,17.62,24.38,0.1,1.01,0.0,0.0,0.25,100.0,0.17,3.44,63.41,4.53,55.56,0.17,100.0,1.51,1.51,5.11,80.33,0,,0,,0,0.0,0.0,0.0,,,0.34,,,0.42,0.08,0.0,0.75,0,0.0
J. Juroška,Zbrojovka Brno,Baník Ostrava,"RB, RWB",33,250000,,13,589,0,0.12,1,0.46,15.28,54.0,Czech Republic,Czech Republic,right,179,73,no,7.64,6.88,60.0,0.76,40.0,0.31,0.52,0.15,3.21,5.48,0.76,0,0.0,0,0.0,1.68,0.0,0,0.0,0.02,0,0.0,3,0.46,33.33,0.0,0.15,3.06,20.0,0.0,0.0,3.06,20.0,0.61,1.99,46.15,5.5,36.11,1.22,1.83,0.31,32.24,2.9,0.92,42.78,78.93,20.02,74.81,7.49,91.84,10.7,77.14,32.85,88.37,7.03,58.7,23.82,19.95,0.07,0.61,0.0,0.0,0.0,0.0,0.46,9.78,73.44,3.82,28.0,0.92,16.67,0.61,0.92,11.31,78.38,0,,0,,0,0.0,0.0,0.0,,,1.07,,,0.0,0.0,0.0,0.0,0,0.0
M. Hadaš,Sigma Olomouc,Sigma Olomouc,RB,22,250000,2030-06-30,32,2776,0,0.66,0,1.37,15.76,49.18,Czech Republic,Czech Republic,right,184,79,no,8.23,5.77,62.92,3.24,43.0,0.23,0.33,0.23,4.38,6.27,0.68,3,0.1,0,0.0,1.78,0.0,0,0.0,0.02,0,0.0,15,0.49,26.67,0.0,0.0,2.4,33.78,0.0,0.0,2.4,33.78,0.23,1.43,54.55,4.57,38.3,0.68,1.62,0.13,20.17,0.88,0.94,32.68,71.63,16.86,64.42,4.86,92.67,6.42,76.26,23.96,79.84,6.42,54.55,20.5,31.4,0.04,0.32,0.0,0.03,0.19,33.33,0.19,5.51,61.18,2.63,49.38,0.19,50.0,0.58,0.81,9.6,69.26,0,,0,,0,0.0,0.0,0.0,,,0.71,,,0.0,0.0,0.0,0.03,0,0.0
O. Kolář,Slavia Praha,Slavia Praha,GK,31,250000,2027-06-30,1,17,0,0.0,0,0.0,,,Czech Republic,Czech Republic,right,193,81,no,,,,,,,0.0,,,10.0,,0,,0,,,,0,,,0,,0,,,0.0,,,,,,,,,,,,,,,,,,,,,,,,,,,,,,,25.45,39.97,,,,,,,,,,,,,,,,,,0,,0,,0,0.0,0.0,,0.0,,,,,,,,,0,0.0
J. Mikula,Slovan Liberec,Slovan Liberec,"LCB, RCB, LB",34,250000,2027-06-30,23,1808,1,0.76,0,0.87,11.55,55.17,Czech Republic,Czech Republic,right,178,80,no,7.52,4.08,60.98,3.29,45.45,0.3,0.4,0.4,4.73,6.4,0.8,3,0.15,1,0.05,0.85,0.05,1,0.05,0.04,0,0.0,7,0.35,42.86,14.286,0.0,1.0,55.0,0.75,60.0,0.25,40.0,0.15,0.4,37.5,1.49,53.33,1.05,0.25,0.0,19.66,0.6,0.9,32.46,78.83,13.94,66.43,2.94,89.83,12.2,91.02,25.34,88.41,6.17,43.55,19.11,28.78,0.04,0.35,0.0,0.0,0.05,0.0,0.2,5.43,52.29,1.14,47.83,0.6,33.33,0.35,0.55,6.52,59.54,0,,0,,0,0.0,0.0,0.0,,,1.29,,,0.0,0.0,0.0,0.0,0,0.0
D. Puškáč,Slovácko,Jablonec,CF,33,250000,2028-06-30,31,1548,4,5.95,5,1.86,22.44,31.61,Czech Republic,Czech Republic,left,189,86,no,2.38,2.38,53.66,7.38,37.8,0.0,0.0,0.12,1.1,1.52,1.22,1,0.06,0,0.0,1.8,0.23,4,0.23,0.35,2,0.12,31,1.8,45.16,12.903,0.29,1.05,33.33,0.7,33.33,0.29,20.0,0.12,1.16,50.0,8.08,20.14,4.36,0.81,0.35,13.78,2.33,0.93,21.22,76.44,5.29,67.03,6.45,88.29,4.88,67.86,19.42,79.64,0.81,50.0,14.01,8.2,0.11,1.1,0.12,0.0,0.23,25.0,0.47,2.09,72.22,1.1,57.89,0.23,50.0,1.22,0.29,2.03,82.86,0,,0,,0,0.0,0.0,0.0,,,0.06,,,0.0,0.0,0.0,0.0,0,0.0
J. Vondra,Bohemians 1905,Bohemians 1905,"CB, LCB",30,250000,2028-06-30,27,2429,0,0.17,0,0.0,15.04,59.36,Czech Republic,Czech Republic,left,177,76,no,9.15,5.56,65.33,4.59,54.84,0.33,0.45,0.56,5.19,7.07,1.0,10,0.37,0,0.0,0.26,0.0,0,0.0,0.01,0,0.0,1,0.04,100.0,0.0,0.0,0.26,42.86,0.22,33.33,0.04,100.0,0.0,0.15,75.0,1.52,46.34,0.3,0.26,0.04,19.9,0.22,1.0,34.46,84.84,15.49,73.21,2.63,97.18,13.82,96.25,28.34,90.98,5.85,56.96,21.74,34.91,0.0,0.0,0.0,0.0,0.0,0.0,0.0,5.15,67.63,0.78,47.62,0.22,33.33,0.3,0.11,6.74,68.13,0,,0,,0,0.0,0.0,0.0,,,2.04,,,0.0,0.0,0.0,0.04,0,0.0
J. Floder,Mladá Boleslav,Mladá Boleslav,GK,29,250000,,2,186,0,0.0,0,0.0,1.94,100.0,Czech Republic,Czech Republic,right,190,87,no,2.42,0.0,0.0,1.45,100.0,0.0,0.0,0.0,2.42,3.57,0.0,0,0.0,0,0.0,0.0,0.0,0,0.0,0.0,0,0.0,0,0.0,0.0,0.0,0.0,0.0,0.0,0.0,0.0,0.0,0.0,0.0,0.0,0.0,0.48,100.0,0.0,0.0,0.0,19.84,0.48,1.45,29.03,91.67,12.58,84.62,0.0,0.0,16.45,97.06,20.32,97.62,8.71,77.78,30.35,47.98,0.0,0.0,0.0,0.0,0.0,0.0,0.0,0.97,50.0,0.0,0.0,0.0,0.0,0.0,0.0,6.77,71.43,2,0.97,8,3.87,1,75.0,2.06,1.0,0.06,0.029,0.0,3.39,1.45,,,,0.0,0,0.0
V. Smrž,Bohemians 1905,Bohemians 1905,"RCMF, LDMF",29,250000,2028-06-30,13,853,1,0.29,1,0.62,13.51,50.78,Czech Republic,Czech Republic,right,187,90,no,7.28,4.54,55.81,1.69,31.25,0.63,0.87,0.11,4.11,5.63,1.16,3,0.32,0,0.0,2.11,0.11,1,0.11,0.03,0,0.0,12,1.27,8.33,8.333,0.11,2.53,50.0,1.06,70.0,1.37,38.46,0.0,1.37,53.85,4.22,55.0,1.58,0.84,0.0,20.05,0.53,0.74,37.14,70.45,13.93,62.12,3.48,90.91,13.08,76.61,27.75,76.05,6.86,55.38,18.85,28.39,0.07,0.74,0.11,0.0,0.0,0.0,0.32,7.39,62.86,2.85,51.85,0.42,0.0,0.42,1.27,8.76,73.49,0,,0,,0,0.0,0.0,0.0,,,0.42,,,0.11,0.0,0.0,0.32,0,0.0
T. Vachoušek,Teplice,Teplice,"CF, RW",22,250000,2029-06-30,10,362,0,0.32,3,0.61,22.62,30.77,Czech Republic,Czech Republic,right,184,72,no,4.72,3.23,53.85,5.47,22.73,0.75,1.01,0.25,2.24,3.03,1.24,1,0.25,0,0.0,0.5,0.0,0,0.0,0.08,0,0.0,3,0.75,33.33,0.0,0.75,0.5,0.0,0.25,0.0,0.25,0.0,0.0,1.99,12.5,10.69,25.58,2.49,0.25,0.25,12.68,2.98,2.24,18.9,68.42,4.48,50.0,4.97,75.0,5.47,68.18,17.4,71.43,0.99,50.0,20.38,10.28,0.15,0.99,0.0,0.0,0.0,0.0,0.75,1.49,33.33,0.99,0.0,0.25,0.0,0.99,0.0,2.49,40.0,0,,0,,0,0.0,0.0,0.0,,,0.0,,,0.0,0.0,0.0,0.0,0,0.0
M. Janáček,Spartak Trnava,České Budějovice,GK,25,250000,2028-06-30,20,1879,0,0.0,0,0.0,0.91,84.21,Czech Republic,Czech Republic,left,197,94,no,2.01,0.19,50.0,0.57,91.67,0.05,0.06,0.0,1.87,2.27,0.0,1,0.05,0,0.0,0.0,0.0,0,0.0,0.0,0,0.0,0,0.0,0.0,0.0,0.0,0.0,0.0,0.0,0.0,0.0,0.0,0.0,0.0,0.0,0.1,100.0,0.0,0.0,0.0,12.31,0.43,0.34,18.01,80.85,12.45,73.46,0.0,0.0,5.08,98.11,7.95,96.39,10.01,68.9,39.68,52.89,0.0,0.0,0.0,0.0,0.0,0.0,0.0,4.12,70.93,0.29,0.0,0.19,0.0,0.0,0.0,8.57,78.21,51,2.44,108,5.17,3,52.78,41.08,1.97,-9.92,-0.475,0.0,2.25,0.57,,,,0.0,0,0.0
L. Krejčí,Teplice,Teplice,"CF, LWB, LWF",34,250000,2027-06-30,17,960,1,1.03,0,2.05,12.09,35.66,Czech Republic,Czech Republic,left,180,75,no,2.81,3.19,52.94,1.5,18.75,0.09,0.13,0.09,1.03,1.42,0.84,3,0.28,0,0.0,1.78,0.09,1,0.09,0.1,0,0.0,5,0.47,80.0,20.0,0.0,1.97,42.86,1.5,37.5,0.47,60.0,0.28,0.84,55.56,4.22,37.78,2.06,0.66,0.0,17.81,2.25,1.31,24.38,76.92,7.03,74.67,6.0,92.19,6.0,76.56,21.38,80.7,1.03,63.64,14.93,15.12,0.19,1.5,0.0,0.0,0.09,100.0,0.56,2.44,69.23,2.44,65.38,0.09,100.0,0.94,0.84,4.03,67.44,0,,0,,0,0.0,0.0,0.0,,,0.19,,,2.34,0.09,100.0,2.16,0,0.0
D. Štěpánek,Slovácko,Jablonec,"RCB, RWB, LCB",29,250000,2028-06-30,18,516,0,0.44,0,0.04,17.62,65.35,Czech Republic,Czech Republic,right,186,81,no,8.37,6.45,67.57,3.14,61.11,0.17,0.26,0.35,3.84,5.79,1.22,2,0.35,0,0.0,2.62,0.0,0,0.0,0.08,0,0.0,3,0.52,0.0,0.0,0.0,2.97,29.41,0.0,0.0,2.97,29.41,0.87,2.27,76.92,5.23,56.67,0.35,1.22,0.52,18.84,1.05,1.05,28.43,79.14,11.16,78.13,2.79,87.5,10.47,81.67,23.02,87.12,2.79,62.5,14.19,16.9,0.01,0.17,0.0,0.0,0.0,0.0,0.17,4.01,73.91,2.09,33.33,0.0,0.0,0.0,0.7,6.63,81.58,0,,0,,0,0.0,0.0,0.0,,,0.35,,,0.0,0.0,0.0,0.0,0,0.0
L. Havel,Táborsko,Teplice,"CB, RCB",30,250000,,8,703,0,0.73,0,0.0,13.7,61.68,Czech Republic,Czech Republic,right,187,75,no,8.71,4.74,72.97,5.63,54.55,0.38,0.51,0.51,4.86,6.48,0.9,0,0.0,0,0.0,0.38,0.0,0,0.0,0.09,0,0.0,8,1.02,37.5,0.0,0.0,0.0,0.0,0.0,0.0,0.0,0.0,0.0,0.0,0.0,1.54,58.33,1.02,0.64,0.0,16.77,0.51,0.9,29.57,80.52,14.85,75.0,1.54,91.67,11.14,89.66,23.04,88.33,6.53,52.94,24.65,42.22,0.0,0.0,0.0,0.0,0.0,0.0,0.0,7.3,66.67,0.38,0.0,0.26,0.0,0.0,0.0,8.45,78.79,0,,0,,0,0.0,0.0,0.0,,,1.28,,,0.0,0.0,0.0,0.0,0,0.0
V. Míka,Viktoria Plzeň,České Budějovice,"LCB, DMF",26,250000,,21,1837,2,1.28,0,0.2,13.62,53.96,Czech Republic,Czech Republic,,0,0,no,8.03,5.14,60.0,5.54,53.98,0.2,0.25,0.54,4.75,6.06,1.42,3,0.15,0,0.0,0.39,0.1,2,0.1,0.06,1,0.05,9,0.44,33.33,22.222,0.0,0.24,0.0,0.15,0.0,0.1,0.0,0.1,0.24,100.0,0.93,52.63,1.08,0.54,0.1,24.84,0.29,0.34,36.89,82.34,16.22,69.18,3.67,96.0,14.8,93.38,30.62,90.88,6.03,42.28,21.79,35.29,0.01,0.05,0.0,0.0,0.0,0.0,0.05,5.24,57.01,0.34,0.0,0.29,16.67,0.1,0.1,6.81,60.43,0,,0,,0,0.0,0.0,0.0,,,2.3,,,0.0,0.0,0.0,0.0,0,0.0
M. Martin,SGV Freiberg,České Budějovice,"LCMF, LAMF",26,250000,2028-12-31,3,144,0,0.0,0,0.0,16.25,50.0,Germany,Germany,right,180,72,no,8.75,5.63,66.67,1.25,100.0,1.88,2.57,0.0,3.13,4.29,1.88,1,0.63,0,0.0,0.63,0.0,0,0.0,0.0,0,0.0,0,0.0,0.0,0.0,0.0,0.63,0.0,0.63,0.0,0.0,0.0,0.0,1.25,0.0,7.5,33.33,0.63,0.63,0.0,26.88,0.63,1.88,42.5,83.82,10.63,88.24,8.75,92.86,12.5,80.0,37.5,88.33,4.38,57.14,16.35,27.76,0.0,1.25,0.0,0.0,0.63,100.0,0.0,5.63,77.78,3.75,83.33,0.63,100.0,1.88,0.0,6.88,72.73,0,,0,,0,0.0,0.0,0.0,,,0.63,,,0.0,0.0,0.0,0.0,0,0.0
R. Mikuš,Dukla Praha,Dukla Praha,"RW, RB, LB",30,250000,,25,1869,3,2.85,1,1.37,14.69,44.26,Slovakia,Slovakia,right,179,69,no,6.16,5.06,51.43,2.55,45.28,0.14,0.19,0.19,3.42,4.56,0.34,1,0.05,0,0.0,3.03,0.14,3,0.14,0.14,1,0.05,38,1.83,39.47,7.895,0.05,2.65,36.36,0.24,40.0,2.36,36.73,0.53,2.6,51.85,5.15,46.73,2.26,1.4,0.34,14.78,1.4,1.16,20.75,67.52,8.33,60.12,4.19,89.66,5.3,62.73,15.26,79.18,2.94,34.43,19.07,26.9,0.07,0.58,0.05,0.05,0.0,0.0,0.19,2.94,44.26,2.36,48.98,0.1,0.0,0.43,1.01,5.06,67.62,0,,0,,0,0.0,0.0,0.0,,,0.39,,,0.29,0.0,0.0,0.39,0,0.0
S. Dancák,Hradec Králové,Hradec Králové,"LCMF, DMF",28,250000,2027-06-30,33,2516,1,0.33,0,2.14,12.23,47.95,Slovakia,Slovakia,right,182,80,no,6.72,5.04,58.16,1.18,45.45,0.25,0.33,0.18,3.54,4.62,0.97,5,0.18,0,0.0,0.89,0.04,1,0.04,0.01,0,0.0,7,0.25,14.29,14.286,0.0,0.97,48.15,0.64,50.0,0.29,37.5,0.14,0.5,64.29,3.61,43.56,0.54,1.07,0.18,23.68,0.14,0.75,39.46,85.22,11.8,73.64,6.9,93.78,12.91,88.92,34.98,89.67,3.51,51.02,17.31,32.22,0.08,0.75,0.07,0.0,0.11,66.67,0.32,5.58,68.59,2.5,60.0,0.61,41.18,1.0,0.47,5.9,74.55,0,,0,,0,0.0,0.0,0.0,,,0.36,,,0.25,0.0,0.0,0.5,0,0.0
M. Hruška,Sigma Olomouc,Dukla Praha,GK,31,250000,2027-06-30,34,3290,0,0.0,0,0.0,1.18,88.37,Slovakia,Slovakia,right,188,81,no,2.05,0.16,83.33,0.82,90.0,0.0,0.0,0.0,1.91,2.43,0.0,3,0.08,0,0.0,0.0,0.0,0,0.0,0.0,0,0.0,0,0.0,0.0,0.0,0.0,0.0,0.0,0.0,0.0,0.0,0.0,0.0,0.0,0.0,0.05,100.0,0.0,0.0,0.03,15.65,0.22,0.16,25.06,88.1,15.26,82.97,0.03,100.0,9.38,97.38,14.77,97.22,10.26,75.2,31.33,43.73,0.0,0.0,0.0,0.0,0.0,0.0,0.0,1.81,66.67,0.03,0.0,0.03,0.0,0.0,0.0,7.88,79.51,54,1.48,152,4.16,10,64.47,48.45,1.33,-5.55,-0.152,0.03,2.05,0.82,,,,0.0,0,0.0
J. Šťovíček,Arsenal Česká Lípa,Dukla Praha,GK,26,250000,,1,93,0,0.0,0,0.0,0.0,0.0,Czech Republic,Czech Republic,right,192,92,no,1.94,0.0,0.0,0.0,0.0,0.0,0.0,0.0,1.94,2.22,0.0,0,0.0,0,0.0,0.0,0.0,0,0.0,0.0,0,0.0,0,0.0,0.0,0.0,0.0,0.0,0.0,0.0,0.0,0.0,0.0,0.0,0.0,0.0,0.0,0.0,0.0,0.0,0.0,19.35,0.0,0.0,29.03,96.67,15.48,93.75,0.0,0.0,11.61,100.0,22.26,100.0,6.77,85.71,25.52,53.58,0.0,0.0,0.0,0.0,0.0,0.0,0.0,2.9,66.67,0.97,0.0,0.0,0.0,0.0,0.0,4.84,100.0,1,0.97,4,3.87,0,75.0,0.4,0.39,-0.6,-0.581,0.0,2.9,0.0,,,,0.0,0,0.0
M. Koubek,Ružomberok,Hradec Králové,"CF, AMF, RWF",26,250000,2029-05-31,12,262,1,1.8,0,0.1,20.95,39.34,Czech Republic,Czech Republic,right,187,80,no,6.87,5.15,66.67,6.18,33.33,0.69,0.97,0.34,2.75,3.87,3.09,2,0.69,0,0.0,2.4,0.34,1,0.34,0.62,0,0.0,8,2.75,62.5,12.5,0.0,0.69,0.0,0.0,0.0,0.69,0.0,0.0,1.37,50.0,5.84,29.41,4.47,0.69,0.0,10.65,1.72,1.72,13.05,73.68,1.37,50.0,5.15,93.33,3.09,66.67,12.37,77.78,0.34,0.0,12.35,4.58,0.03,0.69,0.0,0.0,0.0,0.0,0.69,0.34,100.0,0.34,0.0,0.0,0.0,0.69,0.0,1.03,33.33,0,,0,,0,0.0,0.0,0.0,,,0.0,,,0.0,0.0,0.0,0.0,0,0.0
M. Kvasina,Nyíregyháza Spartacus,Slovácko,CF,29,250000,2027-06-30,21,992,3,3.37,0,0.38,28.94,41.69,Austria,Austria,right,195,79,no,3.81,3.18,51.43,12.61,51.08,0.09,0.13,0.09,2.09,3.07,1.72,2,0.18,0,0.0,1.45,0.27,3,0.27,0.31,0,0.0,19,1.72,42.11,15.789,0.0,0.82,22.22,0.73,25.0,0.09,0.0,0.09,1.0,54.55,8.8,26.8,3.08,0.45,0.0,9.53,2.27,0.82,17.87,70.56,3.54,56.41,4.54,80.0,5.35,69.49,16.78,73.51,0.36,25.0,15.2,5.76,0.03,0.27,0.0,0.0,0.09,0.0,0.36,1.91,47.62,1.0,45.45,0.18,0.0,0.36,0.18,1.45,62.5,0,,0,,0,0.0,0.0,0.0,,,0.0,,,0.0,0.0,0.0,0.0,0,0.0
J. Stejskal,Pardubice,Pardubice,GK,29,250000,,20,1988,0,0.0,0,0.0,0.95,80.95,Czech Republic,Czech Republic,right,189,84,no,2.54,0.27,66.67,0.41,88.89,0.05,0.06,0.05,2.31,3.19,0.0,1,0.05,0,0.0,0.05,0.0,0,0.0,0.0,0,0.0,0,0.0,0.0,0.0,0.0,0.05,100.0,0.0,0.0,0.05,100.0,0.0,0.0,0.0,0.05,100.0,0.05,0.0,0.0,16.39,0.32,0.18,24.22,87.85,13.08,79.24,0.0,0.0,10.41,98.7,14.62,98.45,9.51,71.9,31.89,45.54,0.0,0.0,0.0,0.0,0.0,0.0,0.0,2.4,58.49,0.18,25.0,0.23,20.0,0.05,0.05,6.79,80.67,31,1.4,87,3.94,4,64.37,28.55,1.29,-2.45,-0.111,0.0,1.27,0.41,,,,0.0,0,0.0
M. Surzyn,Pardubice II,Pardubice,"RB, LB",28,250000,2027-06-30,20,1643,0,0.35,1,1.9,11.45,54.55,Czech Republic,Czech Republic,right,178,71,no,8.44,5.92,64.81,2.47,48.89,0.22,0.29,0.44,4.38,5.71,0.88,2,0.11,0,0.0,1.21,0.0,0,0.0,0.02,0,0.0,9,0.49,55.56,0.0,0.05,2.3,23.81,0.49,22.22,1.81,24.24,0.77,0.71,53.85,1.48,40.74,0.38,0.88,0.11,20.16,0.93,0.11,30.13,72.73,13.75,66.53,2.9,94.34,9.91,75.69,21.8,86.18,6.24,42.11,22.75,36.32,0.1,0.77,0.0,0.11,0.0,0.0,0.16,5.2,56.84,2.57,29.79,0.33,33.33,0.16,0.6,6.96,66.93,0,,0,,0,0.0,0.0,0.0,,,0.71,,,1.31,0.11,100.0,2.41,0,0.0
M. Kozák,Teplice,Slovácko,"CF, LAMF, RW",25,250000,,23,1014,0,1.25,1,0.19,21.12,26.89,Czech Republic,Czech Republic,right,177,70,no,3.46,4.08,45.65,6.66,17.33,0.18,0.25,0.18,1.42,2.03,1.42,2,0.18,1,0.09,1.69,0.0,0,0.0,0.11,0,0.0,17,1.51,23.53,0.0,0.09,1.51,29.41,0.53,16.67,0.98,36.36,0.27,1.86,38.1,7.01,26.58,2.57,0.98,0.09,12.6,1.42,1.33,17.93,73.76,3.37,63.16,5.5,90.32,4.7,71.7,15.71,79.1,0.89,40.0,17.22,14.43,0.02,0.27,0.0,0.0,0.18,100.0,0.18,1.42,50.0,1.42,62.5,0.36,75.0,0.62,0.44,2.66,56.67,0,,0,,0,0.0,0.0,0.0,,,0.0,,,0.27,0.18,0.0,0.0,0,0.0
L. Lurvink,Sigma Olomouc,Pardubice,LCB,24,250000,2029-12-31,25,2400,1,0.57,0,0.0,19.65,63.74,Switzerland,Switzerland,right,187,80,no,13.01,8.33,78.38,5.7,59.21,0.15,0.21,0.98,6.34,8.93,1.28,7,0.26,0,0.0,0.23,0.04,1,0.04,0.02,1,0.04,4,0.15,50.0,25.0,0.0,0.0,0.0,0.0,0.0,0.0,0.0,0.0,0.15,100.0,1.8,41.67,0.41,0.75,0.08,28.39,0.15,0.68,44.18,88.03,16.88,76.89,3.23,94.19,20.4,95.77,39.68,92.06,4.5,52.5,20.92,37.8,0.0,0.0,0.0,0.0,0.04,0.0,0.0,3.64,63.92,0.23,16.67,0.11,33.33,0.11,0.0,6.53,59.77,0,,0,,0,0.0,0.0,0.0,,,2.18,,,0.0,0.0,0.0,0.0,0,0.0
M. Heča,Slovácko,Slovácko,GK,35,250000,2028-06-30,23,2253,0,0.0,0,0.02,0.72,88.89,Czech Republic,Czech Republic,right,187,82,no,1.16,0.0,0.0,0.44,100.0,0.0,0.0,0.0,1.16,1.55,0.0,1,0.04,0,0.0,0.0,0.0,0,0.0,0.0,0,0.0,0,0.0,0.0,0.0,0.0,0.0,0.0,0.0,0.0,0.0,0.0,0.0,0.0,0.0,0.2,80.0,0.04,0.0,0.0,11.94,0.48,0.12,18.18,83.96,11.58,76.21,0.0,0.0,6.27,98.09,9.63,97.1,8.55,69.16,36.4,50.28,0.0,0.04,0.0,0.04,0.0,0.0,0.0,3.08,61.04,0.12,33.33,0.0,0.0,0.0,0.0,6.91,80.92,38,1.52,112,4.47,7,66.07,36.59,1.46,-1.41,-0.056,0.0,1.52,0.44,,,,0.0,0,0.0
L. Mašek,Slovan Liberec,Mladá Boleslav,"CF, AMF, RWF",22,250000,2029-06-30,18,829,5,4.59,0,0.38,26.16,30.71,Czech Republic,Czech Republic,right,183,79,no,2.71,3.47,40.63,8.9,21.95,0.43,0.65,0.0,0.87,1.29,2.93,1,0.11,0,0.0,1.85,0.54,5,0.54,0.5,0,0.0,21,2.28,47.62,23.81,0.0,0.33,33.33,0.22,0.0,0.11,100.0,0.11,1.19,45.45,9.12,32.14,4.45,0.76,0.0,8.36,1.3,1.63,12.81,77.12,2.5,56.52,4.13,89.47,3.04,82.14,12.38,78.95,0.11,0.0,12.3,3.15,0.04,0.43,0.22,0.0,0.11,100.0,0.22,1.3,66.67,0.22,50.0,0.11,100.0,0.54,0.11,0.76,100.0,0,,0,,0,0.0,0.0,0.0,,,0.0,,,0.0,0.0,0.0,0.0,0,0.0
D. Pleštil,Bohemians 1905,Bohemians 1905,"CF, LAMF, RWF",26,250000,,20,966,1,1.92,0,0.27,22.64,33.33,Czech Republic,Czech Republic,right,186,73,no,3.45,4.66,54.0,5.5,27.12,0.09,0.14,0.0,0.84,1.26,1.02,1,0.09,0,0.0,2.05,0.09,1,0.09,0.18,0,0.0,13,1.21,38.46,7.692,0.0,1.58,11.76,0.47,20.0,1.12,8.33,0.28,2.61,53.57,9.97,27.1,2.24,0.75,0.47,6.8,0.84,0.93,12.11,66.92,3.17,55.88,3.17,94.12,2.98,62.5,10.25,76.36,0.47,20.0,17.53,13.93,0.03,0.47,0.0,0.0,0.0,0.0,0.0,1.02,54.55,1.02,36.36,0.0,0.0,0.28,0.19,1.4,60.0,0,,0,,0,0.0,0.0,0.0,,,0.0,,,0.0,0.0,0.0,0.0,0,0.0
D. Israel,Petrolul 52,Sigma Olomouc,"RDMF, AMF, LDMF",24,225000,2028-06-30,15,497,1,0.93,0,0.0,23.0,38.58,Nigeria,Nigeria,right,178,73,no,7.97,6.88,52.63,3.8,28.57,0.0,0.0,0.18,4.35,7.13,1.99,3,0.54,0,0.0,2.54,0.18,1,0.18,0.17,1,0.18,10,1.81,50.0,10.0,0.0,1.27,14.29,0.0,0.0,1.27,14.29,0.18,1.99,63.64,8.33,34.78,2.9,1.09,0.0,13.58,1.27,0.91,27.89,68.83,9.96,50.91,4.53,88.0,5.43,83.33,24.63,74.26,2.17,33.33,15.2,14.04,0.0,0.18,0.0,0.0,0.18,100.0,0.0,3.98,68.18,1.27,57.14,0.36,50.0,0.72,0.18,3.98,50.0,0,,0,,0,0.0,0.0,0.0,,,0.18,,,0.0,0.0,0.0,0.0,0,0.0
J. Spáčil,Sigma Olomouc,Sigma Olomouc,"LDMF, RDMF",27,225000,2028-06-30,28,2282,3,2.03,2,1.43,16.8,47.18,Czech Republic,Czech Republic,,179,0,no,10.06,6.31,67.5,4.77,35.54,0.16,0.23,0.35,5.64,8.25,0.95,3,0.12,0,0.0,0.67,0.12,3,0.12,0.08,1,0.04,19,0.75,21.05,15.789,0.08,0.43,36.36,0.12,0.0,0.32,50.0,0.08,0.35,55.56,2.96,29.33,0.87,1.03,0.28,17.63,0.35,0.32,33.52,76.0,15.22,67.1,3.94,93.0,9.31,84.32,28.12,81.49,4.97,48.41,18.16,28.17,0.06,0.51,0.0,0.0,0.24,66.67,0.35,6.78,66.86,1.58,52.5,0.63,43.75,0.83,0.24,7.06,73.18,0,,0,,0,0.0,0.0,0.0,,,0.32,,,0.08,0.0,0.0,0.0,0,0.0
Y. Muritala,,Sigma Olomouc,CF,26,225000,,19,695,1,0.65,2,0.7,33.67,33.46,Nigeria,Nigeria,right,189,83,no,5.05,4.01,61.29,12.69,32.65,0.39,0.56,0.0,2.2,3.19,2.33,5,0.65,0,0.0,2.07,0.13,1,0.13,0.08,0,0.0,7,0.91,57.14,14.286,0.26,0.39,33.33,0.0,0.0,0.39,33.33,0.0,1.94,73.33,11.27,26.44,1.17,1.04,0.26,9.71,3.63,1.55,14.24,68.18,3.37,61.54,2.98,91.3,3.76,79.31,13.34,68.93,0.52,75.0,15.56,5.5,0.09,0.39,0.26,0.0,0.0,0.0,0.39,2.07,68.75,0.91,57.14,0.0,0.0,0.52,0.13,2.07,56.25,0,,0,,0,0.0,0.0,0.0,,,0.13,,,0.0,0.0,0.0,0.0,0,0.0
Š. Langer,Zbrojovka Brno,Sigma Olomouc,"RDMF, LDMF, RCMF",25,225000,,24,1192,0,0.7,1,0.53,16.31,53.24,Czech Republic,Czech Republic,right,179,76,no,6.95,5.51,67.12,1.51,30.0,0.15,0.23,0.68,3.1,4.71,0.83,3,0.23,0,0.0,2.11,0.0,0,0.0,0.05,0,0.0,10,0.76,40.0,0.0,0.08,2.19,27.59,0.15,0.0,2.04,29.63,0.53,1.89,64.0,5.81,51.95,1.89,1.06,0.15,13.59,0.53,1.81,24.92,73.33,8.91,66.1,4.76,93.65,6.8,78.89,19.48,84.11,3.25,39.53,19.21,28.39,0.04,0.3,0.0,0.0,0.0,0.0,0.23,2.49,69.7,2.04,48.15,0.15,100.0,0.53,0.6,4.15,63.64,0,,0,,0,0.0,0.0,0.0,,,0.08,,,0.08,0.0,0.0,0.15,0,0.0
J. Sláma,Jablonec,Sigma Olomouc,LB,27,225000,2027-06-30,29,2553,0,1.25,3,2.45,14.31,53.2,Czech Republic,Czech Republic,left,177,71,no,8.92,6.31,64.25,2.33,45.45,0.04,0.05,0.14,4.83,7.19,0.74,4,0.14,0,0.0,1.83,0.0,0,0.0,0.04,0,0.0,22,0.78,18.18,0.0,0.11,3.38,28.13,3.31,28.72,0.07,0.0,0.46,1.34,52.63,3.24,42.39,0.53,0.6,0.04,25.59,1.2,0.81,38.67,65.82,20.9,61.05,3.63,88.35,9.02,67.58,25.17,79.69,10.22,43.79,22.56,36.58,0.09,0.6,0.0,0.0,0.07,50.0,0.21,7.69,54.59,3.67,45.19,0.28,50.0,0.56,0.95,12.41,67.9,0,,0,,0,0.0,0.0,0.0,,,0.71,,,1.3,0.07,0.0,1.37,0,0.0
A. Jánoš,Neratovice-Byškovice,Bohemians 1905,"DMF, LCMF, RCMF",33,225000,,10,483,0,0.31,1,0.59,17.14,57.61,Czech Republic,Czech Republic,right,173,73,no,10.99,7.08,78.95,1.68,33.33,0.75,1.1,0.37,4.66,6.88,1.12,2,0.37,0,0.0,0.93,0.0,0,0.0,0.06,0,0.0,8,1.49,0.0,0.0,0.19,0.93,40.0,0.37,50.0,0.56,33.33,0.19,1.3,28.57,4.1,45.45,0.19,1.12,0.0,21.06,0.19,1.49,34.66,79.03,14.91,70.0,4.47,91.67,11.37,88.52,27.2,84.25,6.52,62.86,20.52,29.68,0.11,0.93,0.0,0.0,0.19,100.0,0.37,8.01,69.77,2.8,73.33,0.56,66.67,1.49,0.37,8.94,81.25,0,,0,,0,0.0,0.0,0.0,,,0.93,,,0.37,0.0,0.0,1.49,0,0.0
M. Hybš,Mladá Boleslav,Bohemians 1905,"LCB, LB",33,225000,2027-06-30,12,1064,0,0.02,1,0.57,12.27,60.0,Czech Republic,Czech Republic,left,183,70,no,10.07,5.92,65.71,2.2,73.08,0.08,0.12,0.59,6.09,8.47,0.93,2,0.17,0,0.0,1.52,0.0,0,0.0,0.0,0,0.0,3,0.25,0.0,0.0,0.08,2.37,42.86,2.11,40.0,0.25,66.67,0.25,0.76,66.67,1.86,40.91,0.51,1.02,0.08,24.45,0.76,0.42,41.28,79.51,19.29,71.93,4.06,93.75,13.7,87.65,32.4,88.25,6.6,50.0,20.14,32.57,0.05,0.68,0.0,0.0,0.0,0.0,0.17,7.7,64.84,2.28,55.56,0.42,40.0,0.68,0.85,10.57,76.8,0,,0,,0,0.0,0.0,0.0,,,0.68,,,0.08,0.0,0.0,0.76,0,0.0
J. Fulnek,Artis Brno,Mladá Boleslav,"LWB, LB",32,225000,2028-06-30,22,1551,0,0.61,1,0.7,10.74,38.92,Czech Republic,Czech Republic,right,172,71,no,6.85,4.12,49.3,1.22,19.05,0.29,0.42,0.0,4.53,6.5,0.23,0,0.0,0,0.0,2.26,0.0,0,0.0,0.04,0,0.0,13,0.75,7.69,0.0,0.06,2.44,47.62,2.26,46.15,0.12,100.0,0.29,2.5,41.86,4.18,36.11,1.45,1.16,0.17,20.19,1.04,0.75,30.87,73.31,12.71,61.64,6.32,91.74,7.95,77.37,21.59,82.26,7.02,54.55,19.11,27.99,0.04,0.64,0.0,0.0,0.0,0.0,0.29,3.19,61.82,2.79,52.08,0.46,25.0,0.52,1.1,8.65,61.74,0,,0,,0,0.0,0.0,0.0,,,0.17,,,0.0,0.0,0.0,0.0,0,0.0
J. Svanda,Teplice,Teplice,"RB, RWB",24,225000,,27,2013,0,0.63,2,1.68,18.24,46.32,Czech Republic,Czech Republic,,178,0,no,8.9,7.15,63.75,1.65,18.92,0.09,0.12,0.13,4.25,5.63,0.94,1,0.04,0,0.0,2.24,0.0,0,0.0,0.03,0,0.0,8,0.36,25.0,0.0,0.09,2.5,23.21,0.04,0.0,2.46,23.64,0.49,2.5,62.5,6.8,42.76,1.39,2.01,0.22,16.1,1.07,0.49,27.85,69.98,9.39,62.38,5.37,90.83,6.93,70.97,22.13,77.17,3.31,56.76,19.36,28.95,0.08,0.63,0.0,0.04,0.04,0.0,0.4,2.41,66.67,2.5,32.14,0.27,0.0,0.76,0.58,6.39,58.74,0,,0,,0,0.0,0.0,0.0,,,0.63,,,0.04,0.0,0.0,0.0,0,0.0
F. Havelka,,České Budějovice,"RCMF, LCMF, LW",28,225000,,22,1310,0,1.57,1,1.44,12.92,46.81,Czech Republic,Czech Republic,right,177,73,no,5.22,4.6,53.73,1.79,26.92,0.27,0.36,0.34,2.47,3.25,1.37,2,0.14,0,0.0,1.58,0.0,0,0.0,0.11,0,0.0,19,1.31,5.26,0.0,0.07,1.58,43.48,0.76,63.64,0.82,25.0,0.07,1.58,47.83,4.12,43.33,1.1,0.82,0.14,20.95,0.96,0.69,33.8,73.17,10.72,56.41,5.84,92.94,12.37,79.44,28.65,77.7,3.71,50.0,20.76,36.17,0.1,0.82,0.0,0.0,0.07,100.0,0.14,6.11,61.8,2.47,38.89,0.82,25.0,0.41,0.76,5.98,73.56,0,,0,,0,0.0,0.0,0.0,,,0.62,,,1.03,0.21,0.0,2.47,0,0.0
J. Hora,,Dukla Praha,RCMF,35,225000,,29,1822,4,3.08,2,4.46,10.77,39.45,Czech Republic,Czech Republic,right,176,65,no,4.5,3.85,43.59,1.28,42.31,0.25,0.31,0.1,2.57,3.26,1.33,6,0.3,0,0.0,1.53,0.2,1,0.05,0.15,0,0.0,15,0.74,46.67,26.667,0.1,1.98,42.5,0.79,56.25,1.14,30.43,0.25,0.64,38.46,2.96,38.33,0.69,0.4,0.0,26.28,0.94,0.84,38.68,78.93,13.24,64.93,8.0,95.06,11.81,82.01,31.22,86.87,5.63,47.37,18.73,32.36,0.22,2.22,0.25,0.0,0.2,50.0,0.35,7.21,61.64,3.36,58.82,0.99,30.0,1.43,0.84,8.0,77.16,0,,0,,0,0.0,0.0,0.0,,,0.94,,,2.17,0.15,66.67,3.26,3,100.0
D. Kozma,Dukla Praha,Dukla Praha,"RCMF, LCMF, RCB",30,225000,2028-06-30,32,2581,1,1.31,2,0.56,21.45,52.03,Czech Republic,Czech Republic,right,183,73,no,9.55,6.97,59.5,7.95,50.0,0.38,0.48,0.7,5.02,6.26,1.46,6,0.21,0,0.0,0.59,0.03,1,0.03,0.05,1,0.03,19,0.66,26.32,5.263,0.07,0.24,28.57,0.03,0.0,0.21,33.33,0.0,0.63,50.0,3.38,44.33,1.05,0.42,0.07,14.44,0.24,1.6,24.83,81.6,8.96,67.32,3.98,95.61,7.92,88.99,21.93,86.49,2.65,46.05,17.92,31.46,0.02,0.28,0.0,0.0,0.07,50.0,0.14,3.14,61.11,0.77,40.91,0.31,33.33,0.42,0.07,4.43,65.35,0,,0,,0,0.0,0.0,0.0,,,1.22,,,0.0,0.0,0.0,0.0,0,0.0
L. Matějka,Táborsko,Dukla Praha,CF,28,225000,,15,696,0,0.92,1,0.47,29.35,37.44,Czech Republic,Czech Republic,right,181,77,no,3.62,3.88,66.67,9.31,45.83,0.0,0.0,0.13,1.03,1.39,0.91,0,0.0,1,0.13,1.16,0.0,0,0.0,0.12,0,0.0,7,0.91,42.86,0.0,0.13,1.29,20.0,0.52,50.0,0.78,0.0,0.13,1.29,40.0,9.7,24.0,2.59,0.65,0.0,9.31,2.33,1.29,16.42,61.42,3.62,39.29,2.97,86.96,5.17,62.5,14.09,67.89,1.16,33.33,15.95,8.55,0.06,0.39,0.0,0.0,0.13,0.0,0.39,1.16,44.44,1.03,0.0,0.13,0.0,0.39,0.13,1.03,25.0,0,,0,,0,0.0,0.0,0.0,,,0.0,,,0.0,0.0,0.0,0.0,0,0.0
O. Ullman,Ústí nad Labem,Dukla Praha,"RW, LCMF, LW",26,225000,2028-06-30,10,368,0,0.13,0,0.78,18.34,46.67,Czech Republic,Czech Republic,right,181,73,no,8.32,7.09,65.52,1.96,25.0,0.49,0.63,0.24,3.18,4.11,0.98,1,0.24,0,0.0,1.71,0.0,0,0.0,0.03,0,0.0,4,0.98,50.0,0.0,0.0,2.45,20.0,0.49,0.0,1.96,25.0,0.24,1.71,42.86,6.36,34.62,1.22,1.22,0.0,16.14,0.73,0.73,26.9,59.09,9.54,43.59,4.16,82.35,7.83,59.38,22.26,67.03,2.69,27.27,19.49,28.56,0.19,0.49,0.0,0.0,0.0,0.0,0.49,4.65,42.11,2.45,10.0,0.49,0.0,0.24,0.24,3.91,50.0,0,,0,,0,0.0,0.0,0.0,,,0.0,,,0.24,0.0,0.0,0.73,0,0.0
P. Zifčák,Sigma Olomouc II,Pardubice,"LAMF, RAMF, CF",27,225000,,10,206,0,0.0,0,0.0,17.04,38.46,Czech Republic,Czech Republic,right,187,88,no,5.68,3.5,75.0,3.06,42.86,0.44,0.56,0.44,2.62,3.33,2.18,0,0.0,0,0.0,0.44,0.0,0,0.0,0.0,0,0.0,0,0.0,0.0,0.0,0.0,0.87,50.0,0.44,100.0,0.44,0.0,0.0,0.44,0.0,6.55,20.0,1.31,0.0,0.0,7.43,2.18,0.87,14.42,48.48,5.68,30.77,3.5,75.0,3.06,42.86,11.8,51.85,1.75,25.0,21.37,17.75,0.0,0.0,0.44,0.0,0.0,0.0,0.44,2.62,16.67,0.87,50.0,0.0,0.0,0.0,0.44,4.37,40.0,0,,0,,0,0.0,0.0,0.0,,,0.0,,,0.0,0.0,0.0,0.0,0,0.0
D. Alijagič,Žilina II,Pardubice,"CF, LAMF, LCMF",23,225000,2027-06-30,6,347,0,0.89,0,0.01,15.82,27.87,Czech Republic,"Czech Republic, Bosnia and Herzegovina",right,184,78,no,3.37,2.59,30.0,1.82,0.0,0.0,0.0,0.26,2.59,3.7,0.78,1,0.26,0,0.0,1.82,0.0,0,0.0,0.23,0,0.0,7,1.82,14.29,0.0,0.0,0.78,33.33,0.26,0.0,0.52,50.0,0.0,2.33,55.56,7.78,33.33,2.07,0.78,0.26,14.01,0.78,0.52,20.75,75.0,5.71,50.0,3.37,92.31,6.74,84.62,17.9,81.16,2.07,37.5,17.18,27.78,0.0,0.26,0.0,0.0,0.0,0.0,0.0,3.37,69.23,2.59,50.0,0.26,0.0,1.3,0.26,3.37,69.23,0,,0,,0,0.0,0.0,0.0,,,0.26,,,0.0,0.0,0.0,0.0,0,0.0
V. Daníček,,Slovácko,"CB, LCB, LDMF",35,225000,,8,392,0,0.13,0,0.44,17.22,56.0,Czech Republic,Czech Republic,right,187,80,no,8.04,7.35,62.5,4.13,44.44,0.0,0.0,0.23,3.44,4.79,1.84,3,0.69,0,0.0,0.23,0.0,0,0.0,0.03,0,0.0,1,0.23,0.0,0.0,0.0,0.23,0.0,0.0,0.0,0.23,0.0,0.0,0.23,100.0,2.07,22.22,1.15,0.0,0.0,16.99,0.0,0.23,32.37,68.79,16.53,52.78,1.38,100.0,11.02,87.5,23.19,80.2,8.95,41.03,18.51,25.92,0.1,0.23,0.0,0.0,0.0,0.0,0.23,7.12,29.03,0.92,25.0,0.92,0.0,0.46,0.0,6.89,50.0,0,,0,,0,0.0,0.0,0.0,,,0.69,,,0.23,0.0,0.0,0.0,0,0.0
D. Darmovzal,Opava,Pardubice,"RDMF, LCMF, AMF",25,225000,2028-06-30,8,252,0,0.71,0,0.1,13.57,42.11,Czech Republic,Czech Republic,right,184,72,no,6.07,3.93,54.55,1.43,75.0,0.36,0.56,0.0,3.57,5.56,0.36,0,0.0,0,0.0,0.71,0.0,0,0.0,0.25,0,0.0,5,1.79,20.0,0.0,0.0,0.0,0.0,0.0,0.0,0.0,0.0,0.0,1.07,33.33,5.71,25.0,1.07,2.5,1.07,18.57,0.36,0.0,34.29,79.17,10.71,66.67,6.07,100.0,10.0,92.86,32.5,80.22,1.79,60.0,16.74,16.19,0.04,0.36,0.36,0.0,0.0,0.0,0.0,5.0,64.29,0.36,100.0,0.0,0.0,0.0,0.0,6.07,58.82,0,,0,,0,0.0,0.0,0.0,,,0.36,,,0.36,0.0,0.0,0.36,0,0.0
D. Donát,Mladá Boleslav,Mladá Boleslav,"RCB, CB",24,225000,2027-06-30,16,1134,1,1.51,0,0.24,14.29,55.0,Czech Republic,Czech Republic,right,189,80,no,9.13,6.67,60.71,3.57,46.67,0.24,0.36,1.11,4.84,7.23,0.63,0,0.0,1,0.08,0.71,0.08,1,0.08,0.12,0,0.0,3,0.24,66.67,33.333,0.0,0.16,0.0,0.0,0.0,0.16,0.0,0.0,0.71,77.78,2.06,57.69,0.71,1.43,0.0,36.19,0.4,0.48,53.57,91.26,19.68,81.05,3.65,93.48,24.76,98.4,49.68,94.41,3.73,53.19,18.02,26.89,0.02,0.32,0.0,0.0,0.0,0.0,0.08,4.68,72.88,0.4,60.0,0.0,0.0,0.32,0.0,6.75,72.94,0,,0,,0,0.0,0.0,0.0,,,1.59,,,0.0,0.0,0.0,0.0,0,0.0
D. Samko,Karviná,Karviná,"AMF, LAMF, RAMF",26,225000,,28,2262,2,5.1,4,2.91,13.17,41.39,Czech Republic,Czech Republic,right,172,67,no,3.34,2.86,58.33,2.11,33.96,0.2,0.32,0.2,1.47,2.39,0.95,1,0.04,0,0.0,2.39,0.08,2,0.08,0.2,0,0.0,39,1.55,28.21,5.128,0.16,1.35,38.24,0.76,36.84,0.6,40.0,0.2,2.23,55.36,5.57,36.43,2.39,1.59,0.4,14.16,1.47,1.19,19.02,69.46,5.85,52.38,5.53,92.81,4.3,73.15,16.47,74.15,1.27,40.63,18.64,22.03,0.12,0.68,0.08,0.0,0.28,71.43,0.6,2.07,63.46,1.75,59.09,0.28,57.14,0.92,0.48,3.34,65.48,0,,0,,0,0.0,0.0,0.0,,,0.2,,,0.04,0.0,0.0,0.04,0,0.0
J. Křišťan,Ruch Chorzów,Slovácko,"RCMF, RDMF, LCMF",24,200000,2027-06-30,23,1057,0,0.42,0,0.13,13.45,50.0,Czech Republic,Czech Republic,left,183,77,no,6.56,5.11,61.67,3.41,50.0,0.0,0.0,0.77,3.41,4.46,1.02,1,0.09,0,0.0,0.34,0.0,0,0.0,0.04,0,0.0,11,0.94,0.0,0.0,0.0,0.17,0.0,0.17,0.0,0.0,0.0,0.0,0.34,75.0,2.64,41.94,0.34,0.17,0.0,17.97,0.09,0.6,29.38,85.51,9.79,72.17,4.68,94.55,9.62,92.92,27.16,88.71,2.04,50.0,14.25,16.09,0.01,0.34,0.09,0.0,0.09,100.0,0.0,4.94,65.52,0.43,40.0,0.17,50.0,0.34,0.0,3.75,70.45,0,,0,,0,0.0,0.0,0.0,,,0.43,,,0.34,0.0,0.0,0.43,0,0.0
L. Vorlický,Slovácko,Slavia Praha,LWF,24,200000,2029-06-30,4,84,0,0.12,1,0.17,32.14,33.33,Czech Republic,Czech Republic,right,186,78,no,5.36,3.21,100.0,5.36,40.0,0.0,0.0,0.0,2.14,6.0,1.07,0,0.0,0,0.0,3.21,0.0,0,0.0,0.12,0,0.0,1,1.07,100.0,0.0,1.07,2.14,50.0,1.07,0.0,1.07,100.0,1.07,6.43,16.67,22.5,19.05,5.36,4.29,1.07,20.36,1.07,0.0,34.29,71.88,2.14,0.0,6.43,83.33,16.07,66.67,26.79,80.0,5.36,40.0,21.93,24.52,0.18,1.07,0.0,0.0,0.0,0.0,1.07,4.29,75.0,3.21,66.67,0.0,0.0,2.14,1.07,4.29,100.0,0,,0,,0,0.0,0.0,0.0,,,0.0,,,0.0,0.0,0.0,1.07,0,0.0
J. Koželuh,Slovan Liberec,Slovan Liberec,"RB, RWB",24,200000,2028-06-30,22,1642,1,0.65,0,1.47,15.4,51.6,Czech Republic,Czech Republic,right,179,0,no,7.73,5.86,62.62,3.51,46.88,0.11,0.16,0.11,3.95,5.92,1.26,0,0.0,0,0.0,1.97,0.05,1,0.05,0.04,0,0.0,10,0.55,60.0,10.0,0.0,2.03,51.35,0.05,100.0,1.97,50.0,0.05,1.43,42.31,4.0,43.84,1.26,0.99,0.33,16.88,1.92,1.32,25.65,75.0,9.32,61.18,4.77,97.7,7.4,86.67,20.39,82.53,3.23,42.37,18.2,19.49,0.08,0.77,0.0,0.05,0.0,0.0,0.55,2.96,46.3,2.08,57.89,0.0,0.0,0.55,0.93,5.54,80.2,0,,0,,0,0.0,0.0,0.0,,,1.15,,,0.0,0.0,0.0,0.0,0,0.0
L. Letenay,Slovan Liberec,Slovan Liberec,"CF, LWF",25,200000,2030-06-30,24,968,4,2.82,2,0.46,20.27,35.78,Slovakia,Slovakia,left,190,85,no,3.35,3.63,53.85,7.16,44.16,0.09,0.14,0.19,1.3,1.95,1.86,2,0.19,0,0.0,1.39,0.37,4,0.37,0.26,1,0.09,16,1.49,50.0,25.0,0.19,0.93,10.0,0.46,20.0,0.46,0.0,0.19,0.84,66.67,5.67,18.03,3.63,0.28,0.0,9.11,1.77,0.09,13.67,61.9,2.6,35.71,2.79,90.0,3.72,70.0,12.27,65.15,0.46,80.0,13.85,3.09,0.04,0.46,0.09,0.0,0.0,0.0,0.28,0.74,50.0,0.56,0.0,0.0,0.0,0.65,0.19,0.93,40.0,0,,0,,0,0.0,0.0,0.0,,,0.0,,,0.0,0.0,0.0,0.0,0,0.0
R. Breite,Artis Brno,Sigma Olomouc,"RDMF, LDMF",36,200000,,32,2613,1,1.38,0,0.87,13.81,55.61,Czech Republic,Czech Republic,right,175,72,no,9.99,7.03,66.67,3.03,40.91,0.14,0.2,0.17,5.17,7.55,1.03,3,0.1,1,0.03,0.45,0.03,1,0.03,0.05,0,0.0,17,0.59,41.18,5.882,0.0,0.41,16.67,0.1,33.33,0.28,12.5,0.0,0.17,60.0,1.58,56.52,0.38,0.65,0.1,19.7,0.24,0.86,37.27,76.8,17.26,66.27,5.3,91.56,9.99,87.59,30.34,83.43,6.51,49.74,18.79,28.87,0.03,0.38,0.0,0.0,0.03,100.0,0.17,7.96,66.23,1.58,47.83,0.45,61.54,0.76,0.1,7.96,73.16,0,,0,,0,0.0,0.0,0.0,,,0.38,,,0.0,0.0,0.0,0.0,0,0.0
J. Navrátil,Artis Brno,Sigma Olomouc,"RAMF, LAMF",36,200000,2027-06-30,26,1375,1,1.04,0,0.38,15.84,49.17,Czech Republic,Czech Republic,right,170,65,no,7.27,5.89,72.22,3.73,31.58,0.13,0.19,0.2,2.88,4.27,1.37,4,0.26,0,0.0,1.24,0.07,1,0.07,0.07,0,0.0,8,0.52,37.5,12.5,0.0,1.9,34.48,0.26,25.0,1.64,36.0,0.33,1.05,31.25,4.06,38.71,1.64,0.26,0.0,16.49,1.18,1.24,26.31,72.89,9.1,60.43,6.87,90.48,4.39,68.66,21.86,80.24,2.81,39.53,15.68,30.33,0.02,0.52,0.0,0.0,0.13,50.0,0.2,2.68,48.78,1.83,57.14,0.39,50.0,0.39,0.52,5.04,70.13,0,,0,,0,0.0,0.0,0.0,,,0.0,,,0.0,0.0,0.0,0.0,0,0.0
M. Leibl,,Sigma Olomouc,LB,34,200000,,4,218,0,0.0,0,0.09,14.04,47.06,Czech Republic,Czech Republic,left,184,79,no,9.91,5.37,69.23,2.89,28.57,0.0,0.0,0.0,6.19,9.57,1.65,1,0.41,0,0.0,1.65,0.0,0,0.0,0.0,0,0.0,0,0.0,0.0,0.0,0.0,3.3,50.0,3.3,50.0,0.0,0.0,0.41,1.24,0.0,2.89,28.57,0.0,1.24,0.0,26.01,0.83,0.83,41.28,70.0,23.53,64.91,4.13,100.0,7.02,82.35,30.14,80.82,7.84,36.84,19.89,20.02,0.04,0.83,0.0,0.0,0.0,0.0,0.83,4.54,45.45,2.48,66.67,0.0,0.0,0.41,1.65,14.86,61.11,0,,0,,0,0.0,0.0,0.0,,,1.24,,,0.0,0.0,0.0,0.0,0,0.0
L. Vraštil,Sigma Olomouc,Sigma Olomouc,RCB,32,200000,,8,447,0,0.07,0,0.0,14.3,63.38,Czech Republic,Czech Republic,right,185,80,no,9.66,4.83,75.0,5.84,58.62,0.0,0.0,0.81,6.04,8.11,1.01,0,0.0,0,0.0,0.0,0.0,0,0.0,0.01,0,0.0,1,0.2,0.0,0.0,0.0,0.0,0.0,0.0,0.0,0.0,0.0,0.0,0.0,0.0,1.01,60.0,0.2,0.0,0.0,17.32,0.2,0.81,31.81,71.52,18.32,56.04,1.81,77.78,10.67,96.23,21.74,82.41,10.07,48.0,22.68,29.57,0.0,0.0,0.0,0.0,0.0,0.0,0.0,6.44,43.75,0.4,0.0,0.0,0.0,0.0,0.0,8.26,56.1,0,,0,,0,0.0,0.0,0.0,,,1.21,,,0.0,0.0,0.0,0.0,0,0.0
F. Novák,Jablonec,Jablonec,LCB,36,200000,2027-06-30,5,283,0,0.15,0,0.06,15.9,52.0,Czech Republic,Czech Republic,left,184,78,no,10.81,7.31,69.57,3.18,30.0,0.32,0.42,0.32,5.41,7.08,1.59,1,0.32,0,0.0,0.0,0.0,0,0.0,0.05,0,0.0,1,0.32,0.0,0.0,0.0,0.0,0.0,0.0,0.0,0.0,0.0,0.0,0.0,0.0,1.91,66.67,0.64,0.32,0.0,26.08,0.0,1.59,40.39,85.04,20.99,77.27,2.54,75.0,13.67,95.35,37.21,87.18,3.18,60.0,11.17,18.57,0.02,0.95,0.0,0.0,0.0,0.0,0.0,3.5,63.64,0.64,0.0,0.64,0.0,0.0,0.0,6.68,52.38,0,,0,,0,0.0,0.0,0.0,,,0.95,,,0.0,0.0,0.0,0.0,0,0.0
R. Hrubý,Viktoria Žižkov,Bohemians 1905,"LCMF, AMF",32,200000,,29,1383,1,1.25,1,2.21,19.52,43.33,Czech Republic,Czech Republic,right,183,80,no,8.33,6.57,53.47,2.93,42.22,0.59,0.84,0.26,4.23,6.07,1.56,2,0.13,0,0.0,2.6,0.07,1,0.07,0.08,0,0.0,18,1.17,16.67,5.556,0.07,1.89,41.38,1.24,52.63,0.65,20.0,0.46,2.34,66.67,7.22,39.64,2.41,0.98,0.07,16.66,0.78,0.98,26.23,79.9,7.68,71.19,5.66,95.4,8.33,79.69,21.8,86.87,2.54,48.72,17.48,21.62,0.14,1.5,0.07,0.07,0.13,50.0,0.46,3.25,64.0,1.76,59.26,0.26,25.0,0.72,0.78,4.16,73.44,0,,0,,0,0.0,0.0,0.0,,,0.2,,,0.78,0.0,0.0,1.76,0,0.0
M. Tvrdoň,Viktoria Plzeň,Viktoria Plzeň,GK,31,200000,,6,545,0,0.0,1,0.05,1.65,70.0,Slovakia,Slovakia,right,194,85,no,1.49,0.17,0.0,0.83,80.0,0.0,0.0,0.0,1.49,2.62,0.17,0,0.0,0,0.0,0.0,0.0,0,0.0,0.0,0,0.0,0,0.0,0.0,0.0,0.17,0.0,0.0,0.0,0.0,0.0,0.0,0.0,0.0,0.0,0.5,100.0,0.0,0.0,0.0,14.37,0.17,0.5,20.31,82.93,13.87,77.38,0.0,0.0,5.94,94.44,11.23,94.12,9.08,69.09,38.37,54.32,0.01,0.17,0.0,0.0,0.0,0.0,0.17,4.95,63.33,0.17,0.0,1.32,62.5,0.17,0.0,7.76,82.98,5,0.83,34,5.61,3,85.29,7.97,1.32,2.97,0.49,0.0,1.98,0.83,,,,0.0,0,0.0
A. Křapka,Zlín,Bohemians 1905,RCB,32,200000,2027-06-30,30,2748,2,2.74,0,0.1,11.95,59.45,Czech Republic,Czech Republic,right,183,87,no,8.45,5.5,73.81,2.98,52.75,0.03,0.05,0.69,4.36,6.05,0.59,2,0.07,0,0.0,0.39,0.07,2,0.07,0.09,0,0.0,14,0.46,35.71,14.286,0.0,0.62,21.05,0.0,0.0,0.62,21.05,0.13,0.23,42.86,1.31,27.5,0.66,0.72,0.1,19.75,0.26,0.33,31.6,77.51,15.69,66.6,2.95,92.22,10.51,91.59,24.56,84.67,6.42,55.61,22.92,37.38,0.0,0.1,0.0,0.0,0.0,0.0,0.0,6.03,62.5,0.88,44.44,0.26,50.0,0.23,0.16,8.09,71.26,0,,0,,0,0.0,0.0,0.0,,,1.57,,,0.03,0.0,0.0,0.0,0,0.0
M. Douděra,České Budějovice,České Budějovice,"RW, LW",24,200000,2027-06-30,22,738,0,0.61,1,0.96,15.49,43.31,Czech Republic,Czech Republic,right,165,0,no,5.98,4.02,69.7,2.07,29.41,0.12,0.17,0.37,3.05,4.17,0.85,3,0.37,0,0.0,1.71,0.0,0,0.0,0.07,0,0.0,4,0.49,0.0,0.0,0.12,1.95,25.0,0.49,0.0,1.46,33.33,0.24,2.2,55.56,7.68,34.92,1.34,1.83,0.24,10.98,0.98,1.46,18.05,71.62,4.63,63.16,4.76,84.62,4.88,67.5,15.0,78.86,1.22,50.0,19.36,13.43,0.12,0.49,0.0,0.0,0.0,0.0,0.37,1.95,81.25,1.22,20.0,0.24,0.0,0.61,0.37,3.41,67.86,0,,0,,0,0.0,0.0,0.0,,,0.24,,,0.0,0.0,0.0,0.12,0,0.0
D. Langhamer,Mladá Boleslav,Teplice,"RCMF, AMF, LCMF",23,200000,,24,1523,1,0.57,3,1.69,13.71,50.86,Czech Republic,Czech Republic,right,173,66,no,6.56,4.2,71.83,2.07,42.86,0.3,0.43,0.24,3.25,4.73,0.83,3,0.18,0,0.0,1.65,0.06,1,0.06,0.03,0,0.0,16,0.95,18.75,6.25,0.18,1.18,35.0,0.35,33.33,0.83,35.71,0.18,1.54,65.38,5.44,41.3,0.95,0.89,0.41,20.98,1.06,1.42,31.38,85.5,7.86,74.44,6.32,93.46,10.16,87.21,28.19,89.94,2.01,52.94,16.16,25.69,0.1,1.12,0.0,0.0,0.12,50.0,0.35,3.37,85.96,1.54,42.31,0.24,25.0,0.35,0.41,4.43,70.67,0,,0,,0,0.0,0.0,0.0,,,0.35,,,0.47,0.06,0.0,0.89,0,0.0
P. Osmančík,Arsenal Česká Lípa,České Budějovice,"LB, LW, RB",26,200000,2027-12-31,21,1097,0,0.34,0,0.83,16.82,56.1,Czech Republic,Czech Republic,right,175,72,no,10.58,8.2,76.0,2.71,27.27,0.41,0.51,0.33,3.94,4.93,0.57,1,0.08,0,0.0,1.23,0.0,0,0.0,0.03,0,0.0,6,0.49,16.67,0.0,0.0,1.39,41.18,1.07,53.85,0.33,0.0,0.16,0.9,63.64,2.95,38.89,0.66,0.9,0.16,15.83,0.66,0.57,24.37,70.37,10.67,58.46,4.27,94.23,6.73,82.93,17.39,78.3,5.58,52.94,18.14,20.96,0.07,0.41,0.0,0.0,0.0,0.0,0.08,4.68,56.14,2.05,44.0,0.33,50.0,0.49,0.57,5.99,64.38,0,,0,,0,0.0,0.0,0.0,,,0.74,,,0.0,0.0,0.0,0.0,0,0.0
N. Keckeisen,Hertha Wels,České Budějovice,LCB,24,200000,,3,235,0,0.11,0,0.0,10.72,64.29,Germany,"Germany, Croatia",right,190,82,no,8.81,3.83,70.0,4.21,63.64,0.38,0.48,0.0,5.74,7.14,0.0,0,0.0,0,0.0,0.0,0.0,0,0.0,0.04,0,0.0,1,0.38,0.0,0.0,0.0,0.0,0.0,0.0,0.0,0.0,0.0,0.0,0.0,0.0,1.15,66.67,0.38,0.77,0.38,19.91,0.38,0.77,34.47,81.11,14.55,71.05,3.06,87.5,15.32,90.0,30.26,89.87,4.21,18.18,23.36,38.24,0.0,0.0,0.0,0.0,0.38,0.0,0.0,5.74,33.33,0.38,0.0,0.0,0.0,0.0,0.0,5.74,66.67,0,,0,,0,0.0,0.0,0.0,,,1.53,,,0.0,0.0,0.0,0.0,0,0.0
L. Mareček,Teplice,Teplice,"RCB, CB",36,200000,2027-06-30,20,1730,0,0.51,0,0.45,13.84,55.64,Czech Republic,Czech Republic,right,182,79,no,8.84,5.31,61.76,4.37,58.33,0.21,0.28,0.52,5.36,7.1,1.04,4,0.21,0,0.0,0.78,0.0,0,0.0,0.03,0,0.0,7,0.36,14.29,0.0,0.0,1.09,42.86,0.05,0.0,1.04,45.0,0.21,0.31,83.33,1.04,40.0,0.36,1.09,0.1,22.53,0.52,0.31,39.17,81.27,17.69,68.82,3.02,94.83,13.94,93.66,31.79,87.56,6.29,56.2,20.08,32.62,0.02,0.47,0.0,0.05,0.05,0.0,0.05,6.61,70.08,1.87,36.11,0.52,40.0,0.21,0.52,9.42,72.93,0,,0,,0,0.0,0.0,0.0,,,1.09,,,0.31,0.0,0.0,0.57,0,0.0
D. Souček,Jablonec,Jablonec,"RWB, LWB, LCB",27,200000,,22,1100,0,0.26,1,0.64,13.25,54.94,Czech Republic,Czech Republic,right,180,73,no,9.65,6.79,74.7,1.39,35.29,0.08,0.11,0.33,4.5,5.98,0.41,5,0.41,0,0.0,1.55,0.0,0,0.0,0.02,0,0.0,9,0.74,0.0,0.0,0.08,2.29,28.57,0.98,16.67,1.31,37.5,0.33,1.72,42.86,3.11,34.21,1.15,0.9,0.08,25.12,0.82,0.41,35.75,75.74,17.1,70.33,4.66,92.98,8.67,79.25,27.82,83.82,5.81,54.93,19.15,28.47,0.05,0.57,0.08,0.0,0.16,100.0,0.25,5.32,63.08,2.54,32.26,0.25,66.67,0.57,0.49,9.98,71.31,0,,0,,0,0.0,0.0,0.0,,,0.25,,,0.0,0.0,0.0,0.0,0,0.0
E. Tischler,České Budějovice,České Budějovice,"LCMF, RCMF",28,200000,,29,2086,0,1.24,0,0.99,12.9,47.49,Austria,"Austria, Czech Republic",right,182,72,no,8.2,6.0,57.55,2.89,44.78,0.78,0.93,0.35,3.97,4.74,1.38,6,0.26,0,0.0,0.47,0.0,0,0.0,0.05,0,0.0,13,0.56,23.08,0.0,0.0,0.39,44.44,0.13,66.67,0.26,33.33,0.09,0.22,40.0,1.86,32.56,0.82,0.3,0.04,14.58,0.22,0.52,25.71,80.54,8.28,64.58,5.18,94.17,7.33,88.24,23.34,84.1,1.98,45.65,16.82,24.42,0.04,0.47,0.0,0.0,0.09,100.0,0.26,2.98,65.22,0.78,72.22,0.13,66.67,0.52,0.13,4.23,54.08,0,,0,,0,0.0,0.0,0.0,,,0.26,,,0.13,0.0,0.0,0.69,0,0.0
J. Zeronik,Táborsko,Dukla Praha,"RW, LW",25,200000,,19,1058,1,0.63,1,1.08,22.97,44.81,Czech Republic,Czech Republic,right,169,61,no,5.7,5.19,63.93,1.87,36.36,0.09,0.11,0.09,2.3,3.05,0.68,2,0.17,0,0.0,5.1,0.09,1,0.09,0.05,0,0.0,11,0.94,18.18,9.091,0.09,3.49,19.51,0.77,22.22,2.72,18.75,1.11,6.21,65.75,13.87,39.88,2.98,2.21,0.09,11.65,1.02,1.62,20.76,61.89,5.95,54.29,3.66,86.05,7.66,57.78,15.74,73.51,1.62,36.84,17.63,19.73,0.09,1.19,0.09,0.0,0.51,33.33,0.26,1.28,53.33,4.0,40.43,0.34,25.0,1.28,0.85,4.68,56.36,0,,0,,0,0.0,0.0,0.0,,,0.43,,,0.34,0.0,0.0,2.04,0,0.0
J. Řezníček,Příbram II,Dukla Praha,CF,38,200000,2027-06-30,20,1202,3,4.39,2,0.15,27.25,35.71,Czech Republic,"Czech Republic, Slovakia",right,184,82,no,2.4,1.27,82.35,11.31,37.09,0.15,0.21,0.3,1.2,1.66,1.12,2,0.15,0,0.0,0.97,0.22,3,0.22,0.33,0,0.0,20,1.5,30.0,15.0,0.15,1.12,6.67,0.45,16.67,0.52,0.0,0.15,0.9,50.0,8.39,28.57,3.44,0.9,0.15,8.16,1.95,1.42,14.9,63.82,4.42,44.07,3.37,88.89,4.27,70.18,13.03,68.97,0.75,60.0,14.68,14.23,0.01,0.3,0.0,0.0,0.22,0.0,0.3,1.57,33.33,0.97,15.38,0.22,0.0,0.52,0.15,1.2,43.75,0,,0,,0,0.0,0.0,0.0,,,0.0,,,0.0,0.0,0.0,0.0,0,0.0
M. Knobloch,Zlín,Karviná,GK,33,200000,,3,303,0,0.0,0,0.0,0.89,33.33,Czech Republic,Czech Republic,right,192,92,no,1.78,0.3,0.0,0.3,100.0,0.0,0.0,0.0,1.78,2.95,0.0,0,0.0,0,0.0,0.0,0.0,0,0.0,0.0,0,0.0,0,0.0,0.0,0.0,0.0,0.0,0.0,0.0,0.0,0.0,0.0,0.0,0.0,0.0,0.3,0.0,0.0,0.0,0.0,19.6,0.0,0.3,26.73,88.89,10.99,72.97,0.0,0.0,15.45,100.0,20.2,98.53,6.53,59.09,28.73,52.91,0.0,0.0,0.0,0.0,0.0,0.0,0.0,3.27,63.64,0.59,50.0,0.3,0.0,0.3,0.0,4.46,66.67,8,2.38,17,5.05,1,52.94,5.56,1.65,-2.44,-0.725,0.0,0.3,0.3,,,,0.0,0,0.0
K. Vallo,Dukla (OLD),Karviná,RB,28,200000,2027-06-30,19,1594,2,1.02,0,0.95,20.16,48.74,Slovakia,Slovakia,right,186,79,no,9.54,6.78,61.67,3.27,55.17,0.28,0.42,0.34,5.08,7.65,0.85,4,0.23,0,0.0,2.82,0.11,2,0.11,0.06,0,0.0,12,0.68,25.0,16.667,0.0,2.48,29.55,0.06,0.0,2.37,28.57,0.23,3.16,57.14,7.11,36.51,1.07,2.31,0.28,22.64,0.9,0.62,33.37,75.8,14.74,71.65,4.12,91.78,8.58,78.29,27.21,82.37,3.78,58.21,17.7,35.96,0.05,0.79,0.0,0.0,0.11,100.0,0.11,4.74,77.38,2.54,44.44,0.17,100.0,0.85,0.68,7.96,77.3,0,,0,,0,0.0,0.0,0.0,,,0.4,,,0.0,0.0,0.0,0.0,0,0.0
F. Čech,Hradec Králové,Hradec Králové,RCB,28,200000,,6,253,0,0.0,0,0.57,14.58,58.54,Czech Republic,Czech Republic,right,179,72,no,9.6,7.47,66.67,2.85,37.5,0.36,0.43,0.0,4.27,5.22,1.07,1,0.36,0,0.0,0.0,0.0,0,0.0,0.0,0,0.0,0,0.0,0.0,0.0,0.0,0.36,0.0,0.0,0.0,0.36,0.0,0.0,0.0,0.0,0.36,0.0,0.71,0.36,0.0,20.99,0.0,0.36,37.0,82.69,18.5,75.0,2.13,83.33,12.81,97.22,30.59,91.86,6.05,41.18,17.86,24.32,0.2,0.36,0.0,0.0,0.0,0.0,0.0,3.91,54.55,0.36,100.0,0.0,0.0,0.71,0.0,8.54,62.5,0,,0,,0,0.0,0.0,0.0,,,1.78,,,0.0,0.0,0.0,0.0,0,0.0
D. Hašek,Dukla Praha,Dukla Praha,RCB,27,200000,2027-06-30,26,2261,1,0.65,0,0.33,13.22,56.63,Czech Republic,Czech Republic,right,187,80,no,9.2,5.93,71.81,4.54,43.86,0.12,0.15,0.6,4.82,6.19,1.19,4,0.16,0,0.0,0.2,0.04,1,0.04,0.03,0,0.0,10,0.4,40.0,10.0,0.0,0.2,0.0,0.0,0.0,0.2,0.0,0.0,0.12,33.33,0.76,42.11,0.44,0.44,0.0,19.66,0.12,0.44,32.04,81.24,14.73,68.92,2.67,92.54,11.9,92.98,25.04,89.35,6.89,53.18,21.86,36.59,0.01,0.12,0.0,0.0,0.04,0.0,0.04,6.13,62.34,0.84,33.33,0.52,38.46,0.28,0.12,8.08,68.47,0,,0,,0,0.0,0.0,0.0,,,2.07,,,0.0,0.0,0.0,0.0,0,0.0
Š. Sebrle,Dukla Praha,Dukla Praha,"LW, RW",23,200000,2027-06-30,29,2000,2,3.39,0,1.72,21.78,44.01,Czech Republic,Czech Republic,right,0,0,no,6.98,5.85,56.92,3.28,43.84,0.14,0.17,0.09,3.51,4.5,0.95,2,0.09,0,0.0,3.06,0.09,2,0.09,0.15,0,0.0,30,1.35,20.0,6.667,0.0,2.84,33.33,1.66,40.54,1.17,23.08,0.41,3.51,52.56,9.58,41.31,2.21,2.07,0.5,14.99,1.04,1.93,24.21,75.65,6.39,70.42,5.54,91.87,7.52,73.05,19.53,83.87,1.98,54.55,16.13,21.19,0.08,0.9,0.0,0.0,0.0,0.0,0.32,1.53,76.47,2.61,34.48,0.05,0.0,0.27,0.9,4.1,64.84,0,,0,,0,0.0,0.0,0.0,,,0.27,,,0.27,0.0,0.0,0.81,0,0.0
D. Krčík,Viktoria Plzeň,Karviná,"LCB, RCB, CB",27,200000,2029-06-30,29,2783,2,2.88,0,0.2,15.85,59.8,Slovakia,Slovakia,right,189,86,no,9.8,6.4,69.7,5.4,62.28,0.32,0.52,0.58,5.01,7.99,1.36,9,0.29,1,0.03,0.52,0.06,1,0.03,0.09,0,0.0,10,0.32,50.0,20.0,0.0,0.32,30.0,0.03,0.0,0.29,33.33,0.06,0.55,47.06,1.55,31.25,0.52,0.78,0.1,35.31,0.42,0.13,50.71,88.07,20.6,77.71,3.27,99.01,23.38,95.85,42.78,93.65,7.63,58.9,23.73,42.56,0.01,0.13,0.0,0.0,0.0,0.0,0.06,7.34,70.04,1.07,24.24,0.45,21.43,0.26,0.13,9.96,76.62,0,,0,,0,0.0,0.0,0.0,,,2.36,,,0.1,0.03,0.0,0.0,2,50.0
F. Vaško,Slovácko,Slovácko,RCB,26,200000,2027-06-30,26,2475,0,1.0,0,0.0,19.13,62.93,Slovakia,Slovakia,right,191,86,no,11.2,7.75,77.93,7.13,59.69,0.0,0.0,0.73,5.16,6.86,1.05,4,0.15,0,0.0,0.33,0.0,0,0.0,0.04,0,0.0,7,0.25,42.86,0.0,0.0,0.18,40.0,0.0,0.0,0.18,40.0,0.0,0.25,57.14,1.56,34.88,0.51,0.51,0.15,23.05,0.25,0.18,38.84,83.43,15.64,70.93,2.91,88.75,17.35,94.97,33.96,88.22,4.76,50.38,22.59,41.33,0.0,0.0,0.0,0.0,0.0,0.0,0.0,5.35,65.31,0.36,40.0,0.15,25.0,0.04,0.07,7.49,62.14,0,,0,,0,0.0,0.0,0.0,,,1.6,,,0.11,0.0,0.0,0.0,0,0.0
R. Mahuta,Pardubice,Pardubice,"LB, LWB, LCB",24,200000,2029-06-30,12,799,0,0.52,0,0.34,16.56,47.62,Finland,"Finland, Congo DR",left,182,74,no,8.79,6.87,60.66,2.59,39.13,0.0,0.0,0.23,4.62,6.51,1.13,1,0.11,0,0.0,1.91,0.0,0,0.0,0.06,0,0.0,8,0.9,0.0,0.0,0.0,2.03,33.33,1.8,31.25,0.11,100.0,0.23,1.91,58.82,4.84,32.56,1.46,1.46,0.23,21.4,1.58,0.34,34.47,80.07,12.95,73.04,7.1,93.65,10.7,81.05,28.5,88.14,3.94,45.71,20.93,34.86,0.04,0.34,0.0,0.0,0.11,100.0,0.23,3.15,60.71,2.25,55.0,0.23,50.0,0.56,0.9,8.0,56.34,0,,0,,0,0.0,0.0,0.0,,,1.35,,,0.11,0.0,0.0,0.79,0,0.0
P. Reinberk,,Slovácko,"LB, RB",37,200000,,19,1092,0,0.4,1,0.72,12.2,52.03,Czech Republic,Czech Republic,right,184,75,no,7.5,5.27,62.5,2.39,44.83,0.25,0.33,0.16,3.96,5.35,0.74,3,0.25,0,0.0,1.81,0.0,0,0.0,0.03,0,0.0,4,0.33,50.0,0.0,0.08,2.8,41.18,1.48,44.44,1.32,37.5,0.25,1.24,40.0,2.39,34.48,1.4,0.58,0.16,25.71,1.48,0.74,35.6,75.0,16.4,68.84,5.36,89.23,9.64,81.2,26.46,85.67,6.51,45.57,20.15,28.81,0.06,0.66,0.0,0.0,0.0,0.0,0.41,5.77,64.29,2.8,52.94,0.74,66.67,0.33,1.24,9.48,73.91,0,,0,,0,0.0,0.0,0.0,,,1.07,,,0.0,0.0,0.0,0.0,0,0.0
D. Šimek,Artis Brno,Pardubice,"RCB, CB",28,200000,,23,1928,0,1.89,0,0.0,14.1,62.58,Czech Republic,Czech Republic,right,196,82,no,10.32,5.88,69.84,4.62,62.63,0.33,0.44,0.84,5.88,7.92,1.07,4,0.19,0,0.0,0.14,0.0,0,0.0,0.09,0,0.0,8,0.37,37.5,0.0,0.0,0.09,0.0,0.0,0.0,0.09,0.0,0.0,0.0,0.0,0.61,30.77,0.75,0.51,0.05,24.69,0.61,0.37,38.88,80.55,18.07,68.99,2.19,95.74,16.43,92.61,30.95,87.63,7.84,53.57,23.19,40.42,0.0,0.05,0.0,0.0,0.0,0.0,0.0,5.51,58.47,0.51,18.18,0.42,11.11,0.14,0.0,9.06,64.43,0,,0,,0,0.0,0.0,0.0,,,1.82,,,0.0,0.0,0.0,0.0,0,0.0
V. Stránský,Slovan Liberec,Mladá Boleslav,"LCMF, RCMF",23,200000,2029-06-30,27,2142,3,2.57,1,1.85,17.86,48.24,Czech Republic,Czech Republic,right,184,71,no,8.95,5.38,57.81,3.15,45.33,0.67,0.96,0.63,5.17,7.38,0.97,7,0.29,0,0.0,2.1,0.13,3,0.13,0.11,1,0.04,25,1.05,28.0,12.0,0.04,1.22,44.83,0.25,50.0,0.97,43.48,0.04,1.76,59.52,6.55,43.59,1.26,1.43,0.25,25.04,0.88,1.51,37.56,84.45,12.18,73.79,8.49,95.05,10.29,90.2,33.91,88.23,2.65,50.79,17.3,28.03,0.08,0.67,0.0,0.0,0.29,71.43,0.34,4.37,69.23,1.72,58.54,0.59,50.0,0.76,0.55,6.01,72.03,0,,0,,0,0.0,0.0,0.0,,,0.42,,,0.0,0.0,0.0,0.0,0,0.0
C. Sène,,Viktoria Plzeň,CB,25,200000,,2,14,0,0.0,0,0.0,,,Senegal,Senegal,right,196,94,no,,,,,,,0.0,,,30.0,,0,,1,,,,0,,,0,,0,,,0.0,,,,,,,,,,,,,,,,,,,,,,,,,,,,,,,9.86,21.59,,,,,,,,,,,,,,,,,,0,,0,,0,0.0,0.0,,,,,,,,,,,0,0.0
S. Grygar,Ružomberok,Baník Ostrava,"LDMF, DMF, LCMF",21,175000,2029-06-30,12,253,0,0.29,0,0.42,11.38,43.75,Czech Republic,Czech Republic,right,185,75,no,7.83,3.91,45.45,1.42,25.0,0.71,1.33,0.71,5.34,10.0,0.0,0,0.0,0,0.0,0.36,0.0,0,0.0,0.1,0,0.0,4,1.42,0.0,0.0,0.0,0.0,0.0,0.0,0.0,0.0,0.0,0.0,1.42,25.0,3.2,33.33,2.85,0.36,0.0,23.48,0.0,1.07,35.57,84.0,13.87,69.23,5.69,100.0,10.67,96.67,32.37,84.62,3.2,77.78,15.9,18.86,0.15,1.78,0.0,0.0,0.0,0.0,0.36,5.69,75.0,1.42,100.0,0.71,100.0,1.42,0.0,6.4,83.33,0,,0,,0,0.0,0.0,0.0,,,0.36,,,0.0,0.0,0.0,0.71,0,0.0
M. Ogiomade,,České Budějovice,"RW, LW",25,175000,,33,1639,1,2.41,3,2.56,18.62,42.77,Nigeria,Nigeria,,184,0,no,5.66,4.61,70.24,2.86,34.62,0.0,0.0,0.22,2.42,2.95,1.04,2,0.11,0,0.0,3.18,0.05,1,0.05,0.13,0,0.0,27,1.48,25.93,3.704,0.16,3.35,32.79,2.03,37.84,1.32,25.0,0.66,3.79,42.03,8.68,31.65,2.2,2.53,0.55,12.63,1.54,0.6,20.65,65.69,5.93,51.85,4.45,88.89,5.88,61.68,15.59,76.06,1.76,37.5,17.96,19.35,0.14,1.1,0.0,0.0,0.22,50.0,0.49,1.81,60.61,3.4,40.32,0.38,28.57,0.71,1.04,3.57,69.23,0,,0,,0,0.0,0.0,0.0,,,0.16,,,0.0,0.0,0.0,0.05,0,0.0
M. Reichl,Bohemians 1905,Bohemians 1905,GK,33,175000,2027-06-30,20,1958,0,0.0,0,0.0,1.01,90.91,Czech Republic,Czech Republic,right,189,83,no,1.75,0.28,83.33,0.51,90.91,0.0,0.0,0.0,1.52,2.09,0.05,3,0.14,0,0.0,0.0,0.0,0,0.0,0.0,0,0.0,0,0.0,0.0,0.0,0.0,0.0,0.0,0.0,0.0,0.0,0.0,0.0,0.0,0.0,0.18,100.0,0.0,0.0,0.0,10.53,0.23,0.32,17.7,87.01,9.97,80.18,0.0,0.0,7.31,95.6,11.63,96.05,5.98,70.0,32.74,49.38,0.0,0.0,0.0,0.0,0.0,0.0,0.0,1.93,57.14,0.23,40.0,0.09,0.0,0.09,0.0,5.19,77.88,23,1.06,97,4.46,5,76.29,23.6,1.08,0.6,0.028,0.0,2.07,0.51,,,,0.0,0,0.0
J. Urbanec,Příbram,Teplice,"LWB, LB",34,175000,,4,184,0,0.45,0,0.0,12.23,56.0,Czech Republic,Czech Republic,right,182,77,no,5.38,5.38,63.64,0.0,0.0,0.0,0.0,0.0,1.96,2.73,0.98,1,0.49,0,0.0,2.93,0.0,0,0.0,0.22,0,0.0,4,1.96,75.0,0.0,0.0,1.96,0.0,1.47,0.0,0.49,0.0,0.49,3.42,42.86,5.38,54.55,0.98,1.47,0.0,24.46,1.96,1.47,31.79,66.15,10.27,47.62,6.36,76.92,12.23,72.0,24.95,78.43,4.89,30.0,19.97,12.93,0.0,0.0,0.0,0.0,0.0,0.0,0.0,4.89,60.0,5.38,36.36,0.49,0.0,1.96,0.0,9.29,73.68,0,,0,,0,0.0,0.0,0.0,,,0.0,,,0.0,0.0,0.0,0.0,0,0.0
M. Hubínek,České Budějovice,České Budějovice,"DMF, RCMF, RCB",31,175000,,30,2542,0,0.06,1,0.23,12.29,53.89,Czech Republic,Czech Republic,left,181,81,no,8.14,5.91,65.27,1.7,45.83,0.18,0.22,0.5,4.11,5.07,1.24,5,0.18,1,0.04,0.21,0.0,0,0.0,0.0,0,0.0,7,0.25,0.0,0.0,0.04,0.18,20.0,0.0,0.0,0.18,20.0,0.04,0.28,50.0,2.44,42.03,0.04,0.6,0.14,20.11,0.14,0.71,34.13,84.02,13.17,71.77,3.54,97.0,13.91,93.13,28.93,90.21,5.03,50.7,21.17,35.93,0.01,0.21,0.0,0.04,0.07,50.0,0.14,5.81,64.02,0.67,42.11,0.5,42.86,0.25,0.04,7.26,69.27,0,,0,,0,0.0,0.0,0.0,,,0.74,,,0.21,0.0,0.0,0.07,0,0.0
R. Holiš,Táborsko,Dukla Praha,LB,28,175000,,4,180,0,0.0,0,0.25,16.0,40.63,Czech Republic,Czech Republic,left,186,80,no,6.5,5.0,60.0,5.5,18.18,0.0,0.0,0.5,3.5,4.12,2.0,1,0.5,0,0.0,2.0,0.0,0,0.0,0.0,0,0.0,0,0.0,0.0,0.0,0.0,1.5,66.67,1.5,66.67,0.0,0.0,0.5,2.0,50.0,4.0,37.5,0.0,2.5,1.0,31.0,3.0,0.0,39.5,77.22,22.5,66.67,5.0,100.0,9.0,88.89,34.0,82.35,4.0,37.5,12.92,12.97,0.13,1.0,0.0,0.0,0.0,0.0,0.5,12.0,66.67,1.5,66.67,0.0,0.0,0.5,1.0,13.5,85.19,0,,0,,0,0.0,0.0,0.0,,,0.0,,,0.0,0.0,0.0,0.0,0,0.0
M. Ambler,Dukla Praha,Dukla Praha,"LB, LW",26,175000,2027-06-30,13,1100,2,0.95,0,0.43,16.04,56.12,Czech Republic,Czech Republic,left,169,48,no,6.46,5.15,60.32,2.54,54.84,0.08,0.11,0.25,3.27,4.27,0.57,2,0.16,0,0.0,2.13,0.16,2,0.16,0.08,0,0.0,7,0.57,57.14,28.571,0.0,1.64,25.0,1.64,25.0,0.0,0.0,0.08,1.88,73.91,6.71,57.32,0.9,1.96,0.33,19.96,1.06,2.13,29.13,73.6,10.64,53.85,8.59,95.24,4.75,79.31,23.24,85.56,4.34,26.42,18.28,33.41,0.04,0.33,0.0,0.0,0.0,0.0,0.16,4.01,40.82,1.72,23.81,0.33,0.0,0.33,0.49,4.99,54.1,0,,0,,0,0.0,0.0,0.0,,,0.65,,,0.41,0.16,50.0,0.41,0,0.0
P. Moulis,Ústí nad Labem,Dukla Praha,"LW, RW",35,175000,2027-06-30,5,153,0,0.14,0,0.0,23.53,30.0,Czech Republic,Czech Republic,right,182,78,no,8.24,7.06,58.33,5.29,11.11,0.0,0.0,0.59,4.12,6.18,0.0,0,0.0,0,0.0,1.18,0.0,0,0.0,0.08,0,0.0,2,1.18,0.0,0.0,0.0,3.53,16.67,2.94,0.0,0.59,100.0,0.0,3.53,16.67,7.06,16.67,2.94,1.76,0.0,15.29,1.76,0.59,27.06,60.87,11.76,45.0,4.71,87.5,6.47,63.64,21.18,72.22,2.94,20.0,23.56,25.22,0.0,0.0,0.0,0.0,0.59,0.0,0.0,2.35,50.0,3.53,33.33,0.59,0.0,0.59,0.59,7.06,50.0,0,,0,,0,0.0,0.0,0.0,,,0.0,,,1.18,0.59,0.0,2.35,0,0.0
J. Peterka,Ústí nad Labem,Dukla Praha,"LCB, DMF",36,175000,2027-06-30,31,2937,2,1.28,0,0.04,15.2,56.85,Czech Republic,Czech Republic,right,185,75,no,10.23,6.07,68.69,4.14,46.67,0.4,0.5,0.49,5.67,7.12,0.98,6,0.18,1,0.03,0.55,0.06,2,0.06,0.04,0,0.0,7,0.21,42.86,28.571,0.0,0.31,40.0,0.06,0.0,0.25,50.0,0.03,0.55,55.56,2.45,48.75,0.4,1.07,0.09,28.16,0.28,1.16,44.68,85.53,19.77,77.05,4.29,94.29,15.63,93.92,38.03,90.33,6.34,58.94,19.05,30.37,0.0,0.06,0.0,0.0,0.03,100.0,0.0,6.93,72.57,0.86,53.57,0.34,36.36,0.43,0.15,9.01,73.13,0,,0,,0,0.0,0.0,0.0,,,2.21,,,0.03,0.0,0.0,0.0,0,0.0
O. Mihálik,Hradec Králové,Hradec Králové,CF,29,175000,2029-06-30,29,1660,2,5.0,3,1.2,16.64,33.88,Czech Republic,Czech Republic,right,187,74,no,3.42,2.33,55.81,4.39,25.93,0.22,0.28,0.22,1.9,2.48,1.03,4,0.22,0,0.0,2.01,0.11,2,0.11,0.27,0,0.0,35,1.9,40.0,5.714,0.16,1.03,21.05,0.11,0.0,0.92,23.53,0.16,1.9,51.43,6.45,35.29,3.58,0.7,0.16,12.2,2.01,1.25,18.11,74.25,3.69,50.0,5.31,89.8,5.58,78.64,16.54,78.69,0.54,40.0,14.45,9.4,0.07,0.6,0.0,0.05,0.11,50.0,0.38,1.3,75.0,1.08,60.0,0.05,100.0,0.6,0.27,1.95,61.11,0,,0,,0,0.0,0.0,0.0,,,0.22,,,0.0,0.0,0.0,0.0,1,0.0
J. Barac,Táborsko,Dukla Praha,"CF, LCMF",29,175000,2028-06-30,2,51,0,0.76,0,0.0,12.35,42.86,Czech Republic,Czech Republic,right,176,70,no,3.53,5.29,66.67,1.76,100.0,0.0,0.0,0.0,0.0,0.0,1.76,0,0.0,0,0.0,1.76,0.0,0,0.0,1.34,0,0.0,1,1.76,100.0,0.0,0.0,0.0,0.0,0.0,0.0,0.0,0.0,0.0,0.0,0.0,5.29,0.0,1.76,0.0,0.0,21.18,0.0,0.0,33.53,84.21,10.59,83.33,8.82,100.0,8.82,80.0,30.0,88.24,3.53,50.0,20.87,21.56,0.0,0.0,0.0,0.0,0.0,0.0,0.0,7.06,75.0,1.76,0.0,1.76,0.0,0.0,0.0,5.29,100.0,0,,0,,0,0.0,0.0,0.0,,,1.76,,,0.0,0.0,0.0,1.76,1,0.0
A. Fousek,Zenit Čáslav,Pardubice,"LDMF, LCMF, AMF",32,175000,,8,103,1,0.33,0,0.29,15.73,55.56,Czech Republic,Czech Republic,left,185,79,no,6.99,6.12,85.71,3.5,50.0,0.0,0.0,0.0,1.75,4.29,0.0,0,0.0,0,0.0,1.75,0.87,1,0.87,0.29,1,0.87,2,1.75,50.0,50.0,0.0,1.75,50.0,1.75,50.0,0.0,0.0,0.87,0.87,0.0,3.5,25.0,2.62,0.87,0.0,23.59,0.0,0.0,48.93,73.21,24.47,57.14,6.12,100.0,10.49,83.33,41.94,77.08,5.24,50.0,13.7,12.34,0.25,1.75,0.0,0.0,0.0,0.0,0.87,8.74,50.0,1.75,50.0,0.0,0.0,0.87,0.87,8.74,80.0,0,,0,,0,0.0,0.0,0.0,,,1.75,,,1.75,0.0,0.0,2.62,0,0.0
S. Šimek,Pardubice,Pardubice,"LDMF, RDMF, DMF",24,175000,2029-06-30,9,603,0,0.13,0,0.4,14.18,40.0,Czech Republic,Czech Republic,right,180,77,no,7.61,6.87,45.65,1.94,38.46,0.45,0.64,0.45,4.03,5.79,2.09,2,0.3,0,0.0,0.3,0.0,0,0.0,0.02,0,0.0,3,0.45,0.0,0.0,0.0,1.19,25.0,0.15,0.0,1.04,28.57,0.0,0.45,0.0,3.13,42.86,0.9,1.19,0.45,26.12,0.6,0.75,37.31,77.2,14.18,65.26,6.12,82.93,13.13,90.91,31.34,81.43,4.93,60.61,20.61,28.3,0.06,0.45,0.0,0.0,0.0,0.0,0.15,4.78,68.75,2.24,46.67,0.6,50.0,0.75,0.3,7.31,75.51,0,,0,,0,0.0,0.0,0.0,,,0.45,,,0.45,0.0,0.0,0.6,0,0.0
R. Mišković,,Slovácko,"AMF, LAMF, RAMF",26,175000,,3,69,1,0.35,0,0.01,16.96,38.46,Germany,"Germany, Croatia",right,188,87,no,7.83,6.52,40.0,3.91,33.33,0.0,0.0,0.0,5.22,7.5,3.91,1,1.3,0,0.0,7.83,1.3,1,1.3,0.45,0,0.0,3,3.91,33.33,33.333,0.0,3.91,100.0,1.3,100.0,2.61,100.0,0.0,2.61,100.0,5.22,50.0,1.3,0.0,0.0,19.57,1.3,0.0,28.7,81.82,5.22,50.0,7.83,83.33,11.74,88.89,24.78,78.95,0.0,0.0,14.7,0.0,0.01,1.3,0.0,0.0,1.3,0.0,1.3,1.3,100.0,3.91,100.0,1.3,0.0,0.0,3.91,9.13,71.43,0,,0,,0,0.0,0.0,0.0,,,0.0,,,0.0,0.0,0.0,0.0,0,0.0
V. Novák,Ružomberok,Bohemians 1905,"RDMF, RCMF",24,175000,2028-06-30,14,299,0,0.26,0,0.64,15.95,43.4,Czech Republic,Czech Republic,left,180,73,no,6.62,5.12,58.82,0.9,33.33,0.3,0.55,0.3,3.31,6.0,0.6,0,0.0,0,0.0,3.61,0.0,0,0.0,0.08,0,0.0,9,2.71,33.33,0.0,0.0,3.31,27.27,1.2,0.0,2.11,42.86,0.3,4.52,40.0,7.83,30.77,1.81,0.0,0.3,20.47,0.9,0.6,30.7,64.71,12.04,52.5,3.01,90.0,10.84,72.22,22.58,70.67,4.82,62.5,21.46,22.36,0.19,3.61,0.0,0.0,0.0,0.0,0.0,5.42,50.0,3.91,61.54,0.3,100.0,1.51,1.2,7.22,70.83,0,,0,,0,0.0,0.0,0.0,,,0.3,,,0.3,0.0,0.0,1.51,0,0.0
O. Šašinka,Karviná,Hradec Králové,"CF, LCMF",28,175000,2027-06-30,7,71,0,0.0,0,0.04,19.01,33.33,Czech Republic,Czech Republic,left,185,80,no,6.34,6.34,60.0,1.27,100.0,0.0,0.0,0.0,2.54,5.0,2.54,0,0.0,0,0.0,1.27,0.0,0,0.0,0.01,0,0.0,1,1.27,0.0,0.0,0.0,2.54,0.0,1.27,0.0,1.27,0.0,0.0,5.07,25.0,8.87,14.29,2.54,0.0,0.0,6.34,0.0,0.0,10.14,75.0,1.27,100.0,2.54,100.0,3.8,33.33,7.61,100.0,0.0,0.0,7.56,0.0,0.05,1.27,0.0,0.0,0.0,0.0,0.0,0.0,0.0,1.27,0.0,0.0,0.0,0.0,0.0,0.0,0.0,0,,0,,0,0.0,0.0,0.0,,,0.0,,,0.0,0.0,0.0,0.0,0,0.0
J. Kalabiška,Hodonín,Pardubice,"LB, LW",39,150000,,13,770,2,0.73,1,0.35,15.78,50.37,Czech Republic,Czech Republic,left,188,78,no,9.23,5.96,64.71,4.68,45.0,0.47,0.61,0.0,4.91,6.4,0.94,0,0.0,0,0.0,1.05,0.23,2,0.23,0.09,0,0.0,11,1.29,36.36,18.182,0.12,0.94,25.0,0.94,25.0,0.0,0.0,0.23,0.47,50.0,2.34,35.0,1.29,0.82,0.23,13.32,1.87,0.94,24.19,69.08,11.69,61.0,5.03,97.67,4.56,64.1,19.05,76.69,4.21,44.44,19.27,32.11,0.04,0.12,0.0,0.12,0.12,100.0,0.12,4.91,50.0,1.52,38.46,0.58,80.0,0.47,0.23,6.78,58.62,0,,0,,0,0.0,0.0,0.0,,,1.17,,,0.0,0.0,0.0,0.0,0,0.0
M. Frydrych,Baník Ostrava,Baník Ostrava,"RCB, CB",36,150000,2027-06-30,23,2114,1,2.5,1,1.85,15.07,55.93,Czech Republic,Czech Republic,right,188,84,no,9.11,6.39,61.33,4.77,57.14,0.34,0.48,0.55,4.85,6.83,1.23,3,0.13,0,0.0,1.02,0.04,1,0.04,0.11,0,0.0,19,0.81,47.37,5.263,0.04,0.64,40.0,0.04,0.0,0.6,42.86,0.0,0.77,44.44,1.7,40.0,1.36,0.81,0.04,23.84,0.98,0.34,39.59,80.54,19.54,71.68,2.47,94.83,13.71,92.55,32.36,86.97,6.6,52.9,21.03,33.73,0.08,0.43,0.04,0.04,0.04,100.0,0.34,6.39,70.0,1.58,56.76,0.51,25.0,0.72,0.26,10.64,69.6,0,,0,,0,0.0,0.0,0.0,,,1.28,,,0.0,0.0,0.0,0.0,0,0.0
J. Hanuš,Jablonec,Jablonec,GK,38,150000,2027-06-30,35,3452,0,0.0,0,0.0,0.6,82.61,Czech Republic,Czech Republic,right,188,85,no,1.33,0.05,50.0,0.47,94.44,0.0,0.0,0.0,1.3,1.79,0.03,1,0.03,0,0.0,0.0,0.0,0,0.0,0.0,0,0.0,0,0.0,0.0,0.0,0.0,0.0,0.0,0.0,0.0,0.0,0.0,0.0,0.03,0.0,0.03,0.0,0.0,0.0,0.0,11.5,0.05,0.03,18.33,87.34,9.28,78.37,0.03,0.0,8.34,97.5,12.75,97.75,5.58,63.55,28.72,42.28,0.0,0.0,0.0,0.0,0.0,0.0,0.0,1.23,42.55,0.08,0.0,0.05,0.0,0.0,0.0,3.99,71.9,33,0.86,128,3.34,16,74.22,36.56,0.95,3.56,0.093,0.0,1.62,0.47,,,,0.0,0,0.0
V. Kreida,Flora,Sigma Olomouc,LDMF,26,150000,2026-12-31,1,11,0,0.0,0,0.0,,,Estonia,Estonia,right,179,78,no,,,,,,,0.0,,,0.0,,0,,0,,,,0,,,0,,0,,,0.0,,,,,,,,,,,,,,,,,,,,,,,,,,,,,,,22.2,47.93,,,,,,,,,,,,,,,,,,0,,0,,0,0.0,0.0,,,,,,,,,,,0,0.0
M. Dostál,Bohemians 1905 II,Bohemians 1905,"RB, RWB",36,150000,,19,899,0,0.05,0,0.91,15.22,51.32,Czech Republic,Czech Republic,right,177,73,no,8.51,5.81,63.79,3.3,48.48,0.7,0.98,0.1,4.1,5.72,0.3,0,0.0,1,0.1,1.7,0.0,0,0.0,0.01,0,0.0,1,0.1,0.0,0.0,0.0,3.0,36.67,0.0,0.0,3.0,36.67,0.1,1.3,46.15,2.8,39.29,0.4,0.7,0.0,20.82,1.2,0.6,31.13,64.63,15.92,59.12,3.0,90.0,7.81,69.23,20.32,72.41,7.91,55.7,19.03,27.15,0.09,1.0,0.1,0.0,0.0,0.0,0.2,6.61,57.58,3.3,45.45,0.3,66.67,0.4,1.1,9.91,70.71,0,,0,,0,0.0,0.0,0.0,,,0.3,,,0.3,0.0,0.0,0.5,0,0.0
J. Shejbal,Chrudim,Bohemians 1905,"LCB, LWB",32,150000,,23,1180,0,0.74,0,0.06,14.49,52.63,Czech Republic,Czech Republic,left,187,83,no,8.54,5.87,63.64,3.58,48.94,0.23,0.32,0.76,4.58,6.41,1.37,4,0.31,1,0.08,0.76,0.0,0,0.0,0.06,0,0.0,4,0.31,0.0,0.0,0.0,0.92,25.0,0.84,18.18,0.08,100.0,0.15,0.84,63.64,3.2,42.86,0.53,0.84,0.31,19.6,0.61,0.69,31.88,74.4,15.18,61.81,3.58,95.74,9.46,85.48,24.94,84.4,6.03,40.51,19.22,24.44,0.0,0.15,0.0,0.0,0.0,0.0,0.0,6.03,49.37,1.07,28.57,0.0,0.0,0.38,0.23,7.32,59.38,0,,0,,0,0.0,0.0,0.0,,,1.14,,,0.0,0.0,0.0,0.0,0,0.0
O. Velich,Zbrojovka Brno,Jablonec,"RAMF, RWF, LAMF",25,150000,,2,29,0,0.0,0,0.0,,,Czech Republic,Czech Republic,right,185,72,no,,,,,,,0.0,,,15.0,,0,,0,,,,0,,,0,,0,,,0.0,,,,,,,,,,,,,,,,,,,,,,,,,,,,,,,25.51,17.66,,,,,,,,,,,,,,,,,,0,,0,,0,0.0,0.0,,,,,,,,,,,0,0.0
J. Skalák,České Budějovice,České Budějovice,"RCMF, RW",34,150000,,11,402,0,0.78,0,0.53,13.43,45.0,Czech Republic,Czech Republic,right,177,76,no,5.6,3.58,62.5,2.91,23.08,0.0,0.0,0.67,3.36,4.79,0.9,1,0.22,1,0.22,2.01,0.0,0,0.0,0.17,0,0.0,5,1.12,20.0,0.0,0.0,2.01,66.67,0.45,100.0,1.57,57.14,0.0,0.9,50.0,4.03,55.56,0.9,0.45,0.45,14.33,0.67,1.79,24.85,75.68,7.61,55.88,6.49,96.55,6.27,78.57,20.82,81.72,2.24,20.0,16.86,22.45,0.12,1.57,0.0,0.0,0.0,0.0,0.0,3.36,26.67,2.46,63.64,0.0,0.0,0.45,1.34,3.81,64.71,0,,0,,0,0.0,0.0,0.0,,,0.22,,,2.69,0.22,0.0,3.13,1,0.0
J. Kotula,,České Budějovice,RB,30,150000,,5,260,0,0.0,0,0.03,13.5,46.15,Slovakia,Slovakia,right,183,83,no,6.23,7.27,57.14,2.77,25.0,0.35,0.45,0.0,1.73,2.27,0.69,1,0.35,0,0.0,0.35,0.0,0,0.0,0.0,0,0.0,0,0.0,0.0,0.0,0.0,1.38,0.0,0.35,0.0,1.04,0.0,0.35,0.35,100.0,0.69,50.0,0.35,0.69,0.0,19.04,0.69,0.0,27.69,60.0,19.73,56.14,0.69,100.0,4.85,71.43,16.96,79.59,9.35,33.33,22.55,31.03,0.01,0.35,0.0,0.0,0.0,0.0,0.0,5.19,40.0,1.38,0.0,0.35,0.0,0.0,0.0,9.35,59.26,0,,0,,0,0.0,0.0,0.0,,,0.35,,,0.0,0.0,0.0,0.0,0,0.0
R. Križan,Trenčín,České Budějovice,CB,28,150000,2028-06-30,11,906,0,0.55,0,0.0,11.62,64.96,Slovakia,Slovakia,right,190,87,no,7.55,4.07,56.1,5.56,67.86,0.3,0.33,0.79,4.97,5.47,0.7,2,0.2,1,0.1,0.1,0.0,0,0.0,0.05,0,0.0,4,0.4,0.0,0.0,0.0,0.0,0.0,0.0,0.0,0.0,0.0,0.0,0.1,100.0,0.3,100.0,0.79,0.1,0.0,9.54,0.2,0.5,17.48,83.52,4.47,64.44,1.49,100.0,9.14,92.39,14.9,89.33,2.58,50.0,21.73,30.72,0.0,0.0,0.0,0.0,0.0,0.0,0.0,1.59,62.5,0.1,0.0,0.1,0.0,0.3,0.0,2.09,42.86,0,,0,,0,0.0,0.0,0.0,,,1.39,,,0.0,0.0,0.0,0.0,0,0.0
M. Mešanović,Dukla Praha,Dukla Praha,CF,36,150000,,19,1534,4,3.44,1,0.99,18.83,35.2,Bosnia and Herzegovina,Bosnia and Herzegovina,right,177,75,no,2.41,2.29,58.97,5.28,34.44,0.06,0.08,0.0,1.0,1.28,1.11,1,0.06,0,0.0,1.41,0.23,4,0.23,0.2,1,0.06,25,1.47,36.0,16.0,0.06,0.94,25.0,0.29,40.0,0.65,18.18,0.12,0.94,62.5,7.39,32.54,2.7,0.53,0.0,10.21,2.46,1.47,15.66,70.41,3.93,50.75,4.69,91.25,3.7,63.49,14.14,74.69,0.59,40.0,16.9,15.08,0.06,0.47,0.0,0.0,0.06,100.0,0.35,1.82,48.39,1.06,66.67,0.06,100.0,1.06,0.23,1.76,63.33,0,,0,,0,0.0,0.0,0.0,,,0.18,,,0.0,0.0,0.0,0.12,0,0.0
A. Griger,Slovan Bratislava,Hradec Králové,CF,22,150000,2026-12-31,22,1432,4,8.12,0,0.17,28.91,27.17,Slovakia,Slovakia,right,192,78,yes,3.77,3.02,62.5,7.54,25.83,0.0,0.0,0.25,1.89,2.24,1.51,1,0.06,0,0.0,1.95,0.25,4,0.25,0.51,0,0.0,32,2.01,46.88,12.5,0.0,0.31,20.0,0.0,0.0,0.25,0.0,0.06,2.01,46.88,12.13,22.28,3.02,0.82,0.0,5.34,1.19,0.94,10.37,81.21,1.7,74.07,3.58,89.47,2.7,79.07,9.93,83.54,0.13,50.0,14.34,4.34,0.01,0.25,0.13,0.0,0.0,0.0,0.0,0.82,61.54,0.44,57.14,0.0,0.0,0.25,0.06,0.69,72.73,0,,0,,0,0.0,0.0,0.0,,,0.06,,,0.0,0.0,0.0,0.0,0,0.0
T. Břečka,Zbrojovka Brno,Slovácko,LCB,32,150000,2027-06-30,4,257,0,0.31,0,0.0,12.61,63.89,Czech Republic,Czech Republic,left,185,85,no,8.05,4.2,58.33,4.55,76.92,0.0,0.0,1.05,5.6,9.23,0.7,1,0.35,0,0.0,0.35,0.0,0,0.0,0.11,0,0.0,3,1.05,33.33,0.0,0.0,0.0,0.0,0.0,0.0,0.0,0.0,0.0,0.0,0.0,1.05,66.67,1.05,0.7,0.0,39.57,0.7,1.05,52.53,88.0,23.46,79.1,4.2,91.67,22.06,96.83,47.28,92.59,5.25,46.67,14.77,23.67,0.0,0.0,0.0,0.0,0.0,0.0,0.0,6.65,78.95,0.0,0.0,0.0,0.0,0.0,0.0,8.75,56.0,0,,0,,0,0.0,0.0,0.0,,,2.1,,,0.0,0.0,0.0,0.0,0,0.0
J. Borek,Artis Brno,Slovácko,GK,23,150000,2029-06-30,9,871,0,0.0,0,0.0,0.83,87.5,Czech Republic,Czech Republic,right,0,0,no,1.76,0.0,0.0,0.72,100.0,0.1,0.14,0.0,1.65,2.27,0.0,0,0.0,0,0.0,0.0,0.0,0,0.0,0.0,0,0.0,0,0.0,0.0,0.0,0.0,0.0,0.0,0.0,0.0,0.0,0.0,0.0,0.0,0.0,0.0,0.0,0.0,0.0,0.0,6.3,0.0,0.31,12.61,77.87,7.75,65.33,0.1,0.0,4.24,100.0,6.41,95.16,6.2,60.0,34.78,51.48,0.0,0.0,0.0,0.0,0.0,0.0,0.0,1.86,38.89,0.1,0.0,0.21,0.0,0.0,0.0,4.75,76.09,13,1.34,38,3.93,3,65.79,12.43,1.28,-0.57,-0.059,0.0,2.17,0.72,,,,0.0,0,0.0
M. Suchý,Slavia Praha II,Mladá Boleslav,CB,38,150000,2027-06-30,29,2664,2,1.45,1,1.14,13.24,55.36,Czech Republic,Czech Republic,right,183,86,no,8.28,4.7,71.22,4.09,49.59,0.17,0.24,0.81,4.76,6.77,1.18,8,0.27,1,0.03,0.37,0.07,2,0.07,0.05,1,0.03,6,0.2,66.67,33.333,0.03,0.0,0.0,0.0,0.0,0.0,0.0,0.0,0.34,50.0,1.42,47.62,0.51,0.24,0.03,32.06,0.2,0.74,46.69,91.24,15.07,82.06,3.65,93.52,23.51,97.27,42.53,94.68,4.16,56.1,19.66,30.04,0.04,0.14,0.0,0.0,0.07,100.0,0.1,2.74,70.37,0.37,18.18,0.47,35.71,0.27,0.0,6.76,67.5,0,,0,,0,0.0,0.0,0.0,,,2.4,,,0.0,0.0,0.0,0.0,0,0.0
V. Neuman,Karviná,Karviná,GK,26,150000,,2,200,0,0.0,0,0.0,0.0,0.0,Czech Republic,Czech Republic,right,195,82,no,2.25,0.0,0.0,0.0,0.0,0.0,0.0,0.0,2.25,2.88,0.0,0,0.0,0,0.0,0.0,0.0,0,0.0,0.0,0,0.0,0,0.0,0.0,0.0,0.0,0.0,0.0,0.0,0.0,0.0,0.0,0.0,0.0,0.0,0.0,0.0,0.0,0.0,0.0,16.65,0.9,0.0,25.65,80.7,18.9,73.81,0.0,0.0,6.3,100.0,9.9,90.91,15.75,74.29,36.76,47.78,0.0,0.0,0.0,0.0,0.0,0.0,0.0,4.5,50.0,0.0,0.0,0.45,0.0,0.0,0.0,13.05,86.21,4,1.8,8,3.6,0,50.0,2.37,1.07,-1.63,-0.733,0.0,1.35,0.0,,,,0.0,0,0.0
K. Vacek,Pardubice,Pardubice,"LDMF, RDMF, RCMF",39,125000,,29,2451,2,1.57,0,1.61,15.64,52.11,Czech Republic,Czech Republic,right,183,76,no,9.36,7.34,63.5,2.02,49.09,0.29,0.4,0.4,4.41,5.97,1.65,9,0.33,0,0.0,1.06,0.07,2,0.07,0.06,0,0.0,15,0.55,26.67,13.333,0.0,0.95,34.62,0.37,20.0,0.55,40.0,0.07,0.84,65.22,3.71,34.65,0.62,0.44,0.0,23.57,0.37,0.59,39.66,83.52,13.4,69.86,5.58,92.76,15.75,91.38,34.66,88.24,4.15,54.87,18.99,30.65,0.06,0.44,0.0,0.0,0.04,100.0,0.26,5.47,66.44,1.69,45.65,0.37,60.0,0.48,0.33,6.57,66.48,0,,0,,0,0.0,0.0,0.0,,,0.7,,,0.22,0.04,0.0,0.48,0,0.0
J. Kovařík,Bohemians 1905,Bohemians 1905,"LWB, LB",38,125000,2027-06-30,29,2402,1,0.76,5,6.39,13.04,54.02,Czech Republic,Czech Republic,left,183,80,no,7.23,5.58,55.7,1.69,60.0,0.34,0.47,0.11,3.78,5.22,0.82,6,0.22,0,0.0,2.74,0.04,1,0.04,0.03,0,0.0,9,0.34,55.56,11.111,0.19,3.78,37.62,3.48,35.48,0.26,57.14,0.52,2.02,55.56,3.97,47.17,0.94,0.79,0.15,19.22,1.01,0.6,30.05,69.2,13.3,57.18,4.35,91.38,8.69,74.14,19.41,85.33,6.97,40.86,23.9,36.18,0.24,2.06,0.04,0.07,0.04,0.0,0.45,5.47,50.68,3.6,44.79,0.41,0.0,0.49,1.61,7.72,72.33,0,,0,,0,0.0,0.0,0.0,,,0.56,,,1.35,0.04,100.0,3.0,0,0.0
O. Petrák,Sokol Zápy,Bohemians 1905,"CB, RCB, LCB",34,125000,,8,425,0,0.02,0,0.0,9.53,57.78,Czech Republic,Czech Republic,right,186,79,no,6.14,4.02,63.16,4.02,63.16,0.21,0.29,0.64,3.39,4.71,0.64,0,0.0,0,0.0,0.0,0.0,0,0.0,0.0,0,0.0,1,0.21,0.0,0.0,0.0,0.0,0.0,0.0,0.0,0.0,0.0,0.0,0.0,0.0,0.64,33.33,0.21,0.42,0.0,26.26,0.0,0.42,39.81,88.3,12.71,71.67,1.91,100.0,22.87,98.15,34.94,92.73,4.87,56.52,17.68,24.34,0.0,0.0,0.0,0.0,0.0,0.0,0.0,4.87,82.61,0.0,0.0,0.0,0.0,0.0,0.0,6.99,66.67,0,,0,,0,0.0,0.0,0.0,,,1.27,,,0.0,0.0,0.0,0.0,0,0.0
L. Soukup,,Bohemians 1905,GK,31,125000,,3,299,0,0.0,0,0.0,0.9,100.0,Czech Republic,Czech Republic,right,193,88,no,1.2,0.0,0.0,0.9,100.0,0.0,0.0,0.0,1.2,1.9,0.0,1,0.3,0,0.0,0.0,0.0,0,0.0,0.0,0,0.0,0,0.0,0.0,0.0,0.0,0.0,0.0,0.0,0.0,0.0,0.0,0.0,0.0,0.0,0.0,0.0,0.0,0.0,0.0,8.13,0.0,0.3,17.76,88.14,11.14,81.08,0.0,0.0,6.32,100.0,11.14,97.3,6.62,72.73,33.8,52.33,0.0,0.0,0.0,0.0,0.0,0.0,0.0,2.41,50.0,0.6,50.0,0.0,0.0,0.3,0.0,5.72,84.21,3,0.9,10,3.01,1,70.0,3.51,1.06,0.51,0.154,0.0,1.81,0.9,,,,0.0,0,0.0
D. Vala,Bohemians 1905,Bohemians 1905,"RB, RWB",25,125000,2027-12-31,13,669,0,0.2,0,0.33,20.99,50.0,Czech Republic,Czech Republic,right,183,75,no,11.43,8.88,65.15,3.36,52.0,0.13,0.2,0.27,5.52,8.15,1.61,2,0.27,0,0.0,1.61,0.0,0,0.0,0.03,0,0.0,6,0.81,16.67,0.0,0.0,2.29,23.53,0.13,0.0,2.02,26.67,0.13,1.48,63.64,4.57,32.35,1.21,1.21,0.27,13.18,0.81,0.67,23.27,65.9,13.18,67.35,2.15,81.25,4.3,59.38,18.57,75.36,2.69,30.0,18.92,24.81,0.04,0.4,0.0,0.13,0.0,0.0,0.13,5.11,65.79,1.88,35.71,0.0,0.0,0.54,0.81,6.19,65.22,0,,0,,0,0.0,0.0,0.0,,,0.54,,,0.0,0.0,0.0,0.0,0,0.0
M. Rabušic,,Slovan Liberec,"CF, LWF",36,100000,,8,135,1,1.04,0,0.02,26.67,22.5,Czech Republic,Czech Republic,right,185,85,no,2.67,2.0,0.0,5.33,37.5,0.0,0.0,0.0,2.67,4.8,1.33,1,0.67,0,0.0,1.33,0.67,1,0.67,0.7,1,0.67,4,2.67,50.0,25.0,0.0,0.67,0.0,0.67,0.0,0.0,0.0,0.0,4.0,0.0,13.33,15.0,4.0,0.67,0.0,10.0,0.67,2.67,16.0,83.33,4.67,71.43,2.0,100.0,4.0,83.33,14.0,95.24,1.33,0.0,13.03,9.77,0.02,1.33,0.0,0.0,0.0,0.0,0.0,2.0,66.67,1.33,50.0,0.0,0.0,2.0,0.0,1.33,50.0,0,,0,,0,0.0,0.0,0.0,,,0.0,,,0.0,0.0,0.0,0.0,0,0.0
Z. Ondrášek,,České Budějovice,CF,37,100000,,20,1206,0,2.18,0,1.87,19.78,40.38,Czech Republic,Czech Republic,right,186,79,no,4.78,2.61,65.71,8.51,43.86,0.22,0.3,0.52,2.84,3.8,0.82,1,0.07,0,0.0,0.6,0.0,0,0.0,0.16,0,0.0,13,0.97,23.08,0.0,0.0,0.37,40.0,0.22,66.67,0.15,0.0,0.0,0.22,33.33,4.1,23.64,3.36,0.37,0.0,11.94,3.36,0.97,18.51,64.11,5.22,45.71,4.93,80.3,4.48,63.33,17.31,65.09,0.82,54.55,14.91,12.93,0.14,0.82,0.0,0.0,0.15,100.0,0.22,1.94,38.46,1.19,43.75,0.07,0.0,1.04,0.07,2.69,41.67,0,,0,,0,0.0,0.0,0.0,,,0.0,,,0.0,0.0,0.0,0.0,0,0.0
V. Fendrich,Arsenal Česká Lípa,České Budějovice,GK,35,100000,,10,929,0,0.0,0,0.0,0.58,83.33,Czech Republic,Czech Republic,right,193,90,no,1.84,0.0,0.0,0.39,75.0,0.0,0.0,0.0,1.84,2.18,0.0,0,0.0,0,0.0,0.1,0.0,0,0.0,0.0,0,0.0,0,0.0,0.0,0.0,0.0,0.0,0.0,0.0,0.0,0.0,0.0,0.0,0.1,100.0,0.1,100.0,0.0,0.0,0.0,10.66,0.39,0.1,15.5,83.75,11.24,78.45,0.0,0.0,3.97,97.56,7.75,96.25,7.75,71.25,38.75,50.18,0.0,0.0,0.0,0.0,0.0,0.0,0.0,2.33,54.17,0.0,0.0,0.0,0.0,0.0,0.0,5.72,83.05,23,2.23,46,4.46,1,50.0,12.97,1.26,-10.03,-0.972,0.0,1.26,0.39,,,,0.0,0,0.0
L. Takács,Teplice,Teplice,CB,30,100000,,9,338,1,0.54,0,0.15,16.24,59.02,Czech Republic,Czech Republic,right,192,91,no,5.86,2.4,55.56,8.79,57.58,0.53,0.88,0.0,3.99,6.62,0.8,3,0.8,0,0.0,1.07,0.27,1,0.27,0.14,1,0.27,6,1.6,16.67,16.667,0.0,0.0,0.0,0.0,0.0,0.0,0.0,0.0,1.07,75.0,2.93,54.55,1.6,0.27,0.0,30.36,0.27,0.8,46.6,84.57,17.57,71.21,2.66,80.0,24.76,94.62,38.08,88.81,8.52,65.63,20.68,26.67,0.04,0.27,0.0,0.0,0.0,0.0,0.27,7.46,71.43,1.6,50.0,0.27,0.0,0.53,0.0,9.85,67.57,0,,0,,0,0.0,0.0,0.0,,,1.6,,,0.0,0.0,0.0,0.0,0,0.0
U. Ekpai,,České Budějovice,"RW, LW, RB",30,100000,,24,1551,1,2.88,0,0.8,17.41,41.0,Nigeria,Nigeria,right,176,74,no,4.35,2.96,58.82,4.7,44.44,0.17,0.21,0.0,2.44,2.99,1.28,4,0.23,2,0.12,2.38,0.06,1,0.06,0.17,1,0.06,22,1.28,22.73,4.545,0.0,2.61,35.56,0.64,18.18,1.97,41.18,0.17,1.97,55.88,6.96,35.0,1.91,1.28,0.35,18.05,2.03,1.1,26.75,71.58,6.03,58.65,6.56,91.15,10.15,69.71,21.88,77.45,2.38,56.1,19.63,26.97,0.05,0.46,0.06,0.0,0.06,100.0,0.17,2.44,47.62,2.32,37.5,0.06,100.0,0.35,0.75,3.31,61.4,0,,0,,0,0.0,0.0,0.0,,,0.41,,,0.0,0.0,0.0,0.0,0,0.0
T. Vondrášek,Teplice II,Dukla Praha,RB,38,100000,,23,1942,1,0.45,0,0.35,14.92,57.76,Czech Republic,Czech Republic,right,176,75,no,9.82,7.18,65.16,2.92,53.97,0.51,0.65,0.32,4.63,5.95,0.93,3,0.14,0,0.0,1.3,0.05,1,0.05,0.02,0,0.0,10,0.46,20.0,10.0,0.0,1.58,38.24,0.0,0.0,1.53,36.36,0.19,0.79,70.59,2.32,46.0,0.97,1.2,0.05,17.05,1.11,1.16,27.48,72.01,13.81,62.42,4.59,92.93,5.7,75.61,20.95,78.76,5.14,55.86,19.36,27.97,0.02,0.28,0.0,0.0,0.09,50.0,0.05,4.73,56.86,1.48,53.13,0.14,66.67,0.23,0.51,8.02,65.32,0,,0,,0,0.0,0.0,0.0,,,1.67,,,0.0,0.0,0.0,0.0,0,0.0
J. Lapeš,Karviná,Karviná,GK,27,100000,2028-06-30,27,2639,0,0.0,0,0.0,1.3,97.37,Czech Republic,Czech Republic,right,188,91,no,1.84,0.03,100.0,0.82,100.0,0.0,0.0,0.0,1.81,2.87,0.0,2,0.07,0,0.0,0.03,0.0,0,0.0,0.0,0,0.0,0,0.0,0.0,0.0,0.0,0.0,0.0,0.0,0.0,0.0,0.0,0.0,0.03,100.0,0.24,85.71,0.0,0.0,0.0,18.62,0.27,0.34,28.24,85.75,13.85,74.38,0.0,0.0,13.13,97.66,19.0,95.69,9.21,65.56,31.07,46.62,0.0,0.0,0.0,0.0,0.0,0.0,0.0,2.83,50.6,0.24,28.57,0.17,40.0,0.07,0.0,6.96,73.04,45,1.53,166,5.66,7,72.89,49.13,1.68,4.13,0.141,0.0,1.71,0.82,,,,0.0,0,0.0
J. Fleišman,Karviná,Karviná,"LB, LCB",41,50000,2027-06-30,29,2625,0,0.32,3,2.83,14.64,54.57,Czech Republic,Czech Republic,left,183,77,no,9.29,6.45,64.89,2.4,45.71,0.27,0.43,0.48,4.83,7.54,1.03,6,0.21,1,0.03,2.85,0.0,0,0.0,0.01,0,0.0,15,0.51,20.0,0.0,0.1,3.26,48.42,2.91,45.88,0.34,70.0,0.48,1.65,68.75,3.77,44.55,0.27,1.06,0.14,29.42,1.17,0.93,42.72,75.12,21.02,67.54,4.73,89.86,13.44,81.89,31.27,84.1,8.47,51.42,22.88,37.39,0.1,1.23,0.03,0.03,0.03,100.0,0.27,8.26,61.0,3.5,48.04,0.31,11.11,0.31,1.54,12.93,74.8,0,,0,,0,0.0,0.0,0.0,,,0.86,,,1.41,0.03,0.0,2.3,0,0.0
D. Owusu,Baník Ostrava,Baník Ostrava,"RWF, RW, RAMF",25,50000,2027-12-31,10,206,2,1.04,1,0.24,21.41,36.73,Germany,"Germany, Ghana",both,173,0,no,1.75,2.62,33.33,2.18,40.0,0.0,0.0,0.0,0.87,1.33,1.31,0,0.0,0,0.0,5.24,0.87,2,0.87,0.45,0,0.0,5,2.18,80.0,40.0,0.44,2.62,66.67,0.0,0.0,2.62,66.67,0.0,2.62,66.67,13.11,40.0,3.5,1.31,1.75,12.67,0.87,2.18,20.97,75.0,5.68,53.85,6.55,100.0,3.5,87.5,17.48,77.5,0.87,50.0,16.14,5.99,0.11,0.87,0.0,0.0,0.0,0.0,0.87,2.18,60.0,1.31,66.67,0.0,0.0,0.0,1.75,3.5,50.0,0,,0,,0,0.0,0.0,0.0,,,0.0,,,0.0,0.0,0.0,0.0,0,0.0
Dyjan Azevedo,,Slovácko,"CF, RAMF, RW",35,50000,,8,217,0,0.08,0,0.6,19.49,36.17,Brazil,Brazil,both,168,71,no,5.81,3.73,66.67,2.07,60.0,0.0,0.0,0.0,3.32,5.71,1.24,1,0.41,0,0.0,3.32,0.0,0,0.0,0.04,0,0.0,2,0.83,50.0,0.0,0.0,3.73,33.33,1.66,0.0,1.66,50.0,1.24,3.32,50.0,9.54,26.09,2.07,0.41,0.0,33.59,2.49,1.24,45.21,82.57,16.59,72.5,10.37,96.0,12.44,83.33,38.99,90.43,2.49,33.33,17.59,22.98,0.25,2.49,0.41,0.0,0.0,0.0,0.41,7.05,76.47,5.39,46.15,0.0,0.0,1.66,1.24,7.88,84.21,0,,0,,0,0.0,0.0,0.0,,,0.0,,,0.0,0.0,0.0,0.41,0,0.0
M. Petržela,,Slovácko,"LAMF, RAMF, LW",43,25000,,8,218,0,0.1,0,0.05,25.18,39.34,Czech Republic,Czech Republic,right,172,64,no,4.95,6.61,43.75,2.06,0.0,0.0,0.0,0.0,2.06,3.66,1.65,1,0.41,0,0.0,7.43,0.0,0,0.0,0.04,0,0.0,1,0.41,0.0,0.0,0.0,5.37,46.15,1.65,75.0,3.72,33.33,1.65,8.26,55.0,13.21,50.0,2.89,3.3,0.83,24.77,1.65,2.06,38.39,66.67,15.28,59.46,6.61,81.25,11.97,75.86,28.9,68.57,4.95,75.0,15.64,23.92,0.02,1.24,0.0,0.0,0.83,50.0,0.0,2.89,57.14,11.15,55.56,0.83,50.0,4.54,2.06,11.15,77.78,0,,0,,0,0.0,0.0,0.0,,,0.0,,,0.0,0.0,0.0,0.41,0,0.0
M. Matějovský,,Mladá Boleslav,"RCMF, LCMF, RDMF",44,25000,,16,577,3,1.57,1,0.69,17.47,50.0,Czech Republic,Czech Republic,right,181,77,no,8.89,7.33,65.96,1.25,12.5,0.16,0.28,0.0,3.9,7.08,1.56,4,0.62,0,0.0,1.56,0.47,2,0.31,0.24,0,0.0,8,1.25,50.0,37.5,0.16,1.09,28.57,0.47,33.33,0.47,0.0,0.31,1.25,25.0,6.55,40.48,0.78,1.56,0.0,39.31,1.09,1.87,53.5,77.84,24.49,66.88,7.02,93.33,15.75,89.11,45.7,80.89,6.86,63.64,18.71,25.78,0.11,1.09,0.16,0.16,0.31,100.0,0.16,12.48,71.25,4.99,50.0,0.78,60.0,2.18,0.16,11.85,80.26,0,,0,,0,0.0,0.0,0.0,,,0.78,,,0.47,0.0,0.0,2.18,1,100.0
J. Jindřišek,Sokol Velké Hamry,Bohemians 1905,DMF,45,25000,,6,227,1,0.76,0,0.0,14.27,55.56,Czech Republic,Czech Republic,right,178,80,no,9.12,5.15,61.54,1.98,40.0,0.4,0.48,0.4,5.55,6.77,2.38,0,0.0,0,0.0,0.79,0.4,0,0.0,0.3,0,0.0,1,0.4,100.0,100.0,0.0,0.4,100.0,0.0,0.0,0.4,100.0,0.0,0.0,0.0,1.98,20.0,0.0,0.0,0.0,9.52,0.0,1.59,25.77,72.31,11.5,48.28,5.15,92.31,7.14,88.89,23.0,74.14,2.38,50.0,18.71,23.1,0.0,0.0,0.0,0.0,0.0,0.0,0.0,2.78,42.86,1.19,33.33,0.4,0.0,0.0,0.4,5.15,30.77,0,,0,,0,0.0,0.0,0.0,,,0.0,,,0.0,0.0,0.0,0.0,1,100.0
M. Škoda,,Slavia Praha,CF,40,25000,,2,37,0,0.23,0,0.01,,,Czech Republic,Czech Republic,right,192,80,no,,,,,,,0.0,,,0.0,,0,,0,,,,0,,,0,,2,,,0.0,,,,,,,,,,,,,,,,,,,,,,,,,,,,,,,8.4,0.0,,,,,,,,,,,,,,,,,,0,,0,,0,0.0,0.0,,,,,,,,,,,0,0.0
L. Němeček,Sokol Brozany,Teplice,GK,27,25000,2027-06-30,5,503,0,0.0,0,0.0,1.25,85.71,Czech Republic,Czech Republic,right,193,93,no,1.79,0.18,0.0,0.72,100.0,0.0,0.0,0.0,1.79,2.13,0.0,1,0.18,0,0.0,0.0,0.0,0,0.0,0.0,0,0.0,0,0.0,0.0,0.0,0.0,0.0,0.0,0.0,0.0,0.0,0.0,0.0,0.0,0.0,0.36,100.0,0.0,0.0,0.0,7.16,0.0,0.72,15.57,78.16,9.84,67.27,0.0,0.0,5.19,96.55,8.41,95.74,7.16,57.5,38.63,56.75,0.0,0.0,0.0,0.0,0.0,0.0,0.0,4.83,48.15,0.54,0.0,0.0,0.0,0.0,0.0,4.65,88.46,11,1.97,25,4.47,0,56.0,7.22,1.29,-3.78,-0.676,0.0,1.61,0.72,,,,0.0,0,0.0
I. Botos,Karviná,Karviná,"AMF, LWF",23,0,,2,108,0,0.31,0,0.05,10.0,41.67,Greece,Greece,right,173,0,no,1.67,1.67,50.0,0.83,100.0,0.0,0.0,0.0,0.83,1.58,0.83,0,0.0,0,0.0,4.17,0.0,0,0.0,0.26,0,0.0,4,3.33,50.0,0.0,0.0,0.0,0.0,0.0,0.0,0.0,0.0,0.0,3.33,75.0,6.67,37.5,1.67,2.5,1.67,20.83,3.33,0.83,31.67,84.21,6.67,75.0,11.67,85.71,6.67,100.0,31.67,84.21,0.0,0.0,17.03,0.0,0.04,1.67,0.0,0.0,0.0,0.0,3.33,4.17,60.0,1.67,50.0,0.0,0.0,1.67,0.0,3.33,50.0,0,,0,,0,0.0,0.0,0.0,,,0.0,,,0.0,0.0,0.0,0.0,0,0.0
M. Yahaya,Balzan,Pardubice,CF,22,0,2027-06-30,27,1313,1,3.1,0,0.39,30.43,32.21,Nigeria,Nigeria,unknown,193,0,no,5.14,4.18,52.46,9.39,34.31,0.07,0.1,0.14,2.88,4.24,3.22,4,0.27,0,0.0,1.1,0.07,1,0.07,0.21,0,0.0,18,1.23,22.22,5.556,0.0,0.27,0.0,0.07,0.0,0.14,0.0,0.0,1.71,48.0,10.97,22.5,2.74,0.62,0.07,7.27,2.67,0.96,12.13,66.1,2.47,52.78,3.84,85.71,2.74,67.5,11.45,69.46,0.41,16.67,11.88,7.2,0.03,0.69,0.0,0.0,0.07,0.0,0.14,0.82,50.0,0.27,50.0,0.07,0.0,0.55,0.0,1.17,41.18,0,,0,,0,0.0,0.0,0.0,,,0.0,,,0.0,0.0,0.0,0.0,0,0.0
B. Nyarko,Admira,Slovan Liberec,CF,22,0,2028-06-30,22,911,2,3.15,0,0.29,22.13,28.13,Ghana,Ghana,right,0,0,no,3.56,3.95,55.0,4.64,21.28,0.3,0.43,0.0,1.09,1.58,1.98,4,0.4,0,0.0,1.88,0.2,2,0.2,0.31,2,0.2,26,2.57,30.77,7.692,0.0,0.69,0.0,0.4,0.0,0.2,0.0,0.2,2.77,39.29,8.99,26.37,3.85,1.68,0.3,7.31,1.68,0.69,10.37,61.9,1.78,38.89,2.77,89.29,2.67,59.26,9.29,65.96,0.49,60.0,14.94,7.59,0.03,0.69,0.0,0.0,0.1,0.0,0.0,0.2,50.0,0.79,37.5,0.1,0.0,0.49,0.0,0.89,33.33,0,,0,,0,0.0,0.0,0.0,,,0.2,,,0.0,0.0,0.0,0.0,0,0.0
M. Halda,Prostějov,Pardubice,RDMF,21,0,2027-06-30,1,28,0,0.0,0,0.0,,,Czech Republic,Czech Republic,unknown,0,0,yes,,,,,,,0.0,,,0.0,,0,,0,,,,0,,,0,,0,,,0.0,,,,,,,,,,,,,,,,,,,,,,,,,,,,,,,14.73,0.0,,,,,,,,,,,,,,,,,,0,,0,,0,0.0,0.0,,,,,,,,,,,0,0.0
T. Hák,Tatran Liptovský Mikuláš,České Budějovice,"LCMF, RW, RCMF",22,0,,5,291,0,0.22,0,0.0,17.94,37.93,Czech Republic,Czech Republic,unknown,0,0,yes,7.11,8.35,55.56,1.86,0.0,0.31,0.34,0.31,2.16,2.41,1.55,2,0.62,0,0.0,1.55,0.0,0,0.0,0.07,0,0.0,2,0.62,50.0,0.0,0.0,0.31,100.0,0.31,100.0,0.0,0.0,0.0,1.55,60.0,6.49,28.57,0.93,0.93,0.0,8.04,0.31,0.62,17.32,75.0,5.88,52.63,3.71,91.67,5.88,84.21,15.15,79.59,1.86,33.33,14.48,10.9,0.0,0.0,0.0,0.0,0.0,0.0,0.0,1.24,0.0,0.93,66.67,0.0,0.0,0.31,0.31,1.86,50.0,0,,0,,0,0.0,0.0,0.0,,,0.0,,,0.0,0.0,0.0,0.0,0,0.0
S. Boháč,Viktoria Plzeň,Karviná,"RDMF, RCB, LDMF",24,0,2029-06-30,20,878,0,0.05,0,0.1,22.76,45.95,Czech Republic,Czech Republic,right,178,78,no,10.46,8.1,58.23,5.02,34.69,0.41,0.61,0.41,5.33,7.96,2.26,3,0.31,0,0.0,0.21,0.0,0,0.0,0.01,0,0.0,3,0.31,0.0,0.0,0.0,0.21,0.0,0.0,0.0,0.21,0.0,0.0,0.51,40.0,4.51,31.82,0.41,0.21,0.0,20.5,0.1,1.44,34.85,86.76,10.25,71.0,8.0,98.72,10.97,90.65,31.78,90.32,2.87,53.57,16.62,21.74,0.01,0.31,0.0,0.0,0.0,0.0,0.0,4.31,61.9,0.31,33.33,0.21,50.0,0.0,0.0,4.41,60.47,0,,0,,0,0.0,0.0,0.0,,,3.28,,,0.0,0.0,0.0,0.0,0,0.0
M. Krulich,Příbram,Jablonec,"CF, RWF",21,0,2027-06-30,10,151,1,0.37,0,0.33,35.17,32.2,Czech Republic,Czech Republic,right,188,75,yes,7.75,8.94,46.67,8.34,28.57,0.0,0.0,0.0,3.58,5.45,5.36,1,0.6,0,0.0,1.19,0.6,1,0.6,0.22,1,0.6,2,1.19,100.0,50.0,0.0,0.0,0.0,0.0,0.0,0.0,0.0,0.0,1.19,0.0,12.52,33.33,2.38,1.19,0.0,8.94,0.6,1.19,18.48,67.74,5.96,60.0,4.17,85.71,4.77,75.0,17.88,66.67,0.6,100.0,16.29,5.63,0.2,1.19,0.0,0.0,0.0,0.0,0.6,2.98,40.0,2.38,75.0,0.0,0.0,1.79,0.0,3.58,66.67,0,,0,,0,0.0,0.0,0.0,,,0.0,,,0.0,0.0,0.0,0.0,0,0.0
Y. Tsykalo,,Teplice,"RCB, CF, CB",24,0,,12,855,2,1.17,1,0.29,14.95,44.37,Ukraine,Ukraine,right,188,74,no,8.42,4.63,56.82,6.0,47.37,0.42,0.5,0.32,5.37,6.43,1.26,3,0.32,1,0.11,1.16,0.21,2,0.21,0.12,0,0.0,9,0.95,55.56,22.222,0.11,0.74,57.14,0.11,100.0,0.63,50.0,0.11,0.21,100.0,2.0,26.32,1.79,0.63,0.0,14.0,1.05,0.32,24.95,70.89,13.37,60.63,3.05,86.21,6.95,83.33,19.05,81.22,5.26,36.0,21.89,33.95,0.03,0.32,0.0,0.0,0.0,0.0,0.32,4.63,38.64,1.16,27.27,0.42,0.0,0.11,0.32,5.79,67.27,0,,0,,0,0.0,0.0,0.0,,,1.47,,,0.0,0.0,0.0,0.0,0,0.0
F. Horský,Slovácko,Teplice,"CF, LW",23,0,2029-06-30,25,1392,3,4.41,0,0.93,33.04,31.31,Czech Republic,Czech Republic,right,185,75,no,6.4,7.18,44.14,6.59,25.49,0.06,0.09,0.13,3.17,4.27,4.2,6,0.39,0,0.0,2.46,0.19,3,0.19,0.29,1,0.06,28,1.81,46.43,10.714,0.0,0.84,38.46,0.26,25.0,0.45,28.57,0.06,3.1,41.67,13.06,28.22,2.91,0.97,0.39,9.31,1.16,2.52,15.58,69.29,3.43,49.06,3.3,86.27,4.66,73.61,13.9,72.09,0.84,53.85,14.55,13.11,0.06,0.71,0.0,0.0,0.06,0.0,0.13,1.68,46.15,0.78,25.0,0.06,0.0,0.32,0.32,1.81,60.71,0,,0,,0,0.0,0.0,0.0,,,0.0,,,0.0,0.0,0.0,0.0,0,0.0
Ricardinho,Asteras Tripolis,Viktoria Plzeň,"CF, LWF",25,0,2028-06-30,3,87,0,0.46,0,0.01,20.69,30.0,Brazil,"Brazil, Portugal",right,181,67,no,3.1,1.03,0.0,9.31,33.33,0.0,0.0,1.03,3.1,5.63,0.0,0,0.0,0,0.0,2.07,0.0,0,0.0,0.48,0,0.0,2,2.07,50.0,0.0,0.0,0.0,0.0,0.0,0.0,0.0,0.0,0.0,1.03,100.0,6.21,50.0,3.1,0.0,0.0,10.34,1.03,2.07,14.48,78.57,2.07,0.0,4.14,100.0,5.17,80.0,14.48,78.57,0.0,0.0,13.48,0.0,0.01,1.03,0.0,0.0,0.0,0.0,0.0,2.07,100.0,0.0,0.0,0.0,0.0,0.0,0.0,0.0,0.0,0,,0,,0,0.0,0.0,0.0,,,0.0,,,0.0,0.0,0.0,0.0,0,0.0
Radim Sudak,Vítkovice,Baník Ostrava,RW,22,0,2026-12-31,1,27,0,0.01,0,0.09,,,Czech Republic,Czech Republic,,182,0,yes,,,,,,,0.0,,,0.0,,0,,0,,,,0,,,0,,1,,,0.0,,,,,,,,,,,,,,,,,,,,,,,,,,,,,,,11.28,0.0,,,,,,,,,,,,,,,,,,0,,0,,0,0.0,0.0,,,,,,,,,,,0,0.0
M. Konečný,Slavia Praha,Slavia Praha,"LCB, RCB",20,0,2031-06-30,3,37,0,0.21,0,0.0,,,Czech Republic,Czech Republic,right,186,74,no,,,,,,,0.0,,,10.0,,0,,0,,,,0,,,0,,1,,,0.0,,,,,,,,,,,,,,,,,,,,,,,,,,,,,,,14.67,0.0,,,,,,,,,,,,,,,,,,0,,0,,0,0.0,0.0,,,,,,,,,,,0,0.0
O. Zmrzlý,Górnik Zabrze,Slavia Praha,LWB,27,0,2029-06-30,16,789,1,2.21,2,1.08,15.74,55.07,Czech Republic,Czech Republic,left,185,77,no,8.44,6.27,65.45,2.85,44.0,0.46,0.88,0.0,3.88,7.45,1.37,1,0.11,0,0.0,1.94,0.11,1,0.11,0.25,0,0.0,21,2.4,33.33,4.762,0.23,2.17,26.32,1.94,23.53,0.23,50.0,0.46,1.6,35.71,3.99,42.86,4.56,1.37,0.0,28.52,2.28,0.68,36.62,73.52,14.6,59.38,7.76,94.12,7.64,79.1,27.83,82.38,6.84,51.67,18.78,31.17,0.12,1.03,0.0,0.0,0.0,0.0,0.8,5.59,51.02,2.74,45.83,0.68,16.67,1.25,0.46,8.56,72.0,0,,0,,0,0.0,0.0,0.0,,,0.68,,,0.0,0.0,0.0,0.11,0,0.0
I. Schranz,Slavia Praha,Slavia Praha,"RWF, AMF, LWF",32,0,2027-12-31,20,1162,2,5.01,4,3.07,16.34,45.5,Slovakia,Slovakia,right,185,73,no,5.89,4.34,64.29,3.41,50.0,0.08,0.13,0.31,3.02,5.13,0.54,2,0.15,0,0.0,2.94,0.15,1,0.08,0.39,0,0.0,26,2.01,30.77,7.692,0.31,3.49,46.67,0.93,41.67,2.48,46.88,0.39,1.63,42.86,5.5,26.76,4.72,1.7,0.39,22.62,2.63,0.54,33.46,78.7,7.2,69.89,9.84,88.98,8.83,78.95,28.5,83.7,1.55,55.0,16.57,21.34,0.24,1.16,0.08,0.0,0.15,0.0,1.32,2.94,73.68,3.49,57.78,0.08,0.0,1.32,1.47,4.65,78.33,0,,0,,0,0.0,0.0,0.0,,,0.39,,,0.0,0.0,0.0,0.0,1,100.0
T. Holeš,Slavia Praha,Slavia Praha,RCB,33,0,2028-06-30,28,2654,2,3.94,2,2.28,15.46,62.94,Czech Republic,Czech Republic,right,180,73,no,9.87,6.65,72.45,4.2,62.1,0.44,0.76,0.34,4.61,8.0,0.64,2,0.07,0,0.0,1.39,0.07,2,0.07,0.13,0,0.0,26,0.88,38.46,7.692,0.07,1.66,53.06,0.03,100.0,1.63,52.08,0.17,0.34,40.0,2.0,42.37,1.66,0.64,0.07,31.47,1.05,0.64,48.73,83.92,22.69,75.04,4.2,94.35,17.36,93.75,36.62,90.65,10.48,65.37,22.51,37.39,0.08,0.64,0.07,0.03,0.03,100.0,0.44,10.0,73.22,2.48,63.01,0.47,50.0,0.81,0.88,12.21,80.83,0,,0,,0,0.0,0.0,0.0,,,2.27,,,0.0,0.0,0.0,0.0,0,0.0
L. Provod,Slavia Praha,Slavia Praha,"LWF, AMF, RWF",29,0,2031-06-30,32,2356,4,7.01,10,10.23,17.88,48.93,Czech Republic,Czech Republic,left,191,85,no,4.81,3.82,57.0,2.06,55.56,0.11,0.2,0.08,2.52,4.48,0.69,2,0.08,0,0.0,5.81,0.15,4,0.15,0.27,0,0.0,66,2.52,51.52,6.061,0.38,4.39,39.13,2.56,31.34,1.83,50.0,0.69,3.82,67.0,9.44,43.32,3.93,3.9,0.99,31.71,1.64,1.45,43.74,78.6,12.84,71.73,10.7,94.29,12.57,71.73,36.25,85.77,3.25,51.76,17.79,31.35,0.39,2.1,0.08,0.04,0.27,85.71,1.26,4.97,63.08,5.39,54.61,0.65,58.82,2.14,1.64,6.88,82.22,0,,0,,0,0.0,0.0,0.0,,,0.92,,,0.84,0.0,0.0,3.29,0,0.0
E. Cobbaut,Sparta Praha,Sparta Praha,LCB,28,0,,10,626,1,0.51,0,0.01,15.67,67.89,Belgium,Belgium,left,188,78,no,8.05,5.46,81.58,5.03,68.57,0.14,0.23,0.58,3.45,5.58,0.86,2,0.29,0,0.0,1.01,0.14,1,0.14,0.07,0,0.0,3,0.43,33.33,33.333,0.0,1.29,33.33,1.29,33.33,0.0,0.0,0.0,1.15,37.5,2.88,60.0,1.87,1.58,0.14,39.11,1.44,1.15,52.19,84.02,28.04,75.9,4.6,100.0,14.52,91.09,43.13,92.33,7.76,46.3,20.96,35.04,0.0,0.14,0.14,0.0,0.0,0.0,0.29,10.35,62.5,1.73,33.33,0.43,33.33,1.01,0.43,10.78,74.67,0,,0,,0,0.0,0.0,0.0,,,2.3,,,0.0,0.0,0.0,0.0,0,0.0
K. Kairinen,AEK Athens,Sparta Praha,"RCMF, DMF, LCMF",27,0,2030-06-30,28,2177,0,0.2,3,2.52,10.96,47.17,Finland,"Finland, Türkiye",left,185,84,no,6.78,5.08,63.41,1.78,48.84,0.08,0.14,0.17,3.47,5.86,0.87,5,0.21,0,0.0,0.7,0.0,0,0.0,0.01,0,0.0,10,0.41,30.0,0.0,0.12,0.58,50.0,0.17,50.0,0.41,50.0,0.0,0.45,27.27,2.44,25.42,0.41,0.25,0.04,33.03,0.17,0.29,47.17,89.31,11.99,74.48,8.56,98.07,19.51,93.01,42.87,92.77,3.72,55.56,18.62,32.93,0.1,0.95,0.04,0.0,0.29,57.14,0.29,7.19,78.16,1.74,52.38,0.62,60.0,0.54,0.33,6.28,80.92,0,,0,,0,0.0,0.0,0.0,,,1.45,,,1.24,0.04,0.0,2.36,0,0.0
J. Pešek,Sparta Praha II,Sparta Praha,"RWF, AMF, RWB",33,0,2027-12-31,6,275,0,0.45,0,0.51,14.73,46.67,Czech Republic,Czech Republic,right,173,69,no,4.91,4.58,71.43,0.65,0.0,0.0,0.0,0.33,1.64,2.68,0.0,0,0.0,0,0.0,4.91,0.0,0,0.0,0.15,0,0.0,6,1.96,33.33,0.0,0.0,4.58,28.57,0.33,0.0,4.25,30.77,0.33,4.58,64.29,7.85,37.5,3.93,3.27,0.0,17.67,1.64,0.33,22.58,66.67,3.6,36.36,5.56,94.12,8.84,62.96,15.71,81.25,2.29,42.86,26.26,22.42,0.17,1.64,0.0,0.0,0.0,0.0,0.98,1.64,60.0,3.27,30.0,0.33,0.0,0.33,0.98,4.25,53.85,0,,0,,0,0.0,0.0,0.0,,,0.65,,,0.0,0.0,0.0,1.96,0,0.0
P. Vindahl,Sparta Praha,Sparta Praha,GK,28,0,2027-06-30,35,3446,0,0.0,0,0.0,0.73,82.14,Denmark,Denmark,right,196,87,no,1.02,0.1,75.0,0.39,100.0,0.0,0.0,0.0,0.94,1.62,0.0,2,0.05,0,0.0,0.03,0.0,0,0.0,0.0,0,0.0,0,0.0,0.0,0.0,0.0,0.03,0.0,0.03,0.0,0.0,0.0,0.0,0.03,100.0,0.18,42.86,0.0,0.03,0.03,17.42,0.26,0.18,25.36,83.93,13.61,71.02,0.0,0.0,11.07,99.29,16.17,98.71,9.09,58.62,32.95,50.65,0.0,0.0,0.03,0.0,0.0,0.0,0.0,4.57,50.86,0.44,29.41,0.47,38.89,0.16,0.0,6.14,77.45,44,1.15,126,3.29,8,65.08,35.77,0.93,-8.23,-0.215,0.0,1.36,0.39,,,,0.0,0,0.0
M. Chytil,Slavia Praha,Slavia Praha,"CF, RWF",27,0,2029-06-30,29,1419,9,8.17,1,0.64,24.99,33.76,Czech Republic,Czech Republic,right,187,82,no,3.3,2.41,60.53,7.17,38.05,0.0,0.0,0.32,1.84,3.35,1.21,0,0.0,1,0.06,2.22,0.57,8,0.51,0.52,2,0.13,48,3.04,41.67,18.75,0.06,0.89,21.43,0.25,0.0,0.63,30.0,0.06,1.52,50.0,10.4,24.39,5.9,0.57,0.0,9.45,1.97,0.7,15.29,70.54,3.87,62.3,2.85,88.89,4.06,71.88,13.57,75.7,0.95,33.33,16.16,14.53,0.04,0.51,0.0,0.0,0.0,0.0,0.32,1.59,60.0,1.27,55.0,0.13,0.0,1.01,0.19,1.59,84.0,0,,0,,0,0.0,0.0,0.0,,,0.0,,,0.0,0.0,0.0,0.0,1,100.0
V. Birmančević,Sparta Praha,Sparta Praha,"LWF, CF, RWF",28,0,2027-06-30,22,1158,4,5.52,2,1.62,17.25,42.34,Serbia,Serbia,right,179,69,no,5.13,3.5,66.67,2.02,23.08,0.47,0.89,0.08,2.33,4.43,0.78,2,0.16,0,0.0,4.2,0.31,2,0.16,0.43,0,0.0,41,3.19,36.59,9.756,0.16,2.41,22.58,1.4,27.78,1.01,15.38,0.31,4.27,56.36,9.87,41.73,5.44,1.63,0.08,21.76,2.8,1.71,26.66,67.93,7.31,57.45,5.67,90.41,6.84,63.64,22.54,74.14,1.87,45.83,16.4,20.15,0.13,1.09,0.0,0.0,0.23,33.33,0.62,3.73,56.25,2.64,47.06,0.31,25.0,1.4,0.54,4.74,72.13,0,,0,,0,0.0,0.0,0.0,,,0.23,,,0.39,0.16,50.0,0.93,2,100.0
Á. Preciado,Atlético Mineiro,Sparta Praha,"RWB, RB",28,0,2029-12-31,10,657,0,0.01,2,1.63,16.85,54.47,Ecuador,Ecuador,right,173,74,no,6.71,4.25,70.97,3.56,50.0,0.27,0.49,0.27,3.42,6.15,0.68,2,0.27,0,0.0,2.6,0.0,0,0.0,0.0,0,0.0,2,0.27,0.0,0.0,0.27,3.01,27.27,0.0,0.0,2.88,28.57,0.82,3.29,54.17,7.53,47.27,1.51,1.92,0.82,22.47,2.33,2.05,33.29,72.43,9.18,52.24,7.67,98.21,9.45,72.46,27.95,80.39,2.6,31.58,17.07,28.13,0.22,0.82,0.14,0.0,0.14,0.0,0.55,3.84,53.57,3.97,37.93,0.55,25.0,1.51,0.96,5.07,64.86,0,,0,,0,0.0,0.0,0.0,,,0.68,,,0.0,0.0,0.0,0.0,0,0.0
E. Aririerisim,Sparta Praha,Sparta Praha,"RCB, RWB, LCB",22,0,,26,1964,1,0.93,1,0.7,16.41,53.91,Nigeria,Nigeria,,0,0,no,7.93,5.73,58.4,5.5,62.5,0.37,0.61,0.5,4.22,6.97,1.65,7,0.32,1,0.05,0.73,0.05,1,0.05,0.04,0,0.0,14,0.64,21.43,7.143,0.05,1.33,31.03,0.09,0.0,1.24,33.33,0.14,0.23,60.0,2.38,36.54,0.6,1.24,0.18,34.19,1.7,0.41,49.45,82.39,21.68,70.82,6.0,97.71,16.68,89.84,41.38,88.93,6.83,52.35,20.95,33.17,0.03,0.55,0.0,0.0,0.09,50.0,0.18,8.62,70.74,2.52,49.09,0.64,35.71,0.73,0.41,11.32,73.28,0,,0,,0,0.0,0.0,0.0,,,3.02,,,0.0,0.0,0.0,0.0,0,0.0
R. Siler,Podbrezová,Teplice,CF,21,0,,10,426,0,0.18,0,0.76,29.37,31.65,Czech Republic,Czech Republic,,0,0,no,5.07,3.8,61.11,7.82,27.03,0.0,0.0,0.85,2.75,3.68,2.54,1,0.21,0,0.0,1.69,0.0,0,0.0,0.04,0,0.0,2,0.42,0.0,0.0,0.0,0.63,66.67,0.21,100.0,0.42,50.0,0.0,2.32,45.45,10.56,20.0,2.32,1.06,0.0,8.66,2.96,1.06,16.06,67.11,4.44,52.38,2.75,92.31,3.59,70.59,14.79,67.14,0.85,75.0,14.78,14.1,0.16,1.27,0.21,0.0,0.21,100.0,0.42,2.11,40.0,0.85,25.0,0.21,100.0,0.85,0.21,1.48,85.71,0,,0,,0,0.0,0.0,0.0,,,0.0,,,0.0,0.0,0.0,0.21,0,0.0
A. Bužek,Slovan Liberec,Karviná,"AMF, RDMF, LCMF",21,0,2031-06-30,12,709,0,0.73,2,1.37,17.9,51.06,Czech Republic,Czech Republic,right,180,67,no,9.65,6.35,70.0,2.41,57.89,0.0,0.0,0.13,5.2,8.2,1.14,0,0.0,0,0.0,1.78,0.0,0,0.0,0.09,0,0.0,8,1.02,37.5,0.0,0.25,1.4,54.55,0.89,42.86,0.51,75.0,0.25,1.27,50.0,6.09,41.67,2.28,0.76,0.38,17.9,1.4,1.27,30.21,72.69,9.14,58.33,4.82,92.11,11.93,76.6,26.02,75.61,2.79,54.55,15.54,20.52,0.17,0.89,0.0,0.0,0.25,0.0,0.76,3.68,58.62,2.16,29.41,0.63,20.0,0.63,0.63,4.19,54.55,0,,0,,0,0.0,0.0,0.0,,,1.02,,,0.25,0.0,0.0,0.0,0,0.0
E. Diouf,West Ham United,Slavia Praha,"LWB, LB",21,0,2030-06-30,27,2223,7,3.85,2,3.9,14.21,50.14,Senegal,Senegal,left,183,0,no,6.36,3.77,64.52,3.12,54.55,0.2,0.36,0.08,3.72,6.54,0.89,3,0.12,0,0.0,4.01,0.28,7,0.28,0.16,0,0.0,37,1.5,48.65,18.919,0.08,4.7,31.9,4.66,31.3,0.04,100.0,1.05,2.71,61.19,5.79,44.06,2.39,2.06,0.28,34.37,2.15,0.85,44.66,75.61,17.81,65.68,9.76,95.02,11.26,74.82,33.32,86.03,6.76,54.49,21.62,38.54,0.16,1.09,0.12,0.04,0.16,75.0,0.65,7.89,63.08,5.3,44.27,0.45,27.27,0.93,1.54,11.05,79.85,0,,0,,0,0.0,0.0,0.0,,,0.57,,,0.32,0.08,50.0,0.89,0,0.0
Š. Chaloupek,Slavia Praha,Slavia Praha,"LCB, RCB",23,0,2030-06-30,17,617,0,1.17,0,0.59,21.88,66.67,Czech Republic,Czech Republic,right,190,75,no,11.67,9.92,70.59,5.69,61.54,0.0,0.0,0.44,4.67,8.5,1.02,2,0.29,0,0.0,1.75,0.0,0,0.0,0.17,0,0.0,11,1.6,36.36,0.0,0.0,0.73,40.0,0.15,0.0,0.58,50.0,0.29,0.88,100.0,2.77,78.95,2.19,1.31,0.29,26.84,0.44,0.58,43.32,81.14,16.92,70.69,3.21,90.91,17.5,89.17,36.18,86.29,6.56,57.78,18.41,20.36,0.09,0.29,0.0,0.0,0.15,0.0,0.15,8.17,67.86,1.17,50.0,0.29,50.0,0.44,0.29,9.77,71.64,0,,0,,0,0.0,0.0,0.0,,,2.33,,,0.0,0.0,0.0,0.0,0,0.0
A. Rrahmani,Venezia,Sparta Praha,"CF, LWF",25,0,2029-06-30,23,1213,5,3.54,2,1.4,19.37,34.48,Kosovo,Kosovo,both,187,82,no,2.52,2.52,50.0,3.93,47.17,0.15,0.28,0.15,1.11,2.08,0.67,3,0.22,0,0.0,2.97,0.37,5,0.37,0.26,0,0.0,34,2.52,47.06,14.706,0.15,0.67,11.11,0.45,16.67,0.22,0.0,0.07,3.34,40.0,9.42,29.92,3.49,1.11,0.0,16.32,1.63,1.11,23.37,73.02,5.86,64.56,5.27,84.51,7.12,72.92,21.96,75.0,0.74,70.0,15.02,10.2,0.1,1.11,0.0,0.0,0.82,45.45,0.37,1.93,65.38,2.45,57.58,0.67,44.44,2.0,0.07,3.41,71.74,0,,0,,0,0.0,0.0,0.0,,,0.0,,,0.07,0.07,0.0,0.07,0,0.0
Q. Adediran,Artis Brno,České Budějovice,"CF, LW",25,0,2027-06-30,29,2086,4,6.25,0,0.73,28.48,35.76,Nigeria,Nigeria,left,175,67,no,3.58,3.24,53.33,6.47,23.33,0.04,0.05,0.04,1.81,2.22,1.9,6,0.26,0,0.0,3.54,0.17,4,0.17,0.27,1,0.04,54,2.33,38.89,7.407,0.0,1.64,13.16,1.16,11.11,0.43,10.0,0.17,3.88,61.11,13.72,38.05,3.19,1.51,0.13,9.66,1.55,1.81,16.31,68.52,4.31,64.0,4.75,82.73,3.37,61.54,13.42,77.81,1.47,35.29,17.46,26.06,0.03,0.3,0.04,0.04,0.09,50.0,0.13,1.47,55.88,1.34,48.39,0.3,57.14,0.56,0.35,2.33,70.37,0,,0,,0,0.0,0.0,0.0,,,0.17,,,0.04,0.04,100.0,0.0,0,0.0
I. Fomba,Artis Brno,Baník Ostrava,"RAMF, LWF, AMF",25,0,2027-06-30,4,83,0,0.0,0,0.0,24.94,43.48,Mali,Mali,both,176,69,no,7.59,7.59,71.43,0.0,0.0,0.0,0.0,0.0,2.17,3.53,2.17,0,0.0,0,0.0,2.17,0.0,0,0.0,0.0,0,0.0,0,0.0,0.0,0.0,0.0,3.25,33.33,1.08,100.0,2.17,0.0,0.0,2.17,50.0,11.93,45.45,2.17,0.0,0.0,18.43,2.17,1.08,30.36,85.71,8.67,87.5,8.67,87.5,8.67,75.0,24.94,95.65,2.17,50.0,15.91,17.09,0.0,0.0,0.0,0.0,0.0,0.0,0.0,2.17,100.0,1.08,0.0,0.0,0.0,0.0,1.08,4.34,75.0,0,,0,,0,0.0,0.0,0.0,,,0.0,,,0.0,0.0,0.0,0.0,0,0.0
D. Látal,Baník Ostrava,Baník Ostrava,"CF, RWF",23,0,2028-06-30,10,153,0,0.31,0,0.09,20.0,26.47,Czech Republic,Czech Republic,right,189,0,no,2.35,2.94,40.0,1.18,50.0,0.0,0.0,0.0,1.18,1.71,2.94,0,0.0,0,0.0,1.76,0.0,0,0.0,0.18,0,0.0,4,2.35,50.0,0.0,0.0,0.0,0.0,0.0,0.0,0.0,0.0,0.0,1.18,50.0,8.24,14.29,3.53,0.59,0.0,10.0,2.94,0.59,11.76,60.0,3.53,50.0,0.59,0.0,4.12,71.43,11.76,60.0,0.0,0.0,10.12,0.0,0.05,0.59,0.0,0.0,0.0,0.0,0.0,0.59,100.0,1.76,66.67,0.0,0.0,0.0,0.0,2.94,60.0,0,,0,,0,0.0,0.0,0.0,,,0.0,,,0.0,0.0,0.0,0.0,0,0.0
R. Horák,Jablonec,Sparta Praha,LCMF,21,0,,3,28,0,0.0,0,0.0,,,Czech Republic,Czech Republic,,0,0,no,,,,,,,0.0,,,15.0,,0,,0,,,,0,,,0,,0,,,0.0,,,,,,,,,,,,,,,,,,,,,,,,,,,,,,,7.77,0.0,,,,,,,,,,,,,,,,,,0,,0,,0,0.0,0.0,,,,,,,,,,,0,0.0
M. Šín,AZ,Baník Ostrava,"AMF, RWF, RW",22,0,2030-06-30,32,2173,8,5.46,2,3.22,19.47,44.04,Czech Republic,Czech Republic,left,179,74,no,5.14,5.01,62.81,2.03,40.82,0.08,0.12,0.12,1.91,2.72,0.91,2,0.08,0,0.0,3.44,0.33,8,0.33,0.23,1,0.04,44,1.82,40.91,18.182,0.08,2.44,33.9,0.91,40.91,1.49,27.78,0.33,3.11,49.33,9.11,39.55,3.81,2.07,0.5,23.28,1.45,1.62,33.88,75.43,11.06,68.91,7.08,88.3,9.11,75.91,29.82,79.86,1.62,56.41,16.45,22.05,0.13,1.28,0.12,0.0,0.5,66.67,0.87,3.73,70.0,3.77,50.55,0.62,60.0,1.91,0.87,5.55,78.36,0,,0,,0,0.0,0.0,0.0,,,0.25,,,0.29,0.0,0.0,1.04,0,0.0
T. Rigo,Stoke City,Baník Ostrava,"LCMF, RCMF, LDMF",24,0,2028-06-30,31,2721,1,2.27,4,5.59,14.36,47.47,Slovakia,"Slovakia, Czech Republic",right,184,76,no,7.87,5.56,63.1,2.02,49.18,0.07,0.1,0.33,4.3,6.2,0.6,4,0.13,0,0.0,2.12,0.03,1,0.03,0.08,0,0.0,54,1.79,22.22,1.852,0.13,2.22,50.75,1.03,54.84,1.16,45.71,0.36,1.16,48.57,4.37,30.3,1.59,1.82,0.6,30.07,0.73,0.79,44.82,81.7,13.16,70.6,7.21,96.33,17.1,86.65,38.24,86.59,4.4,54.14,19.45,37.92,0.18,1.79,0.03,0.0,0.23,14.29,0.53,6.02,71.98,3.31,58.0,0.53,18.75,1.22,1.09,7.84,77.22,0,,0,,0,0.0,0.0,0.0,,,0.89,,,0.96,0.23,57.14,1.75,0,0.0
M. Vitík,Bologna,Sparta Praha,RCB,23,0,2029-06-30,26,2365,4,4.43,0,0.12,18.42,60.95,Czech Republic,Czech Republic,right,193,84,no,8.75,6.66,72.0,7.12,61.5,0.19,0.32,0.61,3.77,6.31,1.48,7,0.27,1,0.04,0.72,0.15,4,0.15,0.17,1,0.04,23,0.88,30.43,17.391,0.0,0.68,22.22,0.08,100.0,0.53,14.29,0.08,0.46,58.33,2.13,33.93,1.26,1.18,0.15,31.51,1.03,0.38,44.45,84.08,19.56,74.9,3.84,95.05,15.03,93.92,38.97,89.75,4.83,47.24,19.01,37.52,0.0,0.04,0.0,0.08,0.04,100.0,0.04,6.55,74.42,1.18,29.03,0.72,47.37,0.3,0.19,8.3,70.64,0,,0,,0,0.0,0.0,0.0,,,1.94,,,0.0,0.0,0.0,0.0,0,0.0
P. Vydra,Sparta Praha,Sparta Praha,"DMF, LCMF, RCMF",23,0,,30,2349,1,2.83,4,1.29,16.9,50.79,Czech Republic,Czech Republic,right,190,87,no,7.85,4.83,62.7,3.1,44.44,0.42,0.64,0.5,4.41,6.71,1.42,7,0.27,0,0.0,1.84,0.04,0,0.0,0.11,0,0.0,28,1.07,14.29,3.571,0.15,0.57,33.33,0.23,33.33,0.34,33.33,0.08,2.22,62.07,6.28,48.78,1.03,1.46,0.23,26.67,0.31,1.61,40.8,78.59,15.59,60.69,5.75,96.0,15.06,90.84,33.56,84.36,6.67,53.45,20.93,36.01,0.05,0.54,0.0,0.11,0.34,33.33,0.38,7.74,59.9,2.15,35.71,0.96,28.0,0.77,0.27,7.39,73.58,0,,0,,0,0.0,0.0,0.0,,,1.23,,,0.08,0.0,0.0,0.0,2,50.0
A. Ševínský,Sparta Praha,Sparta Praha,CB,22,0,,21,1844,1,2.07,0,0.22,12.4,57.09,Czech Republic,Czech Republic,right,187,0,no,7.57,3.76,76.62,3.61,43.24,0.15,0.2,0.34,4.54,6.33,0.59,2,0.1,0,0.0,0.54,0.05,1,0.05,0.1,1,0.05,15,0.73,46.67,6.667,0.0,0.2,25.0,0.05,100.0,0.15,0.0,0.0,0.2,75.0,1.22,44.0,0.88,0.34,0.0,19.23,0.2,0.49,33.53,82.82,13.18,65.93,1.85,100.0,16.74,95.04,29.09,89.26,4.25,41.38,22.25,32.64,0.01,0.2,0.0,0.0,0.05,0.0,0.05,3.9,61.25,0.68,28.57,0.34,28.57,0.2,0.05,5.56,68.42,0,,0,,0,0.0,0.0,0.0,,,1.37,,,0.0,0.0,0.0,0.0,0,0.0
L. Penxa,Zbrojovka Brno,Sparta Praha,LWB,22,0,,2,33,0,0.0,0,0.0,,,Czech Republic,Czech Republic,,0,0,no,,,,,,,0.0,,,10.0,,0,,0,,,,0,,,0,,0,,,0.0,,,,,,,,,,,,,,,,,,,,,,,,,,,,,,,10.76,0.0,,,,,,,,,,,,,,,,,,0,,0,,0,0.0,0.0,,,,,,,,,,,0,0.0
E. Krasniqi,Amed SK,Sparta Praha,"RWF, AMF, CF",27,0,2028-06-30,27,1252,4,4.14,3,1.57,21.21,45.08,Kosovo,Kosovo,left,188,79,no,6.25,7.12,63.64,2.66,32.43,0.0,0.0,0.07,1.73,3.01,1.37,3,0.22,0,0.0,3.88,0.29,4,0.29,0.3,0,0.0,31,2.23,38.71,12.903,0.22,2.3,40.63,0.36,20.0,1.8,48.0,0.29,3.81,54.72,9.49,37.12,4.17,3.59,0.58,23.58,2.59,0.79,30.55,74.12,7.55,59.05,6.18,86.05,9.92,81.88,26.81,78.55,1.58,45.45,17.25,19.64,0.11,1.22,0.0,0.07,0.0,0.0,0.58,2.8,69.23,2.8,58.97,0.14,50.0,1.73,0.86,4.38,72.13,0,,0,,0,0.0,0.0,0.0,,,0.14,,,0.0,0.0,0.0,0.0,0,0.0
I. Ogbu,Slavia Praha,Slavia Praha,CB,26,0,2027-12-31,25,2194,2,2.34,1,0.28,21.7,64.46,Nigeria,Nigeria,right,187,83,no,11.12,8.53,83.17,6.65,61.11,0.08,0.14,0.16,3.94,6.74,0.9,5,0.21,0,0.0,0.45,0.08,2,0.08,0.1,1,0.04,12,0.49,25.0,16.667,0.04,0.21,60.0,0.08,50.0,0.12,66.67,0.04,0.33,62.5,2.83,28.99,0.86,0.29,0.0,22.73,0.25,0.41,38.64,88.11,11.03,72.49,2.91,100.0,21.25,95.17,34.01,92.64,4.43,54.63,21.3,34.77,0.01,0.04,0.08,0.0,0.04,0.0,0.04,4.14,63.37,0.41,60.0,0.12,33.33,0.21,0.12,4.55,62.16,0,,0,,0,0.0,0.0,0.0,,,2.09,,,0.0,0.0,0.0,0.0,0,0.0
A. Kinský,Tottenham Hotspur,Slavia Praha,GK,23,0,2031-06-30,19,1882,0,0.0,0,0.0,0.48,70.0,Czech Republic,Czech Republic,right,190,80,no,0.81,0.0,0.0,0.24,80.0,0.0,0.0,0.0,0.81,1.45,0.0,1,0.05,0,0.0,0.0,0.0,0,0.0,0.0,0,0.0,0,0.0,0.0,0.0,0.0,0.0,0.0,0.0,0.0,0.0,0.0,0.0,0.05,0.0,0.24,60.0,0.0,0.0,0.0,20.28,0.19,0.1,27.45,90.77,12.43,81.54,0.0,0.0,14.35,98.67,19.46,98.77,7.99,71.26,30.12,46.04,0.0,0.0,0.05,0.0,0.0,0.0,0.0,2.44,68.63,0.14,33.33,0.1,50.0,0.05,0.0,6.22,77.69,7,0.33,47,2.25,12,85.11,10.85,0.52,3.85,0.184,0.0,1.53,0.24,,,,0.0,0,0.0
M. Škoda,Hranice,Sigma Olomouc,CF,20,0,,1,11,0,0.0,0,0.0,,,Czech Republic,Czech Republic,,0,0,no,,,,,,,0.0,,,0.0,,0,,0,,,,0,,,0,,0,,,0.0,,,,,,,,,,,,,,,,,,,,,,,,,,,,,,,7.84,0.0,,,,,,,,,,,,,,,,,,0,,0,,0,0.0,0.0,,,,,,,,,,,0,0.0
M. Strnad,Slovan Liberec II,Slovan Liberec,"LAMF, LCMF, RW",20,0,,5,98,0,0.18,0,0.38,22.96,56.0,Czech Republic,Czech Republic,unknown,0,0,no,9.18,11.02,58.33,1.84,50.0,0.92,1.3,0.0,1.84,2.61,1.84,0,0.0,0,0.0,5.51,0.0,0,0.0,0.17,0,0.0,2,1.84,100.0,0.0,0.0,0.0,0.0,0.0,0.0,0.0,0.0,0.0,5.51,66.67,7.35,75.0,2.76,5.51,0.92,13.78,0.92,0.92,20.2,68.18,8.27,66.67,7.35,75.0,3.67,50.0,16.53,72.22,3.67,50.0,19.8,26.27,0.35,0.92,0.0,0.0,0.0,0.0,0.92,0.92,0.0,0.92,100.0,0.0,0.0,0.92,0.0,2.76,66.67,0,,0,,0,0.0,0.0,0.0,,,0.0,,,0.0,0.0,0.0,0.0,0,0.0
P. Dulay,Slovan Liberec,Slovan Liberec,"RWF, CF, AMF",21,0,2030-06-30,8,152,0,0.0,0,0.0,20.72,22.86,Slovakia,Slovakia,,185,65,no,2.96,4.14,57.14,5.92,20.0,0.0,0.0,0.0,0.59,0.97,1.18,0,0.0,0,0.0,0.59,0.0,0,0.0,0.0,0,0.0,1,0.59,0.0,0.0,0.0,2.37,0.0,0.59,0.0,1.78,0.0,0.59,2.96,20.0,7.11,16.67,0.59,2.96,0.59,11.25,0.59,0.59,15.99,48.15,4.74,50.0,2.96,80.0,3.55,16.67,13.62,56.52,0.0,0.0,19.48,0.0,0.0,0.0,0.0,0.0,0.0,0.0,0.0,0.59,0.0,2.96,40.0,0.0,0.0,1.18,0.0,3.55,33.33,0,,0,,0,0.0,0.0,0.0,,,0.0,,,0.0,0.0,0.0,0.0,0,0.0
D. Moses,Slavia Praha,Slavia Praha,"RCMF, RDMF, LDMF",22,0,2029-06-30,28,1635,1,0.6,1,1.1,21.91,58.79,Nigeria,Nigeria,right,171,71,no,10.18,8.2,67.79,1.93,45.71,0.61,1.06,0.28,4.02,7.06,1.05,4,0.22,0,0.0,2.37,0.06,1,0.06,0.03,0,0.0,17,0.94,11.76,5.882,0.06,1.05,47.37,0.44,37.5,0.61,54.55,0.28,2.75,62.0,8.97,52.15,0.44,1.65,0.66,22.02,0.33,2.75,34.95,82.36,10.35,70.21,6.88,94.4,12.33,86.16,30.83,86.96,3.08,48.21,17.98,20.65,0.06,0.83,0.06,0.06,0.11,50.0,0.39,4.62,76.19,2.15,43.59,0.39,14.29,0.39,0.61,5.78,75.24,0,,0,,0,0.0,0.0,0.0,,,1.65,,,0.0,0.0,0.0,0.0,0,0.0
M. Emmanuel,Sigma Olomouc,Sigma Olomouc,"LAMF, RAMF",22,0,2028-06-30,9,448,0,1.31,2,0.93,25.11,40.0,Nigeria,Nigeria,right,174,0,no,6.83,6.23,61.29,1.41,14.29,0.0,0.0,0.0,3.01,5.11,1.81,1,0.2,0,0.0,4.42,0.0,0,0.0,0.26,0,0.0,9,1.81,22.22,0.0,0.4,1.61,25.0,0.6,33.33,1.0,20.0,0.2,6.03,56.67,14.06,35.71,5.22,1.41,0.4,16.88,1.0,0.2,26.52,79.55,6.63,84.85,7.63,94.74,6.23,64.52,23.3,84.48,1.61,62.5,17.21,18.8,0.19,1.0,0.0,0.2,0.2,100.0,1.0,2.61,76.92,2.21,63.64,0.2,100.0,2.41,0.4,4.02,70.0,0,,0,,0,0.0,0.0,0.0,,,0.2,,,0.0,0.0,0.0,0.0,0,0.0
D. Pech,Young Boys,Slavia Praha,"LWF, RCMF, RWF",19,0,2030-06-30,9,246,1,0.46,1,0.69,20.85,52.63,Czech Republic,Czech Republic,,184,0,no,3.29,3.29,77.78,1.1,0.0,0.0,0.0,0.0,0.73,1.22,0.0,0,0.0,0,0.0,6.95,0.37,1,0.37,0.17,0,0.0,5,1.83,60.0,20.0,0.37,2.93,37.5,1.46,50.0,1.46,25.0,0.37,6.95,68.42,13.54,59.46,3.66,4.02,0.37,21.59,0.37,1.83,27.07,79.73,6.95,63.16,8.41,91.3,7.68,95.24,23.78,84.62,0.37,100.0,15.95,4.21,0.25,1.1,0.0,0.0,0.37,0.0,1.1,2.56,42.86,1.46,75.0,0.37,0.0,0.37,1.1,3.29,100.0,0,,0,,0,0.0,0.0,0.0,,,0.37,,,0.0,0.0,0.0,0.0,0,0.0
M. Nikl,Táborsko,České Budějovice,"LCB, LCMF",24,0,,5,275,0,0.15,0,0.0,14.07,53.49,Czech Republic,Czech Republic,right,191,80,no,9.82,4.25,76.92,6.55,45.0,0.0,0.0,0.33,6.55,7.06,0.0,0,0.0,0,0.0,0.0,0.0,0,0.0,0.05,0,0.0,3,0.98,0.0,0.0,0.0,0.33,0.0,0.0,0.0,0.33,0.0,0.0,0.0,0.0,0.98,0.0,0.33,0.65,0.33,13.75,0.0,0.33,27.49,67.86,17.02,61.54,1.31,100.0,8.51,73.08,18.33,75.0,8.84,55.56,21.42,28.16,0.0,0.0,0.0,0.0,0.33,0.0,0.0,5.89,55.56,1.31,25.0,1.64,80.0,0.65,0.33,10.8,60.61,0,,0,,0,0.0,0.0,0.0,,,0.33,,,0.33,0.0,0.0,0.0,0,0.0
J. Tranziska,Pohang Steelers,České Budějovice,"CF, LW",25,0,,8,375,0,1.04,0,0.13,23.04,42.71,Germany,Germany,right,190,0,no,4.8,5.04,52.38,8.16,50.0,0.0,0.0,0.48,2.16,2.78,0.96,2,0.48,0,0.0,2.16,0.0,0,0.0,0.25,0,0.0,7,1.68,42.86,0.0,0.0,1.2,20.0,0.96,25.0,0.24,0.0,0.24,2.88,41.67,7.44,29.03,3.6,0.96,0.24,11.52,1.2,0.72,17.04,69.01,3.12,69.23,6.0,80.0,4.32,55.56,15.6,73.85,0.72,0.0,13.21,12.12,0.03,0.24,0.0,0.0,0.0,0.0,0.0,0.96,50.0,0.0,0.0,0.0,0.0,0.24,0.48,2.16,44.44,0,,0,,0,0.0,0.0,0.0,,,0.24,,,0.0,0.0,0.0,0.0,0,0.0
T. Ouma,,Slavia Praha,LCMF,22,0,,1,71,0,0.0,0,0.0,7.61,50.0,Kenya,Kenya,right,183,75,no,7.61,2.54,50.0,1.27,100.0,0.0,0.0,1.27,6.34,8.82,1.27,0,0.0,0,0.0,0.0,0.0,0,0.0,0.0,0,0.0,0,0.0,0.0,0.0,0.0,0.0,0.0,0.0,0.0,0.0,0.0,0.0,0.0,0.0,2.54,0.0,0.0,0.0,0.0,16.48,0.0,1.27,21.55,70.59,8.87,57.14,3.8,100.0,8.87,71.43,20.28,75.0,1.27,0.0,20.63,51.47,0.0,0.0,0.0,0.0,0.0,0.0,0.0,6.34,60.0,1.27,100.0,0.0,0.0,1.27,0.0,3.8,66.67,0,,0,,0,0.0,0.0,0.0,,,2.54,,,0.0,0.0,0.0,0.0,0,0.0
P. Zíka,Sparta Praha II,České Budějovice,"LW, RB, LWB",20,0,,14,534,0,0.65,0,0.32,18.54,44.55,Czech Republic,Czech Republic,right,0,0,no,7.58,7.08,59.52,1.85,27.27,0.34,0.39,0.17,3.03,3.53,0.67,1,0.17,0,0.0,1.85,0.0,0,0.0,0.11,0,0.0,3,0.51,33.33,0.0,0.0,1.01,16.67,0.67,0.0,0.34,50.0,0.17,3.71,40.91,7.75,41.3,1.01,0.84,0.0,10.79,0.51,0.67,16.18,71.88,5.06,53.33,4.89,93.1,3.03,83.33,14.16,75.0,1.01,83.33,16.17,15.58,0.05,0.67,0.0,0.0,0.17,0.0,0.17,2.02,66.67,1.01,66.67,0.0,0.0,0.67,0.17,3.2,63.16,0,,0,,0,0.0,0.0,0.0,,,0.0,,,0.17,0.0,0.0,1.01,0,0.0
D. Teah,Slavia Praha,Slavia Praha,"AMF, RWF, RAMF",20,0,2029-12-31,8,138,0,0.15,1,0.37,18.91,51.72,Liberia,Liberia,unknown,0,0,no,9.13,9.78,73.33,3.26,40.0,0.0,0.0,0.0,1.96,4.09,1.3,0,0.0,0,0.0,1.96,0.0,0,0.0,0.1,0,0.0,3,1.96,0.0,0.0,0.65,3.26,60.0,2.61,50.0,0.65,100.0,0.65,0.0,0.0,3.26,0.0,1.3,0.65,0.0,22.17,0.65,0.0,32.61,76.0,13.7,76.19,5.22,87.5,9.13,71.43,26.09,82.5,3.26,40.0,17.6,18.23,0.24,1.3,0.0,0.65,0.65,0.0,0.65,9.13,64.29,6.52,60.0,1.96,33.33,1.3,1.96,9.78,86.67,0,,0,,0,0.0,0.0,0.0,,,0.0,,,0.0,0.0,0.0,1.96,0,0.0
D. Masek,Arsenal Česká Lípa,Slovan Liberec,LB,23,0,,9,613,0,0.11,0,1.64,13.51,44.57,Czech Republic,Czech Republic,,0,0,yes,7.49,5.14,57.14,1.17,50.0,0.44,0.54,0.29,4.11,5.03,1.17,2,0.29,0,0.0,2.94,0.0,0,0.0,0.02,0,0.0,4,0.59,25.0,0.0,0.0,3.67,40.0,3.67,40.0,0.0,0.0,0.88,2.64,50.0,5.73,35.9,0.15,1.91,0.29,21.29,0.44,0.44,31.71,67.59,13.07,60.67,3.52,87.5,10.13,71.01,22.32,78.29,6.17,42.86,20.85,36.23,0.24,1.03,0.15,0.0,0.0,0.0,0.29,4.99,55.88,2.5,41.18,0.29,0.0,0.29,1.17,8.37,63.16,0,,0,,0,0.0,0.0,0.0,,,0.44,,,0.44,0.0,0.0,1.76,0,0.0
J. Fiala,Sigma Olomouc,Sigma Olomouc,"LAMF, CF, AMF",25,0,2028-06-30,20,997,1,1.17,0,0.22,28.07,35.05,Czech Republic,Czech Republic,,198,0,no,6.59,6.32,61.43,6.05,25.37,0.0,0.0,0.09,2.71,3.93,1.53,1,0.09,0,0.0,3.07,0.09,1,0.09,0.11,0,0.0,12,1.08,33.33,8.333,0.0,1.81,15.0,1.08,25.0,0.72,0.0,0.09,4.06,60.0,11.37,30.95,2.08,1.26,0.18,10.74,1.17,1.08,20.58,67.98,4.42,46.94,7.85,86.21,4.51,58.0,18.14,75.62,0.72,0.0,14.11,13.99,0.02,0.27,0.0,0.09,0.09,0.0,0.09,0.9,30.0,1.35,26.67,0.0,0.0,0.27,0.27,2.53,28.57,0,,0,,0,0.0,0.0,0.0,,,0.0,,,0.0,0.0,0.0,0.0,0,0.0
A. Kayondo,Slovan Liberec,Slovan Liberec,"LWB, LB",23,0,2028-06-30,25,1827,1,0.56,1,2.2,21.72,50.34,Uganda,Uganda,,175,0,no,11.92,8.57,67.82,2.66,42.59,0.69,1.06,0.2,5.42,8.35,1.33,7,0.34,0,0.0,2.02,0.05,1,0.05,0.03,0,0.0,7,0.34,14.29,14.286,0.05,2.71,32.73,2.71,32.73,0.0,0.0,0.2,2.22,48.89,6.95,40.43,1.08,1.77,0.15,16.5,0.89,1.53,25.86,71.05,9.7,56.85,5.27,93.46,6.9,75.71,20.94,81.18,2.32,23.4,20.38,24.28,0.11,0.84,0.05,0.0,0.05,0.0,0.3,3.45,67.14,2.46,40.0,0.2,0.0,0.3,0.94,6.01,60.66,0,,0,,0,0.0,0.0,0.0,,,0.59,,,0.0,0.0,0.0,0.0,0,0.0
O. Čoudek,Artis Brno,České Budějovice,RCB,21,0,2029-06-30,21,1893,0,0.98,0,0.03,13.65,62.72,Czech Republic,Czech Republic,right,199,0,no,11.7,6.7,69.5,4.56,60.42,0.71,0.85,0.43,6.32,7.5,1.14,3,0.14,0,0.0,0.14,0.0,0,0.0,0.05,0,0.0,7,0.33,28.57,0.0,0.0,0.05,0.0,0.0,0.0,0.05,0.0,0.0,0.05,100.0,0.86,38.89,0.57,0.81,0.1,20.54,0.62,0.24,34.52,78.37,17.16,66.48,2.28,91.67,11.41,93.75,26.77,85.97,7.75,52.15,23.09,37.38,0.0,0.14,0.0,0.0,0.0,0.0,0.05,5.61,61.86,0.81,23.53,0.24,40.0,0.24,0.05,10.08,64.15,0,,0,,0,0.0,0.0,0.0,,,1.52,,,0.1,0.0,0.0,0.0,0,0.0
J. Elbel,Sigma Olomouc,Sigma Olomouc,"LCB, LB",26,0,2027-06-30,17,1442,3,0.83,0,0.08,13.48,52.31,Czech Republic,Czech Republic,,0,0,no,8.99,4.74,68.42,4.49,44.44,0.0,0.0,0.69,5.74,8.52,0.62,0,0.0,0,0.0,0.5,0.19,3,0.19,0.05,3,0.19,7,0.44,57.14,42.857,0.0,0.56,22.22,0.56,22.22,0.0,0.0,0.12,0.25,50.0,0.87,42.86,0.69,0.31,0.06,22.84,0.19,0.44,41.57,78.08,18.66,66.56,3.18,92.16,17.1,89.78,31.21,87.8,9.92,49.69,25.59,37.29,0.01,0.12,0.06,0.0,0.0,0.0,0.0,5.93,51.58,0.69,27.27,0.56,33.33,0.06,0.12,9.74,62.82,0,,0,,0,0.0,0.0,0.0,,,2.18,,,0.19,0.0,0.0,0.06,0,0.0
F. Slavicek,Sigma Olomouc,Sigma Olomouc,"LB, RB",23,0,,12,741,0,0.09,0,0.17,17.98,51.35,Czech Republic,Czech Republic,right,185,0,no,10.81,7.04,63.79,3.16,42.31,0.24,0.35,0.36,6.07,8.72,1.34,1,0.12,0,0.0,1.94,0.0,0,0.0,0.01,0,0.0,4,0.49,0.0,0.0,0.0,1.82,26.67,1.09,22.22,0.73,33.33,0.49,2.55,57.14,5.71,48.94,1.58,2.91,0.73,17.37,0.73,0.85,29.27,73.03,12.87,65.09,4.25,97.14,5.47,77.78,24.29,80.5,3.16,42.31,14.9,23.78,0.02,0.61,0.0,0.0,0.0,0.0,0.0,3.52,51.72,2.43,60.0,0.0,0.0,0.85,0.49,7.65,60.32,0,,0,,0,0.0,0.0,0.0,,,0.24,,,0.0,0.0,0.0,0.0,0,0.0
O. Kok,Spakenburg,Slovan Liberec,"CF, LW, LWF",24,0,2028-06-30,5,81,0,0.04,0,0.0,16.67,26.67,Netherlands,Netherlands,,0,0,no,1.11,2.22,50.0,8.89,12.5,0.0,0.0,0.0,0.0,0.0,1.11,0,0.0,0,0.0,2.22,0.0,0,0.0,0.05,0,0.0,1,1.11,0.0,0.0,0.0,0.0,0.0,0.0,0.0,0.0,0.0,0.0,3.33,66.67,4.44,50.0,2.22,0.0,0.0,11.11,1.11,1.11,18.89,70.59,5.56,80.0,6.67,50.0,4.44,75.0,17.78,68.75,1.11,100.0,10.26,9.86,0.0,0.0,0.0,0.0,0.0,0.0,0.0,3.33,100.0,0.0,0.0,0.0,0.0,0.0,0.0,4.44,50.0,0,,0,,0,0.0,0.0,0.0,,,0.0,,,0.0,0.0,0.0,0.0,0,0.0
J. Koutny,Sigma Olomouc,Sigma Olomouc,GK,21,0,2028-06-30,23,2255,0,0.0,0,0.0,0.56,57.14,Czech Republic,Czech Republic,,0,0,no,1.32,0.0,0.0,0.28,85.71,0.04,0.06,0.0,1.28,1.9,0.04,2,0.08,0,0.0,0.04,0.0,0,0.0,0.0,0,0.0,0,0.0,0.0,0.0,0.0,0.0,0.0,0.0,0.0,0.0,0.0,0.0,0.08,50.0,0.2,40.0,0.0,0.04,0.0,12.57,0.12,0.2,18.56,87.96,7.98,75.5,0.04,0.0,10.22,98.44,12.69,97.48,5.83,67.81,32.0,46.15,0.0,0.0,0.0,0.0,0.0,0.0,0.0,1.72,55.81,0.04,0.0,0.08,50.0,0.0,0.0,5.23,78.63,32,1.28,96,3.83,5,66.67,37.48,1.5,5.48,0.219,0.0,1.4,0.28,,,,0.0,0,0.0
A. Dohnalek,Sigma Olomouc II,Sigma Olomouc,RCB,22,0,2029-06-30,12,999,1,0.43,0,0.0,14.23,57.59,Czech Republic,Czech Republic,right,188,0,no,8.02,5.32,64.41,5.41,50.0,0.18,0.28,0.27,4.41,6.9,0.63,2,0.18,1,0.09,0.27,0.09,1,0.09,0.04,1,0.09,3,0.27,100.0,33.333,0.0,0.0,0.0,0.0,0.0,0.0,0.0,0.0,0.0,0.0,0.54,83.33,0.54,0.27,0.0,21.89,0.0,0.63,39.55,79.04,19.37,64.19,1.98,95.45,15.95,95.48,29.19,87.35,10.36,55.65,22.59,32.26,0.0,0.0,0.09,0.0,0.0,0.0,0.18,8.47,60.64,0.36,50.0,0.99,27.27,0.27,0.0,9.64,68.22,0,,0,,0,0.0,0.0,0.0,,,1.44,,,0.0,0.0,0.0,0.0,0,0.0
D. Toula,Artis Brno,Slavia Praha,RWF,21,0,2029-06-30,1,25,0,0.0,0,0.0,,,Czech Republic,Czech Republic,,185,70,no,,,,,,,0.0,,,0.0,,0,,0,,,,0,,,0,,0,,,0.0,,,,,,,,,,,,,,,,,,,,,,,,,,,,,,,0.0,0.0,,,,,,,,,,,,,,,,,,0,,0,,0,0.0,0.0,,,,,,,,,,,0,0.0
M. Mikulenka,Sigma Olomouc,Sigma Olomouc,"RAMF, CF, LAMF",22,0,2029-06-30,33,2100,5,6.09,3,1.39,26.44,31.77,Czech Republic,Czech Republic,,0,0,no,6.51,6.13,60.14,6.51,25.0,0.17,0.25,0.04,2.66,3.86,1.33,6,0.26,0,0.0,1.97,0.21,5,0.21,0.26,0,0.0,38,1.63,28.95,13.158,0.13,1.03,16.67,0.51,16.67,0.51,16.67,0.17,3.17,41.89,9.99,26.18,3.9,0.99,0.26,13.63,2.61,0.99,20.06,67.95,5.57,61.54,5.7,79.7,4.11,62.5,18.13,71.16,0.9,61.9,14.18,12.45,0.06,0.77,0.04,0.0,0.09,0.0,0.3,1.76,68.29,1.46,61.76,0.09,0.0,1.2,0.26,3.09,56.94,0,,0,,0,0.0,0.0,0.0,,,0.0,,,0.0,0.0,0.0,0.09,0,0.0
S. Michez,Slavia Praha,Slavia Praha,"RWB, LWB",24,0,2028-06-30,7,287,1,0.57,0,0.16,21.95,48.57,Belgium,"Belgium, Cameroon",right,178,73,no,6.9,4.39,64.29,3.14,40.0,0.63,1.07,0.0,3.45,5.89,2.51,1,0.31,0,0.0,4.7,0.31,1,0.31,0.18,0,0.0,2,0.63,50.0,50.0,0.0,4.39,35.71,0.31,0.0,4.08,38.46,0.94,3.76,66.67,11.6,43.24,1.25,2.82,0.0,16.62,0.94,0.63,35.12,72.32,14.74,68.09,6.59,100.0,8.47,62.96,26.66,80.0,4.7,60.0,16.32,14.61,0.05,0.31,0.0,0.0,0.31,100.0,0.31,4.39,64.29,4.39,50.0,0.31,0.0,0.63,1.25,8.15,76.92,0,,0,,0,0.0,0.0,0.0,,,0.94,,,0.0,0.0,0.0,0.0,0,0.0
J. Staněk,Slavia Praha,Slavia Praha,GK,30,0,2029-06-30,13,1231,0,0.0,0,0.0,0.58,87.5,Czech Republic,Czech Republic,right,192,90,no,1.46,0.0,0.0,0.44,100.0,0.0,0.0,0.0,1.46,2.56,0.0,0,0.0,0,0.0,0.0,0.0,0,0.0,0.0,0,0.0,0,0.0,0.0,0.0,0.0,0.0,0.0,0.0,0.0,0.0,0.0,0.0,0.0,0.0,0.07,0.0,0.0,0.0,0.0,21.2,0.15,0.15,28.95,85.1,15.94,75.69,0.0,0.0,12.36,96.45,18.94,97.68,9.94,61.76,33.01,49.42,0.0,0.0,0.0,0.0,0.0,0.0,0.0,4.46,60.66,0.07,0.0,0.07,0.0,0.0,0.0,7.75,75.47,4,0.29,29,2.12,9,86.21,8.17,0.6,4.17,0.305,0.0,1.39,0.44,,,,0.0,0,0.0
M. Hlavatý,Pardubice,Slovan Liberec,"RCMF, LCMF, LDMF",28,0,2030-06-30,29,2493,5,3.39,4,4.16,13.79,46.86,Czech Republic,Czech Republic,right,172,69,no,6.75,5.88,57.06,1.77,34.69,0.18,0.26,0.32,3.21,4.56,1.37,4,0.14,0,0.0,1.88,0.18,5,0.18,0.12,0,0.0,37,1.34,37.84,13.514,0.14,2.13,35.59,0.79,36.36,1.26,34.29,0.22,1.05,51.72,3.75,39.42,1.7,0.72,0.14,24.55,0.76,0.94,34.3,76.53,12.49,67.05,5.23,87.59,11.7,84.57,28.09,82.78,4.15,54.78,18.9,33.41,0.15,1.37,0.04,0.11,0.29,25.0,0.61,5.7,60.76,3.1,47.67,0.65,38.89,1.08,0.76,7.29,77.72,0,,0,,0,0.0,0.0,0.0,,,0.79,,,1.01,0.04,0.0,3.36,0,0.0
V. Kušej,Slovan Liberec,Slavia Praha,"CF, LWF",26,0,2028-12-31,32,2358,13,10.84,9,6.77,19.77,36.49,Czech Republic,Czech Republic,right,168,68,yes,4.08,4.05,53.77,1.56,9.76,0.08,0.12,0.04,1.83,2.79,1.15,3,0.11,0,0.0,4.73,0.5,13,0.5,0.41,0,0.0,57,2.18,49.12,22.807,0.34,4.01,29.52,2.37,24.19,1.6,35.71,0.95,5.11,44.03,11.03,36.68,5.04,3.28,0.61,20.99,2.56,0.92,28.66,66.71,8.78,60.0,6.03,92.41,7.6,62.81,23.36,74.84,1.49,38.46,16.81,27.61,0.26,1.87,0.15,0.0,0.42,54.55,0.92,3.17,60.24,4.47,48.72,0.42,45.45,1.95,1.22,5.19,84.56,0,,0,,0,0.0,0.0,0.0,,,0.31,,,0.27,0.0,0.0,1.91,0,0.0
M. Jedlička,Baník Ostrava,Viktoria Plzeň,GK,28,0,2029-06-30,29,2744,0,0.0,1,0.0,0.39,50.0,Czech Republic,Czech Republic,right,187,83,no,0.92,0.0,0.0,0.2,66.67,0.0,0.0,0.0,0.92,1.41,0.0,2,0.07,0,0.0,0.03,0.0,0,0.0,0.0,0,0.0,0,0.0,0.0,0.0,0.03,0.0,0.0,0.0,0.0,0.0,0.0,0.0,0.03,100.0,0.1,33.33,0.0,0.0,0.0,16.07,0.43,0.07,22.37,87.24,13.15,79.55,0.03,100.0,8.66,98.48,12.53,98.95,9.81,72.58,34.34,48.83,0.0,0.0,0.03,0.0,0.0,0.0,0.03,3.05,69.89,0.07,50.0,0.07,50.0,0.03,0.0,7.77,82.7,27,0.89,87,2.85,9,68.97,26.95,0.88,-0.05,-0.002,0.0,0.69,0.2,,,,0.0,0,0.0
J. Auta,Teplice,Teplice,"LAMF, LCMF",20,0,,2,52,0,0.43,0,0.0,22.5,38.46,Nigeria,Nigeria,left,0,0,no,3.46,5.19,33.33,1.73,100.0,0.0,0.0,0.0,1.73,2.14,1.73,0,0.0,0,0.0,3.46,0.0,0,0.0,0.75,0,0.0,3,5.19,0.0,0.0,0.0,0.0,0.0,0.0,0.0,0.0,0.0,0.0,3.46,100.0,8.65,60.0,6.92,1.73,1.73,10.38,1.73,1.73,8.65,80.0,0.0,0.0,1.73,100.0,5.19,100.0,8.65,80.0,0.0,0.0,13.87,0.0,0.0,0.0,0.0,0.0,0.0,0.0,0.0,1.73,100.0,0.0,0.0,0.0,0.0,1.73,0.0,0.0,0.0,0,,0,,0,0.0,0.0,0.0,,,0.0,,,0.0,0.0,0.0,0.0,0,0.0
M. Prášek,Písek,České Budějovice,CF,22,0,,4,128,0,0.03,0,0.06,21.09,40.0,Czech Republic,Czech Republic,,0,0,no,5.63,4.92,57.14,9.84,42.86,0.7,0.81,0.0,2.11,2.43,0.7,0,0.0,0,0.0,0.0,0.0,0,0.0,0.02,0,0.0,1,0.7,0.0,0.0,0.0,0.0,0.0,0.0,0.0,0.0,0.0,0.0,0.0,0.0,1.41,0.0,0.0,0.0,0.0,6.33,2.11,0.0,7.73,54.55,2.11,33.33,0.0,0.0,2.81,25.0,7.03,50.0,0.7,100.0,12.77,3.78,0.04,0.7,0.0,0.0,0.0,0.0,0.0,0.7,100.0,0.7,100.0,0.7,100.0,0.7,0.0,2.11,33.33,0,,0,,0,0.0,0.0,0.0,,,0.0,,,0.0,0.0,0.0,0.0,0,0.0
R. Polanský,Písek,České Budějovice,"RW, RB",24,0,,3,75,0,0.02,0,0.0,21.6,38.89,Czech Republic,Czech Republic,,0,0,no,7.2,10.8,44.44,2.4,50.0,0.0,0.0,0.0,2.4,2.86,2.4,0,0.0,0,0.0,2.4,0.0,0,0.0,0.02,0,0.0,1,1.2,0.0,0.0,0.0,1.2,0.0,0.0,0.0,1.2,0.0,0.0,3.6,66.67,6.0,40.0,1.2,1.2,0.0,13.2,0.0,0.0,21.6,66.67,7.2,66.67,6.0,80.0,6.0,80.0,19.2,75.0,1.2,0.0,14.56,7.35,0.0,0.0,0.0,0.0,0.0,0.0,0.0,2.4,0.0,3.6,33.33,0.0,0.0,1.2,0.0,1.2,100.0,0,,0,,0,0.0,0.0,0.0,,,0.0,,,0.0,0.0,0.0,0.0,0,0.0
M. Kapur,,Teplice,CF,24,0,,1,17,0,0.0,0,0.0,,,Serbia,Serbia,unknown,191,0,no,,,,,,,0.0,,,12.0,,0,,0,,,,0,,,0,,0,,,0.0,,,,,,,,,,,,,,,,,,,,,,,,,,,,,,,18.07,0.0,,,,,,,,,,,,,,,,,,0,,0,,0,0.0,0.0,,,,,,,,,,,0,0.0
M. Beránek,Chrudim,Teplice,"LCMF, RWB, RW",23,0,2027-06-30,12,424,0,0.29,0,0.36,16.56,37.18,Czech Republic,Czech Republic,right,180,63,no,6.16,6.16,44.83,2.76,15.38,0.21,0.29,0.21,3.18,4.41,1.49,3,0.64,0,0.0,1.06,0.0,0,0.0,0.06,0,0.0,2,0.42,0.0,0.0,0.0,0.64,0.0,0.0,0.0,0.64,0.0,0.21,1.91,55.56,5.94,35.71,1.7,1.06,0.42,9.55,1.06,1.7,17.83,78.57,7.0,63.64,4.88,95.65,4.03,78.95,15.28,84.72,1.91,55.56,16.23,15.61,0.08,0.85,0.0,0.0,0.0,0.0,0.0,3.18,53.33,1.06,20.0,0.0,0.0,0.42,0.21,2.33,81.82,0,,0,,0,0.0,0.0,0.0,,,0.21,,,0.0,0.0,0.0,0.0,0,0.0
A. Koudelka,České Budějovice U19,České Budějovice,RCB,20,0,,1,98,0,0.0,0,0.0,19.29,66.67,Czech Republic,Czech Republic,unknown,0,0,no,10.1,11.02,75.0,5.51,66.67,0.0,0.0,0.0,1.84,1.76,2.76,1,0.92,0,0.0,0.0,0.0,0,0.0,0.0,0,0.0,0,0.0,0.0,0.0,0.0,0.0,0.0,0.0,0.0,0.0,0.0,0.0,0.92,0.0,0.92,0.0,0.0,0.0,0.0,10.1,0.0,0.0,15.61,76.47,11.02,66.67,2.76,100.0,0.92,100.0,7.35,87.5,8.27,66.67,29.15,39.22,0.0,0.0,0.0,0.0,0.0,0.0,0.0,4.59,60.0,0.92,100.0,0.92,100.0,0.92,0.0,7.35,75.0,0,,0,,0,0.0,0.0,0.0,,,1.84,,,0.0,0.0,0.0,0.0,0,0.0
D. Němec,České Budějovice II,České Budějovice,"LW, RAMF",20,0,,2,36,0,0.0,0,0.07,,,Czech Republic,Czech Republic,unknown,0,0,no,,,,,,,0.0,,,0.0,,0,,0,,,,0,,,0,,0,,,0.0,,,,,,,,,,,,,,,,,,,,,,,,,,,,,,,16.76,13.05,,,,,,,,,,,,,,,,,,0,,0,,0,0.0,0.0,,,,,,,,,,,0,0.0
J. Zíka,Mladá Boleslav,České Budějovice,"LCMF, AMF",20,0,,2,178,1,0.18,0,0.06,13.15,46.15,Czech Republic,Czech Republic,unknown,0,0,no,3.54,4.55,44.44,0.0,0.0,0.0,0.0,0.0,1.52,2.31,2.02,0,0.0,0,0.0,1.52,0.51,1,0.51,0.09,0,0.0,4,2.02,50.0,25.0,0.0,1.01,0.0,0.51,0.0,0.51,0.0,0.51,1.52,33.33,7.08,50.0,2.53,3.54,0.0,22.25,0.51,3.03,28.31,80.36,9.1,77.78,7.08,71.43,9.61,84.21,25.79,84.31,2.02,50.0,21.62,33.72,0.03,1.01,0.0,0.0,0.51,0.0,0.0,4.04,62.5,1.01,0.0,0.51,0.0,0.51,0.0,4.04,75.0,0,,0,,0,0.0,0.0,0.0,,,0.0,,,0.51,0.51,0.0,0.0,0,0.0
T. Gantogtokh,České Budějovice II,České Budějovice,CF,21,0,,2,76,0,0.54,0,0.0,14.21,16.67,Mongolia,Mongolia,,0,0,no,1.18,2.37,50.0,3.55,0.0,0.0,0.0,0.0,0.0,0.0,1.18,0,0.0,0,0.0,1.18,0.0,0,0.0,0.64,0,0.0,2,2.37,50.0,0.0,0.0,0.0,0.0,0.0,0.0,0.0,0.0,0.0,1.18,0.0,4.74,0.0,2.37,1.18,0.0,5.92,0.0,0.0,4.74,50.0,0.0,0.0,2.37,50.0,1.18,100.0,4.74,50.0,0.0,0.0,4.6,0.0,0.0,0.0,0.0,0.0,0.0,0.0,0.0,0.0,0.0,0.0,0.0,0.0,0.0,0.0,0.0,1.18,0.0,0,,0,,0,0.0,0.0,0.0,,,0.0,,,0.0,0.0,0.0,0.0,0,0.0
C. Andrew,Zbrojovka Brno,České Budějovice,GK,22,0,,6,583,0,0.0,0,0.0,1.85,50.0,Czech Republic,Czech Republic,left,0,0,no,3.24,0.77,20.0,0.62,75.0,0.31,0.39,0.0,2.78,3.53,0.0,1,0.15,0,0.0,0.0,0.0,0,0.0,0.0,0,0.0,0,0.0,0.0,0.0,0.0,0.0,0.0,0.0,0.0,0.0,0.0,0.0,0.0,0.0,0.31,50.0,0.0,0.0,0.0,9.57,0.62,0.46,17.29,83.04,7.87,66.67,0.0,0.0,8.8,98.25,11.42,97.3,5.87,55.26,31.79,43.44,0.0,0.0,0.0,0.0,0.0,0.0,0.0,1.54,20.0,0.0,0.0,0.0,0.0,0.0,0.0,4.94,68.75,12,1.85,40,6.17,1,70.0,13.45,2.08,1.45,0.224,0.0,1.7,0.62,,,,0.0,0,0.0
D. Danihel,Teplice,Teplice,"RCB, RB, LB",20,0,,5,256,1,0.92,0,0.0,17.58,66.0,Slovakia,Slovakia,unknown,0,0,no,9.49,7.38,71.43,2.81,50.0,0.0,0.0,0.35,4.22,4.86,1.41,0,0.0,0,0.0,2.11,0.35,1,0.35,0.33,0,0.0,3,1.05,33.33,33.333,0.0,0.7,50.0,0.35,0.0,0.35,100.0,0.0,1.41,100.0,5.98,70.59,0.7,1.41,0.0,13.36,1.05,1.76,21.45,72.13,7.73,59.09,6.33,100.0,4.57,61.54,17.58,78.0,3.52,50.0,21.79,29.65,0.0,0.0,0.0,0.0,0.0,0.0,0.0,4.22,58.33,0.35,0.0,0.7,50.0,0.0,0.0,4.22,66.67,0,,0,,0,0.0,0.0,0.0,,,2.81,,,0.0,0.0,0.0,0.0,0,0.0
M. Vachoušek,Teplice II,Teplice,CF,24,0,,1,32,0,0.0,0,0.0,,,Czech Republic,Czech Republic,,0,0,no,,,,,,,0.0,,,0.0,,0,,0,,,,0,,,0,,0,,,0.0,,,,,,,,,,,,,,,,,,,,,,,,,,,,,,,23.0,0.0,,,,,,,,,,,,,,,,,,0,,0,,0,0.0,0.0,,,,,,,,,,,0,0.0
E. Isaac,Petržalka Akadémia,České Budějovice,CF,23,0,,12,577,0,1.46,0,0.12,28.39,26.92,Nigeria,Nigeria,unknown,0,0,no,3.74,3.43,31.82,9.05,25.86,0.16,0.2,0.0,2.5,3.24,1.09,1,0.16,0,0.0,0.94,0.0,0,0.0,0.23,0,0.0,11,1.72,18.18,0.0,0.0,0.0,0.0,0.0,0.0,0.0,0.0,0.0,1.09,42.86,10.76,24.64,3.59,0.62,0.16,5.77,1.56,1.72,10.76,82.61,2.03,61.54,4.68,93.33,2.03,84.62,10.29,81.82,0.47,100.0,14.67,11.06,0.02,0.62,0.0,0.0,0.16,100.0,0.16,0.78,80.0,0.47,66.67,0.16,100.0,0.94,0.0,0.62,75.0,0,,0,,0,0.0,0.0,0.0,,,0.0,,,0.0,0.0,0.0,0.0,0,0.0
A. Gning,Baník Ostrava,Teplice,CF,27,0,2028-12-31,28,1871,6,8.72,1,1.15,24.72,41.63,Senegal,Senegal,right,185,78,no,5.44,4.18,72.41,7.84,35.58,0.14,0.19,0.14,2.26,3.01,1.06,4,0.19,0,0.0,2.69,0.29,6,0.29,0.42,0,0.0,60,2.89,28.33,10.0,0.05,0.67,50.0,0.29,16.67,0.34,71.43,0.14,3.08,46.88,9.57,38.19,4.43,1.73,0.72,10.29,2.02,1.59,16.26,73.08,4.43,59.78,3.61,93.33,4.23,72.73,14.82,75.65,0.82,41.18,14.7,8.53,0.06,0.58,0.0,0.05,0.19,50.0,0.29,2.02,71.43,0.96,55.0,0.29,16.67,0.67,0.34,2.16,73.33,0,,0,,0,0.0,0.0,0.0,,,0.1,,,0.0,0.0,0.0,0.0,0,0.0
D. Krch,Opava,České Budějovice,"LCMF, DMF",23,0,2029-06-30,21,1139,1,1.03,1,0.7,19.6,51.21,Czech Republic,Czech Republic,,0,0,no,8.45,8.22,65.38,1.82,47.83,0.0,0.0,0.0,3.08,3.71,1.82,0,0.0,0,0.0,2.29,0.08,1,0.08,0.08,0,0.0,14,1.11,28.57,7.143,0.08,1.42,44.44,0.63,37.5,0.71,55.56,0.4,2.05,61.54,6.72,43.53,0.95,1.5,0.0,15.88,0.47,1.19,28.76,79.4,8.06,59.8,7.59,93.75,8.3,80.0,24.34,86.69,3.08,38.46,19.81,30.9,0.05,0.79,0.0,0.0,0.24,33.33,0.24,3.87,44.9,1.58,50.0,0.4,20.0,0.24,0.71,4.11,61.54,0,,0,,0,0.0,0.0,0.0,,,0.87,,,0.87,0.08,0.0,1.74,0,0.0
J. Hora,Teplice II,Teplice,"RCB, RB",25,0,,3,65,0,0.0,0,0.0,15.23,18.18,Czech Republic,Czech Republic,right,181,74,no,6.92,9.69,14.29,1.38,0.0,0.0,0.0,0.0,5.54,10.0,2.77,1,1.38,0,0.0,2.77,0.0,0,0.0,0.0,0,0.0,0,0.0,0.0,0.0,0.0,5.54,50.0,0.0,0.0,5.54,50.0,1.38,0.0,0.0,1.38,100.0,0.0,0.0,0.0,24.92,0.0,1.38,37.38,81.48,19.38,71.43,4.15,100.0,11.08,87.5,23.54,100.0,8.31,50.0,18.03,19.76,0.0,0.0,0.0,0.0,0.0,0.0,0.0,8.31,66.67,2.77,50.0,2.77,50.0,0.0,2.77,11.08,87.5,0,,0,,0,0.0,0.0,0.0,,,1.38,,,0.0,0.0,0.0,0.0,0,0.0
J. Brabec,České Budějovice,České Budějovice,LCB,23,0,2028-06-30,14,1351,0,0.54,0,0.04,16.65,59.2,Czech Republic,Czech Republic,,0,0,no,12.92,8.39,67.46,3.73,57.14,0.27,0.31,0.67,6.99,8.2,1.13,5,0.33,0,0.0,0.13,0.0,0,0.0,0.04,0,0.0,3,0.2,33.33,0.0,0.0,0.13,50.0,0.07,0.0,0.07,100.0,0.0,0.27,0.0,1.33,25.0,0.8,0.27,0.0,16.85,0.2,0.33,30.24,81.94,13.12,69.54,2.33,97.14,11.72,94.89,26.45,85.64,3.66,56.36,21.11,33.82,0.0,0.13,0.07,0.0,0.0,0.0,0.07,2.66,70.0,0.07,0.0,0.0,0.0,0.13,0.07,6.26,55.32,0,,0,,0,0.0,0.0,0.0,,,1.73,,,0.0,0.0,0.0,0.07,0,0.0
O. Kričfaluši,Union Saint-Gilloise,Teplice,"DMF, CB, RCB",22,0,2030-06-30,25,2403,0,1.07,0,1.66,15.99,60.89,Czech Republic,Czech Republic,right,195,87,no,9.29,5.99,73.13,4.12,57.27,0.04,0.05,0.45,4.87,6.5,1.27,4,0.15,1,0.04,1.84,0.0,0,0.0,0.04,0,0.0,30,1.12,13.33,0.0,0.0,1.8,29.17,0.22,0.0,1.57,33.33,0.26,1.31,74.29,3.0,50.0,0.45,1.05,0.07,21.99,0.22,0.45,38.16,68.5,21.72,58.45,2.4,92.19,11.01,85.03,25.39,80.83,11.01,46.26,24.59,38.8,0.06,0.52,0.04,0.04,0.22,83.33,0.45,11.65,53.7,3.56,36.84,1.54,39.02,0.79,0.6,11.42,78.03,0,,0,,0,0.0,0.0,0.0,,,1.05,,,0.15,0.07,50.0,0.0,0,0.0
M. Faltus,České Budějovice II,České Budějovice,LB,20,0,2026-12-31,1,10,0,0.0,0,0.0,,,Czech Republic,Czech Republic,,0,0,no,,,,,,,0.0,,,20.0,,0,,0,,,,0,,,0,,0,,,0.0,,,,,,,,,,,,,,,,,,,,,,,,,,,,,,,31.85,0.0,,,,,,,,,,,,,,,,,,0,,0,,0,0.0,0.0,,,,,,,,,,,0,0.0
J. Emmer,,Teplice,"RWF, AMF, RW",25,0,,8,370,2,0.54,0,0.0,20.19,27.71,Czech Republic,Czech Republic,left,174,67,no,5.59,4.62,52.63,3.41,14.29,0.0,0.0,0.0,3.16,4.19,1.46,1,0.24,0,0.0,2.43,0.49,2,0.49,0.13,0,0.0,6,1.46,33.33,33.333,0.0,1.7,42.86,0.0,0.0,1.7,42.86,0.0,2.19,33.33,8.51,22.86,1.22,1.22,0.24,13.14,1.22,0.49,20.68,72.94,6.81,53.57,4.86,95.0,2.92,75.0,18.24,78.67,0.73,0.0,18.28,16.22,0.0,0.0,0.0,0.0,0.73,66.67,0.24,2.19,66.67,2.68,27.27,0.49,50.0,0.0,0.73,2.19,44.44,0,,0,,0,0.0,0.0,0.0,,,0.0,,,0.0,0.0,0.0,0.0,0,0.0
R. Berberi,Olympic Charleroi,České Budějovice,"RCMF, LW",22,0,2027-06-30,8,177,1,0.27,0,0.39,13.73,44.44,Luxembourg,"Luxembourg, North Macedonia",right,174,65,no,4.58,4.07,50.0,3.05,33.33,0.0,0.0,0.0,2.54,3.95,0.0,0,0.0,0,0.0,3.56,0.51,1,0.51,0.14,0,0.0,6,3.05,16.67,16.667,0.0,2.03,50.0,1.53,33.33,0.51,100.0,0.51,3.05,66.67,6.61,46.15,2.54,1.02,0.0,17.29,1.02,0.51,25.93,70.59,9.15,50.0,5.59,90.91,7.12,85.71,21.86,76.74,2.03,25.0,16.47,18.53,0.2,1.53,0.0,0.51,0.51,0.0,0.0,4.07,50.0,4.07,37.5,0.51,0.0,0.51,1.53,6.1,50.0,0,,0,,0,0.0,0.0,0.0,,,0.51,,,1.53,0.0,0.0,1.02,0,0.0
T. Schanelec,Sparta Praha II,Jablonec,CF,24,0,,8,388,0,1.01,0,0.11,22.5,29.9,Czech Republic,Czech Republic,,184,0,no,3.94,4.18,61.11,5.1,27.27,0.46,0.66,0.0,0.93,1.32,1.62,0,0.0,0,0.0,0.7,0.0,0,0.0,0.24,0,0.0,6,1.39,33.33,0.0,0.0,0.23,0.0,0.0,0.0,0.23,0.0,0.0,0.93,25.0,6.96,23.33,2.32,0.23,0.23,9.05,1.62,1.86,10.9,80.85,2.55,63.64,2.78,100.0,2.09,66.67,9.74,85.71,0.93,50.0,15.95,13.75,0.03,0.93,0.0,0.23,0.0,0.0,0.0,1.62,57.14,0.46,0.0,0.0,0.0,0.46,0.0,0.93,75.0,0,,0,,0,0.0,0.0,0.0,,,0.0,,,0.0,0.0,0.0,0.0,0,0.0
A. Labík,Slavia Praha II,Teplice,"LB, LWB",22,0,,27,1421,1,1.28,3,1.28,17.54,50.9,Czech Republic,Czech Republic,left,178,67,no,8.3,6.52,66.99,3.1,46.94,0.13,0.17,0.06,3.8,5.16,0.76,2,0.13,0,0.0,2.22,0.06,1,0.06,0.08,0,0.0,10,0.63,30.0,10.0,0.19,2.72,30.23,2.47,30.77,0.25,25.0,0.19,1.9,63.33,5.7,40.0,1.14,0.89,0.06,18.87,1.33,1.27,30.15,67.23,12.6,53.77,6.14,96.91,6.59,66.35,21.85,80.58,5.7,33.33,20.28,31.65,0.08,0.95,0.06,0.0,0.0,0.0,0.25,5.38,52.94,2.72,34.88,0.32,0.0,0.19,0.95,8.11,61.72,0,,0,,0,0.0,0.0,0.0,,,1.01,,,0.19,0.0,0.0,0.95,0,0.0
P. Hodouš,Slovan Liberec,České Budějovice,"LB, RB",22,0,2029-06-30,15,1448,0,0.13,1,2.08,19.14,57.47,Czech Republic,Czech Republic,right,0,0,no,10.38,7.96,70.31,1.99,43.75,0.06,0.08,0.19,4.72,5.85,0.99,1,0.06,0,0.0,2.61,0.0,0,0.0,0.01,0,0.0,10,0.62,20.0,0.0,0.06,2.42,33.33,0.93,46.67,1.43,21.74,0.5,2.86,56.52,6.34,53.92,0.37,1.43,0.5,16.53,0.75,2.24,28.59,71.74,13.11,62.56,2.98,93.75,8.02,75.97,22.62,79.12,3.6,50.0,19.53,37.33,0.13,1.12,0.06,0.0,0.12,50.0,0.19,4.85,58.97,3.23,38.46,0.68,27.27,0.75,0.93,7.15,65.22,0,,0,,0,0.0,0.0,0.0,,,0.44,,,0.62,0.0,0.0,0.37,0,0.0
P. Svatek,Teplice,Teplice,"CF, RWF",22,0,,6,302,0,0.95,0,0.0,27.72,21.51,Czech Republic,Czech Republic,,190,0,no,2.09,2.38,37.5,8.05,14.81,0.0,0.0,0.3,1.19,1.58,2.68,3,0.89,0,0.0,2.38,0.0,0,0.0,0.28,0,0.0,9,2.68,33.33,0.0,0.0,0.6,0.0,0.0,0.0,0.6,0.0,0.0,1.49,100.0,9.83,21.21,1.79,0.89,0.3,5.07,1.19,0.3,10.43,62.86,2.68,22.22,2.68,88.89,2.38,62.5,7.75,76.92,2.38,25.0,20.48,25.14,0.0,0.0,0.0,0.0,0.0,0.0,0.0,0.89,0.0,0.3,100.0,0.0,0.0,0.3,0.0,1.19,25.0,0,,0,,0,0.0,0.0,0.0,,,0.0,,,0.0,0.0,0.0,0.0,0,0.0
O. Novák,České Budějovice II,České Budějovice,"RB, LCB",21,0,2027-06-30,9,485,1,0.48,0,0.02,14.66,58.23,Czech Republic,Czech Republic,right,0,0,no,10.21,6.87,62.16,4.45,62.5,0.93,1.13,0.0,5.01,6.09,0.56,0,0.0,0,0.0,0.37,0.19,1,0.19,0.09,0,0.0,2,0.37,50.0,50.0,0.0,1.67,11.11,0.0,0.0,1.67,11.11,0.37,0.37,0.0,1.67,44.44,1.11,0.19,0.0,18.37,1.11,0.37,27.65,70.47,12.25,60.61,3.53,89.47,9.09,81.63,21.9,79.66,4.08,45.45,16.81,20.21,0.0,0.37,0.0,0.0,0.0,0.0,0.0,4.45,58.33,1.3,42.86,0.56,0.0,0.56,0.19,7.61,58.54,0,,0,,0,0.0,0.0,0.0,,,0.74,,,0.0,0.0,0.0,0.0,0,0.0
V. Hora,Mladá Boleslav,Mladá Boleslav,"LCB, LCMF, RCB",22,0,,20,928,0,0.64,0,0.13,18.91,44.62,Czech Republic,Czech Republic,right,0,0,no,9.12,6.89,56.34,4.07,38.1,0.0,0.0,0.48,5.24,7.4,1.45,1,0.1,0,0.0,0.48,0.0,0,0.0,0.06,0,0.0,8,0.78,0.0,0.0,0.0,0.39,50.0,0.1,0.0,0.29,66.67,0.0,0.97,30.0,4.75,46.94,0.78,0.87,0.1,26.96,0.97,1.65,37.92,81.33,14.26,68.71,4.66,93.75,13.29,91.24,34.33,85.03,3.2,45.45,15.15,18.25,0.01,0.19,0.1,0.0,0.1,0.0,0.0,4.27,56.82,1.07,54.55,0.29,0.0,0.48,0.19,6.89,57.75,0,,0,,0,0.0,0.0,0.0,,,0.58,,,0.19,0.0,0.0,0.1,0,0.0
J. Matousek,Arsenal Česká Lípa,České Budějovice,"CF, AMF, LCMF",28,0,,9,308,1,0.53,0,0.0,27.18,43.01,Czech Republic,Czech Republic,,193,0,no,6.14,5.26,61.11,9.35,50.0,0.29,0.38,0.29,2.63,3.46,1.17,1,0.29,0,0.0,2.05,0.29,1,0.29,0.15,1,0.29,5,1.46,60.0,20.0,0.0,1.17,25.0,0.29,0.0,0.88,33.33,0.0,1.75,50.0,9.06,25.81,2.34,0.29,0.0,4.38,1.17,2.34,9.35,75.0,2.05,71.43,2.63,88.89,2.63,55.56,7.6,84.62,0.58,50.0,16.1,5.34,0.0,0.0,0.0,0.0,0.0,0.0,0.0,0.29,100.0,1.17,25.0,0.0,0.0,0.0,0.29,1.17,75.0,0,,0,,0,0.0,0.0,0.0,,,0.0,,,0.0,0.0,0.0,0.0,0,0.0
J. Harustak,Teplice,Teplice,"LB, LWB",24,0,,24,1670,1,1.46,3,3.44,18.05,56.12,Czech Republic,Czech Republic,left,186,0,no,8.41,6.14,71.05,5.12,50.53,0.22,0.29,0.16,3.83,5.13,0.81,3,0.16,0,0.0,2.91,0.05,1,0.05,0.08,0,0.0,13,0.7,46.15,7.692,0.16,3.4,41.27,3.13,39.66,0.22,50.0,0.81,1.67,67.74,4.1,52.63,1.19,1.35,0.38,20.1,1.94,1.35,31.15,69.72,12.93,59.17,5.23,96.91,7.98,70.27,23.28,79.4,4.69,41.38,20.74,34.31,0.19,1.51,0.0,0.0,0.05,100.0,0.54,3.56,51.52,3.66,50.0,0.32,33.33,0.54,1.51,8.41,69.23,0,,0,,0,0.0,0.0,0.0,,,0.65,,,0.81,0.11,50.0,1.46,0,0.0
M. Kone,Vlašim,České Budějovice,"RCB, DMF, CB",28,0,2027-06-30,13,938,0,0.45,1,0.29,16.31,52.94,Mali,Mali,right,190,0,no,10.17,6.62,59.42,5.85,50.82,0.19,0.25,0.77,6.04,7.94,1.15,3,0.29,0,0.0,0.77,0.0,0,0.0,0.04,0,0.0,6,0.58,16.67,0.0,0.1,0.58,66.67,0.19,100.0,0.38,50.0,0.0,0.38,75.0,1.82,31.58,0.77,0.29,0.0,19.96,0.1,0.38,33.58,75.43,17.08,64.61,3.84,100.0,10.36,85.19,23.51,83.67,9.59,56.0,22.54,32.95,0.03,0.29,0.0,0.0,0.0,0.0,0.19,7.87,56.1,0.86,44.44,0.19,0.0,0.1,0.48,9.02,70.21,0,,0,,0,0.0,0.0,0.0,,,1.25,,,0.0,0.0,0.0,0.0,0,0.0
Mohamed Yasser,,Teplice,CF,25,0,,20,1044,5,3.88,0,0.24,32.07,37.9,Egypt,Egypt,right,193,88,no,3.62,2.59,56.67,12.33,41.96,0.0,0.0,0.0,2.16,3.18,1.03,2,0.17,0,0.0,3.28,0.43,5,0.43,0.33,3,0.26,30,2.59,56.67,16.667,0.0,1.03,33.33,0.69,12.5,0.34,75.0,0.0,3.02,45.71,12.24,29.58,3.79,0.78,0.0,9.74,2.41,2.5,14.14,68.29,3.02,62.86,3.36,87.18,3.62,66.67,12.5,71.72,0.78,55.56,18.75,13.16,0.02,0.26,0.0,0.0,0.17,50.0,0.26,1.47,76.47,0.86,80.0,0.17,50.0,0.43,0.34,2.16,56.0,0,,0,,0,0.0,0.0,0.0,,,0.0,,,0.0,0.0,0.0,0.0,0,0.0
K. Zsigmond,,Teplice,"RCMF, DMF",28,0,,2,60,0,0.0,0,0.41,13.5,55.56,Slovakia,Slovakia,,0,0,no,6.0,7.5,60.0,1.5,100.0,0.0,0.0,0.0,1.5,2.73,3.0,1,1.5,0,0.0,1.5,0.0,0,0.0,0.0,0,0.0,0,0.0,0.0,0.0,0.0,1.5,100.0,0.0,0.0,1.5,100.0,0.0,1.5,0.0,1.5,0.0,0.0,0.0,0.0,18.0,1.5,0.0,19.5,69.23,4.5,66.67,3.0,50.0,4.5,100.0,16.5,63.64,1.5,100.0,18.08,23.07,0.62,3.0,0.0,0.0,1.5,0.0,0.0,1.5,100.0,1.5,100.0,1.5,0.0,0.0,1.5,4.5,66.67,0,,0,,0,0.0,0.0,0.0,,,0.0,,,1.5,0.0,0.0,0.0,0,0.0
D. Žák,Komárno,Karviná,"RDMF, RW, LDMF",26,0,,3,117,0,0.0,0,0.0,16.92,36.36,Czech Republic,Czech Republic,right,183,77,no,7.69,6.92,44.44,3.85,40.0,0.77,1.58,0.77,3.85,7.89,3.08,3,2.31,0,0.0,0.77,0.0,0,0.0,0.0,0,0.0,0,0.0,0.0,0.0,0.0,0.77,0.0,0.0,0.0,0.77,0.0,0.0,1.54,50.0,3.08,25.0,1.54,0.0,0.0,17.69,0.77,0.77,27.69,86.11,9.23,83.33,5.38,100.0,12.31,87.5,23.08,93.33,3.85,60.0,19.56,16.02,0.0,0.0,0.0,0.0,0.0,0.0,0.0,5.38,100.0,0.0,0.0,0.77,100.0,0.0,0.0,5.38,71.43,0,,0,,0,0.0,0.0,0.0,,,0.77,,,0.0,0.0,0.0,0.0,0,0.0
M. Doda,,Dukla Praha,"RB, RW",25,0,,13,478,1,0.54,2,0.35,21.28,49.56,Albania,Albania,right,180,78,no,9.6,7.91,57.14,3.39,33.33,0.0,0.0,0.0,5.08,7.17,0.75,0,0.0,0,0.0,2.26,0.19,1,0.19,0.1,1,0.19,4,0.75,25.0,25.0,0.38,1.88,30.0,0.0,0.0,1.88,30.0,0.0,2.45,61.54,8.47,51.11,1.51,0.19,0.19,15.63,1.51,1.88,26.55,73.05,10.17,62.96,5.08,92.59,6.03,78.13,21.09,83.93,3.58,31.58,15.15,17.56,0.07,0.75,0.0,0.0,0.0,0.0,0.56,1.88,80.0,0.94,40.0,0.0,0.0,0.38,0.75,6.4,55.88,0,,0,,0,0.0,0.0,0.0,,,1.51,,,0.0,0.0,0.0,0.0,0,0.0
T. Liška,Bohemians 1905,Bohemians 1905,CF,21,0,,1,9,0,0.0,0,0.0,,,Czech Republic,Czech Republic,,0,0,no,,,,,,,0.0,,,0.0,,0,,0,,,,0,,,0,,0,,,0.0,,,,,,,,,,,,,,,,,,,,,,,,,,,,,,,10.93,0.0,,,,,,,,,,,,,,,,,,0,,0,,0,0.0,0.0,,,,,,,,,,,0,0.0
Š. Černý,Bohemians 1905,Bohemians 1905,"AMF, LCMF",19,0,2027-12-31,5,213,0,0.06,0,0.1,21.55,41.18,Czech Republic,Czech Republic,,0,0,no,5.92,4.23,50.0,5.49,38.46,1.27,2.37,0.0,2.54,4.74,1.69,1,0.42,0,0.0,0.85,0.0,0,0.0,0.03,0,0.0,2,0.85,0.0,0.0,0.0,1.69,0.0,0.85,0.0,0.85,0.0,0.85,2.11,40.0,8.87,38.1,2.54,0.85,0.42,20.7,0.85,1.69,36.34,70.93,13.94,63.64,6.34,80.0,10.99,69.23,31.69,78.67,2.96,28.57,13.08,16.07,0.04,0.85,0.0,0.0,0.42,0.0,0.42,5.92,71.43,5.07,33.33,0.85,0.0,2.11,0.42,7.18,64.71,0,,0,,0,0.0,0.0,0.0,,,0.0,,,0.0,0.0,0.0,0.0,0,0.0
P. Kareem,Bohemians 1905,Bohemians 1905,"RB, RWB",22,0,2029-06-30,6,189,0,0.0,0,0.0,20.48,46.51,Nigeria,Nigeria,unknown,0,0,no,10.48,8.57,66.67,3.33,85.71,0.0,0.0,0.48,4.76,6.98,1.43,0,0.0,0,0.0,0.48,0.0,0,0.0,0.0,0,0.0,0,0.0,0.0,0.0,0.0,3.81,12.5,0.0,0.0,3.81,12.5,0.95,2.38,0.0,7.62,12.5,0.48,0.95,0.0,15.71,2.38,0.48,25.71,61.11,12.38,57.69,5.24,100.0,6.19,46.15,17.62,75.68,4.76,50.0,21.48,19.73,0.0,0.0,0.0,0.0,0.0,0.0,0.0,3.33,42.86,3.33,28.57,0.0,0.0,0.95,0.48,7.14,66.67,0,,0,,0,0.0,0.0,0.0,,,0.48,,,0.0,0.0,0.0,0.0,0,0.0
E. Ayaosi,Slavia Praha,Karviná,"RAMF, CF, LAMF",21,0,2030-06-30,18,633,0,2.34,1,0.59,24.74,45.98,Nigeria,Nigeria,unknown,0,0,no,8.25,5.97,71.43,4.69,42.42,0.0,0.0,0.43,3.98,6.67,1.14,0,0.0,0,0.0,3.13,0.0,0,0.0,0.33,0,0.0,12,1.71,41.67,0.0,0.14,1.56,18.18,0.43,0.0,1.14,25.0,0.28,4.83,44.12,10.09,32.39,3.41,1.85,0.71,14.36,1.14,0.85,23.32,74.39,6.4,64.44,5.4,89.47,5.97,71.43,20.9,80.27,1.0,42.86,15.05,15.01,0.08,1.0,0.0,0.0,0.0,0.0,0.28,2.99,57.14,2.13,46.67,0.14,0.0,1.14,0.14,3.13,54.55,0,,0,,0,0.0,0.0,0.0,,,0.14,,,0.0,0.0,0.0,0.0,0,0.0
C. Bacinsky,Dukla Praha,Dukla Praha,"LCMF, RCMF",21,0,2028-06-30,13,763,0,0.18,0,0.03,12.5,42.45,Slovakia,Slovakia,unknown,0,0,no,5.66,4.84,58.54,1.65,35.71,0.12,0.15,0.35,2.71,3.54,0.47,0,0.0,0,0.0,0.35,0.0,0,0.0,0.02,0,0.0,8,0.94,12.5,0.0,0.0,0.35,0.0,0.12,0.0,0.24,0.0,0.0,0.47,25.0,4.01,29.41,0.12,0.47,0.0,18.4,0.24,0.71,26.89,81.14,7.79,65.15,5.31,93.33,10.38,90.91,25.36,84.65,1.18,30.0,15.56,12.8,0.0,0.12,0.0,0.0,0.12,100.0,0.12,3.77,59.38,0.59,20.0,0.24,50.0,0.24,0.0,2.71,47.83,0,,0,,0,0.0,0.0,0.0,,,0.94,,,0.24,0.0,0.0,0.12,0,0.0
A. Traoré,Karviná,Karviná,"RCB, RB",21,0,,4,334,0,0.0,0,0.0,16.44,62.3,Côte d'Ivoire,Côte d'Ivoire,right,0,0,no,8.89,7.28,70.37,3.5,46.15,0.54,0.86,0.0,3.23,5.14,1.35,0,0.0,0,0.0,0.81,0.0,0,0.0,0.0,0,0.0,0,0.0,0.0,0.0,0.0,0.54,0.0,0.0,0.0,0.54,0.0,0.27,1.89,42.86,3.77,42.86,0.0,1.08,0.27,30.72,1.35,1.08,39.61,87.07,15.36,75.44,5.12,100.0,15.09,94.64,35.57,90.91,3.5,61.54,19.5,38.09,0.0,0.0,0.0,0.27,0.0,0.0,0.0,4.58,35.29,0.27,0.0,0.27,0.0,0.0,0.0,6.2,78.26,0,,0,,0,0.0,0.0,0.0,,,2.16,,,0.0,0.0,0.0,0.0,0,0.0
K. Spáčil,Viktoria Plzeň,Hradec Králové,LCB,23,0,2028-06-30,31,2987,3,1.12,2,2.17,18.08,54.0,Czech Republic,Czech Republic,left,0,0,no,10.09,7.71,67.58,3.01,46.0,0.09,0.11,0.51,4.79,6.09,1.02,5,0.15,0,0.0,1.27,0.09,3,0.09,0.03,1,0.03,26,0.78,19.23,11.538,0.06,0.75,28.0,0.72,29.17,0.03,0.0,0.18,1.69,53.57,5.12,42.35,0.78,1.72,0.3,25.28,0.36,0.54,40.98,81.18,20.13,73.2,3.53,93.16,11.06,89.1,34.98,87.17,5.27,48.57,19.1,33.98,0.07,0.51,0.0,0.03,0.12,0.0,0.09,7.05,67.52,1.63,44.44,0.33,9.09,0.54,0.21,9.22,69.61,0,,0,,0,0.0,0.0,0.0,,,1.42,,,0.03,0.0,0.0,0.0,0,0.0
L. Ezeh,Zbrojovka Brno,Karviná,"CF, LWF",22,0,,12,663,0,0.96,0,0.23,27.83,31.71,Nigeria,Nigeria,right,187,80,no,3.26,2.17,50.0,11.27,36.14,0.0,0.0,0.0,2.17,3.36,2.58,2,0.27,0,0.0,1.22,0.0,0,0.0,0.13,0,0.0,10,1.36,40.0,0.0,0.0,0.54,0.0,0.14,0.0,0.41,0.0,0.0,1.63,41.67,9.5,22.86,3.53,0.81,0.14,7.33,1.76,1.22,12.9,72.63,2.31,52.94,3.94,89.66,2.58,68.42,12.35,75.82,0.0,0.0,13.73,0.0,0.03,0.95,0.0,0.0,0.0,0.0,0.27,1.09,50.0,0.81,16.67,0.0,0.0,0.68,0.0,1.09,50.0,0,,0,,0,0.0,0.0,0.0,,,0.0,,,0.0,0.0,0.0,0.0,0,0.0
M. Zedníček,Start Brno,Karviná,LB,25,0,,1,17,0,0.0,0,0.0,,,Czech Republic,Czech Republic,right,182,75,no,,,,,,,30.0,,,30.0,,1,,0,,,,0,,,0,,0,,,0.0,,,,,,,,,,,,,,,,,,,,,,,,,,,,,,,23.33,36.11,,,,,,,,,,,,,,,,,,0,,0,,0,0.0,0.0,,,,,,,,,,,0,0.0
D. Ludvicek,Hradec Králové,Dukla Praha,"LB, RB",24,0,,28,2387,1,1.22,1,1.69,13.57,49.44,Czech Republic,Czech Republic,unknown,0,0,no,7.35,5.47,68.28,2.34,35.48,0.15,0.19,0.11,3.47,4.28,0.53,4,0.15,0,0.0,1.43,0.04,1,0.04,0.05,0,0.0,9,0.34,33.33,11.111,0.04,1.62,37.21,1.32,34.29,0.3,50.0,0.3,1.55,43.9,4.07,37.04,0.34,1.32,0.45,18.21,0.72,0.6,27.67,73.16,13.35,62.71,4.26,97.35,5.77,77.78,21.0,80.61,5.05,53.73,19.16,29.82,0.06,0.45,0.0,0.04,0.04,100.0,0.19,4.94,63.36,1.92,37.25,0.3,25.0,0.26,0.68,7.54,68.0,0,,0,,0,0.0,0.0,0.0,,,0.72,,,0.0,0.0,0.0,0.0,0,0.0
S. Camara,Slavia Praha,Karviná,"LCB, RCB, CB",23,0,,12,1138,0,0.07,0,0.0,24.6,63.34,France,"France, Guinea",right,193,81,no,14.71,11.15,74.47,7.04,56.18,0.4,0.6,0.4,6.01,9.05,1.27,2,0.16,1,0.08,0.47,0.0,0,0.0,0.01,0,0.0,3,0.24,0.0,0.0,0.0,0.16,0.0,0.08,0.0,0.08,0.0,0.0,0.71,66.67,3.24,53.66,0.63,0.63,0.0,28.08,0.24,0.71,46.42,86.88,14.79,68.98,3.72,97.87,23.33,96.27,43.18,89.93,3.08,48.72,20.95,35.58,0.0,0.0,0.0,0.0,0.0,0.0,0.0,4.27,62.96,0.63,25.0,0.24,33.33,0.16,0.0,6.09,48.05,0,,0,,0,0.0,0.0,0.0,,,2.06,,,0.0,0.0,0.0,0.0,0,0.0
F. Špatenka,Slovan Liberec,Dukla Praha,"CF, LW, RW",22,0,2029-06-30,26,1228,1,0.98,2,1.58,27.12,44.32,Czech Republic,Czech Republic,right,0,0,no,6.52,6.16,64.29,3.59,36.73,0.0,0.0,0.15,2.57,3.41,1.17,1,0.07,0,0.0,3.81,0.07,1,0.07,0.07,0,0.0,9,0.66,44.44,11.111,0.15,2.57,31.43,0.88,50.0,1.61,18.18,0.51,4.47,60.66,13.05,37.64,2.79,1.47,0.07,9.75,1.91,1.17,17.81,64.61,4.32,50.85,3.22,79.55,5.13,64.29,14.58,70.85,0.66,55.56,13.09,7.58,0.12,0.95,0.0,0.15,0.0,0.0,0.44,0.95,61.54,2.93,45.0,0.0,0.0,1.17,0.95,3.0,56.1,0,,0,,0,0.0,0.0,0.0,,,0.15,,,0.0,0.0,0.0,0.0,0,0.0
D. Hais,Prostějov,Hradec Králové,CF,23,0,2028-06-30,3,80,0,0.0,0,0.0,38.25,26.47,Czech Republic,Czech Republic,right,192,80,no,1.13,2.25,0.0,14.63,38.46,0.0,0.0,0.0,1.13,1.3,1.13,1,1.13,0,0.0,0.0,0.0,0,0.0,0.0,0,0.0,0,0.0,0.0,0.0,0.0,0.0,0.0,0.0,0.0,0.0,0.0,0.0,1.13,0.0,9.0,12.5,0.0,0.0,0.0,10.13,5.63,1.13,16.88,66.67,0.0,0.0,7.87,71.43,4.5,50.0,16.88,66.67,0.0,0.0,7.23,0.0,0.0,0.0,0.0,0.0,0.0,0.0,0.0,1.13,100.0,0.0,0.0,0.0,0.0,0.0,0.0,1.13,100.0,0,,0,,0,0.0,0.0,0.0,,,0.0,,,0.0,0.0,0.0,0.0,0,0.0
E. Singhateh,Sparta Praha,Karviná,"LAMF, RWB, RAMF",22,0,2030-06-30,23,957,2,2.44,0,1.05,25.49,38.75,Gambia,Gambia,right,183,75,no,5.17,4.42,53.19,1.97,52.38,0.47,0.78,0.0,2.35,3.89,0.94,1,0.09,1,0.09,4.61,0.19,2,0.19,0.23,0,0.0,22,2.07,40.91,9.091,0.0,1.79,21.05,0.94,20.0,0.85,22.22,0.28,7.15,46.05,15.99,33.53,2.63,3.67,0.47,14.95,2.07,1.5,23.61,78.09,5.92,69.84,6.68,94.37,7.15,69.74,20.97,84.3,1.03,45.45,14.44,10.08,0.1,0.85,0.19,0.0,0.09,100.0,0.38,1.79,73.68,1.69,33.33,0.19,50.0,0.85,0.28,3.29,71.43,0,,0,,0,0.0,0.0,0.0,,,0.28,,,0.0,0.0,0.0,0.0,0,0.0
M. Svoboda,Žilina,Dukla Praha,LCB,21,0,2028-06-30,2,146,0,0.0,0,0.0,12.33,45.0,Slovakia,Slovakia,right,188,78,no,11.1,7.4,41.67,3.08,40.0,0.62,0.73,0.62,7.4,8.78,1.23,0,0.0,0,0.0,0.0,0.0,0,0.0,0.0,0,0.0,0,0.0,0.0,0.0,0.0,0.0,0.0,0.0,0.0,0.0,0.0,0.0,0.0,0.0,0.0,0.0,0.0,0.62,0.0,34.52,1.23,0.0,55.48,84.44,26.51,74.42,3.7,100.0,23.42,92.11,43.77,95.77,11.71,42.11,22.6,38.58,0.0,0.0,0.0,0.0,0.0,0.0,0.0,8.63,57.14,1.85,33.33,2.47,50.0,0.62,0.0,9.25,66.67,0,,0,,0,0.0,0.0,0.0,,,2.47,,,0.0,0.0,0.0,0.0,0,0.0
D. Planka,Baník Ostrava,Karviná,"LDMF, RDMF, RCMF",20,0,,29,2381,2,1.86,2,3.21,11.57,45.42,Czech Republic,Czech Republic,right,173,62,no,4.31,3.89,58.25,1.25,39.39,0.26,0.4,0.11,1.78,2.69,0.53,3,0.11,0,0.0,1.47,0.08,2,0.08,0.07,0,0.0,19,0.72,36.84,10.526,0.08,0.98,34.62,0.72,31.58,0.26,42.86,0.15,1.66,50.0,4.35,40.0,0.98,1.29,0.26,22.76,0.38,0.68,31.22,88.14,7.56,76.5,6.39,98.22,12.36,91.13,28.61,92.21,1.66,50.0,17.21,24.84,0.12,1.29,0.04,0.04,0.11,33.33,0.3,2.99,72.15,1.59,61.9,0.19,40.0,0.68,0.38,3.02,70.0,0,,0,,0,0.0,0.0,0.0,,,0.83,,,0.91,0.0,0.0,1.93,0,0.0
N. Okeke,Jablonec,Bohemians 1905,"LDMF, LCMF, RDMF",24,0,,11,754,2,0.9,0,0.14,19.22,45.34,Nigeria,Nigeria,right,184,0,no,10.86,8.83,52.7,3.1,46.15,0.84,1.19,0.24,5.37,7.67,2.63,3,0.36,0,0.0,0.72,0.24,2,0.24,0.11,1,0.12,12,1.43,33.33,16.667,0.0,0.6,40.0,0.12,100.0,0.48,25.0,0.12,0.24,0.0,4.18,31.43,0.95,0.6,0.12,14.2,0.12,0.84,31.99,79.48,11.82,65.66,6.68,89.29,9.91,89.16,29.24,82.86,2.15,44.44,17.12,26.14,0.02,0.24,0.0,0.0,0.12,0.0,0.0,3.94,66.67,1.79,53.33,0.48,0.0,0.6,0.36,6.09,58.82,0,,0,,0,0.0,0.0,0.0,,,1.55,,,0.0,0.0,0.0,0.0,0,0.0
K. Milla,Jablonec,Dukla Praha,CF,22,0,2028-06-30,11,857,2,3.37,0,0.81,30.14,30.31,Cameroon,Cameroon,,0,0,yes,2.52,2.31,40.91,10.29,36.73,0.11,0.13,0.21,1.47,1.78,2.31,3,0.32,0,0.0,1.79,0.21,2,0.21,0.35,0,0.0,24,2.52,25.0,8.333,0.0,0.32,0.0,0.21,0.0,0.11,0.0,0.0,1.58,73.33,12.5,24.37,4.41,1.05,0.11,11.97,3.68,1.26,17.85,72.35,3.26,45.16,4.31,85.37,5.46,76.92,17.43,74.1,0.21,0.0,14.27,8.63,0.09,1.05,0.0,0.0,0.21,0.0,0.74,1.16,36.36,1.26,41.67,0.21,0.0,0.84,0.0,1.16,36.36,0,,0,,0,0.0,0.0,0.0,,,0.0,,,0.0,0.0,0.0,0.11,0,0.0
J. Hodek,Hradec Králové,Dukla Praha,CF,24,0,,7,137,0,0.0,0,0.0,29.56,42.22,Czech Republic,Czech Republic,,189,0,no,7.23,7.88,75.0,9.2,14.29,0.0,0.0,0.66,1.31,2.31,0.66,0,0.0,0,0.0,0.0,0.0,0,0.0,0.0,0,0.0,0,0.0,0.0,0.0,0.0,0.0,0.0,0.0,0.0,0.0,0.0,0.0,0.0,0.0,5.91,22.22,0.0,0.0,0.0,3.94,1.31,2.63,7.88,41.67,3.28,60.0,1.31,50.0,1.97,0.0,7.23,45.45,0.66,0.0,12.27,6.24,0.0,0.0,0.0,0.0,0.0,0.0,0.0,3.28,60.0,1.31,0.0,0.0,0.0,0.0,0.0,1.97,66.67,0,,0,,0,0.0,0.0,0.0,,,0.0,,,0.0,0.0,0.0,0.0,0,0.0
D. Jurčenko,Kladno,Hradec Králové,CF,22,0,,2,44,0,0.21,0,0.26,,,Czech Republic,Czech Republic,right,181,76,no,,,,,,,0.0,,,7.5,,0,,0,,,,0,,,0,,1,,,0.0,,,,,,,,,,,,,,,,,,,,,,,,,,,,,,,25.84,13.99,,,,,,,,,,,,,,,,,,0,,0,,0,0.0,0.0,,,,,,,,,,,0,0.0
D. Kastanek,Sparta Praha II,Hradec Králové,"LB, RCMF",23,0,,2,23,0,0.0,0,0.0,,,Czech Republic,Czech Republic,,195,0,no,,,,,,,0.0,,,0.0,,0,,0,,,,0,,,0,,0,,,0.0,,,,,,,,,,,,,,,,,,,,,,,,,,,,,,,9.69,5.71,,,,,,,,,,,,,,,,,,0,,0,,0,0.0,0.0,,,,,,,,,,,0,0.0
D. Samek,Artis Brno,Hradec Králové,"RCMF, LCMF",22,0,2028-06-30,21,968,0,0.29,0,0.76,13.76,54.73,Czech Republic,Czech Republic,right,184,80,no,8.65,7.07,72.37,0.84,22.22,0.09,0.12,0.46,3.44,4.34,0.84,4,0.37,0,0.0,1.49,0.0,0,0.0,0.03,0,0.0,5,0.46,20.0,0.0,0.0,1.02,36.36,0.19,100.0,0.84,22.22,0.19,1.58,52.94,4.37,40.43,0.74,1.3,0.09,28.08,0.19,0.37,43.51,76.71,17.2,66.49,5.76,93.55,13.2,83.8,35.61,83.03,6.97,50.67,20.9,33.73,0.07,0.74,0.0,0.0,0.28,66.67,0.09,7.62,65.85,3.25,51.43,0.74,37.5,1.3,0.37,10.04,69.44,0,,0,,0,0.0,0.0,0.0,,,0.74,,,0.19,0.0,0.0,0.19,0,0.0
F. Matousek,Mladá Boleslav,Dukla Praha,"RB, RW",25,0,,9,459,0,0.08,0,0.0,18.63,52.63,Czech Republic,Czech Republic,,182,0,no,11.57,8.04,73.17,3.53,38.89,0.2,0.23,0.78,5.49,6.51,0.98,1,0.2,0,0.0,0.78,0.0,0,0.0,0.02,0,0.0,3,0.59,33.33,0.0,0.0,1.18,33.33,0.2,0.0,0.98,40.0,0.39,0.39,50.0,2.94,33.33,0.39,1.37,0.2,15.49,2.16,1.18,27.84,66.9,15.1,54.55,4.51,95.65,5.49,85.71,21.96,75.89,4.71,33.33,19.95,29.47,0.0,0.0,0.0,0.0,0.0,0.0,0.0,5.29,55.56,1.76,44.44,0.39,50.0,0.39,0.39,7.65,56.41,0,,0,,0,0.0,0.0,0.0,,,1.76,,,0.0,0.0,0.0,0.2,0,0.0
A. Ražnatović,Sutjeska,Karviná,"LB, RAMF, LAMF",25,0,2027-06-01,17,833,0,2.37,1,0.87,14.15,49.62,Montenegro,Montenegro,left,186,74,no,6.81,5.29,67.35,1.94,55.56,0.0,0.0,0.32,3.24,5.23,1.08,2,0.22,0,0.0,2.38,0.0,0,0.0,0.26,0,0.0,20,2.16,25.0,0.0,0.11,3.46,34.38,3.24,33.33,0.22,50.0,0.54,2.05,26.32,4.0,32.43,2.81,1.19,0.32,23.12,1.84,0.86,29.93,74.73,11.78,71.56,5.73,90.57,9.18,70.59,22.15,85.85,4.32,50.0,19.98,29.82,0.09,0.54,0.11,0.0,0.11,100.0,0.32,5.08,63.83,3.89,47.22,0.97,55.56,1.08,1.3,7.24,82.09,0,,0,,0,0.0,0.0,0.0,,,0.32,,,0.32,0.0,0.0,0.32,0,0.0
M. Adio Ojora,Karviná,Karviná,CF,21,0,,1,1,0,0.0,0,0.0,,,Nigeria,Nigeria,,0,0,no,,,,,,,0.0,,,0.0,,0,,0,,,,0,,,0,,0,,,0.0,,,,,,,,,,,,,,,,,,,,,,,,,,,,,,,10.01,0.0,,,,,,,,,,,,,,,,,,0,,0,,0,0.0,0.0,,,,,,,,,,,0,0.0
E. Chukwuebuka,Pardubice II,Pardubice,LCB,20,0,,1,97,0,0.0,0,0.0,18.56,55.0,Nigeria,Nigeria,,0,0,no,12.99,7.42,100.0,5.57,16.67,0.0,0.0,0.0,5.57,6.21,0.93,0,0.0,0,0.0,0.0,0.0,0,0.0,0.0,0,0.0,0,0.0,0.0,0.0,0.0,0.0,0.0,0.0,0.0,0.0,0.0,0.0,0.0,0.0,0.0,0.0,0.0,0.0,0.0,16.7,0.0,0.0,26.91,68.97,9.28,40.0,3.71,100.0,11.13,91.67,20.41,81.82,6.49,28.57,21.45,35.96,0.0,0.0,0.0,0.0,0.0,0.0,0.0,1.86,50.0,0.0,0.0,0.0,0.0,0.0,0.0,5.57,33.33,0,,0,,0,0.0,0.0,0.0,,,3.71,,,0.0,0.0,0.0,0.0,0,0.0
E. Rama,Arka Gdynia II,Pardubice,CF,21,0,,1,14,0,0.0,0,0.0,,,Albania,"Albania, Kosovo",,190,0,no,,,,,,,0.0,,,0.0,,0,,0,,,,0,,,0,,0,,,0.0,,,,,,,,,,,,,,,,,,,,,,,,,,,,,,,6.35,0.0,,,,,,,,,,,,,,,,,,0,,0,,0,0.0,0.0,,,,,,,,,,,0,0.0
L. Novotny,Slovácko II,Slovácko,"AMF, RDMF, CB",20,0,,5,71,0,0.32,0,0.0,38.03,46.67,Czech Republic,Czech Republic,unknown,0,0,no,11.41,10.14,62.5,16.48,61.54,1.27,2.0,0.0,3.8,6.0,2.54,1,1.27,0,0.0,0.0,0.0,0,0.0,0.4,0,0.0,2,2.54,0.0,0.0,0.0,1.27,0.0,0.0,0.0,1.27,0.0,0.0,0.0,0.0,6.34,0.0,2.54,0.0,0.0,15.21,1.27,0.0,20.28,75.0,5.07,75.0,1.27,100.0,10.14,62.5,15.21,75.0,3.8,100.0,10.0,16.91,0.0,0.0,0.0,0.0,0.0,0.0,0.0,3.8,66.67,1.27,0.0,0.0,0.0,0.0,0.0,2.54,100.0,0,,0,,0,0.0,0.0,0.0,,,0.0,,,0.0,0.0,0.0,0.0,0,0.0
F. Šancl,Baník Ostrava,Pardubice,"AMF, LCMF, RCMF",21,0,2029-06-30,12,587,1,1.37,0,0.6,18.4,40.0,Czech Republic,Czech Republic,,176,0,no,5.21,5.37,48.57,2.15,14.29,0.15,0.23,0.15,2.45,3.64,1.23,0,0.0,0,0.0,2.45,0.15,1,0.15,0.21,0,0.0,10,1.53,50.0,10.0,0.0,1.23,12.5,0.31,50.0,0.92,0.0,0.15,2.3,66.67,7.67,44.0,2.61,2.76,0.61,21.47,1.07,0.46,32.04,76.56,9.66,63.49,7.51,91.84,10.89,77.46,28.67,81.28,2.15,50.0,17.22,22.21,0.09,0.46,0.0,0.0,0.15,0.0,0.46,5.06,63.64,2.3,26.67,0.31,0.0,0.92,0.15,3.68,62.5,0,,0,,0,0.0,0.0,0.0,,,0.61,,,0.15,0.0,0.0,0.77,0,0.0
J. Hamza,Pardubice,Slovácko,"LCB, LDMF",21,0,2030-06-30,7,276,0,0.21,0,0.27,15.98,57.14,Czech Republic,Czech Republic,unknown,0,0,no,11.41,7.5,60.87,4.24,69.23,0.33,0.43,0.98,6.52,8.7,0.65,0,0.0,0,0.0,2.61,0.0,0,0.0,0.07,0,0.0,3,0.98,33.33,0.0,0.0,2.61,75.0,2.61,75.0,0.0,0.0,0.33,0.33,100.0,1.63,20.0,0.65,1.63,0.0,22.17,0.33,0.0,33.26,80.39,14.02,67.44,3.26,70.0,14.02,95.35,23.8,89.04,7.5,56.52,17.6,27.53,0.09,1.3,0.0,0.0,0.0,0.0,0.0,6.2,68.42,2.93,66.67,0.33,0.0,0.0,2.28,9.46,68.97,0,,0,,0,0.0,0.0,0.0,,,0.65,,,0.0,0.0,0.0,0.0,0,0.0
F. Brdicka,Pardubice II,Pardubice,"LW, RAMF, CF",21,0,,5,208,0,0.0,0,0.06,22.07,31.37,Czech Republic,Czech Republic,unknown,0,0,no,5.19,6.49,46.67,1.3,33.33,0.87,1.09,0.0,1.3,1.64,3.46,1,0.43,0,0.0,1.3,0.0,0,0.0,0.0,0,0.0,0,0.0,0.0,0.0,0.0,0.43,0.0,0.43,0.0,0.0,0.0,0.0,2.16,60.0,10.38,29.17,0.43,0.87,0.87,8.65,0.43,2.16,10.82,68.0,3.03,57.14,3.89,88.89,2.16,60.0,9.52,72.73,0.87,50.0,13.9,9.68,0.03,0.43,0.0,0.0,0.0,0.0,0.0,0.0,0.0,0.87,50.0,0.0,0.0,0.87,0.0,1.3,33.33,0,,0,,0,0.0,0.0,0.0,,,0.0,,,0.0,0.0,0.0,0.0,0,0.0
V. Jindra,Vlašim,Pardubice,"LCB, RB",20,0,,15,997,0,0.08,0,0.09,10.38,54.78,Czech Republic,Czech Republic,unknown,0,0,no,7.67,4.24,57.45,2.89,56.25,0.36,0.49,0.36,4.87,6.61,0.27,1,0.09,0,0.0,0.9,0.0,0,0.0,0.01,0,0.0,2,0.18,50.0,0.0,0.0,0.99,54.55,0.27,33.33,0.72,62.5,0.27,0.36,75.0,1.72,47.37,0.0,0.63,0.0,21.39,0.63,0.27,32.77,80.17,15.62,68.79,2.62,93.1,12.82,90.85,26.54,87.07,5.24,50.0,22.18,28.1,0.01,0.18,0.0,0.0,0.0,0.0,0.0,3.88,58.14,1.17,46.15,0.36,50.0,0.0,0.72,8.85,60.2,0,,0,,0,0.0,0.0,0.0,,,1.72,,,0.0,0.0,0.0,0.0,0,0.0
T. Polyák,Táborsko,Pardubice,"LDMF, LCB, RDMF",25,0,,11,791,0,0.22,0,0.01,12.17,48.6,Czech Republic,Czech Republic,right,184,74,no,7.85,4.89,65.12,2.73,41.67,0.0,0.0,0.57,4.66,5.62,1.02,3,0.34,0,0.0,0.11,0.0,0,0.0,0.03,0,0.0,5,0.57,20.0,0.0,0.0,0.0,0.0,0.0,0.0,0.0,0.0,0.0,0.23,0.0,1.82,50.0,0.23,0.46,0.0,11.95,0.23,0.91,25.71,71.68,11.72,55.34,3.41,93.33,8.19,84.72,20.48,78.89,5.23,43.48,20.5,38.1,0.0,0.11,0.0,0.11,0.0,0.0,0.0,4.32,63.16,0.34,33.33,0.23,0.0,0.46,0.0,6.71,54.24,0,,0,,0,0.0,0.0,0.0,,,1.37,,,0.0,0.0,0.0,0.0,0,0.0
D. Simon,Pardubice,Pardubice,"AMF, LDMF, LCMF",25,0,,15,1092,1,2.54,0,0.92,19.37,44.68,France,France,right,179,0,no,5.36,5.03,62.3,1.73,23.81,0.0,0.0,0.08,2.23,3.19,1.48,4,0.33,1,0.08,2.97,0.08,1,0.08,0.21,0,0.0,20,1.65,40.0,5.0,0.0,1.32,43.75,0.49,33.33,0.74,44.44,0.16,2.8,58.82,9.89,37.5,2.06,1.81,0.16,23.82,0.66,1.24,32.55,80.0,10.63,65.12,6.18,93.33,11.87,86.11,28.1,85.34,3.3,47.5,20.11,34.24,0.08,0.58,0.08,0.0,0.25,33.33,0.33,5.19,60.32,1.65,40.0,0.99,33.33,0.66,0.58,4.53,63.64,0,,0,,0,0.0,0.0,0.0,,,0.08,,,0.99,0.16,50.0,0.99,1,0.0
J. Noslin,Pardubice,Pardubice,RCB,26,0,2027-06-30,22,2015,0,0.72,1,0.49,17.24,64.51,Netherlands,"Netherlands, Suriname",right,190,81,no,10.81,6.43,70.83,6.88,66.88,0.31,0.44,0.67,5.94,8.38,0.71,5,0.22,0,0.0,0.49,0.0,0,0.0,0.03,0,0.0,9,0.4,11.11,0.0,0.04,0.36,50.0,0.0,0.0,0.36,50.0,0.0,0.45,60.0,1.65,45.95,0.67,0.4,0.0,33.32,0.22,0.8,49.85,83.51,21.53,72.61,2.59,91.38,22.24,93.17,41.76,90.05,7.77,49.43,22.79,42.61,0.02,0.09,0.0,0.0,0.04,0.0,0.09,7.46,57.49,1.12,40.0,0.63,28.57,0.4,0.18,10.9,66.8,0,,0,,0,0.0,0.0,0.0,,,2.05,,,0.0,0.0,0.0,0.0,0,0.0
Š. Beran,Slovácko,Slovácko,"LAMF, LB",22,0,2028-06-30,8,296,1,0.99,0,0.12,20.68,48.53,Czech Republic,Czech Republic,right,176,70,no,9.12,8.21,55.56,2.13,57.14,0.3,0.45,0.0,4.26,6.36,1.82,2,0.61,0,0.0,2.13,0.3,1,0.3,0.3,0,0.0,3,0.91,33.33,33.333,0.0,1.82,16.67,1.82,16.67,0.0,0.0,0.0,2.13,71.43,6.99,56.52,1.52,0.61,0.0,19.46,1.22,0.91,31.93,60.95,14.59,43.75,4.56,100.0,8.82,75.86,24.32,73.75,5.78,21.05,14.8,21.04,0.03,0.3,0.0,0.0,0.0,0.0,0.0,4.56,33.33,1.52,40.0,0.0,0.0,0.3,0.3,9.43,51.61,0,,0,,0,0.0,0.0,0.0,,,0.3,,,0.0,0.0,0.0,0.0,0,0.0
J. Trédl,Pardubice,Pardubice,"RB, RWB, LB",22,0,,12,1008,0,1.44,0,0.25,12.05,50.37,Czech Republic,Czech Republic,right,177,68,no,6.43,5.8,56.92,1.96,40.91,0.18,0.26,0.18,2.95,4.27,1.07,3,0.27,0,0.0,1.52,0.0,0,0.0,0.13,0,0.0,5,0.45,60.0,0.0,0.0,2.86,25.0,0.45,40.0,2.41,22.22,0.27,0.63,71.43,2.41,44.44,1.43,0.54,0.09,24.29,1.61,0.89,34.29,73.44,13.84,65.16,5.18,93.1,9.91,73.87,26.16,84.98,5.45,40.98,22.32,33.87,0.02,0.36,0.0,0.0,0.09,100.0,0.18,5.18,60.34,2.05,39.13,0.27,33.33,0.27,0.71,8.48,71.58,0,,0,,0,0.0,0.0,0.0,,,0.36,,,0.0,0.0,0.0,0.0,0,0.0
J. Tecl,Pardubice II,Pardubice,DMF,21,0,,1,1,0,0.0,0,0.0,,,Czech Republic,Czech Republic,,0,0,no,,,,,,,0.0,,,0.0,,0,,0,,,,0,,,0,,0,,,0.0,,,,,,,,,,,,,,,,,,,,,,,,,,,,,,,0.0,0.0,,,,,,,,,,,,,,,,,,0,,0,,0,0.0,0.0,,,,,,,,,,,0,0.0
D. Pandula,Pardubice II,Pardubice,"RAMF, RW, LAMF",22,0,,8,240,0,0.21,0,0.0,22.88,36.07,Czech Republic,Czech Republic,,0,0,no,4.5,5.25,50.0,5.63,33.33,0.0,0.0,0.0,1.88,3.13,1.88,3,1.13,1,0.38,2.25,0.0,0,0.0,0.08,0,0.0,4,1.5,25.0,0.0,0.0,1.5,25.0,0.38,100.0,0.75,0.0,0.0,3.0,50.0,8.25,40.91,0.75,1.5,0.0,11.25,0.75,1.88,14.63,64.1,4.13,81.82,2.63,71.43,5.25,57.14,12.75,67.65,0.38,100.0,14.69,5.06,0.0,0.0,0.0,0.0,0.38,0.0,0.38,2.25,83.33,1.88,20.0,0.38,0.0,0.0,0.38,3.38,77.78,0,,0,,0,0.0,0.0,0.0,,,0.0,,,0.0,0.0,0.0,0.0,0,0.0
S. Machu,Pardubice II,Pardubice,CF,22,0,,1,1,0,0.0,0,0.0,,,Czech Republic,Czech Republic,,189,0,no,,,,,,,0.0,,,0.0,,0,,0,,,,0,,,0,,0,,,0.0,,,,,,,,,,,,,,,,,,,,,,,,,,,,,,,0.0,0.0,,,,,,,,,,,,,,,,,,0,,0,,0,0.0,0.0,,,,,,,,,,,0,0.0
S. Míšek,Pardubice,Pardubice,"RDMF, AMF, LCMF",20,0,2028-06-30,33,2353,1,0.43,0,0.89,15.99,43.54,Czech Republic,Czech Republic,right,0,0,no,7.15,5.7,61.74,2.22,18.97,0.34,0.48,0.38,3.29,4.58,0.84,0,0.0,0,0.0,1.45,0.04,1,0.04,0.02,0,0.0,11,0.42,27.27,9.091,0.0,0.57,46.67,0.34,33.33,0.23,66.67,0.04,1.64,62.79,5.47,39.16,0.65,0.8,0.08,19.39,0.19,1.03,30.83,81.39,9.68,66.8,5.74,95.33,10.4,89.34,27.58,85.02,2.75,52.78,17.95,25.85,0.03,0.5,0.04,0.0,0.08,50.0,0.11,4.48,64.96,1.15,56.67,0.34,33.33,0.42,0.19,4.78,63.2,0,,0,,0,0.0,0.0,0.0,,,0.65,,,0.0,0.0,0.0,0.0,0,0.0
P. Juroška,Slovácko,Slovácko,"LW, LAMF",25,0,2027-06-30,20,929,2,2.23,0,0.4,17.34,35.75,Czech Republic,Czech Republic,right,172,56,no,3.88,3.29,61.76,3.39,14.29,0.0,0.0,0.0,1.84,2.42,0.58,0,0.0,0,0.0,2.33,0.19,2,0.19,0.22,0,0.0,21,2.03,28.57,9.524,0.0,1.16,25.0,0.78,12.5,0.29,33.33,0.1,3.39,42.86,8.04,34.94,2.81,1.84,0.58,9.11,1.55,1.07,13.56,65.0,4.75,53.06,3.0,93.55,2.13,45.45,11.63,71.67,0.78,25.0,17.46,11.8,0.04,0.19,0.1,0.1,0.0,0.0,0.1,1.07,36.36,1.16,41.67,0.0,0.0,0.48,0.19,2.23,47.83,0,,0,,0,0.0,0.0,0.0,,,0.1,,,0.0,0.0,0.0,0.0,0,0.0
M. Kadlec,Bohemians 1905,Bohemians 1905,LCB,24,0,2028-12-31,5,347,0,0.48,1,0.15,15.82,68.85,Czech Republic,Czech Republic,,0,0,no,10.63,6.48,68.0,5.19,75.0,0.0,0.0,0.78,6.22,8.09,0.52,0,0.0,0,0.0,1.3,0.0,0,0.0,0.13,0,0.0,4,1.04,0.0,0.0,0.26,1.3,60.0,1.3,60.0,0.0,0.0,0.26,0.78,66.67,2.07,62.5,1.04,0.26,0.0,12.45,0.26,0.26,25.68,69.7,14.27,54.55,1.04,100.0,7.0,92.59,18.67,77.78,5.97,43.48,19.23,31.96,0.04,0.52,0.0,0.0,0.0,0.0,0.26,5.97,43.48,1.56,50.0,0.26,100.0,0.0,1.04,7.26,60.71,0,,0,,0,0.0,0.0,0.0,,,0.0,,,0.0,0.0,0.0,0.0,0,0.0
D. Kaulfus,Chrudim,Mladá Boleslav,"RWF, LCMF, RAMF",22,0,2028-06-30,4,263,1,0.09,0,0.0,14.37,40.48,Czech Republic,Czech Republic,,0,0,no,5.13,5.48,56.25,1.03,0.0,0.0,0.0,0.0,2.05,3.1,1.03,0,0.0,0,0.0,0.68,0.34,1,0.34,0.03,0,0.0,1,0.34,100.0,100.0,0.0,0.34,0.0,0.0,0.0,0.34,0.0,0.0,0.68,50.0,4.45,38.46,2.05,1.71,0.68,11.29,0.68,0.68,18.48,87.04,1.37,75.0,8.21,95.83,3.76,72.73,17.79,90.38,0.34,0.0,16.15,12.22,0.0,0.0,0.0,0.0,0.0,0.0,0.0,0.68,50.0,0.0,0.0,0.0,0.0,0.0,0.0,1.03,33.33,0,,0,,0,0.0,0.0,0.0,,,0.34,,,0.0,0.0,0.0,0.0,0,0.0
T. Král,Slovácko,Mladá Boleslav,RCB,21,0,2027-06-30,28,2357,0,0.73,0,0.14,13.02,55.72,Czech Republic,Czech Republic,right,185,83,yes,7.37,5.35,65.0,4.51,46.61,0.04,0.06,0.73,3.86,5.83,0.53,0,0.0,0,0.0,0.53,0.0,0,0.0,0.03,0,0.0,6,0.23,0.0,0.0,0.0,0.57,40.0,0.0,0.0,0.57,40.0,0.04,0.53,57.14,1.45,47.37,0.53,0.95,0.08,38.38,0.69,0.34,52.27,87.73,22.99,78.07,4.28,93.75,19.82,96.53,44.14,93.94,7.56,55.05,21.62,37.08,0.01,0.08,0.0,0.04,0.0,0.0,0.08,6.19,64.81,1.03,22.22,0.42,27.27,0.19,0.19,10.0,74.81,0,,0,,0,0.0,0.0,0.0,,,2.86,,,0.0,0.0,0.0,0.0,0,0.0
T. Slončík,Hradec Králové,Hradec Králové,"CF, LWF, LW",21,0,2028-06-30,24,1515,4,4.7,0,3.45,23.76,40.0,Czech Republic,Czech Republic,right,175,70,no,6.06,6.06,57.84,2.91,30.61,0.0,0.0,0.24,2.55,3.49,1.43,1,0.06,0,0.0,4.16,0.24,4,0.24,0.28,0,0.0,39,2.32,38.46,10.256,0.0,2.26,23.68,1.54,23.08,0.71,25.0,0.42,5.23,48.86,11.58,36.92,4.28,2.2,0.12,19.43,1.43,0.71,27.09,74.12,5.7,66.67,7.19,89.26,7.84,69.7,23.41,79.95,1.66,50.0,15.64,24.02,0.2,1.54,0.0,0.0,0.36,50.0,0.59,1.72,68.97,2.44,58.54,0.42,42.86,1.37,0.65,3.56,75.0,0,,0,,0,0.0,0.0,0.0,,,0.18,,,0.89,0.24,25.0,1.78,0,0.0
A. Sojka,Viktoria Plzeň,Viktoria Plzeň,"LCMF, RCMF",23,0,2029-06-30,17,467,0,0.47,2,0.92,15.03,44.87,Czech Republic,Czech Republic,left,0,0,no,5.78,4.05,47.62,5.01,50.0,0.19,0.36,0.39,3.66,6.87,0.77,1,0.19,0,0.0,1.54,0.0,0,0.0,0.09,0,0.0,7,1.35,28.57,0.0,0.39,1.73,55.56,1.35,57.14,0.39,50.0,0.19,0.77,25.0,3.85,40.0,1.93,0.58,0.0,23.9,0.58,1.54,35.65,82.16,10.6,61.82,7.52,100.0,12.72,86.36,30.26,85.99,3.66,63.16,17.55,16.43,0.18,0.77,0.0,0.0,0.19,0.0,0.77,3.47,66.67,2.12,54.55,0.58,33.33,0.19,0.96,5.01,76.92,0,,0,,0,0.0,0.0,0.0,,,1.16,,,0.0,0.0,0.0,0.0,0,0.0
J. Panoš,Viktoria Plzeň,Viktoria Plzeň,"LCMF, RCMF",18,0,2029-06-30,15,459,0,0.45,1,0.62,20.39,42.31,Czech Republic,Czech Republic,left,0,0,no,5.49,5.29,48.15,1.18,0.0,0.0,0.0,0.2,2.94,5.7,0.2,0,0.0,0,0.0,5.29,0.0,0,0.0,0.09,0,0.0,6,1.18,0.0,0.0,0.2,1.96,30.0,1.76,33.33,0.2,0.0,0.0,6.67,64.71,12.55,43.75,2.16,0.98,0.59,24.51,0.59,1.37,33.53,78.95,6.47,63.64,8.24,90.48,13.14,77.61,28.43,84.83,3.14,56.25,19.99,24.25,0.12,0.59,0.39,0.2,0.39,100.0,0.59,4.12,61.9,2.75,57.14,0.39,100.0,0.98,0.78,4.12,66.67,0,,0,,0,0.0,0.0,0.0,,,0.98,,,0.2,0.0,0.0,0.78,0,0.0
D. Mareš,Mladá Boleslav,Mladá Boleslav,"RB, RAMF, RWB",23,0,,15,1018,0,0.9,1,0.74,14.15,48.75,Czech Republic,Czech Republic,right,186,73,no,7.07,4.69,69.81,2.3,26.92,0.35,0.52,0.09,3.45,5.09,0.44,1,0.09,0,0.0,2.74,0.0,0,0.0,0.08,0,0.0,13,1.15,23.08,0.0,0.09,2.39,48.15,0.09,100.0,2.3,46.15,0.18,2.56,51.72,4.86,41.82,1.15,2.48,0.62,23.34,1.59,0.88,33.68,78.48,13.7,69.68,6.37,93.06,9.81,86.49,26.88,84.87,4.51,54.9,18.42,25.37,0.07,0.88,0.0,0.0,0.0,0.0,0.44,5.83,74.24,2.56,62.07,0.18,0.0,0.8,1.15,9.9,71.43,0,,0,,0,0.0,0.0,0.0,,,1.15,,,0.0,0.0,0.0,0.0,0,0.0
R. Durosinmi,Pisa,Viktoria Plzeň,CF,23,0,2030-06-30,16,803,6,5.07,1,1.4,26.0,36.21,Nigeria,Nigeria,right,192,85,no,4.71,3.36,66.67,8.74,38.46,0.0,0.0,0.22,2.47,3.49,1.46,2,0.22,0,0.0,1.57,0.67,6,0.67,0.57,1,0.11,20,2.24,45.0,30.0,0.11,0.56,20.0,0.34,0.0,0.11,100.0,0.11,1.34,33.33,9.19,28.05,4.93,1.01,0.11,14.68,1.46,1.23,18.27,73.62,4.03,61.11,6.16,78.18,4.15,78.38,17.37,75.48,0.45,75.0,12.27,9.74,0.16,1.79,0.11,0.0,0.0,0.0,0.56,1.12,50.0,1.57,50.0,0.0,0.0,1.79,0.0,1.12,70.0,0,,0,,0,0.0,0.0,0.0,,,0.0,,,0.0,0.0,0.0,0.0,0,0.0
S. Dweh,Viktoria Plzeň,Viktoria Plzeň,"RCB, CB",24,0,2029-06-30,34,3320,5,4.63,0,1.07,18.3,65.04,Liberia,Liberia,right,186,79,no,11.03,7.05,77.69,6.13,65.04,0.3,0.46,0.6,5.26,8.12,1.19,5,0.14,0,0.0,0.84,0.14,5,0.14,0.13,3,0.08,25,0.68,36.0,20.0,0.0,0.68,44.0,0.03,0.0,0.65,45.83,0.11,0.38,71.43,2.11,37.18,1.17,0.35,0.0,30.5,0.62,0.76,46.22,84.22,19.14,72.38,4.99,96.74,18.03,93.53,38.9,91.22,6.67,47.56,21.83,38.12,0.03,0.3,0.0,0.0,0.03,100.0,0.11,5.83,66.05,1.14,30.95,0.33,25.0,0.24,0.3,8.19,68.21,0,,0,,0,0.0,0.0,0.0,,,3.33,,,0.0,0.0,0.0,0.0,0,0.0
J. Paluska,Viktoria Plzeň,Viktoria Plzeň,RCB,21,0,2029-06-30,11,985,0,0.55,0,0.53,15.26,62.28,Czech Republic,Czech Republic,right,0,0,no,9.78,7.95,70.11,3.2,60.0,0.0,0.0,0.37,4.2,5.92,0.64,1,0.09,0,0.0,1.1,0.0,0,0.0,0.05,0,0.0,5,0.46,20.0,0.0,0.0,1.01,63.64,0.0,0.0,1.01,63.64,0.09,0.37,100.0,1.64,50.0,0.55,1.64,0.09,31.07,0.27,0.09,44.68,85.28,20.38,73.99,5.66,93.55,13.89,97.37,38.1,90.89,5.66,51.61,19.15,35.65,0.05,0.27,0.0,0.0,0.0,0.0,0.18,5.66,66.13,1.92,42.86,0.37,0.0,0.46,0.64,8.04,69.32,0,,0,,0,0.0,0.0,0.0,,,3.47,,,0.0,0.0,0.0,0.0,0,0.0
V. Baier,Viktoria Plzeň,Viktoria Plzeň,GK,21,0,2029-06-30,2,144,0,0.0,0,0.0,0.0,0.0,Czech Republic,Czech Republic,left,0,0,no,1.88,0.0,0.0,0.0,0.0,0.0,0.0,0.0,1.88,2.2,0.0,0,0.0,0,0.0,0.0,0.0,0,0.0,0.0,0,0.0,0,0.0,0.0,0.0,0.0,0.0,0.0,0.0,0.0,0.0,0.0,0.0,0.0,0.0,0.0,0.0,0.0,0.0,0.0,16.88,0.0,0.0,23.75,84.21,18.75,80.0,0.0,0.0,5.0,100.0,6.88,100.0,16.88,77.78,41.69,47.99,0.0,0.0,0.0,0.0,0.0,0.0,0.0,2.5,75.0,0.0,0.0,0.0,0.0,0.0,0.0,15.0,87.5,4,2.5,14,8.75,0,71.43,4.65,2.91,0.65,0.406,0.0,0.63,0.0,,,,0.0,0,0.0
L. Fila,Mladá Boleslav,Pardubice,"RAMF, RB",22,0,2027-06-30,3,173,0,0.01,0,0.0,10.92,47.62,Czech Republic,Czech Republic,right,183,0,no,6.76,5.72,36.36,2.6,80.0,0.0,0.0,0.0,4.68,5.87,0.0,0,0.0,0,0.0,0.52,0.0,0,0.0,0.0,0,0.0,1,0.52,0.0,0.0,0.0,0.52,0.0,0.0,0.0,0.52,0.0,0.0,0.0,0.0,2.08,50.0,0.52,1.04,0.0,13.53,1.04,1.04,19.77,68.42,11.45,68.18,2.08,100.0,3.64,57.14,15.09,72.41,4.16,62.5,16.56,20.36,0.0,0.0,0.0,0.0,0.52,100.0,0.0,1.56,33.33,0.52,0.0,0.52,100.0,0.0,0.0,5.2,70.0,0,,0,,0,0.0,0.0,0.0,,,0.52,,,0.0,0.0,0.0,0.0,0,0.0
M. Vojta,Sparta Praha,Mladá Boleslav,CF,22,0,,26,1603,10,7.15,0,0.84,22.46,29.5,Czech Republic,Czech Republic,right,189,74,no,3.37,3.03,53.7,6.4,28.95,0.22,0.34,0.17,1.52,2.28,1.4,4,0.22,0,0.0,2.08,0.56,10,0.56,0.4,3,0.17,34,1.91,61.76,29.412,0.0,0.84,26.67,0.34,16.67,0.51,33.33,0.0,1.24,45.45,7.41,22.73,3.99,0.39,0.06,13.42,2.13,0.9,18.19,78.4,3.14,66.07,5.05,88.89,4.6,75.61,16.73,82.21,0.84,40.0,13.67,16.1,0.05,0.56,0.06,0.0,0.17,66.67,0.28,1.29,69.57,1.01,61.11,0.06,100.0,0.95,0.22,1.18,61.9,0,,0,,0,0.0,0.0,0.0,,,0.0,,,0.0,0.0,0.0,0.0,0,0.0
P. Adu,Viktoria Plzeň,Viktoria Plzeň,"CF, LWF",22,0,2027-06-30,20,1202,5,7.68,1,1.23,29.65,34.09,Ghana,Ghana,right,179,80,no,3.82,3.82,58.82,5.02,20.9,0.15,0.23,0.0,1.42,2.16,1.42,1,0.07,0,0.0,3.97,0.37,5,0.37,0.58,2,0.15,43,3.22,30.23,11.628,0.07,1.65,40.91,0.82,36.36,0.75,40.0,0.37,4.27,54.39,16.1,32.56,5.32,3.07,0.3,14.45,2.47,0.9,20.89,79.57,3.59,75.0,5.84,91.03,5.84,73.08,18.72,84.0,0.6,50.0,14.23,9.87,0.09,0.9,0.0,0.0,0.22,0.0,0.45,1.65,72.73,1.42,78.95,0.22,33.33,0.97,0.6,1.72,91.3,0,,0,,0,0.0,0.0,0.0,,,0.07,,,0.0,0.0,0.0,0.0,0,0.0
J. Buryán,Mladá Boleslav U19,Mladá Boleslav,"RAMF, RW, AMF",20,0,,10,405,2,1.77,0,0.6,25.78,39.66,Czech Republic,Czech Republic,left,175,0,no,5.56,4.67,66.67,4.22,21.05,0.67,1.15,0.0,1.78,3.08,1.33,1,0.22,0,0.0,3.56,0.44,2,0.44,0.39,1,0.22,8,1.78,50.0,25.0,0.0,3.56,31.25,1.33,66.67,2.0,11.11,0.22,5.33,29.17,13.56,37.7,3.33,1.33,0.0,11.78,1.56,2.89,16.44,67.57,3.33,66.67,2.67,83.33,5.78,61.54,11.78,77.36,1.11,80.0,18.5,5.91,0.13,1.11,0.22,0.0,0.0,0.0,0.44,0.67,100.0,2.89,46.15,0.22,100.0,0.44,1.11,3.33,73.33,0,,0,,0,0.0,0.0,0.0,,,0.0,,,0.22,0.0,0.0,0.0,0,0.0
V. Zeman,Bohemians 1905,Bohemians 1905,"CF, LAMF, LWF",25,0,2027-06-30,26,921,6,4.04,0,0.65,21.21,35.48,Czech Republic,Czech Republic,,0,0,no,5.67,5.08,59.62,3.91,22.5,0.29,0.49,0.0,2.35,3.91,1.17,2,0.2,0,0.0,3.52,0.59,6,0.59,0.39,2,0.2,24,2.35,45.83,25.0,0.0,3.22,36.36,1.86,42.11,1.27,30.77,0.2,2.54,50.0,8.31,28.24,4.4,1.47,0.49,15.54,1.56,0.39,22.48,70.43,5.77,64.41,5.08,82.69,6.16,76.19,18.47,76.72,1.07,63.64,15.42,11.58,0.06,0.68,0.0,0.0,0.0,0.0,0.59,2.15,59.09,2.05,61.9,0.1,100.0,0.98,1.17,3.52,75.0,0,,0,,0,0.0,0.0,0.0,,,0.0,,,0.0,0.0,0.0,0.0,0,0.0
A. Memić,Viktoria Plzeň,Viktoria Plzeň,"RWB, LAMF, RAMF",25,0,2029-06-30,34,2884,10,6.9,3,3.62,16.01,49.12,Bosnia and Herzegovina,Bosnia and Herzegovina,right,176,71,no,6.18,4.06,66.15,2.59,44.58,0.09,0.14,0.03,3.4,5.22,0.62,1,0.03,0,0.0,3.81,0.31,10,0.31,0.22,1,0.03,66,2.06,36.36,15.152,0.09,2.59,46.99,0.5,43.75,2.09,47.76,0.34,2.9,59.14,6.8,44.04,2.28,2.31,0.69,17.69,1.4,0.87,27.65,74.49,7.93,59.06,6.71,92.09,8.3,76.69,21.41,82.94,3.84,43.9,19.73,34.44,0.11,0.84,0.06,0.0,0.25,50.0,0.44,3.25,60.58,2.71,59.77,0.66,42.86,0.75,1.12,5.55,74.16,0,,0,,0,0.0,0.0,0.0,,,0.78,,,0.03,0.03,100.0,0.31,0,0.0
M. Zachoval,Mladá Boleslav,Mladá Boleslav,"LB, LWB, LCB",21,0,,5,237,0,0.08,0,0.0,13.29,54.29,Czech Republic,Czech Republic,left,181,68,no,7.22,6.46,52.94,2.66,57.14,0.0,0.0,0.0,3.8,6.25,1.52,2,0.76,0,0.0,2.28,0.0,0,0.0,0.03,0,0.0,3,1.14,33.33,0.0,0.0,1.9,60.0,1.9,60.0,0.0,0.0,0.38,1.14,66.67,3.42,55.56,1.14,3.04,0.0,28.48,2.66,0.76,37.59,78.79,13.29,62.86,5.32,85.71,12.53,90.91,33.42,82.95,2.66,28.57,15.05,25.19,0.0,0.0,0.0,0.0,0.0,0.0,0.0,2.28,33.33,2.28,66.67,0.0,0.0,0.38,1.14,7.59,70.0,0,,0,,0,0.0,0.0,0.0,,,0.38,,,0.0,0.0,0.0,0.0,0,0.0
C. Souaré,Viktoria Plzeň,Viktoria Plzeň,"LWB, LB",23,0,2027-06-30,5,357,0,0.07,1,1.32,12.61,58.0,France,"France, Guinea",left,170,55,no,6.3,4.29,88.24,1.51,50.0,0.25,0.38,0.0,2.27,3.46,0.0,0,0.0,0,0.0,4.79,0.0,0,0.0,0.02,0,0.0,2,0.5,0.0,0.0,0.25,6.55,50.0,5.8,43.48,0.25,100.0,1.01,1.51,100.0,5.8,43.48,2.02,1.26,0.0,26.47,0.25,1.51,39.58,71.34,14.12,64.29,6.3,88.0,9.83,74.36,28.74,78.95,4.54,50.0,20.13,36.02,0.33,2.02,0.0,0.25,0.0,0.0,1.01,4.03,87.5,5.8,73.91,0.0,0.0,1.26,3.53,11.09,75.0,0,,0,,0,0.0,0.0,0.0,,,0.76,,,0.76,0.0,0.0,1.26,0,0.0
S. John,Mladá Boleslav,Mladá Boleslav,"LWB, CF",24,0,,21,1554,2,3.07,2,1.81,18.76,49.07,Nigeria,Nigeria,right,170,73,no,6.2,5.73,57.58,1.68,31.03,0.0,0.0,0.06,2.9,4.55,1.56,4,0.23,0,0.0,3.88,0.12,2,0.12,0.18,1,0.06,34,1.97,32.35,5.882,0.12,1.68,24.14,1.22,28.57,0.35,16.67,0.17,4.0,68.12,8.34,47.92,2.95,2.95,0.81,18.88,1.8,0.75,27.8,79.17,7.3,69.05,6.54,92.04,7.99,82.61,24.85,84.38,1.39,54.17,17.9,18.43,0.11,0.69,0.0,0.06,0.23,50.0,0.52,3.36,65.52,2.14,67.57,0.29,60.0,1.27,0.35,4.29,85.14,0,,0,,0,0.0,0.0,0.0,,,0.41,,,0.06,0.06,0.0,0.0,0,0.0
L. Červ,Viktoria Plzeň,Viktoria Plzeň,"RCMF, LCMF",25,0,2029-06-30,33,2755,2,2.77,2,1.72,16.69,59.3,Czech Republic,Czech Republic,right,182,74,no,7.51,4.18,68.75,3.3,56.44,0.39,0.6,0.33,4.25,6.45,0.69,4,0.13,1,0.03,1.96,0.07,2,0.07,0.09,0,0.0,47,1.54,21.28,4.255,0.07,1.05,34.38,0.36,63.64,0.62,21.05,0.1,1.89,65.52,6.11,58.29,1.5,1.27,0.2,24.83,0.42,3.17,39.01,80.74,14.28,68.42,6.11,95.72,11.76,89.72,34.17,84.99,3.85,55.93,17.33,27.58,0.06,0.59,0.03,0.03,0.13,25.0,0.2,6.17,73.02,1.8,50.91,0.39,25.0,0.82,0.39,6.4,66.84,0,,0,,0,0.0,0.0,0.0,,,0.56,,,0.0,0.0,0.0,0.0,0,0.0
S. Makanjuola,Jablonec,Jablonec,"LWB, RW",25,0,,2,22,0,0.04,0,0.0,,,Nigeria,Nigeria,left,175,67,no,,,,,,,0.0,,,0.0,,0,,0,,,,0,,,0,,1,,,0.0,,,,,,,,,,,,,,,,,,,,,,,,,,,,,,,14.02,0.0,,,,,,,,,,,,,,,,,,0,,0,,0,0.0,0.0,,,,,,,,,,,0,0.0
T. Vlček,Slavia Praha,Slavia Praha,"RCB, CB",25,0,2030-06-30,7,434,0,0.33,0,0.0,16.59,61.25,Czech Republic,Czech Republic,right,182,73,no,9.95,6.84,60.61,4.15,75.0,0.21,0.34,1.45,5.6,9.1,0.41,1,0.21,0,0.0,0.21,0.0,0,0.0,0.07,0,0.0,2,0.41,0.0,0.0,0.0,0.21,100.0,0.0,0.0,0.21,100.0,0.0,0.0,0.0,1.24,16.67,0.83,1.45,0.62,26.75,0.62,0.62,43.13,84.62,15.97,72.73,5.81,100.0,16.18,94.87,37.53,90.61,5.39,42.31,18.4,27.45,0.0,0.0,0.0,0.0,0.21,0.0,0.0,3.53,52.94,1.45,42.86,0.21,0.0,0.21,0.21,5.81,53.57,0,,0,,0,0.0,0.0,0.0,,,4.15,,,0.0,0.0,0.0,0.0,0,0.0
D. Zima,Slavia Praha,Slavia Praha,"LCB, CB",25,0,2030-06-30,23,1973,2,1.91,1,1.8,18.2,66.17,Czech Republic,Czech Republic,right,190,80,no,8.44,5.79,77.17,6.07,63.16,0.05,0.08,0.41,3.92,6.84,0.41,0,0.0,0,0.0,1.28,0.09,2,0.09,0.09,1,0.05,13,0.59,30.77,15.385,0.05,0.64,78.57,0.59,84.62,0.05,0.0,0.05,0.68,86.67,2.33,62.75,1.32,1.87,0.23,32.07,0.73,0.91,48.63,87.71,16.74,78.2,4.01,95.45,23.49,94.95,42.79,90.94,5.25,61.74,20.26,38.19,0.08,0.55,0.0,0.0,0.0,0.0,0.41,5.15,68.14,0.96,85.71,0.23,60.0,0.46,0.46,6.07,70.68,0,,0,,0,0.0,0.0,0.0,,,2.83,,,0.0,0.0,0.0,0.0,0,0.0
Kahuan Vinicius,Karviná,Karviná,CF,22,0,,22,569,3,2.0,0,0.01,30.05,31.58,Brazil,Brazil,,0,0,no,4.9,3.64,69.57,8.86,33.93,0.32,0.5,0.0,2.06,3.28,1.27,3,0.47,0,0.0,1.74,0.47,3,0.47,0.32,2,0.32,11,1.74,63.64,27.273,0.0,0.32,0.0,0.0,0.0,0.32,0.0,0.0,1.11,57.14,10.12,18.75,3.16,0.63,0.0,10.6,2.85,1.74,14.24,67.78,3.95,48.0,3.64,82.61,2.85,83.33,13.76,70.11,0.16,0.0,12.73,0.99,0.0,0.32,0.0,0.16,0.0,0.0,0.0,0.79,20.0,1.11,85.71,0.0,0.0,0.79,0.0,1.42,33.33,0,,0,,0,0.0,0.0,0.0,,,0.0,,,0.0,0.0,0.0,0.0,0,0.0
R. Štorman,Karviná,Karviná,"CF, LCMF, RCMF",21,0,,7,191,0,0.21,0,0.26,21.2,42.22,Slovenia,Slovenia,right,185,75,no,7.54,8.01,70.59,3.3,28.57,0.47,0.83,0.0,1.41,2.5,0.94,0,0.0,0,0.0,1.88,0.0,0,0.0,0.1,0,0.0,3,1.41,33.33,0.0,0.0,0.47,0.0,0.0,0.0,0.47,0.0,0.0,2.83,50.0,6.6,21.43,1.88,0.94,0.0,14.14,0.47,0.47,21.68,78.26,8.95,68.42,3.77,75.0,5.65,83.33,18.38,84.62,2.83,50.0,13.86,9.19,0.12,1.41,0.0,0.0,0.0,0.0,0.47,4.71,50.0,2.36,100.0,0.47,100.0,2.36,0.0,2.83,100.0,0,,0,,0,0.0,0.0,0.0,,,0.0,,,0.0,0.0,0.0,0.0,0,0.0
S. Šigut,Karviná,Karviná,"RW, RWB, RB",23,0,2027-06-30,23,1960,1,2.5,0,2.13,20.39,44.14,Czech Republic,Czech Republic,right,178,66,no,8.54,8.45,62.5,1.88,26.83,0.28,0.37,0.14,2.98,3.96,1.42,3,0.14,0,0.0,2.85,0.05,1,0.05,0.12,0,0.0,23,1.06,39.13,4.348,0.0,2.25,30.61,0.37,12.5,1.88,34.15,0.55,3.81,44.58,7.48,34.36,2.53,1.61,0.55,13.5,1.24,0.78,20.3,66.52,6.24,51.47,5.14,90.18,4.64,64.36,17.04,73.05,1.06,34.78,16.93,23.16,0.1,0.73,0.09,0.0,0.05,100.0,0.28,2.02,59.09,2.25,38.78,0.05,0.0,0.64,0.87,4.22,57.61,0,,0,,0,0.0,0.0,0.0,,,0.32,,,0.09,0.0,0.0,0.18,0,0.0
J. Vlček,Viktoria Žižkov,Mladá Boleslav,LAMF,22,0,2027-06-30,1,19,0,0.0,0,0.0,,,Czech Republic,Czech Republic,,181,0,yes,,,,,,,0.0,,,15.0,,0,,0,,,,0,,,0,,0,,,0.0,,,,,,,,,,,,,,,,,,,,,,,,,,,,,,,0.0,0.0,,,,,,,,,,,,,,,,,,0,,0,,0,0.0,0.0,,,,,,,,,,,0,0.0
R. Čerepkai,FC Košice,Teplice,"CF, RW",24,0,2030-06-30,13,479,1,2.32,0,0.01,33.07,32.95,Slovakia,Slovakia,right,190,83,no,4.13,3.19,52.94,9.39,30.0,0.19,0.28,0.19,2.25,3.36,1.13,0,0.0,0,0.0,4.13,0.19,0,0.0,0.44,0,0.0,14,2.63,64.29,7.143,0.0,1.13,33.33,0.94,40.0,0.19,0.0,0.19,4.51,45.83,15.41,29.27,2.07,0.75,0.19,11.46,2.44,1.5,19.54,73.08,6.39,55.88,5.45,89.66,4.32,56.52,17.66,78.72,0.94,0.0,13.67,17.95,0.0,0.19,0.19,0.0,0.0,0.0,0.0,2.63,42.86,0.75,75.0,0.38,0.0,0.38,0.38,2.44,76.92,0,,0,,0,0.0,0.0,0.0,,,0.19,,,0.56,0.56,100.0,0.0,1,100.0
A. Sørensen,Sparta Praha,Sparta Praha,"LCB, RCB, CB",30,0,2029-06-30,22,1920,2,1.73,1,0.49,14.11,61.46,Denmark,Denmark,right,191,91,no,7.13,5.48,72.65,4.17,44.94,0.09,0.17,0.19,3.05,5.42,0.52,1,0.05,0,0.0,0.8,0.09,2,0.09,0.08,1,0.05,11,0.52,54.55,18.182,0.05,0.66,35.71,0.28,50.0,0.38,25.0,0.19,0.28,83.33,1.41,56.67,1.17,0.56,0.0,45.14,0.8,0.52,60.14,87.22,24.38,77.69,3.38,95.83,25.78,94.0,54.09,92.29,5.44,42.24,20.29,38.38,0.02,0.19,0.0,0.0,0.05,100.0,0.19,7.41,70.25,1.22,38.46,0.23,40.0,0.33,0.23,9.52,71.43,0,,0,,0,0.0,0.0,0.0,,,1.55,,,0.0,0.0,0.0,0.0,0,0.0
L. Haraslín,Al Fateh,Sparta Praha,"LWF, LW, AMF",30,0,2029-06-30,22,1517,11,6.32,2,2.41,16.61,47.14,Slovakia,Slovakia,right,182,74,no,3.5,2.2,48.65,0.71,8.33,0.42,0.72,0.06,2.02,3.51,0.77,5,0.3,0,0.0,6.41,0.65,11,0.65,0.37,0,0.0,73,4.33,45.21,15.068,0.12,3.26,20.0,2.97,20.0,0.12,50.0,0.71,6.76,56.14,12.4,49.28,5.58,1.9,0.18,23.32,2.61,2.2,27.88,76.17,5.52,62.37,8.84,93.29,6.88,70.69,23.67,84.46,1.13,52.63,17.46,22.58,0.14,1.19,0.12,0.0,0.12,0.0,0.3,1.96,60.61,2.73,43.48,0.12,0.0,1.42,0.77,3.44,82.76,0,,0,,0,0.0,0.0,0.0,,,0.18,,,0.65,0.18,66.67,1.96,0,0.0
