Player,Team,Team within selected timeframe,Position,Age,Market value,Contract expires,Matches played,Minutes played,Goals,xG,Assists,xA,Duels per 90,"Duels won, %",Birth country,Passport country,Foot,Height,Weight,On loan,Successful defensive actions per 90,Defensive duels per 90,"Defensive duels won, %",Aerial duels per 90,"Aerial duels won, %",Sliding tackles per 90,PAdj Sliding tackles,Shots blocked per 90,Interceptions per 90,PAdj Interceptions,Fouls per 90,Yellow cards,Yellow cards per 90,Red cards,Red cards per 90,Successful attacking actions per 90,Goals per 90,Non-penalty goals,Non-penalty goals per 90,xG per 90,Head goals,Head goals per 90,Shots,Shots per 90,"Shots on target, %","Goal conversion, %",Assists per 90,Crosses per 90,"Accurate crosses, %",Crosses from left flank per 90,"Accurate crosses from left flank, %",Crosses from right flank per 90,"Accurate crosses from right flank, %",Crosses to goalie box per 90,Dribbles per 90,"Successful dribbles, %",Offensive duels per 90,"Offensive duels won, %",Touches in box per 90,Progressive runs per 90,Accelerations per 90,Received passes per 90,Received long passes per 90,Fouls suffered per 90,Passes per 90,"Accurate passes, %",Forward passes per 90,"Accurate forward passes, %",Back passes per 90,"Accurate back passes, %",Lateral passes per 90,"Accurate lateral passes, %",Short / medium passes per 90,"Accurate short / medium passes, %",Long passes per 90,"Accurate long passes, %","Average pass length, m","Average long pass length, m",xA per 90,Shot assists per 90,Second assists per 90,Third assists per 90,Smart passes per 90,"Accurate smart passes, %",Key passes per 90,Passes to final third per 90,"Accurate passes to final third, %",Passes to penalty area per 90,"Accurate passes to penalty area, %",Through passes per 90,"Accurate through passes, %",Deep completions per 90,Deep completed crosses per 90,Progressive passes per 90,"Accurate progressive passes, %",Conceded goals,Conceded goals per 90,Shots against,Shots against per 90,Clean sheets,"Save rate, %",xG against,xG against per 90,Prevented goals,Prevented goals per 90,Back passes received as GK per 90,Exits per 90,Aerial duels per 90.1,Free kicks per 90,Direct free kicks per 90,"Direct free kicks on target, %",Corners per 90,Penalties taken,"Penalty conversion, %"
O. Bukari,Widzew Łódź,Crvena Zvezda,"RW, RAMF",27,7000000,2030-06-30,29,2072,12,8.34,2,4.91,21.98,44.47,Ghana,"Ghana, Serbia",right,170,65,no,4.0,3.52,56.79,1.56,27.78,0.17,0.29,0.04,1.82,3.1,1.09,3,0.13,0,0.0,6.91,0.52,12,0.52,0.36,0,0.0,54,2.35,51.85,22.222,0.09,3.0,30.43,0.13,0.0,2.87,31.82,0.56,7.91,57.69,13.33,45.6,6.73,3.69,1.35,23.93,1.95,1.04,33.06,77.53,6.91,66.67,8.95,91.26,9.82,73.01,28.97,83.36,1.17,51.85,15.63,21.0,0.21,1.61,0.26,0.04,0.74,29.41,0.91,2.61,65.0,3.91,51.11,0.61,28.57,2.69,0.83,3.87,86.52,0,,0,,0,0.0,0.0,0.0,,,0.04,,,0.0,0.0,0.0,0.17,0,0.0
P. Ratkov,Lazio,Bačka Topola,CF,22,5000000,2030-06-30,36,2572,13,13.62,3,2.22,24.49,44.0,Serbia,"Serbia, Croatia",right,193,82,no,3.81,3.67,45.71,9.55,51.65,0.28,0.43,0.07,1.85,2.88,1.89,4,0.14,0,0.0,2.31,0.45,13,0.45,0.48,2,0.07,72,2.52,41.67,18.056,0.1,0.45,30.77,0.17,40.0,0.24,28.57,0.0,1.57,57.78,6.61,39.68,3.81,0.38,0.17,13.09,3.11,2.06,16.66,73.95,3.6,54.37,4.41,91.27,4.97,76.76,15.54,76.13,0.66,52.63,16.16,11.15,0.08,0.7,0.1,0.0,0.52,40.0,0.38,2.17,46.77,0.94,40.74,0.63,38.89,0.63,0.1,1.57,66.67,0,,0,,0,0.0,0.0,0.0,,,0.0,,,0.1,0.1,33.33,0.0,0,0.0
M. Ivanić,Crvena Zvezda,Crvena Zvezda,"LCMF, AMF, LW",32,5000000,2027-06-30,29,2096,8,8.42,10,6.23,16.53,50.39,Serbia,"Serbia, Montenegro",right,183,71,no,5.71,3.99,61.29,1.55,33.33,0.09,0.16,0.04,3.18,5.87,0.73,2,0.09,0,0.0,5.84,0.34,8,0.34,0.36,1,0.04,73,3.13,39.73,10.959,0.43,2.79,26.15,2.4,25.0,0.3,28.57,0.3,5.11,59.66,9.1,50.47,5.41,3.74,1.16,38.43,1.67,0.77,48.35,80.55,14.81,74.49,8.67,87.62,14.3,83.48,43.07,85.14,2.58,61.67,16.6,32.92,0.27,1.98,0.09,0.09,1.59,51.35,0.94,6.74,77.71,5.15,57.5,1.63,47.37,3.26,0.73,7.64,85.96,0,,0,,0,0.0,0.0,0.0,,,0.09,,,0.0,0.0,0.0,0.13,0,0.0
Ricardo Gomes,Al Khor,Partizan,CF,34,4300000,2027-06-30,35,3078,19,17.97,2,1.48,23.57,32.13,Cape Verde Islands,"Cape Verde Islands, Portugal",right,187,82,no,1.78,1.49,52.94,6.11,28.71,0.0,0.0,0.03,0.99,1.46,0.99,3,0.09,1,0.03,3.68,0.56,16,0.47,0.53,4,0.12,98,2.87,47.96,19.388,0.06,0.64,31.82,0.26,22.22,0.38,38.46,0.06,3.74,53.91,11.55,32.41,4.8,0.64,0.23,10.2,1.96,1.49,13.86,73.21,2.98,55.88,3.3,84.96,3.39,75.0,13.1,75.45,0.15,40.0,13.16,6.07,0.04,0.88,0.03,0.03,0.29,30.0,0.2,0.94,59.38,0.76,53.85,0.2,28.57,0.85,0.15,1.05,61.11,0,,0,,0,0.0,0.0,0.0,,,0.0,,,0.0,0.0,0.0,0.0,3,100.0
S. Baždar,Real Zaragoza,Partizan,AMF,22,4000000,2029-06-30,27,968,4,3.87,1,1.2,24.17,48.08,Serbia,Serbia,right,186,75,no,6.51,6.69,51.39,2.32,48.0,0.93,1.69,0.0,2.14,3.9,1.67,5,0.46,0,0.0,3.9,0.37,4,0.37,0.36,0,0.0,35,3.25,31.43,11.429,0.09,1.21,38.46,0.74,50.0,0.46,20.0,0.0,4.83,46.15,11.06,45.38,3.9,1.39,0.65,27.24,1.86,1.86,36.45,75.77,10.04,69.44,7.07,88.16,10.41,81.25,33.75,77.96,1.49,56.25,15.92,12.83,0.11,0.84,0.19,0.0,0.65,28.57,0.28,4.74,68.63,2.7,65.52,0.65,42.86,1.86,0.37,4.28,84.78,0,,0,,0,0.0,0.0,0.0,,,0.19,,,0.0,0.0,0.0,0.0,0,0.0
M. Topić,Norwich City,Vojvodina,"RCMF, RDMF, DMF",25,3500000,2029-06-30,35,2754,0,0.7,0,0.79,19.03,57.56,Serbia,Serbia,right,191,85,no,11.21,7.98,62.3,2.94,54.44,0.2,0.27,0.26,6.05,8.25,1.9,2,0.07,0,0.0,1.08,0.0,0,0.0,0.02,0,0.0,25,0.82,16.0,0.0,0.0,0.72,22.73,0.2,16.67,0.52,25.0,0.13,1.14,65.71,4.54,51.08,0.46,1.96,0.88,29.42,0.23,0.72,49.2,83.32,16.57,70.22,6.02,94.57,20.5,90.59,42.17,88.6,6.31,54.92,19.87,36.82,0.03,0.59,0.2,0.07,0.13,25.0,0.16,8.34,72.55,1.7,50.0,0.49,33.33,0.85,0.13,8.5,70.38,0,,0,,0,0.0,0.0,0.0,,,0.69,,,0.13,0.07,50.0,0.0,0,0.0
I. Vujačić,Rubin Kazan',Partizan,"LCB, RCB",31,3500000,2029-06-30,33,3040,2,1.94,0,0.05,13.35,63.64,Montenegro,"Montenegro, Serbia",right,189,77,no,7.13,3.91,67.42,4.62,63.46,0.12,0.17,0.27,4.38,6.27,1.1,6,0.18,0,0.0,0.44,0.06,2,0.06,0.06,1,0.03,21,0.62,19.05,9.524,0.0,0.09,0.0,0.06,0.0,0.03,0.0,0.0,0.38,76.92,2.1,60.56,0.74,0.65,0.06,36.44,0.71,1.48,54.27,85.76,24.63,77.16,2.69,94.51,22.62,94.76,45.77,91.59,8.41,54.93,21.99,37.34,0.0,0.03,0.0,0.06,0.12,25.0,0.06,6.78,63.76,0.59,25.0,0.3,30.0,0.12,0.0,11.4,69.61,0,,0,,0,0.0,0.0,0.0,,,2.1,,,0.06,0.0,0.0,0.0,0,0.0
S. Marković,Slovan Bratislava,Partizan,RCB,26,3000000,2030-06-30,22,2014,2,2.65,0,0.1,15.91,59.55,Bosnia and Herzegovina,"Bosnia and Herzegovina, Serbia",right,186,78,no,9.12,6.97,69.87,4.51,45.54,0.22,0.35,0.22,4.02,6.31,1.43,5,0.22,0,0.0,0.58,0.09,2,0.09,0.12,1,0.04,13,0.58,53.85,15.385,0.0,0.04,0.0,0.0,0.0,0.04,0.0,0.0,0.31,85.71,1.47,54.55,1.03,0.22,0.04,25.2,0.31,0.4,42.77,85.37,17.25,71.76,2.64,96.61,19.08,96.02,36.38,91.52,6.35,50.7,22.22,41.4,0.0,0.09,0.0,0.0,0.0,0.0,0.04,5.0,60.71,0.31,0.0,0.18,0.0,0.09,0.0,8.13,68.13,0,,0,,0,0.0,0.0,0.0,,,1.97,,,0.0,0.0,0.0,0.0,0,0.0
M. Ivezić,Holstein Kiel,Voždovac,"LDMF, LCMF, RDMF",24,3000000,2027-06-30,29,2475,0,2.73,0,0.55,19.38,46.72,Serbia,Serbia,right,191,81,no,11.42,8.36,52.61,3.71,52.94,0.98,1.31,0.8,6.04,8.06,2.18,5,0.18,0,0.0,0.65,0.0,0,0.0,0.1,0,0.0,16,0.58,18.75,0.0,0.0,0.07,50.0,0.0,0.0,0.07,50.0,0.04,1.16,37.5,3.42,32.98,0.51,1.09,0.29,23.35,0.36,0.65,36.18,80.8,11.82,61.23,5.64,96.13,13.93,89.82,31.09,86.55,5.02,45.65,20.07,33.77,0.02,0.36,0.0,0.0,0.15,50.0,0.07,6.25,57.56,0.95,42.31,0.44,33.33,0.33,0.04,5.82,62.5,0,,0,,0,0.0,0.0,0.0,,,0.8,,,0.0,0.0,0.0,0.04,0,0.0
A. Ćirković,Lechia Gdańsk,Voždovac,"LW, LAMF",24,2700000,2027-12-31,5,392,0,0.21,0,0.33,21.58,52.13,Serbia,Serbia,right,180,75,no,6.66,3.9,76.47,1.38,16.67,1.15,1.52,0.0,2.53,3.33,0.23,0,0.0,0,0.0,3.44,0.0,0,0.0,0.05,0,0.0,6,1.38,0.0,0.0,0.0,1.38,16.67,1.38,16.67,0.0,0.0,0.69,5.74,52.0,13.78,50.0,0.92,2.98,2.07,16.99,3.21,3.21,25.26,69.09,7.12,48.39,3.9,88.24,8.95,79.49,21.58,74.47,2.3,50.0,18.21,31.0,0.08,0.92,0.0,0.0,1.38,16.67,0.0,2.98,53.85,2.76,50.0,1.61,28.57,1.61,0.46,4.59,75.0,0,,0,,0,0.0,0.0,0.0,,,0.0,,,0.0,0.0,0.0,0.23,0,0.0
N. Stojić,Sochi,Bačka Topola,"CB, DMF, RCB",28,2700000,2028-06-30,36,3440,1,3.38,1,0.42,15.1,62.74,Serbia,Serbia,right,190,80,no,9.05,4.71,65.0,4.89,65.78,0.39,0.6,0.84,5.6,8.62,0.97,7,0.18,0,0.0,0.81,0.03,1,0.03,0.09,1,0.03,28,0.73,28.57,3.571,0.03,0.16,33.33,0.0,0.0,0.16,33.33,0.05,0.6,69.57,2.59,60.61,0.71,1.88,0.76,32.49,0.18,1.52,49.19,84.89,18.78,70.47,3.85,93.88,22.06,94.78,39.85,91.53,9.21,57.1,21.72,37.04,0.01,0.1,0.0,0.0,0.18,71.43,0.05,6.96,60.15,1.54,30.51,1.23,27.66,0.44,0.05,9.26,72.88,0,,0,,0,0.0,0.0,0.0,,,1.65,,,0.0,0.0,0.0,0.0,0,0.0
M. Pantović,Panathinaikos,Voždovac,"LAMF, LW, CF",23,2700000,2029-06-30,31,2664,7,8.58,2,2.35,21.59,43.35,Serbia,Serbia,right,185,78,no,4.43,3.34,57.58,2.91,43.02,0.0,0.0,0.0,2.5,3.27,0.44,3,0.1,1,0.03,3.92,0.24,4,0.14,0.29,0,0.0,46,1.55,39.13,15.217,0.07,1.82,31.48,1.66,34.69,0.17,0.0,0.1,4.59,56.62,12.26,40.77,3.01,1.82,0.74,19.32,2.64,2.09,29.46,82.91,4.83,69.93,8.68,91.05,9.93,85.37,26.59,87.04,1.28,60.53,17.12,22.64,0.08,0.74,0.03,0.0,0.51,26.67,0.57,2.03,73.33,1.72,52.94,0.51,13.33,0.88,0.71,3.41,71.29,0,,0,,0,0.0,0.0,0.0,,,0.1,,,0.07,0.03,0.0,0.17,4,75.0
A. Radulović,Hapoel Haifa,Radnik Surdulica,"RAMF, RW, LAMF",23,2500000,2029-06-30,35,2949,9,8.3,0,4.26,18.51,41.02,Montenegro,"Montenegro, Serbia",left,175,68,yes,5.08,3.95,53.17,1.25,7.5,0.13,0.17,0.03,2.85,3.8,0.94,3,0.09,0,0.0,4.83,0.27,7,0.22,0.26,0,0.0,87,2.73,33.33,10.345,0.0,2.67,34.12,0.94,43.33,1.73,29.09,0.5,5.8,50.27,11.26,42.34,1.94,2.2,1.04,10.26,1.35,1.57,17.72,63.01,5.77,51.09,3.33,85.85,5.83,60.75,12.74,74.14,2.38,34.21,19.06,25.2,0.13,0.94,0.0,0.0,0.35,27.27,0.38,2.07,51.52,2.76,38.64,0.47,33.33,0.35,1.07,3.98,61.42,0,,0,,0,0.0,0.0,0.0,,,0.06,,,0.94,0.16,20.0,1.54,3,66.667
I. Djakovac,Vojvodina,Bačka Topola,"RCMF, LCMF",28,2500000,2028-06-30,34,3234,9,8.84,2,3.81,20.9,45.27,Serbia,Serbia,right,179,76,no,7.46,7.46,51.87,1.11,37.5,0.28,0.43,0.08,3.31,5.08,1.36,5,0.14,0,0.0,2.92,0.25,4,0.11,0.25,0,0.0,66,1.84,36.36,13.636,0.06,1.03,18.92,0.56,10.0,0.39,21.43,0.19,3.01,61.11,8.99,40.56,1.81,1.47,1.14,28.86,0.64,1.28,42.47,82.5,11.22,68.24,8.01,94.1,16.73,87.02,37.93,86.87,3.53,53.54,18.32,35.87,0.11,0.81,0.08,0.0,0.72,30.77,0.5,6.51,70.09,2.25,50.62,0.81,34.48,1.36,0.17,5.62,66.83,0,,0,,0,0.0,0.0,0.0,,,0.22,,,0.03,0.0,0.0,0.0,6,83.333
N. Tošić,Anorthosis,Čukarički,LB,29,2500000,2027-05-31,31,2801,3,2.14,3,2.37,14.62,54.29,Serbia,Serbia,left,189,84,no,9.8,5.69,58.76,3.95,58.54,0.96,1.25,0.22,5.49,7.14,1.41,9,0.29,0,0.0,2.31,0.1,3,0.1,0.07,0,0.0,16,0.51,43.75,18.75,0.1,3.7,34.78,3.6,34.82,0.0,0.0,0.48,1.06,75.76,2.8,47.13,0.74,1.16,0.58,26.28,1.38,0.8,39.62,73.32,17.54,65.38,6.17,94.27,10.19,73.82,30.04,84.6,6.04,40.43,19.95,38.0,0.08,0.71,0.0,0.03,0.0,0.0,0.45,6.55,57.84,4.08,42.52,0.35,45.45,0.51,1.32,10.15,72.47,0,,0,,0,0.0,0.0,0.0,,,0.8,,,0.06,0.06,50.0,0.06,0,0.0
A. Dragović,Austria Wien,Crvena Zvezda,"LCB, RCB",35,2500000,2027-06-30,32,2736,0,1.98,0,0.05,10.89,58.61,Austria,"Austria, Serbia",right,186,83,no,7.6,4.54,55.07,3.78,60.0,0.66,1.16,0.53,4.44,7.85,1.41,4,0.13,0,0.0,0.26,0.0,0,0.0,0.07,0,0.0,9,0.3,44.44,0.0,0.0,0.03,100.0,0.0,0.0,0.03,100.0,0.0,0.0,0.0,0.49,66.67,0.72,1.15,0.07,39.9,0.49,0.36,57.04,93.54,22.2,87.26,3.55,98.15,27.2,98.31,52.99,95.9,4.01,62.3,21.48,33.96,0.0,0.07,0.0,0.0,0.13,75.0,0.0,7.63,84.48,0.3,22.22,0.3,55.56,0.16,0.03,8.91,84.87,0,,0,,0,0.0,0.0,0.0,,,2.7,,,0.0,0.0,0.0,0.0,0,0.0
S. Kovač,Baltika,Čukarički,"RDMF, LCMF, RCMF",27,2200000,2030-06-30,25,1704,1,2.63,1,0.77,21.13,44.75,Serbia,"Serbia, Bosnia and Herzegovina",right,185,74,no,9.24,8.29,50.96,2.75,46.15,0.32,0.42,0.26,4.7,6.18,2.43,5,0.26,1,0.05,1.48,0.05,1,0.05,0.14,0,0.0,23,1.21,21.74,4.348,0.05,0.74,28.57,0.32,33.33,0.42,25.0,0.05,1.9,44.44,5.81,39.09,1.8,1.43,0.85,18.86,0.63,0.69,32.85,75.56,11.46,63.13,5.07,95.83,10.56,80.5,29.21,80.11,2.9,41.82,16.26,25.79,0.04,0.63,0.0,0.0,0.32,50.0,0.32,5.39,59.8,2.11,47.5,0.42,25.0,0.9,0.26,4.86,65.22,0,,0,,0,0.0,0.0,0.0,,,0.21,,,0.05,0.0,0.0,0.0,0,0.0
B. Burmaz,Rapid Bucureşti,Voždovac,CF,25,2000000,2027-06-30,31,2059,6,5.39,2,0.7,24.65,35.82,Serbia,Serbia,left,185,73,no,3.15,3.15,55.56,5.86,33.58,0.09,0.12,0.13,1.31,1.78,1.4,3,0.13,1,0.04,2.49,0.26,5,0.22,0.24,2,0.09,41,1.79,51.22,14.634,0.09,0.44,40.0,0.17,50.0,0.26,33.33,0.04,2.4,50.91,11.06,32.81,2.19,0.48,0.22,10.36,2.19,2.49,15.21,81.03,2.8,64.06,4.98,92.11,4.41,79.21,14.03,82.55,0.83,78.95,16.04,18.67,0.03,0.35,0.0,0.0,0.35,50.0,0.22,2.14,65.31,0.96,54.55,0.39,55.56,0.61,0.09,1.49,82.35,0,,0,,0,0.0,0.0,0.0,,,0.0,,,0.13,0.13,66.67,0.0,1,100.0
M. Docić,Čukarički,Čukarički,"LDMF, LCMF",33,2000000,2027-06-01,31,2511,11,9.88,11,5.12,16.77,47.65,Serbia,Serbia,left,176,71,no,9.07,7.31,53.92,2.47,43.48,0.32,0.45,0.18,4.8,6.64,1.25,9,0.32,0,0.0,1.68,0.39,2,0.07,0.35,0,0.0,42,1.51,42.86,26.19,0.39,1.11,16.13,0.97,11.11,0.11,66.67,0.22,1.04,51.72,4.19,46.15,0.68,0.72,0.22,36.31,0.43,1.43,53.37,81.06,20.65,67.01,6.31,96.02,20.11,91.27,45.66,87.52,6.59,47.28,20.08,34.32,0.18,1.79,0.04,0.0,0.57,56.25,0.39,12.11,68.93,2.87,48.75,1.15,34.38,1.11,0.18,10.36,80.97,0,,0,,0,0.0,0.0,0.0,,,0.36,,,1.54,0.25,28.57,3.73,11,81.818
D. Ivanović,AEK Larnaca ,Čukarički,"AMF, RAMF, CF",30,2000000,2027-05-31,35,2529,9,9.6,3,3.86,26.44,42.13,Croatia,"Croatia, Serbia",right,179,75,no,5.48,4.77,53.73,3.45,46.39,0.04,0.05,0.0,2.88,3.77,1.39,3,0.11,0,0.0,4.95,0.32,9,0.32,0.34,1,0.04,78,2.78,33.33,11.538,0.11,2.49,30.0,1.21,32.35,1.25,25.71,0.43,5.52,56.13,15.66,40.0,4.52,2.35,0.75,16.44,1.49,0.93,28.4,75.31,5.66,58.49,8.29,88.84,8.01,73.33,24.16,83.65,1.85,23.08,16.31,24.05,0.14,1.14,0.0,0.04,0.43,41.67,0.75,2.31,61.54,2.28,42.19,0.43,41.67,0.78,0.82,3.63,57.84,0,,0,,0,0.0,0.0,0.0,,,0.04,,,0.04,0.0,0.0,0.64,0,0.0
S. Mijailović,Čukarički,Crvena Zvezda,"LDMF, DMF, RDMF",32,2000000,2029-06-30,33,2529,0,1.14,2,1.42,17.08,50.0,Serbia,Serbia,right,180,66,no,12.17,9.5,57.3,3.1,42.53,1.67,2.78,0.32,5.05,8.39,2.56,11,0.39,1,0.04,1.92,0.0,0,0.0,0.04,0,0.0,35,1.25,40.0,0.0,0.07,2.1,45.76,0.78,54.55,1.28,38.89,0.11,0.6,41.18,1.92,38.89,0.28,1.07,0.21,40.85,0.21,0.6,59.61,84.72,21.46,75.79,7.01,90.86,24.56,92.32,49.82,90.21,7.86,59.28,20.83,33.57,0.05,0.64,0.07,0.07,0.36,60.0,0.21,12.53,78.98,3.02,61.18,0.71,30.0,0.85,0.93,11.6,84.36,0,,0,,0,0.0,0.0,0.0,,,0.85,,,0.0,0.0,0.0,0.04,0,0.0
S. Urošević,Kyzyl-Zhar,Partizan,LB,32,2000000,2027-12-31,35,3282,4,4.11,2,3.3,19.88,52.97,Serbia,Serbia,left,184,73,no,9.73,7.68,63.57,3.37,58.54,0.16,0.24,0.11,4.69,6.97,1.45,8,0.22,0,0.0,2.74,0.11,4,0.11,0.11,1,0.03,49,1.34,32.65,8.163,0.05,2.91,32.08,2.88,32.38,0.03,0.0,0.08,2.25,54.88,5.92,40.28,1.89,1.56,0.52,31.23,3.18,1.15,43.74,77.18,15.52,68.02,8.5,94.19,12.61,78.26,35.81,84.99,5.1,47.31,19.39,34.08,0.09,0.82,0.03,0.03,0.3,45.45,0.49,4.74,63.58,3.24,46.61,0.66,20.83,0.85,0.85,10.12,74.8,0,,0,,0,0.0,0.0,0.0,,,0.44,,,0.16,0.11,25.0,0.22,0,0.0
O. Omoijuanfo,Changchun Yatai,Crvena Zvezda,CF,32,1800000,2026-12-31,2,75,1,0.54,0,0.01,24.0,40.0,Norway,Norway,right,188,75,no,2.4,1.2,100.0,7.2,33.33,0.0,0.0,0.0,1.2,3.33,0.0,0,0.0,0,0.0,2.4,1.2,1,1.2,0.65,0,0.0,5,6.0,20.0,20.0,0.0,0.0,0.0,0.0,0.0,0.0,0.0,0.0,3.6,33.33,8.4,28.57,7.2,0.0,0.0,14.4,0.0,3.6,15.6,84.62,0.0,0.0,9.6,75.0,1.2,100.0,15.6,84.62,0.0,0.0,5.53,0.0,0.01,1.2,0.0,0.0,0.0,0.0,0.0,0.0,0.0,0.0,0.0,0.0,0.0,0.0,0.0,0.0,0.0,0,,0,,0,0.0,0.0,0.0,,,0.0,,,0.0,0.0,0.0,0.0,0,0.0
U. Spajić,Beijing Guoan,Crvena Zvezda,LCB,33,1800000,2027-12-31,3,122,1,0.01,0,0.0,11.07,80.0,Serbia,Serbia,right,188,78,no,8.11,5.16,71.43,2.21,100.0,0.0,0.0,0.0,4.43,7.5,0.74,0,0.0,0,0.0,0.74,0.74,0,0.0,0.01,0,0.0,1,0.74,0.0,0.0,0.0,0.0,0.0,0.0,0.0,0.0,0.0,0.0,0.74,100.0,2.21,66.67,0.74,0.0,0.0,52.38,2.21,1.48,64.18,94.25,19.18,88.46,3.69,100.0,35.41,100.0,59.75,96.3,4.43,66.67,22.99,36.57,0.0,0.0,0.0,0.0,0.0,0.0,0.0,4.43,50.0,0.0,0.0,0.0,0.0,0.0,0.0,5.9,75.0,0,,0,,0,0.0,0.0,0.0,,,2.95,,,0.0,0.0,0.0,0.0,0,0.0
S. Mitrović,Hellas Verona,Crvena Zvezda,"LW, LAMF",23,1800000,2028-06-30,34,1750,5,4.4,3,2.41,22.68,44.67,Canada,"Canada, Serbia",right,182,69,no,4.37,4.99,55.67,3.34,26.15,0.1,0.18,0.0,1.49,2.64,1.23,4,0.21,0,0.0,5.71,0.26,5,0.26,0.23,0,0.0,40,2.06,42.5,12.5,0.15,2.93,49.12,1.75,44.12,1.13,54.55,0.62,5.4,60.95,10.85,47.87,5.5,3.7,1.44,21.24,2.11,1.85,28.85,84.31,5.04,75.51,8.59,96.41,9.31,82.32,24.94,89.48,1.13,63.64,15.53,15.18,0.12,1.08,0.0,0.05,0.21,50.0,0.57,2.11,70.73,2.01,71.79,0.36,57.14,1.03,1.23,2.83,85.45,0,,0,,0,0.0,0.0,0.0,,,0.1,,,0.0,0.0,0.0,0.31,0,0.0
S. Hrstić,Rheindorf Altach,Spartak Subotica,CF,23,1800000,2029-06-30,27,1928,5,7.14,1,2.45,29.78,38.56,Serbia,"Serbia, Croatia",right,192,85,no,3.73,4.06,48.28,9.2,44.67,0.51,0.69,0.09,1.26,1.7,2.66,4,0.19,0,0.0,2.47,0.23,4,0.19,0.33,1,0.05,32,1.49,50.0,15.625,0.05,0.65,28.57,0.23,40.0,0.42,22.22,0.14,2.33,58.0,10.32,36.2,3.27,0.28,0.09,10.04,2.24,2.66,16.95,71.63,3.13,50.75,5.27,87.61,4.01,67.44,15.68,74.7,0.61,38.46,14.49,13.89,0.11,0.79,0.05,0.05,0.28,66.67,0.42,1.31,53.57,0.84,38.89,0.33,42.86,0.75,0.23,1.21,53.85,0,,0,,0,0.0,0.0,0.0,,,0.0,,,0.0,0.0,0.0,0.0,2,50.0
Q. Menig,,Partizan,"LAMF, LWF, LW",30,1700000,,33,2235,7,6.59,4,3.75,19.61,43.33,Netherlands,"Netherlands, Suriname",right,174,69,no,3.79,3.42,60.0,1.77,31.82,0.08,0.12,0.0,1.65,2.46,0.72,0,0.0,0,0.0,6.16,0.28,7,0.28,0.27,0,0.0,66,2.66,34.85,10.606,0.16,3.3,31.71,2.3,31.58,0.85,28.57,0.56,7.17,57.3,11.84,43.54,5.4,2.13,0.89,17.68,1.69,0.48,24.48,71.05,5.32,64.39,5.11,91.34,7.33,59.89,20.26,78.53,1.01,44.0,15.16,14.94,0.15,1.41,0.12,0.04,0.68,11.76,0.97,1.37,67.65,3.06,40.79,0.52,23.08,1.41,1.09,3.42,70.59,0,,0,,0,0.0,0.0,0.0,,,0.04,,,0.0,0.0,0.0,0.04,0,0.0
N. Jović,Al Ittihad Kalba,Partizan,"LAMF, LW, RAMF",23,1500000,2027-06-30,22,1054,2,2.82,1,1.35,24.76,36.9,Bosnia and Herzegovina,"Bosnia and Herzegovina, Serbia",right,178,75,no,4.95,4.95,46.55,3.5,26.83,0.6,0.85,0.09,2.05,2.93,1.79,4,0.34,0,0.0,3.42,0.17,2,0.17,0.24,0,0.0,18,1.54,38.89,11.111,0.09,1.11,46.15,0.51,16.67,0.51,66.67,0.17,5.21,44.26,13.32,38.46,3.42,1.45,0.68,18.87,1.79,2.9,24.85,77.66,6.15,69.44,7.6,91.01,6.83,77.5,22.03,82.17,1.71,40.0,15.2,16.93,0.11,0.68,0.09,0.0,0.26,0.0,0.26,2.22,76.92,1.79,38.1,0.6,28.57,0.77,0.6,3.67,67.44,0,,0,,0,0.0,0.0,0.0,,,0.0,,,0.09,0.09,0.0,0.26,0,0.0
A. Todoroski,Bačka Topola,Spartak Subotica,"RW, CF, RAMF",27,1500000,2027-06-30,29,1625,5,3.1,3,2.5,27.19,40.73,North Macedonia,"North Macedonia, Austria",left,174,67,no,4.98,5.43,53.06,3.38,29.51,0.0,0.0,0.0,2.1,3.05,1.22,0,0.0,0,0.0,5.87,0.28,5,0.28,0.17,0,0.0,51,2.82,41.18,9.804,0.17,2.22,35.0,0.06,0.0,2.16,35.9,0.44,7.53,50.74,15.67,40.64,2.6,3.27,1.0,15.06,1.22,3.1,21.05,78.95,5.15,73.12,5.15,94.62,6.59,74.79,18.11,85.32,0.72,53.85,15.88,5.94,0.14,1.27,0.0,0.0,0.17,66.67,0.44,2.27,85.37,2.22,47.5,0.28,40.0,0.55,0.78,3.16,78.95,0,,0,,0,0.0,0.0,0.0,,,0.0,,,1.22,0.5,55.56,2.6,0,0.0
L. Carević,Famalicão,Vojvodina,GK,27,1500000,2028-06-30,35,3302,0,0.0,0,0.0,0.81,79.31,Montenegro,Montenegro,right,195,85,no,1.34,0.0,0.0,0.59,95.24,0.03,0.04,0.0,1.32,1.77,0.0,1,0.03,0,0.0,0.0,0.0,0,0.0,0.0,0,0.0,0,0.0,0.0,0.0,0.0,0.0,0.0,0.0,0.0,0.0,0.0,0.0,0.0,0.0,0.08,33.33,0.0,0.0,0.0,9.27,0.06,0.17,16.67,83.7,10.4,76.82,0.0,0.0,5.46,95.38,9.44,97.63,7.17,66.02,32.19,43.72,0.0,0.0,0.0,0.03,0.0,0.0,0.0,1.04,51.35,0.0,0.0,0.06,0.0,0.0,0.0,5.18,72.97,32,0.9,124,3.47,12,74.19,37.98,1.06,5.98,0.168,0.0,1.85,0.59,,,,0.0,0,0.0
N. Čumić,Rubin Kazan',Vojvodina,"LAMF, LW, RW",27,1500000,2027-06-30,29,2287,13,9.27,5,3.01,22.5,40.51,Serbia,Serbia,right,176,67,no,5.09,3.91,59.38,2.73,35.82,0.45,0.59,0.0,2.32,3.06,0.73,3,0.12,0,0.0,5.33,0.51,11,0.45,0.38,2,0.08,65,2.64,46.15,18.462,0.2,2.89,23.94,2.03,28.0,0.81,15.0,0.49,6.84,45.83,12.98,38.87,4.43,2.73,1.26,15.3,1.87,1.42,21.69,63.04,6.55,57.76,2.97,82.19,7.69,60.32,17.25,72.64,1.67,26.83,18.26,29.11,0.12,1.02,0.04,0.04,0.57,50.0,0.65,2.4,62.71,3.87,40.0,0.81,30.0,1.42,0.69,3.82,75.53,0,,0,,0,0.0,0.0,0.0,,,0.0,,,0.61,0.16,75.0,1.87,2,50.0
L. Ilić,Real Oviedo,Bačka Topola,"RCMF, AMF, CF",27,1500000,2028-06-30,25,2005,6,5.84,6,5.86,18.22,44.33,Serbia,Serbia,left,182,77,no,6.06,4.62,54.37,1.84,41.46,0.22,0.36,0.0,3.32,5.39,1.12,4,0.18,0,0.0,3.19,0.27,4,0.18,0.26,0,0.0,46,2.06,23.91,13.043,0.27,1.57,25.71,0.45,10.0,1.12,32.0,0.13,3.19,53.52,9.16,40.69,2.78,2.24,1.26,37.98,2.51,1.39,49.65,87.43,11.13,77.42,12.03,96.27,17.64,89.06,45.65,91.35,2.51,51.79,17.49,35.59,0.26,2.02,0.18,0.13,1.03,56.52,0.63,6.15,83.21,3.5,67.95,1.08,50.0,2.42,0.45,5.79,89.15,0,,0,,0,0.0,0.0,0.0,,,0.0,,,1.75,0.18,25.0,3.1,2,100.0
M. Badamosi,Riga FC,Čukarički,CF,27,1500000,,36,2926,11,12.29,4,2.25,29.25,39.85,Gambia,Gambia,right,196,85,no,3.23,3.29,42.06,8.77,49.12,0.15,0.2,0.03,1.69,2.22,2.03,4,0.12,0,0.0,2.09,0.34,11,0.34,0.38,4,0.12,72,2.21,38.89,15.278,0.12,0.31,20.0,0.12,0.0,0.18,33.33,0.06,2.0,56.92,11.78,33.68,3.88,1.05,0.15,7.84,1.72,1.66,14.86,71.64,2.86,49.46,3.78,85.37,4.24,68.12,14.06,73.74,0.52,47.06,14.17,15.32,0.07,0.58,0.06,0.06,0.12,25.0,0.28,1.45,55.32,0.71,43.48,0.18,33.33,0.62,0.0,1.41,58.7,0,,0,,0,0.0,0.0,0.0,,,0.0,,,0.0,0.0,0.0,0.0,1,0.0
M. Banjac,Krylya Sovetov,Bačka Topola,"AMF, RW",26,1500000,2028-06-30,1,87,1,0.08,1,0.21,30.0,62.07,Serbia,Serbia,right,186,76,no,7.24,5.17,60.0,3.1,66.67,0.0,0.0,0.0,4.14,5.0,2.07,1,1.03,0,0.0,9.31,1.03,1,1.03,0.08,0,0.0,1,1.03,100.0,100.0,1.03,3.1,0.0,3.1,0.0,0.0,0.0,1.03,11.38,72.73,19.66,63.16,3.1,2.07,0.0,21.72,0.0,5.17,34.14,57.58,12.41,33.33,4.14,100.0,7.24,57.14,27.93,70.37,3.1,0.0,16.15,30.71,0.21,2.07,0.0,0.0,1.03,0.0,0.0,2.07,0.0,2.07,50.0,1.03,0.0,1.03,0.0,3.1,66.67,0,,0,,0,0.0,0.0,0.0,,,0.0,,,1.03,1.03,100.0,3.1,0,0.0
M. Vidosavljević,Vojvodina,Radnički Kragujevac,"CF, RW, AMF",25,1500000,2029-06-30,29,2170,7,7.0,4,4.54,23.68,44.48,Serbia,Serbia,left,180,71,no,6.01,6.06,63.7,3.07,24.32,0.29,0.4,0.04,1.87,2.55,1.24,4,0.17,0,0.0,3.44,0.29,4,0.17,0.29,0,0.0,41,1.7,43.9,17.073,0.17,1.33,43.75,0.25,16.67,1.04,52.0,0.21,3.86,48.39,10.66,38.13,2.49,1.58,0.54,14.85,1.29,2.12,24.14,76.63,6.35,64.05,4.56,89.09,8.13,78.06,21.24,81.05,1.66,47.5,17.14,30.19,0.19,1.66,0.0,0.04,0.91,27.27,0.83,3.19,61.04,2.16,59.62,1.04,24.0,1.0,0.5,3.11,72.0,0,,0,,0,0.0,0.0,0.0,,,0.04,,,0.71,0.12,33.33,1.45,3,100.0
J. Ćalušić,Konyaspor,Bačka Topola,LCB,32,1300000,,31,2722,2,1.96,1,0.05,11.08,57.91,Croatia,Croatia,left,187,83,no,7.94,3.9,66.1,4.27,58.14,0.43,0.65,0.43,4.93,7.44,0.89,6,0.2,0,0.0,0.3,0.07,2,0.07,0.06,1,0.03,13,0.43,23.08,15.385,0.03,0.23,57.14,0.23,57.14,0.0,0.0,0.0,0.23,28.57,1.02,38.71,0.6,1.29,0.07,40.3,0.43,0.36,57.76,85.17,29.82,78.71,2.74,93.98,21.39,92.27,46.85,91.53,10.68,57.89,23.43,38.24,0.0,0.07,0.0,0.07,0.03,0.0,0.0,11.18,67.46,1.59,29.17,1.22,24.32,0.23,0.1,16.17,78.94,0,,0,,0,0.0,0.0,0.0,,,1.65,,,0.0,0.0,0.0,0.0,0,0.0
A. Stojković,Partizan,Bačka Topola,"RCB, LB",31,1300000,,29,2331,1,2.0,4,2.27,15.75,51.23,Serbia,Serbia,right,182,80,no,7.8,6.33,55.49,1.93,42.0,0.77,1.15,0.12,3.51,5.22,1.39,9,0.35,0,0.0,2.16,0.04,1,0.04,0.08,0,0.0,20,0.77,25.0,5.0,0.15,1.51,35.9,0.35,22.22,1.12,41.38,0.27,1.66,72.09,4.4,52.63,1.35,2.47,0.66,32.51,1.66,1.2,45.52,81.76,18.07,71.37,6.02,94.87,15.95,87.17,37.07,89.17,6.99,52.49,18.83,34.21,0.09,0.54,0.0,0.0,0.42,54.55,0.39,6.41,63.86,2.32,45.0,1.16,30.0,0.93,0.5,10.27,75.56,0,,0,,0,0.0,0.0,0.0,,,1.08,,,0.12,0.04,100.0,0.04,0,0.0
A. Katai,Crvena Zvezda,Crvena Zvezda,"CF, LAMF, AMF",35,1300000,2027-06-30,35,2577,17,19.21,9,6.4,20.33,45.36,Serbia,Serbia,right,182,70,no,4.02,3.46,51.52,3.53,48.51,0.21,0.39,0.07,2.03,3.74,1.33,3,0.1,0,0.0,5.73,0.59,14,0.49,0.67,1,0.03,140,4.89,37.86,12.143,0.31,2.51,33.33,2.1,33.33,0.28,25.0,0.45,4.82,55.07,10.16,43.3,7.51,2.48,0.73,29.06,2.51,0.84,36.15,79.03,9.64,72.83,7.68,90.91,11.32,82.41,31.26,84.02,2.41,60.87,17.42,33.11,0.22,1.89,0.1,0.1,1.01,37.93,1.12,4.05,77.59,4.37,57.6,1.22,40.0,2.65,0.84,5.94,85.29,0,,0,,0,0.0,0.0,0.0,,,0.07,,,0.77,0.49,28.57,0.73,3,100.0
N. Jojić,Radomlje,Mladost Lučani,"RW, RAMF, CF",22,1200000,2027-06-30,37,3175,7,6.55,8,6.3,21.86,39.95,Serbia,Serbia,left,183,73,no,5.78,5.13,59.12,4.2,34.46,0.34,0.43,0.06,2.41,3.02,0.88,2,0.06,0,0.0,2.52,0.2,7,0.2,0.19,1,0.03,47,1.33,44.68,14.894,0.23,1.64,31.03,0.74,34.62,0.88,25.81,0.26,2.64,51.61,8.67,35.62,2.47,0.96,0.43,12.3,1.81,2.1,19.56,71.16,4.65,54.27,4.59,88.89,5.7,67.66,16.53,77.19,1.5,45.28,16.78,28.63,0.18,1.45,0.09,0.0,0.2,28.57,0.37,1.13,50.0,2.07,43.84,0.31,27.27,0.62,0.51,2.69,63.16,0,,0,,0,0.0,0.0,0.0,,,0.06,,,1.25,0.23,25.0,2.24,1,0.0
M. Rodić,OFK Beograd,Crvena Zvezda,LB,35,1200000,2026-12-31,26,2013,1,1.18,1,3.6,15.78,50.99,Serbia,Serbia,left,185,70,no,8.27,6.84,61.44,4.34,56.7,0.18,0.31,0.04,3.89,6.74,1.39,2,0.09,0,0.0,2.5,0.04,1,0.04,0.05,1,0.04,15,0.67,33.33,6.667,0.04,4.16,36.56,4.16,36.56,0.0,0.0,0.63,1.03,56.52,2.32,36.54,1.74,0.94,0.13,35.14,2.06,0.18,45.02,80.83,16.41,75.2,5.5,95.93,16.14,82.27,36.8,88.34,4.34,57.73,19.74,32.96,0.16,1.12,0.04,0.18,0.4,44.44,0.54,6.08,72.79,4.38,43.88,0.76,47.06,0.76,1.52,9.75,86.24,0,,0,,0,0.0,0.0,0.0,,,0.58,,,0.36,0.0,0.0,0.04,0,0.0
M. Ergelas,Mačva Šabac,Novi Pazar,"LAMF, LW, RW",23,1200000,,23,990,1,0.7,1,1.57,22.18,43.03,Serbia,Serbia,left,178,67,no,7.91,8.09,47.19,2.82,38.71,0.82,0.98,0.18,3.27,3.91,1.55,3,0.27,0,0.0,2.45,0.09,1,0.09,0.06,0,0.0,12,1.09,16.67,8.333,0.09,1.73,26.32,1.27,21.43,0.36,50.0,0.18,3.45,44.74,8.64,44.21,1.82,1.18,0.64,12.18,0.73,2.45,20.0,65.0,7.82,56.98,4.36,87.5,4.91,62.96,15.36,75.15,3.09,32.35,17.47,23.43,0.14,0.64,0.0,0.0,0.27,100.0,0.45,2.91,53.13,1.27,57.14,0.36,75.0,0.55,0.55,4.82,58.49,0,,0,,0,0.0,0.0,0.0,,,0.09,,,0.0,0.0,0.0,0.36,0,0.0
F. Diabaté,Kasımpaşa,Partizan,"RAMF, RW, RWF",30,1000000,2027-06-30,32,2487,2,3.16,6,5.54,23.52,45.69,France,"France, Mali",left,178,70,no,5.39,4.56,60.32,2.06,40.35,0.04,0.05,0.0,2.61,3.82,0.65,0,0.0,0,0.0,5.14,0.07,2,0.07,0.11,0,0.0,37,1.34,29.73,5.405,0.22,2.21,44.26,0.22,83.33,1.92,41.51,0.18,6.73,54.3,14.62,43.56,3.04,3.22,0.98,27.14,1.63,1.95,38.14,83.59,8.79,75.72,9.59,93.96,10.93,84.77,35.46,86.22,0.62,70.59,14.91,19.39,0.2,1.38,0.11,0.0,0.25,42.86,0.69,2.42,79.1,2.93,59.26,0.22,66.67,1.7,0.76,4.45,81.3,0,,0,,0,0.0,0.0,0.0,,,0.07,,,0.0,0.0,0.0,0.07,0,0.0
A. Vulić,Spartak Subotica,Javor Ivanjica,GK,25,1000000,2028-06-30,17,1629,0,0.0,0,0.0,0.55,80.0,Serbia,Serbia,right,203,86,no,1.77,0.11,100.0,0.33,66.67,0.0,0.0,0.0,1.66,2.12,0.0,3,0.17,0,0.0,0.0,0.0,0,0.0,0.0,0,0.0,0,0.0,0.0,0.0,0.0,0.0,0.0,0.0,0.0,0.0,0.0,0.0,0.0,0.0,0.06,100.0,0.0,0.0,0.0,5.19,0.11,0.11,13.04,71.61,9.78,67.23,0.0,0.0,3.09,83.93,5.08,86.96,7.96,61.81,41.56,51.77,0.0,0.0,0.0,0.0,0.0,0.0,0.0,3.59,55.38,0.11,0.0,0.11,0.0,0.0,0.0,6.08,77.27,34,1.88,90,4.97,1,62.22,28.04,1.55,-5.96,-0.329,0.0,1.55,0.33,,,,0.0,0,0.0
P. Stanić,Ludogorets,Spartak Subotica,"LCMF, AMF",24,1000000,2028-06-30,30,2017,3,2.56,2,1.26,22.71,48.13,Serbia,Serbia,right,186,77,no,6.83,5.8,59.23,2.94,36.36,0.67,0.95,0.09,2.72,3.87,1.2,5,0.22,0,0.0,3.35,0.13,3,0.13,0.11,0,0.0,42,1.87,28.57,7.143,0.09,0.94,33.33,0.45,20.0,0.49,45.45,0.09,4.37,52.04,11.11,49.8,1.12,2.45,0.8,21.95,0.54,3.08,34.85,80.79,12.36,67.87,4.82,94.44,12.27,88.36,30.65,84.43,3.26,60.27,18.81,33.88,0.06,0.49,0.04,0.09,0.94,23.81,0.4,6.25,72.86,2.28,43.14,1.07,20.83,0.94,0.36,6.29,75.18,0,,0,,0,0.0,0.0,0.0,,,0.04,,,0.62,0.13,100.0,0.4,0,0.0
L. Bijelović,Novi Pazar,Spartak Subotica,"RW, RAMF",25,1000000,,31,2517,8,5.79,1,2.86,18.81,45.06,Serbia,Serbia,right,186,80,no,5.08,3.75,65.71,2.18,44.26,0.25,0.34,0.07,2.36,3.21,0.46,4,0.14,0,0.0,2.86,0.29,6,0.21,0.21,1,0.04,40,1.43,35.0,20.0,0.04,1.32,27.03,0.07,0.0,1.25,28.57,0.11,3.33,54.84,10.37,39.31,2.43,2.32,1.36,20.63,1.72,1.11,30.18,79.74,7.72,69.44,6.22,93.1,9.69,79.34,27.39,83.42,1.54,60.47,15.6,20.23,0.1,0.86,0.14,0.07,0.54,33.33,0.36,3.79,73.58,2.18,59.02,0.68,21.05,1.36,0.32,5.18,81.38,0,,0,,0,0.0,0.0,0.0,,,0.0,,,0.0,0.0,0.0,0.07,2,100.0
U. Kabić,Crvena Zvezda,Vojvodina,"RAMF, RW, AMF",22,1000000,2029-06-30,19,589,2,0.42,0,0.35,27.28,35.63,Serbia,Serbia,left,183,76,no,4.23,5.33,58.82,1.57,30.0,0.16,0.2,0.0,0.94,1.21,1.1,0,0.0,0,0.0,3.45,0.31,1,0.16,0.07,0,0.0,6,0.94,33.33,16.667,0.0,1.88,16.67,0.47,33.33,1.41,11.11,0.16,6.11,41.03,15.99,31.37,1.57,2.51,0.94,13.48,0.78,2.82,17.4,74.77,4.7,70.0,4.23,88.89,4.55,72.41,13.8,87.5,1.88,33.33,15.17,10.31,0.06,0.63,0.0,0.0,0.47,66.67,0.63,1.41,33.33,2.35,53.33,0.31,50.0,0.94,0.31,1.88,75.0,0,,0,,0,0.0,0.0,0.0,,,0.0,,,0.16,0.16,100.0,0.16,0,0.0
I. Milosavljević,AEL,Bačka Topola,"LCMF, AMF, LW",26,1000000,2027-05-31,32,1519,1,1.78,3,1.64,20.2,37.83,Serbia,Serbia,left,180,74,no,5.21,5.63,52.63,2.13,25.0,0.18,0.27,0.06,2.07,3.2,1.01,2,0.12,0,0.0,2.84,0.06,1,0.06,0.11,0,0.0,11,0.65,45.45,9.091,0.18,2.13,25.0,1.96,21.21,0.12,50.0,0.24,2.84,62.5,10.01,36.09,2.31,1.3,0.89,28.85,0.89,1.72,37.98,82.53,8.0,74.07,10.96,94.59,11.97,81.68,33.83,88.27,2.13,47.22,18.63,28.32,0.1,0.65,0.0,0.0,0.41,57.14,0.53,4.33,75.34,2.37,52.5,0.59,40.0,0.83,0.59,4.62,70.51,0,,0,,0,0.0,0.0,0.0,,,0.41,,,0.06,0.0,0.0,0.3,0,0.0
S. Jovanović,Bačka Topola,Bačka Topola,"CF, RWF",34,1000000,2027-06-23,34,2874,10,9.04,11,9.56,17.88,39.23,Serbia,Serbia,right,176,75,no,3.73,4.89,45.51,1.13,22.22,0.06,0.1,0.03,1.44,2.22,1.82,6,0.19,0,0.0,5.17,0.31,10,0.31,0.28,1,0.03,60,1.88,43.33,16.667,0.34,4.92,43.95,1.63,40.38,3.26,45.19,0.44,3.16,60.4,8.96,42.66,5.57,1.44,0.85,18.19,2.47,1.5,23.2,68.29,5.07,57.41,5.26,89.29,7.8,64.66,17.13,77.15,1.41,44.44,18.5,28.38,0.3,1.63,0.16,0.0,0.72,39.13,1.32,1.66,54.72,3.95,52.38,0.72,34.78,1.38,1.94,3.38,82.41,0,,0,,0,0.0,0.0,0.0,,,0.0,,,0.0,0.0,0.0,0.06,0,0.0
S. Vukić,Anorthosis,Bačka Topola,CF,31,1000000,,27,1164,3,2.98,2,1.08,23.04,30.87,Serbia,Serbia,right,189,85,no,2.71,2.16,46.43,5.03,26.15,0.39,0.57,0.15,1.31,1.92,1.7,4,0.31,0,0.0,1.08,0.23,3,0.23,0.23,1,0.08,24,1.86,29.17,12.5,0.15,0.31,50.0,0.08,0.0,0.23,66.67,0.0,0.85,27.27,9.36,32.23,3.02,0.31,0.0,19.56,3.09,2.63,26.68,84.35,3.32,76.74,9.9,89.84,7.11,82.61,25.44,85.41,0.93,66.67,13.75,10.91,0.08,0.7,0.08,0.0,0.23,66.67,0.31,1.93,76.0,0.62,75.0,0.23,66.67,0.54,0.08,1.47,52.63,0,,0,,0,0.0,0.0,0.0,,,0.0,,,0.0,0.0,0.0,0.0,0,0.0
L. Adžić,Lion City Sailors FC,Čukarički,"LAMF, LW",27,1000000,,23,1009,2,4.07,0,2.24,20.78,42.06,Serbia,Serbia,right,184,75,no,5.0,4.28,52.08,2.32,46.15,0.27,0.39,0.0,2.5,3.64,1.61,6,0.54,0,0.0,5.17,0.18,1,0.09,0.36,0,0.0,29,2.59,31.03,6.897,0.0,2.23,32.0,1.78,30.0,0.45,40.0,0.09,6.51,52.05,12.49,40.71,3.12,2.41,0.62,18.02,0.89,1.07,24.26,77.57,5.0,71.43,6.51,90.41,7.22,72.84,21.59,82.64,0.54,50.0,16.81,8.49,0.2,1.69,0.36,0.0,0.45,60.0,0.89,1.78,85.0,2.41,44.44,0.36,50.0,0.71,0.62,3.12,77.14,0,,0,,0,0.0,0.0,0.0,,,0.09,,,0.54,0.09,0.0,2.5,1,100.0
J. Lukić,Philadelphia Union,Čukarički,"AMF, RCMF, RDMF",24,1000000,2026-12-31,10,263,0,0.19,1,0.42,24.98,53.42,Serbia,Serbia,right,180,73,no,6.5,5.82,58.82,4.45,69.23,0.0,0.0,0.0,3.08,4.66,3.08,2,0.68,0,0.0,3.42,0.0,0,0.0,0.07,0,0.0,3,1.03,33.33,0.0,0.34,0.68,50.0,0.68,50.0,0.0,0.0,0.0,3.08,66.67,10.61,41.94,1.37,2.4,2.05,19.16,1.37,2.4,30.8,77.78,10.61,74.19,3.76,100.0,12.32,80.56,28.4,79.52,2.05,50.0,16.98,14.85,0.15,0.68,0.0,0.0,1.37,50.0,0.68,5.82,70.59,1.71,80.0,1.37,50.0,1.03,0.34,5.82,82.35,0,,0,,0,0.0,0.0,0.0,,,0.0,,,0.0,0.0,0.0,0.34,0,0.0
M. Stevanović,Maccabi Bnei Raina,Čukarički,RB,30,1000000,,26,2273,0,1.0,0,1.35,17.98,53.74,Bosnia and Herzegovina,"Bosnia and Herzegovina, Serbia",right,179,80,no,8.99,8.08,62.25,3.52,56.18,0.16,0.22,0.2,3.8,5.38,1.47,3,0.12,0,0.0,1.82,0.0,0,0.0,0.04,0,0.0,10,0.4,0.0,0.0,0.0,3.29,33.73,0.04,0.0,3.25,34.15,0.2,1.31,51.52,3.88,41.84,0.51,0.91,0.51,19.8,0.95,0.63,32.19,74.66,13.38,68.64,4.36,93.64,9.9,78.4,24.23,84.97,4.79,50.41,20.94,34.26,0.05,0.59,0.08,0.0,0.12,33.33,0.36,5.58,59.57,2.89,43.84,0.4,30.0,0.32,0.99,8.16,74.27,0,,0,,0,0.0,0.0,0.0,,,0.48,,,0.08,0.08,0.0,0.04,0,0.0
B. Nikčević,Čukarički,Novi Pazar,"RW, RAMF, CF",26,1000000,,27,2207,7,5.83,2,1.73,22.66,41.84,Montenegro,"Montenegro, Serbia",right,182,79,no,4.72,5.06,54.62,3.19,33.33,0.21,0.27,0.09,1.74,2.22,1.74,4,0.16,0,0.0,4.46,0.29,3,0.13,0.25,0,0.0,34,1.45,41.18,20.588,0.09,3.7,32.18,0.3,0.0,3.36,35.44,0.3,4.34,59.8,11.86,40.14,2.42,1.74,0.51,11.35,1.57,1.11,19.98,67.23,4.93,57.76,4.46,91.43,6.38,58.67,15.52,77.81,1.11,19.23,18.45,21.9,0.07,0.89,0.04,0.0,0.21,40.0,0.38,1.28,56.67,3.06,43.06,0.3,28.57,0.6,1.02,3.19,64.0,0,,0,,0,0.0,0.0,0.0,,,0.09,,,0.0,0.0,0.0,0.04,4,100.0
E. Prutsev,Crvena Zvezda,Crvena Zvezda,"RAMF, LW, RW",23,1000000,2030-06-30,10,443,0,0.5,0,0.93,24.38,45.0,Russia,Russia,both,181,0,no,8.94,9.35,50.0,2.64,38.46,0.0,0.0,0.2,4.27,7.16,1.63,0,0.0,0,0.0,4.27,0.0,0,0.0,0.1,0,0.0,5,1.02,20.0,0.0,0.0,3.86,26.32,2.23,18.18,1.63,37.5,0.0,5.28,53.85,10.36,43.14,6.3,3.45,0.81,25.8,0.81,0.2,34.13,77.38,8.13,70.0,8.74,93.02,8.74,74.42,29.46,84.83,0.81,50.0,17.04,7.33,0.19,1.22,0.41,0.0,1.02,20.0,0.81,1.63,62.5,4.06,50.0,1.22,16.67,3.25,1.02,6.3,93.55,0,,0,,0,0.0,0.0,0.0,,,0.0,,,0.0,0.0,0.0,0.0,0,0.0
A. Vigo,Talleres Córdoba,Crvena Zvezda,RB,27,1000000,2026-12-31,13,1175,3,1.17,1,1.29,17.62,48.26,Argentina,Argentina,right,175,75,no,8.35,7.97,54.81,1.84,54.17,0.46,0.76,0.15,3.52,5.85,1.69,3,0.23,0,0.0,2.91,0.23,3,0.23,0.09,0,0.0,6,0.46,83.33,50.0,0.08,3.68,35.42,0.08,0.0,3.6,36.17,0.38,2.3,53.33,5.29,42.03,2.3,1.69,0.84,37.15,3.45,1.38,48.03,86.6,12.87,78.57,9.8,97.66,15.47,87.13,42.97,91.98,1.53,50.0,17.26,34.64,0.1,1.07,0.15,0.08,0.0,0.0,0.77,4.14,87.04,3.75,57.14,0.0,0.0,1.3,1.38,6.89,77.78,0,,0,,0,0.0,0.0,0.0,,,1.0,,,0.0,0.0,0.0,0.15,0,0.0
A. Pešić,Ferencváros,Crvena Zvezda,CF,34,1000000,,28,2021,11,12.0,6,4.53,22.27,32.2,Serbia,Serbia,right,190,87,no,1.91,1.96,59.09,5.03,29.2,0.04,0.08,0.18,0.71,1.26,1.34,4,0.18,0,0.0,3.38,0.49,11,0.49,0.53,5,0.22,66,2.94,45.45,16.667,0.27,0.98,27.27,0.62,28.57,0.22,20.0,0.22,2.27,62.75,10.33,31.47,6.55,1.02,0.27,8.37,1.02,1.29,12.96,71.13,2.54,61.4,4.41,88.89,2.81,60.32,11.67,74.81,0.36,62.5,14.14,9.11,0.2,1.16,0.0,0.0,0.49,72.73,0.94,1.02,56.52,1.43,59.38,0.53,75.0,1.43,0.27,1.11,84.0,0,,0,,0,0.0,0.0,0.0,,,0.0,,,0.0,0.0,0.0,0.0,1,0.0
V. Simić,Sabah,Vojvodina,"AMF, CF, LW",31,1000000,2028-06-30,34,2460,7,8.09,3,3.31,15.07,48.36,Serbia,Serbia,right,178,70,no,4.9,4.52,55.46,1.06,32.14,0.23,0.31,0.15,2.16,2.97,1.21,3,0.11,1,0.04,3.57,0.26,7,0.27,0.31,1,0.04,48,1.82,43.75,14.583,0.11,1.56,41.46,0.91,33.33,0.61,50.0,0.19,3.19,59.52,6.72,48.59,3.91,2.09,1.59,18.22,1.02,1.59,24.79,80.86,5.62,72.3,5.77,91.45,9.0,81.43,22.09,85.22,1.21,50.0,17.11,19.2,0.13,0.91,0.0,0.04,0.42,54.55,0.61,2.35,69.35,2.16,63.16,0.34,33.33,1.33,0.72,3.04,68.75,0,,0,,0,0.0,0.0,0.0,,,0.08,,,0.0,0.0,0.0,0.0,0,0.0
V. Prijović,Al Sharjah,Napredak Kruševac,"LB, LCB",24,900000,2027-06-30,15,1195,1,0.25,1,1.06,19.05,52.17,Serbia,Serbia,left,187,78,no,11.07,9.64,50.78,2.33,54.84,0.75,1.01,0.23,5.42,7.27,2.79,1,0.08,0,0.0,1.81,0.08,1,0.08,0.02,0,0.0,3,0.23,33.33,33.333,0.08,1.96,46.15,1.96,46.15,0.0,0.0,0.3,1.36,61.11,3.46,47.83,0.68,0.3,0.3,16.12,0.98,0.68,28.02,72.31,13.26,61.36,3.62,97.92,7.91,80.95,20.71,84.0,5.35,36.62,22.19,30.93,0.08,0.38,0.0,0.0,0.08,0.0,0.38,4.52,58.33,1.73,52.17,0.23,33.33,0.23,0.9,7.61,65.35,0,,0,,0,0.0,0.0,0.0,,,0.9,,,0.23,0.0,0.0,0.0,0,0.0
M. Traoré,Dalian Young Boy,Vojvodina,"RCB, LCB",31,900000,2026-12-31,31,2842,1,1.96,0,0.22,14.06,59.73,Mali,Mali,right,191,83,no,9.84,5.63,62.29,5.21,59.88,0.32,0.43,0.8,6.02,8.08,0.84,4,0.13,0,0.0,0.26,0.03,1,0.03,0.06,0,0.0,15,0.48,26.67,6.667,0.0,0.1,66.67,0.0,0.0,0.06,100.0,0.0,0.16,40.0,0.9,39.29,0.48,0.84,0.16,28.82,0.39,0.55,44.87,83.15,18.66,69.83,2.22,94.2,20.62,93.45,37.34,90.09,7.43,48.48,22.56,36.84,0.01,0.06,0.0,0.0,0.0,0.0,0.03,6.34,57.36,1.0,38.71,0.51,18.75,0.32,0.03,9.04,65.12,0,,0,,0,0.0,0.0,0.0,,,1.48,,,0.0,0.0,0.0,0.0,0,0.0
M. Lazarević,Partizan,Vojvodina,"RB, LB",29,900000,2027-06-30,29,2283,1,0.15,2,1.53,19.21,56.41,Serbia,"Serbia, Bosnia and Herzegovina",right,177,73,no,11.7,8.17,63.32,2.91,64.79,0.45,0.6,0.12,6.07,8.06,1.03,2,0.08,0,0.0,2.42,0.04,1,0.04,0.01,0,0.0,6,0.25,50.0,16.667,0.08,3.2,35.9,0.7,23.53,2.5,39.34,0.41,1.72,64.29,5.29,44.96,0.78,1.44,0.78,25.85,1.76,1.6,41.12,73.15,16.62,64.44,6.36,90.97,12.27,76.59,32.59,80.98,5.58,47.79,18.55,31.6,0.06,0.53,0.12,0.04,0.04,100.0,0.21,5.5,58.96,3.04,39.19,0.12,0.0,0.41,1.11,9.89,64.73,0,,0,,0,0.0,0.0,0.0,,,0.53,,,0.33,0.0,0.0,0.25,0,0.0
H. Traoré,Sarıyer,Partizan,"RDMF, DMF",29,900000,,14,923,0,0.25,0,0.24,22.82,50.43,Mali,Mali,right,175,70,no,11.99,9.95,60.78,3.71,42.11,0.49,0.68,0.39,5.46,7.57,1.27,2,0.2,0,0.0,1.56,0.0,0,0.0,0.02,0,0.0,7,0.68,28.57,0.0,0.0,0.39,75.0,0.1,0.0,0.29,100.0,0.1,1.46,66.67,5.85,48.33,0.29,0.88,0.29,43.49,0.1,0.78,61.53,85.42,22.82,75.64,5.46,94.64,24.96,92.58,54.8,89.68,6.44,50.0,18.19,31.03,0.02,0.68,0.1,0.0,0.29,33.33,0.2,11.12,77.19,1.46,46.67,0.78,25.0,0.59,0.2,10.43,77.57,0,,0,,0,0.0,0.0,0.0,,,0.88,,,0.0,0.0,0.0,0.0,0,0.0
S. Leković,Al Jazira,Radnički Kragujevac,GK,24,900000,2028-06-30,22,2107,0,0.0,0,0.0,0.73,82.35,Serbia,Serbia,right,199,86,no,1.96,0.13,66.67,0.38,88.89,0.0,0.0,0.0,1.88,2.39,0.0,1,0.04,0,0.0,0.0,0.0,0,0.0,0.0,0,0.0,0,0.0,0.0,0.0,0.0,0.0,0.0,0.0,0.0,0.0,0.0,0.0,0.0,0.0,0.0,0.0,0.0,0.0,0.0,10.85,0.17,0.13,18.15,82.35,10.89,75.29,0.0,0.0,6.49,93.42,10.51,97.15,7.6,62.36,33.12,48.07,0.0,0.0,0.0,0.0,0.0,0.0,0.0,1.54,61.11,0.04,0.0,0.0,0.0,0.0,0.0,5.77,71.11,28,1.2,97,4.14,6,71.13,27.42,1.17,-0.58,-0.025,0.0,1.75,0.38,,,,0.0,0,0.0
G. Kanga, Esenler Erokspor,Crvena Zvezda,"RDMF, RCMF, LCMF",35,900000,2027-06-30,30,2577,10,6.24,10,10.68,19.7,58.51,Gabon,"Gabon, Serbia",right,167,65,no,5.38,4.33,61.29,1.54,38.64,0.21,0.38,0.03,2.51,4.52,0.77,8,0.28,0,0.0,6.74,0.35,4,0.14,0.22,0,0.0,59,2.06,33.9,16.949,0.35,5.03,43.06,1.08,48.39,3.84,41.82,0.7,3.88,77.48,10.27,65.99,0.8,1.92,0.38,65.17,0.59,4.68,83.08,86.42,28.6,80.83,8.59,96.34,37.19,89.3,67.96,92.09,10.3,69.15,21.46,37.62,0.37,3.25,0.21,0.0,1.54,56.82,1.08,19.14,82.48,8.56,56.33,2.83,50.62,2.83,2.24,19.21,89.27,0,,0,,0,0.0,0.0,0.0,,,1.26,,,1.5,0.24,28.57,6.08,6,100.0
F. Jović,,Novi Pazar,LB,26,900000,,31,2343,0,1.32,1,0.41,17.58,55.91,Serbia,Serbia,left,182,71,no,8.99,6.99,66.29,3.4,56.47,0.32,0.39,0.24,4.03,4.98,0.96,5,0.19,1,0.04,1.32,0.0,0,0.0,0.05,0,0.0,11,0.44,27.27,0.0,0.04,1.56,10.26,1.52,10.53,0.04,0.0,0.28,2.0,48.0,4.59,49.57,0.72,1.12,0.8,18.7,1.68,1.76,26.48,74.51,12.62,66.14,4.03,96.04,5.67,71.13,21.33,85.02,3.75,39.36,20.07,35.62,0.02,0.24,0.0,0.0,0.16,50.0,0.08,4.47,63.39,1.72,27.91,0.32,25.0,0.4,0.28,6.27,64.97,0,,0,,0,0.0,0.0,0.0,,,0.44,,,0.0,0.0,0.0,0.0,0,0.0
N. Campbell,V-Varen Nagasaki,Javor Ivanjica,"RAMF, LAMF, RW",26,850000,2028-06-30,35,2536,7,7.24,4,3.43,21.75,36.7,Jamaica,Jamaica,right,175,73,no,6.46,6.28,50.28,2.77,20.51,0.07,0.1,0.11,3.23,4.35,1.77,7,0.25,0,0.0,4.08,0.25,7,0.25,0.26,0,0.0,61,2.16,39.34,11.475,0.14,3.02,27.06,0.64,33.33,2.34,24.24,0.67,4.72,47.37,9.97,36.65,3.34,1.56,0.96,12.63,2.27,0.96,21.51,67.99,6.25,61.36,5.04,83.8,6.39,65.56,17.18,76.24,1.46,48.78,17.74,25.56,0.12,0.96,0.07,0.0,0.5,35.71,0.43,1.67,61.7,2.48,38.57,0.43,25.0,0.64,0.92,3.87,68.81,0,,0,,0,0.0,0.0,0.0,,,0.0,,,0.25,0.07,50.0,1.24,0,0.0
P. Gigić,Khujand,Javor Ivanjica,CF,29,850000,2026-12-31,35,2806,7,9.98,4,2.23,25.79,35.57,Serbia,Serbia,right,186,78,no,2.6,2.02,61.9,10.39,37.04,0.26,0.35,0.1,1.09,1.49,1.35,9,0.29,0,0.0,1.67,0.22,5,0.16,0.32,0,0.0,46,1.48,41.3,15.217,0.13,0.77,25.0,0.13,25.0,0.64,25.0,0.03,1.51,48.94,8.66,34.07,2.95,0.38,0.26,9.46,1.7,1.73,15.75,71.08,3.69,53.04,3.88,85.95,4.68,75.34,13.79,74.42,1.22,60.53,16.7,21.32,0.07,0.51,0.03,0.06,0.35,36.36,0.29,1.99,67.74,1.15,33.33,0.38,25.0,0.51,0.22,1.83,75.44,0,,0,,0,0.0,0.0,0.0,,,0.0,,,0.0,0.0,0.0,0.0,4,50.0
S. Sissoko,Čukarički,Čukarički,"RDMF, RCMF, LCMF",26,850000,2027-06-30,24,1638,0,0.23,0,0.32,16.43,55.85,Mali,Mali,right,181,70,no,10.71,8.3,60.93,3.3,53.33,0.88,1.13,0.16,4.78,6.14,1.54,6,0.33,1,0.05,0.93,0.0,0,0.0,0.01,0,0.0,10,0.55,20.0,0.0,0.0,0.16,33.33,0.0,0.0,0.16,33.33,0.0,0.93,70.59,2.31,57.14,0.11,1.04,0.66,24.62,0.16,0.44,38.63,84.07,12.14,67.42,4.95,97.78,16.65,92.41,33.57,89.03,4.89,51.69,19.92,32.22,0.02,0.27,0.0,0.0,0.27,40.0,0.11,7.58,74.64,1.1,55.0,0.33,33.33,0.44,0.11,6.7,75.41,0,,0,,0,0.0,0.0,0.0,,,0.55,,,0.0,0.0,0.0,0.0,0,0.0
M. Rakonjac,OFI,Crvena Zvezda,"CF, AMF",26,850000,2027-06-30,13,606,4,3.83,1,0.85,19.01,39.06,Montenegro,"Montenegro, Serbia",right,191,73,no,2.52,2.23,66.67,5.79,43.59,0.15,0.25,0.3,0.89,1.48,0.89,0,0.0,0,0.0,2.82,0.59,4,0.59,0.57,2,0.3,22,3.27,40.91,18.182,0.15,1.04,28.57,0.59,25.0,0.45,33.33,0.3,2.52,41.18,8.32,33.93,6.09,0.45,0.3,15.89,0.74,1.63,17.08,84.35,2.52,64.71,5.5,94.59,3.86,80.77,15.74,88.68,0.45,33.33,12.57,9.85,0.13,0.89,0.15,0.0,0.3,50.0,0.3,1.04,57.14,1.04,57.14,0.3,50.0,1.19,0.3,1.04,71.43,0,,0,,0,0.0,0.0,0.0,,,0.0,,,0.0,0.0,0.0,0.0,0,0.0
A. Colorado,Necaxa,Partizan,"LDMF, RDMF, RCMF",27,800000,,14,999,1,0.53,1,0.17,14.86,53.94,Colombia,Colombia,right,193,81,no,8.83,8.47,47.87,2.43,59.26,0.18,0.23,0.09,4.59,5.93,2.16,2,0.18,0,0.0,0.72,0.09,1,0.09,0.05,0,0.0,8,0.72,37.5,12.5,0.09,0.09,0.0,0.0,0.0,0.09,0.0,0.0,0.45,60.0,1.53,52.94,0.63,0.63,0.18,33.24,0.09,0.9,46.85,87.12,14.77,75.61,6.31,95.71,17.21,95.81,44.77,88.73,1.98,54.55,17.63,25.32,0.02,0.18,0.0,0.09,0.63,28.57,0.18,7.3,75.31,0.81,33.33,0.54,16.67,0.45,0.0,7.57,78.57,0,,0,,0,0.0,0.0,0.0,,,0.72,,,0.0,0.0,0.0,0.0,0,0.0
S. Manojlović,Radnički Niš,Javor Ivanjica,GK,23,800000,2026-06-30,18,1748,0,0.0,0,0.0,0.62,66.67,Bosnia and Herzegovina,"Bosnia and Herzegovina, Serbia",right,190,79,no,1.49,0.0,0.0,0.46,77.78,0.0,0.0,0.0,1.49,2.14,0.0,1,0.05,0,0.0,0.0,0.0,0,0.0,0.0,0,0.0,0,0.0,0.0,0.0,0.0,0.0,0.0,0.0,0.0,0.0,0.0,0.0,0.0,0.0,0.05,100.0,0.0,0.0,0.0,8.7,0.05,0.15,16.94,81.46,9.99,74.23,0.0,0.0,6.08,94.92,9.99,94.85,6.8,63.64,35.07,49.76,0.0,0.0,0.0,0.0,0.0,0.0,0.0,2.27,40.91,0.26,0.0,0.0,0.0,0.0,0.0,5.2,76.24,17,0.88,87,4.48,8,80.46,20.27,1.04,3.27,0.168,0.0,1.85,0.46,,,,0.0,0,0.0
N. Milojević,Marko,Kolubara,"LCMF, CF, RCMF",28,800000,2027-06-30,34,2535,3,3.0,3,2.7,21.09,46.01,Greece,"Greece, Serbia",left,183,71,no,7.53,5.58,55.48,3.09,40.74,0.84,1.03,0.15,3.59,4.39,1.53,3,0.11,0,0.0,2.33,0.11,2,0.08,0.11,0,0.0,31,1.18,29.03,9.677,0.11,0.88,30.43,0.61,31.25,0.27,28.57,0.11,2.87,54.67,9.17,42.92,0.96,1.34,0.57,17.08,0.65,2.18,27.92,81.53,8.21,68.37,5.69,93.29,9.78,87.89,24.94,85.15,2.22,58.62,17.78,29.68,0.1,0.8,0.0,0.0,0.27,57.14,0.27,4.24,67.57,1.07,39.29,0.46,41.67,0.31,0.19,3.97,73.08,0,,0,,0,0.0,0.0,0.0,,,0.5,,,0.99,0.19,60.0,1.41,1,100.0
S. Hajdin,Budućnost,Voždovac,LB,32,800000,2027-06-30,19,1764,2,2.19,0,0.45,18.32,51.53,Croatia,"Croatia, Serbia",left,188,79,no,9.44,6.68,58.02,3.98,53.85,0.31,0.41,0.2,5.26,7.05,1.28,3,0.15,0,0.0,2.04,0.1,2,0.1,0.11,1,0.05,20,1.02,30.0,10.0,0.0,2.19,30.23,2.14,30.95,0.05,0.0,0.31,2.19,48.84,4.18,39.02,1.43,1.12,0.61,26.94,2.04,1.02,41.17,78.44,14.74,67.13,7.09,94.96,14.13,81.95,33.57,85.71,5.56,51.38,20.45,34.0,0.02,0.36,0.1,0.0,0.05,0.0,0.2,4.69,63.04,2.5,38.78,0.2,25.0,0.31,0.71,7.45,68.49,0,,0,,0,0.0,0.0,0.0,,,0.87,,,0.1,0.05,0.0,0.0,0,0.0
N. Kuveljić,Spartak Subotica,Bačka Topola,"DMF, LCMF",29,800000,2027-06-30,28,1767,0,1.07,1,0.29,15.28,53.67,Serbia,Serbia,right,194,85,no,8.46,6.88,60.74,1.73,55.88,0.51,0.76,0.15,3.77,5.62,1.94,6,0.31,0,0.0,1.38,0.0,0,0.0,0.05,0,0.0,23,1.17,17.39,0.0,0.05,0.31,16.67,0.2,25.0,0.05,0.0,0.05,1.48,58.62,3.87,43.42,0.51,1.43,0.36,34.33,0.31,1.02,48.34,89.78,12.99,80.0,9.58,98.4,17.93,93.18,45.69,91.64,2.34,63.04,17.42,25.78,0.01,0.2,0.15,0.1,0.41,62.5,0.15,7.44,84.93,1.22,50.0,0.61,50.0,0.56,0.0,6.21,78.69,0,,0,,0,0.0,0.0,0.0,,,0.56,,,0.05,0.05,0.0,0.0,0,0.0
N. Nikolić,Budućnost,Vojvodina,CF,33,800000,2027-06-30,31,2111,4,5.95,6,3.44,27.75,32.41,Montenegro,"Montenegro, Serbia",right,188,78,no,2.64,2.39,53.57,8.78,31.07,0.38,0.53,0.17,0.98,1.37,1.24,4,0.17,0,0.0,1.45,0.17,3,0.13,0.25,0,0.0,40,1.71,37.5,10.0,0.26,0.55,23.08,0.38,22.22,0.17,25.0,0.0,1.45,35.29,11.21,30.04,3.88,0.47,0.04,16.46,2.52,2.13,27.93,75.11,6.99,57.93,6.78,90.57,7.93,79.03,25.32,77.61,2.05,58.33,16.55,29.39,0.15,1.02,0.0,0.0,0.6,28.57,0.6,3.41,57.5,2.09,59.18,0.6,21.43,1.83,0.13,3.45,72.84,0,,0,,0,0.0,0.0,0.0,,,0.0,,,0.0,0.0,0.0,0.13,1,100.0
J. Stanojev,Universitatea Cluj,Bačka Topola,"RWB, RCMF, RW",26,800000,2028-06-30,16,542,2,1.48,0,1.15,17.93,39.81,Serbia,Serbia,right,175,68,no,7.31,5.81,57.14,2.49,33.33,0.33,0.44,0.0,3.65,4.82,1.66,1,0.17,0,0.0,4.15,0.33,2,0.33,0.25,0,0.0,10,1.66,40.0,20.0,0.0,4.82,31.03,0.0,0.0,4.82,31.03,0.5,3.32,60.0,6.31,39.47,3.65,3.15,1.99,18.27,3.65,0.33,27.4,75.15,5.31,75.0,6.48,87.18,11.62,71.43,21.09,85.04,1.49,77.78,18.71,12.44,0.19,1.49,0.0,0.0,0.0,0.0,1.16,1.33,75.0,3.99,54.17,0.0,0.0,0.33,1.49,4.32,65.38,0,,0,,0,0.0,0.0,0.0,,,0.0,,,0.0,0.0,0.0,0.17,0,0.0
S. Ranđelović,Radnik Surdulica,Radnik Surdulica,GK,27,800000,2027-06-30,31,2973,0,0.0,0,0.34,0.91,80.0,Serbia,Serbia,right,188,84,no,1.73,0.09,66.67,0.48,87.5,0.0,0.0,0.0,1.66,2.29,0.0,3,0.09,0,0.0,0.06,0.0,0,0.0,0.0,0,0.0,0,0.0,0.0,0.0,0.0,0.0,0.0,0.0,0.0,0.0,0.0,0.0,0.06,100.0,0.21,100.0,0.0,0.0,0.0,6.96,0.06,0.24,14.65,82.23,8.78,72.76,0.0,0.0,5.51,96.7,7.42,96.73,7.24,67.36,36.6,48.63,0.01,0.03,0.0,0.03,0.0,0.0,0.0,2.0,65.15,0.03,0.0,0.06,50.0,0.0,0.0,5.33,80.68,43,1.3,137,4.15,10,68.61,41.55,1.26,-1.45,-0.044,0.0,1.94,0.48,,,,0.0,0,0.0
S. Tomović,Spartak Subotica,Čukarički,"AMF, CF",24,800000,2027-06-30,25,1247,5,2.51,0,1.28,15.73,39.91,Serbia,Serbia,both,184,75,no,2.24,2.53,51.43,0.79,9.09,0.0,0.0,0.0,0.94,1.35,0.58,4,0.29,0,0.0,4.19,0.36,5,0.36,0.18,0,0.0,21,1.52,47.62,23.81,0.0,1.37,52.63,0.58,37.5,0.79,63.64,0.29,4.47,50.0,10.54,40.41,3.1,2.09,0.79,26.92,1.08,1.73,37.6,82.34,10.32,76.22,8.01,89.19,10.1,83.57,35.0,84.33,1.3,55.56,15.99,16.32,0.09,1.23,0.07,0.0,1.44,35.0,0.65,4.84,70.15,3.03,69.05,1.3,33.33,1.95,0.65,4.91,86.76,0,,0,,0,0.0,0.0,0.0,,,0.0,,,0.0,0.0,0.0,1.01,0,0.0
U. Drezgić,Rubin Kazan',Čukarički,"LCB, RCB",23,800000,2027-06-30,27,2534,2,1.24,0,0.06,9.8,57.97,Serbia,Serbia,right,190,81,no,6.68,4.08,54.78,2.56,61.11,0.46,0.63,0.89,3.98,5.39,1.1,3,0.11,0,0.0,0.21,0.07,2,0.07,0.04,2,0.07,8,0.28,37.5,25.0,0.0,0.0,0.0,0.0,0.0,0.0,0.0,0.0,0.32,33.33,1.39,38.46,0.25,2.06,0.11,26.46,0.46,0.28,43.54,85.89,20.64,76.25,1.35,97.37,18.08,95.09,36.44,91.42,7.1,57.5,22.94,37.6,0.0,0.07,0.0,0.0,0.04,0.0,0.0,6.61,67.74,0.32,33.33,0.18,40.0,0.11,0.0,9.87,74.1,0,,0,,0,0.0,0.0,0.0,,,1.1,,,0.04,0.0,0.0,0.0,0,0.0
R. Pankov,Legia Warszawa,Čukarički,RCB,30,800000,,18,1486,1,0.25,0,0.0,13.69,61.06,Serbia,Serbia,right,185,83,no,8.42,5.94,67.35,4.12,54.41,0.24,0.36,0.24,4.18,6.12,1.45,3,0.18,0,0.0,0.36,0.06,1,0.06,0.02,1,0.06,2,0.12,50.0,50.0,0.0,0.06,0.0,0.06,0.0,0.0,0.0,0.0,0.3,80.0,1.82,50.0,0.3,1.39,0.0,22.35,0.12,0.73,40.34,84.83,16.47,71.69,2.97,97.96,17.5,95.16,33.31,91.64,6.97,53.04,22.17,36.04,0.0,0.0,0.0,0.0,0.06,100.0,0.0,6.18,68.63,0.42,42.86,0.36,0.0,0.18,0.0,8.48,66.43,0,,0,,0,0.0,0.0,0.0,,,2.18,,,0.0,0.0,0.0,0.0,0,0.0
A. Majdevac,Napredak Kruševac,Novi Pazar,CF,28,800000,,30,2493,12,9.61,0,0.9,22.51,32.11,Serbia,Serbia,right,186,77,no,2.02,2.25,41.67,4.61,31.71,0.26,0.34,0.07,0.82,1.07,1.27,4,0.14,0,0.0,2.73,0.43,9,0.34,0.36,2,0.07,53,1.99,41.51,22.642,0.0,0.75,25.0,0.37,20.0,0.37,30.0,0.07,3.48,49.46,11.54,33.44,2.96,0.94,0.26,9.59,1.27,1.65,15.39,72.99,2.96,63.29,4.31,83.48,3.48,75.27,14.16,75.93,0.52,64.29,14.23,13.71,0.03,0.64,0.04,0.0,0.07,0.0,0.22,1.54,65.85,0.71,52.63,0.07,0.0,0.49,0.11,1.31,77.14,0,,0,,0,0.0,0.0,0.0,,,0.0,,,0.0,0.0,0.0,0.0,4,75.0
S. Rubežić,Korona Kielce,Novi Pazar,RCB,26,800000,2028-06-30,35,3341,2,3.33,0,0.15,19.05,63.08,Serbia,Serbia,right,194,84,no,11.71,6.7,64.05,7.03,68.11,0.69,0.85,0.78,6.73,8.3,1.88,8,0.22,0,0.0,0.75,0.05,2,0.06,0.09,2,0.06,26,0.72,19.23,7.692,0.0,0.08,33.33,0.0,0.0,0.08,33.33,0.03,0.94,58.82,2.49,52.22,0.86,0.97,0.22,12.6,0.42,0.78,28.18,76.82,13.7,62.83,2.57,96.77,9.63,91.67,23.39,84.5,4.73,39.18,22.06,38.97,0.0,0.08,0.0,0.0,0.03,100.0,0.06,3.71,44.78,0.47,23.53,0.3,63.64,0.11,0.03,5.29,50.79,0,,0,,0,0.0,0.0,0.0,,,1.97,,,0.0,0.0,0.0,0.0,0,0.0
M. Yamkam,Wuhan Three Towns,Radnički Niš,"LCB, RB, LB",28,800000,,33,2894,0,0.46,3,2.31,15.57,57.94,Cameroon,Cameroon,right,185,79,no,8.38,7.48,61.8,3.15,57.14,0.1,0.14,0.29,3.66,5.31,1.54,4,0.12,2,0.06,1.7,0.0,0,0.0,0.01,0,0.0,8,0.26,12.5,0.0,0.1,1.83,33.33,0.16,20.0,1.67,34.62,0.22,1.41,70.45,3.08,51.04,0.74,2.34,0.83,22.18,0.8,0.42,37.68,77.94,17.24,70.58,2.89,91.11,12.77,83.67,30.27,86.0,5.84,48.35,20.54,35.37,0.07,0.55,0.03,0.0,0.39,16.67,0.29,5.65,56.25,2.09,50.77,0.48,26.67,0.64,0.55,8.7,69.74,0,,0,,0,0.0,0.0,0.0,,,0.71,,,0.0,0.0,0.0,0.0,0,0.0
A. Filipović,FK RFS,Partizan,RB,31,750000,2027-12-31,20,1720,2,2.42,1,1.42,19.05,58.79,Serbia,Serbia,right,184,76,no,13.29,9.73,67.74,4.34,57.83,0.78,1.13,0.21,5.91,8.54,1.78,5,0.26,0,0.0,1.67,0.1,2,0.1,0.13,1,0.05,18,0.94,33.33,11.111,0.05,2.41,39.13,0.05,0.0,2.35,40.0,0.21,0.89,47.06,2.3,45.45,1.62,0.37,0.05,25.53,2.35,0.73,37.15,77.89,14.02,68.66,4.5,94.19,11.93,82.02,30.61,85.64,4.24,43.21,18.11,32.04,0.07,0.58,0.0,0.0,0.05,0.0,0.42,4.55,68.97,2.3,45.45,0.05,100.0,0.52,0.84,8.32,69.81,0,,0,,0,0.0,0.0,0.0,,,0.52,,,0.0,0.0,0.0,0.0,0,0.0
L. Gojković,Rapid Bucureşti,Javor Ivanjica,AMF,26,750000,2027-06-30,34,2861,6,5.97,2,3.8,25.13,46.81,Serbia,Serbia,left,176,65,no,7.11,5.66,66.67,2.49,34.18,0.22,0.31,0.13,3.11,4.35,1.2,5,0.16,0,0.0,4.25,0.19,3,0.09,0.19,1,0.03,41,1.29,41.46,14.634,0.06,1.6,35.29,0.5,18.75,1.04,42.42,0.25,4.78,57.24,11.86,43.5,1.76,1.79,0.44,20.38,1.79,2.58,32.31,72.83,9.69,63.96,6.39,86.7,10.76,78.07,26.9,76.26,3.84,63.93,19.15,35.43,0.12,1.1,0.03,0.0,0.94,43.33,0.47,4.91,70.51,2.96,59.57,1.2,42.11,1.45,0.57,6.26,77.89,0,,0,,0,0.0,0.0,0.0,,,0.35,,,0.69,0.09,0.0,1.13,3,100.0
D. Kerkez,Posušje,Napredak Kruševac,"LCB, CB",30,750000,,31,2832,1,1.36,0,0.03,13.47,61.56,Serbia,Serbia,both,190,84,no,9.79,4.89,68.83,5.72,64.44,0.67,0.87,0.76,5.75,7.51,0.95,4,0.13,1,0.03,0.13,0.03,1,0.03,0.04,1,0.03,9,0.29,22.22,11.111,0.0,0.06,50.0,0.0,0.0,0.0,0.0,0.03,0.1,33.33,0.79,36.0,0.38,0.22,0.13,17.96,0.51,0.51,34.74,80.7,17.76,71.38,1.65,100.0,13.09,91.26,26.57,87.44,8.1,58.82,23.52,35.56,0.0,0.03,0.03,0.0,0.0,0.0,0.0,4.86,55.56,0.32,30.0,0.22,42.86,0.13,0.03,8.96,67.73,0,,0,,0,0.0,0.0,0.0,,,1.56,,,0.1,0.0,0.0,0.0,0,0.0
M. Mijailović,Radnički Niš,Voždovac,RB,28,750000,2027-06-30,33,2789,1,0.77,4,3.69,16.88,51.43,Serbia,Serbia,right,188,0,no,9.36,7.2,55.61,2.48,45.45,0.58,0.79,0.23,4.78,6.52,1.42,10,0.32,0,0.0,3.03,0.03,1,0.03,0.02,0,0.0,40,1.29,22.5,2.5,0.13,3.81,31.36,0.1,0.0,3.71,32.17,0.29,2.65,56.1,5.03,50.0,0.84,2.13,0.84,21.72,2.52,1.13,32.37,67.7,13.26,55.72,3.55,93.64,12.1,72.0,21.88,81.12,7.03,44.95,23.59,39.57,0.12,0.97,0.06,0.0,0.26,25.0,0.26,6.78,50.48,3.68,32.46,0.94,24.14,0.29,1.13,8.23,68.63,0,,0,,0,0.0,0.0,0.0,,,0.65,,,1.0,0.16,0.0,0.77,0,0.0
V. Krstić,Bačka Topola,Bačka Topola,LCB,23,750000,2027-06-30,6,241,0,0.18,0,0.0,13.07,77.14,Serbia,Serbia,right,184,72,no,11.95,7.47,80.0,2.24,66.67,0.75,1.22,0.37,5.23,8.57,0.75,0,0.0,0,0.0,0.75,0.0,0,0.0,0.07,0,0.0,2,0.75,0.0,0.0,0.0,0.37,0.0,0.0,0.0,0.37,0.0,0.0,0.75,100.0,1.87,80.0,0.75,2.61,1.12,37.34,0.75,0.75,53.03,86.62,16.8,71.11,10.83,100.0,17.18,93.48,45.56,90.98,7.1,63.16,13.24,13.55,0.0,0.0,0.0,0.0,0.0,0.0,0.0,4.11,54.55,1.12,0.0,0.37,0.0,0.0,0.0,6.72,66.67,0,,0,,0,0.0,0.0,0.0,,,4.85,,,0.0,0.0,0.0,0.0,0,0.0
M. Nešković,Budućnost,Voždovac,"AMF, LW",26,750000,2027-06-30,30,2049,2,2.73,1,1.08,22.8,46.44,Serbia,Serbia,right,177,74,no,7.2,6.28,64.34,2.15,32.65,0.09,0.12,0.18,3.07,4.13,1.05,1,0.04,0,0.0,2.81,0.09,2,0.09,0.12,0,0.0,28,1.23,25.0,7.143,0.04,1.27,17.24,0.97,22.73,0.26,0.0,0.22,4.66,45.28,11.86,39.26,1.8,1.89,0.66,21.08,1.49,2.24,29.82,79.68,8.26,66.49,6.98,93.08,8.3,83.6,27.06,83.93,1.49,55.88,16.26,20.35,0.05,0.4,0.0,0.0,0.79,22.22,0.22,3.07,72.86,1.84,45.24,0.61,28.57,0.79,0.35,3.51,65.0,0,,0,,0,0.0,0.0,0.0,,,0.13,,,0.0,0.0,0.0,0.18,0,0.0
M. Pavkov,Čukarički,Crvena Zvezda,CF,32,700000,2026-12-31,4,245,5,3.02,1,0.87,18.73,41.18,Serbia,Serbia,right,193,83,no,2.2,3.31,33.33,5.51,46.67,0.73,1.3,0.0,0.37,0.65,1.84,0,0.0,0,0.0,4.04,1.84,5,1.84,1.11,2,0.73,11,4.04,54.55,45.455,0.37,0.37,0.0,0.37,0.0,0.0,0.0,0.37,1.47,75.0,5.14,57.14,6.24,0.37,0.0,11.76,1.47,0.73,15.06,63.41,5.14,35.71,2.57,71.43,4.04,81.82,13.96,65.79,0.73,50.0,12.92,7.62,0.32,1.84,0.37,0.0,2.94,25.0,0.73,1.47,25.0,1.47,0.0,2.57,14.29,0.73,0.0,0.37,100.0,0,,0,,0,0.0,0.0,0.0,,,0.0,,,0.0,0.0,0.0,0.0,0,0.0
S. Jovanović,Bačka Topola,Napredak Kruševac,RB,32,700000,2027-06-30,31,2934,1,0.46,1,1.39,21.35,53.02,Serbia,Serbia,both,175,75,no,12.27,9.85,56.7,2.15,50.0,0.55,0.73,0.46,6.13,8.08,1.69,8,0.25,0,0.0,2.52,0.03,1,0.03,0.01,0,0.0,15,0.46,20.0,6.667,0.03,2.91,28.42,0.03,0.0,2.88,28.72,0.52,2.61,60.0,6.41,55.5,0.86,1.56,0.92,19.42,0.86,2.02,33.01,69.33,14.26,61.08,4.14,91.85,8.8,73.52,25.31,78.91,4.91,43.75,18.26,31.3,0.04,0.52,0.0,0.03,0.09,33.33,0.31,4.42,56.25,2.61,41.18,0.31,30.0,0.31,0.83,7.79,67.32,0,,0,,0,0.0,0.0,0.0,,,0.21,,,0.18,0.0,0.0,0.03,0,0.0
B. Jocić,Rubin Kazan',Voždovac,"RDMF, RCMF, AMF",25,700000,2027-06-30,22,1172,1,0.78,0,0.37,20.04,41.0,Serbia,Serbia,right,184,72,no,9.98,10.29,48.51,2.46,34.38,0.84,1.1,0.31,4.15,5.42,2.53,4,0.31,0,0.0,1.0,0.08,1,0.08,0.06,0,0.0,9,0.69,44.44,11.111,0.0,0.69,44.44,0.15,50.0,0.46,50.0,0.08,0.46,50.0,3.53,34.78,0.84,0.38,0.08,20.73,0.92,0.61,32.71,75.59,10.44,64.71,7.37,89.58,7.6,85.86,28.57,79.84,3.46,46.67,16.71,30.6,0.03,0.69,0.0,0.0,0.46,33.33,0.15,3.92,58.82,1.84,54.17,0.46,33.33,0.77,0.38,5.45,57.75,0,,0,,0,0.0,0.0,0.0,,,0.08,,,0.31,0.0,0.0,0.38,0,0.0
A. Busnić,Vizela,Vojvodina,"RDMF, RCMF, LDMF",28,700000,,22,1037,2,0.8,2,0.49,23.28,57.14,Serbia,Serbia,right,191,80,no,12.73,8.36,55.68,6.84,63.89,0.76,1.1,0.19,7.32,10.55,1.62,5,0.43,0,0.0,1.71,0.17,2,0.19,0.08,1,0.1,6,0.57,50.0,33.333,0.19,0.48,40.0,0.0,0.0,0.48,40.0,0.0,1.62,70.59,3.99,45.24,0.95,1.05,0.29,29.94,0.19,0.76,50.08,79.89,18.53,63.08,4.94,92.31,20.24,92.02,43.62,86.49,5.99,34.92,17.99,26.73,0.05,0.57,0.0,0.1,0.19,50.0,0.19,8.84,60.22,1.33,50.0,0.57,16.67,0.38,0.19,8.93,64.89,0,,0,,0,0.0,0.0,0.0,,,0.57,,,0.0,0.0,0.0,0.0,0,0.0
N. Petrović,Bačka Topola,Bačka Topola,"LWB, LB",34,700000,,32,2861,4,2.15,2,3.18,16.61,46.97,Serbia,Serbia,left,176,70,no,8.24,6.89,52.51,2.36,42.67,0.19,0.3,0.13,4.44,6.98,1.95,8,0.25,0,0.0,3.33,0.13,4,0.13,0.07,1,0.03,22,0.69,45.45,18.182,0.06,4.91,38.46,4.91,38.46,0.0,0.0,0.28,1.76,58.93,4.84,44.81,1.64,1.26,0.31,34.35,3.24,1.23,46.18,81.61,10.51,71.26,9.91,95.56,18.06,82.06,37.65,89.31,3.93,59.2,19.62,35.42,0.1,0.94,0.0,0.09,0.19,50.0,0.66,4.31,75.18,4.28,55.88,0.5,37.5,1.1,1.7,9.53,75.91,0,,0,,0,0.0,0.0,0.0,,,0.22,,,0.06,0.03,0.0,0.16,0,0.0
V. Nikolić,Aris,Crvena Zvezda,"LCMF, RCMF, LDMF",26,700000,2028-05-31,9,337,1,0.76,0,1.77,22.97,45.35,Serbia,Serbia,right,178,68,no,7.21,6.41,58.33,1.07,0.0,0.8,1.45,0.0,2.67,4.84,1.07,1,0.27,0,0.0,3.47,0.27,1,0.27,0.2,0,0.0,12,3.2,16.67,8.333,0.0,1.6,16.67,1.34,20.0,0.27,0.0,0.27,4.01,60.0,11.22,47.62,2.94,2.14,0.53,52.88,0.53,1.07,71.31,91.76,14.96,80.36,10.42,100.0,30.45,93.86,67.57,94.07,2.14,75.0,15.67,18.71,0.47,2.14,0.27,0.0,0.8,33.33,0.27,6.68,92.0,3.47,46.15,0.8,33.33,1.34,0.27,5.61,90.48,0,,0,,0,0.0,0.0,0.0,,,0.53,,,0.0,0.0,0.0,5.34,0,0.0
N. Mićević,Altay,Mladost Lučani,LCB,27,650000,2026-12-31,7,507,0,0.33,0,0.36,19.17,62.04,Serbia,Serbia,left,190,83,no,12.43,9.59,64.81,4.79,77.78,1.78,2.46,0.18,4.44,6.15,2.13,2,0.36,0,0.0,0.71,0.0,0,0.0,0.06,0,0.0,2,0.36,0.0,0.0,0.0,0.89,60.0,0.53,33.33,0.18,100.0,0.36,0.53,33.33,2.13,25.0,0.89,1.6,0.18,21.66,0.36,0.18,37.63,78.3,17.4,68.37,3.55,100.0,12.25,91.3,29.29,84.85,7.46,54.76,18.88,31.51,0.06,0.18,0.0,0.0,0.18,0.0,0.18,5.86,54.55,1.24,42.86,0.89,20.0,0.36,0.53,8.34,59.57,0,,0,,0,0.0,0.0,0.0,,,1.78,,,0.0,0.0,0.0,0.0,0,0.0
M. Šarić,Muang Thong United,Napredak Kruševac,"CF, RW, RAMF",27,650000,,35,2008,5,4.96,1,1.47,23.67,32.95,Serbia,Serbia,left,188,75,no,5.15,4.03,47.78,5.51,28.46,0.04,0.06,0.13,3.18,4.21,1.48,1,0.04,0,0.0,2.82,0.22,4,0.18,0.22,2,0.09,41,1.84,43.9,12.195,0.04,1.43,21.88,0.67,20.0,0.76,23.53,0.04,3.45,41.56,10.0,32.29,2.55,0.81,0.54,14.93,1.75,1.48,22.05,73.78,4.89,55.05,4.44,91.92,6.9,80.52,19.5,78.85,1.17,50.0,17.29,18.88,0.07,0.72,0.0,0.0,0.49,54.55,0.31,2.6,62.07,1.34,40.0,0.45,20.0,0.45,0.36,2.42,77.78,0,,0,,0,0.0,0.0,0.0,,,0.0,,,0.13,0.13,0.0,0.0,1,100.0
M. Bjeković,Javor Ivanjica,Vojvodina,RB,25,650000,2027-06-30,19,1404,0,0.43,3,1.46,22.76,56.06,Serbia,"Serbia, Bosnia and Herzegovina",right,182,74,no,12.18,10.0,68.59,3.14,48.98,0.51,0.72,0.19,4.81,6.78,1.09,3,0.19,0,0.0,2.44,0.0,0,0.0,0.03,0,0.0,4,0.26,25.0,0.0,0.19,2.31,33.33,0.0,0.0,2.24,31.43,0.26,2.63,58.54,5.77,45.56,1.35,2.12,0.71,18.65,2.24,1.73,30.77,75.0,10.45,65.64,6.35,88.89,8.08,76.19,25.45,80.86,3.01,57.45,16.65,28.11,0.09,0.83,0.0,0.0,0.19,33.33,0.51,2.37,59.46,2.82,43.18,0.38,33.33,0.83,0.77,7.37,61.74,0,,0,,0,0.0,0.0,0.0,,,0.58,,,0.06,0.0,0.0,0.0,0,0.0
N. Mituljikić,Zulte-Waregem,Crvena Zvezda,"RWF, RW",23,650000,2028-06-30,7,153,0,0.95,0,0.13,19.41,42.42,Serbia,Serbia,left,182,74,no,4.12,5.29,55.56,1.18,0.0,0.0,0.0,0.0,1.18,2.14,1.18,0,0.0,0,0.0,4.12,0.0,0,0.0,0.56,0,0.0,7,4.12,14.29,0.0,0.0,2.35,25.0,1.76,33.33,0.59,0.0,1.18,4.71,62.5,12.35,38.1,7.06,1.76,0.59,20.59,0.59,0.0,24.71,78.57,5.29,100.0,6.47,90.91,7.06,58.33,21.18,88.89,1.18,0.0,17.55,5.75,0.08,0.59,0.0,0.0,0.59,0.0,0.0,1.76,33.33,1.76,33.33,0.59,0.0,1.18,0.59,1.18,100.0,0,,0,,0,0.0,0.0,0.0,,,0.0,,,0.0,0.0,0.0,0.59,0,0.0
M. Vidakov,Mačva Šabac,Mladost Novi Sad,CF,25,600000,,25,898,2,2.97,0,0.01,42.8,39.58,Serbia,Serbia,right,184,77,no,5.41,3.81,55.26,17.44,39.66,0.7,0.94,0.1,2.61,3.48,2.71,4,0.4,0,0.0,2.61,0.2,2,0.2,0.3,0,0.0,21,2.1,33.33,9.524,0.0,1.2,33.33,0.6,33.33,0.6,33.33,0.1,2.31,60.87,15.03,41.33,2.71,1.1,0.6,7.52,1.9,3.71,15.84,68.35,5.31,54.72,3.41,85.29,3.81,78.95,14.13,71.63,0.5,60.0,15.95,6.4,0.0,0.1,0.0,0.0,0.1,100.0,0.0,2.41,50.0,1.1,63.64,0.1,0.0,0.2,0.4,2.0,80.0,0,,0,,0,0.0,0.0,0.0,,,0.0,,,0.0,0.0,0.0,0.0,0,0.0
U. Milovanović,Tobol,Radnik Surdulica,CF,25,600000,2026-12-31,6,323,0,0.79,0,0.0,22.57,30.86,Germany,"Germany, Serbia",both,190,77,no,1.67,1.11,0.0,8.64,48.39,0.28,0.5,0.84,1.39,2.5,2.79,0,0.0,0,0.0,0.84,0.0,0,0.0,0.22,0,0.0,2,0.56,50.0,0.0,0.0,0.28,0.0,0.0,0.0,0.28,0.0,0.0,1.39,40.0,6.97,20.0,2.23,0.28,0.0,8.64,1.67,1.39,16.44,81.36,2.79,60.0,6.41,95.65,4.46,68.75,15.88,82.46,0.28,100.0,13.73,4.08,0.0,0.0,0.0,0.0,0.28,0.0,0.0,1.11,50.0,0.56,0.0,0.28,0.0,0.28,0.0,0.84,100.0,0,,0,,0,0.0,0.0,0.0,,,0.0,,,0.0,0.0,0.0,0.0,0,0.0
M. Krunić,Partizan,Voždovac,GK,29,600000,2028-06-30,24,2194,0,0.0,0,0.0,0.86,90.48,Serbia,Serbia,right,198,80,no,1.72,0.16,100.0,0.53,92.31,0.0,0.0,0.0,1.56,2.07,0.0,3,0.12,0,0.0,0.0,0.0,0,0.0,0.0,0,0.0,0,0.0,0.0,0.0,0.0,0.0,0.0,0.0,0.0,0.0,0.0,0.0,0.04,0.0,0.12,66.67,0.0,0.0,0.0,18.21,0.25,0.16,27.16,87.31,14.03,79.24,0.04,100.0,11.53,96.44,16.33,98.24,10.75,71.37,30.88,42.5,0.0,0.0,0.0,0.0,0.0,0.0,0.0,1.27,51.61,0.08,0.0,0.12,33.33,0.0,0.0,7.67,69.52,34,1.39,100,4.1,9,66.0,29.46,1.21,-4.54,-0.186,0.04,2.34,0.53,,,,0.0,0,0.0
M. Milović,Budućnost,Voždovac,"LCB, RCB",30,600000,2027-06-30,16,1462,1,0.39,0,0.61,10.28,56.89,Montenegro,Montenegro,right,189,87,no,8.31,4.19,54.41,3.69,56.67,0.43,0.57,0.49,5.6,7.36,0.68,1,0.06,1,0.06,0.18,0.06,1,0.06,0.02,1,0.06,7,0.43,14.29,14.286,0.0,0.12,50.0,0.06,100.0,0.0,0.0,0.06,0.06,100.0,0.74,41.67,0.43,0.8,0.06,37.61,0.62,0.25,55.71,84.31,24.56,72.43,3.26,94.34,24.81,95.04,44.75,92.02,10.83,52.84,24.1,40.41,0.04,0.25,0.0,0.0,0.18,0.0,0.06,9.05,53.06,1.35,22.73,1.11,22.22,0.37,0.12,11.39,76.22,0,,0,,0,0.0,0.0,0.0,,,2.71,,,0.12,0.0,0.0,0.0,0,0.0
N. Vujanović,Al Orooba,Voždovac,"RAMF, RW, RWF",25,600000,,27,1532,1,1.83,0,0.1,26.2,38.12,Montenegro,"Montenegro, Serbia",left,186,77,no,5.58,5.52,56.38,2.29,38.46,0.12,0.16,0.06,2.35,3.2,1.7,6,0.35,0,0.0,2.82,0.06,1,0.06,0.11,0,0.0,18,1.06,27.78,5.556,0.0,1.41,16.67,0.0,0.0,1.41,16.67,0.23,5.52,41.49,13.75,32.05,1.59,2.0,0.65,14.51,1.7,2.17,21.91,76.41,3.76,67.19,6.58,84.82,7.34,72.8,19.33,81.76,1.17,60.0,16.45,20.21,0.01,0.47,0.06,0.0,0.12,0.0,0.06,1.35,78.26,1.53,42.31,0.12,50.0,0.59,0.23,2.7,54.35,0,,0,,0,0.0,0.0,0.0,,,0.12,,,0.06,0.0,0.0,0.23,0,0.0
N. Micović,Los Angeles Galaxy,Čukarički,GK,24,600000,2026-12-31,14,1248,0,0.0,0,0.0,0.43,83.33,Serbia,Serbia,left,190,75,no,0.94,0.07,0.0,0.29,100.0,0.0,0.0,0.0,0.94,1.37,0.0,0,0.0,0,0.0,0.0,0.0,0,0.0,0.0,0,0.0,0,0.0,0.0,0.0,0.0,0.0,0.0,0.0,0.0,0.0,0.0,0.0,0.0,0.0,0.07,100.0,0.0,0.0,0.07,9.52,0.07,0.07,15.5,81.86,7.86,67.89,0.0,0.0,6.27,96.55,9.01,98.4,6.42,59.55,29.42,44.19,0.0,0.0,0.0,0.0,0.0,0.0,0.0,1.59,31.82,0.14,0.0,0.07,0.0,0.0,0.0,4.4,70.49,18,1.3,50,3.61,4,64.0,17.64,1.27,-0.36,-0.026,0.0,1.44,0.29,,,,0.0,0,0.0
B. Doucouré,Javor Ivanjica,Javor Ivanjica,"RDMF, RCMF, DMF",27,600000,2026-12-31,30,2478,2,2.33,0,0.4,17.0,53.85,France,"France, Mali",right,192,77,no,9.77,7.92,59.63,3.2,51.14,0.11,0.15,0.4,4.94,6.59,1.74,6,0.22,1,0.04,0.87,0.07,2,0.07,0.08,1,0.04,18,0.65,38.89,11.111,0.0,0.18,20.0,0.0,0.0,0.18,20.0,0.07,0.84,60.87,3.09,50.59,0.98,0.62,0.15,15.54,0.4,0.91,29.42,75.19,12.49,63.95,3.45,95.79,8.97,83.0,25.57,78.13,3.67,57.43,19.5,33.06,0.01,0.18,0.0,0.0,0.36,20.0,0.07,6.07,64.67,0.94,42.31,0.44,16.67,0.54,0.04,6.39,71.02,0,,0,,0,0.0,0.0,0.0,,,0.33,,,0.0,0.0,0.0,0.0,0,0.0
S. Čolović,,Radnički Kragujevac,"RW, RAMF",32,600000,,26,2158,2,2.41,4,4.73,22.02,44.51,Serbia,Serbia,left,175,65,no,5.84,5.34,58.59,1.54,16.22,0.17,0.23,0.0,2.54,3.55,0.71,1,0.04,0,0.0,6.96,0.08,2,0.08,0.1,0,0.0,29,1.21,48.28,6.897,0.17,5.38,39.53,0.46,36.36,4.84,39.66,0.92,7.34,56.82,12.97,43.41,2.25,2.75,0.96,17.6,1.29,0.92,27.44,69.15,7.13,61.4,6.17,89.86,9.38,65.33,19.98,79.12,2.29,50.91,19.15,28.0,0.2,1.17,0.13,0.0,0.29,28.57,0.71,2.59,56.45,4.92,47.46,0.46,27.27,0.58,2.13,5.67,77.21,0,,0,,0,0.0,0.0,0.0,,,0.04,,,0.54,0.08,50.0,0.92,0,0.0
L. Zorić,Radnik Surdulica,Radnički Kragujevac,"LCMF, AMF, CF",27,600000,2027-06-30,30,1844,4,2.85,0,0.88,20.45,46.06,Serbia,Serbia,left,180,70,no,9.66,8.2,52.38,4.64,36.84,0.98,1.3,0.1,4.39,5.83,2.73,6,0.29,0,0.0,1.56,0.2,4,0.2,0.14,1,0.05,23,1.12,39.13,17.391,0.0,1.37,28.57,0.93,10.53,0.39,75.0,0.1,1.02,66.67,3.61,48.65,1.66,0.39,0.0,17.47,1.07,0.93,30.11,71.31,11.13,57.46,5.32,92.66,8.83,74.59,24.45,77.05,4.39,51.11,16.83,28.03,0.04,0.44,0.0,0.0,0.54,9.09,0.24,4.73,60.82,2.0,29.27,0.63,23.08,0.29,0.44,6.0,59.35,0,,0,,0,0.0,0.0,0.0,,,0.39,,,0.0,0.0,0.0,0.15,0,0.0
A. Mesarović,,Radnički Niš,"DMF, LDMF, LW",27,600000,,31,1787,0,0.93,1,1.67,21.0,48.23,Serbia,Serbia,right,176,68,no,8.22,8.11,59.48,2.65,26.0,0.53,0.78,0.0,2.86,4.2,1.91,5,0.25,0,0.0,3.66,0.0,0,0.0,0.05,0,0.0,21,1.11,19.05,0.0,0.05,1.43,33.33,1.11,23.81,0.32,66.67,0.11,4.56,54.65,7.64,46.53,2.12,2.49,0.85,32.83,1.06,1.17,48.47,83.81,15.27,76.39,7.64,92.36,17.4,87.2,42.59,88.04,4.56,58.14,17.41,25.17,0.09,0.95,0.0,0.0,0.74,64.29,0.21,8.22,78.06,2.12,50.0,0.69,38.46,0.95,0.48,8.33,80.89,0,,0,,0,0.0,0.0,0.0,,,0.27,,,0.53,0.21,0.0,0.8,0,0.0
N. Vukajlović,,Napredak Kruševac,"LB, LWB",30,600000,,30,2417,0,0.47,0,0.82,16.24,54.13,Serbia,Serbia,left,180,73,no,9.12,6.11,64.63,3.24,62.07,0.19,0.24,0.15,4.99,6.56,1.23,3,0.11,0,0.0,2.2,0.0,0,0.0,0.02,0,0.0,8,0.3,25.0,0.0,0.0,2.72,41.1,2.68,41.67,0.04,0.0,0.19,2.01,46.3,4.65,40.0,0.22,1.12,0.67,15.6,1.49,0.63,28.19,70.94,14.0,62.5,3.95,97.17,6.74,74.03,20.63,79.6,5.03,49.63,19.42,29.94,0.03,0.52,0.0,0.0,0.07,100.0,0.22,3.61,63.92,2.31,50.0,0.04,100.0,0.15,1.08,7.6,59.8,0,,0,,0,0.0,0.0,0.0,,,0.52,,,0.04,0.0,0.0,0.04,0,0.0
V. Djurić,Velež,Radnički Kragujevac,"LW, LAMF, AMF",27,550000,,14,836,2,0.98,2,1.22,16.04,44.97,Serbia,Serbia,right,178,66,no,4.31,2.8,53.85,1.72,31.25,0.11,0.14,0.11,2.69,3.47,0.75,1,0.11,0,0.0,3.98,0.22,2,0.22,0.11,0,0.0,14,1.51,57.14,14.286,0.22,1.18,54.55,1.08,50.0,0.11,100.0,0.32,4.84,51.11,10.33,47.92,2.69,1.72,0.65,17.44,1.4,1.72,26.16,78.19,6.57,55.74,7.43,97.1,6.67,77.42,22.61,84.29,2.37,31.82,15.95,19.28,0.13,0.86,0.0,0.0,0.54,0.0,0.65,2.48,52.17,1.51,57.14,0.75,14.29,0.75,0.65,3.44,65.63,0,,0,,0,0.0,0.0,0.0,,,0.0,,,0.11,0.0,0.0,0.65,0,0.0
N. Štulić,Lecce,Radnički Niš,CF,24,550000,2029-06-30,19,1638,10,6.98,0,0.62,23.37,34.08,Serbia,"Serbia, Croatia",right,188,80,no,5.0,3.37,51.72,9.19,28.48,1.45,1.97,0.12,1.8,2.44,1.69,0,0.0,0,0.0,1.63,0.55,9,0.52,0.41,1,0.06,36,2.09,44.44,27.778,0.0,0.23,50.0,0.06,0.0,0.17,66.67,0.0,0.99,52.94,6.28,36.11,3.37,0.41,0.12,10.52,2.44,1.8,15.93,80.66,1.98,52.94,5.35,94.57,5.0,75.58,15.58,81.34,0.12,50.0,14.56,4.72,0.04,0.7,0.0,0.0,0.12,50.0,0.06,1.16,50.0,0.17,66.67,0.0,0.0,0.47,0.12,0.93,56.25,0,,0,,0,0.0,0.0,0.0,,,0.0,,,0.0,0.0,0.0,0.0,1,100.0
B. Natcho,,Partizan,"AMF, LCMF",38,500000,,36,2628,12,9.69,8,9.36,13.63,51.26,Israel,"Israel, Serbia",right,177,75,no,5.82,3.87,68.14,1.88,41.82,0.31,0.45,0.07,2.88,4.2,0.31,3,0.1,0,0.0,3.73,0.41,7,0.24,0.33,0,0.0,56,1.92,53.57,21.429,0.27,1.92,46.43,0.72,42.86,1.13,51.52,0.14,1.99,58.62,5.34,47.44,1.82,1.34,0.51,40.14,1.1,1.51,55.51,79.7,20.58,68.22,8.12,96.2,18.7,85.71,47.26,84.06,6.47,56.61,19.08,37.43,0.32,2.84,0.07,0.07,1.71,38.0,0.82,11.58,71.3,5.58,55.21,2.43,30.99,2.81,0.86,11.13,88.62,0,,0,,0,0.0,0.0,0.0,,,0.07,,,2.74,0.21,16.67,3.01,6,83.333
S. Lončar,Akron Togliatti,Novi Pazar,"RCMF, RDMF, DMF",30,500000,2028-06-30,18,1722,1,3.48,2,1.77,19.65,47.87,Montenegro,Montenegro,right,190,77,no,9.77,7.42,61.97,3.03,43.1,0.99,1.25,0.1,4.18,5.26,0.99,7,0.37,0,0.0,2.14,0.05,1,0.05,0.18,0,0.0,31,1.62,32.26,3.226,0.1,1.67,34.38,0.47,33.33,1.2,34.78,0.16,2.09,37.5,6.06,32.76,1.83,0.89,0.37,25.51,0.73,0.78,43.59,77.7,14.9,64.56,4.86,90.32,17.87,84.8,35.91,82.82,6.06,58.62,20.49,38.11,0.09,0.68,0.0,0.05,1.05,25.0,0.26,6.59,70.63,2.67,39.22,1.15,22.73,0.68,0.57,7.37,75.89,0,,0,,0,0.0,0.0,0.0,,,0.52,,,0.05,0.0,0.0,0.21,1,0.0
S. Tanasijević,Yelimay Semey,Mladost Novi Sad,"LCB, RWB, RCB",29,500000,2026-12-31,15,1249,0,0.95,1,0.19,18.95,57.03,Serbia,Serbia,right,183,80,no,10.3,7.42,63.11,5.55,51.95,0.43,0.55,0.22,5.19,6.65,2.02,6,0.43,0,0.0,0.65,0.0,0,0.0,0.07,0,0.0,9,0.65,11.11,0.0,0.07,0.72,20.0,0.0,0.0,0.72,20.0,0.0,0.58,75.0,2.59,69.44,0.86,0.43,0.22,16.72,0.36,1.8,27.96,78.61,11.6,65.84,3.1,95.35,11.17,89.03,22.41,86.17,4.9,51.47,21.03,37.22,0.01,0.14,0.0,0.0,0.0,0.0,0.14,3.6,48.0,0.72,30.0,0.22,0.0,0.14,0.14,4.97,60.87,0,,0,,0,0.0,0.0,0.0,,,1.01,,,0.0,0.0,0.0,0.0,0,0.0
A. Marušić,Magdeburg,Mladost Novi Sad,"LW, CF",27,500000,,10,366,1,0.9,0,0.22,26.13,36.36,Montenegro,Montenegro,right,185,83,no,5.28,3.96,60.0,6.33,33.33,0.53,0.8,0.26,2.38,3.6,0.79,0,0.0,0,0.0,1.85,0.25,1,0.26,0.24,0,0.0,5,1.32,40.0,20.0,0.0,0.79,33.33,0.79,33.33,0.0,0.0,0.0,3.17,33.33,9.24,28.57,2.64,0.53,0.53,13.72,1.32,1.32,17.68,89.55,2.64,50.0,6.07,100.0,5.01,94.74,16.36,93.55,0.53,50.0,15.46,9.06,0.06,1.06,0.0,0.0,0.0,0.0,0.53,0.79,66.67,1.58,16.67,0.0,0.0,0.26,0.26,1.58,83.33,0,,0,,0,0.0,0.0,0.0,,,0.0,,,0.0,0.0,0.0,0.0,0,0.0
D. Dražić,Goa,Radnik Surdulica,"LAMF, LW, RAMF",30,500000,,14,782,0,0.81,1,0.5,19.22,43.71,Serbia,Serbia,right,178,65,no,7.02,6.91,50.0,1.96,23.53,0.58,0.76,0.12,2.99,3.96,1.73,1,0.12,0,0.0,3.45,0.0,0,0.0,0.09,0,0.0,6,0.69,16.67,0.0,0.12,3.11,25.93,1.84,37.5,1.27,9.09,0.81,3.91,61.76,7.37,50.0,3.11,1.27,0.46,16.11,1.5,1.27,26.59,67.1,7.48,58.46,5.29,89.13,6.33,60.0,20.03,77.01,3.57,48.39,18.44,26.96,0.06,0.81,0.12,0.0,0.46,25.0,0.23,2.99,65.38,1.84,37.5,0.69,33.33,0.69,0.69,4.83,57.14,0,,0,,0,0.0,0.0,0.0,,,0.0,,,0.0,0.0,0.0,0.0,0,0.0
K. Tojčić,,Javor Ivanjica,"RCB, RDMF",26,500000,,32,2494,0,0.46,0,0.37,16.82,55.79,Bosnia and Herzegovina,"Bosnia and Herzegovina, Serbia",right,191,84,no,10.21,6.53,64.09,4.58,52.76,1.08,1.48,0.61,4.94,6.75,1.52,8,0.29,0,0.0,0.54,0.0,0,0.0,0.02,0,0.0,7,0.25,28.57,0.0,0.0,0.18,40.0,0.04,0.0,0.14,50.0,0.04,0.54,66.67,2.6,51.39,0.29,0.72,0.18,13.97,0.4,1.01,27.14,80.05,10.9,68.54,2.24,95.16,10.1,90.0,23.46,85.23,3.54,46.94,18.76,33.3,0.01,0.22,0.04,0.0,0.14,25.0,0.07,3.61,63.0,0.65,44.44,0.29,37.5,0.22,0.07,4.8,57.14,0,,0,,0,0.0,0.0,0.0,,,0.87,,,0.04,0.04,0.0,0.0,0,0.0
E. Addo,Crvena Zvezda,Spartak Subotica,"DMF, RDMF",26,500000,2027-06-30,16,1387,1,0.68,0,0.2,25.7,49.49,Ghana,Ghana,right,180,78,no,11.1,9.28,55.24,3.7,40.35,0.58,0.83,0.19,5.39,7.69,2.53,6,0.39,0,0.0,2.01,0.06,1,0.06,0.04,0,0.0,12,0.78,33.33,8.333,0.0,0.13,0.0,0.13,0.0,0.0,0.0,0.0,2.27,74.29,8.57,46.21,0.26,0.65,0.26,22.52,0.13,1.56,40.68,82.78,12.98,67.5,5.9,95.6,17.58,89.67,36.27,86.94,4.28,50.0,20.8,37.51,0.01,0.19,0.06,0.0,0.06,100.0,0.06,7.33,66.37,1.17,55.56,0.45,28.57,0.58,0.0,6.88,74.53,0,,0,,0,0.0,0.0,0.0,,,0.71,,,0.0,0.0,0.0,0.0,0,0.0
P. Mićin,Zorya,Radnički Niš,"AMF, CF, LCMF",27,500000,,32,2107,1,5.48,0,1.09,16.53,44.96,Serbia,Serbia,right,189,81,no,5.6,5.77,56.3,1.88,29.55,0.09,0.12,0.04,2.26,3.21,1.62,4,0.17,0,0.0,2.95,0.04,1,0.04,0.23,0,0.0,58,2.48,36.21,1.724,0.0,1.15,11.11,0.34,12.5,0.77,11.11,0.17,2.65,64.52,5.72,50.0,2.48,2.31,1.11,23.19,0.9,1.32,32.38,77.44,9.4,63.64,5.21,89.34,10.93,79.69,29.47,82.46,1.79,38.1,16.39,25.73,0.05,0.6,0.0,0.0,0.9,23.81,0.34,4.49,66.67,2.18,43.14,0.85,15.0,0.9,0.13,4.06,71.58,0,,0,,0,0.0,0.0,0.0,,,0.17,,,0.04,0.0,0.0,0.0,0,0.0
N. Terzic,Borac Banja Luka,Partizan,"RAMF, RW, LW",25,500000,2027-06-30,8,289,1,0.74,1,0.45,14.95,50.0,Serbia,Serbia,left,177,61,no,4.36,2.8,66.67,1.56,0.0,0.31,0.58,0.0,2.18,4.04,0.62,1,0.31,0,0.0,4.67,0.31,1,0.31,0.23,0,0.0,11,3.43,18.18,9.091,0.31,1.56,60.0,0.62,100.0,0.93,33.33,0.0,4.98,50.0,7.79,56.0,5.29,2.18,1.25,24.6,0.93,1.87,31.14,85.0,7.79,76.0,5.92,100.0,12.46,92.5,27.72,85.39,2.18,100.0,19.38,20.11,0.14,1.87,0.31,0.0,0.62,100.0,0.93,3.74,75.0,2.18,85.71,0.62,100.0,2.18,0.62,4.36,78.57,0,,0,,0,0.0,0.0,0.0,,,0.0,,,0.0,0.0,0.0,1.87,0,0.0
V. Miletić,Napredak Kruševac,Vojvodina,"LDMF, LCMF",23,500000,2029-06-30,12,520,0,0.04,0,0.6,20.83,55.34,Serbia,Serbia,left,185,72,no,11.12,8.29,65.85,3.84,42.11,0.0,0.0,0.4,5.66,7.71,1.21,0,0.0,1,0.17,1.82,0.0,0,0.0,0.01,0,0.0,1,0.2,0.0,0.0,0.0,1.62,25.0,0.81,25.0,0.81,25.0,0.0,2.02,60.0,5.06,52.0,0.81,1.01,0.61,27.51,0.2,1.62,42.07,76.44,14.97,66.22,7.08,94.29,14.16,80.0,35.6,81.25,4.85,58.33,20.28,24.63,0.12,1.21,0.0,0.2,0.2,100.0,0.4,4.25,71.43,2.02,60.0,0.4,50.0,0.81,0.61,8.29,58.54,0,,0,,0,0.0,0.0,0.0,,,0.81,,,0.0,0.0,0.0,0.0,0,0.0
I. Jeličić,Kristiansund,Vojvodina,"LCB, RB, RCB",26,500000,2026-12-31,28,2336,0,0.55,0,0.09,16.15,64.02,Serbia,Serbia,right,187,75,no,10.38,7.13,69.1,4.89,65.57,0.16,0.22,0.36,5.29,7.42,1.2,5,0.19,1,0.04,0.4,0.0,0,0.0,0.02,0,0.0,5,0.2,40.0,0.0,0.0,0.12,33.33,0.0,0.0,0.12,33.33,0.0,0.56,50.0,1.48,59.46,0.32,0.76,0.08,28.45,0.44,0.4,45.08,85.78,17.35,70.67,2.28,94.74,20.84,96.35,39.63,90.9,5.37,48.51,19.85,35.94,0.0,0.08,0.0,0.04,0.0,0.0,0.04,5.17,68.22,0.24,33.33,0.0,0.0,0.04,0.04,6.85,63.16,0,,0,,0,0.0,0.0,0.0,,,1.2,,,0.0,0.0,0.0,0.0,0,0.0
M. Mircevski,Sileks,Bačka Topola,"LWF, CF, AMF",29,500000,,18,770,7,5.45,1,2.1,17.06,35.62,North Macedonia,North Macedonia,right,174,70,no,5.96,5.14,45.45,2.1,22.22,1.17,1.96,0.0,2.45,4.12,1.64,4,0.47,0,0.0,3.51,0.82,7,0.82,0.64,0,0.0,28,3.27,50.0,25.0,0.12,0.7,50.0,0.35,66.67,0.23,50.0,0.0,2.34,60.0,6.31,38.89,4.68,1.29,0.94,22.09,1.52,1.29,26.42,80.97,4.44,63.16,5.38,91.3,9.82,83.33,24.08,83.5,1.64,57.14,16.11,15.94,0.25,1.75,0.0,0.0,0.47,25.0,0.35,3.04,61.54,1.87,68.75,0.94,12.5,0.94,0.47,2.81,83.33,0,,0,,0,0.0,0.0,0.0,,,0.0,,,1.75,0.35,0.0,1.87,0,0.0
N. Ljubisavljević,Ironi Kiryat Shmona,Vojvodina,"LCB, RCB",29,500000,2027-06-30,12,791,0,0.11,0,0.0,19.23,60.95,Serbia,Serbia,right,190,80,no,9.9,8.53,66.67,6.03,58.49,0.11,0.16,0.23,4.1,5.63,2.28,2,0.23,0,0.0,0.11,0.0,0,0.0,0.01,0,0.0,2,0.23,0.0,0.0,0.0,0.11,100.0,0.0,0.0,0.11,100.0,0.0,0.11,0.0,1.59,57.14,0.68,0.8,0.23,25.71,0.0,1.25,40.05,77.27,19.34,61.76,2.5,72.73,15.13,94.74,32.2,87.63,7.74,33.82,19.28,30.74,0.0,0.0,0.0,0.0,0.0,0.0,0.0,5.92,50.0,0.57,40.0,0.23,0.0,0.23,0.11,8.53,62.67,0,,0,,0,0.0,0.0,0.0,,,1.59,,,0.0,0.0,0.0,0.0,0,0.0
S. Owusu,Maccabi Petah Tikva,Čukarički,"RAMF, RW",30,500000,2027-05-31,29,1741,1,2.58,2,2.43,22.07,51.05,Ghana,Ghana,left,168,62,no,4.6,4.5,57.47,1.09,23.81,0.21,0.27,0.0,1.81,2.4,0.62,4,0.21,1,0.05,5.12,0.05,1,0.05,0.13,0,0.0,41,2.12,29.27,2.439,0.1,2.22,30.23,0.62,33.33,1.6,29.03,0.26,5.63,66.06,14.22,52.73,2.22,3.05,1.76,16.59,1.24,2.64,25.8,78.76,6.51,69.84,5.27,91.18,9.1,80.11,21.76,84.56,1.86,66.67,17.76,21.76,0.13,0.98,0.05,0.05,0.41,25.0,0.31,2.69,73.08,2.48,47.92,0.57,36.36,0.93,0.67,4.14,81.25,0,,0,,0,0.0,0.0,0.0,,,0.05,,,0.0,0.0,0.0,0.1,0,0.0
D. Stanivuković,Radnički Niš,Kolubara,GK,32,500000,2027-06-30,30,2789,0,0.0,0,0.0,0.83,70.83,Serbia,Serbia,right,186,90,no,1.59,0.1,0.0,0.66,89.47,0.0,0.0,0.0,1.59,1.92,0.1,6,0.19,1,0.03,0.0,0.0,0,0.0,0.0,0,0.0,0,0.0,0.0,0.0,0.0,0.0,0.0,0.0,0.0,0.0,0.0,0.0,0.0,0.0,0.03,0.0,0.0,0.0,0.0,7.69,0.0,0.07,14.49,78.81,9.45,70.8,0.0,0.0,4.66,94.07,6.55,96.32,7.9,64.63,37.62,47.09,0.0,0.0,0.0,0.0,0.0,0.0,0.0,1.97,45.61,0.07,0.0,0.0,0.0,0.0,0.0,5.76,73.65,39,1.35,134,4.62,8,70.9,44.2,1.52,5.2,0.179,0.0,1.93,0.66,,,,0.0,0,0.0
E. Azemović,AF Elbasani,Kolubara,"RCB, CB",29,500000,,6,572,0,0.19,0,0.2,16.52,57.14,Serbia,"Serbia, Montenegro",right,193,78,no,11.49,7.08,60.0,5.19,57.58,0.16,0.18,1.42,7.08,8.04,1.73,2,0.31,0,0.0,0.47,0.0,0,0.0,0.03,0,0.0,2,0.31,50.0,0.0,0.0,0.0,0.0,0.0,0.0,0.0,0.0,0.0,0.31,100.0,0.79,80.0,0.31,0.0,0.0,17.47,0.31,0.63,30.68,80.0,16.21,67.96,2.67,88.24,9.13,94.83,24.23,90.26,6.45,41.46,20.05,33.71,0.03,0.16,0.0,0.0,0.16,0.0,0.16,3.93,44.0,0.16,100.0,0.63,50.0,0.16,0.0,6.61,59.52,0,,0,,0,0.0,0.0,0.0,,,1.89,,,0.0,0.0,0.0,0.0,0,0.0
I. N''Diaye,Dečić,Čukarički,"RW, LAMF, RAMF",31,500000,,17,698,3,1.23,2,0.35,22.69,42.61,Senegal,Senegal,right,180,73,no,9.15,6.45,58.0,8.64,40.3,0.9,1.19,0.0,4.51,5.97,1.55,2,0.26,0,0.0,1.81,0.39,3,0.39,0.16,0,0.0,9,1.16,55.56,33.333,0.26,1.42,45.45,0.26,50.0,1.16,44.44,0.0,1.68,23.08,4.51,28.57,3.48,0.13,0.13,14.44,1.81,1.03,23.6,62.84,7.35,49.12,6.32,87.76,5.03,58.97,20.5,67.3,1.81,21.43,15.77,17.74,0.05,0.77,0.26,0.13,0.26,50.0,0.52,2.97,26.09,1.42,45.45,0.26,50.0,0.64,0.64,3.22,64.0,0,,0,,0,0.0,0.0,0.0,,,0.13,,,0.0,0.0,0.0,0.0,0,0.0
F. Zunić,Mladost Lučani,Mladost Lučani,"DMF, RCMF, LCMF",24,500000,2028-01-01,8,493,0,0.04,0,0.01,17.34,46.32,Serbia,Serbia,right,180,71,no,7.12,7.67,50.0,2.92,56.25,0.73,0.85,0.18,2.56,2.96,1.64,1,0.18,0,0.0,0.37,0.0,0,0.0,0.01,0,0.0,3,0.55,0.0,0.0,0.0,0.18,0.0,0.0,0.0,0.18,0.0,0.0,0.73,50.0,4.38,25.0,0.0,1.1,0.0,19.72,0.0,0.37,35.05,80.73,15.15,65.06,4.56,96.0,11.68,90.63,30.3,86.14,4.56,48.0,19.5,38.11,0.0,0.18,0.18,0.0,0.37,0.0,0.0,5.66,67.74,0.55,0.0,0.73,25.0,0.0,0.0,7.12,64.1,0,,0,,0,0.0,0.0,0.0,,,0.0,,,0.0,0.0,0.0,0.0,0,0.0
F. Ivanović,Sogdiana,Radnički Kragujevac,RCB,34,500000,2026-12-31,31,2750,0,2.38,0,0.0,18.0,64.18,Serbia,Serbia,right,189,82,no,11.62,7.89,67.22,5.53,72.78,0.26,0.34,0.59,6.05,7.92,2.59,9,0.29,3,0.1,0.43,0.0,0,0.0,0.08,0,0.0,21,0.69,23.81,0.0,0.0,0.23,14.29,0.0,0.0,0.23,14.29,0.03,0.33,70.0,1.73,49.06,0.79,0.69,0.16,21.08,0.2,0.56,37.28,74.28,18.26,58.42,2.32,95.77,13.71,92.12,28.18,84.55,8.9,43.01,23.07,35.17,0.0,0.0,0.0,0.03,0.07,0.0,0.0,6.05,45.41,0.82,12.0,0.46,7.14,0.1,0.03,8.77,52.24,0,,0,,0,0.0,0.0,0.0,,,1.57,,,0.0,0.0,0.0,0.0,0,0.0
S. Stanojlović,Charleroi,Novi Pazar,"CF, LW, LAMF",24,500000,,30,1024,4,3.43,0,0.53,17.07,42.27,Bosnia and Herzegovina,"Bosnia and Herzegovina, Serbia",right,185,75,no,3.96,3.17,63.89,4.49,31.37,0.26,0.36,0.0,1.67,2.26,1.06,2,0.18,0,0.0,4.13,0.35,4,0.35,0.3,0,0.0,31,2.73,45.16,12.903,0.0,3.17,27.78,3.08,28.57,0.09,0.0,0.35,2.99,67.65,7.39,42.86,3.52,1.5,0.53,17.42,2.55,0.97,25.34,75.69,4.75,64.81,7.65,94.25,8.01,65.93,20.41,84.48,2.02,52.17,17.17,18.54,0.05,0.7,0.0,0.0,0.0,0.0,0.35,1.85,57.14,2.82,37.5,0.18,100.0,1.06,0.79,3.08,74.29,0,,0,,0,0.0,0.0,0.0,,,0.7,,,0.18,0.09,100.0,0.35,0,0.0
D. Krajišnik,Kyzyl-Zhar,Radnički Kragujevac,"LCMF, RCMF, AMF",29,500000,2026-12-31,33,2255,4,3.14,1,1.89,22.11,45.85,Bosnia and Herzegovina,"Bosnia and Herzegovina, Serbia",right,175,76,no,6.94,7.38,49.19,3.19,40.0,0.44,0.58,0.12,2.87,3.78,2.39,8,0.32,0,0.0,2.35,0.16,3,0.12,0.13,0,0.0,38,1.52,28.95,10.526,0.04,1.48,32.43,1.04,26.92,0.36,55.56,0.32,2.39,50.0,8.1,47.29,1.08,1.0,0.16,24.35,0.8,2.79,36.96,79.7,12.77,69.06,5.99,95.33,12.29,82.79,32.69,85.35,2.87,38.89,17.16,26.68,0.08,0.6,0.04,0.08,0.64,37.5,0.28,5.95,61.74,2.24,39.29,0.84,33.33,0.52,0.52,5.87,76.87,0,,0,,0,0.0,0.0,0.0,,,0.12,,,0.96,0.16,25.0,1.08,1,100.0
L. Nikolić,Vojvodina,Crvena Zvezda,RB,26,500000,2028-06-30,26,2099,2,0.25,2,2.64,16.12,54.79,Serbia,Serbia,right,177,71,no,8.49,7.5,60.57,1.54,63.89,0.26,0.36,0.09,3.69,5.09,0.99,2,0.09,0,0.0,3.34,0.09,2,0.09,0.01,0,0.0,7,0.3,42.86,28.571,0.09,4.55,38.68,0.43,60.0,4.12,36.46,0.47,2.44,52.63,5.02,48.72,0.81,1.41,0.6,23.5,1.54,1.5,35.29,74.48,13.55,67.09,5.49,95.31,11.36,73.58,25.77,85.69,5.19,50.41,21.59,32.26,0.11,0.86,0.0,0.0,0.21,80.0,0.47,5.57,66.15,3.86,47.78,0.56,30.77,0.51,1.59,8.53,71.86,0,,0,,0,0.0,0.0,0.0,,,0.51,,,0.56,0.0,0.0,0.6,0,0.0
S. Petrov,Hwaseong,Radnički Niš,"CF, LAMF, LW",28,500000,,35,2217,2,6.84,1,2.16,22.0,36.35,Serbia,Serbia,right,190,82,no,4.19,3.47,51.22,3.89,34.78,0.0,0.0,0.21,2.41,3.48,1.35,4,0.16,0,0.0,4.06,0.08,2,0.08,0.29,0,0.0,46,1.95,43.48,4.348,0.04,1.9,22.22,1.52,16.67,0.38,44.44,0.42,5.12,51.24,11.13,32.32,3.64,2.2,1.06,13.58,1.65,1.4,18.36,74.65,3.64,67.44,5.8,89.05,4.7,66.67,16.08,81.05,0.47,63.64,14.43,7.83,0.09,0.97,0.04,0.0,0.17,100.0,0.42,1.31,67.74,1.99,38.3,0.17,75.0,0.97,0.34,2.12,68.0,0,,0,,0,0.0,0.0,0.0,,,0.0,,,0.0,0.0,0.0,0.0,0,0.0
V. Kovačević,Spartak Subotica,Mladost Novi Sad,"RCB, LCB",33,500000,2027-06-30,18,1704,0,0.15,0,0.0,14.55,65.13,Serbia,Serbia,right,190,86,no,10.93,5.46,69.39,5.3,63.16,0.5,0.69,0.56,6.64,9.08,1.17,2,0.11,0,0.0,0.11,0.0,0,0.0,0.01,0,0.0,1,0.06,100.0,0.0,0.0,0.0,0.0,0.0,0.0,0.0,0.0,0.0,0.22,25.0,1.17,61.9,0.28,0.84,0.28,19.29,0.28,0.95,35.13,82.54,16.56,70.03,2.79,94.0,13.16,96.61,28.72,88.35,6.41,56.52,21.62,35.4,0.0,0.0,0.06,0.0,0.06,0.0,0.0,4.68,54.76,0.67,8.33,0.39,14.29,0.06,0.0,6.91,65.32,0,,0,,0,0.0,0.0,0.0,,,2.12,,,0.0,0.0,0.0,0.0,0,0.0
Patrick Andrade,Araz,Partizan,"LDMF, RCMF, AMF",33,450000,,16,971,0,0.44,1,0.74,17.33,46.52,Cape Verde Islands,"Cape Verde Islands, Portugal",left,173,73,no,6.67,5.38,62.07,2.04,27.27,0.56,0.89,0.28,2.78,4.46,1.02,3,0.28,0,0.0,2.22,0.0,0,0.0,0.04,0,0.0,10,0.93,10.0,0.0,0.09,1.2,0.0,0.93,0.0,0.19,0.0,0.28,3.34,47.22,6.67,40.28,1.11,1.39,0.56,35.78,0.56,0.93,50.33,82.5,17.24,73.12,7.04,90.79,18.17,85.71,42.27,88.82,7.04,56.58,19.43,31.95,0.07,0.65,0.0,0.09,1.02,54.55,0.09,11.49,76.61,2.5,37.04,0.93,50.0,0.83,0.0,9.36,87.13,0,,0,,0,0.0,0.0,0.0,,,0.37,,,0.37,0.0,0.0,1.85,0,0.0
E. Hackman,Turan-T,Mladost Novi Sad,RCB,31,450000,,15,1301,0,0.25,0,0.14,18.12,61.07,Ghana,"Ghana, Togo",right,187,76,no,12.45,8.44,67.21,6.09,53.41,0.14,0.18,0.42,6.64,8.7,1.45,1,0.07,1,0.07,0.28,0.0,0,0.0,0.02,0,0.0,6,0.42,16.67,0.0,0.0,0.21,33.33,0.0,0.0,0.21,33.33,0.0,0.14,100.0,1.52,54.55,0.69,0.55,0.14,17.5,0.42,0.9,33.34,79.88,19.3,74.55,2.14,90.32,9.06,90.08,23.66,85.09,9.48,67.88,22.89,36.18,0.01,0.21,0.0,0.0,0.0,0.0,0.07,7.75,75.0,0.62,44.44,0.21,33.33,0.28,0.07,11.21,73.46,0,,0,,0,0.0,0.0,0.0,,,1.18,,,0.0,0.0,0.0,0.0,0,0.0
N. Kočović,Kabel Novi Sad,Kolubara,"LCB, LB",31,450000,,33,2894,0,0.68,2,1.59,13.66,58.74,Serbia,Serbia,left,183,78,no,9.58,5.67,64.33,2.69,61.73,0.36,0.44,0.63,5.57,6.72,0.53,4,0.12,0,0.0,1.19,0.0,0,0.0,0.02,0,0.0,8,0.27,0.0,0.0,0.07,1.56,36.17,1.49,35.56,0.07,50.0,0.0,0.93,64.29,3.38,50.98,0.46,0.53,0.13,20.13,0.66,0.99,32.63,73.58,16.08,62.27,2.72,91.46,8.59,83.01,24.11,85.01,7.0,42.65,21.02,34.39,0.05,0.3,0.0,0.0,0.03,100.0,0.03,3.91,51.69,1.59,45.83,0.27,12.5,0.27,0.6,8.26,57.03,0,,0,,0,0.0,0.0,0.0,,,0.63,,,0.17,0.1,0.0,0.27,0,0.0
L. Luković,IMT Novi Beograd,Javor Ivanjica,"LAMF, LW, AMF",29,450000,,18,1303,2,2.48,0,1.73,23.42,37.46,Serbia,Serbia,right,187,82,no,7.11,6.63,52.08,3.52,31.37,0.41,0.56,0.0,3.25,4.35,1.45,4,0.28,0,0.0,3.45,0.14,2,0.14,0.17,0,0.0,23,1.59,43.48,8.696,0.0,2.28,36.36,1.45,33.33,0.62,44.44,0.28,3.52,41.18,9.81,32.39,2.21,0.9,0.62,16.37,1.93,1.31,27.35,69.19,8.15,64.41,4.28,80.65,9.53,72.46,22.24,74.53,3.04,54.55,19.22,28.47,0.12,0.9,0.0,0.07,1.11,43.75,0.41,2.9,57.14,3.8,52.73,1.04,33.33,1.38,0.83,4.7,85.29,0,,0,,0,0.0,0.0,0.0,,,0.0,,,0.07,0.0,0.0,0.07,0,0.0
K. Coulibaly,,Crvena Zvezda,"CF, LAMF",34,450000,,4,105,1,0.58,1,0.0,33.43,56.41,Mali,"Mali, France",right,197,87,no,5.14,5.14,66.67,15.43,77.78,0.0,0.0,0.86,1.71,3.75,0.86,0,0.0,0,0.0,1.71,0.86,1,0.86,0.5,0,0.0,3,2.57,66.67,33.333,0.86,0.0,0.0,0.0,0.0,0.0,0.0,0.0,1.71,0.0,6.0,0.0,4.29,0.0,0.0,12.0,2.57,0.0,18.86,54.55,4.29,20.0,6.86,87.5,4.29,40.0,18.86,54.55,0.0,0.0,13.84,0.0,0.0,0.0,0.0,0.0,0.0,0.0,0.0,0.0,0.0,1.71,0.0,0.0,0.0,0.86,0.0,0.86,0.0,0,,0,,0,0.0,0.0,0.0,,,0.0,,,0.0,0.0,0.0,0.0,0,0.0
O. Mrsić,,Napredak Kruševac,"RCB, LCB",27,450000,,10,873,0,0.04,0,0.16,15.05,52.74,Serbia,Serbia,right,194,90,no,9.9,5.15,58.0,6.8,59.09,0.93,1.21,0.41,5.98,7.77,1.44,1,0.1,0,0.0,0.0,0.0,0,0.0,0.0,0,0.0,1,0.1,0.0,0.0,0.0,0.1,0.0,0.1,0.0,0.0,0.0,0.1,0.1,0.0,0.82,0.0,0.21,0.21,0.0,17.73,0.41,0.21,31.13,77.81,15.46,66.0,1.86,94.44,11.65,91.15,23.09,88.39,7.94,48.05,24.91,41.43,0.02,0.1,0.0,0.0,0.0,0.0,0.1,5.57,53.7,0.62,33.33,0.82,75.0,0.31,0.0,7.11,66.67,0,,0,,0,0.0,0.0,0.0,,,1.55,,,0.0,0.0,0.0,0.0,0,0.0
V. Savić,Napredak Kruševac,Napredak Kruševac,GK,30,450000,,6,581,0,0.0,0,0.0,1.24,62.5,Serbia,Serbia,right,190,83,no,1.24,0.15,0.0,1.08,71.43,0.0,0.0,0.0,1.24,1.85,0.0,0,0.0,0,0.0,0.0,0.0,0,0.0,0.0,0,0.0,0,0.0,0.0,0.0,0.0,0.0,0.0,0.0,0.0,0.0,0.0,0.0,0.0,0.0,0.0,0.0,0.0,0.0,0.0,4.49,0.15,0.15,10.53,91.18,5.73,89.19,0.0,0.0,4.34,92.86,5.42,100.0,5.11,81.82,33.83,47.02,0.0,0.0,0.0,0.0,0.0,0.0,0.0,0.93,66.67,0.0,0.0,0.0,0.0,0.0,0.0,4.65,83.33,7,1.08,29,4.49,1,75.86,10.18,1.58,3.18,0.493,0.0,1.55,1.08,,,,0.0,0,0.0
N. Kurdić,Dinamo Tbilisi,Novi Pazar,"LCB, RCB",27,425000,2027-12-31,17,1459,0,0.44,0,0.03,15.24,59.51,Bosnia and Herzegovina,Bosnia and Herzegovina,right,189,0,no,9.62,6.54,63.21,4.32,55.71,0.31,0.37,0.8,5.18,6.15,1.11,2,0.12,1,0.06,0.74,0.0,0,0.0,0.03,0,0.0,5,0.31,60.0,0.0,0.0,0.0,0.0,0.0,0.0,0.0,0.0,0.0,0.68,63.64,2.16,45.71,0.43,1.11,0.19,15.79,0.19,0.25,30.29,82.89,15.17,75.61,1.67,100.0,11.04,93.85,25.17,88.73,5.12,54.22,22.21,33.51,0.0,0.12,0.06,0.0,0.19,66.67,0.0,4.19,67.65,0.37,50.0,0.37,50.0,0.19,0.0,6.85,70.27,0,,0,,0,0.0,0.0,0.0,,,1.36,,,0.06,0.0,0.0,0.0,0,0.0
M. Borjan,Al Riyadh,Crvena Zvezda,GK,38,400000,,33,3143,0,0.0,0,0.0,0.74,92.31,Serbia,"Serbia, Canada",right,196,85,no,1.83,0.09,66.67,0.31,100.0,0.03,0.05,0.0,1.75,3.12,0.03,1,0.03,0,0.0,0.17,0.0,0,0.0,0.0,0,0.0,0,0.0,0.0,0.0,0.0,0.0,0.0,0.0,0.0,0.0,0.0,0.0,0.17,100.0,0.29,100.0,0.03,0.0,0.0,14.15,0.37,0.14,20.53,88.98,12.57,84.28,0.03,100.0,7.19,97.21,13.6,98.32,6.84,71.55,31.58,47.47,0.0,0.0,0.0,0.0,0.0,0.0,0.0,1.37,64.58,0.09,0.0,0.03,100.0,0.0,0.0,5.67,76.77,15,0.43,82,2.35,17,81.71,18.64,0.53,3.64,0.104,0.03,0.92,0.31,,,,0.0,0,0.0
A. Pavlović,,Partizan,CF,32,400000,,18,677,2,2.81,1,1.09,24.46,33.15,Serbia,Serbia,left,189,89,no,2.53,2.66,70.0,7.05,35.85,0.13,0.23,0.0,0.53,0.92,0.8,1,0.13,0,0.0,2.39,0.27,2,0.27,0.37,1,0.13,24,3.19,41.67,8.333,0.13,0.4,33.33,0.27,50.0,0.13,0.0,0.0,1.6,58.33,10.1,23.68,4.12,0.0,0.0,13.69,1.06,1.46,18.61,84.29,4.12,70.97,5.32,95.0,5.32,90.0,17.28,86.15,0.93,71.43,12.91,12.9,0.15,0.93,0.0,0.0,0.53,0.0,0.53,0.93,85.71,1.33,30.0,0.53,0.0,0.93,0.0,1.06,75.0,0,,0,,0,0.0,0.0,0.0,,,0.0,,,0.0,0.0,0.0,0.0,0,0.0
M. Živković,Partizan,Partizan,RB,32,400000,,19,1464,1,0.44,2,2.93,17.46,57.04,Serbia,Serbia,right,173,71,no,10.76,8.85,64.58,2.09,55.88,0.61,0.91,0.12,4.43,6.59,1.11,3,0.18,0,0.0,3.07,0.06,1,0.06,0.03,1,0.06,8,0.49,37.5,12.5,0.12,3.81,40.32,0.0,0.0,3.81,40.32,0.12,1.78,75.86,4.18,54.41,0.68,0.92,0.49,36.27,2.15,0.86,49.12,80.1,16.17,69.96,7.56,93.5,16.41,85.39,41.68,87.76,3.75,32.79,19.39,32.22,0.18,1.41,0.0,0.0,0.06,0.0,0.61,6.52,64.15,3.81,50.0,0.43,28.57,0.55,1.54,9.28,72.85,0,,0,,0,0.0,0.0,0.0,,,1.29,,,0.37,0.06,100.0,2.21,0,0.0
D. Denić,Mardin 1969,Mladost Novi Sad,"RCMF, RDMF",30,400000,2028-06-30,25,2135,1,1.5,0,1.0,24.44,46.95,Serbia,Serbia,right,182,72,no,10.51,9.5,54.84,4.91,42.86,0.61,0.78,0.26,4.69,5.98,2.23,5,0.21,0,0.0,2.06,0.04,1,0.04,0.07,0,0.0,12,0.53,33.33,8.333,0.0,1.05,20.83,0.26,33.33,0.79,16.67,0.22,2.41,60.0,5.69,45.38,1.49,1.45,1.09,13.4,0.61,0.83,27.02,78.93,10.42,68.91,4.47,91.18,8.01,86.89,23.91,82.97,2.1,60.42,17.19,29.23,0.04,0.48,0.0,0.04,0.31,71.43,0.22,4.38,71.0,1.49,50.0,0.39,88.89,0.74,0.18,4.42,79.21,0,,0,,0,0.0,0.0,0.0,,,0.13,,,0.13,0.0,0.0,0.0,0,0.0
Z. Šehović,Čukarički,Partizan,"LB, RB",25,400000,2028-06-30,9,311,1,0.55,0,0.0,27.2,52.13,Serbia,Serbia,left,180,76,yes,11.0,10.13,60.0,8.97,51.61,0.0,0.0,0.29,4.92,7.18,1.45,0,0.0,0,0.0,2.03,0.29,1,0.29,0.16,1,0.29,5,1.45,20.0,20.0,0.0,2.89,30.0,2.89,30.0,0.0,0.0,0.58,1.16,75.0,3.18,54.55,1.45,0.29,0.0,25.47,1.74,0.87,33.86,71.79,14.18,65.31,6.66,82.61,9.26,75.0,25.76,82.02,5.5,42.11,17.81,24.87,0.0,0.0,0.0,0.0,0.0,0.0,0.29,4.92,47.06,3.18,27.27,0.58,0.0,0.0,1.16,9.55,60.61,0,,0,,0,0.0,0.0,0.0,,,0.29,,,0.0,0.0,0.0,0.0,0,0.0
M. Makarić,Da Nang,Radnik Surdulica,CF,30,400000,,18,1481,0,5.1,1,0.87,27.65,31.87,Serbia,Serbia,right,185,78,no,3.77,2.37,51.28,6.08,26.0,0.06,0.08,0.12,2.49,3.22,1.64,1,0.06,0,0.0,2.13,0.0,0,0.0,0.31,0,0.0,37,2.25,24.32,0.0,0.06,0.97,25.0,0.3,20.0,0.67,27.27,0.06,2.8,47.83,13.92,32.31,3.22,0.97,0.67,6.32,1.64,2.31,15.5,69.02,4.07,52.24,4.07,91.04,3.95,64.62,13.98,72.61,0.61,50.0,15.76,16.17,0.05,0.67,0.0,0.0,0.43,0.0,0.18,1.82,53.33,1.15,42.11,0.49,12.5,0.61,0.3,1.28,66.67,0,,0,,0,0.0,0.0,0.0,,,0.0,,,0.06,0.06,0.0,0.0,1,0.0
B. Popović,Crvena Zvezda,Kolubara,GK,26,400000,2030-06-30,8,742,0,0.0,0,0.0,1.33,72.73,Montenegro,Montenegro,right,194,84,no,2.43,0.24,50.0,0.85,71.43,0.12,0.16,0.0,2.18,2.86,0.12,0,0.0,0,0.0,0.0,0.0,0,0.0,0.0,0,0.0,0,0.0,0.0,0.0,0.0,0.0,0.0,0.0,0.0,0.0,0.0,0.0,0.0,0.0,0.12,100.0,0.0,0.0,0.12,9.58,0.12,0.24,17.35,82.52,10.31,76.47,0.0,0.0,6.55,94.44,11.28,93.55,6.06,62.0,31.08,46.72,0.0,0.0,0.0,0.0,0.0,0.0,0.0,1.58,46.15,0.0,0.0,0.12,100.0,0.0,0.0,4.85,67.5,18,2.18,43,5.22,0,58.14,19.99,2.43,1.99,0.241,0.0,1.94,0.85,,,,0.0,0,0.0
M. Obradović,Ansan Greeners,Javor Ivanjica,LCB,26,400000,2026-12-31,33,3136,0,1.37,0,0.23,14.72,53.22,Serbia,Serbia,left,189,81,no,8.15,5.6,54.87,4.65,51.85,0.34,0.47,0.57,4.74,6.5,1.61,10,0.29,1,0.03,0.72,0.0,0,0.0,0.04,0,0.0,9,0.26,55.56,0.0,0.0,0.6,42.86,0.6,42.86,0.0,0.0,0.06,0.57,50.0,1.66,41.38,0.4,1.23,0.52,16.65,0.55,0.72,30.85,71.35,16.79,61.2,2.21,89.61,9.79,85.04,21.58,83.11,8.78,44.12,24.94,38.88,0.01,0.09,0.03,0.0,0.03,100.0,0.03,6.97,49.79,1.55,42.59,0.66,26.09,0.4,0.23,8.18,65.26,0,,0,,0,0.0,0.0,0.0,,,1.32,,,0.03,0.0,0.0,0.0,0,0.0
A. Janković,Sumqayıt,Čukarički,"LW, RW, RAMF",26,400000,2027-06-30,7,177,1,0.47,1,0.08,20.34,35.0,Serbia,Serbia,right,183,77,no,7.12,5.08,50.0,2.03,25.0,0.0,0.0,0.0,4.58,5.74,1.53,1,0.51,0,0.0,3.05,0.51,1,0.51,0.24,0,0.0,4,2.03,25.0,25.0,0.51,1.53,0.0,1.53,0.0,0.0,0.0,0.51,7.12,35.71,10.17,40.0,3.05,2.03,0.51,10.17,2.03,2.03,12.2,79.17,1.02,50.0,5.08,100.0,4.58,66.67,10.68,90.48,0.0,0.0,14.17,0.0,0.04,0.51,0.0,0.51,0.0,0.0,0.51,1.02,50.0,0.51,0.0,0.0,0.0,0.51,0.51,2.03,75.0,0,,0,,0,0.0,0.0,0.0,,,0.0,,,0.0,0.0,0.0,0.0,0,0.0
N. Shimura,Port FC,Spartak Subotica,"RB, RCMF",33,400000,2027-06-30,31,2674,2,3.79,3,1.43,17.27,54.78,Japan,Japan,right,178,71,no,9.76,7.51,59.19,4.38,57.69,0.81,1.14,0.27,4.51,6.39,1.62,8,0.27,1,0.03,1.31,0.07,2,0.07,0.13,1,0.03,24,0.81,33.33,8.333,0.1,1.72,33.33,0.24,42.86,1.48,31.82,0.13,0.61,66.67,2.69,53.75,1.51,0.88,0.24,16.19,1.08,1.21,26.05,70.8,12.05,64.8,3.03,91.11,6.66,73.74,21.44,76.77,3.0,47.19,18.25,31.06,0.05,0.34,0.0,0.0,0.17,40.0,0.3,4.81,64.34,1.68,44.0,0.3,33.33,0.57,0.57,6.6,71.94,0,,0,,0,0.0,0.0,0.0,,,0.27,,,0.0,0.0,0.0,0.0,0,0.0
M. Oreščanin,Mladost Lučani,Radnik Surdulica,"RDMF, RCMF, RCB",28,400000,,32,2607,2,1.19,0,0.11,21.54,59.13,Serbia,Serbia,right,187,80,no,11.84,7.18,64.42,5.42,57.32,1.0,1.4,0.52,6.21,8.7,1.45,10,0.35,0,0.0,1.38,0.07,2,0.07,0.04,0,0.0,14,0.48,28.57,14.286,0.0,0.24,57.14,0.03,0.0,0.17,80.0,0.03,1.59,69.57,5.01,58.62,0.38,0.55,0.14,16.64,0.14,1.97,33.52,77.96,14.26,65.38,3.52,95.1,11.46,87.95,28.03,83.37,5.25,50.0,19.94,35.81,0.0,0.17,0.03,0.0,0.0,0.0,0.07,5.66,62.2,0.66,36.84,0.21,16.67,0.14,0.14,7.32,65.09,0,,0,,0,0.0,0.0,0.0,,,0.76,,,0.0,0.0,0.0,0.0,0,0.0
B. Čečarić,,Napredak Kruševac,"CF, RW",32,400000,,32,1773,2,3.41,0,1.02,30.51,37.44,Serbia,Serbia,right,190,72,no,4.21,3.4,56.72,11.62,42.79,0.3,0.39,0.05,1.98,2.57,2.03,4,0.2,0,0.0,1.42,0.1,2,0.1,0.17,0,0.0,24,1.22,37.5,8.333,0.0,1.02,20.0,0.05,0.0,0.96,21.05,0.25,1.52,40.0,9.7,29.84,2.59,0.61,0.41,11.57,2.28,1.88,21.93,70.6,5.23,52.43,6.09,88.33,5.38,64.15,19.7,75.26,1.27,36.0,15.15,13.62,0.05,0.66,0.0,0.0,0.25,60.0,0.41,1.93,63.16,0.91,44.44,0.36,42.86,0.51,0.2,2.39,72.34,0,,0,,0,0.0,0.0,0.0,,,0.0,,,0.05,0.05,0.0,0.0,0,0.0
A. Lutovac,Napredak Kruševac,Partizan,"RB, RW",29,400000,,10,408,1,0.75,1,0.68,23.38,45.28,Serbia,Serbia,right,175,70,no,9.26,7.5,61.76,2.21,10.0,0.44,0.76,0.22,4.19,7.22,1.76,1,0.22,0,0.0,4.85,0.22,1,0.22,0.17,0,0.0,9,1.99,22.22,11.111,0.22,6.18,25.0,0.0,0.0,6.18,25.0,0.66,4.63,57.14,9.93,46.67,2.87,1.76,1.1,26.03,1.99,1.99,38.6,70.29,11.69,71.7,8.38,89.47,11.47,61.54,29.78,82.96,2.87,38.46,15.98,15.88,0.15,1.32,0.0,0.0,0.22,100.0,0.88,3.09,71.43,4.41,30.0,0.66,66.67,0.22,1.76,7.72,60.0,0,,0,,0,0.0,0.0,0.0,,,0.66,,,0.0,0.0,0.0,0.0,0,0.0
R. Bosić,Bačka Topola,Javor Ivanjica,"LAMF, RAMF",25,400000,,23,969,1,2.24,0,1.7,29.44,41.32,Serbia,Serbia,right,183,73,no,8.73,8.73,56.38,2.41,11.54,0.0,0.0,0.09,3.81,5.77,1.76,0,0.0,0,0.0,4.37,0.09,1,0.09,0.21,0,0.0,20,1.86,15.0,5.0,0.0,1.95,47.62,0.93,30.0,1.02,63.64,0.28,5.67,54.1,14.58,39.49,2.6,1.39,0.46,9.75,1.11,1.76,17.28,73.66,4.09,68.18,3.16,94.12,5.85,71.43,14.02,79.47,1.49,56.25,17.31,13.51,0.16,1.21,0.0,0.0,0.46,20.0,0.56,1.49,56.25,2.14,52.17,0.84,33.33,0.93,0.74,2.51,74.07,0,,0,,0,0.0,0.0,0.0,,,0.09,,,0.09,0.09,0.0,0.09,0,0.0
M. Novaković,Radnik Surdulica,Voždovac,"AMF, RW, RCMF",25,400000,2028-06-30,9,268,0,0.01,0,0.01,29.22,45.98,Serbia,Serbia,right,175,70,no,10.07,12.09,52.78,4.03,41.67,0.0,0.0,0.0,3.69,5.24,2.35,1,0.34,0,0.0,1.01,0.0,0,0.0,0.0,0,0.0,2,0.67,0.0,0.0,0.0,0.67,0.0,0.0,0.0,0.67,0.0,0.0,2.01,50.0,6.38,47.37,0.34,0.34,0.0,17.13,0.67,2.35,27.2,77.78,6.04,55.56,6.72,85.0,8.4,88.0,25.52,81.58,1.01,33.33,14.34,5.98,0.0,0.34,0.34,0.0,0.0,0.0,0.0,0.67,50.0,0.67,50.0,0.0,0.0,0.34,0.0,3.02,22.22,0,,0,,0,0.0,0.0,0.0,,,0.0,,,0.0,0.0,0.0,0.34,0,0.0
S. Marjanović,Kabel Novi Sad,Radnički Niš,"RCMF, RCB",31,400000,,29,2330,1,1.1,1,0.45,19.17,52.83,Serbia,Serbia,right,192,79,no,10.73,6.99,63.22,6.19,49.35,0.28,0.4,0.84,6.03,8.54,1.89,8,0.31,2,0.08,0.64,0.04,1,0.04,0.04,1,0.04,16,0.64,37.5,6.25,0.04,0.32,37.5,0.0,0.0,0.32,37.5,0.08,0.64,43.75,3.09,35.06,0.72,0.6,0.16,22.5,0.52,0.68,39.42,79.82,16.96,66.82,3.46,90.7,14.34,92.72,32.38,86.23,6.75,50.6,20.94,36.36,0.02,0.2,0.0,0.04,0.0,0.0,0.04,5.5,62.04,0.6,33.33,0.2,20.0,0.08,0.12,8.04,63.0,0,,0,,0,0.0,0.0,0.0,,,1.04,,,0.08,0.08,100.0,0.0,0,0.0
V. Bakić,Zemun,Kolubara,"CB, LCB",26,400000,,29,2603,0,1.15,0,0.15,15.15,62.01,Serbia,Serbia,left,192,84,no,12.03,5.35,69.44,5.35,66.67,0.85,1.05,1.11,7.47,9.15,1.19,7,0.24,1,0.03,0.26,0.0,0,0.0,0.04,0,0.0,10,0.37,30.0,0.0,0.0,0.04,0.0,0.04,0.0,0.0,0.0,0.0,0.45,33.33,1.56,38.1,0.52,0.48,0.0,17.09,0.15,0.52,31.61,84.49,13.22,73.88,1.78,93.75,13.26,93.0,27.23,89.77,4.38,51.69,20.59,36.69,0.01,0.07,0.0,0.0,0.0,0.0,0.04,2.71,43.84,0.41,27.27,0.3,25.0,0.22,0.0,4.9,58.33,0,,0,,0,0.0,0.0,0.0,,,1.26,,,0.0,0.0,0.0,0.0,0,0.0
N. Vlajković,,Radnički Kragujevac,"RB, RWB",30,400000,,24,2190,0,0.6,0,1.45,14.05,52.34,Serbia,Serbia,right,178,70,no,8.51,6.58,55.63,2.47,41.67,1.15,1.48,0.16,3.7,4.75,1.48,5,0.21,1,0.04,2.14,0.0,0,0.0,0.02,0,0.0,17,0.7,29.41,0.0,0.0,2.71,39.39,0.0,0.0,2.71,39.39,0.25,1.15,71.43,2.71,59.09,0.82,0.86,0.49,18.29,1.11,0.78,30.16,72.07,14.67,67.51,4.27,91.35,6.99,75.88,21.49,81.84,6.0,52.05,20.53,32.34,0.06,0.62,0.04,0.04,0.08,50.0,0.58,4.73,65.22,2.42,55.93,0.16,25.0,0.45,1.15,8.34,65.52,0,,0,,0,0.0,0.0,0.0,,,0.53,,,0.08,0.04,100.0,0.08,0,0.0
L. Milunović,Kavala,Radnički Kragujevac,"CF, LAMF",33,400000,,16,866,3,2.97,2,1.09,15.69,39.74,Serbia,Serbia,right,180,74,no,3.95,1.66,68.75,3.74,41.67,0.0,0.0,0.1,2.81,3.77,1.04,1,0.1,0,0.0,1.87,0.31,3,0.31,0.31,1,0.1,15,1.56,66.67,20.0,0.21,0.52,20.0,0.1,0.0,0.42,25.0,0.1,1.97,36.84,7.38,32.39,3.12,0.83,0.21,14.97,2.08,1.87,23.8,78.6,5.61,70.37,8.21,87.34,5.82,73.21,22.14,81.69,1.14,45.45,13.71,12.07,0.11,0.62,0.1,0.0,0.31,0.0,0.52,1.66,75.0,1.25,50.0,0.42,25.0,0.94,0.1,2.81,66.67,0,,0,,0,0.0,0.0,0.0,,,0.1,,,0.1,0.0,0.0,0.1,0,0.0
U. Nikolić,Vojvodina,Vojvodina,"RCMF, AMF, RAMF",32,400000,,24,1370,8,4.38,3,3.62,16.9,50.6,Serbia,Serbia,left,185,81,no,4.68,4.95,64.38,1.83,29.63,0.0,0.0,0.07,1.49,2.04,0.95,1,0.07,1,0.07,4.14,0.53,6,0.41,0.3,0,0.0,36,2.44,50.0,22.222,0.2,2.38,28.57,0.27,50.0,2.1,25.81,0.27,4.0,49.15,7.47,43.64,2.24,2.99,0.88,24.03,0.68,1.02,34.41,75.74,10.86,65.0,6.11,91.11,11.33,73.65,27.96,84.71,4.14,40.98,18.17,31.79,0.25,1.83,0.2,0.0,0.54,50.0,0.81,5.77,69.41,3.73,45.45,1.22,27.78,1.49,0.68,6.72,74.75,0,,0,,0,0.0,0.0,0.0,,,0.07,,,2.31,0.41,66.67,2.51,2,100.0
D. Stevanović,AEL,Radnik Surdulica,LCB,30,375000,,24,2156,0,0.66,0,0.4,14.28,61.7,Serbia,Serbia,left,186,79,no,9.27,5.43,65.38,4.17,61.0,0.83,1.13,0.25,4.88,6.64,1.04,2,0.08,0,0.0,0.33,0.0,0,0.0,0.03,0,0.0,10,0.42,10.0,0.0,0.0,0.21,20.0,0.17,0.0,0.04,100.0,0.0,0.46,54.55,1.46,40.0,0.38,0.67,0.08,21.5,0.13,0.71,39.36,75.93,19.37,57.54,1.71,95.12,15.45,95.14,28.76,88.53,10.39,42.17,25.84,42.35,0.02,0.13,0.0,0.0,0.08,0.0,0.04,7.64,38.25,1.04,16.0,0.71,11.76,0.13,0.04,9.06,66.82,0,,0,,0,0.0,0.0,0.0,,,0.92,,,0.25,0.13,33.33,0.0,0,0.0
N. Petrić,Borac Čačak,Napredak Kruševac,GK,35,375000,,31,2945,0,0.0,0,0.0,0.31,80.0,Serbia,Serbia,right,194,85,no,1.07,0.0,0.0,0.21,85.71,0.0,0.0,0.0,1.07,1.38,0.0,1,0.03,0,0.0,0.0,0.0,0,0.0,0.0,0,0.0,0,0.0,0.0,0.0,0.0,0.0,0.0,0.0,0.0,0.0,0.0,0.0,0.0,0.0,0.03,100.0,0.0,0.0,0.0,6.42,0.09,0.06,11.74,80.47,9.5,76.85,0.0,0.0,2.02,98.48,3.88,97.64,7.82,72.27,38.9,46.41,0.0,0.0,0.0,0.0,0.0,0.0,0.0,1.53,68.0,0.06,0.0,0.0,0.0,0.0,0.0,6.2,83.74,30,0.92,140,4.28,13,78.57,35.87,1.1,5.87,0.179,0.0,1.19,0.21,,,,0.0,0,0.0
N. Belaković,Zemun,Radnički Niš,"RW, LAMF, RAMF",29,350000,2027-06-30,16,1086,2,1.89,0,2.34,16.41,52.53,Serbia,Serbia,right,183,75,no,4.89,3.98,60.42,3.07,54.05,0.08,0.13,0.25,2.4,3.72,1.16,1,0.08,0,0.0,3.73,0.17,2,0.17,0.16,0,0.0,11,0.91,36.36,18.182,0.0,4.14,34.0,1.74,28.57,2.4,37.93,0.75,3.4,58.54,6.55,45.57,4.14,2.07,0.91,20.47,2.15,1.49,29.34,76.27,6.71,74.07,6.63,91.25,8.78,68.87,25.03,83.44,0.5,50.0,15.17,15.28,0.19,1.57,0.08,0.0,0.0,0.0,0.66,1.91,73.91,3.81,50.0,0.0,0.0,1.57,1.16,3.65,75.0,0,,0,,0,0.0,0.0,0.0,,,0.0,,,0.17,0.08,0.0,0.25,0,0.0
Z. Samcović,Novi Pazar,Mladost Lučani,GK,23,350000,,20,1843,0,0.0,0,0.0,0.63,76.92,Serbia,Serbia,right,193,82,no,1.71,0.24,60.0,0.34,85.71,0.0,0.0,0.0,1.56,1.99,0.1,3,0.15,0,0.0,0.0,0.0,0,0.0,0.0,0,0.0,0,0.0,0.0,0.0,0.0,0.0,0.0,0.0,0.0,0.0,0.0,0.0,0.0,0.0,0.05,100.0,0.0,0.0,0.0,6.06,0.15,0.2,11.48,74.04,8.4,67.44,0.0,0.0,2.64,90.74,3.81,100.0,7.67,61.15,42.55,50.31,0.0,0.0,0.0,0.05,0.0,0.0,0.0,2.83,62.07,0.15,33.33,0.05,0.0,0.05,0.0,5.42,81.98,35,1.71,108,5.27,2,67.59,34.42,1.68,-0.58,-0.028,0.0,1.37,0.34,,,,0.0,0,0.0
I. Tanko,Javor Ivanjica,Javor Ivanjica,"LAMF, RAMF, RW",27,350000,2027-06-30,34,1270,2,3.73,2,1.39,29.48,40.14,Ghana,Ghana,right,186,81,no,5.88,6.02,55.29,5.67,40.0,0.21,0.32,0.07,2.34,3.49,2.41,2,0.14,0,0.0,3.54,0.14,2,0.14,0.26,1,0.07,24,1.7,41.67,8.333,0.14,2.06,34.48,0.5,42.86,1.56,31.82,0.14,3.97,53.57,12.76,37.22,3.61,1.77,0.57,9.14,1.35,1.63,18.43,70.77,4.82,61.76,3.69,90.38,4.46,69.84,15.24,79.07,1.42,35.0,15.04,13.19,0.1,0.78,0.07,0.0,0.21,0.0,0.35,1.56,45.45,1.49,52.38,0.35,0.0,0.71,0.5,3.12,72.73,0,,0,,0,0.0,0.0,0.0,,,0.0,,,0.0,0.0,0.0,0.0,0,0.0
N. Srećković,Radnički Niš,Spartak Subotica,"LW, LAMF, LWF",30,350000,,34,2821,6,5.93,4,4.28,24.37,43.98,Serbia,Serbia,right,180,75,no,5.68,4.85,59.21,2.49,43.59,0.16,0.22,0.03,2.65,3.66,1.21,4,0.13,0,0.0,4.34,0.19,6,0.19,0.19,1,0.03,56,1.79,33.93,10.714,0.13,2.58,23.46,2.14,23.88,0.45,21.43,0.29,5.87,51.63,14.2,42.25,2.39,2.87,1.31,12.67,1.4,2.55,20.13,67.04,5.14,59.01,5.1,87.5,6.38,60.0,15.79,76.36,1.91,46.67,19.22,28.98,0.14,1.56,0.06,0.03,0.29,33.33,0.41,2.11,59.09,2.52,40.51,0.38,41.67,0.7,0.7,3.51,62.73,0,,0,,0,0.0,0.0,0.0,,,0.03,,,1.79,0.32,40.0,2.71,1,0.0
M. Mirosavljev,Priboj,Mladost Novi Sad,CF,31,350000,2027-06-30,10,823,2,0.99,1,0.68,33.03,32.45,Serbia,Serbia,right,188,85,no,2.52,3.06,39.29,10.28,35.11,0.11,0.15,0.0,1.2,1.7,2.08,0,0.0,0,0.0,2.41,0.22,2,0.22,0.11,0,0.0,10,1.09,50.0,20.0,0.11,0.77,42.86,0.33,33.33,0.44,50.0,0.0,2.52,60.87,13.89,30.71,2.52,0.87,0.22,13.23,2.84,2.08,25.04,74.24,3.83,40.0,8.97,89.02,6.34,77.59,23.95,76.26,0.44,25.0,15.08,12.47,0.07,0.77,0.0,0.0,0.33,0.0,0.33,2.19,45.0,1.2,27.27,0.33,0.0,0.44,0.33,1.53,64.29,0,,0,,0,0.0,0.0,0.0,,,0.0,,,0.0,0.0,0.0,0.0,0,0.0
M. Ćosić,Radnički Kragujevac,Kolubara,"LCMF, RCMF, LDMF",29,350000,,15,768,1,0.46,0,0.38,20.51,49.71,Bosnia and Herzegovina,Bosnia and Herzegovina,right,177,72,no,11.48,8.91,60.53,2.46,23.81,0.59,0.75,0.47,5.51,7.01,1.05,3,0.35,0,0.0,2.58,0.12,1,0.12,0.05,0,0.0,7,0.82,42.86,14.286,0.0,1.88,37.5,0.47,50.0,1.41,33.33,0.23,2.34,55.0,7.15,42.62,0.59,1.29,0.23,16.64,0.35,1.52,29.88,72.94,9.14,56.41,6.21,90.57,9.61,80.49,25.2,81.4,2.93,24.0,20.58,29.55,0.04,0.7,0.0,0.0,0.59,40.0,0.35,3.16,44.44,2.23,47.37,0.7,33.33,0.47,0.59,4.57,43.59,0,,0,,0,0.0,0.0,0.0,,,0.35,,,0.0,0.0,0.0,0.12,0,0.0
N. Zunić,Mladost Lučani,Mladost Lučani,"LCB, RCB",22,350000,,15,1239,1,0.85,0,0.0,19.18,62.12,Serbia,Serbia,right,182,73,no,11.33,7.77,59.81,6.03,62.65,0.44,0.56,0.51,6.25,8.01,2.11,6,0.44,0,0.0,0.58,0.07,1,0.07,0.06,1,0.07,7,0.51,42.86,14.286,0.0,0.22,0.0,0.07,0.0,0.15,0.0,0.22,0.44,83.33,1.45,75.0,0.73,0.07,0.15,13.51,0.36,1.67,26.95,73.32,15.18,65.07,0.65,77.78,8.64,84.87,19.25,83.77,7.48,48.54,21.08,32.22,0.0,0.0,0.0,0.0,0.0,0.0,0.0,3.78,40.38,0.36,0.0,0.07,0.0,0.0,0.0,6.68,58.7,0,,0,,0,0.0,0.0,0.0,,,0.29,,,0.07,0.0,0.0,0.0,0,0.0
D. Stoiljković,Niki Volos,Radnički Kragujevac,"LB, LW, LWB",31,350000,,19,1209,2,2.31,2,1.73,18.24,40.82,Serbia,Serbia,left,183,78,no,5.88,4.91,59.09,3.2,41.86,0.0,0.0,0.07,2.98,3.93,1.04,1,0.07,0,0.0,3.28,0.15,2,0.15,0.17,0,0.0,23,1.71,34.78,8.696,0.15,4.17,35.71,3.65,38.78,0.52,14.29,0.74,2.9,38.46,7.07,28.42,2.23,1.27,0.6,21.22,2.23,0.82,30.22,74.14,11.39,67.32,4.62,83.87,10.27,75.36,23.37,84.39,2.75,43.24,17.83,22.83,0.13,1.04,0.0,0.0,0.22,33.33,0.45,3.35,62.22,2.9,41.03,0.15,0.0,0.3,1.49,6.48,74.71,0,,0,,0,0.0,0.0,0.0,,,0.37,,,0.15,0.0,0.0,0.6,0,0.0
N. Bogdanovski,Napredak Kruševac,Novi Pazar,"RB, RW, RAMF",27,350000,2027-06-30,33,1725,2,1.56,1,1.19,15.97,35.91,North Macedonia,"North Macedonia, Serbia",right,179,68,no,5.25,5.04,45.74,2.63,26.53,0.05,0.06,0.11,2.89,3.44,1.13,3,0.16,0,0.0,2.89,0.1,2,0.11,0.08,0,0.0,20,1.07,30.0,10.0,0.05,3.43,29.69,0.43,25.0,2.95,30.91,0.21,2.89,50.0,7.02,34.35,1.55,1.34,1.23,14.04,1.98,0.59,20.64,62.08,6.97,53.85,3.0,89.29,6.33,61.02,15.17,75.27,2.14,17.5,20.18,27.63,0.06,0.54,0.0,0.0,0.27,40.0,0.38,2.52,55.32,3.16,32.2,0.48,44.44,0.59,0.8,4.13,63.64,0,,0,,0,0.0,0.0,0.0,,,0.43,,,0.0,0.0,0.0,0.38,0,0.0
R. Milosavljević,Radnički Niš,Vojvodina,"LCMF, LDMF, RDMF",33,350000,2027-06-30,26,1409,2,0.74,1,1.63,16.8,59.7,Serbia,Serbia,left,183,73,no,10.54,6.0,69.15,3.58,57.14,1.28,1.99,0.06,5.11,7.97,1.98,4,0.26,0,0.0,1.85,0.13,2,0.13,0.05,0,0.0,13,0.83,38.46,15.385,0.06,1.09,47.06,0.32,80.0,0.77,33.33,0.19,1.47,60.87,4.15,53.85,0.89,1.79,0.45,34.43,0.32,1.66,51.55,82.4,18.91,67.91,5.43,96.47,19.8,91.61,43.95,88.81,6.58,45.63,18.79,28.41,0.1,0.89,0.06,0.13,0.51,25.0,0.51,10.03,70.06,3.13,53.06,1.15,44.44,1.47,0.51,9.71,78.29,0,,0,,0,0.0,0.0,0.0,,,0.19,,,0.38,0.0,0.0,1.47,0,0.0
S. Srnić,Grafičar,Crvena Zvezda,"DMF, LB, LDMF",34,350000,,15,593,0,0.29,1,0.09,15.94,46.67,Serbia,Serbia,both,174,0,no,6.68,5.46,58.33,1.52,30.0,0.91,1.76,0.0,2.58,5.0,0.76,2,0.3,0,0.0,1.67,0.0,0,0.0,0.04,0,0.0,8,1.21,12.5,0.0,0.15,1.97,38.46,1.52,40.0,0.46,33.33,0.3,1.37,55.56,5.77,42.11,1.21,1.37,0.15,35.67,0.46,1.06,49.78,88.11,13.05,75.58,7.89,96.15,20.79,93.43,44.47,91.81,3.34,68.18,18.01,20.39,0.01,0.61,0.15,0.3,0.0,0.0,0.15,6.07,87.5,2.12,50.0,0.15,0.0,0.3,0.76,4.7,80.65,0,,0,,0,0.0,0.0,0.0,,,0.46,,,0.0,0.0,0.0,0.0,0,0.0
D. Stevanović,Javor Ivanjica,Radnički Niš,GK,21,350000,2029-06-30,13,1240,0,0.0,0,0.0,0.16,100.0,Serbia,Serbia,right,190,77,no,1.8,0.0,0.0,0.0,0.0,0.08,0.11,0.0,1.72,2.48,0.0,1,0.07,0,0.0,0.0,0.0,0,0.0,0.0,0,0.0,0,0.0,0.0,0.0,0.0,0.0,0.0,0.0,0.0,0.0,0.0,0.0,0.0,0.0,0.08,100.0,0.0,0.0,0.0,5.32,0.08,0.08,12.21,84.62,6.81,74.71,0.0,0.0,4.46,98.25,8.3,97.17,3.83,59.18,28.51,35.4,0.0,0.0,0.0,0.0,0.0,0.0,0.0,0.63,25.0,0.0,0.0,0.0,0.0,0.0,0.0,2.82,69.44,19,1.49,45,3.52,1,57.78,15.09,1.18,-3.91,-0.306,0.0,1.57,0.0,,,,0.0,0,0.0
N. Popović,,Mladost Novi Sad,"LAMF, RAMF, LW",32,325000,,18,1349,0,1.86,1,1.08,27.34,40.77,Serbia,Serbia,right,188,80,no,7.36,6.1,57.47,7.57,39.81,0.49,0.64,0.14,3.36,4.39,1.4,1,0.07,0,0.0,1.82,0.0,0,0.0,0.13,0,0.0,19,1.33,10.53,0.0,0.07,1.68,12.5,0.84,8.33,0.84,16.67,0.14,3.29,40.43,10.16,35.86,2.94,1.89,1.26,17.1,2.31,1.61,26.29,67.73,7.29,50.96,7.29,91.35,6.1,60.92,23.62,74.48,0.98,0.0,14.33,14.79,0.08,0.63,0.07,0.0,0.49,28.57,0.49,2.45,40.0,2.45,28.57,0.56,12.5,0.63,0.28,3.22,54.35,0,,0,,0,0.0,0.0,0.0,,,0.0,,,0.0,0.0,0.0,0.0,0,0.0
M. Cvetković,Čukarički,Bačka Topola,"RWB, RB",36,300000,,32,2877,2,1.66,4,7.54,10.32,54.24,Serbia,Serbia,right,175,70,no,8.16,5.47,59.43,1.53,30.61,0.19,0.28,0.25,4.72,7.1,0.84,9,0.28,0,0.0,2.31,0.06,2,0.06,0.05,0,0.0,22,0.69,22.73,9.091,0.13,3.38,37.96,0.03,100.0,3.35,37.38,0.44,0.88,71.43,1.66,66.04,1.56,1.19,0.44,34.32,3.44,0.75,44.61,81.42,12.95,70.77,9.38,97.33,14.7,80.43,36.69,89.68,4.6,47.62,20.17,34.66,0.24,2.06,0.03,0.06,0.34,72.73,0.59,5.79,62.7,4.19,58.21,0.88,46.43,1.72,1.25,10.64,81.18,0,,0,,0,0.0,0.0,0.0,,,0.78,,,0.69,0.03,0.0,2.06,0,0.0
Cristian,Al Bidda,Mladost Novi Sad,"LW, LAMF, RW",26,300000,,14,888,1,2.5,1,1.0,25.84,41.57,Brazil,Brazil,right,178,70,no,6.89,5.68,62.5,2.84,14.29,0.3,0.39,0.1,3.04,3.95,0.41,1,0.1,0,0.0,4.46,0.1,1,0.1,0.25,0,0.0,22,2.23,27.27,4.545,0.1,1.72,41.18,1.42,42.86,0.3,33.33,0.3,5.57,50.91,13.78,37.5,2.64,1.72,1.11,10.95,0.41,1.72,17.94,64.41,5.78,56.14,2.64,69.23,5.17,74.51,15.3,68.87,1.01,40.0,17.38,15.64,0.1,1.11,0.0,0.0,0.61,50.0,0.51,1.62,56.25,2.23,50.0,0.51,20.0,0.91,0.61,3.04,80.0,0,,0,,0,0.0,0.0,0.0,,,0.0,,,1.11,0.3,0.0,1.32,0,0.0
N. Stevanović,,Partizan,GK,34,300000,,9,874,0,0.0,0,0.0,0.31,66.67,Serbia,Serbia,right,183,77,no,1.34,0.0,0.0,0.31,66.67,0.0,0.0,0.0,1.34,2.06,0.0,0,0.0,0,0.0,0.0,0.0,0,0.0,0.0,0,0.0,0,0.0,0.0,0.0,0.0,0.0,0.0,0.0,0.0,0.0,0.0,0.0,0.0,0.0,0.0,0.0,0.0,0.0,0.0,10.92,0.1,0.0,19.77,88.54,11.64,84.96,0.0,0.0,6.59,93.75,12.97,97.62,6.8,71.21,28.6,46.49,0.0,0.0,0.0,0.0,0.0,0.0,0.0,1.85,77.78,0.1,0.0,0.1,100.0,0.0,0.0,5.15,76.0,8,0.82,21,2.16,4,61.9,6.85,0.71,-1.15,-0.118,0.0,1.34,0.31,,,,0.0,0,0.0
D. Pantić,,Partizan,"RDMF, RCMF, LCMF",29,300000,,18,1039,1,0.48,1,1.61,23.21,51.49,Serbia,Serbia,right,183,68,no,9.62,9.18,60.38,1.65,31.58,0.61,0.86,0.09,3.46,4.9,1.99,3,0.26,0,0.0,2.25,0.09,1,0.09,0.04,0,0.0,12,1.04,41.67,8.333,0.09,1.3,33.33,0.52,33.33,0.78,33.33,0.0,1.99,65.22,9.7,49.11,0.78,1.99,0.61,34.39,1.13,2.17,50.15,83.59,13.95,65.84,9.27,94.39,18.28,91.94,45.04,87.31,3.9,55.56,18.26,34.27,0.14,1.3,0.0,0.09,0.78,11.11,0.17,8.14,71.28,1.73,65.0,0.69,12.5,0.69,0.35,7.45,82.56,0,,0,,0,0.0,0.0,0.0,,,0.09,,,1.21,0.17,50.0,2.69,0,0.0
S. Saničanin,Borac Banja Luka,Partizan,LCB,31,300000,2027-06-30,17,1492,1,0.86,0,0.06,13.09,56.22,Bosnia and Herzegovina,"Bosnia and Herzegovina, Serbia",left,190,84,no,9.47,4.71,67.95,3.86,46.88,0.18,0.27,0.9,6.09,8.99,1.15,6,0.36,1,0.06,0.3,0.06,1,0.06,0.05,0,0.0,11,0.66,18.18,9.091,0.0,0.06,0.0,0.06,0.0,0.0,0.0,0.0,0.54,33.33,1.69,35.71,0.78,1.15,0.06,42.23,0.42,0.6,60.99,89.02,26.78,81.53,3.08,100.0,25.4,95.01,54.41,94.46,6.58,44.04,19.42,34.53,0.0,0.12,0.0,0.0,0.12,0.0,0.06,6.76,72.32,0.84,35.71,0.48,37.5,0.36,0.0,10.74,75.28,0,,0,,0,0.0,0.0,0.0,,,2.35,,,0.0,0.0,0.0,0.0,0,0.0
S. Islamović,Pyunik,Novi Pazar,"LCMF, AMF, LDMF",26,300000,2027-06-30,17,1121,1,2.11,0,0.18,22.59,45.17,Serbia,Serbia,right,183,78,no,8.02,6.54,58.67,4.27,26.53,0.96,1.26,0.26,3.23,4.25,1.31,3,0.24,0,0.0,2.53,0.08,0,0.0,0.18,0,0.0,14,1.22,28.57,7.143,0.0,0.87,20.0,0.44,0.0,0.44,40.0,0.0,3.58,53.66,8.55,43.88,0.87,1.57,0.87,17.44,0.61,1.05,31.48,79.78,10.64,68.85,4.88,92.86,10.55,85.95,26.86,87.01,3.84,40.91,17.15,27.34,0.02,0.26,0.17,0.0,0.26,33.33,0.09,4.71,64.81,2.18,40.0,0.7,12.5,0.87,0.17,5.23,71.67,0,,0,,0,0.0,0.0,0.0,,,0.17,,,0.0,0.0,0.0,0.0,1,100.0
T. Bondarenko,Tatran Prešov,Radnik Surdulica,"RCB, CB",33,300000,2027-06-30,17,1586,2,2.26,0,0.0,10.67,61.17,Ukraine,Ukraine,right,187,78,no,7.6,3.69,67.69,5.05,60.67,0.28,0.37,0.34,4.82,6.34,0.34,2,0.11,0,0.0,0.17,0.11,2,0.11,0.13,0,0.0,10,0.57,30.0,20.0,0.0,0.06,0.0,0.0,0.0,0.06,0.0,0.06,0.06,0.0,0.28,60.0,1.02,0.11,0.0,18.95,0.11,0.51,30.3,80.71,10.27,55.25,1.48,84.62,15.55,97.08,25.08,90.05,5.16,36.26,22.97,39.04,0.0,0.0,0.0,0.0,0.0,0.0,0.0,2.67,38.3,0.11,0.0,0.28,0.0,0.06,0.0,4.2,43.24,0,,0,,0,0.0,0.0,0.0,,,0.85,,,0.0,0.0,0.0,0.0,0,0.0
V. Vidaković,Kabel Novi Sad,Spartak Subotica,"LDMF, RCMF",27,300000,,2,157,0,0.04,0,0.04,17.77,48.39,Serbia,"Serbia, Croatia",right,193,86,no,8.6,7.45,53.85,4.59,50.0,1.72,2.2,0.57,2.87,3.66,1.72,1,0.57,0,0.0,1.15,0.0,0,0.0,0.02,0,0.0,1,0.57,0.0,0.0,0.0,0.57,100.0,0.0,0.0,0.57,100.0,0.0,1.15,50.0,2.87,60.0,0.0,2.87,1.15,21.78,0.57,0.57,33.25,89.66,10.89,78.95,5.16,100.0,10.32,100.0,30.96,88.89,2.29,100.0,17.55,47.67,0.02,1.15,0.0,0.0,0.0,0.0,0.0,6.88,83.33,1.15,50.0,0.0,0.0,0.57,0.0,4.59,100.0,0,,0,,0,0.0,0.0,0.0,,,0.0,,,0.0,0.0,0.0,0.0,0,0.0
I. Maksimović,FK Sloven Ruma,Novi Pazar,"LCMF, CF",26,300000,,5,191,0,0.14,1,0.58,12.25,57.69,Serbia,Serbia,right,168,62,no,5.65,3.77,87.5,1.88,25.0,0.0,0.0,0.0,2.36,2.88,0.0,0,0.0,0,0.0,1.88,0.0,0,0.0,0.06,0,0.0,5,2.36,0.0,0.0,0.47,2.36,60.0,0.94,100.0,1.41,33.33,0.47,0.94,50.0,3.3,42.86,1.41,0.47,0.94,19.32,1.88,0.94,32.04,73.53,10.84,69.57,5.18,90.91,11.31,70.83,26.86,77.19,2.83,50.0,15.95,11.72,0.27,1.41,0.0,0.0,0.0,0.0,0.94,2.83,83.33,2.83,50.0,0.0,0.0,0.47,1.41,3.3,85.71,0,,0,,0,0.0,0.0,0.0,,,0.0,,,0.0,0.0,0.0,0.0,0,0.0
L. Pavlović,Ušće NB,Radnički Niš,"AMF, LCMF, CF",24,300000,2026-06-30,12,694,0,0.61,0,0.23,30.22,36.05,Serbia,Serbia,both,171,64,no,6.22,6.74,44.23,2.07,25.0,0.39,0.56,0.0,2.85,4.13,2.07,2,0.26,0,0.0,4.8,0.0,0,0.0,0.08,0,0.0,15,1.95,26.67,0.0,0.0,1.82,28.57,1.04,37.5,0.78,16.67,0.0,5.45,52.38,17.38,35.82,1.3,1.82,0.26,27.49,0.52,1.69,42.28,75.77,12.58,68.04,6.87,88.68,14.65,80.53,35.92,83.03,4.54,37.14,18.51,28.29,0.03,0.78,0.0,0.0,1.56,58.33,0.39,7.52,62.07,3.11,41.67,1.56,41.67,1.3,0.39,6.48,78.0,0,,0,,0,0.0,0.0,0.0,,,0.13,,,0.0,0.0,0.0,0.0,0,0.0
B. Velimirovic,GFK Sloboda Užice,Javor Ivanjica,GK,24,300000,,2,193,0,0.0,0,0.0,0.0,0.0,Serbia,Serbia,,192,0,no,0.93,0.0,0.0,0.0,0.0,0.0,0.0,0.0,0.93,1.54,0.0,0,0.0,0,0.0,0.0,0.0,0,0.0,0.0,0,0.0,0,0.0,0.0,0.0,0.0,0.0,0.0,0.0,0.0,0.0,0.0,0.0,0.0,0.0,0.0,0.0,0.0,0.0,0.0,4.2,0.0,0.0,14.92,84.38,9.33,75.0,0.0,0.0,5.13,100.0,6.53,92.86,8.39,77.78,37.77,48.19,0.0,0.0,0.0,0.0,0.0,0.0,0.0,3.73,50.0,0.0,0.0,0.0,0.0,0.0,0.0,6.06,92.31,5,2.33,12,5.6,0,58.33,4.01,1.87,-0.99,-0.462,0.0,0.47,0.0,,,,0.0,0,0.0
B. Kopitović,Sutjeska,Javor Ivanjica,"RCB, LCB, CB",31,300000,2027-06-01,20,1713,1,1.42,0,0.11,11.4,63.13,Montenegro,Montenegro,right,185,84,no,9.25,4.62,71.59,3.78,59.72,0.58,0.83,0.79,5.36,7.67,1.21,4,0.21,1,0.05,0.32,0.05,1,0.05,0.07,0,0.0,6,0.32,33.33,16.667,0.0,0.05,0.0,0.0,0.0,0.05,0.0,0.0,0.21,100.0,0.68,61.54,0.37,0.32,0.11,15.24,0.11,0.58,33.05,82.51,15.08,72.47,1.89,91.67,13.71,92.72,26.85,88.65,6.15,56.41,22.27,34.9,0.01,0.05,0.05,0.0,0.0,0.0,0.05,3.63,62.32,0.16,0.0,0.11,50.0,0.05,0.0,7.46,61.27,0,,0,,0,0.0,0.0,0.0,,,1.31,,,0.0,0.0,0.0,0.0,0,0.0
D. Dundjerski,,Spartak Subotica,RB,26,300000,,22,1312,1,0.58,0,1.49,15.3,52.47,Italy,"Italy, Serbia",right,183,70,no,10.22,8.16,52.94,2.26,63.64,0.62,0.79,0.21,5.28,6.77,1.37,7,0.48,0,0.0,2.47,0.07,1,0.07,0.04,0,0.0,8,0.55,50.0,12.5,0.0,2.47,41.67,0.41,50.0,2.06,40.0,0.07,1.1,75.0,2.68,56.41,0.48,0.55,0.27,18.25,0.96,1.17,28.33,66.83,14.82,62.5,3.36,91.84,7.27,67.92,19.48,76.41,6.52,47.37,20.1,25.45,0.1,0.69,0.07,0.0,0.55,62.5,0.41,6.11,56.18,2.88,38.1,1.1,31.25,0.34,0.96,9.05,78.03,0,,0,,0,0.0,0.0,0.0,,,0.34,,,0.07,0.0,0.0,0.21,0,0.0
D. Miladinović,Zemun,Mladost Novi Sad,"LW, AMF, RCMF",24,300000,,4,94,0,0.0,0,0.0,22.98,50.0,Serbia,Serbia,right,0,0,no,9.57,7.66,87.5,2.87,0.0,0.96,1.58,0.0,1.91,3.16,0.0,0,0.0,0,0.0,1.91,0.0,0,0.0,0.0,0,0.0,0,0.0,0.0,0.0,0.0,0.96,0.0,0.96,0.0,0.0,0.0,0.0,3.83,50.0,10.53,36.36,0.96,0.96,0.96,18.19,0.96,0.0,31.6,84.85,6.7,57.14,9.57,100.0,6.7,100.0,30.64,87.5,0.0,0.0,16.59,0.0,0.0,0.0,0.0,0.0,0.96,0.0,0.0,1.91,100.0,1.91,0.0,0.0,0.0,0.0,0.0,1.91,100.0,0,,0,,0,0.0,0.0,0.0,,,0.0,,,0.0,0.0,0.0,0.0,0,0.0
G. Antonić,Maccabi Kabilio Jaffa,Bačka Topola,"RCB, CB",35,300000,2027-06-30,27,2179,2,0.45,2,0.61,16.69,54.21,Serbia,Serbia,right,185,78,no,10.08,6.9,59.28,5.58,50.37,0.58,0.89,0.74,5.41,8.31,1.03,4,0.17,1,0.04,0.37,0.08,2,0.08,0.02,1,0.04,6,0.25,33.33,33.333,0.08,0.33,50.0,0.08,100.0,0.25,33.33,0.12,0.21,20.0,1.16,35.71,0.58,1.32,0.21,36.1,0.91,0.54,54.27,85.39,24.82,75.37,4.3,96.15,21.02,95.09,45.64,91.31,8.3,54.23,20.64,30.57,0.03,0.12,0.04,0.0,0.12,66.67,0.12,8.55,68.12,0.95,34.78,0.78,15.79,0.29,0.12,12.68,76.22,0,,0,,0,0.0,0.0,0.0,,,3.02,,,0.0,0.0,0.0,0.0,0,0.0
A. Pejović,Radnik Surdulica,Radnički Niš,"LCMF, LDMF, DMF",35,300000,2027-06-30,33,2970,4,6.21,3,2.78,17.18,47.3,Serbia,Serbia,left,174,68,no,8.62,8.03,49.62,1.45,48.94,0.77,1.11,0.15,3.86,5.57,1.54,11,0.33,2,0.06,3.21,0.12,1,0.03,0.19,0,0.0,55,1.7,32.73,7.273,0.09,2.87,33.33,2.26,34.25,0.53,23.53,0.31,2.01,56.92,5.25,48.24,1.39,1.33,0.31,43.01,0.43,0.99,66.3,78.61,30.43,70.96,5.16,88.62,22.4,85.66,53.11,86.1,10.44,52.96,20.09,34.91,0.09,1.02,0.0,0.09,1.14,48.65,0.28,14.58,67.58,4.82,43.59,2.1,33.82,1.36,0.99,14.21,81.74,0,,0,,0,0.0,0.0,0.0,,,0.19,,,0.87,0.19,33.33,3.24,4,75.0
A. Aganspahić,Boluspor,Čukarički,CF,29,300000,,11,315,1,1.07,0,0.0,28.86,30.69,Bosnia and Herzegovina,Bosnia and Herzegovina,right,189,80,no,4.29,4.0,57.14,7.43,19.23,0.86,1.73,0.0,1.14,2.31,3.71,1,0.29,0,0.0,2.29,0.29,1,0.29,0.3,0,0.0,7,2.0,42.86,14.286,0.0,0.86,33.33,0.29,0.0,0.57,50.0,0.29,2.0,57.14,10.0,34.29,2.86,0.0,0.29,11.14,1.71,2.86,15.71,69.09,4.29,33.33,4.0,100.0,3.71,76.92,14.29,74.0,0.57,0.0,10.38,5.78,0.0,0.29,0.29,0.0,0.29,0.0,0.0,1.43,40.0,0.57,50.0,0.29,0.0,0.29,0.29,0.57,100.0,0,,0,,0,0.0,0.0,0.0,,,0.0,,,0.0,0.0,0.0,0.0,0,0.0
N. Krsmanović,Spartak Subotica,Bačka Topola,LW,23,300000,2028-06-30,1,5,0,0.0,0,0.0,,,Serbia,Serbia,left,181,75,no,,,,,,,0.0,,,0.0,,0,,0,,,,0,,,0,,0,,,0.0,,,,,,,,,,,,,,,,,,,,,,,,,,,,,,,11.11,0.0,,,,,,,,,,,,,,,,,,0,,0,,0,0.0,0.0,,,,,,,,,,,0,0.0
G. Lončar,Kolubara,Kolubara,"RB, DMF, RCMF",24,300000,,20,1276,0,0.08,0,0.03,18.81,50.76,Serbia,Serbia,right,174,67,no,10.12,8.84,52.42,2.71,39.47,0.86,0.96,0.43,4.63,5.2,2.0,6,0.42,0,0.0,0.36,0.0,0,0.0,0.01,0,0.0,4,0.29,0.0,0.0,0.0,1.07,13.33,0.0,0.0,1.07,13.33,0.21,0.5,42.86,4.13,51.72,0.21,0.36,0.14,13.68,0.93,2.57,23.87,69.55,8.91,54.4,3.71,86.54,8.48,78.99,19.1,77.99,3.71,42.31,21.22,30.3,0.0,0.14,0.0,0.0,0.0,0.0,0.07,3.49,46.94,1.14,25.0,0.21,66.67,0.07,0.21,5.13,58.33,0,,0,,0,0.0,0.0,0.0,,,0.21,,,0.0,0.0,0.0,0.0,0,0.0
U. Djuranović,Sliema Wanderers,Kolubara,CF,32,300000,,15,1207,4,3.34,1,0.18,30.42,29.41,Montenegro,Montenegro,right,184,78,no,3.43,3.65,26.53,8.05,30.56,0.75,0.93,0.22,1.71,2.15,3.13,7,0.52,0,0.0,1.64,0.3,3,0.22,0.25,2,0.15,24,1.79,50.0,16.667,0.07,0.75,20.0,0.07,0.0,0.67,22.22,0.15,2.01,25.93,11.63,31.41,3.65,0.3,0.15,11.11,2.01,2.68,17.82,71.55,3.28,50.0,5.44,86.3,4.1,61.82,16.11,75.93,0.97,38.46,14.88,19.21,0.01,0.22,0.07,0.0,0.22,33.33,0.07,1.71,65.22,0.97,23.08,0.37,40.0,0.37,0.15,1.42,52.63,0,,0,,0,0.0,0.0,0.0,,,0.0,,,0.07,0.07,0.0,0.0,1,100.0
M. Maričić,Persis Solo,Mladost Lučani,"RDMF, LW, LCMF",28,300000,,20,1153,0,0.4,0,0.11,22.09,44.88,Serbia,Serbia,right,180,71,no,7.57,6.71,48.84,2.81,30.56,1.56,2.04,0.08,2.73,3.57,1.56,3,0.23,0,0.0,2.65,0.0,0,0.0,0.03,0,0.0,13,1.01,7.69,0.0,0.0,1.01,7.69,0.31,0.0,0.7,11.11,0.16,3.43,61.36,9.29,45.38,1.17,1.09,0.7,22.25,1.01,2.19,33.02,78.25,10.15,62.31,6.17,92.41,11.16,86.01,28.88,83.78,3.12,50.0,18.26,25.11,0.01,0.39,0.08,0.08,0.62,62.5,0.0,5.23,62.69,1.41,38.89,0.7,33.33,0.31,0.08,4.45,75.44,0,,0,,0,0.0,0.0,0.0,,,0.31,,,0.55,0.0,0.0,0.23,0,0.0
M. Gobeljić,OFK Beograd,Crvena Zvezda,RB,33,300000,,15,1098,2,1.06,1,1.47,15.57,62.63,Serbia,Serbia,right,185,72,no,9.26,6.89,72.62,2.7,75.76,0.82,1.66,0.16,3.44,6.96,1.07,4,0.33,0,0.0,2.95,0.16,2,0.16,0.09,0,0.0,11,0.9,27.27,18.182,0.08,4.1,46.0,0.25,66.67,3.61,47.73,0.49,1.31,56.25,3.85,36.17,2.13,1.07,0.49,30.25,2.3,1.48,40.74,85.71,12.05,80.27,6.97,97.65,15.82,83.94,32.87,93.77,3.85,57.45,19.07,33.96,0.12,0.98,0.08,0.0,0.08,100.0,0.49,4.59,76.79,3.52,44.19,0.33,50.0,0.66,1.72,7.46,86.81,0,,0,,0,0.0,0.0,0.0,,,1.15,,,0.0,0.0,0.0,0.0,0,0.0
D. Cvetinović,Mladost Lučani,Bačka Topola,"CB, LCB",37,250000,,24,2083,0,0.8,0,0.0,10.28,61.76,Serbia,Serbia,right,186,79,no,7.95,3.8,69.32,3.8,56.82,0.43,0.59,0.91,4.88,6.65,0.86,6,0.26,0,0.0,0.35,0.0,0,0.0,0.03,0,0.0,7,0.3,28.57,0.0,0.0,0.0,0.0,0.0,0.0,0.0,0.0,0.0,0.3,85.71,0.73,70.59,0.48,0.13,0.04,25.19,0.17,0.43,40.23,89.47,16.16,80.75,2.03,100.0,18.97,95.67,34.7,94.52,5.53,57.81,21.14,33.85,0.0,0.0,0.04,0.0,0.0,0.0,0.0,3.15,63.01,0.26,33.33,0.22,20.0,0.13,0.0,6.96,65.84,0,,0,,0,0.0,0.0,0.0,,,1.81,,,0.04,0.0,0.0,0.0,0,0.0
M. Joksimović,Mladost Lučani,Novi Pazar,"LCB, LB",36,250000,,34,3025,2,0.83,1,0.48,14.04,58.52,Serbia,Serbia,left,184,78,no,8.95,5.55,64.64,3.25,60.38,0.49,0.62,0.43,4.88,6.15,0.8,6,0.18,1,0.03,0.98,0.06,2,0.06,0.03,2,0.06,10,0.31,30.0,20.0,0.03,1.66,29.63,1.66,29.63,0.0,0.0,0.12,0.55,72.22,2.58,50.0,0.49,1.1,0.77,18.25,0.92,0.77,32.41,71.33,18.89,64.45,1.78,89.66,8.89,82.41,23.55,81.25,7.39,47.3,24.61,40.16,0.01,0.18,0.0,0.0,0.03,0.0,0.12,6.62,63.43,1.47,41.67,0.09,0.0,0.15,0.52,10.4,67.85,0,,0,,0,0.0,0.0,0.0,,,0.89,,,0.0,0.0,0.0,0.0,0,0.0
M. Mandić,Šiauliai,Mladost Novi Sad,RB,27,250000,2026-11-30,18,1347,0,0.19,1,0.75,17.68,52.23,Serbia,Serbia,right,185,76,no,10.6,7.73,61.11,3.01,42.86,0.57,0.74,0.21,5.3,6.87,0.5,3,0.2,0,0.0,3.01,0.0,0,0.0,0.01,0,0.0,4,0.29,25.0,0.0,0.07,3.44,35.42,0.0,0.0,3.44,35.42,0.14,2.72,63.16,4.73,51.52,0.5,1.43,1.65,18.54,1.15,0.43,31.36,66.21,14.75,60.19,4.37,93.44,7.73,68.52,21.62,76.16,6.52,48.35,21.7,31.73,0.05,0.72,0.0,0.0,0.14,0.0,0.43,4.73,54.55,2.94,48.78,0.29,25.0,0.36,1.22,8.95,59.2,0,,0,,0,0.0,0.0,0.0,,,0.43,,,0.0,0.0,0.0,0.0,0,0.0
Leandro Pinto,Borac Čačak,Radnik Surdulica,RCB,32,250000,2026-12-31,6,388,0,0.0,0,0.0,15.08,63.08,Brazil,Brazil,right,184,78,no,6.96,3.25,71.43,6.26,62.96,0.23,0.35,0.23,4.41,6.63,0.93,0,0.0,1,0.23,0.23,0.0,0,0.0,0.0,0,0.0,0,0.0,0.0,0.0,0.0,0.0,0.0,0.0,0.0,0.0,0.0,0.0,0.23,100.0,2.09,44.44,0.0,0.0,0.0,25.28,0.23,1.39,41.06,88.7,17.86,77.92,2.32,100.0,17.86,97.4,34.79,93.33,6.26,62.96,24.41,38.02,0.0,0.0,0.0,0.0,0.0,0.0,0.0,7.42,68.75,0.23,0.0,0.23,100.0,0.0,0.0,9.74,83.33,0,,0,,0,0.0,0.0,0.0,,,2.09,,,0.0,0.0,0.0,0.0,0,0.0
M. Ilić,Javor Ivanjica,Javor Ivanjica,RB,26,250000,,14,1260,0,0.3,0,0.7,16.36,58.52,Serbia,Serbia,right,180,73,no,10.86,9.07,66.14,2.21,51.61,0.21,0.3,0.29,4.64,6.44,1.43,4,0.29,0,0.0,2.36,0.0,0,0.0,0.02,0,0.0,2,0.14,100.0,0.0,0.0,2.86,32.5,0.0,0.0,2.86,32.5,0.36,2.0,60.71,3.07,44.19,0.43,1.93,0.79,20.71,0.93,0.43,33.5,66.1,19.21,60.97,2.5,91.43,7.07,73.74,23.07,76.47,7.71,46.3,21.42,36.16,0.05,0.29,0.0,0.0,0.14,50.0,0.14,6.5,60.44,2.79,48.72,0.43,50.0,0.5,0.93,11.0,64.94,0,,0,,0,0.0,0.0,0.0,,,0.21,,,0.0,0.0,0.0,0.0,0,0.0
N. Ignjatović,Geylang International,Radnik Surdulica,RCB,28,250000,,7,445,0,0.52,0,0.0,12.94,35.94,Serbia,Serbia,right,186,0,no,7.08,4.45,54.55,4.25,42.86,0.0,0.0,0.81,4.65,6.83,1.62,3,0.61,0,0.0,0.0,0.0,0,0.0,0.11,0,0.0,4,0.81,0.0,0.0,0.0,0.0,0.0,0.0,0.0,0.0,0.0,0.0,0.4,0.0,1.21,0.0,0.81,0.2,0.0,24.47,0.2,0.61,41.46,78.54,20.63,63.73,2.43,100.0,17.19,95.29,31.15,90.26,10.31,43.14,26.09,38.89,0.0,0.0,0.0,0.0,0.0,0.0,0.0,7.69,57.89,0.81,50.0,0.0,0.0,0.61,0.0,9.3,73.91,0,,0,,0,0.0,0.0,0.0,,,2.22,,,0.0,0.0,0.0,0.0,0,0.0
M. Drobnjak,,Radnički Niš,GK,31,250000,,4,382,0,0.0,0,0.18,2.36,70.0,Serbia,Serbia,right,196,88,no,2.83,0.71,33.33,1.41,83.33,0.0,0.0,0.0,2.59,3.88,0.0,0,0.0,0,0.0,0.0,0.0,0,0.0,0.0,0,0.0,0,0.0,0.0,0.0,0.0,0.0,0.0,0.0,0.0,0.0,0.0,0.0,0.0,0.0,0.0,0.0,0.0,0.0,0.0,8.72,0.0,0.24,15.31,80.0,10.13,72.09,0.0,0.0,4.01,100.0,8.95,97.37,6.36,55.56,32.67,44.48,0.04,0.24,0.0,0.0,0.0,0.0,0.24,1.18,40.0,0.0,0.0,0.0,0.0,0.0,0.0,5.65,66.67,12,2.83,24,5.65,0,50.0,9.75,2.3,-2.25,-0.53,0.0,2.36,1.41,,,,0.0,0,0.0
R. Michibuchi,,Radnički Niš,"LCMF, RCMF",32,250000,,4,208,0,0.35,0,0.0,23.37,35.19,Japan,Japan,right,177,74,no,6.92,6.49,53.33,5.19,16.67,1.3,1.84,0.0,2.16,3.06,3.89,1,0.43,0,0.0,3.03,0.0,0,0.0,0.15,0,0.0,3,1.3,66.67,0.0,0.0,0.87,0.0,0.43,0.0,0.0,0.0,0.0,2.6,66.67,8.22,36.84,1.3,1.73,2.16,12.12,0.0,1.3,24.23,82.14,8.22,89.47,3.89,100.0,5.19,83.33,21.2,89.8,2.16,40.0,18.29,39.76,0.0,0.0,0.0,0.0,0.43,100.0,0.0,4.33,70.0,0.87,0.0,1.3,33.33,0.0,0.0,3.03,100.0,0,,0,,0,0.0,0.0,0.0,,,0.43,,,0.0,0.0,0.0,0.0,0,0.0
D. Dolmagić,Dubočica,Javor Ivanjica,"RB, LB",32,250000,,20,972,0,0.49,1,2.0,16.48,65.17,Serbia,Serbia,right,175,75,no,8.52,6.76,68.49,2.31,64.0,0.74,1.18,0.28,3.15,5.02,1.2,4,0.37,0,0.0,2.69,0.0,0,0.0,0.05,0,0.0,5,0.46,60.0,0.0,0.09,5.0,29.63,0.83,33.33,4.17,28.89,0.74,1.39,66.67,3.61,69.23,1.39,0.56,0.37,19.72,1.2,1.67,30.56,63.33,13.8,56.38,3.43,91.89,7.41,61.25,21.48,76.72,4.17,33.33,18.48,26.58,0.18,1.02,0.0,0.0,0.0,0.0,0.56,4.17,62.22,3.8,48.78,0.19,0.0,0.37,1.39,7.96,65.12,0,,0,,0,0.0,0.0,0.0,,,0.56,,,0.0,0.0,0.0,0.0,0,0.0
A. Tanasin,Kabel Novi Sad,Spartak Subotica,"RB, LB",34,250000,,30,2385,1,0.27,0,1.57,16.11,57.14,Serbia,Serbia,right,176,72,no,9.43,8.26,63.47,1.77,46.81,0.26,0.36,0.3,3.92,5.39,1.32,6,0.23,0,0.0,1.96,0.04,1,0.04,0.01,0,0.0,8,0.3,12.5,12.5,0.0,2.87,36.84,0.3,62.5,2.53,34.33,0.23,1.4,56.76,3.58,51.58,0.6,0.98,0.49,23.25,1.25,1.32,35.4,73.45,16.87,64.88,4.38,96.55,9.02,76.99,26.83,84.11,5.89,42.31,19.85,30.61,0.06,0.6,0.04,0.0,0.15,50.0,0.42,6.3,63.47,2.79,51.35,0.3,12.5,0.53,1.09,9.7,72.37,0,,0,,0,0.0,0.0,0.0,,,0.79,,,0.0,0.0,0.0,0.04,0,0.0
M. Tošeski,Napredak Kruševac,Spartak Subotica,"LCMF, AMF, DMF",28,250000,,16,766,1,0.7,4,1.04,23.15,38.58,North Macedonia,"North Macedonia, Serbia",right,178,71,no,7.64,5.76,59.18,4.7,20.0,0.23,0.3,0.12,3.99,5.13,1.64,5,0.59,0,0.0,2.47,0.12,1,0.12,0.08,0,0.0,6,0.7,33.33,16.667,0.47,1.29,45.45,0.59,80.0,0.7,16.67,0.0,2.35,55.0,9.4,37.5,2.0,1.06,0.23,24.91,0.59,1.53,39.24,81.14,11.4,64.95,8.81,90.67,13.16,85.71,32.9,88.93,5.05,39.53,20.1,30.41,0.12,0.82,0.0,0.0,0.7,50.0,1.06,6.11,63.46,2.47,38.1,1.29,54.55,1.06,0.59,6.81,77.59,0,,0,,0,0.0,0.0,0.0,,,0.12,,,0.35,0.0,0.0,0.94,0,0.0
J. Marinković,Novi Pazar,Spartak Subotica,"LCB, RCB",29,250000,2027-06-30,13,897,0,0.43,1,0.09,18.86,52.66,Serbia,Serbia,right,186,82,no,10.84,7.53,54.67,6.52,46.15,0.5,0.77,0.8,6.22,9.59,2.11,4,0.4,0,0.0,0.5,0.0,0,0.0,0.04,0,0.0,4,0.4,0.0,0.0,0.1,0.0,0.0,0.0,0.0,0.0,0.0,0.0,0.6,83.33,1.91,63.16,0.3,0.5,0.1,26.39,0.5,1.0,47.76,80.04,21.77,64.52,1.51,93.33,20.97,96.17,37.63,89.6,10.13,44.55,19.9,27.39,0.01,0.1,0.0,0.0,0.0,0.0,0.1,6.32,50.79,0.2,50.0,0.2,0.0,0.3,0.0,8.53,64.71,0,,0,,0,0.0,0.0,0.0,,,0.9,,,0.0,0.0,0.0,0.0,0,0.0
R. Jokić,Radnički Niš,Radnik Surdulica,"LCB, LB",27,250000,,32,2389,1,1.15,0,0.81,16.58,56.82,Serbia,Serbia,left,186,73,no,9.72,5.73,61.84,6.33,64.88,0.3,0.44,0.57,5.88,8.49,1.58,6,0.23,1,0.04,0.72,0.04,1,0.04,0.04,1,0.04,13,0.49,30.77,7.692,0.0,0.72,31.58,0.72,31.58,0.0,0.0,0.11,0.53,64.29,1.62,39.53,0.79,0.9,0.3,20.38,0.6,0.57,36.17,73.65,19.1,62.92,3.73,96.97,9.98,86.04,27.16,82.66,8.29,47.73,23.25,38.15,0.03,0.26,0.0,0.0,0.0,0.0,0.11,7.65,51.72,2.15,22.81,0.87,30.43,0.34,0.26,10.74,69.12,0,,0,,0,0.0,0.0,0.0,,,1.21,,,0.04,0.04,0.0,0.04,0,0.0
N. Subotić,Budućnost Dobanovci,Radnik Surdulica,"AMF, CF",34,250000,,32,1681,1,2.36,0,1.93,21.9,47.19,Serbia,Serbia,right,180,77,no,5.94,5.51,61.17,2.62,48.98,0.54,0.81,0.05,2.03,3.07,1.18,2,0.11,0,0.0,4.02,0.05,0,0.0,0.13,0,0.0,27,1.45,25.93,3.704,0.0,1.87,37.14,0.64,16.67,1.23,47.83,0.16,4.39,54.88,9.53,43.26,1.5,1.07,0.11,18.2,0.91,1.28,29.02,70.11,10.98,61.95,4.71,89.77,8.57,71.88,23.34,75.92,3.85,51.39,18.09,27.41,0.1,0.96,0.05,0.0,1.12,47.62,0.43,6.0,61.61,3.75,47.14,1.23,52.17,1.34,0.75,5.41,83.17,0,,0,,0,0.0,0.0,0.0,,,0.11,,,0.43,0.05,100.0,0.37,1,100.0
M. Spasić,Radnički Niš,Radnik Surdulica,"RAMF, CF, RW",28,250000,,19,1775,5,5.01,1,1.49,27.43,38.26,Serbia,Serbia,right,186,76,no,5.17,5.17,53.92,8.16,39.13,0.05,0.07,0.15,2.33,3.44,1.17,1,0.05,0,0.0,2.99,0.25,4,0.2,0.25,0,0.0,44,2.23,34.09,11.364,0.05,1.37,33.33,0.41,37.5,0.96,31.58,0.3,3.35,48.48,10.39,32.68,3.35,1.52,0.86,11.46,2.03,0.91,19.17,66.93,5.58,52.73,3.6,83.1,6.54,70.54,16.28,71.34,1.57,51.61,17.7,27.96,0.08,0.56,0.05,0.05,0.41,37.5,0.3,2.74,62.96,1.57,41.94,0.25,20.0,0.51,0.51,2.84,53.57,0,,0,,0,0.0,0.0,0.0,,,0.0,,,0.15,0.1,0.0,0.0,2,50.0
U. Stojanović,OFK Beograd,Radnik Surdulica,"LB, LCB",30,250000,,33,2556,1,1.16,1,0.54,17.22,56.65,Serbia,Serbia,both,181,75,no,10.92,7.57,60.0,3.24,63.04,0.81,1.12,0.39,5.56,7.72,1.09,5,0.18,0,0.0,1.48,0.04,1,0.04,0.04,1,0.04,11,0.39,27.27,9.091,0.04,1.51,30.23,1.51,30.23,0.0,0.0,0.07,1.27,69.44,2.89,54.88,0.63,0.88,0.14,17.78,0.7,0.7,30.21,74.59,13.8,62.76,3.77,93.46,8.24,86.32,24.19,81.8,4.61,50.38,19.62,29.55,0.02,0.32,0.0,0.04,0.07,50.0,0.14,4.82,62.04,1.37,46.15,0.21,16.67,0.25,0.46,7.85,62.78,0,,0,,0,0.0,0.0,0.0,,,0.32,,,0.04,0.0,0.0,0.0,0,0.0
M. Stevanović,Radnik Surdulica,Napredak Kruševac,"LCMF, RW, LB",31,250000,,11,339,0,0.07,0,0.41,20.71,37.18,Serbia,Serbia,right,170,63,no,10.62,9.82,48.65,3.19,16.67,1.33,1.72,0.0,4.51,5.86,2.12,0,0.0,0,0.0,2.12,0.0,0,0.0,0.02,0,0.0,2,0.53,50.0,0.0,0.0,1.59,66.67,0.53,50.0,1.06,75.0,0.0,1.59,50.0,3.72,42.86,1.33,1.06,1.06,23.36,1.33,1.86,34.25,75.97,14.6,65.45,4.25,93.75,9.29,88.57,27.88,79.05,4.78,61.11,17.08,25.1,0.11,1.06,0.27,0.0,0.27,0.0,0.27,4.51,70.59,1.86,85.71,0.27,100.0,0.8,1.06,8.76,66.67,0,,0,,0,0.0,0.0,0.0,,,0.0,,,1.06,0.0,0.0,0.27,0,0.0
S. Filipović,Tekstilac Odžaci,Spartak Subotica,RCB,32,250000,,14,1199,0,0.89,0,0.53,15.31,56.86,Serbia,Serbia,right,186,82,no,10.21,5.78,62.34,5.85,53.85,0.68,0.96,0.75,5.93,8.4,1.8,3,0.23,0,0.0,0.23,0.0,0,0.0,0.07,0,0.0,5,0.38,40.0,0.0,0.0,0.0,0.0,0.0,0.0,0.0,0.0,0.0,0.23,33.33,0.6,37.5,0.53,0.3,0.0,17.79,0.45,0.83,32.88,82.42,14.34,73.3,3.15,88.1,12.39,89.09,25.07,88.02,7.81,64.42,21.67,35.5,0.04,0.08,0.0,0.0,0.0,0.0,0.0,4.65,70.97,0.38,20.0,0.08,100.0,0.15,0.0,8.71,65.52,0,,0,,0,0.0,0.0,0.0,,,2.33,,,0.08,0.0,0.0,0.0,0,0.0
S. Purtić,Loznica,Voždovac,"DMF, LCMF, RDMF",27,250000,,17,1086,0,0.8,1,0.88,18.98,47.6,Serbia,Serbia,right,188,73,no,11.19,9.28,50.0,3.07,43.24,1.24,1.58,0.58,5.3,6.76,3.31,6,0.5,0,0.0,0.58,0.0,0,0.0,0.07,0,0.0,14,1.16,21.43,0.0,0.08,0.41,20.0,0.33,0.0,0.08,100.0,0.25,0.5,50.0,2.98,50.0,0.08,0.33,0.08,38.45,0.58,0.99,55.94,83.56,17.65,64.79,9.36,96.46,23.2,90.36,47.24,90.0,8.29,50.0,21.0,34.11,0.07,0.58,0.0,0.0,0.33,0.0,0.08,8.7,59.05,1.91,21.74,1.41,5.88,0.33,0.17,7.71,70.97,0,,0,,0,0.0,0.0,0.0,,,1.74,,,1.08,0.33,50.0,1.66,0,0.0
A. Sentoku,AGMK,Voždovac,"RW, RCMF",27,250000,2026-12-01,11,457,1,0.39,0,0.72,18.71,35.79,Japan,Japan,right,175,0,no,6.5,6.7,47.06,2.56,7.69,0.79,1.02,0.0,2.56,3.31,1.38,1,0.2,0,0.0,2.17,0.2,1,0.2,0.08,0,0.0,6,1.18,33.33,16.667,0.0,0.39,100.0,0.0,0.0,0.39,100.0,0.0,2.36,41.67,6.89,37.14,1.77,0.79,0.59,17.33,1.38,1.38,25.21,88.28,5.12,69.23,7.48,97.37,8.27,90.48,23.44,89.08,1.38,71.43,15.99,18.74,0.14,0.98,0.0,0.2,0.39,100.0,0.39,2.95,73.33,0.59,100.0,0.39,100.0,0.98,0.39,3.35,82.35,0,,0,,0,0.0,0.0,0.0,,,0.59,,,0.0,0.0,0.0,0.0,0,0.0
D. Mijić,Persis Solo,Mladost Novi Sad,RB,33,250000,,9,411,0,0.0,0,0.05,17.74,56.79,Serbia,Serbia,right,185,76,no,11.17,10.29,61.7,4.16,57.89,0.88,1.25,0.22,3.94,5.63,1.31,2,0.44,0,0.0,1.53,0.0,0,0.0,0.0,0,0.0,1,0.22,0.0,0.0,0.0,2.41,27.27,0.0,0.0,2.41,27.27,0.22,1.09,80.0,2.41,45.45,0.22,0.88,0.44,13.14,0.0,0.22,22.77,65.38,8.32,44.74,3.94,100.0,7.45,67.65,15.99,78.08,4.6,38.1,21.53,27.92,0.01,0.44,0.0,0.0,0.0,0.0,0.0,3.5,50.0,1.75,37.5,0.22,100.0,0.22,0.66,6.79,51.61,0,,0,,0,0.0,0.0,0.0,,,1.31,,,0.0,0.0,0.0,0.0,0,0.0
N. Colić,Javor Ivanjica,Bačka Topola,"CF, LW",23,250000,2027-06-30,2,10,0,0.0,0,0.0,,,Serbia,Serbia,both,175,0,no,,,,,,,0.0,,,0.0,,0,,0,,,,0,,,0,,0,,,0.0,,,,,,,,,,,,,,,,,,,,,,,,,,,,,,,4.7,0.0,,,,,,,,,,,,,,,,,,0,,0,,0,0.0,0.0,,,,,,,,,,,0,0.0
D. Petronijević,OFK Vršac,Kolubara,LB,25,250000,2027-06-30,14,957,0,0.79,0,0.22,18.35,51.41,Serbia,Serbia,right,176,67,no,10.16,7.78,61.33,1.87,44.44,1.14,1.47,0.62,4.25,5.49,1.24,2,0.19,0,0.0,2.9,0.0,0,0.0,0.08,0,0.0,7,0.73,0.0,0.0,0.0,2.49,41.67,2.38,43.48,0.1,0.0,0.41,2.9,64.29,5.7,43.64,0.73,0.62,0.31,17.52,1.24,0.52,27.58,72.18,11.51,61.26,5.6,98.15,7.26,72.86,21.57,79.81,3.63,48.57,19.18,29.08,0.02,0.31,0.0,0.0,0.0,0.0,0.21,3.32,56.25,2.59,40.0,0.31,0.0,0.1,1.14,6.53,57.14,0,,0,,0,0.0,0.0,0.0,,,0.21,,,0.0,0.0,0.0,0.0,0,0.0
N. Špalek,Maia Alta Obermais,Bačka Topola,"LWF, LAMF, AMF",29,250000,,4,45,0,0.03,0,0.0,18.0,44.44,Slovakia,"Slovakia, Hungary",right,171,67,no,8.0,10.0,40.0,2.0,0.0,0.0,0.0,0.0,4.0,8.57,2.0,0,0.0,0,0.0,0.0,0.0,0,0.0,0.05,0,0.0,1,2.0,0.0,0.0,0.0,2.0,0.0,2.0,0.0,0.0,0.0,0.0,0.0,0.0,4.0,50.0,0.0,2.0,4.0,20.0,0.0,0.0,30.0,86.67,4.0,50.0,12.0,100.0,8.0,75.0,26.0,92.31,2.0,100.0,13.62,14.48,0.0,0.0,0.0,0.0,0.0,0.0,0.0,2.0,0.0,4.0,50.0,0.0,0.0,0.0,0.0,0.0,0.0,0,,0,,0,0.0,0.0,0.0,,,0.0,,,0.0,0.0,0.0,0.0,0,0.0
D. Stoisavljević,Altay,Voždovac,"CF, AMF, RAMF",22,250000,2026-12-31,11,361,0,0.35,0,0.0,27.67,29.73,Serbia,Serbia,right,189,87,no,5.24,3.74,40.0,4.24,47.06,0.5,0.75,0.0,3.24,4.88,2.74,1,0.25,0,0.0,0.5,0.0,0,0.0,0.09,0,0.0,2,0.5,0.0,0.0,0.0,0.75,0.0,0.75,0.0,0.0,0.0,0.25,2.49,20.0,12.47,32.0,1.0,0.25,0.0,7.98,1.0,2.74,14.71,69.49,3.99,56.25,2.74,90.91,3.49,57.14,12.96,76.92,1.0,25.0,16.81,8.0,0.0,0.0,0.0,0.0,0.0,0.0,0.0,1.99,62.5,0.5,0.0,0.0,0.0,0.0,0.0,1.5,100.0,0,,0,,0,0.0,0.0,0.0,,,0.0,,,0.0,0.0,0.0,0.0,0,0.0
E. Ajdinović,Priboj,Voždovac,"LCMF, DMF, RDMF",25,250000,,28,1571,1,1.77,4,2.56,14.44,41.27,Serbia,Serbia,right,184,78,no,7.16,5.56,53.61,2.41,30.95,0.34,0.49,0.11,3.84,5.42,0.86,2,0.11,0,0.0,0.69,0.06,1,0.06,0.1,0,0.0,11,0.63,18.18,9.091,0.23,0.74,30.77,0.52,33.33,0.23,25.0,0.11,0.69,33.33,3.55,30.65,0.74,0.23,0.11,19.54,0.97,0.63,33.11,73.36,9.74,47.65,6.76,94.07,11.8,81.55,28.53,79.32,3.84,37.31,18.69,22.63,0.15,0.74,0.06,0.0,0.23,50.0,0.23,4.3,57.33,1.72,30.0,0.57,40.0,0.29,0.23,5.44,45.26,0,,0,,0,0.0,0.0,0.0,,,0.86,,,0.46,0.06,100.0,1.32,0,0.0
B. Roganović,Torpedo Moskva,Čukarički,LB,25,250000,2027-06-30,6,428,0,0.04,1,0.25,17.03,58.02,Montenegro,Montenegro,left,181,76,no,10.09,6.1,62.07,3.36,62.5,0.84,1.46,0.21,5.47,9.51,1.26,1,0.21,0,0.0,1.89,0.0,0,0.0,0.01,0,0.0,2,0.42,0.0,0.0,0.21,5.05,25.0,5.05,25.0,0.0,0.0,0.84,1.26,50.0,4.42,42.86,0.21,0.42,0.63,30.49,1.26,1.68,44.58,74.06,17.87,63.53,4.63,100.0,14.51,79.71,34.49,86.59,5.26,40.0,19.11,31.47,0.05,0.42,0.0,0.0,0.21,0.0,0.42,10.3,67.35,4.42,42.86,0.21,0.0,0.0,1.05,10.51,76.0,0,,0,,0,0.0,0.0,0.0,,,0.63,,,0.21,0.0,0.0,0.0,0,0.0
M. Vesnić,,Mladost Lučani,"LCB, RCB, CB",25,250000,,18,1308,1,0.43,0,0.0,16.86,50.2,Serbia,Serbia,right,184,78,no,11.56,7.98,51.72,3.78,61.82,0.55,0.68,1.24,6.88,8.55,1.93,6,0.41,0,0.0,0.34,0.07,1,0.07,0.03,0,0.0,4,0.28,25.0,25.0,0.0,0.21,0.0,0.07,0.0,0.14,0.0,0.0,0.48,42.86,1.58,34.78,0.41,0.83,0.28,10.67,0.21,0.96,24.15,73.79,11.83,62.79,1.86,92.59,8.26,85.83,19.61,81.75,4.4,40.63,21.66,32.53,0.0,0.0,0.0,0.0,0.07,100.0,0.0,3.58,50.0,0.41,0.0,0.14,50.0,0.07,0.0,5.5,56.25,0,,0,,0,0.0,0.0,0.0,,,1.03,,,0.0,0.0,0.0,0.0,0,0.0
P. Pešukić,Zeta,Novi Pazar,RB,28,250000,,31,2811,0,0.7,3,2.1,18.99,54.01,Montenegro,"Montenegro, Serbia",right,180,72,no,12.11,9.59,66.21,2.88,43.68,0.4,0.51,0.13,5.36,6.87,1.42,6,0.19,0,0.0,1.69,0.0,0,0.0,0.02,0,0.0,12,0.4,8.33,0.0,0.1,1.95,33.9,0.0,0.0,1.92,34.48,0.33,1.72,55.77,3.7,45.54,0.43,1.16,0.89,14.98,1.09,0.99,26.99,68.26,14.36,60.83,2.58,93.59,5.95,66.67,20.34,78.05,4.83,40.41,21.05,35.35,0.07,0.63,0.0,0.07,0.13,25.0,0.33,5.33,58.39,1.82,36.36,0.26,0.0,0.33,0.5,7.67,61.64,0,,0,,0,0.0,0.0,0.0,,,0.4,,,0.0,0.0,0.0,0.0,0,0.0
L. Pecelj,Loznica,Radnički Kragujevac,"LB, LCB",32,250000,,25,2300,1,0.89,1,1.63,17.37,47.97,Bosnia and Herzegovina,"Bosnia and Herzegovina, Serbia",left,179,78,no,9.35,7.55,60.1,2.54,40.0,0.12,0.16,0.2,4.7,6.38,1.1,4,0.16,0,0.0,1.88,0.04,1,0.04,0.03,0,0.0,7,0.27,14.29,14.286,0.04,2.15,34.55,2.15,34.55,0.0,0.0,0.04,2.15,49.09,5.4,37.68,0.55,1.49,0.47,24.77,0.67,0.43,39.56,76.16,20.11,68.87,5.56,95.07,8.57,79.91,30.83,83.5,6.73,54.65,18.24,33.82,0.06,0.63,0.0,0.0,0.12,33.33,0.27,6.1,69.23,2.0,47.06,0.31,25.0,0.39,0.7,9.39,68.33,0,,0,,0,0.0,0.0,0.0,,,0.23,,,0.0,0.0,0.0,0.0,0,0.0
U. Vitas,Radnički Niš,Vojvodina,RCB,33,250000,2026-12-31,18,1371,0,0.52,1,0.12,10.39,52.94,Serbia,Serbia,right,190,82,no,8.69,3.67,61.11,3.33,44.9,0.2,0.27,1.02,6.25,8.29,1.22,4,0.26,0,0.0,0.61,0.0,0,0.0,0.04,0,0.0,5,0.34,20.0,0.0,0.07,0.2,66.67,0.0,0.0,0.2,66.67,0.0,0.34,100.0,1.22,50.0,0.34,1.63,0.34,24.72,0.48,0.75,39.67,77.05,20.51,62.91,1.7,96.0,14.88,92.69,29.21,88.14,10.26,45.7,24.62,39.86,0.01,0.14,0.0,0.0,0.2,33.33,0.07,8.49,52.8,2.04,40.0,1.02,6.67,0.48,0.14,10.19,68.67,0,,0,,0,0.0,0.0,0.0,,,0.82,,,0.07,0.07,0.0,0.0,0,0.0
N. Stajić,Panetolikos FC,Radnički Niš,"LCB, RB",24,250000,2027-06-30,9,608,0,0.19,1,0.0,13.91,57.45,Serbia,Serbia,left,182,74,no,9.92,5.77,51.28,3.85,73.08,0.89,1.15,0.74,6.07,7.83,1.48,0,0.0,0,0.0,0.44,0.0,0,0.0,0.03,0,0.0,4,0.59,25.0,0.0,0.15,0.15,100.0,0.15,100.0,0.0,0.0,0.0,0.3,50.0,1.63,54.55,0.3,1.48,0.3,19.69,1.48,0.89,35.67,79.25,19.1,74.42,1.18,100.0,11.99,83.95,30.49,84.95,5.03,44.12,18.94,26.56,0.0,0.0,0.0,0.0,0.0,0.0,0.0,5.03,76.47,0.89,50.0,0.15,0.0,0.3,0.15,9.47,60.94,0,,0,,0,0.0,0.0,0.0,,,0.59,,,0.0,0.0,0.0,0.0,0,0.0
V. Bogdanović,Radnik Surdulica,Radnik Surdulica,CF,23,250000,2028-06-30,20,967,0,1.29,0,0.88,30.99,30.03,Serbia,Serbia,right,184,75,no,5.4,4.37,46.81,11.54,30.65,0.93,1.32,0.0,2.42,3.42,1.95,4,0.37,0,0.0,1.12,0.0,0,0.0,0.12,0,0.0,7,0.65,57.14,0.0,0.0,0.56,33.33,0.28,33.33,0.28,33.33,0.0,1.58,17.65,8.66,27.96,1.68,0.09,0.09,7.91,2.05,2.79,13.5,68.97,2.98,56.25,4.37,89.36,2.89,54.84,12.75,70.8,0.19,50.0,12.05,4.87,0.08,0.65,0.09,0.0,0.37,75.0,0.37,0.84,55.56,0.93,40.0,0.28,66.67,0.37,0.19,1.12,58.33,0,,0,,0,0.0,0.0,0.0,,,0.0,,,0.0,0.0,0.0,0.0,0,0.0
G. Papunashvili,Zira,Radnički Niš,"RCMF, RW",30,225000,2027-06-30,3,124,0,0.0,1,0.28,20.2,54.55,Georgia,Georgia,left,179,76,no,14.69,9.18,80.0,1.84,0.0,1.84,3.75,0.0,5.51,11.25,0.0,0,0.0,0,0.0,1.84,0.0,0,0.0,0.0,0,0.0,0,0.0,0.0,0.0,1.84,0.0,0.0,0.0,0.0,0.0,0.0,0.0,3.67,50.0,5.51,33.33,0.0,3.67,1.84,27.55,0.0,0.0,40.41,90.91,5.51,100.0,11.02,100.0,18.37,90.0,40.41,90.91,0.0,0.0,15.55,0.0,0.52,1.84,0.0,1.84,0.0,0.0,1.84,3.67,100.0,1.84,100.0,0.0,0.0,3.67,0.0,1.84,100.0,0,,0,,0,0.0,0.0,0.0,,,0.0,,,0.0,0.0,0.0,0.0,0,0.0
F. Holender,Spartak Subotica,Partizan,CF,31,225000,2027-06-30,1,14,0,0.06,0,0.0,,,Serbia,"Serbia, Hungary",right,180,73,no,,,,,,,0.0,,,0.0,,0,,0,,,,0,,,0,,1,,,0.0,,,,,,,,,,,,,,,,,,,,,,,,,,,,,,,0.0,0.0,,,,,,,,,,,,,,,,,,0,,0,,0,0.0,0.0,,,,,,,,,,,0,0.0
N. Gavrić,Dinamo,Novi Pazar,"LW, LAMF, RAMF",34,225000,,19,1032,1,1.11,3,2.13,20.68,34.8,Serbia,Serbia,right,176,72,no,4.55,4.65,47.06,3.19,28.57,0.36,0.42,0.09,2.0,2.29,1.91,5,0.44,0,0.0,2.28,0.09,1,0.09,0.1,0,0.0,17,1.55,17.65,5.882,0.27,2.19,37.5,1.91,42.86,0.27,0.0,0.09,3.37,35.14,9.2,33.66,1.18,1.18,0.91,13.66,1.28,2.28,20.5,70.22,5.74,57.14,4.1,91.11,7.01,64.94,16.58,78.57,1.82,35.0,20.27,24.57,0.19,1.28,0.0,0.0,0.09,0.0,0.55,2.73,53.33,2.64,55.17,0.27,0.0,0.82,0.73,4.1,66.67,0,,0,,0,0.0,0.0,0.0,,,0.0,,,0.46,0.09,0.0,1.64,0,0.0
S. Sanogo,,Crvena Zvezda,"DMF, LDMF",37,200000,,12,390,0,0.47,0,0.38,18.23,55.7,Côte d'Ivoire,Côte d'Ivoire,left,182,0,no,4.38,3.46,60.0,7.38,62.5,0.0,0.0,0.0,2.31,5.0,2.08,1,0.23,0,0.0,0.69,0.0,0,0.0,0.11,0,0.0,6,1.38,16.67,0.0,0.0,0.23,100.0,0.23,100.0,0.0,0.0,0.0,0.46,50.0,4.85,52.38,1.15,0.69,0.0,45.0,0.23,1.62,61.85,94.4,17.31,89.33,4.85,95.24,31.38,97.79,59.08,94.92,2.54,81.82,18.3,10.71,0.09,0.69,0.0,0.0,0.0,0.0,0.23,10.85,93.62,1.15,80.0,0.23,100.0,0.69,0.23,9.0,92.31,0,,0,,0,0.0,0.0,0.0,,,0.46,,,0.0,0.0,0.0,0.0,0,0.0
M. Vidović,Borac Čačak,Radnički Kragujevac,"RCMF, DMF",36,200000,2027-06-30,29,2675,4,2.95,0,1.12,17.66,57.33,Serbia,Serbia,right,186,83,no,8.98,6.29,61.5,5.21,65.16,0.3,0.4,0.24,4.81,6.28,1.65,11,0.37,0,0.0,0.98,0.13,4,0.13,0.1,1,0.03,25,0.84,52.0,16.0,0.0,0.17,0.0,0.03,0.0,0.13,0.0,0.03,0.57,64.71,2.52,49.33,1.38,0.44,0.0,26.65,0.3,1.51,43.57,82.39,17.33,67.77,6.22,94.59,14.27,92.45,38.22,87.68,5.18,46.1,18.79,31.3,0.04,0.47,0.0,0.03,0.3,55.56,0.13,7.13,64.15,1.21,33.33,0.87,34.62,0.4,0.0,7.54,71.88,0,,0,,0,0.0,0.0,0.0,,,0.84,,,0.0,0.0,0.0,0.0,0,0.0
S. Marković,OFK Beograd,Mladost Novi Sad,"LCMF, DMF",35,200000,,16,811,2,2.22,1,0.53,17.09,48.7,Serbia,Serbia,right,184,77,no,7.88,6.55,49.15,3.22,68.97,1.22,1.47,0.22,3.44,4.15,1.89,0,0.0,0,0.0,2.11,0.22,2,0.22,0.25,0,0.0,25,2.77,28.0,8.0,0.11,0.78,28.57,0.44,25.0,0.33,33.33,0.0,1.44,53.85,4.33,43.59,1.22,0.55,0.11,17.76,0.78,0.78,28.85,79.62,11.21,64.36,4.44,100.0,8.77,87.34,24.75,84.3,3.44,58.06,18.33,27.33,0.06,0.33,0.0,0.0,0.67,50.0,0.22,4.44,72.5,1.55,50.0,0.89,62.5,0.44,0.11,5.22,72.34,0,,0,,0,0.0,0.0,0.0,,,0.22,,,0.78,0.22,50.0,1.33,0,0.0
L. Arsić,,Mladost Novi Sad,"RCMF, CF, AMF",34,200000,,21,1063,0,1.34,0,1.0,23.15,47.19,Serbia,Serbia,left,173,64,no,8.67,7.02,61.73,3.47,27.5,0.52,0.75,0.09,3.82,5.5,1.73,2,0.17,0,0.0,3.82,0.0,0,0.0,0.12,0,0.0,22,1.91,31.82,0.0,0.0,2.08,29.17,1.21,28.57,0.78,33.33,0.52,3.99,56.52,8.67,52.0,2.08,1.21,0.26,17.77,0.95,3.03,29.39,69.32,8.84,49.02,5.9,89.71,9.54,76.36,24.88,75.96,2.51,34.48,16.74,26.61,0.09,1.21,0.09,0.17,0.52,66.67,0.26,4.42,52.94,2.43,42.86,0.87,30.0,0.69,0.61,4.68,68.52,0,,0,,0,0.0,0.0,0.0,,,0.0,,,2.86,0.61,28.57,3.29,0,0.0
N. Janković,Napredak Kruševac,Mladost Novi Sad,"RB, RWB",33,200000,,32,2625,1,0.68,2,2.62,15.17,51.76,Serbia,Serbia,right,179,65,no,9.27,6.78,62.3,2.66,45.33,0.5,0.59,0.18,4.55,5.42,0.85,2,0.07,0,0.0,2.63,0.03,1,0.04,0.02,0,0.0,5,0.18,60.0,20.0,0.07,3.02,41.18,0.04,0.0,2.95,42.17,0.6,1.92,61.11,3.84,40.74,0.99,1.39,0.89,18.01,1.07,0.39,30.22,69.57,12.61,60.28,3.91,90.91,8.77,71.26,22.7,78.56,4.62,43.08,19.94,30.48,0.09,0.96,0.07,0.0,0.21,50.0,0.32,4.48,61.9,3.09,48.28,0.46,15.38,0.57,1.14,8.42,67.93,0,,0,,0,0.0,0.0,0.0,,,0.57,,,0.25,0.0,0.0,0.11,0,0.0
M. Ilić,Radnički Niš,Mladost Novi Sad,"LB, LWB",33,200000,2027-06-30,31,2361,0,0.35,0,2.8,15.74,53.03,Serbia,"Serbia, Croatia",left,180,72,no,9.45,8.12,60.09,2.48,53.85,0.38,0.49,0.11,4.19,5.37,1.37,8,0.3,0,0.0,1.79,0.0,0,0.0,0.01,0,0.0,2,0.08,50.0,0.0,0.0,2.48,36.92,2.4,36.51,0.08,50.0,0.34,1.26,60.61,2.78,42.47,0.42,1.18,0.61,18.91,0.76,0.5,32.94,72.8,14.41,65.08,6.06,93.71,7.51,73.1,25.43,81.26,5.07,48.12,19.34,32.39,0.11,0.99,0.08,0.0,0.27,28.57,0.23,4.73,66.13,2.59,45.59,0.3,25.0,0.34,0.91,8.35,65.3,0,,0,,0,0.0,0.0,0.0,,,0.76,,,0.76,0.04,100.0,1.07,0,0.0
B. Jočić,,Mladost Novi Sad,"RCB, CB, RCMF",31,200000,,14,949,0,0.05,0,0.0,13.85,49.32,Serbia,Serbia,right,182,80,no,9.1,5.69,50.0,4.46,46.81,0.38,0.48,0.47,5.88,7.5,1.71,4,0.38,0,0.0,0.09,0.0,0,0.0,0.0,0,0.0,1,0.09,0.0,0.0,0.0,0.57,16.67,0.09,0.0,0.47,20.0,0.09,0.19,0.0,0.95,50.0,0.28,0.28,0.0,18.4,0.38,0.95,32.91,73.2,16.6,61.14,2.18,91.3,11.38,85.83,23.9,81.35,8.44,53.93,21.96,26.22,0.0,0.0,0.0,0.0,0.0,0.0,0.0,7.49,55.7,0.85,33.33,0.66,28.57,0.19,0.09,8.82,65.59,0,,0,,0,0.0,0.0,0.0,,,0.95,,,0.0,0.0,0.0,0.0,0,0.0
A. Milojevic,Dubočica,Mladost Novi Sad,GK,26,200000,,25,2370,0,0.0,0,0.0,0.59,66.67,Serbia,Serbia,right,186,84,no,1.3,0.12,0.0,0.32,87.5,0.0,0.0,0.0,1.3,1.71,0.16,2,0.08,0,0.0,0.0,0.0,0,0.0,0.0,0,0.0,0,0.0,0.0,0.0,0.0,0.0,0.0,0.0,0.0,0.0,0.0,0.0,0.0,0.0,0.08,100.0,0.0,0.0,0.0,11.41,0.28,0.12,18.12,86.27,10.89,79.35,0.0,0.0,6.79,97.67,9.59,97.53,8.49,73.95,35.13,46.12,0.0,0.0,0.0,0.0,0.0,0.0,0.0,1.5,60.53,0.12,0.0,0.04,0.0,0.0,0.0,6.75,78.95,37,1.46,104,4.11,5,64.42,32.8,1.29,-4.2,-0.166,0.0,1.03,0.32,,,,0.0,0,0.0
D. Ćosić,Radnik Bijeljina,Mladost Novi Sad,"LCB, LB",30,200000,,17,1534,0,0.78,0,0.0,13.55,60.17,Bosnia and Herzegovina,Bosnia and Herzegovina,left,187,82,no,11.79,6.86,73.5,2.11,55.56,0.35,0.43,0.23,6.4,7.84,0.94,4,0.23,1,0.06,0.65,0.0,0,0.0,0.05,0,0.0,4,0.23,0.0,0.0,0.0,1.29,40.91,1.29,40.91,0.0,0.0,0.0,0.41,28.57,1.76,40.0,0.29,0.65,0.41,16.37,0.35,0.82,30.68,71.51,17.78,64.69,2.35,92.5,7.22,80.49,19.71,79.46,9.8,59.88,23.64,36.13,0.0,0.0,0.0,0.0,0.0,0.0,0.0,6.92,62.71,1.23,42.86,0.18,33.33,0.18,0.41,10.56,68.89,0,,0,,0,0.0,0.0,0.0,,,0.7,,,0.0,0.0,0.0,0.0,0,0.0
M. Ostojić,FK Sloven Ruma,Mladost Lučani,GK,30,200000,,4,388,0,0.0,0,0.0,1.16,80.0,Serbia,Serbia,right,189,88,no,1.16,0.0,0.0,0.7,100.0,0.0,0.0,0.0,1.16,1.43,0.0,1,0.23,0,0.0,0.0,0.0,0,0.0,0.0,0,0.0,0,0.0,0.0,0.0,0.0,0.0,0.0,0.0,0.0,0.0,0.0,0.0,0.0,0.0,0.23,0.0,0.0,0.0,0.0,5.8,0.0,0.23,11.6,88.0,7.65,81.82,0.0,0.0,3.71,100.0,5.8,96.0,5.8,80.0,35.58,48.88,0.0,0.0,0.0,0.0,0.0,0.0,0.0,1.62,85.71,0.0,0.0,0.23,100.0,0.23,0.0,5.57,83.33,7,1.62,24,5.57,0,70.83,6.62,1.54,-0.38,-0.088,0.0,1.39,0.7,,,,0.0,0,0.0
B. Varga,Sloga Doboj,Radnički Niš,"RB, RCB",32,200000,2027-05-31,11,928,0,0.26,0,0.01,15.52,58.13,Serbia,Serbia,right,185,0,no,10.09,8.34,66.28,2.62,55.56,0.68,1.03,0.19,3.88,5.91,1.55,5,0.48,1,0.1,0.39,0.0,0,0.0,0.03,0,0.0,2,0.19,50.0,0.0,0.0,1.45,6.67,0.0,0.0,1.45,6.67,0.1,0.48,40.0,1.45,40.0,1.16,0.48,0.19,22.31,0.87,1.26,34.72,79.33,16.29,77.38,4.07,78.57,8.53,81.82,31.33,84.52,1.94,50.0,16.43,21.6,0.0,0.1,0.0,0.0,0.1,0.0,0.1,3.49,75.0,1.07,27.27,0.0,0.0,0.19,0.19,6.01,67.74,0,,0,,0,0.0,0.0,0.0,,,0.29,,,0.0,0.0,0.0,0.0,0,0.0
S. Damjanović,Bhayangkara F.C.,Novi Pazar,LCB,33,200000,,4,252,0,0.0,0,0.0,17.5,73.47,Montenegro,Montenegro,left,189,77,no,14.64,10.36,79.31,4.29,75.0,0.71,0.88,1.43,5.71,7.06,1.43,1,0.36,0,0.0,0.36,0.0,0,0.0,0.0,0,0.0,0,0.0,0.0,0.0,0.0,0.0,0.0,0.0,0.0,0.0,0.0,0.0,0.36,100.0,1.43,75.0,0.0,0.71,0.36,15.36,0.0,0.36,29.64,75.9,12.14,55.88,2.14,100.0,13.21,89.19,25.36,85.92,4.29,16.67,22.95,36.8,0.0,0.0,0.0,0.0,0.0,0.0,0.0,2.5,14.29,0.0,0.0,0.36,0.0,0.0,0.0,4.64,53.85,0,,0,,0,0.0,0.0,0.0,,,1.07,,,0.0,0.0,0.0,0.0,0,0.0
Evandro,Radnički Kragujevac,Radnički Kragujevac,"CF, LW, LAMF",29,200000,2026-06-30,21,1189,1,2.18,4,1.85,32.25,39.67,Brazil,Brazil,right,174,71,no,4.69,5.07,46.27,6.21,36.59,0.23,0.32,0.0,2.12,2.95,2.72,5,0.38,0,0.0,4.09,0.08,1,0.08,0.16,0,0.0,26,1.97,38.46,3.846,0.3,0.98,15.38,0.83,18.18,0.15,0.0,0.15,5.83,50.65,15.59,45.63,2.2,2.35,0.61,13.17,2.27,4.54,19.3,67.45,6.21,52.44,4.62,88.52,4.31,64.91,17.11,73.45,1.21,25.0,16.27,20.25,0.14,0.91,0.08,0.0,0.61,37.5,0.61,2.42,40.63,2.12,53.57,0.68,33.33,1.36,0.15,2.88,73.68,0,,0,,0,0.0,0.0,0.0,,,0.0,,,0.45,0.15,0.0,0.23,0,0.0
C. Chinedu,Krylya Sovetov,Radnički Kragujevac,CF,28,200000,2027-12-31,10,581,2,2.2,0,0.28,25.09,33.95,Nigeria,Nigeria,right,192,86,no,2.48,2.17,35.71,7.59,38.78,0.15,0.21,0.15,1.55,2.11,0.93,1,0.15,0,0.0,2.63,0.31,2,0.31,0.34,1,0.15,13,2.01,53.85,15.385,0.0,1.24,12.5,0.31,0.0,0.93,16.67,0.62,2.01,69.23,10.53,27.94,4.65,1.7,0.77,9.6,2.94,1.55,15.03,70.1,1.86,50.0,5.11,87.88,4.18,62.96,13.32,75.58,0.46,66.67,13.5,7.22,0.04,0.62,0.0,0.0,0.0,0.0,0.46,0.77,20.0,0.93,0.0,0.15,100.0,0.46,0.15,0.46,66.67,0,,0,,0,0.0,0.0,0.0,,,0.0,,,0.0,0.0,0.0,0.0,0,0.0
S. Dimitrov,,Mladost Novi Sad,"AMF, LCMF",33,200000,,17,1113,1,2.62,3,1.11,24.3,44.52,Serbia,"Serbia, Bulgaria",right,175,73,no,9.36,8.85,56.31,1.89,18.18,1.89,2.62,0.17,2.49,3.45,2.66,5,0.4,0,0.0,2.4,0.08,1,0.09,0.23,0,0.0,19,1.63,31.58,5.263,0.26,1.37,31.25,1.03,25.0,0.34,50.0,0.26,2.15,52.0,8.24,40.63,1.63,1.03,0.6,16.75,0.94,2.32,25.85,74.75,7.3,57.65,6.87,91.25,6.44,73.33,23.36,79.04,1.12,38.46,15.17,12.6,0.1,1.12,0.09,0.09,0.94,36.36,0.43,2.83,54.55,1.63,47.37,1.03,33.33,0.52,0.34,2.75,53.13,0,,0,,0,0.0,0.0,0.0,,,0.0,,,1.2,0.17,100.0,0.94,1,0.0
M. Brnović,Arsenal Tula,Radnički Kragujevac,"LW, AMF, CF",26,200000,2027-06-30,12,298,0,0.22,0,0.02,25.37,41.67,Montenegro,Montenegro,right,182,75,no,7.85,7.85,61.54,6.04,20.0,0.3,0.41,0.0,2.72,3.7,2.72,1,0.3,0,0.0,3.32,0.0,0,0.0,0.07,0,0.0,3,0.91,66.67,0.0,0.0,3.02,60.0,2.42,62.5,0.6,50.0,0.0,2.72,33.33,8.46,35.71,0.6,2.42,0.91,10.87,0.91,1.81,18.72,74.19,3.93,61.54,3.62,100.0,7.55,76.0,15.4,76.47,0.6,100.0,14.17,6.09,0.0,0.3,0.0,0.0,0.3,0.0,0.0,0.91,66.67,2.42,62.5,0.3,0.0,0.0,1.51,3.62,75.0,0,,0,,0,0.0,0.0,0.0,,,0.0,,,0.3,0.3,100.0,0.3,0,0.0
D. Maksimović,Atyrau,Radnički Kragujevac,CF,26,200000,2026-12-31,25,854,0,1.61,0,0.04,17.18,30.06,Serbia,Serbia,right,181,78,no,3.48,2.85,55.56,5.69,24.07,0.53,0.75,0.11,1.37,1.96,1.16,3,0.32,0,0.0,0.74,0.0,0,0.0,0.17,0,0.0,10,1.05,40.0,0.0,0.0,0.42,25.0,0.0,0.0,0.42,25.0,0.0,0.74,28.57,5.37,27.45,2.95,0.32,0.42,8.96,2.11,1.26,14.75,75.71,2.11,55.0,7.06,83.58,2.74,80.77,14.12,77.61,0.32,66.67,14.3,6.32,0.0,0.32,0.0,0.0,0.11,0.0,0.21,1.05,80.0,0.42,50.0,0.11,0.0,0.32,0.0,1.26,25.0,0,,0,,0,0.0,0.0,0.0,,,0.0,,,0.0,0.0,0.0,0.0,0,0.0
N. Aksentijević,,Radnički Niš,RB,33,200000,,13,1179,0,0.18,0,1.01,15.95,51.2,Serbia,Serbia,right,179,75,no,8.09,6.64,62.07,1.37,38.89,0.23,0.32,0.08,3.74,5.29,0.76,3,0.23,0,0.0,2.37,0.0,0,0.0,0.01,0,0.0,11,0.84,18.18,0.0,0.0,3.82,24.0,0.0,0.0,3.82,24.0,0.46,1.98,61.54,5.04,42.42,0.38,1.22,0.69,20.38,1.45,0.99,32.67,71.26,14.58,64.92,3.59,95.74,9.16,72.5,23.89,85.3,5.34,40.0,22.09,39.49,0.08,0.46,0.08,0.0,0.23,33.33,0.31,5.65,60.81,3.13,34.15,0.53,0.0,0.31,0.76,7.79,64.71,0,,0,,0,0.0,0.0,0.0,,,0.61,,,0.0,0.0,0.0,0.0,0,0.0
A. Tolordava,Kauno Žalgiris,Radnički Niš,RCB,29,200000,2026-12-31,6,553,0,0.0,1,0.0,20.15,58.88,Georgia,Georgia,right,192,89,no,13.56,9.41,66.0,4.33,60.87,1.32,1.91,1.13,6.03,8.73,2.26,4,0.65,0,0.0,0.56,0.0,0,0.0,0.0,0,0.0,0,0.0,0.0,0.0,0.19,0.0,0.0,0.0,0.0,0.0,0.0,0.0,0.56,100.0,2.64,50.0,0.19,0.56,0.38,18.83,0.19,0.75,35.77,82.11,15.63,63.86,2.45,92.31,13.74,98.63,29.18,92.26,6.59,37.14,22.16,39.4,0.0,0.0,0.0,0.0,0.19,0.0,0.0,4.33,39.13,0.19,0.0,0.0,0.0,0.0,0.0,5.65,60.0,0,,0,,0,0.0,0.0,0.0,,,2.07,,,0.0,0.0,0.0,0.0,0,0.0
A. Ješić,,Mladost Lučani,"RCMF, LDMF, DMF",31,200000,,25,1736,0,1.98,0,0.2,21.51,45.54,Serbia,Serbia,right,177,73,no,10.68,6.95,58.96,3.73,40.28,0.57,0.74,0.21,6.01,7.77,1.76,6,0.31,0,0.0,1.56,0.0,0,0.0,0.1,0,0.0,13,0.67,23.08,0.0,0.0,0.52,50.0,0.05,100.0,0.47,44.44,0.0,1.87,58.33,6.48,40.8,1.09,0.67,0.16,25.66,0.47,1.76,41.68,82.46,13.89,69.03,7.0,94.81,14.21,89.42,37.22,85.24,3.94,60.53,17.05,28.46,0.01,0.26,0.0,0.0,0.31,16.67,0.05,5.86,73.45,1.09,57.14,0.52,30.0,0.41,0.21,6.22,70.0,0,,0,,0,0.0,0.0,0.0,,,0.26,,,0.0,0.0,0.0,0.05,0,0.0
O. Marong,Concordia Chiajna,Radnik Surdulica,"RCMF, LDMF, AMF",27,200000,,10,405,0,0.11,0,0.39,21.11,43.16,Gambia,Gambia,right,173,68,no,8.44,8.22,59.46,2.44,27.27,0.44,0.74,0.22,3.11,5.19,1.78,0,0.0,0,0.0,1.56,0.0,0,0.0,0.03,0,0.0,4,0.89,25.0,0.0,0.0,0.67,66.67,0.22,100.0,0.44,50.0,0.0,1.78,50.0,5.78,38.46,0.67,0.44,0.0,19.33,1.11,0.67,34.89,71.97,13.11,52.54,3.78,94.12,10.67,85.42,29.33,77.27,4.89,40.91,17.84,26.15,0.09,1.11,0.0,0.0,0.0,0.0,0.22,7.33,57.58,2.0,44.44,0.44,0.0,0.89,0.44,7.11,78.13,0,,0,,0,0.0,0.0,0.0,,,0.0,,,0.0,0.0,0.0,0.22,0,0.0
V. Lukić,,Radnik Surdulica,"AMF, RAMF, LCMF",25,200000,,9,224,0,0.07,0,0.11,20.09,44.0,Serbia,Serbia,left,172,66,no,4.82,6.43,56.25,2.01,0.0,0.4,0.86,0.0,0.8,1.71,1.21,1,0.4,0,0.0,0.0,0.0,0,0.0,0.03,0,0.0,2,0.8,0.0,0.0,0.0,0.8,0.0,0.4,0.0,0.4,0.0,0.4,0.8,0.0,5.63,28.57,0.4,0.0,0.0,14.46,0.8,2.41,24.91,77.42,7.63,63.16,5.63,92.86,7.63,78.95,19.69,83.67,4.42,63.64,18.8,25.24,0.04,0.4,0.0,0.0,0.4,0.0,0.0,5.63,78.57,0.8,0.0,0.4,0.0,0.0,0.4,5.22,76.92,0,,0,,0,0.0,0.0,0.0,,,0.0,,,2.01,0.0,0.0,1.61,0,0.0
N. Krstić,Loznica,Napredak Kruševac,"RCMF, LCMF, RDMF",31,200000,,34,2246,3,1.57,5,6.92,17.15,53.5,Serbia,Serbia,both,178,69,no,10.7,7.97,59.3,2.64,54.55,0.88,1.14,0.24,5.09,6.59,1.64,5,0.2,0,0.0,1.56,0.12,2,0.08,0.06,0,0.0,24,0.96,25.0,12.5,0.2,1.08,33.33,0.48,25.0,0.56,35.71,0.12,1.4,54.29,3.53,52.27,0.4,0.96,0.4,23.8,0.36,1.0,39.07,77.03,15.99,64.66,4.29,93.46,13.54,86.39,32.18,83.06,5.85,52.05,19.42,29.51,0.28,2.04,0.04,0.04,0.32,62.5,0.08,8.58,66.82,2.04,35.29,0.6,33.33,0.24,0.28,7.45,75.27,0,,0,,0,0.0,0.0,0.0,,,0.2,,,3.01,0.4,20.0,4.81,1,100.0
F. Manojlović,Djurgården,Spartak Subotica,GK,30,200000,2027-12-31,27,2609,0,0.0,0,0.0,0.38,81.82,Serbia,Serbia,right,197,82,no,1.14,0.03,100.0,0.28,87.5,0.0,0.0,0.0,1.1,1.49,0.0,3,0.1,0,0.0,0.0,0.0,0,0.0,0.0,0,0.0,0,0.0,0.0,0.0,0.0,0.0,0.0,0.0,0.0,0.0,0.0,0.0,0.0,0.0,0.03,100.0,0.0,0.0,0.0,6.55,0.03,0.03,12.56,89.56,8.04,86.27,0.0,0.0,4.14,96.67,6.55,97.89,5.97,80.92,34.89,47.65,0.0,0.0,0.0,0.0,0.0,0.0,0.0,1.03,73.33,0.0,0.0,0.0,0.0,0.0,0.0,5.31,85.06,33,1.14,110,3.79,8,70.0,35.04,1.21,2.04,0.07,0.0,1.28,0.28,,,,0.0,0,0.0
F. Malbašić,,Vojvodina,"RAMF, CF, LW",33,200000,,29,1825,6,4.54,3,1.83,20.94,42.75,Serbia,Serbia,right,182,78,no,5.11,4.25,51.19,3.24,39.06,0.3,0.4,0.15,2.63,3.48,1.62,2,0.1,0,0.0,4.65,0.3,5,0.25,0.23,0,0.0,31,1.57,41.94,19.355,0.15,3.74,24.32,1.26,28.0,2.48,22.45,0.61,4.5,64.04,10.22,44.55,3.49,1.92,0.96,19.12,1.62,1.57,27.67,71.48,7.89,66.03,5.41,87.85,8.25,70.55,22.41,81.26,1.67,48.48,17.93,24.06,0.09,0.96,0.05,0.05,0.51,40.0,0.56,3.24,71.88,3.34,42.42,0.56,45.45,1.01,0.76,4.35,73.26,0,,0,,0,0.0,0.0,0.0,,,0.1,,,0.0,0.0,0.0,0.25,1,100.0
L. Stojanović,,Čukarički,"AMF, CF, DMF",32,200000,,9,264,5,1.56,0,0.91,17.73,42.31,Serbia,Serbia,right,186,86,no,6.82,6.82,60.0,3.07,22.22,0.34,0.67,0.0,2.39,4.67,1.36,0,0.0,0,0.0,2.73,1.7,5,1.7,0.53,2,0.68,11,3.75,54.55,45.455,0.0,0.34,100.0,0.0,0.0,0.0,0.0,0.34,1.36,25.0,4.77,35.71,2.39,1.02,0.34,27.27,1.7,1.7,31.7,84.95,7.16,61.9,7.84,91.3,11.93,100.0,28.64,86.9,2.73,62.5,17.36,14.85,0.31,1.02,0.0,0.0,0.0,0.0,0.34,3.75,72.73,1.02,66.67,0.34,0.0,1.02,0.34,2.73,87.5,0,,0,,0,0.0,0.0,0.0,,,0.68,,,0.0,0.0,0.0,0.34,0,0.0
A. Radovanović,,Kolubara,"RCB, RB",25,200000,,24,1487,0,0.31,0,0.0,15.47,58.23,Serbia,"Serbia, Slovenia",right,185,76,no,10.64,6.33,63.92,4.37,52.24,0.59,0.72,0.2,6.0,7.32,1.04,1,0.06,0,0.0,1.04,0.0,0,0.0,0.02,0,0.0,1,0.07,0.0,0.0,0.0,0.59,66.67,0.0,0.0,0.59,66.67,0.07,1.17,55.56,2.15,48.48,0.46,0.52,0.33,20.75,0.72,0.78,35.18,80.52,17.75,71.69,2.28,97.14,10.25,89.81,28.52,85.13,6.2,60.0,19.8,32.46,0.0,0.0,0.0,0.0,0.07,0.0,0.0,4.83,62.16,0.65,40.0,0.07,0.0,0.0,0.26,8.88,61.76,0,,0,,0,0.0,0.0,0.0,,,1.04,,,0.0,0.0,0.0,0.0,0,0.0
I. Milicević,Dubočica,Kolubara,RCB,25,200000,,16,1334,1,0.42,0,0.01,12.41,58.15,Serbia,Serbia,right,190,75,no,11.06,6.0,64.04,4.39,50.77,0.27,0.35,0.4,6.95,8.98,0.81,4,0.27,0,0.0,0.2,0.07,1,0.07,0.03,1,0.07,4,0.27,25.0,25.0,0.0,0.0,0.0,0.0,0.0,0.0,0.0,0.0,0.27,50.0,0.61,55.56,0.4,0.2,0.13,21.99,0.2,0.34,36.36,80.52,17.54,68.46,2.36,94.29,13.36,93.94,30.16,88.37,6.21,42.39,21.42,34.78,0.0,0.13,0.0,0.07,0.0,0.0,0.0,3.17,46.81,0.07,0.0,0.2,0.0,0.0,0.0,7.69,54.39,0,,0,,0,0.0,0.0,0.0,,,1.42,,,0.0,0.0,0.0,0.0,0,0.0
D. Joković,Al Najma,Voždovac,"LCB, RCB",26,200000,,2,116,0,0.0,0,0.0,21.72,64.29,Serbia,Serbia,right,187,0,no,14.74,10.09,61.54,4.66,83.33,2.33,3.6,1.55,6.21,9.6,2.33,0,0.0,0,0.0,0.0,0.0,0,0.0,0.0,0,0.0,0,0.0,0.0,0.0,0.0,0.0,0.0,0.0,0.0,0.0,0.0,0.0,0.78,0.0,2.33,66.67,0.0,0.0,0.0,10.09,0.0,3.88,24.83,68.75,16.29,76.19,0.78,100.0,6.21,50.0,16.29,76.19,8.53,54.55,20.67,20.46,0.0,0.0,0.0,0.0,0.0,0.0,0.0,6.21,62.5,0.78,100.0,0.0,0.0,1.55,0.0,10.86,64.29,0,,0,,0,0.0,0.0,0.0,,,0.78,,,0.0,0.0,0.0,0.0,0,0.0
N. Cirković,Mladost Lučani,Mladost Lučani,"RB, RCB",34,200000,,32,3049,0,0.42,2,2.62,19.72,56.59,Serbia,Serbia,right,188,75,no,11.98,10.6,60.17,3.78,59.38,0.27,0.34,0.38,5.34,6.91,1.59,8,0.24,0,0.0,1.24,0.0,0,0.0,0.01,0,0.0,5,0.15,40.0,0.0,0.06,2.6,30.68,0.06,0.0,2.51,30.59,0.24,0.94,37.5,2.63,38.2,0.89,0.8,0.3,16.47,1.06,0.86,30.05,69.84,14.67,64.79,3.13,85.85,8.03,70.59,22.37,78.63,5.34,49.72,19.89,35.47,0.08,0.65,0.0,0.15,0.09,33.33,0.24,4.31,63.01,2.18,41.89,0.32,36.36,0.44,0.74,8.59,64.6,0,,0,,0,0.0,0.0,0.0,,,0.3,,,0.41,0.0,0.0,0.71,0,0.0
M. Marčić,,Mladost Lučani,"LDMF, RCMF, LCMF",30,200000,,26,2075,1,3.02,2,0.65,17.13,53.67,Serbia,Serbia,both,184,83,no,9.37,7.42,58.48,3.12,55.56,0.65,0.83,0.35,4.38,5.56,2.13,8,0.35,0,0.0,1.65,0.04,1,0.04,0.13,1,0.04,27,1.17,37.04,3.704,0.09,1.34,35.48,0.61,42.86,0.74,29.41,0.13,0.95,68.18,4.08,46.81,1.21,0.65,0.35,17.96,0.22,1.17,32.96,79.08,12.53,67.47,3.04,94.29,12.62,86.6,26.11,85.71,5.64,57.69,21.64,35.32,0.03,0.43,0.0,0.0,0.26,33.33,0.13,7.24,61.68,2.0,41.3,0.61,21.43,0.43,0.43,5.64,76.92,0,,0,,0,0.0,0.0,0.0,,,0.04,,,0.0,0.0,0.0,0.0,0,0.0
F. Kljajić,Torpedo Kutaisi,Novi Pazar,GK,35,200000,2026-12-31,26,2484,0,0.0,0,0.0,0.6,87.5,Serbia,Serbia,right,197,82,no,1.65,0.04,0.0,0.23,100.0,0.0,0.0,0.0,1.65,2.2,0.04,0,0.0,0,0.0,0.11,0.0,0,0.0,0.0,0,0.0,0,0.0,0.0,0.0,0.0,0.0,0.0,0.0,0.0,0.0,0.0,0.0,0.11,100.0,0.19,100.0,0.04,0.0,0.0,8.42,0.08,0.15,15.9,75.18,10.49,65.59,0.04,100.0,5.08,96.3,6.65,97.74,9.17,59.43,39.73,49.8,0.0,0.0,0.0,0.0,0.0,0.0,0.0,2.48,50.0,0.04,0.0,0.04,0.0,0.0,0.0,6.17,68.9,22,0.83,88,3.31,8,75.0,24.46,0.92,2.46,0.092,0.0,1.02,0.23,,,,0.0,0,0.0
S. Radovac,Željezničar,Novi Pazar,"RCMF, LDMF, RDMF",30,200000,2027-05-31,15,613,0,0.71,0,0.05,18.79,49.22,Bosnia and Herzegovina,Bosnia and Herzegovina,right,178,74,no,8.66,7.63,55.77,2.06,14.29,0.44,0.6,0.0,3.96,5.4,1.47,1,0.15,0,0.0,2.94,0.0,0,0.0,0.1,0,0.0,6,0.88,50.0,0.0,0.0,0.44,33.33,0.29,0.0,0.15,100.0,0.0,3.08,61.9,6.17,50.0,0.88,1.17,0.29,19.67,0.29,1.62,35.24,80.83,12.77,65.52,4.7,96.88,10.13,91.3,31.13,85.85,3.67,44.0,16.84,25.57,0.01,0.88,0.0,0.0,0.59,75.0,0.15,5.87,70.0,1.91,53.85,0.59,75.0,0.88,0.15,6.17,73.81,0,,0,,0,0.0,0.0,0.0,,,0.73,,,0.0,0.0,0.0,0.44,0,0.0
N. Simić,Bačka Topola,Vojvodina,GK,29,200000,2027-06-30,3,238,0,0.0,0,0.0,0.0,0.0,Serbia,Serbia,right,192,77,no,1.89,0.0,0.0,0.0,0.0,0.0,0.0,0.0,1.89,3.41,0.0,0,0.0,0,0.0,0.0,0.0,0,0.0,0.0,0,0.0,0,0.0,0.0,0.0,0.0,0.0,0.0,0.0,0.0,0.0,0.0,0.0,0.0,0.0,0.0,0.0,0.0,0.0,0.0,12.48,0.0,0.0,18.15,75.0,13.24,65.71,0.0,0.0,3.78,100.0,8.32,100.0,9.83,53.85,38.16,51.6,0.0,0.0,0.0,0.0,0.0,0.0,0.0,2.65,28.57,0.38,0.0,0.0,0.0,0.0,0.0,7.18,73.68,3,1.13,10,3.78,0,70.0,2.02,0.76,-0.98,-0.371,0.0,0.38,0.0,,,,0.0,0,0.0
M. Radin,Bačka Topola,Bačka Topola,DMF,35,200000,2027-06-30,10,653,0,0.06,0,0.06,22.19,52.17,Serbia,Serbia,right,173,66,no,10.75,9.92,52.78,2.89,28.57,0.96,1.59,0.14,4.55,7.5,3.45,3,0.41,0,0.0,0.55,0.0,0,0.0,0.01,0,0.0,4,0.55,0.0,0.0,0.0,0.0,0.0,0.0,0.0,0.0,0.0,0.0,0.69,60.0,5.65,73.17,0.55,1.24,0.41,35.28,0.55,3.45,52.92,86.72,14.89,73.15,10.06,98.63,21.78,90.51,47.0,89.15,5.93,67.44,19.85,33.0,0.01,0.14,0.14,0.0,0.55,25.0,0.0,8.82,85.94,1.79,76.92,0.96,57.14,1.24,0.0,8.96,80.0,0,,0,,0,0.0,0.0,0.0,,,0.55,,,0.0,0.0,0.0,0.14,0,0.0
N. Vasiljević,Kalamata,Crvena Zvezda,GK,30,200000,2027-06-30,4,384,0,0.0,0,0.0,0.7,66.67,Serbia,Serbia,right,202,88,no,2.11,0.23,0.0,0.23,100.0,0.0,0.0,0.0,2.11,3.65,0.0,0,0.0,0,0.0,0.0,0.0,0,0.0,0.0,0,0.0,0,0.0,0.0,0.0,0.0,0.0,0.0,0.0,0.0,0.0,0.0,0.0,0.0,0.0,0.23,100.0,0.0,0.0,0.0,13.59,0.0,0.23,17.81,81.58,10.78,69.57,0.0,0.0,6.56,100.0,10.78,100.0,7.03,53.33,31.65,47.03,0.0,0.0,0.0,0.0,0.0,0.0,0.0,1.41,33.33,0.0,0.0,0.23,0.0,0.0,0.0,3.52,60.0,4,0.94,10,2.34,1,60.0,3.42,0.8,-0.58,-0.136,0.0,0.47,0.23,,,,0.0,0,0.0
A. Stojanović,Bačka Topola,Radnički Niš,LB,27,200000,2028-06-30,30,2568,0,1.16,3,3.1,24.99,55.52,Serbia,Serbia,left,183,73,no,10.13,9.15,63.49,2.98,51.22,0.87,1.27,0.15,3.45,5.01,2.4,6,0.21,1,0.04,5.52,0.0,0,0.0,0.04,0,0.0,16,0.58,25.0,0.0,0.11,6.25,30.81,6.25,30.81,0.0,0.0,0.51,5.27,63.45,9.15,55.56,1.49,2.87,1.23,23.75,1.34,2.25,36.17,70.38,14.42,68.26,5.38,95.27,9.92,56.04,26.37,83.75,3.92,38.89,19.05,31.13,0.11,0.94,0.04,0.0,0.22,50.0,0.62,5.01,59.42,4.98,37.96,0.33,33.33,0.54,1.85,8.57,73.73,0,,0,,0,0.0,0.0,0.0,,,0.25,,,0.0,0.0,0.0,0.0,0,0.0
O. Lukić,Javor Ivanjica,Radnički Kragujevac,GK,23,200000,2028-12-31,1,94,0,0.0,0,0.0,0.0,0.0,Serbia,Serbia,right,193,82,no,3.83,0.0,0.0,0.0,0.0,0.0,0.0,0.0,3.83,5.0,0.0,0,0.0,0,0.0,0.0,0.0,0,0.0,0.0,0,0.0,0,0.0,0.0,0.0,0.0,0.0,0.0,0.0,0.0,0.0,0.0,0.0,0.0,0.0,0.0,0.0,0.0,0.0,0.0,4.79,0.0,0.0,16.28,88.24,10.53,81.82,0.0,0.0,5.74,100.0,6.7,100.0,9.57,80.0,35.32,43.39,0.0,0.0,0.0,0.0,0.0,0.0,0.0,0.96,100.0,0.0,0.0,0.0,0.0,0.0,0.0,9.57,80.0,0,0.0,0,0.0,1,0.0,0.0,0.0,0.0,0.0,0.0,1.91,0.0,,,,0.0,0,0.0
B. Matić,Voždovac,Napredak Kruševac,CF,34,175000,,29,1965,3,5.87,2,0.3,29.04,39.59,Serbia,Serbia,right,191,82,no,4.08,3.21,45.71,12.82,43.21,0.73,0.99,0.05,1.88,2.53,2.11,4,0.18,0,0.0,1.33,0.14,2,0.09,0.27,1,0.05,42,1.92,30.95,7.143,0.09,0.69,6.67,0.23,0.0,0.46,10.0,0.05,1.51,45.45,6.82,30.2,3.11,0.55,0.27,9.66,3.16,2.7,15.89,58.79,4.58,46.0,3.71,83.95,3.85,52.38,14.79,62.23,0.46,20.0,16.08,6.29,0.01,0.23,0.0,0.0,0.23,0.0,0.09,2.06,53.33,1.15,24.0,0.23,0.0,0.55,0.0,1.69,64.86,0,,0,,0,0.0,0.0,0.0,,,0.0,,,0.0,0.0,0.0,0.0,2,50.0
Srdjan Kocic,Dubočica,Kolubara,"LWB, LB",27,175000,,22,1184,0,0.28,1,1.84,19.84,45.98,Serbia,Serbia,right,176,68,no,8.67,7.3,59.38,1.98,38.46,0.3,0.41,0.08,4.03,5.41,1.29,5,0.38,0,0.0,2.96,0.0,0,0.0,0.02,0,0.0,5,0.38,0.0,0.0,0.08,3.04,37.5,2.51,39.39,0.46,33.33,0.53,4.03,45.28,8.29,40.37,1.14,2.74,1.6,21.66,1.67,1.37,32.69,73.49,10.19,55.97,6.99,91.3,10.49,79.71,26.6,82.29,3.19,33.33,18.18,21.04,0.14,0.91,0.08,0.0,0.08,0.0,0.38,3.5,58.7,2.36,45.16,0.08,0.0,0.38,1.06,6.54,53.49,0,,0,,0,0.0,0.0,0.0,,,0.23,,,0.46,0.08,0.0,0.53,0,0.0
N. Baxevanos,Niki Volos,Spartak Subotica,LCB,26,175000,,6,455,0,0.44,0,0.0,17.21,57.47,Greece,Greece,left,187,85,no,11.67,6.13,74.19,6.33,50.0,0.4,0.68,0.59,6.73,11.59,0.79,0,0.0,0,0.0,0.4,0.0,0,0.0,0.09,0,0.0,4,0.79,25.0,0.0,0.0,0.4,50.0,0.4,50.0,0.0,0.0,0.0,0.0,0.0,0.79,75.0,0.59,0.2,0.0,18.99,0.59,0.79,35.01,79.66,14.64,71.62,1.58,100.0,17.01,86.05,26.9,85.29,7.71,61.54,23.91,31.4,0.0,0.0,0.0,0.0,0.0,0.0,0.0,5.74,58.62,0.59,0.0,0.2,0.0,0.0,0.2,9.89,62.0,0,,0,,0,0.0,0.0,0.0,,,1.58,,,0.0,0.0,0.0,0.0,0,0.0
Y. Baraye,Desenzano Calvina,Vojvodina,"RW, RAMF, LAMF",34,175000,,34,1672,5,4.58,1,2.24,25.66,50.33,Senegal,"Senegal, Portugal",right,177,76,no,6.31,6.71,61.86,3.64,31.25,0.34,0.54,0.0,1.82,2.9,1.14,2,0.11,0,0.0,4.95,0.27,5,0.28,0.26,1,0.06,43,2.45,30.23,11.628,0.06,1.88,45.45,0.4,42.86,1.37,50.0,0.28,4.89,66.28,12.17,51.87,2.45,1.82,0.46,13.94,1.59,2.33,21.45,74.8,6.14,72.22,5.01,82.95,6.88,75.21,18.6,78.29,1.02,66.67,15.03,11.7,0.13,1.14,0.23,0.0,0.28,40.0,0.34,2.28,82.5,3.13,67.27,0.28,60.0,1.31,0.8,4.21,79.73,0,,0,,0,0.0,0.0,0.0,,,0.11,,,1.08,0.23,50.0,1.65,0,0.0
L. Fejsa,,Partizan,"LDMF, DMF, RDMF",37,150000,,23,1250,0,0.16,0,0.06,18.36,58.43,Serbia,Serbia,right,183,80,no,9.65,8.86,64.23,2.74,52.63,0.07,0.11,0.22,3.89,6.21,1.3,1,0.07,0,0.0,0.5,0.0,0,0.0,0.01,0,0.0,2,0.14,0.0,0.0,0.0,0.14,50.0,0.14,50.0,0.0,0.0,0.0,0.5,71.43,4.61,53.13,0.14,0.22,0.07,41.26,0.22,1.58,60.7,90.87,20.52,84.56,6.77,98.94,26.06,95.03,56.59,94.02,3.96,47.27,18.58,25.91,0.0,0.07,0.0,0.07,0.22,33.33,0.0,10.87,78.81,0.58,25.0,0.5,14.29,0.07,0.07,9.94,83.33,0,,0,,0,0.0,0.0,0.0,,,1.66,,,0.0,0.0,0.0,0.0,0,0.0
N. Leković,Mladost Lučani,Mladost Lučani,"LB, LCB",36,150000,,31,2897,1,0.29,2,0.63,15.88,58.71,Serbia,Serbia,left,177,73,no,11.46,7.64,66.67,3.36,50.93,0.71,0.93,0.53,5.65,7.33,1.15,5,0.16,0,0.0,1.49,0.03,1,0.03,0.01,0,0.0,9,0.28,33.33,11.111,0.06,1.37,40.91,1.37,40.91,0.0,0.0,0.19,1.37,61.36,2.67,53.49,0.22,0.81,0.16,21.56,0.71,0.71,35.57,76.24,18.92,67.32,2.3,93.24,10.31,85.54,25.75,87.33,8.57,48.19,20.67,32.73,0.02,0.19,0.0,0.0,0.03,0.0,0.12,6.52,62.86,1.52,42.86,0.31,30.0,0.16,0.5,8.7,68.57,0,,0,,0,0.0,0.0,0.0,,,0.28,,,0.03,0.0,0.0,0.0,0,0.0
B. El Fardou,Zemun,Crvena Zvezda,"AMF, RAMF, CF",37,150000,,11,584,2,2.24,2,2.26,20.96,39.71,France,"France, Comoros",left,174,70,no,3.39,1.85,66.67,5.7,35.14,0.0,0.0,0.0,2.16,4.67,0.62,1,0.15,0,0.0,4.78,0.31,2,0.31,0.34,0,0.0,12,1.85,33.33,16.667,0.31,3.85,52.0,1.54,50.0,2.31,53.33,0.46,2.47,56.25,9.55,38.71,4.78,1.54,0.62,24.04,1.85,2.16,34.21,80.63,8.63,67.86,9.09,91.53,12.02,83.33,28.66,86.56,2.0,46.15,19.76,21.44,0.35,3.08,0.31,0.0,1.08,71.43,1.08,2.16,64.29,4.62,56.67,1.23,62.5,2.31,1.39,5.7,86.49,0,,0,,0,0.0,0.0,0.0,,,0.0,,,1.7,0.31,0.0,3.54,0,0.0
M. Mijić,Borac Čačak,Novi Pazar,"AMF, RCMF, LCMF",36,150000,2028-06-30,32,2228,5,5.0,3,5.06,15.68,44.68,Serbia,Serbia,both,175,72,no,5.59,3.88,61.29,1.71,26.83,0.5,0.65,0.0,2.71,3.53,0.75,4,0.16,0,0.0,2.92,0.2,3,0.13,0.21,0,0.0,43,1.79,39.53,11.628,0.13,2.0,31.25,1.08,23.08,0.92,40.91,0.25,2.75,51.52,7.97,41.88,1.67,1.54,0.75,22.44,1.08,1.84,32.57,77.46,10.55,67.19,4.71,93.81,11.68,81.07,26.61,84.64,4.05,52.58,19.17,34.02,0.21,2.04,0.0,0.04,0.46,36.36,0.38,5.96,67.13,2.5,40.0,0.63,26.67,0.54,0.63,5.38,75.97,0,,0,,0,0.0,0.0,0.0,,,0.25,,,1.75,0.17,50.0,2.92,3,66.667
R. Gall,,Mladost Novi Sad,"RAMF, RW, AMF",31,150000,,7,337,1,0.76,1,0.21,24.84,43.01,France,"France, United States",both,176,72,no,7.48,6.14,56.52,3.74,42.86,0.0,0.0,0.0,4.01,5.0,1.6,2,0.53,0,0.0,4.54,0.27,1,0.27,0.2,0,0.0,12,3.2,50.0,8.333,0.27,1.87,14.29,0.27,0.0,1.6,16.67,0.0,5.34,50.0,10.42,35.9,2.4,0.27,0.0,12.82,1.87,1.34,18.69,67.14,6.14,65.22,4.27,87.5,4.54,58.82,15.49,77.59,1.87,14.29,15.92,21.32,0.05,0.8,0.0,0.27,0.27,0.0,0.27,0.53,0.0,1.34,40.0,0.27,0.0,0.53,0.27,2.4,44.44,0,,0,,0,0.0,0.0,0.0,,,0.0,,,1.34,0.27,0.0,4.01,0,0.0
M. Savić,Sloga Doboj,Mladost Novi Sad,"RW, AMF",26,150000,,4,74,0,0.22,0,0.1,45.0,37.84,Bosnia and Herzegovina,Bosnia and Herzegovina,right,175,0,no,12.16,14.59,66.67,10.95,11.11,0.0,0.0,0.0,2.43,5.0,4.86,0,0.0,0,0.0,2.43,0.0,0,0.0,0.27,0,0.0,1,1.22,0.0,0.0,0.0,3.65,33.33,1.22,0.0,2.43,50.0,1.22,2.43,50.0,13.38,27.27,6.08,0.0,0.0,27.97,3.65,1.22,43.78,83.33,10.95,55.56,15.81,100.0,7.3,66.67,37.7,87.1,2.43,100.0,14.16,8.58,0.12,3.65,0.0,0.0,0.0,0.0,1.22,4.86,75.0,3.65,33.33,0.0,0.0,0.0,1.22,4.86,75.0,0,,0,,0,0.0,0.0,0.0,,,0.0,,,1.22,0.0,0.0,0.0,0,0.0
N. Kojčić,,Napredak Kruševac,"LCB, CB",28,150000,,5,361,0,0.44,0,0.0,10.97,61.36,Serbia,Serbia,right,190,82,no,10.22,4.24,47.06,4.49,72.22,1.25,1.46,0.5,6.98,8.16,0.5,0,0.0,0,0.0,0.0,0.0,0,0.0,0.11,0,0.0,3,0.75,0.0,0.0,0.0,0.0,0.0,0.0,0.0,0.0,0.0,0.0,0.0,0.0,0.75,66.67,0.75,0.25,0.0,16.95,0.25,0.5,28.42,82.46,15.46,72.58,3.24,100.0,8.73,91.43,22.69,87.91,5.73,60.87,19.9,34.07,0.0,0.0,0.0,0.0,0.0,0.0,0.0,3.24,69.23,0.25,0.0,0.0,0.0,0.0,0.0,7.23,58.62,0,,0,,0,0.0,0.0,0.0,,,2.99,,,0.0,0.0,0.0,0.0,0,0.0
M. Milisavljević,Budučnost Krušik,Radnički Kragujevac,"LCMF, CF",33,150000,,3,151,0,0.0,0,0.14,15.5,53.85,Serbia,Serbia,right,183,75,no,5.96,2.38,75.0,3.58,0.0,0.0,0.0,0.0,4.17,5.12,0.6,0,0.0,0,0.0,0.6,0.0,0,0.0,0.0,0,0.0,0,0.0,0.0,0.0,0.0,0.0,0.0,0.0,0.0,0.0,0.0,0.0,0.6,0.0,6.56,72.73,0.6,0.6,0.6,13.71,0.6,4.77,23.25,71.79,9.54,56.25,5.36,100.0,5.96,80.0,22.05,75.68,1.19,0.0,16.86,10.81,0.08,0.6,0.0,0.0,1.19,50.0,0.0,1.19,50.0,2.38,50.0,1.19,50.0,0.6,0.0,4.17,71.43,0,,0,,0,0.0,0.0,0.0,,,0.0,,,0.0,0.0,0.0,1.19,0,0.0
S. Milošević,Javor Ivanjica,Javor Ivanjica,"LAMF, LB, LWB",31,150000,2026-06-30,7,388,0,0.1,0,0.14,16.7,44.44,Serbia,Serbia,left,170,67,no,9.97,6.73,55.17,1.86,0.0,0.46,0.75,0.46,5.8,9.38,1.39,1,0.23,0,0.0,1.62,0.0,0,0.0,0.02,0,0.0,1,0.23,0.0,0.0,0.0,1.39,50.0,1.39,50.0,0.0,0.0,0.0,2.09,44.44,5.8,48.0,0.46,0.7,0.46,14.61,1.39,1.86,22.73,80.61,8.81,76.32,4.64,95.0,5.1,81.82,19.48,85.71,1.86,50.0,10.52,13.29,0.03,0.23,0.0,0.23,0.0,0.0,0.23,1.62,71.43,1.39,66.67,0.23,0.0,0.7,0.46,5.34,69.57,0,,0,,0,0.0,0.0,0.0,,,0.7,,,0.7,0.0,0.0,0.0,0,0.0
V. Janjić,Inđija,Radnik Surdulica,"LWB, LW, LAMF",31,150000,,6,236,0,0.22,1,0.29,28.22,45.95,Serbia,Serbia,right,177,72,no,4.19,5.34,50.0,3.81,30.0,0.38,0.63,0.0,1.14,1.88,1.53,0,0.0,0,0.0,7.25,0.0,0,0.0,0.08,0,0.0,6,2.29,33.33,0.0,0.38,4.19,27.27,3.81,20.0,0.38,100.0,1.91,8.39,59.09,15.64,46.34,3.43,2.29,0.38,14.87,2.29,4.19,22.12,65.52,4.96,69.23,5.34,78.57,10.3,59.26,16.78,72.73,1.14,100.0,17.76,14.14,0.11,1.91,0.0,0.0,0.38,100.0,0.38,1.14,100.0,3.05,37.5,0.38,100.0,0.0,1.14,4.96,84.62,0,,0,,0,0.0,0.0,0.0,,,0.0,,,0.76,0.0,0.0,2.67,0,0.0
B. Mladenović,Dubočica,Kolubara,CF,30,150000,,1,8,0,0.0,0,0.0,,,Serbia,Serbia,left,183,70,no,,,,,,,0.0,,,0.0,,0,,0,,,,0,,,0,,0,,,0.0,,,,,,,,,,,,,,,,,,,,,,,,,,,,,,,7.57,0.0,,,,,,,,,,,,,,,,,,0,,0,,0,0.0,0.0,,,,,,,,,,,0,0.0
M. Janković,OFK Vršac,Radnički Kragujevac,RB,25,150000,2027-06-30,1,3,0,0.0,0,0.0,,,Serbia,Serbia,right,181,73,no,,,,,,,0.0,,,0.0,,0,,0,,,,0,,,0,,0,,,0.0,,,,,,,,,,,,,,,,,,,,,,,,,,,,,,,0.0,0.0,,,,,,,,,,,,,,,,,,0,,0,,0,0.0,0.0,,,,,,,,,,,0,0.0
M. Obradović,Loznica,Spartak Subotica,CF,35,150000,,17,1209,2,2.15,3,1.34,33.8,38.11,Serbia,"Serbia, Montenegro",right,187,87,no,3.42,2.61,48.57,10.27,46.38,0.3,0.44,0.45,1.86,2.75,2.23,4,0.3,0,0.0,1.71,0.15,2,0.15,0.16,2,0.15,20,1.49,35.0,10.0,0.22,0.3,0.0,0.07,0.0,0.22,0.0,0.0,1.56,47.62,12.06,33.33,3.65,0.74,0.15,7.59,1.49,2.23,18.68,73.31,2.68,58.33,4.47,88.33,5.29,71.83,17.87,75.0,0.6,50.0,14.27,11.1,0.1,0.89,0.15,0.0,0.74,60.0,0.37,1.41,52.63,0.97,53.85,0.67,66.67,1.12,0.0,1.27,94.12,0,,0,,0,0.0,0.0,0.0,,,0.0,,,0.0,0.0,0.0,0.0,0,0.0
M. Mujezinović,KF Gostivari,Novi Pazar,"LAMF, RW, LW",33,150000,,11,372,0,0.16,1,0.79,25.16,31.73,Germany,"Germany, Bosnia and Herzegovina",right,172,65,no,6.53,5.08,52.38,4.6,15.79,0.0,0.0,0.24,3.87,6.15,1.94,2,0.48,0,0.0,3.39,0.0,0,0.0,0.04,0,0.0,3,0.73,0.0,0.0,0.24,0.97,25.0,0.48,50.0,0.48,0.0,0.48,3.39,71.43,10.89,33.33,1.21,2.42,1.21,23.71,1.69,1.69,38.95,81.37,10.65,70.45,7.5,96.77,8.95,89.19,37.5,83.23,0.73,33.33,15.83,5.17,0.19,1.94,0.24,0.0,0.97,75.0,0.73,4.6,68.42,1.94,50.0,0.24,100.0,2.18,0.73,6.29,61.54,0,,0,,0,0.0,0.0,0.0,,,0.0,,,0.0,0.0,0.0,0.24,0,0.0
S. Đorđević,,Vojvodina,LB,35,150000,,24,2194,0,0.38,2,1.6,11.29,58.33,Serbia,"Serbia, Portugal",left,186,75,no,8.34,5.3,66.13,1.28,56.67,0.56,0.8,0.17,4.28,6.17,0.77,3,0.12,0,0.0,2.27,0.0,0,0.0,0.02,0,0.0,10,0.43,0.0,0.0,0.09,3.25,40.79,3.25,40.79,0.0,0.0,0.3,1.33,67.74,2.44,54.39,0.77,0.9,0.38,22.63,2.4,0.56,34.9,75.37,14.8,67.92,4.96,93.97,10.65,77.91,26.09,84.43,5.69,52.63,19.75,30.59,0.07,0.47,0.04,0.0,0.09,50.0,0.26,4.06,67.37,3.04,49.3,0.34,12.5,0.38,1.28,9.07,69.34,0,,0,,0,0.0,0.0,0.0,,,1.03,,,0.0,0.0,0.0,0.0,0,0.0
V. Novevski,Vojvodina,Voždovac,"RAMF, LAMF",24,150000,2028-06-30,8,354,0,0.06,0,0.07,25.93,41.18,Serbia,"Serbia, North Macedonia",right,183,74,no,7.37,11.69,47.83,3.81,13.33,0.51,0.7,0.0,1.27,1.74,3.31,1,0.25,0,0.0,2.8,0.0,0,0.0,0.01,0,0.0,3,0.76,33.33,0.0,0.0,1.53,33.33,1.02,25.0,0.51,50.0,0.0,3.05,66.67,6.1,50.0,1.27,1.27,0.25,7.63,1.27,1.53,11.95,68.09,2.54,40.0,3.31,92.31,2.8,63.64,9.41,75.68,1.27,40.0,17.79,24.12,0.02,0.25,0.0,0.0,0.25,0.0,0.0,1.27,40.0,1.02,75.0,0.25,0.0,0.25,0.25,1.78,28.57,0,,0,,0,0.0,0.0,0.0,,,0.25,,,0.0,0.0,0.0,0.25,0,0.0
M. Bugarin,Bunyodkor,Spartak Subotica,LCB,26,150000,2026-12-01,12,876,0,0.28,0,0.0,13.25,68.22,Montenegro,Montenegro,left,198,0,no,10.58,5.86,70.18,4.21,68.29,0.51,0.73,0.1,5.96,8.49,1.03,1,0.1,2,0.21,0.51,0.0,0,0.0,0.03,0,0.0,3,0.31,66.67,0.0,0.0,0.0,0.0,0.0,0.0,0.0,0.0,0.0,0.31,100.0,1.03,60.0,0.41,0.31,0.0,22.4,0.21,0.72,38.53,81.87,17.47,68.24,1.13,81.82,17.36,95.86,30.31,89.49,8.22,53.75,21.06,33.68,0.0,0.0,0.0,0.0,0.1,0.0,0.1,5.86,52.63,0.72,0.0,0.72,28.57,0.0,0.0,8.32,72.84,0,,0,,0,0.0,0.0,0.0,,,0.31,,,0.0,0.0,0.0,0.0,0,0.0
P. Kunić,Sloga Doboj,Radnik Surdulica,CF,32,150000,,26,923,3,1.78,0,0.76,30.23,35.16,Bosnia and Herzegovina,"Bosnia and Herzegovina, Serbia",right,189,85,no,4.0,4.29,52.27,12.87,31.82,0.39,0.6,0.0,1.37,2.1,2.54,1,0.1,0,0.0,1.27,0.29,2,0.2,0.17,1,0.1,12,1.17,41.67,25.0,0.0,0.39,25.0,0.1,0.0,0.29,33.33,0.1,0.68,85.71,8.0,31.71,2.34,0.29,0.29,8.87,2.44,2.05,17.65,68.51,4.29,52.27,4.49,86.96,4.29,61.36,16.77,68.6,0.49,100.0,12.48,5.7,0.07,0.88,0.2,0.0,0.29,33.33,0.39,2.44,60.0,0.98,70.0,0.2,50.0,1.17,0.1,1.85,68.42,0,,0,,0,0.0,0.0,0.0,,,0.0,,,0.0,0.0,0.0,0.0,1,100.0
S. Babić,,Radnik Surdulica,"AMF, RCMF, RDMF",35,150000,,14,978,0,0.24,1,1.79,10.95,50.42,Serbia,Serbia,right,178,67,no,3.87,3.4,54.05,1.29,50.0,0.09,0.14,0.09,1.93,2.89,0.18,1,0.09,0,0.0,1.2,0.0,0,0.0,0.02,0,0.0,5,0.46,40.0,0.0,0.09,1.38,46.67,0.18,50.0,1.2,46.15,0.0,0.74,37.5,4.14,51.11,0.83,0.83,0.37,19.69,0.64,1.66,35.06,77.95,11.78,68.75,5.89,90.63,11.87,83.72,29.72,82.66,3.96,53.49,18.84,29.5,0.17,2.39,0.0,0.0,0.28,33.33,0.64,6.81,64.86,2.39,53.85,0.92,30.0,0.74,0.83,6.99,75.0,0,,0,,0,0.0,0.0,0.0,,,0.18,,,1.75,0.0,0.0,3.13,0,0.0
E. Rustemović,Slavija,Radnik Surdulica,"LCMF, LDMF",33,150000,,22,1926,1,1.2,1,2.85,19.07,57.6,Germany,"Germany, Bosnia and Herzegovina",left,180,72,no,10.65,6.03,62.79,2.62,64.29,0.98,1.31,0.28,5.89,7.84,1.17,2,0.09,0,0.0,1.26,0.05,1,0.05,0.06,0,0.0,20,0.93,15.0,5.0,0.05,1.07,34.78,0.89,42.11,0.19,0.0,0.05,1.54,48.48,6.12,53.44,0.37,0.56,0.14,21.96,0.37,2.1,41.12,73.86,18.41,57.87,5.09,97.25,13.18,86.52,31.45,84.7,8.64,39.46,22.11,37.79,0.13,1.21,0.0,0.0,0.28,0.0,0.09,10.0,50.47,2.38,27.45,1.12,12.5,0.37,0.33,8.74,75.4,0,,0,,0,0.0,0.0,0.0,,,0.23,,,2.24,0.42,22.22,2.85,0,0.0
D. Hodžić,Bokelj,Radnik Surdulica,"RB, RWB",32,150000,,15,1145,0,0.41,1,0.99,16.27,50.24,Serbia,"Serbia, Bosnia and Herzegovina",right,175,76,no,9.04,7.15,59.34,2.44,32.26,0.39,0.65,0.31,4.4,7.3,0.79,3,0.24,0,0.0,2.52,0.0,0,0.0,0.03,0,0.0,5,0.39,0.0,0.0,0.08,3.54,35.56,0.0,0.0,3.54,35.56,0.55,2.04,53.85,4.24,50.0,0.47,1.02,0.63,24.13,1.41,0.94,36.47,76.51,13.99,67.42,6.6,97.62,10.53,75.37,27.83,86.16,5.34,52.94,22.07,33.79,0.08,0.47,0.0,0.08,0.16,100.0,0.39,5.58,63.38,3.69,46.81,0.71,55.56,0.55,1.34,9.9,73.81,0,,0,,0,0.0,0.0,0.0,,,0.79,,,0.16,0.0,0.0,0.0,0,0.0
M. Jezdimirović,ÍBV,Radnik Surdulica,"RB, RCB",29,150000,,3,228,0,0.03,0,0.0,15.39,35.9,Serbia,Serbia,right,180,74,no,7.5,6.32,31.25,1.97,20.0,0.0,0.0,0.79,5.53,6.18,1.58,2,0.79,0,0.0,2.76,0.0,0,0.0,0.01,0,0.0,1,0.39,100.0,0.0,0.0,3.95,30.0,0.0,0.0,3.95,30.0,0.79,1.97,60.0,4.34,54.55,0.39,0.79,1.18,15.0,1.97,1.18,26.05,59.09,12.63,53.13,3.16,100.0,7.5,52.63,16.18,73.17,6.32,37.5,23.71,30.15,0.0,0.0,0.0,0.0,0.39,0.0,0.0,6.32,56.25,4.74,50.0,0.79,0.0,0.39,1.18,9.47,70.83,0,,0,,0,0.0,0.0,0.0,,,1.18,,,0.0,0.0,0.0,0.0,0,0.0
D. Nedeljković,Vlasina,Radnik Surdulica,"LDMF, LCMF, RDMF",30,150000,,10,434,1,0.55,0,0.29,18.46,48.31,Serbia,Serbia,left,174,75,no,5.6,5.6,51.85,3.11,20.0,0.41,0.56,0.21,2.28,3.08,1.87,2,0.41,0,0.0,3.32,0.21,1,0.21,0.11,0,0.0,8,1.66,37.5,12.5,0.0,1.45,14.29,0.62,0.0,0.62,33.33,0.21,3.11,73.33,7.47,61.11,0.41,1.66,0.83,23.43,0.0,2.49,34.63,82.63,10.78,63.46,7.05,100.0,12.03,89.66,29.03,91.43,4.15,45.0,21.08,25.75,0.06,0.62,0.0,0.0,0.41,50.0,0.0,8.92,74.42,1.66,12.5,1.04,0.0,0.0,0.41,6.64,81.25,0,,0,,0,0.0,0.0,0.0,,,0.21,,,0.0,0.0,0.0,0.0,0,0.0
A. Katanić,Dinamo,Mladost Novi Sad,CF,30,150000,,16,652,0,0.58,1,0.04,29.13,26.32,Serbia,Serbia,right,185,77,no,2.45,2.91,52.63,5.67,21.62,0.15,0.22,0.0,0.77,1.1,1.84,2,0.28,0,0.0,2.91,0.0,0,0.0,0.09,0,0.0,6,0.92,33.33,0.0,0.15,0.31,50.0,0.31,50.0,0.0,0.0,0.0,3.37,59.09,13.95,25.27,1.84,1.07,0.31,6.75,1.84,1.23,15.49,72.28,3.99,53.85,4.45,82.76,3.37,81.82,14.57,74.74,0.77,20.0,12.85,9.81,0.01,0.15,0.15,0.0,0.77,60.0,0.15,1.53,50.0,0.92,50.0,0.46,66.67,0.61,0.15,1.53,70.0,0,,0,,0,0.0,0.0,0.0,,,0.0,,,0.0,0.0,0.0,0.0,0,0.0
F. Antonijević,Priboj,Vojvodina,LB,25,150000,2026-07-19,9,684,0,0.17,0,0.56,12.11,57.61,Serbia,Serbia,left,175,70,no,9.34,5.79,63.64,1.97,60.0,0.13,0.16,0.0,5.53,6.81,0.66,1,0.13,0,0.0,1.45,0.0,0,0.0,0.02,0,0.0,3,0.39,33.33,0.0,0.0,2.63,15.0,2.63,15.0,0.0,0.0,0.39,0.79,83.33,2.37,50.0,1.18,1.45,0.79,18.95,1.84,0.92,29.21,71.62,14.34,72.48,2.76,100.0,6.84,67.31,22.89,79.89,3.95,56.67,18.69,21.55,0.07,0.66,0.0,0.0,0.66,40.0,0.0,3.42,69.23,2.11,25.0,0.53,25.0,0.39,0.53,7.5,64.91,0,,0,,0,0.0,0.0,0.0,,,0.53,,,0.13,0.0,0.0,0.79,0,0.0
I. Vukčević,Vojvodina,Vojvodina,CF,24,150000,,8,187,0,0.4,2,0.24,23.58,38.78,Montenegro,Montenegro,right,185,77,no,3.85,3.37,57.14,6.26,38.46,0.48,0.77,0.0,1.44,2.31,0.96,0,0.0,0,0.0,0.96,0.0,0,0.0,0.19,0,0.0,3,1.44,0.0,0.0,0.96,0.96,0.0,0.48,0.0,0.48,0.0,0.48,1.93,50.0,8.66,27.78,4.81,0.48,0.48,8.66,2.89,1.93,12.51,65.38,3.85,50.0,0.96,100.0,3.37,57.14,11.55,70.83,0.0,0.0,16.74,0.0,0.11,1.44,0.0,0.0,0.0,0.0,0.96,1.44,0.0,0.48,100.0,0.0,0.0,1.44,0.0,0.96,50.0,0,,0,,0,0.0,0.0,0.0,,,0.0,,,0.0,0.0,0.0,0.0,0,0.0
N. Bastajić,Spartak Subotica,Napredak Kruševac,"LW, LAMF",35,150000,2027-06-30,34,2644,5,4.96,1,4.05,30.19,40.7,Serbia,Serbia,right,184,79,no,6.23,6.02,54.24,3.54,35.58,0.24,0.33,0.14,2.72,3.8,1.23,6,0.2,1,0.03,5.58,0.17,4,0.14,0.17,0,0.0,52,1.77,36.54,9.615,0.03,3.51,35.92,3.17,36.56,0.27,37.5,0.48,7.25,50.23,17.09,39.84,2.14,2.25,1.06,14.64,1.67,2.38,24.64,73.76,6.06,64.04,5.96,89.71,8.44,73.79,19.88,81.85,1.6,44.68,18.51,24.71,0.14,1.12,0.07,0.03,0.07,50.0,0.65,2.11,64.52,2.69,40.51,0.2,16.67,0.51,1.36,3.81,69.64,0,,0,,0,0.0,0.0,0.0,,,0.1,,,0.41,0.07,50.0,0.65,1,100.0
M. Spasojević,Železničar Pancevo,Čukarički,CF,22,150000,2028-06-30,13,217,2,0.83,0,0.01,30.28,38.36,Serbia,Serbia,right,181,74,no,5.39,7.05,52.94,9.54,34.78,0.0,0.0,0.0,1.66,2.55,2.07,0,0.0,0,0.0,2.49,0.83,2,0.83,0.35,2,0.83,6,2.49,50.0,33.333,0.0,0.83,50.0,0.41,100.0,0.41,0.0,0.41,2.49,33.33,10.37,28.0,4.56,0.83,0.0,10.37,1.24,2.07,13.69,72.73,3.32,62.5,4.56,81.82,3.73,66.67,12.44,73.33,0.41,100.0,10.82,2.56,0.0,0.41,0.0,0.0,0.0,0.0,0.0,0.83,100.0,1.24,100.0,0.0,0.0,1.66,0.0,2.07,60.0,0,,0,,0,0.0,0.0,0.0,,,0.0,,,0.0,0.0,0.0,0.0,0,0.0
M. Gajić,Inđija,Čukarički,RCB,34,150000,,8,296,0,0.0,0,0.11,10.34,41.18,Serbia,Serbia,right,190,81,no,6.69,5.47,38.89,2.43,25.0,0.61,0.67,0.61,3.95,4.33,0.3,0,0.0,0,0.0,1.22,0.0,0,0.0,0.0,0,0.0,0,0.0,0.0,0.0,0.0,0.91,66.67,0.0,0.0,0.91,66.67,0.3,0.91,66.67,1.52,60.0,0.0,0.61,0.0,20.98,0.0,0.61,34.05,79.46,16.72,65.45,1.82,100.0,14.29,97.87,24.32,90.0,8.82,51.72,14.91,15.16,0.03,0.3,0.0,0.0,0.0,0.0,0.3,3.95,30.77,1.52,60.0,0.61,50.0,0.3,0.61,8.82,68.97,0,,0,,0,0.0,0.0,0.0,,,1.22,,,0.0,0.0,0.0,0.0,0,0.0
A. Vukušić,Città di Acireale,Kolubara,CF,35,150000,,27,1503,4,4.8,2,0.73,16.04,36.61,Croatia,Croatia,right,180,73,no,2.08,2.53,45.0,4.55,22.22,0.13,0.16,0.13,0.82,1.06,1.2,3,0.18,0,0.0,1.71,0.24,4,0.25,0.3,0,0.0,31,1.96,38.71,12.903,0.13,0.32,80.0,0.13,100.0,0.19,66.67,0.13,1.52,41.67,6.13,43.3,2.21,1.14,0.82,12.57,1.52,1.96,18.19,77.78,3.85,54.1,6.0,91.58,5.56,81.82,17.05,78.89,0.82,53.85,14.72,12.17,0.05,0.51,0.0,0.0,0.32,20.0,0.19,1.64,69.23,0.76,50.0,0.25,25.0,0.44,0.25,1.45,69.57,0,,0,,0,0.0,0.0,0.0,,,0.0,,,0.44,0.06,0.0,0.13,0,0.0
H. Kadrić,Kauno Žalgiris,Voždovac,CF,26,150000,,28,1312,2,4.68,0,0.42,30.5,37.56,Slovenia,Slovenia,left,188,80,no,3.2,3.35,51.11,11.08,46.98,0.3,0.38,0.0,1.19,1.53,2.23,2,0.14,0,0.0,2.23,0.14,2,0.15,0.35,1,0.07,23,1.71,43.48,8.696,0.0,0.52,28.57,0.37,20.0,0.15,50.0,0.0,2.6,48.57,9.97,31.34,2.38,0.89,0.37,9.6,1.71,2.23,16.21,73.39,3.05,60.98,4.91,84.85,4.69,76.19,15.02,76.24,0.67,44.44,15.89,7.45,0.03,0.37,0.0,0.0,0.15,50.0,0.15,1.64,68.18,0.89,58.33,0.15,50.0,0.45,0.22,1.64,63.64,0,,0,,0,0.0,0.0,0.0,,,0.15,,,0.0,0.0,0.0,0.0,0,0.0
D. Bagarić,Uskok Klis,Kolubara,"CF, LW, LAMF",33,150000,,16,685,0,1.32,0,0.17,25.49,38.66,Austria,"Austria, Croatia",right,193,75,no,6.57,5.26,50.0,6.96,45.28,0.39,0.53,0.26,3.55,4.76,2.89,3,0.39,0,0.0,1.18,0.0,0,0.0,0.17,0,0.0,12,1.58,25.0,0.0,0.0,0.53,25.0,0.26,0.0,0.26,50.0,0.0,1.71,30.77,8.28,28.57,2.1,0.66,0.26,7.09,1.31,1.18,13.66,65.38,4.2,34.38,3.15,83.33,3.02,69.57,12.61,68.75,0.53,25.0,14.04,7.28,0.02,0.26,0.0,0.0,0.13,100.0,0.13,0.92,28.57,0.39,66.67,0.13,100.0,0.39,0.13,1.71,46.15,0,,0,,0,0.0,0.0,0.0,,,0.0,,,0.0,0.0,0.0,0.0,0,0.0
A. Zubairu,Zemplín Michalovce,Kolubara,"LCMF, RCMF",27,150000,,9,314,0,0.12,0,0.03,24.08,38.1,Nigeria,Nigeria,left,166,64,no,6.02,9.17,50.0,1.15,0.0,0.0,0.0,0.0,1.43,1.95,2.01,3,0.86,0,0.0,2.58,0.0,0,0.0,0.04,0,0.0,1,0.29,100.0,0.0,0.0,0.86,0.0,0.57,0.0,0.29,0.0,0.0,2.58,66.67,9.17,40.63,0.86,2.01,1.72,22.36,1.15,3.15,33.54,82.91,9.75,67.65,8.31,100.0,9.17,84.38,30.67,86.92,2.01,57.14,13.67,18.02,0.01,0.29,0.0,0.0,0.86,66.67,0.0,3.73,92.31,2.01,57.14,1.43,60.0,0.86,0.0,5.16,83.33,0,,0,,0,0.0,0.0,0.0,,,0.29,,,0.0,0.0,0.0,0.29,0,0.0
P. Medić,Trayal Kruševac,Voždovac,"LDMF, RDMF, LCMF",28,150000,,18,851,0,0.37,1,0.1,20.94,45.45,Serbia,Serbia,right,182,74,no,7.3,5.71,51.85,6.13,58.62,0.95,1.41,0.11,3.38,5.0,1.48,2,0.21,0,0.0,1.06,0.0,0,0.0,0.04,0,0.0,8,0.85,25.0,0.0,0.11,0.32,33.33,0.21,50.0,0.11,0.0,0.0,1.59,46.67,4.55,37.21,0.53,0.42,0.32,18.72,0.53,1.27,31.94,75.83,11.0,57.69,4.65,95.45,11.1,87.62,28.03,80.75,3.6,41.18,18.27,34.13,0.01,0.32,0.0,0.0,0.21,0.0,0.21,6.77,62.5,0.85,50.0,0.53,20.0,0.21,0.11,5.82,61.82,0,,0,,0,0.0,0.0,0.0,,,0.21,,,0.0,0.0,0.0,0.11,0,0.0
S. Stanisavljević,Novi Pazar,Mladost Lučani,CF,24,150000,2028-06-30,11,349,1,1.12,0,0.0,24.76,34.38,Serbia,Serbia,right,185,0,no,2.84,3.61,50.0,10.83,35.71,0.52,0.67,0.0,0.52,0.67,3.09,0,0.0,0,0.0,2.32,0.26,1,0.26,0.29,1,0.26,11,2.84,54.55,9.091,0.0,0.26,0.0,0.26,0.0,0.0,0.0,0.0,1.03,75.0,6.7,30.77,2.58,0.52,0.0,9.03,1.81,2.06,13.41,73.08,3.09,50.0,3.61,100.0,2.06,62.5,13.15,74.51,0.0,0.0,7.65,0.0,0.0,0.0,0.0,0.0,0.0,0.0,0.0,0.52,0.0,0.52,100.0,0.0,0.0,0.52,0.0,0.26,0.0,0,,0,,0,0.0,0.0,0.0,,,0.0,,,0.26,0.26,100.0,0.0,0,0.0
P. Djuričković,Dinamo,Novi Pazar,"AMF, RCMF, CF",35,150000,,22,1235,1,1.21,0,0.54,17.27,45.99,Serbia,Serbia,left,178,67,no,6.12,6.12,57.14,2.11,34.48,0.66,0.82,0.22,1.97,2.47,1.24,7,0.51,0,0.0,1.53,0.07,1,0.07,0.09,0,0.0,16,1.17,56.25,6.25,0.0,0.73,10.0,0.36,0.0,0.36,20.0,0.15,2.04,32.14,6.49,32.58,0.73,0.73,0.15,18.8,0.73,1.97,28.28,71.39,10.71,59.18,3.35,84.78,8.23,82.3,23.83,80.12,3.72,27.45,18.94,32.62,0.04,0.66,0.0,0.0,0.36,40.0,0.0,5.32,54.79,1.97,40.74,0.87,33.33,0.73,0.07,4.37,65.0,0,,0,,0,0.0,0.0,0.0,,,0.07,,,1.17,0.22,66.67,1.82,0,0.0
D. Srnić,,Radnički Kragujevac,"LCMF, RCMF",34,150000,,21,1113,0,0.0,0,0.39,16.58,43.9,Serbia,Serbia,right,171,60,no,8.41,5.66,50.0,3.56,38.64,1.13,1.32,0.0,4.45,5.21,1.78,3,0.24,0,0.0,1.05,0.0,0,0.0,0.0,0,0.0,2,0.16,0.0,0.0,0.0,0.4,40.0,0.16,50.0,0.24,33.33,0.0,1.21,66.67,4.04,48.0,0.0,0.24,0.16,20.78,0.4,1.46,35.98,78.88,13.42,60.84,4.53,96.43,13.42,92.17,31.29,83.98,4.29,45.28,17.28,28.2,0.03,0.4,0.0,0.0,0.16,50.0,0.08,5.09,60.32,1.13,21.43,0.57,28.57,0.24,0.08,5.01,67.74,0,,0,,0,0.0,0.0,0.0,,,0.4,,,0.08,0.0,0.0,0.0,0,0.0
F. Frei,,Radnički Niš,RB,25,150000,,5,253,0,0.0,0,0.34,26.32,51.35,Switzerland,"Switzerland, Serbia",right,172,65,no,13.52,11.38,68.75,1.42,50.0,1.42,2.22,0.0,4.27,6.67,0.36,0,0.0,0,0.0,2.85,0.0,0,0.0,0.0,0,0.0,0,0.0,0.0,0.0,0.0,2.49,42.86,0.0,0.0,2.49,42.86,1.07,4.62,38.46,10.32,34.48,1.42,2.13,1.07,17.08,0.0,1.78,32.73,73.91,9.96,57.14,7.11,90.0,11.38,75.0,27.75,79.49,2.49,42.86,21.96,8.31,0.12,0.36,0.0,0.0,0.0,0.0,0.36,3.56,40.0,2.85,50.0,0.0,0.0,1.42,1.07,6.05,70.59,0,,0,,0,0.0,0.0,0.0,,,1.42,,,0.0,0.0,0.0,0.0,0,0.0
M. Škrbić,Borac Čačak,Radnički Niš,CF,30,125000,,18,1012,6,4.47,0,0.62,20.72,34.33,Serbia,"Serbia, Bosnia and Herzegovina",right,192,79,no,2.22,1.33,53.33,6.94,37.18,0.18,0.29,0.0,1.33,2.2,0.71,2,0.18,0,0.0,1.96,0.53,6,0.53,0.4,2,0.18,21,1.87,61.9,28.571,0.0,0.18,0.0,0.18,0.0,0.0,0.0,0.09,1.33,60.0,9.16,32.04,3.02,0.18,0.0,9.52,1.25,1.87,16.63,80.21,2.58,58.62,4.36,93.88,5.87,81.82,15.92,82.12,0.53,50.0,15.67,11.82,0.05,0.62,0.09,0.0,0.09,0.0,0.27,1.6,77.78,0.53,33.33,0.09,0.0,0.62,0.0,1.07,75.0,0,,0,,0,0.0,0.0,0.0,,,0.0,,,0.0,0.0,0.0,0.0,0,0.0
I. Ćorković,,Kolubara,"LWB, LB",25,125000,,13,484,0,0.59,0,0.22,14.39,41.27,Serbia,Serbia,both,182,0,no,10.05,6.62,58.62,2.06,33.33,1.14,1.42,0.23,5.03,6.23,1.37,1,0.19,1,0.19,1.37,0.0,0,0.0,0.14,0,0.0,3,0.69,33.33,0.0,0.0,2.97,30.77,2.97,30.77,0.0,0.0,0.23,1.14,20.0,2.74,8.33,0.46,1.14,0.23,21.24,2.06,0.0,32.44,69.72,11.88,48.08,4.57,95.0,10.28,80.0,25.13,83.64,4.8,14.29,22.62,34.09,0.05,0.23,0.0,0.0,0.0,0.0,0.23,4.34,42.11,3.43,40.0,0.46,50.0,0.46,1.6,7.31,53.13,0,,0,,0,0.0,0.0,0.0,,,0.69,,,0.0,0.0,0.0,0.0,0,0.0
N. Kovačević,,Radnički Kragujevac,RCB,32,125000,,4,216,0,0.19,0,0.0,10.83,53.85,Serbia,Serbia,right,192,85,no,9.58,2.92,71.43,5.0,41.67,0.0,0.0,0.42,7.5,9.82,0.42,0,0.0,0,0.0,1.25,0.0,0,0.0,0.08,0,0.0,1,0.42,0.0,0.0,0.0,0.83,50.0,0.0,0.0,0.83,50.0,0.0,1.25,66.67,2.5,50.0,0.83,0.42,1.25,15.83,1.67,0.0,29.58,81.69,12.08,75.86,2.92,85.71,12.08,86.21,22.08,88.68,6.67,62.5,18.7,27.03,0.0,0.0,0.0,0.0,0.0,0.0,0.0,3.75,55.56,0.83,50.0,0.0,0.0,0.0,0.42,4.58,81.82,0,,0,,0,0.0,0.0,0.0,,,1.25,,,0.0,0.0,0.0,0.0,0,0.0
M. Knežević,Zemun,Mladost Novi Sad,GK,37,100000,,12,1152,0,0.0,0,0.0,0.7,88.89,Serbia,Serbia,right,186,76,no,1.88,0.0,0.0,0.39,100.0,0.0,0.0,0.0,1.88,2.45,0.0,0,0.0,0,0.0,0.0,0.0,0,0.0,0.0,0,0.0,0,0.0,0.0,0.0,0.0,0.0,0.0,0.0,0.0,0.0,0.0,0.0,0.0,0.0,0.16,50.0,0.0,0.0,0.0,6.72,0.23,0.16,13.28,81.76,8.91,74.56,0.0,0.0,3.67,97.87,6.02,97.4,7.19,69.57,34.55,45.13,0.0,0.0,0.0,0.0,0.0,0.0,0.0,1.33,70.59,0.0,0.0,0.08,0.0,0.0,0.0,6.17,77.22,10,0.78,35,2.73,7,71.43,10.85,0.85,0.85,0.066,0.0,1.56,0.39,,,,0.0,0,0.0
N. Milunović,Spartak Subotica,Crvena Zvezda,"RCB, LCB",37,100000,,20,1474,0,1.56,0,0.36,15.57,60.39,Serbia,Serbia,both,195,83,no,7.39,4.21,59.42,5.92,65.98,0.12,0.22,0.43,4.76,8.76,1.83,4,0.24,0,0.0,0.79,0.0,0,0.0,0.1,0,0.0,13,0.79,30.77,0.0,0.0,0.37,33.33,0.06,100.0,0.24,25.0,0.0,0.49,87.5,1.77,62.07,1.1,1.28,0.18,35.41,0.31,0.61,54.04,88.47,22.04,78.12,2.5,92.68,26.07,96.49,48.36,92.55,5.31,55.17,22.7,36.84,0.02,0.12,0.06,0.06,0.06,0.0,0.06,5.5,65.56,0.92,13.33,0.37,0.0,0.06,0.12,9.1,73.15,0,,0,,0,0.0,0.0,0.0,,,1.77,,,0.0,0.0,0.0,0.0,0,0.0
M. Bjeloš,Bačka Palanka,Mladost Novi Sad,"DMF, RCB, LCMF",35,100000,,11,499,0,0.46,0,0.04,14.61,55.56,Serbia,Serbia,left,178,75,no,11.0,7.03,66.67,2.53,42.86,1.08,1.28,0.18,5.23,6.17,1.62,4,0.72,0,0.0,1.98,0.0,0,0.0,0.08,0,0.0,7,1.26,28.57,0.0,0.0,0.9,20.0,0.36,50.0,0.54,0.0,0.0,1.26,100.0,2.53,71.43,1.26,0.54,0.72,17.13,0.72,0.54,28.86,72.5,11.36,58.73,3.43,94.74,10.46,84.48,23.81,79.55,4.33,41.67,18.36,29.12,0.01,0.18,0.0,0.0,0.36,50.0,0.0,4.69,61.54,0.9,40.0,0.54,33.33,0.36,0.18,5.41,63.33,0,,0,,0,0.0,0.0,0.0,,,0.36,,,0.0,0.0,0.0,0.0,0,0.0
N. Miletić,Novi Pazar,Javor Ivanjica,LB,34,100000,,15,1451,0,0.45,1,0.59,17.68,47.72,Serbia,Serbia,left,190,80,no,8.93,5.09,52.44,3.78,50.82,0.12,0.18,0.5,6.14,8.68,0.62,2,0.12,0,0.0,2.79,0.0,0,0.0,0.03,0,0.0,4,0.25,50.0,0.0,0.06,3.66,30.51,3.6,31.03,0.06,0.0,0.43,2.79,51.11,6.02,46.39,0.87,1.67,0.99,17.12,1.61,1.3,32.13,68.92,13.65,64.55,5.21,94.05,9.06,65.75,24.25,76.98,4.28,55.07,20.96,35.72,0.04,0.37,0.0,0.06,0.25,50.0,0.19,4.84,57.69,3.41,36.36,0.5,37.5,0.43,1.05,8.13,68.7,0,,0,,0,0.0,0.0,0.0,,,0.81,,,0.19,0.0,0.0,0.37,0,0.0
A. Szöke,Budafoki MTE,Bačka Topola,"CF, RW, LCMF",28,100000,2027-06-30,4,41,0,0.0,0,0.0,,,Serbia,"Serbia, Hungary",right,186,72,no,,,,,,,0.0,,,0.0,,1,,0,,,,0,,,0,,0,,,0.0,,,,,,,,,,,,,,,,,,,,,,,,,,,,,,,4.2,0.0,,,,,,,,,,,,,,,,,,0,,0,,0,0.0,0.0,,,,,,,,,,,0,0.0
D. Kiković,OFK Vršac,Novi Pazar,"LDMF, LCMF, CF",31,100000,2027-06-30,20,890,0,0.37,0,0.15,25.03,43.39,Serbia,Serbia,right,187,67,no,8.69,9.72,45.74,4.45,37.21,0.52,0.57,0.41,3.72,4.12,2.9,2,0.2,1,0.1,2.07,0.0,0,0.0,0.04,0,0.0,6,0.62,33.33,0.0,0.0,0.62,33.33,0.21,50.0,0.41,25.0,0.0,3.52,47.06,7.76,40.0,1.24,1.66,0.93,16.14,0.21,1.34,29.9,75.43,12.21,64.41,3.72,83.33,7.03,88.24,26.48,78.52,2.79,55.56,15.23,26.79,0.02,0.41,0.0,0.0,0.1,0.0,0.0,4.24,63.41,1.14,63.64,0.31,0.0,0.93,0.1,6.31,55.74,0,,0,,0,0.0,0.0,0.0,,,0.0,,,0.0,0.0,0.0,0.0,0,0.0
L. Jovanović,Spartakos Kitiou,Radnički Niš,"RWF, RW",32,100000,,5,362,1,1.02,2,0.96,9.2,40.54,Serbia,Serbia,right,182,74,no,2.98,1.49,33.33,2.24,11.11,0.0,0.0,0.25,2.49,3.8,0.25,1,0.25,0,0.0,4.48,0.25,1,0.25,0.25,0,0.0,8,1.99,12.5,12.5,0.5,4.48,44.44,0.75,66.67,3.73,40.0,0.25,2.49,80.0,4.72,57.89,3.73,1.74,1.24,20.88,2.24,0.5,25.11,69.31,6.22,60.0,4.48,100.0,8.45,64.71,19.14,77.92,1.99,25.0,16.17,22.67,0.24,1.24,0.0,0.0,0.25,100.0,0.99,0.75,100.0,4.72,63.16,0.0,0.0,1.24,1.74,5.72,82.61,0,,0,,0,0.0,0.0,0.0,,,0.0,,,0.25,0.0,0.0,1.99,0,0.0
F. Dujmović,Milsami,Radnički Niš,GK,27,100000,2027-06-30,1,96,0,0.0,0,0.0,0.0,0.0,Bosnia and Herzegovina,"Bosnia and Herzegovina, Croatia",right,191,83,no,0.0,0.0,0.0,0.0,0.0,0.0,0.0,0.0,0.0,0.0,0.0,0,0.0,0,0.0,0.0,0.0,0,0.0,0.0,0,0.0,0,0.0,0.0,0.0,0.0,0.0,0.0,0.0,0.0,0.0,0.0,0.0,0.0,0.0,0.0,0.0,0.0,0.0,0.0,4.69,0.0,0.0,13.13,64.29,8.44,44.44,0.0,0.0,3.75,100.0,7.5,100.0,5.63,16.67,26.91,41.78,0.0,0.0,0.0,0.0,0.0,0.0,0.0,0.94,0.0,0.0,0.0,0.0,0.0,0.0,0.0,2.81,0.0,3,2.81,10,9.38,0,70.0,3.62,3.39,0.62,0.581,0.0,0.0,0.0,,,,0.0,0,0.0
B. Osei,Spartak Subotica,Spartak Subotica,"RW, RAMF, LW",25,100000,2027-06-30,5,160,0,0.35,0,0.12,16.31,31.03,Ghana,Ghana,right,171,66,no,4.5,2.81,60.0,1.13,0.0,0.0,0.0,0.56,2.81,3.95,2.25,1,0.56,0,0.0,1.69,0.0,0,0.0,0.2,0,0.0,3,1.69,33.33,0.0,0.0,0.56,0.0,0.0,0.0,0.56,0.0,0.0,3.94,28.57,8.44,20.0,2.81,0.56,0.56,7.87,0.56,1.13,14.06,64.0,3.38,33.33,4.5,75.0,4.5,62.5,11.25,70.0,2.25,50.0,18.18,16.8,0.07,1.13,0.0,0.56,0.56,0.0,0.0,2.25,25.0,2.25,50.0,0.56,0.0,1.69,0.0,2.81,80.0,0,,0,,0,0.0,0.0,0.0,,,0.0,,,0.0,0.0,0.0,1.69,0,0.0
M. Dubljanić,Rudar Prijedor,Spartak Subotica,GK,26,100000,,10,964,0,0.0,0,0.0,0.56,66.67,Montenegro,"Montenegro, Serbia",right,203,89,no,2.15,0.09,0.0,0.47,80.0,0.0,0.0,0.0,2.15,3.07,0.0,0,0.0,0,0.0,0.0,0.0,0,0.0,0.0,0,0.0,0,0.0,0.0,0.0,0.0,0.0,0.0,0.0,0.0,0.0,0.0,0.0,0.0,0.0,0.0,0.0,0.0,0.0,0.0,4.39,0.0,0.0,10.64,77.19,7.1,69.74,0.0,0.0,3.08,93.94,4.95,98.11,5.7,59.02,35.37,48.5,0.0,0.0,0.0,0.0,0.0,0.0,0.0,1.4,60.0,0.19,0.0,0.0,0.0,0.0,0.0,4.57,67.35,16,1.49,38,3.55,2,57.89,15.23,1.42,-0.77,-0.072,0.0,1.4,0.47,,,,0.0,0,0.0
Z. Danoski,Bregalnica Štip,Radnik Surdulica,"LAMF, LW, LWF",35,100000,,27,1922,4,4.02,1,2.64,22.2,39.87,North Macedonia,North Macedonia,right,174,63,no,5.76,5.76,51.22,1.87,20.0,0.09,0.12,0.19,2.72,3.51,1.4,3,0.14,0,0.0,3.65,0.19,4,0.19,0.19,0,0.0,32,1.5,34.38,12.5,0.05,2.06,43.18,1.87,45.0,0.14,33.33,0.14,4.21,51.11,10.16,40.09,2.2,1.36,0.42,12.36,1.64,1.92,20.65,66.21,7.12,53.29,4.31,88.04,5.67,68.6,15.92,74.12,2.76,38.98,18.22,37.52,0.12,1.08,0.05,0.0,0.42,22.22,0.42,2.39,47.06,2.76,54.24,0.75,37.5,0.94,0.89,3.98,65.88,0,,0,,0,0.0,0.0,0.0,,,0.0,,,0.52,0.0,0.0,0.61,1,0.0
L. Ratković,Yenisey,Javor Ivanjica,"CF, LAMF",29,100000,,24,960,1,1.58,0,0.51,28.5,34.21,Serbia,Serbia,right,191,79,no,5.53,5.06,40.74,9.75,37.5,0.94,1.26,0.0,2.53,3.39,2.72,3,0.28,0,0.0,1.13,0.09,1,0.09,0.15,1,0.09,15,1.41,20.0,6.667,0.0,0.28,33.33,0.09,0.0,0.19,50.0,0.0,1.97,28.57,8.34,32.58,1.97,0.75,0.19,6.19,2.06,1.5,12.28,72.52,3.66,51.28,3.28,88.57,3.19,79.41,10.78,75.65,1.22,53.85,14.8,8.79,0.05,0.66,0.09,0.0,0.28,66.67,0.19,1.69,55.56,0.66,42.86,0.47,80.0,0.38,0.09,1.88,70.0,0,,0,,0,0.0,0.0,0.0,,,0.0,,,0.0,0.0,0.0,0.0,0,0.0
O. Mitrović,Tekstilac Derventa,Spartak Subotica,LB,27,100000,,9,673,0,0.02,0,0.18,22.2,56.02,Serbia,Serbia,left,180,74,no,14.04,11.23,70.24,1.6,50.0,0.94,1.23,0.13,5.22,6.84,1.74,3,0.4,0,0.0,2.94,0.0,0,0.0,0.0,0,0.0,3,0.4,0.0,0.0,0.0,3.61,37.04,3.61,37.04,0.0,0.0,0.4,3.08,52.17,6.55,42.86,0.4,0.94,0.53,18.72,1.47,0.94,31.03,68.53,14.44,61.11,4.55,88.24,8.56,70.31,21.66,80.25,5.88,43.18,23.02,35.75,0.02,0.4,0.13,0.0,0.13,0.0,0.0,5.88,59.09,3.21,45.83,0.4,33.33,0.27,1.2,8.96,73.13,0,,0,,0,0.0,0.0,0.0,,,0.53,,,0.13,0.0,0.0,0.0,0,0.0
B. Đukić,Čajetina,Javor Ivanjica,"RCB, CB",26,100000,2026-12-31,23,1184,0,0.21,0,0.0,12.69,60.48,France,"France, Serbia",right,0,0,no,12.24,5.7,78.67,3.95,44.23,0.3,0.39,1.29,7.45,9.45,1.52,4,0.3,0,0.0,0.08,0.0,0,0.0,0.02,0,0.0,3,0.23,0.0,0.0,0.0,0.0,0.0,0.0,0.0,0.0,0.0,0.0,0.15,50.0,0.99,53.85,0.23,0.53,0.0,15.2,0.46,0.91,27.44,75.9,14.37,63.49,1.14,80.0,10.34,91.18,20.3,84.27,7.15,52.13,17.08,24.26,0.0,0.0,0.0,0.08,0.0,0.0,0.0,4.79,60.32,0.61,12.5,0.38,20.0,0.0,0.0,8.06,64.15,0,,0,,0,0.0,0.0,0.0,,,0.84,,,0.0,0.0,0.0,0.0,0,0.0
U. Oduenyi,Binh Duong,Javor Ivanjica,CF,30,100000,,3,52,0,0.11,0,0.2,31.15,16.67,Nigeria,Nigeria,left,193,87,no,0.0,3.46,0.0,12.12,14.29,0.0,0.0,0.0,0.0,0.0,3.46,0,0.0,0,0.0,1.73,0.0,0,0.0,0.2,0,0.0,1,1.73,0.0,0.0,0.0,3.46,50.0,3.46,50.0,0.0,0.0,0.0,0.0,0.0,10.38,16.67,3.46,0.0,0.0,3.46,0.0,1.73,10.38,66.67,0.0,0.0,3.46,100.0,3.46,50.0,6.92,75.0,0.0,0.0,11.34,0.0,0.35,1.73,0.0,0.0,0.0,0.0,1.73,0.0,0.0,1.73,100.0,0.0,0.0,0.0,1.73,1.73,100.0,0,,0,,0,0.0,0.0,0.0,,,0.0,,,0.0,0.0,0.0,0.0,0,0.0
V. Trifunović,Dubočica,Voždovac,"LW, RW, RAMF",27,100000,,13,436,1,0.48,1,1.12,19.2,44.09,Serbia,Serbia,both,183,74,no,2.89,2.68,30.77,3.51,47.06,0.21,0.3,0.0,1.86,2.73,2.06,1,0.21,0,0.0,3.92,0.21,1,0.21,0.1,0,0.0,9,1.86,44.44,11.111,0.21,1.44,57.14,0.0,0.0,1.44,57.14,0.0,4.13,55.0,9.91,45.83,0.83,2.48,0.41,15.69,3.1,2.06,19.2,75.27,3.51,47.06,4.75,95.65,7.02,73.53,15.89,79.22,1.86,55.56,15.42,12.97,0.23,0.83,0.0,0.0,0.41,0.0,0.62,1.86,44.44,2.27,45.45,0.41,0.0,0.21,0.62,2.68,76.92,0,,0,,0,0.0,0.0,0.0,,,0.0,,,0.0,0.0,0.0,0.0,0,0.0
B. Marković,,Voždovac,"RB, RW, RAMF",27,100000,,7,218,0,0.03,0,0.65,15.69,55.26,Serbia,Serbia,right,180,73,no,8.26,7.84,63.16,0.83,50.0,0.0,0.0,0.0,3.3,4.29,1.24,1,0.41,0,0.0,1.65,0.0,0,0.0,0.01,0,0.0,3,1.24,0.0,0.0,0.0,0.83,50.0,0.0,0.0,0.83,50.0,0.41,1.65,75.0,4.13,60.0,0.41,1.65,0.0,15.28,1.65,0.83,23.53,82.46,7.02,70.59,5.37,92.31,6.19,93.33,21.47,86.54,1.24,33.33,13.76,9.1,0.27,0.83,0.0,0.0,0.0,0.0,0.83,2.89,71.43,1.24,100.0,0.0,0.0,0.41,0.83,3.3,75.0,0,,0,,0,0.0,0.0,0.0,,,0.0,,,0.0,0.0,0.0,0.0,0,0.0
Z. Karać,Kabel Novi Sad,Mladost Novi Sad,"RDMF, LW",31,100000,,2,43,0,0.02,0,0.06,,,Serbia,Serbia,right,180,74,no,,,,,,,0.0,,,7.5,,0,,0,,,,0,,,0,,2,,,0.0,,,,,,,,,,,,,,,,,,,,,,,,,,,,,,,7.86,8.33,,,,,,,,,,,,,,,,,,0,,0,,0,0.0,0.0,,,,,,,,,,,0,0.0
N. Nikić,Borac Čačak,Voždovac,"LCB, LB",24,100000,,4,176,0,0.0,0,0.0,11.76,52.17,Bosnia and Herzegovina,Bosnia and Herzegovina,left,183,75,no,10.23,8.69,58.82,1.53,33.33,1.02,1.02,1.02,4.09,4.07,0.0,0,0.0,0,0.0,0.0,0.0,0,0.0,0.0,0,0.0,0,0.0,0.0,0.0,0.0,0.0,0.0,0.0,0.0,0.0,0.0,0.0,0.0,0.0,0.0,0.0,0.0,0.51,0.0,26.08,0.51,0.0,43.47,78.82,18.92,70.27,5.11,80.0,15.34,90.0,37.84,85.14,5.63,36.36,18.73,28.59,0.0,0.0,0.0,0.0,0.0,0.0,0.0,6.14,41.67,0.0,0.0,0.0,0.0,0.0,0.0,8.69,58.82,0,,0,,0,0.0,0.0,0.0,,,3.07,,,0.0,0.0,0.0,0.0,0,0.0
S. Dimić,,Radnički Niš,"AMF, RCMF",33,100000,,15,1015,2,2.26,0,1.7,23.94,38.89,Serbia,Serbia,right,184,83,no,5.05,5.14,55.17,2.22,28.0,0.0,0.0,0.27,2.22,3.0,1.51,1,0.09,0,0.0,3.46,0.18,2,0.18,0.2,0,0.0,12,1.06,41.67,16.667,0.0,1.6,38.89,0.35,75.0,1.24,28.57,0.27,4.88,43.64,13.21,32.89,2.39,2.04,1.24,14.36,1.15,1.86,23.76,83.21,6.21,74.29,6.12,95.65,6.56,81.08,21.64,86.48,0.62,71.43,16.37,15.44,0.15,1.06,0.0,0.0,0.53,50.0,0.44,3.37,73.68,1.51,47.06,0.27,33.33,0.53,0.44,2.84,84.38,0,,0,,0,0.0,0.0,0.0,,,0.0,,,0.0,0.0,0.0,0.0,0,0.0
S. Jovanović,,Radnički Niš,"RAMF, RW",32,100000,,24,1161,1,0.9,0,1.02,19.4,49.39,Serbia,Serbia,both,184,78,no,4.71,5.1,56.92,2.36,40.0,0.08,0.1,0.08,1.73,2.16,1.41,2,0.16,0,0.0,4.01,0.08,1,0.08,0.07,0,0.0,11,0.86,36.36,9.091,0.0,4.79,26.23,0.94,0.0,3.85,32.65,0.47,3.69,61.7,8.72,50.45,1.02,0.79,0.24,14.53,1.1,2.2,23.01,63.14,6.44,47.56,4.87,91.94,8.48,60.19,15.31,81.54,3.3,28.57,20.07,29.82,0.08,0.71,0.0,0.0,0.16,100.0,0.39,2.36,56.67,3.77,31.25,0.55,42.86,0.47,1.18,3.85,69.39,0,,0,,0,0.0,0.0,0.0,,,0.16,,,0.39,0.08,0.0,1.02,0,0.0
E. Brunčević,Dinamo Kattaqurgon,Novi Pazar,"LCB, RCMF, RCB",27,100000,2026-12-31,4,26,0,0.0,0,0.0,,,Serbia,Serbia,right,196,83,no,,,,,,,0.0,,,4.29,,1,,0,,,,0,,,0,,0,,,0.0,,,,,,,,,,,,,,,,,,,,,,,,,,,,,,,7.88,0.0,,,,,,,,,,,,,,,,,,0,,0,,0,0.0,0.0,,,,,,,,,,,0,0.0
V. Bogdanović,Napredak Kruševac,Vojvodina,"DMF, LCMF, RB",24,100000,2027-06-30,3,75,0,0.14,0,0.0,12.0,40.0,Serbia,Serbia,right,190,78,no,6.0,6.0,20.0,3.6,33.33,0.0,0.0,0.0,4.8,5.71,1.2,0,0.0,0,0.0,1.2,0.0,0,0.0,0.17,0,0.0,1,1.2,0.0,0.0,0.0,0.0,0.0,0.0,0.0,0.0,0.0,0.0,1.2,100.0,2.4,100.0,1.2,0.0,0.0,12.0,0.0,2.4,20.4,94.12,9.6,87.5,3.6,100.0,6.0,100.0,18.0,100.0,2.4,50.0,16.46,12.61,0.0,0.0,0.0,0.0,0.0,0.0,0.0,2.4,50.0,0.0,0.0,1.2,0.0,0.0,0.0,0.0,0.0,0,,0,,0,0.0,0.0,0.0,,,0.0,,,0.0,0.0,0.0,0.0,0,0.0
M. Šimić,,Radnički Kragujevac,CF,38,75000,,6,305,1,0.75,0,0.0,24.2,37.8,Croatia,Croatia,both,187,79,no,3.54,2.95,70.0,9.74,36.36,0.3,0.36,0.0,1.18,1.43,1.77,1,0.3,0,0.0,1.18,0.3,1,0.3,0.22,1,0.3,4,1.18,75.0,25.0,0.0,0.0,0.0,0.0,0.0,0.0,0.0,0.0,0.59,50.0,5.61,47.37,2.07,0.3,0.0,7.97,0.89,2.36,12.1,78.05,2.07,28.57,4.13,92.86,2.36,100.0,12.1,78.05,0.0,0.0,12.7,0.0,0.0,0.3,0.0,0.0,0.0,0.0,0.3,1.48,60.0,0.0,0.0,0.0,0.0,0.59,0.0,0.0,0.0,0,,0,,0,0.0,0.0,0.0,,,0.0,,,0.0,0.0,0.0,0.0,0,0.0
S. Marjanović,,Radnički Niš,"RCMF, RDMF, AMF",38,75000,,29,1656,4,2.64,1,2.16,17.64,51.14,Serbia,Serbia,right,183,78,no,7.07,5.34,56.99,3.28,47.37,0.8,1.24,0.11,3.22,4.94,1.09,2,0.11,0,0.0,2.53,0.22,4,0.23,0.15,2,0.11,41,2.36,29.27,9.756,0.06,3.16,25.45,1.38,29.17,1.67,17.24,0.52,1.44,52.0,5.8,50.5,1.9,1.67,0.57,35.57,1.26,2.24,49.89,78.0,17.53,67.87,7.7,91.04,16.72,81.1,40.29,87.16,6.72,46.15,19.79,33.53,0.12,0.98,0.17,0.0,0.63,45.45,0.23,9.6,64.07,4.77,40.96,1.38,29.17,1.03,0.8,7.76,76.3,0,,0,,0,0.0,0.0,0.0,,,0.17,,,1.78,0.52,11.11,2.01,0,0.0
M. Bojović,Priboj,Mladost Lučani,CF,39,75000,2027-06-30,19,1790,11,13.23,2,0.72,24.54,38.52,Serbia,Serbia,right,187,73,no,3.22,1.36,70.37,12.27,40.57,0.2,0.25,0.2,2.06,2.59,0.96,3,0.15,0,0.0,2.06,0.55,6,0.3,0.67,1,0.05,60,3.02,50.0,18.333,0.1,0.25,40.0,0.1,0.0,0.15,66.67,0.05,0.5,60.0,6.03,33.33,3.32,0.1,0.05,13.53,2.36,2.21,21.72,71.3,5.98,48.74,5.03,96.0,5.33,63.21,19.61,74.36,1.86,43.24,15.62,31.31,0.04,0.4,0.05,0.05,1.01,15.0,0.15,3.62,41.67,1.66,27.27,1.46,17.24,0.7,0.1,2.01,67.5,0,,0,,0,0.0,0.0,0.0,,,0.0,,,0.0,0.0,0.0,0.0,7,71.429
M. Mitrović,Napredak Kruševac,Radnički Kragujevac,"LCB, RCB",38,75000,2027-06-30,14,1297,0,0.06,0,0.01,12.28,62.71,Serbia,Serbia,left,189,78,no,8.05,4.86,64.29,3.75,66.67,0.42,0.55,0.35,4.51,5.95,1.04,3,0.21,0,0.0,0.14,0.0,0,0.0,0.0,0,0.0,2,0.14,0.0,0.0,0.0,0.0,0.0,0.0,0.0,0.0,0.0,0.0,0.14,100.0,1.11,68.75,0.07,0.56,0.07,29.14,0.07,0.62,45.1,87.85,16.31,74.89,4.16,100.0,20.4,95.92,39.69,93.53,5.41,46.15,20.58,34.78,0.0,0.07,0.0,0.0,0.0,0.0,0.0,3.82,50.91,0.14,0.0,0.42,16.67,0.0,0.0,5.69,56.1,0,,0,,0,0.0,0.0,0.0,,,3.26,,,0.0,0.0,0.0,0.0,0,0.0
S. Simović,Radnički Kragujevac,Kolubara,"RCMF, DMF, LCMF",37,75000,2027-06-30,9,573,0,0.26,0,0.17,15.55,56.57,Serbia,"Serbia, Hungary",right,192,90,no,11.62,7.54,66.67,2.83,55.56,0.94,1.13,0.79,5.65,6.79,1.57,2,0.31,1,0.16,1.41,0.0,0,0.0,0.04,0,0.0,3,0.47,0.0,0.0,0.0,0.47,66.67,0.16,0.0,0.31,100.0,0.16,1.41,66.67,3.3,47.62,0.31,0.16,0.0,30.0,0.31,0.63,44.76,83.86,13.19,65.48,6.91,100.0,19.01,88.43,37.54,90.38,6.91,50.0,21.9,44.76,0.03,0.31,0.0,0.0,0.31,50.0,0.16,8.01,60.78,1.73,18.18,1.1,14.29,0.31,0.31,6.6,73.81,0,,0,,0,0.0,0.0,0.0,,,0.63,,,0.0,0.0,0.0,0.0,0,0.0
U. Ljubomirac,,Napredak Kruševac,"RW, RAMF, RB",36,75000,,15,846,0,3.27,0,1.19,26.06,42.04,Serbia,Serbia,right,181,77,no,7.34,7.02,57.58,7.23,42.65,0.0,0.0,0.11,3.3,4.72,1.06,0,0.0,0,0.0,2.77,0.0,0,0.0,0.35,0,0.0,17,1.81,23.53,0.0,0.0,1.28,33.33,0.0,0.0,1.28,33.33,0.0,3.72,51.43,8.94,36.9,4.04,0.96,0.74,20.96,1.28,1.17,32.23,77.23,11.38,64.49,5.85,92.73,8.4,81.01,28.72,82.96,2.34,31.82,14.23,21.52,0.13,1.28,0.0,0.0,0.11,0.0,0.43,3.72,60.0,1.81,52.94,0.96,22.22,1.06,0.32,4.36,73.17,0,,0,,0,0.0,0.0,0.0,,,0.0,,,0.0,0.0,0.0,0.11,0,0.0
V. Mitošević,,Radnik Surdulica,"LDMF, LCMF",35,75000,,3,127,0,0.05,0,0.0,12.76,66.67,Serbia,Serbia,left,173,72,no,9.92,9.21,69.23,0.71,100.0,0.71,0.91,0.0,2.83,3.64,1.42,1,0.71,0,0.0,1.42,0.0,0,0.0,0.03,0,0.0,1,0.71,100.0,0.0,0.0,0.71,100.0,0.71,100.0,0.0,0.0,0.0,0.0,0.0,0.71,0.0,0.0,0.0,0.0,22.68,0.0,0.0,33.31,76.6,16.3,69.57,2.83,100.0,9.21,76.92,29.06,85.37,4.25,16.67,17.82,23.68,0.0,0.0,0.0,0.0,0.71,0.0,0.0,11.34,50.0,2.83,25.0,0.71,0.0,0.0,0.71,5.67,87.5,0,,0,,0,0.0,0.0,0.0,,,0.0,,,0.71,0.0,0.0,0.0,0,0.0
N. Andrič,Mladost Lučani,Radnički Niš,"RB, LCB, RCB",34,75000,,7,477,0,0.03,0,0.4,14.53,55.84,Serbia,Serbia,right,183,72,no,7.74,6.23,63.64,3.4,66.67,0.19,0.27,0.57,3.58,5.04,1.7,1,0.19,1,0.19,0.0,0.0,0,0.0,0.01,0,0.0,1,0.19,0.0,0.0,0.0,0.94,0.0,0.0,0.0,0.94,0.0,0.0,0.0,0.0,2.26,41.67,1.13,0.0,0.0,16.98,0.38,0.75,30.0,72.96,15.09,63.75,1.32,100.0,9.06,83.33,21.32,85.84,7.74,46.34,23.32,34.18,0.08,0.19,0.0,0.0,0.0,0.0,0.19,3.77,60.0,0.94,40.0,0.19,0.0,0.57,0.0,7.36,58.97,0,,0,,0,0.0,0.0,0.0,,,0.57,,,0.0,0.0,0.0,0.0,0,0.0
A. Milić,Dubočica,Radnik Surdulica,"RCMF, LDMF, LCMF",24,75000,,8,348,0,0.15,0,0.0,21.47,57.83,Serbia,Serbia,right,179,68,no,12.67,8.02,64.52,7.24,53.57,1.03,1.79,0.78,6.47,11.19,2.07,1,0.26,0,0.0,0.78,0.0,0,0.0,0.04,0,0.0,5,1.29,0.0,0.0,0.0,0.0,0.0,0.0,0.0,0.0,0.0,0.0,1.29,60.0,3.1,50.0,0.26,0.52,0.26,21.21,0.26,2.59,36.72,82.39,11.9,67.39,6.21,100.0,13.97,88.89,34.4,86.47,2.33,22.22,19.87,21.31,0.0,0.0,0.0,0.0,0.26,0.0,0.0,5.95,65.22,0.26,0.0,0.52,0.0,0.0,0.0,5.17,75.0,0,,0,,0,0.0,0.0,0.0,,,0.52,,,0.0,0.0,0.0,0.0,0,0.0
M. Djurišić,Mornar,Radnički Niš,"DMF, RCMF, LDMF",28,75000,2027-06-01,21,1336,0,0.41,1,1.12,18.26,48.71,Serbia,Serbia,both,182,77,no,8.35,8.02,53.78,2.16,40.63,0.47,0.66,0.27,3.57,5.03,2.16,4,0.27,0,0.0,1.62,0.0,0,0.0,0.03,0,0.0,8,0.54,25.0,0.0,0.07,0.81,58.33,0.34,80.0,0.47,42.86,0.27,1.41,66.67,5.79,54.65,0.34,0.81,0.13,20.88,0.2,1.55,35.84,77.44,13.88,61.65,5.19,93.51,12.46,86.49,29.98,84.72,5.05,37.33,20.55,35.18,0.08,0.81,0.0,0.0,0.61,11.11,0.2,6.4,52.63,1.89,50.0,1.01,20.0,0.47,0.54,6.26,68.82,0,,0,,0,0.0,0.0,0.0,,,0.67,,,0.47,0.07,0.0,1.35,0,0.0
L. Laban,Napredak Kruševac,Napredak Kruševac,"AMF, DMF, LCMF",22,75000,,6,132,0,0.17,0,0.0,21.14,38.71,Serbia,Serbia,right,186,78,no,8.86,8.18,50.0,2.73,25.0,1.36,2.22,0.0,3.41,5.56,3.41,2,1.36,0,0.0,1.36,0.0,0,0.0,0.12,0,0.0,2,1.36,50.0,0.0,0.0,0.68,0.0,0.0,0.0,0.68,0.0,0.0,2.05,33.33,4.09,16.67,0.68,0.68,0.0,11.59,0.68,0.0,25.23,70.27,14.32,66.67,3.41,80.0,4.09,66.67,23.86,74.29,0.68,0.0,14.34,9.29,0.0,0.0,0.0,0.0,0.0,0.0,0.0,2.73,50.0,1.36,0.0,0.0,0.0,0.0,0.0,2.73,75.0,0,,0,,0,0.0,0.0,0.0,,,0.0,,,0.0,0.0,0.0,0.0,0,0.0
M. Abraham,Simba,Spartak Subotica,"AMF, RCMF, LCMF",22,75000,,15,317,0,0.51,0,0.63,26.97,37.89,Tanzania,Tanzania,left,165,60,no,6.53,7.67,48.15,3.12,27.27,0.28,0.46,0.0,2.56,4.15,2.27,2,0.57,0,0.0,3.41,0.0,0,0.0,0.14,0,0.0,8,2.27,0.0,0.0,0.0,1.7,66.67,0.28,100.0,1.42,60.0,0.28,4.26,46.67,12.78,42.22,3.97,1.99,0.85,22.43,1.14,2.27,33.79,83.19,7.67,66.67,7.1,92.0,10.79,86.84,30.38,86.92,1.7,33.33,15.88,11.16,0.18,1.42,0.0,0.0,0.28,100.0,0.57,3.97,71.43,3.97,78.57,0.85,33.33,2.84,0.85,7.1,84.0,0,,0,,0,0.0,0.0,0.0,,,0.0,,,0.28,0.0,0.0,0.28,0,0.0
D. Sadiković,Stupčanica Olovo,Kolubara,"LCMF, DMF, RCMF",31,75000,,29,1661,2,0.76,0,1.14,12.91,42.29,Germany,"Germany, Bosnia and Herzegovina",right,188,79,no,6.08,3.7,56.92,3.13,34.55,0.11,0.14,0.06,3.87,4.77,0.8,2,0.11,0,0.0,1.14,0.11,1,0.06,0.04,0,0.0,13,0.74,23.08,7.692,0.0,0.68,16.67,0.34,16.67,0.34,16.67,0.17,1.36,54.17,3.87,38.24,0.51,0.51,0.23,29.51,0.45,0.91,45.88,81.78,16.72,69.73,4.95,93.1,19.44,89.77,37.86,88.29,7.39,53.85,21.1,36.71,0.06,0.51,0.0,0.0,0.28,40.0,0.11,9.1,65.63,2.22,38.46,1.02,16.67,0.68,0.11,8.7,78.43,0,,0,,0,0.0,0.0,0.0,,,0.57,,,1.08,0.11,100.0,0.85,0,0.0
D. Molls,Östersunds FK,Kolubara,"RCMF, LCMF, DMF",27,75000,,10,349,0,0.0,0,0.0,13.41,55.77,Cameroon,Cameroon,right,183,75,no,7.99,5.67,50.0,1.55,66.67,1.03,1.22,0.77,4.13,4.9,2.06,2,0.52,0,0.0,1.29,0.0,0,0.0,0.0,0,0.0,0,0.0,0.0,0.0,0.0,0.26,100.0,0.0,0.0,0.26,100.0,0.0,1.03,100.0,3.87,60.0,0.0,0.0,0.26,20.11,0.26,1.03,35.33,78.1,12.89,56.0,3.87,100.0,13.93,90.74,30.95,82.5,4.13,43.75,18.55,24.08,0.0,0.0,0.0,0.0,0.0,0.0,0.0,3.87,66.67,0.26,100.0,0.0,0.0,0.26,0.26,7.48,44.83,0,,0,,0,0.0,0.0,0.0,,,0.0,,,0.0,0.0,0.0,0.0,0,0.0
L. Raičević,,Radnički Kragujevac,GK,28,75000,,7,681,0,0.0,0,0.0,0.66,100.0,Serbia,Serbia,right,189,84,no,1.59,0.13,100.0,0.4,100.0,0.0,0.0,0.0,1.45,2.08,0.0,0,0.0,0,0.0,0.0,0.0,0,0.0,0.0,0,0.0,0,0.0,0.0,0.0,0.0,0.0,0.0,0.0,0.0,0.0,0.0,0.0,0.0,0.0,0.0,0.0,0.0,0.0,0.0,13.22,0.0,0.26,20.62,89.1,11.37,82.56,0.13,100.0,8.99,97.06,12.03,97.8,8.59,76.92,30.2,42.26,0.0,0.0,0.0,0.0,0.0,0.0,0.0,0.66,40.0,0.0,0.0,0.0,0.0,0.0,0.0,6.74,80.39,6,0.79,13,1.72,2,53.85,3.44,0.45,-2.56,-0.338,0.0,1.59,0.4,,,,0.0,0,0.0
N. Maksimović,,Mladost Novi Sad,"LCMF, LDMF, DMF",38,50000,,31,2670,6,5.5,0,0.63,15.52,54.61,Serbia,Serbia,right,186,73,no,8.55,5.79,58.43,3.0,59.3,0.56,0.73,0.21,4.6,5.99,1.26,8,0.27,0,0.0,1.33,0.2,1,0.03,0.19,0,0.0,24,0.84,41.67,25.0,0.0,0.63,33.33,0.42,33.33,0.17,40.0,0.0,1.15,54.55,4.01,52.17,0.35,0.87,0.52,25.08,0.14,1.74,42.0,82.81,18.31,73.14,4.78,96.35,13.71,91.6,35.55,89.01,5.83,50.3,18.77,31.76,0.02,0.21,0.07,0.0,0.21,66.67,0.03,8.51,71.72,1.01,55.17,0.49,35.71,0.35,0.24,8.51,73.36,0,,0,,0,0.0,0.0,0.0,,,0.66,,,0.17,0.07,0.0,0.1,5,100.0
M. Adamović,,Javor Ivanjica,"LDMF, LCMF, RDMF",38,50000,,17,1563,0,0.22,0,0.49,15.83,47.27,Serbia,Serbia,right,177,67,no,10.6,8.29,52.08,2.02,42.86,0.63,0.89,0.12,5.64,7.97,2.07,4,0.23,0,0.0,0.63,0.0,0,0.0,0.01,0,0.0,9,0.52,11.11,0.0,0.0,0.63,9.09,0.4,14.29,0.17,0.0,0.06,0.81,57.14,2.3,55.0,0.0,0.63,0.12,24.53,0.17,0.58,42.21,78.72,17.91,65.59,5.53,94.79,13.01,88.05,33.86,85.71,7.72,53.73,20.02,32.79,0.03,0.23,0.0,0.0,0.06,100.0,0.0,7.95,58.7,1.55,29.63,0.86,20.0,0.29,0.06,8.87,71.43,0,,0,,0,0.0,0.0,0.0,,,0.69,,,0.63,0.06,0.0,0.63,0,0.0
I. Tatomirović,Kolubara,Kolubara,"RCB, RB",37,50000,,5,238,0,0.02,0,0.0,15.5,58.54,Serbia,Serbia,right,188,80,no,6.81,5.67,53.33,6.05,62.5,0.0,0.0,0.38,3.78,5.17,0.76,1,0.38,0,0.0,0.76,0.0,0,0.0,0.01,0,0.0,1,0.38,0.0,0.0,0.0,0.38,0.0,0.0,0.0,0.38,0.0,0.0,0.76,100.0,2.27,66.67,0.38,0.0,0.38,19.29,0.38,0.76,34.03,75.56,14.75,56.41,2.65,85.71,15.13,90.0,27.98,86.49,5.67,26.67,20.99,31.12,0.0,0.0,0.0,0.0,0.0,0.0,0.0,1.89,0.0,1.13,0.0,0.0,0.0,0.0,0.0,7.18,47.37,0,,0,,0,0.0,0.0,0.0,,,1.89,,,0.0,0.0,0.0,0.0,0,0.0
J. Tumbasević,Mladost Lučani,Spartak Subotica,"RCMF, RDMF, LCMF",41,50000,,32,2091,2,2.27,2,1.05,19.37,46.44,Serbia,"Serbia, Montenegro",right,179,75,no,8.35,6.76,51.59,4.48,53.85,0.52,0.7,0.17,4.35,5.91,2.02,5,0.22,0,0.0,1.29,0.09,2,0.09,0.1,0,0.0,20,0.86,35.0,10.0,0.09,0.99,21.74,0.34,25.0,0.6,21.43,0.13,1.42,39.39,4.43,31.07,1.51,0.69,0.26,24.15,0.77,0.95,39.51,81.92,12.57,72.95,6.37,95.27,13.47,83.07,34.99,86.1,3.66,55.29,17.62,33.52,0.05,0.69,0.0,0.0,0.26,83.33,0.3,5.64,75.57,1.46,50.0,0.22,100.0,0.65,0.17,6.2,75.0,0,,0,,0,0.0,0.0,0.0,,,0.34,,,0.09,0.09,50.0,0.0,0,0.0
M. Putinčanin,,Napredak Kruševac,"DMF, LCMF, LDMF",38,50000,,27,2467,3,2.69,0,1.14,17.51,53.54,Serbia,Serbia,right,186,76,no,9.74,6.53,60.89,4.89,57.46,0.77,1.04,0.22,5.0,6.78,1.71,8,0.29,1,0.04,1.02,0.11,3,0.11,0.1,3,0.11,29,1.06,31.03,10.345,0.0,0.66,38.89,0.15,75.0,0.51,28.57,0.07,0.4,63.64,2.59,40.85,0.95,0.73,0.29,29.59,0.36,0.88,49.72,80.26,19.7,67.78,6.27,91.86,17.29,89.87,43.19,85.47,5.87,46.58,19.22,34.31,0.04,0.44,0.0,0.0,0.44,41.67,0.18,9.63,64.77,1.86,41.18,1.17,21.88,0.58,0.26,9.12,75.2,0,,0,,0,0.0,0.0,0.0,,,0.36,,,0.11,0.04,0.0,0.0,0,0.0
D. Sekulić,,Mladost Novi Sad,"DMF, RDMF, RCMF",36,50000,,14,716,0,0.33,0,0.0,21.54,51.48,Serbia,Serbia,right,181,75,no,12.24,6.5,70.59,6.63,42.31,0.38,0.55,0.0,7.27,10.36,1.53,1,0.13,0,0.0,1.4,0.0,0,0.0,0.04,0,0.0,6,0.76,16.67,0.0,0.0,1.27,30.0,0.38,33.33,0.89,28.57,0.13,1.53,58.33,4.21,42.42,0.76,1.15,0.51,27.28,0.64,1.15,45.0,75.64,20.65,62.35,4.59,97.22,14.79,89.66,38.37,83.06,5.48,34.88,19.77,29.83,0.0,0.0,0.0,0.0,0.13,0.0,0.0,9.31,58.9,1.78,42.86,0.64,40.0,0.38,0.51,8.67,69.12,0,,0,,0,0.0,0.0,0.0,,,1.02,,,0.13,0.13,0.0,0.0,0,0.0
Eliomar,Javor Ivanjica,Javor Ivanjica,"RAMF, LAMF",38,50000,,27,879,1,0.6,0,1.56,16.28,42.14,Brazil,Brazil,right,175,73,no,5.94,6.04,44.07,3.07,56.67,0.72,1.02,0.0,2.56,3.66,1.84,6,0.61,0,0.0,1.74,0.1,1,0.1,0.06,0,0.0,10,1.02,30.0,10.0,0.0,1.64,43.75,0.51,0.0,1.13,63.64,0.41,1.64,25.0,5.43,35.85,0.92,0.72,0.41,12.39,1.43,1.54,21.71,68.4,9.22,65.56,2.15,95.24,6.14,58.33,16.28,74.21,3.89,55.26,20.83,28.99,0.16,1.13,0.0,0.0,0.51,60.0,0.51,4.1,57.5,2.56,40.0,0.72,28.57,0.51,0.92,5.94,74.14,0,,0,,0,0.0,0.0,0.0,,,0.1,,,1.54,0.2,50.0,2.05,0,0.0
Ž. Udovičić,Mladost Lučani,Mladost Lučani,"LB, LWB, LW",38,50000,2027-06-30,33,2388,1,1.28,1,1.72,10.97,53.95,Serbia,Serbia,left,185,72,no,6.41,4.15,56.36,0.9,58.33,0.0,0.0,0.26,4.07,5.29,0.6,0,0.0,0,0.0,3.77,0.04,1,0.04,0.05,0,0.0,16,0.6,25.0,6.25,0.04,4.37,34.48,4.26,33.63,0.11,66.67,0.26,2.68,74.65,4.52,59.17,0.68,1.66,0.49,22.46,1.36,0.83,33.69,70.02,12.25,63.69,4.75,87.3,11.01,65.75,24.69,81.22,4.97,45.45,18.7,34.04,0.06,0.75,0.0,0.08,0.19,60.0,0.38,5.05,64.18,4.75,38.1,0.41,45.45,0.64,1.39,8.48,71.56,0,,0,,0,0.0,0.0,0.0,,,0.57,,,0.11,0.04,0.0,0.23,0,0.0
S. Stamenković,Mladost Lučani,Mladost Lučani,GK,41,50000,2027-06-30,9,864,0,0.0,0,0.0,0.63,100.0,Serbia,Serbia,right,194,85,no,1.98,0.0,0.0,0.42,100.0,0.0,0.0,0.0,1.98,2.57,0.0,3,0.31,0,0.0,0.0,0.0,0,0.0,0.0,0,0.0,0,0.0,0.0,0.0,0.0,0.0,0.0,0.0,0.0,0.0,0.0,0.0,0.0,0.0,0.21,100.0,0.0,0.0,0.0,3.85,0.0,0.31,10.83,74.04,7.92,65.79,0.0,0.0,2.81,96.3,4.58,90.91,6.25,61.67,41.14,51.43,0.0,0.0,0.0,0.0,0.0,0.0,0.0,1.67,56.25,0.0,0.0,0.0,0.0,0.0,0.0,4.9,70.21,5,0.52,37,3.85,5,86.49,8.38,0.87,3.38,0.352,0.0,1.25,0.42,,,,0.0,0,0.0
N. Vujadinović,,Mladost Novi Sad,"LCB, CB",39,50000,,21,1939,1,1.84,0,0.34,12.95,69.18,Serbia,"Serbia, Bulgaria",left,192,82,no,6.92,3.57,63.64,6.27,74.07,0.32,0.47,0.19,4.32,6.19,1.16,1,0.05,0,0.0,0.28,0.05,1,0.05,0.09,1,0.05,11,0.51,18.18,9.091,0.0,0.05,100.0,0.05,100.0,0.0,0.0,0.0,0.09,100.0,0.93,70.0,0.51,0.56,0.14,21.21,0.05,0.88,38.43,85.87,18.29,75.63,2.69,96.55,14.9,96.57,32.4,90.11,5.99,62.79,21.82,36.8,0.02,0.14,0.0,0.05,0.05,100.0,0.05,5.85,67.46,0.65,64.29,0.28,66.67,0.32,0.05,8.63,72.58,0,,0,,0,0.0,0.0,0.0,,,2.14,,,0.09,0.0,0.0,0.0,0,0.0
N. Nikolić,Kolubara,Kolubara,RCMF,38,50000,,29,2073,0,0.68,1,1.06,18.48,50.74,Serbia,"Serbia, Montenegro",left,188,85,no,7.09,5.49,57.5,2.97,61.54,0.73,0.94,0.09,3.2,4.13,1.55,7,0.3,1,0.04,2.2,0.0,0,0.0,0.03,0,0.0,22,1.01,22.73,0.0,0.05,1.88,31.71,0.23,20.0,1.65,33.33,0.23,2.24,57.14,7.59,46.39,0.09,0.96,0.32,25.38,0.82,1.69,40.15,78.93,15.78,66.96,5.58,93.44,12.8,84.64,31.69,87.45,6.81,51.01,20.33,35.68,0.05,0.69,0.0,0.0,0.23,40.0,0.23,8.05,67.05,2.52,36.36,0.73,31.25,0.59,0.59,8.6,75.53,0,,0,,0,0.0,0.0,0.0,,,0.32,,,0.27,0.0,0.0,0.05,0,0.0
M. Mirić,Polet Ljubić,Mladost Lučani,"CF, LW, LAMF",39,50000,,33,3003,4,7.49,4,1.74,25.65,42.52,Serbia,Serbia,right,193,82,no,5.57,4.02,60.45,7.58,47.43,0.09,0.11,0.06,3.06,3.87,1.8,8,0.24,0,0.0,2.13,0.12,4,0.12,0.22,2,0.06,52,1.56,26.92,7.692,0.12,1.17,25.64,0.48,31.25,0.69,21.74,0.18,2.64,46.59,9.2,33.88,2.73,0.87,0.36,17.68,3.0,1.98,27.15,72.85,8.18,55.68,6.17,90.29,7.61,75.2,24.25,76.76,1.83,47.54,16.42,27.72,0.05,0.6,0.03,0.03,0.57,31.58,0.42,3.6,55.83,2.19,39.73,0.75,32.0,0.99,0.45,3.78,73.02,0,,0,,0,0.0,0.0,0.0,,,0.03,,,0.06,0.06,0.0,0.0,1,0.0
S. Tomanović,,Bačka Topola,"DMF, LCMF, RCMF",36,50000,,15,711,0,0.83,0,0.26,18.1,60.14,Serbia,Serbia,right,193,87,no,9.11,6.96,58.18,5.57,75.0,1.01,1.73,0.38,4.05,6.91,2.28,5,0.63,0,0.0,0.51,0.0,0,0.0,0.1,0,0.0,7,0.89,14.29,0.0,0.0,0.25,50.0,0.13,0.0,0.13,100.0,0.0,0.13,0.0,1.77,28.57,1.01,1.65,0.51,39.37,0.25,0.51,59.75,83.47,20.25,68.13,7.59,95.0,25.19,91.46,54.18,86.92,5.32,50.0,17.73,27.34,0.03,0.38,0.0,0.0,0.63,40.0,0.13,10.51,71.08,0.63,80.0,0.76,16.67,0.38,0.13,9.24,68.49,0,,0,,0,0.0,0.0,0.0,,,1.01,,,0.0,0.0,0.0,0.0,0,0.0
D. Ponjević,Ægir,Radnički Kragujevac,"RB, LB",37,50000,,17,1315,0,0.1,0,0.12,19.16,56.79,Serbia,"Serbia, Bosnia and Herzegovina",left,182,76,no,10.88,9.38,67.88,2.33,50.0,0.48,0.63,0.27,4.04,5.35,1.57,6,0.41,0,0.0,1.85,0.0,0,0.0,0.01,0,0.0,6,0.41,16.67,0.0,0.0,1.64,29.17,0.62,22.22,1.03,33.33,0.14,1.85,59.26,4.52,43.94,0.14,0.75,0.14,21.42,0.41,0.75,35.66,76.01,17.18,66.53,4.72,92.75,9.38,83.21,28.13,84.91,5.95,47.13,18.31,29.56,0.01,0.07,0.07,0.0,0.27,75.0,0.0,5.34,67.95,2.12,35.48,0.48,28.57,0.27,0.41,7.6,71.17,0,,0,,0,0.0,0.0,0.0,,,0.75,,,0.21,0.0,0.0,0.07,0,0.0
Z. Popović,Železničar Pancevo,Čukarički,GK,38,50000,2027-06-30,5,480,0,0.0,0,0.0,0.56,100.0,Serbia,"Serbia, Croatia",right,188,81,no,0.75,0.19,100.0,0.19,100.0,0.0,0.0,0.0,0.56,0.73,0.0,1,0.19,0,0.0,0.0,0.0,0,0.0,0.0,0,0.0,0,0.0,0.0,0.0,0.0,0.0,0.0,0.0,0.0,0.0,0.0,0.0,0.0,0.0,0.19,100.0,0.0,0.0,0.0,9.0,0.19,0.38,13.88,79.73,7.87,71.43,0.0,0.0,5.06,92.59,6.94,91.89,6.94,67.57,30.97,44.47,0.0,0.0,0.0,0.0,0.0,0.0,0.0,0.56,100.0,0.0,0.0,0.0,0.0,0.0,0.0,6.38,64.71,2,0.38,14,2.63,3,85.71,3.82,0.72,1.82,0.341,0.0,1.88,0.19,,,,0.0,0,0.0
O. Milanović,Rudar Prijedor,Mladost Lučani,"LW, LAMF, RAMF",24,50000,2026-06-30,4,80,0,0.05,0,0.02,23.63,38.1,Serbia,Serbia,right,179,70,no,5.63,5.63,80.0,0.0,0.0,0.0,0.0,0.0,1.13,1.88,0.0,0,0.0,0,0.0,3.38,0.0,0,0.0,0.05,0,0.0,1,1.13,0.0,0.0,0.0,0.0,0.0,0.0,0.0,0.0,0.0,0.0,5.63,60.0,13.5,33.33,0.0,3.38,0.0,13.5,0.0,2.25,20.25,83.33,9.0,62.5,4.5,100.0,3.38,100.0,19.13,82.35,1.13,100.0,14.84,7.14,0.03,1.13,0.0,0.0,1.13,0.0,0.0,2.25,100.0,0.0,0.0,0.0,0.0,0.0,0.0,3.38,66.67,0,,0,,0,0.0,0.0,0.0,,,0.0,,,2.25,0.0,0.0,1.13,0,0.0
S. Mihajlović,FK Radnicki Novi Beograd,Radnički Niš,CF,31,50000,,1,20,0,0.0,0,0.0,,,Serbia,Serbia,right,188,83,no,,,,,,,0.0,,,0.0,,0,,0,,,,0,,,0,,0,,,0.0,,,,,,,,,,,,,,,,,,,,,,,,,,,,,,,12.59,0.0,,,,,,,,,,,,,,,,,,0,,0,,0,0.0,0.0,,,,,,,,,,,0,0.0
A. Vidović,Smederevo 1924,Spartak Subotica,"LWB, CF",25,50000,,2,12,0,0.0,0,0.0,,,Bosnia and Herzegovina,"Bosnia and Herzegovina, Serbia",left,182,76,no,,,,,,,0.0,,,30.0,,0,,0,,,,0,,,0,,0,,,0.0,,,,,,,,,,,,,,,,,,,,,,,,,,,,,,,10.64,0.0,,,,,,,,,,,,,,,,,,0,,0,,0,0.0,0.0,,,,,,,,,,,0,0.0
S. Grabež,Sloga Doboj,Javor Ivanjica,LB,35,50000,,13,1192,0,0.77,0,0.07,16.08,60.09,Serbia,Serbia,left,186,80,no,12.01,7.17,68.42,2.72,55.56,0.91,1.18,0.38,6.19,8.09,1.21,5,0.38,0,0.0,1.51,0.0,0,0.0,0.06,0,0.0,4,0.3,0.0,0.0,0.0,2.19,24.14,2.11,25.0,0.08,0.0,0.38,1.89,52.0,3.25,60.47,1.13,1.13,0.3,11.93,0.68,1.21,23.63,71.25,10.95,62.76,3.32,95.45,5.74,71.05,17.89,81.43,3.62,50.0,20.18,37.54,0.01,0.15,0.0,0.0,0.15,0.0,0.0,3.02,40.0,1.89,24.0,0.15,0.0,0.08,0.45,4.76,66.67,0,,0,,0,0.0,0.0,0.0,,,0.76,,,0.0,0.0,0.0,0.15,0,0.0
D. Bureković,Čelik,Spartak Subotica,"LB, LCB",31,50000,,3,115,0,0.0,0,0.0,15.65,50.0,Bosnia and Herzegovina,Bosnia and Herzegovina,left,178,73,no,9.39,8.61,45.45,3.13,50.0,0.78,1.0,0.0,4.7,6.0,2.35,0,0.0,0,0.0,0.78,0.0,0,0.0,0.0,0,0.0,0,0.0,0.0,0.0,0.0,2.35,0.0,2.35,0.0,0.0,0.0,0.0,1.57,50.0,3.13,75.0,0.0,0.0,0.0,11.74,0.78,0.78,17.22,63.64,7.04,55.56,0.78,100.0,5.48,71.43,11.74,80.0,3.91,40.0,21.75,32.83,0.0,0.0,0.0,0.0,0.0,0.0,0.0,3.91,80.0,0.78,0.0,0.0,0.0,0.0,0.0,3.91,60.0,0,,0,,0,0.0,0.0,0.0,,,0.0,,,0.0,0.0,0.0,1.57,0,0.0
M. Vučić,Mornar,Novi Pazar,"LB, LW",29,50000,,3,51,0,0.0,0,0.0,15.88,55.56,Montenegro,Montenegro,left,175,68,no,8.82,12.35,57.14,1.76,0.0,0.0,0.0,0.0,1.76,3.0,1.76,0,0.0,0,0.0,0.0,0.0,0,0.0,0.0,0,0.0,0,0.0,0.0,0.0,0.0,0.0,0.0,0.0,0.0,0.0,0.0,0.0,0.0,0.0,0.0,0.0,0.0,0.0,0.0,19.41,0.0,0.0,35.29,75.0,17.65,60.0,0.0,0.0,7.06,100.0,31.76,77.78,3.53,50.0,13.49,9.7,0.0,0.0,0.0,0.0,0.0,0.0,0.0,1.76,100.0,1.76,100.0,0.0,0.0,1.76,0.0,8.82,60.0,0,,0,,0,0.0,0.0,0.0,,,0.0,,,0.0,0.0,0.0,0.0,0,0.0
S. Šćepanović,,Spartak Subotica,"LCMF, RCMF, LDMF",27,50000,,9,334,0,0.09,0,0.14,20.48,42.11,Serbia,Serbia,right,182,77,no,7.54,4.31,43.75,3.77,35.71,1.62,2.31,0.27,4.04,5.77,2.43,2,0.54,0,0.0,2.96,0.0,0,0.0,0.03,0,0.0,3,0.81,33.33,0.0,0.0,1.62,33.33,1.08,25.0,0.54,50.0,0.27,3.23,58.33,8.08,50.0,0.27,1.89,1.35,23.98,0.27,3.5,38.26,80.28,12.13,80.0,5.93,95.45,14.55,77.78,31.53,88.89,5.12,42.11,17.02,25.32,0.04,0.81,0.0,0.0,0.27,100.0,0.0,8.08,80.0,1.35,40.0,0.27,100.0,0.0,0.54,6.74,72.0,0,,0,,0,0.0,0.0,0.0,,,0.0,,,0.0,0.0,0.0,0.0,0,0.0
M. Savković,Kolubara,Mladost Novi Sad,"LW, RWB",34,50000,,3,84,0,0.03,0,0.0,17.14,37.5,Serbia,"Serbia, North Macedonia",right,176,70,no,6.43,4.29,50.0,6.43,16.67,1.07,2.31,0.0,3.21,6.92,1.07,0,0.0,0,0.0,3.21,0.0,0,0.0,0.03,0,0.0,1,1.07,0.0,0.0,0.0,2.14,100.0,2.14,100.0,0.0,0.0,0.0,2.14,50.0,5.36,60.0,1.07,0.0,0.0,17.14,0.0,1.07,24.64,86.96,3.21,66.67,6.43,100.0,6.43,83.33,19.29,94.44,3.21,33.33,14.84,5.89,0.0,0.0,0.0,0.0,0.0,0.0,0.0,3.21,33.33,1.07,100.0,0.0,0.0,0.0,2.14,4.29,75.0,0,,0,,0,0.0,0.0,0.0,,,0.0,,,0.0,0.0,0.0,0.0,0,0.0
M. Maletić,Città di Acireale,Javor Ivanjica,"CF, AMF",32,50000,2027-06-30,14,295,0,0.14,0,0.04,31.73,37.5,Bosnia and Herzegovina,"Bosnia and Herzegovina, Netherlands",left,196,88,no,7.32,5.49,72.22,12.81,40.48,0.31,0.54,0.31,3.05,5.36,4.27,2,0.61,0,0.0,2.14,0.0,0,0.0,0.04,0,0.0,1,0.31,100.0,0.0,0.0,1.83,50.0,1.22,50.0,0.61,50.0,0.0,1.83,33.33,7.02,26.09,1.83,0.31,0.0,14.03,3.66,0.61,25.93,68.24,4.88,56.25,7.32,79.17,6.1,65.0,22.27,72.6,2.14,42.86,15.75,12.27,0.01,0.61,0.0,0.0,0.31,100.0,0.31,2.44,37.5,0.92,33.33,0.0,0.0,0.0,0.0,2.44,62.5,0,,0,,0,0.0,0.0,0.0,,,0.0,,,0.0,0.0,0.0,0.0,0,0.0
N. Vasiljević,Kolubara,Kolubara,"CB, RCB, LCB",35,50000,,15,1008,1,0.13,0,0.18,11.44,56.25,Serbia,Serbia,left,189,80,no,8.4,3.22,63.89,6.08,51.47,0.09,0.11,0.45,6.26,7.69,0.8,1,0.09,0,0.0,0.27,0.09,1,0.09,0.01,1,0.09,2,0.18,50.0,50.0,0.0,0.0,0.0,0.0,0.0,0.0,0.0,0.0,0.27,66.67,0.63,42.86,0.45,0.27,0.0,19.22,0.27,0.54,30.21,78.11,14.93,62.28,0.71,87.5,12.78,96.5,23.59,86.74,6.61,47.3,28.85,30.32,0.02,0.18,0.0,0.0,0.0,0.0,0.18,3.66,43.9,0.18,50.0,0.45,20.0,0.36,0.0,6.43,55.56,0,,0,,0,0.0,0.0,0.0,,,0.54,,,0.09,0.0,0.0,0.0,0,0.0
D. Daničić,Priboj,Voždovac,LB,26,50000,,10,451,0,0.0,0,0.0,16.36,59.76,Croatia,"Croatia, Serbia",left,186,0,no,12.77,9.58,68.75,3.59,50.0,0.0,0.0,0.6,6.19,9.49,1.2,1,0.2,0,0.0,1.6,0.0,0,0.0,0.0,0,0.0,1,0.2,0.0,0.0,0.0,1.8,33.33,1.8,33.33,0.0,0.0,0.2,1.2,83.33,2.0,50.0,0.4,0.2,0.0,18.56,2.0,0.2,34.12,74.27,14.77,60.81,5.19,84.62,8.78,86.36,26.94,81.48,5.39,51.85,18.87,18.99,0.0,0.0,0.0,0.0,0.0,0.0,0.0,3.79,63.16,1.4,42.86,0.4,0.0,0.0,0.8,9.38,57.45,0,,0,,0,0.0,0.0,0.0,,,0.6,,,0.2,0.0,0.0,0.0,0,0.0
L. Savić,Loznica,Mladost Lučani,GK,25,50000,2026-12-31,5,459,0,0.0,0,0.0,0.98,100.0,Serbia,Serbia,left,202,85,no,1.18,0.0,0.0,0.39,100.0,0.0,0.0,0.0,1.18,1.46,0.0,0,0.0,0,0.0,0.0,0.0,0,0.0,0.0,0,0.0,0,0.0,0.0,0.0,0.0,0.0,0.0,0.0,0.0,0.0,0.0,0.0,0.0,0.0,0.0,0.0,0.0,0.0,0.0,4.51,0.0,0.2,11.37,79.31,7.84,75.0,0.0,0.0,2.94,86.67,4.9,96.0,6.47,66.67,35.39,46.32,0.0,0.0,0.0,0.0,0.0,0.0,0.0,1.37,71.43,0.0,0.0,0.0,0.0,0.0,0.0,4.71,79.17,10,1.96,24,4.71,0,58.33,7.24,1.42,-2.76,-0.541,0.0,0.98,0.39,,,,0.0,0,0.0
A. Varjačić,Mladost Lučani,Mladost Lučani,"RB, RWB",35,50000,,15,989,1,0.63,0,1.24,17.56,51.81,Serbia,Serbia,right,187,75,no,6.1,4.28,53.19,2.37,42.31,1.09,1.37,0.18,2.73,3.42,0.73,0,0.0,0,0.0,4.73,0.09,1,0.09,0.06,0,0.0,9,0.82,22.22,11.111,0.0,4.82,33.96,0.0,0.0,4.82,33.96,0.46,5.1,57.14,9.28,53.92,1.46,3.28,1.64,16.11,0.82,2.0,24.93,69.34,9.28,61.76,3.64,97.5,6.55,61.11,16.65,81.97,3.64,57.5,17.18,29.21,0.11,1.0,0.09,0.0,0.0,0.0,0.27,2.91,46.88,3.73,41.46,0.0,0.0,0.36,1.55,4.91,79.63,0,,0,,0,0.0,0.0,0.0,,,0.27,,,0.64,0.0,0.0,1.27,0,0.0
B. Tomić,Borac Čačak,Radnički Niš,"RW, RAMF, RWF",31,50000,,11,294,0,0.35,0,0.04,10.69,48.39,Serbia,"Serbia, Bosnia and Herzegovina",right,178,68,no,3.79,2.41,57.14,2.41,57.14,0.0,0.0,0.0,2.41,3.13,0.34,1,0.31,0,0.0,1.72,0.0,0,0.0,0.12,0,0.0,6,2.07,33.33,0.0,0.0,4.48,7.69,0.34,0.0,4.14,8.33,0.69,1.38,50.0,3.79,45.45,2.07,1.72,1.03,19.31,2.76,1.03,26.21,64.47,7.59,72.73,5.52,75.0,7.59,40.91,19.31,78.57,3.1,55.56,17.22,27.09,0.01,0.34,0.0,0.0,0.69,0.0,0.0,2.07,66.67,2.76,12.5,1.72,20.0,0.34,0.0,3.1,66.67,0,,0,,0,0.0,0.0,0.0,,,0.34,,,0.0,0.0,0.0,0.34,0,0.0
M. Ostojić,OFK Vršac,Spartak Subotica,"LCB, RCB",34,50000,2027-06-30,25,2134,0,0.64,0,0.02,12.65,58.33,Serbia,Serbia,right,185,80,no,8.27,5.52,56.49,4.98,63.56,0.38,0.49,0.93,4.77,6.1,1.52,4,0.17,0,0.0,0.34,0.0,0,0.0,0.03,0,0.0,5,0.21,60.0,0.0,0.0,0.08,0.0,0.0,0.0,0.08,0.0,0.0,0.25,83.33,0.76,55.56,0.3,0.34,0.0,18.43,0.21,0.3,32.56,82.12,14.68,70.4,1.1,88.46,14.04,93.09,27.16,88.82,5.31,49.21,22.83,37.55,0.0,0.08,0.0,0.0,0.0,0.0,0.0,4.43,57.14,0.46,18.18,0.17,0.0,0.08,0.0,6.92,66.46,0,,0,,0,0.0,0.0,0.0,,,0.76,,,0.04,0.0,0.0,0.0,0,0.0
N. Perović,Dnepr Mogilev Res.,Mladost Lučani,LWB,24,50000,2027-12-31,1,8,0,0.0,0,0.0,,,Serbia,Serbia,left,0,0,no,,,,,,,0.0,,,30.0,,0,,0,,,,0,,,0,,0,,,0.0,,,,,,,,,,,,,,,,,,,,,,,,,,,,,,,4.67,0.0,,,,,,,,,,,,,,,,,,0,,0,,0,0.0,0.0,,,,,,,,,,,0,0.0
N. Filipović,Voždovac,Bačka Topola,GK,39,25000,,2,193,0,0.0,0,0.0,2.33,60.0,Serbia,Serbia,right,191,90,no,0.47,0.0,0.0,1.87,75.0,0.0,0.0,0.0,0.47,0.77,0.0,0,0.0,0,0.0,0.0,0.0,0,0.0,0.0,0,0.0,0,0.0,0.0,0.0,0.0,0.0,0.0,0.0,0.0,0.0,0.0,0.0,0.0,0.0,0.0,0.0,0.0,0.0,0.0,12.59,0.0,0.47,17.25,89.19,12.12,84.62,0.0,0.0,4.66,100.0,7.93,100.0,9.33,80.0,35.47,48.29,0.0,0.0,0.0,0.0,0.0,0.0,0.0,1.4,66.67,0.0,0.0,0.0,0.0,0.0,0.0,7.46,87.5,1,0.47,6,2.8,1,83.33,1.98,0.92,0.98,0.457,0.0,2.33,1.87,,,,0.0,0,0.0
N. Belić,Radnički Obrenovac,Čukarički,GK,39,25000,,19,1794,0,0.0,0,0.0,0.65,76.92,Serbia,Serbia,right,188,87,no,0.85,0.1,100.0,0.3,83.33,0.0,0.0,0.0,0.75,0.97,0.0,1,0.05,0,0.0,0.05,0.0,0,0.0,0.0,0,0.0,0,0.0,0.0,0.0,0.0,0.0,0.0,0.0,0.0,0.0,0.0,0.0,0.05,100.0,0.2,75.0,0.0,0.0,0.0,9.48,0.05,0.05,14.8,84.75,7.93,74.05,0.05,100.0,6.12,98.36,9.18,98.36,5.57,63.06,31.65,43.1,0.0,0.0,0.0,0.0,0.0,0.0,0.0,1.0,45.0,0.05,0.0,0.0,0.0,0.0,0.0,4.01,71.25,17,0.85,62,3.11,10,72.58,17.21,0.86,0.21,0.011,0.05,0.75,0.3,,,,0.0,0,0.0
V. Radivojević,Leśnica,Mladost Lučani,"AMF, RCMF, LCMF",40,25000,,29,1815,4,1.6,1,2.85,16.86,39.71,Serbia,Serbia,right,179,76,no,5.06,3.42,62.32,2.63,24.53,0.1,0.13,0.15,2.83,3.79,0.99,4,0.2,0,0.0,2.23,0.2,4,0.2,0.08,0,0.0,13,0.64,53.85,30.769,0.05,2.13,37.21,0.99,35.0,1.14,39.13,0.3,1.79,47.22,7.59,35.29,2.28,0.79,0.05,26.28,1.39,1.34,39.57,73.31,14.73,63.97,6.2,88.8,11.01,77.03,32.93,78.61,4.51,51.65,18.43,29.06,0.14,1.04,0.1,0.05,0.79,31.25,0.5,8.53,63.37,3.57,59.72,1.39,46.43,1.74,0.84,8.43,76.47,0,,0,,0,0.0,0.0,0.0,,,0.0,,,0.15,0.0,0.0,0.25,0,0.0
D. Salihović,,Javor Ivanjica,"RAMF, LCMF, RCMF",24,25000,,3,35,0,0.0,0,0.0,,,Serbia,"Serbia, Germany",left,0,0,no,,,,,,,0.0,,,7.5,,0,,0,,,,0,,,0,,0,,,0.0,,,,,,,,,,,,,,,,,,,,,,,,,,,,,,,15.93,16.56,,,,,,,,,,,,,,,,,,0,,0,,0,0.0,0.0,,,,,,,,,,,0,0.0
M. Džugurdić,Inđija,Napredak Kruševac,LCMF,33,25000,,1,30,0,0.85,0,0.0,,,Serbia,Serbia,right,179,75,no,,,,,,,0.0,,,10.0,,0,,0,,,,0,,,0,,3,,,0.0,,,,,,,,,,,,,,,,,,,,,,,,,,,,,,,8.68,0.0,,,,,,,,,,,,,,,,,,0,,0,,0,0.0,0.0,,,,,,,,,,,1,0.0
U. Vidović,,Radnički Kragujevac,"RCMF, LCMF",32,25000,,9,148,0,0.0,0,0.0,15.81,53.85,Serbia,Serbia,right,176,78,no,7.91,3.65,83.33,3.04,40.0,0.61,1.2,0.61,4.26,8.4,1.22,0,0.0,0,0.0,0.61,0.0,0,0.0,0.0,0,0.0,0,0.0,0.0,0.0,0.0,1.22,0.0,0.0,0.0,0.61,0.0,0.0,0.61,100.0,3.04,40.0,0.61,0.61,0.61,30.41,0.0,0.0,49.26,85.19,13.99,82.61,10.34,88.24,15.81,92.31,46.22,88.16,1.82,66.67,12.52,7.36,0.0,0.0,0.0,0.0,0.0,0.0,0.0,5.47,66.67,0.0,0.0,0.0,0.0,0.0,0.0,6.69,54.55,0,,0,,0,0.0,0.0,0.0,,,1.22,,,0.0,0.0,0.0,0.0,0,0.0
V. Ubiparip,,Spartak Subotica,CF,38,10000,,17,509,1,1.96,1,0.48,19.63,36.94,Serbia,"Serbia, Bosnia and Herzegovina",right,180,72,no,2.3,2.12,50.0,6.01,35.29,0.18,0.29,0.0,1.06,1.76,1.77,1,0.18,0,0.0,1.24,0.18,1,0.18,0.35,1,0.18,14,2.48,42.86,7.143,0.18,0.35,0.0,0.0,0.0,0.35,0.0,0.0,0.18,100.0,5.66,40.63,4.24,0.18,0.0,12.55,1.77,0.88,19.63,71.17,3.89,50.0,4.95,85.71,6.01,76.47,18.57,72.38,0.71,75.0,15.1,6.81,0.08,0.53,0.0,0.18,0.0,0.0,0.35,1.77,40.0,0.53,33.33,0.0,0.0,0.88,0.0,1.59,44.44,0,,0,,0,0.0,0.0,0.0,,,0.0,,,0.18,0.18,0.0,0.18,0,0.0
N. Milić,,Mladost Novi Sad,CF,36,0,,17,1262,3,1.96,0,1.89,40.36,33.92,Serbia,Serbia,right,186,82,no,4.92,4.78,50.75,18.04,36.36,0.43,0.57,0.07,2.07,2.76,2.21,3,0.21,0,0.0,2.35,0.21,3,0.21,0.14,2,0.14,19,1.35,42.11,15.789,0.0,0.71,60.0,0.14,100.0,0.5,42.86,0.21,1.93,55.56,11.55,26.54,4.21,0.5,0.57,9.2,1.93,2.21,20.32,75.79,5.63,70.89,4.35,88.52,4.35,81.97,19.26,77.04,0.36,40.0,13.61,10.76,0.14,1.07,0.0,0.0,0.43,66.67,0.29,2.35,78.79,1.0,64.29,0.36,60.0,0.93,0.43,2.21,67.74,0,,0,,0,0.0,0.0,0.0,,,0.0,,,0.0,0.0,0.0,0.0,0,0.0
I. Radovanović,,Mladost Lučani,LCMF,40,0,,1,84,0,0.01,0,0.0,24.64,47.83,Bosnia and Herzegovina,Bosnia and Herzegovina,right,190,81,no,15.0,9.64,44.44,6.43,83.33,2.14,1.94,1.07,8.57,7.74,3.21,1,1.07,0,0.0,0.0,0.0,0,0.0,0.01,0,0.0,1,1.07,0.0,0.0,0.0,0.0,0.0,0.0,0.0,0.0,0.0,0.0,1.07,0.0,4.29,25.0,2.14,0.0,0.0,4.29,0.0,1.07,9.64,66.67,2.14,50.0,0.0,0.0,2.14,100.0,8.57,75.0,1.07,0.0,17.75,53.19,0.0,0.0,0.0,0.0,0.0,0.0,0.0,2.14,50.0,0.0,0.0,0.0,0.0,1.07,0.0,3.21,33.33,0,,0,,0,0.0,0.0,0.0,,,0.0,,,0.0,0.0,0.0,0.0,0,0.0
M. Djurić,Temnić 1924,Javor Ivanjica,"AMF, LCMF, LDMF",38,0,,12,624,0,0.39,1,0.29,14.13,43.88,Serbia,Serbia,right,185,82,no,4.33,5.48,42.11,1.3,55.56,0.29,0.42,0.0,1.73,2.5,1.44,0,0.0,0,0.0,2.31,0.0,0,0.0,0.06,0,0.0,9,1.3,33.33,0.0,0.14,2.31,43.75,0.87,50.0,1.44,40.0,0.43,1.73,41.67,4.9,41.18,0.29,1.01,0.29,31.44,1.59,1.3,46.59,74.61,19.62,61.76,4.62,93.75,16.59,81.74,38.37,80.08,6.06,52.38,18.58,35.42,0.04,0.58,0.0,0.0,0.29,50.0,0.29,10.24,60.56,3.32,34.78,0.87,16.67,0.58,0.87,11.68,76.54,0,,0,,0,0.0,0.0,0.0,,,0.0,,,1.01,0.14,100.0,2.6,0,0.0
M. Milovanović,Sloga Kraljevo,Mladost Novi Sad,"LCB, CB",38,0,,10,622,0,0.39,0,0.0,14.89,56.82,Serbia,Serbia,left,186,80,no,9.81,7.44,63.64,3.21,42.11,1.18,1.69,0.68,3.89,5.56,2.2,4,0.58,1,0.14,0.0,0.0,0,0.0,0.07,0,0.0,3,0.51,0.0,0.0,0.0,0.17,0.0,0.17,0.0,0.0,0.0,0.0,0.0,0.0,0.68,50.0,0.51,0.34,0.34,21.15,0.51,0.85,35.02,86.47,17.09,78.22,1.52,100.0,14.38,95.29,30.11,92.7,4.74,50.0,21.89,30.11,0.0,0.0,0.0,0.0,0.0,0.0,0.0,3.21,78.95,0.0,0.0,0.17,0.0,0.0,0.0,7.61,71.11,0,,0,,0,0.0,0.0,0.0,,,1.35,,,0.34,0.0,0.0,0.0,0,0.0
N. Krstičić,,Crvena Zvezda,"RDMF, AMF, DMF",36,0,,4,118,0,0.24,0,0.16,16.78,54.55,Serbia,Serbia,left,182,0,no,9.15,6.86,77.78,3.05,0.0,0.76,1.76,0.0,3.05,7.06,0.76,0,0.0,0,0.0,0.76,0.0,0,0.0,0.18,0,0.0,2,1.53,0.0,0.0,0.0,0.76,0.0,0.76,0.0,0.0,0.0,0.0,0.76,100.0,3.05,75.0,4.58,1.53,0.0,20.59,0.76,1.53,31.27,87.8,7.63,90.0,4.58,83.33,12.97,94.12,27.46,88.89,3.05,100.0,18.04,22.15,0.12,0.76,0.0,0.0,0.0,0.0,0.0,3.05,100.0,1.53,100.0,0.76,100.0,1.53,0.0,5.34,100.0,0,,0,,0,0.0,0.0,0.0,,,0.0,,,0.0,0.0,0.0,0.0,0,0.0
D. Puškarić,Mladost Bački Jarak,Čukarički,"LCB, RCB",40,0,,7,578,0,0.01,0,0.0,15.73,65.35,Serbia,Serbia,right,184,80,no,9.19,6.85,81.82,3.89,72.0,0.0,0.0,0.16,3.58,4.63,0.62,0,0.0,0,0.0,0.31,0.0,0,0.0,0.0,0,0.0,1,0.16,0.0,0.0,0.0,0.31,0.0,0.16,0.0,0.16,0.0,0.16,0.47,33.33,1.4,44.44,0.16,0.78,0.47,25.22,0.31,0.62,39.86,83.2,19.15,74.8,2.65,94.12,13.55,93.1,31.92,88.78,7.63,63.27,23.04,40.58,0.0,0.0,0.0,0.0,0.47,33.33,0.0,8.25,69.81,0.62,25.0,1.09,28.57,0.16,0.0,9.19,71.19,0,,0,,0,0.0,0.0,0.0,,,1.09,,,0.0,0.0,0.0,0.16,0,0.0
N. Andrić,,Kolubara,"LW, CF, AMF",39,0,,9,170,0,0.0,0,0.0,20.3,35.14,Serbia,"Serbia, Hungary",right,181,68,no,3.29,5.49,40.0,4.94,22.22,0.0,0.0,0.0,1.1,1.4,1.65,0,0.0,0,0.0,3.84,0.0,0,0.0,0.0,0,0.0,1,0.55,0.0,0.0,0.0,1.65,66.67,1.65,66.67,0.0,0.0,0.55,3.29,83.33,8.78,43.75,2.2,1.65,0.55,15.91,0.55,0.55,24.15,72.73,7.13,53.85,2.74,100.0,9.88,77.78,20.85,76.32,1.65,33.33,16.84,12.71,0.0,0.0,0.0,0.0,0.0,0.0,0.0,4.39,37.5,1.1,100.0,0.55,0.0,0.0,1.1,2.74,60.0,0,,0,,0,0.0,0.0,0.0,,,0.0,,,0.0,0.0,0.0,0.0,0,0.0
I. Milošević,,Mladost Lučani,"RCB, CB",41,0,,23,2086,1,0.99,0,0.29,13.2,59.48,Serbia,Serbia,left,184,76,no,10.92,6.04,62.14,3.93,59.34,0.47,0.61,0.73,6.69,8.6,1.34,8,0.35,1,0.04,0.6,0.04,0,0.0,0.04,0,0.0,4,0.17,75.0,25.0,0.0,0.09,50.0,0.0,0.0,0.09,50.0,0.0,0.56,76.92,1.21,57.14,0.26,0.73,0.04,16.91,0.17,0.52,34.52,81.63,18.42,73.54,2.16,90.0,11.17,94.21,25.93,88.69,8.5,60.41,22.23,33.27,0.01,0.04,0.0,0.0,0.04,0.0,0.04,4.1,63.16,0.26,33.33,0.22,40.0,0.13,0.0,9.36,67.74,0,,0,,0,0.0,0.0,0.0,,,1.47,,,0.0,0.0,0.0,0.0,1,100.0
D. Stanojević,,Mladost Lučani,CB,39,0,,5,314,0,0.09,0,0.0,11.46,62.5,Serbia,Serbia,left,186,0,no,6.59,4.59,62.5,3.44,66.67,0.57,0.75,1.15,3.15,4.13,0.86,1,0.29,0,0.0,0.29,0.0,0,0.0,0.03,0,0.0,1,0.29,100.0,0.0,0.0,0.0,0.0,0.0,0.0,0.0,0.0,0.0,0.0,0.0,0.29,0.0,0.57,0.0,0.0,22.36,0.29,0.29,33.54,88.03,10.89,76.32,0.86,66.67,20.64,94.44,29.24,93.14,4.3,53.33,17.11,25.11,0.0,0.0,0.0,0.0,0.0,0.0,0.0,3.73,69.23,0.86,0.0,0.57,0.0,0.0,0.0,4.87,58.82,0,,0,,0,0.0,0.0,0.0,,,0.57,,,0.0,0.0,0.0,0.0,0,0.0
N. Tomić,,Mladost Lučani,"LW, LCMF, AMF",38,0,,25,1514,4,2.98,4,3.99,17.12,48.61,Serbia,Serbia,right,179,70,no,3.75,4.04,57.35,1.43,45.83,0.18,0.23,0.0,1.25,1.62,1.07,1,0.06,0,0.0,3.63,0.24,2,0.12,0.18,0,0.0,20,1.19,25.0,20.0,0.24,3.09,32.69,2.14,27.78,0.95,43.75,0.54,3.09,63.46,10.17,45.61,0.77,0.95,0.06,22.29,1.78,2.26,32.87,76.67,10.64,63.69,6.72,94.69,10.4,78.86,25.26,87.53,4.7,46.84,20.25,35.84,0.24,1.66,0.06,0.06,0.48,75.0,0.59,6.0,64.36,3.98,41.79,1.07,38.89,0.89,0.95,7.07,82.35,0,,0,,0,0.0,0.0,0.0,,,0.06,,,1.37,0.18,33.33,2.26,2,100.0
N. Adamović,,Mladost Lučani,"LAMF, AMF, RCMF",37,0,,11,508,1,0.05,0,0.24,15.94,48.89,Serbia,Serbia,right,170,68,no,6.02,4.78,62.96,2.48,14.29,0.18,0.22,0.18,2.83,3.45,0.71,0,0.0,0,0.0,1.95,0.18,1,0.18,0.01,0,0.0,3,0.53,33.33,33.333,0.0,1.42,37.5,0.89,40.0,0.53,33.33,0.0,1.95,63.64,4.78,40.74,1.06,0.71,0.0,14.0,1.77,0.71,26.04,77.55,8.33,70.21,3.54,90.0,8.68,77.55,22.85,82.17,1.77,50.0,16.51,14.04,0.04,0.71,0.35,0.0,0.0,0.0,0.18,3.9,63.64,1.42,62.5,0.0,0.0,0.35,0.53,4.78,74.07,0,,0,,0,0.0,0.0,0.0,,,0.0,,,0.0,0.0,0.0,0.0,0,0.0
M. Filipović,,Novi Pazar,"LW, LAMF",36,0,,26,1691,2,2.35,5,3.2,19.78,47.32,Serbia,"Serbia, Montenegro",right,178,69,no,5.71,4.71,60.0,1.94,30.3,0.29,0.39,0.12,2.59,3.41,0.71,3,0.16,0,0.0,5.24,0.11,2,0.12,0.14,0,0.0,42,2.47,45.24,4.762,0.29,3.59,24.59,2.88,28.57,0.71,8.33,0.82,4.94,59.52,10.12,50.58,1.59,1.59,0.71,15.78,1.53,2.88,23.19,66.24,6.77,56.52,4.89,91.57,6.89,59.83,16.89,80.84,2.77,29.79,20.3,25.7,0.19,1.29,0.06,0.0,0.47,62.5,0.41,3.12,54.72,4.12,32.86,0.94,37.5,0.65,1.0,4.65,72.15,0,,0,,0,0.0,0.0,0.0,,,0.06,,,1.12,0.18,33.33,1.88,0,0.0
D. Dundjerski,,Mladost Lučani,"RB, RWB",24,0,,7,514,1,0.46,0,1.21,16.98,53.61,Italy,"Italy, Serbia",unknown,183,0,no,11.03,9.63,58.18,1.75,60.0,0.7,0.86,0.35,4.73,5.83,1.75,3,0.53,0,0.0,3.15,0.18,1,0.18,0.08,0,0.0,5,0.88,40.0,20.0,0.0,2.8,56.25,0.7,50.0,2.1,58.33,0.18,1.23,57.14,3.15,55.56,0.35,0.18,0.18,14.53,1.23,1.4,24.34,68.35,12.26,64.29,2.1,100.0,7.0,70.0,14.88,78.82,6.65,50.0,22.89,28.49,0.21,1.05,0.18,0.0,0.88,60.0,0.7,5.08,55.17,2.8,56.25,1.05,50.0,0.18,1.4,8.75,74.0,0,,0,,0,0.0,0.0,0.0,,,0.35,,,0.0,0.0,0.0,0.53,0,0.0
D. Jovanovic,Radnički Kragujevac,Radnički Kragujevac,"CF, LW, RWF",20,0,,17,518,0,0.28,0,0.57,26.41,32.89,Serbia,Serbia,right,187,79,no,6.78,7.3,40.48,5.04,27.59,1.22,1.44,0.0,2.61,3.08,3.3,4,0.69,0,0.0,2.78,0.0,0,0.0,0.05,0,0.0,4,0.69,25.0,0.0,0.0,2.61,26.67,0.87,20.0,1.74,30.0,0.35,4.17,45.83,9.9,31.58,2.78,1.22,0.69,9.21,2.08,2.43,12.68,67.12,1.91,63.64,3.3,89.47,3.3,57.89,9.9,78.95,0.52,0.0,19.88,5.55,0.1,0.52,0.0,0.0,0.0,0.0,0.52,0.17,100.0,1.22,28.57,0.0,0.0,0.52,0.52,1.74,50.0,0,,0,,0,0.0,0.0,0.0,,,0.0,,,0.0,0.0,0.0,0.0,0,0.0
L. Slavković,,Radnički Kragujevac,,26,0,,1,1,0,0.0,0,0.0,,,Serbia,Serbia,,0,0,no,,,,,,,0.0,,,0.0,,0,,0,,,,0,,,0,,0,,,0.0,,,,,,,,,,,,,,,,,,,,,,,,,,,,,,,0.0,0.0,,,,,,,,,,,,,,,,,,0,,0,,0,0.0,0.0,,,,,,,,,,,0,0.0
T. Gall,,Mladost Novi Sad,"RAMF, RW, AMF",29,0,,7,337,1,0.76,1,0.21,24.84,43.01,Serbia,Serbia,unknown,0,0,no,7.48,6.14,56.52,3.74,42.86,0.0,0.0,0.0,4.01,5.0,1.6,2,0.53,0,0.0,4.54,0.27,1,0.27,0.2,0,0.0,12,3.2,50.0,8.333,0.27,1.87,14.29,0.27,0.0,1.6,16.67,0.0,5.34,50.0,10.42,35.9,2.4,0.27,0.0,12.82,1.87,1.34,18.69,67.14,6.14,65.22,4.27,87.5,4.54,58.82,15.49,77.59,1.87,14.29,15.92,21.32,0.05,0.8,0.0,0.27,0.27,0.0,0.27,0.53,0.0,1.34,40.0,0.27,0.0,0.53,0.27,2.4,44.44,0,,0,,0,0.0,0.0,0.0,,,0.0,,,1.34,0.27,0.0,4.01,0,0.0
V. Lučić,Crvena Zvezda,Čukarički,"LAMF, LW, AMF",24,0,2029-06-30,30,2036,3,2.7,4,2.99,25.64,48.62,Serbia,Serbia,right,185,76,no,7.82,6.9,67.95,1.64,51.35,0.62,0.88,0.0,2.52,3.57,0.88,3,0.13,0,0.0,4.11,0.13,3,0.13,0.12,1,0.04,33,1.46,42.42,9.091,0.18,1.19,37.04,1.02,39.13,0.13,33.33,0.18,5.53,46.4,14.45,38.53,3.71,2.65,0.62,25.15,1.06,1.99,33.11,79.97,9.68,73.06,7.91,93.85,8.0,75.69,30.55,82.63,1.41,59.38,15.77,20.81,0.13,1.19,0.04,0.0,0.93,52.38,0.71,3.23,68.49,2.74,62.9,0.75,23.53,2.21,0.4,5.35,84.3,0,,0,,0,0.0,0.0,0.0,,,0.09,,,0.0,0.0,0.0,0.04,0,0.0
J. Mituljikić,Francs Borains,Mladost Novi Sad,"AMF, RW, CF",23,0,2027-06-30,14,614,0,0.89,1,0.72,21.99,44.67,Serbia,Serbia,left,180,71,no,4.84,5.28,63.89,4.84,30.3,0.44,0.6,0.0,1.03,1.39,1.03,1,0.15,0,0.0,3.22,0.0,0,0.0,0.13,0,0.0,8,1.17,37.5,0.0,0.15,1.17,37.5,0.88,50.0,0.29,0.0,0.0,4.4,50.0,8.65,40.68,2.35,2.93,1.32,16.12,0.59,1.03,24.63,76.79,7.04,68.75,6.45,90.91,5.13,74.29,22.72,80.65,0.73,20.0,14.28,8.15,0.11,0.73,0.0,0.15,0.29,50.0,0.44,2.05,57.14,1.91,69.23,0.44,66.67,1.17,0.29,3.37,60.87,0,,0,,0,0.0,0.0,0.0,,,0.0,,,0.29,0.0,0.0,1.32,0,0.0
I. Babić,Radnički Kragujevac,Mladost Novi Sad,"CF, LW, RW",23,0,2028-06-30,28,1556,0,2.14,0,1.1,30.8,42.75,Serbia,"Serbia, Bosnia and Herzegovina",right,185,75,no,6.23,5.7,64.95,3.23,29.09,0.24,0.31,0.0,2.29,2.98,1.47,0,0.0,0,0.0,5.17,0.0,0,0.0,0.13,0,0.0,14,0.82,57.14,0.0,0.0,2.88,28.57,1.59,33.33,1.29,22.73,0.18,6.41,59.63,16.58,43.62,3.47,2.0,0.65,8.7,1.35,2.41,16.81,69.58,3.35,54.39,4.64,86.08,4.06,66.67,13.34,79.3,0.65,45.45,18.84,8.26,0.06,0.76,0.0,0.0,0.18,33.33,0.41,0.82,50.0,1.7,58.62,0.12,0.0,0.76,0.76,1.65,71.43,0,,0,,0,0.0,0.0,0.0,,,0.06,,,0.0,0.0,0.0,0.0,0,0.0
A. Popović,Slovan Bratislava,Partizan,GK,26,0,2029-06-30,28,2658,0,0.0,0,0.0,0.2,83.33,Serbia,Serbia,right,190,83,no,1.52,0.03,0.0,0.17,100.0,0.0,0.0,0.0,1.52,2.21,0.0,0,0.0,0,0.0,0.0,0.0,0,0.0,0.0,0,0.0,0,0.0,0.0,0.0,0.0,0.0,0.0,0.0,0.0,0.0,0.0,0.0,0.0,0.0,0.0,0.0,0.0,0.0,0.0,13.14,0.14,0.0,19.33,85.64,10.9,78.26,0.0,0.0,7.99,96.19,11.65,98.26,7.65,66.81,32.05,44.49,0.0,0.0,0.03,0.0,0.0,0.0,0.0,1.49,59.09,0.07,0.0,0.07,0.0,0.0,0.0,5.21,76.62,26,0.88,81,2.74,10,67.9,24.08,0.82,-1.92,-0.065,0.0,0.71,0.17,,,,0.0,0,0.0
U. Miladinović,Čukarički,Čukarički,"RB, LAMF",22,0,2028-06-30,1,23,0,0.19,0,0.07,,,Serbia,Serbia,right,0,0,no,,,,,,,5.0,,,0.0,,1,,0,,,,0,,,0,,1,,,0.0,,,,,,,,,,,,,,,,,,,,,,,,,,,,,,,10.85,0.0,,,,,,,,,,,,,,,,,,0,,0,,0,0.0,0.0,,,,,,,,,,,0,0.0
Srdjan Dimitrov,Inđija,Mladost Novi Sad,"AMF, LCMF",33,0,,17,1113,1,2.62,3,1.11,24.3,44.52,Serbia,Serbia,,0,0,no,9.36,8.85,56.31,1.89,18.18,1.89,2.62,0.17,2.49,3.45,2.66,5,0.4,0,0.0,2.4,0.08,1,0.09,0.23,0,0.0,19,1.63,31.58,5.263,0.26,1.37,31.25,1.03,25.0,0.34,50.0,0.26,2.15,52.0,8.24,40.63,1.63,1.03,0.6,16.75,0.94,2.32,25.85,74.75,7.3,57.65,6.87,91.25,6.44,73.33,23.36,79.04,1.12,38.46,15.17,12.6,0.1,1.12,0.09,0.09,0.94,36.36,0.43,2.83,54.55,1.63,47.37,1.03,33.33,0.52,0.34,2.75,53.13,0,,0,,0,0.0,0.0,0.0,,,0.0,,,1.2,0.17,100.0,0.94,1,0.0
D. Radoman,,Mladost Novi Sad,"LW, RW",22,0,,5,109,0,0.3,0,0.0,19.09,33.33,Montenegro,Montenegro,,0,0,no,3.64,5.45,50.0,1.82,0.0,0.0,0.0,0.0,0.91,1.3,0.0,0,0.0,0,0.0,3.64,0.0,0,0.0,0.27,0,0.0,2,1.82,50.0,0.0,0.0,0.0,0.0,0.0,0.0,0.0,0.0,0.0,3.64,75.0,8.18,33.33,1.82,0.0,0.91,2.73,0.0,0.91,7.27,50.0,5.45,33.33,1.82,100.0,0.0,0.0,5.45,66.67,1.82,0.0,11.14,8.37,0.0,0.0,0.0,0.0,0.0,0.0,0.0,0.0,0.0,0.91,100.0,0.91,0.0,0.91,0.0,0.91,0.0,0,,0,,0,0.0,0.0,0.0,,,0.0,,,0.0,0.0,0.0,0.0,0,0.0
A. Koloni,FK Sloven Ruma,Čukarički,RB,20,0,,1,9,0,0.0,0,0.0,,,Serbia,Serbia,right,183,0,no,,,,,,,0.0,,,0.0,,0,,0,,,,0,,,0,,0,,,0.0,,,,,,,,,,,,,,,,,,,,,,,,,,,,,,,24.49,0.0,,,,,,,,,,,,,,,,,,0,,0,,0,0.0,0.0,,,,,,,,,,,0,0.0
M. Pelivanovic,,Mladost Lučani,RB,21,0,,1,8,0,0.0,0,0.0,,,Serbia,Serbia,unknown,0,0,no,,,,,,,0.0,,,30.0,,0,,0,,,,0,,,0,,0,,,0.0,,,,,,,,,,,,,,,,,,,,,,,,,,,,,,,12.49,0.0,,,,,,,,,,,,,,,,,,0,,0,,0,0.0,0.0,,,,,,,,,,,0,0.0
A. Petrovic,IMT Novi Beograd,Radnički Kragujevac,RAMF,21,0,,1,8,0,0.0,0,0.0,,,Serbia,Serbia,unknown,0,0,no,,,,,,,0.0,,,30.0,,0,,0,,,,0,,,0,,0,,,0.0,,,,,,,,,,,,,,,,,,,,,,,,,,,,,,,18.76,36.98,,,,,,,,,,,,,,,,,,0,,0,,0,0.0,0.0,,,,,,,,,,,0,0.0
M. Stojanović,Borac Čačak,Čukarički,LCMF,20,0,2028-06-30,1,56,0,0.03,0,0.02,9.64,50.0,Serbia,Serbia,right,178,73,yes,1.61,3.21,50.0,0.0,0.0,0.0,0.0,0.0,0.0,0.0,0.0,0,0.0,0,0.0,3.21,0.0,0,0.0,0.05,0,0.0,1,1.61,100.0,0.0,0.0,1.61,0.0,1.61,0.0,0.0,0.0,0.0,3.21,50.0,4.82,33.33,3.21,0.0,0.0,12.86,1.61,0.0,25.71,68.75,9.64,66.67,3.21,100.0,6.43,50.0,20.89,84.62,3.21,0.0,16.37,30.99,0.04,1.61,0.0,0.0,0.0,0.0,0.0,1.61,0.0,1.61,0.0,0.0,0.0,0.0,0.0,4.82,0.0,0,,0,,0,0.0,0.0,0.0,,,0.0,,,0.0,0.0,0.0,0.0,0,0.0
V. Marković,Borac Čačak,Mladost Lučani,CF,25,0,2026-06-30,1,9,0,0.0,0,0.0,,,Serbia,Serbia,right,181,74,no,,,,,,,0.0,,,0.0,,0,,0,,,,0,,,0,,0,,,0.0,,,,,,,,,,,,,,,,,,,,,,,,,,,,,,,33.73,0.0,,,,,,,,,,,,,,,,,,0,,0,,0,0.0,0.0,,,,,,,,,,,0,0.0
J. Zogović,,Napredak Kruševac,"CF, AMF, RW",25,0,,8,220,0,0.46,1,0.63,22.5,38.18,Serbia,Serbia,right,187,81,no,2.05,2.45,66.67,5.32,30.77,0.0,0.0,0.0,0.41,0.71,2.05,0,0.0,0,0.0,3.68,0.0,0,0.0,0.19,0,0.0,6,2.45,0.0,0.0,0.41,1.23,33.33,0.41,0.0,0.82,50.0,0.82,4.91,66.67,11.45,39.29,2.86,2.45,1.64,11.05,2.86,1.64,18.82,58.7,4.91,50.0,2.86,71.43,5.73,57.14,16.77,63.41,0.82,0.0,19.77,8.15,0.26,1.64,0.0,0.0,0.0,0.0,0.41,2.45,16.67,1.23,100.0,0.0,0.0,0.82,0.41,3.27,62.5,0,,0,,0,0.0,0.0,0.0,,,0.0,,,0.0,0.0,0.0,0.0,0,0.0
M. Stjepanović,Moreirense,Partizan,"DMF, LDMF",22,0,2029-06-30,1,49,0,0.0,0,0.0,11.02,83.33,Serbia,Serbia,right,185,79,no,9.18,5.51,66.67,0.0,0.0,1.84,2.31,0.0,3.67,4.62,0.0,0,0.0,0,0.0,0.0,0.0,0,0.0,0.0,0,0.0,0,0.0,0.0,0.0,0.0,0.0,0.0,0.0,0.0,0.0,0.0,0.0,0.0,0.0,1.84,100.0,0.0,0.0,0.0,36.73,0.0,1.84,58.78,81.25,20.2,63.64,9.18,100.0,20.2,100.0,55.1,86.67,3.67,0.0,18.08,23.19,0.0,0.0,0.0,0.0,0.0,0.0,0.0,5.51,100.0,0.0,0.0,0.0,0.0,0.0,0.0,11.02,83.33,0,,0,,0,0.0,0.0,0.0,,,0.0,,,0.0,0.0,0.0,0.0,0,0.0
O. Kljajic,Rochedale Rovers,Voždovac,LW,22,0,,2,15,0,0.14,0,0.0,,,Australia,"Australia, Bosnia and Herzegovina",left,187,0,no,,,,,,,0.0,,,0.0,,0,,0,,,,0,,,0,,1,,,0.0,,,,,,,,,,,,,,,,,,,,,,,,,,,,,,,22.81,12.25,,,,,,,,,,,,,,,,,,0,,0,,0,0.0,0.0,,,,,,,,,,,0,0.0
S. Vukašinović,,Javor Ivanjica,DMF,22,0,,1,6,0,0.0,0,0.0,,,Serbia,Serbia,,0,0,no,,,,,,,0.0,,,15.0,,0,,0,,,,0,,,0,,0,,,0.0,,,,,,,,,,,,,,,,,,,,,,,,,,,,,,,8.2,0.0,,,,,,,,,,,,,,,,,,0,,0,,0,0.0,0.0,,,,,,,,,,,0,0.0
D. Skoko,Javor Ivanjica,Javor Ivanjica,LCB,23,0,2029-06-30,1,99,0,0.0,0,0.0,11.82,38.46,Serbia,Serbia,left,194,80,no,13.64,8.18,33.33,2.73,66.67,0.91,1.15,1.82,10.0,12.69,3.64,1,0.91,0,0.0,0.0,0.0,0,0.0,0.0,0,0.0,0,0.0,0.0,0.0,0.0,0.0,0.0,0.0,0.0,0.0,0.0,0.0,0.0,0.0,0.91,0.0,0.0,0.0,0.0,20.91,0.91,0.0,29.09,90.63,16.36,88.89,1.82,100.0,9.09,100.0,18.18,95.0,10.91,83.33,26.51,32.99,0.0,0.0,0.0,0.0,0.0,0.0,0.0,5.45,66.67,0.0,0.0,0.0,0.0,0.0,0.0,9.09,70.0,0,,0,,0,0.0,0.0,0.0,,,1.82,,,0.0,0.0,0.0,0.0,0,0.0
V. Jovanović,,Radnik Surdulica,"CF, LAMF, RWF",24,0,,4,188,0,0.39,0,0.02,32.07,31.34,Serbia,Serbia,right,192,0,no,7.18,6.7,57.14,4.79,30.0,0.48,0.83,0.0,2.87,5.0,1.44,0,0.0,0,0.0,2.39,0.0,0,0.0,0.18,0,0.0,3,1.44,66.67,0.0,0.0,0.48,0.0,0.48,0.0,0.0,0.0,0.0,6.22,23.08,13.88,20.69,2.39,0.96,0.96,7.66,0.96,2.39,14.84,61.29,5.27,36.36,3.35,71.43,3.83,87.5,13.88,62.07,0.48,100.0,14.49,7.55,0.01,0.48,0.0,0.0,0.0,0.0,0.0,1.44,33.33,0.96,0.0,0.0,0.0,0.0,0.0,1.44,66.67,0,,0,,0,0.0,0.0,0.0,,,0.0,,,0.0,0.0,0.0,0.0,0,0.0
V. Radosavljevic,Tekstilac Odžaci,Kolubara,RCMF,20,0,2027-06-30,1,4,0,0.0,0,0.0,,,Serbia,Serbia,unknown,0,0,no,,,,,,,0.0,,,0.0,,0,,0,,,,0,,,0,,0,,,0.0,,,,,,,,,,,,,,,,,,,,,,,,,,,,,,,10.58,0.0,,,,,,,,,,,,,,,,,,0,,0,,0,0.0,0.0,,,,,,,,,,,0,0.0
D. Dodic,Dinamo,Voždovac,CF,22,0,,1,20,0,0.0,0,0.0,,,Serbia,Serbia,,0,0,no,,,,,,,0.0,,,0.0,,0,,0,,,,0,,,0,,0,,,0.0,,,,,,,,,,,,,,,,,,,,,,,,,,,,,,,16.12,0.0,,,,,,,,,,,,,,,,,,0,,0,,0,0.0,0.0,,,,,,,,,,,0,0.0
M. Mitrović,Vitória Guimarães,Voždovac,"RDMF, CF, LCMF",21,0,2029-06-30,4,79,0,0.0,1,0.12,13.67,25.0,Serbia,Serbia,right,182,74,no,6.84,5.7,40.0,1.14,0.0,1.14,2.14,0.0,3.42,6.43,1.14,0,0.0,0,0.0,1.14,0.0,0,0.0,0.0,0,0.0,0,0.0,0.0,0.0,1.14,1.14,0.0,1.14,0.0,0.0,0.0,0.0,0.0,0.0,3.42,0.0,1.14,1.14,0.0,25.06,3.42,1.14,33.04,72.41,12.53,63.64,3.42,100.0,11.39,70.0,29.62,80.77,2.28,0.0,20.08,22.67,0.13,1.14,0.0,0.0,2.28,50.0,1.14,2.28,50.0,3.42,66.67,2.28,50.0,2.28,0.0,4.56,75.0,0,,0,,0,0.0,0.0,0.0,,,0.0,,,0.0,0.0,0.0,1.14,0,0.0
L. Vulin,Sloboda Novi Grad,Kolubara,"LW, RW",22,0,,2,13,0,0.0,0,0.0,,,Serbia,Serbia,left,0,0,no,,,,,,,0.0,,,0.0,,0,,0,,,,0,,,0,,0,,,0.0,,,,,,,,,,,,,,,,,,,,,,,,,,,,,,,2.52,0.0,,,,,,,,,,,,,,,,,,0,,0,,0,0.0,0.0,,,,,,,,,,,0,0.0
V. Durdevic,Partizan,Voždovac,LB,22,0,,1,24,1,0.68,0,0.0,,,Serbia,Serbia,right,184,74,no,,,,,,,5.0,,,20.0,,0,,0,,,,1,,,0,,1,,,100.0,,,,,,,,,,,,,,,,,,,,,,,,,,,,,,,19.3,22.42,,,,,,,,,,,,,,,,,,0,,0,,0,0.0,0.0,,,,,,,,,,,0,0.0
L. Đorđević,Muharraq,Radnički Niš,LCB,33,0,,1,90,0,0.0,0,0.0,12.0,41.67,Serbia,Serbia,left,187,84,no,8.0,5.0,40.0,4.0,50.0,0.0,0.0,1.0,6.0,5.81,2.0,0,0.0,0,0.0,1.0,0.0,0,0.0,0.0,0,0.0,0,0.0,0.0,0.0,0.0,0.0,0.0,0.0,0.0,0.0,0.0,0.0,2.0,50.0,2.0,50.0,0.0,1.0,0.0,19.0,1.0,0.0,27.0,92.59,11.0,90.91,2.0,100.0,13.0,100.0,25.0,96.0,2.0,50.0,22.19,38.94,0.0,0.0,0.0,0.0,0.0,0.0,0.0,2.0,50.0,0.0,0.0,0.0,0.0,0.0,0.0,7.0,85.71,0,,0,,0,0.0,0.0,0.0,,,1.0,,,0.0,0.0,0.0,0.0,0,0.0
U. Lazić,OFK Beograd,Radnik Surdulica,"RB, RDMF, RCMF",23,0,2029-06-30,17,1364,0,0.58,0,0.8,13.53,47.8,Serbia,Serbia,right,175,68,no,9.83,6.14,54.84,2.31,40.0,0.33,0.44,0.53,6.14,8.13,1.19,4,0.26,0,0.0,1.12,0.0,0,0.0,0.04,0,0.0,10,0.66,40.0,0.0,0.0,1.52,34.78,0.13,0.0,1.32,40.0,0.2,0.79,25.0,2.84,34.88,0.33,0.4,0.26,13.86,0.46,1.52,26.2,64.99,11.68,51.41,2.71,85.37,8.05,68.03,18.34,77.34,6.47,36.73,22.17,37.12,0.05,0.53,0.0,0.0,0.13,100.0,0.26,5.54,40.48,2.24,32.35,0.2,0.0,0.26,0.46,6.2,62.77,0,,0,,0,0.0,0.0,0.0,,,0.33,,,0.07,0.0,0.0,0.0,0,0.0
S. Abubakar,Radnik Surdulica,Radnik Surdulica,"RB, RCB",28,0,2027-06-30,19,1635,1,1.03,0,0.85,23.01,61.24,Ghana,Ghana,right,187,79,no,14.37,10.07,69.4,5.56,55.45,0.88,1.15,0.33,6.5,8.45,1.71,6,0.33,0,0.0,0.99,0.06,1,0.06,0.06,0,0.0,7,0.39,28.57,14.286,0.0,0.88,25.0,0.06,0.0,0.83,26.67,0.22,0.99,66.67,3.52,56.25,0.44,0.66,0.28,14.92,0.55,1.27,28.95,68.06,13.98,57.09,3.08,91.07,8.37,76.97,21.96,76.69,6.11,43.24,21.44,34.76,0.05,0.22,0.0,0.0,0.0,0.0,0.11,4.4,45.0,0.61,27.27,0.55,40.0,0.11,0.22,7.71,50.71,0,,0,,0,0.0,0.0,0.0,,,1.05,,,0.06,0.0,0.0,0.0,0,0.0
K. Belić,Maccabi Tel Aviv,Partizan,"LDMF, DMF, RDMF",25,0,2029-06-30,22,1596,1,0.8,1,0.71,28.2,51.8,Belgium,"Belgium, Serbia",right,177,68,no,15.68,13.48,61.09,3.38,36.67,2.2,3.36,0.34,5.24,8.02,2.71,11,0.62,0,0.0,1.69,0.06,1,0.06,0.05,0,0.0,14,0.79,35.71,7.143,0.06,0.34,50.0,0.28,60.0,0.06,0.0,0.0,2.31,53.66,6.94,44.72,1.07,1.47,0.34,41.0,0.17,1.3,57.52,87.84,20.19,73.74,6.65,96.61,23.06,95.84,50.24,91.47,6.94,63.41,19.32,38.8,0.04,0.51,0.06,0.0,0.34,0.0,0.45,10.55,73.26,2.26,40.0,1.02,22.22,0.85,0.17,8.29,80.27,0,,0,,0,0.0,0.0,0.0,,,0.73,,,0.0,0.0,0.0,0.0,0,0.0
S. Zdjelar,Partizan,Partizan,"DMF, RDMF",31,0,,3,298,0,0.04,0,0.17,21.44,59.15,Serbia,Serbia,right,184,76,no,12.68,10.87,63.89,2.11,28.57,0.6,1.03,0.0,5.13,8.79,2.11,1,0.3,0,0.0,0.6,0.0,0,0.0,0.01,0,0.0,2,0.6,50.0,0.0,0.0,0.0,0.0,0.0,0.0,0.0,0.0,0.0,0.3,100.0,4.23,57.14,0.0,0.6,0.0,38.66,0.3,3.02,62.82,87.5,22.35,78.38,9.06,93.33,24.16,92.5,54.36,92.78,8.46,53.57,21.54,42.26,0.05,0.91,0.0,0.0,0.0,0.0,0.0,13.89,71.74,2.42,37.5,1.51,60.0,0.91,0.0,12.68,90.48,0,,0,,0,0.0,0.0,0.0,,,0.91,,,0.3,0.0,0.0,0.0,0,0.0
A. Dusanić,Dinamo,Radnički Niš,"RCMF, CF",23,0,,2,26,0,0.0,0,0.07,,,Serbia,Serbia,,0,0,no,,,,,,,0.0,,,0.0,,0,,0,,,,0,,,0,,0,,,0.0,,,,,,,,,,,,,,,,,,,,,,,,,,,,,,,8.75,13.76,,,,,,,,,,,,,,,,,,0,,0,,0,0.0,0.0,,,,,,,,,,,0,0.0
N. Jovicić,Jezero,Radnički Niš,LCB,26,0,,5,205,0,0.0,0,0.0,9.47,35.0,Serbia,Serbia,left,0,0,no,7.58,4.26,44.44,2.84,16.67,0.95,1.2,1.42,4.74,6.0,1.89,0,0.0,0,0.0,0.0,0.0,0,0.0,0.0,0,0.0,0,0.0,0.0,0.0,0.0,0.0,0.0,0.0,0.0,0.0,0.0,0.0,0.0,0.0,0.47,0.0,0.0,0.47,0.0,20.37,0.0,0.0,31.74,89.55,14.21,86.67,0.0,0.0,14.68,96.77,28.89,91.8,2.84,66.67,19.07,22.15,0.0,0.0,0.0,0.0,0.0,0.0,0.0,3.79,75.0,0.47,0.0,0.0,0.0,0.0,0.0,6.63,78.57,0,,0,,0,0.0,0.0,0.0,,,0.0,,,0.0,0.0,0.0,0.0,0,0.0
I. Radovanović,,Mladost Lučani,"LCMF, RB",23,0,,5,195,0,0.01,0,0.03,20.31,47.73,Serbia,Serbia,right,187,79,no,17.54,11.08,50.0,3.69,75.0,1.38,1.48,0.92,10.62,11.31,3.69,2,0.92,0,0.0,0.46,0.0,0,0.0,0.01,0,0.0,1,0.46,0.0,0.0,0.0,0.46,100.0,0.0,0.0,0.46,100.0,0.0,0.46,0.0,2.31,20.0,0.92,0.0,0.0,4.15,0.0,0.46,12.92,71.43,6.92,66.67,1.38,100.0,2.31,80.0,11.08,79.17,1.38,0.0,15.57,14.51,0.01,0.46,0.0,0.0,0.0,0.0,0.46,1.85,50.0,0.46,100.0,0.0,0.0,0.46,0.46,4.15,55.56,0,,0,,0,0.0,0.0,0.0,,,0.0,,,0.0,0.0,0.0,0.0,0,0.0
J. Mitrovic,GFK Sloboda Užice,Mladost Lučani,"RAMF, RCMF",23,0,,2,10,0,0.0,0,0.0,,,Serbia,Serbia,unknown,0,0,no,,,,,,,0.0,,,90.0,,0,,0,,,,0,,,0,,0,,,0.0,,,,,,,,,,,,,,,,,,,,,,,,,,,,,,,8.0,0.0,,,,,,,,,,,,,,,,,,0,,0,,0,0.0,0.0,,,,,,,,,,,0,0.0
U. Sremčević,Crvena Zvezda,Mladost Lučani,"CF, RCMF",20,0,2027-06-30,10,138,0,0.0,0,0.17,27.39,38.1,Serbia,Serbia,right,185,76,no,5.87,7.17,45.45,7.17,45.45,0.65,1.43,0.0,1.96,4.29,5.22,0,0.0,0,0.0,0.0,0.0,0,0.0,0.0,0,0.0,0,0.0,0.0,0.0,0.0,0.65,0.0,0.0,0.0,0.65,0.0,0.0,0.0,0.0,5.22,37.5,0.65,0.0,0.0,7.83,1.3,1.96,14.35,50.0,3.91,16.67,3.91,83.33,3.91,66.67,13.04,50.0,1.3,50.0,15.45,4.14,0.11,1.3,0.0,0.0,0.65,0.0,1.3,1.3,0.0,1.96,66.67,0.65,0.0,1.3,0.0,1.96,33.33,0,,0,,0,0.0,0.0,0.0,,,0.0,,,0.0,0.0,0.0,0.0,0,0.0
D. Gordić,Lommel SK,Mladost Lučani,"AMF, RDMF, LCMF",21,0,2027-06-30,16,1168,3,1.07,1,0.88,24.97,40.12,Serbia,Serbia,right,188,75,no,6.78,6.93,61.11,4.32,25.0,0.31,0.4,0.0,2.23,2.87,1.0,2,0.15,0,0.0,2.08,0.23,3,0.23,0.08,0,0.0,11,0.85,36.36,27.273,0.08,0.85,27.27,0.46,16.67,0.39,40.0,0.15,2.85,54.05,7.63,32.32,1.39,1.16,0.77,17.26,1.16,1.85,28.05,78.85,9.32,67.77,6.7,93.1,5.7,82.43,25.43,83.03,1.77,43.48,15.52,19.56,0.07,0.46,0.08,0.0,0.08,0.0,0.39,3.16,65.85,1.23,56.25,0.31,0.0,0.62,0.23,3.93,72.55,0,,0,,0,0.0,0.0,0.0,,,0.08,,,0.0,0.0,0.0,0.0,0,0.0
F. Babić,,Mladost Lučani,"LCB, RCB",31,0,,14,1045,0,0.26,0,0.04,16.54,57.29,Serbia,Serbia,right,187,74,no,11.11,8.1,67.02,3.27,50.0,0.86,1.08,0.17,4.82,6.04,1.29,4,0.34,0,0.0,0.34,0.0,0,0.0,0.02,0,0.0,4,0.34,25.0,0.0,0.0,0.09,0.0,0.0,0.0,0.09,0.0,0.0,0.6,28.57,1.46,47.06,0.34,0.69,0.0,15.67,0.34,0.95,30.83,79.05,17.74,71.84,1.81,95.24,7.58,90.91,26.44,82.41,4.31,60.0,16.55,28.9,0.0,0.09,0.0,0.0,0.34,25.0,0.09,4.82,62.5,0.95,45.45,0.78,44.44,0.34,0.0,8.27,70.83,0,,0,,0,0.0,0.0,0.0,,,0.52,,,0.0,0.0,0.0,0.0,0,0.0
D. Babić,,Mladost Lučani,"LW, RW",25,0,,3,46,0,0.0,0,0.0,31.3,37.5,Serbia,Serbia,right,176,65,no,5.87,11.74,50.0,3.91,50.0,0.0,0.0,0.0,0.0,0.0,3.91,0,0.0,0,0.0,0.0,0.0,0,0.0,0.0,0,0.0,0,0.0,0.0,0.0,0.0,3.91,0.0,3.91,0.0,0.0,0.0,0.0,0.0,0.0,9.78,0.0,3.91,0.0,0.0,9.78,1.96,1.96,15.65,62.5,5.87,66.67,5.87,100.0,1.96,0.0,11.74,83.33,0.0,0.0,15.8,0.0,0.0,1.96,0.0,0.0,0.0,0.0,0.0,1.96,100.0,1.96,0.0,0.0,0.0,0.0,0.0,0.0,0.0,0,,0,,0,0.0,0.0,0.0,,,0.0,,,0.0,0.0,0.0,0.0,0,0.0
K Janjic,OFK Vršac,Javor Ivanjica,LB,26,0,,3,279,0,0.0,0,0.0,19.35,50.0,Serbia,Serbia,left,176,0,no,10.0,10.32,65.63,2.26,28.57,0.32,0.34,0.0,2.9,3.03,1.29,2,0.65,0,0.0,0.65,0.0,0,0.0,0.0,0,0.0,0,0.0,0.0,0.0,0.0,1.61,20.0,1.61,20.0,0.0,0.0,0.0,0.65,50.0,3.23,40.0,0.32,1.29,0.32,8.06,0.0,1.61,14.52,48.89,10.0,54.84,0.97,100.0,1.61,40.0,9.35,58.62,3.55,36.36,23.53,32.39,0.0,0.0,0.0,0.0,0.0,0.0,0.0,3.55,54.55,0.65,50.0,0.32,0.0,0.0,0.32,6.13,52.63,0,,0,,0,0.0,0.0,0.0,,,0.65,,,0.0,0.0,0.0,0.0,0,0.0
P. Ivelja,Visakha,Javor Ivanjica,"LDMF, LCMF",28,0,,9,219,0,0.03,0,0.1,13.15,28.13,Serbia,Serbia,left,193,80,no,9.04,2.88,28.57,3.7,33.33,0.41,0.64,0.41,7.81,12.13,1.64,1,0.41,0,0.0,0.82,0.0,0,0.0,0.01,0,0.0,3,1.23,0.0,0.0,0.0,1.23,33.33,1.23,33.33,0.0,0.0,0.0,0.82,50.0,2.88,28.57,1.23,1.64,0.0,14.38,0.41,0.41,27.12,68.18,12.74,67.74,2.05,80.0,6.99,52.94,19.32,74.47,6.99,58.82,15.2,19.75,0.04,0.41,0.0,0.0,0.41,0.0,0.0,7.4,61.11,1.23,33.33,0.41,100.0,0.41,0.0,6.58,75.0,0,,0,,0,0.0,0.0,0.0,,,0.0,,,0.0,0.0,0.0,0.0,0,0.0
I. Petrovic,Loznica,Javor Ivanjica,RCB,25,0,,3,132,0,0.0,0,0.0,10.91,56.25,Serbia,Serbia,,189,0,no,12.27,7.5,63.64,0.68,100.0,0.0,0.0,1.36,7.5,11.79,1.36,0,0.0,0,0.0,0.0,0.0,0,0.0,0.0,0,0.0,0,0.0,0.0,0.0,0.0,0.0,0.0,0.0,0.0,0.0,0.0,0.0,0.0,0.0,1.36,0.0,0.0,0.0,0.0,5.45,0.0,0.68,25.23,64.86,10.23,40.0,1.36,100.0,11.59,82.35,20.45,76.67,4.77,14.29,21.38,14.2,0.0,0.0,0.0,0.0,0.0,0.0,0.0,4.09,16.67,0.68,0.0,0.0,0.0,0.0,0.0,4.77,14.29,0,,0,,0,0.0,0.0,0.0,,,0.68,,,0.0,0.0,0.0,0.0,0,0.0
S. Vico,Bokelj,Javor Ivanjica,"RWB, RB",31,0,,3,106,0,0.0,0,0.0,16.13,68.42,Serbia,"Serbia, Montenegro",right,177,70,no,17.83,8.49,80.0,1.7,100.0,0.85,1.03,0.85,10.19,12.41,0.85,0,0.0,0,0.0,1.7,0.0,0,0.0,0.0,0,0.0,0,0.0,0.0,0.0,0.0,1.7,100.0,0.0,0.0,1.7,100.0,0.0,1.7,0.0,2.55,33.33,0.85,0.0,0.0,20.38,0.0,0.85,30.57,66.67,12.74,46.67,3.4,75.0,5.94,100.0,22.92,74.07,5.94,28.57,20.06,24.31,0.0,0.85,0.0,0.0,0.0,0.0,0.0,5.94,57.14,0.85,100.0,0.0,0.0,0.0,1.7,6.79,50.0,0,,0,,0,0.0,0.0,0.0,,,0.85,,,0.0,0.0,0.0,0.0,0,0.0
S. Alić,Radnički Kragujevac,Novi Pazar,"DMF, LDMF",22,0,2029-06-30,12,584,0,0.01,0,0.0,21.5,48.06,Serbia,Serbia,right,187,77,no,10.0,11.5,49.28,4.0,50.0,0.0,0.0,0.0,4.33,5.38,2.83,3,0.46,0,0.0,0.83,0.0,0,0.0,0.0,0,0.0,3,0.5,0.0,0.0,0.0,0.17,0.0,0.0,0.0,0.17,0.0,0.0,1.5,55.56,2.83,47.06,0.0,0.17,0.17,11.33,0.17,0.33,25.33,78.95,10.0,60.0,2.5,93.33,10.0,93.33,21.67,83.85,3.5,52.38,19.04,27.34,0.0,0.0,0.0,0.0,0.0,0.0,0.0,4.83,65.52,0.83,40.0,0.67,25.0,0.33,0.0,4.5,66.67,0,,0,,0,0.0,0.0,0.0,,,0.33,,,0.0,0.0,0.0,0.0,0,0.0
N. Petković,Seattle Sounders,Čukarički,"RDMF, RCMF",23,0,2026-12-31,14,601,0,0.27,0,1.37,13.18,55.68,Serbia,Serbia,right,181,74,yes,8.39,5.39,58.33,1.8,33.33,1.2,1.54,0.3,4.04,5.19,1.2,1,0.15,0,0.0,2.7,0.0,0,0.0,0.04,0,0.0,9,1.35,22.22,0.0,0.0,1.2,25.0,0.45,33.33,0.75,20.0,0.3,1.8,83.33,4.49,66.67,0.6,1.8,1.95,31.9,0.6,1.2,48.82,78.22,15.42,60.19,8.69,91.38,19.92,85.71,39.53,87.88,8.39,39.29,20.5,30.1,0.2,0.6,0.0,0.0,0.75,80.0,0.45,11.38,60.53,2.1,42.86,1.2,37.5,0.6,0.15,7.64,76.47,0,,0,,0,0.0,0.0,0.0,,,0.9,,,0.0,0.0,0.0,0.0,0,0.0
I. Mustapha,Vojvodina,Crvena Zvezda,"RW, CF, LAMF",26,0,2028-06-30,12,365,0,0.65,1,0.66,25.64,48.08,Ghana,Ghana,right,180,75,no,3.7,3.7,46.67,3.21,46.15,0.25,0.53,0.0,1.73,3.68,1.23,1,0.25,0,0.0,4.93,0.0,0,0.0,0.16,0,0.0,2,0.49,100.0,0.0,0.25,2.96,33.33,0.74,33.33,2.22,33.33,0.0,6.66,51.85,14.55,49.15,2.96,2.22,0.99,20.71,0.99,2.96,30.33,86.18,6.9,85.71,10.85,95.45,8.14,72.73,26.88,92.66,0.74,66.67,17.76,10.77,0.16,0.99,0.25,0.25,0.0,0.0,0.49,1.73,85.71,2.71,54.55,0.25,100.0,1.97,0.99,1.97,87.5,0,,0,,0,0.0,0.0,0.0,,,0.0,,,0.0,0.0,0.0,0.0,0,0.0
N. Stanković,Crvena Zvezda,Napredak Kruševac,"RCMF, RDMF, RB",23,0,2029-06-30,21,1279,0,0.41,1,0.62,21.46,57.05,Serbia,Serbia,right,181,75,no,10.98,7.53,63.55,3.1,52.27,1.76,2.42,0.14,4.43,6.1,1.34,3,0.21,0,0.0,2.53,0.0,0,0.0,0.03,0,0.0,15,1.06,20.0,0.0,0.07,1.9,22.22,0.28,0.0,1.62,26.09,0.14,2.96,59.52,8.09,52.17,0.35,1.83,1.2,24.63,0.28,1.83,41.09,80.14,14.07,75.0,6.68,91.58,13.79,81.63,35.25,87.03,3.94,46.43,17.33,28.27,0.04,0.56,0.07,0.0,0.35,40.0,0.28,6.83,72.16,2.81,40.0,0.77,36.36,0.91,0.56,6.12,71.26,0,,0,,0,0.0,0.0,0.0,,,0.21,,,0.42,0.0,0.0,0.91,0,0.0
M. Rošević,Zemun,Spartak Subotica,CF,25,0,,16,485,0,0.73,0,0.0,33.03,37.64,Serbia,Serbia,right,187,79,no,4.82,4.27,56.52,10.58,35.09,0.0,0.0,0.0,2.41,3.71,1.67,2,0.37,0,0.0,2.41,0.0,0,0.0,0.14,0,0.0,3,0.56,66.67,0.0,0.0,1.67,22.22,0.37,0.0,1.3,28.57,0.37,4.27,39.13,11.88,31.25,2.04,0.93,0.74,9.65,1.48,1.3,18.0,59.79,6.49,40.0,2.41,92.31,5.57,66.67,15.03,64.2,1.3,57.14,15.97,9.03,0.0,0.0,0.37,0.0,0.56,0.0,0.0,2.97,37.5,2.41,46.15,1.11,16.67,0.74,0.19,2.23,83.33,0,,0,,0,0.0,0.0,0.0,,,0.19,,,0.0,0.0,0.0,0.0,0,0.0
M. Bogićević,HJK,Spartak Subotica,RCB,28,0,2026-12-31,20,1675,0,0.08,0,0.1,12.95,58.09,Switzerland,"Switzerland, Serbia",right,191,83,no,10.1,5.48,60.78,4.62,55.81,0.16,0.21,1.02,6.61,8.5,1.61,3,0.16,0,0.0,0.05,0.0,0,0.0,0.0,0,0.0,1,0.05,0.0,0.0,0.0,0.11,0.0,0.0,0.0,0.11,0.0,0.0,0.11,50.0,0.32,33.33,0.32,0.54,0.0,23.05,0.59,0.21,40.3,83.47,21.17,75.63,2.04,97.37,13.76,92.58,31.0,90.81,9.19,59.65,21.9,34.42,0.01,0.21,0.0,0.0,0.0,0.0,0.05,6.29,64.1,0.38,71.43,0.11,50.0,0.32,0.0,10.1,74.47,0,,0,,0,0.0,0.0,0.0,,,1.56,,,0.11,0.0,0.0,0.0,0,0.0
Aleksa Durasovic I,Akron Togliatti,Spartak Subotica,"DMF, LDMF, LCMF",23,0,,31,1758,1,0.55,0,0.66,17.1,51.8,Serbia,"Serbia, Bosnia and Herzegovina",left,184,76,no,10.39,6.09,67.23,3.23,42.86,1.18,1.63,0.2,5.12,7.08,0.87,2,0.1,0,0.0,1.23,0.05,1,0.05,0.03,0,0.0,14,0.72,14.29,7.143,0.0,0.56,45.45,0.51,50.0,0.05,0.0,0.1,1.23,62.5,4.71,43.48,0.82,1.08,0.41,18.43,0.51,0.82,33.23,83.98,12.18,75.63,3.33,90.77,12.59,90.24,29.54,87.52,3.17,58.06,16.45,29.09,0.03,0.36,0.0,0.05,0.1,100.0,0.15,5.94,77.59,0.87,64.71,0.15,33.33,0.26,0.2,5.73,77.68,0,,0,,0,0.0,0.0,0.0,,,0.05,,,0.05,0.0,0.0,0.0,0,0.0
F. Petrović,,Radnik Surdulica,"LB, LDMF",24,0,,11,484,0,0.0,0,0.0,15.99,55.81,Serbia,Serbia,left,181,75,no,11.53,7.25,71.79,2.98,50.0,0.0,0.0,0.19,6.32,9.62,0.74,1,0.19,0,0.0,0.37,0.0,0,0.0,0.0,0,0.0,0,0.0,0.0,0.0,0.0,1.67,0.0,1.3,0.0,0.37,0.0,0.19,0.37,100.0,1.86,30.0,0.19,0.56,0.19,16.18,0.37,0.56,28.45,65.36,13.39,52.78,2.79,93.33,8.37,75.56,20.27,75.23,6.51,51.43,21.12,28.94,0.0,0.0,0.0,0.0,0.56,0.0,0.0,5.39,55.17,2.79,6.67,0.93,20.0,0.19,0.0,7.07,60.53,0,,0,,0,0.0,0.0,0.0,,,0.37,,,0.0,0.0,0.0,0.0,0,0.0
B. Duronjić,Radnik Surdulica,Radnik Surdulica,"RAMF, LAMF, RB",28,0,,29,1607,2,2.26,1,0.52,17.81,44.65,Bosnia and Herzegovina,"Bosnia and Herzegovina, Serbia",right,173,70,no,5.77,4.7,53.57,2.69,25.0,0.5,0.68,0.11,2.74,3.72,1.01,4,0.22,0,0.0,3.98,0.11,2,0.11,0.13,0,0.0,18,1.01,38.89,11.111,0.06,3.08,34.55,1.46,34.62,1.51,29.63,0.17,3.98,61.97,8.29,50.68,1.12,1.4,0.9,12.15,1.01,2.07,20.67,60.16,7.56,49.63,3.19,82.46,5.32,64.21,14.95,68.54,2.8,46.0,19.57,26.08,0.03,0.45,0.0,0.0,0.28,20.0,0.22,3.08,49.09,2.74,36.73,0.56,10.0,0.28,0.67,4.76,65.88,0,,0,,0,0.0,0.0,0.0,,,0.11,,,0.0,0.0,0.0,0.28,0,0.0
N. Vujanac,,Radnik Surdulica,GK,35,0,,6,581,0,0.0,0,0.0,1.08,100.0,Serbia,Serbia,right,193,84,no,2.01,0.31,100.0,0.62,100.0,0.0,0.0,0.0,1.7,2.52,0.0,0,0.0,0,0.0,0.0,0.0,0,0.0,0.0,0,0.0,0,0.0,0.0,0.0,0.0,0.0,0.0,0.0,0.0,0.0,0.0,0.0,0.0,0.0,0.15,100.0,0.0,0.0,0.0,7.59,0.0,0.31,15.18,81.63,10.84,74.29,0.0,0.0,4.18,100.0,5.58,100.0,9.6,70.97,42.72,51.21,0.0,0.0,0.0,0.0,0.0,0.0,0.0,4.18,70.37,0.15,100.0,0.0,0.0,0.15,0.0,8.06,82.69,7,1.08,26,4.03,1,73.08,7.89,1.22,0.89,0.138,0.0,2.32,0.62,,,,0.0,0,0.0
L. Velikić,Omladinac NB,Radnik Surdulica,"LB, LWB, RAMF",25,0,,6,262,0,0.05,0,0.11,17.18,34.0,Serbia,Serbia,left,180,72,no,6.87,4.12,58.33,4.81,21.43,1.37,2.4,0.34,3.09,5.4,0.69,0,0.0,0,0.0,2.06,0.0,0,0.0,0.02,0,0.0,1,0.34,0.0,0.0,0.0,2.06,33.33,2.06,33.33,0.0,0.0,0.34,3.44,40.0,6.53,31.58,1.37,0.69,0.0,8.93,1.37,0.34,14.43,73.81,5.5,68.75,3.09,88.89,2.4,85.71,11.68,79.41,0.69,100.0,14.76,13.39,0.04,0.69,0.0,0.0,0.0,0.0,0.34,1.37,50.0,1.72,80.0,0.0,0.0,0.69,0.69,3.44,90.0,0,,0,,0,0.0,0.0,0.0,,,0.0,,,0.0,0.0,0.0,0.0,0,0.0
N. Knezević,Wieczysta Kraków,Napredak Kruševac,"AMF, LCMF",23,0,2028-06-30,15,760,0,0.68,0,0.91,22.86,42.49,Serbia,Serbia,right,180,73,no,6.28,6.04,62.75,5.68,27.08,0.12,0.15,0.0,2.37,3.08,0.95,1,0.12,0,0.0,2.84,0.0,0,0.0,0.08,0,0.0,5,0.59,0.0,0.0,0.0,1.54,38.46,0.47,25.0,1.07,44.44,0.12,3.43,58.62,8.41,42.25,1.3,1.42,1.18,19.07,1.66,1.54,28.54,71.78,9.12,54.55,5.68,93.75,8.53,79.17,24.39,78.64,2.72,26.09,17.54,25.34,0.11,0.59,0.0,0.0,0.59,40.0,0.36,5.09,53.49,1.89,43.75,1.07,22.22,0.24,0.71,4.62,74.36,0,,0,,0,0.0,0.0,0.0,,,0.0,,,0.12,0.0,0.0,0.71,0,0.0
N. Dekovic,Napredak Kruševac,Napredak Kruševac,RCB,23,0,,28,2398,2,1.29,0,0.56,14.71,64.8,Serbia,Serbia,right,191,82,no,10.36,5.74,69.93,5.82,61.29,0.83,1.07,0.6,5.52,7.14,0.86,2,0.08,1,0.04,0.75,0.08,2,0.08,0.05,1,0.04,11,0.41,45.45,18.182,0.0,0.68,33.33,0.08,0.0,0.6,37.5,0.11,0.38,70.0,0.9,83.33,0.34,0.64,0.19,17.75,0.49,0.79,34.12,75.47,19.74,66.16,1.58,92.86,10.55,92.17,24.25,84.83,9.31,53.63,24.24,37.13,0.02,0.15,0.0,0.0,0.08,100.0,0.15,6.87,55.19,1.05,39.29,0.64,23.53,0.3,0.23,10.25,70.33,0,,0,,0,0.0,0.0,0.0,,,1.13,,,0.08,0.0,0.0,0.0,0,0.0
K. Bolha,,Napredak Kruševac,"RCB, DMF",33,0,,24,1631,0,1.21,0,0.18,14.9,58.52,Slovenia,Slovenia,right,195,85,no,9.38,4.36,56.96,3.86,72.86,0.44,0.59,0.55,6.46,8.56,0.99,0,0.0,0,0.0,0.55,0.0,0,0.0,0.07,0,0.0,11,0.61,9.09,0.0,0.0,0.28,40.0,0.0,0.0,0.28,40.0,0.0,0.66,41.67,2.43,47.73,0.5,1.1,0.11,19.75,0.28,0.39,37.19,76.85,17.93,64.92,2.81,98.04,12.58,87.28,29.36,84.02,7.56,50.36,19.73,32.11,0.01,0.17,0.0,0.0,0.17,66.67,0.06,7.5,61.76,0.77,64.29,0.33,50.0,0.33,0.17,8.0,71.72,0,,0,,0,0.0,0.0,0.0,,,0.5,,,0.0,0.0,0.0,0.0,0,0.0
M. Roosnupp,Levadia,Napredak Kruševac,"AMF, LW, CF",29,0,2026-12-31,12,427,0,0.3,1,0.57,13.91,48.48,Estonia,Estonia,right,176,74,no,3.79,3.58,41.18,4.85,43.48,0.21,0.3,0.0,2.11,3.03,1.9,1,0.21,0,0.0,2.74,0.0,0,0.0,0.06,0,0.0,3,0.63,33.33,0.0,0.21,1.9,44.44,0.84,25.0,1.05,60.0,0.42,2.11,80.0,3.79,66.67,1.48,1.26,0.63,12.22,1.05,0.42,20.66,77.55,5.27,64.0,4.22,90.0,7.38,82.86,17.92,83.53,0.84,25.0,16.43,8.67,0.12,0.84,0.0,0.0,0.0,0.0,0.21,1.9,66.67,1.26,66.67,0.0,0.0,0.21,0.84,2.95,78.57,0,,0,,0,0.0,0.0,0.0,,,0.0,,,0.21,0.0,0.0,0.84,0,0.0
M. Pantić,Tekstilac Odžaci,Napredak Kruševac,"RCMF, LCMF, RB",28,0,,22,958,0,1.14,0,0.1,19.26,47.32,Serbia,Serbia,right,188,79,no,6.48,4.79,52.94,5.82,41.94,0.0,0.0,0.28,3.95,5.45,1.88,3,0.28,0,0.0,1.41,0.0,0,0.0,0.11,0,0.0,15,1.41,13.33,0.0,0.0,0.66,57.14,0.09,100.0,0.56,50.0,0.09,1.41,60.0,5.17,47.27,0.66,0.38,0.09,18.6,0.66,2.25,29.03,80.58,9.21,66.33,3.38,97.22,10.62,90.27,25.18,85.07,3.19,50.0,18.81,19.81,0.01,0.19,0.0,0.0,0.09,0.0,0.0,4.32,73.91,1.41,46.67,0.38,25.0,0.56,0.38,4.42,65.96,0,,0,,0,0.0,0.0,0.0,,,0.28,,,0.38,0.0,0.0,0.56,0,0.0
D. Jovanović,Radnik Surdulica,Napredak Kruševac,"RW, RAMF, LW",24,0,2026-12-31,28,1216,1,2.34,1,1.08,26.57,42.34,Serbia,Serbia,right,175,79,no,7.55,7.18,57.73,3.92,33.96,0.15,0.2,0.0,3.26,4.39,2.0,0,0.0,0,0.0,3.85,0.07,1,0.07,0.17,0,0.0,22,1.63,36.36,4.545,0.07,2.22,30.0,0.15,0.0,2.07,32.14,0.52,5.55,45.33,11.62,38.22,2.37,0.89,0.15,12.8,2.15,1.55,20.95,64.31,7.48,50.5,4.07,90.91,5.33,62.5,17.1,72.29,1.78,33.33,17.73,18.07,0.08,0.59,0.0,0.0,0.44,16.67,0.44,2.22,40.0,2.44,39.39,0.59,12.5,0.67,0.59,3.33,64.44,0,,0,,0,0.0,0.0,0.0,,,0.07,,,0.0,0.0,0.0,0.0,0,0.0
U. Rašković,,Napredak Kruševac,"LCMF, RCMF",25,0,,2,6,0,0.0,0,0.0,,,Serbia,Serbia,right,184,79,no,,,,,,,0.0,,,0.0,,0,,0,,,,0,,,0,,0,,,0.0,,,,,,,,,,,,,,,,,,,,,,,,,,,,,,,3.02,0.0,,,,,,,,,,,,,,,,,,0,,0,,0,0.0,0.0,,,,,,,,,,,0,0.0
N. Stanković,Kolubara,Mladost Novi Sad,LB,32,0,,8,594,0,0.02,1,0.11,18.93,60.38,Serbia,Serbia,both,179,73,no,12.5,9.11,66.67,3.04,47.06,0.36,0.49,0.18,6.07,8.36,0.89,2,0.3,0,0.0,3.39,0.0,0,0.0,0.0,0,0.0,2,0.36,0.0,0.0,0.18,4.11,34.78,4.11,34.78,0.0,0.0,0.36,1.96,72.73,4.29,62.5,0.71,1.96,1.43,21.43,0.71,0.71,36.79,61.65,17.68,50.51,3.57,85.0,10.36,67.24,23.39,74.81,9.46,41.51,23.9,41.94,0.02,0.36,0.18,0.18,0.71,75.0,0.18,9.11,45.1,4.64,38.46,1.43,37.5,0.89,1.43,11.25,73.02,0,,0,,0,0.0,0.0,0.0,,,0.54,,,0.0,0.0,0.0,0.18,0,0.0
B. Mladjović,Buxoro,Mladost Novi Sad,"LCB, LB",30,0,2027-11-30,10,860,1,0.14,0,0.03,16.64,51.57,Kosovo,"Kosovo, Serbia",left,188,80,no,10.78,7.74,56.76,2.72,65.38,0.0,0.0,0.73,6.38,8.8,0.94,1,0.1,0,0.0,0.42,0.1,1,0.1,0.02,1,0.1,1,0.1,100.0,100.0,0.0,0.0,0.0,0.0,0.0,0.0,0.0,0.0,0.94,33.33,3.45,39.39,0.21,1.57,0.42,28.78,0.52,0.42,43.95,89.29,21.77,83.17,4.08,97.44,14.13,97.04,39.14,93.58,4.81,54.35,18.38,39.15,0.0,0.1,0.0,0.0,0.0,0.0,0.0,6.38,80.33,0.0,0.0,0.1,0.0,0.1,0.0,8.9,75.29,0,,0,,0,0.0,0.0,0.0,,,2.09,,,0.0,0.0,0.0,0.0,0,0.0
M. Krpić,Győri ETO,Bačka Topola,"DMF, LCMF, CF",23,0,2028-06-30,12,101,0,0.57,0,0.0,18.71,52.38,Serbia,"Serbia, Hungary",right,190,79,no,8.91,7.13,50.0,2.67,66.67,0.0,0.0,0.89,5.35,4.74,4.46,2,1.78,0,0.0,2.67,0.0,0,0.0,0.51,0,0.0,2,1.78,100.0,0.0,0.0,0.0,0.0,0.0,0.0,0.0,0.0,0.0,1.78,50.0,8.02,55.56,0.89,1.78,0.89,20.5,0.0,1.78,27.62,83.87,8.91,70.0,4.46,80.0,8.91,100.0,27.62,83.87,0.0,0.0,9.19,0.0,0.0,0.0,0.0,0.0,0.0,0.0,0.0,7.13,62.5,0.89,100.0,0.0,0.0,0.89,0.0,1.78,50.0,0,,0,,0,0.0,0.0,0.0,,,0.0,,,0.89,0.89,100.0,0.0,0,0.0
V. Ilić,Widzew Łódź,Bačka Topola,GK,22,0,2029-06-30,35,3352,0,0.0,0,0.0,0.72,81.48,Serbia,Serbia,right,195,83,no,1.02,0.08,0.0,0.46,94.12,0.0,0.0,0.0,1.02,1.56,0.03,5,0.13,0,0.0,0.0,0.0,0,0.0,0.0,0,0.0,0,0.0,0.0,0.0,0.0,0.0,0.0,0.0,0.0,0.0,0.0,0.0,0.0,0.0,0.08,100.0,0.0,0.0,0.0,11.52,0.13,0.27,17.64,82.19,10.71,74.94,0.03,100.0,5.88,93.15,11.06,96.36,6.55,58.61,31.44,47.44,0.0,0.0,0.0,0.0,0.0,0.0,0.0,1.29,43.75,0.16,0.0,0.08,33.33,0.0,0.0,5.1,66.84,31,0.83,109,2.93,15,71.56,31.31,0.84,0.31,0.008,0.03,1.64,0.46,,,,0.0,0,0.0
S. Leković,Crvena Zvezda,Crvena Zvezda,"RCB, LCB, RB",22,0,2029-06-30,12,595,1,1.14,0,0.16,12.1,68.75,Serbia,Serbia,right,192,83,no,7.41,4.39,89.66,4.08,66.67,0.76,1.28,0.15,2.72,4.62,0.61,0,0.0,0,0.0,0.76,0.15,1,0.15,0.17,1,0.15,4,0.61,75.0,25.0,0.0,0.0,0.0,0.0,0.0,0.0,0.0,0.0,0.61,50.0,1.66,36.36,0.76,0.76,0.0,38.72,0.76,0.76,52.18,94.78,17.09,91.15,4.54,100.0,26.47,96.0,48.86,96.9,3.33,63.64,18.69,29.44,0.02,0.15,0.0,0.15,0.0,0.0,0.0,4.69,96.77,0.3,50.0,0.0,0.0,0.15,0.0,6.2,78.05,0,,0,,0,0.0,0.0,0.0,,,3.48,,,0.0,0.0,0.0,0.0,1,0.0
S. Eraković,Crvena Zvezda,Crvena Zvezda,"RCB, RB",25,0,2027-06-30,33,2897,0,2.26,2,0.65,16.03,65.12,Serbia,Serbia,right,188,0,yes,8.39,6.8,71.69,3.91,57.94,0.09,0.17,0.22,3.42,6.24,0.99,5,0.16,0,0.0,1.3,0.0,0,0.0,0.07,0,0.0,20,0.62,35.0,0.0,0.06,0.78,48.0,0.09,66.67,0.65,42.86,0.06,0.93,76.67,2.42,58.97,1.12,1.68,0.19,37.12,1.03,0.71,51.91,92.34,21.78,88.87,3.91,96.03,20.81,96.12,48.09,95.03,3.08,61.62,19.0,29.43,0.02,0.34,0.03,0.03,0.03,0.0,0.12,6.37,84.88,1.15,48.65,0.28,22.22,0.19,0.37,9.79,85.4,0,,0,,0,0.0,0.0,0.0,,,1.77,,,0.0,0.0,0.0,0.0,0,0.0
Igor Miladinovic,Saint-Étienne,Čukarički,"RDMF, AMF, LCMF",23,0,2028-06-30,11,315,0,0.25,2,0.62,24.0,42.86,Serbia,Serbia,right,170,65,no,8.29,8.86,58.06,2.0,28.57,0.29,0.32,0.0,2.86,3.23,2.86,1,0.29,0,0.0,2.0,0.0,0,0.0,0.07,0,0.0,4,1.14,25.0,0.0,0.57,0.0,0.0,0.0,0.0,0.0,0.0,0.0,2.86,50.0,8.86,35.48,0.57,1.43,1.43,20.86,0.57,0.86,30.29,80.19,9.14,71.88,5.71,90.0,8.29,79.31,29.14,80.39,1.14,75.0,16.43,12.93,0.18,1.14,0.0,0.0,0.57,50.0,0.86,3.43,58.33,0.86,66.67,0.86,33.33,0.86,0.0,4.57,87.5,0,,0,,0,0.0,0.0,0.0,,,0.57,,,0.0,0.0,0.0,0.0,0,0.0
V. Serafimović,Famalicão,Čukarički,"LCB, LB",20,0,2031-06-30,5,188,0,0.0,0,0.0,12.45,57.69,Serbia,Serbia,left,190,79,no,7.18,7.18,66.67,3.35,28.57,0.0,0.0,0.0,2.39,3.06,0.96,0,0.0,0,0.0,0.48,0.0,0,0.0,0.0,0,0.0,0,0.0,0.0,0.0,0.0,0.0,0.0,0.0,0.0,0.0,0.0,0.0,0.48,100.0,1.44,66.67,0.0,0.96,0.0,38.78,0.48,0.48,49.31,93.2,27.29,91.23,2.87,100.0,16.76,97.14,45.0,95.74,4.31,66.67,19.25,11.85,0.0,0.0,0.0,0.48,0.0,0.0,0.0,4.79,80.0,0.0,0.0,0.0,0.0,0.0,0.0,10.05,80.95,0,,0,,0,0.0,0.0,0.0,,,1.44,,,0.0,0.0,0.0,0.0,0,0.0
B. Kovačević,Cádiz,Čukarički,RCB,22,0,2029-06-30,17,1477,1,0.69,0,0.19,11.94,60.2,Serbia,Serbia,right,193,81,no,7.31,4.51,55.41,4.69,64.94,0.12,0.15,0.37,4.69,5.86,0.97,3,0.18,0,0.0,0.18,0.06,1,0.06,0.04,1,0.06,6,0.37,33.33,16.667,0.0,0.0,0.0,0.0,0.0,0.0,0.0,0.0,0.0,0.0,0.43,42.86,0.37,0.55,0.18,21.02,0.06,0.3,35.28,78.07,18.16,67.79,1.58,92.31,12.98,91.55,27.97,85.62,7.31,49.17,23.03,37.52,0.01,0.12,0.0,0.0,0.06,100.0,0.0,5.79,52.63,0.49,50.0,0.18,33.33,0.24,0.0,7.92,66.92,0,,0,,0,0.0,0.0,0.0,,,1.16,,,0.0,0.0,0.0,0.0,0,0.0
V. Rogan,Borac Banja Luka,Čukarički,RB,23,0,2027-05-31,22,1482,1,0.89,2,2.02,19.49,51.09,Serbia,Serbia,right,178,63,no,10.69,10.08,54.82,3.22,35.85,0.73,0.94,0.24,4.43,5.7,1.76,1,0.06,0,0.0,2.67,0.06,1,0.06,0.05,1,0.06,11,0.67,27.27,9.091,0.12,3.58,44.07,0.0,0.0,3.58,44.07,0.36,1.34,68.18,3.77,56.45,1.15,1.09,0.12,19.19,1.21,1.15,29.7,72.6,12.57,68.12,3.58,88.14,8.5,72.86,22.77,81.33,3.34,43.64,16.13,24.86,0.12,0.91,0.06,0.06,0.12,0.0,0.85,4.01,72.73,3.46,61.4,0.24,25.0,0.67,1.52,8.26,66.91,0,,0,,0,0.0,0.0,0.0,,,0.49,,,0.0,0.0,0.0,0.0,0,0.0
I. Cvetojevic,Trayal Kruševac,Kolubara,RCB,25,0,,2,140,1,0.4,0,0.0,12.21,52.63,Serbia,Serbia,right,188,0,no,12.86,8.36,53.85,0.0,0.0,1.29,1.71,0.64,7.07,9.43,2.57,0,0.0,0,0.0,1.29,0.64,1,0.64,0.26,1,0.64,2,1.29,100.0,50.0,0.0,0.0,0.0,0.0,0.0,0.0,0.0,0.0,0.0,0.0,0.64,100.0,1.29,0.0,0.0,32.14,0.0,0.64,50.79,72.15,26.36,56.1,3.21,100.0,19.29,86.67,37.93,86.44,12.86,30.0,23.79,42.85,0.0,0.0,0.0,0.0,0.0,0.0,0.0,10.29,37.5,0.0,0.0,1.29,0.0,0.0,0.0,14.79,65.22,0,,0,,0,0.0,0.0,0.0,,,2.57,,,0.0,0.0,0.0,0.0,0,0.0
V. Ilić,Navbahor,Kolubara,"RW, LW, RAMF",27,0,2026-12-31,29,1684,2,2.19,1,1.65,28.69,43.34,Serbia,Serbia,left,178,74,no,9.04,8.24,58.82,4.04,30.67,0.86,1.05,0.0,3.34,4.09,2.1,4,0.21,0,0.0,3.28,0.11,2,0.11,0.12,0,0.0,28,1.51,32.14,7.143,0.05,2.26,38.1,0.86,25.0,1.4,46.15,0.16,4.14,46.75,13.19,40.0,2.58,1.88,1.08,12.11,1.29,2.48,21.32,75.25,4.9,62.64,5.54,92.23,5.81,75.93,17.98,81.44,1.13,52.38,17.39,13.26,0.09,1.02,0.0,0.0,0.05,0.0,0.43,1.99,59.46,1.99,62.16,0.22,0.0,0.75,0.86,3.28,67.21,0,,0,,0,0.0,0.0,0.0,,,0.0,,,0.92,0.05,100.0,1.29,0,0.0
M. Djokić,Budučnost Krušik,Kolubara,"RW, RWB",34,0,,31,2106,1,1.8,1,2.27,16.03,52.44,Serbia,Serbia,right,182,69,no,7.21,5.42,65.25,2.39,34.62,0.92,1.16,0.09,2.76,3.47,0.96,3,0.13,0,0.0,2.94,0.04,1,0.05,0.08,0,0.0,24,1.1,33.33,4.167,0.05,2.8,32.79,0.32,28.57,2.48,33.33,0.18,2.11,76.09,5.83,52.76,1.75,1.56,0.83,18.06,1.84,1.56,24.99,71.51,7.08,59.74,5.33,90.52,7.12,72.26,20.49,78.7,1.84,47.5,18.11,20.82,0.1,0.69,0.0,0.0,0.28,16.67,0.32,2.62,57.89,2.71,50.85,0.23,20.0,0.64,0.87,4.96,56.48,0,,0,,0,0.0,0.0,0.0,,,0.14,,,0.05,0.0,0.0,0.0,0,0.0
V. Ilić,Grafičar,Kolubara,"AMF, LW",20,0,,3,83,0,0.0,0,0.0,14.1,53.85,Serbia,Serbia,unknown,0,0,no,9.76,5.42,100.0,3.25,33.33,0.0,0.0,0.0,4.34,5.22,0.0,0,0.0,0,0.0,0.0,0.0,0,0.0,0.0,0,0.0,0,0.0,0.0,0.0,0.0,0.0,0.0,0.0,0.0,0.0,0.0,0.0,2.17,0.0,3.25,0.0,0.0,1.08,1.08,13.01,0.0,1.08,15.18,64.29,4.34,50.0,2.17,100.0,2.17,100.0,15.18,64.29,0.0,0.0,12.79,0.0,0.0,0.0,0.0,0.0,0.0,0.0,0.0,0.0,0.0,1.08,100.0,0.0,0.0,0.0,0.0,5.42,40.0,0,,0,,0,0.0,0.0,0.0,,,0.0,,,0.0,0.0,0.0,0.0,0,0.0
M. Mrkić,,Kolubara,"LAMF, CF, LW",29,0,,4,145,1,0.66,0,0.0,24.21,33.33,Serbia,Serbia,right,183,74,no,4.97,4.34,14.29,4.97,37.5,0.62,0.75,0.0,3.72,4.5,2.48,0,0.0,0,0.0,2.48,0.62,1,0.62,0.41,0,0.0,1,0.62,100.0,100.0,0.0,0.62,0.0,0.0,0.0,0.62,0.0,0.0,3.1,60.0,12.41,35.0,0.62,0.0,0.0,6.21,1.24,2.48,10.55,76.47,3.72,83.33,1.86,100.0,1.86,33.33,9.31,80.0,0.62,100.0,15.01,4.94,0.0,0.0,0.0,0.0,0.62,0.0,0.0,1.86,100.0,0.62,0.0,0.62,0.0,0.0,0.0,0.62,100.0,0,,0,,0,0.0,0.0,0.0,,,0.0,,,0.0,0.0,0.0,0.0,0,0.0
N. Zecević,Železničar Pancevo,Voždovac,"RCB, RB",22,0,2027-12-31,11,815,0,0.0,0,0.0,13.25,48.33,Serbia,Serbia,right,190,78,no,12.04,6.85,54.84,2.43,45.45,0.55,0.68,1.33,7.73,9.46,1.33,2,0.22,0,0.0,0.22,0.0,0,0.0,0.0,0,0.0,1,0.11,0.0,0.0,0.0,0.0,0.0,0.0,0.0,0.0,0.0,0.0,0.44,50.0,1.88,41.18,0.0,0.11,0.0,24.52,0.99,0.44,37.33,79.88,16.56,64.0,2.87,96.15,14.8,95.52,29.15,90.53,8.17,41.89,26.06,39.28,0.0,0.0,0.0,0.0,0.0,0.0,0.0,4.97,37.78,0.33,0.0,0.55,0.0,0.22,0.0,6.4,62.07,0,,0,,0,0.0,0.0,0.0,,,2.21,,,0.0,0.0,0.0,0.0,0,0.0
A. Lazarević,Radnik Surdulica,Voždovac,"RAMF, LAMF",22,0,2027-06-30,14,869,0,0.15,0,0.12,16.67,38.51,Serbia,Serbia,right,178,68,no,4.97,5.59,51.85,1.66,31.25,0.0,0.0,0.0,2.07,2.78,1.04,1,0.1,0,0.0,1.76,0.0,0,0.0,0.02,0,0.0,2,0.21,0.0,0.0,0.0,1.14,18.18,0.52,20.0,0.52,20.0,0.21,3.31,43.75,7.46,33.33,0.72,2.17,0.41,14.29,1.97,0.93,18.85,83.52,3.42,81.82,4.45,97.67,6.42,77.42,16.99,88.41,0.72,71.43,17.21,11.78,0.01,0.31,0.0,0.0,0.1,100.0,0.0,1.35,84.62,1.55,33.33,0.0,0.0,0.41,0.31,2.49,79.17,0,,0,,0,0.0,0.0,0.0,,,0.0,,,0.0,0.0,0.0,0.52,0,0.0
N. Đuričić,Železničar Pancevo,Voždovac,LB,26,0,,16,1043,0,0.53,0,0.2,19.07,54.3,Serbia,Serbia,left,180,73,no,12.25,8.63,57.0,3.45,57.5,0.78,0.95,0.26,6.56,8.03,1.98,4,0.35,0,0.0,1.12,0.0,0,0.0,0.05,0,0.0,5,0.43,0.0,0.0,0.0,1.12,7.69,1.12,7.69,0.0,0.0,0.09,1.21,71.43,4.92,49.12,0.52,1.21,0.43,27.27,1.55,1.64,39.78,81.34,16.83,70.77,4.83,96.43,14.07,88.34,33.74,89.0,5.0,44.83,19.63,33.22,0.02,0.17,0.0,0.0,0.35,50.0,0.0,5.35,56.45,1.47,17.65,0.6,28.57,0.26,0.09,7.94,61.96,0,,0,,0,0.0,0.0,0.0,,,0.6,,,0.17,0.0,0.0,0.0,0,0.0
M. Đorđević,Austin FC,Voždovac,"RCB, RB, LB",23,0,2028-12-31,25,1864,0,0.25,0,0.07,17.33,55.99,Serbia,Serbia,right,191,83,no,12.7,7.68,64.78,3.09,50.0,1.16,1.6,0.68,6.57,9.05,1.45,3,0.14,2,0.1,0.68,0.0,0,0.0,0.01,0,0.0,6,0.29,16.67,0.0,0.0,0.34,0.0,0.1,0.0,0.24,0.0,0.05,1.16,54.17,2.75,47.37,0.1,0.53,0.1,27.18,1.11,0.53,43.74,79.69,18.49,65.54,4.25,95.45,17.53,89.26,35.73,86.35,7.68,52.2,21.23,37.31,0.0,0.1,0.05,0.0,0.0,0.0,0.05,6.08,58.73,1.06,22.73,0.63,38.46,0.34,0.0,10.14,59.52,0,,0,,0,0.0,0.0,0.0,,,2.95,,,0.0,0.0,0.0,0.0,0,0.0
D. Teodorović,Radnik Bijeljina,Voždovac,CF,24,0,2027-06-30,24,900,3,1.57,1,0.26,25.0,29.6,Bosnia and Herzegovina,Bosnia and Herzegovina,right,186,79,no,6.3,6.0,46.67,6.8,19.12,1.3,1.81,0.3,2.2,3.07,2.6,6,0.6,0,0.0,0.9,0.3,3,0.3,0.16,0,0.0,11,1.1,45.45,27.273,0.1,0.4,0.0,0.1,0.0,0.3,0.0,0.2,0.9,44.44,7.6,26.32,2.0,0.4,0.5,10.2,1.5,1.7,15.8,79.11,2.6,57.69,4.7,95.74,4.4,70.45,14.8,83.11,0.6,33.33,14.2,9.01,0.03,0.6,0.0,0.0,0.1,0.0,0.1,1.9,63.16,0.7,42.86,0.3,33.33,0.5,0.0,1.6,62.5,0,,0,,0,0.0,0.0,0.0,,,0.0,,,0.0,0.0,0.0,0.0,0,0.0
A. Matić,Stabæk,Voždovac,"LDMF, DMF, RDMF",23,0,2027-12-31,15,1183,0,0.12,1,0.38,20.92,48.36,Serbia,Serbia,right,185,70,no,12.7,8.9,64.96,2.89,39.47,0.15,0.19,0.38,6.77,8.59,1.14,3,0.23,0,0.0,1.14,0.0,0,0.0,0.01,0,0.0,3,0.23,66.67,0.0,0.08,0.23,66.67,0.0,0.0,0.23,66.67,0.0,1.6,38.1,5.48,36.11,0.15,0.46,0.15,20.08,0.15,0.91,34.69,82.46,11.94,68.15,5.48,94.44,11.94,91.72,32.1,85.55,2.36,41.94,17.01,33.07,0.03,0.68,0.0,0.0,0.3,75.0,0.15,4.56,65.0,1.07,50.0,0.84,27.27,0.46,0.15,5.1,67.16,0,,0,,0,0.0,0.0,0.0,,,0.3,,,0.0,0.0,0.0,0.0,0,0.0
A. Katić,Trenčín,Voždovac,GK,24,0,2027-06-30,14,1319,0,0.0,0,0.0,0.61,100.0,Serbia,Serbia,left,195,84,no,1.16,0.0,0.0,0.41,100.0,0.0,0.0,0.0,1.16,1.53,0.0,2,0.14,0,0.0,0.07,0.0,0,0.0,0.0,0,0.0,0,0.0,0.0,0.0,0.0,0.0,0.0,0.0,0.0,0.0,0.0,0.0,0.07,100.0,0.14,100.0,0.0,0.0,0.0,19.17,0.2,0.2,31.87,81.16,16.72,72.65,0.0,0.0,13.58,90.45,18.42,95.93,13.37,61.22,29.93,43.75,0.0,0.0,0.0,0.07,0.0,0.0,0.0,1.91,35.71,0.14,0.0,0.27,0.0,0.0,0.0,7.92,54.31,18,1.23,81,5.53,4,77.78,22.01,1.5,4.01,0.274,0.0,2.18,0.41,,,,0.0,0,0.0
J. Jevremović,Železničar Pancevo,Partizan,"RAMF, RWF, AMF",21,0,2027-06-30,8,138,0,0.02,0,0.14,28.7,29.55,Serbia,Serbia,left,181,74,no,5.22,10.43,31.25,1.96,0.0,0.0,0.0,0.0,1.96,3.46,1.3,0,0.0,0,0.0,3.91,0.0,0,0.0,0.01,0,0.0,2,1.3,0.0,0.0,0.0,2.61,25.0,0.65,0.0,1.96,33.33,1.3,7.17,36.36,13.7,23.81,2.61,1.96,0.0,11.09,0.0,1.3,19.57,83.33,3.91,100.0,5.22,87.5,7.17,81.82,16.96,92.31,0.0,0.0,10.14,0.0,0.09,0.65,0.0,0.0,0.65,100.0,0.0,0.65,100.0,1.96,66.67,0.65,100.0,1.3,0.65,3.26,100.0,0,,0,,0,0.0,0.0,0.0,,,0.0,,,0.0,0.0,0.0,0.0,0,0.0
M. Petković,Novi Pazar,Partizan,"LAMF, LW, RCMF",22,0,2027-06-30,7,323,1,0.38,0,0.25,23.96,40.7,Serbia,Serbia,right,182,79,no,4.46,6.41,43.48,2.79,30.0,0.0,0.0,0.0,1.67,2.4,0.56,0,0.0,0,0.0,3.34,0.28,1,0.28,0.11,0,0.0,5,1.39,20.0,20.0,0.0,1.11,50.0,1.11,50.0,0.0,0.0,0.0,5.57,45.0,11.7,40.48,1.67,0.56,0.56,22.01,1.11,3.34,25.91,67.74,6.41,30.43,8.36,100.0,6.13,72.73,21.46,76.62,3.34,16.67,17.59,22.67,0.07,0.56,0.0,0.0,0.0,0.0,0.28,4.18,40.0,1.67,66.67,0.84,33.33,0.84,0.56,3.34,50.0,0,,0,,0,0.0,0.0,0.0,,,0.28,,,0.0,0.0,0.0,0.56,0,0.0
S. Maksimović,,Mladost Lučani,"RCB, LCB",24,0,,5,485,0,0.18,0,0.0,12.8,56.52,Serbia,Serbia,right,182,75,no,8.72,6.68,58.33,2.78,46.67,0.37,0.43,0.56,4.45,5.22,1.86,2,0.37,0,0.0,0.0,0.0,0,0.0,0.03,0,0.0,2,0.37,0.0,0.0,0.0,0.0,0.0,0.0,0.0,0.0,0.0,0.0,0.0,0.0,2.04,72.73,0.37,0.19,0.0,10.95,0.19,0.93,22.08,73.95,13.18,63.38,1.3,100.0,5.38,86.21,15.59,83.33,6.49,51.43,21.9,36.16,0.0,0.0,0.0,0.0,0.0,0.0,0.0,3.53,47.37,0.19,0.0,0.37,0.0,0.0,0.0,6.12,57.58,0,,0,,0,0.0,0.0,0.0,,,0.93,,,0.0,0.0,0.0,0.0,0,0.0
M. Velicković,Vojvodina,Mladost Lučani,"LCMF, AMF",21,0,2028-06-30,2,38,0,0.0,0,0.0,,,Serbia,Serbia,right,176,70,no,,,,,,,0.0,,,0.0,,0,,0,,,,0,,,0,,0,,,0.0,,,,,,,,,,,,,,,,,,,,,,,,,,,,,,,16.9,17.08,,,,,,,,,,,,,,,,,,0,,0,,0,0.0,0.0,,,,,,,,,,,0,0.0
V. Siladji,Naftagas,Mladost Lučani,CF,33,0,,13,541,1,1.38,1,0.45,16.14,22.68,Serbia,Serbia,right,176,74,no,2.83,2.33,35.71,4.99,13.33,0.0,0.0,0.0,2.0,2.65,1.66,0,0.0,0,0.0,1.33,0.17,1,0.17,0.23,0,0.0,9,1.5,33.33,11.111,0.17,0.5,66.67,0.0,0.0,0.5,66.67,0.0,0.83,40.0,5.32,37.5,3.33,0.33,0.0,13.14,1.5,1.33,16.8,64.36,4.49,33.33,4.49,85.19,3.83,78.26,14.64,67.05,1.66,40.0,18.64,21.02,0.07,0.83,0.0,0.0,0.5,33.33,0.5,2.0,25.0,1.5,44.44,0.5,33.33,0.33,0.33,1.33,62.5,0,,0,,0,0.0,0.0,0.0,,,0.0,,,0.0,0.0,0.0,0.0,0,0.0
R. Baha,Priboj,Mladost Lučani,"DMF, LCMF, LDMF",29,0,,30,2261,0,0.42,0,0.34,19.54,55.8,Cameroon,Cameroon,right,185,75,no,9.2,6.89,60.69,5.41,62.5,0.16,0.2,0.28,4.86,6.24,1.71,10,0.4,0,0.0,1.0,0.0,0,0.0,0.02,0,0.0,16,0.64,25.0,0.0,0.0,0.16,0.0,0.04,0.0,0.08,0.0,0.04,1.11,67.86,4.3,44.44,0.32,0.68,0.24,22.17,0.28,1.27,39.65,75.0,15.92,57.75,3.78,90.53,15.56,86.96,31.49,83.82,8.04,41.58,20.84,35.46,0.01,0.16,0.08,0.0,0.24,33.33,0.08,8.88,58.3,1.11,46.43,1.07,37.04,0.48,0.04,7.36,65.95,0,,0,,0,0.0,0.0,0.0,,,0.28,,,0.12,0.0,0.0,0.0,0,0.0
N. Miličić,Radnički Kragujevac,Radnički Kragujevac,"LCB, RCB",21,0,2028-06-30,27,2034,0,0.05,0,0.1,13.85,54.63,Serbia,Serbia,right,186,78,no,9.78,6.46,65.07,2.74,41.94,0.4,0.5,0.58,5.18,6.55,0.75,4,0.18,0,0.0,0.66,0.0,0,0.0,0.0,0,0.0,2,0.09,0.0,0.0,0.0,0.13,33.33,0.09,50.0,0.04,0.0,0.0,0.71,81.25,2.17,51.02,0.27,1.68,0.18,23.72,0.4,0.58,38.76,81.85,17.83,72.7,3.01,94.12,12.52,91.87,32.12,88.43,6.5,50.34,18.11,27.76,0.0,0.09,0.0,0.0,0.09,50.0,0.04,6.15,59.71,0.75,35.29,0.58,7.69,0.35,0.04,8.27,72.73,0,,0,,0,0.0,0.0,0.0,,,1.33,,,0.0,0.0,0.0,0.0,0,0.0
D. Jovanović,Zvijezda '09 Brgule,Radnički Kragujevac,"CF, LW, RWF",23,0,,18,528,0,0.28,0,0.57,26.08,32.68,Serbia,Serbia,right,187,79,no,6.65,7.16,40.48,5.11,26.67,1.19,1.42,0.0,2.56,3.04,3.24,4,0.68,0,0.0,2.73,0.0,0,0.0,0.05,0,0.0,4,0.68,25.0,0.0,0.0,2.56,26.67,0.85,20.0,1.7,30.0,0.34,4.09,45.83,9.72,31.58,2.73,1.19,0.68,9.03,2.05,2.39,12.78,68.0,1.88,63.64,3.41,90.0,3.24,57.89,10.06,79.66,0.51,0.0,19.11,5.24,0.1,0.51,0.0,0.0,0.0,0.0,0.51,0.17,100.0,1.19,28.57,0.0,0.0,0.51,0.51,1.7,50.0,0,,0,,0,0.0,0.0,0.0,,,0.0,,,0.0,0.0,0.0,0.0,0,0.0
S. Pribakovic,Mladost Lučani,Mladost Lučani,LB,23,0,,1,26,0,0.0,0,0.0,,,Serbia,Serbia,left,0,0,no,,,,,,,0.0,,,5.0,,0,,0,,,,0,,,0,,0,,,0.0,,,,,,,,,,,,,,,,,,,,,,,,,,,,,,,22.66,45.62,,,,,,,,,,,,,,,,,,0,,0,,0,0.0,0.0,,,,,,,,,,,0,0.0
I. Fijuljanin,,Novi Pazar,"RWF, LW, LAMF",21,0,,4,30,0,0.0,0,0.0,,,Serbia,Serbia,,178,74,no,,,,,,,3.0,,,0.0,,1,,0,,,,0,,,0,,0,,,0.0,,,,,,,,,,,,,,,,,,,,,,,,,,,,,,,0.0,0.0,,,,,,,,,,,,,,,,,,0,,0,,0,0.0,0.0,,,,,,,,,,,0,0.0
A. Kahrimanović,Jošanica,Novi Pazar,GK,22,0,,2,192,0,0.0,0,0.0,0.94,100.0,Serbia,Serbia,,195,0,no,3.75,0.94,100.0,0.0,0.0,0.0,0.0,0.0,2.81,3.33,0.0,0,0.0,0,0.0,0.0,0.0,0,0.0,0.0,0,0.0,0,0.0,0.0,0.0,0.0,0.0,0.0,0.0,0.0,0.0,0.0,0.0,0.0,0.0,0.0,0.0,0.0,0.0,0.0,6.56,0.0,0.0,12.66,74.07,9.38,65.0,0.0,0.0,2.34,100.0,4.69,90.0,7.97,64.71,35.47,43.25,0.0,0.0,0.0,0.0,0.0,0.0,0.0,1.41,66.67,0.0,0.0,0.0,0.0,0.0,0.0,4.69,80.0,2,0.94,9,4.22,0,77.78,2.7,1.27,0.7,0.328,0.0,0.94,0.0,,,,0.0,0,0.0
M. Momcilović,OFK Beograd,Novi Pazar,"DMF, RDMF, LCMF",25,0,2027-06-30,27,2123,1,0.41,0,0.38,22.62,57.09,Bosnia and Herzegovina,"Bosnia and Herzegovina, Serbia",right,184,79,no,13.87,9.92,68.56,2.73,41.27,0.3,0.37,0.26,6.76,8.33,1.65,6,0.25,0,0.0,1.3,0.04,1,0.04,0.02,0,0.0,9,0.39,22.22,11.111,0.0,0.09,100.0,0.04,100.0,0.04,100.0,0.0,1.91,56.82,6.98,49.07,0.22,0.13,0.43,17.03,0.3,2.34,33.11,80.76,11.18,59.69,3.55,97.56,13.82,93.1,28.64,84.87,4.38,53.47,19.53,36.51,0.02,0.39,0.09,0.04,0.26,16.67,0.13,5.37,59.68,0.56,46.15,0.48,9.09,0.17,0.09,4.94,59.65,0,,0,,0,0.0,0.0,0.0,,,0.35,,,0.0,0.0,0.0,0.0,0,0.0
V. Zimonjić,,Novi Pazar,"LB, RB",25,0,,14,449,0,0.0,0,0.01,19.04,51.58,Serbia,Serbia,left,183,73,no,11.02,8.22,60.98,3.61,50.0,0.0,0.0,0.0,6.01,7.5,1.0,0,0.0,0,0.0,1.8,0.0,0,0.0,0.0,0,0.0,0,0.0,0.0,0.0,0.0,0.8,50.0,0.6,33.33,0.2,100.0,0.4,1.4,71.43,5.21,46.15,0.0,0.4,0.2,14.23,1.6,0.4,25.06,73.6,13.43,65.67,3.61,94.44,3.81,78.95,21.05,77.14,3.21,56.25,14.35,10.11,0.0,0.2,0.0,0.0,0.4,100.0,0.2,3.21,62.5,0.8,50.0,0.2,100.0,0.2,0.4,6.21,58.06,0,,0,,0,0.0,0.0,0.0,,,1.0,,,0.0,0.0,0.0,0.0,0,0.0
L. Slavković,,Novi Pazar,GK,24,0,,9,855,0,0.0,0,0.0,1.26,66.67,Serbia,Serbia,right,183,79,no,2.74,0.53,60.0,0.63,66.67,0.0,0.0,0.0,2.42,2.5,0.11,0,0.0,0,0.0,0.0,0.0,0,0.0,0.0,0,0.0,0,0.0,0.0,0.0,0.0,0.0,0.0,0.0,0.0,0.0,0.0,0.0,0.0,0.0,0.0,0.0,0.0,0.0,0.0,9.16,0.32,0.32,17.58,79.64,10.84,68.93,0.0,0.0,6.32,98.33,9.47,97.78,8.0,59.21,33.42,42.76,0.0,0.0,0.0,0.0,0.0,0.0,0.0,0.95,44.44,0.11,0.0,0.21,50.0,0.0,0.0,6.32,60.0,24,2.53,60,6.32,1,60.0,18.6,1.96,-5.4,-0.568,0.0,1.68,0.63,,,,0.0,0,0.0
L. Slavković,Radnički Kragujevac U17,Radnički Kragujevac,,19,0,,1,1,0,0.0,0,0.0,,,Serbia,Serbia,,0,0,no,,,,,,,0.0,,,0.0,,0,,0,,,,0,,,0,,0,,,0.0,,,,,,,,,,,,,,,,,,,,,,,,,,,,,,,0.0,0.0,,,,,,,,,,,,,,,,,,0,,0,,0,0.0,0.0,,,,,,,,,,,0,0.0
N. Ristović,Radnički Kragujevac U19,Radnički Kragujevac,,20,0,,1,1,0,0.0,0,0.0,,,Serbia,Serbia,unknown,0,0,no,,,,,,,0.0,,,0.0,,0,,0,,,,0,,,0,,0,,,0.0,,,,,,,,,,,,,,,,,,,,,,,,,,,,,,,0.0,0.0,,,,,,,,,,,,,,,,,,0,,0,,0,0.0,0.0,,,,,,,,,,,0,0.0
V. Tomović,Ušće NB,Radnički Kragujevac,LCB,23,0,,7,506,0,0.0,0,0.0,7.83,52.27,Serbia,Serbia,left,197,89,no,6.4,3.74,61.9,1.78,30.0,0.0,0.0,0.36,4.09,5.35,1.25,1,0.18,0,0.0,0.18,0.0,0,0.0,0.0,0,0.0,0,0.0,0.0,0.0,0.0,0.0,0.0,0.0,0.0,0.0,0.0,0.0,0.18,100.0,0.71,50.0,0.36,0.53,0.18,30.06,0.18,0.36,44.47,82.8,15.83,76.4,3.38,94.74,22.06,86.29,36.64,88.83,7.83,54.55,23.08,32.36,0.0,0.0,0.0,0.0,0.0,0.0,0.18,7.11,67.5,0.71,50.0,0.71,75.0,0.36,0.0,10.67,60.0,0,,0,,0,0.0,0.0,0.0,,,1.96,,,0.0,0.0,0.0,0.0,0,0.0
L. Malic,Željezničar Banja Luka,Radnički Kragujevac,"LB, LWB",26,0,,3,190,0,0.0,0,0.0,24.16,54.9,Bosnia and Herzegovina,Bosnia and Herzegovina,left,0,0,no,11.84,11.84,64.0,0.95,50.0,0.47,0.5,0.0,3.79,4.0,1.89,0,0.0,0,0.0,3.32,0.0,0,0.0,0.0,0,0.0,0,0.0,0.0,0.0,0.0,4.26,11.11,4.26,11.11,0.0,0.0,0.0,4.26,66.67,9.0,47.37,1.42,1.89,0.47,12.32,3.32,1.89,18.47,43.59,8.05,41.18,0.95,100.0,6.16,30.77,13.26,57.14,0.95,0.0,19.63,7.76,0.0,0.0,0.0,0.0,0.95,0.0,0.0,1.89,0.0,3.79,12.5,0.95,0.0,0.0,0.47,4.26,44.44,0,,0,,0,0.0,0.0,0.0,,,0.0,,,0.0,0.0,0.0,0.0,0,0.0
J. Milošević,Stuttgart,Vojvodina,"CF, AMF",20,0,2029-06-30,18,653,3,1.15,0,0.14,25.64,38.17,Serbia,Serbia,right,190,82,no,3.45,4.27,41.94,5.1,32.43,0.28,0.4,0.14,1.38,1.99,1.65,1,0.14,0,0.0,2.89,0.41,3,0.41,0.16,0,0.0,11,1.52,45.45,27.273,0.0,0.28,50.0,0.28,50.0,0.0,0.0,0.0,3.45,56.0,10.89,40.51,2.62,1.38,0.69,11.44,1.52,2.76,18.88,71.53,4.55,72.73,4.55,81.82,4.69,73.53,17.92,73.85,0.69,20.0,12.7,5.52,0.02,0.41,0.14,0.0,0.41,33.33,0.14,1.79,69.23,1.52,45.45,0.69,20.0,0.96,0.14,2.07,66.67,0,,0,,0,0.0,0.0,0.0,,,0.14,,,0.0,0.0,0.0,0.0,0,0.0
J. Mijatović,New York City,Crvena Zvezda,"RAMF, LCMF, RW",20,0,2028-12-31,12,453,1,0.76,1,0.3,20.86,41.9,Serbia,Serbia,left,179,73,no,3.97,4.77,33.33,4.77,50.0,0.4,0.76,0.0,1.99,3.8,2.19,0,0.0,0,0.0,4.37,0.2,1,0.2,0.15,0,0.0,12,2.38,41.67,8.333,0.2,1.99,40.0,0.99,20.0,0.99,60.0,0.0,2.98,80.0,8.74,50.0,3.38,0.99,0.2,17.68,0.99,1.79,23.25,76.92,6.75,61.76,4.97,96.0,8.54,76.74,20.26,82.35,0.99,40.0,17.97,13.23,0.06,0.99,0.0,0.0,0.6,33.33,0.4,3.18,68.75,2.38,50.0,0.99,40.0,0.79,1.19,2.98,73.33,0,,0,,0,0.0,0.0,0.0,,,0.0,,,0.0,0.0,0.0,0.4,0,0.0
M. Milosavić,Bačka Topola,Bačka Topola,CF,21,0,,1,5,0,0.02,0,0.04,,,Serbia,Serbia,right,178,0,no,,,,,,,0.0,,,0.0,,0,,0,,,,0,,,0,,1,,,0.0,,,,,,,,,,,,,,,,,,,,,,,,,,,,,,,11.47,0.0,,,,,,,,,,,,,,,,,,0,,0,,0,0.0,0.0,,,,,,,,,,,0,0.0
I. Azarovi,Shakhtar Donetsk,Crvena Zvezda,LB,24,0,2028-06-30,20,1094,0,0.24,2,1.49,14.23,49.71,Georgia,Georgia,left,179,70,no,6.58,5.68,55.07,1.65,40.0,0.33,0.6,0.16,3.13,5.67,0.99,2,0.16,0,0.0,5.35,0.0,0,0.0,0.02,0,0.0,8,0.66,25.0,0.0,0.16,6.42,44.87,6.42,44.87,0.0,0.0,0.82,3.29,67.5,5.68,47.83,2.06,2.06,0.25,46.48,2.8,0.33,61.29,84.97,17.61,81.78,9.71,95.76,25.67,83.01,49.36,93.83,5.84,50.7,19.81,35.2,0.12,1.56,0.08,0.0,0.08,100.0,0.74,7.16,80.46,7.07,58.14,0.41,40.0,1.73,2.55,11.76,87.41,0,,0,,0,0.0,0.0,0.0,,,0.49,,,0.25,0.08,0.0,0.25,0,0.0
M. Petrović,Sinđelić Niš,Radnički Niš,CF,22,0,,6,164,0,0.63,0,0.12,25.79,17.02,Serbia,Serbia,right,0,0,no,2.2,2.2,25.0,11.52,19.05,0.55,0.83,0.0,1.1,1.67,4.39,0,0.0,0,0.0,1.1,0.0,0,0.0,0.35,0,0.0,6,3.29,0.0,0.0,0.0,0.0,0.0,0.0,0.0,0.0,0.0,0.0,2.2,50.0,7.68,14.29,4.39,0.0,0.0,4.39,1.65,1.1,6.59,58.33,1.65,33.33,1.1,100.0,2.2,50.0,6.04,63.64,0.55,0.0,10.12,3.36,0.06,0.55,0.0,0.0,0.55,0.0,0.55,0.0,0.0,0.0,0.0,0.0,0.0,1.1,0.0,0.55,100.0,0,,0,,0,0.0,0.0,0.0,,,0.0,,,0.0,0.0,0.0,0.0,0,0.0
T. Etongou,Kiryat Yam,Radnički Niš,"RCB, LCB",26,0,,16,1348,0,0.0,0,0.0,20.1,64.12,Cameroon,Cameroon,right,190,79,no,12.62,10.01,70.0,4.74,54.93,0.8,1.15,0.33,4.81,6.92,2.27,6,0.4,2,0.13,0.67,0.0,0,0.0,0.0,0,0.0,0,0.0,0.0,0.0,0.0,0.13,0.0,0.0,0.0,0.13,0.0,0.07,0.87,76.92,2.74,58.54,0.2,0.4,0.27,12.95,0.27,1.34,27.71,74.46,14.15,61.32,1.67,88.0,10.48,92.36,20.96,81.53,6.68,53.0,24.97,39.06,0.0,0.0,0.0,0.0,0.07,0.0,0.0,4.34,52.31,0.13,0.0,0.07,0.0,0.0,0.0,6.94,56.73,0,,0,,0,0.0,0.0,0.0,,,1.2,,,0.0,0.0,0.0,0.0,0,0.0
O. Ajdar,Grafičar,Radnički Niš,"LW, RW, AMF",23,0,2027-06-30,19,391,0,1.34,0,0.15,23.94,47.12,Serbia,Serbia,right,175,67,no,4.6,5.29,56.52,4.14,22.22,0.0,0.0,0.0,1.61,3.0,1.15,0,0.0,0,0.0,2.99,0.0,0,0.0,0.31,0,0.0,7,1.61,42.86,0.0,0.0,0.69,33.33,0.46,50.0,0.23,0.0,0.0,2.99,61.54,11.05,50.0,2.76,2.07,0.92,13.81,1.38,1.38,23.48,86.27,6.45,75.0,7.37,100.0,5.29,82.61,22.1,87.5,0.69,100.0,12.83,8.34,0.03,1.15,0.0,0.0,0.23,100.0,0.23,2.53,54.55,1.61,71.43,0.23,100.0,0.69,0.23,2.53,90.91,0,,0,,0,0.0,0.0,0.0,,,0.0,,,0.0,0.0,0.0,0.0,0,0.0
M. Savić,,Radnički Niš,"RCB, LCB",32,0,,24,1778,0,0.4,0,0.0,15.84,56.9,Serbia,Serbia,right,185,80,no,10.72,8.0,64.0,4.05,50.0,0.32,0.44,0.53,5.28,7.32,2.24,9,0.46,0,0.0,0.16,0.0,0,0.0,0.02,0,0.0,2,0.11,0.0,0.0,0.0,0.0,0.0,0.0,0.0,0.0,0.0,0.0,0.27,60.0,1.17,59.09,0.21,0.43,0.05,19.57,0.11,0.75,36.26,82.94,18.82,76.49,1.71,90.63,13.12,92.68,29.27,89.62,6.98,54.96,20.49,33.34,0.0,0.0,0.0,0.05,0.0,0.0,0.0,4.69,65.91,0.32,33.33,0.21,0.0,0.11,0.0,7.25,67.65,0,,0,,0,0.0,0.0,0.0,,,1.17,,,0.0,0.0,0.0,0.0,0,0.0
S. Cvetković,Vardar,Radnički Niš,"LW, RAMF, LAMF",28,0,,25,1217,2,3.3,2,1.19,14.05,34.21,Serbia,Serbia,right,184,75,no,3.4,2.44,39.39,1.18,50.0,0.15,0.22,0.07,2.29,3.43,0.3,1,0.07,0,0.0,3.25,0.15,2,0.15,0.24,0,0.0,29,2.14,37.93,6.897,0.15,1.41,31.58,0.67,22.22,0.74,40.0,0.3,3.92,49.06,8.28,33.93,3.92,2.07,0.74,14.12,1.04,0.74,19.38,79.39,3.92,66.04,5.77,91.03,5.03,75.0,17.3,85.04,0.67,33.33,15.36,7.86,0.09,0.96,0.0,0.07,0.15,50.0,0.3,0.96,61.54,1.33,44.44,0.15,0.0,0.74,0.59,1.77,66.67,0,,0,,0,0.0,0.0,0.0,,,0.07,,,0.22,0.15,0.0,0.81,1,0.0
M. Gakou,Épinal,Radnički Niš,"LB, LCB",26,0,,10,621,0,0.0,1,0.3,18.84,47.69,France,France,left,188,0,no,10.29,7.83,51.85,3.04,61.9,0.29,0.36,0.29,5.94,7.37,1.59,2,0.29,1,0.14,1.01,0.0,0,0.0,0.0,0,0.0,0,0.0,0.0,0.0,0.14,1.59,9.09,1.59,9.09,0.0,0.0,0.14,1.74,50.0,4.2,27.59,0.29,1.59,0.43,17.1,0.72,1.01,30.43,71.43,13.91,61.46,3.19,81.82,8.7,80.0,24.93,81.4,4.06,32.14,18.57,34.96,0.04,0.43,0.0,0.0,0.0,0.0,0.14,3.19,54.55,1.88,15.38,0.43,0.0,0.14,0.29,7.83,46.3,0,,0,,0,0.0,0.0,0.0,,,0.43,,,0.0,0.0,0.0,0.0,0,0.0
K. Konicanin,Novi Pazar,Novi Pazar,LCB,21,0,,2,7,0,0.0,0,0.0,,,Serbia,Serbia,,0,0,no,,,,,,,0.0,,,0.0,,0,,0,,,,0,,,0,,0,,,0.0,,,,,,,,,,,,,,,,,,,,,,,,,,,,,,,8.64,0.0,,,,,,,,,,,,,,,,,,0,,0,,0,0.0,0.0,,,,,,,,,,,0,0.0
H. Bronja,GFK Sloboda Užice,Novi Pazar,CF,21,0,,2,25,0,0.0,0,0.0,,,Serbia,Serbia,unknown,0,0,no,,,,,,,0.0,,,0.0,,0,,0,,,,0,,,0,,0,,,0.0,,,,,,,,,,,,,,,,,,,,,,,,,,,,,,,2.88,0.0,,,,,,,,,,,,,,,,,,0,,0,,0,0.0,0.0,,,,,,,,,,,0,0.0
A. Adeshina,LASK,Novi Pazar,"RCMF, RDMF",21,0,2028-06-30,4,194,0,0.0,0,0.0,19.02,53.66,Nigeria,Nigeria,right,173,68,no,6.49,6.03,46.15,3.25,71.43,0.0,0.0,0.46,3.71,3.48,0.93,0,0.0,0,0.0,1.86,0.0,0,0.0,0.0,0,0.0,0,0.0,0.0,0.0,0.0,0.0,0.0,0.0,0.0,0.0,0.0,0.0,2.78,66.67,7.42,56.25,0.0,0.0,0.0,13.92,0.46,1.39,25.05,77.78,6.49,57.14,5.57,91.67,6.49,100.0,23.66,80.39,1.39,33.33,16.75,19.67,0.0,0.0,0.0,0.0,0.46,0.0,0.0,2.32,80.0,0.0,0.0,0.46,0.0,0.0,0.0,5.1,45.45,0,,0,,0,0.0,0.0,0.0,,,0.93,,,0.0,0.0,0.0,0.0,0,0.0
V. Vitorović,Spartak Subotica,Spartak Subotica,LB,25,0,2027-05-31,28,2114,1,1.54,1,1.47,16.22,54.07,Serbia,Serbia,left,182,73,no,9.83,6.81,59.38,3.15,55.41,0.09,0.11,0.21,5.7,7.46,1.28,2,0.09,1,0.04,2.34,0.04,1,0.04,0.07,0,0.0,15,0.64,20.0,6.667,0.04,3.66,27.91,3.62,27.06,0.0,0.0,0.47,1.75,65.85,4.0,55.32,0.98,1.4,0.6,22.86,0.89,0.47,34.78,74.05,15.75,68.38,3.83,90.0,10.9,73.44,24.56,86.83,6.9,50.62,20.99,34.48,0.06,0.47,0.04,0.04,0.13,33.33,0.17,6.13,53.47,3.79,31.46,0.64,26.67,0.34,0.94,8.9,75.6,0,,0,,0,0.0,0.0,0.0,,,0.6,,,0.26,0.09,0.0,0.3,0,0.0
K. Kangwa,Hapoel Be'er Sheva,Crvena Zvezda,"RCMF, AMF, RDMF",27,0,2030-06-30,32,2007,8,4.07,2,2.89,18.12,50.99,Zambia,Zambia,right,170,64,no,7.26,6.28,55.0,2.06,45.65,0.27,0.48,0.04,3.54,6.29,1.3,4,0.18,0,0.0,4.35,0.36,8,0.36,0.18,1,0.04,53,2.38,22.64,15.094,0.09,3.0,38.81,0.9,45.0,2.11,36.17,0.36,3.54,67.09,7.76,52.6,1.79,1.75,0.85,49.87,0.67,1.3,65.02,88.21,14.08,75.8,11.35,97.63,28.12,90.27,57.0,93.23,5.16,60.0,18.27,29.57,0.13,1.39,0.18,0.04,0.67,40.0,0.58,11.61,81.08,4.53,49.5,1.39,19.35,1.3,1.17,9.69,88.89,0,,0,,0,0.0,0.0,0.0,,,0.54,,,0.49,0.18,25.0,2.24,0,0.0
M. Mladenović,Dubočica,Radnički Kragujevac,GK,24,0,2027-06-30,7,671,0,0.0,0,0.0,0.94,71.43,Serbia,Serbia,left,193,80,yes,2.01,0.13,0.0,0.27,100.0,0.0,0.0,0.0,2.01,2.69,0.0,2,0.27,0,0.0,0.27,0.0,0,0.0,0.0,0,0.0,0,0.0,0.0,0.0,0.0,0.0,0.0,0.0,0.0,0.0,0.0,0.0,0.27,100.0,0.4,100.0,0.0,0.0,0.0,10.06,0.0,0.27,17.03,88.19,8.58,81.25,0.0,0.0,8.05,96.67,11.13,97.59,5.77,72.09,28.04,39.33,0.0,0.0,0.0,0.0,0.0,0.0,0.0,0.67,80.0,0.0,0.0,0.0,0.0,0.0,0.0,5.1,68.42,9,1.21,21,2.82,2,57.14,6.27,0.84,-2.73,-0.366,0.0,1.48,0.27,,,,0.0,0,0.0
L. Milojević,Metalac GM,Radnički Kragujevac,"LCMF, AMF, DMF",23,0,2027-06-30,4,65,0,0.0,0,0.0,20.77,40.0,Serbia,Serbia,left,190,0,no,13.85,9.69,57.14,0.0,0.0,0.0,0.0,0.0,8.31,10.59,1.38,0,0.0,0,0.0,2.77,0.0,0,0.0,0.0,0,0.0,0,0.0,0.0,0.0,0.0,2.77,50.0,1.38,100.0,1.38,0.0,0.0,2.77,50.0,6.92,20.0,1.38,0.0,1.38,40.15,1.38,0.0,51.23,86.49,6.92,60.0,15.23,81.82,19.38,100.0,48.46,88.57,0.0,0.0,12.23,0.0,0.0,0.0,0.0,0.0,0.0,0.0,0.0,2.77,50.0,1.38,100.0,0.0,0.0,0.0,1.38,2.77,100.0,0,,0,,0,0.0,0.0,0.0,,,0.0,,,0.0,0.0,0.0,0.0,0,0.0
L. Stajković,GFK Sloboda Užice,Spartak Subotica,"RAMF, RWB, LAMF",22,0,,4,65,0,0.04,0,0.01,22.15,37.5,Serbia,Serbia,right,177,73,no,8.31,11.08,50.0,1.38,0.0,1.38,2.31,0.0,1.38,2.31,4.15,0,0.0,1,1.38,0.0,0.0,0,0.0,0.05,0,0.0,1,1.38,0.0,0.0,0.0,1.38,0.0,0.0,0.0,1.38,0.0,0.0,1.38,0.0,8.31,33.33,5.54,2.77,4.15,18.0,1.38,0.0,22.15,81.25,5.54,75.0,8.31,100.0,5.54,50.0,20.77,86.67,0.0,0.0,15.37,0.0,0.01,1.38,0.0,0.0,0.0,0.0,0.0,2.77,50.0,2.77,50.0,0.0,0.0,1.38,0.0,2.77,100.0,0,,0,,0,0.0,0.0,0.0,,,0.0,,,0.0,0.0,0.0,0.0,0,0.0
D. Rosić,Vojvodina,Radnički Niš,GK,29,0,2029-06-30,19,1827,0,0.0,0,0.0,0.39,50.0,Serbia,Serbia,left,194,86,no,1.33,0.15,0.0,0.15,66.67,0.05,0.07,0.0,1.28,1.81,0.05,3,0.15,0,0.0,0.0,0.0,0,0.0,0.0,0,0.0,0,0.0,0.0,0.0,0.0,0.0,0.0,0.0,0.0,0.0,0.0,0.0,0.0,0.0,0.05,100.0,0.0,0.0,0.0,5.37,0.0,0.1,12.36,78.88,7.83,72.33,0.0,0.0,4.04,91.46,7.04,96.5,5.27,56.07,34.8,48.46,0.0,0.0,0.0,0.0,0.0,0.0,0.0,1.77,38.89,0.2,0.0,0.0,0.0,0.0,0.0,3.79,68.83,26,1.28,91,4.48,5,71.43,26.23,1.29,0.23,0.011,0.0,1.43,0.15,,,,0.0,0,0.0
F. Damjanović,Koper,Voždovac,"LCB, RCB",28,0,2028-06-30,35,3294,0,1.87,0,0.45,13.09,58.66,Serbia,Serbia,right,188,84,no,9.92,4.15,53.95,4.26,64.1,0.63,0.83,0.85,7.05,9.34,1.31,8,0.22,1,0.03,0.49,0.0,0,0.0,0.05,0,0.0,13,0.36,15.38,0.0,0.0,0.03,0.0,0.0,0.0,0.0,0.0,0.0,0.71,57.69,1.8,54.55,0.41,1.2,0.19,35.33,0.46,0.96,53.44,82.77,23.17,70.05,3.47,92.91,22.68,93.37,43.22,89.95,10.19,52.55,22.98,39.84,0.01,0.08,0.0,0.0,0.03,100.0,0.05,7.87,60.07,0.79,24.14,0.49,27.78,0.14,0.0,11.31,66.43,0,,0,,0,0.0,0.0,0.0,,,2.65,,,0.0,0.0,0.0,0.0,0,0.0
M. Ilić,Bologna,Partizan,RCB,23,0,2029-06-30,8,499,0,0.0,0,0.0,13.89,62.34,Serbia,Serbia,right,192,83,no,8.12,6.49,69.44,3.97,45.45,0.54,0.7,0.0,3.07,3.98,1.44,2,0.36,0,0.0,0.54,0.0,0,0.0,0.0,0,0.0,0,0.0,0.0,0.0,0.0,0.36,100.0,0.0,0.0,0.36,100.0,0.0,0.54,33.33,1.8,70.0,0.0,0.72,0.0,32.46,0.36,1.44,49.6,85.09,19.48,70.37,4.15,100.0,22.18,95.93,40.58,91.56,8.66,54.17,22.29,32.18,0.0,0.0,0.0,0.0,0.0,0.0,0.0,6.49,58.33,0.9,40.0,0.0,0.0,0.18,0.36,10.1,69.64,0,,0,,0,0.0,0.0,0.0,,,3.97,,,0.0,0.0,0.0,0.0,0,0.0
D. Tumbas,Penang,Kolubara,"RB, RWB",27,0,2027-06-30,8,288,0,0.22,0,0.33,18.54,36.59,Serbia,Serbia,right,187,73,no,8.14,6.33,50.0,6.78,46.67,0.9,1.33,0.0,4.07,6.0,1.36,0,0.0,0,0.0,0.45,0.0,0,0.0,0.1,0,0.0,1,0.45,0.0,0.0,0.0,0.0,0.0,0.0,0.0,0.0,0.0,0.0,1.36,33.33,3.17,14.29,0.9,0.9,0.0,14.92,1.81,0.0,17.64,82.05,6.33,64.29,3.17,100.0,4.07,88.89,16.28,83.33,1.36,66.67,12.1,13.7,0.15,0.45,0.0,0.0,0.0,0.0,0.0,1.36,66.67,0.0,0.0,0.0,0.0,0.45,0.0,1.36,66.67,0,,0,,0,0.0,0.0,0.0,,,0.45,,,0.0,0.0,0.0,0.0,0,0.0
D. Zukić,Vojvodina,Vojvodina,"LCMF, LDMF, AMF",25,0,2029-06-30,32,1752,3,3.64,1,1.78,17.36,50.75,Serbia,Serbia,right,181,70,no,7.41,6.27,54.55,1.97,39.47,0.05,0.07,0.0,3.94,5.09,1.24,5,0.26,0,0.0,2.49,0.15,3,0.16,0.19,1,0.05,32,1.66,34.38,9.375,0.05,1.04,20.0,0.78,20.0,0.26,20.0,0.1,2.07,62.5,6.58,51.18,2.12,1.4,0.41,23.26,0.88,1.76,36.99,78.15,12.54,64.05,4.66,95.56,14.15,85.71,31.35,83.14,4.66,56.67,19.41,26.92,0.09,0.62,0.0,0.05,0.78,53.33,0.16,6.42,71.77,2.38,58.7,0.93,33.33,0.88,0.21,6.27,71.9,0,,0,,0,0.0,0.0,0.0,,,0.16,,,0.47,0.05,0.0,1.55,0,0.0
