Player,Team,Team within selected timeframe,Position,Age,Market value,Contract expires,Matches played,Minutes played,Goals,xG,Assists,xA,Duels per 90,"Duels won, %",Birth country,Passport country,Foot,Height,Weight,On loan,Successful defensive actions per 90,Defensive duels per 90,"Defensive duels won, %",Aerial duels per 90,"Aerial duels won, %",Sliding tackles per 90,PAdj Sliding tackles,Shots blocked per 90,Interceptions per 90,PAdj Interceptions,Fouls per 90,Yellow cards,Yellow cards per 90,Red cards,Red cards per 90,Successful attacking actions per 90,Goals per 90,Non-penalty goals,Non-penalty goals per 90,xG per 90,Head goals,Head goals per 90,Shots,Shots per 90,"Shots on target, %","Goal conversion, %",Assists per 90,Crosses per 90,"Accurate crosses, %",Crosses from left flank per 90,"Accurate crosses from left flank, %",Crosses from right flank per 90,"Accurate crosses from right flank, %",Crosses to goalie box per 90,Dribbles per 90,"Successful dribbles, %",Offensive duels per 90,"Offensive duels won, %",Touches in box per 90,Progressive runs per 90,Accelerations per 90,Received passes per 90,Received long passes per 90,Fouls suffered per 90,Passes per 90,"Accurate passes, %",Forward passes per 90,"Accurate forward passes, %",Back passes per 90,"Accurate back passes, %",Lateral passes per 90,"Accurate lateral passes, %",Short / medium passes per 90,"Accurate short / medium passes, %",Long passes per 90,"Accurate long passes, %","Average pass length, m","Average long pass length, m",xA per 90,Shot assists per 90,Second assists per 90,Third assists per 90,Smart passes per 90,"Accurate smart passes, %",Key passes per 90,Passes to final third per 90,"Accurate passes to final third, %",Passes to penalty area per 90,"Accurate passes to penalty area, %",Through passes per 90,"Accurate through passes, %",Deep completions per 90,Deep completed crosses per 90,Progressive passes per 90,"Accurate progressive passes, %",Conceded goals,Conceded goals per 90,Shots against,Shots against per 90,Clean sheets,"Save rate, %",xG against,xG against per 90,Prevented goals,Prevented goals per 90,Back passes received as GK per 90,Exits per 90,Aerial duels per 90.1,Free kicks per 90,Direct free kicks per 90,"Direct free kicks on target, %",Corners per 90,Penalties taken,"Penalty conversion, %"
E. Zhegrova,Juventus,Basel,"RAMF, RW",27,25000000,2030-06-30,8,505,2,0.88,5,3.31,29.94,39.29,Germany,"Germany, Kosovo",left,181,66,no,4.99,5.52,54.84,0.71,0.0,0.18,0.26,0.0,1.78,2.59,0.36,0,0.0,0,0.0,9.62,0.36,2,0.36,0.16,0,0.0,14,2.5,57.14,14.286,0.89,4.99,42.86,0.53,0.0,4.46,48.0,0.53,14.44,41.98,21.03,37.29,3.21,5.35,4.28,17.82,1.43,1.07,28.69,78.26,6.06,73.53,4.81,96.3,11.94,74.63,22.1,87.1,1.96,63.64,18.96,25.3,0.59,2.85,0.18,0.0,0.0,0.0,2.5,1.25,85.71,6.42,61.11,0.36,50.0,3.03,2.14,5.52,87.1,0,,0,,0,0.0,0.0,0.0,,,0.0,,,0.36,0.0,0.0,2.85,0,0.0
D. Ndoye,Nottingham Forest,Basel,"RAMF, RW",25,22000000,2030-06-30,29,2180,3,5.12,2,2.31,24.11,45.21,Switzerland,"Switzerland, Senegal",right,184,79,no,6.32,5.74,57.55,1.94,34.04,0.25,0.39,0.17,2.77,4.33,0.91,5,0.21,0,0.0,4.91,0.12,3,0.12,0.21,0,0.0,52,2.15,30.77,5.769,0.08,2.27,34.55,0.5,33.33,1.78,34.88,0.33,6.19,54.0,12.63,44.77,2.89,3.43,1.53,18.33,2.19,2.11,24.4,79.36,5.0,66.12,5.9,93.71,8.55,77.78,21.22,85.02,1.11,59.26,16.22,25.32,0.1,0.58,0.08,0.08,0.41,30.0,0.5,1.44,51.43,2.48,53.33,0.33,12.5,0.78,0.66,3.14,77.63,0,,0,,0,0.0,0.0,0.0,,,0.21,,,0.0,0.0,0.0,0.0,0,0.0
Toti,Wolverhampton Wanderers,Grasshopper,"LCB, CB",27,20000000,2029-06-30,16,1473,1,1.05,0,0.05,16.37,63.81,Guinea-Bissau,"Guinea-Bissau, Portugal",left,187,72,no,12.28,6.9,74.34,4.03,51.52,0.18,0.24,0.92,6.97,9.19,0.98,4,0.24,0,0.0,1.47,0.06,1,0.06,0.06,1,0.06,8,0.49,37.5,12.5,0.0,0.67,36.36,0.67,36.36,0.0,0.0,0.06,1.28,71.43,2.69,61.36,0.98,1.16,0.24,34.46,0.73,0.73,49.61,84.73,21.14,74.28,3.73,93.44,20.04,94.21,42.59,89.67,6.42,57.14,21.09,35.08,0.0,0.24,0.0,0.0,0.24,50.0,0.0,5.56,70.33,1.04,35.29,0.31,40.0,0.06,0.37,11.3,62.16,0,,0,,0,0.0,0.0,0.0,,,2.08,,,0.06,0.0,0.0,0.0,0,0.0
W. Gnonto,Leeds United,Zürich,CF,22,16000000,2028-06-30,33,1438,9,6.19,2,3.03,27.48,42.37,Italy,"Italy, Côte d'Ivoire",right,170,71,no,4.07,4.82,59.74,3.19,29.41,0.06,0.09,0.0,1.13,1.58,1.5,8,0.5,0,0.0,5.26,0.56,9,0.56,0.39,4,0.25,43,2.69,48.84,20.93,0.13,2.13,26.47,1.25,35.0,0.81,15.38,0.25,6.51,50.96,14.96,45.19,4.19,3.38,2.0,17.02,1.38,3.19,24.1,75.32,5.51,65.91,6.01,84.38,6.38,74.51,21.53,80.52,0.5,62.5,15.61,8.13,0.19,1.38,0.06,0.0,0.44,14.29,0.81,2.13,70.59,2.0,43.75,0.44,28.57,1.0,0.5,3.38,62.96,0,,0,,0,0.0,0.0,0.0,,,0.06,,,0.0,0.0,0.0,0.0,0,0.0
Cameron Puertas,Werder Bremen,Lausanne Sport,"AMF, LCMF",27,15000000,2027-06-30,16,1289,2,3.33,1,1.26,33.24,45.59,Switzerland,"Switzerland, Spain",right,178,74,yes,9.29,9.98,56.64,1.54,22.73,0.42,0.5,0.28,3.21,3.82,2.51,5,0.35,1,0.07,4.61,0.14,1,0.07,0.23,0,0.0,39,2.72,28.21,5.128,0.07,1.26,27.78,0.56,37.5,0.7,20.0,0.28,6.21,52.81,15.99,38.86,1.68,1.4,1.4,23.95,0.56,2.44,33.24,82.35,8.03,75.65,6.49,92.47,12.08,80.92,30.23,85.45,1.89,66.67,18.02,29.4,0.09,1.05,0.07,0.07,0.63,33.33,0.42,3.28,82.98,1.61,34.78,0.56,37.5,0.56,0.35,4.33,74.19,0,,0,,0,0.0,0.0,0.0,,,0.77,,,1.05,0.63,33.33,1.68,2,50.0
Arthur Cabral,Botafogo,Basel,CF,28,14000000,2028-12-31,18,1583,14,16.32,4,1.61,25.07,37.41,Brazil,Brazil,right,186,89,no,3.92,2.44,58.14,6.71,52.54,0.11,0.17,0.34,2.39,3.58,1.25,3,0.17,0,0.0,3.01,0.8,12,0.68,0.93,3,0.17,69,3.92,47.83,20.29,0.23,0.34,33.33,0.23,25.0,0.06,100.0,0.06,2.39,40.48,9.32,28.66,5.12,1.02,0.63,13.93,1.31,1.36,16.49,73.1,3.81,53.73,4.83,85.88,4.38,75.32,15.63,73.45,0.51,88.89,14.65,16.63,0.09,0.91,0.06,0.0,0.45,12.5,0.4,1.59,67.86,1.48,61.54,0.4,28.57,1.02,0.06,1.59,71.43,0,,0,,0,0.0,0.0,0.0,,,0.11,,,0.0,0.0,0.0,0.0,3,66.667
Z. Amdouni,Burnley,Lausanne Sport,CF,25,12000000,2028-06-30,34,2707,12,10.59,0,0.7,26.83,37.55,Switzerland,"Switzerland, Tunisia",both,185,79,no,5.02,4.59,54.35,4.92,39.86,0.0,0.0,0.03,2.53,2.97,0.76,5,0.17,0,0.0,3.96,0.4,10,0.33,0.35,3,0.1,75,2.49,44.0,16.0,0.0,0.53,31.25,0.37,27.27,0.13,25.0,0.1,5.49,46.67,13.17,32.32,3.06,1.53,0.76,14.63,1.3,1.26,21.38,87.09,3.62,76.15,6.55,94.92,6.08,84.7,20.28,89.02,0.57,70.59,14.81,11.7,0.02,0.53,0.03,0.0,0.3,44.44,0.1,1.93,79.31,0.76,69.57,0.27,25.0,0.57,0.13,1.56,89.36,0,,0,,0,0.0,0.0,0.0,,,0.07,,,0.13,0.13,25.0,0.0,2,100.0
M. Aebischer,Pisa,Young Boys,"RCMF, LCMF, AMF",29,11000000,2029-06-30,15,1130,2,1.69,2,3.49,18.32,50.0,Switzerland,Switzerland,right,183,78,no,6.37,4.94,59.68,1.59,45.0,0.4,0.69,0.32,3.03,5.25,0.88,4,0.32,0,0.0,3.35,0.16,2,0.16,0.13,0,0.0,28,2.23,32.14,7.143,0.16,1.91,45.83,0.48,16.67,1.43,55.56,0.24,2.39,63.33,7.09,47.19,1.43,1.83,0.88,36.24,0.64,1.83,49.14,85.25,15.29,75.52,6.85,93.02,18.56,88.41,41.81,89.33,5.58,67.14,20.52,41.12,0.28,2.15,0.16,0.0,0.88,27.27,0.4,8.76,79.09,3.58,51.11,1.51,36.84,1.12,0.8,8.12,90.2,0,,0,,0,0.0,0.0,0.0,,,0.88,,,1.35,0.16,0.0,3.42,0,0.0
A. Amenda,Eintracht Frankfurt,Young Boys,RCB,22,9500000,2029-06-30,4,226,0,0.0,0,0.0,12.35,64.52,Switzerland,"Switzerland, Cameroon",right,194,85,no,11.55,7.57,73.68,3.19,37.5,0.8,1.02,1.19,5.18,6.61,1.59,1,0.4,0,0.0,0.0,0.0,0,0.0,0.0,0,0.0,0,0.0,0.0,0.0,0.0,0.4,0.0,0.0,0.0,0.4,0.0,0.0,0.0,0.0,0.4,100.0,0.8,0.4,0.0,30.27,0.4,0.8,48.98,89.43,17.52,84.09,3.58,100.0,25.49,93.75,41.81,92.38,6.77,76.47,23.27,18.77,0.0,0.0,0.0,0.0,0.0,0.0,0.0,6.77,94.12,0.0,0.0,0.0,0.0,0.0,0.0,12.74,78.13,0,,0,,0,0.0,0.0,0.0,,,2.39,,,0.0,0.0,0.0,0.0,0,0.0
F. Rieder,Augsburg,Young Boys,"RCMF, LW, LCMF",24,8000000,2030-06-30,30,1843,2,2.72,7,4.67,23.1,50.11,Switzerland,Switzerland,left,179,74,no,9.77,10.06,59.22,1.56,43.75,0.49,0.76,0.15,3.32,5.16,1.61,4,0.2,0,0.0,3.03,0.1,2,0.1,0.13,0,0.0,36,1.76,38.89,5.556,0.34,1.17,29.17,0.63,38.46,0.54,18.18,0.2,2.98,59.02,6.64,41.91,1.56,1.47,1.32,21.54,0.63,1.03,33.7,78.41,11.23,67.39,5.57,88.6,11.67,84.52,29.2,82.94,3.32,55.88,17.33,26.8,0.23,1.86,0.1,0.0,0.93,26.32,0.34,5.86,73.33,2.54,48.08,1.27,23.08,1.12,0.39,5.86,76.67,0,,0,,0,0.0,0.0,0.0,,,0.29,,,1.22,0.24,60.0,3.32,0,0.0
S. Lovrič,Hellas Verona,Lugano,"LCMF, RCMF",28,8000000,2027-06-30,33,2825,4,3.34,6,4.23,20.9,48.78,Austria,"Austria, Slovenia",right,180,70,yes,8.92,7.2,58.41,0.83,30.77,0.7,0.88,0.06,4.01,5.05,1.4,4,0.13,0,0.0,3.54,0.13,4,0.13,0.11,1,0.03,55,1.75,25.45,7.273,0.19,1.15,33.33,0.38,58.33,0.76,20.83,0.22,3.54,57.66,9.84,44.01,1.27,1.75,1.18,35.62,0.7,1.62,51.74,84.3,15.36,71.58,7.01,93.18,21.03,89.09,44.76,87.4,5.89,70.27,19.38,38.06,0.13,1.31,0.03,0.06,1.21,55.26,0.41,8.06,71.94,2.74,45.35,1.72,42.59,0.96,0.38,7.81,74.69,0,,0,,0,0.0,0.0,0.0,,,0.25,,,0.8,0.16,20.0,1.31,0,0.0
M. Jenz,Wolfsburg,Lausanne Sport,RCB,27,7500000,2027-06-30,2,191,0,0.0,0,0.0,17.91,47.37,Germany,Germany,right,190,86,no,10.37,7.07,60.0,4.71,50.0,0.94,1.43,1.41,5.18,7.86,0.47,0,0.0,0,0.0,0.0,0.0,0,0.0,0.0,0,0.0,0,0.0,0.0,0.0,0.0,0.0,0.0,0.0,0.0,0.0,0.0,0.0,0.47,0.0,1.88,0.0,0.0,0.0,0.0,49.95,0.0,0.0,63.61,92.59,13.19,71.43,3.77,100.0,41.47,97.73,56.54,97.5,7.07,53.33,23.39,41.28,0.0,0.0,0.0,0.0,0.0,0.0,0.0,4.71,50.0,0.0,0.0,0.0,0.0,0.0,0.0,6.6,71.43,0,,0,,0,0.0,0.0,0.0,,,3.77,,,0.0,0.0,0.0,0.0,0,0.0
M. Elia,Alanyaspor,Young Boys,"CF, RW",28,7500000,2028-06-30,30,2129,8,8.65,3,3.09,23.0,42.65,Congo DR,Congo DR,right,173,67,no,3.76,3.76,64.04,2.07,34.69,0.0,0.0,0.0,1.35,2.18,0.97,3,0.13,1,0.04,5.37,0.34,8,0.34,0.37,0,0.0,60,2.54,35.0,13.333,0.13,3.55,25.0,0.8,31.58,2.75,23.08,0.85,6.3,57.05,12.3,41.24,4.48,3.04,1.65,17.54,2.66,1.06,25.24,72.36,3.51,60.24,6.59,87.82,8.16,70.98,20.63,80.33,1.18,71.43,17.54,19.33,0.13,1.23,0.04,0.0,0.13,0.0,0.72,1.4,78.79,2.58,49.18,0.13,66.67,1.18,0.93,2.75,80.0,0,,0,,0,0.0,0.0,0.0,,,0.08,,,0.0,0.0,0.0,0.08,0,0.0
F. Ugrinić,Valencia,Luzern,"LCMF, AMF, LW",27,6000000,2029-06-30,34,3012,8,6.63,7,5.82,23.16,43.23,Switzerland,"Switzerland, Serbia",right,184,88,no,6.39,5.98,56.5,1.28,30.23,0.15,0.2,0.21,2.87,3.86,1.37,9,0.27,0,0.0,4.0,0.24,7,0.21,0.2,0,0.0,85,2.54,31.76,9.412,0.21,2.45,31.71,1.25,35.71,1.2,27.5,0.36,3.94,55.3,11.18,41.18,2.39,1.25,0.81,27.7,1.52,1.79,40.58,79.97,11.24,70.74,8.37,96.07,12.94,78.29,35.35,85.55,2.93,50.0,17.69,37.55,0.17,1.91,0.06,0.03,0.72,33.33,0.6,5.71,71.2,3.53,47.46,0.96,31.25,1.34,0.78,6.99,74.79,0,,0,,0,0.0,0.0,0.0,,,0.51,,,0.87,0.3,30.0,2.54,1,100.0
L. Stergiou,Heidenheim,St. Gallen,RCB,24,5000000,2028-06-30,27,2595,0,0.55,0,0.06,14.29,60.44,Switzerland,"Switzerland, Greece",right,181,75,yes,10.61,6.97,68.16,2.53,50.68,0.07,0.1,0.45,5.79,8.19,0.31,1,0.03,0,0.0,0.31,0.0,0,0.0,0.02,0,0.0,4,0.14,25.0,0.0,0.0,0.07,50.0,0.0,0.0,0.07,50.0,0.03,0.52,46.67,1.28,43.24,0.38,0.76,0.35,19.6,0.14,0.42,34.37,83.96,15.43,75.51,1.98,98.25,12.87,91.64,31.11,87.96,3.19,45.65,19.04,36.72,0.0,0.07,0.03,0.07,0.1,0.0,0.0,4.72,66.91,0.38,54.55,0.28,37.5,0.14,0.03,6.45,63.44,0,,0,,0,0.0,0.0,0.0,,,1.73,,,0.0,0.0,0.0,0.0,0,0.0
C. Zesiger,Augsburg,Young Boys,LCB,28,5000000,2031-06-30,20,1734,0,1.35,0,0.02,18.01,62.82,Switzerland,Switzerland,left,194,92,no,12.2,7.84,68.87,4.62,61.8,0.57,0.81,0.67,6.23,8.87,1.19,7,0.36,0,0.0,0.26,0.0,0,0.0,0.07,0,0.0,11,0.57,36.36,0.0,0.0,0.0,0.0,0.0,0.0,0.0,0.0,0.0,0.1,50.0,1.14,50.0,0.83,0.99,0.16,27.35,0.52,0.78,44.17,83.08,20.19,70.69,3.17,90.16,17.75,96.2,38.2,89.54,5.97,41.74,22.36,38.1,0.0,0.05,0.05,0.05,0.0,0.0,0.0,8.15,64.97,0.52,20.0,0.42,12.5,0.21,0.0,8.56,72.12,0,,0,,0,0.0,0.0,0.0,,,2.49,,,0.0,0.0,0.0,0.0,0,0.0
S. Esposito,Cagliari,Basel,"AMF, CF",24,5000000,2030-06-30,23,1522,6,5.38,5,4.86,25.31,46.96,Italy,Italy,right,183,75,no,7.92,6.92,66.67,2.25,36.84,0.18,0.28,0.06,3.13,5.0,1.12,1,0.06,1,0.06,4.79,0.35,5,0.3,0.32,1,0.06,61,3.61,26.23,9.836,0.3,2.48,47.62,1.06,44.44,1.3,45.45,0.47,4.91,50.6,11.71,42.93,2.72,1.18,0.47,23.42,1.54,2.9,30.75,75.0,8.04,62.5,5.32,92.22,10.05,75.29,25.72,79.77,2.66,53.33,17.02,27.66,0.29,1.77,0.06,0.0,0.65,27.27,1.01,3.31,66.07,3.49,52.54,0.77,15.38,1.36,1.24,4.91,75.9,0,,0,,0,0.0,0.0,0.0,,,0.0,,,1.6,0.77,30.77,2.37,1,100.0
Ž. Celar,Fortuna Düsseldorf,Lugano,CF,27,4500000,2026-06-30,29,2174,9,9.11,2,3.25,18.96,33.19,Slovenia,Slovenia,right,186,80,yes,2.4,2.03,51.02,4.31,31.73,0.0,0.0,0.04,1.37,1.71,1.16,3,0.12,0,0.0,2.19,0.37,6,0.25,0.38,0,0.0,60,2.48,43.33,15.0,0.08,0.41,20.0,0.21,0.0,0.21,40.0,0.08,1.99,50.0,8.4,29.56,3.35,0.62,0.21,9.81,2.53,1.24,13.37,77.71,2.03,57.14,4.64,90.18,3.23,75.64,12.59,79.61,0.37,77.78,13.57,9.25,0.13,0.87,0.0,0.0,0.21,20.0,0.37,0.66,56.25,0.66,68.75,0.29,28.57,0.83,0.08,0.87,57.14,0,,0,,0,0.0,0.0,0.0,,,0.0,,,0.0,0.0,0.0,0.04,4,75.0
W. Burger,Hoffenheim,Basel,"RDMF, LCB, RCMF",25,4500000,2030-06-30,26,1739,0,0.9,1,0.81,21.79,51.54,Netherlands,Netherlands,left,191,83,no,11.59,7.97,58.44,4.86,46.81,1.19,1.83,0.67,5.74,8.83,1.4,6,0.31,1,0.05,1.14,0.0,0,0.0,0.05,0,0.0,12,0.62,50.0,0.0,0.05,0.62,33.33,0.21,0.0,0.41,50.0,0.05,0.83,68.75,5.12,48.48,0.83,0.78,0.26,37.06,0.31,1.04,53.57,85.99,18.53,74.58,6.62,95.31,22.67,92.01,46.32,90.73,6.62,57.81,20.19,34.76,0.04,0.36,0.05,0.0,0.31,16.67,0.21,8.44,70.55,1.45,50.0,0.98,42.11,0.72,0.21,9.32,77.22,0,,0,,0,0.0,0.0,0.0,,,1.45,,,0.05,0.0,0.0,0.0,0,0.0
M. Ngamaleu,,Young Boys,"LW, RW, LAMF",32,4500000,,31,2282,4,8.26,5,3.15,27.53,48.14,Cameroon,Cameroon,right,181,75,no,6.07,5.05,58.59,2.56,53.85,0.08,0.13,0.0,3.04,4.87,1.22,6,0.24,0,0.0,8.09,0.16,2,0.08,0.33,0,0.0,65,2.56,27.69,6.154,0.2,4.5,35.09,1.74,36.36,2.72,34.78,0.47,9.62,56.56,16.68,46.81,4.22,3.71,2.09,24.29,1.89,1.7,35.85,74.7,9.62,67.21,7.89,91.5,12.66,76.32,28.48,82.55,3.12,58.23,18.92,27.62,0.12,1.06,0.08,0.04,0.83,42.86,0.63,3.79,62.5,4.97,53.17,0.99,28.0,1.81,1.42,6.86,82.76,0,,0,,0,0.0,0.0,0.0,,,0.43,,,0.0,0.0,0.0,0.08,3,66.667
j.Siebatcheu,Tondela,Young Boys,CF,30,4000000,2027-06-30,32,2458,22,17.89,2,2.63,21.75,37.37,United States,"United States, France",right,191,86,yes,3.99,3.7,52.48,5.16,54.61,0.0,0.0,0.07,2.05,3.24,1.54,1,0.04,0,0.0,1.72,0.81,17,0.62,0.66,8,0.29,90,3.3,38.89,24.444,0.07,0.11,33.33,0.0,0.0,0.11,33.33,0.0,0.95,38.46,7.98,22.94,5.97,0.29,0.04,10.91,1.68,0.92,15.01,82.2,2.67,65.75,4.06,89.19,3.73,82.35,14.68,82.29,0.26,100.0,13.48,7.45,0.1,1.06,0.07,0.0,0.26,14.29,0.48,1.21,72.73,0.55,53.33,0.33,33.33,1.14,0.0,0.95,80.77,0,,0,,0,0.0,0.0,0.0,,,0.04,,,0.0,0.0,0.0,0.0,5,100.0
U. Garcia,Sassuolo,Young Boys,LB,30,4000000,2028-06-30,27,2058,2,2.32,4,4.24,21.34,54.3,Cape Verde Islands,"Cape Verde Islands, Switzerland",left,182,73,yes,8.4,6.43,64.63,2.01,58.7,0.09,0.14,0.09,4.15,6.57,1.14,5,0.22,1,0.04,5.69,0.09,2,0.09,0.1,0,0.0,37,1.62,37.84,5.405,0.17,6.34,41.38,6.34,41.38,0.0,0.0,0.66,4.15,55.79,9.36,46.73,1.27,3.24,1.79,32.36,1.88,1.01,46.62,78.71,16.14,74.53,7.0,92.5,15.26,79.37,36.52,87.43,4.11,54.26,20.61,37.21,0.19,1.36,0.13,0.13,0.39,33.33,0.79,6.34,78.62,5.6,53.91,0.57,30.77,0.39,2.49,11.06,83.0,0,,0,,0,0.0,0.0,0.0,,,0.39,,,0.61,0.17,50.0,1.09,0,0.0
W. Kanga,Gent,Young Boys,CF,28,4000000,2028-06-30,31,1714,12,7.82,3,2.68,22.95,34.78,France,"France, Côte d'Ivoire",right,189,90,no,2.21,2.05,51.28,6.09,41.38,0.11,0.17,0.05,1.05,1.7,0.84,2,0.11,0,0.0,3.26,0.63,11,0.58,0.41,3,0.16,59,3.1,57.63,20.339,0.16,0.63,41.67,0.58,36.36,0.05,100.0,0.05,2.99,36.84,10.03,30.89,5.99,0.68,0.26,7.82,2.05,0.79,14.02,74.16,2.47,55.32,3.68,82.86,3.41,75.38,13.28,76.28,0.16,0.0,12.61,5.4,0.14,1.05,0.05,0.0,0.26,40.0,0.47,1.05,60.0,0.95,50.0,0.11,0.0,1.47,0.21,0.84,87.5,0,,0,,0,0.0,0.0,0.0,,,0.0,,,0.05,0.05,0.0,0.0,1,100.0
V. Sierro,Al Shabab,Young Boys,"LCMF, RCMF",30,4000000,2027-06-30,33,1870,4,3.39,0,2.95,19.4,51.86,Switzerland,Switzerland,right,184,79,no,8.86,7.89,59.15,3.47,62.5,0.19,0.3,0.43,3.99,6.23,1.54,7,0.34,0,0.0,2.36,0.19,4,0.19,0.16,2,0.1,32,1.54,37.5,12.5,0.0,1.49,35.48,0.82,29.41,0.53,45.45,0.29,2.02,54.76,4.62,40.63,1.16,1.01,0.53,31.14,0.29,1.16,47.74,83.27,15.3,70.75,6.26,92.31,20.26,90.5,37.68,88.76,8.57,67.42,20.14,35.47,0.14,1.54,0.05,0.0,0.39,37.5,0.34,10.16,74.88,2.84,57.63,0.96,50.0,1.11,0.48,9.14,84.74,0,,0,,0,0.0,0.0,0.0,,,0.58,,,0.72,0.05,0.0,2.89,1,0.0
K. Imeri,Thun,Servette,"LW, LCMF, RCMF",25,4000000,2027-06-30,26,2073,11,8.65,0,6.06,21.75,42.51,Switzerland,"Switzerland, Kosovo",right,181,79,yes,5.95,5.77,47.37,2.13,28.57,0.3,0.36,0.09,2.91,3.49,1.13,5,0.22,1,0.04,4.65,0.48,9,0.39,0.38,0,0.0,75,3.26,34.67,14.667,0.0,2.17,40.0,1.0,39.13,1.17,40.74,0.3,4.47,47.57,10.25,41.53,2.26,1.56,0.69,25.88,1.56,2.17,34.78,76.78,9.33,66.51,6.95,89.38,11.33,77.78,30.13,80.55,2.6,60.0,17.31,31.4,0.26,1.78,0.17,0.04,1.3,40.0,0.56,4.56,70.48,3.39,58.97,1.65,50.0,1.35,0.91,6.08,74.29,0,,0,,0,0.0,0.0,0.0,,,0.3,,,1.52,0.74,23.53,2.82,3,66.667
E. Cömert,Valencia,Basel,RCB,28,4000000,,9,772,1,0.86,0,0.17,15.74,62.22,Switzerland,"Switzerland, Türkiye",right,183,80,no,11.31,6.88,69.49,4.2,52.78,0.35,0.56,1.17,6.18,9.81,0.93,1,0.12,1,0.12,0.58,0.12,1,0.12,0.1,0,0.0,6,0.7,50.0,16.667,0.0,0.23,50.0,0.12,100.0,0.0,0.0,0.0,0.23,50.0,0.93,50.0,0.7,1.28,0.58,37.89,0.23,0.23,53.74,86.77,21.33,79.23,4.43,94.74,23.67,94.09,46.87,91.54,6.65,54.39,24.03,42.6,0.02,0.23,0.0,0.0,0.0,0.0,0.12,9.68,71.08,1.28,63.64,0.82,57.14,0.35,0.12,10.14,65.52,0,,0,,0,0.0,0.0,0.0,,,3.38,,,0.0,0.0,0.0,0.0,0,0.0
L. Campana,New England,Grasshopper,CF,25,3500000,2027-12-31,14,643,3,2.95,0,0.03,28.69,35.61,Ecuador,"Ecuador, United States",left,188,88,no,3.92,3.78,48.15,7.98,33.33,0.42,0.6,0.0,1.68,2.38,1.82,1,0.14,0,0.0,1.68,0.42,1,0.14,0.41,1,0.14,16,2.24,25.0,18.75,0.0,0.56,25.0,0.28,0.0,0.28,50.0,0.0,1.68,58.33,10.08,36.11,2.38,0.84,0.42,8.68,0.98,1.4,16.1,78.26,2.24,56.25,5.88,80.95,4.62,72.73,14.98,79.44,0.56,100.0,16.82,6.6,0.0,0.42,0.14,0.0,0.42,0.0,0.0,0.84,83.33,0.56,25.0,0.42,0.0,0.14,0.14,2.1,60.0,0,,0,,0,0.0,0.0,0.0,,,0.14,,,0.28,0.28,50.0,0.0,2,100.0
E. Fernandes,Young Boys,Young Boys,"RW, LW, RCMF",30,3500000,2029-06-30,14,943,2,1.38,3,1.97,18.23,47.64,Switzerland,"Switzerland, Portugal",right,186,77,no,7.16,6.01,55.56,1.81,42.11,0.19,0.28,0.0,3.63,5.3,1.81,3,0.29,0,0.0,3.24,0.19,2,0.19,0.13,0,0.0,20,1.91,30.0,10.0,0.29,1.91,55.0,0.57,16.67,1.34,71.43,0.57,2.48,61.54,7.16,44.0,1.53,1.34,0.29,25.77,0.38,1.05,36.55,84.07,9.26,65.98,9.73,96.08,11.36,84.87,31.59,88.52,3.15,54.55,19.48,38.39,0.19,1.72,0.0,0.0,0.57,16.67,1.05,5.44,63.16,3.15,63.64,1.05,45.45,1.24,1.15,6.11,81.25,0,,0,,0,0.0,0.0,0.0,,,0.29,,,0.29,0.1,0.0,1.62,0,0.0
T. Cognat,Servette,Servette,RCMF,28,3500000,2029-06-30,30,2464,5,4.04,1,2.94,20.93,43.8,France,France,right,173,67,no,7.38,6.54,57.54,2.41,24.24,0.0,0.0,0.04,3.62,4.31,0.77,1,0.04,0,0.0,4.05,0.18,5,0.18,0.15,1,0.04,36,1.31,50.0,13.889,0.04,1.97,37.04,0.44,41.67,1.5,36.59,0.29,4.2,54.78,8.55,42.31,3.43,1.79,1.24,25.53,1.53,0.47,39.05,79.33,10.01,68.98,7.67,90.48,13.19,82.83,34.7,83.68,2.37,50.77,17.71,30.56,0.11,0.99,0.15,0.0,0.77,47.62,0.37,5.11,76.43,2.63,58.33,0.95,38.46,1.61,0.58,5.44,71.14,0,,0,,0,0.0,0.0,0.0,,,0.66,,,0.0,0.0,0.0,0.26,0,0.0
C. Niasse,Hellas Verona,Young Boys,"LCMF, DMF, RDMF",26,3500000,2029-06-30,10,570,1,0.31,0,0.11,21.16,55.22,France,"France, Senegal",right,188,76,no,12.79,6.63,54.76,4.74,76.67,2.68,4.51,0.0,6.47,10.88,1.26,4,0.63,0,0.0,1.58,0.16,1,0.16,0.05,0,0.0,5,0.79,40.0,20.0,0.0,0.0,0.0,0.0,0.0,0.0,0.0,0.0,1.74,63.64,5.53,54.29,0.47,0.0,0.0,27.63,0.16,1.74,40.74,87.21,8.37,60.38,7.58,93.75,18.79,96.64,37.42,89.87,3.32,57.14,16.4,21.28,0.02,0.32,0.0,0.16,0.16,100.0,0.0,5.05,78.13,0.79,80.0,0.32,50.0,0.63,0.0,4.42,46.43,0,,0,,0,0.0,0.0,0.0,,,1.11,,,0.0,0.0,0.0,0.16,0,0.0
A. Pelmard,Jagiellonia Białystok,Basel,"LCB, RCB",26,3500000,2027-06-30,33,3138,0,0.22,0,0.08,11.1,52.97,France,"France, Guadeloupe",right,180,69,yes,7.94,5.16,66.67,1.72,35.0,0.26,0.4,0.54,4.24,6.61,0.69,6,0.17,0,0.0,0.6,0.0,0,0.0,0.01,0,0.0,2,0.06,0.0,0.0,0.0,0.29,40.0,0.23,37.5,0.06,50.0,0.0,0.98,50.0,2.32,39.51,0.11,1.12,0.89,36.02,0.37,0.23,53.06,91.51,14.94,80.23,4.02,92.86,29.66,97.2,48.59,95.1,4.24,53.38,20.24,38.86,0.0,0.09,0.0,0.0,0.03,0.0,0.03,5.19,71.82,0.6,38.1,0.2,14.29,0.14,0.09,5.25,63.93,0,,0,,0,0.0,0.0,0.0,,,2.58,,,0.0,0.0,0.0,0.0,0,0.0
D. Maleš,Young Boys,Basel,"AMF, CF, LAMF",25,3000000,2027-06-30,28,1257,3,2.89,4,1.55,17.54,47.76,Switzerland,"Switzerland, Serbia",left,187,76,no,5.16,5.3,63.51,1.93,40.74,0.14,0.21,0.07,1.65,2.46,1.22,0,0.0,0,0.0,2.72,0.21,3,0.21,0.21,0,0.0,18,1.29,50.0,16.667,0.29,1.07,40.0,0.72,40.0,0.29,50.0,0.07,2.65,59.46,7.23,44.55,2.86,1.58,1.0,23.7,1.0,1.5,29.36,82.93,6.44,73.33,6.37,92.13,10.53,84.35,26.71,85.52,1.58,68.18,16.23,20.52,0.11,0.93,0.0,0.0,0.29,25.0,0.43,3.01,76.19,1.86,57.69,0.57,50.0,0.86,0.36,2.79,76.92,0,,0,,0,0.0,0.0,0.0,,,0.14,,,0.0,0.0,0.0,0.0,0,0.0
A. Hajdari,Hoffenheim,Basel,"LCB, CB",23,3000000,2031-06-30,1,33,0,0.22,0,0.0,,,Switzerland,"Switzerland, Kosovo",left,189,80,no,,,,,,,0.0,,,10.0,,0,,0,,,,0,,,0,,1,,,0.0,,,,,,,,,,,,,,,,,,,,,,,,,,,,,,,25.46,57.71,,,,,,,,,,,,,,,,,,0,,0,,0,0.0,0.0,,,,,,,,,,,0,0.0
A. Tosin,Lorient,Zürich,CF,27,3000000,2027-06-30,22,1021,6,1.65,4,2.42,19.75,37.95,Nigeria,"Nigeria, Benin",right,179,75,no,3.09,3.17,58.33,2.12,41.67,0.09,0.12,0.0,1.15,1.6,0.62,0,0.0,0,0.0,3.7,0.53,6,0.53,0.15,0,0.0,18,1.59,44.44,33.333,0.35,1.94,27.27,0.53,16.67,1.41,31.25,0.35,4.23,52.08,10.49,34.45,2.64,1.59,1.15,10.49,0.97,1.06,17.1,67.01,3.79,58.14,5.02,82.46,4.5,56.86,14.46,72.56,0.79,66.67,14.41,14.21,0.21,0.88,0.0,0.0,0.44,60.0,0.88,1.67,68.42,2.03,43.48,0.62,71.43,1.23,0.26,2.03,73.91,0,,0,,0,0.0,0.0,0.0,,,0.0,,,0.0,0.0,0.0,0.18,0,0.0
Tomás Ribeiro,Cultural Leonesa,Grasshopper,"LCB, CB",27,3000000,,4,340,0,0.17,0,0.0,10.59,57.5,Portugal,Portugal,left,185,82,no,9.79,2.65,70.0,4.24,50.0,0.26,0.39,1.32,7.68,11.3,0.26,1,0.26,0,0.0,0.26,0.0,0,0.0,0.04,0,0.0,2,0.53,0.0,0.0,0.0,0.0,0.0,0.0,0.0,0.0,0.0,0.0,0.53,50.0,1.32,40.0,0.26,0.79,0.0,27.53,0.26,0.53,41.82,84.18,14.29,70.37,4.5,100.0,20.91,92.41,34.94,92.42,6.88,42.31,23.9,38.19,0.0,0.0,0.0,0.0,0.0,0.0,0.0,6.88,50.0,0.26,100.0,0.0,0.0,0.26,0.0,6.88,65.38,0,,0,,0,0.0,0.0,0.0,,,3.97,,,0.0,0.0,0.0,0.0,0,0.0
A. Saipi,Castellón,Lugano,GK,26,3000000,2030-06-30,22,2100,0,0.0,0,0.0,0.64,86.67,Switzerland,"Switzerland, Kosovo",right,194,85,no,1.33,0.13,66.67,0.34,100.0,0.04,0.05,0.0,1.2,1.53,0.04,3,0.13,1,0.04,0.0,0.0,0,0.0,0.0,0,0.0,0,0.0,0.0,0.0,0.0,0.0,0.0,0.0,0.0,0.0,0.0,0.0,0.0,0.0,0.04,100.0,0.0,0.0,0.0,14.49,0.26,0.0,21.43,87.8,11.14,78.85,0.0,0.0,9.6,97.77,13.41,98.4,8.01,70.05,33.0,46.94,0.0,0.0,0.0,0.0,0.0,0.0,0.0,1.46,47.06,0.0,0.0,0.04,0.0,0.0,0.0,5.53,77.52,35,1.5,107,4.59,4,67.29,31.83,1.36,-3.17,-0.136,0.0,1.29,0.34,,,,0.0,0,0.0
K. Sène,Middlesbrough,Grasshopper,CF,25,2500000,2029-06-30,26,1899,10,5.23,4,3.25,24.83,31.49,Senegal,Senegal,right,180,72,no,5.73,6.59,52.52,3.65,28.57,0.66,0.88,0.05,1.61,2.14,2.09,8,0.38,0,0.0,2.13,0.47,10,0.47,0.25,1,0.05,29,1.37,58.62,34.483,0.19,0.71,46.67,0.14,33.33,0.47,50.0,0.05,3.27,27.54,9.86,23.56,2.8,0.9,0.62,11.75,1.9,1.09,15.4,73.85,3.03,64.06,3.93,81.93,4.22,74.16,14.03,76.01,0.66,57.14,14.36,13.06,0.15,0.85,0.09,0.0,0.38,25.0,0.52,1.47,58.06,1.09,69.57,0.43,22.22,0.85,0.33,1.52,87.5,0,,0,,0,0.0,0.0,0.0,,,0.0,,,0.0,0.0,0.0,0.0,0,0.0
L. Blum,Charleroi,Young Boys,RB,24,2500000,2027-06-30,16,896,0,0.26,1,0.87,17.08,57.06,Switzerland,Switzerland,right,181,78,no,8.74,7.13,61.97,2.91,48.28,0.6,0.89,0.3,3.72,5.5,0.9,0,0.0,0,0.0,4.32,0.0,0,0.0,0.03,0,0.0,11,1.1,9.09,0.0,0.1,4.62,41.3,0.0,0.0,4.52,40.0,0.3,3.21,65.63,4.42,61.36,1.1,2.41,0.7,28.63,1.91,1.0,41.99,74.4,21.7,72.22,3.92,94.87,12.46,73.39,29.33,85.62,8.24,51.22,22.1,36.62,0.09,0.8,0.0,0.0,0.3,66.67,0.3,9.54,70.53,4.82,56.25,0.4,0.0,1.0,1.91,14.97,83.89,0,,0,,0,0.0,0.0,0.0,,,0.8,,,0.0,0.0,0.0,0.0,0,0.0
A. Sanches,Young Boys,Lausanne Sport,"RCMF, CF, RW",23,2500000,2029-06-30,19,1070,1,1.4,1,0.69,28.85,40.82,Switzerland,"Switzerland, Portugal",left,183,63,no,10.01,8.58,59.8,2.27,18.52,0.5,0.64,0.25,4.37,5.53,1.51,2,0.17,0,0.0,2.44,0.08,1,0.08,0.12,0,0.0,15,1.26,33.33,6.667,0.08,0.93,9.09,0.59,14.29,0.34,0.0,0.08,4.12,44.9,13.71,34.36,1.77,1.35,0.34,21.28,0.84,2.78,30.95,82.07,6.22,62.16,6.9,91.46,10.93,88.46,28.77,85.96,1.43,47.06,15.56,22.93,0.06,0.93,0.0,0.0,0.5,16.67,0.08,3.03,77.78,1.18,35.71,0.76,22.22,0.67,0.0,2.61,61.29,0,,0,,0,0.0,0.0,0.0,,,0.34,,,0.0,0.0,0.0,0.0,0,0.0
Jeong Sang-Bin,St. Louis City ,Grasshopper,"LW, CF, RWF",24,2500000,2026-12-31,6,198,0,0.0,0,0.0,20.91,26.09,Korea Republic,Korea Republic,right,175,76,no,4.55,4.55,60.0,1.82,0.0,0.91,1.15,0.0,0.91,1.15,0.45,0,0.0,0,0.0,0.45,0.0,0,0.0,0.0,0,0.0,0,0.0,0.0,0.0,0.0,1.36,0.0,0.45,0.0,0.91,0.0,0.0,4.55,10.0,9.55,14.29,0.91,0.45,0.45,7.73,1.36,0.45,10.91,66.67,1.82,100.0,3.64,62.5,3.18,57.14,9.09,80.0,0.45,0.0,19.35,4.06,0.0,0.0,0.0,0.0,0.0,0.0,0.0,0.45,100.0,1.36,33.33,0.0,0.0,0.45,0.0,0.91,100.0,0,,0,,0,0.0,0.0,0.0,,,0.0,,,0.0,0.0,0.0,0.0,0,0.0
C. Bedia,Young Boys,Servette,CF,30,2500000,2027-06-30,14,808,3,3.69,0,0.6,32.64,35.49,Côte d'Ivoire,"Côte d'Ivoire, France",left,190,85,yes,3.23,4.79,32.56,5.9,37.74,0.11,0.13,0.33,1.56,1.83,3.01,3,0.33,0,0.0,3.45,0.33,2,0.22,0.41,0,0.0,26,2.9,26.92,11.538,0.0,0.33,0.0,0.33,0.0,0.0,0.0,0.11,5.12,52.17,15.71,36.17,4.23,1.23,0.56,6.68,1.45,1.56,10.92,74.49,2.67,58.33,2.34,95.24,2.56,82.61,10.58,76.84,0.0,0.0,13.54,0.0,0.07,0.78,0.11,0.0,0.22,0.0,0.33,0.89,62.5,0.78,71.43,0.22,0.0,1.0,0.0,0.67,66.67,0,,0,,0,0.0,0.0,0.0,,,0.0,,,0.0,0.0,0.0,0.0,1,100.0
C. Fassnacht,Young Boys,Young Boys,"RW, RAMF",32,2500000,2027-06-30,18,1327,11,8.15,4,3.47,21.23,41.85,Switzerland,Switzerland,right,185,77,no,6.65,6.99,51.46,4.88,44.44,0.0,0.0,0.2,3.05,4.55,1.22,2,0.14,0,0.0,3.32,0.75,11,0.75,0.55,1,0.07,43,2.92,44.19,25.581,0.27,1.63,45.83,0.27,25.0,1.36,50.0,0.2,2.37,48.57,5.97,32.95,4.61,1.36,0.88,21.02,1.7,0.41,28.55,77.43,7.94,61.54,5.9,88.51,8.55,82.54,24.42,81.94,2.58,55.26,17.96,28.79,0.24,1.42,0.0,0.07,0.54,25.0,1.02,3.66,55.56,2.24,69.7,0.68,20.0,1.76,0.68,4.48,81.82,0,,0,,0,0.0,0.0,0.0,,,0.34,,,0.0,0.0,0.0,0.0,0,0.0
S. Hefti,DC United,Young Boys,RB,28,2500000,2027-06-30,17,1202,1,0.4,2,2.95,17.67,52.97,Switzerland,Switzerland,right,182,80,no,9.66,7.26,64.95,1.05,35.71,0.6,0.99,0.15,4.34,7.16,0.37,0,0.0,0,0.0,4.12,0.07,1,0.07,0.03,0,0.0,11,0.82,45.45,9.091,0.15,3.0,60.0,0.0,0.0,3.0,60.0,0.15,2.55,58.82,5.47,43.84,2.02,1.8,1.12,30.1,3.0,0.52,44.03,80.61,16.4,74.89,7.49,87.0,12.35,83.64,36.91,84.79,4.19,58.93,17.68,23.22,0.22,1.8,0.07,0.0,0.75,60.0,1.12,5.69,73.68,3.59,62.5,0.67,33.33,1.42,1.72,10.63,80.99,0,,0,,0,0.0,0.0,0.0,,,1.2,,,0.0,0.0,0.0,0.07,0,0.0
A. Antunes,Göztepe,Servette,"LW, LWF, LCMF",25,2200000,2029-06-30,30,1291,3,2.48,1,1.09,25.38,42.58,Switzerland,Switzerland,right,181,71,no,8.02,6.48,60.22,2.02,24.14,0.77,1.02,0.07,3.35,4.46,1.25,3,0.21,0,0.0,3.97,0.21,3,0.21,0.17,0,0.0,19,1.32,42.11,15.789,0.07,1.05,46.67,0.98,50.0,0.07,0.0,0.28,6.41,43.48,13.11,39.36,2.72,1.81,1.46,23.63,1.67,1.67,31.3,85.97,6.55,80.85,8.92,93.75,8.71,82.4,29.56,87.97,0.7,60.0,15.34,10.3,0.08,0.91,0.07,0.0,0.49,28.57,0.07,2.72,84.62,1.39,65.0,0.56,25.0,0.7,0.42,3.21,84.78,0,,0,,0,0.0,0.0,0.0,,,0.07,,,0.0,0.0,0.0,0.07,0,0.0
L. Millar,Hull City,Basel,"LAMF, LW",26,2200000,2027-06-30,31,2147,7,5.25,1,3.38,24.44,45.97,Canada,"Canada, England",right,181,75,no,6.2,5.91,58.87,2.01,27.08,0.25,0.39,0.0,2.47,3.83,0.8,2,0.08,0,0.0,6.46,0.29,7,0.29,0.22,1,0.04,43,1.8,44.19,16.279,0.04,2.98,33.8,2.47,37.29,0.46,18.18,0.34,8.05,52.08,13.37,45.77,3.94,5.41,2.52,28.59,2.52,1.26,37.39,78.25,8.97,68.69,9.35,95.07,10.56,77.38,33.41,82.94,1.13,59.26,16.57,23.94,0.14,1.34,0.13,0.0,0.92,50.0,0.54,2.98,66.2,3.48,51.81,0.67,31.25,1.93,1.05,6.08,79.31,0,,0,,0,0.0,0.0,0.0,,,0.29,,,0.04,0.0,0.0,0.75,0,0.0
N. Djiga,Wolverhampton Wanderers,Basel,RCB,23,2000000,2030-06-30,6,472,0,0.0,0,0.0,10.87,56.14,Burkina Faso,"Burkina Faso, Serbia",right,187,80,no,11.25,4.96,65.38,2.29,41.67,0.38,0.52,1.14,7.63,10.43,0.57,0,0.0,0,0.0,0.19,0.0,0,0.0,0.0,0,0.0,0,0.0,0.0,0.0,0.0,0.0,0.0,0.0,0.0,0.0,0.0,0.0,0.38,50.0,1.14,33.33,0.19,0.19,0.57,18.88,0.38,0.0,30.13,80.38,13.54,71.83,3.05,100.0,11.06,86.21,26.5,87.05,3.62,31.58,21.6,34.51,0.0,0.0,0.19,0.0,0.0,0.0,0.19,3.81,60.0,0.19,0.0,0.57,0.0,0.0,0.0,6.29,63.64,0,,0,,0,0.0,0.0,0.0,,,2.67,,,0.0,0.0,0.0,0.0,0,0.0
M. Maglica,Darmstadt 98,St. Gallen,LCB,27,2000000,2027-06-30,16,1265,1,0.95,0,0.0,19.78,66.91,Croatia,Croatia,left,198,99,no,13.02,7.75,76.15,5.55,71.79,0.78,1.11,0.36,6.33,8.99,0.78,3,0.21,0,0.0,0.5,0.07,1,0.07,0.07,1,0.07,7,0.5,28.57,14.286,0.0,0.0,0.0,0.0,0.0,0.0,0.0,0.0,0.57,62.5,1.99,35.71,0.57,1.21,0.36,18.71,0.21,0.36,38.13,78.54,18.85,67.17,2.99,83.33,13.52,92.11,30.45,85.51,7.68,50.93,21.43,36.1,0.0,0.0,0.0,0.0,0.14,0.0,0.0,5.69,52.5,0.57,25.0,1.0,28.57,0.14,0.0,8.89,60.8,0,,0,,0,0.0,0.0,0.0,,,2.21,,,0.07,0.0,0.0,0.0,0,0.0
C. Witzig,St. Gallen,St. Gallen,RB,25,2000000,2029-06-30,2,24,0,0.01,0,0.0,,,Switzerland,Switzerland,right,178,69,no,,,,,,,0.0,,,0.0,,0,,0,,,,0,,,0,,1,,,0.0,,,,,,,,,,,,,,,,,,,,,,,,,,,,,,,16.91,14.55,,,,,,,,,,,,,,,,,,0,,0,,0,0.0,0.0,,,,,,,,,,,0,0.0
L. Görtler,St. Gallen,St. Gallen,"RCMF, RAMF",32,2000000,2028-06-30,30,2739,5,5.08,9,5.56,25.73,50.83,Germany,Germany,right,186,80,no,11.14,7.85,59.83,2.43,50.0,1.02,1.41,0.36,5.42,7.5,0.95,11,0.36,0,0.0,4.96,0.16,3,0.1,0.17,0,0.0,43,1.41,27.91,11.628,0.3,2.73,33.73,0.13,25.0,2.5,34.21,0.3,4.27,61.54,10.51,48.13,1.71,1.18,0.56,28.09,1.61,1.97,43.41,71.31,17.61,60.45,6.24,89.47,12.42,76.98,33.71,78.46,7.06,51.16,19.69,37.06,0.18,1.31,0.03,0.1,2.2,46.27,0.79,9.27,59.22,5.49,46.11,3.71,35.4,1.77,0.92,9.92,79.14,0,,0,,0,0.0,0.0,0.0,,,0.66,,,0.23,0.0,0.0,0.76,2,100.0
E. Youan,Hibernian,St. Gallen,"CF, LCMF, LAMF",27,2000000,,18,1383,6,6.08,1,0.81,32.34,38.43,France,"France, Côte d'Ivoire",right,183,70,no,5.14,5.01,55.84,5.08,50.0,0.46,0.65,0.0,1.89,2.69,0.98,4,0.26,1,0.07,5.53,0.39,6,0.39,0.4,1,0.07,37,2.41,43.24,16.216,0.07,1.5,21.74,0.72,18.18,0.78,25.0,0.2,8.59,43.94,17.64,31.37,4.1,2.8,2.02,22.06,2.02,1.17,31.17,75.78,8.2,76.98,5.34,91.46,9.5,67.81,27.98,80.0,2.02,48.39,16.0,35.17,0.05,0.98,0.07,0.13,0.98,40.0,0.46,4.03,67.74,2.08,40.63,0.91,35.71,1.17,0.26,4.03,79.03,0,,0,,0,0.0,0.0,0.0,,,0.07,,,0.0,0.0,0.0,0.65,0,0.0
B. Bolla,Rapid Wien,Grasshopper,"RWB, RB",26,2000000,2027-06-30,30,2593,4,1.88,2,2.48,14.89,51.75,Hungary,Hungary,right,179,71,no,8.09,6.73,55.15,1.56,40.0,0.35,0.46,0.1,4.03,5.34,1.25,4,0.14,0,0.0,3.33,0.14,4,0.14,0.07,0,0.0,34,1.18,35.29,11.765,0.07,2.39,46.38,0.07,50.0,2.26,46.15,0.28,2.92,54.76,4.58,50.76,0.97,2.33,1.04,27.7,2.57,0.59,36.1,78.08,13.54,68.72,5.45,93.63,11.66,81.85,28.95,85.25,4.89,50.35,19.07,33.73,0.09,0.62,0.07,0.03,0.49,42.86,0.24,4.96,62.24,3.64,55.24,0.9,30.77,0.94,1.08,8.5,80.0,0,,0,,0,0.0,0.0,0.0,,,0.45,,,0.0,0.0,0.0,0.0,0,0.0
A. Ceesay,Dhamk,Zürich,CF,32,2000000,,33,2612,20,12.24,10,3.75,24.5,39.8,Gambia,Gambia,left,188,74,no,4.55,3.2,59.14,6.41,47.85,0.34,0.45,0.14,2.31,3.01,1.1,8,0.28,0,0.0,3.82,0.69,19,0.65,0.42,4,0.14,70,2.41,57.14,28.571,0.34,1.76,25.49,1.52,27.27,0.24,14.29,0.24,3.65,50.94,10.16,35.25,4.58,1.38,0.65,12.3,2.21,1.52,16.54,66.88,2.76,47.5,4.51,82.44,4.51,58.78,14.54,72.27,0.45,38.46,15.72,14.62,0.13,0.69,0.07,0.03,0.31,44.44,0.55,1.38,55.0,1.72,50.0,0.28,50.0,0.93,0.38,1.41,75.61,0,,0,,0,0.0,0.0,0.0,,,0.07,,,0.0,0.0,0.0,0.0,1,100.0
D. Schmid,Salzburg,Grasshopper,"LWB, LB, RWB",28,2000000,2030-06-30,32,2461,1,2.04,5,3.58,16.09,45.91,Switzerland,Switzerland,left,183,74,no,9.44,5.85,50.63,2.89,40.51,0.44,0.58,0.15,6.03,7.98,1.35,4,0.15,0,0.0,2.89,0.04,1,0.04,0.07,0,0.0,26,0.95,38.46,3.846,0.18,2.67,32.88,1.94,26.42,0.69,52.63,0.48,2.85,51.28,4.53,47.58,1.1,1.43,0.84,24.87,1.83,0.69,37.16,71.85,15.65,56.78,6.36,95.4,10.35,78.09,28.16,81.95,6.47,43.5,20.7,33.16,0.13,1.32,0.0,0.04,0.51,35.71,0.37,6.14,53.57,3.66,47.0,0.84,26.09,0.91,0.8,9.25,67.59,0,,0,,0,0.0,0.0,0.0,,,0.48,,,0.62,0.18,40.0,1.76,0,0.0
T. Tavares,Marítimo,Basel,"LB, RB",25,2000000,2029-06-30,18,1348,0,0.18,1,0.86,17.63,47.73,Portugal,"Portugal, Cape Verde Islands",right,182,69,no,10.55,8.15,60.66,1.54,47.83,0.13,0.2,0.27,5.47,8.4,1.2,4,0.27,0,0.0,1.87,0.0,0,0.0,0.01,0,0.0,6,0.4,50.0,0.0,0.07,1.6,45.83,1.14,47.06,0.47,42.86,0.2,2.27,38.24,4.94,28.38,0.93,2.27,1.34,42.86,2.67,0.53,60.02,88.1,22.77,82.11,9.61,95.14,17.76,89.85,53.41,91.88,5.07,60.53,16.59,32.74,0.06,0.8,0.0,0.07,0.07,100.0,0.33,6.74,83.17,2.14,53.13,0.33,40.0,0.47,0.8,9.88,77.03,0,,0,,0,0.0,0.0,0.0,,,1.07,,,0.0,0.0,0.0,0.0,0,0.0
M. Mahmoud,ES Tunis,Lugano,"RCMF, RW",26,2000000,2029-06-30,11,322,1,1.19,0,0.27,29.63,50.0,Tunisia,Tunisia,right,179,77,no,10.34,11.46,73.17,4.19,20.0,0.84,1.2,0.0,1.12,1.6,2.8,2,0.56,1,0.28,3.35,0.28,1,0.28,0.33,0,0.0,5,1.4,40.0,20.0,0.0,1.12,25.0,0.0,0.0,1.12,25.0,0.56,4.75,47.06,11.46,41.46,2.52,1.96,2.8,24.32,0.56,0.84,31.86,88.6,8.11,79.31,5.03,94.44,10.9,84.62,29.07,92.31,1.68,66.67,15.56,16.21,0.08,0.84,0.0,0.0,0.28,100.0,0.56,5.59,85.0,1.96,71.43,0.84,66.67,0.84,0.28,5.03,77.78,0,,0,,0,0.0,0.0,0.0,,,0.28,,,0.0,0.0,0.0,0.0,0,0.0
Joelson Fernandes,Gil Vicente,Basel,"LAMF, RW, RAMF",23,1800000,2029-06-30,18,350,0,0.3,2,1.32,21.86,55.29,Guinea-Bissau,"Guinea-Bissau, Portugal",right,171,63,no,5.4,6.17,75.0,0.77,0.0,0.26,0.55,0.0,0.51,1.09,0.77,1,0.26,0,0.0,6.69,0.0,0,0.0,0.08,0,0.0,7,1.8,14.29,0.0,0.51,5.14,35.0,2.83,36.36,2.31,33.33,0.77,7.46,62.07,11.83,54.35,2.83,3.34,1.54,20.57,2.06,1.54,27.0,80.0,1.8,57.14,11.06,97.67,7.71,63.33,21.09,92.68,1.29,40.0,15.32,8.28,0.34,1.54,0.0,0.0,0.0,0.0,0.77,0.26,100.0,3.86,33.33,0.0,0.0,0.26,1.8,2.31,88.89,0,,0,,0,0.0,0.0,0.0,,,0.0,,,0.0,0.0,0.0,2.83,0,0.0
M. Haile-Selassie,Chicago Fire,Lugano,"LW, LWF, CF",27,1800000,2026-12-31,17,728,2,0.93,2,1.01,19.04,49.35,Switzerland,"Switzerland, Ethiopia",right,180,73,no,4.82,4.82,66.67,1.11,11.11,0.0,0.0,0.0,1.61,2.18,0.74,0,0.0,0,0.0,3.96,0.25,2,0.25,0.12,0,0.0,13,1.61,46.15,15.385,0.25,0.99,25.0,0.87,14.29,0.12,100.0,0.12,4.7,55.26,10.51,43.53,2.97,2.35,1.36,17.43,1.48,1.85,26.21,82.08,6.55,73.58,7.79,90.48,6.18,78.0,23.61,86.91,1.61,46.15,15.16,15.7,0.13,0.87,0.0,0.0,0.74,50.0,0.37,2.23,66.67,1.61,69.23,0.62,40.0,1.24,0.25,3.59,75.86,0,,0,,0,0.0,0.0,0.0,,,0.0,,,0.12,0.0,0.0,0.37,0,0.0
M. Diaw,Le Havre,Lausanne Sport,GK,32,1800000,2027-06-30,27,2591,0,0.0,0,0.25,0.83,79.17,France,"France, Senegal",right,197,95,no,1.84,0.07,50.0,0.52,93.33,0.0,0.0,0.0,1.81,2.1,0.0,5,0.17,0,0.0,0.03,0.0,0,0.0,0.0,0,0.0,0,0.0,0.0,0.0,0.0,0.0,0.0,0.0,0.0,0.0,0.0,0.0,0.07,50.0,0.17,40.0,0.0,0.0,0.0,14.83,0.14,0.07,24.07,83.84,12.99,73.53,0.07,50.0,9.93,96.85,15.53,96.2,8.44,62.14,34.5,52.02,0.01,0.03,0.0,0.0,0.0,0.0,0.03,2.74,49.37,0.21,16.67,0.35,30.0,0.03,0.0,6.53,68.62,55,1.91,163,5.66,2,66.26,51.68,1.8,-3.32,-0.115,0.0,1.98,0.52,,,,0.0,0,0.0
N. Vouilloz,Basel,Servette,RCB,25,1500000,2028-06-30,23,1851,1,1.46,0,0.07,17.21,59.32,Switzerland,Switzerland,right,184,80,no,11.33,8.02,72.12,3.45,46.48,0.34,0.39,0.53,5.2,6.03,0.88,4,0.19,0,0.0,0.88,0.05,1,0.05,0.07,1,0.05,9,0.44,22.22,11.111,0.0,0.15,33.33,0.0,0.0,0.15,33.33,0.05,0.92,78.95,2.58,45.28,0.63,1.02,0.39,23.73,0.58,0.63,37.83,83.03,18.18,72.73,1.26,92.31,15.27,93.95,32.43,88.31,5.25,51.85,19.91,29.53,0.0,0.1,0.05,0.05,0.05,0.0,0.0,4.67,62.5,0.68,35.71,0.39,25.0,0.19,0.05,7.83,62.73,0,,0,,0,0.0,0.0,0.0,,,0.83,,,0.0,0.0,0.0,0.0,0,0.0
L. Ati Zigi,St. Gallen,St. Gallen,GK,29,1500000,2027-06-30,36,3467,0,0.0,0,0.0,0.99,78.95,Ghana,Ghana,right,188,85,no,2.21,0.16,66.67,0.57,95.45,0.05,0.07,0.0,2.05,2.88,0.0,2,0.05,0,0.0,0.0,0.0,0,0.0,0.0,0,0.0,0,0.0,0.0,0.0,0.0,0.0,0.0,0.0,0.0,0.0,0.0,0.0,0.03,0.0,0.08,33.33,0.0,0.0,0.0,12.04,0.21,0.13,20.46,82.36,12.1,71.24,0.0,0.0,7.42,98.6,11.68,97.33,8.77,62.43,34.26,49.43,0.0,0.0,0.0,0.0,0.0,0.0,0.0,2.86,43.64,0.26,10.0,0.23,22.22,0.03,0.0,6.57,80.63,63,1.64,183,4.75,8,65.57,61.87,1.61,-1.13,-0.029,0.0,1.4,0.57,,,,0.0,0,0.0
A. Seko,Le Havre,Grasshopper,LCB,26,1500000,2028-06-30,13,1175,0,0.68,0,0.06,12.49,57.67,Japan,Japan,right,186,81,no,9.34,5.59,64.38,2.76,44.44,0.23,0.29,0.69,5.51,7.04,1.15,2,0.15,0,0.0,0.46,0.0,0,0.0,0.05,0,0.0,3,0.23,66.67,0.0,0.0,0.15,50.0,0.0,0.0,0.08,100.0,0.0,0.15,100.0,1.0,46.15,0.84,1.07,0.15,25.28,0.46,0.46,38.99,87.43,17.31,78.32,2.99,97.44,14.78,94.3,33.47,92.45,5.36,57.14,21.74,41.48,0.0,0.23,0.08,0.0,0.08,100.0,0.0,5.9,64.94,0.61,37.5,0.69,44.44,0.31,0.08,7.58,79.8,0,,0,,0,0.0,0.0,0.0,,,1.99,,,0.0,0.0,0.0,0.0,0,0.0
B. Krasniqi,Zürich,Zürich,"AMF, LCMF, RCMF",25,1500000,2027-06-30,23,1290,0,1.43,2,0.58,17.16,50.0,Switzerland,"Switzerland, Kosovo",right,173,63,no,6.49,5.44,61.54,1.19,58.82,0.42,0.53,0.0,2.72,3.47,1.12,6,0.42,1,0.07,2.93,0.0,0,0.0,0.1,0,0.0,10,0.7,30.0,0.0,0.14,0.63,55.56,0.07,100.0,0.49,57.14,0.14,3.49,62.0,8.02,46.96,1.53,2.86,2.37,20.44,0.28,1.19,31.4,83.11,8.16,75.21,5.51,94.94,11.37,86.5,29.65,85.18,1.19,41.18,16.09,15.33,0.04,0.35,0.07,0.0,0.91,23.08,0.21,3.42,79.59,1.26,55.56,1.05,20.0,0.7,0.28,3.0,62.79,0,,0,,0,0.0,0.0,0.0,,,0.35,,,0.0,0.0,0.0,0.07,0,0.0
J. von Moos,Luzern,St. Gallen,"RWF, CF",25,1500000,2027-06-30,15,1040,4,2.96,3,2.82,24.14,40.86,Switzerland,"Switzerland, Brazil",left,181,77,yes,5.88,5.88,60.29,2.86,21.21,0.17,0.26,0.09,2.16,3.26,0.78,1,0.09,0,0.0,3.98,0.35,4,0.35,0.26,0,0.0,14,1.21,50.0,28.571,0.26,1.64,31.58,0.26,33.33,1.38,31.25,0.35,4.5,55.77,10.3,39.5,3.98,1.73,0.87,11.86,1.21,0.52,19.56,73.45,4.67,66.67,3.98,89.13,4.5,69.23,17.31,79.0,0.69,25.0,14.01,15.79,0.24,1.3,0.0,0.0,0.87,40.0,1.04,1.3,60.0,1.64,57.89,0.95,36.36,1.73,0.43,2.34,74.07,0,,0,,0,0.0,0.0,0.0,,,0.0,,,0.0,0.0,0.0,0.09,0,0.0
T. Ndenge,Lion City Sailors FC,Luzern,"LDMF, LCMF, DMF",29,1500000,2027-06-30,6,251,0,0.13,0,0.01,13.98,38.46,Germany,"Germany, Cameroon",left,191,85,no,6.81,6.45,44.44,1.79,60.0,0.0,0.0,0.72,3.94,4.85,0.72,0,0.0,0,0.0,0.72,0.0,0,0.0,0.05,0,0.0,3,1.08,33.33,0.0,0.0,0.0,0.0,0.0,0.0,0.0,0.0,0.0,1.08,33.33,3.59,20.0,1.08,1.08,0.36,25.82,0.0,0.72,40.16,83.93,12.19,67.65,7.17,100.0,15.06,90.48,36.93,87.38,3.23,44.44,18.51,26.92,0.01,0.36,0.0,0.0,0.36,0.0,0.0,4.66,69.23,0.72,0.0,0.36,0.0,0.0,0.0,2.51,57.14,0,,0,,0,0.0,0.0,0.0,,,0.36,,,0.36,0.36,0.0,0.0,0,0.0
N. Čumić,Real Zaragoza,Luzern,"CF, AMF, LW",27,1500000,2027-06-30,24,1085,4,3.08,2,1.92,24.55,38.85,Serbia,Serbia,right,176,67,yes,5.97,5.81,58.57,4.4,28.3,0.5,0.71,0.17,2.07,2.94,0.91,4,0.33,1,0.08,4.73,0.33,4,0.33,0.26,0,0.0,24,1.99,50.0,16.667,0.17,1.24,26.67,0.33,0.0,0.91,36.36,0.17,6.39,49.35,10.87,38.93,3.57,2.99,1.66,14.76,2.07,0.91,20.41,71.95,5.47,62.12,4.73,89.47,6.06,64.38,17.92,76.39,1.41,47.06,17.32,22.75,0.16,1.08,0.08,0.0,0.41,60.0,0.66,2.65,65.63,2.49,46.67,0.66,50.0,0.91,0.33,3.15,65.79,0,,0,,0,0.0,0.0,0.0,,,0.08,,,0.0,0.0,0.0,0.25,0,0.0
Wesley Gasolina,Avaí,Sion,"RW, RB",26,1500000,2026-11-30,25,1917,4,2.55,1,0.45,27.65,45.67,Brazil,Brazil,right,177,66,no,8.87,8.12,59.54,2.44,21.15,0.23,0.3,0.09,3.8,4.78,1.55,7,0.33,0,0.0,4.55,0.19,4,0.19,0.12,0,0.0,29,1.36,44.83,13.793,0.05,1.5,28.13,0.33,28.57,1.17,28.0,0.19,6.2,54.55,13.57,44.98,1.6,2.54,2.39,22.11,1.55,3.62,30.33,82.2,7.04,68.0,6.85,93.84,10.42,85.59,27.37,87.14,1.5,46.88,17.97,29.89,0.02,0.28,0.0,0.0,0.56,25.0,0.14,3.1,74.24,1.74,37.84,0.7,20.0,0.28,0.42,3.99,58.82,0,,0,,0,0.0,0.0,0.0,,,0.56,,,0.14,0.0,0.0,0.47,0,0.0
G. Kyei,Standard Liège,Servette,CF,30,1500000,2027-06-30,16,1255,6,8.87,1,0.36,27.82,34.54,France,"France, Ghana",right,187,84,no,3.16,3.16,50.0,2.73,28.95,0.22,0.28,0.14,1.36,1.76,1.72,4,0.29,0,0.0,4.3,0.43,6,0.43,0.64,0,0.0,44,3.16,40.91,13.636,0.07,0.72,20.0,0.22,33.33,0.43,16.67,0.07,5.02,54.29,15.13,32.23,4.73,0.79,0.29,11.76,1.08,1.22,20.01,73.84,4.09,70.18,6.1,82.35,5.24,69.86,18.36,77.73,0.93,38.46,15.6,19.0,0.03,0.5,0.07,0.0,0.5,28.57,0.29,1.94,66.67,1.65,56.52,0.5,14.29,0.79,0.22,2.01,75.0,0,,0,,0,0.0,0.0,0.0,,,0.0,,,0.0,0.0,0.0,0.0,0,0.0
Y. Severin,Servette,Servette,"LCB, LB",29,1500000,2028-06-30,18,856,0,0.0,0,0.12,12.83,60.66,France,France,left,186,78,no,8.83,7.99,60.53,1.79,52.94,0.11,0.13,0.74,3.89,4.74,0.95,2,0.21,0,0.0,0.32,0.0,0,0.0,0.0,0,0.0,0,0.0,0.0,0.0,0.0,0.0,0.0,0.0,0.0,0.0,0.0,0.0,0.63,50.0,1.05,40.0,0.0,0.74,0.32,22.08,0.21,0.21,30.18,87.46,11.67,75.68,2.73,96.15,12.62,94.17,26.18,93.17,4.0,50.0,17.69,23.38,0.01,0.21,0.0,0.0,0.0,0.0,0.0,2.21,47.62,0.21,50.0,0.11,100.0,0.11,0.0,4.52,72.09,0,,0,,0,0.0,0.0,0.0,,,1.26,,,0.0,0.0,0.0,0.0,0,0.0
A. Racioppi,Sion,Young Boys,GK,27,1500000,2029-06-30,5,486,0,0.0,0,0.0,0.74,75.0,Switzerland,"Switzerland, France",right,189,81,no,1.3,0.19,100.0,0.19,100.0,0.0,0.0,0.0,1.11,1.5,0.0,0,0.0,0,0.0,0.0,0.0,0,0.0,0.0,0,0.0,0,0.0,0.0,0.0,0.0,0.0,0.0,0.0,0.0,0.0,0.0,0.0,0.19,0.0,0.19,0.0,0.0,0.0,0.0,13.7,0.0,0.19,19.81,82.24,10.56,71.93,0.0,0.0,8.33,93.33,11.48,98.39,8.33,60.0,34.2,46.98,0.0,0.0,0.0,0.0,0.0,0.0,0.0,2.04,54.55,0.0,0.0,0.0,0.0,0.0,0.0,6.11,72.73,7,1.3,17,3.15,1,58.82,3.78,0.7,-3.22,-0.596,0.0,0.37,0.19,,,,0.0,0,0.0
D. von Ballmoos,Young Boys,Young Boys,GK,31,1500000,2029-06-30,21,1988,0,0.0,0,0.0,0.45,90.0,Switzerland,Switzerland,right,192,92,no,1.58,0.0,0.0,0.09,100.0,0.0,0.0,0.0,1.58,2.42,0.05,1,0.05,0,0.0,0.05,0.0,0,0.0,0.0,0,0.0,0,0.0,0.0,0.0,0.0,0.0,0.0,0.0,0.0,0.0,0.0,0.0,0.05,100.0,0.18,100.0,0.0,0.0,0.05,18.7,0.23,0.14,26.62,86.22,16.03,78.53,0.0,0.0,9.51,98.1,16.12,99.44,10.46,66.23,33.72,52.43,0.0,0.0,0.0,0.0,0.0,0.0,0.0,4.98,62.73,0.18,0.0,0.32,28.57,0.14,0.0,7.61,85.71,30,1.36,86,3.89,2,65.12,27.66,1.25,-2.34,-0.106,0.0,0.68,0.09,,,,0.0,0,0.0
S. Ottiger,Winterthur,Luzern,RB,23,1500000,2028-06-30,1,14,0,0.0,0,0.0,,,Switzerland,Switzerland,right,182,82,no,,,,,,,0.0,,,10.0,,0,,0,,,,0,,,0,,0,,,0.0,,,,,,,,,,,,,,,,,,,,,,,,,,,,,,,19.44,55.28,,,,,,,,,,,,,,,,,,0,,0,,0,0.0,0.0,,,,,,,,,,,0,0.0
I. Schmidt,Young Boys,St. Gallen,"LB, LCMF",26,1400000,2030-06-30,25,1712,1,1.06,2,1.93,22.66,54.29,Switzerland,"Switzerland, Nigeria",right,172,68,no,10.3,7.52,69.23,2.37,57.78,0.37,0.53,0.26,4.73,6.84,0.79,4,0.21,0,0.0,3.42,0.05,1,0.05,0.06,0,0.0,13,0.68,23.08,7.692,0.11,1.26,33.33,0.95,44.44,0.32,0.0,0.0,4.68,53.93,8.88,43.2,2.05,3.57,2.0,24.29,1.0,0.53,42.11,77.03,18.29,69.83,4.78,89.01,9.78,82.26,38.01,80.91,2.84,44.44,15.87,24.66,0.1,1.31,0.11,0.0,0.79,40.0,0.47,6.52,61.29,2.58,57.14,0.89,23.53,1.31,0.37,8.94,75.29,0,,0,,0,0.0,0.0,0.0,,,0.53,,,0.0,0.0,0.0,0.05,0,0.0
P. Pušić,Wieczysta Kraków,Grasshopper,"AMF, RCMF, RW",27,1300000,2027-06-30,16,1039,1,2.55,2,1.62,17.84,38.83,Switzerland,"Switzerland, Croatia",left,171,62,no,5.72,7.19,49.4,1.47,11.76,0.43,0.57,0.17,1.73,2.28,1.73,3,0.26,0,0.0,3.55,0.09,1,0.09,0.22,0,0.0,26,2.25,38.46,3.846,0.17,1.73,50.0,1.04,50.0,0.69,50.0,0.35,2.6,53.33,6.24,30.56,1.56,1.99,1.65,24.86,0.69,0.78,34.48,79.4,9.1,64.76,7.45,98.84,11.52,78.95,29.28,84.62,3.46,50.0,17.28,29.41,0.14,1.04,0.26,0.0,0.78,55.56,0.35,4.85,60.71,3.12,55.56,0.95,45.45,0.87,0.87,5.8,68.66,0,,0,,0,0.0,0.0,0.0,,,0.0,,,1.3,0.09,0.0,1.99,0,0.0
K. Mets,Bochum,Zürich,"LCB, RCB, CB",33,1300000,2028-06-30,12,780,1,0.64,0,0.01,12.23,65.09,Estonia,Estonia,left,191,82,no,11.77,6.46,67.86,2.19,73.68,0.81,1.12,0.92,6.58,9.1,1.04,2,0.23,0,0.0,0.23,0.12,1,0.12,0.07,1,0.12,5,0.58,20.0,20.0,0.0,0.0,0.0,0.0,0.0,0.0,0.0,0.0,0.35,33.33,0.92,37.5,1.15,0.35,0.12,25.62,0.12,0.46,40.62,86.08,14.42,74.4,3.0,92.31,18.81,93.87,35.65,90.94,4.96,51.16,20.87,27.82,0.0,0.12,0.0,0.12,0.0,0.0,0.0,3.0,73.08,0.46,50.0,0.23,0.0,0.23,0.0,7.96,60.87,0,,0,,0,0.0,0.0,0.0,,,1.85,,,0.0,0.0,0.0,0.0,0,0.0
M. Palacios,Al Ain,Basel,"AMF, LDMF, LCMF",24,1200000,2029-06-30,22,1089,1,0.68,2,1.74,16.12,50.77,Argentina,"Argentina, Italy",right,171,0,no,6.36,4.88,69.49,1.32,31.25,0.08,0.13,0.08,2.89,4.65,0.41,4,0.33,0,0.0,1.74,0.08,1,0.08,0.06,0,0.0,13,1.07,15.38,7.692,0.17,1.16,28.57,0.33,50.0,0.83,20.0,0.08,2.23,51.85,7.11,45.35,1.16,1.82,0.58,45.21,0.99,1.24,63.55,89.34,15.62,79.37,9.17,98.2,28.43,92.73,56.61,91.82,5.79,77.14,18.32,31.42,0.14,1.4,0.0,0.08,0.5,16.67,0.33,9.92,85.0,2.4,37.93,0.91,36.36,0.99,0.33,9.09,82.73,0,,0,,0,0.0,0.0,0.0,,,0.66,,,1.57,0.17,50.0,2.64,0,0.0
K. Hajrizi,Sion,Lugano,"RCB, RB",27,1200000,2028-06-30,30,1809,1,0.54,1,0.33,19.8,57.04,Switzerland,"Switzerland, Kosovo",right,185,78,no,11.89,9.05,64.29,4.73,53.68,0.5,0.64,0.95,5.57,7.12,1.69,6,0.3,0,0.0,0.75,0.05,1,0.05,0.03,1,0.05,7,0.35,28.57,14.286,0.05,0.5,40.0,0.0,0.0,0.5,40.0,0.1,0.85,41.18,2.84,57.89,0.4,0.7,0.25,25.82,1.44,1.49,38.51,80.36,17.86,67.97,4.33,94.25,12.24,92.68,32.49,86.22,5.52,49.55,19.66,27.71,0.02,0.15,0.0,0.05,0.3,33.33,0.05,4.93,56.57,1.04,28.57,0.7,35.71,0.2,0.15,8.36,67.26,0,,0,,0,0.0,0.0,0.0,,,1.99,,,0.0,0.0,0.0,0.0,0,0.0
L. Kamberi,Zürich,Zürich,"RCB, LCB",26,1200000,2028-06-30,13,980,1,0.73,0,0.0,14.69,52.5,Switzerland,"Switzerland, Kosovo",right,182,83,no,7.62,5.6,49.18,3.95,60.47,0.46,0.63,1.19,4.41,6.08,1.38,3,0.28,0,0.0,0.55,0.09,1,0.09,0.07,1,0.09,4,0.37,50.0,25.0,0.0,0.37,0.0,0.09,0.0,0.28,0.0,0.09,0.55,66.67,2.2,50.0,0.46,1.01,0.46,18.73,0.28,0.28,31.78,81.21,15.8,70.35,1.29,100.0,11.39,93.55,26.54,89.27,4.87,43.4,18.87,28.44,0.0,0.09,0.0,0.09,0.09,0.0,0.0,3.49,63.16,0.64,28.57,0.18,50.0,0.18,0.0,6.34,53.62,0,,0,,0,0.0,0.0,0.0,,,0.83,,,0.0,0.0,0.0,0.0,0,0.0
Afimico Pululu,Jagiellonia Białystok,Basel,LW,27,1200000,2026-06-30,1,13,0,0.0,0,0.0,,,Angola,"Angola, France",left,175,83,no,,,,,,,0.0,,,0.0,,0,,0,,,,0,,,0,,0,,,0.0,,,,,,,,,,,,,,,,,,,,,,,,,,,,,,,10.17,0.0,,,,,,,,,,,,,,,,,,0,,0,,0,0.0,0.0,,,,,,,,,,,0,0.0
M. Valenzuela,Atlas,Lugano,"LWB, LB",27,1200000,2029-06-30,12,770,0,0.3,1,0.33,16.71,53.15,Argentina,"Argentina, United States",left,170,64,no,8.42,6.55,64.29,2.57,45.45,0.47,0.62,0.12,3.74,4.97,0.94,0,0.0,0,0.0,2.22,0.0,0,0.0,0.04,0,0.0,4,0.47,0.0,0.0,0.12,2.45,33.33,2.45,33.33,0.0,0.0,0.12,2.69,43.48,4.32,35.14,1.4,1.75,0.94,32.26,2.81,0.58,41.38,75.71,14.14,66.94,6.55,92.86,12.62,78.7,34.13,79.79,5.03,65.12,17.5,25.68,0.04,0.47,0.0,0.0,0.47,50.0,0.35,5.03,69.77,2.34,45.0,0.35,33.33,0.58,1.05,10.87,63.44,0,,0,,0,0.0,0.0,0.0,,,0.58,,,0.0,0.0,0.0,0.0,0,0.0
G. Koyalipou,Angers SCO,Lausanne Sport,CF,26,1000000,2028-06-30,10,451,1,0.88,0,0.07,20.55,41.75,Central African Republic,"Central African Republic, France",right,184,76,yes,4.19,3.39,64.71,2.99,60.0,0.0,0.0,0.0,2.0,2.63,0.2,0,0.0,0,0.0,3.59,0.2,1,0.2,0.18,0,0.0,9,1.8,44.44,11.111,0.0,1.8,33.33,0.2,100.0,1.6,25.0,0.0,4.79,45.83,10.58,32.08,2.39,2.39,1.6,14.77,1.8,0.8,20.35,73.53,4.39,59.09,4.59,86.96,6.39,62.5,18.16,79.12,0.8,25.0,16.48,14.79,0.01,0.2,0.0,0.0,0.2,0.0,0.2,2.0,50.0,1.4,14.29,0.2,0.0,0.6,0.4,1.6,50.0,0,,0,,0,0.0,0.0,0.0,,,0.0,,,0.0,0.0,0.0,0.0,0,0.0
F. Aliti,Alanyaspor,Zürich,LCB,32,1000000,2028-06-30,33,3057,2,2.8,1,0.75,15.75,61.68,Switzerland,"Switzerland, Kosovo",left,186,77,no,10.78,7.04,69.87,3.71,61.11,0.53,0.68,0.59,5.33,6.83,0.91,8,0.24,0,0.0,0.65,0.06,2,0.06,0.08,0,0.0,16,0.47,37.5,12.5,0.03,0.35,41.67,0.35,41.67,0.0,0.0,0.09,0.32,45.45,1.56,45.28,0.68,1.47,0.18,24.49,1.15,1.06,34.71,83.46,17.99,76.6,2.86,93.81,9.1,91.59,30.21,88.4,4.15,51.06,19.11,32.8,0.02,0.24,0.12,0.0,0.29,60.0,0.12,6.39,73.73,1.09,51.35,0.35,25.0,0.32,0.15,8.01,73.53,0,,0,,0,0.0,0.0,0.0,,,0.56,,,0.0,0.0,0.0,0.0,0,0.0
André Moreira,Volos NFC,Grasshopper,GK,30,1000000,2027-06-30,35,3379,0,0.0,0,0.0,0.48,94.44,Portugal,Portugal,right,194,96,no,2.24,0.05,50.0,0.29,100.0,0.03,0.04,0.0,2.18,2.88,0.03,3,0.08,0,0.0,0.0,0.0,0,0.0,0.0,0,0.0,0,0.0,0.0,0.0,0.0,0.0,0.0,0.0,0.0,0.0,0.0,0.0,0.0,0.0,0.05,100.0,0.0,0.0,0.0,14.46,0.32,0.08,22.59,84.43,11.56,71.2,0.0,0.0,10.76,98.27,14.12,97.92,8.44,62.15,33.66,48.86,0.0,0.0,0.0,0.0,0.0,0.0,0.0,2.42,49.45,0.27,0.0,0.03,0.0,0.0,0.0,5.7,71.96,55,1.46,178,4.74,4,69.1,56.66,1.51,1.66,0.044,0.0,1.09,0.29,,,,0.0,0,0.0
B. Toma,Łódzki KS,St. Gallen,"LCMF, RCMF, AMF",26,1000000,2026-06-30,16,812,1,2.37,0,0.93,19.06,41.86,Switzerland,Switzerland,right,174,67,no,5.87,6.54,49.15,1.33,25.0,0.11,0.17,0.0,2.55,3.9,1.66,1,0.11,0,0.0,4.1,0.11,1,0.11,0.26,0,0.0,15,1.66,40.0,6.667,0.0,1.0,11.11,0.55,0.0,0.44,25.0,0.0,4.54,46.34,8.31,37.33,2.0,2.88,1.0,33.25,0.55,0.78,46.88,78.72,15.74,72.54,6.98,92.06,11.53,81.73,43.45,82.91,2.44,31.82,14.98,26.09,0.1,1.33,0.11,0.0,2.0,61.11,0.44,6.76,68.85,3.77,47.06,1.55,50.0,1.66,0.11,5.54,78.0,0,,0,,0,0.0,0.0,0.0,,,0.33,,,0.33,0.11,0.0,1.55,1,0.0
M. Müller,Wolfsburg,Luzern,GK,32,1000000,2027-06-30,26,2478,0,0.0,0,0.0,0.51,78.57,Germany,Germany,right,192,90,no,1.05,0.11,66.67,0.29,100.0,0.04,0.05,0.0,0.94,1.29,0.0,2,0.07,0,0.0,0.04,0.0,0,0.0,0.0,0,0.0,0,0.0,0.0,0.0,0.0,0.0,0.0,0.0,0.0,0.0,0.0,0.0,0.04,100.0,0.04,100.0,0.0,0.0,0.0,17.22,0.22,0.0,26.66,82.97,15.25,73.33,0.0,0.0,10.9,96.0,14.93,97.81,11.73,64.09,36.58,51.9,0.0,0.0,0.0,0.0,0.0,0.0,0.0,4.18,53.91,0.62,29.41,0.44,25.0,0.15,0.0,8.1,73.09,47,1.71,133,4.83,4,64.66,41.11,1.49,-5.89,-0.214,0.0,1.49,0.29,,,,0.0,0,0.0
M. Burch,Servette,Luzern,"RCB, LCB",25,1000000,2028-06-30,34,3239,3,2.76,0,0.11,16.31,64.05,Switzerland,Switzerland,right,186,79,no,11.81,7.78,72.5,3.92,54.61,0.61,0.82,0.56,5.56,7.43,0.81,6,0.17,0,0.0,0.42,0.08,3,0.08,0.08,1,0.03,19,0.53,31.58,15.789,0.0,0.08,0.0,0.0,0.0,0.08,0.0,0.0,0.5,50.0,1.64,59.32,0.72,1.69,0.39,27.87,0.25,1.14,43.01,86.63,17.89,78.11,2.67,92.71,18.51,93.24,38.43,91.76,4.5,44.44,20.78,39.13,0.0,0.11,0.03,0.03,0.08,0.0,0.0,5.42,71.28,0.5,33.33,0.36,7.69,0.14,0.0,7.5,69.26,0,,0,,0,0.0,0.0,0.0,,,1.89,,,0.0,0.0,0.0,0.0,0,0.0
J. Lefort,Angers SCO,Young Boys,LB,32,1000000,2029-06-30,20,1276,0,0.44,0,1.7,14.81,55.71,France,France,left,184,81,no,7.76,5.22,63.51,3.1,72.73,0.28,0.43,0.28,4.16,6.37,0.63,2,0.14,0,0.0,2.75,0.0,0,0.0,0.03,0,0.0,6,0.42,16.67,0.0,0.0,4.58,36.92,4.58,36.92,0.0,0.0,0.21,1.2,70.59,2.68,44.74,0.99,1.69,0.42,35.13,4.09,0.49,49.73,75.46,19.11,69.74,6.14,90.8,17.63,76.8,39.08,83.21,6.42,52.75,21.25,38.59,0.12,1.34,0.07,0.14,0.35,40.0,0.71,8.32,64.41,4.73,47.76,0.99,21.43,0.78,1.83,13.61,77.2,0,,0,,0,0.0,0.0,0.0,,,0.92,,,0.07,0.0,0.0,0.07,0,0.0
Jordi Quintillà,St. Gallen,St. Gallen,"DMF, LDMF",32,1000000,2028-06-30,23,1757,2,1.57,1,0.41,17.98,47.29,Spain,Spain,left,181,71,no,9.68,6.92,52.59,3.12,47.54,0.26,0.39,0.26,5.79,8.81,1.43,3,0.15,1,0.05,1.33,0.1,1,0.05,0.08,0,0.0,19,0.97,15.79,10.526,0.05,0.26,20.0,0.2,25.0,0.05,0.0,0.1,1.59,54.84,4.92,43.75,0.36,0.61,0.26,27.05,0.31,1.08,47.38,87.46,14.75,78.13,6.3,94.31,14.7,91.64,44.21,89.57,2.92,61.4,15.2,30.18,0.02,0.67,0.15,0.1,0.46,55.56,0.05,5.53,79.63,0.97,42.11,0.41,25.0,0.26,0.05,5.48,71.03,0,,0,,0,0.0,0.0,0.0,,,0.41,,,0.92,0.26,20.0,1.59,1,100.0
A. Jankewitz,Winterthur,St. Gallen,"LCMF, RCMF",24,1000000,2027-06-30,19,634,0,0.67,4,1.22,25.69,44.75,Switzerland,"Switzerland, Cameroon",right,185,80,no,8.23,7.24,60.78,1.99,21.43,0.57,0.84,0.0,3.26,4.83,1.42,2,0.28,0,0.0,3.97,0.0,0,0.0,0.1,0,0.0,6,0.85,0.0,0.0,0.57,1.7,41.67,1.56,45.45,0.14,0.0,0.28,5.39,55.26,11.5,44.44,0.71,0.99,0.43,23.85,0.71,3.83,33.64,77.64,10.79,63.16,6.53,89.13,9.09,84.38,29.1,82.44,2.84,50.0,17.46,20.62,0.17,1.42,0.0,0.0,1.28,22.22,0.85,4.4,51.61,2.7,42.11,2.27,25.0,0.99,0.71,4.83,70.59,0,,0,,0,0.0,0.0,0.0,,,0.43,,,0.0,0.0,0.0,0.0,0,0.0
J. Guillemenot,Servette,St. Gallen,"LWF, CF",28,1000000,,31,1716,9,8.19,3,3.02,21.61,35.19,Switzerland,"Switzerland, France",right,183,73,no,3.15,4.14,45.57,3.99,28.95,0.1,0.16,0.05,1.15,1.74,2.1,8,0.42,1,0.05,3.36,0.47,9,0.47,0.43,1,0.05,49,2.57,42.86,18.367,0.16,0.94,50.0,0.47,44.44,0.47,55.56,0.05,2.41,52.17,7.81,40.27,3.72,0.89,0.58,15.94,2.2,2.2,19.67,69.87,6.56,60.0,3.3,90.48,4.72,72.22,17.15,73.09,1.73,48.48,14.51,19.74,0.16,1.31,0.05,0.0,1.42,37.04,0.73,2.73,63.46,2.36,53.33,1.42,37.04,1.57,0.31,3.09,83.05,0,,0,,0,0.0,0.0,0.0,,,0.05,,,0.58,0.16,0.0,0.58,0,0.0
J. Ruiz,Metz,Sion,LCB,28,1000000,2029-06-30,1,93,0,0.0,0,0.0,11.61,58.33,France,France,left,188,80,no,6.77,6.77,57.14,3.87,50.0,0.0,0.0,0.97,2.9,3.91,0.0,0,0.0,0,0.0,0.0,0.0,0,0.0,0.0,0,0.0,0,0.0,0.0,0.0,0.0,0.0,0.0,0.0,0.0,0.0,0.0,0.0,0.0,0.0,0.0,0.0,0.0,0.97,0.0,23.23,0.0,0.0,31.94,69.7,16.45,47.06,6.77,85.71,4.84,100.0,21.29,81.82,10.65,45.45,26.33,41.86,0.0,0.0,0.0,0.0,0.0,0.0,0.0,7.74,37.5,1.94,0.0,1.94,0.0,0.0,0.0,7.74,62.5,0,,0,,0,0.0,0.0,0.0,,,3.87,,,0.0,0.0,0.0,0.0,0,0.0
F. Momoh,Winterthur,Grasshopper,CF,25,900000,2027-06-30,25,1416,4,4.33,2,1.39,32.42,34.51,Nigeria,Nigeria,right,187,83,no,4.07,4.19,56.06,5.34,35.71,0.0,0.0,0.06,1.72,2.33,1.97,2,0.13,0,0.0,4.0,0.25,4,0.25,0.28,0,0.0,30,1.91,40.0,13.333,0.13,1.33,33.33,0.89,35.71,0.44,28.57,0.13,5.15,48.15,17.61,31.05,4.7,1.97,0.44,10.55,2.42,0.7,20.15,62.78,4.7,62.16,5.21,78.05,5.34,51.19,17.73,66.31,1.14,44.44,15.64,19.34,0.09,0.89,0.0,0.06,0.76,41.67,0.32,2.35,59.46,1.97,48.39,0.51,25.0,0.95,0.38,2.54,80.0,0,,0,,0,0.0,0.0,0.0,,,0.0,,,0.0,0.0,0.0,0.0,0,0.0
Filipe de Carvalho,Vitesse,Grasshopper,LWF,22,900000,2028-06-30,1,12,0,0.0,0,0.0,,,Switzerland,"Switzerland, Portugal",right,177,72,no,,,,,,,0.0,,,0.0,,0,,0,,,,0,,,0,,0,,,0.0,,,,,,,,,,,,,,,,,,,,,,,,,,,,,,,5.42,0.0,,,,,,,,,,,,,,,,,,0,,0,,0,0.0,0.0,,,,,,,,,,,0,0.0
N. Bürgy,OB,Young Boys,RCB,30,850000,2028-06-30,6,363,0,0.34,0,0.0,12.15,57.14,Switzerland,Switzerland,right,185,80,no,9.67,5.95,66.67,2.48,50.0,0.25,0.42,0.99,5.45,9.17,0.74,1,0.25,0,0.0,0.74,0.0,0,0.0,0.09,0,0.0,1,0.25,100.0,0.0,0.0,0.5,0.0,0.0,0.0,0.5,0.0,0.0,0.74,33.33,1.24,40.0,0.74,0.74,0.25,44.38,1.24,0.5,60.74,93.06,19.83,83.75,3.22,92.31,31.24,98.41,56.03,95.58,4.21,70.59,20.9,28.35,0.0,0.0,0.0,0.0,0.25,100.0,0.0,7.93,93.75,0.74,33.33,0.25,100.0,0.0,0.0,7.44,80.0,0,,0,,0,0.0,0.0,0.0,,,2.23,,,0.0,0.0,0.0,0.0,0,0.0
A. Husić,Rijeka,Lausanne Sport,"LCB, LB, CB",25,800000,2029-06-30,23,2128,1,1.03,0,0.38,14.97,51.13,Switzerland,"Switzerland, Bosnia and Herzegovina",left,186,82,no,10.74,7.06,59.88,2.75,38.46,0.85,0.98,0.55,5.67,6.56,1.35,8,0.34,0,0.0,1.06,0.04,1,0.04,0.04,0,0.0,5,0.21,40.0,20.0,0.0,0.55,38.46,0.51,33.33,0.04,100.0,0.08,1.14,59.26,2.96,45.71,0.47,0.72,0.25,28.13,0.51,0.25,42.42,83.25,20.0,75.05,2.62,96.77,16.07,92.63,34.77,89.29,7.11,57.14,23.46,43.13,0.02,0.17,0.0,0.0,0.17,50.0,0.04,6.64,60.51,1.1,53.85,1.14,37.04,0.25,0.25,10.28,75.72,0,,0,,0,0.0,0.0,0.0,,,1.4,,,0.0,0.0,0.0,0.0,0,0.0
A. Arigoni,Grasshopper,Grasshopper,"RCB, RB",27,800000,2027-06-30,34,2873,2,0.7,2,1.2,16.6,53.96,Switzerland,Switzerland,right,183,80,no,9.77,6.67,61.03,4.14,54.55,0.66,0.86,0.66,5.04,6.56,1.13,6,0.19,0,0.0,1.41,0.06,2,0.06,0.02,2,0.06,16,0.5,31.25,12.5,0.06,1.13,47.22,0.06,50.0,1.07,47.06,0.13,1.03,57.58,2.76,44.32,0.78,1.16,0.53,28.82,1.0,0.63,41.38,83.57,16.63,70.62,4.07,96.92,16.07,93.37,33.77,90.26,6.55,55.02,22.22,42.88,0.04,0.31,0.0,0.03,0.19,66.67,0.28,6.14,63.27,1.79,49.12,0.5,37.5,0.31,0.53,8.08,71.32,0,,0,,0,0.0,0.0,0.0,,,1.66,,,0.0,0.0,0.0,0.0,0,0.0
Y. Brecher,Zürich,Zürich,GK,33,800000,2027-06-30,34,3294,0,0.0,0,0.04,0.44,62.5,Switzerland,Switzerland,right,196,88,no,1.45,0.08,33.33,0.19,85.71,0.03,0.04,0.0,1.39,1.8,0.0,0,0.0,0,0.0,0.0,0.0,0,0.0,0.0,0,0.0,0,0.0,0.0,0.0,0.0,0.0,0.0,0.0,0.0,0.0,0.0,0.0,0.0,0.0,0.08,66.67,0.0,0.0,0.0,9.81,0.11,0.05,16.12,86.78,8.93,79.51,0.0,0.0,6.5,95.8,9.78,97.21,6.31,71.0,34.32,49.13,0.0,0.03,0.0,0.0,0.0,0.0,0.0,1.28,68.09,0.14,40.0,0.08,0.0,0.03,0.0,5.33,73.85,42,1.15,156,4.26,10,73.08,45.05,1.23,3.05,0.083,0.0,0.9,0.19,,,,0.0,0,0.0
N. Loosli,Bochum,Grasshopper,"CB, LCB, RCB",29,800000,2026-06-30,24,2013,1,1.2,0,0.61,15.02,61.01,Switzerland,Switzerland,right,186,82,no,10.51,6.71,66.67,4.02,55.56,0.27,0.35,0.54,5.77,7.6,0.72,5,0.22,1,0.04,0.27,0.04,1,0.04,0.05,1,0.04,5,0.22,40.0,20.0,0.0,0.13,33.33,0.09,50.0,0.04,0.0,0.0,0.31,14.29,0.89,25.0,0.58,0.76,0.04,27.14,0.4,0.31,42.21,86.12,16.23,74.38,3.26,95.89,19.0,94.59,36.97,90.21,5.1,57.89,20.11,30.21,0.03,0.27,0.04,0.0,0.49,18.18,0.04,5.28,66.1,0.45,20.0,0.36,0.0,0.18,0.04,8.09,70.72,0,,0,,0,0.0,0.0,0.0,,,1.74,,,0.0,0.0,0.0,0.0,0,0.0
G. Morandi,Servette,Grasshopper,"CF, RW, RWF",27,800000,2028-06-30,12,725,2,1.84,1,1.02,22.47,43.09,Switzerland,Switzerland,right,181,81,no,5.46,4.47,61.11,4.47,38.89,0.37,0.47,0.0,2.36,2.97,1.12,0,0.0,0,0.0,4.1,0.25,2,0.25,0.23,0,0.0,18,2.23,33.33,11.111,0.12,1.49,16.67,0.37,66.67,1.12,0.0,0.0,4.22,58.82,10.68,43.02,3.23,2.61,1.74,13.78,1.61,1.74,21.72,75.43,6.7,70.37,3.23,96.15,6.08,73.47,19.12,81.17,1.24,60.0,16.57,24.93,0.13,0.99,0.12,0.12,1.12,55.56,0.5,3.23,73.08,2.36,47.37,0.62,40.0,0.99,0.12,3.6,75.86,0,,0,,0,0.0,0.0,0.0,,,0.0,,,1.37,0.5,0.0,1.86,0,0.0
Adriàn Guerrero,Debrecen,Zürich,LWB,28,800000,2026-06-30,34,3089,4,3.6,8,7.94,15.5,46.43,Spain,Spain,left,174,67,no,7.55,6.73,59.74,1.52,30.77,0.26,0.34,0.12,3.26,4.2,0.67,5,0.15,0,0.0,2.97,0.12,4,0.12,0.1,0,0.0,35,1.02,37.14,11.429,0.23,3.29,44.25,2.86,42.86,0.41,57.14,0.32,2.13,46.58,4.72,39.51,1.75,1.02,0.55,24.21,1.37,0.9,32.05,74.64,10.49,65.83,6.29,89.81,9.12,76.36,25.46,81.81,3.5,50.0,18.16,32.33,0.23,2.1,0.09,0.06,0.35,41.67,0.67,3.55,64.75,3.29,57.52,0.44,13.33,0.84,1.31,7.43,74.9,0,,0,,0,0.0,0.0,0.0,,,0.2,,,1.52,0.06,0.0,2.68,0,0.0
A. Grgić,Lugano,Sion,"LCMF, RCMF",29,800000,2027-06-30,30,2688,7,6.67,5,4.83,15.54,45.47,Switzerland,"Switzerland, Croatia",right,189,79,no,7.53,7.1,50.94,1.67,38.0,0.57,0.69,0.3,3.35,4.05,1.41,8,0.27,0,0.0,1.71,0.23,1,0.03,0.22,0,0.0,33,1.1,39.39,21.212,0.17,0.87,53.85,0.54,50.0,0.33,60.0,0.17,1.14,52.94,4.08,43.44,0.64,0.64,0.54,30.97,0.8,1.04,44.16,85.06,13.69,70.17,8.07,96.27,16.14,91.49,37.77,89.01,5.59,63.47,20.44,41.42,0.16,1.44,0.0,0.0,1.04,19.35,0.33,7.94,70.46,2.18,55.38,1.47,29.55,0.97,0.4,8.17,77.05,0,,0,,0,0.0,0.0,0.0,,,0.44,,,2.51,0.23,28.57,2.28,7,85.714
B. Cespedes,Yverdon Sport II,Servette,"DMF, RCMF",31,800000,,22,1449,1,1.42,1,0.93,14.66,50.0,Bolivia,"Bolivia, Switzerland",right,181,72,no,7.2,5.47,59.09,2.73,61.36,0.37,0.48,0.25,3.6,4.64,1.18,5,0.31,0,0.0,0.75,0.06,0,0.0,0.09,0,0.0,12,0.75,16.67,8.333,0.06,0.25,25.0,0.12,0.0,0.12,50.0,0.0,0.87,57.14,3.6,29.31,0.56,0.19,0.06,27.14,0.19,0.62,39.81,87.21,9.88,72.33,6.71,95.37,17.64,92.25,36.21,89.37,3.35,68.52,18.71,24.11,0.06,0.31,0.12,0.06,0.56,11.11,0.06,4.35,72.86,1.06,35.29,0.81,30.77,0.5,0.06,4.47,70.83,0,,0,,0,0.0,0.0,0.0,,,1.37,,,0.06,0.0,0.0,0.0,1,100.0
S. Lauper,Young Boys,Young Boys,"LCB, RCB, RCMF",29,800000,2027-06-30,27,2341,0,1.85,0,0.9,14.99,63.33,Switzerland,Switzerland,right,185,76,no,11.26,7.11,71.35,2.31,51.67,0.85,1.34,0.5,5.34,8.48,0.62,7,0.27,0,0.0,1.04,0.0,0,0.0,0.07,0,0.0,23,0.88,17.39,0.0,0.0,0.27,42.86,0.08,0.0,0.15,50.0,0.0,1.08,64.29,2.27,54.24,0.27,1.92,0.23,35.75,0.69,0.62,55.44,88.97,20.34,80.34,3.38,92.05,27.37,95.22,49.86,92.6,5.34,56.83,21.37,36.27,0.03,0.31,0.08,0.0,0.31,25.0,0.15,9.3,75.62,1.0,46.15,0.73,26.32,0.46,0.15,10.88,83.75,0,,0,,0,0.0,0.0,0.0,,,1.73,,,0.0,0.0,0.0,0.0,0,0.0
T. Valls,Ibiza,Servette,LCMF,30,800000,2027-06-30,32,2259,1,4.15,3,4.08,15.02,46.95,France,France,left,178,75,no,6.77,5.26,59.09,2.51,41.27,0.36,0.45,0.04,3.31,4.16,0.72,2,0.08,0,0.0,2.11,0.04,0,0.0,0.17,0,0.0,36,1.43,25.0,2.778,0.12,1.75,40.91,1.47,40.54,0.24,33.33,0.2,1.67,52.38,4.62,40.52,1.24,0.68,0.32,32.83,0.8,1.0,44.82,85.42,11.35,72.28,9.12,94.32,16.29,89.0,39.2,88.82,3.98,71.0,19.4,33.29,0.16,1.59,0.08,0.08,0.6,26.67,0.36,6.06,76.97,2.23,46.43,0.84,38.1,0.76,0.6,5.86,81.63,0,,0,,0,0.0,0.0,0.0,,,0.64,,,1.08,0.04,0.0,2.79,2,50.0
T. Fayulu,Sion,Sion,GK,26,800000,2027-06-30,7,668,0,0.0,0,0.0,0.94,85.71,Switzerland,"Switzerland, Congo DR",right,192,84,no,0.81,0.13,0.0,0.4,100.0,0.0,0.0,0.0,0.81,0.95,0.13,0,0.0,0,0.0,0.0,0.0,0,0.0,0.0,0,0.0,0,0.0,0.0,0.0,0.0,0.0,0.0,0.0,0.0,0.0,0.0,0.0,0.0,0.0,0.13,100.0,0.0,0.0,0.0,14.01,0.0,0.27,20.75,85.71,11.45,77.65,0.0,0.0,8.89,96.97,11.45,98.82,9.3,69.57,34.42,49.6,0.0,0.0,0.0,0.0,0.0,0.0,0.0,3.23,58.33,0.0,0.0,0.13,0.0,0.0,0.0,7.28,83.33,14,1.89,34,4.58,1,58.82,11.67,1.57,-2.33,-0.314,0.0,1.62,0.4,,,,0.0,0,0.0
D. Douline,Servette,Servette,DMF,33,700000,2028-06-30,28,2010,0,1.51,0,0.74,23.37,56.51,France,France,right,181,77,no,12.81,9.54,60.56,4.75,63.21,1.34,1.59,0.45,5.69,6.73,1.88,6,0.27,1,0.04,1.39,0.0,0,0.0,0.07,0,0.0,18,0.81,16.67,0.0,0.0,0.45,40.0,0.31,57.14,0.13,0.0,0.09,2.06,47.83,4.97,44.14,1.12,0.18,0.09,21.09,0.18,1.21,35.73,84.34,10.52,68.51,4.7,96.19,15.36,91.84,32.19,88.46,3.09,47.83,18.18,29.54,0.03,0.31,0.0,0.0,0.13,66.67,0.13,4.43,65.66,0.85,42.11,0.27,50.0,0.31,0.13,5.01,61.61,0,,0,,0,0.0,0.0,0.0,,,0.45,,,0.0,0.0,0.0,0.0,0,0.0
H. Mahou,Lugano,Lausanne Sport,"RW, CF, LWB",26,700000,2026-06-30,34,2217,2,2.3,2,3.14,24.52,44.37,France,"France, Morocco",right,180,71,no,6.66,6.66,51.22,2.19,37.04,0.49,0.58,0.08,2.76,3.29,1.75,7,0.28,1,0.04,5.72,0.08,2,0.08,0.09,2,0.08,34,1.38,44.12,5.882,0.08,2.6,37.5,1.14,42.86,1.46,33.33,0.32,6.86,57.4,12.3,45.54,2.07,4.91,2.44,23.3,3.09,2.27,32.76,80.67,6.74,76.51,6.94,90.64,12.67,79.17,28.42,84.86,1.83,73.33,18.03,26.29,0.13,1.38,0.0,0.0,0.37,55.56,0.81,2.76,72.06,2.48,55.74,0.28,57.14,1.06,0.93,5.2,77.34,0,,0,,0,0.0,0.0,0.0,,,0.2,,,0.0,0.0,0.0,0.16,0,0.0
B. Fazliji,St. Gallen,St. Gallen,"LCB, DMF",27,700000,2027-06-30,29,2431,2,1.13,0,0.42,16.25,52.85,Kosovo,"Kosovo, Switzerland",right,186,79,no,9.26,5.74,60.65,3.04,48.78,0.56,0.76,0.33,5.22,7.17,1.0,6,0.22,1,0.04,1.33,0.07,2,0.07,0.04,0,0.0,27,1.0,29.63,7.407,0.0,0.15,50.0,0.11,33.33,0.04,100.0,0.04,1.37,54.05,3.96,47.66,0.52,1.33,0.48,22.66,0.19,0.41,39.24,85.47,15.88,76.69,3.67,93.94,15.22,93.19,34.54,88.96,4.55,60.16,20.31,34.11,0.02,0.33,0.04,0.0,0.33,66.67,0.11,6.55,72.88,0.85,60.87,0.7,57.89,0.41,0.07,7.96,78.14,0,,0,,0,0.0,0.0,0.0,,,1.22,,,0.15,0.07,50.0,0.0,0,0.0
Bruno Jordão,CSKA Sofia,Grasshopper,"DMF, RCMF, AMF",27,700000,2028-06-30,12,541,0,0.25,1,0.95,23.79,51.05,Portugal,Portugal,right,180,73,no,11.15,9.65,58.62,2.33,64.29,0.83,1.06,0.5,4.66,5.92,2.5,5,0.83,0,0.0,2.99,0.0,0,0.0,0.04,0,0.0,5,0.83,0.0,0.0,0.17,1.0,33.33,0.17,0.0,0.83,40.0,0.0,4.66,50.0,7.65,45.65,0.83,1.33,1.0,22.46,1.33,0.83,36.1,73.73,8.98,61.11,4.49,96.3,16.8,80.2,28.78,76.88,6.32,65.79,17.93,26.87,0.16,1.0,0.17,0.0,0.5,66.67,0.5,6.16,70.27,1.66,40.0,0.83,40.0,0.83,0.33,6.32,65.79,0,,0,,0,0.0,0.0,0.0,,,0.83,,,0.17,0.0,0.0,0.5,0,0.0
Sergio López,Darmstadt 98,Basel,RB,27,700000,,29,2008,2,1.28,1,2.05,12.95,51.9,Spain,"Spain, Germany",right,179,70,no,6.95,5.15,58.26,1.08,45.83,0.04,0.07,0.22,3.9,6.18,0.36,4,0.18,0,0.0,3.36,0.09,2,0.09,0.06,0,0.0,7,0.31,57.14,28.571,0.04,3.27,46.58,0.09,100.0,3.18,45.07,0.4,2.24,68.0,5.06,53.98,0.76,2.78,2.02,34.83,2.73,0.45,48.5,85.49,13.58,77.56,8.52,97.37,19.18,86.68,43.07,90.43,2.38,47.17,18.64,27.28,0.09,0.76,0.09,0.04,0.4,33.33,0.36,4.89,77.06,2.78,54.84,0.49,18.18,0.54,1.48,8.7,73.71,0,,0,,0,0.0,0.0,0.0,,,1.61,,,0.0,0.0,0.0,0.13,0,0.0
P. Kasami,Winterthur,Basel,"RDMF, RCMF, LDMF",34,700000,,33,1933,4,7.03,3,1.92,24.72,44.63,Switzerland,"Switzerland, North Macedonia",left,188,87,no,8.33,7.31,50.96,5.17,45.05,0.88,1.42,0.19,3.72,5.97,2.28,7,0.33,1,0.05,2.75,0.19,4,0.19,0.33,2,0.09,52,2.42,36.54,7.692,0.14,0.93,30.0,0.42,44.44,0.51,18.18,0.14,2.19,53.19,7.36,40.51,2.47,0.98,0.65,29.52,0.47,1.54,40.23,81.25,14.39,69.26,5.54,93.28,12.85,86.59,33.9,87.36,5.49,52.54,18.97,34.32,0.09,0.65,0.05,0.0,0.56,75.0,0.37,8.15,68.57,2.23,50.0,1.12,41.67,1.3,0.19,7.68,76.97,0,,0,,0,0.0,0.0,0.0,,,0.56,,,0.19,0.14,33.33,0.05,1,0.0
C. Herc,Várda SE,Grasshopper,LCMF,27,700000,,34,2899,3,3.24,4,3.51,17.98,50.43,Slovakia,Slovakia,right,185,72,no,9.53,7.45,57.08,2.45,50.63,0.06,0.08,0.09,5.22,6.96,1.65,9,0.28,1,0.03,1.96,0.09,3,0.09,0.1,0,0.0,45,1.4,28.89,6.667,0.12,0.78,40.0,0.53,17.65,0.25,87.5,0.19,1.86,55.0,4.47,45.83,0.99,0.4,0.43,24.28,0.96,1.12,38.65,80.24,12.42,68.0,6.92,95.07,13.88,85.46,33.84,84.77,4.07,49.62,18.01,34.59,0.11,0.99,0.06,0.12,0.5,43.75,0.25,5.62,67.4,1.77,38.6,0.9,31.03,0.53,0.31,7.05,70.93,0,,0,,0,0.0,0.0,0.0,,,0.71,,,0.5,0.06,0.0,1.55,0,0.0
O. Diakité,West Bromwich Albion,St. Gallen,"DMF, RCMF",25,700000,2029-06-30,13,1113,2,0.97,0,0.03,22.16,63.87,Mali,Mali,right,189,78,no,13.1,8.09,72.0,3.96,63.27,0.24,0.32,0.24,7.04,9.22,0.73,0,0.0,0,0.0,1.78,0.16,2,0.16,0.08,1,0.08,9,0.73,22.22,22.222,0.0,0.08,0.0,0.0,0.0,0.0,0.0,0.08,2.91,52.78,7.68,55.79,0.65,1.05,0.65,19.41,0.24,2.1,34.93,86.57,12.94,75.63,3.64,100.0,12.13,92.0,32.51,88.56,2.35,62.07,16.88,39.8,0.0,0.16,0.0,0.0,0.49,16.67,0.0,5.98,74.32,0.81,20.0,0.65,12.5,0.4,0.0,5.26,80.0,0,,0,,0,0.0,0.0,0.0,,,0.49,,,0.0,0.0,0.0,0.0,0,0.0
M. Schulz,Preußen Münster,Luzern,"RCB, RCMF, RB",31,700000,2028-06-30,30,2400,3,5.13,1,1.72,17.47,47.42,Germany,Germany,right,186,83,no,8.93,8.29,58.82,1.61,34.88,0.49,0.64,0.53,3.56,4.68,1.2,9,0.34,2,0.08,1.76,0.11,2,0.08,0.19,0,0.0,29,1.09,34.48,10.345,0.04,1.28,8.82,0.3,0.0,0.98,11.54,0.3,2.63,48.57,5.02,38.81,1.5,1.69,0.71,20.81,0.83,0.53,33.08,82.2,11.29,75.42,4.58,91.8,12.56,87.46,29.44,87.64,2.55,50.0,18.46,35.94,0.06,0.9,0.0,0.04,0.3,0.0,0.34,4.01,70.09,1.76,36.17,0.56,13.33,0.68,0.19,5.59,74.5,0,,0,,0,0.0,0.0,0.0,,,0.83,,,0.19,0.11,0.0,0.45,2,50.0
N. Muci,Mantova,Lugano,"CF, RWF",23,650000,2027-06-30,9,211,0,1.34,0,0.25,30.71,38.89,Switzerland,"Switzerland, Germany",right,180,79,yes,5.12,4.69,72.73,9.38,45.45,0.0,0.0,0.43,1.71,3.43,1.71,0,0.0,0,0.0,1.28,0.0,0,0.0,0.57,0,0.0,7,2.99,42.86,0.0,0.0,1.28,0.0,0.0,0.0,1.28,0.0,0.0,1.71,0.0,10.24,20.83,5.12,0.43,0.85,12.37,1.28,1.28,18.77,70.45,4.27,60.0,5.97,85.71,4.69,54.55,16.64,79.49,1.28,0.0,14.14,8.2,0.11,1.28,0.0,0.0,0.43,0.0,0.85,1.71,25.0,1.28,33.33,0.43,0.0,1.71,0.0,0.85,0.0,0,,0,,0,0.0,0.0,0.0,,,0.0,,,0.0,0.0,0.0,0.0,0,0.0
Marquinhos Cipriano,Sion,Sion,"LB, LWB",27,650000,2028-06-30,32,2746,0,0.63,2,1.84,13.6,50.84,Brazil,Brazil,left,173,68,no,9.44,6.55,55.0,1.34,31.71,0.49,0.59,0.13,5.34,6.42,0.59,5,0.16,1,0.03,2.36,0.0,0,0.0,0.02,0,0.0,10,0.33,60.0,0.0,0.07,2.26,36.23,2.23,36.76,0.0,0.0,0.13,1.87,64.91,3.57,50.46,0.75,1.25,0.82,24.81,1.25,0.88,35.13,76.12,15.76,65.07,5.6,92.98,9.05,81.88,28.09,84.6,4.92,44.67,20.1,37.4,0.06,0.66,0.0,0.03,0.36,36.36,0.36,5.34,62.58,2.23,44.12,0.66,30.0,0.46,0.82,8.1,64.37,0,,0,,0,0.0,0.0,0.0,,,0.75,,,0.0,0.0,0.0,0.0,0,0.0
T. Suzuki,Yokohama F. Marinos,Lausanne Sport,"LWB, LB",26,600000,,23,1536,0,0.74,1,1.27,20.92,44.54,Japan,Japan,left,165,61,no,8.38,6.27,50.47,1.52,30.77,1.29,1.54,0.06,3.93,4.69,1.46,8,0.47,0,0.0,3.4,0.0,0,0.0,0.04,0,0.0,6,0.35,50.0,0.0,0.06,1.52,19.23,1.52,19.23,0.0,0.0,0.12,5.21,55.06,10.02,46.78,1.29,1.82,0.94,22.79,2.17,1.82,32.52,78.38,9.38,68.75,6.97,91.6,9.32,81.13,27.83,86.53,3.28,35.71,17.82,27.16,0.07,0.59,0.06,0.0,0.23,25.0,0.29,3.52,70.0,1.52,42.31,0.47,12.5,0.7,0.29,6.21,71.7,0,,0,,0,0.0,0.0,0.0,,,0.76,,,0.0,0.0,0.0,0.0,0,0.0
D. Diani,Charlotte FC,Grasshopper,"RCMF, DMF, LCMF",28,600000,2026-12-31,15,899,2,0.67,0,0.06,24.83,54.03,France,"France, Mali",left,195,78,no,11.81,9.91,67.68,4.51,60.0,0.3,0.36,0.3,4.81,5.81,1.5,4,0.4,0,0.0,1.5,0.2,2,0.2,0.07,1,0.1,5,0.5,80.0,40.0,0.0,0.2,0.0,0.2,0.0,0.0,0.0,0.0,2.2,45.45,6.31,38.1,0.4,1.1,0.5,23.53,0.1,1.1,36.34,86.78,9.21,71.74,7.41,97.3,14.72,91.16,33.94,89.97,2.3,43.48,18.96,23.96,0.01,0.1,0.0,0.0,0.2,50.0,0.1,4.4,72.73,0.5,60.0,0.3,33.33,0.1,0.0,5.11,70.59,0,,0,,0,0.0,0.0,0.0,,,0.3,,,0.0,0.0,0.0,0.0,0,0.0
R. Uldriķis,Arminia Bielefeld,Sion,CF,28,600000,2027-06-30,3,97,0,0.53,0,0.05,33.4,38.89,Latvia,Latvia,right,198,92,no,2.78,0.93,0.0,12.06,53.85,0.0,0.0,0.0,2.78,3.91,1.86,0,0.0,0,0.0,2.78,0.0,0,0.0,0.49,0,0.0,5,4.64,20.0,0.0,0.0,0.0,0.0,0.0,0.0,0.0,0.0,0.0,4.64,40.0,14.85,31.25,2.78,0.0,0.0,17.63,2.78,0.0,26.91,82.76,2.78,33.33,10.21,100.0,5.57,83.33,26.91,82.76,0.0,0.0,12.51,0.0,0.05,0.93,0.0,0.0,1.86,0.0,0.0,0.93,100.0,0.93,0.0,1.86,0.0,0.0,0.0,0.93,0.0,0,,0,,0,0.0,0.0,0.0,,,0.0,,,0.0,0.0,0.0,0.0,0,0.0
V. Taşar,Yverdon Sport,Luzern,"RW, RAMF",29,600000,2027-06-30,23,967,1,1.93,0,0.72,24.2,39.23,Germany,"Germany, Türkiye",left,174,66,no,7.82,8.66,46.24,1.49,18.75,1.49,2.05,0.19,2.33,3.21,1.95,5,0.47,1,0.09,4.47,0.09,1,0.09,0.18,1,0.09,30,2.79,43.33,3.333,0.0,1.12,50.0,0.28,33.33,0.74,62.5,0.0,5.86,46.03,9.49,40.2,1.49,1.3,1.02,15.08,1.21,0.84,21.03,77.88,5.96,64.06,2.98,93.75,8.19,79.55,17.31,83.33,2.7,51.72,18.64,20.84,0.07,0.84,0.0,0.09,0.09,0.0,0.19,2.61,78.57,2.14,52.17,0.74,25.0,0.84,0.65,4.19,73.33,0,,0,,0,0.0,0.0,0.0,,,0.28,,,0.37,0.19,50.0,1.12,0,0.0
Itaitinga,Étoile Carouge,Sion,"LW, CF, RAMF",27,600000,2027-06-30,24,1581,3,4.9,2,3.01,33.76,46.54,Brazil,Brazil,left,184,84,no,6.89,5.24,58.7,8.31,52.74,0.28,0.33,0.11,3.53,4.08,1.31,3,0.17,0,0.0,6.49,0.17,3,0.17,0.28,0,0.0,32,1.82,46.88,9.375,0.11,2.11,27.03,1.48,34.62,0.63,9.09,0.46,8.65,55.26,16.28,42.31,2.85,2.79,1.59,14.86,1.71,1.88,22.6,76.57,3.93,52.17,7.46,93.13,6.38,70.54,19.98,82.05,0.57,70.0,17.5,17.67,0.17,0.85,0.0,0.0,0.8,35.71,0.57,1.65,55.17,2.28,40.0,0.68,16.67,0.8,0.68,2.9,58.82,0,,0,,0,0.0,0.0,0.0,,,0.17,,,0.06,0.06,0.0,0.06,0,0.0
I. Ndiaye,Al Faisaly,Luzern,"CF, LW, LAMF",27,600000,,31,1585,6,4.91,1,1.89,19.7,42.65,Senegal,Senegal,left,176,68,no,5.11,3.35,47.46,5.85,42.72,0.91,1.27,0.17,2.61,3.65,0.97,4,0.23,0,0.0,3.8,0.34,6,0.34,0.28,2,0.11,40,2.27,30.0,15.0,0.06,1.87,33.33,1.48,34.62,0.4,28.57,0.34,4.09,59.72,7.38,40.77,4.2,1.53,0.91,15.33,1.99,0.74,19.42,69.59,3.86,61.76,4.49,82.28,6.53,67.83,16.92,74.5,0.68,41.67,16.33,9.74,0.11,0.74,0.11,0.06,0.4,14.29,0.51,1.02,66.67,2.04,55.56,0.34,16.67,1.02,0.74,3.46,72.13,0,,0,,0,0.0,0.0,0.0,,,0.0,,,0.0,0.0,0.0,0.0,0,0.0
J. Schmied,Köln,Sion,LCB,27,600000,2029-06-30,6,351,0,0.0,0,0.01,16.67,50.77,Switzerland,Switzerland,right,188,84,no,10.51,8.97,54.29,4.1,50.0,0.77,0.98,0.77,4.87,6.2,1.03,1,0.26,0,0.0,0.0,0.0,0,0.0,0.0,0,0.0,0,0.0,0.0,0.0,0.0,0.0,0.0,0.0,0.0,0.0,0.0,0.0,0.0,0.0,1.03,25.0,0.51,0.26,0.26,15.38,0.0,0.0,26.41,91.26,7.44,79.31,1.28,100.0,16.41,95.31,25.13,94.9,1.28,20.0,20.09,26.7,0.0,0.26,0.0,0.0,0.0,0.0,0.0,0.51,50.0,0.26,0.0,0.0,0.0,0.51,0.0,1.54,66.67,0,,0,,0,0.0,0.0,0.0,,,1.03,,,0.0,0.0,0.0,0.0,0,0.0
N. Katterbach,Hamburger SV,Basel,LB,25,600000,2028-06-30,15,1132,1,0.83,1,0.93,19.16,57.68,Germany,Germany,left,180,73,no,9.14,6.68,67.86,3.58,64.44,1.27,2.03,0.16,3.34,5.34,0.72,2,0.16,0,0.0,3.58,0.08,1,0.08,0.07,1,0.08,9,0.72,11.11,11.111,0.08,2.7,29.41,2.7,29.41,0.0,0.0,0.08,3.98,66.0,7.08,52.81,0.56,1.91,0.56,35.3,1.91,1.03,48.34,83.72,17.49,75.45,8.11,96.08,14.71,83.78,41.34,91.54,4.37,41.82,17.95,32.6,0.07,0.4,0.08,0.08,0.16,50.0,0.32,7.0,70.45,2.86,33.33,0.4,20.0,0.24,0.72,9.78,80.49,0,,0,,0,0.0,0.0,0.0,,,0.8,,,0.0,0.0,0.0,0.0,0,0.0
C. Lungoyi,Wieczysta Kraków,St. Gallen,"RWF, CF, LW",26,600000,2028-06-30,24,733,2,1.81,0,0.37,32.66,42.86,Congo DR,"Congo DR, Switzerland",left,182,74,no,5.16,5.53,51.11,1.96,31.25,0.25,0.37,0.0,2.09,3.11,1.72,3,0.37,0,0.0,6.75,0.25,2,0.25,0.22,0,0.0,22,2.7,36.36,9.091,0.0,1.6,23.08,1.11,33.33,0.49,0.0,0.12,10.19,51.81,20.75,42.6,3.68,3.56,1.23,15.47,2.33,3.56,18.42,77.33,3.68,66.67,4.17,85.29,5.53,77.78,16.08,83.97,1.11,44.44,14.74,14.35,0.05,0.37,0.0,0.0,0.25,50.0,0.12,2.09,76.47,0.49,25.0,0.37,33.33,0.25,0.37,1.72,78.57,0,,0,,0,0.0,0.0,0.0,,,0.12,,,0.0,0.0,0.0,0.0,0,0.0
B. Riascos,Al Zawra'a,Grasshopper,CF,31,550000,,8,279,1,1.68,0,0.13,40.97,35.43,Colombia,Colombia,right,178,71,no,7.74,7.1,63.64,7.1,50.0,0.0,0.0,0.32,3.23,4.23,1.61,1,0.32,0,0.0,5.48,0.32,1,0.32,0.54,0,0.0,10,3.23,30.0,10.0,0.0,2.26,57.14,0.97,100.0,1.29,25.0,0.65,7.1,45.45,20.97,24.62,3.55,2.26,1.61,10.97,3.23,1.61,20.65,76.56,1.94,83.33,7.74,79.17,5.16,75.0,18.06,78.57,0.65,50.0,13.7,12.03,0.04,0.65,0.32,0.0,0.32,0.0,0.32,0.97,66.67,1.29,75.0,0.0,0.0,0.0,0.97,2.9,66.67,0,,0,,0,0.0,0.0,0.0,,,0.0,,,0.0,0.0,0.0,0.0,0,0.0
K. Varga,Honvéd,Young Boys,"LW, RW",30,550000,2027-06-30,6,153,0,0.0,0,0.06,15.88,48.15,Hungary,Hungary,right,178,76,no,8.24,8.24,50.0,2.94,40.0,0.59,0.91,0.59,3.53,5.45,1.18,1,0.59,0,0.0,2.35,0.0,0,0.0,0.0,0,0.0,1,0.59,0.0,0.0,0.0,2.35,0.0,1.76,0.0,0.59,0.0,0.59,2.35,75.0,2.94,60.0,2.94,1.76,1.76,18.24,2.35,0.59,26.47,77.78,3.53,33.33,6.47,100.0,10.0,70.59,21.18,91.67,2.94,40.0,19.39,25.24,0.04,1.18,0.0,0.0,1.18,50.0,0.59,2.35,50.0,1.76,33.33,1.18,50.0,0.59,0.0,2.35,100.0,0,,0,,0,0.0,0.0,0.0,,,0.0,,,0.0,0.0,0.0,0.59,0,0.0
A. Zohouri,Iberia 1999,Lausanne Sport,"RCB, RB, RWB",25,550000,2029-06-30,24,2038,0,0.59,1,0.6,15.85,49.86,Côte d'Ivoire,Côte d'Ivoire,right,176,70,no,10.25,6.67,58.28,3.05,52.17,0.57,0.7,0.49,5.79,7.01,1.68,7,0.31,0,0.0,1.37,0.0,0,0.0,0.03,0,0.0,3,0.13,0.0,0.0,0.04,1.06,50.0,0.0,0.0,1.06,50.0,0.04,1.41,56.25,3.31,45.33,0.49,0.57,0.66,26.85,1.02,0.35,40.05,84.45,17.36,75.57,4.15,94.68,14.18,91.59,34.89,89.49,4.24,50.0,20.07,33.08,0.03,0.4,0.0,0.04,0.18,25.0,0.31,4.5,69.61,1.15,42.31,0.44,20.0,0.18,0.49,8.61,61.03,0,,0,,0,0.0,0.0,0.0,,,1.85,,,0.0,0.0,0.0,0.0,0,0.0
J. Frick,Servette,Servette,GK,33,500000,2027-06-30,33,3127,0,0.0,0,0.0,0.92,78.13,Switzerland,Switzerland,left,192,90,no,1.9,0.32,72.73,0.29,90.0,0.03,0.04,0.0,1.64,2.0,0.09,3,0.09,1,0.03,0.0,0.0,0,0.0,0.0,0,0.0,0,0.0,0.0,0.0,0.0,0.0,0.0,0.0,0.0,0.0,0.0,0.0,0.0,0.0,0.17,100.0,0.0,0.03,0.0,12.49,0.12,0.2,20.26,88.64,11.14,83.2,0.06,100.0,8.43,94.88,13.73,97.27,6.53,70.48,31.7,46.17,0.0,0.0,0.0,0.0,0.0,0.0,0.0,1.32,52.17,0.09,33.33,0.06,50.0,0.0,0.0,4.55,79.75,55,1.58,158,4.55,5,65.19,48.34,1.39,-6.66,-0.192,0.03,1.87,0.29,,,,0.0,0,0.0
Luis Phelipe,Ponte Preta,Lugano,"CF, RW, LW",25,500000,2027-12-31,5,111,0,0.02,0,0.0,33.24,31.71,Brazil,Brazil,right,178,76,no,11.35,8.92,63.64,2.43,0.0,1.62,2.61,0.0,4.05,6.52,2.43,2,1.62,0,0.0,1.62,0.0,0,0.0,0.01,0,0.0,1,0.81,0.0,0.0,0.0,0.0,0.0,0.0,0.0,0.0,0.0,0.0,9.73,16.67,20.27,20.0,2.43,0.81,0.0,17.03,0.81,2.43,22.7,64.29,7.3,66.67,5.68,42.86,4.86,83.33,21.89,62.96,0.81,100.0,13.3,3.61,0.0,0.0,0.0,0.0,0.0,0.0,0.0,1.62,50.0,2.43,66.67,0.81,100.0,0.81,0.0,4.05,40.0,0,,0,,0,0.0,0.0,0.0,,,0.0,,,0.0,0.0,0.0,0.0,0,0.0
K. Rüegg,Basel,Lugano,"RB, LCMF",27,500000,2027-06-30,16,1120,0,0.16,2,0.27,18.08,44.89,Switzerland,"Switzerland, Cameroon",right,173,80,no,7.71,5.79,55.56,2.09,38.46,0.16,0.21,0.32,4.34,5.63,0.88,3,0.24,0,0.0,1.77,0.0,0,0.0,0.01,0,0.0,2,0.16,50.0,0.0,0.16,0.64,25.0,0.0,0.0,0.64,25.0,0.0,3.05,44.74,7.47,36.56,0.8,1.13,0.96,26.04,1.21,0.64,38.65,83.37,11.89,71.62,6.59,93.9,12.29,86.93,34.63,86.54,3.38,61.9,15.59,28.98,0.02,0.56,0.0,0.0,0.64,25.0,0.32,4.66,72.41,1.37,52.94,0.8,30.0,0.56,0.08,4.98,69.35,0,,0,,0,0.0,0.0,0.0,,,0.64,,,0.0,0.0,0.0,0.08,0,0.0
O. Doumbia,Yverdon Sport,Zürich,"LCMF, RCMF, DMF",34,500000,2027-06-30,35,3147,0,1.39,4,1.26,20.73,59.86,Côte d'Ivoire,Côte d'Ivoire,right,174,70,no,11.35,9.01,68.57,2.89,54.46,0.09,0.11,0.34,5.09,6.54,1.2,4,0.11,0,0.0,1.57,0.0,0,0.0,0.04,0,0.0,28,0.8,10.71,0.0,0.11,0.43,20.0,0.14,0.0,0.29,30.0,0.06,1.89,66.67,5.69,51.76,0.46,1.32,1.06,19.76,0.17,1.2,34.49,82.26,11.7,72.37,3.83,91.04,13.7,88.94,30.57,86.53,3.49,52.46,19.36,35.62,0.04,0.43,0.0,0.14,0.54,26.32,0.31,6.15,75.35,1.37,54.17,0.97,29.41,0.77,0.11,6.06,73.11,0,,0,,0,0.0,0.0,0.0,,,0.66,,,0.0,0.0,0.0,0.0,0,0.0
B. Kramer,Konyaspor,Zürich,CF,30,500000,2027-06-30,23,1022,4,7.39,2,0.79,30.56,37.75,Slovenia,Slovenia,right,191,87,no,4.76,4.67,56.6,7.22,41.46,0.26,0.32,0.26,1.85,2.26,2.82,5,0.44,0,0.0,2.99,0.35,4,0.35,0.65,0,0.0,25,2.2,64.0,16.0,0.18,0.7,25.0,0.26,66.67,0.44,0.0,0.0,3.17,41.67,12.68,33.33,3.61,1.59,0.53,10.3,2.64,2.29,14.53,72.12,2.2,32.0,4.93,83.93,3.61,75.61,13.21,75.33,0.79,55.56,13.92,16.59,0.07,0.35,0.0,0.09,0.18,50.0,0.26,1.23,42.86,0.62,42.86,0.18,50.0,0.7,0.09,0.97,72.73,0,,0,,0,0.0,0.0,0.0,,,0.09,,,0.0,0.0,0.0,0.0,1,0.0
Víctor Ruiz,Kuala Lumpur City,St. Gallen,"AMF, LCMF",32,500000,,29,2050,5,5.34,8,6.53,20.55,45.94,Spain,Spain,right,173,66,no,8.34,8.52,60.82,0.7,31.25,0.18,0.25,0.0,2.99,4.2,1.14,3,0.13,0,0.0,4.0,0.22,2,0.09,0.23,0,0.0,42,1.84,47.62,11.905,0.35,2.37,35.19,1.19,37.04,1.19,33.33,0.53,2.99,50.0,7.51,35.67,2.15,1.93,1.23,28.98,1.14,0.92,41.09,70.83,15.8,58.33,6.5,87.84,9.79,72.65,35.52,76.27,3.42,35.9,16.97,34.09,0.29,2.41,0.04,0.04,2.15,36.73,0.66,6.1,59.71,5.05,50.43,1.93,20.45,1.84,0.83,7.9,68.89,0,,0,,0,0.0,0.0,0.0,,,0.35,,,1.27,0.22,20.0,4.08,3,100.0
M. Dräger,ES Tunis,Luzern,RB,29,500000,2028-06-30,17,1510,3,1.42,7,1.69,23.96,53.23,Germany,"Germany, Tunisia",right,180,75,no,11.15,10.31,56.65,1.61,44.44,0.18,0.26,0.18,5.13,7.41,0.89,3,0.18,0,0.0,4.05,0.18,3,0.18,0.08,0,0.0,28,1.67,10.71,10.714,0.42,3.22,25.93,0.0,0.0,3.22,25.93,0.66,5.01,58.33,9.48,50.31,1.01,2.21,0.54,29.32,2.92,1.67,41.9,77.38,13.89,68.67,7.63,88.28,14.3,78.33,34.21,86.06,4.83,46.91,19.85,37.87,0.1,0.6,0.0,0.0,0.48,25.0,0.54,5.19,72.41,3.34,32.14,0.72,25.0,0.54,0.77,8.28,71.22,0,,0,,0,0.0,0.0,0.0,,,1.37,,,0.0,0.0,0.0,0.0,0,0.0
N. Saintini,Noah,Sion,RCB,26,500000,2027-06-30,20,1691,0,0.76,0,0.35,15.22,58.04,Guadeloupe,"Guadeloupe, France",right,188,79,no,11.5,7.61,67.13,3.25,54.1,0.43,0.5,0.69,5.96,7.0,1.01,5,0.27,0,0.0,0.48,0.0,0,0.0,0.04,0,0.0,5,0.27,0.0,0.0,0.0,0.27,20.0,0.05,0.0,0.21,25.0,0.0,0.64,58.33,1.7,43.75,0.32,0.27,0.11,19.64,0.05,0.27,31.03,80.62,13.52,66.14,1.76,90.91,13.15,95.14,24.59,90.26,6.17,44.83,24.36,43.58,0.02,0.11,0.0,0.0,0.11,50.0,0.0,3.78,43.66,0.53,10.0,0.69,15.38,0.0,0.05,6.49,59.84,0,,0,,0,0.0,0.0,0.0,,,1.22,,,0.0,0.0,0.0,0.0,0,0.0
Baltazar Costa,Sion,Sion,"RCMF, AMF",26,500000,2028-06-30,25,2259,1,1.47,1,1.15,21.12,40.19,Brazil,Brazil,left,178,77,no,7.41,8.17,50.24,2.63,31.82,0.4,0.48,0.16,2.91,3.49,1.79,7,0.28,2,0.08,1.63,0.04,1,0.04,0.06,0,0.0,20,0.8,30.0,5.0,0.04,0.6,20.0,0.44,9.09,0.16,50.0,0.04,2.03,52.94,6.73,34.91,1.08,1.0,0.52,17.45,0.92,1.31,26.37,77.19,8.53,62.15,4.74,94.12,7.65,83.33,24.46,79.48,1.31,60.61,16.21,26.91,0.05,0.72,0.0,0.0,0.72,27.78,0.24,3.63,67.03,1.63,56.1,0.8,35.0,0.84,0.12,4.06,68.63,0,,0,,0,0.0,0.0,0.0,,,0.16,,,0.0,0.0,0.0,0.0,0,0.0
R. Petretta,Darmstadt 98,Basel,LB,29,500000,,13,1083,1,0.12,0,1.54,19.53,57.02,Germany,"Germany, Italy",left,176,70,no,9.56,7.4,60.67,2.74,54.55,0.58,0.87,0.25,4.49,6.72,0.91,4,0.33,0,0.0,2.66,0.08,1,0.08,0.01,0,0.0,2,0.17,50.0,50.0,0.0,2.83,41.18,2.74,42.42,0.08,0.0,0.08,1.83,63.64,5.07,52.46,1.58,1.58,1.08,32.91,2.41,1.5,46.04,84.66,17.37,78.47,6.73,91.36,13.8,92.77,39.72,90.59,3.66,52.27,19.69,33.22,0.13,1.0,0.0,0.0,0.5,50.0,0.5,5.98,77.78,2.91,65.71,0.75,44.44,1.25,0.91,9.47,78.95,0,,0,,0,0.0,0.0,0.0,,,0.91,,,0.0,0.0,0.0,0.0,0,0.0
Q. Maceiras,Puskás FC,Young Boys,"RB, LB",30,500000,2027-06-30,24,1589,0,0.68,1,1.81,21.18,55.35,Switzerland,"Switzerland, Spain",right,180,75,no,10.59,9.01,66.04,2.27,47.5,0.23,0.34,0.17,4.42,6.61,1.36,5,0.28,1,0.06,3.91,0.0,0,0.0,0.04,0,0.0,11,0.62,18.18,0.0,0.06,4.3,40.79,0.28,100.0,4.02,36.62,0.23,3.0,64.15,6.51,46.96,1.36,2.32,1.13,27.19,2.78,0.85,40.95,76.63,13.71,66.94,7.36,96.15,12.69,76.79,32.17,85.04,4.53,51.25,20.0,32.51,0.1,1.02,0.17,0.0,0.34,33.33,0.57,4.59,62.96,4.13,46.58,0.45,37.5,0.74,1.76,8.38,72.3,0,,0,,0,0.0,0.0,0.0,,,0.51,,,0.0,0.0,0.0,0.0,0,0.0
S. Sidler,Winterthur,Luzern,"LB, RB",27,500000,,23,1415,3,0.89,0,0.97,16.03,51.59,Switzerland,Switzerland,right,185,77,no,11.26,6.87,62.96,2.73,62.79,0.25,0.33,0.13,6.68,8.7,0.83,2,0.13,0,0.0,2.23,0.19,3,0.19,0.06,0,0.0,26,1.65,38.46,11.538,0.0,2.67,19.05,1.78,14.29,0.89,28.57,0.25,1.91,46.67,3.5,38.18,0.51,1.53,0.64,26.52,2.23,0.32,39.43,73.39,16.09,64.82,5.02,93.67,12.98,77.94,33.27,80.11,3.75,52.54,20.66,30.86,0.06,1.08,0.0,0.0,0.45,42.86,0.32,6.36,64.0,3.56,42.86,1.02,31.25,1.08,0.45,9.48,73.15,0,,0,,0,0.0,0.0,0.0,,,1.08,,,0.0,0.0,0.0,0.0,0,0.0
S. Alakouch,Paris,Lausanne Sport,"RWB, RB",27,500000,,11,719,0,0.43,1,0.48,17.02,53.68,France,"France, Morocco",right,175,66,no,10.64,6.88,58.18,1.5,33.33,1.13,1.44,0.0,5.51,7.02,1.5,4,0.5,0,0.0,3.13,0.0,0,0.0,0.05,0,0.0,5,0.63,20.0,0.0,0.13,2.75,27.27,0.0,0.0,2.75,27.27,0.25,3.63,58.62,5.76,60.87,1.13,1.5,0.63,36.3,3.88,2.25,44.44,81.97,13.89,73.87,7.51,95.0,15.77,84.92,36.05,89.93,5.63,57.78,19.12,38.15,0.06,0.63,0.0,0.0,0.13,100.0,0.5,4.51,75.0,2.25,50.0,0.38,66.67,0.63,0.75,9.14,69.86,0,,0,,0,0.0,0.0,0.0,,,0.25,,,0.0,0.0,0.0,0.0,0,0.0
N. Baumann,Albirex Niigata,Lugano,GK,30,450000,,6,573,0,0.0,0,0.0,0.47,100.0,Switzerland,"Switzerland, Dominican Republic",right,194,83,no,1.57,0.16,100.0,0.31,100.0,0.16,0.21,0.0,1.26,1.7,0.0,0,0.0,0,0.0,0.0,0.0,0,0.0,0.0,0,0.0,0,0.0,0.0,0.0,0.0,0.0,0.0,0.0,0.0,0.0,0.0,0.0,0.0,0.0,0.0,0.0,0.0,0.0,0.0,9.58,0.0,0.0,16.96,85.19,10.05,76.56,0.0,0.0,6.6,97.62,12.88,92.68,4.08,61.54,30.04,39.46,0.0,0.0,0.0,0.0,0.0,0.0,0.0,0.63,25.0,0.16,0.0,0.0,0.0,0.0,0.0,3.3,61.9,7,1.1,21,3.3,2,66.67,5.11,0.8,-1.89,-0.297,0.0,0.79,0.31,,,,0.0,0,0.0
Vagner,,Sion,"RWF, AMF",31,450000,,3,66,0,0.05,0,0.0,28.64,38.1,Cape Verde Islands,"Cape Verde Islands, Portugal",right,168,69,no,2.73,6.82,40.0,6.82,0.0,0.0,0.0,0.0,0.0,0.0,4.09,0,0.0,0,0.0,4.09,0.0,0,0.0,0.07,0,0.0,1,1.36,0.0,0.0,0.0,0.0,0.0,0.0,0.0,0.0,0.0,0.0,5.45,75.0,10.91,50.0,2.73,2.73,1.36,17.73,0.0,2.73,30.0,81.82,8.18,66.67,5.45,75.0,8.18,100.0,30.0,81.82,0.0,0.0,12.67,0.0,0.0,0.0,0.0,0.0,1.36,0.0,0.0,4.09,100.0,1.36,0.0,1.36,0.0,0.0,0.0,2.73,0.0,0,,0,,0,0.0,0.0,0.0,,,0.0,,,1.36,0.0,0.0,4.09,0,0.0
T. Coyle,Waterford FC,Lausanne Sport,"LWB, LAMF, LW",25,400000,2026-11-30,27,1494,1,1.11,2,1.98,26.99,46.21,England,England,right,177,68,no,6.93,5.78,60.42,1.27,42.86,0.24,0.3,0.0,3.19,3.93,0.66,4,0.24,0,0.0,5.72,0.06,1,0.06,0.07,0,0.0,18,1.08,27.78,5.556,0.12,2.59,30.23,2.23,32.43,0.3,20.0,0.12,8.25,53.28,16.45,41.39,2.71,3.8,1.2,15.54,1.69,2.11,24.4,73.83,6.81,65.49,4.34,94.44,7.59,69.05,20.36,81.66,1.75,37.93,17.91,25.92,0.12,0.78,0.06,0.0,0.66,36.36,0.54,2.47,58.54,2.83,40.43,0.78,30.77,0.9,0.6,3.61,78.33,0,,0,,0,0.0,0.0,0.0,,,0.06,,,0.0,0.0,0.0,0.12,0,0.0
G. Barès,Eupen,Lausanne Sport,"LCB, LCMF, LDMF",25,400000,2026-06-30,14,329,0,0.17,1,0.2,16.69,31.15,Switzerland,"Switzerland, France",left,187,70,no,5.47,7.66,39.29,2.74,40.0,0.55,0.87,0.27,1.91,3.04,1.91,2,0.55,0,0.0,0.0,0.0,0,0.0,0.05,0,0.0,4,1.09,0.0,0.0,0.27,0.27,0.0,0.27,0.0,0.0,0.0,0.0,0.27,0.0,2.74,10.0,0.27,2.46,0.0,38.57,0.27,0.55,52.52,89.06,17.23,80.95,5.74,100.0,21.61,93.67,47.05,93.6,5.2,52.63,20.65,19.49,0.06,0.55,0.0,0.0,0.27,0.0,0.0,10.12,72.97,1.64,33.33,1.09,0.0,0.27,0.0,9.57,88.57,0,,0,,0,0.0,0.0,0.0,,,1.91,,,1.37,0.27,0.0,1.91,0,0.0
O. Custodio,Lausanne Sport,Lugano,"LCMF, RCMF, DMF",31,400000,,33,2477,1,2.81,1,2.21,19.11,43.73,Switzerland,"Switzerland, Portugal",right,179,74,no,7.34,6.61,53.85,2.8,44.16,0.51,0.63,0.11,3.27,4.07,1.53,13,0.47,0,0.0,1.53,0.04,1,0.04,0.1,1,0.04,27,0.98,18.52,3.704,0.04,1.09,40.0,0.11,66.67,0.94,38.46,0.11,1.71,44.68,6.29,34.68,1.09,1.16,0.36,29.25,0.98,0.94,40.04,85.57,12.75,74.07,6.32,94.83,15.08,90.84,34.34,91.11,4.65,54.69,19.11,35.07,0.08,0.84,0.07,0.07,0.29,50.0,0.4,5.74,74.68,1.67,52.17,1.16,43.75,0.69,0.33,6.9,78.95,0,,0,,0,0.0,0.0,0.0,,,0.51,,,0.4,0.0,0.0,0.91,1,0.0
M. Frýdek,Aris,Luzern,LB,34,400000,2026-06-30,25,2225,0,0.63,2,2.5,18.2,57.78,Czech Republic,Czech Republic,left,179,74,no,11.45,9.75,60.17,2.31,59.65,0.44,0.62,0.2,5.14,7.19,0.97,2,0.08,0,0.0,3.44,0.0,0,0.0,0.03,0,0.0,18,0.73,22.22,0.0,0.08,4.81,35.29,4.69,35.34,0.08,0.0,0.44,2.22,67.27,3.88,59.38,0.53,1.86,0.57,34.67,2.99,1.01,49.11,70.51,21.28,62.36,4.77,86.44,15.49,77.28,35.84,81.38,8.78,44.7,22.03,39.66,0.1,1.09,0.16,0.04,0.24,33.33,0.36,9.63,59.24,5.42,43.28,1.38,29.41,0.97,1.62,13.59,75.3,0,,0,,0,0.0,0.0,0.0,,,0.24,,,0.69,0.0,0.0,0.53,0,0.0
F. Mambimbi,Le Havre,Young Boys,"CF, RW, LW",25,400000,2027-06-30,25,1268,3,3.33,5,2.08,26.4,38.17,Switzerland,"Switzerland, Congo DR",right,171,68,no,5.47,7.03,48.48,2.84,20.0,0.21,0.34,0.07,1.85,2.99,1.28,3,0.21,0,0.0,3.41,0.21,3,0.21,0.24,0,0.0,28,1.99,28.57,10.714,0.35,1.99,28.57,0.85,33.33,1.06,20.0,0.21,3.9,49.09,11.92,35.71,4.12,1.49,0.99,15.19,0.71,1.28,22.43,68.04,6.32,62.92,4.4,83.87,5.82,69.51,19.87,73.57,0.57,12.5,14.12,8.47,0.15,1.06,0.0,0.0,1.21,29.41,0.85,1.42,60.0,3.05,51.16,0.71,40.0,1.63,0.57,3.76,79.25,0,,0,,0,0.0,0.0,0.0,,,0.07,,,0.0,0.0,0.0,0.0,0,0.0
T. Berdayes,Sion,Sion,"CF, LW, RWF",24,400000,2030-06-30,8,163,1,0.27,0,0.0,32.02,29.31,Switzerland,"Switzerland, Portugal",right,186,78,no,7.18,8.83,62.5,7.73,28.57,0.55,0.7,0.0,1.1,1.4,1.1,0,0.0,0,0.0,2.21,0.55,1,0.55,0.15,0,0.0,3,1.66,100.0,33.333,0.0,0.0,0.0,0.0,0.0,0.0,0.0,0.0,2.76,20.0,8.28,6.67,3.31,0.0,0.0,9.94,3.87,0.0,11.6,80.95,2.21,75.0,3.87,71.43,2.21,100.0,11.04,80.0,0.55,100.0,13.21,5.35,0.0,0.0,0.0,0.0,0.0,0.0,0.0,0.55,100.0,0.0,0.0,0.0,0.0,0.0,0.0,1.66,33.33,0,,0,,0,0.0,0.0,0.0,,,0.0,,,0.0,0.0,0.0,0.0,0,0.0
B. Stillhart,Winterthur,St. Gallen,"LCB, RCB",32,400000,,25,1473,0,0.59,0,0.19,16.62,57.35,Switzerland,Switzerland,right,177,79,no,8.92,5.8,66.32,4.58,66.67,0.24,0.33,0.37,4.83,6.6,0.86,4,0.24,1,0.06,0.55,0.0,0,0.0,0.04,0,0.0,12,0.73,25.0,0.0,0.0,0.37,33.33,0.12,50.0,0.24,25.0,0.0,0.43,42.86,2.51,34.15,0.49,0.55,0.49,22.55,0.24,0.92,39.1,81.56,17.78,72.16,2.99,93.88,14.54,91.18,32.81,88.08,5.93,48.45,22.25,34.38,0.01,0.24,0.0,0.0,0.06,100.0,0.06,6.48,62.26,0.79,30.77,0.37,0.0,0.31,0.12,8.31,68.38,0,,0,,0,0.0,0.0,0.0,,,1.65,,,0.0,0.0,0.0,0.06,0,0.0
A. Schalk,Real Murcia,Servette,"CF, LWF, LW",33,400000,2027-06-30,21,1073,3,3.97,0,0.3,18.12,32.41,Netherlands,Netherlands,right,171,68,no,3.1,4.11,38.78,2.01,16.67,0.34,0.44,0.0,1.17,1.56,1.26,0,0.0,0,0.0,3.02,0.25,3,0.25,0.33,0,0.0,29,2.43,34.48,10.345,0.0,1.93,17.39,1.59,15.79,0.34,25.0,0.25,3.61,46.51,8.22,31.63,5.28,1.34,0.5,18.7,2.85,0.59,23.07,74.18,3.36,70.0,6.63,84.81,8.3,71.72,20.47,80.33,0.92,45.45,18.63,16.43,0.03,0.5,0.0,0.0,0.5,33.33,0.25,1.68,65.0,2.01,58.33,0.42,40.0,1.09,0.5,3.86,65.22,0,,0,,0,0.0,0.0,0.0,,,0.08,,,0.0,0.0,0.0,0.0,0,0.0
M. Stevanović,Servette,Servette,"RW, RWF, RAMF",35,400000,2027-06-30,34,3231,4,7.94,17,9.58,21.06,45.37,Bosnia and Herzegovina,"Bosnia and Herzegovina, Serbia",right,180,72,no,5.96,5.38,59.07,5.38,46.11,0.11,0.14,0.11,2.67,3.26,0.64,2,0.06,0,0.0,3.76,0.11,3,0.08,0.22,1,0.03,62,1.73,24.19,6.452,0.47,4.37,35.67,0.39,35.71,3.93,34.75,0.7,2.87,48.54,6.55,40.43,4.9,1.2,0.7,24.87,4.07,1.25,35.88,72.28,9.86,63.28,8.16,92.15,10.5,68.44,29.36,79.51,2.42,48.28,18.08,35.48,0.27,2.09,0.03,0.0,0.97,40.0,1.48,3.31,60.5,4.26,54.9,0.89,31.25,1.89,1.53,7.6,72.53,0,,0,,0,0.0,0.0,0.0,,,0.08,,,0.61,0.17,16.67,0.61,1,100.0
E. Omeragic,Reims,Servette,GK,24,400000,2029-06-30,4,344,0,0.0,0,0.0,1.05,50.0,Switzerland,Switzerland,right,197,82,no,3.14,0.26,100.0,0.26,100.0,0.26,0.35,0.0,2.62,3.49,0.0,0,0.0,0,0.0,0.0,0.0,0,0.0,0.0,0,0.0,0,0.0,0.0,0.0,0.0,0.0,0.0,0.0,0.0,0.0,0.0,0.0,0.0,0.0,0.26,0.0,0.0,0.0,0.0,13.6,0.0,0.0,22.76,83.91,12.03,73.91,0.0,0.0,10.2,94.87,16.48,90.48,6.28,66.67,30.82,44.64,0.0,0.0,0.0,0.0,0.0,0.0,0.0,0.78,0.0,0.0,0.0,0.0,0.0,0.0,0.0,4.97,52.63,11,2.88,26,6.8,1,57.69,8.1,2.12,-2.9,-0.759,0.0,1.05,0.26,,,,0.0,0,0.0
A. Hunziker,St. Gallen,Basel,CF,23,400000,2030-06-30,1,5,0,0.0,0,0.0,,,Switzerland,Switzerland,right,192,83,no,,,,,,,0.0,,,0.0,,0,,0,,,,0,,,0,,0,,,0.0,,,,,,,,,,,,,,,,,,,,,,,,,,,,,,,9.23,0.0,,,,,,,,,,,,,,,,,,0,,0,,0,0.0,0.0,,,,,,,,,,,0,0.0
M. George,Sporting FC,Lausanne Sport,CF,32,350000,2026-12-31,11,360,0,0.46,0,0.01,22.25,35.96,Costa Rica,Costa Rica,right,190,85,no,1.75,1.75,42.86,9.0,52.78,0.0,0.0,0.0,1.0,1.17,1.0,1,0.25,0,0.0,0.0,0.0,0,0.0,0.11,0,0.0,3,0.75,0.0,0.0,0.0,0.0,0.0,0.0,0.0,0.0,0.0,0.0,0.25,0.0,5.5,18.18,1.75,0.25,0.25,6.75,2.5,1.25,11.25,66.67,2.25,33.33,3.75,73.33,2.75,81.82,11.0,65.91,0.25,100.0,10.66,3.2,0.0,0.5,0.0,0.0,0.0,0.0,0.0,1.5,33.33,0.5,0.0,0.0,0.0,0.25,0.0,0.75,33.33,0,,0,,0,0.0,0.0,0.0,,,0.0,,,0.0,0.0,0.0,0.0,0,0.0
N. Gjorgjev,Farense,Grasshopper,"LW, LAMF, CF",28,350000,2027-06-30,6,97,0,0.02,0,0.15,22.27,37.5,Switzerland,"Switzerland, North Macedonia",right,172,68,no,8.35,7.42,62.5,0.0,0.0,0.93,1.67,0.0,2.78,5.0,0.93,0,0.0,0,0.0,1.86,0.0,0,0.0,0.02,0,0.0,1,0.93,0.0,0.0,0.0,0.0,0.0,0.0,0.0,0.0,0.0,0.0,5.57,33.33,11.13,25.0,1.86,0.93,0.93,12.99,0.0,0.0,20.41,86.36,2.78,100.0,8.35,88.89,4.64,60.0,18.56,85.0,1.86,100.0,11.17,9.97,0.14,0.93,0.0,0.0,0.0,0.0,0.93,0.93,100.0,0.93,100.0,0.93,100.0,1.86,0.0,3.71,75.0,0,,0,,0,0.0,0.0,0.0,,,0.0,,,0.0,0.0,0.0,0.0,0,0.0
Rodrigo Pollero,Deportivo Táchira,Lausanne Sport,CF,29,350000,2026-12-31,21,952,3,3.07,0,0.22,26.0,34.55,Uruguay,Uruguay,right,185,85,no,5.48,4.35,56.52,7.37,37.18,0.38,0.47,0.19,2.65,3.28,1.61,2,0.19,0,0.0,0.85,0.28,3,0.28,0.29,2,0.19,22,2.08,22.73,13.636,0.0,0.38,0.0,0.19,0.0,0.19,0.0,0.0,1.51,18.75,8.51,23.33,3.03,0.47,0.0,11.25,1.42,1.51,14.56,68.18,2.74,51.72,4.16,86.36,4.35,67.39,12.86,72.79,1.32,42.86,14.53,16.7,0.02,0.19,0.0,0.0,0.19,50.0,0.09,1.32,57.14,0.57,33.33,0.19,50.0,0.47,0.0,1.8,57.89,0,,0,,0,0.0,0.0,0.0,,,0.0,,,0.0,0.0,0.0,0.0,0,0.0
L. Lacroix,,Sion,"RCB, CB",34,350000,,2,187,0,0.59,0,0.0,15.4,59.38,Switzerland,"Switzerland, Brazil",right,197,85,no,10.59,7.22,53.33,3.85,50.0,0.48,0.64,0.96,6.26,8.3,0.96,1,0.48,0,0.0,0.48,0.0,0,0.0,0.28,0,0.0,2,0.96,0.0,0.0,0.0,0.0,0.0,0.0,0.0,0.0,0.0,0.0,0.48,100.0,1.44,100.0,0.96,0.96,0.48,28.4,0.0,0.48,43.32,85.56,16.36,76.47,4.81,90.0,17.33,91.67,38.02,92.41,5.29,36.36,20.75,41.36,0.0,0.0,0.0,0.0,0.0,0.0,0.0,3.85,50.0,0.48,0.0,1.93,0.0,0.0,0.0,5.29,54.55,0,,0,,0,0.0,0.0,0.0,,,3.37,,,0.0,0.0,0.0,0.0,0,0.0
M. Sawadogo,Vaduz,Servette,LB,22,300000,2027-06-30,1,42,0,0.0,0,0.0,,,Switzerland,"Switzerland, Burkina Faso",left,170,60,no,,,,,,,4.29,,,4.29,,0,,0,,,,0,,,0,,0,,,0.0,,,,,,,,,,,,,,,,,,,,,,,,,,,,,,,19.0,27.07,,,,,,,,,,,,,,,,,,0,,0,,0,0.0,0.0,,,,,,,,,,,0,0.0
A. Durrer,Winterthur,Lugano,"LCB, RCMF, RCB",24,300000,2026-06-30,11,396,0,0.3,0,0.24,19.09,54.76,Switzerland,Switzerland,right,188,81,no,10.68,6.82,73.33,5.0,36.36,0.23,0.29,0.0,5.45,7.06,0.91,0,0.0,0,0.0,2.27,0.0,0,0.0,0.07,0,0.0,5,1.14,0.0,0.0,0.0,0.23,100.0,0.23,100.0,0.0,0.0,0.0,2.73,66.67,5.23,52.17,0.91,0.68,0.0,25.23,0.0,0.45,36.14,81.76,14.32,69.84,3.18,92.86,14.55,87.5,32.5,85.31,3.64,50.0,16.54,19.78,0.05,0.45,0.0,0.0,0.91,25.0,0.23,4.77,66.67,0.91,50.0,1.14,20.0,0.91,0.0,5.23,73.91,0,,0,,0,0.0,0.0,0.0,,,0.68,,,0.0,0.0,0.0,0.0,0,0.0
N. Ammeter,Las Vegas Lights,Young Boys,GK,25,300000,,1,12,0,0.0,0,0.0,,,United States,"United States, Switzerland",right,191,83,no,,,,,,,0.0,,,15.0,,0,,0,,,,0,,,0,,0,,,0.0,,,,,,,,,,,,,,,,,,,,,,,,,,,,,,,35.87,0.0,,,,,,,,,,,,,,,,,,1,,1,,0,0.0,0.69,,-0.31,,,,,,,,,0,0.0
R. Alves,Étoile Carouge,Servette,"LCMF, LB, LW",24,300000,,8,173,0,0.01,1,1.01,19.25,37.84,Switzerland,"Switzerland, Portugal",left,177,68,no,8.84,8.84,52.94,1.56,33.33,0.0,0.0,0.0,4.16,6.15,1.04,0,0.0,0,0.0,3.64,0.0,0,0.0,0.01,0,0.0,1,0.52,100.0,0.0,0.52,4.68,33.33,3.12,33.33,1.56,33.33,0.52,6.24,25.0,7.28,28.57,1.56,2.6,1.56,27.05,0.52,0.0,39.54,71.05,11.97,65.22,5.2,100.0,13.01,68.0,31.21,78.33,4.16,50.0,15.66,17.16,0.52,2.08,0.52,0.0,0.52,0.0,1.04,4.68,66.67,5.72,36.36,1.56,0.0,0.52,1.56,5.72,72.73,0,,0,,0,0.0,0.0,0.0,,,0.0,,,1.04,0.0,0.0,4.68,0,0.0
Euclides Cabral,Hassania Agadir,St. Gallen,RB,27,300000,2027-06-30,23,1516,0,0.62,1,0.77,25.59,46.4,Portugal,"Portugal, Cape Verde Islands",right,178,68,no,12.17,10.92,58.15,2.79,36.17,0.47,0.65,0.06,5.34,7.34,2.02,3,0.18,1,0.06,2.79,0.0,0,0.0,0.04,0,0.0,8,0.47,25.0,0.0,0.06,1.19,35.0,0.12,50.0,0.95,31.25,0.36,4.33,50.68,7.9,36.84,1.25,1.78,1.07,16.56,0.83,0.89,28.44,73.49,12.94,65.14,3.09,90.38,6.0,78.22,25.23,76.71,2.14,55.56,13.74,20.2,0.05,0.53,0.0,0.0,0.24,25.0,0.3,3.38,59.65,1.25,61.9,0.36,33.33,0.53,0.53,6.59,64.86,0,,0,,0,0.0,0.0,0.0,,,0.36,,,0.0,0.0,0.0,0.12,0,0.0
F. Fehr,Thun,Grasshopper,LB,26,300000,2027-06-30,1,14,0,0.0,0,0.0,,,Switzerland,Switzerland,right,179,71,no,,,,,,,0.0,,,0.0,,0,,0,,,,0,,,0,,0,,,0.0,,,,,,,,,,,,,,,,,,,,,,,,,,,,,,,21.03,37.43,,,,,,,,,,,,,,,,,,0,,0,,0,0.0,0.0,,,,,,,,,,,0,0.0
M. Matić,YF Juventus,Grasshopper,GK,30,300000,2026-06-30,1,94,0,0.0,0,0.0,1.91,0.0,Switzerland,"Switzerland, Croatia",right,185,76,no,3.83,1.91,0.0,0.0,0.0,0.0,0.0,0.0,3.83,5.45,0.0,0,0.0,0,0.0,0.0,0.0,0,0.0,0.0,0,0.0,0,0.0,0.0,0.0,0.0,0.0,0.0,0.0,0.0,0.0,0.0,0.0,0.0,0.0,0.0,0.0,0.0,0.0,0.0,16.28,0.96,0.0,25.85,88.89,10.53,81.82,0.0,0.0,13.4,100.0,22.98,95.83,2.87,33.33,27.76,53.76,0.0,0.0,0.0,0.0,0.0,0.0,0.0,2.87,0.0,0.96,0.0,0.0,0.0,0.0,0.0,0.96,0.0,3,2.87,5,4.79,0,40.0,1.74,1.67,-1.26,-1.206,0.0,0.96,0.0,,,,0.0,0,0.0
M. Kempter,Muang Thong United,St. Gallen,LB,31,300000,2026-06-30,12,879,1,0.05,0,0.36,18.33,56.98,Switzerland,"Switzerland, Philippines",left,181,77,no,11.67,7.99,66.67,2.56,52.0,0.72,0.97,0.41,5.63,7.6,1.13,0,0.0,0,0.0,2.76,0.1,1,0.1,0.01,0,0.0,4,0.41,25.0,25.0,0.0,2.97,37.93,2.97,37.93,0.0,0.0,0.31,2.25,68.18,5.43,54.72,0.72,1.95,0.61,23.14,1.02,1.43,34.61,74.26,14.33,64.29,4.61,88.89,8.29,81.48,29.08,82.04,2.87,28.57,18.25,30.75,0.04,0.61,0.2,0.0,0.41,0.0,0.2,4.81,70.21,2.76,48.15,0.31,0.0,0.31,1.02,8.5,78.31,0,,0,,0,0.0,0.0,0.0,,,0.61,,,0.1,0.0,0.0,0.0,0,0.0
T. Staubli,Wil,St. Gallen,"RCMF, RAMF, LCMF",26,300000,2027-06-30,4,82,0,0.0,0,0.0,17.56,43.75,Switzerland,Switzerland,right,179,72,no,5.49,3.29,66.67,3.29,0.0,0.0,0.0,0.0,3.29,8.18,1.1,0,0.0,0,0.0,0.0,0.0,0,0.0,0.0,0,0.0,0,0.0,0.0,0.0,0.0,1.1,0.0,0.0,0.0,1.1,0.0,1.1,0.0,0.0,4.39,50.0,1.1,0.0,1.1,14.27,0.0,2.2,30.73,71.43,8.78,50.0,4.39,100.0,10.98,70.0,29.63,74.07,0.0,0.0,14.99,0.0,0.0,0.0,0.0,0.0,0.0,0.0,0.0,2.2,50.0,2.2,100.0,0.0,0.0,2.2,0.0,3.29,66.67,0,,0,,0,0.0,0.0,0.0,,,1.1,,,3.29,0.0,0.0,4.39,0,0.0
M. Araz,FC Brugg,Sion,"LCMF, RCMF, DMF",32,300000,,11,507,0,0.14,0,0.2,19.35,55.96,Switzerland,"Switzerland, Türkiye",left,173,63,no,12.6,8.7,61.22,4.08,39.13,1.42,1.82,0.0,5.86,7.5,1.07,0,0.0,0,0.0,0.53,0.0,0,0.0,0.03,0,0.0,4,0.71,0.0,0.0,0.0,0.71,50.0,0.53,33.33,0.18,100.0,0.0,0.71,25.0,2.66,53.33,1.07,0.89,0.0,19.53,0.71,0.71,30.71,84.39,7.99,71.11,8.7,93.88,9.59,87.04,28.22,85.53,1.78,80.0,17.89,10.78,0.04,0.36,0.18,0.18,0.0,0.0,0.0,4.08,78.26,1.07,66.67,0.36,50.0,0.36,0.36,5.68,71.88,0,,0,,0,0.0,0.0,0.0,,,0.71,,,0.0,0.0,0.0,0.0,0,0.0
J. Wehrmann,Madura United,Luzern,"LCMF, LDMF, RCMF",27,300000,2027-06-30,17,1153,1,1.45,0,0.23,19.67,48.02,Netherlands,Netherlands,right,180,70,no,9.05,8.82,54.87,1.56,35.0,0.86,1.07,0.08,3.36,4.17,1.25,4,0.31,0,0.0,1.56,0.08,1,0.08,0.11,0,0.0,18,1.41,22.22,5.556,0.0,1.17,40.0,0.94,33.33,0.23,66.67,0.23,1.95,36.0,5.78,43.24,1.33,0.94,0.62,24.9,0.55,0.78,35.05,83.74,10.69,70.8,6.09,93.59,12.96,89.76,31.14,88.22,2.81,50.0,18.77,35.52,0.02,0.55,0.08,0.0,0.55,14.29,0.16,4.76,72.13,1.87,37.5,1.01,7.69,0.47,0.55,4.76,72.13,0,,0,,0,0.0,0.0,0.0,,,0.55,,,0.0,0.0,0.0,0.08,0,0.0
Asumah Abubakar,Austria Lustenau,Luzern,"CF, LW",29,300000,2026-06-30,35,2245,8,6.13,3,1.28,26.86,32.84,Ghana,"Ghana, Portugal",right,183,77,no,3.93,3.61,67.78,4.05,23.76,0.0,0.0,0.04,1.48,1.98,0.84,1,0.04,0,0.0,2.41,0.32,8,0.32,0.25,2,0.08,38,1.52,39.47,21.053,0.12,0.52,30.77,0.32,25.0,0.2,40.0,0.04,4.05,34.65,14.31,28.85,3.61,1.84,1.36,14.39,1.72,1.4,21.25,85.09,4.25,72.64,7.54,95.21,4.81,84.17,20.57,86.35,0.2,100.0,14.07,5.73,0.05,0.96,0.08,0.0,0.36,66.67,0.44,1.04,76.92,1.24,64.52,0.28,57.14,1.16,0.08,2.2,78.18,0,,0,,0,0.0,0.0,0.0,,,0.04,,,0.0,0.0,0.0,0.0,0,0.0
S. Seiler,Vaduz,Zürich,"DMF, RCMF, LCMF",25,300000,2027-06-30,9,355,0,0.12,1,0.05,25.35,54.0,Brazil,"Brazil, Switzerland",right,174,73,no,13.44,12.17,52.08,1.27,80.0,1.01,1.4,1.27,6.08,8.37,1.52,0,0.0,0,0.0,2.54,0.0,0,0.0,0.03,0,0.0,4,1.01,0.0,0.0,0.25,0.25,100.0,0.0,0.0,0.25,100.0,0.0,3.55,57.14,6.85,51.85,0.76,0.51,0.25,19.77,0.25,1.77,33.21,83.21,8.37,63.64,6.34,96.0,11.15,88.64,29.92,88.14,3.04,33.33,15.66,28.86,0.01,0.25,0.0,0.0,0.51,50.0,0.25,3.8,60.0,0.76,66.67,0.51,50.0,0.25,0.25,4.31,58.82,0,,0,,0,0.0,0.0,0.0,,,0.25,,,0.0,0.0,0.0,0.25,0,0.0
N. Lavanchy,Sion,Lugano,"RWB, RB",32,300000,2027-06-30,34,3089,3,2.58,3,2.31,14.42,47.88,Switzerland,Switzerland,right,174,73,no,10.46,6.76,59.91,1.6,30.91,0.73,0.92,0.17,5.68,7.16,0.99,7,0.2,0,0.0,1.66,0.09,3,0.09,0.08,0,0.0,26,0.76,38.46,11.538,0.09,2.16,39.19,0.03,0.0,2.1,40.28,0.32,0.96,45.45,3.0,39.81,1.84,0.47,0.29,31.55,2.65,0.58,41.69,78.06,14.48,66.0,9.5,95.4,10.28,81.87,35.46,84.63,4.17,42.66,18.14,31.94,0.07,0.67,0.03,0.03,0.35,25.0,0.44,5.13,54.55,1.69,58.62,0.76,15.38,0.58,0.7,8.62,72.64,0,,0,,0,0.0,0.0,0.0,,,0.84,,,0.0,0.0,0.0,0.03,0,0.0
K. Bua,Étoile Carouge,Sion,"LW, LWF, CF",32,300000,,25,1492,1,3.58,1,1.03,20.21,45.37,Switzerland,"Switzerland, Spain",right,182,75,no,6.33,6.15,61.76,1.21,15.0,0.42,0.51,0.0,2.11,2.56,1.33,2,0.12,0,0.0,2.9,0.06,1,0.06,0.22,0,0.0,33,1.99,27.27,3.03,0.06,1.87,16.13,1.09,22.22,0.78,7.69,0.18,3.8,46.03,9.77,45.06,2.96,1.93,1.03,18.82,1.93,2.47,26.12,78.29,5.37,68.54,7.36,90.98,6.39,74.53,23.34,83.46,0.97,68.75,16.3,15.92,0.06,1.03,0.06,0.0,0.6,50.0,0.36,1.51,68.0,2.11,45.71,0.6,50.0,0.97,0.3,3.08,76.47,0,,0,,0,0.0,0.0,0.0,,,0.06,,,0.54,0.18,0.0,0.66,0,0.0
B. Babić,FC Schaffhausen,St. Gallen,"CF, RCMF",28,300000,,8,281,1,0.56,1,0.68,20.5,34.38,Switzerland,"Switzerland, Serbia",right,180,82,no,5.12,5.12,56.25,2.56,12.5,0.32,0.46,0.32,1.92,2.77,1.6,0,0.0,0,0.0,2.88,0.32,1,0.32,0.18,0,0.0,7,2.24,28.57,14.286,0.32,2.88,22.22,0.96,33.33,1.92,16.67,0.32,3.52,45.45,8.65,33.33,5.44,0.96,0.64,15.05,2.56,0.32,21.14,63.64,5.44,47.06,4.16,84.62,5.44,58.82,17.3,70.37,1.6,60.0,15.66,14.31,0.22,1.28,0.0,0.0,1.6,0.0,0.96,1.92,50.0,2.56,37.5,0.96,0.0,1.92,0.32,3.2,70.0,0,,0,,0,0.0,0.0,0.0,,,0.0,,,0.0,0.0,0.0,0.0,0,0.0
H. Lindner,Zürich,Basel,GK,35,300000,2028-06-30,36,3454,0,0.0,0,0.0,0.57,72.73,Austria,Austria,right,188,82,no,1.46,0.08,100.0,0.26,90.0,0.0,0.0,0.0,1.38,2.13,0.0,0,0.0,0,0.0,0.03,0.0,0,0.0,0.0,0,0.0,0,0.0,0.0,0.0,0.0,0.0,0.0,0.0,0.0,0.0,0.0,0.0,0.03,100.0,0.13,80.0,0.0,0.0,0.0,17.87,0.36,0.1,24.05,90.03,11.65,81.88,0.03,100.0,11.2,97.44,17.09,99.09,6.96,67.79,28.02,45.38,0.0,0.0,0.0,0.0,0.0,0.0,0.0,0.55,42.86,0.0,0.0,0.0,0.0,0.0,0.0,5.24,73.13,41,1.07,174,4.53,12,76.44,51.11,1.33,10.11,0.263,0.03,1.07,0.26,,,,0.0,0,0.0
A. Marchesano,Winterthur,Zürich,"AMF, CF, RCMF",35,300000,2027-06-30,33,2463,13,13.29,7,4.74,17.43,43.61,Switzerland,"Switzerland, Italy",right,168,62,no,7.27,6.72,57.07,1.53,30.95,0.18,0.24,0.15,3.25,4.28,1.5,4,0.15,0,0.0,3.0,0.48,8,0.29,0.49,0,0.0,70,2.56,45.71,18.571,0.26,1.57,34.88,0.55,40.0,0.99,29.63,0.26,1.75,37.5,5.52,35.1,3.03,0.88,0.62,25.54,0.58,1.53,37.34,78.28,14.1,71.5,5.63,90.91,9.39,80.16,33.0,82.39,2.85,52.56,16.32,32.42,0.17,1.57,0.22,0.07,1.35,45.95,0.73,6.07,73.49,3.25,46.07,1.57,34.88,1.57,0.62,5.99,79.88,0,,0,,0,0.0,0.0,0.0,,,0.0,,,0.66,0.29,62.5,1.75,6,83.333
T. Thomas,Hapoel Ramat Gan,Lausanne Sport,"RCMF, RDMF",26,275000,,20,1394,0,0.45,0,0.6,16.92,50.0,Côte d'Ivoire,Côte d'Ivoire,right,172,65,no,9.17,7.94,58.54,1.1,11.76,0.06,0.08,0.26,4.45,5.24,1.36,5,0.32,1,0.06,1.74,0.0,0,0.0,0.03,0,0.0,15,0.97,20.0,0.0,0.0,0.84,23.08,0.13,0.0,0.71,27.27,0.13,2.0,67.74,5.04,48.72,0.39,0.84,0.77,24.6,0.26,0.84,37.25,83.36,8.33,65.12,6.84,94.34,15.69,88.89,33.25,88.35,3.16,46.94,18.85,31.32,0.04,0.32,0.13,0.0,0.19,0.0,0.13,5.04,61.54,1.36,28.57,0.84,0.0,0.26,0.26,3.81,64.41,0,,0,,0,0.0,0.0,0.0,,,0.58,,,0.0,0.0,0.0,0.0,0,0.0
N. Maier,Blau-Weiß Linz,Young Boys,"AMF, RW, LW",25,250000,2028-06-30,3,52,0,0.29,0,0.0,31.15,61.11,Switzerland,Switzerland,right,173,69,no,15.58,13.85,62.5,1.73,100.0,0.0,0.0,1.73,6.92,8.57,3.46,0,0.0,0,0.0,3.46,0.0,0,0.0,0.5,0,0.0,3,5.19,0.0,0.0,0.0,0.0,0.0,0.0,0.0,0.0,0.0,0.0,3.46,100.0,8.65,60.0,1.73,1.73,1.73,15.58,1.73,1.73,24.23,85.71,12.12,71.43,3.46,100.0,3.46,100.0,22.5,92.31,1.73,0.0,9.65,18.04,0.0,0.0,0.0,0.0,0.0,0.0,0.0,3.46,50.0,0.0,0.0,0.0,0.0,1.73,0.0,1.73,100.0,0,,0,,0,0.0,0.0,0.0,,,0.0,,,0.0,0.0,0.0,0.0,0,0.0
B. Ouattara,Dubai United FC,Lausanne Sport,"CF, RW",23,250000,,31,1133,4,4.71,0,1.24,23.67,38.26,Côte d'Ivoire,Côte d'Ivoire,left,170,65,no,4.61,5.08,50.0,3.97,22.0,0.64,0.85,0.16,1.43,1.92,1.43,3,0.24,0,0.0,2.86,0.32,4,0.32,0.37,0,0.0,30,2.38,53.33,13.333,0.0,0.71,11.11,0.24,0.0,0.48,16.67,0.0,3.18,42.5,10.8,38.97,3.02,1.35,0.56,10.96,1.43,2.3,15.65,75.63,3.02,50.0,4.69,93.22,4.13,76.92,14.38,80.11,0.64,37.5,13.71,7.01,0.1,0.71,0.0,0.0,0.32,50.0,0.24,0.87,36.36,1.03,46.15,0.4,40.0,0.79,0.08,0.95,33.33,0,,0,,0,0.0,0.0,0.0,,,0.16,,,0.0,0.0,0.0,0.08,0,0.0
K. Sow,Lausanne Sport,Lausanne Sport,RCB,23,250000,2028-06-30,13,809,0,0.45,0,0.0,17.58,55.06,Switzerland,"Switzerland, Senegal",right,198,80,no,10.23,7.45,67.16,3.56,53.13,0.44,0.52,1.11,4.78,5.56,1.33,4,0.44,0,0.0,0.78,0.0,0,0.0,0.05,0,0.0,3,0.33,0.0,0.0,0.0,0.11,100.0,0.0,0.0,0.11,100.0,0.0,1.22,54.55,2.89,42.31,0.44,0.67,0.33,26.81,0.33,0.67,35.6,85.0,15.02,74.81,2.78,92.0,15.02,94.81,31.26,90.39,4.23,44.74,18.93,26.8,0.0,0.0,0.0,0.0,0.0,0.0,0.0,2.56,60.87,0.56,40.0,0.22,50.0,0.11,0.0,8.34,62.67,0,,0,,0,0.0,0.0,0.0,,,1.78,,,0.0,0.0,0.0,0.0,0,0.0
B. Traoré,Xorazm,St. Gallen,LB,28,250000,2026-12-31,13,972,0,0.53,1,0.13,21.76,48.94,Senegal,Senegal,left,185,80,no,10.0,9.26,58.0,1.76,47.37,0.37,0.53,0.09,4.26,6.11,1.2,1,0.09,0,0.0,3.52,0.0,0,0.0,0.05,0,0.0,6,0.56,66.67,0.0,0.09,2.22,37.5,2.22,37.5,0.0,0.0,0.09,4.72,45.1,7.78,41.67,1.2,2.59,1.39,17.87,0.74,0.65,29.63,80.63,11.11,70.83,3.24,100.0,9.35,83.17,25.0,87.04,2.69,51.72,17.57,26.25,0.01,0.56,0.0,0.09,0.28,66.67,0.19,3.8,68.29,1.85,50.0,0.19,50.0,0.65,0.74,6.67,75.0,0,,0,,0,0.0,0.0,0.0,,,0.46,,,0.0,0.0,0.0,0.0,0,0.0
S. Khelifi,,Zürich,"RB, LWB, LAMF",32,250000,,4,61,0,0.2,0,0.01,23.61,25.0,Switzerland,"Switzerland, Tunisia",right,172,65,no,0.0,1.48,0.0,2.95,0.0,0.0,0.0,0.0,0.0,0.0,0.0,0,0.0,0,0.0,7.38,0.0,0,0.0,0.29,0,0.0,4,5.9,25.0,0.0,0.0,1.48,100.0,1.48,100.0,0.0,0.0,0.0,8.85,50.0,16.23,36.36,5.9,2.95,0.0,25.08,0.0,1.48,28.03,78.95,13.28,66.67,7.38,100.0,2.95,100.0,26.56,77.78,0.0,0.0,9.74,0.0,0.02,1.48,0.0,0.0,0.0,0.0,0.0,2.95,100.0,2.95,50.0,0.0,0.0,0.0,1.48,4.43,100.0,0,,0,,0,0.0,0.0,0.0,,,0.0,,,0.0,0.0,0.0,0.0,0,0.0
M. Kvasina,Nyíregyháza Spartacus,Luzern,CF,29,250000,2027-06-30,14,871,2,3.49,1,2.02,19.32,39.57,Austria,Austria,right,195,79,no,3.82,2.58,56.0,7.03,50.0,0.21,0.29,0.0,2.17,3.04,0.72,1,0.1,0,0.0,2.79,0.21,2,0.21,0.36,2,0.21,26,2.69,61.54,7.692,0.1,1.24,41.67,0.62,33.33,0.62,50.0,0.41,1.55,40.0,6.72,26.15,4.86,0.31,0.41,16.33,2.27,0.62,20.87,73.76,5.17,64.0,4.86,89.36,6.2,71.67,19.12,75.68,0.52,80.0,15.3,10.99,0.21,0.93,0.0,0.0,0.21,0.0,0.52,3.0,62.07,1.14,45.45,0.31,33.33,1.34,0.41,2.79,85.19,0,,0,,0,0.0,0.0,0.0,,,0.0,,,0.0,0.0,0.0,0.0,0,0.0
D. Domgjoni,Hapoel Jerusalem,Luzern,LCB,29,250000,2027-06-30,6,260,0,0.87,0,0.0,17.31,52.0,Kosovo,"Kosovo, Albania",left,190,84,no,8.65,8.65,56.0,3.81,54.55,0.35,0.5,0.35,3.46,5.0,1.04,1,0.35,0,0.0,1.04,0.0,0,0.0,0.3,0,0.0,2,0.69,50.0,0.0,0.0,0.35,0.0,0.35,0.0,0.0,0.0,0.0,0.69,100.0,1.04,66.67,0.69,0.69,0.35,39.46,1.04,0.0,57.81,84.43,23.54,73.53,4.85,85.71,23.88,92.75,52.27,89.4,5.54,37.5,16.72,36.21,0.0,0.0,0.0,0.0,0.35,0.0,0.0,5.19,53.33,0.35,100.0,0.35,0.0,0.35,0.0,9.35,59.26,0,,0,,0,0.0,0.0,0.0,,,2.77,,,0.0,0.0,0.0,0.0,0,0.0
J. Bamert,Thun,Sion,"LCB, RCB",28,250000,2027-06-30,23,2140,1,0.79,1,0.2,14.97,56.46,Switzerland,Switzerland,right,183,75,no,11.23,6.77,65.22,4.0,57.89,0.29,0.36,1.14,6.52,7.98,0.76,7,0.29,0,0.0,0.42,0.04,1,0.04,0.03,1,0.04,8,0.34,12.5,12.5,0.04,0.08,50.0,0.08,50.0,0.0,0.0,0.0,0.34,100.0,1.3,45.16,0.88,0.17,0.21,23.85,0.21,0.71,36.93,82.57,16.36,72.24,2.61,90.32,14.8,92.61,31.0,88.2,5.85,53.24,22.94,36.72,0.01,0.21,0.04,0.04,0.04,0.0,0.08,5.51,56.49,0.59,35.71,0.34,37.5,0.25,0.04,7.74,70.11,0,,0,,0,0.0,0.0,0.0,,,1.64,,,0.0,0.0,0.0,0.0,0,0.0
L. Emini,Rapperswil-Jona,Luzern,"DMF, RDMF, LCMF",26,250000,,15,607,1,1.22,1,0.74,15.42,49.04,Switzerland,"Switzerland, Kosovo",right,176,72,no,5.63,6.97,46.81,1.63,54.55,0.59,0.94,0.15,1.78,2.83,1.33,3,0.44,0,0.0,1.48,0.15,0,0.0,0.18,0,0.0,10,1.48,40.0,10.0,0.15,0.44,66.67,0.15,100.0,0.3,50.0,0.0,0.89,66.67,3.86,53.85,0.15,1.48,0.15,39.44,0.44,1.48,53.97,87.09,17.64,76.47,7.41,98.0,23.72,90.63,48.04,91.67,5.49,48.65,20.47,37.56,0.11,1.19,0.0,0.0,0.59,0.0,0.44,10.68,69.44,1.93,53.85,1.04,14.29,0.89,0.3,8.9,91.67,0,,0,,0,0.0,0.0,0.0,,,1.48,,,0.44,0.3,50.0,0.59,1,100.0
G. Sio,,Sion,CF,37,250000,,9,547,0,0.83,1,0.5,29.62,40.0,France,"France, Côte d'Ivoire",left,181,80,no,5.43,4.77,55.17,8.72,45.28,0.66,0.89,0.16,2.14,2.89,2.14,4,0.66,0,0.0,2.47,0.0,0,0.0,0.14,0,0.0,10,1.65,0.0,0.0,0.16,0.99,33.33,0.82,40.0,0.16,0.0,0.0,2.63,62.5,11.52,32.86,1.81,1.32,1.32,16.29,2.63,1.48,28.46,72.25,5.76,51.43,6.25,94.74,9.54,70.69,26.33,75.0,1.32,50.0,15.47,20.56,0.08,0.49,0.0,0.0,0.66,75.0,0.33,3.13,42.11,1.97,41.67,0.49,66.67,0.66,0.16,2.8,76.47,0,,0,,0,0.0,0.0,0.0,,,0.0,,,0.0,0.0,0.0,0.0,0,0.0
D. Oberlin,Sepsi,Servette,"CF, LW",28,250000,2026-06-30,20,447,2,2.87,1,0.55,30.4,33.11,Cameroon,"Cameroon, Switzerland",right,182,74,no,5.23,6.64,63.64,4.03,30.0,0.0,0.0,0.0,1.01,1.4,1.81,1,0.2,0,0.0,2.21,0.4,1,0.2,0.58,0,0.0,10,2.01,30.0,20.0,0.2,0.81,25.0,0.2,100.0,0.6,0.0,0.2,5.44,25.93,14.5,18.06,3.83,2.01,1.01,14.9,2.62,0.6,18.52,73.91,2.82,50.0,7.25,91.67,3.42,64.71,17.52,75.86,0.2,100.0,11.99,2.37,0.11,0.6,0.0,0.0,0.4,0.0,0.2,0.81,25.0,1.21,16.67,0.4,0.0,0.6,0.2,0.81,50.0,0,,0,,0,0.0,0.0,0.0,,,0.0,,,0.0,0.0,0.0,0.0,1,100.0
M. Diallo,Nîmes,Servette,RB,29,250000,,30,1817,0,0.63,0,0.93,17.34,58.29,France,"France, Senegal",right,187,69,no,9.71,5.94,66.67,2.03,51.22,0.35,0.43,0.25,5.4,6.67,0.69,4,0.2,1,0.05,3.62,0.0,0,0.0,0.03,0,0.0,12,0.59,33.33,0.0,0.0,1.83,37.84,0.0,0.0,1.83,37.84,0.25,3.67,64.86,6.39,55.81,0.84,2.63,1.68,27.19,1.54,1.24,40.91,75.42,17.58,67.32,4.51,93.41,12.68,80.08,33.68,80.88,5.65,52.63,19.64,31.03,0.05,0.45,0.0,0.0,1.09,31.82,0.3,6.88,64.75,2.92,59.32,1.34,37.04,1.14,0.74,10.06,67.49,0,,0,,0,0.0,0.0,0.0,,,0.3,,,0.0,0.0,0.0,0.0,0,0.0
E. Rastoder,Panathinaikos,Grasshopper,"CF, LWF",24,250000,2030-06-30,2,32,0,0.0,0,0.07,,,Switzerland,"Switzerland, North Macedonia",right,191,87,no,,,,,,,0.0,,,0.0,,0,,0,,,,0,,,0,,0,,,0.0,,,,,,,,,,,,,,,,,,,,,,,,,,,,,,,10.65,0.0,,,,,,,,,,,,,,,,,,0,,0,,0,0.0,0.0,,,,,,,,,,,0,0.0
A. Ćorić,Hamrun Spartans,Zürich,"AMF, LCMF",29,250000,2027-06-30,21,860,1,1.14,1,2.03,14.02,37.31,Croatia,Croatia,both,176,75,no,4.6,3.24,58.06,2.51,25.0,0.0,0.0,0.31,2.72,3.55,1.05,4,0.42,0,0.0,3.14,0.1,1,0.1,0.12,0,0.0,22,2.3,40.91,4.545,0.1,1.47,35.71,0.84,37.5,0.63,33.33,0.21,2.72,50.0,5.76,32.73,1.78,0.84,0.52,19.47,0.63,0.63,31.5,84.39,8.16,73.08,7.22,91.3,8.79,89.29,28.99,87.36,1.05,70.0,16.46,13.33,0.21,1.36,0.21,0.1,0.52,60.0,0.21,3.03,72.41,1.88,55.56,0.63,50.0,0.84,0.52,2.83,88.89,0,,0,,0,0.0,0.0,0.0,,,0.0,,,1.47,0.21,50.0,3.77,0,0.0
D. Cavaré,Bnei Sakhnin,Sion,"RB, RWB",31,250000,2027-06-30,31,2630,5,3.3,1,1.97,22.0,51.63,Guadeloupe,"Guadeloupe, France",right,184,84,no,9.86,7.77,60.79,3.49,68.63,0.27,0.33,0.34,4.86,5.84,1.2,7,0.24,0,0.0,3.35,0.17,5,0.17,0.11,1,0.03,30,1.03,43.33,16.667,0.03,2.77,27.16,0.1,33.33,2.67,26.92,0.31,3.94,53.04,7.46,39.45,1.88,2.12,1.1,22.14,2.05,0.48,33.84,75.23,13.17,71.95,4.45,91.54,10.33,74.5,27.41,83.65,3.8,47.75,19.63,35.33,0.07,0.75,0.03,0.03,0.21,33.33,0.27,4.35,67.72,2.57,40.0,0.44,23.08,0.55,0.75,7.56,72.4,0,,0,,0,0.0,0.0,0.0,,,0.55,,,0.0,0.0,0.0,0.0,0,0.0
T. Castella,Lausanne Sport,Lausanne Sport,GK,32,200000,2028-06-30,9,859,0,0.0,0,0.0,1.15,90.91,Switzerland,Switzerland,right,185,76,no,1.99,0.31,66.67,0.73,100.0,0.0,0.0,0.0,1.78,2.29,0.1,1,0.1,0,0.0,0.0,0.0,0,0.0,0.0,0,0.0,0,0.0,0.0,0.0,0.0,0.0,0.0,0.0,0.0,0.0,0.0,0.0,0.0,0.0,0.0,0.0,0.0,0.0,0.0,12.78,0.1,0.1,19.07,86.81,11.21,78.5,0.0,0.0,7.02,100.0,10.58,99.01,8.49,71.6,35.53,49.97,0.0,0.0,0.0,0.0,0.0,0.0,0.0,1.68,50.0,0.0,0.0,0.0,0.0,0.0,0.0,6.81,78.46,21,2.2,54,5.66,0,61.11,19.21,2.01,-1.79,-0.188,0.0,1.36,0.73,,,,0.0,0,0.0
A. Trebel,,Lausanne Sport,"DMF, LCMF, RCMF",35,200000,,15,1399,0,0.59,1,1.92,20.26,54.92,Madagascar,Madagascar,left,174,72,no,11.07,8.36,64.62,1.29,65.0,1.03,1.23,0.0,4.63,5.52,1.22,3,0.19,1,0.06,2.06,0.0,0,0.0,0.04,0,0.0,8,0.51,25.0,0.0,0.06,0.39,66.67,0.19,100.0,0.13,0.0,0.0,2.51,61.54,7.59,46.61,0.26,0.77,0.13,31.65,0.13,0.77,48.44,89.64,12.8,79.9,6.69,95.19,21.04,94.5,44.13,91.4,3.92,72.13,17.86,36.43,0.12,0.96,0.06,0.06,0.19,66.67,0.26,6.37,85.86,1.09,70.59,0.26,75.0,0.45,0.19,6.5,72.28,0,,0,,0,0.0,0.0,0.0,,,0.32,,,1.87,0.06,0.0,1.99,0,0.0
M. Nanizayamo,,Lausanne Sport,LCB,28,200000,,4,213,0,0.01,0,0.0,10.14,75.0,France,"France, Congo DR",left,192,82,no,7.18,4.65,81.82,2.96,85.71,0.42,0.58,0.0,2.96,4.04,0.42,1,0.42,0,0.0,0.42,0.0,0,0.0,0.0,0,0.0,1,0.42,0.0,0.0,0.0,0.0,0.0,0.0,0.0,0.0,0.0,0.0,0.42,100.0,0.85,50.0,0.0,0.85,0.85,36.76,1.69,0.0,46.9,88.29,20.7,73.47,2.11,100.0,17.75,100.0,43.52,92.23,3.38,37.5,18.99,32.24,0.0,0.0,0.0,0.0,0.0,0.0,0.0,2.54,33.33,0.42,0.0,0.85,0.0,0.0,0.0,5.92,64.29,0,,0,,0,0.0,0.0,0.0,,,1.27,,,0.0,0.0,0.0,0.0,0,0.0
S. Wallner,,Zürich,"RWB, RCB, RB",24,200000,,5,209,0,0.13,0,0.05,22.39,63.46,Switzerland,"Switzerland, Austria",right,185,75,no,12.06,10.33,54.17,3.88,88.89,0.43,0.57,0.0,6.03,7.92,0.0,0,0.0,0,0.0,2.58,0.0,0,0.0,0.06,0,0.0,3,1.29,33.33,0.0,0.0,2.58,16.67,0.0,0.0,2.58,16.67,0.43,3.88,44.44,6.03,57.14,1.29,3.44,1.29,15.07,1.29,3.01,22.82,77.36,10.77,92.0,1.29,100.0,7.32,70.59,19.38,84.44,0.86,100.0,17.8,11.49,0.02,0.43,0.0,0.0,0.0,0.0,0.43,3.44,75.0,1.72,25.0,0.0,0.0,0.0,1.29,3.88,55.56,0,,0,,0,0.0,0.0,0.0,,,1.29,,,0.0,0.0,0.0,0.0,0,0.0
A. Abrashi,Grasshopper,Grasshopper,"RCMF, LCMF, DMF",36,200000,2027-06-30,19,1036,0,0.06,1,0.34,17.11,53.81,Switzerland,"Switzerland, Albania",right,172,73,no,11.47,8.08,60.22,1.74,60.0,1.74,2.42,0.09,4.86,6.77,2.17,6,0.52,1,0.09,1.48,0.0,0,0.0,0.01,0,0.0,2,0.17,50.0,0.0,0.09,0.26,66.67,0.26,66.67,0.0,0.0,0.0,1.48,70.59,4.0,47.83,0.26,0.26,0.35,24.5,0.35,1.48,39.87,84.75,11.38,67.94,7.56,95.4,15.38,92.09,35.53,88.26,4.08,55.32,19.04,24.45,0.03,0.69,0.0,0.09,0.26,66.67,0.17,4.86,64.29,0.69,62.5,0.52,50.0,0.43,0.17,6.17,57.75,0,,0,,0,0.0,0.0,0.0,,,0.78,,,0.0,0.0,0.0,0.0,0,0.0
Li Lei,Beijing Guoan,Grasshopper,"LCB, LB, LWB",34,200000,2027-12-31,7,323,0,0.04,1,0.59,17.55,50.79,China PR,China PR,left,182,78,no,8.64,8.08,55.17,4.46,56.25,0.28,0.39,0.28,3.9,5.53,1.11,1,0.28,0,0.0,1.11,0.0,0,0.0,0.01,0,0.0,2,0.56,0.0,0.0,0.28,1.67,50.0,1.67,50.0,0.0,0.0,0.28,1.11,0.0,1.95,14.29,0.0,1.39,0.28,33.44,2.51,0.84,45.98,82.42,17.0,70.49,6.97,96.0,15.88,91.23,33.72,88.43,10.87,69.23,26.25,39.82,0.16,0.56,0.0,0.0,0.28,100.0,0.56,9.47,70.59,1.67,66.67,0.84,66.67,0.28,0.56,12.26,86.36,0,,0,,0,0.0,0.0,0.0,,,1.67,,,0.0,0.0,0.0,0.0,0,0.0
N. Boranijašević,Mladost Lučani,Zürich,RWB,34,200000,,30,2560,4,3.66,2,3.15,21.83,50.56,Serbia,Serbia,right,182,70,no,12.13,9.84,59.64,2.14,37.7,0.56,0.71,0.39,5.7,7.19,1.09,5,0.18,0,0.0,3.55,0.14,4,0.14,0.13,0,0.0,32,1.13,34.38,12.5,0.07,3.3,24.47,0.04,0.0,3.23,23.91,0.28,3.62,54.37,7.07,46.77,2.11,0.95,0.25,23.2,2.04,0.84,34.63,69.04,12.97,57.99,5.17,91.84,10.48,75.17,26.68,79.31,4.82,40.15,20.67,35.27,0.11,0.81,0.18,0.0,0.95,40.74,0.53,5.45,52.26,3.76,46.73,1.23,28.57,1.23,0.95,8.51,69.83,0,,0,,0,0.0,0.0,0.0,,,0.42,,,0.0,0.0,0.0,0.0,0,0.0
A. Cvetković,Radnik Surdulica,Grasshopper,"CB, LCB",31,200000,,7,192,0,0.18,0,0.0,14.53,61.29,Serbia,Serbia,right,188,85,no,14.06,6.56,57.14,4.69,90.0,0.94,1.25,2.34,9.38,12.5,0.0,0,0.0,0,0.0,0.0,0.0,0,0.0,0.08,0,0.0,3,1.41,0.0,0.0,0.0,0.0,0.0,0.0,0.0,0.0,0.0,0.0,0.0,0.0,0.47,0.0,0.94,0.0,0.0,15.0,0.0,0.0,27.19,87.93,10.31,77.27,1.41,100.0,13.59,96.55,24.38,92.31,2.81,50.0,15.31,12.48,0.0,0.0,0.0,0.0,0.0,0.0,0.0,0.94,50.0,0.0,0.0,0.0,0.0,0.0,0.0,3.28,71.43,0,,0,,0,0.0,0.0,0.0,,,0.94,,,0.0,0.0,0.0,0.0,0,0.0
M. Kryeziu,Winterthur,Zürich,CB,29,200000,2027-06-30,32,3031,3,2.97,0,0.22,14.49,62.5,Switzerland,"Switzerland, Kosovo",left,196,96,no,11.28,5.49,67.57,5.11,62.21,0.21,0.27,1.69,7.36,9.45,0.65,10,0.3,0,0.0,0.39,0.09,3,0.09,0.09,2,0.06,27,0.8,37.04,11.111,0.0,0.09,0.0,0.09,0.0,0.0,0.0,0.0,0.09,66.67,0.98,42.42,0.71,0.48,0.15,25.51,0.12,0.24,41.21,85.66,16.6,72.09,2.14,94.44,20.01,95.4,34.06,92.85,7.07,52.1,24.86,43.14,0.01,0.15,0.0,0.06,0.03,100.0,0.03,5.23,59.09,0.62,23.81,0.36,33.33,0.18,0.0,7.75,73.95,0,,0,,0,0.0,0.0,0.0,,,1.69,,,0.3,0.24,37.5,0.0,0,0.0
F. Rohner,Winterthur,Zürich,RWB,27,200000,2027-06-30,20,733,1,0.96,0,1.42,20.01,52.76,Switzerland,Switzerland,right,178,68,no,7.98,8.47,55.07,2.46,55.0,0.49,0.66,0.12,2.82,3.79,1.11,1,0.12,0,0.0,5.53,0.12,1,0.12,0.12,0,0.0,15,1.84,40.0,6.667,0.0,4.67,36.84,0.0,0.0,4.54,37.84,0.86,4.17,70.59,7.24,50.85,2.95,2.46,0.86,22.35,1.72,0.74,30.08,69.39,8.72,53.52,6.02,97.96,9.33,73.68,23.21,78.31,2.58,47.62,22.16,28.29,0.17,0.98,0.0,0.12,0.49,25.0,0.86,2.95,50.0,4.17,44.12,0.49,0.0,1.11,1.72,7.49,70.49,0,,0,,0,0.0,0.0,0.0,,,0.37,,,0.0,0.0,0.0,0.0,0,0.0
A. Kabashi,Csikszereda Miercurea Ciuc,Sion,"RCB, CB, LCB",29,200000,2026-06-30,7,364,0,0.0,0,0.18,19.78,68.75,Switzerland,"Switzerland, Kosovo",right,181,80,no,15.58,9.89,85.0,3.71,53.33,0.25,0.33,1.98,6.92,9.13,0.74,2,0.49,0,0.0,0.25,0.0,0,0.0,0.0,0,0.0,0,0.0,0.0,0.0,0.0,0.0,0.0,0.0,0.0,0.0,0.0,0.0,0.25,100.0,1.24,60.0,0.49,0.25,0.25,18.3,0.25,0.74,30.41,88.62,13.85,89.29,1.48,83.33,12.12,91.84,25.71,89.42,4.7,84.21,19.16,25.82,0.04,0.25,0.0,0.0,0.0,0.0,0.0,2.23,77.78,0.0,0.0,0.25,100.0,0.25,0.0,7.42,76.67,0,,0,,0,0.0,0.0,0.0,,,0.99,,,0.0,0.0,0.0,0.0,0,0.0
K. Monzialo,Den Bosch,Lugano,"RAMF, RW",25,200000,2027-06-30,3,49,0,0.0,0,0.0,25.71,35.71,France,France,right,185,75,no,3.67,0.0,0.0,3.67,50.0,0.0,0.0,0.0,3.67,10.0,0.0,1,1.84,0,0.0,9.18,0.0,0,0.0,0.0,0,0.0,0,0.0,0.0,0.0,0.0,11.02,50.0,1.84,0.0,9.18,60.0,0.0,9.18,40.0,14.69,37.5,3.67,3.67,0.0,33.06,0.0,0.0,47.76,73.08,9.18,60.0,11.02,100.0,20.2,63.64,36.73,80.0,3.67,0.0,18.17,18.02,0.0,0.0,0.0,1.84,1.84,0.0,0.0,5.51,66.67,9.18,60.0,1.84,0.0,0.0,5.51,5.51,100.0,0,,0,,0,0.0,0.0,0.0,,,0.0,,,0.0,0.0,0.0,0.0,0,0.0
S. Theler,Naters,Sion,"RB, LB, LW",25,200000,2026-06-30,5,222,0,0.0,0,0.0,18.24,42.22,Switzerland,Switzerland,right,175,75,no,8.92,7.3,50.0,3.24,25.0,0.41,0.48,0.41,4.86,5.81,2.03,0,0.0,0,0.0,0.81,0.0,0,0.0,0.0,0,0.0,0,0.0,0.0,0.0,0.0,0.41,100.0,0.0,0.0,0.41,100.0,0.0,0.81,50.0,5.27,30.77,0.0,0.81,0.81,23.92,0.81,0.81,31.22,85.71,12.97,81.25,3.65,100.0,10.95,85.19,26.76,89.39,4.46,63.64,17.1,30.15,0.0,0.0,0.0,0.0,0.0,0.0,0.0,4.05,80.0,0.0,0.0,0.0,0.0,0.41,0.0,8.92,72.73,0,,0,,0,0.0,0.0,0.0,,,0.0,,,0.0,0.0,0.0,0.0,0,0.0
M. Bottani,Lugano,Lugano,"CF, AMF",35,200000,2026-06-30,30,2171,6,4.94,6,4.54,26.32,38.58,Switzerland,Switzerland,right,170,65,no,4.52,5.47,44.7,2.98,20.83,0.5,0.63,0.0,1.58,1.99,1.41,6,0.25,0,0.0,5.6,0.25,6,0.25,0.2,0,0.0,58,2.4,27.59,10.345,0.25,2.9,38.57,1.37,42.42,1.49,36.11,0.17,7.25,50.86,14.09,40.29,3.73,3.03,2.32,25.79,2.07,1.49,36.11,78.53,9.87,72.27,7.96,88.02,10.45,75.79,30.72,85.29,2.69,43.08,16.53,32.82,0.19,1.45,0.04,0.0,0.58,21.43,0.83,4.93,71.43,3.27,45.57,1.12,18.52,1.12,0.91,5.02,79.34,0,,0,,0,0.0,0.0,0.0,,,0.08,,,0.0,0.0,0.0,0.0,0,0.0
S. Rouiller,Servette,Servette,"RCB, LCB",35,200000,2028-06-30,23,1912,3,2.66,0,0.0,15.77,61.79,Switzerland,Switzerland,right,183,74,no,10.97,6.64,70.92,3.67,55.13,0.75,0.99,0.99,5.51,7.27,1.08,3,0.14,0,0.0,0.66,0.14,3,0.14,0.13,2,0.09,14,0.66,50.0,21.429,0.0,0.05,0.0,0.0,0.0,0.05,0.0,0.0,0.42,55.56,1.37,44.83,0.89,0.52,0.19,29.23,0.33,0.71,45.8,89.31,17.56,79.89,1.98,83.33,22.45,97.27,39.21,92.68,6.54,69.78,22.16,37.85,0.0,0.05,0.0,0.05,0.09,100.0,0.0,5.55,77.97,0.38,12.5,0.61,38.46,0.09,0.0,8.0,70.0,0,,0,,0,0.0,0.0,0.0,,,0.94,,,0.0,0.0,0.0,0.0,0,0.0
V. Sasso,Dunkerque,Servette,LCB,35,200000,,30,2823,1,2.48,0,0.55,10.14,66.67,France,France,right,190,85,no,8.61,4.5,68.79,2.17,60.29,0.32,0.39,0.51,5.2,6.28,0.8,11,0.35,1,0.03,0.22,0.03,1,0.03,0.08,1,0.03,13,0.41,23.08,7.692,0.0,0.1,33.33,0.0,0.0,0.1,33.33,0.03,0.19,50.0,0.51,50.0,0.86,0.61,0.13,25.03,0.32,0.67,38.64,89.93,14.7,80.91,1.63,88.24,18.68,97.1,35.93,92.37,2.61,58.54,19.95,32.72,0.02,0.13,0.0,0.0,0.0,0.0,0.06,3.38,78.3,0.35,36.36,0.29,11.11,0.19,0.03,5.77,69.61,0,,0,,0,0.0,0.0,0.0,,,0.96,,,0.0,0.0,0.0,0.0,0,0.0
Y. Alounga Avebe,Bulle,Luzern,CF,24,200000,,12,262,0,0.33,0,0.04,15.11,31.82,Cameroon,"Cameroon, Switzerland",left,189,87,no,2.75,3.78,54.55,5.5,18.75,0.0,0.0,0.0,0.69,1.22,1.37,1,0.34,0,0.0,1.03,0.0,0,0.0,0.11,0,0.0,5,1.72,40.0,0.0,0.0,0.0,0.0,0.0,0.0,0.0,0.0,0.0,1.03,33.33,3.09,33.33,3.44,0.69,0.34,12.71,1.03,0.69,14.08,78.05,2.75,50.0,5.5,100.0,2.4,57.14,14.08,78.05,0.0,0.0,11.21,0.0,0.01,0.69,0.0,0.0,0.34,0.0,0.0,1.72,40.0,0.34,0.0,0.34,0.0,0.34,0.0,0.69,100.0,0,,0,,0,0.0,0.0,0.0,,,0.34,,,0.0,0.0,0.0,0.0,0,0.0
M. Tsoungui,Unirea Slobozia,Lausanne Sport,LB,23,200000,,1,67,0,0.0,0,0.0,17.46,38.46,Cameroon,"Cameroon, Switzerland",left,182,80,no,5.37,5.37,75.0,1.34,0.0,0.0,0.0,0.0,1.34,1.25,0.0,0,0.0,0,0.0,0.0,0.0,0,0.0,0.0,0,0.0,0,0.0,0.0,0.0,0.0,0.0,0.0,0.0,0.0,0.0,0.0,0.0,0.0,0.0,9.4,28.57,0.0,0.0,0.0,10.75,0.0,1.34,21.49,93.75,8.06,83.33,4.03,100.0,9.4,100.0,20.15,93.33,1.34,100.0,19.9,28.68,0.0,0.0,0.0,0.0,0.0,0.0,0.0,1.34,100.0,0.0,0.0,0.0,0.0,0.0,0.0,5.37,75.0,0,,0,,0,0.0,0.0,0.0,,,1.34,,,0.0,0.0,0.0,0.0,0,0.0
Nuno da Silva,FC Rotkreuz,Grasshopper,"CF, RCMF, RWB",32,200000,,19,495,0,0.87,0,0.4,25.45,38.57,Switzerland,"Switzerland, Portugal",right,170,65,no,3.82,4.91,55.56,1.27,14.29,0.55,0.8,0.0,0.55,0.8,1.45,3,0.55,0,0.0,6.18,0.0,0,0.0,0.16,0,0.0,12,2.18,41.67,0.0,0.0,3.45,31.58,1.45,37.5,2.0,27.27,0.18,8.0,50.0,14.73,40.74,4.36,2.55,2.55,13.64,3.09,1.82,18.0,72.73,4.0,72.73,5.45,96.67,3.64,80.0,13.82,84.21,0.73,50.0,20.65,7.28,0.07,0.91,0.0,0.0,0.55,33.33,0.36,1.45,75.0,1.82,60.0,0.18,0.0,0.36,1.09,2.73,86.67,0,,0,,0,0.0,0.0,0.0,,,0.18,,,0.0,0.0,0.0,0.18,0,0.0
P. Sutter,Stade Lausanne-Ouchy,St. Gallen,"RB, LB",27,200000,2028-06-30,20,1239,2,0.46,0,0.79,22.45,48.87,Switzerland,Switzerland,right,172,72,no,11.84,10.39,60.84,2.76,34.21,1.16,1.79,0.22,4.36,6.72,0.73,4,0.29,1,0.07,2.4,0.15,2,0.15,0.03,0,0.0,8,0.58,37.5,25.0,0.0,2.91,17.5,0.36,0.0,2.54,20.0,0.29,3.2,47.73,5.74,37.97,2.11,1.38,0.58,22.88,1.09,0.8,36.61,67.26,15.4,58.49,4.87,89.55,8.57,69.49,30.15,74.94,3.56,42.86,16.81,24.24,0.06,0.58,0.22,0.0,0.73,20.0,0.36,4.79,62.12,2.25,25.81,0.58,12.5,0.58,0.51,7.63,60.0,0,,0,,0,0.0,0.0,0.0,,,0.36,,,0.0,0.0,0.0,0.0,0,0.0
S. Demhasaj,Yverdon Sport,Grasshopper,"CF, AMF",30,200000,2029-06-30,13,356,0,0.8,1,0.28,19.72,35.9,Switzerland,"Switzerland, Kosovo",right,191,75,no,5.06,4.3,58.82,3.79,46.67,0.51,0.83,0.0,2.02,3.33,1.77,1,0.25,0,0.0,2.28,0.0,0,0.0,0.2,0,0.0,8,2.02,25.0,0.0,0.25,0.51,0.0,0.25,0.0,0.25,0.0,0.0,3.54,42.86,7.58,30.0,3.79,1.01,0.0,6.32,1.52,0.0,10.62,73.81,3.03,66.67,2.53,90.0,2.02,62.5,9.86,76.92,0.25,100.0,15.0,2.98,0.07,0.76,0.0,0.0,0.25,100.0,0.25,0.51,50.0,1.26,40.0,0.25,100.0,0.76,0.0,2.02,62.5,0,,0,,0,0.0,0.0,0.0,,,0.25,,,0.0,0.0,0.0,0.0,0,0.0
D. Sorgić,Yverdon Sport,Luzern,CF,36,200000,2027-06-30,30,1995,7,6.25,0,1.17,19.08,41.84,Switzerland,"Switzerland, Serbia",right,177,70,no,5.73,5.86,63.08,1.53,14.71,0.09,0.12,0.05,1.94,2.56,1.04,4,0.18,0,0.0,1.22,0.32,6,0.27,0.28,0,0.0,29,1.31,62.07,24.138,0.0,0.32,14.29,0.09,50.0,0.23,0.0,0.0,0.77,41.18,6.0,37.59,3.11,0.68,0.32,12.14,1.71,1.89,18.18,79.9,3.52,71.79,5.32,86.44,4.92,77.98,17.5,81.44,0.36,62.5,13.89,8.35,0.05,0.86,0.14,0.09,0.18,25.0,0.27,1.35,76.67,0.9,45.0,0.23,20.0,0.72,0.0,1.31,62.07,0,,0,,0,0.0,0.0,0.0,,,0.05,,,0.0,0.0,0.0,0.0,1,100.0
André Ribeiro,Cham,Grasshopper,CF,29,175000,2027-06-30,1,30,0,0.0,0,0.0,,,Switzerland,"Switzerland, Portugal",right,178,77,no,,,,,,,0.0,,,8.57,,0,,0,,,,0,,,0,,0,,,0.0,,,,,,,,,,,,,,,,,,,,,,,,,,,,,,,11.68,0.0,,,,,,,,,,,,,,,,,,0,,0,,0,0.0,0.0,,,,,,,,,,,0,0.0
D. Jacović,Wil,St. Gallen,LCMF,25,150000,2027-06-30,1,18,0,0.0,0,0.0,,,Switzerland,"Switzerland, Serbia",right,187,76,no,,,,,,,0.0,,,0.0,,0,,0,,,,0,,,0,,0,,,0.0,,,,,,,,,,,,,,,,,,,,,,,,,,,,,,,22.14,38.1,,,,,,,,,,,,,,,,,,0,,0,,0,0.0,0.0,,,,,,,,,,,0,0.0
L. Münst,Viktoria Köln,St. Gallen,"AMF, DMF, RCMF",24,150000,2027-06-30,8,396,0,0.19,0,0.47,19.77,45.98,Germany,Germany,right,183,76,no,8.18,6.36,53.57,2.73,50.0,0.23,0.34,0.0,4.55,6.82,1.36,1,0.23,0,0.0,1.36,0.0,0,0.0,0.04,0,0.0,2,0.45,0.0,0.0,0.0,0.23,0.0,0.23,0.0,0.0,0.0,0.0,3.18,35.71,7.05,48.39,1.36,1.36,0.45,19.09,0.0,1.59,34.32,76.16,14.09,66.13,3.64,93.75,9.55,83.33,31.14,78.83,2.95,53.85,14.81,20.61,0.11,1.36,0.0,0.0,1.14,20.0,0.0,5.0,63.64,1.82,62.5,0.91,25.0,0.91,0.0,5.45,62.5,0,,0,,0,0.0,0.0,0.0,,,0.45,,,0.23,0.0,0.0,2.27,0,0.0
R. Nyakossi,OH Leuven,Servette,"RCB, DMF, RCMF",22,100000,2027-06-30,5,157,0,0.35,1,0.0,18.92,69.7,Switzerland,"Switzerland, Togo",right,194,94,no,10.89,12.04,71.43,5.16,77.78,0.0,0.0,0.57,2.29,3.43,0.57,0,0.0,0,0.0,0.0,0.0,0,0.0,0.2,0,0.0,1,0.57,0.0,0.0,0.57,0.0,0.0,0.0,0.0,0.0,0.0,0.0,0.57,0.0,1.15,50.0,0.57,0.0,0.0,29.81,0.57,0.57,37.83,95.45,9.75,88.24,6.31,100.0,17.77,96.77,36.69,96.88,1.15,50.0,19.26,6.64,0.0,0.0,0.0,0.0,0.57,0.0,0.0,1.72,33.33,0.0,0.0,0.0,0.0,0.0,0.0,2.87,100.0,0,,0,,0,0.0,0.0,0.0,,,2.29,,,0.0,0.0,0.0,0.0,0,0.0
M. Lang,,Basel,RB,35,100000,,26,1180,4,2.43,1,1.66,15.03,52.28,Switzerland,Switzerland,right,185,79,no,7.93,5.95,55.13,2.67,57.14,0.08,0.12,0.15,4.58,7.14,1.3,4,0.31,0,0.0,1.91,0.31,4,0.31,0.19,3,0.23,10,0.76,80.0,40.0,0.08,2.44,18.75,0.0,0.0,2.44,18.75,0.69,1.22,56.25,2.59,52.94,1.75,0.53,0.15,30.36,2.36,0.92,40.81,80.56,15.56,72.55,6.25,96.34,12.97,81.76,35.08,86.52,3.51,58.7,19.67,26.33,0.13,0.53,0.08,0.0,0.23,66.67,0.31,3.81,78.0,1.75,34.78,0.31,75.0,0.31,0.76,9.0,72.03,0,,0,,0,0.0,0.0,0.0,,,1.45,,,0.0,0.0,0.0,0.0,0,0.0
R. Rodelin,,Servette,"CF, LW",36,100000,,33,1780,4,4.79,4,2.19,18.91,48.4,Réunion,"Réunion, France",right,193,82,no,4.75,3.84,61.84,4.6,67.03,0.2,0.26,0.2,2.17,2.82,0.71,3,0.15,0,0.0,2.63,0.2,4,0.2,0.24,0,0.0,44,2.22,29.55,9.091,0.2,1.11,45.45,0.76,53.33,0.3,33.33,0.2,2.83,44.64,7.33,32.41,3.08,0.81,0.3,26.24,3.29,0.71,35.14,80.29,7.18,66.2,7.74,90.85,13.4,84.15,30.74,82.57,3.34,69.7,19.07,37.31,0.11,1.06,0.0,0.0,0.51,40.0,0.71,4.96,72.45,2.33,54.35,0.56,36.36,1.11,0.56,5.56,85.45,0,,0,,0,0.0,0.0,0.0,,,0.1,,,0.0,0.0,0.0,0.0,1,0.0
F. Frei,,Basel,"RCB, LDMF",37,100000,,34,2931,3,3.78,1,2.11,13.23,53.36,Switzerland,Switzerland,right,183,80,no,9.12,6.6,64.19,2.43,45.57,0.58,0.9,0.4,4.3,6.65,0.86,9,0.28,0,0.0,0.89,0.09,2,0.06,0.12,0,0.0,23,0.71,34.78,13.043,0.03,0.55,22.22,0.15,0.0,0.37,33.33,0.06,0.49,62.5,1.54,38.0,0.98,0.89,0.25,38.41,0.64,0.25,53.55,86.53,19.99,77.11,4.91,94.38,23.12,93.89,44.59,91.87,8.41,62.41,21.78,39.24,0.06,0.49,0.06,0.03,0.49,43.75,0.18,9.86,76.32,1.75,50.88,0.86,35.71,0.95,0.15,10.66,78.67,0,,0,,0,0.0,0.0,0.0,,,2.09,,,0.18,0.0,0.0,0.18,2,50.0
T. Xhaka,,Basel,"LDMF, RDMF, DMF",35,100000,,25,1804,1,0.36,0,0.12,18.61,54.42,Switzerland,"Switzerland, Albania",right,172,72,no,10.73,8.28,62.65,2.84,42.11,0.9,1.37,0.15,4.64,7.1,1.7,9,0.45,0,0.0,0.85,0.05,1,0.05,0.02,0,0.0,4,0.2,25.0,25.0,0.0,0.3,50.0,0.15,66.67,0.15,33.33,0.05,0.85,64.71,4.29,47.67,0.2,0.65,0.35,30.23,0.15,1.6,45.05,91.03,14.42,79.93,5.59,95.54,16.61,97.0,41.76,93.07,3.04,67.21,16.5,29.16,0.01,0.3,0.0,0.0,0.1,100.0,0.0,7.63,87.58,0.85,58.82,0.2,100.0,0.35,0.1,5.74,80.0,0,,0,,0,0.0,0.0,0.0,,,0.75,,,0.1,0.0,0.0,0.0,0,0.0
L. Srdic,Seefeld,Lugano,"RCB, RB",24,100000,,1,7,0,0.0,0,0.0,,,Switzerland,"Switzerland, Bosnia and Herzegovina",right,185,82,no,,,,,,,0.0,,,0.0,,0,,0,,,,0,,,0,,0,,,0.0,,,,,,,,,,,,,,,,,,,,,,,,,,,,,,,17.88,0.0,,,,,,,,,,,,,,,,,,0,,0,,0,0.0,0.0,,,,,,,,,,,0,0.0
M. Kapo,,Lausanne Sport,RCMF,25,100000,,1,12,0,0.0,0,0.0,,,France,"France, Côte d'Ivoire",right,192,75,no,,,,,,,0.0,,,15.0,,0,,0,,,,0,,,0,,0,,,0.0,,,,,,,,,,,,,,,,,,,,,,,,,,,,,,,30.62,56.06,,,,,,,,,,,,,,,,,,0,,0,,0,0.0,0.0,,,,,,,,,,,0,0.0
S. Grippo,,Lausanne Sport,"CB, LCB, RCB",37,100000,,19,1774,0,1.19,0,0.01,10.6,66.03,Italy,"Italy, Switzerland",right,189,80,no,8.83,3.86,67.11,4.11,66.67,0.25,0.3,1.07,5.99,7.01,0.61,4,0.2,0,0.0,0.36,0.0,0,0.0,0.06,0,0.0,8,0.41,12.5,0.0,0.0,0.1,50.0,0.0,0.0,0.1,50.0,0.05,0.25,100.0,0.71,85.71,0.61,0.25,0.1,27.75,0.3,0.51,39.42,89.19,15.42,78.62,2.23,97.73,18.37,96.41,34.55,93.1,4.77,61.7,21.48,40.38,0.0,0.05,0.05,0.0,0.05,0.0,0.0,2.89,49.12,0.46,11.11,0.46,0.0,0.1,0.05,6.24,69.11,0,,0,,0,0.0,0.0,0.0,,,1.67,,,0.0,0.0,0.0,0.0,0,0.0
S. Kukuruzović,,Lausanne Sport,"LCMF, DMF, RCMF",37,100000,,33,2900,8,5.93,3,3.81,15.05,43.3,Switzerland,"Switzerland, Croatia",left,180,75,no,6.83,5.31,59.65,1.4,40.0,0.06,0.07,0.16,3.6,4.26,0.47,3,0.09,0,0.0,1.96,0.25,2,0.06,0.18,0,0.0,51,1.58,27.45,15.686,0.09,0.56,33.33,0.34,45.45,0.22,14.29,0.0,1.99,54.69,6.02,35.05,0.56,1.12,0.4,28.77,0.34,0.65,41.24,84.27,13.75,67.95,5.62,97.24,15.27,92.07,36.37,88.48,4.34,55.0,19.46,40.12,0.12,1.24,0.03,0.03,0.65,38.1,0.22,6.67,66.05,1.99,42.19,1.43,17.39,0.62,0.19,6.86,73.76,0,,0,,0,0.0,0.0,0.0,,,0.43,,,1.58,0.28,22.22,2.17,6,100.0
S. Osigwe,Bellinzona,Lugano,GK,32,100000,2026-06-30,9,782,0,0.0,0,0.0,0.58,100.0,Switzerland,"Switzerland, Nigeria",right,187,80,no,1.15,0.0,0.0,0.46,100.0,0.0,0.0,0.0,1.15,1.33,0.0,1,0.12,0,0.0,0.0,0.0,0,0.0,0.0,0,0.0,0,0.0,0.0,0.0,0.0,0.0,0.0,0.0,0.0,0.0,0.0,0.0,0.0,0.0,0.0,0.0,0.0,0.0,0.0,11.28,0.0,0.12,17.95,90.38,7.83,80.88,0.0,0.0,9.55,97.59,12.2,99.06,5.75,72.0,27.61,39.88,0.0,0.0,0.0,0.0,0.0,0.0,0.0,0.58,100.0,0.0,0.0,0.0,0.0,0.0,0.0,4.37,71.05,12,1.38,40,4.6,1,70.0,15.47,1.78,3.47,0.399,0.0,1.5,0.46,,,,0.0,0,0.0
M. Hornschuh,Freiburg II,Zürich,"DMF, CB, RCMF",35,100000,2026-06-30,24,609,0,0.29,0,0.0,18.03,64.75,Germany,Germany,right,188,80,no,11.82,8.87,68.33,4.88,63.64,0.0,0.0,0.44,5.76,6.84,0.89,0,0.0,0,0.0,0.44,0.0,0,0.0,0.04,0,0.0,3,0.44,33.33,0.0,0.0,0.0,0.0,0.0,0.0,0.0,0.0,0.0,0.3,100.0,1.48,60.0,0.74,0.0,0.3,13.74,0.0,0.3,27.49,82.8,9.61,75.38,3.1,85.71,11.23,94.74,24.98,85.21,2.51,58.82,16.62,13.18,0.0,0.0,0.0,0.0,0.0,0.0,0.0,2.66,66.67,0.59,75.0,0.15,0.0,0.3,0.0,4.14,64.29,0,,0,,0,0.0,0.0,0.0,,,0.44,,,0.0,0.0,0.0,0.0,0,0.0
Z. Kostadinović,Echallens,Zürich,GK,34,100000,2026-06-30,2,192,0,0.0,0,0.0,0.0,0.0,Bosnia and Herzegovina,"Bosnia and Herzegovina, Switzerland",right,196,86,no,1.41,0.0,0.0,0.0,0.0,0.0,0.0,0.0,1.41,1.8,0.0,0,0.0,0,0.0,0.0,0.0,0,0.0,0.0,0,0.0,0,0.0,0.0,0.0,0.0,0.0,0.0,0.0,0.0,0.0,0.0,0.0,0.0,0.0,0.0,0.0,0.0,0.0,0.0,8.44,0.0,0.0,14.53,90.32,6.56,78.57,0.0,0.0,7.97,100.0,9.84,100.0,4.69,70.0,31.4,45.88,0.0,0.0,0.47,0.0,0.0,0.0,0.0,1.41,33.33,0.0,0.0,0.47,0.0,0.0,0.0,2.81,100.0,4,1.88,10,4.69,0,60.0,4.52,2.12,0.52,0.244,0.0,0.94,0.0,,,,0.0,0,0.0
M. Bauer,,Servette,"RB, LB",34,100000,,15,752,0,0.01,0,0.53,12.69,49.06,Switzerland,"Switzerland, Austria",right,181,73,no,5.74,4.91,56.1,1.91,56.25,0.24,0.29,0.24,2.75,3.38,0.84,1,0.12,0,0.0,1.8,0.0,0,0.0,0.0,0,0.0,1,0.12,0.0,0.0,0.0,3.47,37.93,0.6,60.0,2.87,33.33,0.48,1.91,25.0,3.23,40.74,0.24,1.32,0.48,22.02,1.32,0.96,30.76,72.37,13.52,68.14,4.55,94.74,8.62,66.67,23.58,81.22,4.19,42.86,19.28,28.76,0.06,0.6,0.0,0.0,0.12,0.0,0.48,3.59,50.0,3.59,50.0,0.24,0.0,0.72,1.32,8.26,69.57,0,,0,,0,0.0,0.0,0.0,,,1.2,,,0.0,0.0,0.0,0.0,0,0.0
M. Nuhu,,St. Gallen,RCB,29,100000,,9,747,0,0.26,0,0.0,18.55,59.74,Ghana,Ghana,right,195,85,no,12.05,6.87,66.67,5.54,65.22,0.24,0.34,0.6,7.23,10.17,0.96,3,0.36,0,0.0,0.84,0.0,0,0.0,0.03,0,0.0,4,0.48,0.0,0.0,0.0,0.0,0.0,0.0,0.0,0.0,0.0,0.0,0.84,100.0,2.77,39.13,0.72,0.48,0.0,13.37,0.12,0.36,32.05,85.71,13.98,79.31,3.73,93.55,11.33,92.55,28.07,90.13,3.98,54.55,20.61,38.41,0.0,0.0,0.0,0.0,0.0,0.0,0.0,4.1,70.59,0.48,0.0,0.24,0.0,0.0,0.0,6.02,72.0,0,,0,,0,0.0,0.0,0.0,,,3.01,,,0.0,0.0,0.0,0.0,0,0.0
J. Sabbatini,Taverne,Lugano,"DMF, RCMF, LCMF",38,100000,2027-06-30,35,3227,4,2.46,2,1.43,20.14,54.02,Uruguay,"Uruguay, Italy",right,175,72,no,11.66,8.51,63.61,3.18,50.0,0.92,1.15,0.31,5.33,6.66,1.51,8,0.22,0,0.0,1.2,0.11,4,0.11,0.07,0,0.0,34,0.95,26.47,11.765,0.06,0.67,20.83,0.2,14.29,0.47,23.53,0.08,0.95,61.76,4.18,46.0,0.89,0.95,0.42,27.64,0.5,1.0,42.34,83.14,13.64,70.35,7.08,92.52,14.98,89.94,37.79,86.72,3.96,57.75,17.95,35.88,0.04,0.42,0.11,0.0,0.67,33.33,0.2,6.11,67.12,1.98,47.89,1.37,22.45,0.73,0.2,6.3,69.91,0,,0,,0,0.0,0.0,0.0,,,0.73,,,0.03,0.0,0.0,0.03,0,0.0
G. Karlen,,Sion,CF,33,100000,,21,573,2,3.45,0,0.55,21.36,33.09,Switzerland,Switzerland,right,186,79,no,4.08,4.24,51.85,2.51,43.75,0.31,0.46,0.0,1.57,2.31,1.57,2,0.31,0,0.0,2.36,0.31,2,0.31,0.54,0,0.0,14,2.2,28.57,14.286,0.0,1.73,45.45,0.63,50.0,1.1,42.86,0.0,2.2,28.57,7.54,25.0,4.4,0.79,0.16,12.57,1.73,1.73,19.48,66.13,4.4,42.86,2.98,94.74,5.81,70.27,17.12,66.97,0.79,80.0,17.18,8.21,0.09,0.79,0.0,0.0,0.94,33.33,0.0,2.67,41.18,1.88,50.0,0.94,33.33,1.1,0.79,2.36,73.33,0,,0,,0,0.0,0.0,0.0,,,0.16,,,0.0,0.0,0.0,0.0,0,0.0
S. Campo,,Luzern,"AMF, RW",30,100000,,23,1595,1,2.8,4,4.0,18.79,41.14,Switzerland,"Switzerland, Italy",left,177,70,no,6.09,6.71,56.3,1.92,26.47,0.06,0.07,0.0,2.26,2.96,0.51,2,0.11,0,0.0,2.03,0.06,1,0.06,0.16,0,0.0,33,1.86,27.27,3.03,0.23,1.92,38.24,1.07,36.84,0.85,40.0,0.06,1.58,35.71,6.83,30.58,1.58,1.24,0.79,32.45,1.18,1.24,44.01,82.44,11.06,72.45,9.31,93.94,15.46,83.58,37.92,87.8,4.34,54.55,17.97,32.29,0.23,2.37,0.0,0.06,0.68,33.33,0.68,6.32,68.75,3.5,50.0,1.24,36.36,1.02,0.68,7.45,77.27,0,,0,,0,0.0,0.0,0.0,,,0.06,,,1.52,0.39,14.29,2.31,1,0.0
R. Ziegler,,Lugano,"LCB, LB",40,100000,,33,3080,4,3.53,1,2.94,11.86,59.36,Switzerland,Switzerland,left,183,80,no,7.45,5.29,63.54,3.24,54.05,0.2,0.26,0.47,3.89,4.95,0.73,4,0.12,0,0.0,0.99,0.12,2,0.06,0.1,1,0.03,18,0.53,44.44,22.222,0.03,1.08,45.95,1.05,44.44,0.03,100.0,0.03,0.32,63.64,0.94,43.75,0.29,0.88,0.5,33.95,1.46,0.41,47.86,86.26,23.06,78.96,2.72,92.47,17.3,94.26,38.13,92.87,8.68,61.95,21.74,39.62,0.09,0.94,0.03,0.06,0.09,66.67,0.09,8.24,72.34,1.72,55.93,0.79,37.04,0.38,0.53,11.69,78.25,0,,0,,0,0.0,0.0,0.0,,,0.94,,,0.91,0.18,0.0,1.81,3,66.667
F. Daprelà,,Lugano,"CB, RCB, LCB",35,100000,,29,2681,0,1.29,0,0.02,14.54,62.12,Switzerland,"Switzerland, Italy",left,183,76,no,9.13,5.91,66.48,3.63,59.26,0.13,0.17,0.54,5.07,6.23,1.11,9,0.3,0,0.0,0.5,0.0,0,0.0,0.04,0,0.0,9,0.3,66.67,0.0,0.0,0.0,0.0,0.0,0.0,0.0,0.0,0.0,0.37,81.82,1.78,56.6,0.4,0.2,0.03,25.21,0.47,1.07,38.2,89.37,14.33,78.69,2.28,100.0,17.79,96.98,33.5,93.69,4.7,58.57,20.73,36.9,0.0,0.07,0.07,0.0,0.0,0.0,0.0,2.72,61.73,0.23,14.29,0.17,0.0,0.03,0.0,5.47,63.8,0,,0,,0,0.0,0.0,0.0,,,1.31,,,0.0,0.0,0.0,0.0,0,0.0
P. Schürpf,,Luzern,"CF, LW, LAMF",36,100000,,13,532,2,1.22,0,0.46,28.08,43.98,Switzerland,Switzerland,right,190,86,no,8.12,5.58,69.7,7.95,38.3,0.85,1.15,0.0,3.38,4.62,1.52,3,0.51,0,0.0,2.71,0.34,2,0.34,0.21,1,0.17,13,2.2,38.46,15.385,0.0,4.91,10.34,4.91,10.34,0.0,0.0,0.51,2.03,66.67,8.12,41.67,5.92,1.02,1.02,25.71,2.71,1.35,37.22,57.73,11.84,65.71,4.74,85.71,12.01,45.07,28.76,68.82,4.06,29.17,18.9,27.95,0.08,0.85,0.0,0.0,0.51,0.0,0.51,5.92,62.86,3.89,21.74,0.68,0.0,1.86,0.68,7.95,72.34,0,,0,,0,0.0,0.0,0.0,,,0.0,,,0.0,0.0,0.0,0.34,0,0.0
V. Vasić,Luzern,Luzern,GK,36,100000,2026-06-30,10,956,0,0.0,0,0.0,0.56,100.0,Switzerland,"Switzerland, Serbia",right,186,75,no,2.45,0.19,100.0,0.28,100.0,0.09,0.12,0.0,2.17,2.78,0.0,0,0.0,0,0.0,0.0,0.0,0,0.0,0.0,0,0.0,0,0.0,0.0,0.0,0.0,0.0,0.0,0.0,0.0,0.0,0.0,0.0,0.0,0.0,0.09,100.0,0.0,0.09,0.0,24.29,0.28,0.19,36.72,86.92,18.45,76.53,0.09,100.0,16.85,98.88,27.11,98.26,9.6,54.9,30.07,47.56,0.0,0.0,0.0,0.0,0.0,0.0,0.0,3.01,31.25,0.19,0.0,0.09,0.0,0.0,0.0,5.84,75.81,17,1.6,59,5.55,1,71.19,20.78,1.96,3.78,0.356,0.09,1.32,0.28,,,,0.0,0,0.0
D. Simani,Vaduz,Luzern,LCB,34,100000,2027-06-30,16,1524,0,1.34,0,0.0,14.29,68.6,Switzerland,"Switzerland, Albania",left,187,84,no,9.69,5.37,67.03,4.13,71.43,0.18,0.25,0.89,5.91,8.5,0.65,5,0.3,0,0.0,0.53,0.0,0,0.0,0.08,0,0.0,7,0.41,42.86,0.0,0.0,0.0,0.0,0.0,0.0,0.0,0.0,0.0,0.53,66.67,1.77,66.67,0.65,0.35,0.06,24.09,0.18,0.71,39.8,90.95,16.48,87.1,1.71,93.1,18.25,96.12,37.38,92.58,2.42,65.85,20.4,29.6,0.0,0.0,0.0,0.0,0.0,0.0,0.0,2.36,67.5,0.18,33.33,0.18,33.33,0.12,0.0,6.85,70.69,0,,0,,0,0.0,0.0,0.0,,,1.18,,,0.0,0.0,0.0,0.0,0,0.0
L. Benito,Young Boys,Sion,"LCB, LB",34,100000,2027-06-30,13,1063,0,0.03,0,0.31,14.14,56.29,Switzerland,"Switzerland, Spain",left,186,89,no,9.99,5.93,65.71,2.29,55.56,0.34,0.41,0.68,5.76,6.89,1.19,4,0.34,0,0.0,1.27,0.0,0,0.0,0.0,0,0.0,1,0.08,100.0,0.0,0.0,1.35,31.25,1.35,31.25,0.0,0.0,0.17,1.1,69.23,2.37,42.86,0.25,1.52,0.59,35.22,1.27,0.25,48.01,81.66,23.37,74.28,4.74,100.0,11.94,87.94,41.23,88.5,5.5,41.54,17.93,35.78,0.03,0.25,0.0,0.0,0.0,0.0,0.08,6.52,58.44,1.19,21.43,0.17,0.0,0.0,0.25,9.65,64.04,0,,0,,0,0.0,0.0,0.0,,,1.1,,,0.17,0.08,100.0,0.08,0,0.0
M. Spielmann,Baden,Lausanne Sport,"LW, CF, RWF",30,100000,,16,630,0,1.8,0,0.13,20.57,31.94,Switzerland,"Switzerland, Congo DR",right,181,75,no,4.0,6.14,44.19,1.43,10.0,0.0,0.0,0.0,1.29,1.67,1.29,2,0.29,0,0.0,4.14,0.0,0,0.0,0.26,0,0.0,32,4.57,34.38,0.0,0.0,1.71,33.33,0.57,25.0,1.14,37.5,0.14,4.86,41.18,9.57,34.33,2.86,1.14,0.57,19.0,0.86,0.86,24.0,69.05,4.57,43.75,6.71,82.98,9.14,75.0,21.0,72.79,1.29,55.56,17.42,14.9,0.02,0.57,0.0,0.14,0.43,0.0,0.0,1.86,46.15,2.57,33.33,0.86,16.67,0.71,0.57,3.14,50.0,0,,0,,0,0.0,0.0,0.0,,,0.0,,,0.71,0.43,33.33,1.71,0,0.0
A. Sauthier,Yverdon Sport,Servette,RB,35,100000,,12,823,1,0.07,0,0.11,17.17,49.68,Switzerland,Switzerland,right,185,75,no,11.7,8.64,50.63,2.41,63.64,0.77,1.06,0.22,6.56,9.09,1.2,4,0.44,0,0.0,0.87,0.11,1,0.11,0.01,0,0.0,4,0.44,25.0,25.0,0.0,0.98,33.33,0.0,0.0,0.98,33.33,0.11,0.87,50.0,2.73,40.0,0.44,0.55,0.0,40.35,2.3,0.98,53.26,86.04,19.57,73.74,7.76,98.59,16.4,90.67,44.95,91.24,7.44,60.29,18.57,33.74,0.01,0.44,0.0,0.0,0.44,0.0,0.22,7.22,69.7,1.75,31.25,1.31,25.0,0.55,0.33,8.31,77.63,0,,0,,0,0.0,0.0,0.0,,,0.55,,,0.11,0.0,0.0,0.0,0,0.0
M. Tosetti,Locarno,Sion,"RW, RAMF",34,100000,,18,815,0,0.46,0,1.56,21.09,42.93,Switzerland,Switzerland,right,176,64,no,6.4,7.18,58.46,4.09,45.95,0.33,0.42,0.11,1.88,2.37,0.99,0,0.0,0,0.0,2.54,0.0,0,0.0,0.05,0,0.0,11,1.21,27.27,0.0,0.0,4.2,28.95,0.44,25.0,3.75,29.41,0.55,1.99,33.33,7.07,29.69,1.99,1.21,0.77,18.55,2.43,1.88,25.18,67.11,6.74,63.93,5.41,93.88,8.61,55.13,18.44,79.64,2.65,37.5,17.86,21.69,0.17,1.66,0.0,0.0,0.33,100.0,0.77,2.98,48.15,4.2,42.11,0.66,33.33,0.88,1.21,5.52,72.0,0,,0,,0,0.0,0.0,0.0,,,0.22,,,0.55,0.0,0.0,2.32,0,0.0
L. Zuffi,Winterthur,Sion,"DMF, RCMF, LCMF",36,100000,2027-06-30,29,2355,1,0.69,2,1.63,10.89,52.63,Switzerland,Switzerland,left,182,76,no,7.53,4.7,69.11,1.18,45.16,0.34,0.42,0.34,3.94,4.75,0.61,0,0.0,0,0.0,0.99,0.04,1,0.04,0.03,0,0.0,14,0.54,21.43,7.143,0.08,0.23,33.33,0.11,0.0,0.11,66.67,0.04,1.11,58.62,2.87,38.67,0.5,0.5,0.19,21.21,0.34,0.5,33.52,87.23,11.43,75.92,5.58,96.58,10.36,91.14,30.08,90.98,3.21,55.95,16.8,33.53,0.06,0.65,0.04,0.04,0.23,66.67,0.19,4.97,73.08,0.99,65.38,0.65,29.41,0.42,0.08,5.01,81.68,0,,0,,0,0.0,0.0,0.0,,,0.31,,,0.5,0.04,0.0,0.46,0,0.0
L. Zbinden,Bulle,Young Boys,GK,23,75000,2026-06-30,2,191,0,0.0,0,0.0,0.94,100.0,Switzerland,"Switzerland, Brazil",right,188,83,no,0.0,0.0,0.0,0.94,100.0,0.0,0.0,0.0,0.0,0.0,0.0,0,0.0,0,0.0,0.0,0.0,0,0.0,0.0,0,0.0,0,0.0,0.0,0.0,0.0,0.0,0.0,0.0,0.0,0.0,0.0,0.0,0.0,0.0,0.0,0.0,0.0,0.0,0.0,18.85,0.94,0.47,24.97,84.91,12.72,74.07,0.0,0.0,9.9,100.0,16.02,88.24,8.95,78.95,31.67,44.88,0.0,0.0,0.0,0.0,0.0,0.0,0.0,0.47,0.0,0.0,0.0,0.0,0.0,0.0,0.0,6.6,78.57,1,0.47,1,0.47,1,0.0,0.45,0.21,-0.55,-0.259,0.0,3.77,0.94,,,,0.0,0,0.0
L. Koné,,Lausanne Sport,"RCB, LCB",37,50000,,7,674,0,0.34,0,0.11,11.75,64.77,France,"France, Côte d'Ivoire",right,188,90,no,8.95,3.07,82.61,3.34,68.0,0.27,0.3,0.53,6.14,6.93,0.27,1,0.13,0,0.0,0.13,0.0,0,0.0,0.05,0,0.0,3,0.4,0.0,0.0,0.0,0.0,0.0,0.0,0.0,0.0,0.0,0.0,0.27,50.0,2.54,42.11,0.4,0.8,0.93,26.17,0.13,1.2,40.46,84.82,15.22,74.56,3.2,91.67,17.23,95.35,34.85,90.42,5.61,50.0,20.95,35.37,0.01,0.13,0.0,0.0,0.0,0.0,0.13,3.47,76.92,0.13,0.0,0.27,50.0,0.13,0.0,8.95,59.7,0,,0,,0,0.0,0.0,0.0,,,2.27,,,0.0,0.0,0.0,0.0,0,0.0
I. Martić,,Sion,"LB, RCMF",35,50000,,2,81,0,0.18,0,0.0,13.33,50.0,Switzerland,"Switzerland, Croatia",right,183,73,no,4.44,2.22,50.0,4.44,0.0,1.11,1.76,0.0,2.22,3.53,1.11,0,0.0,0,0.0,0.0,0.0,0,0.0,0.2,0,0.0,3,3.33,0.0,0.0,0.0,2.22,0.0,1.11,0.0,1.11,0.0,0.0,0.0,0.0,0.0,0.0,0.0,1.11,0.0,23.33,5.56,0.0,31.11,78.57,11.11,80.0,8.89,87.5,7.78,57.14,25.56,82.61,4.44,75.0,17.68,51.08,0.0,0.0,0.0,0.0,0.0,0.0,0.0,4.44,100.0,2.22,50.0,0.0,0.0,1.11,0.0,4.44,75.0,0,,0,,0,0.0,0.0,0.0,,,0.0,,,0.0,0.0,0.0,0.0,0,0.0
D. Iapichino,Paradiso,Sion,LB,35,50000,,1,23,0,0.0,0,0.0,,,Switzerland,"Switzerland, Italy",left,182,72,no,,,,,,,0.0,,,0.0,,0,,0,,,,0,,,0,,0,,,0.0,,,,,,,,,,,,,,,,,,,,,,,,,,,,,,,25.92,47.63,,,,,,,,,,,,,,,,,,0,,0,,0,0.0,0.0,,,,,,,,,,,0,0.0
E. Lenjani,FC Schaffhausen,Grasshopper,"LWB, LB",36,50000,2027-06-30,29,1779,0,2.02,8,6.11,15.03,47.81,Kosovo,"Kosovo, Albania",left,175,68,no,5.56,4.1,54.32,2.88,47.37,0.15,0.22,0.2,3.19,4.52,1.16,4,0.2,0,0.0,4.2,0.0,0,0.0,0.1,0,0.0,20,1.01,15.0,0.0,0.4,5.26,29.81,5.11,29.7,0.1,0.0,0.86,3.29,67.69,6.42,50.39,2.02,1.87,1.21,22.36,2.53,0.76,32.18,66.51,11.74,58.19,6.42,94.49,9.56,61.9,22.26,78.86,5.06,47.0,22.78,35.5,0.31,1.62,0.0,0.0,0.3,83.33,1.01,4.81,58.95,4.2,32.53,0.56,36.36,0.51,1.67,7.54,71.14,0,,0,,0,0.0,0.0,0.0,,,0.35,,,0.3,0.1,0.0,1.67,0,0.0
S. Guidotti,Paradiso,Lugano,"LCMF, LW",27,25000,2026-06-30,12,405,0,0.12,0,0.08,26.22,43.22,Switzerland,Switzerland,left,185,75,no,14.22,11.78,54.72,3.33,60.0,1.78,2.11,0.67,6.0,7.11,3.11,0,0.0,0,0.0,0.44,0.0,0,0.0,0.03,0,0.0,2,0.44,0.0,0.0,0.0,0.44,0.0,0.44,0.0,0.0,0.0,0.22,1.78,25.0,6.44,24.14,0.67,0.44,0.44,23.78,1.11,0.44,36.22,79.14,12.0,64.81,7.78,97.14,10.0,82.22,32.89,83.78,2.89,38.46,16.77,20.62,0.02,0.67,0.22,0.0,0.22,0.0,0.0,4.67,66.67,0.89,50.0,0.67,33.33,0.67,0.0,6.22,60.71,0,,0,,0,0.0,0.0,0.0,,,0.44,,,0.0,0.0,0.0,0.0,0,0.0
M. Cinquini,,Lugano,LB,36,25000,,1,23,0,0.0,0,0.0,,,Italy,Italy,right,184,0,no,,,,,,,0.0,,,8.57,,0,,0,,,,0,,,0,,0,,,0.0,,,,,,,,,,,,,,,,,,,,,,,,,,,,,,,20.15,43.6,,,,,,,,,,,,,,,,,,0,,0,,0,0.0,0.0,,,,,,,,,,,0,0.0
André Santos,Varzim,Grasshopper,"DMF, RCMF",37,25000,2026-06-30,8,112,0,0.01,0,0.4,18.48,52.17,Portugal,Portugal,right,181,78,no,10.45,10.45,61.54,0.8,100.0,0.0,0.0,0.0,4.02,7.5,2.41,0,0.0,1,0.8,3.21,0.0,0,0.0,0.0,0,0.0,1,0.8,0.0,0.0,0.0,0.0,0.0,0.0,0.0,0.0,0.0,0.0,4.02,60.0,5.63,42.86,0.0,0.0,1.61,36.96,0.0,2.41,53.04,92.42,15.27,89.47,7.23,100.0,20.09,96.0,47.41,94.92,5.63,71.43,18.41,15.14,0.32,1.61,0.0,0.8,0.8,100.0,1.61,7.23,88.89,3.21,100.0,2.41,66.67,2.41,0.0,12.05,73.33,0,,0,,0,0.0,0.0,0.0,,,0.0,,,0.0,0.0,0.0,0.0,0,0.0
N. Zoukit,Thun,Lausanne Sport,"RCMF, LCMF, RDMF",25,0,2029-06-30,3,92,0,0.0,0,0.02,27.39,50.0,Switzerland,"Switzerland, Morocco",,188,0,no,13.7,12.72,53.85,0.98,100.0,2.93,4.09,0.0,3.91,5.45,5.87,1,0.98,0,0.0,0.98,0.0,0,0.0,0.0,0,0.0,0,0.0,0.0,0.0,0.0,0.0,0.0,0.0,0.0,0.0,0.0,0.0,2.93,33.33,6.85,28.57,0.0,0.0,0.0,30.33,0.0,0.0,45.0,82.61,9.78,60.0,15.65,100.0,11.74,83.33,40.11,87.8,4.89,40.0,18.79,16.73,0.02,1.96,0.0,0.0,0.0,0.0,0.98,2.93,33.33,1.96,100.0,1.96,0.0,0.98,0.0,6.85,71.43,0,,0,,0,0.0,0.0,0.0,,,0.0,,,0.0,0.0,0.0,0.0,0,0.0
Joel Monteiro,Young Boys,Young Boys,CF,26,0,2027-06-30,9,276,1,0.35,0,0.44,38.15,41.03,Switzerland,"Switzerland, Portugal",right,191,81,no,8.15,7.5,69.57,7.83,33.33,0.0,0.0,0.65,2.93,4.03,0.98,0,0.0,0,0.0,4.89,0.33,1,0.33,0.11,0,0.0,3,0.98,100.0,33.333,0.0,0.0,0.0,0.0,0.0,0.0,0.0,0.0,6.2,57.89,15.33,42.55,1.96,2.61,1.63,9.46,1.63,1.96,15.98,75.51,4.57,64.29,3.91,75.0,4.57,85.71,14.67,75.56,1.3,75.0,19.72,15.71,0.14,0.65,0.0,0.0,1.3,25.0,0.65,2.93,77.78,1.3,25.0,1.3,0.0,0.65,0.0,4.24,76.92,0,,0,,0,0.0,0.0,0.0,,,0.0,,,0.0,0.0,0.0,0.0,0,0.0
L. Chipperfield,Sion,Basel,"RAMF, RW",22,0,2027-06-30,5,138,1,0.6,0,0.01,22.17,26.47,Switzerland,"Switzerland, Australia",left,178,74,no,5.87,6.52,30.0,1.3,0.0,0.0,0.0,0.0,3.91,6.67,0.0,0,0.0,0,0.0,1.3,0.65,1,0.65,0.39,0,0.0,2,1.3,100.0,50.0,0.0,4.57,0.0,0.0,0.0,4.57,0.0,1.3,3.26,0.0,10.43,18.75,1.96,1.3,0.0,20.22,0.0,1.3,30.0,69.57,3.91,50.0,7.83,91.67,13.04,55.0,22.17,91.18,3.26,20.0,14.88,11.74,0.0,0.65,0.0,0.0,0.0,0.0,0.0,2.61,75.0,3.91,0.0,0.65,0.0,0.0,1.3,3.91,50.0,0,,0,,0,0.0,0.0,0.0,,,0.0,,,0.0,0.0,0.0,0.65,0,0.0
Y. Touré,Osijek,Young Boys,CF,25,0,2028-06-30,1,17,0,0.29,0,0.0,,,Senegal,"Senegal, Switzerland",right,184,78,no,,,,,,,0.0,,,0.0,,0,,0,,,,0,,,0,,1,,,0.0,,,,,,,,,,,,,,,,,,,,,,,,,,,,,,,14.84,0.0,,,,,,,,,,,,,,,,,,0,,0,,0,0.0,0.0,,,,,,,,,,,0,0.0
G. Clichy,,Servette,LB,40,0,,29,2730,1,0.25,0,2.46,13.75,59.71,France,"France, Martinique",left,176,0,no,9.23,6.23,65.61,1.95,50.85,0.07,0.08,0.1,5.08,6.33,0.69,6,0.2,1,0.03,3.23,0.03,1,0.03,0.01,0,0.0,17,0.56,11.76,5.882,0.0,3.73,38.05,3.73,38.05,0.0,0.0,0.49,2.04,72.58,3.59,60.55,0.1,2.64,1.45,44.7,2.77,0.59,60.86,75.51,32.93,71.37,3.86,91.45,17.14,79.62,44.47,85.77,12.79,50.26,22.41,37.83,0.08,0.82,0.03,0.03,0.76,34.78,0.46,14.6,62.98,6.03,46.99,2.37,26.39,1.09,1.55,19.75,79.13,0,,0,,0,0.0,0.0,0.0,,,0.73,,,0.23,0.03,0.0,0.0,0,0.0
M. Sulejmani,Železničar Lajkovac,Young Boys,LW,37,0,,16,560,1,1.12,5,1.31,14.63,40.66,Serbia,Serbia,left,177,73,no,5.79,4.98,54.84,1.13,57.14,0.0,0.0,0.0,3.05,4.52,1.29,1,0.16,0,0.0,3.21,0.16,1,0.16,0.18,0,0.0,14,2.25,28.57,7.143,0.8,3.38,28.57,3.05,26.32,0.32,50.0,0.64,2.73,47.06,6.59,29.27,2.73,1.77,0.8,19.45,1.13,0.64,26.2,71.78,8.68,61.11,5.3,93.94,8.04,72.0,19.93,80.65,2.89,61.11,18.86,18.31,0.21,1.61,0.16,0.16,0.96,33.33,1.13,4.34,70.37,3.54,45.45,1.77,54.55,1.13,0.96,5.63,74.29,0,,0,,0,0.0,0.0,0.0,,,0.16,,,2.89,0.8,0.0,4.18,0,0.0
F. Lustenberger,,Young Boys,"RCB, LCB",38,0,,21,1545,0,0.41,0,0.19,13.22,62.56,Switzerland,Switzerland,right,180,73,no,10.02,6.0,67.96,2.27,61.54,0.47,0.68,0.41,5.48,8.03,0.29,4,0.23,0,0.0,0.23,0.0,0,0.0,0.02,0,0.0,4,0.23,25.0,0.0,0.0,0.17,66.67,0.06,100.0,0.12,50.0,0.06,0.12,50.0,1.11,42.11,0.64,0.58,0.06,35.94,0.58,1.69,55.81,89.77,22.02,80.16,3.96,95.59,25.86,97.52,48.47,94.35,7.17,59.35,22.91,33.5,0.01,0.17,0.0,0.0,0.06,0.0,0.12,7.92,76.47,0.58,30.0,0.47,25.0,0.06,0.12,9.9,81.76,0,,0,,0,0.0,0.0,0.0,,,2.85,,,0.0,0.0,0.0,0.0,0,0.0
G. Faivre,,Young Boys,GK,39,0,,9,809,0,0.0,0,0.0,0.56,100.0,Switzerland,Switzerland,right,188,83,no,2.0,0.11,100.0,0.11,100.0,0.0,0.0,0.0,1.89,3.42,0.0,0,0.0,0,0.0,0.0,0.0,0,0.0,0.0,0,0.0,0,0.0,0.0,0.0,0.0,0.0,0.0,0.0,0.0,0.0,0.0,0.0,0.0,0.0,0.11,100.0,0.0,0.0,0.0,16.58,0.33,0.11,24.7,88.74,12.24,79.09,0.0,0.0,11.57,98.08,18.47,97.59,6.23,62.5,28.42,41.09,0.0,0.0,0.0,0.11,0.0,0.0,0.0,0.89,25.0,0.0,0.0,0.0,0.0,0.0,0.0,4.89,70.45,11,1.22,27,3.0,1,59.26,9.44,1.05,-1.56,-0.174,0.0,0.56,0.11,,,,0.0,0,0.0
Á. Szalai,,Basel,CF,38,0,,12,815,4,2.52,1,0.77,21.42,34.54,Hungary,Hungary,right,193,93,no,2.32,2.65,45.83,4.86,38.64,0.11,0.18,0.11,0.99,1.6,0.88,0,0.0,0,0.0,1.88,0.44,4,0.44,0.28,2,0.22,17,1.88,64.71,23.529,0.11,0.22,50.0,0.0,0.0,0.22,50.0,0.0,1.1,40.0,9.39,28.24,3.31,0.22,0.0,12.15,1.33,1.33,17.34,78.34,3.87,60.0,3.87,91.43,4.53,82.93,16.23,78.91,0.88,75.0,15.47,14.9,0.08,0.77,0.11,0.0,0.22,50.0,0.55,2.54,73.91,0.44,25.0,0.33,33.33,0.66,0.11,1.33,83.33,0,,0,,0,0.0,0.0,0.0,,,0.0,,,0.0,0.0,0.0,0.0,0,0.0
Diogo Carraco,Neuchâtel Xamax,Lausanne Sport,LCMF,23,0,2026-06-30,4,105,0,0.07,0,0.0,24.0,46.43,Portugal,Portugal,right,186,78,no,12.86,11.14,61.54,0.86,100.0,0.86,1.11,0.86,5.14,6.67,2.57,0,0.0,0,0.0,1.71,0.0,0,0.0,0.06,0,0.0,1,0.86,0.0,0.0,0.0,0.86,0.0,0.86,0.0,0.0,0.0,0.0,2.57,66.67,10.29,25.0,0.86,2.57,0.0,20.57,0.86,1.71,31.71,81.08,5.14,66.67,6.86,87.5,15.43,83.33,28.29,84.85,2.57,66.67,16.83,8.5,0.0,0.0,0.0,0.0,0.0,0.0,0.0,5.14,66.67,0.86,0.0,0.0,0.0,0.0,0.0,5.14,83.33,0,,0,,0,0.0,0.0,0.0,,,0.86,,,0.0,0.0,0.0,0.0,0,0.0
M. Amoura,Wolfsburg,Lugano,"CF, RW, AMF",26,0,2029-06-30,23,976,5,5.59,0,1.1,30.15,37.61,Algeria,Algeria,right,170,61,no,7.38,8.21,51.69,4.43,35.42,1.11,1.43,0.0,2.03,2.62,1.2,1,0.09,0,0.0,4.98,0.46,5,0.46,0.52,1,0.09,35,3.23,40.0,14.286,0.0,1.2,15.38,0.28,0.0,0.92,20.0,0.09,8.58,37.63,13.56,33.33,4.43,3.5,2.58,17.7,3.04,0.55,22.68,71.54,4.89,54.72,6.36,84.06,6.18,67.16,20.19,77.63,1.29,28.57,16.31,16.24,0.1,0.92,0.09,0.0,0.55,50.0,0.46,1.66,55.56,1.94,38.1,0.55,33.33,0.92,0.28,2.4,73.08,0,,0,,0,0.0,0.0,0.0,,,0.18,,,0.0,0.0,0.0,0.0,0,0.0
J. N'Guessan,Khorfakkan,Lausanne Sport,"LCMF, AMF, RCMF",23,0,,23,1040,0,0.65,1,0.86,20.08,45.26,Côte d'Ivoire,Côte d'Ivoire,right,177,80,yes,5.37,5.28,49.18,1.04,50.0,0.17,0.21,0.61,2.6,3.13,1.9,3,0.26,1,0.09,2.86,0.0,0,0.0,0.06,0,0.0,8,0.69,37.5,0.0,0.09,0.43,60.0,0.09,0.0,0.35,75.0,0.0,3.98,54.35,10.82,44.8,0.61,1.04,0.69,23.02,0.95,2.08,32.71,84.66,8.65,69.0,6.32,94.52,11.25,92.31,30.03,87.03,2.25,57.69,17.32,25.96,0.07,0.78,0.0,0.0,0.78,22.22,0.43,4.33,72.0,0.95,63.64,1.3,26.67,0.52,0.17,4.41,70.59,0,,0,,0,0.0,0.0,0.0,,,0.43,,,0.0,0.0,0.0,0.0,0,0.0
A. Casciato,YF Juventus,Lugano,"RWB, RW",26,0,2026-06-30,1,7,0,0.0,0,0.0,,,Switzerland,"Switzerland, Italy",right,187,73,no,,,,,,,0.0,,,0.0,,0,,0,,,,0,,,0,,0,,,0.0,,,,,,,,,,,,,,,,,,,,,,,,,,,,,,,9.06,0.0,,,,,,,,,,,,,,,,,,0,,0,,0,0.0,0.0,,,,,,,,,,,0,0.0
I. Aliseda,Cerro Porteño,Lugano,"CF, RW, AMF",26,0,2026-12-31,13,521,2,1.92,0,0.16,20.21,41.88,Argentina,Argentina,right,169,69,no,4.49,4.15,50.0,1.55,11.11,0.17,0.24,0.0,2.25,3.17,0.17,0,0.0,0,0.0,4.84,0.35,2,0.35,0.33,0,0.0,10,1.73,50.0,20.0,0.0,1.9,18.18,0.52,33.33,1.38,12.5,0.35,4.49,80.77,12.26,47.89,3.28,2.42,0.86,20.56,1.55,0.86,33.51,78.87,6.74,69.23,9.16,88.68,9.67,76.79,30.06,84.48,1.55,44.44,16.52,15.22,0.03,0.52,0.17,0.0,0.35,0.0,0.17,2.94,70.59,2.25,38.46,0.35,0.0,0.86,0.0,3.11,50.0,0,,0,,0,0.0,0.0,0.0,,,0.17,,,0.0,0.0,0.0,0.35,0,0.0
A. Brown,Fenerbahçe,Lausanne Sport,"LB, LWB, LW",24,0,2028-06-30,4,237,0,0.0,0,0.04,26.58,47.14,England,"England, Jamaica",left,190,86,no,10.63,11.39,43.33,2.66,57.14,0.0,0.0,0.0,5.7,6.92,1.9,0,0.0,0,0.0,2.66,0.0,0,0.0,0.0,0,0.0,0,0.0,0.0,0.0,0.0,1.52,0.0,1.52,0.0,0.0,0.0,0.38,5.7,46.67,9.49,40.0,0.76,2.28,1.14,18.23,2.28,0.76,27.72,68.49,8.35,72.73,4.94,76.92,9.11,70.83,22.03,75.86,4.18,54.55,25.73,46.95,0.01,0.38,0.0,0.0,0.0,0.0,0.0,4.94,76.92,0.38,0.0,0.0,0.0,0.0,0.38,7.97,66.67,0,,0,,0,0.0,0.0,0.0,,,0.76,,,0.0,0.0,0.0,0.0,0,0.0
J. Geissmann,,Lausanne Sport,RCMF,33,0,,1,3,0,0.0,0,0.0,,,Switzerland,Switzerland,right,187,75,no,,,,,,,0.0,,,0.0,,0,,0,,,,0,,,0,,0,,,0.0,,,,,,,,,,,,,,,,,,,,,,,,,,,,,,,0.0,0.0,,,,,,,,,,,,,,,,,,0,,0,,0,0.0,0.0,,,,,,,,,,,0,0.0
M. Poundjé,,Lausanne Sport,"LCB, LWB, LB",33,0,,13,964,0,0.01,0,0.22,18.39,53.81,France,"France, Cameroon",left,180,75,no,11.67,8.22,60.23,2.89,54.84,0.93,1.15,0.47,5.79,7.1,1.31,5,0.47,0,0.0,1.59,0.0,0,0.0,0.0,0,0.0,1,0.09,0.0,0.0,0.0,0.84,11.11,0.84,11.11,0.0,0.0,0.19,2.99,50.0,5.51,42.37,0.19,0.75,0.37,29.22,1.12,0.84,39.3,88.6,17.27,85.95,4.76,94.12,12.04,90.7,35.01,93.87,3.45,54.05,17.13,28.98,0.02,0.09,0.0,0.0,0.0,0.0,0.09,3.27,77.14,0.93,20.0,0.0,0.0,0.09,0.09,5.88,73.02,0,,0,,0,0.0,0.0,0.0,,,1.31,,,0.0,0.0,0.0,0.0,0,0.0
F. Chafik,,Lausanne Sport,"RB, RWB",39,0,,25,1684,0,0.05,1,1.22,13.95,55.17,France,"France, Morocco",right,183,72,no,8.6,6.2,70.69,2.14,50.0,0.48,0.56,0.0,3.74,4.38,0.8,5,0.27,1,0.05,1.6,0.0,0,0.0,0.0,0,0.0,3,0.16,0.0,0.0,0.05,2.4,40.0,0.05,0.0,2.35,40.91,0.27,1.18,40.91,3.53,34.85,0.48,1.5,0.59,26.29,1.76,0.48,38.05,77.67,14.06,65.4,6.04,90.27,11.92,82.06,30.57,85.14,5.29,49.49,19.25,29.44,0.07,0.53,0.0,0.05,0.43,37.5,0.32,5.77,57.41,2.89,50.0,0.86,43.75,0.75,1.07,8.93,70.06,0,,0,,0,0.0,0.0,0.0,,,0.75,,,0.05,0.0,0.0,0.0,0,0.0
Elton Monteiro,,Lausanne Sport,"CB, LCB",32,0,,23,2018,1,0.57,0,0.0,11.06,60.08,Switzerland,"Switzerland, Portugal",right,192,85,no,9.05,5.13,70.43,3.43,59.74,0.4,0.47,0.89,5.04,5.91,0.71,4,0.18,0,0.0,0.09,0.04,1,0.04,0.03,1,0.04,4,0.18,25.0,25.0,0.0,0.0,0.0,0.0,0.0,0.0,0.0,0.0,0.09,50.0,0.49,45.45,0.36,0.0,0.0,20.74,0.22,0.22,29.61,90.96,8.34,80.21,2.1,95.74,16.46,97.29,27.25,94.11,2.36,54.72,20.11,31.8,0.0,0.0,0.0,0.0,0.0,0.0,0.0,0.98,63.64,0.09,0.0,0.0,0.0,0.0,0.0,3.75,55.95,0,,0,,0,0.0,0.0,0.0,,,1.74,,,0.0,0.0,0.0,0.0,0,0.0
Yuri,Náutico,Lugano,"LB, LWB",30,0,2026-11-30,21,742,0,0.34,1,1.0,24.14,48.74,Brazil,Brazil,left,173,74,no,10.07,7.88,60.0,2.67,40.91,0.61,0.81,0.24,4.73,6.32,1.7,3,0.36,0,0.0,4.0,0.0,0,0.0,0.04,0,0.0,5,0.61,80.0,0.0,0.12,2.55,38.1,2.55,38.1,0.0,0.0,0.24,3.76,61.29,9.22,40.79,1.46,2.06,0.61,27.17,2.91,1.46,41.24,80.88,14.68,73.55,8.73,94.44,10.8,84.27,36.63,86.42,2.06,35.29,15.66,20.18,0.12,1.21,0.12,0.0,0.36,66.67,0.49,3.4,67.86,2.06,47.06,0.36,66.67,0.24,0.85,8.37,57.97,0,,0,,0,0.0,0.0,0.0,,,0.36,,,0.0,0.0,0.0,0.49,0,0.0
S. Camara,Yverdon Sport,Servette,DMF,23,0,2027-06-30,3,69,0,0.0,0,0.0,23.48,72.22,Switzerland,"Switzerland, Côte d'Ivoire",right,180,66,yes,11.74,10.43,75.0,2.61,50.0,0.0,0.0,0.0,3.91,6.0,3.91,0,0.0,0,0.0,1.3,0.0,0,0.0,0.0,0,0.0,0,0.0,0.0,0.0,0.0,0.0,0.0,0.0,0.0,0.0,0.0,0.0,1.3,100.0,5.22,100.0,0.0,2.61,0.0,24.78,0.0,1.3,36.52,85.71,5.22,100.0,7.83,100.0,15.65,83.33,35.22,85.19,1.3,100.0,10.63,15.51,0.0,0.0,0.0,0.0,0.0,0.0,0.0,3.91,100.0,0.0,0.0,0.0,0.0,0.0,0.0,1.3,100.0,0,,0,,0,0.0,0.0,0.0,,,1.3,,,0.0,0.0,0.0,0.0,0,0.0
S. Diarrassouba,Grasshopper,St. Gallen,"AMF, LCMF",24,0,2027-06-30,9,358,0,0.24,0,0.15,34.44,42.34,Côte d'Ivoire,"Côte d'Ivoire, Burkina Faso",right,164,58,no,8.8,8.8,62.86,3.02,33.33,0.75,1.11,0.0,2.51,3.7,1.26,0,0.0,0,0.0,2.26,0.0,0,0.0,0.06,0,0.0,3,0.75,0.0,0.0,0.0,0.5,0.0,0.5,0.0,0.0,0.0,0.0,3.52,42.86,14.08,37.5,1.26,1.01,0.75,23.63,0.0,1.51,41.23,78.66,14.58,74.14,6.28,88.0,10.31,80.49,38.97,80.65,1.76,57.14,11.68,12.53,0.04,1.26,0.0,0.0,1.26,60.0,0.0,7.79,67.74,1.76,42.86,1.76,42.86,0.75,0.0,5.28,90.48,0,,0,,0,0.0,0.0,0.0,,,0.0,,,0.0,0.0,0.0,1.76,0,0.0
S. Stroscio,Grasshopper,Grasshopper,LCMF,22,0,2027-06-30,1,13,0,0.0,0,0.0,,,Switzerland,"Switzerland, Italy",right,176,70,no,,,,,,,10.0,,,0.0,,0,,0,,,,0,,,0,,0,,,0.0,,,,,,,,,,,,,,,,,,,,,,,,,,,,,,,23.73,38.19,,,,,,,,,,,,,,,,,,0,,0,,0,0.0,0.0,,,,,,,,,,,0,0.0
L. Ndema,Rapperswil-Jona,Servette,LW,21,0,,1,18,0,0.0,0,0.0,,,Switzerland,"Switzerland, Cameroon",right,179,69,no,,,,,,,0.0,,,0.0,,0,,0,,,,0,,,0,,0,,,0.0,,,,,,,,,,,,,,,,,,,,,,,,,,,,,,,0.0,0.0,,,,,,,,,,,,,,,,,,0,,0,,0,0.0,0.0,,,,,,,,,,,0,0.0
Alexandre Patrício,Étoile Carouge,Servette,CF,22,0,2027-06-30,1,11,0,0.0,0,0.0,,,Switzerland,"Switzerland, Portugal",right,179,69,no,,,,,,,0.0,,,0.0,,0,,0,,,,0,,,0,,0,,,0.0,,,,,,,,,,,,,,,,,,,,,,,,,,,,,,,0.0,0.0,,,,,,,,,,,,,,,,,,0,,0,,0,0.0,0.0,,,,,,,,,,,0,0.0
A. Besio,Verl,St. Gallen,"CF, RWF",22,0,,29,1145,1,1.66,2,2.73,23.9,35.2,Switzerland,"Switzerland, Spain",right,186,84,yes,5.82,6.05,57.14,4.56,24.14,0.24,0.33,0.08,2.12,3.0,1.49,6,0.47,0,0.0,2.52,0.08,1,0.08,0.13,0,0.0,25,1.97,32.0,4.0,0.16,1.73,31.82,0.79,40.0,0.94,25.0,0.31,2.91,35.14,8.33,24.53,4.4,0.71,0.47,15.25,1.41,0.55,21.69,71.38,5.03,60.94,4.64,76.27,4.32,69.09,18.94,77.59,1.02,23.08,13.68,9.7,0.21,1.73,0.08,0.0,0.71,44.44,0.79,1.57,45.0,2.04,53.85,0.71,33.33,1.57,0.47,1.81,82.61,0,,0,,0,0.0,0.0,0.0,,,0.0,,,0.08,0.08,100.0,0.0,0,0.0
G. Margreitter,,Grasshopper,"CB, RCB",37,0,,20,1812,4,1.6,0,0.07,13.16,60.75,Austria,Austria,right,187,88,no,8.59,3.87,65.38,4.17,60.71,0.1,0.13,0.89,5.96,7.91,0.65,6,0.3,0,0.0,0.75,0.2,4,0.2,0.08,3,0.15,12,0.6,58.33,33.333,0.0,0.15,66.67,0.1,100.0,0.05,0.0,0.0,0.4,75.0,1.29,57.69,0.7,0.65,0.0,29.45,0.45,0.94,43.96,88.47,17.68,77.25,1.64,96.97,22.15,96.86,38.69,92.3,5.17,60.58,23.14,38.0,0.0,0.1,0.0,0.0,0.0,0.0,0.05,4.87,65.31,0.65,30.77,0.3,33.33,0.15,0.1,8.05,77.78,0,,0,,0,0.0,0.0,0.0,,,1.14,,,0.0,0.0,0.0,0.0,0,0.0
A. Gogia,,Zürich,"CF, LWB, RWB",34,0,,15,530,3,0.67,0,0.53,19.02,45.54,Germany,"Germany, Georgia",right,178,73,no,4.92,5.43,40.63,1.36,25.0,0.17,0.23,0.0,2.55,3.49,1.87,1,0.17,0,0.0,5.09,0.51,3,0.51,0.11,0,0.0,9,1.53,33.33,33.333,0.0,2.38,42.86,1.19,57.14,1.19,28.57,0.51,5.09,66.67,10.19,55.0,2.55,1.7,0.51,15.45,1.7,1.53,25.98,67.97,9.34,63.64,4.92,86.21,6.28,70.27,21.91,72.87,1.87,45.45,18.21,10.46,0.09,0.85,0.17,0.17,0.68,25.0,0.17,3.06,61.11,2.72,56.25,0.68,25.0,1.19,1.02,5.6,72.73,0,,0,,0,0.0,0.0,0.0,,,0.34,,,0.17,0.0,0.0,0.0,0,0.0
Léo Bonatini,,Grasshopper,"CF, AMF",32,0,,26,1700,7,9.67,2,0.62,15.78,38.59,Brazil,"Brazil, Italy",right,185,80,no,4.5,3.55,61.19,2.28,37.21,0.0,0.0,0.05,2.33,3.23,0.9,2,0.11,0,0.0,2.81,0.37,3,0.16,0.51,1,0.05,41,2.17,43.9,17.073,0.11,0.9,47.06,0.32,50.0,0.58,45.45,0.26,2.44,47.83,7.04,33.83,2.28,0.37,0.21,15.46,1.16,0.79,24.41,77.22,5.56,60.0,5.72,94.44,7.25,80.29,22.08,79.38,1.48,60.71,15.5,27.82,0.03,0.58,0.0,0.0,0.53,50.0,0.16,2.96,71.43,1.38,50.0,0.69,38.46,0.58,0.42,3.39,70.31,0,,0,,0,0.0,0.0,0.0,,,0.0,,,0.0,0.0,0.0,0.0,5,80.0
H. Kawabe,Sanfrecce Hiroshima,Grasshopper,"AMF, RCMF",30,0,2027-06-30,34,2821,7,3.66,0,1.8,18.28,47.64,Japan,Japan,right,178,61,no,7.43,7.31,51.09,2.23,48.57,0.48,0.62,0.19,3.22,4.2,1.56,6,0.19,0,0.0,2.33,0.22,7,0.22,0.12,2,0.06,42,1.34,33.33,16.667,0.0,1.02,46.88,0.16,20.0,0.86,51.85,0.13,1.72,62.96,5.36,48.21,2.11,0.7,0.26,18.63,0.7,1.28,29.32,78.45,9.73,68.52,4.63,92.41,9.54,81.61,25.97,81.2,2.39,61.33,17.66,28.78,0.06,0.77,0.13,0.0,0.89,35.71,0.32,4.75,71.81,1.72,44.44,0.89,25.0,0.64,0.41,4.69,72.79,0,,0,,0,0.0,0.0,0.0,,,0.29,,,0.06,0.03,0.0,0.06,0,0.0
N. Lüchinger,,St. Gallen,RB,31,0,,10,852,2,0.8,1,1.47,15.0,47.89,Switzerland,Switzerland,right,176,68,no,8.35,6.76,59.38,2.64,60.0,0.95,1.21,0.32,3.38,4.3,1.06,2,0.21,0,0.0,2.54,0.21,2,0.21,0.08,1,0.11,3,0.32,66.67,66.667,0.11,3.49,42.42,0.0,0.0,3.49,42.42,0.42,1.16,36.36,3.7,22.86,0.74,0.32,0.42,23.56,1.27,0.0,34.65,76.52,13.63,71.32,4.75,88.89,9.93,81.91,26.62,86.9,4.96,42.55,20.95,35.31,0.15,1.48,0.11,0.11,0.53,80.0,1.16,5.7,61.11,3.49,51.52,0.53,40.0,0.74,1.48,8.77,84.34,0,,0,,0,0.0,0.0,0.0,,,0.42,,,0.11,0.0,0.0,0.11,0,0.0
K. Duah,Ludogorets,St. Gallen,CF,29,0,2028-06-30,33,2070,15,13.37,1,3.25,15.26,36.75,Ghana,"Ghana, Switzerland",right,185,81,no,2.52,2.13,53.06,3.26,26.67,0.04,0.06,0.04,1.35,1.93,0.74,2,0.09,0,0.0,3.52,0.65,13,0.57,0.58,1,0.04,94,4.09,42.55,15.957,0.04,1.13,34.62,0.35,37.5,0.74,29.41,0.26,2.35,55.56,5.91,36.03,4.09,0.96,0.61,12.57,2.0,0.74,15.43,72.11,3.87,64.04,3.22,83.78,4.0,68.48,13.87,75.55,0.48,63.64,13.9,11.22,0.14,0.7,0.09,0.0,0.52,16.67,0.3,1.35,64.52,1.17,40.74,0.39,11.11,0.57,0.35,1.39,78.13,0,,0,,0,0.0,0.0,0.0,,,0.04,,,0.3,0.3,14.29,0.0,2,100.0
P. Mendes,,Servette,"LAMF, CF, RCMF",25,0,,3,24,0,0.0,0,0.0,,,Guinea-Bissau,"Guinea-Bissau, Portugal",right,170,65,no,,,,,,,30.0,,,15.0,,1,,0,,,,0,,,0,,0,,,0.0,,,,,,,,,,,,,,,,,,,,,,,,,,,,,,,17.57,18.01,,,,,,,,,,,,,,,,,,0,,0,,0,0.0,0.0,,,,,,,,,,,0,0.0
 Becir Omeragic,Basel,Zürich,RCB,24,0,2029-06-30,27,2488,0,0.75,1,0.46,16.28,56.0,Switzerland,"Switzerland, Bosnia and Herzegovina",right,187,74,no,10.13,7.45,61.65,3.4,52.13,0.33,0.41,0.87,5.21,6.62,0.61,4,0.14,0,0.0,1.05,0.0,0,0.0,0.03,0,0.0,13,0.47,46.15,0.0,0.04,0.22,0.0,0.0,0.0,0.22,0.0,0.0,1.27,62.86,3.33,55.43,0.43,1.99,1.3,23.11,0.07,0.8,36.93,86.58,15.27,77.01,2.24,90.32,15.48,95.79,32.63,91.02,4.09,55.75,19.3,35.5,0.02,0.33,0.04,0.04,0.22,16.67,0.11,5.14,71.83,0.61,47.06,0.61,41.18,0.4,0.04,7.13,69.54,0,,0,,0,0.0,0.0,0.0,,,1.01,,,0.0,0.0,0.0,0.0,0,0.0
M. Čovilo,,Lugano,"DMF, RDMF, RCMF",40,0,,2,72,0,0.0,0,0.24,23.75,57.89,Bosnia and Herzegovina,"Bosnia and Herzegovina, Serbia",right,193,87,no,10.0,10.0,50.0,8.75,85.71,1.25,2.14,0.0,3.75,6.43,1.25,0,0.0,0,0.0,0.0,0.0,0,0.0,0.0,0,0.0,0,0.0,0.0,0.0,0.0,0.0,0.0,0.0,0.0,0.0,0.0,0.0,1.25,0.0,2.5,0.0,2.5,0.0,0.0,20.0,1.25,0.0,32.5,73.08,8.75,28.57,7.5,100.0,12.5,90.0,31.25,72.0,1.25,100.0,18.08,7.94,0.3,1.25,0.0,0.0,0.0,0.0,1.25,7.5,66.67,0.0,0.0,0.0,0.0,2.5,0.0,3.75,33.33,0,,0,,0,0.0,0.0,0.0,,,1.25,,,0.0,0.0,0.0,0.0,0,0.0
M. Leitner,,Zürich,"LCMF, RCMF",33,0,,9,532,0,0.1,0,0.15,16.24,52.08,Germany,"Germany, Austria",right,178,67,no,6.77,6.94,63.41,2.2,30.77,0.34,0.42,0.17,2.03,2.5,0.85,2,0.34,0,0.0,1.18,0.0,0,0.0,0.02,0,0.0,1,0.17,0.0,0.0,0.0,1.69,10.0,0.51,0.0,1.18,14.29,0.0,1.18,57.14,5.08,53.33,0.17,1.69,0.34,30.96,0.51,1.02,45.0,86.09,12.18,75.0,8.63,96.08,14.72,87.36,41.45,90.2,1.86,63.64,17.05,28.65,0.03,0.17,0.0,0.0,0.51,66.67,0.17,5.75,73.53,3.21,42.11,1.02,50.0,1.18,0.34,6.43,76.32,0,,0,,0,0.0,0.0,0.0,,,0.34,,,0.0,0.0,0.0,0.85,0,0.0
Adryan,,Sion,"AMF, LW, CF",31,0,,8,206,0,0.55,0,0.0,33.2,46.05,Brazil,"Brazil, Portugal",right,175,71,no,7.86,8.3,63.16,3.06,57.14,0.0,0.0,0.0,2.62,4.0,0.44,0,0.0,0,0.0,7.86,0.0,0,0.0,0.24,0,0.0,4,1.75,25.0,0.0,0.0,3.93,44.44,3.06,42.86,0.44,0.0,0.0,9.17,47.62,20.1,39.13,4.37,3.5,1.31,36.26,1.75,2.18,43.25,78.79,13.98,75.0,8.3,94.74,12.23,75.0,38.01,82.76,2.62,66.67,16.39,23.63,0.0,0.44,0.0,0.0,1.75,75.0,0.0,4.81,54.55,3.5,37.5,0.44,0.0,0.87,0.44,5.24,75.0,0,,0,,0,0.0,0.0,0.0,,,0.0,,,0.44,0.0,0.0,0.87,0,0.0
B. Ndoye,,Sion,"LCB, CB, DMF",32,0,,31,2632,2,1.52,0,0.32,17.1,60.8,Senegal,"Senegal, Mauritania",right,187,82,no,10.74,6.53,66.49,4.51,69.7,0.24,0.28,0.65,6.16,7.27,0.68,5,0.17,0,0.0,0.82,0.07,2,0.07,0.05,1,0.03,9,0.31,44.44,22.222,0.0,0.1,33.33,0.03,0.0,0.07,50.0,0.03,1.23,52.78,3.21,47.87,0.62,0.48,0.21,18.23,0.34,0.44,31.7,88.89,10.91,79.0,3.56,95.19,13.81,95.54,29.58,91.45,2.05,53.33,19.09,26.99,0.01,0.07,0.0,0.0,0.0,0.0,0.0,2.15,74.6,0.14,25.0,0.03,0.0,0.1,0.03,4.68,61.31,0,,0,,0,0.0,0.0,0.0,,,1.64,,,0.0,0.0,0.0,0.0,0,0.0
F. Stojiljković,Pisa,Sion,CF,26,0,2029-06-30,35,2800,11,9.76,1,1.97,18.87,34.41,Switzerland,"Switzerland, Serbia",right,185,80,no,2.89,2.28,54.93,1.67,40.38,0.06,0.08,0.19,1.58,1.91,1.16,5,0.16,0,0.0,2.51,0.35,10,0.32,0.31,0,0.0,66,2.12,48.48,16.667,0.03,0.61,21.05,0.13,50.0,0.48,13.33,0.1,2.7,42.86,10.13,32.7,3.09,0.84,0.74,9.0,1.51,1.19,14.4,69.2,3.57,45.95,4.44,86.96,3.31,72.82,13.31,73.43,0.48,13.33,16.36,9.64,0.06,0.61,0.0,0.0,0.58,33.33,0.32,1.32,43.9,1.0,48.39,0.55,29.41,0.68,0.13,1.29,62.5,0,,0,,0,0.0,0.0,0.0,,,0.35,,,0.0,0.0,0.0,0.0,1,100.0
S. Hodža,Zürich,Zürich,RB,23,0,2028-06-30,1,6,0,0.0,0,0.0,,,Switzerland,Switzerland,right,178,70,no,,,,,,,0.0,,,0.0,,0,,0,,,,0,,,0,,0,,,0.0,,,,,,,,,,,,,,,,,,,,,,,,,,,,,,,15.47,0.0,,,,,,,,,,,,,,,,,,0,,0,,0,0.0,0.0,,,,,,,,,,,0,0.0
L. Jaquez,Stuttgart,Luzern,RCB,23,0,2029-06-30,1,99,0,0.0,0,0.0,17.27,36.84,Switzerland,"Switzerland, Dominican Republic",right,186,79,no,10.91,10.0,45.45,3.64,0.0,0.91,1.15,1.82,5.45,6.92,1.82,0,0.0,0,0.0,0.0,0.0,0,0.0,0.0,0,0.0,0,0.0,0.0,0.0,0.0,0.0,0.0,0.0,0.0,0.0,0.0,0.0,0.0,0.0,1.82,50.0,0.0,0.0,0.0,12.73,0.0,0.91,27.27,73.33,15.45,58.82,0.91,100.0,10.0,100.0,20.0,86.36,7.27,37.5,22.21,29.58,0.0,0.91,0.0,0.0,0.0,0.0,0.0,4.55,20.0,0.91,0.0,0.91,0.0,0.0,0.0,3.64,50.0,0,,0,,0,0.0,0.0,0.0,,,0.91,,,0.0,0.0,0.0,0.0,0,0.0
A. Jashari,Milan,Luzern,DMF,23,0,2030-06-30,17,1526,1,0.42,2,0.92,19.52,51.06,Switzerland,"Switzerland, North Macedonia",left,181,82,no,10.03,7.37,58.4,1.12,36.84,0.18,0.25,0.47,5.54,7.77,0.94,5,0.29,0,0.0,1.83,0.06,1,0.06,0.02,0,0.0,15,0.88,26.67,6.667,0.12,0.35,16.67,0.29,20.0,0.06,0.0,0.06,2.77,48.94,7.79,43.18,0.18,1.36,1.0,23.53,0.0,1.12,38.75,81.13,16.1,66.3,5.43,98.91,13.03,90.95,33.32,85.13,5.13,58.62,20.86,38.65,0.05,0.35,0.06,0.06,0.47,37.5,0.18,7.37,63.2,1.06,38.89,1.36,26.09,0.41,0.06,8.49,75.0,0,,0,,0,0.0,0.0,0.0,,,1.0,,,0.12,0.0,0.0,0.12,0,0.0
K. Keita,Rapid Bucureşti,Sion,"RCMF, DMF",25,0,2027-06-30,6,361,0,0.02,0,0.01,21.69,52.87,Côte d'Ivoire,"Côte d'Ivoire, France",right,178,74,no,7.48,6.98,60.71,2.99,66.67,1.0,1.24,0.25,2.24,2.78,1.5,1,0.25,0,0.0,1.5,0.0,0,0.0,0.0,0,0.0,1,0.25,0.0,0.0,0.0,0.75,0.0,0.25,0.0,0.5,0.0,0.0,1.75,42.86,5.73,34.78,0.5,0.25,0.25,21.19,0.5,1.5,32.66,80.15,8.73,62.86,4.49,94.44,12.22,83.67,27.42,86.36,4.49,55.56,17.79,19.16,0.0,0.25,0.25,0.0,1.0,75.0,0.0,6.48,65.38,1.5,50.0,0.75,66.67,0.5,0.0,4.49,77.78,0,,0,,0,0.0,0.0,0.0,,,0.75,,,0.25,0.0,0.0,0.0,0,0.0
B. Džemaili,,Zürich,"RCMF, LCMF",40,0,,26,1781,1,1.5,3,3.01,22.59,52.8,North Macedonia,"North Macedonia, Switzerland",right,180,80,no,8.99,8.09,52.5,2.22,45.45,0.51,0.7,0.25,4.24,5.92,1.26,5,0.25,0,0.0,3.39,0.05,1,0.05,0.08,0,0.0,27,1.36,22.22,3.704,0.15,1.06,28.57,0.2,50.0,0.81,25.0,0.1,3.23,64.06,9.05,56.42,1.41,1.57,0.66,22.84,0.25,2.88,39.01,79.02,14.2,69.75,6.37,92.06,11.67,83.12,34.87,82.17,3.13,61.29,17.69,32.36,0.15,0.96,0.1,0.05,1.36,51.85,0.35,5.91,68.38,3.18,63.49,1.16,34.78,1.92,0.4,6.87,77.94,0,,0,,0,0.0,0.0,0.0,,,0.25,,,1.36,0.3,50.0,0.0,0,0.0
C. Gentner,,Luzern,"RCMF, LCMF",40,0,,34,2345,0,3.13,1,2.61,14.62,55.64,Germany,Germany,right,189,81,no,10.06,6.79,62.71,1.65,39.53,1.11,1.44,0.19,4.68,6.04,0.77,2,0.08,0,0.0,2.3,0.0,0,0.0,0.12,0,0.0,36,1.38,25.0,0.0,0.04,1.15,56.67,0.58,46.67,0.54,64.29,0.08,1.84,58.33,3.8,57.58,1.65,1.38,0.38,31.36,0.61,1.04,48.05,81.47,18.04,70.21,6.18,96.89,15.93,88.67,40.95,86.32,6.06,51.9,18.25,32.41,0.1,1.11,0.15,0.04,0.77,30.0,0.31,7.98,68.75,3.11,56.79,1.5,30.77,1.3,0.65,8.75,76.32,0,,0,,0,0.0,0.0,0.0,,,0.88,,,0.08,0.0,0.0,0.19,0,0.0
M. Marić,,Lugano,"CB, RCB",42,0,,21,1547,1,1.89,0,0.0,9.54,65.85,Switzerland,"Switzerland, Croatia",right,188,83,no,7.91,3.67,61.9,3.49,70.0,0.47,0.56,0.52,5.18,6.27,0.47,4,0.23,0,0.0,0.17,0.06,0,0.0,0.11,0,0.0,7,0.41,28.57,14.286,0.0,0.0,0.0,0.0,0.0,0.0,0.0,0.0,0.06,100.0,0.12,50.0,0.41,0.06,0.0,29.44,0.06,0.29,41.6,89.79,13.56,78.54,2.21,94.74,22.28,97.13,37.82,93.38,3.78,53.85,19.53,29.88,0.0,0.0,0.06,0.0,0.0,0.0,0.0,1.4,54.17,0.06,0.0,0.06,0.0,0.0,0.0,5.41,54.84,0,,0,,0,0.0,0.0,0.0,,,1.69,,,0.0,0.0,0.0,0.0,1,100.0
G. Berardi,,Sion,"RB, RCB, LCB",37,0,,9,655,0,0.0,0,0.0,16.76,50.0,Switzerland,"Switzerland, Italy",right,179,72,no,9.76,7.83,59.65,3.3,50.0,0.14,0.17,0.41,4.95,6.21,0.55,2,0.27,0,0.0,0.27,0.0,0,0.0,0.0,0,0.0,0,0.0,0.0,0.0,0.0,0.69,40.0,0.0,0.0,0.69,40.0,0.0,0.14,0.0,1.92,35.71,0.27,0.41,0.14,20.2,0.41,0.27,33.25,79.34,16.49,70.83,1.24,88.89,11.95,89.66,26.38,84.38,6.18,62.22,18.91,30.12,0.0,0.14,0.0,0.0,0.0,0.0,0.14,4.26,70.97,1.1,50.0,0.27,50.0,0.27,0.27,9.07,62.12,0,,0,,0,0.0,0.0,0.0,,,0.82,,,0.0,0.0,0.0,0.0,0,0.0
G. Serey Dié,,Sion,"DMF, RCMF",41,0,,10,686,0,0.22,2,0.61,17.58,45.52,Côte d'Ivoire,Côte d'Ivoire,right,179,77,no,7.35,6.17,51.06,0.66,80.0,1.05,1.25,0.13,3.15,3.75,1.44,4,0.52,0,0.0,2.89,0.0,0,0.0,0.03,0,0.0,9,1.18,22.22,0.0,0.26,0.39,66.67,0.26,50.0,0.13,100.0,0.0,4.59,48.57,7.61,39.66,0.26,1.31,0.66,23.75,0.13,1.18,34.9,80.83,12.46,67.37,3.28,88.0,15.09,86.96,28.6,86.24,6.03,56.52,22.85,37.45,0.08,0.79,0.0,0.0,1.05,12.5,0.52,8.53,64.62,1.84,42.86,2.36,38.89,0.79,0.26,7.22,87.27,0,,0,,0,0.0,0.0,0.0,,,0.52,,,0.26,0.0,0.0,0.0,0,0.0
H. Badstuber,,Luzern,LCB,37,0,,14,1046,0,0.58,0,0.0,11.7,66.18,Germany,Germany,left,190,85,no,7.92,3.7,76.74,4.65,61.11,0.52,0.67,0.77,4.56,5.89,0.34,0,0.0,0,0.0,0.26,0.0,0,0.0,0.05,0,0.0,4,0.34,25.0,0.0,0.0,0.09,0.0,0.0,0.0,0.09,0.0,0.0,0.26,66.67,0.69,50.0,0.6,1.2,0.09,30.2,0.34,0.17,46.03,89.91,19.45,81.42,3.27,92.11,20.05,97.85,41.82,92.39,4.13,66.67,21.6,34.64,0.0,0.0,0.0,0.0,0.0,0.0,0.0,5.94,78.26,0.6,14.29,0.6,42.86,0.09,0.0,8.43,75.51,0,,0,,0,0.0,0.0,0.0,,,1.98,,,0.0,0.0,0.0,0.0,0,0.0
K. Fickentscher,Sion II,Sion,GK,37,0,,29,2785,0,0.0,0,0.07,0.81,76.0,Switzerland,Switzerland,right,181,0,no,1.71,0.03,0.0,0.48,80.0,0.0,0.0,0.0,1.71,2.08,0.03,3,0.1,0,0.0,0.03,0.0,0,0.0,0.0,0,0.0,0,0.0,0.0,0.0,0.0,0.0,0.0,0.0,0.0,0.0,0.0,0.0,0.03,100.0,0.1,100.0,0.0,0.0,0.0,14.22,0.06,0.13,21.33,82.27,12.7,72.26,0.0,0.0,7.89,97.54,11.86,98.09,9.47,62.46,34.08,46.68,0.0,0.03,0.0,0.0,0.0,0.0,0.03,2.13,53.03,0.1,0.0,0.13,75.0,0.0,0.0,7.04,70.64,53,1.71,155,5.01,6,65.81,51.4,1.66,-1.6,-0.052,0.0,1.58,0.48,,,,0.0,0,0.0
G. Hoarau,Saint-Pierroise,Sion,CF,42,0,,8,388,3,1.74,0,0.27,24.82,46.73,Réunion,"Réunion, France",right,192,85,no,5.1,1.62,28.57,13.92,55.0,0.0,0.0,0.46,4.64,6.0,0.93,0,0.0,0,0.0,1.62,0.7,3,0.7,0.4,2,0.46,11,2.55,54.55,27.273,0.0,0.0,0.0,0.0,0.0,0.0,0.0,0.0,0.46,50.0,3.48,33.33,3.25,0.46,0.0,6.49,2.09,0.93,12.99,75.0,4.87,61.9,3.71,100.0,1.86,75.0,12.06,75.0,0.93,75.0,12.16,6.88,0.06,0.46,0.23,0.0,0.23,0.0,0.46,2.78,58.33,0.93,25.0,0.23,0.0,0.46,0.0,2.32,70.0,0,,0,,0,0.0,0.0,0.0,,,0.0,,,0.0,0.0,0.0,0.0,0,0.0
M. Facchinetti,Neuchâtel Xamax,Lugano,"LWB, LB",35,0,2027-06-30,26,1591,2,1.69,0,0.58,13.8,56.15,Switzerland,Switzerland,left,183,0,no,8.2,5.94,60.0,3.34,66.1,0.4,0.49,0.06,4.24,5.28,0.68,1,0.06,0,0.0,2.43,0.11,2,0.11,0.1,1,0.06,13,0.74,15.38,15.385,0.0,3.79,37.31,3.79,37.31,0.0,0.0,0.23,1.24,68.18,2.88,45.1,0.45,0.62,0.17,26.19,2.55,0.57,35.41,72.52,13.63,64.73,5.26,87.1,11.03,72.82,27.61,79.71,4.36,54.55,20.09,31.76,0.03,0.57,0.0,0.11,0.23,25.0,0.17,4.7,65.06,3.9,44.93,0.57,40.0,0.57,1.24,10.97,74.74,0,,0,,0,0.0,0.0,0.0,,,0.28,,,0.11,0.0,0.0,0.34,0,0.0
P. Farkas,Blackburn Rovers U21,Luzern,RB,33,0,,7,471,0,0.0,0,0.61,19.11,52.0,Austria,Austria,right,179,78,no,10.13,10.32,61.11,1.72,33.33,1.34,2.06,0.38,2.48,3.82,0.96,3,0.57,0,0.0,2.1,0.0,0,0.0,0.0,0,0.0,0,0.0,0.0,0.0,0.0,2.87,46.67,0.0,0.0,2.87,46.67,0.38,1.34,57.14,3.25,41.18,1.15,2.1,1.15,22.55,1.91,0.57,32.1,76.79,11.66,68.85,5.54,89.66,10.13,79.25,26.18,81.02,3.06,68.75,16.91,23.32,0.12,0.96,0.0,0.0,0.19,0.0,0.76,3.63,78.95,3.25,58.82,0.38,50.0,0.57,1.34,8.22,76.74,0,,0,,0,0.0,0.0,0.0,,,0.19,,,0.0,0.0,0.0,0.0,0,0.0
C. Martins,Spartak Moskva,Young Boys,"LCMF, RCMF, DMF",29,0,2028-06-30,15,1073,0,0.84,1,0.52,22.06,53.99,Luxembourg,"Luxembourg, Cape Verde Islands",right,188,80,no,9.65,8.97,53.27,3.86,69.57,0.34,0.56,0.08,4.53,7.53,2.26,4,0.34,2,0.17,1.68,0.0,0,0.0,0.07,0,0.0,11,0.92,36.36,0.0,0.08,0.17,0.0,0.08,0.0,0.08,0.0,0.0,2.01,54.17,5.54,50.0,0.84,0.84,0.08,24.74,0.17,1.43,39.76,89.45,8.81,74.29,6.37,97.37,19.04,93.39,36.23,92.59,3.36,60.0,20.03,35.2,0.04,0.42,0.0,0.08,0.5,50.0,0.17,5.62,77.61,1.01,58.33,0.75,66.67,0.84,0.0,3.52,80.95,0,,0,,0,0.0,0.0,0.0,,,0.92,,,0.0,0.0,0.0,0.0,0,0.0
F. Chalov,Kayserispor,Basel,CF,28,0,2027-06-30,14,743,4,3.06,2,1.02,21.08,32.76,Russia,Russia,right,181,81,yes,3.51,3.88,68.75,2.66,27.27,0.0,0.0,0.0,0.85,1.37,0.73,2,0.24,0,0.0,2.3,0.48,4,0.48,0.37,1,0.12,21,2.54,38.1,19.048,0.24,0.36,66.67,0.12,100.0,0.24,50.0,0.0,1.94,43.75,8.96,21.62,4.97,0.97,0.12,15.63,1.82,0.73,22.29,73.91,4.36,69.44,5.94,79.59,5.45,80.0,21.2,74.29,0.73,66.67,14.04,12.58,0.12,0.97,0.0,0.0,0.73,33.33,0.73,1.94,75.0,1.33,72.73,0.36,33.33,1.45,0.24,2.54,61.9,0,,0,,0,0.0,0.0,0.0,,,0.0,,,0.0,0.0,0.0,0.0,0,0.0
M. Camara,Maccabi Tel Aviv,Young Boys,RCB,28,0,2028-06-30,22,1579,2,0.87,0,0.32,13.39,54.89,Guinea,Guinea,right,193,84,no,7.98,4.79,60.71,3.48,62.3,0.46,0.7,0.46,4.62,7.11,1.42,6,0.34,0,0.0,0.74,0.11,2,0.11,0.05,2,0.11,7,0.4,42.86,28.571,0.0,0.06,0.0,0.0,0.0,0.06,0.0,0.0,0.63,72.73,1.99,37.14,0.68,1.77,0.23,33.23,0.63,0.17,48.9,87.41,19.84,76.44,3.93,95.65,22.0,95.6,41.44,94.09,7.41,50.77,23.24,39.62,0.02,0.11,0.06,0.0,0.23,50.0,0.0,8.49,67.79,0.68,16.67,0.8,50.0,0.11,0.0,9.92,80.46,0,,0,,0,0.0,0.0,0.0,,,2.85,,,0.0,0.0,0.0,0.0,0,0.0
S. Pavlović,Milan,Basel,LCB,25,0,2028-06-30,10,628,0,0.61,0,0.21,20.35,58.45,Serbia,Serbia,left,194,86,no,11.75,6.74,65.96,5.45,65.79,1.29,2.09,0.72,6.02,9.77,1.43,3,0.43,0,0.0,0.86,0.0,0,0.0,0.09,0,0.0,4,0.57,25.0,0.0,0.0,0.29,0.0,0.29,0.0,0.0,0.0,0.0,1.29,44.44,4.3,50.0,0.72,2.72,1.15,44.28,0.43,1.58,63.63,84.01,25.94,71.82,3.58,100.0,26.23,92.9,55.61,90.46,7.74,40.74,19.2,33.32,0.03,0.29,0.0,0.0,0.14,100.0,0.14,9.6,58.21,1.15,12.5,1.29,22.22,0.29,0.0,11.18,70.51,0,,0,,0,0.0,0.0,0.0,,,2.72,,,0.0,0.0,0.0,0.0,0,0.0
D. Kacuri,Basel,Grasshopper,"AMF, RCMF, LWF",22,0,2030-06-30,8,135,0,0.0,0,0.02,30.67,39.13,Switzerland,"Switzerland, Kosovo",left,188,82,no,9.33,10.67,37.5,2.0,0.0,1.33,2.22,0.0,4.0,6.67,2.0,1,0.67,0,0.0,3.33,0.0,0,0.0,0.0,0,0.0,0,0.0,0.0,0.0,0.0,0.67,100.0,0.0,0.0,0.67,100.0,0.0,4.67,57.14,14.67,40.91,0.67,0.67,0.67,20.0,1.33,2.67,32.67,87.76,10.0,60.0,10.0,100.0,8.67,100.0,30.67,89.13,1.33,50.0,14.97,12.03,0.01,0.67,0.0,0.0,0.0,0.0,0.0,2.0,0.0,2.0,100.0,0.0,0.0,2.0,0.67,4.0,66.67,0,,0,,0,0.0,0.0,0.0,,,1.33,,,0.0,0.0,0.0,0.0,0,0.0
C. Zock,Bavois,Sion,RCMF,32,0,,1,45,0,0.0,0,0.0,20.0,30.0,Cameroon,Cameroon,right,190,80,no,6.0,4.0,50.0,6.0,33.33,0.0,0.0,0.0,4.0,4.62,2.0,0,0.0,0,0.0,0.0,0.0,0,0.0,0.0,0,0.0,0,0.0,0.0,0.0,0.0,2.0,0.0,0.0,0.0,2.0,0.0,0.0,0.0,0.0,6.0,0.0,0.0,0.0,0.0,26.0,0.0,2.0,48.0,75.0,12.0,50.0,10.0,100.0,16.0,62.5,44.0,81.82,2.0,0.0,17.36,41.36,0.0,0.0,0.0,0.0,0.0,0.0,0.0,4.0,50.0,2.0,0.0,0.0,0.0,0.0,0.0,4.0,50.0,0,,0,,0,0.0,0.0,0.0,,,4.0,,,0.0,0.0,0.0,0.0,0,0.0
F. Hoxha,Grasshopper,Grasshopper,"LWB, LB",25,0,,6,236,0,0.02,0,0.04,18.69,40.82,Switzerland,"Switzerland, Kosovo",left,177,75,no,8.77,8.01,61.9,2.67,0.0,0.0,0.0,0.0,3.81,4.55,0.76,1,0.38,0,0.0,1.53,0.0,0,0.0,0.01,0,0.0,1,0.38,0.0,0.0,0.0,2.67,14.29,2.67,14.29,0.0,0.0,0.38,2.67,42.86,4.96,38.46,0.76,1.53,0.38,19.45,3.81,0.0,25.17,80.3,6.86,77.78,8.77,100.0,6.48,58.82,21.74,87.72,0.76,100.0,20.46,14.51,0.01,0.76,0.0,0.0,0.0,0.0,0.0,2.67,85.71,2.29,16.67,0.0,0.0,0.38,0.38,3.43,88.89,0,,0,,0,0.0,0.0,0.0,,,0.38,,,0.0,0.0,0.0,0.0,0,0.0
Z. Josipović,Collina D'Oro,Lugano,CF,30,0,2027-06-30,1,16,0,0.0,0,0.0,,,Switzerland,"Switzerland, Bosnia and Herzegovina",left,191,75,no,,,,,,,0.0,,,0.0,,0,,0,,,,0,,,0,,0,,,0.0,,,,,,,,,,,,,,,,,,,,,,,,,,,,,,,15.21,0.0,,,,,,,,,,,,,,,,,,0,,0,,0,0.0,0.0,,,,,,,,,,,0,0.0
S. Grether,,Luzern,"RB, LB, LCMF",34,0,,13,933,0,0.06,0,0.1,17.07,50.28,Switzerland,"Switzerland, Germany",right,179,77,no,8.59,7.23,57.33,1.74,33.33,0.39,0.47,0.58,4.05,4.98,1.25,2,0.19,0,0.0,2.22,0.0,0,0.0,0.01,0,0.0,3,0.29,0.0,0.0,0.0,2.6,25.93,0.87,22.22,1.74,27.78,0.19,2.12,72.73,5.21,57.41,0.0,1.35,0.96,23.92,0.87,1.25,32.99,83.33,9.16,76.84,7.43,96.1,11.38,81.36,27.4,90.49,3.28,61.76,21.14,27.87,0.01,0.29,0.0,0.0,0.1,0.0,0.19,4.05,80.95,2.6,40.74,0.39,50.0,0.48,0.87,7.91,71.95,0,,0,,0,0.0,0.0,0.0,,,1.83,,,0.0,0.0,0.0,0.0,0,0.0
N. Rupp,Wil,Luzern,"AMF, CF",22,0,2029-06-30,6,152,0,0.03,0,0.05,14.8,40.0,Switzerland,Switzerland,left,184,72,no,6.51,2.96,80.0,2.37,0.0,0.0,0.0,0.0,4.14,4.88,1.18,0,0.0,0,0.0,2.37,0.0,0,0.0,0.02,0,0.0,1,0.59,0.0,0.0,0.0,1.18,50.0,0.0,0.0,1.18,50.0,0.0,1.78,100.0,5.92,30.0,0.0,0.0,0.0,21.91,0.59,0.59,25.46,76.74,5.92,60.0,5.33,100.0,6.51,63.64,23.09,79.49,1.18,50.0,15.41,11.62,0.03,0.59,0.0,0.0,0.59,0.0,0.0,2.37,75.0,1.18,100.0,0.59,100.0,0.59,0.59,2.37,75.0,0,,0,,0,0.0,0.0,0.0,,,0.0,,,0.0,0.0,0.0,0.0,0,0.0
V. Behrami,,Servette,LB,22,0,,4,303,0,0.03,0,0.0,19.9,46.27,Switzerland,"Switzerland, Kosovo",left,181,77,no,11.58,10.99,43.24,1.49,40.0,0.89,1.01,0.3,5.94,6.74,1.49,2,0.59,0,0.0,2.67,0.0,0,0.0,0.01,0,0.0,1,0.3,100.0,0.0,0.0,3.27,9.09,3.27,9.09,0.0,0.0,0.59,2.67,66.67,4.75,50.0,0.89,1.78,0.59,25.25,0.89,1.19,33.86,72.81,12.48,54.76,5.64,100.0,9.5,71.88,24.95,90.48,5.64,31.58,21.08,36.62,0.0,0.0,0.3,0.0,0.59,50.0,0.0,4.16,35.71,2.67,22.22,0.3,0.0,0.59,0.59,6.53,63.64,0,,0,,0,0.0,0.0,0.0,,,1.49,,,0.0,0.0,0.0,0.0,0,0.0
F. Schubert,Voitsberg,St. Gallen,CF,31,0,,27,1116,4,7.03,2,1.65,17.82,37.1,Austria,Austria,right,194,80,no,4.03,3.47,58.14,5.89,36.99,0.24,0.36,0.16,1.77,2.61,0.81,1,0.08,0,0.0,2.66,0.32,4,0.32,0.57,2,0.16,49,3.95,34.69,8.163,0.16,1.29,37.5,0.48,33.33,0.81,40.0,0.24,0.89,54.55,3.15,38.46,4.84,0.56,0.32,11.94,1.37,0.56,13.23,59.76,3.39,54.76,1.94,91.67,4.11,50.98,11.77,63.01,0.32,0.0,14.63,7.79,0.13,0.73,0.0,0.08,1.05,30.77,0.4,1.77,45.45,1.53,57.89,0.97,33.33,0.56,0.48,1.94,83.33,0,,0,,0,0.0,0.0,0.0,,,0.0,,,0.0,0.0,0.0,0.0,0,0.0
