Player,Team,Team within selected timeframe,Position,Age,Market value,Contract expires,Matches played,Minutes played,Goals,xG,Assists,xA,Duels per 90,"Duels won, %",Birth country,Passport country,Foot,Height,Weight,On loan,Successful defensive actions per 90,Defensive duels per 90,"Defensive duels won, %",Aerial duels per 90,"Aerial duels won, %",Sliding tackles per 90,PAdj Sliding tackles,Shots blocked per 90,Interceptions per 90,PAdj Interceptions,Fouls per 90,Yellow cards,Yellow cards per 90,Red cards,Red cards per 90,Successful attacking actions per 90,Goals per 90,Non-penalty goals,Non-penalty goals per 90,xG per 90,Head goals,Head goals per 90,Shots,Shots per 90,"Shots on target, %","Goal conversion, %",Assists per 90,Crosses per 90,"Accurate crosses, %",Crosses from left flank per 90,"Accurate crosses from left flank, %",Crosses from right flank per 90,"Accurate crosses from right flank, %",Crosses to goalie box per 90,Dribbles per 90,"Successful dribbles, %",Offensive duels per 90,"Offensive duels won, %",Touches in box per 90,Progressive runs per 90,Accelerations per 90,Received passes per 90,Received long passes per 90,Fouls suffered per 90,Passes per 90,"Accurate passes, %",Forward passes per 90,"Accurate forward passes, %",Back passes per 90,"Accurate back passes, %",Lateral passes per 90,"Accurate lateral passes, %",Short / medium passes per 90,"Accurate short / medium passes, %",Long passes per 90,"Accurate long passes, %","Average pass length, m","Average long pass length, m",xA per 90,Shot assists per 90,Second assists per 90,Third assists per 90,Smart passes per 90,"Accurate smart passes, %",Key passes per 90,Passes to final third per 90,"Accurate passes to final third, %",Passes to penalty area per 90,"Accurate passes to penalty area, %",Through passes per 90,"Accurate through passes, %",Deep completions per 90,Deep completed crosses per 90,Progressive passes per 90,"Accurate progressive passes, %",Conceded goals,Conceded goals per 90,Shots against,Shots against per 90,Clean sheets,"Save rate, %",xG against,xG against per 90,Prevented goals,Prevented goals per 90,Back passes received as GK per 90,Exits per 90,Aerial duels per 90.1,Free kicks per 90,Direct free kicks per 90,"Direct free kicks on target, %",Corners per 90,Penalties taken,"Penalty conversion, %"
Igor Thiago,Brentford,Club Brugge,CF,25,25000000,2031-06-30,34,2775,18,17.89,2,3.71,31.33,33.54,Brazil,"Brazil, Bulgaria",right,191,88,no,4.44,4.93,53.29,7.33,39.82,0.19,0.28,0.13,1.62,2.37,1.78,7,0.23,1,0.03,2.17,0.58,12,0.39,0.58,4,0.13,68,2.21,45.59,26.471,0.06,0.58,33.33,0.16,40.0,0.26,25.0,0.03,1.91,50.85,14.34,22.85,4.57,0.97,0.26,10.05,2.21,1.17,18.23,78.11,2.34,54.17,5.55,84.8,4.77,80.95,17.12,79.73,0.52,75.0,13.91,11.05,0.12,1.01,0.06,0.03,0.06,0.0,0.65,0.91,64.29,0.75,56.52,0.06,0.0,0.94,0.16,1.04,56.25,0,,0,,0,0.0,0.0,0.0,,,0.03,,,0.0,0.0,0.0,0.0,7,85.714
D. Muñoz,Crystal Palace,Genk,RB,30,23000000,2028-06-30,17,1622,5,4.11,1,2.08,18.53,51.8,Colombia,Colombia,right,181,73,no,10.6,7.66,61.59,2.61,48.94,0.33,0.51,0.39,5.55,8.55,1.55,5,0.28,0,0.0,2.22,0.28,5,0.28,0.23,3,0.17,18,1.0,44.44,27.778,0.06,1.78,25.0,0.0,0.0,1.78,25.0,0.22,2.22,55.0,5.55,46.0,2.72,2.22,0.61,36.23,2.33,1.17,49.83,80.96,21.42,75.13,7.21,93.08,11.43,83.01,43.28,86.41,4.94,51.69,16.98,31.87,0.12,0.89,0.06,0.11,0.5,22.22,0.44,7.27,67.18,2.27,60.98,0.72,23.08,1.39,0.33,9.16,72.12,0,,0,,0,0.0,0.0,0.0,,,0.55,,,0.0,0.0,0.0,0.0,0,0.0
A. Skov Olsen,Wolfsburg,Club Brugge,"RAMF, RWF, RW",26,18000000,2029-06-30,33,2561,14,8.86,3,7.4,17.11,48.67,Denmark,Denmark,left,187,75,no,5.1,3.69,63.81,0.91,26.92,0.07,0.11,0.0,2.67,4.01,0.35,3,0.11,0,0.0,6.26,0.49,12,0.42,0.31,0,0.0,85,2.99,36.47,16.471,0.11,3.44,36.73,0.18,60.0,3.27,35.48,0.63,6.57,57.22,10.47,47.99,4.46,4.29,0.98,29.17,2.28,0.74,37.15,75.88,8.86,64.68,8.26,93.19,13.07,75.0,31.91,81.39,1.93,52.73,17.57,26.21,0.26,2.04,0.04,0.0,0.35,40.0,0.81,3.02,69.77,4.18,55.46,0.39,36.36,2.0,1.23,6.75,76.56,0,,0,,0,0.0,0.0,0.0,,,0.18,,,0.14,0.11,0.0,0.91,3,66.667
Cameron Puertas,Al Qadisiyah,Union Saint-Gilloise,"LCMF, AMF, LWF",27,15000000,2027-06-30,40,3645,11,10.34,16,15.3,33.26,43.13,Switzerland,"Switzerland, Spain",right,178,74,no,9.04,9.65,61.13,1.8,31.51,0.37,0.49,0.12,2.77,3.69,1.85,5,0.12,0,0.0,5.43,0.27,8,0.2,0.26,0,0.0,117,2.89,38.46,9.402,0.4,2.3,31.18,1.58,31.25,0.69,32.14,0.54,6.67,50.0,17.68,36.59,3.7,3.43,1.7,25.19,1.19,2.1,34.42,77.62,9.06,67.57,7.73,91.69,9.83,78.89,30.27,82.46,1.93,56.41,16.34,31.46,0.38,2.42,0.07,0.07,0.69,39.29,0.72,4.59,67.2,3.16,50.78,0.84,41.18,1.53,0.69,4.69,78.42,0,,0,,0,0.0,0.0,0.0,,,0.15,,,2.02,0.42,41.18,3.31,3,100.0
M. Keita,Parma,Antwerp,"LDMF, LCMF, DMF",24,13000000,2029-06-30,28,2346,0,0.48,1,0.93,21.79,57.22,Belgium,"Belgium, Guinea",right,181,78,no,11.24,9.25,65.15,2.15,57.14,0.23,0.35,0.19,4.99,7.59,1.5,4,0.15,1,0.04,2.07,0.0,0,0.0,0.02,0,0.0,16,0.61,18.75,0.0,0.04,0.0,0.0,0.0,0.0,0.0,0.0,0.0,2.88,65.33,7.14,51.08,0.27,1.07,0.5,36.91,0.19,1.53,51.79,91.93,11.66,81.58,7.75,98.02,24.28,96.68,49.45,93.56,2.34,57.38,17.73,27.87,0.04,0.35,0.0,0.0,0.12,66.67,0.12,6.18,80.12,0.35,77.78,0.23,50.0,0.38,0.0,5.49,74.83,0,,0,,0,0.0,0.0,0.0,,,1.42,,,0.08,0.0,0.0,0.0,0,0.0
M. Trésor,Burnley,Genk,"LAMF, LCMF",27,12000000,2028-06-30,2,129,0,0.24,0,0.81,18.14,50.0,Belgium,"Belgium, Burundi",right,172,67,no,6.98,3.49,80.0,1.4,50.0,0.0,0.0,0.0,4.19,9.0,0.7,0,0.0,0,0.0,6.98,0.0,0,0.0,0.17,0,0.0,4,2.79,25.0,0.0,0.0,4.88,42.86,4.19,33.33,0.7,100.0,1.4,6.28,55.56,12.56,44.44,4.88,5.58,2.79,41.86,2.79,0.0,48.84,74.29,13.95,70.0,6.98,70.0,16.74,83.33,41.16,77.97,2.79,75.0,15.52,32.15,0.57,4.88,0.7,0.0,0.7,100.0,2.09,2.79,75.0,7.67,72.73,1.4,50.0,3.49,2.09,10.47,80.0,0,,0,,0,0.0,0.0,0.0,,,0.0,,,3.49,0.7,0.0,5.58,0,0.0
M. Vandevoordt,RB Leipzig,Genk,GK,24,11000000,2030-06-30,41,4118,0,0.0,0,0.09,0.55,96.0,Belgium,Belgium,right,192,80,no,1.03,0.02,100.0,0.35,93.75,0.0,0.0,0.0,1.01,1.5,0.0,0,0.0,0,0.0,0.02,0.0,0,0.0,0.0,0,0.0,0,0.0,0.0,0.0,0.0,0.0,0.0,0.0,0.0,0.0,0.0,0.0,0.02,100.0,0.15,100.0,0.0,0.02,0.0,16.76,0.22,0.15,24.81,81.67,14.27,69.53,0.0,0.0,10.08,98.26,14.01,97.19,10.71,62.04,35.85,49.57,0.0,0.02,0.0,0.0,0.0,0.0,0.04,3.82,48.0,0.26,25.0,0.68,54.84,0.09,0.0,7.85,76.32,49,1.07,172,3.76,13,71.51,53.97,1.18,4.97,0.109,0.0,1.42,0.35,,,,0.0,0,0.0
M. Stroeykens,Anderlecht,Anderlecht,"LCMF, RCMF, LWF",21,10000000,2028-06-30,38,2585,5,3.84,5,1.98,22.77,46.18,Belgium,Belgium,right,177,79,no,8.08,7.94,63.16,1.98,35.09,0.21,0.28,0.21,2.85,3.84,1.15,4,0.14,0,0.0,1.74,0.17,5,0.17,0.13,0,0.0,37,1.29,40.54,13.514,0.17,0.77,36.36,0.63,38.89,0.14,25.0,0.14,1.91,43.64,9.61,35.87,1.64,1.43,0.56,27.85,0.59,1.08,40.98,83.18,11.28,70.68,8.25,92.41,12.08,87.32,38.12,86.21,2.19,44.44,14.64,26.78,0.07,0.84,0.03,0.1,0.21,50.0,0.45,4.07,71.79,1.88,62.96,0.38,27.27,1.18,0.24,4.46,67.97,0,,0,,0,0.0,0.0,0.0,,,0.28,,,0.0,0.0,0.0,0.03,0,0.0
B. Heynen,Genk,Genk,"RDMF, AMF",29,10000000,2029-06-30,25,2339,6,9.29,2,2.62,19.55,51.38,Belgium,Belgium,right,183,74,no,9.08,6.0,62.18,3.92,54.9,0.23,0.35,0.42,5.12,7.7,1.12,3,0.12,1,0.04,1.89,0.23,4,0.15,0.36,0,0.0,43,1.65,39.53,13.953,0.08,0.88,21.74,0.19,20.0,0.69,22.22,0.08,1.65,55.81,6.16,39.38,3.12,0.46,0.08,19.28,0.69,1.04,32.28,74.02,12.66,62.31,5.62,90.41,8.85,83.04,27.32,78.31,4.12,57.01,17.8,31.72,0.1,0.77,0.08,0.04,0.42,27.27,0.35,5.81,65.56,1.69,40.91,0.5,46.15,1.0,0.15,5.54,68.75,0,,0,,0,0.0,0.0,0.0,,,0.38,,,0.04,0.04,0.0,0.0,4,50.0
K. Machida,Hoffenheim,Union Saint-Gilloise,LCB,28,10000000,2029-06-30,31,2954,1,2.52,1,0.53,14.47,64.84,Japan,Japan,left,190,80,no,9.23,5.73,73.4,5.09,65.87,0.09,0.12,0.24,4.94,6.45,0.73,4,0.12,1,0.03,0.76,0.03,1,0.03,0.08,1,0.03,18,0.55,55.56,5.556,0.03,0.64,28.57,0.64,28.57,0.0,0.0,0.06,0.4,61.54,1.4,47.83,0.85,1.16,0.12,28.97,0.85,0.49,43.42,83.72,23.92,78.22,3.6,95.76,10.42,92.4,37.96,89.25,4.84,47.8,18.88,36.25,0.02,0.18,0.06,0.0,0.06,50.0,0.15,7.89,72.97,0.94,29.03,0.24,37.5,0.27,0.15,9.66,74.13,0,,0,,0,0.0,0.0,0.0,,,1.58,,,0.0,0.0,0.0,0.0,0,0.0
R. Onyedika,Club Brugge,Club Brugge,"LDMF, DMF, LCMF",25,10000000,2031-06-30,30,2560,3,1.16,1,0.54,16.49,57.36,Nigeria,Nigeria,right,184,78,no,9.39,8.12,61.04,1.58,68.89,0.42,0.58,0.25,4.01,5.51,1.86,9,0.32,0,0.0,0.91,0.11,3,0.11,0.04,0,0.0,25,0.88,24.0,12.0,0.04,0.14,50.0,0.11,33.33,0.04,100.0,0.07,0.77,68.18,4.5,53.13,0.28,0.18,0.0,35.16,0.14,1.13,49.78,89.27,14.59,79.52,7.07,93.53,21.34,95.88,46.3,91.04,3.34,66.32,17.76,28.68,0.02,0.35,0.04,0.04,0.21,50.0,0.14,6.43,83.06,0.74,38.1,0.35,50.0,0.46,0.11,7.87,76.79,0,,0,,0,0.0,0.0,0.0,,,0.95,,,0.0,0.0,0.0,0.0,0,0.0
Hong Hyun-Seok,Mainz 05,Gent,"AMF, LCMF",27,9000000,2028-06-30,30,2458,5,3.41,6,5.91,16.11,43.41,Korea Republic,Korea Republic,left,177,69,no,6.77,5.38,61.22,1.87,37.25,0.22,0.3,0.07,3.26,4.41,0.51,1,0.04,0,0.0,2.23,0.18,5,0.18,0.12,0,0.0,23,0.84,34.78,21.739,0.22,1.46,30.0,0.88,29.17,0.55,33.33,0.07,2.12,46.55,6.33,35.84,2.38,1.14,0.33,35.59,1.39,0.92,50.13,81.3,14.35,71.43,11.24,92.51,12.6,83.72,45.92,85.01,2.78,47.37,14.73,30.28,0.22,1.87,0.15,0.04,0.92,56.0,0.59,5.53,72.85,3.33,58.24,1.32,41.67,1.83,0.37,6.19,78.7,0,,0,,0,0.0,0.0,0.0,,,0.18,,,1.21,0.04,0.0,2.53,0,0.0
M. De Cuyper,Brighton,Club Brugge,"LB, RB",25,9000000,2030-06-30,37,3062,3,2.01,9,6.1,16.37,57.99,Belgium,Belgium,left,182,72,no,9.58,7.52,66.8,2.12,50.0,0.06,0.09,0.12,4.5,6.75,0.47,4,0.12,1,0.03,2.91,0.09,3,0.09,0.06,0,0.0,27,0.79,29.63,11.111,0.26,2.7,40.22,1.97,41.79,0.71,37.5,0.29,2.15,67.12,4.29,49.32,1.85,1.35,0.38,40.56,2.2,0.62,53.79,83.11,19.52,74.25,8.47,97.22,17.55,86.1,44.47,89.36,6.73,58.95,19.46,32.96,0.18,1.59,0.03,0.03,0.41,35.71,0.53,7.0,69.33,3.82,52.31,0.71,33.33,1.32,0.94,10.93,76.88,0,,0,,0,0.0,0.0,0.0,,,0.47,,,0.79,0.03,0.0,3.06,0,0.0
M. Balikwisha,Celtic,Antwerp,"LAMF, AMF",25,9000000,2030-06-30,33,2778,7,6.2,3,4.68,19.96,50.65,Belgium,"Belgium, Congo DR",right,178,69,no,7.71,6.74,68.75,1.2,24.32,0.06,0.1,0.03,3.01,4.65,0.87,3,0.1,0,0.0,3.92,0.23,6,0.19,0.2,0,0.0,41,1.33,41.46,17.073,0.1,3.24,26.0,2.14,25.76,1.07,27.27,0.52,4.18,55.81,9.85,41.45,3.89,2.92,0.68,24.01,2.2,1.39,32.66,80.46,7.84,72.31,9.27,95.8,9.2,78.87,28.15,87.57,1.33,60.98,18.6,26.35,0.15,1.23,0.03,0.03,0.36,54.55,0.55,2.88,83.15,2.92,60.0,0.36,36.36,1.46,0.84,5.09,81.53,0,,0,,0,0.0,0.0,0.0,,,0.58,,,0.75,0.03,100.0,3.21,1,100.0
Y. Verschaeren,,Anderlecht,"RCMF, LCMF, LWF",25,8500000,,19,1242,1,0.73,5,1.61,21.45,43.24,Belgium,Belgium,right,172,63,no,8.19,8.26,61.4,1.16,37.5,0.0,0.0,0.0,3.12,4.13,0.43,0,0.0,0,0.0,2.1,0.07,1,0.07,0.05,0,0.0,11,0.8,18.18,9.091,0.36,1.45,35.0,0.36,20.0,1.01,42.86,0.07,2.68,51.35,8.91,29.27,1.74,1.52,0.36,28.12,1.38,1.23,41.52,85.17,9.93,70.8,10.22,97.16,10.8,85.23,37.25,89.88,2.9,50.0,15.91,30.48,0.12,1.01,0.07,0.14,0.29,25.0,0.58,3.84,77.36,2.83,61.54,0.65,33.33,1.01,0.43,4.93,61.76,0,,0,,0,0.0,0.0,0.0,,,0.22,,,0.14,0.0,0.0,0.51,0,0.0
T. Buchanan,Villarreal,Club Brugge,RB,27,8000000,2030-06-30,12,887,2,0.57,0,1.18,20.7,53.92,Canada,"Canada, Jamaica",right,183,69,no,9.33,6.9,63.24,1.62,56.25,0.0,0.0,0.1,4.97,6.87,0.71,1,0.1,0,0.0,4.57,0.2,2,0.2,0.06,2,0.2,8,0.81,37.5,25.0,0.0,3.86,26.32,0.0,0.0,3.75,24.32,0.51,5.99,52.54,10.05,45.45,2.23,3.15,1.32,32.47,2.54,1.93,42.01,78.02,13.9,66.42,7.71,96.05,11.67,75.65,34.9,87.79,3.45,35.29,16.86,32.35,0.12,0.91,0.1,0.0,0.1,100.0,0.41,5.28,71.15,3.55,37.14,0.41,25.0,0.91,0.81,7.0,66.67,0,,0,,0,0.0,0.0,0.0,,,0.41,,,0.0,0.0,0.0,0.0,0,0.0
J. Butez,Como,Antwerp,GK,31,8000000,2030-06-30,31,3085,0,0.0,0,0.34,0.79,77.78,France,France,right,189,75,no,1.4,0.12,25.0,0.41,100.0,0.0,0.0,0.0,1.37,2.1,0.0,0,0.0,0,0.0,0.03,0.0,0,0.0,0.0,0,0.0,0,0.0,0.0,0.0,0.0,0.0,0.0,0.0,0.0,0.0,0.0,0.0,0.06,50.0,0.23,75.0,0.0,0.0,0.03,25.03,0.47,0.15,33.96,87.29,20.1,78.96,0.06,50.0,12.92,99.55,21.85,98.93,12.11,66.27,30.79,47.74,0.01,0.06,0.0,0.0,0.0,0.0,0.06,2.1,54.17,0.26,55.56,0.23,37.5,0.18,0.0,8.84,70.96,28,0.82,108,3.15,12,74.07,29.43,0.86,1.43,0.042,0.03,1.58,0.41,,,,0.0,0,0.0
V. Janssen,Portland Timbers,Antwerp,"CF, AMF",32,8000000,2028-06-30,35,3067,11,12.55,2,3.34,20.13,36.3,Netherlands,Netherlands,left,185,88,no,3.08,3.08,52.38,3.96,31.85,0.41,0.63,0.18,1.06,1.62,1.58,9,0.26,0,0.0,1.97,0.32,10,0.29,0.37,0,0.0,73,2.14,36.99,15.068,0.06,0.7,16.67,0.53,11.11,0.18,33.33,0.12,1.94,50.0,9.54,31.38,3.49,0.76,0.18,19.13,1.64,1.53,28.64,79.3,5.34,64.84,6.75,92.17,11.44,81.79,25.09,81.64,2.88,73.47,19.05,34.09,0.1,0.94,0.0,0.0,0.35,25.0,0.47,3.23,72.73,1.73,42.37,0.44,40.0,1.06,0.12,2.79,74.74,0,,0,,0,0.0,0.0,0.0,,,0.18,,,0.03,0.03,0.0,0.0,4,25.0
J. De Sart,Al Rayyan,Gent,"RCMF, LCMF, DMF",31,7500000,2027-06-30,38,3567,5,5.95,0,2.2,18.12,59.89,Belgium,Belgium,right,187,73,no,12.49,8.35,68.58,3.86,63.4,0.56,0.75,0.43,6.21,8.35,1.31,6,0.15,0,0.0,1.82,0.13,2,0.05,0.15,0,0.0,74,1.87,36.49,6.757,0.0,0.68,44.44,0.1,25.0,0.56,50.0,0.1,0.98,69.23,3.48,46.38,0.53,0.53,0.2,32.32,0.23,0.71,51.7,78.87,18.09,63.88,5.98,92.83,21.4,88.09,42.01,83.72,9.01,58.82,22.8,42.14,0.06,0.61,0.0,0.03,0.48,31.58,0.23,11.51,67.54,1.84,47.95,1.24,30.61,0.61,0.28,10.37,72.02,0,,0,,0,0.0,0.0,0.0,,,0.86,,,0.2,0.15,83.33,0.08,3,100.0
Ferrán Jutglà,Celta de Vigo,Club Brugge,"CF, LAMF",27,7500000,2029-06-30,35,1989,8,10.15,5,2.79,20.0,38.69,Spain,Spain,right,175,79,no,3.62,3.39,54.67,4.57,30.69,0.05,0.06,0.05,1.72,2.47,0.9,1,0.05,0,0.0,3.62,0.36,8,0.36,0.46,1,0.05,60,2.71,43.33,13.333,0.23,1.58,37.14,1.09,37.5,0.5,36.36,0.32,3.57,50.63,9.0,40.7,5.52,1.9,0.68,18.01,2.49,1.54,24.75,77.7,3.39,58.67,7.01,89.03,7.56,77.25,22.08,81.15,1.18,69.23,15.91,18.04,0.13,1.27,0.0,0.14,0.14,33.33,0.77,1.31,62.07,2.31,60.78,0.27,50.0,1.76,0.5,2.13,65.96,0,,0,,0,0.0,0.0,0.0,,,0.0,,,0.0,0.0,0.0,0.09,0,0.0
T. Watanabe,Feyenoord,Gent,"CB, RCB",29,7000000,2029-06-30,36,3555,2,1.59,1,1.82,11.47,66.67,Japan,Japan,right,186,76,no,9.47,4.94,73.85,3.8,62.67,0.08,0.1,0.58,5.75,7.84,0.51,1,0.03,0,0.0,0.35,0.05,2,0.05,0.04,2,0.05,15,0.38,46.67,13.333,0.03,0.0,0.0,0.0,0.0,0.0,0.0,0.0,0.23,77.78,0.96,57.89,0.71,0.63,0.3,34.46,0.35,0.51,51.06,89.59,16.05,75.55,2.61,100.0,29.29,97.32,45.92,94.27,5.14,47.78,22.33,40.11,0.05,0.13,0.0,0.0,0.05,0.0,0.13,4.68,62.7,0.46,33.33,0.43,29.41,0.2,0.0,7.37,65.98,0,,0,,0,0.0,0.0,0.0,,,2.03,,,0.0,0.0,0.0,0.0,0,0.0
H. Vanaken,Club Brugge,Club Brugge,"AMF, LCMF",33,7000000,2028-06-30,38,3715,5,6.55,6,5.4,18.0,51.28,Belgium,Belgium,right,195,82,no,5.06,3.59,69.59,6.32,57.09,0.0,0.0,0.15,2.57,3.7,0.7,3,0.07,1,0.02,1.99,0.12,5,0.12,0.16,3,0.07,57,1.38,36.84,8.772,0.15,0.87,25.0,0.48,25.0,0.36,26.67,0.12,1.48,60.66,5.35,38.91,2.2,0.7,0.15,36.85,1.74,1.11,51.21,86.94,15.99,79.09,9.52,94.15,16.11,91.13,46.25,89.58,4.12,70.59,17.35,38.82,0.13,0.87,0.05,0.05,0.82,44.12,0.39,7.05,78.35,2.96,59.02,1.19,46.94,1.57,0.22,7.61,84.08,0,,0,,0,0.0,0.0,0.0,,,0.46,,,0.12,0.12,40.0,0.0,0,0.0
H. Vetlesen,Club Brugge,Club Brugge,"RDMF, LDMF, RCMF",26,7000000,2029-06-30,37,2717,3,3.58,2,1.59,15.83,46.03,Norway,Norway,right,174,72,no,7.06,5.83,53.98,1.66,56.0,0.4,0.58,0.1,3.51,5.12,1.29,9,0.3,1,0.03,2.02,0.1,3,0.1,0.12,0,0.0,34,1.13,26.47,8.824,0.07,0.89,33.33,0.2,16.67,0.7,38.1,0.13,2.32,48.57,6.23,38.3,1.42,1.36,0.63,30.81,0.63,1.26,41.17,86.32,12.29,76.01,6.56,95.45,15.04,91.85,37.66,90.06,2.65,51.25,17.0,28.81,0.05,0.53,0.13,0.0,0.56,52.94,0.23,5.6,79.29,2.09,53.97,0.7,33.33,1.09,0.26,5.3,77.5,0,,0,,0,0.0,0.0,0.0,,,0.4,,,0.0,0.0,0.0,0.0,0,0.0
S. Lynen,Werder Bremen,Union Saint-Gilloise,LCMF,27,7000000,,2,199,0,0.23,0,0.44,12.66,71.43,Belgium,Belgium,right,185,80,no,10.85,4.97,72.73,2.26,100.0,1.36,1.96,0.45,5.88,8.48,0.45,1,0.45,0,0.0,1.36,0.0,0,0.0,0.1,0,0.0,3,1.36,0.0,0.0,0.0,0.45,100.0,0.45,100.0,0.0,0.0,0.45,0.9,100.0,1.81,75.0,1.81,0.9,0.0,39.8,0.45,0.45,54.72,83.47,14.92,66.67,8.14,88.89,18.09,95.0,53.37,83.9,0.9,50.0,15.06,15.15,0.2,1.36,0.0,0.0,0.0,0.0,0.45,4.97,72.73,0.9,100.0,0.0,0.0,0.9,0.45,7.24,50.0,0,,0,,0,0.0,0.0,0.0,,,0.45,,,0.0,0.0,0.0,4.52,0,0.0
T. Tissoudali,Khorfakkan,Gent,CF,33,6500000,2027-06-30,35,2584,14,11.65,9,6.06,19.33,34.59,Netherlands,"Netherlands, Morocco",right,182,74,no,3.34,3.8,49.54,1.67,27.08,0.1,0.15,0.03,1.36,1.89,1.18,5,0.17,0,0.0,4.39,0.49,14,0.49,0.41,3,0.1,76,2.65,50.0,18.421,0.31,1.64,34.04,0.73,42.86,0.87,28.0,0.14,4.46,46.09,10.52,32.45,6.69,2.19,0.52,20.03,2.68,0.38,27.72,75.63,5.5,65.19,6.93,92.96,7.66,78.18,25.22,78.45,0.91,69.23,14.98,20.97,0.21,1.78,0.03,0.0,0.87,52.0,1.01,1.78,66.67,2.82,59.26,0.94,51.85,2.47,0.45,2.65,78.95,0,,0,,0,0.0,0.0,0.0,,,0.0,,,0.0,0.0,0.0,0.07,0,0.0
A. Castro-Montes,Köln,Union Saint-Gilloise,RWB,29,6000000,2028-06-30,34,3024,4,1.68,3,4.44,20.39,52.55,Belgium,"Belgium, Spain",right,175,67,no,9.82,8.51,63.99,1.76,54.24,0.3,0.4,0.15,4.08,5.44,1.13,6,0.18,0,0.0,3.3,0.12,4,0.12,0.05,1,0.03,17,0.51,41.18,23.529,0.09,2.98,34.0,0.21,14.29,2.77,35.48,0.45,3.42,55.65,7.41,42.57,1.52,2.29,0.83,25.39,1.9,0.92,37.2,75.68,14.29,70.0,5.42,89.56,11.01,76.76,30.86,81.87,3.57,55.83,18.21,34.64,0.13,1.13,0.0,0.06,0.33,54.55,0.65,5.48,71.2,3.27,49.09,0.63,42.86,1.01,0.86,9.29,75.0,0,,0,,0,0.0,0.0,0.0,,,0.21,,,0.12,0.0,0.0,1.04,0,0.0
A. Minda,Atlético Mineiro,Cercle Brugge,"RAMF, LAMF, AMF",23,6000000,2030-12-31,38,2267,8,5.4,6,4.82,19.97,34.79,Ecuador,Ecuador,right,171,67,no,2.86,2.9,49.32,4.37,24.55,0.0,0.0,0.0,1.43,2.09,0.52,3,0.12,0,0.0,3.89,0.32,8,0.32,0.21,0,0.0,42,1.67,50.0,19.048,0.24,1.23,25.81,0.12,0.0,1.11,28.57,0.16,4.64,58.12,10.12,36.86,3.37,1.63,0.75,10.4,1.39,0.4,16.52,74.28,3.49,65.91,3.93,91.92,4.41,81.08,14.85,78.61,0.44,63.64,14.8,7.03,0.19,0.83,0.04,0.0,0.28,14.29,0.44,0.71,83.33,1.43,58.33,0.32,12.5,1.19,0.36,1.91,62.5,0,,0,,0,0.0,0.0,0.0,,,0.0,,,0.04,0.04,0.0,0.0,0,0.0
C. Cuesta,Vasco da Gama,Genk,"RCB, CB",27,6000000,2028-06-30,33,3267,1,0.93,0,0.49,12.51,57.93,Colombia,Colombia,right,179,81,yes,7.66,5.92,64.65,3.03,51.82,0.06,0.08,0.3,3.77,5.63,1.16,10,0.28,0,0.0,0.36,0.03,1,0.03,0.03,1,0.03,8,0.22,37.5,12.5,0.0,0.11,50.0,0.0,0.0,0.11,50.0,0.0,0.39,57.14,1.35,42.86,0.33,1.76,0.33,29.06,0.25,0.3,41.21,88.7,15.04,78.39,3.61,96.95,19.37,95.87,37.36,91.74,3.75,59.56,20.27,32.07,0.01,0.11,0.0,0.0,0.06,0.0,0.03,4.96,76.11,0.47,58.82,0.28,50.0,0.22,0.08,5.84,64.15,0,,0,,0,0.0,0.0,0.0,,,2.75,,,0.0,0.0,0.0,0.0,0,0.0
M. McKenzie,Toulouse,Genk,LCB,27,6000000,2027-06-30,32,3190,0,1.49,1,0.66,14.53,62.72,United States,United States,right,184,83,no,10.02,5.87,73.56,4.01,55.63,0.0,0.0,0.73,5.7,8.58,0.68,4,0.11,0,0.0,0.45,0.0,0,0.0,0.04,0,0.0,10,0.28,30.0,0.0,0.03,0.06,50.0,0.0,0.0,0.03,0.0,0.03,0.45,68.75,1.92,47.06,0.68,1.04,0.0,31.97,0.28,0.65,50.05,87.66,20.54,77.75,2.82,99.0,23.16,96.35,44.58,91.46,5.42,56.77,21.41,36.98,0.02,0.14,0.06,0.0,0.08,33.33,0.08,6.86,77.37,0.42,40.0,0.48,35.29,0.28,0.03,8.83,66.13,0,,0,,0,0.0,0.0,0.0,,,2.48,,,0.03,0.0,0.0,0.0,0,0.0
G. Arteaga,Monterrey,Genk,LB,27,6000000,2027-12-31,15,1358,0,0.58,0,0.48,12.72,49.48,Mexico,Mexico,left,175,68,no,7.62,5.04,67.11,1.59,58.33,0.2,0.28,0.13,4.04,5.77,0.2,2,0.13,1,0.07,1.79,0.0,0,0.0,0.04,0,0.0,10,0.66,10.0,0.0,0.0,2.25,32.35,2.05,35.48,0.2,0.0,0.07,2.19,42.42,4.44,34.33,0.8,1.86,0.73,29.62,1.33,0.4,40.56,82.19,16.5,77.91,6.63,97.0,10.07,82.24,33.73,89.0,4.64,55.71,16.89,30.25,0.03,0.33,0.0,0.0,0.07,100.0,0.13,6.63,78.0,1.99,46.67,0.13,50.0,0.33,0.73,7.75,69.23,0,,0,,0,0.0,0.0,0.0,,,0.8,,,0.0,0.0,0.0,0.0,0,0.0
B. Meijer,Club Brugge,Club Brugge,LB,23,6000000,2027-06-30,27,2015,2,2.63,1,2.05,16.75,52.0,Netherlands,Netherlands,left,190,89,no,8.71,5.45,66.39,3.04,63.24,0.04,0.06,0.22,5.05,7.06,0.54,0,0.0,0,0.0,3.13,0.09,2,0.09,0.12,1,0.04,19,0.85,47.37,10.526,0.04,3.89,37.93,3.84,37.21,0.0,0.0,0.31,2.28,54.9,6.34,38.73,2.81,1.16,0.58,30.37,1.92,0.54,41.14,77.09,17.42,73.08,6.97,92.31,10.85,79.01,33.32,85.25,4.02,46.67,18.16,27.76,0.09,0.8,0.04,0.04,0.04,0.0,0.54,6.3,69.5,2.86,50.0,0.4,22.22,0.54,1.34,9.11,74.02,0,,0,,0,0.0,0.0,0.0,,,0.4,,,0.04,0.04,0.0,0.0,0,0.0
C. Ejuke,Sevilla,Antwerp,"RAMF, LW, LAMF",28,6000000,2027-06-30,29,2026,4,2.93,4,3.2,24.92,41.71,Nigeria,Nigeria,right,176,72,no,4.18,4.71,55.66,1.2,25.93,0.04,0.07,0.04,1.51,2.4,0.53,3,0.13,0,0.0,7.37,0.18,4,0.18,0.13,0,0.0,36,1.6,50.0,11.111,0.18,3.11,37.14,0.98,45.45,2.09,34.04,0.67,9.33,54.29,16.35,39.95,3.02,4.53,1.51,33.23,2.18,0.89,44.42,83.3,10.17,76.86,12.17,95.26,13.06,82.99,39.31,88.02,2.13,62.5,17.06,24.92,0.14,1.38,0.09,0.04,0.76,47.06,0.62,4.18,77.66,4.71,61.32,0.8,38.89,2.44,1.07,6.04,83.82,0,,0,,0,0.0,0.0,0.0,,,0.62,,,0.27,0.0,0.0,0.67,0,0.0
Z. Van den Bosch,Union Berlin,Antwerp,"RCB, LCB",23,6000000,,33,2513,0,0.05,1,0.53,13.39,62.03,Belgium,Belgium,right,191,78,no,9.85,7.13,70.35,2.47,53.62,0.21,0.33,0.39,4.62,7.04,0.79,6,0.21,0,0.0,0.39,0.0,0,0.0,0.0,0,0.0,2,0.07,0.0,0.0,0.04,0.18,20.0,0.04,0.0,0.14,25.0,0.04,0.36,90.0,1.29,58.33,0.36,0.61,0.0,45.52,0.68,0.47,61.42,88.98,22.63,76.9,4.87,96.32,27.43,97.52,53.29,94.29,7.95,54.95,21.18,35.76,0.02,0.04,0.0,0.0,0.04,100.0,0.04,8.24,71.3,0.75,52.38,0.86,50.0,0.39,0.04,10.6,71.96,0,,0,,0,0.0,0.0,0.0,,,3.8,,,0.0,0.0,0.0,0.0,0,0.0
G. Nilsson,Club Brugge,Union Saint-Gilloise,CF,29,6000000,2028-06-30,35,2513,16,16.11,3,2.17,27.54,39.4,Sweden,Sweden,right,196,78,no,3.98,3.44,55.21,7.99,41.7,0.0,0.0,0.07,2.08,2.75,1.5,9,0.32,0,0.0,2.47,0.57,10,0.36,0.58,4,0.14,72,2.58,44.44,22.222,0.11,0.68,52.63,0.07,100.0,0.57,43.75,0.04,2.11,42.37,9.45,31.82,4.66,0.79,0.25,11.39,1.93,1.47,18.87,71.35,4.19,52.14,4.98,89.21,3.58,72.0,17.84,72.49,0.36,50.0,13.59,10.11,0.08,0.64,0.0,0.0,0.18,40.0,0.36,1.68,57.45,1.36,47.37,0.14,75.0,0.97,0.36,1.86,63.46,0,,0,,0,0.0,0.0,0.0,,,0.04,,,0.0,0.0,0.0,0.0,6,100.0
A. Bodart,Lille,Standard Liège,GK,28,6000000,2027-06-30,34,3423,0,0.0,0,0.59,0.6,69.57,Belgium,Belgium,right,186,80,no,1.39,0.08,33.33,0.37,78.57,0.03,0.03,0.0,1.34,1.72,0.03,0,0.0,0,0.0,0.0,0.0,0,0.0,0.0,0,0.0,0,0.0,0.0,0.0,0.0,0.0,0.0,0.0,0.0,0.0,0.0,0.0,0.0,0.0,0.03,100.0,0.0,0.0,0.0,13.54,0.24,0.08,20.27,79.77,12.02,66.74,0.0,0.0,7.6,99.31,11.41,98.85,8.81,55.52,35.05,51.04,0.02,0.03,0.0,0.0,0.0,0.0,0.03,2.97,36.28,0.34,15.38,0.58,36.36,0.05,0.0,5.99,75.44,46,1.21,164,4.31,7,71.95,51.81,1.36,5.81,0.153,0.0,1.39,0.37,,,,0.0,0,0.0
K. Mac Allister,Union Saint-Gilloise,Union Saint-Gilloise,RCB,28,6000000,2031-06-30,30,2695,1,2.95,0,0.56,18.37,62.36,Argentina,"Argentina, Italy",right,175,72,no,12.36,8.68,70.38,4.44,52.63,0.7,0.92,0.43,5.54,7.25,1.27,7,0.23,0,0.0,0.6,0.03,1,0.03,0.1,0,0.0,15,0.5,33.33,6.667,0.0,0.17,20.0,0.0,0.0,0.17,20.0,0.0,0.5,73.33,1.57,59.57,1.0,0.47,0.0,27.08,0.57,1.0,40.41,86.86,18.37,78.91,3.84,98.26,14.03,95.48,35.97,90.9,4.27,55.47,18.95,29.88,0.02,0.17,0.0,0.03,0.07,50.0,0.1,5.04,69.54,0.6,55.56,0.23,14.29,0.3,0.03,7.28,73.39,0,,0,,0,0.0,0.0,0.0,,,1.74,,,0.0,0.0,0.0,0.0,0,0.0
T. Arokodare,Wolverhampton Wanderers,Genk,CF,25,5500000,2029-06-30,40,2462,12,14.54,3,2.73,29.24,36.63,Nigeria,Nigeria,right,197,100,no,3.33,2.38,61.54,8.23,48.0,0.0,0.0,0.07,1.86,2.89,1.32,2,0.07,0,0.0,2.05,0.44,12,0.44,0.53,4,0.15,88,3.22,38.64,13.636,0.11,0.22,16.67,0.07,50.0,0.15,0.0,0.04,1.75,39.58,12.32,25.22,5.15,0.66,0.11,9.76,2.85,0.99,16.34,72.48,2.23,54.1,6.07,80.12,3.87,72.64,15.76,73.55,0.37,60.0,13.24,8.08,0.1,0.51,0.0,0.0,0.07,100.0,0.26,0.95,61.54,0.73,50.0,0.07,100.0,1.06,0.04,1.5,48.78,0,,0,,0,0.0,0.0,0.0,,,0.04,,,0.07,0.07,0.0,0.0,1,0.0
O. Wijndal,Ajax,Antwerp,"LB, LCB",26,5500000,2027-06-30,29,2440,1,0.47,0,2.06,14.02,56.58,Netherlands,"Netherlands, Suriname",left,176,65,no,7.67,6.9,61.5,1.51,51.22,0.44,0.68,0.11,2.99,4.6,0.96,1,0.04,1,0.04,1.77,0.04,1,0.04,0.02,0,0.0,13,0.48,15.38,7.692,0.0,2.21,43.33,1.88,43.14,0.26,42.86,0.44,1.36,48.65,3.32,48.89,1.33,1.84,0.37,44.82,1.51,1.18,55.0,88.87,19.33,81.3,10.44,97.88,17.23,91.22,48.21,94.57,4.65,50.0,18.05,36.08,0.08,0.55,0.04,0.0,0.18,40.0,0.3,6.79,74.46,1.77,54.17,0.52,28.57,0.41,1.0,8.19,77.03,0,,0,,0,0.0,0.0,0.0,,,1.99,,,0.26,0.0,0.0,0.66,0,0.0
J. Torunarigha,Hamburger SV,Gent,"LCB, CB",28,5000000,2028-06-30,33,2894,1,1.04,1,0.32,16.7,53.63,Germany,"Germany, Nigeria",left,191,80,no,9.49,7.15,57.39,3.42,61.82,0.31,0.42,0.62,5.07,6.81,0.93,8,0.25,0,0.0,0.87,0.03,1,0.03,0.03,0,0.0,10,0.31,30.0,10.0,0.03,0.28,33.33,0.28,33.33,0.0,0.0,0.03,0.96,51.61,3.45,39.64,0.56,2.05,0.5,39.9,1.49,0.87,54.64,87.08,23.14,76.75,3.92,91.27,23.39,96.14,46.8,93.42,7.62,49.39,21.84,40.08,0.01,0.06,0.03,0.0,0.37,50.0,0.06,8.27,59.4,1.71,47.27,1.49,33.33,0.56,0.09,9.61,77.67,0,,0,,0,0.0,0.0,0.0,,,1.74,,,0.0,0.0,0.0,0.0,0,0.0
F. Amuzu,Grêmio,Anderlecht,LWF,26,5000000,2026-12-31,21,1086,4,2.84,0,1.12,21.63,44.83,Ghana,"Ghana, Belgium",right,170,66,no,2.98,2.82,61.76,1.74,23.81,0.0,0.0,0.08,1.24,1.58,0.66,2,0.17,0,0.0,6.05,0.33,4,0.33,0.24,1,0.08,31,2.57,29.03,12.903,0.0,3.9,25.53,3.48,28.57,0.33,0.0,0.41,7.04,61.18,14.75,45.51,2.98,3.98,1.66,15.66,1.24,2.73,21.88,78.79,3.31,72.5,7.21,94.25,5.88,70.42,17.49,91.0,0.66,50.0,18.55,11.84,0.09,0.75,0.0,0.08,0.0,0.0,0.33,0.99,100.0,3.07,54.05,0.0,0.0,0.83,1.16,2.73,84.85,0,,0,,0,0.0,0.0,0.0,,,0.25,,,0.08,0.08,0.0,0.5,0,0.0
T. Leoni,Reims,Anderlecht,"LCMF, RCMF, DMF",26,5000000,2030-06-30,37,2787,5,2.53,4,3.14,18.44,51.49,Belgium,"Belgium, Italy",left,180,70,no,11.24,8.65,66.79,1.74,27.78,0.32,0.43,0.13,5.13,6.79,0.78,5,0.16,0,0.0,1.84,0.16,5,0.16,0.08,1,0.03,18,0.58,50.0,27.778,0.13,1.49,47.83,0.9,42.86,0.55,58.82,0.16,1.45,48.89,5.33,42.42,1.71,0.97,0.26,35.72,0.84,1.19,49.5,84.61,16.37,70.02,9.17,95.77,15.05,90.99,43.08,89.66,5.04,51.28,17.84,31.2,0.1,1.03,0.1,0.03,0.29,44.44,0.48,6.52,70.79,3.23,58.0,0.94,41.38,1.65,0.71,6.91,74.77,0,,0,,0,0.0,0.0,0.0,,,0.68,,,0.0,0.0,0.0,0.36,0,0.0
K. Sardella,Anderlecht,Anderlecht,RB,24,5000000,2028-06-30,34,3106,1,1.59,5,2.67,18.17,48.8,Belgium,"Belgium, Cameroon",right,177,64,no,9.53,7.45,58.75,3.07,44.34,0.32,0.42,0.38,4.84,6.41,0.81,6,0.17,0,0.0,2.14,0.03,1,0.03,0.05,0,0.0,20,0.58,45.0,5.0,0.14,2.9,23.0,0.06,100.0,2.81,21.65,0.32,2.26,53.85,5.33,42.39,1.13,1.65,0.41,28.4,2.55,0.78,38.51,76.67,12.05,63.7,7.91,95.6,11.01,78.68,32.16,85.14,3.77,41.54,18.05,34.74,0.08,0.61,0.03,0.0,0.09,0.0,0.41,3.25,60.71,2.43,36.9,0.29,60.0,0.38,0.67,7.1,57.96,0,,0,,0,0.0,0.0,0.0,,,0.9,,,0.0,0.0,0.0,0.0,0,0.0
O. Deman,Werder Bremen,Cercle Brugge,LWB,26,5000000,2028-06-30,5,420,0,0.89,0,0.46,27.43,53.13,Belgium,Belgium,left,181,74,no,16.71,10.07,72.34,4.29,50.0,1.07,1.36,0.21,8.36,10.64,1.07,1,0.21,0,0.0,4.07,0.0,0,0.0,0.19,0,0.0,8,1.71,12.5,0.0,0.0,4.71,36.36,4.71,36.36,0.0,0.0,0.21,4.29,45.0,6.43,36.67,2.57,0.86,0.0,17.57,0.86,0.86,32.14,79.33,11.79,72.73,7.07,100.0,8.79,80.49,25.5,89.08,2.14,50.0,19.17,30.7,0.1,1.07,0.0,0.0,0.21,100.0,1.07,4.29,85.0,3.64,58.82,1.07,80.0,0.64,1.71,8.57,85.0,0,,0,,0,0.0,0.0,0.0,,,1.07,,,0.0,0.0,0.0,0.0,0,0.0
H. Siquet,Club Brugge,Cercle Brugge,"RB, RWB",24,5000000,2028-06-30,30,2519,0,1.19,2,5.59,17.69,54.55,Belgium,Belgium,right,180,70,no,12.33,9.4,57.41,3.07,51.16,0.46,0.67,0.18,6.47,9.39,0.71,4,0.14,0,0.0,2.47,0.0,0,0.0,0.04,0,0.0,21,0.75,23.81,0.0,0.07,4.29,31.67,0.54,40.0,3.75,30.48,0.5,1.43,65.0,3.39,48.42,0.79,0.96,0.32,16.4,0.57,0.89,31.05,62.72,15.47,57.04,2.93,93.9,8.5,61.76,20.01,71.43,6.97,54.87,22.7,33.16,0.2,1.71,0.11,0.0,0.18,0.0,0.36,7.54,54.5,5.25,47.62,1.0,46.43,1.25,1.46,10.61,79.8,0,,0,,0,0.0,0.0,0.0,,,0.82,,,2.36,0.21,0.0,4.18,0,0.0
A. Zorgane,Union Saint-Gilloise,Charleroi,"LCMF, RDMF",26,5000000,2029-06-30,28,2464,2,1.98,3,7.15,17.42,47.17,Algeria,Algeria,right,184,77,no,9.79,6.76,62.16,1.9,57.69,0.37,0.46,0.4,5.22,6.6,1.06,2,0.07,0,0.0,3.4,0.07,2,0.07,0.07,1,0.04,35,1.28,28.57,5.714,0.11,3.25,40.45,1.64,37.78,1.57,41.86,0.44,2.56,47.14,6.39,34.86,1.94,1.28,0.33,54.83,0.66,0.26,74.26,82.29,28.27,74.81,9.13,93.2,22.43,85.83,63.63,87.43,7.6,56.25,16.95,34.06,0.26,1.79,0.07,0.04,0.91,56.0,0.73,11.25,72.4,5.92,51.85,1.57,44.19,2.08,1.24,13.62,79.62,0,,0,,0,0.0,0.0,0.0,,,0.84,,,0.62,0.04,100.0,2.05,0,0.0
M. Skóraś,Lens,Club Brugge,"RW, LAMF, RAMF",26,5000000,2029-06-30,28,1226,2,2.24,2,4.73,22.1,47.18,Poland,Poland,right,172,64,no,7.19,5.58,57.89,1.39,47.37,0.37,0.5,0.15,3.6,4.92,1.1,2,0.15,0,0.0,5.58,0.15,2,0.15,0.16,0,0.0,24,1.76,41.67,8.333,0.15,3.3,37.78,1.54,61.9,1.69,17.39,0.66,5.73,60.26,11.67,43.4,2.94,2.64,0.81,17.99,1.76,1.54,27.23,74.12,6.68,69.23,6.46,93.18,8.3,68.14,22.98,80.51,0.95,46.15,16.27,9.67,0.35,2.2,0.0,0.0,0.51,28.57,0.95,2.13,58.62,3.38,60.87,0.51,57.14,1.47,1.32,4.92,70.15,0,,0,,0,0.0,0.0,0.0,,,0.0,,,0.37,0.07,100.0,3.16,0,0.0
J. Spileers,Club Brugge,Club Brugge,"RCB, LCB",21,5000000,2028-06-30,29,2382,0,0.2,0,0.01,7.44,61.93,Belgium,Belgium,right,188,79,no,6.99,3.66,70.1,0.76,50.0,0.04,0.06,0.49,4.38,6.54,0.11,2,0.08,0,0.0,0.19,0.0,0,0.0,0.01,0,0.0,2,0.08,0.0,0.0,0.0,0.0,0.0,0.0,0.0,0.0,0.0,0.0,0.23,83.33,1.21,40.63,0.04,1.17,0.42,43.04,0.53,0.26,60.3,93.23,20.52,87.11,2.46,95.38,32.34,97.66,54.41,96.18,5.89,66.03,21.72,33.52,0.0,0.04,0.0,0.04,0.0,0.0,0.0,5.37,84.51,0.23,50.0,0.23,66.67,0.08,0.0,7.75,73.66,0,,0,,0,0.0,0.0,0.0,,,1.81,,,0.0,0.0,0.0,0.0,0,0.0
F. Lemaréchal,Club Brugge,Cercle Brugge,AMF,22,5000000,2029-06-30,31,2477,2,2.68,4,6.0,23.91,47.11,France,"France, Côte d'Ivoire",right,180,73,no,8.72,6.98,61.46,3.74,44.66,0.11,0.16,0.11,4.32,6.23,1.13,5,0.18,0,0.0,3.71,0.07,2,0.07,0.1,0,0.0,31,1.13,16.13,6.452,0.15,2.07,40.35,1.13,29.03,0.87,54.17,0.33,4.61,55.12,10.06,40.79,1.53,1.78,0.4,17.62,0.76,0.73,33.94,74.73,12.24,65.58,5.6,91.56,9.63,76.23,28.67,79.97,3.34,48.91,16.56,25.63,0.22,1.45,0.07,0.0,0.62,23.53,0.44,5.12,66.67,3.52,52.58,1.02,25.0,1.38,0.76,6.58,72.93,0,,0,,0,0.0,0.0,0.0,,,0.22,,,0.58,0.0,0.0,1.38,0,0.0
M. Delorge,Gent,Sint-Truiden,"LCMF, RCMF, DMF",21,5000000,2028-06-30,40,3893,1,2.25,1,1.95,14.56,52.22,Belgium,Belgium,left,189,79,no,9.25,6.06,65.27,2.47,48.6,0.25,0.35,0.35,5.04,6.99,0.53,6,0.14,0,0.0,0.81,0.02,1,0.02,0.05,0,0.0,30,0.69,40.0,3.333,0.02,0.39,23.53,0.18,12.5,0.21,33.33,0.05,0.67,51.72,3.84,40.96,0.67,0.83,0.21,42.51,0.62,0.88,57.5,88.82,13.52,73.33,11.35,95.52,25.29,94.61,50.4,92.11,6.73,67.7,19.81,38.31,0.05,0.51,0.02,0.07,0.25,36.36,0.14,7.58,76.83,1.46,53.97,1.2,38.46,0.83,0.14,7.12,71.1,0,,0,,0,0.0,0.0,0.0,,,1.48,,,0.02,0.0,0.0,0.14,0,0.0
E. Matazo,Hull City,Antwerp,"RDMF, LDMF",24,5000000,2028-06-30,10,397,1,0.23,0,0.24,21.76,43.75,Belgium,"Belgium, Congo DR",right,170,67,no,8.61,8.16,52.78,2.95,30.77,1.13,1.63,0.23,3.17,4.57,1.36,1,0.23,0,0.0,2.27,0.23,1,0.23,0.05,0,0.0,1,0.23,100.0,100.0,0.0,0.91,50.0,0.0,0.0,0.91,50.0,0.0,2.27,70.0,7.03,45.16,0.23,1.36,0.91,24.94,0.68,1.13,38.77,82.46,9.52,64.29,7.03,93.55,16.78,89.19,34.46,87.5,3.4,40.0,18.5,32.6,0.05,0.91,0.0,0.0,0.0,0.0,0.23,4.99,72.73,1.36,50.0,0.45,0.0,0.23,0.45,3.63,62.5,0,,0,,0,0.0,0.0,0.0,,,0.68,,,0.0,0.0,0.0,0.23,0,0.0
G. Ávila,Rosario Central,Antwerp,LB,24,5000000,2028-06-30,2,195,0,0.02,1,0.39,17.54,57.89,Argentina,Argentina,left,182,80,yes,11.54,8.77,63.16,2.77,50.0,0.46,0.75,0.92,5.54,9.0,1.38,0,0.0,0,0.0,0.92,0.0,0,0.0,0.01,0,0.0,2,0.92,0.0,0.0,0.46,2.31,40.0,2.31,40.0,0.0,0.0,0.46,1.85,0.0,5.54,50.0,0.0,0.92,0.0,44.77,6.46,3.23,51.69,78.57,19.38,66.67,9.69,85.71,18.92,87.8,42.0,84.62,7.38,56.25,21.23,36.68,0.18,1.38,0.0,0.46,0.46,0.0,0.92,12.0,76.92,5.54,50.0,1.38,33.33,1.38,0.92,13.38,75.86,0,,0,,0,0.0,0.0,0.0,,,2.77,,,0.46,0.0,0.0,0.0,0,0.0
A. Yusuf,New England,Antwerp,"RDMF, LDMF, RCMF",25,5000000,2027-12-31,30,1970,0,0.63,2,1.19,21.47,51.7,Nigeria,Nigeria,right,173,66,no,9.23,7.49,67.07,4.66,47.06,0.5,0.76,0.05,3.7,5.6,1.32,4,0.18,0,0.0,2.01,0.0,0,0.0,0.03,0,0.0,8,0.37,12.5,0.0,0.09,1.37,36.67,0.14,0.0,1.23,40.74,0.05,1.83,70.0,5.53,43.8,0.64,1.32,0.23,30.93,0.46,1.19,49.89,84.52,14.21,71.06,9.41,95.63,17.41,89.24,45.05,87.63,3.56,61.54,17.39,27.54,0.05,0.64,0.05,0.0,0.64,28.57,0.41,5.3,78.45,2.38,51.92,0.69,20.0,0.82,0.55,6.35,65.47,0,,0,,0,0.0,0.0,0.0,,,1.05,,,0.05,0.0,0.0,0.0,0,0.0
L. Amani,Cercle Brugge,Union Saint-Gilloise,"RCMF, AMF, RWF",28,5000000,2028-06-30,31,1895,0,2.34,3,3.3,23.08,48.35,Côte d'Ivoire,"Côte d'Ivoire, Belgium",right,172,64,no,8.31,7.31,68.18,1.47,25.81,0.38,0.52,0.14,2.94,4.03,1.42,6,0.28,0,0.0,3.85,0.0,0,0.0,0.11,0,0.0,25,1.19,40.0,0.0,0.14,2.18,45.65,0.05,0.0,2.04,48.84,0.43,4.32,49.45,10.97,40.26,1.95,2.33,1.09,19.38,0.66,2.04,29.73,72.36,10.31,61.75,5.7,93.33,8.03,75.74,25.88,76.7,1.8,44.74,16.43,23.81,0.16,1.09,0.09,0.05,0.85,27.78,0.52,3.09,63.08,3.47,49.32,0.95,25.0,1.09,0.85,5.13,75.0,0,,0,,0,0.0,0.0,0.0,,,0.38,,,0.0,0.0,0.0,0.05,0,0.0
Z. Vanheusden,,Standard Liège,RCB,26,5000000,,22,2001,0,0.79,0,0.08,13.99,61.74,Belgium,Belgium,right,187,80,no,10.3,5.58,67.74,3.91,60.92,0.31,0.4,0.72,6.21,7.98,0.81,7,0.31,0,0.0,0.67,0.0,0,0.0,0.04,0,0.0,11,0.49,18.18,0.0,0.0,0.27,50.0,0.04,100.0,0.22,40.0,0.04,0.72,62.5,2.16,58.33,0.81,1.53,0.36,34.36,0.67,1.17,51.99,84.69,20.1,72.26,2.92,95.38,23.25,93.04,42.55,91.75,9.22,52.68,21.65,41.15,0.0,0.09,0.0,0.0,0.04,0.0,0.09,8.77,64.62,1.08,54.17,0.9,40.0,0.63,0.13,10.52,68.8,0,,0,,0,0.0,0.0,0.0,,,1.8,,,0.04,0.04,0.0,0.0,0,0.0
L. Vázquez,Birmingham City,Anderlecht,CF,25,5000000,2029-06-30,38,1164,7,8.07,0,0.22,20.34,33.08,Argentina,Argentina,right,190,85,no,3.71,3.25,66.67,6.34,25.61,0.08,0.11,0.08,1.47,2.13,0.7,3,0.23,0,0.0,2.32,0.54,6,0.46,0.62,3,0.23,40,3.09,45.0,17.5,0.0,0.23,0.0,0.08,0.0,0.15,0.0,0.0,1.47,63.16,6.49,22.62,5.26,1.01,0.23,13.92,3.02,0.54,18.09,73.5,3.4,54.55,5.95,85.71,2.78,69.44,17.55,74.45,0.31,75.0,10.79,3.32,0.02,0.31,0.08,0.08,0.08,0.0,0.08,1.16,73.33,0.62,25.0,0.08,0.0,0.62,0.0,1.7,45.45,0,,0,,0,0.0,0.0,0.0,,,0.0,,,0.0,0.0,0.0,0.0,1,100.0
T. Hazard,Lens,Anderlecht,LWF,33,5000000,2028-06-30,22,1710,4,4.52,4,3.02,23.42,44.27,Belgium,Belgium,right,175,71,no,7.53,7.37,62.14,2.79,33.96,0.16,0.22,0.11,2.79,3.91,1.63,7,0.37,0,0.0,3.26,0.21,4,0.21,0.24,1,0.05,38,2.0,39.47,10.526,0.21,2.0,36.84,0.79,6.67,1.21,56.52,0.42,3.32,49.21,10.58,36.32,3.63,2.11,0.63,30.58,2.74,1.58,40.32,84.2,9.53,77.9,9.58,95.05,10.95,80.29,36.37,87.7,2.11,65.0,14.64,25.75,0.16,1.37,0.26,0.05,0.32,33.33,0.47,3.47,71.21,2.53,62.5,0.68,46.15,1.42,0.68,5.0,82.11,0,,0,,0,0.0,0.0,0.0,,,0.11,,,0.58,0.16,33.33,1.53,0,0.0
Leonardo Lopes,Gent,Cercle Brugge,"RDMF, RCMF, LB",27,4500000,2028-06-30,33,3010,2,3.41,2,1.51,20.66,50.36,Portugal,Portugal,right,168,64,no,9.78,6.85,61.14,5.11,51.46,0.12,0.17,0.21,5.47,7.73,1.5,6,0.18,0,0.0,1.82,0.06,2,0.06,0.1,1,0.03,32,0.96,31.25,6.25,0.06,1.08,38.89,0.54,44.44,0.54,33.33,0.12,2.3,45.45,5.11,39.18,1.08,0.87,0.48,15.88,0.66,1.35,30.2,72.08,14.98,61.28,3.92,90.84,6.55,77.63,24.25,77.93,4.96,49.4,17.55,26.19,0.05,0.42,0.03,0.0,0.24,25.0,0.12,7.18,59.17,2.3,54.55,0.69,26.09,0.84,0.57,7.59,81.1,0,,0,,0,0.0,0.0,0.0,,,0.78,,,0.06,0.03,0.0,0.0,0,0.0
Warleson,Cercle Brugge,Cercle Brugge,GK,29,4500000,2027-06-30,40,4057,0,0.0,1,0.09,0.44,80.0,Brazil,"Brazil, Italy",right,190,87,no,1.75,0.09,25.0,0.2,100.0,0.0,0.0,0.0,1.73,2.49,0.02,1,0.02,0,0.0,0.0,0.0,0,0.0,0.0,0,0.0,0,0.0,0.0,0.0,0.02,0.0,0.0,0.0,0.0,0.0,0.0,0.0,0.0,0.0,0.09,100.0,0.0,0.0,0.0,8.85,0.13,0.2,13.53,77.54,12.07,75.55,0.02,0.0,1.38,95.16,2.35,97.17,11.18,73.41,44.61,49.11,0.0,0.02,0.0,0.0,0.0,0.0,0.04,5.19,70.51,0.13,0.0,0.24,45.45,0.11,0.0,8.7,91.07,47,1.04,183,4.06,12,74.32,55.03,1.22,8.03,0.178,0.0,0.64,0.2,,,,0.0,0,0.0
K. Sabbe,Club Brugge,Club Brugge,"RB, LB",21,4500000,2028-06-30,21,1143,1,0.21,3,1.72,15.83,47.26,Belgium,Belgium,right,175,68,no,8.5,7.95,51.49,1.81,56.52,0.16,0.21,0.47,4.25,5.74,0.71,1,0.08,0,0.0,1.73,0.08,1,0.08,0.02,0,0.0,8,0.63,12.5,12.5,0.24,2.52,31.25,0.24,66.67,2.28,27.59,0.63,1.97,44.0,4.8,36.07,1.02,1.73,1.1,32.13,1.57,0.47,44.25,84.88,14.88,80.95,8.98,93.86,14.09,88.83,38.9,89.07,2.83,75.0,16.93,19.75,0.14,1.02,0.0,0.0,0.08,0.0,0.63,4.8,90.16,2.52,46.88,0.08,0.0,0.63,0.94,8.9,76.11,0,,0,,0,0.0,0.0,0.0,,,0.87,,,0.0,0.0,0.0,0.0,0,0.0
Z. El Ouahdi,Genk,Genk,"RB, RWB",24,4500000,2028-06-30,29,2612,0,2.56,4,2.58,21.47,45.43,Belgium,"Belgium, Morocco",right,172,66,no,10.68,9.34,58.3,1.86,16.67,0.28,0.38,0.24,4.96,6.79,1.45,7,0.24,1,0.03,2.55,0.0,0,0.0,0.09,0,0.0,25,0.86,28.0,0.0,0.14,1.58,39.13,0.03,0.0,1.48,39.53,0.17,3.58,47.12,7.72,38.84,1.69,1.9,0.65,27.08,2.21,1.24,36.52,85.47,12.47,79.83,7.99,96.12,9.58,83.45,32.63,90.5,2.41,47.14,16.66,29.75,0.09,0.52,0.0,0.03,0.1,0.0,0.34,3.62,78.1,2.1,50.82,0.38,27.27,0.65,0.62,6.31,75.96,0,,0,,0,0.0,0.0,0.0,,,1.1,,,0.0,0.0,0.0,0.14,0,0.0
A. Muja,Samsunspor,Antwerp,"RAMF, LAMF, RWB",27,4500000,2027-06-30,23,1346,5,3.94,3,2.67,20.73,39.68,Albania,"Albania, Kosovo",right,179,69,no,5.75,5.35,60.0,2.41,13.89,0.27,0.41,0.0,2.27,3.47,0.67,3,0.2,0,0.0,5.62,0.33,5,0.33,0.26,1,0.07,37,2.47,40.54,13.514,0.2,2.94,40.91,1.47,45.45,1.47,36.36,0.6,6.29,52.13,10.9,38.65,3.48,3.08,0.94,27.95,4.01,1.0,34.44,81.17,5.42,62.96,10.36,94.84,11.5,77.91,29.29,86.99,2.27,58.82,16.17,21.38,0.18,0.94,0.0,0.0,0.33,40.0,0.6,2.34,71.43,2.41,50.0,0.27,50.0,1.0,1.2,4.55,75.0,0,,0,,0,0.0,0.0,0.0,,,0.6,,,0.2,0.0,0.0,0.2,0,0.0
J. Ekkelenkamp,Udinese,Antwerp,AMF,26,4500000,2029-06-30,39,2933,5,8.03,1,2.99,12.95,41.94,Netherlands,Netherlands,right,188,74,no,5.34,3.93,66.41,2.27,39.19,0.34,0.5,0.18,2.39,3.52,0.64,5,0.15,0,0.0,1.44,0.15,5,0.15,0.25,1,0.03,46,1.41,30.43,10.87,0.03,0.95,35.48,0.49,43.75,0.46,26.67,0.12,1.14,45.95,3.71,29.75,2.73,0.92,0.55,27.8,1.23,0.55,34.49,85.68,8.81,74.91,7.64,93.17,11.66,89.47,31.42,88.77,2.15,62.86,17.09,24.85,0.09,0.4,0.0,0.0,0.31,50.0,0.15,4.14,81.48,1.35,56.82,0.25,37.5,0.64,0.34,3.8,76.61,0,,0,,0,0.0,0.0,0.0,,,0.43,,,0.0,0.0,0.0,0.0,0,0.0
C. Vanhoutte,Feyenoord,Union Saint-Gilloise,"DMF, RCMF",27,4500000,2030-06-30,39,3403,1,1.24,2,0.92,18.78,51.69,Belgium,Belgium,right,182,74,no,11.69,7.91,62.21,4.07,46.75,1.24,1.68,0.21,5.53,7.49,1.59,11,0.29,0,0.0,0.69,0.03,1,0.03,0.03,0,0.0,12,0.32,50.0,8.333,0.05,0.5,36.84,0.16,33.33,0.32,33.33,0.03,0.5,52.63,2.75,39.42,0.5,0.42,0.03,27.85,0.21,0.69,45.49,85.7,17.96,74.23,5.79,97.26,14.2,93.3,39.99,89.29,5.0,61.9,17.83,35.88,0.02,0.42,0.05,0.0,0.19,42.86,0.08,7.93,72.0,1.06,47.5,0.29,36.36,0.37,0.13,7.54,77.19,0,,0,,0,0.0,0.0,0.0,,,0.63,,,0.16,0.0,0.0,0.21,0,0.0
 Ludwig Augustinsson,Anderlecht,Anderlecht,LB,32,4000000,2027-06-30,31,2783,0,1.82,5,5.25,15.23,57.32,Sweden,Sweden,left,181,76,no,7.21,6.24,67.36,3.36,47.12,0.26,0.35,0.1,2.75,3.68,0.78,3,0.1,0,0.0,2.36,0.0,0,0.0,0.06,0,0.0,18,0.58,33.33,0.0,0.16,3.59,39.64,3.43,38.68,0.16,60.0,0.61,1.39,53.49,3.3,50.0,1.16,1.42,0.39,33.34,3.14,0.87,44.27,79.55,19.05,72.67,6.86,94.81,11.06,79.24,34.8,89.59,6.14,45.26,18.26,32.55,0.17,0.94,0.06,0.19,0.0,0.0,0.52,5.17,65.63,3.62,50.0,0.36,27.27,0.52,1.23,10.06,70.42,0,,0,,0,0.0,0.0,0.0,,,0.71,,,0.42,0.0,0.0,0.78,0,0.0
H. Delcroix,Lugano,Anderlecht,LB,27,4000000,2028-06-30,1,14,0,0.0,0,0.0,,,Haiti,"Haiti, Belgium",left,183,75,no,,,,,,,15.0,,,15.0,,0,,0,,,,0,,,0,,0,,,0.0,,,,,,,,,,,,,,,,,,,,,,,,,,,,,,,22.44,0.0,,,,,,,,,,,,,,,,,,0,,0,,0,0.0,0.0,,,,,,,,,,,0,0.0
Y. Gboho,Toulouse,Cercle Brugge,"AMF, LAMF, LWF",25,4000000,2027-06-30,20,1517,0,5.75,2,3.0,31.44,36.42,Côte d'Ivoire,"Côte d'Ivoire, France",right,178,63,no,6.11,4.98,65.48,3.14,16.98,0.24,0.35,0.0,2.61,3.83,0.89,0,0.0,0,0.0,4.51,0.0,0,0.0,0.34,0,0.0,40,2.37,20.0,0.0,0.12,1.31,18.18,1.01,23.53,0.18,0.0,0.12,7.95,46.27,19.52,33.13,5.7,3.74,1.19,15.31,1.07,1.36,22.72,71.02,7.71,66.92,3.5,93.22,5.34,73.33,20.76,75.71,0.65,27.27,15.46,15.16,0.18,1.42,0.0,0.18,1.07,11.11,0.42,1.96,60.61,2.79,57.45,1.07,16.67,2.61,0.24,2.37,80.0,0,,0,,0,0.0,0.0,0.0,,,0.0,,,0.0,0.0,0.0,0.0,0,0.0
P. Zinckernagel,Chicago Fire,Club Brugge,"LAMF, RAMF, LWF",31,4000000,2028-12-31,29,1715,7,5.84,4,4.28,21.94,45.93,Denmark,Denmark,right,175,70,no,6.03,6.72,62.5,1.99,28.95,0.26,0.38,0.05,1.57,2.3,1.63,2,0.1,0,0.0,4.93,0.37,7,0.37,0.31,1,0.05,48,2.52,45.83,14.583,0.21,3.1,30.51,1.63,35.48,1.47,25.0,0.58,5.51,50.48,11.07,41.71,3.78,2.47,0.73,24.61,1.57,1.1,33.48,79.15,7.19,67.15,8.92,96.47,9.81,75.4,29.28,85.3,1.15,50.0,15.35,18.17,0.22,1.42,0.0,0.1,0.37,14.29,0.63,2.89,72.73,3.62,47.83,0.58,27.27,1.0,0.84,3.46,80.3,0,,0,,0,0.0,0.0,0.0,,,0.05,,,0.84,0.16,33.33,1.73,0,0.0
Y. Sor,Genk,Genk,"CF, RAMF",25,4000000,2027-06-30,20,1169,6,9.4,1,1.98,20.63,33.21,Nigeria,Nigeria,right,179,68,no,3.85,3.62,63.83,5.08,16.67,0.08,0.13,0.0,1.46,2.45,1.54,1,0.08,0,0.0,3.7,0.46,6,0.46,0.72,0,0.0,39,3.0,41.03,15.385,0.08,1.0,15.38,0.23,33.33,0.54,0.0,0.23,3.46,53.33,8.16,32.08,4.93,2.23,0.46,16.48,2.23,0.85,19.56,73.23,4.39,63.16,3.93,92.16,5.47,63.38,18.02,77.35,0.54,42.86,14.4,11.63,0.15,1.08,0.08,0.0,0.62,75.0,0.38,1.77,69.57,1.85,66.67,0.46,66.67,1.46,0.23,3.39,77.27,0,,0,,0,0.0,0.0,0.0,,,0.08,,,0.0,0.0,0.0,0.0,0,0.0
J. Steuckers,Genk,Sint-Truiden,"RWF, AMF",24,4000000,2028-06-30,35,3054,6,6.05,6,7.67,14.62,38.91,Belgium,Belgium,left,180,74,no,3.27,3.12,51.89,0.85,34.48,0.12,0.17,0.03,1.53,2.2,0.32,1,0.03,0,0.0,4.6,0.18,6,0.18,0.18,1,0.03,50,1.47,32.0,12.0,0.18,3.68,40.8,0.53,38.89,3.12,40.57,0.41,4.04,54.74,9.08,38.31,2.18,3.39,1.21,41.58,3.21,0.71,52.78,80.07,11.73,65.08,12.85,94.27,20.83,80.76,42.64,85.76,6.6,64.29,19.96,38.73,0.23,2.15,0.15,0.0,1.15,35.9,0.83,6.66,68.14,6.07,54.37,2.12,40.28,2.06,1.5,9.81,82.28,0,,0,,0,0.0,0.0,0.0,,,0.65,,,0.68,0.03,0.0,2.33,1,0.0
G. Yow,New England,Westerlo,"RAMF, RW",23,4000000,2029-06-30,28,2231,7,6.47,5,3.75,26.02,44.65,United States,United States,right,170,61,no,9.2,8.92,62.9,1.61,15.0,0.04,0.05,0.2,3.55,4.32,1.01,2,0.08,0,0.0,4.16,0.28,6,0.24,0.26,0,0.0,64,2.58,23.44,10.938,0.2,2.62,24.62,0.48,50.0,2.14,18.87,0.48,5.49,52.94,12.71,38.41,3.03,1.86,0.48,14.04,1.05,1.01,20.05,72.64,5.69,63.83,3.91,89.69,6.05,66.67,16.18,81.3,1.33,60.61,17.8,21.82,0.15,0.97,0.04,0.04,0.12,0.0,0.4,1.61,65.0,2.02,50.0,0.24,16.67,0.85,0.69,3.39,73.81,0,,0,,0,0.0,0.0,0.0,,,0.08,,,0.28,0.16,0.0,0.93,1,100.0
J. Ondrejka,Parma,Antwerp,"LAMF, LWF, AMF",23,4000000,2029-06-30,23,1269,5,5.02,1,3.35,17.45,42.68,Sweden,Sweden,right,180,70,no,3.76,3.55,52.0,2.27,28.13,0.14,0.21,0.21,1.77,2.67,0.92,3,0.21,0,0.0,4.18,0.35,3,0.21,0.36,0,0.0,34,2.41,55.88,14.706,0.07,2.41,20.59,1.77,24.0,0.57,12.5,0.21,4.33,52.46,8.3,46.15,3.12,2.62,0.43,20.64,3.62,1.42,25.67,74.31,5.18,61.64,7.87,90.09,5.96,77.38,22.41,80.38,0.92,61.54,16.59,17.11,0.24,1.91,0.07,0.0,0.07,100.0,0.35,1.28,77.78,2.77,56.41,0.14,100.0,1.49,0.57,3.76,75.47,0,,0,,0,0.0,0.0,0.0,,,0.07,,,1.56,0.35,20.0,4.61,2,100.0
G. Slonina,Chelsea,Eupen,GK,22,4000000,2028-06-30,33,3272,0,0.0,0,0.0,0.61,86.36,United States,"United States, Poland",right,193,89,no,1.95,0.08,100.0,0.36,84.62,0.0,0.0,0.0,1.87,2.21,0.0,1,0.03,0,0.0,0.0,0.0,0,0.0,0.0,0,0.0,0,0.0,0.0,0.0,0.0,0.0,0.0,0.0,0.0,0.0,0.0,0.0,0.0,0.0,0.06,50.0,0.0,0.0,0.0,13.48,0.11,0.08,21.62,87.4,9.21,74.03,0.0,0.0,11.53,97.37,15.05,97.07,6.55,65.13,28.65,43.17,0.0,0.0,0.0,0.0,0.0,0.0,0.0,0.83,36.67,0.0,0.0,0.08,33.33,0.0,0.0,5.14,66.31,63,1.73,197,5.42,5,68.02,62.74,1.73,-0.26,-0.007,0.0,1.07,0.36,,,,0.0,0,0.0
B. Nieuwkoop,Feyenoord,Union Saint-Gilloise,RWB,30,4000000,2027-06-30,2,199,0,0.37,0,0.33,19.45,48.84,Netherlands,Netherlands,right,181,75,no,10.4,10.4,56.52,4.97,45.45,0.9,1.3,0.0,3.62,5.22,2.26,0,0.0,0,0.0,1.36,0.0,0,0.0,0.17,0,0.0,2,0.9,0.0,0.0,0.0,2.71,16.67,0.0,0.0,2.71,16.67,0.0,0.9,50.0,3.62,25.0,2.71,0.9,0.0,36.63,1.81,0.45,43.42,79.17,9.95,59.09,8.59,100.0,10.4,73.91,36.18,88.75,4.52,40.0,16.93,35.12,0.15,0.9,0.0,0.45,0.9,50.0,0.45,5.43,66.67,4.52,40.0,1.81,25.0,1.81,0.45,7.69,82.35,0,,0,,0,0.0,0.0,0.0,,,0.45,,,0.0,0.0,0.0,0.0,0,0.0
L. Lapoussin,Guangxi Hengchen,Union Saint-Gilloise,LWB,30,4000000,,31,2624,5,4.57,4,4.84,22.26,41.29,France,"France, Madagascar",right,181,70,no,7.92,5.69,65.66,0.72,9.52,0.14,0.18,0.1,4.05,5.3,0.45,7,0.24,0,0.0,4.39,0.17,5,0.17,0.16,0,0.0,41,1.41,39.02,12.195,0.14,2.68,37.18,2.37,37.68,0.24,28.57,0.45,6.28,44.26,12.55,34.97,2.64,3.53,0.55,30.39,1.65,0.82,43.18,78.4,17.66,68.74,7.61,94.59,10.87,79.5,36.56,83.49,4.01,58.12,17.05,27.81,0.17,1.23,0.07,0.03,0.24,28.57,0.55,6.65,74.23,3.57,54.81,0.55,18.75,1.61,1.06,9.91,80.97,0,,0,,0,0.0,0.0,0.0,,,0.38,,,0.0,0.0,0.0,0.14,0,0.0
D. Lavalée,Standard Liège,Mechelen,LCB,29,4000000,2028-06-30,3,207,0,0.0,0,0.0,12.61,58.62,Belgium,Belgium,left,187,76,no,15.65,7.39,58.82,2.17,20.0,0.87,0.98,2.17,10.43,11.8,1.3,0,0.0,0,0.0,0.0,0.0,0,0.0,0.0,0,0.0,0,0.0,0.0,0.0,0.0,0.0,0.0,0.0,0.0,0.0,0.0,0.0,0.0,0.0,0.87,50.0,0.0,0.43,0.43,52.17,0.0,0.43,65.22,86.67,30.87,74.65,5.22,100.0,26.52,96.72,57.83,93.98,7.39,29.41,23.41,47.91,0.0,0.0,0.0,0.0,0.0,0.0,0.0,6.96,50.0,0.43,0.0,0.87,50.0,0.0,0.0,8.26,52.63,0,,0,,0,0.0,0.0,0.0,,,3.91,,,0.0,0.0,0.0,0.0,0,0.0
W. Kanga,Gent,Standard Liège,CF,28,4000000,2028-06-30,36,3455,12,14.48,2,2.52,19.54,32.67,France,"France, Côte d'Ivoire",right,189,90,no,1.93,1.59,40.98,4.25,40.49,0.03,0.03,0.13,1.25,1.56,1.25,5,0.13,0,0.0,1.93,0.31,10,0.26,0.38,0,0.0,69,1.8,57.97,17.391,0.05,0.96,10.81,0.47,16.67,0.44,5.88,0.1,1.64,46.03,8.86,30.0,3.67,0.63,0.26,7.55,1.62,0.91,12.84,73.23,1.95,61.33,3.15,87.6,3.83,69.39,11.62,78.25,0.26,80.0,14.92,6.35,0.07,0.49,0.05,0.03,0.16,16.67,0.23,0.68,61.54,0.76,37.93,0.05,0.0,0.57,0.13,0.73,57.14,0,,0,,0,0.0,0.0,0.0,,,0.0,,,0.03,0.03,0.0,0.0,4,50.0
D. Drăguş,Trabzonspor,Standard Liège,CF,27,4000000,2028-06-30,6,342,1,0.84,0,0.0,30.79,45.3,Romania,Romania,right,185,79,no,5.53,6.58,64.0,3.68,57.14,0.0,0.0,0.0,1.32,1.97,1.32,1,0.26,0,0.0,5.26,0.26,1,0.26,0.22,0,0.0,10,2.63,40.0,10.0,0.0,1.58,16.67,1.32,20.0,0.26,0.0,1.05,8.16,48.39,16.32,43.55,2.89,1.84,1.05,10.53,1.32,0.79,20.0,65.79,5.26,70.0,3.68,78.57,5.53,66.67,18.16,69.57,0.53,50.0,14.69,16.49,0.0,0.0,0.0,0.0,0.26,0.0,0.0,2.37,33.33,2.37,44.44,0.26,0.0,1.32,0.26,3.16,75.0,0,,0,,0,0.0,0.0,0.0,,,0.0,,,0.26,0.26,0.0,0.0,0,0.0
S. Alzate,Atlanta United,Standard Liège,"LCMF, RCMF",27,4000000,2030-12-31,24,1997,2,1.44,3,1.96,18.03,47.75,England,"England, Colombia",right,180,76,no,8.29,6.04,64.18,2.25,40.0,0.18,0.23,0.09,4.24,5.38,0.95,3,0.14,1,0.05,1.26,0.09,2,0.09,0.06,0,0.0,16,0.72,18.75,12.5,0.14,0.68,26.67,0.23,40.0,0.45,20.0,0.09,1.98,40.91,7.26,38.51,0.99,0.86,0.09,29.74,0.36,1.08,46.15,87.79,12.75,74.91,8.52,94.18,17.31,93.75,41.87,90.96,3.61,62.5,17.3,33.6,0.09,0.72,0.0,0.0,0.18,75.0,0.14,5.68,76.19,1.44,46.88,0.9,45.0,0.81,0.23,6.22,77.54,0,,0,,0,0.0,0.0,0.0,,,0.45,,,0.32,0.0,0.0,0.36,0,0.0
E. Bayram,İstanbul Başakşehir,Westerlo,"RCB, LCB",23,4000000,2030-06-30,23,2175,1,1.71,1,0.09,22.01,63.72,Türkiye,Türkiye,right,186,78,no,13.9,9.19,68.92,5.83,68.79,0.33,0.4,0.74,7.24,8.85,1.16,7,0.29,0,0.0,1.41,0.04,1,0.04,0.07,0,0.0,14,0.58,42.86,7.143,0.04,0.25,50.0,0.0,0.0,0.21,40.0,0.04,1.74,57.14,4.06,48.98,0.79,0.99,0.5,29.96,0.66,0.99,48.21,86.61,20.03,76.86,3.43,95.18,20.48,94.95,42.08,90.66,5.88,59.15,21.07,35.18,0.0,0.04,0.0,0.0,0.08,50.0,0.04,6.0,71.72,0.58,42.86,0.58,28.57,0.21,0.12,7.78,65.43,0,,0,,0,0.0,0.0,0.0,,,2.36,,,0.0,0.0,0.0,0.0,0,0.0
M. Rits,Anderlecht,Anderlecht,"DMF, RCMF",32,3500000,,37,3298,0,1.16,1,2.34,12.25,48.55,Belgium,Belgium,right,178,72,no,9.99,5.95,57.8,2.62,35.42,0.22,0.29,0.49,6.33,8.42,0.87,4,0.11,0,0.0,0.65,0.0,0,0.0,0.03,0,0.0,16,0.44,37.5,0.0,0.03,0.68,44.0,0.19,14.29,0.44,56.25,0.05,0.22,50.0,1.12,41.46,0.49,0.35,0.05,27.32,0.08,0.6,41.86,79.99,14.71,60.11,4.78,93.71,16.35,91.49,34.47,87.41,6.71,45.53,19.61,35.16,0.06,0.57,0.05,0.03,0.14,60.0,0.11,6.63,58.02,1.61,64.41,0.52,47.37,0.74,0.3,6.3,65.37,0,,0,,0,0.0,0.0,0.0,,,0.85,,,0.25,0.03,0.0,0.25,0,0.0
B. Popović,Arouca,Cercle Brugge,RCB,26,3500000,2028-06-30,37,2656,0,2.03,2,0.58,19.89,57.24,France,"France, Serbia",right,189,75,no,9.45,6.84,67.33,9.08,52.61,0.14,0.2,0.44,4.71,6.82,1.42,5,0.17,2,0.07,0.41,0.0,0,0.0,0.07,0,0.0,12,0.41,25.0,0.0,0.07,0.07,50.0,0.0,0.0,0.07,50.0,0.0,0.3,77.78,0.98,58.62,1.22,0.3,0.0,8.64,0.2,0.54,22.7,75.37,12.57,67.39,2.3,89.71,5.76,87.65,18.06,80.86,4.57,54.07,19.21,26.23,0.02,0.1,0.0,0.03,0.03,100.0,0.03,4.68,65.94,0.47,42.86,0.37,54.55,0.41,0.03,6.37,64.36,0,,0,,0,0.0,0.0,0.0,,,1.73,,,0.0,0.0,0.0,0.0,0,0.0
M. Samoise,Gent,Gent,"RWB, RB",24,3500000,2028-06-30,39,3431,6,4.21,1,2.61,19.99,50.66,Belgium,Belgium,right,180,70,no,10.55,9.15,56.45,2.18,44.58,0.31,0.43,0.29,5.06,6.88,1.29,5,0.13,0,0.0,2.73,0.16,6,0.16,0.11,1,0.03,36,0.94,38.89,16.667,0.03,2.86,32.11,0.18,42.86,2.65,31.68,0.39,2.47,54.26,5.43,48.31,1.84,1.57,0.39,37.43,3.86,1.6,48.87,79.5,13.27,65.81,11.57,94.33,15.03,82.55,40.84,84.91,5.32,62.56,18.89,37.12,0.07,0.6,0.05,0.05,0.26,40.0,0.31,4.7,72.07,2.6,50.51,0.39,33.33,0.6,0.84,9.36,68.63,0,,0,,0,0.0,0.0,0.0,,,0.66,,,0.03,0.03,0.0,0.24,0,0.0
O. Gandelman,Lecce,Gent,"LCMF, AMF",26,3500000,2029-06-30,33,1923,11,7.74,4,0.59,17.32,45.68,Israel,"Israel, Portugal",left,188,82,no,7.91,6.51,57.55,4.21,48.89,0.19,0.24,0.05,3.98,5.18,0.94,1,0.05,1,0.05,1.5,0.51,11,0.51,0.36,3,0.14,49,2.29,51.02,22.449,0.19,0.14,33.33,0.14,33.33,0.0,0.0,0.0,0.75,31.25,3.84,30.49,2.95,0.56,0.14,18.63,1.17,0.47,28.03,74.46,11.75,58.17,4.54,92.78,6.6,85.11,24.62,78.33,3.28,47.14,15.79,25.3,0.03,0.47,0.05,0.0,0.19,25.0,0.33,4.07,57.47,0.8,29.41,0.56,41.67,0.42,0.05,4.21,61.11,0,,0,,0,0.0,0.0,0.0,,,0.05,,,0.0,0.0,0.0,0.0,0,0.0
F. Gattoni,Sevilla,Anderlecht,"LCB, RCB",27,3500000,2027-06-30,10,602,0,0.47,0,0.0,16.45,63.64,Argentina,"Argentina, Italy",right,183,79,no,9.57,6.73,73.33,5.68,63.16,0.45,0.57,1.35,4.19,5.32,1.2,0,0.0,0,0.0,0.15,0.0,0,0.0,0.07,0,0.0,2,0.3,0.0,0.0,0.0,0.0,0.0,0.0,0.0,0.0,0.0,0.0,0.3,50.0,0.9,50.0,0.45,1.35,0.0,32.59,0.75,0.75,47.54,91.82,15.55,85.58,3.29,100.0,22.72,94.08,44.4,95.29,3.14,42.86,15.06,20.93,0.0,0.0,0.0,0.0,0.0,0.0,0.0,3.29,59.09,0.3,0.0,0.15,0.0,0.0,0.0,4.78,59.38,0,,0,,0,0.0,0.0,0.0,,,1.94,,,0.0,0.0,0.0,0.0,0,0.0
P. Hrošovský,Viktoria Plzeň,Genk,"LDMF, LCMF",34,3500000,2027-06-30,40,3404,0,2.54,5,3.24,14.52,51.18,Slovakia,Slovakia,right,173,70,no,7.67,5.5,69.23,1.77,31.34,0.08,0.12,0.19,3.78,5.6,0.5,4,0.11,0,0.0,1.43,0.0,0,0.0,0.07,0,0.0,34,0.9,17.65,0.0,0.13,0.77,48.28,0.29,54.55,0.48,44.44,0.05,1.75,45.45,4.71,45.51,0.82,0.56,0.05,25.01,0.24,0.93,39.02,84.49,12.27,69.18,6.24,95.76,13.85,90.46,32.76,90.56,5.55,52.86,18.95,31.77,0.09,0.79,0.03,0.0,0.29,36.36,0.32,5.87,72.97,1.82,47.83,0.77,34.48,0.63,0.37,5.95,71.56,0,,0,,0,0.0,0.0,0.0,,,0.71,,,0.34,0.0,0.0,0.66,0,0.0
R. Yaremchuk,Olympiacos Piraeus,Club Brugge,CF,30,3500000,2028-06-30,3,74,0,0.55,0,0.08,18.24,26.67,Ukraine,Ukraine,right,191,83,no,3.65,4.86,25.0,2.43,50.0,0.0,0.0,0.0,2.43,4.0,1.22,1,1.22,0,0.0,4.86,0.0,0,0.0,0.67,0,0.0,3,3.65,66.67,0.0,0.0,1.22,0.0,0.0,0.0,1.22,0.0,0.0,6.08,40.0,9.73,25.0,7.3,0.0,1.22,23.11,2.43,1.22,32.84,74.07,4.86,75.0,8.51,71.43,14.59,75.0,31.62,76.92,0.0,0.0,14.16,0.0,0.1,2.43,0.0,0.0,1.22,0.0,1.22,3.65,33.33,2.43,50.0,1.22,0.0,2.43,0.0,1.22,100.0,0,,0,,0,0.0,0.0,0.0,,,0.0,,,0.0,0.0,0.0,0.0,0,0.0
C. Nielsen,Standard Liège,Club Brugge,"RDMF, RCMF",32,3500000,2028-06-30,31,1608,2,2.4,0,1.89,17.29,45.95,Denmark,Denmark,right,182,76,no,8.23,7.56,56.3,3.19,42.11,0.45,0.64,0.45,3.53,5.05,1.68,3,0.17,0,0.0,2.52,0.11,2,0.11,0.13,0,0.0,27,1.51,33.33,7.407,0.0,3.36,35.0,0.73,46.15,2.63,31.91,0.39,1.18,57.14,3.69,39.39,2.35,0.56,0.17,21.6,0.67,0.9,29.89,73.03,10.75,65.1,4.59,93.9,9.63,73.84,22.95,81.46,3.75,55.22,18.99,29.33,0.11,0.95,0.0,0.0,0.28,60.0,0.73,4.93,61.36,3.25,44.83,0.62,36.36,0.67,1.01,5.71,76.47,0,,0,,0,0.0,0.0,0.0,,,0.22,,,0.11,0.0,0.0,1.23,0,0.0
K. Nkuba,Genk,Genk,"RW, RWB, RB",24,3500000,2028-06-30,9,274,0,0.16,0,0.32,33.5,49.02,Belgium,"Belgium, Congo DR",right,179,82,no,15.11,14.78,66.67,1.64,20.0,0.66,0.87,0.0,4.6,6.09,2.3,0,0.0,0,0.0,5.58,0.0,0,0.0,0.05,0,0.0,3,0.99,0.0,0.0,0.0,6.57,40.0,0.0,0.0,6.57,40.0,0.66,7.55,39.13,13.8,30.95,2.3,2.3,0.33,24.31,1.97,1.97,34.49,73.33,7.55,69.57,8.21,84.0,9.53,79.31,26.28,83.75,1.97,33.33,18.76,27.06,0.1,1.31,0.0,0.0,0.0,0.0,0.99,1.64,60.0,4.93,60.0,0.0,0.0,0.33,2.63,5.91,66.67,0,,0,,0,0.0,0.0,0.0,,,0.66,,,0.0,0.0,0.0,0.0,0,0.0
A. Dønnum,Toulouse,Standard Liège,"LWB, LW, LAMF",28,3500000,2027-06-30,5,475,0,0.12,1,0.38,18.38,39.18,Norway,Norway,left,179,73,no,5.87,3.79,35.0,1.14,50.0,0.19,0.26,0.0,4.36,5.9,0.95,2,0.38,0,0.0,4.17,0.0,0,0.0,0.02,0,0.0,2,0.38,50.0,0.0,0.19,1.89,20.0,1.89,20.0,0.0,0.0,0.38,5.68,63.33,10.61,41.07,1.52,1.33,0.19,20.84,1.71,0.95,27.28,72.92,8.53,57.78,5.12,96.3,9.66,76.47,20.65,84.4,4.74,44.0,22.34,38.63,0.07,1.14,0.0,0.0,0.0,0.0,0.19,3.22,58.82,2.46,38.46,0.57,0.0,0.95,0.38,5.87,67.74,0,,0,,0,0.0,0.0,0.0,,,0.0,,,0.57,0.0,0.0,2.27,0,0.0
Mujaid Sadick,Genk,Genk,"RCB, LCB",26,3500000,2028-06-30,27,2542,0,1.76,0,0.01,15.22,62.33,Spain,"Spain, Nigeria",right,183,88,no,10.16,7.51,72.64,3.68,51.92,0.07,0.1,0.81,4.64,6.66,0.74,4,0.14,0,0.0,0.39,0.0,0,0.0,0.06,0,0.0,6,0.21,16.67,0.0,0.0,0.0,0.0,0.0,0.0,0.0,0.0,0.0,0.6,58.82,1.95,45.45,0.32,0.6,0.18,27.08,0.32,0.39,39.55,90.33,13.74,79.64,3.15,96.63,19.72,98.03,36.43,93.88,3.12,48.86,19.86,28.68,0.0,0.04,0.0,0.0,0.0,0.0,0.0,3.68,86.54,0.11,33.33,0.11,33.33,0.04,0.0,5.31,56.67,0,,0,,0,0.0,0.0,0.0,,,2.66,,,0.0,0.0,0.0,0.0,0,0.0
A. Flips,Anderlecht,Anderlecht,"RWF, LWF",26,3000000,2028-06-30,12,426,0,0.5,0,0.83,21.55,38.24,France,France,right,173,65,no,8.24,10.14,47.92,2.96,21.43,0.63,0.93,0.21,2.75,4.02,1.69,2,0.42,0,0.0,2.75,0.0,0,0.0,0.11,0,0.0,12,2.54,16.67,0.0,0.0,3.8,27.78,2.11,30.0,1.69,25.0,0.42,2.54,41.67,6.13,34.48,3.17,1.27,0.42,28.52,2.11,1.06,35.92,72.94,8.66,60.98,10.35,93.88,10.77,56.86,30.21,81.82,2.32,18.18,13.48,16.28,0.18,1.69,0.21,0.0,1.06,20.0,0.42,3.17,53.33,5.07,25.0,1.69,12.5,0.63,1.06,4.86,73.91,0,,0,,0,0.0,0.0,0.0,,,0.21,,,1.48,0.42,50.0,2.11,0,0.0
I. Kandouss,RSB Berkane,Gent,RCB,28,3000000,2027-06-30,34,2865,2,1.87,0,0.58,15.02,63.39,France,"France, Morocco",right,192,83,no,8.83,6.44,70.24,4.27,61.03,0.22,0.31,0.19,4.08,5.72,0.75,5,0.16,1,0.03,1.04,0.06,2,0.06,0.06,2,0.06,16,0.5,50.0,12.5,0.0,0.28,44.44,0.0,0.0,0.28,44.44,0.03,0.85,74.07,2.42,49.35,0.66,1.95,0.31,38.2,1.51,0.53,52.68,86.34,23.84,78.13,3.96,95.24,19.63,94.4,45.3,91.47,7.1,55.31,20.57,38.39,0.02,0.16,0.0,0.03,0.09,33.33,0.13,8.23,68.7,1.16,43.24,0.91,24.14,0.38,0.13,9.58,76.72,0,,0,,0,0.0,0.0,0.0,,,1.6,,,0.0,0.0,0.0,0.0,0,0.0
T. Somers,Antwerp,Cercle Brugge,"RAMF, AMF, LAMF",27,3000000,2028-06-30,35,3387,8,7.48,4,5.38,26.68,43.63,Belgium,Belgium,right,183,79,no,7.97,6.09,61.14,10.1,40.53,0.13,0.19,0.13,4.12,5.98,1.17,5,0.13,0,0.0,1.81,0.21,8,0.21,0.2,2,0.05,47,1.25,36.17,17.021,0.11,2.02,25.0,0.85,21.88,1.14,27.91,0.56,1.73,47.69,5.82,32.88,2.79,0.98,0.21,11.82,1.38,1.14,22.08,68.23,7.89,58.59,3.88,88.36,5.21,66.33,18.65,74.36,1.49,48.21,15.44,21.48,0.14,0.72,0.0,0.03,0.16,16.67,0.29,2.92,60.0,2.34,35.23,0.37,14.29,0.8,0.53,3.72,71.43,0,,0,,0,0.0,0.0,0.0,,,0.24,,,0.0,0.0,0.0,0.03,0,0.0
B. Mechele,Club Brugge,Club Brugge,"LCB, RCB",33,3000000,2028-06-30,40,3944,5,2.83,0,0.05,13.71,63.73,Belgium,Belgium,right,190,79,no,8.69,6.21,69.49,4.4,61.66,0.18,0.26,0.52,4.2,5.99,0.71,3,0.07,0,0.0,0.27,0.11,5,0.11,0.06,3,0.07,19,0.43,36.84,26.316,0.0,0.02,0.0,0.02,0.0,0.0,0.0,0.0,0.11,100.0,0.8,37.14,0.73,0.89,0.05,40.46,0.32,0.27,55.2,90.91,21.09,82.58,2.72,95.8,26.95,97.29,48.99,94.69,6.18,61.25,21.12,38.08,0.0,0.02,0.02,0.02,0.02,0.0,0.02,5.86,73.15,0.37,37.5,0.39,23.53,0.09,0.0,8.15,70.31,0,,0,,0,0.0,0.0,0.0,,,2.1,,,0.0,0.0,0.0,0.0,0,0.0
Felipe Augusto,Zenit,Cercle Brugge,"LAMF, AMF, CF",22,3000000,2030-06-30,18,1023,2,2.18,1,0.57,31.32,34.55,Brazil,Brazil,left,187,73,no,6.95,5.19,64.41,12.58,27.97,0.18,0.26,0.18,3.43,5.09,1.5,2,0.18,0,0.0,2.02,0.18,2,0.18,0.19,0,0.0,15,1.32,40.0,13.333,0.09,1.76,25.0,1.23,21.43,0.53,33.33,0.18,2.46,39.29,8.09,29.35,3.78,0.97,0.0,9.41,1.23,1.06,15.04,66.08,4.31,44.9,3.17,94.44,2.55,58.62,12.32,76.43,0.97,9.09,16.17,12.03,0.05,0.35,0.0,0.0,0.09,100.0,0.26,1.58,33.33,1.14,61.54,0.26,33.33,1.14,0.44,1.58,77.78,0,,0,,0,0.0,0.0,0.0,,,0.0,,,0.0,0.0,0.0,0.09,0,0.0
B. Reynolds,Rennes,Westerlo,"RB, RWB",25,3000000,2027-06-30,33,3143,0,0.72,2,2.75,17.9,51.84,United States,United States,right,185,75,no,9.02,7.47,60.15,2.23,50.0,0.03,0.03,0.17,4.5,5.4,0.74,4,0.11,0,0.0,2.63,0.0,0,0.0,0.02,0,0.0,9,0.26,22.22,0.0,0.06,2.03,43.66,0.0,0.0,2.0,42.86,0.2,2.69,59.57,6.16,45.12,1.03,2.41,1.03,24.77,2.49,0.66,35.65,76.79,16.38,68.71,4.38,94.77,9.65,78.93,29.98,83.09,3.81,45.11,18.28,36.47,0.08,0.69,0.03,0.0,0.2,42.86,0.34,5.5,64.58,2.46,48.84,0.52,38.89,0.57,0.72,8.28,68.86,0,,0,,0,0.0,0.0,0.0,,,0.34,,,0.03,0.0,0.0,0.0,0,0.0
M. Fossey,Standard Liège,Standard Liège,"RWB, RB",27,3000000,2027-06-30,30,2244,1,1.31,1,2.0,17.37,51.73,United States,"United States, England",right,179,76,no,7.54,5.01,59.2,4.25,54.72,0.12,0.15,0.32,4.45,5.49,0.52,1,0.04,0,0.0,2.93,0.04,1,0.04,0.05,1,0.04,10,0.4,50.0,10.0,0.04,2.61,40.0,0.08,0.0,2.49,40.32,0.08,2.65,63.64,5.7,46.48,1.4,1.44,0.72,26.39,2.41,0.96,36.7,78.91,10.11,61.9,7.22,97.22,11.83,84.07,31.6,85.41,2.61,38.46,17.46,28.65,0.08,0.8,0.04,0.0,0.08,0.0,0.32,2.73,57.35,2.93,54.79,0.16,25.0,0.84,0.92,6.1,66.45,0,,0,,0,0.0,0.0,0.0,,,0.24,,,0.0,0.0,0.0,0.04,0,0.0
M. Djénépo,,Standard Liège,"LWB, LW, LAMF",28,3000000,,28,1801,1,1.57,0,1.79,26.64,41.46,Mali,Mali,right,177,65,no,5.9,5.45,50.46,1.15,17.39,0.3,0.38,0.2,2.85,3.56,1.4,3,0.15,0,0.0,6.25,0.05,1,0.05,0.08,0,0.0,23,1.15,8.7,4.348,0.0,2.65,24.53,2.45,22.45,0.2,50.0,0.5,10.09,53.47,17.19,40.99,2.4,2.75,0.6,19.39,0.95,2.15,25.79,78.29,5.35,60.75,8.1,96.3,6.9,73.91,22.34,86.35,1.0,30.0,17.21,18.38,0.09,0.7,0.0,0.0,0.2,50.0,0.4,2.2,65.91,2.05,41.46,0.55,27.27,0.75,0.75,3.5,62.86,0,,0,,0,0.0,0.0,0.0,,,0.1,,,0.0,0.0,0.0,0.15,0,0.0
T. Alderweireld,,Antwerp,"RCB, LCB, CB",37,2800000,,39,3866,3,5.86,4,0.72,11.36,56.56,Belgium,Belgium,right,187,91,no,8.4,4.17,69.83,4.0,50.58,0.09,0.14,0.56,5.4,8.15,0.37,4,0.09,0,0.0,0.56,0.07,1,0.02,0.14,0,0.0,44,1.02,38.64,6.818,0.09,0.21,11.11,0.07,33.33,0.14,0.0,0.02,0.21,55.56,0.86,35.14,1.09,0.37,0.0,50.35,0.86,0.16,65.02,87.9,20.91,72.38,4.68,96.52,34.55,96.29,52.75,94.53,12.08,60.12,23.43,40.62,0.02,0.09,0.0,0.07,0.02,100.0,0.14,10.08,63.74,1.49,39.06,1.72,43.24,0.54,0.02,10.1,75.58,0,,0,,0,0.0,0.0,0.0,,,3.72,,,0.05,0.05,0.0,0.0,3,66.667
M. Rasmussen,St. Pauli,Union Saint-Gilloise,"RCMF, LCMF, AMF",28,2800000,2029-06-30,36,2265,2,2.91,2,3.74,14.62,51.9,Norway,Norway,left,180,68,no,7.95,5.72,65.97,2.66,47.76,0.64,0.84,0.24,3.54,4.68,0.99,4,0.16,0,0.0,1.51,0.08,2,0.08,0.12,1,0.04,25,0.99,44.0,8.0,0.08,0.91,26.09,0.32,12.5,0.56,28.57,0.16,0.99,60.0,3.42,43.02,1.55,0.91,0.48,21.42,0.79,0.68,32.98,77.71,11.52,72.41,6.68,92.26,7.87,77.78,29.48,81.0,2.62,57.58,17.07,31.34,0.15,1.35,0.04,0.08,0.44,54.55,0.64,4.77,69.17,2.23,60.71,0.56,50.0,1.51,0.24,5.36,75.56,0,,0,,0,0.0,0.0,0.0,,,0.16,,,0.68,0.04,100.0,1.67,0,0.0
T. Delaney,København,Anderlecht,"RCMF, LCMF, LCB",34,2500000,2027-06-30,23,1637,1,3.05,1,1.55,21.72,53.42,Denmark,"Denmark, United States",left,182,79,no,10.34,7.37,58.21,7.48,57.35,0.49,0.67,0.55,5.55,7.5,1.59,6,0.33,0,0.0,1.48,0.05,1,0.05,0.17,0,0.0,19,1.04,36.84,5.263,0.05,1.32,50.0,0.55,30.0,0.77,64.29,0.27,0.82,46.67,3.08,41.07,2.03,0.38,0.0,23.97,1.04,1.15,37.88,76.63,13.63,63.31,6.05,92.73,12.92,83.4,31.28,84.01,5.33,40.21,18.55,29.62,0.09,0.49,0.0,0.0,0.16,33.33,0.27,6.65,57.85,1.92,62.86,0.77,35.71,0.77,0.82,6.98,66.14,0,,0,,0,0.0,0.0,0.0,,,0.55,,,0.0,0.0,0.0,0.0,0,0.0
E. Utkus,Al Kholood,Cercle Brugge,"RB, RCB",26,2500000,2029-06-30,28,1922,1,1.95,3,2.77,23.13,58.91,Lithuania,Lithuania,right,189,77,no,13.58,9.46,62.87,8.8,63.83,1.22,1.78,0.23,6.42,9.38,1.69,8,0.37,0,0.0,0.7,0.05,1,0.05,0.09,0,0.0,16,0.75,37.5,6.25,0.14,0.61,53.85,0.0,0.0,0.56,50.0,0.14,0.42,22.22,1.4,30.0,1.36,0.28,0.0,10.82,0.56,1.03,28.66,67.16,16.11,57.85,2.39,90.2,6.93,79.73,20.28,74.6,7.77,48.8,21.1,29.61,0.13,0.52,0.05,0.0,0.05,0.0,0.28,7.96,49.41,1.22,57.69,0.47,20.0,0.7,0.28,8.34,71.35,0,,0,,0,0.0,0.0,0.0,,,1.08,,,0.0,0.0,0.0,0.0,0,0.0
A. Ait El Hadj,Union Saint-Gilloise,Genk,"LWF, AMF, LW",24,2500000,2028-06-30,19,905,4,1.67,0,1.69,16.31,40.24,Belgium,Belgium,right,167,63,no,6.46,6.96,51.43,0.4,0.0,0.1,0.15,0.2,2.78,4.31,1.19,2,0.2,0,0.0,3.58,0.4,4,0.4,0.17,0,0.0,15,1.49,60.0,26.667,0.0,2.19,45.45,1.69,41.18,0.5,60.0,0.4,2.98,40.0,6.96,31.43,2.88,2.39,0.6,26.65,1.29,0.6,36.99,78.76,11.34,71.05,7.96,91.25,10.54,79.25,32.22,83.64,2.88,41.38,16.42,21.68,0.17,1.39,0.1,0.0,0.8,62.5,0.7,3.78,71.05,3.28,60.61,0.9,33.33,1.29,1.09,6.17,79.03,0,,0,,0,0.0,0.0,0.0,,,0.2,,,0.0,0.0,0.0,0.6,0,0.0
J. Kayembe,Genk,Genk,"LB, LWB",31,2500000,2027-06-30,26,2305,1,1.98,3,3.74,19.44,50.2,Belgium,"Belgium, Congo DR",left,180,76,no,8.2,6.6,63.31,2.26,55.17,0.35,0.54,0.12,3.67,5.64,1.05,3,0.12,0,0.0,2.93,0.04,1,0.04,0.08,0,0.0,18,0.7,22.22,5.556,0.12,3.28,36.9,3.16,38.27,0.08,0.0,0.55,2.73,55.71,7.61,40.51,1.76,2.46,0.66,30.57,2.07,0.9,44.71,78.78,19.41,71.83,5.39,94.93,12.53,82.87,36.27,85.47,5.23,57.46,19.68,34.23,0.15,0.98,0.08,0.0,0.23,16.67,0.62,6.05,73.55,3.75,52.08,0.66,23.53,1.05,1.29,10.78,75.36,0,,0,,0,0.0,0.0,0.0,,,0.39,,,0.0,0.0,0.0,0.0,0,0.0
A. Fadera,Como,Genk,"LAMF, LWB",24,2500000,2028-06-30,26,1469,3,3.78,1,5.15,28.24,45.12,Gambia,Gambia,right,182,71,no,6.8,7.78,54.33,1.84,43.33,0.25,0.36,0.0,2.33,3.44,1.65,3,0.18,0,0.0,5.76,0.18,3,0.18,0.23,0,0.0,28,1.72,28.57,10.714,0.06,3.43,39.29,3.12,41.18,0.31,20.0,0.8,6.8,53.15,15.32,40.8,5.02,3.61,1.23,22.06,2.14,2.88,33.08,76.67,7.17,65.81,9.31,90.13,9.13,71.81,28.0,82.28,1.72,60.71,15.62,22.6,0.32,1.78,0.0,0.0,0.55,55.56,1.35,2.45,62.5,2.94,52.08,0.55,44.44,1.59,1.47,3.8,72.58,0,,0,,0,0.0,0.0,0.0,,,0.25,,,0.12,0.0,0.0,0.06,0,0.0
T. Leysen,OH Leuven,OH Leuven,GK,24,2500000,2027-06-30,23,2284,0,0.0,0,0.0,0.67,76.47,Belgium,Belgium,left,189,84,no,1.54,0.04,100.0,0.43,72.73,0.0,0.0,0.0,1.5,1.71,0.0,0,0.0,0,0.0,0.0,0.0,0,0.0,0.0,0,0.0,0,0.0,0.0,0.0,0.0,0.0,0.0,0.0,0.0,0.0,0.0,0.0,0.0,0.0,0.04,0.0,0.0,0.04,0.0,13.71,0.28,0.12,20.81,79.73,10.95,63.67,0.0,0.0,9.3,97.88,12.49,97.48,8.27,52.86,33.34,49.26,0.0,0.0,0.0,0.0,0.0,0.0,0.0,1.46,29.73,0.16,0.0,0.08,0.0,0.0,0.0,6.15,60.26,27,1.06,120,4.73,7,77.5,33.33,1.31,6.33,0.249,0.0,1.85,0.43,,,,0.0,0,0.0
N. Madsen,Queens Park Rangers,Westerlo,"AMF, RCMF",26,2500000,2029-06-30,34,2973,13,8.42,0,4.73,10.93,49.03,Denmark,Denmark,right,192,81,no,4.96,3.33,60.91,1.82,43.33,0.0,0.0,0.36,2.94,3.57,0.39,5,0.15,0,0.0,1.97,0.39,5,0.15,0.25,0,0.0,43,1.3,48.84,30.233,0.0,1.45,37.5,0.7,34.78,0.76,40.0,0.18,1.39,50.0,3.72,43.09,1.18,1.6,0.7,26.97,1.15,1.0,37.66,82.72,12.38,73.84,6.75,92.83,12.56,87.47,32.66,86.19,3.57,68.64,17.53,34.48,0.14,1.63,0.06,0.0,0.21,42.86,0.36,5.06,74.25,2.66,65.91,0.3,20.0,1.18,0.61,6.69,79.64,0,,0,,0,0.0,0.0,0.0,,,0.45,,,1.18,0.18,0.0,2.42,8,100.0
A. Kadri,Gent,Kortrijk,"LCMF, AMF",26,2500000,2029-06-30,33,3053,4,5.06,3,7.25,24.47,44.58,Algeria,Algeria,right,170,69,no,8.9,7.16,62.96,1.47,24.0,0.29,0.34,0.15,4.1,4.72,0.88,6,0.18,0,0.0,4.19,0.12,3,0.09,0.15,0,0.0,53,1.56,26.42,7.547,0.09,1.09,21.62,0.77,26.92,0.32,9.09,0.27,6.28,51.17,12.71,39.44,1.56,3.48,1.12,28.12,0.85,1.86,41.77,81.09,13.88,68.37,7.19,93.03,11.88,86.35,38.21,85.49,2.54,38.37,15.58,31.49,0.21,1.59,0.03,0.0,0.68,47.83,0.29,5.69,74.09,2.54,48.84,0.97,39.39,1.27,0.32,6.87,72.96,0,,0,,0,0.0,0.0,0.0,,,0.15,,,1.74,0.35,16.67,3.07,1,100.0
P. Dwomoh,,RWD Molenbeek,"RCMF, LCMF",22,2500000,,30,2587,1,1.95,1,1.7,20.28,49.91,Belgium,"Belgium, Ghana",right,188,69,no,10.33,7.03,67.82,2.33,43.28,0.1,0.12,0.24,5.46,6.32,1.15,7,0.24,0,0.0,1.6,0.03,1,0.03,0.07,0,0.0,12,0.42,33.33,8.333,0.03,0.52,26.67,0.03,0.0,0.49,28.57,0.14,2.57,48.65,7.86,35.4,0.59,0.59,0.24,20.6,0.17,0.63,34.55,80.46,11.79,67.85,4.87,92.86,11.38,86.24,31.14,84.69,2.89,44.58,16.38,26.61,0.06,0.35,0.03,0.03,0.38,18.18,0.24,4.7,65.19,1.43,41.46,0.45,30.77,0.42,0.1,4.97,55.94,0,,0,,0,0.0,0.0,0.0,,,0.24,,,0.0,0.0,0.0,0.0,0,0.0
C. Burgess,Gent,Union Saint-Gilloise,CB,34,2500000,2028-06-30,37,3620,1,3.74,1,0.33,15.07,59.74,England,England,right,196,84,no,8.35,4.92,65.66,6.24,62.15,0.37,0.49,0.47,4.75,6.29,0.7,11,0.27,1,0.02,0.32,0.02,1,0.02,0.09,1,0.02,19,0.47,31.58,5.263,0.02,0.07,0.0,0.0,0.0,0.07,0.0,0.02,0.25,60.0,0.92,56.76,0.67,0.7,0.02,22.38,0.27,0.52,39.56,85.98,16.04,73.8,2.61,93.33,18.5,96.1,34.91,89.67,4.57,59.24,21.86,34.43,0.01,0.12,0.0,0.0,0.02,100.0,0.0,4.15,69.46,0.22,55.56,0.15,50.0,0.12,0.0,7.51,61.26,0,,0,,0,0.0,0.0,0.0,,,2.04,,,0.0,0.0,0.0,0.0,0,0.0
Dennis Dargahi,Standard Liège,Union Saint-Gilloise,CF,29,2500000,2028-06-30,31,1385,8,10.19,2,1.57,19.1,36.05,Germany,"Germany, Iran",right,183,79,no,2.34,2.47,52.63,4.29,43.94,0.0,0.0,0.06,1.04,1.39,1.36,1,0.06,0,0.0,2.92,0.52,5,0.32,0.66,1,0.06,44,2.86,38.64,18.182,0.13,0.91,50.0,0.52,50.0,0.39,50.0,0.13,2.21,58.82,7.67,31.36,4.55,0.97,0.32,12.02,1.43,0.39,16.7,77.43,3.05,80.85,6.11,90.43,4.22,61.54,15.27,80.43,0.58,33.33,14.46,8.96,0.1,0.84,0.06,0.0,0.06,100.0,0.65,1.04,75.0,1.23,68.42,0.06,100.0,1.04,0.39,1.49,82.61,0,,0,,0,0.0,0.0,0.0,,,0.06,,,0.0,0.0,0.0,0.0,3,100.0
G. Coucke,Cercle Brugge,Mechelen,GK,27,2500000,2027-06-30,36,3580,0,0.0,0,0.0,0.3,75.0,Belgium,Belgium,right,187,83,no,0.8,0.0,0.0,0.15,100.0,0.0,0.0,0.0,0.8,0.96,0.0,2,0.05,0,0.0,0.03,0.0,0,0.0,0.0,0,0.0,0,0.0,0.0,0.0,0.0,0.0,0.0,0.0,0.0,0.0,0.0,0.0,0.05,50.0,0.1,75.0,0.0,0.0,0.0,15.69,0.2,0.08,21.92,86.24,12.44,78.59,0.0,0.0,8.6,95.91,13.22,98.29,8.7,67.92,31.71,45.3,0.0,0.0,0.03,0.0,0.0,0.0,0.0,1.06,47.62,0.1,25.0,0.15,16.67,0.03,0.0,6.31,73.71,46,1.16,168,4.22,11,72.62,52.85,1.33,6.85,0.172,0.0,1.53,0.15,,,,0.0,0,0.0
J. Thorsteinsson,Hertha BSC,OH Leuven,"CF, LWF, LW",27,2500000,2027-06-30,37,2602,7,6.78,5,4.99,21.27,45.53,Iceland,Iceland,right,177,66,no,4.95,5.29,61.44,2.14,29.03,0.03,0.04,0.03,1.66,1.99,1.14,8,0.28,0,0.0,5.64,0.24,7,0.24,0.23,0,0.0,62,2.14,48.39,11.29,0.17,3.67,30.19,2.91,32.14,0.76,22.73,0.69,5.71,58.18,11.52,46.55,3.11,2.56,0.86,22.69,1.52,1.83,30.54,68.86,9.72,56.23,5.85,91.72,8.44,70.08,24.25,77.03,2.77,47.5,18.82,28.06,0.17,1.83,0.03,0.0,0.76,22.73,0.76,3.42,59.6,4.22,45.08,0.83,33.33,1.18,1.04,5.57,71.43,0,,0,,0,0.0,0.0,0.0,,,0.17,,,0.38,0.07,0.0,1.83,1,0.0
R. Ito,Sint-Truiden,Sint-Truiden,"LCMF, RCMF",28,2500000,,36,2663,7,5.84,2,2.65,11.25,45.35,Japan,Japan,right,175,69,no,3.38,2.97,57.95,0.61,38.89,0.14,0.2,0.03,1.52,2.25,0.51,0,0.0,0,0.0,2.94,0.24,7,0.24,0.2,0,0.0,63,2.13,42.86,11.111,0.07,0.71,57.14,0.44,61.54,0.24,42.86,0.24,2.74,49.38,6.25,38.92,1.96,1.52,0.61,39.64,0.71,0.91,49.14,90.51,11.93,80.17,10.95,98.46,17.95,93.97,45.49,91.9,2.94,77.01,17.43,33.58,0.09,1.01,0.1,0.03,0.51,53.33,0.41,5.51,82.21,1.96,65.52,0.84,40.0,1.01,0.44,5.85,81.5,0,,0,,0,0.0,0.0,0.0,,,0.27,,,0.44,0.14,75.0,0.84,0,0.0
Z. Suzuki,Parma,Sint-Truiden,GK,23,2500000,2029-06-30,32,3159,0,0.0,0,0.0,1.31,86.96,Japan,"Japan, Ghana",right,190,91,no,1.37,0.06,50.0,1.0,94.29,0.0,0.0,0.0,1.34,1.86,0.0,0,0.0,0,0.0,0.0,0.0,0,0.0,0.0,0,0.0,0,0.0,0.0,0.0,0.0,0.0,0.0,0.0,0.0,0.0,0.0,0.0,0.03,0.0,0.06,50.0,0.03,0.0,0.0,27.04,0.2,0.2,34.87,85.87,18.03,76.15,0.03,100.0,14.7,97.09,24.39,97.08,10.46,59.95,29.02,48.72,0.0,0.0,0.0,0.0,0.0,0.0,0.0,2.08,39.73,0.06,0.0,0.26,55.56,0.0,0.0,7.92,61.51,50,1.42,160,4.56,6,68.75,53.76,1.53,3.76,0.107,0.03,2.42,1.0,,,,0.0,0,0.0
P. Nardi,Auxerre,Gent,GK,32,2500000,2028-06-30,11,1024,0,0.0,0,0.0,1.05,91.67,France,France,right,187,77,no,0.7,0.0,0.0,0.7,87.5,0.0,0.0,0.0,0.7,0.94,0.0,0,0.0,0,0.0,0.0,0.0,0,0.0,0.0,0,0.0,0,0.0,0.0,0.0,0.0,0.0,0.0,0.0,0.0,0.0,0.0,0.0,0.0,0.0,0.26,100.0,0.0,0.0,0.0,9.49,0.09,0.44,13.54,88.96,6.15,75.71,0.0,0.0,6.86,100.0,9.23,98.1,4.31,69.39,33.23,46.98,0.0,0.0,0.0,0.0,0.0,0.0,0.0,0.7,37.5,0.0,0.0,0.09,0.0,0.0,0.0,3.08,80.0,12,1.05,40,3.52,1,70.0,11.2,0.98,-0.8,-0.07,0.0,1.58,0.7,,,,0.0,0,0.0
R. Tagir,Al Jazira,Westerlo,LCB,23,2200000,2027-06-30,30,1993,3,2.28,1,0.72,12.06,61.8,Kazakhstan,"Kazakhstan, Türkiye",left,185,74,no,8.08,4.11,73.63,3.84,61.18,0.23,0.27,0.68,4.83,5.78,0.63,4,0.18,0,0.0,0.72,0.14,3,0.14,0.1,2,0.09,11,0.5,45.45,27.273,0.05,0.23,40.0,0.23,40.0,0.0,0.0,0.0,0.68,60.0,1.63,50.0,0.81,0.9,0.14,31.34,0.68,0.41,46.92,88.35,19.06,80.81,2.62,96.55,21.27,94.27,39.83,93.42,6.86,60.53,20.78,30.45,0.03,0.14,0.0,0.0,0.05,0.0,0.14,5.69,76.19,0.32,28.57,0.41,44.44,0.14,0.09,7.81,69.36,0,,0,,0,0.0,0.0,0.0,,,1.31,,,0.0,0.0,0.0,0.0,0,0.0
G. Kerk,,Antwerp,"RAMF, RWF, RW",30,2200000,,33,1315,3,3.63,2,1.94,28.06,40.0,Netherlands,"Netherlands, Suriname",right,183,90,no,7.12,6.78,62.63,4.31,31.75,0.27,0.43,0.14,2.6,4.13,1.71,5,0.34,0,0.0,3.22,0.21,3,0.21,0.25,0,0.0,16,1.1,31.25,18.75,0.14,2.4,22.86,0.0,0.0,2.26,21.21,0.21,4.52,46.97,12.46,36.26,3.76,1.78,0.41,16.9,2.26,1.1,23.54,68.9,6.84,63.0,6.02,90.91,4.93,62.5,20.4,76.17,0.75,18.18,14.4,10.06,0.13,0.75,0.0,0.0,0.55,37.5,0.48,1.16,64.71,2.67,48.72,0.27,0.0,1.1,0.55,3.56,84.62,0,,0,,0,0.0,0.0,0.0,,,0.14,,,0.0,0.0,0.0,0.0,0,0.0
C. Terho,Sparta Rotterdam,Union Saint-Gilloise,"RWB, LWB",23,2200000,2030-06-30,21,1108,3,2.0,0,0.89,19.01,44.87,Finland,Finland,left,184,75,no,8.94,9.02,57.66,1.87,30.43,0.24,0.35,0.0,3.49,4.96,1.38,2,0.16,0,0.0,2.19,0.24,3,0.24,0.16,0,0.0,19,1.54,26.32,15.789,0.0,2.03,20.0,0.41,20.0,1.62,20.0,0.32,3.41,38.1,6.42,32.91,1.71,1.95,1.14,21.69,2.27,0.73,31.03,71.99,11.78,62.76,6.17,89.47,7.64,73.4,26.97,78.92,2.27,28.57,18.78,25.67,0.07,0.41,0.08,0.0,0.16,50.0,0.49,4.22,61.54,2.6,50.0,0.41,20.0,0.89,0.65,6.9,71.76,0,,0,,0,0.0,0.0,0.0,,,0.41,,,0.16,0.08,0.0,0.24,0,0.0
R. Schoofs,Union Saint-Gilloise,Mechelen,"LCMF, LDMF, AMF",32,2200000,2028-06-30,38,3665,7,6.39,6,5.79,12.82,45.79,Belgium,Belgium,left,178,69,no,6.02,4.67,58.42,1.06,34.88,0.66,0.8,0.2,2.63,3.15,0.76,3,0.07,0,0.0,2.33,0.17,7,0.17,0.16,1,0.02,69,1.69,36.23,10.145,0.15,1.33,35.19,0.88,33.33,0.42,35.29,0.12,1.6,60.0,4.74,43.01,1.99,1.57,0.49,38.21,0.91,0.91,52.08,82.89,16.45,67.16,10.07,95.37,17.8,89.79,44.45,88.18,6.34,55.43,19.06,35.81,0.14,1.11,0.1,0.05,0.49,60.0,0.54,8.37,71.26,2.65,55.56,1.01,53.66,1.4,0.52,7.86,71.56,0,,0,,0,0.0,0.0,0.0,,,0.79,,,0.2,0.05,50.0,0.1,1,0.0
K. Mrabti,,Mechelen,"AMF, LAMF, RCMF",32,2200000,,40,3708,8,7.98,6,4.0,15.53,43.75,Sweden,"Sweden, Tunisia",right,175,75,no,6.48,5.34,59.55,2.28,29.79,0.29,0.35,0.24,3.01,3.62,0.87,4,0.1,0,0.0,1.6,0.19,7,0.17,0.19,0,0.0,61,1.48,42.62,13.115,0.15,1.29,24.53,0.56,13.04,0.73,33.33,0.17,0.92,60.53,4.85,37.0,2.28,0.68,0.24,24.59,1.48,0.75,33.54,84.08,7.67,73.1,7.01,90.66,11.89,88.78,30.51,87.43,1.84,67.11,16.2,26.38,0.1,0.87,0.02,0.02,0.15,66.67,0.44,3.4,82.86,1.8,55.41,0.19,37.5,0.95,0.34,4.25,68.57,0,,0,,0,0.0,0.0,0.0,,,0.1,,,0.1,0.1,25.0,0.19,1,100.0
R. Sykes,Union Saint-Gilloise,Union Saint-Gilloise,"RCB, LCB",27,2200000,2027-06-30,24,1974,4,1.97,0,0.31,15.27,66.27,England,England,right,196,73,no,10.62,5.61,71.54,5.61,73.17,0.36,0.5,0.46,6.25,8.53,0.87,2,0.09,0,0.0,0.68,0.18,4,0.18,0.09,3,0.14,13,0.59,46.15,30.769,0.0,0.91,25.0,0.27,33.33,0.64,21.43,0.09,0.46,40.0,1.6,37.14,0.78,0.68,0.14,24.53,1.05,0.78,38.43,82.68,17.42,73.3,4.15,93.41,13.59,90.27,31.91,89.29,5.74,53.97,21.34,35.23,0.01,0.18,0.05,0.0,0.05,0.0,0.14,6.2,65.44,1.37,36.67,0.68,26.67,0.32,0.18,7.98,70.29,0,,0,,0,0.0,0.0,0.0,,,2.6,,,0.0,0.0,0.0,0.0,0,0.0
E. Bocat,Stoke City,Sint-Truiden,LWB,27,2200000,2028-06-30,37,3406,2,1.92,4,4.43,19.42,46.53,France,"France, Senegal",left,182,71,no,8.24,5.02,61.05,1.59,36.67,0.18,0.25,0.11,4.99,6.81,0.74,4,0.11,0,0.0,4.07,0.05,2,0.05,0.05,0,0.0,25,0.66,36.0,8.0,0.11,3.25,42.28,3.17,40.83,0.05,100.0,0.42,5.58,43.13,10.54,40.85,1.8,2.85,1.0,30.49,3.62,1.9,41.3,81.7,11.34,66.9,12.16,96.52,10.91,81.6,35.33,88.71,2.99,40.71,17.92,36.68,0.12,0.98,0.03,0.0,0.18,28.57,0.45,3.65,62.32,2.85,50.93,0.34,23.08,0.53,1.14,6.84,68.34,0,,0,,0,0.0,0.0,0.0,,,0.95,,,0.05,0.05,0.0,0.08,0,0.0
A. Francis,Toulouse,Cercle Brugge,"RCMF, RDMF",25,2000000,2029-06-30,18,1131,0,0.57,0,0.37,17.43,53.88,Ghana,Ghana,right,182,72,no,9.07,6.53,57.32,4.46,55.36,0.32,0.46,0.08,5.01,7.27,1.43,4,0.32,0,0.0,1.03,0.0,0,0.0,0.05,0,0.0,16,1.27,18.75,0.0,0.0,0.8,50.0,0.0,0.0,0.72,55.56,0.0,0.72,55.56,3.5,47.73,0.16,0.24,0.08,20.05,0.32,1.11,38.67,81.28,14.01,69.32,5.17,95.38,11.7,86.39,33.9,85.45,4.06,50.98,14.72,21.61,0.03,0.56,0.0,0.0,0.0,0.0,0.16,6.68,66.67,1.83,39.13,0.4,0.0,0.56,0.48,5.57,74.29,0,,0,,0,0.0,0.0,0.0,,,0.95,,,0.88,0.0,0.0,0.32,0,0.0
M. Ashimeru,Anderlecht,Anderlecht,"LCMF, RCMF",28,2000000,2027-06-30,12,349,0,0.0,0,0.25,26.82,48.08,Ghana,Ghana,right,182,72,no,9.03,7.74,60.0,3.61,28.57,0.0,0.0,0.26,4.38,7.18,1.29,1,0.26,0,0.0,2.84,0.0,0,0.0,0.0,0,0.0,0,0.0,0.0,0.0,0.0,0.26,0.0,0.26,0.0,0.0,0.0,0.0,4.38,58.82,12.38,45.83,1.03,1.55,0.77,20.11,0.52,2.32,35.59,82.61,10.32,62.5,9.03,97.14,9.03,82.86,34.04,86.36,1.29,0.0,15.14,15.14,0.07,0.77,0.0,0.26,0.77,33.33,0.52,3.61,50.0,1.03,75.0,1.03,25.0,0.77,0.0,3.09,41.67,0,,0,,0,0.0,0.0,0.0,,,0.26,,,0.0,0.0,0.0,0.0,0,0.0
L. Patris,Union Saint-Gilloise,Anderlecht,RB,25,2000000,2029-06-30,16,1155,1,0.35,0,1.16,24.39,46.65,Belgium,Belgium,right,187,75,no,12.16,11.84,54.61,4.13,49.06,0.86,1.14,0.23,4.83,6.41,2.18,4,0.31,0,0.0,1.87,0.08,1,0.08,0.03,0,0.0,6,0.47,50.0,16.667,0.0,1.95,28.0,0.16,50.0,1.71,22.73,0.08,2.96,23.68,5.38,26.09,1.71,1.79,0.7,23.22,3.58,1.01,32.73,69.76,12.08,57.42,6.16,89.87,8.65,74.77,27.74,76.97,3.12,32.5,17.76,25.06,0.09,0.7,0.08,0.0,0.55,71.43,0.31,4.29,56.36,2.81,44.44,0.55,28.57,0.78,0.7,8.96,62.61,0,,0,,0,0.0,0.0,0.0,,,0.39,,,0.0,0.0,0.0,0.0,0,0.0
S. Mignolet,,Club Brugge,GK,38,2000000,,32,3101,0,0.0,0,0.0,0.58,80.0,Belgium,Belgium,right,193,87,no,1.39,0.09,33.33,0.35,100.0,0.03,0.04,0.0,1.34,2.01,0.03,2,0.06,0,0.0,0.0,0.0,0,0.0,0.0,0,0.0,0,0.0,0.0,0.0,0.0,0.0,0.0,0.0,0.0,0.0,0.0,0.0,0.0,0.0,0.03,100.0,0.0,0.0,0.0,18.34,0.29,0.12,26.44,90.89,12.86,83.3,0.0,0.0,12.89,98.42,17.33,99.33,9.11,74.84,28.8,41.57,0.0,0.0,0.0,0.0,0.0,0.0,0.0,1.16,65.0,0.03,0.0,0.12,75.0,0.0,0.0,6.88,80.59,29,0.84,110,3.19,11,73.64,28.91,0.84,-0.09,-0.003,0.0,1.28,0.35,,,,0.0,0,0.0
H. Koffi,Lens,Charleroi,GK,29,2000000,2028-06-30,32,3204,0,0.12,0,0.0,1.29,86.96,Burkina Faso,"Burkina Faso, Côte d'Ivoire",right,186,82,no,2.05,0.22,75.0,0.56,95.0,0.08,0.11,0.0,1.8,2.29,0.0,1,0.03,0,0.0,0.2,0.0,0,0.0,0.0,0,0.0,1,0.03,100.0,0.0,0.0,0.0,0.0,0.0,0.0,0.0,0.0,0.0,0.25,66.67,0.45,81.25,0.03,0.03,0.0,13.65,0.34,0.28,23.03,84.76,14.16,78.17,0.0,0.0,8.43,96.0,14.07,97.8,8.9,64.67,34.53,48.92,0.0,0.0,0.0,0.0,0.0,0.0,0.0,2.87,55.88,0.22,12.5,0.17,33.33,0.03,0.0,6.88,75.1,43,1.21,156,4.38,9,72.44,44.42,1.25,1.42,0.04,0.0,1.69,0.56,,,,0.0,0,0.0
N. Ohio,Utrecht,Standard Liège,CF,23,2000000,2027-06-30,14,386,0,2.17,0,0.34,32.41,29.5,Netherlands,"Netherlands, England",left,185,76,no,3.03,3.03,53.85,7.69,33.33,0.0,0.0,0.23,1.4,1.98,2.56,1,0.23,0,0.0,2.56,0.0,0,0.0,0.51,0,0.0,13,3.03,30.77,0.0,0.0,0.7,33.33,0.47,50.0,0.23,0.0,0.23,3.96,35.29,15.62,25.37,3.96,0.7,0.0,11.42,2.1,0.47,17.95,88.31,1.87,87.5,5.6,87.5,5.83,92.0,17.02,90.41,0.47,100.0,13.76,6.42,0.08,0.7,0.0,0.0,0.0,0.0,0.47,0.47,100.0,0.47,100.0,0.0,0.0,0.47,0.0,1.17,80.0,0,,0,,0,0.0,0.0,0.0,,,0.0,,,0.0,0.0,0.0,0.0,0,0.0
S. Sydorchuk,Westerlo,Westerlo,"RDMF, RCMF",35,2000000,2027-06-30,29,2641,1,1.03,1,1.39,13.05,55.09,Ukraine,Ukraine,right,189,80,no,8.01,6.24,63.93,1.16,55.88,0.07,0.08,0.07,3.95,4.72,0.92,6,0.2,0,0.0,1.6,0.03,1,0.03,0.04,0,0.0,25,0.85,16.0,4.0,0.03,0.34,30.0,0.0,0.0,0.34,30.0,0.14,1.81,64.15,4.26,47.2,0.55,0.75,0.31,31.97,0.24,0.61,46.11,84.11,14.55,68.38,7.33,96.28,16.94,91.55,41.98,87.58,3.78,50.45,17.84,33.61,0.05,0.58,0.07,0.0,0.44,46.15,0.17,7.46,67.58,1.64,50.0,0.72,38.1,0.65,0.14,6.44,71.43,0,,0,,0,0.0,0.0,0.0,,,0.82,,,0.0,0.0,0.0,0.03,0,0.0
A. Moris,Al Khaleej,Union Saint-Gilloise,GK,36,2000000,2027-06-30,39,3870,0,0.0,0,0.43,0.58,80.0,Belgium,"Belgium, Luxembourg",right,186,75,no,1.23,0.09,0.0,0.35,100.0,0.0,0.0,0.0,1.23,1.64,0.02,2,0.05,1,0.02,0.0,0.0,0,0.0,0.0,0,0.0,0,0.0,0.0,0.0,0.0,0.0,0.0,0.0,0.0,0.0,0.0,0.0,0.0,0.0,0.12,80.0,0.0,0.0,0.0,14.6,0.28,0.16,22.05,84.49,13.09,76.2,0.0,0.0,8.56,96.74,13.19,97.18,8.81,65.96,34.41,47.54,0.01,0.02,0.0,0.0,0.0,0.0,0.02,2.28,57.14,0.05,0.0,0.21,44.44,0.0,0.0,6.7,73.96,42,0.98,123,2.86,11,65.85,40.21,0.94,-1.79,-0.042,0.0,1.0,0.35,,,,0.0,0,0.0
M. Gueye,Shanghai Shenhua,RWD Molenbeek,CF,28,2000000,2027-12-31,32,2836,11,14.75,2,1.22,28.02,37.71,Senegal,Senegal,right,195,90,no,2.95,2.98,51.06,10.82,51.61,0.06,0.08,0.16,1.36,1.65,1.87,8,0.25,2,0.06,2.22,0.35,11,0.35,0.47,3,0.1,69,2.19,57.97,15.942,0.06,0.32,20.0,0.06,50.0,0.22,14.29,0.0,1.9,43.33,9.3,22.53,3.24,0.83,0.41,10.25,2.7,0.79,15.77,67.4,3.84,47.93,3.65,78.26,4.13,69.23,14.79,70.82,0.7,18.18,13.88,10.3,0.04,0.32,0.0,0.0,0.19,33.33,0.22,1.84,46.55,0.6,42.11,0.25,25.0,0.44,0.0,2.09,51.52,0,,0,,0,0.0,0.0,0.0,,,0.0,,,0.0,0.0,0.0,0.0,1,0.0
S. Schrijvers,OH Leuven,OH Leuven,"RCMF, DMF, LCMF",29,2000000,2027-06-30,39,3592,3,4.42,2,3.78,15.58,57.23,Belgium,Belgium,right,179,68,no,10.35,7.04,62.99,1.88,52.0,0.75,0.89,0.33,5.16,6.09,1.35,9,0.23,0,0.0,1.7,0.08,0,0.0,0.11,0,0.0,44,1.1,29.55,6.818,0.05,1.35,29.63,0.45,16.67,0.78,35.48,0.25,1.5,55.0,4.28,54.39,0.65,0.75,0.28,25.43,0.33,1.35,40.57,79.68,16.46,67.28,5.31,97.17,13.53,86.48,32.4,87.01,6.84,54.58,20.29,36.84,0.09,0.8,0.05,0.0,0.53,28.57,0.15,7.39,67.12,2.58,36.89,1.13,26.67,0.53,0.48,7.67,71.9,0,,0,,0,0.0,0.0,0.0,,,0.75,,,0.45,0.13,20.0,0.73,3,100.0
N. Storm,Antalyaspor,Mechelen,"LAMF, LW, CF",31,2000000,2027-06-30,23,1387,1,2.7,4,3.46,15.83,46.31,Belgium,Belgium,right,178,74,no,3.83,3.44,58.49,0.78,16.67,0.32,0.41,0.0,1.49,1.89,0.58,2,0.13,0,0.0,6.36,0.06,1,0.06,0.17,0,0.0,39,2.53,30.77,2.564,0.26,4.61,35.21,4.48,34.78,0.13,50.0,1.1,6.55,59.41,9.54,48.98,3.24,3.24,1.36,22.97,2.6,0.71,31.8,76.53,6.68,66.99,8.11,93.6,11.81,71.43,25.18,85.31,2.27,57.14,16.93,26.62,0.22,1.95,0.0,0.0,0.32,20.0,0.84,2.73,73.81,3.83,50.85,0.32,40.0,0.58,1.56,5.13,82.28,0,,0,,0,0.0,0.0,0.0,,,0.06,,,0.32,0.06,100.0,1.43,0,0.0
J. Vanlerberghe,Brøndby,Mechelen,"RCB, RDMF",30,2000000,2027-06-30,21,1808,0,0.54,0,0.62,17.07,65.6,Belgium,Belgium,right,189,75,no,12.39,9.31,72.19,3.34,56.72,0.3,0.35,0.6,5.38,6.28,0.6,2,0.1,0,0.0,1.49,0.0,0,0.0,0.03,0,0.0,20,1.0,30.0,0.0,0.0,0.95,42.11,0.2,25.0,0.75,46.67,0.2,0.95,84.21,2.69,62.96,0.3,1.64,0.75,42.26,0.55,0.65,60.03,84.58,23.64,73.26,4.63,95.7,26.73,93.67,48.29,91.75,10.85,55.96,23.26,42.2,0.03,0.35,0.0,0.0,0.0,0.0,0.15,9.46,58.95,2.49,42.0,1.14,26.09,0.6,0.45,10.65,72.9,0,,0,,0,0.0,0.0,0.0,,,2.54,,,0.0,0.0,0.0,0.0,0,0.0
D. Bates,Amed SK,Mechelen,"RCB, CB, LCB",29,2000000,2028-06-30,35,3101,2,2.58,1,0.0,13.41,63.85,Scotland,Scotland,right,190,83,no,9.58,5.34,70.65,4.5,61.94,0.46,0.58,0.84,5.34,6.63,0.99,5,0.15,0,0.0,0.2,0.06,2,0.06,0.07,1,0.03,11,0.32,45.45,18.182,0.03,0.03,100.0,0.03,100.0,0.0,0.0,0.0,0.06,0.0,0.64,50.0,0.55,0.12,0.0,37.82,0.38,0.44,50.12,92.36,14.51,81.2,2.64,95.6,29.98,98.16,46.15,95.16,3.95,59.56,21.13,33.4,0.0,0.0,0.06,0.06,0.06,50.0,0.03,3.77,71.54,0.12,25.0,0.12,0.0,0.03,0.03,5.43,66.84,0,,0,,0,0.0,0.0,0.0,,,2.18,,,0.0,0.0,0.0,0.0,0,0.0
J. Reine-Adélaïde,Heracles,RWD Molenbeek,"LCMF, LWF, AMF",28,2000000,2027-06-30,25,1917,2,1.11,2,2.24,19.15,40.93,France,"France, Martinique",right,184,75,no,4.98,3.76,52.5,1.41,46.67,0.0,0.0,0.05,3.0,3.69,0.66,2,0.09,1,0.05,3.38,0.09,2,0.09,0.05,0,0.0,17,0.8,29.41,11.765,0.09,1.08,30.43,0.61,30.77,0.42,22.22,0.14,3.8,65.43,11.78,37.85,1.36,2.11,0.42,28.08,0.47,1.13,44.55,83.98,12.96,69.57,7.51,95.0,16.9,90.0,39.67,87.69,3.99,57.65,18.21,38.28,0.11,0.85,0.14,0.09,0.8,41.18,0.33,6.01,70.31,2.68,47.37,1.5,34.38,0.89,0.33,6.29,75.37,0,,0,,0,0.0,0.0,0.0,,,0.28,,,0.52,0.05,0.0,1.03,0,0.0
E. Pletinckx,OH Leuven,OH Leuven,"CB, RCB",25,2000000,2029-06-30,34,3310,3,0.98,0,0.15,10.39,58.38,Belgium,Belgium,right,190,85,no,9.05,4.98,72.68,2.96,44.95,0.11,0.13,0.82,5.33,6.37,0.3,4,0.11,0,0.0,0.24,0.08,3,0.08,0.03,2,0.05,11,0.3,45.45,27.273,0.0,0.08,0.0,0.0,0.0,0.08,0.0,0.05,0.3,27.27,1.06,35.9,0.44,0.05,0.0,24.23,0.16,0.3,34.8,86.88,11.66,72.03,1.71,92.06,18.92,96.41,29.75,92.41,4.98,55.19,22.26,37.91,0.0,0.08,0.0,0.0,0.05,50.0,0.0,3.37,58.06,0.49,5.56,0.35,30.77,0.05,0.0,5.36,59.39,0,,0,,0,0.0,0.0,0.0,,,1.36,,,0.0,0.0,0.0,0.0,0,0.0
W. Balikwisha,OH Leuven,Standard Liège,"LCMF, RCMF, AMF",27,2000000,2028-06-30,28,1839,2,2.6,1,1.4,22.56,47.07,Belgium,"Belgium, Congo DR",right,173,68,no,6.36,5.53,59.29,0.88,33.33,0.34,0.45,0.0,2.74,3.63,0.59,2,0.1,1,0.05,6.31,0.1,2,0.1,0.13,0,0.0,34,1.66,47.06,5.882,0.05,4.01,25.61,3.03,25.81,0.98,25.0,0.54,5.97,67.21,13.46,44.73,1.71,2.89,0.59,25.84,0.78,0.88,38.17,76.92,11.75,70.0,8.03,92.68,12.14,74.6,31.91,84.97,2.3,53.19,18.23,22.99,0.07,0.93,0.0,0.0,0.98,50.0,0.39,5.24,76.64,4.16,38.82,0.93,36.84,0.88,1.08,6.61,80.0,0,,0,,0,0.0,0.0,0.0,,,0.2,,,0.0,0.0,0.0,0.05,0,0.0
S. Doumbia,,Standard Liège,"LCB, LB",29,2000000,,11,910,0,0.02,0,0.05,17.21,54.02,France,"France, Côte d'Ivoire",left,177,73,no,7.91,6.23,61.9,2.08,61.9,0.1,0.12,0.49,3.96,4.78,1.19,2,0.2,0,0.0,1.48,0.0,0,0.0,0.0,0,0.0,1,0.1,0.0,0.0,0.0,0.79,25.0,0.79,25.0,0.0,0.0,0.2,2.27,56.52,6.23,46.03,0.3,1.29,0.49,39.07,0.59,1.29,52.22,87.12,23.44,77.64,4.95,100.0,17.51,96.05,47.97,91.75,3.46,37.14,17.68,31.03,0.0,0.1,0.0,0.0,0.1,0.0,0.0,5.54,60.71,1.19,16.67,0.3,0.0,0.1,0.1,8.01,67.9,0,,0,,0,0.0,0.0,0.0,,,0.59,,,0.1,0.0,0.0,0.49,0,0.0
D. Hashioka,Slavia Praha,Sint-Truiden,"RWB, RB",27,2000000,2029-06-30,18,1619,2,2.31,2,1.2,18.51,56.46,Japan,Japan,right,184,73,no,9.73,6.45,63.79,4.5,65.43,0.33,0.45,0.28,5.28,7.16,0.72,4,0.22,0,0.0,2.61,0.11,2,0.11,0.13,1,0.06,24,1.33,50.0,8.333,0.11,2.67,22.92,0.0,0.0,2.67,22.92,0.39,2.06,64.86,5.06,46.15,2.5,1.72,0.5,33.41,3.06,0.83,43.08,83.23,12.79,76.09,10.9,95.92,11.67,80.48,37.41,90.34,3.22,44.83,16.94,28.62,0.07,0.44,0.0,0.0,0.06,0.0,0.39,3.56,76.56,2.0,38.89,0.17,33.33,0.5,0.61,6.17,66.67,0,,0,,0,0.0,0.0,0.0,,,0.95,,,0.0,0.0,0.0,0.0,0,0.0
M. N''Diaye,Anderlecht,Anderlecht,LB,24,1800000,2028-06-30,14,753,1,0.77,0,0.1,19.36,57.41,Senegal,Senegal,left,181,66,no,11.0,6.1,68.63,5.02,59.52,1.67,2.21,0.72,5.14,6.79,0.84,1,0.12,0,0.0,2.63,0.12,1,0.12,0.09,1,0.12,5,0.6,40.0,20.0,0.0,0.96,12.5,0.96,12.5,0.0,0.0,0.0,2.99,72.0,5.62,55.32,1.08,2.51,0.96,30.0,1.91,2.39,40.88,83.92,17.69,75.68,6.1,98.04,11.47,87.5,36.57,87.25,3.35,67.86,19.54,27.65,0.01,0.36,0.12,0.12,0.12,100.0,0.12,4.54,65.79,2.03,47.06,0.6,60.0,0.84,0.12,8.61,73.61,0,,0,,0,0.0,0.0,0.0,,,0.96,,,0.0,0.0,0.0,0.0,0,0.0
P. Guiagon,Charleroi,Charleroi,"LAMF, RWF, AMF",25,1800000,2028-06-30,29,2012,6,4.11,5,2.46,24.56,35.88,Côte d'Ivoire,Côte d'Ivoire,right,169,65,no,4.38,4.79,52.34,2.1,14.89,0.04,0.06,0.13,1.83,2.35,0.94,1,0.04,0,0.0,3.71,0.27,6,0.27,0.18,1,0.04,48,2.15,29.17,12.5,0.22,0.72,25.0,0.63,28.57,0.09,0.0,0.18,6.13,43.07,14.63,35.47,3.13,2.82,0.67,23.44,0.98,1.39,32.39,80.94,10.38,74.57,7.02,90.45,6.62,79.05,30.91,82.49,0.81,66.67,13.25,18.54,0.11,0.98,0.0,0.0,0.63,42.86,0.4,2.86,78.13,2.15,58.33,0.67,33.33,1.7,0.13,3.53,74.68,0,,0,,0,0.0,0.0,0.0,,,0.0,,,0.04,0.0,0.0,0.0,0,0.0
R. Vermant,Club Brugge,Westerlo,CF,22,1800000,2028-06-30,13,798,3,2.56,0,0.27,29.1,36.05,Germany,"Germany, Belgium",right,184,76,no,3.83,3.61,56.25,9.25,32.93,0.34,0.41,0.11,1.47,1.79,2.03,3,0.34,1,0.11,2.26,0.34,3,0.34,0.29,0,0.0,17,1.92,47.06,17.647,0.0,0.11,100.0,0.11,100.0,0.0,0.0,0.0,1.92,64.71,10.83,38.54,2.26,0.56,0.23,9.92,2.14,2.93,13.53,72.5,4.17,67.57,3.16,85.71,2.59,73.91,13.08,74.14,0.34,0.0,12.76,4.41,0.03,0.34,0.0,0.0,0.0,0.0,0.11,1.13,70.0,0.68,66.67,0.0,0.0,0.56,0.11,1.92,64.71,0,,0,,0,0.0,0.0,0.0,,,0.0,,,0.0,0.0,0.0,0.0,0,0.0
A. Sayyadmanesh,Lech Poznań,Westerlo,"LAMF, RW, RAMF",25,1800000,2029-06-30,16,812,0,2.42,1,1.03,26.71,50.21,Iran,Iran,right,182,74,no,7.98,6.98,65.08,4.99,48.89,0.44,0.51,0.11,2.99,3.43,1.11,0,0.0,0,0.0,5.32,0.0,0,0.0,0.27,0,0.0,19,2.11,36.84,0.0,0.11,3.44,35.48,2.0,27.78,1.44,46.15,0.44,5.76,55.77,12.3,44.14,3.88,2.77,1.22,14.85,1.44,1.0,23.39,65.4,7.2,63.08,4.1,83.78,7.32,56.06,18.4,71.69,1.77,50.0,16.77,24.36,0.11,1.0,0.0,0.0,0.33,33.33,0.33,1.66,60.0,4.66,40.48,0.55,40.0,1.0,1.44,4.43,77.5,0,,0,,0,0.0,0.0,0.0,,,0.0,,,0.0,0.0,0.0,0.0,0,0.0
F. Ricca,Belgrano,OH Leuven,LCB,31,1800000,2026-12-31,24,2147,1,1.67,0,0.12,12.45,55.89,Uruguay,"Uruguay, Italy",left,179,73,no,8.72,5.24,66.4,3.98,51.58,0.34,0.4,0.54,4.9,5.84,1.01,5,0.21,1,0.04,0.25,0.04,1,0.04,0.07,1,0.04,12,0.5,16.67,8.333,0.0,0.13,33.33,0.13,33.33,0.0,0.0,0.0,0.29,42.86,1.34,50.0,0.63,1.51,0.29,35.59,0.59,0.54,50.05,85.68,22.93,74.41,3.19,94.74,20.88,96.39,40.33,93.45,9.6,53.71,23.49,39.65,0.0,0.08,0.0,0.0,0.0,0.0,0.04,6.58,65.61,0.71,23.53,0.34,25.0,0.17,0.04,9.98,70.17,0,,0,,0,0.0,0.0,0.0,,,2.35,,,0.0,0.0,0.0,0.0,0,0.0
M. Maertens,,OH Leuven,"CF, AMF",31,1800000,,27,1483,4,4.08,1,1.66,18.75,45.95,Belgium,Belgium,right,185,79,no,5.58,5.4,65.17,3.34,38.18,0.36,0.46,0.0,1.7,2.15,1.4,6,0.36,0,0.0,1.82,0.24,4,0.24,0.25,0,0.0,40,2.43,25.0,10.0,0.06,1.4,21.74,0.24,0.0,1.15,26.32,0.3,1.46,50.0,6.13,38.61,3.1,0.42,0.24,14.99,1.82,1.46,20.45,72.4,6.74,61.26,4.13,92.65,5.95,73.47,16.87,79.86,2.31,50.0,16.99,23.06,0.1,0.61,0.0,0.06,0.42,42.86,0.36,2.79,60.87,2.31,39.47,0.42,14.29,1.09,0.12,3.28,68.52,0,,0,,0,0.0,0.0,0.0,,,0.06,,,0.0,0.0,0.0,0.06,0,0.0
K. Sowah,NAC Breda,Standard Liège,"CF, LW",26,1800000,2027-06-30,27,1645,2,2.31,0,2.16,16.3,41.28,Ghana,Ghana,left,179,66,no,5.31,5.2,57.89,1.53,14.29,0.11,0.15,0.11,2.19,2.94,1.09,0,0.0,0,0.0,2.84,0.11,2,0.11,0.13,0,0.0,31,1.7,32.26,6.452,0.0,3.12,36.84,2.08,31.58,1.04,47.37,0.49,1.42,61.54,5.42,38.38,2.24,0.93,0.27,27.19,1.81,0.6,39.39,75.14,9.96,62.09,9.41,87.79,12.58,76.96,34.09,81.22,2.24,34.15,16.44,21.46,0.12,0.77,0.0,0.0,0.49,55.56,0.49,3.88,73.24,3.5,56.25,0.55,60.0,1.2,1.09,4.71,74.42,0,,0,,0,0.0,0.0,0.0,,,0.49,,,0.0,0.0,0.0,0.0,0,0.0
I. Hayden,Leyton Orient,Standard Liège,"DMF, RCMF, LCMF",31,1800000,2028-06-30,10,731,0,0.18,0,0.0,15.76,54.69,England,"England, Jamaica",right,187,79,no,9.73,6.16,66.0,3.32,55.56,0.74,0.95,0.0,4.92,6.32,0.98,3,0.37,0,0.0,0.86,0.0,0,0.0,0.02,0,0.0,2,0.25,0.0,0.0,0.0,0.25,0.0,0.0,0.0,0.25,0.0,0.0,0.86,100.0,4.19,44.12,0.37,0.49,0.12,33.0,0.12,0.86,46.54,91.27,10.96,71.91,8.0,100.0,19.45,97.47,43.95,94.4,2.34,42.11,17.32,26.35,0.0,0.0,0.0,0.0,0.12,0.0,0.0,3.45,64.29,0.49,25.0,0.25,0.0,0.0,0.12,3.69,73.33,0,,0,,0,0.0,0.0,0.0,,,0.86,,,0.0,0.0,0.0,0.0,0,0.0
D. Foulon,Antwerp,Mechelen,"LB, LWB",27,1700000,2028-06-30,39,3696,3,3.33,4,2.97,17.14,59.52,Belgium,Belgium,left,180,70,no,8.62,6.57,65.56,3.43,58.87,0.44,0.52,0.22,3.87,4.63,0.8,9,0.22,0,0.0,3.04,0.07,3,0.07,0.08,0,0.0,38,0.93,34.21,7.895,0.1,3.48,29.37,3.34,27.01,0.1,75.0,0.34,2.68,63.64,5.26,57.87,1.41,2.12,0.56,32.29,2.78,1.41,41.35,78.39,15.41,68.88,9.13,96.0,11.03,79.25,34.24,86.84,3.8,45.51,19.87,33.28,0.07,0.49,0.05,0.02,0.07,0.0,0.34,4.63,72.63,2.65,40.37,0.22,22.22,0.29,1.12,7.87,65.02,0,,0,,0,0.0,0.0,0.0,,,0.85,,,0.0,0.0,0.0,0.0,0,0.0
J. Vertonghen,,Anderlecht,LCB,39,1500000,,34,3336,3,1.57,1,0.94,10.95,64.78,Belgium,Belgium,left,189,88,no,7.39,3.13,62.93,4.1,61.84,0.16,0.22,0.76,5.26,7.03,0.43,4,0.11,0,0.0,0.73,0.08,3,0.08,0.04,1,0.03,14,0.38,57.14,21.429,0.03,0.27,50.0,0.22,62.5,0.0,0.0,0.05,0.57,66.67,1.65,67.21,0.4,0.76,0.05,38.98,0.22,0.94,54.31,89.12,18.99,75.0,1.94,98.61,29.6,97.63,46.35,95.29,7.69,53.33,24.2,42.52,0.03,0.19,0.0,0.03,0.03,0.0,0.13,7.77,68.4,0.65,41.67,0.7,38.46,0.3,0.16,8.42,73.4,0,,0,,0,0.0,0.0,0.0,,,1.7,,,0.0,0.0,0.0,0.0,0,0.0
M. Dupé,Nantes,Anderlecht,GK,33,1500000,2028-06-30,7,705,0,0.0,0,0.0,0.26,100.0,France,France,right,188,88,no,0.64,0.0,0.0,0.26,100.0,0.0,0.0,0.0,0.64,0.8,0.0,0,0.0,0,0.0,0.0,0.0,0,0.0,0.0,0,0.0,0,0.0,0.0,0.0,0.0,0.0,0.0,0.0,0.0,0.0,0.0,0.0,0.0,0.0,0.0,0.0,0.0,0.0,0.0,19.02,0.13,0.13,26.17,89.27,10.47,76.83,0.0,0.0,14.43,98.23,20.04,98.73,6.0,59.57,26.04,44.37,0.0,0.0,0.0,0.0,0.0,0.0,0.0,0.77,66.67,0.13,0.0,0.13,0.0,0.0,0.0,4.98,61.54,7,0.89,27,3.45,2,74.07,10.18,1.3,3.18,0.406,0.0,0.89,0.26,,,,0.0,0,0.0
D. Roef,Gent,Gent,GK,32,1500000,2029-06-30,22,2151,0,0.0,0,0.0,0.84,55.0,Belgium,Belgium,right,187,87,no,1.51,0.25,33.33,0.42,80.0,0.0,0.0,0.0,1.42,1.91,0.0,0,0.0,0,0.0,0.04,0.0,0,0.0,0.0,0,0.0,0,0.0,0.0,0.0,0.0,0.0,0.0,0.0,0.0,0.0,0.0,0.0,0.04,100.0,0.08,50.0,0.0,0.0,0.0,12.43,0.29,0.08,18.7,91.95,11.46,88.32,0.0,0.0,6.65,98.74,12.18,97.59,6.53,81.41,29.72,42.87,0.0,0.0,0.0,0.0,0.0,0.0,0.0,0.17,25.0,0.0,0.0,0.0,0.0,0.0,0.0,4.85,78.45,18,0.75,87,3.64,8,79.31,28.37,1.19,10.37,0.434,0.0,2.09,0.42,,,,0.0,0,0.0
P. Gerkens,Cercle Brugge,Gent,"RCMF, LCMF",31,1500000,2027-06-30,32,1482,4,3.2,2,1.7,14.15,43.35,Belgium,Belgium,right,179,72,no,6.8,4.55,53.33,3.52,41.38,0.24,0.32,0.3,4.13,5.44,0.55,1,0.06,0,0.0,1.4,0.24,4,0.24,0.19,0,0.0,21,1.28,38.1,19.048,0.12,1.58,26.92,0.55,44.44,1.03,17.65,0.12,0.67,54.55,3.1,39.22,2.13,0.24,0.0,26.17,0.67,0.73,38.5,80.91,11.36,70.59,7.35,96.69,13.3,82.65,31.64,87.52,5.34,56.82,18.24,23.19,0.1,0.91,0.0,0.0,0.36,33.33,0.12,6.19,73.53,2.31,36.84,0.79,30.77,0.67,0.43,6.26,76.7,0,,0,,0,0.0,0.0,0.0,,,0.0,,,0.36,0.0,0.0,1.52,0,0.0
Núrio Fortuna,Petro de Luanda,Gent,"LCB, LWB, LB",31,1500000,,15,653,0,0.82,1,0.0,19.02,57.25,Angola,"Angola, Portugal",left,177,73,no,11.3,8.27,60.0,3.31,41.67,0.41,0.54,0.14,5.93,7.68,1.65,2,0.28,1,0.14,1.52,0.0,0,0.0,0.11,0,0.0,4,0.55,0.0,0.0,0.14,1.1,25.0,1.1,25.0,0.0,0.0,0.0,2.48,50.0,6.34,63.04,0.83,1.1,0.55,34.32,1.52,2.89,47.0,81.52,20.4,75.68,7.17,92.31,13.09,90.53,40.11,89.35,5.79,38.1,19.41,33.19,0.0,0.0,0.0,0.0,0.14,0.0,0.14,7.03,54.9,1.24,55.56,0.96,28.57,0.55,0.28,9.79,71.83,0,,0,,0,0.0,0.0,0.0,,,1.79,,,0.0,0.0,0.0,0.0,0,0.0
A. Diawara,Leganés,Anderlecht,DMF,28,1500000,2027-06-30,11,658,0,0.08,0,0.06,12.99,57.89,Guinea,"Guinea, Italy",right,183,75,no,8.62,6.29,56.52,1.37,50.0,0.14,0.17,0.0,4.92,6.0,1.37,1,0.14,0,0.0,0.41,0.0,0,0.0,0.01,0,0.0,3,0.41,0.0,0.0,0.0,0.0,0.0,0.0,0.0,0.0,0.0,0.0,0.14,100.0,2.87,61.9,0.27,0.55,0.14,22.84,0.0,1.09,37.48,86.5,11.22,70.73,6.02,97.73,12.86,92.55,34.74,89.76,2.74,45.0,16.65,26.41,0.01,0.41,0.0,0.0,0.55,50.0,0.0,4.79,80.0,0.96,14.29,0.41,33.33,0.27,0.0,4.79,71.43,0,,0,,0,0.0,0.0,0.0,,,1.37,,,0.0,0.0,0.0,0.0,0,0.0
N. Angulo,Sunderland,Anderlecht,"LWF, RWF",23,1500000,2030-06-30,14,212,1,1.34,0,0.41,34.39,34.57,Ecuador,Ecuador,right,182,65,no,7.22,7.64,55.56,3.4,50.0,0.42,0.91,0.0,2.55,5.45,0.85,1,0.42,0,0.0,5.94,0.42,1,0.42,0.57,0,0.0,5,2.12,60.0,20.0,0.0,4.67,18.18,4.25,20.0,0.42,0.0,0.85,8.49,40.0,16.98,27.5,10.19,5.94,2.12,18.25,2.12,1.27,25.9,73.77,5.52,76.92,6.37,100.0,7.22,76.47,19.53,84.78,1.7,100.0,15.34,5.51,0.17,1.7,0.0,0.42,0.85,50.0,1.27,1.7,75.0,2.12,60.0,0.42,100.0,2.97,0.85,2.97,85.71,0,,0,,0,0.0,0.0,0.0,,,0.0,,,0.0,0.0,0.0,0.0,0,0.0
M. Kana,Anderlecht,Kortrijk,"LCB, LCMF, DMF",23,1500000,2028-06-30,22,1671,0,0.35,0,0.05,13.73,52.16,Congo DR,"Congo DR, Belgium",right,182,67,no,10.39,6.46,66.67,2.26,50.0,0.32,0.37,0.59,5.76,6.51,0.65,5,0.27,1,0.05,0.54,0.0,0,0.0,0.02,0,0.0,6,0.32,16.67,0.0,0.0,0.38,57.14,0.27,60.0,0.11,50.0,0.05,0.75,35.71,3.07,31.58,0.32,0.7,0.11,24.61,0.11,0.32,41.04,81.89,17.67,72.26,3.34,95.16,14.87,92.75,35.33,87.5,5.39,46.0,20.1,32.19,0.0,0.11,0.0,0.0,0.05,0.0,0.0,6.46,74.17,1.13,47.62,0.38,57.14,0.48,0.22,8.78,60.74,0,,0,,0,0.0,0.0,0.0,,,0.59,,,0.05,0.0,0.0,0.0,0,0.0
M. Ilaimaharitra,Standard Liège,Charleroi,"RCMF, DMF, RDMF",30,1500000,2027-06-30,29,2423,4,4.47,1,2.82,18.39,50.71,Madagascar,Madagascar,right,178,80,no,9.47,7.24,62.05,1.63,59.09,0.41,0.49,0.15,4.57,5.5,1.26,8,0.3,1,0.04,1.93,0.15,1,0.04,0.17,0,0.0,29,1.08,31.03,13.793,0.04,1.37,35.14,0.52,21.43,0.82,40.91,0.07,1.93,44.23,6.17,36.14,0.3,0.63,0.41,33.5,0.52,1.23,49.25,82.65,18.87,74.21,5.65,92.76,16.83,86.75,43.57,86.7,4.31,56.9,17.86,30.84,0.1,0.71,0.07,0.0,0.52,50.0,0.3,7.54,71.43,2.67,44.44,1.04,42.86,0.59,0.48,7.91,75.59,0,,0,,0,0.0,0.0,0.0,,,0.45,,,0.41,0.04,0.0,0.71,4,75.0
D. Heymans,Genk,Charleroi,"AMF, RCMF",27,1500000,2029-06-30,35,2448,3,8.7,2,1.5,22.24,45.79,Belgium,Belgium,right,189,73,no,6.95,4.6,52.8,8.35,54.63,1.36,1.73,0.22,3.16,4.03,1.58,7,0.26,0,0.0,1.54,0.11,2,0.07,0.32,0,0.0,59,2.17,37.29,5.085,0.07,1.36,24.32,0.22,33.33,1.1,23.33,0.22,0.74,45.0,4.71,32.81,2.94,1.14,0.33,27.13,2.46,0.66,37.79,77.04,10.99,66.56,8.2,93.27,10.4,75.97,33.82,80.98,2.72,52.7,15.85,27.21,0.06,0.51,0.0,0.11,0.18,40.0,0.37,5.07,65.94,2.39,44.62,0.26,42.86,0.85,0.26,5.37,66.44,0,,0,,0,0.0,0.0,0.0,,,0.33,,,0.0,0.0,0.0,0.0,1,100.0
Oday Dabbagh,Zamalek,Charleroi,CF,27,1500000,2029-06-30,27,2060,5,7.33,2,1.9,21.71,34.41,Palestine,Palestine,left,183,76,no,3.93,4.28,61.22,4.85,26.13,0.0,0.0,0.04,1.31,1.68,1.09,1,0.04,0,0.0,2.05,0.22,5,0.22,0.32,0,0.0,33,1.44,45.45,15.152,0.09,0.96,18.18,0.48,18.18,0.48,18.18,0.13,2.23,54.9,8.61,32.99,3.84,1.18,0.57,14.42,1.49,1.05,22.89,79.2,2.53,58.62,8.17,87.7,6.47,76.35,21.54,82.56,0.44,40.0,13.34,13.21,0.08,0.66,0.17,0.0,0.0,0.0,0.31,1.09,64.0,0.96,45.45,0.0,0.0,0.74,0.17,1.31,43.33,0,,0,,0,0.0,0.0,0.0,,,0.04,,,0.0,0.0,0.0,0.0,0,0.0
S. Lammens,Manchester United,Antwerp,GK,24,1500000,2030-06-30,9,895,0,0.0,0,0.0,1.21,91.67,Belgium,Belgium,right,193,92,no,1.21,0.0,0.0,0.7,100.0,0.0,0.0,0.0,1.21,1.73,0.0,0,0.0,0,0.0,0.0,0.0,0,0.0,0.0,0,0.0,0,0.0,0.0,0.0,0.0,0.0,0.0,0.0,0.0,0.0,0.0,0.0,0.0,0.0,0.0,0.0,0.0,0.0,0.0,20.51,0.2,0.3,28.76,77.97,17.4,66.47,0.0,0.0,10.56,97.14,16.99,97.04,11.56,51.3,33.07,50.64,0.0,0.0,0.0,0.0,0.0,0.0,0.0,2.21,36.36,0.2,0.0,0.2,0.0,0.0,0.0,8.95,60.67,17,1.71,53,5.33,1,67.92,12.84,1.29,-4.16,-0.418,0.0,1.81,0.7,,,,0.0,0,0.0
S. Vines,Houston Dynamo,Antwerp,LB,27,1500000,2027-12-31,5,232,1,0.17,0,0.48,16.29,50.0,United States,United States,left,177,68,no,6.98,8.15,61.9,1.16,33.33,0.0,0.0,0.0,1.94,2.78,0.39,0,0.0,0,0.0,1.55,0.39,1,0.39,0.07,0,0.0,2,0.78,50.0,50.0,0.0,2.33,16.67,2.33,16.67,0.0,0.0,0.78,0.78,100.0,4.27,36.36,1.16,0.78,0.39,40.34,1.55,0.78,53.15,83.94,18.23,74.47,10.09,96.15,16.68,83.72,48.1,90.32,3.1,25.0,17.29,27.67,0.19,1.55,0.0,0.0,0.39,0.0,0.0,3.49,66.67,2.72,28.57,0.0,0.0,0.0,0.78,8.53,63.64,0,,0,,0,0.0,0.0,0.0,,,1.16,,,0.0,0.0,0.0,1.55,0,0.0
F. Leysen,Union Saint-Gilloise,Union Saint-Gilloise,LCB,23,1500000,2029-06-30,4,373,0,0.21,0,0.0,14.72,59.02,Belgium,Belgium,left,191,77,no,12.79,7.96,72.73,2.9,41.67,0.97,1.28,0.72,6.03,7.98,0.72,2,0.48,0,0.0,0.0,0.0,0,0.0,0.05,0,0.0,2,0.48,0.0,0.0,0.0,0.24,0.0,0.24,0.0,0.0,0.0,0.0,0.0,0.0,1.45,33.33,0.48,1.45,0.24,22.44,0.72,0.0,37.4,75.48,18.58,66.23,4.34,88.89,11.34,85.11,30.4,81.75,6.76,50.0,22.46,40.76,0.0,0.0,0.0,0.0,0.0,0.0,0.0,6.76,82.14,0.72,66.67,0.48,50.0,0.48,0.0,8.69,61.11,0,,0,,0,0.0,0.0,0.0,,,1.45,,,0.0,0.0,0.0,0.0,0,0.0
João Silva,Sport Recife,Kortrijk,"CB, RCB",27,1500000,2027-12-31,36,3399,1,0.97,1,0.44,14.11,59.1,Portugal,Portugal,right,189,82,no,10.41,5.98,70.35,4.42,49.1,0.53,0.6,1.09,5.67,6.45,0.87,5,0.13,0,0.0,0.19,0.03,1,0.03,0.03,1,0.03,4,0.11,50.0,25.0,0.03,0.03,0.0,0.0,0.0,0.03,0.0,0.0,0.13,80.0,1.24,44.68,0.34,0.32,0.13,17.16,0.11,0.56,28.46,85.02,10.56,70.18,1.75,95.45,14.09,96.62,23.94,90.15,4.5,58.24,21.05,32.11,0.01,0.05,0.0,0.0,0.05,50.0,0.05,2.89,62.39,0.24,22.22,0.37,50.0,0.11,0.0,5.51,58.65,0,,0,,0,0.0,0.0,0.0,,,1.35,,,0.0,0.0,0.0,0.0,0,0.0
I. Davies,Cardiff City,Kortrijk,CF,24,1500000,2029-06-30,32,2427,12,7.7,0,0.81,22.55,29.44,Wales,Wales,right,175,65,no,3.82,4.6,47.58,5.41,17.12,0.04,0.04,0.07,1.59,1.85,1.56,3,0.11,0,0.0,2.67,0.44,12,0.44,0.29,2,0.07,43,1.59,55.81,27.907,0.0,0.96,15.38,0.3,0.0,0.67,22.22,0.19,3.45,47.31,8.38,30.97,3.34,1.67,1.19,7.34,1.48,0.93,11.83,70.85,2.04,56.36,4.56,89.43,2.52,63.24,10.57,77.54,0.3,12.5,15.22,4.8,0.03,0.15,0.0,0.0,0.0,0.0,0.04,0.67,61.11,0.59,37.5,0.0,0.0,0.22,0.11,0.89,45.83,0,,0,,0,0.0,0.0,0.0,,,0.52,,,0.0,0.0,0.0,0.0,0,0.0
L. Segovia,LDU Quito,RWD Molenbeek,"LCB, CB",28,1500000,2026-12-31,13,1135,1,0.32,0,0.15,13.32,57.14,Ecuador,Ecuador,left,182,80,no,12.21,6.26,67.09,4.52,54.39,0.16,0.19,0.4,7.85,9.31,0.63,2,0.16,0,0.0,0.16,0.08,1,0.08,0.03,1,0.08,2,0.16,50.0,50.0,0.0,0.24,0.0,0.24,0.0,0.0,0.0,0.08,0.24,33.33,1.19,40.0,0.32,1.03,0.08,32.99,0.4,0.16,48.05,86.96,21.33,80.3,2.93,97.3,19.51,94.72,40.84,91.26,7.06,64.04,20.98,36.24,0.01,0.08,0.08,0.0,0.24,0.0,0.0,6.66,72.62,0.63,25.0,0.79,30.0,0.32,0.0,9.99,75.4,0,,0,,0,0.0,0.0,0.0,,,1.51,,,0.0,0.0,0.0,0.0,0,0.0
Y. Maziz,,OH Leuven,"AMF, LWF, RWF",28,1500000,,34,2483,7,4.64,6,4.62,13.77,40.0,France,"France, Morocco",right,175,76,no,4.39,3.23,57.3,1.45,27.5,0.25,0.29,0.04,2.28,2.64,0.54,5,0.18,0,0.0,3.55,0.25,7,0.25,0.17,1,0.04,51,1.85,35.29,13.725,0.22,1.96,31.48,1.3,36.11,0.65,22.22,0.14,3.04,58.33,7.29,36.32,1.78,1.52,0.47,22.76,1.23,0.98,31.64,74.11,11.24,62.26,6.52,90.56,8.23,77.97,25.88,81.09,3.91,48.15,19.04,34.68,0.17,1.56,0.04,0.0,0.98,51.85,0.43,5.62,63.23,3.08,44.71,1.74,45.83,0.87,0.51,6.56,78.45,0,,0,,0,0.0,0.0,0.0,,,0.11,,,1.81,0.25,14.29,2.94,0,0.0
K. Laifis,APOEL,Standard Liège,"CB, LCB",33,1500000,2029-05-31,26,2542,2,1.29,0,0.06,13.28,63.73,Cyprus,Cyprus,left,186,82,no,8.28,4.92,63.31,4.85,69.34,0.18,0.22,0.5,4.99,6.24,0.53,3,0.11,0,0.0,0.46,0.07,2,0.07,0.05,2,0.07,14,0.5,28.57,14.286,0.0,0.11,33.33,0.11,33.33,0.0,0.0,0.0,0.35,80.0,1.1,64.52,0.53,0.6,0.11,32.86,0.07,0.5,49.35,87.95,17.95,74.56,1.7,93.75,26.48,97.19,42.42,92.99,6.83,57.51,22.26,39.27,0.0,0.14,0.0,0.0,0.0,0.0,0.0,5.28,69.8,0.46,15.38,0.25,28.57,0.04,0.04,7.86,65.32,0,,0,,0,0.0,0.0,0.0,,,0.96,,,0.0,0.0,0.0,0.04,0,0.0
E. Sobol,Jablonec,Genk,"LB, LWB",31,1500000,2027-06-30,13,490,0,0.04,0,0.35,17.08,53.76,Ukraine,Ukraine,left,186,79,no,12.12,8.45,67.39,3.31,33.33,0.18,0.29,0.0,6.24,9.71,1.1,0,0.0,0,0.0,1.29,0.0,0,0.0,0.01,0,0.0,2,0.37,0.0,0.0,0.0,1.1,50.0,1.1,50.0,0.0,0.0,0.0,1.1,66.67,3.12,47.06,0.73,0.55,0.37,22.04,1.1,0.73,34.35,79.68,14.88,67.9,4.04,95.45,9.55,92.31,28.84,84.71,4.41,54.17,16.54,22.39,0.06,0.73,0.0,0.0,0.37,0.0,0.55,4.59,64.0,1.47,75.0,0.55,33.33,0.55,0.55,8.08,77.27,0,,0,,0,0.0,0.0,0.0,,,0.55,,,0.0,0.0,0.0,0.18,0,0.0
A. O''Neill,New York City,Standard Liège,"DMF, RCMF, LCMF",28,1500000,2028-12-31,23,1708,1,0.58,0,0.56,20.44,54.9,Australia,"Australia, Northern Ireland",right,178,70,no,10.75,8.8,65.87,2.95,53.57,0.37,0.48,0.42,4.58,5.93,1.48,4,0.21,0,0.0,1.05,0.05,1,0.05,0.03,0,0.0,11,0.58,36.36,9.091,0.0,0.63,25.0,0.53,20.0,0.11,50.0,0.11,1.37,50.0,5.32,38.61,0.58,0.95,0.37,26.56,0.11,1.42,41.36,85.86,13.28,72.22,5.74,93.58,14.91,92.23,37.78,89.68,2.95,50.0,16.53,29.7,0.03,0.21,0.05,0.0,0.0,0.0,0.11,6.17,72.65,1.37,38.46,0.26,0.0,0.37,0.16,6.11,67.24,0,,0,,0,0.0,0.0,0.0,,,0.63,,,0.0,0.0,0.0,0.0,0,0.0
K. Olaigbe,Basel,Cercle Brugge,"LAMF, CF",23,1500000,2030-06-30,27,932,4,2.27,0,2.36,25.59,36.23,Belgium,"Belgium, Nigeria",right,178,71,yes,5.31,5.31,58.18,2.9,13.33,0.19,0.32,0.0,2.03,3.41,0.97,1,0.1,0,0.0,4.83,0.39,4,0.39,0.22,0,0.0,24,2.32,54.17,16.667,0.0,3.19,24.24,1.83,26.32,1.26,23.08,0.48,5.5,45.61,13.23,32.85,4.54,2.9,0.87,15.26,2.03,1.06,24.72,71.88,6.28,53.85,6.86,92.96,6.86,76.06,20.67,80.84,0.97,30.0,15.84,12.59,0.23,1.45,0.0,0.0,0.39,75.0,0.68,1.16,58.33,3.77,64.1,0.39,50.0,2.32,0.68,3.67,78.95,0,,0,,0,0.0,0.0,0.0,,,0.1,,,0.0,0.0,0.0,0.1,0,0.0
M. Ebiowei,Crawley Town,RWD Molenbeek,"RAMF, LAMF",22,1500000,2028-06-30,5,189,0,0.04,1,0.09,29.52,35.48,England,"England, Netherlands",left,185,80,no,9.05,7.14,73.33,1.9,25.0,1.43,2.05,0.0,2.38,3.41,0.95,1,0.48,0,0.0,3.81,0.0,0,0.0,0.02,0,0.0,2,0.95,50.0,0.0,0.48,1.9,75.0,0.0,0.0,1.9,75.0,0.0,6.67,28.57,16.19,23.53,0.95,2.86,0.0,14.29,0.95,0.95,21.9,80.43,6.19,61.54,3.81,100.0,7.14,80.0,18.1,84.21,1.9,50.0,17.89,23.41,0.04,0.48,0.0,0.0,0.48,0.0,0.95,3.81,75.0,2.86,66.67,1.43,33.33,1.43,1.43,7.14,80.0,0,,0,,0,0.0,0.0,0.0,,,0.0,,,1.43,0.0,0.0,1.43,0,0.0
R. Mundle,Sunderland,Standard Liège,"CF, LWB, RW",23,1500000,2030-06-30,6,181,0,0.15,0,0.25,28.84,41.38,England,England,right,177,61,no,5.97,8.45,52.94,3.48,42.86,0.0,0.0,0.5,1.49,2.2,2.98,1,0.5,0,0.0,4.48,0.0,0,0.0,0.08,0,0.0,2,0.99,100.0,0.0,0.0,1.99,0.0,1.49,0.0,0.5,0.0,0.0,7.96,43.75,14.92,36.67,1.49,3.48,0.5,18.9,0.5,3.48,26.85,70.37,7.96,68.75,5.97,100.0,6.96,57.14,22.87,80.43,1.99,25.0,18.77,12.73,0.13,0.99,0.0,0.0,0.5,0.0,0.0,1.99,100.0,1.49,33.33,0.5,0.0,0.5,0.0,2.98,33.33,0,,0,,0,0.0,0.0,0.0,,,0.0,,,0.0,0.0,0.0,1.49,0,0.0
S. Mitrović,Partizan,Gent,"RCB, LCB",36,1300000,2027-06-30,15,1211,2,1.23,0,0.32,12.56,64.5,Serbia,Serbia,right,189,84,no,8.03,6.17,72.29,3.86,67.31,0.22,0.29,0.67,3.34,4.4,0.74,2,0.15,0,0.0,0.52,0.15,2,0.15,0.09,1,0.07,5,0.37,60.0,40.0,0.0,0.15,100.0,0.07,100.0,0.07,100.0,0.0,0.15,100.0,0.67,66.67,0.52,0.59,0.0,29.73,0.59,0.3,41.47,92.47,17.46,87.66,2.3,93.55,18.73,96.83,36.04,94.23,5.28,80.28,21.26,34.33,0.02,0.07,0.0,0.0,0.07,0.0,0.0,4.38,83.05,0.22,100.0,0.15,0.0,0.0,0.15,6.91,77.42,0,,0,,0,0.0,0.0,0.0,,,1.64,,,0.0,0.0,0.0,0.0,0,0.0
B. Raman,Mechelen,Anderlecht,LWF,31,1300000,2027-06-30,10,335,0,2.03,0,0.23,19.61,39.73,Belgium,Belgium,right,172,67,no,7.25,6.18,60.87,2.69,40.0,0.27,0.38,0.27,3.22,4.62,1.07,0,0.0,0,0.0,3.49,0.0,0,0.0,0.54,0,0.0,18,4.84,16.67,0.0,0.0,3.22,25.0,2.15,37.5,0.81,0.0,0.0,5.1,36.84,7.79,31.03,6.18,2.96,1.61,15.31,3.49,0.27,21.49,68.75,6.45,66.67,3.22,91.67,5.91,68.18,15.85,81.36,2.69,50.0,21.06,24.72,0.06,0.54,0.0,0.0,0.27,0.0,0.0,2.15,37.5,3.49,46.15,0.54,0.0,1.34,0.54,3.22,91.67,0,,0,,0,0.0,0.0,0.0,,,0.0,,,0.54,0.0,0.0,0.0,0,0.0
F. Surdez,Sion,Gent,"CF, LAMF",24,1300000,2030-06-30,9,222,0,0.78,2,0.57,22.3,49.09,Switzerland,Switzerland,right,188,75,no,6.49,8.11,65.0,0.41,100.0,0.0,0.0,0.0,1.22,1.88,2.43,0,0.0,0,0.0,3.65,0.0,0,0.0,0.32,0,0.0,7,2.84,28.57,0.0,0.81,1.62,50.0,1.62,50.0,0.0,0.0,0.41,3.24,62.5,8.51,52.38,2.84,1.62,0.0,13.78,1.62,1.22,18.24,82.22,2.84,42.86,6.08,93.33,3.65,88.89,16.62,85.37,0.0,0.0,9.86,0.0,0.23,1.22,0.0,0.0,0.0,0.0,0.81,0.81,100.0,1.62,75.0,0.0,0.0,0.81,0.81,1.62,50.0,0,,0,,0,0.0,0.0,0.0,,,0.0,,,0.0,0.0,0.0,0.0,0,0.0
S. Walsh,Persib,Mechelen,RB,31,1300000,2029-06-30,31,1985,0,1.16,1,1.45,11.47,48.62,Belgium,"Belgium, Indonesia",right,183,77,no,7.07,5.89,59.23,1.9,47.62,0.27,0.32,0.18,3.31,3.86,1.22,5,0.23,0,0.0,0.91,0.0,0,0.0,0.05,0,0.0,8,0.36,37.5,0.0,0.05,1.68,32.43,0.05,100.0,1.63,30.56,0.14,0.91,20.0,1.9,23.81,1.41,0.82,0.32,32.42,2.13,0.32,41.49,84.37,15.64,76.52,5.71,98.41,13.69,88.41,35.68,89.83,4.17,57.61,17.46,26.55,0.07,0.54,0.0,0.0,0.09,50.0,0.32,4.31,73.68,1.77,41.03,0.27,33.33,0.59,0.41,7.48,72.12,0,,0,,0,0.0,0.0,0.0,,,1.27,,,0.0,0.0,0.0,0.0,0,0.0
H. Mendyl,Volos NFC,OH Leuven,"LWB, LB",28,1300000,2027-06-30,26,1961,3,1.14,2,1.62,14.27,43.41,Morocco,"Morocco, Côte d'Ivoire",left,179,73,no,7.43,5.05,53.64,1.74,47.37,0.28,0.32,0.23,4.45,5.23,1.15,9,0.41,1,0.05,2.98,0.14,3,0.14,0.05,0,0.0,11,0.5,63.64,27.273,0.09,2.25,36.73,2.07,35.56,0.18,50.0,0.64,3.63,46.84,5.32,38.79,1.42,1.97,0.5,19.37,2.11,0.28,28.27,73.54,11.34,60.73,5.87,92.97,6.61,72.92,23.41,81.37,2.66,34.48,18.68,31.14,0.07,0.37,0.14,0.0,0.18,75.0,0.32,2.85,62.9,1.97,51.16,0.14,33.33,0.41,0.83,5.51,59.17,0,,0,,0,0.0,0.0,0.0,,,0.37,,,0.0,0.0,0.0,0.0,0,0.0
A. Hjulsager,Vejle,Gent,"AMF, RWF, RWB",31,1200000,2028-06-30,18,1011,2,1.1,1,1.79,28.04,47.3,Denmark,Denmark,right,175,72,no,9.88,11.22,62.7,2.23,28.0,0.27,0.36,0.09,2.58,3.52,1.69,2,0.18,0,0.0,5.34,0.18,2,0.18,0.1,0,0.0,22,1.96,31.82,9.091,0.09,4.54,37.25,2.05,52.17,2.31,23.08,0.89,5.52,50.0,11.39,39.84,3.92,2.67,1.42,24.75,1.25,1.25,35.7,74.06,11.66,70.23,6.41,90.28,9.61,71.3,28.04,83.81,3.29,43.24,18.31,24.36,0.16,1.69,0.09,0.0,0.45,60.0,0.62,4.01,73.33,5.16,56.9,0.8,33.33,2.76,1.78,6.94,83.33,0,,0,,0,0.0,0.0,0.0,,,0.0,,,0.36,0.09,0.0,1.51,0,0.0
É. Balanta,,Club Brugge,"DMF, LDMF, LCMF",33,1200000,,21,737,0,0.28,0,0.0,22.71,55.38,Colombia,Colombia,left,180,84,no,12.21,8.91,67.12,4.76,66.67,0.24,0.4,0.12,5.98,9.74,1.59,3,0.37,0,0.0,0.73,0.0,0,0.0,0.03,0,0.0,3,0.37,33.33,0.0,0.0,0.24,50.0,0.12,0.0,0.12,100.0,0.0,0.85,57.14,5.5,37.78,0.37,0.37,0.0,22.47,0.24,0.85,37.73,83.17,13.68,63.39,4.03,96.97,14.41,94.92,33.09,86.72,4.52,56.76,19.25,27.05,0.0,0.0,0.0,0.0,0.0,0.0,0.0,4.88,62.5,0.37,33.33,0.0,0.0,0.12,0.12,5.37,70.45,0,,0,,0,0.0,0.0,0.0,,,0.0,,,0.0,0.0,0.0,0.0,0,0.0
I. Mbenza,Yarmouk,Charleroi,"LB, LWF",30,1200000,,27,1847,1,2.71,2,3.62,11.94,47.35,Belgium,"Belgium, Congo DR",right,188,77,no,2.68,2.0,65.85,0.68,28.57,0.05,0.06,0.1,1.32,1.64,0.34,3,0.15,0,0.0,3.75,0.05,1,0.05,0.13,0,0.0,29,1.41,44.83,3.448,0.1,2.78,26.32,2.05,23.81,0.73,33.33,0.54,3.65,64.0,8.19,45.24,2.0,2.34,0.83,22.37,1.17,1.02,31.14,78.4,8.38,65.7,7.31,92.0,8.38,74.42,25.63,86.69,3.02,50.0,17.35,31.15,0.18,1.51,0.1,0.0,0.39,12.5,0.44,3.36,68.12,2.87,40.68,0.39,25.0,0.73,0.97,5.02,67.96,0,,0,,0,0.0,0.0,0.0,,,0.44,,,1.41,0.1,0.0,4.0,0,0.0
J. Pétris,Watford,Charleroi,RB,28,1200000,2029-06-30,12,1097,0,0.21,1,0.81,18.62,48.9,France,France,right,183,72,no,7.55,7.06,58.14,2.13,46.15,0.41,0.54,0.08,3.04,4.01,0.9,3,0.25,0,0.0,4.02,0.0,0,0.0,0.02,0,0.0,5,0.41,20.0,0.0,0.08,3.53,37.21,0.08,0.0,3.45,38.1,0.16,3.86,65.96,7.96,45.36,1.39,2.63,0.82,22.97,2.38,1.72,30.36,72.43,11.49,63.57,5.74,94.29,6.97,74.12,23.96,80.82,2.95,44.44,21.19,36.12,0.07,0.49,0.0,0.0,0.16,50.0,0.57,3.86,59.57,2.3,53.57,0.41,20.0,0.57,1.31,6.48,69.62,0,,0,,0,0.0,0.0,0.0,,,0.98,,,0.0,0.0,0.0,0.0,0,0.0
Flávio Nazinho,Monaco,Cercle Brugge,"LB, LWB, LAMF",22,1200000,2030-06-30,22,1295,1,0.36,0,1.84,19.88,48.6,Portugal,"Portugal, Guinea-Bissau",left,180,75,no,11.33,8.48,62.3,3.54,35.29,0.49,0.72,0.0,5.56,8.22,1.53,4,0.28,1,0.07,2.85,0.07,1,0.07,0.03,0,0.0,7,0.49,28.57,14.286,0.0,4.1,23.73,3.89,23.21,0.14,50.0,0.28,3.47,50.0,6.12,43.18,0.9,2.36,0.9,16.47,0.69,0.97,28.84,55.42,13.83,49.25,3.34,85.42,6.67,52.08,20.43,65.65,4.38,38.1,21.55,24.22,0.13,0.76,0.0,0.0,0.14,0.0,0.21,5.42,46.15,3.89,35.71,0.14,0.0,0.76,1.11,7.3,62.86,0,,0,,0,0.0,0.0,0.0,,,0.35,,,0.83,0.0,0.0,2.15,0,0.0
N. Adedeji-Sternberg,Genk,Genk,"LAMF, RWF, LWB",21,1200000,2028-06-30,5,60,0,0.18,0,0.0,15.0,60.0,Belgium,"Belgium, Germany",right,179,70,no,6.0,6.0,75.0,0.0,0.0,0.0,0.0,0.0,1.5,3.33,0.0,0,0.0,0,0.0,1.5,0.0,0,0.0,0.27,0,0.0,3,4.5,0.0,0.0,0.0,0.0,0.0,0.0,0.0,0.0,0.0,0.0,1.5,100.0,7.5,60.0,7.5,1.5,0.0,22.5,4.5,0.0,34.5,82.61,4.5,33.33,10.5,100.0,13.5,100.0,34.5,82.61,0.0,0.0,12.05,0.0,0.0,0.0,0.0,0.0,0.0,0.0,0.0,1.5,100.0,0.0,0.0,0.0,0.0,0.0,0.0,3.0,100.0,0,,0,,0,0.0,0.0,0.0,,,1.5,,,0.0,0.0,0.0,0.0,0,0.0
G. Magnée,Cercle Brugge,Eupen,"RWB, RW, RB",26,1200000,2028-06-30,30,2708,3,4.12,4,4.95,17.78,46.73,Belgium,Belgium,right,175,67,no,9.51,6.68,58.71,1.73,34.62,0.3,0.34,0.56,5.28,6.07,0.63,4,0.13,0,0.0,3.79,0.1,1,0.03,0.14,0,0.0,36,1.2,33.33,8.333,0.13,2.86,38.37,0.3,22.22,2.56,40.26,0.37,3.56,60.75,7.81,41.7,1.06,1.56,0.43,19.44,1.46,0.7,29.25,71.48,10.2,60.26,3.59,94.44,10.04,75.83,22.8,79.3,3.79,49.12,19.99,35.63,0.16,1.2,0.07,0.03,0.4,33.33,0.53,3.86,56.03,3.02,41.76,0.66,25.0,0.33,1.06,6.38,68.23,0,,0,,0,0.0,0.0,0.0,,,0.23,,,1.16,0.1,33.33,3.09,3,66.667
D. Haspolat,Westerlo,Westerlo,"LCMF, LDMF, RDMF",26,1200000,2027-06-30,26,1301,0,0.32,2,1.26,14.94,51.39,Netherlands,"Netherlands, Türkiye",right,177,75,no,9.68,6.57,64.21,2.21,46.88,0.42,0.51,0.35,5.05,6.15,1.04,5,0.35,0,0.0,0.97,0.0,0,0.0,0.02,0,0.0,10,0.69,30.0,0.0,0.14,0.83,50.0,0.42,66.67,0.42,33.33,0.14,1.18,23.53,3.53,43.14,0.0,0.48,0.35,27.26,0.28,1.25,39.57,84.79,13.42,72.68,6.36,95.65,14.53,91.9,34.31,89.52,4.5,55.38,19.04,26.18,0.09,0.97,0.07,0.0,0.28,25.0,0.0,6.5,69.15,1.25,38.89,0.42,16.67,0.07,0.35,6.16,80.9,0,,0,,0,0.0,0.0,0.0,,,1.52,,,0.83,0.21,33.33,3.39,0,0.0
I. Slimani,,Mechelen,CF,38,1200000,,13,891,3,3.71,3,0.98,18.59,38.59,Algeria,Algeria,right,188,83,no,3.03,1.62,43.75,6.67,45.45,0.3,0.36,0.1,2.02,2.38,0.81,3,0.3,1,0.1,2.12,0.3,3,0.3,0.37,2,0.2,21,2.12,52.38,14.286,0.3,1.21,41.67,0.2,50.0,1.01,40.0,0.0,0.51,60.0,5.76,31.58,3.64,0.3,0.1,19.09,2.32,1.11,26.36,75.48,6.06,65.0,6.67,87.88,7.98,83.54,24.04,78.15,1.11,54.55,15.67,28.11,0.1,0.71,0.1,0.0,0.2,100.0,0.81,3.64,66.67,1.01,60.0,0.3,100.0,0.71,0.4,3.43,67.65,0,,0,,0,0.0,0.0,0.0,,,0.0,,,0.0,0.0,0.0,0.0,0,0.0
P. Pflücke,Charleroi,Mechelen,"RAMF, RWB, RW",29,1200000,2027-06-30,34,1916,4,2.55,4,5.55,9.68,54.37,Germany,Germany,left,170,66,no,4.18,4.32,64.13,0.8,47.06,0.28,0.33,0.0,1.13,1.3,0.33,1,0.05,0,0.0,2.68,0.19,4,0.19,0.12,0,0.0,30,1.41,46.67,13.333,0.19,2.87,26.23,0.75,12.5,2.07,31.82,0.66,1.78,68.42,3.66,50.0,2.44,1.97,0.61,28.42,2.4,0.47,34.2,79.95,8.08,66.28,7.94,93.49,12.96,81.16,28.42,87.27,3.01,59.38,18.97,29.16,0.26,1.69,0.05,0.05,0.38,12.5,0.61,3.1,66.67,3.52,45.33,0.7,6.67,1.41,0.99,6.48,71.74,0,,0,,0,0.0,0.0,0.0,,,0.42,,,0.38,0.0,0.0,3.01,0,0.0
J. Panzo,,Standard Liège,LCB,25,1200000,,11,788,1,0.48,0,0.2,15.19,61.65,England,"England, Côte d'Ivoire",left,185,72,no,11.19,7.31,76.56,2.06,55.56,1.48,1.82,0.11,4.11,5.05,1.37,1,0.11,0,0.0,0.8,0.11,1,0.11,0.06,1,0.11,4,0.46,50.0,25.0,0.0,0.69,16.67,0.69,16.67,0.0,0.0,0.23,0.57,80.0,2.4,33.33,0.69,1.14,0.23,30.95,0.69,0.34,44.2,88.11,18.16,82.39,4.68,97.56,16.79,92.52,41.46,91.46,2.06,44.44,19.39,26.98,0.02,0.23,0.0,0.0,0.0,0.0,0.11,6.28,80.0,0.69,50.0,0.23,0.0,0.11,0.11,7.31,79.69,0,,0,,0,0.0,0.0,0.0,,,1.94,,,0.0,0.0,0.0,0.0,0,0.0
K. Schmeichel,,Anderlecht,GK,39,1000000,,31,3060,0,0.0,0,0.0,0.26,44.44,Denmark,Denmark,right,189,88,no,1.06,0.12,25.0,0.06,100.0,0.0,0.0,0.0,1.03,1.4,0.0,1,0.03,0,0.0,0.03,0.0,0,0.0,0.0,0,0.0,0,0.0,0.0,0.0,0.0,0.0,0.0,0.0,0.0,0.0,0.0,0.0,0.03,100.0,0.09,33.33,0.0,0.03,0.0,18.91,0.15,0.0,27.38,87.43,12.82,75.0,0.0,0.0,13.85,98.3,18.03,98.21,9.35,66.67,30.42,44.82,0.0,0.0,0.0,0.0,0.0,0.0,0.0,1.85,44.44,0.24,0.0,0.29,20.0,0.0,0.0,5.44,69.19,31,0.91,147,4.32,7,78.91,41.69,1.23,10.69,0.314,0.0,0.85,0.06,,,,0.0,0,0.0
D. Schmidt,Nagoya Grampus,Gent,GK,34,1000000,2028-06-30,13,1288,0,0.0,0,0.08,0.84,91.67,United States,"United States, Japan",right,197,88,no,2.1,0.07,100.0,0.49,100.0,0.0,0.0,0.0,2.03,2.71,0.0,0,0.0,0,0.0,0.07,0.0,0,0.0,0.0,0,0.0,0,0.0,0.0,0.0,0.0,0.0,0.0,0.0,0.0,0.0,0.0,0.0,0.07,100.0,0.14,50.0,0.0,0.0,0.0,16.07,0.35,0.07,22.92,88.72,11.11,79.25,0.0,0.0,10.48,98.0,14.6,99.52,8.25,70.34,31.09,44.74,0.01,0.07,0.0,0.0,0.0,0.0,0.07,1.4,45.0,0.07,100.0,0.14,0.0,0.07,0.0,5.31,77.63,21,1.47,55,3.84,3,61.82,19.96,1.39,-1.04,-0.073,0.0,1.4,0.49,,,,0.0,0,0.0
J. Lonwijk,Dynamo Kyiv,Anderlecht,"LCMF, LWF, LW",26,1000000,2027-06-30,3,62,0,0.05,0,0.0,31.94,54.55,Netherlands,"Netherlands, Suriname",right,189,85,no,10.16,8.71,66.67,7.26,60.0,0.0,0.0,0.0,4.35,4.74,2.9,0,0.0,0,0.0,1.45,0.0,0,0.0,0.08,0,0.0,1,1.45,0.0,0.0,0.0,0.0,0.0,0.0,0.0,0.0,0.0,0.0,2.9,50.0,8.71,33.33,1.45,0.0,0.0,11.61,1.45,1.45,17.42,83.33,2.9,50.0,2.9,100.0,7.26,100.0,15.97,90.91,1.45,0.0,8.88,9.33,0.0,0.0,0.0,0.0,0.0,0.0,0.0,1.45,100.0,0.0,0.0,0.0,0.0,0.0,0.0,1.45,100.0,0,,0,,0,0.0,0.0,0.0,,,0.0,,,0.0,0.0,0.0,0.0,0,0.0
N. Fadiga,Aris,Gent,"RWB, RB, RWF",26,1000000,2028-06-30,17,556,0,1.22,0,0.06,21.69,48.51,Belgium,"Belgium, Senegal",right,187,76,no,8.42,9.06,57.14,1.13,28.57,0.32,0.43,0.0,2.91,3.91,1.62,1,0.16,1,0.16,3.24,0.0,0,0.0,0.2,0,0.0,9,1.46,22.22,0.0,0.0,1.62,50.0,0.0,0.0,1.62,50.0,0.16,4.21,50.0,8.26,43.14,2.75,1.62,0.65,21.53,3.56,1.78,28.0,73.99,9.23,56.14,7.45,97.83,6.15,73.68,24.77,79.74,1.62,10.0,15.69,16.83,0.01,0.16,0.0,0.0,0.16,0.0,0.16,2.43,53.33,1.13,71.43,0.0,0.0,0.49,0.81,4.05,64.0,0,,0,,0,0.0,0.0,0.0,,,0.0,,,0.0,0.0,0.0,0.0,0,0.0
A. Ouattara,Maccabi Netanya,Genk,"RDMF, DMF, LDMF",25,1000000,2027-06-30,8,339,0,0.35,0,0.0,35.04,45.45,Côte d'Ivoire,Côte d'Ivoire,right,188,78,no,14.07,8.23,48.39,11.42,55.81,0.8,1.3,0.8,9.29,15.22,2.65,0,0.0,0,0.0,2.39,0.0,0,0.0,0.09,0,0.0,2,0.53,0.0,0.0,0.0,0.27,100.0,0.0,0.0,0.27,100.0,0.0,2.39,66.67,9.56,30.56,1.59,0.0,0.0,14.87,0.27,0.8,31.59,76.47,11.68,72.73,4.51,82.35,10.09,86.84,27.88,81.9,3.45,30.77,16.83,20.51,0.0,0.0,0.0,0.0,0.53,100.0,0.0,3.98,66.67,0.0,0.0,0.53,100.0,0.0,0.0,6.37,45.83,0,,0,,0,0.0,0.0,0.0,,,0.53,,,0.0,0.0,0.0,0.0,0,0.0
B. Białek,,Eupen,CF,24,1000000,,6,474,1,1.1,0,0.0,29.62,43.59,Poland,Poland,right,191,84,no,5.89,3.99,85.71,8.73,41.3,0.0,0.0,0.19,2.47,3.0,1.33,0,0.0,0,0.0,3.04,0.19,1,0.19,0.21,0,0.0,13,2.47,46.15,7.692,0.0,0.0,0.0,0.0,0.0,0.0,0.0,0.0,4.18,40.91,11.77,37.1,2.47,0.76,0.19,10.44,1.71,2.28,15.95,78.57,4.37,52.17,3.8,90.0,5.13,85.19,14.81,78.21,1.14,83.33,16.59,27.02,0.0,0.0,0.0,0.0,0.76,25.0,0.0,2.09,54.55,1.52,50.0,0.19,100.0,0.95,0.0,1.9,60.0,0,,0,,0,0.0,0.0,0.0,,,0.0,,,0.0,0.0,0.0,0.0,0,0.0
H. Teklab,OH Leuven,Union Saint-Gilloise,LWB,27,1000000,2027-06-30,21,1071,1,1.14,2,0.78,19.16,53.07,Germany,"Germany, Eritrea",right,174,70,no,10.59,9.5,61.06,2.69,37.5,1.26,1.74,0.0,3.53,4.86,1.68,4,0.34,0,0.0,2.86,0.08,1,0.08,0.1,0,0.0,16,1.34,37.5,6.25,0.17,1.85,22.73,1.85,22.73,0.0,0.0,0.25,3.11,59.46,4.96,55.93,2.44,2.69,0.76,18.74,1.6,0.5,28.15,79.7,8.32,75.76,5.88,88.57,7.65,79.12,24.29,85.47,2.02,62.5,16.03,15.43,0.07,1.18,0.08,0.08,0.17,50.0,0.25,2.69,81.25,2.1,48.0,0.25,33.33,0.92,0.5,5.63,82.09,0,,0,,0,0.0,0.0,0.0,,,0.76,,,0.0,0.0,0.0,0.0,0,0.0
H. Fujii,Nagoya Grampus,Kortrijk,"LCB, RCB",25,1000000,2028-06-30,10,923,0,0.17,0,0.0,12.38,57.48,Japan,Japan,right,185,74,no,8.48,5.56,56.14,4.58,61.7,0.2,0.22,0.59,5.17,5.91,0.78,1,0.1,0,0.0,0.49,0.0,0,0.0,0.02,0,0.0,3,0.29,66.67,0.0,0.0,0.2,50.0,0.1,0.0,0.1,100.0,0.0,0.2,100.0,1.27,53.85,0.49,0.88,0.39,22.72,0.0,0.49,39.1,83.29,20.96,74.88,1.66,94.12,13.26,96.32,33.25,88.86,5.66,51.72,21.85,38.59,0.0,0.0,0.1,0.0,0.1,0.0,0.0,7.51,70.13,0.68,14.29,0.39,0.0,0.2,0.1,9.36,76.04,0,,0,,0,0.0,0.0,0.0,,,0.98,,,0.1,0.0,0.0,0.0,0,0.0
M. Prévôt,Dunkerque,OH Leuven,GK,29,1000000,2028-06-30,14,1404,0,0.0,0,0.0,1.03,75.0,France,France,right,187,81,no,1.73,0.06,0.0,0.64,80.0,0.0,0.0,0.0,1.73,1.98,0.0,0,0.0,0,0.0,0.13,0.0,0,0.0,0.0,0,0.0,0,0.0,0.0,0.0,0.0,0.0,0.0,0.0,0.0,0.0,0.0,0.0,0.13,100.0,0.26,75.0,0.0,0.0,0.0,11.73,0.19,0.13,19.94,88.1,10.9,80.0,0.0,0.0,8.27,98.45,13.65,98.12,6.28,66.33,30.48,47.39,0.0,0.0,0.0,0.0,0.0,0.0,0.0,0.96,53.33,0.0,0.0,0.06,0.0,0.0,0.0,4.87,72.37,24,1.54,67,4.29,3,64.18,22.01,1.41,-1.99,-0.128,0.0,1.99,0.64,,,,0.0,0,0.0
F. Miguel,Metz,OH Leuven,"LB, LCB, LWB",29,1000000,,26,2037,1,1.82,0,0.67,12.81,54.48,France,"France, Portugal",left,179,70,no,8.79,5.17,65.81,3.8,44.19,0.09,0.1,0.35,5.3,5.8,1.02,4,0.18,0,0.0,0.88,0.04,1,0.04,0.08,0,0.0,14,0.62,21.43,7.143,0.0,1.24,32.14,1.15,34.62,0.09,0.0,0.09,0.62,42.86,1.77,50.0,1.1,0.71,0.18,21.96,1.59,1.15,32.25,76.3,15.91,66.11,3.84,93.1,8.97,88.67,26.6,83.55,4.51,45.1,19.13,32.39,0.03,0.27,0.0,0.0,0.18,50.0,0.09,4.06,53.26,1.1,56.0,0.22,20.0,0.22,0.4,6.49,59.86,0,,0,,0,0.0,0.0,0.0,,,0.75,,,0.04,0.0,0.0,0.09,0,0.0
N. Jackers,Club Brugge,Club Brugge,GK,28,900000,2029-06-30,9,885,0,0.0,0,0.0,1.02,100.0,Belgium,Belgium,right,187,79,no,1.22,0.2,100.0,0.61,100.0,0.0,0.0,0.0,1.02,1.25,0.0,0,0.0,0,0.0,0.0,0.0,0,0.0,0.0,0,0.0,0,0.0,0.0,0.0,0.0,0.0,0.0,0.0,0.0,0.0,0.0,0.0,0.0,0.0,0.1,100.0,0.0,0.0,0.0,18.31,0.1,0.51,26.64,84.73,16.88,78.92,0.0,0.0,9.25,94.51,14.14,97.84,12.51,69.92,33.07,45.78,0.0,0.0,0.0,0.0,0.0,0.0,0.0,1.83,50.0,0.0,0.0,0.2,50.0,0.0,0.0,9.86,76.29,6,0.61,39,3.97,4,84.62,10.11,1.03,4.11,0.418,0.0,1.32,0.61,,,,0.0,0,0.0
V. Dragsnes,Brann,Charleroi,"LWB, LB",32,900000,2026-12-31,29,2556,3,1.15,2,1.8,13.87,48.48,Norway,Norway,left,187,82,no,7.64,5.32,71.52,2.39,35.29,0.11,0.13,0.21,3.73,4.69,0.28,1,0.04,0,0.0,1.73,0.11,3,0.11,0.04,0,0.0,17,0.6,29.41,17.647,0.07,2.32,25.76,2.32,25.76,0.0,0.0,0.25,2.04,44.83,3.98,38.05,1.73,1.37,0.42,26.97,2.11,0.49,36.27,78.45,13.31,68.52,5.49,94.87,10.04,81.05,31.44,84.77,2.64,49.33,16.27,24.68,0.06,0.53,0.0,0.0,0.04,100.0,0.28,3.98,69.91,1.97,37.5,0.11,66.67,0.53,0.6,6.51,67.57,0,,0,,0,0.0,0.0,0.0,,,0.56,,,0.0,0.0,0.0,0.07,0,0.0
J. Fujita,St. Pauli,Sint-Truiden,"RCMF, LCMF",24,900000,,25,1209,1,1.01,2,1.35,15.63,46.67,Japan,"Japan, Nigeria",right,175,76,no,7.82,5.73,58.44,1.64,36.36,0.0,0.0,0.37,4.47,5.94,1.27,2,0.15,0,0.0,1.56,0.07,1,0.07,0.08,0,0.0,12,0.89,16.67,8.333,0.15,0.67,44.44,0.07,0.0,0.45,50.0,0.0,1.34,55.56,4.62,40.32,0.89,1.71,0.74,34.76,1.19,0.6,49.73,85.93,12.8,69.77,9.45,97.64,18.76,90.08,46.45,88.14,2.68,58.33,16.44,22.94,0.1,0.67,0.0,0.07,0.67,55.56,0.37,4.24,75.44,2.38,50.0,0.89,58.33,1.04,0.22,5.06,51.47,0,,0,,0,0.0,0.0,0.0,,,0.67,,,0.0,0.0,0.0,0.07,0,0.0
B. Lambert,Kortrijk,Eupen,"DMF, LCMF, RCMF",26,900000,2029-06-30,22,1938,0,0.91,0,0.28,17.79,54.31,Belgium,Belgium,right,187,78,no,13.24,8.68,60.96,3.48,50.67,0.88,0.99,0.42,7.06,7.96,1.11,4,0.19,1,0.05,1.02,0.0,0,0.0,0.04,0,0.0,13,0.6,23.08,0.0,0.0,0.51,9.09,0.19,25.0,0.33,0.0,0.09,1.25,62.96,2.97,50.0,0.74,0.65,0.37,23.64,0.14,0.23,38.54,76.39,13.84,60.07,4.78,94.17,15.46,85.29,31.07,82.66,6.97,53.33,22.36,37.8,0.01,0.23,0.0,0.0,0.09,50.0,0.05,6.59,61.97,0.93,35.0,0.46,40.0,0.37,0.09,7.29,63.06,0,,0,,0,0.0,0.0,0.0,,,1.21,,,0.0,0.0,0.0,0.0,0,0.0
A. Van Hoorenbeeck,Hajduk Split,Mechelen,"LWB, LB",27,900000,2029-06-30,3,66,0,0.0,0,0.0,12.27,66.67,Belgium,Belgium,left,187,77,no,6.82,5.45,50.0,4.09,100.0,1.36,2.73,0.0,2.73,5.45,1.36,0,0.0,0,0.0,5.45,0.0,0,0.0,0.0,0,0.0,0,0.0,0.0,0.0,0.0,8.18,66.67,8.18,66.67,0.0,0.0,1.36,0.0,0.0,1.36,0.0,0.0,0.0,1.36,34.09,4.09,0.0,43.64,84.38,10.91,87.5,9.55,85.71,17.73,92.31,35.45,88.46,0.0,0.0,22.18,0.0,0.0,0.0,0.0,0.0,0.0,0.0,0.0,5.45,100.0,5.45,100.0,0.0,0.0,0.0,5.45,9.55,100.0,0,,0,,0,0.0,0.0,0.0,,,0.0,,,0.0,0.0,0.0,0.0,0,0.0
T. Akimoto,Machida Zelvia,OH Leuven,"LWB, LB, RWB",28,900000,2027-06-30,15,1266,0,0.9,1,1.03,16.92,48.32,Japan,Japan,left,170,65,no,8.53,8.18,49.57,2.06,55.17,0.14,0.16,0.14,4.34,4.75,1.0,2,0.14,0,0.0,1.92,0.0,0,0.0,0.06,0,0.0,6,0.43,16.67,0.0,0.07,1.35,63.16,0.92,69.23,0.28,50.0,0.14,1.49,61.9,4.69,45.45,0.78,1.28,0.43,21.11,1.28,0.92,29.5,85.06,10.66,75.33,5.55,97.44,7.54,85.85,25.09,90.65,3.06,48.84,15.87,27.13,0.07,0.71,0.0,0.0,0.07,100.0,0.43,2.7,73.68,1.42,80.0,0.43,33.33,0.43,0.71,5.26,66.22,0,,0,,0,0.0,0.0,0.0,,,0.36,,,0.0,0.0,0.0,0.0,0,0.0
V. Cojocaru,Pogoń Szczecin,OH Leuven,GK,30,900000,2027-06-30,3,303,0,0.0,0,0.0,0.3,100.0,Romania,Romania,right,195,89,no,3.56,0.3,100.0,0.0,0.0,0.0,0.0,0.0,3.27,5.08,0.0,0,0.0,0,0.0,0.0,0.0,0,0.0,0.0,0,0.0,0,0.0,0.0,0.0,0.0,0.0,0.0,0.0,0.0,0.0,0.0,0.0,0.0,0.0,0.0,0.0,0.0,0.0,0.0,13.37,0.0,0.0,21.09,92.96,8.91,90.0,0.0,0.0,11.88,95.0,16.63,96.43,4.46,80.0,27.23,43.65,0.0,0.0,0.0,0.0,0.0,0.0,0.0,0.59,100.0,0.0,0.0,0.3,100.0,0.0,0.0,3.86,61.54,8,2.38,15,4.46,0,46.67,7.46,2.22,-0.54,-0.16,0.0,0.3,0.0,,,,0.0,0,0.0
A. Radovanović,,Kortrijk,LCB,32,900000,,11,1073,0,0.41,0,0.11,14.51,61.85,Serbia,Serbia,left,189,83,no,12.5,5.37,71.88,6.12,63.01,0.5,0.52,0.92,8.14,8.46,0.67,3,0.25,0,0.0,0.17,0.0,0,0.0,0.03,0,0.0,3,0.25,33.33,0.0,0.0,0.08,100.0,0.08,100.0,0.0,0.0,0.0,0.34,0.0,0.92,18.18,0.25,0.0,0.0,18.37,0.5,0.5,34.31,82.15,17.03,75.37,2.6,93.55,11.58,89.86,29.19,88.79,5.03,43.33,20.84,36.74,0.01,0.08,0.0,0.0,0.0,0.0,0.08,3.1,40.54,0.5,33.33,0.17,0.0,0.0,0.08,5.79,50.72,0,,0,,0,0.0,0.0,0.0,,,2.01,,,0.0,0.0,0.0,0.0,0,0.0
F. Russo,Lusail City,OH Leuven,"CB, RCB, LCB",31,900000,2027-06-30,12,931,1,0.29,0,0.0,13.05,60.0,Argentina,"Argentina, Italy",right,185,78,no,11.5,6.57,67.65,2.42,48.0,0.39,0.42,0.97,6.67,7.19,0.68,3,0.29,1,0.1,0.68,0.1,1,0.1,0.03,1,0.1,2,0.19,50.0,50.0,0.0,0.19,0.0,0.1,0.0,0.1,0.0,0.0,0.77,75.0,2.22,47.83,0.29,0.39,0.19,22.04,0.39,0.48,38.47,84.17,15.95,73.94,2.71,96.43,16.34,92.9,32.09,90.96,6.19,51.56,21.61,33.47,0.0,0.0,0.1,0.0,0.0,0.0,0.0,4.25,56.82,0.48,0.0,0.29,33.33,0.0,0.0,7.06,56.16,0,,0,,0,0.0,0.0,0.0,,,2.03,,,0.0,0.0,0.0,0.0,0,0.0
G. Dewaele,Kortrijk,Standard Liège,"RB, RWB, RCB",30,900000,2027-06-30,25,891,0,0.39,0,0.19,20.3,52.24,Belgium,Belgium,right,175,68,no,10.4,9.09,63.33,3.94,51.28,0.3,0.45,0.1,4.34,6.45,1.11,2,0.2,0,0.0,1.31,0.0,0,0.0,0.04,0,0.0,6,0.61,16.67,0.0,0.0,2.42,20.83,0.61,33.33,1.82,16.67,0.4,1.52,40.0,3.43,41.18,0.71,0.71,0.0,28.79,0.81,1.01,40.3,77.94,15.15,66.67,5.96,94.92,11.92,80.51,33.64,85.89,4.34,46.51,18.62,20.68,0.02,0.3,0.0,0.0,0.3,33.33,0.1,4.55,55.56,1.92,26.32,0.61,16.67,0.3,0.4,7.88,61.54,0,,0,,0,0.0,0.0,0.0,,,0.3,,,0.2,0.1,0.0,0.51,0,0.0
A. Bertaccini,Anderlecht,Sint-Truiden,"RWF, LWF, LW",25,900000,2029-06-30,13,550,4,3.94,1,0.94,16.04,41.84,Belgium,"Belgium, Italy",right,173,60,no,3.76,3.93,70.83,0.33,50.0,0.0,0.0,0.0,0.98,1.42,0.82,1,0.16,0,0.0,4.25,0.65,4,0.65,0.64,0,0.0,21,3.44,42.86,19.048,0.16,1.15,28.57,0.49,33.33,0.49,0.0,0.0,4.42,51.85,9.82,38.33,4.75,1.96,0.65,13.91,0.98,1.15,17.18,79.05,3.6,63.64,5.89,94.44,4.42,88.89,15.55,83.16,0.65,50.0,18.72,6.25,0.15,0.98,0.0,0.0,0.33,50.0,0.16,0.98,66.67,1.31,75.0,0.16,100.0,0.82,0.16,2.13,61.54,0,,0,,0,0.0,0.0,0.0,,,0.16,,,0.0,0.0,0.0,0.0,0,0.0
T. Van den Keybus,Westerlo,Westerlo,"LAMF, LW, RW",25,850000,2027-06-30,28,1569,1,2.03,1,1.12,22.37,45.64,Belgium,Belgium,right,179,65,no,8.95,8.15,62.68,1.43,20.0,0.52,0.64,0.0,3.33,4.11,1.38,4,0.23,0,0.0,3.79,0.06,1,0.06,0.12,0,0.0,25,1.43,28.0,4.0,0.06,2.52,40.91,1.03,44.44,1.49,38.46,0.4,4.36,52.63,10.04,41.71,1.43,1.38,0.52,21.05,0.86,1.32,30.8,77.65,8.37,65.75,6.94,91.74,10.55,82.61,26.5,82.47,1.95,58.82,17.51,18.24,0.06,0.92,0.06,0.0,0.11,50.0,0.52,2.87,66.0,2.47,51.16,0.17,33.33,0.57,0.98,4.19,76.71,0,,0,,0,0.0,0.0,0.0,,,0.11,,,0.46,0.0,0.0,0.92,0,0.0
J. Bager,IFK Göteborg,Charleroi,RCB,29,800000,2027-12-31,23,1898,0,0.2,1,0.84,16.22,58.19,Denmark,Denmark,right,182,79,no,11.05,7.59,63.75,4.55,57.29,0.52,0.63,1.04,5.69,6.82,1.56,7,0.33,0,0.0,0.33,0.0,0,0.0,0.01,0,0.0,2,0.09,0.0,0.0,0.05,0.52,45.45,0.05,100.0,0.47,40.0,0.0,0.14,66.67,0.85,44.44,0.33,0.62,0.09,20.82,0.52,0.66,33.57,81.21,16.55,72.49,2.23,93.62,10.57,91.03,28.31,86.43,4.74,54.0,18.92,31.93,0.04,0.33,0.0,0.09,0.0,0.0,0.24,5.36,60.18,0.9,47.37,0.43,55.56,0.19,0.24,5.97,67.46,0,,0,,0,0.0,0.0,0.0,,,1.09,,,0.0,0.0,0.0,0.0,0,0.0
Y. Sylla,Jagiellonia Białystok,Charleroi,CF,23,800000,2028-06-30,21,813,3,2.41,0,0.14,28.45,28.79,Belgium,"Belgium, Guinea",right,191,90,no,3.32,3.43,32.26,7.2,40.0,0.11,0.13,0.22,2.1,2.46,2.21,1,0.11,0,0.0,1.33,0.33,3,0.33,0.27,1,0.11,10,1.11,70.0,30.0,0.0,0.44,25.0,0.0,0.0,0.33,0.0,0.11,1.44,23.08,13.62,21.14,2.21,0.44,0.22,13.95,2.1,1.33,21.14,74.35,3.99,55.56,7.75,80.0,3.76,76.47,20.48,75.68,0.22,50.0,12.19,2.83,0.02,0.33,0.0,0.0,0.22,50.0,0.0,1.77,68.75,0.55,40.0,0.22,50.0,0.22,0.11,2.44,54.55,0,,0,,0,0.0,0.0,0.0,,,0.11,,,0.0,0.0,0.0,0.0,0,0.0
M. Epolo,Standard Liège,Standard Liège,GK,21,800000,2029-06-30,4,398,0,0.0,0,0.0,1.13,80.0,Belgium,"Belgium, Congo DR",right,188,79,no,2.26,0.23,100.0,0.68,66.67,0.0,0.0,0.0,2.04,2.2,0.0,0,0.0,0,0.0,0.0,0.0,0,0.0,0.0,0,0.0,0,0.0,0.0,0.0,0.0,0.0,0.0,0.0,0.0,0.0,0.0,0.0,0.0,0.0,0.23,100.0,0.0,0.23,0.0,24.87,0.23,0.23,35.05,80.0,22.84,71.29,0.0,0.0,11.31,96.0,20.13,97.75,14.92,56.06,32.83,48.27,0.0,0.0,0.0,0.0,0.0,0.0,0.0,6.11,48.15,0.9,0.0,0.9,25.0,0.0,0.0,11.53,76.47,11,2.49,28,6.33,0,60.71,9.36,2.12,-1.64,-0.371,0.0,0.68,0.68,,,,0.0,0,0.0
Y. Matsuo,Machida Zelvia,Westerlo,"CF, RW, LW",28,800000,2028-06-30,15,917,0,2.22,1,0.34,18.06,40.76,Japan,Japan,right,170,65,no,5.4,6.38,61.54,2.06,23.81,0.0,0.0,0.0,1.47,1.76,0.59,0,0.0,0,0.0,2.65,0.0,0,0.0,0.22,0,0.0,19,1.86,42.11,0.0,0.1,1.77,33.33,1.08,36.36,0.69,28.57,0.29,2.45,48.0,7.07,31.94,2.26,1.96,0.98,15.61,1.77,0.88,21.98,70.54,6.18,53.97,6.38,92.31,4.22,60.47,19.24,75.51,0.98,40.0,14.89,14.66,0.03,0.69,0.0,0.1,0.29,33.33,0.2,1.96,45.0,2.16,54.55,0.1,0.0,0.69,0.49,3.53,63.89,0,,0,,0,0.0,0.0,0.0,,,0.1,,,0.0,0.0,0.0,0.1,0,0.0
I. Nuhu,Eupen,Eupen,"CF, RWF",24,800000,2027-06-30,35,2736,5,8.18,2,2.57,19.9,38.35,Ghana,Ghana,right,171,60,no,3.91,3.85,53.85,2.53,20.78,0.1,0.12,0.1,1.74,2.04,1.22,3,0.1,0,0.0,3.06,0.16,5,0.16,0.27,0,0.0,75,2.47,33.33,6.667,0.07,1.05,25.0,0.23,42.86,0.82,20.0,0.1,3.52,53.27,10.03,39.02,2.89,1.84,0.86,16.28,1.88,1.91,21.41,76.19,3.78,61.74,6.64,89.6,5.99,71.98,19.51,80.1,0.89,48.15,15.28,18.0,0.08,0.82,0.1,0.0,0.33,30.0,0.46,1.61,63.27,1.71,48.08,0.39,25.0,0.99,0.26,2.3,61.43,0,,0,,0,0.0,0.0,0.0,,,0.13,,,0.13,0.0,0.0,0.49,0,0.0
M. Pantović,OFK Beograd,Eupen,"LW, CF, AMF",30,800000,2027-06-30,19,1384,2,2.28,2,2.3,18.47,45.77,Germany,"Germany, Serbia",right,186,77,no,6.24,5.92,56.04,2.8,39.53,0.13,0.15,0.07,2.8,3.21,0.91,2,0.13,0,0.0,2.08,0.13,2,0.13,0.15,0,0.0,16,1.04,37.5,12.5,0.13,1.76,44.44,0.59,33.33,1.17,50.0,0.39,1.37,52.38,6.76,45.19,1.3,1.04,0.59,23.15,1.56,2.34,33.82,75.58,10.21,63.06,9.3,88.11,7.74,74.79,29.13,79.91,2.99,50.0,15.98,28.2,0.15,0.85,0.07,0.13,1.04,18.75,0.59,3.32,54.9,2.86,45.45,1.5,26.09,0.91,0.72,4.36,64.18,0,,0,,0,0.0,0.0,0.0,,,0.2,,,0.78,0.0,0.0,1.04,0,0.0
M. Mampassi,Turan-T,Kortrijk,RCB,23,800000,2026-12-31,27,2474,0,0.52,2,0.9,14.37,55.7,Russia,"Russia, Congo",right,185,76,no,11.79,6.48,66.29,4.15,48.25,0.15,0.17,0.91,7.35,8.36,1.02,3,0.11,0,0.0,0.47,0.0,0,0.0,0.02,0,0.0,4,0.15,25.0,0.0,0.07,0.25,57.14,0.0,0.0,0.25,57.14,0.04,0.65,44.44,1.6,43.18,0.4,0.62,0.25,20.37,0.25,0.25,34.92,80.1,17.53,68.26,2.26,98.39,11.46,89.84,28.74,87.34,5.93,46.01,19.66,31.91,0.03,0.18,0.0,0.0,0.0,0.0,0.18,5.64,65.16,0.58,31.25,0.47,15.38,0.15,0.15,8.19,61.33,0,,0,,0,0.0,0.0,0.0,,,1.05,,,0.0,0.0,0.0,0.0,0,0.0
S. Abe,Gamba Osaka,RWD Molenbeek,"LCMF, RCMF, RDMF",28,800000,,33,2117,3,2.63,1,1.24,17.86,48.81,Japan,Japan,right,171,67,no,10.42,9.69,53.51,2.04,47.92,0.72,0.89,0.3,4.51,5.53,1.7,5,0.21,0,0.0,0.94,0.13,3,0.13,0.11,1,0.04,21,0.89,42.86,14.286,0.04,0.68,18.75,0.3,14.29,0.38,22.22,0.13,0.72,47.06,3.06,38.89,0.85,0.38,0.26,24.83,0.43,0.89,38.22,80.2,12.12,63.86,6.59,92.26,12.63,89.23,33.54,84.28,4.0,56.38,17.14,23.98,0.05,0.34,0.0,0.0,0.34,25.0,0.21,5.4,66.14,1.28,36.67,0.72,17.65,0.3,0.17,5.31,55.2,0,,0,,0,0.0,0.0,0.0,,,0.47,,,0.0,0.0,0.0,0.0,0,0.0
Y. Koné,,RWD Molenbeek,"LCB, LWB",31,800000,,9,612,0,0.0,0,0.13,14.26,59.79,Mali,Mali,left,174,71,no,9.71,7.06,66.67,2.79,36.84,0.0,0.0,0.15,5.0,5.83,0.74,3,0.44,0,0.0,1.18,0.0,0,0.0,0.0,0,0.0,1,0.15,0.0,0.0,0.0,0.74,0.0,0.74,0.0,0.0,0.0,0.0,1.32,88.89,2.79,68.42,0.15,0.74,0.0,27.35,0.59,0.74,39.26,78.65,16.76,69.3,5.0,91.18,12.94,84.09,32.21,86.3,6.32,48.84,23.25,35.02,0.02,0.15,0.0,0.0,0.15,0.0,0.0,6.47,61.36,1.18,25.0,0.88,33.33,0.29,0.0,7.79,49.06,0,,0,,0,0.0,0.0,0.0,,,1.18,,,0.0,0.0,0.0,0.0,0,0.0
M. Konaté,,Mechelen,"RDMF, RCMF, LDMF",32,800000,,25,1741,2,2.07,0,0.2,19.28,54.96,Guinea,Guinea,right,191,84,no,11.32,6.72,61.54,4.45,55.81,0.26,0.31,0.47,6.93,8.25,1.29,5,0.26,0,0.0,1.45,0.1,2,0.1,0.11,0,0.0,11,0.57,54.55,18.182,0.0,0.16,0.0,0.05,0.0,0.1,0.0,0.0,1.65,68.75,4.6,41.57,0.47,0.26,0.0,24.3,0.31,0.88,37.89,86.77,10.8,70.81,5.79,95.54,15.66,94.06,35.77,88.87,1.96,55.26,16.34,18.61,0.01,0.21,0.05,0.0,0.1,0.0,0.0,3.36,80.0,0.47,33.33,0.36,28.57,0.16,0.0,4.39,47.06,0,,0,,0,0.0,0.0,0.0,,,0.72,,,0.0,0.0,0.0,0.0,0,0.0
R. Shlomo,Maccabi Tel Aviv,OH Leuven,"LCB, DMF, RCMF",26,800000,2027-06-30,8,595,1,0.57,0,0.0,16.03,55.66,Israel,Israel,right,188,79,no,7.87,6.66,61.36,4.84,62.5,0.15,0.18,0.45,3.63,4.24,1.51,1,0.15,0,0.0,0.61,0.15,1,0.15,0.09,1,0.15,6,0.91,50.0,16.667,0.0,0.0,0.0,0.0,0.0,0.0,0.0,0.0,0.15,100.0,1.66,18.18,0.61,0.61,0.0,13.31,0.3,0.15,24.5,75.31,12.25,64.2,2.42,87.5,7.41,85.71,19.06,81.75,5.45,52.78,21.88,38.08,0.0,0.0,0.0,0.0,0.0,0.0,0.0,4.39,51.72,0.45,66.67,0.0,0.0,0.3,0.0,6.2,58.54,0,,0,,0,0.0,0.0,0.0,,,0.3,,,0.0,0.0,0.0,0.0,0,0.0
S. Ojo,Aktobe,Kortrijk,"LB, LWB, RW",29,800000,2026-12-31,29,1790,1,2.77,0,1.32,24.08,48.02,England,"England, Nigeria",left,179,64,no,6.84,5.58,60.36,2.06,39.02,0.85,0.99,0.1,2.61,3.04,0.55,4,0.2,0,0.0,7.24,0.05,1,0.05,0.14,0,0.0,33,1.66,36.36,3.03,0.0,4.02,32.5,2.46,24.49,1.56,45.16,0.5,8.65,61.05,14.23,46.64,2.16,3.52,2.01,18.55,0.45,1.91,28.06,75.81,7.89,74.52,5.33,89.62,8.25,74.39,22.32,85.36,2.06,51.22,18.9,26.41,0.07,0.6,0.0,0.0,0.2,25.0,0.35,2.82,76.79,3.27,50.77,0.25,40.0,0.7,1.11,5.03,70.0,0,,0,,0,0.0,0.0,0.0,,,0.25,,,0.5,0.1,0.0,0.75,0,0.0
H. Van der Bruggen,Cercle Brugge,Cercle Brugge,"LDMF, LCMF, RDMF",33,750000,2027-06-30,33,3019,0,0.99,0,1.94,18.24,51.96,Belgium,Belgium,right,181,72,no,12.19,8.23,62.32,4.02,51.11,0.36,0.52,0.15,6.71,9.7,1.31,12,0.36,0,0.0,1.13,0.0,0,0.0,0.03,0,0.0,33,0.98,15.15,0.0,0.0,0.89,40.0,0.57,36.84,0.3,40.0,0.09,1.07,47.22,2.83,41.05,0.27,0.6,0.09,17.02,0.63,0.86,37.74,74.88,19.14,65.26,2.98,92.0,10.67,87.15,30.65,80.35,6.2,52.88,18.64,30.07,0.06,0.66,0.09,0.0,0.36,33.33,0.12,9.9,69.28,3.01,49.5,1.28,39.53,1.1,0.39,9.96,77.54,0,,0,,0,0.0,0.0,0.0,,,0.27,,,1.4,0.0,0.0,0.36,0,0.0
K. Misao,Kashima Antlers,OH Leuven,"LCMF, RCMF, DMF",30,750000,,20,987,1,0.29,0,0.13,18.05,55.05,Japan,Japan,right,181,73,no,10.85,8.48,63.44,2.92,59.38,0.36,0.43,0.27,5.11,5.96,2.37,4,0.36,0,0.0,0.27,0.09,1,0.09,0.03,0,0.0,7,0.64,14.29,14.286,0.0,0.18,0.0,0.0,0.0,0.18,0.0,0.0,0.36,25.0,3.19,37.14,0.73,0.09,0.0,16.14,0.18,0.64,26.08,79.02,10.67,64.96,4.1,86.67,7.57,90.36,22.52,83.4,3.47,52.63,17.58,24.87,0.01,0.09,0.0,0.0,0.27,33.33,0.0,3.65,67.5,0.27,33.33,0.09,100.0,0.27,0.0,5.11,55.36,0,,0,,0,0.0,0.0,0.0,,,0.27,,,0.0,0.0,0.0,0.0,0,0.0
J. Ngoy,,Mechelen,"RW, LW, LWF",28,750000,,3,149,0,0.0,0,0.0,14.5,20.83,Belgium,"Belgium, Congo DR",right,185,64,no,0.0,1.81,0.0,1.21,50.0,0.0,0.0,0.0,0.0,0.0,1.21,1,0.6,0,0.0,1.81,0.0,0,0.0,0.0,0,0.0,0,0.0,0.0,0.0,0.0,1.21,50.0,1.21,50.0,0.0,0.0,0.0,5.44,22.22,7.25,16.67,0.0,1.81,0.0,10.87,1.21,1.21,13.89,78.26,3.62,66.67,3.62,100.0,2.42,100.0,12.68,80.95,0.0,0.0,15.2,0.0,0.0,0.0,0.0,0.0,0.0,0.0,0.0,3.02,80.0,0.0,0.0,0.0,0.0,0.0,0.0,2.42,100.0,0,,0,,0,0.0,0.0,0.0,,,0.0,,,0.0,0.0,0.0,0.0,0,0.0
Y. Badji,AGF,Charleroi,CF,24,750000,2029-06-30,22,1132,0,3.79,0,0.54,27.19,40.64,Senegal,Senegal,right,192,78,no,3.5,3.42,55.81,12.24,48.05,0.16,0.22,0.08,1.43,1.98,1.43,2,0.16,0,0.0,1.67,0.0,0,0.0,0.3,0,0.0,26,2.07,38.46,0.0,0.0,0.72,0.0,0.24,0.0,0.48,0.0,0.08,1.19,60.0,7.55,26.32,3.66,0.56,0.16,11.37,1.83,1.27,18.45,75.86,3.74,70.21,5.88,90.54,4.45,71.43,16.93,78.87,0.87,72.73,13.91,13.25,0.04,0.32,0.0,0.0,0.16,100.0,0.24,1.83,69.57,0.72,44.44,0.08,100.0,0.72,0.0,2.07,76.92,0,,0,,0,0.0,0.0,0.0,,,0.0,,,0.0,0.0,0.0,0.0,0,0.0
A. Bernier,Charleroi,Charleroi,"RAMF, CF, LCMF",28,700000,2028-06-30,27,1286,5,2.81,1,1.6,23.16,39.88,Belgium,Belgium,right,170,68,no,7.14,6.37,57.14,3.36,27.08,0.42,0.59,0.0,3.08,4.3,1.33,1,0.07,0,0.0,3.5,0.35,5,0.35,0.2,0,0.0,14,0.98,57.14,35.714,0.07,1.61,47.83,0.56,50.0,0.98,50.0,0.21,4.62,42.42,10.15,37.24,3.57,2.38,1.33,14.63,1.47,1.89,20.79,85.19,4.27,81.97,5.39,94.81,5.53,87.34,18.9,88.15,0.28,100.0,13.22,3.31,0.11,1.19,0.07,0.0,0.21,100.0,0.56,1.54,72.73,1.54,81.82,0.07,100.0,1.33,0.77,2.31,90.91,0,,0,,0,0.0,0.0,0.0,,,0.0,,,0.0,0.0,0.0,0.0,0,0.0
J. Van Cleemput,,Charleroi,"RCB, LCB",29,700000,,9,798,0,0.26,0,0.21,14.89,60.61,Belgium,Belgium,right,183,73,no,10.15,4.96,63.64,5.64,62.0,0.79,0.91,0.45,6.2,7.11,0.9,0,0.0,0,0.0,0.56,0.0,0,0.0,0.03,0,0.0,3,0.34,0.0,0.0,0.0,0.79,28.57,0.0,0.0,0.79,28.57,0.0,0.45,75.0,1.69,40.0,0.56,0.0,0.0,17.82,0.68,0.9,30.23,74.63,12.74,58.41,1.02,100.0,13.31,88.14,22.44,83.92,6.99,50.0,21.89,36.72,0.02,0.11,0.0,0.0,0.0,0.0,0.11,4.96,45.45,0.9,50.0,0.34,33.33,0.34,0.34,7.33,53.85,0,,0,,0,0.0,0.0,0.0,,,0.56,,,0.0,0.0,0.0,0.0,0,0.0
S. Homma,Cerezo Osaka,Club Brugge,"LAMF, AMF",25,700000,,2,16,0,0.0,0,0.0,,,Japan,Japan,right,164,59,no,,,,,,,0.0,,,0.0,,0,,0,,,,0,,,0,,0,,,0.0,,,,,,,,,,,,,,,,,,,,,,,,,,,,,,,16.24,0.0,,,,,,,,,,,,,,,,,,0,,0,,0,0.0,0.0,,,,,,,,,,,0,0.0
K. Vaesen,OH Leuven,Westerlo,"CF, RW",25,700000,2029-06-30,21,804,1,2.43,1,0.94,21.83,46.67,Belgium,Belgium,right,190,79,no,3.92,4.48,50.0,6.49,51.72,0.11,0.14,0.34,1.57,1.94,1.23,1,0.11,0,0.0,2.01,0.11,1,0.11,0.27,1,0.11,19,2.13,31.58,5.263,0.11,0.34,33.33,0.22,0.0,0.11,100.0,0.11,1.9,58.82,7.16,50.0,3.69,0.56,0.22,12.54,2.57,1.12,18.13,72.22,4.59,53.66,5.15,89.13,3.69,69.7,17.24,73.38,0.56,60.0,13.55,6.83,0.11,0.78,0.0,0.0,0.22,50.0,0.45,1.46,69.23,0.67,16.67,0.0,0.0,0.78,0.11,2.13,68.42,0,,0,,0,0.0,0.0,0.0,,,0.0,,,0.11,0.11,100.0,0.0,0,0.0
R. Yamamoto,Freiburg,Sint-Truiden,"LWF, RWF, AMF",24,700000,,33,1058,0,0.96,0,0.83,17.95,44.55,Japan,Japan,left,179,73,no,6.89,6.47,56.58,2.13,44.0,0.17,0.27,0.0,3.06,4.78,1.02,1,0.09,0,0.0,1.62,0.0,0,0.0,0.08,0,0.0,9,0.77,22.22,0.0,0.0,1.28,26.67,0.85,20.0,0.34,25.0,0.51,2.13,40.0,6.64,37.18,1.96,0.26,0.0,23.22,1.19,1.62,30.54,81.89,7.74,62.64,6.81,96.25,9.78,83.48,27.82,85.93,1.45,52.94,17.25,12.32,0.07,0.34,0.0,0.0,0.51,50.0,0.26,3.57,61.9,1.45,23.53,0.43,20.0,0.26,0.34,3.74,75.0,0,,0,,0,0.0,0.0,0.0,,,0.43,,,0.17,0.09,0.0,0.43,0,0.0
B. Baiye,Erzurumspor FK,Eupen,"RCMF, DMF",25,700000,2027-06-30,34,2731,1,0.85,0,0.98,19.54,54.3,Belgium,Belgium,right,177,75,no,13.28,11.07,64.29,2.57,32.05,0.43,0.47,0.23,5.73,6.35,1.42,3,0.1,0,0.0,0.63,0.03,1,0.03,0.03,0,0.0,8,0.26,25.0,12.5,0.0,0.2,33.33,0.0,0.0,0.2,33.33,0.0,0.86,53.85,3.23,42.86,0.46,0.53,0.3,21.03,0.23,1.05,35.62,84.09,10.15,66.56,5.9,96.65,13.68,93.73,32.86,86.96,2.57,51.28,16.64,26.92,0.03,0.36,0.03,0.0,0.1,33.33,0.16,3.56,68.52,0.66,65.0,0.26,12.5,0.46,0.07,4.68,47.89,0,,0,,0,0.0,0.0,0.0,,,0.69,,,0.0,0.0,0.0,0.0,0,0.0
R. Belghali,Hellas Verona,Mechelen,"RB, RWB",24,700000,2029-06-30,9,336,2,0.93,1,0.4,19.55,53.42,Belgium,"Belgium, Algeria",right,186,73,no,10.45,9.11,70.59,1.61,50.0,0.0,0.0,0.54,4.02,5.17,1.61,1,0.27,0,0.0,1.61,0.54,2,0.54,0.25,0,0.0,7,1.88,28.57,28.571,0.27,2.14,37.5,0.0,0.0,2.14,37.5,0.27,1.07,25.0,6.43,20.83,1.88,2.95,0.8,34.29,2.14,0.54,43.93,84.15,10.71,70.0,11.52,100.0,13.13,83.67,39.11,89.73,2.68,40.0,17.06,20.99,0.11,0.8,0.0,0.27,0.27,0.0,0.54,1.88,71.43,2.14,75.0,0.0,0.0,0.27,0.8,8.04,56.67,0,,0,,0,0.0,0.0,0.0,,,1.34,,,0.0,0.0,0.0,0.0,0,0.0
A. Sissako,Sint-Truiden,Kortrijk,"DMF, RCMF, LCMF",28,700000,2028-06-30,31,2537,0,1.87,0,1.55,20.68,48.54,France,"France, Mali",right,181,80,no,10.18,6.6,68.82,4.65,45.8,0.35,0.4,0.21,5.29,5.96,0.57,5,0.18,0,0.0,1.67,0.0,0,0.0,0.07,0,0.0,18,0.64,33.33,0.0,0.0,0.53,33.33,0.14,50.0,0.39,27.27,0.04,2.13,53.33,6.6,34.95,0.82,1.1,0.5,23.8,0.35,0.35,40.9,79.79,12.42,62.86,6.17,91.38,14.58,88.56,37.36,82.91,3.02,49.41,16.72,27.56,0.05,0.46,0.04,0.04,0.35,40.0,0.14,4.97,69.29,1.28,41.67,0.5,28.57,0.43,0.21,5.64,52.83,0,,0,,0,0.0,0.0,0.0,,,0.35,,,0.0,0.0,0.0,0.0,0,0.0
E. Kabangu,Hearts,Union Saint-Gilloise,"CF, AMF, RWF",28,700000,2028-05-31,15,233,1,0.58,1,0.07,29.36,38.16,Belgium,"Belgium, Congo DR",left,178,70,no,6.57,8.11,76.19,5.41,21.43,0.0,0.0,0.0,0.39,0.68,1.55,0,0.0,0,0.0,3.09,0.39,1,0.39,0.22,0,0.0,2,0.77,100.0,50.0,0.39,2.32,50.0,2.32,50.0,0.0,0.0,0.0,2.7,42.86,9.66,28.0,3.09,1.55,0.39,14.29,1.93,0.39,24.72,73.44,4.25,54.55,9.27,91.67,6.57,70.59,22.4,75.86,0.0,0.0,13.07,0.0,0.03,0.77,0.39,0.0,0.39,0.0,0.39,1.55,100.0,0.77,50.0,0.39,0.0,0.0,0.77,3.48,66.67,0,,0,,0,0.0,0.0,0.0,,,0.0,,,0.0,0.0,0.0,0.0,0,0.0
M. El Idrissy,,Kortrijk,"CF, RWB",27,700000,,20,935,0,1.67,0,0.12,27.34,44.72,France,"France, Morocco",right,181,72,no,6.93,6.35,54.55,9.63,36.0,0.67,0.79,0.0,2.79,3.28,2.21,5,0.48,0,0.0,1.93,0.0,0,0.0,0.16,0,0.0,12,1.16,8.33,0.0,0.0,1.64,41.18,0.1,0.0,1.54,43.75,0.1,1.54,75.0,6.64,46.38,1.54,0.96,0.39,16.46,2.12,3.37,24.83,70.16,4.72,57.14,6.55,86.76,7.22,69.33,21.95,74.12,1.44,40.0,15.83,19.26,0.01,0.19,0.0,0.0,0.29,0.0,0.1,2.02,33.33,1.54,56.25,0.39,0.0,0.29,0.48,3.18,45.45,0,,0,,0,0.0,0.0,0.0,,,0.19,,,0.0,0.0,0.0,0.0,0,0.0
P. Guèye,Kasımpaşa,Kortrijk,CF,26,700000,2029-06-30,1,10,0,0.04,0,0.0,,,Senegal,Senegal,right,188,75,no,,,,,,,0.0,,,0.0,,0,,0,,,,0,,,0,,1,,,0.0,,,,,,,,,,,,,,,,,,,,,,,,,,,,,,,5.83,0.0,,,,,,,,,,,,,,,,,,0,,0,,0,0.0,0.0,,,,,,,,,,,0,0.0
B. Messaoudi,Bandırmaspor,Kortrijk,"RAMF, CF",28,700000,2028-06-30,2,40,0,0.0,0,0.0,,,Algeria,Algeria,right,184,76,no,,,,,,,0.0,,,0.0,,0,,0,,,,0,,,0,,0,,,0.0,,,,,,,,,,,,,,,,,,,,,,,,,,,,,,,12.52,0.0,,,,,,,,,,,,,,,,,,0,,0,,0,0.0,0.0,,,,,,,,,,,0,0.0
A. De Sart,Liège,RWD Molenbeek,"LCMF, RCMF, RDMF",29,700000,,7,530,0,0.5,2,1.24,18.51,46.79,Belgium,Belgium,right,180,66,no,10.02,8.83,55.77,2.04,41.67,0.51,0.58,0.34,4.58,5.26,1.53,1,0.17,0,0.0,1.7,0.0,0,0.0,0.08,0,0.0,6,1.02,16.67,0.0,0.34,0.68,50.0,0.51,66.67,0.17,0.0,0.0,1.87,45.45,4.58,44.44,1.19,0.68,0.51,21.23,0.68,0.85,34.98,73.3,13.58,70.0,5.6,87.88,9.0,69.81,31.58,77.42,2.72,31.25,16.03,36.65,0.21,0.85,0.0,0.0,0.68,50.0,0.68,4.75,64.29,2.21,23.08,0.85,40.0,0.68,0.34,7.64,48.89,0,,0,,0,0.0,0.0,0.0,,,0.0,,,0.0,0.0,0.0,0.0,0,0.0
J. Barrett Laursen,,Standard Liège,LB,31,700000,,2,160,0,0.0,0,0.0,10.69,36.84,Denmark,Denmark,left,179,77,no,8.44,4.5,50.0,1.69,0.0,0.56,0.57,0.56,5.63,5.66,0.56,1,0.56,0,0.0,0.0,0.0,0,0.0,0.0,0,0.0,0,0.0,0.0,0.0,0.0,0.56,0.0,0.56,0.0,0.0,0.0,0.0,1.13,0.0,3.94,42.86,0.0,1.13,0.56,23.06,1.13,0.56,32.06,87.72,10.69,84.21,3.38,100.0,11.25,90.0,29.81,90.57,1.69,66.67,16.34,33.49,0.0,0.0,0.0,0.0,0.56,0.0,0.0,1.13,0.0,0.56,0.0,0.0,0.0,0.0,0.0,2.25,75.0,0,,0,,0,0.0,0.0,0.0,,,0.56,,,0.0,0.0,0.0,0.0,0,0.0
Ž. Rogelj,Wisła Płock,Charleroi,"RWB, RB",26,650000,2029-06-30,29,2538,0,0.45,1,2.91,15.35,46.19,Slovenia,Slovenia,right,175,65,no,9.65,7.73,53.21,1.88,30.19,0.07,0.09,0.25,5.46,6.72,0.53,5,0.18,0,0.0,2.84,0.0,0,0.0,0.02,0,0.0,7,0.25,71.43,0.0,0.04,3.19,34.44,0.14,75.0,3.05,32.56,0.14,2.55,56.94,3.97,45.54,0.89,1.6,0.89,24.01,1.88,0.21,33.72,78.55,11.31,67.71,7.45,96.67,9.15,76.36,27.38,87.69,3.3,45.16,18.85,33.28,0.1,0.74,0.0,0.0,0.11,100.0,0.64,3.69,52.88,2.66,44.0,0.18,80.0,0.43,1.13,5.96,73.21,0,,0,,0,0.0,0.0,0.0,,,0.96,,,0.0,0.0,0.0,0.21,0,0.0
Y. Van Genechten,Eupen,Eupen,"RB, LB, LWB",25,650000,2027-06-30,28,2001,2,1.99,0,0.75,12.82,53.33,Belgium,Belgium,right,191,75,no,9.22,6.61,60.54,1.71,50.0,0.27,0.3,0.18,4.95,5.41,0.67,2,0.09,0,0.0,1.53,0.09,2,0.09,0.09,0,0.0,16,0.72,31.25,12.5,0.0,1.66,29.73,0.72,31.25,0.94,28.57,0.18,1.39,58.06,2.97,46.97,1.71,1.08,0.63,18.71,1.84,0.31,27.08,66.78,10.16,53.54,4.99,91.89,7.2,74.38,22.17,72.21,3.33,50.0,18.17,30.22,0.03,0.27,0.0,0.0,0.13,0.0,0.09,2.16,62.5,1.71,42.11,0.18,25.0,0.54,0.4,6.16,42.34,0,,0,,0,0.0,0.0,0.0,,,0.49,,,0.0,0.0,0.0,0.0,0,0.0
E. Dacı,Tirana,Westerlo,CF,28,650000,,13,753,3,3.04,1,0.12,22.71,33.16,North Macedonia,"North Macedonia, Albania",left,187,75,no,3.11,2.99,56.0,6.22,36.54,0.12,0.14,0.0,1.31,1.56,1.08,2,0.24,0,0.0,2.87,0.36,3,0.36,0.36,0,0.0,23,2.75,34.78,13.043,0.12,1.31,27.27,0.6,40.0,0.72,16.67,0.0,2.51,61.9,9.8,26.83,3.23,0.72,0.36,14.22,2.87,0.6,19.12,71.25,2.87,50.0,6.22,88.46,5.38,71.11,16.73,75.71,1.2,60.0,14.73,12.71,0.01,0.48,0.0,0.0,0.0,0.0,0.0,1.91,68.75,0.72,66.67,0.0,0.0,0.48,0.24,2.03,58.82,0,,0,,0,0.0,0.0,0.0,,,0.0,,,0.12,0.12,0.0,0.0,0,0.0
G. Hairemans,Antwerp,Mechelen,"RAMF, AMF, RW",34,650000,2027-06-30,38,2682,6,5.62,3,4.72,20.67,43.83,Belgium,Belgium,left,183,64,no,6.07,5.77,56.98,5.7,42.35,0.17,0.21,0.07,2.62,3.24,1.04,2,0.07,0,0.0,2.79,0.2,3,0.1,0.19,1,0.03,34,1.14,47.06,17.647,0.1,2.38,42.25,1.11,42.42,1.24,43.24,0.17,1.81,51.85,6.24,33.87,1.54,1.24,0.3,36.01,2.82,1.04,48.39,82.59,14.77,71.14,10.27,95.1,16.58,85.02,41.41,86.71,4.73,65.96,18.84,35.11,0.16,1.95,0.13,0.03,0.57,52.94,0.57,6.74,78.11,4.36,60.0,1.24,54.05,1.78,0.91,8.93,84.21,0,,0,,0,0.0,0.0,0.0,,,0.27,,,1.07,0.07,0.0,3.15,3,100.0
I. Fossum,Rosenborg,Kortrijk,"RW, LCMF, RCMF",30,650000,2027-12-31,6,222,0,0.24,0,0.31,16.22,52.5,Norway,Norway,right,180,73,no,11.35,8.51,61.9,2.84,28.57,0.0,0.0,0.0,6.08,6.34,0.0,0,0.0,0,0.0,1.22,0.0,0,0.0,0.1,0,0.0,1,0.41,0.0,0.0,0.0,0.41,100.0,0.41,100.0,0.0,0.0,0.0,1.62,50.0,3.65,44.44,1.22,1.22,0.41,18.65,0.81,0.41,28.78,80.28,10.95,59.26,4.86,100.0,10.14,92.0,27.16,80.6,1.22,66.67,16.01,10.2,0.12,1.22,0.0,0.0,0.0,0.0,0.0,3.65,88.89,0.81,50.0,0.0,0.0,0.0,0.41,4.05,50.0,0,,0,,0,0.0,0.0,0.0,,,0.41,,,0.0,0.0,0.0,0.81,0,0.0
L. Lauberbach,Venezia,Mechelen,CF,28,650000,2029-06-30,33,2194,5,7.98,1,1.51,22.52,33.52,Germany,Germany,left,194,85,no,3.24,3.49,36.47,6.36,39.35,0.16,0.2,0.25,1.8,2.19,1.72,2,0.08,0,0.0,1.64,0.21,5,0.21,0.33,2,0.08,45,1.85,35.56,11.111,0.04,0.53,38.46,0.37,33.33,0.16,50.0,0.12,1.76,41.86,7.96,26.8,3.49,1.07,0.41,12.02,2.13,1.07,16.86,79.08,2.95,55.56,4.92,93.33,4.72,83.48,15.75,80.99,0.57,64.29,14.19,9.81,0.06,0.53,0.0,0.0,0.08,50.0,0.21,1.19,68.97,0.66,62.5,0.04,0.0,0.49,0.25,1.39,52.94,0,,0,,0,0.0,0.0,0.0,,,0.04,,,0.0,0.0,0.0,0.0,0,0.0
H. Gambor,Gent,Gent,"RCMF, DMF",23,600000,2027-06-30,2,27,0,0.0,0,0.0,,,France,"France, Central African Republic",right,186,77,no,,,,,,,3.75,,,7.5,,0,,0,,,,0,,,0,,0,,,0.0,,,,,,,,,,,,,,,,,,,,,,,,,,,,,,,17.93,0.0,,,,,,,,,,,,,,,,,,0,,0,,0,0.0,0.0,,,,,,,,,,,0,0.0
S. Knežević,Luzern,Charleroi,"LCB, RCB",29,600000,2029-06-30,12,913,0,0.97,0,0.01,18.24,59.46,Switzerland,"Switzerland, Serbia",right,187,80,no,10.05,7.39,68.0,4.63,55.32,0.3,0.37,0.39,4.73,5.88,0.99,3,0.3,0,0.0,0.59,0.0,0,0.0,0.1,0,0.0,4,0.39,50.0,0.0,0.0,0.39,0.0,0.0,0.0,0.39,0.0,0.0,0.39,75.0,1.87,42.11,0.89,0.79,0.2,20.7,0.69,0.89,35.09,81.46,17.55,78.65,2.07,90.48,11.14,89.38,29.97,86.51,4.73,56.25,19.49,34.31,0.0,0.1,0.0,0.0,0.1,100.0,0.0,4.83,75.51,0.79,50.0,0.49,60.0,0.3,0.0,7.29,74.32,0,,0,,0,0.0,0.0,0.0,,,0.49,,,0.0,0.0,0.0,0.0,0,0.0
Nadhir Benbouali,Győri ETO,Charleroi,CF,26,600000,2029-06-30,8,381,0,1.42,0,0.25,31.65,34.33,Algeria,Algeria,left,190,81,no,4.25,4.25,44.44,12.99,45.45,0.24,0.33,0.0,2.13,2.97,1.42,0,0.0,0,0.0,2.13,0.0,0,0.0,0.34,0,0.0,7,1.65,85.71,0.0,0.0,1.18,20.0,0.71,33.33,0.0,0.0,0.0,1.65,28.57,9.69,19.51,5.91,0.94,0.24,15.35,2.13,0.71,23.39,77.78,3.07,76.92,4.72,75.0,5.67,79.17,21.97,80.65,0.24,100.0,12.56,4.53,0.06,0.71,0.0,0.0,0.0,0.0,0.47,0.71,100.0,0.47,50.0,0.0,0.0,1.18,0.24,0.47,100.0,0,,0,,0,0.0,0.0,0.0,,,0.0,,,0.0,0.0,0.0,0.0,0,0.0
C. Scott,Antwerp,Antwerp,AMF,24,600000,2028-06-30,1,14,0,0.04,0,0.0,,,Germany,"Germany, Ghana",right,178,70,no,,,,,,,0.0,,,0.0,,0,,0,,,,0,,,0,,1,,,0.0,,,,,,,,,,,,,,,,,,,,,,,,,,,,,,,22.14,50.73,,,,,,,,,,,,,,,,,,0,,0,,0,0.0,0.0,,,,,,,,,,,0,0.0
A. Filin,Baltika,Eupen,LCB,30,600000,2028-06-30,18,1546,0,0.74,0,0.45,15.66,66.91,Ukraine,"Ukraine, Russia",left,185,71,no,10.89,6.0,75.73,3.96,60.29,0.29,0.35,0.76,6.05,7.32,1.11,3,0.17,0,0.0,0.35,0.0,0,0.0,0.04,0,0.0,5,0.29,20.0,0.0,0.0,0.35,33.33,0.35,33.33,0.0,0.0,0.06,0.17,100.0,1.28,54.55,0.64,0.64,0.0,27.48,0.41,0.76,44.3,81.47,22.88,71.76,3.09,100.0,13.56,94.85,36.62,87.6,7.34,53.17,20.8,33.02,0.03,0.23,0.0,0.0,0.23,0.0,0.06,7.22,66.13,0.93,37.5,0.41,42.86,0.47,0.12,11.06,70.0,0,,0,,0,0.0,0.0,0.0,,,2.15,,,0.0,0.0,0.0,0.0,0,0.0
F. Abner,Dunkerque,RWD Molenbeek,"LB, LWB",30,600000,,28,2222,0,0.62,0,0.38,14.54,51.25,Brazil,"Brazil, Spain",left,180,73,no,7.57,5.06,55.2,1.98,55.1,0.53,0.62,0.08,4.25,4.98,0.89,5,0.2,0,0.0,1.74,0.0,0,0.0,0.02,0,0.0,7,0.28,28.57,0.0,0.0,2.23,20.0,2.19,18.52,0.04,100.0,0.45,1.78,63.64,5.1,49.21,0.45,1.13,0.69,23.01,1.09,1.58,30.86,79.13,10.77,69.17,6.36,94.27,9.19,79.3,26.0,88.16,2.67,39.39,18.61,24.16,0.02,0.2,0.0,0.04,0.16,50.0,0.04,3.08,57.89,2.03,26.0,0.32,12.5,0.2,0.41,5.23,65.89,0,,0,,0,0.0,0.0,0.0,,,0.61,,,0.0,0.0,0.0,0.12,0,0.0
K. Malinov,,Kortrijk,"RCMF, DMF, LCMF",32,600000,,18,985,0,0.83,0,0.33,21.02,46.52,Bulgaria,Bulgaria,right,170,67,no,13.34,10.51,53.04,3.29,41.67,1.01,1.15,0.37,6.76,7.74,2.01,6,0.55,0,0.0,1.01,0.0,0,0.0,0.08,0,0.0,14,1.28,14.29,0.0,0.0,0.27,66.67,0.0,0.0,0.27,66.67,0.0,0.91,70.0,3.93,39.53,0.82,0.37,0.18,21.75,0.18,1.1,37.01,80.0,14.16,68.39,5.03,90.91,11.42,92.0,32.16,86.08,4.66,37.25,15.2,23.97,0.03,0.27,0.0,0.0,0.09,0.0,0.18,5.21,71.93,1.1,58.33,0.82,55.56,0.64,0.18,6.3,60.87,0,,0,,0,0.0,0.0,0.0,,,0.37,,,0.18,0.09,0.0,0.09,0,0.0
T. Vandenberghe,Gent,Kortrijk,GK,33,600000,2027-06-30,21,2073,1,0.34,0,0.0,0.78,77.78,Belgium,Belgium,right,190,78,no,2.04,0.04,100.0,0.43,90.0,0.04,0.05,0.0,1.95,2.18,0.0,0,0.0,0,0.0,0.09,0.04,1,0.04,0.01,1,0.04,2,0.09,50.0,50.0,0.0,0.0,0.0,0.0,0.0,0.0,0.0,0.0,0.04,100.0,0.17,75.0,0.13,0.04,0.0,8.68,0.13,0.26,18.06,80.29,12.42,71.68,0.0,0.0,5.3,99.18,8.51,97.45,9.55,65.0,38.46,50.61,0.0,0.0,0.0,0.0,0.0,0.0,0.0,3.0,53.62,0.22,20.0,0.35,0.0,0.04,0.0,7.73,80.34,47,2.04,131,5.69,1,64.12,45.83,1.99,-1.17,-0.051,0.0,1.48,0.43,,,,0.0,0,0.0
F. Le Joncour,Elversberg,RWD Molenbeek,LCB,31,600000,2027-06-30,11,949,0,0.17,0,0.07,13.37,68.09,France,France,left,193,86,no,9.48,4.08,67.44,5.41,78.95,0.28,0.32,1.42,6.45,7.18,0.66,1,0.09,0,0.0,0.19,0.0,0,0.0,0.02,0,0.0,3,0.28,33.33,0.0,0.0,0.0,0.0,0.0,0.0,0.0,0.0,0.0,0.19,50.0,1.33,35.71,0.38,0.38,0.0,26.55,0.09,0.47,39.93,81.0,22.57,73.53,1.42,100.0,10.91,93.91,33.0,87.07,6.92,52.05,19.67,39.5,0.01,0.09,0.0,0.0,0.0,0.0,0.09,5.22,60.0,0.19,50.0,0.19,50.0,0.09,0.0,9.1,62.5,0,,0,,0,0.0,0.0,0.0,,,0.57,,,0.09,0.0,0.0,0.0,0,0.0
B. Godeau,SK Beveren,Sint-Truiden,LCB,34,600000,2027-06-30,37,3547,0,1.87,0,0.41,11.44,61.86,Belgium,Belgium,left,190,78,no,8.96,4.8,66.14,3.91,61.04,0.15,0.21,0.61,5.63,7.86,0.74,7,0.18,0,0.0,0.33,0.0,0,0.0,0.05,0,0.0,7,0.18,28.57,0.0,0.0,0.23,44.44,0.23,44.44,0.0,0.0,0.03,0.2,75.0,0.66,69.23,0.48,0.74,0.28,54.1,0.76,0.38,69.7,90.46,26.9,83.11,4.06,93.75,30.88,95.97,62.57,94.4,6.93,56.04,20.3,42.82,0.01,0.1,0.0,0.05,0.08,33.33,0.05,7.28,70.03,0.48,31.58,0.41,25.0,0.05,0.1,9.87,71.98,0,,0,,0,0.0,0.0,0.0,,,2.18,,,0.0,0.0,0.0,0.0,0,0.0
F. Ananou,,Sint-Truiden,RWB,28,600000,,19,1066,0,0.1,0,0.39,12.33,45.89,Togo,"Togo, Germany",right,183,78,no,6.08,5.74,60.29,2.11,48.0,0.42,0.65,0.17,2.2,3.38,1.1,3,0.25,1,0.08,0.76,0.0,0,0.0,0.01,0,0.0,2,0.17,0.0,0.0,0.0,1.77,14.29,0.0,0.0,1.77,14.29,0.34,0.59,85.71,2.79,39.39,1.44,1.27,0.68,31.07,3.29,0.59,37.23,88.21,7.18,80.0,11.4,97.04,11.14,87.12,34.62,92.93,1.18,35.71,18.44,18.9,0.03,0.42,0.0,0.08,0.0,0.0,0.34,1.77,90.48,1.44,35.29,0.08,0.0,0.34,0.42,4.22,68.0,0,,0,,0,0.0,0.0,0.0,,,0.68,,,0.0,0.0,0.0,0.0,0,0.0
N. Štulić,Lecce,Charleroi,CF,24,550000,2029-06-30,16,528,1,1.19,0,0.0,24.55,31.94,Serbia,"Serbia, Croatia",right,188,80,no,4.94,4.09,58.33,8.52,32.0,0.68,0.94,0.0,1.88,2.58,1.7,1,0.17,1,0.17,1.88,0.17,1,0.17,0.2,0,0.0,8,1.36,62.5,12.5,0.0,0.51,66.67,0.51,66.67,0.0,0.0,0.17,1.02,66.67,5.11,23.33,2.73,0.34,0.0,11.93,2.9,0.51,19.09,80.36,1.88,72.73,7.16,85.71,5.63,72.73,18.58,80.73,0.17,0.0,12.58,2.91,0.0,0.0,0.0,0.0,0.0,0.0,0.17,0.68,50.0,0.17,0.0,0.0,0.0,0.17,0.17,1.02,33.33,0,,0,,0,0.0,0.0,0.0,,,0.0,,,0.0,0.0,0.0,0.0,0,0.0
R. Tsunoda,Yokohama F. Marinos,Kortrijk,LCB,27,550000,2028-06-30,9,860,0,0.27,0,0.07,17.37,59.04,Japan,Japan,left,185,78,no,13.5,6.38,72.13,4.81,52.17,0.0,0.0,0.52,8.9,10.12,0.52,1,0.1,0,0.0,0.73,0.0,0,0.0,0.03,0,0.0,4,0.42,25.0,0.0,0.0,0.73,14.29,0.73,14.29,0.0,0.0,0.1,1.15,45.45,2.72,50.0,0.52,0.73,0.0,21.87,0.21,0.52,40.5,74.68,23.02,69.09,2.09,90.0,10.26,85.71,30.87,80.68,8.9,58.82,20.1,33.37,0.01,0.1,0.0,0.0,0.21,0.0,0.0,7.53,58.33,1.26,25.0,0.63,33.33,0.42,0.1,10.36,63.64,0,,0,,0,0.0,0.0,0.0,,,0.84,,,0.0,0.0,0.0,0.0,0,0.0
T. Defourny,Charleroi,RWD Molenbeek,GK,34,550000,2027-06-30,30,2955,0,0.0,0,0.0,0.46,86.67,France,"France, Belgium",right,196,85,no,0.91,0.09,33.33,0.3,100.0,0.0,0.0,0.0,0.88,1.03,0.09,1,0.03,1,0.03,0.0,0.0,0,0.0,0.0,0,0.0,0,0.0,0.0,0.0,0.0,0.0,0.0,0.0,0.0,0.0,0.0,0.0,0.0,0.0,0.0,0.0,0.03,0.0,0.0,9.99,0.06,0.06,15.59,78.32,9.93,68.4,0.0,0.0,5.09,96.41,7.71,97.63,7.86,59.69,36.26,50.02,0.0,0.0,0.0,0.0,0.0,0.0,0.03,1.43,38.3,0.09,33.33,0.15,20.0,0.03,0.0,6.18,72.91,66,2.01,186,5.66,4,64.52,70.6,2.15,4.6,0.14,0.0,0.94,0.3,,,,0.0,0,0.0
S. Miangue,Aktobe,Cercle Brugge,"LB, LCB",29,500000,,24,892,0,0.24,0,0.62,16.35,60.49,Belgium,"Belgium, Congo",left,192,81,no,9.59,6.86,66.18,5.55,63.64,0.1,0.14,0.1,4.94,7.1,1.11,3,0.3,1,0.1,1.72,0.0,0,0.0,0.02,0,0.0,3,0.3,33.33,0.0,0.0,1.51,60.0,1.51,60.0,0.0,0.0,0.2,0.91,66.67,1.61,56.25,1.01,0.61,0.2,16.24,0.2,0.1,30.77,66.56,18.77,56.99,2.42,87.5,6.96,76.81,20.89,78.74,8.48,38.1,19.89,21.05,0.06,0.5,0.0,0.0,0.1,100.0,0.3,9.48,53.19,2.52,44.0,1.72,23.53,0.81,0.81,8.68,77.91,0,,0,,0,0.0,0.0,0.0,,,0.5,,,0.0,0.0,0.0,0.0,0,0.0
D. Boyata,,Club Brugge,"CB, LCB",35,500000,,5,207,0,0.0,0,0.0,10.87,60.0,Belgium,"Belgium, Congo DR",right,188,84,no,6.09,4.35,60.0,4.78,63.64,0.43,0.63,0.0,3.04,4.38,0.43,1,0.43,0,0.0,0.0,0.0,0,0.0,0.0,0,0.0,0,0.0,0.0,0.0,0.0,0.0,0.0,0.0,0.0,0.0,0.0,0.0,0.0,0.0,0.0,0.0,0.0,0.43,0.43,26.96,0.43,0.0,36.09,87.95,10.87,76.0,3.48,100.0,16.96,94.87,34.78,91.25,1.3,0.0,18.68,11.91,0.0,0.0,0.0,0.0,0.0,0.0,0.0,2.17,100.0,0.43,100.0,0.0,0.0,0.43,0.0,3.48,37.5,0,,0,,0,0.0,0.0,0.0,,,3.48,,,0.0,0.0,0.0,0.0,0,0.0
M. Ntelo,Yverdon Sport,Charleroi,"CF, LAMF",25,500000,2027-06-30,4,62,0,0.01,0,0.0,18.87,38.46,Belgium,"Belgium, Congo DR",left,188,79,no,7.26,2.9,100.0,4.35,0.0,1.45,2.31,1.45,2.9,4.62,0.0,0,0.0,0,0.0,1.45,0.0,0,0.0,0.02,0,0.0,1,1.45,0.0,0.0,0.0,0.0,0.0,0.0,0.0,0.0,0.0,0.0,1.45,100.0,7.26,40.0,2.9,0.0,0.0,8.71,1.45,1.45,15.97,81.82,1.45,100.0,4.35,66.67,5.81,75.0,15.97,81.82,0.0,0.0,12.72,0.0,0.0,0.0,0.0,0.0,0.0,0.0,0.0,0.0,0.0,0.0,0.0,0.0,0.0,0.0,0.0,0.0,0.0,0,,0,,0,0.0,0.0,0.0,,,0.0,,,0.0,0.0,0.0,0.0,0,0.0
M. Fixelles,Francs Borains,Westerlo,"RCMF, RDMF",29,500000,,11,628,0,0.44,0,0.46,18.34,47.66,Belgium,Belgium,right,181,67,no,8.31,6.31,50.0,2.72,47.37,0.14,0.18,0.29,5.02,6.44,1.43,3,0.43,0,0.0,1.72,0.0,0,0.0,0.06,0,0.0,5,0.72,0.0,0.0,0.0,1.72,8.33,1.0,14.29,0.72,0.0,0.72,2.44,58.82,7.45,44.23,0.86,1.43,1.0,26.51,1.29,1.72,40.7,78.17,13.04,68.13,5.59,89.74,16.91,83.9,33.68,84.68,5.3,59.46,16.69,25.02,0.07,0.43,0.0,0.0,0.29,50.0,0.14,5.16,77.78,2.44,23.53,0.43,66.67,0.72,0.14,5.59,66.67,0,,0,,0,0.0,0.0,0.0,,,0.14,,,0.0,0.0,0.0,0.14,0,0.0
S. Pattynama,Persija,Eupen,LB,27,500000,2028-06-30,6,297,0,0.11,0,0.58,11.52,57.89,Netherlands,"Netherlands, Indonesia",left,185,78,no,8.48,3.64,66.67,3.33,45.45,0.0,0.0,0.61,6.06,7.32,0.0,0,0.0,0,0.0,1.52,0.0,0,0.0,0.03,0,0.0,1,0.3,0.0,0.0,0.0,2.73,33.33,2.73,33.33,0.0,0.0,0.3,0.91,66.67,2.12,71.43,1.21,1.52,0.61,20.91,2.12,0.91,30.3,73.0,11.52,63.16,3.03,100.0,11.82,69.23,22.73,85.33,4.85,37.5,21.38,27.13,0.17,1.21,0.0,0.0,0.0,0.0,0.61,2.73,55.56,2.42,37.5,0.0,0.0,0.91,0.91,6.97,52.17,0,,0,,0,0.0,0.0,0.0,,,1.82,,,0.0,0.0,0.0,0.3,0,0.0
M. Gümüşkaya,Bandırmaspor,Westerlo,"LW, RCMF, LAMF",25,500000,2027-06-30,3,94,0,0.28,0,0.0,22.98,45.83,Türkiye,Türkiye,left,177,66,no,3.83,3.83,25.0,3.83,100.0,0.0,0.0,0.0,2.87,4.29,0.96,0,0.0,0,0.0,4.79,0.0,0,0.0,0.27,0,0.0,3,2.87,0.0,0.0,0.0,1.91,100.0,1.91,100.0,0.0,0.0,0.96,6.7,42.86,12.45,38.46,1.91,0.0,0.0,25.85,0.96,2.87,36.38,73.68,12.45,53.85,11.49,75.0,7.66,100.0,33.51,74.29,0.96,0.0,15.37,20.53,0.0,0.0,0.0,0.0,0.0,0.0,0.0,2.87,33.33,3.83,50.0,0.96,0.0,0.0,1.91,3.83,75.0,0,,0,,0,0.0,0.0,0.0,,,0.0,,,2.87,0.96,0.0,0.0,0,0.0
A. Mebude,Rizespor,Westerlo,"RW, RAMF, LAMF",22,500000,2030-06-30,3,114,0,0.05,0,0.09,25.26,53.13,Scotland,"Scotland, Nigeria",right,179,78,no,9.47,10.26,61.54,2.37,33.33,0.0,0.0,0.0,3.16,4.0,0.0,0,0.0,0,0.0,7.11,0.0,0,0.0,0.04,0,0.0,2,1.58,50.0,0.0,0.0,3.16,0.0,0.79,0.0,2.37,0.0,0.79,9.47,58.33,10.26,53.85,3.16,2.37,0.0,19.74,0.79,0.0,24.47,74.19,7.11,77.78,7.89,90.0,2.37,33.33,20.53,88.46,0.79,0.0,17.26,4.3,0.07,0.79,0.0,0.0,0.79,100.0,0.0,1.58,100.0,2.37,66.67,0.79,100.0,1.58,0.0,3.16,100.0,0,,0,,0,0.0,0.0,0.0,,,0.0,,,0.0,0.0,0.0,0.0,0,0.0
D. Mbayo,PEC Zwolle,Kortrijk,"RW, RAMF, CF",24,500000,2027-06-30,9,502,0,0.94,0,0.01,22.05,47.97,Belgium,"Belgium, Congo DR",left,175,65,no,4.84,4.84,70.37,0.9,20.0,0.18,0.21,0.0,1.25,1.49,0.9,1,0.18,0,0.0,4.3,0.0,0,0.0,0.17,0,0.0,9,1.61,33.33,0.0,0.0,2.33,7.69,0.36,0.0,1.97,9.09,0.54,6.45,55.56,13.63,44.74,3.05,3.94,0.9,16.14,0.72,1.97,23.84,77.44,3.76,71.43,8.78,91.84,5.74,68.75,21.33,84.87,0.18,100.0,17.51,5.48,0.0,0.18,0.0,0.0,0.0,0.0,0.0,1.25,57.14,1.97,36.36,0.0,0.0,0.54,0.54,2.15,75.0,0,,0,,0,0.0,0.0,0.0,,,0.0,,,0.0,0.0,0.0,0.0,0,0.0
A. Mighten,San Diego,Kortrijk,"AMF, LW, LWF",24,500000,2026-12-31,10,283,0,0.03,0,0.15,20.35,37.5,United States,"United States, England",right,171,70,no,2.23,1.59,40.0,1.59,20.0,0.32,0.39,0.0,1.27,1.58,0.95,1,0.32,0,0.0,5.09,0.0,0,0.0,0.01,0,0.0,1,0.32,0.0,0.0,0.0,1.27,75.0,0.95,100.0,0.32,0.0,0.0,7.95,52.0,13.99,43.18,1.27,1.59,1.27,13.67,0.32,3.5,17.81,78.57,4.45,71.43,4.77,86.67,4.45,85.71,16.22,78.43,0.32,100.0,9.82,1.89,0.05,0.64,0.0,0.0,0.0,0.0,0.0,2.54,62.5,1.59,100.0,0.0,0.0,0.64,0.64,2.54,75.0,0,,0,,0,0.0,0.0,0.0,,,0.0,,,0.0,0.0,0.0,0.64,0,0.0
P. Sampaio,Athletic Club,RWD Molenbeek,"RCB, CB",31,500000,2026-11-30,5,447,0,0.08,0,0.0,12.89,59.38,Brazil,Brazil,right,191,89,no,8.26,5.03,60.0,4.83,58.33,0.2,0.23,0.81,5.03,5.86,1.81,4,0.81,1,0.2,0.4,0.0,0,0.0,0.02,0,0.0,1,0.2,0.0,0.0,0.0,0.0,0.0,0.0,0.0,0.0,0.0,0.0,0.4,100.0,0.81,50.0,0.6,0.0,0.0,20.94,0.6,0.4,33.83,88.1,11.07,78.18,2.21,100.0,17.92,95.51,29.19,89.66,4.63,78.26,22.21,27.74,0.0,0.0,0.0,0.0,0.0,0.0,0.0,2.42,75.0,0.4,50.0,0.2,100.0,0.2,0.0,5.23,73.08,0,,0,,0,0.0,0.0,0.0,,,1.61,,,0.0,0.0,0.0,0.0,0,0.0
F. Avenatti,Boston River,Kortrijk,CF,33,500000,2026-12-31,33,1975,3,6.43,0,0.76,26.25,40.45,Uruguay,"Uruguay, Italy",left,197,86,no,4.19,3.78,51.81,8.93,51.53,0.36,0.41,0.14,1.87,2.12,1.32,5,0.23,1,0.05,1.41,0.14,2,0.09,0.29,1,0.05,41,1.87,31.71,7.317,0.0,0.27,0.0,0.09,0.0,0.14,0.0,0.05,1.14,48.0,7.93,25.29,2.42,0.36,0.09,16.54,2.87,0.96,27.8,69.67,7.52,50.3,6.24,85.4,8.16,75.42,24.43,73.13,3.1,48.53,16.82,32.01,0.03,0.32,0.05,0.05,0.55,50.0,0.14,3.55,52.56,1.82,45.0,1.0,50.0,0.73,0.0,2.87,68.25,0,,0,,0,0.0,0.0,0.0,,,0.0,,,0.0,0.0,0.0,0.05,1,100.0
B. Bolingoli-Mbombo,,Mechelen,"RB, LWB, LB",31,500000,,12,466,0,0.0,0,0.66,17.58,61.54,Congo DR,"Congo DR, Belgium",left,181,74,no,9.85,7.92,63.41,2.12,45.45,0.19,0.23,0.39,4.64,5.54,0.97,2,0.39,0,0.0,2.51,0.0,0,0.0,0.0,0,0.0,0,0.0,0.0,0.0,0.0,1.93,50.0,0.97,60.0,0.97,40.0,0.39,1.74,88.89,4.06,71.43,1.35,1.55,0.19,40.17,2.9,0.97,49.44,88.67,15.26,79.75,8.3,100.0,19.12,89.9,44.23,93.01,3.28,52.94,16.87,23.41,0.13,0.77,0.0,0.0,0.0,0.0,0.19,5.02,65.38,2.7,57.14,0.97,20.0,1.16,1.16,6.57,73.53,0,,0,,0,0.0,0.0,0.0,,,0.58,,,0.0,0.0,0.0,0.0,0,0.0
Y. Challouk,,Kortrijk,"AMF, LW, RCMF",30,500000,,3,53,0,0.0,0,0.29,13.58,50.0,Belgium,"Belgium, Morocco",right,173,68,no,8.49,10.19,50.0,1.7,0.0,0.0,0.0,0.0,3.4,4.29,1.7,0,0.0,0,0.0,1.7,0.0,0,0.0,0.0,0,0.0,0,0.0,0.0,0.0,0.0,3.4,0.0,1.7,0.0,1.7,0.0,0.0,1.7,100.0,1.7,100.0,0.0,0.0,0.0,33.96,3.4,0.0,45.85,77.78,16.98,70.0,3.4,100.0,13.58,62.5,42.45,84.0,0.0,0.0,15.69,0.0,0.49,1.7,0.0,0.0,0.0,0.0,3.4,6.79,75.0,10.19,33.33,0.0,0.0,3.4,0.0,6.79,100.0,0,,0,,0,0.0,0.0,0.0,,,0.0,,,0.0,0.0,0.0,0.0,0,0.0
R. Opruț,Dinamo Bucureşti,Kortrijk,"LB, LWB",28,500000,2029-06-30,3,140,0,0.16,0,0.0,17.36,44.44,Romania,Romania,left,184,78,no,11.57,7.71,66.67,2.57,25.0,0.64,0.68,0.0,5.79,6.14,0.0,0,0.0,0,0.0,0.64,0.0,0,0.0,0.1,0,0.0,1,0.64,0.0,0.0,0.0,3.86,16.67,3.86,16.67,0.0,0.0,0.64,1.29,0.0,2.57,0.0,1.29,0.64,0.0,25.07,2.57,1.29,32.79,66.67,13.5,57.14,5.79,88.89,7.07,72.73,27.0,76.19,1.93,33.33,17.57,28.74,0.0,0.0,0.0,0.0,0.64,0.0,0.0,3.21,100.0,1.93,33.33,0.0,0.0,0.0,0.64,9.0,57.14,0,,0,,0,0.0,0.0,0.0,,,0.0,,,0.0,0.0,0.0,0.0,0,0.0
Klaus,Operário PR,RWD Molenbeek,"CB, RCB",32,500000,2027-11-30,16,1405,0,0.43,1,0.0,16.33,58.82,Brazil,Brazil,right,187,79,no,12.17,7.62,60.5,5.77,62.22,0.06,0.07,0.96,7.49,8.73,0.64,1,0.06,0,0.0,0.13,0.0,0,0.0,0.03,0,0.0,5,0.32,20.0,0.0,0.06,0.0,0.0,0.0,0.0,0.0,0.0,0.0,0.06,100.0,0.51,25.0,0.38,0.06,0.06,22.48,0.06,0.19,35.49,87.36,11.47,70.95,3.14,93.88,19.15,96.32,32.16,91.83,3.33,44.23,21.31,26.3,0.0,0.0,0.0,0.0,0.0,0.0,0.06,2.63,46.34,0.19,0.0,0.13,50.0,0.0,0.0,4.1,45.31,0,,0,,0,0.0,0.0,0.0,,,2.56,,,0.0,0.0,0.0,0.0,0,0.0
S. Bolat,,Westerlo,GK,37,500000,,31,3092,0,0.0,0,0.0,0.61,80.95,Türkiye,"Türkiye, Belgium",right,186,83,no,1.57,0.17,66.67,0.38,84.62,0.0,0.0,0.0,1.46,1.75,0.0,3,0.09,0,0.0,0.0,0.0,0,0.0,0.0,0,0.0,0,0.0,0.0,0.0,0.0,0.0,0.0,0.0,0.0,0.0,0.0,0.0,0.0,0.0,0.03,100.0,0.0,0.0,0.0,16.62,0.12,0.15,23.9,86.97,11.64,76.5,0.03,100.0,11.61,97.24,14.35,97.57,9.52,71.25,31.09,44.33,0.0,0.0,0.0,0.0,0.0,0.0,0.0,0.49,23.53,0.0,0.0,0.0,0.0,0.0,0.0,7.01,73.03,57,1.66,170,4.95,5,66.47,48.81,1.42,-8.19,-0.238,0.0,1.34,0.38,,,,0.0,0,0.0
W. Janssens,Sint-Truiden,Sint-Truiden,RCB,31,500000,2028-06-30,21,913,0,0.1,0,0.19,15.77,54.37,Belgium,Belgium,right,185,72,no,10.05,8.18,67.47,3.45,51.43,0.39,0.56,0.39,4.14,5.83,1.48,6,0.59,0,0.0,0.3,0.0,0,0.0,0.01,0,0.0,2,0.2,50.0,0.0,0.0,0.0,0.0,0.0,0.0,0.0,0.0,0.0,0.2,100.0,1.08,18.18,0.2,0.49,0.1,48.2,1.18,0.59,61.31,92.77,19.72,83.5,7.0,92.96,25.53,98.84,58.36,94.76,2.96,53.33,15.66,11.32,0.02,0.2,0.0,0.0,0.1,0.0,0.1,3.55,77.78,0.0,0.0,0.1,0.0,0.1,0.0,6.01,54.1,0,,0,,0,0.0,0.0,0.0,,,2.76,,,0.0,0.0,0.0,0.0,0,0.0
R. Ogawa,Kashima Antlers,Sint-Truiden,"LWB, LB",29,500000,2028-06-30,7,470,1,1.91,2,1.61,11.68,60.66,Japan,Japan,left,183,78,no,6.32,3.45,72.22,2.3,66.67,0.0,0.0,0.38,3.83,6.0,0.57,0,0.0,0,0.0,4.02,0.19,1,0.19,0.37,0,0.0,6,1.15,50.0,16.667,0.38,4.21,36.36,4.21,36.36,0.0,0.0,1.15,2.49,69.23,4.79,52.0,2.49,0.96,0.19,30.45,5.36,0.96,40.4,82.46,9.77,76.47,10.15,92.45,14.94,80.77,33.7,89.77,2.49,61.54,18.57,21.92,0.31,1.53,0.0,0.0,0.19,100.0,1.34,2.87,73.33,3.45,55.56,0.19,100.0,0.96,1.53,7.66,80.0,0,,0,,0,0.0,0.0,0.0,,,1.15,,,0.19,0.0,0.0,0.57,0,0.0
M. Wasinski,Schalke 04,Kortrijk,"RB, LCB",22,450000,2028-06-30,7,627,0,0.0,0,0.0,11.34,56.96,Belgium,Belgium,right,185,75,no,7.32,5.31,64.86,2.15,66.67,1.15,1.34,0.29,2.73,3.18,0.43,2,0.29,0,0.0,0.43,0.0,0,0.0,0.0,0,0.0,1,0.14,0.0,0.0,0.0,0.72,0.0,0.14,0.0,0.57,0.0,0.0,0.72,60.0,2.15,40.0,0.14,0.72,0.0,29.14,0.57,0.0,43.21,84.05,19.67,77.37,3.59,80.0,16.79,90.6,35.89,88.8,6.6,67.39,21.15,34.11,0.0,0.0,0.0,0.0,0.14,0.0,0.0,3.3,82.61,0.86,33.33,0.14,0.0,0.29,0.14,9.19,65.63,0,,0,,0,0.0,0.0,0.0,,,1.72,,,0.0,0.0,0.0,0.0,0,0.0
M. Bruno,,Kortrijk,"RCMF, LCMF, AMF",32,450000,,29,1424,1,2.0,2,0.95,17.25,41.76,Belgium,"Belgium, Italy",right,178,74,no,5.88,5.81,48.91,1.39,45.45,0.19,0.22,0.06,2.84,3.28,1.01,2,0.13,0,0.0,2.46,0.06,1,0.06,0.13,0,0.0,23,1.45,30.43,4.348,0.13,1.58,28.0,0.57,22.22,1.01,31.25,0.19,2.78,50.0,7.58,41.67,1.71,0.95,0.57,22.63,0.76,0.51,34.7,78.87,9.67,73.2,6.45,94.12,11.06,77.71,30.02,84.21,3.16,52.0,17.1,23.16,0.06,0.88,0.0,0.0,0.32,60.0,0.19,4.17,66.67,1.9,46.67,0.57,66.67,0.57,0.57,5.5,72.41,0,,0,,0,0.0,0.0,0.0,,,0.57,,,0.38,0.06,0.0,1.14,0,0.0
S. Kiyine,Stockay-Warfusée,OH Leuven,"AMF, LCMF, RWF",28,450000,,7,324,0,0.12,1,0.35,24.17,50.57,Belgium,"Belgium, Morocco",right,182,72,no,8.06,10.83,51.28,1.11,25.0,0.28,0.36,0.0,2.22,2.89,2.78,2,0.56,0,0.0,2.5,0.0,0,0.0,0.03,0,0.0,5,1.39,0.0,0.0,0.28,1.94,42.86,0.83,33.33,0.83,33.33,0.28,2.22,75.0,8.61,51.61,0.83,2.5,1.11,19.72,1.11,0.83,29.44,73.58,8.89,65.63,3.89,85.71,11.94,83.72,23.06,77.11,5.0,72.22,25.49,43.73,0.1,0.83,0.0,0.0,0.28,0.0,0.56,5.56,65.0,2.5,66.67,1.11,25.0,1.11,0.28,7.5,77.78,0,,0,,0,0.0,0.0,0.0,,,0.0,,,0.56,0.0,0.0,0.83,0,0.0
S. Perica,Neftchi,Standard Liège,CF,31,450000,2026-12-31,8,152,0,1.36,0,0.07,26.05,40.91,Croatia,Croatia,right,192,76,no,4.74,1.18,100.0,15.39,30.77,0.0,0.0,0.59,3.55,7.5,0.0,0,0.0,0,0.0,2.37,0.0,0,0.0,0.81,0,0.0,6,3.55,50.0,0.0,0.0,0.59,100.0,0.0,0.0,0.59,100.0,0.0,0.59,0.0,3.55,33.33,7.7,0.59,0.0,10.66,1.78,1.18,15.39,76.92,5.33,66.67,2.37,50.0,4.14,100.0,14.21,79.17,0.59,0.0,13.77,2.61,0.04,1.18,0.0,0.0,0.0,0.0,0.0,1.78,33.33,1.18,100.0,0.59,0.0,1.18,0.59,1.78,100.0,0,,0,,0,0.0,0.0,0.0,,,0.0,,,0.0,0.0,0.0,0.0,0,0.0
S. Kums,,Gent,"RCMF, LCMF",38,400000,,30,2413,1,1.76,5,5.96,12.35,42.3,Belgium,Belgium,right,176,73,no,7.12,4.92,55.3,2.09,25.0,0.19,0.27,0.19,4.21,6.02,0.75,4,0.15,0,0.0,1.57,0.04,1,0.04,0.07,0,0.0,19,0.71,26.32,5.263,0.19,1.23,54.55,0.52,57.14,0.63,58.82,0.22,0.82,54.55,3.17,40.0,0.82,0.71,0.0,39.91,0.45,0.93,56.95,88.61,16.34,79.91,7.76,96.15,23.54,93.66,49.98,92.46,5.74,62.34,18.97,34.27,0.22,1.64,0.15,0.04,0.41,63.64,0.41,9.51,78.43,3.02,66.67,1.08,44.83,1.42,0.71,8.47,81.06,0,,0,,0,0.0,0.0,0.0,,,0.22,,,1.04,0.0,0.0,3.77,0,0.0
A. Colassin,Charleroi,Anderlecht,LWF,25,400000,2028-06-30,1,13,0,0.0,0,0.0,,,Belgium,Belgium,right,188,82,no,,,,,,,0.0,,,20.0,,0,,0,,,,0,,,0,,0,,,0.0,,,,,,,,,,,,,,,,,,,,,,,,,,,,,,,13.57,0.0,,,,,,,,,,,,,,,,,,0,,0,,0,0.0,0.0,,,,,,,,,,,0,0.0
E. Kehrer,Winterthur,Cercle Brugge,"RW, RWB, AMF",24,400000,2028-06-30,4,64,0,0.0,0,0.0,35.16,48.0,Germany,Germany,right,177,70,no,12.66,14.06,60.0,1.41,0.0,0.0,0.0,0.0,4.22,6.43,0.0,0,0.0,0,0.0,2.81,0.0,0,0.0,0.0,0,0.0,0,0.0,0.0,0.0,0.0,0.0,0.0,0.0,0.0,0.0,0.0,0.0,4.22,66.67,14.06,40.0,1.41,4.22,2.81,14.06,1.41,2.81,25.31,66.67,5.63,0.0,9.84,100.0,7.03,60.0,22.5,75.0,2.81,0.0,15.23,8.77,0.0,0.0,0.0,0.0,1.41,0.0,0.0,2.81,0.0,1.41,0.0,4.22,0.0,0.0,0.0,2.81,0.0,0,,0,,0,0.0,0.0,0.0,,,0.0,,,0.0,0.0,0.0,0.0,0,0.0
R. Morioka,,Charleroi,"DMF, RCMF, LDMF",35,400000,,23,1155,0,0.61,0,0.69,19.95,51.17,Japan,Japan,right,183,70,no,13.09,8.49,63.3,2.88,56.76,1.4,1.83,0.31,6.31,8.24,1.71,0,0.0,0,0.0,1.25,0.0,0,0.0,0.05,0,0.0,13,1.01,38.46,0.0,0.0,0.16,50.0,0.08,0.0,0.08,100.0,0.08,0.86,63.64,4.83,27.42,0.78,0.39,0.08,31.32,0.78,0.94,48.16,85.28,13.09,67.86,6.86,96.59,19.87,91.37,43.56,88.01,4.44,59.65,17.38,31.27,0.05,0.62,0.0,0.08,0.39,60.0,0.16,5.77,67.57,1.79,39.13,0.86,27.27,0.86,0.08,5.53,77.46,0,,0,,0,0.0,0.0,0.0,,,0.94,,,0.31,0.0,0.0,1.01,0,0.0
N. Chadli,,Westerlo,"LAMF, LW, AMF",36,400000,,18,789,0,0.36,2,0.59,18.02,44.94,Belgium,"Belgium, Morocco",right,185,80,no,6.05,4.45,69.23,3.65,40.63,0.0,0.0,0.11,2.97,3.45,0.91,1,0.11,0,0.0,2.4,0.0,0,0.0,0.04,0,0.0,6,0.68,33.33,0.0,0.23,1.71,40.0,1.37,33.33,0.23,50.0,0.57,2.51,50.0,6.84,28.33,1.48,1.71,0.46,26.46,1.48,0.8,37.76,81.27,9.47,69.88,9.81,96.51,10.84,80.0,34.11,84.62,1.94,58.82,15.23,17.01,0.07,1.03,0.11,0.0,0.57,40.0,0.68,3.19,64.29,3.19,53.57,0.68,16.67,0.91,0.57,5.48,56.25,0,,0,,0,0.0,0.0,0.0,,,0.23,,,0.11,0.11,100.0,0.0,0,0.0
K. Möhwald,Eupen,Eupen,"LCMF, RCMF",33,400000,,22,1518,1,0.45,1,1.5,15.36,46.33,Germany,Germany,right,182,75,no,8.6,6.17,52.88,1.84,45.16,1.13,1.43,0.24,4.21,5.32,1.36,3,0.18,0,0.0,1.13,0.06,1,0.06,0.03,0,0.0,12,0.71,16.67,8.333,0.06,1.36,39.13,0.53,33.33,0.83,42.86,0.12,0.95,43.75,4.09,42.03,0.71,0.77,0.12,30.3,0.36,1.3,45.42,86.68,12.51,78.2,9.31,93.63,14.29,87.97,40.73,90.54,3.32,58.93,16.84,30.11,0.09,0.95,0.0,0.0,0.18,33.33,0.36,4.92,69.88,1.9,50.0,0.12,0.0,0.47,0.59,5.63,82.11,0,,0,,0,0.0,0.0,0.0,,,0.71,,,0.47,0.0,0.0,0.47,0,0.0
J. Král,Sigma Olomouc,Eupen,LCB,27,400000,2028-06-30,26,1066,1,1.6,0,0.25,20.77,53.66,Czech Republic,Czech Republic,left,194,88,no,11.65,7.43,67.05,7.6,46.67,0.51,0.63,0.25,6.16,7.6,1.44,6,0.51,0,0.0,0.51,0.08,1,0.08,0.13,0,0.0,9,0.76,44.44,11.111,0.0,0.0,0.0,0.0,0.0,0.0,0.0,0.0,0.25,66.67,2.53,53.33,0.93,0.84,0.0,33.1,1.1,0.93,47.03,79.89,22.29,67.42,3.04,97.22,17.22,92.65,39.17,88.36,7.85,37.63,16.08,15.85,0.02,0.25,0.0,0.0,0.08,0.0,0.17,5.74,52.94,0.93,9.09,1.18,28.57,0.17,0.0,9.03,55.14,0,,0,,0,0.0,0.0,0.0,,,1.77,,,0.08,0.0,0.0,0.0,0,0.0
J. Bernát,Komárno,Westerlo,LW,25,400000,2027-06-30,1,6,0,0.0,0,0.0,,,Slovakia,Slovakia,right,180,70,no,,,,,,,0.0,,,0.0,,0,,0,,,,0,,,0,,0,,,0.0,,,,,,,,,,,,,,,,,,,,,,,,,,,,,,,20.03,0.0,,,,,,,,,,,,,,,,,,0,,0,,0,0.0,0.0,,,,,,,,,,,0,0.0
G. Hubert,,RWD Molenbeek,GK,32,400000,,7,636,0,0.0,0,0.0,0.85,100.0,Belgium,Belgium,right,198,88,no,2.69,0.0,0.0,0.57,100.0,0.14,0.2,0.0,2.55,3.6,0.0,0,0.0,0,0.0,0.14,0.0,0,0.0,0.0,0,0.0,0,0.0,0.0,0.0,0.0,0.0,0.0,0.0,0.0,0.0,0.0,0.0,0.14,100.0,0.14,100.0,0.0,0.0,0.0,11.32,0.0,0.0,18.11,84.38,8.92,69.84,0.0,0.0,8.92,100.0,11.75,98.8,6.37,57.78,32.33,50.29,0.0,0.0,0.0,0.0,0.0,0.0,0.0,2.26,31.25,0.14,0.0,0.28,0.0,0.0,0.0,4.25,83.33,10,1.42,31,4.39,1,67.74,8.43,1.19,-1.57,-0.222,0.0,2.26,0.57,,,,0.0,0,0.0
T. Vlietinck,OH Leuven,OH Leuven,"RWB, RB, LAMF",28,400000,2028-06-30,8,494,0,0.24,1,0.86,17.49,42.71,Belgium,Belgium,right,180,68,no,6.01,6.19,55.88,2.19,33.33,0.18,0.23,0.18,2.37,3.02,0.73,3,0.55,0,0.0,4.01,0.0,0,0.0,0.04,0,0.0,3,0.55,0.0,0.0,0.18,3.46,47.37,0.18,100.0,3.28,44.44,0.36,4.37,50.0,7.11,41.03,0.91,1.82,1.46,24.41,3.46,0.55,33.16,75.82,11.48,68.25,7.11,89.74,8.38,76.09,28.24,81.29,1.64,33.33,15.46,22.78,0.16,1.46,0.0,0.0,0.36,50.0,0.36,2.37,76.92,3.1,47.06,0.18,0.0,0.0,1.64,7.11,71.79,0,,0,,0,0.0,0.0,0.0,,,0.18,,,0.55,0.0,0.0,1.64,0,0.0
L. Pirard,Standard Liège,Kortrijk,GK,31,400000,2028-06-30,15,1492,0,0.0,0,0.0,0.72,91.67,Belgium,Belgium,right,191,85,no,2.05,0.06,0.0,0.42,100.0,0.0,0.0,0.0,2.05,2.39,0.0,1,0.06,0,0.0,0.0,0.0,0,0.0,0.0,0,0.0,0,0.0,0.0,0.0,0.0,0.0,0.0,0.0,0.0,0.0,0.0,0.0,0.0,0.0,0.12,100.0,0.0,0.0,0.0,8.87,0.0,0.18,15.8,75.57,12.43,69.42,0.0,0.0,3.14,98.08,6.64,95.45,9.17,61.18,39.12,49.03,0.0,0.0,0.0,0.0,0.0,0.0,0.0,3.14,65.38,0.12,0.0,0.24,25.0,0.0,0.0,7.0,76.72,20,1.21,75,4.52,6,73.33,20.55,1.24,0.55,0.033,0.0,1.57,0.42,,,,0.0,0,0.0
J. Afolabi,Shamrock Rovers,Kortrijk,CF,26,400000,,13,506,1,0.83,0,0.87,24.01,32.59,Republic of Ireland,"Republic of Ireland, Nigeria",left,189,72,no,2.13,2.85,56.25,3.38,26.32,0.0,0.0,0.0,0.53,0.66,1.78,1,0.18,0,0.0,1.96,0.18,1,0.18,0.15,0,0.0,5,0.89,60.0,20.0,0.0,0.71,50.0,0.71,50.0,0.0,0.0,0.0,2.13,50.0,10.85,32.79,2.13,0.89,0.0,10.49,2.31,0.71,17.08,70.83,4.62,46.15,3.38,100.0,4.98,75.0,16.01,72.22,0.36,50.0,18.1,4.09,0.16,0.89,0.0,0.0,0.53,0.0,0.71,2.13,41.67,1.07,66.67,0.53,0.0,0.53,0.36,1.78,70.0,0,,0,,0,0.0,0.0,0.0,,,0.0,,,0.0,0.0,0.0,0.0,0,0.0
Y. Malede,Maccabi Tel Aviv,Mechelen,"CF, LAMF, RAMF",26,400000,2027-06-30,13,393,0,0.74,3,0.73,31.37,37.23,Israel,"Israel, Ethiopia",right,189,79,no,6.87,7.56,69.7,2.75,8.33,0.0,0.0,0.0,1.6,2.23,0.92,1,0.23,0,0.0,5.27,0.0,0,0.0,0.17,0,0.0,6,1.37,33.33,0.0,0.69,3.66,31.25,1.6,28.57,2.06,33.33,0.23,7.79,44.12,17.63,32.47,3.44,2.98,0.23,16.72,1.83,2.29,22.21,79.38,4.58,70.0,7.33,93.75,4.58,60.0,18.55,88.89,0.46,0.0,16.47,7.88,0.17,0.69,0.0,0.46,0.23,100.0,0.92,1.37,66.67,2.75,75.0,0.23,100.0,1.37,1.15,2.98,100.0,0,,0,,0,0.0,0.0,0.0,,,0.23,,,0.0,0.0,0.0,0.0,0,0.0
M. Sissako,IMT Novi Beograd,RWD Molenbeek,"CB, RCB",25,400000,2027-06-30,16,1097,0,0.05,0,0.0,10.75,55.73,France,"France, Mali",right,188,82,no,12.14,5.58,61.76,2.63,46.88,0.33,0.38,0.9,8.37,9.59,0.74,3,0.25,0,0.0,0.25,0.0,0,0.0,0.0,0,0.0,1,0.08,0.0,0.0,0.0,0.08,100.0,0.0,0.0,0.08,100.0,0.0,0.25,66.67,0.9,36.36,0.08,0.33,0.08,22.89,0.57,0.57,36.84,83.07,13.95,68.24,2.71,90.91,18.05,92.73,31.75,88.37,5.0,49.18,20.26,31.81,0.0,0.0,0.0,0.0,0.0,0.0,0.0,3.36,58.54,0.33,50.0,0.41,20.0,0.08,0.08,6.89,50.0,0,,0,,0,0.0,0.0,0.0,,,1.89,,,0.0,0.0,0.0,0.0,0,0.0
F. Kaya,Samsunspor,Sint-Truiden,CF,26,400000,2029-06-30,39,1683,2,7.98,0,0.64,21.6,33.91,Germany,"Germany, Türkiye",right,183,78,no,3.42,3.96,48.65,5.29,33.33,0.16,0.23,0.11,1.34,1.95,2.09,4,0.21,0,0.0,1.71,0.11,2,0.11,0.43,0,0.0,46,2.46,21.74,4.348,0.0,0.43,25.0,0.21,50.0,0.21,0.0,0.05,2.14,47.5,8.4,29.3,3.53,0.86,0.32,11.82,1.71,1.07,15.61,79.45,2.03,50.0,4.92,92.39,5.03,86.17,14.6,80.95,0.59,81.82,14.57,7.96,0.03,0.37,0.0,0.05,0.21,25.0,0.16,1.39,61.54,0.75,28.57,0.21,25.0,0.27,0.05,1.18,54.55,0,,0,,0,0.0,0.0,0.0,,,0.21,,,0.05,0.05,0.0,0.0,1,0.0
H. Lawrence,Standard Liège,Standard Liège,LB,24,400000,2029-06-30,1,54,1,0.25,0,0.0,15.0,44.44,England,England,right,178,76,no,3.33,0.0,0.0,1.67,100.0,0.0,0.0,1.67,3.33,3.0,0.0,0,0.0,0,0.0,5.0,1.67,1,1.67,0.42,1,1.67,1,1.67,100.0,100.0,0.0,0.0,0.0,0.0,0.0,0.0,0.0,0.0,6.67,50.0,10.0,33.33,1.67,1.67,0.0,13.33,0.0,1.67,18.33,100.0,5.0,100.0,1.67,100.0,5.0,100.0,18.33,100.0,0.0,0.0,12.4,0.0,0.0,0.0,0.0,0.0,0.0,0.0,0.0,1.67,100.0,0.0,0.0,0.0,0.0,0.0,0.0,1.67,100.0,0,,0,,0,0.0,0.0,0.0,,,0.0,,,0.0,0.0,0.0,0.0,0,0.0
O. Dumont,MVV,Sint-Truiden,"RCMF, LCMF, RW",24,400000,2028-06-30,17,233,0,0.19,0,0.47,22.02,50.88,Belgium,"Belgium, Netherlands",right,182,65,no,9.66,10.04,65.38,4.25,45.45,0.0,0.0,0.0,3.09,4.44,1.16,1,0.39,0,0.0,0.77,0.0,0,0.0,0.07,0,0.0,1,0.39,0.0,0.0,0.0,0.77,50.0,0.0,0.0,0.77,50.0,0.39,1.16,33.33,3.86,20.0,0.39,0.39,0.0,24.33,2.32,0.39,33.99,85.23,7.34,73.68,8.88,95.65,10.82,89.29,32.06,87.95,1.16,33.33,12.88,5.28,0.18,0.77,0.0,0.0,0.0,0.0,0.39,3.48,77.78,1.16,33.33,0.39,100.0,0.0,0.39,3.48,66.67,0,,0,,0,0.0,0.0,0.0,,,0.0,,,0.0,0.0,0.0,0.39,0,0.0
E. Jordanov,Beerschot VA,Westerlo,"RB, RWB, RW",33,400000,2027-06-30,18,839,1,0.33,0,0.78,21.67,45.05,Germany,"Germany, Bulgaria",right,172,70,no,10.41,11.26,52.38,1.82,35.29,0.11,0.13,0.32,4.4,5.39,1.39,5,0.54,0,0.0,2.04,0.11,1,0.11,0.04,0,0.0,3,0.32,33.33,33.333,0.0,2.36,27.27,0.54,20.0,1.82,29.41,0.11,2.36,50.0,6.11,40.35,0.86,3.22,1.61,24.24,2.15,0.64,36.79,76.09,13.73,68.75,7.72,91.67,9.76,75.82,31.64,82.37,2.9,44.44,17.02,19.79,0.08,0.64,0.11,0.0,0.32,33.33,0.43,4.29,57.5,2.04,42.11,0.21,0.0,0.54,0.75,7.08,62.12,0,,0,,0,0.0,0.0,0.0,,,1.07,,,0.0,0.0,0.0,0.0,0,0.0
Fernand Goure,Radomiak Radom,Westerlo,"CF, RW",24,375000,2029-06-30,4,55,0,0.09,0,0.0,26.18,43.75,Côte d'Ivoire,Côte d'Ivoire,right,189,77,no,0.0,1.64,0.0,11.45,85.71,0.0,0.0,0.0,0.0,0.0,1.64,0,0.0,0,0.0,1.64,0.0,0,0.0,0.14,0,0.0,1,1.64,100.0,0.0,0.0,0.0,0.0,0.0,0.0,0.0,0.0,0.0,1.64,0.0,6.55,0.0,3.27,0.0,0.0,11.45,1.64,0.0,14.73,66.67,3.27,0.0,6.55,50.0,1.64,100.0,14.73,66.67,0.0,0.0,7.61,0.0,0.0,0.0,0.0,0.0,0.0,0.0,0.0,0.0,0.0,0.0,0.0,0.0,0.0,0.0,0.0,1.64,0.0,0,,0,,0,0.0,0.0,0.0,,,0.0,,,0.0,0.0,0.0,0.0,0,0.0
V. Pálsson,Horsens,Eupen,"CB, RCB",35,350000,2027-06-30,35,3469,2,2.26,1,0.97,10.33,62.81,Iceland,"Iceland, Portugal",right,186,77,no,8.9,4.59,64.41,3.42,66.67,0.13,0.15,0.99,5.81,6.76,0.26,1,0.03,0,0.0,0.34,0.05,2,0.05,0.06,1,0.03,11,0.29,45.45,18.182,0.03,0.13,60.0,0.03,0.0,0.1,75.0,0.0,0.1,100.0,0.65,48.0,0.49,0.36,0.05,28.62,0.44,0.18,42.63,86.61,16.16,74.8,1.97,92.11,21.56,95.43,35.65,92.79,6.85,54.92,22.66,39.39,0.03,0.13,0.0,0.0,0.03,100.0,0.1,5.47,61.61,0.44,29.41,0.52,45.0,0.18,0.08,7.99,64.94,0,,0,,0,0.0,0.0,0.0,,,1.43,,,0.13,0.0,0.0,0.0,0,0.0
N. Gillekens,RFC Seraing,Westerlo,GK,31,350000,2027-06-30,7,697,0,0.0,0,0.0,0.52,50.0,Belgium,Belgium,right,185,80,no,2.84,0.13,0.0,0.26,50.0,0.0,0.0,0.0,2.84,3.25,0.0,1,0.13,0,0.0,0.0,0.0,0,0.0,0.0,0,0.0,0,0.0,0.0,0.0,0.0,0.0,0.0,0.0,0.0,0.0,0.0,0.0,0.0,0.0,0.13,100.0,0.0,0.0,0.0,18.08,0.26,0.13,28.54,85.52,13.95,76.85,0.13,0.0,13.43,94.23,16.66,96.9,11.88,69.57,32.06,46.0,0.0,0.0,0.0,0.0,0.0,0.0,0.0,1.55,66.67,0.26,0.0,0.26,50.0,0.0,0.0,8.26,70.31,16,2.07,43,5.55,0,62.79,13.29,1.72,-2.71,-0.35,0.0,1.29,0.26,,,,0.0,0,0.0
I. Christie-Davies,Marsaxlokk,Eupen,"DMF, LCMF, RCMF",28,350000,2027-06-30,15,640,0,0.13,1,0.31,18.0,46.88,England,"England, Wales",right,188,75,no,9.28,9.0,57.81,1.97,42.86,0.28,0.34,0.28,3.8,4.55,2.25,3,0.42,0,0.0,0.56,0.0,0,0.0,0.02,0,0.0,2,0.28,0.0,0.0,0.14,0.56,0.0,0.14,0.0,0.42,0.0,0.0,0.84,50.0,5.2,37.84,1.27,1.69,0.42,27.98,0.28,0.84,40.36,81.88,11.95,64.71,7.17,96.08,14.2,93.07,37.97,85.56,1.83,30.77,16.37,14.6,0.04,0.42,0.28,0.0,0.42,33.33,0.28,3.38,70.83,1.27,33.33,0.56,0.0,0.7,0.0,5.2,48.65,0,,0,,0,0.0,0.0,0.0,,,0.56,,,0.0,0.0,0.0,0.0,0,0.0
J. Déom,Roda JC,Eupen,"LW, LCMF, AMF",27,350000,2027-06-30,26,1047,1,1.97,0,0.66,22.95,38.2,Belgium,Belgium,right,175,65,no,8.25,7.48,62.07,1.89,13.64,0.26,0.33,0.0,3.35,4.24,1.55,1,0.09,1,0.09,1.98,0.09,1,0.09,0.17,0,0.0,19,1.63,21.05,5.263,0.0,1.46,17.65,0.86,10.0,0.6,28.57,0.17,3.18,40.54,9.37,27.52,1.46,1.72,0.43,16.76,0.6,0.6,27.42,73.67,9.11,58.49,6.96,90.12,6.02,78.57,23.64,80.36,2.32,40.74,16.22,26.23,0.06,0.6,0.0,0.09,0.26,33.33,0.17,3.78,56.82,1.72,35.0,0.69,25.0,0.34,0.26,4.99,58.62,0,,0,,0,0.0,0.0,0.0,,,0.0,,,0.77,0.34,25.0,1.03,0,0.0
L. Audoor,Club Brugge,Kortrijk,"RCMF, LCMF",22,350000,2029-06-30,11,448,0,0.01,0,0.17,24.51,54.92,Belgium,Belgium,right,184,69,no,10.45,9.64,62.5,2.61,53.85,0.4,0.44,0.2,4.02,4.38,2.01,2,0.4,0,0.0,2.01,0.0,0,0.0,0.0,0,0.0,1,0.2,0.0,0.0,0.0,0.4,0.0,0.0,0.0,0.4,0.0,0.0,2.81,64.29,7.83,53.85,1.21,0.4,0.2,24.11,0.8,2.21,36.16,81.11,13.06,72.31,6.03,86.67,9.44,89.36,34.96,82.76,0.8,50.0,14.1,10.48,0.03,0.4,0.0,0.0,0.4,50.0,0.2,4.22,80.95,0.8,25.0,0.2,0.0,0.4,0.0,5.83,55.17,0,,0,,0,0.0,0.0,0.0,,,0.2,,,0.0,0.0,0.0,0.4,0,0.0
N. Dailly,Olympic Charleroi,RWD Molenbeek,"RW, LW",24,350000,,11,386,0,0.28,0,0.19,19.12,37.8,Belgium,Belgium,right,185,77,no,6.3,6.99,50.0,3.03,46.15,0.47,0.54,0.0,2.33,2.68,1.17,0,0.0,0,0.0,0.47,0.0,0,0.0,0.07,0,0.0,4,0.93,0.0,0.0,0.0,0.93,25.0,0.23,100.0,0.7,0.0,0.0,0.93,25.0,6.06,30.77,1.63,1.17,0.23,18.19,0.93,0.7,24.95,72.9,6.76,62.07,4.2,88.89,6.76,68.97,21.45,79.35,2.56,36.36,15.06,19.46,0.04,0.7,0.23,0.0,0.47,0.0,0.0,3.03,46.15,1.4,50.0,0.47,0.0,0.7,0.23,3.5,73.33,0,,0,,0,0.0,0.0,0.0,,,0.0,,,0.0,0.0,0.0,0.0,0,0.0
S. Van Dessel,MVV,Sint-Truiden,"RCMF, LCMF",24,350000,2027-06-30,4,76,0,0.0,0,0.0,15.39,46.15,Belgium,Belgium,left,169,73,no,4.74,5.92,80.0,1.18,0.0,0.0,0.0,0.0,0.0,0.0,1.18,0,0.0,0,0.0,2.37,0.0,0,0.0,0.0,0,0.0,0,0.0,0.0,0.0,0.0,3.55,66.67,2.37,50.0,1.18,100.0,2.37,0.0,0.0,2.37,0.0,1.18,1.18,0.0,48.55,0.0,1.18,60.39,86.27,16.58,71.43,10.66,100.0,30.79,88.46,52.11,90.91,4.74,50.0,15.72,13.6,0.0,1.18,0.0,0.0,2.37,0.0,0.0,5.92,60.0,7.11,33.33,4.74,0.0,0.0,2.37,7.11,100.0,0,,0,,0,0.0,0.0,0.0,,,0.0,,,2.37,0.0,0.0,2.37,0,0.0
R. Emond,,Eupen,CF,34,350000,,15,868,2,2.07,0,0.07,19.08,34.24,Belgium,Belgium,right,185,73,no,3.42,2.07,45.0,11.41,34.55,0.1,0.12,0.41,2.38,2.74,0.83,3,0.31,0,0.0,0.62,0.21,2,0.21,0.21,1,0.1,15,1.56,26.67,13.333,0.0,0.31,0.0,0.21,0.0,0.1,0.0,0.1,0.1,100.0,2.18,28.57,2.18,0.1,0.0,11.92,2.38,1.24,14.41,71.22,4.25,53.66,2.7,96.15,3.84,78.38,13.06,73.81,1.04,60.0,14.27,21.61,0.01,0.21,0.0,0.0,0.31,33.33,0.0,1.56,73.33,0.83,50.0,0.41,25.0,0.31,0.0,1.45,57.14,0,,0,,0,0.0,0.0,0.0,,,0.0,,,0.0,0.0,0.0,0.0,0,0.0
F. Sanchez,Guingamp,RWD Molenbeek,"LCMF, LW, RW",23,350000,2030-06-30,13,560,2,0.94,0,0.97,13.82,44.19,France,"France, Spain",right,178,66,no,5.79,5.95,48.65,1.29,50.0,0.16,0.18,0.0,2.73,3.09,1.13,0,0.0,0,0.0,2.25,0.32,2,0.32,0.15,0,0.0,8,1.29,50.0,25.0,0.0,1.13,57.14,0.64,50.0,0.48,66.67,0.0,1.45,44.44,4.18,30.77,1.13,0.64,0.16,34.88,1.13,1.29,43.55,79.34,13.34,63.86,9.48,89.83,13.66,85.88,39.38,83.67,3.05,31.58,15.97,18.86,0.16,1.13,0.0,0.0,0.64,50.0,0.48,5.46,61.76,3.54,59.09,0.64,50.0,1.29,0.64,6.75,66.67,0,,0,,0,0.0,0.0,0.0,,,0.32,,,0.32,0.0,0.0,2.73,0,0.0
D. Henen,Công An Hà Nội,Kortrijk,"LB, LWB, AMF",30,350000,2027-06-30,6,285,0,0.05,1,0.49,18.0,50.88,Belgium,"Belgium, Togo",right,185,73,no,7.26,6.63,71.43,3.47,27.27,0.32,0.34,0.0,2.21,2.39,0.32,0,0.0,0,0.0,2.21,0.0,0,0.0,0.01,0,0.0,3,0.95,0.0,0.0,0.32,1.58,20.0,0.95,33.33,0.63,0.0,0.32,1.89,83.33,5.68,55.56,3.16,1.26,0.32,21.79,0.95,0.63,31.26,76.77,7.89,64.0,6.63,80.95,7.58,83.33,27.47,82.76,2.21,42.86,13.58,16.81,0.15,1.26,0.0,0.0,0.32,100.0,0.63,1.58,80.0,2.53,37.5,0.95,33.33,0.63,0.32,4.11,61.54,0,,0,,0,0.0,0.0,0.0,,,0.0,,,0.0,0.0,0.0,0.32,0,0.0
C. Coosemans,Anderlecht,Anderlecht,GK,33,300000,2028-06-30,3,249,0,0.0,0,0.0,1.45,50.0,Belgium,Belgium,right,186,84,no,3.25,0.36,100.0,0.36,0.0,0.0,0.0,0.0,2.89,3.58,0.0,0,0.0,0,0.0,0.0,0.0,0,0.0,0.0,0,0.0,0,0.0,0.0,0.0,0.0,0.0,0.0,0.0,0.0,0.0,0.0,0.0,0.0,0.0,0.72,50.0,0.0,0.0,0.0,20.96,0.0,0.0,35.06,81.44,16.63,67.39,0.0,0.0,16.63,93.48,18.43,100.0,16.27,62.22,35.23,51.32,0.0,0.0,0.0,0.0,0.0,0.0,0.0,5.42,46.67,1.08,0.0,1.45,0.0,0.0,0.0,10.48,72.41,4,1.45,11,3.98,0,63.64,2.91,1.05,-1.09,-0.394,0.0,2.89,0.36,,,,0.0,0,0.0
B. Agbor,Torreense,Gent,"RCB, LB",25,300000,2027-06-30,5,296,0,0.29,0,0.01,10.03,66.67,Cameroon,Cameroon,right,180,65,no,11.86,4.86,87.5,0.91,66.67,0.3,0.34,0.91,7.3,8.18,0.3,0,0.0,0,0.0,0.91,0.0,0,0.0,0.09,0,0.0,2,0.61,0.0,0.0,0.0,0.3,100.0,0.0,0.0,0.3,100.0,0.0,1.52,40.0,1.82,33.33,0.61,0.0,0.0,34.05,0.61,0.3,46.82,90.26,17.64,75.86,2.43,100.0,22.8,98.67,42.26,93.53,4.26,57.14,20.81,38.79,0.0,0.3,0.0,0.0,0.0,0.0,0.3,5.47,72.22,1.22,50.0,0.61,50.0,0.61,0.3,5.78,52.63,0,,0,,0,0.0,0.0,0.0,,,1.82,,,0.0,0.0,0.0,0.0,0,0.0
R. Decostere,,Cercle Brugge,RWB,28,300000,,1,6,0,0.0,0,0.0,,,Belgium,Belgium,right,178,72,no,,,,,,,0.0,,,15.0,,0,,0,,,,0,,,0,,0,,,0.0,,,,,,,,,,,,,,,,,,,,,,,,,,,,,,,22.82,0.0,,,,,,,,,,,,,,,,,,0,,0,,0,0.0,0.0,,,,,,,,,,,0,0.0
M. Bouchouari,Wydad Casablanca,Anderlecht,LB,25,300000,2028-06-30,1,7,0,0.0,0,0.0,,,Belgium,"Belgium, Morocco",both,170,61,no,,,,,,,0.0,,,0.0,,0,,0,,,,0,,,0,,0,,,0.0,,,,,,,,,,,,,,,,,,,,,,,,,,,,,,,19.59,0.0,,,,,,,,,,,,,,,,,,0,,0,,0,0.0,0.0,,,,,,,,,,,0,0.0
P. Patron,Concarneau,Charleroi,GK,28,300000,2028-06-30,4,394,0,0.0,0,0.0,1.37,66.67,France,France,right,191,85,no,2.51,0.23,0.0,0.46,100.0,0.46,0.52,0.0,2.06,2.35,0.0,0,0.0,0,0.0,0.0,0.0,0,0.0,0.0,0,0.0,0,0.0,0.0,0.0,0.0,0.0,0.0,0.0,0.0,0.0,0.0,0.0,0.0,0.0,0.0,0.0,0.0,0.0,0.0,10.51,0.23,0.46,17.59,87.01,8.91,76.92,0.0,0.0,8.22,97.22,11.19,100.0,6.4,64.29,30.77,46.06,0.0,0.0,0.0,0.0,0.0,0.0,0.0,1.14,100.0,0.0,0.0,0.0,0.0,0.0,0.0,5.48,75.0,9,2.06,21,4.8,1,57.14,7.03,1.61,-1.97,-0.45,0.0,1.6,0.46,,,,0.0,0,0.0
J. Davidson,Melbourne Victory,Eupen,"LCB, LB, LWB",35,300000,2027-06-30,29,2643,1,0.62,0,1.82,15.77,54.21,Australia,"Australia, Greece",left,182,72,no,11.24,6.4,66.49,3.27,60.42,0.34,0.39,0.44,6.64,7.67,0.72,4,0.14,0,0.0,2.18,0.03,1,0.03,0.02,0,0.0,8,0.27,37.5,12.5,0.0,2.79,34.15,2.79,34.15,0.0,0.0,0.31,1.8,60.38,4.19,42.28,0.37,1.67,0.31,32.01,1.67,0.58,46.52,73.72,23.16,65.29,4.73,92.09,13.52,80.35,35.21,83.95,8.55,44.22,20.35,34.82,0.06,0.48,0.03,0.03,0.1,33.33,0.24,6.74,63.13,3.23,38.95,0.68,20.0,0.48,0.99,11.61,67.45,0,,0,,0,0.0,0.0,0.0,,,0.61,,,0.1,0.03,0.0,0.0,0,0.0
N. Bitumazala,Eupen,Eupen,"AMF, LCMF",23,300000,,8,202,0,0.11,0,0.02,22.28,44.0,France,"France, Congo DR",right,178,68,no,3.12,3.56,75.0,6.24,21.43,0.0,0.0,0.0,0.45,0.68,0.89,1,0.45,1,0.45,2.67,0.0,0,0.0,0.05,0,0.0,3,1.34,0.0,0.0,0.0,1.78,50.0,0.89,50.0,0.89,50.0,0.0,3.12,57.14,7.57,52.94,2.23,1.78,0.45,16.93,0.89,0.45,24.5,81.82,4.9,72.73,4.46,100.0,11.14,84.0,22.28,86.0,0.89,50.0,14.86,11.0,0.01,0.89,0.0,0.0,0.0,0.0,0.0,4.01,66.67,1.34,33.33,0.0,0.0,0.0,0.45,2.23,60.0,0,,0,,0,0.0,0.0,0.0,,,0.0,,,0.0,0.0,0.0,0.0,0,0.0
T. Raemaekers,Ferencváros,Mechelen,"LCB, RB, RDMF",25,300000,2028-06-30,6,149,0,0.0,0,0.17,19.33,65.63,Belgium,Belgium,right,194,85,no,12.68,6.64,90.91,6.64,36.36,0.0,0.0,0.6,6.64,9.17,0.0,0,0.0,0,0.0,0.6,0.0,0,0.0,0.0,0,0.0,0,0.0,0.0,0.0,0.0,1.21,50.0,0.0,0.0,1.21,50.0,0.0,0.6,0.0,1.81,33.33,0.6,0.6,0.0,31.41,0.6,0.6,47.72,89.87,18.12,80.0,6.64,100.0,17.52,93.1,42.89,94.37,3.62,50.0,19.2,29.9,0.1,0.6,0.0,0.0,0.0,0.0,0.6,7.25,91.67,1.21,0.0,0.6,0.0,0.0,0.6,9.66,75.0,0,,0,,0,0.0,0.0,0.0,,,3.62,,,0.0,0.0,0.0,0.0,0,0.0
R. Alebiosu,Blackburn Rovers,Kortrijk,"RB, RWB",24,300000,2028-06-30,12,466,0,0.15,0,1.2,17.38,53.33,England,"England, Nigeria",right,188,78,no,5.41,4.44,56.52,2.51,30.77,0.39,0.52,0.0,2.51,3.36,0.97,1,0.19,0,0.0,6.37,0.0,0,0.0,0.03,0,0.0,3,0.58,0.0,0.0,0.0,5.41,25.0,0.0,0.0,5.41,25.0,0.77,6.95,69.44,8.69,64.44,0.58,3.67,1.93,19.89,1.93,0.58,28.2,69.86,9.08,63.83,6.18,96.88,6.76,51.43,21.05,84.4,2.12,27.27,17.65,24.55,0.23,0.77,0.0,0.0,0.19,100.0,0.58,2.12,72.73,4.25,40.91,0.19,100.0,0.58,1.16,5.6,68.97,0,,0,,0,0.0,0.0,0.0,,,0.19,,,0.0,0.0,0.0,0.0,0,0.0
H. Lindner,Zürich,Union Saint-Gilloise,GK,35,300000,2028-06-30,1,105,0,0.0,0,0.0,0.86,100.0,Austria,Austria,right,188,82,no,1.71,0.0,0.0,0.0,0.0,0.0,0.0,0.0,1.71,2.31,0.0,0,0.0,0,0.0,0.86,0.0,0,0.0,0.0,0,0.0,0,0.0,0.0,0.0,0.0,0.0,0.0,0.0,0.0,0.0,0.0,0.0,0.86,100.0,0.86,100.0,0.0,0.0,0.0,16.29,0.0,0.0,18.0,85.71,12.0,78.57,0.0,0.0,6.0,100.0,12.0,92.86,6.0,71.43,26.5,36.92,0.0,0.0,0.0,0.0,0.0,0.0,0.0,0.0,0.0,0.0,0.0,0.0,0.0,0.0,0.0,4.29,60.0,1,0.86,2,1.71,0,50.0,1.09,0.93,0.09,0.077,0.0,0.0,0.0,,,,0.0,0,0.0
R. Holzhauser,,OH Leuven,"LCMF, AMF, RCMF",33,300000,,2,85,0,0.19,0,0.09,6.35,33.33,Austria,Austria,left,193,84,no,3.18,2.12,50.0,0.0,0.0,0.0,0.0,0.0,2.12,4.62,1.06,0,0.0,0,0.0,1.06,0.0,0,0.0,0.2,0,0.0,3,3.18,0.0,0.0,0.0,1.06,0.0,1.06,0.0,0.0,0.0,0.0,0.0,0.0,1.06,0.0,3.18,0.0,0.0,32.82,1.06,0.0,42.35,82.5,12.71,66.67,13.76,92.31,6.35,83.33,38.12,88.89,3.18,33.33,17.39,48.67,0.09,2.12,0.0,0.0,1.06,100.0,0.0,5.29,20.0,2.12,50.0,1.06,0.0,2.12,0.0,3.18,100.0,0,,0,,0,0.0,0.0,0.0,,,0.0,,,3.18,1.06,0.0,5.29,0,0.0
L. Van Eenoo,Beerschot VA,Westerlo,"LCMF, RCMF",35,300000,2027-06-30,11,446,0,0.24,0,0.48,22.0,49.54,Belgium,Belgium,left,175,67,no,11.7,9.89,67.35,3.03,46.67,0.61,0.67,0.2,4.44,4.89,1.41,1,0.2,0,0.0,1.21,0.0,0,0.0,0.05,0,0.0,3,0.61,33.33,0.0,0.0,2.02,20.0,1.41,28.57,0.61,0.0,0.4,1.61,37.5,4.84,25.0,2.02,0.4,0.2,23.21,0.2,0.81,36.73,76.92,14.93,66.22,4.44,86.36,10.9,83.33,31.68,84.08,3.03,40.0,15.55,19.65,0.1,0.81,0.0,0.2,0.0,0.0,0.61,5.45,51.85,1.41,42.86,0.0,0.0,0.81,0.4,5.85,62.07,0,,0,,0,0.0,0.0,0.0,,,0.4,,,0.4,0.2,100.0,1.41,0,0.0
L. Henkinet,,Standard Liège,GK,33,300000,,1,97,0,0.0,0,0.0,0.93,100.0,Belgium,Belgium,right,188,88,no,5.57,0.93,100.0,0.0,0.0,0.0,0.0,0.0,4.64,5.36,0.93,0,0.0,0,0.0,0.0,0.0,0,0.0,0.0,0,0.0,0,0.0,0.0,0.0,0.0,0.0,0.0,0.0,0.0,0.0,0.0,0.0,0.0,0.0,0.0,0.0,0.0,0.0,0.0,19.48,0.0,0.0,23.2,88.0,8.35,66.67,0.0,0.0,14.85,100.0,18.56,100.0,4.64,40.0,28.55,48.4,0.0,0.0,0.0,0.0,0.0,0.0,0.0,0.93,0.0,0.0,0.0,0.0,0.0,0.0,0.0,3.71,50.0,6,5.57,9,8.35,0,33.33,4.23,3.92,-1.77,-1.642,0.0,0.0,0.0,,,,0.0,0,0.0
P. Perdichizzi,Lierse Kempenzonen,Westerlo,LCB,33,300000,2027-06-30,6,588,0,0.24,0,0.0,15.77,74.76,Belgium,"Belgium, Italy",left,182,74,no,10.71,6.12,80.0,4.44,75.86,0.31,0.38,0.92,5.51,6.75,0.92,1,0.15,0,0.0,0.61,0.0,0,0.0,0.04,0,0.0,1,0.15,100.0,0.0,0.0,0.31,50.0,0.31,50.0,0.0,0.0,0.0,0.77,40.0,2.14,64.29,0.15,0.31,0.15,29.39,0.46,0.92,42.55,86.69,15.61,77.45,2.14,92.86,21.89,93.01,34.9,90.35,7.35,70.83,22.85,37.28,0.0,0.0,0.0,0.15,0.0,0.0,0.0,4.74,70.97,0.77,40.0,0.0,0.0,0.15,0.15,7.81,64.71,0,,0,,0,0.0,0.0,0.0,,,1.53,,,0.0,0.0,0.0,0.0,0,0.0
D. Odoi,,Club Brugge,"RB, RDMF",38,300000,,24,1191,2,1.19,0,0.11,17.46,48.92,Belgium,"Belgium, Ghana",right,178,75,no,9.37,6.95,56.52,3.25,41.86,0.3,0.46,0.38,5.14,7.76,1.36,6,0.45,0,0.0,1.28,0.15,2,0.15,0.09,1,0.08,11,0.83,27.27,18.182,0.0,1.44,21.05,0.08,0.0,1.36,22.22,0.15,1.36,55.56,4.91,49.23,1.28,1.36,0.98,29.17,1.66,1.51,40.73,81.63,14.58,64.77,6.57,98.85,14.06,89.78,34.84,88.94,4.46,44.07,19.06,27.93,0.01,0.15,0.0,0.0,0.3,0.0,0.0,6.27,61.45,1.28,23.53,0.53,28.57,0.08,0.23,7.48,65.66,0,,0,,0,0.0,0.0,0.0,,,0.83,,,0.0,0.0,0.0,0.0,0,0.0
A. Finnbogason,,Eupen,CF,37,250000,,27,1261,1,3.12,2,1.54,13.35,36.36,Iceland,Iceland,right,184,80,no,3.5,3.0,50.0,3.21,26.67,0.29,0.36,0.0,1.71,2.16,1.43,3,0.21,0,0.0,1.07,0.07,1,0.07,0.22,0,0.0,24,1.71,37.5,4.167,0.14,0.36,20.0,0.07,0.0,0.29,25.0,0.14,0.64,55.56,3.14,31.82,2.64,0.93,0.29,15.34,2.93,0.71,21.34,69.23,5.35,48.0,4.43,80.65,5.92,68.67,19.48,71.43,1.5,52.38,13.6,14.79,0.11,0.79,0.0,0.0,0.07,0.0,0.57,1.86,46.15,1.21,29.41,0.21,0.0,0.79,0.07,2.57,36.11,0,,0,,0,0.0,0.0,0.0,,,0.0,,,0.0,0.0,0.0,0.0,0,0.0
A. Nurudeen,Eupen,Eupen,GK,27,250000,,3,294,0,0.0,0,0.0,1.22,50.0,Ghana,"Ghana, Belgium",right,189,77,no,1.53,0.31,0.0,0.61,50.0,0.0,0.0,0.0,1.53,1.53,0.31,2,0.61,0,0.0,0.0,0.0,0,0.0,0.0,0,0.0,0,0.0,0.0,0.0,0.0,0.0,0.0,0.0,0.0,0.0,0.0,0.0,0.0,0.0,0.31,100.0,0.0,0.0,0.0,14.69,0.31,0.31,23.27,86.84,7.65,68.0,0.0,0.0,15.31,96.0,18.06,98.31,5.2,47.06,32.69,50.44,0.0,0.0,0.0,0.0,0.0,0.0,0.0,0.92,33.33,0.31,0.0,0.0,0.0,0.0,0.0,3.06,50.0,3,0.92,15,4.59,1,80.0,4.1,1.26,1.1,0.337,0.0,0.92,0.61,,,,0.0,0,0.0
Del Piage,Avaí,RWD Molenbeek,"LCMF, LDMF, RCMF",26,250000,2026-11-30,6,188,1,0.48,0,0.0,19.63,48.78,Brazil,"Brazil, Italy",right,181,71,no,9.57,10.05,57.14,4.31,44.44,0.0,0.0,0.0,3.83,5.11,3.35,0,0.0,0,0.0,0.96,0.48,1,0.48,0.23,0,0.0,4,1.91,25.0,25.0,0.0,0.0,0.0,0.0,0.0,0.0,0.0,0.0,0.48,0.0,2.39,20.0,0.48,0.0,0.0,22.98,0.0,0.0,40.69,81.18,13.4,67.86,5.74,100.0,13.88,89.66,35.9,82.67,4.79,70.0,21.64,36.71,0.0,0.0,0.0,0.0,1.44,33.33,0.0,7.18,60.0,1.91,25.0,1.91,25.0,0.0,0.0,7.18,60.0,0,,0,,0,0.0,0.0,0.0,,,0.0,,,0.0,0.0,0.0,0.0,0,0.0
J. Dom,,OH Leuven,"LCMF, RCMF, RWB",36,250000,,28,1826,0,1.93,0,0.72,13.6,48.91,Belgium,Belgium,right,177,71,no,10.2,7.1,51.39,2.71,54.55,0.79,0.89,0.35,5.77,6.51,1.23,2,0.1,0,0.0,1.08,0.0,0,0.0,0.09,0,0.0,24,1.18,25.0,0.0,0.0,1.13,39.13,0.25,40.0,0.89,38.89,0.05,0.79,43.75,2.12,37.21,1.48,0.25,0.25,15.43,0.79,0.64,28.0,70.6,12.72,54.26,3.35,95.59,8.13,84.24,22.13,78.84,4.78,39.18,18.87,26.94,0.04,0.15,0.0,0.05,0.05,0.0,0.0,4.78,43.3,1.23,48.0,0.35,14.29,0.25,0.49,5.18,55.24,0,,0,,0,0.0,0.0,0.0,,,0.49,,,0.0,0.0,0.0,0.1,0,0.0
I. Hautekiet,Standard Liège,Standard Liège,"LB, CB, LCB",24,250000,2029-06-30,3,177,0,0.0,0,0.3,11.19,40.91,Belgium,Belgium,right,188,83,no,4.58,3.05,50.0,2.03,25.0,0.0,0.0,0.0,3.05,3.33,0.0,0,0.0,0,0.0,1.53,0.0,0,0.0,0.0,0,0.0,0,0.0,0.0,0.0,0.0,1.02,50.0,1.02,50.0,0.0,0.0,0.0,1.53,66.67,4.07,37.5,1.53,0.51,0.51,16.27,0.0,0.0,27.97,81.82,8.64,58.82,3.56,100.0,10.17,100.0,22.88,93.33,4.07,25.0,24.24,24.96,0.15,0.51,0.0,0.0,0.0,0.0,0.51,3.05,50.0,0.51,100.0,0.0,0.0,1.53,0.51,4.58,44.44,0,,0,,0,0.0,0.0,0.0,,,1.53,,,0.0,0.0,0.0,0.0,0,0.0
J. Barnes,,Sint-Truiden,"CF, RW",24,250000,,31,739,1,3.23,1,0.02,22.29,32.79,Germany,"Germany, Ghana",right,187,70,no,3.9,4.02,48.48,5.36,25.0,0.0,0.0,0.0,1.95,3.0,2.19,3,0.37,0,0.0,2.31,0.12,1,0.12,0.39,0,0.0,18,2.19,22.22,5.556,0.12,0.61,40.0,0.0,0.0,0.61,40.0,0.12,3.41,46.43,9.38,33.77,3.17,0.37,0.24,11.2,1.71,1.22,17.17,74.47,3.65,50.0,6.33,86.54,2.56,71.43,15.71,79.07,0.85,14.29,13.04,9.23,0.0,0.24,0.0,0.0,0.0,0.0,0.12,1.22,40.0,0.61,40.0,0.0,0.0,0.37,0.24,2.19,50.0,0,,0,,0,0.0,0.0,0.0,,,0.0,,,0.0,0.0,0.0,0.0,0,0.0
D. Marcq,,Charleroi,CB,37,200000,,18,1566,0,0.77,0,0.39,18.1,53.65,France,France,right,183,72,no,12.47,8.56,61.74,3.91,48.53,0.57,0.69,0.98,6.61,7.95,1.26,4,0.23,1,0.06,1.15,0.0,0,0.0,0.04,0,0.0,6,0.34,33.33,0.0,0.0,0.17,66.67,0.11,50.0,0.06,100.0,0.06,1.38,66.67,2.99,42.31,0.63,0.34,0.0,23.05,0.23,0.52,38.05,86.1,17.24,77.0,3.05,86.79,14.31,96.79,31.21,91.71,6.67,60.34,20.92,37.11,0.02,0.23,0.06,0.0,0.0,0.0,0.11,5.23,62.64,0.75,38.46,0.34,33.33,0.17,0.11,6.67,74.14,0,,0,,0,0.0,0.0,0.0,,,1.9,,,0.0,0.0,0.0,0.0,0,0.0
A. Trebel,,Charleroi,"DMF, LDMF, RCMF",35,200000,,5,134,0,0.0,0,0.1,12.76,42.11,Madagascar,Madagascar,left,174,72,no,3.36,5.37,50.0,0.67,100.0,0.0,0.0,0.0,0.67,1.07,1.34,0,0.0,0,0.0,0.0,0.0,0,0.0,0.0,0,0.0,0,0.0,0.0,0.0,0.0,1.34,0.0,0.0,0.0,1.34,0.0,0.0,0.0,0.0,6.04,22.22,0.0,0.67,0.0,33.58,0.67,1.34,45.0,77.61,10.07,66.67,6.04,77.78,18.81,92.86,37.61,82.14,6.04,66.67,21.27,26.81,0.07,0.67,0.0,0.0,0.0,0.0,0.0,6.04,55.56,2.69,25.0,0.0,0.0,0.67,0.0,4.7,57.14,0,,0,,0,0.0,0.0,0.0,,,0.67,,,0.67,0.0,0.0,1.34,0,0.0
T. Gécé,,RWD Molenbeek,"LCMF, RCMF, DMF",25,200000,,7,165,0,0.0,0,0.0,17.45,56.25,Belgium,Belgium,right,192,74,no,15.27,12.55,60.87,1.64,66.67,0.0,0.0,0.0,7.64,9.13,0.55,0,0.0,0,0.0,0.55,0.0,0,0.0,0.0,0,0.0,0,0.0,0.0,0.0,0.0,0.0,0.0,0.0,0.0,0.0,0.0,0.0,0.55,100.0,1.64,66.67,0.0,0.0,0.0,18.55,0.0,1.09,24.0,79.55,10.36,68.42,0.55,100.0,9.27,94.12,21.82,80.0,2.18,75.0,17.82,20.05,0.0,0.0,0.0,0.0,0.0,0.0,0.0,1.64,66.67,0.0,0.0,0.55,0.0,0.0,0.0,4.91,66.67,0,,0,,0,0.0,0.0,0.0,,,0.55,,,0.0,0.0,0.0,0.0,0,0.0
J. Heris,Holstebro,RWD Molenbeek,RCB,35,200000,,11,962,0,0.19,2,0.58,16.09,53.49,Belgium,Belgium,right,188,83,no,11.88,7.48,57.5,2.99,56.25,0.47,0.53,0.65,7.11,8.0,1.03,3,0.28,0,0.0,1.96,0.0,0,0.0,0.02,0,0.0,6,0.56,0.0,0.0,0.19,1.59,58.82,0.19,100.0,1.4,53.33,0.0,1.4,73.33,2.81,60.0,0.37,1.03,0.47,24.04,1.12,0.75,36.39,80.21,17.59,71.28,3.37,97.22,11.41,90.16,29.66,86.44,5.15,50.91,19.11,33.46,0.05,0.28,0.0,0.0,0.19,0.0,0.28,3.84,63.41,1.78,57.89,0.47,20.0,0.09,0.84,7.48,60.0,0,,0,,0,0.0,0.0,0.0,,,0.94,,,0.0,0.0,0.0,0.0,0,0.0
P. Ngawa,Liège,OH Leuven,"RB, RCB",34,200000,2027-06-30,5,99,0,0.07,0,0.0,19.09,47.62,Belgium,"Belgium, Congo DR",right,181,77,no,12.73,10.0,72.73,5.45,0.0,0.91,1.03,0.91,4.55,5.17,0.91,0,0.0,0,0.0,0.0,0.0,0,0.0,0.07,0,0.0,1,0.91,0.0,0.0,0.0,0.0,0.0,0.0,0.0,0.0,0.0,0.0,0.0,0.0,0.0,0.0,0.0,0.0,0.0,5.45,0.91,0.0,9.09,90.0,6.36,85.71,1.82,100.0,0.91,100.0,7.27,100.0,1.82,50.0,26.05,16.63,0.0,0.0,0.0,0.0,0.0,0.0,0.0,2.73,66.67,0.0,0.0,0.0,0.0,0.0,0.0,0.91,100.0,0,,0,,0,0.0,0.0,0.0,,,1.82,,,0.0,0.0,0.0,0.0,0,0.0
J. Imbrechts,,Union Saint-Gilloise,GK,24,200000,,1,27,0,0.0,0,0.0,,,Belgium,"Belgium, Sweden",right,183,74,no,,,,,,,0.0,,,0.0,,0,,0,,,,0,,,0,,0,,,0.0,,,,,,,,,,,,,,,,,,,,,,,,,,,,,,,35.69,43.19,,,,,,,,,,,,,,,,,,0,,1,,0,100.0,0.2,,0.2,,,,,,,,,0,0.0
J. Coppens,,Sint-Truiden,GK,35,200000,,4,417,0,0.0,0,0.0,1.94,66.67,Belgium,Belgium,left,190,72,no,2.59,0.65,66.67,0.65,33.33,0.22,0.34,0.0,1.94,3.07,0.0,0,0.0,0,0.0,0.0,0.0,0,0.0,0.0,0,0.0,0,0.0,0.0,0.0,0.0,0.0,0.0,0.0,0.0,0.0,0.0,0.0,0.0,0.0,0.65,100.0,0.0,0.0,0.0,27.84,0.0,0.43,33.88,89.81,14.68,83.82,0.0,0.0,16.83,93.59,26.76,97.58,7.12,60.61,23.95,42.15,0.0,0.0,0.0,0.0,0.0,0.0,0.0,0.86,50.0,0.0,0.0,0.22,0.0,0.0,0.0,4.96,52.17,8,1.73,19,4.1,0,57.89,8.28,1.79,0.28,0.06,0.0,0.86,0.65,,,,0.0,0,0.0
R. Neustädter,Westerlo,Westerlo,"RCB, LCB, CB",38,200000,,31,2724,0,0.15,0,0.17,9.28,60.5,Russia,"Russia, Germany",right,190,81,no,8.46,4.59,68.35,2.58,56.41,0.26,0.31,0.59,5.06,5.84,0.59,2,0.07,0,0.0,0.13,0.0,0,0.0,0.0,0,0.0,2,0.07,50.0,0.0,0.0,0.0,0.0,0.0,0.0,0.0,0.0,0.0,0.1,66.67,0.5,33.33,0.2,0.13,0.0,31.49,0.4,0.1,46.65,89.38,17.84,80.0,2.81,100.0,21.97,95.94,41.3,92.88,5.35,62.35,21.19,33.78,0.01,0.13,0.0,0.03,0.07,50.0,0.0,3.87,76.07,0.17,60.0,0.3,22.22,0.17,0.0,7.2,62.39,0,,0,,0,0.0,0.0,0.0,,,2.28,,,0.0,0.0,0.0,0.0,0,0.0
Y. Thoelen,Antwerp,Mechelen,GK,36,200000,2027-06-30,4,399,0,0.0,0,0.0,0.45,50.0,Belgium,Belgium,right,188,81,no,1.8,0.0,0.0,0.45,50.0,0.0,0.0,0.0,1.8,2.29,0.0,0,0.0,0,0.0,0.0,0.0,0,0.0,0.0,0,0.0,0,0.0,0.0,0.0,0.0,0.0,0.0,0.0,0.0,0.0,0.0,0.0,0.0,0.0,0.0,0.0,0.0,0.0,0.0,16.69,0.45,0.0,22.33,85.86,12.41,74.55,0.0,0.0,8.8,100.0,14.66,100.0,7.67,58.82,31.5,49.59,0.0,0.0,0.0,0.0,0.0,0.0,0.0,1.35,50.0,0.0,0.0,0.45,0.0,0.0,0.0,5.86,65.38,6,1.35,14,3.16,2,57.14,4.51,1.02,-1.49,-0.336,0.0,1.8,0.45,,,,0.0,0,0.0
L. Depoitre,,Gent,CF,37,150000,,12,550,3,2.84,1,0.5,26.67,31.29,Belgium,Belgium,right,191,91,no,2.29,1.8,72.73,8.51,51.92,0.16,0.23,0.33,0.82,1.13,0.49,0,0.0,0,0.0,1.31,0.49,3,0.49,0.46,0,0.0,10,1.64,40.0,30.0,0.16,0.49,66.67,0.33,100.0,0.16,0.0,0.0,0.98,16.67,11.29,5.8,3.6,0.82,0.16,12.44,2.45,0.49,18.98,78.45,2.95,55.56,6.87,88.1,4.91,86.67,18.0,79.09,0.49,66.67,11.2,5.77,0.08,0.98,0.0,0.0,0.33,50.0,0.49,0.98,100.0,1.47,66.67,0.16,0.0,0.82,0.33,1.96,66.67,0,,0,,0,0.0,0.0,0.0,,,0.0,,,0.0,0.0,0.0,0.0,0,0.0
G. François,,Union Saint-Gilloise,RWB,36,150000,,5,97,0,0.0,0,0.0,12.99,28.57,Belgium,Belgium,right,173,74,no,3.71,4.64,20.0,2.78,0.0,0.0,0.0,0.0,2.78,3.91,2.78,1,0.93,0,0.0,2.78,0.0,0,0.0,0.0,0,0.0,0,0.0,0.0,0.0,0.0,3.71,25.0,0.0,0.0,3.71,25.0,0.0,4.64,40.0,4.64,40.0,2.78,0.93,0.0,12.06,0.93,0.93,16.7,61.11,5.57,66.67,0.0,0.0,5.57,66.67,8.35,66.67,4.64,80.0,14.53,9.27,0.0,0.0,0.0,0.0,0.0,0.0,0.93,2.78,33.33,0.0,0.0,0.0,0.0,0.0,0.93,2.78,66.67,0,,0,,0,0.0,0.0,0.0,,,0.0,,,0.0,0.0,0.0,0.0,0,0.0
M. Delavallée,Charleroi,Charleroi,GK,22,100000,2027-06-30,2,16,0,0.0,0,0.0,,,Belgium,Belgium,right,180,77,no,,,,,,,0.0,,,0.0,,0,,0,,,,0,,,0,,0,,,0.0,,,,,,,,,,,,,,,,,,,,,,,,,,,,,,,44.72,44.72,,,,,,,,,,,,,,,,,,0,,0,,0,0.0,0.0,,0.0,,,,,,,,,0,0.0
K. Van Langendonck,Patro Eisden,Westerlo,GK,37,100000,2027-06-30,1,104,0,0.0,0,0.0,0.87,100.0,Belgium,Belgium,right,189,81,no,2.6,0.0,0.0,0.0,0.0,0.0,0.0,0.0,2.6,3.75,0.0,0,0.0,0,0.0,0.0,0.0,0,0.0,0.0,0,0.0,0,0.0,0.0,0.0,0.0,0.0,0.0,0.0,0.0,0.0,0.0,0.0,0.0,0.0,0.87,100.0,0.0,0.0,0.0,12.98,0.0,0.87,18.17,95.24,6.92,100.0,0.0,0.0,10.38,91.67,13.85,100.0,4.33,80.0,24.8,41.71,0.0,0.0,0.0,0.0,0.0,0.0,0.0,0.0,0.0,0.0,0.0,0.0,0.0,0.0,0.0,1.73,50.0,1,0.87,4,3.46,0,75.0,1.11,0.96,0.11,0.095,0.0,0.0,0.0,,,,0.0,0,0.0
C. Atemona,NK Bravo,Kortrijk,"RCB, CB",24,100000,2027-05-31,2,113,0,0.0,0,0.0,19.12,58.33,Germany,Germany,right,187,72,no,15.13,11.15,64.29,2.39,66.67,0.8,0.75,0.0,7.17,6.75,1.59,0,0.0,0,0.0,0.0,0.0,0,0.0,0.0,0,0.0,0,0.0,0.0,0.0,0.0,0.0,0.0,0.0,0.0,0.0,0.0,0.0,0.0,0.0,2.39,33.33,0.0,0.0,0.0,12.74,0.0,0.0,31.86,75.0,17.52,54.55,3.98,100.0,7.96,100.0,27.08,85.29,4.78,16.67,20.58,31.87,0.0,0.0,0.0,0.0,0.0,0.0,0.0,2.39,100.0,0.8,100.0,0.0,0.0,0.8,0.0,7.17,33.33,0,,0,,0,0.0,0.0,0.0,,,2.39,,,0.0,0.0,0.0,0.0,0,0.0
I. Asante,Panevėžys,Mechelen,"LB, RWF",23,100000,2026-12-31,3,18,0,0.0,0,0.0,,,Ghana,"Ghana, Belgium",left,178,79,no,,,,,,,0.0,,,0.0,,0,,0,,,,0,,,0,,0,,,0.0,,,,,,,,,,,,,,,,,,,,,,,,,,,,,,,5.63,0.0,,,,,,,,,,,,,,,,,,0,,0,,0,0.0,0.0,,,,,,,,,,,0,0.0
B. Haidara,Westerlo,Westerlo,"CB, LCB",18,0,,6,414,0,0.59,0,0.0,12.83,54.24,Côte d'Ivoire,Côte d'Ivoire,unknown,0,0,no,11.52,7.17,57.58,2.39,63.64,0.43,0.53,1.52,6.96,8.42,1.52,4,0.87,1,0.22,0.65,0.0,0,0.0,0.13,0,0.0,2,0.43,50.0,0.0,0.0,0.0,0.0,0.0,0.0,0.0,0.0,0.0,0.65,66.67,1.3,33.33,0.43,0.0,0.0,23.04,0.0,0.43,36.74,84.02,12.17,57.14,2.17,100.0,19.13,97.73,30.22,88.49,6.52,63.33,24.35,42.52,0.0,0.0,0.0,0.0,0.0,0.0,0.0,2.83,69.23,0.43,50.0,0.22,0.0,0.22,0.0,6.96,50.0,0,,0,,0,0.0,0.0,0.0,,,2.17,,,0.0,0.0,0.0,0.0,0,0.0
K. Dolberg,Ajax,Anderlecht,CF,28,0,2029-06-30,39,3117,15,15.08,3,3.66,17.61,36.23,Denmark,Denmark,right,187,82,no,3.55,3.32,53.04,2.86,36.36,0.0,0.0,0.03,1.79,2.38,1.1,2,0.06,0,0.0,2.28,0.43,12,0.35,0.44,2,0.06,68,1.96,54.41,22.059,0.09,0.49,41.18,0.29,40.0,0.2,42.86,0.09,2.22,42.86,8.29,31.71,3.29,0.84,0.38,11.72,2.34,1.33,14.78,76.76,2.37,59.76,4.76,88.48,2.83,80.61,13.95,78.47,0.38,61.54,13.62,12.13,0.11,0.64,0.06,0.0,0.17,33.33,0.46,0.9,61.29,0.61,52.38,0.2,28.57,0.52,0.17,0.9,48.39,0,,0,,0,0.0,0.0,0.0,,,0.0,,,0.0,0.0,0.0,0.0,3,100.0
A. Dreyer,San Diego,Anderlecht,RWF,28,0,2029-12-31,37,3286,19,13.01,8,9.25,11.04,41.19,Denmark,Denmark,left,174,69,no,3.59,2.79,62.75,0.74,22.22,0.0,0.0,0.08,1.84,2.48,0.22,2,0.05,1,0.03,3.51,0.52,16,0.44,0.36,1,0.03,93,2.55,44.09,20.43,0.22,2.16,35.44,0.36,23.08,1.81,37.88,0.25,2.6,51.58,5.7,40.38,4.44,2.16,1.1,23.01,2.08,0.63,29.36,75.65,7.75,66.43,6.6,92.12,8.19,75.59,25.94,79.73,1.31,58.33,15.61,21.34,0.25,1.64,0.14,0.05,0.68,40.0,0.6,2.19,70.0,3.78,59.42,0.63,39.13,2.47,0.79,4.16,75.66,0,,0,,0,0.0,0.0,0.0,,,0.14,,,0.68,0.03,0.0,1.53,3,100.0
J. Daland,Cardiff City,Cercle Brugge,LCB,26,0,2028-06-30,39,3712,1,2.12,0,0.75,18.33,59.39,Norway,Norway,right,191,87,no,9.77,5.48,74.78,6.89,57.04,0.07,0.1,0.36,5.6,8.0,0.61,6,0.15,0,0.0,0.95,0.02,1,0.02,0.05,0,0.0,20,0.48,35.0,5.0,0.0,0.22,66.67,0.1,50.0,0.07,100.0,0.0,0.85,71.43,2.5,40.78,1.09,0.73,0.1,12.29,0.15,0.48,31.4,78.07,17.65,69.92,2.25,93.55,8.73,91.39,24.61,81.67,6.57,64.94,21.32,35.99,0.02,0.1,0.0,0.0,0.07,33.33,0.12,6.5,68.28,0.7,58.62,0.61,56.0,0.48,0.15,9.26,71.47,0,,0,,0,0.0,0.0,0.0,,,1.65,,,0.02,0.0,0.0,0.0,0,0.0
K. Denkey,Cincinnati,Cercle Brugge,CF,25,0,2028-12-31,38,3797,26,29.72,2,3.71,36.67,31.09,Togo,"Togo, France",right,181,81,no,3.11,2.82,65.55,9.69,27.38,0.0,0.0,0.07,1.26,1.81,1.64,8,0.19,0,0.0,3.08,0.62,24,0.57,0.7,2,0.05,151,3.58,36.42,17.219,0.05,0.5,28.57,0.17,14.29,0.31,30.77,0.09,2.87,51.24,15.57,28.77,5.0,0.81,0.38,11.97,2.23,1.37,19.67,72.89,3.75,49.37,5.55,84.62,4.46,74.47,19.01,74.56,0.21,22.22,12.9,4.83,0.09,0.83,0.05,0.02,0.33,50.0,0.33,1.49,57.14,1.54,50.77,0.24,40.0,1.09,0.12,1.47,64.52,0,,0,,0,0.0,0.0,0.0,,,0.0,,,0.14,0.14,16.67,0.0,3,66.667
A. Ayindé,Gent,Gent,LB,20,0,2027-06-30,1,12,0,0.0,0,0.0,,,Burkina Faso,Burkina Faso,unknown,0,0,no,,,,,,,0.0,,,0.0,,0,,0,,,,0,,,0,,0,,,0.0,,,,,,,,,,,,,,,,,,,,,,,,,,,,,,,23.41,45.61,,,,,,,,,,,,,,,,,,0,,0,,0,0.0,0.0,,,,,,,,,,,0,0.0
A. Abdullahi,Sunderland U21,Gent,CF,22,0,2028-06-30,1,34,0,0.0,0,0.08,,,Nigeria,Nigeria,right,0,0,no,,,,,,,0.0,,,0.0,,0,,0,,,,0,,,0,,0,,,0.0,,,,,,,,,,,,,,,,,,,,,,,,,,,,,,,19.58,0.0,,,,,,,,,,,,,,,,,,0,,0,,0,0.0,0.0,,,,,,,,,,,0,0.0
G. Orban,Hoffenheim,Gent,CF,23,0,2029-06-30,17,933,3,5.23,0,0.68,17.65,38.25,Nigeria,"Nigeria, Togo",right,178,70,no,2.6,2.41,68.0,3.09,21.88,0.0,0.0,0.1,0.96,1.48,0.68,0,0.0,1,0.1,4.34,0.29,3,0.29,0.5,0,0.0,35,3.38,45.71,8.571,0.0,2.99,32.26,1.16,16.67,1.74,38.89,0.29,3.18,57.58,9.16,32.63,5.02,1.25,0.48,15.82,2.8,0.39,21.7,70.22,3.86,57.5,5.31,87.27,7.52,67.95,17.17,78.65,1.64,47.06,17.91,20.65,0.07,0.68,0.1,0.0,0.39,0.0,0.39,1.83,63.16,2.89,40.0,0.87,11.11,0.68,0.68,2.22,65.22,0,,0,,0,0.0,0.0,0.0,,,0.0,,,0.0,0.0,0.0,0.0,0,0.0
M. Fernandez-Pardo,Lille,Gent,"CF, LWF",21,0,2029-06-30,16,1059,8,5.81,2,1.0,19.46,47.6,Spain,"Spain, Belgium",right,183,72,no,3.4,3.82,55.56,2.29,22.22,0.08,0.11,0.0,1.19,1.56,0.51,1,0.08,0,0.0,5.35,0.68,8,0.68,0.49,1,0.08,26,2.21,57.69,30.769,0.17,2.04,33.33,1.36,43.75,0.68,12.5,0.08,5.18,63.93,11.05,48.46,5.18,2.97,1.53,17.34,2.46,2.55,23.37,81.45,3.48,73.17,5.69,91.04,6.8,82.5,20.31,86.61,1.1,69.23,18.54,23.33,0.09,0.85,0.08,0.08,0.08,100.0,0.42,1.44,64.71,1.87,77.27,0.0,0.0,1.78,0.68,1.95,82.61,0,,0,,0,0.0,0.0,0.0,,,0.25,,,0.0,0.0,0.0,0.0,0,0.0
J. Mokio,Ajax,Gent,"LCB, RCB",18,0,2031-06-30,4,138,0,0.09,0,0.0,15.0,65.22,Belgium,Belgium,left,182,76,no,8.48,8.48,84.62,2.61,50.0,0.0,0.0,0.0,1.3,1.54,0.0,0,0.0,0,0.0,0.65,0.0,0,0.0,0.06,0,0.0,1,0.65,100.0,0.0,0.0,0.0,0.0,0.0,0.0,0.0,0.0,0.0,0.0,0.0,1.96,33.33,1.3,3.26,0.65,50.22,0.65,0.0,63.91,88.78,20.87,78.13,3.91,100.0,28.04,95.35,61.3,91.49,2.61,25.0,20.96,34.55,0.0,0.0,0.0,0.0,0.0,0.0,0.0,8.48,92.31,0.65,0.0,0.0,0.0,0.0,0.0,8.48,46.15,0,,0,,0,0.0,0.0,0.0,,,1.96,,,0.0,0.0,0.0,0.0,0,0.0
M. Sonko,Gent,Gent,CF,21,0,2028-06-30,7,222,0,0.19,0,0.0,22.7,28.57,Sweden,"Sweden, Gambia",right,176,67,no,5.68,6.08,66.67,2.03,0.0,0.0,0.0,0.0,1.62,1.85,0.81,0,0.0,0,0.0,2.84,0.0,0,0.0,0.08,0,0.0,2,0.81,100.0,0.0,0.0,1.22,33.33,0.81,50.0,0.41,0.0,0.0,5.27,30.77,12.57,19.35,2.43,0.81,1.22,13.38,2.03,0.41,22.7,80.36,5.27,69.23,5.68,92.86,6.08,73.33,21.08,84.62,0.41,0.0,11.12,6.64,0.0,0.0,0.41,0.0,0.0,0.0,0.0,2.03,100.0,1.62,75.0,0.0,0.0,0.81,0.41,2.43,83.33,0,,0,,0,0.0,0.0,0.0,,,0.0,,,0.0,0.0,0.0,0.0,0,0.0
J. Lietaert,Lokeren-Temse,Cercle Brugge,"RB, RCB",22,0,2027-06-30,13,353,0,0.0,0,0.0,20.14,60.76,Belgium,Belgium,right,190,84,no,11.47,8.16,62.5,6.37,64.0,0.0,0.0,0.25,6.37,9.04,1.78,0,0.0,0,0.0,1.02,0.0,0,0.0,0.0,0,0.0,0,0.0,0.0,0.0,0.0,1.02,50.0,0.0,0.0,1.02,50.0,0.0,0.76,66.67,2.04,62.5,0.0,0.51,0.0,9.43,0.25,0.76,26.52,54.81,17.08,43.28,2.04,100.0,5.35,66.67,16.57,64.62,9.18,36.11,21.83,27.09,0.0,0.0,0.0,0.0,0.0,0.0,0.0,7.65,43.33,2.04,50.0,0.51,0.0,0.51,0.51,8.92,62.86,0,,0,,0,0.0,0.0,0.0,,,1.27,,,0.0,0.0,0.0,0.0,0,0.0
J. Semedo Varela,Slavia Sofia,Cercle Brugge,"LWB, LB",23,0,2027-06-30,14,566,0,0.34,0,0.35,16.86,55.66,France,"France, Cape Verde Islands",left,175,63,no,8.75,6.04,63.16,3.34,52.38,0.32,0.52,0.16,4.61,7.5,0.64,2,0.32,0,0.0,1.75,0.0,0,0.0,0.05,0,0.0,3,0.48,66.67,0.0,0.0,2.07,23.08,2.07,23.08,0.0,0.0,0.16,1.75,54.55,4.93,58.06,0.8,0.32,0.32,15.42,0.32,2.39,27.03,69.41,11.77,60.81,3.5,90.91,7.0,63.64,20.99,79.55,4.13,38.46,20.07,22.44,0.06,0.48,0.0,0.0,0.48,0.0,0.0,5.57,51.43,1.75,36.36,0.64,25.0,0.32,0.32,5.09,68.75,0,,0,,0,0.0,0.0,0.0,,,0.32,,,0.32,0.0,0.0,0.0,0,0.0
T. Degreef,Anderlecht,Anderlecht,LDMF,21,0,2028-06-30,1,7,0,0.0,0,0.0,,,Belgium,Belgium,right,177,70,no,,,,,,,0.0,,,0.0,,0,,0,,,,0,,,0,,0,,,0.0,,,,,,,,,,,,,,,,,,,,,,,,,,,,,,,11.05,22.47,,,,,,,,,,,,,,,,,,0,,0,,0,0.0,0.0,,,,,,,,,,,0,0.0
L. Monticelli,Hellas Verona U20,Anderlecht,RCMF,21,0,2028-06-30,1,3,0,0.0,0,0.0,,,Belgium,"Belgium, Italy",right,184,76,no,,,,,,,0.0,,,0.0,,0,,0,,,,0,,,0,,0,,,0.0,,,,,,,,,,,,,,,,,,,,,,,,,,,,,,,0.0,0.0,,,,,,,,,,,,,,,,,,0,,0,,0,0.0,0.0,,,,,,,,,,,0,0.0
T. De Vlieger,Gent,Gent,"AMF, LCMF, RWB",20,0,2030-06-30,3,55,0,0.04,0,0.0,29.45,44.44,Belgium,Belgium,right,182,70,no,14.73,8.18,60.0,4.91,33.33,1.64,3.75,0.0,8.18,18.75,0.0,0,0.0,0,0.0,1.64,0.0,0,0.0,0.07,0,0.0,1,1.64,0.0,0.0,0.0,1.64,0.0,0.0,0.0,1.64,0.0,1.64,4.91,33.33,13.09,37.5,1.64,1.64,0.0,22.91,0.0,1.64,37.64,73.91,11.45,71.43,4.91,100.0,13.09,62.5,32.73,85.0,3.27,0.0,17.99,12.93,0.0,0.0,0.0,0.0,0.0,0.0,0.0,6.55,50.0,1.64,0.0,0.0,0.0,0.0,1.64,6.55,25.0,0,,0,,0,0.0,0.0,0.0,,,1.64,,,0.0,0.0,0.0,0.0,0,0.0
M. Fofana,Olympique Lyonnais,Gent,"LWB, CF",21,0,2028-06-30,19,1272,2,2.1,3,3.1,21.01,50.51,Belgium,"Belgium, Guinea",left,169,60,no,5.59,4.53,62.5,0.85,16.67,0.42,0.6,0.07,2.33,3.28,0.35,1,0.07,0,0.0,8.56,0.14,2,0.14,0.15,0,0.0,26,1.84,38.46,7.692,0.21,4.88,49.28,4.74,49.25,0.14,50.0,1.06,7.64,67.59,13.3,51.6,4.74,4.6,0.99,25.05,1.56,1.98,33.96,79.38,7.71,72.48,10.12,93.01,10.26,72.41,27.88,85.53,1.42,60.0,17.31,22.65,0.22,1.77,0.0,0.0,0.5,57.14,0.92,2.19,83.87,4.25,60.0,0.28,75.0,1.42,2.33,6.01,74.12,0,,0,,0,0.0,0.0,0.0,,,0.28,,,0.0,0.0,0.0,0.0,0,0.0
Z. Debast,Sporting CP,Anderlecht,RCB,22,0,2029-06-30,37,3623,0,0.71,0,1.29,12.67,59.61,Belgium,Belgium,right,191,78,no,8.52,5.24,67.77,2.48,51.0,0.12,0.17,0.75,4.84,6.57,0.89,9,0.22,2,0.05,0.97,0.0,0,0.0,0.02,0,0.0,12,0.3,33.33,0.0,0.0,0.27,36.36,0.0,0.0,0.25,40.0,0.0,1.34,57.41,2.48,51.0,0.5,1.14,0.2,42.78,0.47,0.6,59.2,86.91,22.73,74.54,4.42,96.07,27.9,95.64,49.14,93.68,9.79,54.31,24.17,43.38,0.03,0.22,0.0,0.02,0.0,0.0,0.05,9.24,65.32,1.37,29.09,0.94,18.42,0.3,0.12,11.15,72.61,0,,0,,0,0.0,0.0,0.0,,,3.63,,,0.05,0.05,50.0,0.2,0,0.0
B. Lagae,Dunkerque,Gent,LCB,22,0,2028-06-30,2,144,0,0.02,0,0.04,12.5,40.0,Belgium,Belgium,left,177,70,no,9.38,5.63,55.56,2.5,50.0,0.0,0.0,0.63,6.25,8.57,0.0,0,0.0,0,0.0,0.0,0.0,0,0.0,0.01,0,0.0,1,0.63,0.0,0.0,0.0,0.0,0.0,0.0,0.0,0.0,0.0,0.0,0.0,0.0,1.88,33.33,0.0,3.75,0.0,44.38,3.75,0.0,60.0,90.63,24.38,82.05,1.88,100.0,24.38,97.44,56.25,93.33,3.75,50.0,17.61,40.06,0.02,0.63,0.0,0.0,0.0,0.0,0.0,8.13,84.62,0.63,0.0,0.63,100.0,0.0,0.0,11.88,68.42,0,,0,,0,0.0,0.0,0.0,,,0.63,,,0.0,0.0,0.0,0.0,0,0.0
K. Arnstad,AGF,Anderlecht,"LB, LCMF, RB",22,0,2029-06-30,14,730,0,0.17,1,1.02,18.99,40.26,Norway,Norway,right,168,60,no,8.38,6.41,51.92,3.21,30.77,0.25,0.34,0.25,4.81,6.61,1.6,2,0.25,0,0.0,1.48,0.0,0,0.0,0.02,0,0.0,7,0.86,0.0,0.0,0.12,0.74,50.0,0.62,40.0,0.12,100.0,0.0,2.34,47.37,6.16,38.0,1.36,1.36,0.49,30.95,3.45,1.11,42.66,81.79,13.56,65.45,8.51,91.3,12.08,91.84,37.73,85.29,4.19,55.88,15.92,23.93,0.13,0.74,0.0,0.0,0.12,0.0,0.25,4.07,75.76,0.99,37.5,0.37,0.0,0.37,0.37,6.41,57.69,0,,0,,0,0.0,0.0,0.0,,,0.62,,,0.49,0.12,0.0,0.37,0,0.0
C. Ravych,Cercle Brugge,Cercle Brugge,"CB, LB, RCB",23,0,2027-06-30,25,2028,0,0.5,2,1.6,18.33,62.95,Belgium,Belgium,right,192,75,no,11.23,9.01,61.58,4.17,67.02,0.09,0.13,0.4,5.59,8.01,1.07,3,0.13,0,0.0,1.15,0.0,0,0.0,0.02,0,0.0,5,0.22,20.0,0.0,0.09,0.53,83.33,0.27,66.67,0.27,100.0,0.09,0.89,75.0,2.22,58.0,0.53,0.44,0.09,9.1,0.22,1.33,23.65,73.17,12.56,62.9,2.66,95.0,5.9,84.21,17.66,77.39,5.46,58.54,20.49,29.32,0.07,0.36,0.0,0.04,0.04,0.0,0.18,5.37,64.46,1.07,50.0,0.53,33.33,0.27,0.44,7.06,76.1,0,,0,,0,0.0,0.0,0.0,,,1.82,,,0.0,0.0,0.0,0.0,0,0.0
N. De Wilde,Eendracht Aalst,Cercle Brugge,"RDMF, RCMF, LDMF",23,0,2028-06-30,22,895,0,0.29,0,0.43,13.88,47.83,Belgium,Belgium,right,182,67,no,9.25,8.25,54.88,1.21,33.33,0.1,0.15,0.0,4.63,6.83,0.91,2,0.2,0,0.0,1.01,0.0,0,0.0,0.03,0,0.0,7,0.7,42.86,0.0,0.0,0.5,40.0,0.3,0.0,0.2,100.0,0.1,1.21,41.67,2.61,34.62,0.1,0.2,0.3,13.47,0.1,0.3,28.76,72.73,14.58,66.9,2.92,89.66,6.64,81.82,24.34,73.55,3.92,71.79,16.05,15.11,0.04,0.4,0.1,0.0,0.0,0.0,0.0,7.04,72.86,1.71,47.06,0.2,50.0,0.7,0.0,7.14,77.46,0,,0,,0,0.0,0.0,0.0,,,0.3,,,1.31,0.0,0.0,0.3,0,0.0
D. Yokota,Hannover 96,Gent,"RAMF, AMF, CF",26,0,2029-06-30,6,374,0,0.49,0,1.24,20.94,37.93,Japan,Japan,left,171,66,no,5.78,5.29,54.55,2.17,22.22,0.0,0.0,0.0,2.89,4.09,0.48,1,0.24,0,0.0,2.89,0.0,0,0.0,0.12,0,0.0,7,1.68,0.0,0.0,0.0,2.65,54.55,0.96,50.0,1.68,57.14,0.72,3.85,37.5,10.35,34.88,3.61,2.65,0.96,22.14,2.17,1.68,30.56,81.1,5.29,77.27,11.55,95.83,7.46,61.29,26.95,86.61,0.96,0.0,15.15,16.2,0.3,1.93,0.0,0.0,0.0,0.0,0.72,1.44,83.33,3.61,46.67,0.0,0.0,1.44,1.68,4.81,85.0,0,,0,,0,0.0,0.0,0.0,,,0.0,,,0.0,0.0,0.0,0.24,0,0.0
A. Brown,Fenerbahçe,Gent,"LWB, LB",24,0,2028-06-30,31,2595,0,1.55,4,3.02,25.49,49.66,England,"England, Jamaica",left,190,86,no,7.91,6.87,56.57,3.88,47.32,0.24,0.32,0.28,3.78,4.95,1.39,3,0.1,1,0.03,5.65,0.0,0,0.0,0.05,0,0.0,14,0.49,21.43,0.0,0.14,4.51,31.54,4.51,31.54,0.0,0.0,0.38,6.97,57.21,11.55,50.15,2.05,3.78,1.49,27.5,2.53,1.42,37.25,74.95,10.82,68.91,7.63,91.36,11.03,70.13,30.55,82.97,2.46,50.7,17.85,30.73,0.1,0.66,0.1,0.1,0.14,100.0,0.55,3.33,67.71,3.71,42.06,0.17,20.0,0.59,1.39,6.87,72.22,0,,0,,0,0.0,0.0,0.0,,,0.38,,,0.0,0.0,0.0,0.17,0,0.0
S. Andreou,Widzew Łódź,Charleroi,"LCB, CB",23,0,2029-06-30,33,3272,1,0.94,2,0.05,13.23,62.58,Cyprus,"Cyprus, Belgium",right,187,78,no,10.59,7.12,71.04,2.61,54.74,0.22,0.27,0.58,5.31,6.59,0.72,6,0.17,0,0.0,0.28,0.03,1,0.03,0.03,1,0.03,4,0.11,25.0,25.0,0.06,0.11,0.0,0.11,0.0,0.0,0.0,0.0,0.36,69.23,1.29,40.43,0.25,0.5,0.11,23.96,0.5,0.25,35.04,84.77,15.54,74.69,2.23,90.12,13.95,94.28,29.93,90.63,5.01,51.65,20.44,35.46,0.0,0.03,0.0,0.0,0.0,0.0,0.03,3.8,67.39,0.33,33.33,0.19,14.29,0.0,0.0,6.11,58.11,0,,0,,0,0.0,0.0,0.0,,,1.46,,,0.0,0.0,0.0,0.0,0,0.0
J. Paintsil,Los Angeles Galaxy,Genk,"RAMF, LAMF",28,0,2027-12-31,23,1944,6,6.64,3,6.38,16.85,36.81,Ghana,Ghana,right,169,70,no,3.47,4.03,55.17,1.3,28.57,0.0,0.0,0.0,1.25,1.86,0.93,6,0.28,1,0.05,5.14,0.28,6,0.28,0.31,0,0.0,46,2.13,56.52,13.043,0.14,4.77,36.89,0.6,30.77,4.07,37.5,0.93,4.26,45.65,9.68,31.1,4.49,2.73,0.74,22.08,2.45,1.11,30.0,77.01,5.83,71.43,7.55,96.32,9.31,69.15,24.12,86.37,1.3,42.86,17.25,19.77,0.3,1.39,0.05,0.05,0.51,45.45,1.06,1.81,69.23,4.77,52.43,0.65,28.57,1.53,1.9,5.0,83.33,0,,0,,0,0.0,0.0,0.0,,,0.19,,,0.14,0.14,33.33,0.88,0,0.0
A. Dari,Al Ahly,Charleroi,"RCB, CB, LCB",27,0,2028-06-30,9,688,3,1.22,0,0.0,19.49,65.77,Morocco,Morocco,right,188,82,no,8.76,4.97,68.42,8.63,69.7,0.13,0.19,0.52,5.23,7.64,1.31,0,0.0,0,0.0,0.78,0.39,3,0.39,0.16,1,0.13,7,0.92,42.86,42.857,0.0,0.52,75.0,0.0,0.0,0.52,75.0,0.0,0.39,0.0,3.53,48.15,0.65,0.52,0.0,26.69,0.52,2.22,41.47,83.91,17.66,68.89,2.22,100.0,17.79,94.12,31.92,91.8,9.03,56.52,20.78,34.57,0.0,0.13,0.0,0.0,0.13,0.0,0.0,6.8,57.69,1.18,44.44,0.26,0.0,0.13,0.52,7.85,63.33,0,,0,,0,0.0,0.0,0.0,,,2.09,,,0.13,0.0,0.0,0.0,0,0.0
A. Ouattara,Cercle Brugge,Cercle Brugge,"CF, RWF, RAMF",21,0,2028-06-30,7,111,0,0.32,0,0.0,21.08,38.46,Burkina Faso,Burkina Faso,right,181,69,no,5.68,4.05,40.0,5.68,28.57,0.0,0.0,0.0,4.05,7.14,2.43,0,0.0,0,0.0,3.24,0.0,0,0.0,0.26,0,0.0,2,1.62,50.0,0.0,0.0,2.43,0.0,0.0,0.0,2.43,0.0,0.81,4.86,50.0,10.54,38.46,4.05,2.43,0.81,12.97,0.81,0.81,22.7,60.71,4.86,66.67,4.05,60.0,6.49,75.0,18.65,69.57,1.62,50.0,17.84,7.27,0.0,0.0,0.0,0.0,0.0,0.0,0.0,0.81,0.0,0.81,0.0,0.0,0.0,0.0,0.81,4.05,40.0,0,,0,,0,0.0,0.0,0.0,,,0.0,,,0.0,0.0,0.0,0.0,0,0.0
C. Bonsu Baah,Al Qadisiyah,Genk,"RAMF, LAMF, RW",21,0,2029-06-30,34,1559,1,3.05,0,2.37,30.08,47.41,Ghana,Ghana,left,172,73,no,6.7,8.2,53.52,2.66,36.96,0.06,0.1,0.0,2.25,3.73,2.25,5,0.29,3,0.17,7.68,0.06,1,0.06,0.18,0,0.0,37,2.14,35.14,2.703,0.0,2.6,31.11,0.4,28.57,2.19,31.58,0.46,9.64,62.28,17.09,47.97,4.1,3.46,0.52,20.96,2.14,2.6,31.06,73.05,6.29,59.63,7.5,86.92,9.87,75.44,27.19,77.71,1.33,56.52,16.41,18.53,0.14,1.44,0.12,0.0,0.29,40.0,0.64,1.33,73.91,3.41,47.46,0.46,25.0,1.39,0.75,4.85,70.24,0,,0,,0,0.0,0.0,0.0,,,0.12,,,0.06,0.06,0.0,0.0,0,0.0
B. Yameogo,Club Brugge II,Club Brugge,RCB,21,0,,1,8,0,0.0,0,0.0,,,Côte d'Ivoire,Côte d'Ivoire,right,184,0,no,,,,,,,0.0,,,0.0,,0,,0,,,,0,,,0,,0,,,0.0,,,,,,,,,,,,,,,,,,,,,,,,,,,,,,,19.23,0.0,,,,,,,,,,,,,,,,,,0,,0,,0,0.0,0.0,,,,,,,,,,,0,0.0
M. Efekele,St. Gallen,Cercle Brugge,"AMF, RAMF, RCMF",21,0,2027-06-30,10,367,1,0.78,0,0.14,18.88,53.25,France,"France, Congo DR",right,188,72,no,6.13,4.9,95.0,3.68,33.33,0.0,0.0,0.0,1.47,2.14,0.74,2,0.49,0,0.0,2.45,0.25,1,0.25,0.19,0,0.0,3,0.74,66.67,33.333,0.0,1.72,28.57,0.74,66.67,0.98,0.0,0.25,1.96,62.5,6.62,44.44,2.94,0.25,0.0,7.11,0.98,1.23,12.51,60.78,2.94,33.33,3.43,85.71,2.45,70.0,9.81,70.0,0.98,25.0,15.18,9.88,0.03,0.49,0.0,0.0,0.25,100.0,0.25,0.49,0.0,1.72,42.86,0.25,100.0,0.49,0.49,1.72,42.86,0,,0,,0,0.0,0.0,0.0,,,0.0,,,0.0,0.0,0.0,0.0,0,0.0
R. Monticelli,Francs Borains,Charleroi,LB,20,0,2028-06-30,4,137,0,0.46,0,0.0,16.42,44.0,Belgium,Belgium,left,0,0,no,4.6,5.91,44.44,1.31,50.0,0.0,0.0,0.0,1.97,3.75,1.31,1,0.66,0,0.0,1.31,0.0,0,0.0,0.3,0,0.0,1,0.66,0.0,0.0,0.0,1.31,0.0,1.31,0.0,0.0,0.0,0.0,1.97,66.67,4.6,42.86,2.63,1.97,0.0,36.79,3.94,1.31,44.67,77.94,19.71,73.33,9.2,100.0,8.54,61.54,39.42,86.67,3.94,16.67,14.48,24.34,0.0,0.0,0.0,0.0,0.0,0.0,0.0,3.94,50.0,3.28,40.0,1.31,0.0,0.66,0.0,7.23,54.55,0,,0,,0,0.0,0.0,0.0,,,1.31,,,0.0,0.0,0.0,0.0,0,0.0
R. Etonde,,Cercle Brugge,"LAMF, AMF",21,0,,2,19,0,0.0,0,0.0,,,France,"France, Cameroon",right,0,0,no,,,,,,,0.0,,,15.0,,0,,0,,,,0,,,0,,0,,,0.0,,,,,,,,,,,,,,,,,,,,,,,,,,,,,,,7.57,0.0,,,,,,,,,,,,,,,,,,0,,0,,0,0.0,0.0,,,,,,,,,,,0,0.0
M. Galarza,Talleres Córdoba,Genk,"RCMF, LDMF, RDMF",24,0,2028-12-31,33,2581,1,2.76,0,2.71,21.2,53.78,Argentina,Argentina,right,180,75,no,9.28,5.75,64.85,3.56,44.12,0.31,0.46,0.21,5.23,7.59,1.39,6,0.21,0,0.0,1.99,0.03,1,0.03,0.1,1,0.03,28,0.98,25.0,3.571,0.0,0.73,33.33,0.14,0.0,0.56,43.75,0.0,2.41,53.62,8.86,50.39,0.94,0.87,0.17,28.7,0.24,2.3,45.54,83.84,15.66,71.05,6.35,96.15,17.02,89.96,40.48,88.03,4.43,52.76,18.99,30.97,0.09,0.73,0.0,0.0,0.42,50.0,0.31,7.6,72.02,2.2,52.38,0.84,41.67,1.19,0.24,6.76,70.1,0,,0,,0,0.0,0.0,0.0,,,0.52,,,0.0,0.0,0.0,0.0,0,0.0
A. Nusa,RB Leipzig,Club Brugge,"LAMF, LW, LWF",21,0,2029-06-30,30,1673,3,4.91,2,3.3,28.14,45.89,Norway,"Norway, Nigeria",right,180,73,no,5.22,4.57,54.12,1.83,23.53,0.16,0.25,0.0,2.58,3.95,0.54,0,0.0,0,0.0,8.55,0.16,3,0.16,0.26,0,0.0,49,2.64,40.82,6.122,0.11,3.28,29.51,3.12,29.31,0.16,33.33,0.75,11.35,55.45,19.21,46.22,4.63,4.3,1.72,18.34,1.02,1.72,27.17,75.84,5.65,71.43,6.51,95.04,8.66,69.57,22.38,83.65,1.61,60.0,17.0,22.68,0.18,1.4,0.11,0.0,0.38,57.14,0.7,2.1,76.92,3.77,48.57,0.32,16.67,1.94,0.97,4.63,72.09,0,,0,,0,0.0,0.0,0.0,,,0.16,,,0.05,0.0,0.0,0.54,0,0.0
E. Camara,Panathinaikos,Charleroi,"LDMF, RDMF, LCMF",23,0,2030-06-30,12,980,0,0.29,0,0.11,23.14,50.0,France,"France, Guinea",left,190,79,no,9.46,7.07,63.64,4.96,55.56,0.73,1.07,0.0,4.22,6.16,1.65,3,0.28,1,0.09,1.1,0.0,0,0.0,0.03,0,0.0,7,0.64,28.57,0.0,0.0,0.55,0.0,0.28,0.0,0.28,0.0,0.0,1.29,71.43,6.61,40.28,0.83,1.1,0.09,32.14,0.09,0.73,50.97,88.29,11.66,77.95,11.3,95.93,19.84,89.81,47.02,91.99,3.4,51.35,17.54,33.48,0.01,0.18,0.09,0.0,0.0,0.0,0.0,4.78,71.15,1.1,8.33,0.18,50.0,0.18,0.0,4.32,63.83,0,,0,,0,0.0,0.0,0.0,,,1.19,,,0.0,0.0,0.0,0.0,0,0.0
M. Boukamir,La Louvière Centre,Charleroi,"RCB, LCB",22,0,2028-06-30,11,584,0,0.37,0,0.0,14.64,60.0,Belgium,"Belgium, Morocco",right,188,78,yes,10.94,7.4,68.75,4.16,55.56,0.15,0.2,0.31,5.7,7.55,0.77,1,0.15,0,0.0,0.62,0.0,0,0.0,0.06,0,0.0,3,0.46,66.67,0.0,0.0,0.31,0.0,0.15,0.0,0.15,0.0,0.0,0.31,100.0,1.85,50.0,0.46,0.46,0.31,24.2,0.46,0.15,39.45,81.64,17.11,71.17,2.93,89.47,15.72,92.16,33.9,88.18,5.24,44.12,20.44,32.49,0.0,0.15,0.0,0.0,0.0,0.0,0.0,4.01,50.0,0.46,0.0,0.46,33.33,0.0,0.0,5.39,51.43,0,,0,,0,0.0,0.0,0.0,,,1.08,,,0.15,0.0,0.0,0.0,0,0.0
C. Talbi,Sunderland,Club Brugge,"RB, RW, AMF",21,0,2030-06-30,3,24,0,0.0,0,0.0,,,Belgium,"Belgium, Morocco",right,175,64,no,,,,,,,0.0,,,0.0,,0,,0,,,,0,,,0,,0,,,0.0,,,,,,,,,,,,,,,,,,,,,,,,,,,,,,,9.39,0.0,,,,,,,,,,,,,,,,,,0,,0,,0,0.0,0.0,,,,,,,,,,,0,0.0
B. El Khannouss,Stuttgart,Genk,AMF,22,0,2030-06-30,37,3325,3,4.16,5,8.54,16.32,48.09,Belgium,"Belgium, Morocco",right,180,70,no,5.55,4.9,66.3,1.89,47.14,0.57,0.86,0.03,1.73,2.62,0.73,8,0.22,0,0.0,3.46,0.08,3,0.08,0.11,0,0.0,63,1.71,30.16,4.762,0.14,2.73,31.68,0.87,28.13,1.87,33.33,0.27,3.06,56.64,7.52,41.01,1.35,2.03,0.87,32.59,1.25,0.68,46.02,79.35,15.21,71.89,7.28,94.05,15.4,81.55,38.84,83.69,4.66,69.77,18.96,38.86,0.23,1.89,0.11,0.08,0.89,39.39,0.49,7.25,75.75,4.36,54.04,1.19,43.18,1.6,0.81,8.55,79.75,0,,0,,0,0.0,0.0,0.0,,,0.05,,,1.33,0.03,0.0,3.55,0,0.0
J. Ordóñez,Club Brugge,Club Brugge,RCB,22,0,2029-06-30,19,1423,0,0.94,1,0.07,12.65,60.0,Ecuador,Ecuador,right,188,80,no,7.91,5.69,73.33,2.59,58.54,0.13,0.17,0.38,3.61,4.86,0.7,2,0.13,0,0.0,0.25,0.0,0,0.0,0.06,0,0.0,3,0.19,66.67,0.0,0.06,0.0,0.0,0.0,0.0,0.0,0.0,0.0,0.38,33.33,2.09,33.33,0.38,0.44,0.06,33.46,0.38,0.38,45.98,89.68,15.12,75.31,3.86,96.72,22.77,97.78,41.11,94.46,4.87,49.35,20.13,34.61,0.0,0.06,0.0,0.0,0.0,0.0,0.0,3.86,54.1,0.57,22.22,0.32,20.0,0.19,0.0,5.0,62.03,0,,0,,0,0.0,0.0,0.0,,,3.29,,,0.0,0.0,0.0,0.0,0,0.0
I. Bangoura,Genk,Genk,"LCMF, RCMF",22,0,2028-06-30,3,63,0,0.05,0,0.0,30.0,52.38,Guinea,Guinea,right,190,79,no,11.43,12.86,66.67,8.57,33.33,0.0,0.0,0.0,2.86,5.0,2.86,0,0.0,0,0.0,0.0,0.0,0,0.0,0.07,0,0.0,1,1.43,0.0,0.0,0.0,1.43,0.0,0.0,0.0,1.43,0.0,0.0,0.0,0.0,1.43,100.0,1.43,1.43,0.0,24.29,0.0,0.0,51.43,88.89,7.14,60.0,14.29,100.0,24.29,94.12,50.0,91.43,0.0,0.0,17.95,0.0,0.0,0.0,0.0,0.0,0.0,0.0,0.0,2.86,100.0,1.43,100.0,0.0,0.0,1.43,0.0,1.43,0.0,0,,0,,0,0.0,0.0,0.0,,,1.43,,,0.0,0.0,0.0,0.0,0,0.0
A. Nhaili,Sint-Truiden,Sint-Truiden,CF,20,0,2028-06-30,1,11,0,0.0,0,0.0,,,Belgium,Belgium,right,174,65,no,,,,,,,0.0,,,0.0,,0,,0,,,,0,,,0,,0,,,0.0,,,,,,,,,,,,,,,,,,,,,,,,,,,,,,,11.98,0.0,,,,,,,,,,,,,,,,,,0,,0,,0,0.0,0.0,,,,,,,,,,,0,0.0
M. Smets,Genk,Sint-Truiden,CB,22,0,2030-06-30,40,3970,0,1.01,0,0.01,11.4,61.83,Belgium,Belgium,right,185,79,no,9.54,5.33,73.19,2.74,51.24,0.34,0.47,0.86,5.3,7.39,0.43,1,0.02,0,0.0,0.36,0.0,0,0.0,0.02,0,0.0,4,0.09,50.0,0.0,0.0,0.09,75.0,0.02,100.0,0.07,66.67,0.02,0.27,75.0,1.02,37.78,0.32,0.57,0.07,51.94,0.29,0.27,66.04,92.89,13.99,76.82,6.23,99.27,41.28,97.53,60.53,95.69,5.42,61.92,21.65,39.19,0.0,0.02,0.0,0.0,0.05,100.0,0.02,4.6,70.44,0.27,25.0,0.36,37.5,0.07,0.07,6.69,65.42,0,,0,,0,0.0,0.0,0.0,,,5.12,,,0.0,0.0,0.0,0.0,0,0.0
J. Bos,Feyenoord,Westerlo,"LB, LWB",23,0,2029-06-30,26,2312,3,2.2,1,1.6,21.96,52.48,Australia,"Australia, Netherlands",left,180,70,no,8.76,7.47,62.5,2.76,54.93,0.08,0.09,0.12,4.01,4.78,0.86,3,0.12,0,0.0,3.97,0.12,3,0.12,0.09,1,0.04,32,1.25,31.25,9.375,0.04,2.53,27.69,2.1,25.93,0.43,36.36,0.31,5.1,55.73,9.69,46.59,2.02,3.31,0.66,24.95,1.79,0.7,36.32,80.6,13.35,74.34,7.67,94.42,8.64,81.08,31.53,87.28,2.34,46.67,17.87,25.5,0.06,0.78,0.04,0.0,0.12,33.33,0.23,3.46,67.42,2.06,41.51,0.35,22.22,0.43,0.66,5.96,63.4,0,,0,,0,0.0,0.0,0.0,,,0.43,,,0.04,0.0,0.0,0.04,0,0.0
J. Kongolo,Genk,Genk,LCB,20,0,2028-06-30,1,73,0,0.0,0,0.0,18.49,60.0,Belgium,"Belgium, Congo DR",right,184,77,no,2.47,3.7,66.67,6.16,60.0,0.0,0.0,0.0,0.0,0.0,0.0,0,0.0,0,0.0,1.23,0.0,0,0.0,0.0,0,0.0,0,0.0,0.0,0.0,0.0,0.0,0.0,0.0,0.0,0.0,0.0,0.0,2.47,50.0,2.47,50.0,0.0,0.0,0.0,28.36,0.0,1.23,38.22,93.55,8.63,85.71,2.47,100.0,23.42,94.74,38.22,93.55,0.0,0.0,20.78,0.0,0.0,0.0,0.0,0.0,0.0,0.0,0.0,2.47,50.0,0.0,0.0,0.0,0.0,0.0,0.0,4.93,75.0,0,,0,,0,0.0,0.0,0.0,,,2.47,,,0.0,0.0,0.0,0.0,0,0.0
H. Sahabo,AEK Athens,Standard Liège,"DMF, LCMF, RDMF",21,0,2029-06-30,18,1092,0,0.15,0,0.19,12.94,49.68,Belgium,"Belgium, Rwanda",right,183,74,no,7.5,6.26,56.58,0.49,16.67,0.08,0.1,0.58,3.87,4.83,0.99,2,0.16,0,0.0,0.49,0.0,0,0.0,0.01,0,0.0,6,0.49,0.0,0.0,0.0,0.25,0.0,0.08,0.0,0.16,0.0,0.16,0.74,55.56,3.96,45.83,0.0,0.33,0.08,27.45,0.08,1.24,39.97,86.19,10.47,64.57,6.51,97.47,18.63,96.46,35.36,90.44,4.37,56.6,19.28,24.51,0.02,0.08,0.0,0.0,0.49,16.67,0.08,5.19,71.43,1.24,40.0,0.99,16.67,0.58,0.0,5.03,65.57,0,,0,,0,0.0,0.0,0.0,,,0.66,,,0.0,0.0,0.0,0.0,0,0.0
K. Zahiroleslam,Cracovia Kraków II,Sint-Truiden,CF,24,0,2027-06-30,27,1921,5,5.48,0,0.35,20.47,28.38,United States,"United States, Iran",right,193,77,no,3.05,3.28,45.71,5.11,32.11,0.05,0.07,0.09,1.5,2.09,1.5,4,0.19,0,0.0,1.69,0.23,5,0.23,0.26,1,0.05,32,1.5,40.63,15.625,0.0,0.89,15.79,0.37,12.5,0.52,18.18,0.05,2.16,43.48,7.96,22.94,3.33,1.41,0.33,11.85,1.92,0.8,15.6,73.87,2.3,51.02,5.43,85.34,4.26,80.22,14.48,77.67,0.37,62.5,14.71,11.01,0.02,0.37,0.0,0.0,0.09,0.0,0.09,0.8,52.94,0.84,44.44,0.09,0.0,0.47,0.05,1.17,60.0,0,,0,,0,0.0,0.0,0.0,,,0.0,,,0.0,0.0,0.0,0.0,0,0.0
O. Olivier,Standard Liège II,Standard Liège,"RB, LB",19,0,,1,25,0,0.0,0,0.03,,,Belgium,Belgium,unknown,0,0,no,,,,,,,4.29,,,12.86,,0,,0,,,,0,,,0,,0,,,0.0,,,,,,,,,,,,,,,,,,,,,,,,,,,,,,,15.21,12.49,,,,,,,,,,,,,,,,,,0,,0,,0,0.0,0.0,,,,,,,,,,,0,0.0
Lucas Stassin,Saint-Étienne,Westerlo,CF,21,0,2028-06-30,26,1453,9,8.24,1,1.16,18.52,36.79,Belgium,Belgium,right,183,73,no,3.41,4.15,53.73,2.04,24.24,0.31,0.38,0.12,0.87,1.07,1.24,5,0.31,0,0.0,2.42,0.56,9,0.56,0.51,0,0.0,34,2.11,44.12,26.471,0.06,1.11,33.33,0.31,0.0,0.81,46.15,0.06,2.04,51.52,8.49,36.5,3.22,0.81,0.31,11.77,1.73,2.04,16.85,75.74,2.42,58.97,5.39,89.66,4.83,75.64,14.99,79.34,0.74,66.67,16.86,14.14,0.07,0.56,0.06,0.0,0.19,33.33,0.43,0.87,57.14,1.05,47.06,0.19,33.33,0.5,0.31,1.3,57.14,0,,0,,0,0.0,0.0,0.0,,,0.06,,,0.0,0.0,0.0,0.0,0,0.0
C. Çanak,Trabzonspor,Standard Liège,"LWB, LB, RAMF",21,0,2027-06-30,29,1249,0,1.02,2,2.28,25.29,41.03,Belgium,"Belgium, Türkiye",left,175,65,no,6.05,7.13,49.49,2.45,35.29,0.07,0.09,0.14,2.45,3.05,1.22,1,0.07,0,0.0,4.76,0.0,0,0.0,0.07,0,0.0,11,0.79,27.27,0.0,0.14,3.67,43.14,2.59,38.89,0.94,46.15,0.43,5.62,48.72,13.11,39.01,1.01,2.81,1.15,19.02,1.08,1.8,26.81,76.61,7.06,58.16,6.34,96.59,8.14,71.68,20.54,87.02,2.95,41.46,19.29,24.9,0.16,1.08,0.0,0.0,0.36,60.0,0.5,3.17,63.64,3.24,51.11,0.5,42.86,0.43,1.51,5.26,73.97,0,,0,,0,0.0,0.0,0.0,,,0.07,,,1.01,0.0,0.0,0.79,0,0.0
L. Noubi,Deportivo La Coruña,Standard Liège,"RCB, LCB",21,0,2029-06-30,22,1992,0,0.54,0,0.17,15.14,58.21,Belgium,"Belgium, Cameroon",right,180,81,no,9.85,6.64,68.03,2.76,62.3,0.23,0.27,0.23,5.11,6.16,1.08,3,0.14,0,0.0,0.36,0.0,0,0.0,0.02,0,0.0,8,0.36,0.0,0.0,0.0,0.45,40.0,0.05,0.0,0.41,44.44,0.05,0.59,30.77,2.76,36.07,0.27,1.31,0.09,33.25,0.63,0.77,48.39,83.1,21.37,70.61,3.07,97.06,19.52,93.75,40.26,89.9,7.73,49.71,21.92,39.6,0.01,0.05,0.0,0.0,0.05,0.0,0.05,7.5,69.28,0.68,46.67,0.68,40.0,0.18,0.14,9.71,65.58,0,,0,,0,0.0,0.0,0.0,,,1.94,,,0.0,0.0,0.0,0.0,0,0.0
B. Ghalidi,NAC Breda,Standard Liège,"AMF, LCMF",21,0,2028-06-30,2,103,0,0.0,0,0.0,17.48,35.0,Belgium,"Belgium, Morocco",right,174,66,no,1.75,2.62,66.67,0.0,0.0,0.0,0.0,0.0,0.0,0.0,0.0,0,0.0,0,0.0,3.5,0.0,0,0.0,0.0,0,0.0,0,0.0,0.0,0.0,0.0,2.62,33.33,2.62,33.33,0.0,0.0,0.0,4.37,60.0,11.36,30.77,0.0,1.75,0.0,17.48,0.0,0.87,28.83,84.85,1.75,100.0,10.49,91.67,13.11,73.33,26.21,90.0,0.0,0.0,17.25,0.0,0.0,0.0,0.0,0.0,0.0,0.0,0.0,0.87,100.0,2.62,33.33,0.0,0.0,0.0,0.87,2.62,100.0,0,,0,,0,0.0,0.0,0.0,,,0.87,,,0.0,0.0,0.0,0.87,0,0.0
M. Frigan,Parma,Westerlo,CF,23,0,2030-06-30,30,1584,5,4.49,0,1.05,17.84,31.21,Croatia,Croatia,left,185,78,no,3.07,3.47,50.82,5.17,25.27,0.17,0.2,0.11,1.14,1.32,1.76,1,0.06,0,0.0,1.36,0.28,5,0.28,0.26,1,0.06,34,1.93,38.24,14.706,0.0,0.51,0.0,0.23,0.0,0.11,0.0,0.06,1.42,44.0,5.8,31.37,2.61,0.74,0.51,9.72,1.59,1.36,13.41,69.07,3.58,52.38,3.18,89.29,3.98,68.57,11.82,72.6,1.14,60.0,17.44,20.29,0.06,0.51,0.0,0.0,0.11,0.0,0.17,1.76,45.16,0.85,46.67,0.23,25.0,0.68,0.06,1.93,55.88,0,,0,,0,0.0,0.0,0.0,,,0.06,,,0.0,0.0,0.0,0.0,0,0.0
R. Vanwesemael,Sint-Truiden,Sint-Truiden,"RWB, RB",24,0,2030-06-30,16,1031,0,0.06,0,0.43,17.98,50.49,Belgium,Belgium,right,176,68,no,9.86,8.47,62.89,2.01,30.43,0.35,0.47,0.17,4.19,5.67,1.13,2,0.17,0,0.0,1.13,0.0,0,0.0,0.01,0,0.0,2,0.17,0.0,0.0,0.0,0.96,27.27,0.0,0.0,0.96,27.27,0.17,2.01,43.48,4.8,40.0,0.96,2.18,1.22,31.43,3.23,0.44,41.38,88.19,9.95,76.32,12.74,96.58,11.17,90.63,38.58,91.18,1.83,57.14,15.14,23.64,0.04,0.26,0.0,0.0,0.0,0.0,0.09,2.36,85.19,0.96,45.45,0.0,0.0,0.26,0.26,4.8,58.18,0,,0,,0,0.0,0.0,0.0,,,0.52,,,0.0,0.0,0.0,0.0,0,0.0
R. Van Helden,Antwerp,Sint-Truiden,"RCB, LCB",23,0,2030-06-30,36,3334,0,1.65,0,0.15,13.52,58.68,Belgium,Belgium,right,187,80,no,9.18,6.51,65.98,3.19,54.24,0.32,0.44,0.59,4.56,6.2,1.0,7,0.19,0,0.0,0.62,0.0,0,0.0,0.04,0,0.0,16,0.43,43.75,0.0,0.0,0.19,28.57,0.0,0.0,0.19,28.57,0.0,0.59,63.64,1.65,44.26,0.65,0.65,0.22,51.34,0.92,0.24,65.84,90.08,23.81,79.93,6.86,98.03,27.64,97.17,59.79,93.23,5.86,59.91,19.58,38.95,0.0,0.08,0.0,0.0,0.0,0.0,0.0,6.1,73.01,0.43,25.0,0.32,33.33,0.13,0.03,9.18,66.18,0,,0,,0,0.0,0.0,0.0,,,3.32,,,0.0,0.0,0.0,0.0,0,0.0
I. Price,West Bromwich Albion,Standard Liège,"RWB, LCMF, RB",22,0,2029-06-30,37,2598,1,3.09,2,3.46,16.11,48.17,Northern Ireland,"Northern Ireland, England",right,178,72,no,8.66,6.96,58.71,2.18,41.27,0.31,0.38,0.28,4.26,5.22,0.62,3,0.1,0,0.0,2.25,0.03,1,0.03,0.11,0,0.0,35,1.21,42.86,2.857,0.07,2.22,31.25,0.1,66.67,2.11,29.51,0.14,1.63,55.32,4.68,40.0,1.25,1.49,0.83,26.81,1.07,0.8,38.56,77.09,11.61,58.21,7.24,94.74,14.27,82.52,30.62,83.94,5.85,58.58,21.23,34.86,0.12,0.9,0.03,0.0,0.45,30.77,0.31,6.65,60.42,3.26,37.23,1.21,40.0,0.8,0.62,7.55,67.43,0,,0,,0,0.0,0.0,0.0,,,0.52,,,0.31,0.07,50.0,0.38,0,0.0
S. Bansé,Greuther Fürth,Standard Liège,"DMF, RCMF",25,0,2027-06-30,3,68,0,0.0,0,0.0,21.18,37.5,Belgium,"Belgium, Burkina Faso",right,175,67,no,10.59,10.59,50.0,3.97,33.33,0.0,0.0,1.32,5.29,9.23,1.32,0,0.0,0,0.0,0.0,0.0,0,0.0,0.0,0,0.0,0,0.0,0.0,0.0,0.0,0.0,0.0,0.0,0.0,0.0,0.0,0.0,2.65,0.0,3.97,33.33,0.0,0.0,0.0,9.26,0.0,0.0,19.85,66.67,5.29,25.0,5.29,75.0,3.97,100.0,15.88,75.0,3.97,33.33,28.75,53.25,0.0,0.0,0.0,0.0,0.0,0.0,0.0,2.65,50.0,0.0,0.0,1.32,0.0,0.0,0.0,5.29,25.0,0,,0,,0,0.0,0.0,0.0,,,0.0,,,1.32,0.0,0.0,0.0,0,0.0
N. Ngoy,Lille,Standard Liège,"LCB, LB",23,0,2029-06-30,15,1317,1,0.56,0,0.12,16.06,51.49,Belgium,"Belgium, Congo DR",right,183,74,no,9.29,6.29,60.87,2.32,41.18,0.14,0.18,0.27,5.33,6.96,0.75,6,0.41,1,0.07,1.98,0.07,1,0.07,0.04,0,0.0,6,0.41,50.0,16.667,0.0,0.27,50.0,0.27,50.0,0.0,0.0,0.0,2.46,63.89,4.85,49.3,0.55,2.73,1.23,28.43,0.27,0.89,42.78,83.39,20.98,74.59,3.35,93.88,13.26,95.88,36.01,88.24,6.49,57.89,19.86,36.94,0.01,0.21,0.14,0.0,0.07,100.0,0.0,6.97,75.49,0.68,70.0,0.14,50.0,0.41,0.14,9.29,65.44,0,,0,,0,0.0,0.0,0.0,,,0.89,,,0.0,0.0,0.0,0.0,0,0.0
N. Dodeigne,RWD Molenbeek,Standard Liège,"LB, LW",23,0,,2,49,0,0.0,0,0.0,18.37,40.0,Belgium,Belgium,left,186,73,no,7.35,5.51,66.67,5.51,33.33,0.0,0.0,0.0,3.67,4.62,0.0,0,0.0,0,0.0,1.84,0.0,0,0.0,0.0,0,0.0,0,0.0,0.0,0.0,0.0,0.0,0.0,0.0,0.0,0.0,0.0,0.0,1.84,100.0,3.67,50.0,0.0,0.0,0.0,14.69,0.0,0.0,23.88,84.62,11.02,66.67,1.84,100.0,5.51,100.0,23.88,84.62,0.0,0.0,28.31,0.0,0.0,0.0,0.0,0.0,0.0,0.0,0.0,1.84,0.0,0.0,0.0,0.0,0.0,0.0,0.0,0.0,0.0,0,,0,,0,0.0,0.0,0.0,,,0.0,,,5.51,0.0,0.0,0.0,0,0.0
S. Fini,Frosinone,Standard Liège,"LB, LWB, LAMF",20,0,2027-06-30,9,246,0,0.0,0,0.1,19.02,50.0,Italy,"Italy, Côte d'Ivoire",left,178,66,yes,6.59,5.85,68.75,0.73,50.0,0.0,0.0,0.0,2.56,3.5,1.1,0,0.0,0,0.0,4.02,0.0,0,0.0,0.0,0,0.0,0,0.0,0.0,0.0,0.0,3.29,55.56,1.46,75.0,1.83,40.0,0.37,4.02,54.55,11.34,41.94,0.37,2.2,1.1,18.66,1.1,1.1,29.27,77.5,9.88,62.96,5.49,100.0,9.15,80.0,25.24,79.71,0.73,100.0,17.23,10.52,0.04,0.37,0.0,0.0,0.0,0.0,0.0,4.02,63.64,3.29,66.67,0.0,0.0,0.0,1.83,5.12,92.86,0,,0,,0,0.0,0.0,0.0,,,0.0,,,0.0,0.0,0.0,0.0,0,0.0
L. Oyen,Heerenveen,Genk,"LAMF, LW, AMF",23,0,2029-06-30,15,699,1,1.14,0,0.23,21.76,47.93,England,"England, Belgium",right,174,69,no,6.57,5.28,78.05,2.7,28.57,0.0,0.0,0.0,2.45,3.96,0.52,1,0.13,0,0.0,4.89,0.13,1,0.13,0.15,0,0.0,15,1.93,26.67,6.667,0.0,2.19,29.41,1.93,33.33,0.26,0.0,0.13,6.18,60.42,11.46,40.45,4.12,2.32,0.39,12.1,0.9,0.77,20.99,77.91,5.92,63.04,4.38,100.0,6.31,79.59,17.38,85.19,1.42,63.64,16.35,12.79,0.03,0.52,0.0,0.0,0.0,0.0,0.13,2.96,73.91,1.42,63.64,0.13,100.0,0.77,0.52,2.7,61.9,0,,0,,0,0.0,0.0,0.0,,,0.0,,,0.0,0.0,0.0,0.64,0,0.0
R. De Laet,,Antwerp,"RB, LCB, LB",37,0,,24,1498,0,0.94,0,0.54,14.18,59.32,Belgium,Belgium,right,184,77,no,9.19,5.89,74.49,3.0,58.0,0.54,0.77,0.36,4.27,6.05,0.42,2,0.12,0,0.0,1.02,0.0,0,0.0,0.06,0,0.0,9,0.54,22.22,0.0,0.0,1.32,18.18,0.12,50.0,1.14,15.79,0.24,1.32,45.45,3.12,34.62,1.26,1.92,0.48,38.81,1.56,0.66,51.13,84.84,21.51,78.21,5.83,94.85,16.22,91.11,44.82,90.21,5.11,52.94,18.07,34.26,0.03,0.3,0.06,0.0,0.18,33.33,0.12,6.31,71.43,1.08,22.22,0.48,50.0,0.3,0.18,9.91,75.15,0,,0,,0,0.0,0.0,0.0,,,1.92,,,0.0,0.0,0.0,0.0,0,0.0
R. Charles-Cook,Motherwell,Eupen,"CF, LW, LWF",29,0,2027-06-30,32,2019,4,1.88,2,2.29,25.45,35.73,England,"England, Grenada",right,174,69,no,4.5,5.79,50.77,3.66,15.85,0.13,0.16,0.09,1.43,1.71,1.96,2,0.09,0,0.0,2.45,0.18,4,0.18,0.08,1,0.04,20,0.89,45.0,20.0,0.09,1.47,21.21,0.94,28.57,0.49,9.09,0.22,3.83,44.19,11.95,35.07,2.36,2.59,0.94,12.21,1.78,1.74,19.17,80.7,3.3,67.57,6.64,93.96,4.59,73.79,17.12,86.46,0.62,64.29,13.38,8.83,0.1,0.67,0.0,0.0,0.09,50.0,0.36,0.89,75.0,1.34,56.67,0.13,33.33,0.76,0.27,1.78,70.0,0,,0,,0,0.0,0.0,0.0,,,0.13,,,0.0,0.0,0.0,0.13,0,0.0
J. Bataille,Maccabi Haifa,Antwerp,"RB, LB",27,0,2027-06-30,33,2859,1,0.92,0,2.46,16.94,50.37,Belgium,Belgium,right,180,67,no,9.88,8.28,61.6,1.98,44.44,0.35,0.53,0.13,4.44,6.82,0.72,4,0.13,0,0.0,2.33,0.03,1,0.03,0.03,0,0.0,13,0.41,53.85,7.692,0.0,3.05,36.08,0.28,33.33,2.74,35.63,0.25,1.86,50.85,4.28,38.24,1.89,1.98,0.6,44.89,3.46,0.69,58.05,83.24,18.82,72.58,11.84,96.81,17.94,86.67,49.9,89.46,5.38,50.88,18.7,38.24,0.08,0.69,0.06,0.03,0.13,50.0,0.35,6.83,69.59,3.46,53.64,0.47,66.67,1.1,1.1,9.7,75.32,0,,0,,0,0.0,0.0,0.0,,,1.98,,,0.0,0.0,0.0,0.09,0,0.0
B. Haidara,Westerlo,Westerlo,"CB, LCB",21,0,,6,414,0,0.59,0,0.0,12.83,54.24,Côte d'Ivoire,Côte d'Ivoire,right,190,80,no,11.52,7.17,57.58,2.39,63.64,0.43,0.53,1.52,6.96,8.42,1.52,4,0.87,1,0.22,0.65,0.0,0,0.0,0.13,0,0.0,2,0.43,50.0,0.0,0.0,0.0,0.0,0.0,0.0,0.0,0.0,0.0,0.65,66.67,1.3,33.33,0.43,0.0,0.0,23.04,0.0,0.43,36.74,84.02,12.17,57.14,2.17,100.0,19.13,97.73,30.22,88.49,6.52,63.33,24.35,42.52,0.0,0.0,0.0,0.0,0.0,0.0,0.0,2.83,69.23,0.43,50.0,0.22,0.0,0.22,0.0,6.96,50.0,0,,0,,0,0.0,0.0,0.0,,,2.17,,,0.0,0.0,0.0,0.0,0,0.0
L. Youndje,Eupen,Eupen,"LWB, LB, LW",21,0,2027-06-30,14,335,0,0.69,0,0.29,28.75,46.73,Belgium,Belgium,left,0,0,no,14.78,12.63,59.57,2.69,40.0,0.54,0.71,0.54,6.72,8.82,1.34,1,0.27,0,0.0,4.03,0.0,0,0.0,0.18,0,0.0,5,1.34,20.0,0.0,0.0,4.03,26.67,3.49,15.38,0.54,100.0,0.81,4.57,58.82,10.75,35.0,1.34,0.81,0.54,13.97,0.81,1.07,23.37,60.92,9.67,61.11,2.96,100.0,4.84,50.0,18.27,70.59,1.07,25.0,20.54,2.61,0.08,0.81,0.0,0.0,0.0,0.0,0.81,3.76,57.14,2.69,50.0,0.0,0.0,0.27,1.07,6.45,62.5,0,,0,,0,0.0,0.0,0.0,,,0.0,,,0.27,0.0,0.0,0.0,0,0.0
V. Udoh,Southampton U21,Antwerp,"RWB, CF, RAMF",21,0,,12,232,0,0.55,1,0.4,20.56,28.3,Nigeria,Nigeria,left,174,72,no,4.27,5.82,40.0,2.72,28.57,0.0,0.0,0.39,1.94,4.17,0.78,2,0.78,0,0.0,4.66,0.0,0,0.0,0.21,0,0.0,7,2.72,28.57,0.0,0.39,5.43,42.86,2.33,33.33,3.1,50.0,0.78,8.15,19.05,10.86,17.86,3.49,1.55,0.0,19.78,2.33,0.0,23.28,75.0,4.27,72.73,6.21,100.0,10.09,65.38,16.29,85.71,1.55,75.0,17.47,8.67,0.16,1.55,0.0,0.0,0.0,0.0,0.78,1.55,75.0,4.27,45.45,0.0,0.0,0.0,2.33,4.66,91.67,0,,0,,0,0.0,0.0,0.0,,,0.39,,,0.0,0.0,0.0,0.0,0,0.0
M. Smits,De Graafschap,Antwerp,"RCMF, AMF, LDMF",21,0,2027-06-30,3,84,0,0.0,0,0.0,12.86,66.67,Belgium,Belgium,right,179,65,no,7.5,6.43,83.33,2.14,0.0,0.0,0.0,0.0,2.14,3.53,0.0,0,0.0,0,0.0,0.0,0.0,0,0.0,0.0,0,0.0,0,0.0,0.0,0.0,0.0,0.0,0.0,0.0,0.0,0.0,0.0,0.0,0.0,0.0,3.21,66.67,3.21,0.0,0.0,24.64,0.0,1.07,33.21,83.87,9.64,88.89,10.71,70.0,10.71,90.0,32.14,86.67,1.07,0.0,16.45,9.85,0.0,0.0,0.0,0.0,0.0,0.0,0.0,2.14,100.0,1.07,100.0,0.0,0.0,1.07,0.0,3.21,66.67,0,,0,,0,0.0,0.0,0.0,,,0.0,,,0.0,0.0,0.0,0.0,0,0.0
S. Bescond,Eupen U18,Eupen,LB,20,0,2027-06-30,1,9,0,0.0,0,0.0,,,Belgium,Belgium,,0,0,no,,,,,,,0.0,,,0.0,,0,,0,,,,0,,,0,,0,,,0.0,,,,,,,,,,,,,,,,,,,,,,,,,,,,,,,23.28,0.0,,,,,,,,,,,,,,,,,,0,,0,,0,0.0,0.0,,,,,,,,,,,0,0.0
P. Niang,Eupen,Eupen,LCMF,23,0,,1,9,0,0.03,0,0.0,,,Senegal,Senegal,right,190,0,no,,,,,,,0.0,,,15.0,,0,,0,,,,0,,,0,,1,,,0.0,,,,,,,,,,,,,,,,,,,,,,,,,,,,,,,13.44,0.0,,,,,,,,,,,,,,,,,,0,,0,,0,0.0,0.0,,,,,,,,,,,0,0.0
A. Piron,Eupen U21,Eupen,CF,20,0,,1,20,0,0.0,0,0.0,,,Belgium,Belgium,unknown,0,0,no,,,,,,,0.0,,,6.0,,0,,0,,,,0,,,0,,0,,,0.0,,,,,,,,,,,,,,,,,,,,,,,,,,,,,,,13.05,0.0,,,,,,,,,,,,,,,,,,0,,0,,0,0.0,0.0,,,,,,,,,,,0,0.0
T. Marechal,Eupen U21,Eupen,"LCMF, LAMF",21,0,2027-06-30,2,50,0,0.0,0,0.0,32.4,61.11,Belgium,Belgium,unknown,0,0,no,19.8,16.2,55.56,9.0,60.0,0.0,0.0,0.0,10.8,20.0,3.6,0,0.0,0,0.0,1.8,0.0,0,0.0,0.0,0,0.0,0,0.0,0.0,0.0,0.0,1.8,0.0,0.0,0.0,1.8,0.0,0.0,1.8,100.0,3.6,50.0,0.0,0.0,0.0,10.8,0.0,1.8,21.6,66.67,5.4,100.0,3.6,100.0,5.4,33.33,18.0,80.0,1.8,0.0,13.15,15.52,0.0,0.0,0.0,0.0,0.0,0.0,0.0,1.8,0.0,1.8,0.0,0.0,0.0,0.0,0.0,0.0,0.0,0,,0,,0,0.0,0.0,0.0,,,0.0,,,0.0,0.0,0.0,0.0,0,0.0
M. Doumbia,Al Ittihad,Antwerp,"AMF, LCMF",22,0,2030-06-30,13,545,2,1.1,0,0.0,25.6,46.45,Mali,Mali,right,186,66,no,6.77,7.76,63.83,2.31,21.43,0.0,0.0,0.0,1.82,3.0,0.5,0,0.0,0,0.0,3.47,0.33,2,0.33,0.18,0,0.0,16,2.64,25.0,12.5,0.0,0.66,0.0,0.33,0.0,0.33,0.0,0.33,5.28,53.13,13.21,43.75,1.82,1.82,1.32,21.47,0.0,1.16,32.86,87.44,8.92,77.78,6.28,94.74,11.39,91.3,31.21,90.48,0.99,50.0,17.49,15.85,0.0,0.0,0.0,0.0,0.17,0.0,0.0,3.14,89.47,1.82,54.55,0.17,0.0,0.66,0.0,4.29,76.92,0,,0,,0,0.0,0.0,0.0,,,0.33,,,0.5,0.33,50.0,0.0,0,0.0
M. Decoene,Mechelen,Kortrijk,RW,22,0,2027-06-30,1,18,0,0.0,0,0.0,,,Belgium,Belgium,right,183,76,no,,,,,,,0.0,,,8.57,,0,,0,,,,0,,,0,,0,,,0.0,,,,,,,,,,,,,,,,,,,,,,,,,,,,,,,15.72,0.0,,,,,,,,,,,,,,,,,,0,,0,,0,0.0,0.0,,,,,,,,,,,0,0.0
M. Filorizzo,,Eupen,"CF, RWF",20,0,,4,52,0,0.72,0,0.0,25.96,20.0,Belgium,Belgium,,0,0,no,1.73,5.19,0.0,3.46,50.0,0.0,0.0,0.0,1.73,2.5,8.65,0,0.0,0,0.0,3.46,0.0,0,0.0,1.25,0,0.0,1,1.73,100.0,0.0,0.0,3.46,0.0,1.73,0.0,1.73,0.0,0.0,3.46,50.0,8.65,20.0,1.73,0.0,0.0,6.92,1.73,0.0,12.12,42.86,5.19,33.33,0.0,0.0,1.73,100.0,6.92,50.0,1.73,100.0,14.93,8.0,0.0,0.0,0.0,0.0,0.0,0.0,0.0,0.0,0.0,0.0,0.0,0.0,0.0,0.0,0.0,1.73,100.0,0,,0,,0,0.0,0.0,0.0,,,0.0,,,0.0,0.0,0.0,0.0,0,0.0
K. Corbanie,Mechelen,Antwerp,"RB, RCB, RWB",21,0,2029-06-30,10,231,1,0.04,1,0.52,25.32,55.38,Belgium,Belgium,right,179,71,no,13.25,11.3,75.86,7.4,47.37,0.78,1.46,0.0,3.9,7.32,1.95,0,0.0,0,0.0,2.73,0.39,1,0.39,0.02,0,0.0,1,0.39,100.0,100.0,0.39,1.95,60.0,0.0,0.0,1.95,60.0,0.39,1.17,100.0,4.29,27.27,1.17,1.17,0.39,24.94,0.0,0.39,37.79,80.41,10.91,75.0,10.13,84.62,8.96,82.61,32.34,85.54,3.51,44.44,16.2,11.04,0.2,0.78,0.0,0.39,0.0,0.0,0.78,3.51,77.78,1.95,60.0,0.0,0.0,0.39,1.17,5.45,64.29,0,,0,,0,0.0,0.0,0.0,,,1.56,,,0.0,0.0,0.0,0.0,0,0.0
G. Ilenikhena,Al Ittihad,Antwerp,CF,19,0,2029-06-30,37,1685,8,7.24,0,0.26,18.16,35.88,Nigeria,"Nigeria, France",left,185,76,no,1.71,1.92,47.22,5.82,33.94,0.0,0.0,0.05,0.8,1.3,0.96,2,0.11,0,0.0,2.14,0.43,8,0.43,0.39,0,0.0,41,2.19,53.66,19.512,0.0,0.16,0.0,0.11,0.0,0.05,0.0,0.0,1.6,56.67,7.21,33.33,3.47,1.07,0.27,6.73,1.76,1.07,9.35,78.29,1.5,60.71,3.1,94.83,2.67,74.0,8.92,79.64,0.27,80.0,13.41,5.12,0.01,0.27,0.05,0.0,0.11,50.0,0.0,1.28,62.5,0.48,33.33,0.05,0.0,0.48,0.0,0.64,66.67,0,,0,,0,0.0,0.0,0.0,,,0.05,,,0.0,0.0,0.0,0.0,0,0.0
K. Borys,,Westerlo,"CF, RCMF, AMF",19,0,,4,70,0,0.0,0,0.0,15.43,16.67,Poland,Poland,left,174,69,no,2.57,3.86,33.33,1.29,0.0,0.0,0.0,0.0,1.29,1.76,0.0,0,0.0,0,0.0,0.0,0.0,0,0.0,0.0,0,0.0,0,0.0,0.0,0.0,0.0,0.0,0.0,0.0,0.0,0.0,0.0,0.0,1.29,0.0,7.71,16.67,0.0,0.0,0.0,5.14,1.29,1.29,10.29,87.5,2.57,50.0,5.14,100.0,1.29,100.0,10.29,87.5,0.0,0.0,9.74,0.0,0.0,0.0,0.0,0.0,0.0,0.0,0.0,0.0,0.0,0.0,0.0,0.0,0.0,0.0,0.0,0.0,0.0,0,,0,,0,0.0,0.0,0.0,,,0.0,,,0.0,0.0,0.0,0.0,0,0.0
A. Vermeeren,RB Leipzig,Antwerp,"RDMF, DMF, RCMF",21,0,2029-06-30,21,2044,1,1.89,2,1.5,13.91,43.99,Belgium,Belgium,right,180,65,no,8.54,6.6,58.0,1.72,25.64,0.18,0.27,0.35,4.54,6.88,0.66,2,0.09,0,0.0,1.5,0.04,1,0.04,0.08,1,0.04,11,0.48,45.45,9.091,0.09,0.97,31.82,0.4,22.22,0.53,41.67,0.13,1.59,44.44,3.57,30.86,1.32,1.06,0.53,33.95,0.84,0.31,46.76,86.35,13.08,75.76,8.85,97.51,18.01,90.46,43.24,88.8,2.55,65.52,17.11,33.49,0.07,0.7,0.04,0.09,0.57,46.15,0.18,5.5,84.8,1.89,60.47,0.57,38.46,0.88,0.31,6.21,75.89,0,,0,,0,0.0,0.0,0.0,,,1.14,,,0.09,0.0,0.0,0.22,0,0.0
A. Piedfort,Auxerre,Westerlo,"LDMF, RCB",21,0,2030-06-30,25,2257,0,1.45,1,1.46,13.76,46.67,Belgium,Belgium,right,180,68,no,8.77,5.02,63.49,2.11,33.96,0.28,0.35,0.4,5.3,6.56,0.64,5,0.2,1,0.04,0.96,0.0,0,0.0,0.06,0,0.0,10,0.4,40.0,0.0,0.04,0.32,37.5,0.2,40.0,0.12,33.33,0.04,1.28,50.0,4.43,39.64,0.72,0.92,0.32,23.25,0.12,0.84,36.85,84.09,13.12,69.91,4.98,96.8,13.08,91.16,32.7,88.41,3.83,51.04,17.88,27.55,0.06,0.52,0.0,0.0,0.04,100.0,0.16,4.71,66.1,0.68,70.59,0.12,100.0,0.36,0.12,4.9,64.23,0,,0,,0,0.0,0.0,0.0,,,1.28,,,0.04,0.0,0.0,0.0,0,0.0
J. Alcócer,Sparta Praha,Westerlo,"LW, LAMF",22,0,2030-06-30,10,580,1,1.04,0,0.79,17.53,48.67,Costa Rica,"Costa Rica, Nicaragua",right,185,74,no,4.5,5.59,61.11,1.55,40.0,0.31,0.41,0.0,0.78,1.02,1.09,0,0.0,0,0.0,3.88,0.16,1,0.16,0.16,0,0.0,11,1.71,63.64,9.091,0.0,1.55,40.0,1.09,28.57,0.47,66.67,0.16,4.66,46.67,8.53,45.45,2.33,3.72,0.93,15.98,0.93,0.78,21.41,83.33,3.88,80.0,6.05,97.44,6.98,71.11,18.62,89.17,1.24,50.0,16.11,19.77,0.12,0.93,0.0,0.0,0.16,0.0,0.78,1.55,80.0,1.86,33.33,0.31,50.0,0.78,0.62,3.41,72.73,0,,0,,0,0.0,0.0,0.0,,,0.0,,,0.0,0.0,0.0,0.0,0,0.0
A. Valencia,Antwerp,Antwerp,"RAMF, RWF",22,0,,8,229,0,0.47,0,0.64,27.9,38.03,Ecuador,Ecuador,left,174,64,no,7.47,9.04,52.17,1.57,50.0,0.0,0.0,0.0,2.75,5.25,1.18,0,0.0,0,0.0,6.29,0.0,0,0.0,0.19,0,0.0,4,1.57,25.0,0.0,0.0,1.57,50.0,0.39,0.0,0.79,100.0,0.39,7.47,47.37,14.15,33.33,5.9,5.5,0.0,36.94,1.97,0.39,47.55,86.78,8.25,80.95,14.93,92.11,15.33,87.18,45.59,87.93,0.39,100.0,13.01,2.7,0.25,1.97,0.39,0.0,2.36,66.67,1.57,3.54,66.67,2.75,85.71,1.97,80.0,3.54,0.79,5.5,78.57,0,,0,,0,0.0,0.0,0.0,,,0.39,,,0.0,0.0,0.0,0.39,0,0.0
R. Smekens,Westerlo,Westerlo,"LW, LDMF",22,0,,2,20,0,0.0,0,0.0,,,Belgium,Belgium,left,181,70,no,,,,,,,0.0,,,0.0,,0,,0,,,,0,,,0,,0,,,0.0,,,,,,,,,,,,,,,,,,,,,,,,,,,,,,,5.54,0.0,,,,,,,,,,,,,,,,,,0,,0,,0,0.0,0.0,,,,,,,,,,,0,0.0
A. Keita,Eupen,Eupen,"LCMF, LW",24,0,2027-06-30,29,1832,1,1.71,1,0.75,26.92,45.8,Guinea,Guinea,right,170,78,no,11.15,11.74,59.83,2.46,34.0,0.44,0.53,0.0,3.68,4.38,2.46,5,0.25,0,0.0,1.72,0.05,1,0.05,0.08,0,0.0,17,0.84,47.06,5.882,0.05,0.59,25.0,0.2,25.0,0.39,25.0,0.05,2.41,48.98,8.45,36.63,1.33,2.65,0.98,22.06,0.74,1.72,33.46,82.23,9.87,69.65,7.47,90.79,9.97,88.18,31.44,85.16,1.47,40.0,15.66,22.07,0.04,0.49,0.05,0.0,0.05,0.0,0.2,2.85,65.52,0.98,75.0,0.1,0.0,0.74,0.15,4.81,60.2,0,,0,,0,0.0,0.0,0.0,,,0.29,,,0.0,0.0,0.0,0.0,0,0.0
R. Paeshuyse,Eupen,Eupen,"RCB, RB",24,0,2028-06-30,29,2591,0,0.05,0,0.27,13.86,51.13,Belgium,Belgium,right,187,74,no,9.27,6.98,59.2,2.88,40.96,0.17,0.2,0.52,4.97,5.63,1.01,5,0.17,0,0.0,0.76,0.0,0,0.0,0.0,0,0.0,1,0.03,0.0,0.0,0.0,0.69,35.0,0.0,0.0,0.69,35.0,0.1,0.63,83.33,1.98,47.37,0.17,0.59,0.1,24.35,0.8,0.52,35.47,81.39,15.35,69.46,3.82,93.64,12.19,92.02,30.12,87.08,4.72,51.47,19.02,33.77,0.01,0.03,0.0,0.0,0.03,0.0,0.03,3.4,69.39,0.66,36.84,0.07,0.0,0.07,0.21,7.47,55.81,0,,0,,0,0.0,0.0,0.0,,,1.42,,,0.0,0.0,0.0,0.0,0,0.0
T. Rommens,Rangers,Westerlo,LB,23,0,2029-06-30,24,1736,1,1.26,5,1.66,18.87,58.24,Belgium,Belgium,left,185,77,no,12.13,7.72,68.46,3.21,53.23,0.21,0.25,0.21,6.64,8.08,1.3,3,0.16,1,0.05,2.23,0.05,1,0.05,0.07,0,0.0,14,0.73,42.86,7.143,0.26,3.06,23.73,3.06,23.73,0.0,0.0,0.52,2.07,57.5,5.39,46.15,1.56,1.4,0.41,24.57,1.71,0.83,37.28,72.46,17.99,68.01,5.91,89.47,9.18,71.19,29.34,82.33,5.08,43.88,20.81,31.96,0.09,0.41,0.05,0.1,0.0,0.0,0.31,5.39,66.35,2.59,36.0,0.16,33.33,0.47,0.78,8.81,65.29,0,,0,,0,0.0,0.0,0.0,,,1.04,,,0.31,0.0,0.0,0.05,0,0.0
T. Alloh,Penafiel,Eupen,"LWB, LB",24,0,2028-06-30,6,243,0,0.09,1,0.0,15.56,35.71,France,"France, Côte d'Ivoire",left,176,64,no,7.78,4.07,45.45,1.48,0.0,0.74,1.05,0.74,5.19,7.37,1.85,1,0.37,0,0.0,1.85,0.0,0,0.0,0.03,0,0.0,1,0.37,0.0,0.0,0.37,2.96,12.5,2.96,12.5,0.0,0.0,1.11,4.44,33.33,6.3,29.41,2.59,4.44,1.85,19.63,1.48,0.74,27.04,86.3,5.56,93.33,7.78,100.0,6.3,76.47,24.07,95.38,0.0,0.0,12.55,0.0,0.0,0.0,0.0,0.0,0.0,0.0,0.74,1.85,100.0,1.85,40.0,0.0,0.0,0.74,0.74,4.07,81.82,0,,0,,0,0.0,0.0,0.0,,,0.0,,,0.0,0.0,0.0,0.0,0,0.0
M. Keita,Antwerp II,Antwerp,"LDMF, DMF",25,0,,1,29,0,0.0,0,0.0,,,Guinea,Guinea,right,172,68,no,,,,,,,0.0,,,10.0,,0,,0,,,,0,,,0,,0,,,0.0,,,,,,,,,,,,,,,,,,,,,,,,,,,,,,,17.92,31.38,,,,,,,,,,,,,,,,,,0,,0,,0,0.0,0.0,,,,,,,,,,,0,0.0
S. Coulibaly,Strasbourg,Antwerp,LCB,22,0,2029-06-30,22,1668,0,1.08,0,0.11,13.54,62.95,France,"France, Mali",left,191,73,no,8.96,4.64,69.77,2.91,53.7,0.65,0.97,0.59,5.07,7.56,0.7,3,0.16,0,0.0,0.7,0.0,0,0.0,0.06,0,0.0,6,0.32,0.0,0.0,0.0,0.05,100.0,0.05,100.0,0.0,0.0,0.0,0.7,76.92,2.7,56.0,0.54,1.08,0.59,54.23,0.27,0.92,69.5,93.25,19.91,83.2,6.74,97.6,37.93,97.72,64.96,95.6,4.48,59.04,20.32,35.55,0.01,0.16,0.11,0.0,0.16,66.67,0.0,4.75,80.68,0.11,100.0,0.22,50.0,0.22,0.05,8.36,73.55,0,,0,,0,0.0,0.0,0.0,,,5.29,,,0.0,0.0,0.0,0.0,0,0.0
D. Seck,Caen II,Kortrijk,"CF, RW, LB",22,0,2027-06-30,6,86,1,0.62,0,0.03,24.07,39.13,Senegal,Senegal,right,179,68,no,8.37,6.28,66.67,0.0,0.0,0.0,0.0,0.0,4.19,4.44,2.09,0,0.0,0,0.0,2.09,1.05,1,1.05,0.65,0,0.0,2,2.09,50.0,50.0,0.0,0.0,0.0,0.0,0.0,0.0,0.0,0.0,2.09,50.0,11.51,18.18,3.14,3.14,3.14,6.28,1.05,1.05,13.6,76.92,5.23,60.0,5.23,80.0,3.14,100.0,13.6,76.92,0.0,0.0,13.92,0.0,0.03,1.05,0.0,0.0,0.0,0.0,0.0,1.05,100.0,1.05,100.0,0.0,0.0,1.05,0.0,2.09,0.0,0,,0,,0,0.0,0.0,0.0,,,0.0,,,0.0,0.0,0.0,0.0,0,0.0
N. Opoku,Leicester City U21,OH Leuven,CF,24,0,2027-06-30,20,947,2,1.94,1,1.4,28.51,31.33,Ghana,Ghana,right,182,78,no,4.28,4.47,51.06,6.84,30.56,0.0,0.0,0.29,2.0,2.65,1.52,1,0.1,0,0.0,2.38,0.19,1,0.1,0.18,0,0.0,13,1.24,30.77,15.385,0.1,0.67,42.86,0.19,50.0,0.48,40.0,0.0,3.14,48.48,12.93,30.15,3.71,0.86,0.29,9.69,1.62,0.57,17.77,67.91,3.52,62.16,4.94,76.92,5.04,66.04,16.73,68.75,0.38,75.0,12.81,6.95,0.13,1.33,0.0,0.0,0.48,40.0,0.57,1.81,57.89,1.05,54.55,0.38,25.0,1.52,0.19,1.62,70.59,0,,0,,0,0.0,0.0,0.0,,,0.0,,,0.0,0.0,0.0,0.0,1,100.0
N. Huygevelde,Union Saint-Gilloise U21,Union Saint-Gilloise,AMF,22,0,,2,17,0,0.0,0,0.0,,,Belgium,Belgium,right,185,62,no,,,,,,,0.0,,,10.0,,0,,0,,,,0,,,0,,0,,,0.0,,,,,,,,,,,,,,,,,,,,,,,,,,,,,,,3.78,0.0,,,,,,,,,,,,,,,,,,0,,0,,0,0.0,0.0,,,,,,,,,,,0,0.0
M. Garananga,København,Mechelen,"RCB, LCB",25,0,2028-06-30,16,1434,0,0.22,0,0.75,14.37,59.83,Zimbabwe,Zimbabwe,right,186,80,no,9.98,6.28,70.0,2.95,53.19,0.38,0.45,0.63,5.21,6.18,0.82,3,0.19,0,0.0,0.5,0.0,0,0.0,0.01,0,0.0,3,0.19,33.33,0.0,0.0,0.06,0.0,0.0,0.0,0.06,0.0,0.0,1.0,43.75,2.64,47.62,0.56,0.69,0.0,31.95,0.44,0.31,45.63,89.41,19.96,82.7,4.14,90.91,17.82,97.54,40.79,93.85,4.77,52.63,18.98,30.56,0.05,0.19,0.0,0.06,0.0,0.0,0.13,3.39,61.11,0.13,50.0,0.38,33.33,0.19,0.0,6.21,64.65,0,,0,,0,0.0,0.0,0.0,,,1.76,,,0.0,0.0,0.0,0.0,0,0.0
N. Mukau,Lille,Mechelen,"RCMF, RDMF, DMF",21,0,2028-06-30,26,2100,0,0.25,0,0.07,16.16,49.34,Belgium,"Belgium, Congo DR",left,176,70,no,9.43,7.46,64.37,2.01,27.66,0.21,0.25,0.34,4.41,5.12,0.73,2,0.09,0,0.0,0.81,0.0,0,0.0,0.01,0,0.0,10,0.43,10.0,0.0,0.0,0.0,0.0,0.0,0.0,0.0,0.0,0.0,1.41,51.52,4.2,31.63,0.09,0.94,0.04,26.27,0.04,0.69,38.96,90.1,7.59,71.19,7.16,97.01,19.41,94.92,37.41,91.18,1.54,63.89,17.32,18.54,0.0,0.13,0.04,0.0,0.04,100.0,0.0,3.51,87.8,0.26,50.0,0.0,0.0,0.13,0.0,3.47,53.09,0,,0,,0,0.0,0.0,0.0,,,0.86,,,0.0,0.0,0.0,0.0,0,0.0
B. Bafdili,Mechelen,Mechelen,"AMF, CF, LAMF",21,0,2027-06-30,19,525,3,1.64,0,1.05,20.74,31.4,Belgium,Belgium,right,167,60,no,3.6,5.66,51.52,2.23,7.69,0.0,0.0,0.0,0.69,0.95,1.54,3,0.51,0,0.0,2.74,0.51,3,0.51,0.28,0,0.0,13,2.23,69.23,23.077,0.0,1.71,10.0,0.69,0.0,1.03,16.67,0.0,3.43,30.0,9.43,16.36,2.23,2.23,0.34,17.31,1.2,0.51,19.71,77.39,5.66,69.7,4.46,96.15,6.0,68.57,17.14,85.0,0.86,60.0,16.02,8.19,0.18,1.2,0.17,0.0,0.17,0.0,0.34,2.06,66.67,2.23,38.46,0.34,50.0,0.86,0.34,2.23,84.62,0,,0,,0,0.0,0.0,0.0,,,0.0,,,0.17,0.0,0.0,1.2,0,0.0
B. Antonio,Mechelen,Mechelen,"RAMF, RWB, RB",23,0,2027-06-30,12,630,3,0.97,0,0.7,18.43,44.96,Zimbabwe,Zimbabwe,right,177,72,no,5.43,4.29,56.67,1.71,58.33,0.29,0.36,0.0,2.71,3.41,0.43,0,0.0,0,0.0,6.14,0.43,3,0.43,0.14,0,0.0,8,1.14,75.0,37.5,0.0,4.86,26.47,0.57,25.0,4.14,27.59,0.57,8.57,46.67,11.57,38.27,4.43,4.57,0.71,18.0,3.43,0.86,23.14,70.37,4.14,79.31,6.71,87.23,6.43,64.44,17.14,82.5,1.29,77.78,17.84,16.61,0.1,0.43,0.57,0.0,0.14,0.0,0.29,0.86,83.33,3.0,52.38,0.29,50.0,1.14,1.0,3.86,81.48,0,,0,,0,0.0,0.0,0.0,,,0.14,,,0.0,0.0,0.0,0.0,0,0.0
E. Banzuzi,RB Leipzig,OH Leuven,"LCMF, RCMF",21,0,2030-06-30,37,2727,2,3.77,0,0.87,22.87,51.23,Netherlands,"Netherlands, Congo DR",right,178,74,no,8.18,6.37,63.73,6.86,53.37,0.5,0.59,0.3,3.63,4.29,1.72,7,0.23,0,0.0,1.22,0.07,2,0.07,0.12,1,0.03,30,0.99,40.0,6.667,0.0,0.43,23.08,0.2,33.33,0.2,0.0,0.0,1.09,63.64,5.64,40.35,1.42,0.63,0.23,16.07,0.63,1.35,27.66,79.24,8.42,63.92,5.84,89.83,8.32,84.92,24.92,82.12,2.34,59.15,16.65,29.72,0.03,0.4,0.0,0.03,0.17,20.0,0.07,3.3,65.0,0.83,48.0,0.33,40.0,0.33,0.07,4.06,58.54,0,,0,,0,0.0,0.0,0.0,,,0.56,,,0.0,0.0,0.0,0.0,0,0.0
M. Amoura,Wolfsburg,Union Saint-Gilloise,CF,26,0,2029-06-30,32,2400,18,14.67,4,4.21,21.83,39.35,Algeria,Algeria,right,170,61,no,4.2,4.13,58.18,3.56,23.16,0.49,0.66,0.11,1.31,1.77,0.94,7,0.26,0,0.0,6.71,0.68,17,0.64,0.55,2,0.08,107,4.01,43.93,16.822,0.15,3.08,34.15,2.03,35.19,1.01,33.33,0.6,7.5,51.0,11.21,41.14,5.74,3.68,2.14,16.54,2.66,0.68,20.25,65.74,4.76,59.84,4.09,81.65,5.89,59.87,16.09,71.33,1.16,70.97,16.5,17.07,0.16,0.83,0.08,0.08,0.26,28.57,0.45,1.73,58.7,2.59,46.38,0.45,33.33,0.98,1.13,2.7,83.33,0,,0,,0,0.0,0.0,0.0,,,0.15,,,0.0,0.0,0.0,0.04,1,100.0
R. Sagrado,Venezia,OH Leuven,"RWB, RB",22,0,2028-06-30,31,2408,2,1.89,1,1.82,19.81,47.92,Belgium,Belgium,right,183,79,no,7.4,7.59,60.1,3.18,30.59,0.07,0.09,0.19,2.77,3.29,1.01,5,0.19,1,0.04,2.21,0.07,2,0.07,0.07,1,0.04,17,0.64,47.06,11.765,0.04,1.64,43.18,0.22,50.0,1.42,42.11,0.19,2.47,48.48,6.47,46.24,1.2,1.2,0.6,17.68,1.57,1.83,23.06,79.74,7.48,67.5,5.27,94.33,5.98,85.0,19.92,85.93,1.57,40.48,17.0,20.56,0.07,0.45,0.04,0.0,0.11,0.0,0.3,2.21,69.49,1.23,48.48,0.11,33.33,0.19,0.64,4.07,71.56,0,,0,,0,0.0,0.0,0.0,,,0.15,,,0.0,0.0,0.0,0.04,0,0.0
N. Bassette,Coventry City,Mechelen,CF,21,0,2028-06-30,22,1027,5,3.67,0,0.34,24.1,31.64,Belgium,Belgium,left,186,74,no,3.07,3.77,39.53,6.22,35.21,0.53,0.65,0.18,1.05,1.29,1.67,1,0.09,0,0.0,3.59,0.44,5,0.44,0.32,1,0.09,27,2.37,59.26,18.519,0.0,1.4,25.0,1.05,16.67,0.35,50.0,0.0,4.03,45.65,9.46,28.7,3.15,1.49,0.96,9.03,2.1,1.49,11.39,65.38,1.49,52.94,3.59,82.93,2.98,55.88,9.81,71.43,0.35,50.0,15.66,5.48,0.03,0.35,0.0,0.0,0.0,0.0,0.35,0.96,36.36,1.14,38.46,0.09,100.0,0.44,0.26,0.88,60.0,0,,0,,0,0.0,0.0,0.0,,,0.0,,,0.0,0.0,0.0,0.0,0,0.0
N. Nsingi,La Louvière,OH Leuven,CF,25,0,2027-06-30,36,1658,3,3.68,3,2.12,20.14,37.2,Belgium,Belgium,right,176,68,no,3.42,3.26,58.33,3.47,21.88,0.0,0.0,0.0,1.52,1.82,0.98,3,0.16,0,0.0,3.37,0.16,3,0.16,0.2,0,0.0,30,1.63,43.33,10.0,0.16,2.17,27.5,1.03,31.58,1.14,23.81,0.16,3.64,55.22,9.72,39.66,2.06,1.79,0.6,10.53,2.01,1.36,17.75,70.95,4.07,58.67,4.07,92.0,4.45,71.95,14.71,77.86,0.98,55.56,15.69,13.99,0.12,0.87,0.0,0.05,0.16,33.33,0.49,1.79,51.52,1.79,42.42,0.16,33.33,0.49,0.54,2.5,69.57,0,,0,,0,0.0,0.0,0.0,,,0.0,,,0.0,0.0,0.0,0.0,0,0.0
N. Sadiki,Sunderland,Union Saint-Gilloise,"DMF, RCMF, LCMF",21,0,2030-06-30,37,1789,0,1.06,1,0.54,16.65,60.12,Belgium,"Belgium, Congo DR",right,174,74,no,10.41,8.05,74.38,1.71,55.88,0.45,0.59,0.15,3.97,5.2,0.7,1,0.05,0,0.0,1.16,0.0,0,0.0,0.05,0,0.0,9,0.45,22.22,0.0,0.05,0.55,36.36,0.3,50.0,0.25,20.0,0.1,1.16,65.22,3.87,44.16,0.75,1.06,0.45,20.63,0.3,0.91,34.96,84.46,13.03,73.75,5.58,96.4,10.82,88.84,31.39,87.98,3.02,56.67,16.59,17.01,0.03,0.35,0.05,0.0,0.1,100.0,0.15,4.38,79.31,1.31,76.92,0.3,50.0,0.7,0.2,5.28,69.52,0,,0,,0,0.0,0.0,0.0,,,0.6,,,0.0,0.0,0.0,0.05,0,0.0
D. Asare,Zulte-Waregem,Mechelen,"LDMF, DMF",22,0,2029-06-30,2,12,0,0.0,0,0.0,,,Belgium,"Belgium, Ghana",right,173,0,no,,,,,,,0.0,,,30.0,,0,,0,,,,0,,,0,,0,,,0.0,,,,,,,,,,,,,,,,,,,,,,,,,,,,,,,0.0,0.0,,,,,,,,,,,,,,,,,,0,,0,,0,0.0,0.0,,,,,,,,,,,0,0.0
D. De Neve,Blackburn Rovers,Kortrijk,"LWB, LB",25,0,2028-06-30,31,2432,2,1.08,1,2.47,20.5,50.18,Belgium,Belgium,left,180,68,no,9.62,8.66,62.82,2.85,31.17,0.0,0.0,0.07,4.18,4.85,0.48,2,0.07,0,0.0,4.37,0.07,2,0.07,0.04,0,0.0,11,0.41,45.45,18.182,0.04,5.29,32.87,5.14,32.37,0.11,33.33,0.3,3.85,62.5,6.48,47.43,1.33,2.29,1.55,21.09,2.0,0.11,31.09,67.5,9.55,52.71,5.48,95.95,9.62,67.69,23.13,78.72,2.81,40.79,20.14,32.56,0.09,0.78,0.04,0.07,0.07,50.0,0.37,2.18,54.24,4.07,40.0,0.19,40.0,0.44,1.63,6.44,58.62,0,,0,,0,0.0,0.0,0.0,,,0.26,,,0.0,0.0,0.0,0.0,0,0.0
M. Vandendaele,RWD Molenbeek,RWD Molenbeek,LCB,21,0,,2,32,0,0.0,0,0.0,,,Belgium,Belgium,left,186,0,no,,,,,,,0.0,,,7.5,,0,,0,,,,0,,,0,,0,,,0.0,,,,,,,,,,,,,,,,,,,,,,,,,,,,,,,16.9,0.0,,,,,,,,,,,,,,,,,,0,,0,,0,0.0,0.0,,,,,,,,,,,0,0.0
P. Mboup,Brest,RWD Molenbeek,"LW, RAMF, RWF",22,0,2030-06-30,22,942,2,1.39,2,0.92,30.57,33.44,Senegal,Senegal,right,175,65,no,6.21,7.26,53.95,3.34,28.57,0.29,0.37,0.1,2.01,2.61,1.62,4,0.38,0,0.0,3.54,0.19,2,0.19,0.13,0,0.0,16,1.53,37.5,12.5,0.19,1.05,18.18,0.67,14.29,0.38,25.0,0.19,5.54,50.0,15.29,29.38,2.2,2.1,0.96,16.53,1.24,0.86,22.26,80.69,4.01,54.76,5.64,94.92,6.88,84.72,19.97,85.17,1.34,57.14,18.76,24.49,0.09,0.86,0.0,0.0,0.1,0.0,0.29,1.62,41.18,1.15,50.0,0.19,0.0,0.57,0.19,2.39,56.0,0,,0,,0,0.0,0.0,0.0,,,0.19,,,0.0,0.0,0.0,0.1,0,0.0
M. Sarr,Chelsea,RWD Molenbeek,"DMF, RCB, RCMF",20,0,2033-06-30,10,740,0,0.37,0,0.45,18.61,55.56,France,"France, Senegal",right,194,80,no,9.73,6.45,73.58,2.55,61.9,0.0,0.0,0.49,4.99,6.18,0.97,1,0.12,0,0.0,2.07,0.0,0,0.0,0.05,0,0.0,6,0.73,33.33,0.0,0.0,0.85,71.43,0.36,66.67,0.49,75.0,0.24,2.19,55.56,6.81,39.29,1.34,0.61,0.24,21.16,0.12,0.73,35.03,82.99,11.55,72.63,4.62,94.74,14.72,90.08,29.07,88.7,5.11,52.38,18.91,31.19,0.06,0.36,0.12,0.0,0.0,0.0,0.0,4.26,65.71,1.58,38.46,0.36,0.0,0.0,0.61,6.32,59.62,0,,0,,0,0.0,0.0,0.0,,,1.22,,,0.0,0.0,0.0,0.0,0,0.0
C. Souanga,OH Leuven,OH Leuven,LWB,19,0,2027-06-30,1,11,0,0.0,0,0.0,,,Belgium,Belgium,right,186,75,no,,,,,,,0.0,,,0.0,,1,,0,,,,0,,,0,,0,,,0.0,,,,,,,,,,,,,,,,,,,,,,,,,,,,,,,22.2,0.0,,,,,,,,,,,,,,,,,,0,,0,,0,0.0,0.0,,,,,,,,,,,0,0.0
I. Camara,Anderlecht,RWD Molenbeek,"RWB, RB, RW",23,0,2030-06-30,28,2149,3,2.28,6,3.52,17.25,41.26,Belgium,"Belgium, Senegal",right,174,63,no,7.66,6.24,55.7,1.72,39.02,0.17,0.2,0.29,4.02,4.82,1.13,5,0.21,1,0.04,2.47,0.13,3,0.13,0.1,1,0.04,20,0.84,65.0,15.0,0.25,2.01,29.17,0.29,28.57,1.72,29.27,0.29,2.97,36.62,6.87,29.88,2.01,1.42,0.59,19.26,2.09,1.09,27.93,75.41,8.71,63.46,7.2,92.44,6.49,72.9,24.25,81.35,1.88,42.22,16.22,22.4,0.15,1.13,0.04,0.04,0.38,66.67,0.59,1.76,76.19,1.68,52.5,0.38,55.56,0.75,0.5,4.73,52.21,0,,0,,0,0.0,0.0,0.0,,,0.38,,,0.42,0.08,100.0,0.75,0,0.0
D. Doudaev,RWD Molenbeek,RWD Molenbeek,"RCB, RB",22,0,,6,246,0,0.0,0,0.0,11.71,37.5,Belgium,Belgium,right,0,0,no,8.05,6.22,47.06,2.93,50.0,1.46,1.76,0.0,3.66,4.41,0.73,0,0.0,0,0.0,0.0,0.0,0,0.0,0.0,0,0.0,0,0.0,0.0,0.0,0.0,0.37,0.0,0.0,0.0,0.37,0.0,0.0,0.0,0.0,0.73,0.0,0.0,0.37,0.0,28.54,1.1,0.37,40.98,83.04,15.73,74.42,2.2,100.0,16.83,89.13,37.68,86.41,2.93,50.0,17.51,28.27,0.0,0.0,0.0,0.0,0.0,0.0,0.0,4.02,54.55,1.83,20.0,0.73,50.0,0.37,0.0,6.95,52.63,0,,0,,0,0.0,0.0,0.0,,,1.46,,,0.0,0.0,0.0,0.0,0,0.0
S. Diallo,Knokke,RWD Molenbeek,"RCB, CB, RCMF",23,0,,6,111,0,0.0,0,0.0,22.7,42.86,Belgium,"Belgium, Guinea",right,0,0,no,10.54,12.97,37.5,4.05,80.0,1.62,1.82,1.62,4.05,4.55,1.62,1,0.81,0,0.0,0.81,0.0,0,0.0,0.0,0,0.0,0,0.0,0.0,0.0,0.0,0.0,0.0,0.0,0.0,0.0,0.0,0.0,0.81,100.0,4.05,40.0,0.0,0.0,0.0,27.57,0.0,0.0,34.86,86.05,12.97,68.75,7.3,100.0,12.97,93.75,31.62,92.31,3.24,25.0,18.23,17.16,0.0,0.0,0.0,0.0,0.0,0.0,0.0,0.81,100.0,0.0,0.0,0.0,0.0,0.0,0.0,3.24,0.0,0,,0,,0,0.0,0.0,0.0,,,3.24,,,0.0,0.0,0.0,0.0,0,0.0
J. Schingtienne,Venezia,OH Leuven,"RCB, RB",23,0,2029-06-30,35,3160,1,0.43,0,0.84,15.27,56.72,Belgium,"Belgium, Congo DR",right,188,80,no,10.31,7.49,72.62,1.59,46.43,0.03,0.03,0.51,4.84,5.43,0.68,5,0.14,0,0.0,0.83,0.03,1,0.03,0.01,0,0.0,5,0.14,40.0,20.0,0.0,0.2,14.29,0.0,0.0,0.2,14.29,0.03,1.2,61.9,4.39,35.06,0.37,1.34,0.4,19.99,0.6,0.4,31.9,86.88,11.42,77.06,4.3,96.03,11.39,93.75,29.76,89.67,1.94,51.47,18.71,26.72,0.02,0.14,0.03,0.0,0.03,0.0,0.09,2.51,64.77,0.23,75.0,0.09,33.33,0.14,0.03,3.99,59.29,0,,0,,0,0.0,0.0,0.0,,,2.36,,,0.0,0.0,0.0,0.0,0,0.0
Carlos Alberto,Al Ittihad Kalba,RWD Molenbeek,"LAMF, LWF, LW",24,0,2029-12-31,16,1143,3,3.16,2,1.0,18.19,47.19,Brazil,Brazil,right,181,75,yes,6.61,4.65,71.19,3.31,28.57,0.16,0.2,0.0,3.15,4.0,1.1,0,0.0,0,0.0,3.7,0.24,2,0.16,0.25,0,0.0,18,1.42,77.78,16.667,0.16,1.02,46.15,0.79,40.0,0.24,66.67,0.31,3.86,55.1,7.01,49.44,2.52,1.42,0.94,10.79,1.34,1.34,14.8,73.4,4.02,58.82,3.62,89.13,4.09,73.08,12.91,76.22,0.87,63.64,14.39,18.97,0.08,0.63,0.08,0.16,0.16,0.0,0.39,1.1,57.14,1.1,42.86,0.39,40.0,0.55,0.55,1.42,61.11,0,,0,,0,0.0,0.0,0.0,,,0.0,,,0.0,0.0,0.0,0.16,1,100.0
M. Biron,Batman Petrolspor,RWD Molenbeek,"CF, RWF, LW",28,0,2028-06-30,23,1998,7,7.55,1,1.45,23.56,37.67,Martinique,"Martinique, France",right,170,71,yes,5.09,5.63,59.2,1.49,9.09,0.18,0.22,0.0,1.58,1.9,1.13,2,0.09,0,0.0,3.47,0.32,6,0.27,0.34,0,0.0,51,2.3,33.33,13.725,0.05,1.35,36.67,0.54,50.0,0.81,27.78,0.27,4.01,52.81,11.85,33.08,3.47,1.98,0.86,14.46,1.58,1.31,20.41,68.65,5.68,53.97,3.96,93.18,5.86,69.23,17.84,71.97,1.26,57.14,16.35,26.19,0.07,0.68,0.05,0.0,0.63,14.29,0.41,2.25,60.0,2.43,40.74,0.9,35.0,0.95,0.45,2.75,73.77,0,,0,,0,0.0,0.0,0.0,,,0.0,,,0.05,0.0,0.0,0.18,2,50.0
I. N'Dri,Lecce,OH Leuven,"RWF, LWB, CF",25,0,,19,604,0,1.52,1,0.39,31.74,47.42,Côte d'Ivoire,Côte d'Ivoire,left,174,73,no,7.45,7.0,61.7,1.79,33.33,0.3,0.42,0.15,2.83,4.01,1.79,1,0.15,0,0.0,8.2,0.0,0,0.0,0.23,0,0.0,12,1.79,50.0,0.0,0.15,3.58,20.83,2.38,18.75,1.19,25.0,0.3,12.37,53.01,20.26,44.12,3.73,5.22,1.34,12.67,1.64,1.79,19.07,63.28,4.32,58.62,4.47,80.0,5.07,64.71,14.75,74.75,0.75,40.0,16.41,7.54,0.06,0.75,0.15,0.0,0.3,0.0,0.45,1.34,66.67,2.83,52.63,0.3,50.0,0.89,0.75,2.24,86.67,0,,0,,0,0.0,0.0,0.0,,,0.0,,,0.0,0.0,0.0,0.3,0,0.0
David Sousa,Casa Pia AC,RWD Molenbeek,LCB,25,0,2028-06-30,15,1364,1,0.69,0,0.11,18.41,62.37,Brazil,Brazil,left,192,79,no,11.41,6.73,71.57,6.47,64.29,0.59,0.78,0.73,6.0,7.89,1.45,3,0.2,0,0.0,0.79,0.07,1,0.07,0.05,1,0.07,8,0.53,62.5,12.5,0.0,0.13,100.0,0.13,100.0,0.0,0.0,0.0,0.79,41.67,2.38,38.89,0.66,0.46,0.26,27.12,0.13,0.46,42.69,80.83,19.2,69.76,2.57,89.74,17.16,90.38,34.51,87.95,8.05,50.0,21.85,35.49,0.01,0.13,0.07,0.07,0.07,0.0,0.0,6.53,65.66,0.73,63.64,0.73,36.36,0.26,0.13,9.57,63.45,0,,0,,0,0.0,0.0,0.0,,,1.58,,,0.0,0.0,0.0,0.0,0,0.0
M. Segovia,América Mineiro,RWD Molenbeek,"RW, RAMF, AMF",23,0,2026-12-31,7,346,0,0.08,1,1.09,16.39,47.62,Paraguay,Paraguay,left,165,60,yes,4.16,4.68,77.78,0.78,0.0,0.0,0.0,0.0,0.52,0.77,0.0,0,0.0,0,0.0,3.38,0.0,0,0.0,0.02,0,0.0,3,0.78,0.0,0.0,0.26,2.6,20.0,0.52,50.0,2.08,12.5,0.26,4.68,44.44,9.1,40.0,1.56,1.04,0.52,28.09,3.38,1.3,37.46,73.61,9.62,62.16,4.68,83.33,16.39,76.19,30.95,80.67,4.16,50.0,17.79,23.15,0.28,1.3,0.0,0.0,1.3,60.0,0.78,4.16,68.75,4.94,52.63,1.3,40.0,2.08,0.52,5.72,86.36,0,,0,,0,0.0,0.0,0.0,,,0.26,,,0.26,0.0,0.0,0.52,0,0.0
Rikelmi,ABC,RWD Molenbeek,"LW, LWF",24,0,,8,318,0,0.36,0,0.0,22.36,44.3,Brazil,Brazil,right,160,58,no,3.96,5.66,50.0,0.57,0.0,0.0,0.0,0.0,1.13,1.5,1.13,2,0.57,0,0.0,4.53,0.0,0,0.0,0.1,0,0.0,4,1.13,75.0,0.0,0.0,0.85,0.0,0.57,0.0,0.28,0.0,0.0,5.94,61.9,14.15,42.0,1.98,1.7,1.42,23.49,0.57,1.7,30.0,88.68,3.96,78.57,8.21,100.0,9.06,90.63,28.3,92.0,0.85,66.67,17.24,2.82,0.0,0.0,0.57,0.0,0.28,0.0,0.0,2.55,88.89,0.85,33.33,0.28,0.0,0.28,0.0,1.98,100.0,0,,0,,0,0.0,0.0,0.0,,,0.0,,,0.0,0.0,0.0,0.0,0,0.0
X. Mercier,,RWD Molenbeek,"RW, AMF, RWF",36,0,,30,1741,2,2.11,4,5.94,11.01,39.44,France,France,right,174,71,no,2.48,2.38,60.87,0.62,16.67,0.05,0.06,0.0,0.98,1.19,0.41,2,0.1,0,0.0,2.79,0.1,2,0.1,0.11,0,0.0,31,1.6,35.48,6.452,0.21,3.0,25.86,1.03,35.0,1.86,19.44,0.31,2.43,46.81,6.57,36.22,1.81,1.45,0.98,25.69,1.24,0.72,36.39,73.72,12.04,60.09,7.24,95.0,10.49,72.91,29.83,81.63,3.72,47.22,17.7,29.06,0.31,2.22,0.05,0.05,1.03,30.0,0.78,5.58,60.19,4.76,45.65,1.76,35.29,1.65,0.88,7.39,72.73,0,,0,,0,0.0,0.0,0.0,,,0.1,,,1.71,0.31,16.67,3.0,0,0.0
M. Sambu,Dender,RWD Molenbeek,"RB, RCB",30,0,2027-06-30,20,1782,0,0.03,0,1.3,18.08,55.59,Belgium,"Belgium, Angola",right,185,78,no,11.31,7.12,67.38,1.97,48.72,0.71,0.9,0.25,5.81,7.37,0.4,2,0.1,0,0.0,2.73,0.0,0,0.0,0.0,0,0.0,1,0.05,0.0,0.0,0.0,1.21,37.5,0.05,0.0,1.16,39.13,0.1,3.48,63.77,6.87,47.06,0.76,1.46,0.56,20.4,0.71,0.45,34.75,79.07,14.49,67.25,4.95,94.9,8.99,87.64,30.15,85.59,3.38,35.82,17.07,26.62,0.07,0.35,0.05,0.0,0.15,33.33,0.15,3.79,60.0,0.91,50.0,0.1,0.0,0.2,0.45,5.71,57.52,0,,0,,0,0.0,0.0,0.0,,,1.01,,,0.0,0.0,0.0,0.0,0,0.0
T. Ambrose,Kortrijk,Kortrijk,CF,29,0,2027-06-30,7,405,1,1.92,1,0.04,35.56,41.25,France,"France, Guadeloupe",right,178,75,no,5.11,4.44,65.0,8.0,36.11,0.44,0.56,0.22,1.78,2.24,1.78,0,0.0,0,0.0,4.22,0.22,1,0.22,0.43,0,0.0,13,2.89,30.77,7.692,0.22,1.56,0.0,0.89,0.0,0.67,0.0,0.22,5.56,56.0,17.78,40.0,4.89,1.33,0.22,12.89,0.89,3.11,17.33,70.51,5.78,73.08,2.0,66.67,6.44,65.52,14.67,77.27,1.11,80.0,16.0,16.7,0.01,0.22,0.22,0.0,0.22,100.0,0.22,3.33,66.67,1.78,62.5,0.22,100.0,1.33,0.22,1.56,71.43,0,,0,,0,0.0,0.0,0.0,,,0.0,,,0.0,0.0,0.0,0.0,0,0.0
E. Cobbaut,Sparta Praha,Mechelen,LCB,28,0,,30,2897,2,2.18,1,0.54,11.87,63.61,Belgium,Belgium,left,188,78,no,8.42,4.82,73.55,3.36,62.04,0.06,0.07,0.96,4.82,5.7,0.37,4,0.12,0,0.0,0.62,0.06,2,0.06,0.07,2,0.06,9,0.28,44.44,22.222,0.03,0.68,27.27,0.62,30.0,0.03,0.0,0.03,0.59,52.63,1.62,48.08,0.4,1.18,0.25,39.73,0.62,0.47,52.66,87.14,22.03,76.59,2.64,94.12,24.14,95.88,43.12,94.96,8.85,53.68,22.8,39.0,0.02,0.16,0.0,0.03,0.0,0.0,0.12,8.89,67.83,1.4,35.56,0.68,27.27,0.5,0.25,10.1,75.08,0,,0,,0,0.0,0.0,0.0,,,1.86,,,0.0,0.0,0.0,0.0,0,0.0
J. Braut Brunes,Raków Częstochowa,OH Leuven,CF,25,0,2028-06-30,31,1481,3,5.17,1,0.85,16.29,33.58,Norway,Norway,left,189,79,no,2.73,2.13,60.0,4.86,35.0,0.0,0.0,0.12,1.46,1.84,0.85,2,0.12,0,0.0,1.22,0.18,3,0.18,0.31,1,0.06,30,1.82,33.33,10.0,0.06,0.06,0.0,0.06,0.0,0.0,0.0,0.0,0.79,53.85,5.1,26.19,3.04,0.49,0.06,8.45,1.64,0.73,15.01,73.68,3.71,44.26,4.74,93.59,3.28,74.07,14.04,76.19,0.91,40.0,14.95,11.47,0.05,0.55,0.06,0.0,0.36,50.0,0.24,1.09,50.0,0.61,60.0,0.43,42.86,0.67,0.0,1.82,46.67,0,,0,,0,0.0,0.0,0.0,,,0.0,,,0.0,0.0,0.0,0.0,0,0.0
S. Mueanta,RB Omiya Ardija,OH Leuven,CF,23,0,2030-06-30,14,442,1,1.74,0,0.64,19.95,39.8,Thailand,Thailand,right,173,68,no,5.5,4.89,70.83,3.26,37.5,0.0,0.0,0.0,2.04,2.5,0.0,0,0.0,0,0.0,2.85,0.2,1,0.2,0.35,0,0.0,10,2.04,60.0,10.0,0.0,1.63,25.0,0.2,100.0,1.43,14.29,0.2,1.83,66.67,7.94,30.77,3.26,1.02,0.2,14.05,3.26,0.61,18.73,82.61,2.85,71.43,4.07,100.0,4.07,75.0,16.09,91.14,1.02,40.0,15.98,9.75,0.13,1.63,0.0,0.0,0.0,0.0,0.61,1.02,100.0,1.02,60.0,0.2,0.0,0.81,0.41,1.83,66.67,0,,0,,0,0.0,0.0,0.0,,,0.0,,,0.0,0.0,0.0,0.0,0,0.0
K. Yeboah,Minnesota United,Standard Liège,CF,26,0,2027-12-31,14,1216,6,5.71,2,0.63,23.83,36.65,Ghana,"Ghana, Italy",right,185,78,no,3.92,3.7,56.0,4.0,42.59,0.15,0.18,0.07,1.7,2.12,0.89,3,0.22,0,0.0,3.33,0.44,6,0.44,0.42,0,0.0,34,2.52,35.29,17.647,0.15,0.59,37.5,0.3,50.0,0.22,33.33,0.0,3.63,57.14,11.62,32.48,4.29,1.63,0.37,10.44,2.0,1.33,13.47,73.63,2.89,61.54,3.48,87.23,3.18,81.4,12.36,77.25,0.52,28.57,14.41,7.98,0.05,0.67,0.0,0.0,0.22,66.67,0.44,1.26,47.06,0.89,83.33,0.22,33.33,0.89,0.22,2.07,67.86,0,,0,,0,0.0,0.0,0.0,,,0.0,,,0.0,0.0,0.0,0.0,0,0.0
H. Kawabe,Sanfrecce Hiroshima,Standard Liège,"RCMF, AMF",30,0,2027-06-30,36,2943,7,4.5,8,5.24,14.16,39.09,Japan,Japan,right,178,61,no,5.47,5.05,53.94,2.02,30.3,0.34,0.41,0.12,2.42,2.97,1.04,3,0.09,0,0.0,1.9,0.21,7,0.21,0.14,0,0.0,41,1.25,46.34,17.073,0.24,1.62,30.19,0.21,0.0,1.38,33.33,0.18,1.31,51.16,4.98,33.13,1.93,0.73,0.18,21.5,0.67,1.04,29.97,78.67,9.11,66.78,6.45,94.31,8.41,78.18,25.99,84.24,2.39,50.0,17.03,29.78,0.16,1.47,0.0,0.03,0.4,38.46,0.37,4.07,69.92,2.48,51.85,0.64,47.62,0.73,0.52,4.28,70.71,0,,0,,0,0.0,0.0,0.0,,,0.21,,,1.35,0.18,16.67,3.3,0,0.0
M. Bokadi,Eupen,Standard Liège,"CB, RCB, LCB",30,0,,18,1478,1,0.85,1,0.49,15.65,59.14,Congo DR,Congo DR,right,186,82,no,9.86,4.45,78.08,3.11,68.63,0.18,0.24,0.43,6.21,8.18,0.55,0,0.0,1,0.06,1.58,0.06,1,0.06,0.05,1,0.06,7,0.43,14.29,14.286,0.06,0.18,33.33,0.12,50.0,0.06,0.0,0.0,2.07,64.71,4.87,43.75,0.91,0.91,0.0,28.62,0.12,0.61,45.61,89.05,17.78,79.79,2.01,96.97,20.64,95.87,42.02,92.61,3.41,48.21,18.68,32.7,0.03,0.06,0.0,0.0,0.12,100.0,0.12,3.35,78.18,0.55,33.33,0.24,75.0,0.18,0.06,6.39,62.86,0,,0,,0,0.0,0.0,0.0,,,1.28,,,0.0,0.0,0.0,0.0,0,0.0
A. Zeqiri,Widzew Łódź,Genk,CF,27,0,2029-06-30,30,1191,7,8.87,0,0.7,23.35,34.3,Switzerland,"Switzerland, Kosovo",left,185,81,no,3.93,3.1,41.46,6.05,30.0,0.45,0.66,0.08,2.19,3.21,1.66,4,0.3,0,0.0,3.4,0.53,6,0.45,0.67,0,0.0,57,4.31,36.84,12.281,0.0,0.6,37.5,0.45,50.0,0.15,0.0,0.08,3.1,48.78,11.03,33.56,4.84,1.28,0.38,11.11,1.06,1.28,15.04,79.9,2.49,63.64,4.99,92.42,5.06,80.6,13.83,82.51,0.68,66.67,13.55,7.95,0.05,0.3,0.0,0.0,0.08,100.0,0.15,1.28,58.82,0.53,71.43,0.08,100.0,0.38,0.23,1.44,68.42,0,,0,,0,0.0,0.0,0.0,,,0.15,,,0.23,0.15,50.0,0.08,1,100.0
A. Koita,AEK Athens,Sint-Truiden,"LWF, AMF, CF",27,0,2029-06-30,37,3115,15,11.65,2,4.97,25.08,45.85,Mauritania,"Mauritania, Belgium",right,175,69,no,5.75,5.17,51.4,1.01,31.43,0.66,0.91,0.03,2.43,3.32,1.1,6,0.17,0,0.0,7.22,0.43,12,0.35,0.34,0,0.0,135,3.9,37.78,11.111,0.06,1.27,20.45,1.18,19.51,0.09,33.33,0.14,8.78,59.21,16.41,46.83,2.46,3.55,0.95,21.47,1.7,2.37,27.65,82.45,6.36,72.27,6.7,94.4,9.01,83.01,24.65,87.69,1.82,50.79,17.96,30.33,0.14,1.24,0.06,0.0,0.58,50.0,0.43,3.15,77.98,2.08,58.33,0.75,38.46,1.01,0.29,4.3,78.52,0,,0,,0,0.0,0.0,0.0,,,0.2,,,0.78,0.58,40.0,1.85,5,60.0
Á. Preciado,Atlético Mineiro,Genk,"RB, LW",28,0,2029-12-31,2,72,0,0.22,0,0.0,27.5,40.91,Ecuador,Ecuador,right,173,74,no,0.0,7.5,0.0,7.5,83.33,0.0,0.0,0.0,0.0,0.0,2.5,0,0.0,0,0.0,7.5,0.0,0,0.0,0.28,0,0.0,2,2.5,0.0,0.0,0.0,5.0,75.0,0.0,0.0,5.0,75.0,0.0,7.5,50.0,11.25,33.33,5.0,3.75,6.25,51.25,3.75,1.25,60.0,89.58,28.75,95.65,5.0,100.0,22.5,83.33,52.5,92.86,5.0,50.0,9.54,20.07,0.0,0.0,0.0,0.0,0.0,0.0,0.0,16.25,100.0,3.75,33.33,1.25,0.0,0.0,1.25,20.0,100.0,0,,0,,0,0.0,0.0,0.0,,,1.25,,,0.0,0.0,0.0,0.0,0,0.0
C. Makosso,Auxerre,RWD Molenbeek,"RCB, CB",22,0,2030-06-30,10,1008,0,0.41,0,0.07,18.39,59.71,Congo,Congo,right,192,0,no,13.3,8.04,63.33,5.18,55.17,0.09,0.12,0.89,8.13,10.96,0.89,2,0.18,0,0.0,0.63,0.0,0,0.0,0.04,0,0.0,3,0.27,0.0,0.0,0.0,0.09,0.0,0.0,0.0,0.09,0.0,0.0,0.71,87.5,2.32,53.85,0.63,0.27,0.0,23.21,0.27,0.63,38.39,79.3,17.41,64.1,2.05,100.0,16.61,93.55,30.0,88.1,8.3,48.39,24.39,36.73,0.01,0.09,0.0,0.0,0.0,0.0,0.0,3.57,62.5,0.27,0.0,0.36,0.0,0.0,0.0,8.04,53.33,0,,0,,0,0.0,0.0,0.0,,,1.88,,,0.0,0.0,0.0,0.0,0,0.0
H. Cuypers,Chicago Fire,Gent,CF,29,0,2029-06-30,20,1781,6,10.03,0,0.67,22.08,37.76,Belgium,Belgium,right,185,78,no,4.9,4.7,58.06,6.06,36.67,0.25,0.37,0.0,1.92,2.78,0.66,2,0.1,0,0.0,2.38,0.3,5,0.25,0.51,3,0.15,46,2.32,41.3,13.043,0.0,1.01,35.0,0.76,40.0,0.25,20.0,0.05,2.22,38.64,7.53,32.21,4.6,0.96,0.71,13.85,2.22,1.26,20.11,76.63,4.24,61.9,6.17,93.44,4.75,79.79,18.39,79.4,0.76,66.67,15.37,18.73,0.03,0.35,0.0,0.0,0.56,36.36,0.2,1.47,58.62,1.67,66.67,0.56,36.36,1.01,0.25,2.78,74.55,0,,0,,0,0.0,0.0,0.0,,,0.0,,,0.0,0.0,0.0,0.0,3,33.333
F. Ferraro,Dender,RWD Molenbeek,LAMF,23,0,2029-06-30,1,16,0,0.0,0,0.0,,,Belgium,"Belgium, Italy",left,180,73,no,,,,,,,0.0,,,0.0,,0,,0,,,,0,,,0,,0,,,0.0,,,,,,,,,,,,,,,,,,,,,,,,,,,,,,,13.71,0.0,,,,,,,,,,,,,,,,,,0,,0,,0,0.0,0.0,,,,,,,,,,,0,0.0
S. Benjdida,Al Ahly,Standard Liège,"CF, RAMF",24,0,2030-06-30,2,66,1,0.58,0,0.0,36.82,44.44,Morocco,Morocco,right,178,75,no,10.91,12.27,77.78,9.55,28.57,1.36,1.36,0.0,0.0,0.0,0.0,0,0.0,0,0.0,5.45,1.36,1,1.36,0.79,0,0.0,4,5.45,50.0,25.0,0.0,1.36,0.0,0.0,0.0,1.36,0.0,0.0,4.09,66.67,9.55,28.57,5.45,1.36,0.0,5.45,1.36,0.0,10.91,50.0,2.73,0.0,4.09,66.67,2.73,100.0,9.55,57.14,0.0,0.0,27.91,0.0,0.0,0.0,0.0,0.0,0.0,0.0,0.0,1.36,0.0,0.0,0.0,0.0,0.0,0.0,0.0,0.0,0.0,0,,0,,0,0.0,0.0,0.0,,,0.0,,,0.0,0.0,0.0,0.0,0,0.0
N. Mehssatou,Kortrijk,Kortrijk,"RB, RWB",24,0,2029-06-30,32,2672,1,1.32,0,2.32,18.02,48.6,Belgium,"Belgium, Chile",right,173,70,no,8.25,8.18,60.91,1.35,30.0,0.24,0.26,0.2,3.03,3.38,0.94,7,0.24,0,0.0,2.22,0.03,1,0.03,0.04,0,0.0,15,0.51,13.33,6.667,0.0,2.36,45.71,0.37,36.36,1.99,47.46,0.17,2.16,50.0,6.0,41.01,0.77,1.31,0.47,23.41,1.11,0.98,33.14,78.25,12.23,70.25,5.39,92.5,9.8,82.13,26.78,85.28,4.04,50.0,17.79,30.23,0.08,0.64,0.0,0.03,0.07,0.0,0.34,3.6,73.83,2.63,57.69,0.4,41.67,0.51,1.08,7.11,66.35,0,,0,,0,0.0,0.0,0.0,,,0.37,,,0.1,0.0,0.0,0.74,0,0.0
F. Soelle Soelle,Sint-Truiden,RWD Molenbeek,CF,20,0,2028-06-30,6,121,0,0.02,0,0.11,19.34,23.08,Belgium,Belgium,left,190,73,no,2.23,3.72,40.0,8.93,8.33,0.0,0.0,0.0,0.74,1.11,1.49,0,0.0,0,0.0,0.0,0.0,0,0.0,0.01,0,0.0,1,0.74,0.0,0.0,0.0,0.0,0.0,0.0,0.0,0.0,0.0,0.0,1.49,0.0,2.23,33.33,3.72,0.74,0.0,8.18,0.0,0.0,12.64,94.12,1.49,100.0,5.95,100.0,2.23,100.0,12.64,94.12,0.0,0.0,11.54,0.0,0.08,0.74,0.0,0.0,0.0,0.0,0.74,0.0,0.0,0.0,0.0,0.0,0.0,1.49,0.0,0.74,100.0,0,,0,,0,0.0,0.0,0.0,,,0.0,,,0.0,0.0,0.0,0.0,0,0.0
Víctor Barberá,Real Valladolid,Club Brugge,"CF, RAMF, AMF",21,0,2029-06-30,4,47,0,0.06,0,0.0,24.89,30.77,Spain,Spain,right,177,66,no,7.66,7.66,50.0,3.83,100.0,0.0,0.0,0.0,3.83,7.5,1.91,0,0.0,0,0.0,0.0,0.0,0,0.0,0.11,0,0.0,1,1.91,0.0,0.0,0.0,1.91,0.0,0.0,0.0,1.91,0.0,1.91,1.91,0.0,11.49,0.0,1.91,0.0,0.0,17.23,3.83,0.0,19.15,60.0,0.0,0.0,5.74,100.0,5.74,33.33,17.23,66.67,0.0,0.0,8.45,0.0,0.0,0.0,0.0,0.0,0.0,0.0,0.0,0.0,0.0,1.91,0.0,0.0,0.0,0.0,0.0,0.0,0.0,0,,0,,0,0.0,0.0,0.0,,,1.91,,,0.0,0.0,0.0,0.0,0,0.0
R. Ure,Sirius,Anderlecht,RCMF,22,0,2031-06-30,1,8,0,0.0,0,0.0,,,Scotland,Scotland,right,189,0,no,,,,,,,0.0,,,0.0,,0,,0,,,,0,,,0,,0,,,0.0,,,,,,,,,,,,,,,,,,,,,,,,,,,,,,,0.0,0.0,,,,,,,,,,,,,,,,,,0,,0,,0,0.0,0.0,,,,,,,,,,,0,0.0
K. Kangwa,Hapoel Be'er Sheva,Kortrijk,RCMF,27,0,2030-06-30,10,652,0,0.42,2,1.2,20.98,50.0,Zambia,Zambia,right,170,64,no,8.56,6.9,62.0,3.59,30.77,0.41,0.54,0.14,3.87,5.0,0.41,0,0.0,0,0.0,3.87,0.0,0,0.0,0.06,0,0.0,11,1.52,36.36,0.0,0.28,2.21,31.25,0.69,40.0,1.52,27.27,0.28,3.04,77.27,8.14,50.85,1.38,1.66,0.14,31.89,0.83,1.24,49.69,81.94,13.39,65.98,9.25,95.52,18.91,89.05,43.62,85.76,3.87,67.86,19.21,33.92,0.17,1.1,0.14,0.0,0.41,66.67,0.69,7.45,66.67,3.04,50.0,0.83,50.0,1.1,0.69,6.35,82.61,0,,0,,0,0.0,0.0,0.0,,,0.55,,,0.0,0.0,0.0,0.0,0,0.0
L. Montegnies,Mons,Kortrijk,"LCMF, LDMF, RCMF",20,0,2027-06-30,3,183,0,0.0,0,0.0,16.23,48.48,Belgium,Belgium,right,0,0,no,12.3,11.31,56.52,0.98,50.0,0.0,0.0,0.49,5.9,5.71,1.48,1,0.49,0,0.0,0.0,0.0,0,0.0,0.0,0,0.0,0,0.0,0.0,0.0,0.0,0.0,0.0,0.0,0.0,0.0,0.0,0.0,0.49,0.0,1.48,0.0,0.0,0.49,0.0,28.03,0.0,0.0,40.82,77.11,13.28,66.67,5.41,72.73,18.2,86.49,35.9,83.56,4.92,30.0,18.87,29.04,0.0,0.0,0.49,0.0,0.0,0.0,0.0,7.87,62.5,0.98,50.0,0.0,0.0,0.0,0.0,6.39,69.23,0,,0,,0,0.0,0.0,0.0,,,0.98,,,0.0,0.0,0.0,0.0,0,0.0
J. Van Hecke,,Mechelen,"RB, LDMF, RWB",24,0,,22,566,0,0.31,0,0.55,18.45,49.14,Belgium,Belgium,right,180,65,no,9.86,8.59,59.26,3.02,42.11,0.32,0.48,0.16,4.45,6.67,0.8,1,0.16,0,0.0,1.75,0.0,0,0.0,0.05,0,0.0,3,0.48,33.33,0.0,0.0,3.34,28.57,0.0,0.0,3.18,25.0,0.0,1.27,50.0,3.02,26.32,0.48,2.07,0.64,30.21,0.95,0.95,46.27,78.35,16.54,67.31,6.68,100.0,12.88,88.89,40.07,85.32,2.86,38.89,14.29,11.49,0.09,0.95,0.0,0.16,0.16,0.0,0.64,5.72,75.0,2.7,47.06,0.16,0.0,0.48,1.27,8.27,63.46,0,,0,,0,0.0,0.0,0.0,,,0.8,,,0.0,0.0,0.0,0.0,0,0.0
K. Karetsas,Genk,Genk,"AMF, RCMF, RW",18,0,2031-06-30,4,184,0,0.07,0,0.09,21.52,45.45,Belgium,"Belgium, Greece",left,171,59,no,4.4,5.87,58.33,0.49,0.0,0.0,0.0,0.49,0.98,1.4,0.0,0,0.0,0,0.0,4.89,0.0,0,0.0,0.03,0,0.0,3,1.47,33.33,0.0,0.0,2.93,16.67,1.47,0.0,1.47,33.33,0.98,4.89,70.0,13.21,44.44,1.96,1.47,0.98,21.03,0.49,2.45,29.84,86.89,7.34,93.33,7.83,93.75,8.32,70.59,26.9,94.55,0.0,0.0,17.48,0.0,0.04,0.98,0.0,0.0,0.98,50.0,0.49,2.93,100.0,3.91,50.0,0.49,0.0,1.47,0.98,5.38,90.91,0,,0,,0,0.0,0.0,0.0,,,0.0,,,0.98,0.0,0.0,2.45,0,0.0
T. Adaramola,,RWD Molenbeek,"LB, LWB",22,0,,14,951,0,0.07,0,0.39,24.23,50.39,Republic of Ireland,"Republic of Ireland, Nigeria",left,177,69,no,10.32,9.75,62.14,2.18,39.13,0.0,0.0,0.19,4.26,5.36,1.51,1,0.09,0,0.0,3.31,0.0,0,0.0,0.01,0,0.0,2,0.19,0.0,0.0,0.0,2.93,38.71,2.93,38.71,0.0,0.0,0.28,4.26,51.11,9.37,43.43,0.85,3.31,1.8,21.48,1.51,1.14,33.88,79.89,12.3,73.85,6.15,95.38,7.85,77.11,27.82,87.41,3.31,51.43,17.21,22.48,0.04,0.38,0.0,0.0,0.19,0.0,0.28,2.93,77.42,2.27,62.5,0.28,33.33,0.47,1.14,6.25,62.12,0,,0,,0,0.0,0.0,0.0,,,0.28,,,0.0,0.0,0.0,0.0,0,0.0
K. Rodríguez,Union Saint-Gilloise,Union Saint-Gilloise,"CF, AMF",26,0,2029-06-30,19,599,3,4.47,1,1.17,32.0,38.03,Ecuador,Ecuador,right,190,72,no,4.06,4.21,57.14,7.06,31.91,0.15,0.22,0.15,1.5,2.19,1.05,1,0.15,0,0.0,5.56,0.45,3,0.45,0.67,0,0.0,25,3.76,56.0,12.0,0.15,0.6,50.0,0.0,0.0,0.6,50.0,0.15,5.11,58.82,16.83,36.61,4.96,2.55,0.9,12.32,1.5,2.1,19.38,76.74,4.81,62.5,4.96,93.94,4.81,71.88,18.18,77.69,0.6,75.0,12.94,8.9,0.18,0.75,0.0,0.0,0.3,50.0,0.3,1.8,83.33,1.5,70.0,0.3,50.0,1.5,0.3,2.4,62.5,0,,0,,0,0.0,0.0,0.0,,,0.0,,,0.0,0.0,0.0,0.0,1,0.0
